dataset,run,arraylength,time,cputime,memory
randomArrays,1,469,7.85,15.63,0.00
randomArrays,1,783,2.90,0.00,0.00
randomArrays,1,464,1.16,0.00,0.00
randomArrays,1,267,0.24,0.00,0.00
randomArrays,1,828,1.54,0.00,0.00
randomArrays,1,607,0.92,0.00,0.00
randomArrays,1,319,0.26,0.00,0.00
randomArrays,1,431,0.47,0.00,0.00
randomArrays,1,941,2.36,0.00,0.00
randomArrays,1,937,2.46,0.00,0.00
randomArrays,1,619,2.45,0.00,0.00
randomArrays,1,370,0.78,0.00,0.00
randomArrays,1,478,1.09,0.00,0.00
randomArrays,1,107,0.07,0.00,0.00
randomArrays,1,910,1.56,0.00,0.00
randomArrays,1,381,0.37,0.00,0.00
randomArrays,1,699,1.04,0.00,0.00
randomArrays,1,452,0.48,0.00,0.00
randomArrays,1,882,1.80,0.00,0.00
randomArrays,1,697,1.35,0.00,0.00
randomArrays,1,39,0.03,0.00,0.00
randomArrays,1,382,0.44,0.00,0.00
randomArrays,1,980,1.99,0.00,0.00
randomArrays,1,202,0.15,0.00,0.00
randomArrays,1,674,1.11,0.00,0.00
randomArrays,1,184,0.12,0.00,0.00
randomArrays,1,853,1.51,0.00,0.00
randomArrays,1,101,0.05,0.00,0.00
randomArrays,1,329,0.30,0.00,0.00
randomArrays,1,837,1.56,0.00,0.00
randomArrays,1,952,2.30,15.63,0.00
randomArrays,1,676,1.18,15.63,0.00
randomArrays,1,248,0.26,0.00,0.00
randomArrays,1,845,1.74,0.00,0.00
randomArrays,1,707,1.26,0.00,0.00
randomArrays,1,458,0.50,0.00,0.00
randomArrays,1,219,0.17,0.00,0.00
randomArrays,1,268,0.26,0.00,0.00
randomArrays,1,201,0.13,0.00,0.00
randomArrays,1,520,0.66,0.00,0.00
randomArrays,1,832,1.69,0.00,0.00
randomArrays,1,800,1.71,0.00,0.00
randomArrays,1,753,1.33,0.00,0.00
randomArrays,1,286,0.25,0.00,0.00
randomArrays,1,841,1.60,0.00,0.00
randomArrays,1,240,0.21,0.00,0.00
randomArrays,1,370,0.37,0.00,0.00
randomArrays,1,287,0.25,0.00,0.00
randomArrays,1,89,0.06,0.00,0.00
randomArrays,1,881,1.56,0.00,0.00
randomArrays,1,187,0.13,0.00,0.00
randomArrays,1,373,0.44,0.00,0.00
randomArrays,1,194,0.31,0.00,0.00
randomArrays,1,382,0.39,0.00,0.00
randomArrays,1,826,1.61,0.00,0.00
randomArrays,1,781,1.53,0.00,0.00
randomArrays,1,814,1.55,0.00,0.00
randomArrays,1,525,0.61,0.00,0.00
randomArrays,1,136,0.08,0.00,0.00
randomArrays,1,454,0.58,0.00,0.00
randomArrays,1,563,1.08,0.00,0.00
randomArrays,1,226,0.20,0.00,0.00
randomArrays,1,345,0.42,0.00,0.00
randomArrays,1,514,0.64,0.00,0.00
randomArrays,1,871,1.56,0.00,0.00
randomArrays,1,939,1.75,0.00,0.00
randomArrays,1,397,0.41,0.00,0.00
randomArrays,1,429,0.45,0.00,0.00
randomArrays,1,421,0.54,0.00,0.00
randomArrays,1,747,1.23,0.00,0.00
randomArrays,1,19,0.02,0.00,0.00
randomArrays,1,74,0.04,0.00,0.00
randomArrays,1,259,0.30,0.00,0.00
randomArrays,1,846,1.80,0.00,0.00
randomArrays,1,789,1.39,0.00,0.00
randomArrays,1,671,1.07,0.00,0.00
randomArrays,1,368,0.37,0.00,0.00
randomArrays,1,448,0.44,0.00,0.00
randomArrays,1,237,0.17,0.00,0.00
randomArrays,1,627,0.97,0.00,0.00
randomArrays,1,584,1.03,0.00,0.00
randomArrays,1,328,0.35,0.00,0.00
randomArrays,1,606,0.99,0.00,0.00
randomArrays,1,563,1.12,0.00,0.00
randomArrays,1,774,1.61,0.00,0.00
randomArrays,1,206,0.15,0.00,0.00
randomArrays,1,907,1.79,0.00,0.00
randomArrays,1,37,0.03,0.00,0.00
randomArrays,1,878,1.82,0.00,0.00
randomArrays,1,284,0.21,0.00,0.00
randomArrays,1,853,1.32,0.00,0.00
randomArrays,1,247,0.18,0.00,0.00
randomArrays,1,241,0.22,0.00,0.00
randomArrays,1,348,0.37,0.00,0.00
randomArrays,1,814,1.97,0.00,0.00
randomArrays,1,245,0.21,0.00,0.00
randomArrays,1,335,0.28,0.00,0.00
randomArrays,1,497,1.13,0.00,0.00
randomArrays,1,280,0.23,0.00,0.00
randomArrays,1,664,1.06,0.00,0.00
randomArrays,1,523,0.64,0.00,0.00
randomArrays,1,841,1.17,0.00,0.00
randomArrays,1,290,0.23,0.00,0.00
randomArrays,1,158,0.12,0.00,0.00
randomArrays,1,783,1.22,0.00,0.00
randomArrays,1,638,0.98,15.63,0.00
randomArrays,1,314,0.25,0.00,0.00
randomArrays,1,484,0.64,0.00,0.00
randomArrays,1,972,2.02,0.00,0.00
randomArrays,1,652,0.97,0.00,0.00
randomArrays,1,543,0.95,0.00,0.00
randomArrays,1,487,0.66,0.00,0.00
randomArrays,1,686,1.04,0.00,0.00
randomArrays,1,183,0.14,0.00,0.00
randomArrays,1,572,0.75,0.00,0.00
randomArrays,1,747,1.25,0.00,0.00
randomArrays,1,780,1.39,0.00,0.00
randomArrays,1,828,1.39,0.00,0.00
randomArrays,1,591,0.90,0.00,0.00
randomArrays,1,415,0.47,0.00,0.00
randomArrays,1,648,0.94,0.00,0.00
randomArrays,1,204,0.15,0.00,0.00
randomArrays,1,510,0.72,0.00,0.00
randomArrays,1,422,0.42,0.00,0.00
randomArrays,1,541,0.62,0.00,0.00
randomArrays,1,875,1.51,0.00,0.00
randomArrays,1,742,1.38,0.00,0.00
randomArrays,1,384,0.43,0.00,0.00
randomArrays,1,266,0.22,0.00,0.00
randomArrays,1,137,0.09,0.00,0.00
randomArrays,1,970,1.96,0.00,0.00
randomArrays,1,685,0.95,0.00,0.00
randomArrays,1,665,1.09,0.00,0.00
randomArrays,1,319,0.34,0.00,0.00
randomArrays,1,808,1.24,0.00,0.00
randomArrays,1,143,0.11,0.00,0.00
randomArrays,1,147,0.08,0.00,0.00
randomArrays,1,929,1.89,0.00,0.00
randomArrays,1,906,1.74,0.00,0.00
randomArrays,1,425,0.65,0.00,0.00
randomArrays,1,736,1.57,0.00,0.00
randomArrays,1,65,0.04,0.00,0.00
randomArrays,1,305,0.20,0.00,0.00
randomArrays,1,194,0.12,0.00,0.00
randomArrays,1,545,0.82,0.00,0.00
randomArrays,1,49,0.03,0.00,0.00
randomArrays,1,731,1.45,0.00,0.00
randomArrays,1,712,1.30,0.00,0.00
randomArrays,1,732,1.11,0.00,0.00
randomArrays,1,57,0.03,0.00,0.00
randomArrays,1,983,2.21,0.00,0.00
randomArrays,1,345,0.40,0.00,0.00
randomArrays,1,152,0.10,0.00,0.00
randomArrays,1,963,1.93,0.00,0.00
randomArrays,1,544,0.83,0.00,0.00
randomArrays,1,870,1.50,15.63,0.00
randomArrays,1,557,0.69,0.00,0.00
randomArrays,1,168,0.11,0.00,0.00
randomArrays,1,373,0.34,0.00,0.00
randomArrays,1,416,0.45,0.00,0.00
randomArrays,1,942,1.73,0.00,0.00
randomArrays,1,966,1.81,0.00,0.00
randomArrays,1,363,0.34,0.00,0.00
randomArrays,1,955,1.83,0.00,0.00
randomArrays,1,626,0.83,0.00,0.00
randomArrays,1,948,2.09,0.00,0.00
randomArrays,1,193,0.12,0.00,0.00
randomArrays,1,361,0.37,0.00,0.00
randomArrays,1,195,0.14,0.00,0.00
randomArrays,1,905,1.68,0.00,0.00
randomArrays,1,105,0.06,0.00,0.00
randomArrays,1,750,1.32,0.00,0.00
randomArrays,1,565,1.01,0.00,0.00
randomArrays,1,538,0.66,0.00,0.00
randomArrays,1,488,0.63,0.00,0.00
randomArrays,1,30,0.02,0.00,0.00
randomArrays,1,554,0.93,0.00,0.00
randomArrays,1,407,0.39,0.00,0.00
randomArrays,1,958,2.10,0.00,0.00
randomArrays,1,137,0.08,0.00,0.00
randomArrays,1,101,0.05,0.00,0.00
randomArrays,1,633,0.85,0.00,0.00
randomArrays,1,44,0.05,0.00,0.00
randomArrays,1,738,1.14,0.00,0.00
randomArrays,1,763,1.23,0.00,0.00
randomArrays,1,319,0.31,0.00,0.00
randomArrays,1,682,1.07,0.00,0.00
randomArrays,1,820,1.61,0.00,0.00
randomArrays,1,896,1.81,0.00,0.00
randomArrays,1,712,1.44,0.00,0.00
randomArrays,1,554,0.83,0.00,0.00
randomArrays,1,940,2.24,0.00,0.00
randomArrays,1,787,1.45,0.00,0.00
randomArrays,1,255,0.25,0.00,0.00
randomArrays,1,135,0.08,0.00,0.00
randomArrays,1,546,0.71,0.00,0.00
randomArrays,1,643,1.19,0.00,0.00
randomArrays,1,197,0.12,0.00,0.00
randomArrays,1,643,0.67,0.00,0.00
randomArrays,1,858,1.84,0.00,0.00
randomArrays,1,134,0.08,0.00,0.00
randomArrays,1,133,0.08,0.00,0.00
randomArrays,1,317,0.29,0.00,0.00
randomArrays,1,312,0.33,0.00,0.00
randomArrays,1,160,0.09,0.00,0.00
randomArrays,1,838,1.10,0.00,0.00
randomArrays,1,316,0.29,0.00,0.00
randomArrays,1,111,0.06,0.00,0.00
randomArrays,1,530,0.68,15.63,0.00
randomArrays,1,827,1.58,0.00,0.00
randomArrays,1,994,1.73,0.00,0.00
randomArrays,1,348,0.36,0.00,0.00
randomArrays,1,652,1.64,0.00,0.00
randomArrays,1,339,0.34,0.00,0.00
randomArrays,1,908,1.79,0.00,0.00
randomArrays,1,655,0.86,0.00,0.00
randomArrays,1,899,1.64,15.63,0.00
randomArrays,1,377,0.43,0.00,0.00
randomArrays,1,793,1.32,0.00,0.00
randomArrays,1,12,0.02,0.00,0.00
randomArrays,1,236,0.19,0.00,0.00
randomArrays,1,851,1.45,0.00,0.00
randomArrays,1,462,0.50,0.00,0.00
randomArrays,1,49,0.03,0.00,0.00
randomArrays,1,649,1.06,0.00,0.00
randomArrays,1,299,0.32,0.00,0.00
randomArrays,1,796,1.35,0.00,0.00
randomArrays,1,227,0.16,0.00,0.00
randomArrays,1,929,1.53,0.00,0.00
randomArrays,1,166,0.10,0.00,0.00
randomArrays,1,277,0.31,0.00,0.00
randomArrays,1,179,0.10,0.00,0.00
randomArrays,1,809,1.42,0.00,0.00
randomArrays,1,232,0.17,0.00,0.00
randomArrays,1,247,0.16,0.00,0.00
randomArrays,1,99,0.06,0.00,0.00
randomArrays,1,649,1.06,0.00,0.00
randomArrays,1,15,0.02,0.00,0.00
randomArrays,1,646,0.84,0.00,0.00
randomArrays,1,463,0.95,0.00,0.00
randomArrays,1,587,0.99,0.00,0.00
randomArrays,1,898,1.94,0.00,0.00
randomArrays,1,643,0.94,0.00,0.00
randomArrays,1,840,1.64,0.00,0.00
randomArrays,1,708,1.41,0.00,0.00
randomArrays,1,214,0.16,0.00,0.00
randomArrays,1,565,0.81,0.00,0.00
randomArrays,1,157,0.08,0.00,0.00
randomArrays,1,265,0.21,0.00,0.00
randomArrays,1,171,0.11,0.00,0.00
randomArrays,1,136,0.09,0.00,0.00
randomArrays,1,290,0.26,0.00,0.00
randomArrays,1,96,0.05,0.00,0.00
randomArrays,1,11,0.02,0.00,0.00
randomArrays,1,311,0.28,0.00,0.00
randomArrays,1,566,0.86,0.00,0.00
randomArrays,1,328,0.33,0.00,0.00
randomArrays,1,358,0.35,0.00,0.00
randomArrays,1,674,1.06,0.00,0.00
randomArrays,1,490,0.69,0.00,0.00
randomArrays,1,36,0.02,0.00,0.00
randomArrays,1,408,0.40,0.00,0.00
randomArrays,1,49,0.02,0.00,0.00
randomArrays,1,581,0.76,0.00,0.00
randomArrays,1,879,1.68,0.00,0.00
randomArrays,1,61,0.03,0.00,0.00
randomArrays,1,656,1.09,0.00,0.00
randomArrays,1,411,0.43,0.00,0.00
randomArrays,1,361,0.35,0.00,0.00
randomArrays,1,994,2.26,0.00,0.00
randomArrays,1,416,0.46,0.00,0.00
randomArrays,1,966,1.62,0.00,0.00
randomArrays,1,92,0.05,0.00,0.00
randomArrays,1,429,0.34,0.00,0.00
randomArrays,1,658,0.78,0.00,0.00
randomArrays,1,877,1.65,0.00,0.00
randomArrays,1,780,1.35,0.00,0.00
randomArrays,1,669,0.96,0.00,0.00
randomArrays,1,394,0.44,0.00,0.00
randomArrays,1,892,1.64,0.00,0.00
randomArrays,1,180,0.09,0.00,0.00
randomArrays,1,829,1.44,0.00,0.00
randomArrays,1,255,0.17,0.00,0.00
randomArrays,1,374,0.32,0.00,0.00
randomArrays,1,37,0.02,0.00,0.00
randomArrays,1,919,1.77,15.63,0.00
randomArrays,1,850,1.42,15.63,0.00
randomArrays,1,930,2.00,0.00,0.00
randomArrays,1,419,0.42,0.00,0.00
randomArrays,1,720,0.88,0.00,0.00
randomArrays,1,378,0.50,0.00,0.00
randomArrays,1,815,1.30,0.00,0.00
randomArrays,1,566,0.63,0.00,0.00
randomArrays,1,623,1.06,0.00,0.00
randomArrays,1,597,0.84,0.00,0.00
randomArrays,1,148,0.09,0.00,0.00
randomArrays,1,580,0.94,0.00,0.00
randomArrays,1,244,0.22,0.00,0.00
randomArrays,1,703,1.15,0.00,0.00
randomArrays,1,743,1.65,0.00,0.00
randomArrays,1,923,1.81,0.00,0.00
randomArrays,1,284,0.24,0.00,0.00
randomArrays,1,35,0.02,0.00,0.00
randomArrays,1,941,1.49,0.00,0.00
randomArrays,1,39,0.03,0.00,0.00
randomArrays,1,276,0.27,0.00,0.00
randomArrays,1,494,0.89,0.00,0.00
randomArrays,1,547,0.77,0.00,0.00
randomArrays,1,837,1.67,0.00,0.00
randomArrays,1,183,0.12,0.00,0.00
randomArrays,1,360,0.36,0.00,0.00
randomArrays,1,627,1.12,0.00,0.00
randomArrays,1,833,1.61,0.00,0.00
randomArrays,1,491,0.68,0.00,0.00
randomArrays,1,623,0.86,0.00,0.00
randomArrays,1,850,1.44,0.00,0.00
randomArrays,1,35,0.02,0.00,0.00
randomArrays,1,584,0.91,0.00,0.00
randomArrays,1,34,0.03,0.00,0.00
randomArrays,1,335,0.35,0.00,0.00
randomArrays,1,145,0.11,0.00,0.00
randomArrays,1,61,0.03,0.00,0.00
randomArrays,1,88,0.04,0.00,0.00
randomArrays,1,442,0.49,0.00,0.00
randomArrays,1,729,1.41,0.00,0.00
randomArrays,1,312,0.35,0.00,0.00
randomArrays,1,620,0.98,0.00,0.00
randomArrays,1,77,0.04,0.00,0.00
randomArrays,1,784,1.52,0.00,0.00
randomArrays,1,720,1.37,0.00,0.00
randomArrays,1,796,1.48,0.00,0.00
randomArrays,1,81,0.04,0.00,0.00
randomArrays,1,900,1.57,15.63,0.00
randomArrays,1,570,0.92,0.00,0.00
randomArrays,1,749,1.14,0.00,0.00
randomArrays,1,723,1.41,0.00,0.00
randomArrays,1,54,0.03,0.00,0.00
randomArrays,1,261,0.20,0.00,0.00
randomArrays,1,831,1.69,0.00,0.00
randomArrays,1,133,0.08,0.00,0.00
randomArrays,1,165,0.10,0.00,0.00
randomArrays,1,441,0.48,0.00,0.00
randomArrays,1,782,1.48,0.00,0.00
randomArrays,1,384,0.42,0.00,0.00
randomArrays,1,283,0.25,0.00,0.00
randomArrays,1,71,0.07,0.00,0.00
randomArrays,1,374,0.30,0.00,0.00
randomArrays,1,204,0.15,0.00,0.00
randomArrays,1,437,0.51,0.00,0.00
randomArrays,1,662,1.12,0.00,0.00
randomArrays,1,821,1.81,0.00,0.00
randomArrays,1,198,0.13,0.00,0.00
randomArrays,1,776,1.22,0.00,0.00
randomArrays,1,124,0.12,0.00,0.00
randomArrays,1,202,0.14,0.00,0.00
randomArrays,1,806,1.37,0.00,0.00
randomArrays,1,448,0.63,0.00,0.00
randomArrays,1,383,0.33,0.00,0.00
randomArrays,1,992,1.97,0.00,0.00
randomArrays,1,714,1.63,0.00,0.00
randomArrays,1,528,0.81,0.00,0.00
randomArrays,1,137,0.17,0.00,0.00
randomArrays,1,122,0.06,0.00,0.00
randomArrays,1,883,1.72,0.00,0.00
randomArrays,1,614,1.24,0.00,0.00
randomArrays,1,841,1.73,15.63,0.00
randomArrays,1,471,0.62,0.00,0.00
randomArrays,1,871,1.62,0.00,0.00
randomArrays,1,938,1.97,0.00,0.00
randomArrays,1,238,0.21,0.00,0.00
randomArrays,1,772,1.15,0.00,0.00
randomArrays,1,334,0.37,0.00,0.00
randomArrays,1,274,0.26,0.00,0.00
randomArrays,1,385,0.47,0.00,0.00
randomArrays,1,455,0.53,0.00,0.00
randomArrays,1,202,0.14,0.00,0.00
randomArrays,1,349,0.28,0.00,0.00
randomArrays,1,170,0.10,0.00,0.00
randomArrays,1,365,0.34,0.00,0.00
randomArrays,1,921,1.76,0.00,0.00
randomArrays,1,368,0.35,0.00,0.00
randomArrays,1,851,1.66,0.00,0.00
randomArrays,1,736,1.41,0.00,0.00
randomArrays,1,64,0.03,0.00,0.00
randomArrays,1,371,0.27,0.00,0.00
randomArrays,1,962,1.74,0.00,0.00
randomArrays,1,758,1.27,0.00,0.00
randomArrays,1,565,0.99,0.00,0.00
randomArrays,1,246,0.31,0.00,0.00
randomArrays,1,390,0.36,0.00,0.00
randomArrays,1,833,1.30,0.00,0.00
randomArrays,1,359,0.53,0.00,0.00
randomArrays,1,647,1.18,15.63,0.00
randomArrays,1,830,1.50,0.00,0.00
randomArrays,1,790,1.29,0.00,0.00
randomArrays,1,789,1.44,0.00,0.00
randomArrays,1,33,0.02,0.00,0.00
randomArrays,1,324,0.32,0.00,0.00
randomArrays,1,460,0.48,0.00,0.00
randomArrays,1,660,1.15,0.00,0.00
randomArrays,1,553,0.88,0.00,0.00
randomArrays,1,181,0.13,0.00,0.00
randomArrays,1,106,0.06,0.00,0.00
randomArrays,1,198,0.15,0.00,0.00
randomArrays,1,795,1.41,0.00,0.00
randomArrays,1,149,0.16,0.00,0.00
randomArrays,1,42,0.02,0.00,0.00
randomArrays,1,538,0.78,0.00,0.00
randomArrays,1,405,0.51,0.00,0.00
randomArrays,1,741,1.54,0.00,0.00
randomArrays,1,88,0.05,0.00,0.00
randomArrays,1,896,1.65,0.00,0.00
randomArrays,1,574,0.67,0.00,0.00
randomArrays,1,34,0.02,0.00,0.00
randomArrays,1,83,0.05,0.00,0.00
randomArrays,1,311,0.33,0.00,0.00
randomArrays,1,168,0.12,0.00,0.00
randomArrays,1,720,1.15,0.00,0.00
randomArrays,1,499,0.75,0.00,0.00
randomArrays,1,280,0.25,0.00,0.00
randomArrays,1,960,1.65,0.00,0.00
randomArrays,1,351,0.59,0.00,0.00
randomArrays,1,840,1.29,0.00,0.00
randomArrays,1,826,1.63,0.00,0.00
randomArrays,1,780,1.35,0.00,0.00
randomArrays,1,592,0.80,0.00,0.00
randomArrays,1,601,0.77,0.00,0.00
randomArrays,1,924,1.90,0.00,0.00
randomArrays,1,630,0.90,0.00,0.00
randomArrays,1,738,1.14,0.00,0.00
randomArrays,1,43,0.02,0.00,0.00
randomArrays,1,546,0.69,0.00,0.00
randomArrays,1,118,0.07,0.00,0.00
randomArrays,1,812,1.27,15.63,0.00
randomArrays,1,636,1.28,0.00,0.00
randomArrays,1,253,0.23,0.00,0.00
randomArrays,1,443,0.49,0.00,0.00
randomArrays,1,292,0.26,0.00,0.00
randomArrays,1,723,1.17,0.00,0.00
randomArrays,1,398,0.49,0.00,0.00
randomArrays,1,368,0.37,0.00,0.00
randomArrays,1,534,0.64,0.00,0.00
randomArrays,1,899,1.67,0.00,0.00
randomArrays,1,137,0.08,0.00,0.00
randomArrays,1,187,0.10,0.00,0.00
randomArrays,1,164,0.09,0.00,0.00
randomArrays,1,735,1.43,0.00,0.00
randomArrays,1,524,0.74,0.00,0.00
randomArrays,1,512,0.65,0.00,0.00
randomArrays,1,15,0.02,0.00,0.00
randomArrays,1,737,1.13,0.00,0.00
randomArrays,1,616,0.94,0.00,0.00
randomArrays,1,349,0.34,0.00,0.00
randomArrays,1,645,1.19,0.00,0.00
randomArrays,1,502,0.61,0.00,0.00
randomArrays,1,932,1.83,15.63,0.00
randomArrays,1,778,1.28,15.63,0.00
randomArrays,1,126,0.08,0.00,0.00
randomArrays,1,836,1.72,0.00,0.00
randomArrays,1,911,2.04,0.00,0.00
randomArrays,1,265,0.22,0.00,0.00
randomArrays,1,694,1.06,0.00,0.00
randomArrays,1,188,0.15,0.00,0.00
randomArrays,1,282,0.24,0.00,0.00
randomArrays,1,347,0.36,0.00,0.00
randomArrays,1,768,1.50,0.00,0.00
randomArrays,1,778,1.52,0.00,0.00
randomArrays,1,549,0.74,0.00,0.00
randomArrays,1,12,0.02,0.00,0.00
randomArrays,1,336,0.33,0.00,0.00
randomArrays,1,949,2.07,0.00,0.00
randomArrays,1,179,0.13,0.00,0.00
randomArrays,1,634,1.16,0.00,0.00
randomArrays,1,38,0.02,0.00,0.00
randomArrays,1,123,0.07,0.00,0.00
randomArrays,1,282,0.24,0.00,0.00
randomArrays,1,452,0.73,0.00,0.00
randomArrays,1,217,0.15,0.00,0.00
randomArrays,1,629,1.18,0.00,0.00
randomArrays,1,275,0.27,0.00,0.00
randomArrays,1,66,0.03,0.00,0.00
randomArrays,1,308,0.32,0.00,0.00
randomArrays,1,809,1.58,0.00,0.00
randomArrays,1,634,1.01,0.00,0.00
randomArrays,1,478,0.48,0.00,0.00
randomArrays,1,336,0.28,0.00,0.00
randomArrays,1,672,1.10,0.00,0.00
randomArrays,1,583,0.96,15.63,0.00
randomArrays,1,413,0.43,0.00,0.00
randomArrays,1,683,1.10,0.00,0.00
randomArrays,1,463,0.47,0.00,0.00
randomArrays,1,267,0.22,0.00,0.00
randomArrays,1,73,0.04,0.00,0.00
randomArrays,1,641,0.97,0.00,0.00
randomArrays,1,827,1.38,0.00,0.00
randomArrays,1,864,1.93,15.63,0.00
randomArrays,1,672,1.22,0.00,0.00
randomArrays,1,948,2.08,0.00,0.00
randomArrays,1,523,0.65,0.00,0.00
randomArrays,1,113,0.07,0.00,0.00
randomArrays,1,855,1.45,15.63,0.00
randomArrays,1,764,1.28,0.00,0.00
randomArrays,1,559,0.80,0.00,0.00
randomArrays,1,256,0.18,0.00,0.00
randomArrays,1,861,1.24,0.00,0.00
randomArrays,1,215,0.15,0.00,0.00
randomArrays,1,610,0.88,0.00,0.00
randomArrays,1,133,0.12,0.00,0.00
randomArrays,1,721,1.03,0.00,0.00
randomArrays,1,826,1.77,0.00,0.00
randomArrays,1,732,1.42,0.00,0.00
randomArrays,1,218,0.15,0.00,0.00
randomArrays,1,897,1.61,0.00,0.00
randomArrays,1,95,0.05,0.00,0.00
randomArrays,1,596,0.90,0.00,0.00
randomArrays,1,333,0.32,0.00,0.00
randomArrays,1,139,0.08,0.00,0.00
randomArrays,1,90,0.04,0.00,0.00
randomArrays,1,724,1.19,0.00,0.00
randomArrays,1,24,0.02,0.00,0.00
randomArrays,1,182,0.16,0.00,0.00
randomArrays,1,440,0.70,0.00,0.00
randomArrays,1,521,0.80,0.00,0.00
randomArrays,1,653,1.02,0.00,0.00
randomArrays,1,422,0.47,0.00,0.00
randomArrays,1,919,1.67,0.00,0.00
randomArrays,1,399,0.38,0.00,0.00
randomArrays,1,148,0.12,0.00,0.00
randomArrays,1,651,1.07,0.00,0.00
randomArrays,1,953,1.76,0.00,0.00
randomArrays,1,205,0.14,0.00,0.00
randomArrays,1,713,1.16,0.00,0.00
randomArrays,1,335,0.26,0.00,0.00
randomArrays,1,800,1.19,0.00,0.00
randomArrays,1,263,0.23,0.00,0.00
randomArrays,1,305,0.26,0.00,0.00
randomArrays,1,772,1.59,0.00,0.00
randomArrays,1,760,1.29,0.00,0.00
randomArrays,1,985,1.73,0.00,0.00
randomArrays,1,468,0.66,0.00,0.00
randomArrays,1,542,0.63,0.00,0.00
randomArrays,1,137,0.08,0.00,0.00
randomArrays,1,877,1.48,0.00,0.00
randomArrays,1,407,0.42,0.00,0.00
randomArrays,1,13,0.01,0.00,0.00
randomArrays,1,857,1.57,0.00,0.00
randomArrays,1,961,1.43,0.00,0.00
randomArrays,1,963,1.83,0.00,0.00
randomArrays,1,792,1.41,0.00,0.00
randomArrays,1,190,0.13,0.00,0.00
randomArrays,1,859,1.73,0.00,0.00
randomArrays,1,989,2.08,15.63,0.00
randomArrays,1,816,1.69,0.00,0.00
randomArrays,1,950,1.96,0.00,0.00
randomArrays,1,241,0.19,0.00,0.00
randomArrays,1,957,2.17,15.63,0.00
randomArrays,1,155,0.11,0.00,0.00
randomArrays,1,625,0.80,0.00,0.00
randomArrays,1,573,0.79,0.00,0.00
randomArrays,1,278,0.27,0.00,0.00
randomArrays,1,67,0.03,0.00,0.00
randomArrays,1,785,1.02,0.00,0.00
randomArrays,1,576,1.02,0.00,0.00
randomArrays,1,949,1.97,0.00,0.00
randomArrays,1,274,0.21,0.00,0.00
randomArrays,1,827,1.57,0.00,0.00
randomArrays,1,246,0.19,0.00,0.00
randomArrays,1,497,0.55,0.00,0.00
randomArrays,1,98,0.04,0.00,0.00
randomArrays,1,87,0.04,0.00,0.00
randomArrays,1,362,0.34,0.00,0.00
randomArrays,1,748,1.35,0.00,0.00
randomArrays,1,553,1.13,15.63,0.00
randomArrays,1,931,1.58,0.00,0.00
randomArrays,1,24,0.01,0.00,0.00
randomArrays,1,836,1.50,0.00,0.00
randomArrays,1,524,0.77,0.00,0.00
randomArrays,1,286,0.27,0.00,0.00
randomArrays,1,379,0.34,0.00,0.00
randomArrays,1,654,0.91,0.00,0.00
randomArrays,1,795,1.45,0.00,0.00
randomArrays,1,335,0.32,0.00,0.00
randomArrays,1,218,0.14,0.00,0.00
randomArrays,1,390,0.43,0.00,0.00
randomArrays,1,80,0.04,0.00,0.00
randomArrays,1,602,0.99,0.00,0.00
randomArrays,1,687,1.05,0.00,0.00
randomArrays,1,573,1.40,0.00,0.00
randomArrays,1,857,1.72,0.00,0.00
randomArrays,1,484,0.64,0.00,0.00
randomArrays,1,633,0.98,0.00,0.00
randomArrays,1,393,0.46,0.00,0.00
randomArrays,1,953,1.98,0.00,0.00
randomArrays,1,718,1.19,0.00,0.00
randomArrays,1,330,0.35,0.00,0.00
randomArrays,1,273,0.22,0.00,0.00
randomArrays,1,323,0.32,0.00,0.00
randomArrays,1,971,1.81,0.00,0.00
randomArrays,1,156,0.10,0.00,0.00
randomArrays,1,971,1.89,0.00,0.00
randomArrays,1,202,0.13,0.00,0.00
randomArrays,1,201,0.16,0.00,0.00
randomArrays,1,230,0.13,0.00,0.00
randomArrays,1,953,1.63,0.00,0.00
randomArrays,1,399,0.37,0.00,0.00
randomArrays,1,354,0.34,0.00,0.00
randomArrays,1,334,0.30,0.00,0.00
randomArrays,1,538,0.62,0.00,0.00
randomArrays,1,238,0.18,0.00,0.00
randomArrays,1,415,0.43,0.00,0.00
randomArrays,1,498,0.67,0.00,0.00
randomArrays,1,193,0.15,0.00,0.00
randomArrays,1,125,0.08,0.00,0.00
randomArrays,1,100,0.15,0.00,0.00
randomArrays,1,742,1.57,0.00,0.00
randomArrays,1,588,0.93,0.00,0.00
randomArrays,1,355,0.32,0.00,0.00
randomArrays,1,923,1.76,0.00,0.00
randomArrays,1,167,0.09,0.00,0.00
randomArrays,1,518,0.57,0.00,0.00
randomArrays,1,649,0.99,0.00,0.00
randomArrays,1,280,0.24,0.00,0.00
randomArrays,1,842,1.63,0.00,0.00
randomArrays,1,586,0.81,0.00,0.00
randomArrays,1,519,0.68,0.00,0.00
randomArrays,1,112,0.05,0.00,0.00
randomArrays,1,320,0.36,0.00,0.00
randomArrays,1,955,2.29,0.00,0.00
randomArrays,1,61,0.03,0.00,0.00
randomArrays,1,709,1.42,0.00,0.00
randomArrays,1,671,1.01,0.00,0.00
randomArrays,1,437,0.48,0.00,0.00
randomArrays,1,917,1.48,0.00,0.00
randomArrays,1,499,0.92,0.00,0.00
randomArrays,1,503,0.63,0.00,0.00
randomArrays,1,676,1.09,0.00,0.00
randomArrays,1,594,0.94,0.00,0.00
randomArrays,1,48,0.03,0.00,0.00
randomArrays,1,590,0.96,15.63,0.00
randomArrays,1,861,1.65,0.00,0.00
randomArrays,1,363,0.31,0.00,0.00
randomArrays,1,969,1.92,0.00,0.00
randomArrays,1,912,1.77,0.00,0.00
randomArrays,1,779,1.42,0.00,0.00
randomArrays,1,301,0.28,0.00,0.00
randomArrays,1,545,0.61,0.00,0.00
randomArrays,1,24,0.02,0.00,0.00
randomArrays,1,953,1.70,0.00,0.00
randomArrays,1,440,0.51,0.00,0.00
randomArrays,1,997,2.02,0.00,0.00
randomArrays,1,661,1.11,0.00,0.00
randomArrays,1,583,0.99,0.00,0.00
randomArrays,1,478,0.54,0.00,0.00
randomArrays,1,220,0.16,0.00,0.00
randomArrays,1,458,0.62,0.00,0.00
randomArrays,1,783,1.27,0.00,0.00
randomArrays,1,554,0.83,0.00,0.00
randomArrays,1,167,0.10,0.00,0.00
randomArrays,1,338,0.27,0.00,0.00
randomArrays,1,321,0.26,0.00,0.00
randomArrays,1,993,1.79,0.00,0.00
randomArrays,1,414,0.43,0.00,0.00
randomArrays,1,630,1.21,0.00,0.00
randomArrays,1,572,0.99,0.00,0.00
randomArrays,1,119,0.08,0.00,0.00
randomArrays,1,852,1.22,0.00,0.00
randomArrays,1,392,0.41,0.00,0.00
randomArrays,1,744,1.09,15.63,0.00
randomArrays,1,767,1.39,0.00,0.00
randomArrays,1,419,0.51,0.00,0.00
randomArrays,1,186,0.23,0.00,0.00
randomArrays,1,498,0.77,0.00,0.00
randomArrays,1,369,0.32,0.00,0.00
randomArrays,1,545,0.65,0.00,0.00
randomArrays,1,585,0.94,0.00,0.00
randomArrays,1,232,0.16,0.00,0.00
randomArrays,1,683,1.10,0.00,0.00
randomArrays,1,373,0.47,0.00,0.00
randomArrays,1,67,0.03,0.00,0.00
randomArrays,1,47,0.02,0.00,0.00
randomArrays,1,353,0.34,0.00,0.00
randomArrays,1,165,0.09,0.00,0.00
randomArrays,1,822,1.59,0.00,0.00
randomArrays,1,207,0.16,0.00,0.00
randomArrays,1,365,0.30,0.00,0.00
randomArrays,1,33,0.02,0.00,0.00
randomArrays,1,324,0.25,0.00,0.00
randomArrays,1,533,0.69,0.00,0.00
randomArrays,1,467,0.60,0.00,0.00
randomArrays,1,653,1.09,0.00,0.00
randomArrays,1,262,0.24,0.00,0.00
randomArrays,1,26,0.02,0.00,0.00
randomArrays,1,705,1.33,0.00,0.00
randomArrays,1,945,1.63,0.00,0.00
randomArrays,1,145,0.08,0.00,0.00
randomArrays,1,987,2.02,0.00,0.00
randomArrays,1,40,0.02,0.00,0.00
randomArrays,1,418,0.53,0.00,0.00
randomArrays,1,20,0.01,0.00,0.00
randomArrays,1,618,0.92,0.00,0.00
randomArrays,1,463,0.53,0.00,0.00
randomArrays,1,310,0.28,0.00,0.00
randomArrays,1,753,1.23,0.00,0.00
randomArrays,1,203,0.15,0.00,0.00
randomArrays,1,756,1.44,0.00,0.00
randomArrays,1,998,2.20,0.00,0.00
randomArrays,1,631,1.08,0.00,0.00
randomArrays,1,788,1.28,0.00,0.00
randomArrays,1,364,0.29,0.00,0.00
randomArrays,1,435,0.51,0.00,0.00
randomArrays,1,379,0.40,0.00,0.00
randomArrays,1,208,0.17,0.00,0.00
randomArrays,1,503,0.64,0.00,0.00
randomArrays,1,97,0.05,0.00,0.00
randomArrays,1,266,0.21,0.00,0.00
randomArrays,1,828,1.44,0.00,0.00
randomArrays,1,319,0.26,0.00,0.00
randomArrays,1,898,1.74,0.00,0.00
randomArrays,1,380,0.79,0.00,0.00
randomArrays,1,450,0.44,0.00,0.00
randomArrays,1,142,0.09,0.00,0.00
randomArrays,1,434,0.65,0.00,0.00
randomArrays,1,96,0.04,0.00,0.00
randomArrays,1,641,1.34,0.00,0.00
randomArrays,1,538,0.81,0.00,0.00
randomArrays,1,502,0.70,0.00,0.00
randomArrays,1,599,0.78,0.00,0.00
randomArrays,1,299,0.23,0.00,0.00
randomArrays,1,620,1.32,0.00,0.00
randomArrays,1,606,0.95,0.00,0.00
randomArrays,1,282,0.20,0.00,0.00
randomArrays,1,205,0.28,0.00,0.00
randomArrays,1,504,0.69,0.00,0.00
randomArrays,1,315,0.42,0.00,0.00
randomArrays,1,739,1.20,0.00,0.00
randomArrays,1,226,0.19,0.00,0.00
randomArrays,1,239,0.16,0.00,0.00
randomArrays,1,656,0.96,0.00,0.00
randomArrays,1,467,0.55,0.00,0.00
randomArrays,1,855,1.50,0.00,0.00
randomArrays,1,12,0.02,0.00,0.00
randomArrays,1,751,1.30,0.00,0.00
randomArrays,1,426,0.60,0.00,0.00
randomArrays,1,735,1.25,0.00,0.00
randomArrays,1,321,0.38,0.00,0.00
randomArrays,1,522,0.73,0.00,0.00
randomArrays,1,888,1.82,15.63,0.00
randomArrays,1,118,0.08,0.00,0.00
randomArrays,1,813,1.43,0.00,0.00
randomArrays,1,547,0.65,0.00,0.00
randomArrays,1,860,1.50,0.00,0.00
randomArrays,1,189,0.15,0.00,0.00
randomArrays,1,668,1.07,0.00,0.00
randomArrays,1,583,0.84,0.00,0.00
randomArrays,1,489,0.60,0.00,0.00
randomArrays,1,414,0.52,0.00,0.00
randomArrays,1,905,1.65,0.00,0.00
randomArrays,1,742,1.31,0.00,0.00
randomArrays,1,358,0.31,0.00,0.00
randomArrays,1,741,1.16,0.00,0.00
randomArrays,1,470,0.74,0.00,0.00
randomArrays,1,111,0.05,0.00,0.00
randomArrays,1,546,0.69,0.00,0.00
randomArrays,1,591,0.82,0.00,0.00
randomArrays,1,884,1.46,0.00,0.00
randomArrays,1,684,1.06,0.00,0.00
randomArrays,1,975,1.93,0.00,0.00
randomArrays,1,739,1.48,0.00,0.00
randomArrays,1,725,1.33,0.00,0.00
randomArrays,1,893,1.73,0.00,0.00
randomArrays,1,16,0.01,0.00,0.00
randomArrays,1,467,0.60,0.00,0.00
randomArrays,1,307,0.25,0.00,0.00
randomArrays,1,235,0.19,0.00,0.00
randomArrays,1,377,0.39,0.00,0.00
randomArrays,1,448,0.50,0.00,0.00
randomArrays,1,999,2.24,0.00,0.00
randomArrays,1,98,0.05,0.00,0.00
randomArrays,1,456,0.54,0.00,0.00
randomArrays,1,118,0.06,0.00,0.00
randomArrays,1,406,0.56,0.00,0.00
randomArrays,1,33,0.02,0.00,0.00
randomArrays,1,517,0.77,0.00,0.00
randomArrays,1,248,0.27,0.00,0.00
randomArrays,1,61,0.03,0.00,0.00
randomArrays,1,547,0.79,0.00,0.00
randomArrays,1,602,0.80,0.00,0.00
randomArrays,1,579,0.91,0.00,0.00
randomArrays,1,972,1.91,0.00,0.00
randomArrays,1,653,1.05,0.00,0.00
randomArrays,1,866,1.61,0.00,0.00
randomArrays,1,417,0.45,0.00,0.00
randomArrays,1,386,0.41,0.00,0.00
randomArrays,1,349,0.32,0.00,0.00
randomArrays,1,598,1.01,0.00,0.00
randomArrays,1,856,1.84,0.00,0.00
randomArrays,1,152,0.09,0.00,0.00
randomArrays,1,436,0.45,0.00,0.00
randomArrays,1,356,0.36,0.00,0.00
randomArrays,1,598,1.12,0.00,0.00
randomArrays,1,578,0.81,0.00,0.00
randomArrays,1,786,1.29,0.00,0.00
randomArrays,1,124,0.07,0.00,0.00
randomArrays,1,439,0.62,0.00,0.00
randomArrays,1,492,0.80,0.00,0.00
randomArrays,1,207,0.17,0.00,0.00
randomArrays,1,100,0.05,0.00,0.00
randomArrays,1,591,0.76,0.00,0.00
randomArrays,1,397,0.56,0.00,0.00
randomArrays,1,295,0.26,0.00,0.00
randomArrays,1,733,1.13,0.00,0.00
randomArrays,1,231,0.21,0.00,0.00
randomArrays,1,565,0.86,0.00,0.00
randomArrays,1,910,1.67,0.00,0.00
randomArrays,1,74,0.04,0.00,0.00
randomArrays,1,647,0.95,0.00,0.00
randomArrays,1,456,0.43,0.00,0.00
randomArrays,1,954,1.88,0.00,0.00
randomArrays,1,495,0.68,0.00,0.00
randomArrays,1,487,0.54,0.00,0.00
randomArrays,1,559,0.71,0.00,0.00
randomArrays,1,512,0.71,0.00,0.00
randomArrays,1,247,0.18,0.00,0.00
randomArrays,1,219,0.13,0.00,0.00
randomArrays,1,839,1.62,0.00,0.00
randomArrays,1,887,1.66,0.00,0.00
randomArrays,1,942,1.83,0.00,0.00
randomArrays,1,920,1.80,0.00,0.00
randomArrays,1,868,1.47,0.00,0.00
randomArrays,1,25,0.02,0.00,0.00
randomArrays,1,174,0.11,0.00,0.00
randomArrays,1,818,1.50,0.00,0.00
randomArrays,1,660,1.05,0.00,0.00
randomArrays,1,592,0.91,0.00,0.00
randomArrays,1,942,2.33,0.00,0.00
randomArrays,1,962,2.00,0.00,0.00
randomArrays,1,254,0.20,0.00,0.00
randomArrays,1,527,0.81,0.00,0.00
randomArrays,1,786,1.46,0.00,0.00
randomArrays,1,179,0.13,0.00,0.00
randomArrays,1,678,0.97,0.00,0.00
randomArrays,1,950,1.69,0.00,0.00
randomArrays,1,538,0.74,0.00,0.00
randomArrays,1,185,0.11,0.00,0.00
randomArrays,1,689,1.40,0.00,0.00
randomArrays,1,161,0.17,0.00,0.00
randomArrays,1,509,0.57,0.00,0.00
randomArrays,1,376,0.37,0.00,0.00
randomArrays,1,766,1.30,0.00,0.00
randomArrays,1,706,1.18,0.00,0.00
randomArrays,1,644,0.97,0.00,0.00
randomArrays,1,758,1.19,0.00,0.00
randomArrays,1,747,1.14,0.00,0.00
randomArrays,1,349,0.27,0.00,0.00
randomArrays,1,574,0.76,0.00,0.00
randomArrays,1,888,2.08,0.00,0.00
randomArrays,1,235,0.23,0.00,0.00
randomArrays,1,653,1.49,15.63,0.00
randomArrays,1,630,0.90,0.00,0.00
randomArrays,1,76,0.04,0.00,0.00
randomArrays,1,436,0.39,0.00,0.00
randomArrays,1,771,1.38,0.00,0.00
randomArrays,1,217,0.17,0.00,0.00
randomArrays,1,419,0.41,0.00,0.00
randomArrays,1,860,1.63,0.00,0.00
randomArrays,1,288,0.25,0.00,0.00
randomArrays,1,280,0.26,0.00,0.00
randomArrays,1,242,0.18,0.00,0.00
randomArrays,1,602,0.89,0.00,0.00
randomArrays,1,44,0.02,0.00,0.00
randomArrays,1,547,0.68,0.00,0.00
randomArrays,1,860,1.60,0.00,0.00
randomArrays,1,737,1.06,0.00,0.00
randomArrays,1,738,1.11,0.00,0.00
randomArrays,1,725,1.09,0.00,0.00
randomArrays,1,684,1.37,0.00,0.00
randomArrays,1,233,0.17,0.00,0.00
randomArrays,1,342,0.29,0.00,0.00
randomArrays,1,855,1.32,0.00,0.00
randomArrays,1,861,1.88,0.00,0.00
randomArrays,1,566,0.79,0.00,0.00
randomArrays,1,406,1.64,0.00,0.00
randomArrays,1,192,0.13,0.00,0.00
randomArrays,1,850,1.28,0.00,0.00
randomArrays,1,609,1.01,0.00,0.00
randomArrays,1,18,0.02,0.00,0.00
randomArrays,1,482,0.68,0.00,0.00
randomArrays,1,264,0.22,0.00,0.00
randomArrays,1,319,0.33,0.00,0.00
randomArrays,1,252,0.19,0.00,0.00
randomArrays,1,342,0.27,0.00,0.00
randomArrays,1,252,0.16,0.00,0.00
randomArrays,1,205,0.14,0.00,0.00
randomArrays,1,942,1.84,0.00,0.00
randomArrays,1,744,1.11,0.00,0.00
randomArrays,1,537,0.62,0.00,0.00
randomArrays,1,501,0.58,0.00,0.00
randomArrays,1,853,1.09,0.00,0.00
randomArrays,1,341,0.28,0.00,0.00
randomArrays,1,800,1.50,0.00,0.00
randomArrays,1,857,1.45,0.00,0.00
randomArrays,1,427,0.45,0.00,0.00
randomArrays,1,647,1.85,0.00,0.00
randomArrays,1,76,0.12,0.00,0.00
randomArrays,1,677,1.19,0.00,0.00
randomArrays,1,579,0.80,0.00,0.00
randomArrays,1,731,1.45,0.00,0.00
randomArrays,1,704,1.34,0.00,0.00
randomArrays,1,266,0.27,0.00,0.00
randomArrays,1,961,1.80,0.00,0.00
randomArrays,1,263,0.22,0.00,0.00
randomArrays,1,434,0.48,0.00,0.00
randomArrays,1,484,0.66,0.00,0.00
randomArrays,1,163,0.11,0.00,0.00
randomArrays,1,984,1.82,0.00,0.00
randomArrays,1,211,0.17,0.00,0.00
randomArrays,1,185,0.12,0.00,0.00
randomArrays,1,467,0.60,0.00,0.00
randomArrays,1,214,0.19,0.00,0.00
randomArrays,1,35,0.02,0.00,0.00
randomArrays,1,141,0.08,0.00,0.00
randomArrays,1,559,1.00,0.00,0.00
randomArrays,1,706,1.11,0.00,0.00
randomArrays,1,68,0.03,0.00,0.00
randomArrays,1,12,0.01,0.00,0.00
randomArrays,1,405,0.43,0.00,0.00
randomArrays,1,288,0.24,0.00,0.00
randomArrays,1,955,1.75,0.00,0.00
randomArrays,1,50,0.03,0.00,0.00
randomArrays,1,752,1.24,0.00,0.00
randomArrays,1,695,1.18,0.00,0.00
randomArrays,1,186,0.13,0.00,0.00
randomArrays,1,737,1.28,0.00,0.00
randomArrays,1,948,1.39,0.00,0.00
randomArrays,1,151,0.10,0.00,0.00
randomArrays,1,46,0.02,0.00,0.00
randomArrays,1,968,2.02,0.00,0.00
randomArrays,1,333,0.35,0.00,0.00
randomArrays,1,189,0.14,0.00,0.00
randomArrays,1,190,0.15,0.00,0.00
randomArrays,1,589,0.95,0.00,0.00
randomArrays,1,230,0.27,0.00,0.00
randomArrays,1,535,0.76,0.00,0.00
randomArrays,1,189,0.13,0.00,0.00
randomArrays,1,948,1.64,0.00,0.00
randomArrays,1,834,1.53,0.00,0.00
randomArrays,1,273,0.20,0.00,0.00
randomArrays,1,773,1.14,0.00,0.00
randomArrays,1,342,0.45,0.00,0.00
randomArrays,1,995,2.43,0.00,0.00
randomArrays,1,221,0.15,0.00,0.00
randomArrays,1,519,0.77,15.63,0.00
randomArrays,1,479,0.57,0.00,0.00
randomArrays,1,155,0.11,0.00,0.00
randomArrays,1,756,1.07,0.00,0.00
randomArrays,1,658,0.94,0.00,0.00
randomArrays,1,213,0.14,0.00,0.00
randomArrays,1,467,0.52,0.00,0.00
randomArrays,1,191,0.11,0.00,0.00
randomArrays,1,744,1.27,0.00,0.00
randomArrays,1,122,0.08,0.00,0.00
randomArrays,1,178,0.12,0.00,0.00
randomArrays,1,760,1.38,0.00,0.00
randomArrays,1,524,0.76,0.00,0.00
randomArrays,1,264,0.21,0.00,0.00
randomArrays,1,733,1.07,0.00,0.00
randomArrays,1,759,1.22,0.00,0.00
randomArrays,1,177,0.12,0.00,0.00
randomArrays,1,53,0.03,0.00,0.00
randomArrays,1,429,0.43,0.00,0.00
randomArrays,1,508,0.54,0.00,0.00
randomArrays,1,919,1.51,0.00,0.00
randomArrays,1,412,0.38,0.00,0.00
randomArrays,1,503,0.67,0.00,0.00
randomArrays,1,115,0.06,0.00,0.00
randomArrays,1,851,1.60,0.00,0.00
randomArrays,1,848,1.75,0.00,0.00
randomArrays,1,652,1.08,0.00,0.00
randomArrays,1,693,1.30,0.00,0.00
randomArrays,1,662,1.14,0.00,0.00
randomArrays,1,815,1.25,0.00,0.00
randomArrays,1,679,1.02,0.00,0.00
randomArrays,1,141,0.08,0.00,0.00
randomArrays,1,458,0.50,0.00,0.00
randomArrays,1,378,0.39,0.00,0.00
randomArrays,1,662,1.05,0.00,0.00
randomArrays,1,809,1.37,0.00,0.00
randomArrays,1,960,1.90,0.00,0.00
randomArrays,1,454,0.45,0.00,0.00
randomArrays,1,513,0.78,0.00,0.00
randomArrays,1,965,1.89,15.63,0.00
randomArrays,1,855,1.49,0.00,0.00
randomArrays,1,257,0.20,0.00,0.00
randomArrays,1,932,1.94,0.00,0.00
randomArrays,1,112,0.07,0.00,0.00
randomArrays,1,264,0.20,0.00,0.00
randomArrays,1,404,0.36,0.00,0.00
randomArrays,1,830,1.73,0.00,0.00
randomArrays,1,115,0.07,0.00,0.00
randomArrays,1,906,2.04,0.00,0.00
randomArrays,2,469,0.53,0.00,0.00
randomArrays,2,783,1.36,0.00,0.00
randomArrays,2,464,0.54,0.00,0.00
randomArrays,2,267,0.19,0.00,0.00
randomArrays,2,828,1.30,0.00,0.00
randomArrays,2,607,0.88,0.00,0.00
randomArrays,2,319,0.26,0.00,0.00
randomArrays,2,431,0.51,0.00,0.00
randomArrays,2,941,1.99,0.00,0.00
randomArrays,2,937,1.93,0.00,0.00
randomArrays,2,619,0.84,0.00,0.00
randomArrays,2,370,0.35,0.00,0.00
randomArrays,2,478,0.59,0.00,0.00
randomArrays,2,107,0.05,0.00,0.00
randomArrays,2,910,1.79,15.63,0.00
randomArrays,2,381,0.32,0.00,0.00
randomArrays,2,699,1.16,0.00,0.00
randomArrays,2,452,0.68,0.00,0.00
randomArrays,2,882,2.03,0.00,0.00
randomArrays,2,697,1.96,0.00,0.00
randomArrays,2,39,0.02,0.00,0.00
randomArrays,2,382,0.34,0.00,0.00
randomArrays,2,980,2.08,0.00,0.00
randomArrays,2,202,0.11,0.00,0.00
randomArrays,2,674,0.91,0.00,0.00
randomArrays,2,184,0.11,0.00,0.00
randomArrays,2,853,1.96,0.00,0.00
randomArrays,2,101,0.07,0.00,0.00
randomArrays,2,329,0.34,0.00,0.00
randomArrays,2,837,1.50,0.00,0.00
randomArrays,2,952,2.02,0.00,0.00
randomArrays,2,676,1.00,0.00,0.00
randomArrays,2,248,0.19,0.00,0.00
randomArrays,2,845,1.34,0.00,0.00
randomArrays,2,707,1.28,0.00,0.00
randomArrays,2,458,0.47,0.00,0.00
randomArrays,2,219,0.15,0.00,0.00
randomArrays,2,268,0.21,0.00,0.00
randomArrays,2,201,0.14,0.00,0.00
randomArrays,2,520,0.76,0.00,0.00
randomArrays,2,832,1.69,0.00,0.00
randomArrays,2,800,1.40,0.00,0.00
randomArrays,2,753,1.20,0.00,0.00
randomArrays,2,286,0.22,0.00,0.00
randomArrays,2,841,1.66,0.00,0.00
randomArrays,2,240,0.21,0.00,0.00
randomArrays,2,370,0.34,0.00,0.00
randomArrays,2,287,0.09,0.00,0.00
randomArrays,2,89,0.02,0.00,0.00
randomArrays,2,881,0.89,0.00,0.00
randomArrays,2,187,0.06,0.00,0.00
randomArrays,2,373,0.17,0.00,0.00
randomArrays,2,194,0.06,0.00,0.00
randomArrays,2,382,0.20,0.00,0.00
randomArrays,2,826,0.47,0.00,0.00
randomArrays,2,781,0.51,0.00,0.00
randomArrays,2,814,0.57,0.00,0.00
randomArrays,2,525,0.26,0.00,0.00
randomArrays,2,136,0.03,0.00,0.00
randomArrays,2,454,0.19,0.00,0.00
randomArrays,2,563,0.31,0.00,0.00
randomArrays,2,226,0.09,0.00,0.00
randomArrays,2,345,0.13,0.00,0.00
randomArrays,2,514,0.43,0.00,0.00
randomArrays,2,871,0.65,0.00,0.00
randomArrays,2,939,0.88,0.00,0.00
randomArrays,2,397,0.15,0.00,0.00
randomArrays,2,429,0.22,0.00,0.00
randomArrays,2,421,0.21,0.00,0.00
randomArrays,2,747,1.01,0.00,0.00
randomArrays,2,19,0.01,0.00,0.00
randomArrays,2,74,0.02,0.00,0.00
randomArrays,2,259,0.09,0.00,0.00
randomArrays,2,846,0.60,0.00,0.00
randomArrays,2,789,0.52,0.00,0.00
randomArrays,2,671,0.44,0.00,0.00
randomArrays,2,368,0.14,0.00,0.00
randomArrays,2,448,0.21,0.00,0.00
randomArrays,2,237,0.07,0.00,0.00
randomArrays,2,627,0.38,0.00,0.00
randomArrays,2,584,0.27,0.00,0.00
randomArrays,2,328,0.12,0.00,0.00
randomArrays,2,606,0.33,0.00,0.00
randomArrays,2,563,0.31,0.00,0.00
randomArrays,2,774,0.60,0.00,0.00
randomArrays,2,206,0.06,0.00,0.00
randomArrays,2,907,0.66,0.00,0.00
randomArrays,2,37,0.01,0.00,0.00
randomArrays,2,878,0.72,0.00,0.00
randomArrays,2,284,0.11,0.00,0.00
randomArrays,2,853,0.48,0.00,0.00
randomArrays,2,247,0.08,0.00,0.00
randomArrays,2,241,0.08,0.00,0.00
randomArrays,2,348,0.13,0.00,0.00
randomArrays,2,814,0.55,0.00,0.00
randomArrays,2,245,0.08,0.00,0.00
randomArrays,2,335,0.12,0.00,0.00
randomArrays,2,497,0.21,0.00,0.00
randomArrays,2,280,0.09,0.00,0.00
randomArrays,2,664,0.39,0.00,0.00
randomArrays,2,523,0.24,0.00,0.00
randomArrays,2,841,1.01,0.00,0.00
randomArrays,2,290,0.10,0.00,0.00
randomArrays,2,158,0.04,0.00,0.00
randomArrays,2,783,0.49,0.00,0.00
randomArrays,2,638,0.33,0.00,0.00
randomArrays,2,314,0.20,0.00,0.00
randomArrays,2,484,0.19,0.00,0.00
randomArrays,2,972,0.61,0.00,0.00
randomArrays,2,652,0.37,0.00,0.00
randomArrays,2,543,0.34,0.00,0.00
randomArrays,2,487,0.30,0.00,0.00
randomArrays,2,686,0.40,0.00,0.00
randomArrays,2,183,0.05,0.00,0.00
randomArrays,2,572,0.47,0.00,0.00
randomArrays,2,747,0.43,0.00,0.00
randomArrays,2,780,1.32,0.00,0.00
randomArrays,2,828,0.61,0.00,0.00
randomArrays,2,591,0.32,0.00,0.00
randomArrays,2,415,0.14,0.00,0.00
randomArrays,2,648,0.49,0.00,0.00
randomArrays,2,204,0.06,0.00,0.00
randomArrays,2,510,0.25,0.00,0.00
randomArrays,2,422,0.16,0.00,0.00
randomArrays,2,541,0.35,0.00,0.00
randomArrays,2,875,0.62,0.00,0.00
randomArrays,2,742,0.58,0.00,0.00
randomArrays,2,384,0.14,0.00,0.00
randomArrays,2,266,0.19,0.00,0.00
randomArrays,2,137,0.04,0.00,0.00
randomArrays,2,970,0.76,0.00,0.00
randomArrays,2,685,0.33,0.00,0.00
randomArrays,2,665,0.42,0.00,0.00
randomArrays,2,319,0.11,0.00,0.00
randomArrays,2,808,0.70,0.00,0.00
randomArrays,2,143,0.04,0.00,0.00
randomArrays,2,147,0.04,0.00,0.00
randomArrays,2,929,0.56,0.00,0.00
randomArrays,2,906,0.51,0.00,0.00
randomArrays,2,425,0.27,0.00,0.00
randomArrays,2,736,0.76,0.00,0.00
randomArrays,2,65,0.02,0.00,0.00
randomArrays,2,305,0.11,0.00,0.00
randomArrays,2,194,0.06,0.00,0.00
randomArrays,2,545,0.25,0.00,0.00
randomArrays,2,49,0.15,0.00,0.00
randomArrays,2,731,0.58,0.00,0.00
randomArrays,2,712,0.48,0.00,0.00
randomArrays,2,732,0.42,0.00,0.00
randomArrays,2,57,0.02,0.00,0.00
randomArrays,2,983,0.71,0.00,0.00
randomArrays,2,345,0.26,0.00,0.00
randomArrays,2,152,0.04,0.00,0.00
randomArrays,2,963,0.75,0.00,0.00
randomArrays,2,544,0.23,0.00,0.00
randomArrays,2,870,0.78,0.00,0.00
randomArrays,2,557,0.28,0.00,0.00
randomArrays,2,168,0.05,0.00,0.00
randomArrays,2,373,0.14,0.00,0.00
randomArrays,2,416,0.95,0.00,0.00
randomArrays,2,942,0.58,0.00,0.00
randomArrays,2,966,0.71,0.00,0.00
randomArrays,2,363,0.11,0.00,0.00
randomArrays,2,955,0.68,0.00,0.00
randomArrays,2,626,0.30,0.00,0.00
randomArrays,2,948,0.73,0.00,0.00
randomArrays,2,193,0.05,0.00,0.00
randomArrays,2,361,0.11,0.00,0.00
randomArrays,2,195,0.06,0.00,0.00
randomArrays,2,905,0.58,0.00,0.00
randomArrays,2,105,0.02,0.00,0.00
randomArrays,2,750,0.45,0.00,0.00
randomArrays,2,565,0.31,0.00,0.00
randomArrays,2,538,0.24,0.00,0.00
randomArrays,2,488,0.23,0.00,0.00
randomArrays,2,30,0.01,0.00,0.00
randomArrays,2,554,0.25,0.00,0.00
randomArrays,2,407,0.17,0.00,0.00
randomArrays,2,958,0.95,0.00,0.00
randomArrays,2,137,0.03,0.00,0.00
randomArrays,2,101,0.04,0.00,0.00
randomArrays,2,633,0.34,0.00,0.00
randomArrays,2,44,0.01,0.00,0.00
randomArrays,2,738,0.47,0.00,0.00
randomArrays,2,763,0.46,0.00,0.00
randomArrays,2,319,0.11,0.00,0.00
randomArrays,2,682,0.62,0.00,0.00
randomArrays,2,820,1.55,0.00,0.00
randomArrays,2,896,0.57,0.00,0.00
randomArrays,2,712,0.70,0.00,0.00
randomArrays,2,554,0.33,0.00,0.00
randomArrays,2,940,0.63,0.00,0.00
randomArrays,2,787,0.62,0.00,0.00
randomArrays,2,255,0.06,0.00,0.00
randomArrays,2,135,0.03,0.00,0.00
randomArrays,2,546,0.26,0.00,0.00
randomArrays,2,643,0.32,0.00,0.00
randomArrays,2,197,0.05,0.00,0.00
randomArrays,2,643,0.44,0.00,0.00
randomArrays,2,858,0.50,0.00,0.00
randomArrays,2,134,0.04,0.00,0.00
randomArrays,2,133,0.03,0.00,0.00
randomArrays,2,317,0.11,0.00,0.00
randomArrays,2,312,0.20,0.00,0.00
randomArrays,2,160,0.07,0.00,0.00
randomArrays,2,838,0.66,0.00,0.00
randomArrays,2,316,0.10,0.00,0.00
randomArrays,2,111,0.02,0.00,0.00
randomArrays,2,530,0.21,0.00,0.00
randomArrays,2,827,0.64,0.00,0.00
randomArrays,2,994,0.79,0.00,0.00
randomArrays,2,348,0.14,0.00,0.00
randomArrays,2,652,0.36,0.00,0.00
randomArrays,2,339,0.10,0.00,0.00
randomArrays,2,908,0.79,0.00,0.00
randomArrays,2,655,0.47,0.00,0.00
randomArrays,2,899,0.80,0.00,0.00
randomArrays,2,377,0.14,0.00,0.00
randomArrays,2,793,0.57,0.00,0.00
randomArrays,2,12,0.01,0.00,0.00
randomArrays,2,236,0.17,0.00,0.00
randomArrays,2,851,0.57,0.00,0.00
randomArrays,2,462,0.27,0.00,0.00
randomArrays,2,49,0.01,0.00,0.00
randomArrays,2,649,0.37,0.00,0.00
randomArrays,2,299,0.11,0.00,0.00
randomArrays,2,796,0.96,0.00,0.00
randomArrays,2,227,0.13,0.00,0.00
randomArrays,2,929,0.74,0.00,0.00
randomArrays,2,166,0.04,0.00,0.00
randomArrays,2,277,0.16,0.00,0.00
randomArrays,2,179,0.05,0.00,0.00
randomArrays,2,809,0.62,0.00,0.00
randomArrays,2,232,0.07,0.00,0.00
randomArrays,2,247,0.07,0.00,0.00
randomArrays,2,99,0.02,0.00,0.00
randomArrays,2,649,0.43,0.00,0.00
randomArrays,2,15,0.01,0.00,0.00
randomArrays,2,646,0.41,0.00,0.00
randomArrays,2,463,0.32,0.00,0.00
randomArrays,2,587,0.31,0.00,0.00
randomArrays,2,898,0.73,0.00,0.00
randomArrays,2,643,0.82,0.00,0.00
randomArrays,2,840,0.45,0.00,0.00
randomArrays,2,708,0.41,0.00,0.00
randomArrays,2,214,0.06,0.00,0.00
randomArrays,2,565,0.30,0.00,0.00
randomArrays,2,157,0.05,0.00,0.00
randomArrays,2,265,0.17,0.00,0.00
randomArrays,2,171,0.11,0.00,0.00
randomArrays,2,136,0.03,0.00,0.00
randomArrays,2,290,0.08,0.00,0.00
randomArrays,2,96,0.02,0.00,0.00
randomArrays,2,11,0.01,0.00,0.00
randomArrays,2,311,0.11,0.00,0.00
randomArrays,2,566,0.40,0.00,0.00
randomArrays,2,328,0.13,0.00,0.00
randomArrays,2,358,0.14,0.00,0.00
randomArrays,2,674,0.43,0.00,0.00
randomArrays,2,490,0.22,0.00,0.00
randomArrays,2,36,0.01,0.00,0.00
randomArrays,2,408,0.18,0.00,0.00
randomArrays,2,49,0.01,0.00,0.00
randomArrays,2,581,0.28,0.00,0.00
randomArrays,2,879,0.70,0.00,0.00
randomArrays,2,61,0.01,0.00,0.00
randomArrays,2,656,0.45,0.00,0.00
randomArrays,2,411,0.15,0.00,0.00
randomArrays,2,361,0.14,0.00,0.00
randomArrays,2,994,0.65,0.00,0.00
randomArrays,2,416,0.18,0.00,0.00
randomArrays,2,966,1.06,0.00,0.00
randomArrays,2,92,0.02,0.00,0.00
randomArrays,2,429,0.17,0.00,0.00
randomArrays,2,658,0.35,0.00,0.00
randomArrays,2,877,0.67,0.00,0.00
randomArrays,2,780,0.54,0.00,0.00
randomArrays,2,669,0.45,0.00,0.00
randomArrays,2,394,0.12,0.00,0.00
randomArrays,2,892,0.52,0.00,0.00
randomArrays,2,180,0.05,0.00,0.00
randomArrays,2,829,0.55,0.00,0.00
randomArrays,2,255,0.08,0.00,0.00
randomArrays,2,374,0.12,0.00,0.00
randomArrays,2,37,0.01,0.00,0.00
randomArrays,2,919,0.61,0.00,0.00
randomArrays,2,850,0.62,0.00,0.00
randomArrays,2,930,0.71,0.00,0.00
randomArrays,2,419,0.18,0.00,0.00
randomArrays,2,720,0.36,0.00,0.00
randomArrays,2,378,0.16,0.00,0.00
randomArrays,2,815,0.59,0.00,0.00
randomArrays,2,566,0.23,0.00,0.00
randomArrays,2,623,0.48,0.00,0.00
randomArrays,2,597,0.32,0.00,0.00
randomArrays,2,148,0.03,0.00,0.00
randomArrays,2,580,0.29,0.00,0.00
randomArrays,2,244,0.08,0.00,0.00
randomArrays,2,703,0.39,0.00,0.00
randomArrays,2,743,0.74,0.00,0.00
randomArrays,2,923,0.74,0.00,0.00
randomArrays,2,284,0.08,0.00,0.00
randomArrays,2,35,0.01,0.00,0.00
randomArrays,2,941,0.74,0.00,0.00
randomArrays,2,39,0.01,0.00,0.00
randomArrays,2,276,0.07,0.00,0.00
randomArrays,2,494,0.38,0.00,0.00
randomArrays,2,547,0.28,0.00,0.00
randomArrays,2,837,0.57,0.00,0.00
randomArrays,2,183,0.04,0.00,0.00
randomArrays,2,360,0.13,0.00,0.00
randomArrays,2,627,0.39,0.00,0.00
randomArrays,2,833,0.51,0.00,0.00
randomArrays,2,491,0.21,0.00,0.00
randomArrays,2,623,0.30,0.00,0.00
randomArrays,2,850,0.70,0.00,0.00
randomArrays,2,35,0.01,0.00,0.00
randomArrays,2,584,0.32,0.00,0.00
randomArrays,2,34,0.01,0.00,0.00
randomArrays,2,335,0.13,0.00,0.00
randomArrays,2,145,0.03,0.00,0.00
randomArrays,2,61,0.01,0.00,0.00
randomArrays,2,88,0.02,0.00,0.00
randomArrays,2,442,0.18,0.00,0.00
randomArrays,2,729,0.60,0.00,0.00
randomArrays,2,312,0.10,0.00,0.00
randomArrays,2,620,0.27,0.00,0.00
randomArrays,2,77,0.02,0.00,0.00
randomArrays,2,784,0.70,0.00,0.00
randomArrays,2,720,0.56,0.00,0.00
randomArrays,2,796,1.01,0.00,0.00
randomArrays,2,81,0.02,0.00,0.00
randomArrays,2,900,0.60,0.00,0.00
randomArrays,2,570,0.25,0.00,0.00
randomArrays,2,749,0.46,0.00,0.00
randomArrays,2,723,0.39,0.00,0.00
randomArrays,2,54,0.01,0.00,0.00
randomArrays,2,261,0.09,0.00,0.00
randomArrays,2,831,0.48,0.00,0.00
randomArrays,2,133,0.03,0.00,0.00
randomArrays,2,165,0.04,0.00,0.00
randomArrays,2,441,0.17,0.00,0.00
randomArrays,2,782,0.61,0.00,0.00
randomArrays,2,384,0.15,0.00,0.00
randomArrays,2,283,0.09,0.00,0.00
randomArrays,2,71,0.02,0.00,0.00
randomArrays,2,374,0.13,0.00,0.00
randomArrays,2,204,0.06,0.00,0.00
randomArrays,2,437,0.16,0.00,0.00
randomArrays,2,662,0.56,0.00,0.00
randomArrays,2,821,0.51,0.00,0.00
randomArrays,2,198,0.05,0.00,0.00
randomArrays,2,776,0.56,0.00,0.00
randomArrays,2,124,0.03,0.00,0.00
randomArrays,2,202,0.05,0.00,0.00
randomArrays,2,806,0.47,0.00,0.00
randomArrays,2,448,0.19,0.00,0.00
randomArrays,2,383,0.14,0.00,0.00
randomArrays,2,992,0.69,0.00,0.00
randomArrays,2,714,0.51,0.00,0.00
randomArrays,2,528,0.22,0.00,0.00
randomArrays,2,137,0.03,0.00,0.00
randomArrays,2,122,0.03,0.00,0.00
randomArrays,2,883,0.65,0.00,0.00
randomArrays,2,614,0.38,0.00,0.00
randomArrays,2,841,0.66,0.00,0.00
randomArrays,2,471,0.22,0.00,0.00
randomArrays,2,871,0.71,0.00,0.00
randomArrays,2,938,0.81,0.00,0.00
randomArrays,2,238,0.07,0.00,0.00
randomArrays,2,772,0.76,0.00,0.00
randomArrays,2,334,0.12,0.00,0.00
randomArrays,2,274,0.08,0.00,0.00
randomArrays,2,385,0.12,0.00,0.00
randomArrays,2,455,0.17,0.00,0.00
randomArrays,2,202,0.05,0.00,0.00
randomArrays,2,349,0.14,0.00,0.00
randomArrays,2,170,0.04,0.00,0.00
randomArrays,2,365,0.15,0.00,0.00
randomArrays,2,921,0.61,0.00,0.00
randomArrays,2,368,0.15,0.00,0.00
randomArrays,2,851,0.62,0.00,0.00
randomArrays,2,736,0.49,0.00,0.00
randomArrays,2,64,0.01,0.00,0.00
randomArrays,2,371,0.13,0.00,0.00
randomArrays,2,962,0.71,0.00,0.00
randomArrays,2,758,0.52,0.00,0.00
randomArrays,2,565,0.30,0.00,0.00
randomArrays,2,246,0.07,0.00,0.00
randomArrays,2,390,0.16,0.00,0.00
randomArrays,2,833,0.58,0.00,0.00
randomArrays,2,359,0.23,0.00,0.00
randomArrays,2,647,0.42,0.00,0.00
randomArrays,2,830,0.60,0.00,0.00
randomArrays,2,790,0.57,0.00,0.00
randomArrays,2,789,0.53,0.00,0.00
randomArrays,2,33,0.01,0.00,0.00
randomArrays,2,324,0.12,0.00,0.00
randomArrays,2,460,0.18,0.00,0.00
randomArrays,2,660,0.44,0.00,0.00
randomArrays,2,553,0.27,0.00,0.00
randomArrays,2,181,0.04,0.00,0.00
randomArrays,2,106,0.02,0.00,0.00
randomArrays,2,198,0.04,0.00,0.00
randomArrays,2,795,0.58,0.00,0.00
randomArrays,2,149,0.03,0.00,0.00
randomArrays,2,42,0.01,0.00,0.00
randomArrays,2,538,0.24,0.00,0.00
randomArrays,2,405,0.16,0.00,0.00
randomArrays,2,741,0.48,0.00,0.00
randomArrays,2,88,0.02,0.00,0.00
randomArrays,2,896,1.30,0.00,0.00
randomArrays,2,574,0.29,0.00,0.00
randomArrays,2,34,0.01,0.00,0.00
randomArrays,2,83,0.02,0.00,0.00
randomArrays,2,311,0.10,0.00,0.00
randomArrays,2,168,0.04,0.00,0.00
randomArrays,2,720,0.90,0.00,0.00
randomArrays,2,499,0.59,0.00,0.00
randomArrays,2,280,0.08,0.00,0.00
randomArrays,2,960,0.85,0.00,0.00
randomArrays,2,351,0.26,0.00,0.00
randomArrays,2,840,0.56,0.00,0.00
randomArrays,2,826,0.64,0.00,0.00
randomArrays,2,780,0.60,0.00,0.00
randomArrays,2,592,0.30,0.00,0.00
randomArrays,2,601,0.38,0.00,0.00
randomArrays,2,924,0.75,0.00,0.00
randomArrays,2,630,0.32,0.00,0.00
randomArrays,2,738,0.49,0.00,0.00
randomArrays,2,43,0.01,0.00,0.00
randomArrays,2,546,0.32,0.00,0.00
randomArrays,2,118,0.05,0.00,0.00
randomArrays,2,812,0.55,0.00,0.00
randomArrays,2,636,0.35,0.00,0.00
randomArrays,2,253,0.08,0.00,0.00
randomArrays,2,443,0.49,0.00,0.00
randomArrays,2,292,0.08,0.00,0.00
randomArrays,2,723,0.42,0.00,0.00
randomArrays,2,398,0.15,0.00,0.00
randomArrays,2,368,0.12,0.00,0.00
randomArrays,2,534,0.23,0.00,0.00
randomArrays,2,899,0.93,0.00,0.00
randomArrays,2,137,0.03,0.00,0.00
randomArrays,2,187,0.05,0.00,0.00
randomArrays,2,164,0.03,0.00,0.00
randomArrays,2,735,0.47,0.00,0.00
randomArrays,2,524,0.48,0.00,0.00
randomArrays,2,512,0.24,0.00,0.00
randomArrays,2,15,0.01,0.00,0.00
randomArrays,2,737,0.46,0.00,0.00
randomArrays,2,616,0.40,0.00,0.00
randomArrays,2,349,0.11,0.00,0.00
randomArrays,2,645,0.35,0.00,0.00
randomArrays,2,502,0.22,0.00,0.00
randomArrays,2,932,0.74,0.00,0.00
randomArrays,2,778,0.46,0.00,0.00
randomArrays,2,126,0.09,0.00,0.00
randomArrays,2,836,0.73,0.00,0.00
randomArrays,2,911,0.71,0.00,0.00
randomArrays,2,265,0.09,0.00,0.00
randomArrays,2,694,0.43,0.00,0.00
randomArrays,2,188,0.08,0.00,0.00
randomArrays,2,282,0.08,0.00,0.00
randomArrays,2,347,0.11,0.00,0.00
randomArrays,2,768,0.58,0.00,0.00
randomArrays,2,778,0.59,0.00,0.00
randomArrays,2,549,0.40,0.00,0.00
randomArrays,2,12,0.01,0.00,0.00
randomArrays,2,336,0.12,0.00,0.00
randomArrays,2,949,1.15,0.00,0.00
randomArrays,2,179,0.05,0.00,0.00
randomArrays,2,634,0.40,0.00,0.00
randomArrays,2,38,0.01,0.00,0.00
randomArrays,2,123,0.03,0.00,0.00
randomArrays,2,282,0.09,0.00,0.00
randomArrays,2,452,0.18,0.00,0.00
randomArrays,2,217,0.06,0.00,0.00
randomArrays,2,629,0.60,0.00,0.00
randomArrays,2,275,0.24,0.00,0.00
randomArrays,2,66,0.01,0.00,0.00
randomArrays,2,308,0.29,0.00,0.00
randomArrays,2,809,0.61,0.00,0.00
randomArrays,2,634,0.48,0.00,0.00
randomArrays,2,478,0.19,0.00,0.00
randomArrays,2,336,0.10,0.00,0.00
randomArrays,2,672,1.01,0.00,0.00
randomArrays,2,583,0.25,0.00,0.00
randomArrays,2,413,0.18,0.00,0.00
randomArrays,2,683,0.36,0.00,0.00
randomArrays,2,463,0.19,0.00,0.00
randomArrays,2,267,0.09,0.00,0.00
randomArrays,2,73,0.02,0.00,0.00
randomArrays,2,641,0.30,0.00,0.00
randomArrays,2,827,0.51,0.00,0.00
randomArrays,2,864,0.54,0.00,0.00
randomArrays,2,672,0.35,0.00,0.00
randomArrays,2,948,0.67,0.00,0.00
randomArrays,2,523,0.29,0.00,0.00
randomArrays,2,113,0.03,0.00,0.00
randomArrays,2,855,0.58,0.00,0.00
randomArrays,2,764,0.52,0.00,0.00
randomArrays,2,559,0.34,0.00,0.00
randomArrays,2,256,0.08,0.00,0.00
randomArrays,2,861,0.74,0.00,0.00
randomArrays,2,215,0.05,0.00,0.00
randomArrays,2,610,0.35,0.00,0.00
randomArrays,2,133,0.03,0.00,0.00
randomArrays,2,721,0.51,0.00,0.00
randomArrays,2,826,0.52,0.00,0.00
randomArrays,2,732,0.70,0.00,0.00
randomArrays,2,218,0.07,0.00,0.00
randomArrays,2,897,0.67,0.00,0.00
randomArrays,2,95,0.02,0.00,0.00
randomArrays,2,596,0.30,0.00,0.00
randomArrays,2,333,0.11,0.00,0.00
randomArrays,2,139,0.03,0.00,0.00
randomArrays,2,90,0.02,0.00,0.00
randomArrays,2,724,0.76,0.00,0.00
randomArrays,2,24,0.01,0.00,0.00
randomArrays,2,182,0.05,0.00,0.00
randomArrays,2,440,0.15,0.00,0.00
randomArrays,2,521,0.22,0.00,0.00
randomArrays,2,653,0.37,0.00,0.00
randomArrays,2,422,0.18,0.00,0.00
randomArrays,2,919,0.91,0.00,0.00
randomArrays,2,399,0.17,0.00,0.00
randomArrays,2,148,0.04,0.00,0.00
randomArrays,2,651,0.44,0.00,0.00
randomArrays,2,953,0.77,0.00,0.00
randomArrays,2,205,0.06,0.00,0.00
randomArrays,2,713,0.38,0.00,0.00
randomArrays,2,335,0.11,0.00,0.00
randomArrays,2,800,0.55,0.00,0.00
randomArrays,2,263,0.14,0.00,0.00
randomArrays,2,305,0.10,0.00,0.00
randomArrays,2,772,0.62,0.00,0.00
randomArrays,2,760,0.62,0.00,0.00
randomArrays,2,985,0.63,0.00,0.00
randomArrays,2,468,0.21,0.00,0.00
randomArrays,2,542,0.28,0.00,0.00
randomArrays,2,137,0.06,0.00,0.00
randomArrays,2,877,0.63,0.00,0.00
randomArrays,2,407,0.23,0.00,0.00
randomArrays,2,13,0.01,0.00,0.00
randomArrays,2,857,0.65,0.00,0.00
randomArrays,2,961,0.82,0.00,0.00
randomArrays,2,963,0.73,0.00,0.00
randomArrays,2,792,0.50,0.00,0.00
randomArrays,2,190,0.06,0.00,0.00
randomArrays,2,859,0.59,0.00,0.00
randomArrays,2,989,0.69,0.00,0.00
randomArrays,2,816,0.57,0.00,0.00
randomArrays,2,950,0.96,0.00,0.00
randomArrays,2,241,0.09,0.00,0.00
randomArrays,2,957,0.83,0.00,0.00
randomArrays,2,155,0.04,0.00,0.00
randomArrays,2,625,0.38,0.00,0.00
randomArrays,2,573,0.32,0.00,0.00
randomArrays,2,278,0.09,0.00,0.00
randomArrays,2,67,0.03,0.00,0.00
randomArrays,2,785,0.69,0.00,0.00
randomArrays,2,576,0.29,0.00,0.00
randomArrays,2,949,0.82,0.00,0.00
randomArrays,2,274,0.08,0.00,0.00
randomArrays,2,827,0.52,0.00,0.00
randomArrays,2,246,0.07,0.00,0.00
randomArrays,2,497,0.21,0.00,0.00
randomArrays,2,98,0.02,0.00,0.00
randomArrays,2,87,0.02,0.00,0.00
randomArrays,2,362,0.13,0.00,0.00
randomArrays,2,748,0.46,0.00,0.00
randomArrays,2,553,0.25,0.00,0.00
randomArrays,2,931,0.88,0.00,0.00
randomArrays,2,24,0.01,0.00,0.00
randomArrays,2,836,1.40,0.00,0.00
randomArrays,2,524,0.21,0.00,0.00
randomArrays,2,286,0.10,0.00,0.00
randomArrays,2,379,0.12,0.00,0.00
randomArrays,2,654,0.56,0.00,0.00
randomArrays,2,795,0.63,0.00,0.00
randomArrays,2,335,0.11,0.00,0.00
randomArrays,2,218,0.06,0.00,0.00
randomArrays,2,390,0.15,0.00,0.00
randomArrays,2,80,0.02,0.00,0.00
randomArrays,2,602,0.28,0.00,0.00
randomArrays,2,687,0.56,0.00,0.00
randomArrays,2,573,0.31,0.00,0.00
randomArrays,2,857,0.48,0.00,0.00
randomArrays,2,484,0.27,0.00,0.00
randomArrays,2,633,0.32,0.00,0.00
randomArrays,2,393,0.17,0.00,0.00
randomArrays,2,953,0.62,0.00,0.00
randomArrays,2,718,0.53,0.00,0.00
randomArrays,2,330,0.09,0.00,0.00
randomArrays,2,273,0.09,0.00,0.00
randomArrays,2,323,0.10,0.00,0.00
randomArrays,2,971,0.84,0.00,0.00
randomArrays,2,156,0.04,0.00,0.00
randomArrays,2,971,0.64,0.00,0.00
randomArrays,2,202,0.05,0.00,0.00
randomArrays,2,201,0.05,0.00,0.00
randomArrays,2,230,0.11,0.00,0.00
randomArrays,2,953,0.66,0.00,0.00
randomArrays,2,399,0.16,0.00,0.00
randomArrays,2,354,0.14,0.00,0.00
randomArrays,2,334,0.13,0.00,0.00
randomArrays,2,538,0.25,0.00,0.00
randomArrays,2,238,0.06,0.00,0.00
randomArrays,2,415,0.19,0.00,0.00
randomArrays,2,498,0.20,0.00,0.00
randomArrays,2,193,0.56,0.00,0.00
randomArrays,2,125,0.03,0.00,0.00
randomArrays,2,100,0.03,0.00,0.00
randomArrays,2,742,0.42,0.00,0.00
randomArrays,2,588,0.40,0.00,0.00
randomArrays,2,355,0.28,0.00,0.00
randomArrays,2,923,0.61,0.00,0.00
randomArrays,2,167,0.05,0.00,0.00
randomArrays,2,518,0.23,0.00,0.00
randomArrays,2,649,0.38,0.00,0.00
randomArrays,2,280,0.09,0.00,0.00
randomArrays,2,842,0.57,0.00,0.00
randomArrays,2,586,0.31,0.00,0.00
randomArrays,2,519,0.26,0.00,0.00
randomArrays,2,112,0.03,0.00,0.00
randomArrays,2,320,0.11,0.00,0.00
randomArrays,2,955,0.72,0.00,0.00
randomArrays,2,61,0.01,0.00,0.00
randomArrays,2,709,0.47,0.00,0.00
randomArrays,2,671,0.55,0.00,0.00
randomArrays,2,437,0.15,0.00,0.00
randomArrays,2,917,0.69,0.00,0.00
randomArrays,2,499,0.23,0.00,0.00
randomArrays,2,503,0.23,0.00,0.00
randomArrays,2,676,0.37,0.00,0.00
randomArrays,2,594,0.30,0.00,0.00
randomArrays,2,48,0.01,0.00,0.00
randomArrays,2,590,0.33,0.00,0.00
randomArrays,2,861,0.61,0.00,0.00
randomArrays,2,363,0.13,0.00,0.00
randomArrays,2,969,0.68,0.00,0.00
randomArrays,2,912,0.71,0.00,0.00
randomArrays,2,779,0.60,0.00,0.00
randomArrays,2,301,0.11,0.00,0.00
randomArrays,2,545,0.28,0.00,0.00
randomArrays,2,24,0.01,0.00,0.00
randomArrays,2,953,0.73,0.00,0.00
randomArrays,2,440,0.18,0.00,0.00
randomArrays,2,997,0.86,0.00,0.00
randomArrays,2,661,0.32,0.00,0.00
randomArrays,2,583,0.25,0.00,0.00
randomArrays,2,478,0.18,0.00,0.00
randomArrays,2,220,0.05,0.00,0.00
randomArrays,2,458,0.22,0.00,0.00
randomArrays,2,783,0.48,0.00,0.00
randomArrays,2,554,0.25,0.00,0.00
randomArrays,2,167,0.04,0.00,0.00
randomArrays,2,338,0.10,0.00,0.00
randomArrays,2,321,0.11,0.00,0.00
randomArrays,2,993,0.63,0.00,0.00
randomArrays,2,414,0.17,0.00,0.00
randomArrays,2,630,0.39,0.00,0.00
randomArrays,2,572,0.35,0.00,0.00
randomArrays,2,119,0.03,0.00,0.00
randomArrays,2,852,0.60,0.00,0.00
randomArrays,2,392,0.15,0.00,0.00
randomArrays,2,744,0.67,0.00,0.00
randomArrays,2,767,0.43,0.00,0.00
randomArrays,2,419,0.19,0.00,0.00
randomArrays,2,186,0.05,0.00,0.00
randomArrays,2,498,0.54,0.00,0.00
randomArrays,2,369,0.13,0.00,0.00
randomArrays,2,545,0.27,0.00,0.00
randomArrays,2,585,0.26,0.00,0.00
randomArrays,2,232,0.07,0.00,0.00
randomArrays,2,683,0.40,0.00,0.00
randomArrays,2,373,0.15,0.00,0.00
randomArrays,2,67,0.01,0.00,0.00
randomArrays,2,47,0.01,0.00,0.00
randomArrays,2,353,0.12,0.00,0.00
randomArrays,2,165,0.04,0.00,0.00
randomArrays,2,822,0.57,0.00,0.00
randomArrays,2,207,0.06,0.00,0.00
randomArrays,2,365,0.14,0.00,0.00
randomArrays,2,33,0.01,0.00,0.00
randomArrays,2,324,0.12,0.00,0.00
randomArrays,2,533,0.42,0.00,0.00
randomArrays,2,467,0.21,0.00,0.00
randomArrays,2,653,0.37,0.00,0.00
randomArrays,2,262,0.08,0.00,0.00
randomArrays,2,26,0.02,0.00,0.00
randomArrays,2,705,0.60,0.00,0.00
randomArrays,2,945,0.87,0.00,0.00
randomArrays,2,145,0.07,0.00,0.00
randomArrays,2,987,0.73,0.00,0.00
randomArrays,2,40,0.01,0.00,0.00
randomArrays,2,418,0.16,0.00,0.00
randomArrays,2,20,0.01,0.00,0.00
randomArrays,2,618,0.44,0.00,0.00
randomArrays,2,463,0.22,0.00,0.00
randomArrays,2,310,0.13,0.00,0.00
randomArrays,2,753,0.54,0.00,0.00
randomArrays,2,203,0.05,0.00,0.00
randomArrays,2,756,0.50,0.00,0.00
randomArrays,2,998,0.72,0.00,0.00
randomArrays,2,631,0.37,0.00,0.00
randomArrays,2,788,0.60,0.00,0.00
randomArrays,2,364,0.11,0.00,0.00
randomArrays,2,435,0.14,0.00,0.00
randomArrays,2,379,0.14,0.00,0.00
randomArrays,2,208,0.07,0.00,0.00
randomArrays,2,503,0.19,0.00,0.00
randomArrays,2,97,0.02,0.00,0.00
randomArrays,2,266,0.07,0.00,0.00
randomArrays,2,828,0.63,0.00,0.00
randomArrays,2,319,0.12,0.00,0.00
randomArrays,2,898,0.60,0.00,0.00
randomArrays,2,380,0.30,0.00,0.00
randomArrays,2,450,0.21,0.00,0.00
randomArrays,2,142,0.03,0.00,0.00
randomArrays,2,434,0.18,0.00,0.00
randomArrays,2,96,0.02,0.00,0.00
randomArrays,2,641,0.42,0.00,0.00
randomArrays,2,538,0.23,0.00,0.00
randomArrays,2,502,0.22,0.00,0.00
randomArrays,2,599,0.51,0.00,0.00
randomArrays,2,299,0.09,0.00,0.00
randomArrays,2,620,0.29,0.00,0.00
randomArrays,2,606,0.31,0.00,0.00
randomArrays,2,282,0.09,0.00,0.00
randomArrays,2,205,0.06,0.00,0.00
randomArrays,2,504,0.25,0.00,0.00
randomArrays,2,315,0.09,0.00,0.00
randomArrays,2,739,0.60,0.00,0.00
randomArrays,2,226,0.26,0.00,0.00
randomArrays,2,239,0.06,0.00,0.00
randomArrays,2,656,0.39,0.00,0.00
randomArrays,2,467,0.20,0.00,0.00
randomArrays,2,855,0.56,0.00,0.00
randomArrays,2,12,0.01,0.00,0.00
randomArrays,2,751,0.74,0.00,0.00
randomArrays,2,426,0.16,0.00,0.00
randomArrays,2,735,0.42,0.00,0.00
randomArrays,2,321,0.09,0.00,0.00
randomArrays,2,522,0.23,0.00,0.00
randomArrays,2,888,0.68,0.00,0.00
randomArrays,2,118,0.04,0.00,0.00
randomArrays,2,813,0.95,0.00,0.00
randomArrays,2,547,0.24,0.00,0.00
randomArrays,2,860,0.57,0.00,0.00
randomArrays,2,189,0.04,0.00,0.00
randomArrays,2,668,0.40,0.00,0.00
randomArrays,2,583,0.26,0.00,0.00
randomArrays,2,489,0.25,0.00,0.00
randomArrays,2,414,0.29,0.00,0.00
randomArrays,2,905,0.89,0.00,0.00
randomArrays,2,742,0.53,0.00,0.00
randomArrays,2,358,0.13,0.00,0.00
randomArrays,2,741,0.51,0.00,0.00
randomArrays,2,470,0.22,0.00,0.00
randomArrays,2,111,0.02,0.00,0.00
randomArrays,2,546,0.27,0.00,0.00
randomArrays,2,591,0.33,0.00,0.00
randomArrays,2,884,0.67,0.00,0.00
randomArrays,2,684,0.70,0.00,0.00
randomArrays,2,975,0.67,0.00,0.00
randomArrays,2,739,0.40,0.00,0.00
randomArrays,2,725,0.40,0.00,0.00
randomArrays,2,893,0.68,0.00,0.00
randomArrays,2,16,0.01,0.00,0.00
randomArrays,2,467,0.18,0.00,0.00
randomArrays,2,307,0.11,0.00,0.00
randomArrays,2,235,0.06,0.00,0.00
randomArrays,2,377,0.12,0.00,0.00
randomArrays,2,448,0.23,0.00,0.00
randomArrays,2,999,0.83,0.00,0.00
randomArrays,2,98,0.02,0.00,0.00
randomArrays,2,456,0.17,0.00,0.00
randomArrays,2,118,0.03,0.00,0.00
randomArrays,2,406,0.16,0.00,0.00
randomArrays,2,33,0.01,0.00,0.00
randomArrays,2,517,0.48,0.00,0.00
randomArrays,2,248,0.08,0.00,0.00
randomArrays,2,61,0.01,0.00,0.00
randomArrays,2,547,0.28,0.00,0.00
randomArrays,2,602,0.26,0.00,0.00
randomArrays,2,579,0.26,0.00,0.00
randomArrays,2,972,0.97,0.00,0.00
randomArrays,2,653,0.39,0.00,0.00
randomArrays,2,866,0.56,0.00,0.00
randomArrays,2,417,0.20,0.00,0.00
randomArrays,2,386,0.16,0.00,0.00
randomArrays,2,349,0.10,0.00,0.00
randomArrays,2,598,0.30,0.00,0.00
randomArrays,2,856,0.78,0.00,0.00
randomArrays,2,152,0.04,0.00,0.00
randomArrays,2,436,0.37,0.00,0.00
randomArrays,2,356,0.11,0.00,0.00
randomArrays,2,598,0.32,0.00,0.00
randomArrays,2,578,0.67,0.00,0.00
randomArrays,2,786,0.53,0.00,0.00
randomArrays,2,124,0.03,0.00,0.00
randomArrays,2,439,0.17,0.00,0.00
randomArrays,2,492,0.21,0.00,0.00
randomArrays,2,207,0.05,0.00,0.00
randomArrays,2,100,0.02,0.00,0.00
randomArrays,2,591,0.33,0.00,0.00
randomArrays,2,397,0.18,0.00,0.00
randomArrays,2,295,0.09,0.00,0.00
randomArrays,2,733,1.09,0.00,0.00
randomArrays,2,231,0.12,0.00,0.00
randomArrays,2,565,0.30,0.00,0.00
randomArrays,2,910,0.60,0.00,0.00
randomArrays,2,74,0.02,0.00,0.00
randomArrays,2,647,0.36,0.00,0.00
randomArrays,2,456,0.19,0.00,0.00
randomArrays,2,954,0.71,0.00,0.00
randomArrays,2,495,0.22,0.00,0.00
randomArrays,2,487,0.21,0.00,0.00
randomArrays,2,559,0.25,0.00,0.00
randomArrays,2,512,0.26,0.00,0.00
randomArrays,2,247,0.06,0.00,0.00
randomArrays,2,219,0.06,0.00,0.00
randomArrays,2,839,0.64,0.00,0.00
randomArrays,2,887,0.68,0.00,0.00
randomArrays,2,942,0.95,0.00,0.00
randomArrays,2,920,0.68,0.00,0.00
randomArrays,2,868,0.66,0.00,0.00
randomArrays,2,25,0.01,0.00,0.00
randomArrays,2,174,0.04,0.00,0.00
randomArrays,2,818,0.64,0.00,0.00
randomArrays,2,660,0.92,0.00,0.00
randomArrays,2,592,0.33,0.00,0.00
randomArrays,2,942,0.65,0.00,0.00
randomArrays,2,962,0.95,0.00,0.00
randomArrays,2,254,0.07,0.00,0.00
randomArrays,2,527,0.29,0.00,0.00
randomArrays,2,786,0.46,0.00,0.00
randomArrays,2,179,0.05,0.00,0.00
randomArrays,2,678,0.40,0.00,0.00
randomArrays,2,950,0.80,0.00,0.00
randomArrays,2,538,0.26,0.00,0.00
randomArrays,2,185,0.05,0.00,0.00
randomArrays,2,689,0.64,0.00,0.00
randomArrays,2,161,0.03,0.00,0.00
randomArrays,2,509,0.19,0.00,0.00
randomArrays,2,376,0.14,0.00,0.00
randomArrays,2,766,0.55,0.00,0.00
randomArrays,2,706,0.50,0.00,0.00
randomArrays,2,644,0.40,0.00,0.00
randomArrays,2,758,0.40,0.00,0.00
randomArrays,2,747,0.75,0.00,0.00
randomArrays,2,349,0.12,0.00,0.00
randomArrays,2,574,0.23,0.00,0.00
randomArrays,2,888,0.56,0.00,0.00
randomArrays,2,235,0.06,0.00,0.00
randomArrays,2,653,0.49,0.00,0.00
randomArrays,2,630,0.35,0.00,0.00
randomArrays,2,76,0.04,0.00,0.00
randomArrays,2,436,0.19,0.00,0.00
randomArrays,2,771,0.40,0.00,0.00
randomArrays,2,217,0.05,0.00,0.00
randomArrays,2,419,0.19,0.00,0.00
randomArrays,2,860,0.61,0.00,0.00
randomArrays,2,288,0.18,0.00,0.00
randomArrays,2,280,0.11,0.00,0.00
randomArrays,2,242,0.07,0.00,0.00
randomArrays,2,602,0.28,0.00,0.00
randomArrays,2,44,0.01,0.00,0.00
randomArrays,2,547,0.35,0.00,0.00
randomArrays,2,860,0.79,0.00,0.00
randomArrays,2,737,0.65,0.00,0.00
randomArrays,2,738,0.48,0.00,0.00
randomArrays,2,725,0.50,0.00,0.00
randomArrays,2,684,0.33,0.00,0.00
randomArrays,2,233,0.06,0.00,0.00
randomArrays,2,342,0.11,0.00,0.00
randomArrays,2,855,0.67,0.00,0.00
randomArrays,2,861,0.53,0.00,0.00
randomArrays,2,566,0.27,0.00,0.00
randomArrays,2,406,0.16,0.00,0.00
randomArrays,2,192,0.05,0.00,0.00
randomArrays,2,850,0.53,0.00,0.00
randomArrays,2,609,0.30,0.00,0.00
randomArrays,2,18,0.01,0.00,0.00
randomArrays,2,482,0.23,0.00,0.00
randomArrays,2,264,0.12,0.00,0.00
randomArrays,2,319,0.11,0.00,0.00
randomArrays,2,252,0.07,0.00,0.00
randomArrays,2,342,0.11,0.00,0.00
randomArrays,2,252,0.07,0.00,0.00
randomArrays,2,205,0.05,0.00,0.00
randomArrays,2,942,0.70,0.00,0.00
randomArrays,2,744,0.42,0.00,0.00
randomArrays,2,537,0.27,0.00,0.00
randomArrays,2,501,0.18,0.00,0.00
randomArrays,2,853,0.54,0.00,0.00
randomArrays,2,341,0.12,0.00,0.00
randomArrays,2,800,0.50,0.00,0.00
randomArrays,2,857,1.08,0.00,0.00
randomArrays,2,427,0.20,0.00,0.00
randomArrays,2,647,0.32,0.00,0.00
randomArrays,2,76,0.02,0.00,0.00
randomArrays,2,677,0.42,0.00,0.00
randomArrays,2,579,0.29,0.00,0.00
randomArrays,2,731,0.39,0.00,0.00
randomArrays,2,704,1.95,0.00,0.00
randomArrays,2,266,0.13,0.00,0.00
randomArrays,2,961,0.66,0.00,0.00
randomArrays,2,263,0.08,0.00,0.00
randomArrays,2,434,0.19,0.00,0.00
randomArrays,2,484,0.24,0.00,0.00
randomArrays,2,163,0.04,0.00,0.00
randomArrays,2,984,0.76,0.00,0.00
randomArrays,2,211,0.06,0.00,0.00
randomArrays,2,185,0.05,0.00,0.00
randomArrays,2,467,0.19,0.00,0.00
randomArrays,2,214,0.05,0.00,0.00
randomArrays,2,35,0.01,0.00,0.00
randomArrays,2,141,0.07,0.00,0.00
randomArrays,2,559,0.40,0.00,0.00
randomArrays,2,706,0.53,0.00,0.00
randomArrays,2,68,0.02,0.00,0.00
randomArrays,2,12,0.01,0.00,0.00
randomArrays,2,405,0.16,0.00,0.00
randomArrays,2,288,0.10,0.00,0.00
randomArrays,2,955,0.58,0.00,0.00
randomArrays,2,50,0.01,0.00,0.00
randomArrays,2,752,0.85,0.00,0.00
randomArrays,2,695,0.35,0.00,0.00
randomArrays,2,186,0.05,0.00,0.00
randomArrays,2,737,0.45,0.00,0.00
randomArrays,2,948,0.71,0.00,0.00
randomArrays,2,151,0.03,0.00,0.00
randomArrays,2,46,0.01,0.00,0.00
randomArrays,2,968,0.85,0.00,0.00
randomArrays,2,333,0.12,0.00,0.00
randomArrays,2,189,0.07,0.00,0.00
randomArrays,2,190,0.05,0.00,0.00
randomArrays,2,589,0.35,0.00,0.00
randomArrays,2,230,0.06,0.00,0.00
randomArrays,2,535,0.30,0.00,0.00
randomArrays,2,189,0.06,0.00,0.00
randomArrays,2,948,0.70,0.00,0.00
randomArrays,2,834,1.53,0.00,0.00
randomArrays,2,273,0.08,0.00,0.00
randomArrays,2,773,0.61,0.00,0.00
randomArrays,2,342,0.12,0.00,0.00
randomArrays,2,995,0.79,0.00,0.00
randomArrays,2,221,0.07,0.00,0.00
randomArrays,2,519,0.25,0.00,0.00
randomArrays,2,479,0.21,0.00,0.00
randomArrays,2,155,0.04,0.00,0.00
randomArrays,2,756,1.03,0.00,0.00
randomArrays,2,658,0.39,0.00,0.00
randomArrays,2,213,0.06,0.00,0.00
randomArrays,2,467,0.17,0.00,0.00
randomArrays,2,191,0.04,0.00,0.00
randomArrays,2,744,0.35,0.00,0.00
randomArrays,2,122,0.03,0.00,0.00
randomArrays,2,178,0.05,0.00,0.00
randomArrays,2,760,0.58,0.00,0.00
randomArrays,2,524,0.26,0.00,0.00
randomArrays,2,264,0.07,0.00,0.00
randomArrays,2,733,0.53,0.00,0.00
randomArrays,2,759,0.55,0.00,0.00
randomArrays,2,177,0.04,0.00,0.00
randomArrays,2,53,0.01,0.00,0.00
randomArrays,2,429,0.36,0.00,0.00
randomArrays,2,508,0.22,0.00,0.00
randomArrays,2,919,0.55,0.00,0.00
randomArrays,2,412,0.16,0.00,0.00
randomArrays,2,503,0.31,0.00,0.00
randomArrays,2,115,0.03,0.00,0.00
randomArrays,2,851,0.59,0.00,0.00
randomArrays,2,848,0.55,0.00,0.00
randomArrays,2,652,0.73,0.00,0.00
randomArrays,2,693,0.44,0.00,0.00
randomArrays,2,662,0.40,0.00,0.00
randomArrays,2,815,0.52,0.00,0.00
randomArrays,2,679,1.04,0.00,0.00
randomArrays,2,141,0.03,0.00,0.00
randomArrays,2,458,0.18,0.00,0.00
randomArrays,2,378,0.14,0.00,0.00
randomArrays,2,662,0.34,0.00,0.00
randomArrays,2,809,0.83,0.00,0.00
randomArrays,2,960,0.71,0.00,0.00
randomArrays,2,454,0.19,0.00,0.00
randomArrays,2,513,0.22,0.00,0.00
randomArrays,2,965,0.77,0.00,0.00
randomArrays,2,855,0.62,0.00,0.00
randomArrays,2,257,0.08,0.00,0.00
randomArrays,2,932,0.72,0.00,0.00
randomArrays,2,112,0.03,0.00,0.00
randomArrays,2,264,0.08,0.00,0.00
randomArrays,2,404,0.15,0.00,0.00
randomArrays,2,830,0.62,0.00,0.00
randomArrays,2,115,0.03,0.00,0.00
randomArrays,2,906,0.60,0.00,0.00
randomArrays,3,469,0.19,0.00,0.00
randomArrays,3,783,0.58,0.00,0.00
randomArrays,3,464,0.20,0.00,0.00
randomArrays,3,267,0.08,0.00,0.00
randomArrays,3,828,0.55,0.00,0.00
randomArrays,3,607,0.33,0.00,0.00
randomArrays,3,319,0.11,0.00,0.00
randomArrays,3,431,0.15,0.00,0.00
randomArrays,3,941,0.65,0.00,0.00
randomArrays,3,937,0.78,0.00,0.00
randomArrays,3,619,0.37,0.00,0.00
randomArrays,3,370,0.16,0.00,0.00
randomArrays,3,478,0.24,0.00,0.00
randomArrays,3,107,0.02,0.00,0.00
randomArrays,3,910,0.68,0.00,0.00
randomArrays,3,381,0.14,0.00,0.00
randomArrays,3,699,0.44,0.00,0.00
randomArrays,3,452,0.23,0.00,0.00
randomArrays,3,882,0.53,0.00,0.00
randomArrays,3,697,0.64,0.00,0.00
randomArrays,3,39,0.01,0.00,0.00
randomArrays,3,382,0.14,0.00,0.00
randomArrays,3,980,0.76,0.00,0.00
randomArrays,3,202,0.06,0.00,0.00
randomArrays,3,674,0.37,0.00,0.00
randomArrays,3,184,0.05,0.00,0.00
randomArrays,3,853,0.58,0.00,0.00
randomArrays,3,101,0.02,0.00,0.00
randomArrays,3,329,0.11,0.00,0.00
randomArrays,3,837,0.58,0.00,0.00
randomArrays,3,952,0.80,0.00,0.00
randomArrays,3,676,0.37,0.00,0.00
randomArrays,3,248,0.07,0.00,0.00
randomArrays,3,845,0.66,0.00,0.00
randomArrays,3,707,0.46,0.00,0.00
randomArrays,3,458,0.17,0.00,0.00
randomArrays,3,219,0.06,0.00,0.00
randomArrays,3,268,0.09,0.00,0.00
randomArrays,3,201,0.05,0.00,0.00
randomArrays,3,520,0.21,0.00,0.00
randomArrays,3,832,0.56,0.00,0.00
randomArrays,3,800,0.56,0.00,0.00
randomArrays,3,753,0.52,0.00,0.00
randomArrays,3,286,0.10,0.00,0.00
randomArrays,3,841,0.60,0.00,0.00
randomArrays,3,240,0.07,0.00,0.00
randomArrays,3,370,0.13,0.00,0.00
randomArrays,3,287,0.09,0.00,0.00
randomArrays,3,89,0.02,0.00,0.00
randomArrays,3,881,0.56,0.00,0.00
randomArrays,3,187,0.05,0.00,0.00
randomArrays,3,373,0.14,0.00,0.00
randomArrays,3,194,0.05,0.00,0.00
randomArrays,3,382,0.15,0.00,0.00
randomArrays,3,826,0.50,0.00,0.00
randomArrays,3,781,0.84,0.00,0.00
randomArrays,3,814,0.51,0.00,0.00
randomArrays,3,525,0.29,0.00,0.00
randomArrays,3,136,0.03,0.00,0.00
randomArrays,3,454,0.33,0.00,0.00
randomArrays,3,563,0.23,0.00,0.00
randomArrays,3,226,0.06,0.00,0.00
randomArrays,3,345,0.22,0.00,0.00
randomArrays,3,514,0.25,0.00,0.00
randomArrays,3,871,0.59,0.00,0.00
randomArrays,3,939,0.65,0.00,0.00
randomArrays,3,397,0.31,0.00,0.00
randomArrays,3,429,0.18,0.00,0.00
randomArrays,3,421,0.16,0.00,0.00
randomArrays,3,747,0.44,0.00,0.00
randomArrays,3,19,0.01,0.00,0.00
randomArrays,3,74,0.02,0.00,0.00
randomArrays,3,259,0.08,0.00,0.00
randomArrays,3,846,0.58,0.00,0.00
randomArrays,3,789,0.53,0.00,0.00
randomArrays,3,671,0.36,0.00,0.00
randomArrays,3,368,0.13,0.00,0.00
randomArrays,3,448,0.19,0.00,0.00
randomArrays,3,237,0.07,0.00,0.00
randomArrays,3,627,0.49,0.00,0.00
randomArrays,3,584,0.24,0.00,0.00
randomArrays,3,328,0.13,0.00,0.00
randomArrays,3,606,0.27,0.00,0.00
randomArrays,3,563,0.27,0.00,0.00
randomArrays,3,774,0.85,0.00,0.00
randomArrays,3,206,0.05,0.00,0.00
randomArrays,3,907,0.59,0.00,0.00
randomArrays,3,37,0.01,0.00,0.00
randomArrays,3,878,0.55,0.00,0.00
randomArrays,3,284,0.13,0.00,0.00
randomArrays,3,853,0.51,0.00,0.00
randomArrays,3,247,0.07,0.00,0.00
randomArrays,3,241,0.07,0.00,0.00
randomArrays,3,348,0.13,0.00,0.00
randomArrays,3,814,0.56,0.00,0.00
randomArrays,3,245,0.07,0.00,0.00
randomArrays,3,335,0.25,0.00,0.00
randomArrays,3,497,0.25,0.00,0.00
randomArrays,3,280,0.08,0.00,0.00
randomArrays,3,664,0.41,0.00,0.00
randomArrays,3,523,0.26,0.00,0.00
randomArrays,3,841,0.53,0.00,0.00
randomArrays,3,290,0.08,0.00,0.00
randomArrays,3,158,0.04,0.00,0.00
randomArrays,3,783,0.61,0.00,0.00
randomArrays,3,638,0.34,0.00,0.00
randomArrays,3,314,0.12,0.00,0.00
randomArrays,3,484,0.24,0.00,0.00
randomArrays,3,972,0.93,0.00,0.00
randomArrays,3,652,0.61,0.00,0.00
randomArrays,3,543,0.32,0.00,0.00
randomArrays,3,487,0.19,0.00,0.00
randomArrays,3,686,0.42,0.00,0.00
randomArrays,3,183,0.05,0.00,0.00
randomArrays,3,572,0.29,0.00,0.00
randomArrays,3,747,0.89,0.00,0.00
randomArrays,3,780,0.45,0.00,0.00
randomArrays,3,828,0.49,0.00,0.00
randomArrays,3,591,0.30,0.00,0.00
randomArrays,3,415,0.16,0.00,0.00
randomArrays,3,648,0.60,0.00,0.00
randomArrays,3,204,0.06,0.00,0.00
randomArrays,3,510,0.23,0.00,0.00
randomArrays,3,422,0.17,0.00,0.00
randomArrays,3,541,0.28,0.00,0.00
randomArrays,3,875,0.51,0.00,0.00
randomArrays,3,742,0.41,0.00,0.00
randomArrays,3,384,0.13,0.00,0.00
randomArrays,3,266,0.07,0.00,0.00
randomArrays,3,137,0.04,0.00,0.00
randomArrays,3,970,0.80,0.00,0.00
randomArrays,3,685,0.50,0.00,0.00
randomArrays,3,665,0.45,0.00,0.00
randomArrays,3,319,0.10,0.00,0.00
randomArrays,3,808,0.67,0.00,0.00
randomArrays,3,143,0.03,0.00,0.00
randomArrays,3,147,0.03,0.00,0.00
randomArrays,3,929,0.72,0.00,0.00
randomArrays,3,906,0.51,0.00,0.00
randomArrays,3,425,0.20,0.00,0.00
randomArrays,3,736,0.95,0.00,0.00
randomArrays,3,65,0.02,0.00,0.00
randomArrays,3,305,0.10,0.00,0.00
randomArrays,3,194,0.06,0.00,0.00
randomArrays,3,545,0.26,0.00,0.00
randomArrays,3,49,0.01,0.00,0.00
randomArrays,3,731,0.40,0.00,0.00
randomArrays,3,712,0.56,0.00,0.00
randomArrays,3,732,0.45,0.00,0.00
randomArrays,3,57,0.01,0.00,0.00
randomArrays,3,983,0.75,0.00,0.00
randomArrays,3,345,0.12,0.00,0.00
randomArrays,3,152,0.04,0.00,0.00
randomArrays,3,963,0.85,0.00,0.00
randomArrays,3,544,0.26,0.00,0.00
randomArrays,3,870,0.62,0.00,0.00
randomArrays,3,557,0.30,0.00,0.00
randomArrays,3,168,0.04,0.00,0.00
randomArrays,3,373,0.13,0.00,0.00
randomArrays,3,416,0.15,0.00,0.00
randomArrays,3,942,0.75,0.00,0.00
randomArrays,3,966,0.86,0.00,0.00
randomArrays,3,363,0.15,0.00,0.00
randomArrays,3,955,0.95,0.00,0.00
randomArrays,3,626,0.53,0.00,0.00
randomArrays,3,948,0.89,0.00,0.00
randomArrays,3,193,0.05,0.00,0.00
randomArrays,3,361,0.14,0.00,0.00
randomArrays,3,195,0.05,0.00,0.00
randomArrays,3,905,0.87,0.00,0.00
randomArrays,3,105,0.03,0.00,0.00
randomArrays,3,750,0.43,0.00,0.00
randomArrays,3,565,0.25,0.00,0.00
randomArrays,3,538,0.29,0.00,0.00
randomArrays,3,488,0.21,0.00,0.00
randomArrays,3,30,0.01,0.00,0.00
randomArrays,3,554,0.26,0.00,0.00
randomArrays,3,407,0.18,0.00,0.00
randomArrays,3,958,1.20,0.00,0.00
randomArrays,3,137,0.03,0.00,0.00
randomArrays,3,101,0.02,0.00,0.00
randomArrays,3,633,0.39,0.00,0.00
randomArrays,3,44,0.01,0.00,0.00
randomArrays,3,738,0.44,0.00,0.00
randomArrays,3,763,0.51,0.00,0.00
randomArrays,3,319,0.12,0.00,0.00
randomArrays,3,682,0.43,0.00,0.00
randomArrays,3,820,0.54,0.00,0.00
randomArrays,3,896,0.57,0.00,0.00
randomArrays,3,712,0.45,0.00,0.00
randomArrays,3,554,0.50,0.00,0.00
randomArrays,3,940,0.70,0.00,0.00
randomArrays,3,787,0.52,0.00,0.00
randomArrays,3,255,0.08,0.00,0.00
randomArrays,3,135,0.03,0.00,0.00
randomArrays,3,546,0.26,0.00,0.00
randomArrays,3,643,0.32,0.00,0.00
randomArrays,3,197,0.05,0.00,0.00
randomArrays,3,643,0.76,0.00,0.00
randomArrays,3,858,0.53,0.00,0.00
randomArrays,3,134,0.03,0.00,0.00
randomArrays,3,133,0.03,0.00,0.00
randomArrays,3,317,0.14,0.00,0.00
randomArrays,3,312,0.12,0.00,0.00
randomArrays,3,160,0.18,0.00,0.00
randomArrays,3,838,0.48,0.00,0.00
randomArrays,3,316,0.11,0.00,0.00
randomArrays,3,111,0.06,0.00,0.00
randomArrays,3,530,0.28,0.00,0.00
randomArrays,3,827,0.67,0.00,0.00
randomArrays,3,994,1.44,0.00,0.00
randomArrays,3,348,0.12,0.00,0.00
randomArrays,3,652,0.51,0.00,0.00
randomArrays,3,339,0.12,0.00,0.00
randomArrays,3,908,0.79,0.00,0.00
randomArrays,3,655,0.87,0.00,0.00
randomArrays,3,899,0.79,0.00,0.00
randomArrays,3,377,0.13,0.00,0.00
randomArrays,3,793,0.46,0.00,0.00
randomArrays,3,12,0.01,0.00,0.00
randomArrays,3,236,0.07,0.00,0.00
randomArrays,3,851,1.08,0.00,0.00
randomArrays,3,462,0.17,0.00,0.00
randomArrays,3,49,0.01,0.00,0.00
randomArrays,3,649,0.39,0.00,0.00
randomArrays,3,299,0.09,0.00,0.00
randomArrays,3,796,0.59,0.00,0.00
randomArrays,3,227,0.06,0.00,0.00
randomArrays,3,929,0.63,0.00,0.00
randomArrays,3,166,0.06,0.00,0.00
randomArrays,3,277,0.08,0.00,0.00
randomArrays,3,179,0.09,0.00,0.00
randomArrays,3,809,0.97,15.63,0.00
randomArrays,3,232,0.08,0.00,0.00
randomArrays,3,247,0.09,0.00,0.00
randomArrays,3,99,0.02,0.00,0.00
randomArrays,3,649,0.39,0.00,0.00
randomArrays,3,15,0.01,0.00,0.00
randomArrays,3,646,0.40,0.00,0.00
randomArrays,3,463,0.19,0.00,0.00
randomArrays,3,587,0.31,0.00,0.00
randomArrays,3,898,0.74,0.00,0.00
randomArrays,3,643,0.36,0.00,0.00
randomArrays,3,840,0.69,0.00,0.00
randomArrays,3,708,0.45,0.00,0.00
randomArrays,3,214,0.06,0.00,0.00
randomArrays,3,565,0.40,0.00,0.00
randomArrays,3,157,0.04,0.00,0.00
randomArrays,3,265,0.07,0.00,0.00
randomArrays,3,171,0.04,0.00,0.00
randomArrays,3,136,0.03,0.00,0.00
randomArrays,3,290,0.19,0.00,0.00
randomArrays,3,96,0.03,0.00,0.00
randomArrays,3,11,0.01,0.00,0.00
randomArrays,3,311,0.29,0.00,0.00
randomArrays,3,566,0.23,0.00,0.00
randomArrays,3,328,0.12,0.00,0.00
randomArrays,3,358,0.14,0.00,0.00
randomArrays,3,674,0.60,0.00,0.00
randomArrays,3,490,0.21,0.00,0.00
randomArrays,3,36,0.01,0.00,0.00
randomArrays,3,408,0.19,0.00,0.00
randomArrays,3,49,0.14,0.00,0.00
randomArrays,3,581,0.26,0.00,0.00
randomArrays,3,879,0.54,0.00,0.00
randomArrays,3,61,0.02,0.00,0.00
randomArrays,3,656,0.41,0.00,0.00
randomArrays,3,411,0.17,0.00,0.00
randomArrays,3,361,0.14,0.00,0.00
randomArrays,3,994,0.75,0.00,0.00
randomArrays,3,416,0.15,0.00,0.00
randomArrays,3,966,0.73,0.00,0.00
randomArrays,3,92,0.07,0.00,0.00
randomArrays,3,429,0.20,0.00,0.00
randomArrays,3,658,0.41,0.00,0.00
randomArrays,3,877,0.64,0.00,0.00
randomArrays,3,780,0.51,0.00,0.00
randomArrays,3,669,0.51,0.00,0.00
randomArrays,3,394,0.14,0.00,0.00
randomArrays,3,892,0.58,0.00,0.00
randomArrays,3,180,0.04,0.00,0.00
randomArrays,3,829,0.49,0.00,0.00
randomArrays,3,255,0.08,0.00,0.00
randomArrays,3,374,0.15,0.00,0.00
randomArrays,3,37,0.01,0.00,0.00
randomArrays,3,919,0.80,0.00,0.00
randomArrays,3,850,0.64,0.00,0.00
randomArrays,3,930,0.68,0.00,0.00
randomArrays,3,419,0.18,0.00,0.00
randomArrays,3,720,0.45,0.00,0.00
randomArrays,3,378,0.16,0.00,0.00
randomArrays,3,815,0.58,0.00,0.00
randomArrays,3,566,0.27,0.00,0.00
randomArrays,3,623,0.29,0.00,0.00
randomArrays,3,597,0.39,0.00,0.00
randomArrays,3,148,0.03,0.00,0.00
randomArrays,3,580,0.52,0.00,0.00
randomArrays,3,244,0.07,0.00,0.00
randomArrays,3,703,0.34,0.00,0.00
randomArrays,3,743,0.43,0.00,0.00
randomArrays,3,923,0.70,0.00,0.00
randomArrays,3,284,0.08,0.00,0.00
randomArrays,3,35,0.01,0.00,0.00
randomArrays,3,941,0.87,0.00,0.00
randomArrays,3,39,0.01,0.00,0.00
randomArrays,3,276,0.09,0.00,0.00
randomArrays,3,494,0.40,0.00,0.00
randomArrays,3,547,0.43,0.00,0.00
randomArrays,3,837,0.47,0.00,0.00
randomArrays,3,183,0.04,0.00,0.00
randomArrays,3,360,0.15,0.00,0.00
randomArrays,3,627,0.33,0.00,0.00
randomArrays,3,833,0.50,0.00,0.00
randomArrays,3,491,0.46,0.00,0.00
randomArrays,3,623,0.42,0.00,0.00
randomArrays,3,850,0.64,0.00,0.00
randomArrays,3,35,0.01,0.00,0.00
randomArrays,3,584,0.27,0.00,0.00
randomArrays,3,34,0.01,0.00,0.00
randomArrays,3,335,0.10,0.00,0.00
randomArrays,3,145,0.03,0.00,0.00
randomArrays,3,61,0.02,0.00,0.00
randomArrays,3,88,0.02,0.00,0.00
randomArrays,3,442,0.17,0.00,0.00
randomArrays,3,729,0.43,0.00,0.00
randomArrays,3,312,0.11,0.00,0.00
randomArrays,3,620,0.34,0.00,0.00
randomArrays,3,77,0.02,0.00,0.00
randomArrays,3,784,0.50,0.00,0.00
randomArrays,3,720,0.35,0.00,0.00
randomArrays,3,796,0.58,0.00,0.00
randomArrays,3,81,0.01,0.00,0.00
randomArrays,3,900,0.64,0.00,0.00
randomArrays,3,570,0.38,0.00,0.00
randomArrays,3,749,0.44,0.00,0.00
randomArrays,3,723,0.43,0.00,0.00
randomArrays,3,54,0.01,0.00,0.00
randomArrays,3,261,0.08,0.00,0.00
randomArrays,3,831,0.50,0.00,0.00
randomArrays,3,133,0.03,0.00,0.00
randomArrays,3,165,0.04,0.00,0.00
randomArrays,3,441,0.18,0.00,0.00
randomArrays,3,782,0.51,0.00,0.00
randomArrays,3,384,0.14,0.00,0.00
randomArrays,3,283,0.08,0.00,0.00
randomArrays,3,71,0.01,0.00,0.00
randomArrays,3,374,0.14,0.00,0.00
randomArrays,3,204,0.06,0.00,0.00
randomArrays,3,437,0.18,0.00,0.00
randomArrays,3,662,0.39,0.00,0.00
randomArrays,3,821,0.44,0.00,0.00
randomArrays,3,198,0.05,0.00,0.00
randomArrays,3,776,0.49,0.00,0.00
randomArrays,3,124,0.03,0.00,0.00
randomArrays,3,202,0.06,0.00,0.00
randomArrays,3,806,0.69,0.00,0.00
randomArrays,3,448,0.22,0.00,0.00
randomArrays,3,383,0.15,0.00,0.00
randomArrays,3,992,0.68,0.00,0.00
randomArrays,3,714,0.35,0.00,0.00
randomArrays,3,528,0.24,0.00,0.00
randomArrays,3,137,0.03,0.00,0.00
randomArrays,3,122,0.03,0.00,0.00
randomArrays,3,883,0.58,0.00,0.00
randomArrays,3,614,0.37,0.00,0.00
randomArrays,3,841,0.56,0.00,0.00
randomArrays,3,471,0.40,0.00,0.00
randomArrays,3,871,0.53,0.00,0.00
randomArrays,3,938,0.88,0.00,0.00
randomArrays,3,238,0.08,0.00,0.00
randomArrays,3,772,0.50,0.00,0.00
randomArrays,3,334,0.11,0.00,0.00
randomArrays,3,274,0.08,0.00,0.00
randomArrays,3,385,0.15,0.00,0.00
randomArrays,3,455,0.20,0.00,0.00
randomArrays,3,202,0.14,0.00,0.00
randomArrays,3,349,0.11,0.00,0.00
randomArrays,3,170,0.04,0.00,0.00
randomArrays,3,365,0.17,0.00,0.00
randomArrays,3,921,0.76,0.00,0.00
randomArrays,3,368,0.12,0.00,0.00
randomArrays,3,851,0.50,0.00,0.00
randomArrays,3,736,0.47,0.00,0.00
randomArrays,3,64,0.02,0.00,0.00
randomArrays,3,371,0.16,0.00,0.00
randomArrays,3,962,1.27,0.00,0.00
randomArrays,3,758,0.73,0.00,0.00
randomArrays,3,565,0.26,0.00,0.00
randomArrays,3,246,0.08,0.00,0.00
randomArrays,3,390,0.17,15.63,0.00
randomArrays,3,833,0.62,0.00,0.00
randomArrays,3,359,0.13,0.00,0.00
randomArrays,3,647,0.40,0.00,0.00
randomArrays,3,830,0.51,0.00,0.00
randomArrays,3,790,1.22,0.00,0.00
randomArrays,3,789,0.52,0.00,0.00
randomArrays,3,33,0.01,0.00,0.00
randomArrays,3,324,0.20,0.00,0.00
randomArrays,3,460,0.18,0.00,0.00
randomArrays,3,660,0.39,0.00,0.00
randomArrays,3,553,0.33,0.00,0.00
randomArrays,3,181,0.04,0.00,0.00
randomArrays,3,106,0.02,0.00,0.00
randomArrays,3,198,0.05,0.00,0.00
randomArrays,3,795,0.51,0.00,0.00
randomArrays,3,149,0.04,0.00,0.00
randomArrays,3,42,0.01,0.00,0.00
randomArrays,3,538,0.28,0.00,0.00
randomArrays,3,405,0.19,0.00,0.00
randomArrays,3,741,0.44,0.00,0.00
randomArrays,3,88,0.02,0.00,0.00
randomArrays,3,896,0.94,0.00,0.00
randomArrays,3,574,0.64,0.00,0.00
randomArrays,3,34,0.01,0.00,0.00
randomArrays,3,83,0.02,0.00,0.00
randomArrays,3,311,0.09,0.00,0.00
randomArrays,3,168,0.14,0.00,0.00
randomArrays,3,720,0.49,0.00,0.00
randomArrays,3,499,0.25,0.00,0.00
randomArrays,3,280,0.08,0.00,0.00
randomArrays,3,960,0.82,0.00,0.00
randomArrays,3,351,0.32,0.00,0.00
randomArrays,3,840,0.57,0.00,0.00
randomArrays,3,826,0.71,0.00,0.00
randomArrays,3,780,0.53,0.00,0.00
randomArrays,3,592,0.34,0.00,0.00
randomArrays,3,601,0.30,0.00,0.00
randomArrays,3,924,1.74,0.00,0.00
randomArrays,3,630,0.33,0.00,0.00
randomArrays,3,738,0.50,0.00,0.00
randomArrays,3,43,0.01,0.00,0.00
randomArrays,3,546,0.53,0.00,0.00
randomArrays,3,118,0.03,0.00,0.00
randomArrays,3,812,0.60,0.00,0.00
randomArrays,3,636,0.38,0.00,0.00
randomArrays,3,253,0.08,0.00,0.00
randomArrays,3,443,0.20,0.00,0.00
randomArrays,3,292,0.10,0.00,0.00
randomArrays,3,723,0.39,0.00,0.00
randomArrays,3,398,0.12,0.00,0.00
randomArrays,3,368,0.14,0.00,0.00
randomArrays,3,534,0.33,0.00,0.00
randomArrays,3,899,0.68,0.00,0.00
randomArrays,3,137,0.03,0.00,0.00
randomArrays,3,187,0.05,0.00,0.00
randomArrays,3,164,0.09,0.00,0.00
randomArrays,3,735,0.48,0.00,0.00
randomArrays,3,524,0.28,0.00,0.00
randomArrays,3,512,0.55,0.00,0.00
randomArrays,3,15,0.01,0.00,0.00
randomArrays,3,737,0.43,0.00,0.00
randomArrays,3,616,0.57,0.00,0.00
randomArrays,3,349,0.12,0.00,0.00
randomArrays,3,645,0.41,0.00,0.00
randomArrays,3,502,0.22,0.00,0.00
randomArrays,3,932,0.61,0.00,0.00
randomArrays,3,778,1.09,0.00,0.00
randomArrays,3,126,0.22,0.00,0.00
randomArrays,3,836,0.62,0.00,0.00
randomArrays,3,911,0.60,0.00,0.00
randomArrays,3,265,0.08,0.00,0.00
randomArrays,3,694,0.38,0.00,0.00
randomArrays,3,188,0.10,0.00,0.00
randomArrays,3,282,0.08,0.00,0.00
randomArrays,3,347,0.13,0.00,0.00
randomArrays,3,768,0.41,0.00,0.00
randomArrays,3,778,0.49,0.00,0.00
randomArrays,3,549,0.38,0.00,0.00
randomArrays,3,12,0.01,0.00,0.00
randomArrays,3,336,0.14,0.00,0.00
randomArrays,3,949,0.71,0.00,0.00
randomArrays,3,179,0.04,0.00,0.00
randomArrays,3,634,0.39,0.00,0.00
randomArrays,3,38,0.01,0.00,0.00
randomArrays,3,123,0.03,0.00,0.00
randomArrays,3,282,0.08,0.00,0.00
randomArrays,3,452,0.19,0.00,0.00
randomArrays,3,217,0.06,0.00,0.00
randomArrays,3,629,0.39,0.00,0.00
randomArrays,3,275,0.09,0.00,0.00
randomArrays,3,66,0.01,0.00,0.00
randomArrays,3,308,0.10,0.00,0.00
randomArrays,3,809,0.58,0.00,0.00
randomArrays,3,634,0.46,0.00,0.00
randomArrays,3,478,0.19,0.00,0.00
randomArrays,3,336,0.14,0.00,0.00
randomArrays,3,672,0.47,0.00,0.00
randomArrays,3,583,0.36,0.00,0.00
randomArrays,3,413,0.16,0.00,0.00
randomArrays,3,683,0.39,0.00,0.00
randomArrays,3,463,0.20,0.00,0.00
randomArrays,3,267,0.08,0.00,0.00
randomArrays,3,73,0.02,0.00,0.00
randomArrays,3,641,0.38,0.00,0.00
randomArrays,3,827,0.62,0.00,0.00
randomArrays,3,864,0.94,0.00,0.00
randomArrays,3,672,0.44,0.00,0.00
randomArrays,3,948,0.89,0.00,0.00
randomArrays,3,523,0.22,0.00,0.00
randomArrays,3,113,0.03,0.00,0.00
randomArrays,3,855,0.57,0.00,0.00
randomArrays,3,764,0.54,0.00,0.00
randomArrays,3,559,0.28,0.00,0.00
randomArrays,3,256,0.08,0.00,0.00
randomArrays,3,861,0.46,0.00,0.00
randomArrays,3,215,0.11,0.00,0.00
randomArrays,3,610,0.57,0.00,0.00
randomArrays,3,133,0.03,0.00,0.00
randomArrays,3,721,0.65,0.00,0.00
randomArrays,3,826,0.52,0.00,0.00
randomArrays,3,732,0.44,0.00,0.00
randomArrays,3,218,0.05,0.00,0.00
randomArrays,3,897,0.66,0.00,0.00
randomArrays,3,95,0.02,0.00,0.00
randomArrays,3,596,0.36,0.00,0.00
randomArrays,3,333,0.11,0.00,0.00
randomArrays,3,139,0.03,0.00,0.00
randomArrays,3,90,0.02,0.00,0.00
randomArrays,3,724,0.38,0.00,0.00
randomArrays,3,24,0.01,0.00,0.00
randomArrays,3,182,0.05,0.00,0.00
randomArrays,3,440,0.18,0.00,0.00
randomArrays,3,521,0.23,0.00,0.00
randomArrays,3,653,0.40,0.00,0.00
randomArrays,3,422,0.18,0.00,0.00
randomArrays,3,919,0.68,0.00,0.00
randomArrays,3,399,0.17,0.00,0.00
randomArrays,3,148,0.04,0.00,0.00
randomArrays,3,651,0.42,0.00,0.00
randomArrays,3,953,0.58,0.00,0.00
randomArrays,3,205,0.05,0.00,0.00
randomArrays,3,713,0.59,0.00,0.00
randomArrays,3,335,0.12,0.00,0.00
randomArrays,3,800,1.10,0.00,0.00
randomArrays,3,263,0.07,0.00,0.00
randomArrays,3,305,0.10,0.00,0.00
randomArrays,3,772,0.42,0.00,0.00
randomArrays,3,760,0.42,0.00,0.00
randomArrays,3,985,0.75,0.00,0.00
randomArrays,3,468,0.18,0.00,0.00
randomArrays,3,542,0.30,0.00,0.00
randomArrays,3,137,0.03,0.00,0.00
randomArrays,3,877,0.93,0.00,0.00
randomArrays,3,407,0.16,0.00,0.00
randomArrays,3,13,0.01,0.00,0.00
randomArrays,3,857,0.95,0.00,0.00
randomArrays,3,961,0.77,0.00,0.00
randomArrays,3,963,0.61,0.00,0.00
randomArrays,3,792,0.40,0.00,0.00
randomArrays,3,190,0.05,0.00,0.00
randomArrays,3,859,0.91,0.00,0.00
randomArrays,3,989,0.79,0.00,0.00
randomArrays,3,816,0.60,0.00,0.00
randomArrays,3,950,0.70,0.00,0.00
randomArrays,3,241,0.08,0.00,0.00
randomArrays,3,957,0.66,0.00,0.00
randomArrays,3,155,0.04,0.00,0.00
randomArrays,3,625,0.37,0.00,0.00
randomArrays,3,573,0.38,0.00,0.00
randomArrays,3,278,0.09,0.00,0.00
randomArrays,3,67,0.01,0.00,0.00
randomArrays,3,785,0.59,0.00,0.00
randomArrays,3,576,0.46,0.00,0.00
randomArrays,3,949,0.71,0.00,0.00
randomArrays,3,274,0.08,0.00,0.00
randomArrays,3,827,0.60,0.00,0.00
randomArrays,3,246,0.08,0.00,0.00
randomArrays,3,497,0.23,0.00,0.00
randomArrays,3,98,0.02,0.00,0.00
randomArrays,3,87,0.02,0.00,0.00
randomArrays,3,362,0.13,0.00,0.00
randomArrays,3,748,0.74,0.00,0.00
randomArrays,3,553,0.53,0.00,0.00
randomArrays,3,931,0.69,0.00,0.00
randomArrays,3,24,0.01,0.00,0.00
randomArrays,3,836,0.74,0.00,0.00
randomArrays,3,524,0.69,0.00,0.00
randomArrays,3,286,0.08,0.00,0.00
randomArrays,3,379,0.12,0.00,0.00
randomArrays,3,654,0.35,0.00,0.00
randomArrays,3,795,0.85,0.00,0.00
randomArrays,3,335,0.12,0.00,0.00
randomArrays,3,218,0.06,0.00,0.00
randomArrays,3,390,0.16,0.00,0.00
randomArrays,3,80,0.02,0.00,0.00
randomArrays,3,602,0.59,0.00,0.00
randomArrays,3,687,0.42,0.00,0.00
randomArrays,3,573,0.32,0.00,0.00
randomArrays,3,857,0.67,0.00,0.00
randomArrays,3,484,0.22,0.00,0.00
randomArrays,3,633,0.42,0.00,0.00
randomArrays,3,393,0.17,0.00,0.00
randomArrays,3,953,0.63,0.00,0.00
randomArrays,3,718,0.41,0.00,0.00
randomArrays,3,330,0.21,0.00,0.00
randomArrays,3,273,0.08,0.00,0.00
randomArrays,3,323,0.10,0.00,0.00
randomArrays,3,971,0.62,0.00,0.00
randomArrays,3,156,0.04,0.00,0.00
randomArrays,3,971,0.82,0.00,0.00
randomArrays,3,202,0.05,0.00,0.00
randomArrays,3,201,0.06,0.00,0.00
randomArrays,3,230,0.10,0.00,0.00
randomArrays,3,953,0.73,0.00,0.00
randomArrays,3,399,0.18,0.00,0.00
randomArrays,3,354,0.13,0.00,0.00
randomArrays,3,334,0.12,0.00,0.00
randomArrays,3,538,0.23,0.00,0.00
randomArrays,3,238,0.07,0.00,0.00
randomArrays,3,415,0.14,0.00,0.00
randomArrays,3,498,0.23,0.00,0.00
randomArrays,3,193,0.05,0.00,0.00
randomArrays,3,125,0.03,0.00,0.00
randomArrays,3,100,0.07,0.00,0.00
randomArrays,3,742,0.47,0.00,0.00
randomArrays,3,588,0.35,0.00,0.00
randomArrays,3,355,0.14,0.00,0.00
randomArrays,3,923,0.58,0.00,0.00
randomArrays,3,167,0.04,0.00,0.00
randomArrays,3,518,0.21,0.00,0.00
randomArrays,3,649,0.30,0.00,0.00
randomArrays,3,280,0.09,0.00,0.00
randomArrays,3,842,1.27,0.00,0.00
randomArrays,3,586,0.35,0.00,0.00
randomArrays,3,519,0.26,0.00,0.00
randomArrays,3,112,0.04,0.00,0.00
randomArrays,3,320,0.11,0.00,0.00
randomArrays,3,955,1.08,0.00,0.00
randomArrays,3,61,0.01,0.00,0.00
randomArrays,3,709,0.39,0.00,0.00
randomArrays,3,671,0.32,0.00,0.00
randomArrays,3,437,0.24,0.00,0.00
randomArrays,3,917,0.68,0.00,0.00
randomArrays,3,499,0.23,0.00,0.00
randomArrays,3,503,0.23,0.00,0.00
randomArrays,3,676,0.42,0.00,0.00
randomArrays,3,594,0.38,0.00,0.00
randomArrays,3,48,0.01,0.00,0.00
randomArrays,3,590,0.34,0.00,0.00
randomArrays,3,861,0.69,0.00,0.00
randomArrays,3,363,0.11,0.00,0.00
randomArrays,3,969,0.66,0.00,0.00
randomArrays,3,912,0.58,0.00,0.00
randomArrays,3,779,0.53,0.00,0.00
randomArrays,3,301,0.15,0.00,0.00
randomArrays,3,545,0.26,0.00,0.00
randomArrays,3,24,0.01,0.00,0.00
randomArrays,3,953,0.82,0.00,0.00
randomArrays,3,440,0.17,0.00,0.00
randomArrays,3,997,0.72,0.00,0.00
randomArrays,3,661,0.30,0.00,0.00
randomArrays,3,583,0.25,0.00,0.00
randomArrays,3,478,0.19,0.00,0.00
randomArrays,3,220,0.06,0.00,0.00
randomArrays,3,458,0.16,0.00,0.00
randomArrays,3,783,0.48,0.00,0.00
randomArrays,3,554,0.27,0.00,0.00
randomArrays,3,167,0.04,0.00,0.00
randomArrays,3,338,0.12,0.00,0.00
randomArrays,3,321,0.12,0.00,0.00
randomArrays,3,993,0.74,0.00,0.00
randomArrays,3,414,0.16,0.00,0.00
randomArrays,3,630,0.29,0.00,0.00
randomArrays,3,572,0.54,0.00,0.00
randomArrays,3,119,0.03,0.00,0.00
randomArrays,3,852,0.67,0.00,0.00
randomArrays,3,392,0.15,0.00,0.00
randomArrays,3,744,0.49,0.00,0.00
randomArrays,3,767,0.52,0.00,0.00
randomArrays,3,419,0.16,0.00,0.00
randomArrays,3,186,0.04,0.00,0.00
randomArrays,3,498,0.23,0.00,0.00
randomArrays,3,369,0.33,0.00,0.00
randomArrays,3,545,0.26,0.00,0.00
randomArrays,3,585,0.27,0.00,0.00
randomArrays,3,232,0.06,0.00,0.00
randomArrays,3,683,0.46,0.00,0.00
randomArrays,3,373,0.16,0.00,0.00
randomArrays,3,67,0.02,0.00,0.00
randomArrays,3,47,0.01,0.00,0.00
randomArrays,3,353,0.13,0.00,0.00
randomArrays,3,165,0.04,0.00,0.00
randomArrays,3,822,0.63,0.00,0.00
randomArrays,3,207,0.06,0.00,0.00
randomArrays,3,365,0.15,0.00,0.00
randomArrays,3,33,0.01,0.00,0.00
randomArrays,3,324,0.11,0.00,0.00
randomArrays,3,533,0.23,0.00,0.00
randomArrays,3,467,0.18,0.00,0.00
randomArrays,3,653,0.38,0.00,0.00
randomArrays,3,262,0.07,0.00,0.00
randomArrays,3,26,0.01,0.00,0.00
randomArrays,3,705,0.40,0.00,0.00
randomArrays,3,945,0.66,0.00,0.00
randomArrays,3,145,0.04,0.00,0.00
randomArrays,3,987,0.75,0.00,0.00
randomArrays,3,40,0.01,0.00,0.00
randomArrays,3,418,0.18,0.00,0.00
randomArrays,3,20,0.01,0.00,0.00
randomArrays,3,618,0.29,0.00,0.00
randomArrays,3,463,0.27,0.00,0.00
randomArrays,3,310,0.10,0.00,0.00
randomArrays,3,753,0.37,0.00,0.00
randomArrays,3,203,0.06,0.00,0.00
randomArrays,3,756,0.44,0.00,0.00
randomArrays,3,998,0.81,0.00,0.00
randomArrays,3,631,0.29,0.00,0.00
randomArrays,3,788,0.52,0.00,0.00
randomArrays,3,364,0.13,0.00,0.00
randomArrays,3,435,0.19,0.00,0.00
randomArrays,3,379,0.16,0.00,0.00
randomArrays,3,208,0.06,0.00,0.00
randomArrays,3,503,0.26,0.00,0.00
randomArrays,3,97,0.02,0.00,0.00
randomArrays,3,266,0.09,0.00,0.00
randomArrays,3,828,0.51,0.00,0.00
randomArrays,3,319,0.10,0.00,0.00
randomArrays,3,898,1.10,0.00,0.00
randomArrays,3,380,0.23,0.00,0.00
randomArrays,3,450,0.27,0.00,0.00
randomArrays,3,142,0.03,0.00,0.00
randomArrays,3,434,0.26,0.00,0.00
randomArrays,3,96,0.03,0.00,0.00
randomArrays,3,641,0.80,0.00,0.00
randomArrays,3,538,0.22,0.00,0.00
randomArrays,3,502,0.26,0.00,0.00
randomArrays,3,599,0.32,0.00,0.00
randomArrays,3,299,0.11,0.00,0.00
randomArrays,3,620,0.44,0.00,0.00
randomArrays,3,606,0.36,0.00,0.00
randomArrays,3,282,0.09,0.00,0.00
randomArrays,3,205,0.05,0.00,0.00
randomArrays,3,504,0.23,0.00,0.00
randomArrays,3,315,0.10,0.00,0.00
randomArrays,3,739,0.40,0.00,0.00
randomArrays,3,226,0.07,0.00,0.00
randomArrays,3,239,0.07,0.00,0.00
randomArrays,3,656,1.16,0.00,0.00
randomArrays,3,467,0.21,0.00,0.00
randomArrays,3,855,1.17,0.00,0.00
randomArrays,3,12,0.01,0.00,0.00
randomArrays,3,751,0.52,0.00,0.00
randomArrays,3,426,0.15,0.00,0.00
randomArrays,3,735,0.49,0.00,0.00
randomArrays,3,321,0.10,0.00,0.00
randomArrays,3,522,0.27,0.00,0.00
randomArrays,3,888,0.54,0.00,0.00
randomArrays,3,118,0.03,0.00,0.00
randomArrays,3,813,0.43,0.00,0.00
randomArrays,3,547,0.28,0.00,0.00
randomArrays,3,860,0.71,0.00,0.00
randomArrays,3,189,0.05,0.00,0.00
randomArrays,3,668,0.53,0.00,0.00
randomArrays,3,583,0.26,0.00,0.00
randomArrays,3,489,0.54,0.00,0.00
randomArrays,3,414,0.19,0.00,0.00
randomArrays,3,905,0.75,0.00,0.00
randomArrays,3,742,0.43,0.00,0.00
randomArrays,3,358,0.11,0.00,0.00
randomArrays,3,741,0.47,0.00,0.00
randomArrays,3,470,0.30,0.00,0.00
randomArrays,3,111,0.02,0.00,0.00
randomArrays,3,546,0.31,0.00,0.00
randomArrays,3,591,0.54,0.00,0.00
randomArrays,3,884,0.56,0.00,0.00
randomArrays,3,684,0.42,0.00,0.00
randomArrays,3,975,0.76,0.00,0.00
randomArrays,3,739,0.61,0.00,0.00
randomArrays,3,725,0.43,0.00,0.00
randomArrays,3,893,0.68,0.00,0.00
randomArrays,3,16,0.01,0.00,0.00
randomArrays,3,467,0.22,0.00,0.00
randomArrays,3,307,0.10,0.00,0.00
randomArrays,3,235,0.06,0.00,0.00
randomArrays,3,377,0.13,0.00,0.00
randomArrays,3,448,0.49,0.00,0.00
randomArrays,3,999,0.78,0.00,0.00
randomArrays,3,98,0.02,0.00,0.00
randomArrays,3,456,0.33,0.00,0.00
randomArrays,3,118,0.02,0.00,0.00
randomArrays,3,406,0.17,0.00,0.00
randomArrays,3,33,0.01,0.00,0.00
randomArrays,3,517,0.60,0.00,0.00
randomArrays,3,248,0.07,0.00,0.00
randomArrays,3,61,0.01,0.00,0.00
randomArrays,3,547,0.25,0.00,0.00
randomArrays,3,602,0.32,0.00,0.00
randomArrays,3,579,0.46,0.00,0.00
randomArrays,3,972,0.67,0.00,0.00
randomArrays,3,653,0.45,0.00,0.00
randomArrays,3,866,0.56,0.00,0.00
randomArrays,3,417,0.20,0.00,0.00
randomArrays,3,386,0.13,0.00,0.00
randomArrays,3,349,0.12,0.00,0.00
randomArrays,3,598,0.25,0.00,0.00
randomArrays,3,856,0.63,0.00,0.00
randomArrays,3,152,0.08,0.00,0.00
randomArrays,3,436,0.16,0.00,0.00
randomArrays,3,356,0.15,0.00,0.00
randomArrays,3,598,0.56,0.00,0.00
randomArrays,3,578,0.32,0.00,0.00
randomArrays,3,786,0.57,0.00,0.00
randomArrays,3,124,0.03,0.00,0.00
randomArrays,3,439,0.19,0.00,0.00
randomArrays,3,492,0.22,0.00,0.00
randomArrays,3,207,0.14,0.00,0.00
randomArrays,3,100,0.02,0.00,0.00
randomArrays,3,591,0.33,0.00,0.00
randomArrays,3,397,0.24,0.00,0.00
randomArrays,3,295,0.23,0.00,0.00
randomArrays,3,733,0.85,0.00,0.00
randomArrays,3,231,0.08,0.00,0.00
randomArrays,3,565,0.30,0.00,0.00
randomArrays,3,910,0.68,0.00,0.00
randomArrays,3,74,0.02,0.00,0.00
randomArrays,3,647,0.46,0.00,0.00
randomArrays,3,456,0.22,0.00,0.00
randomArrays,3,954,0.63,0.00,0.00
randomArrays,3,495,0.56,0.00,0.00
randomArrays,3,487,0.31,0.00,0.00
randomArrays,3,559,0.21,0.00,0.00
randomArrays,3,512,0.21,0.00,0.00
randomArrays,3,247,0.07,0.00,0.00
randomArrays,3,219,0.07,0.00,0.00
randomArrays,3,839,0.53,0.00,0.00
randomArrays,3,887,0.65,0.00,0.00
randomArrays,3,942,0.61,0.00,0.00
randomArrays,3,920,0.65,0.00,0.00
randomArrays,3,868,0.60,0.00,0.00
randomArrays,3,25,0.01,0.00,0.00
randomArrays,3,174,0.05,0.00,0.00
randomArrays,3,818,0.77,0.00,0.00
randomArrays,3,660,0.50,0.00,0.00
randomArrays,3,592,0.30,0.00,0.00
randomArrays,3,942,0.65,0.00,0.00
randomArrays,3,962,0.92,0.00,0.00
randomArrays,3,254,0.07,0.00,0.00
randomArrays,3,527,0.20,0.00,0.00
randomArrays,3,786,0.42,0.00,0.00
randomArrays,3,179,0.04,0.00,0.00
randomArrays,3,678,0.35,0.00,0.00
randomArrays,3,950,0.59,0.00,0.00
randomArrays,3,538,0.26,0.00,0.00
randomArrays,3,185,0.05,0.00,0.00
randomArrays,3,689,0.41,0.00,0.00
randomArrays,3,161,0.04,0.00,0.00
randomArrays,3,509,0.46,0.00,0.00
randomArrays,3,376,0.18,0.00,0.00
randomArrays,3,766,0.49,0.00,0.00
randomArrays,3,706,0.47,0.00,0.00
randomArrays,3,644,0.61,0.00,0.00
randomArrays,3,758,0.50,0.00,0.00
randomArrays,3,747,0.44,0.00,0.00
randomArrays,3,349,0.14,0.00,0.00
randomArrays,3,574,0.24,0.00,0.00
randomArrays,3,888,1.16,0.00,0.00
randomArrays,3,235,0.07,0.00,0.00
randomArrays,3,653,0.34,0.00,0.00
randomArrays,3,630,0.43,0.00,0.00
randomArrays,3,76,0.01,0.00,0.00
randomArrays,3,436,0.17,0.00,0.00
randomArrays,3,771,0.48,0.00,0.00
randomArrays,3,217,0.07,0.00,0.00
randomArrays,3,419,0.16,0.00,0.00
randomArrays,3,860,0.66,0.00,0.00
randomArrays,3,288,0.17,0.00,0.00
randomArrays,3,280,0.09,0.00,0.00
randomArrays,3,242,0.08,0.00,0.00
randomArrays,3,602,0.30,0.00,0.00
randomArrays,3,44,0.03,0.00,0.00
randomArrays,3,547,0.23,0.00,0.00
randomArrays,3,860,0.65,0.00,0.00
randomArrays,3,737,0.44,0.00,0.00
randomArrays,3,738,0.51,0.00,0.00
randomArrays,3,725,0.42,0.00,0.00
randomArrays,3,684,0.36,0.00,0.00
randomArrays,3,233,0.07,0.00,0.00
randomArrays,3,342,0.12,0.00,0.00
randomArrays,3,855,0.66,0.00,0.00
randomArrays,3,861,0.73,0.00,0.00
randomArrays,3,566,0.45,0.00,0.00
randomArrays,3,406,0.17,0.00,0.00
randomArrays,3,192,0.05,0.00,0.00
randomArrays,3,850,0.69,0.00,0.00
randomArrays,3,609,0.46,0.00,0.00
randomArrays,3,18,0.01,0.00,0.00
randomArrays,3,482,0.21,0.00,0.00
randomArrays,3,264,0.09,0.00,0.00
randomArrays,3,319,0.15,0.00,0.00
randomArrays,3,252,0.08,0.00,0.00
randomArrays,3,342,0.28,0.00,0.00
randomArrays,3,252,0.06,0.00,0.00
randomArrays,3,205,0.05,0.00,0.00
randomArrays,3,942,0.74,0.00,0.00
randomArrays,3,744,0.52,0.00,0.00
randomArrays,3,537,0.29,0.00,0.00
randomArrays,3,501,0.22,0.00,0.00
randomArrays,3,853,0.70,0.00,0.00
randomArrays,3,341,0.12,0.00,0.00
randomArrays,3,800,0.60,0.00,0.00
randomArrays,3,857,0.54,0.00,0.00
randomArrays,3,427,0.18,0.00,0.00
randomArrays,3,647,0.32,0.00,0.00
randomArrays,3,76,0.02,0.00,0.00
randomArrays,3,677,0.32,0.00,0.00
randomArrays,3,579,0.28,0.00,0.00
randomArrays,3,731,0.67,0.00,0.00
randomArrays,3,704,0.50,0.00,0.00
randomArrays,3,266,0.08,0.00,0.00
randomArrays,3,961,0.57,0.00,0.00
randomArrays,3,263,0.10,0.00,0.00
randomArrays,3,434,0.18,0.00,0.00
randomArrays,3,484,0.20,0.00,0.00
randomArrays,3,163,0.04,0.00,0.00
randomArrays,3,984,0.59,0.00,0.00
randomArrays,3,211,0.06,0.00,0.00
randomArrays,3,185,0.05,0.00,0.00
randomArrays,3,467,0.20,0.00,0.00
randomArrays,3,214,0.06,0.00,0.00
randomArrays,3,35,0.01,0.00,0.00
randomArrays,3,141,0.03,0.00,0.00
randomArrays,3,559,0.25,0.00,0.00
randomArrays,3,706,0.39,0.00,0.00
randomArrays,3,68,0.02,0.00,0.00
randomArrays,3,12,0.01,0.00,0.00
randomArrays,3,405,0.16,0.00,0.00
randomArrays,3,288,0.09,0.00,0.00
randomArrays,3,955,0.65,0.00,0.00
randomArrays,3,50,0.01,0.00,0.00
randomArrays,3,752,0.41,0.00,0.00
randomArrays,3,695,0.43,0.00,0.00
randomArrays,3,186,0.04,0.00,0.00
randomArrays,3,737,0.54,0.00,0.00
randomArrays,3,948,0.69,0.00,0.00
randomArrays,3,151,0.07,0.00,0.00
randomArrays,3,46,0.01,0.00,0.00
randomArrays,3,968,0.66,0.00,0.00
randomArrays,3,333,0.13,0.00,0.00
randomArrays,3,189,0.05,0.00,0.00
randomArrays,3,190,0.05,0.00,0.00
randomArrays,3,589,0.28,0.00,0.00
randomArrays,3,230,0.06,0.00,0.00
randomArrays,3,535,0.45,0.00,0.00
randomArrays,3,189,0.14,0.00,0.00
randomArrays,3,948,0.79,0.00,0.00
randomArrays,3,834,0.70,0.00,0.00
randomArrays,3,273,0.08,0.00,0.00
randomArrays,3,773,0.50,0.00,0.00
randomArrays,3,342,0.12,0.00,0.00
randomArrays,3,995,0.70,0.00,0.00
randomArrays,3,221,0.06,0.00,0.00
randomArrays,3,519,0.25,0.00,0.00
randomArrays,3,479,0.17,0.00,0.00
randomArrays,3,155,0.08,0.00,0.00
randomArrays,3,756,0.46,0.00,0.00
randomArrays,3,658,0.37,0.00,0.00
randomArrays,3,213,0.06,0.00,0.00
randomArrays,3,467,0.20,0.00,0.00
randomArrays,3,191,0.06,0.00,0.00
randomArrays,3,744,0.43,0.00,0.00
randomArrays,3,122,0.03,0.00,0.00
randomArrays,3,178,0.05,0.00,0.00
randomArrays,3,760,0.50,0.00,0.00
randomArrays,3,524,0.23,0.00,0.00
randomArrays,3,264,0.08,0.00,0.00
randomArrays,3,733,0.48,0.00,0.00
randomArrays,3,759,0.43,0.00,0.00
randomArrays,3,177,0.05,0.00,0.00
randomArrays,3,53,0.01,0.00,0.00
randomArrays,3,429,0.20,0.00,0.00
randomArrays,3,508,0.32,0.00,0.00
randomArrays,3,919,0.57,0.00,0.00
randomArrays,3,412,0.14,0.00,0.00
randomArrays,3,503,0.33,0.00,0.00
randomArrays,3,115,0.04,0.00,0.00
randomArrays,3,851,0.59,0.00,0.00
randomArrays,3,848,0.57,0.00,0.00
randomArrays,3,652,0.42,0.00,0.00
randomArrays,3,693,0.33,0.00,0.00
randomArrays,3,662,0.30,0.00,0.00
randomArrays,3,815,1.07,0.00,0.00
randomArrays,3,679,0.37,0.00,0.00
randomArrays,3,141,0.03,0.00,0.00
randomArrays,3,458,0.21,0.00,0.00
randomArrays,3,378,0.18,0.00,0.00
randomArrays,3,662,0.37,0.00,0.00
randomArrays,3,809,0.48,0.00,0.00
randomArrays,3,960,0.73,0.00,0.00
randomArrays,3,454,0.22,0.00,0.00
randomArrays,3,513,0.19,0.00,0.00
randomArrays,3,965,1.38,0.00,0.00
randomArrays,3,855,0.50,0.00,0.00
randomArrays,3,257,0.13,0.00,0.00
randomArrays,3,932,0.75,0.00,0.00
randomArrays,3,112,0.03,0.00,0.00
randomArrays,3,264,0.08,0.00,0.00
randomArrays,3,404,0.15,0.00,0.00
randomArrays,3,830,0.53,0.00,0.00
randomArrays,3,115,0.02,0.00,0.00
randomArrays,3,906,0.91,0.00,0.00
