dataset,run,arraylength,time,cputime,memory
randomArrays,1,469,2.35,0.00,79.31
randomArrays,1,783,0.45,0.00,0.00
randomArrays,1,464,0.25,0.00,0.00
randomArrays,1,267,0.15,0.00,0.00
randomArrays,1,828,0.64,0.00,0.00
randomArrays,1,607,0.20,0.00,0.00
randomArrays,1,319,0.13,0.00,0.00
randomArrays,1,431,0.23,0.00,0.00
randomArrays,1,941,0.38,0.00,0.00
randomArrays,1,937,0.40,0.00,0.00
randomArrays,1,619,0.52,0.00,0.00
randomArrays,1,370,0.15,0.00,0.00
randomArrays,1,478,0.16,0.00,0.00
randomArrays,1,107,0.09,0.00,0.00
randomArrays,1,910,0.31,0.00,0.00
randomArrays,1,381,0.17,0.00,0.00
randomArrays,1,699,0.21,0.00,0.00
randomArrays,1,452,0.17,0.00,0.00
randomArrays,1,882,0.38,0.00,0.00
randomArrays,1,697,0.28,0.00,0.00
randomArrays,1,39,0.04,0.00,0.00
randomArrays,1,382,0.17,0.00,0.00
randomArrays,1,980,0.47,0.00,0.00
randomArrays,1,202,0.10,0.00,0.00
randomArrays,1,674,0.49,0.00,0.00
randomArrays,1,184,0.10,0.00,0.00
randomArrays,1,853,0.36,0.00,0.00
randomArrays,1,101,0.06,0.00,0.00
randomArrays,1,329,0.14,0.00,0.00
randomArrays,1,837,0.35,0.00,0.00
randomArrays,1,952,0.43,0.00,0.00
randomArrays,1,676,0.24,0.00,0.00
randomArrays,1,248,0.13,0.00,0.00
randomArrays,1,845,0.41,0.00,0.00
randomArrays,1,707,0.31,0.00,0.00
randomArrays,1,458,0.19,0.00,0.00
randomArrays,1,219,0.11,0.00,0.00
randomArrays,1,268,0.12,0.00,0.00
randomArrays,1,201,0.11,0.00,0.00
randomArrays,1,520,0.19,0.00,0.00
randomArrays,1,832,0.32,0.00,0.00
randomArrays,1,800,0.32,0.00,0.00
randomArrays,1,753,0.28,0.00,0.00
randomArrays,1,286,0.15,0.00,0.00
randomArrays,1,841,0.33,0.00,0.00
randomArrays,1,240,0.10,0.00,0.00
randomArrays,1,370,0.19,0.00,0.00
randomArrays,1,287,0.10,0.00,0.00
randomArrays,1,89,0.05,0.00,0.00
randomArrays,1,881,0.31,0.00,0.00
randomArrays,1,187,0.08,0.00,0.00
randomArrays,1,373,0.11,0.00,0.00
randomArrays,1,194,0.09,0.00,0.00
randomArrays,1,382,0.27,0.00,0.00
randomArrays,1,826,0.30,0.00,0.00
randomArrays,1,781,0.33,0.00,0.00
randomArrays,1,814,0.38,0.00,0.00
randomArrays,1,525,0.21,0.00,0.00
randomArrays,1,136,0.07,0.00,0.00
randomArrays,1,454,0.19,0.00,0.00
randomArrays,1,563,0.27,0.00,0.00
randomArrays,1,226,0.12,0.00,0.00
randomArrays,1,345,0.14,0.00,0.00
randomArrays,1,514,0.19,0.00,0.00
randomArrays,1,871,0.30,0.00,0.00
randomArrays,1,939,0.26,0.00,0.00
randomArrays,1,397,0.20,0.00,0.00
randomArrays,1,429,0.16,0.00,0.00
randomArrays,1,421,0.17,0.00,0.00
randomArrays,1,747,0.29,0.00,0.00
randomArrays,1,19,0.03,0.00,0.00
randomArrays,1,74,0.05,0.00,0.00
randomArrays,1,259,0.12,0.00,0.00
randomArrays,1,846,0.36,0.00,0.00
randomArrays,1,789,0.33,0.00,0.00
randomArrays,1,671,0.23,0.00,0.00
randomArrays,1,368,0.13,0.00,0.00
randomArrays,1,448,0.18,0.00,0.00
randomArrays,1,237,0.16,0.00,0.00
randomArrays,1,627,0.25,0.00,0.00
randomArrays,1,584,0.25,0.00,0.00
randomArrays,1,328,0.13,0.00,0.00
randomArrays,1,606,0.14,0.00,0.00
randomArrays,1,563,0.13,0.00,0.00
randomArrays,1,774,0.19,0.00,0.00
randomArrays,1,206,0.07,0.00,0.00
randomArrays,1,907,0.17,0.00,0.00
randomArrays,1,37,0.02,0.00,0.00
randomArrays,1,878,0.22,0.00,0.00
randomArrays,1,284,0.07,0.00,0.00
randomArrays,1,853,0.18,0.00,0.00
randomArrays,1,247,0.07,0.00,0.00
randomArrays,1,241,0.06,0.00,0.00
randomArrays,1,348,0.08,0.00,0.00
randomArrays,1,814,0.25,0.00,0.00
randomArrays,1,245,0.13,0.00,0.00
randomArrays,1,335,0.07,0.00,0.00
randomArrays,1,497,0.10,0.00,0.00
randomArrays,1,280,0.08,0.00,0.00
randomArrays,1,664,0.12,0.00,0.00
randomArrays,1,523,0.12,0.00,0.00
randomArrays,1,841,0.26,0.00,0.00
randomArrays,1,290,0.07,0.00,0.00
randomArrays,1,158,0.05,0.00,0.00
randomArrays,1,783,0.19,0.00,0.00
randomArrays,1,638,0.15,0.00,0.00
randomArrays,1,314,0.08,0.00,0.00
randomArrays,1,484,0.11,0.00,0.00
randomArrays,1,972,0.20,0.00,0.00
randomArrays,1,652,0.16,0.00,0.00
randomArrays,1,543,0.16,0.00,0.00
randomArrays,1,487,0.12,0.00,0.00
randomArrays,1,686,0.15,0.00,0.00
randomArrays,1,183,0.04,0.00,0.00
randomArrays,1,572,0.11,0.00,0.00
randomArrays,1,747,0.16,0.00,0.00
randomArrays,1,780,0.18,0.00,0.00
randomArrays,1,828,0.19,0.00,0.00
randomArrays,1,591,0.16,0.00,0.00
randomArrays,1,415,0.10,0.00,0.00
randomArrays,1,648,0.14,0.00,0.00
randomArrays,1,204,0.06,0.00,0.00
randomArrays,1,510,0.13,0.00,0.00
randomArrays,1,422,0.08,0.00,0.00
randomArrays,1,541,0.10,0.00,0.00
randomArrays,1,875,0.19,0.00,0.00
randomArrays,1,742,0.12,0.00,0.00
randomArrays,1,384,0.10,0.00,0.00
randomArrays,1,266,0.06,0.00,0.00
randomArrays,1,137,0.04,0.00,0.00
randomArrays,1,970,0.27,0.00,0.00
randomArrays,1,685,0.14,0.00,0.00
randomArrays,1,665,0.16,0.00,0.00
randomArrays,1,319,0.09,0.00,0.00
randomArrays,1,808,0.18,0.00,0.00
randomArrays,1,143,0.04,0.00,0.00
randomArrays,1,147,0.04,0.00,0.00
randomArrays,1,929,0.19,0.00,0.00
randomArrays,1,906,0.17,0.00,0.00
randomArrays,1,425,0.11,0.00,0.00
randomArrays,1,736,0.48,0.00,0.00
randomArrays,1,65,0.03,0.00,0.00
randomArrays,1,305,0.08,0.00,0.00
randomArrays,1,194,0.05,0.00,0.00
randomArrays,1,545,0.12,0.00,0.00
randomArrays,1,49,0.02,0.00,0.00
randomArrays,1,731,0.16,0.00,0.00
randomArrays,1,712,0.13,0.00,0.00
randomArrays,1,732,0.14,0.00,0.00
randomArrays,1,57,0.03,0.00,0.00
randomArrays,1,983,0.17,0.00,0.00
randomArrays,1,345,0.07,0.00,0.00
randomArrays,1,152,0.04,0.00,0.00
randomArrays,1,963,0.15,0.00,0.00
randomArrays,1,544,0.13,0.00,0.00
randomArrays,1,870,0.26,0.00,0.00
randomArrays,1,557,0.10,0.00,0.00
randomArrays,1,168,0.05,0.00,0.00
randomArrays,1,373,0.08,0.00,0.00
randomArrays,1,416,0.08,0.00,0.00
randomArrays,1,942,0.17,0.00,0.00
randomArrays,1,966,0.22,0.00,0.00
randomArrays,1,363,0.08,0.00,0.00
randomArrays,1,955,0.19,0.00,0.00
randomArrays,1,626,0.14,0.00,0.00
randomArrays,1,948,0.24,0.00,0.00
randomArrays,1,193,0.04,0.00,0.00
randomArrays,1,361,0.08,0.00,0.00
randomArrays,1,195,0.05,0.00,0.00
randomArrays,1,905,0.19,0.00,0.00
randomArrays,1,105,0.03,0.00,0.00
randomArrays,1,750,0.13,0.00,0.00
randomArrays,1,565,0.08,0.00,0.00
randomArrays,1,538,0.11,0.00,0.00
randomArrays,1,488,0.12,0.00,0.00
randomArrays,1,30,0.02,0.00,0.00
randomArrays,1,554,0.13,0.00,0.00
randomArrays,1,407,0.09,0.00,0.00
randomArrays,1,958,0.20,0.00,0.00
randomArrays,1,137,0.04,0.00,0.00
randomArrays,1,101,0.02,0.00,0.00
randomArrays,1,633,0.15,0.00,0.00
randomArrays,1,44,0.02,0.00,0.00
randomArrays,1,738,0.16,0.00,0.00
randomArrays,1,763,0.16,0.00,0.00
randomArrays,1,319,0.07,0.00,0.00
randomArrays,1,682,0.15,0.00,0.00
randomArrays,1,820,0.16,0.00,0.00
randomArrays,1,896,0.19,0.00,0.00
randomArrays,1,712,0.15,0.00,0.00
randomArrays,1,554,0.13,0.00,0.00
randomArrays,1,940,0.24,0.00,0.00
randomArrays,1,787,0.14,0.00,0.00
randomArrays,1,255,0.06,0.00,0.00
randomArrays,1,135,0.06,0.00,0.00
randomArrays,1,546,0.11,0.00,0.00
randomArrays,1,643,0.15,0.00,0.00
randomArrays,1,197,0.06,0.00,0.00
randomArrays,1,643,0.12,0.00,0.00
randomArrays,1,858,0.17,0.00,0.00
randomArrays,1,134,0.03,0.00,0.00
randomArrays,1,133,0.03,0.00,0.00
randomArrays,1,317,0.08,0.00,0.00
randomArrays,1,312,0.08,0.00,0.00
randomArrays,1,160,0.05,0.00,0.00
randomArrays,1,838,0.21,0.00,0.00
randomArrays,1,316,0.09,0.00,0.00
randomArrays,1,111,0.04,0.00,0.00
randomArrays,1,530,0.11,0.00,0.00
randomArrays,1,827,0.13,0.00,0.00
randomArrays,1,994,0.24,0.00,0.00
randomArrays,1,348,0.08,0.00,0.00
randomArrays,1,652,0.15,0.00,0.00
randomArrays,1,339,0.08,0.00,0.00
randomArrays,1,908,0.16,0.00,0.00
randomArrays,1,655,0.13,0.00,0.00
randomArrays,1,899,0.20,0.00,0.00
randomArrays,1,377,0.09,0.00,0.00
randomArrays,1,793,0.14,0.00,0.00
randomArrays,1,12,0.02,0.00,0.00
randomArrays,1,236,0.06,0.00,0.00
randomArrays,1,851,0.18,0.00,0.00
randomArrays,1,462,0.10,0.00,0.00
randomArrays,1,49,0.02,0.00,0.00
randomArrays,1,649,0.14,0.00,0.00
randomArrays,1,299,0.07,0.00,0.00
randomArrays,1,796,0.17,0.00,0.00
randomArrays,1,227,0.07,0.00,0.00
randomArrays,1,929,0.18,0.00,0.00
randomArrays,1,166,0.04,0.00,0.00
randomArrays,1,277,0.05,0.00,0.00
randomArrays,1,179,0.04,0.00,0.00
randomArrays,1,809,0.17,0.00,0.00
randomArrays,1,232,0.06,0.00,0.00
randomArrays,1,247,0.07,0.00,0.00
randomArrays,1,99,0.03,0.00,0.00
randomArrays,1,649,0.12,0.00,0.00
randomArrays,1,15,0.02,0.00,0.00
randomArrays,1,646,0.14,0.00,0.00
randomArrays,1,463,0.10,0.00,0.00
randomArrays,1,587,0.11,0.00,0.00
randomArrays,1,898,0.20,0.00,0.00
randomArrays,1,643,0.13,0.00,0.00
randomArrays,1,840,0.18,0.00,0.00
randomArrays,1,708,0.15,0.00,0.00
randomArrays,1,214,0.05,0.00,0.00
randomArrays,1,565,0.21,0.00,0.00
randomArrays,1,157,0.04,0.00,0.00
randomArrays,1,265,0.05,0.00,0.00
randomArrays,1,171,0.04,0.00,0.00
randomArrays,1,136,0.04,0.00,0.00
randomArrays,1,290,0.07,0.00,0.00
randomArrays,1,96,0.04,0.00,0.00
randomArrays,1,11,0.02,0.00,0.00
randomArrays,1,311,0.07,0.00,0.00
randomArrays,1,566,0.16,0.00,0.00
randomArrays,1,328,0.10,0.00,0.00
randomArrays,1,358,0.07,0.00,0.00
randomArrays,1,674,0.14,0.00,0.00
randomArrays,1,490,0.09,0.00,0.00
randomArrays,1,36,0.02,0.00,0.00
randomArrays,1,408,0.07,0.00,0.00
randomArrays,1,49,0.02,0.00,0.00
randomArrays,1,581,0.11,0.00,0.00
randomArrays,1,879,0.16,0.00,0.00
randomArrays,1,61,0.03,0.00,0.00
randomArrays,1,656,0.12,0.00,0.00
randomArrays,1,411,0.08,0.00,0.00
randomArrays,1,361,0.07,0.00,0.00
randomArrays,1,994,0.16,0.00,0.00
randomArrays,1,416,0.06,0.00,0.00
randomArrays,1,966,0.22,0.00,0.00
randomArrays,1,92,0.03,0.00,0.00
randomArrays,1,429,0.09,0.00,0.00
randomArrays,1,658,0.10,0.00,0.00
randomArrays,1,877,0.16,0.00,0.00
randomArrays,1,780,0.19,0.00,0.00
randomArrays,1,669,0.11,0.00,0.00
randomArrays,1,394,0.09,0.00,0.00
randomArrays,1,892,0.19,0.00,0.00
randomArrays,1,180,0.04,0.00,0.00
randomArrays,1,829,0.14,0.00,0.00
randomArrays,1,255,0.05,0.00,0.00
randomArrays,1,374,0.07,0.00,0.00
randomArrays,1,37,0.02,0.00,0.00
randomArrays,1,919,0.36,0.00,0.00
randomArrays,1,850,0.18,0.00,0.00
randomArrays,1,930,0.18,0.00,0.00
randomArrays,1,419,0.09,0.00,0.00
randomArrays,1,720,0.12,0.00,0.00
randomArrays,1,378,0.08,0.00,0.00
randomArrays,1,815,0.17,0.00,0.00
randomArrays,1,566,0.11,0.00,0.00
randomArrays,1,623,0.15,0.00,0.00
randomArrays,1,597,0.12,0.00,0.00
randomArrays,1,148,0.04,0.00,0.00
randomArrays,1,580,0.11,0.00,0.00
randomArrays,1,244,0.05,0.00,0.00
randomArrays,1,703,0.14,0.00,0.00
randomArrays,1,743,0.16,0.00,0.00
randomArrays,1,923,0.18,0.00,0.00
randomArrays,1,284,0.07,0.00,0.00
randomArrays,1,35,0.02,0.00,0.00
randomArrays,1,941,0.20,0.00,0.00
randomArrays,1,39,0.02,0.00,0.00
randomArrays,1,276,0.06,0.00,0.00
randomArrays,1,494,0.10,0.00,0.00
randomArrays,1,547,0.11,0.00,0.00
randomArrays,1,837,0.14,0.00,0.00
randomArrays,1,183,0.04,0.00,0.00
randomArrays,1,360,0.07,0.00,0.00
randomArrays,1,627,0.12,0.00,0.00
randomArrays,1,833,0.17,0.00,0.00
randomArrays,1,491,0.09,0.00,0.00
randomArrays,1,623,0.14,0.00,0.00
randomArrays,1,850,0.18,0.00,0.00
randomArrays,1,35,0.02,0.00,0.00
randomArrays,1,584,0.10,0.00,0.00
randomArrays,1,34,0.02,0.00,0.00
randomArrays,1,335,0.07,0.00,0.00
randomArrays,1,145,0.04,0.00,0.00
randomArrays,1,61,0.03,0.00,0.00
randomArrays,1,88,0.03,0.00,0.00
randomArrays,1,442,0.13,0.00,0.00
randomArrays,1,729,0.15,0.00,0.00
randomArrays,1,312,0.06,0.00,0.00
randomArrays,1,620,0.11,0.00,0.00
randomArrays,1,77,0.02,0.00,0.00
randomArrays,1,784,0.18,0.00,0.00
randomArrays,1,720,0.18,0.00,0.00
randomArrays,1,796,0.16,0.00,0.00
randomArrays,1,81,0.03,0.00,0.00
randomArrays,1,900,0.19,0.00,0.00
randomArrays,1,570,0.12,0.00,0.00
randomArrays,1,749,0.13,0.00,0.00
randomArrays,1,723,0.12,0.00,0.00
randomArrays,1,54,0.02,0.00,0.00
randomArrays,1,261,0.05,0.00,0.00
randomArrays,1,831,0.17,0.00,0.00
randomArrays,1,133,0.03,0.00,0.00
randomArrays,1,165,0.04,0.00,0.00
randomArrays,1,441,0.09,0.00,0.00
randomArrays,1,782,0.17,0.00,0.00
randomArrays,1,384,0.08,0.00,0.00
randomArrays,1,283,0.05,0.00,0.00
randomArrays,1,71,0.02,0.00,0.00
randomArrays,1,374,0.06,0.00,0.00
randomArrays,1,204,0.04,0.00,0.00
randomArrays,1,437,0.09,0.00,0.00
randomArrays,1,662,0.14,0.00,0.00
randomArrays,1,821,0.16,0.00,0.00
randomArrays,1,198,0.04,0.00,0.00
randomArrays,1,776,0.16,0.00,0.00
randomArrays,1,124,0.03,0.00,0.00
randomArrays,1,202,0.05,0.00,0.00
randomArrays,1,806,0.16,0.00,0.00
randomArrays,1,448,0.11,0.00,0.00
randomArrays,1,383,0.07,0.00,0.00
randomArrays,1,992,0.23,0.00,0.00
randomArrays,1,714,0.16,0.00,0.00
randomArrays,1,528,0.09,0.00,0.00
randomArrays,1,137,0.03,0.00,0.00
randomArrays,1,122,0.06,0.00,0.00
randomArrays,1,883,0.16,0.00,0.00
randomArrays,1,614,0.14,0.00,0.00
randomArrays,1,841,0.19,0.00,0.00
randomArrays,1,471,0.08,0.00,0.00
randomArrays,1,871,0.16,0.00,0.00
randomArrays,1,938,0.19,0.00,0.00
randomArrays,1,238,0.05,0.00,0.00
randomArrays,1,772,0.16,0.00,0.00
randomArrays,1,334,0.06,0.00,0.00
randomArrays,1,274,0.06,0.00,0.00
randomArrays,1,385,0.09,0.00,0.00
randomArrays,1,455,0.09,0.00,0.00
randomArrays,1,202,0.10,0.00,0.00
randomArrays,1,349,0.06,0.00,0.00
randomArrays,1,170,0.04,0.00,0.00
randomArrays,1,365,0.07,0.00,0.00
randomArrays,1,921,0.20,0.00,0.00
randomArrays,1,368,0.07,0.00,0.00
randomArrays,1,851,0.18,0.00,0.00
randomArrays,1,736,0.17,0.00,0.00
randomArrays,1,64,0.02,0.00,0.00
randomArrays,1,371,0.07,0.00,0.00
randomArrays,1,962,0.18,0.00,0.00
randomArrays,1,758,0.14,0.00,0.00
randomArrays,1,565,0.11,0.00,0.00
randomArrays,1,246,0.05,0.00,0.00
randomArrays,1,390,0.08,0.00,0.00
randomArrays,1,833,0.16,0.00,0.00
randomArrays,1,359,0.07,0.00,0.00
randomArrays,1,647,0.13,0.00,0.00
randomArrays,1,830,0.17,0.00,0.00
randomArrays,1,790,0.14,0.00,0.00
randomArrays,1,789,0.14,0.00,0.00
randomArrays,1,33,0.02,0.00,0.00
randomArrays,1,324,0.06,0.00,0.00
randomArrays,1,460,0.10,0.00,0.00
randomArrays,1,660,0.16,0.00,0.00
randomArrays,1,553,0.09,0.00,0.00
randomArrays,1,181,0.04,0.00,0.00
randomArrays,1,106,0.03,0.00,0.00
randomArrays,1,198,0.05,0.00,0.00
randomArrays,1,795,0.16,0.00,0.00
randomArrays,1,149,0.04,0.00,0.00
randomArrays,1,42,0.02,0.00,0.00
randomArrays,1,538,0.11,0.00,0.00
randomArrays,1,405,0.08,0.00,0.00
randomArrays,1,741,0.21,0.00,0.00
randomArrays,1,88,0.03,0.00,0.00
randomArrays,1,896,0.19,0.00,0.00
randomArrays,1,574,0.12,0.00,0.00
randomArrays,1,34,0.02,0.00,0.00
randomArrays,1,83,0.03,0.00,0.00
randomArrays,1,311,0.07,0.00,0.00
randomArrays,1,168,0.04,0.00,0.00
randomArrays,1,720,0.13,0.00,0.00
randomArrays,1,499,0.10,0.00,0.00
randomArrays,1,280,0.06,0.00,0.00
randomArrays,1,960,0.19,0.00,0.00
randomArrays,1,351,0.06,0.00,0.00
randomArrays,1,840,0.13,0.00,0.00
randomArrays,1,826,0.23,0.00,0.00
randomArrays,1,780,0.17,0.00,0.00
randomArrays,1,592,0.10,0.00,0.00
randomArrays,1,601,0.11,0.00,0.00
randomArrays,1,924,0.22,0.00,0.00
randomArrays,1,630,0.13,0.00,0.00
randomArrays,1,738,0.15,0.00,0.00
randomArrays,1,43,0.02,0.00,0.00
randomArrays,1,546,0.11,0.00,0.00
randomArrays,1,118,0.03,0.00,0.00
randomArrays,1,812,0.12,0.00,0.00
randomArrays,1,636,0.11,0.00,0.00
randomArrays,1,253,0.06,0.00,0.00
randomArrays,1,443,0.09,0.00,0.00
randomArrays,1,292,0.06,0.00,0.00
randomArrays,1,723,0.14,0.00,0.00
randomArrays,1,398,0.08,0.00,0.00
randomArrays,1,368,0.08,0.00,0.00
randomArrays,1,534,0.10,0.00,0.00
randomArrays,1,899,0.18,0.00,0.00
randomArrays,1,137,0.03,0.00,0.00
randomArrays,1,187,0.04,0.00,0.00
randomArrays,1,164,0.16,0.00,0.00
randomArrays,1,735,0.17,0.00,0.00
randomArrays,1,524,0.11,0.00,0.00
randomArrays,1,512,0.10,0.00,0.00
randomArrays,1,15,0.01,0.00,0.00
randomArrays,1,737,0.16,0.00,0.00
randomArrays,1,616,0.13,0.00,0.00
randomArrays,1,349,0.08,0.00,0.00
randomArrays,1,645,0.12,0.00,0.00
randomArrays,1,502,0.09,0.00,0.00
randomArrays,1,932,0.22,0.00,0.00
randomArrays,1,778,0.18,0.00,0.00
randomArrays,1,126,0.03,0.00,0.00
randomArrays,1,836,0.21,0.00,0.00
randomArrays,1,911,0.19,0.00,0.00
randomArrays,1,265,0.06,0.00,0.00
randomArrays,1,694,0.14,0.00,0.00
randomArrays,1,188,0.05,0.00,0.00
randomArrays,1,282,0.05,0.00,0.00
randomArrays,1,347,0.07,15.63,0.00
randomArrays,1,768,0.16,0.00,0.00
randomArrays,1,778,0.18,0.00,0.00
randomArrays,1,549,0.11,0.00,0.00
randomArrays,1,12,0.01,0.00,0.00
randomArrays,1,336,0.07,0.00,0.00
randomArrays,1,949,0.23,0.00,0.00
randomArrays,1,179,0.04,0.00,0.00
randomArrays,1,634,0.12,0.00,0.00
randomArrays,1,38,0.02,0.00,0.00
randomArrays,1,123,0.04,0.00,0.00
randomArrays,1,282,0.06,0.00,0.00
randomArrays,1,452,0.08,0.00,0.00
randomArrays,1,217,0.04,0.00,0.00
randomArrays,1,629,0.10,0.00,0.00
randomArrays,1,275,0.06,0.00,0.00
randomArrays,1,66,0.02,0.00,0.00
randomArrays,1,308,0.06,0.00,0.00
randomArrays,1,809,0.16,0.00,0.00
randomArrays,1,634,0.12,0.00,0.00
randomArrays,1,478,0.09,0.00,0.00
randomArrays,1,336,0.07,0.00,0.00
randomArrays,1,672,0.14,0.00,0.00
randomArrays,1,583,0.13,0.00,0.00
randomArrays,1,413,0.09,0.00,0.00
randomArrays,1,683,0.13,0.00,0.00
randomArrays,1,463,0.14,0.00,0.00
randomArrays,1,267,0.05,0.00,0.00
randomArrays,1,73,0.02,0.00,0.00
randomArrays,1,641,0.10,0.00,0.00
randomArrays,1,827,0.18,0.00,0.00
randomArrays,1,864,0.20,0.00,0.00
randomArrays,1,672,0.14,0.00,0.00
randomArrays,1,948,0.20,0.00,0.00
randomArrays,1,523,0.43,0.00,0.00
randomArrays,1,113,0.03,0.00,0.00
randomArrays,1,855,0.16,0.00,0.00
randomArrays,1,764,0.14,0.00,0.00
randomArrays,1,559,0.09,0.00,0.00
randomArrays,1,256,0.06,0.00,0.00
randomArrays,1,861,0.18,0.00,0.00
randomArrays,1,215,0.05,0.00,0.00
randomArrays,1,610,0.13,0.00,0.00
randomArrays,1,133,0.03,0.00,0.00
randomArrays,1,721,0.15,0.00,0.00
randomArrays,1,826,0.17,0.00,0.00
randomArrays,1,732,0.20,0.00,0.00
randomArrays,1,218,0.05,0.00,0.00
randomArrays,1,897,0.19,0.00,0.00
randomArrays,1,95,0.03,0.00,0.00
randomArrays,1,596,0.12,0.00,0.00
randomArrays,1,333,0.07,0.00,0.00
randomArrays,1,139,0.04,0.00,0.00
randomArrays,1,90,0.03,0.00,0.00
randomArrays,1,724,0.13,0.00,0.00
randomArrays,1,24,0.02,0.00,0.00
randomArrays,1,182,0.04,0.00,0.00
randomArrays,1,440,0.10,0.00,0.00
randomArrays,1,521,0.11,0.00,0.00
randomArrays,1,653,0.13,0.00,0.00
randomArrays,1,422,0.09,0.00,0.00
randomArrays,1,919,0.15,0.00,0.00
randomArrays,1,399,0.08,0.00,0.00
randomArrays,1,148,0.04,0.00,0.00
randomArrays,1,651,0.12,0.00,0.00
randomArrays,1,953,0.16,0.00,0.00
randomArrays,1,205,0.05,0.00,0.00
randomArrays,1,713,0.13,0.00,0.00
randomArrays,1,335,0.07,0.00,0.00
randomArrays,1,800,0.16,0.00,0.00
randomArrays,1,263,0.05,0.00,0.00
randomArrays,1,305,0.05,0.00,0.00
randomArrays,1,772,0.19,0.00,0.00
randomArrays,1,760,0.19,0.00,0.00
randomArrays,1,985,0.17,0.00,0.00
randomArrays,1,468,0.10,0.00,0.00
randomArrays,1,542,0.09,0.00,0.00
randomArrays,1,137,0.04,0.00,0.00
randomArrays,1,877,0.20,0.00,0.00
randomArrays,1,407,0.08,0.00,0.00
randomArrays,1,13,0.02,0.00,0.00
randomArrays,1,857,0.17,0.00,0.00
randomArrays,1,961,0.15,0.00,0.00
randomArrays,1,963,0.17,0.00,0.00
randomArrays,1,792,0.18,0.00,0.00
randomArrays,1,190,0.04,0.00,0.00
randomArrays,1,859,0.17,0.00,0.00
randomArrays,1,989,0.21,0.00,0.00
randomArrays,1,816,0.15,0.00,0.00
randomArrays,1,950,0.20,0.00,0.00
randomArrays,1,241,0.06,0.00,0.00
randomArrays,1,957,0.21,0.00,0.00
randomArrays,1,155,0.04,0.00,0.00
randomArrays,1,625,0.28,0.00,0.00
randomArrays,1,573,0.12,0.00,0.00
randomArrays,1,278,0.05,0.00,0.00
randomArrays,1,67,0.02,0.00,0.00
randomArrays,1,785,0.11,0.00,0.00
randomArrays,1,576,0.11,0.00,0.00
randomArrays,1,949,0.19,0.00,0.00
randomArrays,1,274,0.09,0.00,0.00
randomArrays,1,827,0.19,0.00,0.00
randomArrays,1,246,0.06,0.00,0.00
randomArrays,1,497,0.09,0.00,0.00
randomArrays,1,98,0.03,0.00,0.00
randomArrays,1,87,0.02,0.00,0.00
randomArrays,1,362,0.07,0.00,0.00
randomArrays,1,748,0.15,0.00,0.00
randomArrays,1,553,0.11,0.00,0.00
randomArrays,1,931,0.15,0.00,0.00
randomArrays,1,24,0.02,0.00,0.00
randomArrays,1,836,0.17,0.00,0.00
randomArrays,1,524,0.11,0.00,0.00
randomArrays,1,286,0.05,0.00,0.00
randomArrays,1,379,0.08,0.00,0.00
randomArrays,1,654,0.13,0.00,0.00
randomArrays,1,795,0.15,0.00,0.00
randomArrays,1,335,0.07,0.00,0.00
randomArrays,1,218,0.05,0.00,0.00
randomArrays,1,390,0.08,0.00,0.00
randomArrays,1,80,0.02,0.00,0.00
randomArrays,1,602,0.12,0.00,0.00
randomArrays,1,687,0.12,0.00,0.00
randomArrays,1,573,0.10,0.00,0.00
randomArrays,1,857,0.18,0.00,0.00
randomArrays,1,484,0.09,0.00,0.00
randomArrays,1,633,0.14,0.00,0.00
randomArrays,1,393,0.09,0.00,0.00
randomArrays,1,953,0.19,0.00,0.00
randomArrays,1,718,0.14,0.00,0.00
randomArrays,1,330,0.06,0.00,0.00
randomArrays,1,273,0.05,0.00,0.00
randomArrays,1,323,0.07,0.00,0.00
randomArrays,1,971,0.24,0.00,0.00
randomArrays,1,156,0.04,0.00,0.00
randomArrays,1,971,0.22,0.00,0.00
randomArrays,1,202,0.08,0.00,0.00
randomArrays,1,201,0.05,0.00,0.00
randomArrays,1,230,0.06,0.00,0.00
randomArrays,1,953,0.18,0.00,0.00
randomArrays,1,399,0.08,0.00,0.00
randomArrays,1,354,0.07,0.00,0.00
randomArrays,1,334,0.20,0.00,0.00
randomArrays,1,538,0.12,0.00,0.00
randomArrays,1,238,0.04,0.00,0.00
randomArrays,1,415,0.08,0.00,0.00
randomArrays,1,498,0.08,0.00,0.00
randomArrays,1,193,0.04,0.00,0.00
randomArrays,1,125,0.03,0.00,0.00
randomArrays,1,100,0.03,0.00,0.00
randomArrays,1,742,0.17,0.00,0.00
randomArrays,1,588,0.13,0.00,0.00
randomArrays,1,355,0.08,0.00,0.00
randomArrays,1,923,0.19,0.00,0.00
randomArrays,1,167,0.03,0.00,0.00
randomArrays,1,518,0.10,0.00,0.00
randomArrays,1,649,0.10,0.00,0.00
randomArrays,1,280,0.06,0.00,0.00
randomArrays,1,842,0.17,0.00,0.00
randomArrays,1,586,0.12,0.00,0.00
randomArrays,1,519,0.10,0.00,0.00
randomArrays,1,112,0.02,0.00,0.00
randomArrays,1,320,0.06,0.00,0.00
randomArrays,1,955,0.20,0.00,0.00
randomArrays,1,61,0.02,0.00,0.00
randomArrays,1,709,2.22,0.00,0.00
randomArrays,1,671,0.17,0.00,0.00
randomArrays,1,437,0.08,0.00,0.00
randomArrays,1,917,0.15,0.00,0.00
randomArrays,1,499,0.10,0.00,0.00
randomArrays,1,503,0.11,0.00,0.00
randomArrays,1,676,0.13,0.00,0.00
randomArrays,1,594,0.12,0.00,0.00
randomArrays,1,48,0.02,0.00,0.00
randomArrays,1,590,0.13,0.00,0.00
randomArrays,1,861,0.16,0.00,0.00
randomArrays,1,363,0.06,0.00,0.00
randomArrays,1,969,0.25,0.00,0.00
randomArrays,1,912,0.15,0.00,0.00
randomArrays,1,779,0.13,0.00,0.00
randomArrays,1,301,0.09,0.00,0.00
randomArrays,1,545,0.10,0.00,0.00
randomArrays,1,24,0.02,0.00,0.00
randomArrays,1,953,0.20,0.00,0.00
randomArrays,1,440,0.09,0.00,0.00
randomArrays,1,997,0.34,0.00,0.00
randomArrays,1,661,0.13,0.00,0.00
randomArrays,1,583,0.12,0.00,0.00
randomArrays,1,478,0.09,0.00,0.00
randomArrays,1,220,0.05,0.00,0.00
randomArrays,1,458,0.10,0.00,0.00
randomArrays,1,783,0.15,0.00,0.00
randomArrays,1,554,0.12,0.00,0.00
randomArrays,1,167,0.03,0.00,0.00
randomArrays,1,338,0.06,0.00,0.00
randomArrays,1,321,0.05,0.00,0.00
randomArrays,1,993,0.20,0.00,0.00
randomArrays,1,414,0.08,0.00,0.00
randomArrays,1,630,0.13,0.00,0.00
randomArrays,1,572,0.10,0.00,0.00
randomArrays,1,119,0.03,0.00,0.00
randomArrays,1,852,0.18,0.00,0.00
randomArrays,1,392,0.08,0.00,0.00
randomArrays,1,744,0.14,0.00,0.00
randomArrays,1,767,0.16,0.00,0.00
randomArrays,1,419,0.08,0.00,0.00
randomArrays,1,186,0.04,0.00,0.00
randomArrays,1,498,0.29,0.00,0.00
randomArrays,1,369,0.08,0.00,0.00
randomArrays,1,545,0.11,0.00,0.00
randomArrays,1,585,0.11,0.00,0.00
randomArrays,1,232,0.05,0.00,0.00
randomArrays,1,683,0.19,0.00,0.00
randomArrays,1,373,0.07,0.00,0.00
randomArrays,1,67,0.02,0.00,0.00
randomArrays,1,47,0.02,0.00,0.00
randomArrays,1,353,0.07,0.00,0.00
randomArrays,1,165,0.04,0.00,0.00
randomArrays,1,822,0.26,0.00,0.00
randomArrays,1,207,0.04,0.00,0.00
randomArrays,1,365,0.07,0.00,0.00
randomArrays,1,33,0.02,0.00,0.00
randomArrays,1,324,0.07,0.00,0.00
randomArrays,1,533,0.11,0.00,0.00
randomArrays,1,467,0.09,0.00,0.00
randomArrays,1,653,0.12,0.00,0.00
randomArrays,1,262,0.06,0.00,0.00
randomArrays,1,26,0.02,0.00,0.00
randomArrays,1,705,0.17,0.00,0.00
randomArrays,1,945,0.17,0.00,0.00
randomArrays,1,145,0.05,0.00,0.00
randomArrays,1,987,0.25,0.00,0.00
randomArrays,1,40,0.02,0.00,0.00
randomArrays,1,418,0.08,0.00,0.00
randomArrays,1,20,0.01,0.00,0.00
randomArrays,1,618,0.13,0.00,0.00
randomArrays,1,463,0.10,0.00,0.00
randomArrays,1,310,0.07,0.00,0.00
randomArrays,1,753,0.17,0.00,0.00
randomArrays,1,203,0.05,0.00,0.00
randomArrays,1,756,0.15,0.00,0.00
randomArrays,1,998,0.18,0.00,0.00
randomArrays,1,631,0.12,0.00,0.00
randomArrays,1,788,0.15,0.00,0.00
randomArrays,1,364,0.06,0.00,0.00
randomArrays,1,435,0.08,0.00,0.00
randomArrays,1,379,0.06,0.00,0.00
randomArrays,1,208,0.05,0.00,0.00
randomArrays,1,503,0.10,0.00,0.00
randomArrays,1,97,0.03,0.00,0.00
randomArrays,1,266,0.06,0.00,0.00
randomArrays,1,828,0.16,0.00,0.00
randomArrays,1,319,0.07,0.00,0.00
randomArrays,1,898,0.17,0.00,0.00
randomArrays,1,380,0.07,0.00,0.00
randomArrays,1,450,0.09,0.00,0.00
randomArrays,1,142,0.03,0.00,0.00
randomArrays,1,434,0.07,0.00,0.00
randomArrays,1,96,0.03,0.00,0.00
randomArrays,1,641,0.15,0.00,0.00
randomArrays,1,538,0.13,0.00,0.00
randomArrays,1,502,0.08,0.00,0.00
randomArrays,1,599,0.10,0.00,0.00
randomArrays,1,299,0.05,0.00,0.00
randomArrays,1,620,0.14,0.00,0.00
randomArrays,1,606,0.15,0.00,0.00
randomArrays,1,282,0.06,0.00,0.00
randomArrays,1,205,0.05,0.00,0.00
randomArrays,1,504,0.10,0.00,0.00
randomArrays,1,315,0.06,0.00,0.00
randomArrays,1,739,0.15,0.00,0.00
randomArrays,1,226,0.05,0.00,0.00
randomArrays,1,239,0.05,0.00,0.00
randomArrays,1,656,0.11,0.00,0.00
randomArrays,1,467,0.08,0.00,0.00
randomArrays,1,855,0.18,0.00,0.00
randomArrays,1,12,0.01,0.00,0.00
randomArrays,1,751,0.12,0.00,0.00
randomArrays,1,426,0.08,0.00,0.00
randomArrays,1,735,0.27,0.00,0.00
randomArrays,1,321,0.06,0.00,0.00
randomArrays,1,522,0.10,0.00,0.00
randomArrays,1,888,0.23,0.00,0.00
randomArrays,1,118,0.03,0.00,0.00
randomArrays,1,813,0.12,0.00,0.00
randomArrays,1,547,0.09,0.00,0.00
randomArrays,1,860,0.15,0.00,0.00
randomArrays,1,189,0.04,0.00,0.00
randomArrays,1,668,0.13,0.00,0.00
randomArrays,1,583,0.12,0.00,0.00
randomArrays,1,489,0.09,0.00,0.00
randomArrays,1,414,0.07,0.00,0.00
randomArrays,1,905,0.18,0.00,0.00
randomArrays,1,742,0.13,0.00,0.00
randomArrays,1,358,0.07,0.00,0.00
randomArrays,1,741,0.15,0.00,0.00
randomArrays,1,470,0.10,0.00,0.00
randomArrays,1,111,0.04,0.00,0.00
randomArrays,1,546,0.13,0.00,0.00
randomArrays,1,591,0.12,0.00,0.00
randomArrays,1,884,0.17,0.00,0.00
randomArrays,1,684,0.13,0.00,0.00
randomArrays,1,975,0.19,0.00,0.00
randomArrays,1,739,0.15,0.00,0.00
randomArrays,1,725,0.13,0.00,0.00
randomArrays,1,893,0.18,0.00,0.00
randomArrays,1,16,0.02,0.00,0.00
randomArrays,1,467,0.09,0.00,0.00
randomArrays,1,307,0.06,0.00,0.00
randomArrays,1,235,0.05,0.00,0.00
randomArrays,1,377,0.07,0.00,0.00
randomArrays,1,448,0.10,0.00,0.00
randomArrays,1,999,0.19,0.00,0.00
randomArrays,1,98,0.03,0.00,0.00
randomArrays,1,456,0.10,0.00,0.00
randomArrays,1,118,0.06,0.00,0.00
randomArrays,1,406,0.07,0.00,0.00
randomArrays,1,33,0.02,0.00,0.00
randomArrays,1,517,0.07,0.00,0.00
randomArrays,1,248,0.06,0.00,0.00
randomArrays,1,61,0.02,0.00,0.00
randomArrays,1,547,0.10,0.00,0.00
randomArrays,1,602,0.10,0.00,0.00
randomArrays,1,579,0.12,0.00,0.00
randomArrays,1,972,0.21,0.00,0.00
randomArrays,1,653,0.17,0.00,0.00
randomArrays,1,866,0.15,0.00,0.00
randomArrays,1,417,0.08,0.00,0.00
randomArrays,1,386,0.06,0.00,0.00
randomArrays,1,349,0.07,0.00,0.00
randomArrays,1,598,0.12,0.00,0.00
randomArrays,1,856,0.18,0.00,0.00
randomArrays,1,152,0.06,0.00,0.00
randomArrays,1,436,0.08,0.00,0.00
randomArrays,1,356,0.07,0.00,0.00
randomArrays,1,598,0.10,0.00,0.00
randomArrays,1,578,0.12,0.00,0.00
randomArrays,1,786,0.16,0.00,0.00
randomArrays,1,124,0.03,0.00,0.00
randomArrays,1,439,0.10,0.00,0.00
randomArrays,1,492,0.10,0.00,0.00
randomArrays,1,207,0.04,0.00,0.00
randomArrays,1,100,0.03,0.00,0.00
randomArrays,1,591,0.11,0.00,0.00
randomArrays,1,397,0.08,0.00,0.00
randomArrays,1,295,0.06,0.00,0.00
randomArrays,1,733,0.14,0.00,0.00
randomArrays,1,231,0.05,0.00,0.00
randomArrays,1,565,0.13,0.00,0.00
randomArrays,1,910,0.18,0.00,0.00
randomArrays,1,74,0.02,0.00,0.00
randomArrays,1,647,0.12,0.00,0.00
randomArrays,1,456,0.09,0.00,0.00
randomArrays,1,954,0.29,0.00,0.00
randomArrays,1,495,0.10,0.00,0.00
randomArrays,1,487,0.12,0.00,0.00
randomArrays,1,559,0.10,0.00,0.00
randomArrays,1,512,0.10,0.00,0.00
randomArrays,1,247,0.05,0.00,0.00
randomArrays,1,219,0.04,0.00,0.00
randomArrays,1,839,0.15,0.00,0.00
randomArrays,1,887,0.17,0.00,0.00
randomArrays,1,942,0.19,0.00,0.00
randomArrays,1,920,0.17,0.00,0.00
randomArrays,1,868,0.15,0.00,0.00
randomArrays,1,25,0.02,0.00,0.00
randomArrays,1,174,0.04,0.00,0.00
randomArrays,1,818,0.16,0.00,0.00
randomArrays,1,660,0.12,0.00,0.00
randomArrays,1,592,0.11,0.00,0.00
randomArrays,1,942,0.15,0.00,0.00
randomArrays,1,962,0.19,0.00,0.00
randomArrays,1,254,0.06,0.00,0.00
randomArrays,1,527,0.09,0.00,0.00
randomArrays,1,786,0.15,0.00,0.00
randomArrays,1,179,0.04,0.00,0.00
randomArrays,1,678,0.13,0.00,0.00
randomArrays,1,950,0.21,0.00,0.00
randomArrays,1,538,0.08,0.00,0.00
randomArrays,1,185,0.04,0.00,0.00
randomArrays,1,689,0.12,0.00,0.00
randomArrays,1,161,0.03,0.00,0.00
randomArrays,1,509,0.10,0.00,0.00
randomArrays,1,376,0.08,0.00,0.00
randomArrays,1,766,0.11,0.00,0.00
randomArrays,1,706,0.13,0.00,0.00
randomArrays,1,644,0.13,0.00,0.00
randomArrays,1,758,0.15,0.00,0.00
randomArrays,1,747,0.14,0.00,0.00
randomArrays,1,349,0.07,0.00,0.00
randomArrays,1,574,0.12,0.00,0.00
randomArrays,1,888,0.20,0.00,0.00
randomArrays,1,235,0.04,0.00,0.00
randomArrays,1,653,0.11,0.00,0.00
randomArrays,1,630,0.13,0.00,0.00
randomArrays,1,76,0.02,0.00,0.00
randomArrays,1,436,0.09,0.00,0.00
randomArrays,1,771,0.15,0.00,0.00
randomArrays,1,217,0.04,0.00,0.00
randomArrays,1,419,0.09,0.00,0.00
randomArrays,1,860,0.18,0.00,0.00
randomArrays,1,288,0.06,0.00,0.00
randomArrays,1,280,0.06,0.00,0.00
randomArrays,1,242,0.05,0.00,0.00
randomArrays,1,602,0.11,0.00,0.00
randomArrays,1,44,0.02,0.00,0.00
randomArrays,1,547,0.11,0.00,0.00
randomArrays,1,860,0.14,0.00,0.00
randomArrays,1,737,0.13,0.00,0.00
randomArrays,1,738,0.12,0.00,0.00
randomArrays,1,725,0.14,0.00,0.00
randomArrays,1,684,0.23,0.00,0.00
randomArrays,1,233,0.06,0.00,0.00
randomArrays,1,342,0.07,0.00,0.00
randomArrays,1,855,0.17,0.00,0.00
randomArrays,1,861,0.15,0.00,0.00
randomArrays,1,566,0.08,0.00,0.00
randomArrays,1,406,0.08,0.00,0.00
randomArrays,1,192,0.04,0.00,0.00
randomArrays,1,850,0.17,0.00,0.00
randomArrays,1,609,0.13,0.00,0.00
randomArrays,1,18,0.02,0.00,0.00
randomArrays,1,482,0.09,0.00,0.00
randomArrays,1,264,0.05,0.00,0.00
randomArrays,1,319,0.08,0.00,0.00
randomArrays,1,252,0.05,0.00,0.00
randomArrays,1,342,0.08,0.00,0.00
randomArrays,1,252,0.07,0.00,0.00
randomArrays,1,205,0.04,0.00,0.00
randomArrays,1,942,0.21,0.00,0.00
randomArrays,1,744,0.15,0.00,0.00
randomArrays,1,537,0.09,0.00,0.00
randomArrays,1,501,0.08,0.00,0.00
randomArrays,1,853,0.18,0.00,0.00
randomArrays,1,341,0.06,0.00,0.00
randomArrays,1,800,0.14,0.00,0.00
randomArrays,1,857,0.21,0.00,0.00
randomArrays,1,427,0.08,0.00,0.00
randomArrays,1,647,0.11,0.00,0.00
randomArrays,1,76,0.03,0.00,0.00
randomArrays,1,677,0.13,0.00,0.00
randomArrays,1,579,0.09,0.00,0.00
randomArrays,1,731,0.13,0.00,0.00
randomArrays,1,704,0.13,0.00,0.00
randomArrays,1,266,0.05,0.00,0.00
randomArrays,1,961,0.19,0.00,0.00
randomArrays,1,263,0.05,0.00,0.00
randomArrays,1,434,0.09,0.00,0.00
randomArrays,1,484,0.09,0.00,0.00
randomArrays,1,163,0.04,0.00,0.00
randomArrays,1,984,0.22,0.00,0.00
randomArrays,1,211,0.04,0.00,0.00
randomArrays,1,185,0.03,0.00,0.00
randomArrays,1,467,0.09,0.00,0.00
randomArrays,1,214,0.05,0.00,0.00
randomArrays,1,35,0.01,0.00,0.00
randomArrays,1,141,0.04,0.00,0.00
randomArrays,1,559,0.11,0.00,0.00
randomArrays,1,706,0.14,0.00,0.00
randomArrays,1,68,0.02,0.00,0.00
randomArrays,1,12,0.01,0.00,0.00
randomArrays,1,405,0.08,0.00,0.00
randomArrays,1,288,0.06,0.00,0.00
randomArrays,1,955,0.41,0.00,0.00
randomArrays,1,50,0.02,0.00,0.00
randomArrays,1,752,0.15,0.00,0.00
randomArrays,1,695,0.15,0.00,0.00
randomArrays,1,186,0.04,0.00,0.00
randomArrays,1,737,0.16,0.00,0.00
randomArrays,1,948,0.19,0.00,0.00
randomArrays,1,151,0.04,0.00,0.00
randomArrays,1,46,0.03,0.00,0.00
randomArrays,1,968,0.19,0.00,0.00
randomArrays,1,333,0.07,0.00,0.00
randomArrays,1,189,0.04,0.00,0.00
randomArrays,1,190,0.04,0.00,0.00
randomArrays,1,589,0.11,0.00,0.00
randomArrays,1,230,0.05,0.00,0.00
randomArrays,1,535,0.11,0.00,0.00
randomArrays,1,189,0.04,0.00,0.00
randomArrays,1,948,0.15,0.00,0.00
randomArrays,1,834,0.15,0.00,0.00
randomArrays,1,273,0.05,0.00,0.00
randomArrays,1,773,0.15,0.00,0.00
randomArrays,1,342,0.07,0.00,0.00
randomArrays,1,995,0.17,0.00,0.00
randomArrays,1,221,0.05,0.00,0.00
randomArrays,1,519,0.09,0.00,0.00
randomArrays,1,479,0.09,0.00,0.00
randomArrays,1,155,0.03,0.00,0.00
randomArrays,1,756,0.15,0.00,0.00
randomArrays,1,658,0.12,0.00,0.00
randomArrays,1,213,0.05,0.00,0.00
randomArrays,1,467,0.09,0.00,0.00
randomArrays,1,191,0.04,0.00,0.00
randomArrays,1,744,0.15,0.00,0.00
randomArrays,1,122,0.07,0.00,0.00
randomArrays,1,178,0.04,0.00,0.00
randomArrays,1,760,0.16,0.00,0.00
randomArrays,1,524,0.11,0.00,0.00
randomArrays,1,264,0.06,0.00,0.00
randomArrays,1,733,0.16,0.00,0.00
randomArrays,1,759,0.13,0.00,0.00
randomArrays,1,177,0.04,0.00,0.00
randomArrays,1,53,0.02,0.00,0.00
randomArrays,1,429,0.08,0.00,0.00
randomArrays,1,508,0.09,0.00,0.00
randomArrays,1,919,0.21,0.00,0.00
randomArrays,1,412,0.08,0.00,0.00
randomArrays,1,503,0.24,0.00,0.00
randomArrays,1,115,0.03,0.00,0.00
randomArrays,1,851,0.15,0.00,0.00
randomArrays,1,848,0.14,0.00,0.00
randomArrays,1,652,0.15,0.00,0.00
randomArrays,1,693,0.15,0.00,0.00
randomArrays,1,662,0.20,0.00,0.00
randomArrays,1,815,0.16,0.00,0.00
randomArrays,1,679,0.13,0.00,0.00
randomArrays,1,141,0.04,0.00,0.00
randomArrays,1,458,0.08,0.00,0.00
randomArrays,1,378,0.08,0.00,0.00
randomArrays,1,662,0.13,0.00,0.00
randomArrays,1,809,0.16,0.00,0.00
randomArrays,1,960,0.19,0.00,0.00
randomArrays,1,454,0.09,0.00,0.00
randomArrays,1,513,0.09,0.00,0.00
randomArrays,1,965,0.26,0.00,0.00
randomArrays,1,855,0.18,0.00,0.00
randomArrays,1,257,0.05,0.00,0.00
randomArrays,1,932,0.19,0.00,0.00
randomArrays,1,112,0.03,0.00,0.00
randomArrays,1,264,0.07,0.00,0.00
randomArrays,1,404,0.08,0.00,0.00
randomArrays,1,830,0.16,0.00,0.00
randomArrays,1,115,0.03,0.00,0.00
randomArrays,1,906,0.19,0.00,0.00
randomArrays,2,469,0.08,0.00,0.00
randomArrays,2,783,0.17,0.00,0.00
randomArrays,2,464,0.07,0.00,0.00
randomArrays,2,267,0.05,0.00,0.00
randomArrays,2,828,0.12,0.00,0.00
randomArrays,2,607,0.10,0.00,0.00
randomArrays,2,319,0.06,0.00,0.00
randomArrays,2,431,0.07,0.00,0.00
randomArrays,2,941,0.17,0.00,0.00
randomArrays,2,937,0.20,0.00,0.00
randomArrays,2,619,0.10,0.00,0.00
randomArrays,2,370,0.07,0.00,0.00
randomArrays,2,478,0.08,0.00,0.00
randomArrays,2,107,0.02,0.00,0.00
randomArrays,2,910,0.16,0.00,0.00
randomArrays,2,381,0.07,0.00,0.00
randomArrays,2,699,0.10,0.00,0.00
randomArrays,2,452,0.08,0.00,0.00
randomArrays,2,882,0.18,0.00,0.00
randomArrays,2,697,0.13,0.00,0.00
randomArrays,2,39,0.02,0.00,0.00
randomArrays,2,382,0.08,0.00,0.00
randomArrays,2,980,0.29,0.00,0.00
randomArrays,2,202,0.04,0.00,0.00
randomArrays,2,674,0.17,0.00,0.00
randomArrays,2,184,0.04,0.00,0.00
randomArrays,2,853,0.15,0.00,0.00
randomArrays,2,101,0.03,0.00,0.00
randomArrays,2,329,0.07,0.00,0.00
randomArrays,2,837,0.20,0.00,0.00
randomArrays,2,952,0.23,0.00,0.00
randomArrays,2,676,0.11,0.00,0.00
randomArrays,2,248,0.05,0.00,0.00
randomArrays,2,845,0.13,0.00,0.00
randomArrays,2,707,0.14,0.00,0.00
randomArrays,2,458,0.09,0.00,0.00
randomArrays,2,219,0.05,0.00,0.00
randomArrays,2,268,0.05,0.00,0.00
randomArrays,2,201,0.04,0.00,0.00
randomArrays,2,520,0.09,0.00,0.00
randomArrays,2,832,0.19,0.00,0.00
randomArrays,2,800,0.19,0.00,0.00
randomArrays,2,753,0.14,0.00,0.00
randomArrays,2,286,0.06,0.00,0.00
randomArrays,2,841,0.16,0.00,0.00
randomArrays,2,240,0.05,0.00,0.00
randomArrays,2,370,0.05,0.00,0.00
randomArrays,2,287,0.03,0.00,0.00
randomArrays,2,89,0.01,0.00,0.00
randomArrays,2,881,0.07,0.00,0.00
randomArrays,2,187,0.04,0.00,0.00
randomArrays,2,373,0.03,0.00,0.00
randomArrays,2,194,0.02,0.00,0.00
randomArrays,2,382,0.03,0.00,0.00
randomArrays,2,826,0.07,0.00,0.00
randomArrays,2,781,0.08,0.00,0.00
randomArrays,2,814,0.06,0.00,0.00
randomArrays,2,525,0.09,0.00,0.00
randomArrays,2,136,0.02,0.00,0.00
randomArrays,2,454,0.03,0.00,0.00
randomArrays,2,563,0.04,0.00,0.00
randomArrays,2,226,0.02,0.00,0.00
randomArrays,2,345,0.03,0.00,0.00
randomArrays,2,514,0.09,0.00,0.00
randomArrays,2,871,0.06,0.00,0.00
randomArrays,2,939,0.07,0.00,0.00
randomArrays,2,397,0.03,0.00,0.00
randomArrays,2,429,0.04,0.00,0.00
randomArrays,2,421,0.04,0.00,0.00
randomArrays,2,747,0.06,0.00,0.00
randomArrays,2,19,0.01,0.00,0.00
randomArrays,2,74,0.01,0.00,0.00
randomArrays,2,259,0.03,0.00,0.00
randomArrays,2,846,0.06,0.00,0.00
randomArrays,2,789,0.06,0.00,0.00
randomArrays,2,671,0.05,0.00,0.00
randomArrays,2,368,0.03,0.00,0.00
randomArrays,2,448,0.03,0.00,0.00
randomArrays,2,237,0.02,0.00,0.00
randomArrays,2,627,0.05,0.00,0.00
randomArrays,2,584,0.04,0.00,0.00
randomArrays,2,328,0.03,0.00,0.00
randomArrays,2,606,0.05,0.00,0.00
randomArrays,2,563,0.04,0.00,0.00
randomArrays,2,774,0.06,0.00,0.00
randomArrays,2,206,0.02,0.00,0.00
randomArrays,2,907,0.07,0.00,0.00
randomArrays,2,37,0.01,0.00,0.00
randomArrays,2,878,0.07,0.00,0.00
randomArrays,2,284,0.03,0.00,0.00
randomArrays,2,853,0.15,0.00,0.00
randomArrays,2,247,0.02,0.00,0.00
randomArrays,2,241,0.02,0.00,0.00
randomArrays,2,348,0.02,0.00,0.00
randomArrays,2,814,0.07,0.00,0.00
randomArrays,2,245,0.02,0.00,0.00
randomArrays,2,335,0.03,0.00,0.00
randomArrays,2,497,0.04,0.00,0.00
randomArrays,2,280,0.02,0.00,0.00
randomArrays,2,664,0.07,0.00,0.00
randomArrays,2,523,0.06,0.00,0.00
randomArrays,2,841,0.07,0.00,0.00
randomArrays,2,290,0.02,0.00,0.00
randomArrays,2,158,0.02,0.00,0.00
randomArrays,2,783,0.05,0.00,0.00
randomArrays,2,638,0.04,0.00,0.00
randomArrays,2,314,0.03,0.00,0.00
randomArrays,2,484,0.04,0.00,0.00
randomArrays,2,972,0.07,0.00,0.00
randomArrays,2,652,0.05,0.00,0.00
randomArrays,2,543,0.04,0.00,0.00
randomArrays,2,487,0.04,0.00,0.00
randomArrays,2,686,0.05,0.00,0.00
randomArrays,2,183,0.01,0.00,0.00
randomArrays,2,572,0.04,0.00,0.00
randomArrays,2,747,0.06,0.00,0.00
randomArrays,2,780,0.06,0.00,0.00
randomArrays,2,828,0.15,0.00,0.00
randomArrays,2,591,0.08,0.00,0.00
randomArrays,2,415,0.03,0.00,0.00
randomArrays,2,648,0.07,0.00,0.00
randomArrays,2,204,0.02,0.00,0.00
randomArrays,2,510,0.04,0.00,0.00
randomArrays,2,422,0.03,0.00,0.00
randomArrays,2,541,0.05,0.00,0.00
randomArrays,2,875,0.06,0.00,0.00
randomArrays,2,742,0.40,0.00,0.00
randomArrays,2,384,0.05,0.00,0.00
randomArrays,2,266,0.02,0.00,0.00
randomArrays,2,137,0.02,0.00,0.00
randomArrays,2,970,0.07,0.00,0.00
randomArrays,2,685,0.05,0.00,0.00
randomArrays,2,665,0.06,0.00,0.00
randomArrays,2,319,0.03,0.00,0.00
randomArrays,2,808,0.05,0.00,0.00
randomArrays,2,143,0.02,0.00,0.00
randomArrays,2,147,0.03,0.00,0.00
randomArrays,2,929,0.07,0.00,0.00
randomArrays,2,906,0.06,0.00,0.00
randomArrays,2,425,0.03,0.00,0.00
randomArrays,2,736,0.14,0.00,0.00
randomArrays,2,65,0.01,0.00,0.00
randomArrays,2,305,0.02,0.00,0.00
randomArrays,2,194,0.02,0.00,0.00
randomArrays,2,545,0.05,0.00,0.00
randomArrays,2,49,0.01,0.00,0.00
randomArrays,2,731,0.05,0.00,0.00
randomArrays,2,712,0.05,0.00,0.00
randomArrays,2,732,0.05,0.00,0.00
randomArrays,2,57,0.02,0.00,0.00
randomArrays,2,983,0.08,0.00,0.00
randomArrays,2,345,0.05,0.00,0.00
randomArrays,2,152,0.02,0.00,0.00
randomArrays,2,963,0.06,0.00,0.00
randomArrays,2,544,0.03,0.00,0.00
randomArrays,2,870,0.15,0.00,0.00
randomArrays,2,557,0.04,0.00,0.00
randomArrays,2,168,0.02,0.00,0.00
randomArrays,2,373,0.03,0.00,0.00
randomArrays,2,416,0.04,0.00,0.00
randomArrays,2,942,0.06,0.00,0.00
randomArrays,2,966,0.22,0.00,0.00
randomArrays,2,363,0.03,0.00,0.00
randomArrays,2,955,0.07,0.00,0.00
randomArrays,2,626,0.05,0.00,0.00
randomArrays,2,948,0.07,0.00,0.00
randomArrays,2,193,0.02,0.00,0.00
randomArrays,2,361,0.03,0.00,0.00
randomArrays,2,195,0.04,0.00,0.00
randomArrays,2,905,0.15,0.00,0.00
randomArrays,2,105,0.01,0.00,0.00
randomArrays,2,750,0.06,0.00,0.00
randomArrays,2,565,0.04,0.00,0.00
randomArrays,2,538,0.04,0.00,0.00
randomArrays,2,488,0.03,0.00,0.00
randomArrays,2,30,0.02,0.00,0.00
randomArrays,2,554,0.04,0.00,0.00
randomArrays,2,407,0.03,0.00,0.00
randomArrays,2,958,0.07,0.00,0.00
randomArrays,2,137,0.01,0.00,0.00
randomArrays,2,101,0.02,0.00,0.00
randomArrays,2,633,0.04,0.00,0.00
randomArrays,2,44,0.01,0.00,0.00
randomArrays,2,738,0.06,0.00,0.00
randomArrays,2,763,0.05,0.00,0.00
randomArrays,2,319,0.03,0.00,0.00
randomArrays,2,682,0.05,0.00,0.00
randomArrays,2,820,0.06,0.00,0.00
randomArrays,2,896,0.14,0.00,0.00
randomArrays,2,712,0.05,0.00,0.00
randomArrays,2,554,0.03,0.00,0.00
randomArrays,2,940,0.06,0.00,0.00
randomArrays,2,787,0.06,0.00,0.00
randomArrays,2,255,0.02,0.00,0.00
randomArrays,2,135,0.02,0.00,0.00
randomArrays,2,546,0.04,0.00,0.00
randomArrays,2,643,0.06,0.00,0.00
randomArrays,2,197,0.02,0.00,0.00
randomArrays,2,643,0.10,0.00,0.00
randomArrays,2,858,0.07,0.00,0.00
randomArrays,2,134,0.02,0.00,0.00
randomArrays,2,133,0.01,0.00,0.00
randomArrays,2,317,0.03,0.00,0.00
randomArrays,2,312,0.05,0.00,0.00
randomArrays,2,160,0.03,0.00,0.00
randomArrays,2,838,0.15,0.00,0.00
randomArrays,2,316,0.02,0.00,0.00
randomArrays,2,111,0.02,0.00,0.00
randomArrays,2,530,0.04,0.00,0.00
randomArrays,2,827,0.06,0.00,0.00
randomArrays,2,994,0.07,0.00,0.00
randomArrays,2,348,0.03,0.00,0.00
randomArrays,2,652,0.05,0.00,0.00
randomArrays,2,339,0.03,0.00,0.00
randomArrays,2,908,0.07,0.00,0.00
randomArrays,2,655,0.05,0.00,0.00
randomArrays,2,899,0.07,0.00,0.00
randomArrays,2,377,0.03,0.00,0.00
randomArrays,2,793,0.06,0.00,0.00
randomArrays,2,12,0.01,0.00,0.00
randomArrays,2,236,0.03,0.00,0.00
randomArrays,2,851,0.06,0.00,0.00
randomArrays,2,462,0.04,0.00,0.00
randomArrays,2,49,0.01,0.00,0.00
randomArrays,2,649,0.05,0.00,0.00
randomArrays,2,299,0.03,0.00,0.00
randomArrays,2,796,0.05,0.00,0.00
randomArrays,2,227,0.02,0.00,0.00
randomArrays,2,929,0.08,0.00,0.00
randomArrays,2,166,0.02,0.00,0.00
randomArrays,2,277,0.03,0.00,0.00
randomArrays,2,179,0.02,0.00,0.00
randomArrays,2,809,0.06,0.00,0.00
randomArrays,2,232,0.02,0.00,0.00
randomArrays,2,247,0.04,0.00,0.00
randomArrays,2,99,0.01,0.00,0.00
randomArrays,2,649,0.04,0.00,0.00
randomArrays,2,15,0.01,0.00,0.00
randomArrays,2,646,0.05,0.00,0.00
randomArrays,2,463,0.03,0.00,0.00
randomArrays,2,587,0.04,0.00,0.00
randomArrays,2,898,0.07,0.00,0.00
randomArrays,2,643,0.11,0.00,0.00
randomArrays,2,840,0.06,0.00,0.00
randomArrays,2,708,0.05,0.00,0.00
randomArrays,2,214,0.02,0.00,0.00
randomArrays,2,565,0.04,0.00,0.00
randomArrays,2,157,0.02,0.00,0.00
randomArrays,2,265,0.02,0.00,0.00
randomArrays,2,171,0.02,0.00,0.00
randomArrays,2,136,0.02,0.00,0.00
randomArrays,2,290,0.02,0.00,0.00
randomArrays,2,96,0.01,0.00,0.00
randomArrays,2,11,0.01,0.00,0.00
randomArrays,2,311,0.03,0.00,0.00
randomArrays,2,566,0.05,0.00,0.00
randomArrays,2,328,0.03,0.00,0.00
randomArrays,2,358,0.03,0.00,0.00
randomArrays,2,674,0.05,0.00,0.00
randomArrays,2,490,0.04,0.00,0.00
randomArrays,2,36,0.01,0.00,0.00
randomArrays,2,408,0.03,0.00,0.00
randomArrays,2,49,0.01,0.00,0.00
randomArrays,2,581,0.05,0.00,0.00
randomArrays,2,879,0.15,0.00,0.00
randomArrays,2,61,0.01,0.00,0.00
randomArrays,2,656,0.04,0.00,0.00
randomArrays,2,411,0.03,0.00,0.00
randomArrays,2,361,0.03,0.00,0.00
randomArrays,2,994,0.15,0.00,0.00
randomArrays,2,416,0.03,0.00,0.00
randomArrays,2,966,0.07,0.00,0.00
randomArrays,2,92,0.01,0.00,0.00
randomArrays,2,429,0.04,0.00,0.00
randomArrays,2,658,0.05,0.00,0.00
randomArrays,2,877,0.06,0.00,0.00
randomArrays,2,780,0.06,0.00,0.00
randomArrays,2,669,0.16,0.00,0.00
randomArrays,2,394,0.03,0.00,0.00
randomArrays,2,892,0.12,0.00,0.00
randomArrays,2,180,0.01,0.00,0.00
randomArrays,2,829,0.05,0.00,0.00
randomArrays,2,255,0.02,0.00,0.00
randomArrays,2,374,0.03,0.00,0.00
randomArrays,2,37,0.01,0.00,0.00
randomArrays,2,919,0.06,0.00,0.00
randomArrays,2,850,0.05,0.00,0.00
randomArrays,2,930,0.06,0.00,0.00
randomArrays,2,419,0.03,0.00,0.00
randomArrays,2,720,0.05,0.00,0.00
randomArrays,2,378,0.03,0.00,0.00
randomArrays,2,815,0.06,0.00,0.00
randomArrays,2,566,0.14,0.00,0.00
randomArrays,2,623,0.05,0.00,0.00
randomArrays,2,597,0.13,0.00,0.00
randomArrays,2,148,0.02,0.00,0.00
randomArrays,2,580,0.04,0.00,0.00
randomArrays,2,244,0.04,0.00,0.00
randomArrays,2,703,0.04,0.00,0.00
randomArrays,2,743,0.06,0.00,0.00
randomArrays,2,923,0.06,0.00,0.00
randomArrays,2,284,0.03,0.00,0.00
randomArrays,2,35,0.01,0.00,0.00
randomArrays,2,941,0.06,0.00,0.00
randomArrays,2,39,0.01,0.00,0.00
randomArrays,2,276,0.02,0.00,0.00
randomArrays,2,494,0.03,0.00,0.00
randomArrays,2,547,0.04,0.00,0.00
randomArrays,2,837,0.07,0.00,0.00
randomArrays,2,183,0.02,0.00,0.00
randomArrays,2,360,0.03,0.00,0.00
randomArrays,2,627,0.10,0.00,0.00
randomArrays,2,833,0.06,0.00,0.00
randomArrays,2,491,0.04,0.00,0.00
randomArrays,2,623,0.05,0.00,0.00
randomArrays,2,850,0.07,0.00,0.00
randomArrays,2,35,0.01,0.00,0.00
randomArrays,2,584,0.05,0.00,0.00
randomArrays,2,34,0.01,0.00,0.00
randomArrays,2,335,0.03,0.00,0.00
randomArrays,2,145,0.02,0.00,0.00
randomArrays,2,61,0.01,0.00,0.00
randomArrays,2,88,0.01,0.00,0.00
randomArrays,2,442,0.03,0.00,0.00
randomArrays,2,729,0.06,0.00,0.00
randomArrays,2,312,0.03,0.00,0.00
randomArrays,2,620,0.09,0.00,0.00
randomArrays,2,77,0.01,0.00,0.00
randomArrays,2,784,0.05,0.00,0.00
randomArrays,2,720,0.06,0.00,0.00
randomArrays,2,796,0.13,0.00,0.00
randomArrays,2,81,0.01,0.00,0.00
randomArrays,2,900,0.07,0.00,0.00
randomArrays,2,570,0.04,0.00,0.00
randomArrays,2,749,0.05,0.00,0.00
randomArrays,2,723,0.05,0.00,0.00
randomArrays,2,54,0.01,0.00,0.00
randomArrays,2,261,0.02,0.00,0.00
randomArrays,2,831,0.07,0.00,0.00
randomArrays,2,133,0.02,0.00,0.00
randomArrays,2,165,0.02,0.00,0.00
randomArrays,2,441,0.03,0.00,0.00
randomArrays,2,782,0.06,0.00,0.00
randomArrays,2,384,0.03,0.00,0.00
randomArrays,2,283,0.02,0.00,0.00
randomArrays,2,71,0.01,0.00,0.00
randomArrays,2,374,0.03,0.00,0.00
randomArrays,2,204,0.02,0.00,0.00
randomArrays,2,437,0.03,0.00,0.00
randomArrays,2,662,0.05,0.00,0.00
randomArrays,2,821,0.20,0.00,0.00
randomArrays,2,198,0.02,0.00,0.00
randomArrays,2,776,0.07,0.00,0.00
randomArrays,2,124,0.01,0.00,0.00
randomArrays,2,202,0.07,0.00,0.00
randomArrays,2,806,0.05,0.00,0.00
randomArrays,2,448,0.04,0.00,0.00
randomArrays,2,383,0.03,0.00,0.00
randomArrays,2,992,0.07,0.00,0.00
randomArrays,2,714,0.13,0.00,0.00
randomArrays,2,528,0.04,0.00,0.00
randomArrays,2,137,0.01,0.00,0.00
randomArrays,2,122,0.02,0.00,0.00
randomArrays,2,883,0.06,0.00,0.00
randomArrays,2,614,0.04,0.00,0.00
randomArrays,2,841,0.06,0.00,0.00
randomArrays,2,471,0.03,0.00,0.00
randomArrays,2,871,0.06,0.00,0.00
randomArrays,2,938,0.07,0.00,0.00
randomArrays,2,238,0.02,0.00,0.00
randomArrays,2,772,0.06,0.00,0.00
randomArrays,2,334,0.03,0.00,0.00
randomArrays,2,274,0.03,0.00,0.00
randomArrays,2,385,0.03,0.00,0.00
randomArrays,2,455,0.04,0.00,0.00
randomArrays,2,202,0.01,0.00,0.00
randomArrays,2,349,0.03,0.00,0.00
randomArrays,2,170,0.02,0.00,0.00
randomArrays,2,365,0.03,0.00,0.00
randomArrays,2,921,0.06,0.00,0.00
randomArrays,2,368,0.03,0.00,0.00
randomArrays,2,851,0.11,0.00,0.00
randomArrays,2,736,0.11,0.00,0.00
randomArrays,2,64,0.01,0.00,0.00
randomArrays,2,371,0.03,0.00,0.00
randomArrays,2,962,0.07,0.00,0.00
randomArrays,2,758,0.05,0.00,0.00
randomArrays,2,565,0.03,0.00,0.00
randomArrays,2,246,0.02,0.00,0.00
randomArrays,2,390,0.03,0.00,0.00
randomArrays,2,833,0.06,0.00,0.00
randomArrays,2,359,0.05,0.00,0.00
randomArrays,2,647,0.05,0.00,0.00
randomArrays,2,830,0.05,0.00,0.00
randomArrays,2,790,0.07,0.00,0.00
randomArrays,2,789,0.05,0.00,0.00
randomArrays,2,33,0.01,0.00,0.00
randomArrays,2,324,0.03,0.00,0.00
randomArrays,2,460,0.03,0.00,0.00
randomArrays,2,660,0.05,0.00,0.00
randomArrays,2,553,0.04,0.00,0.00
randomArrays,2,181,0.02,0.00,0.00
randomArrays,2,106,0.01,0.00,0.00
randomArrays,2,198,0.02,0.00,0.00
randomArrays,2,795,0.06,0.00,0.00
randomArrays,2,149,0.02,0.00,0.00
randomArrays,2,42,0.01,0.00,0.00
randomArrays,2,538,0.04,0.00,0.00
randomArrays,2,405,0.03,0.00,0.00
randomArrays,2,741,0.04,0.00,0.00
randomArrays,2,88,0.01,0.00,0.00
randomArrays,2,896,0.07,0.00,0.00
randomArrays,2,574,0.05,0.00,0.00
randomArrays,2,34,0.01,0.00,0.00
randomArrays,2,83,0.02,0.00,0.00
randomArrays,2,311,0.03,0.00,0.00
randomArrays,2,168,0.01,0.00,0.00
randomArrays,2,720,0.11,0.00,0.00
randomArrays,2,499,0.03,0.00,0.00
randomArrays,2,280,0.03,0.00,0.00
randomArrays,2,960,0.07,0.00,0.00
randomArrays,2,351,0.03,0.00,0.00
randomArrays,2,840,0.06,0.00,0.00
randomArrays,2,826,0.06,0.00,0.00
randomArrays,2,780,0.06,0.00,0.00
randomArrays,2,592,0.08,0.00,0.00
randomArrays,2,601,0.05,0.00,0.00
randomArrays,2,924,0.07,0.00,0.00
randomArrays,2,630,0.04,0.00,0.00
randomArrays,2,738,0.04,0.00,0.00
randomArrays,2,43,0.01,0.00,0.00
randomArrays,2,546,0.04,0.00,0.00
randomArrays,2,118,0.01,0.00,0.00
randomArrays,2,812,0.06,0.00,0.00
randomArrays,2,636,0.06,0.00,0.00
randomArrays,2,253,0.02,0.00,0.00
randomArrays,2,443,0.03,0.00,0.00
randomArrays,2,292,0.03,0.00,0.00
randomArrays,2,723,0.07,0.00,0.00
randomArrays,2,398,0.03,0.00,0.00
randomArrays,2,368,0.03,0.00,0.00
randomArrays,2,534,0.04,0.00,0.00
randomArrays,2,899,0.08,0.00,0.00
randomArrays,2,137,0.02,0.00,0.00
randomArrays,2,187,0.01,0.00,0.00
randomArrays,2,164,0.02,0.00,0.00
randomArrays,2,735,0.05,0.00,0.00
randomArrays,2,524,0.05,0.00,0.00
randomArrays,2,512,0.04,0.00,0.00
randomArrays,2,15,0.02,0.00,0.00
randomArrays,2,737,0.04,0.00,0.00
randomArrays,2,616,0.05,0.00,0.00
randomArrays,2,349,0.03,0.00,0.00
randomArrays,2,645,0.05,0.00,0.00
randomArrays,2,502,0.03,0.00,0.00
randomArrays,2,932,0.06,0.00,0.00
randomArrays,2,778,0.05,0.00,0.00
randomArrays,2,126,0.01,0.00,0.00
randomArrays,2,836,0.06,0.00,0.00
randomArrays,2,911,0.07,0.00,0.00
randomArrays,2,265,0.02,0.00,0.00
randomArrays,2,694,0.05,0.00,0.00
randomArrays,2,188,0.02,0.00,0.00
randomArrays,2,282,0.03,0.00,0.00
randomArrays,2,347,0.03,0.00,0.00
randomArrays,2,768,0.06,0.00,0.00
randomArrays,2,778,0.05,0.00,0.00
randomArrays,2,549,0.05,0.00,0.00
randomArrays,2,12,0.01,0.00,0.00
randomArrays,2,336,0.03,0.00,0.00
randomArrays,2,949,0.07,0.00,0.00
randomArrays,2,179,0.02,0.00,0.00
randomArrays,2,634,0.05,0.00,0.00
randomArrays,2,38,0.01,0.00,0.00
randomArrays,2,123,0.02,0.00,0.00
randomArrays,2,282,0.02,0.00,0.00
randomArrays,2,452,0.04,0.00,0.00
randomArrays,2,217,0.02,0.00,0.00
randomArrays,2,629,0.05,0.00,0.00
randomArrays,2,275,0.02,0.00,0.00
randomArrays,2,66,0.01,0.00,0.00
randomArrays,2,308,0.03,0.00,0.00
randomArrays,2,809,0.06,0.00,0.00
randomArrays,2,634,0.05,0.00,0.00
randomArrays,2,478,0.04,0.00,0.00
randomArrays,2,336,0.03,0.00,0.00
randomArrays,2,672,0.05,0.00,0.00
randomArrays,2,583,0.12,0.00,0.00
randomArrays,2,413,0.03,0.00,0.00
randomArrays,2,683,0.04,0.00,0.00
randomArrays,2,463,0.04,0.00,0.00
randomArrays,2,267,0.02,0.00,0.00
randomArrays,2,73,0.01,0.00,0.00
randomArrays,2,641,0.05,0.00,0.00
randomArrays,2,827,0.06,0.00,0.00
randomArrays,2,864,0.07,0.00,0.00
randomArrays,2,672,0.05,0.00,0.00
randomArrays,2,948,0.07,0.00,0.00
randomArrays,2,523,0.04,0.00,0.00
randomArrays,2,113,0.01,0.00,0.00
randomArrays,2,855,0.07,0.00,0.00
randomArrays,2,764,0.06,0.00,0.00
randomArrays,2,559,0.04,0.00,0.00
randomArrays,2,256,0.02,0.00,0.00
randomArrays,2,861,0.07,0.00,0.00
randomArrays,2,215,0.02,0.00,0.00
randomArrays,2,610,0.05,0.00,0.00
randomArrays,2,133,0.02,0.00,0.00
randomArrays,2,721,0.05,0.00,0.00
randomArrays,2,826,0.06,0.00,0.00
randomArrays,2,732,0.06,0.00,0.00
randomArrays,2,218,0.02,0.00,0.00
randomArrays,2,897,0.06,0.00,0.00
randomArrays,2,95,0.01,0.00,0.00
randomArrays,2,596,0.04,0.00,0.00
randomArrays,2,333,0.03,0.00,0.00
randomArrays,2,139,0.01,0.00,0.00
randomArrays,2,90,0.02,0.00,0.00
randomArrays,2,724,0.06,0.00,0.00
randomArrays,2,24,0.01,0.00,0.00
randomArrays,2,182,0.02,0.00,0.00
randomArrays,2,440,0.03,0.00,0.00
randomArrays,2,521,0.04,0.00,0.00
randomArrays,2,653,0.04,0.00,0.00
randomArrays,2,422,0.03,0.00,0.00
randomArrays,2,919,0.07,0.00,0.00
randomArrays,2,399,0.03,0.00,0.00
randomArrays,2,148,0.02,0.00,0.00
randomArrays,2,651,0.05,0.00,0.00
randomArrays,2,953,0.07,0.00,0.00
randomArrays,2,205,0.02,0.00,0.00
randomArrays,2,713,0.05,0.00,0.00
randomArrays,2,335,0.03,0.00,0.00
randomArrays,2,800,0.05,0.00,0.00
randomArrays,2,263,0.02,0.00,0.00
randomArrays,2,305,0.03,0.00,0.00
randomArrays,2,772,0.06,0.00,0.00
randomArrays,2,760,0.06,0.00,0.00
randomArrays,2,985,0.07,0.00,0.00
randomArrays,2,468,0.04,0.00,0.00
randomArrays,2,542,0.07,0.00,0.00
randomArrays,2,137,0.02,0.00,0.00
randomArrays,2,877,0.13,0.00,0.00
randomArrays,2,407,0.03,0.00,0.00
randomArrays,2,13,0.01,0.00,0.00
randomArrays,2,857,0.07,0.00,0.00
randomArrays,2,961,0.07,0.00,0.00
randomArrays,2,963,0.07,0.00,0.00
randomArrays,2,792,0.06,0.00,0.00
randomArrays,2,190,0.06,0.00,0.00
randomArrays,2,859,0.06,0.00,0.00
randomArrays,2,989,0.06,0.00,0.00
randomArrays,2,816,0.06,0.00,0.00
randomArrays,2,950,0.08,0.00,0.00
randomArrays,2,241,0.02,0.00,0.00
randomArrays,2,957,0.07,0.00,0.00
randomArrays,2,155,0.02,0.00,0.00
randomArrays,2,625,0.05,0.00,0.00
randomArrays,2,573,0.04,0.00,0.00
randomArrays,2,278,0.02,0.00,0.00
randomArrays,2,67,0.01,0.00,0.00
randomArrays,2,785,0.05,0.00,0.00
randomArrays,2,576,0.04,0.00,0.00
randomArrays,2,949,0.14,0.00,0.00
randomArrays,2,274,0.02,0.00,0.00
randomArrays,2,827,0.05,0.00,0.00
randomArrays,2,246,0.02,0.00,0.00
randomArrays,2,497,0.04,0.00,0.00
randomArrays,2,98,0.01,0.00,0.00
randomArrays,2,87,0.01,0.00,0.00
randomArrays,2,362,0.02,0.00,0.00
randomArrays,2,748,0.05,0.00,0.00
randomArrays,2,553,0.04,0.00,0.00
randomArrays,2,931,0.07,0.00,0.00
randomArrays,2,24,0.01,0.00,0.00
randomArrays,2,836,0.06,0.00,0.00
randomArrays,2,524,0.03,0.00,0.00
randomArrays,2,286,0.02,0.00,0.00
randomArrays,2,379,0.03,0.00,0.00
randomArrays,2,654,0.05,0.00,0.00
randomArrays,2,795,0.06,0.00,0.00
randomArrays,2,335,0.03,0.00,0.00
randomArrays,2,218,0.02,0.00,0.00
randomArrays,2,390,0.03,0.00,0.00
randomArrays,2,80,0.01,0.00,0.00
randomArrays,2,602,0.04,0.00,0.00
randomArrays,2,687,0.05,0.00,0.00
randomArrays,2,573,0.04,0.00,0.00
randomArrays,2,857,0.06,0.00,0.00
randomArrays,2,484,0.04,0.00,0.00
randomArrays,2,633,0.05,0.00,0.00
randomArrays,2,393,0.56,0.00,0.00
randomArrays,2,953,0.06,0.00,0.00
randomArrays,2,718,0.11,0.00,0.00
randomArrays,2,330,0.03,0.00,0.00
randomArrays,2,273,0.02,0.00,0.00
randomArrays,2,323,0.03,0.00,0.00
randomArrays,2,971,0.07,0.00,0.00
randomArrays,2,156,0.01,0.00,0.00
randomArrays,2,971,0.07,0.00,0.00
randomArrays,2,202,0.01,0.00,0.00
randomArrays,2,201,0.02,0.00,0.00
randomArrays,2,230,0.02,0.00,0.00
randomArrays,2,953,0.06,0.00,0.00
randomArrays,2,399,0.03,0.00,0.00
randomArrays,2,354,0.03,0.00,0.00
randomArrays,2,334,0.03,0.00,0.00
randomArrays,2,538,0.03,0.00,0.00
randomArrays,2,238,0.02,0.00,0.00
randomArrays,2,415,0.07,0.00,0.00
randomArrays,2,498,0.04,0.00,0.00
randomArrays,2,193,0.02,0.00,0.00
randomArrays,2,125,0.02,0.00,0.00
randomArrays,2,100,0.01,0.00,0.00
randomArrays,2,742,0.06,0.00,0.00
randomArrays,2,588,0.05,0.00,0.00
randomArrays,2,355,0.06,0.00,0.00
randomArrays,2,923,0.07,0.00,0.00
randomArrays,2,167,0.02,0.00,0.00
randomArrays,2,518,0.03,0.00,0.00
randomArrays,2,649,0.05,0.00,0.00
randomArrays,2,280,0.05,0.00,0.00
randomArrays,2,842,0.06,0.00,0.00
randomArrays,2,586,0.05,0.00,0.00
randomArrays,2,519,0.14,0.00,0.00
randomArrays,2,112,0.01,0.00,0.00
randomArrays,2,320,0.03,0.00,0.00
randomArrays,2,955,0.06,0.00,0.00
randomArrays,2,61,0.01,0.00,0.00
randomArrays,2,709,0.06,0.00,0.00
randomArrays,2,671,0.05,0.00,0.00
randomArrays,2,437,0.03,0.00,0.00
randomArrays,2,917,0.06,0.00,0.00
randomArrays,2,499,0.04,0.00,0.00
randomArrays,2,503,0.04,0.00,0.00
randomArrays,2,676,0.05,0.00,0.00
randomArrays,2,594,0.04,0.00,0.00
randomArrays,2,48,0.01,0.00,0.00
randomArrays,2,590,0.04,0.00,0.00
randomArrays,2,861,0.07,0.00,0.00
randomArrays,2,363,0.03,0.00,0.00
randomArrays,2,969,0.06,0.00,0.00
randomArrays,2,912,0.06,0.00,0.00
randomArrays,2,779,0.06,0.00,0.00
randomArrays,2,301,0.02,0.00,0.00
randomArrays,2,545,0.04,0.00,0.00
randomArrays,2,24,0.01,0.00,0.00
randomArrays,2,953,0.07,0.00,0.00
randomArrays,2,440,0.04,0.00,0.00
randomArrays,2,997,0.06,0.00,0.00
randomArrays,2,661,0.05,0.00,0.00
randomArrays,2,583,0.04,0.00,0.00
randomArrays,2,478,0.04,0.00,0.00
randomArrays,2,220,0.02,0.00,0.00
randomArrays,2,458,0.04,0.00,0.00
randomArrays,2,783,0.05,0.00,0.00
randomArrays,2,554,0.09,0.00,0.00
randomArrays,2,167,0.02,0.00,0.00
randomArrays,2,338,0.03,0.00,0.00
randomArrays,2,321,0.03,0.00,0.00
randomArrays,2,993,0.18,0.00,0.00
randomArrays,2,414,0.03,0.00,0.00
randomArrays,2,630,0.04,0.00,0.00
randomArrays,2,572,0.05,0.00,0.00
randomArrays,2,119,0.01,0.00,0.00
randomArrays,2,852,0.07,0.00,0.00
randomArrays,2,392,0.03,0.00,0.00
randomArrays,2,744,0.05,0.00,0.00
randomArrays,2,767,0.06,0.00,0.00
randomArrays,2,419,0.03,0.00,0.00
randomArrays,2,186,0.02,0.00,0.00
randomArrays,2,498,0.15,0.00,0.00
randomArrays,2,369,0.03,0.00,0.00
randomArrays,2,545,0.04,0.00,0.00
randomArrays,2,585,0.05,0.00,0.00
randomArrays,2,232,0.02,0.00,0.00
randomArrays,2,683,0.05,0.00,0.00
randomArrays,2,373,0.04,0.00,0.00
randomArrays,2,67,0.01,0.00,0.00
randomArrays,2,47,0.01,0.00,0.00
randomArrays,2,353,0.03,0.00,0.00
randomArrays,2,165,0.02,0.00,0.00
randomArrays,2,822,0.06,0.00,0.00
randomArrays,2,207,0.06,0.00,0.00
randomArrays,2,365,0.03,0.00,0.00
randomArrays,2,33,0.01,0.00,0.00
randomArrays,2,324,0.02,0.00,0.00
randomArrays,2,533,0.04,0.00,0.00
randomArrays,2,467,0.04,0.00,0.00
randomArrays,2,653,0.04,0.00,0.00
randomArrays,2,262,0.02,0.00,0.00
randomArrays,2,26,0.01,0.00,0.00
randomArrays,2,705,0.04,0.00,0.00
randomArrays,2,945,0.07,0.00,0.00
randomArrays,2,145,0.01,0.00,0.00
randomArrays,2,987,0.07,0.00,0.00
randomArrays,2,40,0.01,0.00,0.00
randomArrays,2,418,0.03,0.00,0.00
randomArrays,2,20,0.01,0.00,0.00
randomArrays,2,618,0.05,0.00,0.00
randomArrays,2,463,0.04,0.00,0.00
randomArrays,2,310,0.05,0.00,0.00
randomArrays,2,753,0.05,0.00,0.00
randomArrays,2,203,0.05,0.00,0.00
randomArrays,2,756,0.05,0.00,0.00
randomArrays,2,998,0.16,0.00,0.00
randomArrays,2,631,0.05,0.00,0.00
randomArrays,2,788,0.05,0.00,0.00
randomArrays,2,364,0.03,0.00,0.00
randomArrays,2,435,0.05,0.00,0.00
randomArrays,2,379,0.03,0.00,0.00
randomArrays,2,208,0.02,0.00,0.00
randomArrays,2,503,0.04,0.00,0.00
randomArrays,2,97,0.01,0.00,0.00
randomArrays,2,266,0.02,0.00,0.00
randomArrays,2,828,0.06,0.00,0.00
randomArrays,2,319,0.03,0.00,0.00
randomArrays,2,898,0.07,0.00,0.00
randomArrays,2,380,0.06,0.00,0.00
randomArrays,2,450,0.03,0.00,0.00
randomArrays,2,142,0.02,0.00,0.00
randomArrays,2,434,0.03,0.00,0.00
randomArrays,2,96,0.02,0.00,0.00
randomArrays,2,641,0.05,0.00,0.00
randomArrays,2,538,0.04,0.00,0.00
randomArrays,2,502,0.03,0.00,0.00
randomArrays,2,599,0.05,0.00,0.00
randomArrays,2,299,0.02,0.00,0.00
randomArrays,2,620,0.05,0.00,0.00
randomArrays,2,606,0.06,0.00,0.00
randomArrays,2,282,0.04,0.00,0.00
randomArrays,2,205,0.02,0.00,0.00
randomArrays,2,504,0.04,0.00,0.00
randomArrays,2,315,0.03,0.00,0.00
randomArrays,2,739,0.05,0.00,0.00
randomArrays,2,226,0.02,0.00,0.00
randomArrays,2,239,0.02,0.00,0.00
randomArrays,2,656,0.05,0.00,0.00
randomArrays,2,467,0.04,0.00,0.00
randomArrays,2,855,0.11,0.00,0.00
randomArrays,2,12,0.01,0.00,0.00
randomArrays,2,751,0.05,0.00,0.00
randomArrays,2,426,0.04,0.00,0.00
randomArrays,2,735,0.05,0.00,0.00
randomArrays,2,321,0.04,0.00,0.00
randomArrays,2,522,0.03,0.00,0.00
randomArrays,2,888,0.06,0.00,0.00
randomArrays,2,118,0.02,0.00,0.00
randomArrays,2,813,0.05,0.00,0.00
randomArrays,2,547,0.04,0.00,0.00
randomArrays,2,860,0.07,0.00,0.00
randomArrays,2,189,0.02,0.00,0.00
randomArrays,2,668,0.05,0.00,0.00
randomArrays,2,583,0.05,0.00,0.00
randomArrays,2,489,0.04,0.00,0.00
randomArrays,2,414,0.03,0.00,0.00
randomArrays,2,905,0.07,0.00,0.00
randomArrays,2,742,0.06,0.00,0.00
randomArrays,2,358,0.03,0.00,0.00
randomArrays,2,741,0.06,0.00,0.00
randomArrays,2,470,0.04,0.00,0.00
randomArrays,2,111,0.01,0.00,0.00
randomArrays,2,546,0.04,0.00,0.00
randomArrays,2,591,0.04,0.00,0.00
randomArrays,2,884,0.05,0.00,0.00
randomArrays,2,684,0.05,0.00,0.00
randomArrays,2,975,0.07,0.00,0.00
randomArrays,2,739,0.07,0.00,0.00
randomArrays,2,725,0.05,0.00,0.00
randomArrays,2,893,0.06,0.00,0.00
randomArrays,2,16,0.01,0.00,0.00
randomArrays,2,467,0.03,0.00,0.00
randomArrays,2,307,0.02,0.00,0.00
randomArrays,2,235,0.02,0.00,0.00
randomArrays,2,377,0.03,0.00,0.00
randomArrays,2,448,0.07,0.00,0.00
randomArrays,2,999,0.35,0.00,0.00
randomArrays,2,98,0.01,0.00,0.00
randomArrays,2,456,0.03,0.00,0.00
randomArrays,2,118,0.01,0.00,0.00
randomArrays,2,406,0.03,0.00,0.00
randomArrays,2,33,0.01,0.00,0.00
randomArrays,2,517,0.04,0.00,0.00
randomArrays,2,248,0.02,0.00,0.00
randomArrays,2,61,0.01,0.00,0.00
randomArrays,2,547,0.03,0.00,0.00
randomArrays,2,602,0.05,0.00,0.00
randomArrays,2,579,0.04,0.00,0.00
randomArrays,2,972,0.08,0.00,0.00
randomArrays,2,653,0.04,0.00,0.00
randomArrays,2,866,0.06,0.00,0.00
randomArrays,2,417,0.08,0.00,0.00
randomArrays,2,386,0.03,0.00,0.00
randomArrays,2,349,0.03,0.00,0.00
randomArrays,2,598,0.05,0.00,0.00
randomArrays,2,856,0.06,0.00,0.00
randomArrays,2,152,0.02,0.00,0.00
randomArrays,2,436,0.03,0.00,0.00
randomArrays,2,356,0.03,0.00,0.00
randomArrays,2,598,0.05,0.00,0.00
randomArrays,2,578,0.05,0.00,0.00
randomArrays,2,786,0.06,0.00,0.00
randomArrays,2,124,0.01,0.00,0.00
randomArrays,2,439,0.04,0.00,0.00
randomArrays,2,492,0.04,0.00,0.00
randomArrays,2,207,0.02,0.00,0.00
randomArrays,2,100,0.01,0.00,0.00
randomArrays,2,591,0.05,0.00,0.00
randomArrays,2,397,0.06,0.00,0.00
randomArrays,2,295,0.03,0.00,0.00
randomArrays,2,733,0.05,0.00,0.00
randomArrays,2,231,0.02,0.00,0.00
randomArrays,2,565,0.04,0.00,0.00
randomArrays,2,910,0.07,0.00,0.00
randomArrays,2,74,0.01,0.00,0.00
randomArrays,2,647,0.05,0.00,0.00
randomArrays,2,456,0.04,0.00,0.00
randomArrays,2,954,0.07,0.00,0.00
randomArrays,2,495,0.04,0.00,0.00
randomArrays,2,487,0.04,0.00,0.00
randomArrays,2,559,0.09,0.00,0.00
randomArrays,2,512,0.04,0.00,0.00
randomArrays,2,247,0.04,0.00,0.00
randomArrays,2,219,0.02,0.00,0.00
randomArrays,2,839,0.06,0.00,0.00
randomArrays,2,887,0.07,0.00,0.00
randomArrays,2,942,0.07,0.00,0.00
randomArrays,2,920,0.07,0.00,0.00
randomArrays,2,868,0.06,0.00,0.00
randomArrays,2,25,0.01,0.00,0.00
randomArrays,2,174,0.02,0.00,0.00
randomArrays,2,818,0.12,0.00,0.00
randomArrays,2,660,0.19,0.00,0.00
randomArrays,2,592,0.04,0.00,0.00
randomArrays,2,942,0.06,0.00,0.00
randomArrays,2,962,0.08,0.00,0.00
randomArrays,2,254,0.02,0.00,0.00
randomArrays,2,527,0.03,0.00,0.00
randomArrays,2,786,0.05,0.00,0.00
randomArrays,2,179,0.02,0.00,0.00
randomArrays,2,678,0.04,0.00,0.00
randomArrays,2,950,0.07,0.00,0.00
randomArrays,2,538,0.04,0.00,0.00
randomArrays,2,185,0.02,0.00,0.00
randomArrays,2,689,0.06,0.00,0.00
randomArrays,2,161,0.02,0.00,0.00
randomArrays,2,509,0.03,0.00,0.00
randomArrays,2,376,0.03,0.00,0.00
randomArrays,2,766,0.06,0.00,0.00
randomArrays,2,706,0.06,0.00,0.00
randomArrays,2,644,0.04,0.00,0.00
randomArrays,2,758,0.05,0.00,0.00
randomArrays,2,747,0.06,0.00,0.00
randomArrays,2,349,0.03,0.00,0.00
randomArrays,2,574,0.05,0.00,0.00
randomArrays,2,888,0.06,0.00,0.00
randomArrays,2,235,0.02,0.00,0.00
randomArrays,2,653,0.05,0.00,0.00
randomArrays,2,630,0.05,0.00,0.00
randomArrays,2,76,0.01,0.00,0.00
randomArrays,2,436,0.04,0.00,0.00
randomArrays,2,771,0.06,0.00,0.00
randomArrays,2,217,0.02,0.00,0.00
randomArrays,2,419,0.03,0.00,0.00
randomArrays,2,860,0.06,0.00,0.00
randomArrays,2,288,0.02,0.00,0.00
randomArrays,2,280,0.02,0.00,0.00
randomArrays,2,242,0.02,0.00,0.00
randomArrays,2,602,0.05,0.00,0.00
randomArrays,2,44,0.01,0.00,0.00
randomArrays,2,547,0.04,0.00,0.00
randomArrays,2,860,0.05,0.00,0.00
randomArrays,2,737,0.05,0.00,0.00
randomArrays,2,738,0.05,0.00,0.00
randomArrays,2,725,0.05,0.00,0.00
randomArrays,2,684,0.05,0.00,0.00
randomArrays,2,233,0.02,0.00,0.00
randomArrays,2,342,0.03,0.00,0.00
randomArrays,2,855,0.06,0.00,0.00
randomArrays,2,861,0.06,0.00,0.00
randomArrays,2,566,0.04,0.00,0.00
randomArrays,2,406,0.03,0.00,0.00
randomArrays,2,192,0.02,0.00,0.00
randomArrays,2,850,0.06,0.00,0.00
randomArrays,2,609,0.05,0.00,0.00
randomArrays,2,18,0.01,0.00,0.00
randomArrays,2,482,0.04,0.00,0.00
randomArrays,2,264,0.02,0.00,0.00
randomArrays,2,319,0.02,0.00,0.00
randomArrays,2,252,0.02,0.00,0.00
randomArrays,2,342,0.02,0.00,0.00
randomArrays,2,252,0.02,0.00,0.00
randomArrays,2,205,0.02,0.00,0.00
randomArrays,2,942,0.07,0.00,0.00
randomArrays,2,744,0.06,0.00,0.00
randomArrays,2,537,0.04,0.00,0.00
randomArrays,2,501,0.04,0.00,0.00
randomArrays,2,853,0.07,0.00,0.00
randomArrays,2,341,0.03,0.00,0.00
randomArrays,2,800,0.07,0.00,0.00
randomArrays,2,857,0.05,0.00,0.00
randomArrays,2,427,0.03,0.00,0.00
randomArrays,2,647,0.05,0.00,0.00
randomArrays,2,76,0.02,0.00,0.00
randomArrays,2,677,0.05,0.00,0.00
randomArrays,2,579,0.05,0.00,0.00
randomArrays,2,731,0.05,0.00,0.00
randomArrays,2,704,0.05,0.00,0.00
randomArrays,2,266,0.03,0.00,0.00
randomArrays,2,961,0.07,0.00,0.00
randomArrays,2,263,0.02,0.00,0.00
randomArrays,2,434,0.04,0.00,0.00
randomArrays,2,484,0.05,0.00,0.00
randomArrays,2,163,0.02,0.00,0.00
randomArrays,2,984,0.07,0.00,0.00
randomArrays,2,211,0.02,0.00,0.00
randomArrays,2,185,0.02,0.00,0.00
randomArrays,2,467,0.03,0.00,0.00
randomArrays,2,214,0.02,0.00,0.00
randomArrays,2,35,0.01,0.00,0.00
randomArrays,2,141,0.02,0.00,0.00
randomArrays,2,559,0.04,0.00,0.00
randomArrays,2,706,0.05,0.00,0.00
randomArrays,2,68,0.01,0.00,0.00
randomArrays,2,12,0.01,0.00,0.00
randomArrays,2,405,0.03,0.00,0.00
randomArrays,2,288,0.02,0.00,0.00
randomArrays,2,955,0.07,0.00,0.00
randomArrays,2,50,0.01,0.00,0.00
randomArrays,2,752,0.05,0.00,0.00
randomArrays,2,695,0.05,0.00,0.00
randomArrays,2,186,0.01,0.00,0.00
randomArrays,2,737,0.05,0.00,0.00
randomArrays,2,948,0.07,0.00,0.00
randomArrays,2,151,0.01,0.00,0.00
randomArrays,2,46,0.01,0.00,0.00
randomArrays,2,968,0.07,0.00,0.00
randomArrays,2,333,0.03,0.00,0.00
randomArrays,2,189,0.02,0.00,0.00
randomArrays,2,190,0.02,0.00,0.00
randomArrays,2,589,0.04,0.00,0.00
randomArrays,2,230,0.02,0.00,0.00
randomArrays,2,535,0.03,0.00,0.00
randomArrays,2,189,0.02,0.00,0.00
randomArrays,2,948,0.07,0.00,0.00
randomArrays,2,834,0.06,0.00,0.00
randomArrays,2,273,0.02,0.00,0.00
randomArrays,2,773,0.09,0.00,0.00
randomArrays,2,342,0.03,0.00,0.00
randomArrays,2,995,0.07,0.00,0.00
randomArrays,2,221,0.02,0.00,0.00
randomArrays,2,519,0.08,0.00,0.00
randomArrays,2,479,0.03,0.00,0.00
randomArrays,2,155,0.02,0.00,0.00
randomArrays,2,756,0.05,0.00,0.00
randomArrays,2,658,0.04,0.00,0.00
randomArrays,2,213,0.02,0.00,0.00
randomArrays,2,467,0.04,0.00,0.00
randomArrays,2,191,0.02,0.00,0.00
randomArrays,2,744,0.06,0.00,0.00
randomArrays,2,122,0.01,0.00,0.00
randomArrays,2,178,0.02,0.00,0.00
randomArrays,2,760,0.06,0.00,0.00
randomArrays,2,524,0.04,0.00,0.00
randomArrays,2,264,0.02,0.00,0.00
randomArrays,2,733,0.06,0.00,0.00
randomArrays,2,759,0.05,0.00,0.00
randomArrays,2,177,0.02,0.00,0.00
randomArrays,2,53,0.01,0.00,0.00
randomArrays,2,429,0.05,0.00,0.00
randomArrays,2,508,0.07,0.00,0.00
randomArrays,2,919,0.06,0.00,0.00
randomArrays,2,412,0.04,0.00,0.00
randomArrays,2,503,0.05,0.00,0.00
randomArrays,2,115,0.02,0.00,0.00
randomArrays,2,851,0.07,0.00,0.00
randomArrays,2,848,0.08,0.00,0.00
randomArrays,2,652,0.05,0.00,0.00
randomArrays,2,693,0.05,0.00,0.00
randomArrays,2,662,0.05,0.00,0.00
randomArrays,2,815,0.06,0.00,0.00
randomArrays,2,679,0.16,0.00,0.00
randomArrays,2,141,0.03,0.00,0.00
randomArrays,2,458,0.03,0.00,0.00
randomArrays,2,378,0.04,0.00,0.00
randomArrays,2,662,0.04,0.00,0.00
randomArrays,2,809,0.07,0.00,0.00
randomArrays,2,960,0.07,0.00,0.00
randomArrays,2,454,0.03,0.00,0.00
randomArrays,2,513,0.04,0.00,0.00
randomArrays,2,965,0.07,0.00,0.00
randomArrays,2,855,0.07,0.00,0.00
randomArrays,2,257,0.02,0.00,0.00
randomArrays,2,932,0.06,0.00,0.00
randomArrays,2,112,0.01,0.00,0.00
randomArrays,2,264,0.06,0.00,0.00
randomArrays,2,404,0.03,0.00,0.00
randomArrays,2,830,0.06,0.00,0.00
randomArrays,2,115,0.01,0.00,0.00
randomArrays,2,906,0.07,0.00,0.00
randomArrays,3,469,0.03,0.00,0.00
randomArrays,3,783,0.06,0.00,0.00
randomArrays,3,464,0.04,0.00,0.00
randomArrays,3,267,0.03,0.00,0.00
randomArrays,3,828,0.06,0.00,0.00
randomArrays,3,607,0.05,0.00,0.00
randomArrays,3,319,0.03,0.00,0.00
randomArrays,3,431,0.03,0.00,0.00
randomArrays,3,941,0.12,0.00,0.00
randomArrays,3,937,0.07,0.00,0.00
randomArrays,3,619,0.05,0.00,0.00
randomArrays,3,370,0.04,0.00,0.00
randomArrays,3,478,0.04,0.00,0.00
randomArrays,3,107,0.01,0.00,0.00
randomArrays,3,910,0.07,0.00,0.00
randomArrays,3,381,0.03,0.00,0.00
randomArrays,3,699,0.05,0.00,0.00
randomArrays,3,452,0.03,0.00,0.00
randomArrays,3,882,0.14,0.00,0.00
randomArrays,3,697,0.05,0.00,0.00
randomArrays,3,39,0.01,0.00,0.00
randomArrays,3,382,0.03,0.00,0.00
randomArrays,3,980,0.08,0.00,0.00
randomArrays,3,202,0.02,0.00,0.00
randomArrays,3,674,0.05,0.00,0.00
randomArrays,3,184,0.02,0.00,0.00
randomArrays,3,853,0.05,0.00,0.00
randomArrays,3,101,0.01,0.00,0.00
randomArrays,3,329,0.03,0.00,0.00
randomArrays,3,837,0.13,0.00,0.00
randomArrays,3,952,0.06,0.00,0.00
randomArrays,3,676,0.06,0.00,0.00
randomArrays,3,248,0.02,0.00,0.00
randomArrays,3,845,0.06,0.00,0.00
randomArrays,3,707,0.05,0.00,0.00
randomArrays,3,458,0.03,0.00,0.00
randomArrays,3,219,0.03,0.00,0.00
randomArrays,3,268,0.03,0.00,0.00
randomArrays,3,201,0.03,0.00,0.00
randomArrays,3,520,0.04,0.00,0.00
randomArrays,3,832,0.06,0.00,0.00
randomArrays,3,800,0.06,0.00,0.00
randomArrays,3,753,0.06,0.00,0.00
randomArrays,3,286,0.03,0.00,0.00
randomArrays,3,841,0.06,0.00,0.00
randomArrays,3,240,0.02,0.00,0.00
randomArrays,3,370,0.03,0.00,0.00
randomArrays,3,287,0.02,0.00,0.00
randomArrays,3,89,0.01,0.00,0.00
randomArrays,3,881,0.06,0.00,0.00
randomArrays,3,187,0.02,0.00,0.00
randomArrays,3,373,0.03,0.00,0.00
randomArrays,3,194,0.02,0.00,0.00
randomArrays,3,382,0.03,0.00,0.00
randomArrays,3,826,0.05,0.00,0.00
randomArrays,3,781,0.06,0.00,0.00
randomArrays,3,814,0.06,0.00,0.00
randomArrays,3,525,0.04,0.00,0.00
randomArrays,3,136,0.01,0.00,0.00
randomArrays,3,454,0.04,0.00,0.00
randomArrays,3,563,0.09,0.00,0.00
randomArrays,3,226,0.02,0.00,0.00
randomArrays,3,345,0.03,0.00,0.00
randomArrays,3,514,0.04,0.00,0.00
randomArrays,3,871,0.05,0.00,0.00
randomArrays,3,939,0.07,0.00,0.00
randomArrays,3,397,0.03,0.00,0.00
randomArrays,3,429,0.03,0.00,0.00
randomArrays,3,421,0.04,0.00,0.00
randomArrays,3,747,0.06,0.00,0.00
randomArrays,3,19,0.02,0.00,0.00
randomArrays,3,74,0.02,0.00,0.00
randomArrays,3,259,0.02,0.00,0.00
randomArrays,3,846,0.06,0.00,0.00
randomArrays,3,789,0.06,0.00,0.00
randomArrays,3,671,0.05,0.00,0.00
randomArrays,3,368,0.02,0.00,0.00
randomArrays,3,448,0.04,0.00,0.00
randomArrays,3,237,0.02,0.00,0.00
randomArrays,3,627,0.05,0.00,0.00
randomArrays,3,584,0.04,0.00,0.00
randomArrays,3,328,0.03,0.00,0.00
randomArrays,3,606,0.05,0.00,0.00
randomArrays,3,563,0.04,0.00,0.00
randomArrays,3,774,0.06,0.00,0.00
randomArrays,3,206,0.02,0.00,0.00
randomArrays,3,907,0.06,0.00,0.00
randomArrays,3,37,0.01,0.00,0.00
randomArrays,3,878,0.06,0.00,0.00
randomArrays,3,284,0.03,0.00,0.00
randomArrays,3,853,0.06,0.00,0.00
randomArrays,3,247,0.02,0.00,0.00
randomArrays,3,241,0.02,0.00,0.00
randomArrays,3,348,0.03,0.00,0.00
randomArrays,3,814,0.06,0.00,0.00
randomArrays,3,245,0.02,0.00,0.00
randomArrays,3,335,0.04,0.00,0.00
randomArrays,3,497,0.05,0.00,0.00
randomArrays,3,280,0.02,0.00,0.00
randomArrays,3,664,0.05,0.00,0.00
randomArrays,3,523,0.03,0.00,0.00
randomArrays,3,841,0.06,0.00,0.00
randomArrays,3,290,0.02,0.00,0.00
randomArrays,3,158,0.02,0.00,0.00
randomArrays,3,783,0.05,0.00,0.00
randomArrays,3,638,0.05,0.00,0.00
randomArrays,3,314,0.03,0.00,0.00
randomArrays,3,484,0.03,0.00,0.00
randomArrays,3,972,0.06,0.00,0.00
randomArrays,3,652,0.05,0.00,0.00
randomArrays,3,543,0.04,0.00,0.00
randomArrays,3,487,0.06,0.00,0.00
randomArrays,3,686,0.05,0.00,0.00
randomArrays,3,183,0.02,0.00,0.00
randomArrays,3,572,0.05,0.00,0.00
randomArrays,3,747,0.05,0.00,0.00
randomArrays,3,780,0.06,0.00,0.00
randomArrays,3,828,0.06,0.00,0.00
randomArrays,3,591,0.04,0.00,0.00
randomArrays,3,415,0.03,0.00,0.00
randomArrays,3,648,0.05,0.00,0.00
randomArrays,3,204,0.02,0.00,0.00
randomArrays,3,510,0.04,0.00,0.00
randomArrays,3,422,0.03,0.00,0.00
randomArrays,3,541,0.04,0.00,0.00
randomArrays,3,875,0.07,0.00,0.00
randomArrays,3,742,0.12,0.00,0.00
randomArrays,3,384,0.03,0.00,0.00
randomArrays,3,266,0.02,0.00,0.00
randomArrays,3,137,0.02,0.00,0.00
randomArrays,3,970,0.06,0.00,0.00
randomArrays,3,685,0.05,0.00,0.00
randomArrays,3,665,0.05,0.00,0.00
randomArrays,3,319,0.05,0.00,0.00
randomArrays,3,808,0.06,0.00,0.00
randomArrays,3,143,0.01,0.00,0.00
randomArrays,3,147,0.01,0.00,0.00
randomArrays,3,929,0.07,0.00,0.00
randomArrays,3,906,0.07,0.00,0.00
randomArrays,3,425,0.03,0.00,0.00
randomArrays,3,736,0.06,0.00,0.00
randomArrays,3,65,0.01,0.00,0.00
randomArrays,3,305,0.03,0.00,0.00
randomArrays,3,194,0.02,0.00,0.00
randomArrays,3,545,0.04,0.00,0.00
randomArrays,3,49,0.01,0.00,0.00
randomArrays,3,731,0.05,0.00,0.00
randomArrays,3,712,0.05,0.00,0.00
randomArrays,3,732,0.06,0.00,0.00
randomArrays,3,57,0.01,0.00,0.00
randomArrays,3,983,0.07,0.00,0.00
randomArrays,3,345,0.03,0.00,0.00
randomArrays,3,152,0.02,0.00,0.00
randomArrays,3,963,0.07,0.00,0.00
randomArrays,3,544,0.04,0.00,0.00
randomArrays,3,870,0.07,0.00,0.00
randomArrays,3,557,0.04,0.00,0.00
randomArrays,3,168,0.01,0.00,0.00
randomArrays,3,373,0.03,0.00,0.00
randomArrays,3,416,0.03,0.00,0.00
randomArrays,3,942,0.06,0.00,0.00
randomArrays,3,966,0.07,0.00,0.00
randomArrays,3,363,0.03,0.00,0.00
randomArrays,3,955,0.06,0.00,0.00
randomArrays,3,626,0.05,0.00,0.00
randomArrays,3,948,0.06,0.00,0.00
randomArrays,3,193,0.02,0.00,0.00
randomArrays,3,361,0.03,0.00,0.00
randomArrays,3,195,0.02,0.00,0.00
randomArrays,3,905,0.14,0.00,0.00
randomArrays,3,105,0.01,0.00,0.00
randomArrays,3,750,0.12,0.00,0.00
randomArrays,3,565,0.03,0.00,0.00
randomArrays,3,538,0.04,0.00,0.00
randomArrays,3,488,0.04,0.00,0.00
randomArrays,3,30,0.01,0.00,0.00
randomArrays,3,554,0.04,0.00,0.00
randomArrays,3,407,0.04,0.00,0.00
randomArrays,3,958,0.07,0.00,0.00
randomArrays,3,137,0.01,0.00,0.00
randomArrays,3,101,0.01,0.00,0.00
randomArrays,3,633,0.05,0.00,0.00
randomArrays,3,44,0.01,0.00,0.00
randomArrays,3,738,0.06,0.00,0.00
randomArrays,3,763,0.30,0.00,0.00
randomArrays,3,319,0.02,0.00,0.00
randomArrays,3,682,0.12,0.00,0.00
randomArrays,3,820,0.06,0.00,0.00
randomArrays,3,896,0.06,0.00,0.00
randomArrays,3,712,0.04,0.00,0.00
randomArrays,3,554,0.04,0.00,0.00
randomArrays,3,940,0.07,0.00,0.00
randomArrays,3,787,0.06,0.00,0.00
randomArrays,3,255,0.02,0.00,0.00
randomArrays,3,135,0.02,0.00,0.00
randomArrays,3,546,0.04,0.00,0.00
randomArrays,3,643,0.05,0.00,0.00
randomArrays,3,197,0.02,0.00,0.00
randomArrays,3,643,0.05,0.00,0.00
randomArrays,3,858,0.05,0.00,0.00
randomArrays,3,134,0.01,0.00,0.00
randomArrays,3,133,0.01,0.00,0.00
randomArrays,3,317,0.02,0.00,0.00
randomArrays,3,312,0.03,0.00,0.00
randomArrays,3,160,0.02,0.00,0.00
randomArrays,3,838,0.06,0.00,0.00
randomArrays,3,316,0.03,0.00,0.00
randomArrays,3,111,0.01,0.00,0.00
randomArrays,3,530,0.04,0.00,0.00
randomArrays,3,827,0.06,0.00,0.00
randomArrays,3,994,0.07,0.00,0.00
randomArrays,3,348,0.03,0.00,0.00
randomArrays,3,652,0.04,0.00,0.00
randomArrays,3,339,0.03,0.00,0.00
randomArrays,3,908,0.06,0.00,0.00
randomArrays,3,655,0.05,0.00,0.00
randomArrays,3,899,0.06,0.00,0.00
randomArrays,3,377,0.07,0.00,0.00
randomArrays,3,793,0.06,0.00,0.00
randomArrays,3,12,0.01,0.00,0.00
randomArrays,3,236,0.02,0.00,0.00
randomArrays,3,851,0.07,0.00,0.00
randomArrays,3,462,0.04,0.00,0.00
randomArrays,3,49,0.01,0.00,0.00
randomArrays,3,649,0.05,0.00,0.00
randomArrays,3,299,0.03,0.00,0.00
randomArrays,3,796,0.06,0.00,0.00
randomArrays,3,227,0.02,0.00,0.00
randomArrays,3,929,0.06,0.00,0.00
randomArrays,3,166,0.02,0.00,0.00
randomArrays,3,277,0.02,0.00,0.00
randomArrays,3,179,0.02,0.00,0.00
randomArrays,3,809,0.11,0.00,0.00
randomArrays,3,232,0.02,0.00,0.00
randomArrays,3,247,0.02,0.00,0.00
randomArrays,3,99,0.01,0.00,0.00
randomArrays,3,649,0.05,0.00,0.00
randomArrays,3,15,0.01,0.00,0.00
randomArrays,3,646,0.05,0.00,0.00
randomArrays,3,463,0.03,0.00,0.00
randomArrays,3,587,0.04,0.00,0.00
randomArrays,3,898,0.06,0.00,0.00
randomArrays,3,643,0.05,0.00,0.00
randomArrays,3,840,0.05,0.00,0.00
randomArrays,3,708,0.05,0.00,0.00
randomArrays,3,214,0.02,0.00,0.00
randomArrays,3,565,0.11,0.00,0.00
randomArrays,3,157,0.02,0.00,0.00
randomArrays,3,265,0.02,0.00,0.00
randomArrays,3,171,0.01,0.00,0.00
randomArrays,3,136,0.02,0.00,0.00
randomArrays,3,290,0.03,0.00,0.00
randomArrays,3,96,0.01,0.00,0.00
randomArrays,3,11,0.01,0.00,0.00
randomArrays,3,311,0.08,0.00,0.00
randomArrays,3,566,0.05,0.00,0.00
randomArrays,3,328,0.05,0.00,0.00
randomArrays,3,358,0.03,0.00,0.00
randomArrays,3,674,0.06,0.00,0.00
randomArrays,3,490,0.04,0.00,0.00
randomArrays,3,36,0.02,0.00,0.00
randomArrays,3,408,0.03,0.00,0.00
randomArrays,3,49,0.01,0.00,0.00
randomArrays,3,581,0.04,0.00,0.00
randomArrays,3,879,0.05,0.00,0.00
randomArrays,3,61,0.01,0.00,0.00
randomArrays,3,656,0.05,0.00,0.00
randomArrays,3,411,0.03,0.00,0.00
randomArrays,3,361,0.04,0.00,0.00
randomArrays,3,994,0.09,0.00,0.00
randomArrays,3,416,0.03,0.00,0.00
randomArrays,3,966,0.08,0.00,0.00
randomArrays,3,92,0.01,0.00,0.00
randomArrays,3,429,0.10,0.00,0.00
randomArrays,3,658,0.05,0.00,0.00
randomArrays,3,877,0.07,0.00,0.00
randomArrays,3,780,0.05,0.00,0.00
randomArrays,3,669,0.04,0.00,0.00
randomArrays,3,394,0.03,0.00,0.00
randomArrays,3,892,0.09,0.00,0.00
randomArrays,3,180,0.02,0.00,0.00
randomArrays,3,829,0.12,0.00,0.00
randomArrays,3,255,0.05,0.00,0.00
randomArrays,3,374,0.03,0.00,0.00
randomArrays,3,37,0.01,0.00,0.00
randomArrays,3,919,0.07,0.00,0.00
randomArrays,3,850,0.06,0.00,0.00
randomArrays,3,930,0.07,0.00,0.00
randomArrays,3,419,0.03,0.00,0.00
randomArrays,3,720,0.05,0.00,0.00
randomArrays,3,378,0.03,0.00,0.00
randomArrays,3,815,0.06,0.00,0.00
randomArrays,3,566,0.04,0.00,0.00
randomArrays,3,623,0.05,0.00,0.00
randomArrays,3,597,0.04,0.00,0.00
randomArrays,3,148,0.02,0.00,0.00
randomArrays,3,580,0.04,0.00,0.00
randomArrays,3,244,0.02,0.00,0.00
randomArrays,3,703,0.06,0.00,0.00
randomArrays,3,743,0.06,0.00,0.00
randomArrays,3,923,0.07,0.00,0.00
randomArrays,3,284,0.02,0.00,0.00
randomArrays,3,35,0.01,0.00,0.00
randomArrays,3,941,0.08,0.00,0.00
randomArrays,3,39,0.01,0.00,0.00
randomArrays,3,276,0.03,0.00,0.00
randomArrays,3,494,0.03,0.00,0.00
randomArrays,3,547,0.04,0.00,0.00
randomArrays,3,837,0.06,0.00,0.00
randomArrays,3,183,0.02,0.00,0.00
randomArrays,3,360,0.03,0.00,0.00
randomArrays,3,627,0.05,0.00,0.00
randomArrays,3,833,0.07,0.00,0.00
randomArrays,3,491,0.04,0.00,0.00
randomArrays,3,623,0.04,0.00,0.00
randomArrays,3,850,0.06,0.00,0.00
randomArrays,3,35,0.01,0.00,0.00
randomArrays,3,584,0.04,0.00,0.00
randomArrays,3,34,0.01,0.00,0.00
randomArrays,3,335,0.03,0.00,0.00
randomArrays,3,145,0.01,0.00,0.00
randomArrays,3,61,0.01,0.00,0.00
randomArrays,3,88,0.01,0.00,0.00
randomArrays,3,442,0.03,0.00,0.00
randomArrays,3,729,0.05,0.00,0.00
randomArrays,3,312,0.02,0.00,0.00
randomArrays,3,620,0.05,0.00,0.00
randomArrays,3,77,0.01,0.00,0.00
randomArrays,3,784,0.06,0.00,0.00
randomArrays,3,720,0.05,0.00,0.00
randomArrays,3,796,0.06,0.00,0.00
randomArrays,3,81,0.01,0.00,0.00
randomArrays,3,900,0.07,0.00,0.00
randomArrays,3,570,0.04,0.00,0.00
randomArrays,3,749,0.05,0.00,0.00
randomArrays,3,723,0.06,0.00,0.00
randomArrays,3,54,0.02,0.00,0.00
randomArrays,3,261,0.02,0.00,0.00
randomArrays,3,831,0.06,0.00,0.00
randomArrays,3,133,0.02,0.00,0.00
randomArrays,3,165,0.02,0.00,0.00
randomArrays,3,441,0.03,0.00,0.00
randomArrays,3,782,0.06,0.00,0.00
randomArrays,3,384,0.03,0.00,0.00
randomArrays,3,283,0.02,0.00,0.00
randomArrays,3,71,0.01,0.00,0.00
randomArrays,3,374,0.07,0.00,0.00
randomArrays,3,204,0.02,0.00,0.00
randomArrays,3,437,0.03,0.00,0.00
randomArrays,3,662,0.05,0.00,0.00
randomArrays,3,821,0.05,0.00,0.00
randomArrays,3,198,0.02,0.00,0.00
randomArrays,3,776,0.05,0.00,0.00
randomArrays,3,124,0.01,0.00,0.00
randomArrays,3,202,0.02,0.00,0.00
randomArrays,3,806,0.06,0.00,0.00
randomArrays,3,448,0.04,0.00,0.00
randomArrays,3,383,0.11,0.00,0.00
randomArrays,3,992,0.15,0.00,0.00
randomArrays,3,714,0.05,0.00,0.00
randomArrays,3,528,0.04,0.00,0.00
randomArrays,3,137,0.01,0.00,0.00
randomArrays,3,122,0.01,0.00,0.00
randomArrays,3,883,0.07,0.00,0.00
randomArrays,3,614,0.04,0.00,0.00
randomArrays,3,841,0.06,0.00,0.00
randomArrays,3,471,0.05,0.00,0.00
randomArrays,3,871,0.07,0.00,0.00
randomArrays,3,938,0.07,0.00,0.00
randomArrays,3,238,0.02,0.00,0.00
randomArrays,3,772,0.06,0.00,0.00
randomArrays,3,334,0.03,0.00,0.00
randomArrays,3,274,0.03,0.00,0.00
randomArrays,3,385,0.03,0.00,0.00
randomArrays,3,455,0.04,0.00,0.00
randomArrays,3,202,0.02,0.00,0.00
randomArrays,3,349,0.03,0.00,0.00
randomArrays,3,170,0.02,0.00,0.00
randomArrays,3,365,0.03,0.00,0.00
randomArrays,3,921,0.08,0.00,0.00
randomArrays,3,368,0.03,0.00,0.00
randomArrays,3,851,0.06,0.00,0.00
randomArrays,3,736,0.06,0.00,0.00
randomArrays,3,64,0.01,0.00,0.00
randomArrays,3,371,0.04,0.00,0.00
randomArrays,3,962,0.06,0.00,0.00
randomArrays,3,758,0.05,0.00,0.00
randomArrays,3,565,0.04,0.00,0.00
randomArrays,3,246,0.02,0.00,0.00
randomArrays,3,390,0.03,0.00,0.00
randomArrays,3,833,0.06,0.00,0.00
randomArrays,3,359,0.03,0.00,0.00
randomArrays,3,647,0.05,0.00,0.00
randomArrays,3,830,0.05,0.00,0.00
randomArrays,3,790,0.05,0.00,0.00
randomArrays,3,789,0.05,0.00,0.00
randomArrays,3,33,0.01,0.00,0.00
randomArrays,3,324,0.03,0.00,0.00
randomArrays,3,460,0.05,0.00,0.00
randomArrays,3,660,0.05,0.00,0.00
randomArrays,3,553,0.04,0.00,0.00
randomArrays,3,181,0.02,0.00,0.00
randomArrays,3,106,0.01,0.00,0.00
randomArrays,3,198,0.02,0.00,0.00
randomArrays,3,795,0.05,0.00,0.00
randomArrays,3,149,0.01,0.00,0.00
randomArrays,3,42,0.02,0.00,0.00
randomArrays,3,538,0.04,0.00,0.00
randomArrays,3,405,0.03,0.00,0.00
randomArrays,3,741,0.06,0.00,0.00
randomArrays,3,88,0.01,0.00,0.00
randomArrays,3,896,0.06,0.00,0.00
randomArrays,3,574,0.04,0.00,0.00
randomArrays,3,34,0.01,0.00,0.00
randomArrays,3,83,0.01,0.00,0.00
randomArrays,3,311,0.03,0.00,0.00
randomArrays,3,168,0.01,0.00,0.00
randomArrays,3,720,0.04,0.00,0.00
randomArrays,3,499,0.04,0.00,0.00
randomArrays,3,280,0.03,0.00,0.00
randomArrays,3,960,0.07,0.00,0.00
randomArrays,3,351,0.03,0.00,0.00
randomArrays,3,840,0.07,0.00,0.00
randomArrays,3,826,0.06,0.00,0.00
randomArrays,3,780,0.06,0.00,0.00
randomArrays,3,592,0.05,0.00,0.00
randomArrays,3,601,0.05,0.00,0.00
randomArrays,3,924,0.07,0.00,0.00
randomArrays,3,630,0.05,0.00,0.00
randomArrays,3,738,0.06,0.00,0.00
randomArrays,3,43,0.03,0.00,0.00
randomArrays,3,546,0.04,0.00,0.00
randomArrays,3,118,0.02,0.00,0.00
randomArrays,3,812,0.06,0.00,0.00
randomArrays,3,636,0.05,0.00,0.00
randomArrays,3,253,0.02,0.00,0.00
randomArrays,3,443,0.03,0.00,0.00
randomArrays,3,292,0.02,0.00,0.00
randomArrays,3,723,0.06,0.00,0.00
randomArrays,3,398,0.04,0.00,0.00
randomArrays,3,368,0.02,0.00,0.00
randomArrays,3,534,0.05,0.00,0.00
randomArrays,3,899,0.07,0.00,0.00
randomArrays,3,137,0.01,0.00,0.00
randomArrays,3,187,0.02,0.00,0.00
randomArrays,3,164,0.02,0.00,0.00
randomArrays,3,735,0.05,0.00,0.00
randomArrays,3,524,0.04,0.00,0.00
randomArrays,3,512,0.04,0.00,0.00
randomArrays,3,15,0.01,0.00,0.00
randomArrays,3,737,0.06,0.00,0.00
randomArrays,3,616,0.13,0.00,0.00
randomArrays,3,349,0.03,0.00,0.00
randomArrays,3,645,0.05,0.00,0.00
randomArrays,3,502,0.03,0.00,0.00
randomArrays,3,932,0.07,0.00,0.00
randomArrays,3,778,0.05,0.00,0.00
randomArrays,3,126,0.01,0.00,0.00
randomArrays,3,836,0.07,0.00,0.00
randomArrays,3,911,0.06,0.00,0.00
randomArrays,3,265,0.03,0.00,0.00
randomArrays,3,694,0.05,0.00,0.00
randomArrays,3,188,0.03,0.00,0.00
randomArrays,3,282,0.07,0.00,0.00
randomArrays,3,347,0.11,0.00,0.00
randomArrays,3,768,0.06,0.00,0.00
randomArrays,3,778,0.17,0.00,0.00
randomArrays,3,549,0.10,0.00,0.00
randomArrays,3,12,0.01,0.00,0.00
randomArrays,3,336,0.03,0.00,0.00
randomArrays,3,949,0.07,0.00,0.00
randomArrays,3,179,0.02,0.00,0.00
randomArrays,3,634,0.05,0.00,0.00
randomArrays,3,38,0.01,0.00,0.00
randomArrays,3,123,0.01,0.00,0.00
randomArrays,3,282,0.03,0.00,0.00
randomArrays,3,452,0.03,0.00,0.00
randomArrays,3,217,0.03,0.00,0.00
randomArrays,3,629,0.05,0.00,0.00
randomArrays,3,275,0.05,0.00,0.00
randomArrays,3,66,0.01,0.00,0.00
randomArrays,3,308,0.03,0.00,0.00
randomArrays,3,809,0.06,0.00,0.00
randomArrays,3,634,0.11,0.00,0.00
randomArrays,3,478,0.05,0.00,0.00
randomArrays,3,336,0.03,0.00,0.00
randomArrays,3,672,0.05,0.00,0.00
randomArrays,3,583,0.05,0.00,0.00
randomArrays,3,413,0.03,0.00,0.00
randomArrays,3,683,0.05,0.00,0.00
randomArrays,3,463,0.03,0.00,0.00
randomArrays,3,267,0.02,0.00,0.00
randomArrays,3,73,0.01,0.00,0.00
randomArrays,3,641,0.05,0.00,0.00
randomArrays,3,827,0.06,0.00,0.00
randomArrays,3,864,0.06,0.00,0.00
randomArrays,3,672,0.05,0.00,0.00
randomArrays,3,948,0.07,0.00,0.00
randomArrays,3,523,0.04,0.00,0.00
randomArrays,3,113,0.01,0.00,0.00
randomArrays,3,855,0.05,0.00,0.00
randomArrays,3,764,0.05,0.00,0.00
randomArrays,3,559,0.04,0.00,0.00
randomArrays,3,256,0.02,0.00,0.00
randomArrays,3,861,0.06,0.00,0.00
randomArrays,3,215,0.01,0.00,0.00
randomArrays,3,610,0.05,0.00,0.00
randomArrays,3,133,0.02,0.00,0.00
randomArrays,3,721,0.06,0.00,0.00
randomArrays,3,826,0.06,0.00,0.00
randomArrays,3,732,0.12,0.00,0.00
randomArrays,3,218,0.02,0.00,0.00
randomArrays,3,897,0.07,0.00,0.00
randomArrays,3,95,0.01,0.00,0.00
randomArrays,3,596,0.05,0.00,0.00
randomArrays,3,333,0.02,0.00,0.00
randomArrays,3,139,0.01,0.00,0.00
randomArrays,3,90,0.01,0.00,0.00
randomArrays,3,724,0.05,0.00,0.00
randomArrays,3,24,0.02,0.00,0.00
randomArrays,3,182,0.02,0.00,0.00
randomArrays,3,440,0.04,0.00,0.00
randomArrays,3,521,0.04,0.00,0.00
randomArrays,3,653,0.04,0.00,0.00
randomArrays,3,422,0.03,0.00,0.00
randomArrays,3,919,0.07,0.00,0.00
randomArrays,3,399,0.04,0.00,0.00
randomArrays,3,148,0.03,0.00,0.00
randomArrays,3,651,0.05,0.00,0.00
randomArrays,3,953,0.08,0.00,0.00
randomArrays,3,205,0.02,0.00,0.00
randomArrays,3,713,0.19,0.00,0.00
randomArrays,3,335,0.03,0.00,0.00
randomArrays,3,800,0.10,0.00,0.00
randomArrays,3,263,0.04,0.00,0.00
randomArrays,3,305,0.03,0.00,0.00
randomArrays,3,772,0.06,0.00,0.00
randomArrays,3,760,0.06,0.00,0.00
randomArrays,3,985,0.07,0.00,0.00
randomArrays,3,468,0.03,0.00,0.00
randomArrays,3,542,0.04,0.00,0.00
randomArrays,3,137,0.01,0.00,0.00
randomArrays,3,877,0.07,0.00,0.00
randomArrays,3,407,0.03,0.00,0.00
randomArrays,3,13,0.20,0.00,0.00
randomArrays,3,857,0.06,0.00,0.00
randomArrays,3,961,0.08,0.00,0.00
randomArrays,3,963,0.06,0.00,0.00
randomArrays,3,792,0.13,0.00,0.00
randomArrays,3,190,0.02,0.00,0.00
randomArrays,3,859,0.05,0.00,0.00
randomArrays,3,989,0.08,0.00,0.00
randomArrays,3,816,0.06,0.00,0.00
randomArrays,3,950,0.06,0.00,0.00
randomArrays,3,241,0.02,0.00,0.00
randomArrays,3,957,0.07,0.00,0.00
randomArrays,3,155,0.02,0.00,0.00
randomArrays,3,625,0.05,0.00,0.00
randomArrays,3,573,0.04,0.00,0.00
randomArrays,3,278,0.02,0.00,0.00
randomArrays,3,67,0.01,0.00,0.00
randomArrays,3,785,0.05,0.00,0.00
randomArrays,3,576,0.08,0.00,0.00
randomArrays,3,949,0.14,0.00,0.00
randomArrays,3,274,0.03,0.00,0.00
randomArrays,3,827,0.05,0.00,0.00
randomArrays,3,246,0.02,0.00,0.00
randomArrays,3,497,0.04,0.00,0.00
randomArrays,3,98,0.01,0.00,0.00
randomArrays,3,87,0.01,0.00,0.00
randomArrays,3,362,0.03,0.00,0.00
randomArrays,3,748,0.05,0.00,0.00
randomArrays,3,553,0.05,0.00,0.00
randomArrays,3,931,0.07,0.00,0.00
randomArrays,3,24,0.01,0.00,0.00
randomArrays,3,836,0.06,0.00,0.00
randomArrays,3,524,0.04,0.00,0.00
randomArrays,3,286,0.02,0.00,0.00
randomArrays,3,379,0.03,0.00,0.00
randomArrays,3,654,0.10,0.00,0.00
randomArrays,3,795,0.12,0.00,0.00
randomArrays,3,335,0.03,0.00,0.00
randomArrays,3,218,0.04,0.00,0.00
randomArrays,3,390,0.03,0.00,0.00
randomArrays,3,80,0.01,0.00,0.00
randomArrays,3,602,0.05,0.00,0.00
randomArrays,3,687,0.05,0.00,0.00
randomArrays,3,573,0.04,0.00,0.00
randomArrays,3,857,0.05,0.00,0.00
randomArrays,3,484,0.04,0.00,0.00
randomArrays,3,633,0.05,0.00,0.00
randomArrays,3,393,0.03,0.00,0.00
randomArrays,3,953,0.07,0.00,0.00
randomArrays,3,718,0.05,0.00,0.00
randomArrays,3,330,0.03,0.00,0.00
randomArrays,3,273,0.02,0.00,0.00
randomArrays,3,323,0.03,0.00,0.00
randomArrays,3,971,0.07,0.00,0.00
randomArrays,3,156,0.02,0.00,0.00
randomArrays,3,971,0.06,0.00,0.00
randomArrays,3,202,0.02,0.00,0.00
randomArrays,3,201,0.02,0.00,0.00
randomArrays,3,230,0.02,0.00,0.00
randomArrays,3,953,0.06,0.00,0.00
randomArrays,3,399,0.03,0.00,0.00
randomArrays,3,354,0.06,0.00,0.00
randomArrays,3,334,0.02,0.00,0.00
randomArrays,3,538,0.04,0.00,0.00
randomArrays,3,238,0.02,0.00,0.00
randomArrays,3,415,0.03,0.00,0.00
randomArrays,3,498,0.04,0.00,0.00
randomArrays,3,193,0.03,0.00,0.00
randomArrays,3,125,0.01,0.00,0.00
randomArrays,3,100,0.01,0.00,0.00
randomArrays,3,742,0.06,0.00,0.00
randomArrays,3,588,0.05,0.00,0.00
randomArrays,3,355,0.03,0.00,0.00
randomArrays,3,923,0.07,0.00,0.00
randomArrays,3,167,0.02,0.00,0.00
randomArrays,3,518,0.04,0.00,0.00
randomArrays,3,649,0.05,0.00,0.00
randomArrays,3,280,0.02,0.00,0.00
randomArrays,3,842,0.07,0.00,0.00
randomArrays,3,586,0.04,0.00,0.00
randomArrays,3,519,0.04,0.00,0.00
randomArrays,3,112,0.01,0.00,0.00
randomArrays,3,320,0.03,0.00,0.00
randomArrays,3,955,0.07,0.00,0.00
randomArrays,3,61,0.01,0.00,0.00
randomArrays,3,709,0.05,0.00,0.00
randomArrays,3,671,0.05,0.00,0.00
randomArrays,3,437,0.03,0.00,0.00
randomArrays,3,917,0.08,0.00,0.00
randomArrays,3,499,0.04,0.00,0.00
randomArrays,3,503,0.04,0.00,0.00
randomArrays,3,676,0.06,0.00,0.00
randomArrays,3,594,0.05,0.00,0.00
randomArrays,3,48,0.01,0.00,0.00
randomArrays,3,590,0.04,0.00,0.00
randomArrays,3,861,0.07,0.00,0.00
randomArrays,3,363,0.03,0.00,0.00
randomArrays,3,969,0.08,0.00,0.00
randomArrays,3,912,0.13,0.00,0.00
randomArrays,3,779,0.05,0.00,0.00
randomArrays,3,301,0.02,0.00,0.00
randomArrays,3,545,0.04,0.00,0.00
randomArrays,3,24,0.01,0.00,0.00
randomArrays,3,953,0.08,0.00,0.00
randomArrays,3,440,0.03,0.00,0.00
randomArrays,3,997,0.07,0.00,0.00
randomArrays,3,661,0.13,0.00,0.00
randomArrays,3,583,0.04,0.00,0.00
randomArrays,3,478,0.03,0.00,0.00
randomArrays,3,220,0.02,0.00,0.00
randomArrays,3,458,0.04,0.00,0.00
randomArrays,3,783,0.05,0.00,0.00
randomArrays,3,554,0.05,0.00,0.00
randomArrays,3,167,0.24,0.00,0.00
randomArrays,3,338,0.03,0.00,0.00
randomArrays,3,321,0.03,0.00,0.00
randomArrays,3,993,0.08,0.00,0.00
randomArrays,3,414,0.03,0.00,0.00
randomArrays,3,630,0.04,0.00,0.00
randomArrays,3,572,0.04,0.00,0.00
randomArrays,3,119,0.05,0.00,0.00
randomArrays,3,852,0.06,0.00,0.00
randomArrays,3,392,0.08,0.00,0.00
randomArrays,3,744,0.05,0.00,0.00
randomArrays,3,767,0.06,0.00,0.00
randomArrays,3,419,0.04,0.00,0.00
randomArrays,3,186,0.02,0.00,0.00
randomArrays,3,498,0.04,0.00,0.00
randomArrays,3,369,0.06,0.00,0.00
randomArrays,3,545,0.04,0.00,0.00
randomArrays,3,585,0.04,0.00,0.00
randomArrays,3,232,0.02,0.00,0.00
randomArrays,3,683,0.05,0.00,0.00
randomArrays,3,373,0.06,0.00,0.00
randomArrays,3,67,0.01,0.00,0.00
randomArrays,3,47,0.01,0.00,0.00
randomArrays,3,353,0.03,0.00,0.00
randomArrays,3,165,0.02,0.00,0.00
randomArrays,3,822,0.06,0.00,0.00
randomArrays,3,207,0.01,0.00,0.00
randomArrays,3,365,0.03,0.00,0.00
randomArrays,3,33,0.01,0.00,0.00
randomArrays,3,324,0.05,0.00,0.00
randomArrays,3,533,0.04,0.00,0.00
randomArrays,3,467,0.03,0.00,0.00
randomArrays,3,653,0.05,0.00,0.00
randomArrays,3,262,0.04,0.00,0.00
randomArrays,3,26,0.01,0.00,0.00
randomArrays,3,705,0.05,0.00,0.00
randomArrays,3,945,0.07,0.00,0.00
randomArrays,3,145,0.01,0.00,0.00
randomArrays,3,987,0.08,0.00,0.00
randomArrays,3,40,0.01,0.00,0.00
randomArrays,3,418,0.03,0.00,0.00
randomArrays,3,20,0.02,0.00,0.00
randomArrays,3,618,0.12,0.00,0.00
randomArrays,3,463,0.04,0.00,0.00
randomArrays,3,310,0.03,0.00,0.00
randomArrays,3,753,0.05,0.00,0.00
randomArrays,3,203,0.02,0.00,0.00
randomArrays,3,756,0.06,0.00,0.00
randomArrays,3,998,0.07,0.00,0.00
randomArrays,3,631,0.04,0.00,0.00
randomArrays,3,788,0.05,0.00,0.00
randomArrays,3,364,0.03,0.00,0.00
randomArrays,3,435,0.03,0.00,0.00
randomArrays,3,379,0.03,0.00,0.00
randomArrays,3,208,0.13,0.00,0.00
randomArrays,3,503,0.04,0.00,0.00
randomArrays,3,97,0.01,0.00,0.00
randomArrays,3,266,0.03,0.00,0.00
randomArrays,3,828,0.05,0.00,0.00
randomArrays,3,319,0.03,0.00,0.00
randomArrays,3,898,0.06,0.00,0.00
randomArrays,3,380,0.03,0.00,0.00
randomArrays,3,450,0.04,0.00,0.00
randomArrays,3,142,0.02,0.00,0.00
randomArrays,3,434,0.04,0.00,0.00
randomArrays,3,96,0.01,0.00,0.00
randomArrays,3,641,0.04,0.00,0.00
randomArrays,3,538,0.04,0.00,0.00
randomArrays,3,502,0.04,0.00,0.00
randomArrays,3,599,0.04,0.00,0.00
randomArrays,3,299,0.02,0.00,0.00
randomArrays,3,620,0.04,0.00,0.00
randomArrays,3,606,0.04,0.00,0.00
randomArrays,3,282,0.02,0.00,0.00
randomArrays,3,205,0.02,0.00,0.00
randomArrays,3,504,0.04,0.00,0.00
randomArrays,3,315,0.03,0.00,0.00
randomArrays,3,739,0.05,0.00,0.00
randomArrays,3,226,0.04,0.00,0.00
randomArrays,3,239,0.02,0.00,0.00
randomArrays,3,656,0.04,0.00,0.00
randomArrays,3,467,0.04,0.00,0.00
randomArrays,3,855,0.07,0.00,0.00
randomArrays,3,12,0.01,0.00,0.00
randomArrays,3,751,0.05,0.00,0.00
randomArrays,3,426,0.03,0.00,0.00
randomArrays,3,735,0.06,0.00,0.00
randomArrays,3,321,0.03,0.00,0.00
randomArrays,3,522,0.04,0.00,0.00
randomArrays,3,888,0.07,0.00,0.00
randomArrays,3,118,0.02,0.00,0.00
randomArrays,3,813,0.06,0.00,0.00
randomArrays,3,547,0.04,0.00,0.00
randomArrays,3,860,0.18,0.00,0.00
randomArrays,3,189,0.01,0.00,0.00
randomArrays,3,668,0.05,0.00,0.00
randomArrays,3,583,0.04,0.00,0.00
randomArrays,3,489,0.04,0.00,0.00
randomArrays,3,414,0.03,0.00,0.00
randomArrays,3,905,0.06,0.00,0.00
randomArrays,3,742,0.05,0.00,0.00
randomArrays,3,358,0.03,0.00,0.00
randomArrays,3,741,0.21,0.00,0.00
randomArrays,3,470,0.05,0.00,0.00
randomArrays,3,111,0.01,0.00,0.00
randomArrays,3,546,0.09,0.00,0.00
randomArrays,3,591,0.04,0.00,0.00
randomArrays,3,884,0.07,0.00,0.00
randomArrays,3,684,0.05,0.00,0.00
randomArrays,3,975,0.07,0.00,0.00
randomArrays,3,739,0.05,0.00,0.00
randomArrays,3,725,0.11,0.00,0.00
randomArrays,3,893,0.07,0.00,0.00
randomArrays,3,16,0.01,0.00,0.00
randomArrays,3,467,0.04,0.00,0.00
randomArrays,3,307,0.04,0.00,0.00
randomArrays,3,235,0.02,0.00,0.00
randomArrays,3,377,0.03,0.00,0.00
randomArrays,3,448,0.03,0.00,0.00
randomArrays,3,999,0.07,0.00,0.00
randomArrays,3,98,0.01,0.00,0.00
randomArrays,3,456,0.03,0.00,0.00
randomArrays,3,118,0.02,0.00,0.00
randomArrays,3,406,0.03,0.00,0.00
randomArrays,3,33,0.01,0.00,0.00
randomArrays,3,517,0.04,0.00,0.00
randomArrays,3,248,0.04,0.00,0.00
randomArrays,3,61,0.01,0.00,0.00
randomArrays,3,547,0.04,0.00,0.00
randomArrays,3,602,0.04,0.00,0.00
randomArrays,3,579,0.04,0.00,0.00
randomArrays,3,972,0.07,0.00,0.00
randomArrays,3,653,0.05,0.00,0.00
randomArrays,3,866,0.13,0.00,0.00
randomArrays,3,417,0.03,0.00,0.00
randomArrays,3,386,0.03,0.00,0.00
randomArrays,3,349,0.03,0.00,0.00
randomArrays,3,598,0.05,0.00,0.00
randomArrays,3,856,0.07,0.00,0.00
randomArrays,3,152,0.02,0.00,0.00
randomArrays,3,436,0.03,0.00,0.00
randomArrays,3,356,0.03,0.00,0.00
randomArrays,3,598,0.04,0.00,0.00
randomArrays,3,578,0.04,0.00,0.00
randomArrays,3,786,0.05,0.00,0.00
randomArrays,3,124,0.02,0.00,0.00
randomArrays,3,439,0.04,0.00,0.00
randomArrays,3,492,0.04,0.00,0.00
randomArrays,3,207,0.02,0.00,0.00
randomArrays,3,100,0.01,0.00,0.00
randomArrays,3,591,0.05,0.00,0.00
randomArrays,3,397,0.03,0.00,0.00
randomArrays,3,295,0.05,0.00,0.00
randomArrays,3,733,0.05,0.00,0.00
randomArrays,3,231,0.04,0.00,0.00
randomArrays,3,565,0.05,0.00,0.00
randomArrays,3,910,0.07,0.00,0.00
randomArrays,3,74,0.01,0.00,0.00
randomArrays,3,647,0.05,0.00,0.00
randomArrays,3,456,0.04,0.00,0.00
randomArrays,3,954,0.11,0.00,0.00
randomArrays,3,495,0.03,0.00,0.00
randomArrays,3,487,0.08,0.00,0.00
randomArrays,3,559,0.04,0.00,0.00
randomArrays,3,512,0.04,0.00,0.00
randomArrays,3,247,0.02,0.00,0.00
randomArrays,3,219,0.02,0.00,0.00
randomArrays,3,839,0.06,0.00,0.00
randomArrays,3,887,0.08,0.00,0.00
randomArrays,3,942,0.15,0.00,0.00
randomArrays,3,920,0.19,0.00,0.00
randomArrays,3,868,0.05,0.00,0.00
randomArrays,3,25,0.01,0.00,0.00
randomArrays,3,174,0.02,0.00,0.00
randomArrays,3,818,0.06,0.00,0.00
randomArrays,3,660,0.05,0.00,0.00
randomArrays,3,592,0.05,0.00,0.00
randomArrays,3,942,0.07,0.00,0.00
randomArrays,3,962,0.07,0.00,0.00
randomArrays,3,254,0.03,0.00,0.00
randomArrays,3,527,0.04,0.00,0.00
randomArrays,3,786,0.06,0.00,0.00
randomArrays,3,179,0.02,0.00,0.00
randomArrays,3,678,0.05,0.00,0.00
randomArrays,3,950,0.07,0.00,0.00
randomArrays,3,538,0.04,0.00,0.00
randomArrays,3,185,0.02,0.00,0.00
randomArrays,3,689,0.04,0.00,0.00
randomArrays,3,161,0.02,0.00,0.00
randomArrays,3,509,0.04,0.00,0.00
randomArrays,3,376,0.03,0.00,0.00
randomArrays,3,766,0.05,0.00,0.00
randomArrays,3,706,0.05,0.00,0.00
randomArrays,3,644,0.05,0.00,0.00
randomArrays,3,758,0.05,0.00,0.00
randomArrays,3,747,0.05,0.00,0.00
randomArrays,3,349,0.03,0.00,0.00
randomArrays,3,574,0.04,0.00,0.00
randomArrays,3,888,0.07,0.00,0.00
randomArrays,3,235,0.02,0.00,0.00
randomArrays,3,653,0.05,0.00,0.00
randomArrays,3,630,0.04,0.00,0.00
randomArrays,3,76,0.01,0.00,0.00
randomArrays,3,436,0.04,0.00,0.00
randomArrays,3,771,0.05,0.00,0.00
randomArrays,3,217,0.02,0.00,0.00
randomArrays,3,419,0.03,0.00,0.00
randomArrays,3,860,0.07,0.00,0.00
randomArrays,3,288,0.04,0.00,0.00
randomArrays,3,280,0.03,0.00,0.00
randomArrays,3,242,0.02,0.00,0.00
randomArrays,3,602,0.04,0.00,0.00
randomArrays,3,44,0.01,0.00,0.00
randomArrays,3,547,0.04,0.00,0.00
randomArrays,3,860,0.05,0.00,0.00
randomArrays,3,737,0.06,0.00,0.00
randomArrays,3,738,0.05,0.00,0.00
randomArrays,3,725,0.05,0.00,0.00
randomArrays,3,684,0.05,0.00,0.00
randomArrays,3,233,0.02,0.00,0.00
randomArrays,3,342,0.03,0.00,0.00
randomArrays,3,855,0.05,0.00,0.00
randomArrays,3,861,0.07,0.00,0.00
randomArrays,3,566,0.04,0.00,0.00
randomArrays,3,406,0.07,0.00,0.00
randomArrays,3,192,0.02,0.00,0.00
randomArrays,3,850,0.06,0.00,0.00
randomArrays,3,609,0.05,0.00,0.00
randomArrays,3,18,0.01,0.00,0.00
randomArrays,3,482,0.04,0.00,0.00
randomArrays,3,264,0.02,0.00,0.00
randomArrays,3,319,0.02,0.00,0.00
randomArrays,3,252,0.02,0.00,0.00
randomArrays,3,342,0.02,0.00,0.00
randomArrays,3,252,0.02,0.00,0.00
randomArrays,3,205,0.02,0.00,0.00
randomArrays,3,942,0.06,0.00,0.00
randomArrays,3,744,0.06,0.00,0.00
randomArrays,3,537,0.04,0.00,0.00
randomArrays,3,501,0.04,0.00,0.00
randomArrays,3,853,0.06,0.00,0.00
randomArrays,3,341,0.03,0.00,0.00
randomArrays,3,800,0.06,0.00,0.00
randomArrays,3,857,0.06,0.00,0.00
randomArrays,3,427,0.03,0.00,0.00
randomArrays,3,647,0.05,0.00,0.00
randomArrays,3,76,0.01,0.00,0.00
randomArrays,3,677,0.05,0.00,0.00
randomArrays,3,579,0.04,0.00,0.00
randomArrays,3,731,0.06,0.00,0.00
randomArrays,3,704,0.09,0.00,0.00
randomArrays,3,266,0.02,0.00,0.00
randomArrays,3,961,0.07,0.00,0.00
randomArrays,3,263,0.02,0.00,0.00
randomArrays,3,434,0.03,0.00,0.00
randomArrays,3,484,0.04,0.00,0.00
randomArrays,3,163,0.02,0.00,0.00
randomArrays,3,984,0.08,0.00,0.00
randomArrays,3,211,0.02,0.00,0.00
randomArrays,3,185,0.02,0.00,0.00
randomArrays,3,467,0.03,0.00,0.00
randomArrays,3,214,0.02,0.00,0.00
randomArrays,3,35,0.01,0.00,0.00
randomArrays,3,141,0.02,0.00,0.00
randomArrays,3,559,0.04,0.00,0.00
randomArrays,3,706,0.06,0.00,0.00
randomArrays,3,68,0.01,0.00,0.00
randomArrays,3,12,0.02,0.00,0.00
randomArrays,3,405,0.03,0.00,0.00
randomArrays,3,288,0.02,0.00,0.00
randomArrays,3,955,0.06,0.00,0.00
randomArrays,3,50,0.01,0.00,0.00
randomArrays,3,752,0.05,0.00,0.00
randomArrays,3,695,0.05,0.00,0.00
randomArrays,3,186,0.02,0.00,0.00
randomArrays,3,737,0.05,0.00,0.00
randomArrays,3,948,0.18,0.00,0.00
randomArrays,3,151,0.02,0.00,0.00
randomArrays,3,46,0.01,0.00,0.00
randomArrays,3,968,0.06,0.00,0.00
randomArrays,3,333,0.03,0.00,0.00
randomArrays,3,189,0.02,0.00,0.00
randomArrays,3,190,0.02,0.00,0.00
randomArrays,3,589,0.06,0.00,0.00
randomArrays,3,230,0.13,0.00,0.00
randomArrays,3,535,0.03,0.00,0.00
randomArrays,3,189,0.02,0.00,0.00
randomArrays,3,948,0.07,0.00,0.00
randomArrays,3,834,0.16,0.00,0.00
randomArrays,3,273,0.02,0.00,0.00
randomArrays,3,773,0.06,0.00,0.00
randomArrays,3,342,0.03,0.00,0.00
randomArrays,3,995,0.06,0.00,0.00
randomArrays,3,221,0.02,0.00,0.00
randomArrays,3,519,0.04,0.00,0.00
randomArrays,3,479,0.04,0.00,0.00
randomArrays,3,155,0.02,0.00,0.00
randomArrays,3,756,0.08,0.00,0.00
randomArrays,3,658,0.05,0.00,0.00
randomArrays,3,213,0.02,0.00,0.00
randomArrays,3,467,0.03,0.00,0.00
randomArrays,3,191,0.02,0.00,0.00
randomArrays,3,744,0.06,0.00,0.00
randomArrays,3,122,0.02,0.00,0.00
randomArrays,3,178,0.02,0.00,0.00
randomArrays,3,760,0.06,0.00,0.00
randomArrays,3,524,0.04,0.00,0.00
randomArrays,3,264,0.02,0.00,0.00
randomArrays,3,733,0.16,0.00,0.00
randomArrays,3,759,0.07,0.00,0.00
randomArrays,3,177,0.02,0.00,0.00
randomArrays,3,53,0.01,0.00,0.00
randomArrays,3,429,0.03,0.00,0.00
randomArrays,3,508,0.03,0.00,0.00
randomArrays,3,919,0.07,0.00,0.00
randomArrays,3,412,0.04,0.00,0.00
randomArrays,3,503,0.04,0.00,0.00
randomArrays,3,115,0.01,0.00,0.00
randomArrays,3,851,0.07,0.00,0.00
randomArrays,3,848,0.06,0.00,0.00
randomArrays,3,652,0.04,0.00,0.00
randomArrays,3,693,0.07,0.00,0.00
randomArrays,3,662,0.05,0.00,0.00
randomArrays,3,815,0.06,0.00,0.00
randomArrays,3,679,0.05,0.00,0.00
randomArrays,3,141,0.02,0.00,0.00
randomArrays,3,458,0.06,0.00,0.00
randomArrays,3,378,0.07,0.00,0.00
randomArrays,3,662,0.05,0.00,0.00
randomArrays,3,809,0.06,0.00,0.00
randomArrays,3,960,0.07,0.00,0.00
randomArrays,3,454,0.03,0.00,0.00
randomArrays,3,513,0.04,0.00,0.00
randomArrays,3,965,0.07,0.00,0.00
randomArrays,3,855,0.15,0.00,0.00
randomArrays,3,257,0.02,0.00,0.00
randomArrays,3,932,0.06,0.00,0.00
randomArrays,3,112,0.02,0.00,0.00
randomArrays,3,264,0.02,0.00,0.00
randomArrays,3,404,0.08,0.00,0.00
randomArrays,3,830,0.06,0.00,0.00
randomArrays,3,115,0.02,0.00,0.00
randomArrays,3,906,0.07,0.00,0.00
