Dataset,Algorithm,Run,Time(ms),CPU(%),Memory(MB)
randomArrays.txt,InsertionSort,1,0.053100,0.00,0.00
randomArrays.txt,InsertionSort,2,0.164700,0.00,0.00
randomArrays.txt,InsertionSort,3,0.062400,0.00,0.00
randomArrays.txt,InsertionSort,1,0.148800,0.00,0.00
randomArrays.txt,InsertionSort,2,0.146300,0.00,0.00
randomArrays.txt,InsertionSort,3,0.158700,0.00,0.00
randomArrays.txt,InsertionSort,1,0.097200,0.00,0.00
randomArrays.txt,InsertionSort,2,0.055500,0.00,0.00
randomArrays.txt,InsertionSort,3,0.055600,0.00,0.00
randomArrays.txt,InsertionSort,1,0.023300,0.00,0.00
randomArrays.txt,InsertionSort,2,0.022100,0.00,0.00
randomArrays.txt,InsertionSort,3,0.023300,0.00,0.00
randomArrays.txt,InsertionSort,1,0.183700,0.00,0.00
randomArrays.txt,InsertionSort,2,0.161200,0.00,0.00
randomArrays.txt,InsertionSort,3,0.138500,2820.40,0.00
randomArrays.txt,InsertionSort,1,0.098400,0.00,0.00
randomArrays.txt,InsertionSort,2,0.099600,0.00,0.00
randomArrays.txt,InsertionSort,3,0.100500,0.00,0.00
randomArrays.txt,InsertionSort,1,0.028200,0.00,0.00
randomArrays.txt,InsertionSort,2,0.027500,0.00,0.00
randomArrays.txt,InsertionSort,3,0.030500,0.00,0.00
randomArrays.txt,InsertionSort,1,0.053900,0.00,0.00
randomArrays.txt,InsertionSort,2,0.044700,0.00,0.00
randomArrays.txt,InsertionSort,3,0.046200,0.00,0.00
randomArrays.txt,InsertionSort,1,0.197200,0.00,0.00
randomArrays.txt,InsertionSort,2,0.229800,0.00,0.00
randomArrays.txt,InsertionSort,3,0.175000,0.00,0.00
randomArrays.txt,InsertionSort,1,0.489300,0.00,0.00
randomArrays.txt,InsertionSort,2,0.185000,0.00,0.00
randomArrays.txt,InsertionSort,3,0.210500,0.00,0.00
randomArrays.txt,InsertionSort,1,0.093900,0.00,0.00
randomArrays.txt,InsertionSort,2,0.092600,0.00,0.00
randomArrays.txt,InsertionSort,3,0.098000,0.00,0.00
randomArrays.txt,InsertionSort,1,0.083300,0.00,0.00
randomArrays.txt,InsertionSort,2,0.034300,0.00,0.00
randomArrays.txt,InsertionSort,3,0.037000,0.00,0.00
randomArrays.txt,InsertionSort,1,0.065000,0.00,0.00
randomArrays.txt,InsertionSort,2,0.060600,0.00,0.00
randomArrays.txt,InsertionSort,3,0.060800,0.00,0.00
randomArrays.txt,InsertionSort,1,0.005900,0.00,0.00
randomArrays.txt,InsertionSort,2,0.006600,0.00,0.00
randomArrays.txt,InsertionSort,3,0.007000,0.00,0.00
randomArrays.txt,InsertionSort,1,0.203300,0.00,0.00
randomArrays.txt,InsertionSort,2,0.180400,0.00,0.00
randomArrays.txt,InsertionSort,3,0.195200,0.00,0.00
randomArrays.txt,InsertionSort,1,0.041200,0.00,0.00
randomArrays.txt,InsertionSort,2,0.041000,0.00,0.00
randomArrays.txt,InsertionSort,3,0.043300,0.00,0.00
randomArrays.txt,InsertionSort,1,0.136300,0.00,0.00
randomArrays.txt,InsertionSort,2,0.111900,0.00,0.00
randomArrays.txt,InsertionSort,3,0.116900,0.00,0.00
randomArrays.txt,InsertionSort,1,0.057100,0.00,0.00
randomArrays.txt,InsertionSort,2,0.067500,0.00,0.00
randomArrays.txt,InsertionSort,3,0.055000,0.00,0.00
randomArrays.txt,InsertionSort,1,0.175700,0.00,0.00
randomArrays.txt,InsertionSort,2,0.235500,0.00,0.00
randomArrays.txt,InsertionSort,3,0.293200,0.00,0.00
randomArrays.txt,InsertionSort,1,0.124900,0.00,0.00
randomArrays.txt,InsertionSort,2,0.160700,0.00,0.00
randomArrays.txt,InsertionSort,3,0.124300,0.00,0.00
randomArrays.txt,InsertionSort,1,0.002600,0.00,0.00
randomArrays.txt,InsertionSort,2,0.003100,0.00,0.00
randomArrays.txt,InsertionSort,3,0.002600,0.00,0.00
randomArrays.txt,InsertionSort,1,0.039700,0.00,0.00
randomArrays.txt,InsertionSort,2,0.061000,0.00,0.00
randomArrays.txt,InsertionSort,3,0.039100,0.00,0.00
randomArrays.txt,InsertionSort,1,0.231700,0.00,0.00
randomArrays.txt,InsertionSort,2,0.185100,0.00,0.00
randomArrays.txt,InsertionSort,3,0.182900,0.00,0.00
randomArrays.txt,InsertionSort,1,0.013400,0.00,0.00
randomArrays.txt,InsertionSort,2,0.012600,0.00,0.00
randomArrays.txt,InsertionSort,3,0.013900,0.00,0.00
randomArrays.txt,InsertionSort,1,0.110300,0.00,0.00
randomArrays.txt,InsertionSort,2,0.103200,0.00,0.00
randomArrays.txt,InsertionSort,3,0.102700,0.00,0.00
randomArrays.txt,InsertionSort,1,0.013800,0.00,0.00
randomArrays.txt,InsertionSort,2,0.013100,0.00,0.00
randomArrays.txt,InsertionSort,3,0.009400,0.00,0.00
randomArrays.txt,InsertionSort,1,0.218500,0.00,0.00
randomArrays.txt,InsertionSort,2,0.189600,0.00,0.00
randomArrays.txt,InsertionSort,3,0.174900,0.00,0.00
randomArrays.txt,InsertionSort,1,0.006800,0.00,0.00
randomArrays.txt,InsertionSort,2,0.006300,0.00,0.00
randomArrays.txt,InsertionSort,3,0.006200,0.00,0.00
randomArrays.txt,InsertionSort,1,0.031200,0.00,0.00
randomArrays.txt,InsertionSort,2,0.033800,0.00,0.00
randomArrays.txt,InsertionSort,3,0.030200,0.00,0.00
randomArrays.txt,InsertionSort,1,0.758900,0.00,0.00
randomArrays.txt,InsertionSort,2,0.163500,0.00,0.00
randomArrays.txt,InsertionSort,3,0.203200,0.00,0.00
randomArrays.txt,InsertionSort,1,0.258600,0.00,0.00
randomArrays.txt,InsertionSort,2,0.227400,0.00,0.00
randomArrays.txt,InsertionSort,3,0.220000,0.00,0.00
randomArrays.txt,InsertionSort,1,0.128700,0.00,0.00
randomArrays.txt,InsertionSort,2,0.122600,0.00,0.00
randomArrays.txt,InsertionSort,3,0.101200,0.00,0.00
randomArrays.txt,InsertionSort,1,0.020900,0.00,0.00
randomArrays.txt,InsertionSort,2,0.022300,0.00,0.00
randomArrays.txt,InsertionSort,3,0.014600,0.00,0.00
randomArrays.txt,InsertionSort,1,0.166600,0.00,0.00
randomArrays.txt,InsertionSort,2,0.166900,0.00,0.00
randomArrays.txt,InsertionSort,3,0.167800,0.00,0.00
randomArrays.txt,InsertionSort,1,0.090600,0.00,0.00
randomArrays.txt,InsertionSort,2,0.136900,0.00,0.00
randomArrays.txt,InsertionSort,3,0.091700,0.00,0.00
randomArrays.txt,InsertionSort,1,0.054800,0.00,0.00
randomArrays.txt,InsertionSort,2,0.052400,0.00,0.00
randomArrays.txt,InsertionSort,3,0.055200,0.00,0.00
randomArrays.txt,InsertionSort,1,0.017700,0.00,0.00
randomArrays.txt,InsertionSort,2,0.017600,0.00,0.00
randomArrays.txt,InsertionSort,3,0.017700,0.00,0.00
randomArrays.txt,InsertionSort,1,0.023000,0.00,0.00
randomArrays.txt,InsertionSort,2,0.021200,0.00,0.00
randomArrays.txt,InsertionSort,3,0.022600,0.00,0.00
randomArrays.txt,InsertionSort,1,0.048900,0.00,0.00
randomArrays.txt,InsertionSort,2,0.015000,0.00,0.00
randomArrays.txt,InsertionSort,3,0.015100,0.00,0.00
randomArrays.txt,InsertionSort,1,0.069500,0.00,0.00
randomArrays.txt,InsertionSort,2,0.077800,0.00,0.00
randomArrays.txt,InsertionSort,3,0.076400,0.00,0.00
randomArrays.txt,InsertionSort,1,0.179000,0.00,0.00
randomArrays.txt,InsertionSort,2,0.175600,0.00,0.00
randomArrays.txt,InsertionSort,3,0.376700,0.00,0.00
randomArrays.txt,InsertionSort,1,0.148000,0.00,0.00
randomArrays.txt,InsertionSort,2,0.135700,0.00,0.00
randomArrays.txt,InsertionSort,3,0.131200,0.00,0.00
randomArrays.txt,InsertionSort,1,0.154300,0.00,0.00
randomArrays.txt,InsertionSort,2,0.132000,0.00,0.00
randomArrays.txt,InsertionSort,3,0.134900,0.00,0.00
randomArrays.txt,InsertionSort,1,0.027700,0.00,0.00
randomArrays.txt,InsertionSort,2,0.026900,0.00,0.00
randomArrays.txt,InsertionSort,3,0.030700,0.00,0.00
randomArrays.txt,InsertionSort,1,0.185900,0.00,0.00
randomArrays.txt,InsertionSort,2,0.160800,0.00,0.00
randomArrays.txt,InsertionSort,3,0.160700,0.00,0.00
randomArrays.txt,InsertionSort,1,0.017500,0.00,0.00
randomArrays.txt,InsertionSort,2,0.016600,0.00,0.00
randomArrays.txt,InsertionSort,3,0.016600,0.00,0.00
randomArrays.txt,InsertionSort,1,0.038300,0.00,0.00
randomArrays.txt,InsertionSort,2,0.041600,0.00,0.00
randomArrays.txt,InsertionSort,3,0.041800,0.00,0.00
randomArrays.txt,InsertionSort,1,0.027000,0.00,0.00
randomArrays.txt,InsertionSort,2,0.025400,0.00,0.00
randomArrays.txt,InsertionSort,3,0.025300,0.00,0.00
randomArrays.txt,InsertionSort,1,0.004700,0.00,0.00
randomArrays.txt,InsertionSort,2,0.005900,0.00,0.00
randomArrays.txt,InsertionSort,3,0.005100,0.00,0.00
randomArrays.txt,InsertionSort,1,0.271400,0.00,0.00
randomArrays.txt,InsertionSort,2,0.189800,0.00,0.00
randomArrays.txt,InsertionSort,3,0.190600,0.00,0.00
randomArrays.txt,InsertionSort,1,0.015200,0.00,0.00
randomArrays.txt,InsertionSort,2,0.060100,0.00,0.00
randomArrays.txt,InsertionSort,3,0.013200,0.00,0.00
randomArrays.txt,InsertionSort,1,0.038900,0.00,0.00
randomArrays.txt,InsertionSort,2,0.039800,0.00,0.00
randomArrays.txt,InsertionSort,3,0.043200,0.00,0.00
randomArrays.txt,InsertionSort,1,0.013200,0.00,0.00
randomArrays.txt,InsertionSort,2,0.013900,0.00,0.00
randomArrays.txt,InsertionSort,3,0.013100,0.00,0.00
randomArrays.txt,InsertionSort,1,0.043100,0.00,0.00
randomArrays.txt,InsertionSort,2,0.044900,0.00,0.00
randomArrays.txt,InsertionSort,3,0.043900,0.00,0.00
randomArrays.txt,InsertionSort,1,0.163000,0.00,0.00
randomArrays.txt,InsertionSort,2,0.143300,0.00,0.00
randomArrays.txt,InsertionSort,3,0.191400,0.00,0.00
randomArrays.txt,InsertionSort,1,0.196700,0.00,0.00
randomArrays.txt,InsertionSort,2,0.174100,0.00,0.00
randomArrays.txt,InsertionSort,3,1.459600,0.00,0.00
randomArrays.txt,InsertionSort,1,0.216700,0.00,0.00
randomArrays.txt,InsertionSort,2,0.169200,0.00,0.00
randomArrays.txt,InsertionSort,3,0.167400,0.00,0.00
randomArrays.txt,InsertionSort,1,0.076000,0.00,0.00
randomArrays.txt,InsertionSort,2,0.071700,0.00,0.00
randomArrays.txt,InsertionSort,3,0.079200,0.00,0.00
randomArrays.txt,InsertionSort,1,0.008400,0.00,0.00
randomArrays.txt,InsertionSort,2,0.008900,0.00,0.00
randomArrays.txt,InsertionSort,3,0.013100,0.00,0.00
randomArrays.txt,InsertionSort,1,0.073700,0.00,0.00
randomArrays.txt,InsertionSort,2,0.057900,0.00,0.00
randomArrays.txt,InsertionSort,3,0.059100,0.00,0.00
randomArrays.txt,InsertionSort,1,0.093900,0.00,0.00
randomArrays.txt,InsertionSort,2,0.082700,0.00,0.00
randomArrays.txt,InsertionSort,3,0.076300,0.00,0.00
randomArrays.txt,InsertionSort,1,0.016600,0.00,0.00
randomArrays.txt,InsertionSort,2,0.021300,0.00,0.00
randomArrays.txt,InsertionSort,3,0.018300,0.00,0.00
randomArrays.txt,InsertionSort,1,0.052200,0.00,0.00
randomArrays.txt,InsertionSort,2,0.036900,0.00,0.00
randomArrays.txt,InsertionSort,3,0.033200,0.00,0.00
randomArrays.txt,InsertionSort,1,0.084400,0.00,0.00
randomArrays.txt,InsertionSort,2,0.073700,0.00,0.00
randomArrays.txt,InsertionSort,3,0.076400,0.00,0.00
randomArrays.txt,InsertionSort,1,0.172900,0.00,0.00
randomArrays.txt,InsertionSort,2,0.180200,0.00,0.00
randomArrays.txt,InsertionSort,3,0.200100,0.00,0.00
randomArrays.txt,InsertionSort,1,0.217500,0.00,0.00
randomArrays.txt,InsertionSort,2,0.216100,0.00,0.00
randomArrays.txt,InsertionSort,3,0.209600,0.00,0.00
randomArrays.txt,InsertionSort,1,0.058100,0.00,0.00
randomArrays.txt,InsertionSort,2,0.043500,0.00,0.00
randomArrays.txt,InsertionSort,3,0.047100,0.00,0.00
randomArrays.txt,InsertionSort,1,0.086000,0.00,0.00
randomArrays.txt,InsertionSort,2,0.197100,0.00,0.00
randomArrays.txt,InsertionSort,3,0.049200,0.00,0.00
randomArrays.txt,InsertionSort,1,0.078300,0.00,0.00
randomArrays.txt,InsertionSort,2,0.051400,0.00,0.00
randomArrays.txt,InsertionSort,3,0.055300,0.00,0.00
randomArrays.txt,InsertionSort,1,0.143600,0.00,0.00
randomArrays.txt,InsertionSort,2,0.160900,0.00,0.00
randomArrays.txt,InsertionSort,3,0.149800,0.00,0.00
randomArrays.txt,InsertionSort,1,0.001900,0.00,0.00
randomArrays.txt,InsertionSort,2,0.001900,0.00,0.00
randomArrays.txt,InsertionSort,3,0.001700,0.00,0.00
randomArrays.txt,InsertionSort,1,0.004400,0.00,0.00
randomArrays.txt,InsertionSort,2,0.005200,0.00,0.00
randomArrays.txt,InsertionSort,3,0.004100,0.00,0.00
randomArrays.txt,InsertionSort,1,0.072700,0.00,0.00
randomArrays.txt,InsertionSort,2,0.021100,0.00,0.00
randomArrays.txt,InsertionSort,3,0.020500,0.00,0.00
randomArrays.txt,InsertionSort,1,0.191600,0.00,0.00
randomArrays.txt,InsertionSort,2,0.187600,0.00,0.00
randomArrays.txt,InsertionSort,3,0.187400,0.00,0.00
randomArrays.txt,InsertionSort,1,0.232800,0.00,0.00
randomArrays.txt,InsertionSort,2,0.168200,0.00,0.00
randomArrays.txt,InsertionSort,3,0.168000,0.00,0.00
randomArrays.txt,InsertionSort,1,0.115500,0.00,0.00
randomArrays.txt,InsertionSort,2,0.125500,0.00,0.00
randomArrays.txt,InsertionSort,3,0.123200,0.00,0.00
randomArrays.txt,InsertionSort,1,0.058100,0.00,0.00
randomArrays.txt,InsertionSort,2,0.041100,0.00,0.00
randomArrays.txt,InsertionSort,3,0.039100,0.00,0.00
randomArrays.txt,InsertionSort,1,0.185800,0.00,0.00
randomArrays.txt,InsertionSort,2,0.054200,0.00,0.00
randomArrays.txt,InsertionSort,3,0.054900,0.00,0.00
randomArrays.txt,InsertionSort,1,0.017800,0.00,0.00
randomArrays.txt,InsertionSort,2,0.022600,0.00,0.00
randomArrays.txt,InsertionSort,3,0.020000,0.00,0.00
randomArrays.txt,InsertionSort,1,0.103400,0.00,0.00
randomArrays.txt,InsertionSort,2,0.085100,0.00,0.00
randomArrays.txt,InsertionSort,3,0.090000,0.00,0.00
randomArrays.txt,InsertionSort,1,0.095900,0.00,0.00
randomArrays.txt,InsertionSort,2,0.087500,0.00,0.00
randomArrays.txt,InsertionSort,3,0.093700,0.00,0.00
randomArrays.txt,InsertionSort,1,0.033200,0.00,0.00
randomArrays.txt,InsertionSort,2,0.035800,0.00,0.00
randomArrays.txt,InsertionSort,3,0.034800,0.00,0.00
randomArrays.txt,InsertionSort,1,0.119600,0.00,0.00
randomArrays.txt,InsertionSort,2,0.108400,0.00,0.00
randomArrays.txt,InsertionSort,3,0.090700,0.00,0.00
randomArrays.txt,InsertionSort,1,0.085700,0.00,0.00
randomArrays.txt,InsertionSort,2,0.083700,0.00,0.00
randomArrays.txt,InsertionSort,3,0.090000,0.00,0.00
randomArrays.txt,InsertionSort,1,0.158400,0.00,0.00
randomArrays.txt,InsertionSort,2,0.154700,0.00,0.00
randomArrays.txt,InsertionSort,3,0.159300,0.00,0.00
randomArrays.txt,InsertionSort,1,0.080300,0.00,0.00
randomArrays.txt,InsertionSort,2,0.016000,0.00,0.00
randomArrays.txt,InsertionSort,3,0.014200,0.00,0.00
randomArrays.txt,InsertionSort,1,0.198000,0.00,0.00
randomArrays.txt,InsertionSort,2,0.189500,0.00,0.00
randomArrays.txt,InsertionSort,3,0.227900,0.00,0.00
randomArrays.txt,InsertionSort,1,0.003000,0.00,0.00
randomArrays.txt,InsertionSort,2,0.002700,0.00,0.00
randomArrays.txt,InsertionSort,3,0.002200,0.00,0.00
randomArrays.txt,InsertionSort,1,0.186800,0.00,0.00
randomArrays.txt,InsertionSort,2,0.213200,0.00,0.00
randomArrays.txt,InsertionSort,3,0.190100,0.00,0.00
randomArrays.txt,InsertionSort,1,0.025900,0.00,0.00
randomArrays.txt,InsertionSort,2,0.027900,0.00,0.00
randomArrays.txt,InsertionSort,3,0.027600,0.00,0.00
randomArrays.txt,InsertionSort,1,0.186300,0.00,0.00
randomArrays.txt,InsertionSort,2,0.185700,0.00,0.00
randomArrays.txt,InsertionSort,3,0.176500,0.00,0.00
randomArrays.txt,InsertionSort,1,0.019900,0.00,0.00
randomArrays.txt,InsertionSort,2,0.019100,0.00,0.00
randomArrays.txt,InsertionSort,3,0.020500,0.00,0.00
randomArrays.txt,InsertionSort,1,0.018900,0.00,0.00
randomArrays.txt,InsertionSort,2,0.019500,0.00,0.00
randomArrays.txt,InsertionSort,3,0.018500,0.00,0.00
randomArrays.txt,InsertionSort,1,0.036200,0.00,0.00
randomArrays.txt,InsertionSort,2,0.035400,0.00,0.00
randomArrays.txt,InsertionSort,3,0.036000,0.00,0.00
randomArrays.txt,InsertionSort,1,0.176400,0.00,0.00
randomArrays.txt,InsertionSort,2,0.162300,0.00,0.00
randomArrays.txt,InsertionSort,3,1.318100,0.00,0.00
randomArrays.txt,InsertionSort,1,0.021400,0.00,0.00
randomArrays.txt,InsertionSort,2,0.021000,0.00,0.00
randomArrays.txt,InsertionSort,3,0.024400,0.00,0.00
randomArrays.txt,InsertionSort,1,0.031600,0.00,0.00
randomArrays.txt,InsertionSort,2,0.034400,0.00,0.00
randomArrays.txt,InsertionSort,3,0.035300,0.00,0.00
randomArrays.txt,InsertionSort,1,0.059200,0.00,0.00
randomArrays.txt,InsertionSort,2,0.118100,0.00,0.00
randomArrays.txt,InsertionSort,3,0.068700,0.00,0.00
randomArrays.txt,InsertionSort,1,0.023500,0.00,0.00
randomArrays.txt,InsertionSort,2,0.022700,0.00,0.00
randomArrays.txt,InsertionSort,3,0.025000,0.00,0.00
randomArrays.txt,InsertionSort,1,0.136600,0.00,0.00
randomArrays.txt,InsertionSort,2,0.114900,0.00,0.00
randomArrays.txt,InsertionSort,3,0.109700,0.00,0.00
randomArrays.txt,InsertionSort,1,0.073700,0.00,0.00
randomArrays.txt,InsertionSort,2,0.079300,0.00,0.00
randomArrays.txt,InsertionSort,3,0.069200,0.00,0.00
randomArrays.txt,InsertionSort,1,0.237300,0.00,0.00
randomArrays.txt,InsertionSort,2,0.160600,0.00,0.00
randomArrays.txt,InsertionSort,3,0.162700,0.00,0.00
randomArrays.txt,InsertionSort,1,0.025600,0.00,0.00
randomArrays.txt,InsertionSort,2,0.031500,0.00,0.00
randomArrays.txt,InsertionSort,3,0.025200,0.00,0.00
randomArrays.txt,InsertionSort,1,0.009000,0.00,0.00
randomArrays.txt,InsertionSort,2,0.010500,0.00,0.00
randomArrays.txt,InsertionSort,3,0.009400,0.00,0.00
randomArrays.txt,InsertionSort,1,0.159700,0.00,0.00
randomArrays.txt,InsertionSort,2,0.147400,0.00,0.00
randomArrays.txt,InsertionSort,3,0.162100,0.00,0.00
randomArrays.txt,InsertionSort,1,0.173900,0.00,0.00
randomArrays.txt,InsertionSort,2,0.108100,0.00,0.00
randomArrays.txt,InsertionSort,3,0.095700,0.00,0.00
randomArrays.txt,InsertionSort,1,0.029400,0.00,0.00
randomArrays.txt,InsertionSort,2,0.028700,0.00,0.00
randomArrays.txt,InsertionSort,3,0.031200,0.00,0.00
randomArrays.txt,InsertionSort,1,0.063500,0.00,0.00
randomArrays.txt,InsertionSort,2,0.071600,0.00,0.00
randomArrays.txt,InsertionSort,3,0.066600,0.00,0.00
randomArrays.txt,InsertionSort,1,0.232800,0.00,0.00
randomArrays.txt,InsertionSort,2,0.244800,0.00,0.00
randomArrays.txt,InsertionSort,3,0.556400,0.00,0.00
randomArrays.txt,InsertionSort,1,0.101000,0.00,0.00
randomArrays.txt,InsertionSort,2,0.109800,0.00,0.00
randomArrays.txt,InsertionSort,3,0.111700,0.00,0.00
randomArrays.txt,InsertionSort,1,0.132200,0.00,0.00
randomArrays.txt,InsertionSort,2,0.077800,0.00,0.00
randomArrays.txt,InsertionSort,3,8.603300,0.00,0.00
randomArrays.txt,InsertionSort,1,0.076700,0.00,0.00
randomArrays.txt,InsertionSort,2,0.083500,0.00,0.00
randomArrays.txt,InsertionSort,3,0.065600,0.00,0.00
randomArrays.txt,InsertionSort,1,0.136200,0.00,0.00
randomArrays.txt,InsertionSort,2,0.120400,0.00,0.00
randomArrays.txt,InsertionSort,3,0.127700,0.00,0.00
randomArrays.txt,InsertionSort,1,0.012000,0.00,0.00
randomArrays.txt,InsertionSort,2,0.012300,0.00,0.00
randomArrays.txt,InsertionSort,3,0.012100,0.00,0.00
randomArrays.txt,InsertionSort,1,0.081500,0.00,0.00
randomArrays.txt,InsertionSort,2,0.296700,0.00,0.00
randomArrays.txt,InsertionSort,3,0.086300,0.00,0.00
randomArrays.txt,InsertionSort,1,0.180300,0.00,0.00
randomArrays.txt,InsertionSort,2,0.132600,0.00,0.00
randomArrays.txt,InsertionSort,3,0.129000,0.00,0.00
randomArrays.txt,InsertionSort,1,0.185800,0.00,0.00
randomArrays.txt,InsertionSort,2,0.155200,0.00,0.00
randomArrays.txt,InsertionSort,3,0.156200,0.00,0.00
randomArrays.txt,InsertionSort,1,0.161900,0.00,0.00
randomArrays.txt,InsertionSort,2,0.164600,0.00,0.00
randomArrays.txt,InsertionSort,3,0.180600,0.00,0.00
randomArrays.txt,InsertionSort,1,0.297100,0.00,0.00
randomArrays.txt,InsertionSort,2,0.080900,0.00,0.00
randomArrays.txt,InsertionSort,3,0.086600,0.00,0.00
randomArrays.txt,InsertionSort,1,0.051700,0.00,0.00
randomArrays.txt,InsertionSort,2,0.050100,0.00,0.00
randomArrays.txt,InsertionSort,3,0.051900,0.00,0.00
randomArrays.txt,InsertionSort,1,0.177700,0.00,0.00
randomArrays.txt,InsertionSort,2,0.100500,0.00,0.00
randomArrays.txt,InsertionSort,3,0.108500,0.00,0.00
randomArrays.txt,InsertionSort,1,0.014400,0.00,0.00
randomArrays.txt,InsertionSort,2,0.015200,0.00,0.00
randomArrays.txt,InsertionSort,3,0.013800,0.00,0.00
randomArrays.txt,InsertionSort,1,0.077300,0.00,0.00
randomArrays.txt,InsertionSort,2,0.075900,0.00,0.00
randomArrays.txt,InsertionSort,3,0.075600,0.00,0.00
randomArrays.txt,InsertionSort,1,0.048700,0.00,0.00
randomArrays.txt,InsertionSort,2,0.053500,0.00,0.00
randomArrays.txt,InsertionSort,3,0.052900,0.00,0.00
randomArrays.txt,InsertionSort,1,0.073900,0.00,0.00
randomArrays.txt,InsertionSort,2,0.081000,0.00,0.00
randomArrays.txt,InsertionSort,3,0.081100,0.00,0.00
randomArrays.txt,InsertionSort,1,0.214700,0.00,0.00
randomArrays.txt,InsertionSort,2,0.202100,0.00,0.00
randomArrays.txt,InsertionSort,3,0.192900,0.00,0.00
randomArrays.txt,InsertionSort,1,0.138900,0.00,0.00
randomArrays.txt,InsertionSort,2,0.136600,0.00,0.00
randomArrays.txt,InsertionSort,3,0.132700,0.00,0.00
randomArrays.txt,InsertionSort,1,0.043400,0.00,0.00
randomArrays.txt,InsertionSort,2,0.043700,0.00,0.00
randomArrays.txt,InsertionSort,3,0.043500,0.00,0.00
randomArrays.txt,InsertionSort,1,0.023900,0.00,0.00
randomArrays.txt,InsertionSort,2,0.027900,0.00,0.00
randomArrays.txt,InsertionSort,3,0.023200,0.00,0.00
randomArrays.txt,InsertionSort,1,0.008300,0.00,0.00
randomArrays.txt,InsertionSort,2,0.008800,0.00,0.00
randomArrays.txt,InsertionSort,3,0.009800,0.00,0.00
randomArrays.txt,InsertionSort,1,0.245000,0.00,0.00
randomArrays.txt,InsertionSort,2,0.217600,0.00,0.00
randomArrays.txt,InsertionSort,3,0.234400,0.00,0.00
randomArrays.txt,InsertionSort,1,0.122800,0.00,0.00
randomArrays.txt,InsertionSort,2,0.120300,0.00,0.00
randomArrays.txt,InsertionSort,3,0.121900,0.00,0.00
randomArrays.txt,InsertionSort,1,0.121100,0.00,0.00
randomArrays.txt,InsertionSort,2,0.122900,0.00,0.00
randomArrays.txt,InsertionSort,3,0.107100,0.00,0.00
randomArrays.txt,InsertionSort,1,0.029800,0.00,0.00
randomArrays.txt,InsertionSort,2,0.033400,0.00,0.00
randomArrays.txt,InsertionSort,3,0.032100,0.00,0.00
randomArrays.txt,InsertionSort,1,0.161900,0.00,0.00
randomArrays.txt,InsertionSort,2,0.150800,0.00,0.00
randomArrays.txt,InsertionSort,3,0.162900,0.00,0.00
randomArrays.txt,InsertionSort,1,0.009200,0.00,0.00
randomArrays.txt,InsertionSort,2,0.008600,0.00,0.00
randomArrays.txt,InsertionSort,3,0.009400,0.00,0.00
randomArrays.txt,InsertionSort,1,0.008400,0.00,0.00
randomArrays.txt,InsertionSort,2,0.016100,0.00,0.00
randomArrays.txt,InsertionSort,3,0.015600,0.00,0.00
randomArrays.txt,InsertionSort,1,0.212300,0.00,0.00
randomArrays.txt,InsertionSort,2,0.222100,0.00,0.00
randomArrays.txt,InsertionSort,3,0.203100,0.00,0.00
randomArrays.txt,InsertionSort,1,0.197300,0.00,0.00
randomArrays.txt,InsertionSort,2,0.202300,0.00,0.00
randomArrays.txt,InsertionSort,3,0.214900,0.00,0.00
randomArrays.txt,InsertionSort,1,0.049500,0.00,0.00
randomArrays.txt,InsertionSort,2,0.092200,0.00,0.00
randomArrays.txt,InsertionSort,3,0.049400,0.00,0.00
randomArrays.txt,InsertionSort,1,0.128100,0.00,0.00
randomArrays.txt,InsertionSort,2,0.136300,0.00,0.00
randomArrays.txt,InsertionSort,3,0.138500,0.00,0.00
randomArrays.txt,InsertionSort,1,0.003400,0.00,0.00
randomArrays.txt,InsertionSort,2,0.004400,0.00,0.00
randomArrays.txt,InsertionSort,3,0.004400,0.00,0.00
randomArrays.txt,InsertionSort,1,0.027800,0.00,0.00
randomArrays.txt,InsertionSort,2,0.027100,0.00,0.00
randomArrays.txt,InsertionSort,3,0.028300,0.00,0.00
randomArrays.txt,InsertionSort,1,0.013500,0.00,0.00
randomArrays.txt,InsertionSort,2,0.014200,0.00,0.00
randomArrays.txt,InsertionSort,3,0.053600,0.00,0.00
randomArrays.txt,InsertionSort,1,0.072100,0.00,0.00
randomArrays.txt,InsertionSort,2,0.139300,0.00,0.00
randomArrays.txt,InsertionSort,3,0.075000,0.00,0.00
randomArrays.txt,InsertionSort,1,0.002700,0.00,0.00
randomArrays.txt,InsertionSort,2,0.002300,0.00,0.00
randomArrays.txt,InsertionSort,3,0.002200,0.00,0.00
randomArrays.txt,InsertionSort,1,0.140800,0.00,0.00
randomArrays.txt,InsertionSort,2,0.122700,0.00,0.00
randomArrays.txt,InsertionSort,3,0.165100,0.00,0.00
randomArrays.txt,InsertionSort,1,0.090800,0.00,0.00
randomArrays.txt,InsertionSort,2,0.115000,0.00,0.00
randomArrays.txt,InsertionSort,3,0.101100,0.00,0.00
randomArrays.txt,InsertionSort,1,0.140100,0.00,0.00
randomArrays.txt,InsertionSort,2,0.138300,0.00,0.00
randomArrays.txt,InsertionSort,3,0.107500,0.00,0.00
randomArrays.txt,InsertionSort,1,0.003300,0.00,0.00
randomArrays.txt,InsertionSort,2,0.003800,0.00,0.00
randomArrays.txt,InsertionSort,3,0.059100,0.00,0.00
randomArrays.txt,InsertionSort,1,0.207400,0.00,0.00
randomArrays.txt,InsertionSort,2,0.236800,0.00,0.00
randomArrays.txt,InsertionSort,3,0.178000,0.00,0.00
randomArrays.txt,InsertionSort,1,0.037500,0.00,0.00
randomArrays.txt,InsertionSort,2,0.037000,0.00,0.00
randomArrays.txt,InsertionSort,3,0.027600,0.00,0.00
randomArrays.txt,InsertionSort,1,0.010500,0.00,0.00
randomArrays.txt,InsertionSort,2,0.129500,0.00,0.00
randomArrays.txt,InsertionSort,3,0.009800,0.00,0.00
randomArrays.txt,InsertionSort,1,0.219400,0.00,0.00
randomArrays.txt,InsertionSort,2,0.247500,0.00,0.00
randomArrays.txt,InsertionSort,3,0.222300,0.00,0.00
randomArrays.txt,InsertionSort,1,0.073500,0.00,0.00
randomArrays.txt,InsertionSort,2,0.078400,0.00,0.00
randomArrays.txt,InsertionSort,3,0.064200,0.00,0.00
randomArrays.txt,InsertionSort,1,0.178500,0.00,0.00
randomArrays.txt,InsertionSort,2,0.155600,0.00,0.00
randomArrays.txt,InsertionSort,3,0.147400,0.00,0.00
randomArrays.txt,InsertionSort,1,0.084000,0.00,0.00
randomArrays.txt,InsertionSort,2,0.077700,0.00,0.00
randomArrays.txt,InsertionSort,3,0.080100,0.00,0.00
randomArrays.txt,InsertionSort,1,0.010900,0.00,0.00
randomArrays.txt,InsertionSort,2,0.030100,0.00,0.00
randomArrays.txt,InsertionSort,3,0.008600,0.00,0.00
randomArrays.txt,InsertionSort,1,0.351300,0.00,0.00
randomArrays.txt,InsertionSort,2,0.038900,0.00,0.00
randomArrays.txt,InsertionSort,3,0.041400,0.00,0.00
randomArrays.txt,InsertionSort,1,0.044600,0.00,0.00
randomArrays.txt,InsertionSort,2,0.050300,0.00,0.00
randomArrays.txt,InsertionSort,3,0.044200,0.00,0.00
randomArrays.txt,InsertionSort,1,0.402500,0.00,0.00
randomArrays.txt,InsertionSort,2,0.205300,0.00,0.00
randomArrays.txt,InsertionSort,3,0.209300,0.00,0.00
randomArrays.txt,InsertionSort,1,0.213100,0.00,0.00
randomArrays.txt,InsertionSort,2,0.225900,0.00,0.00
randomArrays.txt,InsertionSort,3,0.238800,0.00,0.00
randomArrays.txt,InsertionSort,1,0.038100,0.00,0.00
randomArrays.txt,InsertionSort,2,0.036000,0.00,0.00
randomArrays.txt,InsertionSort,3,0.035100,0.00,0.00
randomArrays.txt,InsertionSort,1,0.160300,0.00,0.00
randomArrays.txt,InsertionSort,2,1.202900,0.00,0.00
randomArrays.txt,InsertionSort,3,0.207800,0.00,0.00
randomArrays.txt,InsertionSort,1,0.104600,0.00,0.00
randomArrays.txt,InsertionSort,2,0.095400,0.00,0.00
randomArrays.txt,InsertionSort,3,0.104300,0.00,0.00
randomArrays.txt,InsertionSort,1,0.645400,0.00,0.00
randomArrays.txt,InsertionSort,2,0.250100,0.00,0.00
randomArrays.txt,InsertionSort,3,0.248900,0.00,0.00
randomArrays.txt,InsertionSort,1,0.012300,0.00,0.00
randomArrays.txt,InsertionSort,2,0.011000,0.00,0.00
randomArrays.txt,InsertionSort,3,0.011900,0.00,0.00
randomArrays.txt,InsertionSort,1,0.038100,0.00,0.00
randomArrays.txt,InsertionSort,2,0.036900,0.00,0.00
randomArrays.txt,InsertionSort,3,0.061800,0.00,0.00
randomArrays.txt,InsertionSort,1,0.014700,0.00,0.00
randomArrays.txt,InsertionSort,2,0.013000,0.00,0.00
randomArrays.txt,InsertionSort,3,0.016000,0.00,0.00
randomArrays.txt,InsertionSort,1,0.189400,0.00,0.00
randomArrays.txt,InsertionSort,2,0.223000,0.00,0.00
randomArrays.txt,InsertionSort,3,0.357100,0.00,0.00
randomArrays.txt,InsertionSort,1,0.006000,0.00,0.00
randomArrays.txt,InsertionSort,2,0.006000,0.00,0.00
randomArrays.txt,InsertionSort,3,0.005500,0.00,0.00
randomArrays.txt,InsertionSort,1,0.134000,0.00,0.00
randomArrays.txt,InsertionSort,2,0.113200,0.00,0.00
randomArrays.txt,InsertionSort,3,0.122000,0.00,0.00
randomArrays.txt,InsertionSort,1,0.079600,0.00,0.00
randomArrays.txt,InsertionSort,2,0.063300,0.00,0.00
randomArrays.txt,InsertionSort,3,0.068700,0.00,0.00
randomArrays.txt,InsertionSort,1,0.090100,0.00,0.00
randomArrays.txt,InsertionSort,2,0.081300,0.00,0.00
randomArrays.txt,InsertionSort,3,0.083200,0.00,0.00
randomArrays.txt,InsertionSort,1,0.066600,0.00,0.00
randomArrays.txt,InsertionSort,2,0.066700,0.00,0.00
randomArrays.txt,InsertionSort,3,0.087400,0.00,0.00
randomArrays.txt,InsertionSort,1,0.001900,0.00,0.00
randomArrays.txt,InsertionSort,2,0.003100,0.00,0.00
randomArrays.txt,InsertionSort,3,0.003000,0.00,0.00
randomArrays.txt,InsertionSort,1,0.385000,0.00,0.00
randomArrays.txt,InsertionSort,2,0.079300,0.00,0.00
randomArrays.txt,InsertionSort,3,0.078600,0.00,0.00
randomArrays.txt,InsertionSort,1,0.047000,0.00,0.00
randomArrays.txt,InsertionSort,2,0.049100,0.00,0.00
randomArrays.txt,InsertionSort,3,0.043700,0.00,0.00
randomArrays.txt,InsertionSort,1,0.225000,0.00,0.00
randomArrays.txt,InsertionSort,2,0.219300,0.00,0.00
randomArrays.txt,InsertionSort,3,0.319900,0.00,0.00
randomArrays.txt,InsertionSort,1,0.008500,0.00,0.00
randomArrays.txt,InsertionSort,2,0.008100,0.00,0.00
randomArrays.txt,InsertionSort,3,0.008600,0.00,0.00
randomArrays.txt,InsertionSort,1,0.006500,0.00,0.00
randomArrays.txt,InsertionSort,2,0.006800,0.00,0.00
randomArrays.txt,InsertionSort,3,0.006600,0.00,0.00
randomArrays.txt,InsertionSort,1,0.178000,0.00,0.00
randomArrays.txt,InsertionSort,2,0.098400,0.00,0.00
randomArrays.txt,InsertionSort,3,0.100400,0.00,0.00
randomArrays.txt,InsertionSort,1,0.002400,0.00,0.00
randomArrays.txt,InsertionSort,2,0.002200,0.00,0.00
randomArrays.txt,InsertionSort,3,0.003100,0.00,0.00
randomArrays.txt,InsertionSort,1,0.135500,0.00,0.00
randomArrays.txt,InsertionSort,2,0.137600,0.00,0.00
randomArrays.txt,InsertionSort,3,0.134500,0.00,0.00
randomArrays.txt,InsertionSort,1,0.144500,0.00,0.00
randomArrays.txt,InsertionSort,2,6.106800,0.00,0.00
randomArrays.txt,InsertionSort,3,0.142400,0.00,0.00
randomArrays.txt,InsertionSort,1,0.030200,0.00,0.00
randomArrays.txt,InsertionSort,2,0.028800,0.00,0.00
randomArrays.txt,InsertionSort,3,0.029400,0.00,0.00
randomArrays.txt,InsertionSort,1,0.251600,0.00,0.00
randomArrays.txt,InsertionSort,2,0.116200,0.00,0.00
randomArrays.txt,InsertionSort,3,0.161000,0.00,0.00
randomArrays.txt,InsertionSort,1,0.175200,0.00,0.00
randomArrays.txt,InsertionSort,2,0.169200,0.00,0.00
randomArrays.txt,InsertionSort,3,0.168400,0.00,0.00
randomArrays.txt,InsertionSort,1,0.195100,0.00,0.00
randomArrays.txt,InsertionSort,2,0.199300,0.00,0.00
randomArrays.txt,InsertionSort,3,0.203800,0.00,0.00
randomArrays.txt,InsertionSort,1,0.133900,0.00,0.00
randomArrays.txt,InsertionSort,2,0.135800,0.00,0.00
randomArrays.txt,InsertionSort,3,0.126400,0.00,0.00
randomArrays.txt,InsertionSort,1,0.076000,0.00,0.00
randomArrays.txt,InsertionSort,2,0.079200,0.00,0.00
randomArrays.txt,InsertionSort,3,0.079200,0.00,0.00
randomArrays.txt,InsertionSort,1,0.228200,0.00,0.00
randomArrays.txt,InsertionSort,2,0.204900,0.00,0.00
randomArrays.txt,InsertionSort,3,1.826000,0.00,0.00
randomArrays.txt,InsertionSort,1,0.160500,0.00,0.00
randomArrays.txt,InsertionSort,2,0.146600,0.00,0.00
randomArrays.txt,InsertionSort,3,0.161700,0.00,0.00
randomArrays.txt,InsertionSort,1,0.018500,0.00,0.00
randomArrays.txt,InsertionSort,2,0.019300,0.00,0.00
randomArrays.txt,InsertionSort,3,0.018200,0.00,0.00
randomArrays.txt,InsertionSort,1,0.007800,0.00,0.00
randomArrays.txt,InsertionSort,2,0.008000,0.00,0.00
randomArrays.txt,InsertionSort,3,0.008000,0.00,0.00
randomArrays.txt,InsertionSort,1,0.080100,0.00,0.00
randomArrays.txt,InsertionSort,2,0.082100,0.00,0.00
randomArrays.txt,InsertionSort,3,0.082800,0.00,0.00
randomArrays.txt,InsertionSort,1,0.112900,0.00,0.00
randomArrays.txt,InsertionSort,2,0.112700,0.00,0.00
randomArrays.txt,InsertionSort,3,0.113000,0.00,0.00
randomArrays.txt,InsertionSort,1,0.014100,0.00,0.00
randomArrays.txt,InsertionSort,2,0.014400,0.00,0.00
randomArrays.txt,InsertionSort,3,0.013700,0.00,0.00
randomArrays.txt,InsertionSort,1,0.103400,0.00,0.00
randomArrays.txt,InsertionSort,2,0.493200,0.00,0.00
randomArrays.txt,InsertionSort,3,0.102400,0.00,0.00
randomArrays.txt,InsertionSort,1,0.175800,0.00,0.00
randomArrays.txt,InsertionSort,2,0.188800,0.00,0.00
randomArrays.txt,InsertionSort,3,0.189100,0.00,0.00
randomArrays.txt,InsertionSort,1,0.008300,0.00,0.00
randomArrays.txt,InsertionSort,2,0.008000,0.00,0.00
randomArrays.txt,InsertionSort,3,0.008300,0.00,0.00
randomArrays.txt,InsertionSort,1,0.008500,0.00,0.00
randomArrays.txt,InsertionSort,2,0.007900,0.00,0.00
randomArrays.txt,InsertionSort,3,0.009300,0.00,0.00
randomArrays.txt,InsertionSort,1,0.030700,0.00,0.00
randomArrays.txt,InsertionSort,2,0.027000,0.00,0.00
randomArrays.txt,InsertionSort,3,0.029800,0.00,0.00
randomArrays.txt,InsertionSort,1,0.026000,0.00,0.00
randomArrays.txt,InsertionSort,2,0.025200,0.00,0.00
randomArrays.txt,InsertionSort,3,0.033600,0.00,0.00
randomArrays.txt,InsertionSort,1,0.010100,0.00,0.00
randomArrays.txt,InsertionSort,2,0.009300,0.00,0.00
randomArrays.txt,InsertionSort,3,0.010100,0.00,0.00
randomArrays.txt,InsertionSort,1,0.178300,0.00,0.00
randomArrays.txt,InsertionSort,2,0.174500,0.00,0.00
randomArrays.txt,InsertionSort,3,0.182000,0.00,0.00
randomArrays.txt,InsertionSort,1,0.030500,0.00,0.00
randomArrays.txt,InsertionSort,2,0.029800,0.00,0.00
randomArrays.txt,InsertionSort,3,0.027800,0.00,0.00
randomArrays.txt,InsertionSort,1,0.006300,0.00,0.00
randomArrays.txt,InsertionSort,2,0.006400,0.00,0.00
randomArrays.txt,InsertionSort,3,0.006200,0.00,0.00
randomArrays.txt,InsertionSort,1,0.144200,0.00,0.00
randomArrays.txt,InsertionSort,2,0.077500,0.00,0.00
randomArrays.txt,InsertionSort,3,0.081700,0.00,0.00
randomArrays.txt,InsertionSort,1,0.210400,0.00,0.00
randomArrays.txt,InsertionSort,2,0.162400,0.00,0.00
randomArrays.txt,InsertionSort,3,0.165100,0.00,0.00
randomArrays.txt,InsertionSort,1,0.289600,0.00,0.00
randomArrays.txt,InsertionSort,2,0.237400,0.00,0.00
randomArrays.txt,InsertionSort,3,0.244900,0.00,0.00
randomArrays.txt,InsertionSort,1,0.037300,0.00,0.00
randomArrays.txt,InsertionSort,2,0.032300,0.00,0.00
randomArrays.txt,InsertionSort,3,0.033700,0.00,0.00
randomArrays.txt,InsertionSort,1,0.198000,0.00,0.00
randomArrays.txt,InsertionSort,2,0.103800,0.00,0.00
randomArrays.txt,InsertionSort,3,0.103800,0.00,0.00
randomArrays.txt,InsertionSort,1,0.037400,0.00,0.00
randomArrays.txt,InsertionSort,2,0.034400,0.00,0.00
randomArrays.txt,InsertionSort,3,0.035500,0.00,0.00
randomArrays.txt,InsertionSort,1,0.212100,0.00,0.00
randomArrays.txt,InsertionSort,2,1.025300,0.00,0.00
randomArrays.txt,InsertionSort,3,0.563300,0.00,0.00
randomArrays.txt,InsertionSort,1,0.111900,0.00,0.00
randomArrays.txt,InsertionSort,2,0.118100,0.00,0.00
randomArrays.txt,InsertionSort,3,0.118000,0.00,0.00
randomArrays.txt,InsertionSort,1,0.180100,0.00,0.00
randomArrays.txt,InsertionSort,2,0.179900,0.00,0.00
randomArrays.txt,InsertionSort,3,0.186500,0.00,0.00
randomArrays.txt,InsertionSort,1,0.104100,0.00,0.00
randomArrays.txt,InsertionSort,2,0.038100,0.00,0.00
randomArrays.txt,InsertionSort,3,0.037800,0.00,0.00
randomArrays.txt,InsertionSort,1,0.159200,0.00,0.00
randomArrays.txt,InsertionSort,2,0.154300,0.00,0.00
randomArrays.txt,InsertionSort,3,0.152300,0.00,0.00
randomArrays.txt,InsertionSort,1,0.001100,0.00,0.00
randomArrays.txt,InsertionSort,2,0.001000,0.00,0.00
randomArrays.txt,InsertionSort,3,0.001100,0.00,0.00
randomArrays.txt,InsertionSort,1,0.016700,0.00,0.00
randomArrays.txt,InsertionSort,2,0.020500,0.00,0.00
randomArrays.txt,InsertionSort,3,0.017100,0.00,0.00
randomArrays.txt,InsertionSort,1,0.174400,0.00,0.00
randomArrays.txt,InsertionSort,2,0.167500,0.00,0.00
randomArrays.txt,InsertionSort,3,0.171800,0.00,0.00
randomArrays.txt,InsertionSort,1,0.057200,0.00,0.00
randomArrays.txt,InsertionSort,2,0.042800,0.00,0.00
randomArrays.txt,InsertionSort,3,0.049700,0.00,0.00
randomArrays.txt,InsertionSort,1,0.003100,0.00,0.00
randomArrays.txt,InsertionSort,2,0.003500,0.00,0.00
randomArrays.txt,InsertionSort,3,0.003600,0.00,0.00
randomArrays.txt,InsertionSort,1,0.106400,0.00,0.00
randomArrays.txt,InsertionSort,2,0.124300,0.00,0.00
randomArrays.txt,InsertionSort,3,0.096200,0.00,0.00
randomArrays.txt,InsertionSort,1,0.025600,0.00,0.00
randomArrays.txt,InsertionSort,2,0.033300,0.00,0.00
randomArrays.txt,InsertionSort,3,0.055500,0.00,0.00
randomArrays.txt,InsertionSort,1,0.138600,0.00,0.00
randomArrays.txt,InsertionSort,2,0.140100,0.00,0.00
randomArrays.txt,InsertionSort,3,0.148100,0.00,0.00
randomArrays.txt,InsertionSort,1,0.017600,0.00,0.00
randomArrays.txt,InsertionSort,2,0.012300,0.00,0.00
randomArrays.txt,InsertionSort,3,0.012600,0.00,0.00
randomArrays.txt,InsertionSort,1,0.191400,0.00,0.00
randomArrays.txt,InsertionSort,2,0.192200,2032.39,0.00
randomArrays.txt,InsertionSort,3,0.194000,0.00,0.00
randomArrays.txt,InsertionSort,1,0.007600,0.00,0.00
randomArrays.txt,InsertionSort,2,0.009600,0.00,0.00
randomArrays.txt,InsertionSort,3,0.010100,0.00,0.00
randomArrays.txt,InsertionSort,1,0.022100,0.00,0.00
randomArrays.txt,InsertionSort,2,0.025500,0.00,0.00
randomArrays.txt,InsertionSort,3,0.018600,0.00,0.00
randomArrays.txt,InsertionSort,1,0.010800,0.00,0.00
randomArrays.txt,InsertionSort,2,0.011600,0.00,0.00
randomArrays.txt,InsertionSort,3,0.012800,0.00,0.00
randomArrays.txt,InsertionSort,1,0.159500,0.00,0.00
randomArrays.txt,InsertionSort,2,0.166800,0.00,0.00
randomArrays.txt,InsertionSort,3,0.167000,0.00,0.00
randomArrays.txt,InsertionSort,1,0.018000,0.00,0.00
randomArrays.txt,InsertionSort,2,0.018800,0.00,0.00
randomArrays.txt,InsertionSort,3,0.018000,0.00,0.00
randomArrays.txt,InsertionSort,1,0.020000,0.00,0.00
randomArrays.txt,InsertionSort,2,0.018100,0.00,0.00
randomArrays.txt,InsertionSort,3,0.019200,0.00,0.00
randomArrays.txt,InsertionSort,1,0.004100,0.00,0.00
randomArrays.txt,InsertionSort,2,0.005800,0.00,0.00
randomArrays.txt,InsertionSort,3,0.006100,0.00,0.00
randomArrays.txt,InsertionSort,1,0.073500,0.00,0.00
randomArrays.txt,InsertionSort,2,0.099000,0.00,0.00
randomArrays.txt,InsertionSort,3,0.101400,0.00,0.00
randomArrays.txt,InsertionSort,1,0.001500,0.00,0.00
randomArrays.txt,InsertionSort,2,0.001700,0.00,0.00
randomArrays.txt,InsertionSort,3,0.001700,0.00,0.00
randomArrays.txt,InsertionSort,1,0.109400,0.00,0.00
randomArrays.txt,InsertionSort,2,0.127000,0.00,0.00
randomArrays.txt,InsertionSort,3,0.360500,0.00,0.00
randomArrays.txt,InsertionSort,1,0.051200,0.00,0.00
randomArrays.txt,InsertionSort,2,0.074800,0.00,0.00
randomArrays.txt,InsertionSort,3,0.049800,0.00,0.00
randomArrays.txt,InsertionSort,1,0.090800,0.00,0.00
randomArrays.txt,InsertionSort,2,0.083100,0.00,0.00
randomArrays.txt,InsertionSort,3,0.089400,0.00,0.00
randomArrays.txt,InsertionSort,1,0.188100,0.00,0.00
randomArrays.txt,InsertionSort,2,0.158000,0.00,0.00
randomArrays.txt,InsertionSort,3,0.163700,0.00,0.00
randomArrays.txt,InsertionSort,1,0.095000,0.00,0.00
randomArrays.txt,InsertionSort,2,0.126000,0.00,0.00
randomArrays.txt,InsertionSort,3,0.092100,0.00,0.00
randomArrays.txt,InsertionSort,1,0.170300,0.00,0.00
randomArrays.txt,InsertionSort,2,0.155800,0.00,0.00
randomArrays.txt,InsertionSort,3,0.143700,0.00,0.00
randomArrays.txt,InsertionSort,1,0.126500,0.00,0.00
randomArrays.txt,InsertionSort,2,0.123500,0.00,0.00
randomArrays.txt,InsertionSort,3,0.125700,0.00,0.00
randomArrays.txt,InsertionSort,1,0.015300,0.00,0.00
randomArrays.txt,InsertionSort,2,0.016900,0.00,0.00
randomArrays.txt,InsertionSort,3,0.015300,0.00,0.00
randomArrays.txt,InsertionSort,1,0.090100,0.00,0.00
randomArrays.txt,InsertionSort,2,0.076300,0.00,0.00
randomArrays.txt,InsertionSort,3,0.072100,0.00,0.00
randomArrays.txt,InsertionSort,1,0.007900,0.00,0.00
randomArrays.txt,InsertionSort,2,0.010400,0.00,0.00
randomArrays.txt,InsertionSort,3,0.013300,0.00,0.00
randomArrays.txt,InsertionSort,1,0.025100,0.00,0.00
randomArrays.txt,InsertionSort,2,0.017100,0.00,0.00
randomArrays.txt,InsertionSort,3,0.017200,0.00,0.00
randomArrays.txt,InsertionSort,1,0.010600,0.00,0.00
randomArrays.txt,InsertionSort,2,0.011600,0.00,0.00
randomArrays.txt,InsertionSort,3,0.013100,0.00,0.00
randomArrays.txt,InsertionSort,1,0.008600,0.00,0.00
randomArrays.txt,InsertionSort,2,0.005500,0.00,0.00
randomArrays.txt,InsertionSort,3,0.005400,0.00,0.00
randomArrays.txt,InsertionSort,1,0.037800,0.00,0.00
randomArrays.txt,InsertionSort,2,0.029900,0.00,0.00
randomArrays.txt,InsertionSort,3,0.024500,0.00,0.00
randomArrays.txt,InsertionSort,1,0.013900,0.00,0.00
randomArrays.txt,InsertionSort,2,0.005700,0.00,0.00
randomArrays.txt,InsertionSort,3,0.005300,0.00,0.00
randomArrays.txt,InsertionSort,1,0.000600,0.00,0.00
randomArrays.txt,InsertionSort,2,0.000600,0.00,0.00
randomArrays.txt,InsertionSort,3,0.000500,0.00,0.00
randomArrays.txt,InsertionSort,1,0.027500,0.00,0.00
randomArrays.txt,InsertionSort,2,0.027500,0.00,0.00
randomArrays.txt,InsertionSort,3,0.023800,0.00,0.00
randomArrays.txt,InsertionSort,1,0.080900,0.00,0.00
randomArrays.txt,InsertionSort,2,0.087300,0.00,0.00
randomArrays.txt,InsertionSort,3,0.083300,0.00,0.00
randomArrays.txt,InsertionSort,1,0.029400,0.00,0.00
randomArrays.txt,InsertionSort,2,0.028800,0.00,0.00
randomArrays.txt,InsertionSort,3,0.030100,0.00,0.00
randomArrays.txt,InsertionSort,1,0.033100,0.00,0.00
randomArrays.txt,InsertionSort,2,0.035000,0.00,0.00
randomArrays.txt,InsertionSort,3,0.024600,0.00,0.00
randomArrays.txt,InsertionSort,1,0.119000,0.00,0.00
randomArrays.txt,InsertionSort,2,0.116600,0.00,0.00
randomArrays.txt,InsertionSort,3,0.122000,0.00,0.00
randomArrays.txt,InsertionSort,1,0.057900,0.00,0.00
randomArrays.txt,InsertionSort,2,0.059500,0.00,0.00
randomArrays.txt,InsertionSort,3,0.058300,0.00,0.00
randomArrays.txt,InsertionSort,1,0.001800,0.00,0.00
randomArrays.txt,InsertionSort,2,0.001500,0.00,0.00
randomArrays.txt,InsertionSort,3,0.001900,0.00,0.00
randomArrays.txt,InsertionSort,1,0.062500,0.00,0.00
randomArrays.txt,InsertionSort,2,0.045700,0.00,0.00
randomArrays.txt,InsertionSort,3,0.046300,0.00,0.00
randomArrays.txt,InsertionSort,1,0.002200,0.00,0.00
randomArrays.txt,InsertionSort,2,0.002000,0.00,0.00
randomArrays.txt,InsertionSort,3,0.001900,0.00,0.00
randomArrays.txt,InsertionSort,1,0.090300,0.00,0.00
randomArrays.txt,InsertionSort,2,0.084600,0.00,0.00
randomArrays.txt,InsertionSort,3,0.090000,0.00,0.00
randomArrays.txt,InsertionSort,1,0.195700,0.00,0.00
randomArrays.txt,InsertionSort,2,0.195300,0.00,0.00
randomArrays.txt,InsertionSort,3,0.200800,0.00,0.00
randomArrays.txt,InsertionSort,1,0.002900,0.00,0.00
randomArrays.txt,InsertionSort,2,0.002800,0.00,0.00
randomArrays.txt,InsertionSort,3,0.002600,0.00,0.00
randomArrays.txt,InsertionSort,1,2.737400,0.00,0.00
randomArrays.txt,InsertionSort,2,0.154500,0.00,0.00
randomArrays.txt,InsertionSort,3,0.172900,0.00,0.00
randomArrays.txt,InsertionSort,1,0.042500,0.00,0.00
randomArrays.txt,InsertionSort,2,0.048000,0.00,0.00
randomArrays.txt,InsertionSort,3,0.054000,0.00,0.00
randomArrays.txt,InsertionSort,1,0.038200,0.00,0.00
randomArrays.txt,InsertionSort,2,0.037700,0.00,0.00
randomArrays.txt,InsertionSort,3,0.041500,0.00,0.00
randomArrays.txt,InsertionSort,1,0.248800,0.00,0.00
randomArrays.txt,InsertionSort,2,0.251700,0.00,0.00
randomArrays.txt,InsertionSort,3,0.242800,0.00,0.00
randomArrays.txt,InsertionSort,1,0.050600,0.00,0.00
randomArrays.txt,InsertionSort,2,0.046000,0.00,0.00
randomArrays.txt,InsertionSort,3,0.049200,0.00,0.00
randomArrays.txt,InsertionSort,1,0.235700,0.00,0.00
randomArrays.txt,InsertionSort,2,0.223400,0.00,0.00
randomArrays.txt,InsertionSort,3,0.230200,0.00,0.00
randomArrays.txt,InsertionSort,1,0.004400,0.00,0.00
randomArrays.txt,InsertionSort,2,0.004800,0.00,0.00
randomArrays.txt,InsertionSort,3,0.004700,0.00,0.00
randomArrays.txt,InsertionSort,1,0.050800,0.00,0.00
randomArrays.txt,InsertionSort,2,0.057200,0.00,0.00
randomArrays.txt,InsertionSort,3,0.051000,0.00,0.00
randomArrays.txt,InsertionSort,1,0.108600,0.00,0.00
randomArrays.txt,InsertionSort,2,0.114200,0.00,0.00
randomArrays.txt,InsertionSort,3,0.116600,0.00,0.00
randomArrays.txt,InsertionSort,1,0.187800,0.00,0.00
randomArrays.txt,InsertionSort,2,0.189000,0.00,0.00
randomArrays.txt,InsertionSort,3,0.197100,0.00,0.00
randomArrays.txt,InsertionSort,1,0.192300,0.00,0.00
randomArrays.txt,InsertionSort,2,0.328400,0.00,0.00
randomArrays.txt,InsertionSort,3,0.149100,0.00,0.00
randomArrays.txt,InsertionSort,1,0.117400,0.00,0.00
randomArrays.txt,InsertionSort,2,0.118200,0.00,0.00
randomArrays.txt,InsertionSort,3,0.117700,0.00,0.00
randomArrays.txt,InsertionSort,1,0.041500,0.00,0.00
randomArrays.txt,InsertionSort,2,0.042100,0.00,0.00
randomArrays.txt,InsertionSort,3,0.039000,0.00,0.00
randomArrays.txt,InsertionSort,1,0.209000,0.00,0.00
randomArrays.txt,InsertionSort,2,0.230000,0.00,0.00
randomArrays.txt,InsertionSort,3,0.212800,0.00,0.00
randomArrays.txt,InsertionSort,1,0.012100,0.00,0.00
randomArrays.txt,InsertionSort,2,0.012000,0.00,0.00
randomArrays.txt,InsertionSort,3,0.012900,0.00,0.00
randomArrays.txt,InsertionSort,1,0.232200,0.00,0.00
randomArrays.txt,InsertionSort,2,0.178000,0.00,0.00
randomArrays.txt,InsertionSort,3,0.181900,0.00,0.00
randomArrays.txt,InsertionSort,1,0.019900,0.00,0.00
randomArrays.txt,InsertionSort,2,0.021000,0.00,0.00
randomArrays.txt,InsertionSort,3,0.020600,0.00,0.00
randomArrays.txt,InsertionSort,1,0.033300,0.00,0.00
randomArrays.txt,InsertionSort,2,0.037900,0.00,0.00
randomArrays.txt,InsertionSort,3,0.039100,0.00,0.00
randomArrays.txt,InsertionSort,1,0.001900,0.00,0.00
randomArrays.txt,InsertionSort,2,0.001700,0.00,0.00
randomArrays.txt,InsertionSort,3,0.001700,0.00,0.00
randomArrays.txt,InsertionSort,1,0.205500,0.00,0.00
randomArrays.txt,InsertionSort,2,0.209400,0.00,0.00
randomArrays.txt,InsertionSort,3,0.209400,0.00,0.00
randomArrays.txt,InsertionSort,1,0.192900,0.00,0.00
randomArrays.txt,InsertionSort,2,0.210100,0.00,0.00
randomArrays.txt,InsertionSort,3,0.218400,0.00,0.00
randomArrays.txt,InsertionSort,1,1.351600,0.00,0.00
randomArrays.txt,InsertionSort,2,0.343700,0.00,0.00
randomArrays.txt,InsertionSort,3,0.183600,0.00,0.00
randomArrays.txt,InsertionSort,1,0.045100,0.00,0.00
randomArrays.txt,InsertionSort,2,0.052400,0.00,0.00
randomArrays.txt,InsertionSort,3,0.046500,0.00,0.00
randomArrays.txt,InsertionSort,1,0.135300,0.00,0.00
randomArrays.txt,InsertionSort,2,0.136000,0.00,0.00
randomArrays.txt,InsertionSort,3,0.125800,0.00,0.00
randomArrays.txt,InsertionSort,1,0.040300,0.00,0.00
randomArrays.txt,InsertionSort,2,0.040600,0.00,0.00
randomArrays.txt,InsertionSort,3,0.041300,0.00,0.00
randomArrays.txt,InsertionSort,1,0.179300,0.00,0.00
randomArrays.txt,InsertionSort,2,0.170000,0.00,0.00
randomArrays.txt,InsertionSort,3,0.177100,0.00,0.00
randomArrays.txt,InsertionSort,1,0.166900,0.00,0.00
randomArrays.txt,InsertionSort,2,0.087500,0.00,0.00
randomArrays.txt,InsertionSort,3,0.074100,0.00,0.00
randomArrays.txt,InsertionSort,1,0.087500,0.00,0.00
randomArrays.txt,InsertionSort,2,0.092500,0.00,0.00
randomArrays.txt,InsertionSort,3,0.091700,0.00,0.00
randomArrays.txt,InsertionSort,1,0.165600,0.00,0.00
randomArrays.txt,InsertionSort,2,0.093000,0.00,0.00
randomArrays.txt,InsertionSort,3,0.094000,0.00,0.00
randomArrays.txt,InsertionSort,1,0.008700,0.00,0.00
randomArrays.txt,InsertionSort,2,0.008000,0.00,0.00
randomArrays.txt,InsertionSort,3,0.007900,0.00,0.00
randomArrays.txt,InsertionSort,1,0.105100,0.00,0.00
randomArrays.txt,InsertionSort,2,0.093900,0.00,0.00
randomArrays.txt,InsertionSort,3,0.092900,0.00,0.00
randomArrays.txt,InsertionSort,1,0.018700,0.00,0.00
randomArrays.txt,InsertionSort,2,0.018000,0.00,0.00
randomArrays.txt,InsertionSort,3,0.018000,0.00,0.00
randomArrays.txt,InsertionSort,1,0.123800,0.00,0.00
randomArrays.txt,InsertionSort,2,0.588200,0.00,0.00
randomArrays.txt,InsertionSort,3,0.123700,0.00,0.00
randomArrays.txt,InsertionSort,1,0.146900,0.00,0.00
randomArrays.txt,InsertionSort,2,0.144900,0.00,0.00
randomArrays.txt,InsertionSort,3,0.147500,0.00,0.00
randomArrays.txt,InsertionSort,1,0.189200,0.00,0.00
randomArrays.txt,InsertionSort,2,0.238800,0.00,0.00
randomArrays.txt,InsertionSort,3,0.206600,0.00,0.00
randomArrays.txt,InsertionSort,1,0.027000,0.00,0.00
randomArrays.txt,InsertionSort,2,0.023700,0.00,0.00
randomArrays.txt,InsertionSort,3,0.023600,0.00,0.00
randomArrays.txt,InsertionSort,1,0.001700,0.00,0.00
randomArrays.txt,InsertionSort,2,0.001600,0.00,0.00
randomArrays.txt,InsertionSort,3,0.001700,0.00,0.00
randomArrays.txt,InsertionSort,1,0.200000,0.00,0.00
randomArrays.txt,InsertionSort,2,0.260500,0.00,0.00
randomArrays.txt,InsertionSort,3,0.207300,0.00,0.00
randomArrays.txt,InsertionSort,1,0.001700,0.00,0.00
randomArrays.txt,InsertionSort,2,0.001800,0.00,0.00
randomArrays.txt,InsertionSort,3,0.001700,0.00,0.00
randomArrays.txt,InsertionSort,1,0.035600,0.00,0.00
randomArrays.txt,InsertionSort,2,0.023200,0.00,0.00
randomArrays.txt,InsertionSort,3,0.023300,0.00,0.00
randomArrays.txt,InsertionSort,1,0.077100,0.00,0.00
randomArrays.txt,InsertionSort,2,0.067800,0.00,0.00
randomArrays.txt,InsertionSort,3,0.062500,0.00,0.00
randomArrays.txt,InsertionSort,1,0.074200,0.00,0.00
randomArrays.txt,InsertionSort,2,0.075700,0.00,0.00
randomArrays.txt,InsertionSort,3,0.079200,0.00,0.00
randomArrays.txt,InsertionSort,1,0.185300,0.00,0.00
randomArrays.txt,InsertionSort,2,0.187300,0.00,0.00
randomArrays.txt,InsertionSort,3,0.185300,0.00,0.00
randomArrays.txt,InsertionSort,1,0.013100,0.00,0.00
randomArrays.txt,InsertionSort,2,0.010900,0.00,0.00
randomArrays.txt,InsertionSort,3,0.010400,0.00,0.00
randomArrays.txt,InsertionSort,1,0.038000,0.00,0.00
randomArrays.txt,InsertionSort,2,0.038300,0.00,0.00
randomArrays.txt,InsertionSort,3,0.035200,0.00,0.00
randomArrays.txt,InsertionSort,1,0.171500,0.00,0.00
randomArrays.txt,InsertionSort,2,0.095200,0.00,0.00
randomArrays.txt,InsertionSort,3,0.096300,0.00,0.00
randomArrays.txt,InsertionSort,1,0.189800,0.00,0.00
randomArrays.txt,InsertionSort,2,0.178600,0.00,0.00
randomArrays.txt,InsertionSort,3,0.180300,0.00,0.00
randomArrays.txt,InsertionSort,1,0.058900,0.00,0.00
randomArrays.txt,InsertionSort,2,0.062100,0.00,0.00
randomArrays.txt,InsertionSort,3,0.065900,0.00,0.00
randomArrays.txt,InsertionSort,1,0.118500,0.00,0.00
randomArrays.txt,InsertionSort,2,0.084800,0.00,0.00
randomArrays.txt,InsertionSort,3,0.096500,0.00,0.00
randomArrays.txt,InsertionSort,1,0.265900,0.00,0.00
randomArrays.txt,InsertionSort,2,1.159600,0.00,0.00
randomArrays.txt,InsertionSort,3,0.194800,0.00,0.00
randomArrays.txt,InsertionSort,1,0.001600,0.00,0.00
randomArrays.txt,InsertionSort,2,0.001500,0.00,0.00
randomArrays.txt,InsertionSort,3,0.001900,0.00,0.00
randomArrays.txt,InsertionSort,1,0.104100,0.00,0.00
randomArrays.txt,InsertionSort,2,0.118300,0.00,0.00
randomArrays.txt,InsertionSort,3,0.093400,0.00,0.00
randomArrays.txt,InsertionSort,1,0.001900,0.00,0.00
randomArrays.txt,InsertionSort,2,0.001800,0.00,0.00
randomArrays.txt,InsertionSort,3,0.001800,0.00,0.00
randomArrays.txt,InsertionSort,1,0.029300,0.00,0.00
randomArrays.txt,InsertionSort,2,0.029700,0.00,0.00
randomArrays.txt,InsertionSort,3,0.029800,0.00,0.00
randomArrays.txt,InsertionSort,1,0.008800,0.00,0.00
randomArrays.txt,InsertionSort,2,0.008100,0.00,0.00
randomArrays.txt,InsertionSort,3,0.008000,0.00,0.00
randomArrays.txt,InsertionSort,1,0.002600,0.00,0.00
randomArrays.txt,InsertionSort,2,0.003000,0.00,0.00
randomArrays.txt,InsertionSort,3,0.002600,0.00,0.00
randomArrays.txt,InsertionSort,1,0.004100,0.00,0.00
randomArrays.txt,InsertionSort,2,0.004600,0.00,0.00
randomArrays.txt,InsertionSort,3,0.004100,0.00,0.00
randomArrays.txt,InsertionSort,1,0.052800,0.00,0.00
randomArrays.txt,InsertionSort,2,0.053200,0.00,0.00
randomArrays.txt,InsertionSort,3,0.054700,0.00,0.00
randomArrays.txt,InsertionSort,1,0.133600,0.00,0.00
randomArrays.txt,InsertionSort,2,0.129400,0.00,0.00
randomArrays.txt,InsertionSort,3,0.134000,0.00,0.00
randomArrays.txt,InsertionSort,1,0.028400,0.00,0.00
randomArrays.txt,InsertionSort,2,0.030200,0.00,0.00
randomArrays.txt,InsertionSort,3,0.029000,0.00,0.00
randomArrays.txt,InsertionSort,1,0.099100,0.00,0.00
randomArrays.txt,InsertionSort,2,0.088000,0.00,0.00
randomArrays.txt,InsertionSort,3,0.094000,0.00,0.00
randomArrays.txt,InsertionSort,1,0.004000,0.00,0.00
randomArrays.txt,InsertionSort,2,0.003600,0.00,0.00
randomArrays.txt,InsertionSort,3,0.003700,0.00,0.00
randomArrays.txt,InsertionSort,1,0.218000,0.00,0.00
randomArrays.txt,InsertionSort,2,0.155700,0.00,0.00
randomArrays.txt,InsertionSort,3,0.233000,0.00,0.00
randomArrays.txt,InsertionSort,1,0.125700,0.00,0.00
randomArrays.txt,InsertionSort,2,0.136500,0.00,0.00
randomArrays.txt,InsertionSort,3,0.132700,0.00,0.00
randomArrays.txt,InsertionSort,1,0.142600,0.00,0.00
randomArrays.txt,InsertionSort,2,0.177900,0.00,0.00
randomArrays.txt,InsertionSort,3,0.125200,0.00,0.00
randomArrays.txt,InsertionSort,1,0.003800,0.00,0.00
randomArrays.txt,InsertionSort,2,0.003800,0.00,0.00
randomArrays.txt,InsertionSort,3,0.004200,0.00,0.00
randomArrays.txt,InsertionSort,1,0.193700,0.00,0.00
randomArrays.txt,InsertionSort,2,0.174200,0.00,0.00
randomArrays.txt,InsertionSort,3,0.166300,0.00,0.00
randomArrays.txt,InsertionSort,1,0.090500,0.00,0.00
randomArrays.txt,InsertionSort,2,0.115500,0.00,0.00
randomArrays.txt,InsertionSort,3,0.082500,0.00,0.00
randomArrays.txt,InsertionSort,1,0.156700,0.00,0.00
randomArrays.txt,InsertionSort,2,0.140000,0.00,0.00
randomArrays.txt,InsertionSort,3,0.134900,0.00,0.00
randomArrays.txt,InsertionSort,1,0.127500,0.00,0.00
randomArrays.txt,InsertionSort,2,0.127000,0.00,0.00
randomArrays.txt,InsertionSort,3,0.124100,0.00,0.00
randomArrays.txt,InsertionSort,1,0.002300,0.00,0.00
randomArrays.txt,InsertionSort,2,0.002700,0.00,0.00
randomArrays.txt,InsertionSort,3,0.002500,0.00,0.00
randomArrays.txt,InsertionSort,1,0.020800,0.00,0.00
randomArrays.txt,InsertionSort,2,0.021900,0.00,0.00
randomArrays.txt,InsertionSort,3,0.017800,0.00,0.00
randomArrays.txt,InsertionSort,1,0.169500,0.00,0.00
randomArrays.txt,InsertionSort,2,0.166400,0.00,0.00
randomArrays.txt,InsertionSort,3,0.146400,0.00,0.00
randomArrays.txt,InsertionSort,1,0.007000,0.00,0.00
randomArrays.txt,InsertionSort,2,0.006800,0.00,0.00
randomArrays.txt,InsertionSort,3,0.007000,0.00,0.00
randomArrays.txt,InsertionSort,1,0.010000,0.00,0.00
randomArrays.txt,InsertionSort,2,0.010200,0.00,0.00
randomArrays.txt,InsertionSort,3,0.010100,0.00,0.00
randomArrays.txt,InsertionSort,1,0.098800,0.00,0.00
randomArrays.txt,InsertionSort,2,0.043700,0.00,0.00
randomArrays.txt,InsertionSort,3,0.050000,0.00,0.00
randomArrays.txt,InsertionSort,1,0.146000,0.00,0.00
randomArrays.txt,InsertionSort,2,0.531300,735.22,0.00
randomArrays.txt,InsertionSort,3,0.146100,0.00,0.00
randomArrays.txt,InsertionSort,1,0.041000,0.00,0.00
randomArrays.txt,InsertionSort,2,0.039500,0.00,0.00
randomArrays.txt,InsertionSort,3,0.039500,0.00,0.00
randomArrays.txt,InsertionSort,1,0.023700,0.00,0.00
randomArrays.txt,InsertionSort,2,0.025400,0.00,0.00
randomArrays.txt,InsertionSort,3,0.024000,0.00,0.00
randomArrays.txt,InsertionSort,1,0.006200,0.00,0.00
randomArrays.txt,InsertionSort,2,0.003700,0.00,0.00
randomArrays.txt,InsertionSort,3,0.003500,0.00,0.00
randomArrays.txt,InsertionSort,1,0.039700,0.00,0.00
randomArrays.txt,InsertionSort,2,0.040800,0.00,0.00
randomArrays.txt,InsertionSort,3,0.040800,0.00,0.00
randomArrays.txt,InsertionSort,1,0.014300,0.00,0.00
randomArrays.txt,InsertionSort,2,0.012200,0.00,0.00
randomArrays.txt,InsertionSort,3,0.013600,0.00,0.00
randomArrays.txt,InsertionSort,1,0.057300,0.00,0.00
randomArrays.txt,InsertionSort,2,0.145900,0.00,0.00
randomArrays.txt,InsertionSort,3,0.047100,0.00,0.00
randomArrays.txt,InsertionSort,1,0.113200,0.00,0.00
randomArrays.txt,InsertionSort,2,0.102300,0.00,0.00
randomArrays.txt,InsertionSort,3,0.108300,0.00,0.00
randomArrays.txt,InsertionSort,1,0.175100,0.00,0.00
randomArrays.txt,InsertionSort,2,0.149600,0.00,0.00
randomArrays.txt,InsertionSort,3,0.161300,0.00,0.00
randomArrays.txt,InsertionSort,1,0.014100,0.00,0.00
randomArrays.txt,InsertionSort,2,0.013800,0.00,0.00
randomArrays.txt,InsertionSort,3,0.013800,0.00,0.00
randomArrays.txt,InsertionSort,1,1.431900,0.00,0.00
randomArrays.txt,InsertionSort,2,0.134600,0.00,0.00
randomArrays.txt,InsertionSort,3,0.199100,0.00,0.00
randomArrays.txt,InsertionSort,1,0.006400,0.00,0.00
randomArrays.txt,InsertionSort,2,0.006400,0.00,0.00
randomArrays.txt,InsertionSort,3,0.006500,0.00,0.00
randomArrays.txt,InsertionSort,1,0.013900,0.00,0.00
randomArrays.txt,InsertionSort,2,0.013600,0.00,0.00
randomArrays.txt,InsertionSort,3,0.013100,0.00,0.00
randomArrays.txt,InsertionSort,1,0.156700,0.00,0.00
randomArrays.txt,InsertionSort,2,0.158300,0.00,0.00
randomArrays.txt,InsertionSort,3,0.170200,0.00,0.00
randomArrays.txt,InsertionSort,1,0.051900,0.00,0.00
randomArrays.txt,InsertionSort,2,0.057000,0.00,0.00
randomArrays.txt,InsertionSort,3,0.055800,0.00,0.00
randomArrays.txt,InsertionSort,1,0.041100,0.00,0.00
randomArrays.txt,InsertionSort,2,0.061900,0.00,0.00
randomArrays.txt,InsertionSort,3,0.041900,0.00,0.00
randomArrays.txt,InsertionSort,1,0.250300,0.00,0.00
randomArrays.txt,InsertionSort,2,0.262200,0.00,0.00
randomArrays.txt,InsertionSort,3,0.255700,0.00,0.00
randomArrays.txt,InsertionSort,1,1.349300,0.00,0.00
randomArrays.txt,InsertionSort,2,0.130900,0.00,0.00
randomArrays.txt,InsertionSort,3,0.129600,0.00,0.00
randomArrays.txt,InsertionSort,1,0.069500,0.00,0.00
randomArrays.txt,InsertionSort,2,0.075800,0.00,0.00
randomArrays.txt,InsertionSort,3,0.085700,0.00,0.00
randomArrays.txt,InsertionSort,1,0.007000,0.00,0.00
randomArrays.txt,InsertionSort,2,0.006700,0.00,0.00
randomArrays.txt,InsertionSort,3,0.010200,0.00,0.00
randomArrays.txt,InsertionSort,1,0.006800,0.00,0.00
randomArrays.txt,InsertionSort,2,0.006400,0.00,0.00
randomArrays.txt,InsertionSort,3,0.006800,0.00,0.00
randomArrays.txt,InsertionSort,1,0.554700,0.00,0.00
randomArrays.txt,InsertionSort,2,0.179700,0.00,0.00
randomArrays.txt,InsertionSort,3,0.227400,0.00,0.00
randomArrays.txt,InsertionSort,1,0.117900,0.00,0.00
randomArrays.txt,InsertionSort,2,0.790600,0.00,0.00
randomArrays.txt,InsertionSort,3,0.096900,0.00,0.00
randomArrays.txt,InsertionSort,1,0.175100,0.00,0.00
randomArrays.txt,InsertionSort,2,0.185200,0.00,0.00
randomArrays.txt,InsertionSort,3,0.193300,0.00,0.00
randomArrays.txt,InsertionSort,1,0.058600,0.00,0.00
randomArrays.txt,InsertionSort,2,0.058600,0.00,0.00
randomArrays.txt,InsertionSort,3,0.055700,0.00,0.00
randomArrays.txt,InsertionSort,1,0.193500,0.00,0.00
randomArrays.txt,InsertionSort,2,0.184300,0.00,0.00
randomArrays.txt,InsertionSort,3,0.180100,0.00,0.00
randomArrays.txt,InsertionSort,1,0.186100,0.00,0.00
randomArrays.txt,InsertionSort,2,0.210300,0.00,0.00
randomArrays.txt,InsertionSort,3,0.216100,0.00,0.00
randomArrays.txt,InsertionSort,1,0.020100,0.00,0.00
randomArrays.txt,InsertionSort,2,0.018400,0.00,0.00
randomArrays.txt,InsertionSort,3,0.018900,0.00,0.00
randomArrays.txt,InsertionSort,1,0.150200,0.00,0.00
randomArrays.txt,InsertionSort,2,0.177700,0.00,0.00
randomArrays.txt,InsertionSort,3,0.145700,0.00,0.00
randomArrays.txt,InsertionSort,1,0.029500,0.00,0.00
randomArrays.txt,InsertionSort,2,0.033300,0.00,0.00
randomArrays.txt,InsertionSort,3,0.061400,0.00,0.00
randomArrays.txt,InsertionSort,1,0.020900,0.00,0.00
randomArrays.txt,InsertionSort,2,0.023000,0.00,0.00
randomArrays.txt,InsertionSort,3,0.024200,0.00,0.00
randomArrays.txt,InsertionSort,1,0.044700,0.00,0.00
randomArrays.txt,InsertionSort,2,0.043500,0.00,0.00
randomArrays.txt,InsertionSort,3,0.039900,0.00,0.00
randomArrays.txt,InsertionSort,1,0.050400,0.00,0.00
randomArrays.txt,InsertionSort,2,0.052300,0.00,0.00
randomArrays.txt,InsertionSort,3,0.056000,0.00,0.00
randomArrays.txt,InsertionSort,1,0.013400,0.00,0.00
randomArrays.txt,InsertionSort,2,0.011900,0.00,0.00
randomArrays.txt,InsertionSort,3,0.013000,0.00,0.00
randomArrays.txt,InsertionSort,1,0.035500,0.00,0.00
randomArrays.txt,InsertionSort,2,0.036400,0.00,0.00
randomArrays.txt,InsertionSort,3,0.032300,0.00,0.00
randomArrays.txt,InsertionSort,1,0.012100,0.00,0.00
randomArrays.txt,InsertionSort,2,0.012400,0.00,0.00
randomArrays.txt,InsertionSort,3,0.012100,0.00,0.00
randomArrays.txt,InsertionSort,1,0.035900,0.00,0.00
randomArrays.txt,InsertionSort,2,0.036000,0.00,0.00
randomArrays.txt,InsertionSort,3,0.038100,0.00,0.00
randomArrays.txt,InsertionSort,1,0.260400,0.00,0.00
randomArrays.txt,InsertionSort,2,0.215300,0.00,0.00
randomArrays.txt,InsertionSort,3,0.214900,0.00,0.00
randomArrays.txt,InsertionSort,1,0.039600,0.00,0.00
randomArrays.txt,InsertionSort,2,0.040900,0.00,0.00
randomArrays.txt,InsertionSort,3,0.038800,0.00,0.00
randomArrays.txt,InsertionSort,1,0.199600,0.00,0.00
randomArrays.txt,InsertionSort,2,0.183100,0.00,0.00
randomArrays.txt,InsertionSort,3,0.180000,0.00,0.00
randomArrays.txt,InsertionSort,1,0.134900,0.00,0.00
randomArrays.txt,InsertionSort,2,0.131900,0.00,0.00
randomArrays.txt,InsertionSort,3,0.133300,0.00,0.00
randomArrays.txt,InsertionSort,1,0.002900,0.00,0.00
randomArrays.txt,InsertionSort,2,0.003000,0.00,0.00
randomArrays.txt,InsertionSort,3,0.002700,0.00,0.00
randomArrays.txt,InsertionSort,1,0.036200,0.00,0.00
randomArrays.txt,InsertionSort,2,0.039100,0.00,0.00
randomArrays.txt,InsertionSort,3,0.040200,0.00,0.00
randomArrays.txt,InsertionSort,1,0.794400,0.00,0.00
randomArrays.txt,InsertionSort,2,0.242900,0.00,0.00
randomArrays.txt,InsertionSort,3,0.242900,0.00,0.00
randomArrays.txt,InsertionSort,1,0.152000,0.00,0.00
randomArrays.txt,InsertionSort,2,0.147800,0.00,0.00
randomArrays.txt,InsertionSort,3,0.145000,0.00,0.00
randomArrays.txt,InsertionSort,1,0.079900,0.00,0.00
randomArrays.txt,InsertionSort,2,0.086900,0.00,0.00
randomArrays.txt,InsertionSort,3,0.084700,0.00,0.00
randomArrays.txt,InsertionSort,1,0.019700,0.00,0.00
randomArrays.txt,InsertionSort,2,0.020600,0.00,0.00
randomArrays.txt,InsertionSort,3,0.020400,0.00,0.00
randomArrays.txt,InsertionSort,1,0.043300,0.00,0.00
randomArrays.txt,InsertionSort,2,0.035400,0.00,0.00
randomArrays.txt,InsertionSort,3,0.039600,0.00,0.00
randomArrays.txt,InsertionSort,1,0.302000,0.00,0.00
randomArrays.txt,InsertionSort,2,0.180400,0.00,0.00
randomArrays.txt,InsertionSort,3,0.191900,0.00,0.00
randomArrays.txt,InsertionSort,1,0.068700,0.00,0.00
randomArrays.txt,InsertionSort,2,0.057200,0.00,0.00
randomArrays.txt,InsertionSort,3,0.038400,0.00,0.00
randomArrays.txt,InsertionSort,1,0.121800,0.00,0.00
randomArrays.txt,InsertionSort,2,0.103300,0.00,0.00
randomArrays.txt,InsertionSort,3,0.102500,0.00,0.00
randomArrays.txt,InsertionSort,1,0.190400,0.00,0.00
randomArrays.txt,InsertionSort,2,0.177000,0.00,0.00
randomArrays.txt,InsertionSort,3,0.192300,0.00,0.00
randomArrays.txt,InsertionSort,1,0.157200,0.00,0.00
randomArrays.txt,InsertionSort,2,0.164500,0.00,0.00
randomArrays.txt,InsertionSort,3,0.160900,0.00,0.00
randomArrays.txt,InsertionSort,1,0.160600,0.00,0.00
randomArrays.txt,InsertionSort,2,0.158800,0.00,0.00
randomArrays.txt,InsertionSort,3,0.167600,0.00,0.00
randomArrays.txt,InsertionSort,1,0.001500,0.00,0.00
randomArrays.txt,InsertionSort,2,0.001600,0.00,0.00
randomArrays.txt,InsertionSort,3,0.001800,0.00,0.00
randomArrays.txt,InsertionSort,1,0.031100,0.00,0.00
randomArrays.txt,InsertionSort,2,0.052700,0.00,0.00
randomArrays.txt,InsertionSort,3,0.029100,0.00,0.00
randomArrays.txt,InsertionSort,1,0.056900,0.00,0.00
randomArrays.txt,InsertionSort,2,0.057700,0.00,0.00
randomArrays.txt,InsertionSort,3,0.057200,0.00,0.00
randomArrays.txt,InsertionSort,1,0.110500,0.00,0.00
randomArrays.txt,InsertionSort,2,6.996500,0.00,0.00
randomArrays.txt,InsertionSort,3,0.110500,0.00,0.00
randomArrays.txt,InsertionSort,1,0.105500,0.00,0.00
randomArrays.txt,InsertionSort,2,0.099100,0.00,0.00
randomArrays.txt,InsertionSort,3,0.074700,0.00,0.00
randomArrays.txt,InsertionSort,1,0.012100,0.00,0.00
randomArrays.txt,InsertionSort,2,0.013100,0.00,0.00
randomArrays.txt,InsertionSort,3,0.013000,0.00,0.00
randomArrays.txt,InsertionSort,1,0.006900,0.00,0.00
randomArrays.txt,InsertionSort,2,0.005800,0.00,0.00
randomArrays.txt,InsertionSort,3,0.005400,0.00,0.00
randomArrays.txt,InsertionSort,1,0.013200,0.00,0.00
randomArrays.txt,InsertionSort,2,0.013300,0.00,0.00
randomArrays.txt,InsertionSort,3,0.013600,0.00,0.00
randomArrays.txt,InsertionSort,1,0.143900,0.00,0.00
randomArrays.txt,InsertionSort,2,0.597200,0.00,0.00
randomArrays.txt,InsertionSort,3,0.364500,0.00,0.00
randomArrays.txt,InsertionSort,1,0.008300,0.00,0.00
randomArrays.txt,InsertionSort,2,0.009500,0.00,0.00
randomArrays.txt,InsertionSort,3,0.008100,0.00,0.00
randomArrays.txt,InsertionSort,1,0.001700,0.00,0.00
randomArrays.txt,InsertionSort,2,0.001800,0.00,0.00
randomArrays.txt,InsertionSort,3,0.002400,0.00,0.00
randomArrays.txt,InsertionSort,1,0.100500,0.00,0.00
randomArrays.txt,InsertionSort,2,0.077700,0.00,0.00
randomArrays.txt,InsertionSort,3,0.089700,0.00,0.00
randomArrays.txt,InsertionSort,1,0.049700,0.00,0.00
randomArrays.txt,InsertionSort,2,0.044500,0.00,0.00
randomArrays.txt,InsertionSort,3,0.047200,0.00,0.00
randomArrays.txt,InsertionSort,1,0.134800,0.00,0.00
randomArrays.txt,InsertionSort,2,0.121600,0.00,0.00
randomArrays.txt,InsertionSort,3,0.384100,0.00,0.00
randomArrays.txt,InsertionSort,1,0.004800,0.00,0.00
randomArrays.txt,InsertionSort,2,0.004500,0.00,0.00
randomArrays.txt,InsertionSort,3,0.004100,0.00,0.00
randomArrays.txt,InsertionSort,1,0.243200,0.00,0.00
randomArrays.txt,InsertionSort,2,0.204200,0.00,0.00
randomArrays.txt,InsertionSort,3,6.438300,0.00,0.00
randomArrays.txt,InsertionSort,1,0.152300,0.00,0.00
randomArrays.txt,InsertionSort,2,0.085000,0.00,0.00
randomArrays.txt,InsertionSort,3,0.085700,0.00,0.00
randomArrays.txt,InsertionSort,1,0.001600,0.00,0.00
randomArrays.txt,InsertionSort,2,0.001500,0.00,0.00
randomArrays.txt,InsertionSort,3,0.001400,0.00,0.00
randomArrays.txt,InsertionSort,1,0.004200,0.00,0.00
randomArrays.txt,InsertionSort,2,0.003900,0.00,0.00
randomArrays.txt,InsertionSort,3,0.003900,0.00,0.00
randomArrays.txt,InsertionSort,1,0.029600,0.00,0.00
randomArrays.txt,InsertionSort,2,0.029800,0.00,0.00
randomArrays.txt,InsertionSort,3,0.029500,0.00,0.00
randomArrays.txt,InsertionSort,1,0.011200,0.00,0.00
randomArrays.txt,InsertionSort,2,0.009300,0.00,0.00
randomArrays.txt,InsertionSort,3,0.010400,0.00,0.00
randomArrays.txt,InsertionSort,1,0.195900,0.00,0.00
randomArrays.txt,InsertionSort,2,0.137400,0.00,0.00
randomArrays.txt,InsertionSort,3,0.136800,0.00,0.00
randomArrays.txt,InsertionSort,1,0.068000,0.00,0.00
randomArrays.txt,InsertionSort,2,0.073800,0.00,0.00
randomArrays.txt,InsertionSort,3,2.943800,0.00,0.00
randomArrays.txt,InsertionSort,1,0.022700,0.00,0.00
randomArrays.txt,InsertionSort,2,0.024400,0.00,0.00
randomArrays.txt,InsertionSort,3,0.023400,0.00,0.00
randomArrays.txt,InsertionSort,1,0.228400,0.00,0.00
randomArrays.txt,InsertionSort,2,0.373100,0.00,0.00
randomArrays.txt,InsertionSort,3,0.212500,0.00,0.00
randomArrays.txt,InsertionSort,1,0.031900,0.00,0.00
randomArrays.txt,InsertionSort,2,0.035300,0.00,0.00
randomArrays.txt,InsertionSort,3,0.037600,0.00,0.00
randomArrays.txt,InsertionSort,1,0.190600,0.00,0.00
randomArrays.txt,InsertionSort,2,0.183900,0.00,0.00
randomArrays.txt,InsertionSort,3,0.180900,0.00,0.00
randomArrays.txt,InsertionSort,1,0.157000,0.00,0.00
randomArrays.txt,InsertionSort,2,0.171300,0.00,0.00
randomArrays.txt,InsertionSort,3,0.203200,0.00,0.00
randomArrays.txt,InsertionSort,1,0.146500,0.00,0.00
randomArrays.txt,InsertionSort,2,0.162200,0.00,0.00
randomArrays.txt,InsertionSort,3,0.146100,0.00,0.00
randomArrays.txt,InsertionSort,1,0.102700,0.00,0.00
randomArrays.txt,InsertionSort,2,0.083700,0.00,0.00
randomArrays.txt,InsertionSort,3,0.091200,0.00,0.00
randomArrays.txt,InsertionSort,1,0.094200,0.00,0.00
randomArrays.txt,InsertionSort,2,0.087400,0.00,0.00
randomArrays.txt,InsertionSort,3,0.097800,0.00,0.00
randomArrays.txt,InsertionSort,1,0.223400,0.00,0.00
randomArrays.txt,InsertionSort,2,0.206500,0.00,0.00
randomArrays.txt,InsertionSort,3,0.195700,0.00,0.00
randomArrays.txt,InsertionSort,1,0.100400,0.00,0.00
randomArrays.txt,InsertionSort,2,0.098500,0.00,0.00
randomArrays.txt,InsertionSort,3,0.092800,0.00,0.00
randomArrays.txt,InsertionSort,1,0.137700,0.00,0.00
randomArrays.txt,InsertionSort,2,0.159000,0.00,0.00
randomArrays.txt,InsertionSort,3,0.132600,0.00,0.00
randomArrays.txt,InsertionSort,1,0.002100,0.00,0.00
randomArrays.txt,InsertionSort,2,0.001800,0.00,0.00
randomArrays.txt,InsertionSort,3,0.002000,0.00,0.00
randomArrays.txt,InsertionSort,1,0.075700,0.00,0.00
randomArrays.txt,InsertionSort,2,0.235000,0.00,0.00
randomArrays.txt,InsertionSort,3,0.073600,0.00,0.00
randomArrays.txt,InsertionSort,1,0.006300,0.00,0.00
randomArrays.txt,InsertionSort,2,0.020400,0.00,0.00
randomArrays.txt,InsertionSort,3,0.006300,0.00,0.00
randomArrays.txt,InsertionSort,1,0.148800,0.00,0.00
randomArrays.txt,InsertionSort,2,0.146600,0.00,0.00
randomArrays.txt,InsertionSort,3,0.153800,0.00,0.00
randomArrays.txt,InsertionSort,1,0.115900,0.00,0.00
randomArrays.txt,InsertionSort,2,0.100000,0.00,0.00
randomArrays.txt,InsertionSort,3,0.109300,0.00,0.00
randomArrays.txt,InsertionSort,1,0.020100,0.00,0.00
randomArrays.txt,InsertionSort,2,0.020200,0.00,0.00
randomArrays.txt,InsertionSort,3,0.016700,0.00,0.00
randomArrays.txt,InsertionSort,1,0.054600,0.00,0.00
randomArrays.txt,InsertionSort,2,0.056000,0.00,0.00
randomArrays.txt,InsertionSort,3,0.054400,0.00,0.00
randomArrays.txt,InsertionSort,1,0.029200,0.00,0.00
randomArrays.txt,InsertionSort,2,0.024500,0.00,0.00
randomArrays.txt,InsertionSort,3,0.043200,0.00,0.00
randomArrays.txt,InsertionSort,1,0.156100,0.00,0.00
randomArrays.txt,InsertionSort,2,0.132000,0.00,0.00
randomArrays.txt,InsertionSort,3,0.172200,0.00,0.00
randomArrays.txt,InsertionSort,1,0.056300,0.00,0.00
randomArrays.txt,InsertionSort,2,0.046300,0.00,0.00
randomArrays.txt,InsertionSort,3,0.038800,0.00,0.00
randomArrays.txt,InsertionSort,1,0.043400,0.00,0.00
randomArrays.txt,InsertionSort,2,0.036200,0.00,0.00
randomArrays.txt,InsertionSort,3,0.041600,0.00,0.00
randomArrays.txt,InsertionSort,1,0.085700,0.00,0.00
randomArrays.txt,InsertionSort,2,0.069000,0.00,0.00
randomArrays.txt,InsertionSort,3,0.079800,0.00,0.00
randomArrays.txt,InsertionSort,1,0.201300,0.00,0.00
randomArrays.txt,InsertionSort,2,0.206800,0.00,0.00
randomArrays.txt,InsertionSort,3,0.393100,0.00,0.00
randomArrays.txt,InsertionSort,1,0.007100,0.00,0.00
randomArrays.txt,InsertionSort,2,0.007000,0.00,0.00
randomArrays.txt,InsertionSort,3,0.008200,0.00,0.00
randomArrays.txt,InsertionSort,1,0.012200,0.00,0.00
randomArrays.txt,InsertionSort,2,0.013200,0.00,0.00
randomArrays.txt,InsertionSort,3,0.012200,0.00,0.00
randomArrays.txt,InsertionSort,1,0.009500,0.00,0.00
randomArrays.txt,InsertionSort,2,0.010700,0.00,0.00
randomArrays.txt,InsertionSort,3,0.011000,0.00,0.00
randomArrays.txt,InsertionSort,1,0.137500,0.00,0.00
randomArrays.txt,InsertionSort,2,0.136200,0.00,0.00
randomArrays.txt,InsertionSort,3,0.142000,5501.76,0.00
randomArrays.txt,InsertionSort,1,0.068600,0.00,0.00
randomArrays.txt,InsertionSort,2,0.092100,0.00,0.00
randomArrays.txt,InsertionSort,3,0.078900,0.00,0.00
randomArrays.txt,InsertionSort,1,0.165200,0.00,0.00
randomArrays.txt,InsertionSort,2,0.069000,0.00,0.00
randomArrays.txt,InsertionSort,3,0.087300,0.00,0.00
randomArrays.txt,InsertionSort,1,0.000900,0.00,0.00
randomArrays.txt,InsertionSort,2,0.001000,0.00,0.00
randomArrays.txt,InsertionSort,3,0.001300,0.00,0.00
randomArrays.txt,InsertionSort,1,0.159600,0.00,0.00
randomArrays.txt,InsertionSort,2,0.140200,5572.40,0.00
randomArrays.txt,InsertionSort,3,0.137900,0.00,0.00
randomArrays.txt,InsertionSort,1,0.100800,0.00,0.00
randomArrays.txt,InsertionSort,2,0.090400,0.00,0.00
randomArrays.txt,InsertionSort,3,0.097400,0.00,0.00
randomArrays.txt,InsertionSort,1,0.037400,0.00,0.00
randomArrays.txt,InsertionSort,2,0.034400,0.00,0.00
randomArrays.txt,InsertionSort,3,0.035800,0.00,0.00
randomArrays.txt,InsertionSort,1,0.169600,0.00,0.00
randomArrays.txt,InsertionSort,2,0.109100,0.00,0.00
randomArrays.txt,InsertionSort,3,0.089700,0.00,0.00
randomArrays.txt,InsertionSort,1,0.153800,0.00,0.00
randomArrays.txt,InsertionSort,2,0.069800,0.00,0.00
randomArrays.txt,InsertionSort,3,0.069300,0.00,0.00
randomArrays.txt,InsertionSort,1,0.402500,0.00,0.00
randomArrays.txt,InsertionSort,2,0.205900,0.00,0.00
randomArrays.txt,InsertionSort,3,0.222200,0.00,0.00
randomArrays.txt,InsertionSort,1,0.147700,0.00,0.00
randomArrays.txt,InsertionSort,2,0.151600,0.00,0.00
randomArrays.txt,InsertionSort,3,0.157400,0.00,0.00
randomArrays.txt,InsertionSort,1,0.007600,0.00,0.00
randomArrays.txt,InsertionSort,2,0.007000,0.00,0.00
randomArrays.txt,InsertionSort,3,0.006800,0.00,0.00
randomArrays.txt,InsertionSort,1,0.168700,0.00,0.00
randomArrays.txt,InsertionSort,2,5.279000,0.00,0.00
randomArrays.txt,InsertionSort,3,0.243800,0.00,0.00
randomArrays.txt,InsertionSort,1,24.533600,15.92,0.00
randomArrays.txt,InsertionSort,2,0.200600,0.00,0.00
randomArrays.txt,InsertionSort,3,0.203900,0.00,0.00
randomArrays.txt,InsertionSort,1,0.022400,0.00,0.00
randomArrays.txt,InsertionSort,2,0.021300,0.00,0.00
randomArrays.txt,InsertionSort,3,0.021900,0.00,0.00
randomArrays.txt,InsertionSort,1,0.119800,0.00,0.00
randomArrays.txt,InsertionSort,2,0.126200,3095.29,0.00
randomArrays.txt,InsertionSort,3,0.116700,0.00,0.00
randomArrays.txt,InsertionSort,1,0.011100,0.00,0.00
randomArrays.txt,InsertionSort,2,0.011300,0.00,0.00
randomArrays.txt,InsertionSort,3,0.011500,0.00,0.00
randomArrays.txt,InsertionSort,1,0.024200,0.00,0.00
randomArrays.txt,InsertionSort,2,1.279000,0.00,0.00
randomArrays.txt,InsertionSort,3,0.021100,0.00,0.00
randomArrays.txt,InsertionSort,1,0.033100,0.00,0.00
randomArrays.txt,InsertionSort,2,0.040500,0.00,0.00
randomArrays.txt,InsertionSort,3,0.032800,0.00,0.00
randomArrays.txt,InsertionSort,1,0.151800,0.00,0.00
randomArrays.txt,InsertionSort,2,0.143700,0.00,0.00
randomArrays.txt,InsertionSort,3,0.416200,0.00,0.00
randomArrays.txt,InsertionSort,1,0.147100,0.00,0.00
randomArrays.txt,InsertionSort,2,0.152900,0.00,0.00
randomArrays.txt,InsertionSort,3,0.136100,0.00,0.00
randomArrays.txt,InsertionSort,1,0.081600,0.00,0.00
randomArrays.txt,InsertionSort,2,0.078900,0.00,0.00
randomArrays.txt,InsertionSort,3,0.079700,0.00,0.00
randomArrays.txt,InsertionSort,1,0.000900,0.00,0.00
randomArrays.txt,InsertionSort,2,0.001700,0.00,0.00
randomArrays.txt,InsertionSort,3,0.001100,0.00,0.00
randomArrays.txt,InsertionSort,1,0.030400,0.00,0.00
randomArrays.txt,InsertionSort,2,0.036000,0.00,0.00
randomArrays.txt,InsertionSort,3,0.036600,0.00,0.00
randomArrays.txt,InsertionSort,1,0.338000,0.00,0.00
randomArrays.txt,InsertionSort,2,0.224500,1739.98,0.00
randomArrays.txt,InsertionSort,3,0.223600,0.00,0.00
randomArrays.txt,InsertionSort,1,0.010900,0.00,0.00
randomArrays.txt,InsertionSort,2,0.014900,0.00,0.00
randomArrays.txt,InsertionSort,3,0.010200,0.00,0.00
randomArrays.txt,InsertionSort,1,0.164900,0.00,0.00
randomArrays.txt,InsertionSort,2,0.093200,0.00,0.00
randomArrays.txt,InsertionSort,3,0.099200,0.00,0.00
randomArrays.txt,InsertionSort,1,0.001700,0.00,0.00
randomArrays.txt,InsertionSort,2,0.001900,0.00,0.00
randomArrays.txt,InsertionSort,3,0.001700,0.00,0.00
randomArrays.txt,InsertionSort,1,0.007200,0.00,0.00
randomArrays.txt,InsertionSort,2,0.005900,0.00,0.00
randomArrays.txt,InsertionSort,3,0.008100,0.00,0.00
randomArrays.txt,InsertionSort,1,0.022900,0.00,0.00
randomArrays.txt,InsertionSort,2,0.024200,0.00,0.00
randomArrays.txt,InsertionSort,3,0.025400,0.00,0.00
randomArrays.txt,InsertionSort,1,0.080700,0.00,0.00
randomArrays.txt,InsertionSort,2,0.049200,0.00,0.00
randomArrays.txt,InsertionSort,3,0.054700,0.00,0.00
randomArrays.txt,InsertionSort,1,0.024800,0.00,0.00
randomArrays.txt,InsertionSort,2,0.013300,0.00,0.00
randomArrays.txt,InsertionSort,3,0.015200,0.00,0.00
randomArrays.txt,InsertionSort,1,0.108100,0.00,0.00
randomArrays.txt,InsertionSort,2,1.151400,0.00,0.00
randomArrays.txt,InsertionSort,3,0.107800,0.00,0.00
randomArrays.txt,InsertionSort,1,0.153200,0.00,0.00
randomArrays.txt,InsertionSort,2,0.025900,0.00,0.00
randomArrays.txt,InsertionSort,3,0.025700,0.00,0.00
randomArrays.txt,InsertionSort,1,0.003000,0.00,0.00
randomArrays.txt,InsertionSort,2,0.003300,0.00,0.00
randomArrays.txt,InsertionSort,3,0.003100,0.00,0.00
randomArrays.txt,InsertionSort,1,0.026400,0.00,0.00
randomArrays.txt,InsertionSort,2,0.024800,0.00,0.00
randomArrays.txt,InsertionSort,3,0.027200,0.00,0.00
randomArrays.txt,InsertionSort,1,0.218600,0.00,0.00
randomArrays.txt,InsertionSort,2,1.238200,0.00,0.00
randomArrays.txt,InsertionSort,3,0.169200,0.00,0.00
randomArrays.txt,InsertionSort,1,0.240100,0.00,0.00
randomArrays.txt,InsertionSort,2,0.091200,0.00,0.00
randomArrays.txt,InsertionSort,3,0.095000,0.00,0.00
randomArrays.txt,InsertionSort,1,0.064900,0.00,0.00
randomArrays.txt,InsertionSort,2,0.054200,0.00,0.00
randomArrays.txt,InsertionSort,3,0.062400,0.00,0.00
randomArrays.txt,InsertionSort,1,0.033700,0.00,0.00
randomArrays.txt,InsertionSort,2,0.035700,0.00,0.00
randomArrays.txt,InsertionSort,3,0.036200,0.00,0.00
randomArrays.txt,InsertionSort,1,0.109500,0.00,0.00
randomArrays.txt,InsertionSort,2,0.106600,0.00,0.00
randomArrays.txt,InsertionSort,3,0.115100,0.00,0.00
randomArrays.txt,InsertionSort,1,0.106300,0.00,0.00
randomArrays.txt,InsertionSort,2,0.087400,0.00,0.00
randomArrays.txt,InsertionSort,3,0.101100,0.00,0.00
randomArrays.txt,InsertionSort,1,0.045600,0.00,0.00
randomArrays.txt,InsertionSort,2,0.046700,0.00,0.00
randomArrays.txt,InsertionSort,3,0.052800,0.00,0.00
randomArrays.txt,InsertionSort,1,0.118900,0.00,0.00
randomArrays.txt,InsertionSort,2,0.131100,0.00,0.00
randomArrays.txt,InsertionSort,3,0.228400,0.00,0.00
randomArrays.txt,InsertionSort,1,0.068200,0.00,0.00
randomArrays.txt,InsertionSort,2,0.058700,0.00,0.00
randomArrays.txt,InsertionSort,3,0.055000,0.00,0.00
randomArrays.txt,InsertionSort,1,0.022100,0.00,0.00
randomArrays.txt,InsertionSort,2,0.021100,0.00,0.00
randomArrays.txt,InsertionSort,3,0.022100,0.00,0.00
randomArrays.txt,InsertionSort,1,0.003300,0.00,0.00
randomArrays.txt,InsertionSort,2,0.003800,0.00,0.00
randomArrays.txt,InsertionSort,3,0.003600,0.00,0.00
randomArrays.txt,InsertionSort,1,0.111000,0.00,0.00
randomArrays.txt,InsertionSort,2,0.108800,0.00,0.00
randomArrays.txt,InsertionSort,3,0.108700,0.00,0.00
randomArrays.txt,InsertionSort,1,0.160900,0.00,0.00
randomArrays.txt,InsertionSort,2,0.174000,0.00,0.00
randomArrays.txt,InsertionSort,3,0.154400,0.00,0.00
randomArrays.txt,InsertionSort,1,0.177500,0.00,0.00
randomArrays.txt,InsertionSort,2,0.186600,0.00,0.00
randomArrays.txt,InsertionSort,3,0.223100,0.00,0.00
randomArrays.txt,InsertionSort,1,0.128900,0.00,0.00
randomArrays.txt,InsertionSort,2,0.176500,0.00,0.00
randomArrays.txt,InsertionSort,3,0.118800,0.00,0.00
randomArrays.txt,InsertionSort,1,0.204400,0.00,0.00
randomArrays.txt,InsertionSort,2,0.214000,0.00,0.00
randomArrays.txt,InsertionSort,3,0.201400,0.00,0.00
randomArrays.txt,InsertionSort,1,0.067100,0.00,0.00
randomArrays.txt,InsertionSort,2,0.069600,0.00,0.00
randomArrays.txt,InsertionSort,3,0.078200,0.00,0.00
randomArrays.txt,InsertionSort,1,0.006300,0.00,0.00
randomArrays.txt,InsertionSort,2,0.009500,0.00,0.00
randomArrays.txt,InsertionSort,3,0.005400,0.00,0.00
randomArrays.txt,InsertionSort,1,0.167500,0.00,0.00
randomArrays.txt,InsertionSort,2,0.197500,0.00,0.00
randomArrays.txt,InsertionSort,3,0.180100,0.00,0.00
randomArrays.txt,InsertionSort,1,0.131300,0.00,0.00
randomArrays.txt,InsertionSort,2,0.170900,0.00,0.00
randomArrays.txt,InsertionSort,3,0.138300,0.00,0.00
randomArrays.txt,InsertionSort,1,0.071000,0.00,0.00
randomArrays.txt,InsertionSort,2,0.078000,0.00,0.00
randomArrays.txt,InsertionSort,3,0.076600,0.00,0.00
randomArrays.txt,InsertionSort,1,0.021600,0.00,0.00
randomArrays.txt,InsertionSort,2,0.018500,0.00,0.00
randomArrays.txt,InsertionSort,3,0.021900,0.00,0.00
randomArrays.txt,InsertionSort,1,0.214100,0.00,0.00
randomArrays.txt,InsertionSort,2,0.169200,0.00,0.00
randomArrays.txt,InsertionSort,3,0.177300,0.00,0.00
randomArrays.txt,InsertionSort,1,0.014400,0.00,0.00
randomArrays.txt,InsertionSort,2,0.014400,0.00,0.00
randomArrays.txt,InsertionSort,3,0.013900,0.00,0.00
randomArrays.txt,InsertionSort,1,0.089600,0.00,0.00
randomArrays.txt,InsertionSort,2,0.128100,0.00,0.00
randomArrays.txt,InsertionSort,3,0.090700,0.00,0.00
randomArrays.txt,InsertionSort,1,0.007100,0.00,0.00
randomArrays.txt,InsertionSort,2,0.006900,0.00,0.00
randomArrays.txt,InsertionSort,3,0.006900,0.00,0.00
randomArrays.txt,InsertionSort,1,0.117500,0.00,0.00
randomArrays.txt,InsertionSort,2,0.145300,0.00,0.00
randomArrays.txt,InsertionSort,3,0.141800,0.00,0.00
randomArrays.txt,InsertionSort,1,0.189200,0.00,0.00
randomArrays.txt,InsertionSort,2,0.185100,0.00,0.00
randomArrays.txt,InsertionSort,3,0.170900,0.00,0.00
randomArrays.txt,InsertionSort,1,0.195700,0.00,0.00
randomArrays.txt,InsertionSort,2,0.208800,0.00,0.00
randomArrays.txt,InsertionSort,3,0.131600,0.00,0.00
randomArrays.txt,InsertionSort,1,0.138300,0.00,0.00
randomArrays.txt,InsertionSort,2,0.013900,0.00,0.00
randomArrays.txt,InsertionSort,3,0.017400,0.00,0.00
randomArrays.txt,InsertionSort,1,0.178500,0.00,0.00
randomArrays.txt,InsertionSort,2,0.198100,0.00,0.00
randomArrays.txt,InsertionSort,3,0.194200,0.00,0.00
randomArrays.txt,InsertionSort,1,0.004500,0.00,0.00
randomArrays.txt,InsertionSort,2,0.004400,0.00,0.00
randomArrays.txt,InsertionSort,3,0.004500,0.00,0.00
randomArrays.txt,InsertionSort,1,0.084400,0.00,0.00
randomArrays.txt,InsertionSort,2,0.075900,0.00,0.00
randomArrays.txt,InsertionSort,3,0.075300,0.00,0.00
randomArrays.txt,InsertionSort,1,0.032500,0.00,0.00
randomArrays.txt,InsertionSort,2,0.029500,0.00,0.00
randomArrays.txt,InsertionSort,3,0.030600,0.00,0.00
randomArrays.txt,InsertionSort,1,0.007700,0.00,0.00
randomArrays.txt,InsertionSort,2,0.008000,0.00,0.00
randomArrays.txt,InsertionSort,3,0.007500,0.00,0.00
randomArrays.txt,InsertionSort,1,0.004200,0.00,0.00
randomArrays.txt,InsertionSort,2,0.004300,0.00,0.00
randomArrays.txt,InsertionSort,3,0.004100,0.00,0.00
randomArrays.txt,InsertionSort,1,0.122900,0.00,0.00
randomArrays.txt,InsertionSort,2,0.123800,0.00,0.00
randomArrays.txt,InsertionSort,3,0.128400,0.00,0.00
randomArrays.txt,InsertionSort,1,0.001300,0.00,0.00
randomArrays.txt,InsertionSort,2,0.001100,0.00,0.00
randomArrays.txt,InsertionSort,3,0.001200,0.00,0.00
randomArrays.txt,InsertionSort,1,0.011300,0.00,0.00
randomArrays.txt,InsertionSort,2,0.010900,0.00,0.00
randomArrays.txt,InsertionSort,3,0.010700,0.00,0.00
randomArrays.txt,InsertionSort,1,0.061000,0.00,0.00
randomArrays.txt,InsertionSort,2,0.058300,0.00,0.00
randomArrays.txt,InsertionSort,3,0.051300,0.00,0.00
randomArrays.txt,InsertionSort,1,0.081500,0.00,0.00
randomArrays.txt,InsertionSort,2,0.087000,0.00,0.00
randomArrays.txt,InsertionSort,3,0.069000,0.00,0.00
randomArrays.txt,InsertionSort,1,0.103200,0.00,0.00
randomArrays.txt,InsertionSort,2,0.188200,0.00,0.00
randomArrays.txt,InsertionSort,3,0.095700,0.00,0.00
randomArrays.txt,InsertionSort,1,0.063400,0.00,0.00
randomArrays.txt,InsertionSort,2,0.071300,0.00,0.00
randomArrays.txt,InsertionSort,3,0.048300,0.00,0.00
randomArrays.txt,InsertionSort,1,0.204200,0.00,0.00
randomArrays.txt,InsertionSort,2,0.168500,0.00,0.00
randomArrays.txt,InsertionSort,3,0.159700,0.00,0.00
randomArrays.txt,InsertionSort,1,0.040200,0.00,0.00
randomArrays.txt,InsertionSort,2,0.570700,0.00,0.00
randomArrays.txt,InsertionSort,3,0.041000,0.00,0.00
randomArrays.txt,InsertionSort,1,0.011300,0.00,0.00
randomArrays.txt,InsertionSort,2,0.009000,0.00,0.00
randomArrays.txt,InsertionSort,3,0.009400,0.00,0.00
randomArrays.txt,InsertionSort,1,0.126700,0.00,0.00
randomArrays.txt,InsertionSort,2,0.304700,0.00,0.00
randomArrays.txt,InsertionSort,3,0.100700,0.00,0.00
randomArrays.txt,InsertionSort,1,0.185500,0.00,0.00
randomArrays.txt,InsertionSort,2,0.211900,0.00,0.00
randomArrays.txt,InsertionSort,3,0.213300,0.00,0.00
randomArrays.txt,InsertionSort,1,0.013000,0.00,0.00
randomArrays.txt,InsertionSort,2,0.012700,0.00,0.00
randomArrays.txt,InsertionSort,3,0.015200,0.00,0.00
randomArrays.txt,InsertionSort,1,0.154400,0.00,0.00
randomArrays.txt,InsertionSort,2,0.120000,0.00,0.00
randomArrays.txt,InsertionSort,3,0.130000,0.00,0.00
randomArrays.txt,InsertionSort,1,0.030600,0.00,0.00
randomArrays.txt,InsertionSort,2,0.030900,0.00,0.00
randomArrays.txt,InsertionSort,3,0.031800,0.00,0.00
randomArrays.txt,InsertionSort,1,0.161400,0.00,0.00
randomArrays.txt,InsertionSort,2,0.160000,0.00,0.00
randomArrays.txt,InsertionSort,3,0.160500,0.00,0.00
randomArrays.txt,InsertionSort,1,0.023800,0.00,0.00
randomArrays.txt,InsertionSort,2,0.020900,0.00,0.00
randomArrays.txt,InsertionSort,3,0.021100,0.00,0.00
randomArrays.txt,InsertionSort,1,0.026400,0.00,0.00
randomArrays.txt,InsertionSort,2,0.027300,0.00,0.00
randomArrays.txt,InsertionSort,3,0.026200,0.00,0.00
randomArrays.txt,InsertionSort,1,0.147700,0.00,0.00
randomArrays.txt,InsertionSort,2,0.152600,0.00,0.00
randomArrays.txt,InsertionSort,3,0.153500,0.00,0.00
randomArrays.txt,InsertionSort,1,1.340600,0.00,0.00
randomArrays.txt,InsertionSort,2,0.590300,0.00,0.00
randomArrays.txt,InsertionSort,3,0.394500,0.00,0.00
randomArrays.txt,InsertionSort,1,0.253700,0.00,0.00
randomArrays.txt,InsertionSort,2,0.240700,0.00,0.00
randomArrays.txt,InsertionSort,3,0.245100,0.00,0.00
randomArrays.txt,InsertionSort,1,0.051800,0.00,0.00
randomArrays.txt,InsertionSort,2,0.059700,0.00,0.00
randomArrays.txt,InsertionSort,3,0.061900,0.00,0.00
randomArrays.txt,InsertionSort,1,0.073200,0.00,0.00
randomArrays.txt,InsertionSort,2,0.083700,0.00,0.00
randomArrays.txt,InsertionSort,3,0.087400,0.00,0.00
randomArrays.txt,InsertionSort,1,0.020400,0.00,0.00
randomArrays.txt,InsertionSort,2,0.007700,0.00,0.00
randomArrays.txt,InsertionSort,3,0.007500,0.00,0.00
randomArrays.txt,InsertionSort,1,0.231100,0.00,0.00
randomArrays.txt,InsertionSort,2,0.209800,0.00,0.00
randomArrays.txt,InsertionSort,3,0.204800,0.00,0.00
randomArrays.txt,InsertionSort,1,0.207300,0.00,0.00
randomArrays.txt,InsertionSort,2,0.045100,0.00,0.00
randomArrays.txt,InsertionSort,3,0.046300,0.00,0.00
randomArrays.txt,InsertionSort,1,5.744600,0.00,0.00
randomArrays.txt,InsertionSort,2,0.002900,0.00,0.00
randomArrays.txt,InsertionSort,3,0.000700,0.00,0.00
randomArrays.txt,InsertionSort,1,0.178500,0.00,0.00
randomArrays.txt,InsertionSort,2,0.178200,0.00,0.00
randomArrays.txt,InsertionSort,3,0.181500,0.00,0.00
randomArrays.txt,InsertionSort,1,0.226700,0.00,0.00
randomArrays.txt,InsertionSort,2,0.226900,0.00,0.00
randomArrays.txt,InsertionSort,3,0.201300,0.00,0.00
randomArrays.txt,InsertionSort,1,0.249400,0.00,0.00
randomArrays.txt,InsertionSort,2,0.218200,0.00,0.00
randomArrays.txt,InsertionSort,3,0.217100,0.00,0.00
randomArrays.txt,InsertionSort,1,0.154600,0.00,0.00
randomArrays.txt,InsertionSort,2,0.155300,0.00,0.00
randomArrays.txt,InsertionSort,3,0.157600,0.00,0.00
randomArrays.txt,InsertionSort,1,0.015400,0.00,0.00
randomArrays.txt,InsertionSort,2,0.012200,0.00,0.00
randomArrays.txt,InsertionSort,3,0.014600,0.00,0.00
randomArrays.txt,InsertionSort,1,0.194200,0.00,0.00
randomArrays.txt,InsertionSort,2,0.179000,0.00,0.00
randomArrays.txt,InsertionSort,3,0.176800,0.00,0.00
randomArrays.txt,InsertionSort,1,0.290000,0.00,0.00
randomArrays.txt,InsertionSort,2,0.241300,0.00,0.00
randomArrays.txt,InsertionSort,3,0.247800,0.00,0.00
randomArrays.txt,InsertionSort,1,0.208100,0.00,0.00
randomArrays.txt,InsertionSort,2,0.167300,0.00,0.00
randomArrays.txt,InsertionSort,3,0.162200,0.00,0.00
randomArrays.txt,InsertionSort,1,0.222600,0.00,0.00
randomArrays.txt,InsertionSort,2,0.243500,0.00,0.00
randomArrays.txt,InsertionSort,3,0.241700,0.00,0.00
randomArrays.txt,InsertionSort,1,0.019900,0.00,0.00
randomArrays.txt,InsertionSort,2,0.021600,0.00,0.00
randomArrays.txt,InsertionSort,3,0.017500,0.00,0.00
randomArrays.txt,InsertionSort,1,0.223600,0.00,0.00
randomArrays.txt,InsertionSort,2,0.207400,0.00,0.00
randomArrays.txt,InsertionSort,3,0.213300,0.00,0.00
randomArrays.txt,InsertionSort,1,0.009200,0.00,0.00
randomArrays.txt,InsertionSort,2,0.008700,0.00,0.00
randomArrays.txt,InsertionSort,3,0.009100,0.00,0.00
randomArrays.txt,InsertionSort,1,0.115400,0.00,0.00
randomArrays.txt,InsertionSort,2,0.101500,0.00,0.00
randomArrays.txt,InsertionSort,3,0.110000,0.00,0.00
randomArrays.txt,InsertionSort,1,0.092800,0.00,0.00
randomArrays.txt,InsertionSort,2,0.102400,0.00,0.00
randomArrays.txt,InsertionSort,3,0.093900,0.00,0.00
randomArrays.txt,InsertionSort,1,0.024600,0.00,0.00
randomArrays.txt,InsertionSort,2,0.022700,0.00,0.00
randomArrays.txt,InsertionSort,3,0.020800,0.00,0.00
randomArrays.txt,InsertionSort,1,0.003400,0.00,0.00
randomArrays.txt,InsertionSort,2,0.003600,0.00,0.00
randomArrays.txt,InsertionSort,3,0.003000,0.00,0.00
randomArrays.txt,InsertionSort,1,0.157800,0.00,0.00
randomArrays.txt,InsertionSort,2,0.155500,0.00,0.00
randomArrays.txt,InsertionSort,3,0.155900,0.00,0.00
randomArrays.txt,InsertionSort,1,0.088600,0.00,0.00
randomArrays.txt,InsertionSort,2,0.096800,0.00,0.00
randomArrays.txt,InsertionSort,3,0.095000,0.00,0.00
randomArrays.txt,InsertionSort,1,0.202800,0.00,0.00
randomArrays.txt,InsertionSort,2,0.200100,0.00,0.00
randomArrays.txt,InsertionSort,3,0.238200,0.00,0.00
randomArrays.txt,InsertionSort,1,0.022600,0.00,0.00
randomArrays.txt,InsertionSort,2,0.019500,0.00,0.00
randomArrays.txt,InsertionSort,3,0.021900,0.00,0.00
randomArrays.txt,InsertionSort,1,0.168300,0.00,0.00
randomArrays.txt,InsertionSort,2,0.162700,0.00,0.00
randomArrays.txt,InsertionSort,3,0.155900,0.00,0.00
randomArrays.txt,InsertionSort,1,0.038400,0.00,0.00
randomArrays.txt,InsertionSort,2,0.019600,0.00,0.00
randomArrays.txt,InsertionSort,3,0.020200,0.00,0.00
randomArrays.txt,InsertionSort,1,0.069100,0.00,0.00
randomArrays.txt,InsertionSort,2,0.064100,0.00,0.00
randomArrays.txt,InsertionSort,3,0.054900,0.00,0.00
randomArrays.txt,InsertionSort,1,0.004700,0.00,0.00
randomArrays.txt,InsertionSort,2,0.004400,0.00,0.00
randomArrays.txt,InsertionSort,3,0.004700,0.00,0.00
randomArrays.txt,InsertionSort,1,0.004300,0.00,0.00
randomArrays.txt,InsertionSort,2,0.004800,0.00,0.00
randomArrays.txt,InsertionSort,3,0.005200,0.00,0.00
randomArrays.txt,InsertionSort,1,0.036100,0.00,0.00
randomArrays.txt,InsertionSort,2,0.025900,0.00,0.00
randomArrays.txt,InsertionSort,3,0.033000,0.00,0.00
randomArrays.txt,InsertionSort,1,0.136800,0.00,0.00
randomArrays.txt,InsertionSort,2,0.150200,0.00,0.00
randomArrays.txt,InsertionSort,3,0.147200,0.00,0.00
randomArrays.txt,InsertionSort,1,0.094100,0.00,0.00
randomArrays.txt,InsertionSort,2,0.058500,0.00,0.00
randomArrays.txt,InsertionSort,3,0.160900,0.00,0.00
randomArrays.txt,InsertionSort,1,0.208100,0.00,0.00
randomArrays.txt,InsertionSort,2,0.227600,0.00,0.00
randomArrays.txt,InsertionSort,3,0.204800,0.00,0.00
randomArrays.txt,InsertionSort,1,0.001300,0.00,0.00
randomArrays.txt,InsertionSort,2,0.001500,0.00,0.00
randomArrays.txt,InsertionSort,3,0.001200,0.00,0.00
randomArrays.txt,InsertionSort,1,0.175500,0.00,0.00
randomArrays.txt,InsertionSort,2,0.184000,0.00,0.00
randomArrays.txt,InsertionSort,3,0.176700,0.00,0.00
randomArrays.txt,InsertionSort,1,0.082400,0.00,0.00
randomArrays.txt,InsertionSort,2,0.079200,0.00,0.00
randomArrays.txt,InsertionSort,3,0.078400,0.00,0.00
randomArrays.txt,InsertionSort,1,0.024900,0.00,0.00
randomArrays.txt,InsertionSort,2,0.043100,0.00,0.00
randomArrays.txt,InsertionSort,3,0.026800,0.00,0.00
randomArrays.txt,InsertionSort,1,0.053200,0.00,0.00
randomArrays.txt,InsertionSort,2,0.036700,0.00,0.00
randomArrays.txt,InsertionSort,3,0.035900,0.00,0.00
randomArrays.txt,InsertionSort,1,0.108200,0.00,0.00
randomArrays.txt,InsertionSort,2,0.104600,0.00,0.00
randomArrays.txt,InsertionSort,3,0.103500,0.00,0.00
randomArrays.txt,InsertionSort,1,0.178900,0.00,0.00
randomArrays.txt,InsertionSort,2,0.177500,0.00,0.00
randomArrays.txt,InsertionSort,3,0.451600,0.00,0.00
randomArrays.txt,InsertionSort,1,0.047000,0.00,0.00
randomArrays.txt,InsertionSort,2,0.029500,0.00,0.00
randomArrays.txt,InsertionSort,3,0.030300,0.00,0.00
randomArrays.txt,InsertionSort,1,0.013500,0.00,0.00
randomArrays.txt,InsertionSort,2,0.014500,0.00,0.00
randomArrays.txt,InsertionSort,3,0.013700,0.00,0.00
randomArrays.txt,InsertionSort,1,0.047200,0.00,0.00
randomArrays.txt,InsertionSort,2,0.103100,0.00,0.00
randomArrays.txt,InsertionSort,3,0.040400,0.00,0.00
randomArrays.txt,InsertionSort,1,0.004200,0.00,0.00
randomArrays.txt,InsertionSort,2,0.003900,0.00,0.00
randomArrays.txt,InsertionSort,3,0.003800,0.00,0.00
randomArrays.txt,InsertionSort,1,0.085000,0.00,0.00
randomArrays.txt,InsertionSort,2,0.089100,0.00,0.00
randomArrays.txt,InsertionSort,3,0.091200,0.00,0.00
randomArrays.txt,InsertionSort,1,0.201700,0.00,0.00
randomArrays.txt,InsertionSort,2,0.127700,0.00,0.00
randomArrays.txt,InsertionSort,3,0.122000,0.00,0.00
randomArrays.txt,InsertionSort,1,0.081900,0.00,0.00
randomArrays.txt,InsertionSort,2,0.083800,0.00,0.00
randomArrays.txt,InsertionSort,3,0.088200,0.00,0.00
randomArrays.txt,InsertionSort,1,0.164200,0.00,0.00
randomArrays.txt,InsertionSort,2,0.158000,0.00,0.00
randomArrays.txt,InsertionSort,3,0.164800,0.00,0.00
randomArrays.txt,InsertionSort,1,0.059200,0.00,0.00
randomArrays.txt,InsertionSort,2,0.062200,0.00,0.00
randomArrays.txt,InsertionSort,3,0.076900,0.00,0.00
randomArrays.txt,InsertionSort,1,0.106400,0.00,0.00
randomArrays.txt,InsertionSort,2,0.108000,0.00,0.00
randomArrays.txt,InsertionSort,3,0.101100,0.00,0.00
randomArrays.txt,InsertionSort,1,0.054400,0.00,0.00
randomArrays.txt,InsertionSort,2,0.040700,0.00,0.00
randomArrays.txt,InsertionSort,3,0.040500,0.00,0.00
randomArrays.txt,InsertionSort,1,0.256200,0.00,0.00
randomArrays.txt,InsertionSort,2,0.220600,0.00,0.00
randomArrays.txt,InsertionSort,3,0.223500,0.00,0.00
randomArrays.txt,InsertionSort,1,0.278900,0.00,0.00
randomArrays.txt,InsertionSort,2,0.118400,0.00,0.00
randomArrays.txt,InsertionSort,3,0.189500,0.00,0.00
randomArrays.txt,InsertionSort,1,0.045600,0.00,0.00
randomArrays.txt,InsertionSort,2,0.062900,0.00,0.00
randomArrays.txt,InsertionSort,3,0.032000,0.00,0.00
randomArrays.txt,InsertionSort,1,0.022800,0.00,0.00
randomArrays.txt,InsertionSort,2,0.023000,0.00,0.00
randomArrays.txt,InsertionSort,3,0.020100,0.00,0.00
randomArrays.txt,InsertionSort,1,0.027400,0.00,0.00
randomArrays.txt,InsertionSort,2,0.032200,0.00,0.00
randomArrays.txt,InsertionSort,3,0.026200,0.00,0.00
randomArrays.txt,InsertionSort,1,0.222200,0.00,0.00
randomArrays.txt,InsertionSort,2,0.222200,0.00,0.00
randomArrays.txt,InsertionSort,3,1.299600,0.00,0.00
randomArrays.txt,InsertionSort,1,0.008400,0.00,0.00
randomArrays.txt,InsertionSort,2,0.008300,0.00,0.00
randomArrays.txt,InsertionSort,3,0.008600,0.00,0.00
randomArrays.txt,InsertionSort,1,0.206300,0.00,0.00
randomArrays.txt,InsertionSort,2,0.216800,0.00,0.00
randomArrays.txt,InsertionSort,3,0.216100,0.00,0.00
randomArrays.txt,InsertionSort,1,0.016600,0.00,0.00
randomArrays.txt,InsertionSort,2,0.012500,0.00,0.00
randomArrays.txt,InsertionSort,3,0.015900,0.00,0.00
randomArrays.txt,InsertionSort,1,0.013100,0.00,0.00
randomArrays.txt,InsertionSort,2,0.013000,0.00,0.00
randomArrays.txt,InsertionSort,3,0.428900,0.00,0.00
randomArrays.txt,InsertionSort,1,0.015700,0.00,0.00
randomArrays.txt,InsertionSort,2,0.017000,0.00,0.00
randomArrays.txt,InsertionSort,3,0.015600,0.00,0.00
randomArrays.txt,InsertionSort,1,0.209100,0.00,0.00
randomArrays.txt,InsertionSort,2,0.218500,0.00,0.00
randomArrays.txt,InsertionSort,3,0.201500,0.00,0.00
randomArrays.txt,InsertionSort,1,0.043200,0.00,0.00
randomArrays.txt,InsertionSort,2,0.043200,0.00,0.00
randomArrays.txt,InsertionSort,3,0.050800,0.00,0.00
randomArrays.txt,InsertionSort,1,0.036500,0.00,0.00
randomArrays.txt,InsertionSort,2,0.087100,0.00,0.00
randomArrays.txt,InsertionSort,3,0.036100,0.00,0.00
randomArrays.txt,InsertionSort,1,0.022700,0.00,0.00
randomArrays.txt,InsertionSort,2,0.032900,0.00,0.00
randomArrays.txt,InsertionSort,3,0.032700,0.00,0.00
randomArrays.txt,InsertionSort,1,0.069100,0.00,0.00
randomArrays.txt,InsertionSort,2,0.073300,0.00,0.00
randomArrays.txt,InsertionSort,3,0.067500,0.00,0.00
randomArrays.txt,InsertionSort,1,0.018900,0.00,0.00
randomArrays.txt,InsertionSort,2,0.017900,0.00,0.00
randomArrays.txt,InsertionSort,3,0.015700,0.00,0.00
randomArrays.txt,InsertionSort,1,0.065600,0.00,0.00
randomArrays.txt,InsertionSort,2,0.046600,0.00,0.00
randomArrays.txt,InsertionSort,3,0.049900,0.00,0.00
randomArrays.txt,InsertionSort,1,0.067700,0.00,0.00
randomArrays.txt,InsertionSort,2,0.063900,0.00,0.00
randomArrays.txt,InsertionSort,3,0.060000,0.00,0.00
randomArrays.txt,InsertionSort,1,0.028300,0.00,0.00
randomArrays.txt,InsertionSort,2,0.012900,0.00,0.00
randomArrays.txt,InsertionSort,3,0.013500,0.00,0.00
randomArrays.txt,InsertionSort,1,0.007200,0.00,0.00
randomArrays.txt,InsertionSort,2,0.006300,0.00,0.00
randomArrays.txt,InsertionSort,3,0.006900,0.00,0.00
randomArrays.txt,InsertionSort,1,0.005900,0.00,0.00
randomArrays.txt,InsertionSort,2,0.005300,0.00,0.00
randomArrays.txt,InsertionSort,3,0.005400,0.00,0.00
randomArrays.txt,InsertionSort,1,0.153700,0.00,0.00
randomArrays.txt,InsertionSort,2,0.140100,0.00,0.00
randomArrays.txt,InsertionSort,3,0.290600,0.00,0.00
randomArrays.txt,InsertionSort,1,0.092500,0.00,0.00
randomArrays.txt,InsertionSort,2,0.086600,0.00,0.00
randomArrays.txt,InsertionSort,3,0.095800,0.00,0.00
randomArrays.txt,InsertionSort,1,0.036700,0.00,0.00
randomArrays.txt,InsertionSort,2,0.051900,0.00,0.00
randomArrays.txt,InsertionSort,3,0.035600,0.00,0.00
randomArrays.txt,InsertionSort,1,0.216600,0.00,0.00
randomArrays.txt,InsertionSort,2,0.228200,0.00,0.00
randomArrays.txt,InsertionSort,3,0.221000,0.00,0.00
randomArrays.txt,InsertionSort,1,0.009800,0.00,0.00
randomArrays.txt,InsertionSort,2,0.009500,0.00,0.00
randomArrays.txt,InsertionSort,3,0.010600,0.00,0.00
randomArrays.txt,InsertionSort,1,0.066500,0.00,0.00
randomArrays.txt,InsertionSort,2,0.071900,0.00,0.00
randomArrays.txt,InsertionSort,3,0.076300,0.00,0.00
randomArrays.txt,InsertionSort,1,0.122300,0.00,0.00
randomArrays.txt,InsertionSort,2,0.109300,0.00,0.00
randomArrays.txt,InsertionSort,3,0.112600,0.00,0.00
randomArrays.txt,InsertionSort,1,0.024000,0.00,0.00
randomArrays.txt,InsertionSort,2,0.023400,0.00,0.00
randomArrays.txt,InsertionSort,3,0.024800,0.00,0.00
randomArrays.txt,InsertionSort,1,0.178500,0.00,0.00
randomArrays.txt,InsertionSort,2,0.266400,0.00,0.00
randomArrays.txt,InsertionSort,3,0.176300,2215.68,0.00
randomArrays.txt,InsertionSort,1,0.091700,0.00,0.00
randomArrays.txt,InsertionSort,2,0.121400,0.00,0.00
randomArrays.txt,InsertionSort,3,0.096900,0.00,0.00
randomArrays.txt,InsertionSort,1,0.082400,0.00,0.00
randomArrays.txt,InsertionSort,2,0.067100,0.00,0.00
randomArrays.txt,InsertionSort,3,0.072600,0.00,0.00
randomArrays.txt,InsertionSort,1,0.006400,0.00,0.00
randomArrays.txt,InsertionSort,2,0.006200,0.00,0.00
randomArrays.txt,InsertionSort,3,0.006100,0.00,0.00
randomArrays.txt,InsertionSort,1,0.031900,0.00,0.00
randomArrays.txt,InsertionSort,2,0.030600,0.00,0.00
randomArrays.txt,InsertionSort,3,0.064500,0.00,0.00
randomArrays.txt,InsertionSort,1,0.229000,0.00,0.00
randomArrays.txt,InsertionSort,2,0.223000,0.00,0.00
randomArrays.txt,InsertionSort,3,1.570300,0.00,0.00
randomArrays.txt,InsertionSort,1,0.003300,0.00,0.00
randomArrays.txt,InsertionSort,2,0.002900,0.00,0.00
randomArrays.txt,InsertionSort,3,0.004100,0.00,0.00
randomArrays.txt,InsertionSort,1,0.124300,0.00,0.00
randomArrays.txt,InsertionSort,2,0.136000,0.00,0.00
randomArrays.txt,InsertionSort,3,0.132900,0.00,0.00
randomArrays.txt,InsertionSort,1,0.124200,0.00,0.00
randomArrays.txt,InsertionSort,2,0.535600,0.00,0.00
randomArrays.txt,InsertionSort,3,0.120300,0.00,0.00
randomArrays.txt,InsertionSort,1,1.570200,0.00,0.00
randomArrays.txt,InsertionSort,2,0.057800,0.00,0.00
randomArrays.txt,InsertionSort,3,0.057700,0.00,0.00
randomArrays.txt,InsertionSort,1,0.199500,0.00,0.00
randomArrays.txt,InsertionSort,2,0.202900,0.00,0.00
randomArrays.txt,InsertionSort,3,0.203400,0.00,0.00
randomArrays.txt,InsertionSort,1,0.070000,0.00,0.00
randomArrays.txt,InsertionSort,2,0.066200,0.00,0.00
randomArrays.txt,InsertionSort,3,0.066000,0.00,0.00
randomArrays.txt,InsertionSort,1,0.402500,0.00,0.00
randomArrays.txt,InsertionSort,2,0.067200,0.00,0.00
randomArrays.txt,InsertionSort,3,0.061200,0.00,0.00
randomArrays.txt,InsertionSort,1,0.237600,0.00,0.00
randomArrays.txt,InsertionSort,2,0.241500,0.00,0.00
randomArrays.txt,InsertionSort,3,5.616000,0.00,0.00
randomArrays.txt,InsertionSort,1,0.084600,0.00,0.00
randomArrays.txt,InsertionSort,2,0.097600,0.00,0.00
randomArrays.txt,InsertionSort,3,0.097800,0.00,0.00
randomArrays.txt,InsertionSort,1,0.002400,0.00,0.00
randomArrays.txt,InsertionSort,2,0.002100,0.00,0.00
randomArrays.txt,InsertionSort,3,0.002200,0.00,0.00
randomArrays.txt,InsertionSort,1,0.294000,0.00,0.00
randomArrays.txt,InsertionSort,2,0.092100,0.00,0.00
randomArrays.txt,InsertionSort,3,0.090100,0.00,0.00
randomArrays.txt,InsertionSort,1,0.180400,0.00,0.00
randomArrays.txt,InsertionSort,2,0.184900,0.00,0.00
randomArrays.txt,InsertionSort,3,0.182000,0.00,0.00
randomArrays.txt,InsertionSort,1,0.034300,0.00,0.00
randomArrays.txt,InsertionSort,2,0.035300,0.00,0.00
randomArrays.txt,InsertionSort,3,0.035400,0.00,0.00
randomArrays.txt,InsertionSort,1,0.343400,0.00,0.00
randomArrays.txt,InsertionSort,2,0.209800,0.00,0.00
randomArrays.txt,InsertionSort,3,0.216300,0.00,0.00
randomArrays.txt,InsertionSort,1,0.217500,0.00,0.00
randomArrays.txt,InsertionSort,2,0.194600,0.00,0.00
randomArrays.txt,InsertionSort,3,0.201000,0.00,0.00
randomArrays.txt,InsertionSort,1,0.176400,0.00,0.00
randomArrays.txt,InsertionSort,2,0.146600,0.00,0.00
randomArrays.txt,InsertionSort,3,0.155700,0.00,0.00
randomArrays.txt,InsertionSort,1,0.040200,0.00,0.00
randomArrays.txt,InsertionSort,2,0.028600,0.00,0.00
randomArrays.txt,InsertionSort,3,0.027100,0.00,0.00
randomArrays.txt,InsertionSort,1,0.159700,0.00,0.00
randomArrays.txt,InsertionSort,2,0.110200,0.00,0.00
randomArrays.txt,InsertionSort,3,0.094200,0.00,0.00
randomArrays.txt,InsertionSort,1,0.001400,0.00,0.00
randomArrays.txt,InsertionSort,2,0.001100,0.00,0.00
randomArrays.txt,InsertionSort,3,0.001100,0.00,0.00
randomArrays.txt,InsertionSort,1,0.220200,0.00,0.00
randomArrays.txt,InsertionSort,2,0.248900,1569.41,0.00
randomArrays.txt,InsertionSort,3,0.200300,0.00,0.00
randomArrays.txt,InsertionSort,1,0.046600,0.00,0.00
randomArrays.txt,InsertionSort,2,0.051800,0.00,0.00
randomArrays.txt,InsertionSort,3,0.053900,0.00,0.00
randomArrays.txt,InsertionSort,1,0.277300,0.00,0.00
randomArrays.txt,InsertionSort,2,0.299000,0.00,0.00
randomArrays.txt,InsertionSort,3,0.256900,0.00,0.00
randomArrays.txt,InsertionSort,1,0.107100,0.00,0.00
randomArrays.txt,InsertionSort,2,0.126300,3092.83,0.00
randomArrays.txt,InsertionSort,3,0.116200,0.00,0.00
randomArrays.txt,InsertionSort,1,0.097400,0.00,0.00
randomArrays.txt,InsertionSort,2,0.097700,0.00,0.00
randomArrays.txt,InsertionSort,3,0.106700,0.00,0.00
randomArrays.txt,InsertionSort,1,0.095100,0.00,0.00
randomArrays.txt,InsertionSort,2,0.063000,0.00,0.00
randomArrays.txt,InsertionSort,3,0.066900,0.00,0.00
randomArrays.txt,InsertionSort,1,0.014500,0.00,0.00
randomArrays.txt,InsertionSort,2,0.017400,0.00,0.00
randomArrays.txt,InsertionSort,3,0.016100,0.00,0.00
randomArrays.txt,InsertionSort,1,0.055500,0.00,0.00
randomArrays.txt,InsertionSort,2,0.055800,0.00,0.00
randomArrays.txt,InsertionSort,3,0.055400,0.00,0.00
randomArrays.txt,InsertionSort,1,0.163600,0.00,0.00
randomArrays.txt,InsertionSort,2,0.145800,0.00,0.00
randomArrays.txt,InsertionSort,3,0.159000,0.00,0.00
randomArrays.txt,InsertionSort,1,0.074600,0.00,0.00
randomArrays.txt,InsertionSort,2,0.078500,0.00,0.00
randomArrays.txt,InsertionSort,3,0.079100,0.00,0.00
randomArrays.txt,InsertionSort,1,0.010800,0.00,0.00
randomArrays.txt,InsertionSort,2,0.011100,0.00,0.00
randomArrays.txt,InsertionSort,3,0.010400,0.00,0.00
randomArrays.txt,InsertionSort,1,0.030500,0.00,0.00
randomArrays.txt,InsertionSort,2,0.029000,0.00,0.00
randomArrays.txt,InsertionSort,3,0.030600,0.00,0.00
randomArrays.txt,InsertionSort,1,0.028900,0.00,0.00
randomArrays.txt,InsertionSort,2,0.030300,0.00,0.00
randomArrays.txt,InsertionSort,3,0.030900,0.00,0.00
randomArrays.txt,InsertionSort,1,0.260100,0.00,0.00
randomArrays.txt,InsertionSort,2,0.242700,0.00,0.00
randomArrays.txt,InsertionSort,3,0.239500,0.00,0.00
randomArrays.txt,InsertionSort,1,0.052500,0.00,0.00
randomArrays.txt,InsertionSort,2,0.050400,0.00,0.00
randomArrays.txt,InsertionSort,3,0.049100,0.00,0.00
randomArrays.txt,InsertionSort,1,0.108100,0.00,0.00
randomArrays.txt,InsertionSort,2,0.104900,0.00,0.00
randomArrays.txt,InsertionSort,3,0.105000,0.00,0.00
randomArrays.txt,InsertionSort,1,0.134400,0.00,0.00
randomArrays.txt,InsertionSort,2,0.087300,0.00,0.00
randomArrays.txt,InsertionSort,3,0.086400,0.00,0.00
randomArrays.txt,InsertionSort,1,0.007100,0.00,0.00
randomArrays.txt,InsertionSort,2,0.006900,0.00,0.00
randomArrays.txt,InsertionSort,3,0.006600,0.00,0.00
randomArrays.txt,InsertionSort,1,0.189700,0.00,0.00
randomArrays.txt,InsertionSort,2,0.177100,0.00,0.00
randomArrays.txt,InsertionSort,3,0.183600,0.00,0.00
randomArrays.txt,InsertionSort,1,0.042500,0.00,0.00
randomArrays.txt,InsertionSort,2,0.041600,0.00,0.00
randomArrays.txt,InsertionSort,3,0.042700,0.00,0.00
randomArrays.txt,InsertionSort,1,0.144900,0.00,0.00
randomArrays.txt,InsertionSort,2,0.143500,0.00,0.00
randomArrays.txt,InsertionSort,3,0.144400,0.00,0.00
randomArrays.txt,InsertionSort,1,0.150800,0.00,0.00
randomArrays.txt,InsertionSort,2,0.146500,0.00,0.00
randomArrays.txt,InsertionSort,3,0.144700,0.00,0.00
randomArrays.txt,InsertionSort,1,0.049900,0.00,0.00
randomArrays.txt,InsertionSort,2,0.049400,0.00,0.00
randomArrays.txt,InsertionSort,3,0.049100,0.00,0.00
randomArrays.txt,InsertionSort,1,0.012200,0.00,0.00
randomArrays.txt,InsertionSort,2,0.011700,0.00,0.00
randomArrays.txt,InsertionSort,3,0.012700,0.00,0.00
randomArrays.txt,InsertionSort,1,0.062200,0.00,0.00
randomArrays.txt,InsertionSort,2,0.065200,0.00,0.00
randomArrays.txt,InsertionSort,3,0.061000,0.00,0.00
randomArrays.txt,InsertionSort,1,0.038200,0.00,0.00
randomArrays.txt,InsertionSort,2,0.038000,0.00,0.00
randomArrays.txt,InsertionSort,3,0.043800,0.00,0.00
randomArrays.txt,InsertionSort,1,0.074800,0.00,0.00
randomArrays.txt,InsertionSort,2,0.085100,0.00,0.00
randomArrays.txt,InsertionSort,3,0.075100,0.00,0.00
randomArrays.txt,InsertionSort,1,0.085000,0.00,0.00
randomArrays.txt,InsertionSort,2,0.088300,0.00,0.00
randomArrays.txt,InsertionSort,3,0.093800,0.00,0.00
randomArrays.txt,InsertionSort,1,0.019400,0.00,0.00
randomArrays.txt,InsertionSort,2,0.019300,0.00,0.00
randomArrays.txt,InsertionSort,3,0.018300,0.00,0.00
randomArrays.txt,InsertionSort,1,0.234200,0.00,0.00
randomArrays.txt,InsertionSort,2,0.108800,0.00,0.00
randomArrays.txt,InsertionSort,3,0.109500,0.00,0.00
randomArrays.txt,InsertionSort,1,0.040200,0.00,0.00
randomArrays.txt,InsertionSort,2,0.038600,0.00,0.00
randomArrays.txt,InsertionSort,3,0.036600,0.00,0.00
randomArrays.txt,InsertionSort,1,0.003000,0.00,0.00
randomArrays.txt,InsertionSort,2,0.002900,0.00,0.00
randomArrays.txt,InsertionSort,3,0.003200,0.00,0.00
randomArrays.txt,InsertionSort,1,0.002200,0.00,0.00
randomArrays.txt,InsertionSort,2,0.002100,0.00,0.00
randomArrays.txt,InsertionSort,3,0.001800,0.00,0.00
randomArrays.txt,InsertionSort,1,0.030900,0.00,0.00
randomArrays.txt,InsertionSort,2,0.034400,0.00,0.00
randomArrays.txt,InsertionSort,3,0.033600,0.00,0.00
randomArrays.txt,InsertionSort,1,0.009700,0.00,0.00
randomArrays.txt,InsertionSort,2,0.009800,0.00,0.00
randomArrays.txt,InsertionSort,3,0.009000,0.00,0.00
randomArrays.txt,InsertionSort,1,0.180200,0.00,0.00
randomArrays.txt,InsertionSort,2,0.162100,0.00,0.00
randomArrays.txt,InsertionSort,3,0.155900,0.00,0.00
randomArrays.txt,InsertionSort,1,0.014900,0.00,0.00
randomArrays.txt,InsertionSort,2,0.015100,0.00,0.00
randomArrays.txt,InsertionSort,3,0.014300,0.00,0.00
randomArrays.txt,InsertionSort,1,0.041700,0.00,0.00
randomArrays.txt,InsertionSort,2,0.037400,0.00,0.00
randomArrays.txt,InsertionSort,3,0.036800,0.00,0.00
randomArrays.txt,InsertionSort,1,0.001600,0.00,0.00
randomArrays.txt,InsertionSort,2,0.001500,0.00,0.00
randomArrays.txt,InsertionSort,3,0.002000,0.00,0.00
randomArrays.txt,InsertionSort,1,0.031300,0.00,0.00
randomArrays.txt,InsertionSort,2,0.112100,0.00,0.00
randomArrays.txt,InsertionSort,3,0.030000,0.00,0.00
randomArrays.txt,InsertionSort,1,0.074600,0.00,0.00
randomArrays.txt,InsertionSort,2,0.070500,0.00,0.00
randomArrays.txt,InsertionSort,3,0.078900,0.00,0.00
randomArrays.txt,InsertionSort,1,0.069000,0.00,0.00
randomArrays.txt,InsertionSort,2,0.201500,0.00,0.00
randomArrays.txt,InsertionSort,3,0.060300,0.00,0.00
randomArrays.txt,InsertionSort,1,0.081800,0.00,0.00
randomArrays.txt,InsertionSort,2,0.300900,0.00,0.00
randomArrays.txt,InsertionSort,3,0.129600,0.00,0.00
randomArrays.txt,InsertionSort,1,0.023000,0.00,0.00
randomArrays.txt,InsertionSort,2,0.014500,0.00,0.00
randomArrays.txt,InsertionSort,3,0.014700,0.00,0.00
randomArrays.txt,InsertionSort,1,0.001600,0.00,0.00
randomArrays.txt,InsertionSort,2,0.001500,0.00,0.00
randomArrays.txt,InsertionSort,3,0.001300,0.00,0.00
randomArrays.txt,InsertionSort,1,0.128100,0.00,0.00
randomArrays.txt,InsertionSort,2,0.279600,0.00,0.00
randomArrays.txt,InsertionSort,3,0.127200,0.00,0.00
randomArrays.txt,InsertionSort,1,0.264700,0.00,0.00
randomArrays.txt,InsertionSort,2,0.202400,0.00,0.00
randomArrays.txt,InsertionSort,3,0.204300,0.00,0.00
randomArrays.txt,InsertionSort,1,0.008600,0.00,0.00
randomArrays.txt,InsertionSort,2,0.008500,0.00,0.00
randomArrays.txt,InsertionSort,3,0.007700,0.00,0.00
randomArrays.txt,InsertionSort,1,0.431800,0.00,0.00
randomArrays.txt,InsertionSort,2,0.222900,0.00,0.00
randomArrays.txt,InsertionSort,3,0.198600,0.00,0.00
randomArrays.txt,InsertionSort,1,0.001900,0.00,0.00
randomArrays.txt,InsertionSort,2,0.021500,0.00,0.00
randomArrays.txt,InsertionSort,3,0.001700,0.00,0.00
randomArrays.txt,InsertionSort,1,0.047500,0.00,0.00
randomArrays.txt,InsertionSort,2,0.042000,0.00,0.00
randomArrays.txt,InsertionSort,3,0.041300,0.00,0.00
randomArrays.txt,InsertionSort,1,0.000800,0.00,0.00
randomArrays.txt,InsertionSort,2,0.001100,0.00,0.00
randomArrays.txt,InsertionSort,3,0.000800,0.00,0.00
randomArrays.txt,InsertionSort,1,0.097100,0.00,0.00
randomArrays.txt,InsertionSort,2,0.229100,0.00,0.00
randomArrays.txt,InsertionSort,3,0.098900,0.00,0.00
randomArrays.txt,InsertionSort,1,0.081800,0.00,0.00
randomArrays.txt,InsertionSort,2,0.054000,0.00,0.00
randomArrays.txt,InsertionSort,3,0.052400,0.00,0.00
randomArrays.txt,InsertionSort,1,0.026100,0.00,0.00
randomArrays.txt,InsertionSort,2,0.027100,0.00,0.00
randomArrays.txt,InsertionSort,3,0.023800,0.00,0.00
randomArrays.txt,InsertionSort,1,0.139600,0.00,0.00
randomArrays.txt,InsertionSort,2,0.141000,0.00,0.00
randomArrays.txt,InsertionSort,3,0.145500,0.00,0.00
randomArrays.txt,InsertionSort,1,0.026300,0.00,0.00
randomArrays.txt,InsertionSort,2,0.012500,0.00,0.00
randomArrays.txt,InsertionSort,3,0.013300,0.00,0.00
randomArrays.txt,InsertionSort,1,0.109100,0.00,0.00
randomArrays.txt,InsertionSort,2,0.149800,0.00,0.00
randomArrays.txt,InsertionSort,3,0.129000,0.00,0.00
randomArrays.txt,InsertionSort,1,0.333600,0.00,0.00
randomArrays.txt,InsertionSort,2,0.206100,0.00,0.00
randomArrays.txt,InsertionSort,3,0.186100,0.00,0.00
randomArrays.txt,InsertionSort,1,0.096000,0.00,0.00
randomArrays.txt,InsertionSort,2,0.129400,0.00,0.00
randomArrays.txt,InsertionSort,3,0.106900,0.00,0.00
randomArrays.txt,InsertionSort,1,0.194800,0.00,0.00
randomArrays.txt,InsertionSort,2,0.167700,0.00,0.00
randomArrays.txt,InsertionSort,3,0.151100,0.00,0.00
randomArrays.txt,InsertionSort,1,0.035400,0.00,0.00
randomArrays.txt,InsertionSort,2,0.034500,0.00,0.00
randomArrays.txt,InsertionSort,3,0.036400,0.00,0.00
randomArrays.txt,InsertionSort,1,0.042000,0.00,0.00
randomArrays.txt,InsertionSort,2,0.041000,0.00,0.00
randomArrays.txt,InsertionSort,3,0.044600,0.00,0.00
randomArrays.txt,InsertionSort,1,0.040200,0.00,0.00
randomArrays.txt,InsertionSort,2,1.181200,0.00,0.00
randomArrays.txt,InsertionSort,3,0.037300,0.00,0.00
randomArrays.txt,InsertionSort,1,0.014100,0.00,0.00
randomArrays.txt,InsertionSort,2,0.015100,0.00,0.00
randomArrays.txt,InsertionSort,3,0.015300,0.00,0.00
randomArrays.txt,InsertionSort,1,0.071200,0.00,0.00
randomArrays.txt,InsertionSort,2,0.054300,0.00,0.00
randomArrays.txt,InsertionSort,3,0.064200,0.00,0.00
randomArrays.txt,InsertionSort,1,0.005100,0.00,0.00
randomArrays.txt,InsertionSort,2,0.003300,0.00,0.00
randomArrays.txt,InsertionSort,3,0.003500,0.00,0.00
randomArrays.txt,InsertionSort,1,0.021400,0.00,0.00
randomArrays.txt,InsertionSort,2,0.022200,0.00,0.00
randomArrays.txt,InsertionSort,3,0.020900,0.00,0.00
randomArrays.txt,InsertionSort,1,0.179600,0.00,0.00
randomArrays.txt,InsertionSort,2,0.164700,0.00,0.00
randomArrays.txt,InsertionSort,3,0.177300,0.00,0.00
randomArrays.txt,InsertionSort,1,0.029500,0.00,0.00
randomArrays.txt,InsertionSort,2,0.029700,0.00,0.00
randomArrays.txt,InsertionSort,3,0.026900,0.00,0.00
randomArrays.txt,InsertionSort,1,0.149100,0.00,0.00
randomArrays.txt,InsertionSort,2,0.232900,0.00,0.00
randomArrays.txt,InsertionSort,3,0.156800,0.00,0.00
randomArrays.txt,InsertionSort,1,0.074200,0.00,0.00
randomArrays.txt,InsertionSort,2,0.090100,0.00,0.00
randomArrays.txt,InsertionSort,3,0.040900,0.00,0.00
randomArrays.txt,InsertionSort,1,0.065300,0.00,0.00
randomArrays.txt,InsertionSort,2,0.066000,0.00,0.00
randomArrays.txt,InsertionSort,3,0.045000,0.00,0.00
randomArrays.txt,InsertionSort,1,0.023300,0.00,0.00
randomArrays.txt,InsertionSort,2,0.007000,0.00,0.00
randomArrays.txt,InsertionSort,3,0.008400,0.00,0.00
randomArrays.txt,InsertionSort,1,0.086500,0.00,0.00
randomArrays.txt,InsertionSort,2,0.064500,0.00,0.00
randomArrays.txt,InsertionSort,3,0.054800,0.00,0.00
randomArrays.txt,InsertionSort,1,0.005100,0.00,0.00
randomArrays.txt,InsertionSort,2,0.004700,0.00,0.00
randomArrays.txt,InsertionSort,3,0.005200,0.00,0.00
randomArrays.txt,InsertionSort,1,0.106000,0.00,0.00
randomArrays.txt,InsertionSort,2,0.091300,0.00,0.00
randomArrays.txt,InsertionSort,3,0.102400,0.00,0.00
randomArrays.txt,InsertionSort,1,0.072400,0.00,0.00
randomArrays.txt,InsertionSort,2,0.201500,0.00,0.00
randomArrays.txt,InsertionSort,3,0.078000,0.00,0.00
randomArrays.txt,InsertionSort,1,0.066400,0.00,0.00
randomArrays.txt,InsertionSort,2,0.083000,0.00,0.00
randomArrays.txt,InsertionSort,3,0.060500,0.00,0.00
randomArrays.txt,InsertionSort,1,0.084700,0.00,0.00
randomArrays.txt,InsertionSort,2,0.320800,0.00,0.00
randomArrays.txt,InsertionSort,3,0.072300,0.00,0.00
randomArrays.txt,InsertionSort,1,0.029800,0.00,0.00
randomArrays.txt,InsertionSort,2,0.027500,0.00,0.00
randomArrays.txt,InsertionSort,3,0.027600,0.00,0.00
randomArrays.txt,InsertionSort,1,0.112000,0.00,0.00
randomArrays.txt,InsertionSort,2,0.101900,3833.42,0.00
randomArrays.txt,InsertionSort,3,0.092000,0.00,0.00
randomArrays.txt,InsertionSort,1,0.092900,0.00,0.00
randomArrays.txt,InsertionSort,2,0.109900,0.00,0.00
randomArrays.txt,InsertionSort,3,0.087100,0.00,0.00
randomArrays.txt,InsertionSort,1,0.024700,0.00,0.00
randomArrays.txt,InsertionSort,2,0.030300,0.00,0.00
randomArrays.txt,InsertionSort,3,0.024300,0.00,0.00
randomArrays.txt,InsertionSort,1,0.015400,0.00,0.00
randomArrays.txt,InsertionSort,2,0.015100,0.00,0.00
randomArrays.txt,InsertionSort,3,0.014800,0.00,0.00
randomArrays.txt,InsertionSort,1,0.067800,0.00,0.00
randomArrays.txt,InsertionSort,2,0.066100,0.00,0.00
randomArrays.txt,InsertionSort,3,0.068200,0.00,0.00
randomArrays.txt,InsertionSort,1,0.029000,0.00,0.00
randomArrays.txt,InsertionSort,2,0.029700,0.00,0.00
randomArrays.txt,InsertionSort,3,0.030900,0.00,0.00
randomArrays.txt,InsertionSort,1,0.138700,0.00,0.00
randomArrays.txt,InsertionSort,2,0.256100,0.00,0.00
randomArrays.txt,InsertionSort,3,0.187500,0.00,0.00
randomArrays.txt,InsertionSort,1,0.016700,0.00,0.00
randomArrays.txt,InsertionSort,2,0.017000,0.00,0.00
randomArrays.txt,InsertionSort,3,0.017000,0.00,0.00
randomArrays.txt,InsertionSort,1,0.018900,0.00,0.00
randomArrays.txt,InsertionSort,2,0.016500,0.00,0.00
randomArrays.txt,InsertionSort,3,0.017800,0.00,0.00
randomArrays.txt,InsertionSort,1,0.106400,0.00,0.00
randomArrays.txt,InsertionSort,2,0.115300,0.00,0.00
randomArrays.txt,InsertionSort,3,0.111300,0.00,0.00
randomArrays.txt,InsertionSort,1,0.061100,0.00,0.00
randomArrays.txt,InsertionSort,2,0.069600,0.00,0.00
randomArrays.txt,InsertionSort,3,0.064800,0.00,0.00
randomArrays.txt,InsertionSort,1,0.177600,0.00,0.00
randomArrays.txt,InsertionSort,2,0.177500,0.00,0.00
randomArrays.txt,InsertionSort,3,0.211300,0.00,0.00
randomArrays.txt,InsertionSort,1,0.001100,0.00,0.00
randomArrays.txt,InsertionSort,2,0.001100,0.00,0.00
randomArrays.txt,InsertionSort,3,0.000700,0.00,0.00
randomArrays.txt,InsertionSort,1,0.134700,0.00,0.00
randomArrays.txt,InsertionSort,2,0.141900,0.00,0.00
randomArrays.txt,InsertionSort,3,0.142800,0.00,0.00
randomArrays.txt,InsertionSort,1,0.048000,0.00,0.00
randomArrays.txt,InsertionSort,2,0.050000,0.00,0.00
randomArrays.txt,InsertionSort,3,0.115100,3393.79,0.00
randomArrays.txt,InsertionSort,1,0.130200,0.00,0.00
randomArrays.txt,InsertionSort,2,0.129400,0.00,0.00
randomArrays.txt,InsertionSort,3,0.143200,0.00,0.00
randomArrays.txt,InsertionSort,1,0.031700,0.00,0.00
randomArrays.txt,InsertionSort,2,0.035600,0.00,0.00
randomArrays.txt,InsertionSort,3,0.032200,0.00,0.00
randomArrays.txt,InsertionSort,1,0.072700,0.00,0.00
randomArrays.txt,InsertionSort,2,0.075200,0.00,0.00
randomArrays.txt,InsertionSort,3,0.072900,0.00,0.00
randomArrays.txt,InsertionSort,1,0.223600,0.00,0.00
randomArrays.txt,InsertionSort,2,0.182700,0.00,0.00
randomArrays.txt,InsertionSort,3,0.191600,0.00,0.00
randomArrays.txt,InsertionSort,1,0.006700,0.00,0.00
randomArrays.txt,InsertionSort,2,0.005600,0.00,0.00
randomArrays.txt,InsertionSort,3,0.006400,0.00,0.00
randomArrays.txt,InsertionSort,1,0.189600,0.00,0.00
randomArrays.txt,InsertionSort,2,0.178800,0.00,0.00
randomArrays.txt,InsertionSort,3,0.163600,0.00,0.00
randomArrays.txt,InsertionSort,1,0.103700,0.00,0.00
randomArrays.txt,InsertionSort,2,0.080300,0.00,0.00
randomArrays.txt,InsertionSort,3,0.080700,0.00,0.00
randomArrays.txt,InsertionSort,1,0.187200,0.00,0.00
randomArrays.txt,InsertionSort,2,0.180600,0.00,0.00
randomArrays.txt,InsertionSort,3,0.180100,0.00,0.00
randomArrays.txt,InsertionSort,1,0.011800,0.00,0.00
randomArrays.txt,InsertionSort,2,0.013300,0.00,0.00
randomArrays.txt,InsertionSort,3,0.013000,0.00,0.00
randomArrays.txt,InsertionSort,1,0.133700,0.00,0.00
randomArrays.txt,InsertionSort,2,0.111400,0.00,0.00
randomArrays.txt,InsertionSort,3,0.109900,0.00,0.00
randomArrays.txt,InsertionSort,1,0.092900,0.00,0.00
randomArrays.txt,InsertionSort,2,0.090600,0.00,0.00
randomArrays.txt,InsertionSort,3,0.092600,0.00,0.00
randomArrays.txt,InsertionSort,1,0.057400,0.00,0.00
randomArrays.txt,InsertionSort,2,0.065600,0.00,0.00
randomArrays.txt,InsertionSort,3,0.064400,0.00,0.00
randomArrays.txt,InsertionSort,1,0.042400,0.00,0.00
randomArrays.txt,InsertionSort,2,0.047600,0.00,0.00
randomArrays.txt,InsertionSort,3,0.049000,0.00,0.00
randomArrays.txt,InsertionSort,1,0.198900,0.00,0.00
randomArrays.txt,InsertionSort,2,0.229200,0.00,0.00
randomArrays.txt,InsertionSort,3,0.194400,0.00,0.00
randomArrays.txt,InsertionSort,1,0.143700,0.00,0.00
randomArrays.txt,InsertionSort,2,0.137900,0.00,0.00
randomArrays.txt,InsertionSort,3,0.127900,0.00,0.00
randomArrays.txt,InsertionSort,1,0.036900,0.00,0.00
randomArrays.txt,InsertionSort,2,0.036600,0.00,0.00
randomArrays.txt,InsertionSort,3,0.036700,0.00,0.00
randomArrays.txt,InsertionSort,1,0.137100,0.00,0.00
randomArrays.txt,InsertionSort,2,0.137700,0.00,0.00
randomArrays.txt,InsertionSort,3,0.139200,0.00,0.00
randomArrays.txt,InsertionSort,1,0.058600,0.00,0.00
randomArrays.txt,InsertionSort,2,0.059100,0.00,0.00
randomArrays.txt,InsertionSort,3,0.058100,0.00,0.00
randomArrays.txt,InsertionSort,1,0.006500,0.00,0.00
randomArrays.txt,InsertionSort,2,0.005900,0.00,0.00
randomArrays.txt,InsertionSort,3,0.006100,0.00,0.00
randomArrays.txt,InsertionSort,1,0.077600,0.00,0.00
randomArrays.txt,InsertionSort,2,0.075400,0.00,0.00
randomArrays.txt,InsertionSort,3,0.076400,0.00,0.00
randomArrays.txt,InsertionSort,1,0.216700,0.00,0.00
randomArrays.txt,InsertionSort,2,0.086800,0.00,0.00
randomArrays.txt,InsertionSort,3,0.086200,0.00,0.00
randomArrays.txt,InsertionSort,1,0.380000,0.00,0.00
randomArrays.txt,InsertionSort,2,0.205000,0.00,0.00
randomArrays.txt,InsertionSort,3,0.201400,0.00,0.00
randomArrays.txt,InsertionSort,1,0.107000,0.00,0.00
randomArrays.txt,InsertionSort,2,0.107700,0.00,0.00
randomArrays.txt,InsertionSort,3,0.117400,0.00,0.00
randomArrays.txt,InsertionSort,1,0.779900,0.00,0.00
randomArrays.txt,InsertionSort,2,0.212700,0.00,0.00
randomArrays.txt,InsertionSort,3,0.224500,0.00,0.00
randomArrays.txt,InsertionSort,1,0.138200,0.00,0.00
randomArrays.txt,InsertionSort,2,0.138900,0.00,0.00
randomArrays.txt,InsertionSort,3,38.403000,0.00,0.00
randomArrays.txt,InsertionSort,1,0.188000,0.00,0.00
randomArrays.txt,InsertionSort,2,0.150400,0.00,0.00
randomArrays.txt,InsertionSort,3,2.822700,0.00,0.00
randomArrays.txt,InsertionSort,1,0.195200,0.00,0.00
randomArrays.txt,InsertionSort,2,0.200900,0.00,0.00
randomArrays.txt,InsertionSort,3,0.201000,0.00,0.00
randomArrays.txt,InsertionSort,1,0.001000,0.00,0.00
randomArrays.txt,InsertionSort,2,0.001000,0.00,0.00
randomArrays.txt,InsertionSort,3,0.001100,0.00,0.00
randomArrays.txt,InsertionSort,1,0.139200,0.00,0.00
randomArrays.txt,InsertionSort,2,0.062600,0.00,0.00
randomArrays.txt,InsertionSort,3,0.059300,0.00,0.00
randomArrays.txt,InsertionSort,1,0.024500,0.00,0.00
randomArrays.txt,InsertionSort,2,0.026500,0.00,0.00
randomArrays.txt,InsertionSort,3,0.027800,0.00,0.00
randomArrays.txt,InsertionSort,1,0.018600,0.00,0.00
randomArrays.txt,InsertionSort,2,0.019100,0.00,0.00
randomArrays.txt,InsertionSort,3,0.016800,0.00,0.00
randomArrays.txt,InsertionSort,1,0.035900,0.00,0.00
randomArrays.txt,InsertionSort,2,0.041600,0.00,0.00
randomArrays.txt,InsertionSort,3,0.040000,0.00,0.00
randomArrays.txt,InsertionSort,1,0.054300,0.00,0.00
randomArrays.txt,InsertionSort,2,0.059500,0.00,0.00
randomArrays.txt,InsertionSort,3,0.055000,0.00,0.00
randomArrays.txt,InsertionSort,1,0.574400,0.00,0.00
randomArrays.txt,InsertionSort,2,0.265400,0.00,0.00
randomArrays.txt,InsertionSort,3,0.238900,0.00,0.00
randomArrays.txt,InsertionSort,1,0.004700,0.00,0.00
randomArrays.txt,InsertionSort,2,0.004300,0.00,0.00
randomArrays.txt,InsertionSort,3,0.004600,0.00,0.00
randomArrays.txt,InsertionSort,1,0.053400,0.00,0.00
randomArrays.txt,InsertionSort,2,0.278100,0.00,0.00
randomArrays.txt,InsertionSort,3,0.051000,0.00,0.00
randomArrays.txt,InsertionSort,1,0.006600,0.00,0.00
randomArrays.txt,InsertionSort,2,0.006200,0.00,0.00
randomArrays.txt,InsertionSort,3,0.005600,0.00,0.00
randomArrays.txt,InsertionSort,1,0.049200,0.00,0.00
randomArrays.txt,InsertionSort,2,0.047100,0.00,0.00
randomArrays.txt,InsertionSort,3,0.045600,0.00,0.00
randomArrays.txt,InsertionSort,1,0.001400,0.00,0.00
randomArrays.txt,InsertionSort,2,0.001000,0.00,0.00
randomArrays.txt,InsertionSort,3,0.001000,0.00,0.00
randomArrays.txt,InsertionSort,1,0.078300,0.00,0.00
randomArrays.txt,InsertionSort,2,0.077100,0.00,0.00
randomArrays.txt,InsertionSort,3,0.062200,0.00,0.00
randomArrays.txt,InsertionSort,1,0.019900,0.00,0.00
randomArrays.txt,InsertionSort,2,0.028700,13610.63,0.00
randomArrays.txt,InsertionSort,3,0.017700,0.00,0.00
randomArrays.txt,InsertionSort,1,0.002900,0.00,0.00
randomArrays.txt,InsertionSort,2,0.002700,0.00,0.00
randomArrays.txt,InsertionSort,3,0.003100,0.00,0.00
randomArrays.txt,InsertionSort,1,0.071800,0.00,0.00
randomArrays.txt,InsertionSort,2,0.254800,0.00,0.00
randomArrays.txt,InsertionSort,3,0.080600,0.00,0.00
randomArrays.txt,InsertionSort,1,0.202200,0.00,0.00
randomArrays.txt,InsertionSort,2,0.091900,0.00,0.00
randomArrays.txt,InsertionSort,3,0.080800,0.00,0.00
randomArrays.txt,InsertionSort,1,0.068800,0.00,0.00
randomArrays.txt,InsertionSort,2,0.085200,0.00,0.00
randomArrays.txt,InsertionSort,3,0.079200,0.00,0.00
randomArrays.txt,InsertionSort,1,0.710300,0.00,0.00
randomArrays.txt,InsertionSort,2,0.201100,0.00,0.00
randomArrays.txt,InsertionSort,3,0.196000,0.00,0.00
randomArrays.txt,InsertionSort,1,0.084600,0.00,0.00
randomArrays.txt,InsertionSort,2,0.223700,0.00,0.00
randomArrays.txt,InsertionSort,3,0.103800,0.00,0.00
randomArrays.txt,InsertionSort,1,0.166200,0.00,0.00
randomArrays.txt,InsertionSort,2,0.213500,0.00,0.00
randomArrays.txt,InsertionSort,3,0.169600,0.00,0.00
randomArrays.txt,InsertionSort,1,0.052700,0.00,0.00
randomArrays.txt,InsertionSort,2,0.069200,0.00,0.00
randomArrays.txt,InsertionSort,3,0.048800,0.00,0.00
randomArrays.txt,InsertionSort,1,0.037000,0.00,0.00
randomArrays.txt,InsertionSort,2,0.035500,0.00,0.00
randomArrays.txt,InsertionSort,3,0.038200,0.00,0.00
randomArrays.txt,InsertionSort,1,0.031100,0.00,0.00
randomArrays.txt,InsertionSort,2,0.134300,0.00,0.00
randomArrays.txt,InsertionSort,3,0.033800,0.00,0.00
randomArrays.txt,InsertionSort,1,0.172600,0.00,0.00
randomArrays.txt,InsertionSort,2,0.078200,0.00,0.00
randomArrays.txt,InsertionSort,3,0.089200,0.00,0.00
randomArrays.txt,InsertionSort,1,0.167600,0.00,0.00
randomArrays.txt,InsertionSort,2,0.172600,0.00,0.00
randomArrays.txt,InsertionSort,3,0.141100,0.00,0.00
randomArrays.txt,InsertionSort,1,0.008500,0.00,0.00
randomArrays.txt,InsertionSort,2,0.010200,0.00,0.00
randomArrays.txt,InsertionSort,3,0.009300,0.00,0.00
randomArrays.txt,InsertionSort,1,0.046900,0.00,0.00
randomArrays.txt,InsertionSort,2,0.050200,0.00,0.00
randomArrays.txt,InsertionSort,3,0.041100,0.00,0.00
randomArrays.txt,InsertionSort,1,0.033500,0.00,0.00
randomArrays.txt,InsertionSort,2,0.035900,0.00,0.00
randomArrays.txt,InsertionSort,3,0.035800,0.00,0.00
randomArrays.txt,InsertionSort,1,0.081100,0.00,0.00
randomArrays.txt,InsertionSort,2,0.244700,0.00,0.00
randomArrays.txt,InsertionSort,3,0.091700,0.00,0.00
randomArrays.txt,InsertionSort,1,0.077400,0.00,0.00
randomArrays.txt,InsertionSort,2,0.085200,0.00,0.00
randomArrays.txt,InsertionSort,3,0.077500,0.00,0.00
randomArrays.txt,InsertionSort,1,0.146600,0.00,0.00
randomArrays.txt,InsertionSort,2,0.137300,0.00,0.00
randomArrays.txt,InsertionSort,3,0.132800,0.00,0.00
randomArrays.txt,InsertionSort,1,0.006400,0.00,0.00
randomArrays.txt,InsertionSort,2,0.006900,0.00,0.00
randomArrays.txt,InsertionSort,3,0.006800,0.00,0.00
randomArrays.txt,InsertionSort,1,0.062600,0.00,0.00
randomArrays.txt,InsertionSort,2,0.059100,0.00,0.00
randomArrays.txt,InsertionSort,3,0.050400,0.00,0.00
randomArrays.txt,InsertionSort,1,0.086300,0.00,0.00
randomArrays.txt,InsertionSort,2,0.061900,0.00,0.00
randomArrays.txt,InsertionSort,3,0.061700,0.00,0.00
randomArrays.txt,InsertionSort,1,0.010500,0.00,0.00
randomArrays.txt,InsertionSort,2,0.016100,0.00,0.00
randomArrays.txt,InsertionSort,3,0.013300,0.00,0.00
randomArrays.txt,InsertionSort,1,0.005100,0.00,0.00
randomArrays.txt,InsertionSort,2,0.007300,0.00,0.00
randomArrays.txt,InsertionSort,3,0.004900,0.00,0.00
randomArrays.txt,InsertionSort,1,0.079200,0.00,0.00
randomArrays.txt,InsertionSort,2,0.190200,0.00,0.00
randomArrays.txt,InsertionSort,3,0.084300,0.00,0.00
randomArrays.txt,InsertionSort,1,0.043800,0.00,0.00
randomArrays.txt,InsertionSort,2,0.045400,0.00,0.00
randomArrays.txt,InsertionSort,3,0.042300,0.00,0.00
randomArrays.txt,InsertionSort,1,0.026400,0.00,0.00
randomArrays.txt,InsertionSort,2,0.024900,0.00,0.00
randomArrays.txt,InsertionSort,3,0.024800,0.00,0.00
randomArrays.txt,InsertionSort,1,0.125300,0.00,0.00
randomArrays.txt,InsertionSort,2,0.129300,0.00,0.00
randomArrays.txt,InsertionSort,3,0.123500,0.00,0.00
randomArrays.txt,InsertionSort,1,0.016600,0.00,0.00
randomArrays.txt,InsertionSort,2,0.017200,0.00,0.00
randomArrays.txt,InsertionSort,3,0.014100,0.00,0.00
randomArrays.txt,InsertionSort,1,0.079000,0.00,0.00
randomArrays.txt,InsertionSort,2,0.081600,0.00,0.00
randomArrays.txt,InsertionSort,3,0.080800,0.00,0.00
randomArrays.txt,InsertionSort,1,0.206400,0.00,0.00
randomArrays.txt,InsertionSort,2,0.164400,0.00,0.00
randomArrays.txt,InsertionSort,3,0.155200,0.00,0.00
randomArrays.txt,InsertionSort,1,0.003100,0.00,0.00
randomArrays.txt,InsertionSort,2,0.002800,0.00,0.00
randomArrays.txt,InsertionSort,3,0.003000,0.00,0.00
randomArrays.txt,InsertionSort,1,0.102600,0.00,0.00
randomArrays.txt,InsertionSort,2,0.134400,0.00,0.00
randomArrays.txt,InsertionSort,3,0.095700,0.00,0.00
randomArrays.txt,InsertionSort,1,0.063600,0.00,0.00
randomArrays.txt,InsertionSort,2,0.056600,0.00,0.00
randomArrays.txt,InsertionSort,3,0.057300,0.00,0.00
randomArrays.txt,InsertionSort,1,0.227700,0.00,0.00
randomArrays.txt,InsertionSort,2,0.181000,0.00,0.00
randomArrays.txt,InsertionSort,3,0.170300,0.00,0.00
randomArrays.txt,InsertionSort,1,0.065200,0.00,0.00
randomArrays.txt,InsertionSort,2,0.064900,0.00,0.00
randomArrays.txt,InsertionSort,3,0.068900,0.00,0.00
randomArrays.txt,InsertionSort,1,0.064700,0.00,0.00
randomArrays.txt,InsertionSort,2,0.067100,0.00,0.00
randomArrays.txt,InsertionSort,3,0.063200,0.00,0.00
randomArrays.txt,InsertionSort,1,0.087900,0.00,0.00
randomArrays.txt,InsertionSort,2,0.080100,0.00,0.00
randomArrays.txt,InsertionSort,3,0.080600,0.00,0.00
randomArrays.txt,InsertionSort,1,0.074500,0.00,0.00
randomArrays.txt,InsertionSort,2,0.060700,0.00,0.00
randomArrays.txt,InsertionSort,3,0.073500,0.00,0.00
randomArrays.txt,InsertionSort,1,0.017600,0.00,0.00
randomArrays.txt,InsertionSort,2,0.018100,0.00,0.00
randomArrays.txt,InsertionSort,3,0.017500,0.00,0.00
randomArrays.txt,InsertionSort,1,0.016100,0.00,0.00
randomArrays.txt,InsertionSort,2,0.018400,0.00,0.00
randomArrays.txt,InsertionSort,3,0.014300,0.00,0.00
randomArrays.txt,InsertionSort,1,0.190900,0.00,0.00
randomArrays.txt,InsertionSort,2,0.165000,0.00,0.00
randomArrays.txt,InsertionSort,3,0.159800,0.00,0.00
randomArrays.txt,InsertionSort,1,0.190600,0.00,0.00
randomArrays.txt,InsertionSort,2,0.175600,0.00,0.00
randomArrays.txt,InsertionSort,3,0.196400,0.00,0.00
randomArrays.txt,InsertionSort,1,0.339900,0.00,0.00
randomArrays.txt,InsertionSort,2,0.205300,0.00,0.00
randomArrays.txt,InsertionSort,3,0.224000,0.00,0.00
randomArrays.txt,InsertionSort,1,0.197500,0.00,0.00
randomArrays.txt,InsertionSort,2,0.190800,0.00,0.00
randomArrays.txt,InsertionSort,3,0.191800,0.00,0.00
randomArrays.txt,InsertionSort,1,0.165400,0.00,0.00
randomArrays.txt,InsertionSort,2,0.206500,0.00,0.00
randomArrays.txt,InsertionSort,3,0.166800,0.00,0.00
randomArrays.txt,InsertionSort,1,0.001400,0.00,0.00
randomArrays.txt,InsertionSort,2,0.001200,0.00,0.00
randomArrays.txt,InsertionSort,3,0.001200,0.00,0.00
randomArrays.txt,InsertionSort,1,0.011000,0.00,0.00
randomArrays.txt,InsertionSort,2,0.011800,0.00,0.00
randomArrays.txt,InsertionSort,3,0.011400,0.00,0.00
randomArrays.txt,InsertionSort,1,0.162200,0.00,0.00
randomArrays.txt,InsertionSort,2,0.172600,0.00,0.00
randomArrays.txt,InsertionSort,3,0.168200,0.00,0.00
randomArrays.txt,InsertionSort,1,0.107400,0.00,0.00
randomArrays.txt,InsertionSort,2,0.107600,0.00,0.00
randomArrays.txt,InsertionSort,3,0.107900,0.00,0.00
randomArrays.txt,InsertionSort,1,0.092100,0.00,0.00
randomArrays.txt,InsertionSort,2,0.085100,0.00,0.00
randomArrays.txt,InsertionSort,3,0.093800,0.00,0.00
randomArrays.txt,InsertionSort,1,0.229300,0.00,0.00
randomArrays.txt,InsertionSort,2,0.209900,0.00,0.00
randomArrays.txt,InsertionSort,3,0.215300,0.00,0.00
randomArrays.txt,InsertionSort,1,0.255000,0.00,0.00
randomArrays.txt,InsertionSort,2,0.222500,0.00,0.00
randomArrays.txt,InsertionSort,3,0.230000,0.00,0.00
randomArrays.txt,InsertionSort,1,0.020000,0.00,0.00
randomArrays.txt,InsertionSort,2,0.020300,0.00,0.00
randomArrays.txt,InsertionSort,3,0.020200,0.00,0.00
randomArrays.txt,InsertionSort,1,0.079500,0.00,0.00
randomArrays.txt,InsertionSort,2,0.071800,0.00,0.00
randomArrays.txt,InsertionSort,3,0.067500,0.00,0.00
randomArrays.txt,InsertionSort,1,0.154100,0.00,0.00
randomArrays.txt,InsertionSort,2,0.157700,0.00,0.00
randomArrays.txt,InsertionSort,3,0.159200,0.00,0.00
randomArrays.txt,InsertionSort,1,0.011100,0.00,0.00
randomArrays.txt,InsertionSort,2,0.010000,0.00,0.00
randomArrays.txt,InsertionSort,3,0.012700,0.00,0.00
randomArrays.txt,InsertionSort,1,0.122800,0.00,0.00
randomArrays.txt,InsertionSort,2,0.109000,0.00,0.00
randomArrays.txt,InsertionSort,3,0.111200,0.00,0.00
randomArrays.txt,InsertionSort,1,0.216200,0.00,0.00
randomArrays.txt,InsertionSort,2,0.198200,0.00,0.00
randomArrays.txt,InsertionSort,3,0.218800,0.00,0.00
randomArrays.txt,InsertionSort,1,0.079500,0.00,0.00
randomArrays.txt,InsertionSort,2,0.072600,0.00,0.00
randomArrays.txt,InsertionSort,3,0.084300,0.00,0.00
randomArrays.txt,InsertionSort,1,0.012400,0.00,0.00
randomArrays.txt,InsertionSort,2,0.010800,0.00,0.00
randomArrays.txt,InsertionSort,3,0.012700,0.00,0.00
randomArrays.txt,InsertionSort,1,1.557700,0.00,0.00
randomArrays.txt,InsertionSort,2,0.111600,0.00,0.00
randomArrays.txt,InsertionSort,3,0.119700,0.00,0.00
randomArrays.txt,InsertionSort,1,0.012500,0.00,0.00
randomArrays.txt,InsertionSort,2,0.009300,0.00,0.00
randomArrays.txt,InsertionSort,3,0.010400,0.00,0.00
randomArrays.txt,InsertionSort,1,0.064400,0.00,0.00
randomArrays.txt,InsertionSort,2,0.065200,0.00,0.00
randomArrays.txt,InsertionSort,3,0.069800,0.00,0.00
randomArrays.txt,InsertionSort,1,0.046700,0.00,0.00
randomArrays.txt,InsertionSort,2,0.036100,0.00,0.00
randomArrays.txt,InsertionSort,3,0.037600,0.00,0.00
randomArrays.txt,InsertionSort,1,0.157700,0.00,0.00
randomArrays.txt,InsertionSort,2,0.171700,0.00,0.00
randomArrays.txt,InsertionSort,3,0.139800,0.00,0.00
randomArrays.txt,InsertionSort,1,0.123100,0.00,0.00
randomArrays.txt,InsertionSort,2,0.133600,0.00,0.00
randomArrays.txt,InsertionSort,3,0.145500,0.00,0.00
randomArrays.txt,InsertionSort,1,0.123900,0.00,0.00
randomArrays.txt,InsertionSort,2,0.104800,0.00,0.00
randomArrays.txt,InsertionSort,3,0.105600,0.00,0.00
randomArrays.txt,InsertionSort,1,0.147500,0.00,0.00
randomArrays.txt,InsertionSort,2,0.143700,0.00,0.00
randomArrays.txt,InsertionSort,3,1.070800,0.00,0.00
randomArrays.txt,InsertionSort,1,0.135200,0.00,0.00
randomArrays.txt,InsertionSort,2,0.142600,0.00,0.00
randomArrays.txt,InsertionSort,3,0.141500,0.00,0.00
randomArrays.txt,InsertionSort,1,0.054300,0.00,0.00
randomArrays.txt,InsertionSort,2,0.033600,0.00,0.00
randomArrays.txt,InsertionSort,3,0.034600,0.00,0.00
randomArrays.txt,InsertionSort,1,0.075700,0.00,0.00
randomArrays.txt,InsertionSort,2,0.086200,0.00,0.00
randomArrays.txt,InsertionSort,3,0.087500,0.00,0.00
randomArrays.txt,InsertionSort,1,0.187000,0.00,0.00
randomArrays.txt,InsertionSort,2,0.187400,0.00,0.00
randomArrays.txt,InsertionSort,3,0.194300,0.00,0.00
randomArrays.txt,InsertionSort,1,0.016900,0.00,0.00
randomArrays.txt,InsertionSort,2,0.017900,0.00,0.00
randomArrays.txt,InsertionSort,3,0.018800,0.00,0.00
randomArrays.txt,InsertionSort,1,0.095400,0.00,0.00
randomArrays.txt,InsertionSort,2,0.108600,0.00,0.00
randomArrays.txt,InsertionSort,3,0.103700,0.00,0.00
randomArrays.txt,InsertionSort,1,0.103700,0.00,0.00
randomArrays.txt,InsertionSort,2,0.100900,0.00,0.00
randomArrays.txt,InsertionSort,3,0.116400,0.00,0.00
randomArrays.txt,InsertionSort,1,0.003900,0.00,0.00
randomArrays.txt,InsertionSort,2,0.003600,0.00,0.00
randomArrays.txt,InsertionSort,3,0.003400,0.00,0.00
randomArrays.txt,InsertionSort,1,0.050700,0.00,0.00
randomArrays.txt,InsertionSort,2,0.049600,0.00,0.00
randomArrays.txt,InsertionSort,3,0.050000,0.00,0.00
randomArrays.txt,InsertionSort,1,3.140100,0.00,0.00
randomArrays.txt,InsertionSort,2,0.140500,0.00,0.00
randomArrays.txt,InsertionSort,3,0.154400,0.00,0.00
randomArrays.txt,InsertionSort,1,0.015900,0.00,0.00
randomArrays.txt,InsertionSort,2,0.018300,0.00,0.00
randomArrays.txt,InsertionSort,3,0.014100,0.00,0.00
randomArrays.txt,InsertionSort,1,0.046700,0.00,0.00
randomArrays.txt,InsertionSort,2,0.047000,0.00,0.00
randomArrays.txt,InsertionSort,3,0.047300,0.00,0.00
randomArrays.txt,InsertionSort,1,0.391900,0.00,0.00
randomArrays.txt,InsertionSort,2,0.172200,0.00,0.00
randomArrays.txt,InsertionSort,3,0.179100,0.00,0.00
randomArrays.txt,InsertionSort,1,0.027400,0.00,0.00
randomArrays.txt,InsertionSort,2,0.023900,0.00,0.00
randomArrays.txt,InsertionSort,3,0.022900,0.00,0.00
randomArrays.txt,InsertionSort,1,0.025200,0.00,0.00
randomArrays.txt,InsertionSort,2,0.025800,0.00,0.00
randomArrays.txt,InsertionSort,3,0.023700,0.00,0.00
randomArrays.txt,InsertionSort,1,0.020400,0.00,0.00
randomArrays.txt,InsertionSort,2,0.018800,0.00,0.00
randomArrays.txt,InsertionSort,3,0.019200,0.00,0.00
randomArrays.txt,InsertionSort,1,0.097400,0.00,0.00
randomArrays.txt,InsertionSort,2,0.310600,0.00,0.00
randomArrays.txt,InsertionSort,3,0.098100,0.00,0.00
randomArrays.txt,InsertionSort,1,0.001900,0.00,0.00
randomArrays.txt,InsertionSort,2,0.002200,0.00,0.00
randomArrays.txt,InsertionSort,3,0.002000,0.00,0.00
randomArrays.txt,InsertionSort,1,0.095600,0.00,0.00
randomArrays.txt,InsertionSort,2,0.090900,0.00,0.00
randomArrays.txt,InsertionSort,3,6.204200,0.00,0.00
randomArrays.txt,InsertionSort,1,0.195600,0.00,0.00
randomArrays.txt,InsertionSort,2,0.199800,0.00,0.00
randomArrays.txt,InsertionSort,3,0.199000,0.00,0.00
randomArrays.txt,InsertionSort,1,0.135100,0.00,0.00
randomArrays.txt,InsertionSort,2,0.125600,0.00,0.00
randomArrays.txt,InsertionSort,3,0.120100,0.00,0.00
randomArrays.txt,InsertionSort,1,0.130300,0.00,0.00
randomArrays.txt,InsertionSort,2,0.124700,0.00,0.00
randomArrays.txt,InsertionSort,3,0.128000,0.00,0.00
randomArrays.txt,InsertionSort,1,0.136000,0.00,0.00
randomArrays.txt,InsertionSort,2,0.121300,0.00,0.00
randomArrays.txt,InsertionSort,3,0.130800,0.00,0.00
randomArrays.txt,InsertionSort,1,0.139500,0.00,0.00
randomArrays.txt,InsertionSort,2,0.114500,0.00,0.00
randomArrays.txt,InsertionSort,3,0.105600,0.00,0.00
randomArrays.txt,InsertionSort,1,0.018000,0.00,0.00
randomArrays.txt,InsertionSort,2,0.017600,0.00,0.00
randomArrays.txt,InsertionSort,3,0.017200,0.00,0.00
randomArrays.txt,InsertionSort,1,0.033000,0.00,0.00
randomArrays.txt,InsertionSort,2,0.036100,0.00,0.00
randomArrays.txt,InsertionSort,3,0.035000,0.00,0.00
randomArrays.txt,InsertionSort,1,0.168700,0.00,0.00
randomArrays.txt,InsertionSort,2,0.159600,0.00,0.00
randomArrays.txt,InsertionSort,3,0.187400,0.00,0.00
randomArrays.txt,InsertionSort,1,0.197800,0.00,0.00
randomArrays.txt,InsertionSort,2,0.190500,0.00,0.00
randomArrays.txt,InsertionSort,3,0.195600,0.00,0.00
randomArrays.txt,InsertionSort,1,0.079900,0.00,0.00
randomArrays.txt,InsertionSort,2,0.080900,0.00,0.00
randomArrays.txt,InsertionSort,3,0.083100,0.00,0.00
randomArrays.txt,InsertionSort,1,0.046900,0.00,0.00
randomArrays.txt,InsertionSort,2,0.044300,0.00,0.00
randomArrays.txt,InsertionSort,3,0.044500,0.00,0.00
randomArrays.txt,InsertionSort,1,0.011900,0.00,0.00
randomArrays.txt,InsertionSort,2,0.012600,0.00,0.00
randomArrays.txt,InsertionSort,3,0.013400,0.00,0.00
randomArrays.txt,InsertionSort,1,0.271700,0.00,0.00
randomArrays.txt,InsertionSort,2,0.161700,0.00,0.00
randomArrays.txt,InsertionSort,3,0.186900,0.00,0.00
randomArrays.txt,InsertionSort,1,0.108500,0.00,0.00
randomArrays.txt,InsertionSort,2,0.075300,0.00,0.00
randomArrays.txt,InsertionSort,3,0.208100,0.00,0.00
randomArrays.txt,InsertionSort,1,0.001100,0.00,0.00
randomArrays.txt,InsertionSort,2,0.001000,0.00,0.00
randomArrays.txt,InsertionSort,3,0.000900,0.00,0.00
randomArrays.txt,InsertionSort,1,1.152300,0.00,0.00
randomArrays.txt,InsertionSort,2,0.064200,0.00,0.00
randomArrays.txt,InsertionSort,3,0.064500,0.00,0.00
randomArrays.txt,InsertionSort,1,0.019100,0.00,0.00
randomArrays.txt,InsertionSort,2,0.159000,0.00,0.00
randomArrays.txt,InsertionSort,3,0.026200,0.00,0.00
randomArrays.txt,InsertionSort,1,0.028900,0.00,0.00
randomArrays.txt,InsertionSort,2,0.030300,0.00,0.00
randomArrays.txt,InsertionSort,3,0.029600,0.00,0.00
randomArrays.txt,InsertionSort,1,0.021300,0.00,0.00
randomArrays.txt,InsertionSort,2,0.047500,0.00,0.00
randomArrays.txt,InsertionSort,3,0.021600,0.00,0.00
randomArrays.txt,InsertionSort,1,0.032000,0.00,0.00
randomArrays.txt,InsertionSort,2,0.031200,0.00,0.00
randomArrays.txt,InsertionSort,3,0.030700,0.00,0.00
randomArrays.txt,InsertionSort,1,0.024300,0.00,0.00
randomArrays.txt,InsertionSort,2,0.019800,0.00,0.00
randomArrays.txt,InsertionSort,3,0.019500,0.00,0.00
randomArrays.txt,InsertionSort,1,0.027700,0.00,0.00
randomArrays.txt,InsertionSort,2,0.012700,0.00,0.00
randomArrays.txt,InsertionSort,3,0.013300,0.00,0.00
randomArrays.txt,InsertionSort,1,0.190200,0.00,0.00
randomArrays.txt,InsertionSort,2,0.199100,0.00,0.00
randomArrays.txt,InsertionSort,3,0.203600,0.00,0.00
randomArrays.txt,InsertionSort,1,0.136700,0.00,0.00
randomArrays.txt,InsertionSort,2,0.408600,0.00,0.00
randomArrays.txt,InsertionSort,3,0.116800,0.00,0.00
randomArrays.txt,InsertionSort,1,0.060000,0.00,0.00
randomArrays.txt,InsertionSort,2,0.084700,0.00,0.00
randomArrays.txt,InsertionSort,3,0.129100,0.00,0.00
randomArrays.txt,InsertionSort,1,0.058600,0.00,0.00
randomArrays.txt,InsertionSort,2,0.066700,0.00,0.00
randomArrays.txt,InsertionSort,3,0.063900,0.00,0.00
randomArrays.txt,InsertionSort,1,0.215300,0.00,0.00
randomArrays.txt,InsertionSort,2,0.163900,0.00,0.00
randomArrays.txt,InsertionSort,3,1.115000,0.00,0.00
randomArrays.txt,InsertionSort,1,0.034800,0.00,0.00
randomArrays.txt,InsertionSort,2,0.033200,0.00,0.00
randomArrays.txt,InsertionSort,3,0.032900,0.00,0.00
randomArrays.txt,InsertionSort,1,0.571500,0.00,0.00
randomArrays.txt,InsertionSort,2,0.144800,0.00,0.00
randomArrays.txt,InsertionSort,3,0.159500,0.00,0.00
randomArrays.txt,InsertionSort,1,1.762400,0.00,0.00
randomArrays.txt,InsertionSort,2,0.164100,0.00,0.00
randomArrays.txt,InsertionSort,3,0.235600,0.00,0.00
randomArrays.txt,InsertionSort,1,0.064700,0.00,0.00
randomArrays.txt,InsertionSort,2,0.051900,0.00,0.00
randomArrays.txt,InsertionSort,3,0.052100,0.00,0.00
randomArrays.txt,InsertionSort,1,0.108800,0.00,0.00
randomArrays.txt,InsertionSort,2,0.104000,0.00,0.00
randomArrays.txt,InsertionSort,3,0.114200,0.00,0.00
randomArrays.txt,InsertionSort,1,0.003800,0.00,0.00
randomArrays.txt,InsertionSort,2,0.003600,0.00,0.00
randomArrays.txt,InsertionSort,3,0.003600,0.00,0.00
randomArrays.txt,InsertionSort,1,0.108700,0.00,0.00
randomArrays.txt,InsertionSort,2,0.118100,0.00,0.00
randomArrays.txt,InsertionSort,3,0.117900,0.00,0.00
randomArrays.txt,InsertionSort,1,0.082500,0.00,0.00
randomArrays.txt,InsertionSort,2,0.081000,0.00,0.00
randomArrays.txt,InsertionSort,3,0.074000,0.00,0.00
randomArrays.txt,InsertionSort,1,0.140900,0.00,0.00
randomArrays.txt,InsertionSort,2,0.128600,0.00,0.00
randomArrays.txt,InsertionSort,3,0.135700,0.00,0.00
randomArrays.txt,InsertionSort,1,0.150000,0.00,0.00
randomArrays.txt,InsertionSort,2,0.130900,0.00,0.00
randomArrays.txt,InsertionSort,3,0.134000,0.00,0.00
randomArrays.txt,InsertionSort,1,0.022900,0.00,0.00
randomArrays.txt,InsertionSort,2,0.022900,0.00,0.00
randomArrays.txt,InsertionSort,3,0.023500,0.00,0.00
randomArrays.txt,InsertionSort,1,0.275400,0.00,0.00
randomArrays.txt,InsertionSort,2,0.220200,0.00,0.00
randomArrays.txt,InsertionSort,3,0.226500,0.00,0.00
randomArrays.txt,InsertionSort,1,0.020600,0.00,0.00
randomArrays.txt,InsertionSort,2,0.020600,0.00,0.00
randomArrays.txt,InsertionSort,3,0.024500,0.00,0.00
randomArrays.txt,InsertionSort,1,0.047800,0.00,0.00
randomArrays.txt,InsertionSort,2,0.196600,0.00,0.00
randomArrays.txt,InsertionSort,3,0.055300,0.00,0.00
randomArrays.txt,InsertionSort,1,0.063800,0.00,0.00
randomArrays.txt,InsertionSort,2,0.064100,0.00,0.00
randomArrays.txt,InsertionSort,3,0.064000,0.00,0.00
randomArrays.txt,InsertionSort,1,0.010500,0.00,0.00
randomArrays.txt,InsertionSort,2,0.010500,0.00,0.00
randomArrays.txt,InsertionSort,3,0.010500,0.00,0.00
randomArrays.txt,InsertionSort,1,0.275100,0.00,0.00
randomArrays.txt,InsertionSort,2,0.249600,0.00,0.00
randomArrays.txt,InsertionSort,3,0.247100,0.00,0.00
randomArrays.txt,InsertionSort,1,0.014500,0.00,0.00
randomArrays.txt,InsertionSort,2,0.015500,0.00,0.00
randomArrays.txt,InsertionSort,3,0.015700,0.00,0.00
randomArrays.txt,InsertionSort,1,0.013000,0.00,0.00
randomArrays.txt,InsertionSort,2,0.012400,0.00,0.00
randomArrays.txt,InsertionSort,3,0.012500,0.00,0.00
randomArrays.txt,InsertionSort,1,0.055200,0.00,0.00
randomArrays.txt,InsertionSort,2,0.061500,0.00,0.00
randomArrays.txt,InsertionSort,3,0.058200,0.00,0.00
randomArrays.txt,InsertionSort,1,0.014800,0.00,0.00
randomArrays.txt,InsertionSort,2,0.022700,0.00,0.00
randomArrays.txt,InsertionSort,3,0.015200,0.00,0.00
randomArrays.txt,InsertionSort,1,0.001700,0.00,0.00
randomArrays.txt,InsertionSort,2,0.001500,0.00,0.00
randomArrays.txt,InsertionSort,3,0.001500,0.00,0.00
randomArrays.txt,InsertionSort,1,0.008000,0.00,0.00
randomArrays.txt,InsertionSort,2,0.008700,0.00,0.00
randomArrays.txt,InsertionSort,3,0.008500,0.00,0.00
randomArrays.txt,InsertionSort,1,0.081900,0.00,0.00
randomArrays.txt,InsertionSort,2,0.083000,0.00,0.00
randomArrays.txt,InsertionSort,3,0.083200,0.00,0.00
randomArrays.txt,InsertionSort,1,0.117700,0.00,0.00
randomArrays.txt,InsertionSort,2,0.117900,0.00,0.00
randomArrays.txt,InsertionSort,3,0.117600,0.00,0.00
randomArrays.txt,InsertionSort,1,0.003500,0.00,0.00
randomArrays.txt,InsertionSort,2,0.003400,0.00,0.00
randomArrays.txt,InsertionSort,3,0.003100,0.00,0.00
randomArrays.txt,InsertionSort,1,0.001000,0.00,0.00
randomArrays.txt,InsertionSort,2,0.001000,0.00,0.00
randomArrays.txt,InsertionSort,3,0.001000,0.00,0.00
randomArrays.txt,InsertionSort,1,0.042200,0.00,0.00
randomArrays.txt,InsertionSort,2,0.048700,0.00,0.00
randomArrays.txt,InsertionSort,3,0.042000,0.00,0.00
randomArrays.txt,InsertionSort,1,0.025400,0.00,0.00
randomArrays.txt,InsertionSort,2,0.026700,0.00,0.00
randomArrays.txt,InsertionSort,3,0.026300,0.00,0.00
randomArrays.txt,InsertionSort,1,0.258300,0.00,0.00
randomArrays.txt,InsertionSort,2,0.238100,0.00,0.00
randomArrays.txt,InsertionSort,3,0.229000,0.00,0.00
randomArrays.txt,InsertionSort,1,0.002400,0.00,0.00
randomArrays.txt,InsertionSort,2,0.002300,0.00,0.00
randomArrays.txt,InsertionSort,3,0.002300,0.00,0.00
randomArrays.txt,InsertionSort,1,0.140100,0.00,0.00
randomArrays.txt,InsertionSort,2,0.161900,0.00,0.00
randomArrays.txt,InsertionSort,3,0.143700,0.00,0.00
randomArrays.txt,InsertionSort,1,0.122600,0.00,0.00
randomArrays.txt,InsertionSort,2,0.124000,0.00,0.00
randomArrays.txt,InsertionSort,3,0.125000,0.00,0.00
randomArrays.txt,InsertionSort,1,0.011300,0.00,0.00
randomArrays.txt,InsertionSort,2,0.013100,0.00,0.00
randomArrays.txt,InsertionSort,3,0.013500,0.00,0.00
randomArrays.txt,InsertionSort,1,0.143500,0.00,0.00
randomArrays.txt,InsertionSort,2,0.139300,0.00,0.00
randomArrays.txt,InsertionSort,3,0.153800,0.00,0.00
randomArrays.txt,InsertionSort,1,0.214400,0.00,0.00
randomArrays.txt,InsertionSort,2,0.195200,0.00,0.00
randomArrays.txt,InsertionSort,3,0.205300,0.00,0.00
randomArrays.txt,InsertionSort,1,0.008400,0.00,0.00
randomArrays.txt,InsertionSort,2,0.009400,0.00,0.00
randomArrays.txt,InsertionSort,3,0.009600,0.00,0.00
randomArrays.txt,InsertionSort,1,0.002100,0.00,0.00
randomArrays.txt,InsertionSort,2,0.002100,0.00,0.00
randomArrays.txt,InsertionSort,3,0.001900,0.00,0.00
randomArrays.txt,InsertionSort,1,0.220400,0.00,0.00
randomArrays.txt,InsertionSort,2,0.225200,0.00,0.00
randomArrays.txt,InsertionSort,3,0.234500,0.00,0.00
randomArrays.txt,InsertionSort,1,0.031500,0.00,0.00
randomArrays.txt,InsertionSort,2,0.033500,0.00,0.00
randomArrays.txt,InsertionSort,3,0.036200,0.00,0.00
randomArrays.txt,InsertionSort,1,0.011600,0.00,0.00
randomArrays.txt,InsertionSort,2,0.013500,0.00,0.00
randomArrays.txt,InsertionSort,3,0.010900,0.00,0.00
randomArrays.txt,InsertionSort,1,0.013900,0.00,0.00
randomArrays.txt,InsertionSort,2,0.013800,0.00,0.00
randomArrays.txt,InsertionSort,3,0.013400,0.00,0.00
randomArrays.txt,InsertionSort,1,0.091700,0.00,0.00
randomArrays.txt,InsertionSort,2,0.092300,0.00,0.00
randomArrays.txt,InsertionSort,3,0.093100,0.00,0.00
randomArrays.txt,InsertionSort,1,0.017600,0.00,0.00
randomArrays.txt,InsertionSort,2,0.017900,0.00,0.00
randomArrays.txt,InsertionSort,3,0.017800,0.00,0.00
randomArrays.txt,InsertionSort,1,0.073300,0.00,0.00
randomArrays.txt,InsertionSort,2,0.074900,0.00,0.00
randomArrays.txt,InsertionSort,3,0.071100,0.00,0.00
randomArrays.txt,InsertionSort,1,0.011500,0.00,0.00
randomArrays.txt,InsertionSort,2,0.015600,0.00,0.00
randomArrays.txt,InsertionSort,3,0.013400,0.00,0.00
randomArrays.txt,InsertionSort,1,0.203100,0.00,0.00
randomArrays.txt,InsertionSort,2,0.244400,0.00,0.00
randomArrays.txt,InsertionSort,3,0.222800,0.00,0.00
randomArrays.txt,InsertionSort,1,0.182700,0.00,0.00
randomArrays.txt,InsertionSort,2,0.177800,0.00,0.00
randomArrays.txt,InsertionSort,3,0.205800,0.00,0.00
randomArrays.txt,InsertionSort,1,0.020600,0.00,0.00
randomArrays.txt,InsertionSort,2,0.023200,0.00,0.00
randomArrays.txt,InsertionSort,3,0.024000,0.00,0.00
randomArrays.txt,InsertionSort,1,0.151800,0.00,0.00
randomArrays.txt,InsertionSort,2,0.157700,0.00,0.00
randomArrays.txt,InsertionSort,3,0.146500,0.00,0.00
randomArrays.txt,InsertionSort,1,0.444200,0.00,0.00
randomArrays.txt,InsertionSort,2,0.031500,0.00,0.00
randomArrays.txt,InsertionSort,3,0.030800,0.00,0.00
randomArrays.txt,InsertionSort,1,0.300700,0.00,0.00
randomArrays.txt,InsertionSort,2,1.623800,0.00,0.00
randomArrays.txt,InsertionSort,3,0.249200,0.00,0.00
randomArrays.txt,InsertionSort,1,0.017700,0.00,0.00
randomArrays.txt,InsertionSort,2,0.013700,0.00,0.00
randomArrays.txt,InsertionSort,3,0.017000,0.00,0.00
randomArrays.txt,InsertionSort,1,0.063300,0.00,0.00
randomArrays.txt,InsertionSort,2,0.071100,0.00,0.00
randomArrays.txt,InsertionSort,3,0.071800,0.00,0.00
randomArrays.txt,InsertionSort,1,0.063700,0.00,0.00
randomArrays.txt,InsertionSort,2,0.063400,0.00,0.00
randomArrays.txt,InsertionSort,3,0.063300,0.00,0.00
randomArrays.txt,InsertionSort,1,0.054500,0.00,0.00
randomArrays.txt,InsertionSort,2,0.008800,0.00,0.00
randomArrays.txt,InsertionSort,3,0.009400,0.00,0.00
randomArrays.txt,InsertionSort,1,0.143700,0.00,0.00
randomArrays.txt,InsertionSort,2,0.148800,0.00,0.00
randomArrays.txt,InsertionSort,3,0.157200,0.00,0.00
randomArrays.txt,InsertionSort,1,0.106300,0.00,0.00
randomArrays.txt,InsertionSort,2,0.110600,0.00,0.00
randomArrays.txt,InsertionSort,3,0.101800,0.00,0.00
randomArrays.txt,InsertionSort,1,0.014100,0.00,0.00
randomArrays.txt,InsertionSort,2,0.016600,0.00,0.00
randomArrays.txt,InsertionSort,3,0.015300,0.00,0.00
randomArrays.txt,InsertionSort,1,0.062100,0.00,0.00
randomArrays.txt,InsertionSort,2,0.064700,0.00,0.00
randomArrays.txt,InsertionSort,3,0.062000,0.00,0.00
randomArrays.txt,InsertionSort,1,0.011900,0.00,0.00
randomArrays.txt,InsertionSort,2,0.013300,0.00,0.00
randomArrays.txt,InsertionSort,3,0.012900,0.00,0.00
randomArrays.txt,InsertionSort,1,0.165800,0.00,0.00
randomArrays.txt,InsertionSort,2,0.141500,0.00,0.00
randomArrays.txt,InsertionSort,3,0.139100,0.00,0.00
randomArrays.txt,InsertionSort,1,0.006700,0.00,0.00
randomArrays.txt,InsertionSort,2,0.007100,0.00,0.00
randomArrays.txt,InsertionSort,3,0.006600,0.00,0.00
randomArrays.txt,InsertionSort,1,0.014900,0.00,0.00
randomArrays.txt,InsertionSort,2,0.012600,0.00,0.00
randomArrays.txt,InsertionSort,3,0.012400,0.00,0.00
randomArrays.txt,InsertionSort,1,0.155000,0.00,0.00
randomArrays.txt,InsertionSort,2,0.141200,0.00,0.00
randomArrays.txt,InsertionSort,3,0.136700,0.00,0.00
randomArrays.txt,InsertionSort,1,0.074100,0.00,0.00
randomArrays.txt,InsertionSort,2,0.167800,0.00,0.00
randomArrays.txt,InsertionSort,3,0.067600,0.00,0.00
randomArrays.txt,InsertionSort,1,0.076900,0.00,0.00
randomArrays.txt,InsertionSort,2,0.022700,0.00,0.00
randomArrays.txt,InsertionSort,3,0.021900,0.00,0.00
randomArrays.txt,InsertionSort,1,0.124100,0.00,0.00
randomArrays.txt,InsertionSort,2,0.148800,0.00,0.00
randomArrays.txt,InsertionSort,3,0.132500,0.00,0.00
randomArrays.txt,InsertionSort,1,0.172800,0.00,0.00
randomArrays.txt,InsertionSort,2,0.167100,0.00,0.00
randomArrays.txt,InsertionSort,3,0.144600,0.00,0.00
randomArrays.txt,InsertionSort,1,0.012100,0.00,0.00
randomArrays.txt,InsertionSort,2,0.011600,0.00,0.00
randomArrays.txt,InsertionSort,3,0.011300,0.00,0.00
randomArrays.txt,InsertionSort,1,0.002800,0.00,0.00
randomArrays.txt,InsertionSort,2,0.004000,0.00,0.00
randomArrays.txt,InsertionSort,3,0.022300,0.00,0.00
randomArrays.txt,InsertionSort,1,0.056600,0.00,0.00
randomArrays.txt,InsertionSort,2,0.047000,0.00,0.00
randomArrays.txt,InsertionSort,3,0.049700,0.00,0.00
randomArrays.txt,InsertionSort,1,0.065500,0.00,0.00
randomArrays.txt,InsertionSort,2,0.064400,0.00,0.00
randomArrays.txt,InsertionSort,3,0.063900,0.00,0.00
randomArrays.txt,InsertionSort,1,0.221500,0.00,0.00
randomArrays.txt,InsertionSort,2,0.314900,0.00,0.00
randomArrays.txt,InsertionSort,3,0.214700,0.00,0.00
randomArrays.txt,InsertionSort,1,0.057100,0.00,0.00
randomArrays.txt,InsertionSort,2,0.044600,0.00,0.00
randomArrays.txt,InsertionSort,3,0.047800,0.00,0.00
randomArrays.txt,InsertionSort,1,0.069300,0.00,0.00
randomArrays.txt,InsertionSort,2,0.762800,0.00,0.00
randomArrays.txt,InsertionSort,3,0.067100,0.00,0.00
randomArrays.txt,InsertionSort,1,0.005900,0.00,0.00
randomArrays.txt,InsertionSort,2,0.006200,0.00,0.00
randomArrays.txt,InsertionSort,3,0.006200,0.00,0.00
randomArrays.txt,InsertionSort,1,0.201500,0.00,0.00
randomArrays.txt,InsertionSort,2,0.171100,0.00,0.00
randomArrays.txt,InsertionSort,3,0.342900,0.00,0.00
randomArrays.txt,InsertionSort,1,0.160000,0.00,0.00
randomArrays.txt,InsertionSort,2,0.180300,0.00,0.00
randomArrays.txt,InsertionSort,3,0.175300,0.00,0.00
randomArrays.txt,InsertionSort,1,0.110200,0.00,0.00
randomArrays.txt,InsertionSort,2,0.106000,0.00,0.00
randomArrays.txt,InsertionSort,3,0.104200,0.00,0.00
randomArrays.txt,InsertionSort,1,0.118700,0.00,0.00
randomArrays.txt,InsertionSort,2,0.120800,3233.65,0.00
randomArrays.txt,InsertionSort,3,0.113600,0.00,0.00
randomArrays.txt,InsertionSort,1,0.131500,0.00,0.00
randomArrays.txt,InsertionSort,2,0.107100,0.00,0.00
randomArrays.txt,InsertionSort,3,0.103700,0.00,0.00
randomArrays.txt,InsertionSort,1,0.167300,0.00,0.00
randomArrays.txt,InsertionSort,2,0.158500,0.00,0.00
randomArrays.txt,InsertionSort,3,0.164400,0.00,0.00
randomArrays.txt,InsertionSort,1,0.128500,0.00,0.00
randomArrays.txt,InsertionSort,2,0.116300,0.00,0.00
randomArrays.txt,InsertionSort,3,0.114100,0.00,0.00
randomArrays.txt,InsertionSort,1,0.036700,0.00,0.00
randomArrays.txt,InsertionSort,2,0.008100,0.00,0.00
randomArrays.txt,InsertionSort,3,0.007600,0.00,0.00
randomArrays.txt,InsertionSort,1,0.523400,0.00,0.00
randomArrays.txt,InsertionSort,2,0.050500,0.00,0.00
randomArrays.txt,InsertionSort,3,0.048500,0.00,0.00
randomArrays.txt,InsertionSort,1,0.043000,0.00,0.00
randomArrays.txt,InsertionSort,2,0.173900,0.00,0.00
randomArrays.txt,InsertionSort,3,0.037200,0.00,0.00
randomArrays.txt,InsertionSort,1,0.119200,0.00,0.00
randomArrays.txt,InsertionSort,2,0.116900,0.00,0.00
randomArrays.txt,InsertionSort,3,0.107900,0.00,0.00
randomArrays.txt,InsertionSort,1,0.201600,0.00,0.00
randomArrays.txt,InsertionSort,2,0.151000,0.00,0.00
randomArrays.txt,InsertionSort,3,1.277500,0.00,0.00
randomArrays.txt,InsertionSort,1,0.241900,0.00,0.00
randomArrays.txt,InsertionSort,2,0.218600,0.00,0.00
randomArrays.txt,InsertionSort,3,0.242400,0.00,0.00
randomArrays.txt,InsertionSort,1,0.061600,0.00,0.00
randomArrays.txt,InsertionSort,2,0.054600,0.00,0.00
randomArrays.txt,InsertionSort,3,0.068300,0.00,0.00
randomArrays.txt,InsertionSort,1,0.087700,0.00,0.00
randomArrays.txt,InsertionSort,2,0.072800,0.00,0.00
randomArrays.txt,InsertionSort,3,0.071900,0.00,0.00
randomArrays.txt,InsertionSort,1,0.227900,0.00,0.00
randomArrays.txt,InsertionSort,2,0.242400,0.00,0.00
randomArrays.txt,InsertionSort,3,0.237300,0.00,0.00
randomArrays.txt,InsertionSort,1,0.355100,0.00,0.00
randomArrays.txt,InsertionSort,2,0.189800,0.00,0.00
randomArrays.txt,InsertionSort,3,0.214800,0.00,0.00
randomArrays.txt,InsertionSort,1,0.046300,0.00,0.00
randomArrays.txt,InsertionSort,2,0.023500,0.00,0.00
randomArrays.txt,InsertionSort,3,0.020300,0.00,0.00
randomArrays.txt,InsertionSort,1,0.221700,0.00,0.00
randomArrays.txt,InsertionSort,2,0.217300,0.00,0.00
randomArrays.txt,InsertionSort,3,0.208900,0.00,0.00
randomArrays.txt,InsertionSort,1,0.006100,0.00,0.00
randomArrays.txt,InsertionSort,2,0.005900,0.00,0.00
randomArrays.txt,InsertionSort,3,0.006000,0.00,0.00
randomArrays.txt,InsertionSort,1,0.023700,0.00,0.00
randomArrays.txt,InsertionSort,2,0.021700,0.00,0.00
randomArrays.txt,InsertionSort,3,0.021300,0.00,0.00
randomArrays.txt,InsertionSort,1,0.047900,0.00,0.00
randomArrays.txt,InsertionSort,2,0.047300,0.00,0.00
randomArrays.txt,InsertionSort,3,0.047100,0.00,0.00
randomArrays.txt,InsertionSort,1,0.166000,0.00,0.00
randomArrays.txt,InsertionSort,2,0.185200,0.00,0.00
randomArrays.txt,InsertionSort,3,0.181900,0.00,0.00
randomArrays.txt,InsertionSort,1,0.007000,0.00,0.00
randomArrays.txt,InsertionSort,2,0.006300,0.00,0.00
randomArrays.txt,InsertionSort,3,0.006400,0.00,0.00
randomArrays.txt,InsertionSort,1,0.215500,0.00,0.00
randomArrays.txt,InsertionSort,2,0.193200,0.00,0.00
randomArrays.txt,InsertionSort,3,0.192900,0.00,0.00
