dataset,run,arraylength,time,cputime,memory
randomArrays.txt,1,469,0.000086,0.000000,0.00
randomArrays.txt,2,469,0.000062,0.000000,0.00
randomArrays.txt,3,469,0.000059,0.000000,0.00
randomArrays.txt,1,783,0.000168,0.000000,0.00
randomArrays.txt,2,783,0.000153,0.000000,0.00
randomArrays.txt,3,783,0.000160,0.000000,0.00
randomArrays.txt,1,464,0.000062,0.000000,0.00
randomArrays.txt,2,464,0.000399,0.000000,0.00
randomArrays.txt,3,464,0.000056,0.000000,0.00
randomArrays.txt,1,267,0.000024,0.000000,0.00
randomArrays.txt,2,267,0.000027,0.000000,0.00
randomArrays.txt,3,267,0.000023,0.000000,0.00
randomArrays.txt,1,828,0.000152,0.000000,0.00
randomArrays.txt,2,828,0.000156,0.000000,0.00
randomArrays.txt,3,828,0.000155,0.000000,0.00
randomArrays.txt,1,607,0.000089,0.000000,0.00
randomArrays.txt,2,607,0.000094,0.000000,0.00
randomArrays.txt,3,607,0.000088,0.000000,0.00
randomArrays.txt,1,319,0.000031,0.000000,0.00
randomArrays.txt,2,319,0.000033,0.000000,0.00
randomArrays.txt,3,319,0.000031,0.000000,0.00
randomArrays.txt,1,431,0.000045,0.000000,0.00
randomArrays.txt,2,431,0.000061,0.000000,0.00
randomArrays.txt,3,431,0.000046,0.000000,0.00
randomArrays.txt,1,941,0.000196,0.000000,0.00
randomArrays.txt,2,941,0.000177,0.000000,0.00
randomArrays.txt,3,941,0.000171,0.000000,0.00
randomArrays.txt,1,937,0.000205,0.000000,0.00
randomArrays.txt,2,937,0.000200,0.000000,0.00
randomArrays.txt,3,937,0.000253,0.000000,0.00
randomArrays.txt,1,619,0.000102,0.000000,0.00
randomArrays.txt,2,619,0.000094,0.000000,0.00
randomArrays.txt,3,619,0.000084,0.000000,0.00
randomArrays.txt,1,370,0.000039,0.000000,0.00
randomArrays.txt,2,370,0.000043,0.000000,0.00
randomArrays.txt,3,370,0.000036,0.000000,0.00
randomArrays.txt,1,478,0.000062,0.000000,0.00
randomArrays.txt,2,478,0.000060,0.000000,0.00
randomArrays.txt,3,478,0.000062,0.000000,0.00
randomArrays.txt,1,107,0.000006,0.000000,0.00
randomArrays.txt,2,107,0.000015,0.000000,0.00
randomArrays.txt,3,107,0.000006,0.000000,0.00
randomArrays.txt,1,910,0.000169,0.000000,0.00
randomArrays.txt,2,910,0.000168,0.000000,0.00
randomArrays.txt,3,910,0.000163,0.000000,0.00
randomArrays.txt,1,381,0.000037,0.000000,0.00
randomArrays.txt,2,381,0.000040,0.000000,0.00
randomArrays.txt,3,381,0.000041,0.000000,0.00
randomArrays.txt,1,699,0.000115,0.000000,0.00
randomArrays.txt,2,699,0.000106,0.000000,0.00
randomArrays.txt,3,699,0.000126,0.000000,0.00
randomArrays.txt,1,452,0.000061,0.000000,0.00
randomArrays.txt,2,452,0.000097,0.000000,0.00
randomArrays.txt,3,452,0.000052,0.000000,0.00
randomArrays.txt,1,882,0.000148,0.000000,0.00
randomArrays.txt,2,882,0.000157,0.000000,0.00
randomArrays.txt,3,882,0.000155,0.000000,0.00
randomArrays.txt,1,697,0.000117,0.000000,0.00
randomArrays.txt,2,697,0.000154,0.000000,0.00
randomArrays.txt,3,697,0.000116,0.000000,0.00
randomArrays.txt,1,39,0.000002,0.000000,0.00
randomArrays.txt,2,39,0.000003,0.000000,0.00
randomArrays.txt,3,39,0.000003,0.000000,0.00
randomArrays.txt,1,382,0.000038,0.000000,0.00
randomArrays.txt,2,382,0.000037,0.000000,0.00
randomArrays.txt,3,382,0.000045,0.000000,0.00
randomArrays.txt,1,980,0.000167,0.000000,0.00
randomArrays.txt,2,980,0.000239,0.000000,0.00
randomArrays.txt,3,980,0.000188,0.000000,0.00
randomArrays.txt,1,202,0.000014,0.000000,0.00
randomArrays.txt,2,202,0.000014,0.000000,0.00
randomArrays.txt,3,202,0.000013,0.000000,0.00
randomArrays.txt,1,674,0.000131,0.000000,0.00
randomArrays.txt,2,674,0.000104,0.000000,0.00
randomArrays.txt,3,674,0.000107,0.000000,0.00
randomArrays.txt,1,184,0.000013,0.000000,0.00
randomArrays.txt,2,184,0.000014,0.000000,0.00
randomArrays.txt,3,184,0.000012,0.000000,0.00
randomArrays.txt,1,853,0.000161,0.000000,0.00
randomArrays.txt,2,853,0.000157,0.000000,0.00
randomArrays.txt,3,853,0.000151,0.000000,0.00
randomArrays.txt,1,101,0.000006,0.000000,0.00
randomArrays.txt,2,101,0.000007,0.000000,0.00
randomArrays.txt,3,101,0.000006,0.000000,0.00
randomArrays.txt,1,329,0.000022,0.000000,0.00
randomArrays.txt,2,329,0.000214,0.000000,0.00
randomArrays.txt,3,329,0.000031,0.000000,0.00
randomArrays.txt,1,837,0.000232,0.015625,0.00
randomArrays.txt,2,837,0.000157,0.000000,0.00
randomArrays.txt,3,837,0.000187,0.000000,0.00
randomArrays.txt,1,952,0.000218,0.000000,0.00
randomArrays.txt,2,952,0.000219,0.000000,0.00
randomArrays.txt,3,952,0.000195,0.000000,0.00
randomArrays.txt,1,676,0.000120,0.000000,0.00
randomArrays.txt,2,676,0.000137,0.000000,0.00
randomArrays.txt,3,676,0.000120,0.000000,0.00
randomArrays.txt,1,248,0.000026,0.000000,0.00
randomArrays.txt,2,248,0.000022,0.000000,0.00
randomArrays.txt,3,248,0.000019,0.000000,0.00
randomArrays.txt,1,845,0.000257,0.000000,0.00
randomArrays.txt,2,845,0.000184,0.000000,0.00
randomArrays.txt,3,845,0.000196,0.000000,0.00
randomArrays.txt,1,707,0.000119,0.000000,0.00
randomArrays.txt,2,707,0.000119,0.000000,0.00
randomArrays.txt,3,707,0.000121,0.000000,0.00
randomArrays.txt,1,458,0.000111,0.000000,0.00
randomArrays.txt,2,458,0.000054,0.000000,0.00
randomArrays.txt,3,458,0.000059,0.000000,0.00
randomArrays.txt,1,219,0.000016,0.000000,0.00
randomArrays.txt,2,219,0.000019,0.000000,0.00
randomArrays.txt,3,219,0.000018,0.000000,0.00
randomArrays.txt,1,268,0.000025,0.000000,0.00
randomArrays.txt,2,268,0.000026,0.000000,0.00
randomArrays.txt,3,268,0.000024,0.000000,0.00
randomArrays.txt,1,201,0.000016,0.000000,0.00
randomArrays.txt,2,201,0.000014,0.000000,0.00
randomArrays.txt,3,201,0.000015,0.000000,0.00
randomArrays.txt,1,520,0.000074,0.000000,0.00
randomArrays.txt,2,520,0.000072,0.000000,0.00
randomArrays.txt,3,520,0.000075,0.000000,0.00
randomArrays.txt,1,832,0.000173,0.000000,0.00
randomArrays.txt,2,832,0.000171,0.000000,0.00
randomArrays.txt,3,832,0.000170,0.000000,0.00
randomArrays.txt,1,800,0.000157,0.000000,0.00
randomArrays.txt,2,800,0.000157,0.000000,0.00
randomArrays.txt,3,800,0.000160,0.000000,0.00
randomArrays.txt,1,753,0.000149,0.000000,0.00
randomArrays.txt,2,753,0.000145,0.000000,0.00
randomArrays.txt,3,753,0.000147,0.000000,0.00
randomArrays.txt,1,286,0.000028,0.000000,0.00
randomArrays.txt,2,286,0.000032,0.000000,0.00
randomArrays.txt,3,286,0.000027,0.000000,0.00
randomArrays.txt,1,841,0.000205,0.000000,0.00
randomArrays.txt,2,841,0.000170,0.000000,0.00
randomArrays.txt,3,841,0.000174,0.000000,0.00
randomArrays.txt,1,240,0.000019,0.000000,0.00
randomArrays.txt,2,240,0.000019,0.000000,0.00
randomArrays.txt,3,240,0.000019,0.000000,0.00
randomArrays.txt,1,370,0.000040,0.000000,0.00
randomArrays.txt,2,370,0.000039,0.000000,0.00
randomArrays.txt,3,370,0.000038,0.000000,0.00
randomArrays.txt,1,287,0.000026,0.000000,0.00
randomArrays.txt,2,287,0.000026,0.000000,0.00
randomArrays.txt,3,287,0.000025,0.000000,0.00
randomArrays.txt,1,89,0.000005,0.000000,0.00
randomArrays.txt,2,89,0.000005,0.000000,0.00
randomArrays.txt,3,89,0.000005,0.000000,0.00
randomArrays.txt,1,881,0.000199,0.000000,0.00
randomArrays.txt,2,881,0.000198,0.000000,0.00
randomArrays.txt,3,881,0.000200,0.000000,0.00
randomArrays.txt,1,187,0.000016,0.000000,0.00
randomArrays.txt,2,187,0.000014,0.000000,0.00
randomArrays.txt,3,187,0.000012,0.000000,0.00
randomArrays.txt,1,373,0.000041,0.000000,0.00
randomArrays.txt,2,373,0.000040,0.000000,0.00
randomArrays.txt,3,373,0.000040,0.000000,0.00
randomArrays.txt,1,194,0.000013,0.000000,0.00
randomArrays.txt,2,194,0.000014,0.000000,0.00
randomArrays.txt,3,194,0.000013,0.000000,0.00
randomArrays.txt,1,382,0.000045,0.000000,0.00
randomArrays.txt,2,382,0.000690,0.000000,0.00
randomArrays.txt,3,382,0.000047,0.000000,0.00
randomArrays.txt,1,826,0.000175,0.000000,0.00
randomArrays.txt,2,826,0.000165,0.000000,0.00
randomArrays.txt,3,826,0.000166,0.000000,0.00
randomArrays.txt,1,781,0.000164,0.000000,0.00
randomArrays.txt,2,781,0.000152,0.000000,0.00
randomArrays.txt,3,781,0.000152,0.000000,0.00
randomArrays.txt,1,814,0.000168,0.000000,0.00
randomArrays.txt,2,814,0.000178,0.000000,0.00
randomArrays.txt,3,814,0.000170,0.000000,0.00
randomArrays.txt,1,525,0.000075,0.000000,0.00
randomArrays.txt,2,525,0.000081,0.000000,0.00
randomArrays.txt,3,525,0.000074,0.000000,0.00
randomArrays.txt,1,136,0.000007,0.000000,0.00
randomArrays.txt,2,136,0.000009,0.000000,0.00
randomArrays.txt,3,136,0.000008,0.000000,0.00
randomArrays.txt,1,454,0.000055,0.000000,0.00
randomArrays.txt,2,454,0.000060,0.000000,0.00
randomArrays.txt,3,454,0.000060,0.000000,0.00
randomArrays.txt,1,563,0.000085,0.000000,0.00
randomArrays.txt,2,563,0.000083,0.000000,0.00
randomArrays.txt,3,563,0.000084,0.000000,0.00
randomArrays.txt,1,226,0.000018,0.000000,0.00
randomArrays.txt,2,226,0.000018,0.000000,0.00
randomArrays.txt,3,226,0.000018,0.000000,0.00
randomArrays.txt,1,345,0.000097,0.000000,0.00
randomArrays.txt,2,345,0.000040,0.000000,0.00
randomArrays.txt,3,345,0.000078,0.000000,0.00
randomArrays.txt,1,514,0.000157,0.000000,0.00
randomArrays.txt,2,514,0.000061,0.000000,0.00
randomArrays.txt,3,514,0.000071,0.000000,0.00
randomArrays.txt,1,871,0.000195,0.000000,0.00
randomArrays.txt,2,871,0.000340,0.000000,0.00
randomArrays.txt,3,871,0.000195,0.000000,0.00
randomArrays.txt,1,939,0.000224,0.000000,0.00
randomArrays.txt,2,939,0.000224,0.000000,0.00
randomArrays.txt,3,939,0.000225,0.000000,0.00
randomArrays.txt,1,397,0.000050,0.000000,0.00
randomArrays.txt,2,397,0.000045,0.000000,0.00
randomArrays.txt,3,397,0.000046,0.000000,0.00
randomArrays.txt,1,429,0.000043,0.000000,0.00
randomArrays.txt,2,429,0.000045,0.000000,0.00
randomArrays.txt,3,429,0.000045,0.000000,0.00
randomArrays.txt,1,421,0.000047,0.000000,0.00
randomArrays.txt,2,421,0.000051,0.000000,0.00
randomArrays.txt,3,421,0.000059,0.000000,0.00
randomArrays.txt,1,747,0.000146,0.000000,0.00
randomArrays.txt,2,747,0.000154,0.000000,0.00
randomArrays.txt,3,747,0.000137,0.015625,0.00
randomArrays.txt,1,19,0.000002,0.000000,0.00
randomArrays.txt,2,19,0.000002,0.000000,0.00
randomArrays.txt,3,19,0.000002,0.000000,0.00
randomArrays.txt,1,74,0.000004,0.000000,0.00
randomArrays.txt,2,74,0.000004,0.000000,0.00
randomArrays.txt,3,74,0.000004,0.000000,0.00
randomArrays.txt,1,259,0.000021,0.000000,0.00
randomArrays.txt,2,259,0.000022,0.000000,0.00
randomArrays.txt,3,259,0.000021,0.000000,0.00
randomArrays.txt,1,846,0.000163,0.000000,0.00
randomArrays.txt,2,846,0.000218,0.000000,0.00
randomArrays.txt,3,846,0.000160,0.000000,0.00
randomArrays.txt,1,789,0.000172,0.000000,0.00
randomArrays.txt,2,789,0.000150,0.000000,0.00
randomArrays.txt,3,789,0.000146,0.000000,0.00
randomArrays.txt,1,671,0.000118,0.000000,0.00
randomArrays.txt,2,671,0.000117,0.000000,0.00
randomArrays.txt,3,671,0.000123,0.000000,0.00
randomArrays.txt,1,368,0.000038,0.000000,0.00
randomArrays.txt,2,368,0.000037,0.000000,0.00
randomArrays.txt,3,368,0.000041,0.000000,0.00
randomArrays.txt,1,448,0.000046,0.000000,0.00
randomArrays.txt,2,448,0.000074,0.000000,0.00
randomArrays.txt,3,448,0.000074,0.000000,0.00
randomArrays.txt,1,237,0.000019,0.000000,0.00
randomArrays.txt,2,237,0.000020,0.000000,0.00
randomArrays.txt,3,237,0.000020,0.000000,0.00
randomArrays.txt,1,627,0.000087,0.000000,0.00
randomArrays.txt,2,627,0.000106,0.000000,0.00
randomArrays.txt,3,627,0.000096,0.000000,0.00
randomArrays.txt,1,584,0.000094,0.000000,0.00
randomArrays.txt,2,584,0.000093,0.000000,0.00
randomArrays.txt,3,584,0.000094,0.000000,0.00
randomArrays.txt,1,328,0.000034,0.000000,0.00
randomArrays.txt,2,328,0.000044,0.000000,0.00
randomArrays.txt,3,328,0.000036,0.000000,0.00
randomArrays.txt,1,606,0.000092,0.000000,0.00
randomArrays.txt,2,606,0.000217,0.000000,0.00
randomArrays.txt,3,606,0.000085,0.000000,0.00
randomArrays.txt,1,563,0.000077,0.000000,0.00
randomArrays.txt,2,563,0.000109,0.000000,0.00
randomArrays.txt,3,563,0.000087,0.000000,0.00
randomArrays.txt,1,774,0.000107,0.000000,0.00
randomArrays.txt,2,774,0.000147,0.000000,0.00
randomArrays.txt,3,774,0.000133,0.000000,0.00
randomArrays.txt,1,206,0.000016,0.000000,0.00
randomArrays.txt,2,206,0.000015,0.000000,0.00
randomArrays.txt,3,206,0.000015,0.000000,0.00
randomArrays.txt,1,907,0.000205,0.000000,0.00
randomArrays.txt,2,907,0.000169,0.000000,0.00
randomArrays.txt,3,907,0.000168,0.000000,0.00
randomArrays.txt,1,37,0.000002,0.000000,0.00
randomArrays.txt,2,37,0.000003,0.000000,0.00
randomArrays.txt,3,37,0.000003,0.000000,0.00
randomArrays.txt,1,878,0.000195,0.000000,0.00
randomArrays.txt,2,878,0.000179,0.000000,0.00
randomArrays.txt,3,878,0.000156,0.000000,0.00
randomArrays.txt,1,284,0.000018,0.000000,0.00
randomArrays.txt,2,284,0.000024,0.000000,0.00
randomArrays.txt,3,284,0.000046,0.000000,0.00
randomArrays.txt,1,853,0.000169,0.000000,0.00
randomArrays.txt,2,853,0.000150,0.000000,0.00
randomArrays.txt,3,853,0.000177,0.000000,0.00
randomArrays.txt,1,247,0.000020,0.000000,0.00
randomArrays.txt,2,247,0.000102,0.000000,0.00
randomArrays.txt,3,247,0.000021,0.000000,0.00
randomArrays.txt,1,241,0.000019,0.000000,0.00
randomArrays.txt,2,241,0.000017,0.000000,0.00
randomArrays.txt,3,241,0.000019,0.000000,0.00
randomArrays.txt,1,348,0.000035,0.000000,0.00
randomArrays.txt,2,348,0.013070,0.000000,0.00
randomArrays.txt,3,348,0.000034,0.000000,0.00
randomArrays.txt,1,814,0.000162,0.000000,0.00
randomArrays.txt,2,814,0.000168,0.000000,0.00
randomArrays.txt,3,814,0.000138,0.000000,0.00
randomArrays.txt,1,245,0.000021,0.000000,0.00
randomArrays.txt,2,245,0.000020,0.000000,0.00
randomArrays.txt,3,245,0.000020,0.000000,0.00
randomArrays.txt,1,335,0.000031,0.000000,0.00
randomArrays.txt,2,335,0.000036,0.000000,0.00
randomArrays.txt,3,335,0.000033,0.000000,0.00
randomArrays.txt,1,497,0.000066,0.000000,0.00
randomArrays.txt,2,497,0.000070,0.000000,0.00
randomArrays.txt,3,497,0.000070,0.000000,0.00
randomArrays.txt,1,280,0.000024,0.000000,0.00
randomArrays.txt,2,280,0.000024,0.000000,0.00
randomArrays.txt,3,280,0.000023,0.000000,0.00
randomArrays.txt,1,664,0.000117,0.000000,0.00
randomArrays.txt,2,664,0.000114,0.000000,0.00
randomArrays.txt,3,664,0.000115,0.000000,0.00
randomArrays.txt,1,523,0.000135,0.000000,0.00
randomArrays.txt,2,523,0.000096,0.000000,0.00
randomArrays.txt,3,523,0.000077,0.000000,0.00
randomArrays.txt,1,841,0.000176,0.000000,0.00
randomArrays.txt,2,841,0.000172,0.000000,0.00
randomArrays.txt,3,841,0.000170,0.000000,0.00
randomArrays.txt,1,290,0.000024,0.000000,0.00
randomArrays.txt,2,290,0.000024,0.000000,0.00
randomArrays.txt,3,290,0.000024,0.000000,0.00
randomArrays.txt,1,158,0.000012,0.000000,0.00
randomArrays.txt,2,158,0.000010,0.000000,0.00
randomArrays.txt,3,158,0.000010,0.000000,0.00
randomArrays.txt,1,783,0.000145,0.000000,0.00
randomArrays.txt,2,783,0.000155,0.000000,0.00
randomArrays.txt,3,783,0.000167,0.015625,0.00
randomArrays.txt,1,638,0.000095,0.000000,0.00
randomArrays.txt,2,638,0.000100,0.000000,0.00
randomArrays.txt,3,638,0.000115,0.000000,0.00
randomArrays.txt,1,314,0.000027,0.000000,0.00
randomArrays.txt,2,314,0.000029,0.000000,0.00
randomArrays.txt,3,314,0.000031,0.000000,0.00
randomArrays.txt,1,484,0.000058,0.000000,0.00
randomArrays.txt,2,484,0.000063,0.000000,0.00
randomArrays.txt,3,484,0.000062,0.000000,0.00
randomArrays.txt,1,972,0.000239,0.000000,0.00
randomArrays.txt,2,972,0.000189,0.000000,0.00
randomArrays.txt,3,972,0.000226,0.000000,0.00
randomArrays.txt,1,652,0.000112,0.000000,0.00
randomArrays.txt,2,652,0.000500,0.000000,0.00
randomArrays.txt,3,652,0.000098,0.000000,0.00
randomArrays.txt,1,543,0.000075,0.000000,0.00
randomArrays.txt,2,543,0.000074,0.000000,0.00
randomArrays.txt,3,543,0.000078,0.000000,0.00
randomArrays.txt,1,487,0.000061,0.000000,0.00
randomArrays.txt,2,487,0.000069,0.000000,0.00
randomArrays.txt,3,487,0.000067,0.000000,0.00
randomArrays.txt,1,686,0.000117,0.000000,0.00
randomArrays.txt,2,686,0.000131,0.000000,0.00
randomArrays.txt,3,686,0.000129,0.000000,0.00
randomArrays.txt,1,183,0.000012,0.000000,0.00
randomArrays.txt,2,183,0.000016,0.000000,0.00
randomArrays.txt,3,183,0.000012,0.000000,0.00
randomArrays.txt,1,572,0.000062,0.000000,0.00
randomArrays.txt,2,572,0.000184,0.000000,0.00
randomArrays.txt,3,572,0.000082,0.000000,0.00
randomArrays.txt,1,747,0.000143,0.000000,0.00
randomArrays.txt,2,747,0.000134,0.000000,0.00
randomArrays.txt,3,747,0.000128,0.000000,0.00
randomArrays.txt,1,780,0.000145,0.000000,0.00
randomArrays.txt,2,780,0.000148,0.000000,0.00
randomArrays.txt,3,780,0.000151,0.000000,0.00
randomArrays.txt,1,828,0.000160,0.000000,0.00
randomArrays.txt,2,828,0.000168,0.000000,0.00
randomArrays.txt,3,828,0.000295,0.000000,0.00
randomArrays.txt,1,591,0.000089,0.000000,0.00
randomArrays.txt,2,591,0.000087,0.000000,0.00
randomArrays.txt,3,591,0.000086,0.000000,0.00
randomArrays.txt,1,415,0.000050,0.000000,0.00
randomArrays.txt,2,415,0.000050,0.000000,0.00
randomArrays.txt,3,415,0.000050,0.000000,0.00
randomArrays.txt,1,648,0.000104,0.000000,0.00
randomArrays.txt,2,648,0.000108,0.000000,0.00
randomArrays.txt,3,648,0.000132,0.000000,0.00
randomArrays.txt,1,204,0.000015,0.000000,0.00
randomArrays.txt,2,204,0.000015,0.000000,0.00
randomArrays.txt,3,204,0.000015,0.000000,0.00
randomArrays.txt,1,510,0.000072,0.000000,0.00
randomArrays.txt,2,510,0.000067,0.000000,0.00
randomArrays.txt,3,510,0.000081,0.000000,0.00
randomArrays.txt,1,422,0.000047,0.000000,0.00
randomArrays.txt,2,422,0.000055,0.000000,0.00
randomArrays.txt,3,422,0.000052,0.000000,0.00
randomArrays.txt,1,541,0.000072,0.000000,0.00
randomArrays.txt,2,541,0.000096,0.000000,0.00
randomArrays.txt,3,541,0.000074,0.000000,0.00
randomArrays.txt,1,875,0.000199,0.000000,0.00
randomArrays.txt,2,875,0.000190,0.000000,0.00
randomArrays.txt,3,875,0.000195,0.000000,0.00
randomArrays.txt,1,742,0.000148,0.000000,0.00
randomArrays.txt,2,742,0.000143,0.000000,0.00
randomArrays.txt,3,742,0.000141,0.000000,0.00
randomArrays.txt,1,384,0.000043,0.000000,0.00
randomArrays.txt,2,384,0.000043,0.000000,0.00
randomArrays.txt,3,384,0.000041,0.000000,0.00
randomArrays.txt,1,266,0.000023,0.000000,0.00
randomArrays.txt,2,266,0.000023,0.000000,0.00
randomArrays.txt,3,266,0.000022,0.000000,0.00
randomArrays.txt,1,137,0.000009,0.000000,0.00
randomArrays.txt,2,137,0.000009,0.000000,0.00
randomArrays.txt,3,137,0.000010,0.000000,0.00
randomArrays.txt,1,970,0.000268,0.000000,0.00
randomArrays.txt,2,970,0.000227,0.000000,0.00
randomArrays.txt,3,970,0.000676,0.015625,0.00
randomArrays.txt,1,685,0.000122,0.000000,0.00
randomArrays.txt,2,685,0.000122,0.000000,0.00
randomArrays.txt,3,685,0.000117,0.000000,0.00
randomArrays.txt,1,665,0.000118,0.000000,0.00
randomArrays.txt,2,665,0.000120,0.000000,0.00
randomArrays.txt,3,665,0.000120,0.000000,0.00
randomArrays.txt,1,319,0.000031,0.000000,0.00
randomArrays.txt,2,319,0.000029,0.000000,0.00
randomArrays.txt,3,319,0.000033,0.000000,0.00
randomArrays.txt,1,808,0.000169,0.000000,0.00
randomArrays.txt,2,808,0.000160,0.000000,0.00
randomArrays.txt,3,808,0.000166,0.000000,0.00
randomArrays.txt,1,143,0.000008,0.000000,0.00
randomArrays.txt,2,143,0.000009,0.000000,0.00
randomArrays.txt,3,143,0.000008,0.000000,0.00
randomArrays.txt,1,147,0.000012,0.000000,0.00
randomArrays.txt,2,147,0.000009,0.000000,0.00
randomArrays.txt,3,147,0.000009,0.000000,0.00
randomArrays.txt,1,929,0.000197,0.015625,0.00
randomArrays.txt,2,929,0.000201,0.000000,0.00
randomArrays.txt,3,929,0.000206,0.000000,0.00
randomArrays.txt,1,906,0.000210,0.000000,0.00
randomArrays.txt,2,906,0.000203,0.015625,0.00
randomArrays.txt,3,906,0.000198,0.000000,0.00
randomArrays.txt,1,425,0.000070,0.000000,0.00
randomArrays.txt,2,425,0.000047,0.000000,0.00
randomArrays.txt,3,425,0.000050,0.000000,0.00
randomArrays.txt,1,736,0.000154,0.000000,0.00
randomArrays.txt,2,736,0.000139,0.000000,0.00
randomArrays.txt,3,736,0.000135,0.000000,0.00
randomArrays.txt,1,65,0.000004,0.000000,0.00
randomArrays.txt,2,65,0.000004,0.000000,0.00
randomArrays.txt,3,65,0.000004,0.000000,0.00
randomArrays.txt,1,305,0.000034,0.000000,0.00
randomArrays.txt,2,305,0.000030,0.000000,0.00
randomArrays.txt,3,305,0.000029,0.000000,0.00
randomArrays.txt,1,194,0.000014,0.000000,0.00
randomArrays.txt,2,194,0.000014,0.000000,0.00
randomArrays.txt,3,194,0.000013,0.000000,0.00
randomArrays.txt,1,545,0.000071,0.000000,0.00
randomArrays.txt,2,545,0.000075,0.000000,0.00
randomArrays.txt,3,545,0.000085,0.000000,0.00
randomArrays.txt,1,49,0.000003,0.000000,0.00
randomArrays.txt,2,49,0.000003,0.000000,0.00
randomArrays.txt,3,49,0.000003,0.000000,0.00
randomArrays.txt,1,731,0.000165,0.000000,0.00
randomArrays.txt,2,731,0.000149,0.000000,0.00
randomArrays.txt,3,731,0.000139,0.000000,0.00
randomArrays.txt,1,712,0.000159,0.000000,0.00
randomArrays.txt,2,712,0.000186,0.000000,0.00
randomArrays.txt,3,712,0.000188,0.000000,0.00
randomArrays.txt,1,732,0.000182,0.000000,0.00
randomArrays.txt,2,732,0.000151,0.000000,0.00
randomArrays.txt,3,732,0.000151,0.000000,0.00
randomArrays.txt,1,57,0.000004,0.000000,0.00
randomArrays.txt,2,57,0.000004,0.000000,0.00
randomArrays.txt,3,57,0.000004,0.000000,0.00
randomArrays.txt,1,983,0.000255,0.000000,0.00
randomArrays.txt,2,983,0.000249,0.000000,0.00
randomArrays.txt,3,983,0.000225,0.000000,0.00
randomArrays.txt,1,345,0.000038,0.000000,0.00
randomArrays.txt,2,345,0.000033,0.000000,0.00
randomArrays.txt,3,345,0.000037,0.000000,0.00
randomArrays.txt,1,152,0.000011,0.000000,0.00
randomArrays.txt,2,152,0.000011,0.000000,0.00
randomArrays.txt,3,152,0.000011,0.000000,0.00
randomArrays.txt,1,963,0.000231,0.000000,0.00
randomArrays.txt,2,963,0.000244,0.000000,0.00
randomArrays.txt,3,963,0.000227,0.000000,0.00
randomArrays.txt,1,544,0.000081,0.000000,0.00
randomArrays.txt,2,544,0.000086,0.000000,0.00
randomArrays.txt,3,544,0.000087,0.000000,0.00
randomArrays.txt,1,870,0.000178,0.000000,0.00
randomArrays.txt,2,870,0.000199,0.000000,0.00
randomArrays.txt,3,870,0.000196,0.000000,0.00
randomArrays.txt,1,557,0.000192,0.000000,0.00
randomArrays.txt,2,557,0.000074,0.000000,0.00
randomArrays.txt,3,557,0.000084,0.000000,0.00
randomArrays.txt,1,168,0.000012,0.000000,0.00
randomArrays.txt,2,168,0.000012,0.000000,0.00
randomArrays.txt,3,168,0.000013,0.000000,0.00
randomArrays.txt,1,373,0.000043,0.000000,0.00
randomArrays.txt,2,373,0.000044,0.000000,0.00
randomArrays.txt,3,373,0.000043,0.000000,0.00
randomArrays.txt,1,416,0.000050,0.000000,0.00
randomArrays.txt,2,416,0.000048,0.000000,0.00
randomArrays.txt,3,416,0.000187,0.000000,0.00
randomArrays.txt,1,942,0.000230,0.000000,0.00
randomArrays.txt,2,942,0.000197,0.000000,0.00
randomArrays.txt,3,942,0.000245,0.000000,0.00
randomArrays.txt,1,966,0.000235,0.000000,0.00
randomArrays.txt,2,966,0.000229,0.000000,0.00
randomArrays.txt,3,966,0.000214,0.000000,0.00
randomArrays.txt,1,363,0.000090,0.000000,0.00
randomArrays.txt,2,363,0.000038,0.000000,0.00
randomArrays.txt,3,363,0.000042,0.000000,0.00
randomArrays.txt,1,955,0.000250,0.000000,0.00
randomArrays.txt,2,955,0.000202,0.000000,0.00
randomArrays.txt,3,955,0.000228,0.000000,0.00
randomArrays.txt,1,626,0.000096,0.000000,0.00
randomArrays.txt,2,626,0.000105,0.000000,0.00
randomArrays.txt,3,626,0.000103,0.000000,0.00
randomArrays.txt,1,948,0.000252,0.000000,0.00
randomArrays.txt,2,948,0.000253,0.000000,0.00
randomArrays.txt,3,948,0.000233,0.000000,0.00
randomArrays.txt,1,193,0.000021,0.000000,0.00
randomArrays.txt,2,193,0.000015,0.000000,0.00
randomArrays.txt,3,193,0.000014,0.000000,0.00
randomArrays.txt,1,361,0.000039,0.000000,0.00
randomArrays.txt,2,361,0.000040,0.000000,0.00
randomArrays.txt,3,361,0.000035,0.000000,0.00
randomArrays.txt,1,195,0.000013,0.000000,0.00
randomArrays.txt,2,195,0.000013,0.000000,0.00
randomArrays.txt,3,195,0.000013,0.000000,0.00
randomArrays.txt,1,905,0.001835,0.000000,0.00
randomArrays.txt,2,905,0.000214,0.000000,0.00
randomArrays.txt,3,905,0.000211,0.000000,0.00
randomArrays.txt,1,105,0.000006,0.000000,0.00
randomArrays.txt,2,105,0.000006,0.000000,0.00
randomArrays.txt,3,105,0.000005,0.000000,0.00
randomArrays.txt,1,750,0.000150,0.000000,0.00
randomArrays.txt,2,750,0.000132,0.000000,0.00
randomArrays.txt,3,750,0.000202,0.000000,0.00
randomArrays.txt,1,565,0.000174,0.000000,0.00
randomArrays.txt,2,565,0.000096,0.000000,0.00
randomArrays.txt,3,565,0.000075,0.000000,0.00
randomArrays.txt,1,538,0.000081,0.000000,0.00
randomArrays.txt,2,538,0.000073,0.000000,0.00
randomArrays.txt,3,538,0.000078,0.000000,0.00
randomArrays.txt,1,488,0.000060,0.000000,0.00
randomArrays.txt,2,488,0.000058,0.000000,0.00
randomArrays.txt,3,488,0.000065,0.000000,0.00
randomArrays.txt,1,30,0.000002,0.000000,0.00
randomArrays.txt,2,30,0.000002,0.000000,0.00
randomArrays.txt,3,30,0.000002,0.000000,0.00
randomArrays.txt,1,554,0.000072,0.000000,0.00
randomArrays.txt,2,554,0.000238,0.000000,0.00
randomArrays.txt,3,554,0.000078,0.000000,0.00
randomArrays.txt,1,407,0.000047,0.000000,0.00
randomArrays.txt,2,407,0.000042,0.000000,0.00
randomArrays.txt,3,407,0.000043,0.000000,0.00
randomArrays.txt,1,958,0.000203,0.000000,0.00
randomArrays.txt,2,958,0.000183,0.000000,0.00
randomArrays.txt,3,958,0.000177,0.000000,0.00
randomArrays.txt,1,137,0.000008,0.000000,0.00
randomArrays.txt,2,137,0.000009,0.000000,0.00
randomArrays.txt,3,137,0.000008,0.000000,0.00
randomArrays.txt,1,101,0.000006,0.000000,0.00
randomArrays.txt,2,101,0.000006,0.000000,0.00
randomArrays.txt,3,101,0.000006,0.000000,0.00
randomArrays.txt,1,633,0.000073,0.000000,0.00
randomArrays.txt,2,633,0.000159,0.000000,0.00
randomArrays.txt,3,633,0.000105,0.000000,0.00
randomArrays.txt,1,44,0.000003,0.000000,0.00
randomArrays.txt,2,44,0.000003,0.000000,0.00
randomArrays.txt,3,44,0.000003,0.000000,0.00
randomArrays.txt,1,738,0.000152,0.000000,0.00
randomArrays.txt,2,738,0.000202,0.000000,0.00
randomArrays.txt,3,738,0.000118,0.000000,0.00
randomArrays.txt,1,763,0.000118,0.000000,0.00
randomArrays.txt,2,763,0.000130,0.000000,0.00
randomArrays.txt,3,763,0.000142,0.000000,0.00
randomArrays.txt,1,319,0.000029,0.000000,0.00
randomArrays.txt,2,319,0.000032,0.000000,0.00
randomArrays.txt,3,319,0.000029,0.000000,0.00
randomArrays.txt,1,682,0.000114,0.000000,0.00
randomArrays.txt,2,682,0.000113,0.000000,0.00
randomArrays.txt,3,682,0.000342,0.000000,0.00
randomArrays.txt,1,820,0.000170,0.000000,0.00
randomArrays.txt,2,820,0.000169,0.000000,0.00
randomArrays.txt,3,820,0.000172,0.000000,0.00
randomArrays.txt,1,896,0.000200,0.000000,0.00
randomArrays.txt,2,896,0.000208,0.000000,0.00
randomArrays.txt,3,896,0.000201,0.000000,0.00
randomArrays.txt,1,712,0.000240,0.000000,0.00
randomArrays.txt,2,712,0.000134,0.000000,0.00
randomArrays.txt,3,712,0.000125,0.000000,0.00
randomArrays.txt,1,554,0.000081,0.000000,0.00
randomArrays.txt,2,554,0.000081,0.000000,0.00
randomArrays.txt,3,554,0.000082,0.000000,0.00
randomArrays.txt,1,940,0.000219,0.000000,0.00
randomArrays.txt,2,940,0.000218,0.000000,0.00
randomArrays.txt,3,940,0.000219,0.000000,0.00
randomArrays.txt,1,787,0.000161,0.000000,0.00
randomArrays.txt,2,787,0.000154,0.000000,0.00
randomArrays.txt,3,787,0.000145,0.000000,0.00
randomArrays.txt,1,255,0.000020,0.000000,0.00
randomArrays.txt,2,255,0.000019,0.000000,0.00
randomArrays.txt,3,255,0.000019,0.000000,0.00
randomArrays.txt,1,135,0.000007,0.000000,0.00
randomArrays.txt,2,135,0.000008,0.000000,0.00
randomArrays.txt,3,135,0.000010,0.000000,0.00
randomArrays.txt,1,546,0.000078,0.000000,0.00
randomArrays.txt,2,546,0.000071,0.000000,0.00
randomArrays.txt,3,546,0.000081,0.000000,0.00
randomArrays.txt,1,643,0.000098,0.000000,0.00
randomArrays.txt,2,643,0.000202,0.000000,0.00
randomArrays.txt,3,643,0.000115,0.000000,0.00
randomArrays.txt,1,197,0.000014,0.000000,0.00
randomArrays.txt,2,197,0.000013,0.000000,0.00
randomArrays.txt,3,197,0.000014,0.000000,0.00
randomArrays.txt,1,643,0.000142,0.000000,0.00
randomArrays.txt,2,643,0.000100,0.000000,0.00
randomArrays.txt,3,643,0.000100,0.000000,0.00
randomArrays.txt,1,858,0.000188,0.000000,0.00
randomArrays.txt,2,858,0.000178,0.000000,0.00
randomArrays.txt,3,858,0.000180,0.000000,0.00
randomArrays.txt,1,134,0.000007,0.000000,0.00
randomArrays.txt,2,134,0.000009,0.000000,0.00
randomArrays.txt,3,134,0.000008,0.000000,0.00
randomArrays.txt,1,133,0.000008,0.000000,0.00
randomArrays.txt,2,133,0.000008,0.000000,0.00
randomArrays.txt,3,133,0.000008,0.000000,0.00
randomArrays.txt,1,317,0.000028,0.000000,0.00
randomArrays.txt,2,317,0.000146,0.000000,0.00
randomArrays.txt,3,317,0.000030,0.000000,0.00
randomArrays.txt,1,312,0.000027,0.000000,0.00
randomArrays.txt,2,312,0.000028,0.000000,0.00
randomArrays.txt,3,312,0.000028,0.000000,0.00
randomArrays.txt,1,160,0.000009,0.000000,0.00
randomArrays.txt,2,160,0.000012,0.000000,0.00
randomArrays.txt,3,160,0.000011,0.000000,0.00
randomArrays.txt,1,838,0.000181,0.000000,0.00
randomArrays.txt,2,838,0.000158,0.000000,0.00
randomArrays.txt,3,838,0.000142,0.000000,0.00
randomArrays.txt,1,316,0.000028,0.000000,0.00
randomArrays.txt,2,316,0.000030,0.000000,0.00
randomArrays.txt,3,316,0.000029,0.000000,0.00
randomArrays.txt,1,111,0.000006,0.000000,0.00
randomArrays.txt,2,111,0.000007,0.000000,0.00
randomArrays.txt,3,111,0.000006,0.000000,0.00
randomArrays.txt,1,530,0.000066,0.000000,0.00
randomArrays.txt,2,530,0.000068,0.000000,0.00
randomArrays.txt,3,530,0.000076,0.000000,0.00
randomArrays.txt,1,827,0.000163,0.015625,0.00
randomArrays.txt,2,827,0.000176,0.000000,0.00
randomArrays.txt,3,827,0.000141,0.000000,0.00
randomArrays.txt,1,994,0.000524,0.000000,0.00
randomArrays.txt,2,994,0.000230,0.000000,0.00
randomArrays.txt,3,994,0.000197,0.000000,0.00
randomArrays.txt,1,348,0.000033,0.000000,0.00
randomArrays.txt,2,348,0.000038,0.000000,0.00
randomArrays.txt,3,348,0.000036,0.000000,0.00
randomArrays.txt,1,652,0.000098,0.000000,0.00
randomArrays.txt,2,652,0.000159,0.000000,0.00
randomArrays.txt,3,652,0.000098,0.000000,0.00
randomArrays.txt,1,339,0.000045,0.000000,0.00
randomArrays.txt,2,339,0.000034,0.000000,0.00
randomArrays.txt,3,339,0.000033,0.000000,0.00
randomArrays.txt,1,908,0.000188,0.000000,0.00
randomArrays.txt,2,908,0.000197,0.000000,0.00
randomArrays.txt,3,908,0.000199,0.000000,0.00
randomArrays.txt,1,655,0.000118,0.000000,0.00
randomArrays.txt,2,655,0.000127,0.000000,0.00
randomArrays.txt,3,655,0.000109,0.000000,0.00
randomArrays.txt,1,899,0.000192,0.000000,0.00
randomArrays.txt,2,899,0.000199,0.000000,0.00
randomArrays.txt,3,899,0.000168,0.000000,0.00
randomArrays.txt,1,377,0.000035,0.000000,0.00
randomArrays.txt,2,377,0.000038,0.000000,0.00
randomArrays.txt,3,377,0.000044,0.000000,0.00
randomArrays.txt,1,793,0.000147,0.000000,0.00
randomArrays.txt,2,793,0.000155,0.000000,0.00
randomArrays.txt,3,793,0.000162,0.000000,0.00
randomArrays.txt,1,12,0.000002,0.000000,0.00
randomArrays.txt,2,12,0.000002,0.000000,0.00
randomArrays.txt,3,12,0.000002,0.000000,0.00
randomArrays.txt,1,236,0.000016,0.000000,0.00
randomArrays.txt,2,236,0.000018,0.000000,0.00
randomArrays.txt,3,236,0.000047,0.000000,0.00
randomArrays.txt,1,851,0.000184,0.000000,0.00
randomArrays.txt,2,851,0.000190,0.000000,0.00
randomArrays.txt,3,851,0.000175,0.000000,0.00
randomArrays.txt,1,462,0.000048,0.000000,0.00
randomArrays.txt,2,462,0.000056,0.000000,0.00
randomArrays.txt,3,462,0.000077,0.000000,0.00
randomArrays.txt,1,49,0.000017,0.000000,0.00
randomArrays.txt,2,49,0.000003,0.000000,0.00
randomArrays.txt,3,49,0.000004,0.000000,0.00
randomArrays.txt,1,649,0.000107,0.000000,0.00
randomArrays.txt,2,649,0.000105,0.000000,0.00
randomArrays.txt,3,649,0.000108,0.000000,0.00
randomArrays.txt,1,299,0.000029,0.000000,0.00
randomArrays.txt,2,299,0.000029,0.000000,0.00
randomArrays.txt,3,299,0.000027,0.000000,0.00
randomArrays.txt,1,796,0.000163,0.000000,0.00
randomArrays.txt,2,796,0.000152,0.000000,0.00
randomArrays.txt,3,796,0.000160,0.000000,0.00
randomArrays.txt,1,227,0.000019,0.000000,0.00
randomArrays.txt,2,227,0.000018,0.000000,0.00
randomArrays.txt,3,227,0.000018,0.000000,0.00
randomArrays.txt,1,929,0.000206,0.000000,0.00
randomArrays.txt,2,929,0.000239,0.000000,0.00
randomArrays.txt,3,929,0.000196,0.000000,0.00
randomArrays.txt,1,166,0.000010,0.000000,0.00
randomArrays.txt,2,166,0.000011,0.000000,0.00
randomArrays.txt,3,166,0.000011,0.000000,0.00
randomArrays.txt,1,277,0.000042,0.000000,0.00
randomArrays.txt,2,277,0.000024,0.000000,0.00
randomArrays.txt,3,277,0.000025,0.000000,0.00
randomArrays.txt,1,179,0.000029,0.000000,0.00
randomArrays.txt,2,179,0.000013,0.000000,0.00
randomArrays.txt,3,179,0.000014,0.000000,0.00
randomArrays.txt,1,809,0.000395,0.000000,0.00
randomArrays.txt,2,809,0.000160,0.000000,0.00
randomArrays.txt,3,809,0.000179,0.000000,0.00
randomArrays.txt,1,232,0.000019,0.000000,0.00
randomArrays.txt,2,232,0.000018,0.000000,0.00
randomArrays.txt,3,232,0.000018,0.000000,0.00
randomArrays.txt,1,247,0.000018,0.000000,0.00
randomArrays.txt,2,247,0.000022,0.000000,0.00
randomArrays.txt,3,247,0.000021,0.000000,0.00
randomArrays.txt,1,99,0.000006,0.000000,0.00
randomArrays.txt,2,99,0.000007,0.000000,0.00
randomArrays.txt,3,99,0.000005,0.000000,0.00
randomArrays.txt,1,649,0.000107,0.000000,0.00
randomArrays.txt,2,649,0.000108,0.000000,0.00
randomArrays.txt,3,649,0.000106,0.000000,0.00
randomArrays.txt,1,15,0.000002,0.000000,0.00
randomArrays.txt,2,15,0.000002,0.000000,0.00
randomArrays.txt,3,15,0.000002,0.000000,0.00
randomArrays.txt,1,646,0.000123,0.000000,0.00
randomArrays.txt,2,646,0.000110,0.000000,0.00
randomArrays.txt,3,646,0.000103,0.000000,0.00
randomArrays.txt,1,463,0.000059,0.000000,0.00
randomArrays.txt,2,463,0.000056,0.000000,0.00
randomArrays.txt,3,463,0.000055,0.000000,0.00
randomArrays.txt,1,587,0.000095,0.000000,0.00
randomArrays.txt,2,587,0.000082,0.000000,0.00
randomArrays.txt,3,587,0.000083,0.000000,0.00
randomArrays.txt,1,898,0.000190,0.000000,0.00
randomArrays.txt,2,898,0.000230,0.000000,0.00
randomArrays.txt,3,898,0.000213,0.000000,0.00
randomArrays.txt,1,643,0.000111,0.000000,0.00
randomArrays.txt,2,643,0.000127,0.000000,0.00
randomArrays.txt,3,643,0.000097,0.000000,0.00
randomArrays.txt,1,840,0.000165,0.000000,0.00
randomArrays.txt,2,840,0.000175,0.000000,0.00
randomArrays.txt,3,840,0.000175,0.000000,0.00
randomArrays.txt,1,708,0.000136,0.000000,0.00
randomArrays.txt,2,708,0.000124,0.000000,0.00
randomArrays.txt,3,708,0.000127,0.000000,0.00
randomArrays.txt,1,214,0.000017,0.000000,0.00
randomArrays.txt,2,214,0.000016,0.000000,0.00
randomArrays.txt,3,214,0.000016,0.000000,0.00
randomArrays.txt,1,565,0.000092,0.000000,0.00
randomArrays.txt,2,565,0.000084,0.000000,0.00
randomArrays.txt,3,565,0.000083,0.000000,0.00
randomArrays.txt,1,157,0.000012,0.000000,0.00
randomArrays.txt,2,157,0.000011,0.000000,0.00
randomArrays.txt,3,157,0.000011,0.000000,0.00
randomArrays.txt,1,265,0.000025,0.000000,0.00
randomArrays.txt,2,265,0.000023,0.000000,0.00
randomArrays.txt,3,265,0.000026,0.000000,0.00
randomArrays.txt,1,171,0.000012,0.000000,0.00
randomArrays.txt,2,171,0.000014,0.000000,0.00
randomArrays.txt,3,171,0.000011,0.000000,0.00
randomArrays.txt,1,136,0.000009,0.000000,0.00
randomArrays.txt,2,136,0.000010,0.000000,0.00
randomArrays.txt,3,136,0.000007,0.000000,0.00
randomArrays.txt,1,290,0.000051,0.000000,0.00
randomArrays.txt,2,290,0.000027,0.000000,0.00
randomArrays.txt,3,290,0.000025,0.000000,0.00
randomArrays.txt,1,96,0.000014,0.000000,0.00
randomArrays.txt,2,96,0.000005,0.000000,0.00
randomArrays.txt,3,96,0.000005,0.000000,0.00
randomArrays.txt,1,11,0.000001,0.000000,0.00
randomArrays.txt,2,11,0.000001,0.000000,0.00
randomArrays.txt,3,11,0.000001,0.000000,0.00
randomArrays.txt,1,311,0.000027,0.000000,0.00
randomArrays.txt,2,311,0.000028,0.000000,0.00
randomArrays.txt,3,311,0.000028,0.000000,0.00
randomArrays.txt,1,566,0.000084,0.000000,0.00
randomArrays.txt,2,566,0.000088,0.000000,0.00
randomArrays.txt,3,566,0.000088,0.000000,0.00
randomArrays.txt,1,328,0.000028,0.000000,0.00
randomArrays.txt,2,328,0.000033,0.000000,0.00
randomArrays.txt,3,328,0.000033,0.000000,0.00
randomArrays.txt,1,358,0.000033,0.000000,0.00
randomArrays.txt,2,358,0.000035,0.000000,0.00
randomArrays.txt,3,358,0.000034,0.000000,0.00
randomArrays.txt,1,674,0.000140,0.000000,0.00
randomArrays.txt,2,674,0.000121,0.000000,0.00
randomArrays.txt,3,674,0.000114,0.000000,0.00
randomArrays.txt,1,490,0.000078,0.000000,0.00
randomArrays.txt,2,490,0.000067,0.000000,0.00
randomArrays.txt,3,490,0.000067,0.000000,0.00
randomArrays.txt,1,36,0.000002,0.000000,0.00
randomArrays.txt,2,36,0.000002,0.000000,0.00
randomArrays.txt,3,36,0.000002,0.000000,0.00
randomArrays.txt,1,408,0.000043,0.000000,0.00
randomArrays.txt,2,408,0.000051,0.000000,0.00
randomArrays.txt,3,408,0.000049,0.000000,0.00
randomArrays.txt,1,49,0.000002,0.000000,0.00
randomArrays.txt,2,49,0.000002,0.000000,0.00
randomArrays.txt,3,49,0.000002,0.000000,0.00
randomArrays.txt,1,581,0.000086,0.000000,0.00
randomArrays.txt,2,581,0.000092,0.000000,0.00
randomArrays.txt,3,581,0.000087,0.000000,0.00
randomArrays.txt,1,879,0.000178,0.000000,0.00
randomArrays.txt,2,879,0.000195,0.000000,0.00
randomArrays.txt,3,879,0.000197,0.000000,0.00
randomArrays.txt,1,61,0.000003,0.000000,0.00
randomArrays.txt,2,61,0.000003,0.000000,0.00
randomArrays.txt,3,61,0.000003,0.000000,0.00
randomArrays.txt,1,656,0.000106,0.000000,0.00
randomArrays.txt,2,656,0.000117,0.000000,0.00
randomArrays.txt,3,656,0.000099,0.000000,0.00
randomArrays.txt,1,411,0.000047,0.000000,0.00
randomArrays.txt,2,411,0.000042,0.000000,0.00
randomArrays.txt,3,411,0.000044,0.000000,0.00
randomArrays.txt,1,361,0.000037,0.000000,0.00
randomArrays.txt,2,361,0.000039,0.000000,0.00
randomArrays.txt,3,361,0.000037,0.000000,0.00
randomArrays.txt,1,994,0.000242,0.000000,0.00
randomArrays.txt,2,994,0.000251,0.000000,0.00
randomArrays.txt,3,994,0.000265,0.000000,0.00
randomArrays.txt,1,416,0.000053,0.000000,0.00
randomArrays.txt,2,416,0.000562,0.000000,0.00
randomArrays.txt,3,416,0.000049,0.000000,0.00
randomArrays.txt,1,966,0.000237,0.000000,0.00
randomArrays.txt,2,966,0.000214,0.000000,0.00
randomArrays.txt,3,966,0.000226,0.000000,0.00
randomArrays.txt,1,92,0.000005,0.000000,0.00
randomArrays.txt,2,92,0.000151,0.000000,0.00
randomArrays.txt,3,92,0.000004,0.000000,0.00
randomArrays.txt,1,429,0.000056,0.000000,0.00
randomArrays.txt,2,429,0.000048,0.000000,0.00
randomArrays.txt,3,429,0.000053,0.000000,0.00
randomArrays.txt,1,658,0.000113,0.000000,0.00
randomArrays.txt,2,658,0.000182,0.000000,0.00
randomArrays.txt,3,658,0.000118,0.000000,0.00
randomArrays.txt,1,877,0.000190,0.000000,0.00
randomArrays.txt,2,877,0.000190,0.000000,0.00
randomArrays.txt,3,877,0.000174,0.000000,0.00
randomArrays.txt,1,780,0.000158,0.000000,0.00
randomArrays.txt,2,780,0.000212,0.000000,0.00
randomArrays.txt,3,780,0.000142,0.000000,0.00
randomArrays.txt,1,669,0.000117,0.000000,0.00
randomArrays.txt,2,669,0.000116,0.000000,0.00
randomArrays.txt,3,669,0.000113,0.000000,0.00
randomArrays.txt,1,394,0.000231,0.000000,0.00
randomArrays.txt,2,394,0.000039,0.000000,0.00
randomArrays.txt,3,394,0.000041,0.000000,0.00
randomArrays.txt,1,892,0.000209,0.000000,0.00
randomArrays.txt,2,892,0.000196,0.000000,0.00
randomArrays.txt,3,892,0.000188,0.000000,0.00
randomArrays.txt,1,180,0.000012,0.000000,0.00
randomArrays.txt,2,180,0.000012,0.000000,0.00
randomArrays.txt,3,180,0.000011,0.000000,0.00
randomArrays.txt,1,829,0.000169,0.000000,0.00
randomArrays.txt,2,829,0.000163,0.000000,0.00
randomArrays.txt,3,829,0.000174,0.000000,0.00
randomArrays.txt,1,255,0.000020,0.000000,0.00
randomArrays.txt,2,255,0.000020,0.000000,0.00
randomArrays.txt,3,255,0.000021,0.000000,0.00
randomArrays.txt,1,374,0.000043,0.000000,0.00
randomArrays.txt,2,374,0.000177,0.000000,0.00
randomArrays.txt,3,374,0.000037,0.000000,0.00
randomArrays.txt,1,37,0.000002,0.000000,0.00
randomArrays.txt,2,37,0.000002,0.000000,0.00
randomArrays.txt,3,37,0.000002,0.000000,0.00
randomArrays.txt,1,919,0.000225,0.000000,0.00
randomArrays.txt,2,919,0.000198,0.000000,0.00
randomArrays.txt,3,919,0.000322,0.000000,0.00
randomArrays.txt,1,850,0.000169,0.000000,0.00
randomArrays.txt,2,850,0.000180,0.000000,0.00
randomArrays.txt,3,850,0.000179,0.000000,0.00
randomArrays.txt,1,930,0.000217,0.000000,0.00
randomArrays.txt,2,930,0.000228,0.000000,0.00
randomArrays.txt,3,930,0.000171,0.000000,0.00
randomArrays.txt,1,419,0.000052,0.000000,0.00
randomArrays.txt,2,419,0.000050,0.000000,0.00
randomArrays.txt,3,419,0.000050,0.000000,0.00
randomArrays.txt,1,720,0.000124,0.000000,0.00
randomArrays.txt,2,720,0.000258,0.015625,0.00
randomArrays.txt,3,720,0.000103,0.000000,0.00
randomArrays.txt,1,378,0.000045,0.000000,0.00
randomArrays.txt,2,378,0.000040,0.000000,0.00
randomArrays.txt,3,378,0.000043,0.000000,0.00
randomArrays.txt,1,815,0.000282,0.000000,0.00
randomArrays.txt,2,815,0.000151,0.000000,0.00
randomArrays.txt,3,815,0.000152,0.000000,0.00
randomArrays.txt,1,566,0.000081,0.000000,0.00
randomArrays.txt,2,566,0.000221,0.000000,0.00
randomArrays.txt,3,566,0.000059,0.000000,0.00
randomArrays.txt,1,623,0.000083,0.000000,0.00
randomArrays.txt,2,623,0.000097,0.000000,0.00
randomArrays.txt,3,623,0.000094,0.000000,0.00
randomArrays.txt,1,597,0.000094,0.000000,0.00
randomArrays.txt,2,597,0.000084,0.000000,0.00
randomArrays.txt,3,597,0.000093,0.000000,0.00
randomArrays.txt,1,148,0.000008,0.000000,0.00
randomArrays.txt,2,148,0.000008,0.000000,0.00
randomArrays.txt,3,148,0.000009,0.000000,0.00
randomArrays.txt,1,580,0.000093,0.000000,0.00
randomArrays.txt,2,580,0.000090,0.000000,0.00
randomArrays.txt,3,580,0.000090,0.000000,0.00
randomArrays.txt,1,244,0.000024,0.000000,0.00
randomArrays.txt,2,244,0.000122,0.000000,0.00
randomArrays.txt,3,244,0.000017,0.000000,0.00
randomArrays.txt,1,703,0.000125,0.000000,0.00
randomArrays.txt,2,703,0.000119,0.000000,0.00
randomArrays.txt,3,703,0.000120,0.000000,0.00
randomArrays.txt,1,743,0.000134,0.000000,0.00
randomArrays.txt,2,743,0.000137,0.000000,0.00
randomArrays.txt,3,743,0.000143,0.000000,0.00
randomArrays.txt,1,923,0.000207,0.015625,0.00
randomArrays.txt,2,923,0.000186,0.000000,0.00
randomArrays.txt,3,923,0.000184,0.000000,0.00
randomArrays.txt,1,284,0.000036,0.000000,0.00
randomArrays.txt,2,284,0.000020,0.000000,0.00
randomArrays.txt,3,284,0.000022,0.000000,0.00
randomArrays.txt,1,35,0.000004,0.000000,0.00
randomArrays.txt,2,35,0.000001,0.000000,0.00
randomArrays.txt,3,35,0.000001,0.000000,0.00
randomArrays.txt,1,941,0.000198,0.000000,0.00
randomArrays.txt,2,941,0.000216,0.000000,0.00
randomArrays.txt,3,941,0.000283,0.000000,0.00
randomArrays.txt,1,39,0.000005,0.000000,0.00
randomArrays.txt,2,39,0.000002,0.000000,0.00
randomArrays.txt,3,39,0.000002,0.000000,0.00
randomArrays.txt,1,276,0.000021,0.000000,0.00
randomArrays.txt,2,276,0.000023,0.000000,0.00
randomArrays.txt,3,276,0.000022,0.000000,0.00
randomArrays.txt,1,494,0.000252,0.000000,0.00
randomArrays.txt,2,494,0.000065,0.000000,0.00
randomArrays.txt,3,494,0.000064,0.000000,0.00
randomArrays.txt,1,547,0.000079,0.000000,0.00
randomArrays.txt,2,547,0.000089,0.000000,0.00
randomArrays.txt,3,547,0.000081,0.000000,0.00
randomArrays.txt,1,837,0.000162,0.000000,0.00
randomArrays.txt,2,837,0.000654,0.000000,0.00
randomArrays.txt,3,837,0.000164,0.000000,0.00
randomArrays.txt,1,183,0.000017,0.000000,0.00
randomArrays.txt,2,183,0.000012,0.000000,0.00
randomArrays.txt,3,183,0.000011,0.000000,0.00
randomArrays.txt,1,360,0.000036,0.000000,0.00
randomArrays.txt,2,360,0.000039,0.000000,0.00
randomArrays.txt,3,360,0.000036,0.000000,0.00
randomArrays.txt,1,627,0.000091,0.000000,0.00
randomArrays.txt,2,627,0.000107,0.000000,0.00
randomArrays.txt,3,627,0.000096,0.000000,0.00
randomArrays.txt,1,833,0.000172,0.000000,0.00
randomArrays.txt,2,833,0.000163,0.000000,0.00
randomArrays.txt,3,833,0.000144,0.000000,0.00
randomArrays.txt,1,491,0.000065,0.000000,0.00
randomArrays.txt,2,491,0.000208,0.000000,0.00
randomArrays.txt,3,491,0.000060,0.000000,0.00
randomArrays.txt,1,623,0.000091,0.000000,0.00
randomArrays.txt,2,623,0.000099,0.015625,0.00
randomArrays.txt,3,623,0.000096,0.000000,0.00
randomArrays.txt,1,850,0.000190,0.000000,0.00
randomArrays.txt,2,850,0.000168,0.000000,0.00
randomArrays.txt,3,850,0.000182,0.000000,0.00
randomArrays.txt,1,35,0.000002,0.000000,0.00
randomArrays.txt,2,35,0.000002,0.000000,0.00
randomArrays.txt,3,35,0.000002,0.000000,0.00
randomArrays.txt,1,584,0.000095,0.000000,0.00
randomArrays.txt,2,584,0.000087,0.000000,0.00
randomArrays.txt,3,584,0.000088,0.000000,0.00
randomArrays.txt,1,34,0.000002,0.000000,0.00
randomArrays.txt,2,34,0.000002,0.000000,0.00
randomArrays.txt,3,34,0.000002,0.000000,0.00
randomArrays.txt,1,335,0.000029,0.000000,0.00
randomArrays.txt,2,335,0.000029,0.000000,0.00
randomArrays.txt,3,335,0.000029,0.000000,0.00
randomArrays.txt,1,145,0.000009,0.000000,0.00
randomArrays.txt,2,145,0.000008,0.000000,0.00
randomArrays.txt,3,145,0.000011,0.000000,0.00
randomArrays.txt,1,61,0.000002,0.000000,0.00
randomArrays.txt,2,61,0.000003,0.000000,0.00
randomArrays.txt,3,61,0.000003,0.000000,0.00
randomArrays.txt,1,88,0.000005,0.000000,0.00
randomArrays.txt,2,88,0.000004,0.000000,0.00
randomArrays.txt,3,88,0.000004,0.000000,0.00
randomArrays.txt,1,442,0.000054,0.000000,0.00
randomArrays.txt,2,442,0.000057,0.000000,0.00
randomArrays.txt,3,442,0.000049,0.000000,0.00
randomArrays.txt,1,729,0.000131,0.000000,0.00
randomArrays.txt,2,729,0.000124,0.000000,0.00
randomArrays.txt,3,729,0.000136,0.000000,0.00
randomArrays.txt,1,312,0.000027,0.000000,0.00
randomArrays.txt,2,312,0.000110,0.000000,0.00
randomArrays.txt,3,312,0.000030,0.000000,0.00
randomArrays.txt,1,620,0.000115,0.000000,0.00
randomArrays.txt,2,620,0.000101,0.000000,0.00
randomArrays.txt,3,620,0.000101,0.000000,0.00
randomArrays.txt,1,77,0.000004,0.000000,0.00
randomArrays.txt,2,77,0.000004,0.000000,0.00
randomArrays.txt,3,77,0.000004,0.000000,0.00
randomArrays.txt,1,784,0.000158,0.000000,0.00
randomArrays.txt,2,784,0.000148,0.000000,0.00
randomArrays.txt,3,784,0.000144,0.000000,0.00
randomArrays.txt,1,720,0.000143,0.000000,0.00
randomArrays.txt,2,720,0.000117,0.000000,0.00
randomArrays.txt,3,720,0.000138,0.000000,0.00
randomArrays.txt,1,796,0.000151,0.000000,0.00
randomArrays.txt,2,796,0.000244,0.000000,0.00
randomArrays.txt,3,796,0.000243,0.000000,0.00
randomArrays.txt,1,81,0.000004,0.000000,0.00
randomArrays.txt,2,81,0.000004,0.000000,0.00
randomArrays.txt,3,81,0.000004,0.000000,0.00
randomArrays.txt,1,900,0.000154,0.000000,0.00
randomArrays.txt,2,900,0.000196,0.000000,0.00
randomArrays.txt,3,900,0.000173,0.000000,0.00
randomArrays.txt,1,570,0.000089,0.000000,0.00
randomArrays.txt,2,570,0.000080,0.000000,0.00
randomArrays.txt,3,570,0.000086,0.000000,0.00
randomArrays.txt,1,749,0.000128,0.000000,0.00
randomArrays.txt,2,749,0.000173,0.000000,0.00
randomArrays.txt,3,749,0.000129,0.000000,0.00
randomArrays.txt,1,723,0.000141,0.000000,0.00
randomArrays.txt,2,723,0.000119,0.000000,0.00
randomArrays.txt,3,723,0.000125,0.000000,0.00
randomArrays.txt,1,54,0.000003,0.000000,0.00
randomArrays.txt,2,54,0.000002,0.000000,0.00
randomArrays.txt,3,54,0.000002,0.000000,0.00
randomArrays.txt,1,261,0.000021,0.000000,0.00
randomArrays.txt,2,261,0.000022,0.000000,0.00
randomArrays.txt,3,261,0.000020,0.000000,0.00
randomArrays.txt,1,831,0.000186,0.000000,0.00
randomArrays.txt,2,831,0.000165,0.000000,0.00
randomArrays.txt,3,831,0.000167,0.000000,0.00
randomArrays.txt,1,133,0.000008,0.000000,0.00
randomArrays.txt,2,133,0.000008,0.000000,0.00
randomArrays.txt,3,133,0.000008,0.000000,0.00
randomArrays.txt,1,165,0.000010,0.000000,0.00
randomArrays.txt,2,165,0.000011,0.000000,0.00
randomArrays.txt,3,165,0.000011,0.000000,0.00
randomArrays.txt,1,441,0.000061,0.000000,0.00
randomArrays.txt,2,441,0.000054,0.000000,0.00
randomArrays.txt,3,441,0.000051,0.000000,0.00
randomArrays.txt,1,782,0.000160,0.000000,0.00
randomArrays.txt,2,782,0.000164,0.000000,0.00
randomArrays.txt,3,782,0.000157,0.000000,0.00
randomArrays.txt,1,384,0.000041,0.000000,0.00
randomArrays.txt,2,384,0.000043,0.000000,0.00
randomArrays.txt,3,384,0.000044,0.000000,0.00
randomArrays.txt,1,283,0.000027,0.000000,0.00
randomArrays.txt,2,283,0.000023,0.000000,0.00
randomArrays.txt,3,283,0.000024,0.000000,0.00
randomArrays.txt,1,71,0.000004,0.000000,0.00
randomArrays.txt,2,71,0.000004,0.000000,0.00
randomArrays.txt,3,71,0.000003,0.000000,0.00
randomArrays.txt,1,374,0.000039,0.000000,0.00
randomArrays.txt,2,374,0.000038,0.000000,0.00
randomArrays.txt,3,374,0.000037,0.000000,0.00
randomArrays.txt,1,204,0.000017,0.000000,0.00
randomArrays.txt,2,204,0.000014,0.000000,0.00
randomArrays.txt,3,204,0.000014,0.000000,0.00
randomArrays.txt,1,437,0.000056,0.000000,0.00
randomArrays.txt,2,437,0.000053,0.000000,0.00
randomArrays.txt,3,437,0.000052,0.000000,0.00
randomArrays.txt,1,662,0.000113,0.000000,0.00
randomArrays.txt,2,662,0.000105,0.000000,0.00
randomArrays.txt,3,662,0.000107,0.000000,0.00
randomArrays.txt,1,821,0.000197,0.000000,0.00
randomArrays.txt,2,821,0.000163,0.000000,0.00
randomArrays.txt,3,821,0.000181,0.000000,0.00
randomArrays.txt,1,198,0.000014,0.000000,0.00
randomArrays.txt,2,198,0.000015,0.000000,0.00
randomArrays.txt,3,198,0.000016,0.000000,0.00
randomArrays.txt,1,776,0.000138,0.000000,0.00
randomArrays.txt,2,776,0.000179,0.000000,0.00
randomArrays.txt,3,776,0.000150,0.000000,0.00
randomArrays.txt,1,124,0.000006,0.000000,0.00
randomArrays.txt,2,124,0.000006,0.000000,0.00
randomArrays.txt,3,124,0.000007,0.000000,0.00
randomArrays.txt,1,202,0.000013,0.000000,0.00
randomArrays.txt,2,202,0.000014,0.000000,0.00
randomArrays.txt,3,202,0.000013,0.000000,0.00
randomArrays.txt,1,806,0.000196,0.000000,0.00
randomArrays.txt,2,806,0.000159,0.000000,0.00
randomArrays.txt,3,806,0.000165,0.000000,0.00
randomArrays.txt,1,448,0.000060,0.000000,0.00
randomArrays.txt,2,448,0.000057,0.000000,0.00
randomArrays.txt,3,448,0.000056,0.000000,0.00
randomArrays.txt,1,383,0.000038,0.000000,0.00
randomArrays.txt,2,383,0.000041,0.000000,0.00
randomArrays.txt,3,383,0.000038,0.000000,0.00
randomArrays.txt,1,992,0.000213,0.000000,0.00
randomArrays.txt,2,992,0.000219,0.000000,0.00
randomArrays.txt,3,992,0.000230,0.000000,0.00
randomArrays.txt,1,714,0.000134,0.000000,0.00
randomArrays.txt,2,714,0.000123,0.000000,0.00
randomArrays.txt,3,714,0.000126,0.000000,0.00
randomArrays.txt,1,528,0.000069,0.000000,0.00
randomArrays.txt,2,528,0.000089,0.000000,0.00
randomArrays.txt,3,528,0.000066,0.000000,0.00
randomArrays.txt,1,137,0.000008,0.000000,0.00
randomArrays.txt,2,137,0.000008,0.000000,0.00
randomArrays.txt,3,137,0.000008,0.000000,0.00
randomArrays.txt,1,122,0.000006,0.000000,0.00
randomArrays.txt,2,122,0.000007,0.000000,0.00
randomArrays.txt,3,122,0.000007,0.000000,0.00
randomArrays.txt,1,883,0.000193,0.000000,0.00
randomArrays.txt,2,883,0.000189,0.000000,0.00
randomArrays.txt,3,883,0.000190,0.000000,0.00
randomArrays.txt,1,614,0.000093,0.000000,0.00
randomArrays.txt,2,614,0.000092,0.000000,0.00
randomArrays.txt,3,614,0.000097,0.000000,0.00
randomArrays.txt,1,841,0.000176,0.000000,0.00
randomArrays.txt,2,841,0.000255,0.000000,0.00
randomArrays.txt,3,841,0.000177,0.000000,0.00
randomArrays.txt,1,471,0.000068,0.000000,0.00
randomArrays.txt,2,471,0.000057,0.000000,0.00
randomArrays.txt,3,471,0.000056,0.000000,0.00
randomArrays.txt,1,871,0.000196,0.031250,0.00
randomArrays.txt,2,871,0.000180,0.000000,0.00
randomArrays.txt,3,871,0.000179,0.000000,0.00
randomArrays.txt,1,938,0.000240,0.000000,0.00
randomArrays.txt,2,938,0.000244,0.000000,0.00
randomArrays.txt,3,938,0.000211,0.000000,0.00
randomArrays.txt,1,238,0.000018,0.000000,0.00
randomArrays.txt,2,238,0.000020,0.000000,0.00
randomArrays.txt,3,238,0.000020,0.000000,0.00
randomArrays.txt,1,772,0.000147,0.000000,0.00
randomArrays.txt,2,772,0.000149,0.000000,0.00
randomArrays.txt,3,772,0.000143,0.000000,0.00
randomArrays.txt,1,334,0.000035,0.000000,0.00
randomArrays.txt,2,334,0.000035,0.000000,0.00
randomArrays.txt,3,334,0.000047,0.000000,0.00
randomArrays.txt,1,274,0.000024,0.000000,0.00
randomArrays.txt,2,274,0.000023,0.000000,0.00
randomArrays.txt,3,274,0.000021,0.000000,0.00
randomArrays.txt,1,385,0.000058,0.000000,0.00
randomArrays.txt,2,385,0.000042,0.000000,0.00
randomArrays.txt,3,385,0.000041,0.000000,0.00
randomArrays.txt,1,455,0.000064,0.000000,0.00
randomArrays.txt,2,455,0.000052,0.000000,0.00
randomArrays.txt,3,455,0.000055,0.000000,0.00
randomArrays.txt,1,202,0.000013,0.000000,0.00
randomArrays.txt,2,202,0.000013,0.000000,0.00
randomArrays.txt,3,202,0.000015,0.000000,0.00
randomArrays.txt,1,349,0.000149,0.000000,0.00
randomArrays.txt,2,349,0.000036,0.000000,0.00
randomArrays.txt,3,349,0.000037,0.000000,0.00
randomArrays.txt,1,170,0.000011,0.000000,0.00
randomArrays.txt,2,170,0.000011,0.000000,0.00
randomArrays.txt,3,170,0.000011,0.000000,0.00
randomArrays.txt,1,365,0.000038,0.000000,0.00
randomArrays.txt,2,365,0.000040,0.000000,0.00
randomArrays.txt,3,365,0.000036,0.000000,0.00
randomArrays.txt,1,921,0.000211,0.000000,0.00
randomArrays.txt,2,921,0.000192,0.000000,0.00
randomArrays.txt,3,921,0.000278,0.000000,0.00
randomArrays.txt,1,368,0.000045,0.000000,0.00
randomArrays.txt,2,368,0.000039,0.000000,0.00
randomArrays.txt,3,368,0.000041,0.000000,0.00
randomArrays.txt,1,851,0.000191,0.000000,0.00
randomArrays.txt,2,851,0.000157,0.000000,0.00
randomArrays.txt,3,851,0.000188,0.000000,0.00
randomArrays.txt,1,736,0.000141,0.000000,0.00
randomArrays.txt,2,736,0.000136,0.000000,0.00
randomArrays.txt,3,736,0.000141,0.000000,0.00
randomArrays.txt,1,64,0.000003,0.000000,0.00
randomArrays.txt,2,64,0.000006,0.000000,0.00
randomArrays.txt,3,64,0.000003,0.000000,0.00
randomArrays.txt,1,371,0.000036,0.000000,0.00
randomArrays.txt,2,371,0.000038,0.000000,0.00
randomArrays.txt,3,371,0.000040,0.000000,0.00
randomArrays.txt,1,962,0.000315,0.000000,0.00
randomArrays.txt,2,962,0.000236,0.000000,0.00
randomArrays.txt,3,962,0.000233,0.000000,0.00
randomArrays.txt,1,758,0.000252,0.000000,0.00
randomArrays.txt,2,758,0.000142,0.000000,0.00
randomArrays.txt,3,758,0.000157,0.000000,0.00
randomArrays.txt,1,565,0.000082,0.000000,0.00
randomArrays.txt,2,565,0.000072,0.000000,0.00
randomArrays.txt,3,565,0.000084,0.000000,0.00
randomArrays.txt,1,246,0.000018,0.000000,0.00
randomArrays.txt,2,246,0.000020,0.000000,0.00
randomArrays.txt,3,246,0.000018,0.000000,0.00
randomArrays.txt,1,390,0.000056,0.000000,0.00
randomArrays.txt,2,390,0.000038,0.000000,0.00
randomArrays.txt,3,390,0.000038,0.000000,0.00
randomArrays.txt,1,833,0.000176,0.000000,0.00
randomArrays.txt,2,833,0.000179,0.000000,0.00
randomArrays.txt,3,833,0.000179,0.000000,0.00
randomArrays.txt,1,359,0.000038,0.000000,0.00
randomArrays.txt,2,359,0.000039,0.000000,0.00
randomArrays.txt,3,359,0.000036,0.000000,0.00
randomArrays.txt,1,647,0.000111,0.000000,0.00
randomArrays.txt,2,647,0.000112,0.000000,0.00
randomArrays.txt,3,647,0.000113,0.000000,0.00
randomArrays.txt,1,830,0.000232,0.000000,0.00
randomArrays.txt,2,830,0.000177,0.000000,0.00
randomArrays.txt,3,830,0.000175,0.000000,0.00
randomArrays.txt,1,790,0.000168,0.000000,0.00
randomArrays.txt,2,790,0.000162,0.000000,0.00
randomArrays.txt,3,790,0.000154,0.000000,0.00
randomArrays.txt,1,789,0.000142,0.000000,0.00
randomArrays.txt,2,789,0.000144,0.000000,0.00
randomArrays.txt,3,789,0.000158,0.000000,0.00
randomArrays.txt,1,33,0.000002,0.000000,0.00
randomArrays.txt,2,33,0.000006,0.000000,0.00
randomArrays.txt,3,33,0.000001,0.000000,0.00
randomArrays.txt,1,324,0.000033,0.000000,0.00
randomArrays.txt,2,324,0.000033,0.000000,0.00
randomArrays.txt,3,324,0.000032,0.000000,0.00
randomArrays.txt,1,460,0.000050,0.000000,0.00
randomArrays.txt,2,460,0.000050,0.000000,0.00
randomArrays.txt,3,460,0.000050,0.000000,0.00
randomArrays.txt,1,660,0.000147,0.000000,0.00
randomArrays.txt,2,660,0.000112,0.000000,0.00
randomArrays.txt,3,660,0.000112,0.000000,0.00
randomArrays.txt,1,553,0.000232,0.000000,0.00
randomArrays.txt,2,553,0.000079,0.000000,0.00
randomArrays.txt,3,553,0.000134,0.015625,0.00
randomArrays.txt,1,181,0.000012,0.000000,0.00
randomArrays.txt,2,181,0.000013,0.000000,0.00
randomArrays.txt,3,181,0.000014,0.000000,0.00
randomArrays.txt,1,106,0.000006,0.000000,0.00
randomArrays.txt,2,106,0.000005,0.000000,0.00
randomArrays.txt,3,106,0.000005,0.000000,0.00
randomArrays.txt,1,198,0.000012,0.000000,0.00
randomArrays.txt,2,198,0.000014,0.000000,0.00
randomArrays.txt,3,198,0.000014,0.000000,0.00
randomArrays.txt,1,795,0.000169,0.000000,0.00
randomArrays.txt,2,795,0.000239,0.000000,0.00
randomArrays.txt,3,795,0.000150,0.000000,0.00
randomArrays.txt,1,149,0.000009,0.000000,0.00
randomArrays.txt,2,149,0.000007,0.000000,0.00
randomArrays.txt,3,149,0.000009,0.000000,0.00
randomArrays.txt,1,42,0.000002,0.000000,0.00
randomArrays.txt,2,42,0.000002,0.000000,0.00
randomArrays.txt,3,42,0.000002,0.000000,0.00
randomArrays.txt,1,538,0.000073,0.000000,0.00
randomArrays.txt,2,538,0.000075,0.000000,0.00
randomArrays.txt,3,538,0.000081,0.000000,0.00
randomArrays.txt,1,405,0.000045,0.000000,0.00
randomArrays.txt,2,405,0.000051,0.000000,0.00
randomArrays.txt,3,405,0.000050,0.000000,0.00
randomArrays.txt,1,741,0.000122,0.000000,0.00
randomArrays.txt,2,741,0.000129,0.000000,0.00
randomArrays.txt,3,741,0.000133,0.000000,0.00
randomArrays.txt,1,88,0.000004,0.000000,0.00
randomArrays.txt,2,88,0.000005,0.000000,0.00
randomArrays.txt,3,88,0.000004,0.000000,0.00
randomArrays.txt,1,896,0.000198,0.000000,0.00
randomArrays.txt,2,896,0.000202,0.000000,0.00
randomArrays.txt,3,896,0.000196,0.000000,0.00
randomArrays.txt,1,574,0.000087,0.000000,0.00
randomArrays.txt,2,574,0.000218,0.000000,0.00
randomArrays.txt,3,574,0.000084,0.000000,0.00
randomArrays.txt,1,34,0.000002,0.000000,0.00
randomArrays.txt,2,34,0.000001,0.000000,0.00
randomArrays.txt,3,34,0.000002,0.000000,0.00
randomArrays.txt,1,83,0.000004,0.000000,0.00
randomArrays.txt,2,83,0.000005,0.000000,0.00
randomArrays.txt,3,83,0.000004,0.000000,0.00
randomArrays.txt,1,311,0.000026,0.000000,0.00
randomArrays.txt,2,311,0.000181,0.000000,0.00
randomArrays.txt,3,311,0.000028,0.000000,0.00
randomArrays.txt,1,168,0.000011,0.000000,0.00
randomArrays.txt,2,168,0.000010,0.000000,0.00
randomArrays.txt,3,168,0.000011,0.000000,0.00
randomArrays.txt,1,720,0.000120,0.000000,0.00
randomArrays.txt,2,720,0.000121,0.000000,0.00
randomArrays.txt,3,720,0.000131,0.000000,0.00
randomArrays.txt,1,499,0.000149,0.000000,0.00
randomArrays.txt,2,499,0.000072,0.000000,0.00
randomArrays.txt,3,499,0.000063,0.000000,0.00
randomArrays.txt,1,280,0.000031,0.000000,0.00
randomArrays.txt,2,280,0.000022,0.000000,0.00
randomArrays.txt,3,280,0.000022,0.000000,0.00
randomArrays.txt,1,960,0.000208,0.000000,0.00
randomArrays.txt,2,960,0.000200,0.000000,0.00
randomArrays.txt,3,960,0.000177,0.000000,0.00
randomArrays.txt,1,351,0.000035,0.000000,0.00
randomArrays.txt,2,351,0.000036,0.000000,0.00
randomArrays.txt,3,351,0.000035,0.000000,0.00
randomArrays.txt,1,840,0.000179,0.000000,0.00
randomArrays.txt,2,840,0.000194,0.000000,0.00
randomArrays.txt,3,840,0.000289,0.000000,0.00
randomArrays.txt,1,826,0.000171,0.000000,0.00
randomArrays.txt,2,826,0.000171,0.000000,0.00
randomArrays.txt,3,826,0.000176,0.000000,0.00
randomArrays.txt,1,780,0.000238,0.000000,0.00
randomArrays.txt,2,780,0.000152,0.000000,0.00
randomArrays.txt,3,780,0.000152,0.000000,0.00
randomArrays.txt,1,592,0.000098,0.000000,0.00
randomArrays.txt,2,592,0.000095,0.000000,0.00
randomArrays.txt,3,592,0.000093,0.000000,0.00
randomArrays.txt,1,601,0.000280,0.031250,0.00
randomArrays.txt,2,601,0.000092,0.000000,0.00
randomArrays.txt,3,601,0.000095,0.000000,0.00
randomArrays.txt,1,924,0.000217,0.000000,0.00
randomArrays.txt,2,924,0.000214,0.000000,0.00
randomArrays.txt,3,924,0.000271,0.000000,0.00
randomArrays.txt,1,630,0.000100,0.000000,0.00
randomArrays.txt,2,630,0.000099,0.000000,0.00
randomArrays.txt,3,630,0.000098,0.000000,0.00
randomArrays.txt,1,738,0.000161,0.000000,0.00
randomArrays.txt,2,738,0.000128,0.000000,0.00
randomArrays.txt,3,738,0.000131,0.000000,0.00
randomArrays.txt,1,43,0.000002,0.000000,0.00
randomArrays.txt,2,43,0.000002,0.000000,0.00
randomArrays.txt,3,43,0.000002,0.000000,0.00
randomArrays.txt,1,546,0.000094,0.000000,0.00
randomArrays.txt,2,546,0.000080,0.000000,0.00
randomArrays.txt,3,546,0.000075,0.000000,0.00
randomArrays.txt,1,118,0.000006,0.000000,0.00
randomArrays.txt,2,118,0.000006,0.000000,0.00
randomArrays.txt,3,118,0.000007,0.000000,0.00
randomArrays.txt,1,812,0.000145,0.000000,0.00
randomArrays.txt,2,812,0.000166,0.000000,0.00
randomArrays.txt,3,812,0.000160,0.000000,0.00
randomArrays.txt,1,636,0.000113,0.000000,0.00
randomArrays.txt,2,636,0.000103,0.000000,0.00
randomArrays.txt,3,636,0.000100,0.000000,0.00
randomArrays.txt,1,253,0.000020,0.000000,0.00
randomArrays.txt,2,253,0.000019,0.000000,0.00
randomArrays.txt,3,253,0.000019,0.000000,0.00
randomArrays.txt,1,443,0.000058,0.000000,0.00
randomArrays.txt,2,443,0.000055,0.000000,0.00
randomArrays.txt,3,443,0.000054,0.000000,0.00
randomArrays.txt,1,292,0.000025,0.000000,0.00
randomArrays.txt,2,292,0.000026,0.000000,0.00
randomArrays.txt,3,292,0.000022,0.000000,0.00
randomArrays.txt,1,723,0.000147,0.000000,0.00
randomArrays.txt,2,723,0.000137,0.000000,0.00
randomArrays.txt,3,723,0.000147,0.000000,0.00
randomArrays.txt,1,398,0.000073,0.000000,0.00
randomArrays.txt,2,398,0.000042,0.000000,0.00
randomArrays.txt,3,398,0.000043,0.000000,0.00
randomArrays.txt,1,368,0.000038,0.000000,0.00
randomArrays.txt,2,368,0.000041,0.000000,0.00
randomArrays.txt,3,368,0.000077,0.000000,0.00
randomArrays.txt,1,534,0.000078,0.000000,0.00
randomArrays.txt,2,534,0.000079,0.000000,0.00
randomArrays.txt,3,534,0.000080,0.000000,0.00
randomArrays.txt,1,899,0.000194,0.000000,0.00
randomArrays.txt,2,899,0.000204,0.000000,0.00
randomArrays.txt,3,899,0.000195,0.000000,0.00
randomArrays.txt,1,137,0.000008,0.000000,0.00
randomArrays.txt,2,137,0.000008,0.000000,0.00
randomArrays.txt,3,137,0.000008,0.000000,0.00
randomArrays.txt,1,187,0.000013,0.000000,0.00
randomArrays.txt,2,187,0.000013,0.000000,0.00
randomArrays.txt,3,187,0.000013,0.000000,0.00
randomArrays.txt,1,164,0.000012,0.000000,0.00
randomArrays.txt,2,164,0.000011,0.000000,0.00
randomArrays.txt,3,164,0.000010,0.000000,0.00
randomArrays.txt,1,735,0.000137,0.000000,0.00
randomArrays.txt,2,735,0.000136,0.000000,0.00
randomArrays.txt,3,735,0.000143,0.000000,0.00
randomArrays.txt,1,524,0.000077,0.000000,0.00
randomArrays.txt,2,524,0.000074,0.000000,0.00
randomArrays.txt,3,524,0.000073,0.000000,0.00
randomArrays.txt,1,512,0.000065,0.000000,0.00
randomArrays.txt,2,512,0.000066,0.000000,0.00
randomArrays.txt,3,512,0.000067,0.000000,0.00
randomArrays.txt,1,15,0.000001,0.000000,0.00
randomArrays.txt,2,15,0.000001,0.000000,0.00
randomArrays.txt,3,15,0.000001,0.000000,0.00
randomArrays.txt,1,737,0.000136,0.000000,0.00
randomArrays.txt,2,737,0.000143,0.000000,0.00
randomArrays.txt,3,737,0.000139,0.000000,0.00
randomArrays.txt,1,616,0.000093,0.000000,0.00
randomArrays.txt,2,616,0.000103,0.000000,0.00
randomArrays.txt,3,616,0.000100,0.000000,0.00
randomArrays.txt,1,349,0.000033,0.000000,0.00
randomArrays.txt,2,349,0.000033,0.000000,0.00
randomArrays.txt,3,349,0.000035,0.000000,0.00
randomArrays.txt,1,645,0.000662,0.000000,0.00
randomArrays.txt,2,645,0.000099,0.000000,0.00
randomArrays.txt,3,645,0.000093,0.000000,0.00
randomArrays.txt,1,502,0.000063,0.000000,0.00
randomArrays.txt,2,502,0.000067,0.000000,0.00
randomArrays.txt,3,502,0.000065,0.000000,0.00
randomArrays.txt,1,932,0.000214,0.000000,0.00
randomArrays.txt,2,932,0.000203,0.000000,0.00
randomArrays.txt,3,932,0.000209,0.000000,0.00
randomArrays.txt,1,778,0.000174,0.000000,0.00
randomArrays.txt,2,778,0.000153,0.000000,0.00
randomArrays.txt,3,778,0.000298,0.000000,0.00
randomArrays.txt,1,126,0.000008,0.000000,0.00
randomArrays.txt,2,126,0.000007,0.000000,0.00
randomArrays.txt,3,126,0.000008,0.000000,0.00
randomArrays.txt,1,836,0.000196,0.000000,0.00
randomArrays.txt,2,836,0.000155,0.000000,0.00
randomArrays.txt,3,836,0.000162,0.000000,0.00
randomArrays.txt,1,911,0.000209,0.000000,0.00
randomArrays.txt,2,911,0.000208,0.000000,0.00
randomArrays.txt,3,911,0.000216,0.000000,0.00
randomArrays.txt,1,265,0.000037,0.000000,0.00
randomArrays.txt,2,265,0.000023,0.000000,0.00
randomArrays.txt,3,265,0.000020,0.000000,0.00
randomArrays.txt,1,694,0.000163,0.000000,0.00
randomArrays.txt,2,694,0.000114,0.000000,0.00
randomArrays.txt,3,694,0.000114,0.000000,0.00
randomArrays.txt,1,188,0.000014,0.000000,0.00
randomArrays.txt,2,188,0.000011,0.000000,0.00
randomArrays.txt,3,188,0.000011,0.000000,0.00
randomArrays.txt,1,282,0.000024,0.000000,0.00
randomArrays.txt,2,282,0.000024,0.000000,0.00
randomArrays.txt,3,282,0.000024,0.000000,0.00
randomArrays.txt,1,347,0.000039,0.000000,0.00
randomArrays.txt,2,347,0.000035,0.000000,0.00
randomArrays.txt,3,347,0.000033,0.000000,0.00
randomArrays.txt,1,768,0.000174,0.000000,0.00
randomArrays.txt,2,768,0.000147,0.000000,0.00
randomArrays.txt,3,768,0.000141,0.000000,0.00
randomArrays.txt,1,778,0.000201,0.000000,0.00
randomArrays.txt,2,778,0.000149,0.015625,0.00
randomArrays.txt,3,778,0.000149,0.000000,0.00
randomArrays.txt,1,549,0.000086,0.000000,0.00
randomArrays.txt,2,549,0.000086,0.000000,0.00
randomArrays.txt,3,549,0.000070,0.000000,0.00
randomArrays.txt,1,12,0.000001,0.000000,0.00
randomArrays.txt,2,12,0.000001,0.000000,0.00
randomArrays.txt,3,12,0.000001,0.000000,0.00
randomArrays.txt,1,336,0.000033,0.000000,0.00
randomArrays.txt,2,336,0.000029,0.000000,0.00
randomArrays.txt,3,336,0.000030,0.000000,0.00
randomArrays.txt,1,949,0.000222,0.000000,0.00
randomArrays.txt,2,949,0.000203,0.000000,0.00
randomArrays.txt,3,949,0.000221,0.000000,0.00
randomArrays.txt,1,179,0.000010,0.000000,0.00
randomArrays.txt,2,179,0.000010,0.000000,0.00
randomArrays.txt,3,179,0.000012,0.000000,0.00
randomArrays.txt,1,634,0.000107,0.000000,0.00
randomArrays.txt,2,634,0.000101,0.000000,0.00
randomArrays.txt,3,634,0.000110,0.000000,0.00
randomArrays.txt,1,38,0.000002,0.000000,0.00
randomArrays.txt,2,38,0.000001,0.000000,0.00
randomArrays.txt,3,38,0.000001,0.000000,0.00
randomArrays.txt,1,123,0.000007,0.000000,0.00
randomArrays.txt,2,123,0.000007,0.000000,0.00
randomArrays.txt,3,123,0.000007,0.000000,0.00
randomArrays.txt,1,282,0.000024,0.000000,0.00
randomArrays.txt,2,282,0.000022,0.000000,0.00
randomArrays.txt,3,282,0.000024,0.000000,0.00
randomArrays.txt,1,452,0.000134,0.000000,0.00
randomArrays.txt,2,452,0.000054,0.000000,0.00
randomArrays.txt,3,452,0.000048,0.000000,0.00
randomArrays.txt,1,217,0.000031,0.000000,0.00
randomArrays.txt,2,217,0.000024,0.000000,0.00
randomArrays.txt,3,217,0.000016,0.000000,0.00
randomArrays.txt,1,629,0.000113,0.000000,0.00
randomArrays.txt,2,629,0.000108,0.000000,0.00
randomArrays.txt,3,629,0.000105,0.000000,0.00
randomArrays.txt,1,275,0.000024,0.000000,0.00
randomArrays.txt,2,275,0.000024,0.000000,0.00
randomArrays.txt,3,275,0.000022,0.000000,0.00
randomArrays.txt,1,66,0.000003,0.000000,0.00
randomArrays.txt,2,66,0.000003,0.000000,0.00
randomArrays.txt,3,66,0.000003,0.000000,0.00
randomArrays.txt,1,308,0.000031,0.000000,0.00
randomArrays.txt,2,308,0.000030,0.000000,0.00
randomArrays.txt,3,308,0.000029,0.000000,0.00
randomArrays.txt,1,809,0.000179,0.000000,0.00
randomArrays.txt,2,809,0.000162,0.015625,0.00
randomArrays.txt,3,809,0.000159,0.000000,0.00
randomArrays.txt,1,634,0.000117,0.000000,0.00
randomArrays.txt,2,634,0.000102,0.000000,0.00
randomArrays.txt,3,634,0.000102,0.000000,0.00
randomArrays.txt,1,478,0.000061,0.000000,0.00
randomArrays.txt,2,478,0.000063,0.000000,0.00
randomArrays.txt,3,478,0.000055,0.000000,0.00
randomArrays.txt,1,336,0.000049,0.000000,0.00
randomArrays.txt,2,336,0.000031,0.000000,0.00
randomArrays.txt,3,336,0.000033,0.000000,0.00
randomArrays.txt,1,672,0.000102,0.000000,0.00
randomArrays.txt,2,672,0.000105,0.000000,0.00
randomArrays.txt,3,672,0.000110,0.000000,0.00
randomArrays.txt,1,583,0.000090,0.000000,0.00
randomArrays.txt,2,583,0.000089,0.000000,0.00
randomArrays.txt,3,583,0.000086,0.000000,0.00
randomArrays.txt,1,413,0.000059,0.000000,0.00
randomArrays.txt,2,413,0.000048,0.000000,0.00
randomArrays.txt,3,413,0.000051,0.000000,0.00
randomArrays.txt,1,683,0.000117,0.000000,0.00
randomArrays.txt,2,683,0.000118,0.000000,0.00
randomArrays.txt,3,683,0.000117,0.000000,0.00
randomArrays.txt,1,463,0.000057,0.000000,0.00
randomArrays.txt,2,463,0.000051,0.000000,0.00
randomArrays.txt,3,463,0.000057,0.000000,0.00
randomArrays.txt,1,267,0.000022,0.000000,0.00
randomArrays.txt,2,267,0.000022,0.000000,0.00
randomArrays.txt,3,267,0.000023,0.000000,0.00
randomArrays.txt,1,73,0.000004,0.000000,0.00
randomArrays.txt,2,73,0.000003,0.000000,0.00
randomArrays.txt,3,73,0.000003,0.000000,0.00
randomArrays.txt,1,641,0.000105,0.000000,0.00
randomArrays.txt,2,641,0.000094,0.000000,0.00
randomArrays.txt,3,641,0.000105,0.000000,0.00
randomArrays.txt,1,827,0.000363,0.000000,0.00
randomArrays.txt,2,827,0.000173,0.000000,0.00
randomArrays.txt,3,827,0.000175,0.000000,0.00
randomArrays.txt,1,864,0.000175,0.000000,0.00
randomArrays.txt,2,864,0.000180,0.000000,0.00
randomArrays.txt,3,864,0.000189,0.000000,0.00
randomArrays.txt,1,672,0.000265,0.000000,0.00
randomArrays.txt,2,672,0.000105,0.000000,0.00
randomArrays.txt,3,672,0.000119,0.000000,0.00
randomArrays.txt,1,948,0.000217,0.000000,0.00
randomArrays.txt,2,948,0.000263,0.000000,0.00
randomArrays.txt,3,948,0.000234,0.000000,0.00
randomArrays.txt,1,523,0.000076,0.000000,0.00
randomArrays.txt,2,523,0.000078,0.000000,0.00
randomArrays.txt,3,523,0.000079,0.000000,0.00
randomArrays.txt,1,113,0.000007,0.000000,0.00
randomArrays.txt,2,113,0.000006,0.000000,0.00
randomArrays.txt,3,113,0.000007,0.000000,0.00
randomArrays.txt,1,855,0.000163,0.000000,0.00
randomArrays.txt,2,855,0.000189,0.000000,0.00
randomArrays.txt,3,855,0.000160,0.000000,0.00
randomArrays.txt,1,764,0.000140,0.000000,0.00
randomArrays.txt,2,764,0.000140,0.000000,0.00
randomArrays.txt,3,764,0.000147,0.000000,0.00
randomArrays.txt,1,559,0.000115,0.000000,0.00
randomArrays.txt,2,559,0.000074,0.000000,0.00
randomArrays.txt,3,559,0.000085,0.000000,0.00
randomArrays.txt,1,256,0.000200,0.000000,0.00
randomArrays.txt,2,256,0.000023,0.000000,0.00
randomArrays.txt,3,256,0.000020,0.000000,0.00
randomArrays.txt,1,861,0.000209,0.015625,0.00
randomArrays.txt,2,861,0.000169,0.000000,0.00
randomArrays.txt,3,861,0.000179,0.000000,0.00
randomArrays.txt,1,215,0.000016,0.000000,0.00
randomArrays.txt,2,215,0.000015,0.000000,0.00
randomArrays.txt,3,215,0.000015,0.000000,0.00
randomArrays.txt,1,610,0.000092,0.000000,0.00
randomArrays.txt,2,610,0.000085,0.000000,0.00
randomArrays.txt,3,610,0.000094,0.000000,0.00
randomArrays.txt,1,133,0.000007,0.000000,0.00
randomArrays.txt,2,133,0.000007,0.000000,0.00
randomArrays.txt,3,133,0.000008,0.000000,0.00
randomArrays.txt,1,721,0.000154,0.000000,0.00
randomArrays.txt,2,721,0.000154,0.000000,0.00
randomArrays.txt,3,721,0.000121,0.000000,0.00
randomArrays.txt,1,826,0.000169,0.000000,0.00
randomArrays.txt,2,826,0.000163,0.000000,0.00
randomArrays.txt,3,826,0.000160,0.000000,0.00
randomArrays.txt,1,732,0.000123,0.000000,0.00
randomArrays.txt,2,732,0.000139,0.000000,0.00
randomArrays.txt,3,732,0.000140,0.000000,0.00
randomArrays.txt,1,218,0.000154,0.000000,0.00
randomArrays.txt,2,218,0.000013,0.000000,0.00
randomArrays.txt,3,218,0.000016,0.000000,0.00
randomArrays.txt,1,897,0.000195,0.000000,0.00
randomArrays.txt,2,897,0.000196,0.000000,0.00
randomArrays.txt,3,897,0.000194,0.000000,0.00
randomArrays.txt,1,95,0.000005,0.000000,0.00
randomArrays.txt,2,95,0.000005,0.000000,0.00
randomArrays.txt,3,95,0.000005,0.000000,0.00
randomArrays.txt,1,596,0.000096,0.000000,0.00
randomArrays.txt,2,596,0.000087,0.000000,0.00
randomArrays.txt,3,596,0.000090,0.000000,0.00
randomArrays.txt,1,333,0.000031,0.000000,0.00
randomArrays.txt,2,333,0.000030,0.000000,0.00
randomArrays.txt,3,333,0.000030,0.000000,0.00
randomArrays.txt,1,139,0.000008,0.000000,0.00
randomArrays.txt,2,139,0.000008,0.000000,0.00
randomArrays.txt,3,139,0.000007,0.000000,0.00
randomArrays.txt,1,90,0.000004,0.000000,0.00
randomArrays.txt,2,90,0.000004,0.000000,0.00
randomArrays.txt,3,90,0.000004,0.000000,0.00
randomArrays.txt,1,724,0.000140,0.000000,0.00
randomArrays.txt,2,724,0.000138,0.000000,0.00
randomArrays.txt,3,724,0.000139,0.000000,0.00
randomArrays.txt,1,24,0.000001,0.000000,0.00
randomArrays.txt,2,24,0.000001,0.000000,0.00
randomArrays.txt,3,24,0.000001,0.000000,0.00
randomArrays.txt,1,182,0.000011,0.000000,0.00
randomArrays.txt,2,182,0.000012,0.000000,0.00
randomArrays.txt,3,182,0.000012,0.000000,0.00
randomArrays.txt,1,440,0.000054,0.000000,0.00
randomArrays.txt,2,440,0.000048,0.000000,0.00
randomArrays.txt,3,440,0.000056,0.000000,0.00
randomArrays.txt,1,521,0.000088,0.000000,0.00
randomArrays.txt,2,521,0.000074,0.000000,0.00
randomArrays.txt,3,521,0.000074,0.000000,0.00
randomArrays.txt,1,653,0.000096,0.000000,0.00
randomArrays.txt,2,653,0.000128,0.000000,0.00
randomArrays.txt,3,653,0.000102,0.000000,0.00
randomArrays.txt,1,422,0.000053,0.000000,0.00
randomArrays.txt,2,422,0.000050,0.000000,0.00
randomArrays.txt,3,422,0.000050,0.000000,0.00
randomArrays.txt,1,919,0.000190,0.000000,0.00
randomArrays.txt,2,919,0.000195,0.000000,0.00
randomArrays.txt,3,919,0.000210,0.000000,0.00
randomArrays.txt,1,399,0.000048,0.000000,0.00
randomArrays.txt,2,399,0.000045,0.000000,0.00
randomArrays.txt,3,399,0.000044,0.000000,0.00
randomArrays.txt,1,148,0.000010,0.000000,0.00
randomArrays.txt,2,148,0.000010,0.000000,0.00
randomArrays.txt,3,148,0.000010,0.000000,0.00
randomArrays.txt,1,651,0.000133,0.000000,0.00
randomArrays.txt,2,651,0.000143,0.000000,0.00
randomArrays.txt,3,651,0.000109,0.000000,0.00
randomArrays.txt,1,953,0.000202,0.000000,0.00
randomArrays.txt,2,953,0.000183,0.000000,0.00
randomArrays.txt,3,953,0.000214,0.000000,0.00
randomArrays.txt,1,205,0.000013,0.000000,0.00
randomArrays.txt,2,205,0.000013,0.000000,0.00
randomArrays.txt,3,205,0.000012,0.000000,0.00
randomArrays.txt,1,713,0.000105,0.000000,0.00
randomArrays.txt,2,713,0.000112,0.000000,0.00
randomArrays.txt,3,713,0.000110,0.000000,0.00
randomArrays.txt,1,335,0.000028,0.000000,0.00
randomArrays.txt,2,335,0.000039,0.000000,0.00
randomArrays.txt,3,335,0.000029,0.000000,0.00
randomArrays.txt,1,800,0.000165,0.000000,0.00
randomArrays.txt,2,800,0.000139,0.000000,0.00
randomArrays.txt,3,800,0.000144,0.000000,0.00
randomArrays.txt,1,263,0.000022,0.000000,0.00
randomArrays.txt,2,263,0.000021,0.000000,0.00
randomArrays.txt,3,263,0.000020,0.000000,0.00
randomArrays.txt,1,305,0.000027,0.000000,0.00
randomArrays.txt,2,305,0.000024,0.000000,0.00
randomArrays.txt,3,305,0.000030,0.000000,0.00
randomArrays.txt,1,772,0.000151,0.000000,0.00
randomArrays.txt,2,772,0.000153,0.000000,0.00
randomArrays.txt,3,772,0.000151,0.000000,0.00
randomArrays.txt,1,760,0.000200,0.000000,0.00
randomArrays.txt,2,760,0.000146,0.000000,0.00
randomArrays.txt,3,760,0.000147,0.000000,0.00
randomArrays.txt,1,985,0.000241,0.000000,0.00
randomArrays.txt,2,985,0.000242,0.000000,0.00
randomArrays.txt,3,985,0.000214,0.000000,0.00
randomArrays.txt,1,468,0.000057,0.000000,0.00
randomArrays.txt,2,468,0.000061,0.000000,0.00
randomArrays.txt,3,468,0.000053,0.000000,0.00
randomArrays.txt,1,542,0.000076,0.000000,0.00
randomArrays.txt,2,542,0.000075,0.000000,0.00
randomArrays.txt,3,542,0.000082,0.000000,0.00
randomArrays.txt,1,137,0.000009,0.000000,0.00
randomArrays.txt,2,137,0.000008,0.000000,0.00
randomArrays.txt,3,137,0.000008,0.000000,0.00
randomArrays.txt,1,877,0.000189,0.000000,0.00
randomArrays.txt,2,877,0.000192,0.000000,0.00
randomArrays.txt,3,877,0.000223,0.000000,0.00
randomArrays.txt,1,407,0.000042,0.000000,0.00
randomArrays.txt,2,407,0.000044,0.000000,0.00
randomArrays.txt,3,407,0.000042,0.000000,0.00
randomArrays.txt,1,13,0.000001,0.000000,0.00
randomArrays.txt,2,13,0.000001,0.000000,0.00
randomArrays.txt,3,13,0.000001,0.000000,0.00
randomArrays.txt,1,857,0.000229,0.000000,0.00
randomArrays.txt,2,857,0.000174,0.000000,0.00
randomArrays.txt,3,857,0.000144,0.000000,0.00
randomArrays.txt,1,961,0.000214,0.000000,0.00
randomArrays.txt,2,961,0.000350,0.000000,0.00
randomArrays.txt,3,961,0.000192,0.000000,0.00
randomArrays.txt,1,963,0.000201,0.000000,0.00
randomArrays.txt,2,963,0.000213,0.000000,0.00
randomArrays.txt,3,963,0.000219,0.000000,0.00
randomArrays.txt,1,792,0.000157,0.000000,0.00
randomArrays.txt,2,792,0.000154,0.000000,0.00
randomArrays.txt,3,792,0.000158,0.000000,0.00
randomArrays.txt,1,190,0.000013,0.000000,0.00
randomArrays.txt,2,190,0.000012,0.000000,0.00
randomArrays.txt,3,190,0.000012,0.000000,0.00
randomArrays.txt,1,859,0.000187,0.000000,0.00
randomArrays.txt,2,859,0.000179,0.000000,0.00
randomArrays.txt,3,859,0.000178,0.000000,0.00
randomArrays.txt,1,989,0.000225,0.000000,0.00
randomArrays.txt,2,989,0.000242,0.000000,0.00
randomArrays.txt,3,989,0.000238,0.000000,0.00
randomArrays.txt,1,816,0.000184,0.000000,0.00
randomArrays.txt,2,816,0.000157,0.000000,0.00
randomArrays.txt,3,816,0.000165,0.000000,0.00
randomArrays.txt,1,950,0.000227,0.000000,0.00
randomArrays.txt,2,950,0.000223,0.000000,0.00
randomArrays.txt,3,950,0.000218,0.000000,0.00
randomArrays.txt,1,241,0.000015,0.000000,0.00
randomArrays.txt,2,241,0.000016,0.000000,0.00
randomArrays.txt,3,241,0.000014,0.000000,0.00
randomArrays.txt,1,957,0.000237,0.000000,0.00
randomArrays.txt,2,957,0.000202,0.000000,0.00
randomArrays.txt,3,957,0.000224,0.000000,0.00
randomArrays.txt,1,155,0.000008,0.000000,0.00
randomArrays.txt,2,155,0.000008,0.000000,0.00
randomArrays.txt,3,155,0.000009,0.000000,0.00
randomArrays.txt,1,625,0.000095,0.000000,0.00
randomArrays.txt,2,625,0.000138,0.000000,0.00
randomArrays.txt,3,625,0.000102,0.000000,0.00
randomArrays.txt,1,573,0.000075,0.000000,0.00
randomArrays.txt,2,573,0.000094,0.000000,0.00
randomArrays.txt,3,573,0.000076,0.000000,0.00
randomArrays.txt,1,278,0.000045,0.000000,0.00
randomArrays.txt,2,278,0.000026,0.000000,0.00
randomArrays.txt,3,278,0.000026,0.000000,0.00
randomArrays.txt,1,67,0.000003,0.000000,0.00
randomArrays.txt,2,67,0.000006,0.000000,0.00
randomArrays.txt,3,67,0.000006,0.000000,0.00
randomArrays.txt,1,785,0.000111,0.000000,0.00
randomArrays.txt,2,785,0.000128,0.000000,0.00
randomArrays.txt,3,785,0.000127,0.000000,0.00
randomArrays.txt,1,576,0.000086,0.000000,0.00
randomArrays.txt,2,576,0.000091,0.000000,0.00
randomArrays.txt,3,576,0.000087,0.000000,0.00
randomArrays.txt,1,949,0.000196,0.000000,0.00
randomArrays.txt,2,949,0.000226,0.000000,0.00
randomArrays.txt,3,949,0.000222,0.000000,0.00
randomArrays.txt,1,274,0.000021,0.000000,0.00
randomArrays.txt,2,274,0.000023,0.000000,0.00
randomArrays.txt,3,274,0.000023,0.000000,0.00
randomArrays.txt,1,827,0.000170,0.000000,0.00
randomArrays.txt,2,827,0.000175,0.000000,0.00
randomArrays.txt,3,827,0.000202,0.000000,0.00
randomArrays.txt,1,246,0.000018,0.000000,0.00
randomArrays.txt,2,246,0.000017,0.000000,0.00
randomArrays.txt,3,246,0.000018,0.000000,0.00
randomArrays.txt,1,497,0.000064,0.000000,0.00
randomArrays.txt,2,497,0.000119,0.000000,0.00
randomArrays.txt,3,497,0.000065,0.000000,0.00
randomArrays.txt,1,98,0.000006,0.000000,0.00
randomArrays.txt,2,98,0.000005,0.000000,0.00
randomArrays.txt,3,98,0.000005,0.000000,0.00
randomArrays.txt,1,87,0.000005,0.000000,0.00
randomArrays.txt,2,87,0.000005,0.000000,0.00
randomArrays.txt,3,87,0.000016,0.000000,0.00
randomArrays.txt,1,362,0.000035,0.000000,0.00
randomArrays.txt,2,362,0.000032,0.000000,0.00
randomArrays.txt,3,362,0.000031,0.000000,0.00
randomArrays.txt,1,748,0.000153,0.000000,0.00
randomArrays.txt,2,748,0.000126,0.000000,0.00
randomArrays.txt,3,748,0.000119,0.000000,0.00
randomArrays.txt,1,553,0.000381,0.000000,0.00
randomArrays.txt,2,553,0.000073,0.000000,0.00
randomArrays.txt,3,553,0.000133,0.000000,0.00
randomArrays.txt,1,931,0.000204,0.000000,0.00
randomArrays.txt,2,931,0.000211,0.000000,0.00
randomArrays.txt,3,931,0.000197,0.000000,0.00
randomArrays.txt,1,24,0.000001,0.000000,0.00
randomArrays.txt,2,24,0.000001,0.000000,0.00
randomArrays.txt,3,24,0.000001,0.000000,0.00
randomArrays.txt,1,836,0.000176,0.000000,0.00
randomArrays.txt,2,836,0.000172,0.000000,0.00
randomArrays.txt,3,836,0.000227,0.000000,0.00
randomArrays.txt,1,524,0.000214,0.000000,0.00
randomArrays.txt,2,524,0.000074,0.000000,0.00
randomArrays.txt,3,524,0.000074,0.000000,0.00
randomArrays.txt,1,286,0.000023,0.000000,0.00
randomArrays.txt,2,286,0.000027,0.000000,0.00
randomArrays.txt,3,286,0.000026,0.000000,0.00
randomArrays.txt,1,379,0.000039,0.000000,0.00
randomArrays.txt,2,379,0.000039,0.000000,0.00
randomArrays.txt,3,379,0.000038,0.000000,0.00
randomArrays.txt,1,654,0.000112,0.000000,0.00
randomArrays.txt,2,654,0.000118,0.000000,0.00
randomArrays.txt,3,654,0.000133,0.000000,0.00
randomArrays.txt,1,795,0.000159,0.000000,0.00
randomArrays.txt,2,795,0.000157,0.000000,0.00
randomArrays.txt,3,795,0.000151,0.000000,0.00
randomArrays.txt,1,335,0.000032,0.000000,0.00
randomArrays.txt,2,335,0.000034,0.000000,0.00
randomArrays.txt,3,335,0.000030,0.000000,0.00
randomArrays.txt,1,218,0.000016,0.000000,0.00
randomArrays.txt,2,218,0.000016,0.000000,0.00
randomArrays.txt,3,218,0.000016,0.000000,0.00
randomArrays.txt,1,390,0.000206,0.000000,0.00
randomArrays.txt,2,390,0.000042,0.000000,0.00
randomArrays.txt,3,390,0.000039,0.000000,0.00
randomArrays.txt,1,80,0.000004,0.000000,0.00
randomArrays.txt,2,80,0.000004,0.000000,0.00
randomArrays.txt,3,80,0.000004,0.000000,0.00
randomArrays.txt,1,602,0.000163,0.000000,0.00
randomArrays.txt,2,602,0.000092,0.000000,0.00
randomArrays.txt,3,602,0.000089,0.000000,0.00
randomArrays.txt,1,687,0.000137,0.000000,0.00
randomArrays.txt,2,687,0.000119,0.000000,0.00
randomArrays.txt,3,687,0.000127,0.000000,0.00
randomArrays.txt,1,573,0.000087,0.000000,0.00
randomArrays.txt,2,573,0.000084,0.000000,0.00
randomArrays.txt,3,573,0.000080,0.000000,0.00
randomArrays.txt,1,857,0.000160,0.000000,0.00
randomArrays.txt,2,857,0.000184,0.000000,0.00
randomArrays.txt,3,857,0.000173,0.000000,0.00
randomArrays.txt,1,484,0.000076,0.000000,0.00
randomArrays.txt,2,484,0.000059,0.000000,0.00
randomArrays.txt,3,484,0.000064,0.000000,0.00
randomArrays.txt,1,633,0.000094,0.000000,0.00
randomArrays.txt,2,633,0.000119,0.000000,0.00
randomArrays.txt,3,633,0.000102,0.000000,0.00
randomArrays.txt,1,393,0.000046,0.000000,0.00
randomArrays.txt,2,393,0.000042,0.000000,0.00
randomArrays.txt,3,393,0.000042,0.000000,0.00
randomArrays.txt,1,953,0.000323,0.000000,0.00
randomArrays.txt,2,953,0.000226,0.000000,0.00
randomArrays.txt,3,953,0.000243,0.000000,0.00
randomArrays.txt,1,718,0.000130,0.000000,0.00
randomArrays.txt,2,718,0.000130,0.000000,0.00
randomArrays.txt,3,718,0.000135,0.000000,0.00
randomArrays.txt,1,330,0.000043,0.000000,0.00
randomArrays.txt,2,330,0.000032,0.000000,0.00
randomArrays.txt,3,330,0.000032,0.000000,0.00
randomArrays.txt,1,273,0.000024,0.000000,0.00
randomArrays.txt,2,273,0.000024,0.000000,0.00
randomArrays.txt,3,273,0.000025,0.000000,0.00
randomArrays.txt,1,323,0.000044,0.000000,0.00
randomArrays.txt,2,323,0.000062,0.000000,0.00
randomArrays.txt,3,323,0.000034,0.000000,0.00
randomArrays.txt,1,971,0.000247,0.000000,0.00
randomArrays.txt,2,971,0.000528,0.000000,0.00
randomArrays.txt,3,971,0.000217,0.000000,0.00
randomArrays.txt,1,156,0.000009,0.000000,0.00
randomArrays.txt,2,156,0.000009,0.000000,0.00
randomArrays.txt,3,156,0.000009,0.000000,0.00
randomArrays.txt,1,971,0.000203,0.000000,0.00
randomArrays.txt,2,971,0.000215,0.000000,0.00
randomArrays.txt,3,971,0.000219,0.000000,0.00
randomArrays.txt,1,202,0.000014,0.000000,0.00
randomArrays.txt,2,202,0.000013,0.000000,0.00
randomArrays.txt,3,202,0.000014,0.000000,0.00
randomArrays.txt,1,201,0.000014,0.000000,0.00
randomArrays.txt,2,201,0.000015,0.000000,0.00
randomArrays.txt,3,201,0.000016,0.000000,0.00
randomArrays.txt,1,230,0.000017,0.000000,0.00
randomArrays.txt,2,230,0.000017,0.000000,0.00
randomArrays.txt,3,230,0.000017,0.000000,0.00
randomArrays.txt,1,953,0.000217,0.000000,0.00
randomArrays.txt,2,953,0.000223,0.000000,0.00
randomArrays.txt,3,953,0.000203,0.000000,0.00
randomArrays.txt,1,399,0.000046,0.000000,0.00
randomArrays.txt,2,399,0.000046,0.000000,0.00
randomArrays.txt,3,399,0.000045,0.000000,0.00
randomArrays.txt,1,354,0.000037,0.000000,0.00
randomArrays.txt,2,354,0.000035,0.000000,0.00
randomArrays.txt,3,354,0.000036,0.000000,0.00
randomArrays.txt,1,334,0.000029,0.000000,0.00
randomArrays.txt,2,334,0.000032,0.000000,0.00
randomArrays.txt,3,334,0.000032,0.000000,0.00
randomArrays.txt,1,538,0.000080,0.000000,0.00
randomArrays.txt,2,538,0.000082,0.031250,0.00
randomArrays.txt,3,538,0.000077,0.000000,0.00
randomArrays.txt,1,238,0.000018,0.000000,0.00
randomArrays.txt,2,238,0.000018,0.000000,0.00
randomArrays.txt,3,238,0.000018,0.000000,0.00
randomArrays.txt,1,415,0.000050,0.000000,0.00
randomArrays.txt,2,415,0.000050,0.000000,0.00
randomArrays.txt,3,415,0.000050,0.000000,0.00
randomArrays.txt,1,498,0.000065,0.000000,0.00
randomArrays.txt,2,498,0.000063,0.000000,0.00
randomArrays.txt,3,498,0.000065,0.000000,0.00
randomArrays.txt,1,193,0.000014,0.000000,0.00
randomArrays.txt,2,193,0.000013,0.000000,0.00
randomArrays.txt,3,193,0.000014,0.000000,0.00
randomArrays.txt,1,125,0.000008,0.000000,0.00
randomArrays.txt,2,125,0.000008,0.000000,0.00
randomArrays.txt,3,125,0.000008,0.000000,0.00
randomArrays.txt,1,100,0.000006,0.000000,0.00
randomArrays.txt,2,100,0.000005,0.000000,0.00
randomArrays.txt,3,100,0.000005,0.000000,0.00
randomArrays.txt,1,742,0.000141,0.000000,0.00
randomArrays.txt,2,742,0.000143,0.000000,0.00
randomArrays.txt,3,742,0.000139,0.000000,0.00
randomArrays.txt,1,588,0.000088,0.000000,0.00
randomArrays.txt,2,588,0.000090,0.000000,0.00
randomArrays.txt,3,588,0.000092,0.000000,0.00
randomArrays.txt,1,355,0.000037,0.000000,0.00
randomArrays.txt,2,355,0.000043,0.000000,0.00
randomArrays.txt,3,355,0.000037,0.000000,0.00
randomArrays.txt,1,923,0.000377,0.000000,0.00
randomArrays.txt,2,923,0.000231,0.000000,0.00
randomArrays.txt,3,923,0.000230,0.000000,0.00
randomArrays.txt,1,167,0.000011,0.000000,0.00
randomArrays.txt,2,167,0.000010,0.000000,0.00
randomArrays.txt,3,167,0.000010,0.000000,0.00
randomArrays.txt,1,518,0.000070,0.000000,0.00
randomArrays.txt,2,518,0.000070,0.000000,0.00
randomArrays.txt,3,518,0.000075,0.000000,0.00
randomArrays.txt,1,649,0.000111,0.000000,0.00
randomArrays.txt,2,649,0.000114,0.000000,0.00
randomArrays.txt,3,649,0.000245,0.000000,0.00
randomArrays.txt,1,280,0.000025,0.000000,0.00
randomArrays.txt,2,280,0.000025,0.000000,0.00
randomArrays.txt,3,280,0.000024,0.000000,0.00
randomArrays.txt,1,842,0.000189,0.000000,0.00
randomArrays.txt,2,842,0.000182,0.000000,0.00
randomArrays.txt,3,842,0.000195,0.000000,0.00
randomArrays.txt,1,586,0.003888,0.000000,0.00
randomArrays.txt,2,586,0.000104,0.000000,0.00
randomArrays.txt,3,586,0.000111,0.000000,0.00
randomArrays.txt,1,519,0.000071,0.000000,0.00
randomArrays.txt,2,519,0.000074,0.000000,0.00
randomArrays.txt,3,519,0.000069,0.000000,0.00
randomArrays.txt,1,112,0.000007,0.000000,0.00
randomArrays.txt,2,112,0.000006,0.000000,0.00
randomArrays.txt,3,112,0.000006,0.000000,0.00
randomArrays.txt,1,320,0.000028,0.000000,0.00
randomArrays.txt,2,320,0.000030,0.000000,0.00
randomArrays.txt,3,320,0.000031,0.000000,0.00
randomArrays.txt,1,955,0.000233,0.031250,0.00
randomArrays.txt,2,955,0.000231,0.000000,0.00
randomArrays.txt,3,955,0.000225,0.000000,0.00
randomArrays.txt,1,61,0.000003,0.000000,0.00
randomArrays.txt,2,61,0.000003,0.000000,0.00
randomArrays.txt,3,61,0.000003,0.000000,0.00
randomArrays.txt,1,709,0.000135,0.000000,0.00
randomArrays.txt,2,709,0.000132,0.000000,0.00
randomArrays.txt,3,709,0.000132,0.000000,0.00
randomArrays.txt,1,671,0.000121,0.000000,0.00
randomArrays.txt,2,671,0.000117,0.000000,0.00
randomArrays.txt,3,671,0.000118,0.000000,0.00
randomArrays.txt,1,437,0.000055,0.000000,0.00
randomArrays.txt,2,437,0.000054,0.000000,0.00
randomArrays.txt,3,437,0.000055,0.000000,0.00
randomArrays.txt,1,917,0.000233,0.000000,0.00
randomArrays.txt,2,917,0.000194,0.000000,0.00
randomArrays.txt,3,917,0.000198,0.000000,0.00
randomArrays.txt,1,499,0.000080,0.000000,0.00
randomArrays.txt,2,499,0.000556,0.000000,0.00
randomArrays.txt,3,499,0.000068,0.000000,0.00
randomArrays.txt,1,503,0.000068,0.000000,0.00
randomArrays.txt,2,503,0.000059,0.000000,0.00
randomArrays.txt,3,503,0.000070,0.000000,0.00
randomArrays.txt,1,676,0.000107,0.000000,0.00
randomArrays.txt,2,676,0.004278,0.015625,0.00
randomArrays.txt,3,676,0.000104,0.000000,0.00
randomArrays.txt,1,594,0.000090,0.000000,0.00
randomArrays.txt,2,594,0.000087,0.000000,0.00
randomArrays.txt,3,594,0.000092,0.000000,0.00
randomArrays.txt,1,48,0.000002,0.000000,0.00
randomArrays.txt,2,48,0.000002,0.000000,0.00
randomArrays.txt,3,48,0.000002,0.000000,0.00
randomArrays.txt,1,590,0.000239,0.000000,0.00
randomArrays.txt,2,590,0.000079,0.000000,0.00
randomArrays.txt,3,590,0.000083,0.000000,0.00
randomArrays.txt,1,861,0.000188,0.000000,0.00
randomArrays.txt,2,861,0.000172,0.000000,0.00
randomArrays.txt,3,861,0.000183,0.000000,0.00
randomArrays.txt,1,363,0.000038,0.000000,0.00
randomArrays.txt,2,363,0.000037,0.000000,0.00
randomArrays.txt,3,363,0.000038,0.000000,0.00
randomArrays.txt,1,969,0.000229,0.000000,0.00
randomArrays.txt,2,969,0.000279,0.000000,0.00
randomArrays.txt,3,969,0.000224,0.000000,0.00
randomArrays.txt,1,912,0.000278,0.000000,0.00
randomArrays.txt,2,912,0.000201,0.000000,0.00
randomArrays.txt,3,912,0.000203,0.000000,0.00
randomArrays.txt,1,779,0.000166,0.000000,0.00
randomArrays.txt,2,779,0.001658,0.000000,0.00
randomArrays.txt,3,779,0.000144,0.000000,0.00
randomArrays.txt,1,301,0.000035,0.000000,0.00
randomArrays.txt,2,301,0.000062,0.000000,0.00
randomArrays.txt,3,301,0.000028,0.000000,0.00
randomArrays.txt,1,545,0.000073,0.000000,0.00
randomArrays.txt,2,545,0.000079,0.000000,0.00
randomArrays.txt,3,545,0.000080,0.000000,0.00
randomArrays.txt,1,24,0.000001,0.000000,0.00
randomArrays.txt,2,24,0.000001,0.000000,0.00
randomArrays.txt,3,24,0.000001,0.000000,0.00
randomArrays.txt,1,953,0.000223,0.000000,0.00
randomArrays.txt,2,953,0.000210,0.000000,0.00
randomArrays.txt,3,953,0.000223,0.000000,0.00
randomArrays.txt,1,440,0.000086,0.000000,0.00
randomArrays.txt,2,440,0.000052,0.000000,0.00
randomArrays.txt,3,440,0.000049,0.000000,0.00
randomArrays.txt,1,997,0.000259,0.000000,0.00
randomArrays.txt,2,997,0.000257,0.000000,0.00
randomArrays.txt,3,997,0.000264,0.000000,0.00
randomArrays.txt,1,661,0.000100,0.000000,0.00
randomArrays.txt,2,661,0.000113,0.000000,0.00
randomArrays.txt,3,661,0.000108,0.000000,0.00
randomArrays.txt,1,583,0.000095,0.000000,0.00
randomArrays.txt,2,583,0.000091,0.000000,0.00
randomArrays.txt,3,583,0.000080,0.000000,0.00
randomArrays.txt,1,478,0.000062,0.000000,0.00
randomArrays.txt,2,478,0.000060,0.000000,0.00
randomArrays.txt,3,478,0.000059,0.000000,0.00
randomArrays.txt,1,220,0.000015,0.000000,0.00
randomArrays.txt,2,220,0.000015,0.000000,0.00
randomArrays.txt,3,220,0.000015,0.000000,0.00
randomArrays.txt,1,458,0.000056,0.000000,0.00
randomArrays.txt,2,458,0.000175,0.000000,0.00
randomArrays.txt,3,458,0.000056,0.000000,0.00
randomArrays.txt,1,783,0.000159,0.000000,0.00
randomArrays.txt,2,783,0.000280,0.000000,0.00
randomArrays.txt,3,783,0.000317,0.000000,0.00
randomArrays.txt,1,554,0.000075,0.000000,0.00
randomArrays.txt,2,554,0.000073,0.000000,0.00
randomArrays.txt,3,554,0.000071,0.000000,0.00
randomArrays.txt,1,167,0.000011,0.000000,0.00
randomArrays.txt,2,167,0.000010,0.000000,0.00
randomArrays.txt,3,167,0.000010,0.000000,0.00
randomArrays.txt,1,338,0.000029,0.000000,0.00
randomArrays.txt,2,338,0.000028,0.000000,0.00
randomArrays.txt,3,338,0.000031,0.000000,0.00
randomArrays.txt,1,321,0.000028,0.000000,0.00
randomArrays.txt,2,321,0.000029,0.000000,0.00
randomArrays.txt,3,321,0.000030,0.000000,0.00
randomArrays.txt,1,993,0.000213,0.000000,0.00
randomArrays.txt,2,993,0.000231,0.000000,0.00
randomArrays.txt,3,993,0.000200,0.000000,0.00
randomArrays.txt,1,414,0.000050,0.000000,0.00
randomArrays.txt,2,414,0.000048,0.000000,0.00
randomArrays.txt,3,414,0.000050,0.000000,0.00
randomArrays.txt,1,630,0.000097,0.000000,0.00
randomArrays.txt,2,630,0.000138,0.000000,0.00
randomArrays.txt,3,630,0.000164,0.015625,0.00
randomArrays.txt,1,572,0.000086,0.000000,0.00
randomArrays.txt,2,572,0.000282,0.000000,0.00
randomArrays.txt,3,572,0.000082,0.000000,0.00
randomArrays.txt,1,119,0.000007,0.000000,0.00
randomArrays.txt,2,119,0.000007,0.000000,0.00
randomArrays.txt,3,119,0.000006,0.000000,0.00
randomArrays.txt,1,852,0.000177,0.000000,0.00
randomArrays.txt,2,852,0.000151,0.000000,0.00
randomArrays.txt,3,852,0.000185,0.000000,0.00
randomArrays.txt,1,392,0.000042,0.000000,0.00
randomArrays.txt,2,392,0.000039,0.000000,0.00
randomArrays.txt,3,392,0.000039,0.000000,0.00
randomArrays.txt,1,744,0.000140,0.000000,0.00
randomArrays.txt,2,744,0.000298,0.000000,0.00
randomArrays.txt,3,744,0.000112,0.000000,0.00
randomArrays.txt,1,767,0.000141,0.000000,0.00
randomArrays.txt,2,767,0.000132,0.000000,0.00
randomArrays.txt,3,767,0.000130,0.000000,0.00
randomArrays.txt,1,419,0.000044,0.000000,0.00
randomArrays.txt,2,419,0.000092,0.000000,0.00
randomArrays.txt,3,419,0.000044,0.000000,0.00
randomArrays.txt,1,186,0.000015,0.000000,0.00
randomArrays.txt,2,186,0.000014,0.000000,0.00
randomArrays.txt,3,186,0.000012,0.000000,0.00
randomArrays.txt,1,498,0.000059,0.000000,0.00
randomArrays.txt,2,498,0.000063,0.000000,0.00
randomArrays.txt,3,498,0.000060,0.000000,0.00
randomArrays.txt,1,369,0.000036,0.000000,0.00
randomArrays.txt,2,369,0.000036,0.000000,0.00
randomArrays.txt,3,369,0.000037,0.000000,0.00
randomArrays.txt,1,545,0.000069,0.000000,0.00
randomArrays.txt,2,545,0.000103,0.000000,0.00
randomArrays.txt,3,545,0.000073,0.000000,0.00
randomArrays.txt,1,585,0.000085,0.000000,0.00
randomArrays.txt,2,585,0.000088,0.000000,0.00
randomArrays.txt,3,585,0.000088,0.000000,0.00
randomArrays.txt,1,232,0.000019,0.000000,0.00
randomArrays.txt,2,232,0.000015,0.000000,0.00
randomArrays.txt,3,232,0.000017,0.000000,0.00
randomArrays.txt,1,683,0.000120,0.000000,0.00
randomArrays.txt,2,683,0.000115,0.000000,0.00
randomArrays.txt,3,683,0.000117,0.000000,0.00
randomArrays.txt,1,373,0.000037,0.000000,0.00
randomArrays.txt,2,373,0.000057,0.000000,0.00
randomArrays.txt,3,373,0.000038,0.000000,0.00
randomArrays.txt,1,67,0.000002,0.000000,0.00
randomArrays.txt,2,67,0.000003,0.000000,0.00
randomArrays.txt,3,67,0.000003,0.000000,0.00
randomArrays.txt,1,47,0.000002,0.000000,0.00
randomArrays.txt,2,47,0.000002,0.000000,0.00
randomArrays.txt,3,47,0.000002,0.000000,0.00
randomArrays.txt,1,353,0.000041,0.000000,0.00
randomArrays.txt,2,353,0.000051,0.000000,0.00
randomArrays.txt,3,353,0.000036,0.000000,0.00
randomArrays.txt,1,165,0.000010,0.000000,0.00
randomArrays.txt,2,165,0.000010,0.000000,0.00
randomArrays.txt,3,165,0.000009,0.000000,0.00
randomArrays.txt,1,822,0.000163,0.000000,0.00
randomArrays.txt,2,822,0.000200,0.000000,0.00
randomArrays.txt,3,822,0.000174,0.000000,0.00
randomArrays.txt,1,207,0.000015,0.000000,0.00
randomArrays.txt,2,207,0.000013,0.000000,0.00
randomArrays.txt,3,207,0.000013,0.000000,0.00
randomArrays.txt,1,365,0.000205,0.000000,0.00
randomArrays.txt,2,365,0.000034,0.000000,0.00
randomArrays.txt,3,365,0.000035,0.000000,0.00
randomArrays.txt,1,33,0.000002,0.000000,0.00
randomArrays.txt,2,33,0.000002,0.000000,0.00
randomArrays.txt,3,33,0.000001,0.000000,0.00
randomArrays.txt,1,324,0.000033,0.000000,0.00
randomArrays.txt,2,324,0.003836,0.000000,0.00
randomArrays.txt,3,324,0.000031,0.000000,0.00
randomArrays.txt,1,533,0.000094,0.000000,0.00
randomArrays.txt,2,533,0.000076,0.000000,0.00
randomArrays.txt,3,533,0.000077,0.000000,0.00
randomArrays.txt,1,467,0.000052,0.000000,0.00
randomArrays.txt,2,467,0.000057,0.000000,0.00
randomArrays.txt,3,467,0.000063,0.000000,0.00
randomArrays.txt,1,653,0.000102,0.000000,0.00
randomArrays.txt,2,653,0.000121,0.000000,0.00
randomArrays.txt,3,653,0.000113,0.000000,0.00
randomArrays.txt,1,262,0.000027,0.000000,0.00
randomArrays.txt,2,262,0.000021,0.000000,0.00
randomArrays.txt,3,262,0.000022,0.000000,0.00
randomArrays.txt,1,26,0.000002,0.000000,0.00
randomArrays.txt,2,26,0.000001,0.000000,0.00
randomArrays.txt,3,26,0.000001,0.000000,0.00
randomArrays.txt,1,705,0.000149,0.000000,0.00
randomArrays.txt,2,705,0.000216,0.000000,0.00
randomArrays.txt,3,705,0.000121,0.000000,0.00
randomArrays.txt,1,945,0.000262,0.000000,0.00
randomArrays.txt,2,945,0.000204,0.000000,0.00
randomArrays.txt,3,945,0.000209,0.000000,0.00
randomArrays.txt,1,145,0.000008,0.000000,0.00
randomArrays.txt,2,145,0.000008,0.000000,0.00
randomArrays.txt,3,145,0.000008,0.000000,0.00
randomArrays.txt,1,987,0.000395,0.000000,0.00
randomArrays.txt,2,987,0.000240,0.000000,0.00
randomArrays.txt,3,987,0.000237,0.000000,0.00
randomArrays.txt,1,40,0.000002,0.000000,0.00
randomArrays.txt,2,40,0.000002,0.000000,0.00
randomArrays.txt,3,40,0.000002,0.000000,0.00
randomArrays.txt,1,418,0.000060,0.000000,0.00
randomArrays.txt,2,418,0.000048,0.000000,0.00
randomArrays.txt,3,418,0.000049,0.000000,0.00
randomArrays.txt,1,20,0.000001,0.000000,0.00
randomArrays.txt,2,20,0.000001,0.000000,0.00
randomArrays.txt,3,20,0.000001,0.000000,0.00
randomArrays.txt,1,618,0.000133,0.000000,0.00
randomArrays.txt,2,618,0.000116,0.000000,0.00
randomArrays.txt,3,618,0.000100,0.000000,0.00
randomArrays.txt,1,463,0.000051,0.000000,0.00
randomArrays.txt,2,463,0.000053,0.000000,0.00
randomArrays.txt,3,463,0.000055,0.000000,0.00
randomArrays.txt,1,310,0.000166,0.000000,0.00
randomArrays.txt,2,310,0.000027,0.000000,0.00
randomArrays.txt,3,310,0.000028,0.000000,0.00
randomArrays.txt,1,753,0.000296,0.000000,0.00
randomArrays.txt,2,753,0.000648,0.000000,0.00
randomArrays.txt,3,753,0.000139,0.000000,0.00
randomArrays.txt,1,203,0.000028,0.000000,0.00
randomArrays.txt,2,203,0.000262,0.000000,0.00
randomArrays.txt,3,203,0.000020,0.000000,0.00
randomArrays.txt,1,756,0.000127,0.000000,0.00
randomArrays.txt,2,756,0.000137,0.000000,0.00
randomArrays.txt,3,756,0.000145,0.000000,0.00
randomArrays.txt,1,998,0.000582,0.000000,0.00
randomArrays.txt,2,998,0.000252,0.000000,0.00
randomArrays.txt,3,998,0.000256,0.000000,0.00
randomArrays.txt,1,631,0.000095,0.000000,0.00
randomArrays.txt,2,631,0.000096,0.000000,0.00
randomArrays.txt,3,631,0.000096,0.000000,0.00
randomArrays.txt,1,788,0.000163,0.000000,0.00
randomArrays.txt,2,788,0.000178,0.000000,0.00
randomArrays.txt,3,788,0.000148,0.000000,0.00
randomArrays.txt,1,364,0.000035,0.000000,0.00
randomArrays.txt,2,364,0.000041,0.000000,0.00
randomArrays.txt,3,364,0.000037,0.000000,0.00
randomArrays.txt,1,435,0.000060,0.000000,0.00
randomArrays.txt,2,435,0.000052,0.000000,0.00
randomArrays.txt,3,435,0.000057,0.000000,0.00
randomArrays.txt,1,379,0.000037,0.000000,0.00
randomArrays.txt,2,379,0.000036,0.000000,0.00
randomArrays.txt,3,379,0.000041,0.000000,0.00
randomArrays.txt,1,208,0.000015,0.000000,0.00
randomArrays.txt,2,208,0.000016,0.000000,0.00
randomArrays.txt,3,208,0.000014,0.000000,0.00
randomArrays.txt,1,503,0.000069,0.000000,0.00
randomArrays.txt,2,503,0.000076,0.000000,0.00
randomArrays.txt,3,503,0.000080,0.000000,0.00
randomArrays.txt,1,97,0.000005,0.000000,0.00
randomArrays.txt,2,97,0.000005,0.000000,0.00
randomArrays.txt,3,97,0.000005,0.000000,0.00
randomArrays.txt,1,266,0.000021,0.000000,0.00
randomArrays.txt,2,266,0.000022,0.000000,0.00
randomArrays.txt,3,266,0.000022,0.000000,0.00
randomArrays.txt,1,828,0.000251,0.000000,0.00
randomArrays.txt,2,828,0.000165,0.000000,0.00
randomArrays.txt,3,828,0.000173,0.000000,0.00
randomArrays.txt,1,319,0.000029,0.000000,0.00
randomArrays.txt,2,319,0.000029,0.000000,0.00
randomArrays.txt,3,319,0.000032,0.000000,0.00
randomArrays.txt,1,898,0.000287,0.000000,0.00
randomArrays.txt,2,898,0.000195,0.000000,0.00
randomArrays.txt,3,898,0.000205,0.000000,0.00
randomArrays.txt,1,380,0.000043,0.000000,0.00
randomArrays.txt,2,380,0.000043,0.000000,0.00
randomArrays.txt,3,380,0.000041,0.000000,0.00
randomArrays.txt,1,450,0.000069,0.000000,0.00
randomArrays.txt,2,450,0.000051,0.000000,0.00
randomArrays.txt,3,450,0.000054,0.000000,0.00
randomArrays.txt,1,142,0.000008,0.000000,0.00
randomArrays.txt,2,142,0.000009,0.000000,0.00
randomArrays.txt,3,142,0.000008,0.000000,0.00
randomArrays.txt,1,434,0.000045,0.000000,0.00
randomArrays.txt,2,434,0.000054,0.000000,0.00
randomArrays.txt,3,434,0.000049,0.000000,0.00
randomArrays.txt,1,96,0.000005,0.000000,0.00
randomArrays.txt,2,96,0.000004,0.000000,0.00
randomArrays.txt,3,96,0.000005,0.000000,0.00
randomArrays.txt,1,641,0.000098,0.000000,0.00
randomArrays.txt,2,641,0.000107,0.000000,0.00
randomArrays.txt,3,641,0.000104,0.000000,0.00
randomArrays.txt,1,538,0.000072,0.000000,0.00
randomArrays.txt,2,538,0.000083,0.000000,0.00
randomArrays.txt,3,538,0.000076,0.000000,0.00
randomArrays.txt,1,502,0.000066,0.000000,0.00
randomArrays.txt,2,502,0.000067,0.000000,0.00
randomArrays.txt,3,502,0.000067,0.000000,0.00
randomArrays.txt,1,599,0.000105,0.000000,0.00
randomArrays.txt,2,599,0.000128,0.000000,0.00
randomArrays.txt,3,599,0.000090,0.000000,0.00
randomArrays.txt,1,299,0.000026,0.000000,0.00
randomArrays.txt,2,299,0.000028,0.000000,0.00
randomArrays.txt,3,299,0.000030,0.000000,0.00
randomArrays.txt,1,620,0.000091,0.000000,0.00
randomArrays.txt,2,620,0.000114,0.000000,0.00
randomArrays.txt,3,620,0.000099,0.000000,0.00
randomArrays.txt,1,606,0.000095,0.000000,0.00
randomArrays.txt,2,606,0.000087,0.000000,0.00
randomArrays.txt,3,606,0.000093,0.000000,0.00
randomArrays.txt,1,282,0.000026,0.000000,0.00
randomArrays.txt,2,282,0.000024,0.000000,0.00
randomArrays.txt,3,282,0.000024,0.000000,0.00
randomArrays.txt,1,205,0.000015,0.000000,0.00
randomArrays.txt,2,205,0.000016,0.000000,0.00
randomArrays.txt,3,205,0.000016,0.000000,0.00
randomArrays.txt,1,504,0.000066,0.000000,0.00
randomArrays.txt,2,504,0.000068,0.000000,0.00
randomArrays.txt,3,504,0.000068,0.000000,0.00
randomArrays.txt,1,315,0.000026,0.000000,0.00
randomArrays.txt,2,315,0.000029,0.000000,0.00
randomArrays.txt,3,315,0.000031,0.000000,0.00
randomArrays.txt,1,739,0.000132,0.000000,0.00
randomArrays.txt,2,739,0.000136,0.000000,0.00
randomArrays.txt,3,739,0.000136,0.000000,0.00
randomArrays.txt,1,226,0.000018,0.000000,0.00
randomArrays.txt,2,226,0.000018,0.000000,0.00
randomArrays.txt,3,226,0.000015,0.000000,0.00
randomArrays.txt,1,239,0.000018,0.000000,0.00
randomArrays.txt,2,239,0.000018,0.000000,0.00
randomArrays.txt,3,239,0.000019,0.000000,0.00
randomArrays.txt,1,656,0.000114,0.000000,0.00
randomArrays.txt,2,656,0.000107,0.000000,0.00
randomArrays.txt,3,656,0.000112,0.000000,0.00
randomArrays.txt,1,467,0.000072,0.000000,0.00
randomArrays.txt,2,467,0.000105,0.000000,0.00
randomArrays.txt,3,467,0.000057,0.000000,0.00
randomArrays.txt,1,855,0.000185,0.000000,0.00
randomArrays.txt,2,855,0.000184,0.000000,0.00
randomArrays.txt,3,855,0.000186,0.000000,0.00
randomArrays.txt,1,12,0.000001,0.000000,0.00
randomArrays.txt,2,12,0.000001,0.000000,0.00
randomArrays.txt,3,12,0.000001,0.000000,0.00
randomArrays.txt,1,751,0.000274,0.000000,0.00
randomArrays.txt,2,751,0.000156,0.000000,0.00
randomArrays.txt,3,751,0.000145,0.000000,0.00
randomArrays.txt,1,426,0.000053,0.000000,0.00
randomArrays.txt,2,426,0.000053,0.000000,0.00
randomArrays.txt,3,426,0.000052,0.000000,0.00
randomArrays.txt,1,735,0.000135,0.000000,0.00
randomArrays.txt,2,735,0.000136,0.000000,0.00
randomArrays.txt,3,735,0.000165,0.000000,0.00
randomArrays.txt,1,321,0.000034,0.000000,0.00
randomArrays.txt,2,321,0.000034,0.000000,0.00
randomArrays.txt,3,321,0.000033,0.000000,0.00
randomArrays.txt,1,522,0.000071,0.000000,0.00
randomArrays.txt,2,522,0.000074,0.000000,0.00
randomArrays.txt,3,522,0.000072,0.000000,0.00
randomArrays.txt,1,888,0.000345,0.000000,0.00
randomArrays.txt,2,888,0.000186,0.000000,0.00
randomArrays.txt,3,888,0.000191,0.000000,0.00
randomArrays.txt,1,118,0.000006,0.000000,0.00
randomArrays.txt,2,118,0.000007,0.000000,0.00
randomArrays.txt,3,118,0.000007,0.000000,0.00
randomArrays.txt,1,813,0.000170,0.000000,0.00
randomArrays.txt,2,813,0.000149,0.000000,0.00
randomArrays.txt,3,813,0.000151,0.000000,0.00
randomArrays.txt,1,547,0.000235,0.000000,0.00
randomArrays.txt,2,547,0.000083,0.000000,0.00
randomArrays.txt,3,547,0.000082,0.000000,0.00
randomArrays.txt,1,860,0.000236,0.000000,0.00
randomArrays.txt,2,860,0.000186,0.000000,0.00
randomArrays.txt,3,860,0.000182,0.000000,0.00
randomArrays.txt,1,189,0.000019,0.000000,0.00
randomArrays.txt,2,189,0.000014,0.000000,0.00
randomArrays.txt,3,189,0.000014,0.000000,0.00
randomArrays.txt,1,668,0.000334,0.015625,0.00
randomArrays.txt,2,668,0.000104,0.000000,0.00
randomArrays.txt,3,668,0.000111,0.000000,0.00
randomArrays.txt,1,583,0.000105,0.000000,0.00
randomArrays.txt,2,583,0.000089,0.000000,0.00
randomArrays.txt,3,583,0.000089,0.000000,0.00
randomArrays.txt,1,489,0.000072,0.000000,0.00
randomArrays.txt,2,489,0.000067,0.000000,0.00
randomArrays.txt,3,489,0.000067,0.000000,0.00
randomArrays.txt,1,414,0.000054,0.000000,0.00
randomArrays.txt,2,414,0.000045,0.000000,0.00
randomArrays.txt,3,414,0.000044,0.000000,0.00
randomArrays.txt,1,905,0.000209,0.000000,0.00
randomArrays.txt,2,905,0.000184,0.000000,0.00
randomArrays.txt,3,905,0.000162,0.000000,0.00
randomArrays.txt,1,742,0.000140,0.000000,0.00
randomArrays.txt,2,742,0.000127,0.000000,0.00
randomArrays.txt,3,742,0.000117,0.000000,0.00
randomArrays.txt,1,358,0.000041,0.000000,0.00
randomArrays.txt,2,358,0.000039,0.000000,0.00
randomArrays.txt,3,358,0.000032,0.000000,0.00
randomArrays.txt,1,741,0.000131,0.000000,0.00
randomArrays.txt,2,741,0.000138,0.000000,0.00
randomArrays.txt,3,741,0.000136,0.000000,0.00
randomArrays.txt,1,470,0.000052,0.000000,0.00
randomArrays.txt,2,470,0.000077,0.000000,0.00
randomArrays.txt,3,470,0.000061,0.000000,0.00
randomArrays.txt,1,111,0.000004,0.000000,0.00
randomArrays.txt,2,111,0.000024,0.000000,0.00
randomArrays.txt,3,111,0.000005,0.000000,0.00
randomArrays.txt,1,546,0.000072,0.000000,0.00
randomArrays.txt,2,546,0.000081,0.000000,0.00
randomArrays.txt,3,546,0.000075,0.000000,0.00
randomArrays.txt,1,591,0.000067,0.000000,0.00
randomArrays.txt,2,591,0.000089,0.000000,0.00
randomArrays.txt,3,591,0.000079,0.000000,0.00
randomArrays.txt,1,884,0.000202,0.000000,0.00
randomArrays.txt,2,884,0.000188,0.000000,0.00
randomArrays.txt,3,884,0.000303,0.000000,0.00
randomArrays.txt,1,684,0.000088,0.000000,0.00
randomArrays.txt,2,684,0.000102,0.000000,0.00
randomArrays.txt,3,684,0.000102,0.000000,0.00
randomArrays.txt,1,975,0.000216,0.000000,0.00
randomArrays.txt,2,975,0.000194,0.000000,0.00
randomArrays.txt,3,975,0.000213,0.000000,0.00
randomArrays.txt,1,739,0.000123,0.000000,0.00
randomArrays.txt,2,739,0.000131,0.000000,0.00
randomArrays.txt,3,739,0.000108,0.000000,0.00
randomArrays.txt,1,725,0.000096,0.000000,0.00
randomArrays.txt,2,725,0.000300,0.015625,0.00
randomArrays.txt,3,725,0.000117,0.000000,0.00
randomArrays.txt,1,893,0.000151,0.000000,0.00
randomArrays.txt,2,893,0.000214,0.000000,0.00
randomArrays.txt,3,893,0.000166,0.000000,0.00
randomArrays.txt,1,16,0.000004,0.000000,0.00
randomArrays.txt,2,16,0.000001,0.000000,0.00
randomArrays.txt,3,16,0.000001,0.000000,0.00
randomArrays.txt,1,467,0.000060,0.000000,0.00
randomArrays.txt,2,467,0.000056,0.000000,0.00
randomArrays.txt,3,467,0.000059,0.000000,0.00
randomArrays.txt,1,307,0.000026,0.000000,0.00
randomArrays.txt,2,307,0.000028,0.000000,0.00
randomArrays.txt,3,307,0.000031,0.000000,0.00
randomArrays.txt,1,235,0.000015,0.000000,0.00
randomArrays.txt,2,235,0.000018,0.000000,0.00
randomArrays.txt,3,235,0.000017,0.000000,0.00
randomArrays.txt,1,377,0.000267,0.000000,0.00
randomArrays.txt,2,377,0.000040,0.000000,0.00
randomArrays.txt,3,377,0.000039,0.000000,0.00
randomArrays.txt,1,448,0.000046,0.000000,0.00
randomArrays.txt,2,448,0.000054,0.000000,0.00
randomArrays.txt,3,448,0.000052,0.000000,0.00
randomArrays.txt,1,999,0.000189,0.000000,0.00
randomArrays.txt,2,999,0.000193,0.000000,0.00
randomArrays.txt,3,999,0.000190,0.000000,0.00
randomArrays.txt,1,98,0.000005,0.000000,0.00
randomArrays.txt,2,98,0.000006,0.000000,0.00
randomArrays.txt,3,98,0.000005,0.000000,0.00
randomArrays.txt,1,456,0.000057,0.000000,0.00
randomArrays.txt,2,456,0.000054,0.000000,0.00
randomArrays.txt,3,456,0.000050,0.000000,0.00
randomArrays.txt,1,118,0.000006,0.000000,0.00
randomArrays.txt,2,118,0.000006,0.000000,0.00
randomArrays.txt,3,118,0.000006,0.000000,0.00
randomArrays.txt,1,406,0.000042,0.000000,0.00
randomArrays.txt,2,406,0.000042,0.000000,0.00
randomArrays.txt,3,406,0.000043,0.000000,0.00
randomArrays.txt,1,33,0.000002,0.000000,0.00
randomArrays.txt,2,33,0.000002,0.000000,0.00
randomArrays.txt,3,33,0.000001,0.000000,0.00
randomArrays.txt,1,517,0.000073,0.000000,0.00
randomArrays.txt,2,517,0.000063,0.000000,0.00
randomArrays.txt,3,517,0.000072,0.000000,0.00
randomArrays.txt,1,248,0.000014,0.000000,0.00
randomArrays.txt,2,248,0.000019,0.000000,0.00
randomArrays.txt,3,248,0.000019,0.000000,0.00
randomArrays.txt,1,61,0.000003,0.000000,0.00
randomArrays.txt,2,61,0.000003,0.000000,0.00
randomArrays.txt,3,61,0.000003,0.000000,0.00
randomArrays.txt,1,547,0.000074,0.000000,0.00
randomArrays.txt,2,547,0.000072,0.000000,0.00
randomArrays.txt,3,547,0.000081,0.000000,0.00
randomArrays.txt,1,602,0.000084,0.000000,0.00
randomArrays.txt,2,602,0.000077,0.000000,0.00
randomArrays.txt,3,602,0.000079,0.000000,0.00
randomArrays.txt,1,579,0.000101,0.000000,0.00
randomArrays.txt,2,579,0.000085,0.000000,0.00
randomArrays.txt,3,579,0.000087,0.000000,0.00
randomArrays.txt,1,972,0.000672,0.000000,0.00
randomArrays.txt,2,972,0.000206,0.000000,0.00
randomArrays.txt,3,972,0.000275,0.000000,0.00
randomArrays.txt,1,653,0.000103,0.000000,0.00
randomArrays.txt,2,653,0.000121,0.000000,0.00
randomArrays.txt,3,653,0.000117,0.000000,0.00
randomArrays.txt,1,866,0.000225,0.000000,0.00
randomArrays.txt,2,866,0.000204,0.000000,0.00
randomArrays.txt,3,866,0.000178,0.000000,0.00
randomArrays.txt,1,417,0.000047,0.000000,0.00
randomArrays.txt,2,417,0.000090,0.000000,0.00
randomArrays.txt,3,417,0.000051,0.000000,0.00
randomArrays.txt,1,386,0.000043,0.000000,0.00
randomArrays.txt,2,386,0.000040,0.000000,0.00
randomArrays.txt,3,386,0.000043,0.000000,0.00
randomArrays.txt,1,349,0.000031,0.000000,0.00
randomArrays.txt,2,349,0.000033,0.000000,0.00
randomArrays.txt,3,349,0.000034,0.000000,0.00
randomArrays.txt,1,598,0.000084,0.000000,0.00
randomArrays.txt,2,598,0.000091,0.000000,0.00
randomArrays.txt,3,598,0.000111,0.000000,0.00
randomArrays.txt,1,856,0.000155,0.000000,0.00
randomArrays.txt,2,856,0.000171,0.000000,0.00
randomArrays.txt,3,856,0.000162,0.000000,0.00
randomArrays.txt,1,152,0.000033,0.000000,0.00
randomArrays.txt,2,152,0.000010,0.000000,0.00
randomArrays.txt,3,152,0.000009,0.000000,0.00
randomArrays.txt,1,436,0.000053,0.000000,0.00
randomArrays.txt,2,436,0.000053,0.000000,0.00
randomArrays.txt,3,436,0.000054,0.000000,0.00
randomArrays.txt,1,356,0.000043,0.000000,0.00
randomArrays.txt,2,356,0.000038,0.000000,0.00
randomArrays.txt,3,356,0.000037,0.000000,0.00
randomArrays.txt,1,598,0.000092,0.000000,0.00
randomArrays.txt,2,598,0.000148,0.000000,0.00
randomArrays.txt,3,598,0.000086,0.000000,0.00
randomArrays.txt,1,578,0.000068,0.000000,0.00
randomArrays.txt,2,578,0.000098,0.000000,0.00
randomArrays.txt,3,578,0.000075,0.000000,0.00
randomArrays.txt,1,786,0.000168,0.000000,0.00
randomArrays.txt,2,786,0.000135,0.000000,0.00
randomArrays.txt,3,786,0.000135,0.000000,0.00
randomArrays.txt,1,124,0.000005,0.000000,0.00
randomArrays.txt,2,124,0.000007,0.000000,0.00
randomArrays.txt,3,124,0.000007,0.000000,0.00
randomArrays.txt,1,439,0.000048,0.000000,0.00
randomArrays.txt,2,439,0.000051,0.000000,0.00
randomArrays.txt,3,439,0.000045,0.000000,0.00
randomArrays.txt,1,492,0.000052,0.000000,0.00
randomArrays.txt,2,492,0.000182,0.000000,0.00
randomArrays.txt,3,492,0.000060,0.000000,0.00
randomArrays.txt,1,207,0.000016,0.000000,0.00
randomArrays.txt,2,207,0.000013,0.000000,0.00
randomArrays.txt,3,207,0.000014,0.000000,0.00
randomArrays.txt,1,100,0.000005,0.000000,0.00
randomArrays.txt,2,100,0.000006,0.000000,0.00
randomArrays.txt,3,100,0.000005,0.000000,0.00
randomArrays.txt,1,591,0.000084,0.000000,0.00
randomArrays.txt,2,591,0.000098,0.000000,0.00
randomArrays.txt,3,591,0.000087,0.000000,0.00
randomArrays.txt,1,397,0.000045,0.000000,0.00
randomArrays.txt,2,397,0.000045,0.000000,0.00
randomArrays.txt,3,397,0.000045,0.000000,0.00
randomArrays.txt,1,295,0.000027,0.000000,0.00
randomArrays.txt,2,295,0.000026,0.000000,0.00
randomArrays.txt,3,295,0.000025,0.000000,0.00
randomArrays.txt,1,733,0.000128,0.000000,0.00
randomArrays.txt,2,733,0.000129,0.000000,0.00
randomArrays.txt,3,733,0.000136,0.000000,0.00
randomArrays.txt,1,231,0.000017,0.000000,0.00
randomArrays.txt,2,231,0.000016,0.000000,0.00
randomArrays.txt,3,231,0.000017,0.000000,0.00
randomArrays.txt,1,565,0.000081,0.000000,0.00
randomArrays.txt,2,565,0.000077,0.000000,0.00
randomArrays.txt,3,565,0.000082,0.000000,0.00
randomArrays.txt,1,910,0.000736,0.000000,0.00
randomArrays.txt,2,910,0.000204,0.000000,0.00
randomArrays.txt,3,910,0.000202,0.000000,0.00
randomArrays.txt,1,74,0.000003,0.000000,0.00
randomArrays.txt,2,74,0.000003,0.000000,0.00
randomArrays.txt,3,74,0.000003,0.000000,0.00
randomArrays.txt,1,647,0.000114,0.000000,0.00
randomArrays.txt,2,647,0.000157,0.000000,0.00
randomArrays.txt,3,647,0.000100,0.000000,0.00
randomArrays.txt,1,456,0.000063,0.000000,0.00
randomArrays.txt,2,456,0.000057,0.000000,0.00
randomArrays.txt,3,456,0.000058,0.000000,0.00
randomArrays.txt,1,954,0.000223,0.000000,0.00
randomArrays.txt,2,954,0.000221,0.000000,0.00
randomArrays.txt,3,954,0.000227,0.000000,0.00
randomArrays.txt,1,495,0.000068,0.000000,0.00
randomArrays.txt,2,495,0.000147,0.000000,0.00
randomArrays.txt,3,495,0.000067,0.000000,0.00
randomArrays.txt,1,487,0.000065,0.000000,0.00
randomArrays.txt,2,487,0.000064,0.000000,0.00
randomArrays.txt,3,487,0.000064,0.000000,0.00
randomArrays.txt,1,559,0.000083,0.000000,0.00
randomArrays.txt,2,559,0.000083,0.000000,0.00
randomArrays.txt,3,559,0.000082,0.000000,0.00
randomArrays.txt,1,512,0.000068,0.000000,0.00
randomArrays.txt,2,512,0.000070,0.000000,0.00
randomArrays.txt,3,512,0.000072,0.000000,0.00
randomArrays.txt,1,247,0.000019,0.000000,0.00
randomArrays.txt,2,247,0.000017,0.000000,0.00
randomArrays.txt,3,247,0.000020,0.000000,0.00
randomArrays.txt,1,219,0.000018,0.000000,0.00
randomArrays.txt,2,219,0.000015,0.000000,0.00
randomArrays.txt,3,219,0.000016,0.000000,0.00
randomArrays.txt,1,839,0.000163,0.000000,0.00
randomArrays.txt,2,839,0.000208,0.000000,0.00
randomArrays.txt,3,839,0.000196,0.000000,0.00
randomArrays.txt,1,887,0.000194,0.000000,0.00
randomArrays.txt,2,887,0.000199,0.000000,0.00
randomArrays.txt,3,887,0.000195,0.000000,0.00
randomArrays.txt,1,942,0.000273,0.000000,0.00
randomArrays.txt,2,942,0.000203,0.000000,0.00
randomArrays.txt,3,942,0.004751,0.000000,0.00
randomArrays.txt,1,920,0.000203,0.000000,0.00
randomArrays.txt,2,920,0.000313,0.000000,0.00
randomArrays.txt,3,920,0.000201,0.000000,0.00
randomArrays.txt,1,868,0.000179,0.000000,0.00
randomArrays.txt,2,868,0.000180,0.000000,0.00
randomArrays.txt,3,868,0.000179,0.000000,0.00
randomArrays.txt,1,25,0.000001,0.000000,0.00
randomArrays.txt,2,25,0.000001,0.000000,0.00
randomArrays.txt,3,25,0.000001,0.000000,0.00
randomArrays.txt,1,174,0.000011,0.000000,0.00
randomArrays.txt,2,174,0.000011,0.000000,0.00
randomArrays.txt,3,174,0.000011,0.000000,0.00
randomArrays.txt,1,818,0.000167,0.000000,0.00
randomArrays.txt,2,818,0.000156,0.000000,0.00
randomArrays.txt,3,818,0.000171,0.000000,0.00
randomArrays.txt,1,660,0.000117,0.000000,0.00
randomArrays.txt,2,660,0.000118,0.000000,0.00
randomArrays.txt,3,660,0.000116,0.000000,0.00
randomArrays.txt,1,592,0.000092,0.000000,0.00
randomArrays.txt,2,592,0.000093,0.000000,0.00
randomArrays.txt,3,592,0.000096,0.000000,0.00
randomArrays.txt,1,942,0.001539,0.000000,0.00
randomArrays.txt,2,942,0.000316,0.000000,0.00
randomArrays.txt,3,942,0.000267,0.000000,0.00
randomArrays.txt,1,962,0.000244,0.000000,0.00
randomArrays.txt,2,962,0.000233,0.000000,0.00
randomArrays.txt,3,962,0.000235,0.000000,0.00
randomArrays.txt,1,254,0.000020,0.000000,0.00
randomArrays.txt,2,254,0.000020,0.000000,0.00
randomArrays.txt,3,254,0.000021,0.000000,0.00
randomArrays.txt,1,527,0.000083,0.000000,0.00
randomArrays.txt,2,527,0.000072,0.000000,0.00
randomArrays.txt,3,527,0.000097,0.000000,0.00
randomArrays.txt,1,786,0.000192,0.000000,0.00
randomArrays.txt,2,786,0.000181,0.000000,0.00
randomArrays.txt,3,786,0.000159,0.000000,0.00
randomArrays.txt,1,179,0.000023,0.000000,0.00
randomArrays.txt,2,179,0.000011,0.000000,0.00
randomArrays.txt,3,179,0.000010,0.000000,0.00
randomArrays.txt,1,678,0.000111,0.000000,0.00
randomArrays.txt,2,678,0.000101,0.000000,0.00
randomArrays.txt,3,678,0.000104,0.000000,0.00
randomArrays.txt,1,950,0.000233,0.000000,0.00
randomArrays.txt,2,950,0.000233,0.000000,0.00
randomArrays.txt,3,950,0.000230,0.000000,0.00
randomArrays.txt,1,538,0.000076,0.000000,0.00
randomArrays.txt,2,538,0.000079,0.000000,0.00
randomArrays.txt,3,538,0.000080,0.000000,0.00
randomArrays.txt,1,185,0.000009,0.000000,0.00
randomArrays.txt,2,185,0.000013,0.000000,0.00
randomArrays.txt,3,185,0.000011,0.000000,0.00
randomArrays.txt,1,689,0.000109,0.000000,0.00
randomArrays.txt,2,689,0.000102,0.000000,0.00
randomArrays.txt,3,689,0.000112,0.000000,0.00
randomArrays.txt,1,161,0.000007,0.000000,0.00
randomArrays.txt,2,161,0.000026,0.000000,0.00
randomArrays.txt,3,161,0.000010,0.000000,0.00
randomArrays.txt,1,509,0.000055,0.000000,0.00
randomArrays.txt,2,509,0.000068,0.000000,0.00
randomArrays.txt,3,509,0.000069,0.000000,0.00
randomArrays.txt,1,376,0.000026,0.000000,0.00
randomArrays.txt,2,376,0.000163,0.000000,0.00
randomArrays.txt,3,376,0.000034,0.000000,0.00
randomArrays.txt,1,766,0.000118,0.000000,0.00
randomArrays.txt,2,766,0.000300,0.000000,0.00
randomArrays.txt,3,766,0.000132,0.000000,0.00
randomArrays.txt,1,706,0.000099,0.015625,0.00
randomArrays.txt,2,706,0.000115,0.000000,0.00
randomArrays.txt,3,706,0.000136,0.000000,0.00
randomArrays.txt,1,644,0.000082,0.000000,0.00
randomArrays.txt,2,644,0.000104,0.000000,0.00
randomArrays.txt,3,644,0.000093,0.000000,0.00
randomArrays.txt,1,758,0.000138,0.000000,0.00
randomArrays.txt,2,758,0.000180,0.000000,0.00
randomArrays.txt,3,758,0.000127,0.000000,0.00
randomArrays.txt,1,747,0.000112,0.000000,0.00
randomArrays.txt,2,747,0.000129,0.000000,0.00
randomArrays.txt,3,747,0.000124,0.000000,0.00
randomArrays.txt,1,349,0.000035,0.000000,0.00
randomArrays.txt,2,349,0.000049,0.000000,0.00
randomArrays.txt,3,349,0.000031,0.000000,0.00
randomArrays.txt,1,574,0.000093,0.000000,0.00
randomArrays.txt,2,574,0.000081,0.000000,0.00
randomArrays.txt,3,574,0.000081,0.000000,0.00
randomArrays.txt,1,888,0.000185,0.000000,0.00
randomArrays.txt,2,888,0.000227,0.000000,0.00
randomArrays.txt,3,888,0.000163,0.000000,0.00
randomArrays.txt,1,235,0.000068,0.000000,0.00
randomArrays.txt,2,235,0.000017,0.000000,0.00
randomArrays.txt,3,235,0.000019,0.000000,0.00
randomArrays.txt,1,653,0.000106,0.000000,0.00
randomArrays.txt,2,653,0.000145,0.000000,0.00
randomArrays.txt,3,653,0.000102,0.000000,0.00
randomArrays.txt,1,630,0.000093,0.000000,0.00
randomArrays.txt,2,630,0.000122,0.000000,0.00
randomArrays.txt,3,630,0.000092,0.000000,0.00
randomArrays.txt,1,76,0.000004,0.000000,0.00
randomArrays.txt,2,76,0.000003,0.000000,0.00
randomArrays.txt,3,76,0.000003,0.000000,0.00
randomArrays.txt,1,436,0.000047,0.000000,0.00
randomArrays.txt,2,436,0.000050,0.000000,0.00
randomArrays.txt,3,436,0.000052,0.000000,0.00
randomArrays.txt,1,771,0.000832,0.000000,0.00
randomArrays.txt,2,771,0.000135,0.000000,0.00
randomArrays.txt,3,771,0.000171,0.000000,0.00
randomArrays.txt,1,217,0.000015,0.000000,0.00
randomArrays.txt,2,217,0.000035,0.000000,0.00
randomArrays.txt,3,217,0.000014,0.000000,0.00
randomArrays.txt,1,419,0.000043,0.000000,0.00
randomArrays.txt,2,419,0.000317,0.000000,0.00
randomArrays.txt,3,419,0.000041,0.000000,0.00
randomArrays.txt,1,860,0.000169,0.000000,0.00
randomArrays.txt,2,860,0.000156,0.000000,0.00
randomArrays.txt,3,860,0.000184,0.000000,0.00
randomArrays.txt,1,288,0.000032,0.000000,0.00
randomArrays.txt,2,288,0.000025,0.000000,0.00
randomArrays.txt,3,288,0.000023,0.000000,0.00
randomArrays.txt,1,280,0.000022,0.000000,0.00
randomArrays.txt,2,280,0.000066,0.000000,0.00
randomArrays.txt,3,280,0.000022,0.000000,0.00
randomArrays.txt,1,242,0.000018,0.000000,0.00
randomArrays.txt,2,242,0.000017,0.000000,0.00
randomArrays.txt,3,242,0.000021,0.000000,0.00
randomArrays.txt,1,602,0.000087,0.000000,0.00
randomArrays.txt,2,602,0.000094,0.000000,0.00
randomArrays.txt,3,602,0.000095,0.000000,0.00
randomArrays.txt,1,44,0.000001,0.000000,0.00
randomArrays.txt,2,44,0.000002,0.000000,0.00
randomArrays.txt,3,44,0.000002,0.000000,0.00
randomArrays.txt,1,547,0.000065,0.000000,0.00
randomArrays.txt,2,547,0.000081,0.000000,0.00
randomArrays.txt,3,547,0.000079,0.000000,0.00
randomArrays.txt,1,860,0.000172,0.000000,0.00
randomArrays.txt,2,860,0.000187,0.000000,0.00
randomArrays.txt,3,860,0.000168,0.000000,0.00
randomArrays.txt,1,737,0.000121,0.000000,0.00
randomArrays.txt,2,737,0.000127,0.000000,0.00
randomArrays.txt,3,737,0.000131,0.000000,0.00
randomArrays.txt,1,738,0.000121,0.000000,0.00
randomArrays.txt,2,738,0.000128,0.000000,0.00
randomArrays.txt,3,738,0.000126,0.000000,0.00
randomArrays.txt,1,725,0.000130,0.000000,0.00
randomArrays.txt,2,725,0.000138,0.000000,0.00
randomArrays.txt,3,725,0.000133,0.000000,0.00
randomArrays.txt,1,684,0.000111,0.000000,0.00
randomArrays.txt,2,684,0.000157,0.000000,0.00
randomArrays.txt,3,684,0.000102,0.000000,0.00
randomArrays.txt,1,233,0.000012,0.000000,0.00
randomArrays.txt,2,233,0.000017,0.000000,0.00
randomArrays.txt,3,233,0.000018,0.000000,0.00
randomArrays.txt,1,342,0.000032,0.000000,0.00
randomArrays.txt,2,342,0.000033,0.000000,0.00
randomArrays.txt,3,342,0.000035,0.000000,0.00
randomArrays.txt,1,855,0.000162,0.000000,0.00
randomArrays.txt,2,855,0.000172,0.000000,0.00
randomArrays.txt,3,855,0.000171,0.000000,0.00
randomArrays.txt,1,861,0.000168,0.000000,0.00
randomArrays.txt,2,861,0.000221,0.000000,0.00
randomArrays.txt,3,861,0.000154,0.000000,0.00
randomArrays.txt,1,566,0.000066,0.000000,0.00
randomArrays.txt,2,566,0.000090,0.000000,0.00
randomArrays.txt,3,566,0.000075,0.000000,0.00
randomArrays.txt,1,406,0.000319,0.000000,0.00
randomArrays.txt,2,406,0.000039,0.000000,0.00
randomArrays.txt,3,406,0.000048,0.000000,0.00
randomArrays.txt,1,192,0.000009,0.000000,0.00
randomArrays.txt,2,192,0.000012,0.000000,0.00
randomArrays.txt,3,192,0.000013,0.000000,0.00
randomArrays.txt,1,850,0.000161,0.000000,0.00
randomArrays.txt,2,850,0.000156,0.000000,0.00
randomArrays.txt,3,850,0.000135,0.000000,0.00
randomArrays.txt,1,609,0.000087,0.000000,0.00
randomArrays.txt,2,609,0.000093,0.000000,0.00
randomArrays.txt,3,609,0.000097,0.000000,0.00
randomArrays.txt,1,18,0.000001,0.000000,0.00
randomArrays.txt,2,18,0.000001,0.000000,0.00
randomArrays.txt,3,18,0.000001,0.000000,0.00
randomArrays.txt,1,482,0.000057,0.000000,0.00
randomArrays.txt,2,482,0.000700,0.000000,0.00
randomArrays.txt,3,482,0.000062,0.000000,0.00
randomArrays.txt,1,264,0.000015,0.000000,0.00
randomArrays.txt,2,264,0.000021,0.000000,0.00
randomArrays.txt,3,264,0.000018,0.000000,0.00
randomArrays.txt,1,319,0.000030,0.000000,0.00
randomArrays.txt,2,319,0.000033,0.000000,0.00
randomArrays.txt,3,319,0.000034,0.000000,0.00
randomArrays.txt,1,252,0.000069,0.000000,0.00
randomArrays.txt,2,252,0.000020,0.000000,0.00
randomArrays.txt,3,252,0.000024,0.000000,0.00
randomArrays.txt,1,342,0.000032,0.000000,0.00
randomArrays.txt,2,342,0.000032,0.000000,0.00
randomArrays.txt,3,342,0.000035,0.015625,0.00
randomArrays.txt,1,252,0.000022,0.000000,0.00
randomArrays.txt,2,252,0.000019,0.000000,0.00
randomArrays.txt,3,252,0.000019,0.000000,0.00
randomArrays.txt,1,205,0.000016,0.000000,0.00
randomArrays.txt,2,205,0.000015,0.000000,0.00
randomArrays.txt,3,205,0.000014,0.000000,0.00
randomArrays.txt,1,942,0.000202,0.000000,0.00
randomArrays.txt,2,942,0.000273,0.000000,0.00
randomArrays.txt,3,942,0.000209,0.000000,0.00
randomArrays.txt,1,744,0.000126,0.000000,0.00
randomArrays.txt,2,744,0.000132,0.000000,0.00
randomArrays.txt,3,744,0.000149,0.000000,0.00
randomArrays.txt,1,537,0.000091,0.000000,0.00
randomArrays.txt,2,537,0.000093,0.000000,0.00
randomArrays.txt,3,537,0.000066,0.000000,0.00
randomArrays.txt,1,501,0.000073,0.000000,0.00
randomArrays.txt,2,501,0.000061,0.000000,0.00
randomArrays.txt,3,501,0.000080,0.000000,0.00
randomArrays.txt,1,853,0.000165,0.000000,0.00
randomArrays.txt,2,853,0.000223,0.000000,0.00
randomArrays.txt,3,853,0.000172,0.000000,0.00
randomArrays.txt,1,341,0.000039,0.015625,0.00
randomArrays.txt,2,341,0.000035,0.000000,0.00
randomArrays.txt,3,341,0.000036,0.000000,0.00
randomArrays.txt,1,800,0.000183,0.000000,0.00
randomArrays.txt,2,800,0.000158,0.015625,0.00
randomArrays.txt,3,800,0.000178,0.000000,0.00
randomArrays.txt,1,857,0.000183,0.000000,0.00
randomArrays.txt,2,857,0.000181,0.000000,0.00
randomArrays.txt,3,857,0.000181,0.000000,0.00
randomArrays.txt,1,427,0.000053,0.000000,0.00
randomArrays.txt,2,427,0.000068,0.000000,0.00
randomArrays.txt,3,427,0.000056,0.000000,0.00
randomArrays.txt,1,647,0.000107,0.000000,0.00
randomArrays.txt,2,647,0.000109,0.000000,0.00
randomArrays.txt,3,647,0.000099,0.000000,0.00
randomArrays.txt,1,76,0.000004,0.000000,0.00
randomArrays.txt,2,76,0.000004,0.000000,0.00
randomArrays.txt,3,76,0.000003,0.000000,0.00
randomArrays.txt,1,677,0.000234,0.000000,0.00
randomArrays.txt,2,677,0.000115,0.000000,0.00
randomArrays.txt,3,677,0.000115,0.000000,0.00
randomArrays.txt,1,579,0.000082,0.000000,0.00
randomArrays.txt,2,579,0.000086,0.000000,0.00
randomArrays.txt,3,579,0.000088,0.000000,0.00
randomArrays.txt,1,731,0.000978,0.000000,0.00
randomArrays.txt,2,731,0.000127,0.000000,0.00
randomArrays.txt,3,731,0.000118,0.000000,0.00
randomArrays.txt,1,704,0.000126,0.000000,0.00
randomArrays.txt,2,704,0.000121,0.000000,0.00
randomArrays.txt,3,704,0.000133,0.000000,0.00
randomArrays.txt,1,266,0.000023,0.000000,0.00
randomArrays.txt,2,266,0.000022,0.000000,0.00
randomArrays.txt,3,266,0.000021,0.000000,0.00
randomArrays.txt,1,961,0.000220,0.000000,0.00
randomArrays.txt,2,961,0.000226,0.000000,0.00
randomArrays.txt,3,961,0.000214,0.000000,0.00
randomArrays.txt,1,263,0.000024,0.000000,0.00
randomArrays.txt,2,263,0.000022,0.000000,0.00
randomArrays.txt,3,263,0.000023,0.000000,0.00
randomArrays.txt,1,434,0.000057,0.000000,0.00
randomArrays.txt,2,434,0.000048,0.000000,0.00
randomArrays.txt,3,434,0.000052,0.000000,0.00
randomArrays.txt,1,484,0.000088,0.000000,0.00
randomArrays.txt,2,484,0.000065,0.000000,0.00
randomArrays.txt,3,484,0.000064,0.000000,0.00
randomArrays.txt,1,163,0.000012,0.000000,0.00
randomArrays.txt,2,163,0.000012,0.000000,0.00
randomArrays.txt,3,163,0.000012,0.000000,0.00
randomArrays.txt,1,984,0.000240,0.000000,0.00
randomArrays.txt,2,984,0.000237,0.000000,0.00
randomArrays.txt,3,984,0.000257,0.000000,0.00
randomArrays.txt,1,211,0.000016,0.000000,0.00
randomArrays.txt,2,211,0.000075,0.000000,0.00
randomArrays.txt,3,211,0.000014,0.000000,0.00
randomArrays.txt,1,185,0.000011,0.000000,0.00
randomArrays.txt,2,185,0.000012,0.000000,0.00
randomArrays.txt,3,185,0.000011,0.000000,0.00
randomArrays.txt,1,467,0.000053,0.000000,0.00
randomArrays.txt,2,467,0.000056,0.000000,0.00
randomArrays.txt,3,467,0.000057,0.000000,0.00
randomArrays.txt,1,214,0.000016,0.000000,0.00
randomArrays.txt,2,214,0.000014,0.000000,0.00
randomArrays.txt,3,214,0.000014,0.000000,0.00
randomArrays.txt,1,35,0.000002,0.000000,0.00
randomArrays.txt,2,35,0.000002,0.000000,0.00
randomArrays.txt,3,35,0.000002,0.000000,0.00
randomArrays.txt,1,141,0.000008,0.000000,0.00
randomArrays.txt,2,141,0.000061,0.000000,0.00
randomArrays.txt,3,141,0.000008,0.000000,0.00
randomArrays.txt,1,559,0.000081,0.000000,0.00
randomArrays.txt,2,559,0.000082,0.000000,0.00
randomArrays.txt,3,559,0.000085,0.000000,0.00
randomArrays.txt,1,706,0.000121,0.000000,0.00
randomArrays.txt,2,706,0.000122,0.000000,0.00
randomArrays.txt,3,706,0.000123,0.000000,0.00
randomArrays.txt,1,68,0.000004,0.000000,0.00
randomArrays.txt,2,68,0.000004,0.000000,0.00
randomArrays.txt,3,68,0.000004,0.000000,0.00
randomArrays.txt,1,12,0.000001,0.000000,0.00
randomArrays.txt,2,12,0.000001,0.000000,0.00
randomArrays.txt,3,12,0.000001,0.000000,0.00
randomArrays.txt,1,405,0.000056,0.000000,0.00
randomArrays.txt,2,405,0.000061,0.000000,0.00
randomArrays.txt,3,405,0.000046,0.000000,0.00
randomArrays.txt,1,288,0.000025,0.000000,0.00
randomArrays.txt,2,288,0.000026,0.000000,0.00
randomArrays.txt,3,288,0.000026,0.000000,0.00
randomArrays.txt,1,955,0.000205,0.000000,0.00
randomArrays.txt,2,955,0.000217,0.000000,0.00
randomArrays.txt,3,955,0.000226,0.015625,0.00
randomArrays.txt,1,50,0.000002,0.000000,0.00
randomArrays.txt,2,50,0.000002,0.000000,0.00
randomArrays.txt,3,50,0.000002,0.000000,0.00
randomArrays.txt,1,752,0.000131,0.000000,0.00
randomArrays.txt,2,752,0.000132,0.000000,0.00
randomArrays.txt,3,752,0.000147,0.000000,0.00
randomArrays.txt,1,695,0.000115,0.015625,0.00
randomArrays.txt,2,695,0.000122,0.000000,0.00
randomArrays.txt,3,695,0.000121,0.000000,0.00
randomArrays.txt,1,186,0.000012,0.000000,0.00
randomArrays.txt,2,186,0.000013,0.000000,0.00
randomArrays.txt,3,186,0.000013,0.000000,0.00
randomArrays.txt,1,737,0.000141,0.000000,0.00
randomArrays.txt,2,737,0.000140,0.000000,0.00
randomArrays.txt,3,737,0.000138,0.000000,0.00
randomArrays.txt,1,948,0.000226,0.000000,0.00
randomArrays.txt,2,948,0.000221,0.000000,0.00
randomArrays.txt,3,948,0.000223,0.000000,0.00
randomArrays.txt,1,151,0.000009,0.000000,0.00
randomArrays.txt,2,151,0.000010,0.000000,0.00
randomArrays.txt,3,151,0.000009,0.000000,0.00
randomArrays.txt,1,46,0.000002,0.000000,0.00
randomArrays.txt,2,46,0.000002,0.000000,0.00
randomArrays.txt,3,46,0.000002,0.000000,0.00
randomArrays.txt,1,968,0.000354,0.000000,0.00
randomArrays.txt,2,968,0.000331,0.000000,0.00
randomArrays.txt,3,968,0.000221,0.000000,0.00
randomArrays.txt,1,333,0.000164,0.000000,0.00
randomArrays.txt,2,333,0.000035,0.000000,0.00
randomArrays.txt,3,333,0.000035,0.000000,0.00
randomArrays.txt,1,189,0.000013,0.000000,0.00
randomArrays.txt,2,189,0.000011,0.000000,0.00
randomArrays.txt,3,189,0.000011,0.000000,0.00
randomArrays.txt,1,190,0.000013,0.000000,0.00
randomArrays.txt,2,190,0.000013,0.000000,0.00
randomArrays.txt,3,190,0.000012,0.000000,0.00
randomArrays.txt,1,589,0.000112,0.000000,0.00
randomArrays.txt,2,589,0.000166,0.000000,0.00
randomArrays.txt,3,589,0.000084,0.000000,0.00
randomArrays.txt,1,230,0.000022,0.000000,0.00
randomArrays.txt,2,230,0.000016,0.000000,0.00
randomArrays.txt,3,230,0.000015,0.000000,0.00
randomArrays.txt,1,535,0.000082,0.000000,0.00
randomArrays.txt,2,535,0.000119,0.000000,0.00
randomArrays.txt,3,535,0.000077,0.000000,0.00
randomArrays.txt,1,189,0.000174,0.000000,0.00
randomArrays.txt,2,189,0.000498,0.000000,0.00
randomArrays.txt,3,189,0.000013,0.000000,0.00
randomArrays.txt,1,948,0.000241,0.000000,0.00
randomArrays.txt,2,948,0.000219,0.000000,0.00
randomArrays.txt,3,948,0.000235,0.000000,0.00
randomArrays.txt,1,834,0.000177,0.000000,0.00
randomArrays.txt,2,834,0.000184,0.000000,0.00
randomArrays.txt,3,834,0.000179,0.000000,0.00
randomArrays.txt,1,273,0.000021,0.000000,0.00
randomArrays.txt,2,273,0.000024,0.000000,0.00
randomArrays.txt,3,273,0.000024,0.000000,0.00
randomArrays.txt,1,773,0.000156,0.000000,0.00
randomArrays.txt,2,773,0.000162,0.000000,0.00
randomArrays.txt,3,773,0.000155,0.000000,0.00
randomArrays.txt,1,342,0.000030,0.000000,0.00
randomArrays.txt,2,342,0.000033,0.000000,0.00
randomArrays.txt,3,342,0.000035,0.000000,0.00
randomArrays.txt,1,995,0.000226,0.000000,0.00
randomArrays.txt,2,995,0.000242,0.000000,0.00
randomArrays.txt,3,995,0.000239,0.000000,0.00
randomArrays.txt,1,221,0.000038,0.000000,0.00
randomArrays.txt,2,221,0.000014,0.000000,0.00
randomArrays.txt,3,221,0.000016,0.000000,0.00
randomArrays.txt,1,519,0.000083,0.000000,0.00
randomArrays.txt,2,519,0.000071,0.000000,0.00
randomArrays.txt,3,519,0.000067,0.000000,0.00
randomArrays.txt,1,479,0.000073,0.000000,0.00
randomArrays.txt,2,479,0.000057,0.000000,0.00
randomArrays.txt,3,479,0.000063,0.000000,0.00
randomArrays.txt,1,155,0.000010,0.000000,0.00
randomArrays.txt,2,155,0.000010,0.000000,0.00
randomArrays.txt,3,155,0.000008,0.000000,0.00
randomArrays.txt,1,756,0.000144,0.000000,0.00
randomArrays.txt,2,756,0.000135,0.000000,0.00
randomArrays.txt,3,756,0.000145,0.000000,0.00
randomArrays.txt,1,658,0.000096,0.000000,0.00
randomArrays.txt,2,658,0.000235,0.000000,0.00
randomArrays.txt,3,658,0.000105,0.000000,0.00
randomArrays.txt,1,213,0.000012,0.000000,0.00
randomArrays.txt,2,213,0.000017,0.000000,0.00
randomArrays.txt,3,213,0.000017,0.000000,0.00
randomArrays.txt,1,467,0.000059,0.000000,0.00
randomArrays.txt,2,467,0.000062,0.000000,0.00
randomArrays.txt,3,467,0.000055,0.000000,0.00
randomArrays.txt,1,191,0.000015,0.000000,0.00
randomArrays.txt,2,191,0.000026,0.000000,0.00
randomArrays.txt,3,191,0.000012,0.000000,0.00
randomArrays.txt,1,744,0.000124,0.000000,0.00
randomArrays.txt,2,744,0.000256,0.000000,0.00
randomArrays.txt,3,744,0.000122,0.000000,0.00
randomArrays.txt,1,122,0.000006,0.000000,0.00
randomArrays.txt,2,122,0.000006,0.000000,0.00
randomArrays.txt,3,122,0.000007,0.000000,0.00
randomArrays.txt,1,178,0.000012,0.000000,0.00
randomArrays.txt,2,178,0.000012,0.000000,0.00
randomArrays.txt,3,178,0.000011,0.000000,0.00
randomArrays.txt,1,760,0.000143,0.000000,0.00
randomArrays.txt,2,760,0.000117,0.000000,0.00
randomArrays.txt,3,760,0.000115,0.000000,0.00
randomArrays.txt,1,524,0.000081,0.000000,0.00
randomArrays.txt,2,524,0.000065,0.000000,0.00
randomArrays.txt,3,524,0.000073,0.000000,0.00
randomArrays.txt,1,264,0.000020,0.000000,0.00
randomArrays.txt,2,264,0.000023,0.000000,0.00
randomArrays.txt,3,264,0.000021,0.000000,0.00
randomArrays.txt,1,733,0.000143,0.000000,0.00
randomArrays.txt,2,733,0.000123,0.000000,0.00
randomArrays.txt,3,733,0.000113,0.000000,0.00
randomArrays.txt,1,759,0.000137,0.000000,0.00
randomArrays.txt,2,759,0.000144,0.000000,0.00
randomArrays.txt,3,759,0.000145,0.000000,0.00
randomArrays.txt,1,177,0.000013,0.000000,0.00
randomArrays.txt,2,177,0.000010,0.000000,0.00
randomArrays.txt,3,177,0.000010,0.000000,0.00
randomArrays.txt,1,53,0.000002,0.000000,0.00
randomArrays.txt,2,53,0.000002,0.000000,0.00
randomArrays.txt,3,53,0.000002,0.000000,0.00
randomArrays.txt,1,429,0.000047,0.000000,0.00
randomArrays.txt,2,429,0.000065,0.000000,0.00
randomArrays.txt,3,429,0.000047,0.000000,0.00
randomArrays.txt,1,508,0.000065,0.000000,0.00
randomArrays.txt,2,508,0.000086,0.000000,0.00
randomArrays.txt,3,508,0.000069,0.000000,0.00
randomArrays.txt,1,919,0.000192,0.000000,0.00
randomArrays.txt,2,919,0.000219,0.000000,0.00
randomArrays.txt,3,919,0.000177,0.000000,0.00
randomArrays.txt,1,412,0.000137,0.000000,0.00
randomArrays.txt,2,412,0.000045,0.000000,0.00
randomArrays.txt,3,412,0.000046,0.000000,0.00
randomArrays.txt,1,503,0.000063,0.000000,0.00
randomArrays.txt,2,503,0.000205,0.000000,0.00
randomArrays.txt,3,503,0.000061,0.000000,0.00
randomArrays.txt,1,115,0.000007,0.000000,0.00
randomArrays.txt,2,115,0.000005,0.000000,0.00
randomArrays.txt,3,115,0.000008,0.000000,0.00
randomArrays.txt,1,851,0.000240,0.000000,0.00
randomArrays.txt,2,851,0.000150,0.000000,0.00
randomArrays.txt,3,851,0.000149,0.000000,0.00
randomArrays.txt,1,848,0.000131,0.000000,0.00
randomArrays.txt,2,848,0.000259,0.000000,0.00
randomArrays.txt,3,848,0.000150,0.000000,0.00
randomArrays.txt,1,652,0.000114,0.000000,0.00
randomArrays.txt,2,652,0.000109,0.000000,0.00
randomArrays.txt,3,652,0.000104,0.000000,0.00
randomArrays.txt,1,693,0.000114,0.000000,0.00
randomArrays.txt,2,693,0.000160,0.000000,0.00
randomArrays.txt,3,693,0.000116,0.000000,0.00
randomArrays.txt,1,662,0.000116,0.000000,0.00
randomArrays.txt,2,662,0.000113,0.000000,0.00
randomArrays.txt,3,662,0.000109,0.000000,0.00
randomArrays.txt,1,815,0.000162,0.000000,0.00
randomArrays.txt,2,815,0.000170,0.000000,0.00
randomArrays.txt,3,815,0.000169,0.000000,0.00
randomArrays.txt,1,679,0.000127,0.000000,0.00
randomArrays.txt,2,679,0.000154,0.000000,0.00
randomArrays.txt,3,679,0.000113,0.000000,0.00
randomArrays.txt,1,141,0.000010,0.000000,0.00
randomArrays.txt,2,141,0.000007,0.000000,0.00
randomArrays.txt,3,141,0.000008,0.000000,0.00
randomArrays.txt,1,458,0.000053,0.000000,0.00
randomArrays.txt,2,458,0.000049,0.000000,0.00
randomArrays.txt,3,458,0.000060,0.000000,0.00
randomArrays.txt,1,378,0.000039,0.000000,0.00
randomArrays.txt,2,378,0.000037,0.000000,0.00
randomArrays.txt,3,378,0.000037,0.000000,0.00
randomArrays.txt,1,662,0.000099,0.000000,0.00
randomArrays.txt,2,662,0.000186,0.000000,0.00
randomArrays.txt,3,662,0.000104,0.000000,0.00
randomArrays.txt,1,809,0.000126,0.000000,0.00
randomArrays.txt,2,809,0.000329,0.000000,0.00
randomArrays.txt,3,809,0.000132,0.000000,0.00
randomArrays.txt,1,960,0.000948,0.000000,0.00
randomArrays.txt,2,960,0.000180,0.000000,0.00
randomArrays.txt,3,960,0.000175,0.000000,0.00
randomArrays.txt,1,454,0.000062,0.000000,0.00
randomArrays.txt,2,454,0.000079,0.000000,0.00
randomArrays.txt,3,454,0.000057,0.000000,0.00
randomArrays.txt,1,513,0.000056,0.000000,0.00
randomArrays.txt,2,513,0.000063,0.000000,0.00
randomArrays.txt,3,513,0.000145,0.000000,0.00
randomArrays.txt,1,965,0.000221,0.000000,0.00
randomArrays.txt,2,965,0.000179,0.000000,0.00
randomArrays.txt,3,965,0.000179,0.000000,0.00
randomArrays.txt,1,855,0.000181,0.000000,0.00
randomArrays.txt,2,855,0.000169,0.000000,0.00
randomArrays.txt,3,855,0.000164,0.000000,0.00
randomArrays.txt,1,257,0.000019,0.000000,0.00
randomArrays.txt,2,257,0.000020,0.000000,0.00
randomArrays.txt,3,257,0.000020,0.000000,0.00
randomArrays.txt,1,932,0.000228,0.000000,0.00
randomArrays.txt,2,932,0.000201,0.000000,0.00
randomArrays.txt,3,932,0.000197,0.000000,0.00
randomArrays.txt,1,112,0.000006,0.000000,0.00
randomArrays.txt,2,112,0.000007,0.000000,0.00
randomArrays.txt,3,112,0.000006,0.000000,0.00
randomArrays.txt,1,264,0.000023,0.000000,0.00
randomArrays.txt,2,264,0.000024,0.000000,0.00
randomArrays.txt,3,264,0.000024,0.000000,0.00
randomArrays.txt,1,404,0.000187,0.000000,0.00
randomArrays.txt,2,404,0.000070,0.000000,0.00
randomArrays.txt,3,404,0.000044,0.000000,0.00
randomArrays.txt,1,830,0.000167,0.000000,0.00
randomArrays.txt,2,830,0.000161,0.000000,0.00
randomArrays.txt,3,830,0.000162,0.000000,0.00
randomArrays.txt,1,115,0.000007,0.000000,0.00
randomArrays.txt,2,115,0.000006,0.000000,0.00
randomArrays.txt,3,115,0.000005,0.000000,0.00
randomArrays.txt,1,906,0.000154,0.000000,0.00
randomArrays.txt,2,906,0.000292,0.000000,0.00
randomArrays.txt,3,906,0.000140,0.000000,0.00
