Dataset,Algorithm,Run,Time(ms),CPU(%),Memory(MB)
randomArrays.txt,IterativeQuickSort,1,0.076200,0.00,0.00
randomArrays.txt,IterativeQuickSort,2,0.077000,0.00,0.00
randomArrays.txt,IterativeQuickSort,3,0.072700,0.00,0.00
randomArrays.txt,IterativeQuickSort,1,0.129500,0.00,0.00
randomArrays.txt,IterativeQuickSort,2,0.120200,0.00,0.00
randomArrays.txt,IterativeQuickSort,3,0.120400,0.00,0.00
randomArrays.txt,IterativeQuickSort,1,0.071500,0.00,0.00
randomArrays.txt,IterativeQuickSort,2,0.062500,0.00,0.00
randomArrays.txt,IterativeQuickSort,3,0.062700,0.00,0.00
randomArrays.txt,IterativeQuickSort,1,0.038500,0.00,0.00
randomArrays.txt,IterativeQuickSort,2,0.048500,0.00,0.00
randomArrays.txt,IterativeQuickSort,3,0.042400,0.00,0.00
randomArrays.txt,IterativeQuickSort,1,0.220200,0.00,0.00
randomArrays.txt,IterativeQuickSort,2,0.130600,0.00,0.00
randomArrays.txt,IterativeQuickSort,3,0.119600,0.00,0.00
randomArrays.txt,IterativeQuickSort,1,0.107400,0.00,0.00
randomArrays.txt,IterativeQuickSort,2,0.188200,0.00,0.00
randomArrays.txt,IterativeQuickSort,3,0.137500,0.00,0.00
randomArrays.txt,IterativeQuickSort,1,0.051500,0.00,0.00
randomArrays.txt,IterativeQuickSort,2,0.046200,0.00,0.00
randomArrays.txt,IterativeQuickSort,3,0.044100,0.00,0.00
randomArrays.txt,IterativeQuickSort,1,0.074300,0.00,0.00
randomArrays.txt,IterativeQuickSort,2,0.072600,0.00,0.00
randomArrays.txt,IterativeQuickSort,3,0.071700,0.00,0.00
randomArrays.txt,IterativeQuickSort,1,0.180200,0.00,0.00
randomArrays.txt,IterativeQuickSort,2,0.150600,0.00,0.00
randomArrays.txt,IterativeQuickSort,3,0.144100,0.00,0.00
randomArrays.txt,IterativeQuickSort,1,0.166300,0.00,0.00
randomArrays.txt,IterativeQuickSort,2,0.155700,0.00,0.00
randomArrays.txt,IterativeQuickSort,3,0.227600,0.00,0.00
randomArrays.txt,IterativeQuickSort,1,0.245000,0.00,0.00
randomArrays.txt,IterativeQuickSort,2,0.103000,0.00,0.00
randomArrays.txt,IterativeQuickSort,3,0.102900,0.00,0.00
randomArrays.txt,IterativeQuickSort,1,0.055200,0.00,0.00
randomArrays.txt,IterativeQuickSort,2,0.053400,0.00,0.00
randomArrays.txt,IterativeQuickSort,3,0.052300,0.00,0.00
randomArrays.txt,IterativeQuickSort,1,0.079300,0.00,0.00
randomArrays.txt,IterativeQuickSort,2,0.073500,0.00,0.00
randomArrays.txt,IterativeQuickSort,3,0.184800,0.00,0.00
randomArrays.txt,IterativeQuickSort,1,0.016100,0.00,0.00
randomArrays.txt,IterativeQuickSort,2,0.014200,0.00,0.00
randomArrays.txt,IterativeQuickSort,3,0.015300,0.00,0.00
randomArrays.txt,IterativeQuickSort,1,0.162000,0.00,0.00
randomArrays.txt,IterativeQuickSort,2,0.173700,0.00,0.00
randomArrays.txt,IterativeQuickSort,3,0.162400,0.00,0.00
randomArrays.txt,IterativeQuickSort,1,0.072400,0.00,0.00
randomArrays.txt,IterativeQuickSort,2,0.070300,0.00,0.00
randomArrays.txt,IterativeQuickSort,3,0.065900,0.00,0.00
randomArrays.txt,IterativeQuickSort,1,0.211300,0.00,0.00
randomArrays.txt,IterativeQuickSort,2,0.115500,0.00,0.00
randomArrays.txt,IterativeQuickSort,3,0.119600,0.00,0.00
randomArrays.txt,IterativeQuickSort,1,0.089600,0.00,0.00
randomArrays.txt,IterativeQuickSort,2,0.160400,0.00,0.00
randomArrays.txt,IterativeQuickSort,3,0.074000,0.00,0.00
randomArrays.txt,IterativeQuickSort,1,1.542100,0.00,0.00
randomArrays.txt,IterativeQuickSort,2,0.156700,0.00,0.00
randomArrays.txt,IterativeQuickSort,3,0.143400,0.00,0.00
randomArrays.txt,IterativeQuickSort,1,0.955000,0.00,0.00
randomArrays.txt,IterativeQuickSort,2,0.110200,0.00,0.00
randomArrays.txt,IterativeQuickSort,3,0.110400,0.00,0.00
randomArrays.txt,IterativeQuickSort,1,0.006400,0.00,0.00
randomArrays.txt,IterativeQuickSort,2,0.006000,0.00,0.00
randomArrays.txt,IterativeQuickSort,3,0.005000,0.00,0.00
randomArrays.txt,IterativeQuickSort,1,0.071100,0.00,0.00
randomArrays.txt,IterativeQuickSort,2,0.067300,0.00,0.00
randomArrays.txt,IterativeQuickSort,3,0.093700,0.00,0.00
randomArrays.txt,IterativeQuickSort,1,0.176800,0.00,0.00
randomArrays.txt,IterativeQuickSort,2,0.231800,0.00,0.00
randomArrays.txt,IterativeQuickSort,3,0.158600,0.00,0.00
randomArrays.txt,IterativeQuickSort,1,0.029600,0.00,0.00
randomArrays.txt,IterativeQuickSort,2,0.023300,0.00,0.00
randomArrays.txt,IterativeQuickSort,3,0.023500,0.00,0.00
randomArrays.txt,IterativeQuickSort,1,0.089500,0.00,0.00
randomArrays.txt,IterativeQuickSort,2,0.085600,0.00,0.00
randomArrays.txt,IterativeQuickSort,3,0.084700,0.00,0.00
randomArrays.txt,IterativeQuickSort,1,0.029500,0.00,0.00
randomArrays.txt,IterativeQuickSort,2,0.030400,0.00,0.00
randomArrays.txt,IterativeQuickSort,3,0.027600,0.00,0.00
randomArrays.txt,IterativeQuickSort,1,0.132900,0.00,0.00
randomArrays.txt,IterativeQuickSort,2,0.164200,0.00,0.00
randomArrays.txt,IterativeQuickSort,3,0.137400,0.00,0.00
randomArrays.txt,IterativeQuickSort,1,0.015700,0.00,0.00
randomArrays.txt,IterativeQuickSort,2,0.015800,0.00,0.00
randomArrays.txt,IterativeQuickSort,3,0.014100,0.00,0.00
randomArrays.txt,IterativeQuickSort,1,0.047400,0.00,0.00
randomArrays.txt,IterativeQuickSort,2,0.048600,0.00,0.00
randomArrays.txt,IterativeQuickSort,3,0.046700,0.00,0.00
randomArrays.txt,IterativeQuickSort,1,1.130500,0.00,0.00
randomArrays.txt,IterativeQuickSort,2,0.151700,0.00,0.00
randomArrays.txt,IterativeQuickSort,3,0.130000,0.00,0.00
randomArrays.txt,IterativeQuickSort,1,0.150500,0.00,0.00
randomArrays.txt,IterativeQuickSort,2,0.151500,0.00,0.00
randomArrays.txt,IterativeQuickSort,3,0.142700,0.00,0.00
randomArrays.txt,IterativeQuickSort,1,0.100200,0.00,0.00
randomArrays.txt,IterativeQuickSort,2,0.231800,0.00,0.00
randomArrays.txt,IterativeQuickSort,3,0.104100,0.00,0.00
randomArrays.txt,IterativeQuickSort,1,0.038800,0.00,0.00
randomArrays.txt,IterativeQuickSort,2,0.037400,0.00,0.00
randomArrays.txt,IterativeQuickSort,3,0.039700,0.00,0.00
randomArrays.txt,IterativeQuickSort,1,0.134900,0.00,0.00
randomArrays.txt,IterativeQuickSort,2,0.104900,0.00,0.00
randomArrays.txt,IterativeQuickSort,3,0.106200,0.00,0.00
randomArrays.txt,IterativeQuickSort,1,0.150500,0.00,0.00
randomArrays.txt,IterativeQuickSort,2,0.102500,0.00,0.00
randomArrays.txt,IterativeQuickSort,3,0.106200,0.00,0.00
randomArrays.txt,IterativeQuickSort,1,0.067900,0.00,0.00
randomArrays.txt,IterativeQuickSort,2,0.064800,0.00,0.00
randomArrays.txt,IterativeQuickSort,3,0.059900,0.00,0.00
randomArrays.txt,IterativeQuickSort,1,0.034300,0.00,0.00
randomArrays.txt,IterativeQuickSort,2,0.029200,0.00,0.00
randomArrays.txt,IterativeQuickSort,3,0.034400,0.00,0.00
randomArrays.txt,IterativeQuickSort,1,0.037500,0.00,0.00
randomArrays.txt,IterativeQuickSort,2,0.037000,0.00,0.00
randomArrays.txt,IterativeQuickSort,3,0.038000,0.00,0.00
randomArrays.txt,IterativeQuickSort,1,0.031900,0.00,0.00
randomArrays.txt,IterativeQuickSort,2,0.027100,0.00,0.00
randomArrays.txt,IterativeQuickSort,3,0.027400,0.00,0.00
randomArrays.txt,IterativeQuickSort,1,0.075400,0.00,0.00
randomArrays.txt,IterativeQuickSort,2,0.080700,0.00,0.00
randomArrays.txt,IterativeQuickSort,3,0.078200,0.00,0.00
randomArrays.txt,IterativeQuickSort,1,0.127400,0.00,0.00
randomArrays.txt,IterativeQuickSort,2,0.125400,0.00,0.00
randomArrays.txt,IterativeQuickSort,3,0.105000,0.00,0.00
randomArrays.txt,IterativeQuickSort,1,0.219400,0.00,0.00
randomArrays.txt,IterativeQuickSort,2,0.119400,3271.57,0.00
randomArrays.txt,IterativeQuickSort,3,0.117300,0.00,0.00
randomArrays.txt,IterativeQuickSort,1,0.114000,0.00,0.00
randomArrays.txt,IterativeQuickSort,2,0.110700,0.00,0.00
randomArrays.txt,IterativeQuickSort,3,0.112100,0.00,0.00
randomArrays.txt,IterativeQuickSort,1,0.040800,0.00,0.00
randomArrays.txt,IterativeQuickSort,2,0.039200,0.00,0.00
randomArrays.txt,IterativeQuickSort,3,0.038800,0.00,0.00
randomArrays.txt,IterativeQuickSort,1,0.111800,0.00,0.00
randomArrays.txt,IterativeQuickSort,2,0.107900,0.00,0.00
randomArrays.txt,IterativeQuickSort,3,0.108300,0.00,0.00
randomArrays.txt,IterativeQuickSort,1,0.046200,0.00,0.00
randomArrays.txt,IterativeQuickSort,2,0.031100,0.00,0.00
randomArrays.txt,IterativeQuickSort,3,0.036900,0.00,0.00
randomArrays.txt,IterativeQuickSort,1,0.056400,0.00,0.00
randomArrays.txt,IterativeQuickSort,2,0.065800,0.00,0.00
randomArrays.txt,IterativeQuickSort,3,0.057900,0.00,0.00
randomArrays.txt,IterativeQuickSort,1,0.047100,0.00,0.00
randomArrays.txt,IterativeQuickSort,2,0.043300,0.00,0.00
randomArrays.txt,IterativeQuickSort,3,0.061300,0.00,0.00
randomArrays.txt,IterativeQuickSort,1,0.014200,0.00,0.00
randomArrays.txt,IterativeQuickSort,2,0.012400,0.00,0.00
randomArrays.txt,IterativeQuickSort,3,0.012000,0.00,0.00
randomArrays.txt,IterativeQuickSort,1,0.164400,0.00,0.00
randomArrays.txt,IterativeQuickSort,2,0.138600,0.00,0.00
randomArrays.txt,IterativeQuickSort,3,0.136500,0.00,0.00
randomArrays.txt,IterativeQuickSort,1,0.029700,0.00,0.00
randomArrays.txt,IterativeQuickSort,2,0.027300,0.00,0.00
randomArrays.txt,IterativeQuickSort,3,0.028300,0.00,0.00
randomArrays.txt,IterativeQuickSort,1,0.089400,0.00,0.00
randomArrays.txt,IterativeQuickSort,2,0.053400,0.00,0.00
randomArrays.txt,IterativeQuickSort,3,0.052600,0.00,0.00
randomArrays.txt,IterativeQuickSort,1,0.028400,0.00,0.00
randomArrays.txt,IterativeQuickSort,2,0.029000,0.00,0.00
randomArrays.txt,IterativeQuickSort,3,0.027500,0.00,0.00
randomArrays.txt,IterativeQuickSort,1,0.058000,0.00,0.00
randomArrays.txt,IterativeQuickSort,2,0.056300,0.00,0.00
randomArrays.txt,IterativeQuickSort,3,0.057100,0.00,0.00
randomArrays.txt,IterativeQuickSort,1,0.133600,0.00,0.00
randomArrays.txt,IterativeQuickSort,2,0.133900,0.00,0.00
randomArrays.txt,IterativeQuickSort,3,0.136300,0.00,0.00
randomArrays.txt,IterativeQuickSort,1,0.139000,0.00,0.00
randomArrays.txt,IterativeQuickSort,2,0.129500,0.00,0.00
randomArrays.txt,IterativeQuickSort,3,0.126900,0.00,0.00
randomArrays.txt,IterativeQuickSort,1,0.133500,0.00,0.00
randomArrays.txt,IterativeQuickSort,2,0.158900,0.00,0.00
randomArrays.txt,IterativeQuickSort,3,0.129000,0.00,0.00
randomArrays.txt,IterativeQuickSort,1,0.078200,0.00,0.00
randomArrays.txt,IterativeQuickSort,2,0.076700,0.00,0.00
randomArrays.txt,IterativeQuickSort,3,0.076100,0.00,0.00
randomArrays.txt,IterativeQuickSort,1,0.023400,0.00,0.00
randomArrays.txt,IterativeQuickSort,2,0.021700,0.00,0.00
randomArrays.txt,IterativeQuickSort,3,0.018300,0.00,0.00
randomArrays.txt,IterativeQuickSort,1,0.063400,0.00,0.00
randomArrays.txt,IterativeQuickSort,2,0.065700,0.00,0.00
randomArrays.txt,IterativeQuickSort,3,0.073500,0.00,0.00
randomArrays.txt,IterativeQuickSort,1,0.154700,0.00,0.00
randomArrays.txt,IterativeQuickSort,2,0.090100,0.00,0.00
randomArrays.txt,IterativeQuickSort,3,0.082200,0.00,0.00
randomArrays.txt,IterativeQuickSort,1,0.031300,0.00,0.00
randomArrays.txt,IterativeQuickSort,2,0.034700,0.00,0.00
randomArrays.txt,IterativeQuickSort,3,0.033700,0.00,0.00
randomArrays.txt,IterativeQuickSort,1,0.056000,0.00,0.00
randomArrays.txt,IterativeQuickSort,2,0.055400,0.00,0.00
randomArrays.txt,IterativeQuickSort,3,0.057100,0.00,0.00
randomArrays.txt,IterativeQuickSort,1,0.080200,0.00,0.00
randomArrays.txt,IterativeQuickSort,2,0.077600,0.00,0.00
randomArrays.txt,IterativeQuickSort,3,0.078600,0.00,0.00
randomArrays.txt,IterativeQuickSort,1,0.135600,0.00,0.00
randomArrays.txt,IterativeQuickSort,2,0.161300,0.00,0.00
randomArrays.txt,IterativeQuickSort,3,0.128400,0.00,0.00
randomArrays.txt,IterativeQuickSort,1,0.145100,0.00,0.00
randomArrays.txt,IterativeQuickSort,2,0.135800,0.00,0.00
randomArrays.txt,IterativeQuickSort,3,0.143200,0.00,0.00
randomArrays.txt,IterativeQuickSort,1,0.094800,0.00,0.00
randomArrays.txt,IterativeQuickSort,2,0.075400,0.00,0.00
randomArrays.txt,IterativeQuickSort,3,0.062600,0.00,0.00
randomArrays.txt,IterativeQuickSort,1,0.062600,0.00,0.00
randomArrays.txt,IterativeQuickSort,2,0.064400,0.00,0.00
randomArrays.txt,IterativeQuickSort,3,0.080100,0.00,0.00
randomArrays.txt,IterativeQuickSort,1,0.078400,0.00,0.50
randomArrays.txt,IterativeQuickSort,2,0.444200,0.00,0.00
randomArrays.txt,IterativeQuickSort,3,1.036200,0.00,0.00
randomArrays.txt,IterativeQuickSort,1,0.117200,0.00,0.00
randomArrays.txt,IterativeQuickSort,2,0.110400,0.00,0.00
randomArrays.txt,IterativeQuickSort,3,0.116100,0.00,0.00
randomArrays.txt,IterativeQuickSort,1,0.003900,0.00,0.00
randomArrays.txt,IterativeQuickSort,2,0.003500,0.00,0.00
randomArrays.txt,IterativeQuickSort,3,0.004200,0.00,0.00
randomArrays.txt,IterativeQuickSort,1,0.012300,0.00,0.00
randomArrays.txt,IterativeQuickSort,2,0.010600,0.00,0.00
randomArrays.txt,IterativeQuickSort,3,0.010000,0.00,0.00
randomArrays.txt,IterativeQuickSort,1,0.041700,0.00,0.00
randomArrays.txt,IterativeQuickSort,2,0.041300,0.00,0.00
randomArrays.txt,IterativeQuickSort,3,0.039900,0.00,0.00
randomArrays.txt,IterativeQuickSort,1,0.161500,0.00,0.00
randomArrays.txt,IterativeQuickSort,2,0.134800,0.00,0.00
randomArrays.txt,IterativeQuickSort,3,0.127400,0.00,0.00
randomArrays.txt,IterativeQuickSort,1,0.127900,0.00,0.00
randomArrays.txt,IterativeQuickSort,2,0.133300,0.00,0.00
randomArrays.txt,IterativeQuickSort,3,0.164200,0.00,0.50
randomArrays.txt,IterativeQuickSort,1,0.102100,0.00,0.00
randomArrays.txt,IterativeQuickSort,2,0.199100,0.00,0.00
randomArrays.txt,IterativeQuickSort,3,0.095000,0.00,0.00
randomArrays.txt,IterativeQuickSort,1,0.052100,0.00,0.00
randomArrays.txt,IterativeQuickSort,2,0.057800,0.00,0.00
randomArrays.txt,IterativeQuickSort,3,0.058900,0.00,0.00
randomArrays.txt,IterativeQuickSort,1,0.068000,0.00,0.00
randomArrays.txt,IterativeQuickSort,2,0.062100,0.00,0.00
randomArrays.txt,IterativeQuickSort,3,0.067200,0.00,0.00
randomArrays.txt,IterativeQuickSort,1,0.038600,0.00,0.00
randomArrays.txt,IterativeQuickSort,2,0.036000,0.00,0.00
randomArrays.txt,IterativeQuickSort,3,0.034600,0.00,0.00
randomArrays.txt,IterativeQuickSort,1,0.101900,0.00,0.00
randomArrays.txt,IterativeQuickSort,2,0.095200,0.00,0.00
randomArrays.txt,IterativeQuickSort,3,0.209200,0.00,0.00
randomArrays.txt,IterativeQuickSort,1,0.105900,0.00,0.00
randomArrays.txt,IterativeQuickSort,2,0.090400,0.00,0.00
randomArrays.txt,IterativeQuickSort,3,0.090600,0.00,0.50
randomArrays.txt,IterativeQuickSort,1,0.051400,0.00,0.00
randomArrays.txt,IterativeQuickSort,2,0.050100,0.00,0.00
randomArrays.txt,IterativeQuickSort,3,0.048400,0.00,0.00
randomArrays.txt,IterativeQuickSort,1,0.097100,0.00,0.00
randomArrays.txt,IterativeQuickSort,2,0.099900,0.00,0.00
randomArrays.txt,IterativeQuickSort,3,0.089800,0.00,0.00
randomArrays.txt,IterativeQuickSort,1,0.089200,0.00,0.00
randomArrays.txt,IterativeQuickSort,2,0.084300,0.00,0.00
randomArrays.txt,IterativeQuickSort,3,0.089600,0.00,0.00
randomArrays.txt,IterativeQuickSort,1,0.127800,0.00,0.00
randomArrays.txt,IterativeQuickSort,2,0.121100,0.00,0.00
randomArrays.txt,IterativeQuickSort,3,0.120800,0.00,0.00
randomArrays.txt,IterativeQuickSort,1,0.051600,0.00,0.00
randomArrays.txt,IterativeQuickSort,2,0.030000,0.00,0.00
randomArrays.txt,IterativeQuickSort,3,0.031500,0.00,0.00
randomArrays.txt,IterativeQuickSort,1,0.160500,0.00,0.00
randomArrays.txt,IterativeQuickSort,2,0.161000,0.00,0.50
randomArrays.txt,IterativeQuickSort,3,0.136600,0.00,0.00
randomArrays.txt,IterativeQuickSort,1,0.009800,0.00,0.00
randomArrays.txt,IterativeQuickSort,2,0.006200,0.00,0.00
randomArrays.txt,IterativeQuickSort,3,0.006100,0.00,0.00
randomArrays.txt,IterativeQuickSort,1,0.144200,0.00,0.00
randomArrays.txt,IterativeQuickSort,2,0.146700,0.00,0.00
randomArrays.txt,IterativeQuickSort,3,0.133200,0.00,0.00
randomArrays.txt,IterativeQuickSort,1,0.052000,0.00,0.00
randomArrays.txt,IterativeQuickSort,2,0.038800,0.00,0.00
randomArrays.txt,IterativeQuickSort,3,0.043700,0.00,0.00
randomArrays.txt,IterativeQuickSort,1,0.140000,0.00,0.00
randomArrays.txt,IterativeQuickSort,2,0.139600,0.00,0.00
randomArrays.txt,IterativeQuickSort,3,0.119800,0.00,0.00
randomArrays.txt,IterativeQuickSort,1,0.040300,0.00,0.00
randomArrays.txt,IterativeQuickSort,2,0.039300,0.00,0.00
randomArrays.txt,IterativeQuickSort,3,0.035400,0.00,0.00
randomArrays.txt,IterativeQuickSort,1,0.035900,0.00,0.00
randomArrays.txt,IterativeQuickSort,2,0.036100,0.00,0.00
randomArrays.txt,IterativeQuickSort,3,0.033600,0.00,0.00
randomArrays.txt,IterativeQuickSort,1,0.050100,0.00,0.00
randomArrays.txt,IterativeQuickSort,2,0.087400,0.00,0.00
randomArrays.txt,IterativeQuickSort,3,0.048100,0.00,0.00
randomArrays.txt,IterativeQuickSort,1,0.124700,0.00,0.00
randomArrays.txt,IterativeQuickSort,2,0.125000,0.00,0.00
randomArrays.txt,IterativeQuickSort,3,0.122400,0.00,0.00
randomArrays.txt,IterativeQuickSort,1,0.037200,0.00,0.00
randomArrays.txt,IterativeQuickSort,2,0.037000,0.00,0.00
randomArrays.txt,IterativeQuickSort,3,0.036800,0.00,0.00
randomArrays.txt,IterativeQuickSort,1,0.051300,0.00,0.00
randomArrays.txt,IterativeQuickSort,2,0.048200,0.00,0.00
randomArrays.txt,IterativeQuickSort,3,0.049100,0.00,0.00
randomArrays.txt,IterativeQuickSort,1,0.072500,0.00,0.00
randomArrays.txt,IterativeQuickSort,2,0.071600,0.00,0.00
randomArrays.txt,IterativeQuickSort,3,0.075800,0.00,0.00
randomArrays.txt,IterativeQuickSort,1,0.047400,0.00,0.00
randomArrays.txt,IterativeQuickSort,2,0.042600,0.00,0.00
randomArrays.txt,IterativeQuickSort,3,0.043200,0.00,0.00
randomArrays.txt,IterativeQuickSort,1,0.105800,0.00,0.00
randomArrays.txt,IterativeQuickSort,2,0.098000,0.00,0.00
randomArrays.txt,IterativeQuickSort,3,0.104500,0.00,0.00
randomArrays.txt,IterativeQuickSort,1,0.089700,0.00,0.00
randomArrays.txt,IterativeQuickSort,2,0.080400,0.00,0.00
randomArrays.txt,IterativeQuickSort,3,0.080900,0.00,0.00
randomArrays.txt,IterativeQuickSort,1,0.126900,0.00,0.00
randomArrays.txt,IterativeQuickSort,2,0.921300,0.00,0.00
randomArrays.txt,IterativeQuickSort,3,0.154800,0.00,0.00
randomArrays.txt,IterativeQuickSort,1,0.047100,0.00,0.00
randomArrays.txt,IterativeQuickSort,2,0.041500,0.00,0.00
randomArrays.txt,IterativeQuickSort,3,0.042000,0.00,0.00
randomArrays.txt,IterativeQuickSort,1,0.023200,0.00,0.00
randomArrays.txt,IterativeQuickSort,2,0.022000,0.00,0.00
randomArrays.txt,IterativeQuickSort,3,0.022600,0.00,0.00
randomArrays.txt,IterativeQuickSort,1,0.121500,0.00,0.00
randomArrays.txt,IterativeQuickSort,2,0.132100,0.00,0.00
randomArrays.txt,IterativeQuickSort,3,0.123000,0.00,0.00
randomArrays.txt,IterativeQuickSort,1,0.096800,0.00,0.00
randomArrays.txt,IterativeQuickSort,2,0.093600,0.00,0.00
randomArrays.txt,IterativeQuickSort,3,0.103100,0.00,0.00
randomArrays.txt,IterativeQuickSort,1,0.952900,0.00,0.00
randomArrays.txt,IterativeQuickSort,2,0.048600,0.00,0.00
randomArrays.txt,IterativeQuickSort,3,0.043000,0.00,0.00
randomArrays.txt,IterativeQuickSort,1,0.071400,0.00,0.00
randomArrays.txt,IterativeQuickSort,2,0.070900,0.00,0.00
randomArrays.txt,IterativeQuickSort,3,0.071000,0.00,0.00
randomArrays.txt,IterativeQuickSort,1,0.156600,0.00,0.00
randomArrays.txt,IterativeQuickSort,2,0.155900,0.00,0.00
randomArrays.txt,IterativeQuickSort,3,0.142100,0.00,0.00
randomArrays.txt,IterativeQuickSort,1,0.170300,0.00,0.00
randomArrays.txt,IterativeQuickSort,2,0.102300,0.00,0.00
randomArrays.txt,IterativeQuickSort,3,0.161000,0.00,0.00
randomArrays.txt,IterativeQuickSort,1,0.098100,0.00,0.50
randomArrays.txt,IterativeQuickSort,2,0.085200,0.00,0.00
randomArrays.txt,IterativeQuickSort,3,0.078100,0.00,0.00
randomArrays.txt,IterativeQuickSort,1,0.071400,0.00,0.00
randomArrays.txt,IterativeQuickSort,2,0.076700,0.00,0.00
randomArrays.txt,IterativeQuickSort,3,0.073500,0.00,0.00
randomArrays.txt,IterativeQuickSort,1,0.105200,0.00,0.00
randomArrays.txt,IterativeQuickSort,2,0.099400,0.00,0.00
randomArrays.txt,IterativeQuickSort,3,0.104200,0.00,0.00
randomArrays.txt,IterativeQuickSort,1,0.027000,0.00,0.00
randomArrays.txt,IterativeQuickSort,2,0.025300,0.00,0.00
randomArrays.txt,IterativeQuickSort,3,0.026300,0.00,0.00
randomArrays.txt,IterativeQuickSort,1,0.076500,0.00,0.00
randomArrays.txt,IterativeQuickSort,2,0.184100,0.00,0.00
randomArrays.txt,IterativeQuickSort,3,0.086800,0.00,0.00
randomArrays.txt,IterativeQuickSort,1,0.300200,0.00,0.00
randomArrays.txt,IterativeQuickSort,2,0.118200,0.00,0.00
randomArrays.txt,IterativeQuickSort,3,0.110500,0.00,0.00
randomArrays.txt,IterativeQuickSort,1,0.117500,0.00,0.00
randomArrays.txt,IterativeQuickSort,2,0.116300,0.00,0.00
randomArrays.txt,IterativeQuickSort,3,0.126900,0.00,0.00
randomArrays.txt,IterativeQuickSort,1,0.131800,0.00,0.00
randomArrays.txt,IterativeQuickSort,2,0.126800,0.00,0.00
randomArrays.txt,IterativeQuickSort,3,0.123900,0.00,0.00
randomArrays.txt,IterativeQuickSort,1,0.084800,0.00,0.00
randomArrays.txt,IterativeQuickSort,2,0.091400,0.00,0.00
randomArrays.txt,IterativeQuickSort,3,0.085000,0.00,0.00
randomArrays.txt,IterativeQuickSort,1,0.062900,0.00,0.00
randomArrays.txt,IterativeQuickSort,2,0.058400,0.00,0.00
randomArrays.txt,IterativeQuickSort,3,0.059700,0.00,0.00
randomArrays.txt,IterativeQuickSort,1,0.101700,0.00,0.00
randomArrays.txt,IterativeQuickSort,2,0.103700,0.00,0.00
randomArrays.txt,IterativeQuickSort,3,0.102300,0.00,0.00
randomArrays.txt,IterativeQuickSort,1,0.030600,0.00,0.00
randomArrays.txt,IterativeQuickSort,2,0.031900,0.00,0.00
randomArrays.txt,IterativeQuickSort,3,0.030600,0.00,0.00
randomArrays.txt,IterativeQuickSort,1,0.092600,0.00,0.00
randomArrays.txt,IterativeQuickSort,2,0.078200,0.00,0.00
randomArrays.txt,IterativeQuickSort,3,0.078700,0.00,0.00
randomArrays.txt,IterativeQuickSort,1,0.062800,0.00,0.00
randomArrays.txt,IterativeQuickSort,2,0.058100,0.00,0.00
randomArrays.txt,IterativeQuickSort,3,0.059000,0.00,0.00
randomArrays.txt,IterativeQuickSort,1,0.151300,0.00,0.00
randomArrays.txt,IterativeQuickSort,2,0.080700,0.00,0.00
randomArrays.txt,IterativeQuickSort,3,0.081700,0.00,0.00
randomArrays.txt,IterativeQuickSort,1,0.135100,0.00,0.00
randomArrays.txt,IterativeQuickSort,2,0.136900,0.00,0.00
randomArrays.txt,IterativeQuickSort,3,0.139500,0.00,0.00
randomArrays.txt,IterativeQuickSort,1,0.114300,0.00,0.00
randomArrays.txt,IterativeQuickSort,2,0.111100,0.00,0.00
randomArrays.txt,IterativeQuickSort,3,0.118900,0.00,0.50
randomArrays.txt,IterativeQuickSort,1,0.059500,0.00,0.00
randomArrays.txt,IterativeQuickSort,2,0.059500,0.00,0.00
randomArrays.txt,IterativeQuickSort,3,0.064500,0.00,0.00
randomArrays.txt,IterativeQuickSort,1,0.038200,0.00,0.00
randomArrays.txt,IterativeQuickSort,2,0.037600,0.00,0.00
randomArrays.txt,IterativeQuickSort,3,0.038300,0.00,0.00
randomArrays.txt,IterativeQuickSort,1,0.022700,0.00,0.00
randomArrays.txt,IterativeQuickSort,2,0.020400,0.00,0.00
randomArrays.txt,IterativeQuickSort,3,0.019600,0.00,0.00
randomArrays.txt,IterativeQuickSort,1,0.176900,0.00,0.00
randomArrays.txt,IterativeQuickSort,2,0.169000,0.00,0.00
randomArrays.txt,IterativeQuickSort,3,0.150300,0.00,0.00
randomArrays.txt,IterativeQuickSort,1,0.106900,0.00,0.00
randomArrays.txt,IterativeQuickSort,2,0.103900,0.00,0.00
randomArrays.txt,IterativeQuickSort,3,0.121100,0.00,0.00
randomArrays.txt,IterativeQuickSort,1,0.099500,0.00,0.00
randomArrays.txt,IterativeQuickSort,2,0.096900,0.00,0.00
randomArrays.txt,IterativeQuickSort,3,0.102000,0.00,0.00
randomArrays.txt,IterativeQuickSort,1,0.048100,0.00,0.00
randomArrays.txt,IterativeQuickSort,2,0.047400,0.00,0.00
randomArrays.txt,IterativeQuickSort,3,0.047400,0.00,0.00
randomArrays.txt,IterativeQuickSort,1,0.121900,0.00,0.00
randomArrays.txt,IterativeQuickSort,2,0.205600,0.00,0.00
randomArrays.txt,IterativeQuickSort,3,0.121400,0.00,0.00
randomArrays.txt,IterativeQuickSort,1,0.029600,0.00,0.00
randomArrays.txt,IterativeQuickSort,2,0.056400,0.00,0.00
randomArrays.txt,IterativeQuickSort,3,0.026800,0.00,0.00
randomArrays.txt,IterativeQuickSort,1,0.042600,0.00,0.00
randomArrays.txt,IterativeQuickSort,2,0.020700,0.00,0.00
randomArrays.txt,IterativeQuickSort,3,0.022100,0.00,0.00
randomArrays.txt,IterativeQuickSort,1,0.153800,0.00,0.00
randomArrays.txt,IterativeQuickSort,2,0.470700,0.00,0.00
randomArrays.txt,IterativeQuickSort,3,0.166900,0.00,0.00
randomArrays.txt,IterativeQuickSort,1,0.138800,0.00,0.00
randomArrays.txt,IterativeQuickSort,2,0.127800,0.00,0.00
randomArrays.txt,IterativeQuickSort,3,0.128900,0.00,0.00
randomArrays.txt,IterativeQuickSort,1,0.067300,0.00,0.00
randomArrays.txt,IterativeQuickSort,2,0.059600,0.00,0.00
randomArrays.txt,IterativeQuickSort,3,0.065700,0.00,0.00
randomArrays.txt,IterativeQuickSort,1,0.107900,0.00,0.00
randomArrays.txt,IterativeQuickSort,2,0.107300,0.00,0.00
randomArrays.txt,IterativeQuickSort,3,0.106700,0.00,0.00
randomArrays.txt,IterativeQuickSort,1,0.009000,0.00,0.00
randomArrays.txt,IterativeQuickSort,2,0.008100,0.00,0.00
randomArrays.txt,IterativeQuickSort,3,0.007400,0.00,0.00
randomArrays.txt,IterativeQuickSort,1,0.047900,0.00,0.00
randomArrays.txt,IterativeQuickSort,2,0.043200,0.00,0.00
randomArrays.txt,IterativeQuickSort,3,0.131400,0.00,0.00
randomArrays.txt,IterativeQuickSort,1,0.027200,0.00,0.00
randomArrays.txt,IterativeQuickSort,2,0.029900,0.00,0.00
randomArrays.txt,IterativeQuickSort,3,0.025900,0.00,0.00
randomArrays.txt,IterativeQuickSort,1,0.083200,0.00,0.00
randomArrays.txt,IterativeQuickSort,2,0.100500,0.00,0.00
randomArrays.txt,IterativeQuickSort,3,0.074800,0.00,0.00
randomArrays.txt,IterativeQuickSort,1,0.007400,0.00,0.00
randomArrays.txt,IterativeQuickSort,2,0.006300,0.00,0.00
randomArrays.txt,IterativeQuickSort,3,0.005900,0.00,0.00
randomArrays.txt,IterativeQuickSort,1,0.107900,0.00,0.50
randomArrays.txt,IterativeQuickSort,2,0.095100,0.00,0.00
randomArrays.txt,IterativeQuickSort,3,0.091800,0.00,0.00
randomArrays.txt,IterativeQuickSort,1,0.107100,0.00,0.00
randomArrays.txt,IterativeQuickSort,2,2.583200,0.00,0.00
randomArrays.txt,IterativeQuickSort,3,0.107000,0.00,0.00
randomArrays.txt,IterativeQuickSort,1,0.092200,0.00,0.00
randomArrays.txt,IterativeQuickSort,2,0.087800,0.00,0.00
randomArrays.txt,IterativeQuickSort,3,0.163400,0.00,0.00
randomArrays.txt,IterativeQuickSort,1,0.007000,0.00,0.00
randomArrays.txt,IterativeQuickSort,2,0.005200,0.00,0.00
randomArrays.txt,IterativeQuickSort,3,0.005300,0.00,0.00
randomArrays.txt,IterativeQuickSort,1,0.121200,0.00,0.00
randomArrays.txt,IterativeQuickSort,2,0.221500,0.00,0.00
randomArrays.txt,IterativeQuickSort,3,0.146600,0.00,0.00
randomArrays.txt,IterativeQuickSort,1,0.050100,0.00,0.00
randomArrays.txt,IterativeQuickSort,2,0.054000,0.00,0.00
randomArrays.txt,IterativeQuickSort,3,0.052000,0.00,0.00
randomArrays.txt,IterativeQuickSort,1,0.198600,0.00,0.00
randomArrays.txt,IterativeQuickSort,2,0.021600,0.00,0.00
randomArrays.txt,IterativeQuickSort,3,0.028200,0.00,0.00
randomArrays.txt,IterativeQuickSort,1,0.119400,0.00,0.00
randomArrays.txt,IterativeQuickSort,2,0.138100,0.00,0.00
randomArrays.txt,IterativeQuickSort,3,0.119200,0.00,0.00
randomArrays.txt,IterativeQuickSort,1,0.099500,0.00,0.00
randomArrays.txt,IterativeQuickSort,2,0.081000,0.00,0.00
randomArrays.txt,IterativeQuickSort,3,0.072000,0.00,0.00
randomArrays.txt,IterativeQuickSort,1,0.114400,0.00,0.00
randomArrays.txt,IterativeQuickSort,2,0.112000,0.00,0.00
randomArrays.txt,IterativeQuickSort,3,0.109400,0.00,0.00
randomArrays.txt,IterativeQuickSort,1,0.076600,0.00,0.00
randomArrays.txt,IterativeQuickSort,2,0.070600,0.00,0.00
randomArrays.txt,IterativeQuickSort,3,0.070500,0.00,0.00
randomArrays.txt,IterativeQuickSort,1,0.314100,0.00,0.00
randomArrays.txt,IterativeQuickSort,2,0.029600,0.00,0.00
randomArrays.txt,IterativeQuickSort,3,0.029200,0.00,0.00
randomArrays.txt,IterativeQuickSort,1,0.055200,0.00,0.00
randomArrays.txt,IterativeQuickSort,2,0.046700,0.00,0.00
randomArrays.txt,IterativeQuickSort,3,0.048100,0.00,0.00
randomArrays.txt,IterativeQuickSort,1,0.059200,0.00,0.00
randomArrays.txt,IterativeQuickSort,2,0.065800,0.00,0.00
randomArrays.txt,IterativeQuickSort,3,0.236600,0.00,0.00
randomArrays.txt,IterativeQuickSort,1,0.137400,0.00,0.00
randomArrays.txt,IterativeQuickSort,2,0.124300,0.00,0.00
randomArrays.txt,IterativeQuickSort,3,0.122100,0.00,0.00
randomArrays.txt,IterativeQuickSort,1,0.145400,0.00,0.00
randomArrays.txt,IterativeQuickSort,2,0.142100,0.00,0.00
randomArrays.txt,IterativeQuickSort,3,0.148300,0.00,0.00
randomArrays.txt,IterativeQuickSort,1,0.054400,0.00,0.00
randomArrays.txt,IterativeQuickSort,2,0.049600,0.00,0.00
randomArrays.txt,IterativeQuickSort,3,0.044000,0.00,0.00
randomArrays.txt,IterativeQuickSort,1,0.139400,0.00,0.00
randomArrays.txt,IterativeQuickSort,2,0.148800,0.00,0.50
randomArrays.txt,IterativeQuickSort,3,0.116700,0.00,0.00
randomArrays.txt,IterativeQuickSort,1,0.122200,0.00,0.00
randomArrays.txt,IterativeQuickSort,2,0.091500,0.00,0.00
randomArrays.txt,IterativeQuickSort,3,0.132700,0.00,0.00
randomArrays.txt,IterativeQuickSort,1,0.124400,0.00,0.00
randomArrays.txt,IterativeQuickSort,2,0.139500,5600.36,0.00
randomArrays.txt,IterativeQuickSort,3,0.122300,0.00,0.00
randomArrays.txt,IterativeQuickSort,1,0.143700,0.00,0.00
randomArrays.txt,IterativeQuickSort,2,0.027100,0.00,0.00
randomArrays.txt,IterativeQuickSort,3,0.025900,0.00,0.00
randomArrays.txt,IterativeQuickSort,1,0.063400,0.00,0.00
randomArrays.txt,IterativeQuickSort,2,0.043700,0.00,0.00
randomArrays.txt,IterativeQuickSort,3,0.044000,0.00,0.00
randomArrays.txt,IterativeQuickSort,1,0.032700,0.00,0.00
randomArrays.txt,IterativeQuickSort,2,0.045700,0.00,0.00
randomArrays.txt,IterativeQuickSort,3,0.032100,0.00,0.00
randomArrays.txt,IterativeQuickSort,1,0.129300,0.00,0.00
randomArrays.txt,IterativeQuickSort,2,0.129800,0.00,0.00
randomArrays.txt,IterativeQuickSort,3,0.173000,0.00,0.50
randomArrays.txt,IterativeQuickSort,1,0.016200,0.00,0.00
randomArrays.txt,IterativeQuickSort,2,0.014600,0.00,0.00
randomArrays.txt,IterativeQuickSort,3,0.014300,0.00,0.00
randomArrays.txt,IterativeQuickSort,1,0.129000,0.00,0.00
randomArrays.txt,IterativeQuickSort,2,0.100100,0.00,0.00
randomArrays.txt,IterativeQuickSort,3,0.148300,0.00,0.00
randomArrays.txt,IterativeQuickSort,1,0.091000,0.00,0.00
randomArrays.txt,IterativeQuickSort,2,0.088700,0.00,0.00
randomArrays.txt,IterativeQuickSort,3,0.088400,0.00,0.00
randomArrays.txt,IterativeQuickSort,1,0.084300,0.00,0.00
randomArrays.txt,IterativeQuickSort,2,0.078200,0.00,0.00
randomArrays.txt,IterativeQuickSort,3,0.076900,0.00,0.00
randomArrays.txt,IterativeQuickSort,1,0.070200,0.00,0.00
randomArrays.txt,IterativeQuickSort,2,0.072500,0.00,0.00
randomArrays.txt,IterativeQuickSort,3,0.072900,0.00,0.00
randomArrays.txt,IterativeQuickSort,1,0.005800,0.00,0.00
randomArrays.txt,IterativeQuickSort,2,0.004400,0.00,0.00
randomArrays.txt,IterativeQuickSort,3,0.004800,0.00,0.00
randomArrays.txt,IterativeQuickSort,1,0.085400,0.00,0.00
randomArrays.txt,IterativeQuickSort,2,0.101400,0.00,0.00
randomArrays.txt,IterativeQuickSort,3,0.077100,0.00,0.00
randomArrays.txt,IterativeQuickSort,1,0.056200,0.00,0.00
randomArrays.txt,IterativeQuickSort,2,0.056900,0.00,0.00
randomArrays.txt,IterativeQuickSort,3,0.057500,0.00,0.00
randomArrays.txt,IterativeQuickSort,1,0.148900,0.00,0.00
randomArrays.txt,IterativeQuickSort,2,0.148900,0.00,0.00
randomArrays.txt,IterativeQuickSort,3,0.150400,0.00,0.00
randomArrays.txt,IterativeQuickSort,1,0.022400,0.00,0.00
randomArrays.txt,IterativeQuickSort,2,0.020100,0.00,0.00
randomArrays.txt,IterativeQuickSort,3,0.019000,0.00,0.00
randomArrays.txt,IterativeQuickSort,1,0.015200,0.00,0.00
randomArrays.txt,IterativeQuickSort,2,0.014800,0.00,0.00
randomArrays.txt,IterativeQuickSort,3,0.015300,0.00,0.00
randomArrays.txt,IterativeQuickSort,1,0.097500,0.00,0.00
randomArrays.txt,IterativeQuickSort,2,0.098200,0.00,0.00
randomArrays.txt,IterativeQuickSort,3,0.096000,0.00,0.00
randomArrays.txt,IterativeQuickSort,1,0.008900,0.00,0.00
randomArrays.txt,IterativeQuickSort,2,0.005800,0.00,0.00
randomArrays.txt,IterativeQuickSort,3,0.006000,0.00,0.00
randomArrays.txt,IterativeQuickSort,1,0.185200,0.00,0.00
randomArrays.txt,IterativeQuickSort,2,0.326200,0.00,0.00
randomArrays.txt,IterativeQuickSort,3,0.108600,0.00,0.00
randomArrays.txt,IterativeQuickSort,1,0.120300,0.00,0.00
randomArrays.txt,IterativeQuickSort,2,0.114700,0.00,0.00
randomArrays.txt,IterativeQuickSort,3,0.121100,0.00,0.00
randomArrays.txt,IterativeQuickSort,1,0.047300,0.00,0.00
randomArrays.txt,IterativeQuickSort,2,0.042800,0.00,0.00
randomArrays.txt,IterativeQuickSort,3,0.046400,0.00,0.00
randomArrays.txt,IterativeQuickSort,1,0.108300,0.00,0.00
randomArrays.txt,IterativeQuickSort,2,0.108700,0.00,0.00
randomArrays.txt,IterativeQuickSort,3,0.106800,0.00,0.00
randomArrays.txt,IterativeQuickSort,1,0.126300,0.00,0.00
randomArrays.txt,IterativeQuickSort,2,0.127200,0.00,0.00
randomArrays.txt,IterativeQuickSort,3,0.132100,0.00,0.00
randomArrays.txt,IterativeQuickSort,1,0.146000,0.00,0.00
randomArrays.txt,IterativeQuickSort,2,0.223900,0.00,0.00
randomArrays.txt,IterativeQuickSort,3,0.140100,0.00,0.00
randomArrays.txt,IterativeQuickSort,1,0.110100,0.00,0.00
randomArrays.txt,IterativeQuickSort,2,0.111500,0.00,0.00
randomArrays.txt,IterativeQuickSort,3,0.109200,0.00,0.00
randomArrays.txt,IterativeQuickSort,1,0.084600,0.00,0.00
randomArrays.txt,IterativeQuickSort,2,0.081100,0.00,0.00
randomArrays.txt,IterativeQuickSort,3,0.081000,0.00,0.00
randomArrays.txt,IterativeQuickSort,1,0.168500,0.00,0.00
randomArrays.txt,IterativeQuickSort,2,0.161200,0.00,0.00
randomArrays.txt,IterativeQuickSort,3,0.158500,0.00,0.00
randomArrays.txt,IterativeQuickSort,1,0.115100,0.00,0.00
randomArrays.txt,IterativeQuickSort,2,0.122500,0.00,0.00
randomArrays.txt,IterativeQuickSort,3,0.146200,0.00,0.50
randomArrays.txt,IterativeQuickSort,1,0.035900,0.00,0.00
randomArrays.txt,IterativeQuickSort,2,0.037300,0.00,0.00
randomArrays.txt,IterativeQuickSort,3,0.039300,0.00,0.00
randomArrays.txt,IterativeQuickSort,1,0.028500,0.00,0.00
randomArrays.txt,IterativeQuickSort,2,0.023000,0.00,0.00
randomArrays.txt,IterativeQuickSort,3,0.019400,0.00,0.00
randomArrays.txt,IterativeQuickSort,1,0.078500,0.00,0.00
randomArrays.txt,IterativeQuickSort,2,0.089200,0.00,0.00
randomArrays.txt,IterativeQuickSort,3,0.233000,0.00,0.00
randomArrays.txt,IterativeQuickSort,1,0.095000,0.00,0.00
randomArrays.txt,IterativeQuickSort,2,0.105200,0.00,0.00
randomArrays.txt,IterativeQuickSort,3,0.102200,0.00,0.00
randomArrays.txt,IterativeQuickSort,1,0.029900,0.00,0.00
randomArrays.txt,IterativeQuickSort,2,0.028500,0.00,0.00
randomArrays.txt,IterativeQuickSort,3,0.031100,0.00,0.00
randomArrays.txt,IterativeQuickSort,1,0.110300,0.00,0.00
randomArrays.txt,IterativeQuickSort,2,0.135800,0.00,0.00
randomArrays.txt,IterativeQuickSort,3,0.100700,0.00,0.00
randomArrays.txt,IterativeQuickSort,1,0.138800,0.00,0.50
randomArrays.txt,IterativeQuickSort,2,0.228000,0.00,0.00
randomArrays.txt,IterativeQuickSort,3,0.121300,0.00,0.00
randomArrays.txt,IterativeQuickSort,1,0.029400,0.00,0.00
randomArrays.txt,IterativeQuickSort,2,0.020400,0.00,0.00
randomArrays.txt,IterativeQuickSort,3,0.018100,0.00,0.00
randomArrays.txt,IterativeQuickSort,1,0.020500,0.00,0.00
randomArrays.txt,IterativeQuickSort,2,0.018700,0.00,0.00
randomArrays.txt,IterativeQuickSort,3,0.024200,0.00,0.00
randomArrays.txt,IterativeQuickSort,1,0.049300,0.00,0.00
randomArrays.txt,IterativeQuickSort,2,0.049000,0.00,0.00
randomArrays.txt,IterativeQuickSort,3,0.050900,0.00,0.00
randomArrays.txt,IterativeQuickSort,1,0.044700,0.00,0.00
randomArrays.txt,IterativeQuickSort,2,0.042600,0.00,0.00
randomArrays.txt,IterativeQuickSort,3,0.043000,0.00,0.00
randomArrays.txt,IterativeQuickSort,1,0.044100,0.00,0.00
randomArrays.txt,IterativeQuickSort,2,0.022500,0.00,0.00
randomArrays.txt,IterativeQuickSort,3,0.031800,0.00,0.00
randomArrays.txt,IterativeQuickSort,1,0.123600,0.00,0.00
randomArrays.txt,IterativeQuickSort,2,0.131500,0.00,0.00
randomArrays.txt,IterativeQuickSort,3,0.204600,0.00,0.00
randomArrays.txt,IterativeQuickSort,1,0.047800,0.00,0.00
randomArrays.txt,IterativeQuickSort,2,0.043000,0.00,0.00
randomArrays.txt,IterativeQuickSort,3,0.045800,0.00,0.00
randomArrays.txt,IterativeQuickSort,1,0.016400,0.00,0.00
randomArrays.txt,IterativeQuickSort,2,0.022700,0.00,0.00
randomArrays.txt,IterativeQuickSort,3,0.020900,0.00,0.00
randomArrays.txt,IterativeQuickSort,1,0.082200,0.00,0.00
randomArrays.txt,IterativeQuickSort,2,0.079800,0.00,0.00
randomArrays.txt,IterativeQuickSort,3,0.169900,0.00,0.00
randomArrays.txt,IterativeQuickSort,1,0.118200,0.00,0.00
randomArrays.txt,IterativeQuickSort,2,0.118400,0.00,0.00
randomArrays.txt,IterativeQuickSort,3,0.124100,0.00,0.00
randomArrays.txt,IterativeQuickSort,1,0.152600,0.00,0.00
randomArrays.txt,IterativeQuickSort,2,0.146700,0.00,0.00
randomArrays.txt,IterativeQuickSort,3,0.166800,0.00,0.00
randomArrays.txt,IterativeQuickSort,1,0.058200,0.00,0.00
randomArrays.txt,IterativeQuickSort,2,0.056700,0.00,0.00
randomArrays.txt,IterativeQuickSort,3,0.056100,0.00,0.00
randomArrays.txt,IterativeQuickSort,1,0.122200,0.00,0.00
randomArrays.txt,IterativeQuickSort,2,0.110000,0.00,0.50
randomArrays.txt,IterativeQuickSort,3,0.120500,0.00,0.00
randomArrays.txt,IterativeQuickSort,1,0.057400,0.00,0.00
randomArrays.txt,IterativeQuickSort,2,0.053000,0.00,0.00
randomArrays.txt,IterativeQuickSort,3,0.052900,0.00,0.00
randomArrays.txt,IterativeQuickSort,1,0.152100,0.00,0.00
randomArrays.txt,IterativeQuickSort,2,0.152300,0.00,0.00
randomArrays.txt,IterativeQuickSort,3,0.149900,0.00,0.00
randomArrays.txt,IterativeQuickSort,1,0.107900,0.00,0.00
randomArrays.txt,IterativeQuickSort,2,0.114000,0.00,0.00
randomArrays.txt,IterativeQuickSort,3,0.109100,0.00,0.00
randomArrays.txt,IterativeQuickSort,1,9.086300,0.00,0.00
randomArrays.txt,IterativeQuickSort,2,0.294300,0.00,0.00
randomArrays.txt,IterativeQuickSort,3,0.160000,0.00,0.00
randomArrays.txt,IterativeQuickSort,1,0.066000,0.00,0.00
randomArrays.txt,IterativeQuickSort,2,0.060200,0.00,0.00
randomArrays.txt,IterativeQuickSort,3,0.065600,0.00,0.00
randomArrays.txt,IterativeQuickSort,1,0.120200,0.00,0.00
randomArrays.txt,IterativeQuickSort,2,0.109100,0.00,0.00
randomArrays.txt,IterativeQuickSort,3,0.107300,0.00,0.00
randomArrays.txt,IterativeQuickSort,1,0.002600,0.00,0.00
randomArrays.txt,IterativeQuickSort,2,0.004700,0.00,0.00
randomArrays.txt,IterativeQuickSort,3,0.003300,0.00,0.00
randomArrays.txt,IterativeQuickSort,1,0.038700,0.00,0.00
randomArrays.txt,IterativeQuickSort,2,0.040500,0.00,0.00
randomArrays.txt,IterativeQuickSort,3,0.038400,0.00,0.00
randomArrays.txt,IterativeQuickSort,1,0.146500,0.00,0.00
randomArrays.txt,IterativeQuickSort,2,0.104700,0.00,0.00
randomArrays.txt,IterativeQuickSort,3,0.118100,0.00,0.00
randomArrays.txt,IterativeQuickSort,1,0.079700,0.00,0.00
randomArrays.txt,IterativeQuickSort,2,0.075500,0.00,0.00
randomArrays.txt,IterativeQuickSort,3,0.086700,0.00,0.00
randomArrays.txt,IterativeQuickSort,1,0.010500,0.00,0.00
randomArrays.txt,IterativeQuickSort,2,0.006200,0.00,0.00
randomArrays.txt,IterativeQuickSort,3,0.005500,0.00,0.00
randomArrays.txt,IterativeQuickSort,1,0.313200,0.00,0.50
randomArrays.txt,IterativeQuickSort,2,0.108100,0.00,0.00
randomArrays.txt,IterativeQuickSort,3,0.108200,0.00,0.00
randomArrays.txt,IterativeQuickSort,1,0.046500,0.00,0.00
randomArrays.txt,IterativeQuickSort,2,0.042200,0.00,0.00
randomArrays.txt,IterativeQuickSort,3,0.040600,0.00,0.00
randomArrays.txt,IterativeQuickSort,1,0.190100,0.00,0.00
randomArrays.txt,IterativeQuickSort,2,0.127700,0.00,0.00
randomArrays.txt,IterativeQuickSort,3,0.126700,0.00,0.00
randomArrays.txt,IterativeQuickSort,1,0.037000,0.00,0.00
randomArrays.txt,IterativeQuickSort,2,0.029500,0.00,0.00
randomArrays.txt,IterativeQuickSort,3,0.033000,0.00,0.00
randomArrays.txt,IterativeQuickSort,1,0.137800,0.00,0.00
randomArrays.txt,IterativeQuickSort,2,0.151100,0.00,0.00
randomArrays.txt,IterativeQuickSort,3,0.125300,0.00,0.00
randomArrays.txt,IterativeQuickSort,1,0.025000,0.00,0.00
randomArrays.txt,IterativeQuickSort,2,0.023100,0.00,0.00
randomArrays.txt,IterativeQuickSort,3,0.029200,0.00,0.00
randomArrays.txt,IterativeQuickSort,1,0.041200,0.00,0.00
randomArrays.txt,IterativeQuickSort,2,0.031500,0.00,0.00
randomArrays.txt,IterativeQuickSort,3,0.032500,0.00,0.00
randomArrays.txt,IterativeQuickSort,1,0.027100,0.00,0.00
randomArrays.txt,IterativeQuickSort,2,0.030000,0.00,0.00
randomArrays.txt,IterativeQuickSort,3,0.017900,0.00,0.00
randomArrays.txt,IterativeQuickSort,1,0.111400,0.00,0.00
randomArrays.txt,IterativeQuickSort,2,0.333800,0.00,0.00
randomArrays.txt,IterativeQuickSort,3,0.142700,0.00,0.00
randomArrays.txt,IterativeQuickSort,1,0.026100,0.00,0.00
randomArrays.txt,IterativeQuickSort,2,0.032300,0.00,0.00
randomArrays.txt,IterativeQuickSort,3,0.031800,0.00,0.00
randomArrays.txt,IterativeQuickSort,1,0.037100,0.00,0.00
randomArrays.txt,IterativeQuickSort,2,0.036800,0.00,0.00
randomArrays.txt,IterativeQuickSort,3,0.038800,0.00,0.00
randomArrays.txt,IterativeQuickSort,1,0.011500,0.00,0.00
randomArrays.txt,IterativeQuickSort,2,0.011000,0.00,0.00
randomArrays.txt,IterativeQuickSort,3,0.009100,0.00,0.00
randomArrays.txt,IterativeQuickSort,1,0.090300,0.00,0.00
randomArrays.txt,IterativeQuickSort,2,0.088600,0.00,0.00
randomArrays.txt,IterativeQuickSort,3,0.092200,0.00,0.00
randomArrays.txt,IterativeQuickSort,1,0.002400,0.00,0.00
randomArrays.txt,IterativeQuickSort,2,0.001700,0.00,0.00
randomArrays.txt,IterativeQuickSort,3,0.001600,0.00,0.00
randomArrays.txt,IterativeQuickSort,1,0.099600,0.00,0.00
randomArrays.txt,IterativeQuickSort,2,0.088100,0.00,0.00
randomArrays.txt,IterativeQuickSort,3,0.090700,0.00,0.00
randomArrays.txt,IterativeQuickSort,1,0.070600,0.00,0.00
randomArrays.txt,IterativeQuickSort,2,0.155900,0.00,0.00
randomArrays.txt,IterativeQuickSort,3,0.077500,0.00,0.00
randomArrays.txt,IterativeQuickSort,1,0.084600,0.00,0.00
randomArrays.txt,IterativeQuickSort,2,0.090300,0.00,0.00
randomArrays.txt,IterativeQuickSort,3,0.082000,0.00,0.00
randomArrays.txt,IterativeQuickSort,1,0.157800,0.00,0.00
randomArrays.txt,IterativeQuickSort,2,0.146800,0.00,0.00
randomArrays.txt,IterativeQuickSort,3,0.119500,0.00,0.00
randomArrays.txt,IterativeQuickSort,1,0.137800,0.00,0.00
randomArrays.txt,IterativeQuickSort,2,0.116000,0.00,0.00
randomArrays.txt,IterativeQuickSort,3,0.107200,0.00,0.00
randomArrays.txt,IterativeQuickSort,1,6.598700,0.00,0.00
randomArrays.txt,IterativeQuickSort,2,0.138600,0.00,0.00
randomArrays.txt,IterativeQuickSort,3,0.121200,0.00,0.00
randomArrays.txt,IterativeQuickSort,1,0.088900,0.00,0.00
randomArrays.txt,IterativeQuickSort,2,0.085200,0.00,0.00
randomArrays.txt,IterativeQuickSort,3,0.084100,0.00,0.00
randomArrays.txt,IterativeQuickSort,1,0.033800,0.00,0.00
randomArrays.txt,IterativeQuickSort,2,0.025000,0.00,0.00
randomArrays.txt,IterativeQuickSort,3,0.023600,0.00,0.00
randomArrays.txt,IterativeQuickSort,1,0.082500,0.00,0.00
randomArrays.txt,IterativeQuickSort,2,0.061300,0.00,0.00
randomArrays.txt,IterativeQuickSort,3,0.070000,0.00,0.00
randomArrays.txt,IterativeQuickSort,1,0.023900,0.00,0.00
randomArrays.txt,IterativeQuickSort,2,0.020300,0.00,0.00
randomArrays.txt,IterativeQuickSort,3,0.016900,0.00,0.00
randomArrays.txt,IterativeQuickSort,1,0.034700,0.00,0.00
randomArrays.txt,IterativeQuickSort,2,0.031600,0.00,0.00
randomArrays.txt,IterativeQuickSort,3,0.029800,0.00,0.00
randomArrays.txt,IterativeQuickSort,1,0.021400,0.00,0.00
randomArrays.txt,IterativeQuickSort,2,0.059500,0.00,0.00
randomArrays.txt,IterativeQuickSort,3,0.026300,0.00,0.00
randomArrays.txt,IterativeQuickSort,1,0.016000,0.00,0.00
randomArrays.txt,IterativeQuickSort,2,0.012600,0.00,0.00
randomArrays.txt,IterativeQuickSort,3,0.012700,0.00,0.00
randomArrays.txt,IterativeQuickSort,1,0.045500,0.00,0.00
randomArrays.txt,IterativeQuickSort,2,0.041000,0.00,0.00
randomArrays.txt,IterativeQuickSort,3,0.034600,0.00,0.00
randomArrays.txt,IterativeQuickSort,1,0.022200,0.00,0.00
randomArrays.txt,IterativeQuickSort,2,0.008700,0.00,0.00
randomArrays.txt,IterativeQuickSort,3,0.008100,0.00,0.00
randomArrays.txt,IterativeQuickSort,1,0.002200,0.00,0.00
randomArrays.txt,IterativeQuickSort,2,0.001700,0.00,0.00
randomArrays.txt,IterativeQuickSort,3,0.001700,0.00,0.00
randomArrays.txt,IterativeQuickSort,1,0.046100,0.00,0.00
randomArrays.txt,IterativeQuickSort,2,0.042800,0.00,0.00
randomArrays.txt,IterativeQuickSort,3,0.042300,0.00,0.00
randomArrays.txt,IterativeQuickSort,1,0.071800,0.00,0.00
randomArrays.txt,IterativeQuickSort,2,0.077400,0.00,0.00
randomArrays.txt,IterativeQuickSort,3,0.073200,0.00,0.00
randomArrays.txt,IterativeQuickSort,1,0.049600,0.00,0.00
randomArrays.txt,IterativeQuickSort,2,0.045900,0.00,0.00
randomArrays.txt,IterativeQuickSort,3,0.036900,0.00,0.00
randomArrays.txt,IterativeQuickSort,1,0.264200,0.00,0.00
randomArrays.txt,IterativeQuickSort,2,0.048500,0.00,0.00
randomArrays.txt,IterativeQuickSort,3,0.071600,0.00,0.00
randomArrays.txt,IterativeQuickSort,1,0.089900,0.00,0.00
randomArrays.txt,IterativeQuickSort,2,0.082800,0.00,0.00
randomArrays.txt,IterativeQuickSort,3,0.080700,0.00,0.00
randomArrays.txt,IterativeQuickSort,1,0.074200,0.00,0.00
randomArrays.txt,IterativeQuickSort,2,0.073300,0.00,0.00
randomArrays.txt,IterativeQuickSort,3,0.176100,0.00,0.00
randomArrays.txt,IterativeQuickSort,1,0.005700,0.00,0.00
randomArrays.txt,IterativeQuickSort,2,0.004800,0.00,0.00
randomArrays.txt,IterativeQuickSort,3,0.004800,0.00,0.00
randomArrays.txt,IterativeQuickSort,1,0.070200,0.00,0.00
randomArrays.txt,IterativeQuickSort,2,0.057900,0.00,0.00
randomArrays.txt,IterativeQuickSort,3,0.055200,0.00,0.00
randomArrays.txt,IterativeQuickSort,1,0.006700,0.00,0.00
randomArrays.txt,IterativeQuickSort,2,0.005900,0.00,0.00
randomArrays.txt,IterativeQuickSort,3,0.006000,0.00,0.00
randomArrays.txt,IterativeQuickSort,1,0.087000,0.00,0.00
randomArrays.txt,IterativeQuickSort,2,0.086900,0.00,0.00
randomArrays.txt,IterativeQuickSort,3,0.085800,0.00,0.00
randomArrays.txt,IterativeQuickSort,1,0.819500,0.00,0.00
randomArrays.txt,IterativeQuickSort,2,0.139600,0.00,0.00
randomArrays.txt,IterativeQuickSort,3,0.134400,0.00,0.00
randomArrays.txt,IterativeQuickSort,1,0.010900,0.00,0.00
randomArrays.txt,IterativeQuickSort,2,0.012700,0.00,0.00
randomArrays.txt,IterativeQuickSort,3,0.006800,0.00,0.00
randomArrays.txt,IterativeQuickSort,1,0.136500,0.00,0.00
randomArrays.txt,IterativeQuickSort,2,0.093300,0.00,0.00
randomArrays.txt,IterativeQuickSort,3,0.115300,0.00,0.00
randomArrays.txt,IterativeQuickSort,1,0.070400,0.00,0.00
randomArrays.txt,IterativeQuickSort,2,0.061600,0.00,0.00
randomArrays.txt,IterativeQuickSort,3,0.061400,0.00,0.00
randomArrays.txt,IterativeQuickSort,1,0.053200,0.00,0.00
randomArrays.txt,IterativeQuickSort,2,0.055300,0.00,0.00
randomArrays.txt,IterativeQuickSort,3,0.051000,0.00,0.00
randomArrays.txt,IterativeQuickSort,1,0.156200,0.00,0.00
randomArrays.txt,IterativeQuickSort,2,0.151800,0.00,0.00
randomArrays.txt,IterativeQuickSort,3,0.148600,0.00,0.00
randomArrays.txt,IterativeQuickSort,1,0.061900,0.00,0.00
randomArrays.txt,IterativeQuickSort,2,0.057800,0.00,0.00
randomArrays.txt,IterativeQuickSort,3,0.058600,0.00,0.00
randomArrays.txt,IterativeQuickSort,1,0.149600,0.00,0.00
randomArrays.txt,IterativeQuickSort,2,0.271100,0.00,0.00
randomArrays.txt,IterativeQuickSort,3,0.154600,0.00,0.00
randomArrays.txt,IterativeQuickSort,1,0.014600,0.00,0.00
randomArrays.txt,IterativeQuickSort,2,0.029800,0.00,0.00
randomArrays.txt,IterativeQuickSort,3,0.011500,0.00,0.00
randomArrays.txt,IterativeQuickSort,1,0.064500,0.00,0.00
randomArrays.txt,IterativeQuickSort,2,0.061400,0.00,0.00
randomArrays.txt,IterativeQuickSort,3,0.061900,0.00,0.00
randomArrays.txt,IterativeQuickSort,1,0.098900,0.00,0.00
randomArrays.txt,IterativeQuickSort,2,0.094300,0.00,0.00
randomArrays.txt,IterativeQuickSort,3,0.095900,0.00,0.00
randomArrays.txt,IterativeQuickSort,1,1.232300,0.00,0.00
randomArrays.txt,IterativeQuickSort,2,0.182100,0.00,0.00
randomArrays.txt,IterativeQuickSort,3,0.215600,0.00,0.00
randomArrays.txt,IterativeQuickSort,1,0.136500,0.00,0.00
randomArrays.txt,IterativeQuickSort,2,0.117900,0.00,0.00
randomArrays.txt,IterativeQuickSort,3,0.120900,0.00,0.00
randomArrays.txt,IterativeQuickSort,1,0.101400,0.00,0.00
randomArrays.txt,IterativeQuickSort,2,0.096100,0.00,0.00
randomArrays.txt,IterativeQuickSort,3,0.096800,0.00,0.00
randomArrays.txt,IterativeQuickSort,1,0.058400,0.00,0.00
randomArrays.txt,IterativeQuickSort,2,0.054900,0.00,0.00
randomArrays.txt,IterativeQuickSort,3,0.051600,0.00,0.00
randomArrays.txt,IterativeQuickSort,1,0.144100,0.00,0.00
randomArrays.txt,IterativeQuickSort,2,0.141400,0.00,0.00
randomArrays.txt,IterativeQuickSort,3,0.139300,0.00,0.00
randomArrays.txt,IterativeQuickSort,1,0.032900,0.00,0.00
randomArrays.txt,IterativeQuickSort,2,0.027000,0.00,0.00
randomArrays.txt,IterativeQuickSort,3,0.023500,0.00,0.00
randomArrays.txt,IterativeQuickSort,1,0.124200,0.00,0.00
randomArrays.txt,IterativeQuickSort,2,0.119300,0.00,0.00
randomArrays.txt,IterativeQuickSort,3,0.214300,0.00,0.00
randomArrays.txt,IterativeQuickSort,1,0.106200,0.00,0.50
randomArrays.txt,IterativeQuickSort,2,0.037600,0.00,0.00
randomArrays.txt,IterativeQuickSort,3,0.041000,0.00,0.00
randomArrays.txt,IterativeQuickSort,1,0.056800,0.00,0.00
randomArrays.txt,IterativeQuickSort,2,0.053500,0.00,0.00
randomArrays.txt,IterativeQuickSort,3,0.055000,0.00,0.00
randomArrays.txt,IterativeQuickSort,1,0.005200,0.00,0.00
randomArrays.txt,IterativeQuickSort,2,0.004000,0.00,0.00
randomArrays.txt,IterativeQuickSort,3,0.005100,0.00,0.00
randomArrays.txt,IterativeQuickSort,1,0.135300,0.00,0.00
randomArrays.txt,IterativeQuickSort,2,0.141400,0.00,0.00
randomArrays.txt,IterativeQuickSort,3,0.162200,0.00,0.00
randomArrays.txt,IterativeQuickSort,1,0.125400,0.00,0.00
randomArrays.txt,IterativeQuickSort,2,0.126800,0.00,0.00
randomArrays.txt,IterativeQuickSort,3,0.137800,0.00,0.00
randomArrays.txt,IterativeQuickSort,1,0.164000,0.00,0.00
randomArrays.txt,IterativeQuickSort,2,0.153800,0.00,0.00
randomArrays.txt,IterativeQuickSort,3,0.152100,0.00,0.00
randomArrays.txt,IterativeQuickSort,1,0.057800,0.00,0.00
randomArrays.txt,IterativeQuickSort,2,0.079100,0.00,0.00
randomArrays.txt,IterativeQuickSort,3,0.057800,0.00,0.00
randomArrays.txt,IterativeQuickSort,1,0.109600,0.00,0.00
randomArrays.txt,IterativeQuickSort,2,0.106000,0.00,0.00
randomArrays.txt,IterativeQuickSort,3,0.106700,0.00,0.00
randomArrays.txt,IterativeQuickSort,1,0.054800,0.00,0.00
randomArrays.txt,IterativeQuickSort,2,0.054800,0.00,0.00
randomArrays.txt,IterativeQuickSort,3,0.050300,0.00,0.00
randomArrays.txt,IterativeQuickSort,1,0.115400,0.00,0.00
randomArrays.txt,IterativeQuickSort,2,0.112400,0.00,0.00
randomArrays.txt,IterativeQuickSort,3,0.118300,0.00,0.00
randomArrays.txt,IterativeQuickSort,1,0.087700,0.00,0.00
randomArrays.txt,IterativeQuickSort,2,0.076800,0.00,0.00
randomArrays.txt,IterativeQuickSort,3,0.076900,0.00,0.00
randomArrays.txt,IterativeQuickSort,1,0.089100,0.00,0.00
randomArrays.txt,IterativeQuickSort,2,0.092400,0.00,0.00
randomArrays.txt,IterativeQuickSort,3,0.098600,0.00,0.00
randomArrays.txt,IterativeQuickSort,1,0.089700,0.00,0.00
randomArrays.txt,IterativeQuickSort,2,0.088500,0.00,0.00
randomArrays.txt,IterativeQuickSort,3,0.089000,0.00,0.00
randomArrays.txt,IterativeQuickSort,1,0.021100,0.00,0.00
randomArrays.txt,IterativeQuickSort,2,0.019100,0.00,0.00
randomArrays.txt,IterativeQuickSort,3,0.018300,0.00,0.00
randomArrays.txt,IterativeQuickSort,1,0.115400,0.00,0.00
randomArrays.txt,IterativeQuickSort,2,0.116900,0.00,0.00
randomArrays.txt,IterativeQuickSort,3,0.095100,0.00,0.00
randomArrays.txt,IterativeQuickSort,1,0.034300,0.00,0.00
randomArrays.txt,IterativeQuickSort,2,0.033200,0.00,0.00
randomArrays.txt,IterativeQuickSort,3,0.032300,0.00,0.00
randomArrays.txt,IterativeQuickSort,1,0.105200,0.00,0.00
randomArrays.txt,IterativeQuickSort,2,0.104100,0.00,0.00
randomArrays.txt,IterativeQuickSort,3,0.103400,0.00,0.00
randomArrays.txt,IterativeQuickSort,1,0.120300,0.00,0.00
randomArrays.txt,IterativeQuickSort,2,0.121100,0.00,0.00
randomArrays.txt,IterativeQuickSort,3,0.119600,0.00,0.00
randomArrays.txt,IterativeQuickSort,1,0.140500,0.00,0.00
randomArrays.txt,IterativeQuickSort,2,0.142200,2747.01,0.00
randomArrays.txt,IterativeQuickSort,3,0.138500,0.00,0.00
randomArrays.txt,IterativeQuickSort,1,0.043800,0.00,0.00
randomArrays.txt,IterativeQuickSort,2,0.040400,0.00,0.00
randomArrays.txt,IterativeQuickSort,3,0.039600,0.00,0.00
randomArrays.txt,IterativeQuickSort,1,0.004600,0.00,0.00
randomArrays.txt,IterativeQuickSort,2,0.004300,0.00,0.00
randomArrays.txt,IterativeQuickSort,3,0.003100,0.00,0.00
randomArrays.txt,IterativeQuickSort,1,0.151500,0.00,0.00
randomArrays.txt,IterativeQuickSort,2,0.148400,0.00,0.00
randomArrays.txt,IterativeQuickSort,3,0.148200,0.00,0.00
randomArrays.txt,IterativeQuickSort,1,0.007300,0.00,0.00
randomArrays.txt,IterativeQuickSort,2,0.004900,0.00,0.00
randomArrays.txt,IterativeQuickSort,3,0.005100,0.00,0.00
randomArrays.txt,IterativeQuickSort,1,0.040900,0.00,0.00
randomArrays.txt,IterativeQuickSort,2,0.038300,0.00,0.00
randomArrays.txt,IterativeQuickSort,3,0.039100,0.00,0.00
randomArrays.txt,IterativeQuickSort,1,0.077000,0.00,0.00
randomArrays.txt,IterativeQuickSort,2,0.089100,0.00,0.50
randomArrays.txt,IterativeQuickSort,3,0.075500,0.00,0.00
randomArrays.txt,IterativeQuickSort,1,0.086100,0.00,0.00
randomArrays.txt,IterativeQuickSort,2,0.077400,0.00,0.00
randomArrays.txt,IterativeQuickSort,3,0.079300,0.00,0.00
randomArrays.txt,IterativeQuickSort,1,0.133500,0.00,0.00
randomArrays.txt,IterativeQuickSort,2,0.145000,0.00,0.00
randomArrays.txt,IterativeQuickSort,3,0.135200,0.00,0.00
randomArrays.txt,IterativeQuickSort,1,0.025800,0.00,0.00
randomArrays.txt,IterativeQuickSort,2,0.024500,0.00,0.00
randomArrays.txt,IterativeQuickSort,3,0.023700,0.00,0.00
randomArrays.txt,IterativeQuickSort,1,0.051500,0.00,0.00
randomArrays.txt,IterativeQuickSort,2,0.050900,0.00,0.00
randomArrays.txt,IterativeQuickSort,3,0.051800,0.00,0.00
randomArrays.txt,IterativeQuickSort,1,0.087400,0.00,0.00
randomArrays.txt,IterativeQuickSort,2,0.094500,0.00,0.00
randomArrays.txt,IterativeQuickSort,3,0.080400,0.00,0.00
randomArrays.txt,IterativeQuickSort,1,0.136700,0.00,0.50
randomArrays.txt,IterativeQuickSort,2,0.123600,0.00,0.00
randomArrays.txt,IterativeQuickSort,3,0.131000,0.00,0.00
randomArrays.txt,IterativeQuickSort,1,0.079300,0.00,0.00
randomArrays.txt,IterativeQuickSort,2,0.074900,0.00,0.00
randomArrays.txt,IterativeQuickSort,3,0.074700,0.00,0.00
randomArrays.txt,IterativeQuickSort,1,0.091800,0.00,0.00
randomArrays.txt,IterativeQuickSort,2,0.090600,0.00,0.00
randomArrays.txt,IterativeQuickSort,3,0.090400,0.00,0.00
randomArrays.txt,IterativeQuickSort,1,0.128500,0.00,0.00
randomArrays.txt,IterativeQuickSort,2,0.125600,0.00,0.00
randomArrays.txt,IterativeQuickSort,3,0.126400,0.00,0.00
randomArrays.txt,IterativeQuickSort,1,0.010300,0.00,0.00
randomArrays.txt,IterativeQuickSort,2,0.005000,0.00,0.00
randomArrays.txt,IterativeQuickSort,3,0.004300,0.00,0.00
randomArrays.txt,IterativeQuickSort,1,0.085700,0.00,0.00
randomArrays.txt,IterativeQuickSort,2,0.085300,0.00,0.00
randomArrays.txt,IterativeQuickSort,3,0.101600,0.00,0.00
randomArrays.txt,IterativeQuickSort,1,0.005100,0.00,0.00
randomArrays.txt,IterativeQuickSort,2,0.004500,0.00,0.00
randomArrays.txt,IterativeQuickSort,3,0.004000,0.00,0.00
randomArrays.txt,IterativeQuickSort,1,0.145100,0.00,0.00
randomArrays.txt,IterativeQuickSort,2,0.046900,0.00,0.00
randomArrays.txt,IterativeQuickSort,3,0.050900,0.00,0.00
randomArrays.txt,IterativeQuickSort,1,0.023500,0.00,0.00
randomArrays.txt,IterativeQuickSort,2,0.015900,0.00,0.00
randomArrays.txt,IterativeQuickSort,3,0.013300,0.00,0.00
randomArrays.txt,IterativeQuickSort,1,0.010900,0.00,0.00
randomArrays.txt,IterativeQuickSort,2,0.008000,0.00,0.00
randomArrays.txt,IterativeQuickSort,3,0.007100,0.00,0.00
randomArrays.txt,IterativeQuickSort,1,0.013600,0.00,0.00
randomArrays.txt,IterativeQuickSort,2,0.008800,0.00,0.00
randomArrays.txt,IterativeQuickSort,3,0.008000,0.00,0.00
randomArrays.txt,IterativeQuickSort,1,0.108700,0.00,0.00
randomArrays.txt,IterativeQuickSort,2,0.062200,0.00,0.00
randomArrays.txt,IterativeQuickSort,3,0.060700,0.00,0.00
randomArrays.txt,IterativeQuickSort,1,0.112100,0.00,0.00
randomArrays.txt,IterativeQuickSort,2,0.163600,0.00,0.00
randomArrays.txt,IterativeQuickSort,3,0.118300,0.00,0.00
randomArrays.txt,IterativeQuickSort,1,0.047000,0.00,0.00
randomArrays.txt,IterativeQuickSort,2,0.046100,0.00,0.00
randomArrays.txt,IterativeQuickSort,3,0.043500,0.00,0.00
randomArrays.txt,IterativeQuickSort,1,0.091100,0.00,0.00
randomArrays.txt,IterativeQuickSort,2,0.087800,0.00,0.00
randomArrays.txt,IterativeQuickSort,3,0.092900,0.00,0.00
randomArrays.txt,IterativeQuickSort,1,0.011000,0.00,0.00
randomArrays.txt,IterativeQuickSort,2,0.009800,0.00,0.00
randomArrays.txt,IterativeQuickSort,3,0.009300,0.00,0.00
randomArrays.txt,IterativeQuickSort,1,0.105800,0.00,0.00
randomArrays.txt,IterativeQuickSort,2,0.102100,0.00,0.00
randomArrays.txt,IterativeQuickSort,3,0.121100,0.00,0.00
randomArrays.txt,IterativeQuickSort,1,0.111200,0.00,0.00
randomArrays.txt,IterativeQuickSort,2,0.104200,0.00,0.00
randomArrays.txt,IterativeQuickSort,3,0.100800,0.00,0.00
randomArrays.txt,IterativeQuickSort,1,0.109700,0.00,0.00
randomArrays.txt,IterativeQuickSort,2,0.120000,0.00,0.00
randomArrays.txt,IterativeQuickSort,3,0.184000,0.00,0.00
randomArrays.txt,IterativeQuickSort,1,0.008400,0.00,0.00
randomArrays.txt,IterativeQuickSort,2,0.010500,0.00,0.00
randomArrays.txt,IterativeQuickSort,3,0.008700,0.00,0.00
randomArrays.txt,IterativeQuickSort,1,0.132300,0.00,0.00
randomArrays.txt,IterativeQuickSort,2,0.129700,3011.76,0.00
randomArrays.txt,IterativeQuickSort,3,0.132100,0.00,0.00
randomArrays.txt,IterativeQuickSort,1,0.088600,0.00,0.00
randomArrays.txt,IterativeQuickSort,2,0.085300,0.00,0.00
randomArrays.txt,IterativeQuickSort,3,0.091400,0.00,0.00
randomArrays.txt,IterativeQuickSort,1,0.115200,0.00,0.00
randomArrays.txt,IterativeQuickSort,2,0.104700,0.00,0.00
randomArrays.txt,IterativeQuickSort,3,0.106600,0.00,0.00
randomArrays.txt,IterativeQuickSort,1,0.115300,0.00,0.00
randomArrays.txt,IterativeQuickSort,2,0.107300,0.00,0.00
randomArrays.txt,IterativeQuickSort,3,0.106300,0.00,0.00
randomArrays.txt,IterativeQuickSort,1,0.007300,0.00,0.00
randomArrays.txt,IterativeQuickSort,2,0.006100,0.00,0.00
randomArrays.txt,IterativeQuickSort,3,0.006300,0.00,0.00
randomArrays.txt,IterativeQuickSort,1,0.036000,0.00,0.00
randomArrays.txt,IterativeQuickSort,2,0.034200,0.00,0.00
randomArrays.txt,IterativeQuickSort,3,0.039300,0.00,0.00
randomArrays.txt,IterativeQuickSort,1,0.123100,0.00,0.00
randomArrays.txt,IterativeQuickSort,2,0.116900,0.00,0.00
randomArrays.txt,IterativeQuickSort,3,0.122800,0.00,0.00
randomArrays.txt,IterativeQuickSort,1,0.020500,0.00,0.00
randomArrays.txt,IterativeQuickSort,2,0.018300,0.00,0.00
randomArrays.txt,IterativeQuickSort,3,0.018100,0.00,0.00
randomArrays.txt,IterativeQuickSort,1,0.033200,0.00,0.00
randomArrays.txt,IterativeQuickSort,2,0.027100,0.00,0.00
randomArrays.txt,IterativeQuickSort,3,0.024800,0.00,0.00
randomArrays.txt,IterativeQuickSort,1,0.060100,0.00,0.00
randomArrays.txt,IterativeQuickSort,2,0.058700,0.00,0.00
randomArrays.txt,IterativeQuickSort,3,0.055200,0.00,0.00
randomArrays.txt,IterativeQuickSort,1,0.111900,0.00,0.00
randomArrays.txt,IterativeQuickSort,2,0.106600,0.00,0.00
randomArrays.txt,IterativeQuickSort,3,0.109400,0.00,0.00
randomArrays.txt,IterativeQuickSort,1,0.051400,0.00,0.00
randomArrays.txt,IterativeQuickSort,2,0.052800,0.00,0.00
randomArrays.txt,IterativeQuickSort,3,0.067500,0.00,0.00
randomArrays.txt,IterativeQuickSort,1,0.040700,0.00,0.00
randomArrays.txt,IterativeQuickSort,2,0.040500,0.00,0.00
randomArrays.txt,IterativeQuickSort,3,0.038700,0.00,0.00
randomArrays.txt,IterativeQuickSort,1,0.009900,0.00,0.00
randomArrays.txt,IterativeQuickSort,2,0.010100,0.00,0.00
randomArrays.txt,IterativeQuickSort,3,0.008800,0.00,0.00
randomArrays.txt,IterativeQuickSort,1,0.057100,0.00,0.00
randomArrays.txt,IterativeQuickSort,2,0.115200,0.00,0.00
randomArrays.txt,IterativeQuickSort,3,0.057500,0.00,0.00
randomArrays.txt,IterativeQuickSort,1,0.028200,0.00,0.00
randomArrays.txt,IterativeQuickSort,2,0.027200,0.00,0.00
randomArrays.txt,IterativeQuickSort,3,0.025600,0.00,0.00
randomArrays.txt,IterativeQuickSort,1,0.067000,0.00,0.00
randomArrays.txt,IterativeQuickSort,2,0.059200,0.00,0.00
randomArrays.txt,IterativeQuickSort,3,0.064700,0.00,0.00
randomArrays.txt,IterativeQuickSort,1,0.092100,0.00,0.00
randomArrays.txt,IterativeQuickSort,2,0.085600,0.00,0.00
randomArrays.txt,IterativeQuickSort,3,0.082700,0.00,0.00
randomArrays.txt,IterativeQuickSort,1,0.126100,0.00,0.00
randomArrays.txt,IterativeQuickSort,2,0.125900,0.00,0.00
randomArrays.txt,IterativeQuickSort,3,0.124800,0.00,0.00
randomArrays.txt,IterativeQuickSort,1,0.028900,0.00,0.00
randomArrays.txt,IterativeQuickSort,2,0.027900,0.00,0.00
randomArrays.txt,IterativeQuickSort,3,0.027700,0.00,0.00
randomArrays.txt,IterativeQuickSort,1,0.118900,0.00,0.00
randomArrays.txt,IterativeQuickSort,2,0.115300,0.00,0.00
randomArrays.txt,IterativeQuickSort,3,0.120400,0.00,0.00
randomArrays.txt,IterativeQuickSort,1,0.016700,0.00,0.00
randomArrays.txt,IterativeQuickSort,2,0.018500,0.00,0.00
randomArrays.txt,IterativeQuickSort,3,0.016800,0.00,0.00
randomArrays.txt,IterativeQuickSort,1,0.029300,0.00,0.00
randomArrays.txt,IterativeQuickSort,2,0.029600,0.00,0.00
randomArrays.txt,IterativeQuickSort,3,0.028800,0.00,0.00
randomArrays.txt,IterativeQuickSort,1,0.239400,0.00,0.00
randomArrays.txt,IterativeQuickSort,2,0.123800,0.00,0.00
randomArrays.txt,IterativeQuickSort,3,0.122500,0.00,0.00
randomArrays.txt,IterativeQuickSort,1,0.073300,0.00,0.00
randomArrays.txt,IterativeQuickSort,2,0.138800,0.00,0.00
randomArrays.txt,IterativeQuickSort,3,0.064600,0.00,0.00
randomArrays.txt,IterativeQuickSort,1,0.056000,0.00,0.00
randomArrays.txt,IterativeQuickSort,2,0.054700,0.00,0.00
randomArrays.txt,IterativeQuickSort,3,0.070500,0.00,0.50
randomArrays.txt,IterativeQuickSort,1,0.161400,0.00,0.00
randomArrays.txt,IterativeQuickSort,2,0.146900,0.00,0.00
randomArrays.txt,IterativeQuickSort,3,6.143000,0.00,0.00
randomArrays.txt,IterativeQuickSort,1,0.102500,0.00,0.00
randomArrays.txt,IterativeQuickSort,2,0.103800,0.00,0.00
randomArrays.txt,IterativeQuickSort,3,0.113600,0.00,0.00
randomArrays.txt,IterativeQuickSort,1,0.079100,0.00,0.00
randomArrays.txt,IterativeQuickSort,2,0.071000,0.00,0.00
randomArrays.txt,IterativeQuickSort,3,0.074500,0.00,0.00
randomArrays.txt,IterativeQuickSort,1,0.020300,0.00,0.00
randomArrays.txt,IterativeQuickSort,2,0.019900,0.00,0.00
randomArrays.txt,IterativeQuickSort,3,0.018900,0.00,0.00
randomArrays.txt,IterativeQuickSort,1,0.017900,0.00,0.00
randomArrays.txt,IterativeQuickSort,2,0.017100,0.00,0.00
randomArrays.txt,IterativeQuickSort,3,0.016900,0.00,0.00
randomArrays.txt,IterativeQuickSort,1,0.141100,0.00,0.00
randomArrays.txt,IterativeQuickSort,2,0.135300,0.00,0.00
randomArrays.txt,IterativeQuickSort,3,0.129400,0.00,0.00
randomArrays.txt,IterativeQuickSort,1,0.098200,0.00,0.00
randomArrays.txt,IterativeQuickSort,2,0.088800,0.00,0.00
randomArrays.txt,IterativeQuickSort,3,0.084100,0.00,0.00
randomArrays.txt,IterativeQuickSort,1,0.252200,0.00,0.00
randomArrays.txt,IterativeQuickSort,2,0.133300,0.00,0.00
randomArrays.txt,IterativeQuickSort,3,0.132400,0.00,0.00
randomArrays.txt,IterativeQuickSort,1,0.205900,0.00,0.00
randomArrays.txt,IterativeQuickSort,2,0.069500,0.00,0.00
randomArrays.txt,IterativeQuickSort,3,0.071800,0.00,0.00
randomArrays.txt,IterativeQuickSort,1,0.154100,0.00,0.00
randomArrays.txt,IterativeQuickSort,2,0.132800,0.00,0.00
randomArrays.txt,IterativeQuickSort,3,0.132600,0.00,0.00
randomArrays.txt,IterativeQuickSort,1,0.146200,0.00,0.00
randomArrays.txt,IterativeQuickSort,2,0.151200,0.00,0.00
randomArrays.txt,IterativeQuickSort,3,0.149400,0.00,0.00
randomArrays.txt,IterativeQuickSort,1,0.034500,0.00,0.00
randomArrays.txt,IterativeQuickSort,2,0.031700,0.00,0.00
randomArrays.txt,IterativeQuickSort,3,0.032500,0.00,0.00
randomArrays.txt,IterativeQuickSort,1,0.118600,0.00,0.00
randomArrays.txt,IterativeQuickSort,2,1.654900,0.00,0.00
randomArrays.txt,IterativeQuickSort,3,0.140000,0.00,0.00
randomArrays.txt,IterativeQuickSort,1,0.634300,0.00,0.00
randomArrays.txt,IterativeQuickSort,2,0.048700,0.00,0.00
randomArrays.txt,IterativeQuickSort,3,0.051200,0.00,0.00
randomArrays.txt,IterativeQuickSort,1,0.041700,0.00,0.00
randomArrays.txt,IterativeQuickSort,2,0.038600,0.00,0.00
randomArrays.txt,IterativeQuickSort,3,0.038400,0.00,0.00
randomArrays.txt,IterativeQuickSort,1,0.054800,0.00,0.00
randomArrays.txt,IterativeQuickSort,2,0.060800,0.00,0.00
randomArrays.txt,IterativeQuickSort,3,0.057400,0.00,0.00
randomArrays.txt,IterativeQuickSort,1,0.067800,0.00,0.00
randomArrays.txt,IterativeQuickSort,2,0.077100,0.00,0.00
randomArrays.txt,IterativeQuickSort,3,0.074900,0.00,0.00
randomArrays.txt,IterativeQuickSort,1,0.032500,0.00,0.00
randomArrays.txt,IterativeQuickSort,2,0.049000,0.00,0.00
randomArrays.txt,IterativeQuickSort,3,0.026900,0.00,0.00
randomArrays.txt,IterativeQuickSort,1,0.054600,0.00,0.00
randomArrays.txt,IterativeQuickSort,2,0.051200,0.00,0.00
randomArrays.txt,IterativeQuickSort,3,0.055900,0.00,0.00
randomArrays.txt,IterativeQuickSort,1,0.024200,0.00,0.00
randomArrays.txt,IterativeQuickSort,2,0.022600,0.00,0.00
randomArrays.txt,IterativeQuickSort,3,0.022900,0.00,0.00
randomArrays.txt,IterativeQuickSort,1,0.052100,0.00,0.00
randomArrays.txt,IterativeQuickSort,2,0.050000,0.00,0.00
randomArrays.txt,IterativeQuickSort,3,0.052000,0.00,0.00
randomArrays.txt,IterativeQuickSort,1,0.143200,0.00,0.00
randomArrays.txt,IterativeQuickSort,2,0.140100,0.00,0.00
randomArrays.txt,IterativeQuickSort,3,0.144000,0.00,0.00
randomArrays.txt,IterativeQuickSort,1,0.056800,0.00,0.00
randomArrays.txt,IterativeQuickSort,2,0.052200,0.00,0.00
randomArrays.txt,IterativeQuickSort,3,0.057400,0.00,0.00
randomArrays.txt,IterativeQuickSort,1,0.128200,0.00,0.00
randomArrays.txt,IterativeQuickSort,2,0.121800,0.00,0.00
randomArrays.txt,IterativeQuickSort,3,1.770400,0.00,0.00
randomArrays.txt,IterativeQuickSort,1,0.105600,0.00,0.00
randomArrays.txt,IterativeQuickSort,2,0.105200,0.00,0.00
randomArrays.txt,IterativeQuickSort,3,0.132800,0.00,0.00
randomArrays.txt,IterativeQuickSort,1,0.011800,0.00,0.00
randomArrays.txt,IterativeQuickSort,2,0.009300,0.00,0.00
randomArrays.txt,IterativeQuickSort,3,0.006800,0.00,0.00
randomArrays.txt,IterativeQuickSort,1,0.059400,0.00,0.00
randomArrays.txt,IterativeQuickSort,2,0.060600,0.00,0.00
randomArrays.txt,IterativeQuickSort,3,0.057100,0.00,0.00
randomArrays.txt,IterativeQuickSort,1,0.145000,0.00,0.00
randomArrays.txt,IterativeQuickSort,2,0.143300,0.00,0.00
randomArrays.txt,IterativeQuickSort,3,0.140900,0.00,0.00
randomArrays.txt,IterativeQuickSort,1,0.147000,0.00,0.00
randomArrays.txt,IterativeQuickSort,2,0.121600,3212.38,0.00
randomArrays.txt,IterativeQuickSort,3,0.118500,0.00,0.00
randomArrays.txt,IterativeQuickSort,1,0.089000,0.00,0.00
randomArrays.txt,IterativeQuickSort,2,0.314800,0.00,0.00
randomArrays.txt,IterativeQuickSort,3,0.096100,0.00,0.00
randomArrays.txt,IterativeQuickSort,1,0.037800,0.00,0.00
randomArrays.txt,IterativeQuickSort,2,0.033200,0.00,0.00
randomArrays.txt,IterativeQuickSort,3,1.056800,0.00,0.00
randomArrays.txt,IterativeQuickSort,1,0.060700,0.00,0.00
randomArrays.txt,IterativeQuickSort,2,0.058800,0.00,0.00
randomArrays.txt,IterativeQuickSort,3,0.057000,0.00,0.00
randomArrays.txt,IterativeQuickSort,1,0.133400,0.00,0.00
randomArrays.txt,IterativeQuickSort,2,0.138400,0.00,0.00
randomArrays.txt,IterativeQuickSort,3,0.182600,0.00,0.00
randomArrays.txt,IterativeQuickSort,1,0.046100,0.00,0.00
randomArrays.txt,IterativeQuickSort,2,0.074600,0.00,0.00
randomArrays.txt,IterativeQuickSort,3,0.106400,0.00,0.00
randomArrays.txt,IterativeQuickSort,1,0.100800,0.00,0.00
randomArrays.txt,IterativeQuickSort,2,0.124800,0.00,0.00
randomArrays.txt,IterativeQuickSort,3,0.085500,0.00,0.00
randomArrays.txt,IterativeQuickSort,1,0.126800,0.00,0.00
randomArrays.txt,IterativeQuickSort,2,0.129100,0.00,0.00
randomArrays.txt,IterativeQuickSort,3,0.154500,2528.32,0.00
randomArrays.txt,IterativeQuickSort,1,1.645600,0.00,0.00
randomArrays.txt,IterativeQuickSort,2,0.189100,2065.71,0.00
randomArrays.txt,IterativeQuickSort,3,0.258600,0.00,0.00
randomArrays.txt,IterativeQuickSort,1,0.130000,0.00,0.00
randomArrays.txt,IterativeQuickSort,2,0.123400,0.00,0.00
randomArrays.txt,IterativeQuickSort,3,0.143200,0.00,0.00
randomArrays.txt,IterativeQuickSort,1,0.005000,0.00,0.00
randomArrays.txt,IterativeQuickSort,2,0.004800,0.00,0.00
randomArrays.txt,IterativeQuickSort,3,0.004400,0.00,0.00
randomArrays.txt,IterativeQuickSort,1,0.049200,0.00,0.00
randomArrays.txt,IterativeQuickSort,2,0.061500,0.00,0.00
randomArrays.txt,IterativeQuickSort,3,0.092300,0.00,0.00
randomArrays.txt,IterativeQuickSort,1,0.164200,0.00,0.00
randomArrays.txt,IterativeQuickSort,2,0.068800,0.00,0.00
randomArrays.txt,IterativeQuickSort,3,0.071000,0.00,0.00
randomArrays.txt,IterativeQuickSort,1,0.136800,0.00,0.00
randomArrays.txt,IterativeQuickSort,2,0.112100,0.00,0.00
randomArrays.txt,IterativeQuickSort,3,0.116800,0.00,0.00
randomArrays.txt,IterativeQuickSort,1,0.099000,0.00,0.00
randomArrays.txt,IterativeQuickSort,2,0.082400,0.00,0.00
randomArrays.txt,IterativeQuickSort,3,0.080200,0.00,0.00
randomArrays.txt,IterativeQuickSort,1,0.028700,0.00,0.00
randomArrays.txt,IterativeQuickSort,2,0.032800,0.00,0.00
randomArrays.txt,IterativeQuickSort,3,0.029200,0.00,0.00
randomArrays.txt,IterativeQuickSort,1,0.014900,0.00,0.00
randomArrays.txt,IterativeQuickSort,2,0.014400,0.00,0.00
randomArrays.txt,IterativeQuickSort,3,0.014700,0.00,0.00
randomArrays.txt,IterativeQuickSort,1,0.029300,0.00,0.00
randomArrays.txt,IterativeQuickSort,2,0.248500,0.00,0.00
randomArrays.txt,IterativeQuickSort,3,0.026100,0.00,0.00
randomArrays.txt,IterativeQuickSort,1,0.119400,0.00,0.00
randomArrays.txt,IterativeQuickSort,2,0.114700,0.00,0.00
randomArrays.txt,IterativeQuickSort,3,0.124800,0.00,0.00
randomArrays.txt,IterativeQuickSort,1,0.022200,0.00,0.00
randomArrays.txt,IterativeQuickSort,2,0.020700,0.00,0.00
randomArrays.txt,IterativeQuickSort,3,0.058000,0.00,0.00
randomArrays.txt,IterativeQuickSort,1,0.006700,0.00,0.00
randomArrays.txt,IterativeQuickSort,2,0.007200,0.00,0.00
randomArrays.txt,IterativeQuickSort,3,0.005100,0.00,0.00
randomArrays.txt,IterativeQuickSort,1,0.076400,0.00,0.00
randomArrays.txt,IterativeQuickSort,2,0.081500,0.00,0.00
randomArrays.txt,IterativeQuickSort,3,0.083200,0.00,0.00
randomArrays.txt,IterativeQuickSort,1,0.057400,0.00,0.00
randomArrays.txt,IterativeQuickSort,2,0.054400,0.00,0.00
randomArrays.txt,IterativeQuickSort,3,0.059800,0.00,0.00
randomArrays.txt,IterativeQuickSort,1,0.111700,0.00,0.00
randomArrays.txt,IterativeQuickSort,2,0.111700,0.00,0.00
randomArrays.txt,IterativeQuickSort,3,1.627100,0.00,0.00
randomArrays.txt,IterativeQuickSort,1,0.012800,0.00,0.00
randomArrays.txt,IterativeQuickSort,2,0.010900,0.00,0.00
randomArrays.txt,IterativeQuickSort,3,0.010900,0.00,0.00
randomArrays.txt,IterativeQuickSort,1,0.138400,0.00,0.00
randomArrays.txt,IterativeQuickSort,2,0.144200,0.00,0.00
randomArrays.txt,IterativeQuickSort,3,0.125400,0.00,0.00
randomArrays.txt,IterativeQuickSort,1,0.087500,0.00,0.00
randomArrays.txt,IterativeQuickSort,2,0.086300,0.00,0.00
randomArrays.txt,IterativeQuickSort,3,0.089100,0.00,0.00
randomArrays.txt,IterativeQuickSort,1,0.005100,0.00,0.00
randomArrays.txt,IterativeQuickSort,2,0.004100,0.00,0.00
randomArrays.txt,IterativeQuickSort,3,0.003900,0.00,0.00
randomArrays.txt,IterativeQuickSort,1,0.012300,0.00,0.00
randomArrays.txt,IterativeQuickSort,2,0.013900,0.00,0.00
randomArrays.txt,IterativeQuickSort,3,0.013400,0.00,0.00
randomArrays.txt,IterativeQuickSort,1,0.050100,0.00,0.00
randomArrays.txt,IterativeQuickSort,2,0.047400,0.00,0.00
randomArrays.txt,IterativeQuickSort,3,0.047300,0.00,0.00
randomArrays.txt,IterativeQuickSort,1,0.026500,0.00,0.00
randomArrays.txt,IterativeQuickSort,2,0.025000,0.00,0.00
randomArrays.txt,IterativeQuickSort,3,0.024300,0.00,0.00
randomArrays.txt,IterativeQuickSort,1,0.111200,0.00,0.00
randomArrays.txt,IterativeQuickSort,2,0.108400,0.00,0.00
randomArrays.txt,IterativeQuickSort,3,0.113100,0.00,0.00
randomArrays.txt,IterativeQuickSort,1,0.073500,0.00,0.00
randomArrays.txt,IterativeQuickSort,2,0.088100,0.00,0.00
randomArrays.txt,IterativeQuickSort,3,0.067100,0.00,0.00
randomArrays.txt,IterativeQuickSort,1,0.040100,0.00,0.00
randomArrays.txt,IterativeQuickSort,2,0.039300,0.00,0.00
randomArrays.txt,IterativeQuickSort,3,0.040400,0.00,0.00
randomArrays.txt,IterativeQuickSort,1,0.176300,0.00,0.00
randomArrays.txt,IterativeQuickSort,2,0.162600,0.00,0.00
randomArrays.txt,IterativeQuickSort,3,0.161900,0.00,0.00
randomArrays.txt,IterativeQuickSort,1,0.055700,0.00,0.00
randomArrays.txt,IterativeQuickSort,2,0.060700,0.00,0.00
randomArrays.txt,IterativeQuickSort,3,0.051800,0.00,0.00
randomArrays.txt,IterativeQuickSort,1,0.379900,0.00,0.00
randomArrays.txt,IterativeQuickSort,2,0.123700,0.00,0.00
randomArrays.txt,IterativeQuickSort,3,0.125300,0.00,0.00
randomArrays.txt,IterativeQuickSort,1,1.308300,0.00,0.00
randomArrays.txt,IterativeQuickSort,2,0.121700,0.00,0.00
randomArrays.txt,IterativeQuickSort,3,0.134000,0.00,0.00
randomArrays.txt,IterativeQuickSort,1,0.104200,0.00,0.00
randomArrays.txt,IterativeQuickSort,2,0.099900,0.00,0.00
randomArrays.txt,IterativeQuickSort,3,0.102900,0.00,0.50
randomArrays.txt,IterativeQuickSort,1,0.087400,0.00,0.00
randomArrays.txt,IterativeQuickSort,2,0.088100,0.00,0.00
randomArrays.txt,IterativeQuickSort,3,0.085600,0.00,0.00
randomArrays.txt,IterativeQuickSort,1,0.087600,0.00,0.00
randomArrays.txt,IterativeQuickSort,2,0.090200,0.00,0.00
randomArrays.txt,IterativeQuickSort,3,0.086600,0.00,0.00
randomArrays.txt,IterativeQuickSort,1,0.142300,0.00,0.00
randomArrays.txt,IterativeQuickSort,2,0.139100,0.00,0.00
randomArrays.txt,IterativeQuickSort,3,0.140200,0.00,0.00
randomArrays.txt,IterativeQuickSort,1,0.089300,0.00,0.00
randomArrays.txt,IterativeQuickSort,2,0.081700,0.00,0.00
randomArrays.txt,IterativeQuickSort,3,0.100100,0.00,0.00
randomArrays.txt,IterativeQuickSort,1,0.110600,0.00,0.00
randomArrays.txt,IterativeQuickSort,2,0.108500,0.00,0.00
randomArrays.txt,IterativeQuickSort,3,0.108800,0.00,0.00
randomArrays.txt,IterativeQuickSort,1,0.010000,0.00,0.00
randomArrays.txt,IterativeQuickSort,2,0.006800,0.00,0.00
randomArrays.txt,IterativeQuickSort,3,0.004700,0.00,0.00
randomArrays.txt,IterativeQuickSort,1,0.074100,0.00,0.00
randomArrays.txt,IterativeQuickSort,2,0.070200,0.00,0.00
randomArrays.txt,IterativeQuickSort,3,0.069700,0.00,0.00
randomArrays.txt,IterativeQuickSort,1,0.015100,0.00,0.00
randomArrays.txt,IterativeQuickSort,2,0.014500,0.00,0.00
randomArrays.txt,IterativeQuickSort,3,0.013400,0.00,0.00
randomArrays.txt,IterativeQuickSort,1,0.122100,0.00,0.00
randomArrays.txt,IterativeQuickSort,2,0.134900,0.00,0.00
randomArrays.txt,IterativeQuickSort,3,0.121200,0.00,0.00
randomArrays.txt,IterativeQuickSort,1,0.096400,0.00,0.00
randomArrays.txt,IterativeQuickSort,2,0.110800,0.00,0.00
randomArrays.txt,IterativeQuickSort,3,0.074400,0.00,0.00
randomArrays.txt,IterativeQuickSort,1,0.036300,0.00,0.00
randomArrays.txt,IterativeQuickSort,2,0.035700,0.00,0.00
randomArrays.txt,IterativeQuickSort,3,0.035600,0.00,0.00
randomArrays.txt,IterativeQuickSort,1,0.094000,0.00,0.00
randomArrays.txt,IterativeQuickSort,2,0.176100,0.00,0.00
randomArrays.txt,IterativeQuickSort,3,0.083700,0.00,0.00
randomArrays.txt,IterativeQuickSort,1,0.043300,0.00,0.00
randomArrays.txt,IterativeQuickSort,2,0.043000,0.00,0.00
randomArrays.txt,IterativeQuickSort,3,0.039900,0.00,0.00
randomArrays.txt,IterativeQuickSort,1,0.111300,0.00,0.00
randomArrays.txt,IterativeQuickSort,2,0.107100,0.00,0.00
randomArrays.txt,IterativeQuickSort,3,0.111500,0.00,0.00
randomArrays.txt,IterativeQuickSort,1,0.060700,0.00,0.00
randomArrays.txt,IterativeQuickSort,2,0.059300,0.00,0.00
randomArrays.txt,IterativeQuickSort,3,0.059500,0.00,0.00
randomArrays.txt,IterativeQuickSort,1,0.079600,0.00,0.00
randomArrays.txt,IterativeQuickSort,2,0.056600,0.00,0.00
randomArrays.txt,IterativeQuickSort,3,0.056100,0.00,0.00
randomArrays.txt,IterativeQuickSort,1,0.084600,0.00,0.00
randomArrays.txt,IterativeQuickSort,2,0.098200,0.00,0.00
randomArrays.txt,IterativeQuickSort,3,0.077400,0.00,0.00
randomArrays.txt,IterativeQuickSort,1,0.158200,0.00,0.50
randomArrays.txt,IterativeQuickSort,2,0.147300,0.00,0.00
randomArrays.txt,IterativeQuickSort,3,0.138500,0.00,0.00
randomArrays.txt,IterativeQuickSort,1,0.021700,0.00,0.00
randomArrays.txt,IterativeQuickSort,2,0.018900,0.00,0.00
randomArrays.txt,IterativeQuickSort,3,0.019500,0.00,0.00
randomArrays.txt,IterativeQuickSort,1,0.027600,0.00,0.00
randomArrays.txt,IterativeQuickSort,2,0.044300,0.00,0.00
randomArrays.txt,IterativeQuickSort,3,0.048600,0.00,0.00
randomArrays.txt,IterativeQuickSort,1,0.023300,0.00,0.00
randomArrays.txt,IterativeQuickSort,2,0.022800,0.00,0.00
randomArrays.txt,IterativeQuickSort,3,0.023000,0.00,0.00
randomArrays.txt,IterativeQuickSort,1,0.117200,0.00,0.00
randomArrays.txt,IterativeQuickSort,2,0.107400,0.00,0.00
randomArrays.txt,IterativeQuickSort,3,0.129900,0.00,0.00
randomArrays.txt,IterativeQuickSort,1,0.074700,0.00,0.00
randomArrays.txt,IterativeQuickSort,2,0.100300,0.00,0.00
randomArrays.txt,IterativeQuickSort,3,0.233200,0.00,0.00
randomArrays.txt,IterativeQuickSort,1,0.074100,0.00,0.00
randomArrays.txt,IterativeQuickSort,2,0.072300,0.00,0.00
randomArrays.txt,IterativeQuickSort,3,0.070800,0.00,0.00
randomArrays.txt,IterativeQuickSort,1,0.003000,0.00,0.00
randomArrays.txt,IterativeQuickSort,2,0.002000,0.00,0.00
randomArrays.txt,IterativeQuickSort,3,0.002000,0.00,0.00
randomArrays.txt,IterativeQuickSort,1,0.140800,0.00,0.00
randomArrays.txt,IterativeQuickSort,2,0.156300,0.00,0.00
randomArrays.txt,IterativeQuickSort,3,0.106700,0.00,0.00
randomArrays.txt,IterativeQuickSort,1,0.094500,0.00,0.00
randomArrays.txt,IterativeQuickSort,2,0.115800,0.00,0.00
randomArrays.txt,IterativeQuickSort,3,0.100300,0.00,0.00
randomArrays.txt,IterativeQuickSort,1,0.049400,0.00,0.00
randomArrays.txt,IterativeQuickSort,2,0.050600,0.00,0.00
randomArrays.txt,IterativeQuickSort,3,0.049200,0.00,0.00
randomArrays.txt,IterativeQuickSort,1,0.097200,0.00,0.00
randomArrays.txt,IterativeQuickSort,2,0.093600,0.00,0.00
randomArrays.txt,IterativeQuickSort,3,0.094300,0.00,0.00
randomArrays.txt,IterativeQuickSort,1,0.072100,0.00,0.00
randomArrays.txt,IterativeQuickSort,2,0.068700,0.00,0.00
randomArrays.txt,IterativeQuickSort,3,0.070800,0.00,0.00
randomArrays.txt,IterativeQuickSort,1,0.138600,0.00,0.00
randomArrays.txt,IterativeQuickSort,2,0.132300,0.00,0.00
randomArrays.txt,IterativeQuickSort,3,0.146500,0.00,0.00
randomArrays.txt,IterativeQuickSort,1,0.116200,0.00,0.00
randomArrays.txt,IterativeQuickSort,2,0.111200,0.00,0.00
randomArrays.txt,IterativeQuickSort,3,0.143500,0.00,0.00
randomArrays.txt,IterativeQuickSort,1,0.018600,0.00,0.00
randomArrays.txt,IterativeQuickSort,2,0.016800,0.00,0.00
randomArrays.txt,IterativeQuickSort,3,0.016600,0.00,0.00
randomArrays.txt,IterativeQuickSort,1,0.121700,0.00,0.00
randomArrays.txt,IterativeQuickSort,2,0.128000,0.00,0.00
randomArrays.txt,IterativeQuickSort,3,0.123600,0.00,0.00
randomArrays.txt,IterativeQuickSort,1,0.150400,0.00,0.00
randomArrays.txt,IterativeQuickSort,2,0.139000,0.00,0.00
randomArrays.txt,IterativeQuickSort,3,0.161400,0.00,0.00
randomArrays.txt,IterativeQuickSort,1,0.037800,0.00,0.00
randomArrays.txt,IterativeQuickSort,2,0.034800,0.00,0.00
randomArrays.txt,IterativeQuickSort,3,0.037300,0.00,0.00
randomArrays.txt,IterativeQuickSort,1,0.111000,0.00,0.00
randomArrays.txt,IterativeQuickSort,2,0.101600,0.00,0.00
randomArrays.txt,IterativeQuickSort,3,0.103100,0.00,0.00
randomArrays.txt,IterativeQuickSort,1,0.028200,0.00,0.00
randomArrays.txt,IterativeQuickSort,2,0.026000,0.00,0.00
randomArrays.txt,IterativeQuickSort,3,0.025800,0.00,0.00
randomArrays.txt,IterativeQuickSort,1,0.040900,0.00,0.00
randomArrays.txt,IterativeQuickSort,2,0.037800,0.00,0.00
randomArrays.txt,IterativeQuickSort,3,0.039400,0.00,0.00
randomArrays.txt,IterativeQuickSort,1,0.052100,0.00,0.00
randomArrays.txt,IterativeQuickSort,2,0.048400,0.00,0.00
randomArrays.txt,IterativeQuickSort,3,0.056700,0.00,0.00
randomArrays.txt,IterativeQuickSort,1,0.118300,0.00,0.00
randomArrays.txt,IterativeQuickSort,2,0.117200,0.00,0.00
randomArrays.txt,IterativeQuickSort,3,0.107700,0.00,0.00
randomArrays.txt,IterativeQuickSort,1,0.121900,0.00,0.00
randomArrays.txt,IterativeQuickSort,2,0.124200,0.00,0.00
randomArrays.txt,IterativeQuickSort,3,0.135400,0.00,0.50
randomArrays.txt,IterativeQuickSort,1,0.083000,0.00,0.00
randomArrays.txt,IterativeQuickSort,2,0.079700,0.00,0.00
randomArrays.txt,IterativeQuickSort,3,0.075300,0.00,0.00
randomArrays.txt,IterativeQuickSort,1,0.002500,0.00,0.00
randomArrays.txt,IterativeQuickSort,2,0.001800,0.00,0.00
randomArrays.txt,IterativeQuickSort,3,0.001800,0.00,0.00
randomArrays.txt,IterativeQuickSort,1,0.053800,0.00,0.00
randomArrays.txt,IterativeQuickSort,2,0.052900,0.00,0.00
randomArrays.txt,IterativeQuickSort,3,0.052400,0.00,0.00
randomArrays.txt,IterativeQuickSort,1,0.156600,0.00,0.00
randomArrays.txt,IterativeQuickSort,2,0.142800,0.00,0.00
randomArrays.txt,IterativeQuickSort,3,0.140800,0.00,0.00
randomArrays.txt,IterativeQuickSort,1,0.026300,0.00,0.00
randomArrays.txt,IterativeQuickSort,2,0.040900,0.00,0.00
randomArrays.txt,IterativeQuickSort,3,0.033200,0.00,0.00
randomArrays.txt,IterativeQuickSort,1,0.096200,0.00,0.00
randomArrays.txt,IterativeQuickSort,2,0.108600,0.00,0.00
randomArrays.txt,IterativeQuickSort,3,0.121100,0.00,0.00
randomArrays.txt,IterativeQuickSort,1,0.005700,0.00,0.00
randomArrays.txt,IterativeQuickSort,2,0.007100,0.00,0.00
randomArrays.txt,IterativeQuickSort,3,0.005600,0.00,0.00
randomArrays.txt,IterativeQuickSort,1,0.017500,0.00,0.00
randomArrays.txt,IterativeQuickSort,2,0.014800,0.00,0.00
randomArrays.txt,IterativeQuickSort,3,0.016700,0.00,0.00
randomArrays.txt,IterativeQuickSort,1,0.043900,0.00,0.00
randomArrays.txt,IterativeQuickSort,2,0.042300,0.00,0.00
randomArrays.txt,IterativeQuickSort,3,0.038700,0.00,0.00
randomArrays.txt,IterativeQuickSort,1,0.068000,0.00,0.00
randomArrays.txt,IterativeQuickSort,2,0.070400,0.00,0.00
randomArrays.txt,IterativeQuickSort,3,0.071800,0.00,0.00
randomArrays.txt,IterativeQuickSort,1,0.038900,0.00,0.00
randomArrays.txt,IterativeQuickSort,2,0.029900,0.00,0.00
randomArrays.txt,IterativeQuickSort,3,0.034900,0.00,0.00
randomArrays.txt,IterativeQuickSort,1,0.094500,0.00,0.00
randomArrays.txt,IterativeQuickSort,2,0.092700,0.00,0.00
randomArrays.txt,IterativeQuickSort,3,0.089800,0.00,0.00
randomArrays.txt,IterativeQuickSort,1,0.043000,0.00,0.00
randomArrays.txt,IterativeQuickSort,2,0.039000,0.00,0.00
randomArrays.txt,IterativeQuickSort,3,0.040100,0.00,0.00
randomArrays.txt,IterativeQuickSort,1,0.022900,0.00,0.00
randomArrays.txt,IterativeQuickSort,2,0.008700,0.00,0.00
randomArrays.txt,IterativeQuickSort,3,0.009100,0.00,0.00
randomArrays.txt,IterativeQuickSort,1,0.043100,0.00,0.00
randomArrays.txt,IterativeQuickSort,2,0.043300,0.00,0.00
randomArrays.txt,IterativeQuickSort,3,0.038500,0.00,0.00
randomArrays.txt,IterativeQuickSort,1,0.128700,0.00,0.00
randomArrays.txt,IterativeQuickSort,2,0.125400,0.00,0.00
randomArrays.txt,IterativeQuickSort,3,0.142100,0.00,0.00
randomArrays.txt,IterativeQuickSort,1,0.129500,0.00,0.00
randomArrays.txt,IterativeQuickSort,2,0.103600,0.00,0.00
randomArrays.txt,IterativeQuickSort,3,0.089800,0.00,0.00
randomArrays.txt,IterativeQuickSort,1,2.428800,0.00,0.00
randomArrays.txt,IterativeQuickSort,2,0.132900,0.00,0.00
randomArrays.txt,IterativeQuickSort,3,0.065400,0.00,0.00
randomArrays.txt,IterativeQuickSort,1,0.050000,0.00,0.00
randomArrays.txt,IterativeQuickSort,2,0.047200,0.00,0.00
randomArrays.txt,IterativeQuickSort,3,0.045600,0.00,0.00
randomArrays.txt,IterativeQuickSort,1,0.105400,0.00,0.00
randomArrays.txt,IterativeQuickSort,2,0.101300,0.00,0.00
randomArrays.txt,IterativeQuickSort,3,0.100900,0.00,0.00
randomArrays.txt,IterativeQuickSort,1,1.106600,0.00,0.00
randomArrays.txt,IterativeQuickSort,2,0.088200,0.00,0.00
randomArrays.txt,IterativeQuickSort,3,0.247300,0.00,0.50
randomArrays.txt,IterativeQuickSort,1,0.071500,0.00,0.00
randomArrays.txt,IterativeQuickSort,2,0.057600,0.00,0.00
randomArrays.txt,IterativeQuickSort,3,0.061400,0.00,0.00
randomArrays.txt,IterativeQuickSort,1,0.114100,3423.53,0.00
randomArrays.txt,IterativeQuickSort,2,0.105400,0.00,0.00
randomArrays.txt,IterativeQuickSort,3,0.106900,0.00,0.00
randomArrays.txt,IterativeQuickSort,1,0.068600,0.00,0.00
randomArrays.txt,IterativeQuickSort,2,0.072800,0.00,0.00
randomArrays.txt,IterativeQuickSort,3,0.068100,0.00,0.00
randomArrays.txt,IterativeQuickSort,1,0.040000,0.00,0.00
randomArrays.txt,IterativeQuickSort,2,0.037600,0.00,0.00
randomArrays.txt,IterativeQuickSort,3,0.036800,0.00,0.00
randomArrays.txt,IterativeQuickSort,1,0.010200,0.00,0.00
randomArrays.txt,IterativeQuickSort,2,0.008600,0.00,0.00
randomArrays.txt,IterativeQuickSort,3,0.008300,0.00,0.00
randomArrays.txt,IterativeQuickSort,1,0.094500,0.00,0.00
randomArrays.txt,IterativeQuickSort,2,0.090700,0.00,0.00
randomArrays.txt,IterativeQuickSort,3,0.091100,0.00,0.00
randomArrays.txt,IterativeQuickSort,1,0.125900,0.00,0.00
randomArrays.txt,IterativeQuickSort,2,0.123900,0.00,0.00
randomArrays.txt,IterativeQuickSort,3,0.124000,0.00,0.00
randomArrays.txt,IterativeQuickSort,1,0.134900,0.00,0.00
randomArrays.txt,IterativeQuickSort,2,0.132800,0.00,0.00
randomArrays.txt,IterativeQuickSort,3,0.132600,0.00,0.00
randomArrays.txt,IterativeQuickSort,1,0.107100,0.00,0.00
randomArrays.txt,IterativeQuickSort,2,0.105900,0.00,0.00
randomArrays.txt,IterativeQuickSort,3,0.097300,0.00,0.00
randomArrays.txt,IterativeQuickSort,1,0.151800,0.00,0.00
randomArrays.txt,IterativeQuickSort,2,1.856200,0.00,0.00
randomArrays.txt,IterativeQuickSort,3,0.152400,0.00,0.00
randomArrays.txt,IterativeQuickSort,1,0.078600,0.00,0.00
randomArrays.txt,IterativeQuickSort,2,0.075600,0.00,0.00
randomArrays.txt,IterativeQuickSort,3,0.076300,0.00,0.00
randomArrays.txt,IterativeQuickSort,1,0.017500,0.00,0.00
randomArrays.txt,IterativeQuickSort,2,0.018800,0.00,0.00
randomArrays.txt,IterativeQuickSort,3,0.014600,0.00,0.00
randomArrays.txt,IterativeQuickSort,1,0.121200,0.00,0.00
randomArrays.txt,IterativeQuickSort,2,0.121500,0.00,0.00
randomArrays.txt,IterativeQuickSort,3,0.118500,0.00,0.00
randomArrays.txt,IterativeQuickSort,1,0.113600,0.00,0.00
randomArrays.txt,IterativeQuickSort,2,0.112900,0.00,0.00
randomArrays.txt,IterativeQuickSort,3,0.112000,0.00,0.00
randomArrays.txt,IterativeQuickSort,1,0.085300,0.00,0.00
randomArrays.txt,IterativeQuickSort,2,0.084200,0.00,0.00
randomArrays.txt,IterativeQuickSort,3,0.080800,0.00,0.00
randomArrays.txt,IterativeQuickSort,1,0.036800,0.00,0.00
randomArrays.txt,IterativeQuickSort,2,0.039900,0.00,0.00
randomArrays.txt,IterativeQuickSort,3,0.036500,0.00,0.00
randomArrays.txt,IterativeQuickSort,1,0.129200,0.00,0.00
randomArrays.txt,IterativeQuickSort,2,0.126900,0.00,0.00
randomArrays.txt,IterativeQuickSort,3,0.126300,0.00,0.00
randomArrays.txt,IterativeQuickSort,1,0.029400,0.00,0.00
randomArrays.txt,IterativeQuickSort,2,0.027800,0.00,0.00
randomArrays.txt,IterativeQuickSort,3,0.023400,0.00,0.00
randomArrays.txt,IterativeQuickSort,1,0.173300,0.00,0.00
randomArrays.txt,IterativeQuickSort,2,0.249100,0.00,0.00
randomArrays.txt,IterativeQuickSort,3,0.095200,0.00,0.00
randomArrays.txt,IterativeQuickSort,1,0.019600,0.00,0.00
randomArrays.txt,IterativeQuickSort,2,0.017400,0.00,0.00
randomArrays.txt,IterativeQuickSort,3,0.016600,0.00,0.00
randomArrays.txt,IterativeQuickSort,1,0.107100,0.00,0.00
randomArrays.txt,IterativeQuickSort,2,0.102900,0.00,0.00
randomArrays.txt,IterativeQuickSort,3,0.104900,0.00,0.00
randomArrays.txt,IterativeQuickSort,1,0.119200,0.00,0.00
randomArrays.txt,IterativeQuickSort,2,0.122200,0.00,0.00
randomArrays.txt,IterativeQuickSort,3,0.117000,0.00,0.00
randomArrays.txt,IterativeQuickSort,1,0.108000,0.00,0.00
randomArrays.txt,IterativeQuickSort,2,0.121500,0.00,0.00
randomArrays.txt,IterativeQuickSort,3,0.132400,0.00,0.00
randomArrays.txt,IterativeQuickSort,1,0.030800,0.00,0.00
randomArrays.txt,IterativeQuickSort,2,0.029500,0.00,0.00
randomArrays.txt,IterativeQuickSort,3,0.028000,0.00,0.00
randomArrays.txt,IterativeQuickSort,1,0.128400,0.00,0.00
randomArrays.txt,IterativeQuickSort,2,0.123700,0.00,0.00
randomArrays.txt,IterativeQuickSort,3,0.131400,0.00,0.00
randomArrays.txt,IterativeQuickSort,1,0.014000,0.00,0.00
randomArrays.txt,IterativeQuickSort,2,0.009600,0.00,0.00
randomArrays.txt,IterativeQuickSort,3,0.011600,0.00,0.00
randomArrays.txt,IterativeQuickSort,1,0.090600,0.00,0.00
randomArrays.txt,IterativeQuickSort,2,0.086200,0.00,0.00
randomArrays.txt,IterativeQuickSort,3,0.108800,0.00,0.00
randomArrays.txt,IterativeQuickSort,1,0.042600,0.00,0.00
randomArrays.txt,IterativeQuickSort,2,0.041300,0.00,0.00
randomArrays.txt,IterativeQuickSort,3,0.040300,0.00,0.00
randomArrays.txt,IterativeQuickSort,1,0.020000,0.00,0.00
randomArrays.txt,IterativeQuickSort,2,0.019100,0.00,0.00
randomArrays.txt,IterativeQuickSort,3,0.017800,0.00,0.00
randomArrays.txt,IterativeQuickSort,1,0.012300,0.00,0.00
randomArrays.txt,IterativeQuickSort,2,0.011200,0.00,0.00
randomArrays.txt,IterativeQuickSort,3,0.010800,0.00,0.00
randomArrays.txt,IterativeQuickSort,1,0.110900,0.00,0.00
randomArrays.txt,IterativeQuickSort,2,0.106800,0.00,0.00
randomArrays.txt,IterativeQuickSort,3,0.110300,0.00,0.00
randomArrays.txt,IterativeQuickSort,1,0.004800,0.00,0.00
randomArrays.txt,IterativeQuickSort,2,0.004400,0.00,0.00
randomArrays.txt,IterativeQuickSort,3,0.003800,0.00,0.00
randomArrays.txt,IterativeQuickSort,1,0.028500,0.00,0.00
randomArrays.txt,IterativeQuickSort,2,0.025100,0.00,0.00
randomArrays.txt,IterativeQuickSort,3,0.024700,0.00,0.00
randomArrays.txt,IterativeQuickSort,1,0.066300,0.00,0.00
randomArrays.txt,IterativeQuickSort,2,0.062200,0.00,0.00
randomArrays.txt,IterativeQuickSort,3,0.066100,0.00,0.00
randomArrays.txt,IterativeQuickSort,1,0.073700,0.00,0.00
randomArrays.txt,IterativeQuickSort,2,0.071600,0.00,0.00
randomArrays.txt,IterativeQuickSort,3,0.071100,0.00,0.00
randomArrays.txt,IterativeQuickSort,1,0.099900,0.00,0.00
randomArrays.txt,IterativeQuickSort,2,0.095200,0.00,0.00
randomArrays.txt,IterativeQuickSort,3,0.092400,0.00,0.00
randomArrays.txt,IterativeQuickSort,1,0.057800,0.00,0.00
randomArrays.txt,IterativeQuickSort,2,0.077400,0.00,0.00
randomArrays.txt,IterativeQuickSort,3,0.086900,0.00,0.50
randomArrays.txt,IterativeQuickSort,1,0.185800,0.00,0.00
randomArrays.txt,IterativeQuickSort,2,0.123400,0.00,0.00
randomArrays.txt,IterativeQuickSort,3,0.153400,0.00,0.00
randomArrays.txt,IterativeQuickSort,1,0.060300,0.00,0.00
randomArrays.txt,IterativeQuickSort,2,0.051100,0.00,0.00
randomArrays.txt,IterativeQuickSort,3,0.053300,0.00,0.00
randomArrays.txt,IterativeQuickSort,1,0.016700,0.00,0.00
randomArrays.txt,IterativeQuickSort,2,0.014100,0.00,0.00
randomArrays.txt,IterativeQuickSort,3,0.013600,0.00,0.00
randomArrays.txt,IterativeQuickSort,1,0.092700,0.00,0.00
randomArrays.txt,IterativeQuickSort,2,0.093500,0.00,0.00
randomArrays.txt,IterativeQuickSort,3,0.093200,0.00,0.00
randomArrays.txt,IterativeQuickSort,1,0.186900,0.00,0.00
randomArrays.txt,IterativeQuickSort,2,0.153400,0.00,0.00
randomArrays.txt,IterativeQuickSort,3,0.173300,0.00,0.00
randomArrays.txt,IterativeQuickSort,1,0.027600,0.00,0.00
randomArrays.txt,IterativeQuickSort,2,0.025800,0.00,0.00
randomArrays.txt,IterativeQuickSort,3,0.027000,0.00,0.00
randomArrays.txt,IterativeQuickSort,1,0.112600,0.00,0.00
randomArrays.txt,IterativeQuickSort,2,0.110100,0.00,0.00
randomArrays.txt,IterativeQuickSort,3,0.109900,0.00,0.00
randomArrays.txt,IterativeQuickSort,1,0.049600,0.00,0.00
randomArrays.txt,IterativeQuickSort,2,0.048100,8121.10,0.00
randomArrays.txt,IterativeQuickSort,3,0.050300,0.00,0.00
randomArrays.txt,IterativeQuickSort,1,0.126700,0.00,0.00
randomArrays.txt,IterativeQuickSort,2,0.121300,0.00,0.00
randomArrays.txt,IterativeQuickSort,3,0.119600,0.00,0.00
randomArrays.txt,IterativeQuickSort,1,0.040600,0.00,0.00
randomArrays.txt,IterativeQuickSort,2,0.040300,0.00,0.00
randomArrays.txt,IterativeQuickSort,3,0.062300,0.00,0.00
randomArrays.txt,IterativeQuickSort,1,0.047100,0.00,0.00
randomArrays.txt,IterativeQuickSort,2,0.071300,0.00,0.00
randomArrays.txt,IterativeQuickSort,3,0.072100,0.00,0.00
randomArrays.txt,IterativeQuickSort,1,0.119300,0.00,0.00
randomArrays.txt,IterativeQuickSort,2,0.113400,0.00,0.00
randomArrays.txt,IterativeQuickSort,3,0.164200,0.00,0.00
randomArrays.txt,IterativeQuickSort,1,0.121300,0.00,0.00
randomArrays.txt,IterativeQuickSort,2,0.121700,0.00,0.00
randomArrays.txt,IterativeQuickSort,3,0.119100,0.00,0.00
randomArrays.txt,IterativeQuickSort,1,0.161700,0.00,0.00
randomArrays.txt,IterativeQuickSort,2,0.153100,0.00,0.00
randomArrays.txt,IterativeQuickSort,3,0.145600,0.00,0.00
randomArrays.txt,IterativeQuickSort,1,0.070100,0.00,0.00
randomArrays.txt,IterativeQuickSort,2,0.065800,0.00,0.00
randomArrays.txt,IterativeQuickSort,3,0.068700,0.00,0.00
randomArrays.txt,IterativeQuickSort,1,0.082200,0.00,0.00
randomArrays.txt,IterativeQuickSort,2,0.085100,0.00,0.00
randomArrays.txt,IterativeQuickSort,3,0.094800,0.00,0.00
randomArrays.txt,IterativeQuickSort,1,0.053700,0.00,0.00
randomArrays.txt,IterativeQuickSort,2,0.041800,0.00,0.00
randomArrays.txt,IterativeQuickSort,3,0.018800,0.00,0.00
randomArrays.txt,IterativeQuickSort,1,0.155400,0.00,0.50
randomArrays.txt,IterativeQuickSort,2,0.904400,0.00,0.00
randomArrays.txt,IterativeQuickSort,3,0.129700,0.00,0.00
randomArrays.txt,IterativeQuickSort,1,0.146500,0.00,0.00
randomArrays.txt,IterativeQuickSort,2,0.065300,0.00,0.00
randomArrays.txt,IterativeQuickSort,3,0.064300,0.00,0.00
randomArrays.txt,IterativeQuickSort,1,0.002400,0.00,0.00
randomArrays.txt,IterativeQuickSort,2,0.002300,0.00,0.00
randomArrays.txt,IterativeQuickSort,3,0.001700,0.00,0.00
randomArrays.txt,IterativeQuickSort,1,0.128500,0.00,0.00
randomArrays.txt,IterativeQuickSort,2,0.132400,0.00,0.00
randomArrays.txt,IterativeQuickSort,3,0.128200,0.00,0.00
randomArrays.txt,IterativeQuickSort,1,0.143600,0.00,0.00
randomArrays.txt,IterativeQuickSort,2,0.139500,0.00,0.00
randomArrays.txt,IterativeQuickSort,3,0.143400,0.00,0.00
randomArrays.txt,IterativeQuickSort,1,0.155600,0.00,0.00
randomArrays.txt,IterativeQuickSort,2,0.143200,0.00,0.00
randomArrays.txt,IterativeQuickSort,3,0.156400,0.00,0.50
randomArrays.txt,IterativeQuickSort,1,0.123400,0.00,0.00
randomArrays.txt,IterativeQuickSort,2,0.118700,0.00,0.00
randomArrays.txt,IterativeQuickSort,3,0.117400,0.00,0.00
randomArrays.txt,IterativeQuickSort,1,0.028700,0.00,0.00
randomArrays.txt,IterativeQuickSort,2,0.033500,0.00,0.00
randomArrays.txt,IterativeQuickSort,3,0.036100,0.00,0.00
randomArrays.txt,IterativeQuickSort,1,0.157300,0.00,0.00
randomArrays.txt,IterativeQuickSort,2,0.127500,0.00,0.00
randomArrays.txt,IterativeQuickSort,3,1.335900,0.00,0.00
randomArrays.txt,IterativeQuickSort,1,0.340300,0.00,0.00
randomArrays.txt,IterativeQuickSort,2,0.303300,0.00,0.00
randomArrays.txt,IterativeQuickSort,3,0.166300,0.00,0.00
randomArrays.txt,IterativeQuickSort,1,0.146200,0.00,0.00
randomArrays.txt,IterativeQuickSort,2,0.120900,0.00,0.00
randomArrays.txt,IterativeQuickSort,3,0.534100,0.00,0.50
randomArrays.txt,IterativeQuickSort,1,0.140700,0.00,0.00
randomArrays.txt,IterativeQuickSort,2,0.140300,0.00,0.00
randomArrays.txt,IterativeQuickSort,3,0.142700,0.00,0.00
randomArrays.txt,IterativeQuickSort,1,0.037300,0.00,0.00
randomArrays.txt,IterativeQuickSort,2,0.114700,0.00,0.00
randomArrays.txt,IterativeQuickSort,3,0.036100,0.00,0.00
randomArrays.txt,IterativeQuickSort,1,0.145600,0.00,0.00
randomArrays.txt,IterativeQuickSort,2,0.222600,0.00,0.00
randomArrays.txt,IterativeQuickSort,3,0.237400,0.00,0.00
randomArrays.txt,IterativeQuickSort,1,0.023400,0.00,0.00
randomArrays.txt,IterativeQuickSort,2,0.022200,0.00,0.00
randomArrays.txt,IterativeQuickSort,3,0.021000,0.00,0.00
randomArrays.txt,IterativeQuickSort,1,0.105200,0.00,0.00
randomArrays.txt,IterativeQuickSort,2,0.097100,0.00,0.00
randomArrays.txt,IterativeQuickSort,3,0.097700,0.00,0.00
randomArrays.txt,IterativeQuickSort,1,0.090700,0.00,0.00
randomArrays.txt,IterativeQuickSort,2,0.086800,0.00,0.00
randomArrays.txt,IterativeQuickSort,3,0.085600,0.00,0.00
randomArrays.txt,IterativeQuickSort,1,0.040500,0.00,0.00
randomArrays.txt,IterativeQuickSort,2,0.040500,0.00,0.00
randomArrays.txt,IterativeQuickSort,3,0.036600,0.00,0.00
randomArrays.txt,IterativeQuickSort,1,0.008600,0.00,0.00
randomArrays.txt,IterativeQuickSort,2,0.008100,0.00,0.00
randomArrays.txt,IterativeQuickSort,3,0.008800,0.00,0.00
randomArrays.txt,IterativeQuickSort,1,0.124400,0.00,0.00
randomArrays.txt,IterativeQuickSort,2,0.148300,0.00,0.00
randomArrays.txt,IterativeQuickSort,3,0.124600,0.00,0.00
randomArrays.txt,IterativeQuickSort,1,0.086500,0.00,0.00
randomArrays.txt,IterativeQuickSort,2,0.087800,0.00,0.00
randomArrays.txt,IterativeQuickSort,3,0.086300,0.00,0.00
randomArrays.txt,IterativeQuickSort,1,1.384900,0.00,0.00
randomArrays.txt,IterativeQuickSort,2,0.145400,0.00,0.00
randomArrays.txt,IterativeQuickSort,3,0.145800,0.00,0.00
randomArrays.txt,IterativeQuickSort,1,0.040200,0.00,0.00
randomArrays.txt,IterativeQuickSort,2,0.036600,0.00,0.00
randomArrays.txt,IterativeQuickSort,3,0.035500,0.00,0.00
randomArrays.txt,IterativeQuickSort,1,0.119800,0.00,0.00
randomArrays.txt,IterativeQuickSort,2,0.113900,0.00,0.00
randomArrays.txt,IterativeQuickSort,3,0.112600,0.00,0.00
randomArrays.txt,IterativeQuickSort,1,0.036800,0.00,0.00
randomArrays.txt,IterativeQuickSort,2,0.036100,0.00,0.00
randomArrays.txt,IterativeQuickSort,3,0.029800,0.00,0.00
randomArrays.txt,IterativeQuickSort,1,0.075600,0.00,0.00
randomArrays.txt,IterativeQuickSort,2,0.072000,0.00,0.00
randomArrays.txt,IterativeQuickSort,3,0.072800,0.00,0.00
randomArrays.txt,IterativeQuickSort,1,0.014300,0.00,0.00
randomArrays.txt,IterativeQuickSort,2,0.013900,0.00,0.00
randomArrays.txt,IterativeQuickSort,3,0.014700,0.00,0.00
randomArrays.txt,IterativeQuickSort,1,0.012100,0.00,0.00
randomArrays.txt,IterativeQuickSort,2,0.010900,0.00,0.00
randomArrays.txt,IterativeQuickSort,3,0.011700,0.00,0.00
randomArrays.txt,IterativeQuickSort,1,0.053300,0.00,0.00
randomArrays.txt,IterativeQuickSort,2,0.052300,0.00,0.00
randomArrays.txt,IterativeQuickSort,3,0.045700,0.00,0.00
randomArrays.txt,IterativeQuickSort,1,0.116700,0.00,0.00
randomArrays.txt,IterativeQuickSort,2,0.120100,0.00,0.00
randomArrays.txt,IterativeQuickSort,3,0.111300,0.00,0.00
randomArrays.txt,IterativeQuickSort,1,0.086400,0.00,0.00
randomArrays.txt,IterativeQuickSort,2,0.083800,0.00,0.00
randomArrays.txt,IterativeQuickSort,3,0.084200,0.00,0.00
randomArrays.txt,IterativeQuickSort,1,1.276300,0.00,0.00
randomArrays.txt,IterativeQuickSort,2,0.132900,0.00,0.00
randomArrays.txt,IterativeQuickSort,3,0.128400,0.00,0.00
randomArrays.txt,IterativeQuickSort,1,0.004400,0.00,0.00
randomArrays.txt,IterativeQuickSort,2,0.002700,0.00,0.00
randomArrays.txt,IterativeQuickSort,3,0.002900,0.00,0.00
randomArrays.txt,IterativeQuickSort,1,0.119900,0.00,0.00
randomArrays.txt,IterativeQuickSort,2,0.114700,0.00,0.00
randomArrays.txt,IterativeQuickSort,3,0.122800,0.00,0.00
randomArrays.txt,IterativeQuickSort,1,0.081700,0.00,0.00
randomArrays.txt,IterativeQuickSort,2,0.080700,0.00,0.00
randomArrays.txt,IterativeQuickSort,3,0.198200,0.00,0.00
randomArrays.txt,IterativeQuickSort,1,0.041900,0.00,0.00
randomArrays.txt,IterativeQuickSort,2,0.039100,0.00,0.00
randomArrays.txt,IterativeQuickSort,3,0.039400,0.00,0.00
randomArrays.txt,IterativeQuickSort,1,0.053600,0.00,0.00
randomArrays.txt,IterativeQuickSort,2,0.061600,0.00,0.00
randomArrays.txt,IterativeQuickSort,3,0.055200,0.00,0.00
randomArrays.txt,IterativeQuickSort,1,0.084400,0.00,0.00
randomArrays.txt,IterativeQuickSort,2,0.080800,0.00,0.00
randomArrays.txt,IterativeQuickSort,3,0.078600,0.00,0.00
randomArrays.txt,IterativeQuickSort,1,0.123600,0.00,0.00
randomArrays.txt,IterativeQuickSort,2,0.123900,0.00,0.00
randomArrays.txt,IterativeQuickSort,3,0.120500,0.00,0.00
randomArrays.txt,IterativeQuickSort,1,0.049300,0.00,0.00
randomArrays.txt,IterativeQuickSort,2,0.044400,0.00,0.00
randomArrays.txt,IterativeQuickSort,3,0.070400,0.00,0.00
randomArrays.txt,IterativeQuickSort,1,0.027600,0.00,0.00
randomArrays.txt,IterativeQuickSort,2,0.022900,0.00,0.00
randomArrays.txt,IterativeQuickSort,3,0.022900,0.00,0.00
randomArrays.txt,IterativeQuickSort,1,0.060700,0.00,0.00
randomArrays.txt,IterativeQuickSort,2,0.083200,0.00,0.00
randomArrays.txt,IterativeQuickSort,3,0.055300,0.00,0.00
randomArrays.txt,IterativeQuickSort,1,0.011900,0.00,0.00
randomArrays.txt,IterativeQuickSort,2,0.007900,0.00,0.00
randomArrays.txt,IterativeQuickSort,3,0.007200,0.00,0.00
randomArrays.txt,IterativeQuickSort,1,0.093300,0.00,0.00
randomArrays.txt,IterativeQuickSort,2,0.092900,0.00,0.00
randomArrays.txt,IterativeQuickSort,3,0.093100,0.00,0.00
randomArrays.txt,IterativeQuickSort,1,0.099400,0.00,0.00
randomArrays.txt,IterativeQuickSort,2,0.101300,0.00,0.00
randomArrays.txt,IterativeQuickSort,3,0.097500,0.00,0.00
randomArrays.txt,IterativeQuickSort,1,0.084600,0.00,0.00
randomArrays.txt,IterativeQuickSort,2,0.081000,0.00,0.00
randomArrays.txt,IterativeQuickSort,3,0.074100,0.00,0.00
randomArrays.txt,IterativeQuickSort,1,0.132400,0.00,0.00
randomArrays.txt,IterativeQuickSort,2,0.129100,0.00,0.00
randomArrays.txt,IterativeQuickSort,3,0.127000,0.00,0.00
randomArrays.txt,IterativeQuickSort,1,0.078600,0.00,0.00
randomArrays.txt,IterativeQuickSort,2,0.078300,0.00,0.00
randomArrays.txt,IterativeQuickSort,3,0.077400,0.00,0.00
randomArrays.txt,IterativeQuickSort,1,0.096000,0.00,0.00
randomArrays.txt,IterativeQuickSort,2,0.092300,0.00,0.00
randomArrays.txt,IterativeQuickSort,3,0.092900,0.00,0.00
randomArrays.txt,IterativeQuickSort,1,0.059400,0.00,0.00
randomArrays.txt,IterativeQuickSort,2,0.058900,0.00,0.00
randomArrays.txt,IterativeQuickSort,3,0.060900,0.00,0.00
randomArrays.txt,IterativeQuickSort,1,0.144200,0.00,0.00
randomArrays.txt,IterativeQuickSort,2,0.142200,0.00,0.00
randomArrays.txt,IterativeQuickSort,3,0.141400,0.00,0.00
randomArrays.txt,IterativeQuickSort,1,0.107000,0.00,0.00
randomArrays.txt,IterativeQuickSort,2,0.110100,0.00,0.00
randomArrays.txt,IterativeQuickSort,3,0.105800,0.00,0.00
randomArrays.txt,IterativeQuickSort,1,0.044700,0.00,0.00
randomArrays.txt,IterativeQuickSort,2,0.129200,0.00,0.00
randomArrays.txt,IterativeQuickSort,3,0.040500,0.00,0.00
randomArrays.txt,IterativeQuickSort,1,0.044500,0.00,0.00
randomArrays.txt,IterativeQuickSort,2,0.034100,0.00,0.00
randomArrays.txt,IterativeQuickSort,3,0.029100,0.00,0.00
randomArrays.txt,IterativeQuickSort,1,0.048200,0.00,0.00
randomArrays.txt,IterativeQuickSort,2,0.045700,0.00,0.00
randomArrays.txt,IterativeQuickSort,3,0.081600,0.00,0.00
randomArrays.txt,IterativeQuickSort,1,0.195000,0.00,0.00
randomArrays.txt,IterativeQuickSort,2,0.158800,0.00,0.00
randomArrays.txt,IterativeQuickSort,3,0.145200,0.00,0.00
randomArrays.txt,IterativeQuickSort,1,0.021800,0.00,0.00
randomArrays.txt,IterativeQuickSort,2,0.019800,0.00,0.00
randomArrays.txt,IterativeQuickSort,3,0.019800,0.00,0.00
randomArrays.txt,IterativeQuickSort,1,0.147600,0.00,0.00
randomArrays.txt,IterativeQuickSort,2,0.139700,0.00,0.00
randomArrays.txt,IterativeQuickSort,3,0.134600,0.00,0.00
randomArrays.txt,IterativeQuickSort,1,0.035200,0.00,0.00
randomArrays.txt,IterativeQuickSort,2,0.032700,0.00,0.00
randomArrays.txt,IterativeQuickSort,3,0.028600,0.00,0.00
randomArrays.txt,IterativeQuickSort,1,0.030000,0.00,0.00
randomArrays.txt,IterativeQuickSort,2,0.027400,0.00,0.00
randomArrays.txt,IterativeQuickSort,3,0.026200,0.00,0.00
randomArrays.txt,IterativeQuickSort,1,0.036900,0.00,0.00
randomArrays.txt,IterativeQuickSort,2,0.032100,0.00,0.00
randomArrays.txt,IterativeQuickSort,3,0.030400,0.00,0.00
randomArrays.txt,IterativeQuickSort,1,0.153600,0.00,0.50
randomArrays.txt,IterativeQuickSort,2,0.135000,0.00,0.00
randomArrays.txt,IterativeQuickSort,3,0.141000,0.00,0.00
randomArrays.txt,IterativeQuickSort,1,0.054600,0.00,0.00
randomArrays.txt,IterativeQuickSort,2,0.057700,0.00,0.00
randomArrays.txt,IterativeQuickSort,3,0.051400,0.00,0.00
randomArrays.txt,IterativeQuickSort,1,0.047500,0.00,0.00
randomArrays.txt,IterativeQuickSort,2,0.042300,0.00,0.00
randomArrays.txt,IterativeQuickSort,3,0.042100,0.00,0.00
randomArrays.txt,IterativeQuickSort,1,0.056500,0.00,0.00
randomArrays.txt,IterativeQuickSort,2,0.060200,0.00,0.00
randomArrays.txt,IterativeQuickSort,3,0.051100,0.00,0.00
randomArrays.txt,IterativeQuickSort,1,0.072000,0.00,0.00
randomArrays.txt,IterativeQuickSort,2,0.068300,0.00,0.00
randomArrays.txt,IterativeQuickSort,3,0.069700,0.00,0.00
randomArrays.txt,IterativeQuickSort,1,0.044200,0.00,0.00
randomArrays.txt,IterativeQuickSort,2,0.032500,0.00,0.00
randomArrays.txt,IterativeQuickSort,3,0.033100,0.00,0.00
randomArrays.txt,IterativeQuickSort,1,0.059500,0.00,0.00
randomArrays.txt,IterativeQuickSort,2,0.057900,0.00,0.00
randomArrays.txt,IterativeQuickSort,3,0.057900,0.00,0.00
randomArrays.txt,IterativeQuickSort,1,0.105200,0.00,0.00
randomArrays.txt,IterativeQuickSort,2,0.067800,0.00,0.00
randomArrays.txt,IterativeQuickSort,3,0.072000,0.00,0.00
randomArrays.txt,IterativeQuickSort,1,0.027900,0.00,0.00
randomArrays.txt,IterativeQuickSort,2,0.028500,0.00,0.00
randomArrays.txt,IterativeQuickSort,3,0.027300,0.00,0.00
randomArrays.txt,IterativeQuickSort,1,0.017700,0.00,0.00
randomArrays.txt,IterativeQuickSort,2,0.015000,0.00,0.00
randomArrays.txt,IterativeQuickSort,3,0.015800,0.00,0.00
randomArrays.txt,IterativeQuickSort,1,0.015300,0.00,0.00
randomArrays.txt,IterativeQuickSort,2,0.013200,0.00,0.00
randomArrays.txt,IterativeQuickSort,3,0.013700,0.00,0.00
randomArrays.txt,IterativeQuickSort,1,0.120800,0.00,0.00
randomArrays.txt,IterativeQuickSort,2,0.112100,0.00,0.00
randomArrays.txt,IterativeQuickSort,3,0.113100,0.00,0.00
randomArrays.txt,IterativeQuickSort,1,0.089800,0.00,0.00
randomArrays.txt,IterativeQuickSort,2,0.087000,0.00,0.00
randomArrays.txt,IterativeQuickSort,3,0.085800,0.00,0.00
randomArrays.txt,IterativeQuickSort,1,0.047200,0.00,0.00
randomArrays.txt,IterativeQuickSort,2,0.054100,0.00,0.00
randomArrays.txt,IterativeQuickSort,3,0.052900,0.00,0.00
randomArrays.txt,IterativeQuickSort,1,0.150400,0.00,0.50
randomArrays.txt,IterativeQuickSort,2,0.132900,0.00,0.00
randomArrays.txt,IterativeQuickSort,3,0.167400,0.00,0.00
randomArrays.txt,IterativeQuickSort,1,0.025400,0.00,0.00
randomArrays.txt,IterativeQuickSort,2,0.024600,0.00,0.00
randomArrays.txt,IterativeQuickSort,3,0.023600,0.00,0.00
randomArrays.txt,IterativeQuickSort,1,0.077100,0.00,0.00
randomArrays.txt,IterativeQuickSort,2,0.077100,0.00,0.00
randomArrays.txt,IterativeQuickSort,3,0.075000,0.00,0.00
randomArrays.txt,IterativeQuickSort,1,0.099200,0.00,0.00
randomArrays.txt,IterativeQuickSort,2,0.093900,0.00,0.00
randomArrays.txt,IterativeQuickSort,3,0.083600,0.00,0.00
randomArrays.txt,IterativeQuickSort,1,0.041300,0.00,0.00
randomArrays.txt,IterativeQuickSort,2,0.039100,0.00,0.00
randomArrays.txt,IterativeQuickSort,3,0.039200,0.00,0.00
randomArrays.txt,IterativeQuickSort,1,0.126500,0.00,0.00
randomArrays.txt,IterativeQuickSort,2,0.125200,0.00,0.00
randomArrays.txt,IterativeQuickSort,3,0.127300,0.00,0.00
randomArrays.txt,IterativeQuickSort,1,0.083500,0.00,0.00
randomArrays.txt,IterativeQuickSort,2,0.085200,0.00,0.00
randomArrays.txt,IterativeQuickSort,3,0.085900,0.00,0.00
randomArrays.txt,IterativeQuickSort,1,0.079600,0.00,0.00
randomArrays.txt,IterativeQuickSort,2,0.075700,0.00,0.00
randomArrays.txt,IterativeQuickSort,3,0.076900,0.00,0.00
randomArrays.txt,IterativeQuickSort,1,0.015700,0.00,0.00
randomArrays.txt,IterativeQuickSort,2,0.016300,0.00,0.00
randomArrays.txt,IterativeQuickSort,3,0.026300,0.00,0.00
randomArrays.txt,IterativeQuickSort,1,0.047100,0.00,0.00
randomArrays.txt,IterativeQuickSort,2,0.046100,0.00,0.00
randomArrays.txt,IterativeQuickSort,3,0.045900,0.00,0.00
randomArrays.txt,IterativeQuickSort,1,0.148300,0.00,0.00
randomArrays.txt,IterativeQuickSort,2,0.152200,0.00,0.00
randomArrays.txt,IterativeQuickSort,3,0.161800,0.00,0.00
randomArrays.txt,IterativeQuickSort,1,0.008900,0.00,0.00
randomArrays.txt,IterativeQuickSort,2,0.008700,0.00,0.00
randomArrays.txt,IterativeQuickSort,3,0.008000,0.00,0.00
randomArrays.txt,IterativeQuickSort,1,0.131400,0.00,0.00
randomArrays.txt,IterativeQuickSort,2,0.108200,0.00,0.00
randomArrays.txt,IterativeQuickSort,3,0.107300,0.00,0.00
randomArrays.txt,IterativeQuickSort,1,0.109600,0.00,0.00
randomArrays.txt,IterativeQuickSort,2,0.177800,0.00,0.00
randomArrays.txt,IterativeQuickSort,3,0.178800,0.00,0.00
randomArrays.txt,IterativeQuickSort,1,0.063800,0.00,0.00
randomArrays.txt,IterativeQuickSort,2,0.063400,0.00,0.00
randomArrays.txt,IterativeQuickSort,3,0.064900,0.00,0.00
randomArrays.txt,IterativeQuickSort,1,0.135700,0.00,0.00
randomArrays.txt,IterativeQuickSort,2,0.133500,0.00,0.00
randomArrays.txt,IterativeQuickSort,3,0.133700,0.00,0.00
randomArrays.txt,IterativeQuickSort,1,0.070000,0.00,0.00
randomArrays.txt,IterativeQuickSort,2,0.067400,0.00,0.00
randomArrays.txt,IterativeQuickSort,3,0.076000,0.00,0.00
randomArrays.txt,IterativeQuickSort,1,0.111300,0.00,0.00
randomArrays.txt,IterativeQuickSort,2,0.111200,0.00,0.00
randomArrays.txt,IterativeQuickSort,3,0.111400,0.00,0.00
randomArrays.txt,IterativeQuickSort,1,0.131800,0.00,0.50
randomArrays.txt,IterativeQuickSort,2,0.098900,0.00,0.00
randomArrays.txt,IterativeQuickSort,3,0.099600,0.00,0.00
randomArrays.txt,IterativeQuickSort,1,0.099000,0.00,0.00
randomArrays.txt,IterativeQuickSort,2,0.086500,0.00,0.00
randomArrays.txt,IterativeQuickSort,3,0.090900,0.00,0.00
randomArrays.txt,IterativeQuickSort,1,0.007100,0.00,0.00
randomArrays.txt,IterativeQuickSort,2,0.005800,0.00,0.00
randomArrays.txt,IterativeQuickSort,3,0.005500,0.00,0.00
randomArrays.txt,IterativeQuickSort,1,0.088700,0.00,0.00
randomArrays.txt,IterativeQuickSort,2,0.097900,0.00,0.00
randomArrays.txt,IterativeQuickSort,3,0.091200,0.00,0.00
randomArrays.txt,IterativeQuickSort,1,0.142500,0.00,0.00
randomArrays.txt,IterativeQuickSort,2,0.146500,0.00,0.00
randomArrays.txt,IterativeQuickSort,3,0.134900,0.00,0.00
randomArrays.txt,IterativeQuickSort,1,0.097200,0.00,0.00
randomArrays.txt,IterativeQuickSort,2,0.050300,0.00,0.00
randomArrays.txt,IterativeQuickSort,3,0.069200,0.00,0.00
randomArrays.txt,IterativeQuickSort,1,0.183400,0.00,0.50
randomArrays.txt,IterativeQuickSort,2,0.180700,0.00,0.00
randomArrays.txt,IterativeQuickSort,3,0.157100,0.00,0.00
randomArrays.txt,IterativeQuickSort,1,0.133000,0.00,0.00
randomArrays.txt,IterativeQuickSort,2,0.284700,0.00,0.00
randomArrays.txt,IterativeQuickSort,3,0.138300,0.00,0.00
randomArrays.txt,IterativeQuickSort,1,0.114000,0.00,0.00
randomArrays.txt,IterativeQuickSort,2,0.122700,0.00,0.00
randomArrays.txt,IterativeQuickSort,3,0.121600,0.00,0.00
randomArrays.txt,IterativeQuickSort,1,0.043500,0.00,0.00
randomArrays.txt,IterativeQuickSort,2,0.041900,0.00,0.00
randomArrays.txt,IterativeQuickSort,3,0.042100,0.00,0.00
randomArrays.txt,IterativeQuickSort,1,0.083900,0.00,0.00
randomArrays.txt,IterativeQuickSort,2,0.080700,0.00,0.00
randomArrays.txt,IterativeQuickSort,3,0.083700,0.00,0.00
randomArrays.txt,IterativeQuickSort,1,0.004500,0.00,0.00
randomArrays.txt,IterativeQuickSort,2,0.004300,0.00,0.00
randomArrays.txt,IterativeQuickSort,3,0.004100,0.00,0.00
randomArrays.txt,IterativeQuickSort,1,0.155600,0.00,0.00
randomArrays.txt,IterativeQuickSort,2,0.146800,0.00,0.00
randomArrays.txt,IterativeQuickSort,3,0.148400,0.00,0.00
randomArrays.txt,IterativeQuickSort,1,0.066200,0.00,0.00
randomArrays.txt,IterativeQuickSort,2,0.062700,0.00,0.00
randomArrays.txt,IterativeQuickSort,3,0.093600,0.00,0.00
randomArrays.txt,IterativeQuickSort,1,0.161000,0.00,0.00
randomArrays.txt,IterativeQuickSort,2,0.158400,0.00,0.00
randomArrays.txt,IterativeQuickSort,3,0.165400,0.00,0.00
randomArrays.txt,IterativeQuickSort,1,0.530200,0.00,0.00
randomArrays.txt,IterativeQuickSort,2,0.106000,0.00,0.00
randomArrays.txt,IterativeQuickSort,3,0.103700,0.00,0.00
randomArrays.txt,IterativeQuickSort,1,0.095800,0.00,0.00
randomArrays.txt,IterativeQuickSort,2,0.093100,0.00,0.00
randomArrays.txt,IterativeQuickSort,3,0.089800,0.00,0.00
randomArrays.txt,IterativeQuickSort,1,0.090700,0.00,0.50
randomArrays.txt,IterativeQuickSort,2,0.074900,0.00,0.00
randomArrays.txt,IterativeQuickSort,3,0.146500,0.00,0.00
randomArrays.txt,IterativeQuickSort,1,0.032200,0.00,0.00
randomArrays.txt,IterativeQuickSort,2,0.031900,0.00,0.00
randomArrays.txt,IterativeQuickSort,3,0.031100,0.00,0.00
randomArrays.txt,IterativeQuickSort,1,0.077800,0.00,0.00
randomArrays.txt,IterativeQuickSort,2,0.062300,0.00,0.00
randomArrays.txt,IterativeQuickSort,3,0.061800,0.00,0.00
randomArrays.txt,IterativeQuickSort,1,0.113400,0.00,0.00
randomArrays.txt,IterativeQuickSort,2,0.110400,0.00,0.00
randomArrays.txt,IterativeQuickSort,3,0.388500,0.00,0.00
randomArrays.txt,IterativeQuickSort,1,0.087400,0.00,0.00
randomArrays.txt,IterativeQuickSort,2,0.081300,0.00,0.00
randomArrays.txt,IterativeQuickSort,3,0.082100,0.00,0.00
randomArrays.txt,IterativeQuickSort,1,0.026400,0.00,0.00
randomArrays.txt,IterativeQuickSort,2,0.024800,0.00,0.00
randomArrays.txt,IterativeQuickSort,3,0.024400,0.00,0.00
randomArrays.txt,IterativeQuickSort,1,0.054000,0.00,0.00
randomArrays.txt,IterativeQuickSort,2,0.054300,0.00,0.00
randomArrays.txt,IterativeQuickSort,3,0.053700,0.00,0.00
randomArrays.txt,IterativeQuickSort,1,0.059000,0.00,0.00
randomArrays.txt,IterativeQuickSort,2,0.050200,0.00,0.00
randomArrays.txt,IterativeQuickSort,3,0.050500,0.00,0.00
randomArrays.txt,IterativeQuickSort,1,0.179600,0.00,0.00
randomArrays.txt,IterativeQuickSort,2,0.168100,0.00,0.00
randomArrays.txt,IterativeQuickSort,3,0.164900,0.00,0.00
randomArrays.txt,IterativeQuickSort,1,0.070100,0.00,0.00
randomArrays.txt,IterativeQuickSort,2,0.075300,0.00,0.00
randomArrays.txt,IterativeQuickSort,3,0.078300,0.00,0.00
randomArrays.txt,IterativeQuickSort,1,0.106000,0.00,0.00
randomArrays.txt,IterativeQuickSort,2,0.109000,0.00,0.00
randomArrays.txt,IterativeQuickSort,3,0.106400,0.00,0.00
randomArrays.txt,IterativeQuickSort,1,0.097300,0.00,0.00
randomArrays.txt,IterativeQuickSort,2,0.095100,0.00,0.00
randomArrays.txt,IterativeQuickSort,3,0.089700,0.00,0.00
randomArrays.txt,IterativeQuickSort,1,0.016700,0.00,0.00
randomArrays.txt,IterativeQuickSort,2,0.015800,0.00,0.00
randomArrays.txt,IterativeQuickSort,3,0.014900,0.00,0.00
randomArrays.txt,IterativeQuickSort,1,0.135200,0.00,0.00
randomArrays.txt,IterativeQuickSort,2,0.135600,0.00,0.00
randomArrays.txt,IterativeQuickSort,3,0.136600,0.00,0.00
randomArrays.txt,IterativeQuickSort,1,0.058900,0.00,0.00
randomArrays.txt,IterativeQuickSort,2,0.055200,0.00,0.00
randomArrays.txt,IterativeQuickSort,3,0.474400,0.00,0.00
randomArrays.txt,IterativeQuickSort,1,0.108800,0.00,0.00
randomArrays.txt,IterativeQuickSort,2,0.114400,0.00,0.00
randomArrays.txt,IterativeQuickSort,3,0.108100,0.00,0.00
randomArrays.txt,IterativeQuickSort,1,0.118500,0.00,0.00
randomArrays.txt,IterativeQuickSort,2,0.121500,0.00,0.00
randomArrays.txt,IterativeQuickSort,3,0.113700,0.00,0.00
randomArrays.txt,IterativeQuickSort,1,0.064100,0.00,0.00
randomArrays.txt,IterativeQuickSort,2,0.059900,0.00,0.00
randomArrays.txt,IterativeQuickSort,3,0.061700,0.00,0.00
randomArrays.txt,IterativeQuickSort,1,0.027600,0.00,0.00
randomArrays.txt,IterativeQuickSort,2,0.025200,0.00,0.00
randomArrays.txt,IterativeQuickSort,3,0.023300,0.00,0.00
randomArrays.txt,IterativeQuickSort,1,0.074800,0.00,0.00
randomArrays.txt,IterativeQuickSort,2,0.076500,0.00,0.00
randomArrays.txt,IterativeQuickSort,3,0.071900,0.00,0.00
randomArrays.txt,IterativeQuickSort,1,0.057400,0.00,0.00
randomArrays.txt,IterativeQuickSort,2,0.054300,0.00,0.00
randomArrays.txt,IterativeQuickSort,3,0.049300,0.00,0.00
randomArrays.txt,IterativeQuickSort,1,0.083300,0.00,0.00
randomArrays.txt,IterativeQuickSort,2,0.080400,0.00,0.00
randomArrays.txt,IterativeQuickSort,3,0.081300,0.00,0.00
randomArrays.txt,IterativeQuickSort,1,0.088600,0.00,0.00
randomArrays.txt,IterativeQuickSort,2,0.086600,0.00,0.00
randomArrays.txt,IterativeQuickSort,3,0.086400,0.00,0.00
randomArrays.txt,IterativeQuickSort,1,0.032800,0.00,0.00
randomArrays.txt,IterativeQuickSort,2,0.031200,0.00,0.00
randomArrays.txt,IterativeQuickSort,3,0.038900,0.00,0.00
randomArrays.txt,IterativeQuickSort,1,0.102700,0.00,0.00
randomArrays.txt,IterativeQuickSort,2,0.099200,0.00,0.00
randomArrays.txt,IterativeQuickSort,3,0.098700,0.00,0.00
randomArrays.txt,IterativeQuickSort,1,0.056500,0.00,0.00
randomArrays.txt,IterativeQuickSort,2,0.052100,0.00,0.00
randomArrays.txt,IterativeQuickSort,3,0.051000,0.00,0.00
randomArrays.txt,IterativeQuickSort,1,0.009800,0.00,0.00
randomArrays.txt,IterativeQuickSort,2,0.007600,0.00,0.00
randomArrays.txt,IterativeQuickSort,3,0.007500,0.00,0.00
randomArrays.txt,IterativeQuickSort,1,0.006500,0.00,0.00
randomArrays.txt,IterativeQuickSort,2,0.008500,0.00,0.00
randomArrays.txt,IterativeQuickSort,3,0.008800,0.00,0.00
randomArrays.txt,IterativeQuickSort,1,0.050300,0.00,0.00
randomArrays.txt,IterativeQuickSort,2,0.049200,0.00,0.00
randomArrays.txt,IterativeQuickSort,3,0.046300,0.00,0.00
randomArrays.txt,IterativeQuickSort,1,0.023600,0.00,0.00
randomArrays.txt,IterativeQuickSort,2,0.022400,0.00,0.00
randomArrays.txt,IterativeQuickSort,3,0.037600,0.00,0.00
randomArrays.txt,IterativeQuickSort,1,0.126300,0.00,0.00
randomArrays.txt,IterativeQuickSort,2,0.124200,0.00,0.00
randomArrays.txt,IterativeQuickSort,3,0.123000,0.00,0.00
randomArrays.txt,IterativeQuickSort,1,0.029100,0.00,0.00
randomArrays.txt,IterativeQuickSort,2,0.028800,0.00,0.00
randomArrays.txt,IterativeQuickSort,3,0.027900,0.00,0.00
randomArrays.txt,IterativeQuickSort,1,0.054000,0.00,0.00
randomArrays.txt,IterativeQuickSort,2,0.050400,0.00,0.00
randomArrays.txt,IterativeQuickSort,3,0.055900,0.00,0.00
randomArrays.txt,IterativeQuickSort,1,0.005500,0.00,0.00
randomArrays.txt,IterativeQuickSort,2,0.004100,0.00,0.00
randomArrays.txt,IterativeQuickSort,3,0.004300,0.00,0.00
randomArrays.txt,IterativeQuickSort,1,0.042400,0.00,0.00
randomArrays.txt,IterativeQuickSort,2,0.044200,0.00,0.00
randomArrays.txt,IterativeQuickSort,3,0.043000,0.00,0.00
randomArrays.txt,IterativeQuickSort,1,0.069900,0.00,0.00
randomArrays.txt,IterativeQuickSort,2,0.081300,0.00,0.00
randomArrays.txt,IterativeQuickSort,3,0.073500,0.00,0.00
randomArrays.txt,IterativeQuickSort,1,0.061200,0.00,0.00
randomArrays.txt,IterativeQuickSort,2,0.064100,0.00,0.00
randomArrays.txt,IterativeQuickSort,3,0.065600,0.00,0.00
randomArrays.txt,IterativeQuickSort,1,0.083700,0.00,0.00
randomArrays.txt,IterativeQuickSort,2,0.077700,0.00,0.00
randomArrays.txt,IterativeQuickSort,3,0.076300,0.00,0.00
randomArrays.txt,IterativeQuickSort,1,0.038700,0.00,0.00
randomArrays.txt,IterativeQuickSort,2,0.033400,0.00,0.00
randomArrays.txt,IterativeQuickSort,3,0.034900,0.00,0.00
randomArrays.txt,IterativeQuickSort,1,0.003400,0.00,0.00
randomArrays.txt,IterativeQuickSort,2,0.002500,0.00,0.00
randomArrays.txt,IterativeQuickSort,3,0.003400,0.00,0.00
randomArrays.txt,IterativeQuickSort,1,0.101900,0.00,0.00
randomArrays.txt,IterativeQuickSort,2,0.104300,0.00,0.00
randomArrays.txt,IterativeQuickSort,3,0.089400,0.00,0.00
randomArrays.txt,IterativeQuickSort,1,0.119700,0.00,0.00
randomArrays.txt,IterativeQuickSort,2,0.114400,0.00,0.00
randomArrays.txt,IterativeQuickSort,3,0.115300,0.00,0.00
randomArrays.txt,IterativeQuickSort,1,0.019500,0.00,0.00
randomArrays.txt,IterativeQuickSort,2,0.019800,0.00,0.00
randomArrays.txt,IterativeQuickSort,3,0.017000,0.00,0.00
randomArrays.txt,IterativeQuickSort,1,0.123800,0.00,0.00
randomArrays.txt,IterativeQuickSort,2,0.134100,0.00,0.00
randomArrays.txt,IterativeQuickSort,3,0.118200,0.00,0.00
randomArrays.txt,IterativeQuickSort,1,0.005500,0.00,0.00
randomArrays.txt,IterativeQuickSort,2,0.004200,0.00,0.00
randomArrays.txt,IterativeQuickSort,3,0.005700,0.00,0.00
randomArrays.txt,IterativeQuickSort,1,0.057000,0.00,0.00
randomArrays.txt,IterativeQuickSort,2,0.056500,0.00,0.00
randomArrays.txt,IterativeQuickSort,3,0.055800,0.00,0.00
randomArrays.txt,IterativeQuickSort,1,0.002300,0.00,0.00
randomArrays.txt,IterativeQuickSort,2,0.002200,0.00,0.00
randomArrays.txt,IterativeQuickSort,3,0.002000,0.00,0.00
randomArrays.txt,IterativeQuickSort,1,0.082700,0.00,0.00
randomArrays.txt,IterativeQuickSort,2,0.077100,0.00,0.00
randomArrays.txt,IterativeQuickSort,3,0.090500,0.00,0.50
randomArrays.txt,IterativeQuickSort,1,0.067600,0.00,0.00
randomArrays.txt,IterativeQuickSort,2,0.062200,0.00,0.00
randomArrays.txt,IterativeQuickSort,3,0.056600,0.00,0.00
randomArrays.txt,IterativeQuickSort,1,0.042800,0.00,0.00
randomArrays.txt,IterativeQuickSort,2,0.044900,0.00,0.00
randomArrays.txt,IterativeQuickSort,3,0.048900,0.00,0.00
randomArrays.txt,IterativeQuickSort,1,0.116900,0.00,0.00
randomArrays.txt,IterativeQuickSort,2,0.115100,0.00,0.00
randomArrays.txt,IterativeQuickSort,3,0.106400,0.00,0.00
randomArrays.txt,IterativeQuickSort,1,0.031700,0.00,0.00
randomArrays.txt,IterativeQuickSort,2,0.019700,0.00,0.00
randomArrays.txt,IterativeQuickSort,3,0.019900,0.00,0.00
randomArrays.txt,IterativeQuickSort,1,0.137800,0.00,0.00
randomArrays.txt,IterativeQuickSort,2,0.111300,0.00,0.00
randomArrays.txt,IterativeQuickSort,3,0.119900,0.00,0.00
randomArrays.txt,IterativeQuickSort,1,0.120700,0.00,0.00
randomArrays.txt,IterativeQuickSort,2,0.131600,0.00,0.50
randomArrays.txt,IterativeQuickSort,3,0.147600,0.00,0.00
randomArrays.txt,IterativeQuickSort,1,0.097500,0.00,0.00
randomArrays.txt,IterativeQuickSort,2,0.085200,0.00,0.00
randomArrays.txt,IterativeQuickSort,3,0.081700,0.00,0.00
randomArrays.txt,IterativeQuickSort,1,0.098800,0.00,0.00
randomArrays.txt,IterativeQuickSort,2,0.093600,0.00,0.00
randomArrays.txt,IterativeQuickSort,3,0.093400,0.00,0.00
randomArrays.txt,IterativeQuickSort,1,0.050500,0.00,0.00
randomArrays.txt,IterativeQuickSort,2,0.053700,0.00,0.00
randomArrays.txt,IterativeQuickSort,3,0.056100,0.00,0.00
randomArrays.txt,IterativeQuickSort,1,0.063900,0.00,0.00
randomArrays.txt,IterativeQuickSort,2,0.050500,0.00,0.00
randomArrays.txt,IterativeQuickSort,3,0.052400,0.00,0.00
randomArrays.txt,IterativeQuickSort,1,0.058100,0.00,0.00
randomArrays.txt,IterativeQuickSort,2,0.054100,0.00,0.00
randomArrays.txt,IterativeQuickSort,3,0.054900,0.00,0.00
randomArrays.txt,IterativeQuickSort,1,0.029900,0.00,0.00
randomArrays.txt,IterativeQuickSort,2,0.020900,0.00,0.00
randomArrays.txt,IterativeQuickSort,3,0.020600,0.00,0.00
randomArrays.txt,IterativeQuickSort,1,0.071300,0.00,0.00
randomArrays.txt,IterativeQuickSort,2,0.064000,0.00,0.00
randomArrays.txt,IterativeQuickSort,3,0.063000,0.00,0.00
randomArrays.txt,IterativeQuickSort,1,0.014100,0.00,0.00
randomArrays.txt,IterativeQuickSort,2,0.009200,0.00,0.00
randomArrays.txt,IterativeQuickSort,3,0.010800,0.00,0.00
randomArrays.txt,IterativeQuickSort,1,0.554500,0.00,0.00
randomArrays.txt,IterativeQuickSort,2,0.040900,0.00,0.00
randomArrays.txt,IterativeQuickSort,3,0.043000,0.00,0.00
randomArrays.txt,IterativeQuickSort,1,0.102100,0.00,0.00
randomArrays.txt,IterativeQuickSort,2,0.097300,0.00,0.00
randomArrays.txt,IterativeQuickSort,3,0.097400,0.00,0.00
randomArrays.txt,IterativeQuickSort,1,0.045400,0.00,0.00
randomArrays.txt,IterativeQuickSort,2,0.036700,0.00,0.00
randomArrays.txt,IterativeQuickSort,3,0.038200,0.00,0.00
randomArrays.txt,IterativeQuickSort,1,0.113600,0.00,0.00
randomArrays.txt,IterativeQuickSort,2,0.110200,0.00,0.00
randomArrays.txt,IterativeQuickSort,3,0.128300,0.00,0.00
randomArrays.txt,IterativeQuickSort,1,0.055300,0.00,0.00
randomArrays.txt,IterativeQuickSort,2,0.053700,0.00,0.00
randomArrays.txt,IterativeQuickSort,3,0.054100,0.00,0.00
randomArrays.txt,IterativeQuickSort,1,0.081900,0.00,0.00
randomArrays.txt,IterativeQuickSort,2,0.141000,0.00,0.00
randomArrays.txt,IterativeQuickSort,3,0.117500,0.00,0.00
randomArrays.txt,IterativeQuickSort,1,0.022000,0.00,0.00
randomArrays.txt,IterativeQuickSort,2,0.018100,0.00,0.00
randomArrays.txt,IterativeQuickSort,3,0.018400,0.00,0.00
randomArrays.txt,IterativeQuickSort,1,0.058500,0.00,0.00
randomArrays.txt,IterativeQuickSort,2,0.054600,0.00,0.00
randomArrays.txt,IterativeQuickSort,3,0.057000,0.00,0.00
randomArrays.txt,IterativeQuickSort,1,0.010400,0.00,0.00
randomArrays.txt,IterativeQuickSort,2,0.009200,0.00,0.00
randomArrays.txt,IterativeQuickSort,3,0.012300,0.00,0.00
randomArrays.txt,IterativeQuickSort,1,0.092500,0.00,0.00
randomArrays.txt,IterativeQuickSort,2,0.077600,0.00,0.00
randomArrays.txt,IterativeQuickSort,3,0.084500,0.00,0.00
randomArrays.txt,IterativeQuickSort,1,0.075400,0.00,0.00
randomArrays.txt,IterativeQuickSort,2,0.073700,0.00,0.00
randomArrays.txt,IterativeQuickSort,3,0.074000,0.00,0.00
randomArrays.txt,IterativeQuickSort,1,0.066100,0.00,0.00
randomArrays.txt,IterativeQuickSort,2,0.061800,0.00,0.00
randomArrays.txt,IterativeQuickSort,3,0.061400,0.00,0.00
randomArrays.txt,IterativeQuickSort,1,0.088100,0.00,0.00
randomArrays.txt,IterativeQuickSort,2,0.086300,0.00,0.00
randomArrays.txt,IterativeQuickSort,3,0.095400,0.00,0.00
randomArrays.txt,IterativeQuickSort,1,0.043400,0.00,0.00
randomArrays.txt,IterativeQuickSort,2,0.041600,0.00,0.00
randomArrays.txt,IterativeQuickSort,3,0.040700,0.00,0.00
randomArrays.txt,IterativeQuickSort,1,0.093000,0.00,0.00
randomArrays.txt,IterativeQuickSort,2,0.095000,0.00,0.00
randomArrays.txt,IterativeQuickSort,3,0.091800,0.00,0.00
randomArrays.txt,IterativeQuickSort,1,0.089600,0.00,0.00
randomArrays.txt,IterativeQuickSort,2,0.090200,0.00,0.00
randomArrays.txt,IterativeQuickSort,3,0.088500,0.00,0.00
randomArrays.txt,IterativeQuickSort,1,0.040200,0.00,0.00
randomArrays.txt,IterativeQuickSort,2,0.039300,0.00,0.00
randomArrays.txt,IterativeQuickSort,3,0.037900,0.00,0.00
randomArrays.txt,IterativeQuickSort,1,0.029600,0.00,0.00
randomArrays.txt,IterativeQuickSort,2,0.028600,0.00,0.00
randomArrays.txt,IterativeQuickSort,3,0.048000,0.00,0.00
randomArrays.txt,IterativeQuickSort,1,0.079700,0.00,0.00
randomArrays.txt,IterativeQuickSort,2,0.077300,0.00,0.00
randomArrays.txt,IterativeQuickSort,3,0.076000,0.00,0.00
randomArrays.txt,IterativeQuickSort,1,0.090100,0.00,0.00
randomArrays.txt,IterativeQuickSort,2,0.147400,0.00,0.00
randomArrays.txt,IterativeQuickSort,3,0.047300,0.00,0.00
randomArrays.txt,IterativeQuickSort,1,0.117400,0.00,0.00
randomArrays.txt,IterativeQuickSort,2,0.123800,0.00,0.00
randomArrays.txt,IterativeQuickSort,3,0.182600,0.00,0.00
randomArrays.txt,IterativeQuickSort,1,0.032300,0.00,0.00
randomArrays.txt,IterativeQuickSort,2,0.029900,0.00,0.00
randomArrays.txt,IterativeQuickSort,3,0.031200,0.00,0.00
randomArrays.txt,IterativeQuickSort,1,0.036100,0.00,0.00
randomArrays.txt,IterativeQuickSort,2,0.035700,0.00,0.00
randomArrays.txt,IterativeQuickSort,3,0.033300,0.00,0.00
randomArrays.txt,IterativeQuickSort,1,0.111000,0.00,0.00
randomArrays.txt,IterativeQuickSort,2,0.102400,0.00,0.00
randomArrays.txt,IterativeQuickSort,3,0.096300,0.00,0.00
randomArrays.txt,IterativeQuickSort,1,0.070400,0.00,0.00
randomArrays.txt,IterativeQuickSort,2,0.068000,0.00,0.00
randomArrays.txt,IterativeQuickSort,3,0.067900,0.00,0.00
randomArrays.txt,IterativeQuickSort,1,0.127200,0.00,0.00
randomArrays.txt,IterativeQuickSort,2,0.129200,0.00,0.00
randomArrays.txt,IterativeQuickSort,3,0.128000,0.00,0.00
randomArrays.txt,IterativeQuickSort,1,0.002400,0.00,0.00
randomArrays.txt,IterativeQuickSort,2,0.002300,0.00,0.00
randomArrays.txt,IterativeQuickSort,3,0.002000,0.00,0.00
randomArrays.txt,IterativeQuickSort,1,0.127800,0.00,0.00
randomArrays.txt,IterativeQuickSort,2,0.168700,0.00,0.00
randomArrays.txt,IterativeQuickSort,3,0.110800,0.00,0.00
randomArrays.txt,IterativeQuickSort,1,0.059400,0.00,0.00
randomArrays.txt,IterativeQuickSort,2,0.065600,0.00,0.00
randomArrays.txt,IterativeQuickSort,3,0.059600,0.00,0.00
randomArrays.txt,IterativeQuickSort,1,0.116100,0.00,0.00
randomArrays.txt,IterativeQuickSort,2,0.112600,0.00,0.00
randomArrays.txt,IterativeQuickSort,3,0.114400,0.00,0.00
randomArrays.txt,IterativeQuickSort,1,0.048600,0.00,0.00
randomArrays.txt,IterativeQuickSort,2,0.048600,0.00,0.00
randomArrays.txt,IterativeQuickSort,3,0.051200,0.00,0.00
randomArrays.txt,IterativeQuickSort,1,0.077300,0.00,0.00
randomArrays.txt,IterativeQuickSort,2,0.075800,0.00,0.00
randomArrays.txt,IterativeQuickSort,3,0.074200,0.00,0.00
randomArrays.txt,IterativeQuickSort,1,0.178600,0.00,0.00
randomArrays.txt,IterativeQuickSort,2,0.138300,0.00,0.00
randomArrays.txt,IterativeQuickSort,3,0.131400,0.00,0.00
randomArrays.txt,IterativeQuickSort,1,0.016200,0.00,0.00
randomArrays.txt,IterativeQuickSort,2,0.016000,0.00,0.00
randomArrays.txt,IterativeQuickSort,3,0.016100,0.00,0.00
randomArrays.txt,IterativeQuickSort,1,0.121400,0.00,0.00
randomArrays.txt,IterativeQuickSort,2,0.115300,0.00,0.00
randomArrays.txt,IterativeQuickSort,3,0.115500,0.00,0.00
randomArrays.txt,IterativeQuickSort,1,0.082500,0.00,0.00
randomArrays.txt,IterativeQuickSort,2,0.079900,0.00,0.00
randomArrays.txt,IterativeQuickSort,3,0.078800,0.00,0.00
randomArrays.txt,IterativeQuickSort,1,0.125900,0.00,0.00
randomArrays.txt,IterativeQuickSort,2,0.218300,0.00,0.00
randomArrays.txt,IterativeQuickSort,3,0.129100,0.00,0.00
randomArrays.txt,IterativeQuickSort,1,0.029400,0.00,0.00
randomArrays.txt,IterativeQuickSort,2,0.026400,0.00,0.00
randomArrays.txt,IterativeQuickSort,3,0.026000,0.00,0.00
randomArrays.txt,IterativeQuickSort,1,0.092600,0.00,0.00
randomArrays.txt,IterativeQuickSort,2,0.102100,0.00,0.00
randomArrays.txt,IterativeQuickSort,3,0.106500,0.00,0.00
randomArrays.txt,IterativeQuickSort,1,0.093500,0.00,0.00
randomArrays.txt,IterativeQuickSort,2,0.090200,0.00,0.00
randomArrays.txt,IterativeQuickSort,3,0.087800,0.00,0.00
randomArrays.txt,IterativeQuickSort,1,0.071300,0.00,0.00
randomArrays.txt,IterativeQuickSort,2,0.072800,0.00,0.00
randomArrays.txt,IterativeQuickSort,3,0.071800,0.00,0.00
randomArrays.txt,IterativeQuickSort,1,0.059100,0.00,0.00
randomArrays.txt,IterativeQuickSort,2,0.059300,0.00,0.00
randomArrays.txt,IterativeQuickSort,3,0.055700,0.00,0.00
randomArrays.txt,IterativeQuickSort,1,0.146900,0.00,0.00
randomArrays.txt,IterativeQuickSort,2,0.144100,0.00,0.00
randomArrays.txt,IterativeQuickSort,3,0.132300,0.00,0.00
randomArrays.txt,IterativeQuickSort,1,0.111500,0.00,0.00
randomArrays.txt,IterativeQuickSort,2,0.107000,0.00,0.00
randomArrays.txt,IterativeQuickSort,3,0.105600,0.00,0.00
randomArrays.txt,IterativeQuickSort,1,0.214200,0.00,0.00
randomArrays.txt,IterativeQuickSort,2,0.051600,0.00,0.00
randomArrays.txt,IterativeQuickSort,3,0.053000,0.00,0.00
randomArrays.txt,IterativeQuickSort,1,0.109700,0.00,0.00
randomArrays.txt,IterativeQuickSort,2,0.113800,0.00,0.00
randomArrays.txt,IterativeQuickSort,3,0.114000,0.00,0.00
randomArrays.txt,IterativeQuickSort,1,0.070200,0.00,0.00
randomArrays.txt,IterativeQuickSort,2,0.125000,0.00,0.00
randomArrays.txt,IterativeQuickSort,3,0.075400,0.00,0.00
randomArrays.txt,IterativeQuickSort,1,0.015100,0.00,0.00
randomArrays.txt,IterativeQuickSort,2,0.014400,0.00,0.00
randomArrays.txt,IterativeQuickSort,3,0.013700,0.00,0.00
randomArrays.txt,IterativeQuickSort,1,0.078000,0.00,0.00
randomArrays.txt,IterativeQuickSort,2,0.079400,0.00,0.00
randomArrays.txt,IterativeQuickSort,3,0.078600,0.00,0.00
randomArrays.txt,IterativeQuickSort,1,0.088900,0.00,0.00
randomArrays.txt,IterativeQuickSort,2,0.080100,0.00,0.00
randomArrays.txt,IterativeQuickSort,3,0.086400,0.00,0.00
randomArrays.txt,IterativeQuickSort,1,0.131700,0.00,0.00
randomArrays.txt,IterativeQuickSort,2,0.132900,0.00,0.00
randomArrays.txt,IterativeQuickSort,3,0.132300,0.00,0.00
randomArrays.txt,IterativeQuickSort,1,0.105600,0.00,0.00
randomArrays.txt,IterativeQuickSort,2,0.105400,0.00,0.00
randomArrays.txt,IterativeQuickSort,3,0.156600,0.00,0.00
randomArrays.txt,IterativeQuickSort,1,0.145200,0.00,0.00
randomArrays.txt,IterativeQuickSort,2,0.141900,0.00,0.00
randomArrays.txt,IterativeQuickSort,3,0.157200,0.00,0.50
randomArrays.txt,IterativeQuickSort,1,0.120300,0.00,0.00
randomArrays.txt,IterativeQuickSort,2,0.107100,0.00,0.00
randomArrays.txt,IterativeQuickSort,3,0.108300,0.00,0.00
randomArrays.txt,IterativeQuickSort,1,0.102700,0.00,0.00
randomArrays.txt,IterativeQuickSort,2,0.166400,0.00,0.00
randomArrays.txt,IterativeQuickSort,3,0.106800,0.00,0.00
randomArrays.txt,IterativeQuickSort,1,0.140600,0.00,0.00
randomArrays.txt,IterativeQuickSort,2,0.148400,0.00,0.00
randomArrays.txt,IterativeQuickSort,3,0.137800,0.00,0.00
randomArrays.txt,IterativeQuickSort,1,0.002700,0.00,0.00
randomArrays.txt,IterativeQuickSort,2,0.002300,0.00,0.00
randomArrays.txt,IterativeQuickSort,3,0.002200,0.00,0.00
randomArrays.txt,IterativeQuickSort,1,0.070300,0.00,0.00
randomArrays.txt,IterativeQuickSort,2,0.069200,0.00,0.00
randomArrays.txt,IterativeQuickSort,3,0.067600,0.00,0.00
randomArrays.txt,IterativeQuickSort,1,0.086700,0.00,0.00
randomArrays.txt,IterativeQuickSort,2,0.084700,0.00,0.00
randomArrays.txt,IterativeQuickSort,3,0.098000,0.00,0.00
randomArrays.txt,IterativeQuickSort,1,0.034700,0.00,0.00
randomArrays.txt,IterativeQuickSort,2,0.029600,0.00,0.00
randomArrays.txt,IterativeQuickSort,3,0.028900,0.00,0.00
randomArrays.txt,IterativeQuickSort,1,0.054100,0.00,0.00
randomArrays.txt,IterativeQuickSort,2,0.050300,0.00,0.00
randomArrays.txt,IterativeQuickSort,3,0.052000,0.00,0.00
randomArrays.txt,IterativeQuickSort,1,0.064700,0.00,0.00
randomArrays.txt,IterativeQuickSort,2,0.084300,0.00,0.00
randomArrays.txt,IterativeQuickSort,3,0.062200,0.00,0.00
randomArrays.txt,IterativeQuickSort,1,0.148400,0.00,0.00
randomArrays.txt,IterativeQuickSort,2,0.124100,0.00,0.00
randomArrays.txt,IterativeQuickSort,3,0.120700,0.00,0.00
randomArrays.txt,IterativeQuickSort,1,0.010300,0.00,0.00
randomArrays.txt,IterativeQuickSort,2,0.008700,0.00,0.00
randomArrays.txt,IterativeQuickSort,3,0.008400,0.00,0.00
randomArrays.txt,IterativeQuickSort,1,0.060700,0.00,0.00
randomArrays.txt,IterativeQuickSort,2,0.056000,0.00,0.00
randomArrays.txt,IterativeQuickSort,3,0.067800,0.00,0.00
randomArrays.txt,IterativeQuickSort,1,0.012200,0.00,0.00
randomArrays.txt,IterativeQuickSort,2,0.010200,0.00,0.00
randomArrays.txt,IterativeQuickSort,3,0.010100,0.00,0.00
randomArrays.txt,IterativeQuickSort,1,0.052800,0.00,0.00
randomArrays.txt,IterativeQuickSort,2,0.048300,0.00,0.00
randomArrays.txt,IterativeQuickSort,3,0.045100,0.00,0.00
randomArrays.txt,IterativeQuickSort,1,0.003700,0.00,0.00
randomArrays.txt,IterativeQuickSort,2,0.002700,0.00,0.00
randomArrays.txt,IterativeQuickSort,3,0.002400,0.00,0.00
randomArrays.txt,IterativeQuickSort,1,0.069800,0.00,0.00
randomArrays.txt,IterativeQuickSort,2,0.063800,0.00,0.00
randomArrays.txt,IterativeQuickSort,3,0.062300,0.00,0.00
randomArrays.txt,IterativeQuickSort,1,0.042000,0.00,0.00
randomArrays.txt,IterativeQuickSort,2,0.028000,0.00,0.00
randomArrays.txt,IterativeQuickSort,3,0.033800,0.00,0.00
randomArrays.txt,IterativeQuickSort,1,0.009000,0.00,0.00
randomArrays.txt,IterativeQuickSort,2,0.008600,0.00,0.00
randomArrays.txt,IterativeQuickSort,3,0.012800,0.00,0.00
randomArrays.txt,IterativeQuickSort,1,0.084400,0.00,0.00
randomArrays.txt,IterativeQuickSort,2,0.082800,0.00,0.00
randomArrays.txt,IterativeQuickSort,3,0.180300,0.00,0.00
randomArrays.txt,IterativeQuickSort,1,0.085700,0.00,0.00
randomArrays.txt,IterativeQuickSort,2,0.085500,0.00,0.00
randomArrays.txt,IterativeQuickSort,3,0.078000,0.00,0.00
randomArrays.txt,IterativeQuickSort,1,0.084700,0.00,0.00
randomArrays.txt,IterativeQuickSort,2,0.088700,0.00,0.00
randomArrays.txt,IterativeQuickSort,3,0.082300,0.00,0.00
randomArrays.txt,IterativeQuickSort,1,0.119900,0.00,0.00
randomArrays.txt,IterativeQuickSort,2,0.113300,0.00,0.00
randomArrays.txt,IterativeQuickSort,3,0.119700,0.00,0.00
randomArrays.txt,IterativeQuickSort,1,0.085300,0.00,0.00
randomArrays.txt,IterativeQuickSort,2,0.088400,0.00,0.00
randomArrays.txt,IterativeQuickSort,3,0.099000,0.00,0.00
randomArrays.txt,IterativeQuickSort,1,0.112100,0.00,0.00
randomArrays.txt,IterativeQuickSort,2,0.107800,0.00,0.00
randomArrays.txt,IterativeQuickSort,3,0.102700,0.00,0.00
randomArrays.txt,IterativeQuickSort,1,0.056300,0.00,0.00
randomArrays.txt,IterativeQuickSort,2,0.055600,0.00,0.00
randomArrays.txt,IterativeQuickSort,3,0.058800,0.00,0.00
randomArrays.txt,IterativeQuickSort,1,0.042800,0.00,0.00
randomArrays.txt,IterativeQuickSort,2,0.048300,0.00,0.00
randomArrays.txt,IterativeQuickSort,3,0.053500,0.00,0.00
randomArrays.txt,IterativeQuickSort,1,0.053800,0.00,0.00
randomArrays.txt,IterativeQuickSort,2,0.049100,0.00,0.00
randomArrays.txt,IterativeQuickSort,3,0.047800,0.00,0.00
randomArrays.txt,IterativeQuickSort,1,0.079200,0.00,0.00
randomArrays.txt,IterativeQuickSort,2,0.075600,0.00,0.00
randomArrays.txt,IterativeQuickSort,3,0.076900,0.00,0.00
randomArrays.txt,IterativeQuickSort,1,0.124200,0.00,0.00
randomArrays.txt,IterativeQuickSort,2,0.124400,0.00,0.00
randomArrays.txt,IterativeQuickSort,3,0.123300,0.00,0.00
randomArrays.txt,IterativeQuickSort,1,0.018500,0.00,0.00
randomArrays.txt,IterativeQuickSort,2,0.015700,0.00,0.00
randomArrays.txt,IterativeQuickSort,3,0.019800,0.00,0.00
randomArrays.txt,IterativeQuickSort,1,0.060300,0.00,0.00
randomArrays.txt,IterativeQuickSort,2,0.100100,0.00,0.00
randomArrays.txt,IterativeQuickSort,3,0.065200,0.00,0.00
randomArrays.txt,IterativeQuickSort,1,0.047300,0.00,0.00
randomArrays.txt,IterativeQuickSort,2,0.048000,0.00,0.00
randomArrays.txt,IterativeQuickSort,3,0.048100,0.00,0.00
randomArrays.txt,IterativeQuickSort,1,0.085700,0.00,0.00
randomArrays.txt,IterativeQuickSort,2,0.113900,0.00,0.00
randomArrays.txt,IterativeQuickSort,3,0.086800,0.00,0.00
randomArrays.txt,IterativeQuickSort,1,0.079700,0.00,0.00
randomArrays.txt,IterativeQuickSort,2,0.077600,0.00,0.00
randomArrays.txt,IterativeQuickSort,3,0.068700,0.00,0.00
randomArrays.txt,IterativeQuickSort,1,0.109700,0.00,0.00
randomArrays.txt,IterativeQuickSort,2,0.112100,0.00,0.00
randomArrays.txt,IterativeQuickSort,3,0.114000,0.00,0.00
randomArrays.txt,IterativeQuickSort,1,0.013300,0.00,0.00
randomArrays.txt,IterativeQuickSort,2,0.011800,0.00,0.00
randomArrays.txt,IterativeQuickSort,3,0.011200,0.00,0.00
randomArrays.txt,IterativeQuickSort,1,0.063900,0.00,0.00
randomArrays.txt,IterativeQuickSort,2,0.094800,0.00,0.00
randomArrays.txt,IterativeQuickSort,3,0.111700,0.00,0.00
randomArrays.txt,IterativeQuickSort,1,0.067300,0.00,0.00
randomArrays.txt,IterativeQuickSort,2,0.066600,0.00,0.00
randomArrays.txt,IterativeQuickSort,3,0.065400,0.00,0.00
randomArrays.txt,IterativeQuickSort,1,0.034000,0.00,0.00
randomArrays.txt,IterativeQuickSort,2,0.032200,0.00,0.00
randomArrays.txt,IterativeQuickSort,3,0.026900,0.00,0.00
randomArrays.txt,IterativeQuickSort,1,0.010700,0.00,0.00
randomArrays.txt,IterativeQuickSort,2,0.012600,0.00,0.00
randomArrays.txt,IterativeQuickSort,3,0.010700,0.00,0.00
randomArrays.txt,IterativeQuickSort,1,0.085900,0.00,0.00
randomArrays.txt,IterativeQuickSort,2,0.123700,0.00,0.00
randomArrays.txt,IterativeQuickSort,3,0.093200,0.00,0.00
randomArrays.txt,IterativeQuickSort,1,0.058300,0.00,0.00
randomArrays.txt,IterativeQuickSort,2,0.054200,0.00,0.00
randomArrays.txt,IterativeQuickSort,3,0.054200,0.00,0.00
randomArrays.txt,IterativeQuickSort,1,0.045500,0.00,0.00
randomArrays.txt,IterativeQuickSort,2,0.041900,0.00,0.00
randomArrays.txt,IterativeQuickSort,3,0.041800,0.00,0.00
randomArrays.txt,IterativeQuickSort,1,0.100600,0.00,0.00
randomArrays.txt,IterativeQuickSort,2,0.095500,0.00,0.00
randomArrays.txt,IterativeQuickSort,3,0.089800,0.00,0.00
randomArrays.txt,IterativeQuickSort,1,0.033200,0.00,0.00
randomArrays.txt,IterativeQuickSort,2,0.030900,0.00,0.00
randomArrays.txt,IterativeQuickSort,3,0.042200,0.00,0.00
randomArrays.txt,IterativeQuickSort,1,0.079900,0.00,0.50
randomArrays.txt,IterativeQuickSort,2,0.070100,0.00,0.00
randomArrays.txt,IterativeQuickSort,3,0.083200,0.00,0.00
randomArrays.txt,IterativeQuickSort,1,0.159000,0.00,0.00
randomArrays.txt,IterativeQuickSort,2,0.130400,0.00,0.00
randomArrays.txt,IterativeQuickSort,3,0.133900,0.00,0.00
randomArrays.txt,IterativeQuickSort,1,0.008600,0.00,0.00
randomArrays.txt,IterativeQuickSort,2,0.007100,0.00,0.00
randomArrays.txt,IterativeQuickSort,3,0.007100,0.00,0.00
randomArrays.txt,IterativeQuickSort,1,0.382600,0.00,0.00
randomArrays.txt,IterativeQuickSort,2,0.085400,0.00,0.00
randomArrays.txt,IterativeQuickSort,3,0.129500,0.00,0.00
randomArrays.txt,IterativeQuickSort,1,0.064100,0.00,0.00
randomArrays.txt,IterativeQuickSort,2,0.058300,0.00,0.00
randomArrays.txt,IterativeQuickSort,3,0.065400,0.00,0.00
randomArrays.txt,IterativeQuickSort,1,0.131100,0.00,0.00
randomArrays.txt,IterativeQuickSort,2,0.144400,0.00,0.00
randomArrays.txt,IterativeQuickSort,3,0.136300,0.00,0.00
randomArrays.txt,IterativeQuickSort,1,0.074000,0.00,0.00
randomArrays.txt,IterativeQuickSort,2,0.069200,0.00,0.00
randomArrays.txt,IterativeQuickSort,3,0.066500,0.00,0.00
randomArrays.txt,IterativeQuickSort,1,0.069500,0.00,0.00
randomArrays.txt,IterativeQuickSort,2,0.088700,0.00,0.00
randomArrays.txt,IterativeQuickSort,3,0.074100,0.00,0.00
randomArrays.txt,IterativeQuickSort,1,0.075400,0.00,0.00
randomArrays.txt,IterativeQuickSort,2,0.072200,0.00,0.00
randomArrays.txt,IterativeQuickSort,3,0.072300,0.00,0.00
randomArrays.txt,IterativeQuickSort,1,0.078600,0.00,0.00
randomArrays.txt,IterativeQuickSort,2,0.072000,0.00,0.00
randomArrays.txt,IterativeQuickSort,3,0.077300,0.00,0.00
randomArrays.txt,IterativeQuickSort,1,0.041100,0.00,0.00
randomArrays.txt,IterativeQuickSort,2,0.034200,0.00,0.00
randomArrays.txt,IterativeQuickSort,3,0.033000,0.00,0.00
randomArrays.txt,IterativeQuickSort,1,0.036200,0.00,0.00
randomArrays.txt,IterativeQuickSort,2,0.033600,0.00,0.00
randomArrays.txt,IterativeQuickSort,3,0.030100,0.00,0.00
randomArrays.txt,IterativeQuickSort,1,0.124800,0.00,0.00
randomArrays.txt,IterativeQuickSort,2,0.119100,0.00,0.00
randomArrays.txt,IterativeQuickSort,3,0.117300,0.00,0.00
randomArrays.txt,IterativeQuickSort,1,0.111400,0.00,0.00
randomArrays.txt,IterativeQuickSort,2,0.135700,0.00,0.00
randomArrays.txt,IterativeQuickSort,3,0.121900,0.00,0.00
randomArrays.txt,IterativeQuickSort,1,0.142900,0.00,0.00
randomArrays.txt,IterativeQuickSort,2,0.129500,0.00,0.00
randomArrays.txt,IterativeQuickSort,3,0.133500,0.00,0.00
randomArrays.txt,IterativeQuickSort,1,0.119500,0.00,0.00
randomArrays.txt,IterativeQuickSort,2,0.120900,0.00,0.00
randomArrays.txt,IterativeQuickSort,3,0.130200,0.00,0.00
randomArrays.txt,IterativeQuickSort,1,0.108300,0.00,0.00
randomArrays.txt,IterativeQuickSort,2,0.130900,0.00,0.00
randomArrays.txt,IterativeQuickSort,3,0.131600,0.00,0.00
randomArrays.txt,IterativeQuickSort,1,0.004400,0.00,0.00
randomArrays.txt,IterativeQuickSort,2,0.004400,0.00,0.00
randomArrays.txt,IterativeQuickSort,3,0.006400,0.00,0.00
randomArrays.txt,IterativeQuickSort,1,0.029500,0.00,0.00
randomArrays.txt,IterativeQuickSort,2,0.024100,0.00,0.00
randomArrays.txt,IterativeQuickSort,3,0.024600,0.00,0.00
randomArrays.txt,IterativeQuickSort,1,0.123200,0.00,0.00
randomArrays.txt,IterativeQuickSort,2,0.120400,0.00,0.00
randomArrays.txt,IterativeQuickSort,3,0.117700,0.00,0.00
randomArrays.txt,IterativeQuickSort,1,0.178900,0.00,0.00
randomArrays.txt,IterativeQuickSort,2,0.097200,0.00,0.00
randomArrays.txt,IterativeQuickSort,3,0.096300,0.00,0.00
randomArrays.txt,IterativeQuickSort,1,0.096900,0.00,0.00
randomArrays.txt,IterativeQuickSort,2,0.181100,0.00,0.00
randomArrays.txt,IterativeQuickSort,3,0.096500,0.00,0.00
randomArrays.txt,IterativeQuickSort,1,0.142000,0.00,0.00
randomArrays.txt,IterativeQuickSort,2,0.143800,0.00,0.00
randomArrays.txt,IterativeQuickSort,3,0.169700,0.00,0.00
randomArrays.txt,IterativeQuickSort,1,0.143200,0.00,0.00
randomArrays.txt,IterativeQuickSort,2,0.150800,0.00,0.00
randomArrays.txt,IterativeQuickSort,3,0.145200,0.00,0.00
randomArrays.txt,IterativeQuickSort,1,0.039700,0.00,0.00
randomArrays.txt,IterativeQuickSort,2,0.037600,0.00,0.00
randomArrays.txt,IterativeQuickSort,3,0.038500,0.00,0.00
randomArrays.txt,IterativeQuickSort,1,0.079800,0.00,0.00
randomArrays.txt,IterativeQuickSort,2,0.081800,4775.37,0.00
randomArrays.txt,IterativeQuickSort,3,0.080700,0.00,0.00
randomArrays.txt,IterativeQuickSort,1,0.147800,0.00,0.00
randomArrays.txt,IterativeQuickSort,2,0.112900,0.00,0.00
randomArrays.txt,IterativeQuickSort,3,0.114000,0.00,0.00
randomArrays.txt,IterativeQuickSort,1,0.025400,0.00,0.00
randomArrays.txt,IterativeQuickSort,2,0.023000,0.00,0.00
randomArrays.txt,IterativeQuickSort,3,0.022900,0.00,0.00
randomArrays.txt,IterativeQuickSort,1,0.108700,0.00,0.00
randomArrays.txt,IterativeQuickSort,2,0.103800,0.00,0.00
randomArrays.txt,IterativeQuickSort,3,0.103100,0.00,0.00
randomArrays.txt,IterativeQuickSort,1,0.143900,0.00,0.00
randomArrays.txt,IterativeQuickSort,2,0.141900,0.00,0.00
randomArrays.txt,IterativeQuickSort,3,0.142400,0.00,0.00
randomArrays.txt,IterativeQuickSort,1,0.085400,0.00,0.00
randomArrays.txt,IterativeQuickSort,2,0.084700,0.00,0.00
randomArrays.txt,IterativeQuickSort,3,0.084500,0.00,0.00
randomArrays.txt,IterativeQuickSort,1,0.028000,0.00,0.00
randomArrays.txt,IterativeQuickSort,2,0.028600,0.00,0.00
randomArrays.txt,IterativeQuickSort,3,0.025000,0.00,0.00
randomArrays.txt,IterativeQuickSort,1,0.122300,0.00,0.00
randomArrays.txt,IterativeQuickSort,2,0.719900,0.00,0.00
randomArrays.txt,IterativeQuickSort,3,0.111000,0.00,0.00
randomArrays.txt,IterativeQuickSort,1,0.023900,0.00,0.00
randomArrays.txt,IterativeQuickSort,2,0.021700,0.00,0.00
randomArrays.txt,IterativeQuickSort,3,0.021600,0.00,0.00
randomArrays.txt,IterativeQuickSort,1,0.075600,0.00,0.00
randomArrays.txt,IterativeQuickSort,2,0.076600,0.00,0.00
randomArrays.txt,IterativeQuickSort,3,0.072400,0.00,0.00
randomArrays.txt,IterativeQuickSort,1,0.052800,0.00,0.00
randomArrays.txt,IterativeQuickSort,2,0.051400,0.00,0.00
randomArrays.txt,IterativeQuickSort,3,0.051000,0.00,0.00
randomArrays.txt,IterativeQuickSort,1,0.115800,0.00,0.00
randomArrays.txt,IterativeQuickSort,2,0.116200,0.00,0.00
randomArrays.txt,IterativeQuickSort,3,0.145300,0.00,0.00
randomArrays.txt,IterativeQuickSort,1,0.107800,0.00,0.00
randomArrays.txt,IterativeQuickSort,2,0.101400,0.00,0.00
randomArrays.txt,IterativeQuickSort,3,0.100100,0.00,0.00
randomArrays.txt,IterativeQuickSort,1,0.104700,0.00,0.00
randomArrays.txt,IterativeQuickSort,2,0.102200,0.00,0.00
randomArrays.txt,IterativeQuickSort,3,0.100400,0.00,0.00
randomArrays.txt,IterativeQuickSort,1,0.116100,0.00,0.00
randomArrays.txt,IterativeQuickSort,2,0.116500,0.00,0.00
randomArrays.txt,IterativeQuickSort,3,0.112800,0.00,0.00
randomArrays.txt,IterativeQuickSort,1,0.208000,0.00,0.00
randomArrays.txt,IterativeQuickSort,2,0.117600,0.00,0.00
randomArrays.txt,IterativeQuickSort,3,0.121000,0.00,0.00
randomArrays.txt,IterativeQuickSort,1,0.055400,0.00,0.00
randomArrays.txt,IterativeQuickSort,2,0.052800,0.00,0.00
randomArrays.txt,IterativeQuickSort,3,0.052000,0.00,0.00
randomArrays.txt,IterativeQuickSort,1,0.112000,0.00,0.00
randomArrays.txt,IterativeQuickSort,2,0.081300,0.00,0.00
randomArrays.txt,IterativeQuickSort,3,0.081900,0.00,0.00
randomArrays.txt,IterativeQuickSort,1,0.139900,0.00,0.00
randomArrays.txt,IterativeQuickSort,2,1.333700,0.00,0.00
randomArrays.txt,IterativeQuickSort,3,0.130200,0.00,0.00
randomArrays.txt,IterativeQuickSort,1,0.034800,0.00,0.00
randomArrays.txt,IterativeQuickSort,2,0.032000,0.00,0.00
randomArrays.txt,IterativeQuickSort,3,0.032000,0.00,0.00
randomArrays.txt,IterativeQuickSort,1,0.100400,0.00,0.00
randomArrays.txt,IterativeQuickSort,2,0.100900,0.00,0.00
randomArrays.txt,IterativeQuickSort,3,0.101200,0.00,0.00
randomArrays.txt,IterativeQuickSort,1,0.092800,0.00,0.00
randomArrays.txt,IterativeQuickSort,2,0.091300,0.00,0.00
randomArrays.txt,IterativeQuickSort,3,0.090900,0.00,0.00
randomArrays.txt,IterativeQuickSort,1,0.011400,0.00,0.00
randomArrays.txt,IterativeQuickSort,2,0.010300,0.00,0.00
randomArrays.txt,IterativeQuickSort,3,0.009800,0.00,0.00
randomArrays.txt,IterativeQuickSort,1,0.066300,0.00,0.00
randomArrays.txt,IterativeQuickSort,2,0.063000,0.00,0.00
randomArrays.txt,IterativeQuickSort,3,0.064200,0.00,0.00
randomArrays.txt,IterativeQuickSort,1,0.117000,0.00,0.00
randomArrays.txt,IterativeQuickSort,2,0.108400,0.00,0.00
randomArrays.txt,IterativeQuickSort,3,0.108600,0.00,0.00
randomArrays.txt,IterativeQuickSort,1,0.031700,0.00,0.00
randomArrays.txt,IterativeQuickSort,2,0.029500,0.00,0.00
randomArrays.txt,IterativeQuickSort,3,0.029500,0.00,0.00
randomArrays.txt,IterativeQuickSort,1,0.058100,0.00,0.00
randomArrays.txt,IterativeQuickSort,2,0.061800,0.00,0.00
randomArrays.txt,IterativeQuickSort,3,0.059100,0.00,0.00
randomArrays.txt,IterativeQuickSort,1,0.138000,0.00,0.50
randomArrays.txt,IterativeQuickSort,2,0.108300,0.00,0.00
randomArrays.txt,IterativeQuickSort,3,0.125900,0.00,0.00
randomArrays.txt,IterativeQuickSort,1,0.040300,0.00,0.00
randomArrays.txt,IterativeQuickSort,2,0.036900,0.00,0.00
randomArrays.txt,IterativeQuickSort,3,0.035900,0.00,0.00
randomArrays.txt,IterativeQuickSort,1,0.046300,0.00,0.00
randomArrays.txt,IterativeQuickSort,2,0.039700,0.00,0.00
randomArrays.txt,IterativeQuickSort,3,0.041600,0.00,0.00
randomArrays.txt,IterativeQuickSort,1,0.038000,0.00,0.00
randomArrays.txt,IterativeQuickSort,2,0.035100,0.00,0.00
randomArrays.txt,IterativeQuickSort,3,0.038100,0.00,0.00
randomArrays.txt,IterativeQuickSort,1,0.099700,0.00,0.00
randomArrays.txt,IterativeQuickSort,2,0.092000,0.00,0.00
randomArrays.txt,IterativeQuickSort,3,0.089400,0.00,0.00
randomArrays.txt,IterativeQuickSort,1,0.006900,0.00,0.00
randomArrays.txt,IterativeQuickSort,2,0.005500,0.00,0.00
randomArrays.txt,IterativeQuickSort,3,0.005700,0.00,0.00
randomArrays.txt,IterativeQuickSort,1,0.080200,0.00,0.00
randomArrays.txt,IterativeQuickSort,2,0.084500,0.00,0.00
randomArrays.txt,IterativeQuickSort,3,0.080500,0.00,0.00
randomArrays.txt,IterativeQuickSort,1,0.134500,0.00,0.00
randomArrays.txt,IterativeQuickSort,2,0.131400,0.00,0.00
randomArrays.txt,IterativeQuickSort,3,0.131100,0.00,0.00
randomArrays.txt,IterativeQuickSort,1,0.114300,0.00,0.00
randomArrays.txt,IterativeQuickSort,2,0.118900,0.00,0.00
randomArrays.txt,IterativeQuickSort,3,0.105200,0.00,0.00
randomArrays.txt,IterativeQuickSort,1,0.130300,0.00,0.00
randomArrays.txt,IterativeQuickSort,2,0.114000,0.00,0.00
randomArrays.txt,IterativeQuickSort,3,0.109400,0.00,0.00
randomArrays.txt,IterativeQuickSort,1,0.109500,0.00,0.00
randomArrays.txt,IterativeQuickSort,2,0.107300,0.00,0.00
randomArrays.txt,IterativeQuickSort,3,0.106600,0.00,0.00
randomArrays.txt,IterativeQuickSort,1,0.100800,0.00,0.00
randomArrays.txt,IterativeQuickSort,2,0.099000,0.00,0.00
randomArrays.txt,IterativeQuickSort,3,0.098200,0.00,0.00
randomArrays.txt,IterativeQuickSort,1,0.033300,0.00,0.00
randomArrays.txt,IterativeQuickSort,2,0.033500,0.00,0.00
randomArrays.txt,IterativeQuickSort,3,0.029400,0.00,0.00
randomArrays.txt,IterativeQuickSort,1,0.051500,0.00,0.00
randomArrays.txt,IterativeQuickSort,2,0.047200,0.00,0.00
randomArrays.txt,IterativeQuickSort,3,0.049300,0.00,0.00
randomArrays.txt,IterativeQuickSort,1,0.126700,0.00,0.00
randomArrays.txt,IterativeQuickSort,2,0.124700,0.00,0.00
randomArrays.txt,IterativeQuickSort,3,0.123100,0.00,0.00
randomArrays.txt,IterativeQuickSort,1,0.130100,0.00,0.00
randomArrays.txt,IterativeQuickSort,2,0.129400,0.00,0.00
randomArrays.txt,IterativeQuickSort,3,0.128800,0.00,0.00
randomArrays.txt,IterativeQuickSort,1,0.077100,0.00,0.00
randomArrays.txt,IterativeQuickSort,2,0.083700,0.00,0.00
randomArrays.txt,IterativeQuickSort,3,0.082200,0.00,0.00
randomArrays.txt,IterativeQuickSort,1,0.062000,0.00,0.00
randomArrays.txt,IterativeQuickSort,2,0.061500,0.00,0.00
randomArrays.txt,IterativeQuickSort,3,0.061800,0.00,0.00
randomArrays.txt,IterativeQuickSort,1,0.027900,0.00,0.00
randomArrays.txt,IterativeQuickSort,2,0.027100,0.00,0.00
randomArrays.txt,IterativeQuickSort,3,0.111900,0.00,0.00
randomArrays.txt,IterativeQuickSort,1,0.108600,0.00,0.00
randomArrays.txt,IterativeQuickSort,2,0.102200,0.00,0.00
randomArrays.txt,IterativeQuickSort,3,0.101500,0.00,0.00
randomArrays.txt,IterativeQuickSort,1,0.079900,0.00,0.00
randomArrays.txt,IterativeQuickSort,2,0.085300,0.00,0.00
randomArrays.txt,IterativeQuickSort,3,0.095000,0.00,0.00
randomArrays.txt,IterativeQuickSort,1,0.002400,0.00,0.00
randomArrays.txt,IterativeQuickSort,2,0.002300,0.00,0.00
randomArrays.txt,IterativeQuickSort,3,0.002100,0.00,0.00
randomArrays.txt,IterativeQuickSort,1,0.068000,0.00,0.00
randomArrays.txt,IterativeQuickSort,2,0.070200,0.00,0.00
randomArrays.txt,IterativeQuickSort,3,0.065700,0.00,0.00
randomArrays.txt,IterativeQuickSort,1,0.037200,0.00,0.00
randomArrays.txt,IterativeQuickSort,2,0.035700,0.00,0.00
randomArrays.txt,IterativeQuickSort,3,0.040000,0.00,0.00
randomArrays.txt,IterativeQuickSort,1,0.049100,0.00,0.00
randomArrays.txt,IterativeQuickSort,2,0.043900,0.00,0.00
randomArrays.txt,IterativeQuickSort,3,0.045700,0.00,0.00
randomArrays.txt,IterativeQuickSort,1,0.039000,0.00,0.00
randomArrays.txt,IterativeQuickSort,2,0.040400,0.00,0.00
randomArrays.txt,IterativeQuickSort,3,0.034100,0.00,0.00
randomArrays.txt,IterativeQuickSort,1,0.046200,0.00,0.00
randomArrays.txt,IterativeQuickSort,2,0.049800,0.00,0.00
randomArrays.txt,IterativeQuickSort,3,0.050100,0.00,0.00
randomArrays.txt,IterativeQuickSort,1,0.037300,0.00,0.00
randomArrays.txt,IterativeQuickSort,2,0.035600,0.00,0.00
randomArrays.txt,IterativeQuickSort,3,0.033800,0.00,0.00
randomArrays.txt,IterativeQuickSort,1,0.032300,0.00,0.00
randomArrays.txt,IterativeQuickSort,2,0.027300,0.00,0.00
randomArrays.txt,IterativeQuickSort,3,0.028500,0.00,0.00
randomArrays.txt,IterativeQuickSort,1,0.144100,0.00,0.00
randomArrays.txt,IterativeQuickSort,2,0.119400,0.00,0.00
randomArrays.txt,IterativeQuickSort,3,0.117800,0.00,0.00
randomArrays.txt,IterativeQuickSort,1,0.112800,0.00,0.00
randomArrays.txt,IterativeQuickSort,2,0.093100,0.00,0.00
randomArrays.txt,IterativeQuickSort,3,0.089100,0.00,0.00
randomArrays.txt,IterativeQuickSort,1,0.076000,0.00,0.00
randomArrays.txt,IterativeQuickSort,2,0.082100,0.00,0.50
randomArrays.txt,IterativeQuickSort,3,0.163200,0.00,0.00
randomArrays.txt,IterativeQuickSort,1,0.077800,0.00,0.00
randomArrays.txt,IterativeQuickSort,2,0.086000,0.00,0.00
randomArrays.txt,IterativeQuickSort,3,0.074400,0.00,0.00
randomArrays.txt,IterativeQuickSort,1,0.134800,0.00,0.00
randomArrays.txt,IterativeQuickSort,2,0.130400,0.00,0.00
randomArrays.txt,IterativeQuickSort,3,0.143200,0.00,0.00
randomArrays.txt,IterativeQuickSort,1,0.054700,0.00,0.00
randomArrays.txt,IterativeQuickSort,2,0.046300,0.00,0.00
randomArrays.txt,IterativeQuickSort,3,0.048600,0.00,0.00
randomArrays.txt,IterativeQuickSort,1,0.102700,0.00,0.00
randomArrays.txt,IterativeQuickSort,2,0.098300,0.00,0.00
randomArrays.txt,IterativeQuickSort,3,0.101600,0.00,0.00
randomArrays.txt,IterativeQuickSort,1,0.111500,0.00,0.00
randomArrays.txt,IterativeQuickSort,2,0.110400,0.00,0.00
randomArrays.txt,IterativeQuickSort,3,0.098900,0.00,0.00
randomArrays.txt,IterativeQuickSort,1,0.064600,0.00,0.00
randomArrays.txt,IterativeQuickSort,2,0.065800,0.00,0.00
randomArrays.txt,IterativeQuickSort,3,0.074600,0.00,0.00
randomArrays.txt,IterativeQuickSort,1,0.103700,0.00,0.00
randomArrays.txt,IterativeQuickSort,2,0.101000,0.00,0.00
randomArrays.txt,IterativeQuickSort,3,0.135200,0.00,0.00
randomArrays.txt,IterativeQuickSort,1,0.012100,0.00,0.00
randomArrays.txt,IterativeQuickSort,2,0.010900,0.00,0.00
randomArrays.txt,IterativeQuickSort,3,0.010000,0.00,0.00
randomArrays.txt,IterativeQuickSort,1,0.106900,0.00,0.00
randomArrays.txt,IterativeQuickSort,2,0.109500,0.00,0.00
randomArrays.txt,IterativeQuickSort,3,0.096700,0.00,0.00
randomArrays.txt,IterativeQuickSort,1,0.085000,0.00,0.00
randomArrays.txt,IterativeQuickSort,2,0.081400,0.00,0.00
randomArrays.txt,IterativeQuickSort,3,0.080700,0.00,0.00
randomArrays.txt,IterativeQuickSort,1,0.127300,0.00,0.00
randomArrays.txt,IterativeQuickSort,2,0.117300,0.00,0.50
randomArrays.txt,IterativeQuickSort,3,0.110100,0.00,0.00
randomArrays.txt,IterativeQuickSort,1,0.108200,0.00,0.00
randomArrays.txt,IterativeQuickSort,2,0.104700,0.00,0.00
randomArrays.txt,IterativeQuickSort,3,0.104900,0.00,0.00
randomArrays.txt,IterativeQuickSort,1,0.035700,0.00,0.00
randomArrays.txt,IterativeQuickSort,2,0.139000,0.00,0.00
randomArrays.txt,IterativeQuickSort,3,0.042300,0.00,0.00
randomArrays.txt,IterativeQuickSort,1,0.153400,0.00,0.00
randomArrays.txt,IterativeQuickSort,2,0.147700,0.00,0.00
randomArrays.txt,IterativeQuickSort,3,0.151200,0.00,0.00
randomArrays.txt,IterativeQuickSort,1,0.041600,0.00,0.00
randomArrays.txt,IterativeQuickSort,2,0.039000,0.00,0.00
randomArrays.txt,IterativeQuickSort,3,0.037200,0.00,0.00
randomArrays.txt,IterativeQuickSort,1,0.080600,0.00,0.00
randomArrays.txt,IterativeQuickSort,2,0.064700,0.00,0.00
randomArrays.txt,IterativeQuickSort,3,0.060200,0.00,0.00
randomArrays.txt,IterativeQuickSort,1,0.075600,0.00,0.00
randomArrays.txt,IterativeQuickSort,2,0.070400,0.00,0.00
randomArrays.txt,IterativeQuickSort,3,0.554300,0.00,0.00
randomArrays.txt,IterativeQuickSort,1,0.022900,0.00,0.00
randomArrays.txt,IterativeQuickSort,2,0.020700,0.00,0.00
randomArrays.txt,IterativeQuickSort,3,0.020800,0.00,0.00
randomArrays.txt,IterativeQuickSort,1,0.159500,0.00,0.00
randomArrays.txt,IterativeQuickSort,2,0.150100,0.00,0.00
randomArrays.txt,IterativeQuickSort,3,0.151100,0.00,0.00
randomArrays.txt,IterativeQuickSort,1,0.031000,0.00,0.00
randomArrays.txt,IterativeQuickSort,2,0.029700,0.00,0.00
randomArrays.txt,IterativeQuickSort,3,0.030600,0.00,0.00
randomArrays.txt,IterativeQuickSort,1,0.026700,0.00,0.00
randomArrays.txt,IterativeQuickSort,2,0.027400,0.00,0.00
randomArrays.txt,IterativeQuickSort,3,0.025200,0.00,0.00
randomArrays.txt,IterativeQuickSort,1,0.069600,0.00,0.00
randomArrays.txt,IterativeQuickSort,2,0.072800,0.00,0.00
randomArrays.txt,IterativeQuickSort,3,0.071600,0.00,0.00
randomArrays.txt,IterativeQuickSort,1,0.030700,0.00,0.00
randomArrays.txt,IterativeQuickSort,2,0.032700,0.00,0.00
randomArrays.txt,IterativeQuickSort,3,0.030400,0.00,0.00
randomArrays.txt,IterativeQuickSort,1,0.006000,0.00,0.00
randomArrays.txt,IterativeQuickSort,2,0.004600,0.00,0.00
randomArrays.txt,IterativeQuickSort,3,0.004100,0.00,0.00
randomArrays.txt,IterativeQuickSort,1,0.023600,0.00,0.00
randomArrays.txt,IterativeQuickSort,2,0.019800,0.00,0.00
randomArrays.txt,IterativeQuickSort,3,0.019700,0.00,0.00
randomArrays.txt,IterativeQuickSort,1,0.086500,0.00,0.00
randomArrays.txt,IterativeQuickSort,2,0.084700,0.00,0.00
randomArrays.txt,IterativeQuickSort,3,0.084200,0.00,0.00
randomArrays.txt,IterativeQuickSort,1,0.108700,0.00,0.00
randomArrays.txt,IterativeQuickSort,2,0.108100,0.00,0.00
randomArrays.txt,IterativeQuickSort,3,0.106100,0.00,0.00
randomArrays.txt,IterativeQuickSort,1,0.010000,0.00,0.00
randomArrays.txt,IterativeQuickSort,2,0.008900,0.00,0.00
randomArrays.txt,IterativeQuickSort,3,0.008900,0.00,0.00
randomArrays.txt,IterativeQuickSort,1,0.003100,0.00,0.00
randomArrays.txt,IterativeQuickSort,2,0.003500,0.00,0.00
randomArrays.txt,IterativeQuickSort,3,0.003000,0.00,0.00
randomArrays.txt,IterativeQuickSort,1,0.054500,0.00,0.00
randomArrays.txt,IterativeQuickSort,2,0.056700,0.00,0.00
randomArrays.txt,IterativeQuickSort,3,0.058900,0.00,0.00
randomArrays.txt,IterativeQuickSort,1,0.043200,0.00,0.00
randomArrays.txt,IterativeQuickSort,2,0.042600,0.00,0.00
randomArrays.txt,IterativeQuickSort,3,0.047500,0.00,0.00
randomArrays.txt,IterativeQuickSort,1,0.150000,0.00,0.00
randomArrays.txt,IterativeQuickSort,2,0.147200,0.00,0.00
randomArrays.txt,IterativeQuickSort,3,0.145800,0.00,0.00
randomArrays.txt,IterativeQuickSort,1,0.007300,0.00,0.00
randomArrays.txt,IterativeQuickSort,2,0.006000,0.00,0.00
randomArrays.txt,IterativeQuickSort,3,0.005800,0.00,0.00
randomArrays.txt,IterativeQuickSort,1,0.118400,0.00,0.00
randomArrays.txt,IterativeQuickSort,2,0.110500,0.00,0.00
randomArrays.txt,IterativeQuickSort,3,0.133300,0.00,0.00
randomArrays.txt,IterativeQuickSort,1,0.135500,0.00,0.00
randomArrays.txt,IterativeQuickSort,2,0.106400,0.00,0.00
randomArrays.txt,IterativeQuickSort,3,0.146900,0.00,0.00
randomArrays.txt,IterativeQuickSort,1,0.028100,0.00,0.00
randomArrays.txt,IterativeQuickSort,2,0.026300,0.00,0.00
randomArrays.txt,IterativeQuickSort,3,0.026200,0.00,0.00
randomArrays.txt,IterativeQuickSort,1,0.117800,0.00,0.00
randomArrays.txt,IterativeQuickSort,2,0.115800,0.00,0.00
randomArrays.txt,IterativeQuickSort,3,0.108100,0.00,0.00
randomArrays.txt,IterativeQuickSort,1,0.150000,0.00,0.00
randomArrays.txt,IterativeQuickSort,2,0.144100,0.00,0.00
randomArrays.txt,IterativeQuickSort,3,0.144600,0.00,0.00
randomArrays.txt,IterativeQuickSort,1,0.022200,0.00,0.00
randomArrays.txt,IterativeQuickSort,2,0.022900,0.00,0.00
randomArrays.txt,IterativeQuickSort,3,0.025200,0.00,0.00
randomArrays.txt,IterativeQuickSort,1,0.006400,0.00,0.00
randomArrays.txt,IterativeQuickSort,2,0.005500,0.00,0.00
randomArrays.txt,IterativeQuickSort,3,0.005200,0.00,0.00
randomArrays.txt,IterativeQuickSort,1,0.151900,0.00,0.00
randomArrays.txt,IterativeQuickSort,2,0.156000,0.00,0.00
randomArrays.txt,IterativeQuickSort,3,0.152600,0.00,0.00
randomArrays.txt,IterativeQuickSort,1,0.057700,0.00,0.00
randomArrays.txt,IterativeQuickSort,2,0.047700,0.00,0.00
randomArrays.txt,IterativeQuickSort,3,0.043900,0.00,0.00
randomArrays.txt,IterativeQuickSort,1,0.027100,0.00,0.00
randomArrays.txt,IterativeQuickSort,2,0.025800,0.00,0.00
randomArrays.txt,IterativeQuickSort,3,0.024300,0.00,0.00
randomArrays.txt,IterativeQuickSort,1,0.028200,0.00,0.00
randomArrays.txt,IterativeQuickSort,2,0.026700,0.00,0.00
randomArrays.txt,IterativeQuickSort,3,0.031100,12560.29,0.00
randomArrays.txt,IterativeQuickSort,1,0.096200,0.00,0.00
randomArrays.txt,IterativeQuickSort,2,0.115100,0.00,0.00
randomArrays.txt,IterativeQuickSort,3,0.093000,0.00,0.00
randomArrays.txt,IterativeQuickSort,1,0.033200,0.00,0.00
randomArrays.txt,IterativeQuickSort,2,0.030900,0.00,0.00
randomArrays.txt,IterativeQuickSort,3,0.031000,0.00,0.00
randomArrays.txt,IterativeQuickSort,1,0.083100,0.00,0.00
randomArrays.txt,IterativeQuickSort,2,0.081300,0.00,0.00
randomArrays.txt,IterativeQuickSort,3,0.080700,0.00,0.00
randomArrays.txt,IterativeQuickSort,1,0.031300,0.00,0.00
randomArrays.txt,IterativeQuickSort,2,0.030900,0.00,0.00
randomArrays.txt,IterativeQuickSort,3,0.029900,0.00,0.00
randomArrays.txt,IterativeQuickSort,1,0.147900,0.00,0.00
randomArrays.txt,IterativeQuickSort,2,0.139300,0.00,0.00
randomArrays.txt,IterativeQuickSort,3,0.142000,0.00,0.00
randomArrays.txt,IterativeQuickSort,1,0.129700,0.00,0.00
randomArrays.txt,IterativeQuickSort,2,0.128500,0.00,0.00
randomArrays.txt,IterativeQuickSort,3,0.174100,0.00,0.00
randomArrays.txt,IterativeQuickSort,1,0.039500,0.00,0.00
randomArrays.txt,IterativeQuickSort,2,0.037600,0.00,0.00
randomArrays.txt,IterativeQuickSort,3,0.086900,0.00,0.00
randomArrays.txt,IterativeQuickSort,1,0.119700,0.00,0.00
randomArrays.txt,IterativeQuickSort,2,0.127800,0.00,0.50
randomArrays.txt,IterativeQuickSort,3,0.105000,0.00,0.00
randomArrays.txt,IterativeQuickSort,1,0.053800,0.00,0.00
randomArrays.txt,IterativeQuickSort,2,0.045400,0.00,0.00
randomArrays.txt,IterativeQuickSort,3,0.047600,0.00,0.00
randomArrays.txt,IterativeQuickSort,1,0.157000,0.00,0.00
randomArrays.txt,IterativeQuickSort,2,0.153500,0.00,0.00
randomArrays.txt,IterativeQuickSort,3,0.152000,0.00,0.00
randomArrays.txt,IterativeQuickSort,1,0.029900,0.00,0.00
randomArrays.txt,IterativeQuickSort,2,0.027800,0.00,0.00
randomArrays.txt,IterativeQuickSort,3,0.027100,0.00,0.00
randomArrays.txt,IterativeQuickSort,1,0.073000,0.00,0.00
randomArrays.txt,IterativeQuickSort,2,0.072500,0.00,0.00
randomArrays.txt,IterativeQuickSort,3,0.071900,0.00,0.00
randomArrays.txt,IterativeQuickSort,1,0.106100,0.00,0.00
randomArrays.txt,IterativeQuickSort,2,0.066200,0.00,0.00
randomArrays.txt,IterativeQuickSort,3,0.081400,0.00,0.00
randomArrays.txt,IterativeQuickSort,1,0.022300,0.00,0.00
randomArrays.txt,IterativeQuickSort,2,0.019600,0.00,0.00
randomArrays.txt,IterativeQuickSort,3,0.020500,0.00,0.00
randomArrays.txt,IterativeQuickSort,1,0.114900,0.00,0.00
randomArrays.txt,IterativeQuickSort,2,0.112100,0.00,0.00
randomArrays.txt,IterativeQuickSort,3,0.113200,0.00,0.00
randomArrays.txt,IterativeQuickSort,1,0.101300,0.00,0.00
randomArrays.txt,IterativeQuickSort,2,0.104500,0.00,0.00
randomArrays.txt,IterativeQuickSort,3,0.099700,0.00,0.00
randomArrays.txt,IterativeQuickSort,1,0.047900,0.00,0.00
randomArrays.txt,IterativeQuickSort,2,0.030800,0.00,0.00
randomArrays.txt,IterativeQuickSort,3,0.031300,0.00,0.00
randomArrays.txt,IterativeQuickSort,1,0.072800,0.00,0.00
randomArrays.txt,IterativeQuickSort,2,0.067200,0.00,0.00
randomArrays.txt,IterativeQuickSort,3,0.084800,0.00,0.00
randomArrays.txt,IterativeQuickSort,1,0.027000,0.00,0.00
randomArrays.txt,IterativeQuickSort,2,0.027700,0.00,0.00
randomArrays.txt,IterativeQuickSort,3,0.035600,0.00,0.00
randomArrays.txt,IterativeQuickSort,1,0.115000,0.00,0.00
randomArrays.txt,IterativeQuickSort,2,0.113200,0.00,0.00
randomArrays.txt,IterativeQuickSort,3,0.115500,0.00,0.00
randomArrays.txt,IterativeQuickSort,1,0.017300,0.00,0.00
randomArrays.txt,IterativeQuickSort,2,0.016600,0.00,0.00
randomArrays.txt,IterativeQuickSort,3,0.017000,0.00,0.00
randomArrays.txt,IterativeQuickSort,1,0.026200,0.00,0.00
randomArrays.txt,IterativeQuickSort,2,0.023800,0.00,0.00
randomArrays.txt,IterativeQuickSort,3,0.021600,0.00,0.00
randomArrays.txt,IterativeQuickSort,1,0.118900,0.00,0.00
randomArrays.txt,IterativeQuickSort,2,0.117000,0.00,0.00
randomArrays.txt,IterativeQuickSort,3,0.109900,0.00,0.00
randomArrays.txt,IterativeQuickSort,1,0.076100,0.00,0.00
randomArrays.txt,IterativeQuickSort,2,0.071200,0.00,0.00
randomArrays.txt,IterativeQuickSort,3,0.079000,0.00,0.00
randomArrays.txt,IterativeQuickSort,1,0.038700,0.00,0.00
randomArrays.txt,IterativeQuickSort,2,0.037600,0.00,0.00
randomArrays.txt,IterativeQuickSort,3,0.102700,0.00,0.00
randomArrays.txt,IterativeQuickSort,1,0.115400,0.00,0.00
randomArrays.txt,IterativeQuickSort,2,0.107700,0.00,0.00
randomArrays.txt,IterativeQuickSort,3,0.116600,0.00,0.00
randomArrays.txt,IterativeQuickSort,1,0.138000,0.00,0.00
randomArrays.txt,IterativeQuickSort,2,0.116700,0.00,0.00
randomArrays.txt,IterativeQuickSort,3,0.133100,0.00,0.50
randomArrays.txt,IterativeQuickSort,1,0.029800,0.00,0.00
randomArrays.txt,IterativeQuickSort,2,0.022100,0.00,0.00
randomArrays.txt,IterativeQuickSort,3,0.024400,0.00,0.00
randomArrays.txt,IterativeQuickSort,1,0.008300,0.00,0.00
randomArrays.txt,IterativeQuickSort,2,0.007800,0.00,0.00
randomArrays.txt,IterativeQuickSort,3,0.008500,0.00,0.00
randomArrays.txt,IterativeQuickSort,1,0.063100,0.00,0.00
randomArrays.txt,IterativeQuickSort,2,0.061800,0.00,0.00
randomArrays.txt,IterativeQuickSort,3,0.060500,0.00,0.00
randomArrays.txt,IterativeQuickSort,1,0.075700,0.00,0.00
randomArrays.txt,IterativeQuickSort,2,0.076400,0.00,0.00
randomArrays.txt,IterativeQuickSort,3,0.070200,0.00,0.00
randomArrays.txt,IterativeQuickSort,1,0.139000,0.00,0.00
randomArrays.txt,IterativeQuickSort,2,0.153800,0.00,0.00
randomArrays.txt,IterativeQuickSort,3,0.142100,0.00,0.00
randomArrays.txt,IterativeQuickSort,1,0.063000,0.00,0.00
randomArrays.txt,IterativeQuickSort,2,0.061200,0.00,0.00
randomArrays.txt,IterativeQuickSort,3,0.060000,0.00,0.00
randomArrays.txt,IterativeQuickSort,1,0.070600,0.00,0.00
randomArrays.txt,IterativeQuickSort,2,0.074500,0.00,0.00
randomArrays.txt,IterativeQuickSort,3,0.083800,0.00,0.50
randomArrays.txt,IterativeQuickSort,1,0.017700,0.00,0.00
randomArrays.txt,IterativeQuickSort,2,0.015100,0.00,0.00
randomArrays.txt,IterativeQuickSort,3,0.015200,0.00,0.00
randomArrays.txt,IterativeQuickSort,1,0.156700,0.00,0.00
randomArrays.txt,IterativeQuickSort,2,0.127500,0.00,0.00
randomArrays.txt,IterativeQuickSort,3,0.119900,0.00,0.00
randomArrays.txt,IterativeQuickSort,1,0.128800,0.00,0.00
randomArrays.txt,IterativeQuickSort,2,0.317800,0.00,0.00
randomArrays.txt,IterativeQuickSort,3,0.258400,0.00,0.00
randomArrays.txt,IterativeQuickSort,1,0.097700,0.00,0.00
randomArrays.txt,IterativeQuickSort,2,0.102000,0.00,0.00
randomArrays.txt,IterativeQuickSort,3,0.153400,0.00,0.00
randomArrays.txt,IterativeQuickSort,1,0.186400,0.00,0.00
randomArrays.txt,IterativeQuickSort,2,0.100400,0.00,0.00
randomArrays.txt,IterativeQuickSort,3,0.114600,0.00,0.00
randomArrays.txt,IterativeQuickSort,1,0.133000,0.00,0.00
randomArrays.txt,IterativeQuickSort,2,0.093700,0.00,0.00
randomArrays.txt,IterativeQuickSort,3,0.091000,0.00,0.00
randomArrays.txt,IterativeQuickSort,1,0.136500,0.00,0.00
randomArrays.txt,IterativeQuickSort,2,0.170200,0.00,0.00
randomArrays.txt,IterativeQuickSort,3,0.122800,0.00,0.00
randomArrays.txt,IterativeQuickSort,1,0.112600,0.00,0.00
randomArrays.txt,IterativeQuickSort,2,0.116900,3341.53,0.00
randomArrays.txt,IterativeQuickSort,3,0.102700,0.00,0.00
randomArrays.txt,IterativeQuickSort,1,0.021400,0.00,0.00
randomArrays.txt,IterativeQuickSort,2,0.021000,0.00,0.00
randomArrays.txt,IterativeQuickSort,3,1.284200,0.00,0.00
randomArrays.txt,IterativeQuickSort,1,0.073000,0.00,0.00
randomArrays.txt,IterativeQuickSort,2,0.068900,0.00,0.00
randomArrays.txt,IterativeQuickSort,3,0.062900,0.00,0.00
randomArrays.txt,IterativeQuickSort,1,0.053700,0.00,0.00
randomArrays.txt,IterativeQuickSort,2,0.051300,0.00,0.00
randomArrays.txt,IterativeQuickSort,3,0.055900,0.00,0.00
randomArrays.txt,IterativeQuickSort,1,0.098400,0.00,0.00
randomArrays.txt,IterativeQuickSort,2,0.091800,0.00,0.00
randomArrays.txt,IterativeQuickSort,3,0.108200,0.00,0.00
randomArrays.txt,IterativeQuickSort,1,0.153200,0.00,0.00
randomArrays.txt,IterativeQuickSort,2,0.168600,0.00,0.00
randomArrays.txt,IterativeQuickSort,3,0.130400,0.00,0.00
randomArrays.txt,IterativeQuickSort,1,0.146900,0.00,0.00
randomArrays.txt,IterativeQuickSort,2,0.141600,0.00,0.00
randomArrays.txt,IterativeQuickSort,3,0.152000,0.00,0.00
randomArrays.txt,IterativeQuickSort,1,0.063300,0.00,0.00
randomArrays.txt,IterativeQuickSort,2,0.067400,0.00,0.00
randomArrays.txt,IterativeQuickSort,3,0.065600,0.00,0.00
randomArrays.txt,IterativeQuickSort,1,0.088700,0.00,0.00
randomArrays.txt,IterativeQuickSort,2,0.077300,0.00,0.00
randomArrays.txt,IterativeQuickSort,3,0.071000,0.00,0.00
randomArrays.txt,IterativeQuickSort,1,0.152900,0.00,0.00
randomArrays.txt,IterativeQuickSort,2,0.149000,0.00,0.00
randomArrays.txt,IterativeQuickSort,3,0.149200,0.00,0.00
randomArrays.txt,IterativeQuickSort,1,0.134200,0.00,0.00
randomArrays.txt,IterativeQuickSort,2,0.126000,0.00,0.00
randomArrays.txt,IterativeQuickSort,3,0.125300,0.00,0.00
randomArrays.txt,IterativeQuickSort,1,0.038100,0.00,0.00
randomArrays.txt,IterativeQuickSort,2,0.029800,0.00,0.00
randomArrays.txt,IterativeQuickSort,3,0.032100,0.00,0.00
randomArrays.txt,IterativeQuickSort,1,0.142800,0.00,0.00
randomArrays.txt,IterativeQuickSort,2,0.149000,0.00,0.00
randomArrays.txt,IterativeQuickSort,3,0.146700,0.00,0.00
randomArrays.txt,IterativeQuickSort,1,0.016500,0.00,0.00
randomArrays.txt,IterativeQuickSort,2,0.015900,0.00,0.00
randomArrays.txt,IterativeQuickSort,3,0.016900,0.00,0.00
randomArrays.txt,IterativeQuickSort,1,0.052300,0.00,0.00
randomArrays.txt,IterativeQuickSort,2,0.037000,0.00,0.00
randomArrays.txt,IterativeQuickSort,3,0.042200,0.00,0.00
randomArrays.txt,IterativeQuickSort,1,0.059300,0.00,0.00
randomArrays.txt,IterativeQuickSort,2,0.056900,0.00,0.00
randomArrays.txt,IterativeQuickSort,3,0.061900,0.00,0.00
randomArrays.txt,IterativeQuickSort,1,0.131600,0.00,0.00
randomArrays.txt,IterativeQuickSort,2,0.126700,0.00,0.00
randomArrays.txt,IterativeQuickSort,3,0.131300,0.00,0.00
randomArrays.txt,IterativeQuickSort,1,0.016500,0.00,0.00
randomArrays.txt,IterativeQuickSort,2,0.015600,0.00,0.00
randomArrays.txt,IterativeQuickSort,3,0.015100,0.00,0.00
randomArrays.txt,IterativeQuickSort,1,0.142100,0.00,0.00
randomArrays.txt,IterativeQuickSort,2,1.125500,0.00,0.00
randomArrays.txt,IterativeQuickSort,3,0.150800,0.00,0.00
