dataset,run,arraylength,time,cputime,memory
randomArrays.txt,1,469,0.059300,0.000000,0.00
randomArrays.txt,2,469,0.057200,0.000000,0.00
randomArrays.txt,3,469,0.058500,0.000000,0.00
randomArrays.txt,1,783,0.098700,0.000000,0.00
randomArrays.txt,2,783,0.099400,0.000000,0.00
randomArrays.txt,3,783,0.094900,0.000000,0.00
randomArrays.txt,1,464,0.067500,0.000000,0.00
randomArrays.txt,2,464,0.061300,0.000000,0.00
randomArrays.txt,3,464,0.077100,0.000000,0.00
randomArrays.txt,1,267,0.030400,0.000000,0.00
randomArrays.txt,2,267,0.032300,0.000000,0.00
randomArrays.txt,3,267,0.030400,0.000000,0.00
randomArrays.txt,1,828,0.104400,0.000000,0.00
randomArrays.txt,2,828,0.099900,0.000000,0.00
randomArrays.txt,3,828,0.089300,0.000000,0.00
randomArrays.txt,1,607,0.138500,0.000000,0.00
randomArrays.txt,2,607,0.078200,0.000000,0.00
randomArrays.txt,3,607,0.078000,0.000000,0.00
randomArrays.txt,1,319,0.039500,0.000000,0.00
randomArrays.txt,2,319,0.044400,0.000000,0.00
randomArrays.txt,3,319,0.037800,0.000000,0.00
randomArrays.txt,1,431,0.077100,0.000000,0.00
randomArrays.txt,2,431,0.053800,0.000000,0.00
randomArrays.txt,3,431,0.052400,0.000000,0.00
randomArrays.txt,1,941,0.106500,0.000000,0.00
randomArrays.txt,2,941,0.112800,0.000000,0.00
randomArrays.txt,3,941,0.111300,0.000000,0.00
randomArrays.txt,1,937,0.118100,0.000000,0.00
randomArrays.txt,2,937,0.150800,0.000000,0.00
randomArrays.txt,3,937,0.116000,0.000000,0.00
randomArrays.txt,1,619,0.079800,0.000000,0.00
randomArrays.txt,2,619,0.079900,0.000000,0.00
randomArrays.txt,3,619,0.070900,0.000000,0.00
randomArrays.txt,1,370,0.063100,0.000000,0.00
randomArrays.txt,2,370,0.054900,0.000000,0.00
randomArrays.txt,3,370,0.041900,0.000000,0.00
randomArrays.txt,1,478,0.060600,0.000000,0.00
randomArrays.txt,2,478,0.058400,0.000000,0.00
randomArrays.txt,3,478,0.055900,0.000000,0.00
randomArrays.txt,1,107,0.012600,0.000000,0.00
randomArrays.txt,2,107,0.012200,0.000000,0.00
randomArrays.txt,3,107,0.011700,0.000000,0.00
randomArrays.txt,1,910,0.130200,0.000000,0.00
randomArrays.txt,2,910,0.112200,0.000000,0.00
randomArrays.txt,3,910,0.109500,0.000000,0.00
randomArrays.txt,1,381,0.044500,0.000000,0.00
randomArrays.txt,2,381,0.046000,0.000000,0.00
randomArrays.txt,3,381,0.045400,0.000000,0.00
randomArrays.txt,1,699,0.088900,0.000000,0.00
randomArrays.txt,2,699,0.087200,0.000000,0.00
randomArrays.txt,3,699,0.084900,0.000000,0.00
randomArrays.txt,1,452,0.053200,0.000000,0.00
randomArrays.txt,2,452,0.052300,0.000000,0.00
randomArrays.txt,3,452,0.057500,0.000000,0.00
randomArrays.txt,1,882,0.128400,0.000000,0.00
randomArrays.txt,2,882,0.115600,0.000000,0.00
randomArrays.txt,3,882,0.114600,0.000000,0.00
randomArrays.txt,1,697,0.090100,0.000000,0.00
randomArrays.txt,2,697,0.086200,0.000000,0.00
randomArrays.txt,3,697,0.088200,0.000000,0.00
randomArrays.txt,1,39,0.005200,0.000000,0.00
randomArrays.txt,2,39,0.004500,0.000000,0.00
randomArrays.txt,3,39,0.004500,0.000000,0.00
randomArrays.txt,1,382,0.048100,0.000000,0.00
randomArrays.txt,2,382,0.046800,0.000000,0.00
randomArrays.txt,3,382,0.046100,0.000000,0.00
randomArrays.txt,1,980,0.108900,0.000000,0.00
randomArrays.txt,2,980,0.114300,0.000000,0.00
randomArrays.txt,3,980,0.112600,0.000000,0.00
randomArrays.txt,1,202,0.022400,0.000000,0.00
randomArrays.txt,2,202,0.021300,0.000000,0.00
randomArrays.txt,3,202,0.020600,0.000000,0.00
randomArrays.txt,1,674,0.086400,0.000000,0.00
randomArrays.txt,2,674,0.085200,0.000000,0.00
randomArrays.txt,3,674,0.198800,0.000000,0.00
randomArrays.txt,1,184,0.023900,0.000000,0.00
randomArrays.txt,2,184,0.019500,0.000000,0.00
randomArrays.txt,3,184,0.018900,0.000000,0.00
randomArrays.txt,1,853,0.105100,0.000000,0.00
randomArrays.txt,2,853,0.107400,0.000000,0.00
randomArrays.txt,3,853,0.103500,0.000000,0.00
randomArrays.txt,1,101,0.011300,0.000000,0.00
randomArrays.txt,2,101,0.010600,0.000000,0.00
randomArrays.txt,3,101,0.010200,0.000000,0.00
randomArrays.txt,1,329,0.041300,0.000000,0.00
randomArrays.txt,2,329,0.036500,0.000000,0.00
randomArrays.txt,3,329,0.035100,0.000000,0.00
randomArrays.txt,1,837,0.108000,0.000000,0.00
randomArrays.txt,2,837,0.115400,0.000000,0.00
randomArrays.txt,3,837,0.097600,0.000000,0.00
randomArrays.txt,1,952,0.119000,0.000000,0.00
randomArrays.txt,2,952,0.110600,0.000000,0.00
randomArrays.txt,3,952,0.121900,0.000000,0.00
randomArrays.txt,1,676,0.082300,0.000000,0.00
randomArrays.txt,2,676,0.084300,0.000000,0.00
randomArrays.txt,3,676,0.085400,0.000000,0.00
randomArrays.txt,1,248,0.027200,0.000000,0.00
randomArrays.txt,2,248,0.026400,0.000000,0.00
randomArrays.txt,3,248,0.032100,0.000000,0.00
randomArrays.txt,1,845,0.111100,0.000000,0.00
randomArrays.txt,2,845,0.180700,0.000000,0.00
randomArrays.txt,3,845,0.097300,0.000000,0.00
randomArrays.txt,1,707,0.088500,0.000000,0.00
randomArrays.txt,2,707,0.084300,0.000000,0.00
randomArrays.txt,3,707,0.085200,0.000000,0.00
randomArrays.txt,1,458,0.059300,0.000000,0.00
randomArrays.txt,2,458,0.060100,0.000000,0.00
randomArrays.txt,3,458,0.053800,0.000000,0.00
randomArrays.txt,1,219,0.025300,0.000000,0.00
randomArrays.txt,2,219,0.023700,0.000000,0.00
randomArrays.txt,3,219,0.026300,0.000000,0.00
randomArrays.txt,1,268,0.030500,0.000000,0.00
randomArrays.txt,2,268,0.030400,0.000000,0.00
randomArrays.txt,3,268,0.030200,0.000000,0.00
randomArrays.txt,1,201,0.023000,0.000000,0.00
randomArrays.txt,2,201,0.022000,0.000000,0.00
randomArrays.txt,3,201,0.022400,0.000000,0.00
randomArrays.txt,1,520,0.066600,0.000000,0.00
randomArrays.txt,2,520,0.065900,0.000000,0.00
randomArrays.txt,3,520,0.063300,0.000000,0.00
randomArrays.txt,1,832,0.106300,0.000000,0.00
randomArrays.txt,2,832,0.108700,0.000000,0.00
randomArrays.txt,3,832,0.104100,0.000000,0.00
randomArrays.txt,1,800,0.099500,0.000000,0.00
randomArrays.txt,2,800,0.103100,0.000000,0.00
randomArrays.txt,3,800,0.102600,0.000000,0.00
randomArrays.txt,1,753,0.104100,0.000000,0.00
randomArrays.txt,2,753,0.095800,0.000000,0.00
randomArrays.txt,3,753,0.096600,0.000000,0.00
randomArrays.txt,1,286,0.036700,0.000000,0.00
randomArrays.txt,2,286,0.031800,0.000000,0.00
randomArrays.txt,3,286,0.033400,0.000000,0.00
randomArrays.txt,1,841,0.113100,0.000000,0.00
randomArrays.txt,2,841,0.110600,0.000000,0.00
randomArrays.txt,3,841,0.112500,0.000000,0.00
randomArrays.txt,1,240,0.038300,0.000000,0.00
randomArrays.txt,2,240,0.048800,0.000000,0.00
randomArrays.txt,3,240,0.028000,0.000000,0.00
randomArrays.txt,1,370,0.044500,0.000000,0.00
randomArrays.txt,2,370,0.041700,0.000000,0.00
randomArrays.txt,3,370,0.039200,0.000000,0.00
randomArrays.txt,1,287,0.034100,0.000000,0.00
randomArrays.txt,2,287,0.034600,0.000000,0.00
randomArrays.txt,3,287,0.034600,0.000000,0.00
randomArrays.txt,1,89,0.009700,0.000000,0.00
randomArrays.txt,2,89,0.009400,0.000000,0.00
randomArrays.txt,3,89,0.009200,0.000000,0.00
randomArrays.txt,1,881,0.118000,0.000000,0.00
randomArrays.txt,2,881,0.122100,0.000000,0.00
randomArrays.txt,3,881,0.276300,0.000000,0.00
randomArrays.txt,1,187,0.019900,0.000000,0.00
randomArrays.txt,2,187,0.020100,0.000000,0.00
randomArrays.txt,3,187,0.019800,0.000000,0.00
randomArrays.txt,1,373,0.042900,0.000000,0.00
randomArrays.txt,2,373,0.042100,0.000000,0.00
randomArrays.txt,3,373,0.042400,0.000000,0.00
randomArrays.txt,1,194,0.020300,0.000000,0.00
randomArrays.txt,2,194,0.021000,0.000000,0.00
randomArrays.txt,3,194,0.022600,0.000000,0.00
randomArrays.txt,1,382,0.089000,0.000000,0.00
randomArrays.txt,2,382,0.101600,0.000000,0.00
randomArrays.txt,3,382,0.044100,0.000000,0.00
randomArrays.txt,1,826,0.106400,0.000000,0.00
randomArrays.txt,2,826,0.110500,0.000000,0.00
randomArrays.txt,3,826,0.105900,0.000000,0.00
randomArrays.txt,1,781,0.095700,0.000000,0.00
randomArrays.txt,2,781,0.096800,0.000000,0.00
randomArrays.txt,3,781,0.096700,0.000000,0.00
randomArrays.txt,1,814,0.108700,0.000000,0.00
randomArrays.txt,2,814,0.106600,0.000000,0.00
randomArrays.txt,3,814,0.103000,0.000000,0.00
randomArrays.txt,1,525,0.062700,0.000000,0.00
randomArrays.txt,2,525,0.084200,0.000000,0.00
randomArrays.txt,3,525,0.122900,0.000000,0.00
randomArrays.txt,1,136,0.015200,0.000000,0.00
randomArrays.txt,2,136,0.012600,0.000000,0.00
randomArrays.txt,3,136,0.012800,0.000000,0.00
randomArrays.txt,1,454,0.055600,0.000000,0.00
randomArrays.txt,2,454,0.054600,0.000000,0.00
randomArrays.txt,3,454,0.056600,0.000000,0.00
randomArrays.txt,1,563,0.068900,0.000000,0.00
randomArrays.txt,2,563,0.071900,0.000000,0.00
randomArrays.txt,3,563,0.072000,0.000000,0.00
randomArrays.txt,1,226,0.024600,0.000000,0.00
randomArrays.txt,2,226,0.024400,0.000000,0.00
randomArrays.txt,3,226,0.025300,0.000000,0.00
randomArrays.txt,1,345,0.043300,0.000000,0.00
randomArrays.txt,2,345,0.041100,0.000000,0.00
randomArrays.txt,3,345,0.041500,0.000000,0.00
randomArrays.txt,1,514,0.068400,0.000000,0.00
randomArrays.txt,2,514,0.066600,0.000000,0.00
randomArrays.txt,3,514,0.081900,0.000000,0.00
randomArrays.txt,1,871,0.113100,0.000000,0.00
randomArrays.txt,2,871,0.107700,0.000000,0.00
randomArrays.txt,3,871,0.112400,0.000000,0.00
randomArrays.txt,1,939,0.119500,0.000000,0.00
randomArrays.txt,2,939,0.126800,0.000000,0.00
randomArrays.txt,3,939,0.122900,0.000000,0.00
randomArrays.txt,1,397,0.049600,0.000000,0.00
randomArrays.txt,2,397,0.049200,0.000000,0.00
randomArrays.txt,3,397,0.048800,0.000000,0.00
randomArrays.txt,1,429,0.051300,0.000000,0.00
randomArrays.txt,2,429,0.050200,0.000000,0.00
randomArrays.txt,3,429,0.049900,0.000000,0.00
randomArrays.txt,1,421,0.052400,0.000000,0.00
randomArrays.txt,2,421,0.051900,0.000000,0.00
randomArrays.txt,3,421,0.052200,0.000000,0.00
randomArrays.txt,1,747,0.091000,0.000000,0.00
randomArrays.txt,2,747,0.091400,0.000000,0.00
randomArrays.txt,3,747,0.088700,0.000000,0.00
randomArrays.txt,1,19,0.002800,0.000000,0.00
randomArrays.txt,2,19,0.008900,0.000000,0.00
randomArrays.txt,3,19,0.006000,0.000000,0.00
randomArrays.txt,1,74,0.008200,0.000000,0.00
randomArrays.txt,2,74,0.006900,0.000000,0.00
randomArrays.txt,3,74,0.007000,0.000000,0.00
randomArrays.txt,1,259,0.027700,0.000000,0.00
randomArrays.txt,2,259,0.030300,0.000000,0.00
randomArrays.txt,3,259,0.027700,0.000000,0.00
randomArrays.txt,1,846,0.102100,0.000000,0.00
randomArrays.txt,2,846,0.103700,0.000000,0.00
randomArrays.txt,3,846,0.097500,0.000000,0.00
randomArrays.txt,1,789,0.103800,0.000000,0.00
randomArrays.txt,2,789,0.101700,0.000000,0.00
randomArrays.txt,3,789,0.097400,0.000000,0.00
randomArrays.txt,1,671,0.089200,0.000000,0.00
randomArrays.txt,2,671,0.086300,0.000000,0.00
randomArrays.txt,3,671,0.087300,0.000000,0.00
randomArrays.txt,1,368,0.047100,0.000000,0.00
randomArrays.txt,2,368,0.044700,0.000000,0.00
randomArrays.txt,3,368,0.043800,0.000000,0.00
randomArrays.txt,1,448,0.050000,0.000000,0.00
randomArrays.txt,2,448,0.052800,0.000000,0.00
randomArrays.txt,3,448,0.048800,0.000000,0.00
randomArrays.txt,1,237,0.028000,0.000000,0.00
randomArrays.txt,2,237,0.028200,0.000000,0.00
randomArrays.txt,3,237,0.027800,0.000000,0.00
randomArrays.txt,1,627,0.074000,0.000000,0.00
randomArrays.txt,2,627,0.077500,0.000000,0.00
randomArrays.txt,3,627,0.077600,0.000000,0.00
randomArrays.txt,1,584,0.072000,0.000000,0.00
randomArrays.txt,2,584,0.118900,0.000000,0.00
randomArrays.txt,3,584,0.069700,0.000000,0.00
randomArrays.txt,1,328,0.036600,0.000000,0.00
randomArrays.txt,2,328,0.038300,0.000000,0.00
randomArrays.txt,3,328,0.039100,0.000000,0.00
randomArrays.txt,1,606,0.074200,0.000000,0.00
randomArrays.txt,2,606,0.078600,0.000000,0.00
randomArrays.txt,3,606,0.080500,0.000000,0.00
randomArrays.txt,1,563,0.071800,0.000000,0.00
randomArrays.txt,2,563,0.071000,0.000000,0.00
randomArrays.txt,3,563,0.184800,0.000000,0.00
randomArrays.txt,1,774,0.094700,0.000000,0.00
randomArrays.txt,2,774,0.093500,0.000000,0.00
randomArrays.txt,3,774,0.093400,0.000000,0.00
randomArrays.txt,1,206,0.021800,0.000000,0.00
randomArrays.txt,2,206,0.021800,0.000000,0.00
randomArrays.txt,3,206,0.022400,0.000000,0.00
randomArrays.txt,1,907,0.101900,0.000000,0.00
randomArrays.txt,2,907,0.104500,0.000000,0.00
randomArrays.txt,3,907,0.102300,0.000000,0.00
randomArrays.txt,1,37,0.004100,0.000000,0.00
randomArrays.txt,2,37,0.003400,0.000000,0.00
randomArrays.txt,3,37,0.003400,0.000000,0.00
randomArrays.txt,1,878,0.108200,0.000000,0.00
randomArrays.txt,2,878,0.106800,0.000000,0.00
randomArrays.txt,3,878,0.106400,0.000000,0.00
randomArrays.txt,1,284,0.035500,0.000000,0.00
randomArrays.txt,2,284,0.034700,0.000000,0.00
randomArrays.txt,3,284,0.029400,0.000000,0.00
randomArrays.txt,1,853,0.110500,0.000000,0.00
randomArrays.txt,2,853,0.104400,0.000000,0.00
randomArrays.txt,3,853,0.100400,0.000000,0.00
randomArrays.txt,1,247,0.028700,0.000000,0.00
randomArrays.txt,2,247,0.031400,0.000000,0.00
randomArrays.txt,3,247,0.027800,0.000000,0.00
randomArrays.txt,1,241,0.027000,0.000000,0.00
randomArrays.txt,2,241,0.026400,0.000000,0.00
randomArrays.txt,3,241,0.025000,0.000000,0.00
randomArrays.txt,1,348,0.037300,0.000000,0.00
randomArrays.txt,2,348,0.040600,0.000000,0.00
randomArrays.txt,3,348,0.039000,0.000000,0.00
randomArrays.txt,1,814,0.104200,0.000000,0.00
randomArrays.txt,2,814,0.099100,0.000000,0.00
randomArrays.txt,3,814,0.094500,0.000000,0.00
randomArrays.txt,1,245,0.028700,0.000000,0.00
randomArrays.txt,2,245,0.028700,0.000000,0.00
randomArrays.txt,3,245,0.028700,0.000000,0.00
randomArrays.txt,1,335,0.037800,0.000000,0.00
randomArrays.txt,2,335,0.035400,0.000000,0.00
randomArrays.txt,3,335,0.035400,0.000000,0.00
randomArrays.txt,1,497,0.057500,0.000000,0.00
randomArrays.txt,2,497,0.061600,0.000000,0.00
randomArrays.txt,3,497,0.053400,0.000000,0.00
randomArrays.txt,1,280,0.033300,0.000000,0.00
randomArrays.txt,2,280,0.032100,0.000000,0.00
randomArrays.txt,3,280,0.032100,0.000000,0.00
randomArrays.txt,1,664,0.090600,0.000000,0.00
randomArrays.txt,2,664,0.091200,0.000000,0.00
randomArrays.txt,3,664,0.091300,0.000000,0.00
randomArrays.txt,1,523,0.066300,0.000000,0.00
randomArrays.txt,2,523,0.065400,0.000000,0.00
randomArrays.txt,3,523,0.063800,0.000000,0.00
randomArrays.txt,1,841,0.106200,0.000000,0.00
randomArrays.txt,2,841,0.096600,0.000000,0.00
randomArrays.txt,3,841,0.097600,0.000000,0.00
randomArrays.txt,1,290,0.032800,0.000000,0.00
randomArrays.txt,2,290,0.032100,0.000000,0.00
randomArrays.txt,3,290,0.032800,0.000000,0.00
randomArrays.txt,1,158,0.016400,0.000000,0.00
randomArrays.txt,2,158,0.021700,0.000000,0.00
randomArrays.txt,3,158,0.019500,0.000000,0.00
randomArrays.txt,1,783,0.102200,0.000000,0.00
randomArrays.txt,2,783,0.102400,0.000000,0.00
randomArrays.txt,3,783,0.098500,0.000000,0.00
randomArrays.txt,1,638,0.073100,0.000000,0.00
randomArrays.txt,2,638,0.079900,0.000000,0.00
randomArrays.txt,3,638,0.078400,0.000000,0.00
randomArrays.txt,1,314,0.035700,0.000000,0.00
randomArrays.txt,2,314,0.036300,0.000000,0.00
randomArrays.txt,3,314,0.037000,0.000000,0.00
randomArrays.txt,1,484,0.057200,0.000000,0.00
randomArrays.txt,2,484,0.059000,0.000000,0.00
randomArrays.txt,3,484,0.056500,0.000000,0.00
randomArrays.txt,1,972,0.209900,0.000000,0.00
randomArrays.txt,2,972,0.130000,0.031250,0.00
randomArrays.txt,3,972,0.129600,0.000000,0.00
randomArrays.txt,1,652,0.084100,0.000000,0.00
randomArrays.txt,2,652,0.090000,0.000000,0.00
randomArrays.txt,3,652,0.082300,0.000000,0.00
randomArrays.txt,1,543,0.066000,0.000000,0.00
randomArrays.txt,2,543,0.061400,0.000000,0.00
randomArrays.txt,3,543,0.066400,0.000000,0.00
randomArrays.txt,1,487,0.062900,0.000000,0.00
randomArrays.txt,2,487,0.057200,0.000000,0.00
randomArrays.txt,3,487,0.054100,0.000000,0.00
randomArrays.txt,1,686,0.087600,0.000000,0.00
randomArrays.txt,2,686,0.085400,0.000000,0.00
randomArrays.txt,3,686,0.083900,0.000000,0.00
randomArrays.txt,1,183,0.020900,0.000000,0.00
randomArrays.txt,2,183,0.019200,0.000000,0.00
randomArrays.txt,3,183,0.018000,0.000000,0.00
randomArrays.txt,1,572,0.065600,0.000000,0.00
randomArrays.txt,2,572,0.070500,0.000000,0.00
randomArrays.txt,3,572,0.063300,0.000000,0.00
randomArrays.txt,1,747,0.096900,0.000000,0.00
randomArrays.txt,2,747,0.097400,0.000000,0.00
randomArrays.txt,3,747,0.091400,0.000000,0.00
randomArrays.txt,1,780,0.098800,0.000000,0.00
randomArrays.txt,2,780,0.094400,0.000000,0.00
randomArrays.txt,3,780,0.093600,0.000000,0.00
randomArrays.txt,1,828,0.105500,0.000000,0.00
randomArrays.txt,2,828,0.107200,0.000000,0.00
randomArrays.txt,3,828,0.106300,0.000000,0.00
randomArrays.txt,1,591,0.072200,0.000000,0.00
randomArrays.txt,2,591,0.187800,0.000000,0.00
randomArrays.txt,3,591,0.111900,0.000000,0.00
randomArrays.txt,1,415,0.047600,0.000000,0.00
randomArrays.txt,2,415,0.050300,0.000000,0.00
randomArrays.txt,3,415,0.049000,0.000000,0.00
randomArrays.txt,1,648,0.076000,0.000000,0.00
randomArrays.txt,2,648,0.076200,0.000000,0.00
randomArrays.txt,3,648,0.074600,0.000000,0.00
randomArrays.txt,1,204,0.021800,0.000000,0.00
randomArrays.txt,2,204,0.021400,0.000000,0.00
randomArrays.txt,3,204,0.022100,0.000000,0.00
randomArrays.txt,1,510,0.063200,0.000000,0.00
randomArrays.txt,2,510,0.058500,0.000000,0.00
randomArrays.txt,3,510,0.063100,0.000000,0.00
randomArrays.txt,1,422,0.053000,0.000000,0.00
randomArrays.txt,2,422,0.047700,0.000000,0.00
randomArrays.txt,3,422,0.048200,0.000000,0.00
randomArrays.txt,1,541,0.067200,0.000000,0.00
randomArrays.txt,2,541,0.067300,0.000000,0.00
randomArrays.txt,3,541,0.065400,0.000000,0.00
randomArrays.txt,1,875,0.116200,0.000000,0.00
randomArrays.txt,2,875,0.112200,0.000000,0.00
randomArrays.txt,3,875,0.116100,0.000000,0.00
randomArrays.txt,1,742,0.092000,0.000000,0.00
randomArrays.txt,2,742,0.112900,0.015625,0.00
randomArrays.txt,3,742,0.095500,0.000000,0.00
randomArrays.txt,1,384,0.046100,0.000000,0.00
randomArrays.txt,2,384,0.056800,0.000000,0.00
randomArrays.txt,3,384,0.097100,0.000000,0.00
randomArrays.txt,1,266,0.029800,0.000000,0.00
randomArrays.txt,2,266,0.031000,0.000000,0.00
randomArrays.txt,3,266,0.029600,0.000000,0.00
randomArrays.txt,1,137,0.015600,0.000000,0.00
randomArrays.txt,2,137,0.015300,0.000000,0.00
randomArrays.txt,3,137,0.014900,0.000000,0.00
randomArrays.txt,1,970,0.141000,0.000000,0.00
randomArrays.txt,2,970,0.126400,0.000000,0.00
randomArrays.txt,3,970,0.130600,0.000000,0.00
randomArrays.txt,1,685,0.090300,0.000000,0.00
randomArrays.txt,2,685,0.089500,0.000000,0.00
randomArrays.txt,3,685,0.082200,0.000000,0.00
randomArrays.txt,1,665,0.093300,0.000000,0.00
randomArrays.txt,2,665,0.086600,0.000000,0.00
randomArrays.txt,3,665,0.086500,0.031250,0.00
randomArrays.txt,1,319,0.039900,0.000000,0.00
randomArrays.txt,2,319,0.038500,0.000000,0.00
randomArrays.txt,3,319,0.041600,0.000000,0.00
randomArrays.txt,1,808,0.106000,0.000000,0.00
randomArrays.txt,2,808,0.103200,0.000000,0.00
randomArrays.txt,3,808,0.098400,0.000000,0.00
randomArrays.txt,1,143,0.017800,0.000000,0.00
randomArrays.txt,2,143,0.015200,0.000000,0.00
randomArrays.txt,3,143,0.018400,0.000000,0.00
randomArrays.txt,1,147,0.018500,0.000000,0.00
randomArrays.txt,2,147,0.016500,0.000000,0.00
randomArrays.txt,3,147,0.017100,0.000000,0.00
randomArrays.txt,1,929,0.203000,0.000000,0.00
randomArrays.txt,2,929,0.119800,0.000000,0.00
randomArrays.txt,3,929,0.131000,0.000000,0.00
randomArrays.txt,1,906,0.137200,0.000000,0.00
randomArrays.txt,2,906,0.116400,0.000000,0.00
randomArrays.txt,3,906,0.121500,0.000000,0.00
randomArrays.txt,1,425,0.050200,0.000000,0.00
randomArrays.txt,2,425,0.055000,0.000000,0.00
randomArrays.txt,3,425,0.047600,0.000000,0.00
randomArrays.txt,1,736,0.150000,0.000000,0.00
randomArrays.txt,2,736,0.093300,0.000000,0.00
randomArrays.txt,3,736,0.093300,0.000000,0.00
randomArrays.txt,1,65,0.007200,0.000000,0.00
randomArrays.txt,2,65,0.005800,0.000000,0.00
randomArrays.txt,3,65,0.007600,0.000000,0.00
randomArrays.txt,1,305,0.034000,0.000000,0.00
randomArrays.txt,2,305,0.039700,0.000000,0.00
randomArrays.txt,3,305,0.032500,0.000000,0.00
randomArrays.txt,1,194,0.021500,0.000000,0.00
randomArrays.txt,2,194,0.021100,0.000000,0.00
randomArrays.txt,3,194,0.021700,0.000000,0.00
randomArrays.txt,1,545,0.066900,0.000000,0.00
randomArrays.txt,2,545,0.064700,0.000000,0.00
randomArrays.txt,3,545,0.064800,0.000000,0.00
randomArrays.txt,1,49,0.005100,0.000000,0.00
randomArrays.txt,2,49,0.006700,0.000000,0.00
randomArrays.txt,3,49,0.007200,0.000000,0.00
randomArrays.txt,1,731,0.092600,0.000000,0.00
randomArrays.txt,2,731,0.138800,0.000000,0.00
randomArrays.txt,3,731,0.291600,0.000000,0.00
randomArrays.txt,1,712,0.095900,0.000000,0.00
randomArrays.txt,2,712,0.090700,0.000000,0.00
randomArrays.txt,3,712,0.095000,0.000000,0.00
randomArrays.txt,1,732,0.093800,0.000000,0.00
randomArrays.txt,2,732,0.096900,0.000000,0.00
randomArrays.txt,3,732,0.095900,0.000000,0.00
randomArrays.txt,1,57,0.006200,0.000000,0.00
randomArrays.txt,2,57,0.005800,0.000000,0.00
randomArrays.txt,3,57,0.005600,0.000000,0.00
randomArrays.txt,1,983,0.203800,0.000000,0.00
randomArrays.txt,2,983,0.140300,0.000000,0.00
randomArrays.txt,3,983,0.144300,0.000000,0.00
randomArrays.txt,1,345,0.038500,0.000000,0.00
randomArrays.txt,2,345,0.041900,0.000000,0.00
randomArrays.txt,3,345,0.040000,0.000000,0.00
randomArrays.txt,1,152,0.016400,0.000000,0.00
randomArrays.txt,2,152,0.016500,0.000000,0.00
randomArrays.txt,3,152,0.015200,0.000000,0.00
randomArrays.txt,1,963,0.128100,0.000000,0.00
randomArrays.txt,2,963,0.117100,0.000000,0.00
randomArrays.txt,3,963,0.131400,0.000000,0.00
randomArrays.txt,1,544,0.132600,0.000000,0.00
randomArrays.txt,2,544,0.067300,0.000000,0.00
randomArrays.txt,3,544,0.070400,0.000000,0.00
randomArrays.txt,1,870,0.114100,0.000000,0.00
randomArrays.txt,2,870,0.112100,0.000000,0.00
randomArrays.txt,3,870,0.109700,0.000000,0.00
randomArrays.txt,1,557,0.078000,0.000000,0.00
randomArrays.txt,2,557,0.071400,0.000000,0.00
randomArrays.txt,3,557,0.068900,0.000000,0.00
randomArrays.txt,1,168,0.018200,0.000000,0.00
randomArrays.txt,2,168,0.017700,0.000000,0.00
randomArrays.txt,3,168,0.017600,0.000000,0.00
randomArrays.txt,1,373,0.046700,0.000000,0.00
randomArrays.txt,2,373,0.045700,0.000000,0.00
randomArrays.txt,3,373,0.043000,0.000000,0.00
randomArrays.txt,1,416,0.066300,0.000000,0.00
randomArrays.txt,2,416,0.045000,0.000000,0.00
randomArrays.txt,3,416,0.046100,0.000000,0.00
randomArrays.txt,1,942,0.131600,0.000000,0.00
randomArrays.txt,2,942,0.118300,0.000000,0.00
randomArrays.txt,3,942,0.119900,0.000000,0.00
randomArrays.txt,1,966,0.153200,0.000000,0.00
randomArrays.txt,2,966,0.139100,0.000000,0.00
randomArrays.txt,3,966,0.132000,0.000000,0.00
randomArrays.txt,1,363,0.043100,0.000000,0.00
randomArrays.txt,2,363,0.040100,0.000000,0.00
randomArrays.txt,3,363,0.039000,0.000000,0.00
randomArrays.txt,1,955,0.132800,0.000000,0.00
randomArrays.txt,2,955,0.129500,0.015625,0.00
randomArrays.txt,3,955,0.129100,0.000000,0.00
randomArrays.txt,1,626,0.077500,0.000000,0.00
randomArrays.txt,2,626,0.078200,0.000000,0.00
randomArrays.txt,3,626,0.076600,0.000000,0.00
randomArrays.txt,1,948,0.135900,0.000000,0.00
randomArrays.txt,2,948,0.118700,0.000000,0.00
randomArrays.txt,3,948,0.121200,0.000000,0.00
randomArrays.txt,1,193,0.022100,0.000000,0.00
randomArrays.txt,2,193,0.022000,0.000000,0.00
randomArrays.txt,3,193,0.020900,0.000000,0.00
randomArrays.txt,1,361,0.044400,0.000000,0.00
randomArrays.txt,2,361,0.042600,0.000000,0.00
randomArrays.txt,3,361,0.043400,0.000000,0.00
randomArrays.txt,1,195,0.022000,0.000000,0.00
randomArrays.txt,2,195,0.020400,0.000000,0.00
randomArrays.txt,3,195,0.019500,0.000000,0.00
randomArrays.txt,1,905,0.134800,0.000000,0.00
randomArrays.txt,2,905,0.119700,0.000000,0.00
randomArrays.txt,3,905,0.105100,0.000000,0.00
randomArrays.txt,1,105,0.011600,0.000000,0.00
randomArrays.txt,2,105,0.010700,0.000000,0.00
randomArrays.txt,3,105,0.011400,0.000000,0.00
randomArrays.txt,1,750,0.101800,0.000000,0.00
randomArrays.txt,2,750,0.101900,0.000000,0.00
randomArrays.txt,3,750,0.101900,0.000000,0.00
randomArrays.txt,1,565,0.069000,0.000000,0.00
randomArrays.txt,2,565,0.071000,0.000000,0.00
randomArrays.txt,3,565,0.073000,0.000000,0.00
randomArrays.txt,1,538,0.064600,0.000000,0.00
randomArrays.txt,2,538,0.061100,0.000000,0.00
randomArrays.txt,3,538,0.058900,0.000000,0.00
randomArrays.txt,1,488,0.059200,0.000000,0.00
randomArrays.txt,2,488,0.055400,0.000000,0.00
randomArrays.txt,3,488,0.052300,0.000000,0.00
randomArrays.txt,1,30,0.003500,0.000000,0.00
randomArrays.txt,2,30,0.002800,0.000000,0.00
randomArrays.txt,3,30,0.002700,0.000000,0.00
randomArrays.txt,1,554,0.073300,0.000000,0.00
randomArrays.txt,2,554,0.070500,0.000000,0.00
randomArrays.txt,3,554,0.053900,0.000000,0.00
randomArrays.txt,1,407,0.050300,0.000000,0.00
randomArrays.txt,2,407,0.048300,0.000000,0.00
randomArrays.txt,3,407,0.048000,0.000000,0.00
randomArrays.txt,1,958,0.106500,0.000000,0.00
randomArrays.txt,2,958,0.106600,0.000000,0.00
randomArrays.txt,3,958,0.177200,0.015625,0.00
randomArrays.txt,1,137,0.014400,0.000000,0.00
randomArrays.txt,2,137,0.016200,0.000000,0.00
randomArrays.txt,3,137,0.014600,0.000000,0.00
randomArrays.txt,1,101,0.010200,0.000000,0.00
randomArrays.txt,2,101,0.009000,0.000000,0.00
randomArrays.txt,3,101,0.008400,0.000000,0.00
randomArrays.txt,1,633,0.065200,0.000000,0.00
randomArrays.txt,2,633,0.080500,0.000000,0.00
randomArrays.txt,3,633,0.061800,0.000000,0.00
randomArrays.txt,1,44,0.005700,0.000000,0.00
randomArrays.txt,2,44,0.004400,0.000000,0.00
randomArrays.txt,3,44,0.004700,0.000000,0.00
randomArrays.txt,1,738,0.096000,0.000000,0.00
randomArrays.txt,2,738,0.089800,0.000000,0.00
randomArrays.txt,3,738,0.073100,0.000000,0.00
randomArrays.txt,1,763,0.079400,0.000000,0.00
randomArrays.txt,2,763,0.092900,0.000000,0.00
randomArrays.txt,3,763,0.091800,0.000000,0.00
randomArrays.txt,1,319,0.036100,0.000000,0.00
randomArrays.txt,2,319,0.033800,0.000000,0.00
randomArrays.txt,3,319,0.032900,0.000000,0.00
randomArrays.txt,1,682,0.090700,0.000000,0.00
randomArrays.txt,2,682,0.089300,0.000000,0.00
randomArrays.txt,3,682,0.277600,0.000000,0.00
randomArrays.txt,1,820,0.121900,0.000000,0.00
randomArrays.txt,2,820,0.103800,0.000000,0.00
randomArrays.txt,3,820,0.099900,0.000000,0.00
randomArrays.txt,1,896,0.121500,0.000000,0.00
randomArrays.txt,2,896,0.119000,0.000000,0.00
randomArrays.txt,3,896,0.303600,0.000000,0.00
randomArrays.txt,1,712,0.088100,0.000000,0.00
randomArrays.txt,2,712,0.088400,0.000000,0.00
randomArrays.txt,3,712,0.086500,0.000000,0.00
randomArrays.txt,1,554,0.066400,0.000000,0.00
randomArrays.txt,2,554,0.069700,0.000000,0.00
randomArrays.txt,3,554,0.067000,0.000000,0.00
randomArrays.txt,1,940,0.118200,0.000000,0.00
randomArrays.txt,2,940,0.131200,0.000000,0.00
randomArrays.txt,3,940,0.123400,0.000000,0.00
randomArrays.txt,1,787,0.099200,0.000000,0.00
randomArrays.txt,2,787,0.096300,0.000000,0.00
randomArrays.txt,3,787,0.093300,0.000000,0.00
randomArrays.txt,1,255,0.028400,0.000000,0.00
randomArrays.txt,2,255,0.026600,0.000000,0.00
randomArrays.txt,3,255,0.025800,0.000000,0.00
randomArrays.txt,1,135,0.014000,0.000000,0.00
randomArrays.txt,2,135,0.013500,0.000000,0.00
randomArrays.txt,3,135,0.017100,0.000000,0.00
randomArrays.txt,1,546,0.065500,0.000000,0.00
randomArrays.txt,2,546,0.065400,0.000000,0.00
randomArrays.txt,3,546,0.061900,0.000000,0.00
randomArrays.txt,1,643,0.076700,0.000000,0.00
randomArrays.txt,2,643,0.081600,0.000000,0.00
randomArrays.txt,3,643,0.080300,0.000000,0.00
randomArrays.txt,1,197,0.021200,0.000000,0.00
randomArrays.txt,2,197,0.020600,0.000000,0.00
randomArrays.txt,3,197,0.020400,0.000000,0.00
randomArrays.txt,1,643,0.076000,0.000000,0.00
randomArrays.txt,2,643,0.076100,0.000000,0.00
randomArrays.txt,3,643,0.073600,0.000000,0.00
randomArrays.txt,1,858,0.127100,0.000000,0.00
randomArrays.txt,2,858,0.098300,0.000000,0.00
randomArrays.txt,3,858,0.099100,0.000000,0.00
randomArrays.txt,1,134,0.014200,0.000000,0.00
randomArrays.txt,2,134,0.013000,0.000000,0.00
randomArrays.txt,3,134,0.012700,0.000000,0.00
randomArrays.txt,1,133,0.014900,0.000000,0.00
randomArrays.txt,2,133,0.015700,0.000000,0.00
randomArrays.txt,3,133,0.014900,0.000000,0.00
randomArrays.txt,1,317,0.036800,0.000000,0.00
randomArrays.txt,2,317,0.035100,0.000000,0.00
randomArrays.txt,3,317,0.033200,0.000000,0.00
randomArrays.txt,1,312,0.039800,0.000000,0.00
randomArrays.txt,2,312,0.038500,0.000000,0.00
randomArrays.txt,3,312,0.033900,0.000000,0.00
randomArrays.txt,1,160,0.017100,0.000000,0.00
randomArrays.txt,2,160,0.017100,0.000000,0.00
randomArrays.txt,3,160,0.017900,0.000000,0.00
randomArrays.txt,1,838,0.103000,0.000000,0.00
randomArrays.txt,2,838,0.096600,0.000000,0.00
randomArrays.txt,3,838,0.114000,0.000000,0.00
randomArrays.txt,1,316,0.039800,0.000000,0.00
randomArrays.txt,2,316,0.037000,0.000000,0.00
randomArrays.txt,3,316,0.036400,0.000000,0.00
randomArrays.txt,1,111,0.011800,0.000000,0.00
randomArrays.txt,2,111,0.010500,0.000000,0.00
randomArrays.txt,3,111,0.010300,0.000000,0.00
randomArrays.txt,1,530,0.070100,0.000000,0.00
randomArrays.txt,2,530,0.065400,0.000000,0.00
randomArrays.txt,3,530,0.062700,0.000000,0.00
randomArrays.txt,1,827,0.100800,0.000000,0.00
randomArrays.txt,2,827,0.096900,0.000000,0.00
randomArrays.txt,3,827,0.097700,0.000000,0.00
randomArrays.txt,1,994,0.109800,0.000000,0.00
randomArrays.txt,2,994,0.112900,0.000000,0.00
randomArrays.txt,3,994,0.109600,0.000000,0.00
randomArrays.txt,1,348,0.041200,0.000000,0.00
randomArrays.txt,2,348,0.045000,0.000000,0.00
randomArrays.txt,3,348,0.040700,0.000000,0.00
randomArrays.txt,1,652,0.079700,0.000000,0.00
randomArrays.txt,2,652,0.077600,0.000000,0.00
randomArrays.txt,3,652,0.085400,0.000000,0.00
randomArrays.txt,1,339,0.038100,0.000000,0.00
randomArrays.txt,2,339,0.258900,0.000000,0.00
randomArrays.txt,3,339,0.040700,0.000000,0.00
randomArrays.txt,1,908,0.110500,0.000000,0.00
randomArrays.txt,2,908,0.115500,0.000000,0.00
randomArrays.txt,3,908,0.105700,0.000000,0.00
randomArrays.txt,1,655,0.106900,0.000000,0.00
randomArrays.txt,2,655,0.083100,0.000000,0.00
randomArrays.txt,3,655,0.082200,0.000000,0.00
randomArrays.txt,1,899,0.113400,0.000000,0.00
randomArrays.txt,2,899,0.119900,0.000000,0.00
randomArrays.txt,3,899,0.111400,0.000000,0.00
randomArrays.txt,1,377,0.042200,0.000000,0.00
randomArrays.txt,2,377,0.041100,0.000000,0.00
randomArrays.txt,3,377,0.040000,0.000000,0.00
randomArrays.txt,1,793,0.100700,0.000000,0.00
randomArrays.txt,2,793,0.095100,0.000000,0.00
randomArrays.txt,3,793,0.098300,0.000000,0.00
randomArrays.txt,1,12,0.001900,0.000000,0.00
randomArrays.txt,2,12,0.001700,0.000000,0.00
randomArrays.txt,3,12,0.001500,0.000000,0.00
randomArrays.txt,1,236,0.027200,0.000000,0.00
randomArrays.txt,2,236,0.025100,0.000000,0.00
randomArrays.txt,3,236,0.023900,0.000000,0.00
randomArrays.txt,1,851,0.119800,0.000000,0.00
randomArrays.txt,2,851,0.112900,0.000000,0.00
randomArrays.txt,3,851,0.110900,0.000000,0.00
randomArrays.txt,1,462,0.056600,0.000000,0.00
randomArrays.txt,2,462,0.058100,0.000000,0.00
randomArrays.txt,3,462,0.051800,0.000000,0.00
randomArrays.txt,1,49,0.005600,0.000000,0.00
randomArrays.txt,2,49,0.004800,0.000000,0.00
randomArrays.txt,3,49,0.004900,0.000000,0.00
randomArrays.txt,1,649,0.084800,0.000000,0.00
randomArrays.txt,2,649,0.083100,0.000000,0.00
randomArrays.txt,3,649,0.081900,0.000000,0.00
randomArrays.txt,1,299,0.034600,0.000000,0.00
randomArrays.txt,2,299,0.032600,0.000000,0.00
randomArrays.txt,3,299,0.033400,0.000000,0.00
randomArrays.txt,1,796,0.099500,0.000000,0.00
randomArrays.txt,2,796,0.104700,0.000000,0.00
randomArrays.txt,3,796,0.103400,0.000000,0.00
randomArrays.txt,1,227,0.028500,0.000000,0.00
randomArrays.txt,2,227,0.028800,0.000000,0.00
randomArrays.txt,3,227,0.030200,0.000000,0.00
randomArrays.txt,1,929,0.139500,0.000000,0.00
randomArrays.txt,2,929,0.131800,0.000000,0.00
randomArrays.txt,3,929,0.126300,0.000000,0.00
randomArrays.txt,1,166,0.018100,0.000000,0.00
randomArrays.txt,2,166,0.015700,0.000000,0.00
randomArrays.txt,3,166,0.018800,0.000000,0.00
randomArrays.txt,1,277,0.031300,0.000000,0.00
randomArrays.txt,2,277,0.031200,0.000000,0.00
randomArrays.txt,3,277,0.031300,0.000000,0.00
randomArrays.txt,1,179,0.018300,0.000000,0.00
randomArrays.txt,2,179,0.023800,0.000000,0.00
randomArrays.txt,3,179,0.019800,0.000000,0.00
randomArrays.txt,1,809,0.107500,0.000000,0.00
randomArrays.txt,2,809,0.111800,0.000000,0.00
randomArrays.txt,3,809,0.112800,0.000000,0.00
randomArrays.txt,1,232,0.026400,0.000000,0.00
randomArrays.txt,2,232,0.024300,0.000000,0.00
randomArrays.txt,3,232,0.025000,0.000000,0.00
randomArrays.txt,1,247,0.029500,0.000000,0.00
randomArrays.txt,2,247,0.027500,0.000000,0.00
randomArrays.txt,3,247,0.026200,0.000000,0.00
randomArrays.txt,1,99,0.018900,0.000000,0.00
randomArrays.txt,2,99,0.009300,0.000000,0.00
randomArrays.txt,3,99,0.009200,0.000000,0.00
randomArrays.txt,1,649,0.083900,0.000000,0.00
randomArrays.txt,2,649,0.078900,0.000000,0.00
randomArrays.txt,3,649,0.079400,0.000000,0.00
randomArrays.txt,1,15,0.002200,0.000000,0.00
randomArrays.txt,2,15,0.003900,0.000000,0.00
randomArrays.txt,3,15,0.003900,0.000000,0.00
randomArrays.txt,1,646,0.081500,0.000000,0.00
randomArrays.txt,2,646,0.082700,0.000000,0.00
randomArrays.txt,3,646,0.080300,0.000000,0.00
randomArrays.txt,1,463,0.058100,0.000000,0.00
randomArrays.txt,2,463,0.054000,0.000000,0.00
randomArrays.txt,3,463,0.053800,0.000000,0.00
randomArrays.txt,1,587,0.333500,0.000000,0.00
randomArrays.txt,2,587,0.076800,0.000000,0.00
randomArrays.txt,3,587,0.083100,0.000000,0.00
randomArrays.txt,1,898,0.119900,0.000000,0.00
randomArrays.txt,2,898,0.117100,0.000000,0.00
randomArrays.txt,3,898,0.116100,0.000000,0.00
randomArrays.txt,1,643,0.092900,0.000000,0.00
randomArrays.txt,2,643,0.076900,0.000000,0.00
randomArrays.txt,3,643,0.087100,0.000000,0.00
randomArrays.txt,1,840,0.118700,0.000000,0.00
randomArrays.txt,2,840,0.106000,0.000000,0.00
randomArrays.txt,3,840,0.102100,0.000000,0.00
randomArrays.txt,1,708,0.085700,0.000000,0.00
randomArrays.txt,2,708,0.086500,0.000000,0.00
randomArrays.txt,3,708,0.086700,0.000000,0.00
randomArrays.txt,1,214,0.023900,0.000000,0.00
randomArrays.txt,2,214,0.023400,0.000000,0.00
randomArrays.txt,3,214,0.022600,0.000000,0.00
randomArrays.txt,1,565,0.068800,0.000000,0.00
randomArrays.txt,2,565,0.068700,0.000000,0.00
randomArrays.txt,3,565,0.069400,0.000000,0.00
randomArrays.txt,1,157,0.018700,0.000000,0.00
randomArrays.txt,2,157,0.016600,0.000000,0.00
randomArrays.txt,3,157,0.017000,0.000000,0.00
randomArrays.txt,1,265,0.040300,0.000000,0.00
randomArrays.txt,2,265,0.030600,0.000000,0.00
randomArrays.txt,3,265,0.031000,0.000000,0.00
randomArrays.txt,1,171,0.020600,0.000000,0.00
randomArrays.txt,2,171,0.018600,0.000000,0.00
randomArrays.txt,3,171,0.019400,0.000000,0.00
randomArrays.txt,1,136,0.015200,0.000000,0.00
randomArrays.txt,2,136,0.015000,0.000000,0.00
randomArrays.txt,3,136,0.014300,0.000000,0.00
randomArrays.txt,1,290,0.033600,0.000000,0.00
randomArrays.txt,2,290,0.032100,0.000000,0.00
randomArrays.txt,3,290,0.032000,0.000000,0.00
randomArrays.txt,1,96,0.018100,0.000000,0.00
randomArrays.txt,2,96,0.008800,0.000000,0.00
randomArrays.txt,3,96,0.008500,0.000000,0.00
randomArrays.txt,1,11,0.001700,0.000000,0.00
randomArrays.txt,2,11,0.001200,0.000000,0.00
randomArrays.txt,3,11,0.001100,0.000000,0.00
randomArrays.txt,1,311,0.035600,0.000000,0.00
randomArrays.txt,2,311,0.035500,0.000000,0.00
randomArrays.txt,3,311,0.034900,0.000000,0.00
randomArrays.txt,1,566,0.071700,0.000000,0.00
randomArrays.txt,2,566,0.071200,0.000000,0.00
randomArrays.txt,3,566,0.070100,0.000000,0.00
randomArrays.txt,1,328,0.036600,0.000000,0.00
randomArrays.txt,2,328,0.037500,0.000000,0.00
randomArrays.txt,3,328,0.037300,0.000000,0.00
randomArrays.txt,1,358,0.043200,0.000000,0.00
randomArrays.txt,2,358,0.042600,0.000000,0.00
randomArrays.txt,3,358,0.043800,0.000000,0.00
randomArrays.txt,1,674,0.083300,0.000000,0.00
randomArrays.txt,2,674,0.084000,0.000000,0.00
randomArrays.txt,3,674,0.084100,0.000000,0.00
randomArrays.txt,1,490,0.062100,0.000000,0.00
randomArrays.txt,2,490,0.058700,0.000000,0.00
randomArrays.txt,3,490,0.057200,0.000000,0.00
randomArrays.txt,1,36,0.003500,0.000000,0.00
randomArrays.txt,2,36,0.003300,0.000000,0.00
randomArrays.txt,3,36,0.003600,0.000000,0.00
randomArrays.txt,1,408,0.048700,0.000000,0.00
randomArrays.txt,2,408,0.044300,0.000000,0.00
randomArrays.txt,3,408,0.043800,0.000000,0.00
randomArrays.txt,1,49,0.004800,0.000000,0.00
randomArrays.txt,2,49,0.003400,0.000000,0.00
randomArrays.txt,3,49,0.003700,0.000000,0.00
randomArrays.txt,1,581,0.072500,0.000000,0.00
randomArrays.txt,2,581,0.072800,0.000000,0.00
randomArrays.txt,3,581,0.072100,0.000000,0.00
randomArrays.txt,1,879,0.139500,0.000000,0.00
randomArrays.txt,2,879,0.132500,0.000000,0.00
randomArrays.txt,3,879,0.117200,0.000000,0.00
randomArrays.txt,1,61,0.005600,0.000000,0.00
randomArrays.txt,2,61,0.697500,0.000000,0.00
randomArrays.txt,3,61,0.005700,0.000000,0.00
randomArrays.txt,1,656,0.080200,0.000000,0.00
randomArrays.txt,2,656,0.078000,0.000000,0.00
randomArrays.txt,3,656,0.076000,0.000000,0.00
randomArrays.txt,1,411,0.049200,0.000000,0.00
randomArrays.txt,2,411,0.048800,0.000000,0.00
randomArrays.txt,3,411,0.048800,0.000000,0.00
randomArrays.txt,1,361,0.044100,0.000000,0.00
randomArrays.txt,2,361,0.042500,0.000000,0.00
randomArrays.txt,3,361,0.042800,0.000000,0.00
randomArrays.txt,1,994,0.120200,0.000000,0.00
randomArrays.txt,2,994,0.134500,0.000000,0.00
randomArrays.txt,3,994,0.135700,0.000000,0.00
randomArrays.txt,1,416,0.049300,0.000000,0.00
randomArrays.txt,2,416,0.047400,0.000000,0.00
randomArrays.txt,3,416,0.047300,0.000000,0.00
randomArrays.txt,1,966,0.136100,0.000000,0.00
randomArrays.txt,2,966,0.132000,0.000000,0.00
randomArrays.txt,3,966,0.131900,0.000000,0.00
randomArrays.txt,1,92,0.008900,0.000000,0.00
randomArrays.txt,2,92,0.007900,0.000000,0.00
randomArrays.txt,3,92,0.007300,0.000000,0.00
randomArrays.txt,1,429,0.053300,0.000000,0.00
randomArrays.txt,2,429,0.051200,0.000000,0.00
randomArrays.txt,3,429,0.049900,0.000000,0.00
randomArrays.txt,1,658,0.087300,0.000000,0.00
randomArrays.txt,2,658,0.083400,0.000000,0.00
randomArrays.txt,3,658,0.084900,0.000000,0.00
randomArrays.txt,1,877,0.108300,0.000000,0.00
randomArrays.txt,2,877,0.105400,0.000000,0.00
randomArrays.txt,3,877,0.101100,0.000000,0.00
randomArrays.txt,1,780,0.101500,0.000000,0.00
randomArrays.txt,2,780,0.102500,0.000000,0.00
randomArrays.txt,3,780,0.101800,0.000000,0.00
randomArrays.txt,1,669,0.083000,0.000000,0.00
randomArrays.txt,2,669,0.084400,0.000000,0.00
randomArrays.txt,3,669,0.077700,0.000000,0.00
randomArrays.txt,1,394,0.046500,0.000000,0.00
randomArrays.txt,2,394,0.044300,0.000000,0.00
randomArrays.txt,3,394,0.047300,0.000000,0.00
randomArrays.txt,1,892,0.121800,0.000000,0.00
randomArrays.txt,2,892,0.119900,0.000000,0.00
randomArrays.txt,3,892,0.118700,0.000000,0.00
randomArrays.txt,1,180,0.019100,0.000000,0.00
randomArrays.txt,2,180,0.018500,0.000000,0.00
randomArrays.txt,3,180,0.017800,0.000000,0.00
randomArrays.txt,1,829,0.108100,0.000000,0.00
randomArrays.txt,2,829,0.098900,0.000000,0.00
randomArrays.txt,3,829,0.099900,0.000000,0.00
randomArrays.txt,1,255,0.028600,0.000000,0.00
randomArrays.txt,2,255,0.030700,0.000000,0.00
randomArrays.txt,3,255,0.027800,0.000000,0.00
randomArrays.txt,1,374,0.042400,0.000000,0.00
randomArrays.txt,2,374,0.039000,0.000000,0.00
randomArrays.txt,3,374,0.039400,0.000000,0.00
randomArrays.txt,1,37,0.003800,0.000000,0.00
randomArrays.txt,2,37,0.003300,0.000000,0.00
randomArrays.txt,3,37,0.003200,0.000000,0.00
randomArrays.txt,1,919,0.114000,0.000000,0.00
randomArrays.txt,2,919,0.107000,0.000000,0.00
randomArrays.txt,3,919,0.107700,0.000000,0.00
randomArrays.txt,1,850,0.103700,0.000000,0.00
randomArrays.txt,2,850,0.101600,0.000000,0.00
randomArrays.txt,3,850,0.100900,0.000000,0.00
randomArrays.txt,1,930,0.112000,0.000000,0.00
randomArrays.txt,2,930,0.126900,0.000000,0.00
randomArrays.txt,3,930,0.129400,0.000000,0.00
randomArrays.txt,1,419,0.051200,0.000000,0.00
randomArrays.txt,2,419,0.050500,0.000000,0.00
randomArrays.txt,3,419,0.046000,0.000000,0.00
randomArrays.txt,1,720,0.086500,0.000000,0.00
randomArrays.txt,2,720,0.087200,0.000000,0.00
randomArrays.txt,3,720,0.079900,0.000000,0.00
randomArrays.txt,1,378,0.044900,0.000000,0.00
randomArrays.txt,2,378,0.044400,0.000000,0.00
randomArrays.txt,3,378,0.045000,0.000000,0.00
randomArrays.txt,1,815,0.089600,0.000000,0.00
randomArrays.txt,2,815,0.081100,0.000000,0.00
randomArrays.txt,3,815,0.095600,0.000000,0.00
randomArrays.txt,1,566,0.073900,0.000000,0.00
randomArrays.txt,2,566,0.068000,0.000000,0.00
randomArrays.txt,3,566,0.069100,0.000000,0.00
randomArrays.txt,1,623,0.080600,0.000000,0.00
randomArrays.txt,2,623,0.061800,0.000000,0.00
randomArrays.txt,3,623,0.061200,0.000000,0.00
randomArrays.txt,1,597,0.078000,0.000000,0.00
randomArrays.txt,2,597,0.059300,0.000000,0.00
randomArrays.txt,3,597,0.074800,0.000000,0.00
randomArrays.txt,1,148,0.014700,0.000000,0.00
randomArrays.txt,2,148,0.012800,0.000000,0.00
randomArrays.txt,3,148,0.012400,0.000000,0.00
randomArrays.txt,1,580,0.068600,0.000000,0.00
randomArrays.txt,2,580,0.066200,0.000000,0.00
randomArrays.txt,3,580,0.065300,0.000000,0.00
randomArrays.txt,1,244,0.027200,0.000000,0.00
randomArrays.txt,2,244,0.026500,0.000000,0.00
randomArrays.txt,3,244,0.025900,0.000000,0.00
randomArrays.txt,1,703,0.088900,0.000000,0.00
randomArrays.txt,2,703,0.088900,0.000000,0.00
randomArrays.txt,3,703,0.088700,0.000000,0.00
randomArrays.txt,1,743,0.102300,0.000000,0.00
randomArrays.txt,2,743,0.100000,0.000000,0.00
randomArrays.txt,3,743,0.099900,0.000000,0.00
randomArrays.txt,1,923,0.141900,0.000000,0.00
randomArrays.txt,2,923,0.114700,0.000000,0.00
randomArrays.txt,3,923,0.124000,0.000000,0.00
randomArrays.txt,1,284,0.031700,0.000000,0.00
randomArrays.txt,2,284,0.039600,0.000000,0.00
randomArrays.txt,3,284,0.029500,0.000000,0.00
randomArrays.txt,1,35,0.003400,0.000000,0.00
randomArrays.txt,2,35,0.002900,0.000000,0.00
randomArrays.txt,3,35,0.003000,0.000000,0.00
randomArrays.txt,1,941,0.293800,0.000000,0.00
randomArrays.txt,2,941,0.120800,0.000000,0.00
randomArrays.txt,3,941,0.105000,0.000000,0.00
randomArrays.txt,1,39,0.003600,0.000000,0.00
randomArrays.txt,2,39,0.003300,0.000000,0.00
randomArrays.txt,3,39,0.003000,0.000000,0.00
randomArrays.txt,1,276,0.032800,0.000000,0.00
randomArrays.txt,2,276,0.029800,0.000000,0.00
randomArrays.txt,3,276,0.032700,0.000000,0.00
randomArrays.txt,1,494,0.063300,0.000000,0.00
randomArrays.txt,2,494,0.063400,0.000000,0.00
randomArrays.txt,3,494,0.058300,0.000000,0.00
randomArrays.txt,1,547,0.057000,0.000000,0.00
randomArrays.txt,2,547,0.055100,0.000000,0.00
randomArrays.txt,3,547,0.059900,0.000000,0.00
randomArrays.txt,1,837,0.089100,0.000000,0.00
randomArrays.txt,2,837,0.085600,0.000000,0.00
randomArrays.txt,3,837,0.100200,0.000000,0.00
randomArrays.txt,1,183,0.018900,0.000000,0.00
randomArrays.txt,2,183,0.017000,0.000000,0.00
randomArrays.txt,3,183,0.016500,0.000000,0.00
randomArrays.txt,1,360,0.041500,0.000000,0.00
randomArrays.txt,2,360,0.041100,0.000000,0.00
randomArrays.txt,3,360,0.040000,0.000000,0.00
randomArrays.txt,1,627,0.074600,0.000000,0.00
randomArrays.txt,2,627,0.071800,0.000000,0.00
randomArrays.txt,3,627,0.071000,0.000000,0.00
randomArrays.txt,1,833,0.100400,0.000000,0.00
randomArrays.txt,2,833,0.106200,0.000000,0.00
randomArrays.txt,3,833,0.098300,0.000000,0.00
randomArrays.txt,1,491,0.055500,0.000000,0.00
randomArrays.txt,2,491,0.054700,0.000000,0.00
randomArrays.txt,3,491,0.061500,0.000000,0.00
randomArrays.txt,1,623,0.075300,0.000000,0.00
randomArrays.txt,2,623,0.074900,0.000000,0.00
randomArrays.txt,3,623,0.075500,0.000000,0.00
randomArrays.txt,1,850,0.109200,0.000000,0.00
randomArrays.txt,2,850,0.106600,0.000000,0.00
randomArrays.txt,3,850,0.110000,0.000000,0.00
randomArrays.txt,1,35,0.003500,0.000000,0.00
randomArrays.txt,2,35,0.003200,0.000000,0.00
randomArrays.txt,3,35,0.003300,0.000000,0.00
randomArrays.txt,1,584,0.072300,0.000000,0.00
randomArrays.txt,2,584,0.073200,0.000000,0.00
randomArrays.txt,3,584,0.071200,0.000000,0.00
randomArrays.txt,1,34,0.003300,0.000000,0.00
randomArrays.txt,2,34,0.003100,0.000000,0.00
randomArrays.txt,3,34,0.002900,0.000000,0.00
randomArrays.txt,1,335,0.040900,0.000000,0.00
randomArrays.txt,2,335,0.038700,0.000000,0.00
randomArrays.txt,3,335,0.037600,0.000000,0.00
randomArrays.txt,1,145,0.016800,0.000000,0.00
randomArrays.txt,2,145,0.012900,0.000000,0.00
randomArrays.txt,3,145,0.012400,0.000000,0.00
randomArrays.txt,1,61,0.006600,0.000000,0.00
randomArrays.txt,2,61,0.005600,0.000000,0.00
randomArrays.txt,3,61,0.005200,0.000000,0.00
randomArrays.txt,1,88,0.008800,0.000000,0.00
randomArrays.txt,2,88,0.008300,0.000000,0.00
randomArrays.txt,3,88,0.008600,0.000000,0.00
randomArrays.txt,1,442,0.055200,0.000000,0.00
randomArrays.txt,2,442,0.051900,0.000000,0.00
randomArrays.txt,3,442,0.049800,0.000000,0.00
randomArrays.txt,1,729,0.094800,0.000000,0.00
randomArrays.txt,2,729,0.280200,0.000000,0.00
randomArrays.txt,3,729,0.080200,0.000000,0.00
randomArrays.txt,1,312,0.034600,0.000000,0.00
randomArrays.txt,2,312,0.034300,0.000000,0.00
randomArrays.txt,3,312,0.034200,0.000000,0.00
randomArrays.txt,1,620,0.097100,0.000000,0.00
randomArrays.txt,2,620,0.068900,0.000000,0.00
randomArrays.txt,3,620,0.073400,0.000000,0.00
randomArrays.txt,1,77,0.007600,0.000000,0.00
randomArrays.txt,2,77,0.006900,0.000000,0.00
randomArrays.txt,3,77,0.006800,0.000000,0.00
randomArrays.txt,1,784,0.097500,0.000000,0.00
randomArrays.txt,2,784,0.101000,0.000000,0.00
randomArrays.txt,3,784,0.097900,0.000000,0.00
randomArrays.txt,1,720,0.087500,0.000000,0.00
randomArrays.txt,2,720,0.089000,0.000000,0.00
randomArrays.txt,3,720,0.090700,0.000000,0.00
randomArrays.txt,1,796,0.101200,0.000000,0.00
randomArrays.txt,2,796,0.097500,0.000000,0.00
randomArrays.txt,3,796,0.108100,0.000000,0.00
randomArrays.txt,1,81,0.007800,0.000000,0.00
randomArrays.txt,2,81,0.007400,0.000000,0.00
randomArrays.txt,3,81,0.007400,0.000000,0.00
randomArrays.txt,1,900,0.115000,0.000000,0.00
randomArrays.txt,2,900,0.110800,0.000000,0.00
randomArrays.txt,3,900,0.108800,0.000000,0.00
randomArrays.txt,1,570,0.070600,0.000000,0.00
randomArrays.txt,2,570,0.069800,0.000000,0.00
randomArrays.txt,3,570,0.070200,0.000000,0.00
randomArrays.txt,1,749,0.096600,0.000000,0.00
randomArrays.txt,2,749,0.094800,0.000000,0.00
randomArrays.txt,3,749,0.098200,0.000000,0.00
randomArrays.txt,1,723,0.092800,0.000000,0.00
randomArrays.txt,2,723,0.094000,0.000000,0.00
randomArrays.txt,3,723,0.097500,0.000000,0.00
randomArrays.txt,1,54,0.005100,0.000000,0.00
randomArrays.txt,2,54,0.005000,0.000000,0.00
randomArrays.txt,3,54,0.004800,0.000000,0.00
randomArrays.txt,1,261,0.029500,0.000000,0.00
randomArrays.txt,2,261,0.028900,0.000000,0.00
randomArrays.txt,3,261,0.028300,0.000000,0.00
randomArrays.txt,1,831,0.100900,0.000000,0.00
randomArrays.txt,2,831,0.104400,0.000000,0.00
randomArrays.txt,3,831,0.107600,0.000000,0.00
randomArrays.txt,1,133,0.013900,0.000000,0.00
randomArrays.txt,2,133,0.013400,0.000000,0.00
randomArrays.txt,3,133,0.012500,0.000000,0.00
randomArrays.txt,1,165,0.016700,0.000000,0.00
randomArrays.txt,2,165,0.015700,0.000000,0.00
randomArrays.txt,3,165,0.016800,0.000000,0.00
randomArrays.txt,1,441,0.053400,0.000000,0.00
randomArrays.txt,2,441,0.052100,0.000000,0.00
randomArrays.txt,3,441,0.054000,0.000000,0.00
randomArrays.txt,1,782,0.096200,0.000000,0.00
randomArrays.txt,2,782,0.098300,0.000000,0.00
randomArrays.txt,3,782,0.101800,0.000000,0.00
randomArrays.txt,1,384,0.043300,0.000000,0.00
randomArrays.txt,2,384,0.042300,0.000000,0.00
randomArrays.txt,3,384,0.042100,0.000000,0.00
randomArrays.txt,1,283,0.032600,0.000000,0.00
randomArrays.txt,2,283,0.031600,0.000000,0.00
randomArrays.txt,3,283,0.035600,0.000000,0.00
randomArrays.txt,1,71,0.007100,0.000000,0.00
randomArrays.txt,2,71,0.006200,0.000000,0.00
randomArrays.txt,3,71,0.006600,0.000000,0.00
randomArrays.txt,1,374,0.044000,0.000000,0.00
randomArrays.txt,2,374,0.042200,0.000000,0.00
randomArrays.txt,3,374,0.043500,0.000000,0.00
randomArrays.txt,1,204,0.691100,0.000000,0.00
randomArrays.txt,2,204,0.021300,0.000000,0.00
randomArrays.txt,3,204,0.019300,0.000000,0.00
randomArrays.txt,1,437,0.050700,0.000000,0.00
randomArrays.txt,2,437,0.052100,0.000000,0.00
randomArrays.txt,3,437,0.049200,0.000000,0.00
randomArrays.txt,1,662,0.085100,0.000000,0.00
randomArrays.txt,2,662,0.083300,0.000000,0.00
randomArrays.txt,3,662,0.109000,0.000000,0.00
randomArrays.txt,1,821,0.094900,0.000000,0.00
randomArrays.txt,2,821,0.094700,0.000000,0.00
randomArrays.txt,3,821,0.098100,0.000000,0.00
randomArrays.txt,1,198,0.024400,0.000000,0.00
randomArrays.txt,2,198,0.024500,0.000000,0.00
randomArrays.txt,3,198,0.020300,0.000000,0.00
randomArrays.txt,1,776,0.094000,0.000000,0.00
randomArrays.txt,2,776,0.103200,0.000000,0.00
randomArrays.txt,3,776,0.096700,0.000000,0.00
randomArrays.txt,1,124,0.012800,0.000000,0.00
randomArrays.txt,2,124,0.011500,0.000000,0.00
randomArrays.txt,3,124,0.011600,0.000000,0.00
randomArrays.txt,1,202,0.021000,0.000000,0.00
randomArrays.txt,2,202,0.019900,0.000000,0.00
randomArrays.txt,3,202,0.020500,0.000000,0.00
randomArrays.txt,1,806,0.097500,0.000000,0.00
randomArrays.txt,2,806,0.105100,0.000000,0.00
randomArrays.txt,3,806,0.104000,0.000000,0.00
randomArrays.txt,1,448,0.056200,0.000000,0.00
randomArrays.txt,2,448,0.047100,0.000000,0.00
randomArrays.txt,3,448,0.051200,0.000000,0.00
randomArrays.txt,1,383,0.044700,0.000000,0.00
randomArrays.txt,2,383,0.044900,0.000000,0.00
randomArrays.txt,3,383,0.048000,0.000000,0.00
randomArrays.txt,1,992,0.118100,0.000000,0.00
randomArrays.txt,2,992,0.124100,0.000000,0.00
randomArrays.txt,3,992,0.126200,0.000000,0.00
randomArrays.txt,1,714,0.087200,0.000000,0.00
randomArrays.txt,2,714,0.090800,0.000000,0.00
randomArrays.txt,3,714,0.090100,0.000000,0.00
randomArrays.txt,1,528,0.058600,0.000000,0.00
randomArrays.txt,2,528,0.062000,0.000000,0.00
randomArrays.txt,3,528,0.057800,0.000000,0.00
randomArrays.txt,1,137,0.013500,0.000000,0.00
randomArrays.txt,2,137,0.013400,0.000000,0.00
randomArrays.txt,3,137,0.013400,0.000000,0.00
randomArrays.txt,1,122,0.012500,0.000000,0.00
randomArrays.txt,2,122,0.011700,0.000000,0.00
randomArrays.txt,3,122,0.013000,0.000000,0.00
randomArrays.txt,1,883,0.111100,0.000000,0.00
randomArrays.txt,2,883,0.111500,0.000000,0.00
randomArrays.txt,3,883,0.114600,0.000000,0.00
randomArrays.txt,1,614,0.081000,0.000000,0.00
randomArrays.txt,2,614,0.117800,0.000000,0.00
randomArrays.txt,3,614,0.078000,0.000000,0.00
randomArrays.txt,1,841,0.109700,0.000000,0.00
randomArrays.txt,2,841,0.108200,0.000000,0.00
randomArrays.txt,3,841,0.114600,0.000000,0.00
randomArrays.txt,1,471,0.058100,0.000000,0.00
randomArrays.txt,2,471,0.059800,0.000000,0.00
randomArrays.txt,3,471,0.052800,0.000000,0.00
randomArrays.txt,1,871,0.113400,0.000000,0.00
randomArrays.txt,2,871,0.106300,0.000000,0.00
randomArrays.txt,3,871,0.108700,0.000000,0.00
randomArrays.txt,1,938,0.133000,0.000000,0.00
randomArrays.txt,2,938,0.125200,0.000000,0.00
randomArrays.txt,3,938,0.122300,0.000000,0.00
randomArrays.txt,1,238,0.024000,0.000000,0.00
randomArrays.txt,2,238,0.025500,0.000000,0.00
randomArrays.txt,3,238,0.025200,0.000000,0.00
randomArrays.txt,1,772,0.104800,0.000000,0.00
randomArrays.txt,2,772,0.100600,0.000000,0.00
randomArrays.txt,3,772,0.101800,0.000000,0.00
randomArrays.txt,1,334,0.038400,0.000000,0.00
randomArrays.txt,2,334,0.037700,0.000000,0.00
randomArrays.txt,3,334,0.039100,0.000000,0.00
randomArrays.txt,1,274,0.031100,0.000000,0.00
randomArrays.txt,2,274,0.028600,0.000000,0.00
randomArrays.txt,3,274,0.029600,0.000000,0.00
randomArrays.txt,1,385,0.043300,0.000000,0.00
randomArrays.txt,2,385,1.755900,0.000000,0.00
randomArrays.txt,3,385,0.049100,0.000000,0.00
randomArrays.txt,1,455,0.054000,0.000000,0.00
randomArrays.txt,2,455,0.055700,0.000000,0.00
randomArrays.txt,3,455,0.054600,0.000000,0.00
randomArrays.txt,1,202,0.023400,0.000000,0.00
randomArrays.txt,2,202,0.023700,0.000000,0.00
randomArrays.txt,3,202,0.022200,0.000000,0.00
randomArrays.txt,1,349,0.042700,0.000000,0.00
randomArrays.txt,2,349,0.042400,0.000000,0.00
randomArrays.txt,3,349,0.042900,0.000000,0.00
randomArrays.txt,1,170,0.017800,0.000000,0.00
randomArrays.txt,2,170,0.015300,0.000000,0.00
randomArrays.txt,3,170,0.016200,0.000000,0.00
randomArrays.txt,1,365,0.039200,0.000000,0.00
randomArrays.txt,2,365,0.038500,0.000000,0.00
randomArrays.txt,3,365,0.037000,0.000000,0.00
randomArrays.txt,1,921,0.314500,0.000000,0.00
randomArrays.txt,2,921,0.121300,0.000000,0.00
randomArrays.txt,3,921,0.119700,0.000000,0.00
randomArrays.txt,1,368,0.044600,0.000000,0.00
randomArrays.txt,2,368,0.043500,0.000000,0.00
randomArrays.txt,3,368,0.043600,0.000000,0.00
randomArrays.txt,1,851,0.110100,0.000000,0.00
randomArrays.txt,2,851,0.110200,0.000000,0.00
randomArrays.txt,3,851,0.105100,0.000000,0.00
randomArrays.txt,1,736,0.094600,0.000000,0.00
randomArrays.txt,2,736,0.275300,0.000000,0.00
randomArrays.txt,3,736,0.087400,0.000000,0.00
randomArrays.txt,1,64,0.006100,0.000000,0.00
randomArrays.txt,2,64,0.005800,0.000000,0.00
randomArrays.txt,3,64,0.008000,0.000000,0.00
randomArrays.txt,1,371,0.044600,0.000000,0.00
randomArrays.txt,2,371,0.044400,0.000000,0.00
randomArrays.txt,3,371,0.044600,0.000000,0.00
randomArrays.txt,1,962,0.124400,0.000000,0.00
randomArrays.txt,2,962,0.127000,0.000000,0.00
randomArrays.txt,3,962,0.126400,0.000000,0.00
randomArrays.txt,1,758,0.092700,0.000000,0.00
randomArrays.txt,2,758,0.112400,0.000000,0.00
randomArrays.txt,3,758,0.097700,0.000000,0.00
randomArrays.txt,1,565,0.071400,0.000000,0.00
randomArrays.txt,2,565,0.071600,0.000000,0.00
randomArrays.txt,3,565,0.077100,0.015625,0.00
randomArrays.txt,1,246,0.057900,0.000000,0.00
randomArrays.txt,2,246,0.023300,0.000000,0.00
randomArrays.txt,3,246,0.026700,0.000000,0.00
randomArrays.txt,1,390,0.043000,0.000000,0.00
randomArrays.txt,2,390,0.043000,0.000000,0.00
randomArrays.txt,3,390,0.042400,0.000000,0.00
randomArrays.txt,1,833,0.111000,0.000000,0.00
randomArrays.txt,2,833,0.109800,0.000000,0.00
randomArrays.txt,3,833,0.111300,0.000000,0.00
randomArrays.txt,1,359,0.040500,0.000000,0.00
randomArrays.txt,2,359,0.040100,0.000000,0.00
randomArrays.txt,3,359,0.041600,0.000000,0.00
randomArrays.txt,1,647,0.077600,0.000000,0.00
randomArrays.txt,2,647,0.078100,0.000000,0.00
randomArrays.txt,3,647,0.077700,0.000000,0.00
randomArrays.txt,1,830,0.109200,0.000000,0.00
randomArrays.txt,2,830,0.108700,0.000000,0.00
randomArrays.txt,3,830,0.109500,0.000000,0.00
randomArrays.txt,1,790,0.123700,0.000000,0.00
randomArrays.txt,2,790,0.103200,0.000000,0.00
randomArrays.txt,3,790,0.103200,0.000000,0.00
randomArrays.txt,1,789,0.101000,0.000000,0.00
randomArrays.txt,2,789,0.100300,0.000000,0.00
randomArrays.txt,3,789,0.102400,0.000000,0.00
randomArrays.txt,1,33,0.003000,0.000000,0.00
randomArrays.txt,2,33,0.003100,0.000000,0.00
randomArrays.txt,3,33,0.003000,0.000000,0.00
randomArrays.txt,1,324,0.035800,0.000000,0.00
randomArrays.txt,2,324,0.034900,0.000000,0.00
randomArrays.txt,3,324,0.035600,0.000000,0.00
randomArrays.txt,1,460,0.051800,0.000000,0.00
randomArrays.txt,2,460,0.053600,0.000000,0.00
randomArrays.txt,3,460,0.058700,0.000000,0.00
randomArrays.txt,1,660,0.086800,0.000000,0.00
randomArrays.txt,2,660,0.084400,0.000000,0.00
randomArrays.txt,3,660,0.082000,0.000000,0.00
randomArrays.txt,1,553,0.069400,0.000000,0.00
randomArrays.txt,2,553,0.070100,0.000000,0.00
randomArrays.txt,3,553,0.068500,0.000000,0.00
randomArrays.txt,1,181,0.019500,0.000000,0.00
randomArrays.txt,2,181,0.018900,0.000000,0.00
randomArrays.txt,3,181,0.018700,0.000000,0.00
randomArrays.txt,1,106,0.010900,0.000000,0.00
randomArrays.txt,2,106,0.010700,0.000000,0.00
randomArrays.txt,3,106,0.010600,0.000000,0.00
randomArrays.txt,1,198,0.021300,0.000000,0.00
randomArrays.txt,2,198,0.022700,0.000000,0.00
randomArrays.txt,3,198,0.020200,0.000000,0.00
randomArrays.txt,1,795,0.104600,0.000000,0.00
randomArrays.txt,2,795,0.102100,0.000000,0.00
randomArrays.txt,3,795,0.098200,0.000000,0.00
randomArrays.txt,1,149,0.016700,0.000000,0.00
randomArrays.txt,2,149,0.015100,0.000000,0.00
randomArrays.txt,3,149,0.015200,0.000000,0.00
randomArrays.txt,1,42,0.004600,0.000000,0.00
randomArrays.txt,2,42,0.003400,0.000000,0.00
randomArrays.txt,3,42,0.003400,0.000000,0.00
randomArrays.txt,1,538,0.065700,0.000000,0.00
randomArrays.txt,2,538,0.064600,0.000000,0.00
randomArrays.txt,3,538,0.064300,0.000000,0.00
randomArrays.txt,1,405,0.050400,0.000000,0.00
randomArrays.txt,2,405,0.046900,0.000000,0.00
randomArrays.txt,3,405,0.046000,0.000000,0.00
randomArrays.txt,1,741,0.091300,0.000000,0.00
randomArrays.txt,2,741,0.091900,0.000000,0.00
randomArrays.txt,3,741,0.092700,0.000000,0.00
randomArrays.txt,1,88,0.008800,0.000000,0.00
randomArrays.txt,2,88,0.008300,0.000000,0.00
randomArrays.txt,3,88,0.009600,0.000000,0.00
randomArrays.txt,1,896,0.116900,0.000000,0.00
randomArrays.txt,2,896,0.114200,0.000000,0.00
randomArrays.txt,3,896,0.108100,0.000000,0.00
randomArrays.txt,1,574,0.072600,0.000000,0.00
randomArrays.txt,2,574,0.073800,0.000000,0.00
randomArrays.txt,3,574,0.069200,0.000000,0.00
randomArrays.txt,1,34,0.003400,0.000000,0.00
randomArrays.txt,2,34,0.003300,0.000000,0.00
randomArrays.txt,3,34,0.003200,0.000000,0.00
randomArrays.txt,1,83,0.008800,0.000000,0.00
randomArrays.txt,2,83,0.007800,0.000000,0.00
randomArrays.txt,3,83,0.007500,0.000000,0.00
randomArrays.txt,1,311,0.636900,0.000000,0.00
randomArrays.txt,2,311,0.033600,0.000000,0.00
randomArrays.txt,3,311,0.034700,0.000000,0.00
randomArrays.txt,1,168,0.018600,0.000000,0.00
randomArrays.txt,2,168,0.017100,0.000000,0.00
randomArrays.txt,3,168,0.016700,0.000000,0.00
randomArrays.txt,1,720,0.091900,0.000000,0.00
randomArrays.txt,2,720,0.089900,0.000000,0.00
randomArrays.txt,3,720,0.088100,0.000000,0.00
randomArrays.txt,1,499,0.058300,0.000000,0.00
randomArrays.txt,2,499,0.058500,0.000000,0.00
randomArrays.txt,3,499,0.055000,0.000000,0.00
randomArrays.txt,1,280,0.031900,0.000000,0.00
randomArrays.txt,2,280,0.029200,0.000000,0.00
randomArrays.txt,3,280,0.029800,0.000000,0.00
randomArrays.txt,1,960,0.131300,0.000000,0.00
randomArrays.txt,2,960,0.119100,0.000000,0.00
randomArrays.txt,3,960,0.117700,0.000000,0.00
randomArrays.txt,1,351,0.041600,0.000000,0.00
randomArrays.txt,2,351,0.037600,0.000000,0.00
randomArrays.txt,3,351,0.040300,0.000000,0.00
randomArrays.txt,1,840,0.116200,0.000000,0.00
randomArrays.txt,2,840,0.099700,0.000000,0.00
randomArrays.txt,3,840,0.103300,0.000000,0.00
randomArrays.txt,1,826,0.117300,0.000000,0.00
randomArrays.txt,2,826,0.111900,0.000000,0.00
randomArrays.txt,3,826,0.111200,0.000000,0.00
randomArrays.txt,1,780,0.096400,0.000000,0.00
randomArrays.txt,2,780,0.096100,0.000000,0.00
randomArrays.txt,3,780,0.097600,0.000000,0.00
randomArrays.txt,1,592,0.070600,0.000000,0.00
randomArrays.txt,2,592,0.067300,0.000000,0.00
randomArrays.txt,3,592,0.072600,0.000000,0.00
randomArrays.txt,1,601,0.073700,0.000000,0.00
randomArrays.txt,2,601,0.073400,0.000000,0.00
randomArrays.txt,3,601,0.076400,0.000000,0.00
randomArrays.txt,1,924,0.115600,0.000000,0.00
randomArrays.txt,2,924,0.203800,0.000000,0.00
randomArrays.txt,3,924,0.124200,0.000000,0.00
randomArrays.txt,1,630,0.079300,0.000000,0.00
randomArrays.txt,2,630,0.082000,0.000000,0.00
randomArrays.txt,3,630,0.081100,0.000000,0.00
randomArrays.txt,1,738,0.098900,0.000000,0.00
randomArrays.txt,2,738,0.095700,0.000000,0.00
randomArrays.txt,3,738,0.092000,0.000000,0.00
randomArrays.txt,1,43,0.004600,0.000000,0.00
randomArrays.txt,2,43,0.004100,0.000000,0.00
randomArrays.txt,3,43,0.004000,0.000000,0.00
randomArrays.txt,1,546,0.065000,0.000000,0.00
randomArrays.txt,2,546,0.092800,0.000000,0.00
randomArrays.txt,3,546,0.068700,0.000000,0.00
randomArrays.txt,1,118,0.012200,0.000000,0.00
randomArrays.txt,2,118,0.012100,0.000000,0.00
randomArrays.txt,3,118,0.011800,0.000000,0.00
randomArrays.txt,1,812,0.260800,0.000000,0.00
randomArrays.txt,2,812,0.094700,0.000000,0.00
randomArrays.txt,3,812,0.099000,0.000000,0.00
randomArrays.txt,1,636,0.073600,0.000000,0.00
randomArrays.txt,2,636,0.073500,0.000000,0.00
randomArrays.txt,3,636,0.073800,0.000000,0.00
randomArrays.txt,1,253,0.026500,0.000000,0.00
randomArrays.txt,2,253,0.025700,0.000000,0.00
randomArrays.txt,3,253,0.027200,0.000000,0.00
randomArrays.txt,1,443,0.055600,0.000000,0.00
randomArrays.txt,2,443,0.052100,0.000000,0.00
randomArrays.txt,3,443,0.054500,0.000000,0.00
randomArrays.txt,1,292,0.033300,0.000000,0.00
randomArrays.txt,2,292,0.032300,0.000000,0.00
randomArrays.txt,3,292,0.032300,0.000000,0.00
randomArrays.txt,1,723,0.089600,0.000000,0.00
randomArrays.txt,2,723,0.088300,0.000000,0.00
randomArrays.txt,3,723,0.088400,0.000000,0.00
randomArrays.txt,1,398,0.048500,0.000000,0.00
randomArrays.txt,2,398,0.094700,0.000000,0.00
randomArrays.txt,3,398,0.064600,0.000000,0.00
randomArrays.txt,1,368,0.047100,0.000000,0.00
randomArrays.txt,2,368,0.045100,0.000000,0.00
randomArrays.txt,3,368,0.039900,0.000000,0.00
randomArrays.txt,1,534,0.068900,0.000000,0.00
randomArrays.txt,2,534,0.090900,0.000000,0.00
randomArrays.txt,3,534,0.145700,0.000000,0.00
randomArrays.txt,1,899,0.127400,0.000000,0.00
randomArrays.txt,2,899,0.114700,0.000000,0.00
randomArrays.txt,3,899,0.119600,0.000000,0.00
randomArrays.txt,1,137,0.014500,0.000000,0.00
randomArrays.txt,2,137,0.013600,0.000000,0.00
randomArrays.txt,3,137,0.013500,0.000000,0.00
randomArrays.txt,1,187,0.052600,0.000000,0.00
randomArrays.txt,2,187,0.020600,0.000000,0.00
randomArrays.txt,3,187,0.020400,0.000000,0.00
randomArrays.txt,1,164,0.055300,0.000000,0.00
randomArrays.txt,2,164,0.054200,0.000000,0.00
randomArrays.txt,3,164,0.015500,0.000000,0.00
randomArrays.txt,1,735,0.096800,0.000000,0.00
randomArrays.txt,2,735,0.105000,0.000000,0.00
randomArrays.txt,3,735,0.095500,0.000000,0.00
randomArrays.txt,1,524,0.064700,0.000000,0.00
randomArrays.txt,2,524,0.058800,0.000000,0.00
randomArrays.txt,3,524,0.072700,0.000000,0.00
randomArrays.txt,1,512,0.071700,0.000000,0.00
randomArrays.txt,2,512,0.065700,0.000000,0.00
randomArrays.txt,3,512,0.064000,0.000000,0.00
randomArrays.txt,1,15,0.001700,0.000000,0.00
randomArrays.txt,2,15,0.001500,0.000000,0.00
randomArrays.txt,3,15,0.001600,0.000000,0.00
randomArrays.txt,1,737,0.086000,0.000000,0.00
randomArrays.txt,2,737,0.094400,0.000000,0.00
randomArrays.txt,3,737,0.087700,0.000000,0.00
randomArrays.txt,1,616,0.084000,0.000000,0.00
randomArrays.txt,2,616,0.082400,0.000000,0.00
randomArrays.txt,3,616,0.069100,0.000000,0.00
randomArrays.txt,1,349,0.038600,0.000000,0.00
randomArrays.txt,2,349,0.037100,0.000000,0.00
randomArrays.txt,3,349,0.043700,0.000000,0.00
randomArrays.txt,1,645,0.080200,0.000000,0.00
randomArrays.txt,2,645,0.078200,0.000000,0.00
randomArrays.txt,3,645,0.078600,0.000000,0.00
randomArrays.txt,1,502,0.091600,0.000000,0.00
randomArrays.txt,2,502,0.054600,0.000000,0.00
randomArrays.txt,3,502,0.054000,0.000000,0.00
randomArrays.txt,1,932,0.114900,0.000000,0.00
randomArrays.txt,2,932,0.112900,0.000000,0.00
randomArrays.txt,3,932,0.113700,0.000000,0.00
randomArrays.txt,1,778,0.087400,0.000000,0.00
randomArrays.txt,2,778,0.088000,0.000000,0.00
randomArrays.txt,3,778,0.092000,0.000000,0.00
randomArrays.txt,1,126,0.013700,0.000000,0.00
randomArrays.txt,2,126,0.012800,0.000000,0.00
randomArrays.txt,3,126,0.012800,0.000000,0.00
randomArrays.txt,1,836,0.107600,0.000000,0.00
randomArrays.txt,2,836,0.105900,0.000000,0.00
randomArrays.txt,3,836,0.102700,0.000000,0.00
randomArrays.txt,1,911,0.111400,0.000000,0.00
randomArrays.txt,2,911,0.182500,0.000000,0.00
randomArrays.txt,3,911,3.391800,0.000000,0.00
randomArrays.txt,1,265,0.030800,0.000000,0.00
randomArrays.txt,2,265,0.029900,0.000000,0.00
randomArrays.txt,3,265,0.029100,0.000000,0.00
randomArrays.txt,1,694,0.090800,0.031250,0.00
randomArrays.txt,2,694,0.087300,0.000000,0.00
randomArrays.txt,3,694,0.089800,0.000000,0.00
randomArrays.txt,1,188,0.019400,0.000000,0.00
randomArrays.txt,2,188,0.018200,0.000000,0.00
randomArrays.txt,3,188,0.019400,0.000000,0.00
randomArrays.txt,1,282,0.031700,0.000000,0.00
randomArrays.txt,2,282,0.030100,0.000000,0.00
randomArrays.txt,3,282,0.030000,0.000000,0.00
randomArrays.txt,1,347,0.042500,0.000000,0.00
randomArrays.txt,2,347,0.043500,0.000000,0.00
randomArrays.txt,3,347,0.040400,0.000000,0.00
randomArrays.txt,1,768,0.096500,0.000000,0.00
randomArrays.txt,2,768,0.093800,0.000000,0.00
randomArrays.txt,3,768,0.093000,0.000000,0.00
randomArrays.txt,1,778,0.106700,0.000000,0.00
randomArrays.txt,2,778,0.098400,0.000000,0.00
randomArrays.txt,3,778,0.096700,0.000000,0.00
randomArrays.txt,1,549,0.072500,0.000000,0.00
randomArrays.txt,2,549,0.071000,0.000000,0.00
randomArrays.txt,3,549,0.068800,0.000000,0.00
randomArrays.txt,1,12,0.001800,0.000000,0.00
randomArrays.txt,2,12,0.001200,0.000000,0.00
randomArrays.txt,3,12,0.001500,0.000000,0.00
randomArrays.txt,1,336,0.041700,0.000000,0.00
randomArrays.txt,2,336,0.039900,0.000000,0.00
randomArrays.txt,3,336,0.040100,0.000000,0.00
randomArrays.txt,1,949,0.115700,0.000000,0.00
randomArrays.txt,2,949,0.120800,0.000000,0.00
randomArrays.txt,3,949,0.124100,0.000000,0.00
randomArrays.txt,1,179,0.019400,0.000000,0.00
randomArrays.txt,2,179,0.019400,0.000000,0.00
randomArrays.txt,3,179,0.018700,0.000000,0.00
randomArrays.txt,1,634,0.084100,0.000000,0.00
randomArrays.txt,2,634,0.079900,0.000000,0.00
randomArrays.txt,3,634,0.082300,0.000000,0.00
randomArrays.txt,1,38,0.003800,0.000000,0.00
randomArrays.txt,2,38,0.004300,0.000000,0.00
randomArrays.txt,3,38,0.003700,0.000000,0.00
randomArrays.txt,1,123,0.012700,0.000000,0.00
randomArrays.txt,2,123,0.012500,0.000000,0.00
randomArrays.txt,3,123,0.011400,0.000000,0.00
randomArrays.txt,1,282,0.030500,0.000000,0.00
randomArrays.txt,2,282,0.028300,0.000000,0.00
randomArrays.txt,3,282,0.028200,0.000000,0.00
randomArrays.txt,1,452,0.053500,0.000000,0.00
randomArrays.txt,2,452,0.051700,0.000000,0.00
randomArrays.txt,3,452,0.050500,0.000000,0.00
randomArrays.txt,1,217,0.026700,0.000000,0.00
randomArrays.txt,2,217,0.022400,0.000000,0.00
randomArrays.txt,3,217,0.020700,0.000000,0.00
randomArrays.txt,1,629,0.081600,0.000000,0.00
randomArrays.txt,2,629,0.079200,0.000000,0.00
randomArrays.txt,3,629,0.080900,0.000000,0.00
randomArrays.txt,1,275,0.031200,0.000000,0.00
randomArrays.txt,2,275,0.030800,0.000000,0.00
randomArrays.txt,3,275,0.029400,0.000000,0.00
randomArrays.txt,1,66,0.006400,0.000000,0.00
randomArrays.txt,2,66,0.006000,0.000000,0.00
randomArrays.txt,3,66,0.006300,0.000000,0.00
randomArrays.txt,1,308,0.034900,0.000000,0.00
randomArrays.txt,2,308,0.034400,0.000000,0.00
randomArrays.txt,3,308,0.033700,0.000000,0.00
randomArrays.txt,1,809,0.106700,0.000000,0.00
randomArrays.txt,2,809,0.099500,0.000000,0.00
randomArrays.txt,3,809,0.104600,0.000000,0.00
randomArrays.txt,1,634,0.080400,0.000000,0.00
randomArrays.txt,2,634,0.079000,0.000000,0.00
randomArrays.txt,3,634,0.087300,0.000000,0.00
randomArrays.txt,1,478,0.058400,0.000000,0.00
randomArrays.txt,2,478,0.057600,0.000000,0.00
randomArrays.txt,3,478,0.057500,0.000000,0.00
randomArrays.txt,1,336,0.037700,0.000000,0.00
randomArrays.txt,2,336,0.035100,0.000000,0.00
randomArrays.txt,3,336,0.034400,0.000000,0.00
randomArrays.txt,1,672,0.086600,0.000000,0.00
randomArrays.txt,2,672,0.088500,0.000000,0.00
randomArrays.txt,3,672,0.084500,0.000000,0.00
randomArrays.txt,1,583,0.074900,0.000000,0.00
randomArrays.txt,2,583,0.073000,0.000000,0.00
randomArrays.txt,3,583,0.071900,0.000000,0.00
randomArrays.txt,1,413,0.049700,0.000000,0.00
randomArrays.txt,2,413,0.049400,0.000000,0.00
randomArrays.txt,3,413,0.049100,0.000000,0.00
randomArrays.txt,1,683,0.079700,0.000000,0.00
randomArrays.txt,2,683,0.083000,0.000000,0.00
randomArrays.txt,3,683,0.125800,0.000000,0.00
randomArrays.txt,1,463,0.057500,0.000000,0.00
randomArrays.txt,2,463,0.055600,0.000000,0.00
randomArrays.txt,3,463,0.053900,0.000000,0.00
randomArrays.txt,1,267,0.026300,0.000000,0.00
randomArrays.txt,2,267,0.067900,0.000000,0.00
randomArrays.txt,3,267,0.027900,0.000000,0.00
randomArrays.txt,1,73,0.007200,0.000000,0.00
randomArrays.txt,2,73,0.006900,0.000000,0.00
randomArrays.txt,3,73,0.006600,0.000000,0.00
randomArrays.txt,1,641,0.078000,0.000000,0.00
randomArrays.txt,2,641,0.079600,0.000000,0.00
randomArrays.txt,3,641,0.132100,0.000000,0.00
randomArrays.txt,1,827,0.109100,0.000000,0.00
randomArrays.txt,2,827,0.107800,0.000000,0.00
randomArrays.txt,3,827,0.104600,0.000000,0.00
randomArrays.txt,1,864,0.112900,0.000000,0.00
randomArrays.txt,2,864,0.111800,0.000000,0.00
randomArrays.txt,3,864,0.110400,0.000000,0.00
randomArrays.txt,1,672,0.083200,0.000000,0.00
randomArrays.txt,2,672,0.078600,0.000000,0.00
randomArrays.txt,3,672,0.094500,0.000000,0.00
randomArrays.txt,1,948,0.124900,0.000000,0.00
randomArrays.txt,2,948,0.110200,0.000000,0.00
randomArrays.txt,3,948,0.103000,0.000000,0.00
randomArrays.txt,1,523,0.154600,0.000000,0.00
randomArrays.txt,2,523,0.062700,0.000000,0.00
randomArrays.txt,3,523,0.060200,0.000000,0.00
randomArrays.txt,1,113,0.012300,0.000000,0.00
randomArrays.txt,2,113,0.011800,0.000000,0.00
randomArrays.txt,3,113,0.012000,0.000000,0.00
randomArrays.txt,1,855,0.105300,0.000000,0.00
randomArrays.txt,2,855,0.225700,0.000000,0.00
randomArrays.txt,3,855,0.096300,0.000000,0.00
randomArrays.txt,1,764,0.099200,0.000000,0.00
randomArrays.txt,2,764,0.097700,0.000000,0.00
randomArrays.txt,3,764,0.098500,0.000000,0.00
randomArrays.txt,1,559,0.066300,0.000000,0.00
randomArrays.txt,2,559,0.063300,0.000000,0.00
randomArrays.txt,3,559,0.065600,0.000000,0.00
randomArrays.txt,1,256,0.030400,0.000000,0.00
randomArrays.txt,2,256,0.029000,0.000000,0.00
randomArrays.txt,3,256,0.030200,0.000000,0.00
randomArrays.txt,1,861,0.114100,0.000000,0.00
randomArrays.txt,2,861,0.112300,0.000000,0.00
randomArrays.txt,3,861,0.117400,0.000000,0.00
randomArrays.txt,1,215,0.022800,0.000000,0.00
randomArrays.txt,2,215,0.022700,0.000000,0.00
randomArrays.txt,3,215,0.021200,0.000000,0.00
randomArrays.txt,1,610,0.079600,0.000000,0.00
randomArrays.txt,2,610,0.076100,0.000000,0.00
randomArrays.txt,3,610,0.079100,0.000000,0.00
randomArrays.txt,1,133,0.013400,0.000000,0.00
randomArrays.txt,2,133,0.012300,0.000000,0.00
randomArrays.txt,3,133,0.012000,0.000000,0.00
randomArrays.txt,1,721,0.086600,0.000000,0.00
randomArrays.txt,2,721,0.088500,0.000000,0.00
randomArrays.txt,3,721,0.083900,0.000000,0.00
randomArrays.txt,1,826,0.104900,0.000000,0.00
randomArrays.txt,2,826,0.107100,0.000000,0.00
randomArrays.txt,3,826,0.265700,0.000000,0.00
randomArrays.txt,1,732,0.090000,0.000000,0.00
randomArrays.txt,2,732,0.090700,0.000000,0.00
randomArrays.txt,3,732,0.092500,0.000000,0.00
randomArrays.txt,1,218,0.093100,0.000000,0.00
randomArrays.txt,2,218,0.022100,0.000000,0.00
randomArrays.txt,3,218,0.023100,0.000000,0.00
randomArrays.txt,1,897,0.113300,0.000000,0.00
randomArrays.txt,2,897,0.116000,0.000000,0.00
randomArrays.txt,3,897,0.115300,0.000000,0.00
randomArrays.txt,1,95,0.009500,0.000000,0.00
randomArrays.txt,2,95,0.008800,0.000000,0.00
randomArrays.txt,3,95,0.009200,0.000000,0.00
randomArrays.txt,1,596,0.071400,0.000000,0.00
randomArrays.txt,2,596,0.071300,0.000000,0.00
randomArrays.txt,3,596,0.070800,0.000000,0.00
randomArrays.txt,1,333,0.035600,0.000000,0.00
randomArrays.txt,2,333,0.034500,0.000000,0.00
randomArrays.txt,3,333,0.034800,0.000000,0.00
randomArrays.txt,1,139,0.013900,0.000000,0.00
randomArrays.txt,2,139,0.012500,0.000000,0.00
randomArrays.txt,3,139,0.014200,0.000000,0.00
randomArrays.txt,1,90,0.008900,0.000000,0.00
randomArrays.txt,2,90,0.007800,0.000000,0.00
randomArrays.txt,3,90,0.007500,0.000000,0.00
randomArrays.txt,1,724,0.093500,0.000000,0.00
randomArrays.txt,2,724,0.079800,0.000000,0.00
randomArrays.txt,3,724,0.086600,0.000000,0.00
randomArrays.txt,1,24,0.002500,0.000000,0.00
randomArrays.txt,2,24,0.002400,0.000000,0.00
randomArrays.txt,3,24,0.002400,0.000000,0.00
randomArrays.txt,1,182,0.020700,0.000000,0.00
randomArrays.txt,2,182,0.020900,0.000000,0.00
randomArrays.txt,3,182,0.020600,0.000000,0.00
randomArrays.txt,1,440,0.048700,0.000000,0.00
randomArrays.txt,2,440,0.052700,0.000000,0.00
randomArrays.txt,3,440,0.051200,0.000000,0.00
randomArrays.txt,1,521,0.064800,0.000000,0.00
randomArrays.txt,2,521,0.058300,0.000000,0.00
randomArrays.txt,3,521,0.058300,0.000000,0.00
randomArrays.txt,1,653,0.083100,0.000000,0.00
randomArrays.txt,2,653,0.138300,0.000000,0.00
randomArrays.txt,3,653,0.089700,0.000000,0.00
randomArrays.txt,1,422,0.047100,0.000000,0.00
randomArrays.txt,2,422,0.047000,0.000000,0.00
randomArrays.txt,3,422,0.046100,0.000000,0.00
randomArrays.txt,1,919,0.110900,0.000000,0.00
randomArrays.txt,2,919,0.305100,0.000000,0.00
randomArrays.txt,3,919,0.115600,0.000000,0.00
randomArrays.txt,1,399,0.046600,0.000000,0.00
randomArrays.txt,2,399,0.045000,0.000000,0.00
randomArrays.txt,3,399,0.043200,0.000000,0.00
randomArrays.txt,1,148,0.015800,0.000000,0.00
randomArrays.txt,2,148,0.014900,0.000000,0.00
randomArrays.txt,3,148,0.014300,0.000000,0.00
randomArrays.txt,1,651,0.084000,0.000000,0.00
randomArrays.txt,2,651,0.083700,0.000000,0.00
randomArrays.txt,3,651,0.075000,0.000000,0.00
randomArrays.txt,1,953,0.116800,0.000000,0.00
randomArrays.txt,2,953,0.117200,0.000000,0.00
randomArrays.txt,3,953,0.114800,0.000000,0.00
randomArrays.txt,1,205,0.021200,0.000000,0.00
randomArrays.txt,2,205,0.018400,0.000000,0.00
randomArrays.txt,3,205,0.018000,0.000000,0.00
randomArrays.txt,1,713,0.093000,0.000000,0.00
randomArrays.txt,2,713,0.087600,0.000000,0.00
randomArrays.txt,3,713,0.090900,0.000000,0.00
randomArrays.txt,1,335,0.040800,0.000000,0.00
randomArrays.txt,2,335,0.032400,0.000000,0.00
randomArrays.txt,3,335,0.035100,0.000000,0.00
randomArrays.txt,1,800,0.098600,0.000000,0.00
randomArrays.txt,2,800,0.095200,0.000000,0.00
randomArrays.txt,3,800,0.094500,0.000000,0.00
randomArrays.txt,1,263,0.029900,0.000000,0.00
randomArrays.txt,2,263,0.029700,0.000000,0.00
randomArrays.txt,3,263,0.029400,0.000000,0.00
randomArrays.txt,1,305,0.035200,0.000000,0.00
randomArrays.txt,2,305,0.035400,0.000000,0.00
randomArrays.txt,3,305,0.032600,0.000000,0.00
randomArrays.txt,1,772,0.098500,0.000000,0.00
randomArrays.txt,2,772,0.099100,0.000000,0.00
randomArrays.txt,3,772,0.092700,0.000000,0.00
randomArrays.txt,1,760,0.095400,0.000000,0.00
randomArrays.txt,2,760,0.099400,0.000000,0.00
randomArrays.txt,3,760,0.100900,0.000000,0.00
randomArrays.txt,1,985,0.133900,0.000000,0.00
randomArrays.txt,2,985,0.114700,0.000000,0.00
randomArrays.txt,3,985,0.114200,0.000000,0.00
randomArrays.txt,1,468,0.051400,0.000000,0.00
randomArrays.txt,2,468,0.054000,0.000000,0.00
randomArrays.txt,3,468,0.055600,0.000000,0.00
randomArrays.txt,1,542,0.061600,0.000000,0.00
randomArrays.txt,2,542,0.095400,0.000000,0.00
randomArrays.txt,3,542,0.075900,0.000000,0.00
randomArrays.txt,1,137,0.013800,0.000000,0.00
randomArrays.txt,2,137,0.013800,0.000000,0.00
randomArrays.txt,3,137,0.012400,0.000000,0.00
randomArrays.txt,1,877,0.110200,0.000000,0.00
randomArrays.txt,2,877,0.313000,0.000000,0.00
randomArrays.txt,3,877,0.101900,0.000000,0.00
randomArrays.txt,1,407,0.050300,0.000000,0.00
randomArrays.txt,2,407,0.046600,0.000000,0.00
randomArrays.txt,3,407,0.047100,0.000000,0.00
randomArrays.txt,1,13,0.001900,0.000000,0.00
randomArrays.txt,2,13,0.001300,0.000000,0.00
randomArrays.txt,3,13,0.001100,0.000000,0.00
randomArrays.txt,1,857,0.112700,0.000000,0.00
randomArrays.txt,2,857,0.104800,0.000000,0.00
randomArrays.txt,3,857,0.104700,0.000000,0.00
randomArrays.txt,1,961,0.116100,0.000000,0.00
randomArrays.txt,2,961,0.107700,0.000000,0.00
randomArrays.txt,3,961,0.107900,0.000000,0.00
randomArrays.txt,1,963,0.132100,0.000000,0.00
randomArrays.txt,2,963,0.126200,0.000000,0.00
randomArrays.txt,3,963,0.131000,0.000000,0.00
randomArrays.txt,1,792,0.107800,0.000000,0.00
randomArrays.txt,2,792,0.115900,0.000000,0.00
randomArrays.txt,3,792,0.103100,0.000000,0.00
randomArrays.txt,1,190,0.021400,0.000000,0.00
randomArrays.txt,2,190,0.020200,0.000000,0.00
randomArrays.txt,3,190,0.020600,0.000000,0.00
randomArrays.txt,1,859,0.122500,0.000000,0.00
randomArrays.txt,2,859,0.116700,0.000000,0.00
randomArrays.txt,3,859,0.103500,0.000000,0.00
randomArrays.txt,1,989,0.132000,0.000000,0.00
randomArrays.txt,2,989,0.129400,0.000000,0.00
randomArrays.txt,3,989,0.131000,0.000000,0.00
randomArrays.txt,1,816,0.105100,0.000000,0.00
randomArrays.txt,2,816,0.107200,0.000000,0.00
randomArrays.txt,3,816,0.102700,0.000000,0.00
randomArrays.txt,1,950,0.123900,0.000000,0.00
randomArrays.txt,2,950,0.117800,0.000000,0.00
randomArrays.txt,3,950,0.118100,0.000000,0.00
randomArrays.txt,1,241,0.028600,0.000000,0.00
randomArrays.txt,2,241,0.025900,0.000000,0.00
randomArrays.txt,3,241,0.024500,0.000000,0.00
randomArrays.txt,1,957,0.119500,0.000000,0.00
randomArrays.txt,2,957,0.118200,0.000000,0.00
randomArrays.txt,3,957,0.122200,0.000000,0.00
randomArrays.txt,1,155,0.017000,0.000000,0.00
randomArrays.txt,2,155,0.017300,0.000000,0.00
randomArrays.txt,3,155,0.016300,0.000000,0.00
randomArrays.txt,1,625,0.071300,0.000000,0.00
randomArrays.txt,2,625,0.063100,0.000000,0.00
randomArrays.txt,3,625,0.077600,0.000000,0.00
randomArrays.txt,1,573,0.076200,0.000000,0.00
randomArrays.txt,2,573,0.069800,0.000000,0.00
randomArrays.txt,3,573,0.067200,0.000000,0.00
randomArrays.txt,1,278,0.026800,0.000000,0.00
randomArrays.txt,2,278,0.031500,0.000000,0.00
randomArrays.txt,3,278,0.030100,0.000000,0.00
randomArrays.txt,1,67,0.005700,0.000000,0.00
randomArrays.txt,2,67,0.005300,0.000000,0.00
randomArrays.txt,3,67,0.004900,0.000000,0.00
randomArrays.txt,1,785,0.101300,0.000000,0.00
randomArrays.txt,2,785,0.103000,0.000000,0.00
randomArrays.txt,3,785,0.090100,0.000000,0.00
randomArrays.txt,1,576,0.068600,0.000000,0.00
randomArrays.txt,2,576,0.067200,0.000000,0.00
randomArrays.txt,3,576,0.064300,0.000000,0.00
randomArrays.txt,1,949,0.125600,0.000000,0.00
randomArrays.txt,2,949,0.230900,0.000000,0.00
randomArrays.txt,3,949,0.121500,0.000000,0.00
randomArrays.txt,1,274,0.031100,0.000000,0.00
randomArrays.txt,2,274,0.029400,0.000000,0.00
randomArrays.txt,3,274,0.028200,0.000000,0.00
randomArrays.txt,1,827,0.104200,0.000000,0.00
randomArrays.txt,2,827,0.100300,0.000000,0.00
randomArrays.txt,3,827,0.099800,0.000000,0.00
randomArrays.txt,1,246,0.027700,0.000000,0.00
randomArrays.txt,2,246,0.025600,0.000000,0.00
randomArrays.txt,3,246,0.024200,0.000000,0.00
randomArrays.txt,1,497,0.060800,0.000000,0.00
randomArrays.txt,2,497,0.060500,0.000000,0.00
randomArrays.txt,3,497,0.056900,0.000000,0.00
randomArrays.txt,1,98,0.010400,0.000000,0.00
randomArrays.txt,2,98,0.009500,0.000000,0.00
randomArrays.txt,3,98,0.009600,0.000000,0.00
randomArrays.txt,1,87,0.008600,0.000000,0.00
randomArrays.txt,2,87,0.008100,0.000000,0.00
randomArrays.txt,3,87,0.007200,0.000000,0.00
randomArrays.txt,1,362,0.041800,0.000000,0.00
randomArrays.txt,2,362,0.036900,0.000000,0.00
randomArrays.txt,3,362,0.037000,0.000000,0.00
randomArrays.txt,1,748,0.098400,0.000000,0.00
randomArrays.txt,2,748,0.076000,0.000000,0.00
randomArrays.txt,3,748,0.090800,0.000000,0.00
randomArrays.txt,1,553,0.068300,0.000000,0.00
randomArrays.txt,2,553,0.066500,0.000000,0.00
randomArrays.txt,3,553,0.063500,0.000000,0.00
randomArrays.txt,1,931,0.119300,0.000000,0.00
randomArrays.txt,2,931,0.123700,0.000000,0.00
randomArrays.txt,3,931,0.117400,0.000000,0.00
randomArrays.txt,1,24,0.002600,0.000000,0.00
randomArrays.txt,2,24,0.002100,0.000000,0.00
randomArrays.txt,3,24,0.002300,0.000000,0.00
randomArrays.txt,1,836,0.108300,0.000000,0.00
randomArrays.txt,2,836,0.108000,0.000000,0.00
randomArrays.txt,3,836,0.107200,0.000000,0.00
randomArrays.txt,1,524,0.062600,0.000000,0.00
randomArrays.txt,2,524,0.061700,0.000000,0.00
randomArrays.txt,3,524,0.061700,0.000000,0.00
randomArrays.txt,1,286,0.032700,0.000000,0.00
randomArrays.txt,2,286,0.031200,0.000000,0.00
randomArrays.txt,3,286,0.031000,0.000000,0.00
randomArrays.txt,1,379,0.060700,0.000000,0.00
randomArrays.txt,2,379,0.042600,0.000000,0.00
randomArrays.txt,3,379,0.066800,0.000000,0.00
randomArrays.txt,1,654,0.083400,0.000000,0.00
randomArrays.txt,2,654,0.097300,0.000000,0.00
randomArrays.txt,3,654,0.082200,0.000000,0.00
randomArrays.txt,1,795,0.098600,0.000000,0.00
randomArrays.txt,2,795,0.098800,0.000000,0.00
randomArrays.txt,3,795,0.097000,0.000000,0.00
randomArrays.txt,1,335,0.037200,0.000000,0.00
randomArrays.txt,2,335,0.035800,0.000000,0.00
randomArrays.txt,3,335,0.036100,0.000000,0.00
randomArrays.txt,1,218,0.021700,0.000000,0.00
randomArrays.txt,2,218,0.023500,0.000000,0.00
randomArrays.txt,3,218,0.018600,0.000000,0.00
randomArrays.txt,1,390,0.044100,0.000000,0.00
randomArrays.txt,2,390,0.051300,0.000000,0.00
randomArrays.txt,3,390,0.048300,0.000000,0.00
randomArrays.txt,1,80,0.007400,0.000000,0.00
randomArrays.txt,2,80,0.007200,0.000000,0.00
randomArrays.txt,3,80,0.007500,0.000000,0.00
randomArrays.txt,1,602,0.086000,0.000000,0.00
randomArrays.txt,2,602,0.073700,0.000000,0.00
randomArrays.txt,3,602,0.078300,0.000000,0.00
randomArrays.txt,1,687,0.093000,0.000000,0.00
randomArrays.txt,2,687,0.318700,0.000000,0.00
randomArrays.txt,3,687,0.088800,0.000000,0.00
randomArrays.txt,1,573,0.064600,0.000000,0.00
randomArrays.txt,2,573,0.065700,0.000000,0.00
randomArrays.txt,3,573,0.063300,0.000000,0.00
randomArrays.txt,1,857,0.109200,0.000000,0.00
randomArrays.txt,2,857,0.097700,0.000000,0.00
randomArrays.txt,3,857,0.111600,0.000000,0.00
randomArrays.txt,1,484,0.059900,0.000000,0.00
randomArrays.txt,2,484,0.059100,0.000000,0.00
randomArrays.txt,3,484,0.063200,0.000000,0.00
randomArrays.txt,1,633,0.078800,0.000000,0.00
randomArrays.txt,2,633,0.076700,0.000000,0.00
randomArrays.txt,3,633,0.079200,0.000000,0.00
randomArrays.txt,1,393,0.044400,0.000000,0.00
randomArrays.txt,2,393,0.041500,0.000000,0.00
randomArrays.txt,3,393,0.044300,0.000000,0.00
randomArrays.txt,1,953,0.117700,0.000000,0.00
randomArrays.txt,2,953,0.127400,0.000000,0.00
randomArrays.txt,3,953,0.129100,0.000000,0.00
randomArrays.txt,1,718,0.087400,0.000000,0.00
randomArrays.txt,2,718,0.097200,0.000000,0.00
randomArrays.txt,3,718,0.096400,0.000000,0.00
randomArrays.txt,1,330,0.037100,0.000000,0.00
randomArrays.txt,2,330,0.037500,0.000000,0.00
randomArrays.txt,3,330,0.037700,0.000000,0.00
randomArrays.txt,1,273,0.041700,0.000000,0.00
randomArrays.txt,2,273,0.029200,0.000000,0.00
randomArrays.txt,3,273,0.031800,0.000000,0.00
randomArrays.txt,1,323,0.039300,0.000000,0.00
randomArrays.txt,2,323,0.037700,0.000000,0.00
randomArrays.txt,3,323,0.037100,0.000000,0.00
randomArrays.txt,1,971,0.134200,0.000000,0.00
randomArrays.txt,2,971,0.128300,0.000000,0.00
randomArrays.txt,3,971,0.123900,0.000000,0.00
randomArrays.txt,1,156,0.016200,0.000000,0.00
randomArrays.txt,2,156,0.015400,0.000000,0.00
randomArrays.txt,3,156,0.014500,0.000000,0.00
randomArrays.txt,1,971,0.130200,0.000000,0.00
randomArrays.txt,2,971,0.167600,0.000000,0.00
randomArrays.txt,3,971,0.151500,0.000000,0.00
randomArrays.txt,1,202,0.025500,0.000000,0.00
randomArrays.txt,2,202,0.021300,0.000000,0.00
randomArrays.txt,3,202,0.021900,0.000000,0.00
randomArrays.txt,1,201,0.023400,0.000000,0.00
randomArrays.txt,2,201,0.022500,0.000000,0.00
randomArrays.txt,3,201,0.021400,0.000000,0.00
randomArrays.txt,1,230,0.025300,0.000000,0.00
randomArrays.txt,2,230,0.025200,0.000000,0.00
randomArrays.txt,3,230,0.025900,0.000000,0.00
randomArrays.txt,1,953,0.118600,0.000000,0.00
randomArrays.txt,2,953,0.136100,0.000000,0.00
randomArrays.txt,3,953,0.116400,0.000000,0.00
randomArrays.txt,1,399,0.042600,0.000000,0.00
randomArrays.txt,2,399,0.046300,0.000000,0.00
randomArrays.txt,3,399,0.047300,0.000000,0.00
randomArrays.txt,1,354,0.041500,0.000000,0.00
randomArrays.txt,2,354,0.040700,0.000000,0.00
randomArrays.txt,3,354,0.039500,0.000000,0.00
randomArrays.txt,1,334,0.040000,0.000000,0.00
randomArrays.txt,2,334,0.040800,0.000000,0.00
randomArrays.txt,3,334,0.041400,0.000000,0.00
randomArrays.txt,1,538,0.068200,0.000000,0.00
randomArrays.txt,2,538,0.068200,0.000000,0.00
randomArrays.txt,3,538,0.068800,0.000000,0.00
randomArrays.txt,1,238,0.027300,0.000000,0.00
randomArrays.txt,2,238,0.026400,0.000000,0.00
randomArrays.txt,3,238,0.026700,0.000000,0.00
randomArrays.txt,1,415,0.043700,0.000000,0.00
randomArrays.txt,2,415,0.049400,0.000000,0.00
randomArrays.txt,3,415,0.046500,0.000000,0.00
randomArrays.txt,1,498,0.059500,0.000000,0.00
randomArrays.txt,2,498,0.057900,0.000000,0.00
randomArrays.txt,3,498,0.058700,0.000000,0.00
randomArrays.txt,1,193,0.019700,0.000000,0.00
randomArrays.txt,2,193,0.020000,0.000000,0.00
randomArrays.txt,3,193,0.020400,0.000000,0.00
randomArrays.txt,1,125,0.013700,0.000000,0.00
randomArrays.txt,2,125,0.011700,0.000000,0.00
randomArrays.txt,3,125,0.012000,0.000000,0.00
randomArrays.txt,1,100,0.011300,0.000000,0.00
randomArrays.txt,2,100,0.010600,0.000000,0.00
randomArrays.txt,3,100,0.010500,0.000000,0.00
randomArrays.txt,1,742,0.100600,0.000000,0.00
randomArrays.txt,2,742,0.095800,0.000000,0.00
randomArrays.txt,3,742,0.090400,0.000000,0.00
randomArrays.txt,1,588,0.078200,0.000000,0.00
randomArrays.txt,2,588,0.073300,0.000000,0.00
randomArrays.txt,3,588,0.074300,0.000000,0.00
randomArrays.txt,1,355,0.041900,0.000000,0.00
randomArrays.txt,2,355,0.041900,0.000000,0.00
randomArrays.txt,3,355,0.041600,0.000000,0.00
randomArrays.txt,1,923,0.191000,0.000000,0.00
randomArrays.txt,2,923,0.120900,0.000000,0.00
randomArrays.txt,3,923,0.120600,0.000000,0.00
randomArrays.txt,1,167,0.017200,0.000000,0.00
randomArrays.txt,2,167,0.017300,0.000000,0.00
randomArrays.txt,3,167,0.016400,0.000000,0.00
randomArrays.txt,1,518,0.065400,0.000000,0.00
randomArrays.txt,2,518,0.061000,0.000000,0.00
randomArrays.txt,3,518,0.063500,0.000000,0.00
randomArrays.txt,1,649,0.081900,0.000000,0.00
randomArrays.txt,2,649,0.084600,0.000000,0.00
randomArrays.txt,3,649,0.080700,0.000000,0.00
randomArrays.txt,1,280,0.085000,0.000000,0.00
randomArrays.txt,2,280,0.031500,0.000000,0.00
randomArrays.txt,3,280,0.032900,0.000000,0.00
randomArrays.txt,1,842,0.106800,0.000000,0.00
randomArrays.txt,2,842,0.108900,0.000000,0.00
randomArrays.txt,3,842,0.105000,0.000000,0.00
randomArrays.txt,1,586,0.070900,0.000000,0.00
randomArrays.txt,2,586,0.069600,0.000000,0.00
randomArrays.txt,3,586,0.072100,0.000000,0.00
randomArrays.txt,1,519,0.067000,0.000000,0.00
randomArrays.txt,2,519,0.066500,0.000000,0.00
randomArrays.txt,3,519,0.064500,0.000000,0.00
randomArrays.txt,1,112,0.011200,0.000000,0.00
randomArrays.txt,2,112,0.010300,0.000000,0.00
randomArrays.txt,3,112,0.009800,0.000000,0.00
randomArrays.txt,1,320,0.035900,0.000000,0.00
randomArrays.txt,2,320,0.036000,0.000000,0.00
randomArrays.txt,3,320,0.035500,0.000000,0.00
randomArrays.txt,1,955,0.127500,0.000000,0.00
randomArrays.txt,2,955,0.125700,0.000000,0.00
randomArrays.txt,3,955,0.127300,0.000000,0.00
randomArrays.txt,1,61,0.006200,0.000000,0.00
randomArrays.txt,2,61,0.005700,0.000000,0.00
randomArrays.txt,3,61,0.005600,0.000000,0.00
randomArrays.txt,1,709,0.087300,0.000000,0.00
randomArrays.txt,2,709,0.088300,0.000000,0.00
randomArrays.txt,3,709,0.091500,0.000000,0.00
randomArrays.txt,1,671,0.085600,0.000000,0.00
randomArrays.txt,2,671,0.086100,0.000000,0.00
randomArrays.txt,3,671,0.088000,0.000000,0.00
randomArrays.txt,1,437,0.053900,0.000000,0.00
randomArrays.txt,2,437,0.052000,0.000000,0.00
randomArrays.txt,3,437,0.051500,0.000000,0.00
randomArrays.txt,1,917,0.127700,0.000000,0.00
randomArrays.txt,2,917,0.121300,0.000000,0.00
randomArrays.txt,3,917,0.118900,0.000000,0.00
randomArrays.txt,1,499,0.062800,0.000000,0.00
randomArrays.txt,2,499,0.060200,0.000000,0.00
randomArrays.txt,3,499,0.065500,0.000000,0.00
randomArrays.txt,1,503,0.059100,0.000000,0.00
randomArrays.txt,2,503,0.059100,0.000000,0.00
randomArrays.txt,3,503,0.054500,0.000000,0.00
randomArrays.txt,1,676,0.083100,0.000000,0.00
randomArrays.txt,2,676,0.085300,0.000000,0.00
randomArrays.txt,3,676,0.084800,0.000000,0.00
randomArrays.txt,1,594,0.104400,0.000000,0.00
randomArrays.txt,2,594,0.076600,0.000000,0.00
randomArrays.txt,3,594,0.071100,0.000000,0.00
randomArrays.txt,1,48,0.004900,0.000000,0.00
randomArrays.txt,2,48,0.004400,0.000000,0.00
randomArrays.txt,3,48,0.004300,0.000000,0.00
randomArrays.txt,1,590,0.072700,0.000000,0.00
randomArrays.txt,2,590,0.075200,0.000000,0.00
randomArrays.txt,3,590,0.073700,0.000000,0.00
randomArrays.txt,1,861,0.101800,0.000000,0.00
randomArrays.txt,2,861,0.112600,0.000000,0.00
randomArrays.txt,3,861,0.106100,0.000000,0.00
randomArrays.txt,1,363,0.046800,0.000000,0.00
randomArrays.txt,2,363,0.043500,0.000000,0.00
randomArrays.txt,3,363,0.044400,0.000000,0.00
randomArrays.txt,1,969,0.130700,0.000000,0.00
randomArrays.txt,2,969,0.123100,0.000000,0.00
randomArrays.txt,3,969,0.133600,0.000000,0.00
randomArrays.txt,1,912,0.123700,0.000000,0.00
randomArrays.txt,2,912,0.111400,0.000000,0.00
randomArrays.txt,3,912,0.109700,0.000000,0.00
randomArrays.txt,1,779,0.096700,0.000000,0.00
randomArrays.txt,2,779,0.089500,0.000000,0.00
randomArrays.txt,3,779,0.092700,0.000000,0.00
randomArrays.txt,1,301,0.034000,0.000000,0.00
randomArrays.txt,2,301,0.033100,0.000000,0.00
randomArrays.txt,3,301,0.031500,0.000000,0.00
randomArrays.txt,1,545,0.063700,0.000000,0.00
randomArrays.txt,2,545,0.065500,0.000000,0.00
randomArrays.txt,3,545,0.062200,0.000000,0.00
randomArrays.txt,1,24,0.002800,0.000000,0.00
randomArrays.txt,2,24,0.002400,0.000000,0.00
randomArrays.txt,3,24,0.002500,0.000000,0.00
randomArrays.txt,1,953,0.135300,0.000000,0.00
randomArrays.txt,2,953,0.124600,0.000000,0.00
randomArrays.txt,3,953,0.126100,0.000000,0.00
randomArrays.txt,1,440,0.049600,0.000000,0.00
randomArrays.txt,2,440,0.053000,0.000000,0.00
randomArrays.txt,3,440,0.049600,0.000000,0.00
randomArrays.txt,1,997,0.144900,0.000000,0.00
randomArrays.txt,2,997,0.134200,0.000000,0.00
randomArrays.txt,3,997,0.137500,0.000000,0.00
randomArrays.txt,1,661,0.078500,0.000000,0.00
randomArrays.txt,2,661,0.078800,0.000000,0.00
randomArrays.txt,3,661,0.082300,0.000000,0.00
randomArrays.txt,1,583,0.083200,0.000000,0.00
randomArrays.txt,2,583,0.067700,0.000000,0.00
randomArrays.txt,3,583,0.067900,0.000000,0.00
randomArrays.txt,1,478,0.056600,0.000000,0.00
randomArrays.txt,2,478,0.054500,0.000000,0.00
randomArrays.txt,3,478,0.054900,0.000000,0.00
randomArrays.txt,1,220,0.023700,0.000000,0.00
randomArrays.txt,2,220,0.022800,0.000000,0.00
randomArrays.txt,3,220,0.022500,0.000000,0.00
randomArrays.txt,1,458,0.051900,0.000000,0.00
randomArrays.txt,2,458,0.054000,0.000000,0.00
randomArrays.txt,3,458,0.053900,0.000000,0.00
randomArrays.txt,1,783,0.095400,0.000000,0.00
randomArrays.txt,2,783,0.091400,0.000000,0.00
randomArrays.txt,3,783,0.090100,0.000000,0.00
randomArrays.txt,1,554,0.065400,0.000000,0.00
randomArrays.txt,2,554,0.060900,0.000000,0.00
randomArrays.txt,3,554,0.064400,0.000000,0.00
randomArrays.txt,1,167,0.017400,0.000000,0.00
randomArrays.txt,2,167,0.017900,0.000000,0.00
randomArrays.txt,3,167,0.016800,0.000000,0.00
randomArrays.txt,1,338,0.040900,0.000000,0.00
randomArrays.txt,2,338,0.038700,0.000000,0.00
randomArrays.txt,3,338,0.041600,0.000000,0.00
randomArrays.txt,1,321,0.038100,0.000000,0.00
randomArrays.txt,2,321,0.035300,0.000000,0.00
randomArrays.txt,3,321,0.036600,0.000000,0.00
randomArrays.txt,1,993,0.119500,0.000000,0.00
randomArrays.txt,2,993,0.125600,0.000000,0.00
randomArrays.txt,3,993,0.115700,0.000000,0.00
randomArrays.txt,1,414,0.048600,0.000000,0.00
randomArrays.txt,2,414,0.051300,0.000000,0.00
randomArrays.txt,3,414,0.051200,0.000000,0.00
randomArrays.txt,1,630,0.077100,0.000000,0.00
randomArrays.txt,2,630,0.076400,0.000000,0.00
randomArrays.txt,3,630,0.079500,0.000000,0.00
randomArrays.txt,1,572,0.071700,0.000000,0.00
randomArrays.txt,2,572,0.069300,0.000000,0.00
randomArrays.txt,3,572,0.069800,0.000000,0.00
randomArrays.txt,1,119,0.013300,0.000000,0.00
randomArrays.txt,2,119,0.012600,0.000000,0.00
randomArrays.txt,3,119,0.012700,0.000000,0.00
randomArrays.txt,1,852,0.108300,0.000000,0.00
randomArrays.txt,2,852,0.105200,0.000000,0.00
randomArrays.txt,3,852,0.105600,0.000000,0.00
randomArrays.txt,1,392,0.043800,0.000000,0.00
randomArrays.txt,2,392,0.043700,0.000000,0.00
randomArrays.txt,3,392,0.041400,0.000000,0.00
randomArrays.txt,1,744,0.086900,0.000000,0.00
randomArrays.txt,2,744,0.092000,0.000000,0.00
randomArrays.txt,3,744,0.097800,0.000000,0.00
randomArrays.txt,1,767,0.095100,0.000000,0.00
randomArrays.txt,2,767,0.094600,0.000000,0.00
randomArrays.txt,3,767,0.091300,0.000000,0.00
randomArrays.txt,1,419,0.050400,0.000000,0.00
randomArrays.txt,2,419,0.049100,0.000000,0.00
randomArrays.txt,3,419,0.048500,0.000000,0.00
randomArrays.txt,1,186,0.020400,0.000000,0.00
randomArrays.txt,2,186,0.018100,0.000000,0.00
randomArrays.txt,3,186,0.017100,0.000000,0.00
randomArrays.txt,1,498,0.062100,0.000000,0.00
randomArrays.txt,2,498,0.049900,0.000000,0.00
randomArrays.txt,3,498,0.058400,0.000000,0.00
randomArrays.txt,1,369,0.048900,0.000000,0.00
randomArrays.txt,2,369,0.042800,0.000000,0.00
randomArrays.txt,3,369,0.041200,0.000000,0.00
randomArrays.txt,1,545,0.073400,0.000000,0.00
randomArrays.txt,2,545,0.056600,0.000000,0.00
randomArrays.txt,3,545,0.067300,0.000000,0.00
randomArrays.txt,1,585,0.075400,0.000000,0.00
randomArrays.txt,2,585,0.072500,0.000000,0.00
randomArrays.txt,3,585,0.074400,0.000000,0.00
randomArrays.txt,1,232,0.027400,0.000000,0.00
randomArrays.txt,2,232,0.026600,0.000000,0.00
randomArrays.txt,3,232,0.024900,0.000000,0.00
randomArrays.txt,1,683,0.104700,0.000000,0.00
randomArrays.txt,2,683,0.127500,0.000000,0.00
randomArrays.txt,3,683,0.081900,0.000000,0.00
randomArrays.txt,1,373,0.043200,0.000000,0.00
randomArrays.txt,2,373,0.059300,0.000000,0.00
randomArrays.txt,3,373,0.041200,0.000000,0.00
randomArrays.txt,1,67,0.006900,0.000000,0.00
randomArrays.txt,2,67,0.006700,0.000000,0.00
randomArrays.txt,3,67,0.006200,0.000000,0.00
randomArrays.txt,1,47,0.005100,0.000000,0.00
randomArrays.txt,2,47,0.004400,0.000000,0.00
randomArrays.txt,3,47,0.007100,0.000000,0.00
randomArrays.txt,1,353,0.040000,0.000000,0.00
randomArrays.txt,2,353,0.041800,0.000000,0.00
randomArrays.txt,3,353,0.037400,0.000000,0.00
randomArrays.txt,1,165,0.017800,0.000000,0.00
randomArrays.txt,2,165,0.018200,0.000000,0.00
randomArrays.txt,3,165,0.017900,0.000000,0.00
randomArrays.txt,1,822,0.104900,0.000000,0.00
randomArrays.txt,2,822,0.101800,0.000000,0.00
randomArrays.txt,3,822,0.112300,0.000000,0.00
randomArrays.txt,1,207,0.021600,0.000000,0.00
randomArrays.txt,2,207,0.021300,0.000000,0.00
randomArrays.txt,3,207,0.022200,0.000000,0.00
randomArrays.txt,1,365,0.042900,0.000000,0.00
randomArrays.txt,2,365,0.043000,0.000000,0.00
randomArrays.txt,3,365,0.059800,0.000000,0.00
randomArrays.txt,1,33,0.003700,0.000000,0.00
randomArrays.txt,2,33,0.003000,0.000000,0.00
randomArrays.txt,3,33,0.002800,0.000000,0.00
randomArrays.txt,1,324,0.037500,0.000000,0.00
randomArrays.txt,2,324,0.035800,0.000000,0.00
randomArrays.txt,3,324,0.035800,0.000000,0.00
randomArrays.txt,1,533,0.076900,0.000000,0.00
randomArrays.txt,2,533,0.070000,0.000000,0.00
randomArrays.txt,3,533,0.065700,0.000000,0.00
randomArrays.txt,1,467,0.054400,0.000000,0.00
randomArrays.txt,2,467,0.053200,0.000000,0.00
randomArrays.txt,3,467,0.052900,0.000000,0.00
randomArrays.txt,1,653,0.080100,0.000000,0.00
randomArrays.txt,2,653,0.079500,0.000000,0.00
randomArrays.txt,3,653,0.078900,0.000000,0.00
randomArrays.txt,1,262,0.030700,0.000000,0.00
randomArrays.txt,2,262,0.027700,0.000000,0.00
randomArrays.txt,3,262,0.028900,0.000000,0.00
randomArrays.txt,1,26,0.003100,0.000000,0.00
randomArrays.txt,2,26,0.002800,0.000000,0.00
randomArrays.txt,3,26,0.002700,0.000000,0.00
randomArrays.txt,1,705,0.087900,0.000000,0.00
randomArrays.txt,2,705,0.091100,0.000000,0.00
randomArrays.txt,3,705,0.091600,0.015625,0.00
randomArrays.txt,1,945,0.293100,0.000000,0.00
randomArrays.txt,2,945,0.122100,0.000000,0.00
randomArrays.txt,3,945,0.121800,0.000000,0.00
randomArrays.txt,1,145,0.015500,0.000000,0.00
randomArrays.txt,2,145,0.014500,0.000000,0.00
randomArrays.txt,3,145,0.015000,0.000000,0.00
randomArrays.txt,1,987,0.149300,0.000000,0.00
randomArrays.txt,2,987,0.127500,0.000000,0.00
randomArrays.txt,3,987,0.132500,0.000000,0.00
randomArrays.txt,1,40,0.004200,0.000000,0.00
randomArrays.txt,2,40,0.003700,0.000000,0.00
randomArrays.txt,3,40,0.004000,0.000000,0.00
randomArrays.txt,1,418,0.047800,0.000000,0.00
randomArrays.txt,2,418,0.048200,0.000000,0.00
randomArrays.txt,3,418,0.050700,0.000000,0.00
randomArrays.txt,1,20,0.002000,0.000000,0.00
randomArrays.txt,2,20,0.001900,0.000000,0.00
randomArrays.txt,3,20,0.001800,0.000000,0.00
randomArrays.txt,1,618,0.074500,0.000000,0.00
randomArrays.txt,2,618,0.076300,0.000000,0.00
randomArrays.txt,3,618,0.075400,0.000000,0.00
randomArrays.txt,1,463,0.057100,0.000000,0.00
randomArrays.txt,2,463,0.057600,0.000000,0.00
randomArrays.txt,3,463,0.074000,0.000000,0.00
randomArrays.txt,1,310,0.034300,0.000000,0.00
randomArrays.txt,2,310,0.034000,0.000000,0.00
randomArrays.txt,3,310,0.031600,0.000000,0.00
randomArrays.txt,1,753,0.097500,0.000000,0.00
randomArrays.txt,2,753,0.094200,0.000000,0.00
randomArrays.txt,3,753,0.094700,0.000000,0.00
randomArrays.txt,1,203,0.024000,0.000000,0.00
randomArrays.txt,2,203,0.020500,0.000000,0.00
randomArrays.txt,3,203,0.019900,0.000000,0.00
randomArrays.txt,1,756,0.098600,0.000000,0.00
randomArrays.txt,2,756,0.099200,0.000000,0.00
randomArrays.txt,3,756,0.097700,0.000000,0.00
randomArrays.txt,1,998,0.133100,0.000000,0.00
randomArrays.txt,2,998,0.121200,0.000000,0.00
randomArrays.txt,3,998,0.129000,0.000000,0.00
randomArrays.txt,1,631,0.073200,0.000000,0.00
randomArrays.txt,2,631,0.076200,0.000000,0.00
randomArrays.txt,3,631,0.076700,0.000000,0.00
randomArrays.txt,1,788,0.100400,0.000000,0.00
randomArrays.txt,2,788,0.101100,0.000000,0.00
randomArrays.txt,3,788,0.103900,0.000000,0.00
randomArrays.txt,1,364,0.041800,0.000000,0.00
randomArrays.txt,2,364,0.040900,0.000000,0.00
randomArrays.txt,3,364,0.040500,0.000000,0.00
randomArrays.txt,1,435,0.045700,0.000000,0.00
randomArrays.txt,2,435,0.046600,0.000000,0.00
randomArrays.txt,3,435,0.046200,0.000000,0.00
randomArrays.txt,1,379,0.050300,0.000000,0.00
randomArrays.txt,2,379,0.047900,0.000000,0.00
randomArrays.txt,3,379,0.044100,0.000000,0.00
randomArrays.txt,1,208,0.250200,0.000000,0.00
randomArrays.txt,2,208,0.023600,0.000000,0.00
randomArrays.txt,3,208,0.020100,0.000000,0.00
randomArrays.txt,1,503,0.065600,0.000000,0.00
randomArrays.txt,2,503,0.062700,0.000000,0.00
randomArrays.txt,3,503,0.059200,0.000000,0.00
randomArrays.txt,1,97,0.009800,0.000000,0.00
randomArrays.txt,2,97,0.010100,0.000000,0.00
randomArrays.txt,3,97,0.014700,0.000000,0.00
randomArrays.txt,1,266,0.030700,0.000000,0.00
randomArrays.txt,2,266,0.029600,0.000000,0.00
randomArrays.txt,3,266,0.026900,0.000000,0.00
randomArrays.txt,1,828,0.100400,0.000000,0.00
randomArrays.txt,2,828,0.109600,0.015625,0.00
randomArrays.txt,3,828,0.102200,0.000000,0.00
randomArrays.txt,1,319,0.037200,0.000000,0.00
randomArrays.txt,2,319,0.035300,0.000000,0.00
randomArrays.txt,3,319,0.033400,0.000000,0.00
randomArrays.txt,1,898,0.124400,0.000000,0.00
randomArrays.txt,2,898,0.116600,0.000000,0.00
randomArrays.txt,3,898,0.117200,0.000000,0.00
randomArrays.txt,1,380,0.042600,0.000000,0.00
randomArrays.txt,2,380,0.044100,0.000000,0.00
randomArrays.txt,3,380,0.044800,0.000000,0.00
randomArrays.txt,1,450,0.054800,0.000000,0.00
randomArrays.txt,2,450,0.056900,0.000000,0.00
randomArrays.txt,3,450,0.051200,0.000000,0.00
randomArrays.txt,1,142,0.014000,0.000000,0.00
randomArrays.txt,2,142,0.023200,0.000000,0.00
randomArrays.txt,3,142,0.013200,0.000000,0.00
randomArrays.txt,1,434,0.051400,0.000000,0.00
randomArrays.txt,2,434,0.058900,0.000000,0.00
randomArrays.txt,3,434,0.055300,0.000000,0.00
randomArrays.txt,1,96,0.098100,0.000000,0.00
randomArrays.txt,2,96,0.008700,0.000000,0.00
randomArrays.txt,3,96,0.010100,0.000000,0.00
randomArrays.txt,1,641,0.083200,0.000000,0.00
randomArrays.txt,2,641,0.077200,0.000000,0.00
randomArrays.txt,3,641,0.079700,0.000000,0.00
randomArrays.txt,1,538,0.064600,0.000000,0.00
randomArrays.txt,2,538,0.064400,0.000000,0.00
randomArrays.txt,3,538,0.063600,0.000000,0.00
randomArrays.txt,1,502,0.057400,0.000000,0.00
randomArrays.txt,2,502,0.058800,0.000000,0.00
randomArrays.txt,3,502,0.057700,0.000000,0.00
randomArrays.txt,1,599,0.074700,0.000000,0.00
randomArrays.txt,2,599,0.072900,0.000000,0.00
randomArrays.txt,3,599,0.067600,0.000000,0.00
randomArrays.txt,1,299,0.033100,0.000000,0.00
randomArrays.txt,2,299,0.032700,0.000000,0.00
randomArrays.txt,3,299,0.040900,0.000000,0.00
randomArrays.txt,1,620,0.079100,0.000000,0.00
randomArrays.txt,2,620,0.078700,0.000000,0.00
randomArrays.txt,3,620,0.089700,0.000000,0.00
randomArrays.txt,1,606,0.081400,0.000000,0.00
randomArrays.txt,2,606,0.081200,0.000000,0.00
randomArrays.txt,3,606,0.080300,0.000000,0.00
randomArrays.txt,1,282,0.032400,0.000000,0.00
randomArrays.txt,2,282,0.029200,0.000000,0.00
randomArrays.txt,3,282,0.027100,0.000000,0.00
randomArrays.txt,1,205,0.024600,0.000000,0.00
randomArrays.txt,2,205,0.023800,0.000000,0.00
randomArrays.txt,3,205,0.022900,0.000000,0.00
randomArrays.txt,1,504,0.069800,0.000000,0.00
randomArrays.txt,2,504,0.063300,0.000000,0.00
randomArrays.txt,3,504,0.056100,0.000000,0.00
randomArrays.txt,1,315,0.037700,0.000000,0.00
randomArrays.txt,2,315,0.038400,0.000000,0.00
randomArrays.txt,3,315,0.037400,0.000000,0.00
randomArrays.txt,1,739,0.093600,0.000000,0.00
randomArrays.txt,2,739,0.093100,0.000000,0.00
randomArrays.txt,3,739,0.092100,0.000000,0.00
randomArrays.txt,1,226,0.023200,0.000000,0.00
randomArrays.txt,2,226,0.022000,0.000000,0.00
randomArrays.txt,3,226,0.021000,0.000000,0.00
randomArrays.txt,1,239,0.027100,0.000000,0.00
randomArrays.txt,2,239,0.025500,0.000000,0.00
randomArrays.txt,3,239,0.024300,0.000000,0.00
randomArrays.txt,1,656,0.080000,0.000000,0.00
randomArrays.txt,2,656,0.077500,0.000000,0.00
randomArrays.txt,3,656,0.076300,0.000000,0.00
randomArrays.txt,1,467,0.054500,0.000000,0.00
randomArrays.txt,2,467,0.053900,0.000000,0.00
randomArrays.txt,3,467,0.052600,0.000000,0.00
randomArrays.txt,1,855,0.119500,0.000000,0.00
randomArrays.txt,2,855,0.111300,0.000000,0.00
randomArrays.txt,3,855,0.112100,0.000000,0.00
randomArrays.txt,1,12,0.001700,0.000000,0.00
randomArrays.txt,2,12,0.001500,0.000000,0.00
randomArrays.txt,3,12,0.001400,0.000000,0.00
randomArrays.txt,1,751,0.097400,0.000000,0.00
randomArrays.txt,2,751,0.095000,0.000000,0.00
randomArrays.txt,3,751,0.092900,0.000000,0.00
randomArrays.txt,1,426,0.051100,0.000000,0.00
randomArrays.txt,2,426,0.047400,0.000000,0.00
randomArrays.txt,3,426,0.048700,0.000000,0.00
randomArrays.txt,1,735,0.083700,0.000000,0.00
randomArrays.txt,2,735,0.080700,0.000000,0.00
randomArrays.txt,3,735,0.079000,0.000000,0.00
randomArrays.txt,1,321,0.035200,0.000000,0.00
randomArrays.txt,2,321,0.036700,0.015625,0.00
randomArrays.txt,3,321,0.033100,0.000000,0.00
randomArrays.txt,1,522,0.066700,0.000000,0.00
randomArrays.txt,2,522,0.057200,0.000000,0.00
randomArrays.txt,3,522,0.056500,0.000000,0.00
randomArrays.txt,1,888,0.114200,0.000000,0.00
randomArrays.txt,2,888,0.113400,0.000000,0.00
randomArrays.txt,3,888,0.110800,0.000000,0.00
randomArrays.txt,1,118,0.012700,0.000000,0.00
randomArrays.txt,2,118,0.012100,0.000000,0.00
randomArrays.txt,3,118,0.011400,0.000000,0.00
randomArrays.txt,1,813,1.436600,0.000000,0.00
randomArrays.txt,2,813,0.107500,0.000000,0.00
randomArrays.txt,3,813,0.097100,0.000000,0.00
randomArrays.txt,1,547,0.071200,0.000000,0.00
randomArrays.txt,2,547,0.070400,0.000000,0.00
randomArrays.txt,3,547,0.070900,0.000000,0.00
randomArrays.txt,1,860,0.114400,0.000000,0.00
randomArrays.txt,2,860,0.112600,0.000000,0.00
randomArrays.txt,3,860,0.112000,0.000000,0.00
randomArrays.txt,1,189,0.020100,0.000000,0.00
randomArrays.txt,2,189,0.019100,0.000000,0.00
randomArrays.txt,3,189,0.020600,0.000000,0.00
randomArrays.txt,1,668,0.084700,0.000000,0.00
randomArrays.txt,2,668,0.081600,0.000000,0.00
randomArrays.txt,3,668,0.079900,0.000000,0.00
randomArrays.txt,1,583,0.067500,0.000000,0.00
randomArrays.txt,2,583,0.070100,0.000000,0.00
randomArrays.txt,3,583,0.076000,0.000000,0.00
randomArrays.txt,1,489,0.060200,0.000000,0.00
randomArrays.txt,2,489,0.060400,0.000000,0.00
randomArrays.txt,3,489,0.059900,0.000000,0.00
randomArrays.txt,1,414,0.046200,0.000000,0.00
randomArrays.txt,2,414,0.049300,0.000000,0.00
randomArrays.txt,3,414,0.044300,0.000000,0.00
randomArrays.txt,1,905,0.113200,0.000000,0.00
randomArrays.txt,2,905,0.112200,0.000000,0.00
randomArrays.txt,3,905,0.112500,0.000000,0.00
randomArrays.txt,1,742,0.090000,0.000000,0.00
randomArrays.txt,2,742,0.085600,0.000000,0.00
randomArrays.txt,3,742,0.150900,0.000000,0.00
randomArrays.txt,1,358,0.042400,0.000000,0.00
randomArrays.txt,2,358,0.045100,0.000000,0.00
randomArrays.txt,3,358,0.052300,0.000000,0.00
randomArrays.txt,1,741,0.115900,0.000000,0.00
randomArrays.txt,2,741,0.085900,0.000000,0.00
randomArrays.txt,3,741,0.086100,0.000000,0.00
randomArrays.txt,1,470,0.061800,0.000000,0.00
randomArrays.txt,2,470,0.056500,0.000000,0.00
randomArrays.txt,3,470,0.055300,0.000000,0.00
randomArrays.txt,1,111,0.011500,0.000000,0.00
randomArrays.txt,2,111,0.010600,0.000000,0.00
randomArrays.txt,3,111,0.011000,0.000000,0.00
randomArrays.txt,1,546,0.070400,0.000000,0.00
randomArrays.txt,2,546,0.065200,0.000000,0.00
randomArrays.txt,3,546,0.064500,0.000000,0.00
randomArrays.txt,1,591,0.078000,0.000000,0.00
randomArrays.txt,2,591,0.074800,0.000000,0.00
randomArrays.txt,3,591,0.057500,0.000000,0.00
randomArrays.txt,1,884,0.105600,0.000000,0.00
randomArrays.txt,2,884,0.107900,0.000000,0.00
randomArrays.txt,3,884,0.119600,0.000000,0.00
randomArrays.txt,1,684,0.086700,0.000000,0.00
randomArrays.txt,2,684,0.085000,0.000000,0.00
randomArrays.txt,3,684,0.068300,0.000000,0.00
randomArrays.txt,1,975,0.113300,0.000000,0.00
randomArrays.txt,2,975,0.201100,0.000000,0.00
randomArrays.txt,3,975,0.120000,0.000000,0.00
randomArrays.txt,1,739,0.078300,0.000000,0.00
randomArrays.txt,2,739,0.076400,0.000000,0.00
randomArrays.txt,3,739,0.091500,0.000000,0.00
randomArrays.txt,1,725,0.089900,0.000000,0.00
randomArrays.txt,2,725,0.079800,0.000000,0.00
randomArrays.txt,3,725,0.078200,0.000000,0.00
randomArrays.txt,1,893,0.109800,0.000000,0.00
randomArrays.txt,2,893,0.090500,0.000000,0.00
randomArrays.txt,3,893,0.105100,0.000000,0.00
randomArrays.txt,1,16,0.002300,0.000000,0.00
randomArrays.txt,2,16,0.001400,0.000000,0.00
randomArrays.txt,3,16,0.001400,0.000000,0.00
randomArrays.txt,1,467,0.059300,0.000000,0.00
randomArrays.txt,2,467,0.056900,0.000000,0.00
randomArrays.txt,3,467,0.054000,0.000000,0.00
randomArrays.txt,1,307,0.038200,0.000000,0.00
randomArrays.txt,2,307,0.036300,0.000000,0.00
randomArrays.txt,3,307,0.034400,0.000000,0.00
randomArrays.txt,1,235,0.028200,0.000000,0.00
randomArrays.txt,2,235,0.023400,0.000000,0.00
randomArrays.txt,3,235,0.022800,0.000000,0.00
randomArrays.txt,1,377,0.044900,0.000000,0.00
randomArrays.txt,2,377,0.042500,0.000000,0.00
randomArrays.txt,3,377,0.041100,0.000000,0.00
randomArrays.txt,1,448,0.054400,0.000000,0.00
randomArrays.txt,2,448,0.049600,0.000000,0.00
randomArrays.txt,3,448,0.043600,0.000000,0.00
randomArrays.txt,1,999,0.121500,0.000000,0.00
randomArrays.txt,2,999,0.272500,0.000000,0.00
randomArrays.txt,3,999,0.125100,0.000000,0.00
randomArrays.txt,1,98,0.010000,0.000000,0.00
randomArrays.txt,2,98,0.009200,0.000000,0.00
randomArrays.txt,3,98,0.008900,0.000000,0.00
randomArrays.txt,1,456,0.054200,0.000000,0.00
randomArrays.txt,2,456,0.053500,0.000000,0.00
randomArrays.txt,3,456,0.053300,0.000000,0.00
randomArrays.txt,1,118,0.012000,0.000000,0.00
randomArrays.txt,2,118,0.013000,0.000000,0.00
randomArrays.txt,3,118,0.011400,0.000000,0.00
randomArrays.txt,1,406,0.047700,0.000000,0.00
randomArrays.txt,2,406,0.045200,0.000000,0.00
randomArrays.txt,3,406,0.043400,0.000000,0.00
randomArrays.txt,1,33,0.003500,0.000000,0.00
randomArrays.txt,2,33,0.003100,0.000000,0.00
randomArrays.txt,3,33,0.002800,0.000000,0.00
randomArrays.txt,1,517,0.059300,0.000000,0.00
randomArrays.txt,2,517,0.058600,0.000000,0.00
randomArrays.txt,3,517,0.055900,0.000000,0.00
randomArrays.txt,1,248,0.028400,0.000000,0.00
randomArrays.txt,2,248,0.027400,0.000000,0.00
randomArrays.txt,3,248,0.025500,0.000000,0.00
randomArrays.txt,1,61,0.006200,0.000000,0.00
randomArrays.txt,2,61,0.005500,0.000000,0.00
randomArrays.txt,3,61,0.004500,0.000000,0.00
randomArrays.txt,1,547,0.064900,0.000000,0.00
randomArrays.txt,2,547,0.066100,0.000000,0.00
randomArrays.txt,3,547,0.061400,0.000000,0.00
randomArrays.txt,1,602,0.082400,0.000000,0.00
randomArrays.txt,2,602,0.078300,0.000000,0.00
randomArrays.txt,3,602,0.077700,0.000000,0.00
randomArrays.txt,1,579,0.081400,0.000000,0.00
randomArrays.txt,2,579,0.070800,0.000000,0.00
randomArrays.txt,3,579,0.069700,0.000000,0.00
randomArrays.txt,1,972,0.132300,0.015625,0.00
randomArrays.txt,2,972,0.121600,0.000000,0.00
randomArrays.txt,3,972,0.121300,0.000000,0.00
randomArrays.txt,1,653,0.081100,0.000000,0.00
randomArrays.txt,2,653,0.078700,0.000000,0.00
randomArrays.txt,3,653,0.076600,0.000000,0.00
randomArrays.txt,1,866,0.109200,0.000000,0.00
randomArrays.txt,2,866,0.108600,0.000000,0.00
randomArrays.txt,3,866,0.107600,0.000000,0.00
randomArrays.txt,1,417,0.052000,0.000000,0.00
randomArrays.txt,2,417,0.042200,0.000000,0.00
randomArrays.txt,3,417,0.046300,0.000000,0.00
randomArrays.txt,1,386,0.043000,0.000000,0.00
randomArrays.txt,2,386,0.039900,0.000000,0.00
randomArrays.txt,3,386,0.044000,0.000000,0.00
randomArrays.txt,1,349,0.040600,0.000000,0.00
randomArrays.txt,2,349,0.038400,0.000000,0.00
randomArrays.txt,3,349,0.037200,0.000000,0.00
randomArrays.txt,1,598,0.075000,0.000000,0.00
randomArrays.txt,2,598,0.066900,0.000000,0.00
randomArrays.txt,3,598,0.068100,0.000000,0.00
randomArrays.txt,1,856,0.111700,0.000000,0.00
randomArrays.txt,2,856,0.103500,0.000000,0.00
randomArrays.txt,3,856,0.108200,0.000000,0.00
randomArrays.txt,1,152,0.015600,0.000000,0.00
randomArrays.txt,2,152,0.018800,0.000000,0.00
randomArrays.txt,3,152,0.016500,0.000000,0.00
randomArrays.txt,1,436,0.056100,0.000000,0.00
randomArrays.txt,2,436,0.053700,0.000000,0.00
randomArrays.txt,3,436,0.052700,0.000000,0.00
randomArrays.txt,1,356,0.039100,0.000000,0.00
randomArrays.txt,2,356,0.038500,0.000000,0.00
randomArrays.txt,3,356,0.080900,0.000000,0.00
randomArrays.txt,1,598,0.069200,0.000000,0.00
randomArrays.txt,2,598,0.072800,0.000000,0.00
randomArrays.txt,3,598,0.063300,0.000000,0.00
randomArrays.txt,1,578,0.058500,0.000000,0.00
randomArrays.txt,2,578,0.131600,0.000000,0.00
randomArrays.txt,3,578,0.071400,0.000000,0.00
randomArrays.txt,1,786,0.096100,0.000000,0.00
randomArrays.txt,2,786,0.092700,0.000000,0.00
randomArrays.txt,3,786,0.075300,0.000000,0.00
randomArrays.txt,1,124,0.012800,0.000000,0.00
randomArrays.txt,2,124,0.012000,0.000000,0.00
randomArrays.txt,3,124,0.011500,0.000000,0.00
randomArrays.txt,1,439,0.050700,0.000000,0.00
randomArrays.txt,2,439,0.049900,0.000000,0.00
randomArrays.txt,3,439,0.050700,0.000000,0.00
randomArrays.txt,1,492,0.056700,0.000000,0.00
randomArrays.txt,2,492,0.056500,0.000000,0.00
randomArrays.txt,3,492,0.055200,0.000000,0.00
randomArrays.txt,1,207,0.022700,0.000000,0.00
randomArrays.txt,2,207,0.037700,0.000000,0.00
randomArrays.txt,3,207,0.138000,0.000000,0.00
randomArrays.txt,1,100,0.010200,0.000000,0.00
randomArrays.txt,2,100,0.009400,0.000000,0.00
randomArrays.txt,3,100,0.009400,0.000000,0.00
randomArrays.txt,1,591,0.140400,0.000000,0.00
randomArrays.txt,2,591,0.073600,0.000000,0.00
randomArrays.txt,3,591,0.072500,0.000000,0.00
randomArrays.txt,1,397,0.050000,0.000000,0.00
randomArrays.txt,2,397,0.045500,0.000000,0.00
randomArrays.txt,3,397,0.045500,0.000000,0.00
randomArrays.txt,1,295,0.033700,0.000000,0.00
randomArrays.txt,2,295,0.032600,0.000000,0.00
randomArrays.txt,3,295,0.031700,0.000000,0.00
randomArrays.txt,1,733,0.101300,0.000000,0.00
randomArrays.txt,2,733,0.095300,0.000000,0.00
randomArrays.txt,3,733,0.271100,0.000000,0.00
randomArrays.txt,1,231,0.026100,0.000000,0.00
randomArrays.txt,2,231,0.026000,0.000000,0.00
randomArrays.txt,3,231,0.025700,0.000000,0.00
randomArrays.txt,1,565,0.265800,0.000000,0.00
randomArrays.txt,2,565,0.084300,0.000000,0.00
randomArrays.txt,3,565,0.085000,0.000000,0.00
randomArrays.txt,1,910,0.109900,0.000000,0.00
randomArrays.txt,2,910,0.112000,0.000000,0.00
randomArrays.txt,3,910,0.111200,0.000000,0.00
randomArrays.txt,1,74,0.008000,0.000000,0.00
randomArrays.txt,2,74,0.007400,0.000000,0.00
randomArrays.txt,3,74,0.007200,0.000000,0.00
randomArrays.txt,1,647,0.080500,0.000000,0.00
randomArrays.txt,2,647,0.080100,0.000000,0.00
randomArrays.txt,3,647,0.076900,0.000000,0.00
randomArrays.txt,1,456,0.056900,0.000000,0.00
randomArrays.txt,2,456,0.055900,0.000000,0.00
randomArrays.txt,3,456,0.054300,0.000000,0.00
randomArrays.txt,1,954,0.211700,0.000000,0.00
randomArrays.txt,2,954,0.124600,0.000000,0.00
randomArrays.txt,3,954,0.125900,0.000000,0.00
randomArrays.txt,1,495,0.059400,0.000000,0.00
randomArrays.txt,2,495,0.061200,0.000000,0.00
randomArrays.txt,3,495,0.060200,0.000000,0.00
randomArrays.txt,1,487,0.059300,0.000000,0.00
randomArrays.txt,2,487,0.058500,0.000000,0.00
randomArrays.txt,3,487,0.058500,0.000000,0.00
randomArrays.txt,1,559,0.067400,0.000000,0.00
randomArrays.txt,2,559,0.064200,0.000000,0.00
randomArrays.txt,3,559,0.067000,0.000000,0.00
randomArrays.txt,1,512,0.062200,0.000000,0.00
randomArrays.txt,2,512,0.059500,0.000000,0.00
randomArrays.txt,3,512,0.056000,0.000000,0.00
randomArrays.txt,1,247,0.027000,0.000000,0.00
randomArrays.txt,2,247,0.026000,0.000000,0.00
randomArrays.txt,3,247,0.025400,0.000000,0.00
randomArrays.txt,1,219,0.025100,0.000000,0.00
randomArrays.txt,2,219,0.024900,0.000000,0.00
randomArrays.txt,3,219,0.023100,0.000000,0.00
randomArrays.txt,1,839,0.102700,0.000000,0.00
randomArrays.txt,2,839,0.097700,0.000000,0.00
randomArrays.txt,3,839,0.102500,0.000000,0.00
randomArrays.txt,1,887,0.130900,0.000000,0.00
randomArrays.txt,2,887,0.115200,0.000000,0.00
randomArrays.txt,3,887,0.125800,0.000000,0.00
randomArrays.txt,1,942,0.113800,0.000000,0.00
randomArrays.txt,2,942,0.137200,0.000000,0.00
randomArrays.txt,3,942,0.120700,0.000000,0.00
randomArrays.txt,1,920,0.114700,0.000000,0.00
randomArrays.txt,2,920,0.113800,0.000000,0.00
randomArrays.txt,3,920,0.116300,0.000000,0.00
randomArrays.txt,1,868,0.108700,0.000000,0.00
randomArrays.txt,2,868,0.111900,0.000000,0.00
randomArrays.txt,3,868,0.111400,0.000000,0.00
randomArrays.txt,1,25,0.002600,0.000000,0.00
randomArrays.txt,2,25,0.002400,0.000000,0.00
randomArrays.txt,3,25,0.002500,0.000000,0.00
randomArrays.txt,1,174,0.020300,0.000000,0.00
randomArrays.txt,2,174,0.019100,0.000000,0.00
randomArrays.txt,3,174,0.019200,0.000000,0.00
randomArrays.txt,1,818,0.102800,0.000000,0.00
randomArrays.txt,2,818,0.110600,0.000000,0.00
randomArrays.txt,3,818,0.112700,0.000000,0.00
randomArrays.txt,1,660,0.076300,0.000000,0.00
randomArrays.txt,2,660,0.141600,0.000000,0.00
randomArrays.txt,3,660,0.102000,0.000000,0.00
randomArrays.txt,1,592,0.067500,0.000000,0.00
randomArrays.txt,2,592,0.070200,0.000000,0.00
randomArrays.txt,3,592,0.071500,0.000000,0.00
randomArrays.txt,1,942,0.122800,0.000000,0.00
randomArrays.txt,2,942,0.737700,0.000000,0.00
randomArrays.txt,3,942,0.118200,0.000000,0.00
randomArrays.txt,1,962,0.130200,0.000000,0.00
randomArrays.txt,2,962,0.124800,0.000000,0.00
randomArrays.txt,3,962,0.145400,0.000000,0.00
randomArrays.txt,1,254,0.029300,0.000000,0.00
randomArrays.txt,2,254,0.028700,0.000000,0.00
randomArrays.txt,3,254,0.029400,0.000000,0.00
randomArrays.txt,1,527,0.064100,0.000000,0.00
randomArrays.txt,2,527,0.102900,0.000000,0.00
randomArrays.txt,3,527,0.064600,0.000000,0.00
randomArrays.txt,1,786,0.111300,0.000000,0.00
randomArrays.txt,2,786,0.097100,0.000000,0.00
randomArrays.txt,3,786,0.094500,0.000000,0.00
randomArrays.txt,1,179,0.019000,0.000000,0.00
randomArrays.txt,2,179,0.018000,0.000000,0.00
randomArrays.txt,3,179,0.019000,0.000000,0.00
randomArrays.txt,1,678,0.086700,0.000000,0.00
randomArrays.txt,2,678,0.083100,0.000000,0.00
randomArrays.txt,3,678,0.081600,0.000000,0.00
randomArrays.txt,1,950,0.126300,0.000000,0.00
randomArrays.txt,2,950,0.126100,0.000000,0.00
randomArrays.txt,3,950,0.123000,0.000000,0.00
randomArrays.txt,1,538,0.068200,0.000000,0.00
randomArrays.txt,2,538,0.066600,0.000000,0.00
randomArrays.txt,3,538,0.072300,0.000000,0.00
randomArrays.txt,1,185,0.020200,0.000000,0.00
randomArrays.txt,2,185,0.018300,0.000000,0.00
randomArrays.txt,3,185,0.016800,0.000000,0.00
randomArrays.txt,1,689,0.089200,0.000000,0.00
randomArrays.txt,2,689,0.071500,0.000000,0.00
randomArrays.txt,3,689,0.084400,0.000000,0.00
randomArrays.txt,1,161,0.016900,0.000000,0.00
randomArrays.txt,2,161,0.015500,0.000000,0.00
randomArrays.txt,3,161,0.014900,0.000000,0.00
randomArrays.txt,1,509,0.053900,0.000000,0.00
randomArrays.txt,2,509,0.055800,0.000000,0.00
randomArrays.txt,3,509,0.057100,0.000000,0.00
randomArrays.txt,1,376,0.045700,0.000000,0.00
randomArrays.txt,2,376,0.042700,0.000000,0.00
randomArrays.txt,3,376,0.040700,0.000000,0.00
randomArrays.txt,1,766,0.093000,0.000000,0.00
randomArrays.txt,2,766,0.089900,0.000000,0.00
randomArrays.txt,3,766,0.087900,0.000000,0.00
randomArrays.txt,1,706,0.089600,0.000000,0.00
randomArrays.txt,2,706,0.070100,0.000000,0.00
randomArrays.txt,3,706,0.083800,0.000000,0.00
randomArrays.txt,1,644,0.082400,0.000000,0.00
randomArrays.txt,2,644,0.080900,0.000000,0.00
randomArrays.txt,3,644,0.079500,0.000000,0.00
randomArrays.txt,1,758,0.091700,0.000000,0.00
randomArrays.txt,2,758,0.102400,0.000000,0.00
randomArrays.txt,3,758,0.096800,0.000000,0.00
randomArrays.txt,1,747,0.096700,0.000000,0.00
randomArrays.txt,2,747,0.094200,0.000000,0.00
randomArrays.txt,3,747,0.092900,0.000000,0.00
randomArrays.txt,1,349,0.042900,0.000000,0.00
randomArrays.txt,2,349,0.033900,0.000000,0.00
randomArrays.txt,3,349,0.036300,0.000000,0.00
randomArrays.txt,1,574,0.059200,0.000000,0.00
randomArrays.txt,2,574,0.057700,0.000000,0.00
randomArrays.txt,3,574,0.068000,0.000000,0.00
randomArrays.txt,1,888,0.107200,0.000000,0.00
randomArrays.txt,2,888,0.105200,0.000000,0.00
randomArrays.txt,3,888,0.104000,0.000000,0.00
randomArrays.txt,1,235,0.027900,0.000000,0.00
randomArrays.txt,2,235,0.032600,0.000000,0.00
randomArrays.txt,3,235,0.023200,0.000000,0.00
randomArrays.txt,1,653,0.082000,0.000000,0.00
randomArrays.txt,2,653,0.065000,0.000000,0.00
randomArrays.txt,3,653,0.077100,0.000000,0.00
randomArrays.txt,1,630,0.077900,0.000000,0.00
randomArrays.txt,2,630,0.075000,0.000000,0.00
randomArrays.txt,3,630,0.079000,0.000000,0.00
randomArrays.txt,1,76,0.007500,0.000000,0.00
randomArrays.txt,2,76,0.006400,0.000000,0.00
randomArrays.txt,3,76,0.005800,0.000000,0.00
randomArrays.txt,1,436,0.054500,0.000000,0.00
randomArrays.txt,2,436,0.052400,0.000000,0.00
randomArrays.txt,3,436,0.050400,0.000000,0.00
randomArrays.txt,1,771,0.098200,0.000000,0.00
randomArrays.txt,2,771,0.096100,0.000000,0.00
randomArrays.txt,3,771,0.100000,0.000000,0.00
randomArrays.txt,1,217,0.023300,0.000000,0.00
randomArrays.txt,2,217,0.022400,0.000000,0.00
randomArrays.txt,3,217,0.022000,0.000000,0.00
randomArrays.txt,1,419,0.049600,0.000000,0.00
randomArrays.txt,2,419,0.051400,0.000000,0.00
randomArrays.txt,3,419,0.051000,0.000000,0.00
randomArrays.txt,1,860,0.106900,0.000000,0.00
randomArrays.txt,2,860,0.102400,0.000000,0.00
randomArrays.txt,3,860,0.106400,0.000000,0.00
randomArrays.txt,1,288,0.028100,0.000000,0.00
randomArrays.txt,2,288,0.030800,0.000000,0.00
randomArrays.txt,3,288,0.030900,0.000000,0.00
randomArrays.txt,1,280,0.033000,0.000000,0.00
randomArrays.txt,2,280,0.030800,0.000000,0.00
randomArrays.txt,3,280,0.026700,0.000000,0.00
randomArrays.txt,1,242,0.025500,0.000000,0.00
randomArrays.txt,2,242,0.023800,0.000000,0.00
randomArrays.txt,3,242,0.025100,0.000000,0.00
randomArrays.txt,1,602,0.077900,0.000000,0.00
randomArrays.txt,2,602,0.074800,0.000000,0.00
randomArrays.txt,3,602,0.069900,0.000000,0.00
randomArrays.txt,1,44,0.004600,0.000000,0.00
randomArrays.txt,2,44,0.003900,0.000000,0.00
randomArrays.txt,3,44,0.003700,0.000000,0.00
randomArrays.txt,1,547,0.060900,0.000000,0.00
randomArrays.txt,2,547,0.063600,0.000000,0.00
randomArrays.txt,3,547,0.065500,0.000000,0.00
randomArrays.txt,1,860,0.102600,0.000000,0.00
randomArrays.txt,2,860,0.101500,0.000000,0.00
randomArrays.txt,3,860,0.103700,0.000000,0.00
randomArrays.txt,1,737,0.090800,0.000000,0.00
randomArrays.txt,2,737,0.089100,0.000000,0.00
randomArrays.txt,3,737,0.079700,0.000000,0.00
randomArrays.txt,1,738,0.090900,0.000000,0.00
randomArrays.txt,2,738,0.087900,0.000000,0.00
randomArrays.txt,3,738,0.086800,0.000000,0.00
randomArrays.txt,1,725,0.085400,0.000000,0.00
randomArrays.txt,2,725,0.167800,0.000000,0.00
randomArrays.txt,3,725,0.114300,0.000000,0.00
randomArrays.txt,1,684,0.092100,0.000000,0.00
randomArrays.txt,2,684,0.081000,0.000000,0.00
randomArrays.txt,3,684,0.080100,0.000000,0.00
randomArrays.txt,1,233,0.026300,0.000000,0.00
randomArrays.txt,2,233,0.023700,0.000000,0.00
randomArrays.txt,3,233,0.022600,0.000000,0.00
randomArrays.txt,1,342,0.039800,0.000000,0.00
randomArrays.txt,2,342,0.036500,0.000000,0.00
randomArrays.txt,3,342,0.040300,0.000000,0.00
randomArrays.txt,1,855,0.094900,0.000000,0.00
randomArrays.txt,2,855,0.100700,0.000000,0.00
randomArrays.txt,3,855,0.097900,0.000000,0.00
randomArrays.txt,1,861,0.106100,0.000000,0.00
randomArrays.txt,2,861,0.102800,0.000000,0.00
randomArrays.txt,3,861,0.102400,0.000000,0.00
randomArrays.txt,1,566,0.069100,0.000000,0.00
randomArrays.txt,2,566,0.070500,0.000000,0.00
randomArrays.txt,3,566,0.067900,0.000000,0.00
randomArrays.txt,1,406,0.050900,0.000000,0.00
randomArrays.txt,2,406,0.048800,0.000000,0.00
randomArrays.txt,3,406,0.047100,0.000000,0.00
randomArrays.txt,1,192,0.023400,0.000000,0.00
randomArrays.txt,2,192,0.018900,0.000000,0.00
randomArrays.txt,3,192,0.017900,0.000000,0.00
randomArrays.txt,1,850,0.094000,0.000000,0.00
randomArrays.txt,2,850,0.102500,0.000000,0.00
randomArrays.txt,3,850,0.096700,0.000000,0.00
randomArrays.txt,1,609,0.082000,0.000000,0.00
randomArrays.txt,2,609,0.062200,0.000000,0.00
randomArrays.txt,3,609,0.076700,0.000000,0.00
randomArrays.txt,1,18,0.002400,0.000000,0.00
randomArrays.txt,2,18,0.001500,0.000000,0.00
randomArrays.txt,3,18,0.001500,0.000000,0.00
randomArrays.txt,1,482,0.059000,0.000000,0.00
randomArrays.txt,2,482,0.057800,0.000000,0.00
randomArrays.txt,3,482,0.054600,0.000000,0.00
randomArrays.txt,1,264,0.032000,0.000000,0.00
randomArrays.txt,2,264,0.027000,0.000000,0.00
randomArrays.txt,3,264,0.026200,0.000000,0.00
randomArrays.txt,1,319,0.038400,0.000000,0.00
randomArrays.txt,2,319,0.035400,0.000000,0.00
randomArrays.txt,3,319,0.034700,0.000000,0.00
randomArrays.txt,1,252,0.030300,0.000000,0.00
randomArrays.txt,2,252,0.029700,0.000000,0.00
randomArrays.txt,3,252,0.028700,0.000000,0.00
randomArrays.txt,1,342,0.040400,0.000000,0.00
randomArrays.txt,2,342,0.040200,0.000000,0.00
randomArrays.txt,3,342,0.036600,0.000000,0.00
randomArrays.txt,1,252,0.031100,0.000000,0.00
randomArrays.txt,2,252,0.030100,0.000000,0.00
randomArrays.txt,3,252,0.028500,0.000000,0.00
randomArrays.txt,1,205,0.021500,0.000000,0.00
randomArrays.txt,2,205,0.029100,0.000000,0.00
randomArrays.txt,3,205,0.018100,0.000000,0.00
randomArrays.txt,1,942,0.113300,0.000000,0.00
randomArrays.txt,2,942,0.117500,0.000000,0.00
randomArrays.txt,3,942,0.117500,0.000000,0.00
randomArrays.txt,1,744,0.257200,0.000000,0.00
randomArrays.txt,2,744,0.198400,0.000000,0.00
randomArrays.txt,3,744,0.167900,0.000000,0.00
randomArrays.txt,1,537,0.065400,0.000000,0.00
randomArrays.txt,2,537,0.064600,0.000000,0.00
randomArrays.txt,3,537,0.064600,0.000000,0.00
randomArrays.txt,1,501,0.059700,0.000000,0.00
randomArrays.txt,2,501,0.149900,0.000000,0.00
randomArrays.txt,3,501,0.057300,0.000000,0.00
randomArrays.txt,1,853,0.111500,0.000000,0.00
randomArrays.txt,2,853,0.108300,0.000000,0.00
randomArrays.txt,3,853,0.112200,0.000000,0.00
randomArrays.txt,1,341,0.039500,0.000000,0.00
randomArrays.txt,2,341,0.031400,0.000000,0.00
randomArrays.txt,3,341,0.039400,0.000000,0.00
randomArrays.txt,1,800,0.103600,0.000000,0.00
randomArrays.txt,2,800,0.097900,0.000000,0.00
randomArrays.txt,3,800,0.100700,0.000000,0.00
randomArrays.txt,1,857,0.111600,0.000000,0.00
randomArrays.txt,2,857,0.110300,0.000000,0.00
randomArrays.txt,3,857,0.114100,0.000000,0.00
randomArrays.txt,1,427,0.053500,0.000000,0.00
randomArrays.txt,2,427,0.052100,0.000000,0.00
randomArrays.txt,3,427,0.052300,0.000000,0.00
randomArrays.txt,1,647,0.087000,0.000000,0.00
randomArrays.txt,2,647,0.084800,0.000000,0.00
randomArrays.txt,3,647,0.082500,0.000000,0.00
randomArrays.txt,1,76,0.007500,0.000000,0.00
randomArrays.txt,2,76,0.006900,0.000000,0.00
randomArrays.txt,3,76,0.008400,0.000000,0.00
randomArrays.txt,1,677,0.088200,0.000000,0.00
randomArrays.txt,2,677,0.089900,0.000000,0.00
randomArrays.txt,3,677,0.097500,0.000000,0.00
randomArrays.txt,1,579,0.076400,0.000000,0.00
randomArrays.txt,2,579,0.075200,0.000000,0.00
randomArrays.txt,3,579,0.069600,0.000000,0.00
randomArrays.txt,1,731,0.094200,0.000000,0.00
randomArrays.txt,2,731,0.098800,0.000000,0.00
randomArrays.txt,3,731,0.092500,0.000000,0.00
randomArrays.txt,1,704,0.084400,0.000000,0.00
randomArrays.txt,2,704,0.087700,0.000000,0.00
randomArrays.txt,3,704,0.091100,0.000000,0.00
randomArrays.txt,1,266,0.029500,0.000000,0.00
randomArrays.txt,2,266,0.029600,0.000000,0.00
randomArrays.txt,3,266,0.029400,0.000000,0.00
randomArrays.txt,1,961,0.130600,0.000000,0.00
randomArrays.txt,2,961,0.129600,0.000000,0.00
randomArrays.txt,3,961,0.130700,0.000000,0.00
randomArrays.txt,1,263,0.057700,0.000000,0.00
randomArrays.txt,2,263,0.028100,0.000000,0.00
randomArrays.txt,3,263,0.046100,0.000000,0.00
randomArrays.txt,1,434,0.048700,0.000000,0.00
randomArrays.txt,2,434,0.053200,0.000000,0.00
randomArrays.txt,3,434,0.055700,0.000000,0.00
randomArrays.txt,1,484,0.060600,0.000000,0.00
randomArrays.txt,2,484,0.059800,0.000000,0.00
randomArrays.txt,3,484,0.058600,0.000000,0.00
randomArrays.txt,1,163,0.019000,0.000000,0.00
randomArrays.txt,2,163,0.017000,0.000000,0.00
randomArrays.txt,3,163,0.017300,0.000000,0.00
randomArrays.txt,1,984,0.191400,0.000000,0.00
randomArrays.txt,2,984,0.172600,0.000000,0.00
randomArrays.txt,3,984,0.134500,0.000000,0.00
randomArrays.txt,1,211,0.022200,0.000000,0.00
randomArrays.txt,2,211,0.021800,0.000000,0.00
randomArrays.txt,3,211,0.022800,0.000000,0.00
randomArrays.txt,1,185,0.020400,0.000000,0.00
randomArrays.txt,2,185,0.019900,0.000000,0.00
randomArrays.txt,3,185,0.019400,0.000000,0.00
randomArrays.txt,1,467,0.055900,0.000000,0.00
randomArrays.txt,2,467,0.053700,0.000000,0.00
randomArrays.txt,3,467,0.055800,0.000000,0.00
randomArrays.txt,1,214,0.024400,0.000000,0.00
randomArrays.txt,2,214,0.024100,0.000000,0.00
randomArrays.txt,3,214,0.023600,0.000000,0.00
randomArrays.txt,1,35,0.003600,0.000000,0.00
randomArrays.txt,2,35,0.003300,0.000000,0.00
randomArrays.txt,3,35,0.003100,0.000000,0.00
randomArrays.txt,1,141,0.016300,0.000000,0.00
randomArrays.txt,2,141,0.015800,0.000000,0.00
randomArrays.txt,3,141,0.015700,0.000000,0.00
randomArrays.txt,1,559,0.070300,0.000000,0.00
randomArrays.txt,2,559,0.069200,0.000000,0.00
randomArrays.txt,3,559,0.071100,0.000000,0.00
randomArrays.txt,1,706,0.088000,0.000000,0.00
randomArrays.txt,2,706,0.086800,0.000000,0.00
randomArrays.txt,3,706,0.086400,0.000000,0.00
randomArrays.txt,1,68,0.006700,0.000000,0.00
randomArrays.txt,2,68,0.006400,0.000000,0.00
randomArrays.txt,3,68,0.005900,0.000000,0.00
randomArrays.txt,1,12,0.001500,0.000000,0.00
randomArrays.txt,2,12,0.001400,0.000000,0.00
randomArrays.txt,3,12,0.001400,0.000000,0.00
randomArrays.txt,1,405,0.047500,0.000000,0.00
randomArrays.txt,2,405,0.046900,0.000000,0.00
randomArrays.txt,3,405,0.047100,0.000000,0.00
randomArrays.txt,1,288,0.035700,0.000000,0.00
randomArrays.txt,2,288,0.034800,0.000000,0.00
randomArrays.txt,3,288,0.035900,0.000000,0.00
randomArrays.txt,1,955,0.130900,0.000000,0.00
randomArrays.txt,2,955,0.128700,0.000000,0.00
randomArrays.txt,3,955,0.132400,0.000000,0.00
randomArrays.txt,1,50,0.005100,0.000000,0.00
randomArrays.txt,2,50,0.004900,0.000000,0.00
randomArrays.txt,3,50,0.004700,0.000000,0.00
randomArrays.txt,1,752,0.098300,0.000000,0.00
randomArrays.txt,2,752,0.093900,0.000000,0.00
randomArrays.txt,3,752,0.094300,0.000000,0.00
randomArrays.txt,1,695,0.089100,0.000000,0.00
randomArrays.txt,2,695,0.088000,0.000000,0.00
randomArrays.txt,3,695,0.088100,0.000000,0.00
randomArrays.txt,1,186,0.020200,0.000000,0.00
randomArrays.txt,2,186,0.026500,0.000000,0.00
randomArrays.txt,3,186,0.020100,0.000000,0.00
randomArrays.txt,1,737,0.095400,0.000000,0.00
randomArrays.txt,2,737,0.091700,0.000000,0.00
randomArrays.txt,3,737,0.091700,0.000000,0.00
randomArrays.txt,1,948,0.124000,0.000000,0.00
randomArrays.txt,2,948,0.124600,0.000000,0.00
randomArrays.txt,3,948,0.134800,0.000000,0.00
randomArrays.txt,1,151,0.015400,0.000000,0.00
randomArrays.txt,2,151,0.015200,0.000000,0.00
randomArrays.txt,3,151,0.014300,0.000000,0.00
randomArrays.txt,1,46,0.004900,0.000000,0.00
randomArrays.txt,2,46,0.004200,0.000000,0.00
randomArrays.txt,3,46,0.004100,0.000000,0.00
randomArrays.txt,1,968,0.124600,0.000000,0.00
randomArrays.txt,2,968,0.130100,0.000000,0.00
randomArrays.txt,3,968,0.128800,0.000000,0.00
randomArrays.txt,1,333,0.037000,0.000000,0.00
randomArrays.txt,2,333,0.036200,0.000000,0.00
randomArrays.txt,3,333,0.035900,0.000000,0.00
randomArrays.txt,1,189,0.019500,0.000000,0.00
randomArrays.txt,2,189,0.020400,0.000000,0.00
randomArrays.txt,3,189,0.020100,0.000000,0.00
randomArrays.txt,1,190,0.030000,0.000000,0.00
randomArrays.txt,2,190,0.021200,0.000000,0.00
randomArrays.txt,3,190,0.019600,0.000000,0.00
randomArrays.txt,1,589,0.075300,0.000000,0.00
randomArrays.txt,2,589,0.076700,0.000000,0.00
randomArrays.txt,3,589,0.075700,0.000000,0.00
randomArrays.txt,1,230,0.024500,0.000000,0.00
randomArrays.txt,2,230,0.023000,0.000000,0.00
randomArrays.txt,3,230,0.022700,0.000000,0.00
randomArrays.txt,1,535,0.068000,0.000000,0.00
randomArrays.txt,2,535,0.067300,0.000000,0.00
randomArrays.txt,3,535,0.064900,0.000000,0.00
randomArrays.txt,1,189,0.021500,0.000000,0.00
randomArrays.txt,2,189,0.019800,0.000000,0.00
randomArrays.txt,3,189,0.020300,0.000000,0.00
randomArrays.txt,1,948,0.255800,0.000000,0.00
randomArrays.txt,2,948,0.120900,0.000000,0.00
randomArrays.txt,3,948,0.114900,0.000000,0.00
randomArrays.txt,1,834,0.118600,0.000000,0.00
randomArrays.txt,2,834,0.111400,0.000000,0.00
randomArrays.txt,3,834,0.112300,0.000000,0.00
randomArrays.txt,1,273,0.030600,0.000000,0.00
randomArrays.txt,2,273,0.030000,0.000000,0.00
randomArrays.txt,3,273,0.029100,0.000000,0.00
randomArrays.txt,1,773,0.090500,0.000000,0.00
randomArrays.txt,2,773,0.102700,0.000000,0.00
randomArrays.txt,3,773,0.101200,0.000000,0.00
randomArrays.txt,1,342,0.042200,0.000000,0.00
randomArrays.txt,2,342,0.041000,0.000000,0.00
randomArrays.txt,3,342,0.040500,0.000000,0.00
randomArrays.txt,1,995,0.131000,0.000000,0.00
randomArrays.txt,2,995,0.128600,0.000000,0.00
randomArrays.txt,3,995,0.124600,0.000000,0.00
randomArrays.txt,1,221,0.024000,0.000000,0.00
randomArrays.txt,2,221,0.021900,0.000000,0.00
randomArrays.txt,3,221,0.020900,0.000000,0.00
randomArrays.txt,1,519,0.061300,0.000000,0.00
randomArrays.txt,2,519,0.056700,0.000000,0.00
randomArrays.txt,3,519,0.115800,0.000000,0.00
randomArrays.txt,1,479,0.059600,0.000000,0.00
randomArrays.txt,2,479,0.057000,0.000000,0.00
randomArrays.txt,3,479,0.055400,0.000000,0.00
randomArrays.txt,1,155,0.016100,0.000000,0.00
randomArrays.txt,2,155,0.015000,0.000000,0.00
randomArrays.txt,3,155,0.014600,0.000000,0.00
randomArrays.txt,1,756,0.086500,0.000000,0.00
randomArrays.txt,2,756,0.090200,0.000000,0.00
randomArrays.txt,3,756,0.073700,0.000000,0.00
randomArrays.txt,1,658,0.083100,0.000000,0.00
randomArrays.txt,2,658,0.065200,0.000000,0.00
randomArrays.txt,3,658,0.069200,0.000000,0.00
randomArrays.txt,1,213,0.020800,0.000000,0.00
randomArrays.txt,2,213,0.021700,0.000000,0.00
randomArrays.txt,3,213,0.020500,0.000000,0.00
randomArrays.txt,1,467,0.056800,0.000000,0.00
randomArrays.txt,2,467,0.054300,0.000000,0.00
randomArrays.txt,3,467,0.053500,0.000000,0.00
randomArrays.txt,1,191,0.051100,0.000000,0.00
randomArrays.txt,2,191,0.019200,0.000000,0.00
randomArrays.txt,3,191,0.018800,0.000000,0.00
randomArrays.txt,1,744,0.094500,0.000000,0.00
randomArrays.txt,2,744,0.075800,0.000000,0.00
randomArrays.txt,3,744,0.082600,0.000000,0.00
randomArrays.txt,1,122,0.012500,0.000000,0.00
randomArrays.txt,2,122,0.011200,0.000000,0.00
randomArrays.txt,3,122,0.010700,0.000000,0.00
randomArrays.txt,1,178,0.023700,0.000000,0.00
randomArrays.txt,2,178,0.018200,0.000000,0.00
randomArrays.txt,3,178,0.017400,0.000000,0.00
randomArrays.txt,1,760,0.102400,0.000000,0.00
randomArrays.txt,2,760,0.099400,0.000000,0.00
randomArrays.txt,3,760,0.089000,0.000000,0.00
randomArrays.txt,1,524,0.057700,0.000000,0.00
randomArrays.txt,2,524,0.055700,0.000000,0.00
randomArrays.txt,3,524,0.057200,0.000000,0.00
randomArrays.txt,1,264,0.029000,0.000000,0.00
randomArrays.txt,2,264,0.027700,0.000000,0.00
randomArrays.txt,3,264,0.027000,0.000000,0.00
randomArrays.txt,1,733,0.099600,0.000000,0.00
randomArrays.txt,2,733,0.087600,0.000000,0.00
randomArrays.txt,3,733,0.086200,0.000000,0.00
randomArrays.txt,1,759,0.100900,0.000000,0.00
randomArrays.txt,2,759,0.096900,0.000000,0.00
randomArrays.txt,3,759,0.098700,0.000000,0.00
randomArrays.txt,1,177,0.017500,0.000000,0.00
randomArrays.txt,2,177,0.017100,0.000000,0.00
randomArrays.txt,3,177,0.018200,0.000000,0.00
randomArrays.txt,1,53,0.005500,0.000000,0.00
randomArrays.txt,2,53,0.004500,0.000000,0.00
randomArrays.txt,3,53,0.004700,0.000000,0.00
randomArrays.txt,1,429,0.044600,0.000000,0.00
randomArrays.txt,2,429,0.081800,0.000000,0.00
randomArrays.txt,3,429,0.047500,0.000000,0.00
randomArrays.txt,1,508,0.051800,0.000000,0.00
randomArrays.txt,2,508,0.050300,0.000000,0.00
randomArrays.txt,3,508,0.058700,0.000000,0.00
randomArrays.txt,1,919,0.188500,0.000000,0.00
randomArrays.txt,2,919,0.107400,0.000000,0.00
randomArrays.txt,3,919,0.104000,0.000000,0.00
randomArrays.txt,1,412,0.051000,0.000000,0.00
randomArrays.txt,2,412,0.047300,0.000000,0.00
randomArrays.txt,3,412,0.046500,0.000000,0.00
randomArrays.txt,1,503,0.053200,0.000000,0.00
randomArrays.txt,2,503,0.062300,0.000000,0.00
randomArrays.txt,3,503,0.049400,0.000000,0.00
randomArrays.txt,1,115,0.011500,0.000000,0.00
randomArrays.txt,2,115,0.010100,0.000000,0.00
randomArrays.txt,3,115,0.009400,0.000000,0.00
randomArrays.txt,1,851,0.106400,0.000000,0.00
randomArrays.txt,2,851,0.087100,0.000000,0.00
randomArrays.txt,3,851,0.102600,0.000000,0.00
randomArrays.txt,1,848,0.106300,0.000000,0.00
randomArrays.txt,2,848,0.105400,0.000000,0.00
randomArrays.txt,3,848,0.389200,0.000000,0.00
randomArrays.txt,1,652,0.084700,0.000000,0.00
randomArrays.txt,2,652,0.078700,0.000000,0.00
randomArrays.txt,3,652,0.077400,0.000000,0.00
randomArrays.txt,1,693,0.093600,0.000000,0.00
randomArrays.txt,2,693,0.087600,0.000000,0.00
randomArrays.txt,3,693,0.082600,0.000000,0.00
randomArrays.txt,1,662,0.080700,0.000000,0.00
randomArrays.txt,2,662,0.079700,0.000000,0.00
randomArrays.txt,3,662,0.079700,0.000000,0.00
randomArrays.txt,1,815,0.088200,0.000000,0.00
randomArrays.txt,2,815,0.094900,0.000000,0.00
randomArrays.txt,3,815,0.124800,0.000000,0.00
randomArrays.txt,1,679,0.083900,0.000000,0.00
randomArrays.txt,2,679,0.082300,0.000000,0.00
randomArrays.txt,3,679,0.081600,0.000000,0.00
randomArrays.txt,1,141,0.014500,0.000000,0.00
randomArrays.txt,2,141,0.013900,0.000000,0.00
randomArrays.txt,3,141,0.013500,0.000000,0.00
randomArrays.txt,1,458,0.055500,0.000000,0.00
randomArrays.txt,2,458,0.045000,0.000000,0.00
randomArrays.txt,3,458,0.053000,0.000000,0.00
randomArrays.txt,1,378,0.046200,0.000000,0.00
randomArrays.txt,2,378,0.070300,0.000000,0.00
randomArrays.txt,3,378,0.044400,0.000000,0.00
randomArrays.txt,1,662,0.084900,0.000000,0.00
randomArrays.txt,2,662,0.066300,0.000000,0.00
randomArrays.txt,3,662,0.080600,0.000000,0.00
randomArrays.txt,1,809,0.100400,0.000000,0.00
randomArrays.txt,2,809,0.096000,0.000000,0.00
randomArrays.txt,3,809,0.094400,0.000000,0.00
randomArrays.txt,1,960,0.115800,0.000000,0.00
randomArrays.txt,2,960,0.116100,0.000000,0.00
randomArrays.txt,3,960,0.118800,0.000000,0.00
randomArrays.txt,1,454,0.056800,0.000000,0.00
randomArrays.txt,2,454,0.053600,0.000000,0.00
randomArrays.txt,3,454,0.051200,0.000000,0.00
randomArrays.txt,1,513,0.064000,0.000000,0.00
randomArrays.txt,2,513,0.063700,0.000000,0.00
randomArrays.txt,3,513,0.067500,0.000000,0.00
randomArrays.txt,1,965,0.135300,0.000000,0.00
randomArrays.txt,2,965,0.106700,0.000000,0.00
randomArrays.txt,3,965,0.105000,0.000000,0.00
randomArrays.txt,1,855,0.136400,0.000000,0.00
randomArrays.txt,2,855,0.150700,0.000000,0.00
randomArrays.txt,3,855,0.122800,0.000000,0.00
randomArrays.txt,1,257,0.028000,0.000000,0.00
randomArrays.txt,2,257,0.025700,0.000000,0.00
randomArrays.txt,3,257,0.026500,0.000000,0.00
randomArrays.txt,1,932,0.128600,0.000000,0.00
randomArrays.txt,2,932,0.114700,0.000000,0.00
randomArrays.txt,3,932,0.116800,0.000000,0.00
randomArrays.txt,1,112,0.011300,0.000000,0.00
randomArrays.txt,2,112,0.010400,0.000000,0.00
randomArrays.txt,3,112,0.010200,0.000000,0.00
randomArrays.txt,1,264,0.028700,0.000000,0.00
randomArrays.txt,2,264,0.026700,0.000000,0.00
randomArrays.txt,3,264,0.025300,0.000000,0.00
randomArrays.txt,1,404,0.047000,0.000000,0.00
randomArrays.txt,2,404,0.045300,0.000000,0.00
randomArrays.txt,3,404,0.043200,0.000000,0.00
randomArrays.txt,1,830,0.102600,0.000000,0.00
randomArrays.txt,2,830,0.099700,0.000000,0.00
randomArrays.txt,3,830,0.097900,0.000000,0.00
randomArrays.txt,1,115,0.011400,0.000000,0.00
randomArrays.txt,2,115,0.010500,0.000000,0.00
randomArrays.txt,3,115,0.010100,0.000000,0.00
randomArrays.txt,1,906,0.115100,0.000000,0.00
randomArrays.txt,2,906,0.105600,0.000000,0.00
randomArrays.txt,3,906,0.110000,0.000000,0.00
