dataset,run,arraylength,time,cputime,memory
randomArrays,1,469,46.88,46.88,5915.48
randomArrays,1,783,0.56,0.00,116.10
randomArrays,1,464,0.12,0.00,115.48
randomArrays,1,267,0.08,0.00,115.09
randomArrays,1,828,0.15,0.00,116.19
randomArrays,1,607,0.12,0.00,115.76
randomArrays,1,319,0.13,0.00,115.20
randomArrays,1,431,0.09,0.00,115.41
randomArrays,1,941,0.21,0.00,231.44
randomArrays,1,937,0.12,0.00,231.89
randomArrays,1,619,0.13,0.00,115.78
randomArrays,1,370,0.10,0.00,115.30
randomArrays,1,478,0.11,0.00,115.51
randomArrays,1,107,0.05,0.00,114.78
randomArrays,1,910,0.21,0.00,234.48
randomArrays,1,381,0.10,0.00,115.31
randomArrays,1,699,0.15,0.00,115.94
randomArrays,1,452,0.07,0.00,115.45
randomArrays,1,882,0.11,0.00,116.30
randomArrays,1,697,0.16,0.00,115.93
randomArrays,1,39,0.05,0.00,114.65
randomArrays,1,382,0.10,0.00,115.32
randomArrays,1,980,0.14,0.00,231.06
randomArrays,1,202,0.06,0.00,114.97
randomArrays,1,674,0.11,0.00,115.89
randomArrays,1,184,0.08,0.00,114.93
randomArrays,1,853,0.13,0.00,116.23
randomArrays,1,101,0.07,0.00,114.77
randomArrays,1,329,0.13,0.00,115.21
randomArrays,1,837,0.16,0.00,116.20
randomArrays,1,952,0.22,0.00,231.02
randomArrays,1,676,0.16,0.00,115.89
randomArrays,1,248,0.05,0.00,115.05
randomArrays,1,845,0.22,0.00,116.22
randomArrays,1,707,0.09,0.00,115.95
randomArrays,1,458,0.06,0.00,115.47
randomArrays,1,219,0.04,0.00,115.00
randomArrays,1,268,0.05,0.00,115.09
randomArrays,1,201,0.06,0.00,114.96
randomArrays,1,520,0.10,0.00,115.59
randomArrays,1,832,0.16,0.00,116.20
randomArrays,1,800,0.13,0.00,116.13
randomArrays,1,753,0.12,0.00,116.04
randomArrays,1,286,0.06,0.00,115.13
randomArrays,1,841,0.13,0.00,116.21
randomArrays,1,240,0.04,0.00,115.04
randomArrays,1,370,0.06,0.00,115.30
randomArrays,1,287,0.05,0.00,115.13
randomArrays,1,89,0.03,0.00,114.74
randomArrays,1,881,0.10,0.00,116.29
randomArrays,1,187,0.04,0.00,114.94
randomArrays,1,373,0.06,0.00,115.30
randomArrays,1,194,0.08,0.00,114.95
randomArrays,1,382,0.10,0.00,115.32
randomArrays,1,826,0.11,0.00,116.19
randomArrays,1,781,0.12,0.00,116.09
randomArrays,1,814,0.12,0.00,116.16
randomArrays,1,525,0.09,0.00,115.59
randomArrays,1,136,0.07,0.00,114.84
randomArrays,1,454,0.07,0.00,115.46
randomArrays,1,563,0.07,0.00,115.67
randomArrays,1,226,0.05,0.00,115.02
randomArrays,1,345,0.05,0.00,115.24
randomArrays,1,514,0.07,0.00,115.58
randomArrays,1,871,0.10,0.00,116.27
randomArrays,1,939,0.15,0.00,231.90
randomArrays,1,397,0.07,0.00,115.34
randomArrays,1,429,0.09,0.00,115.41
randomArrays,1,421,0.08,0.00,115.39
randomArrays,1,747,0.09,0.00,116.03
randomArrays,1,19,0.03,0.00,114.61
randomArrays,1,74,0.03,0.00,114.72
randomArrays,1,259,0.05,0.00,115.08
randomArrays,1,846,0.16,0.00,116.23
randomArrays,1,789,0.10,0.00,116.11
randomArrays,1,671,0.10,0.00,115.88
randomArrays,1,368,0.06,0.00,115.29
randomArrays,1,448,0.08,0.00,115.45
randomArrays,1,237,0.08,0.00,115.03
randomArrays,1,627,0.10,0.00,115.80
randomArrays,1,584,0.11,0.00,115.71
randomArrays,1,328,0.05,0.00,115.21
randomArrays,1,606,0.09,0.00,115.76
randomArrays,1,563,0.09,0.00,115.67
randomArrays,1,774,0.11,0.00,116.09
randomArrays,1,206,0.06,0.00,114.98
randomArrays,1,907,0.25,0.00,234.46
randomArrays,1,37,0.06,0.00,114.64
randomArrays,1,878,0.13,0.00,116.29
randomArrays,1,284,0.05,0.00,115.13
randomArrays,1,853,0.10,0.00,116.23
randomArrays,1,247,0.06,0.00,115.05
randomArrays,1,241,0.05,0.00,115.04
randomArrays,1,348,0.05,0.00,115.25
randomArrays,1,814,0.10,0.00,116.16
randomArrays,1,245,0.06,0.00,115.05
randomArrays,1,335,0.08,0.00,115.23
randomArrays,1,497,0.08,0.00,115.54
randomArrays,1,280,0.12,0.00,115.12
randomArrays,1,664,0.15,0.00,115.87
randomArrays,1,523,0.11,0.00,115.59
randomArrays,1,841,0.16,0.00,116.21
randomArrays,1,290,0.11,0.00,115.14
randomArrays,1,158,0.05,0.00,114.88
randomArrays,1,783,0.09,0.00,116.10
randomArrays,1,638,0.08,0.00,115.82
randomArrays,1,314,0.10,0.00,115.19
randomArrays,1,484,0.06,0.00,115.52
randomArrays,1,972,0.11,0.00,231.10
randomArrays,1,652,0.08,0.00,115.84
randomArrays,1,543,0.07,0.00,115.63
randomArrays,1,487,0.06,0.00,115.52
randomArrays,1,686,0.08,0.00,115.91
randomArrays,1,183,0.04,0.00,114.93
randomArrays,1,572,0.07,0.00,115.69
randomArrays,1,747,0.09,0.00,116.03
randomArrays,1,780,0.13,0.00,116.09
randomArrays,1,828,0.11,0.00,116.19
randomArrays,1,591,0.07,0.00,115.73
randomArrays,1,415,0.08,0.00,115.38
randomArrays,1,648,0.13,0.00,115.84
randomArrays,1,204,0.06,0.00,114.97
randomArrays,1,510,0.08,0.00,115.57
randomArrays,1,422,0.28,0.00,115.40
randomArrays,1,541,0.08,0.00,115.63
randomArrays,1,875,0.16,0.00,116.28
randomArrays,1,742,0.14,0.00,116.02
randomArrays,1,384,0.08,0.00,115.32
randomArrays,1,266,0.06,0.00,115.09
randomArrays,1,137,0.07,0.00,114.84
randomArrays,1,970,0.15,0.00,231.10
randomArrays,1,685,0.09,0.00,115.91
randomArrays,1,665,0.08,0.00,115.87
randomArrays,1,319,0.07,0.00,115.20
randomArrays,1,808,0.15,0.00,116.15
randomArrays,1,143,0.08,0.00,114.85
randomArrays,1,147,0.07,0.00,114.86
randomArrays,1,929,0.15,0.00,232.77
randomArrays,1,906,0.12,0.00,234.45
randomArrays,1,425,0.09,0.00,115.40
randomArrays,1,736,0.09,0.00,116.01
randomArrays,1,65,0.04,0.00,114.70
randomArrays,1,305,0.08,0.00,115.16
randomArrays,1,194,0.05,0.00,114.95
randomArrays,1,545,0.08,0.00,115.63
randomArrays,1,49,0.03,0.00,114.66
randomArrays,1,731,0.19,0.00,116.00
randomArrays,1,712,0.19,0.00,115.96
randomArrays,1,732,0.12,0.00,116.00
randomArrays,1,57,0.03,0.00,114.68
randomArrays,1,983,0.17,0.00,231.13
randomArrays,1,345,0.05,0.00,115.24
randomArrays,1,152,0.04,0.00,114.87
randomArrays,1,963,0.11,0.00,231.03
randomArrays,1,544,0.11,0.00,115.63
randomArrays,1,870,0.13,0.00,116.27
randomArrays,1,557,0.11,0.00,115.66
randomArrays,1,168,0.05,0.00,114.90
randomArrays,1,373,0.07,0.00,115.30
randomArrays,1,416,0.08,0.00,115.38
randomArrays,1,942,0.13,0.00,231.45
randomArrays,1,966,0.11,0.00,231.04
randomArrays,1,363,0.05,0.00,115.28
randomArrays,1,955,0.11,0.00,231.02
randomArrays,1,626,0.08,0.00,115.80
randomArrays,1,948,0.11,0.00,231.01
randomArrays,1,193,0.04,0.00,114.95
randomArrays,1,361,0.05,0.00,115.27
randomArrays,1,195,0.04,0.00,114.95
randomArrays,1,905,0.12,0.00,234.45
randomArrays,1,105,0.05,0.00,114.77
randomArrays,1,750,0.12,0.00,116.04
randomArrays,1,565,0.10,0.00,115.67
randomArrays,1,538,0.09,0.00,115.63
randomArrays,1,488,0.09,0.00,115.52
randomArrays,1,30,0.08,0.00,114.63
randomArrays,1,554,0.07,0.00,115.66
randomArrays,1,407,0.06,0.00,115.37
randomArrays,1,958,0.10,0.00,231.05
randomArrays,1,137,0.04,0.00,114.84
randomArrays,1,101,0.08,0.00,114.77
randomArrays,1,633,0.08,0.00,115.80
randomArrays,1,44,0.08,0.00,114.66
randomArrays,1,738,0.10,0.00,116.02
randomArrays,1,763,0.09,0.00,116.06
randomArrays,1,319,0.08,0.00,115.20
randomArrays,1,682,0.08,0.00,115.91
randomArrays,1,820,0.23,0.00,116.17
randomArrays,1,896,0.13,0.00,119.84
randomArrays,1,712,0.11,0.00,115.96
randomArrays,1,554,0.10,0.00,115.66
randomArrays,1,940,0.11,0.00,231.44
randomArrays,1,787,0.11,0.00,116.11
randomArrays,1,255,0.04,0.00,115.07
randomArrays,1,135,0.09,0.00,114.84
randomArrays,1,546,0.07,0.00,115.64
randomArrays,1,643,0.08,0.00,115.83
randomArrays,1,197,0.04,0.00,114.95
randomArrays,1,643,0.08,0.00,115.83
randomArrays,1,858,0.13,0.00,116.25
randomArrays,1,134,0.07,0.00,114.84
randomArrays,1,133,0.05,0.00,114.83
randomArrays,1,317,0.07,0.00,115.19
randomArrays,1,312,0.10,0.00,115.18
randomArrays,1,160,0.06,0.00,114.88
randomArrays,1,838,0.21,0.00,116.21
randomArrays,1,316,0.10,0.00,115.19
randomArrays,1,111,0.08,0.00,114.79
randomArrays,1,530,0.10,0.00,115.61
randomArrays,1,827,0.14,0.00,116.19
randomArrays,1,994,0.14,0.00,231.09
randomArrays,1,348,0.08,0.00,115.25
randomArrays,1,652,0.10,0.00,115.84
randomArrays,1,339,0.08,0.00,115.23
randomArrays,1,908,0.11,0.00,234.46
randomArrays,1,655,0.13,0.00,115.85
randomArrays,1,899,0.17,0.00,119.86
randomArrays,1,377,0.08,0.00,115.30
randomArrays,1,793,0.11,0.00,116.12
randomArrays,1,12,0.04,0.00,114.59
randomArrays,1,236,0.05,0.00,115.03
randomArrays,1,851,0.10,0.00,116.23
randomArrays,1,462,0.06,0.00,115.48
randomArrays,1,49,0.03,0.00,114.66
randomArrays,1,649,0.08,0.00,115.84
randomArrays,1,299,0.05,0.00,115.16
randomArrays,1,796,0.13,0.00,116.13
randomArrays,1,227,0.06,0.00,115.02
randomArrays,1,929,0.10,0.00,232.77
randomArrays,1,166,0.04,0.00,114.90
randomArrays,1,277,0.05,0.00,115.11
randomArrays,1,179,0.04,0.00,114.92
randomArrays,1,809,0.19,0.00,116.15
randomArrays,1,232,0.06,0.00,115.02
randomArrays,1,247,0.06,0.00,115.05
randomArrays,1,99,0.09,0.00,114.77
randomArrays,1,649,0.08,0.00,115.84
randomArrays,1,15,0.06,0.00,114.60
randomArrays,1,646,0.10,0.00,115.84
randomArrays,1,463,0.13,0.00,115.48
randomArrays,1,587,0.12,0.00,115.72
randomArrays,1,898,0.16,0.00,119.85
randomArrays,1,643,0.10,0.00,115.83
randomArrays,1,840,0.14,0.00,116.21
randomArrays,1,708,0.10,0.00,115.95
randomArrays,1,214,0.04,0.00,114.99
randomArrays,1,565,0.09,0.00,115.67
randomArrays,1,157,0.05,0.00,114.88
randomArrays,1,265,0.06,0.00,115.09
randomArrays,1,171,0.04,0.00,114.91
randomArrays,1,136,0.03,0.00,114.84
randomArrays,1,290,0.05,0.00,115.14
randomArrays,1,96,0.03,0.00,114.76
randomArrays,1,11,0.03,0.00,114.59
randomArrays,1,311,0.05,0.00,115.18
randomArrays,1,566,0.15,0.00,115.68
randomArrays,1,328,0.12,0.00,115.21
randomArrays,1,358,0.06,0.00,115.27
randomArrays,1,674,0.09,0.00,115.89
randomArrays,1,490,0.09,0.00,115.53
randomArrays,1,36,0.05,0.00,114.64
randomArrays,1,408,0.08,0.00,115.37
randomArrays,1,49,0.08,0.00,114.66
randomArrays,1,581,0.08,0.00,115.70
randomArrays,1,879,0.10,0.00,116.29
randomArrays,1,61,0.03,0.00,114.69
randomArrays,1,656,0.08,0.00,115.85
randomArrays,1,411,0.06,0.00,115.38
randomArrays,1,361,0.05,0.00,115.27
randomArrays,1,994,0.17,0.00,231.09
randomArrays,1,416,0.06,0.00,115.38
randomArrays,1,966,0.17,0.00,231.04
randomArrays,1,92,0.04,0.00,114.75
randomArrays,1,429,0.07,0.00,115.41
randomArrays,1,658,0.12,0.00,115.86
randomArrays,1,877,0.17,0.00,116.28
randomArrays,1,780,0.13,0.00,116.09
randomArrays,1,669,0.10,0.00,115.88
randomArrays,1,394,0.09,0.00,115.34
randomArrays,1,892,0.12,0.00,119.81
randomArrays,1,180,0.05,0.00,114.92
randomArrays,1,829,0.13,0.00,116.19
randomArrays,1,255,0.05,0.00,115.07
randomArrays,1,374,0.05,0.00,115.30
randomArrays,1,37,0.03,0.00,114.64
randomArrays,1,919,0.11,0.00,232.73
randomArrays,1,850,0.10,0.00,116.23
randomArrays,1,930,0.11,0.00,232.78
randomArrays,1,419,0.06,0.00,115.39
randomArrays,1,720,0.08,0.00,115.98
randomArrays,1,378,0.16,0.00,115.31
randomArrays,1,815,0.17,0.00,116.16
randomArrays,1,566,0.11,0.00,115.68
randomArrays,1,623,0.15,0.00,115.79
randomArrays,1,597,0.11,0.00,115.73
randomArrays,1,148,0.08,0.00,114.86
randomArrays,1,580,0.09,0.00,115.70
randomArrays,1,244,0.06,0.00,115.05
randomArrays,1,703,0.11,0.00,115.95
randomArrays,1,743,0.14,0.00,116.02
randomArrays,1,923,0.18,0.00,232.75
randomArrays,1,284,0.07,0.00,115.13
randomArrays,1,35,0.08,0.00,114.64
randomArrays,1,941,0.11,0.00,231.44
randomArrays,1,39,0.03,0.00,114.65
randomArrays,1,276,0.05,0.00,115.11
randomArrays,1,494,0.08,0.00,115.54
randomArrays,1,547,0.09,0.00,115.64
randomArrays,1,837,0.14,0.00,116.20
randomArrays,1,183,0.05,0.00,114.93
randomArrays,1,360,0.09,0.00,115.27
randomArrays,1,627,0.13,0.00,115.80
randomArrays,1,833,0.41,0.00,116.20
randomArrays,1,491,0.08,0.00,115.53
randomArrays,1,623,0.09,0.00,115.79
randomArrays,1,850,0.19,0.00,116.23
randomArrays,1,35,0.03,0.00,114.64
randomArrays,1,584,0.18,0.00,115.71
randomArrays,1,34,0.04,0.00,114.64
randomArrays,1,335,0.07,0.00,115.23
randomArrays,1,145,0.05,0.00,114.85
randomArrays,1,61,0.05,0.00,114.69
randomArrays,1,88,0.05,0.00,114.74
randomArrays,1,442,0.07,0.00,115.44
randomArrays,1,729,0.13,0.00,115.99
randomArrays,1,312,0.05,0.00,115.18
randomArrays,1,620,0.08,0.00,115.78
randomArrays,1,77,0.04,0.00,114.72
randomArrays,1,784,0.09,0.00,116.10
randomArrays,1,720,0.13,0.00,115.98
randomArrays,1,796,0.15,0.00,116.13
randomArrays,1,81,0.04,0.00,114.73
randomArrays,1,900,0.12,0.00,119.86
randomArrays,1,570,0.07,0.00,115.69
randomArrays,1,749,0.09,0.00,116.03
randomArrays,1,723,0.12,0.00,115.98
randomArrays,1,54,0.03,0.00,114.68
randomArrays,1,261,0.05,0.00,115.08
randomArrays,1,831,0.19,0.00,116.20
randomArrays,1,133,0.06,0.00,114.83
randomArrays,1,165,0.06,0.00,114.89
randomArrays,1,441,0.06,0.00,115.43
randomArrays,1,782,0.09,0.00,116.10
randomArrays,1,384,0.06,0.00,115.32
randomArrays,1,283,0.08,0.00,115.13
randomArrays,1,71,0.04,0.00,114.71
randomArrays,1,374,0.12,0.00,115.30
randomArrays,1,204,0.04,0.00,114.97
randomArrays,1,437,0.08,0.00,115.42
randomArrays,1,662,0.08,0.00,115.87
randomArrays,1,821,0.10,0.00,116.17
randomArrays,1,198,0.07,0.00,114.96
randomArrays,1,776,0.10,0.00,116.09
randomArrays,1,124,0.04,0.00,114.81
randomArrays,1,202,0.04,0.00,114.97
randomArrays,1,806,0.12,0.00,116.15
randomArrays,1,448,0.09,0.00,115.45
randomArrays,1,383,0.05,0.00,115.32
randomArrays,1,992,0.12,0.00,231.09
randomArrays,1,714,0.08,0.00,115.97
randomArrays,1,528,0.12,0.00,115.60
randomArrays,1,137,0.04,0.00,114.84
randomArrays,1,122,0.08,0.00,114.81
randomArrays,1,883,0.12,0.00,116.30
randomArrays,1,614,0.07,0.00,115.77
randomArrays,1,841,0.10,0.00,116.21
randomArrays,1,471,0.06,0.00,115.49
randomArrays,1,871,0.10,0.00,116.27
randomArrays,1,938,0.10,0.00,231.90
randomArrays,1,238,0.04,0.00,115.04
randomArrays,1,772,0.09,0.00,116.08
randomArrays,1,334,0.05,0.00,115.23
randomArrays,1,274,0.05,0.00,115.11
randomArrays,1,385,0.06,0.00,115.32
randomArrays,1,455,0.06,0.00,115.46
randomArrays,1,202,0.10,0.00,114.97
randomArrays,1,349,0.06,0.00,115.25
randomArrays,1,170,0.06,0.00,114.91
randomArrays,1,365,0.08,0.00,115.28
randomArrays,1,921,0.14,0.00,232.74
randomArrays,1,368,0.09,0.00,115.29
randomArrays,1,851,0.14,0.00,116.23
randomArrays,1,736,0.12,0.00,116.01
randomArrays,1,64,0.04,0.00,114.70
randomArrays,1,371,0.08,0.00,115.30
randomArrays,1,962,0.17,0.00,231.03
randomArrays,1,758,0.13,0.00,116.05
randomArrays,1,565,0.11,0.00,115.67
randomArrays,1,246,0.06,0.00,115.05
randomArrays,1,390,0.08,0.00,115.34
randomArrays,1,833,0.12,0.00,116.20
randomArrays,1,359,0.07,0.00,115.27
randomArrays,1,647,0.13,0.00,115.84
randomArrays,1,830,0.20,0.00,116.20
randomArrays,1,790,0.11,0.00,116.12
randomArrays,1,789,0.14,0.00,116.11
randomArrays,1,33,0.04,0.00,114.63
randomArrays,1,324,0.08,0.00,115.20
randomArrays,1,460,0.09,0.00,115.47
randomArrays,1,660,0.08,0.00,115.86
randomArrays,1,553,0.07,0.00,115.65
randomArrays,1,181,0.04,0.00,114.92
randomArrays,1,106,0.03,0.00,114.78
randomArrays,1,198,0.06,0.00,114.96
randomArrays,1,795,0.20,0.00,116.13
randomArrays,1,149,0.05,0.00,114.86
randomArrays,1,42,0.04,0.00,114.66
randomArrays,1,538,0.10,0.00,115.63
randomArrays,1,405,0.06,0.00,115.36
randomArrays,1,741,0.08,0.00,116.02
randomArrays,1,88,0.03,0.00,114.74
randomArrays,1,896,0.10,0.00,119.84
randomArrays,1,574,0.09,0.00,115.70
randomArrays,1,34,0.03,0.00,114.64
randomArrays,1,83,0.03,0.00,114.73
randomArrays,1,311,0.05,0.00,115.18
randomArrays,1,168,0.04,0.00,114.90
randomArrays,1,720,0.09,0.00,115.98
randomArrays,1,499,0.11,0.00,115.55
randomArrays,1,280,0.06,0.00,115.12
randomArrays,1,960,0.14,0.00,231.03
randomArrays,1,351,0.09,0.00,115.26
randomArrays,1,840,0.15,0.00,116.21
randomArrays,1,826,0.10,0.00,116.19
randomArrays,1,780,0.11,0.00,116.09
randomArrays,1,592,0.11,0.00,115.73
randomArrays,1,601,0.11,0.00,115.74
randomArrays,1,924,0.13,0.00,232.75
randomArrays,1,630,0.10,0.00,115.80
randomArrays,1,738,0.12,0.00,116.02
randomArrays,1,43,0.04,0.00,114.66
randomArrays,1,546,0.09,0.00,115.64
randomArrays,1,118,0.05,0.00,114.80
randomArrays,1,812,0.14,0.00,116.16
randomArrays,1,636,0.11,0.00,115.81
randomArrays,1,253,0.05,0.00,115.06
randomArrays,1,443,0.06,0.00,115.44
randomArrays,1,292,0.07,0.00,115.14
randomArrays,1,723,0.08,0.00,115.98
randomArrays,1,398,0.08,0.00,115.35
randomArrays,1,368,0.09,0.00,115.29
randomArrays,1,534,0.09,0.00,115.62
randomArrays,1,899,0.19,0.00,119.86
randomArrays,1,137,0.07,0.00,114.84
randomArrays,1,187,0.06,0.00,114.94
randomArrays,1,164,0.07,0.00,114.89
randomArrays,1,735,0.13,0.00,116.01
randomArrays,1,524,0.11,0.00,115.59
randomArrays,1,512,0.09,0.00,115.57
randomArrays,1,15,0.03,0.00,114.60
randomArrays,1,737,0.10,0.00,116.01
randomArrays,1,616,0.14,0.00,115.77
randomArrays,1,349,0.08,0.00,115.25
randomArrays,1,645,0.12,0.00,115.83
randomArrays,1,502,0.10,0.00,115.55
randomArrays,1,932,0.13,0.00,231.88
randomArrays,1,778,0.14,0.00,116.09
randomArrays,1,126,0.04,0.00,114.82
randomArrays,1,836,0.10,0.00,116.20
randomArrays,1,911,0.10,0.00,234.48
randomArrays,1,265,0.07,0.00,115.09
randomArrays,1,694,0.08,0.00,115.93
randomArrays,1,188,0.07,0.00,114.94
randomArrays,1,282,0.06,0.00,115.13
randomArrays,1,347,0.09,0.00,115.25
randomArrays,1,768,0.10,0.00,116.07
randomArrays,1,778,0.12,0.00,116.09
randomArrays,1,549,0.12,0.00,115.64
randomArrays,1,12,0.04,0.00,114.59
randomArrays,1,336,0.14,0.00,115.23
randomArrays,1,949,0.15,0.00,231.00
randomArrays,1,179,0.04,0.00,114.92
randomArrays,1,634,0.08,0.00,115.81
randomArrays,1,38,0.04,0.00,114.65
randomArrays,1,123,0.06,0.00,114.81
randomArrays,1,282,0.06,0.00,115.13
randomArrays,1,452,0.08,0.00,115.45
randomArrays,1,217,0.07,0.00,114.99
randomArrays,1,629,0.22,0.00,115.80
randomArrays,1,275,0.08,0.00,115.11
randomArrays,1,66,0.03,0.00,114.70
randomArrays,1,308,0.05,0.00,115.17
randomArrays,1,809,0.10,0.00,116.15
randomArrays,1,634,0.12,0.00,115.81
randomArrays,1,478,0.10,0.00,115.51
randomArrays,1,336,0.07,0.00,115.23
randomArrays,1,672,0.20,0.00,115.88
randomArrays,1,583,0.10,0.00,115.71
randomArrays,1,413,0.06,0.00,115.38
randomArrays,1,683,0.11,0.00,115.91
randomArrays,1,463,0.28,0.00,115.48
randomArrays,1,267,0.07,0.00,115.09
randomArrays,1,73,0.03,0.00,114.71
randomArrays,1,641,0.07,0.00,115.82
randomArrays,1,827,0.10,0.00,116.19
randomArrays,1,864,0.10,0.00,116.26
randomArrays,1,672,0.08,0.00,115.88
randomArrays,1,948,0.16,0.00,231.01
randomArrays,1,523,0.07,0.00,115.59
randomArrays,1,113,0.05,0.00,114.79
randomArrays,1,855,0.23,0.00,116.24
randomArrays,1,764,0.12,0.00,116.06
randomArrays,1,559,0.16,0.00,115.66
randomArrays,1,256,0.06,0.00,115.07
randomArrays,1,861,0.15,0.00,116.25
randomArrays,1,215,0.06,0.00,114.99
randomArrays,1,610,0.09,0.00,115.77
randomArrays,1,133,0.05,0.00,114.83
randomArrays,1,721,0.10,0.00,115.98
randomArrays,1,826,0.18,0.00,116.19
randomArrays,1,732,0.20,0.00,116.00
randomArrays,1,218,0.08,0.00,115.00
randomArrays,1,897,0.15,0.00,119.84
randomArrays,1,95,0.03,0.00,114.76
randomArrays,1,596,0.07,0.00,115.73
randomArrays,1,333,0.05,0.00,115.22
randomArrays,1,139,0.04,0.00,114.84
randomArrays,1,90,0.05,0.00,114.75
randomArrays,1,724,0.11,0.00,115.98
randomArrays,1,24,0.05,0.00,114.62
randomArrays,1,182,0.06,0.00,114.93
randomArrays,1,440,0.08,0.00,115.43
randomArrays,1,521,0.10,0.00,115.59
randomArrays,1,653,0.10,0.00,115.84
randomArrays,1,422,0.10,0.00,115.40
randomArrays,1,919,0.13,0.00,232.73
randomArrays,1,399,0.10,0.00,115.35
randomArrays,1,148,0.05,0.00,114.86
randomArrays,1,651,0.09,0.00,115.84
randomArrays,1,953,0.18,0.00,231.03
randomArrays,1,205,0.06,0.00,114.97
randomArrays,1,713,0.13,0.00,115.96
randomArrays,1,335,0.09,0.00,115.23
randomArrays,1,800,0.15,0.00,116.13
randomArrays,1,263,0.08,0.00,115.09
randomArrays,1,305,0.08,0.00,115.16
randomArrays,1,772,0.11,0.00,116.08
randomArrays,1,760,0.11,0.00,116.05
randomArrays,1,985,0.11,0.00,231.07
randomArrays,1,468,0.07,0.00,115.48
randomArrays,1,542,0.09,0.00,115.63
randomArrays,1,137,0.03,0.00,114.84
randomArrays,1,877,0.10,0.00,116.28
randomArrays,1,407,0.06,0.00,115.37
randomArrays,1,13,0.06,0.00,114.59
randomArrays,1,857,0.10,0.00,116.24
randomArrays,1,961,0.11,0.00,231.02
randomArrays,1,963,0.11,0.00,231.03
randomArrays,1,792,0.09,0.00,116.12
randomArrays,1,190,0.04,0.00,114.95
randomArrays,1,859,0.17,0.00,116.25
randomArrays,1,989,0.18,0.00,231.09
randomArrays,1,816,0.19,0.00,116.16
randomArrays,1,950,0.15,0.00,231.02
randomArrays,1,241,0.07,0.00,115.04
randomArrays,1,957,0.11,0.00,231.02
randomArrays,1,155,0.05,0.00,114.88
randomArrays,1,625,0.08,0.00,115.79
randomArrays,1,573,0.07,0.00,115.69
randomArrays,1,278,0.11,0.00,115.12
randomArrays,1,67,0.06,0.00,114.70
randomArrays,1,785,0.15,0.00,116.10
randomArrays,1,576,0.08,0.00,115.70
randomArrays,1,949,0.18,0.00,231.00
randomArrays,1,274,0.05,0.00,115.11
randomArrays,1,827,0.09,0.00,116.19
randomArrays,1,246,0.04,0.00,115.05
randomArrays,1,497,0.09,0.00,115.54
randomArrays,1,98,0.03,0.00,114.77
randomArrays,1,87,0.06,0.00,114.74
randomArrays,1,362,0.27,0.00,115.28
randomArrays,1,748,0.11,0.00,116.03
randomArrays,1,553,0.09,0.00,115.65
randomArrays,1,931,0.16,0.00,232.78
randomArrays,1,24,0.05,0.00,114.62
randomArrays,1,836,0.09,0.00,116.20
randomArrays,1,524,0.07,0.00,115.59
randomArrays,1,286,0.06,0.00,115.13
randomArrays,1,379,0.06,0.00,115.31
randomArrays,1,654,0.08,0.00,115.85
randomArrays,1,795,0.23,0.00,116.13
randomArrays,1,335,0.06,0.00,115.23
randomArrays,1,218,0.05,0.00,115.00
randomArrays,1,390,0.06,0.00,115.34
randomArrays,1,80,0.08,0.00,114.73
randomArrays,1,602,0.08,0.00,115.75
randomArrays,1,687,0.08,0.00,115.91
randomArrays,1,573,0.07,0.00,115.69
randomArrays,1,857,0.10,0.00,116.24
randomArrays,1,484,0.06,0.00,115.52
randomArrays,1,633,0.14,0.00,115.80
randomArrays,1,393,0.09,0.00,115.34
randomArrays,1,953,0.13,0.00,231.03
randomArrays,1,718,0.09,0.00,115.98
randomArrays,1,330,0.10,0.00,115.22
randomArrays,1,273,0.06,0.00,115.10
randomArrays,1,323,0.06,0.00,115.20
randomArrays,1,971,0.13,0.00,231.16
randomArrays,1,156,0.06,0.00,114.88
randomArrays,1,971,0.11,0.00,231.16
randomArrays,1,202,0.08,0.00,114.97
randomArrays,1,201,0.07,0.00,114.96
randomArrays,1,230,0.06,0.00,115.02
randomArrays,1,953,0.19,0.00,231.03
randomArrays,1,399,0.09,0.00,115.35
randomArrays,1,354,0.07,0.00,115.27
randomArrays,1,334,0.08,0.00,115.23
randomArrays,1,538,0.07,0.00,115.63
randomArrays,1,238,0.06,0.00,115.04
randomArrays,1,415,0.07,0.00,115.38
randomArrays,1,498,0.07,0.00,115.55
randomArrays,1,193,0.05,0.00,114.95
randomArrays,1,125,0.03,0.00,114.81
randomArrays,1,100,0.03,0.00,114.77
randomArrays,1,742,0.09,0.00,116.02
randomArrays,1,588,0.07,0.00,115.72
randomArrays,1,355,0.06,0.00,115.27
randomArrays,1,923,0.11,0.00,232.75
randomArrays,1,167,0.04,0.00,114.90
randomArrays,1,518,0.09,0.00,115.59
randomArrays,1,649,0.13,0.00,115.84
randomArrays,1,280,0.07,0.00,115.12
randomArrays,1,842,0.16,0.00,116.22
randomArrays,1,586,0.12,0.00,115.72
randomArrays,1,519,0.07,0.00,115.59
randomArrays,1,112,0.03,0.00,114.79
randomArrays,1,320,0.06,0.00,115.20
randomArrays,1,955,0.13,0.00,231.02
randomArrays,1,61,0.05,0.00,114.69
randomArrays,1,709,0.13,0.00,115.95
randomArrays,1,671,0.08,0.00,115.88
randomArrays,1,437,0.06,0.00,115.42
randomArrays,1,917,0.11,0.00,232.73
randomArrays,1,499,0.07,0.00,115.55
randomArrays,1,503,0.07,0.00,115.55
randomArrays,1,676,0.10,0.00,115.89
randomArrays,1,594,0.08,0.00,115.73
randomArrays,1,48,0.05,0.00,114.66
randomArrays,1,590,0.14,0.00,115.73
randomArrays,1,861,0.13,0.00,116.25
randomArrays,1,363,0.08,0.00,115.28
randomArrays,1,969,0.22,0.00,231.06
randomArrays,1,912,0.12,0.00,234.48
randomArrays,1,779,0.11,0.00,116.09
randomArrays,1,301,0.05,0.00,115.16
randomArrays,1,545,0.07,0.00,115.63
randomArrays,1,24,0.05,0.00,114.62
randomArrays,1,953,0.20,0.00,231.03
randomArrays,1,440,0.07,0.00,115.43
randomArrays,1,997,0.12,0.00,231.21
randomArrays,1,661,0.15,0.00,115.86
randomArrays,1,583,0.09,0.00,115.71
randomArrays,1,478,0.08,0.00,115.51
randomArrays,1,220,0.06,0.00,115.00
randomArrays,1,458,0.08,0.00,115.47
randomArrays,1,783,0.11,0.00,116.10
randomArrays,1,554,0.08,0.00,115.66
randomArrays,1,167,0.04,0.00,114.90
randomArrays,1,338,0.08,0.00,115.23
randomArrays,1,321,0.05,0.00,115.20
randomArrays,1,993,0.11,0.00,231.09
randomArrays,1,414,0.06,0.00,115.38
randomArrays,1,630,0.07,0.00,115.80
randomArrays,1,572,0.07,0.00,115.69
randomArrays,1,119,0.07,0.00,114.80
randomArrays,1,852,0.13,0.00,116.23
randomArrays,1,392,0.15,0.00,115.34
randomArrays,1,744,0.14,0.00,116.02
randomArrays,1,767,0.11,0.00,116.07
randomArrays,1,419,0.09,0.00,115.39
randomArrays,1,186,0.04,0.00,114.94
randomArrays,1,498,0.07,0.00,115.55
randomArrays,1,369,0.06,0.00,115.29
randomArrays,1,545,0.07,0.00,115.63
randomArrays,1,585,0.07,0.00,115.71
randomArrays,1,232,0.07,0.00,115.02
randomArrays,1,683,0.10,0.00,115.91
randomArrays,1,373,0.07,0.00,115.30
randomArrays,1,67,0.03,0.00,114.70
randomArrays,1,47,0.03,0.00,114.66
randomArrays,1,353,0.06,0.00,115.26
randomArrays,1,165,0.04,0.00,114.89
randomArrays,1,822,0.10,0.00,116.18
randomArrays,1,207,0.04,0.00,114.98
randomArrays,1,365,0.07,0.00,115.28
randomArrays,1,33,0.04,0.00,114.63
randomArrays,1,324,0.08,0.00,115.20
randomArrays,1,533,0.07,0.00,115.61
randomArrays,1,467,0.06,0.00,115.48
randomArrays,1,653,0.08,0.00,115.84
randomArrays,1,262,0.10,0.00,115.09
randomArrays,1,26,0.08,0.00,114.63
randomArrays,1,705,0.18,0.00,115.95
randomArrays,1,945,0.11,0.00,231.22
randomArrays,1,145,0.05,0.00,114.85
randomArrays,1,987,0.11,0.00,231.08
randomArrays,1,40,0.03,0.00,114.65
randomArrays,1,418,0.08,0.00,115.39
randomArrays,1,20,0.04,0.00,114.61
randomArrays,1,618,0.15,0.00,115.78
randomArrays,1,463,0.06,0.00,115.48
randomArrays,1,310,0.05,0.00,115.18
randomArrays,1,753,0.09,0.00,116.04
randomArrays,1,203,0.06,0.00,114.97
randomArrays,1,756,0.10,0.00,116.05
randomArrays,1,998,0.18,0.00,231.22
randomArrays,1,631,0.09,0.00,115.80
randomArrays,1,788,0.18,0.00,116.11
randomArrays,1,364,0.08,0.00,115.28
randomArrays,1,435,0.08,0.00,115.42
randomArrays,1,379,0.06,0.00,115.31
randomArrays,1,208,0.07,0.00,114.98
randomArrays,1,503,0.09,0.00,115.55
randomArrays,1,97,0.07,0.00,114.76
randomArrays,1,266,0.07,0.00,115.09
randomArrays,1,828,0.12,0.00,116.19
randomArrays,1,319,0.05,0.00,115.20
randomArrays,1,898,0.10,0.00,119.85
randomArrays,1,380,0.12,0.00,115.31
randomArrays,1,450,0.10,0.00,115.45
randomArrays,1,142,0.04,0.00,114.85
randomArrays,1,434,0.08,0.00,115.42
randomArrays,1,96,0.05,0.00,114.76
randomArrays,1,641,0.14,0.00,115.82
randomArrays,1,538,0.15,0.00,115.63
randomArrays,1,502,0.08,0.00,115.55
randomArrays,1,599,0.10,0.00,115.74
randomArrays,1,299,0.06,0.00,115.16
randomArrays,1,620,0.11,0.00,115.78
randomArrays,1,606,0.07,0.00,115.76
randomArrays,1,282,0.06,0.00,115.13
randomArrays,1,205,0.04,0.00,114.97
randomArrays,1,504,0.07,0.00,115.55
randomArrays,1,315,0.07,0.00,115.19
randomArrays,1,739,0.09,0.00,116.02
randomArrays,1,226,0.06,0.00,115.02
randomArrays,1,239,0.10,0.00,115.04
randomArrays,1,656,0.10,0.00,115.85
randomArrays,1,467,0.08,0.00,115.48
randomArrays,1,855,0.10,0.00,116.24
randomArrays,1,12,0.03,0.00,114.59
randomArrays,1,751,0.09,0.00,116.04
randomArrays,1,426,0.06,0.00,115.41
randomArrays,1,735,0.13,0.00,116.01
randomArrays,1,321,0.10,0.00,115.20
randomArrays,1,522,0.09,0.00,115.59
randomArrays,1,888,0.13,0.00,116.30
randomArrays,1,118,0.03,0.00,114.80
randomArrays,1,813,0.10,0.00,116.16
randomArrays,1,547,0.07,0.00,115.64
randomArrays,1,860,0.15,0.00,116.25
randomArrays,1,189,0.05,0.00,114.94
randomArrays,1,668,0.09,0.00,115.88
randomArrays,1,583,0.07,0.00,115.71
randomArrays,1,489,0.07,0.00,115.52
randomArrays,1,414,0.06,0.00,115.38
randomArrays,1,905,0.19,0.00,234.45
randomArrays,1,742,0.09,0.00,116.02
randomArrays,1,358,0.06,0.00,115.27
randomArrays,1,741,0.09,0.00,116.02
randomArrays,1,470,0.10,0.00,115.49
randomArrays,1,111,0.04,0.00,114.79
randomArrays,1,546,0.14,0.00,115.64
randomArrays,1,591,0.11,0.00,115.73
randomArrays,1,884,0.25,0.00,116.30
randomArrays,1,684,0.12,0.00,115.91
randomArrays,1,975,0.17,0.00,231.05
randomArrays,1,739,0.13,0.00,116.02
randomArrays,1,725,0.14,0.00,115.98
randomArrays,1,893,0.20,0.00,119.82
randomArrays,1,16,0.03,0.00,114.60
randomArrays,1,467,0.11,0.00,115.48
randomArrays,1,307,0.07,0.00,115.17
randomArrays,1,235,0.05,0.00,115.03
randomArrays,1,377,0.08,0.00,115.30
randomArrays,1,448,0.06,0.00,115.45
randomArrays,1,999,0.17,0.00,231.22
randomArrays,1,98,0.03,0.00,114.77
randomArrays,1,456,0.06,0.00,115.46
randomArrays,1,118,0.04,0.00,114.80
randomArrays,1,406,0.07,0.00,115.37
randomArrays,1,33,0.03,0.00,114.63
randomArrays,1,517,0.09,0.00,115.58
randomArrays,1,248,0.06,0.00,115.05
randomArrays,1,61,0.04,0.00,114.69
randomArrays,1,547,0.07,0.00,115.64
randomArrays,1,602,0.07,0.00,115.75
randomArrays,1,579,0.07,0.00,115.70
randomArrays,1,972,0.16,0.00,231.10
randomArrays,1,653,0.09,0.00,115.84
randomArrays,1,866,0.14,0.00,116.27
randomArrays,1,417,0.07,0.00,115.38
randomArrays,1,386,0.07,0.00,115.33
randomArrays,1,349,0.11,0.00,115.25
randomArrays,1,598,0.12,0.00,115.74
randomArrays,1,856,0.21,0.00,116.24
randomArrays,1,152,0.05,0.00,114.87
randomArrays,1,436,0.07,0.00,115.42
randomArrays,1,356,0.06,0.00,115.27
randomArrays,1,598,0.07,0.00,115.74
randomArrays,1,578,0.07,0.00,115.70
randomArrays,1,786,0.15,0.00,116.11
randomArrays,1,124,0.07,0.00,114.81
randomArrays,1,439,0.10,0.00,115.43
randomArrays,1,492,0.11,0.00,115.53
randomArrays,1,207,0.06,0.00,114.98
randomArrays,1,100,0.06,0.00,114.77
randomArrays,1,591,0.12,0.00,115.73
randomArrays,1,397,0.07,0.00,115.34
randomArrays,1,295,0.08,0.00,115.15
randomArrays,1,733,0.14,0.00,116.00
randomArrays,1,231,0.04,0.00,115.02
randomArrays,1,565,0.07,0.00,115.67
randomArrays,1,910,0.11,0.00,234.48
randomArrays,1,74,0.03,0.00,114.72
randomArrays,1,647,0.08,0.00,115.84
randomArrays,1,456,0.11,0.00,115.46
randomArrays,1,954,0.11,0.00,231.02
randomArrays,1,495,0.11,0.00,115.54
randomArrays,1,487,0.07,0.00,115.52
randomArrays,1,559,0.13,0.00,115.66
randomArrays,1,512,0.06,0.00,115.57
randomArrays,1,247,0.08,0.00,115.05
randomArrays,1,219,0.04,0.00,115.00
randomArrays,1,839,0.10,0.00,116.21
randomArrays,1,887,0.10,0.00,116.30
randomArrays,1,942,0.13,0.00,231.45
randomArrays,1,920,0.10,0.00,232.73
randomArrays,1,868,0.10,0.00,116.27
randomArrays,1,25,0.03,0.00,114.62
randomArrays,1,174,0.04,0.00,114.91
randomArrays,1,818,0.09,0.00,116.17
randomArrays,1,660,0.08,0.00,115.86
randomArrays,1,592,0.07,0.00,115.73
randomArrays,1,942,0.12,0.00,231.45
randomArrays,1,962,0.14,0.00,231.03
randomArrays,1,254,0.07,0.00,115.07
randomArrays,1,527,0.07,0.00,115.60
randomArrays,1,786,0.13,0.00,116.11
randomArrays,1,179,0.05,0.00,114.92
randomArrays,1,678,0.08,0.00,115.90
randomArrays,1,950,0.11,0.00,231.02
randomArrays,1,538,0.07,0.00,115.63
randomArrays,1,185,0.07,0.00,114.93
randomArrays,1,689,0.11,0.00,115.91
randomArrays,1,161,0.05,0.00,114.88
randomArrays,1,509,0.09,0.00,115.56
randomArrays,1,376,0.06,0.00,115.30
randomArrays,1,766,0.09,0.00,116.07
randomArrays,1,706,0.08,0.00,115.95
randomArrays,1,644,0.13,0.00,115.83
randomArrays,1,758,0.14,0.00,116.05
randomArrays,1,747,0.14,0.00,116.03
randomArrays,1,349,0.07,0.00,115.25
randomArrays,1,574,0.07,0.00,115.70
randomArrays,1,888,0.10,0.00,116.30
randomArrays,1,235,0.08,0.00,115.03
randomArrays,1,653,0.08,0.00,115.84
randomArrays,1,630,0.10,0.00,115.80
randomArrays,1,76,0.05,0.00,114.72
randomArrays,1,436,0.08,0.00,115.42
randomArrays,1,771,0.22,0.00,116.08
randomArrays,1,217,0.07,0.00,114.99
randomArrays,1,419,0.09,0.00,115.39
randomArrays,1,860,0.12,0.00,116.25
randomArrays,1,288,0.07,0.00,115.13
randomArrays,1,280,0.05,0.00,115.12
randomArrays,1,242,0.04,0.00,115.05
randomArrays,1,602,0.07,0.00,115.75
randomArrays,1,44,0.03,0.00,114.66
randomArrays,1,547,0.07,0.00,115.64
randomArrays,1,860,0.12,0.00,116.25
randomArrays,1,737,0.09,0.00,116.01
randomArrays,1,738,0.09,0.00,116.02
randomArrays,1,725,0.09,0.00,115.98
randomArrays,1,684,0.11,0.00,115.91
randomArrays,1,233,0.08,0.00,115.02
randomArrays,1,342,0.06,0.00,115.24
randomArrays,1,855,0.16,0.00,116.24
randomArrays,1,861,0.18,0.00,116.25
randomArrays,1,566,0.11,0.00,115.68
randomArrays,1,406,0.09,0.00,115.37
randomArrays,1,192,0.07,0.00,114.95
randomArrays,1,850,0.18,0.00,116.23
randomArrays,1,609,0.12,0.00,115.76
randomArrays,1,18,0.04,0.00,114.61
randomArrays,1,482,0.06,0.00,115.52
randomArrays,1,264,0.05,0.00,115.09
randomArrays,1,319,0.08,0.00,115.20
randomArrays,1,252,0.06,0.00,115.06
randomArrays,1,342,0.07,0.00,115.24
randomArrays,1,252,0.06,0.00,115.06
randomArrays,1,205,0.08,0.00,114.97
randomArrays,1,942,0.18,0.00,231.45
randomArrays,1,744,0.09,0.00,116.02
randomArrays,1,537,0.07,0.00,115.62
randomArrays,1,501,0.07,0.00,115.55
randomArrays,1,853,0.10,0.00,116.23
randomArrays,1,341,0.05,0.00,115.23
randomArrays,1,800,0.09,0.00,116.13
randomArrays,1,857,0.10,0.00,116.24
randomArrays,1,427,0.08,0.00,115.41
randomArrays,1,647,0.08,0.00,115.84
randomArrays,1,76,0.03,0.00,114.72
randomArrays,1,677,0.11,0.00,115.89
randomArrays,1,579,0.07,0.00,115.70
randomArrays,1,731,0.12,0.00,116.00
randomArrays,1,704,0.15,0.00,115.95
randomArrays,1,266,0.10,0.00,115.09
randomArrays,1,961,0.22,0.00,231.02
randomArrays,1,263,0.07,0.00,115.09
randomArrays,1,434,0.11,0.00,115.42
randomArrays,1,484,0.10,0.00,115.52
randomArrays,1,163,0.05,0.00,114.89
randomArrays,1,984,0.20,0.00,231.09
randomArrays,1,211,0.07,0.00,114.98
randomArrays,1,185,0.04,0.00,114.93
randomArrays,1,467,0.14,0.00,115.48
randomArrays,1,214,0.07,0.00,114.99
randomArrays,1,35,0.03,0.00,114.64
randomArrays,1,141,0.03,0.00,114.84
randomArrays,1,559,0.07,0.00,115.66
randomArrays,1,706,0.12,0.00,115.95
randomArrays,1,68,0.04,0.00,114.70
randomArrays,1,12,0.04,0.00,114.59
randomArrays,1,405,0.06,0.00,115.36
randomArrays,1,288,0.05,0.00,115.13
randomArrays,1,955,0.10,0.00,231.02
randomArrays,1,50,0.03,0.00,114.67
randomArrays,1,752,0.11,0.00,116.04
randomArrays,1,695,0.16,0.00,115.93
randomArrays,1,186,0.08,0.00,114.94
randomArrays,1,737,0.16,0.00,116.01
randomArrays,1,948,0.11,0.00,231.01
randomArrays,1,151,0.06,0.00,114.87
randomArrays,1,46,0.03,0.00,114.66
randomArrays,1,968,0.11,0.00,231.05
randomArrays,1,333,0.08,0.00,115.22
randomArrays,1,189,0.04,0.00,114.94
randomArrays,1,190,0.08,0.00,114.95
randomArrays,1,589,0.11,0.00,115.72
randomArrays,1,230,0.08,0.00,115.02
randomArrays,1,535,0.12,0.00,115.62
randomArrays,1,189,0.05,0.00,114.94
randomArrays,1,948,0.14,0.00,231.01
randomArrays,1,834,0.30,0.00,116.20
randomArrays,1,273,0.07,0.00,115.10
randomArrays,1,773,0.15,0.00,116.08
randomArrays,1,342,0.09,0.00,115.24
randomArrays,1,995,0.15,0.00,231.12
randomArrays,1,221,0.04,0.00,115.00
randomArrays,1,519,0.07,0.00,115.59
randomArrays,1,479,0.08,0.00,115.51
randomArrays,1,155,0.05,0.00,114.88
randomArrays,1,756,0.14,0.00,116.05
randomArrays,1,658,0.08,0.00,115.86
randomArrays,1,213,0.04,0.00,114.98
randomArrays,1,467,0.06,0.00,115.48
randomArrays,1,191,0.04,0.00,114.95
randomArrays,1,744,0.09,0.00,116.02
randomArrays,1,122,0.06,0.00,114.81
randomArrays,1,178,0.04,0.00,114.92
randomArrays,1,760,0.09,0.00,116.05
randomArrays,1,524,0.07,0.00,115.59
randomArrays,1,264,0.07,0.00,115.09
randomArrays,1,733,0.09,0.00,116.00
randomArrays,1,759,0.09,0.00,116.05
randomArrays,1,177,0.04,0.00,114.91
randomArrays,1,53,0.04,0.00,114.67
randomArrays,1,429,0.07,0.00,115.41
randomArrays,1,508,0.13,0.00,115.56
randomArrays,1,919,0.21,0.00,232.73
randomArrays,1,412,0.09,0.00,115.38
randomArrays,1,503,0.07,0.00,115.55
randomArrays,1,115,0.03,0.00,114.80
randomArrays,1,851,0.14,0.00,116.23
randomArrays,1,848,0.17,0.00,116.23
randomArrays,1,652,0.30,0.00,115.84
randomArrays,1,693,0.26,0.00,115.92
randomArrays,1,662,0.20,0.00,115.87
randomArrays,1,815,0.31,0.00,116.16
randomArrays,1,679,0.38,0.00,115.90
randomArrays,1,141,0.08,0.00,114.84
randomArrays,1,458,0.10,0.00,115.47
randomArrays,1,378,0.21,0.00,115.31
randomArrays,1,662,0.20,0.00,115.87
randomArrays,1,809,0.24,0.00,116.15
randomArrays,1,960,0.27,0.00,231.03
randomArrays,1,454,0.20,0.00,115.46
randomArrays,1,513,0.46,0.00,115.57
randomArrays,1,965,0.28,0.00,231.03
randomArrays,1,855,0.24,0.00,116.24
randomArrays,1,257,0.13,0.00,115.07
randomArrays,1,932,0.53,0.00,231.88
randomArrays,1,112,0.07,0.00,114.79
randomArrays,1,264,0.05,0.00,115.09
randomArrays,1,404,0.09,0.00,115.36
randomArrays,1,830,0.09,0.00,116.20
randomArrays,1,115,0.05,0.00,114.80
randomArrays,1,906,0.30,0.00,234.45
randomArrays,2,469,0.11,0.00,160.98
randomArrays,2,783,0.15,0.00,161.59
randomArrays,2,464,0.07,0.00,160.97
randomArrays,2,267,0.05,0.00,160.59
randomArrays,2,828,0.14,0.00,161.68
randomArrays,2,607,0.08,0.00,161.25
randomArrays,2,319,0.07,0.00,160.69
randomArrays,2,431,0.10,0.00,160.91
randomArrays,2,941,0.11,0.00,161.90
randomArrays,2,937,0.11,0.00,161.89
randomArrays,2,619,0.11,0.00,161.27
randomArrays,2,370,0.10,0.00,160.79
randomArrays,2,478,0.09,0.00,161.00
randomArrays,2,107,0.05,0.00,160.27
randomArrays,2,910,0.12,0.00,161.84
randomArrays,2,381,0.08,0.00,160.80
randomArrays,2,699,0.08,0.00,161.43
randomArrays,2,452,0.06,0.00,160.95
randomArrays,2,882,0.15,0.00,161.79
randomArrays,2,697,0.09,0.00,161.42
randomArrays,2,39,0.03,0.00,160.14
randomArrays,2,382,0.06,0.00,160.81
randomArrays,2,980,0.14,0.00,161.98
randomArrays,2,202,0.05,0.00,160.46
randomArrays,2,674,0.14,0.00,161.38
randomArrays,2,184,0.04,0.00,160.42
randomArrays,2,853,0.09,0.00,161.73
randomArrays,2,101,0.03,0.00,160.26
randomArrays,2,329,0.09,0.00,160.70
randomArrays,2,837,0.12,0.00,161.70
randomArrays,2,952,0.14,0.00,161.92
randomArrays,2,676,0.16,0.00,161.38
randomArrays,2,248,0.05,0.00,160.55
randomArrays,2,845,0.16,0.00,161.71
randomArrays,2,707,0.09,0.00,161.45
randomArrays,2,458,0.09,0.00,160.96
randomArrays,2,219,0.06,0.00,160.49
randomArrays,2,268,0.05,0.00,160.59
randomArrays,2,201,0.04,0.00,160.45
randomArrays,2,520,0.07,0.00,161.08
randomArrays,2,832,0.10,0.00,161.69
randomArrays,2,800,0.14,0.00,161.63
randomArrays,2,753,0.09,0.00,161.53
randomArrays,2,286,0.10,0.00,160.63
randomArrays,2,841,0.16,0.00,161.70
randomArrays,2,240,0.04,0.00,160.53
randomArrays,2,370,0.10,0.00,160.79
randomArrays,2,287,0.06,0.00,160.63
randomArrays,2,89,0.05,0.00,160.23
randomArrays,2,881,0.12,0.00,161.78
randomArrays,2,187,0.07,0.00,160.43
randomArrays,2,373,0.08,0.00,160.79
randomArrays,2,194,0.08,0.00,160.45
randomArrays,2,382,0.06,0.00,160.81
randomArrays,2,826,0.14,0.00,161.68
randomArrays,2,781,0.09,0.00,161.59
randomArrays,2,814,0.10,0.00,161.66
randomArrays,2,525,0.07,0.00,161.09
randomArrays,2,136,0.04,0.00,160.33
randomArrays,2,454,0.06,0.00,160.95
randomArrays,2,563,0.07,0.00,161.16
randomArrays,2,226,0.04,0.00,160.51
randomArrays,2,345,0.07,0.00,160.73
randomArrays,2,514,0.39,0.00,161.07
randomArrays,2,871,0.16,0.00,161.77
randomArrays,2,939,0.10,0.00,161.90
randomArrays,2,397,0.06,0.00,160.84
randomArrays,2,429,0.06,0.00,160.90
randomArrays,2,421,0.10,0.00,160.88
randomArrays,2,747,0.10,0.00,161.52
randomArrays,2,19,0.04,0.00,160.10
randomArrays,2,74,0.05,0.00,160.21
randomArrays,2,259,0.08,0.00,160.57
randomArrays,2,846,0.10,0.00,161.72
randomArrays,2,789,0.14,0.00,161.60
randomArrays,2,671,0.16,0.00,161.38
randomArrays,2,368,0.05,0.00,160.78
randomArrays,2,448,0.06,0.00,160.94
randomArrays,2,237,0.04,0.00,160.52
randomArrays,2,627,0.08,0.00,161.29
randomArrays,2,584,0.10,0.00,161.20
randomArrays,2,328,0.08,0.00,160.70
randomArrays,2,606,0.08,0.00,161.25
randomArrays,2,563,0.08,0.00,161.16
randomArrays,2,774,0.09,0.00,161.58
randomArrays,2,206,0.04,0.00,160.47
randomArrays,2,907,0.10,0.00,161.84
randomArrays,2,37,0.03,0.00,160.13
randomArrays,2,878,0.10,0.00,161.78
randomArrays,2,284,0.09,0.00,160.62
randomArrays,2,853,0.10,0.00,161.73
randomArrays,2,247,0.04,0.00,160.55
randomArrays,2,241,0.07,0.00,160.53
randomArrays,2,348,0.05,0.00,160.74
randomArrays,2,814,0.13,0.00,161.66
randomArrays,2,245,0.04,0.00,160.54
randomArrays,2,335,0.05,0.00,160.72
randomArrays,2,497,0.08,0.00,161.03
randomArrays,2,280,0.07,0.00,160.61
randomArrays,2,664,0.14,0.00,161.36
randomArrays,2,523,0.12,0.00,161.09
randomArrays,2,841,0.12,0.00,161.70
randomArrays,2,290,0.08,0.00,160.63
randomArrays,2,158,0.06,0.00,160.38
randomArrays,2,783,0.13,0.00,161.59
randomArrays,2,638,0.08,0.00,161.31
randomArrays,2,314,0.05,0.00,160.68
randomArrays,2,484,0.10,0.00,161.01
randomArrays,2,972,0.11,0.00,161.96
randomArrays,2,652,0.08,0.00,161.34
randomArrays,2,543,0.07,0.00,161.13
randomArrays,2,487,0.07,0.00,161.02
randomArrays,2,686,0.09,0.00,161.41
randomArrays,2,183,0.04,0.00,160.42
randomArrays,2,572,0.12,0.00,161.18
randomArrays,2,747,0.11,0.00,161.52
randomArrays,2,780,0.15,0.00,161.59
randomArrays,2,828,0.16,0.00,161.68
randomArrays,2,591,0.10,0.00,161.22
randomArrays,2,415,0.08,0.00,160.88
randomArrays,2,648,0.08,0.00,161.33
randomArrays,2,204,0.04,0.00,160.46
randomArrays,2,510,0.10,0.00,161.06
randomArrays,2,422,0.12,0.00,160.89
randomArrays,2,541,0.11,0.00,161.12
randomArrays,2,875,0.15,0.00,161.77
randomArrays,2,742,0.17,0.00,161.52
randomArrays,2,384,0.08,0.00,160.81
randomArrays,2,266,0.05,0.00,160.59
randomArrays,2,137,0.07,0.00,160.33
randomArrays,2,970,0.14,0.00,161.96
randomArrays,2,685,0.08,0.00,161.40
randomArrays,2,665,0.08,0.00,161.36
randomArrays,2,319,0.05,0.00,160.69
randomArrays,2,808,0.09,0.00,161.64
randomArrays,2,143,0.04,0.00,160.34
randomArrays,2,147,0.06,0.00,160.35
randomArrays,2,929,0.12,0.00,161.88
randomArrays,2,906,0.14,0.00,161.84
randomArrays,2,425,0.06,0.00,160.89
randomArrays,2,736,0.09,0.00,161.50
randomArrays,2,65,0.03,0.00,160.19
randomArrays,2,305,0.08,0.00,160.66
randomArrays,2,194,0.06,0.00,160.45
randomArrays,2,545,0.09,0.00,161.13
randomArrays,2,49,0.04,0.00,160.16
randomArrays,2,731,0.13,0.00,161.49
randomArrays,2,712,0.13,0.00,161.45
randomArrays,2,732,0.13,0.00,161.49
randomArrays,2,57,0.06,0.00,160.17
randomArrays,2,983,0.12,0.00,161.98
randomArrays,2,345,0.07,0.00,160.73
randomArrays,2,152,0.05,0.00,160.36
randomArrays,2,963,0.18,0.00,161.95
randomArrays,2,544,0.13,0.00,161.13
randomArrays,2,870,0.10,0.00,161.77
randomArrays,2,557,0.14,0.00,161.15
randomArrays,2,168,0.05,0.00,160.39
randomArrays,2,373,0.10,0.00,160.79
randomArrays,2,416,0.06,0.00,160.88
randomArrays,2,942,0.17,0.00,161.91
randomArrays,2,966,0.12,0.00,161.95
randomArrays,2,363,0.05,0.00,160.77
randomArrays,2,955,0.15,0.00,161.93
randomArrays,2,626,0.07,0.00,161.29
randomArrays,2,948,0.11,0.00,161.91
randomArrays,2,193,0.04,0.00,160.44
randomArrays,2,361,0.10,0.00,160.77
randomArrays,2,195,0.06,0.00,160.45
randomArrays,2,905,0.35,0.00,161.83
randomArrays,2,105,0.05,0.00,160.27
randomArrays,2,750,0.14,0.00,161.53
randomArrays,2,565,0.09,0.00,161.16
randomArrays,2,538,0.07,0.00,161.12
randomArrays,2,488,0.12,0.00,161.02
randomArrays,2,30,0.02,0.00,160.13
randomArrays,2,554,0.07,0.00,161.15
randomArrays,2,407,0.06,0.00,160.86
randomArrays,2,958,0.11,0.00,161.94
randomArrays,2,137,0.04,0.00,160.33
randomArrays,2,101,0.05,0.00,160.26
randomArrays,2,633,0.09,0.00,161.30
randomArrays,2,44,0.04,0.00,160.15
randomArrays,2,738,0.11,0.00,161.51
randomArrays,2,763,0.16,0.00,161.55
randomArrays,2,319,0.05,0.00,160.69
randomArrays,2,682,0.12,0.00,161.40
randomArrays,2,820,0.16,0.00,161.66
randomArrays,2,896,0.18,0.00,161.81
randomArrays,2,712,0.11,0.00,161.45
randomArrays,2,554,0.11,0.00,161.15
randomArrays,2,940,0.11,0.00,161.90
randomArrays,2,787,0.09,0.00,161.60
randomArrays,2,255,0.05,0.00,160.56
randomArrays,2,135,0.05,0.00,160.33
randomArrays,2,546,0.11,0.00,161.13
randomArrays,2,643,0.10,0.00,161.32
randomArrays,2,197,0.07,0.00,160.45
randomArrays,2,643,0.16,0.00,161.32
randomArrays,2,858,0.19,0.00,161.74
randomArrays,2,134,0.05,0.00,160.33
randomArrays,2,133,0.04,0.00,160.32
randomArrays,2,317,0.08,0.00,160.68
randomArrays,2,312,0.08,0.00,160.67
randomArrays,2,160,0.04,0.00,160.38
randomArrays,2,838,0.10,0.00,161.70
randomArrays,2,316,0.06,0.00,160.68
randomArrays,2,111,0.04,0.00,160.28
randomArrays,2,530,0.13,0.00,161.10
randomArrays,2,827,0.31,0.00,161.68
randomArrays,2,994,0.15,0.00,162.01
randomArrays,2,348,0.08,0.00,160.74
randomArrays,2,652,0.08,0.00,161.34
randomArrays,2,339,0.05,0.00,160.73
randomArrays,2,908,0.10,0.00,161.84
randomArrays,2,655,0.08,0.00,161.34
randomArrays,2,899,0.15,0.00,161.82
randomArrays,2,377,0.05,0.00,160.80
randomArrays,2,793,0.09,0.00,161.61
randomArrays,2,12,0.03,0.00,160.09
randomArrays,2,236,0.04,0.00,160.52
randomArrays,2,851,0.10,0.00,161.73
randomArrays,2,462,0.12,0.00,160.97
randomArrays,2,49,0.06,0.00,160.16
randomArrays,2,649,0.16,0.00,161.33
randomArrays,2,299,0.05,0.00,160.65
randomArrays,2,796,0.09,0.00,161.62
randomArrays,2,227,0.04,0.00,160.51
randomArrays,2,929,0.11,0.00,161.88
randomArrays,2,166,0.04,0.00,160.39
randomArrays,2,277,0.04,0.00,160.60
randomArrays,2,179,0.04,0.00,160.41
randomArrays,2,809,0.10,0.00,161.64
randomArrays,2,232,0.04,0.00,160.52
randomArrays,2,247,0.11,0.00,160.55
randomArrays,2,99,0.26,0.00,160.26
randomArrays,2,649,0.14,0.00,161.33
randomArrays,2,15,0.03,0.00,160.09
randomArrays,2,646,0.08,0.00,161.33
randomArrays,2,463,0.08,0.00,160.97
randomArrays,2,587,0.09,0.00,161.21
randomArrays,2,898,0.16,0.00,161.82
randomArrays,2,643,0.13,0.00,161.32
randomArrays,2,840,0.12,0.00,161.70
randomArrays,2,708,0.10,0.00,161.45
randomArrays,2,214,0.07,0.00,160.48
randomArrays,2,565,0.08,0.00,161.16
randomArrays,2,157,0.05,0.00,160.37
randomArrays,2,265,0.05,0.00,160.58
randomArrays,2,171,0.04,0.00,160.40
randomArrays,2,136,0.05,0.00,160.33
randomArrays,2,290,0.08,0.00,160.63
randomArrays,2,96,0.03,0.00,160.25
randomArrays,2,11,0.05,0.00,160.09
randomArrays,2,311,0.07,0.00,160.67
randomArrays,2,566,0.11,0.00,161.17
randomArrays,2,328,0.06,0.00,160.70
randomArrays,2,358,0.05,0.00,160.77
randomArrays,2,674,0.12,0.00,161.38
randomArrays,2,490,0.11,0.00,161.02
randomArrays,2,36,0.05,0.00,160.13
randomArrays,2,408,0.11,0.00,160.86
randomArrays,2,49,0.04,0.00,160.16
randomArrays,2,581,0.09,0.00,161.20
randomArrays,2,879,0.12,0.00,161.78
randomArrays,2,61,0.03,0.00,160.18
randomArrays,2,656,0.08,0.00,161.34
randomArrays,2,411,0.07,0.00,160.87
randomArrays,2,361,0.07,0.00,160.77
randomArrays,2,994,0.13,0.00,162.01
randomArrays,2,416,0.08,0.00,160.88
randomArrays,2,966,0.18,0.00,161.95
randomArrays,2,92,0.06,0.00,160.24
randomArrays,2,429,0.13,0.00,160.90
randomArrays,2,658,0.08,0.00,161.35
randomArrays,2,877,0.10,0.00,161.77
randomArrays,2,780,0.13,0.00,161.59
randomArrays,2,669,0.11,0.00,161.37
randomArrays,2,394,0.08,0.00,160.84
randomArrays,2,892,0.16,0.00,161.80
randomArrays,2,180,0.06,0.00,160.41
randomArrays,2,829,0.13,0.00,161.68
randomArrays,2,255,0.05,0.00,160.56
randomArrays,2,374,0.05,0.00,160.80
randomArrays,2,37,0.03,0.00,160.13
randomArrays,2,919,0.12,0.00,161.86
randomArrays,2,850,0.17,0.00,161.73
randomArrays,2,930,0.11,0.00,161.88
randomArrays,2,419,0.09,0.00,160.88
randomArrays,2,720,0.13,0.00,161.47
randomArrays,2,378,0.07,0.00,160.80
randomArrays,2,815,0.09,0.00,161.66
randomArrays,2,566,0.10,0.00,161.17
randomArrays,2,623,0.10,0.00,161.28
randomArrays,2,597,0.11,0.00,161.23
randomArrays,2,148,0.08,0.00,160.35
randomArrays,2,580,0.09,0.00,161.20
randomArrays,2,244,0.04,0.00,160.54
randomArrays,2,703,0.08,0.00,161.44
randomArrays,2,743,0.12,0.00,161.52
randomArrays,2,923,0.17,0.00,161.87
randomArrays,2,284,0.05,0.00,160.62
randomArrays,2,35,0.03,0.00,160.13
randomArrays,2,941,0.11,0.00,161.90
randomArrays,2,39,0.03,0.00,160.14
randomArrays,2,276,0.05,0.00,160.60
randomArrays,2,494,0.07,0.00,161.03
randomArrays,2,547,0.06,0.00,161.13
randomArrays,2,837,0.17,0.00,161.70
randomArrays,2,183,0.06,0.00,160.42
randomArrays,2,360,0.08,0.00,160.77
randomArrays,2,627,0.15,0.00,161.29
randomArrays,2,833,0.12,0.00,161.69
randomArrays,2,491,0.14,0.00,161.02
randomArrays,2,623,0.09,0.00,161.28
randomArrays,2,850,0.15,0.00,161.73
randomArrays,2,35,0.04,0.00,160.13
randomArrays,2,584,0.13,0.00,161.20
randomArrays,2,34,0.03,0.00,160.13
randomArrays,2,335,0.08,0.00,160.72
randomArrays,2,145,0.05,0.00,160.34
randomArrays,2,61,0.04,0.00,160.18
randomArrays,2,88,0.05,0.00,160.23
randomArrays,2,442,0.06,0.00,160.93
randomArrays,2,729,0.08,0.00,161.48
randomArrays,2,312,0.05,0.00,160.67
randomArrays,2,620,0.10,0.00,161.27
randomArrays,2,77,0.04,0.00,160.21
randomArrays,2,784,0.14,0.00,161.59
randomArrays,2,720,0.10,0.00,161.47
randomArrays,2,796,0.14,0.00,161.62
randomArrays,2,81,0.05,0.00,160.22
randomArrays,2,900,0.20,0.00,161.82
randomArrays,2,570,0.12,0.00,161.18
randomArrays,2,749,0.13,0.00,161.52
randomArrays,2,723,0.08,0.00,161.48
randomArrays,2,54,0.03,0.00,160.17
randomArrays,2,261,0.04,0.00,160.57
randomArrays,2,831,0.10,0.00,161.69
randomArrays,2,133,0.04,0.00,160.32
randomArrays,2,165,0.08,0.00,160.38
randomArrays,2,441,0.13,0.00,160.92
randomArrays,2,782,0.12,0.00,161.59
randomArrays,2,384,0.12,0.00,160.81
randomArrays,2,283,0.06,0.00,160.62
randomArrays,2,71,0.04,0.00,160.20
randomArrays,2,374,0.07,0.00,160.80
randomArrays,2,204,0.05,0.00,160.46
randomArrays,2,437,0.09,0.00,160.91
randomArrays,2,662,0.12,0.00,161.36
randomArrays,2,821,0.14,0.00,161.66
randomArrays,2,198,0.08,0.00,160.45
randomArrays,2,776,0.14,0.00,161.58
randomArrays,2,124,0.06,0.00,160.30
randomArrays,2,202,0.04,0.00,160.46
randomArrays,2,806,0.10,0.00,161.64
randomArrays,2,448,0.06,0.00,160.94
randomArrays,2,383,0.05,0.00,160.81
randomArrays,2,992,0.14,0.00,162.00
randomArrays,2,714,0.09,0.00,161.46
randomArrays,2,528,0.07,0.00,161.09
randomArrays,2,137,0.04,0.00,160.33
randomArrays,2,122,0.05,0.00,160.30
randomArrays,2,883,0.13,0.00,161.79
randomArrays,2,614,0.10,0.00,161.27
randomArrays,2,841,0.11,0.00,161.70
randomArrays,2,471,0.09,0.00,160.98
randomArrays,2,871,0.12,0.00,161.77
randomArrays,2,938,0.16,0.00,161.90
randomArrays,2,238,0.04,0.00,160.53
randomArrays,2,772,0.09,0.00,161.57
randomArrays,2,334,0.07,0.00,160.72
randomArrays,2,274,0.07,0.00,160.60
randomArrays,2,385,0.07,0.00,160.81
randomArrays,2,455,0.06,0.00,160.95
randomArrays,2,202,0.04,0.00,160.46
randomArrays,2,349,0.09,0.00,160.74
randomArrays,2,170,0.11,0.00,160.40
randomArrays,2,365,0.06,0.00,160.77
randomArrays,2,921,0.12,0.00,161.86
randomArrays,2,368,0.09,0.00,160.78
randomArrays,2,851,0.14,0.00,161.73
randomArrays,2,736,0.09,0.00,161.50
randomArrays,2,64,0.05,0.00,160.19
randomArrays,2,371,0.09,0.00,160.79
randomArrays,2,962,0.10,0.00,161.95
randomArrays,2,758,0.09,0.00,161.55
randomArrays,2,565,0.07,0.00,161.16
randomArrays,2,246,0.04,0.00,160.55
randomArrays,2,390,0.06,0.00,160.83
randomArrays,2,833,0.10,0.00,161.69
randomArrays,2,359,0.05,0.00,160.77
randomArrays,2,647,0.08,0.00,161.33
randomArrays,2,830,0.10,0.00,161.69
randomArrays,2,790,0.09,0.00,161.61
randomArrays,2,789,0.09,0.00,161.60
randomArrays,2,33,0.03,0.00,160.13
randomArrays,2,324,0.05,0.00,160.70
randomArrays,2,460,0.06,0.00,160.96
randomArrays,2,660,0.08,0.00,161.35
randomArrays,2,553,0.10,0.00,161.14
randomArrays,2,181,0.04,0.00,160.41
randomArrays,2,106,0.03,0.00,160.27
randomArrays,2,198,0.04,0.00,160.45
randomArrays,2,795,0.09,0.00,161.62
randomArrays,2,149,0.06,0.00,160.35
randomArrays,2,42,0.03,0.00,160.15
randomArrays,2,538,0.09,0.00,161.12
randomArrays,2,405,0.09,0.00,160.85
randomArrays,2,741,0.08,0.00,161.51
randomArrays,2,88,0.03,0.00,160.23
randomArrays,2,896,0.12,0.00,161.81
randomArrays,2,574,0.11,0.00,161.19
randomArrays,2,34,0.04,0.00,160.13
randomArrays,2,83,0.03,0.00,160.23
randomArrays,2,311,0.05,0.00,160.67
randomArrays,2,168,0.07,0.00,160.39
randomArrays,2,720,0.10,0.00,161.47
randomArrays,2,499,0.08,0.00,161.04
randomArrays,2,280,0.11,0.00,160.61
randomArrays,2,960,0.10,0.00,161.94
randomArrays,2,351,0.07,0.00,160.75
randomArrays,2,840,0.12,0.00,161.70
randomArrays,2,826,0.12,0.00,161.68
randomArrays,2,780,0.15,0.00,161.59
randomArrays,2,592,0.10,0.00,161.22
randomArrays,2,601,0.09,0.00,161.23
randomArrays,2,924,0.11,0.00,161.87
randomArrays,2,630,0.12,0.00,161.30
randomArrays,2,738,0.13,0.00,161.51
randomArrays,2,43,0.03,0.00,160.15
randomArrays,2,546,0.12,0.00,161.13
randomArrays,2,118,0.03,0.00,160.30
randomArrays,2,812,0.10,0.00,161.65
randomArrays,2,636,0.07,0.00,161.30
randomArrays,2,253,0.07,0.00,160.55
randomArrays,2,443,0.06,0.00,160.93
randomArrays,2,292,0.05,0.00,160.63
randomArrays,2,723,0.08,0.00,161.48
randomArrays,2,398,0.07,0.00,160.84
randomArrays,2,368,0.12,0.00,160.78
randomArrays,2,534,0.15,0.00,161.11
randomArrays,2,899,0.12,0.00,161.82
randomArrays,2,137,0.10,0.00,160.33
randomArrays,2,187,0.07,0.00,160.43
randomArrays,2,164,0.06,0.00,160.38
randomArrays,2,735,0.08,0.00,161.50
randomArrays,2,524,0.07,0.00,161.09
randomArrays,2,512,0.06,0.00,161.06
randomArrays,2,15,0.03,0.00,160.09
randomArrays,2,737,0.09,0.00,161.50
randomArrays,2,616,0.09,0.00,161.27
randomArrays,2,349,0.09,0.00,160.74
randomArrays,2,645,0.15,0.00,161.32
randomArrays,2,502,0.34,0.00,161.05
randomArrays,2,932,0.19,0.00,161.88
randomArrays,2,778,0.14,0.00,161.59
randomArrays,2,126,0.05,0.00,160.31
randomArrays,2,836,0.14,0.00,161.70
randomArrays,2,911,0.15,0.00,161.84
randomArrays,2,265,0.05,0.00,160.58
randomArrays,2,694,0.10,0.00,161.42
randomArrays,2,188,0.05,0.00,160.43
randomArrays,2,282,0.09,0.00,160.62
randomArrays,2,347,0.08,0.00,160.74
randomArrays,2,768,0.09,0.00,161.56
randomArrays,2,778,0.15,0.00,161.59
randomArrays,2,549,0.07,0.00,161.13
randomArrays,2,12,0.02,0.00,160.09
randomArrays,2,336,0.05,0.00,160.72
randomArrays,2,949,0.11,0.00,161.91
randomArrays,2,179,0.04,0.00,160.41
randomArrays,2,634,0.08,0.00,161.30
randomArrays,2,38,0.03,0.00,160.14
randomArrays,2,123,0.03,0.00,160.30
randomArrays,2,282,0.05,0.00,160.62
randomArrays,2,452,0.13,0.00,160.95
randomArrays,2,217,0.08,0.00,160.48
randomArrays,2,629,0.08,0.00,161.29
randomArrays,2,275,0.04,0.00,160.60
randomArrays,2,66,0.03,0.00,160.20
randomArrays,2,308,0.07,0.00,160.66
randomArrays,2,809,0.18,0.00,161.64
randomArrays,2,634,0.08,0.00,161.30
randomArrays,2,478,0.06,0.00,161.00
randomArrays,2,336,0.05,0.00,160.72
randomArrays,2,672,0.13,0.00,161.38
randomArrays,2,583,0.07,0.00,161.20
randomArrays,2,413,0.06,0.00,160.87
randomArrays,2,683,0.08,0.00,161.40
randomArrays,2,463,0.08,0.00,160.97
randomArrays,2,267,0.07,0.00,160.59
randomArrays,2,73,0.05,0.00,160.20
randomArrays,2,641,0.13,0.00,161.31
randomArrays,2,827,0.09,0.00,161.68
randomArrays,2,864,0.10,0.00,161.75
randomArrays,2,672,0.08,0.00,161.38
randomArrays,2,948,0.29,0.00,161.91
randomArrays,2,523,0.06,0.00,161.09
randomArrays,2,113,0.05,0.00,160.28
randomArrays,2,855,0.12,0.00,161.73
randomArrays,2,764,0.14,0.00,161.55
randomArrays,2,559,0.33,0.00,161.16
randomArrays,2,256,0.07,0.00,160.56
randomArrays,2,861,0.12,0.00,161.74
randomArrays,2,215,0.07,0.00,160.48
randomArrays,2,610,0.07,0.00,161.26
randomArrays,2,133,0.03,0.00,160.32
randomArrays,2,721,0.08,0.00,161.47
randomArrays,2,826,0.10,0.00,161.68
randomArrays,2,732,0.08,0.00,161.49
randomArrays,2,218,0.04,0.00,160.49
randomArrays,2,897,0.15,0.00,161.81
randomArrays,2,95,0.03,0.00,160.25
randomArrays,2,596,0.08,0.00,161.23
randomArrays,2,333,0.05,0.00,160.71
randomArrays,2,139,0.04,0.00,160.34
randomArrays,2,90,0.03,0.00,160.24
randomArrays,2,724,0.08,0.00,161.48
randomArrays,2,24,0.02,0.00,160.11
randomArrays,2,182,0.10,0.00,160.42
randomArrays,2,440,0.16,0.00,160.92
randomArrays,2,521,0.18,0.00,161.08
randomArrays,2,653,0.10,0.00,161.34
randomArrays,2,422,0.14,0.00,160.89
randomArrays,2,919,0.12,0.00,161.86
randomArrays,2,399,0.10,0.00,160.84
randomArrays,2,148,0.04,0.00,160.35
randomArrays,2,651,0.11,0.00,161.34
randomArrays,2,953,0.16,0.00,161.92
randomArrays,2,205,0.04,0.00,160.46
randomArrays,2,713,0.08,0.00,161.45
randomArrays,2,335,0.05,0.00,160.72
randomArrays,2,800,0.09,0.00,161.63
randomArrays,2,263,0.04,0.00,160.58
randomArrays,2,305,0.05,0.00,160.66
randomArrays,2,772,0.09,0.00,161.57
randomArrays,2,760,0.09,0.00,161.55
randomArrays,2,985,0.17,0.00,161.98
randomArrays,2,468,0.06,0.00,160.98
randomArrays,2,542,0.07,0.00,161.13
randomArrays,2,137,0.03,0.00,160.33
randomArrays,2,877,0.13,0.00,161.77
randomArrays,2,407,0.11,0.00,160.86
randomArrays,2,13,0.07,0.00,160.09
randomArrays,2,857,0.14,0.00,161.73
randomArrays,2,961,0.14,0.00,161.94
randomArrays,2,963,0.14,0.00,161.95
randomArrays,2,792,0.09,0.00,161.61
randomArrays,2,190,0.06,0.00,160.44
randomArrays,2,859,0.15,0.00,161.74
randomArrays,2,989,0.13,0.00,161.99
randomArrays,2,816,0.11,0.00,161.66
randomArrays,2,950,0.14,0.00,161.92
randomArrays,2,241,0.08,0.00,160.53
randomArrays,2,957,0.13,0.00,161.93
randomArrays,2,155,0.04,0.00,160.37
randomArrays,2,625,0.09,0.00,161.28
randomArrays,2,573,0.07,0.00,161.18
randomArrays,2,278,0.07,0.00,160.61
randomArrays,2,67,0.04,0.00,160.20
randomArrays,2,785,0.11,0.00,161.59
randomArrays,2,576,0.09,0.00,161.19
randomArrays,2,949,0.15,0.00,161.91
randomArrays,2,274,0.06,0.00,160.60
randomArrays,2,827,0.11,0.00,161.68
randomArrays,2,246,0.06,0.00,160.55
randomArrays,2,497,0.08,0.00,161.03
randomArrays,2,98,0.04,0.00,160.26
randomArrays,2,87,0.04,0.00,160.23
randomArrays,2,362,0.05,0.00,160.77
randomArrays,2,748,0.09,0.00,161.52
randomArrays,2,553,0.07,0.00,161.14
randomArrays,2,931,0.11,0.00,161.88
randomArrays,2,24,0.02,0.00,160.11
randomArrays,2,836,0.12,0.00,161.70
randomArrays,2,524,0.11,0.00,161.09
randomArrays,2,286,0.07,0.00,160.63
randomArrays,2,379,0.08,0.00,160.80
randomArrays,2,654,0.08,0.00,161.34
randomArrays,2,795,0.09,0.00,161.62
randomArrays,2,335,0.09,0.00,160.72
randomArrays,2,218,0.04,0.00,160.49
randomArrays,2,390,0.10,0.00,160.83
randomArrays,2,80,0.04,0.00,160.22
randomArrays,2,602,0.10,0.00,161.24
randomArrays,2,687,0.12,0.00,161.41
randomArrays,2,573,0.12,0.00,161.18
randomArrays,2,857,0.12,0.00,161.73
randomArrays,2,484,0.07,0.00,161.01
randomArrays,2,633,0.12,0.00,161.30
randomArrays,2,393,0.05,0.00,160.83
randomArrays,2,953,0.13,0.00,161.92
randomArrays,2,718,0.11,0.00,161.47
randomArrays,2,330,0.10,0.00,160.71
randomArrays,2,273,0.05,0.00,160.59
randomArrays,2,323,0.05,0.00,160.70
randomArrays,2,971,0.13,0.00,161.96
randomArrays,2,156,0.04,0.00,160.37
randomArrays,2,971,0.11,0.00,161.96
randomArrays,2,202,0.07,0.00,160.46
randomArrays,2,201,0.07,0.00,160.45
randomArrays,2,230,0.06,0.00,160.52
randomArrays,2,953,0.13,0.00,161.92
randomArrays,2,399,0.09,0.00,160.84
randomArrays,2,354,0.08,0.00,160.76
randomArrays,2,334,0.09,0.00,160.72
randomArrays,2,538,0.09,0.00,161.12
randomArrays,2,238,0.17,0.00,160.53
randomArrays,2,415,0.07,0.00,160.88
randomArrays,2,498,0.13,0.00,161.04
randomArrays,2,193,0.06,0.00,160.44
randomArrays,2,125,0.05,0.00,160.30
randomArrays,2,100,0.05,0.00,160.26
randomArrays,2,742,0.11,0.00,161.52
randomArrays,2,588,0.08,0.00,161.21
randomArrays,2,355,0.06,0.00,160.76
randomArrays,2,923,0.15,0.00,161.87
randomArrays,2,167,0.05,0.00,160.39
randomArrays,2,518,0.29,0.00,161.08
randomArrays,2,649,0.08,0.00,161.33
randomArrays,2,280,0.05,0.00,160.61
randomArrays,2,842,0.12,0.00,161.71
randomArrays,2,586,0.08,0.00,161.21
randomArrays,2,519,0.10,0.00,161.08
randomArrays,2,112,0.05,0.00,160.28
randomArrays,2,320,0.07,0.00,160.69
randomArrays,2,955,0.10,0.00,161.93
randomArrays,2,61,0.03,0.00,160.18
randomArrays,2,709,0.10,0.00,161.45
randomArrays,2,671,0.09,0.00,161.38
randomArrays,2,437,0.06,0.00,160.91
randomArrays,2,917,0.10,0.00,161.85
randomArrays,2,499,0.07,0.00,161.04
randomArrays,2,503,0.06,0.00,161.05
randomArrays,2,676,0.08,0.00,161.38
randomArrays,2,594,0.07,0.00,161.23
randomArrays,2,48,0.03,0.00,160.16
randomArrays,2,590,0.12,0.00,161.22
randomArrays,2,861,0.10,0.00,161.74
randomArrays,2,363,0.05,0.00,160.77
randomArrays,2,969,0.31,0.00,161.95
randomArrays,2,912,0.12,0.00,161.84
randomArrays,2,779,0.10,0.00,161.59
randomArrays,2,301,0.13,0.00,160.65
randomArrays,2,545,0.09,0.00,161.13
randomArrays,2,24,0.09,0.00,160.11
randomArrays,2,953,0.18,0.00,161.92
randomArrays,2,440,0.06,0.00,160.92
randomArrays,2,997,0.11,0.00,162.01
randomArrays,2,661,0.08,0.00,161.35
randomArrays,2,583,0.07,0.00,161.20
randomArrays,2,478,0.09,0.00,161.00
randomArrays,2,220,0.04,0.00,160.49
randomArrays,2,458,0.09,0.00,160.96
randomArrays,2,783,0.10,0.00,161.59
randomArrays,2,554,0.10,0.00,161.15
randomArrays,2,167,0.08,0.00,160.39
randomArrays,2,338,0.07,0.00,160.73
randomArrays,2,321,0.07,0.00,160.69
randomArrays,2,993,0.18,0.00,162.00
randomArrays,2,414,0.09,0.00,160.88
randomArrays,2,630,0.08,0.00,161.30
randomArrays,2,572,0.11,0.00,161.18
randomArrays,2,119,0.05,0.00,160.30
randomArrays,2,852,0.19,0.00,161.73
randomArrays,2,392,0.05,0.00,160.83
randomArrays,2,744,0.11,0.00,161.52
randomArrays,2,767,0.10,0.00,161.56
randomArrays,2,419,0.08,0.00,160.88
randomArrays,2,186,0.08,0.00,160.43
randomArrays,2,498,0.08,0.00,161.04
randomArrays,2,369,0.07,0.00,160.78
randomArrays,2,545,0.09,0.00,161.13
randomArrays,2,585,0.11,0.00,161.20
randomArrays,2,232,0.05,0.00,160.52
randomArrays,2,683,0.11,0.00,161.40
randomArrays,2,373,0.11,0.00,160.79
randomArrays,2,67,0.08,0.00,160.20
randomArrays,2,47,0.03,0.00,160.16
randomArrays,2,353,0.05,0.00,160.75
randomArrays,2,165,0.04,0.00,160.38
randomArrays,2,822,0.10,0.00,161.67
randomArrays,2,207,0.06,0.00,160.47
randomArrays,2,365,0.05,0.00,160.77
randomArrays,2,33,0.03,0.00,160.13
randomArrays,2,324,0.05,0.00,160.70
randomArrays,2,533,0.08,0.00,161.10
randomArrays,2,467,0.06,0.00,160.98
randomArrays,2,653,0.08,0.00,161.34
randomArrays,2,262,0.05,0.00,160.58
randomArrays,2,26,0.03,0.00,160.12
randomArrays,2,705,0.09,0.00,161.44
randomArrays,2,945,0.11,0.00,161.91
randomArrays,2,145,0.05,0.00,160.34
randomArrays,2,987,0.16,0.00,161.99
randomArrays,2,40,0.03,0.00,160.14
randomArrays,2,418,0.06,0.00,160.88
randomArrays,2,20,0.02,0.00,160.10
randomArrays,2,618,0.12,0.00,161.27
randomArrays,2,463,0.08,0.00,160.97
randomArrays,2,310,0.07,0.00,160.67
randomArrays,2,753,0.13,0.00,161.53
randomArrays,2,203,0.04,0.00,160.46
randomArrays,2,756,0.08,0.00,161.54
randomArrays,2,998,0.11,0.00,162.02
randomArrays,2,631,0.07,0.00,161.30
randomArrays,2,788,0.09,0.00,161.60
randomArrays,2,364,0.07,0.00,160.77
randomArrays,2,435,0.09,0.00,160.91
randomArrays,2,379,0.09,0.00,160.80
randomArrays,2,208,0.04,0.00,160.47
randomArrays,2,503,0.07,0.00,161.05
randomArrays,2,97,0.05,0.00,160.25
randomArrays,2,266,0.07,0.00,160.59
randomArrays,2,828,0.14,0.00,161.68
randomArrays,2,319,0.08,0.00,160.69
randomArrays,2,898,0.16,0.00,161.82
randomArrays,2,380,0.12,0.00,160.80
randomArrays,2,450,0.06,0.00,160.95
randomArrays,2,142,0.04,0.00,160.34
randomArrays,2,434,0.06,0.00,160.91
randomArrays,2,96,0.03,0.00,160.25
randomArrays,2,641,0.10,0.00,161.31
randomArrays,2,538,0.07,0.00,161.12
randomArrays,2,502,0.06,0.00,161.05
randomArrays,2,599,0.09,0.00,161.23
randomArrays,2,299,0.05,0.00,160.65
randomArrays,2,620,0.07,0.00,161.27
randomArrays,2,606,0.08,0.00,161.25
randomArrays,2,282,0.05,0.00,160.62
randomArrays,2,205,0.05,0.00,160.46
randomArrays,2,504,0.06,0.00,161.05
randomArrays,2,315,0.05,0.00,160.68
randomArrays,2,739,0.13,0.00,161.51
randomArrays,2,226,0.14,0.00,160.51
randomArrays,2,239,0.12,0.00,160.53
randomArrays,2,656,0.11,0.00,161.34
randomArrays,2,467,0.07,0.00,160.98
randomArrays,2,855,0.13,0.00,161.73
randomArrays,2,12,0.04,0.00,160.09
randomArrays,2,751,0.11,0.00,161.53
randomArrays,2,426,0.07,0.00,160.90
randomArrays,2,735,0.10,0.00,161.50
randomArrays,2,321,0.05,0.00,160.69
randomArrays,2,522,0.11,0.00,161.09
randomArrays,2,888,0.19,0.00,161.80
randomArrays,2,118,0.06,0.00,160.30
randomArrays,2,813,0.10,0.00,161.65
randomArrays,2,547,0.08,0.00,161.13
randomArrays,2,860,0.14,0.00,161.74
randomArrays,2,189,0.10,0.00,160.43
randomArrays,2,668,0.14,0.00,161.37
randomArrays,2,583,0.10,0.00,161.20
randomArrays,2,489,0.08,0.00,161.02
randomArrays,2,414,0.07,0.00,160.88
randomArrays,2,905,0.10,0.00,161.83
randomArrays,2,742,0.09,0.00,161.52
randomArrays,2,358,0.09,0.00,160.77
randomArrays,2,741,0.16,0.00,161.51
randomArrays,2,470,0.11,0.00,160.98
randomArrays,2,111,0.05,0.00,160.28
randomArrays,2,546,0.09,0.00,161.13
randomArrays,2,591,0.07,0.00,161.22
randomArrays,2,884,0.10,0.00,161.79
randomArrays,2,684,0.11,0.00,161.40
randomArrays,2,975,0.11,0.00,161.97
randomArrays,2,739,0.08,0.00,161.51
randomArrays,2,725,0.08,0.00,161.48
randomArrays,2,893,0.10,0.00,161.80
randomArrays,2,16,0.02,0.00,160.09
randomArrays,2,467,0.06,0.00,160.98
randomArrays,2,307,0.05,0.00,160.66
randomArrays,2,235,0.07,0.00,160.52
randomArrays,2,377,0.08,0.00,160.80
randomArrays,2,448,0.08,0.00,160.94
randomArrays,2,999,0.15,0.00,162.02
randomArrays,2,98,0.06,0.00,160.26
randomArrays,2,456,0.12,0.00,160.95
randomArrays,2,118,0.04,0.00,160.30
randomArrays,2,406,0.16,0.00,160.86
randomArrays,2,33,0.04,0.00,160.13
randomArrays,2,517,0.11,0.00,161.07
randomArrays,2,248,0.05,0.00,160.55
randomArrays,2,61,0.05,0.00,160.18
randomArrays,2,547,0.07,0.00,161.13
randomArrays,2,602,0.07,0.00,161.24
randomArrays,2,579,0.09,0.00,161.20
randomArrays,2,972,0.11,0.00,161.96
randomArrays,2,653,0.08,0.00,161.34
randomArrays,2,866,0.10,0.00,161.76
randomArrays,2,417,0.06,0.00,160.88
randomArrays,2,386,0.06,0.00,160.82
randomArrays,2,349,0.05,0.00,160.74
randomArrays,2,598,0.08,0.00,161.23
randomArrays,2,856,0.09,0.00,161.73
randomArrays,2,152,0.14,0.00,160.36
randomArrays,2,436,0.10,0.00,160.91
randomArrays,2,356,0.11,0.00,160.76
randomArrays,2,598,0.12,0.00,161.23
randomArrays,2,578,0.09,0.00,161.20
randomArrays,2,786,0.16,0.00,161.60
randomArrays,2,124,0.04,0.00,160.30
randomArrays,2,439,0.08,0.00,160.92
randomArrays,2,492,0.06,0.00,161.02
randomArrays,2,207,0.04,0.00,160.47
randomArrays,2,100,0.03,0.00,160.26
randomArrays,2,591,0.07,0.00,161.22
randomArrays,2,397,0.06,0.00,160.84
randomArrays,2,295,0.05,0.00,160.64
randomArrays,2,733,0.09,0.00,161.49
randomArrays,2,231,0.04,0.00,160.52
randomArrays,2,565,0.07,0.00,161.16
randomArrays,2,910,0.10,0.00,161.84
randomArrays,2,74,0.03,0.00,160.21
randomArrays,2,647,0.08,0.00,161.33
randomArrays,2,456,0.06,0.00,160.95
randomArrays,2,954,0.10,0.00,161.93
randomArrays,2,495,0.07,0.00,161.03
randomArrays,2,487,0.07,0.00,161.02
randomArrays,2,559,0.07,0.00,161.16
randomArrays,2,512,0.06,0.00,161.06
randomArrays,2,247,0.05,0.00,160.55
randomArrays,2,219,0.06,0.00,160.49
randomArrays,2,839,0.51,0.00,161.70
randomArrays,2,887,0.38,0.00,161.80
randomArrays,2,942,0.20,0.00,161.91
randomArrays,2,920,0.16,0.00,161.86
randomArrays,2,868,0.15,0.00,161.76
randomArrays,2,25,0.03,0.00,160.11
randomArrays,2,174,0.04,0.00,160.41
randomArrays,2,818,0.09,0.00,161.66
randomArrays,2,660,0.09,0.00,161.35
randomArrays,2,592,0.08,0.00,161.22
randomArrays,2,942,0.12,0.00,161.91
randomArrays,2,962,0.19,0.00,161.95
randomArrays,2,254,0.06,0.00,160.56
randomArrays,2,527,0.08,0.00,161.09
randomArrays,2,786,0.09,0.00,161.60
randomArrays,2,179,0.04,0.00,160.41
randomArrays,2,678,0.08,0.00,161.39
randomArrays,2,950,0.11,0.00,161.92
randomArrays,2,538,0.07,0.00,161.12
randomArrays,2,185,0.04,0.00,160.42
randomArrays,2,689,0.08,0.00,161.41
randomArrays,2,161,0.04,0.00,160.38
randomArrays,2,509,0.06,0.00,161.05
randomArrays,2,376,0.06,0.00,160.80
randomArrays,2,766,0.09,0.00,161.56
randomArrays,2,706,0.08,0.00,161.45
randomArrays,2,644,0.08,0.00,161.32
randomArrays,2,758,0.09,0.00,161.55
randomArrays,2,747,0.13,0.00,161.52
randomArrays,2,349,0.06,0.00,160.74
randomArrays,2,574,0.07,0.00,161.19
randomArrays,2,888,0.15,0.00,161.80
randomArrays,2,235,0.08,0.00,160.52
randomArrays,2,653,0.12,0.00,161.34
randomArrays,2,630,0.13,0.00,161.30
randomArrays,2,76,0.03,0.00,160.21
randomArrays,2,436,0.07,0.00,160.91
randomArrays,2,771,0.14,0.00,161.57
randomArrays,2,217,0.07,0.00,160.48
randomArrays,2,419,0.08,0.00,160.88
randomArrays,2,860,0.13,0.00,161.74
randomArrays,2,288,0.06,0.00,160.63
randomArrays,2,280,0.04,0.00,160.61
randomArrays,2,242,0.04,0.00,160.54
randomArrays,2,602,0.08,0.00,161.24
randomArrays,2,44,0.03,0.00,160.15
randomArrays,2,547,0.07,0.00,161.13
randomArrays,2,860,0.12,0.00,161.74
randomArrays,2,737,0.10,0.00,161.50
randomArrays,2,738,0.14,0.00,161.51
randomArrays,2,725,0.13,0.00,161.48
randomArrays,2,684,0.13,0.00,161.40
randomArrays,2,233,0.05,0.00,160.52
randomArrays,2,342,0.08,0.00,160.73
randomArrays,2,855,0.10,0.00,161.73
randomArrays,2,861,0.10,0.00,161.74
randomArrays,2,566,0.07,0.00,161.17
randomArrays,2,406,0.08,0.00,160.86
randomArrays,2,192,0.08,0.00,160.44
randomArrays,2,850,0.10,0.00,161.73
randomArrays,2,609,0.09,0.00,161.25
randomArrays,2,18,0.03,0.00,160.10
randomArrays,2,482,0.11,0.00,161.01
randomArrays,2,264,0.04,0.00,160.58
randomArrays,2,319,0.10,0.00,160.69
randomArrays,2,252,0.04,0.00,160.55
randomArrays,2,342,0.05,0.00,160.73
randomArrays,2,252,0.07,0.00,160.55
randomArrays,2,205,0.06,0.00,160.46
randomArrays,2,942,0.19,0.00,161.91
randomArrays,2,744,0.14,0.00,161.52
randomArrays,2,537,0.10,0.00,161.11
randomArrays,2,501,0.14,0.00,161.04
randomArrays,2,853,0.12,0.00,161.73
randomArrays,2,341,0.05,0.00,160.73
randomArrays,2,800,0.11,0.00,161.63
randomArrays,2,857,0.10,0.00,161.73
randomArrays,2,427,0.06,0.00,160.90
randomArrays,2,647,0.08,0.00,161.33
randomArrays,2,76,0.03,0.00,160.21
randomArrays,2,677,0.09,0.00,161.38
randomArrays,2,579,0.08,0.00,161.20
randomArrays,2,731,0.11,0.00,161.49
randomArrays,2,704,0.10,0.00,161.44
randomArrays,2,266,0.06,0.00,160.59
randomArrays,2,961,0.13,0.00,161.94
randomArrays,2,263,0.06,0.00,160.58
randomArrays,2,434,0.06,0.00,160.91
randomArrays,2,484,0.06,0.00,161.01
randomArrays,2,163,0.07,0.00,160.38
randomArrays,2,984,0.12,0.00,161.98
randomArrays,2,211,0.06,0.00,160.48
randomArrays,2,185,0.06,0.00,160.42
randomArrays,2,467,0.09,0.00,160.98
randomArrays,2,214,0.05,0.00,160.48
randomArrays,2,35,0.03,0.00,160.13
randomArrays,2,141,0.04,0.00,160.34
randomArrays,2,559,0.07,0.00,161.16
randomArrays,2,706,0.08,0.00,161.45
randomArrays,2,68,0.05,0.00,160.20
randomArrays,2,12,0.02,0.00,160.09
randomArrays,2,405,0.06,0.00,160.85
randomArrays,2,288,0.11,0.00,160.63
randomArrays,2,955,0.10,0.00,161.93
randomArrays,2,50,0.03,0.00,160.16
randomArrays,2,752,0.10,0.00,161.53
randomArrays,2,695,0.12,0.00,161.42
randomArrays,2,186,0.06,0.00,160.43
randomArrays,2,737,0.14,0.00,161.50
randomArrays,2,948,0.12,0.00,161.91
randomArrays,2,151,0.05,0.00,160.36
randomArrays,2,46,0.04,0.00,160.16
randomArrays,2,968,0.12,0.00,161.95
randomArrays,2,333,0.07,0.00,160.71
randomArrays,2,189,0.06,0.00,160.43
randomArrays,2,190,0.04,0.00,160.44
randomArrays,2,589,0.08,0.00,161.21
randomArrays,2,230,0.05,0.00,160.52
randomArrays,2,535,0.07,0.00,161.11
randomArrays,2,189,0.04,0.00,160.43
randomArrays,2,948,0.13,0.00,161.91
randomArrays,2,834,0.12,0.00,161.70
randomArrays,2,273,0.05,0.00,160.59
randomArrays,2,773,0.10,0.00,161.57
randomArrays,2,342,0.05,0.00,160.73
randomArrays,2,995,0.11,0.00,162.01
randomArrays,2,221,0.04,0.00,160.49
randomArrays,2,519,0.07,0.00,161.08
randomArrays,2,479,0.06,0.00,161.00
randomArrays,2,155,0.07,0.00,160.37
randomArrays,2,756,0.12,0.00,161.54
randomArrays,2,658,0.08,0.00,161.35
randomArrays,2,213,0.04,0.00,160.48
randomArrays,2,467,0.06,0.00,160.98
randomArrays,2,191,0.04,0.00,160.44
randomArrays,2,744,0.09,0.00,161.52
randomArrays,2,122,0.03,0.00,160.30
randomArrays,2,178,0.04,0.00,160.41
randomArrays,2,760,0.09,0.00,161.55
randomArrays,2,524,0.08,0.00,161.09
randomArrays,2,264,0.05,0.00,160.58
randomArrays,2,733,0.09,0.00,161.49
randomArrays,2,759,0.08,0.00,161.55
randomArrays,2,177,0.06,0.00,160.41
randomArrays,2,53,0.04,0.00,160.16
randomArrays,2,429,0.07,0.00,160.90
randomArrays,2,508,0.10,0.00,161.05
randomArrays,2,919,0.17,0.00,161.86
randomArrays,2,412,0.07,0.00,160.87
randomArrays,2,503,0.10,0.00,161.05
randomArrays,2,115,0.06,0.00,160.29
randomArrays,2,851,0.14,0.00,161.73
randomArrays,2,848,0.16,0.00,161.72
randomArrays,2,652,0.09,0.00,161.34
randomArrays,2,693,0.16,0.00,161.41
randomArrays,2,662,0.10,0.00,161.36
randomArrays,2,815,0.11,0.00,161.66
randomArrays,2,679,0.08,0.00,161.39
randomArrays,2,141,0.05,0.00,160.34
randomArrays,2,458,0.08,0.00,160.96
randomArrays,2,378,0.07,0.00,160.80
randomArrays,2,662,0.09,0.00,161.36
randomArrays,2,809,0.11,0.00,161.64
randomArrays,2,960,0.10,0.00,161.94
randomArrays,2,454,0.08,0.00,160.95
randomArrays,2,513,0.08,0.00,161.06
randomArrays,2,965,0.10,0.00,161.95
randomArrays,2,855,0.10,0.00,161.73
randomArrays,2,257,0.09,0.00,160.56
randomArrays,2,932,0.11,0.00,161.88
randomArrays,2,112,0.06,0.00,160.28
randomArrays,2,264,0.10,0.00,160.58
randomArrays,2,404,0.08,0.00,160.85
randomArrays,2,830,0.14,0.00,161.69
randomArrays,2,115,0.05,0.00,160.29
randomArrays,2,906,0.15,0.00,161.84
randomArrays,3,469,0.09,0.00,204.03
randomArrays,3,783,0.10,0.00,204.65
randomArrays,3,464,0.09,0.00,204.02
randomArrays,3,267,0.08,0.00,203.64
randomArrays,3,828,0.09,0.00,204.73
randomArrays,3,607,0.09,0.00,204.30
randomArrays,3,319,0.08,0.00,203.74
randomArrays,3,431,0.06,0.00,203.96
randomArrays,3,941,0.18,0.00,204.95
randomArrays,3,937,0.13,0.00,204.95
randomArrays,3,619,0.09,0.00,204.33
randomArrays,3,370,0.08,0.00,203.84
randomArrays,3,478,0.08,0.00,204.05
randomArrays,3,107,0.04,0.00,203.33
randomArrays,3,910,0.12,0.00,204.90
randomArrays,3,381,0.05,0.00,203.86
randomArrays,3,699,0.08,0.00,204.48
randomArrays,3,452,0.07,0.00,204.00
randomArrays,3,882,0.10,0.00,204.84
randomArrays,3,697,0.09,0.00,204.48
randomArrays,3,39,0.03,0.00,203.20
randomArrays,3,382,0.05,0.00,203.87
randomArrays,3,980,0.11,0.00,205.03
randomArrays,3,202,0.04,0.00,203.52
randomArrays,3,674,0.08,0.00,204.44
randomArrays,3,184,0.05,0.00,203.48
randomArrays,3,853,0.10,0.00,204.78
randomArrays,3,101,0.08,0.00,203.31
randomArrays,3,329,0.07,0.00,203.76
randomArrays,3,837,0.15,0.00,204.75
randomArrays,3,952,0.16,0.00,204.98
randomArrays,3,676,0.09,0.00,204.44
randomArrays,3,248,0.04,0.00,203.60
randomArrays,3,845,0.10,0.00,204.77
randomArrays,3,707,0.12,0.00,204.50
randomArrays,3,458,0.09,0.00,204.02
randomArrays,3,219,0.04,0.00,203.55
randomArrays,3,268,0.05,0.00,203.64
randomArrays,3,201,0.04,0.00,203.51
randomArrays,3,520,0.11,0.00,204.13
randomArrays,3,832,0.12,0.00,204.74
randomArrays,3,800,0.15,0.00,204.68
randomArrays,3,753,0.09,0.00,204.59
randomArrays,3,286,0.05,0.00,203.68
randomArrays,3,841,0.10,0.00,204.76
randomArrays,3,240,0.04,0.00,203.59
randomArrays,3,370,0.06,0.00,203.84
randomArrays,3,287,0.05,0.00,203.68
randomArrays,3,89,0.03,0.00,203.29
randomArrays,3,881,0.19,0.00,204.84
randomArrays,3,187,0.06,0.00,203.48
randomArrays,3,373,0.09,0.00,203.84
randomArrays,3,194,0.08,0.00,203.50
randomArrays,3,382,0.05,0.00,203.87
randomArrays,3,826,0.13,0.00,204.73
randomArrays,3,781,0.11,0.00,204.64
randomArrays,3,814,0.14,0.00,204.71
randomArrays,3,525,0.13,0.00,204.14
randomArrays,3,136,0.06,0.00,203.38
randomArrays,3,454,0.06,0.00,204.01
randomArrays,3,563,0.10,0.00,204.22
randomArrays,3,226,0.05,0.00,203.56
randomArrays,3,345,0.05,0.00,203.79
randomArrays,3,514,0.06,0.00,204.13
randomArrays,3,871,0.09,0.00,204.82
randomArrays,3,939,0.10,0.00,204.95
randomArrays,3,397,0.12,0.00,203.89
randomArrays,3,429,0.13,0.00,203.95
randomArrays,3,421,0.08,0.00,203.94
randomArrays,3,747,0.13,0.00,204.58
randomArrays,3,19,0.04,0.00,203.16
randomArrays,3,74,0.03,0.00,203.27
randomArrays,3,259,0.04,0.00,203.63
randomArrays,3,846,0.09,0.00,204.77
randomArrays,3,789,0.09,0.00,204.66
randomArrays,3,671,0.08,0.00,204.43
randomArrays,3,368,0.05,0.00,203.84
randomArrays,3,448,0.15,0.00,203.99
randomArrays,3,237,0.06,0.00,203.58
randomArrays,3,627,0.07,0.00,204.34
randomArrays,3,584,0.10,0.00,204.26
randomArrays,3,328,0.09,0.00,203.76
randomArrays,3,606,0.09,0.00,204.30
randomArrays,3,563,0.08,0.00,204.22
randomArrays,3,774,0.12,0.00,204.63
randomArrays,3,206,0.04,0.00,203.52
randomArrays,3,907,0.11,0.00,204.89
randomArrays,3,37,0.03,0.00,203.19
randomArrays,3,878,0.12,0.00,204.84
randomArrays,3,284,0.05,0.00,203.67
randomArrays,3,853,0.11,0.00,204.78
randomArrays,3,247,0.04,0.00,203.60
randomArrays,3,241,0.04,0.00,203.59
randomArrays,3,348,0.05,0.00,203.80
randomArrays,3,814,0.09,0.00,204.71
randomArrays,3,245,0.04,0.00,203.59
randomArrays,3,335,0.10,0.00,203.77
randomArrays,3,497,0.07,0.00,204.09
randomArrays,3,280,0.04,0.00,203.66
randomArrays,3,664,0.08,0.00,204.41
randomArrays,3,523,0.07,0.00,204.14
randomArrays,3,841,0.10,0.00,204.76
randomArrays,3,290,0.05,0.00,203.69
randomArrays,3,158,0.03,0.00,203.43
randomArrays,3,783,0.09,0.00,204.65
randomArrays,3,638,0.08,0.00,204.37
randomArrays,3,314,0.05,0.00,203.73
randomArrays,3,484,0.07,0.00,204.06
randomArrays,3,972,0.12,0.00,205.02
randomArrays,3,652,0.10,0.00,204.39
randomArrays,3,543,0.07,0.00,204.18
randomArrays,3,487,0.08,0.00,204.07
randomArrays,3,686,0.13,0.00,204.46
randomArrays,3,183,0.07,0.00,203.48
randomArrays,3,572,0.07,0.00,204.23
randomArrays,3,747,0.08,0.00,204.58
randomArrays,3,780,0.09,0.00,204.64
randomArrays,3,828,0.10,0.00,204.73
randomArrays,3,591,0.08,0.00,204.27
randomArrays,3,415,0.06,0.00,203.93
randomArrays,3,648,0.07,0.00,204.38
randomArrays,3,204,0.07,0.00,203.52
randomArrays,3,510,0.06,0.00,204.12
randomArrays,3,422,0.06,0.00,203.95
randomArrays,3,541,0.08,0.00,204.17
randomArrays,3,875,0.17,0.00,204.83
randomArrays,3,742,0.12,0.00,204.57
randomArrays,3,384,0.09,0.00,203.87
randomArrays,3,266,0.05,0.00,203.64
randomArrays,3,137,0.05,0.00,203.38
randomArrays,3,970,0.11,0.00,205.02
randomArrays,3,685,0.08,0.00,204.45
randomArrays,3,665,0.08,0.00,204.41
randomArrays,3,319,0.05,0.00,203.74
randomArrays,3,808,0.10,0.00,204.70
randomArrays,3,143,0.05,0.00,203.40
randomArrays,3,147,0.06,0.00,203.41
randomArrays,3,929,0.14,0.00,204.93
randomArrays,3,906,0.15,0.00,204.89
randomArrays,3,425,0.07,0.00,203.95
randomArrays,3,736,0.15,0.00,204.55
randomArrays,3,65,0.04,0.00,203.24
randomArrays,3,305,0.06,0.00,203.71
randomArrays,3,194,0.07,0.00,203.50
randomArrays,3,545,0.11,0.00,204.18
randomArrays,3,49,0.08,0.00,203.21
randomArrays,3,731,0.12,0.00,204.55
randomArrays,3,712,0.18,0.00,204.51
randomArrays,3,732,0.14,0.00,204.55
randomArrays,3,57,0.10,0.00,203.23
randomArrays,3,983,0.19,0.00,205.04
randomArrays,3,345,0.07,0.00,203.79
randomArrays,3,152,0.07,0.00,203.41
randomArrays,3,963,0.10,0.00,205.00
randomArrays,3,544,0.07,0.00,204.18
randomArrays,3,870,0.12,0.00,204.82
randomArrays,3,557,0.12,0.00,204.20
randomArrays,3,168,0.04,0.00,203.45
randomArrays,3,373,0.05,0.00,203.84
randomArrays,3,416,0.11,0.00,203.93
randomArrays,3,942,0.10,0.00,204.96
randomArrays,3,966,0.22,0.00,205.01
randomArrays,3,363,0.05,0.00,203.83
randomArrays,3,955,0.10,0.00,204.98
randomArrays,3,626,0.12,0.00,204.34
randomArrays,3,948,0.14,0.00,204.97
randomArrays,3,193,0.06,0.00,203.49
randomArrays,3,361,0.07,0.00,203.82
randomArrays,3,195,0.04,0.00,203.50
randomArrays,3,905,0.18,0.00,204.88
randomArrays,3,105,0.04,0.00,203.32
randomArrays,3,750,0.09,0.00,204.59
randomArrays,3,565,0.07,0.00,204.22
randomArrays,3,538,0.07,0.00,204.17
randomArrays,3,488,0.06,0.00,204.07
randomArrays,3,30,0.05,0.00,203.18
randomArrays,3,554,0.10,0.00,204.20
randomArrays,3,407,0.09,0.00,203.91
randomArrays,3,958,0.18,0.00,204.99
randomArrays,3,137,0.05,0.00,203.38
randomArrays,3,101,0.08,0.00,203.31
randomArrays,3,633,0.07,0.00,204.35
randomArrays,3,44,0.03,0.00,203.20
randomArrays,3,738,0.26,0.00,204.56
randomArrays,3,763,0.12,0.00,204.61
randomArrays,3,319,0.05,0.00,203.74
randomArrays,3,682,0.13,0.00,204.45
randomArrays,3,820,0.09,0.00,204.72
randomArrays,3,896,0.10,0.00,204.87
randomArrays,3,712,0.08,0.00,204.51
randomArrays,3,554,0.07,0.00,204.20
randomArrays,3,940,0.11,0.00,204.95
randomArrays,3,787,0.15,0.00,204.66
randomArrays,3,255,0.09,0.00,203.62
randomArrays,3,135,0.07,0.00,203.38
randomArrays,3,546,0.30,0.00,204.19
randomArrays,3,643,0.13,0.00,204.38
randomArrays,3,197,0.04,0.00,203.50
randomArrays,3,643,0.09,0.00,204.38
randomArrays,3,858,0.13,0.00,204.80
randomArrays,3,134,0.06,0.00,203.38
randomArrays,3,133,0.06,0.00,203.38
randomArrays,3,317,0.05,0.00,203.73
randomArrays,3,312,0.07,0.00,203.73
randomArrays,3,160,0.06,0.00,203.43
randomArrays,3,838,0.10,0.00,204.76
randomArrays,3,316,0.06,0.00,203.73
randomArrays,3,111,0.06,0.00,203.34
randomArrays,3,530,0.08,0.00,204.16
randomArrays,3,827,0.17,0.00,204.73
randomArrays,3,994,0.20,0.00,205.06
randomArrays,3,348,0.07,0.00,203.80
randomArrays,3,652,0.13,0.00,204.39
randomArrays,3,339,0.05,0.00,203.78
randomArrays,3,908,0.11,0.00,204.89
randomArrays,3,655,0.08,0.00,204.40
randomArrays,3,899,0.29,0.00,204.88
randomArrays,3,377,0.07,0.00,203.85
randomArrays,3,793,0.11,0.00,204.66
randomArrays,3,12,0.04,0.00,203.14
randomArrays,3,236,0.06,0.00,203.58
randomArrays,3,851,0.17,0.00,204.78
randomArrays,3,462,0.06,0.00,204.02
randomArrays,3,49,0.03,0.00,203.21
randomArrays,3,649,0.09,0.00,204.38
randomArrays,3,299,0.06,0.00,203.70
randomArrays,3,796,0.10,0.00,204.67
randomArrays,3,227,0.04,0.00,203.56
randomArrays,3,929,0.10,0.00,204.93
randomArrays,3,166,0.04,0.00,203.45
randomArrays,3,277,0.04,0.00,203.66
randomArrays,3,179,0.06,0.00,203.47
randomArrays,3,809,0.12,0.00,204.70
randomArrays,3,232,0.07,0.00,203.57
randomArrays,3,247,0.10,0.00,203.60
randomArrays,3,99,0.04,0.00,203.31
randomArrays,3,649,0.10,0.00,204.38
randomArrays,3,15,0.02,0.00,203.15
randomArrays,3,646,0.07,0.00,204.38
randomArrays,3,463,0.07,0.00,204.02
randomArrays,3,587,0.15,0.00,204.27
randomArrays,3,898,0.22,0.00,204.88
randomArrays,3,643,0.07,0.00,204.38
randomArrays,3,840,0.09,0.00,204.76
randomArrays,3,708,0.09,0.00,204.50
randomArrays,3,214,0.04,0.00,203.54
randomArrays,3,565,0.07,0.00,204.22
randomArrays,3,157,0.04,0.00,203.42
randomArrays,3,265,0.07,0.00,203.63
randomArrays,3,171,0.06,0.00,203.45
randomArrays,3,136,0.05,0.00,203.38
randomArrays,3,290,0.08,0.00,203.69
randomArrays,3,96,0.05,0.00,203.30
randomArrays,3,11,0.05,0.00,203.14
randomArrays,3,311,0.07,0.00,203.73
randomArrays,3,566,0.07,0.00,204.23
randomArrays,3,328,0.08,0.00,203.76
randomArrays,3,358,0.05,0.00,203.82
randomArrays,3,674,0.08,0.00,204.44
randomArrays,3,490,0.08,0.00,204.08
randomArrays,3,36,0.09,0.00,203.19
randomArrays,3,408,0.07,0.00,203.91
randomArrays,3,49,0.05,0.00,203.21
randomArrays,3,581,0.12,0.00,204.25
randomArrays,3,879,0.12,0.00,204.84
randomArrays,3,61,0.04,0.00,203.23
randomArrays,3,656,0.09,0.00,204.40
randomArrays,3,411,0.08,0.00,203.92
randomArrays,3,361,0.05,0.00,203.82
randomArrays,3,994,0.11,0.00,205.06
randomArrays,3,416,0.12,0.00,203.93
randomArrays,3,966,0.11,0.00,205.01
randomArrays,3,92,0.03,0.00,203.30
randomArrays,3,429,0.09,0.00,203.95
randomArrays,3,658,0.17,0.00,204.41
randomArrays,3,877,0.10,0.00,204.83
randomArrays,3,780,0.09,0.00,204.64
randomArrays,3,669,0.08,0.00,204.42
randomArrays,3,394,0.08,0.00,203.89
randomArrays,3,892,0.10,0.00,204.86
randomArrays,3,180,0.04,0.00,203.47
randomArrays,3,829,0.12,0.00,204.73
randomArrays,3,255,0.05,0.00,203.62
randomArrays,3,374,0.05,0.00,203.85
randomArrays,3,37,0.04,0.00,203.19
randomArrays,3,919,0.17,0.00,204.91
randomArrays,3,850,0.16,0.00,204.78
randomArrays,3,930,0.11,0.00,204.94
randomArrays,3,419,0.09,0.00,203.94
randomArrays,3,720,0.15,0.00,204.52
randomArrays,3,378,0.07,0.00,203.86
randomArrays,3,815,0.10,0.00,204.71
randomArrays,3,566,0.10,0.00,204.23
randomArrays,3,623,0.12,0.00,204.34
randomArrays,3,597,0.11,0.00,204.28
randomArrays,3,148,0.06,0.00,203.41
randomArrays,3,580,0.13,0.00,204.25
randomArrays,3,244,0.07,0.00,203.59
randomArrays,3,703,0.16,0.00,204.49
randomArrays,3,743,0.14,0.00,204.57
randomArrays,3,923,0.18,0.00,204.92
randomArrays,3,284,0.07,0.00,203.67
randomArrays,3,35,0.04,0.00,203.19
randomArrays,3,941,0.16,0.00,204.95
randomArrays,3,39,0.05,0.00,203.20
randomArrays,3,276,0.07,0.00,203.66
randomArrays,3,494,0.06,0.00,204.09
randomArrays,3,547,0.07,0.00,204.19
randomArrays,3,837,0.10,0.00,204.75
randomArrays,3,183,0.11,0.00,203.48
randomArrays,3,360,0.08,0.00,203.82
randomArrays,3,627,0.10,0.00,204.34
randomArrays,3,833,0.13,0.00,204.74
randomArrays,3,491,0.09,0.00,204.08
randomArrays,3,623,0.07,0.00,204.34
randomArrays,3,850,0.10,0.00,204.78
randomArrays,3,35,0.02,0.00,203.19
randomArrays,3,584,0.11,0.00,204.26
randomArrays,3,34,0.03,0.00,203.19
randomArrays,3,335,0.08,0.00,203.77
randomArrays,3,145,0.05,0.00,203.40
randomArrays,3,61,0.03,0.00,203.23
randomArrays,3,88,0.05,0.00,203.29
randomArrays,3,442,0.07,0.00,203.98
randomArrays,3,729,0.12,0.00,204.54
randomArrays,3,312,0.07,0.00,203.73
randomArrays,3,620,0.12,0.00,204.33
randomArrays,3,77,0.04,0.00,203.27
randomArrays,3,784,0.10,0.00,204.65
randomArrays,3,720,0.09,0.00,204.52
randomArrays,3,796,0.19,0.00,204.67
randomArrays,3,81,0.04,0.00,203.27
randomArrays,3,900,0.17,0.00,204.88
randomArrays,3,570,0.20,0.00,204.23
randomArrays,3,749,0.13,0.00,204.58
randomArrays,3,723,0.16,0.00,204.53
randomArrays,3,54,0.03,0.00,203.23
randomArrays,3,261,0.06,0.00,203.63
randomArrays,3,831,0.16,0.00,204.74
randomArrays,3,133,0.05,0.00,203.38
randomArrays,3,165,0.06,0.00,203.44
randomArrays,3,441,0.12,0.00,203.98
randomArrays,3,782,0.19,0.00,204.65
randomArrays,3,384,0.10,0.00,203.87
randomArrays,3,283,0.08,0.00,203.67
randomArrays,3,71,0.05,0.00,203.26
randomArrays,3,374,0.09,0.00,203.85
randomArrays,3,204,0.04,0.00,203.52
randomArrays,3,437,0.07,0.00,203.97
randomArrays,3,662,0.08,0.00,204.41
randomArrays,3,821,0.14,0.00,204.72
randomArrays,3,198,0.07,0.00,203.51
randomArrays,3,776,0.15,0.00,204.63
randomArrays,3,124,0.05,0.00,203.36
randomArrays,3,202,0.04,0.00,203.52
randomArrays,3,806,0.12,0.00,204.70
randomArrays,3,448,0.11,0.00,203.99
randomArrays,3,383,0.05,0.00,203.87
randomArrays,3,992,0.11,0.00,205.05
randomArrays,3,714,0.08,0.00,204.52
randomArrays,3,528,0.11,0.00,204.15
randomArrays,3,137,0.05,0.00,203.38
randomArrays,3,122,0.04,0.00,203.36
randomArrays,3,883,0.28,0.00,204.84
randomArrays,3,614,0.07,0.00,204.32
randomArrays,3,841,0.10,0.00,204.76
randomArrays,3,471,0.10,0.00,204.04
randomArrays,3,871,0.11,0.00,204.82
randomArrays,3,938,0.14,0.00,204.95
randomArrays,3,238,0.07,0.00,203.59
randomArrays,3,772,0.10,0.00,204.63
randomArrays,3,334,0.08,0.00,203.77
randomArrays,3,274,0.05,0.00,203.66
randomArrays,3,385,0.09,0.00,203.87
randomArrays,3,455,0.11,0.00,204.01
randomArrays,3,202,0.04,0.00,203.52
randomArrays,3,349,0.07,0.00,203.80
randomArrays,3,170,0.09,0.00,203.45
randomArrays,3,365,0.05,0.00,203.83
randomArrays,3,921,0.10,0.00,204.91
randomArrays,3,368,0.09,0.00,203.84
randomArrays,3,851,0.13,0.00,204.78
randomArrays,3,736,0.29,0.00,204.55
randomArrays,3,64,0.03,0.00,203.24
randomArrays,3,371,0.08,0.00,203.84
randomArrays,3,962,0.11,0.00,205.00
randomArrays,3,758,0.11,0.00,204.60
randomArrays,3,565,0.10,0.00,204.22
randomArrays,3,246,0.09,0.00,203.60
randomArrays,3,390,0.09,0.00,203.88
randomArrays,3,833,0.24,0.00,204.74
randomArrays,3,359,0.09,0.00,203.82
randomArrays,3,647,0.13,0.00,204.38
randomArrays,3,830,0.19,0.00,204.74
randomArrays,3,790,0.24,0.00,204.66
randomArrays,3,789,0.17,0.00,204.66
randomArrays,3,33,0.04,0.00,203.18
randomArrays,3,324,0.09,0.00,203.75
randomArrays,3,460,0.09,0.00,204.02
randomArrays,3,660,0.16,0.00,204.41
randomArrays,3,553,0.11,0.00,204.20
randomArrays,3,181,0.07,0.00,203.47
randomArrays,3,106,0.05,0.00,203.33
randomArrays,3,198,0.07,0.00,203.51
randomArrays,3,795,0.17,0.00,204.67
randomArrays,3,149,0.19,0.00,203.41
randomArrays,3,42,0.04,0.00,203.20
randomArrays,3,538,0.11,0.00,204.17
randomArrays,3,405,0.10,0.00,203.91
randomArrays,3,741,0.14,0.00,204.56
randomArrays,3,88,0.04,0.00,203.29
randomArrays,3,896,0.16,0.00,204.87
randomArrays,3,574,0.13,0.00,204.24
randomArrays,3,34,0.04,0.00,203.19
randomArrays,3,83,0.05,0.00,203.28
randomArrays,3,311,0.07,0.00,203.73
randomArrays,3,168,0.06,0.00,203.45
randomArrays,3,720,0.10,0.00,204.52
randomArrays,3,499,0.11,0.00,204.09
randomArrays,3,280,0.08,0.00,203.66
randomArrays,3,960,0.18,0.00,204.99
randomArrays,3,351,0.06,0.00,203.80
randomArrays,3,840,0.18,0.00,204.76
randomArrays,3,826,0.14,0.00,204.73
randomArrays,3,780,0.09,0.00,204.64
randomArrays,3,592,0.14,0.00,204.27
randomArrays,3,601,0.12,0.00,204.29
randomArrays,3,924,0.10,0.00,204.92
randomArrays,3,630,0.13,0.00,204.35
randomArrays,3,738,0.14,0.00,204.56
randomArrays,3,43,0.03,0.00,203.20
randomArrays,3,546,0.07,0.00,204.19
randomArrays,3,118,0.03,0.00,203.35
randomArrays,3,812,0.10,0.00,204.70
randomArrays,3,636,0.15,0.00,204.36
randomArrays,3,253,0.07,0.00,203.61
randomArrays,3,443,0.12,0.00,203.98
randomArrays,3,292,0.08,0.00,203.69
randomArrays,3,723,0.21,0.00,204.53
randomArrays,3,398,0.10,0.00,203.90
randomArrays,3,368,0.10,0.00,203.84
randomArrays,3,534,0.11,0.00,204.16
randomArrays,3,899,0.14,0.00,204.88
randomArrays,3,137,0.04,0.00,203.38
randomArrays,3,187,0.06,0.00,203.48
randomArrays,3,164,0.06,0.00,203.44
randomArrays,3,735,0.13,0.00,204.55
randomArrays,3,524,0.13,0.00,204.14
randomArrays,3,512,0.11,0.00,204.12
randomArrays,3,15,0.04,0.00,203.15
randomArrays,3,737,0.14,0.00,204.55
randomArrays,3,616,0.14,0.00,204.32
randomArrays,3,349,0.12,0.00,203.80
randomArrays,3,645,0.14,0.00,204.38
randomArrays,3,502,0.08,0.00,204.10
randomArrays,3,932,0.16,0.00,204.94
randomArrays,3,778,0.14,0.00,204.64
randomArrays,3,126,0.05,0.00,203.37
randomArrays,3,836,0.14,0.00,204.75
randomArrays,3,911,0.14,0.00,204.90
randomArrays,3,265,0.08,0.00,203.63
randomArrays,3,694,0.14,0.00,204.48
randomArrays,3,188,0.07,0.00,203.48
randomArrays,3,282,0.08,0.00,203.67
randomArrays,3,347,0.13,0.00,203.80
randomArrays,3,768,0.09,0.00,204.62
randomArrays,3,778,0.13,0.00,204.64
randomArrays,3,549,0.07,0.00,204.19
randomArrays,3,12,0.03,0.00,203.14
randomArrays,3,336,0.08,0.00,203.77
randomArrays,3,949,0.15,0.00,204.97
randomArrays,3,179,0.07,0.00,203.47
randomArrays,3,634,0.08,0.00,204.36
randomArrays,3,38,0.05,0.00,203.20
randomArrays,3,123,0.06,0.00,203.36
randomArrays,3,282,0.05,0.00,203.67
randomArrays,3,452,0.10,0.00,204.00
randomArrays,3,217,0.07,0.00,203.54
randomArrays,3,629,0.10,0.00,204.34
randomArrays,3,275,0.07,0.00,203.66
randomArrays,3,66,0.04,0.00,203.25
randomArrays,3,308,0.10,0.00,203.72
randomArrays,3,809,0.17,0.00,204.70
randomArrays,3,634,0.13,0.00,204.36
randomArrays,3,478,0.12,0.00,204.05
randomArrays,3,336,0.08,0.00,203.77
randomArrays,3,672,0.14,0.00,204.43
randomArrays,3,583,0.13,0.00,204.26
randomArrays,3,413,0.12,0.00,203.92
randomArrays,3,683,0.15,0.00,204.45
randomArrays,3,463,0.12,0.00,204.02
randomArrays,3,267,0.09,0.00,203.64
randomArrays,3,73,0.05,0.00,203.26
randomArrays,3,641,0.13,0.00,204.37
randomArrays,3,827,0.21,0.00,204.73
randomArrays,3,864,0.16,0.00,204.80
randomArrays,3,672,0.19,0.00,204.43
randomArrays,3,948,0.20,0.00,204.97
randomArrays,3,523,0.11,0.00,204.14
randomArrays,3,113,0.03,0.00,203.34
randomArrays,3,855,0.18,0.00,204.79
randomArrays,3,764,0.11,0.00,204.61
randomArrays,3,559,0.18,0.00,204.21
randomArrays,3,256,0.07,0.00,203.62
randomArrays,3,861,0.19,0.00,204.80
randomArrays,3,215,0.08,0.00,203.54
randomArrays,3,610,0.08,0.00,204.31
randomArrays,3,133,0.07,0.00,203.38
randomArrays,3,721,0.14,0.00,204.52
randomArrays,3,826,0.16,0.00,204.73
randomArrays,3,732,0.14,0.00,204.55
randomArrays,3,218,0.07,0.00,203.55
randomArrays,3,897,0.10,0.00,204.87
randomArrays,3,95,0.04,0.00,203.30
randomArrays,3,596,0.08,0.00,204.28
randomArrays,3,333,0.06,0.00,203.77
randomArrays,3,139,0.06,0.00,203.39
randomArrays,3,90,0.06,0.00,203.30
randomArrays,3,724,0.10,0.00,204.53
randomArrays,3,24,0.05,0.00,203.16
randomArrays,3,182,0.05,0.00,203.48
randomArrays,3,440,0.08,0.00,203.98
randomArrays,3,521,0.12,0.00,204.13
randomArrays,3,653,0.14,0.00,204.39
randomArrays,3,422,0.06,0.00,203.95
randomArrays,3,919,0.16,0.00,204.91
randomArrays,3,399,0.08,0.00,203.90
randomArrays,3,148,0.04,0.00,203.41
randomArrays,3,651,0.12,0.00,204.39
randomArrays,3,953,0.11,0.00,204.98
randomArrays,3,205,0.04,0.00,203.52
randomArrays,3,713,0.13,0.00,204.51
randomArrays,3,335,0.05,0.00,203.77
randomArrays,3,800,0.09,0.00,204.68
randomArrays,3,263,0.06,0.00,203.63
randomArrays,3,305,0.07,0.00,203.71
randomArrays,3,772,0.12,0.00,204.63
randomArrays,3,760,0.09,0.00,204.60
randomArrays,3,985,0.11,0.00,205.04
randomArrays,3,468,0.09,0.00,204.03
randomArrays,3,542,0.10,0.00,204.18
randomArrays,3,137,0.05,0.00,203.38
randomArrays,3,877,0.12,0.00,204.83
randomArrays,3,407,0.06,0.00,203.91
randomArrays,3,13,0.04,0.00,203.14
randomArrays,3,857,0.15,0.00,204.79
randomArrays,3,961,0.11,0.00,204.99
randomArrays,3,963,0.11,0.00,205.00
randomArrays,3,792,0.09,0.00,204.66
randomArrays,3,190,0.06,0.00,203.49
randomArrays,3,859,0.10,0.00,204.80
randomArrays,3,989,0.11,0.00,205.05
randomArrays,3,816,0.10,0.00,204.71
randomArrays,3,950,0.15,0.00,204.98
randomArrays,3,241,0.07,0.00,203.59
randomArrays,3,957,0.15,0.00,204.98
randomArrays,3,155,0.05,0.00,203.42
randomArrays,3,625,0.08,0.00,204.34
randomArrays,3,573,0.08,0.00,204.23
randomArrays,3,278,0.06,0.00,203.66
randomArrays,3,67,0.04,0.00,203.25
randomArrays,3,785,0.12,0.00,204.65
randomArrays,3,576,0.13,0.00,204.24
randomArrays,3,949,0.13,0.00,204.97
randomArrays,3,274,0.05,0.00,203.66
randomArrays,3,827,0.13,0.00,204.73
randomArrays,3,246,0.06,0.00,203.60
randomArrays,3,497,0.09,0.00,204.09
randomArrays,3,98,0.04,0.00,203.31
randomArrays,3,87,0.04,0.00,203.29
randomArrays,3,362,0.08,0.00,203.83
randomArrays,3,748,0.12,0.00,204.58
randomArrays,3,553,0.10,0.00,204.20
randomArrays,3,931,0.17,0.00,204.94
randomArrays,3,24,0.04,0.00,203.16
randomArrays,3,836,0.12,0.00,204.75
randomArrays,3,524,0.13,0.00,204.14
randomArrays,3,286,0.07,0.00,203.68
randomArrays,3,379,0.06,0.00,203.86
randomArrays,3,654,0.13,0.00,204.40
randomArrays,3,795,0.17,0.00,204.67
randomArrays,3,335,0.05,0.00,203.77
randomArrays,3,218,0.07,0.00,203.55
randomArrays,3,390,0.08,0.00,203.88
randomArrays,3,80,0.03,0.00,203.27
randomArrays,3,602,0.13,0.00,204.30
randomArrays,3,687,0.12,0.00,204.46
randomArrays,3,573,0.09,0.00,204.23
randomArrays,3,857,0.10,0.00,204.79
randomArrays,3,484,0.09,0.00,204.06
randomArrays,3,633,0.09,0.00,204.35
randomArrays,3,393,0.10,0.00,203.88
randomArrays,3,953,0.12,0.00,204.98
randomArrays,3,718,0.09,0.00,204.52
randomArrays,3,330,0.06,0.00,203.77
randomArrays,3,273,0.06,0.00,203.65
randomArrays,3,323,0.08,0.00,203.75
randomArrays,3,971,0.22,0.00,205.02
randomArrays,3,156,0.04,0.00,203.42
randomArrays,3,971,0.19,0.00,205.02
randomArrays,3,202,0.06,0.00,203.52
randomArrays,3,201,0.06,0.00,203.51
randomArrays,3,230,0.06,0.00,203.57
randomArrays,3,953,0.18,0.00,204.98
randomArrays,3,399,0.09,0.00,203.90
randomArrays,3,354,0.11,0.00,203.81
randomArrays,3,334,0.08,0.00,203.77
randomArrays,3,538,0.09,0.00,204.17
randomArrays,3,238,0.05,0.00,203.59
randomArrays,3,415,0.07,0.00,203.93
randomArrays,3,498,0.12,0.00,204.09
randomArrays,3,193,0.05,0.00,203.49
randomArrays,3,125,0.08,0.00,203.36
randomArrays,3,100,0.05,0.00,203.31
randomArrays,3,742,0.14,0.00,204.57
randomArrays,3,588,0.09,0.00,204.27
randomArrays,3,355,0.06,0.00,203.81
randomArrays,3,923,0.13,0.00,204.92
randomArrays,3,167,0.07,0.00,203.45
randomArrays,3,518,0.08,0.00,204.13
randomArrays,3,649,0.09,0.00,204.38
randomArrays,3,280,0.07,0.00,203.66
randomArrays,3,842,0.20,0.00,204.77
randomArrays,3,586,0.09,0.00,204.27
randomArrays,3,519,0.10,0.00,204.13
randomArrays,3,112,0.06,0.00,203.34
randomArrays,3,320,0.05,0.00,203.74
randomArrays,3,955,0.12,0.00,204.98
randomArrays,3,61,0.03,0.00,203.23
randomArrays,3,709,0.13,0.00,204.50
randomArrays,3,671,0.12,0.00,204.43
randomArrays,3,437,0.10,0.00,203.97
randomArrays,3,917,0.11,0.00,204.91
randomArrays,3,499,0.08,0.00,204.09
randomArrays,3,503,0.14,0.00,204.10
randomArrays,3,676,0.10,0.00,204.44
randomArrays,3,594,0.10,0.00,204.28
randomArrays,3,48,0.05,0.00,203.21
randomArrays,3,590,0.08,0.00,204.27
randomArrays,3,861,0.11,0.00,204.80
randomArrays,3,363,0.08,0.00,203.83
randomArrays,3,969,0.14,0.00,205.01
randomArrays,3,912,0.21,0.00,204.90
randomArrays,3,779,0.12,0.00,204.64
randomArrays,3,301,0.07,0.00,203.70
randomArrays,3,545,0.12,0.00,204.18
randomArrays,3,24,0.04,0.00,203.16
randomArrays,3,953,0.12,0.00,204.98
randomArrays,3,440,0.08,0.00,203.98
randomArrays,3,997,0.18,0.00,205.06
randomArrays,3,661,0.09,0.00,204.41
randomArrays,3,583,0.10,0.00,204.26
randomArrays,3,478,0.09,0.00,204.05
randomArrays,3,220,0.06,0.00,203.55
randomArrays,3,458,0.08,0.00,204.02
randomArrays,3,783,0.14,0.00,204.65
randomArrays,3,554,0.10,0.00,204.20
randomArrays,3,167,0.04,0.00,203.45
randomArrays,3,338,0.08,0.00,203.78
randomArrays,3,321,0.07,0.00,203.74
randomArrays,3,993,0.17,0.00,205.05
randomArrays,3,414,0.10,0.00,203.93
randomArrays,3,630,0.17,0.00,204.35
randomArrays,3,572,0.10,0.00,204.23
randomArrays,3,119,0.06,0.00,203.35
randomArrays,3,852,0.16,0.00,204.78
randomArrays,3,392,0.10,0.00,203.88
randomArrays,3,744,0.16,0.00,204.57
randomArrays,3,767,0.08,0.00,204.62
randomArrays,3,419,0.09,0.00,203.94
randomArrays,3,186,0.05,0.00,203.48
randomArrays,3,498,0.08,0.00,204.09
randomArrays,3,369,0.11,0.00,203.84
randomArrays,3,545,0.11,0.00,204.18
randomArrays,3,585,0.11,0.00,204.26
randomArrays,3,232,0.05,0.00,203.57
randomArrays,3,683,0.14,0.00,204.45
randomArrays,3,373,0.10,0.00,203.84
randomArrays,3,67,0.05,0.00,203.25
randomArrays,3,47,0.03,0.00,203.21
randomArrays,3,353,0.10,0.00,203.80
randomArrays,3,165,0.07,0.00,203.44
randomArrays,3,822,0.14,0.00,204.73
randomArrays,3,207,0.05,0.00,203.52
randomArrays,3,365,0.07,0.00,203.83
randomArrays,3,33,0.03,0.00,203.18
randomArrays,3,324,0.07,0.00,203.75
randomArrays,3,533,0.12,0.00,204.16
randomArrays,3,467,0.09,0.00,204.03
randomArrays,3,653,0.10,0.00,204.39
randomArrays,3,262,0.07,0.00,203.63
randomArrays,3,26,0.05,0.00,203.17
randomArrays,3,705,0.14,0.00,204.49
randomArrays,3,945,0.15,0.00,204.96
randomArrays,3,145,0.05,0.00,203.40
randomArrays,3,987,0.16,0.00,205.05
randomArrays,3,40,0.05,0.00,203.20
randomArrays,3,418,0.06,0.00,203.94
randomArrays,3,20,0.06,0.00,203.16
randomArrays,3,618,0.13,0.00,204.33
randomArrays,3,463,0.10,0.00,204.02
randomArrays,3,310,0.08,0.00,203.73
randomArrays,3,753,0.16,0.00,204.59
randomArrays,3,203,0.08,0.00,203.52
randomArrays,3,756,0.11,0.00,204.59
randomArrays,3,998,0.17,0.00,205.07
randomArrays,3,631,0.09,0.00,204.35
randomArrays,3,788,0.13,0.00,204.66
randomArrays,3,364,0.10,0.00,203.83
randomArrays,3,435,0.08,0.00,203.97
randomArrays,3,379,0.08,0.00,203.86
randomArrays,3,208,0.06,0.00,203.52
randomArrays,3,503,0.09,0.00,204.10
randomArrays,3,97,0.04,0.00,203.30
randomArrays,3,266,0.06,0.00,203.64
randomArrays,3,828,0.20,0.00,204.73
randomArrays,3,319,0.08,0.00,203.74
randomArrays,3,898,0.17,0.00,204.88
randomArrays,3,380,0.07,0.00,203.86
randomArrays,3,450,0.09,0.00,204.00
randomArrays,3,142,0.06,0.00,203.40
randomArrays,3,434,0.07,0.00,203.97
randomArrays,3,96,0.04,0.00,203.30
randomArrays,3,641,0.11,0.00,204.37
randomArrays,3,538,0.07,0.00,204.17
randomArrays,3,502,0.08,0.00,204.10
randomArrays,3,599,0.16,0.00,204.29
randomArrays,3,299,0.05,0.00,203.70
randomArrays,3,620,0.09,0.00,204.33
randomArrays,3,606,0.12,0.00,204.30
randomArrays,3,282,0.04,0.00,203.67
randomArrays,3,205,0.06,0.00,203.52
randomArrays,3,504,0.08,0.00,204.10
randomArrays,3,315,0.05,0.00,203.73
randomArrays,3,739,0.11,0.00,204.56
randomArrays,3,226,0.04,0.00,203.56
randomArrays,3,239,0.06,0.00,203.59
randomArrays,3,656,0.11,0.00,204.40
randomArrays,3,467,0.11,0.00,204.03
randomArrays,3,855,0.11,0.00,204.79
randomArrays,3,12,0.04,0.00,203.14
randomArrays,3,751,0.15,0.00,204.59
randomArrays,3,426,0.09,0.00,203.95
randomArrays,3,735,0.10,0.00,204.55
randomArrays,3,321,0.06,0.00,203.74
randomArrays,3,522,0.10,0.00,204.14
randomArrays,3,888,0.18,0.00,204.85
randomArrays,3,118,0.05,0.00,203.35
randomArrays,3,813,0.14,0.00,204.70
randomArrays,3,547,0.13,0.00,204.19
randomArrays,3,860,0.19,0.00,204.80
randomArrays,3,189,0.07,0.00,203.48
randomArrays,3,668,0.16,0.00,204.42
randomArrays,3,583,0.10,0.00,204.26
randomArrays,3,489,0.11,0.00,204.07
randomArrays,3,414,0.09,0.00,203.93
randomArrays,3,905,0.20,0.00,204.88
randomArrays,3,742,0.18,0.00,204.57
randomArrays,3,358,0.10,0.00,203.82
randomArrays,3,741,0.17,0.00,204.56
randomArrays,3,470,0.13,0.00,204.04
randomArrays,3,111,0.16,0.00,203.34
randomArrays,3,546,0.13,0.00,204.19
randomArrays,3,591,0.13,0.00,204.27
randomArrays,3,884,0.18,0.00,204.84
randomArrays,3,684,0.14,0.00,204.45
randomArrays,3,975,0.21,0.00,205.02
randomArrays,3,739,0.16,0.00,204.56
randomArrays,3,725,0.11,0.00,204.53
randomArrays,3,893,0.14,0.00,204.86
randomArrays,3,16,0.04,0.00,203.15
randomArrays,3,467,0.14,0.00,204.03
randomArrays,3,307,0.08,0.00,203.72
randomArrays,3,235,0.07,0.00,203.58
randomArrays,3,377,0.07,0.00,203.85
randomArrays,3,448,0.11,0.00,203.99
randomArrays,3,999,0.21,0.00,205.07
randomArrays,3,98,0.05,0.00,203.31
randomArrays,3,456,0.06,0.00,204.01
randomArrays,3,118,0.06,0.00,203.35
randomArrays,3,406,0.10,0.00,203.91
randomArrays,3,33,0.03,0.00,203.18
randomArrays,3,517,0.11,0.00,204.13
randomArrays,3,248,0.05,0.00,203.60
randomArrays,3,61,0.05,0.00,203.23
randomArrays,3,547,0.09,0.00,204.19
randomArrays,3,602,0.13,0.00,204.30
randomArrays,3,579,0.08,0.00,204.25
randomArrays,3,972,0.13,0.00,205.02
randomArrays,3,653,0.14,0.00,204.39
randomArrays,3,866,0.21,0.00,204.81
randomArrays,3,417,0.11,0.00,203.93
randomArrays,3,386,0.09,0.00,203.88
randomArrays,3,349,0.06,0.00,203.80
randomArrays,3,598,0.11,0.00,204.29
randomArrays,3,856,0.18,0.00,204.79
randomArrays,3,152,0.05,0.00,203.41
randomArrays,3,436,0.11,0.00,203.97
randomArrays,3,356,0.10,0.00,203.81
randomArrays,3,598,0.15,0.00,204.29
randomArrays,3,578,0.11,0.00,204.25
randomArrays,3,786,0.21,0.00,204.66
randomArrays,3,124,0.05,0.00,203.36
randomArrays,3,439,0.08,0.00,203.98
randomArrays,3,492,0.12,0.00,204.08
randomArrays,3,207,0.06,0.00,203.52
randomArrays,3,100,0.05,0.00,203.31
randomArrays,3,591,0.09,0.00,204.27
randomArrays,3,397,0.07,0.00,203.89
randomArrays,3,295,0.08,0.00,203.70
randomArrays,3,733,0.12,0.00,204.55
randomArrays,3,231,0.05,0.00,203.57
randomArrays,3,565,0.08,0.00,204.22
randomArrays,3,910,0.12,0.00,204.90
randomArrays,3,74,0.05,0.00,203.27
randomArrays,3,647,0.11,0.00,204.38
randomArrays,3,456,0.10,0.00,204.01
randomArrays,3,954,0.13,0.00,204.98
randomArrays,3,495,0.09,0.00,204.09
randomArrays,3,487,0.09,0.00,204.07
randomArrays,3,559,0.10,0.00,204.21
randomArrays,3,512,0.09,0.00,204.12
randomArrays,3,247,0.05,0.00,203.60
randomArrays,3,219,0.06,0.00,203.55
randomArrays,3,839,0.10,0.00,204.76
randomArrays,3,887,0.10,0.00,204.85
randomArrays,3,942,0.13,0.00,204.96
randomArrays,3,920,0.14,0.00,204.91
randomArrays,3,868,0.13,0.00,204.81
randomArrays,3,25,0.03,0.00,203.16
randomArrays,3,174,0.06,0.00,203.46
randomArrays,3,818,0.18,0.00,204.72
randomArrays,3,660,0.16,0.00,204.41
randomArrays,3,592,0.09,0.00,204.27
randomArrays,3,942,0.16,0.00,204.96
randomArrays,3,962,0.22,0.00,205.00
randomArrays,3,254,0.05,0.00,203.62
randomArrays,3,527,0.09,0.00,204.15
randomArrays,3,786,0.12,0.00,204.66
randomArrays,3,179,0.06,0.00,203.47
randomArrays,3,678,0.16,0.00,204.45
randomArrays,3,950,0.12,0.00,204.98
randomArrays,3,538,0.09,0.00,204.17
randomArrays,3,185,0.05,0.00,203.48
randomArrays,3,689,0.11,0.00,204.46
randomArrays,3,161,0.04,0.00,203.43
randomArrays,3,509,0.07,0.00,204.11
randomArrays,3,376,0.05,0.00,203.85
randomArrays,3,766,0.12,0.00,204.62
randomArrays,3,706,0.10,0.00,204.50
randomArrays,3,644,0.11,0.00,204.38
randomArrays,3,758,0.10,0.00,204.60
randomArrays,3,747,0.22,0.00,204.58
randomArrays,3,349,0.07,0.00,203.80
randomArrays,3,574,0.13,0.00,204.24
randomArrays,3,888,0.13,0.00,204.85
randomArrays,3,235,0.07,0.00,203.58
randomArrays,3,653,0.12,0.00,204.39
randomArrays,3,630,0.08,0.00,204.35
randomArrays,3,76,0.04,0.00,203.27
randomArrays,3,436,0.09,0.00,203.97
randomArrays,3,771,0.11,0.00,204.63
randomArrays,3,217,0.05,0.00,203.54
randomArrays,3,419,0.07,0.00,203.94
randomArrays,3,860,0.14,0.00,204.80
randomArrays,3,288,0.07,0.00,203.68
randomArrays,3,280,0.31,0.00,203.66
randomArrays,3,242,0.06,0.00,203.59
randomArrays,3,602,0.22,0.00,204.30
randomArrays,3,44,0.04,0.00,203.20
randomArrays,3,547,0.09,0.00,204.19
randomArrays,3,860,0.14,0.00,204.80
randomArrays,3,737,0.17,0.00,204.55
randomArrays,3,738,0.11,0.00,204.56
randomArrays,3,725,0.17,0.00,204.53
randomArrays,3,684,0.14,0.00,204.45
randomArrays,3,233,0.07,0.00,203.57
randomArrays,3,342,0.07,0.00,203.79
randomArrays,3,855,0.12,0.00,204.79
randomArrays,3,861,0.18,0.00,204.80
randomArrays,3,566,0.10,0.00,204.23
randomArrays,3,406,0.08,0.00,203.91
randomArrays,3,192,0.06,0.00,203.49
randomArrays,3,850,0.16,0.00,204.78
randomArrays,3,609,0.09,0.00,204.30
randomArrays,3,18,0.04,0.00,203.16
randomArrays,3,482,0.10,0.00,204.06
randomArrays,3,264,0.07,0.00,203.63
randomArrays,3,319,0.08,0.00,203.74
randomArrays,3,252,0.06,0.00,203.61
randomArrays,3,342,0.07,0.00,203.79
randomArrays,3,252,0.06,0.00,203.61
randomArrays,3,205,0.06,0.00,203.52
randomArrays,3,942,0.13,0.00,204.96
randomArrays,3,744,0.12,0.00,204.57
randomArrays,3,537,0.09,0.00,204.16
randomArrays,3,501,0.07,0.00,204.09
randomArrays,3,853,0.11,0.00,204.78
randomArrays,3,341,0.06,0.00,203.78
randomArrays,3,800,1.08,0.00,204.68
randomArrays,3,857,0.11,0.00,204.79
randomArrays,3,427,0.06,0.00,203.95
randomArrays,3,647,0.09,0.00,204.38
randomArrays,3,76,0.04,0.00,203.27
randomArrays,3,677,0.10,0.00,204.44
randomArrays,3,579,0.09,0.00,204.25
randomArrays,3,731,0.15,0.00,204.55
randomArrays,3,704,0.12,0.00,204.49
randomArrays,3,266,0.06,0.00,203.64
randomArrays,3,961,0.16,0.00,204.99
randomArrays,3,263,0.07,0.00,203.63
randomArrays,3,434,0.07,0.00,203.97
randomArrays,3,484,0.07,0.00,204.06
randomArrays,3,163,0.06,0.00,203.44
randomArrays,3,984,0.19,0.00,205.04
randomArrays,3,211,0.05,0.00,203.53
randomArrays,3,185,0.06,0.00,203.48
randomArrays,3,467,0.10,0.00,204.03
randomArrays,3,214,0.05,0.00,203.54
randomArrays,3,35,0.04,0.00,203.19
randomArrays,3,141,0.04,0.00,203.39
randomArrays,3,559,0.10,0.00,204.21
randomArrays,3,706,0.09,0.00,204.50
randomArrays,3,68,0.04,0.00,203.25
randomArrays,3,12,0.03,0.00,203.14
randomArrays,3,405,0.07,0.00,203.91
randomArrays,3,288,0.06,0.00,203.68
randomArrays,3,955,0.18,0.00,204.98
randomArrays,3,50,0.05,0.00,203.22
randomArrays,3,752,0.12,0.00,204.59
randomArrays,3,695,0.09,0.00,204.48
randomArrays,3,186,0.05,0.00,203.48
randomArrays,3,737,0.14,0.00,204.55
randomArrays,3,948,0.11,0.00,204.97
randomArrays,3,151,0.06,0.00,203.41
randomArrays,3,46,0.04,0.00,203.21
randomArrays,3,968,0.11,0.00,205.01
randomArrays,3,333,0.07,0.00,203.77
randomArrays,3,189,0.07,0.00,203.48
randomArrays,3,190,0.06,0.00,203.49
randomArrays,3,589,0.11,0.00,204.27
randomArrays,3,230,0.05,0.00,203.57
randomArrays,3,535,0.11,0.00,204.16
randomArrays,3,189,0.05,0.00,203.48
randomArrays,3,948,0.19,0.00,204.97
randomArrays,3,834,0.16,0.00,204.75
randomArrays,3,273,0.07,0.00,203.65
randomArrays,3,773,0.21,0.00,204.63
randomArrays,3,342,0.06,0.00,203.79
randomArrays,3,995,0.21,0.00,205.06
randomArrays,3,221,0.05,0.00,203.55
randomArrays,3,519,0.10,0.00,204.13
randomArrays,3,479,0.07,0.00,204.05
randomArrays,3,155,0.05,0.00,203.42
randomArrays,3,756,0.09,0.00,204.59
randomArrays,3,658,0.12,0.00,204.41
randomArrays,3,213,0.06,0.00,203.53
randomArrays,3,467,0.11,0.00,204.03
randomArrays,3,191,0.06,0.00,203.49
randomArrays,3,744,0.18,0.00,204.57
randomArrays,3,122,0.05,0.00,203.36
randomArrays,3,178,0.04,0.00,203.47
randomArrays,3,760,0.10,0.00,204.60
randomArrays,3,524,0.09,0.00,204.14
randomArrays,3,264,0.07,0.00,203.63
randomArrays,3,733,0.11,0.00,204.55
randomArrays,3,759,0.14,0.00,204.60
randomArrays,3,177,0.05,0.00,203.46
randomArrays,3,53,0.03,0.00,203.22
randomArrays,3,429,0.07,0.00,203.95
randomArrays,3,508,0.11,0.00,204.11
randomArrays,3,919,0.13,0.00,204.91
randomArrays,3,412,0.10,0.00,203.92
randomArrays,3,503,0.10,0.00,204.10
randomArrays,3,115,0.04,0.00,203.34
randomArrays,3,851,0.10,0.00,204.78
randomArrays,3,848,0.11,0.00,204.77
randomArrays,3,652,0.09,0.00,204.39
randomArrays,3,693,0.14,0.00,204.47
randomArrays,3,662,0.11,0.00,204.41
randomArrays,3,815,0.16,0.00,204.71
randomArrays,3,679,0.10,0.00,204.45
randomArrays,3,141,0.05,0.00,203.39
randomArrays,3,458,0.10,0.00,204.02
randomArrays,3,378,0.10,0.00,203.86
randomArrays,3,662,0.21,0.00,204.41
randomArrays,3,809,0.16,0.00,204.70
randomArrays,3,960,0.13,0.00,204.99
randomArrays,3,454,0.09,0.00,204.01
randomArrays,3,513,0.10,0.00,204.12
randomArrays,3,965,0.12,0.00,205.00
randomArrays,3,855,0.16,0.00,204.79
randomArrays,3,257,0.09,0.00,203.62
randomArrays,3,932,0.19,0.00,204.94
randomArrays,3,112,0.05,0.00,203.34
randomArrays,3,264,0.11,0.00,203.63
randomArrays,3,404,0.10,0.00,203.91
randomArrays,3,830,0.18,0.00,204.74
randomArrays,3,115,0.06,0.00,203.34
randomArrays,3,906,0.13,0.00,204.89
