Dataset,Algorithm,Run,Time(ms),CPU(%),Memory(MB)
randomArrays.txt,RecursiveInsertionSort,1,3.541500,0.00,0.00
randomArrays.txt,RecursiveInsertionSort,2,0.711000,0.00,0.00
randomArrays.txt,RecursiveInsertionSort,3,0.746500,0.00,0.00
randomArrays.txt,RecursiveInsertionSort,1,2.741300,0.00,0.00
randomArrays.txt,RecursiveInsertionSort,2,2.017900,0.00,0.00
randomArrays.txt,RecursiveInsertionSort,3,1.475300,0.00,0.00
randomArrays.txt,RecursiveInsertionSort,1,0.174500,0.00,0.00
randomArrays.txt,RecursiveInsertionSort,2,3.127000,374.76,0.00
randomArrays.txt,RecursiveInsertionSort,3,8.399000,0.00,0.00
randomArrays.txt,RecursiveInsertionSort,1,0.096700,0.00,0.00
randomArrays.txt,RecursiveInsertionSort,2,0.072800,0.00,0.00
randomArrays.txt,RecursiveInsertionSort,3,0.073800,0.00,0.00
randomArrays.txt,RecursiveInsertionSort,1,0.399200,0.00,0.00
randomArrays.txt,RecursiveInsertionSort,2,0.378700,0.00,0.00
randomArrays.txt,RecursiveInsertionSort,3,0.465400,0.00,0.00
randomArrays.txt,RecursiveInsertionSort,1,0.354100,0.00,0.00
randomArrays.txt,RecursiveInsertionSort,2,0.367700,0.00,0.00
randomArrays.txt,RecursiveInsertionSort,3,0.367300,0.00,0.00
randomArrays.txt,RecursiveInsertionSort,1,0.091100,0.00,0.00
randomArrays.txt,RecursiveInsertionSort,2,0.072400,0.00,0.00
randomArrays.txt,RecursiveInsertionSort,3,0.071200,0.00,0.00
randomArrays.txt,RecursiveInsertionSort,1,0.172200,0.00,0.00
randomArrays.txt,RecursiveInsertionSort,2,0.175400,0.00,0.00
randomArrays.txt,RecursiveInsertionSort,3,0.138900,0.00,0.00
randomArrays.txt,RecursiveInsertionSort,1,0.315000,0.00,0.00
randomArrays.txt,RecursiveInsertionSort,2,0.322500,0.00,0.00
randomArrays.txt,RecursiveInsertionSort,3,0.340700,0.00,0.00
randomArrays.txt,RecursiveInsertionSort,1,0.105600,0.00,0.00
randomArrays.txt,RecursiveInsertionSort,2,0.108700,0.00,0.00
randomArrays.txt,RecursiveInsertionSort,3,0.108500,0.00,0.00
randomArrays.txt,RecursiveInsertionSort,1,0.402700,0.00,0.00
randomArrays.txt,RecursiveInsertionSort,2,0.182700,0.00,0.00
randomArrays.txt,RecursiveInsertionSort,3,0.175000,0.00,0.00
randomArrays.txt,RecursiveInsertionSort,1,0.013400,0.00,0.00
randomArrays.txt,RecursiveInsertionSort,2,0.012500,0.00,0.00
randomArrays.txt,RecursiveInsertionSort,3,0.076600,0.00,0.00
randomArrays.txt,RecursiveInsertionSort,1,1.345600,290.30,0.00
randomArrays.txt,RecursiveInsertionSort,2,0.136100,0.00,0.00
randomArrays.txt,RecursiveInsertionSort,3,0.116600,0.00,0.00
randomArrays.txt,RecursiveInsertionSort,1,0.387700,0.00,0.00
randomArrays.txt,RecursiveInsertionSort,2,0.425800,0.00,0.00
randomArrays.txt,RecursiveInsertionSort,3,0.718500,0.00,0.00
randomArrays.txt,RecursiveInsertionSort,1,0.197200,0.00,0.00
randomArrays.txt,RecursiveInsertionSort,2,0.189000,0.00,0.00
randomArrays.txt,RecursiveInsertionSort,3,0.199300,0.00,0.00
randomArrays.txt,RecursiveInsertionSort,1,0.600700,0.00,0.00
randomArrays.txt,RecursiveInsertionSort,2,0.612700,0.00,0.00
randomArrays.txt,RecursiveInsertionSort,3,0.649700,0.00,0.00
randomArrays.txt,RecursiveInsertionSort,1,0.412200,0.00,0.00
randomArrays.txt,RecursiveInsertionSort,2,0.447100,873.69,0.00
randomArrays.txt,RecursiveInsertionSort,3,0.295600,0.00,0.00
randomArrays.txt,RecursiveInsertionSort,1,0.007300,0.00,0.00
randomArrays.txt,RecursiveInsertionSort,2,0.003900,0.00,0.00
randomArrays.txt,RecursiveInsertionSort,3,0.003500,0.00,0.00
randomArrays.txt,RecursiveInsertionSort,1,0.131400,0.00,0.00
randomArrays.txt,RecursiveInsertionSort,2,0.143500,0.00,0.00
randomArrays.txt,RecursiveInsertionSort,3,0.128800,0.00,0.00
randomArrays.txt,RecursiveInsertionSort,1,0.036600,0.00,0.00
randomArrays.txt,RecursiveInsertionSort,2,0.036700,0.00,0.00
randomArrays.txt,RecursiveInsertionSort,3,0.028200,0.00,0.00
randomArrays.txt,RecursiveInsertionSort,1,0.453600,0.00,0.00
randomArrays.txt,RecursiveInsertionSort,2,0.431100,0.00,0.00
randomArrays.txt,RecursiveInsertionSort,3,0.350400,0.00,0.00
randomArrays.txt,RecursiveInsertionSort,1,0.034000,0.00,0.00
randomArrays.txt,RecursiveInsertionSort,2,0.033600,0.00,0.00
randomArrays.txt,RecursiveInsertionSort,3,0.033300,0.00,0.00
randomArrays.txt,RecursiveInsertionSort,1,0.663100,0.00,0.00
randomArrays.txt,RecursiveInsertionSort,2,0.666400,0.00,0.00
randomArrays.txt,RecursiveInsertionSort,3,0.668500,0.00,0.00
randomArrays.txt,RecursiveInsertionSort,1,0.013200,0.00,0.00
randomArrays.txt,RecursiveInsertionSort,2,0.011700,0.00,0.00
randomArrays.txt,RecursiveInsertionSort,3,0.012800,0.00,0.00
randomArrays.txt,RecursiveInsertionSort,1,0.107500,0.00,0.00
randomArrays.txt,RecursiveInsertionSort,2,0.102900,0.00,0.00
randomArrays.txt,RecursiveInsertionSort,3,0.089400,0.00,0.00
randomArrays.txt,RecursiveInsertionSort,1,0.705200,0.00,0.00
randomArrays.txt,RecursiveInsertionSort,2,0.695800,0.00,0.00
randomArrays.txt,RecursiveInsertionSort,3,0.640700,0.00,0.00
randomArrays.txt,RecursiveInsertionSort,1,0.303500,0.00,0.00
randomArrays.txt,RecursiveInsertionSort,2,0.276500,0.00,0.00
randomArrays.txt,RecursiveInsertionSort,3,0.281100,0.00,0.00
randomArrays.txt,RecursiveInsertionSort,1,0.050100,0.00,0.00
randomArrays.txt,RecursiveInsertionSort,2,0.050000,0.00,0.00
randomArrays.txt,RecursiveInsertionSort,3,0.050300,0.00,0.00
randomArrays.txt,RecursiveInsertionSort,1,0.393300,0.00,0.00
randomArrays.txt,RecursiveInsertionSort,2,0.622300,0.00,0.00
randomArrays.txt,RecursiveInsertionSort,3,0.399800,0.00,0.00
randomArrays.txt,RecursiveInsertionSort,1,0.274600,0.00,0.00
randomArrays.txt,RecursiveInsertionSort,2,0.272300,0.00,0.00
randomArrays.txt,RecursiveInsertionSort,3,0.276400,1413.26,0.00
randomArrays.txt,RecursiveInsertionSort,1,0.189100,0.00,0.00
randomArrays.txt,RecursiveInsertionSort,2,0.113400,0.00,0.00
randomArrays.txt,RecursiveInsertionSort,3,0.190900,0.00,0.00
randomArrays.txt,RecursiveInsertionSort,1,0.062000,0.00,0.00
randomArrays.txt,RecursiveInsertionSort,2,0.050400,0.00,0.00
randomArrays.txt,RecursiveInsertionSort,3,0.050600,0.00,0.00
randomArrays.txt,RecursiveInsertionSort,1,0.066600,11730.48,0.00
randomArrays.txt,RecursiveInsertionSort,2,0.067600,0.00,0.00
randomArrays.txt,RecursiveInsertionSort,3,0.066500,0.00,0.00
randomArrays.txt,RecursiveInsertionSort,1,0.046500,0.00,0.00
randomArrays.txt,RecursiveInsertionSort,2,0.048000,0.00,0.00
randomArrays.txt,RecursiveInsertionSort,3,0.047000,0.00,0.00
randomArrays.txt,RecursiveInsertionSort,1,0.205500,0.00,0.00
randomArrays.txt,RecursiveInsertionSort,2,0.208300,0.00,0.00
randomArrays.txt,RecursiveInsertionSort,3,0.214300,0.00,0.00
randomArrays.txt,RecursiveInsertionSort,1,0.892000,0.00,0.00
randomArrays.txt,RecursiveInsertionSort,2,0.635500,0.00,0.00
randomArrays.txt,RecursiveInsertionSort,3,0.539900,0.00,0.00
randomArrays.txt,RecursiveInsertionSort,1,0.345600,0.00,0.00
randomArrays.txt,RecursiveInsertionSort,2,0.483900,0.00,0.00
randomArrays.txt,RecursiveInsertionSort,3,0.533700,0.00,0.00
randomArrays.txt,RecursiveInsertionSort,1,0.499300,0.00,0.00
randomArrays.txt,RecursiveInsertionSort,2,0.454400,0.00,0.00
randomArrays.txt,RecursiveInsertionSort,3,0.444100,0.00,0.00
randomArrays.txt,RecursiveInsertionSort,1,0.083200,0.00,0.00
randomArrays.txt,RecursiveInsertionSort,2,0.080100,0.00,0.00
randomArrays.txt,RecursiveInsertionSort,3,0.083300,0.00,0.00
randomArrays.txt,RecursiveInsertionSort,1,0.573500,0.00,0.00
randomArrays.txt,RecursiveInsertionSort,2,0.615300,0.00,0.00
randomArrays.txt,RecursiveInsertionSort,3,0.565900,0.00,0.00
randomArrays.txt,RecursiveInsertionSort,1,0.049300,0.00,0.00
randomArrays.txt,RecursiveInsertionSort,2,0.048700,0.00,0.00
randomArrays.txt,RecursiveInsertionSort,3,0.089400,0.00,0.00
randomArrays.txt,RecursiveInsertionSort,1,0.123100,0.00,0.00
randomArrays.txt,RecursiveInsertionSort,2,0.112300,0.00,0.00
randomArrays.txt,RecursiveInsertionSort,3,0.116600,0.00,0.00
randomArrays.txt,RecursiveInsertionSort,1,0.085600,0.00,0.00
randomArrays.txt,RecursiveInsertionSort,2,0.088500,0.00,0.00
randomArrays.txt,RecursiveInsertionSort,3,0.082100,0.00,0.00
randomArrays.txt,RecursiveInsertionSort,1,0.012200,0.00,0.00
randomArrays.txt,RecursiveInsertionSort,2,0.536000,0.00,0.00
randomArrays.txt,RecursiveInsertionSort,3,0.016800,0.00,0.00
randomArrays.txt,RecursiveInsertionSort,1,0.730700,0.00,0.00
randomArrays.txt,RecursiveInsertionSort,2,0.702400,0.00,0.00
randomArrays.txt,RecursiveInsertionSort,3,0.702800,0.00,0.00
randomArrays.txt,RecursiveInsertionSort,1,0.123700,0.00,0.00
randomArrays.txt,RecursiveInsertionSort,2,0.050200,0.00,0.00
randomArrays.txt,RecursiveInsertionSort,3,0.039100,0.00,0.00
randomArrays.txt,RecursiveInsertionSort,1,0.118300,0.00,0.00
randomArrays.txt,RecursiveInsertionSort,2,0.126300,0.00,0.00
randomArrays.txt,RecursiveInsertionSort,3,0.178700,0.00,0.00
randomArrays.txt,RecursiveInsertionSort,1,2.753700,0.00,0.00
randomArrays.txt,RecursiveInsertionSort,2,0.037200,0.00,0.00
randomArrays.txt,RecursiveInsertionSort,3,0.035500,0.00,0.00
randomArrays.txt,RecursiveInsertionSort,1,0.128700,3035.16,0.00
randomArrays.txt,RecursiveInsertionSort,2,0.133700,0.00,0.00
randomArrays.txt,RecursiveInsertionSort,3,0.368900,0.00,0.00
randomArrays.txt,RecursiveInsertionSort,1,0.546600,0.00,0.00
randomArrays.txt,RecursiveInsertionSort,2,0.544600,717.27,0.00
randomArrays.txt,RecursiveInsertionSort,3,0.523200,0.00,0.00
randomArrays.txt,RecursiveInsertionSort,1,0.734600,531.75,0.00
randomArrays.txt,RecursiveInsertionSort,2,0.546400,0.00,0.00
randomArrays.txt,RecursiveInsertionSort,3,0.479000,0.00,0.00
randomArrays.txt,RecursiveInsertionSort,1,0.697700,0.00,0.00
randomArrays.txt,RecursiveInsertionSort,2,0.600300,0.00,0.00
randomArrays.txt,RecursiveInsertionSort,3,0.613100,0.00,0.00
randomArrays.txt,RecursiveInsertionSort,1,1.470700,0.00,0.00
randomArrays.txt,RecursiveInsertionSort,2,0.210200,0.00,0.00
randomArrays.txt,RecursiveInsertionSort,3,0.248900,0.00,0.00
randomArrays.txt,RecursiveInsertionSort,1,0.020600,0.00,0.00
randomArrays.txt,RecursiveInsertionSort,2,0.028100,0.00,0.00
randomArrays.txt,RecursiveInsertionSort,3,0.020600,0.00,0.00
randomArrays.txt,RecursiveInsertionSort,1,0.180200,0.00,0.00
randomArrays.txt,RecursiveInsertionSort,2,1.932600,0.00,0.00
randomArrays.txt,RecursiveInsertionSort,3,0.176000,0.00,0.00
randomArrays.txt,RecursiveInsertionSort,1,0.299400,0.00,0.00
randomArrays.txt,RecursiveInsertionSort,2,0.446300,0.00,0.00
randomArrays.txt,RecursiveInsertionSort,3,0.570400,0.00,0.00
randomArrays.txt,RecursiveInsertionSort,1,0.049900,0.00,0.00
randomArrays.txt,RecursiveInsertionSort,2,0.042300,0.00,0.00
randomArrays.txt,RecursiveInsertionSort,3,0.044700,0.00,0.00
randomArrays.txt,RecursiveInsertionSort,1,0.109700,0.00,0.00
randomArrays.txt,RecursiveInsertionSort,2,0.123300,0.00,0.00
randomArrays.txt,RecursiveInsertionSort,3,0.105400,0.00,0.00
randomArrays.txt,RecursiveInsertionSort,1,0.226200,0.00,0.00
randomArrays.txt,RecursiveInsertionSort,2,0.243700,0.00,0.00
randomArrays.txt,RecursiveInsertionSort,3,0.226600,0.00,0.00
randomArrays.txt,RecursiveInsertionSort,1,0.691600,0.00,0.00
randomArrays.txt,RecursiveInsertionSort,2,0.688600,0.00,0.00
randomArrays.txt,RecursiveInsertionSort,3,0.612700,0.00,0.00
randomArrays.txt,RecursiveInsertionSort,1,0.139700,0.00,0.00
randomArrays.txt,RecursiveInsertionSort,2,0.142400,0.00,0.00
randomArrays.txt,RecursiveInsertionSort,3,0.117700,0.00,0.00
randomArrays.txt,RecursiveInsertionSort,1,0.152400,0.00,0.00
randomArrays.txt,RecursiveInsertionSort,2,0.177400,0.00,0.00
randomArrays.txt,RecursiveInsertionSort,3,0.153900,0.00,0.00
randomArrays.txt,RecursiveInsertionSort,1,0.171400,0.00,0.00
randomArrays.txt,RecursiveInsertionSort,2,0.209400,0.00,0.00
randomArrays.txt,RecursiveInsertionSort,3,0.169200,0.00,0.00
randomArrays.txt,RecursiveInsertionSort,1,0.500200,0.00,0.00
randomArrays.txt,RecursiveInsertionSort,2,0.432400,0.00,0.00
randomArrays.txt,RecursiveInsertionSort,3,0.431700,0.00,0.00
randomArrays.txt,RecursiveInsertionSort,1,0.003600,0.00,0.00
randomArrays.txt,RecursiveInsertionSort,2,0.003200,0.00,0.00
randomArrays.txt,RecursiveInsertionSort,3,0.002500,0.00,0.00
randomArrays.txt,RecursiveInsertionSort,1,0.009600,0.00,0.00
randomArrays.txt,RecursiveInsertionSort,2,0.009000,0.00,0.00
randomArrays.txt,RecursiveInsertionSort,3,0.009600,0.00,0.00
randomArrays.txt,RecursiveInsertionSort,1,0.075800,0.00,0.00
randomArrays.txt,RecursiveInsertionSort,2,0.084000,0.00,0.00
randomArrays.txt,RecursiveInsertionSort,3,0.072100,0.00,0.00
randomArrays.txt,RecursiveInsertionSort,1,0.667000,585.64,0.00
randomArrays.txt,RecursiveInsertionSort,2,1.988700,0.00,0.00
randomArrays.txt,RecursiveInsertionSort,3,0.779300,0.00,0.00
randomArrays.txt,RecursiveInsertionSort,1,0.666100,0.00,0.00
randomArrays.txt,RecursiveInsertionSort,2,0.615500,0.00,0.00
randomArrays.txt,RecursiveInsertionSort,3,0.623300,0.00,0.00
randomArrays.txt,RecursiveInsertionSort,1,0.367100,0.00,0.00
randomArrays.txt,RecursiveInsertionSort,2,0.376100,0.00,0.00
randomArrays.txt,RecursiveInsertionSort,3,0.398200,980.98,0.00
randomArrays.txt,RecursiveInsertionSort,1,0.136600,0.00,0.00
randomArrays.txt,RecursiveInsertionSort,2,0.135700,0.00,0.00
randomArrays.txt,RecursiveInsertionSort,3,0.131000,0.00,0.00
randomArrays.txt,RecursiveInsertionSort,1,0.193500,0.00,0.00
randomArrays.txt,RecursiveInsertionSort,2,0.192500,0.00,0.00
randomArrays.txt,RecursiveInsertionSort,3,0.192900,0.00,0.00
randomArrays.txt,RecursiveInsertionSort,1,0.060200,0.00,0.00
randomArrays.txt,RecursiveInsertionSort,2,0.056800,0.00,0.00
randomArrays.txt,RecursiveInsertionSort,3,0.056300,0.00,0.00
randomArrays.txt,RecursiveInsertionSort,1,1.280400,0.00,0.00
randomArrays.txt,RecursiveInsertionSort,2,0.355800,0.00,0.00
randomArrays.txt,RecursiveInsertionSort,3,0.504900,0.00,0.00
randomArrays.txt,RecursiveInsertionSort,1,0.501000,0.00,0.00
randomArrays.txt,RecursiveInsertionSort,2,0.325000,0.00,0.00
randomArrays.txt,RecursiveInsertionSort,3,0.322600,0.00,0.00
randomArrays.txt,RecursiveInsertionSort,1,0.115200,0.00,0.00
randomArrays.txt,RecursiveInsertionSort,2,0.110800,0.00,0.00
randomArrays.txt,RecursiveInsertionSort,3,0.114700,0.00,0.00
randomArrays.txt,RecursiveInsertionSort,1,0.297100,0.00,0.00
randomArrays.txt,RecursiveInsertionSort,2,0.356600,0.00,0.00
randomArrays.txt,RecursiveInsertionSort,3,0.353200,0.00,0.00
randomArrays.txt,RecursiveInsertionSort,1,0.273300,0.00,0.00
randomArrays.txt,RecursiveInsertionSort,2,0.284000,0.00,0.00
randomArrays.txt,RecursiveInsertionSort,3,0.272500,0.00,0.00
randomArrays.txt,RecursiveInsertionSort,1,0.509700,0.00,0.00
randomArrays.txt,RecursiveInsertionSort,2,0.517900,0.00,0.00
randomArrays.txt,RecursiveInsertionSort,3,0.492500,0.00,0.00
randomArrays.txt,RecursiveInsertionSort,1,0.040000,0.00,0.00
randomArrays.txt,RecursiveInsertionSort,2,0.040000,0.00,0.00
randomArrays.txt,RecursiveInsertionSort,3,0.039300,0.00,0.00
randomArrays.txt,RecursiveInsertionSort,1,0.004000,0.00,0.00
randomArrays.txt,RecursiveInsertionSort,2,0.003100,0.00,0.00
randomArrays.txt,RecursiveInsertionSort,3,0.003600,0.00,0.00
randomArrays.txt,RecursiveInsertionSort,1,0.752400,0.00,0.00
randomArrays.txt,RecursiveInsertionSort,2,0.717700,0.00,0.00
randomArrays.txt,RecursiveInsertionSort,3,0.722000,0.00,0.00
randomArrays.txt,RecursiveInsertionSort,1,0.074100,0.00,0.00
randomArrays.txt,RecursiveInsertionSort,2,0.077200,0.00,0.00
randomArrays.txt,RecursiveInsertionSort,3,0.078600,0.00,0.00
randomArrays.txt,RecursiveInsertionSort,1,0.672500,0.00,0.00
randomArrays.txt,RecursiveInsertionSort,2,0.701600,0.00,0.00
randomArrays.txt,RecursiveInsertionSort,3,0.649700,601.24,0.00
randomArrays.txt,RecursiveInsertionSort,1,0.065100,0.00,0.00
randomArrays.txt,RecursiveInsertionSort,2,0.067600,0.00,0.00
randomArrays.txt,RecursiveInsertionSort,3,0.066000,0.00,0.00
randomArrays.txt,RecursiveInsertionSort,1,0.507900,0.00,0.00
randomArrays.txt,RecursiveInsertionSort,2,0.104700,0.00,0.00
randomArrays.txt,RecursiveInsertionSort,3,0.063600,0.00,0.00
randomArrays.txt,RecursiveInsertionSort,1,0.126600,0.00,0.00
randomArrays.txt,RecursiveInsertionSort,2,0.120600,0.00,0.00
randomArrays.txt,RecursiveInsertionSort,3,0.117400,0.00,0.00
randomArrays.txt,RecursiveInsertionSort,1,0.644500,0.00,0.00
randomArrays.txt,RecursiveInsertionSort,2,0.619600,0.00,0.00
randomArrays.txt,RecursiveInsertionSort,3,0.525400,0.00,0.00
randomArrays.txt,RecursiveInsertionSort,1,0.070000,0.00,0.00
randomArrays.txt,RecursiveInsertionSort,2,0.070300,0.00,0.00
randomArrays.txt,RecursiveInsertionSort,3,0.061600,0.00,0.00
randomArrays.txt,RecursiveInsertionSort,1,0.105500,0.00,0.00
randomArrays.txt,RecursiveInsertionSort,2,0.107700,0.00,0.00
randomArrays.txt,RecursiveInsertionSort,3,0.115500,0.00,0.00
randomArrays.txt,RecursiveInsertionSort,1,0.244800,0.00,0.00
randomArrays.txt,RecursiveInsertionSort,2,0.374300,1043.61,0.00
randomArrays.txt,RecursiveInsertionSort,3,0.217200,0.00,0.00
randomArrays.txt,RecursiveInsertionSort,1,0.075800,0.00,0.00
randomArrays.txt,RecursiveInsertionSort,2,0.076500,0.00,0.00
randomArrays.txt,RecursiveInsertionSort,3,0.070300,0.00,0.00
randomArrays.txt,RecursiveInsertionSort,1,0.341600,0.00,0.00
randomArrays.txt,RecursiveInsertionSort,2,0.422900,0.00,0.00
randomArrays.txt,RecursiveInsertionSort,3,0.315800,0.00,0.00
randomArrays.txt,RecursiveInsertionSort,1,0.267400,0.00,0.00
randomArrays.txt,RecursiveInsertionSort,2,0.256000,0.00,0.00
randomArrays.txt,RecursiveInsertionSort,3,0.291100,0.00,0.00
randomArrays.txt,RecursiveInsertionSort,1,0.619300,0.00,0.00
randomArrays.txt,RecursiveInsertionSort,2,0.624100,625.90,0.00
randomArrays.txt,RecursiveInsertionSort,3,0.555200,0.00,0.00
randomArrays.txt,RecursiveInsertionSort,1,0.074300,0.00,0.00
randomArrays.txt,RecursiveInsertionSort,2,0.073600,0.00,0.00
randomArrays.txt,RecursiveInsertionSort,3,0.094000,0.00,0.00
randomArrays.txt,RecursiveInsertionSort,1,0.024400,0.00,0.00
randomArrays.txt,RecursiveInsertionSort,2,0.029600,0.00,0.00
randomArrays.txt,RecursiveInsertionSort,3,0.024100,0.00,0.00
randomArrays.txt,RecursiveInsertionSort,1,0.556100,0.00,0.00
randomArrays.txt,RecursiveInsertionSort,2,0.571700,0.00,0.00
randomArrays.txt,RecursiveInsertionSort,3,0.607700,0.00,0.00
randomArrays.txt,RecursiveInsertionSort,1,0.373300,0.00,0.00
randomArrays.txt,RecursiveInsertionSort,2,11.118900,0.00,0.00
randomArrays.txt,RecursiveInsertionSort,3,0.426000,0.00,0.00
randomArrays.txt,RecursiveInsertionSort,1,0.092900,0.00,0.00
randomArrays.txt,RecursiveInsertionSort,2,0.081800,0.00,0.00
randomArrays.txt,RecursiveInsertionSort,3,0.088700,0.00,0.00
randomArrays.txt,RecursiveInsertionSort,1,0.217000,0.00,0.00
randomArrays.txt,RecursiveInsertionSort,2,0.228800,0.00,0.00
randomArrays.txt,RecursiveInsertionSort,3,0.204300,0.00,0.00
randomArrays.txt,RecursiveInsertionSort,1,0.361100,0.00,0.00
randomArrays.txt,RecursiveInsertionSort,2,0.379200,0.00,0.00
randomArrays.txt,RecursiveInsertionSort,3,0.395800,0.00,0.00
randomArrays.txt,RecursiveInsertionSort,1,0.243200,0.00,0.00
randomArrays.txt,RecursiveInsertionSort,2,0.272800,0.00,0.00
randomArrays.txt,RecursiveInsertionSort,3,0.287000,0.00,0.00
randomArrays.txt,RecursiveInsertionSort,1,0.242900,0.00,0.00
randomArrays.txt,RecursiveInsertionSort,2,0.238700,0.00,0.00
randomArrays.txt,RecursiveInsertionSort,3,0.240600,0.00,0.00
randomArrays.txt,RecursiveInsertionSort,1,0.456200,0.00,0.00
randomArrays.txt,RecursiveInsertionSort,2,0.402400,0.00,0.00
randomArrays.txt,RecursiveInsertionSort,3,0.421000,0.00,0.00
randomArrays.txt,RecursiveInsertionSort,1,0.033100,0.00,0.00
randomArrays.txt,RecursiveInsertionSort,2,0.033000,0.00,0.00
randomArrays.txt,RecursiveInsertionSort,3,0.033200,0.00,0.00
randomArrays.txt,RecursiveInsertionSort,1,0.307500,0.00,0.00
randomArrays.txt,RecursiveInsertionSort,2,0.291600,0.00,0.00
randomArrays.txt,RecursiveInsertionSort,3,0.304800,0.00,0.00
randomArrays.txt,RecursiveInsertionSort,1,0.430500,0.00,0.00
randomArrays.txt,RecursiveInsertionSort,2,0.502800,0.00,0.00
randomArrays.txt,RecursiveInsertionSort,3,0.471400,0.00,0.00
randomArrays.txt,RecursiveInsertionSort,1,0.516300,0.00,0.00
randomArrays.txt,RecursiveInsertionSort,2,0.491100,0.00,0.00
randomArrays.txt,RecursiveInsertionSort,3,0.538700,0.00,0.00
randomArrays.txt,RecursiveInsertionSort,1,0.592600,0.00,0.00
randomArrays.txt,RecursiveInsertionSort,2,0.598200,0.00,0.00
randomArrays.txt,RecursiveInsertionSort,3,0.744900,0.00,0.00
randomArrays.txt,RecursiveInsertionSort,1,0.301900,0.00,0.00
randomArrays.txt,RecursiveInsertionSort,2,0.286100,0.00,0.00
randomArrays.txt,RecursiveInsertionSort,3,0.301700,0.00,0.00
randomArrays.txt,RecursiveInsertionSort,1,0.328300,0.00,0.00
randomArrays.txt,RecursiveInsertionSort,2,0.180300,0.00,0.00
randomArrays.txt,RecursiveInsertionSort,3,0.159400,0.00,0.00
randomArrays.txt,RecursiveInsertionSort,1,0.386100,0.00,0.00
randomArrays.txt,RecursiveInsertionSort,2,0.334300,0.00,0.00
randomArrays.txt,RecursiveInsertionSort,3,1.646000,0.00,0.00
randomArrays.txt,RecursiveInsertionSort,1,0.043400,0.00,0.00
randomArrays.txt,RecursiveInsertionSort,2,0.044200,0.00,0.00
randomArrays.txt,RecursiveInsertionSort,3,0.043100,0.00,0.00
randomArrays.txt,RecursiveInsertionSort,1,0.265800,0.00,0.00
randomArrays.txt,RecursiveInsertionSort,2,0.256100,0.00,0.00
randomArrays.txt,RecursiveInsertionSort,3,0.262400,0.00,0.00
randomArrays.txt,RecursiveInsertionSort,1,0.179100,0.00,0.00
randomArrays.txt,RecursiveInsertionSort,2,0.181800,0.00,0.00
randomArrays.txt,RecursiveInsertionSort,3,0.175500,0.00,0.00
randomArrays.txt,RecursiveInsertionSort,1,0.290100,0.00,0.00
randomArrays.txt,RecursiveInsertionSort,2,0.293600,0.00,0.00
randomArrays.txt,RecursiveInsertionSort,3,0.252400,0.00,0.00
randomArrays.txt,RecursiveInsertionSort,1,0.702900,0.00,0.00
randomArrays.txt,RecursiveInsertionSort,2,5.762700,67.79,0.00
randomArrays.txt,RecursiveInsertionSort,3,0.676400,0.00,0.00
randomArrays.txt,RecursiveInsertionSort,1,0.470100,0.00,0.00
randomArrays.txt,RecursiveInsertionSort,2,0.517600,0.00,0.00
randomArrays.txt,RecursiveInsertionSort,3,0.522800,0.00,0.00
randomArrays.txt,RecursiveInsertionSort,1,0.139300,0.00,0.00
randomArrays.txt,RecursiveInsertionSort,2,0.151700,0.00,0.00
randomArrays.txt,RecursiveInsertionSort,3,0.153300,0.00,0.00
randomArrays.txt,RecursiveInsertionSort,1,0.080400,0.00,0.00
randomArrays.txt,RecursiveInsertionSort,2,0.105500,0.00,0.00
randomArrays.txt,RecursiveInsertionSort,3,0.062000,0.00,0.00
randomArrays.txt,RecursiveInsertionSort,1,0.023000,0.00,0.00
randomArrays.txt,RecursiveInsertionSort,2,0.024200,0.00,0.00
randomArrays.txt,RecursiveInsertionSort,3,0.023500,0.00,0.00
randomArrays.txt,RecursiveInsertionSort,1,0.444900,0.00,0.00
randomArrays.txt,RecursiveInsertionSort,2,0.436600,0.00,0.00
randomArrays.txt,RecursiveInsertionSort,3,0.437900,0.00,0.00
randomArrays.txt,RecursiveInsertionSort,1,0.373200,0.00,0.00
randomArrays.txt,RecursiveInsertionSort,2,0.421000,0.00,0.00
randomArrays.txt,RecursiveInsertionSort,3,0.447700,0.00,0.00
randomArrays.txt,RecursiveInsertionSort,1,0.088400,0.00,0.00
randomArrays.txt,RecursiveInsertionSort,2,0.117200,0.00,0.00
randomArrays.txt,RecursiveInsertionSort,3,0.084600,0.00,0.00
randomArrays.txt,RecursiveInsertionSort,1,0.568900,0.00,0.00
randomArrays.txt,RecursiveInsertionSort,2,0.570800,0.00,0.00
randomArrays.txt,RecursiveInsertionSort,3,0.633700,0.00,0.00
randomArrays.txt,RecursiveInsertionSort,1,0.067400,0.00,0.00
randomArrays.txt,RecursiveInsertionSort,2,0.058900,0.00,0.00
randomArrays.txt,RecursiveInsertionSort,3,0.022200,0.00,0.00
randomArrays.txt,RecursiveInsertionSort,1,0.065000,0.00,0.00
randomArrays.txt,RecursiveInsertionSort,2,0.022200,0.00,0.00
randomArrays.txt,RecursiveInsertionSort,3,0.065900,0.00,0.00
randomArrays.txt,RecursiveInsertionSort,1,0.119400,0.00,0.00
randomArrays.txt,RecursiveInsertionSort,2,0.114000,0.00,0.00
randomArrays.txt,RecursiveInsertionSort,3,0.113800,0.00,0.00
randomArrays.txt,RecursiveInsertionSort,1,0.445400,0.00,0.00
randomArrays.txt,RecursiveInsertionSort,2,0.473200,0.00,0.00
randomArrays.txt,RecursiveInsertionSort,3,0.439500,0.00,0.00
randomArrays.txt,RecursiveInsertionSort,1,0.007400,0.00,0.00
randomArrays.txt,RecursiveInsertionSort,2,0.007400,0.00,0.00
randomArrays.txt,RecursiveInsertionSort,3,0.010500,0.00,0.00
randomArrays.txt,RecursiveInsertionSort,1,0.085400,0.00,0.00
randomArrays.txt,RecursiveInsertionSort,2,0.083300,0.00,0.00
randomArrays.txt,RecursiveInsertionSort,3,0.084700,0.00,0.00
randomArrays.txt,RecursiveInsertionSort,1,0.040900,0.00,0.00
randomArrays.txt,RecursiveInsertionSort,2,0.034700,0.00,0.00
randomArrays.txt,RecursiveInsertionSort,3,0.034100,0.00,0.00
randomArrays.txt,RecursiveInsertionSort,1,0.439800,0.00,0.00
randomArrays.txt,RecursiveInsertionSort,2,0.214000,0.00,0.00
randomArrays.txt,RecursiveInsertionSort,3,0.220200,0.00,0.00
randomArrays.txt,RecursiveInsertionSort,1,0.004600,0.00,0.00
randomArrays.txt,RecursiveInsertionSort,2,0.004300,0.00,0.00
randomArrays.txt,RecursiveInsertionSort,3,0.004100,0.00,0.00
randomArrays.txt,RecursiveInsertionSort,1,0.443600,0.00,0.00
randomArrays.txt,RecursiveInsertionSort,2,0.477000,0.00,0.00
randomArrays.txt,RecursiveInsertionSort,3,0.360300,0.00,0.00
randomArrays.txt,RecursiveInsertionSort,1,0.269500,0.00,0.00
randomArrays.txt,RecursiveInsertionSort,2,0.264700,0.00,0.00
randomArrays.txt,RecursiveInsertionSort,3,0.281500,0.00,0.00
randomArrays.txt,RecursiveInsertionSort,1,0.291200,0.00,0.00
randomArrays.txt,RecursiveInsertionSort,2,0.435700,0.00,0.00
randomArrays.txt,RecursiveInsertionSort,3,0.304800,0.00,0.00
randomArrays.txt,RecursiveInsertionSort,1,0.008300,0.00,0.00
randomArrays.txt,RecursiveInsertionSort,2,0.005800,0.00,0.00
randomArrays.txt,RecursiveInsertionSort,3,0.005000,0.00,0.00
randomArrays.txt,RecursiveInsertionSort,1,0.099100,0.00,0.00
randomArrays.txt,RecursiveInsertionSort,2,0.095600,0.00,0.00
randomArrays.txt,RecursiveInsertionSort,3,0.085000,0.00,0.00
randomArrays.txt,RecursiveInsertionSort,1,0.027900,0.00,0.00
randomArrays.txt,RecursiveInsertionSort,2,0.024100,0.00,0.00
randomArrays.txt,RecursiveInsertionSort,3,0.018400,0.00,0.00
randomArrays.txt,RecursiveInsertionSort,1,0.176000,0.00,0.00
randomArrays.txt,RecursiveInsertionSort,2,0.485500,0.00,0.00
randomArrays.txt,RecursiveInsertionSort,3,0.246100,0.00,0.00
randomArrays.txt,RecursiveInsertionSort,1,0.403100,0.00,0.00
randomArrays.txt,RecursiveInsertionSort,2,0.430400,0.00,0.00
randomArrays.txt,RecursiveInsertionSort,3,0.453000,0.00,0.00
randomArrays.txt,RecursiveInsertionSort,1,0.257400,0.00,0.00
randomArrays.txt,RecursiveInsertionSort,2,0.216600,0.00,0.00
randomArrays.txt,RecursiveInsertionSort,3,0.285000,0.00,0.00
randomArrays.txt,RecursiveInsertionSort,1,0.021400,0.00,0.00
randomArrays.txt,RecursiveInsertionSort,2,0.028100,0.00,0.00
randomArrays.txt,RecursiveInsertionSort,3,0.021900,0.00,0.00
randomArrays.txt,RecursiveInsertionSort,1,0.116900,0.00,0.00
randomArrays.txt,RecursiveInsertionSort,2,0.099300,0.00,0.00
randomArrays.txt,RecursiveInsertionSort,3,0.097300,0.00,0.00
randomArrays.txt,RecursiveInsertionSort,1,0.111200,0.00,0.00
randomArrays.txt,RecursiveInsertionSort,2,0.142600,0.00,0.00
randomArrays.txt,RecursiveInsertionSort,3,0.106300,0.00,0.00
randomArrays.txt,RecursiveInsertionSort,1,0.087500,0.00,0.00
randomArrays.txt,RecursiveInsertionSort,2,0.082900,0.00,0.00
randomArrays.txt,RecursiveInsertionSort,3,0.088900,0.00,0.00
randomArrays.txt,RecursiveInsertionSort,1,0.282000,0.00,0.00
randomArrays.txt,RecursiveInsertionSort,2,0.351900,0.00,0.00
randomArrays.txt,RecursiveInsertionSort,3,0.258600,0.00,0.00
randomArrays.txt,RecursiveInsertionSort,1,0.033900,0.00,0.00
randomArrays.txt,RecursiveInsertionSort,2,0.035100,0.00,0.00
randomArrays.txt,RecursiveInsertionSort,3,0.024900,0.00,0.00
randomArrays.txt,RecursiveInsertionSort,1,0.131200,0.00,0.00
randomArrays.txt,RecursiveInsertionSort,2,0.073700,0.00,0.00
randomArrays.txt,RecursiveInsertionSort,3,0.099600,0.00,0.00
randomArrays.txt,RecursiveInsertionSort,1,0.037300,0.00,0.00
randomArrays.txt,RecursiveInsertionSort,2,0.039500,0.00,0.00
randomArrays.txt,RecursiveInsertionSort,3,0.035000,0.00,0.00
randomArrays.txt,RecursiveInsertionSort,1,0.013100,0.00,0.00
randomArrays.txt,RecursiveInsertionSort,2,0.012300,0.00,0.00
randomArrays.txt,RecursiveInsertionSort,3,0.010500,0.00,0.00
randomArrays.txt,RecursiveInsertionSort,1,0.434400,0.00,0.00
randomArrays.txt,RecursiveInsertionSort,2,0.367800,0.00,0.00
randomArrays.txt,RecursiveInsertionSort,3,0.479100,0.00,0.00
randomArrays.txt,RecursiveInsertionSort,1,0.193000,0.00,0.00
randomArrays.txt,RecursiveInsertionSort,2,0.187500,0.00,0.00
randomArrays.txt,RecursiveInsertionSort,3,0.413900,0.00,0.00
randomArrays.txt,RecursiveInsertionSort,1,0.419800,0.00,0.00
randomArrays.txt,RecursiveInsertionSort,2,0.464200,0.00,0.00
randomArrays.txt,RecursiveInsertionSort,3,0.353500,0.00,0.00
randomArrays.txt,RecursiveInsertionSort,1,0.725700,0.00,0.00
randomArrays.txt,RecursiveInsertionSort,2,0.204800,0.00,0.00
randomArrays.txt,RecursiveInsertionSort,3,0.196700,0.00,0.00
randomArrays.txt,RecursiveInsertionSort,1,0.007000,0.00,0.00
randomArrays.txt,RecursiveInsertionSort,2,0.006800,0.00,0.00
randomArrays.txt,RecursiveInsertionSort,3,0.004000,0.00,0.00
randomArrays.txt,RecursiveInsertionSort,1,0.293800,0.00,0.00
randomArrays.txt,RecursiveInsertionSort,2,0.287300,0.00,0.00
randomArrays.txt,RecursiveInsertionSort,3,0.286600,0.00,0.00
randomArrays.txt,RecursiveInsertionSort,1,0.546300,0.00,0.00
randomArrays.txt,RecursiveInsertionSort,2,0.181200,0.00,0.00
randomArrays.txt,RecursiveInsertionSort,3,0.471000,0.00,0.00
randomArrays.txt,RecursiveInsertionSort,1,0.019200,0.00,0.00
randomArrays.txt,RecursiveInsertionSort,2,0.022300,0.00,0.00
randomArrays.txt,RecursiveInsertionSort,3,0.020300,0.00,0.00
randomArrays.txt,RecursiveInsertionSort,1,0.012400,0.00,0.00
randomArrays.txt,RecursiveInsertionSort,2,0.012400,0.00,0.00
randomArrays.txt,RecursiveInsertionSort,3,0.012700,0.00,0.00
randomArrays.txt,RecursiveInsertionSort,1,0.382100,0.00,0.00
randomArrays.txt,RecursiveInsertionSort,2,0.339600,0.00,0.00
randomArrays.txt,RecursiveInsertionSort,3,0.356100,0.00,0.00
randomArrays.txt,RecursiveInsertionSort,1,0.005100,0.00,0.00
randomArrays.txt,RecursiveInsertionSort,2,0.004000,0.00,0.00
randomArrays.txt,RecursiveInsertionSort,3,0.007500,0.00,0.00
randomArrays.txt,RecursiveInsertionSort,1,1.946400,0.00,0.00
randomArrays.txt,RecursiveInsertionSort,2,0.618200,0.00,0.00
randomArrays.txt,RecursiveInsertionSort,3,0.605900,0.00,0.00
randomArrays.txt,RecursiveInsertionSort,1,0.457000,0.00,0.00
randomArrays.txt,RecursiveInsertionSort,2,0.667300,0.00,0.00
randomArrays.txt,RecursiveInsertionSort,3,0.514700,0.00,0.00
randomArrays.txt,RecursiveInsertionSort,1,0.090700,0.00,0.00
randomArrays.txt,RecursiveInsertionSort,2,0.095700,0.00,0.00
randomArrays.txt,RecursiveInsertionSort,3,0.097700,0.00,0.00
randomArrays.txt,RecursiveInsertionSort,1,0.421000,0.00,0.00
randomArrays.txt,RecursiveInsertionSort,2,0.405800,0.00,0.00
randomArrays.txt,RecursiveInsertionSort,3,0.416800,0.00,0.00
randomArrays.txt,RecursiveInsertionSort,1,0.639300,0.00,0.00
randomArrays.txt,RecursiveInsertionSort,2,0.645700,0.00,0.00
randomArrays.txt,RecursiveInsertionSort,3,0.644800,0.00,0.00
randomArrays.txt,RecursiveInsertionSort,1,0.792700,0.00,0.00
randomArrays.txt,RecursiveInsertionSort,2,0.778200,0.00,0.00
randomArrays.txt,RecursiveInsertionSort,3,0.779100,0.00,0.00
randomArrays.txt,RecursiveInsertionSort,1,0.448700,870.57,0.00
randomArrays.txt,RecursiveInsertionSort,2,0.463100,0.00,0.00
randomArrays.txt,RecursiveInsertionSort,3,6.722400,0.00,0.00
randomArrays.txt,RecursiveInsertionSort,1,1.383800,0.00,0.00
randomArrays.txt,RecursiveInsertionSort,2,0.243000,0.00,0.00
randomArrays.txt,RecursiveInsertionSort,3,0.265600,0.00,0.00
randomArrays.txt,RecursiveInsertionSort,1,0.487400,0.00,0.00
randomArrays.txt,RecursiveInsertionSort,2,0.572700,0.00,0.00
randomArrays.txt,RecursiveInsertionSort,3,0.589600,0.00,0.00
randomArrays.txt,RecursiveInsertionSort,1,0.060400,0.00,0.00
randomArrays.txt,RecursiveInsertionSort,2,0.054700,0.00,0.00
randomArrays.txt,RecursiveInsertionSort,3,0.169800,0.00,0.00
randomArrays.txt,RecursiveInsertionSort,1,0.023300,0.00,0.00
randomArrays.txt,RecursiveInsertionSort,2,0.019800,0.00,0.00
randomArrays.txt,RecursiveInsertionSort,3,0.020000,0.00,0.00
randomArrays.txt,RecursiveInsertionSort,1,0.294200,0.00,0.00
randomArrays.txt,RecursiveInsertionSort,2,0.296700,0.00,0.00
randomArrays.txt,RecursiveInsertionSort,3,0.293900,0.00,0.00
randomArrays.txt,RecursiveInsertionSort,1,0.411600,0.00,0.00
randomArrays.txt,RecursiveInsertionSort,2,0.406200,0.00,0.00
randomArrays.txt,RecursiveInsertionSort,3,0.442400,0.00,0.00
randomArrays.txt,RecursiveInsertionSort,1,0.041300,0.00,0.00
randomArrays.txt,RecursiveInsertionSort,2,0.041300,0.00,0.00
randomArrays.txt,RecursiveInsertionSort,3,0.044900,0.00,0.00
randomArrays.txt,RecursiveInsertionSort,1,0.390700,0.00,0.00
randomArrays.txt,RecursiveInsertionSort,2,0.372000,0.00,0.00
randomArrays.txt,RecursiveInsertionSort,3,0.381900,0.00,0.00
randomArrays.txt,RecursiveInsertionSort,1,0.713000,0.00,0.00
randomArrays.txt,RecursiveInsertionSort,2,0.701700,0.00,0.00
randomArrays.txt,RecursiveInsertionSort,3,0.708200,0.00,0.00
randomArrays.txt,RecursiveInsertionSort,1,0.019500,0.00,0.00
randomArrays.txt,RecursiveInsertionSort,2,0.018200,0.00,0.00
randomArrays.txt,RecursiveInsertionSort,3,0.019100,0.00,0.00
randomArrays.txt,RecursiveInsertionSort,1,0.020500,0.00,0.00
randomArrays.txt,RecursiveInsertionSort,2,0.019900,0.00,0.00
randomArrays.txt,RecursiveInsertionSort,3,0.019000,0.00,0.00
randomArrays.txt,RecursiveInsertionSort,1,0.092100,0.00,0.00
randomArrays.txt,RecursiveInsertionSort,2,0.091700,0.00,0.00
randomArrays.txt,RecursiveInsertionSort,3,0.097000,0.00,0.00
randomArrays.txt,RecursiveInsertionSort,1,0.088600,0.00,0.00
randomArrays.txt,RecursiveInsertionSort,2,0.095100,0.00,0.00
randomArrays.txt,RecursiveInsertionSort,3,0.094800,0.00,0.00
randomArrays.txt,RecursiveInsertionSort,1,0.030500,0.00,0.00
randomArrays.txt,RecursiveInsertionSort,2,0.030300,0.00,0.00
randomArrays.txt,RecursiveInsertionSort,3,0.073000,0.00,0.00
randomArrays.txt,RecursiveInsertionSort,1,0.670900,0.00,0.00
randomArrays.txt,RecursiveInsertionSort,2,0.668600,0.00,0.00
randomArrays.txt,RecursiveInsertionSort,3,0.676200,577.68,0.00
randomArrays.txt,RecursiveInsertionSort,1,0.082700,0.00,0.00
randomArrays.txt,RecursiveInsertionSort,2,0.087200,0.00,0.00
randomArrays.txt,RecursiveInsertionSort,3,0.086700,0.00,0.00
randomArrays.txt,RecursiveInsertionSort,1,0.016600,0.00,0.00
randomArrays.txt,RecursiveInsertionSort,2,0.016100,0.00,0.00
randomArrays.txt,RecursiveInsertionSort,3,0.016800,0.00,0.00
randomArrays.txt,RecursiveInsertionSort,1,0.272700,0.00,0.00
randomArrays.txt,RecursiveInsertionSort,2,0.270100,0.00,0.00
randomArrays.txt,RecursiveInsertionSort,3,0.270700,0.00,0.00
randomArrays.txt,RecursiveInsertionSort,1,0.530300,0.00,0.00
randomArrays.txt,RecursiveInsertionSort,2,0.592400,0.00,0.00
randomArrays.txt,RecursiveInsertionSort,3,0.603500,0.00,0.00
randomArrays.txt,RecursiveInsertionSort,1,0.128800,0.00,0.00
randomArrays.txt,RecursiveInsertionSort,2,0.124600,0.00,0.00
randomArrays.txt,RecursiveInsertionSort,3,0.234200,0.00,0.00
randomArrays.txt,RecursiveInsertionSort,1,0.394600,0.00,0.00
randomArrays.txt,RecursiveInsertionSort,2,0.391900,0.00,0.00
randomArrays.txt,RecursiveInsertionSort,3,0.379100,0.00,0.00
randomArrays.txt,RecursiveInsertionSort,1,0.124100,0.00,0.00
randomArrays.txt,RecursiveInsertionSort,2,0.116700,0.00,0.00
randomArrays.txt,RecursiveInsertionSort,3,0.114000,0.00,0.00
randomArrays.txt,RecursiveInsertionSort,1,0.402100,0.00,0.00
randomArrays.txt,RecursiveInsertionSort,2,0.421200,0.00,0.00
randomArrays.txt,RecursiveInsertionSort,3,0.475200,0.00,0.00
randomArrays.txt,RecursiveInsertionSort,1,0.747300,0.00,0.00
randomArrays.txt,RecursiveInsertionSort,2,0.771800,0.00,0.00
randomArrays.txt,RecursiveInsertionSort,3,0.741700,526.66,0.00
randomArrays.txt,RecursiveInsertionSort,1,0.134700,0.00,0.00
randomArrays.txt,RecursiveInsertionSort,2,0.139600,0.00,0.00
randomArrays.txt,RecursiveInsertionSort,3,0.126900,0.00,0.00
randomArrays.txt,RecursiveInsertionSort,1,0.557200,0.00,0.00
randomArrays.txt,RecursiveInsertionSort,2,0.578900,0.00,0.00
randomArrays.txt,RecursiveInsertionSort,3,0.581900,0.00,0.00
randomArrays.txt,RecursiveInsertionSort,1,0.001400,0.00,0.00
randomArrays.txt,RecursiveInsertionSort,2,0.001200,0.00,0.00
randomArrays.txt,RecursiveInsertionSort,3,0.001300,0.00,0.00
randomArrays.txt,RecursiveInsertionSort,1,0.049900,0.00,0.00
randomArrays.txt,RecursiveInsertionSort,2,0.051800,0.00,0.00
randomArrays.txt,RecursiveInsertionSort,3,0.055700,0.00,0.00
randomArrays.txt,RecursiveInsertionSort,1,0.651300,0.00,0.00
randomArrays.txt,RecursiveInsertionSort,2,1.567800,0.00,0.00
randomArrays.txt,RecursiveInsertionSort,3,0.513400,0.00,0.00
randomArrays.txt,RecursiveInsertionSort,1,0.122600,0.00,0.00
randomArrays.txt,RecursiveInsertionSort,2,0.122000,0.00,0.00
randomArrays.txt,RecursiveInsertionSort,3,0.121100,0.00,0.00
randomArrays.txt,RecursiveInsertionSort,1,0.005900,0.00,0.00
randomArrays.txt,RecursiveInsertionSort,2,0.005100,0.00,0.00
randomArrays.txt,RecursiveInsertionSort,3,0.004100,0.00,0.00
randomArrays.txt,RecursiveInsertionSort,1,0.246300,0.00,0.00
randomArrays.txt,RecursiveInsertionSort,2,0.235300,0.00,0.00
randomArrays.txt,RecursiveInsertionSort,3,0.236000,0.00,0.00
randomArrays.txt,RecursiveInsertionSort,1,0.117100,0.00,0.00
randomArrays.txt,RecursiveInsertionSort,2,0.088200,0.00,0.00
randomArrays.txt,RecursiveInsertionSort,3,0.070100,0.00,0.00
randomArrays.txt,RecursiveInsertionSort,1,0.517800,0.00,0.00
randomArrays.txt,RecursiveInsertionSort,2,0.545100,0.00,0.00
randomArrays.txt,RecursiveInsertionSort,3,0.527300,0.00,0.00
randomArrays.txt,RecursiveInsertionSort,1,0.044500,0.00,0.00
randomArrays.txt,RecursiveInsertionSort,2,0.052400,0.00,0.00
randomArrays.txt,RecursiveInsertionSort,3,0.051400,0.00,0.00
randomArrays.txt,RecursiveInsertionSort,1,0.027400,0.00,0.00
randomArrays.txt,RecursiveInsertionSort,2,0.157800,0.00,0.00
randomArrays.txt,RecursiveInsertionSort,3,0.431800,0.00,0.00
randomArrays.txt,RecursiveInsertionSort,1,0.083300,0.00,0.00
randomArrays.txt,RecursiveInsertionSort,2,0.060900,0.00,0.00
randomArrays.txt,RecursiveInsertionSort,3,0.060500,0.00,0.00
randomArrays.txt,RecursiveInsertionSort,1,0.024300,0.00,0.00
randomArrays.txt,RecursiveInsertionSort,2,0.023900,0.00,0.00
randomArrays.txt,RecursiveInsertionSort,3,0.036300,0.00,0.00
randomArrays.txt,RecursiveInsertionSort,1,0.466900,0.00,0.00
randomArrays.txt,RecursiveInsertionSort,2,0.361300,0.00,0.00
randomArrays.txt,RecursiveInsertionSort,3,0.356400,0.00,0.00
randomArrays.txt,RecursiveInsertionSort,1,0.059400,0.00,0.00
randomArrays.txt,RecursiveInsertionSort,2,0.058500,0.00,0.00
randomArrays.txt,RecursiveInsertionSort,3,0.050400,0.00,0.00
randomArrays.txt,RecursiveInsertionSort,1,0.050600,0.00,0.00
randomArrays.txt,RecursiveInsertionSort,2,0.051100,0.00,0.00
randomArrays.txt,RecursiveInsertionSort,3,0.063100,0.00,0.00
randomArrays.txt,RecursiveInsertionSort,1,0.011900,0.00,0.00
randomArrays.txt,RecursiveInsertionSort,2,0.011300,0.00,0.00
randomArrays.txt,RecursiveInsertionSort,3,0.011100,0.00,0.00
randomArrays.txt,RecursiveInsertionSort,1,0.272900,0.00,0.00
randomArrays.txt,RecursiveInsertionSort,2,0.344300,0.00,0.00
randomArrays.txt,RecursiveInsertionSort,3,0.450400,0.00,0.00
randomArrays.txt,RecursiveInsertionSort,1,0.001800,0.00,0.00
randomArrays.txt,RecursiveInsertionSort,2,0.001400,0.00,0.00
randomArrays.txt,RecursiveInsertionSort,3,0.001400,0.00,0.00
randomArrays.txt,RecursiveInsertionSort,1,0.451000,0.00,0.00
randomArrays.txt,RecursiveInsertionSort,2,0.296800,0.00,0.00
randomArrays.txt,RecursiveInsertionSort,3,0.331400,0.00,0.00
randomArrays.txt,RecursiveInsertionSort,1,0.131700,0.00,0.00
randomArrays.txt,RecursiveInsertionSort,2,0.129000,0.00,0.00
randomArrays.txt,RecursiveInsertionSort,3,0.127600,0.00,0.00
randomArrays.txt,RecursiveInsertionSort,1,0.246700,1583.40,0.00
randomArrays.txt,RecursiveInsertionSort,2,0.209900,0.00,0.00
randomArrays.txt,RecursiveInsertionSort,3,0.207000,0.00,0.00
randomArrays.txt,RecursiveInsertionSort,1,0.435400,0.00,0.00
randomArrays.txt,RecursiveInsertionSort,2,0.428900,0.00,0.00
randomArrays.txt,RecursiveInsertionSort,3,0.460900,0.00,0.00
randomArrays.txt,RecursiveInsertionSort,1,0.285000,0.00,0.00
randomArrays.txt,RecursiveInsertionSort,2,0.232800,0.00,0.00
randomArrays.txt,RecursiveInsertionSort,3,0.223800,0.00,0.00
randomArrays.txt,RecursiveInsertionSort,1,0.448800,0.00,0.00
randomArrays.txt,RecursiveInsertionSort,2,0.372600,0.00,0.00
randomArrays.txt,RecursiveInsertionSort,3,0.367800,0.00,0.00
randomArrays.txt,RecursiveInsertionSort,1,0.415800,0.00,0.00
randomArrays.txt,RecursiveInsertionSort,2,0.444500,0.00,0.00
randomArrays.txt,RecursiveInsertionSort,3,0.287900,0.00,0.00
randomArrays.txt,RecursiveInsertionSort,1,0.168800,0.00,0.00
randomArrays.txt,RecursiveInsertionSort,2,0.049500,0.00,0.00
randomArrays.txt,RecursiveInsertionSort,3,0.054000,0.00,0.00
randomArrays.txt,RecursiveInsertionSort,1,0.178400,0.00,0.00
randomArrays.txt,RecursiveInsertionSort,2,0.180300,0.00,0.00
randomArrays.txt,RecursiveInsertionSort,3,0.183300,0.00,0.00
randomArrays.txt,RecursiveInsertionSort,1,0.027700,0.00,0.00
randomArrays.txt,RecursiveInsertionSort,2,0.028200,0.00,0.00
randomArrays.txt,RecursiveInsertionSort,3,0.024700,0.00,0.00
randomArrays.txt,RecursiveInsertionSort,1,0.058000,0.00,0.00
randomArrays.txt,RecursiveInsertionSort,2,0.057000,0.00,0.00
randomArrays.txt,RecursiveInsertionSort,3,0.056600,0.00,0.00
randomArrays.txt,RecursiveInsertionSort,1,0.031300,0.00,0.00
randomArrays.txt,RecursiveInsertionSort,2,0.032400,0.00,0.00
randomArrays.txt,RecursiveInsertionSort,3,0.027800,0.00,0.00
randomArrays.txt,RecursiveInsertionSort,1,0.013200,0.00,0.00
randomArrays.txt,RecursiveInsertionSort,2,0.012500,0.00,0.00
randomArrays.txt,RecursiveInsertionSort,3,0.013000,0.00,0.00
randomArrays.txt,RecursiveInsertionSort,1,0.077500,0.00,0.00
randomArrays.txt,RecursiveInsertionSort,2,0.081000,0.00,0.00
randomArrays.txt,RecursiveInsertionSort,3,0.111400,0.00,0.00
randomArrays.txt,RecursiveInsertionSort,1,0.020800,0.00,0.00
randomArrays.txt,RecursiveInsertionSort,2,0.010800,0.00,0.00
randomArrays.txt,RecursiveInsertionSort,3,0.010500,0.00,0.00
randomArrays.txt,RecursiveInsertionSort,1,0.001100,0.00,0.00
randomArrays.txt,RecursiveInsertionSort,2,0.000700,0.00,0.00
randomArrays.txt,RecursiveInsertionSort,3,0.000700,0.00,0.00
randomArrays.txt,RecursiveInsertionSort,1,0.084300,0.00,0.00
randomArrays.txt,RecursiveInsertionSort,2,0.071800,0.00,0.00
randomArrays.txt,RecursiveInsertionSort,3,0.068800,0.00,0.00
randomArrays.txt,RecursiveInsertionSort,1,0.191900,2035.57,0.00
randomArrays.txt,RecursiveInsertionSort,2,0.188800,0.00,0.00
randomArrays.txt,RecursiveInsertionSort,3,0.186800,0.00,0.00
randomArrays.txt,RecursiveInsertionSort,1,0.093700,0.00,0.00
randomArrays.txt,RecursiveInsertionSort,2,0.098100,0.00,0.00
randomArrays.txt,RecursiveInsertionSort,3,0.093800,0.00,0.00
randomArrays.txt,RecursiveInsertionSort,1,0.082000,0.00,0.00
randomArrays.txt,RecursiveInsertionSort,2,0.081400,0.00,0.00
randomArrays.txt,RecursiveInsertionSort,3,0.100100,0.00,0.00
randomArrays.txt,RecursiveInsertionSort,1,0.401000,0.00,0.00
randomArrays.txt,RecursiveInsertionSort,2,0.278500,0.00,0.00
randomArrays.txt,RecursiveInsertionSort,3,0.264900,0.00,0.00
randomArrays.txt,RecursiveInsertionSort,1,0.144000,0.00,0.00
randomArrays.txt,RecursiveInsertionSort,2,0.434700,0.00,0.00
randomArrays.txt,RecursiveInsertionSort,3,0.252300,0.00,0.00
randomArrays.txt,RecursiveInsertionSort,1,0.002900,0.00,0.00
randomArrays.txt,RecursiveInsertionSort,2,0.002900,0.00,0.00
randomArrays.txt,RecursiveInsertionSort,3,0.003300,0.00,0.00
randomArrays.txt,RecursiveInsertionSort,1,0.165700,0.00,0.00
randomArrays.txt,RecursiveInsertionSort,2,0.157500,0.00,0.00
randomArrays.txt,RecursiveInsertionSort,3,0.160600,0.00,0.00
randomArrays.txt,RecursiveInsertionSort,1,0.004100,0.00,0.00
randomArrays.txt,RecursiveInsertionSort,2,0.003700,0.00,0.00
randomArrays.txt,RecursiveInsertionSort,3,0.003700,0.00,0.00
randomArrays.txt,RecursiveInsertionSort,1,0.271700,0.00,0.00
randomArrays.txt,RecursiveInsertionSort,2,0.284200,0.00,0.00
randomArrays.txt,RecursiveInsertionSort,3,0.319000,0.00,0.00
randomArrays.txt,RecursiveInsertionSort,1,0.949200,0.00,0.00
randomArrays.txt,RecursiveInsertionSort,2,0.787600,0.00,0.00
randomArrays.txt,RecursiveInsertionSort,3,0.652300,0.00,0.00
randomArrays.txt,RecursiveInsertionSort,1,0.006100,0.00,0.00
randomArrays.txt,RecursiveInsertionSort,2,0.005400,0.00,0.00
randomArrays.txt,RecursiveInsertionSort,3,0.005600,0.00,0.00
randomArrays.txt,RecursiveInsertionSort,1,0.449200,0.00,0.00
randomArrays.txt,RecursiveInsertionSort,2,2.282200,171.16,0.00
randomArrays.txt,RecursiveInsertionSort,3,0.355400,0.00,0.00
randomArrays.txt,RecursiveInsertionSort,1,0.173900,0.00,0.00
randomArrays.txt,RecursiveInsertionSort,2,0.146300,0.00,0.00
randomArrays.txt,RecursiveInsertionSort,3,0.141100,0.00,0.00
randomArrays.txt,RecursiveInsertionSort,1,0.141000,0.00,0.00
randomArrays.txt,RecursiveInsertionSort,2,0.102700,0.00,0.00
randomArrays.txt,RecursiveInsertionSort,3,0.121400,0.00,0.00
randomArrays.txt,RecursiveInsertionSort,1,0.162500,0.00,0.00
randomArrays.txt,RecursiveInsertionSort,2,0.162200,0.00,0.00
randomArrays.txt,RecursiveInsertionSort,3,1.518100,0.00,0.00
randomArrays.txt,RecursiveInsertionSort,1,0.011100,0.00,0.00
randomArrays.txt,RecursiveInsertionSort,2,0.011100,0.00,0.00
randomArrays.txt,RecursiveInsertionSort,3,0.010600,0.00,0.00
randomArrays.txt,RecursiveInsertionSort,1,0.170900,0.00,0.00
randomArrays.txt,RecursiveInsertionSort,2,0.164600,0.00,0.00
randomArrays.txt,RecursiveInsertionSort,3,0.169600,0.00,0.00
randomArrays.txt,RecursiveInsertionSort,1,0.429400,0.00,0.00
randomArrays.txt,RecursiveInsertionSort,2,0.418000,0.00,0.00
randomArrays.txt,RecursiveInsertionSort,3,0.370400,0.00,0.00
randomArrays.txt,RecursiveInsertionSort,1,0.738400,0.00,0.00
randomArrays.txt,RecursiveInsertionSort,2,0.730400,0.00,0.00
randomArrays.txt,RecursiveInsertionSort,3,0.669500,0.00,0.00
randomArrays.txt,RecursiveInsertionSort,1,0.937200,0.00,0.00
randomArrays.txt,RecursiveInsertionSort,2,0.605600,0.00,0.00
randomArrays.txt,RecursiveInsertionSort,3,1.139900,0.00,0.00
randomArrays.txt,RecursiveInsertionSort,1,0.378100,0.00,0.00
randomArrays.txt,RecursiveInsertionSort,2,0.363400,0.00,0.00
randomArrays.txt,RecursiveInsertionSort,3,0.703300,0.00,0.00
randomArrays.txt,RecursiveInsertionSort,1,0.132500,0.00,0.00
randomArrays.txt,RecursiveInsertionSort,2,0.129200,0.00,0.00
randomArrays.txt,RecursiveInsertionSort,3,0.128400,0.00,0.00
randomArrays.txt,RecursiveInsertionSort,1,0.661200,0.00,0.00
randomArrays.txt,RecursiveInsertionSort,2,3.328500,0.00,0.00
randomArrays.txt,RecursiveInsertionSort,3,0.613700,0.00,0.00
randomArrays.txt,RecursiveInsertionSort,1,0.033700,0.00,0.00
randomArrays.txt,RecursiveInsertionSort,2,0.029100,0.00,0.00
randomArrays.txt,RecursiveInsertionSort,3,0.052600,0.00,0.00
randomArrays.txt,RecursiveInsertionSort,1,0.634000,0.00,0.00
randomArrays.txt,RecursiveInsertionSort,2,0.607000,643.53,0.00
randomArrays.txt,RecursiveInsertionSort,3,0.710400,0.00,0.00
randomArrays.txt,RecursiveInsertionSort,1,0.069600,0.00,0.00
randomArrays.txt,RecursiveInsertionSort,2,0.070400,0.00,0.00
randomArrays.txt,RecursiveInsertionSort,3,0.071100,0.00,0.00
randomArrays.txt,RecursiveInsertionSort,1,0.117300,0.00,0.00
randomArrays.txt,RecursiveInsertionSort,2,0.130900,0.00,0.00
randomArrays.txt,RecursiveInsertionSort,3,0.149700,0.00,0.00
randomArrays.txt,RecursiveInsertionSort,1,0.003100,0.00,0.00
randomArrays.txt,RecursiveInsertionSort,2,0.002900,0.00,0.00
randomArrays.txt,RecursiveInsertionSort,3,0.002800,0.00,0.00
randomArrays.txt,RecursiveInsertionSort,1,1.365000,0.00,0.00
randomArrays.txt,RecursiveInsertionSort,2,0.719100,0.00,0.00
randomArrays.txt,RecursiveInsertionSort,3,0.777100,0.00,0.00
randomArrays.txt,RecursiveInsertionSort,1,0.165800,0.00,0.00
randomArrays.txt,RecursiveInsertionSort,2,0.176500,0.00,0.00
randomArrays.txt,RecursiveInsertionSort,3,0.174000,0.00,0.00
randomArrays.txt,RecursiveInsertionSort,1,0.471800,0.00,0.00
randomArrays.txt,RecursiveInsertionSort,2,0.493400,0.00,0.00
randomArrays.txt,RecursiveInsertionSort,3,0.493900,0.00,0.00
randomArrays.txt,RecursiveInsertionSort,1,0.147500,0.00,0.00
randomArrays.txt,RecursiveInsertionSort,2,0.140600,0.00,0.00
randomArrays.txt,RecursiveInsertionSort,3,0.150000,0.00,0.00
randomArrays.txt,RecursiveInsertionSort,1,0.604000,0.00,0.00
randomArrays.txt,RecursiveInsertionSort,2,0.617900,0.00,0.00
randomArrays.txt,RecursiveInsertionSort,3,0.640900,0.00,0.00
randomArrays.txt,RecursiveInsertionSort,1,0.370400,0.00,0.00
randomArrays.txt,RecursiveInsertionSort,2,0.251700,0.00,0.00
randomArrays.txt,RecursiveInsertionSort,3,0.245600,0.00,0.00
randomArrays.txt,RecursiveInsertionSort,1,0.313700,0.00,0.00
randomArrays.txt,RecursiveInsertionSort,2,0.306300,0.00,0.00
randomArrays.txt,RecursiveInsertionSort,3,0.307800,0.00,0.00
randomArrays.txt,RecursiveInsertionSort,1,0.333600,0.00,0.00
randomArrays.txt,RecursiveInsertionSort,2,0.333200,0.00,0.00
randomArrays.txt,RecursiveInsertionSort,3,0.337900,0.00,0.00
randomArrays.txt,RecursiveInsertionSort,1,0.024900,0.00,0.00
randomArrays.txt,RecursiveInsertionSort,2,0.022100,0.00,0.00
randomArrays.txt,RecursiveInsertionSort,3,0.176300,0.00,0.00
randomArrays.txt,RecursiveInsertionSort,1,0.337700,0.00,0.00
randomArrays.txt,RecursiveInsertionSort,2,0.335100,0.00,0.00
randomArrays.txt,RecursiveInsertionSort,3,0.329700,0.00,0.00
randomArrays.txt,RecursiveInsertionSort,1,0.053700,0.00,0.00
randomArrays.txt,RecursiveInsertionSort,2,0.062900,0.00,0.00
randomArrays.txt,RecursiveInsertionSort,3,0.055300,0.00,0.00
randomArrays.txt,RecursiveInsertionSort,1,0.589400,0.00,0.00
randomArrays.txt,RecursiveInsertionSort,2,0.392200,0.00,0.00
randomArrays.txt,RecursiveInsertionSort,3,0.425100,0.00,0.00
randomArrays.txt,RecursiveInsertionSort,1,0.546300,0.00,0.00
randomArrays.txt,RecursiveInsertionSort,2,0.766400,0.00,0.00
randomArrays.txt,RecursiveInsertionSort,3,0.531500,0.00,0.00
randomArrays.txt,RecursiveInsertionSort,1,0.081000,0.00,0.00
randomArrays.txt,RecursiveInsertionSort,2,0.079800,0.00,0.00
randomArrays.txt,RecursiveInsertionSort,3,0.100100,0.00,0.00
randomArrays.txt,RecursiveInsertionSort,1,0.002500,0.00,0.00
randomArrays.txt,RecursiveInsertionSort,2,0.002500,0.00,0.00
randomArrays.txt,RecursiveInsertionSort,3,0.002200,0.00,0.00
randomArrays.txt,RecursiveInsertionSort,1,0.003200,0.00,0.00
randomArrays.txt,RecursiveInsertionSort,2,0.003200,0.00,0.00
randomArrays.txt,RecursiveInsertionSort,3,0.003100,0.00,0.00
randomArrays.txt,RecursiveInsertionSort,1,0.077000,0.00,0.00
randomArrays.txt,RecursiveInsertionSort,2,0.074900,0.00,0.00
randomArrays.txt,RecursiveInsertionSort,3,0.075900,0.00,0.00
randomArrays.txt,RecursiveInsertionSort,1,0.218000,0.00,0.00
randomArrays.txt,RecursiveInsertionSort,2,0.270700,0.00,0.00
randomArrays.txt,RecursiveInsertionSort,3,0.217200,0.00,0.00
randomArrays.txt,RecursiveInsertionSort,1,0.275200,0.00,0.00
randomArrays.txt,RecursiveInsertionSort,2,0.292800,0.00,0.00
randomArrays.txt,RecursiveInsertionSort,3,0.287100,0.00,0.00
randomArrays.txt,RecursiveInsertionSort,1,0.696300,0.00,0.00
randomArrays.txt,RecursiveInsertionSort,2,0.682900,0.00,0.00
randomArrays.txt,RecursiveInsertionSort,3,0.695200,0.00,0.00
randomArrays.txt,RecursiveInsertionSort,1,0.033000,0.00,0.00
randomArrays.txt,RecursiveInsertionSort,2,0.030400,0.00,0.00
randomArrays.txt,RecursiveInsertionSort,3,0.098800,0.00,0.00
randomArrays.txt,RecursiveInsertionSort,1,0.096100,0.00,0.00
randomArrays.txt,RecursiveInsertionSort,2,0.110200,0.00,0.00
randomArrays.txt,RecursiveInsertionSort,3,0.115000,0.00,0.00
randomArrays.txt,RecursiveInsertionSort,1,0.228800,0.00,0.00
randomArrays.txt,RecursiveInsertionSort,2,0.332900,0.00,0.00
randomArrays.txt,RecursiveInsertionSort,3,0.366900,0.00,0.00
randomArrays.txt,RecursiveInsertionSort,1,0.686300,0.00,0.00
randomArrays.txt,RecursiveInsertionSort,2,0.676200,0.00,0.00
randomArrays.txt,RecursiveInsertionSort,3,0.657000,0.00,0.00
randomArrays.txt,RecursiveInsertionSort,1,0.240800,0.00,0.00
randomArrays.txt,RecursiveInsertionSort,2,0.229800,0.00,0.00
randomArrays.txt,RecursiveInsertionSort,3,0.227100,0.00,0.00
randomArrays.txt,RecursiveInsertionSort,1,1.294200,0.00,0.00
randomArrays.txt,RecursiveInsertionSort,2,0.408700,0.00,0.00
randomArrays.txt,RecursiveInsertionSort,3,0.612700,0.00,0.00
randomArrays.txt,RecursiveInsertionSort,1,0.667700,0.00,0.00
randomArrays.txt,RecursiveInsertionSort,2,0.857500,0.00,0.00
randomArrays.txt,RecursiveInsertionSort,3,0.576600,0.00,0.00
randomArrays.txt,RecursiveInsertionSort,1,0.002600,0.00,0.00
randomArrays.txt,RecursiveInsertionSort,2,0.002700,0.00,0.00
randomArrays.txt,RecursiveInsertionSort,3,0.002500,0.00,0.00
randomArrays.txt,RecursiveInsertionSort,1,0.320100,0.00,0.00
randomArrays.txt,RecursiveInsertionSort,2,0.334300,0.00,0.00
randomArrays.txt,RecursiveInsertionSort,3,0.344900,0.00,0.00
randomArrays.txt,RecursiveInsertionSort,1,0.002800,0.00,0.00
randomArrays.txt,RecursiveInsertionSort,2,0.002500,0.00,0.00
randomArrays.txt,RecursiveInsertionSort,3,0.002500,0.00,0.00
randomArrays.txt,RecursiveInsertionSort,1,0.107300,0.00,0.00
randomArrays.txt,RecursiveInsertionSort,2,0.104700,0.00,0.00
randomArrays.txt,RecursiveInsertionSort,3,0.097100,0.00,0.00
randomArrays.txt,RecursiveInsertionSort,1,0.022900,0.00,0.00
randomArrays.txt,RecursiveInsertionSort,2,0.024800,0.00,0.00
randomArrays.txt,RecursiveInsertionSort,3,0.022000,0.00,0.00
randomArrays.txt,RecursiveInsertionSort,1,0.004100,0.00,0.00
randomArrays.txt,RecursiveInsertionSort,2,0.006500,0.00,0.00
randomArrays.txt,RecursiveInsertionSort,3,0.005000,0.00,0.00
randomArrays.txt,RecursiveInsertionSort,1,0.008600,0.00,0.00
randomArrays.txt,RecursiveInsertionSort,2,0.007900,0.00,0.00
randomArrays.txt,RecursiveInsertionSort,3,0.008100,0.00,0.00
randomArrays.txt,RecursiveInsertionSort,1,0.240100,0.00,0.00
randomArrays.txt,RecursiveInsertionSort,2,0.135100,0.00,0.00
randomArrays.txt,RecursiveInsertionSort,3,0.196800,0.00,0.00
randomArrays.txt,RecursiveInsertionSort,1,0.462100,845.33,0.00
randomArrays.txt,RecursiveInsertionSort,2,0.477400,0.00,0.00
randomArrays.txt,RecursiveInsertionSort,3,0.293600,0.00,0.00
randomArrays.txt,RecursiveInsertionSort,1,0.088400,0.00,0.00
randomArrays.txt,RecursiveInsertionSort,2,0.087800,0.00,0.00
randomArrays.txt,RecursiveInsertionSort,3,0.089500,0.00,0.00
randomArrays.txt,RecursiveInsertionSort,1,0.260900,0.00,0.00
randomArrays.txt,RecursiveInsertionSort,2,0.841500,0.00,0.00
randomArrays.txt,RecursiveInsertionSort,3,0.494000,0.00,0.00
randomArrays.txt,RecursiveInsertionSort,1,0.007500,0.00,0.00
randomArrays.txt,RecursiveInsertionSort,2,0.007700,0.00,0.00
randomArrays.txt,RecursiveInsertionSort,3,0.007600,0.00,0.00
randomArrays.txt,RecursiveInsertionSort,1,0.563500,0.00,0.00
randomArrays.txt,RecursiveInsertionSort,2,0.443800,0.00,0.00
randomArrays.txt,RecursiveInsertionSort,3,0.494200,790.42,0.00
randomArrays.txt,RecursiveInsertionSort,1,0.293200,0.00,0.00
randomArrays.txt,RecursiveInsertionSort,2,1.569800,0.00,0.00
randomArrays.txt,RecursiveInsertionSort,3,0.482500,0.00,0.00
randomArrays.txt,RecursiveInsertionSort,1,0.388100,0.00,0.00
randomArrays.txt,RecursiveInsertionSort,2,0.403300,0.00,0.00
randomArrays.txt,RecursiveInsertionSort,3,0.331800,0.00,0.00
randomArrays.txt,RecursiveInsertionSort,1,0.100300,0.00,0.00
randomArrays.txt,RecursiveInsertionSort,2,0.007600,0.00,0.00
randomArrays.txt,RecursiveInsertionSort,3,0.008000,0.00,0.00
randomArrays.txt,RecursiveInsertionSort,1,0.434700,0.00,0.00
randomArrays.txt,RecursiveInsertionSort,2,0.428900,0.00,0.00
randomArrays.txt,RecursiveInsertionSort,3,0.423900,0.00,0.00
randomArrays.txt,RecursiveInsertionSort,1,0.285500,0.00,0.00
randomArrays.txt,RecursiveInsertionSort,2,0.300500,0.00,0.00
randomArrays.txt,RecursiveInsertionSort,3,0.301000,0.00,0.00
randomArrays.txt,RecursiveInsertionSort,1,0.533600,0.00,0.00
randomArrays.txt,RecursiveInsertionSort,2,0.493600,0.00,0.00
randomArrays.txt,RecursiveInsertionSort,3,0.515300,0.00,0.00
randomArrays.txt,RecursiveInsertionSort,1,0.640800,0.00,0.00
randomArrays.txt,RecursiveInsertionSort,2,0.384200,0.00,0.00
randomArrays.txt,RecursiveInsertionSort,3,0.436000,0.00,0.00
randomArrays.txt,RecursiveInsertionSort,1,0.005000,0.00,0.00
randomArrays.txt,RecursiveInsertionSort,2,0.005000,0.00,0.00
randomArrays.txt,RecursiveInsertionSort,3,0.004600,0.00,0.00
randomArrays.txt,RecursiveInsertionSort,1,0.163100,0.00,0.00
randomArrays.txt,RecursiveInsertionSort,2,0.065200,0.00,0.00
randomArrays.txt,RecursiveInsertionSort,3,0.059200,0.00,0.00
randomArrays.txt,RecursiveInsertionSort,1,0.565400,0.00,0.00
randomArrays.txt,RecursiveInsertionSort,2,0.369600,0.00,0.00
randomArrays.txt,RecursiveInsertionSort,3,0.352100,0.00,0.00
randomArrays.txt,RecursiveInsertionSort,1,0.019900,0.00,0.00
randomArrays.txt,RecursiveInsertionSort,2,0.019000,0.00,0.00
randomArrays.txt,RecursiveInsertionSort,3,0.017900,0.00,0.00
randomArrays.txt,RecursiveInsertionSort,1,0.027700,0.00,0.00
randomArrays.txt,RecursiveInsertionSort,2,0.033100,0.00,0.00
randomArrays.txt,RecursiveInsertionSort,3,0.026800,0.00,0.00
randomArrays.txt,RecursiveInsertionSort,1,0.111600,0.00,0.00
randomArrays.txt,RecursiveInsertionSort,2,0.099500,0.00,0.00
randomArrays.txt,RecursiveInsertionSort,3,0.113600,0.00,0.00
randomArrays.txt,RecursiveInsertionSort,1,0.397800,0.00,0.00
randomArrays.txt,RecursiveInsertionSort,2,0.652200,0.00,0.00
randomArrays.txt,RecursiveInsertionSort,3,0.465000,0.00,0.00
randomArrays.txt,RecursiveInsertionSort,1,0.122100,0.00,0.00
randomArrays.txt,RecursiveInsertionSort,2,0.121700,0.00,0.00
randomArrays.txt,RecursiveInsertionSort,3,0.154500,0.00,0.00
randomArrays.txt,RecursiveInsertionSort,1,0.074900,0.00,0.00
randomArrays.txt,RecursiveInsertionSort,2,0.068800,0.00,0.00
randomArrays.txt,RecursiveInsertionSort,3,0.081200,0.00,0.00
randomArrays.txt,RecursiveInsertionSort,1,0.006600,0.00,0.00
randomArrays.txt,RecursiveInsertionSort,2,0.006500,0.00,0.00
randomArrays.txt,RecursiveInsertionSort,3,0.006400,0.00,0.00
randomArrays.txt,RecursiveInsertionSort,1,0.143400,0.00,0.00
randomArrays.txt,RecursiveInsertionSort,2,0.131400,0.00,0.00
randomArrays.txt,RecursiveInsertionSort,3,0.137800,0.00,0.00
randomArrays.txt,RecursiveInsertionSort,1,0.044700,0.00,0.00
randomArrays.txt,RecursiveInsertionSort,2,0.041300,0.00,0.00
randomArrays.txt,RecursiveInsertionSort,3,0.048900,0.00,0.00
randomArrays.txt,RecursiveInsertionSort,1,0.135100,0.00,0.00
randomArrays.txt,RecursiveInsertionSort,2,0.132500,0.00,0.00
randomArrays.txt,RecursiveInsertionSort,3,0.129600,0.00,0.00
randomArrays.txt,RecursiveInsertionSort,1,0.382000,0.00,0.00
randomArrays.txt,RecursiveInsertionSort,2,0.354700,0.00,0.00
randomArrays.txt,RecursiveInsertionSort,3,0.265800,0.00,0.00
randomArrays.txt,RecursiveInsertionSort,1,0.601400,0.00,0.00
randomArrays.txt,RecursiveInsertionSort,2,0.756400,0.00,0.00
randomArrays.txt,RecursiveInsertionSort,3,0.488600,0.00,0.00
randomArrays.txt,RecursiveInsertionSort,1,0.038300,0.00,0.00
randomArrays.txt,RecursiveInsertionSort,2,0.037000,0.00,0.00
randomArrays.txt,RecursiveInsertionSort,3,0.040200,0.00,0.00
randomArrays.txt,RecursiveInsertionSort,1,0.793000,0.00,0.00
randomArrays.txt,RecursiveInsertionSort,2,0.529500,737.72,0.00
randomArrays.txt,RecursiveInsertionSort,3,0.559000,0.00,0.00
randomArrays.txt,RecursiveInsertionSort,1,0.019000,0.00,0.00
randomArrays.txt,RecursiveInsertionSort,2,0.016700,0.00,0.00
randomArrays.txt,RecursiveInsertionSort,3,0.019300,0.00,0.00
randomArrays.txt,RecursiveInsertionSort,1,0.042800,0.00,0.00
randomArrays.txt,RecursiveInsertionSort,2,0.034800,0.00,0.00
randomArrays.txt,RecursiveInsertionSort,3,0.037800,0.00,0.00
randomArrays.txt,RecursiveInsertionSort,1,0.620200,0.00,0.00
randomArrays.txt,RecursiveInsertionSort,2,0.768900,0.00,0.00
randomArrays.txt,RecursiveInsertionSort,3,1.654800,0.00,0.00
randomArrays.txt,RecursiveInsertionSort,1,0.172700,0.00,0.00
randomArrays.txt,RecursiveInsertionSort,2,0.181600,0.00,0.00
randomArrays.txt,RecursiveInsertionSort,3,0.167800,0.00,0.00
randomArrays.txt,RecursiveInsertionSort,1,0.124000,0.00,0.00
randomArrays.txt,RecursiveInsertionSort,2,0.154400,0.00,0.00
randomArrays.txt,RecursiveInsertionSort,3,0.125300,0.00,0.00
randomArrays.txt,RecursiveInsertionSort,1,0.444900,0.00,0.00
randomArrays.txt,RecursiveInsertionSort,2,0.487700,0.00,0.00
randomArrays.txt,RecursiveInsertionSort,3,0.471500,0.00,0.00
randomArrays.txt,RecursiveInsertionSort,1,0.290900,0.00,0.00
randomArrays.txt,RecursiveInsertionSort,2,0.288600,0.00,0.00
randomArrays.txt,RecursiveInsertionSort,3,0.279000,0.00,0.00
randomArrays.txt,RecursiveInsertionSort,1,0.018700,0.00,0.00
randomArrays.txt,RecursiveInsertionSort,2,0.022700,0.00,0.00
randomArrays.txt,RecursiveInsertionSort,3,0.019200,0.00,0.00
randomArrays.txt,RecursiveInsertionSort,1,0.015700,0.00,0.00
randomArrays.txt,RecursiveInsertionSort,2,0.018000,0.00,0.00
randomArrays.txt,RecursiveInsertionSort,3,0.016000,0.00,0.00
randomArrays.txt,RecursiveInsertionSort,1,1.825700,0.00,0.00
randomArrays.txt,RecursiveInsertionSort,2,0.671900,0.00,0.00
randomArrays.txt,RecursiveInsertionSort,3,0.758100,0.00,0.00
randomArrays.txt,RecursiveInsertionSort,1,0.345100,0.00,0.00
randomArrays.txt,RecursiveInsertionSort,2,0.365000,0.00,0.00
randomArrays.txt,RecursiveInsertionSort,3,0.299000,0.00,0.00
randomArrays.txt,RecursiveInsertionSort,1,0.794900,0.00,0.00
randomArrays.txt,RecursiveInsertionSort,2,1.387900,0.00,0.00
randomArrays.txt,RecursiveInsertionSort,3,10.797700,36.18,0.00
randomArrays.txt,RecursiveInsertionSort,1,0.171300,0.00,0.00
randomArrays.txt,RecursiveInsertionSort,2,0.271200,0.00,0.00
randomArrays.txt,RecursiveInsertionSort,3,0.231900,0.00,0.00
randomArrays.txt,RecursiveInsertionSort,1,0.744000,0.00,0.00
randomArrays.txt,RecursiveInsertionSort,2,2.265300,0.00,0.00
randomArrays.txt,RecursiveInsertionSort,3,0.638000,0.00,0.00
randomArrays.txt,RecursiveInsertionSort,1,0.060000,0.00,0.00
randomArrays.txt,RecursiveInsertionSort,2,0.062100,0.00,0.00
randomArrays.txt,RecursiveInsertionSort,3,0.057000,0.00,0.00
randomArrays.txt,RecursiveInsertionSort,1,0.606900,0.00,0.00
randomArrays.txt,RecursiveInsertionSort,2,0.557400,0.00,0.00
randomArrays.txt,RecursiveInsertionSort,3,0.759000,0.00,0.00
randomArrays.txt,RecursiveInsertionSort,1,0.098800,0.00,0.00
randomArrays.txt,RecursiveInsertionSort,2,0.122800,0.00,0.00
randomArrays.txt,RecursiveInsertionSort,3,0.094700,0.00,0.00
randomArrays.txt,RecursiveInsertionSort,1,0.073200,0.00,0.00
randomArrays.txt,RecursiveInsertionSort,2,0.073000,0.00,0.00
randomArrays.txt,RecursiveInsertionSort,3,0.074600,0.00,0.00
randomArrays.txt,RecursiveInsertionSort,1,0.122100,0.00,0.00
randomArrays.txt,RecursiveInsertionSort,2,0.144800,0.00,0.00
randomArrays.txt,RecursiveInsertionSort,3,0.133600,0.00,0.00
randomArrays.txt,RecursiveInsertionSort,1,0.222200,0.00,0.00
randomArrays.txt,RecursiveInsertionSort,2,0.167900,0.00,0.00
randomArrays.txt,RecursiveInsertionSort,3,1.240300,0.00,0.00
randomArrays.txt,RecursiveInsertionSort,1,0.036300,0.00,0.00
randomArrays.txt,RecursiveInsertionSort,2,0.115700,0.00,0.00
randomArrays.txt,RecursiveInsertionSort,3,0.276900,0.00,0.00
randomArrays.txt,RecursiveInsertionSort,1,0.104700,0.00,0.00
randomArrays.txt,RecursiveInsertionSort,2,0.127600,0.00,0.00
randomArrays.txt,RecursiveInsertionSort,3,0.113200,0.00,0.00
randomArrays.txt,RecursiveInsertionSort,1,0.180900,0.00,0.00
randomArrays.txt,RecursiveInsertionSort,2,0.031200,0.00,0.00
randomArrays.txt,RecursiveInsertionSort,3,0.028300,0.00,0.00
randomArrays.txt,RecursiveInsertionSort,1,0.114000,0.00,0.00
randomArrays.txt,RecursiveInsertionSort,2,0.109100,0.00,0.00
randomArrays.txt,RecursiveInsertionSort,3,0.119200,0.00,0.00
randomArrays.txt,RecursiveInsertionSort,1,0.138000,0.00,0.00
randomArrays.txt,RecursiveInsertionSort,2,0.118000,0.00,0.00
randomArrays.txt,RecursiveInsertionSort,3,0.120100,0.00,0.00
randomArrays.txt,RecursiveInsertionSort,1,0.559200,0.00,0.00
randomArrays.txt,RecursiveInsertionSort,2,0.597700,0.00,0.00
randomArrays.txt,RecursiveInsertionSort,3,0.745700,0.00,0.00
randomArrays.txt,RecursiveInsertionSort,1,1.663000,0.00,0.00
randomArrays.txt,RecursiveInsertionSort,2,0.449100,0.00,0.00
randomArrays.txt,RecursiveInsertionSort,3,0.422300,0.00,0.00
randomArrays.txt,RecursiveInsertionSort,1,0.006600,0.00,0.00
randomArrays.txt,RecursiveInsertionSort,2,0.005200,0.00,0.00
randomArrays.txt,RecursiveInsertionSort,3,0.006100,0.00,0.00
randomArrays.txt,RecursiveInsertionSort,1,0.134700,0.00,0.00
randomArrays.txt,RecursiveInsertionSort,2,0.133700,0.00,0.00
randomArrays.txt,RecursiveInsertionSort,3,0.134100,0.00,0.00
randomArrays.txt,RecursiveInsertionSort,1,1.144500,0.00,0.00
randomArrays.txt,RecursiveInsertionSort,2,0.532100,0.00,0.00
randomArrays.txt,RecursiveInsertionSort,3,0.493700,0.00,0.00
randomArrays.txt,RecursiveInsertionSort,1,0.263000,0.00,0.00
randomArrays.txt,RecursiveInsertionSort,2,0.257700,0.00,0.00
randomArrays.txt,RecursiveInsertionSort,3,0.257900,0.00,0.00
randomArrays.txt,RecursiveInsertionSort,1,0.063500,0.00,0.00
randomArrays.txt,RecursiveInsertionSort,2,0.084200,0.00,0.00
randomArrays.txt,RecursiveInsertionSort,3,0.066500,0.00,0.00
randomArrays.txt,RecursiveInsertionSort,1,0.126800,0.00,0.00
randomArrays.txt,RecursiveInsertionSort,2,0.141500,0.00,0.00
randomArrays.txt,RecursiveInsertionSort,3,0.126800,0.00,0.00
randomArrays.txt,RecursiveInsertionSort,1,0.599400,0.00,0.00
randomArrays.txt,RecursiveInsertionSort,2,0.599900,0.00,0.00
randomArrays.txt,RecursiveInsertionSort,3,0.624400,0.00,0.00
randomArrays.txt,RecursiveInsertionSort,1,0.116900,0.00,0.00
randomArrays.txt,RecursiveInsertionSort,2,0.138500,0.00,0.00
randomArrays.txt,RecursiveInsertionSort,3,0.113500,0.00,0.00
randomArrays.txt,RecursiveInsertionSort,1,0.389400,0.00,0.00
randomArrays.txt,RecursiveInsertionSort,2,0.369100,0.00,0.00
randomArrays.txt,RecursiveInsertionSort,3,0.341900,0.00,0.00
randomArrays.txt,RecursiveInsertionSort,1,0.638600,0.00,0.00
randomArrays.txt,RecursiveInsertionSort,2,0.616100,0.00,0.00
randomArrays.txt,RecursiveInsertionSort,3,0.628800,0.00,0.00
randomArrays.txt,RecursiveInsertionSort,1,0.592700,0.00,0.00
randomArrays.txt,RecursiveInsertionSort,2,0.619000,0.00,0.00
randomArrays.txt,RecursiveInsertionSort,3,0.573300,0.00,0.00
randomArrays.txt,RecursiveInsertionSort,1,0.543600,0.00,0.00
randomArrays.txt,RecursiveInsertionSort,2,0.554300,0.00,0.00
randomArrays.txt,RecursiveInsertionSort,3,0.534000,0.00,0.00
randomArrays.txt,RecursiveInsertionSort,1,0.003000,0.00,0.00
randomArrays.txt,RecursiveInsertionSort,2,0.002400,0.00,0.00
randomArrays.txt,RecursiveInsertionSort,3,0.002800,0.00,0.00
randomArrays.txt,RecursiveInsertionSort,1,0.097700,0.00,0.00
randomArrays.txt,RecursiveInsertionSort,2,0.107200,0.00,0.00
randomArrays.txt,RecursiveInsertionSort,3,0.096800,0.00,0.00
randomArrays.txt,RecursiveInsertionSort,1,0.188400,0.00,0.00
randomArrays.txt,RecursiveInsertionSort,2,1.865200,0.00,0.00
randomArrays.txt,RecursiveInsertionSort,3,1.900600,0.00,0.00
randomArrays.txt,RecursiveInsertionSort,1,0.383700,0.00,0.00
randomArrays.txt,RecursiveInsertionSort,2,0.367000,0.00,0.00
randomArrays.txt,RecursiveInsertionSort,3,0.410000,0.00,0.00
randomArrays.txt,RecursiveInsertionSort,1,0.270600,0.00,0.00
randomArrays.txt,RecursiveInsertionSort,2,0.292800,0.00,0.00
randomArrays.txt,RecursiveInsertionSort,3,0.261700,0.00,0.00
randomArrays.txt,RecursiveInsertionSort,1,0.038600,0.00,0.00
randomArrays.txt,RecursiveInsertionSort,2,0.042600,0.00,0.00
randomArrays.txt,RecursiveInsertionSort,3,0.035900,0.00,0.00
randomArrays.txt,RecursiveInsertionSort,1,0.011700,0.00,0.00
randomArrays.txt,RecursiveInsertionSort,2,0.014500,0.00,0.00
randomArrays.txt,RecursiveInsertionSort,3,0.014200,0.00,0.00
randomArrays.txt,RecursiveInsertionSort,1,0.034600,0.00,0.00
randomArrays.txt,RecursiveInsertionSort,2,0.038100,0.00,0.00
randomArrays.txt,RecursiveInsertionSort,3,0.037500,0.00,0.00
randomArrays.txt,RecursiveInsertionSort,1,0.516200,0.00,0.00
randomArrays.txt,RecursiveInsertionSort,2,1.919100,0.00,0.00
randomArrays.txt,RecursiveInsertionSort,3,0.569200,0.00,0.00
randomArrays.txt,RecursiveInsertionSort,1,0.025500,0.00,0.00
randomArrays.txt,RecursiveInsertionSort,2,0.026000,0.00,0.00
randomArrays.txt,RecursiveInsertionSort,3,0.024100,0.00,0.00
randomArrays.txt,RecursiveInsertionSort,1,0.002800,0.00,0.00
randomArrays.txt,RecursiveInsertionSort,2,0.003000,0.00,0.00
randomArrays.txt,RecursiveInsertionSort,3,0.003000,0.00,0.00
randomArrays.txt,RecursiveInsertionSort,1,0.255400,0.00,0.00
randomArrays.txt,RecursiveInsertionSort,2,0.236500,0.00,0.00
randomArrays.txt,RecursiveInsertionSort,3,0.298200,0.00,0.00
randomArrays.txt,RecursiveInsertionSort,1,0.176200,0.00,0.00
randomArrays.txt,RecursiveInsertionSort,2,0.127600,0.00,0.00
randomArrays.txt,RecursiveInsertionSort,3,0.135300,0.00,0.00
randomArrays.txt,RecursiveInsertionSort,1,1.643300,0.00,0.00
randomArrays.txt,RecursiveInsertionSort,2,1.463800,0.00,0.00
randomArrays.txt,RecursiveInsertionSort,3,1.613800,0.00,0.00
randomArrays.txt,RecursiveInsertionSort,1,0.010300,0.00,0.00
randomArrays.txt,RecursiveInsertionSort,2,0.011300,0.00,0.00
randomArrays.txt,RecursiveInsertionSort,3,0.011800,0.00,0.00
randomArrays.txt,RecursiveInsertionSort,1,0.834400,0.00,0.00
randomArrays.txt,RecursiveInsertionSort,2,0.815700,0.00,0.00
randomArrays.txt,RecursiveInsertionSort,3,0.838400,0.00,0.00
randomArrays.txt,RecursiveInsertionSort,1,0.299500,0.00,0.00
randomArrays.txt,RecursiveInsertionSort,2,0.312200,0.00,0.00
randomArrays.txt,RecursiveInsertionSort,3,0.285800,0.00,0.00
randomArrays.txt,RecursiveInsertionSort,1,0.003000,0.00,0.00
randomArrays.txt,RecursiveInsertionSort,2,0.002800,0.00,0.00
randomArrays.txt,RecursiveInsertionSort,3,0.002900,0.00,0.00
randomArrays.txt,RecursiveInsertionSort,1,0.009500,0.00,0.00
randomArrays.txt,RecursiveInsertionSort,2,0.009300,0.00,0.00
randomArrays.txt,RecursiveInsertionSort,3,0.017000,0.00,0.00
randomArrays.txt,RecursiveInsertionSort,1,0.092600,0.00,0.00
randomArrays.txt,RecursiveInsertionSort,2,0.090500,0.00,0.00
randomArrays.txt,RecursiveInsertionSort,3,0.092000,0.00,0.00
randomArrays.txt,RecursiveInsertionSort,1,0.030700,0.00,0.00
randomArrays.txt,RecursiveInsertionSort,2,0.030500,0.00,0.00
randomArrays.txt,RecursiveInsertionSort,3,0.031800,0.00,0.00
randomArrays.txt,RecursiveInsertionSort,1,0.508400,0.00,0.00
randomArrays.txt,RecursiveInsertionSort,2,0.507200,0.00,0.00
randomArrays.txt,RecursiveInsertionSort,3,0.443000,0.00,0.00
randomArrays.txt,RecursiveInsertionSort,1,0.230500,0.00,0.00
randomArrays.txt,RecursiveInsertionSort,2,0.224900,0.00,0.00
randomArrays.txt,RecursiveInsertionSort,3,0.237800,0.00,0.00
randomArrays.txt,RecursiveInsertionSort,1,0.071400,0.00,0.00
randomArrays.txt,RecursiveInsertionSort,2,0.072000,0.00,0.00
randomArrays.txt,RecursiveInsertionSort,3,0.074800,0.00,0.00
randomArrays.txt,RecursiveInsertionSort,1,0.104100,0.00,0.00
randomArrays.txt,RecursiveInsertionSort,2,0.116800,0.00,0.00
randomArrays.txt,RecursiveInsertionSort,3,0.104200,0.00,0.00
randomArrays.txt,RecursiveInsertionSort,1,0.644500,0.00,0.00
randomArrays.txt,RecursiveInsertionSort,2,0.669500,0.00,0.00
randomArrays.txt,RecursiveInsertionSort,3,0.644800,0.00,0.00
randomArrays.txt,RecursiveInsertionSort,1,0.579700,0.00,0.00
randomArrays.txt,RecursiveInsertionSort,2,0.601800,0.00,0.00
randomArrays.txt,RecursiveInsertionSort,3,0.587700,0.00,0.00
randomArrays.txt,RecursiveInsertionSort,1,0.553500,0.00,0.00
randomArrays.txt,RecursiveInsertionSort,2,0.542300,0.00,0.00
randomArrays.txt,RecursiveInsertionSort,3,0.527300,0.00,0.00
randomArrays.txt,RecursiveInsertionSort,1,0.306900,0.00,0.00
randomArrays.txt,RecursiveInsertionSort,2,0.307100,0.00,0.00
randomArrays.txt,RecursiveInsertionSort,3,0.344800,0.00,0.00
randomArrays.txt,RecursiveInsertionSort,1,0.349700,0.00,0.00
randomArrays.txt,RecursiveInsertionSort,2,0.323100,0.00,0.00
randomArrays.txt,RecursiveInsertionSort,3,0.364900,0.00,0.00
randomArrays.txt,RecursiveInsertionSort,1,0.223600,0.00,0.00
randomArrays.txt,RecursiveInsertionSort,2,0.226200,0.00,0.00
randomArrays.txt,RecursiveInsertionSort,3,0.305100,0.00,0.00
randomArrays.txt,RecursiveInsertionSort,1,0.504600,0.00,0.00
randomArrays.txt,RecursiveInsertionSort,2,0.493100,0.00,0.00
randomArrays.txt,RecursiveInsertionSort,3,0.499800,0.00,0.00
randomArrays.txt,RecursiveInsertionSort,1,0.003500,0.00,0.00
randomArrays.txt,RecursiveInsertionSort,2,0.003700,0.00,0.00
randomArrays.txt,RecursiveInsertionSort,3,0.003600,0.00,0.00
randomArrays.txt,RecursiveInsertionSort,1,0.196700,0.00,0.00
randomArrays.txt,RecursiveInsertionSort,2,0.172400,0.00,0.00
randomArrays.txt,RecursiveInsertionSort,3,0.171300,0.00,0.00
randomArrays.txt,RecursiveInsertionSort,1,0.016900,0.00,0.00
randomArrays.txt,RecursiveInsertionSort,2,0.110300,0.00,0.00
randomArrays.txt,RecursiveInsertionSort,3,0.014000,0.00,0.00
randomArrays.txt,RecursiveInsertionSort,1,0.518500,0.00,0.00
randomArrays.txt,RecursiveInsertionSort,2,0.369900,0.00,0.00
randomArrays.txt,RecursiveInsertionSort,3,0.536100,0.00,0.00
randomArrays.txt,RecursiveInsertionSort,1,0.367000,0.00,0.00
randomArrays.txt,RecursiveInsertionSort,2,0.356700,0.00,0.00
randomArrays.txt,RecursiveInsertionSort,3,0.235500,0.00,0.00
randomArrays.txt,RecursiveInsertionSort,1,0.278100,0.00,0.00
randomArrays.txt,RecursiveInsertionSort,2,0.049600,0.00,0.00
randomArrays.txt,RecursiveInsertionSort,3,0.147800,0.00,0.00
randomArrays.txt,RecursiveInsertionSort,1,0.163600,0.00,0.00
randomArrays.txt,RecursiveInsertionSort,2,0.189500,0.00,0.00
randomArrays.txt,RecursiveInsertionSort,3,0.193900,0.00,0.00
randomArrays.txt,RecursiveInsertionSort,1,0.076800,0.00,0.00
randomArrays.txt,RecursiveInsertionSort,2,0.074500,0.00,0.00
randomArrays.txt,RecursiveInsertionSort,3,0.067600,0.00,0.00
randomArrays.txt,RecursiveInsertionSort,1,0.429900,0.00,0.00
randomArrays.txt,RecursiveInsertionSort,2,0.459400,0.00,0.00
randomArrays.txt,RecursiveInsertionSort,3,0.459800,0.00,0.00
randomArrays.txt,RecursiveInsertionSort,1,0.123700,0.00,0.00
randomArrays.txt,RecursiveInsertionSort,2,0.121300,0.00,0.00
randomArrays.txt,RecursiveInsertionSort,3,0.157500,0.00,0.00
randomArrays.txt,RecursiveInsertionSort,1,0.127000,0.00,0.00
randomArrays.txt,RecursiveInsertionSort,2,0.102300,0.00,0.00
randomArrays.txt,RecursiveInsertionSort,3,0.099800,0.00,0.00
randomArrays.txt,RecursiveInsertionSort,1,0.250400,0.00,0.00
randomArrays.txt,RecursiveInsertionSort,2,0.214300,0.00,0.00
randomArrays.txt,RecursiveInsertionSort,3,0.273900,0.00,0.00
randomArrays.txt,RecursiveInsertionSort,1,0.609400,0.00,0.00
randomArrays.txt,RecursiveInsertionSort,2,0.686100,0.00,0.00
randomArrays.txt,RecursiveInsertionSort,3,0.673600,0.00,0.00
randomArrays.txt,RecursiveInsertionSort,1,0.019300,0.00,0.00
randomArrays.txt,RecursiveInsertionSort,2,0.021000,0.00,0.00
randomArrays.txt,RecursiveInsertionSort,3,0.019100,0.00,0.00
randomArrays.txt,RecursiveInsertionSort,1,0.034300,0.00,0.00
randomArrays.txt,RecursiveInsertionSort,2,0.033500,0.00,0.00
randomArrays.txt,RecursiveInsertionSort,3,0.034200,0.00,0.00
randomArrays.txt,RecursiveInsertionSort,1,0.034000,0.00,0.00
randomArrays.txt,RecursiveInsertionSort,2,0.030900,0.00,0.00
randomArrays.txt,RecursiveInsertionSort,3,0.033300,0.00,0.00
randomArrays.txt,RecursiveInsertionSort,1,0.327400,0.00,0.00
randomArrays.txt,RecursiveInsertionSort,2,0.447600,0.00,0.00
randomArrays.txt,RecursiveInsertionSort,3,0.485300,0.00,0.00
randomArrays.txt,RecursiveInsertionSort,1,0.275800,0.00,0.00
randomArrays.txt,RecursiveInsertionSort,2,0.170900,0.00,0.00
randomArrays.txt,RecursiveInsertionSort,3,0.182700,0.00,0.00
randomArrays.txt,RecursiveInsertionSort,1,0.221900,0.00,0.00
randomArrays.txt,RecursiveInsertionSort,2,0.230500,0.00,0.00
randomArrays.txt,RecursiveInsertionSort,3,0.179400,0.00,0.00
randomArrays.txt,RecursiveInsertionSort,1,0.001200,0.00,0.00
randomArrays.txt,RecursiveInsertionSort,2,0.002100,0.00,0.00
randomArrays.txt,RecursiveInsertionSort,3,0.001400,0.00,0.00
randomArrays.txt,RecursiveInsertionSort,1,0.503500,0.00,0.00
randomArrays.txt,RecursiveInsertionSort,2,0.527300,0.00,0.00
randomArrays.txt,RecursiveInsertionSort,3,0.522400,0.00,0.00
randomArrays.txt,RecursiveInsertionSort,1,0.372800,0.00,0.00
randomArrays.txt,RecursiveInsertionSort,2,0.363500,0.00,0.00
randomArrays.txt,RecursiveInsertionSort,3,0.367000,0.00,0.00
randomArrays.txt,RecursiveInsertionSort,1,0.118100,0.00,0.00
randomArrays.txt,RecursiveInsertionSort,2,0.128100,6098.75,0.00
randomArrays.txt,RecursiveInsertionSort,3,0.122900,0.00,0.00
randomArrays.txt,RecursiveInsertionSort,1,1.757900,0.00,0.00
randomArrays.txt,RecursiveInsertionSort,2,0.469100,0.00,0.00
randomArrays.txt,RecursiveInsertionSort,3,0.320800,0.00,0.00
randomArrays.txt,RecursiveInsertionSort,1,0.240500,0.00,0.00
randomArrays.txt,RecursiveInsertionSort,2,0.240800,0.00,0.00
randomArrays.txt,RecursiveInsertionSort,3,0.289200,0.00,0.00
randomArrays.txt,RecursiveInsertionSort,1,0.606300,0.00,0.00
randomArrays.txt,RecursiveInsertionSort,2,0.598400,0.00,0.00
randomArrays.txt,RecursiveInsertionSort,3,0.604000,0.00,0.00
randomArrays.txt,RecursiveInsertionSort,1,0.018400,0.00,0.00
randomArrays.txt,RecursiveInsertionSort,2,0.017900,0.00,0.00
randomArrays.txt,RecursiveInsertionSort,3,0.017700,0.00,0.00
randomArrays.txt,RecursiveInsertionSort,1,0.622900,0.00,0.00
randomArrays.txt,RecursiveInsertionSort,2,0.613800,0.00,0.00
randomArrays.txt,RecursiveInsertionSort,3,0.623000,0.00,0.00
randomArrays.txt,RecursiveInsertionSort,1,0.064200,0.00,0.00
randomArrays.txt,RecursiveInsertionSort,2,0.068400,0.00,0.00
randomArrays.txt,RecursiveInsertionSort,3,0.068500,0.00,0.00
randomArrays.txt,RecursiveInsertionSort,1,0.444200,0.00,0.00
randomArrays.txt,RecursiveInsertionSort,2,0.440100,0.00,0.00
randomArrays.txt,RecursiveInsertionSort,3,0.439200,0.00,0.00
randomArrays.txt,RecursiveInsertionSort,1,0.032500,0.00,0.00
randomArrays.txt,RecursiveInsertionSort,2,0.032700,0.00,0.00
randomArrays.txt,RecursiveInsertionSort,3,0.031600,0.00,0.00
randomArrays.txt,RecursiveInsertionSort,1,0.081800,0.00,0.00
randomArrays.txt,RecursiveInsertionSort,2,0.076800,0.00,0.00
randomArrays.txt,RecursiveInsertionSort,3,0.086500,0.00,0.00
randomArrays.txt,RecursiveInsertionSort,1,0.097100,0.00,0.00
randomArrays.txt,RecursiveInsertionSort,2,0.109900,0.00,0.00
randomArrays.txt,RecursiveInsertionSort,3,0.107100,0.00,0.00
randomArrays.txt,RecursiveInsertionSort,1,0.520500,0.00,0.00
randomArrays.txt,RecursiveInsertionSort,2,0.472200,0.00,0.00
randomArrays.txt,RecursiveInsertionSort,3,0.528900,0.00,0.00
randomArrays.txt,RecursiveInsertionSort,1,0.490700,0.00,0.00
randomArrays.txt,RecursiveInsertionSort,2,0.579800,0.00,0.00
randomArrays.txt,RecursiveInsertionSort,3,0.632600,0.00,0.00
randomArrays.txt,RecursiveInsertionSort,1,0.268500,0.00,0.00
randomArrays.txt,RecursiveInsertionSort,2,0.242700,0.00,0.00
randomArrays.txt,RecursiveInsertionSort,3,0.284500,0.00,0.00
randomArrays.txt,RecursiveInsertionSort,1,0.001100,0.00,0.00
randomArrays.txt,RecursiveInsertionSort,2,0.001000,0.00,0.00
randomArrays.txt,RecursiveInsertionSort,3,0.000900,0.00,0.00
randomArrays.txt,RecursiveInsertionSort,1,0.098800,0.00,0.00
randomArrays.txt,RecursiveInsertionSort,2,0.311700,0.00,0.00
randomArrays.txt,RecursiveInsertionSort,3,0.115700,0.00,0.00
randomArrays.txt,RecursiveInsertionSort,1,0.031000,0.00,0.00
randomArrays.txt,RecursiveInsertionSort,2,0.035300,0.00,0.00
randomArrays.txt,RecursiveInsertionSort,3,0.026200,0.00,0.00
randomArrays.txt,RecursiveInsertionSort,1,0.232900,0.00,0.00
randomArrays.txt,RecursiveInsertionSort,2,0.325800,0.00,0.00
randomArrays.txt,RecursiveInsertionSort,3,1.872300,0.00,0.00
randomArrays.txt,RecursiveInsertionSort,1,0.002700,0.00,0.00
randomArrays.txt,RecursiveInsertionSort,2,0.003500,0.00,0.00
randomArrays.txt,RecursiveInsertionSort,3,0.003000,0.00,0.00
randomArrays.txt,RecursiveInsertionSort,1,0.018500,0.00,0.00
randomArrays.txt,RecursiveInsertionSort,2,0.016300,0.00,0.00
randomArrays.txt,RecursiveInsertionSort,3,0.015200,0.00,0.00
randomArrays.txt,RecursiveInsertionSort,1,0.080200,0.00,0.00
randomArrays.txt,RecursiveInsertionSort,2,0.153100,0.00,0.00
randomArrays.txt,RecursiveInsertionSort,3,0.076400,0.00,0.00
randomArrays.txt,RecursiveInsertionSort,1,0.169800,0.00,0.00
randomArrays.txt,RecursiveInsertionSort,2,0.159700,0.00,0.00
randomArrays.txt,RecursiveInsertionSort,3,0.188200,0.00,0.00
randomArrays.txt,RecursiveInsertionSort,1,0.047400,0.00,0.00
randomArrays.txt,RecursiveInsertionSort,2,0.048900,0.00,0.00
randomArrays.txt,RecursiveInsertionSort,3,0.042900,0.00,0.00
randomArrays.txt,RecursiveInsertionSort,1,0.379800,0.00,0.00
randomArrays.txt,RecursiveInsertionSort,2,0.368100,0.00,0.00
randomArrays.txt,RecursiveInsertionSort,3,0.324100,0.00,0.00
randomArrays.txt,RecursiveInsertionSort,1,0.081900,0.00,0.00
randomArrays.txt,RecursiveInsertionSort,2,0.060500,0.00,0.00
randomArrays.txt,RecursiveInsertionSort,3,0.064600,0.00,0.00
randomArrays.txt,RecursiveInsertionSort,1,0.006400,0.00,0.00
randomArrays.txt,RecursiveInsertionSort,2,0.006100,0.00,0.00
randomArrays.txt,RecursiveInsertionSort,3,0.005500,0.00,0.00
randomArrays.txt,RecursiveInsertionSort,1,0.092000,0.00,0.00
randomArrays.txt,RecursiveInsertionSort,2,0.085200,0.00,0.00
randomArrays.txt,RecursiveInsertionSort,3,0.083700,0.00,0.00
randomArrays.txt,RecursiveInsertionSort,1,1.542500,0.00,0.00
randomArrays.txt,RecursiveInsertionSort,2,0.652100,0.00,0.00
randomArrays.txt,RecursiveInsertionSort,3,0.643200,0.00,0.00
randomArrays.txt,RecursiveInsertionSort,1,0.355400,0.00,0.00
randomArrays.txt,RecursiveInsertionSort,2,0.320800,0.00,0.00
randomArrays.txt,RecursiveInsertionSort,3,0.365700,0.00,0.00
randomArrays.txt,RecursiveInsertionSort,1,0.192100,0.00,0.00
randomArrays.txt,RecursiveInsertionSort,2,0.187500,0.00,0.00
randomArrays.txt,RecursiveInsertionSort,3,0.205200,0.00,0.00
randomArrays.txt,RecursiveInsertionSort,1,0.123100,0.00,0.00
randomArrays.txt,RecursiveInsertionSort,2,0.122600,0.00,0.00
randomArrays.txt,RecursiveInsertionSort,3,0.122000,0.00,0.00
randomArrays.txt,RecursiveInsertionSort,1,0.481900,0.00,0.00
randomArrays.txt,RecursiveInsertionSort,2,0.387300,0.00,0.00
randomArrays.txt,RecursiveInsertionSort,3,0.964700,0.00,0.00
randomArrays.txt,RecursiveInsertionSort,1,0.334400,0.00,0.00
randomArrays.txt,RecursiveInsertionSort,2,0.324000,0.00,0.00
randomArrays.txt,RecursiveInsertionSort,3,0.329300,0.00,0.00
randomArrays.txt,RecursiveInsertionSort,1,0.169300,0.00,0.00
randomArrays.txt,RecursiveInsertionSort,2,0.169400,0.00,0.00
randomArrays.txt,RecursiveInsertionSort,3,0.169100,0.00,0.00
randomArrays.txt,RecursiveInsertionSort,1,0.468700,0.00,0.00
randomArrays.txt,RecursiveInsertionSort,2,0.478900,0.00,0.00
randomArrays.txt,RecursiveInsertionSort,3,0.465800,0.00,0.00
randomArrays.txt,RecursiveInsertionSort,1,0.190800,0.00,0.00
randomArrays.txt,RecursiveInsertionSort,2,0.180800,0.00,0.00
randomArrays.txt,RecursiveInsertionSort,3,0.192100,0.00,0.00
randomArrays.txt,RecursiveInsertionSort,1,0.069500,0.00,0.00
randomArrays.txt,RecursiveInsertionSort,2,0.075600,0.00,0.00
randomArrays.txt,RecursiveInsertionSort,3,0.075100,0.00,0.00
randomArrays.txt,RecursiveInsertionSort,1,0.007300,0.00,0.00
randomArrays.txt,RecursiveInsertionSort,2,0.008500,0.00,0.00
randomArrays.txt,RecursiveInsertionSort,3,0.007900,0.00,0.00
randomArrays.txt,RecursiveInsertionSort,1,0.373000,0.00,0.00
randomArrays.txt,RecursiveInsertionSort,2,0.337200,0.00,0.00
randomArrays.txt,RecursiveInsertionSort,3,0.441000,0.00,0.00
randomArrays.txt,RecursiveInsertionSort,1,0.522400,0.00,0.00
randomArrays.txt,RecursiveInsertionSort,2,0.536700,0.00,0.00
randomArrays.txt,RecursiveInsertionSort,3,0.541100,0.00,0.00
randomArrays.txt,RecursiveInsertionSort,1,0.767000,0.00,0.00
randomArrays.txt,RecursiveInsertionSort,2,0.760700,0.00,0.00
randomArrays.txt,RecursiveInsertionSort,3,0.759600,0.00,0.00
randomArrays.txt,RecursiveInsertionSort,1,0.379000,0.00,0.00
randomArrays.txt,RecursiveInsertionSort,2,0.386800,0.00,0.00
randomArrays.txt,RecursiveInsertionSort,3,0.341900,0.00,0.00
randomArrays.txt,RecursiveInsertionSort,1,0.273100,0.00,0.00
randomArrays.txt,RecursiveInsertionSort,2,0.277700,0.00,0.00
randomArrays.txt,RecursiveInsertionSort,3,0.266300,0.00,0.00
randomArrays.txt,RecursiveInsertionSort,1,0.015200,0.00,0.00
randomArrays.txt,RecursiveInsertionSort,2,0.014900,0.00,0.00
randomArrays.txt,RecursiveInsertionSort,3,0.015900,0.00,0.00
randomArrays.txt,RecursiveInsertionSort,1,0.655400,0.00,0.00
randomArrays.txt,RecursiveInsertionSort,2,0.603300,0.00,0.00
randomArrays.txt,RecursiveInsertionSort,3,0.568600,0.00,0.00
randomArrays.txt,RecursiveInsertionSort,1,0.521000,0.00,0.00
randomArrays.txt,RecursiveInsertionSort,2,0.528000,0.00,0.00
randomArrays.txt,RecursiveInsertionSort,3,0.533400,0.00,0.00
randomArrays.txt,RecursiveInsertionSort,1,0.276000,0.00,0.00
randomArrays.txt,RecursiveInsertionSort,2,0.329100,0.00,0.00
randomArrays.txt,RecursiveInsertionSort,3,0.291500,0.00,0.00
randomArrays.txt,RecursiveInsertionSort,1,0.089000,0.00,0.00
randomArrays.txt,RecursiveInsertionSort,2,0.068500,0.00,0.00
randomArrays.txt,RecursiveInsertionSort,3,0.068900,0.00,0.00
randomArrays.txt,RecursiveInsertionSort,1,0.706300,0.00,0.00
randomArrays.txt,RecursiveInsertionSort,2,0.680900,0.00,0.00
randomArrays.txt,RecursiveInsertionSort,3,0.716200,0.00,0.00
randomArrays.txt,RecursiveInsertionSort,1,0.036600,0.00,0.00
randomArrays.txt,RecursiveInsertionSort,2,0.061800,0.00,0.00
randomArrays.txt,RecursiveInsertionSort,3,0.037000,0.00,0.00
randomArrays.txt,RecursiveInsertionSort,1,0.354800,0.00,0.00
randomArrays.txt,RecursiveInsertionSort,2,0.356300,0.00,0.00
randomArrays.txt,RecursiveInsertionSort,3,0.359400,0.00,0.00
randomArrays.txt,RecursiveInsertionSort,1,0.020600,0.00,0.00
randomArrays.txt,RecursiveInsertionSort,2,0.019500,0.00,0.00
randomArrays.txt,RecursiveInsertionSort,3,0.020600,0.00,0.00
randomArrays.txt,RecursiveInsertionSort,1,1.684800,0.00,0.00
randomArrays.txt,RecursiveInsertionSort,2,0.463000,0.00,0.00
randomArrays.txt,RecursiveInsertionSort,3,0.503900,0.00,0.00
randomArrays.txt,RecursiveInsertionSort,1,0.643500,0.00,0.00
randomArrays.txt,RecursiveInsertionSort,2,0.639100,0.00,0.00
randomArrays.txt,RecursiveInsertionSort,3,0.646300,604.40,0.00
randomArrays.txt,RecursiveInsertionSort,1,0.482000,0.00,0.00
randomArrays.txt,RecursiveInsertionSort,2,0.488800,0.00,0.00
randomArrays.txt,RecursiveInsertionSort,3,0.495700,0.00,0.00
randomArrays.txt,RecursiveInsertionSort,1,0.047700,0.00,0.00
randomArrays.txt,RecursiveInsertionSort,2,0.044400,0.00,0.00
randomArrays.txt,RecursiveInsertionSort,3,0.045800,0.00,0.00
randomArrays.txt,RecursiveInsertionSort,1,0.766800,0.00,0.00
randomArrays.txt,RecursiveInsertionSort,2,0.555500,0.00,0.00
randomArrays.txt,RecursiveInsertionSort,3,1.089500,0.00,0.00
randomArrays.txt,RecursiveInsertionSort,1,0.010500,0.00,0.00
randomArrays.txt,RecursiveInsertionSort,2,0.009900,0.00,0.00
randomArrays.txt,RecursiveInsertionSort,3,0.009700,0.00,0.00
randomArrays.txt,RecursiveInsertionSort,1,0.196300,0.00,0.00
randomArrays.txt,RecursiveInsertionSort,2,0.466000,0.00,0.00
randomArrays.txt,RecursiveInsertionSort,3,0.300200,0.00,0.00
randomArrays.txt,RecursiveInsertionSort,1,0.070300,0.00,0.00
randomArrays.txt,RecursiveInsertionSort,2,0.081900,0.00,0.00
randomArrays.txt,RecursiveInsertionSort,3,0.080300,0.00,0.00
randomArrays.txt,RecursiveInsertionSort,1,0.032600,0.00,0.00
randomArrays.txt,RecursiveInsertionSort,2,0.038300,0.00,0.00
randomArrays.txt,RecursiveInsertionSort,3,0.017700,0.00,0.00
randomArrays.txt,RecursiveInsertionSort,1,0.010300,0.00,0.00
randomArrays.txt,RecursiveInsertionSort,2,0.009900,0.00,0.00
randomArrays.txt,RecursiveInsertionSort,3,0.010000,0.00,0.00
randomArrays.txt,RecursiveInsertionSort,1,0.525600,0.00,0.00
randomArrays.txt,RecursiveInsertionSort,2,0.468800,0.00,0.00
randomArrays.txt,RecursiveInsertionSort,3,0.517500,0.00,0.00
randomArrays.txt,RecursiveInsertionSort,1,0.001700,0.00,0.00
randomArrays.txt,RecursiveInsertionSort,2,0.001500,0.00,0.00
randomArrays.txt,RecursiveInsertionSort,3,0.001400,0.00,0.00
randomArrays.txt,RecursiveInsertionSort,1,0.051100,0.00,0.00
randomArrays.txt,RecursiveInsertionSort,2,0.033000,0.00,0.00
randomArrays.txt,RecursiveInsertionSort,3,0.032300,0.00,0.00
randomArrays.txt,RecursiveInsertionSort,1,0.181800,0.00,0.00
randomArrays.txt,RecursiveInsertionSort,2,1.271300,0.00,0.00
randomArrays.txt,RecursiveInsertionSort,3,0.148600,0.00,0.00
randomArrays.txt,RecursiveInsertionSort,1,0.256800,0.00,0.00
randomArrays.txt,RecursiveInsertionSort,2,0.238800,0.00,0.00
randomArrays.txt,RecursiveInsertionSort,3,0.253000,0.00,0.00
randomArrays.txt,RecursiveInsertionSort,1,0.406600,0.00,0.00
randomArrays.txt,RecursiveInsertionSort,2,0.375200,0.00,0.00
randomArrays.txt,RecursiveInsertionSort,3,0.372300,0.00,0.00
randomArrays.txt,RecursiveInsertionSort,1,0.172900,0.00,0.00
randomArrays.txt,RecursiveInsertionSort,2,0.183000,0.00,0.00
randomArrays.txt,RecursiveInsertionSort,3,0.146100,0.00,0.00
randomArrays.txt,RecursiveInsertionSort,1,0.128800,0.00,0.00
randomArrays.txt,RecursiveInsertionSort,2,0.198800,0.00,0.00
randomArrays.txt,RecursiveInsertionSort,3,0.139600,0.00,0.00
randomArrays.txt,RecursiveInsertionSort,1,0.022600,0.00,0.00
randomArrays.txt,RecursiveInsertionSort,2,0.016400,0.00,0.00
randomArrays.txt,RecursiveInsertionSort,3,0.039000,0.00,0.00
randomArrays.txt,RecursiveInsertionSort,1,0.318100,0.00,0.00
randomArrays.txt,RecursiveInsertionSort,2,0.446500,0.00,0.00
randomArrays.txt,RecursiveInsertionSort,3,0.376300,0.00,0.00
randomArrays.txt,RecursiveInsertionSort,1,0.042000,0.00,0.00
randomArrays.txt,RecursiveInsertionSort,2,0.039600,0.00,0.00
randomArrays.txt,RecursiveInsertionSort,3,0.040700,0.00,0.00
randomArrays.txt,RecursiveInsertionSort,1,0.453900,0.00,0.00
randomArrays.txt,RecursiveInsertionSort,2,0.393200,0.00,0.00
randomArrays.txt,RecursiveInsertionSort,3,0.375600,0.00,0.00
randomArrays.txt,RecursiveInsertionSort,1,0.133700,0.00,0.00
randomArrays.txt,RecursiveInsertionSort,2,0.106700,0.00,0.00
randomArrays.txt,RecursiveInsertionSort,3,0.090700,0.00,0.00
randomArrays.txt,RecursiveInsertionSort,1,0.592300,0.00,0.00
randomArrays.txt,RecursiveInsertionSort,2,4.042900,0.00,0.00
randomArrays.txt,RecursiveInsertionSort,3,0.568900,0.00,0.00
randomArrays.txt,RecursiveInsertionSort,1,0.064100,0.00,0.00
randomArrays.txt,RecursiveInsertionSort,2,0.075900,0.00,0.00
randomArrays.txt,RecursiveInsertionSort,3,1.092900,0.00,0.00
randomArrays.txt,RecursiveInsertionSort,1,0.101000,0.00,0.00
randomArrays.txt,RecursiveInsertionSort,2,0.093000,0.00,0.00
randomArrays.txt,RecursiveInsertionSort,3,0.078200,0.00,0.00
randomArrays.txt,RecursiveInsertionSort,1,0.539700,0.00,0.00
randomArrays.txt,RecursiveInsertionSort,2,0.558800,0.00,0.00
randomArrays.txt,RecursiveInsertionSort,3,0.574200,0.00,0.00
randomArrays.txt,RecursiveInsertionSort,1,0.500600,0.00,0.00
randomArrays.txt,RecursiveInsertionSort,2,2.004000,0.00,0.00
randomArrays.txt,RecursiveInsertionSort,3,0.440300,0.00,0.00
randomArrays.txt,RecursiveInsertionSort,1,0.197400,0.00,0.00
randomArrays.txt,RecursiveInsertionSort,2,0.190000,0.00,0.00
randomArrays.txt,RecursiveInsertionSort,3,0.210700,0.00,0.00
randomArrays.txt,RecursiveInsertionSort,1,0.216200,0.00,0.00
randomArrays.txt,RecursiveInsertionSort,2,0.282700,0.00,0.00
randomArrays.txt,RecursiveInsertionSort,3,0.234000,0.00,0.00
randomArrays.txt,RecursiveInsertionSort,1,0.019400,0.00,0.00
randomArrays.txt,RecursiveInsertionSort,2,0.019700,0.00,0.00
randomArrays.txt,RecursiveInsertionSort,3,0.166300,0.00,0.00
randomArrays.txt,RecursiveInsertionSort,1,2.644300,0.00,0.00
randomArrays.txt,RecursiveInsertionSort,2,0.876400,0.00,0.00
randomArrays.txt,RecursiveInsertionSort,3,0.917900,0.00,0.00
randomArrays.txt,RecursiveInsertionSort,1,0.159300,0.00,0.00
randomArrays.txt,RecursiveInsertionSort,2,0.146600,0.00,0.00
randomArrays.txt,RecursiveInsertionSort,3,0.161000,0.00,0.00
randomArrays.txt,RecursiveInsertionSort,1,0.001000,0.00,0.00
randomArrays.txt,RecursiveInsertionSort,2,0.000900,0.00,0.00
randomArrays.txt,RecursiveInsertionSort,3,0.000900,0.00,0.00
randomArrays.txt,RecursiveInsertionSort,1,0.599000,0.00,0.00
randomArrays.txt,RecursiveInsertionSort,2,0.694700,0.00,0.00
randomArrays.txt,RecursiveInsertionSort,3,0.613500,0.00,0.00
randomArrays.txt,RecursiveInsertionSort,1,0.576100,0.00,0.00
randomArrays.txt,RecursiveInsertionSort,2,5.750900,0.00,0.00
randomArrays.txt,RecursiveInsertionSort,3,0.450000,0.00,0.00
randomArrays.txt,RecursiveInsertionSort,1,0.038900,0.00,0.00
randomArrays.txt,RecursiveInsertionSort,2,0.042000,0.00,0.00
randomArrays.txt,RecursiveInsertionSort,3,0.032700,0.00,0.00
randomArrays.txt,RecursiveInsertionSort,1,0.643000,0.00,0.00
randomArrays.txt,RecursiveInsertionSort,2,0.635800,0.00,0.00
randomArrays.txt,RecursiveInsertionSort,3,0.591900,0.00,0.00
randomArrays.txt,RecursiveInsertionSort,1,0.550300,0.00,0.00
randomArrays.txt,RecursiveInsertionSort,2,0.566900,0.00,0.00
randomArrays.txt,RecursiveInsertionSort,3,0.625300,0.00,0.00
randomArrays.txt,RecursiveInsertionSort,1,0.046000,0.00,0.00
randomArrays.txt,RecursiveInsertionSort,2,0.047700,0.00,0.00
randomArrays.txt,RecursiveInsertionSort,3,0.052100,0.00,0.00
randomArrays.txt,RecursiveInsertionSort,1,0.023900,0.00,0.00
randomArrays.txt,RecursiveInsertionSort,2,0.024100,0.00,0.00
randomArrays.txt,RecursiveInsertionSort,3,0.022400,0.00,0.00
randomArrays.txt,RecursiveInsertionSort,1,0.403500,0.00,0.00
randomArrays.txt,RecursiveInsertionSort,2,0.397700,0.00,0.00
randomArrays.txt,RecursiveInsertionSort,3,0.403300,0.00,0.00
randomArrays.txt,RecursiveInsertionSort,1,0.316600,0.00,0.00
randomArrays.txt,RecursiveInsertionSort,2,0.283700,0.00,0.00
randomArrays.txt,RecursiveInsertionSort,3,0.279400,0.00,0.00
randomArrays.txt,RecursiveInsertionSort,1,0.070800,0.00,0.00
randomArrays.txt,RecursiveInsertionSort,2,0.065000,0.00,0.00
randomArrays.txt,RecursiveInsertionSort,3,0.070800,0.00,0.00
randomArrays.txt,RecursiveInsertionSort,1,0.008200,0.00,0.00
randomArrays.txt,RecursiveInsertionSort,2,0.007700,0.00,0.00
randomArrays.txt,RecursiveInsertionSort,3,0.007300,0.00,0.00
randomArrays.txt,RecursiveInsertionSort,1,0.630500,0.00,0.00
randomArrays.txt,RecursiveInsertionSort,2,0.468200,0.00,0.00
randomArrays.txt,RecursiveInsertionSort,3,0.456400,0.00,0.00
randomArrays.txt,RecursiveInsertionSort,1,3.028400,0.00,0.00
randomArrays.txt,RecursiveInsertionSort,2,0.483200,0.00,0.00
randomArrays.txt,RecursiveInsertionSort,3,0.242900,0.00,0.00
randomArrays.txt,RecursiveInsertionSort,1,0.068700,0.00,0.00
randomArrays.txt,RecursiveInsertionSort,2,0.069300,0.00,0.00
randomArrays.txt,RecursiveInsertionSort,3,0.069800,0.00,0.00
randomArrays.txt,RecursiveInsertionSort,1,0.947900,0.00,0.00
randomArrays.txt,RecursiveInsertionSort,2,0.666600,0.00,0.00
randomArrays.txt,RecursiveInsertionSort,3,0.583800,669.11,0.00
randomArrays.txt,RecursiveInsertionSort,1,0.053300,0.00,0.00
randomArrays.txt,RecursiveInsertionSort,2,0.051200,0.00,0.00
randomArrays.txt,RecursiveInsertionSort,3,0.040500,0.00,0.00
randomArrays.txt,RecursiveInsertionSort,1,0.218200,0.00,0.00
randomArrays.txt,RecursiveInsertionSort,2,0.335500,0.00,0.00
randomArrays.txt,RecursiveInsertionSort,3,0.217000,0.00,0.00
randomArrays.txt,RecursiveInsertionSort,1,0.011700,0.00,0.00
randomArrays.txt,RecursiveInsertionSort,2,0.011900,0.00,0.00
randomArrays.txt,RecursiveInsertionSort,3,0.015700,0.00,0.00
randomArrays.txt,RecursiveInsertionSort,1,0.013100,0.00,0.00
randomArrays.txt,RecursiveInsertionSort,2,0.009600,0.00,0.00
randomArrays.txt,RecursiveInsertionSort,3,0.008500,0.00,0.00
randomArrays.txt,RecursiveInsertionSort,1,0.083900,0.00,0.00
randomArrays.txt,RecursiveInsertionSort,2,0.083300,0.00,0.00
randomArrays.txt,RecursiveInsertionSort,3,0.083200,0.00,0.00
randomArrays.txt,RecursiveInsertionSort,1,0.539800,0.00,0.00
randomArrays.txt,RecursiveInsertionSort,2,0.548000,0.00,0.00
randomArrays.txt,RecursiveInsertionSort,3,0.583800,0.00,0.00
randomArrays.txt,RecursiveInsertionSort,1,0.299900,0.00,0.00
randomArrays.txt,RecursiveInsertionSort,2,0.300600,1299.48,0.00
randomArrays.txt,RecursiveInsertionSort,3,0.265900,0.00,0.00
randomArrays.txt,RecursiveInsertionSort,1,0.001800,0.00,0.00
randomArrays.txt,RecursiveInsertionSort,2,0.001700,0.00,0.00
randomArrays.txt,RecursiveInsertionSort,3,0.001600,0.00,0.00
randomArrays.txt,RecursiveInsertionSort,1,0.675900,0.00,0.00
randomArrays.txt,RecursiveInsertionSort,2,0.539300,0.00,0.00
randomArrays.txt,RecursiveInsertionSort,3,0.951900,0.00,0.00
randomArrays.txt,RecursiveInsertionSort,1,0.282200,0.00,0.00
randomArrays.txt,RecursiveInsertionSort,2,0.282400,0.00,0.00
randomArrays.txt,RecursiveInsertionSort,3,0.277500,0.00,0.00
randomArrays.txt,RecursiveInsertionSort,1,0.091000,0.00,0.00
randomArrays.txt,RecursiveInsertionSort,2,0.089100,0.00,0.00
randomArrays.txt,RecursiveInsertionSort,3,0.090800,0.00,0.00
randomArrays.txt,RecursiveInsertionSort,1,0.096100,0.00,0.00
randomArrays.txt,RecursiveInsertionSort,2,0.090400,0.00,0.00
randomArrays.txt,RecursiveInsertionSort,3,0.094400,0.00,0.00
randomArrays.txt,RecursiveInsertionSort,1,0.333900,0.00,0.00
randomArrays.txt,RecursiveInsertionSort,2,0.372600,0.00,0.00
randomArrays.txt,RecursiveInsertionSort,3,0.252400,0.00,0.00
randomArrays.txt,RecursiveInsertionSort,1,0.446100,0.00,0.00
randomArrays.txt,RecursiveInsertionSort,2,0.812500,0.00,0.00
randomArrays.txt,RecursiveInsertionSort,3,0.610300,0.00,0.00
randomArrays.txt,RecursiveInsertionSort,1,0.113700,0.00,0.00
randomArrays.txt,RecursiveInsertionSort,2,0.073600,0.00,0.00
randomArrays.txt,RecursiveInsertionSort,3,0.072400,0.00,0.00
randomArrays.txt,RecursiveInsertionSort,1,0.044900,0.00,0.00
randomArrays.txt,RecursiveInsertionSort,2,0.044400,0.00,0.00
randomArrays.txt,RecursiveInsertionSort,3,0.043300,0.00,0.00
randomArrays.txt,RecursiveInsertionSort,1,0.090000,0.00,0.00
randomArrays.txt,RecursiveInsertionSort,2,0.094700,0.00,0.00
randomArrays.txt,RecursiveInsertionSort,3,0.092300,0.00,0.00
randomArrays.txt,RecursiveInsertionSort,1,0.007600,0.00,0.00
randomArrays.txt,RecursiveInsertionSort,2,0.007900,0.00,0.00
randomArrays.txt,RecursiveInsertionSort,3,0.007900,0.00,0.00
randomArrays.txt,RecursiveInsertionSort,1,0.333600,0.00,0.00
randomArrays.txt,RecursiveInsertionSort,2,0.324400,0.00,0.00
randomArrays.txt,RecursiveInsertionSort,3,0.296600,0.00,0.00
randomArrays.txt,RecursiveInsertionSort,1,0.454700,0.00,0.00
randomArrays.txt,RecursiveInsertionSort,2,0.904700,0.00,0.00
randomArrays.txt,RecursiveInsertionSort,3,0.359800,0.00,0.00
randomArrays.txt,RecursiveInsertionSort,1,0.277100,0.00,0.00
randomArrays.txt,RecursiveInsertionSort,2,0.284400,0.00,0.00
randomArrays.txt,RecursiveInsertionSort,3,0.308900,0.00,0.00
randomArrays.txt,RecursiveInsertionSort,1,0.601100,0.00,0.00
randomArrays.txt,RecursiveInsertionSort,2,1.015600,0.00,0.00
randomArrays.txt,RecursiveInsertionSort,3,0.681600,0.00,0.00
randomArrays.txt,RecursiveInsertionSort,1,0.230700,0.00,0.00
randomArrays.txt,RecursiveInsertionSort,2,0.230400,0.00,0.00
randomArrays.txt,RecursiveInsertionSort,3,0.211000,0.00,0.00
randomArrays.txt,RecursiveInsertionSort,1,0.355900,0.00,0.00
randomArrays.txt,RecursiveInsertionSort,2,0.366100,0.00,0.00
randomArrays.txt,RecursiveInsertionSort,3,0.323900,0.00,0.00
randomArrays.txt,RecursiveInsertionSort,1,0.151800,0.00,0.00
randomArrays.txt,RecursiveInsertionSort,2,0.147100,0.00,0.00
randomArrays.txt,RecursiveInsertionSort,3,0.146500,0.00,0.00
randomArrays.txt,RecursiveInsertionSort,1,0.381800,0.00,0.00
randomArrays.txt,RecursiveInsertionSort,2,0.455400,0.00,0.00
randomArrays.txt,RecursiveInsertionSort,3,0.500200,0.00,0.00
randomArrays.txt,RecursiveInsertionSort,1,0.100300,0.00,0.00
randomArrays.txt,RecursiveInsertionSort,2,0.076400,0.00,0.00
randomArrays.txt,RecursiveInsertionSort,3,0.076000,0.00,0.00
randomArrays.txt,RecursiveInsertionSort,1,0.078200,0.00,0.00
randomArrays.txt,RecursiveInsertionSort,2,0.066700,0.00,0.00
randomArrays.txt,RecursiveInsertionSort,3,0.119200,0.00,0.00
randomArrays.txt,RecursiveInsertionSort,1,0.085100,0.00,0.00
randomArrays.txt,RecursiveInsertionSort,2,0.072100,0.00,0.00
randomArrays.txt,RecursiveInsertionSort,3,0.071100,0.00,0.00
randomArrays.txt,RecursiveInsertionSort,1,0.024300,0.00,0.00
randomArrays.txt,RecursiveInsertionSort,2,0.022300,0.00,0.00
randomArrays.txt,RecursiveInsertionSort,3,0.021800,0.00,0.00
randomArrays.txt,RecursiveInsertionSort,1,0.036700,0.00,0.00
randomArrays.txt,RecursiveInsertionSort,2,0.039700,0.00,0.00
randomArrays.txt,RecursiveInsertionSort,3,0.039000,0.00,0.00
randomArrays.txt,RecursiveInsertionSort,1,0.040200,0.00,0.00
randomArrays.txt,RecursiveInsertionSort,2,0.041200,0.00,0.00
randomArrays.txt,RecursiveInsertionSort,3,0.043900,0.00,0.00
randomArrays.txt,RecursiveInsertionSort,1,0.048500,0.00,0.00
randomArrays.txt,RecursiveInsertionSort,2,0.056700,0.00,0.00
randomArrays.txt,RecursiveInsertionSort,3,0.051800,0.00,0.00
randomArrays.txt,RecursiveInsertionSort,1,0.137100,0.00,0.00
randomArrays.txt,RecursiveInsertionSort,2,0.138800,0.00,0.00
randomArrays.txt,RecursiveInsertionSort,3,0.137000,0.00,0.00
randomArrays.txt,RecursiveInsertionSort,1,0.103300,0.00,0.00
randomArrays.txt,RecursiveInsertionSort,2,0.113000,0.00,0.00
randomArrays.txt,RecursiveInsertionSort,3,0.098100,0.00,0.00
randomArrays.txt,RecursiveInsertionSort,1,0.089900,0.00,0.00
randomArrays.txt,RecursiveInsertionSort,2,0.120400,0.00,0.00
randomArrays.txt,RecursiveInsertionSort,3,0.121400,0.00,0.00
randomArrays.txt,RecursiveInsertionSort,1,0.267200,0.00,0.00
randomArrays.txt,RecursiveInsertionSort,2,0.173000,0.00,0.00
randomArrays.txt,RecursiveInsertionSort,3,0.164600,0.00,0.00
randomArrays.txt,RecursiveInsertionSort,1,0.047900,0.00,0.00
randomArrays.txt,RecursiveInsertionSort,2,0.049700,0.00,0.00
randomArrays.txt,RecursiveInsertionSort,3,0.054900,0.00,0.00
randomArrays.txt,RecursiveInsertionSort,1,0.165800,0.00,0.00
randomArrays.txt,RecursiveInsertionSort,2,0.170300,0.00,0.00
randomArrays.txt,RecursiveInsertionSort,3,0.171200,0.00,0.00
randomArrays.txt,RecursiveInsertionSort,1,0.222000,0.00,0.00
randomArrays.txt,RecursiveInsertionSort,2,0.215000,0.00,0.00
randomArrays.txt,RecursiveInsertionSort,3,0.173000,0.00,0.00
randomArrays.txt,RecursiveInsertionSort,1,0.040100,0.00,0.00
randomArrays.txt,RecursiveInsertionSort,2,0.038400,0.00,0.00
randomArrays.txt,RecursiveInsertionSort,3,0.043500,0.00,0.00
randomArrays.txt,RecursiveInsertionSort,1,0.018900,0.00,0.00
randomArrays.txt,RecursiveInsertionSort,2,0.018200,0.00,0.00
randomArrays.txt,RecursiveInsertionSort,3,0.017400,0.00,0.00
randomArrays.txt,RecursiveInsertionSort,1,0.011400,0.00,0.00
randomArrays.txt,RecursiveInsertionSort,2,0.012400,0.00,0.00
randomArrays.txt,RecursiveInsertionSort,3,0.011200,0.00,0.00
randomArrays.txt,RecursiveInsertionSort,1,0.527100,0.00,0.00
randomArrays.txt,RecursiveInsertionSort,2,0.467600,0.00,0.00
randomArrays.txt,RecursiveInsertionSort,3,0.461400,0.00,0.00
randomArrays.txt,RecursiveInsertionSort,1,0.349700,0.00,0.00
randomArrays.txt,RecursiveInsertionSort,2,0.356900,0.00,0.00
randomArrays.txt,RecursiveInsertionSort,3,0.317000,0.00,0.00
randomArrays.txt,RecursiveInsertionSort,1,0.112200,0.00,0.00
randomArrays.txt,RecursiveInsertionSort,2,0.122900,0.00,0.00
randomArrays.txt,RecursiveInsertionSort,3,0.109900,0.00,0.00
randomArrays.txt,RecursiveInsertionSort,1,0.029600,0.00,0.00
randomArrays.txt,RecursiveInsertionSort,2,0.026900,0.00,0.00
randomArrays.txt,RecursiveInsertionSort,3,0.025400,0.00,0.00
randomArrays.txt,RecursiveInsertionSort,1,0.252400,0.00,0.00
randomArrays.txt,RecursiveInsertionSort,2,0.248400,0.00,0.00
randomArrays.txt,RecursiveInsertionSort,3,0.239500,0.00,0.00
randomArrays.txt,RecursiveInsertionSort,1,0.340500,0.00,0.00
randomArrays.txt,RecursiveInsertionSort,2,0.394700,0.00,0.00
randomArrays.txt,RecursiveInsertionSort,3,0.417200,0.00,0.00
randomArrays.txt,RecursiveInsertionSort,1,0.079900,0.00,0.00
randomArrays.txt,RecursiveInsertionSort,2,0.081500,0.00,0.00
randomArrays.txt,RecursiveInsertionSort,3,0.076000,0.00,0.00
randomArrays.txt,RecursiveInsertionSort,1,0.590700,0.00,0.00
randomArrays.txt,RecursiveInsertionSort,2,0.992200,0.00,0.00
randomArrays.txt,RecursiveInsertionSort,3,0.783600,0.00,0.00
randomArrays.txt,RecursiveInsertionSort,1,0.469100,0.00,0.00
randomArrays.txt,RecursiveInsertionSort,2,0.304500,1282.84,0.00
randomArrays.txt,RecursiveInsertionSort,3,1.406200,0.00,0.00
randomArrays.txt,RecursiveInsertionSort,1,0.261900,0.00,0.00
randomArrays.txt,RecursiveInsertionSort,2,0.244800,0.00,0.00
randomArrays.txt,RecursiveInsertionSort,3,9.754700,40.04,0.00
randomArrays.txt,RecursiveInsertionSort,1,0.016300,0.00,0.00
randomArrays.txt,RecursiveInsertionSort,2,0.015700,0.00,0.00
randomArrays.txt,RecursiveInsertionSort,3,0.014000,0.00,0.00
randomArrays.txt,RecursiveInsertionSort,1,0.096400,0.00,0.00
randomArrays.txt,RecursiveInsertionSort,2,0.097400,0.00,0.00
randomArrays.txt,RecursiveInsertionSort,3,0.109200,0.00,0.00
randomArrays.txt,RecursiveInsertionSort,1,0.006500,0.00,0.00
randomArrays.txt,RecursiveInsertionSort,2,0.005400,0.00,0.00
randomArrays.txt,RecursiveInsertionSort,3,0.006000,0.00,0.00
randomArrays.txt,RecursiveInsertionSort,1,0.403800,0.00,0.00
randomArrays.txt,RecursiveInsertionSort,2,2.808500,0.00,0.00
randomArrays.txt,RecursiveInsertionSort,3,0.488100,0.00,0.00
randomArrays.txt,RecursiveInsertionSort,1,0.766200,0.00,0.00
randomArrays.txt,RecursiveInsertionSort,2,0.815300,0.00,0.00
randomArrays.txt,RecursiveInsertionSort,3,0.895400,0.00,0.00
randomArrays.txt,RecursiveInsertionSort,1,0.173100,0.00,0.00
randomArrays.txt,RecursiveInsertionSort,2,0.199600,0.00,0.00
randomArrays.txt,RecursiveInsertionSort,3,0.184500,0.00,0.00
randomArrays.txt,RecursiveInsertionSort,1,0.233300,0.00,0.00
randomArrays.txt,RecursiveInsertionSort,2,0.229200,0.00,0.00
randomArrays.txt,RecursiveInsertionSort,3,0.236900,0.00,0.00
randomArrays.txt,RecursiveInsertionSort,1,0.343700,0.00,0.00
randomArrays.txt,RecursiveInsertionSort,2,0.195500,0.00,0.00
randomArrays.txt,RecursiveInsertionSort,3,0.243400,0.00,0.00
randomArrays.txt,RecursiveInsertionSort,1,1.052000,0.00,0.00
randomArrays.txt,RecursiveInsertionSort,2,0.693900,0.00,0.00
randomArrays.txt,RecursiveInsertionSort,3,0.408500,0.00,0.00
randomArrays.txt,RecursiveInsertionSort,1,0.297900,0.00,0.00
randomArrays.txt,RecursiveInsertionSort,2,0.264800,0.00,0.00
randomArrays.txt,RecursiveInsertionSort,3,0.266200,0.00,0.00
randomArrays.txt,RecursiveInsertionSort,1,0.004300,0.00,0.00
randomArrays.txt,RecursiveInsertionSort,2,0.003500,0.00,0.00
randomArrays.txt,RecursiveInsertionSort,3,0.004400,0.00,0.00
randomArrays.txt,RecursiveInsertionSort,1,0.353000,0.00,0.00
randomArrays.txt,RecursiveInsertionSort,2,0.311600,0.00,0.00
randomArrays.txt,RecursiveInsertionSort,3,0.303700,0.00,0.00
randomArrays.txt,RecursiveInsertionSort,1,1.061500,0.00,0.00
randomArrays.txt,RecursiveInsertionSort,2,0.624600,0.00,0.00
randomArrays.txt,RecursiveInsertionSort,3,0.588000,0.00,0.00
randomArrays.txt,RecursiveInsertionSort,1,0.119700,0.00,0.00
randomArrays.txt,RecursiveInsertionSort,2,0.115700,0.00,0.00
randomArrays.txt,RecursiveInsertionSort,3,0.119600,0.00,0.00
randomArrays.txt,RecursiveInsertionSort,1,0.561600,0.00,0.00
randomArrays.txt,RecursiveInsertionSort,2,0.544600,0.00,0.00
randomArrays.txt,RecursiveInsertionSort,3,0.547900,0.00,0.00
randomArrays.txt,RecursiveInsertionSort,1,0.081600,0.00,0.00
randomArrays.txt,RecursiveInsertionSort,2,0.086100,0.00,0.00
randomArrays.txt,RecursiveInsertionSort,3,0.091900,0.00,0.00
randomArrays.txt,RecursiveInsertionSort,1,0.250400,0.00,0.00
randomArrays.txt,RecursiveInsertionSort,2,0.238800,0.00,0.00
randomArrays.txt,RecursiveInsertionSort,3,0.410700,0.00,0.00
randomArrays.txt,RecursiveInsertionSort,1,0.001900,0.00,0.00
randomArrays.txt,RecursiveInsertionSort,2,0.001500,0.00,0.00
randomArrays.txt,RecursiveInsertionSort,3,0.001700,0.00,0.00
randomArrays.txt,RecursiveInsertionSort,1,0.171400,0.00,0.00
randomArrays.txt,RecursiveInsertionSort,2,0.161800,0.00,0.00
randomArrays.txt,RecursiveInsertionSort,3,0.165800,0.00,0.00
randomArrays.txt,RecursiveInsertionSort,1,0.392700,0.00,0.00
randomArrays.txt,RecursiveInsertionSort,2,0.399600,0.00,0.00
randomArrays.txt,RecursiveInsertionSort,3,0.401700,0.00,0.00
randomArrays.txt,RecursiveInsertionSort,1,0.309600,0.00,0.00
randomArrays.txt,RecursiveInsertionSort,2,0.308000,0.00,0.00
randomArrays.txt,RecursiveInsertionSort,3,0.300100,0.00,0.00
randomArrays.txt,RecursiveInsertionSort,1,0.205100,0.00,0.00
randomArrays.txt,RecursiveInsertionSort,2,0.212800,1835.64,0.00
randomArrays.txt,RecursiveInsertionSort,3,0.202600,0.00,0.00
randomArrays.txt,RecursiveInsertionSort,1,0.081300,0.00,0.00
randomArrays.txt,RecursiveInsertionSort,2,0.042900,0.00,0.00
randomArrays.txt,RecursiveInsertionSort,3,0.134500,0.00,0.00
randomArrays.txt,RecursiveInsertionSort,1,0.163300,0.00,0.00
randomArrays.txt,RecursiveInsertionSort,2,0.179600,0.00,0.00
randomArrays.txt,RecursiveInsertionSort,3,0.178100,0.00,0.00
randomArrays.txt,RecursiveInsertionSort,1,0.540200,0.00,0.00
randomArrays.txt,RecursiveInsertionSort,2,0.547000,0.00,0.00
randomArrays.txt,RecursiveInsertionSort,3,0.564300,0.00,0.00
randomArrays.txt,RecursiveInsertionSort,1,0.255100,0.00,0.00
randomArrays.txt,RecursiveInsertionSort,2,0.254200,0.00,0.00
randomArrays.txt,RecursiveInsertionSort,3,0.286600,0.00,0.00
randomArrays.txt,RecursiveInsertionSort,1,0.030900,0.00,0.00
randomArrays.txt,RecursiveInsertionSort,2,0.031000,0.00,0.00
randomArrays.txt,RecursiveInsertionSort,3,0.031000,0.00,0.00
randomArrays.txt,RecursiveInsertionSort,1,0.121200,0.00,0.00
randomArrays.txt,RecursiveInsertionSort,2,0.101000,0.00,0.00
randomArrays.txt,RecursiveInsertionSort,3,0.098300,0.00,0.00
randomArrays.txt,RecursiveInsertionSort,1,0.084200,0.00,0.00
randomArrays.txt,RecursiveInsertionSort,2,0.098400,0.00,0.00
randomArrays.txt,RecursiveInsertionSort,3,0.091400,0.00,0.00
randomArrays.txt,RecursiveInsertionSort,1,0.179700,0.00,0.00
randomArrays.txt,RecursiveInsertionSort,2,0.177800,0.00,0.00
randomArrays.txt,RecursiveInsertionSort,3,0.176700,0.00,0.00
randomArrays.txt,RecursiveInsertionSort,1,0.389900,0.00,0.00
randomArrays.txt,RecursiveInsertionSort,2,0.387300,1008.59,0.00
randomArrays.txt,RecursiveInsertionSort,3,0.381300,0.00,0.00
randomArrays.txt,RecursiveInsertionSort,1,0.308700,0.00,0.00
randomArrays.txt,RecursiveInsertionSort,2,0.308000,0.00,0.00
randomArrays.txt,RecursiveInsertionSort,3,0.329200,0.00,0.00
randomArrays.txt,RecursiveInsertionSort,1,0.017400,0.00,0.00
randomArrays.txt,RecursiveInsertionSort,2,0.017100,0.00,0.00
randomArrays.txt,RecursiveInsertionSort,3,0.017100,0.00,0.00
randomArrays.txt,RecursiveInsertionSort,1,0.713500,0.00,0.00
randomArrays.txt,RecursiveInsertionSort,2,0.713200,0.00,0.00
randomArrays.txt,RecursiveInsertionSort,3,0.718600,0.00,0.00
randomArrays.txt,RecursiveInsertionSort,1,0.115100,0.00,0.00
randomArrays.txt,RecursiveInsertionSort,2,0.191100,2044.09,0.00
randomArrays.txt,RecursiveInsertionSort,3,0.133000,0.00,0.00
randomArrays.txt,RecursiveInsertionSort,1,0.547600,0.00,0.00
randomArrays.txt,RecursiveInsertionSort,2,1.155500,0.00,0.00
randomArrays.txt,RecursiveInsertionSort,3,0.548800,0.00,0.00
randomArrays.txt,RecursiveInsertionSort,1,1.538700,0.00,0.00
randomArrays.txt,RecursiveInsertionSort,2,0.511000,0.00,0.00
randomArrays.txt,RecursiveInsertionSort,3,2.099500,0.00,0.00
randomArrays.txt,RecursiveInsertionSort,1,0.164600,0.00,0.00
randomArrays.txt,RecursiveInsertionSort,2,0.159600,0.00,0.00
randomArrays.txt,RecursiveInsertionSort,3,0.191800,0.00,0.00
randomArrays.txt,RecursiveInsertionSort,1,0.031000,0.00,0.00
randomArrays.txt,RecursiveInsertionSort,2,0.035700,0.00,0.00
randomArrays.txt,RecursiveInsertionSort,3,0.037500,0.00,0.00
randomArrays.txt,RecursiveInsertionSort,1,0.204600,0.00,0.00
randomArrays.txt,RecursiveInsertionSort,2,0.224400,0.00,0.00
randomArrays.txt,RecursiveInsertionSort,3,0.233300,0.00,0.00
randomArrays.txt,RecursiveInsertionSort,1,0.124900,0.00,0.00
randomArrays.txt,RecursiveInsertionSort,2,0.119700,0.00,0.00
randomArrays.txt,RecursiveInsertionSort,3,0.120200,0.00,0.00
randomArrays.txt,RecursiveInsertionSort,1,0.256900,0.00,0.00
randomArrays.txt,RecursiveInsertionSort,2,0.268400,0.00,0.00
randomArrays.txt,RecursiveInsertionSort,3,0.289600,0.00,0.00
randomArrays.txt,RecursiveInsertionSort,1,0.336900,0.00,0.00
randomArrays.txt,RecursiveInsertionSort,2,0.336700,0.00,0.00
randomArrays.txt,RecursiveInsertionSort,3,0.329900,0.00,0.00
randomArrays.txt,RecursiveInsertionSort,1,0.057100,0.00,0.00
randomArrays.txt,RecursiveInsertionSort,2,0.054900,0.00,0.00
randomArrays.txt,RecursiveInsertionSort,3,0.054200,0.00,0.00
randomArrays.txt,RecursiveInsertionSort,1,0.388400,1005.73,0.00
randomArrays.txt,RecursiveInsertionSort,2,6.666600,0.00,0.00
randomArrays.txt,RecursiveInsertionSort,3,0.388400,0.00,0.00
randomArrays.txt,RecursiveInsertionSort,1,0.122900,0.00,0.00
randomArrays.txt,RecursiveInsertionSort,2,0.098400,0.00,0.00
randomArrays.txt,RecursiveInsertionSort,3,0.093500,0.00,0.00
randomArrays.txt,RecursiveInsertionSort,1,0.006500,0.00,0.00
randomArrays.txt,RecursiveInsertionSort,2,0.005600,0.00,0.00
randomArrays.txt,RecursiveInsertionSort,3,0.006300,0.00,0.00
randomArrays.txt,RecursiveInsertionSort,1,0.004100,0.00,0.00
randomArrays.txt,RecursiveInsertionSort,2,0.003700,0.00,0.00
randomArrays.txt,RecursiveInsertionSort,3,0.004000,0.00,0.00
randomArrays.txt,RecursiveInsertionSort,1,0.099200,0.00,0.00
randomArrays.txt,RecursiveInsertionSort,2,0.111700,0.00,0.00
randomArrays.txt,RecursiveInsertionSort,3,0.102300,0.00,0.00
randomArrays.txt,RecursiveInsertionSort,1,0.027000,0.00,0.00
randomArrays.txt,RecursiveInsertionSort,2,0.029400,0.00,0.00
randomArrays.txt,RecursiveInsertionSort,3,0.029100,0.00,0.00
randomArrays.txt,RecursiveInsertionSort,1,0.634900,0.00,0.00
randomArrays.txt,RecursiveInsertionSort,2,0.669500,583.46,0.00
randomArrays.txt,RecursiveInsertionSort,3,0.639900,0.00,0.00
randomArrays.txt,RecursiveInsertionSort,1,0.039800,0.00,0.00
randomArrays.txt,RecursiveInsertionSort,2,0.035100,0.00,0.00
randomArrays.txt,RecursiveInsertionSort,3,0.046200,0.00,0.00
randomArrays.txt,RecursiveInsertionSort,1,0.127900,0.00,0.00
randomArrays.txt,RecursiveInsertionSort,2,0.128900,0.00,0.00
randomArrays.txt,RecursiveInsertionSort,3,0.131400,0.00,0.00
randomArrays.txt,RecursiveInsertionSort,1,0.004200,0.00,0.00
randomArrays.txt,RecursiveInsertionSort,2,0.002600,0.00,0.00
randomArrays.txt,RecursiveInsertionSort,3,0.002400,0.00,0.00
randomArrays.txt,RecursiveInsertionSort,1,0.084800,0.00,0.00
randomArrays.txt,RecursiveInsertionSort,2,0.084300,0.00,0.00
randomArrays.txt,RecursiveInsertionSort,3,0.104400,0.00,0.00
randomArrays.txt,RecursiveInsertionSort,1,0.248300,0.00,0.00
randomArrays.txt,RecursiveInsertionSort,2,0.174000,0.00,0.00
randomArrays.txt,RecursiveInsertionSort,3,0.176400,0.00,0.00
randomArrays.txt,RecursiveInsertionSort,1,0.137900,0.00,0.00
randomArrays.txt,RecursiveInsertionSort,2,0.127900,0.00,0.00
randomArrays.txt,RecursiveInsertionSort,3,0.138900,0.00,0.00
randomArrays.txt,RecursiveInsertionSort,1,0.385800,0.00,0.00
randomArrays.txt,RecursiveInsertionSort,2,0.386400,0.00,0.00
randomArrays.txt,RecursiveInsertionSort,3,0.238500,0.00,0.00
randomArrays.txt,RecursiveInsertionSort,1,0.039700,0.00,0.00
randomArrays.txt,RecursiveInsertionSort,2,0.051600,0.00,0.00
randomArrays.txt,RecursiveInsertionSort,3,0.053400,0.00,0.00
randomArrays.txt,RecursiveInsertionSort,1,0.001800,0.00,0.00
randomArrays.txt,RecursiveInsertionSort,2,0.001700,0.00,0.00
randomArrays.txt,RecursiveInsertionSort,3,0.001500,0.00,0.00
randomArrays.txt,RecursiveInsertionSort,1,0.279300,0.00,0.00
randomArrays.txt,RecursiveInsertionSort,2,0.323800,0.00,0.00
randomArrays.txt,RecursiveInsertionSort,3,0.521200,0.00,0.00
randomArrays.txt,RecursiveInsertionSort,1,0.015200,0.00,0.00
randomArrays.txt,RecursiveInsertionSort,2,0.016200,0.00,0.00
randomArrays.txt,RecursiveInsertionSort,3,0.015200,0.00,0.00
randomArrays.txt,RecursiveInsertionSort,1,0.003600,0.00,0.00
randomArrays.txt,RecursiveInsertionSort,2,0.003200,0.00,0.00
randomArrays.txt,RecursiveInsertionSort,3,0.003000,0.00,0.00
randomArrays.txt,RecursiveInsertionSort,1,0.245300,0.00,0.00
randomArrays.txt,RecursiveInsertionSort,2,0.135900,0.00,0.00
randomArrays.txt,RecursiveInsertionSort,3,0.144700,0.00,0.00
randomArrays.txt,RecursiveInsertionSort,1,0.000900,0.00,0.00
randomArrays.txt,RecursiveInsertionSort,2,0.001200,0.00,0.00
randomArrays.txt,RecursiveInsertionSort,3,0.001100,0.00,0.00
randomArrays.txt,RecursiveInsertionSort,1,0.313300,0.00,0.00
randomArrays.txt,RecursiveInsertionSort,2,0.427200,0.00,0.00
randomArrays.txt,RecursiveInsertionSort,3,0.363300,0.00,0.00
randomArrays.txt,RecursiveInsertionSort,1,0.127500,0.00,0.00
randomArrays.txt,RecursiveInsertionSort,2,0.107400,0.00,0.00
randomArrays.txt,RecursiveInsertionSort,3,0.123500,0.00,0.00
randomArrays.txt,RecursiveInsertionSort,1,0.099700,0.00,0.00
randomArrays.txt,RecursiveInsertionSort,2,0.070900,0.00,0.00
randomArrays.txt,RecursiveInsertionSort,3,0.080400,0.00,0.00
randomArrays.txt,RecursiveInsertionSort,1,0.338000,0.00,0.00
randomArrays.txt,RecursiveInsertionSort,2,0.386300,0.00,0.00
randomArrays.txt,RecursiveInsertionSort,3,0.323300,0.00,0.00
randomArrays.txt,RecursiveInsertionSort,1,0.047200,0.00,0.00
randomArrays.txt,RecursiveInsertionSort,2,0.050900,0.00,0.00
randomArrays.txt,RecursiveInsertionSort,3,0.036300,0.00,0.00
randomArrays.txt,RecursiveInsertionSort,1,0.313900,0.00,0.00
randomArrays.txt,RecursiveInsertionSort,2,0.325200,0.00,0.00
randomArrays.txt,RecursiveInsertionSort,3,0.315700,0.00,0.00
randomArrays.txt,RecursiveInsertionSort,1,0.211600,0.00,0.00
randomArrays.txt,RecursiveInsertionSort,2,0.504200,0.00,0.00
randomArrays.txt,RecursiveInsertionSort,3,0.267400,0.00,0.00
randomArrays.txt,RecursiveInsertionSort,1,0.456000,0.00,0.00
randomArrays.txt,RecursiveInsertionSort,2,0.350100,0.00,0.00
randomArrays.txt,RecursiveInsertionSort,3,0.329200,0.00,0.00
randomArrays.txt,RecursiveInsertionSort,1,0.132800,0.00,0.00
randomArrays.txt,RecursiveInsertionSort,2,0.114400,0.00,0.00
randomArrays.txt,RecursiveInsertionSort,3,0.124400,0.00,0.00
randomArrays.txt,RecursiveInsertionSort,1,0.116400,0.00,0.00
randomArrays.txt,RecursiveInsertionSort,2,0.173400,0.00,0.00
randomArrays.txt,RecursiveInsertionSort,3,0.160100,0.00,0.00
randomArrays.txt,RecursiveInsertionSort,1,0.129100,0.00,0.00
randomArrays.txt,RecursiveInsertionSort,2,0.318100,0.00,0.00
randomArrays.txt,RecursiveInsertionSort,3,0.111700,0.00,0.00
randomArrays.txt,RecursiveInsertionSort,1,0.029600,0.00,0.00
randomArrays.txt,RecursiveInsertionSort,2,0.030500,0.00,0.00
randomArrays.txt,RecursiveInsertionSort,3,0.031500,0.00,0.00
randomArrays.txt,RecursiveInsertionSort,1,0.265500,0.00,0.00
randomArrays.txt,RecursiveInsertionSort,2,0.223700,0.00,0.00
randomArrays.txt,RecursiveInsertionSort,3,0.204600,0.00,0.00
randomArrays.txt,RecursiveInsertionSort,1,0.011100,0.00,0.00
randomArrays.txt,RecursiveInsertionSort,2,0.007600,0.00,0.00
randomArrays.txt,RecursiveInsertionSort,3,0.007400,0.00,0.00
randomArrays.txt,RecursiveInsertionSort,1,0.052100,0.00,0.00
randomArrays.txt,RecursiveInsertionSort,2,0.052600,0.00,0.00
randomArrays.txt,RecursiveInsertionSort,3,0.054000,0.00,0.00
randomArrays.txt,RecursiveInsertionSort,1,0.373400,0.00,0.00
randomArrays.txt,RecursiveInsertionSort,2,0.374200,0.00,0.00
randomArrays.txt,RecursiveInsertionSort,3,0.385400,0.00,0.00
randomArrays.txt,RecursiveInsertionSort,1,0.390300,0.00,0.00
randomArrays.txt,RecursiveInsertionSort,2,0.101800,0.00,0.00
randomArrays.txt,RecursiveInsertionSort,3,0.081800,0.00,0.00
randomArrays.txt,RecursiveInsertionSort,1,0.428600,0.00,0.00
randomArrays.txt,RecursiveInsertionSort,2,0.564400,0.00,0.00
randomArrays.txt,RecursiveInsertionSort,3,0.645300,0.00,0.00
randomArrays.txt,RecursiveInsertionSort,1,0.150700,0.00,0.00
randomArrays.txt,RecursiveInsertionSort,2,0.149900,0.00,0.00
randomArrays.txt,RecursiveInsertionSort,3,0.149600,0.00,0.00
randomArrays.txt,RecursiveInsertionSort,1,0.139800,0.00,0.00
randomArrays.txt,RecursiveInsertionSort,2,0.120900,0.00,0.00
randomArrays.txt,RecursiveInsertionSort,3,1.320200,0.00,0.00
randomArrays.txt,RecursiveInsertionSort,1,0.019700,0.00,0.00
randomArrays.txt,RecursiveInsertionSort,2,0.022600,0.00,0.00
randomArrays.txt,RecursiveInsertionSort,3,0.023300,0.00,0.00
randomArrays.txt,RecursiveInsertionSort,1,0.148500,0.00,0.00
randomArrays.txt,RecursiveInsertionSort,2,0.176500,0.00,0.00
randomArrays.txt,RecursiveInsertionSort,3,0.150200,0.00,0.00
randomArrays.txt,RecursiveInsertionSort,1,0.010800,0.00,0.00
randomArrays.txt,RecursiveInsertionSort,2,0.012200,0.00,0.00
randomArrays.txt,RecursiveInsertionSort,3,0.012800,0.00,0.00
randomArrays.txt,RecursiveInsertionSort,1,0.376700,0.00,0.00
randomArrays.txt,RecursiveInsertionSort,2,0.340600,0.00,0.00
randomArrays.txt,RecursiveInsertionSort,3,0.287200,0.00,0.00
randomArrays.txt,RecursiveInsertionSort,1,0.172700,0.00,0.00
randomArrays.txt,RecursiveInsertionSort,2,0.242400,0.00,0.00
randomArrays.txt,RecursiveInsertionSort,3,0.174200,0.00,0.00
randomArrays.txt,RecursiveInsertionSort,1,0.185600,0.00,0.00
randomArrays.txt,RecursiveInsertionSort,2,0.210900,0.00,0.00
randomArrays.txt,RecursiveInsertionSort,3,0.197800,0.00,0.00
randomArrays.txt,RecursiveInsertionSort,1,0.204100,0.00,0.00
randomArrays.txt,RecursiveInsertionSort,2,0.203500,0.00,0.00
randomArrays.txt,RecursiveInsertionSort,3,0.516200,756.73,0.00
randomArrays.txt,RecursiveInsertionSort,1,0.084100,0.00,0.00
randomArrays.txt,RecursiveInsertionSort,2,0.095100,0.00,0.00
randomArrays.txt,RecursiveInsertionSort,3,0.099200,0.00,0.00
randomArrays.txt,RecursiveInsertionSort,1,0.358800,0.00,0.00
randomArrays.txt,RecursiveInsertionSort,2,0.354600,0.00,0.00
randomArrays.txt,RecursiveInsertionSort,3,0.294100,0.00,0.00
randomArrays.txt,RecursiveInsertionSort,1,0.348300,0.00,0.00
randomArrays.txt,RecursiveInsertionSort,2,0.336100,0.00,0.00
randomArrays.txt,RecursiveInsertionSort,3,0.344700,0.00,0.00
randomArrays.txt,RecursiveInsertionSort,1,0.076200,0.00,0.00
randomArrays.txt,RecursiveInsertionSort,2,0.076900,0.00,0.00
randomArrays.txt,RecursiveInsertionSort,3,0.077200,0.00,0.00
randomArrays.txt,RecursiveInsertionSort,1,0.046500,0.00,0.00
randomArrays.txt,RecursiveInsertionSort,2,0.043900,0.00,0.00
randomArrays.txt,RecursiveInsertionSort,3,0.045000,0.00,0.00
randomArrays.txt,RecursiveInsertionSort,1,0.248200,0.00,0.00
randomArrays.txt,RecursiveInsertionSort,2,0.213100,0.00,0.00
randomArrays.txt,RecursiveInsertionSort,3,0.221600,0.00,0.00
randomArrays.txt,RecursiveInsertionSort,1,0.091900,0.00,0.00
randomArrays.txt,RecursiveInsertionSort,2,0.095600,0.00,0.00
randomArrays.txt,RecursiveInsertionSort,3,0.110600,0.00,0.00
randomArrays.txt,RecursiveInsertionSort,1,9.023900,0.00,0.00
randomArrays.txt,RecursiveInsertionSort,2,4.639500,0.00,0.00
randomArrays.txt,RecursiveInsertionSort,3,0.470200,0.00,0.00
randomArrays.txt,RecursiveInsertionSort,1,0.044100,0.00,0.00
randomArrays.txt,RecursiveInsertionSort,2,0.054700,0.00,0.00
randomArrays.txt,RecursiveInsertionSort,3,0.053600,0.00,0.00
randomArrays.txt,RecursiveInsertionSort,1,0.053200,0.00,0.00
randomArrays.txt,RecursiveInsertionSort,2,0.057000,0.00,0.00
randomArrays.txt,RecursiveInsertionSort,3,0.058500,0.00,0.00
randomArrays.txt,RecursiveInsertionSort,1,0.376000,0.00,0.00
randomArrays.txt,RecursiveInsertionSort,2,0.398900,0.00,0.00
randomArrays.txt,RecursiveInsertionSort,3,0.364600,0.00,0.00
randomArrays.txt,RecursiveInsertionSort,1,0.187700,0.00,0.00
randomArrays.txt,RecursiveInsertionSort,2,0.199700,1956.06,0.00
randomArrays.txt,RecursiveInsertionSort,3,0.201100,0.00,0.00
randomArrays.txt,RecursiveInsertionSort,1,0.642300,0.00,0.00
randomArrays.txt,RecursiveInsertionSort,2,0.586100,0.00,0.00
randomArrays.txt,RecursiveInsertionSort,3,0.615000,0.00,0.00
randomArrays.txt,RecursiveInsertionSort,1,0.001100,0.00,0.00
randomArrays.txt,RecursiveInsertionSort,2,0.000900,0.00,0.00
randomArrays.txt,RecursiveInsertionSort,3,0.000900,0.00,0.00
randomArrays.txt,RecursiveInsertionSort,1,0.527700,0.00,0.00
randomArrays.txt,RecursiveInsertionSort,2,0.500600,780.31,0.00
randomArrays.txt,RecursiveInsertionSort,3,0.466100,0.00,0.00
randomArrays.txt,RecursiveInsertionSort,1,0.512800,0.00,0.00
randomArrays.txt,RecursiveInsertionSort,2,0.237200,0.00,0.00
randomArrays.txt,RecursiveInsertionSort,3,0.161400,0.00,0.00
randomArrays.txt,RecursiveInsertionSort,1,0.514500,0.00,0.00
randomArrays.txt,RecursiveInsertionSort,2,0.485000,0.00,0.00
randomArrays.txt,RecursiveInsertionSort,3,0.416400,0.00,0.00
randomArrays.txt,RecursiveInsertionSort,1,0.114400,0.00,0.00
randomArrays.txt,RecursiveInsertionSort,2,0.124400,0.00,0.00
randomArrays.txt,RecursiveInsertionSort,3,0.113000,0.00,0.00
randomArrays.txt,RecursiveInsertionSort,1,0.246500,0.00,0.00
randomArrays.txt,RecursiveInsertionSort,2,0.238700,0.00,0.00
randomArrays.txt,RecursiveInsertionSort,3,0.222700,0.00,0.00
randomArrays.txt,RecursiveInsertionSort,1,0.644500,0.00,0.00
randomArrays.txt,RecursiveInsertionSort,2,1.625500,0.00,0.00
randomArrays.txt,RecursiveInsertionSort,3,0.683900,0.00,0.00
randomArrays.txt,RecursiveInsertionSort,1,0.018700,0.00,0.00
randomArrays.txt,RecursiveInsertionSort,2,0.017000,0.00,0.00
randomArrays.txt,RecursiveInsertionSort,3,0.016800,0.00,0.00
randomArrays.txt,RecursiveInsertionSort,1,0.554900,0.00,0.00
randomArrays.txt,RecursiveInsertionSort,2,1.730500,0.00,0.00
randomArrays.txt,RecursiveInsertionSort,3,1.051300,0.00,0.00
randomArrays.txt,RecursiveInsertionSort,1,0.317000,0.00,0.00
randomArrays.txt,RecursiveInsertionSort,2,0.258400,0.00,0.00
randomArrays.txt,RecursiveInsertionSort,3,0.257600,0.00,0.00
randomArrays.txt,RecursiveInsertionSort,1,0.666600,0.00,0.00
randomArrays.txt,RecursiveInsertionSort,2,1.653700,0.00,0.00
randomArrays.txt,RecursiveInsertionSort,3,3.698100,0.00,0.00
randomArrays.txt,RecursiveInsertionSort,1,0.035200,0.00,0.00
randomArrays.txt,RecursiveInsertionSort,2,0.036600,0.00,0.00
randomArrays.txt,RecursiveInsertionSort,3,0.032300,0.00,0.00
randomArrays.txt,RecursiveInsertionSort,1,0.393800,0.00,0.00
randomArrays.txt,RecursiveInsertionSort,2,0.380400,0.00,0.00
randomArrays.txt,RecursiveInsertionSort,3,0.414400,0.00,0.00
randomArrays.txt,RecursiveInsertionSort,1,0.339900,0.00,0.00
randomArrays.txt,RecursiveInsertionSort,2,0.339100,0.00,0.00
randomArrays.txt,RecursiveInsertionSort,3,0.335200,0.00,0.00
randomArrays.txt,RecursiveInsertionSort,1,0.224700,0.00,0.00
randomArrays.txt,RecursiveInsertionSort,2,0.210800,0.00,0.00
randomArrays.txt,RecursiveInsertionSort,3,0.199100,0.00,0.00
randomArrays.txt,RecursiveInsertionSort,1,0.157300,0.00,0.00
randomArrays.txt,RecursiveInsertionSort,2,0.182800,0.00,0.00
randomArrays.txt,RecursiveInsertionSort,3,0.170500,0.00,0.00
randomArrays.txt,RecursiveInsertionSort,1,0.429700,0.00,0.00
randomArrays.txt,RecursiveInsertionSort,2,0.451400,0.00,0.00
randomArrays.txt,RecursiveInsertionSort,3,0.507100,0.00,0.00
randomArrays.txt,RecursiveInsertionSort,1,0.126500,0.00,0.00
randomArrays.txt,RecursiveInsertionSort,2,0.123400,0.00,0.00
randomArrays.txt,RecursiveInsertionSort,3,0.124200,0.00,0.00
randomArrays.txt,RecursiveInsertionSort,1,0.497400,0.00,0.00
randomArrays.txt,RecursiveInsertionSort,2,0.498800,0.00,0.00
randomArrays.txt,RecursiveInsertionSort,3,0.448100,0.00,0.00
randomArrays.txt,RecursiveInsertionSort,1,0.209400,0.00,0.00
randomArrays.txt,RecursiveInsertionSort,2,0.210100,0.00,0.00
randomArrays.txt,RecursiveInsertionSort,3,0.214700,0.00,0.00
randomArrays.txt,RecursiveInsertionSort,1,0.016200,0.00,0.00
randomArrays.txt,RecursiveInsertionSort,2,0.015800,0.00,0.00
randomArrays.txt,RecursiveInsertionSort,3,0.015300,0.00,0.00
randomArrays.txt,RecursiveInsertionSort,1,0.273100,0.00,0.00
randomArrays.txt,RecursiveInsertionSort,2,0.231500,0.00,0.00
randomArrays.txt,RecursiveInsertionSort,3,0.287600,0.00,0.00
randomArrays.txt,RecursiveInsertionSort,1,0.290500,0.00,0.00
randomArrays.txt,RecursiveInsertionSort,2,0.265900,0.00,0.00
randomArrays.txt,RecursiveInsertionSort,3,0.272500,0.00,0.00
randomArrays.txt,RecursiveInsertionSort,1,0.797000,0.00,0.00
randomArrays.txt,RecursiveInsertionSort,2,0.746200,0.00,0.00
randomArrays.txt,RecursiveInsertionSort,3,0.753500,0.00,0.00
randomArrays.txt,RecursiveInsertionSort,1,0.412900,0.00,0.00
randomArrays.txt,RecursiveInsertionSort,2,0.410800,0.00,0.00
randomArrays.txt,RecursiveInsertionSort,3,0.374300,0.00,0.00
randomArrays.txt,RecursiveInsertionSort,1,0.511100,0.00,0.00
randomArrays.txt,RecursiveInsertionSort,2,0.527400,0.00,0.00
randomArrays.txt,RecursiveInsertionSort,3,0.511100,0.00,0.00
randomArrays.txt,RecursiveInsertionSort,1,0.463700,0.00,0.00
randomArrays.txt,RecursiveInsertionSort,2,0.466300,0.00,0.00
randomArrays.txt,RecursiveInsertionSort,3,0.463200,0.00,0.00
randomArrays.txt,RecursiveInsertionSort,1,1.063200,0.00,0.00
randomArrays.txt,RecursiveInsertionSort,2,1.775000,0.00,0.00
randomArrays.txt,RecursiveInsertionSort,3,0.824700,0.00,0.00
randomArrays.txt,RecursiveInsertionSort,1,0.001400,0.00,0.00
randomArrays.txt,RecursiveInsertionSort,2,0.001100,0.00,0.00
randomArrays.txt,RecursiveInsertionSort,3,0.001000,0.00,0.00
randomArrays.txt,RecursiveInsertionSort,1,0.240000,0.00,0.00
randomArrays.txt,RecursiveInsertionSort,2,0.345700,0.00,0.00
randomArrays.txt,RecursiveInsertionSort,3,0.226200,0.00,0.00
randomArrays.txt,RecursiveInsertionSort,1,0.097300,0.00,0.00
randomArrays.txt,RecursiveInsertionSort,2,0.091800,0.00,0.00
randomArrays.txt,RecursiveInsertionSort,3,0.088600,0.00,0.00
randomArrays.txt,RecursiveInsertionSort,1,0.068100,0.00,0.00
randomArrays.txt,RecursiveInsertionSort,2,0.064800,0.00,0.00
randomArrays.txt,RecursiveInsertionSort,3,0.062100,0.00,0.00
randomArrays.txt,RecursiveInsertionSort,1,0.120200,0.00,0.00
randomArrays.txt,RecursiveInsertionSort,2,0.107100,0.00,0.00
randomArrays.txt,RecursiveInsertionSort,3,0.117900,0.00,0.00
randomArrays.txt,RecursiveInsertionSort,1,0.130900,0.00,0.00
randomArrays.txt,RecursiveInsertionSort,2,0.126000,0.00,0.00
randomArrays.txt,RecursiveInsertionSort,3,0.125700,0.00,0.00
randomArrays.txt,RecursiveInsertionSort,1,0.011400,0.00,0.00
randomArrays.txt,RecursiveInsertionSort,2,0.011300,0.00,0.00
randomArrays.txt,RecursiveInsertionSort,3,0.008100,0.00,0.00
randomArrays.txt,RecursiveInsertionSort,1,0.182100,0.00,0.00
randomArrays.txt,RecursiveInsertionSort,2,0.175300,0.00,0.00
randomArrays.txt,RecursiveInsertionSort,3,0.179600,0.00,0.00
randomArrays.txt,RecursiveInsertionSort,1,0.010200,0.00,0.00
randomArrays.txt,RecursiveInsertionSort,2,0.010100,0.00,0.00
randomArrays.txt,RecursiveInsertionSort,3,0.009600,0.00,0.00
randomArrays.txt,RecursiveInsertionSort,1,0.139900,0.00,0.00
randomArrays.txt,RecursiveInsertionSort,2,0.130000,0.00,0.00
randomArrays.txt,RecursiveInsertionSort,3,0.134700,0.00,0.00
randomArrays.txt,RecursiveInsertionSort,1,0.001900,0.00,0.00
randomArrays.txt,RecursiveInsertionSort,2,0.001600,0.00,0.00
randomArrays.txt,RecursiveInsertionSort,3,0.001400,0.00,0.00
randomArrays.txt,RecursiveInsertionSort,1,0.192900,0.00,0.00
randomArrays.txt,RecursiveInsertionSort,2,0.280100,0.00,0.00
randomArrays.txt,RecursiveInsertionSort,3,0.209100,0.00,0.00
randomArrays.txt,RecursiveInsertionSort,1,0.057600,0.00,0.00
randomArrays.txt,RecursiveInsertionSort,2,0.045200,0.00,0.00
randomArrays.txt,RecursiveInsertionSort,3,0.057700,0.00,0.00
randomArrays.txt,RecursiveInsertionSort,1,0.006500,0.00,0.00
randomArrays.txt,RecursiveInsertionSort,2,0.005000,0.00,0.00
randomArrays.txt,RecursiveInsertionSort,3,0.005700,0.00,0.00
randomArrays.txt,RecursiveInsertionSort,1,0.309500,0.00,0.00
randomArrays.txt,RecursiveInsertionSort,2,0.298700,0.00,0.00
randomArrays.txt,RecursiveInsertionSort,3,0.292100,0.00,0.00
randomArrays.txt,RecursiveInsertionSort,1,0.372500,0.00,0.00
randomArrays.txt,RecursiveInsertionSort,2,0.270600,0.00,0.00
randomArrays.txt,RecursiveInsertionSort,3,0.296500,1317.45,0.00
randomArrays.txt,RecursiveInsertionSort,1,0.193400,0.00,0.00
randomArrays.txt,RecursiveInsertionSort,2,0.190000,0.00,0.00
randomArrays.txt,RecursiveInsertionSort,3,0.236700,0.00,0.00
randomArrays.txt,RecursiveInsertionSort,1,0.244900,0.00,0.00
randomArrays.txt,RecursiveInsertionSort,2,0.250300,0.00,0.00
randomArrays.txt,RecursiveInsertionSort,3,0.293000,0.00,0.00
randomArrays.txt,RecursiveInsertionSort,1,0.671500,0.00,0.00
randomArrays.txt,RecursiveInsertionSort,2,0.608600,0.00,0.00
randomArrays.txt,RecursiveInsertionSort,3,0.384800,0.00,0.00
randomArrays.txt,RecursiveInsertionSort,1,0.114500,0.00,0.00
randomArrays.txt,RecursiveInsertionSort,2,0.109300,0.00,0.00
randomArrays.txt,RecursiveInsertionSort,3,0.119100,0.00,0.00
randomArrays.txt,RecursiveInsertionSort,1,0.129100,0.00,0.00
randomArrays.txt,RecursiveInsertionSort,2,0.093700,0.00,0.00
randomArrays.txt,RecursiveInsertionSort,3,0.097200,0.00,0.00
randomArrays.txt,RecursiveInsertionSort,1,0.082200,0.00,0.00
randomArrays.txt,RecursiveInsertionSort,2,0.100600,0.00,0.00
randomArrays.txt,RecursiveInsertionSort,3,0.105300,0.00,0.00
randomArrays.txt,RecursiveInsertionSort,1,0.291200,0.00,0.00
randomArrays.txt,RecursiveInsertionSort,2,0.209100,0.00,0.00
randomArrays.txt,RecursiveInsertionSort,3,0.200000,0.00,0.00
randomArrays.txt,RecursiveInsertionSort,1,0.535200,0.00,0.00
randomArrays.txt,RecursiveInsertionSort,2,0.402000,0.00,0.00
randomArrays.txt,RecursiveInsertionSort,3,0.636600,0.00,0.00
randomArrays.txt,RecursiveInsertionSort,1,0.023700,0.00,0.00
randomArrays.txt,RecursiveInsertionSort,2,0.025700,0.00,0.00
randomArrays.txt,RecursiveInsertionSort,3,0.016800,0.00,0.00
randomArrays.txt,RecursiveInsertionSort,1,0.112600,0.00,0.00
randomArrays.txt,RecursiveInsertionSort,2,0.112600,0.00,0.00
randomArrays.txt,RecursiveInsertionSort,3,0.117600,0.00,0.00
randomArrays.txt,RecursiveInsertionSort,1,0.080000,0.00,0.00
randomArrays.txt,RecursiveInsertionSort,2,0.088300,0.00,0.00
randomArrays.txt,RecursiveInsertionSort,3,0.103200,0.00,0.00
randomArrays.txt,RecursiveInsertionSort,1,0.274700,0.00,0.00
randomArrays.txt,RecursiveInsertionSort,2,0.211700,0.00,0.00
randomArrays.txt,RecursiveInsertionSort,3,0.205100,0.00,0.00
randomArrays.txt,RecursiveInsertionSort,1,0.191200,0.00,0.00
randomArrays.txt,RecursiveInsertionSort,2,0.215900,0.00,0.00
randomArrays.txt,RecursiveInsertionSort,3,0.182100,0.00,0.00
randomArrays.txt,RecursiveInsertionSort,1,0.350100,0.00,0.00
randomArrays.txt,RecursiveInsertionSort,2,0.456500,0.00,0.00
randomArrays.txt,RecursiveInsertionSort,3,0.537300,0.00,0.00
randomArrays.txt,RecursiveInsertionSort,1,0.017000,0.00,0.00
randomArrays.txt,RecursiveInsertionSort,2,0.016200,0.00,0.00
randomArrays.txt,RecursiveInsertionSort,3,0.018000,0.00,0.00
randomArrays.txt,RecursiveInsertionSort,1,0.145400,0.00,0.00
randomArrays.txt,RecursiveInsertionSort,2,0.116900,0.00,0.00
randomArrays.txt,RecursiveInsertionSort,3,0.177400,0.00,0.00
randomArrays.txt,RecursiveInsertionSort,1,0.146700,0.00,0.00
randomArrays.txt,RecursiveInsertionSort,2,0.144300,0.00,0.00
randomArrays.txt,RecursiveInsertionSort,3,0.142900,0.00,0.00
randomArrays.txt,RecursiveInsertionSort,1,0.035000,0.00,0.00
randomArrays.txt,RecursiveInsertionSort,2,0.036500,0.00,0.00
randomArrays.txt,RecursiveInsertionSort,3,0.045600,0.00,0.00
randomArrays.txt,RecursiveInsertionSort,1,0.014800,0.00,0.00
randomArrays.txt,RecursiveInsertionSort,2,0.008100,0.00,0.00
randomArrays.txt,RecursiveInsertionSort,3,0.008100,0.00,0.00
randomArrays.txt,RecursiveInsertionSort,1,0.189500,0.00,0.00
randomArrays.txt,RecursiveInsertionSort,2,0.402100,0.00,0.00
randomArrays.txt,RecursiveInsertionSort,3,0.324300,0.00,0.00
randomArrays.txt,RecursiveInsertionSort,1,0.099100,0.00,0.00
randomArrays.txt,RecursiveInsertionSort,2,0.134200,0.00,0.00
randomArrays.txt,RecursiveInsertionSort,3,0.116200,0.00,0.00
randomArrays.txt,RecursiveInsertionSort,1,0.080800,0.00,0.00
randomArrays.txt,RecursiveInsertionSort,2,0.061100,0.00,0.00
randomArrays.txt,RecursiveInsertionSort,3,0.070500,0.00,0.00
randomArrays.txt,RecursiveInsertionSort,1,0.300800,0.00,0.00
randomArrays.txt,RecursiveInsertionSort,2,0.285600,0.00,0.00
randomArrays.txt,RecursiveInsertionSort,3,0.276200,0.00,0.00
randomArrays.txt,RecursiveInsertionSort,1,0.041900,0.00,0.00
randomArrays.txt,RecursiveInsertionSort,2,0.033500,0.00,0.00
randomArrays.txt,RecursiveInsertionSort,3,0.044400,0.00,0.00
randomArrays.txt,RecursiveInsertionSort,1,0.175400,0.00,0.00
randomArrays.txt,RecursiveInsertionSort,2,0.175000,0.00,0.00
randomArrays.txt,RecursiveInsertionSort,3,0.180700,0.00,0.00
randomArrays.txt,RecursiveInsertionSort,1,0.007400,0.00,0.00
randomArrays.txt,RecursiveInsertionSort,2,0.006900,0.00,0.00
randomArrays.txt,RecursiveInsertionSort,3,0.005400,0.00,0.00
randomArrays.txt,RecursiveInsertionSort,1,0.243900,0.00,0.00
randomArrays.txt,RecursiveInsertionSort,2,0.237300,0.00,0.00
randomArrays.txt,RecursiveInsertionSort,3,0.232700,0.00,0.00
randomArrays.txt,RecursiveInsertionSort,1,0.133500,0.00,0.00
randomArrays.txt,RecursiveInsertionSort,2,0.114500,0.00,0.00
randomArrays.txt,RecursiveInsertionSort,3,0.129900,0.00,0.00
randomArrays.txt,RecursiveInsertionSort,1,0.213800,0.00,0.00
randomArrays.txt,RecursiveInsertionSort,2,0.222600,0.00,0.00
randomArrays.txt,RecursiveInsertionSort,3,0.230700,0.00,0.00
randomArrays.txt,RecursiveInsertionSort,1,0.174000,0.00,0.00
randomArrays.txt,RecursiveInsertionSort,2,0.247300,0.00,0.00
randomArrays.txt,RecursiveInsertionSort,3,0.186300,0.00,0.00
randomArrays.txt,RecursiveInsertionSort,1,0.246400,0.00,0.00
randomArrays.txt,RecursiveInsertionSort,2,0.279900,0.00,0.00
randomArrays.txt,RecursiveInsertionSort,3,0.231900,0.00,0.00
randomArrays.txt,RecursiveInsertionSort,1,0.472200,0.00,0.00
randomArrays.txt,RecursiveInsertionSort,2,0.226700,0.00,0.00
randomArrays.txt,RecursiveInsertionSort,3,0.228300,0.00,0.00
randomArrays.txt,RecursiveInsertionSort,1,0.057800,0.00,0.00
randomArrays.txt,RecursiveInsertionSort,2,0.055600,0.00,0.00
randomArrays.txt,RecursiveInsertionSort,3,0.057800,0.00,0.00
randomArrays.txt,RecursiveInsertionSort,1,0.045300,0.00,0.00
randomArrays.txt,RecursiveInsertionSort,2,0.047500,0.00,0.00
randomArrays.txt,RecursiveInsertionSort,3,0.045300,0.00,0.00
randomArrays.txt,RecursiveInsertionSort,1,0.386600,0.00,0.00
randomArrays.txt,RecursiveInsertionSort,2,0.511100,0.00,0.00
randomArrays.txt,RecursiveInsertionSort,3,0.525200,0.00,0.00
randomArrays.txt,RecursiveInsertionSort,1,0.655000,0.00,0.00
randomArrays.txt,RecursiveInsertionSort,2,0.410900,0.00,0.00
randomArrays.txt,RecursiveInsertionSort,3,0.438700,0.00,0.00
randomArrays.txt,RecursiveInsertionSort,1,0.645300,0.00,0.00
randomArrays.txt,RecursiveInsertionSort,2,0.625700,0.00,0.00
randomArrays.txt,RecursiveInsertionSort,3,0.456600,0.00,0.00
randomArrays.txt,RecursiveInsertionSort,1,0.001900,0.00,0.00
randomArrays.txt,RecursiveInsertionSort,2,0.001900,0.00,0.00
randomArrays.txt,RecursiveInsertionSort,3,0.001800,0.00,0.00
randomArrays.txt,RecursiveInsertionSort,1,0.034100,0.00,0.00
randomArrays.txt,RecursiveInsertionSort,2,0.031100,0.00,0.00
randomArrays.txt,RecursiveInsertionSort,3,0.031100,0.00,0.00
randomArrays.txt,RecursiveInsertionSort,1,0.658500,0.00,0.00
randomArrays.txt,RecursiveInsertionSort,2,0.656700,0.00,0.00
randomArrays.txt,RecursiveInsertionSort,3,0.632500,617.59,0.00
randomArrays.txt,RecursiveInsertionSort,1,10.898600,0.00,0.00
randomArrays.txt,RecursiveInsertionSort,2,0.589200,0.00,0.00
randomArrays.txt,RecursiveInsertionSort,3,0.374700,0.00,0.00
randomArrays.txt,RecursiveInsertionSort,1,0.302100,0.00,0.00
randomArrays.txt,RecursiveInsertionSort,2,0.517500,0.00,0.00
randomArrays.txt,RecursiveInsertionSort,3,0.304300,0.00,0.00
randomArrays.txt,RecursiveInsertionSort,1,0.063800,0.00,0.00
randomArrays.txt,RecursiveInsertionSort,2,0.065700,0.00,0.00
randomArrays.txt,RecursiveInsertionSort,3,0.062200,0.00,0.00
randomArrays.txt,RecursiveInsertionSort,1,0.252500,0.00,0.00
randomArrays.txt,RecursiveInsertionSort,2,0.241200,0.00,0.00
randomArrays.txt,RecursiveInsertionSort,3,0.250400,0.00,0.00
randomArrays.txt,RecursiveInsertionSort,1,0.574000,0.00,0.00
randomArrays.txt,RecursiveInsertionSort,2,0.620400,0.00,0.00
randomArrays.txt,RecursiveInsertionSort,3,0.486600,802.76,0.00
randomArrays.txt,RecursiveInsertionSort,1,0.035300,0.00,0.00
randomArrays.txt,RecursiveInsertionSort,2,0.034600,0.00,0.00
randomArrays.txt,RecursiveInsertionSort,3,0.028700,0.00,0.00
randomArrays.txt,RecursiveInsertionSort,1,0.364800,0.00,0.00
randomArrays.txt,RecursiveInsertionSort,2,0.518600,0.00,0.00
randomArrays.txt,RecursiveInsertionSort,3,0.406900,0.00,0.00
randomArrays.txt,RecursiveInsertionSort,1,0.234500,0.00,0.00
randomArrays.txt,RecursiveInsertionSort,2,0.234900,0.00,0.00
randomArrays.txt,RecursiveInsertionSort,3,0.220900,0.00,0.00
randomArrays.txt,RecursiveInsertionSort,1,0.031000,0.00,0.00
randomArrays.txt,RecursiveInsertionSort,2,0.038200,0.00,0.00
randomArrays.txt,RecursiveInsertionSort,3,0.032500,0.00,0.00
randomArrays.txt,RecursiveInsertionSort,1,0.400700,0.00,0.00
randomArrays.txt,RecursiveInsertionSort,2,0.406100,0.00,0.00
randomArrays.txt,RecursiveInsertionSort,3,0.402500,0.00,0.00
randomArrays.txt,RecursiveInsertionSort,1,0.026400,0.00,0.00
randomArrays.txt,RecursiveInsertionSort,2,0.025000,0.00,0.00
randomArrays.txt,RecursiveInsertionSort,3,0.026700,0.00,0.00
randomArrays.txt,RecursiveInsertionSort,1,0.239700,0.00,0.00
randomArrays.txt,RecursiveInsertionSort,2,0.241200,0.00,0.00
randomArrays.txt,RecursiveInsertionSort,3,0.244200,0.00,0.00
randomArrays.txt,RecursiveInsertionSort,1,0.118400,0.00,0.00
randomArrays.txt,RecursiveInsertionSort,2,0.116200,0.00,0.00
randomArrays.txt,RecursiveInsertionSort,3,0.133000,0.00,0.00
randomArrays.txt,RecursiveInsertionSort,1,0.645600,0.00,0.00
randomArrays.txt,RecursiveInsertionSort,2,0.544000,0.00,0.00
randomArrays.txt,RecursiveInsertionSort,3,0.552100,0.00,0.00
randomArrays.txt,RecursiveInsertionSort,1,0.418500,0.00,0.00
randomArrays.txt,RecursiveInsertionSort,2,0.439700,0.00,0.00
randomArrays.txt,RecursiveInsertionSort,3,0.396300,0.00,0.00
randomArrays.txt,RecursiveInsertionSort,1,0.381600,0.00,0.00
randomArrays.txt,RecursiveInsertionSort,2,0.325000,0.00,0.00
randomArrays.txt,RecursiveInsertionSort,3,0.335500,0.00,0.00
randomArrays.txt,RecursiveInsertionSort,1,0.643000,0.00,0.00
randomArrays.txt,RecursiveInsertionSort,2,0.544400,0.00,0.00
randomArrays.txt,RecursiveInsertionSort,3,0.471200,0.00,0.00
randomArrays.txt,RecursiveInsertionSort,1,0.486800,0.00,0.00
randomArrays.txt,RecursiveInsertionSort,2,0.458800,0.00,0.00
randomArrays.txt,RecursiveInsertionSort,3,0.461400,0.00,0.00
randomArrays.txt,RecursiveInsertionSort,1,0.107400,0.00,0.00
randomArrays.txt,RecursiveInsertionSort,2,0.111700,0.00,0.00
randomArrays.txt,RecursiveInsertionSort,3,0.105700,0.00,0.00
randomArrays.txt,RecursiveInsertionSort,1,0.260100,0.00,0.00
randomArrays.txt,RecursiveInsertionSort,2,0.261800,0.00,0.00
randomArrays.txt,RecursiveInsertionSort,3,0.310700,0.00,0.00
randomArrays.txt,RecursiveInsertionSort,1,0.750600,0.00,0.00
randomArrays.txt,RecursiveInsertionSort,2,0.647400,0.00,0.00
randomArrays.txt,RecursiveInsertionSort,3,0.748900,0.00,0.00
randomArrays.txt,RecursiveInsertionSort,1,0.058000,0.00,0.00
randomArrays.txt,RecursiveInsertionSort,2,0.054200,0.00,0.00
randomArrays.txt,RecursiveInsertionSort,3,0.057900,0.00,0.00
randomArrays.txt,RecursiveInsertionSort,1,0.402900,0.00,0.00
randomArrays.txt,RecursiveInsertionSort,2,0.399100,0.00,0.00
randomArrays.txt,RecursiveInsertionSort,3,0.439900,0.00,0.00
randomArrays.txt,RecursiveInsertionSort,1,4.491800,0.00,0.00
randomArrays.txt,RecursiveInsertionSort,2,0.368000,0.00,0.00
randomArrays.txt,RecursiveInsertionSort,3,4.319900,0.00,0.00
randomArrays.txt,RecursiveInsertionSort,1,0.007400,0.00,0.00
randomArrays.txt,RecursiveInsertionSort,2,0.008600,0.00,0.00
randomArrays.txt,RecursiveInsertionSort,3,0.008300,0.00,0.00
randomArrays.txt,RecursiveInsertionSort,1,0.163200,0.00,0.00
randomArrays.txt,RecursiveInsertionSort,2,0.173000,0.00,0.00
randomArrays.txt,RecursiveInsertionSort,3,0.173700,0.00,0.00
randomArrays.txt,RecursiveInsertionSort,1,0.529700,0.00,0.00
randomArrays.txt,RecursiveInsertionSort,2,0.525500,0.00,0.00
randomArrays.txt,RecursiveInsertionSort,3,0.536400,0.00,0.00
randomArrays.txt,RecursiveInsertionSort,1,0.058400,0.00,0.00
randomArrays.txt,RecursiveInsertionSort,2,0.034900,0.00,0.00
randomArrays.txt,RecursiveInsertionSort,3,0.036600,0.00,0.00
randomArrays.txt,RecursiveInsertionSort,1,0.166900,0.00,0.00
randomArrays.txt,RecursiveInsertionSort,2,0.163000,0.00,0.00
randomArrays.txt,RecursiveInsertionSort,3,0.167300,0.00,0.00
randomArrays.txt,RecursiveInsertionSort,1,0.639400,0.00,0.00
randomArrays.txt,RecursiveInsertionSort,2,0.653300,0.00,0.00
randomArrays.txt,RecursiveInsertionSort,3,0.648400,0.00,0.00
randomArrays.txt,RecursiveInsertionSort,1,0.065900,0.00,0.00
randomArrays.txt,RecursiveInsertionSort,2,0.075400,0.00,0.00
randomArrays.txt,RecursiveInsertionSort,3,0.079800,0.00,0.00
randomArrays.txt,RecursiveInsertionSort,1,0.074400,0.00,0.00
randomArrays.txt,RecursiveInsertionSort,2,0.067000,0.00,0.00
randomArrays.txt,RecursiveInsertionSort,3,0.065500,0.00,0.00
randomArrays.txt,RecursiveInsertionSort,1,0.054800,0.00,0.00
randomArrays.txt,RecursiveInsertionSort,2,0.053400,0.00,0.00
randomArrays.txt,RecursiveInsertionSort,3,0.052700,0.00,0.00
randomArrays.txt,RecursiveInsertionSort,1,0.621200,0.00,0.00
randomArrays.txt,RecursiveInsertionSort,2,0.318200,0.00,0.00
randomArrays.txt,RecursiveInsertionSort,3,0.267300,0.00,0.00
randomArrays.txt,RecursiveInsertionSort,1,0.004100,0.00,0.00
randomArrays.txt,RecursiveInsertionSort,2,0.004100,0.00,0.00
randomArrays.txt,RecursiveInsertionSort,3,0.003500,0.00,0.00
randomArrays.txt,RecursiveInsertionSort,1,1.079300,0.00,0.00
randomArrays.txt,RecursiveInsertionSort,2,0.284400,0.00,0.00
randomArrays.txt,RecursiveInsertionSort,3,2.903700,0.00,0.00
randomArrays.txt,RecursiveInsertionSort,1,0.743000,0.00,0.00
randomArrays.txt,RecursiveInsertionSort,2,0.746300,0.00,0.00
randomArrays.txt,RecursiveInsertionSort,3,0.749300,0.00,0.00
randomArrays.txt,RecursiveInsertionSort,1,0.527900,0.00,0.00
randomArrays.txt,RecursiveInsertionSort,2,0.483300,0.00,0.00
randomArrays.txt,RecursiveInsertionSort,3,0.508900,0.00,0.00
randomArrays.txt,RecursiveInsertionSort,1,0.447600,0.00,0.00
randomArrays.txt,RecursiveInsertionSort,2,0.460600,0.00,0.00
randomArrays.txt,RecursiveInsertionSort,3,0.284900,0.00,0.00
randomArrays.txt,RecursiveInsertionSort,1,0.508500,0.00,0.00
randomArrays.txt,RecursiveInsertionSort,2,0.511100,0.00,0.00
randomArrays.txt,RecursiveInsertionSort,3,0.472000,0.00,0.00
randomArrays.txt,RecursiveInsertionSort,1,0.423100,0.00,0.00
randomArrays.txt,RecursiveInsertionSort,2,0.400900,0.00,0.00
randomArrays.txt,RecursiveInsertionSort,3,0.901700,0.00,0.00
randomArrays.txt,RecursiveInsertionSort,1,0.055400,0.00,0.00
randomArrays.txt,RecursiveInsertionSort,2,0.052500,0.00,0.00
randomArrays.txt,RecursiveInsertionSort,3,0.052400,0.00,0.00
randomArrays.txt,RecursiveInsertionSort,1,0.122300,0.00,0.00
randomArrays.txt,RecursiveInsertionSort,2,0.121400,0.00,0.00
randomArrays.txt,RecursiveInsertionSort,3,0.117000,0.00,0.00
randomArrays.txt,RecursiveInsertionSort,1,1.016700,0.00,0.00
randomArrays.txt,RecursiveInsertionSort,2,1.133700,0.00,0.00
randomArrays.txt,RecursiveInsertionSort,3,0.646000,604.68,0.00
randomArrays.txt,RecursiveInsertionSort,1,0.712300,0.00,0.00
randomArrays.txt,RecursiveInsertionSort,2,0.635000,0.00,0.00
randomArrays.txt,RecursiveInsertionSort,3,0.672300,0.00,0.00
randomArrays.txt,RecursiveInsertionSort,1,0.267100,0.00,0.00
randomArrays.txt,RecursiveInsertionSort,2,0.265400,0.00,0.00
randomArrays.txt,RecursiveInsertionSort,3,0.269000,0.00,0.00
randomArrays.txt,RecursiveInsertionSort,1,0.171000,0.00,0.00
randomArrays.txt,RecursiveInsertionSort,2,0.164400,0.00,0.00
randomArrays.txt,RecursiveInsertionSort,3,0.165400,0.00,0.00
randomArrays.txt,RecursiveInsertionSort,1,0.037800,0.00,0.00
randomArrays.txt,RecursiveInsertionSort,2,0.042300,0.00,0.00
randomArrays.txt,RecursiveInsertionSort,3,0.032200,0.00,0.00
randomArrays.txt,RecursiveInsertionSort,1,0.668900,0.00,0.00
randomArrays.txt,RecursiveInsertionSort,2,0.384300,0.00,0.00
randomArrays.txt,RecursiveInsertionSort,3,0.399500,0.00,0.00
randomArrays.txt,RecursiveInsertionSort,1,0.360100,0.00,0.00
randomArrays.txt,RecursiveInsertionSort,2,0.352800,0.00,0.00
randomArrays.txt,RecursiveInsertionSort,3,0.260900,0.00,0.00
randomArrays.txt,RecursiveInsertionSort,1,0.000900,0.00,0.00
randomArrays.txt,RecursiveInsertionSort,2,0.001000,0.00,0.00
randomArrays.txt,RecursiveInsertionSort,3,0.001200,0.00,0.00
randomArrays.txt,RecursiveInsertionSort,1,0.276600,0.00,0.00
randomArrays.txt,RecursiveInsertionSort,2,0.242000,0.00,0.00
randomArrays.txt,RecursiveInsertionSort,3,0.183400,0.00,0.00
randomArrays.txt,RecursiveInsertionSort,1,0.070600,0.00,0.00
randomArrays.txt,RecursiveInsertionSort,2,0.068200,0.00,0.00
randomArrays.txt,RecursiveInsertionSort,3,0.068200,0.00,0.00
randomArrays.txt,RecursiveInsertionSort,1,0.104700,0.00,0.00
randomArrays.txt,RecursiveInsertionSort,2,0.091500,0.00,0.00
randomArrays.txt,RecursiveInsertionSort,3,0.096600,0.00,0.00
randomArrays.txt,RecursiveInsertionSort,1,0.065300,0.00,0.00
randomArrays.txt,RecursiveInsertionSort,2,0.055700,0.00,0.00
randomArrays.txt,RecursiveInsertionSort,3,0.064100,0.00,0.00
randomArrays.txt,RecursiveInsertionSort,1,0.090500,0.00,0.00
randomArrays.txt,RecursiveInsertionSort,2,0.085000,0.00,0.00
randomArrays.txt,RecursiveInsertionSort,3,0.081900,0.00,0.00
randomArrays.txt,RecursiveInsertionSort,1,0.065300,0.00,0.00
randomArrays.txt,RecursiveInsertionSort,2,0.062100,0.00,0.00
randomArrays.txt,RecursiveInsertionSort,3,0.061800,0.00,0.00
randomArrays.txt,RecursiveInsertionSort,1,0.039500,0.00,0.00
randomArrays.txt,RecursiveInsertionSort,2,0.038500,0.00,0.00
randomArrays.txt,RecursiveInsertionSort,3,0.038400,0.00,0.00
randomArrays.txt,RecursiveInsertionSort,1,0.366700,0.00,0.00
randomArrays.txt,RecursiveInsertionSort,2,0.394800,0.00,0.00
randomArrays.txt,RecursiveInsertionSort,3,0.441700,0.00,0.00
randomArrays.txt,RecursiveInsertionSort,1,0.245000,0.00,0.00
randomArrays.txt,RecursiveInsertionSort,2,0.278600,0.00,0.00
randomArrays.txt,RecursiveInsertionSort,3,0.264900,0.00,0.00
randomArrays.txt,RecursiveInsertionSort,1,0.199400,0.00,0.00
randomArrays.txt,RecursiveInsertionSort,2,0.218700,0.00,0.00
randomArrays.txt,RecursiveInsertionSort,3,0.228100,0.00,0.00
randomArrays.txt,RecursiveInsertionSort,1,0.820500,0.00,0.00
randomArrays.txt,RecursiveInsertionSort,2,0.634200,0.00,0.00
randomArrays.txt,RecursiveInsertionSort,3,0.644100,0.00,0.00
randomArrays.txt,RecursiveInsertionSort,1,0.076000,0.00,0.00
randomArrays.txt,RecursiveInsertionSort,2,0.086800,0.00,0.00
randomArrays.txt,RecursiveInsertionSort,3,0.085500,0.00,0.00
randomArrays.txt,RecursiveInsertionSort,1,0.554500,0.00,0.00
randomArrays.txt,RecursiveInsertionSort,2,0.418200,0.00,0.00
randomArrays.txt,RecursiveInsertionSort,3,0.460000,0.00,0.00
randomArrays.txt,RecursiveInsertionSort,1,0.616400,0.00,0.00
randomArrays.txt,RecursiveInsertionSort,2,0.640600,609.78,0.00
randomArrays.txt,RecursiveInsertionSort,3,0.654700,0.00,0.00
randomArrays.txt,RecursiveInsertionSort,1,1.179800,0.00,0.00
randomArrays.txt,RecursiveInsertionSort,2,0.185700,0.00,0.00
randomArrays.txt,RecursiveInsertionSort,3,0.147800,0.00,0.00
randomArrays.txt,RecursiveInsertionSort,1,0.361500,0.00,0.00
randomArrays.txt,RecursiveInsertionSort,2,0.340000,0.00,0.00
randomArrays.txt,RecursiveInsertionSort,3,0.380000,0.00,0.00
randomArrays.txt,RecursiveInsertionSort,1,0.008300,0.00,0.00
randomArrays.txt,RecursiveInsertionSort,2,0.008000,0.00,0.00
randomArrays.txt,RecursiveInsertionSort,3,0.007500,0.00,0.00
randomArrays.txt,RecursiveInsertionSort,1,0.426500,0.00,0.00
randomArrays.txt,RecursiveInsertionSort,2,0.385800,0.00,0.00
randomArrays.txt,RecursiveInsertionSort,3,0.377000,0.00,0.00
randomArrays.txt,RecursiveInsertionSort,1,0.310400,0.00,0.00
randomArrays.txt,RecursiveInsertionSort,2,0.294800,0.00,0.00
randomArrays.txt,RecursiveInsertionSort,3,0.312800,0.00,0.00
randomArrays.txt,RecursiveInsertionSort,1,0.381500,0.00,0.00
randomArrays.txt,RecursiveInsertionSort,2,0.520600,0.00,0.00
randomArrays.txt,RecursiveInsertionSort,3,0.501300,0.00,0.00
randomArrays.txt,RecursiveInsertionSort,1,0.461200,0.00,0.00
randomArrays.txt,RecursiveInsertionSort,2,1.603700,0.00,0.00
randomArrays.txt,RecursiveInsertionSort,3,2.130000,0.00,0.00
randomArrays.txt,RecursiveInsertionSort,1,0.073600,0.00,0.00
randomArrays.txt,RecursiveInsertionSort,2,0.075900,0.00,0.00
randomArrays.txt,RecursiveInsertionSort,3,0.075100,0.00,0.00
randomArrays.txt,RecursiveInsertionSort,1,0.063100,0.00,0.00
randomArrays.txt,RecursiveInsertionSort,2,0.066000,0.00,0.00
randomArrays.txt,RecursiveInsertionSort,3,0.065600,0.00,0.00
randomArrays.txt,RecursiveInsertionSort,1,0.141300,0.00,0.00
randomArrays.txt,RecursiveInsertionSort,2,0.178900,0.00,0.00
randomArrays.txt,RecursiveInsertionSort,3,0.202600,0.00,0.00
randomArrays.txt,RecursiveInsertionSort,1,0.205500,0.00,0.00
randomArrays.txt,RecursiveInsertionSort,2,0.203300,0.00,0.00
randomArrays.txt,RecursiveInsertionSort,3,0.221300,0.00,0.00
randomArrays.txt,RecursiveInsertionSort,1,0.029400,0.00,0.00
randomArrays.txt,RecursiveInsertionSort,2,0.029300,0.00,0.00
randomArrays.txt,RecursiveInsertionSort,3,0.029400,0.00,0.00
randomArrays.txt,RecursiveInsertionSort,1,0.044100,0.00,0.00
randomArrays.txt,RecursiveInsertionSort,2,0.044500,0.00,0.00
randomArrays.txt,RecursiveInsertionSort,3,0.047000,0.00,0.00
randomArrays.txt,RecursiveInsertionSort,1,0.032000,0.00,0.00
randomArrays.txt,RecursiveInsertionSort,2,0.036400,0.00,0.00
randomArrays.txt,RecursiveInsertionSort,3,0.131400,0.00,0.00
randomArrays.txt,RecursiveInsertionSort,1,0.211600,0.00,0.00
randomArrays.txt,RecursiveInsertionSort,2,0.209900,0.00,0.00
randomArrays.txt,RecursiveInsertionSort,3,0.213800,0.00,0.00
randomArrays.txt,RecursiveInsertionSort,1,0.050200,0.00,0.00
randomArrays.txt,RecursiveInsertionSort,2,0.048300,0.00,0.00
randomArrays.txt,RecursiveInsertionSort,3,0.042600,0.00,0.00
randomArrays.txt,RecursiveInsertionSort,1,0.002900,0.00,0.00
randomArrays.txt,RecursiveInsertionSort,2,0.003600,0.00,0.00
randomArrays.txt,RecursiveInsertionSort,3,0.002600,0.00,0.00
randomArrays.txt,RecursiveInsertionSort,1,0.023300,0.00,0.00
randomArrays.txt,RecursiveInsertionSort,2,0.020300,0.00,0.00
randomArrays.txt,RecursiveInsertionSort,3,0.021800,0.00,0.00
randomArrays.txt,RecursiveInsertionSort,1,0.279200,0.00,0.00
randomArrays.txt,RecursiveInsertionSort,2,0.255100,0.00,0.00
randomArrays.txt,RecursiveInsertionSort,3,0.260200,0.00,0.00
randomArrays.txt,RecursiveInsertionSort,1,0.447600,0.00,0.00
randomArrays.txt,RecursiveInsertionSort,2,0.899300,0.00,0.00
randomArrays.txt,RecursiveInsertionSort,3,3.829300,0.00,0.00
randomArrays.txt,RecursiveInsertionSort,1,0.006700,0.00,0.00
randomArrays.txt,RecursiveInsertionSort,2,0.006100,0.00,0.00
randomArrays.txt,RecursiveInsertionSort,3,0.006000,0.00,0.00
randomArrays.txt,RecursiveInsertionSort,1,0.001100,0.00,0.00
randomArrays.txt,RecursiveInsertionSort,2,0.000900,0.00,0.00
randomArrays.txt,RecursiveInsertionSort,3,0.000700,0.00,0.00
randomArrays.txt,RecursiveInsertionSort,1,0.158800,0.00,0.00
randomArrays.txt,RecursiveInsertionSort,2,0.672800,0.00,0.00
randomArrays.txt,RecursiveInsertionSort,3,0.132300,0.00,0.00
randomArrays.txt,RecursiveInsertionSort,1,0.081100,0.00,0.00
randomArrays.txt,RecursiveInsertionSort,2,0.090700,0.00,0.00
randomArrays.txt,RecursiveInsertionSort,3,0.075500,0.00,0.00
randomArrays.txt,RecursiveInsertionSort,1,0.008800,0.00,0.00
randomArrays.txt,RecursiveInsertionSort,2,0.004500,0.00,0.00
randomArrays.txt,RecursiveInsertionSort,3,0.110700,0.00,0.00
randomArrays.txt,RecursiveInsertionSort,1,0.488000,0.00,0.00
randomArrays.txt,RecursiveInsertionSort,2,0.469400,0.00,0.00
randomArrays.txt,RecursiveInsertionSort,3,0.487400,0.00,0.00
randomArrays.txt,RecursiveInsertionSort,1,0.455400,857.76,0.00
randomArrays.txt,RecursiveInsertionSort,2,0.460400,0.00,0.00
randomArrays.txt,RecursiveInsertionSort,3,0.478700,0.00,0.00
randomArrays.txt,RecursiveInsertionSort,1,0.040200,0.00,0.00
randomArrays.txt,RecursiveInsertionSort,2,0.040900,0.00,0.00
randomArrays.txt,RecursiveInsertionSort,3,0.036600,0.00,0.00
randomArrays.txt,RecursiveInsertionSort,1,0.450800,866.52,0.00
randomArrays.txt,RecursiveInsertionSort,2,0.502000,0.00,0.00
randomArrays.txt,RecursiveInsertionSort,3,0.499800,0.00,0.00
randomArrays.txt,RecursiveInsertionSort,1,0.026200,0.00,0.00
randomArrays.txt,RecursiveInsertionSort,2,0.026100,0.00,0.00
randomArrays.txt,RecursiveInsertionSort,3,0.026500,0.00,0.00
randomArrays.txt,RecursiveInsertionSort,1,0.004100,0.00,0.00
randomArrays.txt,RecursiveInsertionSort,2,0.003600,0.00,0.00
randomArrays.txt,RecursiveInsertionSort,3,0.004300,0.00,0.00
randomArrays.txt,RecursiveInsertionSort,1,0.118000,0.00,0.00
randomArrays.txt,RecursiveInsertionSort,2,0.096300,0.00,0.00
randomArrays.txt,RecursiveInsertionSort,3,0.106300,0.00,0.00
randomArrays.txt,RecursiveInsertionSort,1,0.031900,0.00,0.00
randomArrays.txt,RecursiveInsertionSort,2,0.033900,0.00,0.00
randomArrays.txt,RecursiveInsertionSort,3,0.034000,0.00,0.00
randomArrays.txt,RecursiveInsertionSort,1,0.043600,0.00,0.00
randomArrays.txt,RecursiveInsertionSort,2,0.042300,0.00,0.00
randomArrays.txt,RecursiveInsertionSort,3,0.039400,0.00,0.00
randomArrays.txt,RecursiveInsertionSort,1,1.323500,0.00,0.00
randomArrays.txt,RecursiveInsertionSort,2,0.374000,0.00,0.00
randomArrays.txt,RecursiveInsertionSort,3,0.511100,0.00,0.00
randomArrays.txt,RecursiveInsertionSort,1,0.056800,0.00,0.00
randomArrays.txt,RecursiveInsertionSort,2,0.052900,0.00,0.00
randomArrays.txt,RecursiveInsertionSort,3,0.053300,0.00,0.00
randomArrays.txt,RecursiveInsertionSort,1,0.250900,0.00,0.00
randomArrays.txt,RecursiveInsertionSort,2,0.236200,0.00,0.00
randomArrays.txt,RecursiveInsertionSort,3,0.249200,0.00,0.00
randomArrays.txt,RecursiveInsertionSort,1,0.036000,0.00,0.00
randomArrays.txt,RecursiveInsertionSort,2,0.038500,0.00,0.00
randomArrays.txt,RecursiveInsertionSort,3,0.039100,0.00,0.00
randomArrays.txt,RecursiveInsertionSort,1,0.697400,0.00,0.00
randomArrays.txt,RecursiveInsertionSort,2,0.713800,547.25,0.00
randomArrays.txt,RecursiveInsertionSort,3,0.642900,0.00,0.00
randomArrays.txt,RecursiveInsertionSort,1,0.081000,0.00,0.00
randomArrays.txt,RecursiveInsertionSort,2,0.081300,0.00,0.00
randomArrays.txt,RecursiveInsertionSort,3,0.081900,0.00,0.00
randomArrays.txt,RecursiveInsertionSort,1,0.559500,0.00,0.00
randomArrays.txt,RecursiveInsertionSort,2,0.535500,0.00,0.00
randomArrays.txt,RecursiveInsertionSort,3,0.557600,0.00,0.00
randomArrays.txt,RecursiveInsertionSort,1,0.106200,0.00,0.00
randomArrays.txt,RecursiveInsertionSort,2,0.110400,0.00,0.00
randomArrays.txt,RecursiveInsertionSort,3,0.105800,0.00,0.00
randomArrays.txt,RecursiveInsertionSort,1,0.049800,0.00,0.00
randomArrays.txt,RecursiveInsertionSort,2,0.046000,0.00,0.00
randomArrays.txt,RecursiveInsertionSort,3,0.052000,0.00,0.00
randomArrays.txt,RecursiveInsertionSort,1,0.207500,0.00,0.00
randomArrays.txt,RecursiveInsertionSort,2,0.242300,0.00,0.00
randomArrays.txt,RecursiveInsertionSort,3,0.245900,0.00,0.00
randomArrays.txt,RecursiveInsertionSort,1,0.216100,0.00,0.00
randomArrays.txt,RecursiveInsertionSort,2,0.182500,0.00,0.00
randomArrays.txt,RecursiveInsertionSort,3,0.200200,0.00,0.00
randomArrays.txt,RecursiveInsertionSort,1,0.024100,0.00,0.00
randomArrays.txt,RecursiveInsertionSort,2,0.025900,0.00,0.00
randomArrays.txt,RecursiveInsertionSort,3,0.025400,0.00,0.00
randomArrays.txt,RecursiveInsertionSort,1,0.511000,0.00,0.00
randomArrays.txt,RecursiveInsertionSort,2,0.501200,0.00,0.00
randomArrays.txt,RecursiveInsertionSort,3,0.458200,852.52,0.00
randomArrays.txt,RecursiveInsertionSort,1,0.322800,0.00,0.00
randomArrays.txt,RecursiveInsertionSort,2,1.605200,0.00,0.00
randomArrays.txt,RecursiveInsertionSort,3,1.907000,0.00,0.00
randomArrays.txt,RecursiveInsertionSort,1,0.043700,0.00,0.00
randomArrays.txt,RecursiveInsertionSort,2,0.046600,0.00,0.00
randomArrays.txt,RecursiveInsertionSort,3,0.046600,0.00,0.00
randomArrays.txt,RecursiveInsertionSort,1,0.218600,0.00,0.00
randomArrays.txt,RecursiveInsertionSort,2,0.233300,0.00,0.00
randomArrays.txt,RecursiveInsertionSort,3,0.214700,0.00,0.00
randomArrays.txt,RecursiveInsertionSort,1,0.039000,0.00,0.00
randomArrays.txt,RecursiveInsertionSort,2,0.038100,0.00,0.00
randomArrays.txt,RecursiveInsertionSort,3,0.036200,0.00,0.00
randomArrays.txt,RecursiveInsertionSort,1,0.512700,0.00,0.00
randomArrays.txt,RecursiveInsertionSort,2,0.514300,0.00,0.00
randomArrays.txt,RecursiveInsertionSort,3,0.500700,0.00,0.00
randomArrays.txt,RecursiveInsertionSort,1,0.017800,0.00,0.00
randomArrays.txt,RecursiveInsertionSort,2,0.015900,0.00,0.00
randomArrays.txt,RecursiveInsertionSort,3,0.018300,0.00,0.00
randomArrays.txt,RecursiveInsertionSort,1,0.034600,0.00,0.00
randomArrays.txt,RecursiveInsertionSort,2,0.034500,0.00,0.00
randomArrays.txt,RecursiveInsertionSort,3,0.055400,0.00,0.00
randomArrays.txt,RecursiveInsertionSort,1,0.492400,0.00,0.00
randomArrays.txt,RecursiveInsertionSort,2,0.515900,0.00,0.00
randomArrays.txt,RecursiveInsertionSort,3,0.485300,0.00,0.00
randomArrays.txt,RecursiveInsertionSort,1,0.213700,0.00,0.00
randomArrays.txt,RecursiveInsertionSort,2,0.263500,0.00,0.00
randomArrays.txt,RecursiveInsertionSort,3,0.247700,0.00,0.00
randomArrays.txt,RecursiveInsertionSort,1,0.082000,0.00,0.00
randomArrays.txt,RecursiveInsertionSort,2,0.066300,0.00,0.00
randomArrays.txt,RecursiveInsertionSort,3,0.065100,0.00,0.00
randomArrays.txt,RecursiveInsertionSort,1,0.500100,0.00,0.00
randomArrays.txt,RecursiveInsertionSort,2,0.365400,0.00,0.00
randomArrays.txt,RecursiveInsertionSort,3,0.597600,0.00,0.00
randomArrays.txt,RecursiveInsertionSort,1,0.330800,0.00,0.00
randomArrays.txt,RecursiveInsertionSort,2,0.401800,0.00,0.00
randomArrays.txt,RecursiveInsertionSort,3,0.337400,0.00,0.00
randomArrays.txt,RecursiveInsertionSort,1,0.030200,0.00,0.00
randomArrays.txt,RecursiveInsertionSort,2,0.052800,0.00,0.00
randomArrays.txt,RecursiveInsertionSort,3,0.033500,0.00,0.00
randomArrays.txt,RecursiveInsertionSort,1,0.004700,0.00,0.00
randomArrays.txt,RecursiveInsertionSort,2,0.004500,0.00,0.00
randomArrays.txt,RecursiveInsertionSort,3,0.004100,0.00,0.00
randomArrays.txt,RecursiveInsertionSort,1,0.200400,0.00,0.00
randomArrays.txt,RecursiveInsertionSort,2,0.145900,0.00,0.00
randomArrays.txt,RecursiveInsertionSort,3,0.189100,0.00,0.00
randomArrays.txt,RecursiveInsertionSort,1,0.238100,0.00,0.00
randomArrays.txt,RecursiveInsertionSort,2,0.250600,0.00,0.00
randomArrays.txt,RecursiveInsertionSort,3,0.228300,0.00,0.00
randomArrays.txt,RecursiveInsertionSort,1,0.135400,0.00,0.00
randomArrays.txt,RecursiveInsertionSort,2,0.162500,2403.85,0.00
randomArrays.txt,RecursiveInsertionSort,3,0.244500,0.00,0.00
randomArrays.txt,RecursiveInsertionSort,1,0.224400,0.00,0.00
randomArrays.txt,RecursiveInsertionSort,2,0.708800,0.00,0.00
randomArrays.txt,RecursiveInsertionSort,3,0.199300,0.00,0.00
randomArrays.txt,RecursiveInsertionSort,1,0.015200,0.00,0.00
randomArrays.txt,RecursiveInsertionSort,2,0.015400,0.00,0.00
randomArrays.txt,RecursiveInsertionSort,3,0.015900,0.00,0.00
randomArrays.txt,RecursiveInsertionSort,1,0.646400,0.00,0.00
randomArrays.txt,RecursiveInsertionSort,2,1.965100,0.00,0.00
randomArrays.txt,RecursiveInsertionSort,3,0.744300,0.00,0.00
randomArrays.txt,RecursiveInsertionSort,1,0.669500,0.00,0.00
randomArrays.txt,RecursiveInsertionSort,2,0.674900,0.00,0.00
randomArrays.txt,RecursiveInsertionSort,3,0.680400,0.00,0.00
randomArrays.txt,RecursiveInsertionSort,1,0.401000,974.13,0.00
randomArrays.txt,RecursiveInsertionSort,2,0.380300,0.00,0.00
randomArrays.txt,RecursiveInsertionSort,3,0.380900,0.00,0.00
randomArrays.txt,RecursiveInsertionSort,1,0.444300,0.00,0.00
randomArrays.txt,RecursiveInsertionSort,2,0.440000,0.00,0.00
randomArrays.txt,RecursiveInsertionSort,3,0.450000,0.00,0.00
randomArrays.txt,RecursiveInsertionSort,1,0.344800,0.00,0.00
randomArrays.txt,RecursiveInsertionSort,2,0.366000,0.00,0.00
randomArrays.txt,RecursiveInsertionSort,3,0.380200,0.00,0.00
randomArrays.txt,RecursiveInsertionSort,1,0.597400,0.00,0.00
randomArrays.txt,RecursiveInsertionSort,2,0.614500,0.00,0.00
randomArrays.txt,RecursiveInsertionSort,3,0.620200,0.00,0.00
randomArrays.txt,RecursiveInsertionSort,1,0.683100,0.00,0.00
randomArrays.txt,RecursiveInsertionSort,2,0.366800,0.00,0.00
randomArrays.txt,RecursiveInsertionSort,3,0.417500,0.00,0.00
randomArrays.txt,RecursiveInsertionSort,1,0.018500,0.00,0.00
randomArrays.txt,RecursiveInsertionSort,2,0.020200,0.00,0.00
randomArrays.txt,RecursiveInsertionSort,3,0.020200,0.00,0.00
randomArrays.txt,RecursiveInsertionSort,1,0.175500,0.00,0.00
randomArrays.txt,RecursiveInsertionSort,2,0.173400,0.00,0.00
randomArrays.txt,RecursiveInsertionSort,3,0.157800,0.00,0.00
randomArrays.txt,RecursiveInsertionSort,1,0.116300,0.00,0.00
randomArrays.txt,RecursiveInsertionSort,2,0.123200,0.00,0.00
randomArrays.txt,RecursiveInsertionSort,3,0.127700,0.00,0.00
randomArrays.txt,RecursiveInsertionSort,1,0.418600,0.00,0.00
randomArrays.txt,RecursiveInsertionSort,2,0.602700,0.00,0.00
randomArrays.txt,RecursiveInsertionSort,3,0.339800,0.00,0.00
randomArrays.txt,RecursiveInsertionSort,1,0.709900,0.00,0.00
randomArrays.txt,RecursiveInsertionSort,2,0.468100,0.00,0.00
randomArrays.txt,RecursiveInsertionSort,3,0.502400,0.00,0.00
randomArrays.txt,RecursiveInsertionSort,1,0.178500,0.00,0.00
randomArrays.txt,RecursiveInsertionSort,2,0.187100,0.00,0.00
randomArrays.txt,RecursiveInsertionSort,3,0.167900,0.00,0.00
randomArrays.txt,RecursiveInsertionSort,1,0.265000,0.00,0.00
randomArrays.txt,RecursiveInsertionSort,2,0.246100,0.00,0.00
randomArrays.txt,RecursiveInsertionSort,3,0.266400,0.00,0.00
randomArrays.txt,RecursiveInsertionSort,1,0.580900,0.00,0.00
randomArrays.txt,RecursiveInsertionSort,2,0.712700,0.00,0.00
randomArrays.txt,RecursiveInsertionSort,3,0.659100,592.66,0.00
randomArrays.txt,RecursiveInsertionSort,1,0.063800,0.00,0.00
randomArrays.txt,RecursiveInsertionSort,2,0.065200,0.00,0.00
randomArrays.txt,RecursiveInsertionSort,3,0.061200,0.00,0.00
randomArrays.txt,RecursiveInsertionSort,1,0.015500,0.00,0.00
randomArrays.txt,RecursiveInsertionSort,2,0.020000,0.00,0.00
randomArrays.txt,RecursiveInsertionSort,3,0.022900,0.00,0.00
randomArrays.txt,RecursiveInsertionSort,1,0.060900,0.00,0.00
randomArrays.txt,RecursiveInsertionSort,2,0.068800,0.00,0.00
randomArrays.txt,RecursiveInsertionSort,3,0.073700,0.00,0.00
randomArrays.txt,RecursiveInsertionSort,1,0.161300,0.00,0.00
randomArrays.txt,RecursiveInsertionSort,2,0.160600,0.00,0.00
randomArrays.txt,RecursiveInsertionSort,3,0.154000,0.00,0.00
randomArrays.txt,RecursiveInsertionSort,1,0.652900,0.00,0.00
randomArrays.txt,RecursiveInsertionSort,2,0.622900,0.00,0.00
randomArrays.txt,RecursiveInsertionSort,3,0.643300,0.00,0.00
randomArrays.txt,RecursiveInsertionSort,1,0.014100,0.00,0.00
randomArrays.txt,RecursiveInsertionSort,2,0.013100,0.00,0.00
randomArrays.txt,RecursiveInsertionSort,3,0.017000,0.00,0.00
