dataset,run,arraylength,time,cputime,memory
randomArrays.txt,1,469,3.619900,0.000000,0.00
randomArrays.txt,2,469,3.026000,0.000000,0.00
randomArrays.txt,3,469,10.414100,0.046875,0.00
randomArrays.txt,1,783,0.845900,0.000000,0.00
randomArrays.txt,2,783,0.844000,0.000000,0.00
randomArrays.txt,3,783,1.303400,0.000000,0.00
randomArrays.txt,1,464,0.376600,0.000000,0.00
randomArrays.txt,2,464,0.406400,0.000000,0.00
randomArrays.txt,3,464,0.387100,0.000000,0.00
randomArrays.txt,1,267,0.131600,0.000000,0.00
randomArrays.txt,2,267,1.138900,0.000000,0.00
randomArrays.txt,3,267,1.461800,0.000000,0.00
randomArrays.txt,1,828,0.408100,0.000000,0.00
randomArrays.txt,2,828,0.386400,0.000000,0.00
randomArrays.txt,3,828,0.385600,0.000000,0.00
randomArrays.txt,1,607,0.222200,0.000000,0.00
randomArrays.txt,2,607,0.349400,0.000000,0.00
randomArrays.txt,3,607,0.337100,0.000000,0.00
randomArrays.txt,1,319,0.090000,0.000000,0.00
randomArrays.txt,2,319,0.076400,0.000000,0.00
randomArrays.txt,3,319,0.082600,0.000000,0.00
randomArrays.txt,1,431,0.148100,0.000000,0.00
randomArrays.txt,2,431,0.134700,0.000000,0.00
randomArrays.txt,3,431,0.174200,0.000000,0.00
randomArrays.txt,1,619,0.223600,0.000000,0.00
randomArrays.txt,2,619,0.209000,0.000000,0.00
randomArrays.txt,3,619,0.230600,0.000000,0.00
randomArrays.txt,1,370,0.096700,0.000000,0.00
randomArrays.txt,2,370,0.108800,0.000000,0.00
randomArrays.txt,3,370,0.100100,0.000000,0.00
randomArrays.txt,1,478,0.145000,0.000000,0.00
randomArrays.txt,2,478,0.143000,0.000000,0.00
randomArrays.txt,3,478,0.142500,0.000000,0.00
randomArrays.txt,1,107,0.012500,0.000000,0.00
randomArrays.txt,2,107,0.011700,0.000000,0.00
randomArrays.txt,3,107,0.013800,0.000000,0.00
randomArrays.txt,1,381,0.109700,0.000000,0.00
randomArrays.txt,2,381,0.115300,0.000000,0.00
randomArrays.txt,3,381,0.266900,0.000000,0.00
randomArrays.txt,1,699,0.296700,0.000000,0.00
randomArrays.txt,2,699,0.293200,0.000000,0.00
randomArrays.txt,3,699,0.244700,0.000000,0.00
randomArrays.txt,1,452,0.141700,0.000000,0.00
randomArrays.txt,2,452,0.149800,0.000000,0.00
randomArrays.txt,3,452,0.174600,0.000000,0.00
randomArrays.txt,1,882,0.668200,0.015625,0.00
randomArrays.txt,2,882,0.651600,0.000000,0.00
randomArrays.txt,3,882,0.641600,0.000000,0.00
randomArrays.txt,1,697,0.299800,0.000000,0.00
randomArrays.txt,2,697,0.294500,0.000000,0.00
randomArrays.txt,3,697,0.273300,0.000000,0.00
randomArrays.txt,1,39,0.004900,0.000000,0.00
randomArrays.txt,2,39,0.003800,0.000000,0.00
randomArrays.txt,3,39,0.004000,0.000000,0.00
randomArrays.txt,1,382,0.112800,0.000000,0.00
randomArrays.txt,2,382,0.112400,0.000000,0.00
randomArrays.txt,3,382,0.116800,0.000000,0.00
randomArrays.txt,1,202,0.041300,0.000000,0.00
randomArrays.txt,2,202,0.040000,0.000000,0.00
randomArrays.txt,3,202,0.039900,0.000000,0.00
randomArrays.txt,1,674,0.317100,0.000000,0.00
randomArrays.txt,2,674,0.281100,0.000000,0.00
randomArrays.txt,3,674,0.256600,0.000000,0.00
randomArrays.txt,1,184,0.036700,0.000000,0.00
randomArrays.txt,2,184,0.036600,0.000000,0.00
randomArrays.txt,3,184,0.036300,0.000000,0.00
randomArrays.txt,1,853,0.394800,0.000000,0.00
randomArrays.txt,2,853,0.454700,0.000000,0.00
randomArrays.txt,3,853,0.408300,0.000000,0.00
randomArrays.txt,1,101,0.013500,0.000000,0.00
randomArrays.txt,2,101,0.013200,0.000000,0.00
randomArrays.txt,3,101,0.009200,0.000000,0.00
randomArrays.txt,1,329,0.090600,0.000000,0.00
randomArrays.txt,2,329,0.098400,0.000000,0.00
randomArrays.txt,3,329,0.078500,0.000000,0.00
randomArrays.txt,1,837,0.645900,0.000000,0.00
randomArrays.txt,2,837,0.648200,0.000000,0.00
randomArrays.txt,3,837,0.644500,0.000000,0.00
randomArrays.txt,1,676,0.425000,0.000000,0.00
randomArrays.txt,2,676,0.418600,0.000000,0.00
randomArrays.txt,3,676,0.271200,0.000000,0.00
randomArrays.txt,1,248,0.056800,0.000000,0.00
randomArrays.txt,2,248,0.056400,0.000000,0.00
randomArrays.txt,3,248,0.058500,0.000000,0.00
randomArrays.txt,1,845,0.562500,0.000000,0.00
randomArrays.txt,2,845,0.446800,0.000000,0.00
randomArrays.txt,3,845,0.806000,0.000000,0.00
randomArrays.txt,1,707,0.272200,0.000000,0.00
randomArrays.txt,2,707,0.297900,0.000000,0.00
randomArrays.txt,3,707,0.299200,0.000000,0.00
randomArrays.txt,1,458,0.131700,0.000000,0.00
randomArrays.txt,2,458,0.130500,0.000000,0.00
randomArrays.txt,3,458,0.145400,0.000000,0.00
randomArrays.txt,1,219,0.051000,0.000000,0.00
randomArrays.txt,2,219,0.050700,0.000000,0.00
randomArrays.txt,3,219,0.050800,0.000000,0.00
randomArrays.txt,1,268,0.072300,0.000000,0.00
randomArrays.txt,2,268,0.073500,0.000000,0.00
randomArrays.txt,3,268,0.070400,0.000000,0.00
randomArrays.txt,1,201,0.042400,0.000000,0.00
randomArrays.txt,2,201,0.041300,0.000000,0.00
randomArrays.txt,3,201,0.041300,0.000000,0.00
randomArrays.txt,1,520,0.266900,0.000000,0.00
randomArrays.txt,2,520,0.271100,0.000000,0.00
randomArrays.txt,3,520,0.315200,0.000000,0.00
randomArrays.txt,1,832,0.617500,0.000000,0.00
randomArrays.txt,2,832,3.547800,0.000000,0.00
randomArrays.txt,3,832,0.670500,0.031250,0.00
randomArrays.txt,1,800,0.576600,0.015625,0.00
randomArrays.txt,2,800,0.583700,0.000000,0.00
randomArrays.txt,3,800,0.584400,0.000000,0.00
randomArrays.txt,1,753,0.356600,0.000000,0.00
randomArrays.txt,2,753,0.491600,0.000000,0.00
randomArrays.txt,3,753,0.469900,0.015625,0.00
randomArrays.txt,1,286,0.081300,0.000000,0.00
randomArrays.txt,2,286,0.080900,0.000000,0.00
randomArrays.txt,3,286,0.088600,0.000000,0.00
randomArrays.txt,1,841,0.581400,0.000000,0.00
randomArrays.txt,2,841,0.643500,0.000000,0.00
randomArrays.txt,3,841,0.760100,0.000000,0.00
randomArrays.txt,1,240,0.057200,0.000000,0.00
randomArrays.txt,2,240,0.058200,0.000000,0.00
randomArrays.txt,3,240,0.057800,0.000000,0.00
randomArrays.txt,1,370,0.125100,0.000000,0.00
randomArrays.txt,2,370,0.123700,0.000000,0.00
randomArrays.txt,3,370,0.147300,0.000000,0.00
randomArrays.txt,1,287,0.086600,0.000000,0.00
randomArrays.txt,2,287,1.723100,0.000000,0.00
randomArrays.txt,3,287,0.191700,0.000000,0.00
randomArrays.txt,1,89,0.010800,0.000000,0.00
randomArrays.txt,2,89,0.010700,0.000000,0.00
randomArrays.txt,3,89,0.011600,0.000000,0.00
randomArrays.txt,1,881,0.743400,0.000000,0.00
randomArrays.txt,2,881,44.061500,0.000000,0.00
randomArrays.txt,3,881,0.743200,0.000000,0.00
randomArrays.txt,1,187,0.038500,0.000000,0.00
randomArrays.txt,2,187,0.038400,0.000000,0.00
randomArrays.txt,3,187,0.039000,0.000000,0.00
randomArrays.txt,1,373,0.125100,0.000000,0.00
randomArrays.txt,2,373,0.128900,0.000000,0.00
randomArrays.txt,3,373,0.140500,0.000000,0.00
randomArrays.txt,1,194,0.035300,0.000000,0.00
randomArrays.txt,2,194,0.037700,0.000000,0.00
randomArrays.txt,3,194,0.035700,0.000000,0.00
randomArrays.txt,1,382,0.142500,0.000000,0.00
randomArrays.txt,2,382,0.133900,0.000000,0.00
randomArrays.txt,3,382,0.152100,0.000000,0.00
randomArrays.txt,1,826,0.641800,0.000000,0.00
randomArrays.txt,2,826,0.650100,0.000000,0.00
randomArrays.txt,3,826,0.564400,0.000000,0.00
randomArrays.txt,1,781,0.598800,0.000000,0.00
randomArrays.txt,2,781,0.557800,0.000000,0.00
randomArrays.txt,3,781,0.573400,0.000000,0.00
randomArrays.txt,1,814,0.681700,0.000000,0.00
randomArrays.txt,2,814,0.662500,0.000000,0.00
randomArrays.txt,3,814,6.027300,0.000000,0.00
randomArrays.txt,1,525,0.271100,0.000000,0.00
randomArrays.txt,2,525,0.255000,0.000000,0.00
randomArrays.txt,3,525,0.264500,0.000000,0.00
randomArrays.txt,1,136,0.022400,0.000000,0.00
randomArrays.txt,2,136,0.020400,0.000000,0.00
randomArrays.txt,3,136,0.022100,0.000000,0.00
randomArrays.txt,1,454,0.203100,0.000000,0.00
randomArrays.txt,2,454,0.195900,0.000000,0.00
randomArrays.txt,3,454,0.214900,0.000000,0.00
randomArrays.txt,1,563,0.272600,0.000000,0.00
randomArrays.txt,2,563,0.261900,0.000000,0.00
randomArrays.txt,3,563,0.296100,0.000000,0.00
randomArrays.txt,1,226,0.049500,0.000000,0.00
randomArrays.txt,2,226,0.193900,0.000000,0.00
randomArrays.txt,3,226,0.051800,0.000000,0.00
randomArrays.txt,1,345,0.093700,0.000000,0.00
randomArrays.txt,2,345,0.112100,0.000000,0.00
randomArrays.txt,3,345,0.113800,0.000000,0.00
randomArrays.txt,1,514,0.267400,0.000000,0.00
randomArrays.txt,2,514,0.306700,0.000000,0.00
randomArrays.txt,3,514,0.257300,0.000000,0.00
randomArrays.txt,1,871,1.011500,0.000000,0.00
randomArrays.txt,2,871,0.619100,0.000000,0.00
randomArrays.txt,3,871,0.667000,0.000000,0.00
randomArrays.txt,1,397,0.141900,0.000000,0.00
randomArrays.txt,2,397,0.162300,0.000000,0.00
randomArrays.txt,3,397,0.155700,0.000000,0.00
randomArrays.txt,1,429,0.204000,0.000000,0.00
randomArrays.txt,2,429,0.241700,0.000000,0.00
randomArrays.txt,3,429,0.154400,0.000000,0.00
randomArrays.txt,1,421,0.193900,0.000000,0.00
randomArrays.txt,2,421,0.193500,0.000000,0.00
randomArrays.txt,3,421,0.193000,0.000000,0.00
randomArrays.txt,1,747,0.316000,0.000000,0.00
randomArrays.txt,2,747,0.441000,0.000000,0.00
randomArrays.txt,3,747,0.312100,0.000000,0.00
randomArrays.txt,1,19,0.002900,0.000000,0.00
randomArrays.txt,2,19,0.003600,0.000000,0.00
randomArrays.txt,3,19,0.003300,0.000000,0.00
randomArrays.txt,1,74,0.008700,0.000000,0.00
randomArrays.txt,2,74,0.011300,0.000000,0.00
randomArrays.txt,3,74,0.008200,0.000000,0.00
randomArrays.txt,1,259,0.052500,0.000000,0.00
randomArrays.txt,2,259,0.063400,0.000000,0.00
randomArrays.txt,3,259,0.070400,0.000000,0.00
randomArrays.txt,1,846,0.392700,0.000000,0.00
randomArrays.txt,2,846,0.390400,0.000000,0.00
randomArrays.txt,3,846,0.384900,0.000000,0.00
randomArrays.txt,1,789,0.544900,0.000000,0.00
randomArrays.txt,2,789,0.565500,0.000000,0.00
randomArrays.txt,3,789,0.469100,0.015625,0.00
randomArrays.txt,1,671,0.445400,0.000000,0.00
randomArrays.txt,2,671,0.442300,0.000000,0.00
randomArrays.txt,3,671,0.439800,0.000000,0.00
randomArrays.txt,1,368,0.104500,0.000000,0.00
randomArrays.txt,2,368,0.105500,0.000000,0.00
randomArrays.txt,3,368,0.102000,0.000000,0.00
randomArrays.txt,1,448,0.163100,0.000000,0.00
randomArrays.txt,2,448,0.164800,0.000000,0.00
randomArrays.txt,3,448,0.166300,0.000000,0.00
randomArrays.txt,1,237,0.054900,0.000000,0.00
randomArrays.txt,2,237,0.055200,0.000000,0.00
randomArrays.txt,3,237,0.055200,0.000000,0.00
randomArrays.txt,1,627,0.411200,0.000000,0.00
randomArrays.txt,2,627,0.491900,0.000000,0.00
randomArrays.txt,3,627,0.422900,0.000000,0.00
randomArrays.txt,1,584,0.337300,0.000000,0.00
randomArrays.txt,2,584,0.337700,0.000000,0.00
randomArrays.txt,3,584,0.296700,0.000000,0.00
randomArrays.txt,1,328,0.107100,0.000000,0.00
randomArrays.txt,2,328,0.107800,0.000000,0.00
randomArrays.txt,3,328,0.110700,0.000000,0.00
randomArrays.txt,1,606,0.224000,0.000000,0.00
randomArrays.txt,2,606,0.211200,0.000000,0.00
randomArrays.txt,3,606,0.234700,0.000000,0.00
randomArrays.txt,1,563,0.335400,0.000000,0.00
randomArrays.txt,2,563,0.245800,0.000000,0.00
randomArrays.txt,3,563,0.485200,0.000000,0.00
randomArrays.txt,1,774,0.329300,0.000000,0.00
randomArrays.txt,2,774,0.328500,0.000000,0.00
randomArrays.txt,3,774,0.310400,0.000000,0.00
randomArrays.txt,1,206,0.042700,0.000000,0.00
randomArrays.txt,2,206,0.044900,0.000000,0.00
randomArrays.txt,3,206,0.037000,0.000000,0.00
randomArrays.txt,1,37,0.004100,0.000000,0.00
randomArrays.txt,2,37,0.003500,0.000000,0.00
randomArrays.txt,3,37,0.003400,0.000000,0.00
randomArrays.txt,1,878,0.412400,0.000000,0.00
randomArrays.txt,2,878,0.396700,0.000000,0.00
randomArrays.txt,3,878,0.408900,0.000000,0.00
randomArrays.txt,1,284,0.071500,0.000000,0.00
randomArrays.txt,2,284,0.050100,0.000000,0.00
randomArrays.txt,3,284,0.076300,0.000000,0.00
randomArrays.txt,1,853,0.467500,0.000000,0.00
randomArrays.txt,2,853,0.603300,0.000000,0.00
randomArrays.txt,3,853,0.392700,0.000000,0.00
randomArrays.txt,1,247,0.058200,0.000000,0.00
randomArrays.txt,2,247,0.056300,0.000000,0.00
randomArrays.txt,3,247,0.073500,0.000000,0.00
randomArrays.txt,1,241,0.077800,0.000000,0.00
randomArrays.txt,2,241,0.078900,0.000000,0.00
randomArrays.txt,3,241,0.055300,0.000000,0.00
randomArrays.txt,1,348,0.122900,0.000000,0.00
randomArrays.txt,2,348,0.100200,0.000000,0.00
randomArrays.txt,3,348,0.098200,0.000000,0.00
randomArrays.txt,1,814,0.375000,0.000000,0.00
randomArrays.txt,2,814,0.370100,0.000000,0.00
randomArrays.txt,3,814,0.443000,0.000000,0.00
randomArrays.txt,1,245,0.057400,0.000000,0.00
randomArrays.txt,2,245,0.054900,0.000000,0.00
randomArrays.txt,3,245,0.057200,0.000000,0.00
randomArrays.txt,1,335,0.091200,0.000000,0.00
randomArrays.txt,2,335,0.098300,0.000000,0.00
randomArrays.txt,3,335,0.108200,0.000000,0.00
randomArrays.txt,1,497,0.226200,0.000000,0.00
randomArrays.txt,2,497,0.157200,0.000000,0.00
randomArrays.txt,3,497,0.203700,0.000000,0.00
randomArrays.txt,1,280,0.072500,0.000000,0.00
randomArrays.txt,2,280,0.077800,0.000000,0.00
randomArrays.txt,3,280,0.061600,0.000000,0.00
randomArrays.txt,1,664,1.882700,0.000000,0.00
randomArrays.txt,2,664,0.458600,0.000000,0.00
randomArrays.txt,3,664,0.372000,0.000000,0.00
randomArrays.txt,1,523,0.300000,0.000000,0.00
randomArrays.txt,2,523,5.181500,0.015625,0.00
randomArrays.txt,3,523,0.256700,0.000000,0.00
randomArrays.txt,1,841,0.599000,0.000000,0.00
randomArrays.txt,2,841,0.785700,0.000000,0.00
randomArrays.txt,3,841,0.710700,0.000000,0.00
randomArrays.txt,1,290,0.069900,0.000000,0.00
randomArrays.txt,2,290,0.077800,0.000000,0.00
randomArrays.txt,3,290,0.079600,0.000000,0.00
randomArrays.txt,1,158,0.023900,0.000000,0.00
randomArrays.txt,2,158,0.023100,0.000000,0.00
randomArrays.txt,3,158,0.024900,0.000000,0.00
randomArrays.txt,1,783,0.418700,0.000000,0.00
randomArrays.txt,2,783,0.514700,0.000000,0.00
randomArrays.txt,3,783,0.578500,0.000000,0.00
randomArrays.txt,1,638,0.362600,0.000000,0.00
randomArrays.txt,2,638,0.322500,0.000000,0.00
randomArrays.txt,3,638,0.320400,0.000000,0.00
randomArrays.txt,1,314,0.086600,0.000000,0.00
randomArrays.txt,2,314,0.085900,0.000000,0.00
randomArrays.txt,3,314,0.081700,0.000000,0.00
randomArrays.txt,1,484,0.231800,0.000000,0.00
randomArrays.txt,2,484,0.213400,0.000000,0.00
randomArrays.txt,3,484,0.205300,0.000000,0.00
randomArrays.txt,1,652,0.411900,0.000000,0.00
randomArrays.txt,2,652,0.392600,0.000000,0.00
randomArrays.txt,3,652,0.392600,0.000000,0.00
randomArrays.txt,1,543,0.280800,0.000000,0.00
randomArrays.txt,2,543,0.286600,0.000000,0.00
randomArrays.txt,3,543,0.268500,0.000000,0.00
randomArrays.txt,1,487,0.204600,0.000000,0.00
randomArrays.txt,2,487,0.213200,0.000000,0.00
randomArrays.txt,3,487,0.159300,0.000000,0.00
randomArrays.txt,1,686,0.439900,0.000000,0.00
randomArrays.txt,2,686,0.345000,0.000000,0.00
randomArrays.txt,3,686,0.287300,0.000000,0.00
randomArrays.txt,1,183,0.033300,0.000000,0.00
randomArrays.txt,2,183,0.033200,0.000000,0.00
randomArrays.txt,3,183,0.032300,0.000000,0.00
randomArrays.txt,1,572,0.205800,0.000000,0.00
randomArrays.txt,2,572,0.260600,0.000000,0.00
randomArrays.txt,3,572,0.359800,0.000000,0.00
randomArrays.txt,1,747,0.341600,0.000000,0.00
randomArrays.txt,2,747,0.448400,0.000000,0.00
randomArrays.txt,3,747,0.386700,0.000000,0.00
randomArrays.txt,1,780,0.375200,0.000000,0.00
randomArrays.txt,2,780,0.510200,0.000000,0.00
randomArrays.txt,3,780,0.424500,0.000000,0.00
randomArrays.txt,1,828,0.527200,0.000000,0.00
randomArrays.txt,2,828,0.767900,0.000000,0.00
randomArrays.txt,3,828,0.526400,0.015625,0.00
randomArrays.txt,1,591,0.322400,0.000000,0.00
randomArrays.txt,2,591,0.303700,0.000000,0.00
randomArrays.txt,3,591,0.300800,0.000000,0.00
randomArrays.txt,1,415,0.158600,0.000000,0.00
randomArrays.txt,2,415,0.152300,0.000000,0.00
randomArrays.txt,3,415,0.156600,0.000000,0.00
randomArrays.txt,1,648,0.430100,0.000000,0.00
randomArrays.txt,2,648,0.416900,0.000000,0.00
randomArrays.txt,3,648,0.321200,0.000000,0.00
randomArrays.txt,1,204,0.039200,0.000000,0.00
randomArrays.txt,2,204,0.047000,0.000000,0.00
randomArrays.txt,3,204,0.036300,0.000000,0.00
randomArrays.txt,1,510,0.194400,0.000000,0.00
randomArrays.txt,2,510,0.227200,0.000000,0.00
randomArrays.txt,3,510,0.173800,0.000000,0.00
randomArrays.txt,1,422,0.173500,0.000000,0.00
randomArrays.txt,2,422,0.162500,0.000000,0.00
randomArrays.txt,3,422,0.169000,0.000000,0.00
randomArrays.txt,1,541,0.281400,0.000000,0.00
randomArrays.txt,2,541,0.267700,0.000000,0.00
randomArrays.txt,3,541,0.261400,0.000000,0.00
randomArrays.txt,1,875,0.661300,0.000000,0.00
randomArrays.txt,2,875,4.375500,0.000000,0.00
randomArrays.txt,3,875,0.685700,0.000000,0.00
randomArrays.txt,1,742,25.371700,0.000000,0.00
randomArrays.txt,2,742,0.826600,0.000000,0.00
randomArrays.txt,3,742,0.846100,0.000000,0.00
randomArrays.txt,1,384,0.148600,0.000000,0.00
randomArrays.txt,2,384,0.148200,0.000000,0.00
randomArrays.txt,3,384,0.134500,0.000000,0.00
randomArrays.txt,1,266,0.067900,0.000000,0.00
randomArrays.txt,2,266,0.066300,0.000000,0.00
randomArrays.txt,3,266,0.066600,0.000000,0.00
randomArrays.txt,1,137,0.025400,0.000000,0.00
randomArrays.txt,2,137,0.023700,0.000000,0.00
randomArrays.txt,3,137,0.022600,0.000000,0.00
randomArrays.txt,1,685,0.404200,0.000000,0.00
randomArrays.txt,2,685,0.409600,0.000000,0.00
randomArrays.txt,3,685,0.480700,0.000000,0.00
randomArrays.txt,1,665,0.465700,0.000000,0.00
randomArrays.txt,2,665,0.464600,0.000000,0.00
randomArrays.txt,3,665,0.963500,0.000000,0.00
randomArrays.txt,1,319,0.096300,0.000000,0.00
randomArrays.txt,2,319,0.097800,0.000000,0.00
randomArrays.txt,3,319,0.101300,0.000000,0.00
randomArrays.txt,1,808,0.597700,0.000000,0.00
randomArrays.txt,2,808,0.658800,0.000000,0.00
randomArrays.txt,3,808,4.119100,0.000000,0.00
randomArrays.txt,1,143,0.025400,0.000000,0.00
randomArrays.txt,2,143,0.025900,0.000000,0.00
randomArrays.txt,3,143,0.021500,0.000000,0.00
randomArrays.txt,1,147,0.023400,0.000000,0.00
randomArrays.txt,2,147,0.025700,0.000000,0.00
randomArrays.txt,3,147,0.026000,0.000000,0.00
randomArrays.txt,1,425,0.168400,0.000000,0.00
randomArrays.txt,2,425,0.515900,0.000000,0.00
randomArrays.txt,3,425,0.129700,0.000000,0.00
randomArrays.txt,1,736,0.492700,0.000000,0.00
randomArrays.txt,2,736,0.461000,0.000000,0.00
randomArrays.txt,3,736,0.467600,0.000000,0.00
randomArrays.txt,1,65,0.007600,0.000000,0.00
randomArrays.txt,2,65,0.007800,0.000000,0.00
randomArrays.txt,3,65,0.007700,0.000000,0.00
randomArrays.txt,1,305,0.095500,0.000000,0.00
randomArrays.txt,2,305,0.093700,0.000000,0.00
randomArrays.txt,3,305,0.086800,0.000000,0.00
randomArrays.txt,1,194,0.039600,0.000000,0.00
randomArrays.txt,2,194,0.035200,0.000000,0.00
randomArrays.txt,3,194,0.039400,0.000000,0.00
randomArrays.txt,1,545,0.221000,0.000000,0.00
randomArrays.txt,2,545,0.217700,0.000000,0.00
randomArrays.txt,3,545,0.250000,0.000000,0.00
randomArrays.txt,1,49,0.005200,0.000000,0.00
randomArrays.txt,2,49,0.004400,0.000000,0.00
randomArrays.txt,3,49,0.004500,0.000000,0.00
randomArrays.txt,1,731,0.495900,0.000000,0.00
randomArrays.txt,2,731,0.504000,0.000000,0.00
randomArrays.txt,3,731,0.504000,0.000000,0.00
randomArrays.txt,1,712,0.307300,0.000000,0.00
randomArrays.txt,2,712,0.309400,0.000000,0.00
randomArrays.txt,3,712,0.412000,0.000000,0.00
randomArrays.txt,1,732,0.487400,0.000000,0.00
randomArrays.txt,2,732,0.492500,0.000000,0.00
randomArrays.txt,3,732,0.348700,0.000000,0.00
randomArrays.txt,1,57,0.006900,0.000000,0.00
randomArrays.txt,2,57,0.006700,0.000000,0.00
randomArrays.txt,3,57,0.006000,0.000000,0.00
randomArrays.txt,1,345,0.104100,0.000000,0.00
randomArrays.txt,2,345,0.163600,0.000000,0.00
randomArrays.txt,3,345,0.122500,0.000000,0.00
randomArrays.txt,1,152,0.029000,0.000000,0.00
randomArrays.txt,2,152,0.026800,0.000000,0.00
randomArrays.txt,3,152,0.026100,0.000000,0.00
randomArrays.txt,1,544,0.285200,0.000000,0.00
randomArrays.txt,2,544,0.223100,0.000000,0.00
randomArrays.txt,3,544,0.253000,0.000000,0.00
randomArrays.txt,1,870,0.607100,0.015625,0.00
randomArrays.txt,2,870,0.666800,0.000000,0.00
randomArrays.txt,3,870,0.644700,0.000000,0.00
randomArrays.txt,1,557,0.257900,0.000000,0.00
randomArrays.txt,2,557,0.270500,0.000000,0.00
randomArrays.txt,3,557,0.269900,0.000000,0.00
randomArrays.txt,1,168,0.027200,0.000000,0.00
randomArrays.txt,2,168,0.027200,0.000000,0.00
randomArrays.txt,3,168,0.031300,0.000000,0.00
randomArrays.txt,1,373,0.146200,0.000000,0.00
randomArrays.txt,2,373,0.140100,0.000000,0.00
randomArrays.txt,3,373,0.148000,0.000000,0.00
randomArrays.txt,1,416,0.154800,0.000000,0.00
randomArrays.txt,2,416,0.178200,0.000000,0.00
randomArrays.txt,3,416,0.203700,0.000000,0.00
randomArrays.txt,1,363,0.128500,0.000000,0.00
randomArrays.txt,2,363,0.125800,0.000000,0.00
randomArrays.txt,3,363,0.124900,0.000000,0.00
randomArrays.txt,1,626,0.368000,0.000000,0.00
randomArrays.txt,2,626,0.368500,0.000000,0.00
randomArrays.txt,3,626,0.376900,0.000000,0.00
randomArrays.txt,1,193,0.038600,0.000000,0.00
randomArrays.txt,2,193,0.039200,0.000000,0.00
randomArrays.txt,3,193,0.037200,0.000000,0.00
randomArrays.txt,1,361,0.141700,0.000000,0.00
randomArrays.txt,2,361,0.134700,0.000000,0.00
randomArrays.txt,3,361,0.136900,0.000000,0.00
randomArrays.txt,1,195,0.039200,0.000000,0.00
randomArrays.txt,2,195,0.038600,0.000000,0.00
randomArrays.txt,3,195,0.038100,0.000000,0.00
randomArrays.txt,1,105,0.013700,0.000000,0.00
randomArrays.txt,2,105,0.013500,0.000000,0.00
randomArrays.txt,3,105,0.012500,0.000000,0.00
randomArrays.txt,1,750,0.716400,0.000000,0.00
randomArrays.txt,2,750,0.552200,0.000000,0.00
randomArrays.txt,3,750,0.548600,0.000000,0.00
randomArrays.txt,1,565,0.179200,0.000000,0.00
randomArrays.txt,2,565,0.203200,0.000000,0.00
randomArrays.txt,3,565,0.201600,0.000000,0.00
randomArrays.txt,1,538,0.195500,0.000000,0.00
randomArrays.txt,2,538,0.194000,0.000000,0.00
randomArrays.txt,3,538,0.198600,0.000000,0.00
randomArrays.txt,1,488,0.171000,0.000000,0.00
randomArrays.txt,2,488,0.161600,0.000000,0.00
randomArrays.txt,3,488,0.174400,0.000000,0.00
randomArrays.txt,1,30,0.002900,0.000000,0.00
randomArrays.txt,2,30,0.002600,0.000000,0.00
randomArrays.txt,3,30,0.002500,0.000000,0.00
randomArrays.txt,1,554,0.295200,0.000000,0.00
randomArrays.txt,2,554,0.187900,0.000000,0.00
randomArrays.txt,3,554,0.190400,0.000000,0.00
randomArrays.txt,1,407,0.124100,0.000000,0.00
randomArrays.txt,2,407,0.144700,0.000000,0.00
randomArrays.txt,3,407,0.130700,0.000000,0.00
randomArrays.txt,1,137,0.019300,0.000000,0.00
randomArrays.txt,2,137,0.019000,0.000000,0.00
randomArrays.txt,3,137,0.018800,0.000000,0.00
randomArrays.txt,1,101,0.012200,0.000000,0.00
randomArrays.txt,2,101,0.012300,0.000000,0.00
randomArrays.txt,3,101,0.012500,0.000000,0.00
randomArrays.txt,1,633,0.217500,0.000000,0.00
randomArrays.txt,2,633,0.217700,0.000000,0.00
randomArrays.txt,3,633,0.241800,0.000000,0.00
randomArrays.txt,1,44,0.005100,0.000000,0.00
randomArrays.txt,2,44,0.004800,0.000000,0.00
randomArrays.txt,3,44,0.004300,0.000000,0.00
randomArrays.txt,1,738,0.280500,0.000000,0.00
randomArrays.txt,2,738,0.302100,0.000000,0.00
randomArrays.txt,3,738,0.310500,0.000000,0.00
randomArrays.txt,1,763,0.424100,0.000000,0.00
randomArrays.txt,2,763,0.380900,0.000000,0.00
randomArrays.txt,3,763,0.339100,0.000000,0.00
randomArrays.txt,1,319,0.085500,0.000000,0.00
randomArrays.txt,2,319,0.080500,0.000000,0.00
randomArrays.txt,3,319,0.086700,0.000000,0.00
randomArrays.txt,1,682,0.476900,0.000000,0.00
randomArrays.txt,2,682,0.415700,0.000000,0.00
randomArrays.txt,3,682,0.412600,0.000000,0.00
randomArrays.txt,1,820,0.644100,0.000000,0.00
randomArrays.txt,2,820,1.924400,0.000000,0.00
randomArrays.txt,3,820,0.526800,0.000000,0.00
randomArrays.txt,1,896,0.733000,0.000000,0.00
randomArrays.txt,2,896,0.739900,0.000000,0.00
randomArrays.txt,3,896,0.730000,0.000000,0.00
randomArrays.txt,1,712,0.476000,0.000000,0.00
randomArrays.txt,2,712,0.287100,0.000000,0.00
randomArrays.txt,3,712,0.438400,0.000000,0.00
randomArrays.txt,1,554,0.299900,0.000000,0.00
randomArrays.txt,2,554,0.293800,0.000000,0.00
randomArrays.txt,3,554,0.265100,0.000000,0.00
randomArrays.txt,1,787,0.537300,0.000000,0.00
randomArrays.txt,2,787,0.475400,0.000000,0.00
randomArrays.txt,3,787,0.495300,0.000000,0.00
randomArrays.txt,1,255,0.061800,0.000000,0.00
randomArrays.txt,2,255,0.061700,0.000000,0.00
randomArrays.txt,3,255,0.058500,0.000000,0.00
randomArrays.txt,1,135,0.018700,0.000000,0.00
randomArrays.txt,2,135,0.068400,0.000000,0.00
randomArrays.txt,3,135,0.020500,0.000000,0.00
randomArrays.txt,1,546,0.241000,0.000000,0.00
randomArrays.txt,2,546,0.237600,0.000000,0.00
randomArrays.txt,3,546,0.224300,0.000000,0.00
randomArrays.txt,1,643,0.449200,0.000000,0.00
randomArrays.txt,2,643,0.317800,0.000000,0.00
randomArrays.txt,3,643,0.289600,0.000000,0.00
randomArrays.txt,1,197,0.039800,0.000000,0.00
randomArrays.txt,2,197,0.037800,0.000000,0.00
randomArrays.txt,3,197,0.034600,0.000000,0.00
randomArrays.txt,1,643,0.387700,0.000000,0.00
randomArrays.txt,2,643,0.335300,0.000000,0.00
randomArrays.txt,3,643,0.328700,0.000000,0.00
randomArrays.txt,1,858,0.650900,0.015625,0.00
randomArrays.txt,2,858,0.756600,0.000000,0.00
randomArrays.txt,3,858,0.647100,0.000000,0.00
randomArrays.txt,1,134,0.019400,0.000000,0.00
randomArrays.txt,2,134,0.021100,0.000000,0.00
randomArrays.txt,3,134,0.020600,0.000000,0.00
randomArrays.txt,1,133,0.019100,0.000000,0.00
randomArrays.txt,2,133,0.018600,0.000000,0.00
randomArrays.txt,3,133,0.018500,0.000000,0.00
randomArrays.txt,1,317,0.091000,0.000000,0.00
randomArrays.txt,2,317,0.090200,0.000000,0.00
randomArrays.txt,3,317,0.089000,0.000000,0.00
randomArrays.txt,1,312,0.086200,0.000000,0.00
randomArrays.txt,2,312,0.088300,0.000000,0.00
randomArrays.txt,3,312,0.085000,0.000000,0.00
randomArrays.txt,1,160,0.029200,0.000000,0.00
randomArrays.txt,2,160,0.027400,0.000000,0.00
randomArrays.txt,3,160,0.030400,0.000000,0.00
randomArrays.txt,1,838,0.371200,0.000000,0.00
randomArrays.txt,2,838,0.407900,0.000000,0.00
randomArrays.txt,3,838,0.580600,0.000000,0.00
randomArrays.txt,1,316,0.083300,0.000000,0.00
randomArrays.txt,2,316,0.083500,0.000000,0.00
randomArrays.txt,3,316,0.083800,0.000000,0.00
randomArrays.txt,1,111,0.013900,0.000000,0.00
randomArrays.txt,2,111,0.014100,0.000000,0.00
randomArrays.txt,3,111,0.014200,0.000000,0.00
randomArrays.txt,1,530,0.173100,0.000000,0.00
randomArrays.txt,2,530,0.183200,0.000000,0.00
randomArrays.txt,3,530,0.175900,0.000000,0.00
randomArrays.txt,1,827,0.353800,0.000000,0.00
randomArrays.txt,2,827,0.384300,0.000000,0.00
randomArrays.txt,3,827,0.381000,0.000000,0.00
randomArrays.txt,1,348,0.110600,0.000000,0.00
randomArrays.txt,2,348,0.105700,0.000000,0.00
randomArrays.txt,3,348,0.108800,0.000000,0.00
randomArrays.txt,1,652,0.308300,0.000000,0.00
randomArrays.txt,2,652,0.338400,0.000000,0.00
randomArrays.txt,3,652,0.345400,0.000000,0.00
randomArrays.txt,1,339,0.095900,0.000000,0.00
randomArrays.txt,2,339,0.095500,0.000000,0.00
randomArrays.txt,3,339,0.109200,0.000000,0.00
randomArrays.txt,1,655,0.356800,0.000000,0.00
randomArrays.txt,2,655,0.553800,0.000000,0.00
randomArrays.txt,3,655,0.566800,0.000000,0.00
randomArrays.txt,1,899,0.469000,0.000000,0.00
randomArrays.txt,2,899,0.511400,0.000000,0.00
randomArrays.txt,3,899,0.458900,0.000000,0.00
randomArrays.txt,1,377,0.136300,0.000000,0.00
randomArrays.txt,2,377,0.116400,0.000000,0.00
randomArrays.txt,3,377,0.106800,0.000000,0.00
randomArrays.txt,1,793,0.442800,0.000000,0.00
randomArrays.txt,2,793,0.570600,0.000000,0.00
randomArrays.txt,3,793,0.345700,0.000000,0.00
randomArrays.txt,1,12,0.001900,0.000000,0.00
randomArrays.txt,2,12,0.001300,0.000000,0.00
randomArrays.txt,3,12,0.001300,0.000000,0.00
randomArrays.txt,1,236,0.054500,0.000000,0.00
randomArrays.txt,2,236,0.053500,0.000000,0.00
randomArrays.txt,3,236,0.052800,0.000000,0.00
randomArrays.txt,1,851,0.637000,0.000000,0.00
randomArrays.txt,2,851,0.625000,0.000000,0.00
randomArrays.txt,3,851,0.629800,0.000000,0.00
randomArrays.txt,1,462,0.180300,0.000000,0.00
randomArrays.txt,2,462,0.181700,0.000000,0.00
randomArrays.txt,3,462,0.207600,0.000000,0.00
randomArrays.txt,1,49,0.005300,0.000000,0.00
randomArrays.txt,2,49,0.006300,0.000000,0.00
randomArrays.txt,3,49,0.004900,0.000000,0.00
randomArrays.txt,1,649,0.391200,0.000000,0.00
randomArrays.txt,2,649,0.365200,0.000000,0.00
randomArrays.txt,3,649,0.368900,0.000000,0.00
randomArrays.txt,1,299,0.095400,0.000000,0.00
randomArrays.txt,2,299,0.095100,0.000000,0.00
randomArrays.txt,3,299,0.103900,0.000000,0.00
randomArrays.txt,1,796,0.571900,0.000000,0.00
randomArrays.txt,2,796,0.525200,0.000000,0.00
randomArrays.txt,3,796,0.613800,0.000000,0.00
randomArrays.txt,1,227,0.045500,0.000000,0.00
randomArrays.txt,2,227,0.057500,0.000000,0.00
randomArrays.txt,3,227,0.051300,0.000000,0.00
randomArrays.txt,1,166,0.034300,0.000000,0.00
randomArrays.txt,2,166,0.030700,0.000000,0.00
randomArrays.txt,3,166,0.030900,0.000000,0.00
randomArrays.txt,1,277,0.080200,0.000000,0.00
randomArrays.txt,2,277,0.076800,0.000000,0.00
randomArrays.txt,3,277,0.075700,0.000000,0.00
randomArrays.txt,1,179,0.036300,0.000000,0.00
randomArrays.txt,2,179,0.033300,0.000000,0.00
randomArrays.txt,3,179,0.031300,0.000000,0.00
randomArrays.txt,1,809,0.637200,0.000000,0.00
randomArrays.txt,2,809,0.654400,0.000000,0.00
randomArrays.txt,3,809,0.624900,0.000000,0.00
randomArrays.txt,1,232,0.052600,0.000000,0.00
randomArrays.txt,2,232,0.054400,0.000000,0.00
randomArrays.txt,3,232,0.045600,0.000000,0.00
randomArrays.txt,1,247,0.059000,0.000000,0.00
randomArrays.txt,2,247,0.064200,0.015625,0.00
randomArrays.txt,3,247,0.061600,0.000000,0.00
randomArrays.txt,1,99,0.014000,0.000000,0.00
randomArrays.txt,2,99,0.012600,0.000000,0.00
randomArrays.txt,3,99,0.012100,0.000000,0.00
randomArrays.txt,1,649,0.360900,0.015625,0.00
randomArrays.txt,2,649,0.381900,0.000000,0.00
randomArrays.txt,3,649,0.372700,0.000000,0.00
randomArrays.txt,1,15,0.001700,0.000000,0.00
randomArrays.txt,2,15,0.001400,0.000000,0.00
randomArrays.txt,3,15,0.001600,0.000000,0.00
randomArrays.txt,1,646,0.436300,0.000000,0.00
randomArrays.txt,2,646,0.362800,0.000000,0.00
randomArrays.txt,3,646,0.356600,0.000000,0.00
randomArrays.txt,1,463,0.200200,0.000000,0.00
randomArrays.txt,2,463,0.213700,0.000000,0.00
randomArrays.txt,3,463,0.199700,0.000000,0.00
randomArrays.txt,1,587,0.310400,0.000000,0.00
randomArrays.txt,2,587,0.278200,0.000000,0.00
randomArrays.txt,3,587,1.771500,0.000000,0.00
randomArrays.txt,1,898,0.894000,0.000000,0.00
randomArrays.txt,2,898,0.732100,0.000000,0.00
randomArrays.txt,3,898,0.762400,0.000000,0.00
randomArrays.txt,1,643,0.325600,0.000000,0.00
randomArrays.txt,2,643,0.319400,0.000000,0.00
randomArrays.txt,3,643,0.331800,0.000000,0.00
randomArrays.txt,1,840,0.608200,0.000000,0.00
randomArrays.txt,2,840,0.616900,0.000000,0.00
randomArrays.txt,3,840,0.582800,0.000000,0.00
randomArrays.txt,1,708,0.439200,0.000000,0.00
randomArrays.txt,2,708,0.588500,0.000000,0.00
randomArrays.txt,3,708,0.412600,0.000000,0.00
randomArrays.txt,1,214,0.045100,0.000000,0.00
randomArrays.txt,2,214,0.046200,0.000000,0.00
randomArrays.txt,3,214,0.054200,0.000000,0.00
randomArrays.txt,1,565,0.273900,0.000000,0.00
randomArrays.txt,2,565,0.253400,0.000000,0.00
randomArrays.txt,3,565,0.293300,0.000000,0.00
randomArrays.txt,1,157,0.028600,0.000000,0.00
randomArrays.txt,2,157,0.027100,0.000000,0.00
randomArrays.txt,3,157,0.031100,0.000000,0.00
randomArrays.txt,1,265,0.078100,0.000000,0.00
randomArrays.txt,2,265,0.076200,0.000000,0.00
randomArrays.txt,3,265,0.077600,0.000000,0.00
randomArrays.txt,1,171,0.030800,0.000000,0.00
randomArrays.txt,2,171,0.031200,0.000000,0.00
randomArrays.txt,3,171,0.031500,0.000000,0.00
randomArrays.txt,1,136,0.023100,0.000000,0.00
randomArrays.txt,2,136,0.019600,0.000000,0.00
randomArrays.txt,3,136,0.022200,0.000000,0.00
randomArrays.txt,1,290,0.090600,0.000000,0.00
randomArrays.txt,2,290,0.081700,0.000000,0.00
randomArrays.txt,3,290,0.080000,0.000000,0.00
randomArrays.txt,1,96,0.023800,0.000000,0.00
randomArrays.txt,2,96,0.012200,0.000000,0.00
randomArrays.txt,3,96,0.011800,0.000000,0.00
randomArrays.txt,1,11,0.000800,0.000000,0.00
randomArrays.txt,2,11,0.000600,0.000000,0.00
randomArrays.txt,3,11,0.000600,0.000000,0.00
randomArrays.txt,1,311,0.101400,0.000000,0.00
randomArrays.txt,2,311,0.097800,0.000000,0.00
randomArrays.txt,3,311,0.095300,0.000000,0.00
randomArrays.txt,1,566,0.326900,0.000000,0.00
randomArrays.txt,2,566,0.345100,0.000000,0.00
randomArrays.txt,3,566,0.310800,0.000000,0.00
randomArrays.txt,1,328,0.105000,0.000000,0.00
randomArrays.txt,2,328,0.093600,0.000000,0.00
randomArrays.txt,3,328,0.100000,0.000000,0.00
randomArrays.txt,1,358,0.110400,0.000000,0.00
randomArrays.txt,2,358,0.124300,0.000000,0.00
randomArrays.txt,3,358,0.120700,0.000000,0.00
randomArrays.txt,1,674,0.519900,0.000000,0.00
randomArrays.txt,2,674,0.449500,0.000000,0.00
randomArrays.txt,3,674,0.459400,0.000000,0.00
randomArrays.txt,1,490,0.236200,0.000000,0.00
randomArrays.txt,2,490,0.235800,0.000000,0.00
randomArrays.txt,3,490,0.230500,0.000000,0.00
randomArrays.txt,1,36,0.002600,0.000000,0.00
randomArrays.txt,2,36,0.002400,0.000000,0.00
randomArrays.txt,3,36,0.002200,0.000000,0.00
randomArrays.txt,1,408,0.139600,0.000000,0.00
randomArrays.txt,2,408,0.179400,0.000000,0.00
randomArrays.txt,3,408,0.157000,0.000000,0.00
randomArrays.txt,1,49,0.003800,0.000000,0.00
randomArrays.txt,2,49,0.003400,0.000000,0.00
randomArrays.txt,3,49,0.003100,0.000000,0.00
randomArrays.txt,1,581,0.202800,0.000000,0.00
randomArrays.txt,2,581,0.316600,0.000000,0.00
randomArrays.txt,3,581,0.327700,0.000000,0.00
randomArrays.txt,1,879,0.726100,0.000000,0.00
randomArrays.txt,2,879,0.719700,0.000000,0.00
randomArrays.txt,3,879,0.608100,0.000000,0.00
randomArrays.txt,1,61,0.005900,0.000000,0.00
randomArrays.txt,2,61,0.005800,0.000000,0.00
randomArrays.txt,3,61,0.005700,0.000000,0.00
randomArrays.txt,1,656,0.424800,0.000000,0.00
randomArrays.txt,2,656,0.346800,0.000000,0.00
randomArrays.txt,3,656,0.343100,0.000000,0.00
randomArrays.txt,1,411,0.131700,0.000000,0.00
randomArrays.txt,2,411,0.139700,0.000000,0.00
randomArrays.txt,3,411,0.143700,0.000000,0.00
randomArrays.txt,1,361,0.122300,0.000000,0.00
randomArrays.txt,2,361,0.114100,0.000000,0.00
randomArrays.txt,3,361,0.141900,0.000000,0.00
randomArrays.txt,1,416,0.159500,0.000000,0.00
randomArrays.txt,2,416,0.168700,0.000000,0.00
randomArrays.txt,3,416,0.181000,0.015625,0.00
randomArrays.txt,1,92,0.010000,0.000000,0.00
randomArrays.txt,2,92,0.009400,0.000000,0.00
randomArrays.txt,3,92,0.010000,0.000000,0.00
randomArrays.txt,1,429,0.132100,0.000000,0.00
randomArrays.txt,2,429,0.139700,0.000000,0.00
randomArrays.txt,3,429,0.132400,0.000000,0.00
randomArrays.txt,1,658,0.438500,0.015625,0.00
randomArrays.txt,2,658,0.450100,0.000000,0.00
randomArrays.txt,3,658,0.439600,0.000000,0.00
randomArrays.txt,1,877,0.448900,0.000000,0.00
randomArrays.txt,2,877,0.448500,0.000000,0.00
randomArrays.txt,3,877,0.450100,0.000000,0.00
randomArrays.txt,1,780,0.371500,0.000000,0.00
randomArrays.txt,2,780,0.373800,0.000000,0.00
randomArrays.txt,3,780,0.554200,0.000000,0.00
randomArrays.txt,1,669,0.422300,0.000000,0.00
randomArrays.txt,2,669,0.435300,0.000000,0.00
randomArrays.txt,3,669,0.435000,0.000000,0.00
randomArrays.txt,1,394,0.138500,0.000000,0.00
randomArrays.txt,2,394,0.154100,0.000000,0.00
randomArrays.txt,3,394,0.134300,0.000000,0.00
randomArrays.txt,1,892,0.734800,0.000000,0.00
randomArrays.txt,2,892,0.732700,0.000000,0.00
randomArrays.txt,3,892,0.764400,0.000000,0.00
randomArrays.txt,1,180,0.034600,0.000000,0.00
randomArrays.txt,2,180,0.034700,0.000000,0.00
randomArrays.txt,3,180,0.030100,0.000000,0.00
randomArrays.txt,1,829,0.553900,0.000000,0.00
randomArrays.txt,2,829,1.905800,0.000000,0.00
randomArrays.txt,3,829,0.532700,0.000000,0.00
randomArrays.txt,1,255,0.060900,0.000000,0.00
randomArrays.txt,2,255,0.060900,0.000000,0.00
randomArrays.txt,3,255,0.059100,0.000000,0.00
randomArrays.txt,1,374,0.114500,0.000000,0.00
randomArrays.txt,2,374,0.121300,0.000000,0.00
randomArrays.txt,3,374,0.114900,0.015625,0.00
randomArrays.txt,1,37,0.002800,0.000000,0.00
randomArrays.txt,2,37,0.002900,0.000000,0.00
randomArrays.txt,3,37,0.002600,0.000000,0.00
randomArrays.txt,1,850,0.706300,0.000000,0.00
randomArrays.txt,2,850,0.476100,0.000000,0.00
randomArrays.txt,3,850,0.425500,0.000000,0.00
randomArrays.txt,1,419,0.128600,0.000000,0.00
randomArrays.txt,2,419,0.135700,0.000000,0.00
randomArrays.txt,3,419,0.140400,0.000000,0.00
randomArrays.txt,1,720,0.302100,0.000000,0.00
randomArrays.txt,2,720,0.286300,0.000000,0.00
randomArrays.txt,3,720,0.316000,0.000000,0.00
randomArrays.txt,1,378,0.158100,0.000000,0.00
randomArrays.txt,2,378,0.156700,0.000000,0.00
randomArrays.txt,3,378,0.150200,0.000000,0.00
randomArrays.txt,1,815,0.388000,0.000000,0.00
randomArrays.txt,2,815,0.359200,0.000000,0.00
randomArrays.txt,3,815,0.383700,0.000000,0.00
randomArrays.txt,1,566,0.203000,0.000000,0.00
randomArrays.txt,2,566,0.197400,0.000000,0.00
randomArrays.txt,3,566,0.175300,0.000000,0.00
randomArrays.txt,1,623,0.221700,0.000000,0.00
randomArrays.txt,2,623,0.223600,0.000000,0.00
randomArrays.txt,3,623,0.228000,0.000000,0.00
randomArrays.txt,1,597,0.209500,0.000000,0.00
randomArrays.txt,2,597,0.214800,0.000000,0.00
randomArrays.txt,3,597,0.214800,0.000000,0.00
randomArrays.txt,1,148,0.022000,0.000000,0.00
randomArrays.txt,2,148,0.021200,0.000000,0.00
randomArrays.txt,3,148,0.021100,0.000000,0.00
randomArrays.txt,1,580,0.333100,0.000000,0.00
randomArrays.txt,2,580,0.335700,0.000000,0.00
randomArrays.txt,3,580,0.218300,0.000000,0.00
randomArrays.txt,1,244,0.050500,0.000000,0.00
randomArrays.txt,2,244,0.144200,0.000000,0.00
randomArrays.txt,3,244,0.049500,0.000000,0.00
randomArrays.txt,1,703,0.464700,0.000000,0.00
randomArrays.txt,2,703,0.466000,0.000000,0.00
randomArrays.txt,3,703,0.462100,0.000000,0.00
randomArrays.txt,1,743,0.598000,0.000000,0.00
randomArrays.txt,2,743,0.474900,0.000000,0.00
randomArrays.txt,3,743,0.540200,0.000000,0.00
randomArrays.txt,1,284,0.073100,0.000000,0.00
randomArrays.txt,2,284,0.072100,0.000000,0.00
randomArrays.txt,3,284,0.071800,0.000000,0.00
randomArrays.txt,1,35,0.002900,0.000000,0.00
randomArrays.txt,2,35,0.002600,0.000000,0.00
randomArrays.txt,3,35,0.002200,0.000000,0.00
randomArrays.txt,1,39,0.003100,0.000000,0.00
randomArrays.txt,2,39,0.002800,0.000000,0.00
randomArrays.txt,3,39,0.002800,0.000000,0.00
randomArrays.txt,1,276,0.061000,0.000000,0.00
randomArrays.txt,2,276,0.066300,0.000000,0.00
randomArrays.txt,3,276,0.067400,0.000000,0.00
randomArrays.txt,1,494,0.156800,0.000000,0.00
randomArrays.txt,2,494,0.161500,0.000000,0.00
randomArrays.txt,3,494,0.157500,0.000000,0.00
randomArrays.txt,1,547,0.196600,0.000000,0.00
randomArrays.txt,2,547,0.190700,0.000000,0.00
randomArrays.txt,3,547,0.194500,0.000000,0.00
randomArrays.txt,1,837,0.537100,0.000000,0.00
randomArrays.txt,2,837,0.403500,0.000000,0.00
randomArrays.txt,3,837,0.372400,0.000000,0.00
randomArrays.txt,1,183,0.034100,0.000000,0.00
randomArrays.txt,2,183,0.036300,0.000000,0.00
randomArrays.txt,3,183,0.036800,0.000000,0.00
randomArrays.txt,1,360,0.114600,0.000000,0.00
randomArrays.txt,2,360,0.152400,0.000000,0.00
randomArrays.txt,3,360,0.134300,0.000000,0.00
randomArrays.txt,1,627,0.246700,0.000000,0.00
randomArrays.txt,2,627,0.246500,0.000000,0.00
randomArrays.txt,3,627,0.250100,0.000000,0.00
randomArrays.txt,1,833,0.892800,0.000000,0.00
randomArrays.txt,2,833,0.620500,0.000000,0.00
randomArrays.txt,3,833,0.618900,0.015625,0.00
randomArrays.txt,1,491,0.215400,0.000000,0.00
randomArrays.txt,2,491,0.194800,0.000000,0.00
randomArrays.txt,3,491,0.200200,0.000000,0.00
randomArrays.txt,1,623,0.356800,0.000000,0.00
randomArrays.txt,2,623,0.340100,0.000000,0.00
randomArrays.txt,3,623,0.362000,0.000000,0.00
randomArrays.txt,1,850,0.683900,0.000000,0.00
randomArrays.txt,2,850,0.691100,0.000000,0.00
randomArrays.txt,3,850,0.710800,0.000000,0.00
randomArrays.txt,1,35,0.002600,0.000000,0.00
randomArrays.txt,2,35,0.002300,0.000000,0.00
randomArrays.txt,3,35,0.002300,0.000000,0.00
randomArrays.txt,1,584,0.268900,0.000000,0.00
randomArrays.txt,2,584,0.326500,0.000000,0.00
randomArrays.txt,3,584,0.217900,0.000000,0.00
randomArrays.txt,1,34,0.002600,0.000000,0.00
randomArrays.txt,2,34,0.005000,0.000000,0.00
randomArrays.txt,3,34,0.005300,0.000000,0.00
randomArrays.txt,1,335,0.087300,0.000000,0.00
randomArrays.txt,2,335,0.087200,0.000000,0.00
randomArrays.txt,3,335,0.085900,0.000000,0.00
randomArrays.txt,1,145,0.023800,0.000000,0.00
randomArrays.txt,2,145,0.025900,0.000000,0.00
randomArrays.txt,3,145,0.025900,0.000000,0.00
randomArrays.txt,1,61,0.005400,0.000000,0.00
randomArrays.txt,2,61,0.005100,0.000000,0.00
randomArrays.txt,3,61,0.005000,0.000000,0.00
randomArrays.txt,1,88,0.009300,0.000000,0.00
randomArrays.txt,2,88,0.008000,0.000000,0.00
randomArrays.txt,3,88,0.008900,0.000000,0.00
randomArrays.txt,1,442,0.132200,0.000000,0.00
randomArrays.txt,2,442,0.130000,0.000000,0.00
randomArrays.txt,3,442,0.137400,0.000000,0.00
randomArrays.txt,1,729,0.490400,0.000000,0.00
randomArrays.txt,2,729,0.500200,0.000000,0.00
randomArrays.txt,3,729,0.503000,0.015625,0.00
randomArrays.txt,1,312,0.102000,0.000000,0.00
randomArrays.txt,2,312,0.104100,0.000000,0.00
randomArrays.txt,3,312,0.088500,0.000000,0.00
randomArrays.txt,1,620,0.360400,0.000000,0.00
randomArrays.txt,2,620,0.360000,0.000000,0.00
randomArrays.txt,3,620,0.394400,0.000000,0.00
randomArrays.txt,1,77,0.006700,0.000000,0.00
randomArrays.txt,2,77,0.007500,0.000000,0.00
randomArrays.txt,3,77,0.007900,0.000000,0.00
randomArrays.txt,1,784,0.350200,0.000000,0.00
randomArrays.txt,2,784,0.354100,0.000000,0.00
randomArrays.txt,3,784,0.431300,0.000000,0.00
randomArrays.txt,1,720,0.300200,0.000000,0.00
randomArrays.txt,2,720,0.293100,0.000000,0.00
randomArrays.txt,3,720,0.318600,0.000000,0.00
randomArrays.txt,1,796,0.952100,0.000000,0.00
randomArrays.txt,2,796,0.437900,0.000000,0.00
randomArrays.txt,3,796,0.413300,0.000000,0.00
randomArrays.txt,1,81,0.008300,0.000000,0.00
randomArrays.txt,2,81,0.008000,0.000000,0.00
randomArrays.txt,3,81,0.008200,0.000000,0.00
randomArrays.txt,1,900,0.571000,0.000000,0.00
randomArrays.txt,2,900,0.598300,0.000000,0.00
randomArrays.txt,3,900,0.447000,0.000000,0.00
randomArrays.txt,1,570,0.206100,0.000000,0.00
randomArrays.txt,2,570,0.210700,0.000000,0.00
randomArrays.txt,3,570,0.224800,0.000000,0.00
randomArrays.txt,1,749,0.392600,0.000000,0.00
randomArrays.txt,2,749,0.484300,0.000000,0.00
randomArrays.txt,3,749,0.503800,0.000000,0.00
randomArrays.txt,1,723,0.443400,0.000000,0.00
randomArrays.txt,2,723,0.437100,0.000000,0.00
randomArrays.txt,3,723,0.422900,0.000000,0.00
randomArrays.txt,1,54,0.005000,0.000000,0.00
randomArrays.txt,2,54,0.004600,0.000000,0.00
randomArrays.txt,3,54,0.004200,0.000000,0.00
randomArrays.txt,1,261,0.069800,0.000000,0.00
randomArrays.txt,2,261,0.069100,0.000000,0.00
randomArrays.txt,3,261,0.069500,0.000000,0.00
randomArrays.txt,1,831,0.622200,0.000000,0.00
randomArrays.txt,2,831,0.598600,0.000000,0.00
randomArrays.txt,3,831,0.612000,0.000000,0.00
randomArrays.txt,1,133,0.018200,0.000000,0.00
randomArrays.txt,2,133,0.020000,0.000000,0.00
randomArrays.txt,3,133,0.019200,0.000000,0.00
randomArrays.txt,1,165,0.031500,0.000000,0.00
randomArrays.txt,2,165,0.028100,0.000000,0.00
randomArrays.txt,3,165,0.023400,0.000000,0.00
randomArrays.txt,1,441,0.162400,0.000000,0.00
randomArrays.txt,2,441,0.245900,0.000000,0.00
randomArrays.txt,3,441,0.198300,0.000000,0.00
randomArrays.txt,1,782,2.059200,0.015625,0.00
randomArrays.txt,2,782,0.599000,0.000000,0.00
randomArrays.txt,3,782,0.545800,0.000000,0.00
randomArrays.txt,1,384,0.145900,0.000000,0.00
randomArrays.txt,2,384,0.128600,0.000000,0.00
randomArrays.txt,3,384,0.138100,0.000000,0.00
randomArrays.txt,1,283,0.071200,0.000000,0.00
randomArrays.txt,2,283,0.076300,0.000000,0.00
randomArrays.txt,3,283,0.072000,0.000000,0.00
randomArrays.txt,1,71,0.007200,0.000000,0.00
randomArrays.txt,2,71,0.007000,0.000000,0.00
randomArrays.txt,3,71,0.007000,0.000000,0.00
randomArrays.txt,1,374,0.115300,0.000000,0.00
randomArrays.txt,2,374,0.135600,0.000000,0.00
randomArrays.txt,3,374,0.140900,0.000000,0.00
randomArrays.txt,1,204,0.584100,0.000000,0.00
randomArrays.txt,2,204,0.041600,0.000000,0.00
randomArrays.txt,3,204,0.040800,0.000000,0.00
randomArrays.txt,1,437,0.296200,0.000000,0.00
randomArrays.txt,2,437,0.210700,0.000000,0.00
randomArrays.txt,3,437,0.167400,0.000000,0.00
randomArrays.txt,1,662,0.358300,0.000000,0.00
randomArrays.txt,2,662,0.392800,0.000000,0.00
randomArrays.txt,3,662,0.380300,0.000000,0.00
randomArrays.txt,1,821,0.567900,0.000000,0.00
randomArrays.txt,2,821,0.614200,0.000000,0.00
randomArrays.txt,3,821,0.634200,0.000000,0.00
randomArrays.txt,1,198,0.038500,0.000000,0.00
randomArrays.txt,2,198,0.041800,0.000000,0.00
randomArrays.txt,3,198,0.043700,0.000000,0.00
randomArrays.txt,1,776,0.591700,0.000000,0.00
randomArrays.txt,2,776,0.507200,0.000000,0.00
randomArrays.txt,3,776,0.519200,0.000000,0.00
randomArrays.txt,1,124,0.016300,0.000000,0.00
randomArrays.txt,2,124,0.016200,0.000000,0.00
randomArrays.txt,3,124,0.015900,0.000000,0.00
randomArrays.txt,1,202,0.044700,0.000000,0.00
randomArrays.txt,2,202,0.037000,0.000000,0.00
randomArrays.txt,3,202,0.040900,0.000000,0.00
randomArrays.txt,1,806,0.940400,0.000000,0.00
randomArrays.txt,2,806,0.507700,0.000000,0.00
randomArrays.txt,3,806,0.590600,0.000000,0.00
randomArrays.txt,1,448,0.186700,0.000000,0.00
randomArrays.txt,2,448,0.173300,0.000000,0.00
randomArrays.txt,3,448,0.176900,0.000000,0.00
randomArrays.txt,1,383,0.147600,0.000000,0.00
randomArrays.txt,2,383,0.141500,0.000000,0.00
randomArrays.txt,3,383,0.146000,0.000000,0.00
randomArrays.txt,1,714,0.457500,0.000000,0.00
randomArrays.txt,2,714,0.459300,0.000000,0.00
randomArrays.txt,3,714,0.479000,0.000000,0.00
randomArrays.txt,1,528,0.278300,0.000000,0.00
randomArrays.txt,2,528,0.250000,0.000000,0.00
randomArrays.txt,3,528,0.225000,0.000000,0.00
randomArrays.txt,1,137,0.019500,0.000000,0.00
randomArrays.txt,2,137,0.015800,0.000000,0.00
randomArrays.txt,3,137,0.016200,0.000000,0.00
randomArrays.txt,1,122,0.018100,0.000000,0.00
randomArrays.txt,2,122,0.015700,0.015625,0.00
randomArrays.txt,3,122,0.016200,0.000000,0.00
randomArrays.txt,1,883,0.693000,0.000000,0.00
randomArrays.txt,2,883,0.680200,0.000000,0.00
randomArrays.txt,3,883,0.640700,0.000000,0.00
randomArrays.txt,1,614,0.345600,0.000000,0.00
randomArrays.txt,2,614,0.316300,0.000000,0.00
randomArrays.txt,3,614,0.369800,0.000000,0.00
randomArrays.txt,1,841,0.559600,0.000000,0.00
randomArrays.txt,2,841,0.584000,0.000000,0.00
randomArrays.txt,3,841,0.629900,0.000000,0.00
randomArrays.txt,1,471,0.203500,0.000000,0.00
randomArrays.txt,2,471,0.402500,0.000000,0.00
randomArrays.txt,3,471,0.467500,0.000000,0.00
randomArrays.txt,1,871,0.637500,0.000000,0.00
randomArrays.txt,2,871,0.642000,0.000000,0.00
randomArrays.txt,3,871,0.582200,0.000000,0.00
randomArrays.txt,1,238,0.060700,0.000000,0.00
randomArrays.txt,2,238,0.055700,0.000000,0.00
randomArrays.txt,3,238,0.054400,0.000000,0.00
randomArrays.txt,1,772,0.839100,0.000000,0.00
randomArrays.txt,2,772,0.712300,0.000000,0.00
randomArrays.txt,3,772,0.469900,0.000000,0.00
randomArrays.txt,1,334,0.099900,0.000000,0.00
randomArrays.txt,2,334,0.097400,0.000000,0.00
randomArrays.txt,3,334,0.285600,0.000000,0.00
randomArrays.txt,1,274,0.075200,0.000000,0.00
randomArrays.txt,2,274,0.071500,0.000000,0.00
randomArrays.txt,3,274,0.074700,0.000000,0.00
randomArrays.txt,1,385,0.137200,0.000000,0.00
randomArrays.txt,2,385,0.130600,0.000000,0.00
randomArrays.txt,3,385,0.122700,0.000000,0.00
randomArrays.txt,1,455,0.186500,0.000000,0.00
randomArrays.txt,2,455,0.185600,0.000000,0.00
randomArrays.txt,3,455,0.195600,0.000000,0.00
randomArrays.txt,1,202,0.037300,0.000000,0.00
randomArrays.txt,2,202,0.041100,0.000000,0.00
randomArrays.txt,3,202,0.044200,0.000000,0.00
randomArrays.txt,1,349,0.121100,0.000000,0.00
randomArrays.txt,2,349,0.129300,0.000000,0.00
randomArrays.txt,3,349,0.121800,0.000000,0.00
randomArrays.txt,1,170,0.031700,0.000000,0.00
randomArrays.txt,2,170,0.024000,0.000000,0.00
randomArrays.txt,3,170,0.025300,0.000000,0.00
randomArrays.txt,1,365,0.114900,0.000000,0.00
randomArrays.txt,2,365,0.112100,0.000000,0.00
randomArrays.txt,3,365,0.128600,0.000000,0.00
randomArrays.txt,1,368,0.143100,0.000000,0.00
randomArrays.txt,2,368,0.142500,0.000000,0.00
randomArrays.txt,3,368,0.132000,0.000000,0.00
randomArrays.txt,1,851,0.742100,0.000000,0.00
randomArrays.txt,2,851,0.698800,0.000000,0.00
randomArrays.txt,3,851,0.691900,0.000000,0.00
randomArrays.txt,1,736,0.494900,0.000000,0.00
randomArrays.txt,2,736,0.533200,0.015625,0.00
randomArrays.txt,3,736,0.490000,0.000000,0.00
randomArrays.txt,1,64,0.005100,0.000000,0.00
randomArrays.txt,2,64,0.005200,0.000000,0.00
randomArrays.txt,3,64,0.005100,0.000000,0.00
randomArrays.txt,1,371,0.134500,0.000000,0.00
randomArrays.txt,2,371,0.139400,0.000000,0.00
randomArrays.txt,3,371,0.139900,0.000000,0.00
randomArrays.txt,1,758,0.567800,0.000000,0.00
randomArrays.txt,2,758,0.573700,0.000000,0.00
randomArrays.txt,3,758,0.606400,0.000000,0.00
randomArrays.txt,1,565,0.284700,0.000000,0.00
randomArrays.txt,2,565,0.263000,0.000000,0.00
randomArrays.txt,3,565,0.282400,0.000000,0.00
randomArrays.txt,1,246,0.059300,0.000000,0.00
randomArrays.txt,2,246,0.067000,0.000000,0.00
randomArrays.txt,3,246,0.067300,0.000000,0.00
randomArrays.txt,1,390,0.126300,0.000000,0.00
randomArrays.txt,2,390,0.127300,0.000000,0.00
randomArrays.txt,3,390,0.123600,0.000000,0.00
randomArrays.txt,1,833,0.763900,0.000000,0.00
randomArrays.txt,2,833,0.540900,0.000000,0.00
randomArrays.txt,3,833,0.638000,0.000000,0.00
randomArrays.txt,1,359,0.114400,0.000000,0.00
randomArrays.txt,2,359,0.123700,0.000000,0.00
randomArrays.txt,3,359,0.117900,0.000000,0.00
randomArrays.txt,1,647,0.404900,0.000000,0.00
randomArrays.txt,2,647,0.399800,0.000000,0.00
randomArrays.txt,3,647,0.404000,0.000000,0.00
randomArrays.txt,1,830,0.521800,0.000000,0.00
randomArrays.txt,2,830,0.640200,0.000000,0.00
randomArrays.txt,3,830,0.667300,0.000000,0.00
randomArrays.txt,1,790,0.567600,0.000000,0.00
randomArrays.txt,2,790,0.630900,0.000000,0.00
randomArrays.txt,3,790,0.709200,0.000000,0.00
randomArrays.txt,1,789,0.594300,0.000000,0.00
randomArrays.txt,2,789,0.596800,0.000000,0.00
randomArrays.txt,3,789,0.595500,0.000000,0.00
randomArrays.txt,1,33,0.002300,0.000000,0.00
randomArrays.txt,2,33,0.002200,0.000000,0.00
randomArrays.txt,3,33,0.002600,0.000000,0.00
randomArrays.txt,1,324,0.103500,0.000000,0.00
randomArrays.txt,2,324,0.093500,0.000000,0.00
randomArrays.txt,3,324,0.102200,0.000000,0.00
randomArrays.txt,1,460,0.185100,0.000000,0.00
randomArrays.txt,2,460,0.192800,0.000000,0.00
randomArrays.txt,3,460,0.183900,0.000000,0.00
randomArrays.txt,1,660,0.358600,0.000000,0.00
randomArrays.txt,2,660,0.358400,0.000000,0.00
randomArrays.txt,3,660,0.426800,0.000000,0.00
randomArrays.txt,1,553,0.282900,0.000000,0.00
randomArrays.txt,2,553,0.288800,0.000000,0.00
randomArrays.txt,3,553,0.286600,0.000000,0.00
randomArrays.txt,1,181,0.039600,0.000000,0.00
randomArrays.txt,2,181,0.038800,0.000000,0.00
randomArrays.txt,3,181,0.038600,0.000000,0.00
randomArrays.txt,1,106,0.013200,0.000000,0.00
randomArrays.txt,2,106,0.014500,0.000000,0.00
randomArrays.txt,3,106,0.013000,0.000000,0.00
randomArrays.txt,1,198,0.040800,0.000000,0.00
randomArrays.txt,2,198,0.057800,0.000000,0.00
randomArrays.txt,3,198,0.040600,0.000000,0.00
randomArrays.txt,1,795,0.572000,0.000000,0.00
randomArrays.txt,2,795,0.551800,0.000000,0.00
randomArrays.txt,3,795,1.623500,0.000000,0.00
randomArrays.txt,1,149,0.021200,0.000000,0.00
randomArrays.txt,2,149,0.020700,0.000000,0.00
randomArrays.txt,3,149,0.021100,0.000000,0.00
randomArrays.txt,1,42,0.002700,0.000000,0.00
randomArrays.txt,2,42,0.002500,0.000000,0.00
randomArrays.txt,3,42,0.002700,0.000000,0.00
randomArrays.txt,1,538,0.273900,0.000000,0.00
randomArrays.txt,2,538,0.257400,0.000000,0.00
randomArrays.txt,3,538,0.254400,0.000000,0.00
randomArrays.txt,1,405,0.161400,0.000000,0.00
randomArrays.txt,2,405,0.159200,0.000000,0.00
randomArrays.txt,3,405,0.151500,0.000000,0.00
randomArrays.txt,1,741,0.460500,0.000000,0.00
randomArrays.txt,2,741,0.469900,0.000000,0.00
randomArrays.txt,3,741,0.489100,0.000000,0.00
randomArrays.txt,1,88,0.009300,0.000000,0.00
randomArrays.txt,2,88,0.009800,0.000000,0.00
randomArrays.txt,3,88,0.010500,0.000000,0.00
randomArrays.txt,1,896,0.887100,0.000000,0.00
randomArrays.txt,2,896,0.684100,0.000000,0.00
randomArrays.txt,3,896,0.483100,0.015625,0.00
randomArrays.txt,1,574,0.479000,0.000000,0.00
randomArrays.txt,2,574,0.291100,0.000000,0.00
randomArrays.txt,3,574,0.292700,0.000000,0.00
randomArrays.txt,1,34,0.002800,0.000000,0.00
randomArrays.txt,2,34,0.002600,0.000000,0.00
randomArrays.txt,3,34,0.002700,0.000000,0.00
randomArrays.txt,1,83,0.008200,0.000000,0.00
randomArrays.txt,2,83,0.008100,0.000000,0.00
randomArrays.txt,3,83,0.008500,0.000000,0.00
randomArrays.txt,1,311,0.094200,0.000000,0.00
randomArrays.txt,2,311,0.096100,0.000000,0.00
randomArrays.txt,3,311,0.081700,0.000000,0.00
randomArrays.txt,1,168,0.030500,0.000000,0.00
randomArrays.txt,2,168,0.028300,0.000000,0.00
randomArrays.txt,3,168,0.028300,0.000000,0.00
randomArrays.txt,1,720,0.347900,0.000000,0.00
randomArrays.txt,2,720,0.357000,0.015625,0.00
randomArrays.txt,3,720,0.356000,0.000000,0.00
randomArrays.txt,1,499,0.245600,0.000000,0.00
randomArrays.txt,2,499,0.197300,0.000000,0.00
randomArrays.txt,3,499,0.213300,0.000000,0.00
randomArrays.txt,1,280,0.065600,0.000000,0.00
randomArrays.txt,2,280,0.066100,0.000000,0.00
randomArrays.txt,3,280,0.065400,0.000000,0.00
randomArrays.txt,1,351,0.114100,0.000000,0.00
randomArrays.txt,2,351,0.143000,0.000000,0.00
randomArrays.txt,3,351,0.189200,0.000000,0.00
randomArrays.txt,1,840,0.964400,0.000000,0.00
randomArrays.txt,2,840,2.466200,0.000000,0.00
randomArrays.txt,3,840,0.595600,0.000000,0.00
randomArrays.txt,1,826,0.479100,0.000000,0.00
randomArrays.txt,2,826,2.783800,0.000000,0.00
randomArrays.txt,3,826,0.821600,0.000000,0.00
randomArrays.txt,1,780,0.400200,0.000000,0.00
randomArrays.txt,2,780,0.397000,0.000000,0.00
randomArrays.txt,3,780,0.890500,0.000000,0.00
randomArrays.txt,1,592,0.357100,0.000000,0.00
randomArrays.txt,2,592,1.306500,0.000000,0.00
randomArrays.txt,3,592,0.321000,0.000000,0.00
randomArrays.txt,1,601,0.323200,0.000000,0.00
randomArrays.txt,2,601,0.338400,0.000000,0.00
randomArrays.txt,3,601,0.311600,0.000000,0.00
randomArrays.txt,1,630,0.328800,0.000000,0.00
randomArrays.txt,2,630,0.923100,0.000000,0.00
randomArrays.txt,3,630,0.327300,0.000000,0.00
randomArrays.txt,1,738,0.530500,0.015625,0.00
randomArrays.txt,2,738,0.420600,0.000000,0.00
randomArrays.txt,3,738,0.480800,0.000000,0.00
randomArrays.txt,1,43,0.003600,0.000000,0.00
randomArrays.txt,2,43,0.003500,0.000000,0.00
randomArrays.txt,3,43,0.003700,0.000000,0.00
randomArrays.txt,1,546,0.251800,0.000000,0.00
randomArrays.txt,2,546,0.281600,0.000000,0.00
randomArrays.txt,3,546,0.230600,0.000000,0.00
randomArrays.txt,1,118,0.016900,0.000000,0.00
randomArrays.txt,2,118,0.017000,0.000000,0.00
randomArrays.txt,3,118,0.016400,0.000000,0.00
randomArrays.txt,1,812,0.594700,0.000000,0.00
randomArrays.txt,2,812,0.552800,0.000000,0.00
randomArrays.txt,3,812,2.463200,0.000000,0.00
randomArrays.txt,1,636,0.284500,0.000000,0.00
randomArrays.txt,2,636,0.348900,0.000000,0.00
randomArrays.txt,3,636,0.365200,0.000000,0.00
randomArrays.txt,1,253,0.062000,0.000000,0.00
randomArrays.txt,2,253,0.061600,0.000000,0.00
randomArrays.txt,3,253,0.071100,0.000000,0.00
randomArrays.txt,1,443,0.181200,0.000000,0.00
randomArrays.txt,2,443,0.179100,0.000000,0.00
randomArrays.txt,3,443,0.179500,0.000000,0.00
randomArrays.txt,1,292,0.231000,0.000000,0.00
randomArrays.txt,2,292,0.075700,0.000000,0.00
randomArrays.txt,3,292,0.087400,0.000000,0.00
randomArrays.txt,1,723,0.477200,0.000000,0.00
randomArrays.txt,2,723,0.472800,0.000000,0.00
randomArrays.txt,3,723,0.462900,0.000000,0.00
randomArrays.txt,1,398,0.141000,0.000000,0.00
randomArrays.txt,2,398,0.167800,0.000000,0.00
randomArrays.txt,3,398,0.139900,0.000000,0.00
randomArrays.txt,1,368,0.128300,0.000000,0.00
randomArrays.txt,2,368,0.117900,0.000000,0.00
randomArrays.txt,3,368,0.134600,0.000000,0.00
randomArrays.txt,1,534,0.246900,0.000000,0.00
randomArrays.txt,2,534,0.244000,0.000000,0.00
randomArrays.txt,3,534,0.271300,0.000000,0.00
randomArrays.txt,1,899,0.771000,0.000000,0.00
randomArrays.txt,2,899,0.711400,0.000000,0.00
randomArrays.txt,3,899,0.697300,0.000000,0.00
randomArrays.txt,1,137,0.018900,0.000000,0.00
randomArrays.txt,2,137,0.019600,0.000000,0.00
randomArrays.txt,3,137,0.019900,0.000000,0.00
randomArrays.txt,1,187,0.040400,0.000000,0.00
randomArrays.txt,2,187,0.038400,0.000000,0.00
randomArrays.txt,3,187,0.037300,0.000000,0.00
randomArrays.txt,1,164,0.027900,0.000000,0.00
randomArrays.txt,2,164,0.028900,0.000000,0.00
randomArrays.txt,3,164,0.028300,0.000000,0.00
randomArrays.txt,1,735,0.626000,0.000000,0.00
randomArrays.txt,2,735,0.494700,0.000000,0.00
randomArrays.txt,3,735,1.099500,0.000000,0.00
randomArrays.txt,1,524,0.270400,0.000000,0.00
randomArrays.txt,2,524,0.248900,0.000000,0.00
randomArrays.txt,3,524,0.251500,0.000000,0.00
randomArrays.txt,1,512,0.253500,0.000000,0.00
randomArrays.txt,2,512,0.237800,0.000000,0.00
randomArrays.txt,3,512,0.241300,0.000000,0.00
randomArrays.txt,1,15,0.001100,0.000000,0.00
randomArrays.txt,2,15,0.000800,0.000000,0.00
randomArrays.txt,3,15,0.000800,0.000000,0.00
randomArrays.txt,1,737,0.487400,0.000000,0.00
randomArrays.txt,2,737,0.756200,0.000000,0.00
randomArrays.txt,3,737,0.483500,0.015625,0.00
randomArrays.txt,1,616,0.347800,0.000000,0.00
randomArrays.txt,2,616,0.326900,0.000000,0.00
randomArrays.txt,3,616,0.331600,0.000000,0.00
randomArrays.txt,1,349,0.106200,0.000000,0.00
randomArrays.txt,2,349,0.103300,0.000000,0.00
randomArrays.txt,3,349,0.103200,0.000000,0.00
randomArrays.txt,1,645,0.411500,0.000000,0.00
randomArrays.txt,2,645,0.374200,0.000000,0.00
randomArrays.txt,3,645,0.386700,0.000000,0.00
randomArrays.txt,1,502,0.239300,0.000000,0.00
randomArrays.txt,2,502,0.212800,0.000000,0.00
randomArrays.txt,3,502,0.211000,0.000000,0.00
randomArrays.txt,1,778,0.533300,0.000000,0.00
randomArrays.txt,2,778,0.878700,0.000000,0.00
randomArrays.txt,3,778,0.567800,0.000000,0.00
randomArrays.txt,1,126,0.018800,0.000000,0.00
randomArrays.txt,2,126,0.016300,0.000000,0.00
randomArrays.txt,3,126,0.019300,0.000000,0.00
randomArrays.txt,1,836,0.594900,0.000000,0.00
randomArrays.txt,2,836,0.577000,0.000000,0.00
randomArrays.txt,3,836,0.555400,0.000000,0.00
randomArrays.txt,1,265,0.069200,0.000000,0.00
randomArrays.txt,2,265,0.070800,0.000000,0.00
randomArrays.txt,3,265,0.066900,0.000000,0.00
randomArrays.txt,1,694,0.450800,0.000000,0.00
randomArrays.txt,2,694,0.425600,0.000000,0.00
randomArrays.txt,3,694,0.493300,0.000000,0.00
randomArrays.txt,1,188,0.028500,0.000000,0.00
randomArrays.txt,2,188,0.036900,0.000000,0.00
randomArrays.txt,3,188,0.028300,0.000000,0.00
randomArrays.txt,1,282,0.069900,0.000000,0.00
randomArrays.txt,2,282,0.071900,0.000000,0.00
randomArrays.txt,3,282,0.072900,0.000000,0.00
randomArrays.txt,1,347,0.084300,0.000000,0.00
randomArrays.txt,2,347,0.101800,0.000000,0.00
randomArrays.txt,3,347,0.206500,0.000000,0.00
randomArrays.txt,1,768,0.521300,0.000000,0.00
randomArrays.txt,2,768,0.519100,0.000000,0.00
randomArrays.txt,3,768,0.526700,0.000000,0.00
randomArrays.txt,1,778,0.576400,0.000000,0.00
randomArrays.txt,2,778,0.550400,0.000000,0.00
randomArrays.txt,3,778,0.507500,0.000000,0.00
randomArrays.txt,1,549,0.292200,0.000000,0.00
randomArrays.txt,2,549,0.273500,0.000000,0.00
randomArrays.txt,3,549,0.209400,0.000000,0.00
randomArrays.txt,1,12,0.001000,0.000000,0.00
randomArrays.txt,2,12,0.000700,0.000000,0.00
randomArrays.txt,3,12,0.000800,0.000000,0.00
randomArrays.txt,1,336,0.118100,0.000000,0.00
randomArrays.txt,2,336,0.100500,0.000000,0.00
randomArrays.txt,3,336,0.120200,0.000000,0.00
randomArrays.txt,1,179,0.036100,0.000000,0.00
randomArrays.txt,2,179,0.034800,0.000000,0.00
randomArrays.txt,3,179,0.035400,0.000000,0.00
randomArrays.txt,1,634,0.395500,0.000000,0.00
randomArrays.txt,2,634,0.400700,0.000000,0.00
randomArrays.txt,3,634,0.398400,0.000000,0.00
randomArrays.txt,1,38,0.002600,0.000000,0.00
randomArrays.txt,2,38,0.002400,0.000000,0.00
randomArrays.txt,3,38,0.002700,0.000000,0.00
randomArrays.txt,1,123,0.018300,0.000000,0.00
randomArrays.txt,2,123,0.015800,0.000000,0.00
randomArrays.txt,3,123,0.018100,0.000000,0.00
randomArrays.txt,1,282,0.073200,0.000000,0.00
randomArrays.txt,2,282,0.072900,0.000000,0.00
randomArrays.txt,3,282,0.072900,0.000000,0.00
randomArrays.txt,1,452,0.183200,0.000000,0.00
randomArrays.txt,2,452,0.185300,0.000000,0.00
randomArrays.txt,3,452,0.156700,0.000000,0.00
randomArrays.txt,1,217,0.044500,0.000000,0.00
randomArrays.txt,2,217,0.044800,0.000000,0.00
randomArrays.txt,3,217,0.045800,0.000000,0.00
randomArrays.txt,1,629,0.367500,0.000000,0.00
randomArrays.txt,2,629,0.398300,0.000000,0.00
randomArrays.txt,3,629,0.399000,0.000000,0.00
randomArrays.txt,1,275,0.070500,0.000000,0.00
randomArrays.txt,2,275,0.073200,0.000000,0.00
randomArrays.txt,3,275,0.074500,0.000000,0.00
randomArrays.txt,1,66,0.005900,0.000000,0.00
randomArrays.txt,2,66,0.005700,0.000000,0.00
randomArrays.txt,3,66,0.006300,0.000000,0.00
randomArrays.txt,1,308,0.101400,0.000000,0.00
randomArrays.txt,2,308,0.101100,0.000000,0.00
randomArrays.txt,3,308,0.102100,0.000000,0.00
randomArrays.txt,1,809,0.590000,0.000000,0.00
randomArrays.txt,2,809,0.596700,0.000000,0.00
randomArrays.txt,3,809,0.532300,0.000000,0.00
randomArrays.txt,1,634,0.376200,0.000000,0.00
randomArrays.txt,2,634,0.378700,0.000000,0.00
randomArrays.txt,3,634,0.376400,0.000000,0.00
randomArrays.txt,1,478,0.227100,0.000000,0.00
randomArrays.txt,2,478,0.221100,0.000000,0.00
randomArrays.txt,3,478,0.222000,0.000000,0.00
randomArrays.txt,1,336,0.108700,0.000000,0.00
randomArrays.txt,2,336,0.103200,0.000000,0.00
randomArrays.txt,3,336,0.104700,0.000000,0.00
randomArrays.txt,1,672,0.363100,0.000000,0.00
randomArrays.txt,2,672,0.367600,0.000000,0.00
randomArrays.txt,3,672,0.374500,0.000000,0.00
randomArrays.txt,1,583,0.206100,0.000000,0.00
randomArrays.txt,2,583,0.212000,0.000000,0.00
randomArrays.txt,3,583,0.211800,0.000000,0.00
randomArrays.txt,1,413,0.146400,0.000000,0.00
randomArrays.txt,2,413,0.124300,0.000000,0.00
randomArrays.txt,3,413,0.172100,0.000000,0.00
randomArrays.txt,1,683,0.275200,0.000000,0.00
randomArrays.txt,2,683,0.406800,0.000000,0.00
randomArrays.txt,3,683,0.403700,0.000000,0.00
randomArrays.txt,1,463,0.151400,0.000000,0.00
randomArrays.txt,2,463,0.153100,0.000000,0.00
randomArrays.txt,3,463,0.152900,0.000000,0.00
randomArrays.txt,1,267,0.074900,0.000000,0.00
randomArrays.txt,2,267,0.074700,0.000000,0.00
randomArrays.txt,3,267,0.070900,0.000000,0.00
randomArrays.txt,1,73,0.007200,0.000000,0.00
randomArrays.txt,2,73,0.006900,0.000000,0.00
randomArrays.txt,3,73,0.006900,0.000000,0.00
randomArrays.txt,1,641,0.265300,0.000000,0.00
randomArrays.txt,2,641,0.260900,0.000000,0.00
randomArrays.txt,3,641,0.259600,0.000000,0.00
randomArrays.txt,1,827,0.652800,0.000000,0.00
randomArrays.txt,2,827,0.651200,0.000000,0.00
randomArrays.txt,3,827,0.654800,0.000000,0.00
randomArrays.txt,1,864,0.718800,0.000000,0.00
randomArrays.txt,2,864,0.720000,0.000000,0.00
randomArrays.txt,3,864,0.711200,0.000000,0.00
randomArrays.txt,1,672,0.420200,0.000000,0.00
randomArrays.txt,2,672,0.386700,0.000000,0.00
randomArrays.txt,3,672,0.429100,0.000000,0.00
randomArrays.txt,1,523,0.280400,0.000000,0.00
randomArrays.txt,2,523,0.295300,0.000000,0.00
randomArrays.txt,3,523,0.180500,0.000000,0.00
randomArrays.txt,1,113,0.017000,0.000000,0.00
randomArrays.txt,2,113,0.016300,0.000000,0.00
randomArrays.txt,3,113,0.016500,0.000000,0.00
randomArrays.txt,1,855,0.409200,0.000000,0.00
randomArrays.txt,2,855,0.396900,0.000000,0.00
randomArrays.txt,3,855,0.696500,0.000000,0.00
randomArrays.txt,1,764,0.561000,0.000000,0.00
randomArrays.txt,2,764,0.553800,0.000000,0.00
randomArrays.txt,3,764,0.552900,0.000000,0.00
randomArrays.txt,1,559,0.226800,0.000000,0.00
randomArrays.txt,2,559,0.505400,0.000000,0.00
randomArrays.txt,3,559,0.251200,0.000000,0.00
randomArrays.txt,1,256,0.070600,0.000000,0.00
randomArrays.txt,2,256,0.070400,0.000000,0.00
randomArrays.txt,3,256,0.071100,0.000000,0.00
randomArrays.txt,1,861,0.689600,0.000000,0.00
randomArrays.txt,2,861,0.713400,0.000000,0.00
randomArrays.txt,3,861,0.715700,0.000000,0.00
randomArrays.txt,1,215,0.045100,0.000000,0.00
randomArrays.txt,2,215,0.039900,0.000000,0.00
randomArrays.txt,3,215,0.041600,0.000000,0.00
randomArrays.txt,1,610,0.240200,0.000000,0.00
randomArrays.txt,2,610,0.245600,0.000000,0.00
randomArrays.txt,3,610,0.241300,0.000000,0.00
randomArrays.txt,1,133,0.016900,0.000000,0.00
randomArrays.txt,2,133,0.016900,0.000000,0.00
randomArrays.txt,3,133,0.018300,0.000000,0.00
randomArrays.txt,1,721,0.442900,0.000000,0.00
randomArrays.txt,2,721,0.460900,0.000000,0.00
randomArrays.txt,3,721,0.456800,0.000000,0.00
randomArrays.txt,1,826,0.401100,0.000000,0.00
randomArrays.txt,2,826,0.637200,0.000000,0.00
randomArrays.txt,3,826,0.378700,0.000000,0.00
randomArrays.txt,1,732,0.509100,0.000000,0.00
randomArrays.txt,2,732,0.510200,0.000000,0.00
randomArrays.txt,3,732,0.509700,0.000000,0.00
randomArrays.txt,1,218,0.104700,0.000000,0.00
randomArrays.txt,2,218,0.052500,0.000000,0.00
randomArrays.txt,3,218,0.046400,0.000000,0.00
randomArrays.txt,1,897,0.760600,0.000000,0.00
randomArrays.txt,2,897,0.758100,0.000000,0.00
randomArrays.txt,3,897,0.949200,0.000000,0.00
randomArrays.txt,1,95,0.011300,0.000000,0.00
randomArrays.txt,2,95,0.010100,0.000000,0.00
randomArrays.txt,3,95,0.010000,0.000000,0.00
randomArrays.txt,1,596,0.349900,0.000000,0.00
randomArrays.txt,2,596,0.279200,0.000000,0.00
randomArrays.txt,3,596,0.312600,0.000000,0.00
randomArrays.txt,1,333,0.099000,0.000000,0.00
randomArrays.txt,2,333,0.092900,0.000000,0.00
randomArrays.txt,3,333,0.095200,0.000000,0.00
randomArrays.txt,1,139,0.018000,0.000000,0.00
randomArrays.txt,2,139,0.019800,0.000000,0.00
randomArrays.txt,3,139,0.019400,0.000000,0.00
randomArrays.txt,1,90,0.010400,0.000000,0.00
randomArrays.txt,2,90,0.008600,0.000000,0.00
randomArrays.txt,3,90,0.008500,0.000000,0.00
randomArrays.txt,1,724,0.492500,0.000000,0.00
randomArrays.txt,2,724,0.492000,0.000000,0.00
randomArrays.txt,3,724,0.716900,0.000000,0.00
randomArrays.txt,1,24,0.001800,0.000000,0.00
randomArrays.txt,2,24,0.001400,0.000000,0.00
randomArrays.txt,3,24,0.001400,0.000000,0.00
randomArrays.txt,1,182,0.031200,0.000000,0.00
randomArrays.txt,2,182,0.030100,0.000000,0.00
randomArrays.txt,3,182,0.069500,0.000000,0.00
randomArrays.txt,1,440,0.169200,0.000000,0.00
randomArrays.txt,2,440,0.177300,0.000000,0.00
randomArrays.txt,3,440,0.168000,0.000000,0.00
randomArrays.txt,1,521,0.245800,0.000000,0.00
randomArrays.txt,2,521,0.252100,0.000000,0.00
randomArrays.txt,3,521,0.219000,0.000000,0.00
randomArrays.txt,1,653,0.397000,0.000000,0.00
randomArrays.txt,2,653,0.389100,0.000000,0.00
randomArrays.txt,3,653,0.665800,0.000000,0.00
randomArrays.txt,1,422,0.180900,0.000000,0.00
randomArrays.txt,2,422,0.180900,0.000000,0.00
randomArrays.txt,3,422,0.163800,0.000000,0.00
randomArrays.txt,1,399,0.130700,0.000000,0.00
randomArrays.txt,2,399,0.138700,0.000000,0.00
randomArrays.txt,3,399,0.130000,0.000000,0.00
randomArrays.txt,1,148,0.025000,0.000000,0.00
randomArrays.txt,2,148,0.027000,0.000000,0.00
randomArrays.txt,3,148,0.025400,0.000000,0.00
randomArrays.txt,1,651,0.329700,0.000000,0.00
randomArrays.txt,2,651,0.357300,0.000000,0.00
randomArrays.txt,3,651,0.276800,0.000000,0.00
randomArrays.txt,1,205,0.044800,0.000000,0.00
randomArrays.txt,2,205,0.081700,0.000000,0.00
randomArrays.txt,3,205,0.039300,0.000000,0.00
randomArrays.txt,1,713,0.279200,0.000000,0.00
randomArrays.txt,2,713,0.287200,0.000000,0.00
randomArrays.txt,3,713,0.282200,0.000000,0.00
randomArrays.txt,1,335,0.088100,0.000000,0.00
randomArrays.txt,2,335,0.099000,0.000000,0.00
randomArrays.txt,3,335,0.093200,0.000000,0.00
randomArrays.txt,1,800,0.363700,0.000000,0.00
randomArrays.txt,2,800,0.354400,0.000000,0.00
randomArrays.txt,3,800,0.356300,0.000000,0.00
randomArrays.txt,1,263,0.061600,0.000000,0.00
randomArrays.txt,2,263,0.070400,0.000000,0.00
randomArrays.txt,3,263,0.066500,0.000000,0.00
randomArrays.txt,1,305,0.087700,0.000000,0.00
randomArrays.txt,2,305,0.086300,0.000000,0.00
randomArrays.txt,3,305,0.092700,0.000000,0.00
randomArrays.txt,1,772,0.560100,0.000000,0.00
randomArrays.txt,2,772,0.572300,0.000000,0.00
randomArrays.txt,3,772,0.571400,0.000000,0.00
randomArrays.txt,1,760,0.546400,0.000000,0.00
randomArrays.txt,2,760,0.489000,0.000000,0.00
randomArrays.txt,3,760,0.464900,0.000000,0.00
randomArrays.txt,1,468,0.199200,0.000000,0.00
randomArrays.txt,2,468,0.177600,0.000000,0.00
randomArrays.txt,3,468,0.177800,0.000000,0.00
randomArrays.txt,1,542,0.280400,0.000000,0.00
randomArrays.txt,2,542,0.254700,0.000000,0.00
randomArrays.txt,3,542,0.272100,0.000000,0.00
randomArrays.txt,1,137,0.018800,0.000000,0.00
randomArrays.txt,2,137,0.018200,0.000000,0.00
randomArrays.txt,3,137,0.019800,0.000000,0.00
randomArrays.txt,1,877,0.779600,0.000000,0.00
randomArrays.txt,2,877,0.757600,0.000000,0.00
randomArrays.txt,3,877,0.712700,0.000000,0.00
randomArrays.txt,1,407,0.143600,0.000000,0.00
randomArrays.txt,2,407,0.141400,0.000000,0.00
randomArrays.txt,3,407,0.152100,0.000000,0.00
randomArrays.txt,1,13,0.000700,0.000000,0.00
randomArrays.txt,2,13,0.000700,0.000000,0.00
randomArrays.txt,3,13,0.000600,0.000000,0.00
randomArrays.txt,1,857,0.434300,0.000000,0.00
randomArrays.txt,2,857,0.655600,0.015625,0.00
randomArrays.txt,3,857,0.463500,0.000000,0.00
randomArrays.txt,1,792,0.583200,0.000000,0.00
randomArrays.txt,2,792,0.583500,0.000000,0.00
randomArrays.txt,3,792,0.592000,0.000000,0.00
randomArrays.txt,1,190,0.038900,0.000000,0.00
randomArrays.txt,2,190,0.034900,0.000000,0.00
randomArrays.txt,3,190,0.032800,0.000000,0.00
randomArrays.txt,1,859,0.653100,0.000000,0.00
randomArrays.txt,2,859,0.506600,0.000000,0.00
randomArrays.txt,3,859,0.620300,0.000000,0.00
randomArrays.txt,1,816,0.589800,0.000000,0.00
randomArrays.txt,2,816,1.367300,0.000000,0.00
randomArrays.txt,3,816,0.551600,0.000000,0.00
randomArrays.txt,1,241,0.041300,0.000000,0.00
randomArrays.txt,2,241,0.050400,0.000000,0.00
randomArrays.txt,3,241,0.120000,0.000000,0.00
randomArrays.txt,1,155,0.024300,0.000000,0.00
randomArrays.txt,2,155,0.236100,0.000000,0.00
randomArrays.txt,3,155,0.020800,0.000000,0.00
randomArrays.txt,1,625,0.248300,0.000000,0.00
randomArrays.txt,2,625,0.220700,0.000000,0.00
randomArrays.txt,3,625,0.242900,0.000000,0.00
randomArrays.txt,1,573,0.215800,0.000000,0.00
randomArrays.txt,2,573,0.212400,0.000000,0.00
randomArrays.txt,3,573,0.211000,0.000000,0.00
randomArrays.txt,1,278,0.056500,0.000000,0.00
randomArrays.txt,2,278,0.066200,0.000000,0.00
randomArrays.txt,3,278,0.057400,0.000000,0.00
randomArrays.txt,1,67,0.006900,0.000000,0.00
randomArrays.txt,2,67,0.009300,0.000000,0.00
randomArrays.txt,3,67,0.006500,0.000000,0.00
randomArrays.txt,1,785,0.328500,0.000000,0.00
randomArrays.txt,2,785,0.311200,0.000000,0.00
randomArrays.txt,3,785,0.506500,0.015625,0.00
randomArrays.txt,1,576,0.223800,0.000000,0.00
randomArrays.txt,2,576,0.225600,0.000000,0.00
randomArrays.txt,3,576,0.221300,0.000000,0.00
randomArrays.txt,1,274,0.063600,0.000000,0.00
randomArrays.txt,2,274,0.067100,0.000000,0.00
randomArrays.txt,3,274,0.066300,0.000000,0.00
randomArrays.txt,1,827,0.600100,0.015625,0.00
randomArrays.txt,2,827,0.589000,0.000000,0.00
randomArrays.txt,3,827,0.694400,0.000000,0.00
randomArrays.txt,1,246,0.052700,0.000000,0.00
randomArrays.txt,2,246,0.051600,0.000000,0.00
randomArrays.txt,3,246,0.054200,0.000000,0.00
randomArrays.txt,1,497,0.231400,0.000000,0.00
randomArrays.txt,2,497,0.231800,0.000000,0.00
randomArrays.txt,3,497,0.222400,0.000000,0.00
randomArrays.txt,1,98,0.012400,0.000000,0.00
randomArrays.txt,2,98,0.012100,0.000000,0.00
randomArrays.txt,3,98,0.011900,0.000000,0.00
randomArrays.txt,1,87,0.010500,0.000000,0.00
randomArrays.txt,2,87,0.010100,0.000000,0.00
randomArrays.txt,3,87,0.009800,0.000000,0.00
randomArrays.txt,1,362,0.109600,0.000000,0.00
randomArrays.txt,2,362,0.101700,0.000000,0.00
randomArrays.txt,3,362,0.106400,0.000000,0.00
randomArrays.txt,1,748,0.317600,0.000000,0.00
randomArrays.txt,2,748,0.320800,0.000000,0.00
randomArrays.txt,3,748,0.317600,0.000000,0.00
randomArrays.txt,1,553,0.226900,0.000000,0.00
randomArrays.txt,2,553,0.220700,0.000000,0.00
randomArrays.txt,3,553,0.201000,0.000000,0.00
randomArrays.txt,1,24,0.001500,0.000000,0.00
randomArrays.txt,2,24,0.001500,0.000000,0.00
randomArrays.txt,3,24,0.001400,0.000000,0.00
randomArrays.txt,1,836,1.892800,0.015625,0.00
randomArrays.txt,2,836,0.706900,0.000000,0.00
randomArrays.txt,3,836,0.988200,0.000000,0.00
randomArrays.txt,1,524,0.285400,0.000000,0.00
randomArrays.txt,2,524,0.257900,0.000000,0.00
randomArrays.txt,3,524,0.282600,0.000000,0.00
randomArrays.txt,1,286,0.088600,0.000000,0.00
randomArrays.txt,2,286,0.090000,0.000000,0.00
randomArrays.txt,3,286,0.090400,0.000000,0.00
randomArrays.txt,1,379,0.130300,0.000000,0.00
randomArrays.txt,2,379,0.126900,0.000000,0.00
randomArrays.txt,3,379,0.125900,0.000000,0.00
randomArrays.txt,1,654,0.426900,0.000000,0.00
randomArrays.txt,2,654,0.343500,0.000000,0.00
randomArrays.txt,3,654,0.355900,0.000000,0.00
randomArrays.txt,1,795,0.569200,0.000000,0.00
randomArrays.txt,2,795,0.577100,0.000000,0.00
randomArrays.txt,3,795,0.518200,0.000000,0.00
randomArrays.txt,1,335,0.127100,0.000000,0.00
randomArrays.txt,2,335,0.104800,0.000000,0.00
randomArrays.txt,3,335,0.101700,0.000000,0.00
randomArrays.txt,1,218,0.051500,0.000000,0.00
randomArrays.txt,2,218,0.052800,0.000000,0.00
randomArrays.txt,3,218,0.041600,0.000000,0.00
randomArrays.txt,1,390,0.126100,0.000000,0.00
randomArrays.txt,2,390,0.153900,0.000000,0.00
randomArrays.txt,3,390,0.139800,0.000000,0.00
randomArrays.txt,1,80,0.009100,0.000000,0.00
randomArrays.txt,2,80,0.009100,0.000000,0.00
randomArrays.txt,3,80,0.008700,0.000000,0.00
randomArrays.txt,1,602,0.347800,0.000000,0.00
randomArrays.txt,2,602,0.301800,0.000000,0.00
randomArrays.txt,3,602,0.359200,0.000000,0.00
randomArrays.txt,1,687,0.459900,0.000000,0.00
randomArrays.txt,2,687,0.452400,0.000000,0.00
randomArrays.txt,3,687,0.456900,0.000000,0.00
randomArrays.txt,1,573,0.319700,0.000000,0.00
randomArrays.txt,2,573,0.300300,0.000000,0.00
randomArrays.txt,3,573,0.316700,0.000000,0.00
randomArrays.txt,1,857,0.658200,0.015625,0.00
randomArrays.txt,2,857,0.663500,0.000000,0.00
randomArrays.txt,3,857,0.671300,0.000000,0.00
randomArrays.txt,1,484,0.191000,0.000000,0.00
randomArrays.txt,2,484,0.207000,0.000000,0.00
randomArrays.txt,3,484,0.230600,0.000000,0.00
randomArrays.txt,1,633,0.500500,0.000000,0.00
randomArrays.txt,2,633,0.312600,0.000000,0.00
randomArrays.txt,3,633,0.372100,0.000000,0.00
randomArrays.txt,1,393,0.114300,0.000000,0.00
randomArrays.txt,2,393,0.124500,0.000000,0.00
randomArrays.txt,3,393,0.125000,0.000000,0.00
randomArrays.txt,1,718,0.405200,0.000000,0.00
randomArrays.txt,2,718,0.350400,0.000000,0.00
randomArrays.txt,3,718,0.558900,0.000000,0.00
randomArrays.txt,1,330,0.110500,0.000000,0.00
randomArrays.txt,2,330,0.115100,0.000000,0.00
randomArrays.txt,3,330,1.006700,0.000000,0.00
randomArrays.txt,1,273,0.087200,0.000000,0.00
randomArrays.txt,2,273,0.077500,0.000000,0.00
randomArrays.txt,3,273,0.076100,0.000000,0.00
randomArrays.txt,1,323,0.087400,0.000000,0.00
randomArrays.txt,2,323,0.085200,0.000000,0.00
randomArrays.txt,3,323,0.095800,0.000000,0.00
randomArrays.txt,1,156,0.025100,0.000000,0.00
randomArrays.txt,2,156,0.024900,0.000000,0.00
randomArrays.txt,3,156,0.024100,0.000000,0.00
randomArrays.txt,1,202,0.038400,0.000000,0.00
randomArrays.txt,2,202,0.044700,0.000000,0.00
randomArrays.txt,3,202,0.044200,0.000000,0.00
randomArrays.txt,1,201,0.044600,0.000000,0.00
randomArrays.txt,2,201,0.043000,0.000000,0.00
randomArrays.txt,3,201,0.042800,0.000000,0.00
randomArrays.txt,1,230,0.052500,0.000000,0.00
randomArrays.txt,2,230,0.050200,0.000000,0.00
randomArrays.txt,3,230,0.048300,0.000000,0.00
randomArrays.txt,1,399,0.158300,0.000000,0.00
randomArrays.txt,2,399,0.146300,0.000000,0.00
randomArrays.txt,3,399,0.166700,0.000000,0.00
randomArrays.txt,1,354,0.147500,0.031250,0.00
randomArrays.txt,2,354,0.133200,0.000000,0.00
randomArrays.txt,3,354,0.112100,0.000000,0.00
randomArrays.txt,1,334,0.106900,0.000000,0.00
randomArrays.txt,2,334,0.104600,0.000000,0.00
randomArrays.txt,3,334,0.111000,0.000000,0.00
randomArrays.txt,1,538,0.278700,0.000000,0.00
randomArrays.txt,2,538,0.278000,0.000000,0.00
randomArrays.txt,3,538,0.273900,0.000000,0.00
randomArrays.txt,1,238,0.059700,0.000000,0.00
randomArrays.txt,2,238,0.054600,0.000000,0.00
randomArrays.txt,3,238,0.058200,0.000000,0.00
randomArrays.txt,1,415,0.180900,0.000000,0.00
randomArrays.txt,2,415,0.169900,0.000000,0.00
randomArrays.txt,3,415,1.519200,0.000000,0.00
randomArrays.txt,1,498,0.223700,0.000000,0.00
randomArrays.txt,2,498,0.236500,0.000000,0.00
randomArrays.txt,3,498,0.237900,0.000000,0.00
randomArrays.txt,1,193,0.042900,0.000000,0.00
randomArrays.txt,2,193,0.042100,0.000000,0.00
randomArrays.txt,3,193,0.043300,0.000000,0.00
randomArrays.txt,1,125,0.019300,0.000000,0.00
randomArrays.txt,2,125,0.017400,0.000000,0.00
randomArrays.txt,3,125,0.016900,0.000000,0.00
randomArrays.txt,1,100,0.012800,0.000000,0.00
randomArrays.txt,2,100,0.012400,0.000000,0.00
randomArrays.txt,3,100,0.011300,0.000000,0.00
randomArrays.txt,1,742,0.527000,0.000000,0.00
randomArrays.txt,2,742,0.528300,0.000000,0.00
randomArrays.txt,3,742,0.516300,0.000000,0.00
randomArrays.txt,1,588,0.333500,0.000000,0.00
randomArrays.txt,2,588,0.332300,0.000000,0.00
randomArrays.txt,3,588,0.330200,0.000000,0.00
randomArrays.txt,1,355,0.125300,0.000000,0.00
randomArrays.txt,2,355,0.123300,0.000000,0.00
randomArrays.txt,3,355,0.105900,0.000000,0.00
randomArrays.txt,1,167,0.028800,0.000000,0.00
randomArrays.txt,2,167,0.027500,0.000000,0.00
randomArrays.txt,3,167,0.028800,0.000000,0.00
randomArrays.txt,1,518,0.240900,0.000000,0.00
randomArrays.txt,2,518,0.236800,0.000000,0.00
randomArrays.txt,3,518,0.277200,0.031250,0.00
randomArrays.txt,1,649,0.411000,0.000000,0.00
randomArrays.txt,2,649,0.405300,0.000000,0.00
randomArrays.txt,3,649,0.422900,0.000000,0.00
randomArrays.txt,1,280,0.082500,0.000000,0.00
randomArrays.txt,2,280,0.082500,0.000000,0.00
randomArrays.txt,3,280,0.082000,0.000000,0.00
randomArrays.txt,1,842,0.654500,0.000000,0.00
randomArrays.txt,2,842,0.671000,0.000000,0.00
randomArrays.txt,3,842,0.766300,0.000000,0.00
randomArrays.txt,1,586,0.349800,0.000000,0.00
randomArrays.txt,2,586,0.350500,0.000000,0.00
randomArrays.txt,3,586,0.345900,0.000000,0.00
randomArrays.txt,1,519,0.253300,0.000000,0.00
randomArrays.txt,2,519,0.247700,0.000000,0.00
randomArrays.txt,3,519,1.105000,0.000000,0.00
randomArrays.txt,1,112,0.015000,0.000000,0.00
randomArrays.txt,2,112,0.014500,0.000000,0.00
randomArrays.txt,3,112,0.014200,0.000000,0.00
randomArrays.txt,1,320,0.111000,0.000000,0.00
randomArrays.txt,2,320,0.078700,0.000000,0.00
randomArrays.txt,3,320,0.107400,0.000000,0.00
randomArrays.txt,1,61,0.005800,0.000000,0.00
randomArrays.txt,2,61,0.005700,0.000000,0.00
randomArrays.txt,3,61,0.005500,0.000000,0.00
randomArrays.txt,1,709,0.497900,0.000000,0.00
randomArrays.txt,2,709,0.498200,0.000000,0.00
randomArrays.txt,3,709,0.476400,0.000000,0.00
randomArrays.txt,1,671,0.429100,0.000000,0.00
randomArrays.txt,2,671,0.428800,0.000000,0.00
randomArrays.txt,3,671,0.448700,0.031250,0.00
randomArrays.txt,1,437,0.216600,0.000000,0.00
randomArrays.txt,2,437,0.204600,0.000000,0.00
randomArrays.txt,3,437,0.204600,0.000000,0.00
randomArrays.txt,1,499,0.260500,0.000000,0.00
randomArrays.txt,2,499,0.264200,0.000000,0.00
randomArrays.txt,3,499,0.242300,0.000000,0.00
randomArrays.txt,1,503,0.212300,0.000000,0.00
randomArrays.txt,2,503,0.213900,0.000000,0.00
randomArrays.txt,3,503,0.212500,0.000000,0.00
randomArrays.txt,1,676,0.391400,0.000000,0.00
randomArrays.txt,2,676,0.423600,0.000000,0.00
randomArrays.txt,3,676,0.415800,0.000000,0.00
randomArrays.txt,1,594,0.262800,0.000000,0.00
randomArrays.txt,2,594,0.298800,0.000000,0.00
randomArrays.txt,3,594,1.782900,0.000000,0.00
randomArrays.txt,1,48,0.004300,0.000000,0.00
randomArrays.txt,2,48,0.004300,0.000000,0.00
randomArrays.txt,3,48,0.004300,0.000000,0.00
randomArrays.txt,1,590,0.313200,0.000000,0.00
randomArrays.txt,2,590,0.329800,0.000000,0.00
randomArrays.txt,3,590,0.317900,0.000000,0.00
randomArrays.txt,1,861,0.726000,0.000000,0.00
randomArrays.txt,2,861,0.709000,0.000000,0.00
randomArrays.txt,3,861,3.208400,0.000000,0.00
randomArrays.txt,1,363,0.111500,0.000000,0.00
randomArrays.txt,2,363,0.109500,0.000000,0.00
randomArrays.txt,3,363,0.109800,0.000000,0.00
randomArrays.txt,1,779,0.580900,0.000000,0.00
randomArrays.txt,2,779,0.388300,0.000000,0.00
randomArrays.txt,3,779,0.620200,0.000000,0.00
randomArrays.txt,1,301,0.077700,0.000000,0.00
randomArrays.txt,2,301,0.105700,0.000000,0.00
randomArrays.txt,3,301,0.079200,0.000000,0.00
randomArrays.txt,1,545,0.258400,0.000000,0.00
randomArrays.txt,2,545,0.303500,0.000000,0.00
randomArrays.txt,3,545,0.279500,0.000000,0.00
randomArrays.txt,1,24,0.001800,0.000000,0.00
randomArrays.txt,2,24,0.001500,0.000000,0.00
randomArrays.txt,3,24,0.001600,0.000000,0.00
randomArrays.txt,1,440,0.180800,0.000000,0.00
randomArrays.txt,2,440,0.164800,0.000000,0.00
randomArrays.txt,3,440,0.187400,0.000000,0.00
randomArrays.txt,1,661,0.438000,0.000000,0.00
randomArrays.txt,2,661,0.286200,0.031250,0.00
randomArrays.txt,3,661,0.430100,0.000000,0.00
randomArrays.txt,1,583,0.347500,0.000000,0.00
randomArrays.txt,2,583,0.243500,0.000000,0.00
randomArrays.txt,3,583,0.363600,0.000000,0.00
randomArrays.txt,1,478,0.202400,0.000000,0.00
randomArrays.txt,2,478,0.197900,0.000000,0.00
randomArrays.txt,3,478,0.138900,0.000000,0.00
randomArrays.txt,1,220,0.044400,0.000000,0.00
randomArrays.txt,2,220,0.039700,0.000000,0.00
randomArrays.txt,3,220,0.044000,0.000000,0.00
randomArrays.txt,1,458,0.190300,0.000000,0.00
randomArrays.txt,2,458,0.196500,0.000000,0.00
randomArrays.txt,3,458,0.192300,0.000000,0.00
randomArrays.txt,1,783,0.582500,0.000000,0.00
randomArrays.txt,2,783,0.392900,0.000000,0.00
randomArrays.txt,3,783,0.381300,0.000000,0.00
randomArrays.txt,1,554,0.177100,0.000000,0.00
randomArrays.txt,2,554,0.189200,0.000000,0.00
randomArrays.txt,3,554,0.206100,0.000000,0.00
randomArrays.txt,1,167,0.019600,0.000000,0.00
randomArrays.txt,2,167,0.028200,0.000000,0.00
randomArrays.txt,3,167,0.026400,0.000000,0.00
randomArrays.txt,1,338,0.089900,0.000000,0.00
randomArrays.txt,2,338,0.090500,0.000000,0.00
randomArrays.txt,3,338,0.101600,0.000000,0.00
randomArrays.txt,1,321,0.088000,0.000000,0.00
randomArrays.txt,2,321,0.090400,0.000000,0.00
randomArrays.txt,3,321,0.090100,0.000000,0.00
randomArrays.txt,1,414,0.121400,0.000000,0.00
randomArrays.txt,2,414,0.162300,0.000000,0.00
randomArrays.txt,3,414,0.185800,0.000000,0.00
randomArrays.txt,1,630,0.351100,0.000000,0.00
randomArrays.txt,2,630,0.349300,0.000000,0.00
randomArrays.txt,3,630,0.356400,0.000000,0.00
randomArrays.txt,1,572,0.296500,0.000000,0.00
randomArrays.txt,2,572,0.676700,0.000000,0.00
randomArrays.txt,3,572,0.278000,0.000000,0.00
randomArrays.txt,1,119,0.016700,0.000000,0.00
randomArrays.txt,2,119,0.019400,0.000000,0.00
randomArrays.txt,3,119,0.018100,0.000000,0.00
randomArrays.txt,1,852,0.415800,0.000000,0.00
randomArrays.txt,2,852,0.717100,0.000000,0.00
randomArrays.txt,3,852,2.647500,0.000000,0.00
randomArrays.txt,1,392,0.191400,0.000000,0.00
randomArrays.txt,2,392,0.105700,0.000000,0.00
randomArrays.txt,3,392,0.135700,0.000000,0.00
randomArrays.txt,1,744,0.309800,0.000000,0.00
randomArrays.txt,2,744,0.973300,0.000000,0.00
randomArrays.txt,3,744,0.318000,0.000000,0.00
randomArrays.txt,1,767,0.349400,0.000000,0.00
randomArrays.txt,2,767,0.330900,0.000000,0.00
randomArrays.txt,3,767,0.333200,0.000000,0.00
randomArrays.txt,1,419,0.187300,0.000000,0.00
randomArrays.txt,2,419,0.145100,0.000000,0.00
randomArrays.txt,3,419,0.207300,0.000000,0.00
randomArrays.txt,1,186,0.036300,0.000000,0.00
randomArrays.txt,2,186,0.023600,0.000000,0.00
randomArrays.txt,3,186,0.036000,0.000000,0.00
randomArrays.txt,1,498,0.152200,0.000000,0.00
randomArrays.txt,2,498,0.167700,0.000000,0.00
randomArrays.txt,3,498,0.160500,0.000000,0.00
randomArrays.txt,1,369,0.102600,0.000000,0.00
randomArrays.txt,2,369,0.107400,0.000000,0.00
randomArrays.txt,3,369,0.103300,0.000000,0.00
randomArrays.txt,1,545,0.227400,0.000000,0.00
randomArrays.txt,2,545,0.185100,0.000000,0.00
randomArrays.txt,3,545,0.187900,0.015625,0.00
randomArrays.txt,1,585,0.495800,0.000000,0.00
randomArrays.txt,2,585,0.369900,0.000000,0.00
randomArrays.txt,3,585,0.247500,0.000000,0.00
randomArrays.txt,1,232,0.051900,0.000000,0.00
randomArrays.txt,2,232,0.050000,0.000000,0.00
randomArrays.txt,3,232,0.051400,0.000000,0.00
randomArrays.txt,1,683,0.284700,0.000000,0.00
randomArrays.txt,2,683,0.284700,0.000000,0.00
randomArrays.txt,3,683,0.535600,0.000000,0.00
randomArrays.txt,1,373,0.125800,0.000000,0.00
randomArrays.txt,2,373,0.125500,0.000000,0.00
randomArrays.txt,3,373,0.121600,0.000000,0.00
randomArrays.txt,1,67,0.004600,0.000000,0.00
randomArrays.txt,2,67,0.006600,0.000000,0.00
randomArrays.txt,3,67,0.006400,0.000000,0.00
randomArrays.txt,1,47,0.003900,0.000000,0.00
randomArrays.txt,2,47,0.003900,0.000000,0.00
randomArrays.txt,3,47,0.003900,0.000000,0.00
randomArrays.txt,1,353,0.130100,0.000000,0.00
randomArrays.txt,2,353,0.112000,0.000000,0.00
randomArrays.txt,3,353,0.124200,0.000000,0.00
randomArrays.txt,1,165,0.027900,0.000000,0.00
randomArrays.txt,2,165,0.029800,0.000000,0.00
randomArrays.txt,3,165,0.027700,0.000000,0.00
randomArrays.txt,1,822,0.562000,0.000000,0.00
randomArrays.txt,2,822,0.630700,0.000000,0.00
randomArrays.txt,3,822,0.614600,0.000000,0.00
randomArrays.txt,1,207,0.041100,0.000000,0.00
randomArrays.txt,2,207,0.039300,0.000000,0.00
randomArrays.txt,3,207,0.039500,0.000000,0.00
randomArrays.txt,1,365,0.123900,0.000000,0.00
randomArrays.txt,2,365,0.129800,0.000000,0.00
randomArrays.txt,3,365,0.127800,0.000000,0.00
randomArrays.txt,1,33,0.002500,0.000000,0.00
randomArrays.txt,2,33,0.002300,0.000000,0.00
randomArrays.txt,3,33,0.002000,0.000000,0.00
randomArrays.txt,1,324,0.109200,0.000000,0.00
randomArrays.txt,2,324,0.108600,0.000000,0.00
randomArrays.txt,3,324,0.100200,0.000000,0.00
randomArrays.txt,1,533,0.243800,0.000000,0.00
randomArrays.txt,2,533,0.284900,0.000000,0.00
randomArrays.txt,3,533,0.265700,0.000000,0.00
randomArrays.txt,1,467,0.195700,0.000000,0.00
randomArrays.txt,2,467,0.185500,0.000000,0.00
randomArrays.txt,3,467,0.368500,0.000000,0.00
randomArrays.txt,1,653,0.410300,0.000000,0.00
randomArrays.txt,2,653,0.388000,0.000000,0.00
randomArrays.txt,3,653,0.359400,0.000000,0.00
randomArrays.txt,1,262,0.066500,0.000000,0.00
randomArrays.txt,2,262,0.067200,0.000000,0.00
randomArrays.txt,3,262,0.079700,0.000000,0.00
randomArrays.txt,1,26,0.002000,0.000000,0.00
randomArrays.txt,2,26,0.001400,0.000000,0.00
randomArrays.txt,3,26,0.003300,0.000000,0.00
randomArrays.txt,1,705,0.447900,0.000000,0.00
randomArrays.txt,2,705,0.454800,0.000000,0.00
randomArrays.txt,3,705,0.432100,0.000000,0.00
randomArrays.txt,1,145,0.020200,0.000000,0.00
randomArrays.txt,2,145,0.022200,0.000000,0.00
randomArrays.txt,3,145,0.025500,0.000000,0.00
randomArrays.txt,1,40,0.003500,0.000000,0.00
randomArrays.txt,2,40,0.003600,0.000000,0.00
randomArrays.txt,3,40,0.003100,0.000000,0.00
randomArrays.txt,1,418,0.159700,0.000000,0.00
randomArrays.txt,2,418,0.173200,0.000000,0.00
randomArrays.txt,3,418,0.169800,0.000000,0.00
randomArrays.txt,1,20,0.001400,0.000000,0.00
randomArrays.txt,2,20,0.001100,0.000000,0.00
randomArrays.txt,3,20,0.001200,0.000000,0.00
randomArrays.txt,1,618,0.381300,0.000000,0.00
randomArrays.txt,2,618,0.329400,0.000000,0.00
randomArrays.txt,3,618,0.374400,0.015625,0.00
randomArrays.txt,1,463,0.179600,0.000000,0.00
randomArrays.txt,2,463,0.178400,0.000000,0.00
randomArrays.txt,3,463,0.199600,0.000000,0.00
randomArrays.txt,1,310,0.094000,0.000000,0.00
randomArrays.txt,2,310,0.097300,0.000000,0.00
randomArrays.txt,3,310,0.097400,0.000000,0.00
randomArrays.txt,1,753,0.513400,0.000000,0.00
randomArrays.txt,2,753,3.213800,0.015625,0.00
randomArrays.txt,3,753,0.543500,0.000000,0.00
randomArrays.txt,1,203,0.039100,0.000000,0.00
randomArrays.txt,2,203,0.039100,0.000000,0.00
randomArrays.txt,3,203,0.039000,0.000000,0.00
randomArrays.txt,1,756,0.537500,0.000000,0.00
randomArrays.txt,2,756,0.509800,0.000000,0.00
randomArrays.txt,3,756,0.547500,0.000000,0.00
randomArrays.txt,1,631,0.368400,0.000000,0.00
randomArrays.txt,2,631,0.332200,0.000000,0.00
randomArrays.txt,3,631,3.182300,0.000000,0.00
randomArrays.txt,1,788,0.589100,0.000000,0.00
randomArrays.txt,2,788,0.570400,0.000000,0.00
randomArrays.txt,3,788,0.565200,0.000000,0.00
randomArrays.txt,1,364,0.105200,0.000000,0.00
randomArrays.txt,2,364,0.128500,0.000000,0.00
randomArrays.txt,3,364,0.130700,0.000000,0.00
randomArrays.txt,1,435,0.170600,0.000000,0.00
randomArrays.txt,2,435,0.173600,0.000000,0.00
randomArrays.txt,3,435,0.181000,0.000000,0.00
randomArrays.txt,1,379,0.121700,0.000000,0.00
randomArrays.txt,2,379,0.132500,0.000000,0.00
randomArrays.txt,3,379,0.154100,0.000000,0.00
randomArrays.txt,1,208,0.042900,0.000000,0.00
randomArrays.txt,2,208,0.039800,0.000000,0.00
randomArrays.txt,3,208,0.042500,0.000000,0.00
randomArrays.txt,1,503,0.190200,0.000000,0.00
randomArrays.txt,2,503,0.214600,0.000000,0.00
randomArrays.txt,3,503,0.222500,0.000000,0.00
randomArrays.txt,1,97,0.012300,0.000000,0.00
randomArrays.txt,2,97,0.011700,0.000000,0.00
randomArrays.txt,3,97,0.012000,0.000000,0.00
randomArrays.txt,1,266,0.074100,0.000000,0.00
randomArrays.txt,2,266,0.058400,0.000000,0.00
randomArrays.txt,3,266,0.066300,0.000000,0.00
randomArrays.txt,1,828,0.631800,0.000000,0.00
randomArrays.txt,2,828,0.573100,0.000000,0.00
randomArrays.txt,3,828,0.618800,0.000000,0.00
randomArrays.txt,1,319,0.083900,0.000000,0.00
randomArrays.txt,2,319,0.090400,0.000000,0.00
randomArrays.txt,3,319,0.087500,0.000000,0.00
randomArrays.txt,1,898,0.727000,0.000000,0.00
randomArrays.txt,2,898,0.703100,0.000000,0.00
randomArrays.txt,3,898,5.057800,0.000000,0.00
randomArrays.txt,1,380,0.142500,0.000000,0.00
randomArrays.txt,2,380,0.117600,0.000000,0.00
randomArrays.txt,3,380,0.152200,0.000000,0.00
randomArrays.txt,1,450,0.221000,0.000000,0.00
randomArrays.txt,2,450,0.187200,0.000000,0.00
randomArrays.txt,3,450,0.185400,0.000000,0.00
randomArrays.txt,1,142,0.024000,0.000000,0.00
randomArrays.txt,2,142,0.023600,0.000000,0.00
randomArrays.txt,3,142,0.027500,0.000000,0.00
randomArrays.txt,1,434,0.171000,0.000000,0.00
randomArrays.txt,2,434,0.148700,0.000000,0.00
randomArrays.txt,3,434,0.160500,0.000000,0.00
randomArrays.txt,1,96,0.011700,0.000000,0.00
randomArrays.txt,2,96,0.011000,0.000000,0.00
randomArrays.txt,3,96,0.011200,0.000000,0.00
randomArrays.txt,1,641,0.394400,0.000000,0.00
randomArrays.txt,2,641,0.363000,0.000000,0.00
randomArrays.txt,3,641,0.371600,0.000000,0.00
randomArrays.txt,1,538,0.287300,0.000000,0.00
randomArrays.txt,2,538,0.284300,0.000000,0.00
randomArrays.txt,3,538,0.274900,0.000000,0.00
randomArrays.txt,1,502,0.247900,0.000000,0.00
randomArrays.txt,2,502,0.244500,0.000000,0.00
randomArrays.txt,3,502,0.887500,0.000000,0.00
randomArrays.txt,1,599,0.320400,0.000000,0.00
randomArrays.txt,2,599,0.309200,0.000000,0.00
randomArrays.txt,3,599,0.306300,0.000000,0.00
randomArrays.txt,1,299,0.083400,0.000000,0.00
randomArrays.txt,2,299,0.088400,0.000000,0.00
randomArrays.txt,3,299,0.085900,0.000000,0.00
randomArrays.txt,1,620,0.342900,0.000000,0.00
randomArrays.txt,2,620,0.350600,0.000000,0.00
randomArrays.txt,3,620,0.383900,0.000000,0.00
randomArrays.txt,1,606,0.350000,0.000000,0.00
randomArrays.txt,2,606,0.342600,0.000000,0.00
randomArrays.txt,3,606,0.350000,0.000000,0.00
randomArrays.txt,1,282,0.062200,0.000000,0.00
randomArrays.txt,2,282,0.072600,0.000000,0.00
randomArrays.txt,3,282,0.069500,0.000000,0.00
randomArrays.txt,1,205,0.044100,0.000000,0.00
randomArrays.txt,2,205,0.042800,0.000000,0.00
randomArrays.txt,3,205,0.043800,0.000000,0.00
randomArrays.txt,1,504,0.210300,0.000000,0.00
randomArrays.txt,2,504,0.216200,0.000000,0.00
randomArrays.txt,3,504,0.205600,0.000000,0.00
randomArrays.txt,1,315,0.095100,0.000000,0.00
randomArrays.txt,2,315,0.092900,0.000000,0.00
randomArrays.txt,3,315,0.093400,0.000000,0.00
randomArrays.txt,1,739,0.497700,0.000000,0.00
randomArrays.txt,2,739,0.499900,0.000000,0.00
randomArrays.txt,3,739,0.496600,0.000000,0.00
randomArrays.txt,1,226,0.040100,0.000000,0.00
randomArrays.txt,2,226,0.045700,0.000000,0.00
randomArrays.txt,3,226,0.043300,0.000000,0.00
randomArrays.txt,1,239,0.053900,0.000000,0.00
randomArrays.txt,2,239,0.061600,0.000000,0.00
randomArrays.txt,3,239,0.058900,0.000000,0.00
randomArrays.txt,1,656,0.388300,0.000000,0.00
randomArrays.txt,2,656,0.390400,0.000000,0.00
randomArrays.txt,3,656,0.390800,0.000000,0.00
randomArrays.txt,1,467,0.216100,0.000000,0.00
randomArrays.txt,2,467,0.208200,0.000000,0.00
randomArrays.txt,3,467,0.200400,0.000000,0.00
randomArrays.txt,1,855,0.687700,0.000000,0.00
randomArrays.txt,2,855,0.683900,0.000000,0.00
randomArrays.txt,3,855,0.728800,0.015625,0.00
randomArrays.txt,1,12,0.000900,0.000000,0.00
randomArrays.txt,2,12,0.000700,0.000000,0.00
randomArrays.txt,3,12,0.000700,0.000000,0.00
randomArrays.txt,1,751,0.468100,0.000000,0.00
randomArrays.txt,2,751,0.483600,0.000000,0.00
randomArrays.txt,3,751,4.127600,0.000000,0.00
randomArrays.txt,1,426,0.182700,0.000000,0.00
randomArrays.txt,2,426,0.179100,0.000000,0.00
randomArrays.txt,3,426,0.178400,0.015625,0.00
randomArrays.txt,1,735,0.482300,0.000000,0.00
randomArrays.txt,2,735,0.499000,0.000000,0.00
randomArrays.txt,3,735,0.528800,0.015625,0.00
randomArrays.txt,1,321,0.094500,0.000000,0.00
randomArrays.txt,2,321,0.100800,0.000000,0.00
randomArrays.txt,3,321,0.101200,0.000000,0.00
randomArrays.txt,1,522,0.251600,0.000000,0.00
randomArrays.txt,2,522,0.277000,0.000000,0.00
randomArrays.txt,3,522,0.659700,0.000000,0.00
randomArrays.txt,1,888,0.720100,0.000000,0.00
randomArrays.txt,2,888,0.724600,0.000000,0.00
randomArrays.txt,3,888,0.732900,0.000000,0.00
randomArrays.txt,1,118,0.018000,0.000000,0.00
randomArrays.txt,2,118,0.017800,0.000000,0.00
randomArrays.txt,3,118,0.017600,0.000000,0.00
randomArrays.txt,1,813,0.573700,0.000000,0.00
randomArrays.txt,2,813,0.559900,0.000000,0.00
randomArrays.txt,3,813,0.586200,0.000000,0.00
randomArrays.txt,1,547,0.297400,0.000000,0.00
randomArrays.txt,2,547,0.294900,0.000000,0.00
randomArrays.txt,3,547,0.294100,0.000000,0.00
randomArrays.txt,1,860,0.674600,0.000000,0.00
randomArrays.txt,2,860,0.680700,0.000000,0.00
randomArrays.txt,3,860,0.684200,0.000000,0.00
randomArrays.txt,1,189,0.043300,0.000000,0.00
randomArrays.txt,2,189,0.042500,0.000000,0.00
randomArrays.txt,3,189,0.042300,0.000000,0.00
randomArrays.txt,1,668,0.392800,0.000000,0.00
randomArrays.txt,2,668,0.382000,0.000000,0.00
randomArrays.txt,3,668,0.389200,0.000000,0.00
randomArrays.txt,1,583,0.328200,0.000000,0.00
randomArrays.txt,2,583,0.430900,0.000000,0.00
randomArrays.txt,3,583,0.258700,0.000000,0.00
randomArrays.txt,1,489,0.208200,0.000000,0.00
randomArrays.txt,2,489,0.236100,0.000000,0.00
randomArrays.txt,3,489,0.240300,0.000000,0.00
randomArrays.txt,1,414,0.114800,0.000000,0.00
randomArrays.txt,2,414,0.177000,0.000000,0.00
randomArrays.txt,3,414,0.126300,0.000000,0.00
randomArrays.txt,1,742,0.316000,0.000000,0.00
randomArrays.txt,2,742,0.312200,0.000000,0.00
randomArrays.txt,3,742,0.315700,0.000000,0.00
randomArrays.txt,1,358,0.126300,0.000000,0.00
randomArrays.txt,2,358,0.124400,0.000000,0.00
randomArrays.txt,3,358,0.111100,0.000000,0.00
randomArrays.txt,1,741,0.308100,0.000000,0.00
randomArrays.txt,2,741,0.662200,0.000000,0.00
randomArrays.txt,3,741,0.544300,0.000000,0.00
randomArrays.txt,1,470,0.218400,0.000000,0.00
randomArrays.txt,2,470,0.251300,0.000000,0.00
randomArrays.txt,3,470,0.176400,0.000000,0.00
randomArrays.txt,1,111,0.014700,0.000000,0.00
randomArrays.txt,2,111,0.014000,0.000000,0.00
randomArrays.txt,3,111,0.014400,0.000000,0.00
randomArrays.txt,1,546,0.179400,0.000000,0.00
randomArrays.txt,2,546,0.184200,0.000000,0.00
randomArrays.txt,3,546,0.181700,0.000000,0.00
randomArrays.txt,1,591,0.198900,0.000000,0.00
randomArrays.txt,2,591,0.183100,0.000000,0.00
randomArrays.txt,3,591,0.202300,0.000000,0.00
randomArrays.txt,1,884,0.475400,0.000000,0.00
randomArrays.txt,2,884,0.434800,0.000000,0.00
randomArrays.txt,3,884,0.445300,0.000000,0.00
randomArrays.txt,1,684,0.265200,0.000000,0.00
randomArrays.txt,2,684,0.260000,0.000000,0.00
randomArrays.txt,3,684,0.259400,0.000000,0.00
randomArrays.txt,1,739,0.322300,0.000000,0.00
randomArrays.txt,2,739,0.318900,0.000000,0.00
randomArrays.txt,3,739,0.318600,0.000000,0.00
randomArrays.txt,1,725,0.295100,0.000000,0.00
randomArrays.txt,2,725,0.299300,0.000000,0.00
randomArrays.txt,3,725,0.295000,0.000000,0.00
randomArrays.txt,1,893,0.437300,0.000000,0.00
randomArrays.txt,2,893,0.444200,0.000000,0.00
randomArrays.txt,3,893,0.435800,0.000000,0.00
randomArrays.txt,1,16,0.001200,0.000000,0.00
randomArrays.txt,2,16,0.000800,0.000000,0.00
randomArrays.txt,3,16,0.000700,0.000000,0.00
randomArrays.txt,1,467,0.171700,0.000000,0.00
randomArrays.txt,2,467,0.212600,0.000000,0.00
randomArrays.txt,3,467,0.174200,0.000000,0.00
randomArrays.txt,1,307,0.077200,0.000000,0.00
randomArrays.txt,2,307,0.076900,0.000000,0.00
randomArrays.txt,3,307,0.082000,0.000000,0.00
randomArrays.txt,1,235,0.057100,0.000000,0.00
randomArrays.txt,2,235,0.056000,0.000000,0.00
randomArrays.txt,3,235,0.056200,0.000000,0.00
randomArrays.txt,1,377,0.146900,0.000000,0.00
randomArrays.txt,2,377,0.119200,0.000000,0.00
randomArrays.txt,3,377,0.102900,0.000000,0.00
randomArrays.txt,1,448,0.137100,0.000000,0.00
randomArrays.txt,2,448,0.140100,0.000000,0.00
randomArrays.txt,3,448,0.117100,0.000000,0.00
randomArrays.txt,1,98,0.011700,0.000000,0.00
randomArrays.txt,2,98,0.013700,0.000000,0.00
randomArrays.txt,3,98,0.011600,0.000000,0.00
randomArrays.txt,1,456,0.159500,0.000000,0.00
randomArrays.txt,2,456,0.211500,0.000000,0.00
randomArrays.txt,3,456,0.215300,0.000000,0.00
randomArrays.txt,1,118,0.014200,0.000000,0.00
randomArrays.txt,2,118,0.013700,0.000000,0.00
randomArrays.txt,3,118,0.017100,0.000000,0.00
randomArrays.txt,1,406,0.133400,0.000000,0.00
randomArrays.txt,2,406,0.114700,0.000000,0.00
randomArrays.txt,3,406,0.132400,0.000000,0.00
randomArrays.txt,1,33,0.002900,0.000000,0.00
randomArrays.txt,2,33,0.002500,0.000000,0.00
randomArrays.txt,3,33,0.002400,0.000000,0.00
randomArrays.txt,1,517,0.189000,0.000000,0.00
randomArrays.txt,2,517,0.200900,0.000000,0.00
randomArrays.txt,3,517,0.190700,0.000000,0.00
randomArrays.txt,1,248,0.056400,0.000000,0.00
randomArrays.txt,2,248,0.058700,0.000000,0.00
randomArrays.txt,3,248,0.057700,0.000000,0.00
randomArrays.txt,1,61,0.006500,0.000000,0.00
randomArrays.txt,2,61,0.005000,0.000000,0.00
randomArrays.txt,3,61,0.005600,0.000000,0.00
randomArrays.txt,1,547,0.273100,0.000000,0.00
randomArrays.txt,2,547,0.181900,0.000000,0.00
randomArrays.txt,3,547,0.277100,0.000000,0.00
randomArrays.txt,1,602,0.270800,0.000000,0.00
randomArrays.txt,2,602,0.352600,0.000000,0.00
randomArrays.txt,3,602,0.246000,0.000000,0.00
randomArrays.txt,1,579,0.310500,0.000000,0.00
randomArrays.txt,2,579,0.313000,0.000000,0.00
randomArrays.txt,3,579,0.312100,0.000000,0.00
randomArrays.txt,1,653,0.282100,0.000000,0.00
randomArrays.txt,2,653,0.393200,0.000000,0.00
randomArrays.txt,3,653,0.265200,0.000000,0.00
randomArrays.txt,1,866,0.780000,0.000000,0.00
randomArrays.txt,2,866,0.583200,0.000000,0.00
randomArrays.txt,3,866,0.636200,0.000000,0.00
randomArrays.txt,1,417,0.131700,0.000000,0.00
randomArrays.txt,2,417,0.126300,0.000000,0.00
randomArrays.txt,3,417,0.125700,0.000000,0.00
randomArrays.txt,1,386,0.124700,0.000000,0.00
randomArrays.txt,2,386,0.119100,0.000000,0.00
randomArrays.txt,3,386,0.103600,0.000000,0.00
randomArrays.txt,1,349,0.099400,0.000000,0.00
randomArrays.txt,2,349,0.104000,0.000000,0.00
randomArrays.txt,3,349,0.102200,0.000000,0.00
randomArrays.txt,1,598,0.227400,0.000000,0.00
randomArrays.txt,2,598,0.229100,0.000000,0.00
randomArrays.txt,3,598,0.210800,0.000000,0.00
randomArrays.txt,1,856,0.413700,0.000000,0.00
randomArrays.txt,2,856,0.416700,0.000000,0.00
randomArrays.txt,3,856,0.419400,0.000000,0.00
randomArrays.txt,1,152,0.027200,0.000000,0.00
randomArrays.txt,2,152,0.027000,0.000000,0.00
randomArrays.txt,3,152,0.027200,0.000000,0.00
randomArrays.txt,1,436,0.177900,0.000000,0.00
randomArrays.txt,2,436,0.162300,0.000000,0.00
randomArrays.txt,3,436,0.154900,0.000000,0.00
randomArrays.txt,1,356,0.107600,0.000000,0.00
randomArrays.txt,2,356,0.237000,0.000000,0.00
randomArrays.txt,3,356,0.111700,0.000000,0.00
randomArrays.txt,1,598,0.235100,0.000000,0.00
randomArrays.txt,2,598,0.229700,0.000000,0.00
randomArrays.txt,3,598,0.293200,0.000000,0.00
randomArrays.txt,1,578,0.201100,0.015625,0.00
randomArrays.txt,2,578,0.199300,0.000000,0.00
randomArrays.txt,3,578,0.181100,0.000000,0.00
randomArrays.txt,1,786,0.343900,0.000000,0.00
randomArrays.txt,2,786,0.354000,0.000000,0.00
randomArrays.txt,3,786,0.350600,0.000000,0.00
randomArrays.txt,1,124,0.016500,0.000000,0.00
randomArrays.txt,2,124,0.016300,0.000000,0.00
randomArrays.txt,3,124,0.015700,0.000000,0.00
randomArrays.txt,1,439,0.174200,0.000000,0.00
randomArrays.txt,2,439,0.141400,0.000000,0.00
randomArrays.txt,3,439,0.169700,0.000000,0.00
randomArrays.txt,1,492,0.150800,0.000000,0.00
randomArrays.txt,2,492,0.167800,0.000000,0.00
randomArrays.txt,3,492,0.169500,0.000000,0.00
randomArrays.txt,1,207,0.040300,0.000000,0.00
randomArrays.txt,2,207,0.041500,0.000000,0.00
randomArrays.txt,3,207,0.079300,0.000000,0.00
randomArrays.txt,1,100,0.012300,0.000000,0.00
randomArrays.txt,2,100,0.012000,0.000000,0.00
randomArrays.txt,3,100,0.011000,0.000000,0.00
randomArrays.txt,1,591,0.317000,0.000000,0.00
randomArrays.txt,2,591,0.318400,0.000000,0.00
randomArrays.txt,3,591,0.244100,0.000000,0.00
randomArrays.txt,1,397,0.143100,0.000000,0.00
randomArrays.txt,2,397,0.149200,0.000000,0.00
randomArrays.txt,3,397,0.145300,0.000000,0.00
randomArrays.txt,1,295,0.064900,0.000000,0.00
randomArrays.txt,2,295,0.086300,0.000000,0.00
randomArrays.txt,3,295,0.080000,0.000000,0.00
randomArrays.txt,1,733,0.479200,0.000000,0.00
randomArrays.txt,2,733,0.492200,0.000000,0.00
randomArrays.txt,3,733,0.505000,0.000000,0.00
randomArrays.txt,1,231,0.049500,0.000000,0.00
randomArrays.txt,2,231,0.052600,0.015625,0.00
randomArrays.txt,3,231,0.049200,0.000000,0.00
randomArrays.txt,1,565,0.299500,0.000000,0.00
randomArrays.txt,2,565,0.270300,0.000000,0.00
randomArrays.txt,3,565,0.327600,0.000000,0.00
randomArrays.txt,1,74,0.007900,0.000000,0.00
randomArrays.txt,2,74,0.006700,0.000000,0.00
randomArrays.txt,3,74,0.007000,0.000000,0.00
randomArrays.txt,1,647,0.624900,0.000000,0.00
randomArrays.txt,2,647,0.327900,0.000000,0.00
randomArrays.txt,3,647,0.400600,0.000000,0.00
randomArrays.txt,1,456,0.176500,0.000000,0.00
randomArrays.txt,2,456,0.183700,0.000000,0.00
randomArrays.txt,3,456,0.202900,0.000000,0.00
randomArrays.txt,1,495,0.201500,0.000000,0.00
randomArrays.txt,2,495,0.218500,0.000000,0.00
randomArrays.txt,3,495,0.215400,0.000000,0.00
randomArrays.txt,1,487,0.221600,0.000000,0.00
randomArrays.txt,2,487,0.226000,0.000000,0.00
randomArrays.txt,3,487,0.238900,0.000000,0.00
randomArrays.txt,1,559,0.341200,0.000000,0.00
randomArrays.txt,2,559,0.279700,0.000000,0.00
randomArrays.txt,3,559,0.266800,0.000000,0.00
randomArrays.txt,1,512,0.247400,0.000000,0.00
randomArrays.txt,2,512,1.248000,0.000000,0.00
randomArrays.txt,3,512,0.302100,0.000000,0.00
randomArrays.txt,1,247,0.064300,0.000000,0.00
randomArrays.txt,2,247,0.050500,0.000000,0.00
randomArrays.txt,3,247,0.056100,0.000000,0.00
randomArrays.txt,1,219,0.052600,0.000000,0.00
randomArrays.txt,2,219,0.054700,0.000000,0.00
randomArrays.txt,3,219,0.058600,0.000000,0.00
randomArrays.txt,1,839,0.537000,0.000000,0.00
randomArrays.txt,2,839,0.614700,0.000000,0.00
randomArrays.txt,3,839,0.611300,0.000000,0.00
randomArrays.txt,1,887,0.767700,0.000000,0.00
randomArrays.txt,2,887,3.491900,0.000000,0.00
randomArrays.txt,3,887,0.698000,0.000000,0.00
randomArrays.txt,1,868,0.661200,0.000000,0.00
randomArrays.txt,2,868,2.115500,0.000000,0.00
randomArrays.txt,3,868,0.880900,0.000000,0.00
randomArrays.txt,1,25,0.001700,0.000000,0.00
randomArrays.txt,2,25,0.001700,0.000000,0.00
randomArrays.txt,3,25,0.001500,0.000000,0.00
randomArrays.txt,1,174,0.034600,0.000000,0.00
randomArrays.txt,2,174,0.033800,0.000000,0.00
randomArrays.txt,3,174,0.033200,0.000000,0.00
randomArrays.txt,1,818,3.841500,0.000000,0.00
randomArrays.txt,2,818,0.571100,0.000000,0.00
randomArrays.txt,3,818,0.665300,0.000000,0.00
randomArrays.txt,1,660,0.385100,0.000000,0.00
randomArrays.txt,2,660,0.370000,0.000000,0.00
randomArrays.txt,3,660,1.971000,0.000000,0.00
randomArrays.txt,1,592,0.326900,0.000000,0.00
randomArrays.txt,2,592,0.329500,0.000000,0.00
randomArrays.txt,3,592,0.342200,0.000000,0.00
randomArrays.txt,1,254,0.059900,0.000000,0.00
randomArrays.txt,2,254,0.070000,0.000000,0.00
randomArrays.txt,3,254,0.062500,0.000000,0.00
randomArrays.txt,1,527,0.265500,0.000000,0.00
randomArrays.txt,2,527,0.242200,0.000000,0.00
randomArrays.txt,3,527,0.259400,0.000000,0.00
randomArrays.txt,1,786,0.548400,0.000000,0.00
randomArrays.txt,2,786,0.640300,0.000000,0.00
randomArrays.txt,3,786,0.603200,0.000000,0.00
randomArrays.txt,1,179,0.032200,0.000000,0.00
randomArrays.txt,2,179,0.028600,0.000000,0.00
randomArrays.txt,3,179,0.028400,0.000000,0.00
randomArrays.txt,1,678,0.422900,0.000000,0.00
randomArrays.txt,2,678,0.372900,0.000000,0.00
randomArrays.txt,3,678,0.377300,0.000000,0.00
randomArrays.txt,1,538,0.260200,0.000000,0.00
randomArrays.txt,2,538,0.274400,0.000000,0.00
randomArrays.txt,3,538,0.222100,0.000000,0.00
randomArrays.txt,1,185,0.033200,0.000000,0.00
randomArrays.txt,2,185,0.035800,0.000000,0.00
randomArrays.txt,3,185,0.034400,0.000000,0.00
randomArrays.txt,1,689,0.263500,0.000000,0.00
randomArrays.txt,2,689,0.275800,0.000000,0.00
randomArrays.txt,3,689,0.245600,0.000000,0.00
randomArrays.txt,1,161,0.029400,0.000000,0.00
randomArrays.txt,2,161,0.031700,0.000000,0.00
randomArrays.txt,3,161,0.026200,0.000000,0.00
randomArrays.txt,1,509,0.162000,0.000000,0.00
randomArrays.txt,2,509,0.158600,0.000000,0.00
randomArrays.txt,3,509,0.154900,0.000000,0.00
randomArrays.txt,1,376,0.088400,0.000000,0.00
randomArrays.txt,2,376,0.104400,0.000000,0.00
randomArrays.txt,3,376,0.102900,0.000000,0.00
randomArrays.txt,1,766,0.350900,0.000000,0.00
randomArrays.txt,2,766,0.350300,0.000000,0.00
randomArrays.txt,3,766,0.359400,0.000000,0.00
randomArrays.txt,1,706,0.416000,0.000000,0.00
randomArrays.txt,2,706,0.289800,0.000000,0.00
randomArrays.txt,3,706,0.286000,0.000000,0.00
randomArrays.txt,1,644,0.238100,0.000000,0.00
randomArrays.txt,2,644,0.237600,0.000000,0.00
randomArrays.txt,3,644,0.246500,0.000000,0.00
randomArrays.txt,1,758,0.443500,0.000000,0.00
randomArrays.txt,2,758,0.538300,0.000000,0.00
randomArrays.txt,3,758,0.575200,0.000000,0.00
randomArrays.txt,1,747,0.309400,0.000000,0.00
randomArrays.txt,2,747,0.316600,0.000000,0.00
randomArrays.txt,3,747,0.321600,0.000000,0.00
randomArrays.txt,1,349,0.097800,0.015625,0.00
randomArrays.txt,2,349,0.080500,0.000000,0.00
randomArrays.txt,3,349,0.097000,0.000000,0.00
randomArrays.txt,1,574,0.201500,0.000000,0.00
randomArrays.txt,2,574,0.205600,0.000000,0.00
randomArrays.txt,3,574,0.208500,0.000000,0.00
randomArrays.txt,1,888,0.425100,0.000000,0.00
randomArrays.txt,2,888,0.429200,0.015625,0.00
randomArrays.txt,3,888,0.430200,0.000000,0.00
randomArrays.txt,1,235,0.052200,0.000000,0.00
randomArrays.txt,2,235,0.052700,0.000000,0.00
randomArrays.txt,3,235,0.052600,0.000000,0.00
randomArrays.txt,1,653,0.253400,0.000000,0.00
randomArrays.txt,2,653,0.247100,0.000000,0.00
randomArrays.txt,3,653,0.248800,0.000000,0.00
randomArrays.txt,1,630,0.288300,0.000000,0.00
randomArrays.txt,2,630,0.509500,0.000000,0.00
randomArrays.txt,3,630,0.285800,0.000000,0.00
randomArrays.txt,1,76,0.007900,0.000000,0.00
randomArrays.txt,2,76,0.010300,0.000000,0.00
randomArrays.txt,3,76,0.007300,0.000000,0.00
randomArrays.txt,1,436,0.119800,0.000000,0.00
randomArrays.txt,2,436,0.124200,0.000000,0.00
randomArrays.txt,3,436,0.124900,0.000000,0.00
randomArrays.txt,1,771,0.540500,0.000000,0.00
randomArrays.txt,2,771,0.538300,0.000000,0.00
randomArrays.txt,3,771,0.558400,0.000000,0.00
randomArrays.txt,1,217,0.044100,0.000000,0.00
randomArrays.txt,2,217,0.042900,0.000000,0.00
randomArrays.txt,3,217,0.042500,0.000000,0.00
randomArrays.txt,1,419,0.122300,0.000000,0.00
randomArrays.txt,2,419,0.119600,0.000000,0.00
randomArrays.txt,3,419,0.140900,0.000000,0.00
randomArrays.txt,1,860,0.419500,0.000000,0.00
randomArrays.txt,2,860,0.666400,0.000000,0.00
randomArrays.txt,3,860,0.417200,0.000000,0.00
randomArrays.txt,1,288,0.069700,0.000000,0.00
randomArrays.txt,2,288,0.072600,0.000000,0.00
randomArrays.txt,3,288,0.077400,0.000000,0.00
randomArrays.txt,1,280,0.075200,0.000000,0.00
randomArrays.txt,2,280,0.076900,0.000000,0.00
randomArrays.txt,3,280,0.077400,0.000000,0.00
randomArrays.txt,1,242,0.054300,0.000000,0.00
randomArrays.txt,2,242,0.060400,0.000000,0.00
randomArrays.txt,3,242,0.060200,0.000000,0.00
randomArrays.txt,1,602,0.223400,0.000000,0.00
randomArrays.txt,2,602,0.224800,0.000000,0.00
randomArrays.txt,3,602,0.224000,0.000000,0.00
randomArrays.txt,1,44,0.003600,0.000000,0.00
randomArrays.txt,2,44,0.003700,0.000000,0.00
randomArrays.txt,3,44,0.003200,0.000000,0.00
randomArrays.txt,1,547,0.190000,0.000000,0.00
randomArrays.txt,2,547,0.186300,0.000000,0.00
randomArrays.txt,3,547,0.192900,0.000000,0.00
randomArrays.txt,1,860,0.422700,0.000000,0.00
randomArrays.txt,2,860,0.426200,0.000000,0.00
randomArrays.txt,3,860,0.422400,0.000000,0.00
randomArrays.txt,1,737,0.325500,0.000000,0.00
randomArrays.txt,2,737,0.318900,0.000000,0.00
randomArrays.txt,3,737,0.317700,0.000000,0.00
randomArrays.txt,1,738,0.490900,0.000000,0.00
randomArrays.txt,2,738,0.492900,0.000000,0.00
randomArrays.txt,3,738,0.311400,0.000000,0.00
randomArrays.txt,1,725,0.500000,0.000000,0.00
randomArrays.txt,2,725,0.516700,0.000000,0.00
randomArrays.txt,3,725,0.512800,0.000000,0.00
randomArrays.txt,1,684,0.267600,0.000000,0.00
randomArrays.txt,2,684,0.266200,0.000000,0.00
randomArrays.txt,3,684,0.285100,0.000000,0.00
randomArrays.txt,1,233,0.049200,0.000000,0.00
randomArrays.txt,2,233,0.049400,0.000000,0.00
randomArrays.txt,3,233,0.049700,0.000000,0.00
randomArrays.txt,1,342,0.105600,0.000000,0.00
randomArrays.txt,2,342,0.113200,0.000000,0.00
randomArrays.txt,3,342,0.121600,0.000000,0.00
randomArrays.txt,1,855,0.406500,0.000000,0.00
randomArrays.txt,2,855,0.398000,0.000000,0.00
randomArrays.txt,3,855,0.394300,0.000000,0.00
randomArrays.txt,1,861,0.401100,0.000000,0.00
randomArrays.txt,2,861,0.407900,0.000000,0.00
randomArrays.txt,3,861,0.403600,0.000000,0.00
randomArrays.txt,1,566,0.194300,0.000000,0.00
randomArrays.txt,2,566,0.195300,0.000000,0.00
randomArrays.txt,3,566,0.198600,0.000000,0.00
randomArrays.txt,1,406,0.139900,0.000000,0.00
randomArrays.txt,2,406,0.109600,0.000000,0.00
randomArrays.txt,3,406,0.124400,0.000000,0.00
randomArrays.txt,1,192,0.038500,0.000000,0.00
randomArrays.txt,2,192,0.038000,0.000000,0.00
randomArrays.txt,3,192,0.037900,0.000000,0.00
randomArrays.txt,1,850,0.383300,0.000000,0.00
randomArrays.txt,2,850,0.408400,0.000000,0.00
randomArrays.txt,3,850,0.400300,0.000000,0.00
randomArrays.txt,1,609,0.207900,0.000000,0.00
randomArrays.txt,2,609,0.226000,0.000000,0.00
randomArrays.txt,3,609,0.197900,0.000000,0.00
randomArrays.txt,1,18,0.001200,0.000000,0.00
randomArrays.txt,2,18,0.000900,0.000000,0.00
randomArrays.txt,3,18,0.001000,0.000000,0.00
randomArrays.txt,1,482,0.179900,0.000000,0.00
randomArrays.txt,2,482,0.191000,0.000000,0.00
randomArrays.txt,3,482,0.155600,0.000000,0.00
randomArrays.txt,1,264,0.063600,0.000000,0.00
randomArrays.txt,2,264,0.064600,0.000000,0.00
randomArrays.txt,3,264,0.061800,0.000000,0.00
randomArrays.txt,1,319,0.071600,0.000000,0.00
randomArrays.txt,2,319,0.081800,0.000000,0.00
randomArrays.txt,3,319,0.087000,0.000000,0.00
randomArrays.txt,1,252,0.059400,0.000000,0.00
randomArrays.txt,2,252,0.059400,0.000000,0.00
randomArrays.txt,3,252,0.059900,0.000000,0.00
randomArrays.txt,1,342,0.105000,0.000000,0.00
randomArrays.txt,2,342,0.139800,0.000000,0.00
randomArrays.txt,3,342,0.091000,0.000000,0.00
randomArrays.txt,1,252,0.052200,0.000000,0.00
randomArrays.txt,2,252,0.057300,0.000000,0.00
randomArrays.txt,3,252,0.058500,0.000000,0.00
randomArrays.txt,1,205,0.046600,0.000000,0.00
randomArrays.txt,2,205,0.041800,0.000000,0.00
randomArrays.txt,3,205,0.041600,0.000000,0.00
randomArrays.txt,1,744,0.517300,0.000000,0.00
randomArrays.txt,2,744,0.524000,0.000000,0.00
randomArrays.txt,3,744,0.521200,0.000000,0.00
randomArrays.txt,1,537,0.278800,0.000000,0.00
randomArrays.txt,2,537,0.283500,0.000000,0.00
randomArrays.txt,3,537,0.274600,0.015625,0.00
randomArrays.txt,1,501,0.245600,0.000000,0.00
randomArrays.txt,2,501,0.215900,0.000000,0.00
randomArrays.txt,3,501,0.499800,0.000000,0.00
randomArrays.txt,1,853,0.648800,0.000000,0.00
randomArrays.txt,2,853,0.641600,0.000000,0.00
randomArrays.txt,3,853,0.646100,0.000000,0.00
randomArrays.txt,1,341,0.158100,0.000000,0.00
randomArrays.txt,2,341,0.106500,0.000000,0.00
randomArrays.txt,3,341,0.114000,0.000000,0.00
randomArrays.txt,1,800,0.572100,0.000000,0.00
randomArrays.txt,2,800,0.694200,0.000000,0.00
randomArrays.txt,3,800,0.525900,0.000000,0.00
randomArrays.txt,1,857,0.611200,0.000000,0.00
randomArrays.txt,2,857,0.620800,0.000000,0.00
randomArrays.txt,3,857,0.631400,0.000000,0.00
randomArrays.txt,1,427,0.191300,0.000000,0.00
randomArrays.txt,2,427,0.164400,0.000000,0.00
randomArrays.txt,3,427,6.211700,0.000000,0.00
randomArrays.txt,1,647,0.327100,0.000000,0.00
randomArrays.txt,2,647,0.365300,0.000000,0.00
randomArrays.txt,3,647,0.368000,0.000000,0.00
randomArrays.txt,1,76,0.008400,0.000000,0.00
randomArrays.txt,2,76,0.008100,0.000000,0.00
randomArrays.txt,3,76,0.007900,0.000000,0.00
randomArrays.txt,1,677,0.362700,0.000000,0.00
randomArrays.txt,2,677,0.367300,0.000000,0.00
randomArrays.txt,3,677,0.393200,0.000000,0.00
randomArrays.txt,1,579,0.310100,0.000000,0.00
randomArrays.txt,2,579,0.309100,0.000000,0.00
randomArrays.txt,3,579,0.321200,0.000000,0.00
randomArrays.txt,1,731,0.438200,0.000000,0.00
randomArrays.txt,2,731,0.465000,0.000000,0.00
randomArrays.txt,3,731,0.550100,0.000000,0.00
randomArrays.txt,1,704,0.449800,0.000000,0.00
randomArrays.txt,2,704,0.462100,0.000000,0.00
randomArrays.txt,3,704,0.469000,0.000000,0.00
randomArrays.txt,1,266,0.075300,0.000000,0.00
randomArrays.txt,2,266,0.070700,0.000000,0.00
randomArrays.txt,3,266,0.073100,0.000000,0.00
randomArrays.txt,1,263,0.065800,0.000000,0.00
randomArrays.txt,2,263,0.073900,0.000000,0.00
randomArrays.txt,3,263,0.067900,0.000000,0.00
randomArrays.txt,1,434,0.184400,0.000000,0.00
randomArrays.txt,2,434,0.189000,0.000000,0.00
randomArrays.txt,3,434,0.189900,0.000000,0.00
randomArrays.txt,1,484,0.236500,0.000000,0.00
randomArrays.txt,2,484,0.219100,0.000000,0.00
randomArrays.txt,3,484,0.234600,0.000000,0.00
randomArrays.txt,1,163,0.031400,0.000000,0.00
randomArrays.txt,2,163,0.031200,0.000000,0.00
randomArrays.txt,3,163,0.030200,0.000000,0.00
randomArrays.txt,1,211,0.044800,0.000000,0.00
randomArrays.txt,2,211,0.046200,0.000000,0.00
randomArrays.txt,3,211,0.046100,0.000000,0.00
randomArrays.txt,1,185,0.033000,0.000000,0.00
randomArrays.txt,2,185,0.038500,0.000000,0.00
randomArrays.txt,3,185,0.033200,0.000000,0.00
randomArrays.txt,1,467,0.191300,0.000000,0.00
randomArrays.txt,2,467,0.190200,0.000000,0.00
randomArrays.txt,3,467,1.307800,0.015625,0.00
randomArrays.txt,1,214,0.043700,0.000000,0.00
randomArrays.txt,2,214,0.045500,0.000000,0.00
randomArrays.txt,3,214,0.044600,0.000000,0.00
randomArrays.txt,1,35,0.003000,0.000000,0.00
randomArrays.txt,2,35,0.002700,0.000000,0.00
randomArrays.txt,3,35,0.002600,0.000000,0.00
randomArrays.txt,1,141,0.048800,0.000000,0.00
randomArrays.txt,2,141,0.024100,0.000000,0.00
randomArrays.txt,3,141,0.022100,0.000000,0.00
randomArrays.txt,1,559,0.290700,0.000000,0.00
randomArrays.txt,2,559,0.290300,0.000000,0.00
randomArrays.txt,3,559,0.293700,0.000000,0.00
randomArrays.txt,1,706,0.463000,0.000000,0.00
randomArrays.txt,2,706,0.460100,0.000000,0.00
randomArrays.txt,3,706,0.463500,0.000000,0.00
randomArrays.txt,1,68,0.014600,0.000000,0.00
randomArrays.txt,2,68,0.006000,0.000000,0.00
randomArrays.txt,3,68,0.007100,0.000000,0.00
randomArrays.txt,1,12,0.001200,0.000000,0.00
randomArrays.txt,2,12,0.000700,0.000000,0.00
randomArrays.txt,3,12,0.000700,0.000000,0.00
randomArrays.txt,1,405,0.155200,0.000000,0.00
randomArrays.txt,2,405,0.147300,0.000000,0.00
randomArrays.txt,3,405,0.161900,0.000000,0.00
randomArrays.txt,1,288,0.090800,0.000000,0.00
randomArrays.txt,2,288,0.089700,0.000000,0.00
randomArrays.txt,3,288,0.089000,0.000000,0.00
randomArrays.txt,1,50,0.004600,0.000000,0.00
randomArrays.txt,2,50,0.004300,0.000000,0.00
randomArrays.txt,3,50,0.004200,0.000000,0.00
randomArrays.txt,1,752,0.410600,0.000000,0.00
randomArrays.txt,2,752,0.472400,0.000000,0.00
randomArrays.txt,3,752,0.507500,0.000000,0.00
randomArrays.txt,1,695,0.422600,0.000000,0.00
randomArrays.txt,2,695,4.749800,0.000000,0.00
randomArrays.txt,3,695,0.429800,0.000000,0.00
randomArrays.txt,1,186,0.036900,0.000000,0.00
randomArrays.txt,2,186,0.038600,0.000000,0.00
randomArrays.txt,3,186,0.039000,0.000000,0.00
randomArrays.txt,1,737,0.516400,0.000000,0.00
randomArrays.txt,2,737,0.519600,0.000000,0.00
randomArrays.txt,3,737,0.443400,0.000000,0.00
randomArrays.txt,1,151,0.020400,0.000000,0.00
randomArrays.txt,2,151,0.020300,0.000000,0.00
randomArrays.txt,3,151,0.022500,0.000000,0.00
randomArrays.txt,1,46,0.003700,0.000000,0.00
randomArrays.txt,2,46,0.003500,0.000000,0.00
randomArrays.txt,3,46,0.004300,0.000000,0.00
randomArrays.txt,1,333,0.114000,0.000000,0.00
randomArrays.txt,2,333,0.108500,0.000000,0.00
randomArrays.txt,3,333,0.108000,0.000000,0.00
randomArrays.txt,1,189,0.029300,0.000000,0.00
randomArrays.txt,2,189,0.058500,0.000000,0.00
randomArrays.txt,3,189,0.034200,0.000000,0.00
randomArrays.txt,1,190,0.037400,0.000000,0.00
randomArrays.txt,2,190,0.033700,0.000000,0.00
randomArrays.txt,3,190,0.043200,0.000000,0.00
randomArrays.txt,1,589,0.248500,0.000000,0.00
randomArrays.txt,2,589,0.253400,0.000000,0.00
randomArrays.txt,3,589,0.331700,0.000000,0.00
randomArrays.txt,1,230,0.043600,0.000000,0.00
randomArrays.txt,2,230,0.042800,0.000000,0.00
randomArrays.txt,3,230,0.044800,0.000000,0.00
randomArrays.txt,1,535,1.298700,0.000000,0.00
randomArrays.txt,2,535,0.276400,0.000000,0.00
randomArrays.txt,3,535,0.268600,0.015625,0.00
randomArrays.txt,1,189,0.042500,0.000000,0.00
randomArrays.txt,2,189,0.042000,0.000000,0.00
randomArrays.txt,3,189,0.040400,0.000000,0.00
randomArrays.txt,1,834,0.658300,0.000000,0.00
randomArrays.txt,2,834,0.664600,0.000000,0.00
randomArrays.txt,3,834,0.679300,0.000000,0.00
randomArrays.txt,1,273,0.171600,0.000000,0.00
randomArrays.txt,2,273,0.070300,0.000000,0.00
randomArrays.txt,3,273,0.065600,0.000000,0.00
randomArrays.txt,1,773,0.531300,0.000000,0.00
randomArrays.txt,2,773,0.553800,0.000000,0.00
randomArrays.txt,3,773,0.561900,0.000000,0.00
randomArrays.txt,1,342,0.111000,0.000000,0.00
randomArrays.txt,2,342,0.112900,0.000000,0.00
randomArrays.txt,3,342,0.115600,0.000000,0.00
randomArrays.txt,1,221,0.044800,0.000000,0.00
randomArrays.txt,2,221,0.042500,0.000000,0.00
randomArrays.txt,3,221,0.043000,0.000000,0.00
randomArrays.txt,1,519,0.236200,0.000000,0.00
randomArrays.txt,2,519,0.188600,0.000000,0.00
randomArrays.txt,3,519,0.206100,0.000000,0.00
randomArrays.txt,1,479,0.164300,0.000000,0.00
randomArrays.txt,2,479,0.165900,0.000000,0.00
randomArrays.txt,3,479,0.168300,0.000000,0.00
randomArrays.txt,1,155,0.024600,0.000000,0.00
randomArrays.txt,2,155,0.025800,0.000000,0.00
randomArrays.txt,3,155,0.025500,0.000000,0.00
randomArrays.txt,1,756,0.516000,0.000000,0.00
randomArrays.txt,2,756,0.325300,0.000000,0.00
randomArrays.txt,3,756,0.513500,0.000000,0.00
randomArrays.txt,1,658,0.216100,0.000000,0.00
randomArrays.txt,2,658,0.247400,0.000000,0.00
randomArrays.txt,3,658,0.246100,0.000000,0.00
randomArrays.txt,1,213,0.044800,0.000000,0.00
randomArrays.txt,2,213,0.047100,0.000000,0.00
randomArrays.txt,3,213,0.046200,0.000000,0.00
randomArrays.txt,1,467,0.151900,0.000000,0.00
randomArrays.txt,2,467,0.128300,0.000000,0.00
randomArrays.txt,3,467,0.151900,0.000000,0.00
randomArrays.txt,1,191,0.026000,0.000000,0.00
randomArrays.txt,2,191,0.032100,0.000000,0.00
randomArrays.txt,3,191,0.039200,0.000000,0.00
randomArrays.txt,1,744,0.309900,0.000000,0.00
randomArrays.txt,2,744,0.311000,0.000000,0.00
randomArrays.txt,3,744,0.312400,0.000000,0.00
randomArrays.txt,1,122,0.017200,0.000000,0.00
randomArrays.txt,2,122,0.015500,0.000000,0.00
randomArrays.txt,3,122,0.015800,0.000000,0.00
randomArrays.txt,1,178,0.029700,0.000000,0.00
randomArrays.txt,2,178,0.031000,0.000000,0.00
randomArrays.txt,3,178,0.034900,0.000000,0.00
randomArrays.txt,1,760,0.305800,0.000000,0.00
randomArrays.txt,2,760,0.328800,0.000000,0.00
randomArrays.txt,3,760,0.325000,0.000000,0.00
randomArrays.txt,1,524,0.567400,0.000000,0.00
randomArrays.txt,2,524,0.289800,0.000000,0.00
randomArrays.txt,3,524,0.223000,0.000000,0.00
randomArrays.txt,1,264,0.067700,0.000000,0.00
randomArrays.txt,2,264,0.067300,0.000000,0.00
randomArrays.txt,3,264,0.083300,0.000000,0.00
randomArrays.txt,1,733,0.288900,0.000000,0.00
randomArrays.txt,2,733,0.413900,0.000000,0.00
randomArrays.txt,3,733,0.627900,0.000000,0.00
randomArrays.txt,1,759,0.549600,0.000000,0.00
randomArrays.txt,2,759,0.549200,0.000000,0.00
randomArrays.txt,3,759,0.547800,0.000000,0.00
randomArrays.txt,1,177,0.029800,0.000000,0.00
randomArrays.txt,2,177,0.027100,0.000000,0.00
randomArrays.txt,3,177,0.031500,0.000000,0.00
randomArrays.txt,1,53,0.005100,0.000000,0.00
randomArrays.txt,2,53,0.004500,0.000000,0.00
randomArrays.txt,3,53,0.003700,0.000000,0.00
randomArrays.txt,1,429,0.173200,0.000000,0.00
randomArrays.txt,2,429,0.138000,0.000000,0.00
randomArrays.txt,3,429,0.140000,0.000000,0.00
randomArrays.txt,1,508,0.165900,0.000000,0.00
randomArrays.txt,2,508,0.237600,0.000000,0.00
randomArrays.txt,3,508,0.169500,0.000000,0.00
randomArrays.txt,1,412,0.222300,0.000000,0.00
randomArrays.txt,2,412,0.120900,0.000000,0.00
randomArrays.txt,3,412,0.121500,0.000000,0.00
randomArrays.txt,1,503,0.157500,0.000000,0.00
randomArrays.txt,2,503,0.163700,0.000000,0.00
randomArrays.txt,3,503,0.162800,0.000000,0.00
randomArrays.txt,1,115,0.017500,0.000000,0.00
randomArrays.txt,2,115,0.017500,0.000000,0.00
randomArrays.txt,3,115,0.014100,0.000000,0.00
randomArrays.txt,1,851,0.385400,0.000000,0.00
randomArrays.txt,2,851,0.393700,0.000000,0.00
randomArrays.txt,3,851,0.398300,0.000000,0.00
randomArrays.txt,1,848,0.638100,0.000000,0.00
randomArrays.txt,2,848,0.401400,0.000000,0.00
randomArrays.txt,3,848,0.399800,0.000000,0.00
randomArrays.txt,1,652,0.235200,0.000000,0.00
randomArrays.txt,2,652,0.264100,0.000000,0.00
randomArrays.txt,3,652,0.258400,0.000000,0.00
randomArrays.txt,1,693,0.285100,0.000000,0.00
randomArrays.txt,2,693,0.282100,0.000000,0.00
randomArrays.txt,3,693,0.281400,0.000000,0.00
randomArrays.txt,1,662,0.404700,0.000000,0.00
randomArrays.txt,2,662,0.421600,0.000000,0.00
randomArrays.txt,3,662,0.424200,0.000000,0.00
randomArrays.txt,1,815,0.385800,0.000000,0.00
randomArrays.txt,2,815,0.392000,0.000000,0.00
randomArrays.txt,3,815,0.393000,0.000000,0.00
randomArrays.txt,1,679,0.432900,0.000000,0.00
randomArrays.txt,2,679,0.359900,0.000000,0.00
randomArrays.txt,3,679,0.419400,0.000000,0.00
randomArrays.txt,1,141,0.022700,0.000000,0.00
randomArrays.txt,2,141,0.018900,0.000000,0.00
randomArrays.txt,3,141,0.019400,0.000000,0.00
randomArrays.txt,1,458,0.195500,0.000000,0.00
randomArrays.txt,2,458,0.171500,0.000000,0.00
randomArrays.txt,3,458,0.144300,0.000000,0.00
randomArrays.txt,1,378,0.093800,0.015625,0.00
randomArrays.txt,2,378,0.109000,0.000000,0.00
randomArrays.txt,3,378,0.118900,0.000000,0.00
randomArrays.txt,1,662,0.246400,0.000000,0.00
randomArrays.txt,2,662,0.253800,0.000000,0.00
randomArrays.txt,3,662,0.256500,0.000000,0.00
randomArrays.txt,1,809,0.359100,0.000000,0.00
randomArrays.txt,2,809,0.355800,0.000000,0.00
randomArrays.txt,3,809,0.358000,0.000000,0.00
randomArrays.txt,1,454,0.166800,0.000000,0.00
randomArrays.txt,2,454,0.143800,0.000000,0.00
randomArrays.txt,3,454,0.118900,0.000000,0.00
randomArrays.txt,1,513,0.211400,0.000000,0.00
randomArrays.txt,2,513,0.193700,0.000000,0.00
randomArrays.txt,3,513,0.204900,0.000000,0.00
randomArrays.txt,1,855,0.396400,0.000000,0.00
randomArrays.txt,2,855,0.409700,0.000000,0.00
randomArrays.txt,3,855,0.550400,0.000000,0.00
randomArrays.txt,1,257,0.060700,0.000000,0.00
randomArrays.txt,2,257,0.061100,0.000000,0.00
randomArrays.txt,3,257,0.062200,0.000000,0.00
randomArrays.txt,1,112,0.018300,0.000000,0.00
randomArrays.txt,2,112,0.015100,0.000000,0.00
randomArrays.txt,3,112,0.016500,0.000000,0.00
randomArrays.txt,1,264,0.064700,0.000000,0.00
randomArrays.txt,2,264,0.067000,0.000000,0.00
randomArrays.txt,3,264,0.067200,0.000000,0.00
randomArrays.txt,1,404,0.156400,0.000000,0.00
randomArrays.txt,2,404,0.154000,0.000000,0.00
randomArrays.txt,3,404,0.134000,0.000000,0.00
randomArrays.txt,1,830,0.385700,0.000000,0.00
randomArrays.txt,2,830,0.387000,0.000000,0.00
randomArrays.txt,3,830,0.386100,0.000000,0.00
randomArrays.txt,1,115,0.010400,0.000000,0.00
randomArrays.txt,2,115,0.012200,0.000000,0.00
randomArrays.txt,3,115,0.013800,0.000000,0.00
