343823
76845
837046
170459
165257
101265
545679
896834
166613
524718
845677
436615
139855
217216
692388
762417
85949
420122
606779
975460
948525
208543
477409
526127
610938
179802
226685
359985
981933
559803
53219
489832
272959
112879
89378
172312
739708
279194
689786
534484
187652
883508
153899
855724
939564
300093
817192
995955
251201
395486
201259
303403
872236
301278
245090
422671
952689
297917
342919
816957
108690
744113
536013
734335
557008
316282
488886
388149
932945
67236
919873
429664
827933
894297
706689
280205
936386
185696
430665
318940
95128
922038
143940
192491
730207
548487
83873
13092
112068
499273
409195
218081
107523
67638
137078
549943
640550
937764
323509
261734
689067
787394
125801
444763
71299
625009
48884
400543
885559
538812
572492
595168
303205
231734
508171
710106
298217
240175
467810
43874
521367
96146
871598
266447
614948
191070
170851
223301
230116
592255
880357
617567
398893
833096
917813
95544
19675
219472
601288
741975
734573
866470
162420
699317
279117
304818
387011
867179
682349
629353
274090
817212
510093
456556
46483
493309
947737
805758
207895
12765
491246
216224
988744
695253
862397
914571
320361
809517
846472
881481
34625
749799
287114
188721
836740
889293
255988
228733
723314
816850
115153
445194
351228
350759
877386
445867
933792
436253
782150
628201
617942
867058
574761
456411
507362
271482
706878
369886
944458
360555
743599
754994
859554
303109
111025
214001
666051
630236
803964
793965
176858
77060
333176
989924
410908
715351
681780
537314
51927
567653
78927
802740
610404
917433
475705
100996
621305
127812
675668
708630
674715
287017
22132
703902
941872
718884
235909
564667
855858
30232
57740
552276
417536
2547
761350
528590
945679
808896
637292
471015
486973
133448
734232
290738
63238
681382
483137
556655
854287
671462
274466
188550
612896
67865
337402
733216
586607
53688
225580
507107
622807
211314
209606
759048
390184
699029
958622
942426
921239
497557
472152
32844
512534
95035
345541
602551
234815
294572
897190
884400
701417
934612
804558
526723
758173
151472
551397
146318
645411
477494
105545
862843
824821
939361
402318
745307
5461
317596
870438
27932
239866
905674
795740
832743
554726
726768
801594
999640
813203
487040
304267
717787
813643
726723
819067
741791
623767
905954
523354
343610
192847
108624
50879
326105
315921
927639
371145
75746
933196
209534
244353
674024
651388
556628
379099
850058
80624
669405
921884
621225
495622
300182
603157
387075
737337
132645
966093
581681
590289
873122
315645
455353
95161
691900
929140
413329
87661
628169
805851
332657
658258
10414
917907
201235
82463
949863
9082
298442
799161
57396
501965
564732
192733
737313
654695
893054
303671
680112
189480
115082
31951
329508
197041
34143
344163
737901
185419
982646
586191
598635
109031
456924
187944
2848
818688
382769
544233
348599
174301
323195
465349
847403
310194
341735
344859
351254
133286
537758
89480
303959
316464
843008
892054
281822
446810
130624
636433
218007
33384
221788
914042
808048
423442
362103
152725
22985
254892
856532
745693
193015
488231
599921
317080
57141
973936
287678
477509
700072
518326
470265
946161
110542
101065
588583
867817
736770
668766
847088
266697
557038
923055
755032
658483
165133
441215
105558
329564
31195
852667
120915
318144
789532
780604
183872
180661
656390
46121
445204
639901
837965
287482
856673
214518
291721
72599
325138
109900
921669
873438
372419
782861
148966
27140
382077
441085
338294
965714
201868
173056
775564
980177
405183
457941
821786
958657
227900
823394
466451
183298
754109
213609
543479
249878
965163
360474
355388
807230
717141
596675
681306
841280
462221
438883
301043
742474
576223
904540
863710
353393
722223
416326
250383
236690
189038
885984
876068
151129
598265
229601
293518
53088
296654
735020
550170
564783
391595
878499
218139
102754
246597
376019
923702
515624
367586
376589
635594
308135
974227
740820
61370
191933
307154
869042
404056
781218
465972
872677
951983
942249
130122
803575
808877
65701
947610
793579
259883
449256
651125
681299
287451
27367
535925
63615
274829
611257
241749
154383
403870
85822
978285
25770
239229
342045
514312
514119
34459
406053
302947
677736
889455
986581
977093
528679
891939
573239
334390
172777
196830
989543
459421
110063
85871
355313
92793
790539
651410
605592
479036
521263
257571
760691
251583
405729
607196
601075
759462
317898
737484
449855
627538
826542
362711
295616
600508
922551
203748
540216
914485
1514
558759
223181
412599
561787
962826
360164
382246
211131
140794
239785
48041
923247
965133
720810
554912
878013
610059
926499
363585
593728
977632
357525
664210
448506
757916
741711
689221
464809
27108
681870
264875
599154
508921
775808
258646
122682
570466
609445
418896
156372
282553
559054
789809
451348
102032
971528
215201
488834
421182
699474
807659
889707
858953
79625
761593
968337
101425
331877
849906
918978
631511
426524
554157
912710
16073
768676
632976
433137
688747
986070
457481
733081
108099
659182
63081
325730
71392
712111
164056
526965
338792
482851
93561
782671
436285
184000
352539
793909
937099
666214
678872
545158
643057
574661
677582
98665
533386
378972
901815
493348
716439
743836
301608
552270
196491
37611
550755
370461
778482
283780
26456
798361
826686
401019
730879
549170
792239
806942
657995
840684
123422
166200
153419
755960
586343
134895
25762
180575
127281
441933
371617
733207
929628
338779
776254
17784
357445
970857
831668
638920
988344
976235
164982
814770
6579
948798
444305
553366
72723
800200
203549
634490
677790
553020
371999
114141
882284
307581
47102
884012
477874
483738
769824
441102
569644
229176
818465
678682
363239
627341
499120
931688
370024
140168
421381
546949
311228
69327
474242
315712
837277
168480
981670
734497
573310
964952
548520
257146
534260
841554
345782
96341
845696
83624
444489
38732
567677
516821
51940
609208
405923
559355
273642
948737
256629
609215
813658
608213
458381
432082
532584
298548
786178
251851
459321
120103
517363
488304
35322
810512
237491
342292
89821
889373
328273
764890
351601
714839
164226
40599
692380
336151
988973
159382
982648
366807
124691
944245
832392
453542
781721
143404
868054
405173
998580
231342
198570
545167
649968
163880
887720
64678
242141
502246
987399
232264
795542
247829
859370
388593
616175
729571
387676
408249
27898
815682
83373
67438
174902
85196
757987
688892
719126
657153
601183
712201
383913
281323
838926
307102
838378
956066
555336
607935
90598
446124
507848
267291
337158
584380
274824
515550
831416
22811
708985
931236
32446
548580
85404
257481
213907
178089
544448
618076
690613
987060
38040
464434
62548
626856
274424
401558
244309
844613
664044
435358
592131
220362
769013
243161
552147
367284
638305
706916
156498
999717
870982
293980
883309
960480
967451
289325
121117
907697
240434
161481
264429
315433
737238
106805
737705
247815
512573
222781
650917
682803
892010
915784
704423
77411
87522
625670
415858
108384
854728
773125
961007
28003
906775
213091
206778
986713
10044
340894
616583
972678
558606
848839
240
707334
235563
840470
800412
906222
375216
133206
931597
760080
354580
554881
136133
969629
679074
186022
727638
789541
27345
482630
891333
769339
72001
164863
311194
639988
204244
697248
195655
550030
786023
700187
743986
319212
847020
536088
360289
467519
848549
415206
827585
98369
665023
361548
438099
576347
668809
331902
430132
648103
30159
294059
51975
506447
801687
70259
270401
941204
912759
88182
135760
483755
522705
311688
50793
778434
636845
203968
205613
381536
758705
288304
900087
34602
53183
494063
619332
802177
539115
96081
345792
553225
28120
319928
790825
442309
347246
785476
667106
876574
237882
562022
415254
815683
179489
633426
994119
861033
116098
886802
140146
6451
129192
759480
209441
955182
447400
796972
996941
677683
51037
73443
301357
551343
39742
231024
281183
353536
417177
943668
705266
90165
576430
251890
606286
720376
853099
115581
266497
52936
431359
11154
602086
190558
282140
375426
750580
800305
941390
781256
341920
280341
537715
630009
218608
682367
414806
392345
871262
666787
112364
53193
276709
471934
946922
907102
614314
585968
378753
448462
953930
344001
824056
776004
274236
631620
686820
134931
66467
883736
446405
593350
938739
508811
187776
223894
44029
350554
99765
488757
714072
340308
701564
496071
265966
611996
438337
186224
38816
178957
341753
219976
281751
258360
715712
869227
9000
912264
551953
8878
617827
737159
793761
198508
875385
426553
184408
285694
161095
868006
7533
800456
132099
684854
371356
652144
711234
183092
947463
747946
766179
373173
782951
650607
968732
313810
415661
351949
228255
894736
198009
136727
396264
949857
637110
618428
149094
909700
318032
792565
641475
814471
920275
517208
680594
153260
750881
636042
432468
927658
70543
619985
183783
413642
666974
729480
938188
168434
454673
256363
23571
373439
75183
408594
711909
967563
157911
481339
682414
413326
552763
369024
527909
373536
365755
218727
560121
840476
763870
512664
835737
383777
218095
816745
208032
842738
855026
493334
931676
130877
639170
933196
378490
890617
626760
429476
708111
402984
185114
659053
56837
74684
452013
597794
825184
452438
59384
361147
727724
50345
517096
27359
217413
633981
465785
267702
868162
412176
611512
92125
119935
357847
665938
112627
993030
489698
314519
934480
697818
789149
52625
954838
640415
771314
41531
955487
686313
458124
385248
478677
324639
154615
352594
174369
826380
564003
46723
59964
736706
140936
164291
612001
878059
29731
941078
100387
295661
500958
875057
167962
579833
360781
838289
139897
432945
195988
695096
311163
175987
242471
730246
293244
737223
289770
870896
854820
844321
987767
677919
828030
333971
391741
864167
619495
492498
115333
508514
850849
57506
879312
967081
713671
560417
311197
955118
458907
370542
304775
843193
49723
327348
638346
700605
604723
523478
640422
830614
601899
91321
602460
430050
621249
26344
609813
783545
979442
385128
147426
182730
77169
579545
476318
304339
190682
601926
462768
58620
902400
315081
330989
89873
921698
194270
361050
380827
605501
619970
847951
404570
493691
296711
744438
464096
853065
800503
498419
45132
426822
79843
489310
758370
205719
645575
413355
793988
433047
111387
27371
757327
660780
470328
74155
897877
387061
196965
304378
89458
975647
152702
71113
697805
322519
964416
589675
827629
146201
15091
438459
8053
314215
359156
324764
424062
14742
917342
389019
225999
116995
774357
264050
704827
50850
31983
303910
551128
620022
110270
751119
726359
369693
691902
688248
818373
180867
803544
704092
117981
488567
93713
312145
184007
243994
810514
975489
736753
437427
709908
571346
255433
290080
177768
161255
494996
369256
199008
53376
685486
236779
632669
658045
67742
167674
78070
586048
628245
303811
335234
874927
237764
474405
97283
87065
43543
261666
660719
876528
865681
180018
627420
456948
197381
347892
159815
81713
422382
571264
484288
831263
547820
455319
728822
44647
652699
166844
175579
253445
530642
811676
64755
390088
886453
601448
917567
255287
552376
548420
320192
657166
396848
471639
30058
765926
434903
429059
367079
431858
529436
7279
870212
854245
437797
559935
552828
685297
68450
988581
262943
200427
421135
512977
699039
114890
242438
620612
670199
647311
532414
544002
764409
101822
309028
14694
524914
303690
188692
839567
22331
712142
518900
370232
263583
132664
812589
412262
46884
872448
441543
491386
703480
443606
224225
869222
543930
402330
511945
294524
741601
421189
850942
183266
206925
314533
59327
328610
673576
923973
481487
731870
964984
690027
502088
184353
762757
158266
607001
521744
735137
868792
778718
350015
448857
153194
626394
987296
463223
29660
857748
339414
617136
73661
885451
464935
576881
828838
938390
516176
207297
458747
718941
427763
804114
953834
128686
151980
773162
863505
151101
391553
192937
561276
931963
673399
175862
399435
263825
577473
919306
223218
423673
743124
363160
175515
300281
715798
157272
790438
338942
554036
524271
102160
824977
479699
991293
974833
356216
427294
385986
666527
368683
358526
64109
255025
27697
723304
739715
125854
688344
618895
190057
774979
255245
782843
694094
834627
615261
219826
740279
699720
490185
554834
145448
924904
699263
859520
391532
648292
862651
231739
637954
918538
540538
577738
917156
669114
3798
704468
940468
640197
402499
957966
85574
378161
603556
935310
471364
242969
86155
313791
845250
227057
491084
906349
34207
293544
327292
369280
290388
342758
484235
978118
550620
273333
864891
180969
584064
39548
996284
237247
926078
397605
927590
65152
324821
923744
386898
839571
140208
787777
926166
658497
355629
457157
809498
513099
227400
903922
794331
761238
415528
428316
747388
187332
501702
139075
615364
514399
305334
489498
481017
770927
973972
719715
71638
273771
961164
16053
872107
348428
532933
148575
708434
812988
382059
336999
145609
914926
461079
235883
788465
949127
910814
698601
491234
364729
892275
823322
932585
582897
455737
408633
232351
261287
876585
871393
844775
144466
533213
514644
513667
567038
806263
605528
273107
918965
479024
487419
212140
377242
591233
105720
138321
510358
292135
951666
551505
832617
662359
923805
474940
377314
429118
746876
422339
305194
770803
557060
312939
344378
133756
295264
110638
398445
65274
882702
684590
368047
538610
283686
911574
472725
911096
90875
290832
861255
388474
366490
600476
842520
684134
961520
572180
186358
751097
251848
151353
408637
87718
323697
360632
619302
236703
422653
539583
174364
154114
490086
726071
899375
586851
267020
332061
601953
910642
248602
340032
494302
715657
489286
982873
192649
741909
96054
558274
242418
834462
940864
668309
908004
266420
285322
712098
764186
474808
705937
321676
276561
747780
731333
575040
327224
289912
726992
336531
554564
801826
928887
963192
568288
900745
146265
675099
223234
651350
148629
934172
573977
733536
843657
826091
828578
300690
754165
926972
784730
724475
51389
765799
843470
28914
242957
754464
117198
813796
262039
257934
427584
551420
77560
973385
593168
990061
351736
822197
735301
932767
772784
578998
551727
933683
750726
422798
559804
984309
389524
687066
926507
526877
714151
11238
820248
534850
166563
10216
559733
361180
994500
802144
584281
163252
633663
648586
304306
291498
724423
881788
672855
9187
351019
627618
961400
845453
814172
680084
886007
891152
475341
475857
993295
848850
929075
515547
872050
884007
303468
366062
922993
643540
149308
89694
68309
500734
704434
840716
762251
714932
768297
345732
506491
507542
555434
658295
253945
333856
88751
123664
801172
701079
362626
647220
983885
827278
342404
56475
477218
927253
869642
6790
588615
514047
836258
741660
443894
326095
161587
312165
60125
967038
374210
970658
667830
51948
183377
350470
904181
697569
23522
600917
260954
646142
589657
788760
534438
42564
306239
113658
301930
876736
494691
84163
683194
986706
326747
333294
189441
330841
753576
237800
838319
440446
506167
200680
201741
807257
591684
583461
397744
388931
344665
184313
686028
884345
519861
539792
195680
102633
555591
313420
918287
343325
461401
122105
692623
383553
854218
695592
968122
513746
737268
548906
341378
728357
657452
131690
83842
383889
954983
939880
326511
896443
307129
826382
402669
444668
820985
671216
901182
108849
329985
769701
254805
835166
385554
410108
670281
547967
974484
199069
419173
902893
25594
926270
765852
578794
524100
53374
592281
943881
540830
100898
112309
753597
82726
155241
736578
66940
847499
685453
532100
850703
616017
291865
841279
230265
169008
93986
297260
989825
482460
336419
342533
756062
338272
184249
281151
343487
899172
565495
475608
282676
456077
293415
388166
742908
157315
799646
305551
260139
347918
96507
378678
562296
965273
782972
818771
579361
778585
58620
536444
162171
856071
287373
535007
523418
384841
140462
177842
284632
882479
755561
174913
112134
828312
14604
909734
258989
158773
207425
154711
542975
689829
681036
829017
727711
629440
406817
260307
46346
879984
736992
269437
251488
256569
815150
307191
255827
567128
523633
754358
121579
114889
114279
776665
737523
844067
259300
738714
801411
112287
411686
770464
582763
344438
638486
569072
644409
976424
265566
707652
597224
232088
64033
945588
452325
539668
112411
750033
906303
164979
367063
396561
657386
73368
250759
470756
484783
934675
671939
891045
692020
61030
2977
453356
483875
823396
460589
715584
355642
772725
493317
600554
244847
550775
840404
632100
369982
404863
978793
747568
495312
525053
309427
748550
325193
743421
25371
419109
489071
171722
652286
224395
372978
212269
951110
955200
778268
5971
357092
270924
438998
459404
474731
823944
689364
936880
371916
756114
358494
490140
980650
641178
136508
831002
544729
239833
781758
286879
449656
482338
298981
875565
287592
855824
445617
834393
534824
24159
892616
820391
874511
380055
582208
65361
799717
696675
449033
486247
839005
84352
503034
506768
458739
189073
409974
811310
581470
638351
904443
799647
905779
324253
325703
433440
918422
335097
290023
744781
186525
795855
121309
380932
489346
262248
662253
695975
343173
143615
386756
365823
138076
492852
53958
548414
387288
628250
308466
61213
134614
829035
802676
384932
878302
570651
493384
748872
785627
733705
458118
646702
124727
477970
10638
930126
557843
271936
964560
208115
178912
178464
694264
522782
838429
425201
439861
276810
211821
129784
753189
204171
441236
847153
232863
865488
162126
666080
897948
482439
23564
136709
614786
344479
607243
880877
928719
687657
43987
372709
938206
878744
102282
118986
304729
957799
578354
689916
281340
765401
54726
258481
780673
281884
61804
555429
642222
393095
844374
301231
85367
440194
734459
435823
703440
971205
586542
888932
464852
184249
251224
740442
222027
292602
437911
178368
828443
565950
674929
880920
532814
866703
285110
342215
430012
434804
203250
928780
34325
49902
729740
636429
305677
688030
245503
41677
757732
512964
116658
614267
949201
338722
266997
8484
945098
739839
972506
756295
818803
58119
591214
137161
977889
106831
554515
878335
104969
876599
494971
662697
849097
412392
859907
30335
484563
879101
28842
28130
388658
411007
998764
491253
900026
20040
960063
380357
559760
316360
689129
8035
45011
966374
682556
721555
48998
103742
615151
882461
218204
511945
835675
872896
344382
172634
254415
48390
588923
209093
869712
450483
885101
944090
178288
766039
107588
966991
43465
548035
850897
17788
626519
760408
193201
246207
734895
546619
353428
94399
185760
659876
892137
11790
595045
536854
541032
656744
323
976489
193659
133592
115717
841027
87882
107002
995154
148773
998434
643803
435560
412321
379649
85180
507191
124010
541568
864630
880284
879172
974557
436599
83640
133786
811108
401130
918957
542958
826170
433333
145077
228842
56902
844124
690590
747670
262780
367363
636518
991715
250823
355280
39534
92452
234195
311663
555998
935964
514868
599599
657238
409970
257462
703369
306188
530753
646530
653313
3975
481548
996073
721062
552631
613903
798352
793715
770862
933552
812472
369560
409919
211796
239593
395986
173810
835919
247675
568119
22049
480691
245633
308942
95474
855241
42706
850138
25777
623006
764149
444024
311880
658036
826408
467934
399262
978138
69709
562883
514442
717846
471090
582365
702579
91902
601340
557062
297030
570342
843311
838840
858386
459443
14748
796151
363715
21262
31655
778254
952377
942388
824435
101105
367940
233451
951277
844161
181694
904079
959026
840559
713733
879435
337694
246520
310164
892003
210802
405454
89598
2733
961121
992599
268550
303264
247799
792846
409181
982596
214438
683848
93177
805897
312239
910289
368398
5300
982186
177845
946667
139060
174577
163674
853492
799891
941423
978570
484408
273608
212160
117007
829806
262697
160901
514615
247377
636605
809032
21751
323669
592559
167814
704940
912644
90847
861469
198524
51578
512083
288659
885979
385657
529163
691584
804394
576874
554866
498394
478458
801137
730288
108699
114670
773675
93020
225041
973949
570439
182479
818370
729175
472382
656404
128249
772127
922288
625403
58097
609687
829149
196365
84189
11802
765500
814681
531282
932354
687035
277485
429202
958761
198100
635297
227510
547981
280329
165965
937591
484493
712316
367322
445913
945168
29229
436726
836788
986437
89104
394145
70880
157892
952074
826085
657468
979475
756872
865378
35547
859141
327996
117319
839244
292158
382261
778909
824325
257553
424730
881533
428587
868682
729859
138466
65985
664135
693109
821593
708202
971841
288183
457109
596892
153065
296469
556191
908963
634989
935153
744554
822927
172249
479040
242436
357756
651610
988648
202729
596092
97183
806900
775090
112867
880216
721458
677547
905006
818528
359722
890305
288272
787639
410491
971290
863707
642472
955219
215807
967368
537098
277258
860084
109411
271393
915804
51497
554133
581348
494209
876553
219215
126489
881195
956015
194129
580445
22364
875576
147028
9472
392609
462003
388186
528076
96558
572789
848272
920742
449495
235722
274908
403662
461673
198982
455881
539585
583011
977977
484045
495166
883220
704896
524467
644837
63826
155704
443369
191994
74132
475022
402280
161289
882413
754482
186939
703844
805222
377770
421615
104904
909558
317763
138070
357086
386464
877858
553271
203997
917545
439032
976341
23756
616757
925140
886874
775653
778685
773906
280929
269589
128239
137073
247837
482017
636195
862338
461800
441634
697589
278653
455532
516273
646531
744494
198120
808797
654020
162444
728736
864281
66819
311082
500708
854771
870072
769927
481210
212159
248705
534400
747370
766354
976642
208613
582247
184298
442390
959784
754069
14635
470512
826417
175227
807236
438739
881743
432455
790000
888234
803018
326008
390553
573828
197204
292460
938263
557680
553886
203398
62549
807281
622662
876091
384596
516511
767213
19578
126729
196634
290087
113846
576610
619755
538956
473937
443943
496440
386859
173862
176187
724068
936990
290419
227201
375745
155833
992673
733915
44595
540956
908466
954701
889826
563688
307590
371136
21787
463950
646474
699235
237828
781571
845502
775980
70906
697424
153376
835772
690185
577093
464378
37793
374855
111181
824325
746229
47181
672221
159929
660131
776083
654279
347122
593161
643495
901931
370880
564409
52682
193292
818635
79834
643175
64704
446625
638892
174577
503234
413598
853417
621079
536418
41527
335558
290215
583835
985571
490073
415485
123909
715622
683028
528165
64801
418875
608367
602581
686802
341149
467876
621056
429995
287602
284500
668056
664803
835093
750535
167459
919269
334078
379281
274809
251652
691856
709327
875351
164556
552575
816785
747747
38004
744540
689042
511229
171503
640127
988962
982078
825697
811728
444389
575504
393071
883314
137460
14058
432303
285964
672737
964966
773631
185972
991767
517568
748657
106042
676960
333677
301284
668943
663617
858902
842478
843473
833920
774256
198709
863412
642822
684089
693533
627854
518622
176912
589339
10622
903773
85233
246760
885434
306972
870669
384082
670197
518369
306562
512556
748457
795868
989052
672486
434566
65805
948135
213047
145207
257091
782288
962998
760653
606590
726167
28041
418378
816822
344659
504180
799692
424117
712770
442067
498389
330143
199083
706659
437619
657234
644306
908026
646544
947240
378519
124503
210840
728345
618028
757460
537730
386878
327217
191800
139326
416624
546030
245097
754681
65551
224108
57406
390480
911838
31408
505395
220303
124812
298901
455926
149540
663758
214789
145246
194660
419367
275604
630459
708857
65545
171065
484680
558824
316757
742633
397117
342779
63039
146450
941697
874831
727757
326641
533373
485564
252222
856976
46412
473564
429383
940512
520462
238522
942137
894254
500636
877721
113662
287877
979861
53342
646402
859937
291351
871387
550446
321163
399050
97912
170575
116502
269910
518592
714197
958260
14580
69765
898616
633909
909410
555441
253813
587614
644336
693163
250998
845730
83256
74722
131536
679424
522475
15097
591398
127800
651397
512271
752619
3179
855394
963370
213508
976654
661995
942143
313931
867914
838569
849056
368880
465652
686522
765058
129722
196644
723936
124970
879403
4532
19511
167604
451266
153111
191935
604736
473242
671507
839255
689145
254000
947868
571851
126979
924674
498319
197572
847425
20306
53575
689118
823552
338698
100576
373847
563779
626041
638662
436194
826475
306107
631160
536347
860803
436663
210591
616342
31142
587266
494789
421648
350861
176546
212148
622087
967225
869357
765484
583590
138361
190479
788031
998168
63449
688041
582541
265149
249191
199063
394328
514874
78755
960010
320579
528171
708034
533844
250092
345076
406751
209411
398882
668533
305855
763940
828293
346523
735039
631529
145401
580115
42652
149477
416902
661914
782559
308019
889680
151984
695203
340727
773229
162027
417476
914812
980776
54952
366118
250749
496658
809756
333919
903743
881343
814344
597698
397595
87524
677323
712201
66842
681227
38929
576798
29688
278256
2218
451270
795467
172412
310453
605739
414141
275483
467259
311876
70389
849468
258648
88739
226645
317348
401427
787162
39580
988656
689359
526795
203498
124197
309403
908299
364196
746549
100516
376691
87598
361745
42186
239811
907925
946981
81807
318194
950863
288373
602412
122390
530009
545490
661758
398188
747904
787128
216477
262021
587068
478919
299470
249358
442678
771356
263054
168890
75947
154572
709518
322382
723240
736509
994367
500936
873653
502688
821443
153197
119054
81870
187586
503918
718988
380350
498654
611510
804707
188769
402430
350611
991556
650906
612551
153342
427107
684189
161769
953032
825875
594595
484821
626531
42317
38727
579469
164683
76495
166529
637971
248719
522593
368124
530691
734912
764595
515157
978109
897460
528610
763442
237882
34743
391833
803325
424064
877072
284628
669436
483440
907563
796480
941391
391741
586216
153726
375109
139447
558079
464967
814234
206341
554957
818217
643473
776689
812224
715504
763242
382366
187868
720096
329921
845012
340327
400798
425859
429244
326839
732974
962573
592167
143446
148758
859171
187080
929231
846242
286025
483010
202328
368897
271425
985500
699099
598221
898210
675666
537187
891688
107346
162821
332384
756993
768928
956370
323798
230006
987712
276415
180584
604692
998372
612625
890621
672249
991027
248060
241996
131419
412008
41842
518602
654753
412106
189981
10861
574831
403203
646119
367451
655615
156832
519414
878708
560170
761636
59510
870777
376647
556041
859598
677975
28330
809108
150452
207764
178254
148628
108700
24661
681997
965175
824651
994953
575947
147272
838987
548726
546483
602632
973431
841822
313881
25128
845814
128909
38207
426017
916036
728642
556275
397425
239404
380216
811477
818035
404242
234063
763575
250905
896428
278748
5725
354952
67473
810890
641699
627215
239274
672491
731198
247109
819909
574623
858395
245311
109256
468383
942179
272747
458498
547559
943264
860173
574301
896126
349241
227795
476400
332387
46361
910166
508849
852822
161838
4272
714503
857663
631822
399348
643646
67455
300083
83854
788244
19282
452455
236728
194288
323742
297531
509910
741554
508250
428081
50352
294629
414430
479865
934921
722769
356227
305176
858400
723438
157174
180261
901827
791411
314334
564654
648906
114315
511143
179831
721847
460073
252395
658274
646248
730227
909693
762410
118198
74777
958225
764041
847150
352393
235019
669562
392106
268411
357090
779481
413451
949287
152881
376294
893844
314839
456026
974440
460582
241750
379095
382382
733908
873480
912543
925745
273250
718995
186609
464981
373023
726075
765567
730894
555356
66636
655482
177183
643720
529456
833910
716734
105513
879072
389754
80596
613817
192503
148775
912928
195739
486626
540355
276539
188472
426548
806752
953462
869243
744790
25325
381663
555365
2972
34009
638819
282701
626354
823903
162573
661944
352053
488307
482797
343505
495646
187847
682900
119045
790297
609274
358523
374205
344564
442974
968515
581817
850675
573604
114774
619334
16832
164390
579885
625883
159231
568273
496428
339862
738048
397869
643944
405198
771854
391051
837192
856212
815332
737034
960201
394059
359167
753093
545883
638945
297487
974748
787945
716329
544519
79390
854198
949271
379475
243728
99875
669527
810153
282461
322957
594250
832697
300569
398931
307998
390590
334259
271669
493448
920438
118135
463959
815585
645358
807806
859685
676250
875191
291955
686609
364765
494069
354562
665208
850818
318933
245214
668259
205291
689566
293295
287978
199293
450081
701335
845490
780539
693323
496672
128086
416448
441049
529540
511907
549785
360426
514583
361406
415037
150704
645333
742625
978666
938880
230532
489346
212573
290186
42374
567060
750125
235618
440061
380838
728452
731580
511514
252010
786875
178999
778309
746897
648273
129808
533475
271569
460104
867319
758214
880264
952733
764094
272183
289914
150050
369710
484056
278455
250873
556852
160761
203672
378799
361657
5754
907623
331890
475855
719256
443614
367409
398983
29973
231432
562510
16799
24136
481092
463746
758936
556670
639081
891086
929126
900172
473283
51866
43393
361843
331066
200876
965721
909102
32467
374406
728870
897626
197712
232476
982877
305026
354035
272688
194430
337671
537121
19404
559306
51944
261793
816988
5587
577204
26051
398565
484715
55625
847005
213478
410878
383815
439089
689481
619772
492183
628330
521990
785774
545297
908933
695381
297322
316175
557325
57869
423394
783628
398526
669214
986134
598583
535307
365479
674794
77402
352380
68213
347474
794210
693359
856666
611561
657418
808638
15589
518561
108968
497345
943747
440277
643796
607722
402417
240315
38577
743247
641309
468533
745881
195781
870297
989638
77353
81511
337850
605538
209254
788534
698323
590814
39882
123034
337737
815366
470575
562247
497747
129805
97879
137531
930193
400479
679574
78691
750917
36755
523548
492638
618162
587388
707171
756953
610895
677726
784305
102937
875368
654846
460746
802711
639634
892435
280822
444549
797321
631128
297578
342255
663720
346563
354710
254973
574531
115343
399562
712981
139108
502070
597382
127261
260129
43259
536988
387230
692823
553443
107396
77124
882885
513283
747900
712513
777927
92021
135258
446354
465324
846372
730800
815706
89207
990087
993946
426218
755823
867755
416038
756834
45219
373608
62625
794224
819262
758517
766586
546615
951554
878424
202773
17356
903268
896566
291503
222490
435972
117320
561705
817125
526408
429614
243571
764075
627540
632862
766358
203495
409000
696373
336285
155311
740245
881326
610913
239357
681437
552304
435248
558218
123750
874625
880026
955926
345819
535001
144279
271109
976288
118545
488152
962403
255087
20666
813480
623560
641364
934602
589183
182551
143681
142834
446308
60000
212687
168779
443899
167973
660370
998766
413170
128570
751191
728162
438212
64709
934396
859184
339241
118309
806892
807635
602011
122928
678647
912396
507652
61140
821514
331153
381641
193182
247951
507621
533805
709849
145188
731395
344099
810959
723056
353332
164789
865835
830248
366016
808970
220286
182493
548929
851991
324256
55166
103955
9957
209455
993330
585895
830330
197427
844362
301751
692903
223458
942823
513044
199790
328831
815720
574235
715469
274460
273997
66822
152235
962881
948717
583902
101342
402597
316944
294798
184215
66777
259178
50259
705707
488324
24693
959120
130558
54601
100009
374718
341070
113797
538011
213249
309465
364020
403504
256213
8492
800563
936252
949351
97482
107168
684539
979712
904629
505437
712234
390172
179356
251892
79939
289817
744160
48916
892180
483275
641348
298298
938811
776940
557169
17451
936512
56625
448100
256861
154063
980855
467829
7798
956688
340316
851909
875628
393765
172715
25666
882379
191679
568623
975833
446677
96541
140840
739834
121859
365027
305500
677057
851754
857939
338116
591110
950969
327914
97127
483458
652958
145241
279173
493404
493577
911838
379113
255375
938121
907583
377378
16826
886290
904611
671819
225157
154271
171277
3141
202474
48308
742517
697542
494951
58621
173573
489739
724543
758226
975789
841641
714983
46940
265187
869889
160532
932817
234171
994514
471903
713179
36830
713897
105745
693334
521386
980979
414865
911224
315878
394803
549799
230796
974624
263310
86060
848855
247589
551556
909200
648091
30301
795321
998728
414905
340352
595441
935250
505777
457209
314907
314854
930438
501909
389700
915771
473405
4392
476972
5426
210627
676797
451894
539171
702446
437815
797944
473603
904220
618120
47347
164975
596600
951245
126620
106199
216539
991813
502617
450569
305742
248365
248135
146841
481838
153849
264824
620843
426792
311344
796666
155613
796644
505252
829266
860051
128703
271373
344008
744480
408624
684610
406300
766989
871820
538067
448534
444490
450212
59845
97083
641455
174028
709675
194779
285485
212215
620765
961224
825685
298110
511064
921697
131013
137663
213618
326028
112683
492834
434296
62722
6583
732663
362150
242755
963489
357819
21249
883051
493972
594106
338581
29981
293558
384014
949895
251163
238612
678533
827222
650296
462191
978465
380594
308772
46301
467064
998329
199527
980254
213948
420810
204201
726332
604885
675848
243565
162589
132138
277037
594654
803497
502207
395272
252738
467026
817912
22612
160267
739652
652284
775479
802572
829355
297461
29268
72521
159835
355443
967373
302119
820001
399728
16600
892738
475684
962542
4348
928157
682550
678845
489065
188788
990589
317145
634226
407726
981240
541615
841384
105199
547056
655936
879508
66569
198462
870751
840592
675282
854835
432212
932418
422800
898727
498979
844470
560145
59361
609191
99863
434456
774688
904151
96842
546673
331844
174378
961704
589030
996636
323223
336982
414090
847693
242550
430082
626162
45467
6594
539195
734852
983575
605951
58349
386215
498213
219704
950712
612378
437097
68130
241005
13985
824270
885725
707493
492377
972786
603096
728189
215149
468145
451539
395441
9441
653197
793088
161684
203467
397687
380547
575593
692002
185597
401433
275554
389231
795855
232532
566450
842336
156911
759044
325649
396219
922165
842802
581772
543408
113468
136710
722566
879367
48557
661768
907407
834296
734885
638659
983198
572953
774982
121989
537902
694066
52567
409860
615027
643948
517081
237787
40504
559592
99751
370481
514839
502381
450952
839995
214164
297337
329877
5591
443670
442872
765377
877529
958018
957459
969866
53283
228661
139295
114427
152429
12190
887350
947035
208613
626359
643811
879350
203440
398174
368183
506245
653646
718612
642936
558140
195547
618064
967353
1905
784689
70913
301765
762084
314795
284703
655541
323823
186053
104493
608225
518411
33759
437069
245747
955260
459616
849343
317911
373338
450359
555192
243086
674558
248509
312731
744418
807365
688695
443414
651956
164548
927159
450652
20721
910984
114721
522682
239459
728648
380171
271256
172068
404458
35582
825167
4397
108398
58970
884833
390156
672187
653717
124889
771124
678724
963939
17472
380078
487767
406066
995641
171822
563778
769229
461498
983936
810594
887456
300135
825057
498633
784219
458381
304618
864011
679791
60599
80487
803173
301685
388401
364998
57803
913710
494999
657835
725389
737317
687192
280801
781221
903537
21645
575402
782815
68246
944432
249207
654629
104971
408506
815475
805030
30167
180701
38009
521059
987861
514267
451943
327382
228502
343105
979658
491583
291493
399556
882424
309004
851941
98422
813373
38692
556183
298981
891565
795088
848440
299281
386585
132678
921223
953287
876700
591060
105509
265950
947029
148773
270804
300557
686767
682995
471458
91560
733851
424202
94303
760437
151391
194741
448393
197807
357256
783623
707337
770070
838395
751111
812566
358577
167338
169785
521208
645346
592162
996229
775783
189732
968256
236935
621842
786467
430276
997746
634363
196151
689789
60513
462271
122111
967524
396092
359091
28438
616005
569731
874922
152565
458904
708410
643028
247909
73966
534193
733825
490974
610503
835567
233923
352257
541120
702907
886320
742127
944873
750662
917318
156676
644021
781752
188074
708852
546635
947477
7881
272640
925305
402316
953119
741908
98440
562652
319830
236224
274986
963875
689990
8017
537808
39109
881755
129868
67416
749621
367060
358214
640420
102435
145320
308963
889670
826626
903683
689641
316951
540725
312686
702080
848487
948565
889548
853576
858062
856417
295296
376407
355361
612163
359020
69645
192192
146299
658453
417366
660045
252650
490594
224892
722551
941629
942787
162662
252404
456756
81711
65522
717197
669134
136837
309738
964883
23955
808724
65061
422319
887294
201974
684861
60759
946756
934039
659752
733661
178885
115603
912437
726561
294286
790590
726693
766183
68425
475709
436388
560195
152066
207633
117474
708145
955542
776180
603923
749441
736826
160092
457279
232175
177253
450012
725830
281105
98651
808234
190580
58217
248600
588283
792765
776538
324821
754058
78805
857912
774073
339704
466606
543416
774175
413774
189327
452038
86080
831326
780366
743286
843645
312327
557610
712210
626892
357718
54855
15250
468220
236617
346438
198057
412518
498288
913216
227260
274610
984749
99424
794414
296259
819482
313882
299542
955968
251465
416716
803602
927936
730150
572719
364597
409617
204921
151546
195803
710822
138888
746835
91294
10138
654042
456946
789793
779557
302421
35989
302409
489562
811081
558106
849740
800986
523142
406396
737249
779289
892263
274732
838103
154698
249906
235851
879618
614570
864279
926786
970000
776166
423318
619711
417081
161002
776830
880012
195925
831944
540240
326093
896391
101057
662210
423702
853335
273074
838815
102823
36062
227869
500043
587973
354522
670163
911589
985526
144801
831484
9797
502296
534707
284099
85029
608158
920936
831328
99035
848936
759752
128643
657668
879806
662457
23066
372285
753706
647635
802367
53579
537775
52688
444737
999450
875625
317663
507021
635555
505474
378263
915706
40806
675342
432520
317998
316247
931012
571630
269167
917589
525466
902847
609290
733845
289532
968356
612634
769181
156136
241924
942069
621741
739433
775611
281209
596984
708013
791721
458606
105871
230981
800487
217752
146207
151610
325589
452892
263825
794246
506831
857292
752079
288054
232062
763729
631015
85018
108490
343092
707784
736229
182253
331977
899176
578792
275427
166712
600328
816422
812798
316329
944975
961491
853397
774091
245907
944238
126748
858818
944119
822264
371600
749291
31790
807823
325577
49229
14942
400300
416305
656989
355039
935798
944659
459245
994338
89216
605325
139379
473967
665318
752864
742066
727878
53503
125158
352327
538599
288639
894051
347218
432877
737324
667251
53695
955350
490555
364963
428016
183902
680519
535068
897161
468616
373741
766459
684055
248830
872326
779068
779230
872912
974082
622676
164477
995992
40605
402397
59904
397694
226241
779564
618562
555608
87416
761214
758909
68585
542860
740625
897776
29834
130814
170640
253995
378279
644639
49894
853754
638432
103117
150068
465644
716495
53966
382493
55551
437545
350146
75326
323561
906301
605896
159803
452997
532826
222256
168885
271577
884174
920728
405144
77056
513736
557925
551696
954361
477215
53088
916443
730954
32620
39658
867961
759442
756625
996445
675393
518506
387741
767169
55822
915959
740360
466792
16662
4112
609433
30311
587674
630342
284903
451313
3769
103764
404027
117393
208416
434020
416085
371524
973724
526460
145606
681072
318032
207363
833274
3845
84738
354036
495512
256623
950287
934814
174466
544693
820095
199253
475447
662321
562803
849401
550488
386156
498107
366560
627272
388053
556740
169955
290668
853918
43759
664386
960337
766580
23676
918325
9965
760665
781541
888848
324478
918367
392647
345553
821391
486722
628603
726601
932505
81251
258116
519205
69894
996829
566944
869465
685649
319430
899201
594280
146697
632708
38422
201170
425779
602697
48066
333145
429199
12588
179630
733490
506035
202341
148474
763909
239572
444197
953102
481633
188196
245904
309583
471552
160853
183768
238638
945713
366651
539127
35098
119016
733007
979145
50965
25822
365519
198787
506020
962278
466115
349716
78816
47758
892059
870998
248426
965550
78069
890353
27900
665744
847098
22861
881946
152763
738408
643889
594982
670238
872362
565821
901715
693398
317155
175808
503538
615964
986697
649015
829800
153486
249262
968547
266817
441048
161627
738245
539997
250111
122197
45049
524936
475082
693185
601260
742632
93965
894435
502332
92175
555987
790018
767787
857585
635559
683944
670782
700079
189567
404037
888056
857681
925638
381491
318062
27411
962053
74517
57543
72342
819693
974744
230034
642423
278019
38107
315780
153277
736616
842539
986636
338796
46980
612967
906901
865974
316879
65603
425752
467921
765307
666088
693211
611044
348801
544311
142793
689115
854215
113326
300975
611994
44459
474340
962001
153101
415535
958958
37863
549598
609857
486500
212215
719808
131685
390333
781008
418536
637057
385687
447648
917340
716741
639956
60275
279780
925045
335070
860936
629148
269716
739658
456657
409899
840814
912922
557960
728782
588355
454749
197161
784142
961227
608817
297680
830416
916650
992489
968111
391883
548082
983689
481515
544532
300495
71214
244052
608789
515539
889483
535679
219804
781919
522573
847938
1231
903978
924960
863948
871678
703473
655883
51102
477521
870011
780919
656874
206880
189640
185101
250694
95265
139990
6205
664909
67004
514767
600410
754387
329275
850130
933218
887234
197405
372700
979228
372822
936394
987731
626714
979697
23904
987311
403294
133723
96043
650437
926169
333338
63412
73842
541006
560106
636720
357280
311510
918362
53337
29944
52860
114947
991130
1444
357192
643365
137188
185535
738713
846943
897630
620316
943595
204747
734713
394736
815161
821812
490657
737501
55484
151732
129807
89819
291473
666479
160187
826181
138808
108070
383471
482238
37880
832248
519991
408766
418145
865212
285365
786173
352682
185011
295889
351162
802040
431469
718477
415528
256000
178427
194998
477110
172099
173325
44214
759481
597048
257895
433799
247161
709128
395588
437954
192277
468467
290951
946454
579027
946576
513498
300884
705416
494577
685798
318694
368352
378660
210477
708768
562251
809686
848327
799214
333445
316243
935735
977453
232255
176041
994025
563863
414639
656298
777994
19606
410225
710543
375748
925369
559576
598201
669909
165060
424086
871059
802763
811105
679619
730260
361054
915765
870029
252961
747113
886670
451581
360719
349575
616248
904226
254470
236422
190831
318300
193345
847755
716718
469511
848881
405058
558118
186177
145473
769919
870090
156442
391221
371062
771207
762199
30188
737619
116241
528675
271236
867703
242649
251795
364636
542864
992475
575828
520820
335060
458131
871604
436017
710362
286095
336265
968126
438485
874144
749953
263564
236077
144618
657544
80697
254780
96923
129040
185551
926754
928632
912256
920163
233349
495123
281019
227102
296936
704025
471691
402264
624231
783112
689194
200096
252492
157501
681837
1432
732561
648171
276046
36285
926515
638056
280020
318981
679472
332897
945633
28065
165661
753390
969943
780450
647846
576576
161384
866360
430114
883575
544314
731221
360209
851792
556915
504879
986166
859836
285606
725029
217419
327628
672153
792953
82022
658311
923954
788923
854118
995742
46846
336711
838361
833015
883486
227621
945134
617893
697807
182542
772881
42617
960020
864206
597225
95602
852610
164933
596266
986959
58984
287687
23639
426565
234073
116131
604696
139341
981463
233089
696627
506900
971677
597540
931690
10070
987849
558544
134193
114245
729828
160325
90827
859619
352399
511145
194496
326511
757645
473539
325693
314171
817959
304355
546376
415324
243136
860192
253406
874684
527221
373242
495914
481866
528816
399070
265252
88528
121994
651143
494276
621156
44378
591681
115426
614520
905183
278600
990508
788749
321093
490768
449411
258116
95064
33758
141426
76693
600514
726291
203531
529880
405570
283849
612128
528897
118508
179286
99419
376745
824598
964526
532731
206215
483750
552997
6251
149117
104502
694545
75649
401615
445473
455949
938960
585454
445165
669211
293162
939571
553429
848161
72565
110183
890609
797908
662504
338687
395908
673650
517283
382821
567458
621353
23977
234737
794364
985941
888315
539190
287882
463399
650321
516985
659731
288417
26551
366845
110812
647997
283587
630074
712939
483373
793647
50539
366774
366782
65495
996102
494509
485782
766416
724295
742625
863324
231202
689062
474511
934582
435300
227111
895309
947885
497779
155344
199312
212654
214350
277812
599640
557610
627601
267438
105144
166364
373196
81002
262277
599530
848512
804893
558363
588069
694709
477652
72775
392683
340027
723690
461012
598828
397115
866196
131509
37769
689592
985430
520652
537112
216040
177624
850261
158660
296809
810067
121522
32338
561890
198054
133843
510974
166775
981637
63297
363204
342248
552849
579080
381178
42183
623234
847551
266138
656980
109184
166773
957982
676918
167953
639098
877572
892632
838829
179399
906545
676830
511790
600779
537522
442435
91235
160914
194525
987665
444420
185300
993878
529147
278719
783000
652461
363866
192433
343811
321189
494466
690224
265345
979984
712513
393861
835855
697686
218676
183735
817506
622484
58437
681090
973367
801248
414340
381351
150904
621995
616993
823581
605064
40576
148484
562469
236651
564649
480585
450875
315349
453936
501979
352872
34126
908995
338412
950197
573886
810417
46478
89786
741979
212369
535153
197716
341291
507905
30074
575604
757688
671948
972540
116244
843344
302117
840725
390853
836150
164432
521959
178021
146025
11040
452466
169708
115278
88923
844619
267941
77180
582201
417083
571065
615204
436875
696311
234150
751387
881657
744567
801615
145734
161124
470580
46574
967073
315242
20419
643813
45292
361479
715849
991857
17650
611096
304218
577151
417399
764923
571443
177305
308285
581651
930895
208569
954803
794792
144809
250814
789435
24811
97872
545788
129110
777367
339552
618862
408047
686002
186274
544134
836801
152371
973378
48933
77605
707005
542441
900007
241531
283785
84727
579605
289077
643555
305310
956606
506811
973963
163166
261535
916798
74236
745752
432191
10845
662793
481298
892696
668717
543842
648902
706991
27561
21430
525863
859781
121782
157427
756017
172966
109264
168296
743787
310238
368855
632140
737276
518091
334704
382744
531303
790990
742361
172367
956133
842267
446221
414814
694046
336496
977040
892893
476547
374563
364120
652725
224651
856531
600088
614556
518343
706560
903914
742012
593188
418231
574039
201395
420157
743142
13254
667315
681947
167822
324416
92744
888074
640470
620892
122938
155544
468539
508300
987848
891181
348645
485826
302613
605442
265237
522816
371935
536064
146299
164731
399081
130869
636901
683179
869115
734709
145617
603634
22080
40459
444323
55014
425421
369307
289778
871165
503297
489941
658108
523284
672455
915288
10234
670940
770872
582817
541071
336737
126686
552814
243545
243256
6228
432819
852842
769093
924489
725176
214033
766054
322403
29325
684497
90624
220671
70763
393267
586404
807319
291049
566967
942621
193533
887255
520742
976728
712260
262075
42819
185712
718141
488166
570528
678102
466143
186801
118860
15386
714816
733145
102058
137304
534080
799220
427741
718081
774341
434383
305439
69957
155168
712999
849073
517338
977614
325568
691949
999020
95707
61156
557687
75617
617377
462395
528850
268359
380335
17220
279694
320221
798469
251118
982559
780411
43259
853653
906442
881311
871488
743196
620536
747604
865344
870115
490605
821120
497567
112549
455826
254667
873123
400817
810670
521896
589358
958339
622259
979905
422440
235391
625333
403395
927931
482889
232181
997315
197688
47363
537308
192395
171671
846564
246979
334534
274459
984050
793775
871491
971028
445148
584858
19945
312190
606774
758828
421560
40583
352721
800905
615735
229230
495414
608068
667968
382727
123647
410289
631908
801115
151251
682967
972604
503468
929596
711620
702669
298453
758375
713531
572695
148816
752439
979529
406330
538770
510917
772022
87686
473937
166328
840918
639326
132901
162878
103487
885319
295948
363236
486676
768786
819016
19992
523776
294116
849699
617592
246335
320991
58835
984086
92758
820207
33272
863819
624547
794099
390465
682741
762063
541061
145391
618254
828191
892840
731186
170922
316970
314637
552687
527373
863653
438722
4771
777126
428826
215224
823649
510188
588087
10671
511991
888916
413891
296128
137519
13100
275755
536006
767217
908887
34811
702698
926022
931685
841000
919306
396855
269006
586954
64070
361940
556492
646887
719847
253520
21074
306345
787307
607049
83244
881458
11569
725286
750260
965382
89725
92890
675054
652263
600553
874821
786561
672446
556073
300473
878355
24245
695993
272217
13759
415457
500773
433118
24438
259677
780148
392819
212143
355186
935154
58944
504076
941810
10713
927301
702859
361060
8860
477148
237861
941017
772751
63584
466950
704093
275638
472621
689002
444297
488104
425021
217937
9846
706399
760625
27486
305996
413791
700977
949650
90040
10945
802666
330783
169980
547548
335670
875500
186912
36686
794650
606117
388358
56108
396392
257787
643099
579780
803909
137087
917225
80971
587461
755926
757514
563240
431282
678618
678840
969692
345836
880974
440703
672524
869226
641275
147731
283052
242718
108011
771838
610058
840823
443521
975089
534004
426368
630643
459836
762631
777126
472166
35865
648918
703766
696549
22499
16627
686981
374013
433700
708509
518537
696951
353995
180614
900581
497331
48253
96575
329634
579037
249346
75906
604120
927887
407456
268764
638540
120067
339397
819509
645683
10163
621213
486269
381013
825103
195140
804469
977485
697498
103573
682711
553133
112034
920673
725987
876606
354714
629308
661000
369252
628565
324977
903915
101344
243937
93525
372694
682864
823678
907513
800256
869969
187770
954425
375029
213924
9066
96369
944802
104942
97223
33808
979647
741178
414434
776068
306393
820185
873733
106837
361979
477514
164200
523982
528120
750452
908557
886421
116824
656784
565177
241372
354333
526627
175631
498544
363760
78313
51146
700463
108717
169230
265686
256598
971336
34069
131852
999928
698842
803996
610440
94859
531980
884342
105577
890013
141022
676728
546405
460132
531733
277264
789126
348658
791231
603022
922949
688263
666788
134982
608001
48897
816715
827022
677532
934382
443622
87523
652723
864834
301787
92008
559224
327716
675567
736846
765357
647714
371345
556431
818110
255942
693249
69651
536892
915136
12507
780982
309938
889282
360132
933089
407014
744299
585839
417109
928813
728411
732045
62982
446699
181925
301583
262564
190503
128482
493145
323828
686599
767266
496068
844765
315180
741310
467536
413311
736108
487753
377381
7614
346152
392997
877636
223965
365194
890225
285775
13892
135901
801632
704369
320228
371465
142373
28971
982513
790761
45258
346876
463438
96587
943776
248685
639431
771011
690321
908342
153143
538604
540753
439952
202570
796797
548083
722072
841693
489795
192792
896669
732674
750336
361218
847942
932319
480672
625350
639843
697526
748628
200928
492366
763071
686222
60385
801981
346737
526039
162115
179048
518815
390096
846493
201745
72511
338563
411057
394677
261447
811877
89891
221197
28529
851562
606469
654657
960925
369157
583501
698602
489812
725051
908904
399682
977002
522211
66215
59627
499646
439804
115352
61464
191644
860907
860080
137756
225537
372367
82787
703181
257278
938050
911446
220372
148853
855599
281772
496276
652096
182795
764093
791477
852018
769522
485989
709324
367093
350238
305336
671337
894738
540806
237011
989436
130128
946833
245198
221476
843763
653045
47629
124758
270373
766001
198070
467110
710323
283363
347517
411829
392430
485766
573082
722296
144882
673228
200412
761184
546755
449172
711511
676971
946515
123273
341817
734599
961376
261846
60923
337886
525050
157705
682163
227331
295010
720067
403590
739895
815054
363161
510778
483479
487562
955979
922025
770918
971064
980831
613201
372915
327992
458009
552073
70439
131682
967256
18702
100589
229296
799056
24316
662718
428153
254687
799256
949576
605784
765070
370442
505274
905643
176487
873960
444590
831863
807086
21677
854260
749097
108349
440264
158583
182519
172095
488529
763599
945125
234569
331542
687650
274084
387280
434004
298871
907157
562123
779969
553753
322667
809382
188934
900196
577646
703391
123082
327215
335067
555009
642090
429846
72681
570619
291461
998626
575142
861149
186291
698903
298688
259118
250581
182043
772256
297644
718599
42622
416625
270625
387954
986282
980863
951646
214911
341544
549178
443863
284966
668812
691033
641882
548324
203839
466331
511085
479435
631847
427560
556548
790195
780277
849878
111196
687182
395722
104201
611191
515290
374279
618610
959348
524527
714928
873080
665802
151160
151867
849587
324321
827838
398651
34260
724621
657376
130660
344611
210343
221791
431418
970785
311370
301974
821915
936908
703335
226566
118245
767809
703814
53135
480517
47803
490650
247995
235357
847545
247999
90997
975825
419966
663762
10711
446959
291378
435373
468833
700728
302310
315261
880325
204815
826101
76866
536094
511549
894598
277667
12929
235295
70573
394092
935724
599277
76657
881765
217308
858087
460200
201808
756411
500254
998143
653950
674293
615516
551190
773902
798507
938033
157256
661315
44545
275867
827464
806401
814034
809873
911207
376356
718083
822956
96690
241149
326645
396338
405943
222379
367252
681153
66280
467089
698380
612117
964569
186681
502684
393014
482532
4549
654978
849345
389484
397261
750358
41680
39742
823002
785971
364425
749779
964606
276944
345088
690994
217998
887148
566346
887986
569214
40680
490335
749725
38103
77294
892778
439985
162391
439183
424305
966912
87013
902763
1500
267639
23151
510345
746276
747323
61538
507271
810585
722991
938629
641131
342799
332370
756915
731095
79974
358982
919219
901339
648885
126571
327157
569061
321235
860330
342060
507475
597377
99086
226178
715561
968567
822668
279740
381086
408970
991395
247468
158737
152438
270878
596877
364825
390542
605751
235710
713850
622845
320342
741534
689267
561976
116983
630080
720499
575298
221673
65995
721516
300571
951474
923057
816129
5190
57808
16650
554649
805942
495834
662796
439893
30740
890181
718249
659678
831727
367363
483206
960471
647873
531014
326419
338546
581594
525859
206411
495838
443628
965905
934154
47966
140914
804624
46662
728245
622525
620326
395563
274558
639260
756228
881303
704152
587111
731976
185327
216573
362728
672092
45724
54900
619367
579643
438246
904925
453457
559380
396011
723434
770308
405639
549563
842861
407546
494348
86867
625995
324943
996979
555829
857680
824496
550213
378400
734301
600866
485514
763633
143612
429100
361380
54550
723156
870563
400409
818155
404855
753424
731886
448499
249945
575679
273518
59764
406236
159783
355722
813743
97030
667569
785690
33338
106004
351335
29186
371900
161768
320186
414000
425925
605533
986543
864193
403463
791995
300072
539779
180085
366278
833227
61525
487223
125553
226065
425195
826759
880176
256493
636590
85163
437739
154454
556352
256271
177166
909939
714973
890238
206077
631330
709277
250749
30309
492326
174869
429124
641582
387435
595870
867162
388940
755702
852461
924428
234997
747053
52257
894985
428333
134016
671452
642653
993213
424883
107976
826824
492034
508554
143291
489851
476321
275024
547509
898734
533528
261443
109446
417888
868208
792863
277901
386988
900110
321093
184091
690821
155881
152968
695989
38734
726166
303381
426744
22808
800192
51388
511191
748985
35635
307807
928512
945285
478359
400886
783902
761260
491705
700412
640759
713584
539141
243385
736372
607297
338064
952045
339649
465398
946450
534358
542155
771114
667249
47006
806502
456945
569144
952933
899921
474998
146086
28006
893457
875891
347555
816200
610041
490635
267982
709571
512011
488199
526705
323309
480633
314155
178134
186017
687108
39796
62515
547210
712838
121777
380288
252945
878475
402683
773097
707233
81113
963283
827679
573139
620496
377942
287242
56379
654060
915231
86745
577486
125352
793401
565305
845422
436349
979583
190307
706260
368649
297363
883728
143833
322954
703223
494920
546721
827913
63755
591960
27301
540819
522339
937506
646107
198498
240516
552846
920835
592475
205308
995231
560208
381873
144155
322272
381234
819303
826321
702909
234940
926066
326758
558317
352631
435708
415056
816333
429890
799109
959988
545353
202532
6692
666108
896243
129712
260268
454225
337973
575827
204842
907445
170275
338174
90954
899520
708010
371946
985561
167413
97830
128332
283812
666625
300559
168727
815424
305999
19730
363369
13667
67274
399166
573203
54000
206256
821525
73352
764880
950864
140739
573665
5499
876832
115819
288778
200215
306365
167260
660109
614327
10239
181026
219705
667972
70328
359545
526190
95673
270090
949853
824776
358280
73122
826045
649382
366170
486741
734541
216534
521460
603221
966651
308062
736373
914639
754617
603881
13051
594981
726009
340365
965286
386307
366327
11445
817460
16224
342575
930160
359244
384275
358576
663381
987606
71375
790537
517968
842631
659069
91103
765262
6906
939445
77152
614785
404154
335960
541522
92176
423004
933836
601285
547231
854153
658069
799911
16758
261978
221645
373366
523408
388124
949376
796624
141634
207346
372518
688166
639430
426586
263357
353231
705252
23176
117571
607417
63164
342062
857293
758394
539058
37597
436231
886724
758198
284485
159049
134583
352494
728664
869713
23121
41731
972493
721507
877953
692549
659841
851258
725529
350908
427256
850089
81441
818956
386880
581907
180743
7364
652470
283779
928692
136899
220898
927977
997243
837639
215934
203442
375531
743187
713620
872579
592772
523901
471493
461329
665542
749201
855269
926047
152420
628197
300420
260501
322264
788475
720072
594042
810448
942988
223158
548687
511814
891063
672719
766983
91373
112390
537815
265510
375879
547288
247537
265716
619027
943153
236773
993886
658788
453595
103492
912362
506061
750326
86947
78485
196345
420515
626179
314891
961879
878153
157137
134403
69938
259842
959240
554676
703646
351654
277236
463031
338318
743666
597266
285818
378755
658644
934996
717086
124319
404949
497152
589679
870872
608547
407736
741117
232712
55354
483476
310427
385568
206127
776107
714867
296381
221081
834993
735812
452755
98716
783610
308666
450182
71123
455837
932585
937303
239385
184052
104421
93819
640180
720575
789376
183048
466975
305960
755297
838216
548787
754529
190205
914288
527025
455721
277621
934699
23662
261550
671884
410703
488732
311245
732675
622705
448305
355829
279508
744211
591797
571881
107271
836092
882733
99236
967411
936225
302239
972758
540309
611263
954434
167885
506054
711114
389316
648943
434588
657407
816631
152163
184672
613142
901977
94672
955303
814675
579326
87549
333967
387324
492444
538072
518743
479781
409139
475026
896028
480999
660183
607655
540012
692591
680923
644667
398025
514098
692956
643104
663420
835454
126695
231348
344466
583532
70472
240296
885240
943922
519664
504091
31854
796181
424386
56292
400619
397755
569466
518319
921998
241886
575226
227838
797436
574813
545651
999313
16858
652077
816108
570465
352040
136492
147954
751238
957368
612950
699933
627128
178442
866832
715194
585906
781510
87458
786010
310322
791958
905666
638070
218653
664029
495435
6781
226624
380759
367245
688956
319794
530190
253309
887145
185173
191990
144717
749196
192059
264550
570071
185355
656549
143155
945714
66896
121190
723947
826983
501593
7398
578923
336638
252828
361282
407518
614833
338324
651857
271698
3138
286764
285506
199608
545384
492807
730209
374968
293157
456938
917496
144367
917747
201671
978450
305286
847708
501415
64027
607792
613673
808114
783267
646271
168498
537502
149633
971172
842965
811762
331604
7169
483970
319862
99237
263469
478770
851769
701544
654531
301175
156030
748769
722663
743407
224516
99108
918103
669906
534577
377524
602537
949227
123674
342669
542887
723364
492466
329982
656515
950201
704332
883309
914168
719
527182
193279
923264
925277
940724
767695
694636
793608
118846
559003
2275
28749
893368
932734
485113
426840
922532
267287
20843
364337
608517
913545
239669
788950
35850
978396
669264
100515
342678
857666
581579
92206
899368
778547
397381
618415
634924
422969
832389
686748
333789
237256
253558
449619
951957
751109
907138
962289
109618
769063
848329
961472
95079
181947
590782
459404
214940
306241
754398
504214
728643
765940
827086
229474
454457
618791
718673
734059
317588
410571
127651
108791
293199
640141
5876
349765
802127
76892
995396
478178
992785
759432
633367
632411
939571
991622
18070
767052
682459
546192
204994
729943
231176
921897
999125
404529
455731
33342
861047
245718
889313
781288
212377
989020
851656
527567
800114
310181
380251
458664
641492
749423
868276
804318
347882
790470
144478
426191
931537
50009
244988
954925
601103
836009
759128
3653
675828
145117
460748
706716
995404
338355
409863
820149
8573
344977
158141
871600
58500
925049
999917
287757
418822
275995
178512
12301
444629
130309
853531
786809
274882
274230
290737
314556
406042
259088
32873
11883
346174
17515
779831
275814
9187
113158
74553
92310
827746
205656
691296
214869
166396
493381
549881
267886
808174
153644
473943
78585
918189
541
248415
854313
421567
280744
191344
616161
292726
875088
853165
398912
840969
620767
798440
76798
416912
416275
143148
324206
691804
749046
303143
402083
704112
629835
658290
671855
272992
528996
175103
948231
176901
836625
203486
563202
130522
765298
583019
209344
392823
915502
854360
110503
844135
970812
741715
349449
756328
409438
46739
887585
649918
846766
431300
262972
890676
209489
663117
636597
573296
511688
65978
186393
304050
592101
825867
25513
303337
601434
236184
101181
210546
23213
159
831237
88430
925128
172076
470379
440958
264556
701860
635157
218718
215494
672493
315526
661275
166362
228733
212580
896562
416156
38526
804308
548231
295517
949787
384769
931902
830562
124586
335676
975610
131089
753014
142589
147824
579013
92520
643720
712743
83840
67985
404523
851150
197504
269846
838884
989369
724010
572472
131423
678202
296931
633918
21212
530008
154750
287362
568879
233071
577231
762774
842721
693539
578142
247697
237428
496066
55224
652153
751492
436598
976607
363214
775625
626787
148001
248881
450169
260707
447174
304623
517194
304411
362658
769518
834837
801658
205259
533619
873110
490126
565989
644942
80144
537026
401305
7715
292494
998392
814308
555541
14276
60479
361612
621456
78227
290929
647789
983667
181803
539180
692785
172761
61195
955563
781726
295299
495140
770368
989384
938659
892955
695728
112488
403079
949037
43
511941
149537
782830
832934
456399
492527
360618
384663
426059
875083
554796
227724
126503
640593
284764
237417
398383
576104
173123
881020
203096
219631
950123
170750
426746
408902
319778
705449
232539
746358
600285
491121
466214
776830
807032
263520
945595
853627
639451
431121
261088
613683
355193
553160
860245
241598
826674
711917
335300
696785
366808
232739
283223
313576
547727
992009
35812
853455
151758
356301
94596
407246
63426
42216
152897
633583
99729
809466
711341
884141
541243
801986
735695
933691
235805
305593
994233
703149
434064
877388
84789
335751
785838
428405
346397
835489
226165
797813
928330
26867
669507
546800
786405
516035
668609
973092
525977
692520
473117
332167
532137
607482
264047
7293
432669
964120
926973
239795
776344
207253
149594
98459
544325
332863
931049
556996
632944
634126
574783
919061
671281
518886
794278
216613
326978
916681
774526
703994
287410
289820
814911
100445
420146
899796
19097
249110
2829
466813
786620
620426
364725
253863
727795
133293
189560
789741
560619
666725
131794
372067
736210
908541
405339
789659
374363
418562
378273
943764
903902
105598
131024
776896
678875
478350
418958
555825
699551
207650
868708
131039
736639
233489
493462
176152
300481
452695
801043
229637
242971
840684
517255
676692
760787
32001
379918
900999
723269
159386
947460
140761
635907
350082
969272
849288
399062
918768
565759
604164
970531
930933
993700
238834
805609
782750
934333
886237
578791
480300
979289
756282
49563
991341
186517
378774
318628
890294
64846
744030
602441
398272
109040
824970
357074
364893
106669
163688
214868
448661
988682
711873
875147
13857
659
861161
19679
700355
594607
469288
6665
790016
91918
404480
514959
926395
819582
613211
765867
241456
874845
897491
37514
363209
717545
306333
318192
303968
945139
279251
17912
329298
332083
224028
508985
429884
708788
457530
448837
564437
214704
589871
771083
224552
41846
234957
605980
715244
170759
654553
182986
306689
470657
178651
931949
410634
721843
854789
516991
621665
250511
370685
11623
502459
316989
841673
628819
331994
699852
490070
52286
159849
283651
713957
345489
389431
500246
490131
88933
359507
219060
451139
218279
694528
509437
112298
95957
202901
19089
674358
435877
164148
754692
134812
123460
949988
596781
418365
362491
695566
204574
571892
195566
47761
587118
692222
20799
715266
411505
912390
775119
116995
746377
508493
903397
168638
586262
190451
203623
625279
681353
338340
605444
249004
482518
246882
199028
904737
748040
878762
402071
192172
83758
466374
934074
745698
391475
577263
740665
182940
897547
868572
262526
744209
176457
471339
241319
674065
108558
566507
903686
308188
467165
682180
924930
507613
799817
232387
530586
72966
523919
804870
618314
839881
482432
653440
1030
579952
293143
802090
538787
362329
597673
891655
6741
908626
678138
956754
282771
272525
394347
507397
22039
921664
91281
542984
873857
486812
800610
470389
134747
642727
791753
144324
870967
302712
742233
361240
594549
435854
769373
239717
894945
434062
309646
192188
437113
355992
340062
151348
138572
532357
121649
763831
401533
205886
713963
636582
95079
529660
284708
259498
815514
205591
798584
971864
142276
999309
535868
1280
287404
794898
779851
976850
431447
557518
517246
488814
820365
509048
478842
692295
120693
664013
67106
247602
866205
577708
966445
117713
640086
644433
172563
786454
656380
627884
924706
503670
349972
958877
416429
199789
768590
153359
618787
419623
208169
869038
317181
808530
234869
108678
338833
796030
662644
561145
195780
594285
175642
185821
254429
310461
781940
391088
994164
320879
585189
286200
928649
681235
548875
871868
981232
167122
805695
276824
399594
826007
390715
15681
199760
220507
292375
835542
736040
572685
270444
718046
7450
549338
267289
894756
990204
736286
843300
337708
266122
214503
917112
703377
712881
360929
713868
404284
836042
663396
359205
221763
110180
555799
870002
162588
712570
925183
388628
490492
381060
235368
89409
536336
201385
690542
456190
201175
971985
214184
690185
632538
975513
224690
101209
548745
384736
687574
976893
772148
461246
851223
983009
774754
980693
616473
869424
856017
977919
825968
381331
253579
178855
364355
697751
409890
695731
555612
791852
693448
44703
709392
789897
982477
500965
577030
863341
104245
968856
557349
994369
997813
172753
195614
56730
691466
872832
606483
470746
327287
125988
390818
600757
305625
272981
196947
999633
297128
416318
557082
568775
410828
169641
934088
222087
361625
91443
803156
905496
62121
963934
232002
670524
8213
337669
734638
9905
222480
367146
470775
94868
750495
999979
578187
804065
142841
33940
874122
279637
71543
407374
302361
863284
196855
579316
467718
966567
126291
684166
932115
263101
723065
518262
591457
560210
284135
201056
462651
25165
569670
970007
522939
450371
908448
424154
52828
658489
286718
791974
745566
291270
712418
293413
701072
740375
403293
955652
276477
78861
794639
960098
391541
120641
689465
286052
472311
594919
64000
451109
567928
831376
80385
633035
279570
404233
296011
96693
433292
521057
105213
448592
82434
637704
470013
932233
961201
35923
751826
46237
817825
593436
781855
673163
811439
89031
762877
615147
259190
553695
902451
428121
717466
779550
888533
646921
692080
385739
631670
110846
280205
616382
127307
479702
946602
186559
838237
549885
470641
776205
964522
983746
282534
380090
767257
700678
439669
784691
983769
382800
882132
759134
332501
104574
261588
106844
711701
945815
158026
581742
322868
100923
181652
288947
788986
170299
951306
646095
821910
1349
436739
591016
486649
461688
232449
146250
49617
302102
492730
641451
810080
548375
681284
165448
947897
578202
969372
32365
193303
916919
766354
279572
855898
983856
612053
555365
868831
273477
531095
338972
691386
545894
476636
509385
10963
547907
146852
523248
18074
197120
249075
24144
405352
419524
324794
508097
39987
983345
716579
910262
917102
6190
34750
935907
74171
423711
339075
600312
322318
31798
783043
522955
31775
682723
932912
3603
225163
1575
913605
651344
611272
368390
430547
189513
196483
700699
201578
427245
138456
398917
606304
378139
352301
731135
299137
975037
930092
244622
22291
605135
158555
975827
751876
843774
214105
599424
689074
899499
680951
613479
908759
979534
408432
69166
326352
516087
410247
124319
227016
201840
139260
978460
656581
915583
52778
653232
529871
764040
707072
632064
7032
781774
362905
52320
319053
112922
62971
131650
226711
796660
951657
500745
726606
465998
159589
170043
786907
483265
879430
962389
58120
293999
852785
887481
855303
914375
786871
724739
349148
735590
2571
897017
277287
445019
345694
209440
372242
923267
691417
270187
51667
642323
460534
137423
694430
476980
529532
645170
894827
468425
442197
120769
492703
700236
73805
266657
782106
355030
404969
78781
89564
851197
828450
832254
54740
806423
371389
631769
840391
687709
885128
761025
492697
331563
15858
175998
37692
315236
666440
881238
603890
973107
512968
15783
88704
498540
137060
936918
630257
184336
572244
612066
857667
532208
505048
180562
491443
486440
579273
79501
812960
646477
588443
801864
869150
493857
565746
390297
182746
538115
598685
224043
440677
372900
279219
197002
287647
267699
896520
392030
279169
495451
402700
141685
704070
127458
639873
891321
204855
133746
853784
295681
41106
552181
554151
184450
900310
338649
692488
801766
938926
814003
939984
249717
625143
194495
37098
39792
241904
538950
419216
271421
250557
441688
343909
772795
445720
201529
769202
194679
259349
246424
64316
452216
719247
3386
611454
147829
163636
203638
777545
18343
40171
372185
840948
306233
482781
629033
251073
896603
760551
865159
292045
702261
715226
822062
381299
873081
365805
843288
247807
143953
473728
649407
376714
794744
837901
488640
515959
644708
631149
482204
291592
887521
827653
860249
798046
746873
144907
245574
105227
703567
893624
275163
806677
768972
481612
949566
689354
290800
663929
507618
801595
491978
338733
690122
966934
293571
529471
366444
352420
769684
836469
482480
82267
525528
644784
638295
192609
564796
442421
620729
360350
13138
602264
796583
371900
590341
355079
223919
504254
532455
398384
66749
648506
388518
31632
959582
518964
493470
985305
719200
781145
215048
669055
116502
427221
464463
856864
735416
785361
523331
153102
233831
317132
96486
132666
560013
575125
720292
609790
987043
861666
863905
982470
656396
27600
575146
204316
411551
895992
722381
267600
692162
575530
790340
217344
357489
281097
691916
746633
210270
326531
334548
89546
598387
274475
406545
992274
226419
569460
156270
798630
17598
719500
338401
238320
84339
132882
270361
352134
909039
242998
760595
692566
542836
101356
485836
206380
658022
804173
972049
289184
821102
88778
817202
409823
240833
937293
561749
949908
675771
142638
958694
675698
340965
331342
617260
684641
66518
455316
166647
374466
168885
582722
156277
239265
789852
119923
116133
549750
201752
921395
830243
515352
99853
162875
939425
670655
980983
639559
272182
416116
18891
627862
256016
456855
743675
37566
299206
571276
607321
144041
52360
297796
682707
39279
615928
431587
6876
434834
24017
77779
534252
842960
950021
172709
539485
94441
102438
299551
445302
451437
302778
134886
223365
365696
730033
709193
570597
274414
656818
794855
76576
128613
996497
674175
905133
71507
8477
696850
330458
960733
331735
216503
445637
517176
815293
425979
930692
701672
727235
678642
463652
814227
731747
353695
644431
655041
421388
545851
95751
615219
685430
724774
979791
391261
772757
109479
98280
72320
346219
328353
416696
668392
285240
908309
330440
626623
52301
436814
680996
397645
853375
745581
731557
895885
958646
755857
268043
222445
146149
417058
339396
898785
206292
132283
490506
451108
297432
950706
927144
174028
640997
277381
791708
304584
564090
516066
348312
353081
180410
982994
250531
144555
302363
591684
127005
507055
811447
354866
695391
49686
618112
820978
909696
873548
118673
160731
610485
933006
757535
201170
449616
1417
410190
229040
650921
537361
815136
419857
996570
849274
29896
375228
668323
781719
853149
675242
652526
737677
17706
830901
937710
399570
829346
512670
323360
641480
418800
915259
59316
479152
818157
12987
217157
434572
319595
344024
306882
974230
86446
146264
901809
446678
954106
962431
616202
599972
818696
515732
770175
219514
291090
502286
468891
650933
940237
698267
769096
839784
785975
93646
889963
614493
520070
374755
541162
417577
312576
833263
929293
507627
935977
157545
186882
988385
453910
967310
109563
871590
700064
356022
329074
11148
134836
33457
957580
233746
558600
145501
317339
302210
255656
171208
284670
503978
158446
23676
419043
776948
425168
747563
737325
147748
505875
689720
958832
996142
883934
328672
196697
946738
823337
116163
696555
141589
456788
163411
387876
955197
593684
828504
318078
425449
237704
692253
495057
794410
982634
389370
207766
20545
218273
534719
935110
953751
238834
185146
855840
446099
22039
521190
320394
370843
955944
504496
605775
325419
737846
137958
343175
491275
237623
70719
466964
982448
7131
82881
609736
570161
393405
311187
309924
277028
634165
360671
295740
132181
592778
904803
780534
247906
47621
702037
665393
666614
454880
551153
919490
303840
659165
744224
194969
589455
332468
25862
641282
608108
958244
53992
917063
106068
732331
368953
738099
601329
149969
198144
324914
299188
397598
520615
659605
45105
23403
384033
651761
6166
328918
847929
143015
324553
635599
950836
774910
84062
701135
820515
18667
379058
945769
107399
997299
250535
281209
438176
109991
486075
871800
130260
524046
262791
177522
920185
938849
104402
433230
599167
479536
613200
447180
112445
173474
763898
873294
764822
697113
139083
798541
969351
802164
902292
323948
534033
540718
958652
402665
727869
70884
640920
827760
905297
10995
936227
50122
24269
940991
428122
772402
810658
237521
989879
596296
40432
445400
953223
882591
530682
549264
140138
490161
33769
842496
563303
138034
547961
346077
520937
629185
271748
146892
592282
750651
353577
978629
902171
787178
267609
671507
700829
677659
60670
579704
520927
102157
900552
796269
533060
449669
707797
217606
977424
85375
905979
350324
315775
431999
494261
528677
974786
671301
771241
443782
1943
543198
408338
27368
140739
288663
641551
872768
746543
495245
284807
63945
222557
12832
482743
146628
142341
96198
828377
113439
912400
916475
434610
956660
49008
257686
512825
392424
727898
661623
859167
423732
806049
782045
472383
982720
695792
734932
850980
493483
369188
970379
247793
378407
999428
68100
272753
514626
471902
448676
482812
17151
351807
303274
675778
830563
595022
316541
955895
60555
749957
965213
329691
396858
654733
355196
68581
37745
668534
733798
65739
569975
285392
923866
809457
942840
981032
491773
980203
747018
300194
644836
681777
372810
623664
514319
452958
308517
731628
753718
679780
770355
656152
193083
690833
607037
910511
589182
123574
216991
698471
564047
753657
777481
375110
501054
262841
717727
849758
988879
227417
133633
925991
166090
500460
69477
856823
48302
607739
417567
374240
584773
541237
442882
613670
167571
715956
130593
790683
640488
149800
394286
575449
446549
173474
622212
508252
891579
420863
937344
895546
336703
755311
221962
321663
157977
714017
902002
633577
977484
395853
491893
247292
340144
964253
236830
885315
770731
317817
238473
388645
311294
93421
50243
469856
362747
883961
656269
205476
105109
905910
632447
800590
573136
593824
515210
461439
660311
264196
224214
876633
611308
286663
134090
711702
309498
900816
639017
581636
581062
970643
734809
257441
580420
982459
969152
359311
64262
945651
915079
391348
283279
638930
462400
379568
66310
396577
952228
272124
939782
102729
543221
25500
254738
326174
302594
170048
938470
123714
473609
501117
40424
873015
46390
617507
107645
757189
904522
910010
433657
589700
344983
14366
34926
433351
984104
500852
83429
191013
558333
242440
85099
382245
691635
800069
188674
772677
325570
496975
407033
847911
702689
826049
311190
658777
902980
865022
453231
482495
438725
169014
585368
677472
387937
661239
823862
886601
517785
381485
920754
194657
106936
138488
286346
154763
875508
998888
261441
459441
262958
112728
392950
134900
505300
226596
179923
979565
383014
351624
303516
709790
942101
129430
899559
45498
752583
103443
281835
441869
96760
579503
16432
759433
886650
410528
409574
770543
463709
623002
865874
495446
554729
663661
886051
592923
435272
467706
134947
922790
321217
530131
346313
90068
824287
204655
247083
641158
113520
903430
253904
100294
46761
7183
10019
702225
348391
287636
641156
366277
522192
747054
782201
915176
821080
698723
220290
507346
341152
875160
39498
981113
245112
659060
152377
881815
107013
510100
598311
92794
611390
756900
605482
368807
551120
412704
366608
345260
570530
851111
41832
471873
89714
519737
570043
829978
916126
469261
836504
168780
561151
271762
11469
373721
608048
487616
739378
30170
550764
53977
437535
554184
313877
90945
892605
374758
394577
562615
463994
877327
924175
991983
654166
288343
845608
591374
309851
175649
198944
855617
517673
16893
102219
772666
251567
657467
551116
597577
690998
591889
521145
800979
430423
434404
863066
365553
630349
699830
594833
343655
662693
39277
138259
249151
356178
600636
839124
638145
344413
732656
90817
351634
485689
276313
773991
148967
692532
984147
543345
594852
893130
960496
794638
997845
995156
951108
181809
951111
587998
380748
925298
467268
420757
483195
113810
80682
46367
747107
610844
117223
369797
226236
849830
77843
970635
662933
372279
435946
629473
582228
354562
925221
276146
790059
333009
18995
61209
634585
399165
3609
133299
145626
678425
773347
358735
553965
974511
48454
411394
871104
153634
896532
526360
444409
468147
983386
27109
582307
588510
625945
589497
270259
684516
219615
788721
588343
735460
474050
764522
975386
671331
686905
21713
751702
738475
973143
369430
809910
95375
756069
476095
65671
873228
500954
453657
755995
499210
494841
51977
627385
132226
187656
117056
711076
895739
583720
279629
335622
888365
704598
912076
153529
836102
392701
332860
140467
91082
573173
161454
253259
655125
379996
350618
414828
133628
618703
214604
581141
909522
451910
803899
306698
63174
88265
27514
344858
435370
449811
192840
478542
645582
157314
670274
427627
28235
569207
851960
210532
544156
303696
396636
463200
199398
986687
178134
444323
318488
420359
667189
941723
893037
842835
222401
137290
336462
674739
380204
964874
491541
536435
686951
596802
771757
629978
218960
23844
997525
671420
16712
277088
336515
499260
712163
955112
472933
763042
861433
403553
281090
7253
770841
415203
128383
924789
363165
680685
491902
25239
436057
390312
273313
625054
371693
895830
399852
779378
47482
299223
871433
498080
825521
763544
572324
212750
336583
311576
935543
65561
441029
440600
22880
705229
922107
37535
580461
242112
936661
583847
105466
225099
432837
978024
427058
608038
181344
404990
718961
247391
249093
208633
300298
68471
991031
30721
928804
281497
106892
186724
128831
128120
735807
673854
629781
520452
28768
740356
261211
735176
61098
857517
384934
531171
795893
2429
174507
320929
865218
969070
823519
303669
424692
693246
432637
336853
695262
536336
771494
381618
661239
467903
471970
777747
151530
156742
986116
407885
260426
286277
436652
8737
69667
577777
44006
526130
101100
70555
103600
580641
484248
945307
498457
688263
552203
470745
174917
995790
982506
935799
542797
812396
869195
827038
32131
423485
235532
673636
779027
669116
504831
542231
407557
174559
211971
661481
320606
710220
87790
339832
99238
622395
524646
210040
460101
68969
596111
485439
928583
633461
8542
709548
943615
621724
986700
527413
501959
635020
464679
461580
633317
228262
918914
865390
121929
690005
148109
359240
175539
337670
358463
156550
57649
677187
632111
903609
467590
502384
468163
956323
95206
463520
927615
117218
551774
526996
179391
522039
602641
379922
746816
763187
765725
69919
381784
441597
8285
869017
951430
626050
282503
17587
63076
726009
577140
882573
995833
935826
210176
222255
211883
19642
509831
310818
799249
678349
168144
595307
156135
291097
497798
399717
57371
854411
606113
875322
297156
507449
444516
487165
518386
693131
67647
396007
499040
974406
497876
981165
124102
164279
744919
817082
120011
936696
707854
849550
2008
627106
985080
268146
138248
69071
927306
760919
436603
870794
905364
16779
977610
655702
127426
379223
774484
582808
187647
955255
368759
122273
516148
737974
465947
529436
742958
636902
75752
543313
440222
31865
150743
148243
195130
243520
487974
261900
704768
512189
605669
10467
490074
684902
312878
606087
528797
679865
418162
922715
926507
770550
730862
286142
516857
694526
391676
699061
573611
850950
728837
519288
734747
670776
651604
783318
774905
506342
221702
188421
836812
483755
779806
666442
373143
308704
987253
797825
604951
220408
460750
957770
998184
24185
543559
922576
529542
609111
503084
669431
425969
538287
477158
128418
238443
729885
146065
69086
676507
798010
149739
626286
202260
840117
780199
902963
962095
722957
595490
741880
370836
274344
304365
90392
496856
156819
705480
300428
853568
750167
237168
457621
137508
880244
766864
164034
778927
512701
43667
280735
906691
848719
319065
67706
238649
62447
310279
861139
754118
530303
660665
482335
498681
269597
517779
520377
24096
259993
950261
168294
970379
941200
413964
266947
60200
131113
230725
397837
82957
231724
623645
989069
235605
918138
631700
459550
188641
880493
948929
475932
128832
243341
648638
431979
846569
620651
215619
380321
480037
974942
689552
130065
912330
844375
45188
96309
248097
945379
563211
685175
1449
91582
643509
722524
989493
582478
896865
391629
935536
503363
922584
638788
464257
170504
851766
349712
77001
560102
750018
36100
711305
410614
546271
601218
353
28353
472540
469855
486195
97654
750182
639027
858918
399110
934749
312320
440263
928032
378883
481917
751497
832516
430737
704318
481325
467462
269220
463233
41853
319009
325716
366551
143090
306358
967078
538604
685365
307488
963031
545142
386050
75508
682456
509494
87401
958554
21850
505966
180911
442050
295231
177248
282065
6342
430192
344510
944296
95835
356556
27891
2600
946930
476669
208204
784322
246513
8743
685573
464170
930697
470458
890668
577394
966899
411431
854004
625045
657228
924656
263897
195921
793739
973847
587434
894315
410587
423672
394168
7958
783897
353651
383641
904366
676972
47873
713817
896863
283195
236456
590590
644387
361807
886601
27447
646376
802247
337623
354529
795407
270898
206050
128245
917521
345293
731665
480144
228604
53080
609070
945760
404379
476375
802012
866408
517940
28642
940579
555825
259819
996521
246956
304718
85764
40392
105736
287114
104390
707459
753834
65776
500474
877854
915573
470966
427859
520348
92272
178374
81255
240786
582103
951850
858203
302566
254923
962836
799134
775849
911785
781960
777740
381263
721847
623655
823218
250439
866299
368665
38129
511611
510566
359445
181819
721638
647533
265040
647035
935180
692089
553280
170705
915483
497716
593291
792443
860
242372
90513
436239
685398
653461
195667
749348
334463
301966
106750
117201
871392
954917
113624
953741
2052
199566
561094
357110
518940
11406
702327
216109
903666
394863
566769
5662
481096
170444
89590
746461
345229
265292
654290
98476
186043
344299
937732
251225
904080
893812
189638
451204
302438
318411
725115
655038
314033
8678
956021
761230
118037
380252
850848
816909
90530
290902
327694
283889
2221
149858
889503
182566
28108
175398
342540
36056
775341
95665
396497
345550
138579
666221
975733
374832
236462
989105
427383
832169
33175
480371
102230
513703
864037
273434
642365
735871
701870
741106
632394
876654
345246
284025
238394
357626
676077
584342
150450
832184
840704
288297
966444
402790
115806
708029
735804
359416
705357
238234
216382
749744
654473
974264
159583
570598
602080
729934
448452
315623
725869
920200
698714
696634
76206
709014
93115
615998
576644
527649
94202
859503
767304
835928
102667
666695
187268
310569
21010
48257
327829
287948
116230
129080
983067
549689
329794
104622
452762
250554
954152
650602
678064
306650
253554
445817
530163
391805
962710
943700
250406
256073
135829
52002
911128
790594
191009
483284
467098
747636
385897
839534
893979
153289
846850
613542
858850
617658
345331
620645
807270
247074
554717
235818
494925
253551
330245
952526
892032
968433
645696
165922
668903
347157
897082
799604
826182
456619
779490
353905
242099
843810
404726
511012
668723
944662
644646
395292
175665
332992
683624
548460
447578
478540
213463
310604
382936
538888
903112
519261
63400
782712
245996
20234
768794
813382
583963
256330
4005
846294
43651
939713
920804
72952
781420
242822
64689
12855
428967
457856
485980
468430
215699
636393
500809
92602
679179
90101
332323
800555
748207
441419
606208
122068
667214
487602
160787
563234
569453
640327
187464
964361
194934
537386
354560
797881
556608
420409
935849
874671
88887
12788
187576
865384
612840
207680
936902
203057
262764
855239
37253
114267
755694
824252
857949
268426
549082
286524
102183
407916
768675
496528
294981
212166
508529
88015
534107
138345
604518
613536
273327
497476
730252
519454
746649
432083
769436
766740
965862
810805
940717
283303
513359
37980
304888
217875
672785
582686
289796
755790
762281
420968
704946
467528
402670
424401
457767
493716
821706
463820
710609
204640
136406
495160
944920
866208
280914
267410
787619
17290
461950
620746
952452
186042
638103
86643
541889
132277
334193
953299
386624
933066
104237
261786
335566
59796
402328
541872
369868
983773
460641
965543
291894
611485
789492
584912
105681
167392
499255
201321
657969
132229
771104
424116
404324
553762
872113
222498
14207
141445
577169
991022
764291
891286
157896
950151
52138
885400
553815
564005
122836
370254
718386
467837
861513
937146
721435
373647
552554
787136
354204
624477
469305
500778
61665
442166
654913
843461
936047
488304
946340
481960
331013
228019
709055
885332
843662
539250
473340
284599
811391
424821
461811
353163
758099
220562
619645
338203
838113
117819
968280
815462
378006
603632
765488
727388
541973
398805
354192
769157
570344
878110
356004
338817
473569
808422
601258
723818
285457
756063
379509
685590
175268
279460
905630
616952
45656
898155
141511
114598
504664
100310
645197
934709
535289
802600
980362
75200
188560
292949
263939
205448
864941
932722
72949
11253
371449
183243
573687
885755
92967
56595
890636
83480
39130
263222
142023
74681
681235
194251
838875
452284
760981
660581
679678
672848
693912
787081
888890
710329
922981
96057
535824
109616
639188
703535
820425
733095
529824
100517
484762
509482
132964
132113
15091
387233
275445
464943
45732
387186
619291
73846
969580
756739
968620
162028
934048
47133
841351
487893
881717
325292
815594
51271
32362
589667
809969
826585
297364
438524
831980
894137
850247
446621
818971
379293
114718
402198
251336
85458
799720
48135
296705
588336
936943
319135
500145
776111
180774
45567
206683
244306
576046
112317
574450
446785
523781
539972
973527
448628
904972
215064
953839
289931
606131
835447
857312
657852
453251
582491
549545
679588
410375
842204
312859
897150
620824
926195
990712
105585
46852
80474
193511
260483
700890
599438
224656
474476
280597
259318
262938
263429
343203
152926
982719
124895
248272
190236
511496
273712
177428
549779
685354
648617
587445
836438
387069
786851
998554
900836
17621
657207
689518
279889
767551
805548
998509
320134
974746
79115
221966
800095
131855
14543
466125
848882
80238
714489
868628
428272
806630
537087
734277
734755
495905
299940
887143
228375
851578
462243
248490
570133
407516
637189
272152
136586
622456
408530
785755
960199
855266
343780
943397
234466
799433
493847
909056
888249
414865
871452
600946
59990
317583
95149
819212
399470
9120
542747
638223
760068
938278
867651
274236
98667
520608
112479
106103
707496
832997
469880
80663
109238
28029
382201
136717
135330
556124
522911
490926
915991
73212
703501
381278
218676
348118
937724
760283
782361
501372
928848
843811
407105
731798
116677
97027
814601
966327
560200
207166
392783
672027
743970
807190
652918
253119
832719
85625
39685
959581
495533
2891
685935
822723
193360
183372
885997
144719
497714
367846
493319
551113
518856
637270
313395
269149
615663
217844
384788
590323
37637
903520
10595
980205
525589
630603
802539
222780
277418
971743
512302
146144
772292
641356
280869
336762
845097
503473
924389
632207
620754
834851
678621
248539
257030
360988
255676
756687
779269
331331
31663
631274
583770
858323
320648
313967
707412
420075
183610
340488
811918
190834
806273
614199
316137
343589
696287
172981
145499
869055
370688
602281
498785
69828
919551
884870
269584
682857
517313
162561
825289
427683
435647
247150
528779
823626
843490
31798
155939
211114
529031
497719
540350
643047
91170
704888
16479
800458
176766
893959
255275
596972
471202
293042
505570
367933
286416
895774
344616
786609
357223
730247
292417
475273
875560
793044
551452
514618
259413
576982
343942
926011
529397
394013
606527
386160
245365
489271
803370
404462
916009
744902
319069
575531
428975
264829
512473
841731
257076
218999
629843
148905
626448
416627
22769
295016
505485
272240
677264
476821
906821
862177
883138
979668
255209
76750
862869
262851
699614
287431
97358
842182
411393
120773
652469
746928
154123
339998
557130
91914
660048
840740
544661
292164
725154
734812
998171
499125
189778
800470
24364
491857
507414
268717
731610
257894
638086
220445
944708
21778
975617
724860
755088
72965
313005
41431
449719
162671
882971
453482
606841
408838
645640
854331
99314
804021
641855
103251
26757
268772
285212
498138
973876
361696
892716
296782
399570
882984
203761
625760
916943
798227
595970
871723
95859
501089
861774
350801
401126
288412
931073
599988
60395
508330
616255
191310
657325
685362
751309
83246
316018
548969
203279
493840
153516
878648
571884
764887
215406
384460
216909
392617
489596
637625
303557
821287
358523
17803
273035
87560
347527
234603
511266
691985
828259
667499
504857
315763
170443
964974
792750
926528
928870
245879
50446
937611
747416
657484
235448
660252
688179
689798
626815
829389
674893
829560
652334
998405
657580
302266
840006
350926
295390
334673
874914
965268
798374
394812
306940
656444
627920
708190
574088
305566
577126
677827
630334
445601
102907
538832
34933
87538
479460
487628
973931
552544
595015
801029
293089
325400
49483
443296
884579
566904
599791
681729
616293
746257
233143
81939
346185
936766
690880
292148
856446
190427
396085
577792
778562
783396
376090
469177
863815
901164
209990
927248
515508
806007
665965
434642
826818
150708
869211
721906
944391
635162
344509
980079
496400
479453
584730
477282
630118
824333
861151
558694
415603
424716
860311
931363
772095
719146
180025
468473
28819
370591
653659
141574
312126
3684
481157
782549
189557
2222
307872
361827
774485
410952
889998
289871
233669
854987
856019
919261
201079
896573
966000
201190
349197
415364
393104
235360
5848
311557
984284
943558
209979
914718
700905
720868
115054
942651
587473
238017
153887
136089
842335
408104
683378
747541
814692
602901
199657
392560
700006
711417
413663
376866
210040
512618
109871
135959
568101
271787
776498
851338
451718
670931
360100
679933
611315
330012
698152
239506
830230
684490
394594
393865
226011
24629
618306
193815
860675
991413
408673
994655
130264
289962
272899
932048
830459
982053
104316
629466
808345
40823
235440
623053
428476
190740
605555
442001
101054
956450
376143
535484
303192
553252
540195
306067
880728
468798
519464
350497
789041
359140
248847
505197
584300
598563
633478
495130
31997
154316
181786
857184
971824
438073
998007
902179
616514
772029
308490
318893
752204
236268
98247
761229
703962
858563
50246
634891
980570
419702
103305
881542
206896
798037
827288
851948
983527
157466
41485
182102
976193
854353
688492
596158
303663
58148
19946
288925
670428
240130
195791
520037
707875
345516
211829
366552
778082
625052
849584
548868
805990
81554
234952
667803
951238
161724
383713
449075
113419
405248
888124
364758
984972
707498
247958
617415
660313
128045
515694
728210
976782
538840
845668
808398
656519
67798
186941
897267
332018
292577
272003
269394
273535
58885
311433
99509
313652
728269
638284
346963
582046
185868
205942
190448
314850
442697
754428
978063
263922
115912
627558
866389
537627
122033
12079
835452
232826
361696
207106
151472
204047
62408
473444
832841
317610
6980
266737
929254
854593
465212
691583
740322
66083
90096
809759
388662
243591
106084
157634
947051
695998
51368
202103
675898
471112
367491
339474
450626
27970
137147
975721
297380
320380
737220
507448
389951
964201
603139
456868
525443
542128
965693
440541
929204
167903
876833
14684
910077
563967
992110
231692
273710
904898
972162
382853
253140
903705
565441
46195
269172
212642
531678
133973
825315
225535
822537
321057
522693
642178
325877
813893
457312
512964
19525
448393
383580
527445
781522
796944
885145
69837
1371
782526
926445
387201
467914
597619
629561
839250
445663
932788
632742
605919
395579
763563
75713
214298
867275
994757
163825
768312
940495
879993
964049
190658
208198
912361
228142
28809
289976
950049
996894
318518
650592
872124
690555
448319
997363
42021
977979
641654
984977
744507
991917
905979
695175
919182
215762
872530
418559
451910
533910
86223
825285
430628
402666
411630
847414
601695
183487
745279
511879
200112
75168
352766
123759
383210
817964
186049
851762
590336
28335
559818
531275
505899
550621
948412
255862
991075
595818
866731
699287
379530
164681
697292
102218
141224
998206
490124
339080
377105
640098
593532
888882
832867
588723
411625
426366
698860
405269
971594
695547
973608
813290
513362
724290
725927
365193
446502
906875
384781
619869
462569
579849
938676
456221
943602
993811
359340
121763
290975
289072
674
992492
660867
920622
796190
489579
855610
31743
108070
470858
169886
785857
130368
623230
175314
954921
378965
287109
471675
867723
547313
159295
357583
461896
915111
222374
433797
533524
273170
772716
790380
165282
337846
269679
659864
937903
765252
824412
727927
663208
875324
662237
357377
514617
210157
323840
511822
882931
17944
713190
350529
85401
924979
735395
340962
783304
692297
482553
371914
535040
832702
137836
964599
237779
137328
378626
605119
213928
199546
247257
980962
182764
134226
629732
779128
884183
200594
235908
488009
976854
434452
310271
589435
780571
267638
794271
587622
238973
886652
12841
578180
333324
518165
936376
330180
895733
235766
258487
748221
220814
427939
331960
822464
353984
314316
226611
885126
756494
370772
155677
878024
399686
581804
514660
542766
108034
635678
430341
975583
655515
550438
274315
943607
784556
279355
260261
844822
377278
471147
98786
54933
642389
143844
204171
825108
973078
908303
81245
458735
813779
658326
741217
110415
145717
77766
842538
461532
346309
15056
555051
874128
614487
455146
100658
282215
201363
969427
134853
747187
941537
759347
435671
522380
114032
863008
587559
508580
292388
837885
773686
406136
63834
970941
941219
217698
457752
290373
851236
154827
685142
602352
481507
504319
213155
975212
148531
813273
834358
818753
738349
986269
224658
108338
959275
38436
718804
569404
6048
717746
615836
610939
220755
170595
605910
980588
84150
435716
430052
166925
519015
293311
672938
501665
536066
352046
606517
437775
787104
139280
903432
468650
243633
458905
266949
795532
937522
499363
79797
963995
596490
153219
95604
560941
149191
742326
6588
668680
813616
809083
924364
129730
922886
161978
262132
804103
85852
55329
556032
719929
619536
592336
691711
110578
253349
385898
109551
286565
612670
698572
404998
679586
946553
952730
824671
975864
457190
325877
870847
462068
102307
962761
253444
682312
982101
505922
350953
13703
44165
344158
988536
828365
443605
207069
607501
505340
53661
496278
29506
997089
567142
146596
481212
967732
510337
555709
228689
727550
435077
54050
990421
734421
439204
912434
530496
16963
270761
505242
570301
241477
824529
3623
849297
432175
909699
127356
825254
754925
232300
284767
958836
763300
643835
407469
653195
835382
729078
102318
433599
692453
554231
973827
334512
669519
702919
491964
884212
430871
445142
195782
50660
491172
739924
955010
547008
319555
101614
574192
476287
405288
311528
659146
960248
573714
704915
333613
300902
784396
49708
566642
703643
901775
467985
980700
970628
588037
437216
885033
437845
227240
420014
19019
368721
484233
399713
647601
725623
996973
265643
698302
385804
334482
130915
177179
952258
140495
592258
137256
752898
804569
197558
555149
436891
868513
744294
541359
344134
250715
878083
708479
310485
424986
930759
981292
539448
125527
100814
731960
595436
695889
495181
608360
261569
939022
695987
58965
392838
535807
410010
654688
730578
682113
895978
610371
296562
62144
163211
848450
102378
10550
637700
716160
774826
888017
458933
229613
155151
606387
954925
109341
74642
816275
629033
120436
559697
40193
456554
370622
728824
445702
845298
734491
679500
398121
774682
441495
318100
174670
811539
312728
630372
326906
303479
603568
757255
361202
543627
851283
86344
83008
820692
33634
973789
450647
458066
362917
220337
768462
469149
16088
418316
743752
523611
269532
180578
391541
823132
45710
635701
17969
291346
487285
778215
906634
177648
851221
461728
311455
907229
90080
264215
959459
939221
269324
637889
541121
243677
553600
113172
487962
341985
802152
137079
714922
820587
98216
215688
977544
418178
109292
799049
663436
562141
780126
587496
494539
480962
799601
368681
773629
65088
720858
639346
811456
596549
301983
402483
18869
126365
985096
385519
797192
260232
409713
557932
344462
126710
353281
545843
48647
896737
528373
578692
245634
576775
147862
471066
839904
533443
566665
423126
66928
553351
455173
672971
365690
234744
990303
638181
92951
133542
894977
905782
569789
793831
307449
248735
380953
182863
712557
943767
898517
349901
660397
943387
524601
485605
996001
260978
377773
46405
327713
532380
221789
385991
407203
4503
636277
622658
852431
641869
136012
208269
929775
740317
940701
589393
251586
274180
693295
319754
646320
473640
975703
314906
597143
9729
563092
150730
674819
95332
955480
391518
470525
703917
637030
515539
623418
4425
149462
828151
761140
534622
523126
386277
461015
692951
45003
40860
146321
883471
983605
768188
50252
207001
694640
237596
684792
647402
227894
97674
149121
369508
470146
850336
47456
656383
251248
424895
639821
797782
743681
733611
338706
588044
231034
863107
76859
779801
120363
746139
359530
803700
499725
422264
325959
953119
496709
349095
712724
573066
224325
457018
616414
493605
322514
455328
102799
423557
846368
370016
619297
525874
72345
516466
662509
426507
841468
856698
925794
930262
682274
7905
78993
266280
881628
542610
879780
392813
779257
247566
153135
34453
536548
827117
593310
583451
461609
327730
264398
915123
708824
753673
647353
398672
67522
123935
735753
755919
723105
196574
203213
459779
324564
571332
123913
991902
425671
559711
650919
292152
878449
992295
683852
662975
852023
479608
656006
572284
114926
508778
824993
633918
579518
535631
862681
828837
139041
32904
268905
582860
199371
290244
424642
350548
10916
889622
149783
490314
802864
751858
894357
537844
436432
353796
761968
171261
391778
100462
779801
739642
240259
353180
440652
219160
92212
290244
393285
611172
432602
716607
644498
116855
476639
947007
907268
885756
893559
691885
406655
834976
522045
539552
607537
866964
887739
931615
899073
273864
841123
914459
144586
113996
448667
998802
80759
49760
496703
225538
216387
208848
880090
839816
39107
394754
284644
168919
411888
721072
497051
439813
236180
134480
621820
244543
352974
231894
714206
182557
655105
668175
486956
995088
959775
26606
483325
939832
121229
574308
698706
584466
293812
765096
722603
918479
258148
937942
206086
757376
585380
257012
495541
696684
56346
634319
761690
394180
4307
56068
194178
108334
890800
164314
288604
254269
226222
761741
737109
231938
738000
258854
543953
24956
26795
125189
197703
996266
482894
764289
24377
742401
714635
287654
409679
206970
107431
796701
864527
974467
217370
229481
754299
598869
653698
767309
976072
518757
25259
633484
488438
61172
625907
545608
242128
968769
925981
559436
136770
808543
995189
848421
395986
990945
37338
58795
74685
619953
455917
548189
803631
743872
891157
913258
608862
201815
938220
171788
533827
258380
587529
339919
44982
331345
311019
73008
255525
821671
828094
68896
435632
202864
10829
561000
82276
621409
191237
465190
161939
282326
26274
340277
473292
296255
330872
692971
703484
214584
266912
696699
995105
619511
753789
793083
754919
42654
870186
445761
55329
667185
398018
667046
620965
331297
370891
57644
117444
404615
38463
538236
8356
836716
646585
587912
72765
117829
198713
575695
417196
830652
603732
884030
62647
243433
372731
281588
478878
643679
578149
359070
947034
56803
418140
429569
898037
637112
272482
6551
993925
82198
199677
235344
169798
533689
343590
496633
101331
768085
966218
560698
518657
565606
694011
888890
297688
487526
665078
224093
689519
869656
125905
47789
157731
762370
352065
603158
709043
606583
911557
592843
515899
827922
523507
494855
531532
907839
727069
85550
166052
384371
315680
656402
118351
639356
56585
533585
135385
562162
426595
640987
548142
913869
184865
769617
378065
173968
375460
867977
674677
896931
1642
927022
637563
528319
585940
108996
626377
3843
41875
49866
49667
761379
461358
340152
162345
252544
951666
505896
337677
455954
131958
700561
896367
438145
222153
31470
500663
790804
681275
626429
13582
549504
368133
664739
838681
788002
288533
411436
575314
417544
760250
237489
296837
205226
99625
111442
118245
335478
874
319459
887049
325769
557410
81508
35526
367417
596285
784487
976745
579599
735735
478294
959505
193554
385800
96077
132071
656190
453866
684771
686716
50516
456264
612358
871229
962443
115397
906180
686357
27748
299365
516454
350431
191451
722524
344503
708550
654201
322225
493026
271100
687623
161551
722169
623635
367965
361064
929810
993915
626968
938054
546124
678041
999785
155120
766447
814592
939914
982901
506289
55886
310220
212824
919829
102246
513549
736280
636463
836869
212677
214938
106882
386179
892415
768117
108682
723817
284516
404634
547157
507753
942514
904030
791051
588862
324556
899174
304015
231393
581484
471790
555646
833508
753268
117494
774997
501231
173857
609417
436591
139670
404448
636907
842091
615379
438843
692574
489196
987877
610988
216209
852410
431300
522898
382950
960837
283647
817281
435998
519818
955316
355636
433124
440527
620
482782
243314
424712
508177
855325
487460
987932
959116
79440
656855
995777
300031
161919
524349
265347
260316
859321
359553
756580
346144
715195
708945
819038
645872
651724
541388
753348
606734
563366
988810
161927
928504
229710
139970
840723
224733
144901
235548
515993
288060
331991
361492
987816
750172
833424
671367
315829
250402
309966
900574
192505
410130
832690
111188
871545
910949
747952
366309
4321
135810
691718
768213
686858
69340
597386
180634
172251
840425
715611
443943
936651
167227
681274
480341
920196
299836
474161
742448
658595
147146
828721
52124
181212
127213
317178
728355
541179
76017
719987
196764
969477
436453
87513
31864
422333
607022
445076
590508
249346
49800
780645
399798
383829
383003
548668
712655
977657
428022
340967
524204
41267
744874
866916
698160
44209
138245
305815
329457
771335
161130
671191
943269
111700
347786
176738
907753
390339
332865
391217
611181
972270
845071
332327
930560
840924
789425
577699
334708
149803
14171
813940
653998
848713
501077
870444
22732
601628
643695
821069
293555
735106
252962
186784
625011
183154
177413
4133
867545
205377
997481
112741
157074
688449
778897
947427
697271
977540
28881
283633
574586
507070
241090
56542
240234
422472
72158
904845
789414
614401
781887
750753
41116
104271
177903
945172
263485
878851
808427
351143
446207
269339
240377
84212
673102
102625
151715
311967
261392
540912
491471
94699
816403
150998
599676
961448
727766
148309
748763
9354
921777
532420
188231
614678
462625
260243
794147
689909
25524
395180
99279
592299
783309
670836
740999
178465
353621
462000
571096
148830
830463
116165
509566
690260
310389
267416
926623
967383
743332
504660
434398
865129
185249
584841
411870
990576
962358
712049
913171
820488
357581
569807
30918
777141
629752
818225
234917
288817
693403
856340
17412
126500
130103
892198
405492
214258
974035
402982
707454
645358
153417
879207
39997
872300
620970
274484
611413
792051
48463
423566
520083
696593
467517
508305
81379
254345
405108
809781
882280
165608
785428
858479
797884
941686
889453
149239
708996
785607
182753
713829
379822
57777
618488
313653
872714
730520
630080
50857
657154
205796
825631
700622
329016
241044
215863
177686
314938
684908
687668
86628
919652
339722
565173
247079
908819
997527
100116
948253
195137
400216
939028
84729
254978
566820
326950
49312
858906
75504
744600
1741
316152
448134
197595
248980
866323
707157
772847
133827
247776
15777
624301
757412
180461
842203
219952
455327
867997
222987
823137
927548
222785
129961
292702
122247
668431
284876
774535
908
924865
717178
728612
108930
490956
213533
488566
595972
339771
581271
848409
183098
460904
875244
518290
173014
964247
880030
61115
781754
471599
4182
769480
333943
828118
680574
492597
600177
552552
941548
141646
965790
146323
737592
71706
686061
541201
909742
160037
199363
35523
878623
622569
465312
924199
961490
559000
173024
192758
857048
110345
228894
439517
322301
428540
161139
20629
344602
905612
648156
852833
7176
396016
343098
55716
353967
74349
700722
109788
584892
560988
501621
370303
25329
183379
797914
551344
656662
860339
262118
980254
900109
17998
38638
985210
258179
486514
555347
448594
666114
667159
39725
849743
716580
215329
588355
652807
27043
743761
860405
64640
706635
126286
638717
151234
2896
730636
794314
563992
477500
771863
261964
392547
664961
924478
51662
888410
546860
727390
230012
299745
114938
582730
158150
258821
734853
347732
563549
605778
399959
216315
746267
428689
51488
255665
545279
7202
176962
287175
596309
956017
457160
204343
860340
718360
163703
908365
50977
459665
302589
838260
729554
956950
439942
440665
996300
269080
821486
341374
818861
835544
515152
23133
318278
360036
27965
189942
263328
249905
388553
175927
642272
446866
978047
973256
381061
445779
904692
475696
576717
327860
146617
82791
251256
405445
999146
732664
481444
974107
201955
933842
90007
479852
181907
463981
344283
283852
495464
757140
196420
749829
696874
488210
402253
822412
535844
91325
156769
652902
988604
217754
659637
864855
414244
9835
636306
493186
834281
79836
186928
61602
225065
555910
243582
920483
883554
726237
585983
459998
565989
959229
403854
78384
999080
801420
116162
379382
889147
529931
867820
619942
582355
411903
25853
334989
953986
350326
115205
426401
624072
484728
499606
928322
923971
946124
117895
255634
704513
628515
745300
120621
548790
814309
520163
566855
72649
404311
146017
822689
336521
962278
869579
437288
349181
790931
736649
67242
940568
596474
607860
405685
29131
190784
76025
249678
830261
847000
99221
639179
149814
658418
912960
305102
132577
875906
132902
860446
690959
353448
684112
102819
84816
910017
387682
318654
191165
288138
266813
613891
90729
769260
327108
340692
752054
14952
721660
680411
77251
779359
175309
712291
795139
53183
130277
486995
841449
818374
269372
225609
612415
357364
140658
385999
941142
584209
930644
295741
980632
467288
665213
186539
212985
704703
904217
927376
119948
189604
722437
206140
370802
414613
240658
901934
567725
337980
2217
512787
244754
921445
857992
385180
577373
106350
338282
284538
128799
900810
439621
199737
636690
411953
408621
144054
545741
790056
785110
934654
767698
710312
17527
625989
216645
672366
911753
713600
988600
645471
390958
914399
375265
235349
814959
655850
342125
528074
33182
801719
746989
674143
106458
122437
190639
201610
435889
339641
141928
989851
828448
337266
458125
160233
693621
38923
15232
187037
463253
407276
529319
721946
886349
999385
226824
138260
998985
975410
259900
79601
634971
1670
246533
510647
695
614770
559702
555245
487111
976590
870923
396442
625344
937470
654810
484005
141025
413096
81559
888603
863880
348288
649315
232080
218417
964862
393138
528860
569995
871857
210552
404614
546425
47469
99696
424575
196834
705440
408585
286661
771829
970179
531757
876456
992892
411436
99566
105450
362972
5376
240912
81599
540583
788741
671917
549683
376606
949589
69577
84651
952134
27950
273075
338819
640805
568039
804180
388631
849561
278589
629143
175453
644374
480076
916341
597232
670266
638297
633627
985448
981967
294860
696507
109668
747420
641851
869996
595433
88680
418721
106815
5220
536012
485869
192543
528395
227060
516535
695844
503650
57330
321421
825396
540954
277118
511596
65046
626835
684622
28106
968085
343618
459406
67600
157581
59054
659965
655142
839893
651541
463524
237606
741768
402091
616243
941746
36018
301186
38265
45473
792276
444165
930303
907476
130260
696414
719874
848167
299077
128760
215308
457091
811982
696158
720302
894225
522617
586178
842588
387785
769946
602010
680485
205608
821978
603429
404877
234368
751839
97804
649736
596713
821786
238051
893013
845845
179820
603982
169397
678978
211125
501632
409928
55432
709499
812575
821954
694994
184948
426436
802126
376617
974065
523742
277951
147628
772519
15158
89007
867484
978330
938509
640950
246228
655847
750625
470089
799445
997935
910
487020
433215
720412
462610
246293
644829
481105
415593
400863
881495
703922
641879
888615
354698
402765
168836
430151
410165
916451
476545
543533
830794
327383
307945
472023
143589
305074
418786
708205
137432
696529
444483
895546
46372
384876
77904
985864
763909
75907
398752
574296
431269
786598
989855
742779
107632
62817
203824
790480
13191
505091
368426
186203
748878
466506
657412
169406
238944
736877
173259
146518
100066
889990
828175
277108
662069
810457
736990
960502
827077
27973
852584
136450
735294
765830
703490
188702
767967
316260
241990
872111
75750
585467
888855
36876
969067
192104
324994
628031
588361
838413
643583
456024
272567
572418
365592
232045
86068
252120
8545
597873
773089
840203
59429
209263
796648
610883
138401
960676
132890
316935
828841
125943
544535
610303
793961
304598
657126
686756
589575
337134
430309
717574
132963
431174
83994
741689
980224
287801
257575
311965
923708
361934
879772
423113
231419
606070
202023
761492
831266
136865
67174
646527
122559
777853
516317
950594
888006
760652
413635
447601
110007
108064
389559
632907
679643
944758
713232
290144
744748
254381
923666
443548
108372
670433
166588
944819
380622
780712
379006
265515
293801
825385
929415
604481
11243
43156
510525
987193
684306
606721
767366
751557
949110
323881
419523
130769
502602
91515
725661
838313
78977
278876
363703
455176
539021
440062
381571
415806
768834
391388
240688
772733
767641
844623
952705
795520
925137
133072
335673
686743
11569
710795
673011
889748
629992
641884
355662
40332
115540
745960
378565
253514
611809
144666
865948
270358
500426
92281
510710
939613
38587
449955
566980
995773
812759
917609
230360
240239
151061
23942
258775
371090
405573
174652
951309
357008
130033
701581
272731
545007
661662
890707
591819
595126
899954
589820
606980
818041
68783
572326
551577
796420
21917
184083
707835
281888
758663
827913
754191
848708
776411
567497
964826
807516
151925
883561
282585
294254
972597
318288
904046
529967
14860
358990
521908
326497
549014
517334
930483
630951
443874
894297
194927
807015
99533
870399
703067
299034
407371
991492
377963
31603
619015
912941
688455
557865
310371
936614
44571
114851
740056
165818
282827
751359
552641
347694
801220
371775
387571
610106
963438
24657
904772
797541
188797
849786
721389
896828
11495
381854
311754
957358
866096
445422
884670
139271
70241
99438
422899
895751
187287
540450
233599
977503
641783
536340
277218
795527
995135
857605
527276
935871
148024
501102
352955
732896
257735
239857
157538
443101
271139
828449
174822
971356
31074
940651
261474
846571
446828
819231
490826
562592
599376
500703
505292
170898
887605
853858
542930
80749
142632
994085
377828
989558
45525
798256
544363
91036
220881
810305
763216
128823
636052
955159
308035
403360
308932
389276
94680
408492
669484
198191
897291
24901
380683
573262
471524
539879
333705
596125
582774
67700
932933
862613
129729
13045
219465
615180
654135
793390
501663
724700
957852
24989
209597
651187
726918
204878
874395
871863
809028
601950
258342
319764
918875
681802
57228
476963
45868
403123
138680
550968
223025
956528
194584
859336
708262
432208
710873
434165
268676
412587
418100
122552
816424
502243
988962
593130
436499
230076
357611
391151
633610
512469
863068
182911
215326
120387
931351
334226
304262
205513
774084
68520
946024
514421
242598
274418
97143
120409
174536
149088
743093
498853
962838
463368
276634
442590
840711
24752
608781
652605
486072
494264
188687
267686
346645
274023
490167
454723
628976
502992
522455
190397
459572
33248
10238
593687
766962
716231
231511
615783
123738
143681
51375
141617
232967
121856
572884
902305
151089
98552
113560
213157
909894
872390
924085
46501
757330
459646
514954
934496
912858
14352
23748
8420
463817
981269
434840
514985
513794
449340
744236
746699
803284
241420
34645
253411
382283
704315
909377
925603
913399
523033
981063
337816
352718
706977
883685
923737
621753
906173
114156
692954
128773
153711
266385
340105
555707
172377
253761
344344
413891
216153
727387
138297
687092
76748
866959
706984
585785
613300
522833
47010
81249
208116
110137
405619
384194
104632
331898
356333
97483
782129
259004
721012
145189
614270
725273
740279
460166
531494
557233
831929
158802
345026
596331
442125
352813
628856
343880
868256
914530
914337
281317
400816
408169
621132
461389
437019
915544
522204
337400
451922
443177
525324
762725
547692
165156
88275
307471
869015
495529
271395
668367
138601
554460
585739
706573
552852
41133
292220
661988
601144
123842
915176
429906
388115
686212
121158
285400
871572
799811
617266
522228
291981
453831
588338
416313
196614
142580
510868
236808
745389
898648
11763
725677
364331
837461
774616
526104
245267
528934
684540
326774
109364
394831
606572
216043
658766
566885
436677
771566
36001
493047
634783
196418
358432
892376
888838
106701
486469
470282
729443
536854
72062
280713
830778
639200
790405
467569
94157
908381
234957
257484
799069
583505
11800
921724
911568
800197
133798
61826
769006
173347
98887
893992
953413
194933
908690
736017
666349
785013
200878
172251
359462
694736
264589
31022
113181
60540
980857
284004
120014
385522
712582
83413
245443
384330
844135
251197
517882
751987
477085
576012
885860
218635
532298
445195
101322
477345
71908
870758
411786
93444
291845
443418
381696
585096
284574
124220
553728
574357
327180
539363
724735
186347
699203
355699
15953
172342
792039
487303
355340
226441
660025
182650
953804
677882
11502
309714
917905
133979
284380
950154
389570
516496
512717
919035
66132
624978
985782
974694
606918
205951
32834
167456
547396
858843
219207
53594
453675
871591
783258
227724
205484
176668
106302
816126
975306
217348
436087
391027
250429
122102
929789
153202
650745
837996
84748
553202
702728
188866
296792
210785
830484
862861
926558
994193
221889
781014
457814
21632
909559
243122
909380
169410
505277
763007
413294
706637
153984
893757
970920
363105
247540
245062
122379
622802
605970
671531
662340
677939
331775
770989
498376
496161
322317
27157
748197
51561
752858
498161
252532
592599
568662
865195
304619
576348
701219
798599
490063
831003
126101
835960
561350
158160
220376
57696
472970
352413
671281
551395
44474
89651
673565
342374
304715
205593
83861
250922
746971
998172
232051
144767
823910
111379
932654
61286
125329
482126
313921
391431
951844
507035
538475
731531
17301
784692
584207
531031
899775
589768
375611
358566
504946
414244
861445
487874
908515
246014
378834
98655
817668
93854
22448
176468
167279
814058
438755
484983
666428
107468
585789
622803
512881
69506
8998
467656
120665
250369
334972
447040
709485
335943
155539
176393
515951
885180
857821
319700
477142
150212
567461
343817
400228
666340
962678
604869
487571
705998
382104
489137
62189
12554
355514
422272
792379
173315
466283
929797
817941
782508
253506
748910
50201
394189
30046
546721
410615
80046
706248
458353
63592
381214
936053
997821
917246
779168
392039
575141
295127
311539
811058
766378
993131
660541
933916
929953
962181
112851
675678
634516
305359
604327
448455
457845
503813
866959
478848
573952
536972
873838
15530
18988
550235
811201
2083
240333
491223
875336
228520
446473
609981
357263
725909
355636
657145
3287
755655
153419
160403
415718
922402
389258
264649
41512
143214
708906
435767
817153
684380
945915
998067
932528
247207
632473
327541
509217
781910
83918
167027
974991
30941
764356
343499
261459
963107
207461
132250
27342
64991
79249
681386
772784
717532
433467
573064
700898
514139
771617
164146
795798
559127
933478
621871
521448
169635
759309
136377
703409
599408
423636
930454
45097
819755
219371
690373
786102
637635
795215
3603
420245
861064
13768
127821
340708
177455
959483
98639
979465
125618
124204
238971
115715
522132
110740
615430
141387
729922
783515
677996
503014
275477
984499
330116
825034
110900
432401
763373
782442
852631
768711
447528
98976
811814
894786
593920
446198
975231
598430
420644
96402
769239
94369
638933
991611
158968
668443
546938
675724
477992
333976
707729
278516
440234
457663
182848
758758
708318
726346
820233
66404
548931
6562
514396
858724
943773
963350
588743
499228
416370
998456
217033
4527
161454
135444
594692
746291
81830
997006
364880
783518
539321
287639
157996
285198
644306
148939
529615
579122
996939
822379
471645
649240
523756
841778
417589
465555
464017
242965
212583
955144
119209
655388
544387
341142
496283
472856
231500
693983
91331
666560
392268
738231
492633
614636
999745
657449
207282
234285
256693
253472
739617
6343
324779
418105
40246
718796
504949
804002
612710
927894
204323
420335
237963
417504
235797
643769
627586
967745
354738
344499
283698
872839
710769
708619
959788
807148
747669
352120
250798
142071
738421
744934
276418
88882
379001
41084
351428
925636
719969
952198
778624
127978
372671
290436
486585
726358
772997
252494
400711
481700
152889
800866
681688
280053
585349
739980
388054
313706
769258
77104
919721
444223
308757
200375
646100
999233
340746
649172
37050
757485
712765
344626
710659
457127
604031
15740
992730
531732
309141
411784
482894
713364
945317
157665
458072
133407
376906
341103
224444
844667
590470
267077
565960
874135
205335
692423
240761
558280
370466
964726
836605
304477
538892
895130
279764
560096
999528
546315
501584
524396
2314
26203
277627
797798
912890
412963
199191
964825
266501
255209
831488
813938
37933
397291
342382
467924
375040
584395
349975
434329
617926
304982
458737
736295
975252
174834
565781
352106
6909
273508
24255
330419
81448
681020
435890
665133
324349
413662
146616
470199
180153
287533
17095
684579
541282
991701
275711
152587
719380
998325
172688
310858
156857
646504
592505
47454
358423
452207
396587
843928
648899
20348
737932
284925
837427
767645
484055
711037
196465
347139
126048
496205
427116
284207
51125
287139
43113
772920
429409
170062
652310
226043
300362
622511
355135
303071
705722
364824
589145
500611
114042
614399
262780
888071
781530
36574
732142
906676
401486
906347
129818
848073
839859
813103
604128
814947
263343
721733
199878
637319
931061
719282
228684
341455
602472
182939
997148
860720
816215
362983
142880
620836
21159
770290
918190
857208
982990
117034
367327
926708
412923
407818
931197
4386
363220
284529
115034
876221
997271
651102
190397
386424
89762
81290
519736
788583
99597
668322
841685
758926
82869
980192
762863
365701
859860
782533
215324
310212
802188
635509
669448
689809
828675
353327
378909
429315
552935
921383
472734
781873
341650
144705
717203
21820
312585
511404
944735
105398
304287
156249
677293
481774
565815
922071
224649
224922
486310
97229
794059
857695
238199
643923
999789
505471
288904
641837
421886
43295
176209
430820
830960
721396
537925
495555
295371
410826
307281
385515
562244
656113
967745
454867
937064
460676
512066
465888
135987
750423
256706
688413
903357
53500
566643
757975
833428
776754
448175
185240
390885
111275
337654
518526
232979
858489
714386
6327
537962
130132
404188
891418
186733
466570
294295
3749
588875
587075
490169
438095
357232
289072
349002
483722
870904
962448
910566
30615
945151
783967
769756
406597
741588
55259
207993
235143
475660
129971
943519
297265
827058
33039
197070
778063
915740
133494
627077
597730
3289
953056
115713
106936
71558
672217
958628
535591
312896
2447
739505
401509
131571
315000
374644
46727
711697
202146
567359
526932
853983
650392
848014
132422
497769
478318
884940
747932
645910
804138
601519
35294
31510
234639
880574
182895
828535
800071
495538
261576
309463
737388
71290
13399
440180
753331
33049
282611
575328
45173
133931
994106
488208
784284
824325
604169
858771
995238
318329
358295
901471
648025
122872
786158
159110
688516
801939
766919
335624
542637
942682
848450
738499
460764
765541
71743
6
110787
596145
703196
295043
87816
674465
108107
433378
758705
585958
483214
758514
832235
910074
500178
586170
529911
524102
452581
837102
373234
76964
406486
673981
724799
346622
143656
444295
664658
421781
603954
293804
67036
184734
400790
287552
717646
416519
800092
502299
8844
906071
443242
504332
588913
537971
647842
211181
142136
900668
347992
888785
951117
73558
517678
745818
493361
985924
357711
760808
234052
369263
729220
548204
757618
785478
116086
619738
629949
275262
541057
256381
580258
777915
803888
229092
280747
926407
842587
366586
756432
142014
771226
544883
329099
810445
562277
695139
997175
122639
672202
902441
788132
777750
311561
16328
797625
538635
982415
122133
281286
316589
629645
808076
231462
127413
279157
708862
323597
85274
192337
316006
984180
787120
430784
652569
167710
806060
976397
43675
56773
496962
175085
480526
936230
892719
705237
960133
472166
531475
741878
710710
762016
100214
586070
725774
109516
976299
695116
693535
179853
97041
40152
285748
286934
315126
81052
865606
908858
900375
435899
800199
925072
757827
701581
501787
360639
358814
236220
41574
580716
283200
560702
978944
509437
259069
753711
750277
576904
706432
229386
943178
179101
91920
484996
811690
233772
456245
824901
171902
122709
380147
742531
252331
102987
832885
936957
590612
781347
85957
939537
315376
62719
22968
381883
998199
145553
376935
555883
646455
611406
807383
70850
6275
582193
407674
931176
911498
672425
937743
111884
885829
275233
756964
177657
280778
402729
70908
104786
111550
682246
399947
934570
114280
178963
502814
360706
355680
253585
651415
698656
382822
4435
45334
182920
670990
16063
551988
663002
667417
679937
635753
821063
298080
527442
136141
509425
839722
360352
388987
720863
966556
631835
604882
572570
215760
539612
374741
772134
15166
377201
469618
421280
380886
1545
860512
454321
511152
857593
865825
997164
732507
361705
711207
719306
953810
210014
885587
205887
959629
928676
257560
30712
292467
522007
797374
254836
770412
753422
619075
131900
382613
278629
540252
398336
125133
676006
473369
855312
268780
602707
956646
689268
247444
913683
700653
840680
71967
493111
313753
661303
883512
676071
43062
963698
964037
630253
125300
957709
446402
760094
118731
142295
63721
583008
585592
722197
391821
875357
866469
661305
847687
798979
283558
623748
164423
532980
107552
790389
592908
731601
680260
399468
725614
174430
351929
319776
931800
665362
429144
526330
466388
816510
702992
917068
506239
34455
106218
766129
223963
901026
409704
583809
398339
316283
545030
405105
367161
657025
784930
2502
301787
841953
248311
773876
394357
631358
85061
570967
234672
440314
615309
544397
827815
329636
369912
63726
170714
785534
123863
833385
172283
662825
295813
903356
759078
180975
800297
814287
426926
985709
465688
405870
96594
99803
88023
808417
357839
293306
559038
52074
43599
594073
26488
103515
866623
212483
527270
528593
782206
200328
95139
817745
635185
631910
848162
640573
21299
329877
262516
937458
23850
446572
84263
560193
913717
772979
19656
855049
255361
609286
919560
125870
314555
38690
93052
83128
37024
504975
895806
750218
946928
207274
639857
650044
46464
268622
344482
663832
156655
960479
891019
323438
906160
230386
664177
69460
249094
756956
693293
71870
835151
132822
425415
672118
858103
357194
301629
297335
583757
714108
267492
91884
817138
198296
120102
337920
227438
248788
360041
835041
62556
637441
688017
878935
227270
900596
95067
661755
271499
13067
939242
70997
319869
733534
704543
838486
665479
894084
222689
250414
815947
837247
671356
164235
317194
444997
968485
111664
841533
132203
208540
92013
55232
609776
179946
563520
224558
154916
377482
30088
113160
41844
640420
903202
967502
899794
331572
278819
134896
894725
528265
693808
855198
457546
779882
328892
803388
577510
285395
261407
856689
829577
255261
536272
264735
917024
250427
51327
472237
13624
822560
594321
268863
191818
940862
343161
576391
96295
828394
784112
488949
853697
330332
726416
17994
784147
657554
92179
703178
31342
348947
629475
364944
60706
844305
588253
477499
124357
92456
512615
796038
758115
686787
802090
74294
356290
459869
315246
349164
16464
502565
590161
608602
264875
927547
827172
25170
117325
429848
261602
202682
687698
230410
179598
926172
94760
745244
500776
462618
879378
414100
460171
311039
198040
245269
252710
874608
218127
809573
267093
20929
471553
774153
757787
58276
645880
741837
914558
525564
193004
65440
476095
429903
318278
387739
868469
916186
965456
50338
972613
647551
65148
476003
330048
735770
237774
430908
294681
788593
169958
732601
683713
379081
592814
275003
844193
109269
95068
957684
723956
348618
115748
791438
851838
555406
838014
495403
881580
202766
968335
558471
185737
277551
356663
186170
767387
116892
385910
199514
93336
32254
945915
830590
934920
563722
801163
887389
836216
307123
475722
540564
826392
71169
73001
974662
198066
584954
813229
957982
916679
989564
83864
387632
877256
55340
340854
575613
522670
91785
367877
624341
975862
34202
379714
174423
361405
341446
57228
267668
636339
135426
649143
572562
867007
345892
637808
152300
832111
357015
261384
372630
667994
987943
813471
747071
835029
617340
909230
462095
954958
332772
746992
134800
442696
430601
776174
792745
177779
610690
199014
982276
777895
288964
818583
97937
92093
445817
369132
724836
768202
330345
288002
289786
841721
44117
875992
68825
9732
6499
442962
331221
916623
111027
779434
66350
841825
917327
605299
591255
516159
716929
821579
939410
45863
847103
536541
638710
448678
799426
517008
954963
185366
190901
949776
46636
568504
323144
702583
946082
468842
596131
139799
372914
55749
558456
114151
256469
676757
596145
129927
797446
31989
744713
113521
785888
941319
670967
273854
671141
521742
512900
508946
374043
269096
987197
405798
709520
601899
431877
471920
652927
967066
912258
551665
29579
401923
598327
726683
984488
257273
949170
872284
123545
872426
554140
202763
50643
116892
798958
488622
452097
109384
882947
24806
527265
750355
797576
909431
56396
11941
935247
878456
118098
842344
841539
493011
339907
689823
992118
861434
22923
754912
987222
177639
585717
305072
147007
73613
384208
975993
869866
2208
675503
472106
642050
852926
864713
301995
442263
55609
504705
762812
425964
408258
94593
659113
999338
479987
990591
744172
989688
44344
418210
732063
993762
486043
8765
356444
457270
345963
930361
373875
675118
293321
511378
448967
932679
949199
781816
796037
14768
287005
275541
203842
20254
315201
5294
562672
639996
991298
647331
406269
808256
169418
513744
108489
860953
668461
154390
332801
889412
207514
408244
933405
738622
484701
958606
51634
562964
564814
642192
222132
654294
237402
339692
313804
890666
751915
729727
864466
956156
521527
444689
620008
2131
139298
87867
503346
603071
587345
84003
128693
797487
822604
679459
11723
894943
862351
162056
507072
187566
224110
819062
48653
72077
817570
665385
87470
577747
953908
517782
854818
436654
678148
820656
994047
308405
96054
250502
530991
11096
885114
694153
705291
163001
148791
156460
216210
58579
603732
912612
261766
24728
287459
78799
310371
769690
138345
378737
60989
567711
127502
164697
461045
900887
169118
379234
72535
834345
755065
552853
537683
255721
284509
290284
454550
827943
877198
179569
604037
958881
456736
660613
499990
531224
749793
721405
975242
691135
659877
964263
495883
969104
423662
541930
969502
820666
997688
843019
114692
622645
649247
241292
743027
442229
698606
529327
282220
312188
813317
620824
463737
935242
176678
392080
492805
809712
238620
448678
234007
305283
727112
508912
636460
553579
66569
356591
658417
187739
737095
739472
419418
721883
672605
789711
371362
884864
885409
884278
445855
251454
283472
587268
133185
345108
914075
142248
559207
326821
665928
898092
454429
252903
716999
116975
756662
895668
600786
103243
76419
734206
692351
373397
354989
536736
501413
543362
57076
882127
330345
830438
209796
870575
79844
318360
177585
515906
811378
182578
374352
265531
661338
511925
25649
71217
186389
172297
214908
745839
776829
858721
68327
149544
240019
16765
352017
748807
732973
157513
854334
342373
804154
233507
222448
77332
783987
601082
858590
695320
164960
812370
275475
900853
44676
268323
448934
188708
631655
320417
232978
731487
71678
818391
61105
166876
342520
737581
85146
935446
418343
663944
651539
197766
50570
779472
710517
755121
308787
26317
963419
159963
665241
660331
45702
995353
177916
714908
285841
644612
183601
330716
264651
94985
782281
126352
97078
678558
854882
675016
618011
759183
829001
717795
314120
799350
83978
802578
911912
381833
237143
148469
637693
806029
718417
721569
113788
734313
840181
798915
352772
693141
365030
194846
604733
308721
917523
381680
578250
688306
973316
273714
769642
953271
715591
217535
526384
133178
296753
24268
776541
592866
280979
970005
865687
898357
526203
904537
264456
164394
465763
614331
322006
968860
12539
588810
522426
308955
950606
987674
306943
259933
508947
513425
444121
361490
637075
876350
910752
370389
562097
141155
3879
455870
249563
427347
568765
170644
952844
764342
731968
622880
872507
847466
921944
20444
999331
505924
635095
992203
468016
758900
139435
884386
368771
646854
116286
643236
331042
199365
100779
434571
597503
36538
250332
205986
458275
685330
285828
829360
379063
713309
869686
415694
385903
237619
223713
569114
704020
351537
420840
395844
777004
240417
583074
261637
116487
351096
378795
98288
285225
26744
156965
223201
519951
644726
673359
274577
679392
851254
20991
712588
277873
65074
170175
642617
518965
572666
396162
971928
960320
143221
291586
141259
278838
866565
908279
566283
969492
969033
63477
804027
670298
384508
197987
428121
400084
955258
259859
614929
147780
530211
673283
901612
711918
425112
730479
951141
400640
346914
161681
507868
909339
238131
903095
44836
767874
315588
204030
644343
875742
582557
5808
708809
506603
933939
47672
559161
720707
284395
844158
968612
945093
349053
568163
36500
716194
365748
362266
502934
890820
953873
138657
319722
176154
67727
639963
507859
659908
154754
497292
530253
895960
790233
252848
5086
322959
728706
130104
886917
252496
104748
557410
847055
536982
805288
636468
502665
340672
676521
401876
738128
411189
475882
786631
727812
203697
981423
75908
976155
499185
230371
266868
607633
763831
185952
12425
40445
951290
86926
158456
883007
801326
658530
770388
2838
237867
51912
727881
935886
356285
637403
648881
868566
397255
975953
16086
134128
9044
581236
805253
891201
427388
381003
86603
508488
620719
574743
176591
90156
747937
705529
326667
801517
921874
579889
696616
583485
148856
974465
441014
983848
940940
514544
266181
717934
15278
968234
721059
330993
195126
616324
249714
547465
578456
346526
48548
41717
157299
504034
226582
569517
81590
405928
745798
306963
502831
398972
358067
324039
670386
818487
669776
902489
610658
111561
997924
872601
49439
907033
845569
432843
639564
466627
640158
375799
657403
484032
929939
605340
733496
368548
490033
976901
666159
801856
612156
472371
318395
22375
629447
324025
37067
43790
248106
506983
614387
863501
61537
401374
504845
789058
183556
147139
667850
55572
300702
845647
641177
195925
107437
366402
454385
445121
812406
538231
742015
787811
489282
45907
869607
29911
423032
928599
714681
696426
180184
892117
959474
731613
743122
696640
799020
708809
483713
250140
805539
515420
329799
662484
696228
713921
698821
604458
806164
468446
417143
967689
4058
629559
739947
636662
322794
496816
141404
259493
531951
556527
485359
376488
195156
411872
732361
237250
381808
239762
353227
754650
982092
118143
100011
67723
538257
497129
935600
757336
568211
587679
147338
315389
861812
6047
784587
881568
672438
632277
917894
202982
576353
738434
177602
994083
983309
958776
611739
923753
198477
88833
982774
27905
379128
507999
867359
15608
655829
84143
795777
597776
30498
962087
674113
127512
577153
326334
797175
269846
484800
492459
157641
662112
275651
713861
826982
46154
107088
788297
634332
466169
712055
609338
605015
339798
763036
781411
3127
838111
943459
591928
351180
243159
225462
639451
792177
627998
701366
677818
841986
563035
865979
411733
317307
200533
890634
623837
837422
102369
783186
932600
655905
762358
350627
652641
454210
975708
363884
352173
916999
950339
682223
407080
407654
67184
210499
106206
780206
565522
775365
663925
480513
905267
592477
24759
952686
499658
62760
562734
692015
742125
346567
255656
741116
812579
801283
631131
714057
394135
722331
500449
569955
880425
413485
850916
310755
189919
685053
702101
495564
278265
329252
258645
172103
431010
335383
104887
70392
723778
322067
732829
430972
228785
304226
469694
87553
173701
859853
181514
548419
720012
246367
386980
96735
888981
676497
906126
77013
222633
207383
92131
206815
423959
439366
387005
824616
726573
661536
411638
231083
84035
682686
472844
276913
114264
596190
42118
982304
225396
294163
283777
897278
605225
718362
796046
11147
704527
335499
141650
623697
360390
86637
3963
182448
675871
784017
458937
560151
546538
838171
375004
441167
584157
157024
192075
883249
530205
580523
918878
386616
105196
75482
511065
791601
767728
812134
452358
73743
370396
509376
13614
825627
739133
649494
815667
901512
353123
30516
703373
145508
697450
116872
562591
9003
567524
517246
994805
283382
88868
63754
974685
161809
411690
623492
757471
239786
106726
378348
58137
135012
606891
428943
30716
973195
247153
738115
357021
666146
654214
220300
787449
674201
1811
308577
273864
678491
231815
868360
865212
808643
549026
693598
571798
217774
835296
405619
339237
663787
951744
635538
547549
964879
240111
236254
407632
367270
952854
651671
396875
598532
411133
451324
300176
185209
975642
333579
688299
926114
343546
658468
57267
934108
702539
559819
112735
290260
862020
749708
71874
631418
240433
757625
218020
464148
36062
207503
547519
650543
803743
858295
373971
859440
20731
333736
709350
997448
697523
802601
137948
728390
906482
504180
379310
423046
456402
332343
711178
910023
248712
451700
226759
465307
167278
975367
777731
993399
356396
716680
515676
84522
31554
395910
816263
216811
721971
452788
350992
218058
545425
922272
279406
289673
220898
452702
952706
851780
803628
778499
889836
751563
410402
882061
345162
798544
931115
688608
113678
738939
994699
878699
874939
568412
669936
588521
658108
799416
237915
815876
310625
944388
870569
667860
635255
998064
452158
859716
72322
878170
679501
179221
694233
161763
363397
208893
364063
178591
447195
651303
587545
570214
40176
417630
166769
363719
541024
434244
746182
97564
164519
58236
840110
90809
186607
932392
403401
907198
770554
428684
99971
504972
92200
124369
931557
453652
351526
701542
919513
650571
609011
134657
84856
738042
536336
926979
590545
429937
191044
792442
923129
952668
175113
927104
535498
745709
99606
622912
439674
446137
385994
349593
172248
825183
687858
527131
629220
641698
773431
85486
674380
741656
678183
744785
108287
162428
487198
256960
622896
15006
262096
726255
169129
310202
684278
877364
599497
735077
302419
184065
606428
426211
637602
599118
326869
507542
40926
664725
102122
713297
760301
10423
209164
202827
576938
185788
656962
692015
952846
228408
639009
438608
460154
127881
772138
92346
65763
912956
897664
330724
375258
937999
359812
53953
690743
340241
796239
116853
509794
987238
468555
407205
342077
85991
388142
373735
308657
579238
84501
142425
165460
637198
408569
483085
312052
81001
235920
834018
42371
121532
131906
1582
552542
15117
604934
110167
27323
548677
13849
207169
137839
305584
94939
109921
976666
448928
484806
984816
379120
376242
775755
116924
930916
487208
822603
493528
616819
956917
151342
176948
499082
840408
644196
760583
910420
519392
338742
69672
125284
222413
591688
831549
217852
263959
972845
611850
151288
897864
520999
968043
764058
342276
285946
442461
599923
932009
331435
798070
169642
149713
641946
421493
984492
228340
984761
881652
938800
251819
44456
34362
611237
170895
559535
210221
450939
387648
639319
628580
732363
304834
45221
770331
393764
938369
814836
937088
579443
608629
129902
59370
598414
708640
452646
871081
733597
239668
659541
336184
17701
799251
873712
57871
791602
583534
542562
298965
670689
637326
480427
600179
969288
751025
608277
708292
765762
905868
176014
243688
158938
130992
570023
77112
87379
576839
645416
587219
182673
102397
929549
246807
310824
50555
96610
218156
369472
596110
233526
228474
710881
702246
996351
255611
246753
70075
161738
694826
943719
345674
3100
544154
262427
360958
353643
554404
180652
112809
258226
133369
299837
231345
436661
191446
112493
78152
790417
565333
56321
571091
385022
349599
773041
381676
96869
971519
974604
213699
539288
654226
200776
255775
65522
888923
548074
551618
468877
249779
891086
250923
701785
598557
113364
579829
430367
812087
579111
126749
861587
497293
722283
572065
900111
862152
617410
894531
260274
412484
226235
959469
540756
211007
663577
308526
239460
243436
917243
522914
259361
576744
987117
173616
86833
158916
153802
459118
206497
855616
332235
738527
790074
363417
990321
741404
573820
16890
508491
87952
755386
416590
449124
375516
549970
132661
51661
922716
588358
313492
305666
873025
884476
719751
584956
746525
805582
369906
257363
796414
663247
552053
544269
501873
674267
947005
16135
199080
547482
737527
631166
57718
177937
711520
87418
176438
591780
980729
803097
124428
680364
989398
80308
254787
912369
517844
337008
726934
494660
578218
537827
376970
618236
941209
379424
230904
547275
306621
515745
681193
86908
593926
810448
856922
631819
908672
694898
901534
184544
581197
8048
284451
982634
667125
554820
8012
238548
930132
441980
218814
284903
64369
817838
975671
242876
438639
400953
376088
379356
947101
44211
601539
367734
966376
54644
976223
224700
713328
829182
304376
984602
121463
466952
415556
878099
573814
45285
20352
588218
948810
382038
737657
981707
174156
294121
989095
192356
931774
300939
578228
547939
382176
554737
598170
519197
626467
500255
781545
12279
445557
83476
859048
677157
681083
269202
157012
406269
35677
240781
395012
507703
766970
350832
718124
950467
795260
596678
22464
434695
115335
694475
518960
830260
895947
725264
306770
27908
58105
82181
592542
583954
907987
964966
667026
789973
807323
529157
639094
110138
717549
565168
765242
874206
106537
343166
984315
416229
339080
49211
395300
710010
775184
105581
685681
863587
826786
983683
233487
145343
162417
834585
914720
868191
917133
714538
127898
106303
459101
315603
936719
509024
353900
722880
611911
214787
317338
131765
760969
599235
2290
905275
601977
205200
409564
148325
596507
840644
50089
333246
756469
910051
186444
139088
763283
579316
214312
71251
76132
229558
708292
163697
632002
259265
418780
301362
998927
321659
989137
807561
130938
166579
566336
269306
240033
407901
766063
285222
972369
312874
918052
458357
226856
337091
3024
701726
558876
14819
72809
559894
485460
485583
645909
969682
900532
391794
770882
655611
442550
29529
14674
658030
419124
454343
894900
862572
409730
110454
715982
362597
238327
39595
914646
499740
394701
189492
261632
91702
631390
363265
251921
592485
900942
591133
463891
82540
477640
368391
270241
751246
231264
805617
34850
190807
702552
718420
649170
670214
515966
625838
979004
206869
4723
395929
283972
691751
189062
335177
726880
910797
910142
977186
712679
92853
177015
241716
3394
876528
24483
502228
370047
322399
265074
501720
785860
429945
148812
926894
537568
367802
541435
637273
799741
932395
524710
597706
890162
152715
404792
816727
4341
975511
124000
542106
549614
549627
590385
269417
798822
259029
112489
811565
647390
439074
378062
402593
24700
422855
415220
679209
365024
530878
303900
776140
892821
891995
386359
746768
17956
21050
325256
408497
617538
646215
155175
308669
815017
526890
291617
465359
555652
404557
156669
303142
825475
905675
278489
18145
774863
954486
72563
215961
551319
238469
53893
833563
372553
339033
377351
176896
888477
777130
153624
402923
759691
365266
517431
188191
42909
603254
968043
808634
738462
391373
32707
74258
734770
650766
390392
41131
19583
504890
377006
522770
998025
910531
769113
700313
983836
634072
551549
874862
213794
878222
896461
400538
527444
47788
857141
329556
51021
735891
74291
778111
560059
868040
544800
426311
798318
915296
730957
179475
329747
479431
648328
426663
489914
506668
527614
907674
186834
777549
853690
496430
303159
95514
55884
361873
796642
844936
225925
690351
89663
85685
528862
299634
15388
884211
191736
666199
423293
301236
885630
572334
488396
35216
610790
884654
765101
605941
192151
412978
706416
487019
527717
810324
338848
647874
904823
114021
63736
792539
245322
572998
170485
300049
625486
194342
931015
587842
201966
115416
367649
265853
371821
80783
984496
761930
660460
362937
766824
651728
853192
84214
869945
436903
181344
639028
720032
586747
341940
86377
412891
217753
592104
24299
742133
224153
959592
164271
477631
119336
383271
676188
627487
476401
100352
711307
470594
991592
127869
630302
531245
659443
739701
233082
860785
239029
438031
38242
478141
396023
911397
599153
579533
96501
924677
814452
160256
69827
373329
795426
149064
921178
725062
121656
717755
512324
872665
397557
122438
446367
597949
903791
773248
703761
117506
977937
760156
971208
343319
678834
276601
908460
598512
348370
459732
136228
482946
828531
889949
463810
660971
745298
335143
662732
429743
426752
473656
493288
746846
365858
511552
482595
610833
794113
42855
639774
655442
720591
184575
544725
940315
16503
31129
953421
495927
829151
748723
907546
358214
841213
502543
51786
547612
882451
295646
613234
467784
888520
278107
571090
119281
924389
830709
123815
419932
86952
579620
799886
648267
224072
966365
5392
403328
311111
598048
190350
376480
151725
188783
86730
723954
932902
404825
432719
108102
414330
728116
211711
790770
770788
293544
765623
158776
287058
50600
337184
712644
905785
868476
310165
321808
549521
44218
706220
53226
302900
115860
386147
718350
697615
750026
230761
867437
125570
526144
165318
426575
777818
704042
503335
519124
672872
636131
279178
341846
402814
658334
484418
257514
645189
279091
480552
511238
495934
945883
962718
283772
287443
316727
198401
989732
554073
518666
277674
51416
725413
992648
523041
565401
354504
264326
158240
75216
488040
554320
56703
954926
688828
98201
532480
612148
285667
890317
200057
774415
317282
866435
579802
369691
782072
556622
402522
934856
984928
518195
30403
856538
885219
890228
935702
487306
399639
834059
134748
618186
536952
484402
340746
632358
350880
343327
20560
822982
446246
430862
471230
492816
524241
404086
763219
316522
238200
880797
820964
217629
97911
688967
849574
255701
873551
530954
630552
639748
410267
329277
245199
260647
872619
692175
86815
926689
640319
333107
623267
473219
498466
986809
498666
923885
545056
407928
517054
43150
148901
611688
500114
935814
64755
833420
813447
71021
47295
259148
443611
8813
157993
566688
300783
5322
662231
275241
177203
849346
116461
796250
84592
402512
705578
694547
785969
724618
307490
515918
876687
893546
849555
233778
72920
525545
923303
719685
603163
842631
981958
760959
895891
351720
677268
365369
322478
561688
322254
718724
109688
959983
394620
619478
329833
742096
455828
265952
884871
328459
228971
575867
111481
808226
230104
88320
81770
52713
128615
699894
855126
14663
468855
462630
309044
931545
852913
435083
781952
464309
632293
844326
33764
426187
383235
20078
268418
556264
168114
982627
669153
924244
291344
600067
795633
177756
976839
430422
807228
960106
38920
839716
820460
500368
22887
366855
316723
397859
544915
989275
843162
424004
216688
312785
196330
664570
555667
329507
774705
381051
160921
38754
678961
223050
713124
373995
816043
741497
372980
877752
507971
554256
666910
209746
877136
15366
740843
494180
866306
169580
828815
628331
699312
980713
488515
454282
669502
435872
612994
933690
621287
787502
160925
385695
538989
827087
967996
147701
346458
430048
47026
574441
879153
78847
529403
171780
832822
953550
284757
344258
649047
447383
126200
947521
845110
3657
281458
717653
586004
488737
730531
536952
328667
423908
938387
278047
963400
451912
851755
981288
529715
991283
927063
844718
791164
462427
951669
212479
178516
900300
634042
831333
406117
761032
97954
415201
542495
493192
205713
512950
173024
690209
228043
968161
934719
533570
935053
517670
220150
136218
764678
689413
904233
174550
913909
78092
730455
652680
731744
935430
616540
204707
28078
854033
277536
178979
427618
975693
156256
66441
110004
542000
711895
704900
340045
179703
491208
435179
535199
301047
894635
370343
722208
505298
375090
763886
891041
38852
4406
206762
710351
920733
473923
738168
612164
724937
576060
922059
753035
471499
683117
359089
104111
973256
361644
611822
278974
115712
669418
576836
976351
248279
465563
212372
868493
598481
962048
587614
518767
439837
262733
821029
602710
390152
488252
162926
208530
397970
924078
286630
586225
110302
150713
143651
883733
882626
326610
684355
12913
478783
158232
389169
125152
35402
114747
904710
496226
704521
575815
860619
201651
424153
233873
731293
866762
256140
315388
386986
535979
842992
429928
422743
832489
12938
726393
331204
517756
276962
469695
493415
885242
915000
851207
326549
638198
757396
545341
765663
856754
215995
571260
503001
3713
311166
647092
19766
669758
296556
89527
78031
842018
381735
743584
356354
330438
675348
728608
656887
635958
932588
786022
690110
785326
260976
113515
256468
20724
927225
870487
745029
927441
98029
976019
889515
573357
315853
114860
857940
54790
811372
672416
363714
983629
687291
569993
931979
474909
413375
766371
216161
431961
947299
191420
660652
226528
594729
935991
906195
226864
558396
575804
803738
747284
330530
201728
509990
630539
401613
972012
459931
656631
19536
275053
460134
502270
548719
708951
548438
377153
401423
297654
848357
132023
394828
334835
377109
589733
283178
620000
690294
33852
981667
68640
244932
964495
913310
692278
27821
12719
753601
173288
651631
519397
356061
30159
166560
180235
44488
356414
167879
75207
79496
413965
207464
409893
405355
627457
22302
659728
898868
898457
209888
794285
777968
268472
65318
501396
143206
407530
249444
603180
803756
245780
215733
627042
345750
806333
255635
976774
768458
30451
216003
765186
703151
462107
712910
5879
217668
263065
326889
294390
715085
620375
936566
445975
896423
234998
225251
463994
872317
858511
73648
465304
843667
70821
74575
888516
89728
874857
500900
510980
660920
889448
853676
664518
229127
375765
736633
520897
690074
585903
876827
968489
972088
257102
280603
997966
888590
912
291937
717906
489191
396314
770101
793797
254522
400653
961442
933855
328605
530759
475895
440793
245016
864275
910823
379752
409300
360622
121104
800279
299315
868023
838680
417600
205369
70194
680308
561574
295079
795192
681219
94514
462888
19775
819478
104584
324901
171842
995091
848582
471283
435725
245295
290649
435500
960679
289816
291835
638555
772955
515381
8909
565521
852389
818821
738380
377748
519222
592036
700979
795575
405668
239788
361582
28229
18609
984696
274358
652951
488055
964740
137293
265797
366189
729520
371480
530873
310232
645603
576788
978271
515280
944012
877878
514232
385325
140484
392739
655246
462031
181200
485449
282306
710087
844226
758680
499329
651686
943742
655265
103701
497695
714522
690953
533912
879515
870175
436777
385411
777050
469933
694790
613604
847489
710330
446248
15406
167556
254715
348249
823274
431408
135963
540988
344076
84821
373160
297095
207968
562639
866189
784542
997923
875505
336506
565133
384238
672781
11104
12770
26189
443873
256088
998309
355567
394913
48931
719605
675829
176348
503756
89729
961069
318670
443562
352671
739160
112899
179906
271692
521191
263331
675209
973057
659909
649950
685190
663854
619918
925044
825558
46422
966365
104865
362057
390406
995138
604580
694314
143859
608531
689899
18333
668975
821849
133661
544032
821128
598891
522499
69043
759293
647257
452756
613012
37854
778559
281755
413156
103551
43065
463047
458981
580376
250869
637775
372453
905852
414755
169472
100596
577588
788298
433764
647248
272824
176884
557201
126434
396745
718218
170059
609953
557934
742842
240279
328277
560776
258196
990109
746422
809684
437428
197816
119795
327485
394586
350110
446286
120412
904662
260711
995620
79629
186078
878588
242891
698543
257730
700765
818836
722743
93302
573966
986991
563569
4814
851487
652526
480405
621065
231895
780962
15490
644036
64572
983905
337690
503887
753730
457833
286713
203933
368014
815071
64402
169365
627173
658928
412968
384389
625909
357273
954087
997046
943808
284737
38621
128666
140257
225539
504408
612130
690237
617034
607836
504364
619079
932758
917313
741594
862511
508891
749223
426238
144296
307464
50455
1585
567316
620261
35320
273411
38223
746581
552555
367052
472789
179067
834307
522593
616145
999033
757092
839203
736195
302100
858871
609073
137292
735923
189767
975293
238553
168710
831099
997692
407594
535492
482416
123831
917758
141644
854706
597311
191965
449261
274008
666109
478529
128705
537529
84455
277986
622068
665614
935503
818013
873187
4774
914262
18624
969119
6784
899901
274036
601680
836616
642972
918216
80950
342385
699115
654358
531147
287659
60413
132756
984453
697218
538765
774329
554359
55187
603569
544585
450007
728555
470123
552447
495258
693949
548831
979927
442171
919296
147358
90805
37147
427363
834464
542133
678723
703918
742737
894800
295109
403062
471298
536487
5888
265020
522176
437871
805761
57636
823490
311738
722631
875981
250107
580126
764447
798673
587472
232964
297006
949786
485028
159247
61581
826591
642510
124198
439886
173562
129644
500000
111581
838056
37329
304523
18882
546908
520345
973913
312515
990400
129630
204456
816743
809993
984899
188396
721749
161589
949357
838140
680986
38756
66642
665717
638409
331920
343017
165839
634684
758635
704257
732154
901497
297684
917422
918644
831025
981237
332638
514666
490146
814204
283401
537288
380507
904051
211591
632799
351711
993086
327867
74418
57571
194545
92077
984797
146418
492683
713590
761635
450161
557139
652820
678547
157628
445518
349725
584981
674606
773466
847569
224854
182784
927723
846600
371726
862409
599135
615242
807786
373347
981503
664253
501851
510574
866324
134137
900091
498670
340900
537976
922135
922128
939336
43625
150237
665610
927083
553891
843363
742623
241313
970743
679057
89986
753249
750430
765357
987346
842337
708113
99713
581444
857996
717752
556651
398303
53155
874170
27969
861728
188781
60659
57438
776381
518748
178819
797454
351943
202494
273667
259986
749352
963100
636307
796560
50316
472371
423951
118106
660061
505932
805856
523673
316582
255994
245038
289814
837785
538096
537395
408100
455403
865404
871787
847022
346141
680228
565032
830681
942294
93660
545026
36437
871788
307616
970795
428357
457268
34464
841033
266635
881590
395323
108004
681773
25309
530853
670991
506176
923792
89898
715161
338357
650725
873061
270329
176724
733940
662874
442098
426653
42584
71906
571233
781072
185410
187649
919910
453385
950137
483539
507757
403331
671410
250277
46296
273341
259079
756897
970507
919417
825815
266145
898963
921377
197819
739364
670771
412101
338976
837022
185549
720319
600582
860201
519466
603832
730644
954266
809702
226627
791061
318767
263035
487142
955987
36836
97064
76666
389838
270948
353789
380904
802073
907228
700486
433811
505298
265132
751570
483156
938428
987063
704030
680800
824827
557466
870371
424455
302507
718649
536249
500565
943069
499253
393830
440859
790126
634106
234568
556040
449350
399924
423130
505520
956330
900705
596326
503215
427007
369986
219463
159591
915036
960683
415706
738788
611466
854650
424897
651873
835419
345060
313619
773988
98339
76843
510372
30916
226520
362795
580012
393035
364866
908436
488214
413686
277790
209138
880679
302617
780949
505448
425673
805407
856404
163964
965684
434095
99592
208011
225784
992683
377975
160221
917288
109778
532542
116627
438758
894213
352611
961725
34824
706407
484566
968584
365732
468061
171145
787669
848702
876405
962792
41060
7562
481698
508087
274159
636319
180133
11784
688467
649275
805128
758677
537449
736621
285061
138431
729396
305315
283139
468004
86770
227024
149440
590359
193493
744249
98506
755391
688396
313629
804903
674957
247802
174719
769364
352603
927560
105041
220778
32798
20310
704063
575773
211464
662412
155925
601887
511357
696207
103565
401442
627887
459600
192377
456122
107160
247486
274377
816864
254995
86491
741626
243795
611224
162796
832220
86296
327250
829962
611645
462947
92127
780054
540919
678926
226147
451274
300243
394630
442953
753962
263641
491013
359704
506137
303222
668537
897645
520007
126088
803652
708891
362312
524168
753181
805979
567680
544532
462867
651506
776827
22168
501554
299166
333721
234968
324158
875004
617766
527965
779676
368633
440392
442682
993168
196786
677521
964794
107425
253483
310773
271337
521049
353577
752405
97083
985129
938989
331897
689436
524457
407693
841309
138708
840316
618736
934242
778646
270226
298853
925349
771815
36423
608800
632749
932134
460840
548755
326206
75580
827734
792166
144074
201120
126724
709586
925703
582663
160859
788447
902364
903527
383228
165816
243061
134759
599269
846376
975542
765541
308845
218355
6539
241123
779625
276435
194974
318734
94321
225358
715490
189741
300989
746544
77965
916899
234088
309354
259426
278432
341015
90503
158060
495722
89779
296263
999366
105668
254609
258586
988503
801272
900403
990330
465436
325318
730344
847589
671390
631593
544270
264374
2434
25346
746168
159967
175295
905508
571498
841030
458410
668987
681793
161529
829229
341657
222960
457486
191638
679199
734437
13787
277259
219716
63177
983630
63772
22213
794599
365547
285105
455529
658404
158241
968674
609264
556588
761543
387877
257623
955182
188408
874146
866251
287933
861447
445027
360552
908759
640737
112359
486508
292099
391742
264662
428156
61651
656643
961230
887635
773321
955064
754011
785219
175318
123105
757318
382313
891645
492283
118852
416882
612055
533972
650895
474691
600623
254407
231315
571082
493709
938836
412926
915231
153680
38424
510778
8726
733876
85165
882679
124323
765556
872160
607713
460074
394697
348363
710577
744867
880912
96911
812640
909031
463433
809008
153269
335897
964028
741325
955135
82547
163702
486458
648287
821100
844977
310972
924221
30531
617937
355424
627099
257579
333771
282232
322054
438035
598432
386739
729832
209873
476743
366552
575931
348906
78761
723167
188184
410688
595910
340716
399214
697753
635573
444585
535054
619784
390728
431870
162850
183482
782862
113136
438014
721247
329713
737235
209294
35634
128000
910381
965359
996327
501000
963433
440731
362033
204699
624757
926524
893421
867698
859640
717729
549294
957614
221875
697614
820901
676986
292275
678253
959277
393229
624880
944547
743025
900620
348486
936574
941563
114636
640205
250506
164761
242165
380119
43971
751342
447874
940485
684580
849362
890532
794694
389406
249447
801095
772910
487460
680633
202092
679023
80419
203153
494581
642678
833167
591063
254079
11364
636505
294625
898473
641255
930941
709532
730228
62517
47287
225685
983939
962277
19669
378597
476161
155817
535528
73463
246241
133356
676052
623543
925376
19972
433607
359961
597928
486548
991942
538115
570542
5505
96995
149656
616827
791311
118219
742178
176423
471191
907964
111835
34753
180839
423891
74073
822059
954742
867971
205523
739106
482946
155490
233940
53532
487624
552285
411130
837898
126495
65356
768747
674493
614194
190368
262550
448741
131864
625849
82529
508980
535378
488149
406260
659296
97120
528290
522529
185864
583552
616628
18095
477486
961732
94481
754818
408355
882703
679210
989608
642560
449772
481637
520450
787856
955722
349013
845005
28683
908696
846027
908172
557373
463545
917126
130516
57990
802532
937861
197684
218618
505052
308861
864894
902312
112262
520359
483382
281208
647084
647217
414615
747950
462157
145364
36988
205579
546526
633157
834610
549202
913057
956037
942487
914344
848545
710099
575470
543572
815047
348034
396291
705575
153372
273637
390901
232565
878812
487206
994277
319809
205747
423158
191802
887799
805335
896926
435534
373586
527233
8692
807608
581790
545161
999914
537526
348311
227421
950721
914551
25393
102301
69979
435651
678385
211799
448621
519496
7544
847002
88275
743042
352672
19833
70141
916869
795263
561118
990087
255210
470665
456968
151719
635924
874130
825442
685311
909918
508016
968513
919443
542307
774719
746106
92116
992105
254974
231646
846555
727722
705366
171284
472753
144449
860347
321553
320843
389870
232683
437174
820051
952134
458132
483141
495841
303226
94482
350145
219144
755265
563094
515106
818317
10917
56290
441138
263027
733671
334448
432135
324594
645840
401523
448477
837638
351190
835253
207375
274787
354983
627679
755954
284101
141268
502615
14095
773478
719965
3395
907258
760329
950165
653229
989075
203252
979442
106303
396090
995571
666861
906726
111030
395950
987313
24459
907604
154613
190194
896712
870217
516388
475646
308776
261923
621258
899318
636407
250874
991794
441737
36769
427654
214477
371352
732841
702026
9337
175618
913775
848000
228952
592206
504171
803959
362935
116080
840928
4050
268053
250768
512641
375835
446701
13099
761199
858651
950165
731283
104290
588845
458631
87754
990146
795805
506365
80503
86934
85947
921717
286339
126227
43266
876628
546131
975766
768864
321255
464354
139758
631842
703940
424185
830800
601022
259023
467662
764653
607932
826073
270199
875425
255809
543138
834249
465410
146937
721791
165393
665881
213024
95703
943790
885997
133166
885191
536074
799418
538077
275429
737459
953729
444120
486626
554842
752825
830145
223945
663654
676963
23647
769636
662454
551675
698979
126653
169714
113034
658197
624770
375052
897305
571872
348226
968985
909760
720438
766292
904518
632604
238177
226262
366904
2398
772008
339731
775748
62656
974554
655550
855368
956755
424698
347355
527268
791029
236102
156349
196760
623390
833702
738282
940732
454361
73646
265050
305622
541583
429520
488990
745563
754494
631841
638814
427845
760201
52102
753147
330509
923818
990267
337555
357958
897539
550719
173090
386966
255441
772256
939333
911825
799617
6174
798299
625267
963869
997375
463940
292602
85087
109487
395787
939038
512102
711953
911584
141870
292934
965478
46782
272521
268986
631256
854699
570101
979253
470628
219295
605206
385699
57850
448623
500409
12019
535929
480071
678185
983686
978788
385177
642548
141831
104510
365602
651160
136356
951169
587463
422169
760700
273856
842570
640564
704295
595883
505513
114029
950556
545521
28947
536389
10819
38848
753032
428808
986712
235432
831308
338178
564536
670045
321287
522897
78540
588827
593724
691798
336271
626916
483876
992133
117117
869093
724518
576924
174746
40054
418550
200945
957595
682112
794567
511972
894581
127290
333102
279923
22337
358988
753429
936427
349385
919636
252888
574908
770546
211910
682239
770726
948997
527278
215385
948176
872027
103761
463025
704375
453797
164785
553136
673091
819158
716592
434959
634165
117357
781132
22262
767357
429090
267465
739190
220585
714668
705004
453280
769143
473645
938723
454784
560907
153212
948994
379897
484988
26508
703848
144894
54664
954877
752064
404010
419048
707455
649699
470909
497855
887263
270043
817652
877740
440688
687811
955140
129662
280535
506698
244146
476167
830322
566870
471570
559625
583269
187972
127002
202637
262275
889550
275169
506451
249750
751366
617658
598564
459468
554239
451495
865091
317118
61195
568124
102082
556445
276446
628178
356016
661947
660497
596708
640688
279988
619715
309513
519461
727863
259226
536718
70729
286260
996135
465903
485021
690020
572647
987314
865339
820144
805350
977889
837063
105727
243391
417250
411588
98335
183998
17588
905666
268687
863206
599752
201013
57702
94542
186874
214946
456740
689574
107818
14834
973652
65175
836028
785961
399386
338504
505896
549424
694047
978238
426238
650894
636373
640155
612346
144885
699049
75783
583551
817017
216197
351916
405556
659164
457791
618267
928952
384836
999073
804812
613891
409166
83925
919042
125786
140731
411181
713421
931246
115912
729037
17449
882514
170140
946934
288196
839575
156059
357871
408349
577607
812504
768977
73416
591738
706983
653232
909134
49367
42767
500833
187761
807339
962590
611821
336589
71327
389847
143953
110425
121881
681351
97710
393741
645618
902006
633555
212382
670351
390456
845797
678117
58526
108643
25641
43421
582767
323035
910766
900683
917676
316360
99226
16312
7479
772521
776719
712090
10207
397954
375161
958481
754238
355505
192630
343181
622321
740959
756771
278668
435701
754001
874688
56897
166618
289822
71103
343120
905639
343739
747310
982390
977163
334578
576125
572358
667387
575922
679662
135502
263404
674623
749146
929048
261359
411914
617434
381260
126948
271771
452248
892595
179228
279466
968498
385046
339791
176974
788679
560261
505206
799629
580194
288115
885447
29074
495873
212479
759435
749948
951617
635853
715549
122578
685095
543507
283905
61781
477261
317488
572894
184494
674791
579510
103449
331527
680305
35144
918864
243638
204727
96479
442736
915155
769664
519463
934196
16490
922072
509510
623226
26060
265593
813244
138947
524352
819285
1381
728135
893143
30467
839324
765107
346973
261443
639290
578369
298091
413295
780476
949361
772186
624001
755650
686825
520786
89787
398708
842598
911104
102391
208703
83166
306598
258251
84925
781236
123660
429080
742259
950679
978772
123312
884019
339128
505643
284449
453858
94374
65692
169314
370516
117831
746750
552281
329299
574965
194062
755143
689343
666418
169367
314129
34639
191946
489165
668204
319989
180484
559674
678627
130400
903108
583952
404168
63451
931904
94812
115765
19
293725
915740
966782
627574
270181
715239
56885
881270
661799
100362
712408
780780
727980
462900
612379
763674
80145
131847
661774
702601
243910
797902
140652
69265
17761
575694
967871
458615
15520
125173
552498
113200
560826
557679
473589
446660
580896
289944
430791
996750
74517
791564
36771
357024
694439
485273
706249
499971
980809
642582
728295
787611
972302
864909
943716
640617
86084
13587
230538
16171
364587
827961
137550
694878
527568
877339
989244
54884
755211
551829
196547
345024
222225
606294
175003
629501
578871
770892
835790
445998
941892
989247
148394
399185
578865
259514
679234
673549
165631
794915
103707
183835
801013
698476
253754
899841
170165
76898
125640
304888
947578
805987
511903
592111
659633
446317
162547
621160
373296
562129
711584
262145
517463
770374
260747
819917
221058
971609
581112
821729
806632
63170
111528
180523
990675
426066
602541
652667
951868
13705
255308
227814
778498
495493
366156
241599
592135
285332
334433
145542
702631
139498
905968
855389
441110
871982
138303
594037
512405
308271
850683
635976
463825
187188
127396
636159
517464
256176
750425
176755
393656
159636
207356
103952
355062
662655
178241
727254
731432
537553
363032
157241
626928
585629
954101
404265
500117
935996
644728
333676
327167
294782
803326
145062
973135
987324
184451
153659
558297
526281
380146
368907
788927
144839
730892
309276
586091
888789
152816
950166
792552
93286
855052
444519
235614
241197
259489
682054
940904
29236
900332
8405
705108
784844
611318
268320
664566
983199
323770
920451
868201
862817
609646
121063
829795
242149
787888
97900
919220
428556
652558
100387
112475
214296
308082
595186
717061
365727
291112
230747
336867
960474
997390
237846
212646
374621
384727
449050
892762
437537
549115
627707
235548
970237
728255
134765
795642
181172
835548
323942
921637
855527
713999
923106
655445
161579
77308
820992
474874
621173
68672
735114
595034
896178
321170
682002
822347
280691
430292
570679
949071
937926
786684
53575
312775
532000
157337
970174
300438
386678
297861
935789
217363
640682
95910
720246
41770
650210
250848
637043
301264
244021
423067
731191
719456
206079
538604
852908
667031
603604
750242
962907
678696
258321
984112
339659
499005
769102
89778
235008
987852
866799
346781
442469
719121
20122
53000
894724
963309
552963
920785
268913
662555
523810
577709
711111
66251
894854
545488
991306
475741
202500
719093
788716
61115
693063
763531
898795
67347
594187
288508
8023
366896
689061
774490
283249
478388
730298
544040
615663
138804
881936
526339
561949
394608
970177
923308
784349
420781
427147
408370
913679
818929
726405
65792
103115
11931
736045
566721
245003
442204
357788
531179
853350
464534
8090
404207
522167
502991
450702
165308
575324
623186
535310
10986
3802
157538
204565
727946
447902
50140
106002
937927
440671
2792
838365
484792
161951
664347
297796
485126
225807
139501
837316
279285
69394
749650
295635
912208
478490
323702
146778
649269
383343
722138
871169
502650
732814
685894
769378
7931
847470
512362
295583
420546
763165
289173
727055
101521
886089
806673
653267
614670
209435
438681
687367
829900
528574
357623
24148
253810
682110
724606
87587
957770
536331
646177
13740
356904
790428
412591
916524
719476
49456
153516
262709
497751
906095
248269
615007
468670
706480
283087
894812
899214
354260
168564
649130
437156
300687
37211
519969
49607
862983
797307
476268
456813
573844
933500
986708
788647
294056
241137
960568
823721
200
518134
346329
73018
64504
469603
652434
31348
950133
681258
279397
145977
538780
708627
802863
720114
834408
881680
917246
928517
618329
551359
460921
751251
162543
481533
62589
735978
723157
371489
29513
443662
816155
258204
713103
79007
684508
987563
840363
573991
188735
917814
982895
595010
602776
685897
965021
589418
373358
847660
634286
27295
662936
685024
823695
953903
46592
379961
939179
410663
871049
110675
412899
541590
343053
824690
440923
43258
285695
836282
757614
70730
95472
979847
715905
13471
249005
756458
226549
591168
544773
574593
565110
283337
338983
395890
279216
876214
828138
352452
197474
564433
746407
286105
823883
237494
78721
141260
221248
96064
512069
998947
833439
197394
682732
727793
779358
892996
92541
213387
86781
991591
568271
344740
211674
433015
610861
900872
222307
424412
614034
516209
4901
860125
140499
741770
225923
869986
783132
93245
389379
907619
87954
519163
522115
534387
211544
887048
563401
622819
468781
613887
212151
89620
153587
540010
498589
901405
319499
447030
568681
433557
525339
266582
583673
605821
209521
789943
187921
90637
452097
998811
89896
420185
322570
810517
376029
529312
834711
937439
838919
478577
938146
232859
855914
74043
632851
592165
692037
684975
19814
580817
692104
837908
40362
414086
87970
946663
173605
843894
58681
373804
625365
444409
671923
476821
134033
840773
602481
215886
9806
740492
74076
841571
451326
568370
869975
592207
683731
11626
354004
354594
979554
424492
389122
697421
298594
544596
50020
517773
129043
973402
866045
174322
894843
938922
768616
375947
40267
383456
551684
561776
580449
679010
576204
233708
309351
91801
312324
59525
221720
360588
433423
953385
244899
145563
456606
527862
558312
533846
300419
554853
297311
92216
551715
664212
230872
611971
253642
740720
702045
693113
74009
154492
176499
403636
560602
360896
169727
664355
261044
967952
497734
788385
425338
949495
514637
917043
715101
519745
229535
252382
39106
851426
518125
199139
799918
790214
704847
181849
685662
379638
563753
215269
455604
32548
733481
189847
691851
677779
912812
165540
93099
33381
913920
674684
117912
116418
433924
201544
710405
675363
93356
170114
766118
853624
212001
669296
299875
139260
317317
869502
629800
363859
268308
269111
608793
305628
879974
803808
806755
26329
619665
689905
165934
825656
881259
89648
956526
631742
212972
362668
959065
605711
514866
373332
428403
405404
423327
984562
569413
608425
353245
745671
114284
677498
366018
732163
357197
887321
927886
978657
404134
442951
762961
570205
283968
270205
460778
460051
963009
874525
247082
280118
159517
376314
424214
514025
910061
762112
12811
743101
696024
817410
777340
893256
898669
535582
313944
697694
8339
598607
181639
79535
185431
875919
156562
419773
18853
83239
595618
183159
788306
22868
479840
612215
594326
562008
193148
400597
222295
836250
381385
9958
639072
874554
672902
35541
295472
274998
187448
166811
570031
383922
948338
666462
682300
587687
438263
517668
592609
562219
577654
283058
869352
931864
865779
611205
948999
801564
312391
324652
69494
900893
696318
332288
31202
303622
302494
528705
450554
560243
682247
582479
123430
799861
768758
827714
811095
114690
540131
278438
385593
407996
654027
531094
39493
648220
412680
200435
903668
495867
62619
963778
82318
852349
845004
259168
926432
938586
532264
238434
529740
867850
828650
143501
905275
714573
414708
927406
187309
232148
561212
319384
7344
287759
319172
706872
955695
917844
486849
506198
977826
38633
855453
216618
975971
283310
825560
460633
596513
946474
8905
846219
945965
547248
643459
280553
128562
279789
590867
607224
497729
25425
46053
939469
606730
44120
197702
708908
946600
617524
116292
135105
311443
288793
84401
548538
277369
598884
832391
834943
306662
720105
700261
556111
525343
62167
232439
879480
832527
499082
402997
653299
214297
129902
345474
515865
163212
997834
776308
387590
448436
277680
556851
389769
633741
993664
260282
655109
624659
41236
778555
247783
74165
997003
188575
649411
615655
259445
510315
281102
150935
715928
948862
764402
620407
234013
768695
246738
599161
511130
530291
195098
737881
110973
954355
909889
37524
421073
558493
316062
472118
560880
578521
743332
471761
913606
261980
956156
231881
981885
404033
995581
544269
116234
355411
54475
956896
110548
850407
524233
742485
710076
578982
73980
925721
968461
40809
506365
784554
458626
618045
919898
14566
374574
769606
870923
381182
573068
258623
305356
562377
995939
477343
709659
868469
601622
775127
358352
749656
747590
892856
457492
208420
205924
637682
129983
861945
867030
188216
551634
524053
20037
817855
211662
451751
173633
991908
32623
726081
744594
807149
663112
28459
394268
267559
426684
22035
357037
926767
82518
191523
393255
655565
640326
131627
269829
916731
27193
916093
542475
365635
112083
771160
336846
837510
358540
341436
535197
741529
397348
285916
494603
770761
994756
802738
247706
912831
448563
396972
625606
497151
630129
320260
478059
836426
970804
784749
326675
62372
814588
989161
926688
937520
956821
831224
459090
629879
977001
619498
16630
498631
835903
972886
465772
38584
102292
233699
895635
426186
39572
326339
628755
185450
854709
734464
705798
536915
362673
563630
934980
783121
278686
982528
683209
430689
504747
755127
353925
129141
641273
381685
485569
677844
487955
509936
571561
553309
283980
794434
773178
456299
383028
15517
955208
92180
186230
72859
120172
263948
345169
760883
667658
165095
760305
14792
797691
560828
549865
453019
115099
83237
451472
495905
649456
306338
735477
317104
305909
735197
616384
3026
393155
629640
219814
822908
349979
201634
269512
449753
372626
301401
652777
967743
897113
189194
693642
579267
997800
874788
408548
806376
672263
811050
788737
943474
657209
236823
455288
151769
115589
44251
182467
768985
544738
666756
779774
442598
455870
692664
791359
366461
384171
487454
703372
2646
415783
773725
380541
383990
456966
423484
426799
873056
709246
345641
908002
958187
580239
924693
30896
924527
224205
69564
249195
194969
516043
857922
362257
763486
765670
957369
172846
415372
757483
623232
549967
951740
157222
731461
552478
779556
745800
763178
811359
574345
696627
920453
70598
541521
900198
321858
257906
432502
35200
109668
358474
935383
533426
763880
823987
270633
134406
899082
679275
943626
615686
640097
139077
63158
621834
121317
782209
254994
387490
954641
337159
605798
871644
743459
579904
514024
876082
269313
910610
653811
117331
378166
204086
944855
773772
112409
101623
286602
731219
258382
264456
640251
60592
816486
140802
877127
337737
998114
454202
488773
955208
178133
25788
666556
12266
310503
356838
622708
401703
6389
300258
443113
121978
184022
3713
169116
11724
534457
674353
369477
584001
61802
250907
952099
253854
916915
216347
889715
706132
236831
330013
82303
191726
189658
504080
559629
158612
294004
254858
250040
775226
858628
429112
788317
348328
704425
271424
789292
388966
561516
61173
772894
302019
320577
456950
554053
470402
315116
464804
1471
751010
944257
992573
848580
925769
98692
850074
996191
514060
68974
241857
466362
442717
264337
652520
115537
789458
797715
372679
892233
949262
880790
290904
291673
234702
466552
512558
870
742098
6646
667119
303469
286053
239467
532592
103450
370315
118007
315307
303541
940871
945210
543583
331068
137414
659648
936773
958987
179115
310775
126954
47096
550264
237147
374190
555003
95830
972722
105751
982346
702593
154675
643922
393540
469522
7234
466696
224579
505066
184022
370969
418836
988344
807868
203000
86275
574760
669556
592291
744527
199273
524601
225597
471484
639192
887199
231881
770632
56590
809044
515845
890933
244419
8904
247009
382725
358109
922153
930395
114948
324505
418439
15928
172031
613588
980567
699296
853970
346935
641107
282455
36255
524861
996222
501076
587483
503395
438534
174464
465666
787691
501122
44556
829163
991756
324954
111855
366518
201593
190981
299003
417697
366348
42157
768347
403642
983887
274864
401067
487279
602087
966208
148020
216897
709150
669610
756738
487383
835723
757428
256100
416751
68448
573215
668544
929519
232592
189579
527440
266201
867291
271354
272701
700893
811255
614124
75798
822665
775453
967914
660909
376156
373997
779295
50574
311096
193726
284832
735389
50933
160326
523341
343243
387538
214115
45071
622517
277638
372228
379073
550745
553205
5302
537643
69429
295550
91855
722473
507070
346481
200945
31914
97018
276382
16571
928276
833466
177096
289938
23493
295544
776057
122311
8501
828937
473775
684646
829431
818238
951732
42394
574430
140445
761803
696384
825084
565559
267078
105734
582
558694
533749
147839
873491
647013
158393
517703
836675
21900
710518
350350
583228
661094
842854
834050
700496
257904
59467
995357
281467
481521
312508
280776
593352
731505
48353
520491
404690
93463
327418
676114
111784
883426
499289
685821
259466
776068
661168
754436
639056
867542
645445
199077
357674
362300
923778
340076
666306
15575
707688
129149
387262
304992
311204
686273
28065
698151
891706
460779
418193
539689
44126
812710
58995
395079
20065
12061
301618
424553
467848
241958
174943
54318
204089
981068
627251
381006
612623
654967
112175
346127
335437
512250
463972
786145
113518
226425
383631
774102
389210
875445
645660
714496
957429
285686
848523
828009
574098
765524
595120
691753
319109
307553
739668
814120
376470
623094
306361
758257
665106
83353
299387
179758
35707
393416
237394
917638
225311
85988
73012
361168
275654
690557
314904
989298
896133
319926
191380
427674
537775
968469
350567
128280
948267
111210
308179
350871
663137
713688
766819
536951
956366
47493
688587
994632
183608
237594
463916
324516
352443
618615
559798
278761
857921
660727
210856
205457
365008
118746
395251
808433
865149
631317
810492
862667
137790
287411
384961
994639
702621
125606
668627
265013
53833
582510
858241
167920
542535
973989
27989
557455
442245
757924
161464
16245
385167
948886
761328
916403
219
704151
326666
393343
892926
468360
594067
336660
762945
400882
392320
180453
139919
442772
801581
670078
154181
888267
618946
877882
301548
454812
2226
931035
811971
146145
614749
262665
687540
159438
37206
221226
612585
390304
629246
439450
660152
80609
842639
809287
342394
827290
684789
804332
699833
64341
581398
992808
119303
745101
516339
815162
949291
121268
764774
968988
942519
205793
334283
521081
734069
755925
245371
160523
396992
573544
397684
775893
837230
413013
195348
567738
190379
742238
552836
273209
501345
342173
942194
844550
229203
240937
464438
641350
824393
363873
915798
878118
457254
379864
786149
549335
138965
964765
907142
23850
631522
835493
787662
996677
587877
678808
729095
776192
494104
822645
983505
932063
224010
715554
981604
952555
295533
878612
767600
740399
822537
188119
480165
243660
282451
347770
201871
238266
358168
449051
340120
801179
26388
682827
787185
497085
269344
976477
146828
162285
541767
89104
181441
799410
835513
879318
387792
782381
263128
190784
305606
521099
681904
509065
713016
73444
796612
893436
407340
996211
965123
50178
596632
578674
144346
116492
250882
350290
771235
373849
897478
276116
843066
75108
559414
967431
818416
530990
135451
498782
303001
538851
9242
208621
752320
267628
773298
710656
455739
265488
344994
956504
682201
332231
803688
13059
954551
968413
932195
576663
405170
331968
93274
37835
465782
490086
423829
88433
859957
53213
610857
65428
811572
484848
146194
187114
564799
659443
516536
611766
178557
156908
325396
142205
778782
579742
959532
684898
392496
453171
229498
736928
400337
399877
325995
988580
617663
340105
613379
329733
73740
455064
293341
257953
417709
896411
348368
667861
917489
734483
639214
764120
691342
242179
37478
166389
872150
761722
582665
726691
118794
487169
60905
499778
302725
830941
378718
248244
607897
378881
767266
349462
200823
568787
545692
724634
477767
10265
318714
104706
474584
527488
909687
746683
410673
817545
575612
628052
160454
236496
366499
231769
284038
288186
838550
435216
692817
568187
640278
660239
53895
212674
710104
35128
277308
956353
895561
247827
996680
875932
959346
804230
521914
624557
783415
881395
958764
384306
421562
239790
411313
135380
137437
774490
427115
193365
153316
200607
159802
471317
578744
94025
755087
88320
335559
550528
412126
849431
811337
602080
4338
659866
113758
766837
562522
809615
621075
315092
347521
949682
894212
102040
382491
839993
465755
5560
928636
757571
493622
246786
692355
10844
433959
647222
524595
884207
573973
563649
416866
86601
132543
96661
5193
297094
697633
886113
970812
950810
741935
839218
926005
819774
488766
61926
129033
203828
285570
711496
630524
586553
256434
138893
195120
752967
838280
841962
655224
817092
571300
462800
545802
534922
511056
682053
203283
617748
443742
182880
839525
195713
145518
287265
767692
495624
749132
931243
709758
351097
461942
367455
461680
483180
210555
979029
487173
697096
689086
622713
794273
286450
723098
237376
153372
704975
310624
420742
865875
239352
100859
11974
114200
308346
421365
924725
886537
577734
480722
789051
133054
736187
236250
768655
229788
263054
801204
509037
106054
469524
80302
577271
903604
16428
468889
797798
461851
203084
197073
743979
658764
966694
730395
336422
789657
733238
588711
998529
89073
322731
78196
365419
865549
264047
618707
671533
902851
399573
841475
184298
750392
369759
838523
377463
792051
688168
556039
861973
148364
409716
637770
752711
727747
924754
358946
810836
812205
932140
928040
344411
393672
659435
611862
804110
547376
122121
659140
448077
638635
854708
659531
607519
724318
272988
667210
795855
602275
549594
416839
444449
140210
576828
26349
337199
529723
231921
310323
63013
789142
447758
677150
55637
151250
922490
545373
441016
655850
353084
181266
749890
205718
739231
50928
802721
151293
385216
895487
203793
804551
450164
178620
912094
680465
955160
880222
726328
959034
373558
475252
333804
240474
625680
398954
307781
863955
979981
761131
314366
604671
361149
976992
669090
217865
707723
170326
300162
346327
240062
351357
900179
890277
787691
623564
962594
150957
53051
918082
822900
478146
697621
97032
151678
559805
579688
246515
663101
90830
627670
602533
886899
78964
871744
751635
72448
276359
84906
810081
224985
251954
326219
806824
52391
859839
429172
814234
816638
681867
859802
439101
681208
739800
996162
43923
496366
746369
978760
121819
563666
567816
311819
903791
401708
805835
308408
209038
687087
794838
210418
3764
131383
934482
178587
612838
16994
442906
60034
315978
398344
838830
135145
451314
574360
148096
241585
179257
448144
748140
397604
993414
336792
382021
667679
389422
900988
789707
492250
887606
973893
411960
678422
147381
709682
111289
165473
808024
592728
178490
23753
372480
533139
776538
663259
167110
687528
394686
506902
152862
326201
510657
554289
526041
840163
942089
935622
577668
460216
688821
405786
38126
366932
472114
181193
380103
467870
320173
902995
966308
333149
711075
524477
325344
199284
986196
703717
215196
629884
450261
909926
773862
312636
153285
144099
836407
553863
486487
94836
602646
150643
885455
730283
768859
104369
544904
182146
417294
122510
956209
620258
551022
144389
397464
803666
986829
444030
927710
792506
219672
343527
47499
774163
353845
81902
531066
462382
593669
24664
322485
358301
540425
504641
599195
316674
814177
490800
241598
839986
224814
964118
146889
864325
975193
622436
646046
810556
125805
706246
706686
223632
95584
831103
168354
395411
598703
399522
146022
205381
762407
110058
119397
65206
653823
389239
177568
691602
21410
816485
325079
213262
694668
611787
462074
25134
168330
479309
148537
781232
521315
287327
734264
978904
195221
992982
859294
959641
954488
726252
91213
641821
657600
443728
997932
222066
10334
317096
946079
300817
944901
191652
698520
134283
96522
447936
298695
167506
816676
806870
746029
697057
129363
777629
948110
756553
785374
119618
632645
517529
534644
340577
475057
249898
60340
27808
190157
539396
764040
714728
751966
754992
158252
455937
720261
428828
399757
671241
747444
912036
208076
978577
154813
782531
751905
212949
434502
480725
179101
428053
359385
175688
50311
368532
35032
306783
939880
784940
266638
698850
98083
13708
100064
41830
157436
551952
364706
321588
633017
546043
134214
877785
103141
290772
973679
947914
400817
604762
95203
877105
812918
417124
486431
860888
223894
880922
558661
107057
360320
269834
261233
854271
412881
346280
400617
511653
112920
973989
291186
220105
950770
524650
461759
722917
890900
758257
485573
42346
582311
553344
813546
143889
76622
234116
908891
333695
205699
446918
879421
421075
189855
504140
650491
206608
207608
965838
358270
927394
565476
262611
111675
69967
737372
344104
591526
328891
123581
714813
609924
247959
309032
528988
181662
9000
859592
245639
101393
546159
55603
722348
65474
680379
576426
290951
779760
583815
142011
755477
956642
222672
971014
927216
599167
604856
999900
381388
842044
98960
335874
535308
878255
735430
581654
105282
530691
980778
980553
718082
388037
510558
711434
396257
379546
886682
513348
685327
209299
94618
307837
592206
649497
4133
254495
963534
258435
815033
700372
884967
229382
236696
923210
580978
880588
878761
983702
696964
267421
533965
948277
767688
634938
544895
473325
884728
333513
698855
785809
526200
794538
918075
229668
603023
49383
49298
729237
897219
190282
696199
991209
144655
222281
269638
559223
946179
316893
378678
393036
544185
317681
423747
827759
674927
819765
186055
458430
154054
965073
341588
589111
91606
46071
552544
558995
505579
790161
65038
541644
742497
252762
118677
742912
923351
590281
651087
835757
232083
552039
298080
159388
5106
974274
902401
117211
730122
703738
257704
702434
905630
790904
659350
396952
233533
896767
265852
850541
644471
599578
670475
285095
199485
195765
722263
105787
892500
282888
763623
925713
252662
95918
104219
13035
127621
433428
645754
828638
894316
831564
671256
551550
471957
981889
475680
436056
734208
363077
488516
777112
661190
349510
862526
368203
570347
27168
251521
298495
747673
918092
876865
337607
218559
332341
590236
890459
78470
23211
483
317596
762475
666545
636297
315764
878141
149425
483303
705180
658357
678863
375466
361271
957805
865306
353050
486812
561279
221535
916743
496049
360571
269208
859794
405554
853252
75010
287061
458449
269703
734924
555696
480056
668953
988203
734897
277994
261677
386506
184863
822471
796078
741663
827171
932974
147135
712793
355924
784957
188877
872949
293470
330163
192909
361072
716494
707447
52503
241431
787388
169650
957023
511866
453589
763862
448140
6847
372675
735554
908662
952594
200956
417214
199809
515130
711972
300257
492881
228039
278432
250386
121384
559592
665912
554475
648611
597273
138088
800313
796238
33785
592707
336672
953695
808377
442629
318364
722902
609840
224563
593762
164654
729612
596081
644260
844608
842020
31456
743988
590965
171944
797169
570112
222438
636090
974347
903867
171538
431318
100117
269405
832635
205035
159840
417536
299997
775438
316980
187563
11724
971972
377462
991852
929257
158205
735411
915806
284416
664288
287051
964043
655298
398657
354620
998506
300762
368432
141002
406089
379629
199659
705032
257990
179
733875
830278
705207
113645
331004
131160
543338
330946
264829
467582
350214
58042
625000
995957
821264
529749
71988
207897
464010
724617
730581
138357
5557
291287
784077
548969
665464
944585
367836
521079
729113
740170
683027
697386
777511
879394
889607
121059
896762
615692
115808
678209
548051
864565
846481
524908
460701
306899
373730
843454
985429
114016
494376
317391
970373
60466
142615
834204
369963
311737
422126
970068
691705
443412
433680
807358
867510
337872
427635
432905
545730
505086
813297
150386
456950
947951
507644
532236
286505
603982
446895
370223
766096
565531
550975
408319
687549
28544
343632
412312
286728
427089
403236
989523
158667
856549
586926
592376
928838
460747
691525
754816
288100
175083
196084
672261
252053
218683
577134
434248
325914
212954
174814
844959
847903
545293
535645
284153
886082
63187
635005
802063
226226
173734
209410
96553
585650
806225
757681
375882
621501
410664
257984
43706
403844
404777
772588
363118
882899
700910
295402
498709
75281
813195
516533
704705
725094
723402
788294
894704
142903
739136
225698
101943
135116
750027
417677
726090
623571
499243
68316
142762
607102
587515
220776
769259
98951
108555
524318
734177
903635
16602
388404
86183
160756
214581
278006
17099
623817
214822
232190
113305
580032
156635
617218
426947
935740
437013
129224
3562
671954
271369
953012
996107
666412
790295
729537
187849
22096
265252
520910
449746
561019
678934
921616
196721
219751
174827
32230
222768
507628
290423
8330
713320
283395
256696
454051
785831
396197
693143
914679
791932
393169
748606
210877
846177
610029
236368
802320
133510
243076
247753
572224
759478
45550
100212
830531
645480
934349
180099
642697
529893
230643
528910
189037
634512
309025
244203
510983
565783
681643
572838
332574
173173
962103
457117
951547
171489
109476
441595
212184
904278
918471
33231
371896
565568
680272
761864
738640
510976
481739
94223
550243
735452
514755
406209
181803
732038
861889
926087
715763
490247
583346
86804
900546
655048
342118
492795
109681
110205
190580
794347
294686
116527
320956
330184
30777
30244
174597
811558
772027
343084
522116
993188
532407
247691
976382
809379
48841
364350
192900
608290
341355
987948
781789
951608
868646
328682
681987
25005
466404
140011
229059
23092
509284
236418
170311
69769
134536
399958
332145
175203
308617
545569
21853
966358
389706
149732
944585
438921
778505
463723
635857
71311
782578
263992
918354
503011
183758
914959
353585
310917
272345
88286
190132
455979
45552
366790
131853
297574
256553
951626
339959
96083
142269
2003
843065
717434
424544
268189
975880
135622
857970
478402
329866
973729
757069
684065
537524
325611
903294
983723
45140
707544
763153
599945
141419
494116
928582
940077
845490
560499
896864
508404
511741
286984
581531
392565
423165
484962
977853
831977
578656
775662
183301
215607
565331
817965
384960
762586
33895
366372
381755
708977
527953
128954
923795
615459
722444
40369
201896
84908
991385
948804
7216
691977
579750
411353
512295
303292
835277
795298
758372
815996
19827
344982
467016
170621
880849
23880
627471
143831
338895
149985
226696
378645
445964
854014
498145
175709
822011
560104
446044
382391
304487
862188
295006
678971
506134
726487
878758
542556
520396
502416
66139
129739
602727
229074
401277
691337
267303
819332
407998
605260
128656
870582
92970
244109
811496
459194
763713
335148
630428
97437
989157
296065
919999
914689
695086
210240
293874
539416
95579
602824
720542
372735
102948
621576
765598
616628
220459
498062
24762
853046
321040
472046
287950
160120
279075
804171
523850
101889
231541
336389
30418
472483
936839
958847
340678
301973
104100
620619
735388
857520
878347
427765
230824
629763
333636
895273
265789
151315
731923
882177
373742
755250
925514
184623
927982
896634
129081
814340
12309
314342
398657
860379
781123
885070
344967
797156
349535
667198
831748
605200
389689
786417
587000
906390
754382
756335
195966
974881
249961
730112
33595
933014
686566
158988
109552
277445
594834
401745
334767
279595
32814
180799
523819
152481
106195
248499
244520
766758
158831
716686
732817
38788
817325
188018
340392
58081
158003
256664
312280
814564
795525
484369
797862
508993
858630
349079
654150
863587
64479
736527
363466
172469
39992
90654
906741
158733
911460
864357
842030
138358
439065
301466
23440
401049
978460
536772
840030
428295
781563
61523
853524
944230
403508
423769
824024
400501
365172
371753
639376
628669
393849
230027
367885
618262
680152
358489
739684
472595
119259
311033
55709
764107
904386
444854
523397
516485
117674
101501
285086
789631
615435
474994
732087
705371
897244
230317
444502
589863
72401
673813
311057
428743
845892
589782
803388
289217
794226
838338
527932
422693
83292
353154
129082
410199
555981
123319
222900
638458
197436
227313
29293
406395
695239
280714
685381
622711
337887
362400
395811
703050
570627
235182
142862
684917
397733
16071
945499
331243
770601
470254
853697
905656
440267
835796
743816
701199
834719
673262
53408
946158
203828
492147
8974
768048
553874
840623
286337
620783
378467
661703
961539
107539
294446
812746
326155
61820
828478
127087
631215
466888
178977
821105
937846
294529
270988
246788
111948
901542
399068
271218
401166
418324
680823
577879
102277
788049
766993
320501
844656
572534
536651
270197
96442
234614
812085
612155
69707
844687
4596
306084
318779
16395
786815
623071
479648
739443
600131
682021
534600
21329
975783
687126
726658
603553
38698
270770
521175
406164
261415
38832
685911
758272
906042
115390
789837
449703
123837
489174
810836
632993
810348
310393
534787
807593
569383
593804
745283
413058
656405
995211
587266
661188
123300
78318
606656
767367
640047
372695
585607
852394
847801
295284
452215
944065
917014
189303
442815
179865
907625
775215
138280
732712
661320
400515
90699
905750
291708
483211
483427
213666
602212
997835
59005
599667
231416
958477
718668
321404
143595
225370
850521
118154
32618
387925
100887
952237
921602
912051
484756
171072
642846
952538
142860
832407
728429
116629
39512
650501
764002
303794
507844
380359
892885
32825
198078
348625
851911
887177
862441
374642
560195
498192
876689
670822
439903
691814
55482
14840
827938
256455
520017
937234
164991
51755
676100
476067
712320
705988
565357
610859
185342
238548
237865
147622
138124
892776
227847
771282
749108
654516
342108
337823
181081
785292
641844
957299
192188
762813
538467
324887
591450
891846
164857
789953
647601
349942
709587
205310
393635
615971
547854
781884
611764
928644
905879
148465
174766
497452
391134
151916
412196
251747
967145
748022
603859
335395
759109
471076
188644
51820
925463
632188
788301
768772
898192
609090
465944
823759
412991
47390
602876
572614
157504
862955
479911
627991
977426
987806
27293
366746
108231
909969
156666
402411
799508
179115
761555
139944
721288
222766
989563
324104
26394
422493
12897
108438
217050
259464
586135
386825
620234
123510
580589
437378
413254
548781
222396
482850
532638
113440
694143
918341
532548
831222
687515
363102
650401
241587
951295
121327
468802
290501
114406
878374
159279
43117
775865
767631
224092
682952
672466
398458
112441
733753
822556
420458
450980
483765
200342
645623
311230
693739
207286
77185
572763
747150
800618
153937
774163
831744
833337
744781
532533
741085
331720
732568
732700
189856
873273
622852
3481
538614
916398
923957
289039
947869
570028
654099
270494
359929
367898
899243
457207
825651
66664
160611
90575
378510
94924
640408
180975
372168
527847
148630
951271
114665
428038
478579
719011
529707
707269
297224
428821
714437
452943
298957
557522
705366
981184
253264
480889
481963
450155
762898
286862
461997
13303
107966
819685
594410
208356
143047
891961
301566
682028
730908
862172
280157
968644
136395
440009
881088
463489
422959
341205
289002
433304
928983
856644
839702
947646
474677
302392
573951
885742
977536
76612
374731
497417
953191
107551
802901
129943
316721
165940
104918
53227
770678
153238
854191
537317
193523
857809
464469
919761
181198
93916
815705
946541
876711
505834
808019
494089
592151
886687
602282
635654
21768
776032
968323
779520
576497
829315
404228
35656
975980
119526
560324
95114
54773
50459
88913
967950
62081
792641
743197
13466
442809
918190
671365
819508
749841
64136
697791
888324
321226
893747
742112
887576
589312
969636
227208
399490
476976
91796
597611
167772
804490
933329
9788
59820
892079
87087
159799
22434
433736
384219
785675
523838
153858
302799
596579
880270
794921
351841
357264
818133
796576
517943
360021
593736
933307
149397
317134
958513
497273
175063
897853
303351
945121
451514
879410
652213
747703
523924
20439
609478
725275
127204
701398
29282
322047
31172
882215
165217
357187
899899
580793
794911
327663
607151
721980
387897
302988
621559
451401
850739
667295
198671
201711
200827
55875
203941
223515
167432
264674
282576
140963
449693
716368
281056
245487
45034
796868
363152
813060
458833
480947
307288
639982
42310
125387
361951
717514
754127
247241
953102
927341
13483
163511
639936
753397
119375
213766
534229
1834
598795
356483
166182
846159
216204
630777
526930
784523
854074
585316
776183
110447
358913
941389
731837
516900
226158
708871
62412
694706
287279
396036
921694
813231
470525
158356
380654
757954
414485
637372
568656
864275
843425
203503
174874
955473
121526
958827
293312
78047
518391
961331
883838
148380
674454
835172
485230
966733
185722
865015
374969
376809
976317
206866
907178
387201
665036
883339
318430
959179
140914
486266
160152
734154
878254
803897
141425
88091
659840
174267
714220
970397
681603
176198
11879
848510
316276
249614
696046
184415
826384
386287
719594
504163
710172
189063
80887
710233
651006
131311
891987
349059
182793
897364
934770
284547
451990
559221
330798
302625
82957
192379
772507
152955
937475
929968
239097
636042
520317
876189
142402
980556
660819
681413
151652
296084
839152
544055
225801
467498
106998
456084
72977
841760
521918
483678
84321
343922
263805
185592
523413
205657
31682
918720
526673
32940
506139
411141
808245
139891
629080
571815
54510
397834
27943
713354
434857
416047
279006
832566
518051
492840
626648
196751
566109
431956
902390
717163
359595
645836
239751
790357
480554
721909
97090
179358
522769
738021
57968
613722
387297
51887
558567
707838
570486
902093
345904
424660
498112
109673
866762
475992
422923
816328
478664
264755
730489
579347
182485
224913
809746
442499
197784
856097
860786
38953
406386
3368
969697
547608
296100
255235
184447
83056
535950
754231
358302
46599
173650
842934
83434
780597
677463
382833
486787
205628
480042
919188
192939
914002
180990
969443
173211
527821
643220
193903
583920
828010
556918
319540
870659
976314
621213
972114
560598
209770
326514
37030
145705
129261
175729
771781
875885
968072
43626
925653
374352
165050
887842
10503
862391
102469
981846
825972
112906
640669
50911
451155
580584
253740
189233
743701
950715
931264
685757
17949
266663
369810
796727
443551
579804
388404
510130
612820
791884
984470
150054
846871
638326
683124
985940
925023
505439
747296
962176
527450
521186
212199
48925
588578
87455
449443
522759
525534
220367
423453
899626
886264
858232
579100
130112
751798
896507
675150
570295
773176
716811
699794
233264
260365
865208
732192
592228
932465
755689
251094
696865
71975
120041
75168
317874
780975
746328
624642
719837
586021
655362
320261
923398
338038
767756
14716
19505
391295
17738
180721
84773
753091
851950
338929
872619
967433
488092
451121
809846
717904
200600
812124
4764
465264
778209
484602
809987
934415
216151
507262
957655
969084
512535
201068
113015
902827
776103
322341
806447
213646
876749
574928
734560
753612
608826
909543
984188
352224
459236
367451
698862
898513
902129
900773
2262
925513
574479
453291
102066
528981
236064
738315
779480
612792
925395
770374
337567
202860
435982
118924
629662
858038
654855
781344
448204
997093
178290
289895
710087
75174
655060
597011
642928
528519
380407
253094
684019
325190
414390
242021
748068
692437
37880
411868
88389
567469
423161
341320
846628
848844
378372
138020
742689
642829
377085
581907
829070
600482
385370
332838
690415
960368
657266
468491
218144
850566
743790
992403
158230
807803
622044
288542
569341
435940
274978
887654
2049
271727
442127
876708
510697
675104
825549
955874
36829
306789
288435
956318
260360
63319
447799
629720
230680
615504
135553
994681
175138
871779
667482
137120
245539
27132
19907
36553
526242
735125
398754
265308
768241
53394
564247
133136
111185
350203
183341
556410
765941
87123
621741
218166
44191
922969
20300
774128
171943
114970
155524
481232
472410
669873
420416
818432
281535
430621
885616
621659
625525
256893
355261
131251
639544
524842
846166
813567
454466
588529
389033
862495
894798
450924
695214
787726
832888
959164
946333
416355
819968
677156
768064
851268
939245
138437
904227
433256
381006
910514
11239
908294
761947
931567
376566
967199
677947
752267
457232
339365
51807
90199
625924
589767
67531
679746
787131
859610
28917
49426
491823
654181
544390
208641
745913
623881
375421
331442
707783
827147
291315
819278
508715
63488
144697
170752
26897
445780
165789
868425
695369
147126
623372
81920
989762
615779
395857
205738
503704
739790
477051
704625
253636
345193
920541
391685
248882
157523
509423
410444
108400
59678
707538
934535
397634
187259
690737
832450
892562
675205
881219
812151
508164
637670
266220
651585
521832
704426
769283
186424
825993
979358
674223
26477
451938
173668
541290
638595
185328
30935
615464
511144
572259
167061
307536
304623
873774
290541
970281
28108
493950
461862
881872
740267
293703
68074
766501
585709
415929
131214
403334
478208
68242
243071
206195
508697
962701
573578
338833
622097
887800
107207
152522
310745
332323
539939
85265
396507
712820
100809
119171
480687
357656
103725
316585
304631
239316
644917
706458
582360
468089
245572
73278
135957
260534
425571
800045
776457
766791
151438
190965
639873
517643
833497
643962
547380
850996
716669
502136
385952
2008
313347
303397
920898
761636
456396
679922
281456
423727
560570
715631
515991
987628
966719
422350
958477
148538
567808
923583
620434
106518
252709
357435
587816
300144
191168
284829
593164
909339
791767
387562
972048
555997
735632
215921
321878
673190
791608
62030
614827
457118
714351
869704
397885
467287
667508
635354
592762
846498
504777
196815
871047
26045
478979
364294
702042
586730
430640
633109
724597
31963
887012
206602
981184
13512
197474
478477
786497
941731
281188
906721
550842
400931
860360
978825
35679
812797
926423
506887
69682
976498
182642
317631
730813
619265
577627
652923
942315
2428
358557
316104
668612
87544
557849
44093
77124
716318
1455
755547
822166
520862
724421
117712
898546
225604
538295
827350
388496
618978
732955
456697
996551
526381
452463
119669
946887
759652
635106
677053
176943
649323
409659
788056
42188
225014
909610
439526
515247
719904
622762
642497
686506
559708
97103
451071
930535
548034
300145
303059
555748
750539
691957
972371
50319
710296
337077
856980
245497
988524
642699
731761
492730
780795
918143
331819
2210
469018
452810
3818
715479
70165
851207
233186
120528
588959
180469
445137
697773
874276
785259
674020
945200
420347
936089
966457
258460
900727
807286
6400
253736
270813
365899
812218
822752
113519
559260
431907
239833
618343
413550
337773
846671
375295
313466
690657
636317
798189
560876
800170
631255
121965
574936
525997
172807
859830
684410
44560
613187
275726
645672
878492
265000
7353
684374
622653
601077
544845
957702
326182
348614
901729
652170
667025
131562
865700
372087
752036
839396
218569
193000
360880
557883
680672
960812
396562
592766
232128
476365
687868
793496
890465
623486
680782
811915
529158
588384
647774
833420
442519
498929
608791
308219
322188
422545
909501
712254
494406
855666
785550
658425
898744
366492
385156
937772
850114
878299
782328
493928
588318
51910
863008
802287
13043
961388
356857
148327
135623
227548
956160
678395
503314
438097
11737
989071
758701
66680
942995
818013
911017
329312
912579
60529
855293
719805
997452
32125
70999
270169
32193
24538
419219
456088
579041
358492
917321
521510
459521
636880
745537
681471
869895
993748
118593
499354
492434
772563
436295
706547
207159
879132
927123
967348
34663
353823
179868
624767
895660
841603
697250
295066
260882
750630
479203
658936
839074
458994
841895
701600
799817
849433
510262
70140
46040
262381
210666
387201
794213
126813
957279
2037
538318
975824
51462
580770
507294
361111
855513
200085
373447
426195
109929
737235
730255
910051
493011
563353
440904
859079
955153
740367
31991
252950
621484
680520
842583
32408
223247
788216
149302
879745
217207
487923
887740
298571
803975
410462
685963
213486
762361
630196
883522
544639
725358
326583
87388
881890
199973
397489
917558
722669
100938
528677
112430
59163
597478
138583
128935
318762
517301
284853
454760
349586
496469
911521
756388
296354
681370
264476
118996
982392
778046
113040
47169
609948
443062
325370
684894
220730
444768
560498
32529
994874
354072
446424
727250
110654
600425
826461
897260
2487
339232
694187
688993
238116
403901
600306
29483
32553
934275
100944
612636
415240
747375
80476
753766
448126
471557
476176
758007
488060
376645
369168
676541
787712
970941
287003
913991
414352
912120
763277
703884
60755
357972
900494
219460
897676
865201
830235
945780
97907
479557
955055
524679
189362
415885
178445
59416
20153
44894
765549
553101
713918
244250
192512
155485
710164
633597
462178
815473
842279
342615
83932
558696
376338
676308
145490
867317
262813
610551
387535
499363
182102
42469
795307
283193
458826
749022
487063
240953
816353
131526
450821
443778
557587
913377
519926
879893
211403
572574
7137
78708
381590
411722
759549
579238
992264
443813
583468
830552
286507
707026
967684
139678
882277
81127
174778
650134
664869
313317
755181
230829
697673
903105
451661
514747
65808
882209
933670
92746
97271
81314
349581
418676
970098
750870
785061
27370
233352
845899
588430
429457
942923
943046
702444
93382
522995
326351
360719
922627
606487
201924
592921
991111
228307
619255
518813
711816
84891
14915
802591
863725
680399
199128
761749
110030
474046
993992
339543
436456
341642
711662
259652
800145
937496
753019
729730
245846
620193
291870
133858
160179
572198
750927
395553
548397
508352
108601
399754
580944
94485
605058
434874
203521
353255
913336
553980
871039
736390
471193
179922
482170
212326
776831
454869
94031
35467
449510
31411
175904
467936
334236
773400
325261
246311
151684
723560
444369
439435
890054
639272
706235
146962
615062
8700
460678
980718
918624
263499
220504
614706
174541
265087
935252
842402
272693
553512
437468
314211
332961
912704
210662
692561
707963
539849
16441
659952
213461
473107
671301
731322
265874
686169
66973
695382
961141
711691
127378
232618
542404
884263
259437
920903
409304
244288
437448
860227
366980
958625
481673
539236
390880
872011
565692
998904
352945
547481
502092
102978
926326
301893
87390
589327
944273
144195
351691
621606
859152
934859
837688
109149
416472
764724
818387
108424
674989
56956
905259
880397
636128
387172
663852
681555
744406
942648
328310
58521
79984
212396
687898
859555
112988
411170
263089
217870
249272
721993
835032
10885
500062
58399
985483
521036
906064
372438
409885
726074
946625
607381
234833
785732
965246
10837
652185
352371
947192
847212
284328
504247
905966
363751
78902
925334
935035
515855
614288
734589
855353
745486
888280
649399
149521
926444
192032
650299
463009
932658
24543
997535
615944
367599
877198
578155
229329
37080
517410
315273
186873
515594
269158
896408
282142
197996
488820
401119
577159
515632
302544
909790
527114
497784
767264
19264
242974
523669
914124
88174
586302
904746
832750
301117
448757
748399
600502
572999
530252
563474
379741
366807
680014
421047
275652
729534
702645
974560
42217
559554
204019
935912
134724
349174
63582
186922
33924
565541
192312
144639
581729
368104
190426
947043
246366
455063
333053
398521
860957
423836
247717
225125
684254
941731
2347
698135
668054
796270
755173
423720
825832
686404
996980
651548
680642
632713
247529
675720
608087
460713
416980
477581
196340
890350
548395
686850
820609
288626
396116
271984
73367
843566
162320
795254
337144
955824
481667
947917
989167
591787
519204
477670
349125
947688
176061
151472
710237
733275
286879
290421
616429
510352
857702
213604
458841
561796
224292
364393
515950
567761
846957
689016
843191
639681
457983
898985
797503
824323
140491
504894
520805
689850
824612
746496
203029
96819
454595
831366
561320
489519
457333
38615
773530
268831
910882
792359
488868
892782
482426
994494
865590
624824
449405
583350
98195
609304
698407
778403
153864
914142
185015
423885
855690
995872
341467
768280
76971
789351
413690
729157
728761
358539
688029
291473
527411
714457
296571
451131
426537
907248
235039
271395
953903
441003
7928
324878
894205
519480
650173
752582
319782
40903
429371
699742
288051
651487
242812
971412
777884
541514
571029
674063
900578
157361
864781
842567
384332
971138
216293
344963
272828
830029
15689
958590
882220
981806
451409
146915
375179
594405
243380
499960
861358
301634
495114
403223
601205
103547
535099
992790
705595
41632
107850
623752
699129
600549
43640
594525
899960
851102
607958
323044
965168
685578
360362
570865
849346
240006
158589
148826
923727
87907
248128
231899
133107
246609
233432
16985
386402
53562
830797
159172
493725
425451
806602
186133
418256
473837
800274
458743
333451
796978
625216
488706
789787
771947
312376
541346
915652
793270
652528
485014
694878
781109
604885
721300
758346
576186
955291
105995
497039
891678
115684
808064
427092
420721
392076
976410
400124
342219
202255
948345
418842
644929
730264
801216
512911
333620
916774
778867
898247
3843
634845
129276
562316
147104
503399
960776
999685
823936
531461
253454
197648
109228
729398
320816
475575
37429
886978
544314
440721
57604
269987
984199
544632
819855
462033
395778
783330
240424
93225
481418
204446
569392
938041
661999
644077
924456
566442
388441
630651
630184
104266
396553
480952
679464
307958
995255
718936
578235
789217
718361
867747
866332
511491
910533
756345
868001
334176
108845
868262
381644
210995
536138
541598
944833
170423
796244
109909
292305
363859
325037
540797
321972
800032
747869
850781
318742
684824
48760
904459
227272
459868
585692
98118
636375
76641
174551
814450
905274
506553
172581
78832
517156
944314
626326
16153
17210
893581
475726
633496
970655
966036
200679
260193
246954
53241
763761
600082
428473
975952
42649
911908
344671
234728
627303
384205
298873
952563
764705
75254
821214
422991
434765
45204
811060
895216
310548
978278
586143
557868
966402
191753
85781
344035
705514
504827
348301
833289
214759
293162
204950
237842
436989
122360
535684
262905
815901
974286
860293
229420
763911
361754
529489
386071
493130
681318
436800
496779
554023
451926
195445
741515
748884
861822
248248
292787
664604
935710
428130
548358
106723
873851
44401
924050
984967
955994
745660
101698
156579
625244
727040
858304
726829
788273
974040
68
806079
999290
733963
36670
970483
663295
221247
860316
822695
514186
396044
717304
353056
808094
782764
884578
449290
428823
534158
685765
904861
797407
162313
973112
222812
947722
437166
708451
139383
346127
534582
452812
521617
613412
18330
640957
679836
638389
860354
115540
778655
568896
562901
507367
535385
768976
977455
289617
293312
60499
902577
618014
728034
377306
823729
743951
233389
456366
351698
338570
153290
221065
253167
960033
27939
126520
943601
312829
843589
611531
826048
363366
381217
196981
280918
128050
847021
159175
411183
293449
968424
480516
342493
431697
473594
737952
288376
214714
477497
165082
654962
714663
951880
675507
107272
270647
156826
173257
967316
898864
201620
241365
395071
287944
304465
290621
810261
413199
579903
398295
151729
637052
785830
196412
407895
776914
629897
105924
592608
583022
411557
338339
412624
674672
456342
211615
424067
432644
945177
280301
401158
691980
999276
703208
292867
946923
927122
754605
617620
525681
195763
906965
430008
754654
424863
837136
833187
302805
782835
348634
819247
568671
38804
656669
324273
176088
532441
815523
341223
718010
310981
546998
565453
831107
817713
817815
380942
686022
313928
853975
714456
185996
759852
79252
535496
285924
555831
653523
778500
737870
116380
305463
19048
909440
895211
250780
566424
519315
86707
966035
572405
546637
58497
528506
44395
468363
114695
729462
600742
360651
190617
817552
211300
2260
553296
792361
756454
752386
957329
641243
693824
641394
108968
186286
997968
387718
514381
986356
977227
674133
728521
306242
23091
347250
412338
390283
463717
216599
718554
268686
893871
170662
791979
666430
3133
736706
580967
302996
165676
739026
871419
347545
338867
4027
942740
686249
842340
367967
552057
69964
581906
707200
916100
841892
351901
978876
912254
499902
717276
466358
308822
242186
304933
942933
724606
650600
984699
610662
636259
791320
185557
960797
894663
735444
332295
607161
641468
340602
64080
637893
125246
617184
240767
62138
378734
838540
680322
909506
149863
764668
684940
464727
149311
756959
394274
711114
727708
269671
864067
345696
116784
514550
856946
971799
738322
572341
574369
275718
293754
648324
774460
307490
513881
900107
570318
368093
382291
624815
455956
850984
977498
600865
490269
956185
354472
200720
964506
44968
502360
223422
879624
989012
316706
52720
863990
629539
820530
500671
152117
653254
236195
475212
520924
822810
425181
659473
92021
340683
180935
932818
793608
450451
321515
73778
187009
193697
200806
623585
279616
114196
14728
887667
896126
326246
982350
538572
297751
755238
581369
110648
736312
792605
385994
221079
589925
621906
406685
646261
36263
4330
42335
976312
204305
98471
242926
422898
593838
557521
667148
86743
863945
236018
330110
965256
458329
470906
649671
648014
489990
920131
710716
579234
571164
343983
661764
433512
287307
332398
717870
873852
101592
105948
586991
440357
388132
743111
644278
356263
336471
657934
331502
878645
801001
772644
764816
545922
498509
988724
613665
24376
393274
951711
158607
120706
229783
229793
664484
127364
367426
189841
906853
953706
673341
803655
15946
128478
960629
523800
506073
59987
10097
435836
144225
889599
143123
407889
646736
898533
727118
69816
238833
133008
445413
418077
546054
506972
328155
933525
654782
198957
280509
706144
415764
681539
759816
405005
812100
721766
116216
476221
551145
730235
138542
526335
590456
951993
370045
839067
844691
90421
324497
301162
614155
229529
12924
86946
554613
13939
4894
562800
143207
578729
437937
656894
825808
674315
871535
478356
460721
679169
643424
860762
536700
787683
384579
169276
663495
887976
121816
717222
390125
241013
635848
35951
66
758423
900594
75346
69232
339532
973971
239062
874930
642108
8337
89808
549229
741381
519908
530111
381926
151603
393506
307285
39716
65359
556965
251925
292835
457358
268059
453591
580146
831467
749033
265129
38186
185423
341948
424912
881611
529515
696047
745068
943796
129896
666194
299257
808127
437238
757085
924273
947767
749825
682609
34383
673782
711682
286855
160239
968672
45682
349687
19666
911286
452377
141031
183933
785751
38212
474062
269760
663193
776852
737252
851860
620928
941363
740456
403678
511129
570466
884301
564112
456566
129902
16514
721455
995527
550529
566365
951599
17296
670741
873315
449978
560012
607491
76406
195215
578206
184698
554908
44423
400560
777931
213864
968948
123371
502240
897415
143778
835153
672269
37865
685311
864826
530559
879753
69719
744361
156496
891099
48695
393098
827389
945425
305779
857482
668079
688907
640452
683795
319605
501529
251657
682211
511379
326317
121134
319304
292852
354402
996202
835834
839418
41763
862178
639892
611766
716473
630507
804528
1651
395637
705837
605087
134445
759222
357794
598466
588959
233304
418494
688201
303098
556282
753961
964101
508337
142633
85032
955051
212785
947886
442585
632231
922350
719664
837917
886554
179801
73800
93584
435058
55854
978528
447347
905317
754473
388550
360683
475338
520472
53075
430114
351060
93260
986482
559564
104811
61673
438479
270468
465833
942173
281438
521364
234670
218477
760965
822676
528992
860715
453287
489897
320130
687492
871182
311087
833840
713782
48948
915761
731764
534942
234670
295829
29000
628719
330358
328341
912169
410303
139475
23208
563029
139515
760807
84031
914145
27003
758805
779178
799352
45809
710413
854363
403700
50490
359797
547715
156370
929879
84021
425433
137686
798133
493983
448569
152314
239720
127354
175977
24916
411510
434602
58102
19651
217872
192509
817789
116757
545436
187668
110725
232633
236461
260268
221322
315611
477396
885768
223189
158498
590096
837181
717638
471426
920608
134937
114100
268158
976634
325553
747115
256766
672020
40902
150036
363144
408543
753171
390898
83230
274771
36598
820424
131700
340837
831288
661785
909005
653078
717371
629831
783537
917541
412223
180253
904845
74213
403793
371944
621031
114089
493584
652160
661051
618011
557533
151524
537463
886764
555102
44291
398992
282725
512815
687255
244287
206428
894375
555244
160284
245443
516290
116991
192341
59291
737520
598209
993739
451974
268409
398395
816137
925369
775051
624011
803041
540240
971106
300812
537893
701243
66258
691412
732991
812118
721076
749846
720814
653527
836267
550440
762141
669600
638930
893792
617698
9077
551747
533271
375056
493127
724038
240975
438265
116079
810965
554801
72963
643510
283081
111343
695013
831121
126434
882568
154239
459882
544247
356138
120660
842649
259256
662577
46437
890802
718109
87949
640682
684919
78766
890178
232879
386158
425965
578762
884362
207950
692131
703509
174005
38547
804806
846064
702476
399601
301508
408323
22628
504996
499630
651573
150213
881254
796228
477738
632838
491642
816025
743980
794308
845030
271203
960039
405822
755197
815969
243086
86224
451098
395881
332636
847242
672809
960141
376885
842989
145823
317545
316459
843009
454218
665676
469660
645590
124162
862721
239032
923669
32767
668281
822752
556417
903941
226838
199146
779536
337018
288214
44225
446880
588312
899930
548457
91672
301821
435602
145313
572572
86111
963784
404449
471532
671326
715269
693763
541850
935282
375267
778302
742758
841347
819313
878797
218935
423384
42876
34094
771576
677863
620032
38342
118029
925770
198827
21281
653873
334035
739978
606360
204910
688182
879251
641868
121719
675109
535757
152078
283109
175737
112416
460385
918604
125771
332533
288023
564602
987043
973833
820567
199500
853576
958484
485952
105644
477814
415760
811176
110890
199854
529704
224574
437622
529063
422718
748173
141048
135330
824729
787617
186444
898587
401770
521988
946141
321883
973625
284001
452765
429931
994609
410186
626846
791331
268036
701589
585808
65312
431420
302625
640983
175955
507232
887926
109448
818806
491711
20555
783489
472027
887003
943137
599522
861149
835253
292300
592812
510711
419506
479249
310772
288115
183527
289259
190467
451130
137798
242152
212237
4426
608228
630193
805837
701063
503398
971942
86777
407912
679560
382567
621735
185490
309257
19184
175548
87298
179574
840924
648652
871523
973138
613322
370900
86719
379743
776541
389391
256082
566220
404701
954168
585466
449851
82299
216861
114315
132782
821681
577309
693248
708557
650120
955390
175116
999382
632627
392877
665614
929377
638361
71635
304482
238607
367664
910992
495443
856847
538181
707862
898799
268876
997528
24037
403764
388791
675875
114846
852390
600364
204091
507655
491330
488579
600016
924250
468812
390902
631951
224650
433989
604650
480294
211603
572281
400156
923623
756988
191540
689065
449094
461548
233045
767481
551484
884582
735354
574666
192782
251939
200027
113877
472552
746315
842803
902750
674083
617551
810456
142941
162086
922278
96300
625412
457128
560289
611372
912429
5459
240109
655717
584610
222468
798053
606919
100104
739183
633170
895506
659752
805344
334144
917549
61915
989212
37757
686165
931154
969510
790193
174258
587008
684125
563413
192838
348900
801795
514513
362174
729270
280984
866870
642795
927981
581925
404245
961162
828971
201748
825274
92991
199686
196348
118984
356385
52468
743163
167410
626222
338066
511932
640340
718943
407697
299289
779180
371991
847550
651994
181816
219829
525484
600026
58220
134344
838463
620042
466000
623714
87704
714255
315444
783557
600472
300871
237201
549691
913427
422633
870462
408258
278995
102154
292107
603427
815494
256700
49662
162851
235013
723409
133863
618387
6209
754045
117858
384322
953932
634138
851113
934803
991553
497092
151891
100905
451730
477156
55149
823678
37164
3147
487924
101395
889481
92788
627052
176898
855377
183660
342175
500015
798382
930061
816757
104733
45739
942757
589805
963037
649095
181110
864758
666400
603420
193047
652076
557934
53415
364728
228530
220527
39924
338755
399208
922279
826407
738525
951561
644863
691176
917963
252388
683902
613036
399282
294645
611351
561117
794615
492320
541275
495398
191301
940681
723151
713820
794092
884754
603480
459596
171558
976690
638227
928797
785590
71150
767937
889186
378218
45751
658655
574783
258943
488225
224084
512756
433827
715643
735172
182475
708757
908367
960194
704410
236009
806839
539554
143926
201191
234906
802155
486772
550355
819330
618476
34461
312136
530715
454374
462637
321406
499211
151974
758408
124330
856616
503670
26106
868612
111066
247977
560041
5540
968783
655829
296538
755910
37716
856734
509724
348269
604055
255212
788308
34723
197302
916926
451494
158173
388739
82584
72446
886781
911895
264408
608056
207602
658447
875751
668082
341883
916968
965706
631403
143816
675635
369368
220504
672065
728245
777222
829379
959200
529949
938846
540576
515385
974050
819599
146350
496794
254649
724765
795014
857677
800112
577401
143684
492090
455530
64555
779791
542761
828983
431083
878278
165030
85583
630288
779912
277949
358188
486752
689824
254501
7041
603654
515340
694521
886554
529057
736424
579681
800337
41720
747196
958671
145642
790028
264223
461797
376588
547718
978118
791477
281373
53264
641644
105952
882488
205120
847072
30431
974349
384878
289254
872800
226326
526118
378315
194632
327858
976633
355017
950871
149600
416686
979474
716522
388313
674518
981052
874649
729865
661501
931402
628672
422892
446332
910035
801755
277314
639212
63762
719883
432430
431669
424393
291061
466929
403012
824914
129162
562749
122651
154691
143777
851321
438594
899965
473023
545361
216859
270930
428665
638390
719827
163344
221041
618745
224821
35374
43260
329983
215064
763858
924772
505762
256057
935421
296073
972453
195939
942164
294946
307729
715402
510988
315873
792688
385400
552816
200437
35877
840927
871954
441513
530918
438029
84812
325097
482072
547133
699953
575461
565830
814345
784790
878094
537341
127421
644726
150910
913670
438920
407814
793716
293184
21772
151958
111932
212506
605908
107296
952494
886763
235941
862513
357581
590126
206893
635633
1871
398813
83288
32977
195516
530344
934850
746127
749103
958738
74375
138857
165497
917737
110581
981020
791781
91744
532963
249687
268695
7370
868955
521409
150670
676469
45426
52452
981000
220001
802233
121588
955141
614812
246924
560000
430371
671227
513031
889972
107944
385015
932185
527944
60255
585633
969392
732105
323225
961539
576468
274114
448084
236053
578384
448903
506042
23769
414218
189917
209152
208851
944756
243145
38831
750888
335259
949108
895616
544275
777565
166455
452767
511102
537400
211849
119378
674243
839037
112962
584115
988350
517603
325195
459033
433102
504439
451621
743701
134441
495089
529490
753752
75033
164643
221283
969714
43671
966026
877407
783029
961026
646855
750221
952440
715004
785703
9311
235319
201250
971294
282875
335640
726309
801875
776423
60681
637002
962709
226320
609924
925690
362475
117878
297012
690054
229000
147768
692914
818172
906013
341431
513000
525663
575817
252970
55510
782597
967788
293822
291955
181970
875417
176871
765547
137484
5161
298568
252295
613084
247852
849403
354859
790240
238651
55357
537272
371823
128745
883449
370962
267882
163864
473391
482939
368379
691879
595905
609118
404653
321289
8858
759080
936168
675953
25723
7569
480967
888233
391012
79161
340056
841922
487067
374061
421807
806886
893020
349576
902439
824585
344541
607414
532023
507198
932156
464212
431532
765798
800263
549811
442632
893443
206184
723708
863287
355307
905899
86445
115306
426391
580718
441537
305747
648539
959844
612974
149435
673520
522117
188552
983427
970669
689750
359427
465845
760341
218320
193174
501318
889929
19504
784186
221418
717918
881754
747153
853076
171913
871978
520932
635977
679927
710553
935941
902944
518009
517833
613907
980376
498781
231918
57180
99157
364632
313624
888669
773497
493663
531297
996260
726811
638484
169455
674135
787047
269661
981862
446349
713682
381393
86317
868761
442552
803212
927964
699496
732563
478178
855871
456768
151834
792880
194249
979496
301364
22478
518745
564711
801239
493536
615905
641892
819138
869836
87545
482988
609619
103110
641471
515411
653381
649670
982120
413233
255370
927324
213928
802958
6913
59994
724922
244184
260436
380847
214668
777552
983601
750931
797899
157702
307683
623902
667334
324537
836108
945396
322689
171552
702145
899227
494681
536838
296130
318125
521870
308112
414741
436008
194034
32346
278526
361507
528685
513088
31388
983580
295850
417721
995042
508140
696994
467165
181809
533851
676547
712071
97935
688656
552380
540565
315399
663201
799144
36748
816157
746249
391060
831449
162347
925879
842671
899122
334492
304707
836557
674331
83588
918587
82072
275717
744219
778204
582291
989136
785173
691421
285004
739761
204767
760804
48670
755759
434231
396380
247072
42312
24616
55390
385390
130416
319649
429132
83794
973561
416369
565373
332750
378766
916194
80466
50504
807449
223855
119591
308498
821317
758243
681637
726998
951197
734351
678389
804059
153939
882599
238991
877622
785117
124345
564464
602447
558714
784971
156970
801166
315859
638289
179413
427043
460412
793032
426595
485488
302105
894834
276434
209427
737374
901870
27002
634131
36782
878003
829318
189926
46117
779113
766975
257628
808625
900324
463236
957676
570395
558397
283542
679770
844900
116175
371280
105473
740682
397515
807988
461250
844842
171129
45472
669385
884799
424780
690463
25529
435528
469280
679963
758516
219912
503186
726896
861832
934119
61884
726621
472121
42742
3595
119764
423975
935568
393279
477105
475356
926043
934463
658183
895028
525230
51287
58709
402665
717325
527823
453655
643834
232527
852841
300729
675576
922657
109814
277798
106989
16291
53333
364671
753641
351792
121097
713192
905002
692091
93174
704380
517543
915796
387960
190816
157689
371658
481696
903477
895527
34539
125324
690215
895180
505255
47906
729891
133031
92819
738601
416421
585471
8265
532676
717359
995185
229740
738379
132117
685144
64393
221895
888245
147479
588825
840586
938885
205701
851619
931817
707269
490870
256062
837784
948947
716706
383796
431776
204957
6773
588482
889663
680432
18162
881661
736988
313967
453957
924046
933413
848672
340451
705886
410119
633377
450784
680333
399625
188216
917773
261467
537670
478216
602699
286569
997765
833950
531697
370586
619830
36075
10837
147796
242828
165837
890491
339747
581297
613765
29400
236540
571242
518733
291009
125214
157321
1539
64117
974036
119241
883454
887427
133015
489993
877634
671385
648081
51048
341774
681323
47037
349241
477778
998588
732010
892771
822397
225996
451038
644120
311285
322079
635287
590384
344480
396965
514029
532321
388511
959499
133395
693149
330139
256733
13244
637833
879031
732374
170394
552725
881061
845894
654145
108220
308181
374750
313067
611098
448775
206555
428820
853797
686401
791373
991750
656969
670237
29443
450479
908516
659258
308501
881006
496091
918355
234894
228140
173271
761068
143924
948775
271136
814632
942708
190794
768980
243000
523631
880248
942595
161902
766619
945576
610538
806447
394071
743530
444811
389895
907216
278728
155493
988823
102729
751624
363093
675177
141642
183181
564297
536036
477351
441565
43357
135003
111531
189821
933524
122431
962658
924088
877492
337141
583168
109695
994814
420291
289073
682410
956168
424099
22718
331484
865337
699834
984984
840517
462817
707874
939269
935362
183282
646883
631716
187871
581919
760449
660318
593532
766800
998255
512107
688397
906943
153505
105086
395323
156722
155391
88399
331496
115605
41717
588547
312208
486259
551015
967545
445578
163409
639426
903923
367278
987367
132462
463839
246929
804156
317344
449
823340
608093
928395
59328
899547
138169
707766
429194
750849
948316
374121
625252
136968
437254
865537
851281
520326
72679
473251
517726
737467
992442
353037
949064
312631
90683
159432
773579
355672
112774
608442
123977
432497
37070
188055
469971
682119
211062
955640
182998
693237
31247
398468
719333
92335
317999
493322
794974
366947
360874
207601
824892
937979
301936
212615
244793
440383
257667
826165
771742
128088
427987
181907
521320
469296
201719
639256
61016
951796
307146
516202
770456
646395
63840
361300
622725
464704
83940
515670
97501
21003
526480
423573
852998
461039
831239
624947
300025
901036
837266
529529
354185
489140
360181
390065
222740
874315
600941
131409
704453
190855
58121
590801
755267
552823
945250
942366
815865
986272
81017
600167
754563
476707
718507
124884
960114
529210
589459
45142
726076
117089
618236
956505
923971
346705
879425
163351
247552
169895
678084
962182
492748
471972
481351
326961
345547
925518
622698
665445
451381
729587
420801
357889
694914
784141
340625
313457
48753
236481
988584
938228
848630
786562
576278
671384
470654
818194
478347
790344
529952
536489
320078
853052
551329
897326
684120
878542
728612
689506
341323
629293
376940
284508
384914
439722
161360
86703
10838
195632
988858
217383
492377
955089
197339
63410
673075
974971
230319
695196
413607
798537
30568
893811
651170
148661
412858
449545
372815
747372
507138
234712
235097
897850
995283
847872
615422
767844
148383
887083
366541
97557
800511
147921
385148
293488
745695
500055
416360
130436
570057
560915
924393
4701
62988
238059
314001
301943
956745
29019
869250
402894
789209
552788
967913
644369
448542
934978
120475
611509
23781
603750
966218
217125
494837
303778
507235
691670
995831
166804
439176
442937
485889
563865
431397
51530
2241
853107
947185
197510
590338
648325
62723
215993
125022
872699
591822
503861
607041
520134
327547
765278
723285
872325
585570
856163
223695
81151
888356
25287
878998
402573
3687
869405
776075
942485
909039
564818
77433
653873
215638
858916
348186
100461
385576
154481
417604
412975
775581
810282
186159
864434
435571
506150
129187
202858
159336
489171
54850
123916
955217
700423
17327
906022
975130
220469
958682
9769
107355
993146
546346
43911
553746
765271
716613
816887
593667
727354
261951
247190
668585
878517
380252
321639
651159
234896
472900
185787
470384
894073
572290
119084
382271
970074
219512
843523
589492
56067
701027
634105
365372
388230
117703
3291
363196
780642
990839
395590
766569
239767
258179
671634
331334
269209
591934
667788
952635
863583
85034
217307
98959
635866
134723
460227
65794
693891
337765
395656
240394
140493
993370
49322
19432
416826
10116
788815
21733
78346
324707
57343
949166
329485
720388
718921
637769
65690
96647
957954
541939
436376
5899
806125
602840
514169
861112
128246
544878
472327
456808
738777
255919
74774
547058
95520
657713
346010
487637
315465
830243
96273
698494
935493
78374
297696
908598
690141
424006
68348
351659
70256
406099
849343
976218
236119
474016
461787
888853
629417
127511
642282
411446
948762
498423
521187
708000
468990
584172
743657
384814
84780
672650
683325
710140
261245
485861
623188
590990
349300
363663
648260
207648
580791
115631
450712
870026
908476
777210
792706
809936
445119
45329
294320
54404
470639
823479
539703
176344
723049
710445
119596
657412
827163
293996
695122
800912
800715
365759
434413
129215
521840
253114
485557
862808
874878
601690
256486
827922
72447
81275
548276
830683
957085
248048
569628
434501
412284
270595
581974
757837
408772
395529
863719
406282
821948
644192
133650
657327
318290
105799
550446
992124
486263
88731
254483
105095
203687
817322
915694
577763
235590
7030
127412
691242
786214
161160
429491
692397
822245
302381
80900
921396
417587
524114
510301
926900
186098
356279
448771
178316
710006
165203
963484
243515
318891
808773
454819
296995
780950
279345
389108
324914
282740
264191
367815
308659
737726
730476
318969
415728
471502
226443
181382
872001
914716
369180
848340
846518
487841
904839
383656
69596
195932
397750
21051
843824
770098
121612
157287
262878
955888
977989
279484
215476
19757
173931
721904
48872
61771
266418
204978
97346
553948
960049
583007
913447
56224
111485
488910
58052
394348
735396
687750
519635
149863
274435
951631
122061
355311
736964
182757
369836
942553
814328
71497
81628
327892
66061
622131
918525
934830
673260
90338
667415
759985
232242
974867
359131
264230
855880
533264
937810
29881
623009
733407
470117
988028
165775
540956
414535
912070
846979
940705
863939
76340
692895
761569
210909
644815
390778
973716
771240
609422
576239
320460
128612
14130
677794
713127
699985
769359
657361
312413
745492
851627
165394
901945
709
760511
458286
798885
422867
273754
493978
152413
628885
110565
338318
142662
717742
252481
25157
516632
368283
882701
539279
431413
167068
356803
466710
959902
385852
227714
560299
874619
406143
334118
309004
128087
341032
219923
246965
646127
287844
507473
606303
37215
618326
491153
636313
315453
167808
728142
941378
635137
617226
233359
442209
274273
931826
620937
694753
483132
249553
121441
229164
831788
441670
105934
976930
540862
382465
658205
927350
107902
768110
752270
18917
128747
579771
900316
731412
370825
222920
267610
455238
36566
17835
244729
464951
99092
790044
703718
342231
277509
158852
201104
428902
437429
637149
894983
958696
164785
431621
122560
781830
141909
716453
588789
998593
488835
132024
65769
714451
913200
989691
622601
320036
459416
933104
696174
453221
111378
283406
116799
640973
970302
827464
711668
776686
768794
601976
507829
738355
553972
430952
46688
400120
358778
693629
41962
564550
420589
585153
257181
452330
591668
388683
41151
47920
316109
453069
940691
152833
726558
478522
295161
780630
629994
108690
692976
761560
427999
451339
486780
68118
199115
839261
679395
322914
860463
298027
115153
470281
258988
532233
858843
621996
668186
325486
207648
429439
652472
534711
532556
309150
74941
485845
341046
153991
72397
291477
63849
2744
380039
800779
833728
29350
769275
175578
346730
807127
69241
632865
891918
144349
562564
798085
433352
788591
397350
882263
604176
378661
689053
414498
428604
955280
943027
117844
886300
908915
791595
199238
231619
324898
375191
495530
91621
871798
159239
510352
191388
363370
158300
587349
300037
357782
349882
545320
763399
236869
992283
565946
100403
394741
711873
649858
217543
728938
161540
454058
709901
104687
584585
742041
1633
104746
442899
652958
681999
340187
822643
685430
65754
996785
342107
640890
312346
170569
351569
351848
613501
395844
532927
387596
833966
349059
414182
531402
275730
378049
331699
545419
957551
593230
186282
853314
77607
303844
35455
858010
829091
164584
877956
612158
549387
638334
931899
546692
358897
768265
725389
412982
371725
434942
362324
932991
770339
19620
169427
993263
820161
647850
998213
287083
730916
439332
663634
945332
280186
419876
661406
220818
739971
619889
212796
585692
571089
312167
152833
22055
241326
545002
303218
35145
313244
420680
359903
68169
134967
820203
787913
508645
214967
36599
774974
168894
115410
843718
787398
618404
356350
91389
234166
620026
658708
830859
132193
808262
573648
944382
308014
350743
644085
913089
752005
613907
907405
742966
768163
283356
8526
793132
655630
516191
397145
318333
655842
259769
290203
245383
163017
339781
121494
490245
393993
710150
503610
466377
5175
444974
348589
489624
122441
893961
147882
620642
913801
158345
648517
650972
961766
286318
761741
345852
291365
668050
72138
417872
637876
651470
847845
672060
371871
703308
61543
47374
545180
245483
535066
826431
167872
339528
995339
666377
433812
127856
519857
632287
379907
685278
930152
378766
220970
488818
718742
185710
416786
706865
290286
700036
235322
554547
359635
720888
806220
233645
784084
868141
317554
553563
351766
801986
661442
680714
452303
493733
161365
556927
342446
517903
858549
486856
992217
445920
349364
906013
78222
96663
895770
778929
982443
963949
404150
853659
117897
721807
128981
32860
962242
997367
874001
390604
852115
96742
161088
525030
570589
404160
490766
572204
853574
18883
776677
588152
362492
645989
426760
883553
128538
816074
637631
147334
458211
400607
422765
445882
58602
80214
296381
938892
192980
890302
446075
430129
425910
452605
419775
655632
988568
706797
435139
283434
838107
893521
544470
496357
469046
660915
373674
786676
720604
302491
402311
439396
510522
222830
601506
776772
442652
285984
787209
460978
766383
216919
911861
68158
307425
653406
837634
715646
836517
175810
95802
296046
599826
234253
799245
270785
67243
781532
134621
484296
452985
70815
151222
424894
384725
840237
948315
388334
135746
716226
296827
808705
283958
355798
987459
57832
446201
466906
964301
808610
372903
923857
266421
429418
984656
384137
534092
400833
452094
286710
156646
762387
180182
951145
103822
132360
255895
124850
695898
181098
712320
326415
866713
50862
351438
254031
460712
682593
702755
299655
708708
889648
385346
818864
704185
314516
759
325212
402137
390296
66964
59411
486665
146824
749461
947726
52437
77944
668773
803471
785060
426478
190778
396891
700774
596845
989787
493077
620330
471391
431169
986361
481803
525662
39579
865777
358858
514591
522604
698775
840120
698683
250448
181512
229450
459291
60892
939809
768335
832320
616738
326233
725885
303917
978324
651387
64359
95281
186112
138878
629131
903380
517433
63170
14023
446238
9430
810
687084
590654
526484
846608
818539
487006
379607
380009
75372
527937
806861
482615
182398
732885
289075
960037
833320
992091
479794
234690
870046
269679
162785
379677
641744
72886
706542
855353
622044
12644
473046
916077
408227
42856
991761
386011
58296
7988
314892
353866
188789
467564
534798
581027
624360
868586
169852
841797
938731
833964
563256
709509
829777
622235
237411
431749
382780
991032
901699
499823
150284
542949
586368
264015
927218
262030
235465
871179
710370
546034
45204
115775
617127
49170
389378
367161
934736
726388
288736
674830
926792
88596
460682
461527
744707
107368
433706
167435
953109
167759
850398
683962
328989
424405
110264
343140
100830
357157
494366
537460
534702
805388
732754
51036
675079
900645
308748
946894
86266
692135
758019
548564
264708
207751
623500
25548
910457
673419
199577
141892
31197
961325
573666
450094
872466
114664
63968
359808
285419
992994
973110
935722
156574
429813
572523
507701
300440
51547
253074
535797
30891
82230
428875
237866
807715
797370
660386
787129
241846
708664
876116
211330
466073
240903
476530
199902
961199
479313
146655
360630
48220
685367
427251
362179
658680
519522
208130
751005
254240
890792
305335
182274
899622
578774
997337
658406
629608
940320
968304
219761
767742
486306
659329
615386
552781
620434
5428
150046
947768
501893
87191
35228
872695
394074
506683
178320
446912
632455
354748
736490
554145
501118
615134
558090
584559
293627
66003
899739
776728
818477
92954
915785
623381
899326
58049
134624
862972
234497
954123
602178
446642
330231
729324
26117
429310
286014
921393
697383
255608
495383
749500
476334
555936
341074
436781
41761
288267
105112
688157
381724
203575
696085
331524
734612
281984
194304
66618
712168
725292
438280
61851
664159
164128
146205
659523
625284
258614
665111
982072
157147
459238
970439
341607
511807
268257
434585
559431
549209
69756
140002
998426
941503
958921
653388
901330
97511
218434
27803
513616
150470
711839
114971
965639
171209
144903
437224
988479
559663
183266
203290
348598
259265
203405
411339
875425
593391
478951
711814
962320
10121
710664
109901
580591
690966
939090
230599
514280
46868
943071
587140
92646
821261
290778
874542
59317
738131
209642
58447
158917
548824
485192
207417
284174
696812
129713
144214
131469
467027
853047
439372
182188
755074
159795
694796
183551
353846
309973
822136
935467
935666
951196
1007
503777
352531
517728
859958
870216
815249
743820
213060
456121
533332
458858
670954
568292
379184
18071
952605
142095
351679
620309
448993
69311
548378
265151
879124
10927
726132
594327
883093
914877
234258
395516
618255
407844
394091
860599
26534
531876
38936
873844
190588
577470
675319
49805
557792
784539
932642
22850
621652
967053
973959
70917
259321
673965
720996
18930
302297
842466
197858
427804
951377
717699
647242
354179
903577
778836
360168
63201
348849
552429
4091
863523
88682
839289
447957
32821
158223
45209
94422
277430
453742
541800
875839
640715
545222
972442
923381
769871
430926
376253
332821
496616
645600
380578
314926
756341
488768
298069
701535
207715
180685
515463
265806
283423
194819
893645
562562
693606
775211
378177
931550
158008
457824
536646
763067
386346
565630
821610
135008
301403
941736
820964
124129
464063
184310
697276
194065
870615
840890
531978
285477
201473
993453
625622
959206
178539
449595
729631
82706
533731
966440
1527
142544
399434
379357
288651
28559
984552
840787
236673
842874
360793
409819
610810
725913
340324
462727
930294
137671
451052
765881
151703
76364
44351
202246
186686
34006
812619
53574
602834
597977
60849
600314
5727
961792
288562
469338
744346
512718
154055
886139
315715
672918
184909
978650
17699
344531
677596
912456
572021
219493
544120
234737
452641
153001
487776
919434
924387
976435
378116
508567
667530
395435
536788
49494
243677
663169
324084
126667
475224
660750
536203
646569
101908
412424
862523
80730
369732
671330
724843
75307
995355
528638
338751
823127
366732
928464
507049
312239
307113
342096
962649
31394
216941
494491
810896
67567
46549
953767
953874
246884
253096
727585
612666
987281
478040
197925
209575
139982
552449
442201
989652
574566
702926
954151
161030
859103
938235
641301
165278
887847
31476
259842
899342
336669
495389
195839
111273
352312
925483
64967
615314
346136
600111
183580
500118
885031
96819
28672
62742
612204
214525
538702
145245
931180
302256
308915
675472
667901
579666
245451
192515
317096
152937
681180
210152
628538
118526
624617
986658
406568
419203
348084
16632
104092
480400
586068
814692
676000
310793
863854
987851
138086
805276
666899
409992
613873
177639
443510
616481
492132
372982
277192
87323
218405
930346
18930
694698
608622
196277
107758
140800
405808
829377
952899
270278
485859
450032
11419
348008
520367
72638
659842
922955
132400
120387
675901
304794
483242
855254
248453
628286
156233
249035
382431
900844
545682
668380
211289
497624
725612
318565
258146
901127
977797
814473
945351
522050
864610
432243
527814
427430
374471
998583
958481
301656
354943
908374
388704
784855
953417
581344
130035
831274
242783
597812
304675
961528
387428
339299
593380
772406
892009
54451
631322
612602
407196
289599
187988
144815
272269
434620
490153
506146
826846
656918
415405
562040
368583
338104
654480
847426
678532
626347
858196
431401
45787
240598
304426
380484
337101
686243
161511
372745
828057
52419
252520
214943
883047
603079
12415
395281
36440
440623
842968
437471
180199
732224
813997
103151
658940
559758
716961
448545
276877
187610
371645
441535
748401
931028
235462
464787
274691
171265
226679
124051
36335
719479
298016
195960
556764
149830
203547
53613
127158
210353
114662
978978
142551
898330
601122
176127
510353
708603
487
928438
96218
214288
536770
576689
985173
152659
568908
911403
784953
339487
780904
736987
919904
214006
966936
113802
610286
196062
292221
107846
340828
222950
583273
595311
182560
403462
908514
288302
510779
289636
212150
778630
213022
569203
282038
293890
439418
929078
976080
327310
503203
995299
514445
72162
334880
624930
540067
756953
330961
591732
159608
839392
292093
691761
551796
810953
912247
44009
63233
862079
460141
750316
665378
237844
211213
341798
202541
842423
276052
28642
375462
210113
450613
958191
898682
726766
966434
308064
694549
160552
451321
276076
400928
600511
144782
910454
827738
443446
264721
236008
518354
537591
809500
885112
148542
40294
874716
981709
990971
40466
962393
567290
571170
124040
911523
369000
887171
939650
590171
761619
554625
260477
175451
703595
550026
829352
85379
482586
214129
451960
117537
507941
436265
730136
20028
231916
400544
247486
143165
805451
567669
160217
120635
71395
322840
303718
332962
804723
198717
752930
607870
626143
834749
599962
888490
415955
579593
756958
731791
784001
884619
535508
743771
156678
594075
798696
387392
496491
615066
748769
817894
716166
226415
375887
604783
873281
105116
584161
668068
911026
833084
590163
534017
354474
365915
445060
520025
632458
164146
548069
219239
661518
90173
477325
643315
226605
327163
952874
916766
1497
100865
492563
792714
583905
610108
418297
707368
64886
618689
660411
323487
712523
554258
509272
756694
358933
99888
599806
721438
502770
865816
486722
25215
593382
331611
624425
332702
717312
572829
319971
597831
418267
454378
255511
322397
289920
800304
759641
41563
751401
154461
738809
452550
506145
573654
421109
151153
926663
594768
532110
599020
378224
435727
497528
765898
438828
412793
211434
900686
49057
723158
685078
697714
301140
888359
142323
365011
111367
105823
37557
102140
281276
160194
870750
466893
46743
913433
917358
614919
579489
429391
264758
228343
647273
619948
457035
84477
649413
861547
721493
38713
789494
127033
973063
2961
741033
589197
754345
60064
57434
514271
9360
469118
390676
562182
906992
344808
119571
642737
645832
873804
718282
99073
126203
822516
687615
597378
160895
896460
167572
812997
189550
418897
736290
950427
338170
14041
370622
197552
958014
666041
742109
777217
614767
141206
742548
969275
970929
158027
568503
55666
295110
111348
130083
389242
586593
616277
382488
373158
81113
21227
688830
678875
993657
932428
97480
169487
479156
252413
488758
284964
805685
666448
77556
321819
248661
642744
412832
501110
585126
297131
645737
689455
512108
98098
943251
99598
666156
371280
655511
804011
909916
908941
225702
828288
39609
340894
609486
372842
725560
291186
987446
600956
154452
367963
85891
632576
658694
613271
320349
531403
865875
144315
719116
637244
43455
529851
314556
926033
748959
277080
733215
611813
279244
335462
355377
570826
48051
271673
752855
794815
571530
512812
528865
668942
437341
150733
982511
524933
274950
752360
440303
55438
240187
248558
562564
864557
326146
702210
47938
562262
616191
211681
295318
29097
815918
258027
383555
667467
169515
658962
389319
59746
660654
688478
361436
185324
67093
661722
828762
339965
491482
279775
223097
488979
459748
948154
709812
722263
138489
204797
43338
475571
303056
594015
803615
916426
823364
540816
290175
529369
636517
496158
529282
157224
316457
121021
967690
767404
959616
725622
652393
678076
700037
685487
535136
58670
908368
240915
38402
946894
929256
755549
644472
378
626134
14214
914845
995357
364436
423049
878729
42566
390757
484816
971563
742884
778622
609533
383888
86240
304482
682454
359360
857559
824715
929613
903047
172915
788164
192939
998737
20965
10900
21977
783983
975105
214228
455819
974070
36917
905378
758857
321926
596903
649262
609435
589928
572011
115697
173713
769681
766558
389694
926380
825987
493921
92465
644781
959763
867893
697348
954807
328133
340784
496384
262371
27539
213210
497104
393889
461197
263783
426288
97797
459994
675472
929285
59765
557276
742352
876231
403694
231282
606200
157145
420270
717079
451247
304506
108546
834279
619594
406867
669164
155202
744260
230896
274096
964361
681050
328524
288827
230598
158918
609092
53489
397224
680981
77550
464466
118507
135143
350979
569608
861974
275203
877751
764303
968030
103636
892650
701889
4904
976260
708534
985725
40172
9716
238248
743603
431285
280981
567180
119631
122116
906150
295778
865728
334805
838986
241901
701220
268345
148997
573545
36498
970722
589139
975516
436547
25597
713957
894789
850333
547130
844281
298481
984030
176615
583892
292973
903521
148666
955743
193814
280144
267053
818972
285772
348839
898116
756291
298245
338337
174058
631997
481150
242753
142585
909244
520331
38526
170905
89973
264336
673164
361343
110843
797512
638211
856151
280953
974402
107822
673469
496204
451628
31091
412708
401275
338184
582554
922329
187028
252603
169147
888674
557604
297476
114696
389120
149522
869706
32884
248276
776024
131534
795135
697054
50847
937599
369376
480096
759734
428204
648654
215137
408752
653716
700650
876493
912663
349657
956428
412346
355792
680211
992360
678277
415117
42945
462941
712347
230760
946523
714970
829140
554787
300611
349933
206009
972473
689049
943786
637862
455648
511789
7604
768651
231326
686736
55275
551308
983941
351555
858674
477384
972109
976209
321691
803319
442060
267065
847602
242349
370452
763843
127459
814459
517289
796915
80712
906292
679709
37467
40403
993933
807178
647179
479444
757534
327340
992292
419048
926021
318936
264523
783935
792746
481821
225145
21320
463068
989366
973614
392571
173978
107048
422213
78082
635759
926654
100835
665093
479092
108127
963017
713297
208889
904329
574090
1380
797823
546476
179158
381527
288028
381093
923316
150888
683393
199125
463822
674403
30552
630366
702502
199469
440711
323642
452135
231213
633042
101047
915350
686296
58205
908435
840551
876247
505486
882608
392236
550998
37393
559604
884264
868587
457269
715455
179138
55137
152948
453514
432149
589985
483344
147865
353508
547132
122200
424220
178091
786199
645770
704808
718480
214260
999378
39756
525689
329369
334193
386131
405751
651615
714361
315286
591583
670936
55156
804475
501178
19358
18149
35598
717330
379445
772006
519738
68589
207132
39920
960291
329622
131445
911545
411619
685846
647374
364408
925152
541634
324299
363652
227207
707758
413618
643674
301223
568959
917395
886717
395692
655646
809554
635896
527030
549577
138642
704511
913429
986883
159296
668276
122660
223020
281465
497989
590335
528939
131481
97650
165922
272071
507873
276268
435167
312341
879428
504537
574459
148364
522190
955764
10406
655092
444786
55890
190934
827645
977582
350079
195327
509228
357853
652039
389233
673712
60761
525969
846477
187155
657738
400933
654629
934668
986128
117645
763311
248689
642825
605082
204070
705865
511615
429758
891518
14144
429617
249494
452098
344947
312380
475339
318219
369963
864870
221006
750559
511976
652423
154944
971939
886482
352213
88308
312318
815380
864906
869388
454284
235333
386356
800704
391420
148539
906457
270397
583303
210116
343556
58537
650253
696431
184625
950853
419854
349061
583376
178284
25985
247574
57081
581688
462933
568301
411629
466244
289857
512293
779973
26699
881802
94549
791226
955055
323025
323110
352976
461078
983062
868294
718623
376943
866765
33205
375743
222674
603355
595325
841423
236742
241197
952191
720354
480988
766261
717543
230856
448376
826179
407553
936436
13808
712444
419813
234447
201868
570169
545998
440472
671149
573758
315593
175797
634059
311829
916169
901595
237911
559558
302487
510423
961791
612726
192678
521591
910672
93850
560965
562071
326517
825366
436269
654027
924317
649462
597882
342118
487803
515463
734967
251045
713255
579475
662674
365948
739746
112120
821166
949242
500726
805796
447319
203355
193148
110191
763857
160042
142263
645461
533961
94609
161758
835919
377837
454399
877367
860172
182039
977140
628703
97233
818788
14188
888422
720106
901603
653285
520471
397323
135593
128527
451541
799305
200770
131152
327648
109166
923074
771505
505015
203452
346425
353896
380888
748865
280708
105218
920739
952659
456448
919533
548764
678953
461082
542623
477071
52374
499266
701415
297038
401571
61246
649486
558422
667079
630043
398697
211856
589061
875262
909694
508403
201123
186328
119185
640070
185474
409592
657226
164227
119711
482490
562948
408
687461
127581
805684
313991
795628
973619
154740
436973
831058
394161
847275
248031
777652
491942
311835
928432
3402
341513
790791
723279
712156
907883
193087
115853
349093
842443
85257
558077
897475
238088
852846
630580
408919
787697
734878
960176
276671
932984
836928
950421
311981
21382
116571
548754
962020
702696
960474
192291
80655
410854
451775
228911
848254
102708
75431
259665
370365
622594
824117
156404
993235
304430
626398
782487
553556
57625
683345
344176
441123
229015
561089
191532
6536
582144
193488
991637
576490
127971
172441
58765
428265
893787
139226
949495
659610
24761
119741
979637
247392
593376
359361
287307
244259
711088
775818
356322
429104
428699
150209
680169
738541
990931
293481
570646
792887
878692
879680
321611
181978
369502
481805
692499
452780
377258
546508
425739
796422
881917
979572
155101
246560
140715
778338
560808
743880
66899
748003
340028
530175
519033
28003
692033
417456
708017
92461
757495
809422
516918
15837
401111
614281
904602
951594
226329
181292
559384
863178
606735
287702
948613
119233
676526
832914
749029
506954
332525
549590
659930
449376
333638
507413
377719
827561
212250
899841
258803
851904
542385
334049
165817
60893
473055
605386
771357
174499
386562
817213
474920
189127
44199
662877
725012
98008
850828
192011
432403
745070
939776
394848
712393
421619
325415
716102
681499
778825
570458
663603
86623
303511
155691
674947
242995
306164
583494
377521
573993
546222
273650
681010
680352
695542
525239
929071
721006
853356
234010
601437
979065
669379
458820
277242
506533
488017
912513
660901
729255
392758
291427
400731
191033
856294
598151
265546
55462
113428
330927
239187
550277
684092
40079
48801
846082
634253
721955
152801
319447
855730
378237
106397
587483
14780
783581
403192
345329
572590
806136
372872
165473
546340
713499
774667
134787
113184
207465
418120
333783
533234
906112
88516
410034
151044
141882
179677
693779
708351
697807
799238
395028
196958
38936
881439
734012
259725
545646
845488
769713
22525
264881
813442
919754
283399
752933
296730
808195
388346
6774
699859
483146
718211
778652
598486
817462
324856
905625
306297
857175
644033
979872
577778
946984
66595
198224
347190
981217
641002
101021
368051
643305
266931
812560
694310
685993
432851
268580
252697
267516
705383
773074
418493
417090
331066
288551
662304
95508
89100
250768
395978
702482
770885
422456
208698
323927
678198
195528
300280
664910
903303
129229
832727
460958
684547
884216
258889
741505
262909
408958
35870
428850
861661
149152
442971
755333
747594
917253
971571
541328
120310
309250
809637
974151
188929
251068
598001
175078
583562
27365
889464
743879
845529
397282
609775
655635
4002
756621
28735
567445
403639
108694
308285
614058
653390
697476
806657
186005
607209
849178
83557
29231
94952
36948
149468
432955
976807
315984
547820
993624
887829
303370
350217
208207
503763
201408
315664
900172
945732
439668
544221
260138
452663
730896
855817
559719
872494
63011
358147
963063
936459
761802
908682
708340
845462
336810
135300
770354
986733
428057
129726
739313
368905
469596
36481
166635
843560
875531
972813
54542
232924
754129
455733
96516
300144
48208
885910
507053
627762
241505
325429
280686
391138
938936
203444
955043
17845
75750
153329
96944
745990
649401
306172
602229
595866
557246
661810
328992
343630
526567
431226
206108
942240
501127
223580
152102
104214
566009
19193
754881
503182
727777
18859
201088
104100
96202
679801
936512
260089
227695
219063
158136
912486
19157
763896
911209
788157
682325
419441
945647
670584
738360
728428
642810
256257
236219
652069
778774
469341
249713
141957
711781
327990
900296
807224
459311
749763
13347
825645
10768
297686
361319
292522
574864
640642
685074
282889
183440
320934
717893
697299
782303
408603
182306
809399
468396
6646
167888
450534
880342
373242
463387
17935
927647
12829
769401
650866
821440
116213
846056
603363
25238
474559
221234
360477
524090
828364
535570
415425
187886
422153
168177
835434
846130
167593
614857
119405
797751
102705
595243
726642
917099
133215
279771
728233
657139
866808
994521
809772
287095
926701
891771
212335
164438
893673
170229
870950
568251
143546
237627
282420
829767
384985
51773
314891
598190
295320
167249
975076
979806
234279
535535
990300
740889
833602
616085
1386
918883
915259
617867
690489
427095
234143
838785
245862
179797
892232
241300
65560
316950
284479
873263
581750
885344
200907
215630
570761
720980
33434
120222
971888
851493
623563
472641
959034
675491
629142
773933
593572
955765
443673
746996
286254
16358
934207
502046
977436
972374
567503
116146
533318
492305
699663
720212
197532
688572
93650
43656
236666
117547
277477
585428
522724
601040
822354
66436
586526
845775
509455
608775
271531
936237
313415
404791
952160
285606
916802
271158
943331
303005
251699
517236
727685
891950
508830
892812
119482
86303
408420
563406
497073
851254
649964
24664
47316
178660
656304
695709
245470
882975
70241
234311
427411
827789
52664
713849
511905
17372
950618
267117
818065
724526
4775
238909
705066
821106
850656
28989
897826
345358
49138
12805
354689
284408
373667
94028
743701
283876
312728
831151
682636
329688
131137
421842
1969
27803
268193
862749
379462
679051
460797
793000
808186
608718
990881
977585
761159
807841
882633
222986
375594
942604
623795
870352
587456
222966
294463
554837
912442
351188
411903
339999
128253
839229
392993
920074
235929
879130
348726
955784
463267
982009
719518
591497
149616
9792
905426
833717
870513
369150
854798
749462
538214
627037
719577
149139
457088
809140
253426
862295
575448
694137
254617
71697
112197
140116
909111
986260
827805
714126
423722
997406
52620
994088
446065
265589
443466
557192
383921
612845
23932
511182
704802
353479
607785
979334
886105
768820
787095
707510
222962
369975
967681
65942
733081
342504
48952
376671
210358
870484
625556
848828
613747
825538
35668
31005
656298
120529
611737
119531
814256
765692
238268
312982
726841
848192
221959
210697
781158
805844
243287
784319
563250
146647
937932
476655
156468
766536
463978
534883
80721
511278
953615
170983
85314
728664
66897
813724
150526
38143
240563
177708
712516
192775
660292
277079
892743
827492
406549
40940
410037
109082
820245
14868
722598
507036
608011
877833
870622
887638
21550
407908
117567
151687
990116
96467
397326
913669
131606
208489
505503
870564
961580
805647
953184
589938
212138
181848
83392
653657
83686
652339
592826
375464
308261
171513
509058
122219
6418
71014
374154
870262
95898
548709
876913
715713
517862
184964
102921
304621
412726
814599
835651
931685
351639
876568
660985
789215
847169
217052
70424
625346
406415
853536
74345
172770
770011
99506
838650
229478
25845
76
999789
729547
758272
278700
803420
556161
85226
542271
675624
996083
201798
265659
156509
779108
772552
974988
859011
542517
347420
686566
375556
773443
145187
286521
280245
324333
997707
511811
473090
134387
740681
332799
353723
202170
274614
748923
843509
930156
311876
12679
690910
684540
563227
84233
321185
290055
212820
436142
745778
784278
313232
961595
912886
484416
384438
810945
297554
724524
594441
437167
234127
132468
81058
328193
156711
319910
502798
475479
130607
42276
55366
994464
815712
270699
9991
511605
108099
544112
618446
705602
408441
951398
596338
968351
992484
267869
722013
513277
886902
679684
3304
219835
370900
821199
899603
542104
810470
911411
316830
960195
98814
553742
467846
143567
602402
276389
514399
276482
12536
803717
774794
597388
452365
167690
408788
893525
525185
639038
295019
213423
333651
450905
62590
139883
691333
766182
394736
851271
529323
388423
414264
301893
472470
273679
684696
765783
476247
563149
948535
822454
575026
981352
546717
650257
197665
34662
973451
104098
235841
890759
955701
374173
265309
969422
574173
617859
461014
590367
377613
250259
99052
41987
150577
343839
847659
414537
985038
384572
658164
447176
794339
88851
831783
171775
251483
768020
824810
286813
301291
605067
45081
816860
561166
795531
373258
753863
463387
490950
582459
482845
411967
515902
684635
910542
724061
877206
502449
349730
616895
775362
731885
337977
545015
135901
47241
121901
422678
859930
890972
504211
542920
711506
779643
972193
994891
679163
969932
934697
337610
906233
992808
516227
379354
579214
232492
870538
551184
798958
380829
33532
61500
397486
146421
67717
114439
323290
372430
733013
641508
379557
508010
304045
819766
356667
796509
753274
883838
706675
581144
996888
218111
801760
825554
867255
302833
862919
85140
266267
279901
423850
854434
923197
962267
456131
813889
97103
519654
882060
785449
696861
759065
380091
793097
40399
374793
130764
288434
466507
851134
291766
373857
662455
670606
972031
790700
525852
112408
293739
543175
631398
542490
718160
429043
628744
943856
460037
675333
862908
153130
39929
88591
418792
735048
402719
13677
819484
490260
308615
601389
445944
758684
878920
971932
491243
978251
204954
966121
776598
250660
665856
574265
80526
477146
105762
104966
352384
226702
82169
976372
649199
131877
572643
89458
140186
802053
848726
456009
768377
306797
738801
102597
511461
191022
965038
303548
72535
909578
584948
611135
586888
154728
358985
280157
661624
374640
810405
322447
219147
517193
326817
798275
534797
530668
294286
838728
27798
344421
831843
504402
553801
958566
688974
158571
411062
59912
683947
705783
483936
914399
253074
907618
480088
94840
309515
150952
607432
93746
639517
724480
495244
176950
385219
429670
315386
881428
39040
51907
749826
4539
350794
509436
990897
27989
519969
212820
734416
31933
499395
511807
308393
914654
464120
403204
151849
856489
787208
724557
835169
601714
500429
86414
886950
314920
248547
542736
985497
236591
163643
169497
567937
536412
556559
285114
130964
381964
348784
744629
745109
364257
42683
156872
434839
555930
969898
251226
87775
877262
104838
131521
312487
414341
194618
317678
54271
995059
140227
46518
875022
564050
861444
535741
948727
919387
241719
460417
792023
713184
540349
105472
167786
275977
156886
439880
966029
21225
764907
570969
506014
63804
420808
430584
933375
932159
977064
408275
525242
432236
542121
391884
665727
960785
677023
666724
723848
186444
555332
878021
117405
626469
122765
138411
992115
145864
373144
983600
779184
854429
707265
284532
301194
743302
56467
280550
31373
356084
909979
767537
792315
885478
621785
971845
578637
877952
217936
218816
187800
996292
809085
912825
93515
332079
711204
60649
133525
180274
208005
432247
259235
313356
371182
943199
600711
196992
488170
533694
435444
466488
465303
507644
940198
826870
835349
522582
23198
681011
583386
13766
842507
952726
541667
321298
513860
851346
126341
710831
594418
972892
409186
553359
848395
732488
905526
95822
133049
746431
304977
165492
712217
367263
503327
250216
939423
520367
833379
587122
351894
155901
88131
313195
948741
667799
772540
494276
516717
960098
619573
673967
547568
83674
55090
855021
473996
898918
574879
163061
44932
683415
226636
929662
16287
289533
369272
263209
340553
359910
960582
496078
109336
284852
539789
535266
306090
23194
866763
822338
20010
480883
890873
91230
952689
895166
439225
558341
472521
470714
757611
239176
465100
458330
218016
545742
447019
713190
980454
153588
732234
904878
738370
411038
935881
648106
909500
835231
421534
306227
203668
333825
697118
443800
33554
929137
480730
102494
488251
987146
875558
924824
208224
46844
196789
875678
147472
128345
144224
548077
416941
373948
148933
936475
908572
819606
802188
931765
621398
95446
710341
864183
907548
478132
333549
14375
918855
933595
585808
382606
866813
345649
159240
965652
711296
688708
476963
64375
541664
985426
890339
698408
600913
833973
144414
531586
296471
740265
29126
126951
71901
164795
732739
731385
349478
796113
339004
871794
892954
43344
270389
213537
132354
429677
904659
528578
32399
166420
995066
259000
851605
756334
869719
203177
479509
776787
298554
288374
431223
797132
154970
867797
833238
769219
946557
258254
292918
121289
91247
772430
44625
939204
579887
3755
158478
758579
340010
309557
326035
147360
913119
682869
749745
467937
65249
661701
230974
276490
37051
471244
887489
906418
38893
362644
184901
926368
946581
778505
261392
668179
337257
47376
170862
150827
790497
175297
895718
673399
375473
209795
127950
949788
661684
980419
618170
283358
615844
849616
6992
590
270022
823894
868087
930897
811747
78518
747566
580424
219888
212926
889
233185
491599
448778
280437
750202
810094
106038
662477
659501
970766
404606
549765
357436
769886
267765
969716
299610
523845
5535
665615
77268
245375
367147
89631
76890
997727
953424
379540
871854
936946
129538
295156
184488
573828
217617
24364
20899
272380
738335
158919
831688
962722
941820
992572
70773
405889
379744
478433
554185
708840
857220
105790
325646
64458
734045
360125
513988
679557
845557
306493
947462
775040
871144
293957
629915
945005
631097
402645
328540
778670
236111
396569
611069
356371
768143
899319
602169
435074
153367
41095
433374
895024
900179
592482
394674
470987
202304
910483
802689
154682
59387
415595
536196
679356
622917
96113
890160
715949
222422
979701
450648
931047
955482
30725
466303
977925
834124
222393
709630
835843
842350
997097
387662
426753
284962
134335
428531
112934
2408
483431
675590
602274
108661
815651
548893
721803
63724
590778
568216
921897
545596
990544
558667
29517
12885
543185
10115
74908
274247
897287
274423
985961
149818
764940
630605
819520
22276
786521
673349
528640
551978
241724
561094
470176
523574
110696
345667
897490
277617
840934
989578
401604
30846
792106
175721
462403
101331
762369
996669
794554
502100
900645
266328
855577
941134
120755
948558
820881
796813
169652
348829
958715
318618
753879
846198
709144
378516
841472
125356
535283
994345
241465
205944
959203
385074
819782
819238
244397
904169
913623
190560
609350
380679
994263
636438
587125
444094
573282
592006
206807
98896
332115
304557
78396
641739
413690
12618
628911
863969
222125
15307
96980
475560
382966
918743
681449
148330
856426
586615
411375
207914
228953
816545
268002
438580
439009
330275
432867
161951
733725
375849
506231
415779
279419
745003
392168
797329
969963
995637
346825
226163
528436
603348
590551
631936
10272
417114
603131
278972
224792
458447
432044
776106
315850
201012
431922
546863
878342
614005
144709
855557
200297
763178
977364
322520
912368
673801
130593
825472
391918
899948
211145
71004
715864
366331
437410
47623
301182
952054
946109
378490
906900
413986
476362
758718
601903
961485
935259
190860
773515
168126
172609
721987
666568
576254
675730
599812
664950
151997
842125
215277
426565
872803
784212
519409
270879
24500
404695
490321
141777
575967
288274
363257
619556
9443
733484
444345
760522
616799
893952
686302
975668
879796
831609
27821
962753
305432
545047
185979
452944
13946
938062
385260
975414
432270
931085
890438
808459
596212
507932
394097
336415
549193
208030
455821
104202
605001
586486
966192
572193
516382
725766
957691
398661
435338
310163
37015
157269
77998
181572
286737
322243
77045
350730
439376
581380
985504
304537
654063
255713
58350
946003
893243
683499
81127
473158
525002
118219
472901
385676
965302
21560
222912
601105
359093
148929
258548
65330
426134
271114
643186
235776
155610
87763
711008
824675
234861
865844
540493
582683
879040
461541
223445
522850
247108
633081
154669
672494
647428
477035
783180
464210
207583
862737
893943
321156
475425
919597
922151
124665
896062
503459
500760
323949
711978
410436
450033
706623
823832
10504
516619
102968
983116
843355
124383
650540
430431
712142
332433
293881
181391
379438
274259
268652
961856
583986
437047
77764
966163
907021
199381
774990
303778
619108
594837
642543
215317
544666
931802
335744
43172
123974
421644
52563
945641
296326
648511
773652
983840
949933
384645
343051
29439
783704
415629
928062
44268
95326
147574
222388
905888
762661
6964
125140
539670
232722
700317
125163
711663
523864
912081
63500
59941
783986
209284
251345
404266
884971
646634
407744
546204
365338
611389
441482
315175
452460
222702
160045
623736
495385
250726
818680
716314
263609
890103
88303
892207
803951
276452
269572
281547
885635
638857
259333
614128
882574
568617
491286
632290
215502
389522
82771
745255
127258
470191
367063
863261
244591
14698
746139
497527
528488
409915
753206
497045
953036
595090
205634
158144
627457
529373
441951
282175
965855
622198
462289
700568
163232
410412
337605
432806
943347
433901
416945
704660
940527
767117
590105
511859
363301
857397
925933
291390
571918
8619
695183
45927
884835
438649
405811
658333
821260
974461
14688
38237
150640
508941
67539
817394
577387
638148
68098
397131
124958
803245
62846
393015
72159
251339
801201
744639
563793
530691
196999
646176
797071
496616
967210
180003
116162
444768
605861
195291
538899
724023
883306
592379
246265
222272
642479
300817
783795
214051
74226
596387
221138
159816
849374
138340
603118
805919
950790
704275
669945
50185
131661
747249
475248
509734
846760
844189
526189
278268
796988
269197
598170
725760
718817
159019
290624
689797
195976
193738
16317
607934
400377
186435
813844
677041
730548
951792
934878
427579
215161
525508
501535
779002
599588
807686
359220
570330
360432
971496
513575
782335
840860
170248
235557
791948
279082
383106
515335
385551
240708
200687
578252
828489
744890
282431
72616
550301
962854
984175
259893
868115
990513
951590
339400
126346
974510
992370
176735
12216
829092
614618
987446
541727
849001
525663
342648
481295
357481
753172
618579
944145
677830
594839
737764
887
50201
426603
385426
626302
573079
340723
934006
646557
813456
335693
604920
189101
230416
328585
879669
969972
36584
345413
786140
370063
338055
624934
442712
804220
306945
688501
384807
105218
474738
342163
700810
912381
620156
292955
771861
605449
571051
577747
976294
75787
309562
991117
77426
725463
87279
377632
259835
174465
632993
474814
840414
822787
804634
134322
469384
944328
717655
395065
713
180947
230572
112250
919744
751375
277380
370722
944374
460915
936518
459424
725576
176273
682836
795642
973115
359036
497197
507402
33012
747348
645106
409817
215359
346800
657798
204055
383629
508966
670094
911924
652667
402937
18456
924509
675661
167328
596888
499222
151865
463407
350924
880112
624352
218724
4289
242792
431063
664017
729136
991388
675172
285409
188736
510762
60293
226824
120175
383015
109161
992203
43659
377337
983938
824873
115482
909970
898290
622245
147033
832393
704034
324529
768738
210327
388338
121144
204966
681834
377098
95304
179610
126889
177871
74715
804591
471237
241138
652097
904953
958840
175330
283243
47793
903582
251618
457366
944022
414124
128820
997585
806702
687441
179957
429485
602858
644711
107202
376705
835367
70102
343832
87127
880081
630598
268410
398391
126818
616510
560651
841421
410568
654558
391035
772793
808677
900405
310622
122099
482544
927936
883800
976409
122552
790464
480949
802839
814985
940983
730901
385074
562023
914046
635844
258225
312055
151494
803880
105000
880765
469865
981267
59618
658560
103468
546233
53930
982218
778260
297403
505462
404108
392609
678306
811761
644382
889835
371431
614564
234531
422488
134382
896320
332363
108152
516436
523914
173618
995709
277149
819619
507750
524890
50256
659635
265477
844086
177183
769970
135173
681933
271549
800659
520846
521828
286676
255821
947714
348327
543951
353734
102620
593760
920722
211103
342134
544342
576010
994582
682596
550464
464030
702940
20926
351076
941956
244980
190652
544273
490097
991428
570809
153013
844520
712828
701402
373852
309684
391648
536392
521222
557745
640627
877336
85091
318980
656962
220172
717357
252842
297418
733043
789154
149678
565639
357355
905373
858932
177946
903559
163664
119603
289045
922699
273696
962496
503590
963540
293917
495621
109343
432405
629533
850512
641054
362172
373620
984007
722782
917619
420753
600890
906584
39298
606328
545233
465367
706449
209751
860900
240855
523275
410696
241834
237785
643999
772130
61896
849542
876192
459324
687947
33853
678412
419199
591025
119099
546666
88167
629346
403942
814476
53334
46460
321782
296884
684757
750988
593601
622035
685672
987160
643105
730349
719692
522328
231363
362968
510991
411718
289231
496418
23756
174027
129903
76562
929858
637656
673854
770247
770448
274646
885519
145086
434448
940981
960919
200175
126989
909793
710520
659862
887266
675987
697579
69007
359024
705988
760456
650330
552059
828540
935029
386879
766178
660424
627753
676491
304313
337737
516444
500152
670981
260777
756301
91882
844179
651689
868463
411478
749813
439702
386097
929533
342362
641051
875561
767062
157449
270767
288860
423946
571322
545646
838892
135513
338961
165638
691486
146778
903799
400136
947399
628767
935959
264990
691668
583607
474290
964764
883186
583117
496032
407791
272864
524717
890340
979378
14671
298983
845162
658015
338610
92364
850079
585634
106664
21141
955181
859529
989892
928292
496658
157720
923381
254242
410588
312698
150935
925319
136771
444625
974421
749175
639971
15918
86776
351434
546068
187292
774481
466660
980327
468439
9535
106755
583872
574554
117214
763032
289611
532758
944460
591116
7516
804926
324249
915107
866087
625791
412746
2046
383128
138382
455946
123066
528529
776729
234222
30838
795262
924255
925027
190643
137493
398235
773175
251732
800111
255771
39168
834628
335230
463856
298221
71478
634219
639678
727719
20744
195981
467571
788451
928705
848583
236437
499207
10041
697726
605363
728886
938456
128501
815485
883002
884470
903496
493680
217485
89826
77186
281833
419780
279486
826267
301851
427097
726727
845393
280412
917075
572339
134177
856921
75412
208243
654178
143658
524159
962008
361279
895745
493123
997778
326799
322619
884617
153939
880531
243993
502
785106
388619
353224
104093
738539
682165
993692
102917
106787
229411
305692
510929
596042
491383
860854
253714
819705
288510
408595
824038
79995
954535
800005
629066
93960
18527
234909
118724
752428
431306
443610
820198
342087
748703
53371
709887
430509
599840
629110
802724
27309
871157
803521
195222
899311
298852
109133
873744
879927
194543
579602
67760
624326
17739
459781
172351
176479
20600
261159
365791
155495
365953
409079
560592
191078
950482
546888
949278
310954
601457
395693
986091
39178
514779
121232
560917
55816
568572
501730
170819
620688
417801
951724
101649
641629
3838
734981
4886
498235
434671
176796
662542
358823
952781
481717
3113
508946
654264
974065
957039
668100
181435
385989
631310
36190
90729
747085
642049
164472
346321
556601
936095
135720
247072
789541
79742
30372
589140
491975
28226
59967
109337
588034
988805
66511
289026
303127
583396
664304
535781
643195
498276
511777
507091
580227
961600
840843
290418
457851
26768
320674
28345
982999
81815
246948
596360
859009
311657
557823
744994
134545
914231
707471
628424
283867
881913
397061
126259
990945
327798
201891
784877
599017
731891
268323
153100
99306
528310
862904
407052
761632
636021
541548
389128
476863
995552
140584
346645
337155
184328
831890
24891
694246
50923
917777
894225
172459
622365
816172
859572
54744
384403
918672
180195
309121
755279
301296
373242
215166
680356
801479
93258
345022
591589
141753
291025
61877
425262
900439
232667
357809
605070
224385
449076
549066
712784
238118
236808
838072
961508
136295
167642
663103
570223
675354
998045
275525
770220
352619
520434
147780
96317
903516
581119
528090
784466
177772
817576
332477
414964
934998
49261
608141
936751
232816
55520
283266
164634
381172
438401
133316
224260
644892
718456
650842
192765
652454
497262
829626
513662
613303
356872
5054
768182
716764
688192
658296
467186
924523
892450
628060
607719
14280
141089
175708
199583
793604
760979
110097
284286
38495
349264
424660
84657
462958
493218
426477
658866
374488
270953
237859
309689
361786
94222
574770
243970
497259
384034
897755
128247
805977
838418
658197
82875
200466
662857
479009
634195
66527
241250
566523
20656
284810
65800
905964
683741
450497
823085
168893
619521
662355
657891
637894
419090
199127
840282
808484
674839
529516
528247
145673
292375
907162
618189
575404
691427
839255
417274
932194
14973
170598
605153
607301
723492
765914
85695
467152
871229
309561
298796
277069
738464
386555
955376
122021
428347
677568
59351
22951
35843
267156
256004
700997
456530
786342
400806
245780
928636
685512
725985
808339
325757
636770
36466
472077
895667
927176
729028
436678
299642
654772
174433
513088
632245
306213
749189
485290
858926
795539
593678
270054
227285
536589
873936
869494
340645
672177
511814
338434
64740
700808
662883
695752
527753
347771
403590
275552
451063
372470
567819
235499
503464
911640
948030
300888
665125
289044
253290
639570
931761
123943
340048
656010
747462
288694
18547
991964
40183
888131
966352
531424
895924
729035
402923
876240
563436
614336
172037
690449
561933
691742
387626
533408
32167
846060
727846
751066
858222
248210
65624
898983
543902
568849
330398
499780
258041
759458
480496
288172
310828
3695
340041
109283
826896
177960
18431
119199
108299
476996
835636
309843
131415
876757
268133
598553
388443
562373
482719
605179
288693
326962
33618
456030
259161
815204
542206
17675
580627
492967
253322
698011
605608
446794
883571
137343
590811
829810
541089
825641
131723
237659
307350
251483
200121
887725
474687
61130
481640
97207
974637
804846
909981
625738
68189
695721
329414
535860
236403
658641
234999
406360
877894
952732
725775
701479
258452
247079
907897
135229
399766
127139
900814
56026
354479
484828
224728
426235
261886
4327
866226
642260
711378
484840
426699
260013
938301
242814
990857
461462
343553
51275
795402
611528
336808
510051
278533
765786
109296
628688
462991
81501
719842
156735
291962
892244
207747
608012
202136
303123
490468
371813
919645
28978
475796
273245
97698
863342
863350
372047
259014
111518
345773
369773
479663
277517
280179
964132
396014
676984
83657
717998
584065
703909
578697
226739
700977
47070
184215
496412
355228
234313
766646
73847
407053
602469
984247
509696
339975
604451
547083
490514
840417
386334
527034
409706
40011
700601
415853
123219
228398
558612
368293
737780
592498
622314
606350
760242
744601
368395
98542
917507
115144
617136
682168
828177
436390
939072
474493
254342
777117
584094
649602
368570
92094
81773
13548
17335
533889
545889
100184
823781
181929
153155
509447
704471
83270
155457
25910
645872
593300
637039
171724
500979
83393
545310
60461
863079
800332
985879
971820
116771
572233
745973
446173
24635
130433
486876
920904
679687
232950
133081
256761
183372
382020
745688
814964
34570
647970
591292
653637
699106
546376
717023
597366
191457
872235
59110
983386
257069
675876
913087
33671
71882
656366
781882
956833
874890
889742
486081
840336
566287
993805
442805
815827
655422
979361
220327
138542
936578
109482
936944
691647
743034
271064
270638
736239
540160
892201
183259
660548
624407
808912
100875
623442
964912
757745
871042
968465
955097
395593
777007
627978
731651
316011
846985
547052
104494
681125
474949
533243
468019
297601
857393
963880
730286
800295
172592
935675
962822
148704
232723
660972
437274
441973
708304
11858
937993
875574
28129
887411
505438
987862
141883
304314
704023
247348
265449
511110
994357
517765
516063
410705
656460
642835
173635
353584
678107
168826
460895
320164
207795
389856
954649
824552
792376
278625
676682
258440
38304
769131
771977
78412
242202
703736
805666
718526
492683
210089
355558
789720
890675
242300
5532
712975
523694
717610
310037
377334
830999
652640
116573
111825
883591
582167
865485
327415
724475
155538
458942
388706
990099
385908
679128
460695
357559
752571
944008
401964
500948
320669
66000
836987
986948
564093
968504
946402
692364
341322
239586
392435
619647
169141
784123
796607
611199
82380
252366
680570
554083
805048
488562
490763
580020
505871
354596
699827
176722
785239
637039
651095
657588
559256
274119
674219
761741
686749
289014
35133
193673
851527
544750
259420
165622
487949
943549
824291
926848
409107
634334
230181
14293
915558
915563
237558
791975
325778
590000
428500
803727
271904
346588
831729
357007
674288
955601
172958
836784
180654
280922
228629
264330
353332
769660
7523
727650
502332
882085
277424
666221
15232
125633
534060
738995
952624
123244
960792
797519
32527
956098
744623
239827
316075
303633
654959
376712
127031
135856
638983
98003
838215
324521
347038
600114
793959
592721
356669
967334
696599
920121
708315
237291
695143
667709
376516
104035
491947
452601
720229
649425
479836
752092
938038
616320
106635
458004
119492
33348
869442
83753
796954
45080
563769
343142
590091
892198
255282
439025
891615
231718
341810
3772
684120
807582
296028
718228
965472
938887
105131
539543
676624
579856
51915
782019
256671
60412
681685
247401
353125
124070
519014
865984
926347
529637
334362
338325
814866
388042
664042
470624
597372
725318
874208
20403
879962
304297
246130
589899
798963
661381
278403
228745
255374
972017
201266
830842
552029
27113
386268
411218
102086
682515
966773
3896
733902
525724
998974
117819
246244
996673
367203
467554
177608
666282
871157
226080
945558
910640
223551
344422
8243
766591
563975
453139
260947
321943
820643
582087
349668
296876
289076
368981
733978
487406
833220
974614
730200
419747
795768
827418
721656
771375
863346
570362
832439
913782
340613
781513
952576
54872
805525
917993
141331
222427
829771
853561
782034
841063
125619
71660
962536
21034
842098
29109
790486
934812
873767
330974
760988
849052
93340
963065
368512
485817
111785
76909
590269
481422
575397
465330
66443
601221
94730
540311
553991
284796
512868
200512
498432
794180
920374
714030
414813
851205
753962
580535
471918
146688
781170
600340
787917
445485
817279
801241
266865
169347
514077
453503
262543
38230
190185
914077
315244
180698
489584
614070
273860
604997
134822
170539
745936
249299
472192
799185
957688
116515
818798
394525
318677
377663
773944
318588
111457
774777
813300
342336
93822
957744
727969
433012
952543
426482
468580
523216
132119
338235
817116
887944
759420
338460
886116
892030
48376
46519
703780
496537
846572
117479
926100
229485
373632
272572
745295
875673
875915
599139
150416
992432
204124
262885
448075
327311
605347
970886
180330
587406
380287
107149
609826
377490
393765
578404
727218
845630
825897
891349
379832
107593
742957
434996
444336
676779
763427
389532
165321
529073
631104
302993
975142
470640
790591
28933
822766
910358
177230
419062
774032
323803
216985
563444
392278
841175
709682
692736
754981
501358
250266
470864
291279
433126
959471
937776
883669
876825
22321
410242
511036
130694
561650
158246
338442
840385
382618
856500
935901
646411
780820
189734
105385
298172
570841
643923
882764
808092
382231
534934
85648
375762
47485
759693
401084
167092
649702
190398
350679
894461
769567
361107
449658
54364
805655
399878
991953
766249
391842
246040
375726
259954
547818
703162
893769
701300
680178
624015
368216
807974
18056
107209
388743
793070
29191
414256
373269
339639
488390
592513
798539
979034
547553
972531
582424
967609
440993
912149
222350
443819
126667
643794
835891
781585
852994
986583
877893
479175
408281
761291
961486
22071
130425
483197
552031
967
218539
676956
128876
688754
230980
533151
134596
483764
627946
336453
392619
58719
593670
306870
622293
173323
337608
254153
516225
66410
353873
943647
667056
927930
234050
565996
31873
201747
394655
281046
350187
637536
508639
81205
850582
826282
796242
47227
58006
506320
364143
930989
270469
304339
181113
259471
866811
769806
67982
392927
679533
977731
875340
898871
160671
495376
725280
368085
452615
73344
187372
363320
473472
905661
948180
51937
465191
456484
711910
265145
271126
835825
642532
394257
324027
675993
744815
557251
8020
420855
682577
385016
818825
755806
11814
191619
277861
661773
498024
831403
87026
330880
857110
87303
363889
713059
625025
823297
960307
716001
50675
135676
420951
719195
298300
599890
136097
707253
983322
372726
709874
446282
718020
872185
947882
117311
705171
659560
738967
27189
913294
960594
640664
794904
762384
331175
894994
421653
726040
702779
891470
500968
794605
490986
897966
155923
531948
547158
372554
294186
858223
961740
583020
87115
845724
599813
822372
827308
958471
138952
706184
347277
390661
342573
137675
610124
73806
390716
88120
595287
31374
299699
625356
751995
173576
32102
914094
659355
35623
3713
885772
111165
884131
455849
296147
647487
107468
293633
964170
550951
558135
854409
345292
906456
491906
76960
795872
511071
729220
364458
443319
938541
166742
936588
642625
889824
915769
9364
921708
644538
956643
962934
505914
292658
442601
981361
434621
600425
361674
851921
34482
922997
931925
858189
828280
355866
908984
875664
75051
741015
865447
409365
855777
135772
904613
573995
805761
208857
890418
306968
729979
635377
538129
952026
556263
893901
927221
585224
684670
111949
551368
627672
10159
86362
499031
195450
289759
725207
32732
236960
640384
555254
788585
772385
245068
364903
478127
16307
588447
774186
309801
771542
576751
163781
694952
23888
409257
486738
265467
840403
503208
45424
470266
222458
741524
30234
188656
864306
191573
579220
196962
952246
368243
730497
290112
339698
122700
809554
656487
983817
204529
923673
323473
42930
348701
422715
717722
148797
184786
952580
304431
839860
891218
867861
546773
141340
313399
11704
868947
887387
92143
315348
535998
621875
881560
789436
730463
27244
552372
813217
800386
47568
731209
273512
975518
498192
757016
225687
977500
322564
267191
90408
122374
739216
70989
971072
577037
57570
238570
195193
42551
596439
340353
926171
132067
470973
643971
715050
370298
41779
885016
933657
482676
946797
746300
648988
750276
148756
177716
622043
595041
41802
702892
421890
204146
335179
136111
443829
894166
487407
487170
891745
419789
610188
788637
197358
612614
723384
485383
863761
920197
532268
435597
286525
448816
703748
345246
296697
964727
847010
865734
818701
790623
12019
998469
549910
477033
676297
285196
356985
584611
911208
381203
950708
758474
123356
816154
625104
168282
275591
235386
819251
403445
209913
102
691089
299180
153783
606788
793027
102188
282526
964450
921200
198407
157410
348438
524903
726814
611375
930231
336079
173417
533552
775921
333046
548643
725421
338441
834501
20820
863375
853486
477845
720892
711359
699832
654234
609241
821933
150976
783165
156182
869485
372634
686856
632464
994299
714419
633787
456005
435615
421380
712315
160411
842475
622704
353386
931211
14178
741632
880914
148136
626547
569080
172666
528912
512290
796694
607515
558
600264
949606
30828
850216
358321
694277
358874
46252
691811
366704
131284
507858
925374
613704
993730
705134
225983
753380
38293
657782
418910
254099
757945
655498
551960
485549
898536
303076
551495
737684
531544
773533
386156
294412
167700
802328
371279
372852
414441
911056
528894
695457
41014
197946
634161
566678
849319
228118
132942
758625
604219
571800
720263
660884
50048
371181
961761
390303
59297
231276
438032
686727
833430
752602
488702
599429
335353
245402
243947
712253
328377
722479
71279
615129
735463
276911
864666
183746
27822
350215
611388
309819
764256
163557
230656
135450
628203
408390
749107
316387
930346
259868
401571
285698
29783
627802
930594
713957
912415
496032
627178
16756
414286
474942
195738
656750
749225
688231
451103
755745
625947
42612
391214
705797
892935
228305
187757
217974
39292
664200
142769
924493
159943
100072
178658
968218
329953
959697
583547
651455
297737
560927
525806
846571
1389
649777
383332
588018
789378
353365
381090
607878
422067
565842
442375
510229
183349
598225
390258
74494
553017
252072
931776
603824
273147
191172
289331
437218
377656
778803
715566
378089
229756
491852
999644
196217
303321
883899
278193
401146
397364
784621
515272
781382
43001
972308
979372
603197
662318
879383
14003
837190
673573
256922
957315
393378
927115
689381
733304
695278
990942
233907
306334
886389
449276
976218
948441
853871
622614
955857
97060
697691
487875
463779
728246
942644
581809
528623
523008
3282
99766
811609
121363
61984
956037
456465
679135
622070
136316
577022
978391
206035
478809
932998
839856
426680
290893
447293
395591
232611
149033
550567
369762
408423
375733
310059
212623
654053
212191
701463
826664
169257
841553
731466
318264
143395
836571
12290
590968
885631
150991
19395
982962
255524
537900
718624
832519
539974
807154
593577
404876
768169
708053
857777
817870
41011
810572
364794
655350
290539
155784
997823
474312
490516
536514
461918
751621
519648
636525
447329
30577
709651
920011
70888
961583
313782
209500
815732
805704
150515
337712
453202
594058
403028
554142
302050
146061
164627
401421
918275
995409
187037
195119
885148
179523
675368
270606
952266
156318
900461
129407
625761
453294
582084
43443
563361
151984
14620
834859
734071
26518
525203
872844
678572
667047
87992
565128
400814
684226
971418
49084
984121
668226
176908
441369
598562
887037
426169
144313
312064
726247
932254
830803
150135
649237
220968
54794
212962
874267
913642
717983
124828
758486
841722
534919
549548
542917
821033
644888
845131
164306
42206
415581
281234
882415
99663
262216
544325
608028
561371
191751
628022
67588
206150
269423
81047
809543
982673
29461
621792
591443
602805
106876
391833
182251
976380
566824
222276
601610
318077
781841
68267
896928
672690
172467
850689
415931
863159
948162
975928
861697
293601
161275
44062
492506
768825
79190
204852
569002
348756
941080
883534
713148
701328
45764
224288
309882
547821
340209
530346
912024
672005
479287
455234
762641
436585
933379
827387
411850
958746
473546
946287
46802
536417
932123
271534
329675
557899
974348
74883
897698
324421
573014
51231
949753
268560
964029
949477
216359
147744
419751
86993
674901
29143
423311
294854
923081
858329
481809
362994
693567
949131
996005
852704
354099
916141
498217
813529
706044
725714
61974
51640
583506
366520
530581
790793
409648
413320
136106
774301
101140
729387
130894
619501
66340
417478
744539
216169
346731
257300
134049
638236
79616
474591
581462
839677
543303
616155
653417
102996
214609
920351
102903
247302
851039
484801
808407
831232
214212
521420
394448
748668
732328
797472
699946
826675
361512
559655
779105
720223
185435
636207
815606
542827
701552
297321
53089
376250
424499
155197
891105
805905
988014
971400
626419
338402
218604
611059
491233
182390
888665
97905
713457
748534
302661
206869
832255
632021
426311
255949
358053
98077
900094
904511
436310
928405
935923
216958
394
494989
524186
867305
325331
685382
468856
49312
313487
348224
491614
272356
9846
51296
205203
162058
46483
729854
471888
279068
928144
476361
456484
817420
948778
574999
106296
531542
429827
561805
143085
540593
108502
918056
972129
348465
408069
49125
291473
164092
429966
297363
412248
15782
79516
75059
900118
904300
517434
289609
500844
527370
285986
391682
699171
552697
4787
808193
947116
51017
944706
200392
699970
620182
451335
197759
801771
153962
635320
77924
893150
202991
462964
758608
27327
555535
62741
768738
810502
215978
898152
661258
506493
667187
746809
696180
225704
821288
134791
127054
440574
27948
428758
720568
774294
715522
752164
776903
660765
298920
663795
129910
367620
340238
741765
894442
163382
867761
79910
257057
786823
128217
440419
468214
841384
751403
587672
19603
464790
75115
931047
94259
968724
295186
701445
982802
294605
22728
58990
96308
582235
238463
252921
115215
498917
822251
425414
817111
136290
262433
609683
737444
188605
640011
411950
944449
528657
656262
144005
786259
976275
630104
100697
776676
159631
332241
968657
233483
825291
995581
772843
622138
813320
487555
166477
911780
4838
288413
278650
947657
535399
50164
837280
710559
541516
742807
52429
396766
272411
528792
262466
708200
181506
164355
289056
951572
41813
684796
358207
726934
572020
381428
836190
404044
312008
236807
514036
367911
378988
918261
879909
181172
340328
218748
296272
491206
810264
579598
848005
36098
785259
330036
64532
121607
883335
724351
238592
375480
526154
690022
848659
433319
743084
66305
45323
487711
726400
706081
339442
895054
138649
114250
781195
83725
497801
573838
970856
904974
865605
669703
964185
213985
913252
627248
344383
816995
513798
745184
607166
635523
29458
660837
751568
803186
590231
503801
71927
989031
813332
428643
394379
680012
89491
10925
322033
379144
896559
503805
207980
814314
952695
817107
193421
995374
627051
449182
957382
359792
884003
676923
638301
448938
170767
925003
38012
846827
838105
116655
255781
957271
790375
175011
995458
709397
414332
937908
591514
16537
769598
77919
795616
412110
722
51784
61094
489439
457635
233748
777455
741218
47234
690403
908961
94113
929448
839533
283929
623111
695062
151288
459481
867172
388829
519923
988
805981
778746
356466
528074
880499
461785
997639
276039
632110
901178
738233
799014
196581
183793
413604
612348
617645
762375
276589
543823
322524
457791
496415
943404
108536
834355
54119
177943
416385
996699
369128
649245
248344
973295
684476
520198
245579
788325
619593
98215
490366
496596
331451
640851
466295
415097
290339
753201
814853
939734
637932
990697
271374
289976
665269
208057
894004
956690
882576
808036
17252
796997
194711
254793
853371
860033
529573
890129
906132
595077
446136
70594
641650
185090
103905
436017
134727
590174
193765
900244
2527
752596
875188
164341
86060
303672
747459
227075
843566
257752
590728
623939
12158
316158
295634
799011
838264
339283
425154
133231
239747
877022
818409
332893
23487
268073
716160
454658
142281
223300
86398
853608
535533
312931
64346
216823
765353
947170
967133
880655
64538
26153
447714
428984
99590
549547
86958
574897
981893
300552
392806
171173
789452
262099
815345
883003
42199
168493
660395
256396
330931
49936
198338
416752
530853
882024
383729
741681
945338
833627
188183
397729
774188
662698
298099
364168
549166
497071
159550
464437
696469
946566
556645
877109
230435
987785
35042
270050
232112
170227
31222
37586
319671
165862
172741
646769
594938
194311
876494
55593
357011
51783
870021
657917
674009
313725
955022
491253
45611
661423
623192
950132
202332
134128
35028
516581
593915
144931
65745
293524
391357
897181
718454
624089
461577
738217
947355
931759
303072
316133
296004
266658
26408
360137
649274
723303
377171
376712
951624
434437
354416
669006
900047
660977
841998
153514
400518
591225
653512
545158
257426
384918
354354
280849
443518
975268
944415
873661
342871
637101
845516
683108
292263
165473
442732
581253
93004
956322
670608
136301
425267
796604
67378
657265
219766
750706
366495
942936
449936
951027
19712
790101
764729
995436
528323
431089
87011
784439
940139
91143
518159
324080
778480
25257
910156
772008
854547
363169
143245
145459
732163
919761
810982
764957
300645
882812
564963
228729
811908
708829
509957
407513
298709
996917
406874
182553
746341
250083
539768
557846
865249
886379
321621
988349
170818
85209
10502
188925
370451
689982
602258
471774
535200
121241
733106
327723
890877
63250
867368
606987
544432
144735
601849
164526
959356
692937
635401
137251
269962
596681
779665
920902
820854
933644
156607
772629
692020
740502
708586
692452
933086
726850
825455
32295
920859
458023
189806
261997
962157
488855
105307
81260
248470
925185
76353
70071
911656
366582
547801
942796
206504
775689
824771
755785
980062
379279
357407
313727
644988
853573
480779
31583
515881
897809
618553
335057
243304
62881
419435
248996
121834
769840
651854
479328
985132
249127
558640
816566
629838
220128
394528
855961
10482
930373
206561
115366
671437
674391
915786
432958
5517
493131
223229
30260
578663
363406
662530
703842
682620
95850
59775
695062
961703
418880
524310
259946
422694
821877
526939
994865
601442
578730
33776
721677
334300
727203
57856
582942
155062
113737
783508
140757
693980
981322
880533
397862
909517
698462
626463
203612
163402
100901
923709
712774
220825
650988
498823
729615
72054
337551
168533
998572
771927
952248
559519
393774
675674
656389
753523
663031
218574
11912
459985
370249
148059
795944
706342
359034
143759
838820
37091
475652
973701
973240
780346
422264
220980
822424
381045
924627
596049
203801
640499
847529
733538
269679
295551
870910
629025
428433
911182
395956
694729
807737
319445
926878
447807
200327
963141
393714
636448
522565
90980
642461
858851
384070
556361
151025
996459
734119
436276
514682
607404
61367
934855
796206
138615
348147
511845
405890
613475
19178
617638
774553
864346
453119
543348
944983
192701
859085
737605
861908
626485
189541
772469
507885
946455
815986
510079
666484
147443
541438
230359
149767
736762
931469
435880
410302
79177
887335
343397
297470
590358
425332
178830
999147
551862
828223
857729
815162
643592
83421
842298
804068
623426
87911
594089
925110
113558
441378
505647
790725
969472
44800
211828
50623
58543
994495
81831
493661
887181
796592
111251
237301
806381
421330
644571
83692
237072
310301
973906
618569
871380
611354
669433
528100
634938
740911
413846
492605
701330
807673
194541
949865
692037
553938
835614
205990
688767
258162
415066
868944
384695
629233
813315
724909
559004
608426
176928
136674
408541
852476
88826
293641
334101
17514
196373
855642
264146
620642
489422
738054
573825
587611
682702
687330
91383
583959
682728
780736
453278
242504
7637
459546
391226
604239
468297
103208
438423
981471
905969
156689
867793
314304
899468
499069
944384
625136
459555
834825
320574
247459
543846
793748
589653
914347
686757
46390
212426
223156
866791
98065
80768
972582
357035
937855
360843
415021
145785
727467
591762
722517
47395
888316
242464
302286
964317
823659
950855
80335
180150
850677
562609
430999
198898
625388
999492
101711
790342
47401
817713
848972
240304
381660
531610
86128
706480
543940
760094
207344
300390
74937
431170
512112
376713
774439
999293
582282
546177
855957
473440
428589
858147
365539
469920
969506
289159
458003
158401
981994
25990
289021
207137
417604
953173
522854
269727
314315
786297
405164
477606
599035
955558
184152
11289
165524
612472
419798
149725
747159
547341
757376
754493
271725
436413
89814
951166
909031
576503
533258
614913
276064
524409
938488
52110
585407
425451
189491
284738
397593
963481
673403
7192
999667
995211
420426
203469
721253
188739
634637
520755
325529
180819
505776
31124
74291
531288
168274
245185
489867
894294
998488
162102
319381
718258
682333
600491
534754
508806
279943
508090
472767
894116
516021
695335
37435
403179
603732
55697
821767
322175
87697
103924
629365
315688
577129
705112
517731
233161
829404
175706
358513
561210
512639
683669
467501
417093
451697
543149
598992
94906
464102
430392
444194
969519
571615
311241
736952
643160
946426
498329
30174
17406
924837
518612
591759
623903
585070
617662
324065
957219
599350
115904
597694
970038
147461
380243
471948
436806
435127
153160
944686
527003
389651
629105
244452
363342
194108
517743
706126
888359
836992
235545
602638
817943
513358
102534
343562
270414
169220
621752
807248
733370
946215
371877
152725
184478
907500
19619
339350
198346
55283
570287
183776
327612
524371
628250
111850
806995
579856
828304
139360
940716
48105
400838
516859
658907
733710
18431
263819
19208
612463
161212
410390
291619
456240
694206
363355
809029
512633
305593
677295
880933
913001
907159
141129
278451
729130
988581
724697
515092
781215
432158
444306
65211
627194
561746
472649
752737
847851
118771
252725
366304
321459
310908
388886
423090
571159
692095
473715
514048
897519
401545
654267
962794
564445
500723
774029
332819
336091
278856
966867
322853
635822
858382
37769
932008
825783
841459
861148
158458
882280
695830
511085
23276
3412
725550
446708
587449
112158
990043
731394
990500
489939
670727
348191
283693
396436
469049
992337
298479
539372
342966
837566
424473
967872
737044
797865
891911
613220
356956
830040
482044
136778
538843
25942
944062
500549
616724
508558
593932
188999
595435
435971
977130
309672
774461
723906
302161
347994
532473
65564
323615
448163
188605
872516
286873
784803
201685
621291
843653
970241
193505
129530
658772
425590
562709
833132
939515
137718
28763
820293
292642
537334
369939
274162
145333
943582
688122
110654
775193
647693
699368
794287
155961
598339
605875
743675
242046
305840
119217
355050
523741
159894
209243
207561
876106
339293
879822
968008
537290
677747
954411
249649
489510
569821
397533
340229
109243
533087
679994
420853
163631
488900
293059
392954
215934
375563
922118
902033
25138
564398
292771
38102
21041
820176
749291
74812
777200
701698
417188
183015
657797
584689
255913
399078
533723
325616
456430
12176
967487
144862
46946
178618
15511
28340
207021
406738
356017
913965
553752
559515
627001
574546
21708
712069
569349
147745
436019
926376
53387
749721
207163
618333
557746
797221
530041
33401
597317
468835
972074
128231
527876
197135
825300
116385
166101
29328
407371
33227
181912
787423
919951
433836
460824
376016
401875
75209
682012
455935
943000
578080
435806
993688
841080
81214
996435
950146
237823
965949
249385
184361
916020
399326
425999
987302
729205
128895
596333
803150
452992
359417
830773
193108
202126
572824
839121
47387
352089
55543
829500
43933
71743
283768
994477
270065
527487
786974
823405
860796
463839
932935
205898
878134
748336
156616
731812
145368
252138
810919
771492
746655
429233
398447
836429
467072
152953
456116
915498
336168
260741
779236
57639
477166
731658
236165
566524
392152
820403
32272
974916
603911
243134
99754
866156
554560
851011
45051
498630
500311
607957
902317
849149
119802
4289
27651
725283
444759
696755
632403
316647
575275
321336
748386
321058
602473
826719
231514
662928
460675
857528
960746
202843
884119
517694
555514
573907
645561
4881
19274
865531
708761
318747
898598
47229
131985
251989
275400
182845
473678
742946
666762
402634
503832
4505
930437
757297
261887
12640
207116
537132
674212
333875
581054
81592
545953
13380
923148
665092
516758
972029
900040
487685
943761
674913
405285
70630
170201
629968
796689
950941
532631
110953
139884
602969
119650
735306
795363
774231
290277
811698
236974
732180
799535
952648
975394
747421
250647
844533
375987
723906
745418
605356
167562
585513
280435
489225
206847
345150
754245
920471
442803
328264
388648
282668
506445
930007
756157
706991
107855
947354
793360
728890
851284
240653
239897
578842
244072
46607
937647
169843
998852
109137
820810
932801
733604
289067
625395
428793
144839
506184
280906
581262
339843
368898
795060
233679
390914
84489
772767
900077
471069
344828
611443
594907
166867
659482
214166
419150
607846
317906
871132
346980
810322
237878
936458
350496
48618
633934
408453
320851
194258
753225
429788
124568
126739
684174
792687
542966
775198
705713
18746
303272
76320
47938
194370
459512
988606
473919
952154
937287
311726
34793
954898
720234
743985
590452
237501
405039
736689
917783
138206
101885
250994
367940
292719
971545
251192
458866
19469
679493
205494
213845
747011
110787
916910
164719
465969
228087
172778
950848
647960
181162
588437
180121
279429
37739
774518
407311
290776
972111
434698
512202
563312
93402
248318
901821
811958
302070
843334
5296
770370
501856
341917
764153
981293
415842
495321
653449
746868
332218
895978
866914
782341
459930
37807
996902
642986
305481
35444
336075
813775
187751
708364
133291
337905
921037
369992
43768
811173
863699
163665
695309
804099
934827
494631
924191
686061
749738
609014
861330
215871
627111
865810
74920
850261
851132
967696
889748
631923
852650
565376
90669
691733
161497
237898
731070
488916
407484
690532
739002
884274
743251
112365
750285
612674
858954
502761
848461
520631
51711
596890
552911
233479
839393
208247
421398
875707
123123
699915
702439
478806
350128
915117
995192
900767
540297
498776
125062
387533
10634
879398
791686
909711
228378
992750
958067
823349
209761
181558
143302
846974
66116
664343
751812
334782
274443
460268
920689
233580
971236
837686
178850
512454
622081
612176
703408
522913
337948
712137
258696
842705
170138
234211
45920
324528
17293
525415
346052
645135
773652
530595
811022
190903
654046
668994
875956
117210
525067
722822
731132
487771
54771
981732
349066
934839
665407
388027
802970
732622
517173
872051
363400
993106
879058
6830
756108
121995
969424
345454
683076
414980
193415
510211
433322
702230
564976
17711
686117
699534
406980
239192
453179
889149
576643
473320
517091
608157
658512
164677
915384
424219
968057
944296
610698
575878
418645
796828
52047
125330
851398
234005
421111
606792
121374
160747
270429
388430
541086
475249
273241
173838
510106
493430
811378
340678
500344
389720
755505
332268
759703
385727
360593
229052
108300
207421
157650
124639
96199
884992
855020
370553
74900
636658
531169
587280
196606
708270
246699
379988
947022
51486
532053
497935
911281
374453
978406
669610
276855
828230
321847
387033
84216
237567
735526
271716
559697
765318
360163
962515
466188
666927
626984
798134
815389
243223
746309
736526
38985
13088
237465
34651
215970
963785
418717
995203
953709
991016
446490
752348
823332
311815
843579
212182
732502
920729
89981
734216
766572
136663
150722
640789
554440
895868
636165
700923
802566
76377
247912
864440
165412
553813
373162
491609
304830
481733
629364
294880
253234
166820
442770
979089
495394
901551
261247
417497
480791
72992
16472
159196
723138
597636
165747
270681
114655
607355
121161
768316
360883
707084
177294
410177
890164
237859
30242
97280
31111
945128
448223
298009
804067
390268
408403
669244
245781
626898
507528
348757
875742
144552
755646
110163
806327
536097
651834
137236
404341
885825
873335
17519
187206
593348
106939
551901
82011
747483
872069
313732
804448
180676
663778
616546
729574
607877
570655
114066
292962
459268
624345
369534
89487
375878
346480
119842
939566
75394
958106
886200
993070
247649
848532
255622
313126
931285
435186
517760
36286
679571
642008
466010
305262
575598
105473
619887
583454
890577
996988
217223
41517
152473
870584
378632
211470
342093
693940
282940
672716
807739
872856
313147
508398
866096
615330
10549
418869
113171
577017
839902
621954
770014
842974
423030
623444
451834
797504
856436
524912
394615
356590
795278
930713
175525
496807
43368
235263
969234
746829
365975
814964
117343
128056
856400
995865
961793
218151
443761
201047
344978
725458
293356
576329
362769
398107
215500
697015
744316
20578
17189
815294
875209
375
894365
83915
930556
863403
621328
965830
215143
11327
496100
147403
194884
584638
175851
183955
486056
105831
150062
641073
223717
376386
777948
460345
28927
518035
554703
374331
463496
285100
19639
254125
782235
428317
250405
369830
128497
807495
596086
687175
254947
789199
301594
172212
772540
651054
788416
395840
486074
893284
619040
909159
925218
809484
950500
924980
848701
98315
255604
96387
847474
597858
921117
34721
490433
977124
314589
264591
417178
287873
417741
750438
167640
137216
147691
327060
805085
997067
567363
333380
344714
57828
420090
554524
129691
496118
185591
89184
392478
839814
528110
849844
363790
443912
985162
342974
726096
829838
487799
642026
650825
795035
959305
889671
709018
616662
922188
981390
584121
370010
36649
507907
538669
148458
630833
847540
779749
365250
802953
196255
430198
931976
303475
223793
433520
454434
93685
571944
448411
958369
756775
299353
510099
104666
208734
359950
749245
764054
301937
570887
183909
706271
659940
26913
852982
831675
472761
957141
157973
28981
303311
865367
143578
360918
363444
122782
972331
430003
926607
697859
58103
642656
153699
541891
600012
247170
127745
32095
567830
770178
634509
775459
274933
410654
891946
92931
212025
966617
673925
796512
862333
317075
125563
105194
811933
329459
857384
747104
653845
697024
774733
239220
929911
53583
101149
888714
512841
271575
615460
178910
296889
76576
268052
253636
530685
898266
224430
825611
286987
967690
136970
122299
970354
836511
510531
118910
288276
916451
883777
549467
506304
434061
283620
893661
919536
961587
64137
804626
434332
774556
900477
603567
967096
951412
947260
322385
656913
271577
27236
246942
334271
876370
621627
334794
813704
389087
984153
93302
563474
651819
845236
171506
198850
553310
314310
339683
645365
345487
603869
232960
969625
772887
292479
204790
54762
564544
853751
389548
563141
907165
834944
138721
294058
40627
412429
564336
712595
217813
267379
426422
153387
912653
220724
676810
210157
297270
571561
134379
646554
290535
254923
507512
741398
275594
976734
655256
533472
623754
967290
684537
222060
916010
461239
63158
119775
470835
484532
975058
386022
274886
936324
939361
959604
784079
856566
247430
72214
841498
126912
677911
930356
204927
673351
548957
240422
199545
717198
229367
74032
412053
202232
258014
573084
742406
493499
772098
818675
515861
622052
191316
518039
802101
960064
10205
534912
708469
60206
922187
209041
965390
480319
84684
395798
325532
837127
505811
637661
952042
922627
580728
199918
967910
348454
796156
277287
636403
262274
230314
756025
535773
969104
235800
156473
900136
21404
175757
756963
83073
630992
536829
654322
892566
65690
310575
97557
25729
837629
745279
659470
36703
333873
636288
140076
52095
303864
220281
352995
486903
994751
60112
768517
411088
664172
296005
496607
410273
166218
171797
521138
129657
373583
771391
913037
231990
942150
219554
353476
26930
239837
608773
391631
581085
459725
669105
506433
839206
78689
166457
211810
371667
639334
534618
345068
630385
292718
649533
530015
784997
268480
957465
259841
745248
901215
46581
283765
827057
667573
200715
790391
248692
197085
164488
950258
985704
84874
291568
315902
395807
542295
54239
607993
886222
259755
155882
747649
730820
488520
966820
398475
787384
791153
563709
415587
624891
503350
782084
677824
32460
70429
332236
135491
660618
356527
208301
212364
141956
689948
659938
739001
883244
621643
198928
988284
444395
34882
134502
683160
637134
869615
576479
292920
663005
911825
154788
354988
430924
721414
183759
95297
153739
171185
324683
560443
805560
780807
647255
478705
26164
780151
82985
742022
514387
46068
545647
689663
619373
56992
905008
431686
517074
24854
336978
861242
173338
976916
750324
752881
521689
603395
876411
885323
445426
387557
43947
156596
677443
13274
294891
581813
509694
191375
489131
455799
751383
60036
767073
86614
456409
957751
288046
976734
18964
449522
340128
390053
36273
157102
578640
319237
439334
568419
483692
310452
788228
52845
617295
479297
950253
675740
401996
475372
963428
886680
134154
856291
740989
362095
630153
135381
146163
561597
426691
591861
509336
949815
253613
364493
777191
78484
803228
512572
440693
982872
635333
862542
212230
54590
249885
837750
947196
824257
730015
236074
241834
501319
134700
335259
23623
364651
661068
253264
833215
752357
467666
945630
143651
61784
913566
220230
536191
138616
266045
628843
107404
379222
372459
333678
942524
400778
173432
490472
477363
157564
810823
95875
748822
672463
987635
451957
512699
647210
660941
209371
654400
301859
631169
695662
904375
841034
752407
669732
122367
798288
603925
393189
744366
288275
496577
736744
996522
840967
239939
200746
412567
532610
618345
370379
981290
404899
620869
25861
616861
828576
421681
735945
559483
173420
796659
150072
250139
346753
280507
89914
220457
460047
414537
959871
661215
877633
734891
333840
918164
29416
65828
697681
197099
12614
139113
352213
252588
737785
142597
122974
246959
83459
292572
249264
230836
460274
673484
672720
823440
751216
468527
33118
713730
904233
697341
735180
340260
556436
594575
128826
612861
579617
435582
882800
548595
509630
256554
231351
632030
643589
23894
703316
449591
627077
594161
258402
367215
995115
905712
417483
547420
790796
281686
283106
224654
377170
507605
288416
938368
419010
771726
16762
704874
726246
772149
73051
510067
475995
534224
365955
875012
901049
979742
645628
958072
262426
621268
367220
1135
78217
696386
289980
748482
489609
434837
485340
222737
106047
303669
602192
224375
720189
281999
717604
577183
943915
768749
923943
791152
837460
763712
645583
856612
527370
348800
113129
690102
960951
787626
964218
762106
811266
78568
9399
504454
832218
881231
387678
833806
47714
441858
698224
399502
91449
374835
497611
966496
107941
185546
905447
558637
328027
476894
139501
61184
955501
40800
132975
359094
440464
679767
538312
591698
98825
960517
626705
280237
552372
136553
720765
830922
31473
430046
864082
124360
886828
842337
675013
626288
95558
160559
974384
770926
648229
804621
386418
575453
868757
695265
516771
581243
390937
187134
682482
437180
288210
915773
110238
560058
772683
173126
976269
261321
103071
394286
91916
690601
720583
307963
364324
28629
510916
881666
766869
576248
476069
70833
518386
137599
329590
695273
125592
769225
83077
835779
141580
978747
862546
878196
256881
348977
662226
116683
537378
673231
360800
205975
634482
268341
585601
524325
4925
912017
752402
674726
987243
901966
883152
445680
895297
722538
369476
457947
377955
397733
173833
354892
646122
106389
870331
287566
350494
736406
657662
323995
158096
76831
960104
756667
354903
363633
777996
291076
193701
24616
236452
321983
317061
878708
439962
235947
704371
601441
618227
678107
69591
375761
411033
126778
757536
241036
891843
434479
949689
714414
891587
321563
180331
505087
28523
606015
579279
769952
787997
159867
236526
844320
545454
639985
69623
488302
406199
201800
939420
486505
747256
201485
566985
208980
436840
451443
983041
627365
192989
608635
586391
123452
478740
968559
165191
243313
781854
679240
324783
213382
611496
341167
487469
108667
601317
411681
364566
759105
61210
157995
992271
699014
468613
981909
632844
465071
202923
916635
418339
150756
546813
930070
77388
369220
944038
866362
876535
273082
165108
690552
30602
171687
897056
5700
988598
576319
377595
741553
433525
472560
505015
986935
558562
324540
864336
569943
821556
414696
706453
844117
143576
544140
46231
598244
615851
717899
828589
894240
64273
704989
47520
295989
115317
707208
611706
696541
864797
892718
990118
379398
543976
417151
279300
387153
24871
940494
820620
685495
375766
942721
566748
325062
212534
635363
198879
660553
90312
846164
84700
187846
985447
621984
491416
488545
586178
22700
542185
939614
437430
974732
522393
754564
537796
800754
779123
582685
948212
396226
694189
452697
692933
765889
340977
102738
231567
533483
45898
362218
667255
100387
714280
563984
503055
780741
124175
559202
893064
63703
733218
448492
223828
950431
98696
109647
53404
563214
648121
931389
787931
485594
116199
587937
391126
273577
66059
756891
244344
208425
46474
401129
150221
363452
130820
35361
759131
723601
518650
947419
997849
778446
826649
142059
106573
912169
208295
344651
715461
461782
349961
748888
246321
384667
126446
701107
297627
740415
284892
251784
591877
689440
855509
829483
439006
147108
601253
124446
360160
395720
709387
108463
492233
522388
853954
625662
774131
446831
761003
862493
73554
991375
272344
580496
25162
851080
797943
746227
200299
743750
618905
622395
12938
75158
514206
311316
412541
873694
640319
881770
267570
976557
200952
721156
29100
54893
380560
583242
560220
44789
975622
739431
122904
77691
523610
401353
60154
188519
224501
487173
423640
273090
308597
122392
915995
162445
82841
608585
362814
350702
935750
703338
135141
798341
628404
461501
867735
98782
70840
600242
391002
867775
450670
282382
377834
572448
163778
904808
138581
70970
645851
949262
134902
207928
431205
510276
629900
370506
457530
775980
368822
918361
676909
721665
900557
576981
909874
182141
569054
720937
768429
381147
65602
813712
518933
591031
141724
684993
775365
78737
92975
484934
739551
180272
89369
873067
504605
797283
604080
251089
792694
198754
737912
790050
381545
643092
791166
566430
18600
559594
451859
79572
284644
914152
357032
489517
366065
826948
846083
19811
854167
157543
796252
662223
632180
382864
7574
60447
219281
166168
423965
6502
140223
921040
838104
33037
191405
642374
518475
58215
279754
598247
682765
508899
865745
546814
381024
415450
334902
487514
37042
583112
88875
829390
347311
614360
626383
160210
424385
95768
687348
220935
161445
783052
628939
588248
932395
291102
698670
56380
501322
967923
835786
249304
963613
68568
786535
976128
72702
268251
157334
583070
914622
75190
977014
564395
959998
526759
32738
911003
202733
240795
754234
505558
867614
135816
795341
778080
149316
761946
626784
363993
761421
54277
505758
337440
81497
848761
590107
665939
225494
159604
208390
589938
584826
406577
747947
387362
526171
918014
331939
272269
453806
885739
245657
419046
204314
399646
552761
141834
193848
73092
623862
768898
749482
290594
878584
53349
441813
289097
584737
146075
990716
116904
753275
437500
315450
630779
236672
33110
431196
142626
925445
64398
638232
430156
924419
268701
54446
871762
828163
90940
809050
288672
943206
650331
392755
999630
382030
270346
882148
671437
888813
320571
390340
83004
216616
271134
504723
133530
966567
350124
559891
978966
569275
447488
171840
404867
284397
301471
114478
743975
771935
522712
527103
134834
589217
165767
203965
460940
487507
943219
214490
273671
700210
592215
3009
20148
411969
667454
235416
624145
731988
184903
522197
756896
108860
965448
565242
347795
570698
808079
302190
781091
118978
607684
491194
323327
546654
590762
899100
347042
857915
331140
786635
17533
728164
512532
852553
630996
924346
658111
378270
481509
840764
96396
102006
54274
315257
932235
133401
18944
153359
237970
466754
36360
671838
387235
344799
191818
795407
908841
174692
115730
762107
302817
386380
940915
784185
699030
247726
85727
707719
304004
895352
353112
20051
289502
343946
318657
891623
91371
304433
205774
159920
968779
790142
25691
484201
243480
897475
376984
539433
138536
543017
845665
850629
14766
648561
986403
892352
693637
13402
97180
947251
274490
625072
753165
672994
445093
123297
326331
101262
851223
900418
396128
988511
229238
422559
35606
434185
86969
869739
672159
943178
228671
930002
649039
991951
902989
92459
672022
182582
205346
368585
356206
13551
451065
694257
345181
489339
317339
897381
720103
973655
336734
681759
492820
166834
100221
597210
204633
598041
554325
939721
906982
781619
221178
566123
543307
294120
361716
66934
504968
891806
922073
594928
220335
139483
958984
915165
99384
552590
242111
159763
492513
43561
482138
822185
504448
86247
481641
807374
200615
874027
97068
736245
758706
570633
323566
946798
835631
51805
296251
231696
193515
691225
763838
180371
975957
686685
183484
126906
444497
574527
555495
874093
676956
703018
199584
697317
86615
495074
498124
102464
293810
860325
349842
980532
26550
790125
324270
985824
906798
891795
684917
45822
821363
243725
199397
25653
437395
679064
228648
240459
918046
196977
98662
274744
964172
986428
547779
404053
641614
58696
488188
493747
536816
801770
16089
399817
357031
649094
263120
745093
998013
477548
137590
704387
17622
728158
991202
204443
655325
94192
788640
758869
936976
981576
796815
650616
399654
887045
868568
616192
108377
510588
150795
321645
735379
551454
137879
899896
563129
79925
304294
592353
321294
840973
937747
478627
544006
307311
888137
922313
810920
995977
862585
37594
424414
105705
101559
828656
313244
688552
911730
746471
138667
970787
26958
274544
377745
342629
851360
766981
186847
375201
56197
896887
600023
763738
845535
906403
270007
961253
491502
514499
455782
217734
825990
510496
936250
695736
947314
517157
869924
380617
977254
280784
48505
696865
829273
768257
460573
720291
49543
255157
269006
267307
210881
939532
323594
564408
469103
869126
147038
846115
3364
675212
453965
755725
829468
459755
833177
604824
669269
832411
950897
187660
176646
902461
959606
969625
270016
329828
691627
315772
661536
235851
329722
356218
48622
942372
850461
353353
462358
100752
988783
920142
50049
980458
720720
647681
168462
914941
181486
540589
755506
652438
41399
534420
293481
403189
363224
411312
253527
956445
941872
395475
773696
520331
621526
274416
647584
861827
388803
726194
676521
517829
250526
676938
35159
387679
630627
692614
333105
546972
117550
88285
789598
768538
481514
320967
501344
253177
423057
53001
403634
962351
303262
121806
432634
924089
44119
520113
605803
137900
662064
441368
268923
883498
98334
564218
535035
479856
836922
655616
708952
658507
424717
436681
129260
282154
821822
601800
328194
474319
955285
121929
569829
186400
846891
588241
675683
520602
364464
642082
468259
788581
550233
987165
249248
907010
124388
124226
641985
39264
145737
699475
310679
234638
155647
195672
677362
283211
894887
829115
125280
721658
442009
323283
152131
851122
339658
631998
890382
506161
33111
994662
51804
74864
932336
198311
303149
742609
123236
205191
415357
561909
350596
366691
650307
991914
787191
851179
36163
839169
540634
278148
37200
765950
525585
613004
953762
651625
824815
453562
786959
868546
887614
360738
24234
798353
406571
663896
831285
760411
194065
410797
731331
519857
121824
821013
285551
167522
682345
730025
721202
232848
145674
553031
25573
439264
569073
595863
238036
45067
128334
882985
216187
117714
968537
275706
446624
267598
277053
799318
102220
298405
838496
784215
887719
498841
856208
606667
404591
594234
372171
732915
660309
961916
673002
464040
73716
79779
795692
447257
862127
868058
581979
34799
698341
787620
59037
474129
569811
27818
450906
160515
104391
653746
318980
435817
411261
665520
614279
118058
574616
64567
210191
511984
366718
85256
636465
796043
216016
635851
363575
329461
647749
409371
450187
126064
117666
581820
16894
782668
397912
514088
20214
905861
93690
636934
241650
150728
136281
110012
952443
201622
75837
176923
395818
383746
397315
298297
16528
866580
879118
7645
117637
462416
861419
72210
795664
199376
291461
741150
797424
553934
251265
631437
336069
983998
225655
299878
556382
358296
263822
969023
293664
402739
399283
242028
788495
686605
386870
289811
55420
844327
47809
113435
727691
525453
800821
877315
663264
361844
188322
506127
654374
899451
547363
192988
153019
502036
79509
710485
526588
532348
783346
6014
872872
246694
264653
671342
607219
520950
400108
376730
157098
569768
128253
324299
470973
458833
588855
457522
382446
92542
406542
448594
162517
176121
384978
866779
945485
852394
70565
901143
632575
600537
103831
873853
155528
877265
351008
654691
18890
737568
957881
936785
535756
972732
315799
427249
15375
367296
73797
122082
762862
65939
850717
734571
385520
206377
607906
882508
131054
503651
303549
994545
764763
555538
210962
350848
151029
49497
612927
574609
546631
406768
283057
119165
452824
508485
45666
603919
781684
921533
420787
732568
800980
912984
766625
354463
283756
653746
24743
279668
465746
451941
412400
274469
513990
755212
59512
324682
977250
578211
695038
291643
719775
535818
187816
287586
784257
288808
366451
454059
208417
378028
260372
164888
665365
47215
908912
735408
849149
746549
140981
948311
26029
434451
742867
113785
620850
457322
949659
717024
91011
624337
964722
297190
289094
234385
311473
355844
692667
649865
109085
354696
726473
31410
593790
164645
62179
10301
968926
837349
545367
640665
563487
629433
166579
836176
37945
331057
136596
330641
942288
156038
900492
822536
159534
442965
618287
677353
450658
724967
531642
447757
364148
511275
669089
866931
288003
723205
42868
882599
749822
245695
762477
548672
851899
355165
130200
777026
433399
273551
259423
364132
709163
73216
43569
475565
201863
348684
993551
450232
560141
243662
854899
241814
656525
860822
760797
63698
196665
879802
126651
500559
634532
453380
805876
155214
107804
201417
182545
408524
603296
525081
202440
301576
101952
515410
466343
877346
497488
255567
756570
240991
656712
606846
337496
270985
140987
568975
58032
763444
485298
528009
897900
484443
153829
433847
252511
151592
76245
62079
849936
390866
503048
627666
867843
310753
443554
995647
232992
284557
532189
943587
322883
881796
230181
457339
572959
317963
331603
993498
632271
657340
516995
615541
303867
40173
43476
370716
423139
56561
272443
121219
132939
612280
942340
591551
618179
727122
185447
477388
586770
82320
952259
807114
507327
318923
910266
860233
847867
751934
368424
110841
959534
871054
524096
962884
107164
891627
688901
900407
640116
352590
333410
543067
502901
605090
173800
902690
272061
162879
705570
364861
775024
467601
714133
863499
767553
318103
967641
865963
988576
622600
399758
958258
248640
20688
742269
828088
907780
699639
706125
871181
633925
679395
296671
278217
612610
589620
762502
187777
615205
43341
603046
175894
707118
908467
77672
952743
140159
130765
874647
125926
858370
318347
952666
153416
926778
377635
879630
672150
319845
480631
393855
935265
415115
957395
587524
440467
502503
345618
634740
56608
717678
992352
937224
769882
212864
604697
955983
837412
291114
928400
118408
465982
639318
857453
935391
749696
933008
909998
80967
670562
332405
61006
707376
591991
386170
52098
547878
963386
4630
678816
695046
438465
897294
324891
578013
192846
133851
724265
43486
591749
127993
230533
786176
610615
731854
161680
46258
783452
881653
465619
645244
909088
145063
563871
783475
292948
827590
852053
510104
860229
929605
100546
302351
710314
776630
192482
565943
528567
276913
706566
947690
727502
461086
35408
239570
283221
955424
930202
461670
124258
935518
27894
270912
842067
932911
284368
889053
703803
427682
920432
26928
600055
778343
298716
699939
319006
18908
417562
903659
464918
422520
145299
615558
772484
938894
395219
110100
489755
301439
724845
767055
17110
967231
982396
636265
369536
857410
826244
855361
773424
637506
462070
580929
218003
942448
174674
369942
999073
288308
46055
520653
833586
744355
450678
116423
36777
836285
824885
481689
145806
954591
394031
330434
927610
12171
874504
893129
307691
490194
947167
583091
894264
331164
576716
31838
992734
592916
220488
857982
876984
307378
458092
120369
381325
898278
542226
752192
249924
182430
606296
714612
985138
30004
806147
337171
46420
623991
308671
11958
347352
809877
214340
902280
222869
898786
566101
478045
858012
57479
945763
358828
745830
106185
745998
651499
449196
424373
706443
203973
451158
290470
860704
5499
229899
964274
954316
136532
194791
776439
338693
105666
954827
252029
368857
52115
353293
971912
690742
339536
414160
271805
161221
550198
939055
401262
232176
177998
948755
851076
132229
326123
783333
528840
98354
268608
509596
105998
821552
576475
807607
765886
868797
572162
793479
430272
49409
130025
372644
999812
496914
469516
91904
366507
377235
442287
21784
231701
607095
438704
213510
145096
480355
427653
23540
141497
503538
556952
123499
992891
166354
839548
801161
340033
741963
248330
505937
557713
708384
382685
498460
778312
913486
291238
563246
197188
862897
540844
656036
561521
370694
289315
696393
765299
261515
429992
468359
662637
696899
255639
551802
410156
35990
365130
34784
82036
126484
702830
664173
375972
240154
276995
123
123912
213261
643376
624863
75707
532612
156800
192343
335415
795778
703165
928031
160507
666656
799527
523106
863959
233162
593041
212110
390167
683872
887257
271680
537162
236924
318338
400351
817262
547027
733104
669380
304185
900788
585215
426647
477190
395118
833215
271733
369947
613071
817872
968205
838547
205894
421911
292874
459949
576106
597146
530090
320431
214611
362558
53742
340152
386022
898138
820010
723105
137519
588343
640316
129807
759015
426727
754521
399193
830036
82302
154115
181776
898127
508082
85399
846511
316065
898315
844866
312992
325319
147718
320852
796649
731285
660940
173677
823473
658423
382282
63315
779763
727698
935788
660326
384638
207945
653051
462186
147558
943195
559889
24324
782155
130857
422325
733312
371331
776853
456407
243599
683943
854791
310121
386382
2295
563209
630039
61121
658987
595218
382437
115934
961239
907552
530212
906758
786617
658622
622929
604303
421602
265829
262538
606332
793983
842431
611374
49806
267908
611910
93968
68083
727796
334091
732246
456413
578575
577683
824308
249710
144024
49372
179137
915151
254401
195965
68659
91040
450229
506155
226940
685897
146114
983512
64000
722415
600546
532917
653425
5635
93092
282201
239113
54708
420348
546938
2979
763589
373731
572247
189623
758137
422764
372088
505008
493034
858981
258829
571116
526712
781670
954548
705231
613215
733497
992598
627140
95074
202341
725360
272658
42916
198041
847984
61398
189397
279026
92341
910243
707337
617321
234553
477938
486756
253916
835467
339463
480242
153335
64820
733923
230227
842879
349756
941408
211731
92731
682629
982252
257432
785471
94356
938276
912437
777366
423024
848588
539931
481995
964899
758697
341358
137364
248157
421244
240758
811804
967864
522075
810412
200492
524439
703405
887540
246389
991719
14017
961963
486716
768263
670155
993813
383650
476356
734909
33401
943951
179197
132414
890377
232379
452262
972554
178745
420696
253351
315430
23600
164576
92836
311998
105308
954550
197528
403997
173600
453627
520026
675143
949609
652784
428930
682486
52318
702723
307301
337392
986613
825976
512507
749185
730147
651573
960802
856154
206251
618090
731899
781702
22424
7835
166323
798789
260550
491019
65820
868359
231962
120391
680441
923078
320913
837004
210585
64896
805814
685973
941978
904080
13741
591493
857615
133032
45165
786862
27644
705069
699851
137852
132350
486959
478193
271618
948231
226564
810221
2910
595975
991168
827430
296714
566951
829138
985065
575298
457199
55806
766689
111118
466120
238067
813541
626027
147419
772936
332844
278938
973463
395096
962011
438916
788434
492662
116991
917384
955911
267663
942998
853475
678334
317595
109768
288379
440905
196927
985331
257544
86122
698755
402852
542559
324818
121643
631585
55965
790340
575348
648099
980204
610840
387180
984161
510517
790620
13614
47815
641058
170261
111545
813509
747534
176291
837229
312068
307404
476610
24801
19124
667409
540333
212323
971009
217215
992733
16781
196004
392270
586991
554112
644246
331097
77027
792000
390623
616771
585344
1452
221516
700676
621845
470488
956158
541204
802331
747273
216799
751474
404151
898892
979632
141649
339291
997171
585790
220192
460620
971565
142964
101748
902910
556801
226697
268949
754971
301415
78809
113378
880227
425475
192722
748193
180588
14975
543237
235623
349963
155779
818140
756000
856651
91220
424363
221500
2906
433350
691679
888375
214596
892639
26515
782275
780694
605770
783297
214995
318756
146869
788053
45574
989543
959943
704541
687790
741822
693185
261853
60029
539733
401328
137536
22283
418531
588364
385384
472583
25037
667569
32422
209527
548072
409143
916293
200173
504412
824688
929345
208392
932708
924669
266581
949028
903921
885069
445426
87391
550510
963828
486091
640713
188447
214627
202829
303847
927266
923338
590125
731492
89304
739783
761625
965653
464541
266185
161360
480615
456242
45190
829261
569320
927740
997269
334430
268462
669478
910824
498004
682088
19937
298602
551635
873791
672331
12913
376841
554408
541549
388960
638332
651721
596063
797852
181627
649861
716806
244393
94710
192870
425406
966304
98346
258150
794898
245071
773428
44634
752808
149037
738055
201852
172218
826936
423737
465619
164351
519917
71543
544705
448488
890915
556889
996393
719110
69765
107217
767738
84232
478186
551100
555869
307426
477651
797531
312759
976266
910592
269723
768091
519196
491951
729232
101839
991518
603186
853185
915385
1949
584044
458844
879335
402614
476648
696330
844792
224497
374869
857629
141161
368199
45410
743782
989567
124868
568114
812004
236622
169287
178684
961367
337765
180327
818946
600626
937111
980848
48812
507374
877926
25163
256705
116027
482445
452987
824065
168721
578410
597060
523489
389733
47558
847590
792163
405496
819331
987463
881938
584457
243041
297646
496279
423979
964332
535083
380795
452785
574534
115221
951610
589381
936012
496107
585216
118744
196008
854940
406083
45491
649971
700131
608380
445037
328900
648713
912643
419189
424218
537230
794886
585039
352034
511906
628197
745116
400421
16334
142894
230225
761680
482032
738032
817674
687457
923427
214910
970551
199788
366141
164034
547572
746439
292018
348090
517751
852504
607957
411348
582179
891129
5951
301346
652281
827013
405768
805306
134830
246402
47154
273325
89687
820331
285094
851618
24640
274392
468118
574990
659869
929420
563777
824210
609944
153243
42965
674992
254921
941558
467118
124075
990852
178261
986557
257979
619787
398719
196676
190506
494116
615737
866557
40846
332998
827785
634010
175587
599405
260069
901480
37124
873613
594173
578765
788678
373091
643298
23344
924274
579494
190161
45111
752092
427996
817120
849579
987364
199434
476100
187449
502473
134020
261437
853970
53925
253922
439134
115441
274121
403
947837
464572
43317
952715
480243
465540
54772
48856
887376
175975
849362
408978
182686
709653
36859
436081
509392
259055
819954
830201
595400
159563
408170
838160
192898
650260
99013
516912
517472
633359
128742
112247
949522
345208
788277
102427
370081
792650
323310
680508
971033
30750
558438
31634
630353
537899
202652
458565
942232
268076
348856
619996
209022
47455
524067
657677
139388
130345
548802
64306
633985
162007
111632
188701
261402
121855
805654
501122
943484
97861
553738
858963
530993
214073
473602
529193
444829
548126
154195
503646
818540
710022
237386
834871
457883
995416
735174
147710
85663
525172
337009
424623
212469
604333
68505
156296
171335
210613
43375
23619
967672
335126
773402
333216
383628
69788
113017
438875
712695
653073
589364
974141
203777
104032
255805
964879
87314
826331
606441
558313
588832
787736
437733
196456
641842
595830
605718
504062
59023
377214
620817
699491
763464
316900
268340
962473
223839
9516
346655
363821
541523
331497
703378
117929
120457
725344
707301
271911
928216
311244
144670
663120
232753
166971
976754
769955
549417
61014
872475
50241
60133
186685
715346
753188
813281
213713
577258
627888
463197
556235
573129
437282
355876
825161
259011
964645
328378
804329
795732
77699
587169
269006
587386
640568
314632
254592
232941
387427
329617
68144
678076
680662
590845
67096
843269
575372
161591
336513
834321
67770
524026
600926
370122
153470
613983
250262
895449
915636
450631
923103
251808
402984
505569
113926
156689
814885
701848
370635
951465
310700
578716
403880
136973
62208
834380
245554
786495
432670
989885
205209
464189
508875
338154
352458
484150
117573
941624
521715
770474
467355
801699
24486
384669
830488
907595
651735
709239
129499
404629
578560
965371
327618
301375
93348
34402
426053
55236
363695
299155
435679
951400
220092
160450
417382
850657
500529
293922
64316
621282
388101
859528
391774
495941
455010
522718
300825
600851
872613
867584
963869
253555
235267
965430
561514
212526
91077
719823
64359
711899
965427
492630
147281
745772
717583
249012
366096
950291
555512
743841
344742
14866
697712
686216
213760
807198
365559
232695
583151
535023
443478
178432
682736
489127
785143
389039
358183
687132
819249
786343
158379
142532
631458
582299
318394
322620
177910
400294
570381
797365
917700
103944
779655
988859
193495
611582
563719
776099
466185
477053
195100
893073
164619
137802
12440
194531
409154
228473
90301
60030
425868
794304
672853
983731
920673
763638
427550
455885
588180
13806
89377
382073
639799
265386
334115
625874
218974
103870
278133
552137
269372
131331
30182
293294
289131
210420
567897
836701
885255
990888
104753
155399
21049
264492
549096
449692
121810
319228
282495
365330
768077
762206
728656
349461
853431
895068
707647
389579
240490
181532
506191
81539
589365
341725
336337
556601
545047
846800
919222
134216
500074
675793
489286
199021
953373
584704
676970
671475
713882
633088
458339
290561
654726
578828
26397
832828
470630
27697
261854
223194
542047
607788
982553
399108
980886
242656
500063
166439
830966
396468
63733
869976
8399
322503
465728
345697
646108
382161
420253
184109
87837
174295
215949
563147
517475
804682
842893
357538
298
131453
863748
101362
958496
389249
240790
331266
179204
96288
181718
712172
352746
953458
84760
710593
192987
91422
766052
236634
957144
260209
19014
957436
558719
518740
322306
533159
328071
426093
811556
818683
639654
545685
550134
352072
944850
91505
189196
352113
185251
693935
609209
541435
499095
875935
215844
905144
504880
366251
955124
106570
131512
804661
545384
803734
671780
307468
383812
157319
348183
890057
229734
529148
546045
294092
689463
530063
167576
778895
463741
268931
548311
728483
935436
945033
354466
394703
542684
506991
271347
520834
252662
855462
728542
797809
350793
485678
184625
759505
467097
408864
970422
977523
680215
792471
285653
47927
252171
674748
915670
934766
594349
577069
228357
977744
656020
903626
107438
59350
626822
925916
984328
92470
465390
735329
625262
956793
321323
11768
859656
153978
879941
799973
874824
770749
321466
160578
462545
752105
291063
890691
33714
973219
177250
127908
41487
877065
25364
595889
841696
371400
668964
552370
91091
136219
705822
99760
157965
297888
271699
17640
579726
735896
141578
693196
177203
260347
392212
118192
688148
819574
562877
476120
609293
116866
180767
80667
495706
870178
631120
272243
771548
58873
888379
162980
577976
18373
384780
506951
78367
901244
278213
204019
77864
205697
47726
241798
638233
882883
155817
935765
985796
733875
549219
857646
862286
513248
257191
36486
399115
345520
901580
439108
49349
119613
82191
979945
794716
907273
376059
147034
844167
458144
790532
573131
637368
632457
153908
798986
831710
378024
320637
981797
248260
89139
462061
491257
559575
135503
769855
456345
407492
121862
353229
539543
860864
55079
596963
478962
235361
605179
36592
41180
207849
251423
42198
140006
340580
950851
640928
210762
210023
994493
769363
818133
548600
521931
517789
118575
795148
438052
277226
875720
56875
101177
222166
748193
896304
356557
545597
785652
527084
175597
398765
434177
492715
630990
109181
344119
222606
267331
114999
94011
259607
466520
764336
74775
954948
564174
65017
54786
295634
829234
281262
854024
539298
52572
221228
844374
658361
567361
691231
336868
310178
460726
603768
155007
847022
726274
619966
615794
169948
397214
920828
776208
586323
404491
10904
624033
714955
35088
758916
733735
411340
833551
334669
589963
930831
948995
909905
232169
211328
793689
772686
261301
940389
165415
154261
72776
119960
170125
408029
995787
11504
178279
323955
344254
992702
456108
131343
730406
558643
190694
844035
251985
861663
103566
994188
435207
326292
16771
91851
555023
54633
78887
13261
894171
500699
576534
826310
520657
650317
706820
554205
458678
485296
400818
173345
583865
34173
849037
127641
754522
756447
379619
581752
849909
67887
154114
616431
623023
360855
756143
145309
842876
731799
389888
456610
462154
151782
750743
917009
298829
291440
131643
469571
354856
332158
161364
367817
577141
599860
704067
574969
447281
262963
267164
335273
260935
691295
946177
516090
666295
23866
256412
224524
351907
400303
467064
485967
98614
759211
788605
151353
710833
734438
696326
433620
425491
265152
767456
998959
961765
357894
795170
385780
347103
779411
173220
152090
448762
824083
62237
450353
584979
55779
965725
616090
936825
104148
90019
301273
898259
473807
191580
408451
113521
616722
395129
591185
34221
713113
582443
199767
495549
839767
531006
402702
669273
189219
625615
134797
827203
836528
411179
367575
417400
22837
657350
548045
83057
523691
952085
481540
236694
457909
690888
656049
82176
59609
102312
404673
939113
178284
388616
88006
831667
356493
768875
882187
880145
624903
223538
342088
286230
524122
459264
678385
430168
458515
981420
252009
406080
75352
819938
439700
260210
630208
224663
671689
958419
696927
655654
532326
797691
531615
690380
997055
501113
586505
111740
454126
148989
777251
938400
798222
798758
132980
441582
660227
579241
715427
245858
765488
974170
325054
785565
642572
640474
523798
354266
972175
595038
361607
340425
841670
695895
471189
150218
801478
589507
380913
325127
390461
99152
286748
273838
679843
251880
946851
132298
933392
800414
883976
521149
248872
179
751553
934172
108849
368644
260889
443367
980613
614420
295989
221283
136419
926450
303857
768470
530079
268295
854953
269791
317050
436862
540820
59375
94924
342480
137930
595368
456030
936491
970534
268624
846356
807678
470662
424561
606791
977892
444527
563601
499889
536874
307534
940042
600321
242110
406361
294021
590031
824055
631380
568727
430762
781243
971568
874296
973644
730001
179278
10395
754159
42948
560609
678127
577912
264240
113136
567218
809810
158188
846843
261101
907350
684180
128117
328656
503526
423729
42352
509610
696729
673031
435479
110084
898192
437372
210260
203291
165863
802656
70098
511673
670664
912029
257884
980143
906009
907324
826980
929329
988245
864913
530657
213134
41464
953029
136975
971722
560468
290494
858906
519130
447425
390125
809301
964283
406770
435955
291364
771375
454306
151729
991803
487893
636716
262763
91901
532708
235258
602711
400710
241283
273494
852424
22340
328
940508
716530
836288
165964
1232
24985
804347
524008
215052
559579
112115
38926
897490
803478
713349
479749
519616
77559
5868
476802
174753
312928
865127
850080
505055
444597
896569
944573
876567
185092
728714
318064
724165
661006
108651
763818
974302
489462
496631
117928
522301
869061
770900
115218
417333
844248
98073
168116
657605
32551
953546
553238
858473
82354
723390
504313
944077
959306
502818
992113
362652
656953
692630
983322
359863
332623
841653
897656
531970
209802
307378
521583
350360
378273
686237
687579
636958
587501
92485
847117
964725
317876
528184
697635
504393
332884
796518
223299
721543
295945
928676
871732
76331
90715
174348
700824
473911
4839
785281
620810
849023
63239
700240
884816
313441
965537
953650
733821
553491
50185
417966
822630
341141
880724
33051
788734
787717
952250
578691
672401
760337
655271
985636
267609
328454
290654
604304
75584
112776
772042
711028
978291
802075
470243
801269
979744
898781
177849
289398
674060
793174
926432
743734
839250
863912
947001
246359
478651
638817
909208
280889
719991
159471
574679
646021
493942
413555
613238
714502
130022
130926
545773
385585
863497
36888
806545
387141
961266
539727
611742
673613
743835
99116
27303
60739
17510
624946
460247
553551
241199
998624
168931
119276
935626
422
713038
320619
697374
388916
355160
237522
903965
397997
662660
780828
435423
461754
999173
327396
100314
139835
632196
730588
235840
484313
16401
526775
842997
775543
683043
637735
302572
1799
114253
314048
604829
893625
197312
162620
20964
135117
242743
169688
944761
148874
42115
745563
223752
810631
15603
222518
970029
77222
720479
359111
992334
504353
993873
197624
949204
617468
892049
953732
228934
806234
443532
704090
492868
490604
116192
623322
347614
210948
124295
118204
141903
251207
824925
684624
408921
50561
314895
848863
702782
78163
676386
583601
798872
711751
958045
811176
534038
933316
817301
792970
847315
981149
221523
6684
543380
121795
673635
870633
874206
957083
927356
179746
288242
34091
496199
863263
659239
826157
126542
766723
634722
636358
965762
622590
545075
262672
402856
875821
922895
330707
691490
517532
921510
606931
661590
758443
325985
367299
776829
590158
232506
877783
688074
968430
534775
517815
299892
235245
692036
846479
625890
833351
504812
170627
758899
210707
803060
705280
989159
844521
379860
727662
945389
64926
161298
220994
773513
319531
614973
367791
414881
165420
22532
336764
910885
691588
506609
270193
327001
732701
489989
792619
486337
330061
688560
375439
277736
203412
205613
306011
835468
723970
32760
531672
644073
942134
888557
187948
160864
42752
939006
552012
504644
593512
761873
14734
967618
760456
894260
598556
928042
243220
45246
102276
262686
59706
724611
760813
317590
722660
78515
171941
686349
507803
948239
894549
503883
72133
36681
301334
553168
185807
392696
489948
396442
525157
992757
648400
892307
30430
706133
466428
60827
15990
954947
275040
249389
927411
170360
352353
495920
814248
68826
492833
896476
757463
549614
497450
617479
711473
937724
842371
781964
210426
484606
260709
879638
262216
27076
14791
117326
576234
898215
131414
635487
657062
413735
152769
202658
524378
554212
580656
224683
613379
412854
866708
325039
941724
988521
673305
792336
540446
410136
353913
262727
537254
181732
978794
11629
43125
979986
746103
154278
645713
828479
540461
958315
684488
639424
655276
824882
874836
656858
879901
926075
342042
749146
294146
816889
891149
892051
477672
146396
987824
954354
871418
920695
171256
892287
736944
799507
351183
990514
422564
765263
501365
343216
544453
689202
90817
597537
942052
309135
440774
569070
475820
4564
10832
87516
1391
822959
560270
580032
900763
702684
81033
445214
450891
269711
619346
808482
289145
123387
281851
632634
397714
497150
989563
498766
190306
316137
981813
740765
94703
96943
936978
333237
784737
898793
887178
708623
88798
509315
872002
755908
773172
920967
727120
932208
990320
287812
423834
154914
52107
192282
129116
62396
934404
222565
161032
653550
995913
274116
255239
596361
258127
663429
854814
524931
132801
569646
118956
834054
687956
972778
418831
987892
296441
515791
322919
289404
995244
93000
759154
698834
945002
659876
965462
839182
105919
592954
939134
326307
237181
384886
774107
237626
269705
64773
796300
869162
955471
519129
255321
743318
460501
526937
664472
794532
522029
276969
345074
71318
88772
219537
258880
231430
547672
821900
473615
999362
524167
465647
839426
391938
668866
555572
678103
152386
616416
931299
33282
862080
997071
179996
210357
46868
56549
545667
35009
520551
782165
372680
367382
251153
883965
857938
455078
827347
31707
342599
641064
804077
767584
177594
900537
10846
871965
412594
189468
479222
592538
837331
360546
780185
310726
417964
287461
504146
398472
377052
59566
620881
356531
360673
508918
615939
313241
179134
800778
107916
409974
677257
418951
739428
152461
989326
921029
543051
936785
449187
942609
287850
719865
18570
206738
825800
323766
371964
228300
448613
924289
782104
400451
611063
639885
845608
211383
462270
91228
40588
435598
602758
108078
605573
596560
125369
753044
630304
103820
417822
288930
271740
357207
31026
237698
47994
973812
111009
703525
857921
60879
306849
270869
607403
318372
582444
578215
328144
61693
112472
700044
841965
952728
860372
854278
166768
640167
75137
215991
178018
555632
766058
916372
876081
633173
556962
535225
212121
732398
777849
354007
241391
102994
142874
204168
269962
125237
481860
24067
151118
943787
698659
606123
181014
458123
42634
891330
32573
296558
30672
823610
456714
383319
393732
641324
375413
207341
973133
555554
558362
47587
989667
598478
193849
411960
845604
218206
508712
72026
570580
40295
284630
170278
87348
901374
338876
631050
137469
925030
602082
677260
681273
416867
351626
455907
969023
407661
405373
315651
907081
625792
28273
644278
960627
525648
597716
644454
955987
733914
144440
707895
484207
344982
946587
459665
300895
241289
853009
44155
400704
460086
567184
558371
778386
952692
93784
698106
99567
449627
431677
984380
134953
840536
647442
915533
52606
136224
204212
460735
842938
999426
393776
641648
602666
999124
774738
893392
981368
592911
50379
517569
801640
970807
199870
161111
78894
19186
362215
886015
205161
672315
702184
257659
123392
355054
579250
492491
164952
489539
989004
469800
296943
73880
257027
839849
923032
39270
834159
332937
834899
894230
635549
183488
632392
230188
142814
697037
119136
985121
618347
654165
633408
782607
134259
304997
37283
584710
973635
788116
838803
715964
293393
424580
407044
578080
492774
778247
824205
352911
980005
620509
118468
523424
689979
617500
702708
670042
372773
328553
953918
492869
447129
4770
87177
115550
879250
150622
13671
26660
294203
667916
170630
545743
597879
768760
724687
495968
117259
580780
236318
178707
317353
337907
172575
581426
340698
229432
214913
317763
667270
475854
922458
232802
359267
381129
491223
891049
240504
380937
417886
406027
473037
414614
342210
736320
630321
786471
423522
677530
588647
175421
832799
653239
852783
865324
414583
49743
258412
622842
158915
280493
891255
441056
797577
963003
18431
792302
908991
871670
784858
55562
13021
829888
929389
532376
607005
401620
41076
5494
33490
6996
319855
274078
45410
80702
210346
547375
927010
827005
759591
312133
903692
805916
460009
476868
961823
875861
864159
181812
545748
228744
905772
400262
915384
11015
579599
648757
213099
854286
543540
399560
785331
174352
72470
951092
3837
667372
670095
479198
506482
26302
417853
793853
374258
857746
981779
107038
966832
628212
290553
102337
801898
162403
514529
866977
143171
754147
547368
419729
331582
800818
490852
778754
594777
693906
679248
496737
527172
626181
205585
79645
758588
634903
115812
73734
326985
365973
880423
891345
185040
783771
155265
732536
798166
762635
84974
426686
303954
61082
414314
434320
85036
82372
950713
913607
460952
395360
418769
451082
941834
615246
360293
702801
267861
565580
187984
547908
243108
344616
230490
442370
681107
951824
327913
232573
630827
140613
473478
131266
424440
210862
301707
89622
901577
153993
732711
879996
184324
358140
463950
814740
820579
546506
573951
36573
133775
4897
520499
274459
902359
782351
88671
501268
339213
207381
536102
958132
451645
768340
92447
71696
984459
713508
779902
112583
969000
273028
495521
654085
949809
220139
917305
956321
646052
375485
347795
88678
745407
636761
611074
631855
960311
949711
939563
585452
210065
338415
898029
882305
343265
88572
211883
572557
544157
755200
707063
437703
661661
360569
577692
960773
131314
249841
305608
343959
558944
64939
23252
377936
340345
162937
232946
818660
754903
799275
415794
793389
466613
825506
105521
457736
502955
365762
745310
135708
993668
229574
477354
698811
420285
957613
169932
790432
608605
152594
373870
744600
252715
144089
137911
327422
834961
182469
91765
419999
600331
495015
256359
697660
677580
99505
810021
333805
705453
872681
647405
267426
494098
515193
100299
691205
120860
115875
596516
201851
272900
894993
109791
861834
567386
441738
74799
699412
438939
433473
373889
586370
375528
903816
317311
264316
238761
146082
240767
219732
106877
605493
214220
538370
139100
937246
140559
382474
543628
572639
323737
375226
430332
230707
198351
23247
811649
349570
321650
428408
959402
877488
418441
344626
985538
183440
755246
638482
540385
806519
476851
766241
811375
498027
642287
461601
46135
524473
136040
377326
167651
572837
306398
820544
459546
473340
255922
626445
169587
324742
278193
848779
85524
80792
378882
652115
248299
947141
615975
145569
259528
392693
951475
174904
295190
713549
359497
668834
331829
417614
811020
29205
549109
7866
897832
901426
14320
741808
298300
281767
384772
439001
484131
836851
101099
470971
844830
452169
523513
492011
857631
256846
519410
96415
544692
662525
593478
304929
582159
355690
66091
991328
669486
809700
221396
423649
679723
481651
251411
583571
217186
131904
528968
68991
715258
413012
773829
472222
2450
472761
832320
603972
582730
483197
624691
614843
39147
718612
246420
468651
356404
606941
495852
758452
997954
37309
466391
672478
273691
501608
152471
972264
876119
933630
48212
182141
983915
741905
639860
385092
755091
575557
784467
295702
704667
389841
500127
217419
647947
283298
655251
232621
629549
827230
796622
889614
797564
765893
705615
237878
105387
30260
67408
781300
116751
283716
344444
829141
22057
76303
850573
210355
513300
848146
381830
833765
953991
735470
450506
799956
742024
71177
164888
188781
805806
731665
577316
547890
994833
516129
344338
752299
248464
279740
90193
115515
613502
476149
732626
166605
570537
517297
610852
250029
167113
181253
629422
567859
770050
248697
42184
576474
813142
430062
458358
241262
495466
892827
429249
904228
65331
199347
6644
253252
90237
160867
786928
53377
475032
830583
868013
620905
183711
398044
983373
70775
440294
236288
153566
565638
852543
979862
724141
241824
636393
927413
259585
784885
584918
200480
261115
837095
164952
368033
903304
985090
593575
252238
272704
796297
243153
325037
999838
262059
872959
353012
382492
793493
975903
701673
45803
598689
925491
773800
119692
608556
537526
177347
864334
382852
49190
622979
96356
378304
863411
207757
590626
586411
445890
375648
575316
679448
573150
830651
309627
187993
232828
461723
983205
261642
574889
70306
66792
352328
932178
285267
574075
910784
990575
656954
946800
587362
667086
717865
205586
392115
581560
274012
829399
757698
288001
937918
896834
720498
442353
716101
559576
537078
857034
306936
656188
535772
813174
705809
919337
568320
442511
762493
921740
484193
287626
279551
161660
30480
831681
444149
217751
935108
696347
519539
736698
765515
313754
493516
645660
899035
974720
374191
694727
772679
335199
329325
14133
201357
328124
848152
587075
378699
105823
726215
378708
113042
989818
728311
87173
657939
328819
338252
17288
365686
55248
33845
717663
41418
884094
106285
399159
457559
695550
347037
886047
850702
506733
776478
820643
551906
999854
973469
807689
507120
217974
965912
720039
269657
483187
226692
865631
11184
309082
311761
201785
134351
452684
654981
526619
552004
93668
801157
505959
547625
565727
693555
10929
273617
230057
915696
124892
69022
638400
93250
644496
308464
948359
915153
196825
537272
315753
552908
864735
808938
613288
9065
711166
356305
450497
711753
206274
263676
933630
945785
298688
348502
864344
988245
992851
27476
23430
259335
726130
359495
180198
407725
290667
577873
34055
925913
542078
409012
672145
458481
389144
740550
742417
688695
82795
999425
447845
154531
672614
345846
210753
689453
880982
14626
883547
693095
709273
790937
90297
250182
749498
742175
488533
284161
808302
616278
682921
823889
265194
721169
564061
749081
831199
140614
828235
599136
976211
338210
454891
816505
47069
534263
611808
750148
426813
30161
857310
931853
660566
223526
314358
632337
813320
873643
16127
334625
67438
777923
525603
362784
682481
77074
223683
998375
649799
130096
182920
492807
545804
735674
821575
96238
797883
749122
204112
807970
184905
39526
382292
833643
207198
427774
155504
609166
497009
89071
71706
40691
397886
110877
776486
57704
105447
323517
663862
695230
75877
900360
816700
118161
861097
913227
768301
705254
14291
742491
917829
795756
446413
52326
490864
246245
116998
359781
384668
588638
145735
134702
46809
190170
597619
995878
247337
786701
732447
468692
375850
572996
580619
816528
534493
333602
625917
130266
420754
418692
555321
647687
882674
763334
217695
993429
85417
404255
647969
158944
883054
552231
844894
746350
148464
762682
431968
492645
249758
934964
247151
299868
455443
19291
848272
696462
98653
101405
298013
498923
548520
890990
265986
492552
975308
155347
372689
725559
286448
65021
457539
262578
116761
691085
764044
488689
673875
78198
842202
4635
350330
594561
251177
860825
572325
988009
831813
425413
356272
234278
638366
44993
455013
311111
649857
614693
90311
48248
412281
417040
462074
599460
47361
439711
322962
665715
703332
604092
274614
106996
63155
265742
981872
503063
174627
530894
433237
508177
698752
164537
948940
54626
562834
904033
342268
835379
543627
524255
621846
964376
383145
447459
687676
550646
518190
740588
855116
583934
460346
540499
697422
715543
711874
678145
841974
939610
602543
160000
768213
374903
88725
58607
85155
126581
587022
394448
55969
761750
215347
701371
119854
579800
789110
494965
919656
565528
893023
201820
43517
987858
915809
874361
579917
368131
138136
906680
729405
843503
177378
674483
65371
240958
712151
406762
280745
31554
959014
160335
239944
481684
144525
873854
836803
460188
80244
775946
82996
441582
652199
81715
476503
271697
423343
592499
690217
182684
615179
308023
135100
537402
851984
738923
541338
923148
129882
783406
710995
216557
803566
576869
772774
140753
29678
582379
769096
755846
363383
917286
938323
834013
516635
785845
698894
10530
16182
736325
737813
762438
955823
100035
787365
895070
653197
986860
213062
756484
422963
851072
498069
886043
601338
905301
162925
691313
477737
454855
105394
408445
494163
79117
248313
306823
795854
355495
265687
138087
238091
855923
628357
643429
550551
529439
984365
859008
345005
209401
205268
901514
690549
378147
191907
352048
679581
128738
840467
72152
149843
572053
365812
316899
455900
579330
789019
946322
467796
162700
245670
199044
954754
728385
355117
936093
634775
616144
684615
918979
151363
80023
290102
993794
823477
530331
604656
75023
907053
504849
727435
165738
294655
607833
653700
498588
119974
284938
144171
470594
619112
662063
835870
240303
114930
105410
935506
978052
895896
744488
195148
378597
778
564322
33936
942469
981420
838577
97565
982140
381094
351945
176779
934273
93335
761812
177037
293060
636009
409823
727190
595307
640511
801317
382873
178918
167819
298038
572904
482353
804989
103044
645630
450278
870230
875018
652504
471740
650651
765593
168829
990624
628772
691905
559455
404974
906708
972824
479386
211276
821987
67498
51993
139683
543382
909885
694808
839675
777936
704895
868547
136882
96002
662926
493118
488857
423743
317476
295358
99244
775722
569502
810900
909483
405008
431655
816906
936089
403154
34373
478566
608592
557883
349440
683788
162879
311600
955370
49983
68354
219333
372752
160456
751132
797484
798459
30639
342484
109960
645091
973158
372329
645088
288881
428678
994802
82607
209840
111024
263575
835928
893839
296213
10150
78262
256021
458258
952147
778833
63074
353331
66959
185390
407197
720025
142595
204670
330879
777206
962345
474230
620603
160244
474375
731326
971721
41589
566665
893379
51278
515574
118203
803175
156714
164749
436320
345560
516189
471953
221297
17534
565974
381272
724789
121934
811482
339739
168121
94012
326990
12598
421421
627277
279393
224972
728027
418378
281688
509768
710853
739344
920887
112318
362905
469381
304713
968431
331667
181861
781837
660459
357615
872570
377277
810193
188170
919274
801979
242354
628181
707114
201435
694740
251060
122705
166791
493074
24697
548103
781523
800289
344823
848220
912542
893997
972038
590645
539361
841697
970067
360288
732503
586182
982305
570633
263817
803075
247136
933894
211253
413123
982056
154701
707802
141748
739090
534213
36515
293419
46067
724217
988205
296932
167798
47721
527287
248679
78037
405755
450725
533895
535668
103503
348593
890117
75738
957936
89199
896081
993484
401765
204219
802544
1352
491880
815105
161977
807387
376238
490408
120441
633888
788389
301468
699062
622293
753340
651894
447185
539867
76379
409738
60228
196362
861940
742094
534987
899886
911793
408738
861536
230371
115917
278144
403102
234440
213439
858626
14151
720163
273360
464842
942497
213393
668174
187729
931323
27176
222105
594064
744589
382635
58458
40388
86397
336745
211732
992290
65214
969202
798738
517783
34387
636919
495616
543034
778290
892861
583958
576145
201027
273598
375023
854653
463367
783260
880760
590211
60694
402050
487107
367031
223169
824409
310139
128071
952278
881700
450610
604385
821761
269625
139223
433602
967887
749789
952515
605980
916558
515962
577266
516643
191249
561471
84431
820213
595088
377429
761383
208932
838827
365049
558016
383649
543759
305018
12675
607814
527409
66897
215380
587583
141112
238616
286146
134422
520055
183401
746522
866715
439448
639252
428694
752620
843924
993212
647219
813799
851230
191566
609184
39593
219039
754655
720594
596097
791388
454882
225972
825142
254581
528834
444540
927153
861959
182626
375385
510025
498288
150767
909704
547945
330866
110174
698566
964896
408561
986055
792672
838149
467862
181406
779750
167877
982230
841290
749374
914251
712973
33123
475348
974922
410756
194637
846127
355818
12241
651819
224735
373260
473118
706626
790739
424316
987842
22060
399431
929138
195019
975030
463642
260805
961309
743958
374973
920749
853811
681164
637576
102387
147396
420179
723879
394615
654210
589508
579889
970077
705788
252232
53913
183126
829988
807544
281853
286150
14442
328211
216284
178647
171654
900827
984549
540506
929941
936012
428650
207765
180507
223418
625715
503597
265895
563334
857711
871985
272660
845820
91845
596800
186603
349772
120265
959577
859366
610660
404683
298045
729616
426982
241481
781443
495112
211723
350788
345848
227364
808212
427760
219376
163569
879656
9092
111726
521177
960399
524274
454379
619486
678921
614129
102855
664514
309772
110133
779081
182985
105753
291200
477780
705622
8762
351698
744553
255730
794330
21628
749523
445036
145600
558419
929715
619162
879466
564095
150888
923197
514562
32499
625306
381763
97279
719095
873252
298469
399451
642145
527324
734769
404204
523554
455616
987682
906658
452412
369086
154603
320284
187345
200351
217235
454567
287511
309202
844217
251860
237032
838993
507321
525492
24182
597042
487335
46642
251292
232332
873080
487566
878991
232644
430721
459378
607347
550131
442327
143666
593354
879669
43413
168933
605255
570897
319099
839898
570881
923392
394995
945529
33539
273308
645488
100664
174656
3239
810991
239478
117476
98868
655519
857911
185733
623925
7965
378493
647224
509987
819672
48959
337024
553732
363220
635145
491746
113692
201482
30127
848148
176242
69228
993263
137811
950973
66117
506722
860820
544044
519679
16543
519890
2447
592831
140141
609158
301925
618154
649570
508725
604930
297227
988892
416419
27037
315213
294875
434149
264116
220770
423802
343956
521372
284614
76808
781470
346152
651614
137287
211318
162037
831290
328321
113003
431889
977018
517953
691094
618694
942860
541621
600686
448134
803027
265246
227574
550004
446755
623153
744149
548109
756457
636878
541382
285041
660904
906970
727782
351058
977310
322683
58666
170680
765317
232239
472691
446830
548661
570953
684538
137740
63334
903562
274726
971554
467476
562776
193085
551102
747387
286173
510902
336539
187202
750911
929068
940774
998324
4151
87279
930221
177065
305169
404341
331815
823427
124223
136046
621338
617364
295769
750901
416749
81181
554613
198114
812490
560177
14943
829628
634671
800377
685813
448524
57234
623824
415202
534989
512047
877838
72117
297791
932975
33954
990685
818522
434742
309081
806147
306464
897865
6267
793540
782091
240219
199060
106121
572646
336819
300752
466117
686456
755003
58688
629195
574106
286375
500793
198794
152170
361215
788571
379750
788696
504715
783151
898803
189278
373403
413546
483856
227468
609712
627855
169374
334529
207370
650416
472988
647030
557071
638292
221153
569652
439317
307316
832436
614694
493772
539104
796427
351049
302731
327999
514015
907711
107317
270707
438248
439107
110664
490011
921210
254519
930178
302066
32764
835162
286319
769108
685697
558933
72724
675873
573188
637364
703346
184634
516741
663026
922231
404137
484346
667437
840966
380253
591860
113656
269153
824530
315216
303503
271537
94095
73749
948389
137395
722057
340785
637786
305278
646437
908299
568648
519796
358043
269764
748093
434053
726582
289616
209411
218907
382072
528170
707930
379494
948954
196153
235527
264388
415856
783613
331589
492683
277867
558261
480986
109623
211320
162385
998533
795563
542535
887823
106067
108069
672550
724469
581841
497667
682443
151146
840604
266156
685872
546288
751060
104029
870041
450433
579311
718096
532913
544454
14186
498954
617554
889390
611802
701634
563044
916273
450720
706217
950557
962466
176570
536794
500582
781354
694199
380256
271710
850790
831171
117214
230775
185055
364000
156959
277246
784994
780981
42555
861433
970812
683008
387170
847593
486740
813288
515080
219887
497189
902638
248429
251723
50262
63873
481672
242879
610423
212464
906447
196178
787482
401850
262182
170160
553292
64065
681761
882159
743663
147485
733944
742764
981941
988237
185990
424596
776059
548617
771966
503295
843071
363635
768171
735734
712896
457195
107489
832725
704945
79170
137861
674892
743897
870406
449782
253759
968586
315899
577239
555981
998267
38251
598331
857070
759301
245333
41259
664950
250230
763777
811030
666870
456022
778675
526614
499458
167284
777278
537563
204684
107947
323183
316982
54447
778486
436778
323076
44360
11949
769683
23541
176831
83676
185635
870776
684131
595390
196698
226501
230579
238811
982995
40070
581050
298747
393075
345251
325458
921350
606587
348840
52104
962553
878206
376277
154720
304519
442476
160003
989551
410634
769612
914222
811431
595236
925064
616547
738288
100855
740706
876999
737392
735484
553093
92929
692781
644804
454646
224197
955146
292169
89449
121918
73070
69488
43312
172632
59138
424990
231566
846119
155736
647540
37994
380215
678697
753960
978591
672625
31927
511681
624624
803750
195537
705135
72921
442427
551093
886084
315200
341553
309071
130067
534475
369552
86880
219364
909131
607152
189434
487249
871445
17572
46119
464192
662322
317955
800554
917756
115436
289556
378525
387378
941385
743573
88697
645062
939028
119848
222132
745040
320406
378779
69125
359671
601380
618195
377347
368615
458770
150164
759531
246322
638725
468974
499200
123009
356070
558471
212621
394996
431347
797250
342470
925598
819183
623690
834253
44054
76410
53885
171984
829691
648059
521463
207887
243272
10233
417081
266363
786448
536265
637110
128378
862422
332194
117050
605832
465035
375308
844407
149559
236836
341431
585582
126551
85976
718696
295158
202608
644659
367246
418028
620716
305946
32819
491768
494354
944796
449550
369527
169005
398256
136949
887882
982859
539857
703727
843643
288545
759667
807144
160583
822988
946336
838974
978124
459058
428532
955832
215376
829959
54257
101206
499307
364203
847296
759491
903443
299633
365125
392359
91778
395259
714525
499929
342342
837889
869303
977906
829092
866736
415244
481276
258026
690415
970108
435018
486096
582076
212230
962913
566730
173877
126628
189140
288045
903667
989249
673581
66747
477137
761688
790983
906637
80458
890794
6137
839388
464704
425948
744301
215915
767769
965290
704334
80597
316740
688524
847583
955439
657626
724452
611881
487833
300703
306784
45517
7206
304615
88178
976759
246757
993685
573993
65331
719372
182463
856748
845785
412224
570925
38291
520228
459076
805696
268450
231777
319675
824880
770211
338947
61403
725934
288863
374035
93744
442792
164536
5316
199242
683627
521382
810661
822533
635106
647884
355439
210163
705660
641782
73150
776232
539628
214706
784285
326689
958730
180296
997178
453201
742743
926999
900664
728970
245085
151373
509091
190532
773109
374978
56831
14158
908194
877106
18041
219790
11803
567637
845503
757878
508071
736989
463467
349382
256672
985931
516826
554615
361497
406127
46364
363723
570140
549498
955844
384431
470220
979073
607134
197065
818857
469457
559872
440612
87922
163753
848889
489717
57061
903128
672295
647690
302562
620916
593637
448910
29742
127348
858400
315003
214290
178475
745291
440796
225699
226785
523625
132798
544925
655504
127175
793843
255977
902648
279884
123778
115262
263775
392936
628590
923427
146601
806954
10017
659411
387151
823150
955125
177401
444351
144307
273312
456154
213712
258187
778745
730066
277537
384555
315435
464886
819725
321314
909877
309977
86348
440167
806107
30314
537577
767819
347309
306426
950043
299149
461553
399196
437571
47884
249583
709861
921153
187927
393882
773203
107827
234016
858774
187338
936332
28304
411754
688313
570892
639156
174980
472220
543137
24596
322147
533274
573978
59428
294309
133646
117572
814740
190189
339875
440931
288706
104048
548952
449039
842063
883037
919843
298728
795919
359142
100914
747639
478362
321136
553228
112866
550528
939027
404310
124876
680217
85454
771890
221511
344953
662986
295618
414774
954051
996745
368778
193604
536597
229355
421555
385339
776353
913437
506028
82178
706267
318878
954859
65910
506638
54319
406930
851747
783050
691223
608876
351071
288568
776720
629398
184515
468110
670738
643962
34951
608925
944121
97719
229305
497991
938581
874013
142810
728911
453262
803092
743317
801993
76722
547932
665244
404912
354077
705838
949793
43414
948228
255746
230319
718646
425886
32746
867362
635429
36975
64028
562185
871463
414194
679501
141654
531230
404706
829176
224192
777822
360293
760893
94646
252699
530901
207591
618687
244292
78189
16838
561202
120809
189453
872635
914191
150486
760874
81426
881593
91780
816405
782089
878737
145061
190374
691183
681520
515934
450821
813480
221760
86865
580820
978125
711352
958231
625084
789360
639922
946253
995347
185213
811690
408646
679463
609467
539861
711198
499370
262002
637660
871662
616826
328807
183731
709019
660491
727811
377882
462537
549299
726674
262064
350957
162513
851239
671215
736321
187867
359964
760008
70608
604995
436790
910876
37361
821190
948968
68692
67152
194641
581358
344861
727847
819344
704538
988867
936397
816404
161004
515241
440293
869855
314265
415651
35959
855759
225582
344688
329563
965733
796622
499223
251537
624818
450455
270108
131182
978013
827363
862623
328625
220627
524011
416018
201204
634059
586437
192725
161662
472053
928142
274800
310837
856702
600866
101036
350897
430850
127048
173198
6251
591311
684587
308529
965012
469458
44739
524159
323138
244897
848531
707468
492357
343780
640715
247631
704344
60065
384589
33981
554419
794594
2764
526532
812925
18116
640721
322849
145375
263519
643096
144798
78644
130637
901911
571563
911580
658521
802078
42008
459440
237446
490009
443181
196560
205241
993843
51943
877271
877123
372629
770383
610224
570319
157196
752311
903682
826853
131017
100436
859527
989144
269825
676275
15098
696530
567861
745434
148783
986874
790796
570428
431292
764607
108124
237271
432085
585988
554183
515438
440502
345448
954818
203934
778297
169201
530289
38176
934663
505940
342382
50778
980907
974371
441129
643554
953282
510163
809385
741904
486095
656937
159345
203134
745131
133761
680253
883423
49689
65979
552619
894777
254776
518914
138423
284672
59153
891386
199967
648592
182544
252358
42981
259975
619344
890099
40243
400317
807247
61444
793112
898338
465985
271386
926385
450034
252992
274048
313507
743255
837920
400849
848644
619035
943649
364486
273369
854983
869950
397856
142650
833373
83810
215278
543570
276335
941562
3772
544323
977627
742885
881112
509990
476452
803720
206082
545008
148397
588607
361263
392432
647892
397102
259898
155636
714920
689973
815208
768267
145481
396098
555734
452198
667547
889472
879489
866968
424742
338221
703858
831293
559181
861705
633668
505334
143273
700714
359763
826322
604930
730924
38979
623944
57130
904070
328810
217569
705589
111609
178459
622770
91288
948961
14928
109255
960349
56494
301491
554844
177216
483436
161865
743620
882858
89470
469180
132589
136519
747433
283971
440955
514374
855116
494064
525072
211116
836526
126485
555053
979605
311024
157652
616178
432585
169569
388738
526465
426103
993840
619959
500801
426513
930492
742901
223166
368835
887624
343091
916014
993937
699850
722437
910735
461836
245602
30313
553195
794352
137192
768368
64701
502685
455070
451206
567086
537456
525828
362017
29624
826110
126987
516994
2540
266860
796257
37419
6734
10478
136875
784222
986142
679642
812753
432589
629234
365160
561970
110947
31934
337481
141369
411181
507958
64992
143111
95783
896458
525345
139408
50463
245520
790661
637186
953736
258560
612327
981791
674206
794584
188030
843564
794288
362528
463736
497537
580047
339784
501039
68801
415569
203181
65994
526052
644162
663930
289459
174512
1257
778091
661872
36935
960434
811245
775584
297177
824061
182050
518549
769081
205506
790336
597896
567245
810078
636313
362429
118624
800767
773173
405748
734738
365993
656539
3081
153263
110754
175471
273769
653532
550080
428981
537905
665453
847053
539252
84452
818132
366292
142965
145865
731957
904203
837738
784607
540245
51868
787500
364158
147056
287122
62941
392332
975337
568412
819501
839512
804124
462337
91959
509718
75344
453793
216011
938232
283144
852708
452935
25317
129528
9345
412830
491224
859605
920557
739515
75800
606533
130718
885694
634447
256502
156090
228
877002
519882
789857
890438
352012
225392
222292
105336
789071
618638
124864
739026
625304
647002
700459
179851
198517
562696
558650
668544
794198
928862
514524
493205
217990
401635
976599
89074
506756
554421
325037
837295
903746
471034
400042
250570
425145
295663
753165
515541
517607
484764
501905
246573
263527
641192
396758
248164
369963
672969
136625
166208
195415
318035
98573
225437
29821
221042
476348
912365
1137
526707
120542
741280
543561
684668
249388
384159
490867
340508
363106
921905
950259
959805
612231
93441
193207
104246
21786
322487
540888
449149
593754
908546
552751
389626
356082
174007
461778
227766
465152
825747
161578
666546
394817
18652
746610
146324
594202
761318
931342
567293
868229
447730
416198
425078
267670
498161
926813
695048
832873
793894
923218
939562
772331
613161
960882
347285
719297
688519
484056
864756
976920
57351
790339
980279
924234
55304
814290
635143
876266
229062
56030
747028
777900
985147
399604
254089
465012
825954
978542
343201
586361
145814
889388
454739
913750
510873
592116
694377
759341
958705
315492
893871
848184
341165
582736
464902
766382
739910
742460
64280
164045
783200
172855
434150
99466
260592
544978
108860
886995
204343
350780
319942
205245
452076
82491
284797
761871
559351
77065
617722
615658
532378
219017
483115
482771
770410
207972
11619
931935
275899
86469
559755
317498
561051
299053
949686
635091
920564
681651
410131
624296
631509
968348
344379
116201
552714
631698
673322
646412
519527
690245
38347
853869
306340
932507
691500
970015
178082
208661
895505
15059
123852
860863
535908
428963
437017
351635
385994
348988
634221
158380
533968
514406
933663
671522
441092
834290
198421
978950
527969
746047
767436
820795
554722
134120
692468
666159
2167
592653
557560
362741
109461
622269
979675
411841
705512
922237
584254
10239
472996
357559
954622
680784
469689
217858
182458
738593
120485
380554
552626
327274
34723
913308
165067
437441
536641
20433
158639
22680
318543
877588
494033
864089
218867
243473
105230
226268
119194
895035
24751
124995
335177
957242
909387
524275
720529
780528
59529
836399
408609
398247
178563
249426
41589
97433
568519
485737
627949
600538
206455
582123
41464
199846
734096
63638
674991
405123
923655
262502
877886
250450
14671
215028
659133
177144
702840
315242
861853
645859
615665
663903
363261
36539
769518
721939
731484
427111
427877
828616
948969
534137
429490
991291
543927
994807
217114
316606
100044
429063
836332
864947
168921
424630
294211
577383
784579
16549
762025
958792
982367
956944
329942
925636
112509
630972
396758
646528
679003
244029
475336
570162
544251
238689
688194
168732
661391
327421
630290
102822
30992
244562
337247
938774
811629
485211
263919
904814
689569
625461
796098
330978
109917
988395
890523
965492
124773
504221
533342
535278
130999
476173
54101
340923
209893
176583
816268
948899
324996
749546
654429
155042
667709
453206
381702
904611
642944
825972
221750
63070
866457
104604
264999
117579
905819
671847
530148
893889
935928
243475
562924
199536
638323
347468
51887
580919
82540
992413
992757
423651
399642
867123
53534
827653
498136
348873
19716
429743
510614
715893
624700
475147
92080
928335
377852
286551
311067
898425
83286
662721
140667
32720
646178
733402
525843
845422
377083
718778
895380
686232
580192
173873
861206
875339
487802
604197
993188
772318
316476
226701
877489
379028
84134
436105
703145
307136
369829
805147
944739
882133
277845
280838
710066
847178
425062
951873
582811
819430
203036
446680
642976
87853
530352
682080
662267
640103
752212
649045
662311
986249
406676
275538
844119
59587
778136
231083
569610
722085
504966
990698
552374
267502
3268
428261
220577
833459
699163
90872
722319
26409
75127
760613
462166
46991
66763
765956
871565
812922
91345
177768
760547
607038
646575
244305
586188
585142
335925
118471
220437
78769
193923
40665
141145
298169
525768
178226
409228
68225
423525
896532
279348
872490
400431
96436
340024
630130
640467
29362
534673
459386
136021
322612
192733
883954
474801
587934
177554
751523
688354
567215
183695
706136
386752
294459
648654
278762
130884
216065
476726
888103
645863
172584
147085
814622
800169
911131
521547
294858
777006
883326
357449
302809
752643
751243
618265
871511
697918
878030
442607
951100
4930
522809
315516
687374
178721
60069
363931
581364
66013
584166
363940
212569
281607
37129
944287
196601
713929
163628
744403
456460
163967
166266
12604
416075
30719
780610
367450
916643
419321
556340
677862
491957
367994
698487
506912
68424
43979
754217
816643
396236
73782
407412
808986
339980
828328
670217
112108
875823
95602
306237
304211
515626
662442
719740
785387
979590
764846
407598
493029
620745
294792
624804
853819
95044
344109
993215
830398
751352
765920
156382
934859
576166
741748
726465
214172
769266
917998
934335
172794
735411
681224
692000
299728
892890
108114
112472
973212
134588
74868
638561
84222
116541
464078
890099
169715
729371
514624
582051
31771
879828
257029
231061
187382
676021
279418
213407
424365
560193
808637
158652
597709
52474
348528
41706
675854
844302
389085
385313
460882
771745
906036
801072
232297
270771
358191
693813
186641
625198
1558
388024
494395
360399
748382
423652
510984
733102
726061
126052
798867
170219
746489
155927
59239
202679
662862
228719
191825
931004
895086
297323
631505
415146
249106
736302
258666
201696
215439
33596
248153
879987
18068
422610
32290
875869
515792
262943
189509
981061
651248
497442
129296
280870
169478
657889
939214
671903
933061
574403
892893
270039
341545
723595
453021
172363
756787
810097
208964
755126
858706
398879
930191
569372
348830
311493
188435
34482
106429
920857
485170
49901
57256
145774
949097
100709
362952
532336
253893
535014
486394
690298
154357
275540
834226
488788
384059
165432
80123
968204
478845
811627
697820
801327
360248
771037
854999
885156
780116
11203
775051
340454
803474
1435
35833
984925
74593
886749
22115
65879
770064
110911
388048
667367
294495
893733
759661
385114
873646
962532
986765
28435
640343
486834
640337
36226
82199
544555
392739
922053
80295
906562
231388
59547
126697
818114
528710
926465
603070
66368
586875
315819
472308
666464
477804
230240
563613
681152
596030
626034
392826
752196
329998
500633
628886
744703
547541
334828
175920
569402
338087
793083
115217
983141
15382
184331
784763
276376
678963
343919
240514
322948
614196
109439
901236
813050
334897
983800
381875
925719
419017
902640
380260
223884
832353
708980
64
805766
664268
502335
53384
895550
459975
905817
696149
70558
503707
58635
723597
757006
547749
30394
341106
831067
406514
694184
228436
304836
945604
912194
404199
225504
426226
522918
236079
289199
523755
409398
448919
33723
659354
544978
895074
97514
334182
566389
952889
560675
805777
664942
561826
989083
840128
620344
956241
710139
128601
969848
136985
693168
429832
970196
735803
783310
509405
539243
778783
222050
190479
611188
46177
649746
58148
880822
860994
57331
268968
92065
764927
956840
676570
622920
14143
567409
865447
151868
693413
340183
278606
757190
85829
382706
921378
188608
654708
2326
426990
991440
750393
730648
347826
89986
769695
343360
769292
327105
876588
471117
673522
243378
79916
882527
220828
337966
717478
148805
572223
27738
741232
830627
967667
393828
314335
863808
990837
544987
321366
732202
122569
621739
784639
775494
354424
39540
556632
776440
101687
383879
742309
49963
389032
103164
548036
389309
261241
41587
972893
258378
13803
633317
31351
867604
298989
686694
197992
542860
803942
446521
60645
136319
963794
737999
874359
770144
919428
734942
814351
369326
293961
196059
236336
575234
593389
144340
854346
527991
981655
171115
243111
709238
594191
738738
919358
616156
326560
191776
376997
199819
691737
690798
180004
307594
258029
65169
850981
880793
300410
530900
968391
176278
50471
713681
122705
33733
537702
260939
974595
833536
168857
255723
631177
410170
359121
786902
67977
164465
244145
497575
235995
461936
5233
744398
229208
119934
139390
712324
330507
323111
959551
904170
305669
428580
138867
275838
668941
541865
987254
569656
874292
524107
729378
723527
663813
492429
198098
834915
267483
892166
186626
606927
189390
970096
480018
81133
959749
213775
732522
29821
220655
757883
779703
151156
985549
552524
863378
680245
454630
513186
330754
11118
614878
581199
837592
116882
23201
406241
862777
250542
974778
929743
65401
35114
252416
528638
754529
1631
111343
668209
138707
810959
145428
167564
836869
744133
895202
83971
795881
709194
820323
516836
73901
336129
354120
674685
424222
228768
67105
983595
59815
323723
920488
58368
245048
457294
385079
45904
496386
316343
414490
905304
313182
220238
947199
282572
732557
342643
992970
959676
735514
271954
960197
797602
354076
506116
688181
805450
132632
196421
264711
823582
778307
502286
722153
635405
123236
908687
801718
360152
35224
58955
936457
281017
248432
719
106227
586608
449844
914448
594119
607083
442443
356384
367634
748496
388402
667853
18728
374699
779050
999702
486233
611311
273455
477323
728963
91179
68258
279360
889921
307146
767112
194029
643329
359238
401515
153253
721332
773611
703902
93425
759070
58052
149214
146057
211981
266980
41044
320366
745382
970834
182456
367655
757274
890194
219407
990870
323512
287884
357908
230965
95069
803932
65461
126131
854534
356085
558196
182245
506118
849138
979758
483498
427794
762939
297209
462944
617274
678160
160358
474365
319667
132085
498405
220619
703439
735098
936584
493250
938765
515174
796128
826307
995981
625216
316356
883055
298972
300025
457456
362338
666477
167033
966409
428432
722089
10372
599742
408314
68381
639753
617035
356684
353234
663175
536983
807958
557818
780764
49790
424613
15686
962348
429097
777085
346197
195946
558488
67830
645382
460358
271041
604336
408110
77811
129106
596853
92133
498324
362963
682025
908411
868738
628455
434288
456776
640316
610268
858721
700140
959188
26001
257831
147346
553554
306360
724601
978383
698454
386716
150665
295312
876109
858404
874380
545045
743406
935021
467403
961821
420827
779908
127063
78704
234975
172605
133210
774025
327447
322739
775688
136093
291118
94748
728499
371404
562945
80135
668030
71587
461473
76789
200681
250252
499254
534738
99724
406163
100096
631054
899039
533717
622201
353180
822006
673479
95127
146119
434250
591072
50477
537580
962225
17636
325297
269400
310256
744974
347416
270014
544039
241882
270302
360469
518058
173612
669986
526924
975152
568544
557421
381483
141157
678447
284883
249736
820378
618746
14514
177634
671260
490615
133656
122077
167650
715061
721985
938842
7008
624845
400829
266738
709432
714791
892272
766928
327888
484838
480179
318184
614846
235569
444057
120216
658208
277087
70924
880985
456969
520894
564693
437345
340438
455936
856442
328409
342942
710403
258241
99190
510343
589820
867155
524791
539766
463359
14524
964089
575966
927341
669327
461370
414714
780538
645862
566184
251157
285401
672263
368677
610630
531015
115619
799514
233082
803889
787576
919221
440298
172227
445910
155008
739243
474767
620926
894367
744611
610773
169125
555622
621273
655221
564825
370773
930278
552430
494331
200689
913480
674002
74282
271999
381014
358024
990784
158944
596685
524541
129654
155780
353864
333161
158691
929932
127694
361466
992737
764288
422982
492895
553680
355817
530053
355954
364404
487693
799368
747778
116794
710597
887741
745276
244120
709116
409083
557878
421458
874246
513811
240281
178648
383642
390654
386216
428365
490798
303925
497009
594210
77806
117088
220622
521953
15000
909542
772248
659142
12535
713059
377898
343047
214073
501048
379597
109493
157103
34172
579077
656314
334433
495311
9847
58434
219276
529807
347381
28087
181178
550244
430632
886116
773820
377335
483929
231611
286341
179776
194460
364018
272294
882363
655065
622791
952161
168380
174648
569829
966445
931290
953448
353823
5126
62407
78861
668377
563117
81216
593604
159430
533827
621791
914579
715147
519230
521870
724914
863874
545093
934102
254064
470811
105518
873301
23108
532190
410066
76686
834161
543180
684745
101338
792276
744483
696199
222973
311757
742399
697234
681556
112328
730269
778079
542122
539751
757371
284936
325609
232398
418524
432877
868589
498378
561383
719140
166644
155999
774895
159006
716722
162348
594510
545943
439681
976765
912298
759993
773174
439405
186521
78606
722383
877366
448993
873312
979720
102679
250456
925552
773004
507424
695274
368847
603913
455645
757753
726299
955228
84509
837599
389401
448492
209630
501646
768748
592211
523030
427865
576368
656822
282464
76940
282422
148341
903618
25909
457500
215806
805399
214342
439239
34620
484893
752402
604160
239661
95837
301749
656040
698642
225459
492881
517465
463487
442297
271794
20571
324370
739540
617043
321152
601024
110554
936570
222749
40267
526239
962046
550757
307536
186651
26089
296675
278524
156921
198904
594259
735711
298174
767679
29534
431833
55380
603753
450417
813232
710643
357342
690681
857540
140843
632189
668605
129689
395408
541320
908759
699220
129730
674079
461392
646273
206103
319653
384727
189137
986920
251327
947166
993313
714357
257403
38994
314741
301237
226445
88629
769219
241023
740468
394265
71212
924814
806139
326330
213062
412404
651995
511033
482708
879454
141245
512369
842071
739776
436062
84664
517117
241757
820364
853108
279608
89460
712077
662295
419498
95690
916766
322872
347260
295569
20825
154895
607118
402418
965360
726221
968072
137980
275925
479766
109135
223208
757564
584732
970516
228488
67704
997785
689542
49228
780354
828520
900904
43953
853465
478401
275005
812935
530947
301199
32415
855837
150001
366960
100783
376523
418304
842185
92838
413659
174364
456706
296202
911572
383
317925
145789
672101
453015
191119
902063
988075
203142
104912
186676
797023
562051
402149
681777
803679
99229
772687
733743
686679
5536
567311
86097
87692
223056
549441
450082
987717
128530
820754
220360
951830
460843
192480
357974
195018
314335
705004
434877
854252
938363
815742
722337
285618
499183
87126
735114
679879
612179
151754
5041
744179
160778
823361
60027
43626
32068
12490
319298
888878
836957
863770
957390
269985
886883
302304
898210
153707
829813
449927
385267
894340
478214
697352
376372
773854
166017
280616
634892
276594
625031
593941
946345
414758
494291
414041
285742
284760
445119
843577
216072
63178
22431
214508
744030
633386
620875
976635
270118
684668
413883
528754
493141
764262
783115
816832
576238
890840
624733
781232
638268
483734
62173
406724
724251
261859
478752
807083
788592
311499
775846
609952
961912
826509
817406
925471
573566
117924
951688
575235
303527
278065
884630
333761
579367
569607
391852
166779
411350
642514
303719
995778
511581
689508
905082
922731
34634
538398
276691
281996
476036
284087
359196
595284
903000
260204
228189
644356
161521
254084
345022
682318
754470
955327
472426
69064
528046
435035
427216
286989
17519
819202
752451
418929
896243
740947
629441
642590
537019
108683
130193
849359
934062
818704
239749
40681
666858
193370
877599
193713
474236
946494
653584
891950
107498
210776
444380
145948
718061
671637
918809
236682
690364
860827
127510
293905
690179
516117
943959
487345
198643
848670
459327
913929
576498
637961
48135
123507
264179
775435
473578
973562
784161
359750
754595
639352
413301
786162
726670
840081
743848
735018
54059
175430
247490
150545
726402
777718
539472
398943
343776
189687
224627
259467
221823
135949
692821
399383
578435
735941
179511
119091
360033
968433
935206
192207
36314
943808
165133
627456
855269
534201
905571
970638
648299
810964
348549
315096
441836
640245
149342
914788
383807
762054
799746
526471
112310
68976
496026
763821
168160
197557
676282
951686
957160
479277
749263
399693
377306
779226
923124
125494
957254
993770
570275
247988
706557
808522
384200
437220
41784
16930
221681
268633
413849
848816
932642
635141
957385
61316
585350
158208
197440
734934
286911
435128
669539
8831
511966
758134
942023
938074
813870
87945
798867
424312
335147
480145
557252
165178
257552
627625
820939
793423
891790
658482
386449
861003
177048
990905
884826
286816
794587
261892
939847
829883
902796
477886
232757
322813
17881
941500
116292
392148
359681
60523
223922
947254
898239
417688
110309
94778
381666
672540
430791
880339
46392
811490
642891
609577
390056
324631
721359
686421
553375
769068
597850
883769
49379
150091
593220
148219
440195
889620
546549
695772
634031
248722
397317
308408
411172
877055
752579
812444
118591
557168
211921
767103
788019
811678
386413
401119
400086
716691
262666
6394
634070
325742
526364
168677
342856
590738
513907
760011
47265
724017
384383
885830
844797
821488
504306
266579
957533
694200
236867
731573
689198
417561
770318
867817
813380
313882
68120
723265
162854
579553
739249
583776
378882
710075
288114
741841
517505
665161
491302
812484
809077
437256
281989
456933
596527
946235
803931
371418
62318
276215
404488
305690
720754
466507
826976
178917
774574
402122
845683
784995
892443
20598
991014
522845
763561
736330
831680
32466
667344
951075
718401
418743
465029
130317
396716
284367
678601
493222
621862
617634
778011
583921
770615
602909
781646
864186
991405
761542
168757
415969
634591
32217
647674
614404
968527
422596
588494
336781
468649
940860
156538
540309
358888
827706
703637
23475
728280
654870
48782
183846
148342
521150
736297
974042
328691
492563
357639
530138
873815
953952
276061
323219
683139
805623
860871
6209
73807
462506
826485
530745
587921
28195
678723
136401
514559
283809
97895
15215
465068
212495
244548
244781
208238
940803
423579
439654
995617
211600
593249
867296
343236
990408
11499
93270
641856
817233
452741
441184
49801
653794
196067
859009
71006
382107
370607
516941
791338
680447
538113
14645
695821
77711
604269
22384
836212
354691
905781
997640
112484
445031
213023
976383
836887
350097
792418
263964
738429
540283
693434
608533
905635
448961
440539
287130
928113
409400
238018
775420
722061
650856
354982
371000
581342
267112
850765
782820
340331
496533
613436
252405
37025
367918
855111
233322
880883
930767
450758
345625
996124
450504
780520
476820
841472
902362
218081
155896
733360
337293
152575
411474
271500
132593
521883
462189
858883
868143
452010
243516
687159
348554
255923
975776
406075
37880
617435
487831
916926
985111
579100
869507
8641
278862
163156
862354
143748
770817
763001
535246
215359
321648
480939
716995
583692
369453
31074
445832
937378
579832
442310
355756
244475
428984
214238
797759
424343
396312
303584
945146
20186
979964
470567
469643
594961
468511
34114
537857
210834
230667
190760
559953
646913
420339
866442
461571
909615
739824
800065
267452
194524
877718
438887
949416
41693
599603
579265
527939
404953
620132
659289
217989
955885
120147
910763
961960
337648
741328
567989
74199
934608
371339
443313
266869
873755
17004
323167
488262
326234
604239
366331
667646
348376
61151
635279
465316
740736
553422
668577
587747
656420
16814
145100
708845
414490
697007
596268
522188
772225
901365
876339
738759
277857
403477
525401
381229
207792
913709
671728
961537
472369
110173
14101
479106
710647
990182
571906
98773
190024
822429
123329
426193
301276
786315
699643
966247
781829
879588
535983
828332
460008
649762
676286
479685
142185
192638
348450
604526
959397
357643
516415
172711
723097
303471
656786
988027
383712
704830
719942
579822
623513
563573
163557
759042
441127
809935
71787
469478
87825
68871
850103
301948
842826
669291
643355
712069
13516
409434
734610
367788
703389
932954
465937
383083
831924
262424
314998
618078
757557
668541
973149
299234
606359
250345
743698
111593
89830
887822
692448
870942
326628
825452
682760
346671
366731
236708
92237
575548
799982
5244
740972
537370
765821
674030
928234
708227
462439
152941
637637
547934
113946
475765
920332
620263
396710
175309
866506
315707
67583
905308
533534
699651
602529
843941
94054
620154
420302
653793
145562
830300
610931
918840
496757
135213
607977
109339
665229
719843
802199
142848
149380
716785
981492
52923
58455
19824
217642
923638
960724
212332
695830
480589
990184
940617
163628
435400
836822
917713
91000
591734
459524
2459
48447
977762
360687
946200
620484
592117
790847
892541
935270
884456
155702
312456
532518
487011
171905
415410
396167
75831
802673
791920
904014
606645
913667
624421
65065
670953
825371
958567
670700
803254
306704
553452
439990
579663
656736
270801
527218
979856
823300
833606
362425
209079
14559
516698
828949
765825
266896
288735
896033
881445
468903
252922
71756
160039
954995
874441
432572
902619
907193
849201
913871
362551
150338
716995
361532
150163
246412
433994
199320
149695
304544
423091
312693
455233
425347
445657
495525
596777
122950
995117
783004
743763
865464
203839
413683
436665
640956
317099
355593
76146
261237
998370
306564
44043
255645
458132
193013
733505
548597
988535
882778
862616
219287
638775
137148
655962
470055
118586
340153
751791
948584
516750
436764
610070
869995
430514
66984
652478
891682
466110
668148
322947
262674
94767
826416
908808
661799
583571
774981
908781
75809
190861
130459
365421
13868
324166
559476
65495
24526
719857
885237
843623
105018
205496
407877
205569
468673
905096
74446
405769
74408
116918
6433
893089
810708
601740
229814
29824
707298
941364
966737
937067
770835
622272
951487
21395
702117
641364
943360
773964
150845
470961
813439
308133
385023
2270
308796
74792
956928
131317
266442
973615
15123
617031
852276
851041
188288
863725
477243
261384
981395
804588
822011
136016
859792
115460
599659
547935
250948
48725
900291
596043
729014
148655
324408
719868
490621
260404
29795
113824
233131
378604
5696
347844
775335
48421
689809
563414
450264
566213
169442
827188
247165
311662
731560
452656
185434
375372
840835
315555
503885
348926
528675
498602
586111
794846
405958
731842
451446
12911
858143
877308
156038
834274
667475
327196
608743
449349
598940
563924
696290
552713
958224
919896
339686
188782
503420
394462
377015
323661
630442
704820
318918
261825
927938
916733
864731
588979
81613
479433
823727
196545
471252
729104
446166
382923
178791
996171
297497
399193
223674
661296
970274
282668
66217
472200
35856
849120
671708
27822
16747
621114
819013
622758
858737
616788
827590
928919
405263
846754
23536
575783
797227
999648
382119
480305
585502
16474
678561
841829
701055
610007
431949
358973
109978
679075
395728
651928
833920
937656
30506
916533
191864
560840
398647
560845
29907
651562
909522
33164
367453
697694
560084
571310
984688
101375
127930
223731
973730
871428
302180
995646
651934
913778
448442
66832
576016
296930
66665
881499
835450
671018
429003
578630
76004
975915
32229
681660
558064
283447
474186
135089
382155
503517
179548
455667
348160
2002
41778
237544
821159
249597
570710
374954
547706
674654
678885
624700
747335
70684
608985
581415
373506
655659
922532
948661
347122
34135
868850
159689
761100
970671
636497
169689
876957
759120
428525
689226
62560
793677
734836
987239
10735
913208
290008
269565
773526
727696
941939
683285
875972
709575
67844
601614
390427
468334
603095
292887
569318
694399
543875
321863
860266
225927
316557
451417
964693
865198
175658
727943
679636
22244
645282
294849
82304
781738
767056
958794
468088
160826
39750
815152
763018
959380
861389
664294
12746
263975
654986
97215
574725
952088
334396
238473
185488
622001
923617
657924
571257
867113
851768
77758
196447
407756
232290
122892
185950
935815
405410
708263
342114
656018
88899
901344
741021
512058
969497
560001
293971
145866
286111
22530
162130
647957
793664
532069
206016
835107
671345
574830
544524
549046
604411
424130
809798
237815
367574
362011
772043
990146
552433
797094
134617
124619
739087
444282
926657
978027
777035
486004
252602
432395
400764
800051
344721
196843
279283
538605
69758
860176
266209
310636
2579
494408
396118
676649
287758
201371
790244
462275
603213
838928
405538
892188
441825
450968
635852
58193
583610
244699
960648
490771
78018
849630
402819
128679
463623
912590
476730
399158
967952
747500
547285
501585
695760
501524
402605
670534
314552
633707
275566
904663
19367
188516
555736
551005
700221
530160
836448
853113
402893
544832
899251
93426
598897
104120
452954
996016
236087
121969
594616
373076
361336
798763
80945
953970
640713
481934
485477
234156
583371
463515
350682
967148
171806
11636
41144
489661
640370
865028
920685
61831
893373
976524
611697
976613
337737
799755
339939
648549
316645
423881
195538
16283
358715
62401
223321
498402
735554
164905
997602
462512
829834
440351
756939
592597
379572
305201
684965
12240
247684
39049
54937
978638
173391
53172
283557
985152
24142
734861
740548
371032
211157
319306
345836
744543
113629
190242
621297
608566
32573
349978
81223
774951
97016
580523
459172
322343
905839
187922
361668
689066
390199
134004
718406
755491
807173
319531
288372
132695
47046
608753
126240
882333
638412
404776
531753
647412
955170
429955
664925
682880
704640
933013
684280
276963
457498
958772
852555
331572
569107
915977
998584
679839
208015
638007
964314
411865
75045
997734
347073
717950
365684
108523
476699
187656
342733
903894
181934
203502
798541
724055
894721
861719
54670
963917
847451
873529
450612
620269
549091
661203
29154
173067
538406
403843
849615
749256
277943
702020
386547
150361
567409
325000
457627
856239
320024
850990
386844
795080
54430
795488
897316
879314
876737
769164
669740
543287
545873
104765
9417
387465
394384
937109
71330
245836
251570
175145
35260
653786
969603
294073
512881
455223
719656
122507
562048
220018
448957
371106
281277
375476
746398
93728
620713
162856
450753
659509
749084
652615
187136
863939
70175
754558
514997
416656
983830
22719
878719
897447
123866
715297
778913
257419
445925
850037
392328
694169
672614
599974
414701
10489
143093
322956
551953
206912
56225
713933
577061
4646
962276
405168
925580
288735
155192
774912
596088
875416
998722
910873
574001
560399
915757
188050
301428
247503
691026
952326
835128
135367
178451
447233
860300
47942
691143
161604
959068
250390
22799
251574
974610
2546
997639
648679
985688
436772
736281
970689
738684
304832
793259
994765
358317
311927
729976
161951
273762
195160
88252
767456
198234
99305
254729
306870
984446
582238
852407
258002
363810
197876
556537
630613
292330
10285
222602
635871
769097
814248
440773
653686
965477
711708
989524
661904
758935
462833
217473
325054
713742
529787
132840
655541
491539
821907
483085
626617
426598
857556
557706
286376
652552
536367
676129
177248
751698
447212
968880
399630
36099
558014
103554
850132
437079
401601
328833
437526
959058
969298
579658
729314
304604
5195
758681
684601
391174
383641
639907
556798
282538
9148
664835
224570
354353
851611
202572
840266
224367
40898
896893
679654
321704
470777
661650
734798
120566
76610
328119
868178
682818
749550
842967
857407
699632
59292
137363
46369
282327
466447
263503
516026
475821
298091
267302
139005
112258
667724
342269
736263
166563
92291
83125
266331
7967
324206
411194
989208
397414
351667
480249
32506
975756
191001
767726
438089
70829
711043
38363
603617
665707
511113
872788
199071
259667
929780
417911
663973
888286
635606
742650
412427
701139
83652
55901
634466
81802
818930
106942
250918
443851
470761
67147
551871
884244
844391
551378
751924
545337
991251
41268
852973
316646
271643
513912
514019
238272
747052
754299
368038
389226
40909
507397
986954
876516
822041
717624
641391
32717
74071
809698
3244
616009
735991
549553
908056
997693
857451
813190
398132
918583
8736
439970
953848
226091
671960
343933
830777
322328
507046
186485
4083
193418
791621
4323
105145
236792
376532
568266
514934
403341
61106
739817
7007
156548
842226
438768
613623
693484
595579
955087
519102
222475
452223
933481
885431
392351
223126
640551
28053
720320
65398
322857
391745
647393
914513
116504
707722
954293
550987
880727
840362
577966
599959
813208
238129
775264
22701
261387
173009
989956
452970
124080
904261
603033
243972
492366
538974
878373
677479
783484
695083
60250
111473
88988
216196
528915
792839
449576
582131
724221
732306
726500
902592
191187
881178
150707
334552
231041
681981
653190
59801
36714
432523
132591
584316
118469
243585
142612
356384
105314
145185
309054
870191
801867
876330
986769
164975
283653
847481
367830
824167
901622
176124
273332
478315
160096
968590
335358
483591
107915
225397
415205
255812
114881
367156
496718
370266
134131
874636
245247
551282
26105
676630
707506
450453
393783
842678
62732
824567
257179
926653
19175
435418
269634
766109
678476
467041
81850
958857
544956
465778
723298
408553
666221
35270
372782
426231
432402
333712
834119
514041
758803
392711
117071
627355
424348
785362
270146
394856
582097
751503
886136
171749
672543
543616
533703
79882
90414
619219
476805
408926
497907
8333
164907
981422
571937
147282
6165
197993
904127
682899
297061
673435
95637
358740
504264
456132
186176
294425
461392
536212
862949
754157
852033
9990
11458
78926
61543
542998
762528
874360
593252
100256
856101
295116
459848
172631
621510
792477
755609
220638
245977
678168
590450
74118
830280
581645
555015
952741
301601
785118
691718
513807
332491
963522
226905
237684
838164
589495
250952
373206
856997
410690
443260
489189
277591
433380
388766
82808
513438
63323
783070
860458
704419
394065
109008
383183
67056
97573
735024
349842
31941
925589
992518
543212
645319
16581
647013
713923
152152
127406
110669
547357
229826
951974
981872
43135
508044
397127
497554
983526
425327
498751
414665
351201
618851
971828
219044
359561
627026
289682
119976
315487
773486
286898
253493
342528
736350
159464
413000
79495
639251
626729
148954
623999
553273
491543
517413
197507
638346
541739
139654
296373
154620
880446
680830
566039
138331
300276
761298
275721
410545
782917
917971
764319
342241
507305
969592
897310
255891
332384
101735
537172
633225
999131
246290
39569
321296
469706
617982
231173
368275
46147
199583
739255
963338
365452
722720
918048
765391
703429
925182
69410
128209
917813
97428
843752
652001
189615
311153
2011
423018
658016
620965
402493
808062
107128
515675
842022
159691
335667
961632
860761
952684
442627
526914
22019
293788
56668
741267
673167
795781
925723
785293
967272
592950
224980
444047
895436
396788
822455
808134
934218
940967
558813
841063
421592
506293
487605
565272
283603
182764
530118
584622
8211
153753
74144
404305
676586
319094
295203
420028
130042
389055
738411
438241
224048
478629
994967
305001
689825
642972
369205
4697
487167
683663
212363
87824
23031
314355
534724
748653
465515
491193
434102
7949
999751
843037
122956
209650
501826
233884
906965
185023
957619
469698
843559
154591
784589
639777
299761
245830
381305
974814
495325
211536
167759
960613
53918
146949
369392
45052
753243
333758
710914
265461
542327
343713
487177
675006
83133
210375
626591
896146
752869
323903
752464
971666
301125
98412
675924
799726
175063
845513
827625
637
946979
614093
687437
101997
682377
423914
146645
195988
634733
110383
120621
33189
380735
312461
538925
861310
320677
970102
220179
274653
618824
942113
753827
266291
868088
741802
805784
898001
639741
502359
440581
477823
469947
92982
651277
589420
395201
739425
414907
266047
538798
563556
824447
982987
935936
109557
616966
983842
44858
952865
173813
247552
56497
360136
909249
900904
344308
199871
425773
806093
555926
796307
270177
700326
977946
851245
990884
474148
930553
509201
758
515136
229906
321920
800781
517613
861615
829694
305258
555693
850799
190638
207510
108416
367638
667865
901694
684343
183277
744333
484648
637094
162775
796642
169105
54071
810290
237464
660901
439131
485542
10268
467290
549276
870157
204713
588010
788239
811263
158668
276843
908325
738681
664768
686348
5216
669993
981687
239790
436002
338520
852026
777052
423712
967220
155047
190697
383926
75449
957466
562981
534037
490748
515239
305595
414359
184020
92803
917034
500723
900709
590594
561566
957452
220554
267066
378475
570404
106782
113415
146085
598125
727719
850280
400606
520960
471904
980551
936381
946791
116642
867414
217015
135828
464622
578517
991405
998901
144409
463728
719266
186655
944149
43204
19735
360551
707543
409410
700485
272
137770
40044
508407
93406
448848
97213
975745
697353
547536
885349
881888
208973
259553
769970
659824
98718
336753
26954
812228
429113
150866
38229
219237
746390
140098
318711
763562
873210
213589
827451
544817
260008
875777
818059
341815
980407
614022
307932
173914
532543
224184
590502
456744
262381
2218
693713
574755
515191
138425
782315
625044
256617
507058
737942
239176
5917
210721
126271
555627
195208
823223
902024
274368
836145
602903
298568
986619
387006
484413
932008
139323
568871
192395
538990
651559
85003
388914
659286
230500
215457
841913
322780
417200
671175
128749
852695
620894
480310
376613
917311
802286
564503
796017
305487
364552
32942
848543
221574
111317
659892
255593
513351
539195
122180
206910
552288
411315
773035
153259
125031
36360
8802
83430
943552
634350
87831
198263
740988
957756
634663
301316
86236
589511
291881
49527
583987
565405
365220
65358
143785
288091
439264
915006
297564
89323
42778
520325
43360
523742
297169
267339
690407
455778
467133
256820
205564
442400
497439
16709
518057
829493
998771
969392
827385
52042
912707
860669
548312
776530
429717
932439
712854
856863
818757
11505
756298
322594
906733
448275
273171
293693
779584
260037
577018
85382
515830
334294
150579
756507
485921
220937
113603
863453
99423
887069
612091
112011
57320
782072
600674
925755
971015
641967
905969
525430
12326
980661
777335
54833
804482
931869
163613
294372
484413
719373
883780
543241
246674
894401
671690
105971
369763
394489
800748
396809
279150
281857
838341
321949
742302
907675
33589
626029
876926
525642
418653
61941
8264
636861
967878
904302
76124
100823
604897
257383
655948
720663
37929
6271
694676
811625
264677
880636
516583
330696
290889
350732
496100
657422
198652
593621
347687
287897
35765
770619
786684
501084
181438
886958
344623
966463
845595
279596
62271
415604
417476
621402
939505
602200
667341
73211
33216
833089
836646
864138
781937
853290
587199
705530
297797
282040
155140
678408
211272
145000
735494
841145
308487
374360
961337
594358
355422
571374
371802
970240
317935
777577
193961
252369
617327
732162
505172
309457
896602
169726
411892
665009
131207
92947
953072
802216
874134
614068
649151
369992
712645
885179
598220
866492
202658
446130
542130
535328
407451
701119
823334
885565
391025
348969
377332
273248
943499
524939
813922
52053
310247
974548
895025
820165
926763
66615
188289
179625
800602
628278
918100
105770
556066
296391
181739
349271
723217
104736
571212
782146
804072
680612
908453
134648
547528
144618
186443
65306
326601
899622
809115
511004
330026
482550
280385
508826
785762
549259
569175
656210
377109
464754
546853
643394
543074
542910
761927
490335
892377
592084
985260
991535
32458
377363
352250
836292
446840
980701
294159
411669
225837
118727
667811
483578
1831
874201
369673
258947
783088
764738
965652
529142
526219
174875
77270
685092
60298
927382
446916
413543
31549
272835
69749
425786
194181
868158
627977
433589
476358
580793
320103
746979
51515
520034
889566
397634
285027
382320
386797
845846
512345
467215
622302
632554
901441
659046
499468
158884
24286
384193
63686
492356
578113
658144
482828
226297
877340
406811
674230
25952
905397
104304
141428
647450
106038
79595
340336
647816
812449
606193
231760
699685
139168
161832
312535
767809
620346
250566
137707
898518
57890
191285
533105
905609
805866
252832
723732
714046
630293
976925
856165
787480
149321
446711
436445
877964
463843
900566
779645
999136
359589
520013
50006
923398
763530
395776
927845
607375
978811
458544
934358
398542
607322
511397
533737
164298
216762
935095
689458
236831
844210
563960
265402
435505
983815
700545
46276
97806
244678
82264
743658
446943
823283
819387
924453
852171
323419
90508
54635
101545
568070
873304
292018
549855
807113
184453
621395
867548
901752
414360
453962
363566
335352
659489
845722
720064
287601
35332
249229
286964
472995
965988
689497
111577
105808
347693
948382
805129
742103
42494
502476
646178
660321
779890
84770
32159
736692
734922
768273
11346
572901
803448
102911
43584
787114
419338
890151
545305
735309
352753
42525
667538
363389
179310
430063
7649
541183
860504
806567
313172
67714
752524
205486
818703
29839
319601
907467
457952
72031
564902
161608
977408
982854
301579
45685
825577
859086
570281
749382
13710
535135
648191
631063
509244
963225
737002
731985
527883
514308
418928
900772
440896
19935
136104
754996
489603
173461
490442
428752
369655
965389
140175
552733
9403
662752
475332
193617
910717
672230
356145
526043
167670
665705
696544
727328
299205
417531
875020
367585
638060
851236
121000
336312
264545
430899
46088
109121
887698
868469
597488
916694
955577
320132
165752
865650
434711
916663
617752
484663
749072
26487
945046
947594
686562
543281
124297
156444
795843
205543
777608
199172
302871
271458
429300
34760
862283
576834
61919
580795
459153
64437
574872
515328
553592
457158
172629
774252
471654
618125
738107
725258
568309
994501
745228
159672
666728
318970
576941
788718
577865
574369
782739
684639
753696
709442
836618
224056
460497
403920
607458
937285
490963
759641
241334
562995
422729
561944
773914
120816
102399
943080
597088
909422
347586
18835
600263
796167
455068
508169
854401
130171
830186
369452
382560
611604
274716
83720
676892
923946
543369
193952
433539
778179
652077
113315
41853
694290
753408
457790
815803
721376
596723
774091
954428
175176
272777
228711
121788
904348
532816
733665
690873
953126
723068
964045
571362
56649
92574
935225
725151
5061
700230
640567
912760
57560
11570
542489
526627
500162
43697
774139
583468
143202
683224
910138
763843
852668
636896
580355
705373
695772
969307
964486
469960
872211
930065
840200
217488
187552
522747
193048
942726
530731
887131
750809
535475
851946
556214
152766
446937
69734
132463
441109
967202
738328
724226
307450
64040
247725
221849
86060
232992
603177
860494
672188
551523
673000
902718
46753
200987
225215
382982
613225
44166
385024
491613
771722
446954
305116
341710
506519
555670
344995
49488
513678
199824
198248
152579
733454
496928
804544
92681
193893
40376
130472
919231
97351
82878
422534
604183
759772
411704
732232
663444
410352
176723
503657
229920
876878
54928
753298
535757
339494
541068
37085
718694
322091
488938
848308
912178
164346
325663
585560
873157
510836
923801
172222
599362
884460
389005
397908
515952
621884
709339
675617
816760
594930
454241
5578
331065
394280
194649
125360
931272
33073
697839
969911
765767
533679
318564
495970
94944
210242
628952
712218
564639
225627
542583
446349
626281
826990
814403
731315
881501
700422
292985
234412
533702
438130
570915
894726
167802
408669
847993
425242
253330
649404
18933
109269
727941
959136
612914
84181
581539
407851
544256
541161
617388
842335
344647
461755
355659
46290
274772
520330
765170
838910
738309
348751
426195
224053
334861
113409
109048
643569
1829
71156
518015
107721
384400
346332
48054
753856
471432
669680
943951
900472
719946
317674
741376
777156
306043
115499
858745
247962
162230
523834
707715
496551
254899
562861
294066
63997
118037
747616
270150
430312
962320
251618
283108
407198
909300
966640
660076
10900
896795
402649
835446
821997
652843
80896
838702
69709
226249
341248
901257
797580
894939
323178
615331
562823
964087
125865
331831
514576
905837
518535
66362
924101
808493
170952
368916
187198
905047
611828
136892
36448
28766
863987
577007
133647
365527
980880
806348
22976
870116
321888
165199
70124
918391
199804
565480
111008
847877
870185
853815
806897
295753
524121
664167
890702
497970
860683
856484
72430
581547
155789
782394
696743
371012
756769
296523
66592
550786
429182
846061
88543
247360
818797
717086
487932
867456
765524
656868
610487
914578
765968
410246
748773
317727
70651
104992
191109
784914
716877
235815
35376
846436
73566
318522
382127
105539
504393
264480
599079
826911
177645
644580
418863
477073
483533
948042
316034
663720
21847
514605
208784
290256
932994
617910
885167
948833
950544
6651
385902
535426
832307
249713
478218
394168
12108
549328
977146
203855
751950
233346
572133
558243
583553
675463
893748
51403
900643
662184
825857
191843
73833
904917
308846
206773
648739
218269
266259
449667
810173
355402
521231
789748
374689
887639
332031
179609
599034
38223
62221
854682
708884
38852
192608
433729
515551
240424
715761
586147
547474
538763
954686
976614
240301
103153
281495
850228
362966
301071
506453
264251
767717
326690
99882
189214
792443
656941
391828
926779
871501
376717
539628
590297
976639
623226
854683
447214
249707
763100
996203
454155
903360
357063
497019
471717
367623
273237
22157
73281
388353
951647
352889
807035
251821
261912
103173
731762
680998
807877
152524
473043
844968
819164
40090
664001
152179
902073
734234
86686
137160
142455
393638
422009
188368
78705
824382
283796
539868
633109
544661
66000
237895
383841
159364
813431
188408
706558
779681
761382
313092
999541
462507
984917
865584
705234
171932
707973
883796
536852
218017
121477
680154
522125
808422
136800
87910
176349
6218
8230
476176
147973
484722
308821
965388
627434
837050
577445
244779
473577
33861
867885
960442
984977
449205
172853
422600
84865
230710
125913
833606
936543
654773
434902
412359
603058
31663
230644
41510
270749
73700
98320
873542
427769
189546
451333
989172
603085
677917
301879
970921
382573
934324
569659
781293
475564
72943
893990
424277
614590
38828
315121
445165
393839
359385
3910
769328
273978
966532
111785
746356
145031
586511
764422
306019
734213
553599
603987
984355
268127
171315
721185
998103
573277
18225
841349
48383
253530
240220
139421
352059
852574
827394
492545
683181
254295
488018
989576
567035
817849
902122
20596
545140
1903
891599
324731
200138
741116
604022
941171
258301
247987
209599
902296
167385
749583
35457
359101
8214
496432
61632
409422
780125
112435
313467
448381
160106
703660
715362
843793
666764
17922
810597
157703
61386
934568
266664
749540
399456
240756
766803
233560
96486
374941
286917
350800
231762
292182
554344
721561
949908
539073
767327
87660
453087
813906
237788
452698
554952
817089
201103
657621
149958
290731
598777
142424
333530
418566
75743
140788
609096
734335
882585
273593
173379
359666
570698
746045
390118
138245
556202
872076
938079
174434
734398
687020
147302
424975
679657
893387
582507
513963
874844
911367
679438
653255
513834
576026
967560
886494
973047
757920
76583
484850
903246
99399
482742
788357
449936
14290
427514
13362
309642
882186
337049
810278
590048
479937
573974
286397
152422
296068
607607
258237
526606
564444
403272
815145
954363
771777
984632
258243
537140
77148
185376
806882
272692
275383
300260
769003
472542
449028
301746
44975
299149
485383
450024
968545
426698
484000
65874
158514
221399
977209
6032
860619
215784
30600
528662
39718
886513
818753
203598
201290
953370
946076
219288
949601
217360
742334
534769
452279
341237
332871
238129
146321
466103
652023
916910
168
838142
610045
305855
35969
771583
464734
523291
862762
485678
878462
471199
162706
796304
197967
122286
182982
675694
189971
490546
184004
426597
953103
275329
103485
618651
926734
688796
749164
791500
103822
259793
815630
740610
354828
871680
782845
732387
297127
281914
55981
445540
64627
92357
379777
116188
85085
980860
867339
71347
829750
671443
516063
289913
545118
661497
598162
654483
575054
963734
921492
969103
33025
703412
929063
145689
787008
339001
970299
99335
910153
597330
98344
11023
343003
577772
675463
220504
532513
840284
336558
626669
267960
136799
22342
589518
69535
465787
17802
156449
629242
177284
252253
805830
408323
110586
616200
299912
77710
618896
18256
281967
902070
213320
782640
659314
690345
403769
537208
927881
109133
777458
493506
4961
635534
797433
295180
586217
551558
548396
120183
466953
487175
768265
571995
614451
158408
676297
804101
678097
258985
951654
670414
395870
451876
829694
435417
760913
875346
911952
827176
572531
870359
611811
936091
829010
943020
493509
739271
175054
427527
344241
909807
548944
581737
466378
87714
497051
171204
285764
591089
827002
690374
487970
93450
233753
148742
631321
254325
491504
592970
37460
808363
549786
14771
232209
979918
217540
556102
558760
683466
401600
927639
385772
82950
579385
674708
315882
771846
6337
621675
696591
916704
160839
8089
206246
407640
246052
392720
174782
587227
836820
807748
63529
41045
430530
158483
4385
120111
562683
475599
650246
442088
597061
220969
407171
540111
800969
426747
982030
583706
730411
148017
155981
541734
58042
527573
351894
874380
200579
173943
112847
469724
465024
531509
529716
819065
582574
394220
229623
157777
512316
810939
945218
322295
775903
6128
320792
387550
79554
141906
827353
624948
837147
258315
521892
982040
328153
965167
598295
933370
819001
553901
858354
104462
986424
293713
748185
443757
360931
549875
233016
249288
291530
672576
636225
450121
168659
544098
807696
391752
523626
206479
205296
447590
411222
618283
884663
915978
143463
645851
925964
929398
706828
492520
667657
631557
917185
242443
924603
619459
772325
937435
470278
685608
712617
192464
178854
509875
664421
489523
394896
439328
972997
898596
425591
394181
234400
216647
463658
447503
177257
95500
59866
172435
580350
730138
983610
324435
63070
290840
370751
39504
675896
144792
715079
529031
393374
512544
805014
916681
192280
66069
48571
515258
935061
630534
584145
155942
587389
666322
200609
359227
821281
537464
173989
785447
917908
695161
328935
174927
574483
828780
870792
839080
588959
187102
879389
430902
376492
868579
952372
869663
594225
752829
286708
621163
521120
339752
933858
683163
716976
514048
46208
704802
577109
322704
768528
271044
359058
433912
975478
740234
937892
127162
41147
75039
414495
53857
848942
986635
277399
641998
828517
740169
18741
249376
775009
728262
215785
116415
218063
411705
4606
300294
427051
489369
977673
780619
134463
349504
77115
402635
65737
444570
253014
307447
523899
7177
773692
393493
919004
624537
898595
605205
407628
471451
125989
337393
474916
186720
97396
528703
512188
390804
734827
849622
503942
591220
297151
421659
507095
613741
317844
543335
26630
208083
217452
872982
461229
537274
325626
364783
794317
966517
888789
389611
659982
313385
493576
184484
307619
686028
669510
766363
446284
726975
16123
56614
479733
222470
143869
593332
552252
906592
460577
541886
533648
981383
593322
838285
901492
482310
659293
691170
189347
467890
868528
441477
50446
372422
703072
930093
272065
540959
783650
834888
615651
216656
465137
836841
731228
827171
423302
618828
698065
547757
761830
886342
734539
541965
348629
67277
584437
358273
656424
947297
25412
300132
51576
487895
916977
725512
208883
229952
660706
273836
402060
731450
241511
105626
330706
926226
605087
805856
765855
676437
28347
217640
555943
689266
892570
843382
182512
529613
461844
514494
943008
15778
64595
94496
881842
105044
52698
832897
371523
664402
696553
809799
419017
991588
987065
840944
61154
139800
423330
324688
128522
259715
956125
690853
301735
663094
871075
979160
241599
347711
277172
974803
844297
194393
336755
993977
198753
763889
135278
802311
207828
974421
817020
484741
256731
413883
121728
982376
213285
668140
636490
369287
508493
960203
393372
841080
791851
55750
168393
281223
383750
794584
749817
916626
814055
87992
970634
886276
771017
912737
392593
180972
920044
808703
797310
346105
552520
991859
324381
139028
771935
513091
800825
399514
797931
700065
380763
397493
502455
124822
179632
549398
985738
951563
334728
405969
47165
601780
203579
206740
522350
184410
730150
500869
11021
651267
520595
553784
136916
56575
802103
32778
942035
444818
572372
248924
234345
319993
533759
939823
974799
55643
878012
800985
749262
29390
233797
352098
919313
170242
344425
177022
60181
476750
865874
835494
309116
358229
718559
655637
652097
306324
498863
652316
285830
549067
106815
206946
541194
166086
948715
775804
271734
901575
919249
765861
214422
120274
270035
587290
642725
701909
980410
711828
896321
288561
90168
207971
513789
875113
227910
544868
781397
236326
266860
919519
267196
361188
959839
214911
49618
515645
88836
893742
695026
582672
165523
450701
657063
195086
627990
329805
781694
661665
137233
826797
970614
830777
33340
847120
585492
465203
282668
128506
831699
651752
513360
28199
206521
524944
426006
277512
124869
936530
515693
477339
734213
873833
985318
252517
209923
244084
38708
92047
951455
417946
35986
99995
833848
942103
411139
425729
303428
281960
740661
808554
312448
646159
261119
844232
675393
5380
280009
86224
541160
99896
535179
332117
119667
287814
587310
755778
400369
753977
118350
651828
958606
694772
450401
216306
715404
361666
973873
179465
569490
256251
411205
157896
867550
434319
396894
298197
203735
440946
21853
760043
677566
428388
336194
423153
878274
176668
613775
660599
395570
622864
765834
305295
994061
805027
660962
467334
152053
577196
819177
295422
847362
523871
382400
278057
236595
363035
104592
35620
8512
82383
73460
281838
80587
197705
527413
455235
75060
629917
669933
747353
631564
895150
812236
732022
783905
472220
911225
497708
599608
742794
941072
442931
962264
520714
802442
96993
568963
161896
35578
994312
67584
609232
897460
117420
913171
120797
3272
335391
622863
9407
792684
70459
698818
352583
82039
821628
989006
531602
10058
876087
573015
139536
77257
475899
970456
650928
791367
119811
767248
921066
343488
624852
51610
762024
100095
79289
319451
640145
855200
357721
614421
411700
240816
606834
644376
859854
222512
269172
784535
56249
468793
396220
671192
607537
890809
113899
356677
753539
192347
217635
634528
759956
710917
201694
248276
884811
907259
660522
94182
931612
612065
205189
369674
218098
191901
198929
366994
246200
75739
942772
819073
944261
267946
817166
777470
618978
450115
507352
334052
913144
518826
869398
599990
771995
887790
228344
860912
87149
206410
391315
235193
969200
493166
157366
391028
539500
342423
468780
108725
392505
589850
307406
517136
512682
577089
719106
79374
708118
428748
814164
537337
683524
290265
925423
248407
692978
705246
933175
168627
996290
477970
469446
931350
366786
957739
631490
164629
846998
865539
961240
490436
625476
501844
300823
368840
872668
751458
896427
747658
738498
668984
947892
204168
786138
949258
340290
427973
165646
470393
212143
126241
514367
678134
929754
851779
313477
267006
962171
836914
850149
337475
290920
94723
193422
461483
651171
922733
958544
699953
317341
918328
330906
14314
886412
298708
476270
716322
878436
129286
505827
614565
440117
891133
682134
527513
701984
870595
638767
957192
481719
573647
142731
407100
485616
625463
303819
894083
581318
634946
305400
948114
555373
432028
710290
505606
348336
123299
580276
607813
887144
975390
319525
944451
16538
240845
129469
914721
109550
576539
683889
710640
806408
957744
645246
15890
431557
65699
275182
337089
667476
872461
415178
752362
434542
327352
713437
199089
899123
421559
553312
777048
976867
482959
719687
695802
328757
786771
567015
509553
773016
734477
590402
621527
5123
585944
716785
877418
417019
575691
250732
31881
404641
838096
485753
262043
48309
477074
215599
995151
810475
936788
273574
502205
703528
352799
975678
451627
31449
856596
864584
40172
954480
146271
74836
875837
671564
161752
474534
777765
160372
608121
505726
508097
649615
597689
347210
443157
141805
717886
88963
963883
814656
504187
595546
288971
727697
115261
954173
96538
943891
654356
427064
372109
234581
522460
735928
202568
715280
775143
767020
189911
207776
349192
827204
823623
824208
394815
343387
839458
601166
353596
333809
121926
722813
280914
8465
277985
734314
508345
75730
342731
342806
69887
319352
324736
705905
534413
824634
120185
829160
946194
965982
64613
345941
702158
917185
620937
884373
91645
527475
353457
735096
22622
291646
531153
200337
196446
661639
233469
672300
919590
650510
55682
513439
977214
233168
417439
354809
892060
959500
779811
194136
153421
116834
557476
39959
703807
533270
946777
918243
556393
125108
354645
584559
461143
229070
23521
109630
577813
536417
400884
971101
608184
269142
283985
468787
890820
961572
15422
529136
458365
508562
834652
425443
583437
552794
196136
572904
510478
793449
714061
744958
302581
271171
807907
411447
504796
186052
867656
481672
978603
187521
796377
597760
249314
712205
578638
925078
283588
586520
364271
154651
914723
926833
710071
267726
706565
255084
122563
766926
205424
856862
112311
550826
294615
796101
152942
352340
221729
637253
216795
398325
178770
222669
944065
559450
66328
150168
408331
88139
130676
860496
791369
355260
951171
379980
497863
198109
296361
665402
920844
637260
269529
209176
41580
581483
923586
834524
397386
440651
690073
95284
724782
267975
917503
399720
422527
79022
621072
15067
214429
39640
912776
993968
318941
861593
455569
507912
863714
228116
602157
208874
641428
655591
613820
974268
416704
853892
215275
710638
936524
706271
259769
339254
275093
138243
584615
174389
576807
512448
396668
220345
847448
243007
336946
590492
678401
818934
927232
906569
997082
711670
867397
14558
312753
560801
693582
510381
76807
407994
659332
678621
881031
741717
393397
232430
459684
402029
324861
734682
490574
873876
136593
470678
323088
976261
836967
275064
670921
932565
471301
167858
992516
835592
484645
117500
747447
746368
831426
352720
499733
578193
787011
554255
431440
796719
507712
936257
458287
24265
969973
100346
770951
69871
747266
469015
476121
943022
471132
953768
223624
528828
599316
284968
855157
665230
561794
440103
254137
711496
974798
87689
605374
804492
919130
38054
760634
273907
910543
778898
994569
743770
285507
774456
495398
453844
185860
115488
352070
588413
697668
479248
948626
953582
545120
485006
486719
225420
543183
902211
94795
23483
727843
991802
363925
430769
113535
478664
139289
916453
607574
134598
849352
181349
339739
747450
356800
278983
780811
283412
529453
527735
253267
718548
142971
853680
870622
492424
648503
234694
307327
565235
109313
925599
301368
569546
107504
108098
282789
458584
758658
265991
433416
441217
195966
988398
409394
700451
715881
667596
504842
939992
696161
98272
589117
157592
644249
344900
619586
736124
584753
489279
835912
3101
274928
907127
737151
19419
966817
701572
93120
74873
25225
812511
438106
548710
394561
901753
556474
175511
688307
478952
844214
327759
90997
252796
475446
358976
741565
95600
179519
307467
943168
155068
293982
321700
14636
435272
83053
370001
109310
605946
419141
754769
552704
479920
467072
336601
92195
740937
487209
585401
204533
595422
973315
654238
813822
249167
967346
956401
876797
616951
338762
189020
970234
872897
197747
757996
153032
132884
326133
224081
167769
859114
612518
184515
495101
770879
258157
211455
847289
573284
206002
550063
973504
172530
107236
195176
386385
910556
702630
567821
852140
148766
986263
488912
36402
739090
477244
927641
326808
667105
727501
107391
855943
468182
391833
773107
126164
730958
19542
324284
478103
461708
664073
974492
648042
790953
545230
389650
730816
681768
11909
630777
958751
751912
941145
462286
239867
132018
273774
299407
657137
502066
431526
392702
709213
500675
931920
712900
825304
88419
590127
86195
550033
674694
301218
740708
730566
670534
506613
995903
980576
641719
811651
770905
513577
381849
457669
603768
601835
799463
919612
670962
7526
944268
91255
377587
790253
617269
221569
575132
728157
278721
695275
534793
907067
864469
804273
951851
647785
524621
239308
140948
512837
344717
891220
478162
317279
717813
409039
527026
144148
890099
685210
871462
790987
19314
637362
970241
323532
624368
522592
116766
365368
997485
39743
933409
54633
576575
503979
659541
761958
287107
110152
365493
944131
232365
917484
414342
585747
522177
695658
948065
656523
311195
453948
563599
977141
59560
546956
463564
647629
49975
31839
942382
867900
219946
724894
639327
972142
87366
857731
45254
838546
767210
294876
209797
445550
710749
866111
511963
253660
173696
103307
292072
829796
350562
837334
305169
681335
868402
354040
819194
939782
321167
808115
475504
742333
297916
921342
433769
744224
664111
87084
732130
515840
758728
802686
696744
759577
830943
170434
671731
751627
312694
614693
600236
529716
206478
381276
964816
273830
235733
143467
334124
578378
350396
803921
817672
179984
6887
800464
440992
654354
381950
482908
485389
845444
593377
518752
904899
249050
798328
296999
185971
671735
111079
138221
962001
469452
363617
245507
658928
332629
324372
770201
555657
179564
821506
678443
302490
870601
572528
852171
927403
162583
396150
767175
526827
703923
83191
359286
406074
647747
372651
973284
956864
873969
137944
42967
214586
539011
746144
359614
428245
985561
342259
447605
127986
468034
786468
231735
68234
546106
196378
814369
951403
312964
58653
671455
819681
758944
5136
84789
276528
614186
711358
456556
793468
95503
915404
790743
749708
82412
331278
183041
468323
965189
987510
257268
501582
691102
994536
71080
260028
316346
626345
119495
729735
894253
718837
55705
385809
404704
778543
487505
521737
797729
70963
938547
954509
771940
971912
727200
620266
184603
958257
810880
67006
281901
244642
962442
410687
416022
113872
414899
185172
283930
193697
920048
821857
742887
786819
211050
527840
251846
528152
655294
558442
511677
435343
344109
966166
590341
716622
617191
558008
971555
597771
781743
63051
511718
437306
612203
860777
386940
71137
677898
777910
81904
345799
533074
96221
152068
382859
317317
828914
488551
463888
93359
593911
467731
616534
945551
423994
221509
196772
724703
971035
83610
914913
133314
175276
120515
730307
645450
818737
699685
832606
710114
304774
10639
161694
594462
547296
972185
412816
437406
828460
828821
842458
438745
62483
601077
569867
756491
331487
587833
192461
604349
401335
384018
129079
323502
140294
599192
691903
654811
863930
585253
852301
719088
26537
228364
945194
50443
861773
850041
98903
280873
475568
430055
794746
32687
24739
956856
894196
806807
808296
539316
292558
150005
700527
971553
330897
268453
851581
922682
501620
199444
672809
60176
830832
845927
100737
991866
153648
407947
221065
544954
1892
471642
454627
266990
87861
602086
9482
249008
931987
746150
720632
516106
693545
577019
894568
526425
30706
664413
274422
950717
120229
277735
268194
22074
788428
522619
793651
918126
84083
822163
565560
30831
531323
486821
157738
540352
367438
217074
851053
866032
505453
99628
393909
455696
979492
857794
733957
313103
615007
204425
878547
119732
39831
783496
331016
408310
383269
483232
96355
877883
215159
344854
964349
60651
332704
263167
398567
509169
752841
521223
67567
130894
448773
80989
116738
399193
239427
541887
867499
98199
583516
784541
297594
43827
192333
752876
662271
185370
445886
458250
133878
328373
371904
657033
930365
98692
293526
925595
67327
939540
428970
41624
169077
426077
96481
541614
759875
760506
100424
931365
250622
594437
726893
317453
55309
537678
725451
496647
576621
368632
955101
39150
363982
278001
193427
347936
906395
198796
295458
568876
330967
395325
205430
935130
957602
638192
84291
378897
604764
229190
483641
836905
595488
48621
503318
888462
2225
770522
584277
523213
740531
36390
680964
807870
85392
820994
678131
260110
663803
603225
199816
292200
709073
596225
425136
232704
757083
500444
720560
564092
515952
467025
504985
41983
219192
708515
937498
584275
335435
685483
411311
896049
680439
694390
556664
87472
448225
173181
162724
315401
421187
65533
546508
737859
505683
297651
840284
3583
766020
607478
539372
276706
61477
791088
902509
315098
770216
335610
169470
762255
296126
837395
703006
832808
382621
216381
979068
924983
512227
728693
927787
923394
744916
148749
937201
882799
240703
74471
33983
599307
758272
40656
973306
560247
558878
297718
222903
260911
869332
374792
9478
730872
450221
463273
899237
771558
497672
102480
772822
793543
421692
781311
73611
936176
816788
894749
164669
399713
633467
659250
482203
203095
808435
502207
273248
953711
781759
874872
985661
686706
824993
940959
208054
132225
679486
651134
82121
162334
669405
928001
952264
879572
79118
717677
669768
87429
934503
887169
91762
74766
651306
249768
488438
589912
496194
510743
966112
4158
683180
589961
573635
676950
968819
462549
150417
121310
755731
610664
738573
307589
435647
946597
794071
703699
66367
260694
207654
10549
830193
685517
145749
572841
914031
305627
78804
577410
651601
883628
43263
427993
590281
711357
232075
895760
745453
305532
880540
763716
592786
42235
99509
215375
737107
916560
707719
359414
901041
315595
614186
257462
319892
783636
111337
514150
843312
863201
286199
269321
481219
19090
784960
636978
899386
909161
114203
401236
487924
988905
935067
197349
81566
640458
928325
697647
645309
244949
285852
889267
89418
284450
248343
929146
607543
194092
669876
545529
102544
757902
943973
924320
235197
432477
217385
789055
595171
540577
82422
818517
202091
249840
990546
561655
184666
310569
598593
997658
469663
125962
250585
24061
645420
81455
942513
757813
599804
785832
557368
239446
683506
462901
319586
166395
869666
902944
238396
778739
852073
278071
974305
959304
232822
798437
516741
141805
450540
708652
941166
531651
279840
644290
128771
412424
660861
2181
961277
251741
842695
182363
468666
791474
930684
802474
290480
304336
184662
579953
957630
915842
525166
789441
140574
832801
455611
536604
14327
378491
434359
272680
445903
643295
192802
356368
659678
729736
570656
809976
554046
938916
854589
347802
260350
258047
696017
732738
810901
960017
859263
765602
25459
641888
527063
113491
513267
70419
219099
786665
356781
994581
538463
610097
232809
635938
42441
738506
62446
310129
822136
839837
425144
26174
113730
282490
285319
527283
849557
546064
51732
936626
125758
754889
372511
836738
839560
800192
847779
258259
362109
49504
233003
438319
112328
565530
861438
235840
42810
243714
552310
108792
304747
25095
732335
222560
572921
406477
927962
830081
404204
142889
184113
650409
791994
737336
774533
97498
247781
582940
495091
748757
14274
288788
661429
123262
168342
455735
975124
235116
539609
676365
134844
769103
732892
719562
584552
10878
730630
52584
467260
918877
676218
243552
319729
31272
804629
854660
925930
705758
225427
880700
478694
732940
503889
712027
121231
853940
193581
853853
685359
761883
918793
142847
132610
987372
109295
344379
68070
501708
196558
98271
493294
335739
347235
569417
258391
921507
775027
738049
887698
116161
156980
348595
454528
889965
918539
110407
271356
80967
610096
508191
340049
533888
119791
320044
120652
884290
886791
183149
157421
317373
813621
870598
749815
413519
143819
94841
843239
361615
78777
201475
331457
453431
514797
709333
557381
813611
903767
244525
221249
792810
11077
941137
515584
870160
691374
881576
430880
288453
981706
779765
834625
476614
888862
961073
464794
784590
516630
686659
410661
537760
688906
512734
386810
243316
53027
698487
613946
532412
532759
625378
938466
818769
751183
502728
974527
137087
66602
111047
712448
59306
132827
288294
929639
858267
431726
411699
41626
622635
773608
330876
658518
387402
360715
755110
186691
472108
374648
676141
144226
159570
963119
472056
789730
284976
992627
267864
199954
468864
798665
320221
511986
674979
628318
909205
750882
731055
337736
941730
499964
424729
278181
295927
961917
546432
935840
668655
499678
945492
548050
999561
474881
283681
164676
581060
506311
834428
621779
773715
509886
373320
81196
356093
746296
474021
116599
957525
469687
731575
841169
316688
982852
10126
650545
752328
9182
536247
867116
294668
125712
557726
31315
964129
411995
423838
885306
790554
446355
614503
556116
666191
715654
710219
713146
912893
5590
162021
759370
821114
614952
908390
265964
405267
595253
59326
1264
8772
81598
932579
640659
936275
280668
212992
195105
54345
25781
807293
204148
421646
314251
61223
888986
252000
844014
456829
766356
998383
36626
874006
10747
681689
616059
410545
496574
796733
956052
902555
102534
73790
38880
617655
189818
438550
293384
271533
185950
697684
707282
80690
355542
216500
562483
352879
522825
214489
435899
878673
344865
74281
572718
599852
934766
60549
710707
496908
426922
269731
368870
815834
689879
350219
981128
948712
304453
399210
389654
131609
355440
877590
624439
441968
722117
384287
217806
242163
91141
496718
843504
69307
916099
63549
409071
165467
214407
610706
450069
386155
965781
109018
386220
533744
668807
687934
67450
362665
450327
51684
625163
754489
964409
798372
999206
156780
287909
78565
69793
8615
852594
217492
718481
182705
766494
868288
210521
962520
51818
348181
732387
747713
503906
855348
894381
818832
935547
118443
43771
577008
681941
660502
970795
874303
67487
794769
849445
528281
104025
15192
701936
756864
873845
820030
400354
779941
127127
689094
309872
913813
890876
482530
623203
164163
650166
936006
75244
764078
553685
816935
25422
63342
514530
40021
612281
216353
123589
842482
35511
251436
148934
874510
237951
384240
733552
737249
496040
770379
292945
632995
427959
56392
900127
784652
514713
750948
716853
244835
437932
602942
708410
295237
276343
215258
660578
167221
271418
883921
754062
895130
189857
704345
488719
556633
643218
25005
998792
609807
392293
369049
928369
861227
547827
843940
376184
4775
940935
584025
23042
53857
211058
801524
853135
953050
922939
854246
438075
401482
356083
557317
743136
175005
49445
75028
28185
671950
676012
385962
124514
380511
541024
328385
464603
58290
776040
165021
423851
827719
150259
997398
528897
325331
870146
109252
150070
147513
631837
233735
428814
183975
131813
155760
251422
904720
154825
39696
529223
237569
779411
689499
805280
196195
481306
22647
134258
120716
710938
15207
974940
976449
980960
557775
157207
2572
894879
342627
234004
784566
124193
577392
939266
409442
75031
147975
689964
476294
821201
178369
220030
223430
302857
155188
586536
636911
797785
904817
483227
454541
830733
434102
51120
689385
428691
876407
543976
54050
210575
323716
590158
846886
268363
984726
580665
892046
444044
260220
290989
963028
188735
7389
606177
337073
566290
310825
509916
399767
783072
848865
683385
623304
519364
514495
594377
960466
591
196162
25303
561639
957588
388186
935110
443613
492768
420013
586263
372798
417223
578308
986375
715981
963097
716566
937941
625366
704884
620014
18081
310064
487475
700987
806192
55699
981380
741812
247180
603920
277720
332134
373449
78513
330483
15387
48290
894765
162659
101225
509441
588360
899917
752724
786589
688773
588066
457825
879486
249481
454449
677560
860892
205326
989079
363380
282661
587392
180113
438411
831070
663543
264114
256661
900001
31186
745136
675131
188292
141228
924248
906877
495450
979518
127458
793951
598163
912401
304607
502001
801599
658590
750158
917626
777456
630276
600207
603328
905980
95204
57327
923703
938465
483164
944161
168708
857284
809439
173710
665708
25170
901998
496387
764638
352263
10101
158921
454553
541645
665668
576594
783611
276284
387752
69711
857000
212224
19174
777887
264019
987800
30867
383713
844524
379515
801491
659306
76838
977941
31212
676754
783075
477679
91590
782441
377983
776812
445697
265096
103350
93615
828339
919361
444595
711258
770877
753336
687606
708850
41928
323531
782432
638942
367265
505325
803102
971086
926383
627664
997360
123449
848205
750336
366805
262718
370248
109581
228949
543852
308214
821665
219050
343645
348145
29488
635212
735357
343279
133644
182104
952552
601087
97304
625308
589297
58722
368021
475393
729856
319044
799320
182422
874579
73622
255836
758965
186213
19721
690164
173652
555883
986472
514841
474090
558971
504978
284705
928379
76680
544851
380689
203458
973896
378143
727369
999483
681206
495530
725277
190538
244019
551975
952645
734347
649032
252506
132074
623415
276998
115356
661472
862959
19215
211947
921395
372520
347757
739883
806682
893044
904223
145533
451209
625705
837557
547067
931938
996656
418385
825357
787531
418924
481805
415211
930074
511556
22651
554223
886317
63567
113095
794837
92823
370395
30137
321363
146421
863642
97367
215823
50526
928170
466023
36802
491448
924096
270482
553511
417960
914416
704677
785247
924065
721371
876720
912676
343838
806261
963345
705640
155050
378545
409227
855945
243996
965324
607375
31603
639265
705907
494877
557715
153394
575890
256196
680052
89444
12922
95173
61239
778142
240622
540246
14963
904548
639627
751490
53991
741266
830097
556013
99288
658085
839826
411190
614476
438196
740533
847221
821601
165308
741159
486115
709770
326168
160672
60249
953703
817359
916237
536945
480577
546376
617823
5705
750111
742168
47984
600486
470983
756412
422477
483572
73044
157026
138980
35116
927664
833506
901451
361422
277487
955914
788330
604366
135625
389782
71175
947531
624497
74239
588141
48890
82326
669738
471031
752737
611061
814785
380798
161792
247897
982879
632285
319114
266673
388837
117533
780880
994124
998186
229890
903167
757299
916111
160049
352064
939554
936367
524732
625597
733861
513141
115020
847300
857228
720649
229994
37379
673547
398371
902890
249651
707120
342400
522292
57810
797057
454705
808176
874056
966449
646096
340237
275819
855423
690318
118830
984862
912236
536936
301555
225364
157527
376248
34655
997491
830070
943848
633067
70483
151411
831297
372198
89125
826848
116129
297863
525360
732313
151307
437969
214711
660469
626905
175585
946103
768360
556876
54295
701516
79352
770116
863455
644403
498458
675979
520923
308202
537577
174347
690991
198260
942786
541856
98152
313017
548862
340872
240137
444426
711629
822775
873716
522049
77164
429255
616434
358278
394818
925901
149023
916015
560285
650247
762421
26687
153028
767729
299827
580175
706232
459382
117801
465419
173964
386500
72163
362899
430814
671800
316336
573825
667761
122361
734989
416714
766504
36833
976499
83581
820769
920661
52858
772009
962348
327477
244392
996700
841319
121455
718555
343173
479415
2286
552462
73787
770213
138736
846667
683223
508754
486198
725357
662331
178905
778452
661905
470006
160575
911848
578393
572544
218713
242151
274780
386655
117819
801683
364910
62701
147160
132041
291143
398128
648251
588342
665874
576361
762657
870506
617108
286824
20528
577605
636855
867676
119448
302989
185139
321577
526597
684258
634648
226226
386622
117193
1466
271350
356509
392036
979832
512726
587691
579458
749995
265972
275160
70931
91304
97656
883731
65972
954355
48108
953868
770857
767488
695815
162116
704232
234342
345799
758413
935698
339427
201143
897316
398909
84358
383760
23015
187692
698877
774076
725364
578656
57659
572406
124896
306951
723845
224076
767889
595091
256410
14790
742777
774694
150653
470817
807919
592873
863264
255796
271531
819964
651119
820532
723998
299783
518838
552979
660332
221423
616111
716483
293127
277349
989868
273944
4649
930520
326941
985995
957230
256075
915967
283802
533899
562817
841506
37581
620335
906964
867989
223444
285684
196453
867375
464589
574338
858861
575548
405153
405441
722482
199491
673486
329336
461782
678833
238143
878919
347018
56996
895383
28733
890207
109141
928460
503063
352253
299106
151792
634454
350316
850807
133260
243644
149199
825625
419877
249762
492466
358414
113184
469497
27000
244781
701825
776795
426743
727806
312271
958861
81759
327757
624212
493716
549205
365456
136960
643696
12062
573042
815277
806841
580534
177211
156030
552149
502529
928734
207712
615188
697305
178336
875826
895400
534918
152032
460929
804100
753547
671431
746156
148175
996189
396556
418279
400645
489647
275364
722266
219883
938536
297989
265897
705772
143222
182294
489039
910037
107836
345205
871715
593962
967911
640996
442877
949027
906206
684689
199602
845830
450391
719936
874554
718178
113415
35607
308403
579365
63346
429957
392383
142235
524256
976400
429192
889347
541360
917435
612259
671056
355910
936400
293394
289593
317407
197519
49636
173373
270918
567603
108087
979511
320800
169245
931678
51993
605601
310688
769629
719496
722209
465512
457425
622868
479177
36423
508205
229650
599911
630046
384094
564952
296866
391012
15952
747157
463559
409238
332042
658123
129473
567675
581109
54121
276199
643987
27130
585225
161776
346779
275912
508482
369986
921984
748021
524267
392743
661598
936956
604653
449249
816307
882021
485956
952916
668325
416258
645266
683553
93548
134741
972128
815828
446109
846287
540913
523763
555476
639539
233989
582903
11774
41177
120167
606487
239040
486863
183475
951807
461192
151962
117928
385568
908846
599130
319397
434976
517894
581259
274884
301362
249284
946984
729552
199937
327884
699754
266596
404039
327190
951470
535777
822778
645627
303028
763019
24357
402526
306179
897473
497684
879610
563883
522583
252008
570115
738402
639505
539531
857083
852688
899647
327486
732373
937126
949744
338638
975550
410921
770708
300070
416972
603917
859442
158077
583686
858236
644290
463728
891982
283766
269416
853482
348327
478034
722061
762175
235175
411938
994396
698392
872186
756084
853974
313033
488976
392949
436307
947583
480228
734449
94422
745365
459562
808437
811659
385989
110997
493718
863007
482939
696834
157642
412284
261637
405828
182323
475168
762599
63949
519676
193049
55884
199413
499996
637151
225366
309994
178808
949901
788886
406005
771237
193534
472535
402084
846155
65344
85589
530906
734693
849720
656331
600943
10212
268114
722538
331141
304179
243362
470310
306408
984022
401500
251753
476641
761388
130732
668907
110360
533203
47411
912537
318819
224042
717472
628082
596335
989809
613478
972209
508041
37389
669663
506341
666634
581993
529917
476060
359837
145590
660520
780157
11822
631250
535354
815157
589489
819207
393683
62090
409548
464938
34969
231755
605218
665636
59663
575016
949437
296333
248657
250142
714904
200820
290922
426187
372614
152955
999314
851487
413633
123615
112263
351027
85523
396118
879750
395188
91930
679825
31782
643127
238780
358881
685458
566577
519016
103477
610401
312574
580356
724353
533460
574687
850936
288507
428587
204161
467735
471679
612260
613176
379749
574547
617617
376267
402313
820420
293076
471656
935696
714159
628410
948280
216731
376540
69874
505037
707111
73284
797417
418360
887607
802099
643715
561592
96032
318344
190391
473101
994993
350234
514951
485290
903868
859765
173083
67592
5765
776642
899769
451479
792455
770308
847715
667983
150045
968127
22350
52709
577684
578163
525178
189338
319050
522118
408242
873133
289346
815231
814690
728753
64072
208750
546192
877945
183803
835242
300921
888623
494972
452851
850505
794372
233842
216117
533749
393730
220599
81326
980665
845117
762018
974886
689321
690791
905713
688285
450422
786179
26195
197252
242624
436850
277776
769377
933458
406889
989334
393813
837823
985540
529889
79034
375254
491443
602373
71718
383876
291858
213915
677773
231495
83095
157062
352899
89803
684005
981345
136798
493539
984061
94727
155449
298981
610964
808894
863445
493538
196351
937472
116379
731584
851019
458728
529149
67254
474985
511286
6586
298020
700806
301631
782720
80205
351161
806900
115179
550002
265686
862220
925804
186188
215967
765265
187269
641829
348250
229060
708144
366995
328254
510254
414111
45458
119879
96645
533791
943485
61033
231479
426582
720425
40801
512277
907819
490782
420454
750495
280772
950899
549631
967400
751850
156869
180142
354022
156298
869907
97610
118872
845461
289913
140010
556884
197830
683079
761533
561068
219523
154302
675959
641980
941853
140903
777830
108947
523442
617615
771171
708348
440114
758626
994723
579112
916734
523235
307309
352057
620140
947845
754918
586605
132391
464873
185032
309477
234612
608501
306033
421842
36815
567693
197592
67515
408372
588593
634650
106220
871417
774707
132274
284479
850264
146963
160712
912768
70219
244985
284256
599679
537424
658317
876211
829815
811660
969206
590875
948566
737228
819502
819751
711785
654886
969983
31310
646886
866686
801565
307009
890197
376356
329438
257049
941915
215643
96858
855600
408868
437749
866011
510347
58796
841049
470145
914164
638251
117351
729781
367527
198555
935154
430472
274402
284775
474092
75751
317023
621169
537952
937981
41374
846976
266584
1061
199579
42565
92318
25482
481888
883592
340384
2078
647027
277876
841517
433331
539823
194363
575515
420601
374960
472935
780299
475861
371368
714111
105221
252314
936527
701778
749885
864998
168823
643299
506231
698204
892477
693296
141318
6777
421595
221409
683376
930325
714715
389450
78253
424632
824102
560413
159822
188567
659067
565807
954427
659690
759355
407589
819157
504363
520928
260219
919994
570988
984078
901168
773414
597589
578370
41938
776566
808954
71079
89889
769672
760789
799047
185763
870207
1829
635358
365060
305699
622178
316043
376807
789285
54555
387232
681101
643328
140462
872920
630432
886970
24675
998952
204509
200521
794470
706158
444893
210899
268768
816518
680190
16654
677041
788156
825074
347143
994060
478491
78436
263166
515694
306916
633282
873965
99516
184794
630699
715945
830520
774650
847287
332066
902879
737161
401693
389509
390499
66565
666437
543872
351936
371773
920683
644965
504125
170237
165164
827368
864386
386593
199281
144643
39760
480394
162229
476857
129248
264239
28596
32310
665244
373963
301426
712149
568948
321780
658340
25788
342623
974220
302463
116834
484911
409744
101788
139761
51278
313102
629381
996295
226650
254131
899743
24022
994907
218818
290291
301994
620317
547681
501275
318091
671983
858126
379333
21112
887094
407854
551271
767124
461998
590918
301311
942493
801727
974339
817349
102294
912760
516595
248945
13191
971050
386198
33186
148955
184099
488655
630002
510951
517766
948085
84371
163850
496068
640519
732325
226479
450937
267388
651096
698415
173925
909879
258105
852692
949637
963929
441115
135544
625229
867121
721443
869709
871045
391182
214127
73590
770045
128566
59491
13713
344238
910831
674130
64536
244207
900218
236422
18013
33488
957855
211373
257715
780631
332131
740768
302443
809813
617431
115984
956668
152419
381387
645583
742012
570046
707743
712121
166155
169789
665913
55741
606863
676843
25042
888332
589401
689605
765355
777372
166118
33105
643102
26265
531906
648601
805775
389545
375815
456707
686337
311066
961732
209998
468613
321195
111033
565803
606029
901428
324414
613941
730590
770354
413442
733583
446500
791091
875121
188185
71391
595738
290351
10062
677627
649488
507266
767933
753598
564551
415372
836258
674779
178924
697141
597601
747363
627369
261863
156318
274139
557332
582323
112379
415528
491575
522961
33199
553831
510780
314756
727616
508441
555253
106908
866269
712444
912582
918613
850714
400053
283184
369821
846280
602024
291322
685235
691184
148138
47613
100331
867116
378830
675533
120782
51875
71004
201664
31198
680927
769120
107356
151670
916365
761758
971233
217040
17488
564323
320815
275361
703298
984694
254613
248863
521224
480174
429880
156578
458896
272477
256797
930472
741930
711466
203603
391603
847360
692796
651328
345549
538355
513682
627142
622124
458388
426800
780497
825392
757756
106612
166656
682376
203017
309575
524269
328949
619125
765231
755227
201831
317140
652288
822395
967427
729194
275507
164699
841798
676070
776847
13163
243011
208511
138947
145390
617288
665962
630037
853114
999263
583605
505205
37227
223280
548803
140395
378922
400836
411045
490672
743637
699492
732177
232984
532940
843936
899265
8300
307799
169323
650858
669654
19447
291811
388695
796277
61704
410287
425442
260817
547535
759682
226831
377960
137446
203964
985413
137831
861761
898863
258218
439796
338652
277694
374490
240488
226307
270498
724739
977114
699261
728198
141791
352470
162582
476626
300175
151085
481352
706438
70353
7078
538373
425980
679774
364690
392676
507599
63203
897341
449957
457563
489817
418817
804771
84570
18691
853812
376021
336301
773252
595009
161024
432380
151386
884756
445309
736500
289403
846575
685922
503791
1738
387674
789456
628658
831030
71543
883417
580943
658927
617267
923979
317291
486662
634137
508702
978202
767265
130689
111989
349350
332567
860005
231892
259951
223662
634259
611807
673644
473390
615551
820683
113359
437857
686640
897636
543047
257194
975003
124921
342815
983040
522573
817639
804356
130949
137665
206465
8803
797831
706065
999257
350065
513554
712202
73582
386884
341423
715416
510321
174943
269182
109152
605877
120459
525611
433133
385652
987488
912464
634881
162488
494947
93287
589837
157997
496649
429226
409021
356160
967642
336137
554346
734835
647729
383559
799731
318080
757599
520882
247078
420327
753392
738557
988119
846486
858565
97660
587091
594676
95136
170491
448687
413579
853119
263994
805881
786000
143647
468681
5776
969295
679137
505404
197456
151607
95818
446860
329957
794368
481317
263690
753153
380405
155075
431296
698280
351457
406051
725862
434088
911450
784876
665982
165927
423717
564311
730829
727636
803460
141097
95734
736127
356963
712542
663028
492997
140315
357474
606451
976676
778208
952632
288076
415277
225934
365949
10972
24919
167755
677191
969471
734959
78744
969384
455854
394733
918265
311438
36531
346723
796991
145612
993348
579471
29039
33011
450116
613519
264145
779034
701841
258100
154006
412350
633739
17454
914918
851458
895651
200551
838342
774423
468699
355693
905827
562294
78239
64647
571773
18570
39552
386088
90163
120044
800777
547649
455527
490502
295680
926001
487629
999001
331963
454488
517973
847001
882331
644617
629043
65141
230186
471454
909575
278261
102221
282917
480494
993597
414694
554679
818469
831150
687176
581225
288980
675372
730135
712348
464575
215354
731772
546096
918276
968832
254083
160085
193362
517935
947921
622209
744615
804539
775301
119486
331715
536839
539113
283163
911918
753055
319445
588226
700451
309278
353440
582762
888280
392432
356228
303971
535339
368050
195981
825294
244266
290934
231358
694831
285119
607074
401280
758747
931574
836088
611911
975372
821421
23920
985540
686099
411543
958209
215360
695148
724332
797886
425180
941741
589681
120029
641570
943961
178463
893780
964999
94609
733939
1180
260160
634026
581201
910488
331453
698586
704150
301902
925766
870923
568313
598419
129649
844242
2908
237830
391549
760825
17205
9970
616399
945208
262228
573015
814534
850499
276816
467651
706365
210365
767826
537817
860508
393994
911549
615923
773851
773889
681337
977316
992853
961
739995
930518
895684
396507
569522
770770
751327
953069
778481
819423
269133
174734
65524
4865
933636
341157
932080
59170
259395
487316
612348
769359
778984
837586
886
644505
741039
286935
102803
728540
663367
485808
11015
312924
847250
626482
564365
738378
778170
572491
449300
685159
546155
144180
280966
598464
337648
694466
369717
687383
805358
303068
660644
208866
591223
804871
713776
592749
205580
807965
218138
402842
759026
516445
857586
573321
465199
461019
377568
768786
435681
149912
890386
415663
708284
111340
207357
996791
265502
759392
768018
631749
364945
638872
366016
738167
913116
827181
793503
689682
718278
66905
898816
337091
740008
863755
778126
404672
976558
276123
561952
762061
867306
728856
761119
15771
570964
485180
862735
68171
231202
119937
145531
677072
750400
906189
675201
518450
897133
766344
960503
936046
43889
180750
25401
298811
514174
584896
443089
345767
156195
310453
716737
452512
350183
264270
710831
743055
561800
341543
136110
746015
313808
327786
754341
938076
844944
480701
703326
476214
337340
22811
86381
225892
334115
507521
228283
241829
319689
283070
574382
146913
646818
271661
98294
671982
277677
140928
902135
442672
669931
83506
876238
135832
555259
239134
982658
881548
173332
267374
326921
361127
575902
767084
145716
584855
932525
450356
887287
167397
782619
375114
917593
655058
702656
648456
405428
735836
232529
938864
928234
510048
316498
726560
848549
180377
756921
968611
214216
58950
930529
744035
600375
510058
600039
674621
759807
456237
102309
790061
870372
512480
211465
781672
394758
378398
529
182793
906159
340622
605029
769443
415099
550276
149648
746677
629092
657479
416668
849275
746026
258605
883274
232225
25051
601251
293291
265811
583620
620105
451358
902383
112948
676218
870439
43420
284521
857833
358247
564148
673626
355494
432638
825757
83040
377920
760634
233077
432066
605189
64698
140523
695644
113637
49891
64811
609130
81973
426302
167665
219254
643855
247469
216319
1692
426390
587784
507049
713655
136151
520409
251214
647146
125323
39343
503649
460429
935545
775395
858597
808945
726776
288933
160311
417746
482322
285697
366405
910936
233477
449076
496925
488970
867683
496293
811872
435472
25817
310146
388245
463395
746636
916920
581081
318739
314719
641742
318836
638580
781585
96159
801928
248486
157636
159154
648931
426560
833240
777464
475827
840281
713206
277473
197593
202034
601385
327643
938710
854275
722406
991976
355362
897824
766700
390810
875035
179400
132934
205806
263834
580682
882478
707843
36514
713749
179340
111797
40754
794906
984603
894426
301498
279776
414189
77400
16234
346532
241605
177250
608869
879850
508194
12749
22804
945444
260123
382419
544408
503422
132389
590499
575447
20932
490482
248930
924151
694449
811956
560514
98345
91797
135808
268477
351581
111329
703565
428783
849939
742290
567707
793230
77650
826232
660272
282055
514161
235490
849725
213685
964114
630825
937120
654656
974767
885013
907523
343376
273356
901999
869857
869293
389132
345700
933033
976181
664352
644370
945595
3576
764762
151474
56207
488948
463968
501859
616117
937896
320571
901903
194998
698007
444367
169596
995802
36251
88805
398897
654851
853602
669732
192450
477559
822410
960927
480954
343419
884565
60488
253029
18266
238025
1281
235831
373829
318695
193491
816156
565396
863685
876023
25693
632875
497354
584530
826860
199287
443974
573567
588172
241304
123436
336516
164831
852825
300332
121637
198094
948826
418865
681111
447759
499919
355444
421709
135126
725601
401659
162991
546906
408882
53170
297065
614146
658046
92388
528928
29036
235293
137558
902398
498394
173860
174848
136302
823866
229676
256233
287012
39889
80874
304734
716947
319427
463933
448654
140354
728705
610503
168709
629369
591951
564658
441219
355797
316529
566420
663353
702907
687281
62317
822303
208617
936784
148557
633013
652008
499847
950547
931156
899870
737784
891920
503471
750272
319734
328969
11051
79268
681773
784987
822873
950708
316272
330745
131596
780799
258398
487185
616668
901801
235567
767885
314101
440579
189664
450998
415836
88885
898297
247410
788032
482776
776760
300014
89017
59040
799644
866327
331103
576438
593039
601345
206281
339428
899760
389355
476129
529706
899837
94362
858785
990957
912154
29665
135020
440207
39232
569922
21003
961434
308677
675695
396930
245845
273283
837097
546895
468409
47656
811914
466302
500926
828954
266526
364460
696398
165892
802155
67222
102299
175810
576145
781148
344204
215589
862796
813976
497490
10787
20375
930325
764889
426526
720811
391982
860699
38991
305766
367749
909710
20687
20870
113244
453246
171906
697812
723
391733
58272
950941
163519
694422
627745
414555
574179
344329
604101
133619
667021
697616
533757
281816
905935
947960
14521
90189
281433
626028
506511
19143
513776
846948
640197
841264
926349
472698
475131
11528
144276
446685
598072
296358
930799
6878
849935
939229
252359
203752
951277
228794
766367
260429
431298
76649
207564
772027
948042
112502
107349
60941
226551
620401
728803
410750
617405
514092
863525
731832
713337
26846
224771
989258
842175
787690
181436
280697
763646
44345
812126
428973
663378
523523
389025
770636
611111
247341
636257
635108
165060
436877
664119
726402
357947
132553
819378
530656
974572
694237
915063
286906
523697
369915
327858
332929
969385
254220
929080
536425
402276
810517
297083
441693
134696
37877
621481
687762
731998
359498
793505
537017
164060
224820
311890
925390
212624
169649
165042
127694
677125
63144
310425
429957
658901
142145
373560
394501
301932
414961
376504
621555
524212
740755
446963
909115
733731
408562
509385
8483
489885
1635
356128
270909
726406
707535
701628
794679
695400
83919
199607
370700
700222
611504
690013
416989
930587
188821
24678
382234
455034
837244
300433
265754
442403
966809
253913
263627
225526
401630
846934
594243
494039
843612
181043
76149
154038
752323
513352
144511
896825
503237
154324
574687
951433
464601
820248
379526
450358
931868
936274
110533
421768
62738
804117
656804
623139
906057
553473
382610
306581
420510
962213
36790
664640
810009
523886
50275
895135
147188
433033
271659
999094
902649
804765
417675
13402
894025
77406
161347
73754
253880
218832
199369
335049
100566
15961
893523
174505
568649
104640
6674
346998
5910
658568
868863
704204
495806
891299
604045
168757
639813
299285
905918
400403
722830
414182
93906
775334
257569
56515
240474
11003
11727
889651
449322
132210
218669
639537
475756
169450
249787
122858
219922
408715
265641
217364
247395
639407
278767
719656
610167
264878
982170
619518
777150
701444
300583
262340
654714
884449
321736
79835
158093
91662
52355
890767
486892
831287
487802
416944
220403
505689
774149
851153
832147
20041
361723
975005
883750
502174
641424
40273
595107
72316
827608
354009
250349
746814
829930
723659
122246
537215
447008
699578
967328
294149
407226
127800
134484
808011
172834
476268
698156
887658
870730
100556
241306
30051
862001
510390
159052
433995
222469
971057
591895
733011
149923
873211
999504
659379
939002
94350
183290
639603
475853
34804
221657
412822
956246
624387
50661
651811
327624
625080
547226
508817
772782
246892
67116
866446
247151
373941
806680
994924
979634
776412
134102
975145
900446
313782
429355
896857
526458
419809
296218
307122
294196
266077
48570
22644
753981
697540
578723
989811
302609
462631
307778
274242
242516
327687
428429
905982
216792
427053
812560
510260
598331
269926
878117
539888
350638
591519
456065
817699
566544
972889
410731
799280
350328
447944
115721
901523
792658
601422
963667
955246
488672
470799
296872
239922
173730
948272
540799
117542
634641
821233
398966
392983
208005
621797
235782
352412
541878
845706
650264
203781
271775
412297
911408
81248
912702
766603
780424
462823
623672
937333
646648
74825
810202
891010
291536
592339
553787
869756
277960
366843
338173
391447
291535
151049
598962
639850
347903
368291
486171
409546
673586
841459
126155
428357
330670
16183
415978
860664
131643
129188
186965
368590
411478
284152
617955
678037
768702
877467
265155
471614
151595
542833
972865
369009
4382
403135
295975
520715
453651
967927
441344
826485
593940
124833
308728
68898
416360
668392
284319
70757
248040
520319
531596
552556
255793
878446
814750
76253
665845
737341
402910
216267
222316
796667
338112
926933
343017
513835
746824
911067
986375
640844
969866
425310
108738
70212
118473
781427
485089
655400
588225
523300
668625
778282
391361
573795
565198
205792
184751
952620
985914
379693
209775
635446
43408
667790
241375
110229
88882
688259
851258
20783
875998
701655
39452
777624
901567
934542
44260
357453
581152
159915
564149
404746
308411
641371
520791
914504
397616
550401
798972
654039
955665
38815
879964
802195
339546
191774
635073
984198
254526
300538
892319
562522
767132
393996
423643
877625
619408
826805
516012
174851
19302
925284
967647
939179
4906
655493
435252
24175
168731
987335
330022
523313
642750
816647
13256
259255
816398
993374
72395
684028
553104
67268
102428
161456
607301
280863
144170
138835
950585
759852
751877
989545
118649
74377
838370
40027
895138
166812
878715
877482
963987
845476
508499
233808
446340
835226
3287
465781
385072
426755
798688
394955
569326
585685
468310
205894
569118
251843
729646
113147
192446
727911
319315
279956
353116
748427
33187
279598
103398
353812
211984
680463
218973
560204
652135
939335
759080
802059
461613
282210
92293
504704
96357
939398
948506
618657
137967
684400
924330
300397
934283
994118
599651
937114
210426
853336
242067
602017
752901
401911
161403
589666
561303
466802
993660
297844
107653
471658
339054
501325
157742
293585
374224
38539
428862
941827
352473
711709
713676
202176
768173
205457
436451
457030
575019
251002
696606
939463
592099
150717
222637
218764
222821
491192
822004
973222
680437
838992
412562
320524
369434
83542
896831
818198
852501
50646
674702
149653
48047
687675
499858
827341
15723
728354
350109
636048
739099
403513
697443
931767
511695
491220
463934
81792
75624
552844
4299
306879
789642
299028
304241
497794
326256
346457
142274
754694
872153
783253
324025
168335
98848
891633
251427
436584
961129
132309
683355
19895
809591
139533
379886
779324
293403
357785
253213
123302
399751
114449
885056
957266
587137
525747
30727
929377
919411
199947
314332
500020
745247
143357
601700
516039
836847
280754
229861
825319
461674
184541
289730
517329
777731
763177
853409
444521
585228
485761
41133
203924
338952
881275
936311
567410
423837
464994
345271
116795
456232
834718
415409
320309
671019
129410
618419
543439
257377
297138
988667
546141
299187
964591
701237
310321
58051
842561
964641
44306
266021
409536
58323
563612
834285
777854
723284
467828
884579
138004
482470
712101
663827
362440
429477
210844
779969
145112
546377
607676
341050
200038
237640
282847
100870
704319
323288
73258
869690
355017
900562
991692
355370
51209
127282
663123
206395
870479
931963
198699
79893
488638
269112
74995
515768
257788
950044
339773
468902
523890
175819
144162
364542
984832
18290
599936
404777
950465
93137
267282
976621
727158
113177
886250
496671
612881
849967
277901
630261
74400
898896
533163
789818
38548
118480
96121
419418
788270
65915
268333
343581
711557
528860
57942
876657
826806
539803
580501
350111
726184
598337
415099
241184
158778
798040
470273
441993
488588
632366
749726
662497
27815
868664
619657
266963
281418
741138
551627
603838
696914
606308
434687
321514
692356
435937
980201
343126
693434
228073
35825
512173
982441
76942
65403
700054
612683
79796
104996
724586
799981
182866
490778
890049
70679
622741
690776
407973
819731
771875
240253
123048
421788
963900
865224
571282
753060
620477
262578
38450
416066
951615
439848
329429
630135
779612
927076
675541
604699
718865
508711
620617
468009
651391
645461
467930
619236
836044
694956
486133
469540
47719
69922
223388
953920
858984
116763
932120
228825
648085
967428
410249
995521
427841
17103
609821
247623
409678
470987
23775
306784
172308
531295
625575
39156
922202
553699
778352
481858
484737
723610
866822
944240
318465
606736
809886
944627
812362
478925
202752
750615
96524
948723
788767
654507
486098
555513
341769
499789
277961
152516
483641
254094
914207
576159
474634
367809
900295
273879
109702
152357
785497
648502
702365
924588
124629
344538
694961
738663
330440
374704
943182
507089
393991
576082
568887
385589
765784
725499
355483
683452
51889
421795
129895
946903
986328
91324
644981
700357
16873
5383
326114
946497
735094
234451
158781
420300
75208
534995
11546
271250
929860
602971
178439
328188
459945
484023
220950
729617
369334
934632
354393
369865
833833
649020
345260
220016
448545
191560
631020
517300
826533
54405
105926
730443
214141
815109
654634
936131
874622
836368
924893
858215
841636
131999
814
12107
79639
415284
323136
239029
48400
877908
894982
886120
702933
575843
445774
696334
190368
964122
472628
358849
627294
84903
687095
943350
207507
574881
17320
798726
102298
941029
476094
366362
554826
898450
204871
310451
368629
187487
291833
47700
697738
787092
671335
762828
618842
747243
472271
720484
805751
807428
187088
826785
335864
559999
665144
695542
556186
295802
200507
484169
904961
407207
142529
211552
621468
542920
722838
673128
232614
204810
329797
994850
964040
793915
133630
438954
272603
116650
791732
376614
18316
355226
454084
151559
771289
919458
781711
226239
309496
710564
500776
975487
827094
182056
242601
867819
137532
699988
158176
684125
786446
27594
425127
724691
129774
123166
640273
161846
979325
500722
224512
306376
915137
178992
622612
837545
226530
431268
281982
789701
125071
451316
786354
186269
586814
681788
828475
138801
615952
192138
86824
289735
252114
617779
18980
470939
628320
236112
264100
948196
190948
625625
301561
389054
181884
912284
520005
455288
611962
262937
295434
613500
785541
408381
126942
930583
55324
112185
619323
776677
19323
327231
391219
750362
783190
576857
920320
366127
834114
352869
648569
321959
312435
219185
531169
992956
15712
120623
582874
995563
559747
292309
170999
572633
763004
331924
566447
828192
567317
346162
742700
190459
570208
616198
74563
155850
931773
994256
823999
337665
440
604978
197910
113203
556303
112783
893821
638007
719376
207807
790167
886772
878113
72684
999048
582927
867482
294476
747753
403245
951308
525371
98196
272871
917349
430772
846238
926026
911083
935403
396004
430599
923174
207179
539262
484862
100571
774663
732113
844065
358642
35039
434497
992392
868409
21105
22403
710289
975873
912761
196752
569202
54438
284263
627317
800221
432301
310364
350983
293006
467846
409408
641909
527796
784880
586434
998646
118522
735995
81901
999585
710576
133609
994724
146523
820827
959342
891770
586986
868437
812183
364976
393000
274530
274631
51020
9428
598033
345627
561810
620163
186956
164783
41826
391540
235196
208506
948397
348928
980955
431189
294869
257456
845463
329689
927905
306665
813408
785765
825433
243138
297871
390015
265476
597750
116402
136274
167164
943797
214264
693397
24619
683157
201718
723853
677988
870629
131795
40488
670304
473506
380502
288906
401171
677443
476298
466150
398250
709871
132236
486530
200292
706703
764145
375516
753162
403197
17046
4075
404172
694171
776517
390654
161786
368129
447552
746881
756827
35854
479022
794399
196718
949151
87839
420225
211131
694366
263550
24307
293332
519602
271442
545000
222381
970772
341168
661652
19029
555458
351745
225975
364176
382988
454956
696954
381523
811979
451040
980594
615260
964145
484159
307649
925227
348348
681194
791643
593824
181189
41381
275174
396914
122037
455719
266875
572169
957078
979201
993738
465658
498759
819368
414234
375773
933642
109217
357933
488331
610616
425736
155265
948601
972692
153980
124147
849708
624316
472298
375615
726296
790203
678773
464738
223129
720444
927679
317024
954189
56409
239639
610082
822220
193362
633727
188279
175812
795098
508312
73531
44854
162058
655404
524373
332359
825913
735128
24602
324356
150115
689492
470223
385205
300293
671969
837067
756252
248011
636942
508091
219211
855841
232742
31999
473183
687398
326649
990322
988188
830911
185477
740360
830374
329736
215297
272208
867354
705828
712007
831832
68935
873141
790620
27951
153549
195751
151581
15045
583184
118951
719943
935535
225944
820402
689442
901639
95368
380680
682571
42609
584824
957887
964125
340856
595634
971571
806011
524374
304454
138587
326013
331026
778442
90999
385909
382532
316978
636709
941149
898804
317063
265363
283358
560673
955143
481679
785151
322013
123162
107835
23208
181205
678252
14556
118738
737391
110507
83601
892686
193548
907103
331552
717678
14061
39392
277356
356052
919473
93433
726531
63061
823676
479000
979668
690825
525684
781486
744382
744818
473765
587497
913411
205510
315076
198283
764827
559706
629521
860839
194917
505837
460821
277112
917496
204623
840651
687006
725400
227436
693723
68726
236228
361337
203137
154580
75500
506106
949325
997856
634432
872941
21571
37706
646308
100503
23330
96491
778624
849320
383490
489082
344435
831181
543254
787431
592999
888083
405330
665239
45055
997299
343846
998141
429614
924606
947623
75794
886881
939558
3663
948336
99612
77414
895387
549712
697123
491087
999763
289502
284174
561840
475814
80310
923456
493794
744179
658046
647601
624173
121252
745952
92262
379546
116853
232226
90754
338519
433747
575843
585847
598208
307999
577140
349845
400080
926737
751696
554819
228707
250041
260922
544459
605543
325473
610290
871118
49503
560783
540755
903513
323731
777127
652812
137552
467800
607788
123065
488647
25783
183975
838557
691184
26557
349088
455422
282734
295839
630921
452445
153480
743559
136187
932881
623545
921535
838295
42687
62692
203321
819727
230712
611492
551480
660029
724207
630210
720991
577265
440277
60544
62804
547656
86099
26450
165457
87735
125923
252524
631047
654951
803532
809462
650159
140987
450936
709789
948334
241837
431731
272771
333219
673814
952258
626454
904721
436876
882782
70910
78756
98213
349260
614256
502178
256026
610330
934496
150767
977223
219832
636883
848700
109775
417008
628498
935374
61469
336707
279866
77671
632453
928738
429425
577427
175752
706118
153715
724048
732598
562220
512650
170458
198830
882800
601948
204499
847745
128005
843166
448332
364341
113487
747111
271155
182694
729501
954143
627353
824198
586566
885078
974173
329220
343135
57713
292474
327435
288982
774975
263467
917921
685934
719209
817527
834736
393175
141832
692380
1122
77737
22097
845084
753189
939069
241835
216798
666766
707368
671713
497859
729625
203477
778483
271815
489103
189118
785223
205583
575488
727303
430461
381845
44784
341367
853792
14956
840974
177491
398776
481074
187807
240793
788796
776466
804410
331350
243876
221555
705004
347300
266141
859969
416379
995012
517142
101526
496264
672340
651448
225220
815054
514284
713522
889985
605831
604315
472369
271536
311341
887289
745519
464008
331293
172841
971235
960931
942488
135982
346134
492581
484260
387174
55446
301063
189200
837222
699523
93695
30868
711284
577286
527758
323478
679323
801250
935397
827081
640623
334626
494645
343088
693149
413618
709522
270529
123054
172554
599683
51300
180888
608069
983144
529434
8577
276240
641992
66811
433617
834622
113719
559192
996786
23927
400416
333055
726055
501329
428213
817372
859782
232183
4848
758012
782611
277829
377924
613869
698747
775926
523749
712322
943786
317301
830513
209011
618761
312143
635321
160736
278359
124234
119600
405110
890019
779151
745839
821099
886500
869506
570211
283683
345909
85362
356692
221620
64047
711980
82450
528967
17381
13162
651582
629205
635638
480169
735154
611985
107923
741528
536910
872165
179982
729772
589088
759252
489434
482064
793903
586238
145701
753978
424997
586882
340623
344665
674838
789629
203845
610987
723377
373937
22335
446442
459394
693122
892818
561062
801057
152473
414834
109934
932923
321643
54728
919528
617914
785876
568876
857024
638676
25693
229631
648765
623981
879709
134120
536879
247338
787131
320489
804485
929555
264465
965917
193659
402276
521900
205328
597872
866417
192880
142651
940053
309363
113176
247706
445762
202034
634716
4780
104227
466257
649707
814535
957647
982705
3416
811925
821561
183299
827665
626415
865535
907694
965833
441684
50528
740505
738040
51845
533515
615573
714872
875521
499090
524202
494672
156376
926141
511101
165006
819823
385019
378843
296973
634127
763316
932836
81110
57001
208505
909462
485091
177706
696477
317301
237247
34935
323613
734868
753225
738118
858170
377539
656087
930904
803688
858518
493046
767382
265695
960397
861904
35783
725518
622245
185319
324588
392623
217338
287997
709433
498165
83991
589014
989808
477155
233244
17429
653339
109174
952843
775364
974885
467586
640367
745583
649173
447643
133737
805423
561128
952298
274008
628612
691915
786015
475044
48924
814578
970693
466728
383728
897816
654129
414585
303822
359187
972052
486807
546161
312211
635760
270832
322124
610103
381159
153995
874214
864203
20015
826135
566878
944162
909026
248337
287248
672524
663154
279564
627152
256821
254778
587552
839891
59034
62063
442865
249518
583720
618037
127067
327094
345203
797902
503607
309830
617040
676077
428813
741726
780431
411433
280150
161704
885784
220045
154028
857303
732769
74252
847056
854376
602825
555090
901144
278667
849876
540853
618611
889818
725508
618186
260762
510151
808016
557332
886421
459541
785731
797592
626471
293501
514548
390668
820824
721905
147870
413357
256477
575548
300955
927216
972005
721544
170114
386320
709058
88378
12441
952774
987442
60152
419577
587287
594250
115210
889277
117063
27710
500510
55846
438187
493583
15781
76367
193308
612241
989340
169863
649800
909336
177189
962704
985186
673471
453203
434355
140729
59732
604933
680446
918695
37539
664809
725020
850592
223134
257122
710671
930282
616358
337988
200076
538155
720376
53244
47026
707742
349687
930509
677801
403488
348369
16565
237971
236903
774481
356270
264946
557329
941825
764496
573910
615962
741562
448595
407552
876008
189386
597555
774489
933057
952384
920300
567176
658844
596950
119653
180020
607829
83324
584169
334038
564857
640061
318288
621689
427201
44944
467900
869137
761692
195134
158527
183798
393893
175850
682906
362619
196020
835202
830881
127471
291728
977473
102970
142832
477314
356126
328964
85094
919365
137236
890515
78307
616921
683407
333338
237397
391350
198960
842402
179622
520094
364541
43702
295984
661259
916584
762785
437216
430344
793530
494991
459494
726940
449052
891985
219222
882593
232130
688700
63902
180402
931061
106033
156644
652354
333755
658294
918012
353290
553764
186307
434307
998874
173428
852314
54235
820305
562280
587597
392259
510888
389799
136291
533009
319656
679622
808021
898767
382652
656824
160947
865008
584417
446033
618148
678125
463801
325109
361418
866881
125823
961313
583428
846717
967061
619989
43085
329800
374650
804317
114306
296375
909335
713019
446784
547333
991928
386931
473195
657519
309208
688115
222092
525231
70165
659036
90834
506642
991362
536497
820921
615160
405531
852443
633480
272360
275283
13142
583284
630030
149130
885436
112610
478482
419867
901868
689930
219221
953297
142103
671607
775434
816889
92263
121003
875631
943442
621067
781087
66023
843297
703971
984551
755702
224353
168133
98932
547480
392408
213098
189492
862654
101765
442745
961876
526246
657078
812717
164005
961814
789238
510373
632412
342644
65762
756488
119604
355845
478236
340178
800814
545600
722969
993024
628792
358798
110358
370644
998124
823777
218472
327877
134255
508270
796720
287751
780730
712520
10924
804530
339765
99994
998891
11793
303039
583553
361753
526538
333770
238340
82488
570469
548
502769
863600
402170
137488
713493
19645
309052
821075
608215
824518
581788
491274
361073
18446
636315
114808
598476
316867
873007
617374
863992
723892
617937
361283
756933
865952
570785
203795
513856
861481
725687
380324
800589
336552
157767
410899
136286
297562
648304
478989
217037
730359
639841
299306
481564
883299
661160
826355
482950
499389
32409
306692
804929
991894
872343
701197
922899
261820
103874
401650
154062
229492
666173
540627
589546
465541
358234
516197
752573
927409
701733
507263
516633
363967
104138
680945
815618
288563
527011
640079
995786
930720
366754
514251
988620
922260
514264
141504
802241
573041
604192
531339
649858
49883
806634
78740
493530
598029
576807
213675
345479
455622
827086
485837
594958
124194
531594
978245
476472
277187
297344
439919
217260
246574
524928
96984
225770
642674
955079
189569
371809
873858
5358
167938
443246
692644
933748
286796
389043
400770
393571
708039
464847
73630
226017
229402
556287
174179
976469
712392
242129
609110
323763
58551
679872
877099
172582
646541
916913
167924
930969
380723
715785
666420
185315
689723
504041
718482
311884
566302
388615
577961
657088
981086
414314
441596
208975
678602
410049
387143
701407
625632
232033
542641
892527
981324
576090
616605
567816
834703
515508
407839
753538
254907
31243
634252
625648
448986
316484
382250
662185
693423
417451
597190
257076
258260
753259
87077
994383
495682
82985
826642
380572
612656
151997
44438
517225
993874
848461
228614
544602
658562
638472
137398
703989
6780
307836
546379
754058
801348
657877
795631
364349
866146
961587
354333
273842
860365
258598
127323
489555
491942
427273
575432
922240
87067
914616
307659
906836
613356
387567
285931
5520
948682
729472
612349
410791
642331
423408
668408
38822
957403
656304
523621
917309
53148
474675
846257
860781
91054
950512
50148
409680
112473
901046
517036
718080
819079
762534
796819
998181
175935
694098
915216
51167
587724
984113
794169
985356
743548
586683
677078
668278
78404
673063
676752
786140
91841
923583
749768
248924
672985
28956
302084
91130
399872
244868
916868
773519
757334
152732
953651
859984
126126
616076
325625
389946
181354
598958
409837
559447
968514
392113
49064
982320
325091
431504
437108
893391
637172
410859
975652
935472
703411
357759
451453
28356
917118
863303
119570
3169
223854
274478
946029
497801
347934
484783
307369
933588
505033
544075
366237
646013
446993
738150
149491
685127
634204
101375
276310
45706
441369
132234
292490
830878
543969
375852
576981
170530
665784
104338
849691
440042
158514
328303
176007
497859
345010
5712
285413
836579
50254
495901
32078
934450
591310
710510
180218
548271
866388
433351
960121
70273
255509
182066
762045
753435
360709
588792
911183
360010
963409
374715
210338
256990
220294
856883
314565
833395
429903
417411
153777
106843
732187
842679
580098
745769
90141
976029
697027
509532
230829
947196
146914
239399
774604
890037
728067
849689
532933
938357
62128
112302
865262
571349
383277
603825
905358
869646
481001
731916
729624
856284
468753
45870
664086
882926
523839
53015
448417
108806
215504
843843
663052
268211
485332
953969
139105
358633
812894
878734
130499
334202
457274
505155
512562
832307
863486
256664
587309
568341
530809
254019
716658
571055
939081
874577
674849
965653
216585
677936
357311
361535
869479
82774
348630
837439
207699
329490
898169
597280
238547
873261
37924
383704
12851
376444
410626
701995
944218
17541
508873
317276
4536
63948
523585
892239
307740
835769
860642
536192
832290
20199
734234
336410
863817
555211
232749
868277
706275
426559
692855
955375
802789
148138
270861
996454
443550
696590
895106
936015
867333
122478
244805
181814
668779
362650
364904
985874
47055
704345
879675
476612
184784
897457
887255
813804
823165
774677
708406
709544
88904
867564
270271
857642
663322
267514
684641
88821
248704
700717
815573
432820
995202
719942
599877
842359
169108
881762
644363
264139
929062
904933
281042
802676
701910
467010
865881
284297
353286
317032
806806
324141
782919
195916
734007
681765
613428
261327
940611
163163
502300
228045
374495
706926
844119
874113
396333
880372
922297
687256
234895
292813
376485
102673
576713
302565
885113
323725
707333
187525
851175
28472
566383
821334
634787
39764
674560
774836
976440
963871
570201
954411
57846
722913
896133
456209
524806
253012
925345
87040
858846
527663
476760
224813
205327
237905
831238
15786
989371
614151
516350
338036
109541
920122
256871
555578
927201
985528
954305
546667
730026
889181
492997
16698
335058
155613
652715
187121
658900
726961
509957
209391
666437
926556
701129
181504
213481
713881
27308
973975
476002
294179
538601
607018
784516
745760
10912
664490
22724
484843
52316
349086
281998
842941
214317
377371
357877
408631
940660
933986
22661
684622
895549
457430
301940
885011
119046
323608
95543
413918
432670
10817
398386
919254
838697
823739
494215
618976
147200
402300
826768
660642
351157
817632
123111
620275
829620
65635
374306
66337
992069
650680
313820
324766
719085
128584
840814
230215
686772
190026
654589
387922
259266
670331
946093
225300
618979
252987
845940
156845
482922
716228
7945
761105
16241
580999
33274
792883
675710
741285
342045
899023
521793
49222
194718
51157
805881
607642
889400
704877
369207
857066
954623
401067
741947
315098
503705
980561
142906
488445
610573
950459
305025
134677
906931
159915
980659
883813
66635
745585
435950
779829
316074
5111
44364
78050
680591
424935
577862
222367
654740
153721
765234
365580
704576
602780
156589
202033
704505
308032
750163
373015
276567
45630
814443
545539
719059
840869
391776
60816
769950
187746
277802
745128
414606
745803
440972
10718
131187
187400
125814
572715
479176
418078
745610
804996
132037
123289
676027
372564
711442
827862
476370
269659
881941
815850
778187
671843
528940
945139
646940
473434
114423
979513
26133
580049
7116
403327
681826
141584
973070
840300
171118
362899
810455
262161
969122
894181
957714
241431
550923
412248
878502
8710
797210
908255
480589
812724
72644
404808
808131
802888
956362
814104
595417
367530
852499
21124
578856
500809
380341
379338
861731
329224
978898
27179
891334
720006
247775
572037
506795
447304
357376
541136
573947
149765
493519
550261
599169
106767
49212
416006
542810
125657
946062
291230
660105
568169
353032
214870
784743
911131
535399
290913
836023
284495
676999
858501
466456
826928
19172
568567
437395
207010
955006
769809
96532
375495
575382
278450
844662
925806
725718
561522
308151
617689
337037
698240
655819
792938
854872
754331
630668
660137
974620
748905
748878
267060
624495
61687
855889
157188
504406
116494
893328
7768
413673
542766
491958
810112
327187
604458
789936
430919
767478
179679
743773
682622
631787
945042
753507
621409
562151
73894
524059
486121
600185
676534
657644
669997
669679
244053
202549
73205
522201
512543
502884
72413
879589
643708
142180
313827
26153
135985
173491
757261
843200
82658
172113
581818
844363
440872
359188
718211
799705
107723
255641
544589
786593
879772
203285
657710
326764
797874
929673
453945
955856
433727
736532
452392
181142
169933
738594
817061
167357
627227
893570
127029
254168
827214
101526
818881
368594
841430
369699
28354
710802
691998
334088
451081
580985
911599
720268
662633
972872
203938
208656
782018
941855
972480
496163
339178
472224
605112
929972
765497
878578
23547
251042
325425
970978
973624
839600
328648
726307
261871
112660
218516
52598
550900
997166
436562
120805
637891
917078
952339
963753
841402
604238
775364
678571
8567
292183
41624
197031
510222
452383
130388
907053
987495
953943
150647
910849
911155
474851
925059
2787
886793
483563
629356
961961
837089
830479
873564
690504
704619
352823
237793
704369
653325
926279
697780
923927
848888
874162
861607
445199
861926
384806
111466
632529
320946
468901
324985
73435
704467
968628
37158
260341
817142
832492
506494
655503
27000
644461
300443
224518
321149
870002
966470
154565
704047
480896
410246
727624
524183
645561
119242
210172
460049
919437
306990
946563
417647
585168
314541
15316
539245
680806
769380
991934
608460
564314
226175
296204
403341
991694
914498
769412
879435
888781
976758
322314
821173
175356
904878
139746
615271
564719
945588
488851
982501
192281
125461
863782
644596
776475
126406
666638
123348
391229
733618
167393
882525
874042
766881
277892
506868
877045
112262
392294
889323
690122
484389
675683
449523
120448
259551
350152
507262
600986
421147
898934
625653
759244
631763
613855
106643
357259
498104
904686
334364
885757
591107
803331
113982
391888
142938
512796
77250
271655
400539
760975
298799
462318
848391
509683
171452
923086
460686
804255
205999
389692
351027
490378
424854
452652
184027
530834
52513
920356
580856
18648
659162
939947
111372
27528
104835
799968
731229
267766
479563
976358
805556
876068
64940
467197
669073
297248
406436
992748
195758
37002
295053
376858
902254
623603
95003
530429
472226
259681
49586
20009
80504
480368
461602
416394
130305
281491
986752
358701
912733
68983
70818
681400
365446
671048
142518
806202
796341
929676
744319
636253
513972
261230
676974
679096
812353
139926
100313
656641
863836
505459
734682
169056
245102
540890
525895
759710
737878
468424
525705
568380
188945
475459
699291
179360
924612
247903
756001
404267
408425
490269
555938
100966
391252
445294
36836
851482
205345
951573
662371
625662
151228
321706
464429
630475
440973
649338
944477
474348
397694
239372
954418
27857
547690
470079
13067
676259
527779
817231
23809
724370
262560
368374
721057
889993
261506
308591
253572
436035
717377
989333
128205
564855
24375
621354
443519
875951
993673
181237
732472
294391
67246
224770
492686
75568
369245
399309
417733
66564
730391
51897
931370
856500
401614
455675
986510
58509
903153
224596
337378
483577
746133
86139
727596
651953
592449
226840
850660
551376
650134
570925
335725
590915
511641
985936
9971
594973
581855
301523
908701
462983
959636
432580
558319
664340
32679
682895
605184
847475
259221
976386
831250
209022
271505
218281
108627
990831
48973
11928
860655
429489
887464
655303
898128
954964
389108
199383
408563
53275
259426
365747
970920
337328
693709
974162
301670
175544
828895
606040
56136
134976
194468
164956
902120
234518
505705
649861
844247
518325
902224
746253
147830
869464
163060
905319
324404
665263
209843
757309
952804
802671
50396
328082
869561
79684
822518
689287
705953
997026
468651
783993
529212
774009
120656
659335
732600
416967
663698
951217
717067
905927
251070
351708
383691
976199
625836
515954
167597
298839
550281
166310
482392
418653
630528
933141
622565
357958
310277
203848
420150
555607
147070
852822
523504
460449
42510
346662
635030
812435
242942
404243
942467
590634
305930
574120
117828
37635
317830
769482
730255
677328
428139
18869
120804
595177
757954
849502
200639
542906
876012
658680
630775
749211
128652
293331
144886
676797
86289
22174
498837
610495
292643
347085
169940
415136
857065
419606
234803
210831
673397
675477
670191
407135
710861
122831
187932
847958
581079
715603
990876
97061
786656
312252
170809
619633
501129
862612
66469
329616
801870
964691
927499
336271
643252
291269
455441
619184
955279
489865
179821
584177
188653
145717
205473
918791
70370
56471
222292
807338
483313
508823
971471
185737
373716
945912
751952
206943
806953
267901
704462
11805
12857
553896
323274
989703
707237
592669
528335
701915
89007
663910
407558
357547
839458
700560
725880
420300
873119
316146
723808
417383
984454
659469
666412
62637
244285
937423
578384
523559
876000
537138
89671
278699
989253
252993
981672
838058
756458
345851
414881
20903
573822
162384
18002
45762
473417
259272
618056
996850
779960
536707
424404
77394
54985
422555
327624
964946
830095
489893
829133
808078
764834
599127
725476
712507
135463
116803
166391
858238
189048
766850
487131
229463
987375
474668
99109
152826
277460
76291
562534
42750
215904
206383
828228
918574
159982
543524
315318
946558
16445
339680
489243
284311
119204
527696
501176
967891
902739
567122
873868
636101
854657
479189
802962
65135
620536
537757
256467
418519
23225
146979
462693
807027
33356
454425
279683
245121
814057
665419
771210
606323
174588
907105
886030
618312
643097
511809
813847
540470
831420
726225
898427
497347
303803
92122
904217
878323
202890
974152
398831
633884
838955
308366
231129
918421
12528
849574
333799
757645
513070
555353
270776
175872
409806
737658
109539
834421
38734
810966
581865
366679
533989
136088
95422
644633
263860
389637
512104
579036
450704
259727
832846
922718
260327
920535
827817
137087
853050
105346
522775
915249
240456
312310
169998
842044
517003
906802
900141
951148
737755
972360
888622
156888
455857
672631
780024
323791
57031
847785
987601
77472
612826
978693
281649
200390
863505
646578
360882
706990
86136
854890
45219
595303
808549
382710
355387
573541
450043
535820
500138
309490
502349
100353
3083
641842
425370
626668
291830
416593
844534
310041
475123
379339
205066
65767
680905
375895
324978
175423
220852
612081
997572
233457
184116
498883
305584
909548
388546
86895
74819
534170
298014
74171
207494
845462
422723
803482
377539
842379
819580
488467
860455
351018
652625
661520
668931
974663
165465
507974
595245
630289
954355
24635
632963
600620
688208
420985
683343
724461
608551
559053
407750
349233
838156
570044
672747
444058
437787
977540
16785
239143
965134
933002
948541
709039
768174
76069
992489
961082
647719
462853
202021
84668
481844
834433
934809
582959
993529
282813
336485
396044
72239
815412
826217
605733
247225
216616
965728
187810
593750
442147
241127
10838
391024
717736
857628
201213
89745
602107
553570
661
311541
828042
877120
339989
574714
339255
79145
705934
254387
785411
262678
607197
818141
892056
430927
610314
231145
500275
75274
39681
298424
616428
735530
580138
990437
351843
218280
544103
608059
332169
665679
606506
547783
800136
456609
753456
831625
743312
859159
684381
538756
992575
644038
727221
156277
739820
178141
561204
868192
53073
670283
850892
21189
905234
188797
820729
739698
98030
713541
501698
643122
385729
601174
739086
7715
951987
737580
988703
215973
976513
687177
884528
805999
323238
108057
65767
732539
622693
810999
270199
841889
736502
777288
920662
87810
251979
745029
518165
556827
406333
283735
938977
638393
937048
931611
935828
581643
71999
993733
529209
478099
256254
931040
444635
16311
727850
279027
66824
782452
370615
429888
622439
117170
864534
282086
542451
263602
272200
144038
647699
809891
788356
590786
170072
891349
902913
665473
180242
528197
170209
898512
532751
236758
420986
130498
469041
55201
52225
558008
922923
996003
712149
861916
319576
958229
464358
128071
376632
121497
193344
383747
923463
347792
70008
967530
793788
438984
64817
866605
958043
979731
883531
368689
350519
847219
137130
384467
462600
306033
36318
775052
325604
702668
945204
153072
73309
422351
61912
207825
973176
976443
793509
267776
648261
278948
379019
626547
241952
945112
530908
70018
52802
180153
269811
37516
616196
477676
812353
618294
838514
939498
304245
906451
537992
53044
753032
539360
565964
646371
635938
853286
859143
55645
630060
958658
122145
559844
929203
33857
847832
258952
501557
916773
979549
484413
582796
197381
836171
70407
284084
603664
601156
465618
152763
344114
570922
586078
743812
278991
214263
641815
515063
280812
972410
973506
783561
220013
744047
44052
474083
764153
143737
295645
440113
495033
223294
188513
50378
51904
549727
798663
410615
825797
716755
453611
363682
550091
328351
825614
331741
94369
863668
497133
508811
922245
176549
351215
506031
958692
894211
759351
106319
651709
96918
784282
129028
605859
599162
153898
404833
724961
506709
506417
273918
521527
462833
30650
265696
877699
176442
648072
661830
89595
253205
376042
334482
710871
409370
995750
221011
710604
960624
547218
242859
520946
705476
821507
418593
251527
901094
582492
645254
160908
513280
807368
350460
728205
759859
515778
205671
843198
678159
810257
425268
16129
763695
53778
23233
416901
141551
674477
9704
73672
473292
642986
955883
500092
499862
161820
475517
728456
188500
749627
421163
363493
164340
937872
326438
856297
736365
349065
465581
851489
555315
666540
300251
210198
616342
733096
425802
774322
887160
129031
932579
535420
55465
422144
907716
594368
240865
378858
371276
779146
812441
822218
197382
878800
244038
269133
815599
854575
243571
639569
458085
535886
365177
78877
636207
329311
354718
881842
181091
239044
507912
521273
320696
698638
64476
701787
696937
809568
752120
410543
425025
414130
177865
700238
523721
682289
209161
285891
237836
349956
414168
590303
884100
551914
568054
967145
861603
244159
97243
350258
496959
505694
52979
798405
451546
483423
147642
142781
390221
404353
818287
197234
951697
760227
630904
361675
536874
858925
529938
577207
116721
863564
843570
927543
267132
919770
113213
601363
684204
278683
720225
575277
164946
655715
425230
326642
678270
694614
455061
239788
818214
340104
734107
350900
444528
578819
729401
230789
148893
138342
375348
711980
54161
681322
462484
272540
253379
304448
997539
115999
400445
507414
327747
417382
485328
129529
66668
960385
910680
532885
153026
928362
606183
859479
984527
531771
868433
875827
925922
115264
500564
674049
574083
806439
91297
22786
999249
517588
550219
942657
277115
20881
997259
466389
586711
215267
426094
231875
535714
445367
516956
52992
725141
714491
517765
131732
444896
659786
133097
149017
313861
133951
937860
259427
821908
427307
230165
28026
682559
595425
885194
441986
698713
163118
493834
503100
766960
473062
724958
526629
521923
322713
707965
500284
574049
519333
951730
190241
875745
898917
95148
112537
786040
213511
900450
787758
328186
88828
374305
526387
17584
351112
701491
194149
686098
652921
945006
311085
391841
634548
94486
699395
236195
454378
211439
45292
763708
497322
849956
256932
290470
509009
674637
771350
125581
575644
751521
632711
61642
634526
11896
172371
188025
192781
939322
209552
331769
625974
782698
816143
881279
169809
566473
924033
303831
729391
559592
43765
742137
504079
176654
522431
199364
986833
82369
809397
91033
760514
617781
174739
566103
310934
121614
232574
211438
393907
972052
631333
5154
35113
171826
247172
321630
68992
775915
82499
33074
358763
986714
80315
622955
603096
357859
280408
726542
9257
645180
360345
917425
706172
72658
411444
793717
595238
919129
805143
556963
723519
177267
539914
770018
376663
867772
878768
358867
779335
416944
554029
670153
253089
38330
537505
381992
771273
743130
386833
54169
149277
193009
673831
360615
815120
280620
99408
959097
263956
473483
755715
196204
146165
499085
953378
418316
766211
55610
605624
87728
614696
736460
341283
997103
185048
404795
46667
259842
577829
543844
753296
804984
492274
658389
549826
124880
109568
246327
529033
90806
215524
386136
471397
952989
366169
456085
732816
993141
14450
76449
639616
613257
281320
68916
700425
916089
772945
786578
816990
497743
513010
408182
67128
686719
508779
590555
668495
735680
857488
681512
347205
923905
566617
52470
429346
802634
507055
395199
552698
699184
183270
266340
587755
641012
752202
474202
755331
441913
961746
16691
977150
213985
453682
727429
512876
591171
729356
980089
884401
475530
254662
689266
914854
38893
469687
920535
517982
84550
118906
740287
907011
916754
945701
616888
38366
190596
577812
416692
484917
681030
776094
796561
278862
777165
66153
840579
851410
504215
741402
481824
703629
150596
610212
582408
326802
923470
138818
750511
172796
115303
190080
35721
533262
636014
524210
581137
691644
821517
29064
96437
276355
571569
989050
172705
682163
640103
993053
774054
853197
386832
504408
915591
659847
404033
653552
872096
933804
633529
211262
551284
813856
616895
134019
402897
970369
413016
949202
152098
383978
531426
291115
141649
236945
806096
677288
979671
433424
768707
526480
977825
154625
187201
954442
263328
716674
474516
213995
488622
43223
56834
317296
837848
130607
643620
264071
438924
534399
327717
346824
602912
140299
715737
776833
182268
719043
933623
593902
285414
57802
80565
352648
145704
533905
987326
992500
198752
274658
338003
54492
688804
958393
645115
854939
180303
504844
840488
694354
881069
362796
882024
579672
114111
185604
636100
785422
621291
21885
29881
493071
574019
746308
896720
462663
835824
995555
862492
631259
956795
753612
490896
241542
162871
974581
167098
554756
40975
895452
618464
277670
746088
458220
932533
884102
349938
984504
81080
568149
901648
822820
292138
723280
512609
559203
854122
553041
920555
307162
646318
656514
539364
328612
436576
891244
762524
517423
256979
863981
870410
443075
275744
322312
784369
702755
112353
442199
568942
723596
568394
222875
872737
752730
489695
805108
4662
351050
962069
206828
156751
893786
990409
897965
195471
241357
329687
713171
624710
270666
656793
891804
7860
373028
872316
123900
892604
2549
189504
303181
716327
272803
59468
159204
136145
700868
887979
826623
213044
250462
602983
884570
650831
151943
460416
432929
335794
265195
36361
701439
622249
28140
770592
788436
389698
683556
697736
47174
808573
304710
496165
886639
338000
138594
379091
294324
687252
943751
159138
692533
549327
796098
997298
794016
960542
572165
795880
562912
336063
745507
123274
336179
988153
371512
239549
267098
29608
648678
943128
906473
797161
711930
810852
769790
803422
412524
663730
270414
823454
676421
537305
289051
403900
405339
841611
151426
58867
928312
722836
690416
513259
695641
229934
801397
135978
301202
436419
428977
241306
655439
450048
641450
102130
83829
213329
507520
23108
711654
867775
17208
897315
113059
156580
469812
973167
368397
345543
125379
450943
595588
413848
739669
670505
115376
147785
713223
653872
464158
660806
312861
731147
241282
663571
513485
356430
219675
425153
899960
671160
565236
880205
754356
852696
440902
84629
539268
925660
11579
827384
335721
153143
517069
49865
804625
847470
815885
53614
479022
494656
981952
835547
165986
949616
949476
178599
760854
372720
364304
704712
63914
902444
276921
248240
822599
187568
794448
924547
877264
452662
131273
355635
518646
792464
847991
578554
144682
926894
401811
900723
421614
888653
843036
674966
472261
665532
129944
39438
741897
277964
491640
646137
664411
894932
815001
896955
569204
634398
148391
792191
224602
223154
498972
334859
132463
149820
666790
894591
407652
675548
374311
709674
410442
936203
346262
583177
832521
413605
747459
469085
922473
544599
427767
49064
786574
213733
694521
619396
931393
136408
132717
730975
44392
854083
571608
235542
711256
274609
429311
929005
363969
59565
776748
336937
414472
308462
657618
409802
922290
164700
298760
548009
129403
431171
973617
692265
65735
91475
240253
882781
688496
253969
864648
567542
60734
186847
952800
751911
224628
945058
391652
480599
90183
445141
26759
626754
143786
373162
934580
419373
817924
353112
253388
740868
837507
672390
161546
694482
490570
824722
5064
470619
313990
801470
186395
655833
905886
497335
281432
972946
87241
863364
874298
87250
474361
106312
741916
688074
292789
683379
981920
183557
14724
159243
21682
823683
853445
356626
446119
295476
268252
635797
438335
22674
463559
332561
370697
611099
297614
675714
165478
661226
174425
680265
527589
573873
458203
650809
882574
907541
708588
989374
573242
654374
748021
469418
511903
207994
131268
725789
381610
126181
140608
774545
775173
829078
291958
953984
748536
866897
4881
725298
412331
930500
520297
107238
274954
123913
117426
720284
208449
603895
611925
162493
787622
127525
457179
869096
632759
665469
304902
875226
913592
546232
533370
510649
724735
522299
660632
373309
870027
836494
794668
231164
140878
129205
989244
988944
388299
125613
93313
124967
666842
581956
874098
60390
364809
452117
683387
633339
999517
514911
966797
826942
91830
339778
770895
620610
313936
23253
239538
471486
456677
766438
585378
795027
549808
475535
277080
914234
241165
410993
764428
736332
61885
582736
313736
337004
820805
646859
946840
299732
36469
13494
663517
921083
848198
60438
607617
830688
464861
934328
565125
396726
50348
776302
679479
727276
306040
29287
656639
852824
128629
851370
834903
265151
106381
829359
16859
259267
902143
631834
704886
238570
217572
406613
572092
260615
712269
218184
243222
270855
374729
121144
443480
281306
806403
74233
137327
803387
556679
415249
634806
716062
830373
312875
564775
961078
918190
887349
193134
756000
833244
948502
675097
256431
768846
665615
376940
794388
690032
82669
883474
335658
564153
322984
825966
512412
532622
809628
262926
342900
757316
203489
1153
525120
626050
66633
515007
34082
186629
555317
571783
767861
451518
660692
821062
262424
541654
687929
991091
518808
498513
328472
941368
105150
146192
886558
513674
560497
486769
232426
263577
771018
542097
302827
591779
503283
733681
846359
934563
513786
430582
749893
784616
182328
135562
145703
154048
484184
798689
446696
314451
317894
898134
362206
561931
172726
443571
463020
301681
878030
190991
776951
439699
502769
312018
880387
993825
226601
585876
556841
15000
961456
377572
741175
805078
906203
522981
131812
746443
713828
589074
21038
385424
503698
511777
458834
238290
33031
146822
24551
50215
355750
717454
681304
32193
826143
995820
679868
63296
764056
947345
80788
532385
907321
885492
29600
923476
333844
635761
527774
495660
5552
232397
346912
569584
315249
708888
514441
620558
229605
918699
680676
646575
914733
859985
433184
796198
624134
463682
611180
318145
261619
99147
671147
160514
885833
632457
377108
294568
338454
246227
629545
99814
566703
261048
724690
141685
797717
394526
189974
997765
356931
990473
846837
279502
74199
326012
620452
3462
579418
597178
575269
46571
712046
184357
507203
204159
516371
669448
675943
890516
11926
134192
20890
947389
551446
922420
818392
421092
509300
928854
671437
587066
76950
302594
761775
865929
106072
363571
353399
269221
217937
142837
560317
970433
972349
620485
352495
585373
698252
355540
971757
607965
542214
166442
883908
473397
949785
335656
378950
816897
673729
951590
755651
299761
88082
22779
775398
495842
845157
794138
444589
324039
984157
993049
38534
493062
516053
320462
278403
184415
981992
639570
128122
813191
970076
103911
68860
527635
509995
462966
622640
811984
742256
402288
101515
347311
76011
92119
632621
225757
955248
29589
644059
577457
991730
446794
601621
83967
80296
267811
587668
917385
891354
658981
292514
8661
821706
427402
894037
791194
723713
382658
235433
20308
139637
765722
806841
69431
100628
828474
298778
373952
785455
560392
246549
110246
518406
865003
380478
149808
302444
580266
770869
233888
487063
332274
520057
454029
816966
243830
417508
688718
746319
958513
999815
85010
164868
127559
601634
726093
95553
845321
493568
33485
911381
911576
590573
523883
627275
691297
285333
173084
931412
411206
662843
835047
946706
72413
166034
326769
388099
276433
340796
701748
27144
549222
629276
617038
592273
520539
981402
224182
640296
642344
668466
734153
553942
390055
576697
702274
819701
998159
415662
271689
544852
692378
115705
197090
804544
624649
854403
451718
724981
451838
802673
759567
744161
826758
192574
138124
198417
433786
826099
389812
361339
511482
209030
256824
748455
77722
44941
783537
108922
849433
839581
862649
128480
877964
839107
995157
691157
541658
829534
504848
245329
22048
968407
161955
562958
151157
196607
868047
185591
776135
991811
979085
220334
82020
597006
596701
907706
419669
622332
305660
27212
155557
543030
390188
882751
436974
267269
863813
168629
916665
334994
976969
250589
378308
899572
651138
858006
357172
581661
949367
322728
969822
783557
398519
181129
215583
562622
168004
639932
913242
882341
373855
861461
297484
808564
387245
217879
349837
380405
7747
396478
636646
145361
430483
280728
706185
55303
918898
782221
446577
891960
775429
197376
936663
637662
453768
333454
761614
139741
547450
719668
774332
536370
191017
241677
632053
643272
306517
189880
189877
834857
573444
794200
191034
440145
416609
920693
662652
152287
227602
145471
378186
504805
396821
936307
355202
808286
139285
125207
170157
259327
403535
686495
801461
210342
284187
331890
724099
587311
557786
682822
367097
936102
803067
607463
52425
798230
223209
160023
341040
66560
595605
163536
302419
481447
898715
456869
64820
351688
109395
625542
727761
77224
317431
113442
515673
804101
970540
49447
943308
930542
118191
749029
173614
108719
129373
169040
163495
797540
835103
151972
806266
337326
84656
500963
521440
890948
98060
640314
824512
434337
639798
254210
599950
12251
114086
151074
179389
873172
19022
548433
216162
521801
673416
717497
191783
725000
41758
11959
617384
831870
578869
312575
446445
558190
520022
962013
382596
437694
139930
270486
410491
522988
234930
157421
194615
842333
374417
514497
278964
533782
654838
649235
207386
729924
911897
431014
545976
575605
579505
8959
299615
692841
647008
16588
214622
715075
407548
94305
957845
191386
183227
750109
617656
120429
380602
480939
841506
44211
181418
421797
800979
349007
370136
986322
707336
763682
681175
164496
543606
273147
972043
796429
815138
913513
628821
795631
633248
121458
880662
930644
767334
546844
237666
525811
815563
788712
52931
314913
209506
674526
162151
487344
44077
905156
184615
328626
320000
386792
329972
253787
643444
395933
324640
995716
154884
844418
953350
780364
74311
169469
920
127193
223562
417095
671875
290748
990025
750753
372545
856051
817994
625317
410811
501128
159127
81847
843160
69078
840598
344666
847014
627691
944006
466527
385700
431497
614744
138424
855401
448647
867624
260074
899189
919701
603350
656289
225619
26781
757445
812125
662247
339652
573424
642890
224025
293775
937508
299758
914334
337699
162718
800700
734624
828452
221249
186821
39370
114815
225140
288142
90097
232196
750166
647228
655906
247147
420255
101420
307588
628024
348436
312159
519146
705336
883622
499091
586424
905835
647848
978413
727790
865596
31659
657
646358
288299
747960
638740
650822
543307
661930
284745
817683
978279
496421
748536
440210
824256
579511
491053
313676
11122
629577
395244
773885
385461
379073
860546
50185
293694
153592
684214
859708
956165
39891
266719
243068
578082
531648
94287
849422
478673
635215
649453
302273
139092
536938
49761
486266
897784
515187
453800
649053
323247
610808
442247
562454
539804
760981
663131
881217
986926
693479
194191
391740
658147
468712
481256
427462
75502
850476
274874
582804
459572
628663
135486
584624
979695
692473
894075
910222
337205
757031
857440
287085
506003
892854
76852
703334
798483
158198
831588
82965
635102
230282
446203
717985
594938
790272
187697
633577
343795
789457
867162
27084
824472
796598
384447
99669
350109
830948
930570
102722
539998
250599
195098
64751
55171
116631
495543
219940
418430
610936
987999
654136
120497
724084
855807
125472
413997
564845
213821
76504
707990
394818
841010
382444
371810
564448
89653
235363
475968
803522
800338
707337
605909
819654
332058
580312
620001
516205
954260
750146
13504
645103
472721
756766
462157
744889
486878
406316
56033
416708
75666
122438
378105
541203
154758
459430
595510
419657
310116
803598
542269
623588
161688
625496
776766
669274
453156
147610
282002
728462
349776
872181
632766
842607
805118
150907
802197
591534
654300
276090
513465
634202
223986
971817
188162
253529
648155
699694
655927
20421
127952
550538
66744
539360
371168
443810
759743
678390
658236
483435
189627
386190
572206
546544
575900
698508
71210
892483
346989
848038
765949
307518
892314
4993
587682
77236
692819
356135
838963
987450
246281
847719
521853
964555
66326
865738
921964
116828
767097
282093
307237
451517
872446
935168
566707
441577
295164
794265
718424
526698
96248
250038
243909
703083
28776
86221
90598
809052
36433
994834
38036
280892
776273
691525
165742
672646
176761
578932
217986
974074
857618
947156
627812
990534
845825
103864
486433
662481
230725
806892
662798
381093
239580
668529
135929
1206
925573
546324
818113
953875
343265
486253
622786
681512
243
811121
763624
683501
918150
317557
974501
917103
125358
368128
458109
615097
509542
793355
103742
723743
765209
866903
966798
805094
373628
338283
191644
203091
710296
909033
222521
846287
461861
621836
407103
323379
864402
282433
407727
637302
528098
15646
987161
973552
91952
289347
317492
617098
820563
5388
378061
630661
333660
268528
731484
287203
190460
170873
727155
316790
831747
114336
494544
817091
34371
233732
6161
504081
413075
52167
21895
418516
326319
589317
11235
204721
560701
433074
997964
356398
96234
223375
700243
720632
496115
946953
42942
675279
150080
279662
52481
289234
974506
89164
940939
987362
18142
731688
232251
380918
299545
793432
311923
808123
163219
157246
41925
741221
510712
635297
679755
670103
787857
282473
391699
358827
2050
373239
263862
954334
9708
752927
491146
355483
498930
978435
528237
84706
564953
869133
714434
745237
421321
304648
670328
982495
530736
765724
704901
204866
67270
120356
404083
920251
868331
725293
749201
615635
752044
248974
699530
643781
17060
24479
544402
292295
213823
804055
981628
285175
385242
62022
836648
943779
160006
291691
202522
51701
593644
778355
498855
422137
28618
819727
586441
225485
26651
228464
475281
929316
882133
971426
256123
203126
731468
877954
229341
703368
190900
555357
500922
626451
790083
355111
448691
394516
680181
693333
805533
993519
13929
188567
213678
425793
338153
542197
468816
716673
90951
416709
556184
266769
679970
578311
891664
89831
156168
342941
430832
430930
911926
583594
966252
283180
832634
424645
542823
602331
447353
389914
622853
12419
564813
629469
651614
682636
309254
24684
547022
107339
356498
649665
525417
204111
107319
815888
59276
211146
14780
930435
41806
744283
326824
166224
957078
929908
225442
359283
474310
449069
255863
938957
198997
810596
152314
790169
40379
125774
115654
416199
551429
91807
946015
457847
854728
570770
219767
333843
8498
224341
175436
407305
470204
621973
342574
891620
581051
195105
742751
412038
311126
401661
345043
694020
42898
480198
561046
496734
749257
92924
583501
158809
108474
254385
656724
820539
919993
431629
643719
872675
46215
551036
415324
8194
65084
163764
837550
311674
148897
392102
333268
366929
662170
994624
770608
983185
309248
595037
640260
748672
246221
356618
379774
654583
315313
224502
872404
445666
839809
181749
983306
61523
590223
370737
751121
859395
942100
292462
361353
382117
757258
53687
299687
138280
150999
197930
700786
638090
470435
439837
730471
936404
743562
576812
789821
42102
315373
310177
994883
120511
888995
560894
670117
921080
731469
714025
528077
167198
80968
422004
589030
170747
554043
678217
835835
370272
851727
673711
934974
549889
975614
537083
399525
465197
633605
525269
505711
177192
238003
508262
326085
999015
523172
100763
939067
715303
752455
633049
238517
36458
404058
513533
329958
771599
624311
181262
336244
720077
919496
303874
477944
641163
514839
729641
131809
527391
743744
568826
585464
76066
269831
796793
953150
345453
854342
590145
116273
155378
278207
955315
451821
922808
126992
581371
709360
101492
878788
820412
226870
723009
601350
122904
271171
381117
786672
175453
196095
928255
668993
924431
194171
307960
992109
418574
280338
378213
443215
70884
484010
919790
194106
983981
571930
329566
57645
521571
198821
902528
13860
531269
633637
726802
23435
586980
12419
134953
223694
250826
466531
929313
21963
205767
261276
686654
464233
479577
949540
471844
91586
171895
686603
10287
228988
526714
189982
654640
265269
4841
557804
463429
801244
351071
924965
120468
325917
182875
1630
605603
385012
882148
389552
596247
342115
356119
821633
911496
827966
989519
276762
942845
696740
555759
419063
5705
945352
125774
650014
216705
83565
77568
173223
259416
89392
867965
673882
919706
508799
889521
754933
76929
273960
949728
551116
844151
275276
192947
592843
638121
501234
217250
306136
775492
229815
703360
336531
504528
303651
812894
406015
947749
483864
925341
375418
245517
265380
110740
945064
163256
788981
528409
546862
298326
708332
923824
775386
889237
477834
436814
112480
367863
147335
455624
216384
415054
5121
843805
730115
563415
953809
385500
977571
781233
880378
246452
603146
421240
526651
947862
615923
894723
472004
868552
753389
170806
681221
219977
274686
365188
307553
286621
849956
832260
233729
166580
926583
370223
138822
640635
423530
324468
2710
338558
115120
222968
240152
886008
577659
244909
482426
90489
859103
144654
982191
169330
574101
492724
937911
172064
10780
362328
239062
577299
845562
98150
78822
535706
570721
79162
36936
637773
854380
154809
188790
317751
243656
68559
108724
47326
776752
737600
597669
441263
273488
694317
374778
576011
587915
605094
765381
724648
394840
647782
65964
934757
971335
364079
710328
341615
8034
3011
301645
363657
441646
393148
983540
97467
566993
336265
5908
633113
983309
920389
966720
112494
660266
807029
424682
305990
786035
31134
579636
455637
845910
422913
729511
931527
686383
764724
924221
751141
947422
884895
601496
646048
203220
641359
34710
243646
803309
830074
188220
941918
617463
490256
962191
790121
898450
159418
262657
171351
725871
564465
954568
139002
32830
97419
919533
381332
513802
540790
494770
460473
399905
894510
264905
979777
244807
503710
268724
261122
950903
716014
232737
528786
763892
213525
283413
530858
903758
686213
88372
776678
318836
637957
463535
160745
278576
271133
667338
151837
989571
410346
484232
592216
356125
229649
750518
104922
219577
490000
791570
448435
621651
83504
742998
768321
409223
944471
420452
867799
217671
821690
759823
584250
193785
139823
393667
323845
426667
810528
321683
808364
609780
616028
581405
425885
835688
835783
839836
616258
335735
571698
902090
87715
878626
957253
156464
206185
477531
542105
514891
415677
664761
526498
278812
980175
432661
373321
420813
3571
945220
650584
140795
733285
845424
877199
71012
729069
886869
239956
339695
232862
843734
465862
47186
115000
773049
59314
360995
547245
576134
713694
858367
208833
9911
273347
167057
659210
916700
737177
136640
182103
199054
706570
937527
941549
762317
731720
284626
504813
156217
254906
33762
200721
160617
517585
376093
568469
226348
158842
787045
904946
54234
613484
718771
48069
231061
127456
654816
301199
649569
832417
700752
918677
322334
818361
457787
54056
832286
337035
150489
705855
489959
479551
898282
192000
166662
628887
352351
493853
809998
208353
970600
158747
649452
269893
233371
609710
534696
754814
264445
944769
559738
653349
11953
740178
403014
866921
403386
441913
886646
566491
188975
337480
638963
185062
557754
523214
756160
16412
727052
255670
962803
588459
213217
255245
212944
368174
520363
363233
214979
490720
962654
870980
780730
798379
758871
694000
73757
229918
357482
283396
626731
338942
852102
141741
802162
615795
918599
139808
155243
957987
778712
381635
100015
464540
982851
489131
993306
817131
554455
104704
385787
504778
903797
673341
961780
736821
477303
419476
767477
409501
387132
340847
825743
47350
694228
252048
757175
773931
526405
239769
173722
400690
947128
714792
774359
284601
411779
178778
770142
834815
777236
586225
974627
960768
160118
837776
925566
95560
970563
397923
895714
868393
64807
552155
251192
318792
533964
880087
25623
168017
231975
245406
223970
976011
635743
647881
49023
905413
469909
158142
556656
504276
342934
720271
854727
853719
58016
872682
452648
736561
606783
724345
783430
585245
374894
82424
4280
349154
554852
331301
849001
482850
865107
692056
392882
571520
730826
504314
794437
849644
892218
235107
391488
1613
550613
432276
782497
981129
962834
64013
732505
823284
934157
172109
843897
399378
75852
630500
721993
712139
295901
289270
57336
825514
52315
690382
335917
686161
778703
38044
925436
428029
859762
608461
285556
973426
629904
254213
287381
221379
258569
304572
526302
625600
30130
724722
450949
976316
93336
585872
375616
990777
855076
936861
739328
811059
989082
515417
643390
136582
901884
685113
298926
440444
846987
988672
767119
620983
11949
25271
431588
502071
87274
617801
46653
561417
853072
435325
92654
369805
861239
986640
95265
991650
506911
299374
412936
333552
64949
101389
441386
846737
520309
779879
411039
846044
286505
201170
931735
112784
839951
390845
137108
516250
381912
139593
974776
852675
620045
909697
956600
658042
869388
296376
669872
401721
711281
412158
648081
19029
364048
211774
721205
606951
750878
137719
674259
306643
892783
653013
77326
175026
126489
847979
913896
964576
18936
235472
40084
54883
66635
861459
332584
57142
54844
137115
951217
770290
488253
926432
798305
530840
984014
463232
291171
309053
844379
95743
590351
840978
761089
675742
927097
609615
199601
88854
357476
780988
255341
288433
910484
207836
78192
750150
285569
907958
880427
197327
233063
158593
632489
524328
765178
376555
542995
218151
524535
91846
511888
958226
875158
92431
442820
979521
534940
834397
637306
311825
903053
50979
224732
644546
266046
218530
983327
440238
955207
401966
391356
696935
85591
911450
58072
81195
759331
696642
518469
309638
259767
851318
718945
981061
433709
435646
804444
633362
517050
449039
523608
216049
61605
495112
554345
974486
314196
996073
480443
426656
740095
147793
828307
125430
99525
514801
15598
88061
316253
489299
676037
569715
849765
432257
918258
695531
189078
434963
477292
476773
744025
790425
545774
578121
199922
997984
8375
112960
939227
171621
481258
146671
690348
927764
833045
53393
249077
706107
86862
141488
923182
333392
813690
189952
298054
250011
815591
640280
343319
370689
574617
639246
293755
997359
191074
61357
449784
382303
899434
215958
711574
537610
685455
243824
588690
360490
112357
537229
517419
56171
855582
20635
966169
612973
275909
16131
125661
724472
377957
112481
394036
470013
934086
523873
250341
581125
523159
410866
612026
581241
911847
592106
596811
300941
203149
983606
305269
237129
727272
309884
690026
320181
388417
53711
706466
690848
103373
995470
390384
398925
87566
778137
197487
754811
176600
898801
829211
505360
156017
12076
157052
121313
242130
851857
557116
826528
614154
235670
553562
247331
356930
15731
443255
809229
457435
686114
609806
518299
919795
623286
789569
649101
405383
236181
238286
143150
388658
838356
930016
255426
356628
900461
769282
519884
118606
534559
885166
776569
336681
862499
560260
444268
704086
616966
51734
981991
121936
403367
639584
324690
748702
640335
497045
364524
251508
925352
880212
392121
419164
950329
933457
214372
905803
922640
895085
187263
700520
234277
289227
883790
838129
365175
419481
809865
393225
423691
122295
920900
659507
517404
128763
723952
82413
632623
252766
538554
181095
405381
391814
284689
233246
929002
859248
135365
541978
647147
686585
727691
582720
28133
389514
749405
838741
551479
962078
575550
759888
206041
655090
424795
389209
882118
878856
828301
195108
334933
795863
9275
955365
550886
463378
149533
525295
597495
164115
174619
285997
646678
843492
186195
458235
664881
184874
894650
818018
958793
780591
677274
967022
282821
64650
561529
845486
383523
996589
721946
569992
564937
568011
127197
104694
252026
263716
323073
343137
244516
406958
889354
249752
189590
770274
251581
259181
388238
678496
347401
799660
957424
192831
73280
747833
859731
516597
105538
119237
256310
836895
821114
309484
996432
303535
369602
119151
399365
726959
28130
214281
390516
117878
415670
626544
866861
288870
502829
952425
51072
654750
238637
556552
156401
976515
165716
331395
778503
49446
137242
468018
246915
264082
630162
831398
637230
6005
926351
739683
900492
840745
918052
253883
857260
76573
582723
144776
90401
711652
213894
462597
578699
574810
50124
441673
672654
573423
842428
274082
646309
371857
953061
293962
86031
562490
356422
120393
20967
62355
579049
950950
657489
714755
84330
962315
163600
740313
832021
263732
524277
28690
730413
945619
291954
315463
429705
785540
801293
552438
656922
400552
547824
909291
560263
963616
248605
914122
549625
266280
96894
881788
626291
26061
849114
66484
909784
839693
185508
21149
10704
311113
608942
173154
454470
252713
380923
369049
956297
216460
796081
426125
502802
883562
539629
841894
236837
276937
873969
825335
318416
867480
272056
350372
185488
397740
645035
996846
966995
788116
854892
827165
133465
428059
698255
368328
499379
65049
885608
533764
636014
194486
51007
628071
975433
433341
439840
908152
898209
745496
326287
956981
407918
754030
118745
999743
671590
999637
290182
928294
696895
683702
410091
273101
953042
906876
675036
683578
854427
702520
598334
999676
413405
17237
424762
392825
482786
756595
622093
618003
757920
552546
464188
583479
305335
543036
201637
573250
325335
532191
39409
669263
583551
350789
266918
753121
499360
434370
663065
508394
219616
799386
185664
925110
701242
359549
319142
829303
788802
412512
817335
944301
246086
805945
681531
389938
370129
997335
602912
371615
630985
100507
429551
92063
239928
705943
604897
682958
878183
597057
348427
817165
964838
941459
166644
343333
572585
383107
514823
929492
691469
167322
789155
809273
123704
989300
944784
283737
894109
831059
534349
963340
848991
940319
565317
133319
408077
755070
730656
587846
652876
357388
299189
384726
111890
300983
496092
206780
520462
27066
826465
672518
166118
164084
82326
885804
501912
705956
765056
191329
637058
154884
196465
158268
241916
352447
579062
277054
903011
793039
418150
278079
903921
373623
829019
178170
989960
167642
716797
663473
199950
25271
868025
31294
643441
976578
710289
939000
475339
72159
68622
353150
390369
466301
240976
313187
997062
692621
653446
294902
405597
874654
26040
533868
322491
610839
957249
862957
561131
26320
553243
987320
385035
915149
735507
754419
170963
609239
235995
966227
78646
984825
551166
21988
16225
312276
349486
31413
940448
864160
250681
632484
264544
684351
944730
296065
145295
377343
527340
805410
157727
530989
106937
224259
391530
675088
734513
468887
905456
348489
889782
681199
53371
973061
930516
724870
900323
915164
29966
514535
783982
506249
839251
471163
663759
931974
885968
817139
476303
266692
611103
320334
536841
894532
976925
459591
100303
222677
541593
427231
259883
592810
146023
411010
323520
924311
650389
412056
10958
987368
45813
438955
262100
848606
958041
919600
700687
343495
567517
383412
482465
877945
332958
865956
895757
370922
596361
481017
159135
835759
541198
739006
995753
952464
787762
435327
216039
459652
31684
685904
789892
509262
513639
968247
801589
843507
614414
880695
960836
46998
174983
415802
41703
957874
430894
483994
139150
571572
396162
350284
555964
107315
883860
730345
2701
360653
848347
91354
4502
601951
358437
818720
682281
793952
117288
224894
48183
317018
85111
597379
388816
619015
186000
338039
166791
354116
590290
768802
41777
324980
635659
403252
985228
19380
301744
657044
507131
3382
622822
386376
197679
191292
345916
530365
498402
868147
957884
930548
959037
463018
600151
357449
204634
75181
69693
594465
979619
422978
227022
885424
244697
403263
674794
838437
618289
1734
710820
741938
837273
228063
105366
343355
53208
462448
608782
456730
898067
172571
232678
571085
686571
840052
913202
779133
181892
357726
734034
17067
846881
699137
428966
763897
212395
824681
364257
505043
85201
142334
54071
918648
813512
689052
882032
886825
385203
984079
576798
763500
223199
709292
255595
148413
60901
743694
689548
968274
291379
930796
495634
440202
680612
85396
797727
891505
859914
506694
844469
377586
925966
349807
833194
383258
531631
668161
449528
461829
178726
178219
730737
163367
969450
861434
470095
424377
961743
532684
780521
27325
870090
323564
182978
984688
851087
624463
546876
183180
755355
978666
44266
779063
187726
53230
946755
499531
418480
919521
152817
676803
851028
299610
933001
431358
56921
659801
836438
398579
674445
879617
446350
566770
671981
199410
663974
204051
748232
987015
533121
417149
959682
412393
523012
741652
556851
115598
831301
897600
98799
820242
934305
163159
934113
897200
78444
454438
223568
336349
80451
180193
586436
491777
851006
84708
313345
987346
317634
449189
504434
58127
864115
297785
925537
294039
947014
599615
604259
121060
130932
958893
436369
529063
571018
524213
371376
219136
709085
582995
864882
742809
447516
511926
31318
592993
989118
185352
567210
72224
668442
997084
267761
527420
602709
214515
98783
897543
589237
170667
565632
843138
415124
461829
582521
352691
952305
919057
137447
812510
112545
163768
832740
56163
219939
335142
858920
620916
433936
410962
863051
318256
481201
332523
734696
257441
498795
882657
513630
334031
881557
849420
718512
86719
392298
646461
649932
800011
329178
252128
184681
772255
253563
891018
680521
898317
804957
523493
185694
521806
615482
749173
792137
863894
698444
390086
233277
139410
784889
294772
574146
402689
892202
642135
876054
390892
40825
472585
746606
164100
342536
95829
549338
799254
770991
757373
63622
644525
553421
461480
354716
777092
658112
204710
883591
733670
609391
400098
516691
629092
613764
684771
862064
632114
437495
597182
863190
909343
333894
198684
733250
890224
317377
88036
784414
554776
807873
822916
357310
793173
632760
987745
592390
609193
493540
759065
582314
655988
57694
465905
107278
835435
363599
57248
196364
90423
667841
242231
625811
700652
947219
285163
20716
471652
270471
611713
133912
660600
808886
649364
11734
877146
696035
85190
391105
821010
435180
165633
334101
665171
233564
39465
834642
871097
748702
893088
653753
189602
255309
449845
969523
745190
397094
487594
698385
615092
536863
465760
452014
413706
765329
552481
189681
534672
23504
452170
39535
880082
27931
296339
356269
7577
570095
30140
505923
592228
765046
871254
226460
3912
473692
244396
767897
822881
193986
339660
513301
352180
724300
817973
478147
408291
878422
872414
43380
605387
558403
885921
427957
87358
391989
225603
64534
282904
740313
230048
286533
181888
375961
283191
702552
66173
945589
488336
283945
666610
106348
375174
147547
100471
835540
600181
209787
741526
702857
291200
823107
804127
284418
416255
484856
23336
260351
382148
701746
405925
242078
954376
984124
639072
130765
979767
954641
965525
863706
156949
124615
427436
792807
125323
215560
23315
136825
799954
278330
479480
643247
553723
657537
34400
595471
865944
855834
78823
124796
568971
622888
254356
567364
998249
337356
111384
941782
945418
32877
619299
232017
394351
726743
382755
446455
436752
625087
371931
645184
30978
226468
903004
447179
105026
584146
730530
39919
612321
246529
328461
493808
789515
814618
202553
992077
743157
11673
616957
310646
888483
764429
346365
97500
125267
861565
570732
520096
48521
174437
126370
9069
614456
50270
79190
632929
876362
833115
355832
860838
808268
556879
259950
324384
687289
842156
792296
368511
645346
214343
544610
229363
138614
411992
451062
481599
578868
834205
151323
365479
973546
95133
684094
942403
971880
446538
402107
332022
373127
263168
315000
721400
222671
64938
624030
951310
144521
841411
322101
152796
455522
951098
125019
596049
429561
584047
288481
73344
721222
152667
980995
404431
655270
569228
298369
470216
365319
324877
720734
550093
329772
632676
767796
964712
638365
983796
525682
837504
108719
389379
89972
369576
9835
836630
261885
141906
341854
622393
774932
203937
632509
408155
241080
828444
928818
970005
917120
276734
596231
704907
887124
457066
313774
571755
595330
91451
869546
68051
505278
723706
963806
609103
456569
811689
111920
291968
621532
3708
408858
176024
765281
681127
989069
494081
567246
182994
757377
528285
131343
995882
568158
616552
342704
932113
347520
709754
914804
935477
205867
11625
638932
50174
161867
29004
692631
726113
371749
517722
180618
291154
817312
284976
137117
290582
679530
683569
716250
643830
224009
976839
164226
924367
677118
679816
157510
301447
381143
667253
746847
377370
606802
542300
399882
6674
497577
545949
516004
120469
939327
952329
163101
750680
542309
748646
996508
124338
623881
594703
380976
563531
880443
980152
617005
258931
98589
393296
42155
683727
881383
170751
133207
403118
839061
176783
571764
625529
512429
560935
609138
202953
456816
87921
239081
5907
887453
389597
623282
223422
988252
268991
477346
226389
834958
313364
804580
207128
33006
782050
427186
659117
853156
966461
537840
53556
684390
188837
537381
470264
574347
767565
564566
377409
872814
705783
661953
763718
230523
601850
217779
465791
242905
399205
997766
422617
648180
310206
749755
171331
233382
786915
482480
964198
264577
922194
567550
268017
835707
819716
586673
661650
119799
211252
974373
306432
246124
404029
765561
244149
821492
860065
223603
186681
230387
506918
885488
198170
967970
739994
865350
388024
975095
300600
589560
26876
551859
379299
655893
749545
216455
152591
920301
205003
120356
837695
496689
640606
675688
301542
445092
753340
480501
451846
175088
691358
334820
639027
874844
4939
822797
713176
411387
856855
239555
852062
527157
11309
725395
805000
44448
922878
647530
901356
236647
580934
377491
419023
673062
9528
213597
685723
794328
305350
342874
330367
886312
251535
705092
643171
860451
845156
640955
934535
732047
527480
1002
673591
281557
238500
798919
486893
225177
269397
987640
453635
702442
811539
883539
296723
422293
523822
667582
535661
923796
818951
380342
470900
965220
219128
978091
360853
663860
341857
237831
839333
207417
276560
570191
79383
800543
454540
769186
119062
303897
875134
36703
544517
275609
312445
277540
990161
394524
987957
857393
666287
962012
102642
481322
361207
469225
39631
206011
447836
602002
105973
243734
683079
143549
550930
594584
850640
842582
944921
142601
601433
151268
271791
977154
76038
772023
334777
294569
424220
192574
150655
758040
827637
530485
532989
224860
793310
49147
462982
108889
401229
457025
944853
927435
955330
123167
171506
879335
402680
484609
287358
48160
394888
825790
683483
304837
631643
321161
636282
887687
713802
246272
201346
940889
998804
545698
717402
995120
482171
149918
368083
909098
294331
596486
916149
938379
3176
485218
253925
78626
279523
58273
757615
649098
275640
728491
811574
291532
761943
616274
781685
30626
299054
365606
63345
917974
809503
855911
689469
413065
453155
783637
365097
53584
78011
76388
378953
539897
117134
648716
182365
742891
6756
471804
491618
579115
663869
233582
595252
402363
609807
207638
736350
882397
773659
238004
323712
294901
34219
199881
378651
696332
554538
773413
407933
598385
386655
403487
45636
820538
403016
506335
640016
463784
691663
110229
341897
595944
366571
726220
787785
631926
427286
522201
618984
997148
493926
284525
156067
925081
312075
451338
932648
270876
706084
118611
413441
578991
459710
502459
678106
76273
697962
178655
503409
956796
269049
55792
39385
102885
705366
920009
861354
344353
726209
508063
969672
863236
913636
616790
232910
356197
841171
185392
928600
343518
952549
765472
661866
657456
51433
989501
235713
654467
239751
838162
113523
307018
559733
755922
435077
305925
411346
359593
564041
64800
575330
776429
373170
774969
379559
228915
598198
696255
815000
596094
887902
275318
57025
499155
851181
10070
972598
265256
536747
321555
380277
893883
378061
989048
589207
658558
628802
591661
388531
908655
583388
644055
531152
531910
81177
426014
292996
610312
143886
386314
349677
572409
98095
334086
931915
404654
834557
688007
38649
619840
51468
739654
986886
729437
283184
697193
490036
327736
694212
704320
826125
619233
247638
989034
944220
483951
408114
57496
640783
560793
14026
392809
185959
837924
483647
280437
224217
638454
109838
734886
813317
869770
176026
499584
502352
416189
334545
917121
442400
330309
676414
110882
532211
553729
268139
68286
121116
997546
740337
295050
630684
139113
514718
626690
267609
634499
38529
882021
123965
547055
475796
515670
111534
523337
539782
615652
176357
267230
826021
144291
518509
315495
382053
583545
812475
406483
617551
163253
25444
774141
220745
220441
696255
970429
82430
43768
807127
436954
373098
97786
908749
30813
793219
645885
814153
830721
826247
125910
824794
497286
972319
654517
499762
218404
729453
584742
955895
659805
867447
231028
318151
739116
563183
550376
802315
465177
241822
259311
482550
793454
404525
419353
613275
156548
625360
935934
89129
9718
241871
186875
891396
337911
967410
692378
310336
172736
505673
320464
716412
506849
727125
931103
387801
426745
607639
533532
890966
880513
7474
941963
703370
164226
547071
784294
16764
597223
885102
452093
662882
290797
851283
339127
553525
480630
423189
695414
358125
227325
232686
981657
48734
374373
558175
607002
236527
186218
390772
471128
791730
580600
922287
754608
203749
369626
176724
32068
755397
287691
779728
592605
243401
556009
142151
620205
515842
655239
668537
583341
295885
26593
760592
431909
709297
81514
508488
572170
421340
270658
604411
923009
206837
368388
925320
460098
894173
36539
948511
95384
687176
940212
925932
313156
928113
444398
423774
430145
880831
85102
879571
17635
918642
843887
198882
272537
660425
147511
589316
481553
720308
296261
954911
602682
62513
983527
372657
672037
171206
686824
969942
668805
447257
808741
664309
432853
599983
534912
455309
760664
870719
946798
266520
177084
481331
258604
345817
66520
405050
349903
117063
138261
952204
551736
943190
957864
164348
991910
502174
737725
132851
824101
343466
580079
706638
149476
27744
377012
53654
348644
973128
595222
331928
739469
895546
52764
440097
22683
684776
358087
444760
817205
320133
124280
70072
775966
61970
309167
120552
521220
469571
749806
506744
597174
565074
704124
719418
126387
491039
262085
495355
559389
284290
803550
319837
207565
567215
291687
359122
538176
715205
302090
831927
823022
375923
644255
728394
655163
831943
870514
856714
839047
697493
722780
647466
527200
193792
96077
893553
380311
276328
221164
191089
56240
537136
592597
466081
140594
526122
461761
561242
171359
817826
801604
361514
794494
227332
964399
320408
788244
418666
647829
209142
809713
541190
381867
148572
844198
991785
503497
264646
814100
505133
620685
135756
50975
214597
935582
680890
693570
63647
447182
558539
596156
167027
895577
209799
793257
280363
678922
809142
84267
990255
801213
44288
579207
103756
84031
621858
723788
302656
810193
156751
368365
938916
99468
354209
201008
533558
720990
481338
166207
468227
748786
677692
941404
948589
498094
343584
956018
783134
87958
192119
399174
557706
16206
227835
753292
916954
965820
542289
329494
351290
212044
321054
882472
984512
917197
543363
711718
615991
232505
942070
302830
868744
882129
432574
516482
271748
773223
278219
211422
184081
821237
694383
604585
752238
527851
414205
836422
837028
59846
645693
173513
880011
422556
170376
848007
255350
641588
58822
905286
337212
832529
755586
887507
458148
778640
189735
857139
837548
214311
155162
538289
687926
122317
562483
26710
987152
415481
38553
418551
93534
219842
686456
217640
575462
28645
328034
280206
44728
112293
726207
899731
109432
74765
13106
990706
675593
604625
966667
284274
752472
587795
233762
16495
176386
411265
103126
350035
458595
1243
63778
949796
298428
79762
937305
939832
995328
392524
239806
194435
805819
357956
768066
107281
277024
504015
95002
125647
605293
230521
621052
364675
712829
417934
604471
837468
973802
991540
290093
694883
243420
388533
126254
99473
26419
723355
179889
493755
89549
285556
132977
422633
380212
659189
882530
908356
61543
819643
216398
827245
432003
150701
623761
786602
719950
434172
316269
754491
879393
871820
295691
741515
621487
300397
305743
153922
741109
387778
19222
866679
868544
453762
103887
132931
462102
113757
692275
693937
954946
758966
49634
689809
596864
340943
673755
719083
198848
43075
274584
296401
528090
26348
328836
158926
429647
861604
261338
547770
455928
943081
41755
261167
698638
980698
454443
303702
261973
864030
926985
501786
760677
409700
198122
539903
558934
311748
511216
618763
196743
664772
69772
100962
632459
606712
44845
400304
705586
393281
540643
499390
708143
405749
330005
311592
64619
549279
673499
220902
726053
826653
8825
86470
50244
595176
1785
289978
708027
1201
507172
324237
985047
192102
510684
429873
422376
43091
294553
934005
945097
954982
836734
779794
620494
613643
886231
557156
606666
566390
248946
478902
635130
84478
822359
485110
751314
819430
775653
25288
334177
765560
934986
859574
643107
379659
121502
287108
31203
129635
830685
226721
518411
932023
320255
356794
472138
582157
478070
364201
75360
604674
510211
651787
259145
715302
436534
147760
314819
317763
576256
386027
846526
372927
567414
329096
110816
126615
343652
235229
145138
130123
418956
227577
732650
566489
821178
499642
742741
440033
615237
974203
561057
739815
432292
304618
825732
897335
913002
498103
202893
470947
41439
535592
467077
996520
890109
619465
772033
918383
700996
847745
402823
220591
939130
153472
151451
722799
863683
562709
665893
46377
693464
484700
674048
721354
823015
609748
995489
320663
713671
509711
184738
455721
568663
973122
755626
211033
189746
709372
408763
612982
702800
859444
770712
468595
825404
644539
880849
858590
321773
746000
902828
736395
785860
635794
999090
38991
53601
630160
798355
489896
31074
294397
986039
357050
919546
415807
60514
603060
807657
590310
751554
706385
644573
338298
54232
731195
980389
384365
759489
164746
477070
116463
463840
682921
372572
333344
853546
757017
721511
299041
478606
332815
881487
189763
66431
287737
162909
623585
800543
672031
104567
638346
917001
720548
146688
202518
901051
475115
675594
894106
998751
714518
246392
508022
946228
935721
979509
592203
548830
825997
758475
877066
768262
85745
506401
342504
332271
166027
109460
613741
607319
574140
787056
786284
343365
906898
721675
242829
456502
613735
729278
954886
145438
108838
262465
715112
987229
43886
140898
150741
890047
162574
954466
975120
683568
33968
53100
209133
42875
435155
503218
497767
978621
476913
814310
794000
711402
7103
850386
875427
27451
749907
285269
720437
108851
385439
706171
597642
781
905051
107383
570820
950020
624769
123072
472951
619070
110642
596293
781400
619350
826422
319053
126355
628676
338529
150255
835515
330604
41873
832107
498268
332928
370195
869156
229100
863250
522277
312059
544864
678329
648662
237705
943644
957599
337162
421176
297602
95590
801690
922495
983852
65141
260440
686136
225844
382179
879535
808543
53424
994302
960809
496361
545339
312247
993995
980030
900398
829166
688411
837973
105390
642646
746050
390635
113759
715077
362508
957216
188983
224027
843787
204526
861485
805516
693787
499270
218895
379659
750401
899529
560883
849236
902061
655968
176965
36246
339487
574072
718400
479164
56486
642525
172344
545559
187266
386034
25299
580842
788651
586443
619544
790353
777387
275239
103071
334990
620198
623437
595112
48625
604026
748097
927304
152228
894785
68963
151742
143312
280947
436517
948708
942576
944425
563175
916417
704240
884732
374961
70011
275457
31052
380300
701098
703612
358237
52989
125639
989360
451739
335263
194819
778506
847742
464412
464436
139424
942472
10952
236394
411226
953707
27226
222112
449149
453321
647431
561486
214101
561875
853757
8476
925951
681426
864569
49520
352528
209476
304709
76392
238245
103582
775953
624548
583369
136753
454701
577914
684540
778023
970785
477133
722982
650476
312746
308472
837080
434537
86545
973539
632954
32107
299752
474872
547991
572002
866212
800112
488642
397638
691538
493895
520483
40532
190200
873102
919393
161526
999433
533663
135086
417921
793155
910826
397354
767192
810345
2542
220085
920302
838808
673924
494612
315624
9
54933
446142
255072
710754
515436
534404
249222
766521
272230
50972
945377
725606
157446
784457
307443
738819
60837
937576
322747
591682
137670
298968
154708
363820
281800
849671
47035
331442
600500
106326
630190
305457
816631
241320
828975
28359
760169
770636
58472
927820
317131
850244
750888
887280
518224
678130
765003
807471
16786
408030
971256
108915
784613
665958
421892
65862
216457
169155
245941
459633
293113
593907
899617
757942
610272
12553
630324
263271
568427
530701
617487
134690
988729
516561
522574
167402
96048
40017
872034
712866
437609
775109
975389
199656
412043
11463
709965
814091
27573
964764
508095
827691
343317
99873
489061
28204
141462
582292
239954
439126
94454
823099
474017
513548
236277
416948
992502
329959
641065
934043
710236
444719
487215
982993
125198
408373
892988
481071
450961
144464
701137
159431
916798
967218
301133
941843
941662
308518
460636
301565
936877
176680
639437
411722
175105
530593
101250
424548
74692
772349
219648
727426
417373
877227
406438
119734
909294
669936
973947
447635
401206
632936
266592
867192
287126
921307
231588
793150
7408
516280
578294
527738
916907
738481
828981
742767
689363
832498
847012
754771
31582
123903
154361
48316
884617
369513
844308
638055
579681
973612
504461
12965
953246
607208
729446
606627
7338
34682
342752
307348
222399
337783
143977
118461
926573
38532
232114
41884
782395
522837
358751
315062
942181
921280
226456
287164
555076
626237
123965
332441
659404
215805
913718
681499
42927
295907
955752
964219
536542
724323
779907
346699
616815
181046
701880
167291
210778
580791
32840
512711
570845
459421
882552
539009
82944
455382
431777
245942
705587
756412
86947
428800
412819
146870
610617
555304
753163
549486
537704
776501
555159
678058
327698
138197
620452
485193
363047
591975
359379
428060
790395
385507
127709
830751
871218
348519
479505
276883
228119
396510
182520
657785
61452
528527
373145
343149
794396
86592
741784
253276
800428
598596
320697
680803
474641
33576
613314
906181
283131
160630
500223
550665
186638
969060
70047
975406
685585
534941
305724
356940
205183
868585
751672
501321
637883
665147
185474
691316
254113
515095
202552
861313
887992
691550
676327
450529
287491
98743
961197
826366
524022
723420
292992
107408
214982
101758
877831
480543
533401
333654
68070
808405
180573
366986
385815
672063
84725
182647
735987
741344
931533
117665
232017
851250
121422
328756
715717
872954
98925
372598
441610
256774
975774
947532
916666
367942
585383
605926
711545
752261
67471
868551
604594
393026
881909
498356
649977
679279
375484
759097
851344
761093
956516
888018
147781
874882
756084
588477
682425
958529
652243
86106
605627
612276
440375
806715
759698
338495
472757
592270
248345
668852
868534
273636
320197
72807
989578
445405
958979
72046
568534
702898
931452
659511
125673
897887
728954
705862
141869
14507
878372
132745
412217
903573
333861
846745
194051
410589
38379
545359
965107
349356
180492
673217
38354
200865
367299
249240
183841
501560
998103
840463
634503
943385
119708
389450
722722
55611
506131
268561
184638
664819
970412
699687
398371
542429
106349
428427
678728
268389
314154
717962
822374
436019
314100
628031
644840
619569
317519
46697
167038
51258
48730
855015
251025
294048
373907
441106
749393
226010
424499
816951
694122
191880
305973
220655
217108
127781
753973
707997
639305
310728
775603
884420
65810
555031
617590
11971
408187
773192
556749
28974
690149
861589
477105
693449
12346
377404
140038
396835
628859
969712
425664
456269
712949
180127
914211
418870
550866
278305
54626
224932
455499
345786
968425
432081
263611
47948
935862
845984
10127
107484
556770
116602
390938
303230
448190
87561
540869
306144
344984
609297
705251
905393
598813
102118
84963
482412
712472
711822
846111
992325
778201
595891
952209
240814
806449
776773
614372
556742
334041
960618
324072
839647
223090
649891
316320
948138
515239
724796
144374
574978
90222
490031
764751
626065
668846
364119
488312
493475
430971
138892
72831
330629
961852
250207
273631
119833
481582
219059
890323
437433
328961
607862
784715
851782
380960
652731
223612
998412
950798
153398
211666
257811
533612
757843
803713
558405
472087
383347
191481
742519
579246
334851
486648
121494
346673
969403
366713
770287
236548
23664
531210
405914
462803
315927
64059
937860
723152
13207
500594
673688
240857
75081
768348
284810
119348
944783
432830
605056
932476
528910
953961
971868
163541
676617
109580
789482
364762
306523
462948
483
3865
816721
663374
706844
150004
23138
919612
244174
797800
773771
929862
880642
934890
773963
836440
541145
897901
312888
913866
148213
927232
630077
35405
632840
125845
665201
795200
75639
385821
489364
202210
205994
809486
944552
720419
678259
899014
134634
865363
63320
588809
945772
973884
939135
240807
383952
725195
176437
194105
512163
832424
803482
620297
34835
702248
736877
337617
128078
685400
299696
416028
941881
722234
468599
173513
830154
538124
871955
356399
243715
563971
887061
103642
146124
551511
910593
943090
161579
805624
154129
947004
198370
566814
567714
717946
138597
71742
640256
315182
689462
578584
677193
736317
453023
324717
413248
275566
807563
567310
955120
144017
259650
427280
747322
520956
209280
237084
597502
902321
440688
732579
462498
267035
293962
647662
651714
806647
902854
388051
282164
620624
511931
107715
564150
313059
931033
819649
852279
986401
339455
462829
716798
67602
265530
101566
816059
894678
72283
918287
243240
525062
781876
536080
598300
344826
855983
11741
386796
416868
131402
603051
807294
918938
273266
698975
240299
664497
870587
766393
867536
311364
778042
372269
371954
85716
233536
997586
424075
385226
765939
7411
641397
847831
836490
709252
810162
897468
423588
310063
619990
750886
350982
356491
27346
753393
963696
954734
717981
597709
241882
360281
777856
118334
509200
182546
937663
682813
986599
705359
109791
530812
966491
464206
723417
75079
634311
198209
483801
515462
136063
913959
215795
267359
580301
777206
979619
813624
467399
849844
24191
917658
190665
928550
282811
793841
123541
204575
423256
2671
17475
649977
250475
78609
882342
502946
359494
51386
807805
323150
286981
161595
166931
426378
177399
700980
409140
814513
677350
667219
768204
286839
991941
843259
741981
842850
688053
634625
970716
77465
92595
902288
103273
984981
305186
855980
635882
980276
703217
867539
403587
183148
554409
439680
575731
152796
227286
553353
645710
259838
924431
369576
684819
366329
655587
977302
667689
622868
274209
814547
806075
529028
605700
151683
162925
112294
313145
201586
300473
81736
331215
15288
597739
926753
432378
15224
894133
332065
589060
84354
823151
200419
485393
439128
648495
277952
893837
663246
939458
38269
132916
439754
689732
224996
585341
684971
8225
734064
847204
403847
145128
689057
246675
283532
449289
538992
616172
936776
580651
392285
195957
127555
692524
424868
188961
874378
330358
677581
454711
536135
312826
852707
342625
211915
559756
768892
128403
513710
337819
302135
91926
699278
17995
882629
325040
111987
139313
977821
978034
978387
373226
130131
100574
53297
25881
613635
419570
987231
605499
266855
613717
238373
980392
918985
448029
277818
574120
947218
356667
44335
493935
515776
278660
376299
323063
288246
139932
941009
150072
794285
787905
366398
379591
588168
343986
457710
987592
899590
509754
245438
203217
342609
599516
296908
486877
661555
279260
974458
643114
805160
265192
123282
690992
864206
441442
791747
168382
591737
551371
600650
93298
716579
242957
690860
65492
149952
477028
483039
783055
377008
618603
414985
79566
97678
398079
34464
549807
746661
270930
505776
116071
582083
610126
133371
778034
21157
850019
107322
238324
734353
386799
728578
733233
554307
171657
554114
13414
751359
573674
994729
973762
398917
445689
227940
286724
826211
128114
256645
625714
172516
892018
900415
207603
215910
708577
588941
636554
964105
378172
356979
641135
857796
269950
96413
338700
746513
497578
436707
128209
662537
412920
258990
873524
306506
849305
932020
852104
913044
794985
973087
610873
645235
91953
803020
708962
354455
728853
880366
14027
880127
483744
783315
94978
995412
509802
193855
778964
66386
910436
784116
31464
680417
87360
477139
225529
12290
496383
783836
56174
727588
812120
829074
607704
178583
86466
226426
791751
968344
311007
582721
509193
665610
705733
570301
638337
414918
817257
943244
752415
67849
198762
892569
419137
564812
878391
467581
25958
949937
736863
391169
497995
269081
704692
571202
211236
142994
930714
104685
580408
405486
292209
332074
574809
892463
158620
165142
482687
223646
271214
868136
373505
139770
502385
950261
189679
597646
910930
8334
497614
877852
575148
580679
428657
814453
64431
321619
639216
473002
948525
643467
431496
530780
180673
749581
541327
851824
125532
127297
102097
141663
955757
875959
408844
851114
513964
877676
855557
385770
270980
974380
791878
663877
898715
565585
192564
670397
882943
304553
800528
356642
596078
151158
400010
823720
767106
482254
788861
482515
132279
566627
366988
602831
166874
363869
838871
903708
182097
290595
437849
107046
222849
70137
324321
694834
254751
155139
263658
542517
488983
348712
527385
83263
50898
118290
445204
692052
550120
840593
809274
893339
603874
75999
947522
925616
708522
102206
101363
245140
879825
393022
546109
712580
470973
873115
805939
45159
433006
296771
709606
943264
831531
423732
360287
791556
267981
228612
823416
30757
168359
905722
514647
253773
550992
253018
695752
328199
954448
375743
78774
985494
525667
861984
359558
957769
70444
439988
940753
590502
531257
594610
701883
282371
464943
952498
143924
957749
728530
167535
704075
29791
711987
396910
435882
892972
708087
232567
846450
529687
384895
320770
865524
859751
268153
629550
473416
938553
767683
289258
851726
331381
376055
644342
68287
963363
912599
124804
495983
300374
335702
329528
489057
456070
589953
845071
69574
152700
414024
292123
680340
744678
921773
650796
697344
526730
475720
885643
933975
842007
55220
913632
591294
374359
909722
475251
342276
97153
569112
888783
537825
908844
708621
388291
773454
955293
178499
173826
278528
964929
231802
435178
620482
714870
673293
996321
725998
864643
937284
749148
884103
914729
656629
119929
412918
992465
416279
710476
338400
352548
79140
139895
210656
657786
303274
216819
722278
278954
90863
553835
127979
732416
957951
145543
45776
35916
575188
698630
439698
652247
270048
643460
168556
965681
758265
964123
676298
277734
779041
801766
289957
809359
320177
973217
206399
41412
546146
572140
375997
309167
260920
533870
938972
868539
272908
21654
766545
266604
441396
635901
896194
762953
21649
85608
680538
570484
540340
30249
448205
938394
28077
80548
447336
464773
731122
616943
934995
228238
467689
842515
855655
779760
850
641392
326502
189177
846484
679868
119131
137049
747810
503340
634255
162781
143050
467243
151717
973685
618330
722695
802387
335345
337583
752683
173181
873163
859291
527303
302639
470429
93810
428492
242103
344243
552626
129043
160477
447483
117004
923293
206209
506521
54419
772789
365135
584791
992256
281906
101728
627066
234656
451417
716976
885295
509338
873055
243512
759268
155105
484811
846568
798900
886258
153722
158595
856378
515402
707004
903894
237063
362024
179612
821526
100142
513338
459197
924181
262076
643367
860512
394657
327813
229880
379586
736377
899417
226212
714786
384045
313878
534262
564513
262545
491287
195741
407745
445725
481290
734032
519376
95844
521696
606235
400670
938607
929821
15243
50217
838902
566159
471730
134874
791482
574491
444056
900648
812418
239602
857150
438427
77872
560995
703952
42155
256190
505547
927462
736775
317722
633639
226999
426545
695388
984394
271899
518470
14688
879594
3450
340763
869765
573140
462678
327684
691265
522880
864883
423086
197406
344831
97631
417388
288212
342096
740193
10831
787012
6547
284802
264557
898511
33749
313842
662404
380945
133834
699161
362937
146045
524248
377340
430713
3926
567951
51079
572416
835592
675959
558845
655672
712673
238659
30777
699833
674543
241057
396511
129775
701686
407347
12837
397722
755470
205271
43639
862958
350807
66594
794444
332314
751131
824940
96131
529446
970750
541765
495161
172277
234468
657414
29034
814890
970911
710594
122048
675879
887315
936858
729149
50929
661929
19823
916226
557423
427436
672563
692154
757201
759043
633945
130470
878158
6987
731051
257541
21637
759313
947641
715743
690949
506409
104815
290542
332840
72109
125760
601898
463002
356054
169918
388208
944951
10672
219980
811534
548307
303229
17835
978285
392915
652521
682672
723419
644856
813476
822550
7604
241788
559585
194608
22573
616981
570795
875255
307133
938262
57055
277633
265641
267829
639690
816083
774378
123239
965535
255309
172156
502823
625237
507203
94470
475670
928859
700461
712673
169021
59833
374964
958086
91758
803717
236460
469593
441736
41854
239841
243596
819800
30664
516234
243057
695068
204868
123291
861600
406564
685195
985078
338497
528274
261768
838145
227447
242752
991727
568019
652266
135296
288222
464839
722479
916094
532878
898995
450133
827330
622069
292531
79374
31570
493820
886686
21688
451061
348248
794267
754503
73362
179399
877132
838993
249334
88105
775975
958390
999348
779897
166694
770346
995814
855846
948757
188513
540498
995026
818312
84565
90024
197222
27695
390711
111784
279632
830658
636080
961761
63130
75286
173394
358420
673640
257746
825440
765879
783502
428091
251510
607893
944588
223658
356695
505811
330535
450144
811153
731597
953764
764720
233423
839006
865444
599322
173947
394623
247255
741560
463565
999814
886558
396625
961461
825552
203009
497868
553761
408186
40649
538047
125803
639689
80444
300004
150947
812202
482995
317740
60340
754451
744473
832430
335669
963335
733314
601784
288270
502457
547429
370054
218693
997128
919672
764369
552228
61737
628007
419710
560841
842019
256496
221175
627850
545075
973982
696279
211714
621839
447135
559167
601789
835015
590596
145670
388795
225224
547861
728461
357861
80379
776399
566960
201354
111818
181372
991320
491923
343363
592108
508909
337739
101909
282709
334505
389637
518582
454725
886472
400873
890023
993407
229787
436319
302095
667194
495996
139607
717828
226418
804764
842546
162025
988968
7288
383824
882545
684285
293738
987511
140290
770471
26908
117212
876212
428557
771863
389330
735480
231109
483897
897804
39638
68327
214917
804944
503438
810190
881557
162107
347616
640619
780778
149611
843112
214405
637220
693004
604513
262289
727181
346115
10250
413225
830799
902896
785765
654253
458694
976932
414108
329075
186480
132575
282303
218091
212609
666948
15784
136404
944852
433499
377472
298261
98299
299651
553562
896889
618551
869938
358268
767498
439107
603626
429183
957896
544331
351163
365260
500359
141242
70191
700550
580834
639472
494357
404742
539999
815443
361965
629057
760225
992317
797293
314502
312004
403027
633582
88292
191641
94197
8182
113001
469758
858705
979298
881093
740184
83538
992752
521868
207663
424503
935527
830042
618215
408382
295267
689872
870807
440062
296001
977341
773896
232532
88035
342233
716876
827381
688160
301995
800056
353059
283915
260618
694783
474555
937758
80064
839276
402730
856132
794698
24059
669952
819072
274236
563349
385693
509437
237697
986535
937480
393202
656576
69726
661662
979633
326427
656385
454951
498189
46225
144170
815940
815846
479043
279266
909253
724179
288276
119640
78743
881578
542441
316350
560282
711790
452623
478657
791441
381974
100796
620962
338547
22518
309166
196982
781982
593420
136368
335670
388267
616298
803195
498372
937180
749563
575353
362747
254834
925107
217125
145713
860827
769687
284686
738252
556617
252134
76985
743102
444062
198691
107046
11934
476419
755520
326123
773284
222360
280744
572477
359617
612678
75753
980110
558553
476400
406269
239888
283870
319623
51508
285975
5642
699068
522495
749404
236024
539089
893595
27293
187744
854025
474775
529634
70125
129726
50052
934363
250813
355345
165305
707494
903412
783675
5440
416556
386749
169602
139617
198443
395167
233992
16648
751438
556983
451006
789
910584
208408
856245
726144
278879
928636
5973
304231
607829
820901
591782
215990
868835
786068
848908
409074
252238
202661
392080
220578
166907
407685
639576
453146
308142
629394
320377
283365
128878
385229
99491
239438
117573
889726
427003
529867
40932
187941
832838
128263
816931
403224
760512
888587
626021
46206
633037
688904
883993
875942
434439
47363
299550
166341
934582
47837
567742
239114
903965
873470
746075
282400
550641
197150
508904
436351
898597
482480
266382
197935
123744
664427
341806
210843
621712
816630
491590
53518
284632
396719
599469
534220
363173
476183
716408
170127
593758
777438
104319
418653
322234
46535
909242
438466
426667
166136
837956
203632
373432
549985
405826
707695
993064
705670
77597
721346
736666
994666
960106
933784
409010
83098
448619
869868
541934
679571
793071
524794
504342
632017
361812
164701
489618
742709
619437
701898
20565
296081
452286
758883
995703
662036
147300
892793
652449
178253
637778
402081
221217
757213
765366
251825
374302
108094
358457
418072
497061
276969
973797
105879
671137
884009
560290
855776
562922
793018
195673
971273
729332
712605
495482
117549
852200
955963
818328
998495
456591
4147
922097
918412
696491
217026
721036
283628
42464
19086
886779
248805
223311
931535
546880
72956
261444
975067
775308
684792
129157
442764
154082
139669
616331
233679
582811
650018
569357
772812
741122
418680
735607
705965
240927
255319
83898
534542
433553
261214
918589
652223
484116
912934
187569
373624
498787
403069
307522
434586
542711
294138
173993
478878
91885
784577
935838
164188
568581
695253
224491
369210
250054
344725
253980
849071
966784
206741
568019
211251
530986
201242
264119
960901
136553
867953
484940
527384
195826
217900
292063
637147
959622
263866
860056
866596
925532
796130
819441
688440
147037
426844
116806
315833
276745
497292
37890
258925
807671
392732
822009
50726
509433
542837
530261
633236
745694
27033
176487
227555
177296
711904
169183
526226
532894
769676
700311
310226
2837
848971
990025
471638
701575
393162
140001
29949
532013
911729
345454
493850
927720
415422
368177
241692
964579
49025
918808
723999
111509
853105
713925
457614
227107
874154
268422
209522
138210
28612
24938
388636
634682
714321
506793
146731
151014
793586
145474
576315
640983
708246
521698
125738
369528
706321
331904
43336
375373
386581
714118
337178
815861
125327
29609
727179
556878
164000
470745
487856
275703
692534
843284
712950
951665
964743
603286
108331
44190
879786
874411
118501
554924
46546
931044
374291
807435
61479
101800
207134
501785
453122
128034
224891
708896
636101
360664
938064
783861
627606
398363
222976
723649
185910
999322
11797
762076
551809
40082
773769
520789
223876
364129
573169
850830
450742
839928
352967
537092
155413
95789
386450
105773
513438
14064
789748
165306
691305
672982
873232
85756
33694
811153
318806
783011
154904
205825
787820
669409
711060
648611
53114
749420
562581
472359
947474
725987
900504
278816
348347
279624
455471
368021
249945
900779
534013
159924
748858
623336
442957
172198
690751
437767
188559
533246
345381
691137
958895
888394
483503
674850
256211
709772
802674
68426
893810
326723
944828
494733
776140
985186
613090
254778
500489
223586
295333
308089
679602
802163
70464
246478
541446
127118
138769
804538
15546
200678
292577
724416
495313
875516
603794
588357
233363
138130
422052
87568
730989
375799
90275
780210
471781
260481
675953
650431
612599
386649
72620
376314
171537
300912
23163
998735
652904
682000
128314
701753
748405
793933
580992
437380
844880
480218
831689
957420
29863
17271
147269
525157
707931
947144
771388
561140
91447
326273
361628
230266
973325
947454
885664
671249
889839
618479
661279
195407
263431
915889
994415
810728
758292
704119
137204
623472
152065
813287
296840
189949
581539
875329
258504
653227
726992
308794
282425
560761
486166
823335
516950
403216
67423
477205
223351
165348
559071
180085
710239
81907
930231
570676
860322
479019
207210
34985
726193
928616
744184
135272
124548
809307
812572
377076
532963
249222
974111
303120
169552
490787
217368
64630
94100
398373
654529
470881
152741
613910
325174
349125
84336
855391
688780
379039
493833
659558
720651
307750
348141
571985
100170
760161
686832
805354
657382
174418
775879
253851
895390
33232
259188
55768
148750
463922
103690
483419
945030
827111
187100
29003
46855
702819
706374
649014
455961
28404
717655
899325
337611
630707
859674
817679
476233
95957
748351
183053
53523
722529
884075
968141
269472
958204
340249
845178
415374
463584
663211
706777
401860
237739
756177
574694
298086
726164
926996
122525
138292
404664
991744
119380
61568
108114
208556
619013
962953
335050
150887
639786
294585
287076
569409
891265
528888
171673
562227
469551
282859
860035
529836
101505
648397
614449
445689
560013
85160
633306
376719
302903
703407
341103
451576
509839
205179
230217
958233
333848
133856
85250
7132
825764
321388
884383
131134
228379
275323
56555
487158
133402
122170
661087
761281
707255
67702
457789
708230
853219
405664
280187
254123
227561
22048
98013
85684
248915
237842
51612
262290
743339
641761
232386
883984
347615
111551
863639
469909
843006
978430
639477
955543
935839
888974
504440
762909
243296
605971
132434
827054
426508
358498
433531
661211
706774
960729
961989
983590
820546
557784
318029
194190
109027
890272
808973
560568
773311
883462
487439
438140
461198
450323
772284
508041
124321
718587
26323
77365
181344
554744
182965
965732
740268
292035
65692
858580
405027
473839
92268
526788
25281
603490
414178
108671
533347
718448
545385
128585
380264
136981
638027
79140
934704
470927
111364
555711
912582
509142
242227
495036
149338
700857
621290
274461
904935
339799
456804
18698
139699
397366
872278
911745
302325
569539
678238
293018
874832
95207
878040
314550
551934
90306
521872
718980
625096
574534
760529
236847
513329
587635
296028
423400
473395
873386
91060
827531
518881
994288
871830
448048
884203
143938
24583
903377
614016
814608
668229
617299
384974
310551
189151
628019
688676
986270
48993
881742
330553
314252
875239
22348
120646
462308
548242
544490
214222
891039
618201
937572
382014
715493
12215
307387
504814
230311
361858
985960
641479
939291
213276
539869
514240
274645
19842
633588
930625
180351
563458
90167
464424
746165
348617
393227
492713
76159
705626
247609
309007
422892
238427
333658
885410
963079
689610
186399
751009
575353
170445
777210
673519
105147
834982
562797
890698
731957
31173
114285
362102
777976
830391
940658
645624
136661
942461
364766
647742
565016
871671
448263
658716
700516
112767
748899
694897
746924
463507
921743
44904
179531
229930
839804
512346
376385
149927
9846
984145
583243
807723
907794
479016
406366
537669
678132
573518
536639
147204
533755
94825
294722
252910
469769
418966
208861
167241
371890
208783
666728
246230
40576
295270
222067
79773
690657
465006
499012
27812
450606
844728
638955
23545
52312
654139
52036
792495
398065
896397
768201
192549
488724
210702
75857
655297
507315
621860
195817
89724
223995
793184
437261
904535
480166
190527
277956
274796
240348
57293
506389
665311
185543
174245
480489
516083
572530
447123
581887
714425
813788
266330
376325
597731
259615
53329
370138
701814
154680
99495
62430
400030
786034
209736
419058
148699
580148
32664
116177
502170
495715
415133
860362
30046
475317
890169
850969
75293
287828
297940
395361
637735
265450
387608
640201
225281
130447
419478
608944
356496
284493
673030
768014
909873
263372
886315
85672
516325
703711
501077
617775
654570
594473
401152
484214
736613
445485
22362
924943
689786
449906
614114
531265
279422
97999
349676
418727
325380
942360
371841
987176
587924
736421
610723
985102
739706
355131
412845
594501
127290
680474
859225
660659
248481
652067
418716
233070
678262
120995
167916
787486
991824
147904
790433
618225
549249
313534
888249
539316
698160
759663
395702
918293
855493
293493
64098
269298
176381
308981
847411
712413
598813
361946
705673
869551
282306
424195
938451
256133
123351
554315
664210
341276
741089
444850
458934
279813
907189
272556
898212
602628
330249
157062
508761
382923
382311
400945
962408
77070
604029
512749
149343
844931
84498
998675
782408
489272
923283
781567
175883
796368
632843
279576
385521
645083
507314
281597
932995
187089
715740
538765
358353
748843
534802
706387
713102
520415
87358
722253
565080
602230
341183
273495
586134
936587
571613
344441
33211
352098
314070
65737
40615
947426
442583
311294
290540
39984
228166
144787
685485
794730
754108
158292
187747
905277
663888
149897
655033
113956
820623
986748
21527
721982
485703
649767
234621
23882
400450
902271
366469
517505
979216
675415
236619
364367
535806
240179
560744
412656
547747
469610
955609
77412
727256
278710
317758
479182
422471
289436
757887
736879
290204
27250
458121
565433
247705
987666
259766
594003
812998
413850
315211
777064
351301
501148
117722
768108
311236
749609
6024
442605
226571
839285
167785
982481
773301
686119
212039
15538
460411
562176
562690
341587
325100
723749
137937
224381
94073
608202
647462
596154
338156
686973
689008
60653
674937
688589
112442
50828
457773
934869
930353
372028
37827
337576
766659
464647
260117
518490
732962
816380
827696
299497
960039
542372
346304
718855
82260
701020
93546
936837
838834
840404
337081
19229
188505
27939
703407
250140
67534
207812
810301
141162
977286
243249
833231
312504
798729
106138
351358
576964
874290
943362
191337
639756
244307
308151
526430
810381
444725
801708
40689
627702
80188
885620
156143
861614
11817
691997
453037
939775
62778
674023
412089
669789
402796
855008
775026
293079
720800
384285
312628
198937
807580
861718
235627
255003
928232
865439
288457
279210
118296
947519
682322
868369
576362
60207
505428
274596
972613
679153
750197
427176
111778
683337
270884
872290
582662
924700
894194
637371
595309
557284
881401
245452
794819
853006
20282
633484
994315
429489
492997
410643
709347
865450
239185
228362
810654
193944
608364
42354
577361
4593
156172
931277
883050
999807
27267
243564
208825
67579
625489
13462
257747
648324
115475
748498
29259
971132
874778
176082
357537
243776
415639
303868
809975
163713
611825
819029
831678
711556
864313
63116
32496
516914
11701
473249
921590
24412
29273
255792
203945
596368
570580
160798
805557
15184
788805
541791
211674
479733
865038
332193
764876
964000
445505
522072
473915
820376
365368
317287
477869
822917
896769
914024
890630
309384
565045
588888
112745
986421
737514
322146
677753
523374
623550
739142
928313
181725
527508
165926
152913
669325
247259
647661
422514
285030
992138
514332
121488
556099
816744
980595
797838
525938
81799
208440
946808
349191
801489
823974
326441
314013
471162
50357
699725
317610
971669
137794
788289
509566
747971
77148
497431
737560
912325
270379
510773
363301
277107
198268
99101
152918
933510
845932
244871
902300
462095
546033
871914
73411
421770
558208
885466
769384
746061
364446
48139
60633
876763
372423
644211
295175
851478
359412
603918
532906
46288
818893
492155
129330
203138
157867
635075
9957
949589
501768
99962
513306
141278
386118
612479
719312
972903
30361
83294
632299
44904
628881
938964
677517
913621
909447
894578
256205
900817
125604
448794
296023
3456
839497
790758
264864
558906
158686
97193
357763
112731
142138
767117
703037
96503
448364
396827
457858
193323
469988
976922
648122
506574
189953
51278
631963
890887
545336
60385
763364
873528
872990
203168
428083
42712
109970
748444
651907
981215
892681
417649
127814
247002
30199
199075
968923
922270
4055
187492
6828
830553
619671
843698
155111
498500
239715
16157
794647
294388
246157
572966
43294
462544
174998
414403
544209
341853
884636
403328
453680
187445
720287
499583
866176
963351
825649
678944
239623
508887
211066
641851
432676
385782
76389
945866
845384
944652
195243
914660
579477
347554
558394
566628
741457
937116
581953
730344
684679
195283
84187
643125
151098
318209
864149
758328
949511
103446
321630
797672
736662
201191
888458
937287
366588
200134
925315
279238
188785
667372
367756
43080
802153
659667
430963
960063
808849
100193
152467
358963
327591
136894
524931
664481
243894
230150
763615
513408
747117
995098
496432
787422
743387
277457
334779
333481
23754
49612
709091
309450
653941
66600
696123
752684
68262
40268
641196
895387
716017
273377
579328
456199
493894
213601
929289
741735
358199
833545
331824
227834
216135
712040
40093
18088
924971
6682
422464
403016
87776
499982
754939
143291
945064
551298
770220
556725
491234
221521
664730
276636
670789
796578
233467
314632
170233
602306
8415
334379
600530
380044
373565
467338
279273
276101
195800
300649
72089
542404
997582
999109
365587
803022
190077
73147
552287
537216
304210
311942
652400
942949
600303
404261
581537
267816
129464
963995
856850
24675
940539
503952
285530
762517
487482
674197
217447
412786
527126
451781
944697
296789
424857
506119
823863
618129
962143
752751
866797
196837
63202
183684
472675
780621
505761
709084
409691
552437
227373
121572
851558
341833
274256
185980
812003
863143
481882
275455
943061
634806
73
214368
957728
216656
307220
310832
977696
628123
482516
582524
576806
63093
141712
620114
581072
985869
370723
327524
882244
630607
427148
456326
789577
44983
842002
771346
559874
299143
340306
540331
510215
977108
990950
210334
999585
88826
579572
491108
595362
176623
340048
791620
177375
130549
630095
691797
758348
453993
16809
998305
658930
861369
677386
686566
304975
507699
516725
59062
870026
798520
315157
739326
799889
478095
707170
896547
125265
551189
711660
659912
173585
603410
925128
762284
662956
646824
345364
407665
426537
251557
954664
414903
179512
339703
645850
220263
980683
421567
11438
387660
12367
908030
858521
634267
343942
345068
919408
167507
349571
911079
121650
739263
376065
215817
934830
985497
915551
983250
786450
912713
50108
822724
913810
513931
129259
284622
53361
916334
936467
575264
587375
334200
334886
363869
328207
171943
709628
382191
623044
215826
282251
473140
476792
242414
144389
474453
624888
807981
759246
195768
637503
80321
197465
74315
165789
957631
970078
552961
504067
806814
705466
496858
608814
944734
753762
859994
498286
639493
186437
102683
560018
203012
994046
190846
426802
2297
837619
716861
295577
228750
226701
115996
528332
600766
546772
917886
520123
748536
122534
151508
11779
717980
781395
694256
751774
630498
38936
315640
328488
892570
935351
587189
88206
704398
44783
925643
420565
375491
462493
677251
335109
617822
910255
132548
990064
398948
839552
945249
793442
70938
311637
842124
88102
205195
807155
340647
412211
46504
473435
736699
603506
143369
440420
960962
558381
317202
807795
931614
439189
474225
63129
511469
366128
935427
655816
567924
955357
64662
72947
659128
140741
68297
916354
810603
912160
772240
113967
139844
317153
54100
660992
929127
700352
239671
553569
780740
391521
173557
603549
13180
648870
357542
554169
101693
786190
258912
726893
712942
2888
128441
959872
869958
670488
494633
548287
846775
643877
182350
836505
505800
786268
894858
321882
838913
291013
503751
161858
942335
212768
67611
900673
326567
100923
701446
713426
480823
91219
457304
278705
391352
728164
284528
111482
582416
242000
334559
601376
170100
269800
243050
829510
20154
712729
670446
171645
293132
271285
225822
447963
916153
169373
3944
940660
17829
449737
460919
363256
856737
142004
657233
564073
312789
825894
41184
585655
80794
63007
682829
645241
733796
657885
878920
709450
687580
776267
779108
918846
367564
10438
488416
34752
666932
887052
876417
462665
759354
488963
978202
417087
821629
82852
725678
122344
341450
782338
285420
125065
987751
567611
108888
658719
658125
79418
710859
246713
436468
310117
461905
182192
24582
761642
776112
912389
286965
28577
502920
270229
319144
320094
664726
663739
808400
654231
256658
314562
585818
213804
791417
212229
38269
963607
346341
139750
658546
907185
759767
752039
868356
302045
436375
526696
57469
138518
432562
863997
346240
458065
306914
447147
61301
921038
998476
96768
19550
870145
345827
521548
953161
978647
28906
363199
892382
158311
951062
571808
53976
944310
754833
362536
416208
245479
90907
615417
239605
490813
255691
288318
988760
138318
485684
931616
217636
183559
258531
399841
635819
409622
516164
910233
976027
804600
144164
754571
499599
771999
251536
799396
417090
765823
17181
452751
620638
510261
250177
800375
681971
927956
652767
808346
680387
503054
596448
674118
868473
965180
927868
780916
209914
438346
980633
961022
554452
173250
12042
507389
51156
111603
267832
178307
608500
723581
595294
298162
847664
47164
83054
345399
559033
921615
802833
473191
284611
143940
309068
669940
47417
60898
415102
224075
78353
628050
827013
210574
584633
817962
624129
402473
196528
748375
471856
733075
132850
512999
779577
347363
575371
193777
385348
637196
395789
745441
346310
582391
175389
972516
609306
189883
588007
738412
928139
57468
540146
638752
768622
75741
503309
478948
417132
154531
69801
408640
999902
991079
198913
886767
385041
328439
187507
683335
332073
577419
854003
239104
696417
234271
325077
566114
358000
722098
192455
95055
568647
742681
184417
249706
235447
376576
522389
657315
2800
732158
162049
566625
575652
372884
748771
897674
674763
513091
434092
434802
244799
315783
465133
278685
296007
464051
298606
184882
209584
661162
980638
625407
356439
143735
755940
502243
449412
653066
491860
175324
968881
687568
618045
415790
147112
324653
707359
353836
691722
135065
620986
898726
541099
745940
444225
636783
496219
491527
771821
391049
173952
806393
555503
963439
663967
82922
398525
942271
36281
952016
420238
833731
205522
401387
248160
444123
37773
843271
939446
221256
911283
129870
695392
733399
280850
924167
417778
548968
445954
754735
537814
241178
472259
509298
901566
900756
646146
663686
272817
907379
941818
54821
557895
744523
276919
566117
964592
420636
262646
358005
335790
722451
400169
479734
511267
553145
51222
152691
683524
604540
21407
856959
808493
727832
715932
81194
799823
128418
276516
527519
551940
462641
400939
528221
105219
309801
991365
970192
547247
953125
620169
70284
796042
94977
67153
330789
441607
457857
291933
920429
998652
892705
348183
495947
782134
212473
248817
497140
624807
156749
182506
394249
504122
184815
309232
895821
65415
425105
81952
455297
768546
489835
170985
519198
857166
751685
100110
813615
752399
216418
893770
122824
801821
473033
298061
626598
891700
656816
845221
778277
559945
24136
152440
372824
658839
373216
614765
50824
820246
198070
151083
305100
782477
925089
656121
56066
480255
780756
363973
472487
225345
649615
524800
204505
512683
650408
61990
703974
188333
812722
603803
154128
874937
183815
925297
817119
739806
429111
563207
175075
72437
571405
692939
225477
970676
616122
720287
773641
639455
331105
148569
143267
607647
215998
942437
901170
748843
443444
828550
676125
601826
661489
681017
452361
908859
597888
135866
690612
165140
694507
963232
160945
190886
814026
928803
756160
471002
454828
623614
664521
781877
272161
230191
694709
277870
280867
549532
937002
620320
439135
342415
926433
270874
909795
704034
654053
278804
140133
640758
606890
216253
943085
370653
277895
955247
465568
556824
822929
777604
416107
274874
266902
56898
320776
799403
381939
255217
39152
772808
968466
425102
422749
764520
645636
168536
218682
474170
872631
277895
140650
385354
960788
486492
879602
260130
923639
670612
665412
994509
204876
958070
161129
171383
88579
900108
828042
317040
481583
973934
252250
234383
418240
422201
681380
248691
55259
444639
907436
480613
883859
335320
173893
651609
990087
704183
807791
115603
267160
67095
418730
470247
76804
327604
51803
209433
420196
870294
196762
72930
539070
786663
56982
425492
842952
103910
762597
401749
544378
481652
939564
155591
981390
829260
635688
977608
156759
64336
175894
442901
296443
216702
763397
607561
532111
452865
801910
434115
24846
808356
795309
352678
479348
847393
490391
911675
550781
931096
939479
41841
206837
536667
449071
776324
95932
961830
400135
843514
393368
353004
454237
831882
241719
653324
292170
825688
762559
965666
55789
143323
249620
863738
116598
594592
715302
625248
250193
654631
40307
18643
869100
127659
775456
907544
934375
402752
592816
470570
912663
29268
603614
96655
341367
875351
83293
575429
771949
298295
473258
771739
407476
833028
300938
261021
368042
867251
734053
346920
138360
447294
623807
447451
800793
665768
374927
456238
606985
749471
849534
754780
232140
738682
609789
504188
171417
555745
820419
702830
889377
146763
667106
553008
609023
176610
203461
450384
855677
722756
99208
684412
158592
851107
100724
493877
199890
690700
900630
623586
244298
60741
60730
518273
123610
493390
772617
852216
813557
652106
759356
150730
191643
806072
213500
599525
88450
165593
791960
932824
766562
305206
898274
77089
845981
795578
386663
805860
19338
804922
954504
964792
360669
181334
274105
343324
551028
695095
672470
342855
772672
376
693277
637725
219022
527137
492172
65725
107825
415246
321368
83703
163598
96494
736839
593371
283268
98279
388778
241773
550326
307927
988603
78260
398966
852470
719183
552113
187919
957655
881207
692205
651311
741261
585017
31212
701807
535402
82918
490941
878145
598883
306008
134707
123893
557583
112522
295918
832936
777934
640468
492434
77385
139910
136513
120538
11465
301705
301583
293701
877087
205587
762690
387566
878261
101295
494501
390265
596146
940344
14110
678825
150821
432573
748077
88719
860619
636030
721217
630110
941437
804307
313271
882201
374137
257964
88943
100141
106506
90611
357453
205915
75543
829838
978377
544525
412870
448896
205236
633354
53451
235823
926280
422789
896785
501120
791530
760400
988419
718046
921086
381422
339127
379546
537127
600389
519863
663340
238938
306546
886382
256408
187869
335479
281196
904300
407138
949136
970710
14438
997370
899747
745069
969586
343544
590357
396793
503632
634403
847801
968529
734228
285462
107043
763274
983367
417976
850139
360506
763115
322196
648877
618279
162332
853396
280221
412049
263378
835551
281720
904857
336259
570764
986694
734989
650789
441857
504476
386641
274961
931949
711438
984875
389699
542430
136385
978666
269822
978175
205598
904948
128205
359730
933538
461867
125604
36038
426002
232572
91236
62421
878604
706628
887037
245437
414905
609694
277614
343353
265503
744397
873896
458203
890067
614339
482512
636008
594891
386700
244259
310608
690322
398426
291445
644680
116948
62637
917650
390278
405721
601758
84677
708376
871695
318537
458807
697570
86143
90645
37486
874802
755682
585378
381815
643905
69197
444365
797407
945097
447687
932066
840923
622909
129403
298527
720007
417002
628041
972961
780299
477864
751158
350126
480538
537788
702468
877406
597524
38286
667229
616486
660108
15681
649705
480898
251747
601780
269951
353919
702291
852949
566519
179682
715336
979037
771870
411960
664360
131371
920579
165947
510452
446401
799598
592862
107654
936725
46512
171574
992506
878933
984406
211653
492137
614139
140471
568419
367889
348296
876205
937995
221968
376287
881952
42047
535439
480001
55997
450265
665212
27425
807814
664432
28015
487908
564356
959331
466862
386871
177879
462853
784588
288204
45998
357413
741036
341618
605521
236408
237283
512783
463835
366565
879995
79549
428038
676845
840340
560191
292063
197238
616870
580639
445208
779122
463265
590245
638076
807792
221109
95477
678589
153407
796461
219398
820713
280122
760694
78907
537723
347765
244798
792096
435534
616003
436024
695938
603052
231201
77692
788266
938949
160706
710602
386360
62779
109047
243823
872281
896410
36347
680896
621285
169701
719256
812547
280471
448011
78394
251502
344618
867577
841742
171079
474380
6793
487767
973034
968193
290008
76301
12457
332695
732789
868721
712397
440834
443637
889522
217403
859091
718115
166517
379698
754585
224020
972357
199281
72340
236825
332887
338678
638738
582479
488888
708384
61225
899344
483221
847350
130768
160524
888679
543232
801050
474866
551993
924499
822671
504967
847703
290539
759144
652698
121173
932144
746087
947534
171065
574939
739153
161750
587718
48690
90249
737600
540838
272111
991627
549288
145586
21247
226177
322125
352673
661030
776645
671552
503436
95807
738612
239672
823898
554017
779627
957315
209677
80286
338977
807895
877415
336229
766689
114887
765434
409223
725474
280081
951371
777494
78788
310100
996386
676586
931945
214302
578737
397373
859758
284452
823967
466998
937029
309515
867759
440643
862001
613923
454546
55327
247900
353651
793605
234419
345560
106095
969960
71129
138608
232134
74077
711995
401579
850200
684313
760090
868893
298949
175626
594731
791721
397984
878117
699099
198294
351747
67531
369715
939341
313788
961815
545687
277612
442149
665415
775529
917131
251602
255812
815563
397449
687459
382223
754625
974225
963640
81418
907764
805551
32260
587489
822866
18184
480827
168595
133011
447611
937253
501345
489239
195667
275092
665617
78635
986662
776434
779295
219115
62221
325492
752577
99457
220479
166571
697941
43787
387020
59001
559018
39323
409332
631008
52136
862808
466082
532086
273501
703553
977416
922037
241700
290386
298008
93295
214580
393791
990747
401758
75458
433821
343602
870617
206612
773600
389160
785443
345508
639231
741616
643166
956205
142452
828415
505821
856917
369439
792456
788631
816950
347978
4817
868471
645514
385095
630447
522703
617971
844662
811106
576493
592997
737059
458575
35910
976113
35276
464278
913871
493806
501696
459215
901547
401030
563554
402150
201407
117658
905485
167120
898913
535059
3601
560617
180014
82886
672284
984556
578234
131779
693941
297166
86306
956155
624161
541559
973118
861643
971752
319262
869171
775721
797489
932416
305893
987818
390218
169468
872969
436973
219524
592590
239704
760872
550843
876902
50975
467789
667188
349924
280947
839128
953183
692339
416387
349240
63419
195007
894534
455447
887385
814036
295827
129416
655352
664404
285839
405260
601807
924053
687808
85633
26218
437717
888640
586408
443500
622554
547982
776529
121203
964842
76607
405221
763416
208676
785170
16336
647893
23162
690144
842569
607106
933004
645874
949247
666488
22881
509805
708065
599190
714692
442984
546954
965154
246969
550366
410952
800775
473819
957439
819080
870268
663315
479777
206495
574854
728311
297748
93047
731348
606716
238482
173588
210695
965466
632661
909506
516757
742971
164227
170205
51651
794270
559109
616957
898383
377871
556725
748220
539376
761723
330101
579940
104565
416818
841885
536186
514698
79166
182796
152353
519066
398554
825952
236333
710734
182865
432512
195909
198515
332277
842134
314420
671993
46648
192090
285772
615511
528554
173386
739895
516428
741967
193526
681051
637825
139676
377527
569641
619467
404750
730944
598851
110092
511336
161740
350152
997817
623879
310711
279101
936373
741283
430057
408857
308828
345828
721005
174829
295709
348190
209439
542510
392319
105195
625156
996000
212420
238244
314740
151329
91882
591867
382066
940624
945294
7928
501212
775512
958380
696462
995389
161308
692609
164826
669696
656321
352593
876663
99200
467858
762821
617408
769914
35156
308140
495267
362468
902632
353122
292894
303511
145366
422286
341466
481319
295036
337669
501920
946643
929810
245324
600316
573848
681368
386490
330925
587104
465119
105916
420549
254487
586993
759027
511587
860319
204319
250360
300619
273753
137893
642175
196383
366500
673147
796249
231997
700450
804859
244947
326388
889141
634857
737596
17251
456906
292900
144196
18800
243787
830760
918656
668066
32440
558910
200906
819676
134096
882241
909958
551735
931369
807436
124799
843258
238815
430853
72367
425912
513385
771969
189853
496391
431687
72467
136225
909400
447447
286388
713603
646008
289928
766544
705538
816738
737829
126059
650288
827646
975763
744174
647034
862778
512918
62866
103302
144836
733645
861352
595317
983137
951550
668674
520776
207021
149580
451585
216606
879664
942405
196989
203995
953944
741400
426762
326565
359257
957540
868077
832904
673822
341419
175515
368122
257322
321253
253866
577976
209680
817073
405975
808015
686859
478886
997427
689270
223291
217544
285418
380760
509181
689878
525425
114544
893285
271489
664332
350030
124122
825015
362617
77494
819791
706012
267004
123431
874714
83354
976904
560249
947762
486735
643399
339296
509002
466725
897350
900685
125700
456000
314688
636915
740692
163344
546501
334887
509682
595589
928199
645600
859579
853602
578369
129758
25893
447851
777925
100456
978781
966136
435296
581677
611199
647084
57451
701388
169777
370111
599153
781615
643869
194934
171704
75282
238920
458293
659630
81634
963988
756139
529778
778240
847950
276843
954683
657828
893237
856219
194665
272094
108808
273029
277606
460728
405834
337547
12153
364792
722454
85751
241319
453186
198680
540592
76102
123994
280495
387721
147103
578054
330718
762164
183743
461137
834345
343188
229722
779756
942994
929072
339037
957488
820272
308419
714703
363519
588456
22704
970146
279432
715851
364242
371164
653864
630604
557874
369501
399342
268060
583698
539788
251447
753060
514598
950562
515128
502110
313890
308051
700762
811281
408302
424788
619136
535143
668151
566093
155044
987692
202655
532829
551199
578277
502036
487044
620935
103819
659326
532786
787122
610403
732370
972329
288153
892475
922692
551505
599705
491586
317209
72984
823442
883204
56026
696579
474610
759938
468964
715734
913548
559594
52701
527644
884898
415672
87681
167316
668674
98409
622426
9592
634635
259479
880462
433195
59089
963766
535122
19966
966870
573161
356733
591198
196665
233847
713374
893611
118997
487632
366301
349851
948663
866861
498836
698932
482136
962397
658686
976124
356346
231689
545124
129805
391562
651396
353857
352169
845845
110813
757654
239719
757777
294810
626737
416285
141385
952665
609614
820916
984317
801046
357110
18151
628819
761721
588153
195481
300331
247544
522523
523091
516368
396586
152971
174746
326730
492522
230670
848617
434768
758628
550395
257168
186138
104767
323487
731049
357781
157223
200512
103730
657648
878709
400127
353100
288596
795006
327639
308815
870448
927157
814082
553672
612978
960829
856634
926928
187473
213456
27677
983370
397639
614085
386281
118008
203036
15361
692263
717178
624222
68093
383845
367973
382125
36015
649563
314428
232050
843800
355439
78094
418096
429609
242068
232619
772467
724563
693389
48388
468580
357226
342928
592286
708862
243700
46661
649203
843355
587348
144494
190117
896744
834702
64672
33760
724408
55926
406639
967627
423412
148090
247208
553002
260911
37256
199543
843923
24919
893405
302633
377546
540615
186412
437388
834300
710010
858663
225843
228756
730075
353132
472406
995838
91000
778511
779798
438582
529364
859840
690973
144268
707931
578137
120740
445558
906288
693511
280334
667409
309026
532818
59250
600374
407678
429642
508470
376117
563966
674320
988374
869169
630239
810430
340420
686360
613648
448244
796522
361020
317702
128
766091
927187
885677
797225
130503
122056
79416
507608
851133
396219
971673
518692
816330
836636
762125
246520
288496
322463
383823
929571
834387
909596
226988
164476
373405
150791
134774
381488
156800
395847
916882
242026
246299
555893
330989
282269
761270
590962
543947
493297
673128
544229
183231
614280
169880
817616
496311
87403
128160
535566
843759
824342
238733
927723
235014
175068
198083
263839
114222
772344
826878
660713
772796
813170
592179
951877
481183
35306
858900
163209
980397
250565
347699
709154
75801
95153
961534
462565
315073
575382
404904
765588
399268
345882
896297
907504
150321
333905
761179
71605
52602
878144
406789
1399
429319
226124
801909
696855
805511
956612
394822
173858
108130
717768
360706
792902
411626
794836
15840
242865
1455
864877
867246
784776
22065
365990
571914
44864
957872
565007
535306
191069
45280
586939
814524
463237
335801
317613
425799
336576
643370
104927
353200
728975
865069
579374
852729
208421
588918
436837
886627
683270
783173
604196
304021
685371
60699
77996
525653
841967
473545
288138
387122
517930
511971
567454
79108
293799
273364
762632
776651
530003
71819
906734
97077
612005
380051
711403
667772
880276
948929
550871
968747
298042
639750
309295
698624
246659
66788
966305
608109
839441
94910
587063
529465
213552
196615
834525
690116
760817
560093
517840
463335
778789
642350
965221
660985
248056
355736
602612
513455
878887
34895
675487
586203
180511
422967
276098
577365
14836
263314
854073
283895
88122
186323
28232
4929
98372
990033
929707
859869
403255
456791
478203
120190
969417
565208
687482
522530
213211
505792
460539
817910
168625
701285
14065
929304
896714
885276
453074
588087
837536
560297
483431
586774
389566
905550
780531
802480
128185
375684
229949
570998
613964
737160
677372
492340
175508
312012
478687
463953
448932
141006
358710
410741
669446
44102
57088
33605
228687
939769
466834
560329
209310
565355
435488
290415
47153
631985
869099
21865
473123
214564
478983
373169
204550
556658
799432
716844
658329
764046
918024
749164
857958
391432
421528
220816
883323
828663
428865
477062
992898
344466
444469
279409
555391
272478
288535
559845
647590
836418
599396
56591
646807
218614
290172
30578
367223
34842
554513
377996
709228
582627
887147
488855
703412
191920
50325
830827
252451
640314
445800
733441
871863
683562
21617
970962
744665
712965
279554
400285
705843
617794
729810
504584
74664
279613
323025
951326
873589
423812
980237
307511
461346
255949
614970
739317
389412
223818
350625
146794
180370
499925
801000
727575
869954
772998
696314
754128
155392
153764
138514
939515
275050
99768
814505
417527
875947
872125
685882
304025
964754
186355
607022
740625
386638
368019
773098
822059
44872
299932
953393
826225
235805
365836
313270
497839
520759
232170
401282
936015
904711
35968
975038
671138
132448
10599
196702
441407
535859
860986
306602
177926
282147
660204
967466
118974
533252
478646
618414
926172
456117
574824
37495
337573
19415
420705
96773
125866
980265
676186
323902
725746
147266
133660
337848
884214
283114
188242
270307
713990
856789
30009
398614
717705
38716
468467
67700
216673
415513
323643
310203
931501
286336
165684
811561
294696
213269
826586
566155
257135
838894
361689
460963
338847
537606
681852
679413
184605
941594
170686
941038
71727
668835
688189
378610
399879
779889
614284
170113
494944
905889
11623
666884
867393
258299
762050
262458
422623
842282
297594
313274
757984
590424
649453
35556
423097
245350
724773
771368
137272
609349
776879
94258
209822
819444
873226
428657
702116
352214
452475
923587
361694
936175
573693
417407
788477
427707
580694
617886
314671
652971
559045
179142
676065
630461
338776
452533
521892
650486
753370
296198
385837
917503
256552
105699
439159
634905
854565
444552
528643
912703
600131
34031
365311
462295
124226
761438
671557
616020
694902
788169
755450
220523
689600
255972
271831
231919
171487
828682
760964
624139
243039
906051
154720
81756
430639
129973
76254
464745
364560
210346
995849
694911
855018
635258
136807
140205
211001
751253
213180
352153
774308
103919
416998
722238
317166
862408
673573
533699
83845
897943
507197
391352
833400
137683
548660
704367
400582
497373
848310
181621
612817
959117
810457
397484
601970
651095
553594
232710
809126
753497
295494
424608
395365
189509
604437
341177
730515
383462
381488
120845
719248
589456
414323
593810
604522
565609
718478
155598
248242
888461
865893
411283
446892
512739
818584
616857
96287
955962
651613
292790
667853
699934
640200
556924
435325
394045
760300
950639
230196
469169
231772
519777
852354
431594
342603
352812
315320
942201
889617
269516
788343
133307
741518
619926
459683
4128
369385
582297
333239
43031
955314
561488
72243
581592
810662
530048
684016
907213
214608
847092
140435
392286
693388
383123
237536
79768
214439
597595
254758
92345
773282
651964
860568
788506
726805
382547
46972
596729
947697
935105
278204
392738
294366
625960
88538
601082
787651
624258
669953
236392
46435
280285
282358
339552
722980
942455
590765
382798
96812
328498
669688
696923
324004
302899
576091
757086
930142
188573
91514
721058
203027
712038
133875
930640
234437
726674
191689
633721
442307
893524
475317
950402
740299
97214
271713
254445
370697
248736
642991
795072
481278
661829
256435
445332
814396
785478
750914
849723
134670
748617
15522
922959
84020
372890
517152
185619
314827
4644
892929
863177
615435
177675
896080
333584
986731
19753
245206
449974
493215
262436
810600
458082
45505
391337
130906
429655
289038
905735
679186
159910
180423
871210
877943
130803
500087
130418
222151
439329
645461
783343
782216
627805
512255
659579
74646
724740
630502
748725
862299
642162
668617
18773
453725
660456
710490
167857
444210
587737
433660
128331
576974
642065
397742
971476
487293
567107
604865
259010
729388
674093
630853
692553
407201
572330
768898
62008
477643
864532
508322
87155
899123
47891
832940
806153
235282
451015
761067
875441
91261
289806
758061
764518
980476
340082
670247
502620
977528
693554
926966
254749
948242
28395
504384
990405
279632
879395
285305
742358
346226
345970
721602
308217
307171
125454
438699
936082
2443
113969
98585
494846
319617
875881
547139
830764
232926
269756
549078
19349
432173
604213
802425
876121
189246
436367
669418
211000
169241
871869
311623
106921
909776
73364
413161
705882
223854
575702
433195
362757
416011
731740
171336
712556
594817
82015
321890
130545
409593
631523
414943
294932
487838
1216
105390
68809
271540
872974
268968
428469
845185
760428
686545
988421
719273
373421
397245
873899
702552
855072
856911
508598
455064
4445
533517
849602
188388
617584
457737
880529
62619
724135
972076
855186
298502
796858
934657
507319
332250
496796
330256
301195
180132
394554
81470
195009
565746
875233
971263
943589
498272
65468
521210
702195
247682
391162
639416
505990
121643
493902
670343
827753
670488
400464
751089
982794
79100
706241
355796
206989
182313
718828
554014
460988
806872
824167
537511
646811
283605
488313
977643
310105
534602
702485
56418
118499
156581
699973
168894
234067
442601
591202
853121
785735
752783
696703
177272
89420
778582
98278
211991
544952
515054
852346
735602
138454
926333
246972
617686
221180
606923
841385
771778
812153
517713
230591
590853
984683
656793
908512
825077
196205
993873
918736
219721
848877
200498
234649
900180
306459
754760
185358
383967
593277
258141
908332
722593
674335
984710
30363
341661
771880
978249
592852
683480
859336
845225
311454
293302
299214
521744
122481
470449
380822
145433
25467
234548
124320
522295
514688
630234
672443
969093
228956
251838
68831
216298
504164
695102
245915
59240
71083
423313
10275
643522
754016
548482
481675
626376
162197
294793
957073
717248
837722
852804
486996
151027
550024
925079
564323
264529
636698
952733
852209
250561
586485
463177
280996
522057
408648
870366
434956
408599
60558
104263
226289
32426
266928
524308
335365
225056
662728
680977
869176
388316
367169
949381
414954
102547
120538
413892
11260
856244
392329
388273
28223
458674
478076
196180
890958
434031
573754
81940
854200
877702
807528
78033
740053
892469
210088
23456
627706
63462
184732
268772
215239
31704
782024
474757
111197
962542
84566
673872
40429
366228
732147
826923
163756
810698
84310
306931
675362
962895
165984
360884
64802
447786
457886
671812
989588
362647
668140
891260
957742
453965
8053
170708
833537
530600
632277
457882
411952
161976
654303
986767
80891
332197
956986
692446
954553
722493
396582
840954
846820
492060
666205
685907
134094
444663
804500
406260
251058
153669
458336
184700
428901
175242
975094
78134
129644
793281
246859
950168
881511
988709
332826
559509
785066
338524
833220
512991
439788
100993
947473
912508
149848
258764
969108
924804
869825
186592
977901
231157
962355
314929
357480
744946
710052
691089
732611
364831
638410
770261
67853
253649
714310
246888
788330
425654
290813
764204
981299
123713
595848
281096
228346
111695
160833
535506
387627
526619
825534
610458
259662
433434
359130
558993
767400
789109
983022
48085
695170
7585
686687
722586
891393
541852
344465
354230
460340
20933
568762
730313
57389
890328
360465
446918
437894
632134
330724
515299
918597
601325
335241
304857
662170
894009
99692
107416
266437
812054
675016
383243
759508
65553
29425
639683
397322
157322
890125
291970
712028
462168
243875
734055
855444
499193
737803
599345
630488
959156
166341
766449
733510
455886
351974
135952
212854
696869
620590
675834
730273
572843
626548
143206
995295
270915
233666
39172
650956
47153
337981
796482
100036
16641
567677
998650
169678
801016
850235
556987
966549
794926
768872
260338
865105
165008
995482
698484
553861
636017
160929
45803
306081
423944
658744
978844
152199
47498
584983
498001
475371
777061
693414
50727
706771
405654
250252
960758
28414
221095
972964
503448
911777
27721
896529
197656
864332
147337
158504
490361
697132
362098
870220
546976
341545
12480
961688
220575
823215
58940
545588
787550
181322
134393
289034
617384
786411
553257
959251
88208
139272
641436
678859
567998
701919
519895
482499
276825
489626
194573
887637
683474
513166
139453
166705
322251
912477
520487
882134
127203
260796
897388
349341
34400
265807
505921
444399
806391
597297
881743
809495
639034
836559
496555
769906
403486
527476
809197
578947
728168
301151
506031
986275
297972
989648
210148
179221
986914
43682
793554
15928
682782
300177
556461
213846
870601
304733
66578
513049
702409
907784
986908
839708
914346
690937
210343
966047
928495
598403
145119
370773
888378
967231
208835
195928
390995
707413
572220
341436
456280
626522
328596
346945
166977
549971
175573
591330
576911
75864
455551
149898
888337
492244
311013
545254
452499
588585
395684
864278
903203
445104
85761
957
508033
861278
367198
632311
779682
537218
110169
749482
330849
95146
797185
10869
757123
689958
633910
520262
731877
679652
230620
351496
116164
849594
777275
12473
651689
988995
944183
557017
218543
615776
266215
531070
566706
403616
542739
381573
131478
102906
74255
926691
802801
734007
428014
719961
969174
36141
317669
630214
853887
824933
711742
560022
157526
977374
356661
396440
268448
652267
813235
102510
215303
479223
309220
229725
853826
144745
196727
834948
490595
399970
781234
580650
119997
293091
343151
714544
64943
565836
704246
149349
647185
406847
700984
147704
314171
172131
628902
196552
991725
94085
154156
170840
356766
71192
358286
414430
508068
691613
741469
634490
564220
794974
794709
218308
283895
619988
302486
506302
781890
340840
152381
16105
77328
504342
42655
677555
297446
663342
275810
261069
860162
379381
784823
541979
643881
948072
302135
686789
871564
760864
15385
357227
568790
533201
359630
589877
526997
697772
918330
566536
94594
5093
640078
189716
599662
637198
59782
609930
578379
44706
503420
105835
689557
323551
937960
164988
514779
149514
621621
302870
884398
173206
694656
777689
417765
692575
185583
703361
155017
216081
696428
191760
298788
935142
28605
417771
380769
671564
379842
40129
459616
120740
43594
994662
827161
868839
255825
134654
225194
652067
378906
191636
81342
458403
808421
581450
83932
809325
549646
537067
201289
31653
677954
641308
28955
530511
339678
686258
411292
305138
571430
627101
3479
616151
953630
333889
46978
450033
675017
876453
229575
899030
861819
337476
743345
270571
190557
395393
270512
622879
748029
904504
445897
547598
809807
608880
212956
320389
75077
159340
742547
717221
719238
906016
394469
653344
478989
279553
641092
600737
557665
503669
821097
337672
854125
778090
782073
675731
322427
850755
191380
205080
899985
435500
599867
629294
915880
129614
411163
46700
389
867038
228986
412873
293623
341008
576125
772579
361196
175082
717395
352731
680047
62707
510722
549021
77314
770250
550284
955325
406547
511954
78333
757693
584159
193355
501268
439019
429344
337468
92620
112551
585652
333580
649158
68418
958476
310833
805972
7683
561677
816064
209700
72131
918534
852450
181511
417720
807375
381607
967005
961870
602298
354548
608159
565297
212729
637144
509065
676392
791308
76349
779362
490715
779300
404602
528745
701877
124633
187525
935774
216996
561605
832966
963434
957821
440123
631814
629163
796349
532263
54150
183008
23275
656068
527213
246062
910809
401524
925721
196301
835656
446975
394262
644114
513835
504427
47724
727641
262980
23347
511506
740686
855403
397800
64449
246296
591149
845025
64868
230627
726161
398816
44651
913929
719414
562627
146495
607005
917464
45219
599568
51731
868785
89933
956618
41551
124668
455643
450085
827209
580820
525294
710620
326553
485244
889097
466869
170980
566136
591821
759807
613411
799448
667661
516634
862733
854548
653645
55472
315169
353427
806748
415042
186450
800006
634763
793501
362126
40753
650953
409387
699821
280138
381532
333861
716915
277370
729598
112486
91905
654592
211154
807131
354847
914805
924865
829463
842526
818346
331894
386243
234157
75437
860850
196722
630715
327915
208844
835283
368515
797359
284233
120000
878585
989832
824468
410803
969103
251081
478042
593048
881316
149866
318340
813565
198410
723084
399698
158821
923314
11930
36369
184444
842486
755211
51832
940262
348355
411715
486949
11121
985441
770265
332719
350696
723809
487412
8999
842057
339234
20558
610288
610190
793855
98331
930872
918823
430809
982594
842898
183497
311804
211594
16626
452064
430768
728528
338180
129568
63391
132468
594089
586745
859549
593172
883343
788521
709785
717424
297323
817323
754271
149357
500630
454861
563336
873013
101185
824479
579903
572283
772695
38151
353264
611996
272622
539698
346063
225185
102312
461093
353281
734689
769388
868914
470763
424132
861244
486853
155478
713122
63796
362590
653116
691273
819038
59097
669746
569565
370676
772969
404209
479578
568755
143075
553858
225270
820120
571574
156038
237985
714490
109497
750623
426606
565507
345373
628159
319179
895372
316097
10123
392108
114516
463973
3947
757511
889949
133046
354801
646264
408164
636807
137827
864452
999291
907489
372198
312442
539844
769073
925705
641781
92684
753247
366188
328063
488961
158784
222988
742416
488146
165729
115436
320628
208738
542724
17632
786570
597800
292583
225977
33512
182181
859839
59656
196252
210563
506052
129489
916046
32071
159846
734094
500609
902131
10781
167580
144376
979771
983454
725958
830453
67489
83561
457325
122908
227695
833919
808465
225975
188689
174065
158142
421971
154188
57748
899797
786887
404255
176081
329142
359636
891444
865305
917959
755688
718147
447285
746532
987837
832004
268731
712739
793311
597646
68252
475970
669834
961617
501851
783663
629297
455277
637784
849076
987483
38317
921546
824958
142056
206179
777292
36488
201330
470880
126542
104489
970703
992144
246764
192758
506930
698928
270747
551957
906161
686830
478912
332703
749153
511452
560987
529265
517853
530383
474912
58128
909094
614746
329382
39030
94372
141090
486712
889981
285067
778270
457674
323879
908889
366446
487430
103624
581435
293780
130691
964816
768335
835411
483479
718905
416900
727011
664451
843017
141342
63821
654093
531460
160342
658665
794027
831858
74654
282482
468699
172488
311298
633347
53968
525366
298218
210545
180486
922380
841596
675140
643318
452874
702238
468370
673253
105346
608345
939706
116312
427180
683033
328058
587874
675846
224465
726638
504221
661414
8507
492134
385783
193950
341885
539106
327396
173130
395687
735084
330481
739256
851289
391442
71993
564725
386818
722751
650800
598960
168515
568181
267740
48462
69554
837930
455140
853641
566522
803836
799809
396741
638495
834641
433681
570609
824415
878799
180618
114838
641588
647413
791755
192191
435382
611988
588558
325189
434718
633838
882106
272758
207654
567593
718742
423266
3212
415536
477975
393601
382260
677863
691674
914436
922541
228872
478765
881015
779660
213023
408391
726287
792756
868510
630104
928534
252856
84382
472315
758128
465623
396467
907657
874248
523430
300842
289287
570077
951755
671073
803583
353699
365541
108036
848172
404951
86857
594528
392654
185890
279528
451429
870110
681513
949580
922301
280540
133679
95873
660227
704900
604456
574224
574113
915870
235931
635494
253451
312373
952562
909716
26962
955103
418017
556272
433830
142715
581489
493464
719275
103738
957480
153558
189942
175315
64407
192799
353636
759322
104320
852854
130903
906027
231905
163566
964878
126400
613345
533964
588640
794595
508054
117195
92501
625853
898481
206905
266209
53388
16967
325758
784510
460275
389116
469564
824485
852907
589454
114066
204200
573975
503099
681147
533487
763254
92816
238420
800781
84850
914512
7547
546046
251477
950397
935763
647231
238683
230406
376611
683530
270882
481676
88670
546285
614206
565202
824573
313862
320745
98562
792777
647901
236631
428950
360053
381214
573672
537193
678503
636657
669239
667611
38423
295096
90191
539930
910736
393060
848766
213140
864148
92084
576705
827254
796061
76748
929118
978719
344509
915374
404369
846886
960998
618775
89822
946820
467910
364088
57605
592032
259147
186831
589652
781942
620164
115682
470806
546083
310695
315096
680681
940751
515567
525812
962414
322295
652574
775215
729049
72661
977824
307952
819623
352175
803984
631082
473968
687801
994259
359570
604370
30504
815330
687868
599629
883605
282662
837265
845741
275209
918780
491119
656098
961451
772504
28893
502763
246851
259205
939753
604145
932778
530570
302496
393712
163920
661353
42858
985296
588522
455937
44223
757330
538230
153171
758154
168037
771500
654561
350552
461401
692931
719474
215421
457643
512604
660723
673732
404478
742351
927800
510288
687979
102353
930015
70547
995439
679679
298453
544362
428291
602825
30002
717332
294537
587646
941248
365326
862690
637359
445273
279500
472604
128067
484334
283861
616073
631639
470180
949244
456107
953103
453848
404918
328203
613694
458627
665821
171176
848494
496633
671744
793165
552716
445324
339940
966908
925811
545613
192412
194438
569619
137458
660480
150012
636478
187795
109645
166336
277135
358991
431705
588084
488631
30924
707633
310612
461797
856859
874769
810144
921489
409913
349375
640433
16998
21809
138692
701165
286666
746527
144520
271126
854027
713553
396233
987772
446503
674758
804087
712467
325816
328792
342256
219423
112186
623413
122195
476556
392826
141577
163779
326106
605917
11640
653626
314293
293771
50055
523207
754658
167670
915226
803301
650390
329162
739928
167930
165793
384435
452586
800681
708551
997958
280611
641684
361775
266445
931834
55409
893749
781938
326002
471752
90394
782726
438362
474502
628507
949679
187824
51905
73311
412652
490657
891145
362057
833031
386988
572967
199662
610518
505956
796981
632160
354925
769172
404313
59177
407139
914557
352095
355028
47935
626362
713779
414052
143936
456389
947768
962856
377606
647890
711367
117798
760928
661529
846663
384117
90099
159729
818981
494247
818627
752472
821552
177634
577953
255951
885780
323536
526705
287650
626738
528620
771735
831685
966680
75645
262718
760154
817634
184928
522884
180688
760492
154493
300742
537637
344498
771932
525891
760459
94535
215760
484847
651945
618734
87121
319063
831736
517081
151080
100331
195598
828603
370947
31533
447736
561868
973032
263157
811519
537241
47878
552542
37645
757381
171239
856273
690026
762912
371842
816364
112927
914273
903982
423118
874683
576707
419696
382273
281331
141562
485493
189317
696612
370833
223643
663797
102197
663842
33385
308248
674392
783345
511648
242119
860143
896293
454121
180854
762187
955427
188013
586848
485903
304264
468356
677203
541683
71491
392837
476949
454245
563726
647548
901426
647753
492999
173113
806371
305761
370479
861637
720285
873928
192446
311216
756467
130905
814752
821766
247272
737517
159568
751904
74709
843584
347344
407894
752435
654645
805186
727378
752390
912112
857318
391295
139367
241121
605873
512545
563628
794593
266246
934591
435829
120244
92883
709947
180822
354798
808843
840770
729820
924979
758715
563230
843454
164631
601356
964008
249186
646948
76500
499419
986312
431161
599704
779589
608151
874447
549538
597271
241154
810455
13563
631579
511319
89407
392966
369156
478564
965588
485945
313121
648838
601026
344568
278828
813391
569782
877392
464447
770707
379172
496460
142886
489168
912228
767416
202511
143287
450744
219248
286238
767899
60329
913443
294429
643125
716110
497770
271953
584785
413038
309311
875560
657945
304317
920155
325838
670780
32579
407280
534750
265403
935450
218176
311861
629648
465942
492568
280547
781499
234367
39213
96955
204202
966521
889809
156682
25668
412805
800210
90340
541010
525024
161840
576601
461066
819401
83320
681031
782842
153376
789313
115273
643470
929770
579074
893581
690494
421809
193039
427012
184982
717896
902254
175474
888227
596269
639322
236709
354807
767815
847956
795906
216666
886478
219936
278075
35661
813193
252643
270684
687483
712691
421335
829381
278911
933239
191784
979314
763724
192347
850926
164406
742781
659897
55496
398087
766394
561703
525009
649138
620227
784376
986498
328239
620764
107804
395620
517967
789525
127714
841136
340370
507125
222430
228420
26389
334979
509414
578308
953192
943472
381238
213835
747198
91108
969971
190285
673597
780451
886733
184459
429238
559452
533245
612657
121390
218574
240942
474255
66971
105560
856440
119538
608810
904539
740103
263455
339197
40397
821530
605675
989874
205405
230183
791610
440414
859838
313756
641682
606234
471251
942401
12635
612083
417205
862586
100469
975493
354852
855976
16758
658914
401863
364334
863871
326251
60897
197264
151353
302209
109139
978616
595697
702870
420232
924243
128718
104669
641728
212376
824875
646560
57404
414569
679381
504559
882755
488722
657634
917238
263824
781742
342956
669608
899929
738664
725289
535128
646779
990943
504296
614758
790855
822691
170794
201686
86499
784924
290331
84156
351326
116555
715756
733843
861460
692903
521550
81326
718138
176873
403404
405510
87623
768612
730373
165809
71680
667147
31365
915124
749982
122007
17088
301295
934045
389440
224874
299639
328291
92840
369333
688513
388363
589655
84776
844665
178254
357601
198745
188082
146126
851812
442439
9528
95934
520942
275926
837186
729200
263227
662503
601604
410748
498395
115284
66144
261642
38898
728389
646844
932349
477978
76210
592111
863804
112547
709557
32980
941726
120122
445706
287041
27186
151335
643751
366738
717864
684400
489394
232990
276959
187867
810723
333708
597451
432465
865208
192190
659330
579742
658447
497514
264548
906837
800803
310858
22821
703057
955237
56298
768505
894358
219126
493343
116314
556821
735743
227670
487609
980942
451694
528906
123071
849296
9805
412303
142526
623324
240512
437900
610873
96296
697691
369734
193100
753535
273310
629142
952441
837125
784526
715325
963473
674648
522865
735438
690620
450259
851621
198793
736933
422572
803037
886024
769412
481021
884281
536659
315081
529504
297793
60046
195234
318195
992831
855890
374761
886011
311606
104280
35181
766308
619138
943249
418460
158694
431373
624660
773130
101188
390891
539631
554272
934382
295892
568926
60771
970759
686139
901914
255648
95809
774159
318408
747058
660067
394509
940050
129519
385260
69696
357587
399925
391698
147287
575788
694924
693667
438689
546868
727352
776333
520551
337740
752286
474617
981605
41424
47440
960081
681191
240681
531255
837794
848573
171583
529884
320221
593306
269772
514771
861432
856143
671884
275396
763122
466207
419920
261399
901811
940222
848818
382652
197393
319403
25379
873108
982255
805223
272352
104959
433344
675985
190851
650755
960297
521375
389366
40021
951237
704379
549314
118792
723074
35383
342917
537103
520296
654383
937986
398576
112890
589178
312019
628488
539765
529356
372153
332853
985141
572331
117140
118243
642743
910732
378606
536950
637369
641226
823537
519377
585790
460802
919993
119105
723118
368205
108292
287690
410201
776923
197766
611979
57884
753064
721306
957712
426588
688222
852050
571124
937519
840456
876719
922865
71707
190893
56556
573446
908022
1169
676981
837316
454508
626628
814773
314868
876255
114981
591949
787368
975337
222519
52384
810397
885885
877533
204555
511434
332907
647477
355634
790727
185410
345999
899509
294365
218063
835721
908034
190054
282436
565768
414852
712289
124469
567701
545274
620372
554939
479953
760738
712094
991163
473558
4435
573656
762369
852204
667114
621991
599621
922469
989212
767778
210448
192214
360747
194714
350136
734642
726644
826698
382215
800068
92325
367900
627834
205705
68683
565270
702053
687463
298441
147359
819700
756878
299941
989938
986892
865578
30076
693982
308495
780418
506582
735671
566975
605424
248404
664925
598970
449533
523590
984934
840163
678680
938841
430635
616801
901043
683309
92396
25985
177211
57285
393377
28663
94962
771928
164190
143106
360042
981508
295969
668845
291680
925858
339451
966769
66738
715764
327641
703352
359422
412155
821487
685052
182233
842598
680256
901134
366121
420388
427724
796019
784288
8666
571286
148777
303189
815728
426896
637383
763392
629638
492133
461506
86098
811589
114979
606092
848495
353168
633988
796630
138505
756440
698583
84022
572058
444366
787152
783076
991102
201012
346024
299999
391082
591501
942642
474605
773069
179315
83132
531391
385857
636295
319198
380018
621678
643842
620258
189426
991612
408170
654991
493497
538226
391585
178196
439157
635888
811416
189774
709448
69253
336480
894198
222441
858286
206945
677098
970856
750572
434403
247510
468942
740800
186890
117759
330978
543878
467039
58860
679177
785772
663240
199025
633029
986317
879322
652953
907102
646382
688069
540783
368286
212755
212014
961257
266677
747903
594394
653490
575037
949511
99077
513747
60312
416466
55123
910781
344182
622640
527646
973749
160307
494291
974446
408412
576413
260974
900422
904602
305555
807016
711899
809639
135368
373757
412000
502198
213799
841714
223036
356286
252753
176370
88349
513893
975298
789642
373414
734603
892881
812734
740676
596721
45398
261702
336862
165701
873510
727272
264235
684683
442809
574323
821021
372137
318125
637653
897787
477711
127523
968090
309964
289089
318535
643009
816239
763138
650350
421181
145224
984415
562200
375493
145045
170133
263828
233304
225438
109919
902339
34257
375243
771809
219700
238562
627023
887210
749423
334192
208770
415081
159373
140619
559501
319984
640132
356232
11326
106845
31489
260733
848636
65066
36462
542105
187732
342483
987603
661213
946225
233568
779288
857915
29291
600206
285417
929801
880886
997150
858610
593762
716027
233977
852618
456026
241668
772862
42924
875099
765584
256938
284127
533345
330886
867043
656696
852750
447751
216161
661430
362
583196
318521
471179
751995
536014
332168
433018
562301
2645
462264
477979
901375
317480
275186
79228
369306
991859
836128
597794
367118
329383
963229
571373
918906
245099
253436
813401
4600
737968
887282
53088
892883
700706
887265
916413
783078
170938
952705
967052
426322
671344
602605
544718
644891
381838
914376
57352
760864
269792
201034
625482
162997
558024
372203
282893
348062
359725
437482
622070
277547
195796
55930
353335
560683
543431
862218
93269
18766
19185
906223
458052
496219
446028
43313
185454
497418
388785
993263
387346
184639
219534
566447
2633
708387
104438
20742
783205
770849
377491
600032
590578
632314
137270
742957
518110
151814
410191
354857
933749
702024
18040
173638
305604
673388
512427
832439
598175
957471
916052
933915
233727
104459
607042
307844
864195
301614
877879
304740
806743
378262
45278
554196
896370
771835
965404
77184
725689
429624
172415
711985
668225
213224
136403
924216
819122
294553
395283
542260
865798
108848
937213
925185
42033
762329
191486
110845
476699
875560
117965
811576
627080
861969
453396
846135
524697
391360
841928
58341
723308
644630
384729
626391
179166
914562
7813
640570
107184
738423
861768
448732
83463
603663
335534
406739
336205
518588
174088
703566
926134
16486
767421
578422
938333
94247
880504
386688
853132
457247
864255
553938
706971
422132
991140
955599
138479
520553
733076
203905
321060
36058
208780
341602
352069
283345
212204
788743
83576
791305
498980
520810
205623
576061
107338
149010
674232
878763
573198
551841
456879
92714
620293
690106
927209
512421
237793
186764
703001
579827
365378
99584
870320
710420
323109
478075
118245
120907
443322
240208
722132
532947
362388
81541
470531
971263
364090
621632
892223
154289
456794
683215
66021
975926
183069
476369
89660
654845
599574
60611
509952
352178
754324
968491
508986
685052
92758
519962
380554
801167
162078
712994
591879
789934
992094
167381
111613
44801
422159
913845
497109
171150
682657
606461
743570
992215
319693
791691
350775
10129
978694
390568
165127
796924
268685
893174
713892
389219
42084
712501
274841
524146
293466
747057
610227
734063
635205
263436
257226
744215
861454
632867
291357
669654
335654
262240
509787
751457
950807
186204
75646
451828
818997
491886
612818
54627
329011
898965
646164
768671
416209
46654
460405
995464
79603
864178
416894
842217
848910
898270
831949
165268
486075
64576
217789
96667
298286
479020
827556
875944
144512
560569
740021
942394
74023
805962
998470
458365
753544
222588
274093
689092
423843
597673
950723
672613
690285
161175
697418
580657
483195
599041
175083
577550
439194
317247
281752
726067
307643
603732
697552
251520
328075
981140
143488
539448
607137
200048
314951
554716
561169
410208
46418
179749
929374
879851
712294
198237
340492
171478
394429
655834
482898
778471
699207
847064
613166
583892
25425
300978
234451
823309
745283
434749
615870
568995
701444
199233
347302
396755
123320
137941
973202
52147
406889
69846
819716
442936
675331
23875
460435
377122
777401
253432
832662
269700
43206
579397
129404
42996
903630
776107
456825
115147
107235
572402
871451
459353
499171
661226
942331
78952
573566
875644
872206
928811
695701
981419
304091
353924
545278
769773
274439
858287
818404
974752
870284
407438
912523
470571
760648
361489
695410
320242
70578
84673
86865
509685
755047
318506
522818
31814
200482
640803
434428
816805
492363
662459
375866
133178
437606
567682
607930
258797
628588
240433
295521
695909
742967
978999
799419
214940
357590
352481
496993
66012
612481
366436
995251
345368
185062
931146
652485
579945
964129
163255
906839
556708
599563
976407
809979
598996
545065
535783
171867
802777
161798
262620
431187
509916
715611
434227
325050
104429
152490
300630
201470
603452
620074
363240
212525
273777
654172
312494
250448
166440
288124
937561
93618
865996
837651
812916
747454
861007
319529
802278
102598
712003
45784
578021
611040
755096
72956
448952
657771
766579
132551
311462
396335
220839
737137
646912
81123
677458
475788
988936
544200
401623
82933
795005
121970
362163
48038
123908
813094
784638
886505
870388
26719
409984
330087
691966
670379
544622
488223
681912
873394
44864
257586
426436
460311
889328
172058
148065
889015
251984
466875
287118
702735
920264
546130
951958
373178
96107
886282
487677
836951
920950
542893
376261
529673
836772
725176
197597
261144
447793
403847
885223
6133
566889
329199
761956
12634
896747
120106
491135
201104
766975
430317
144371
995082
868497
476886
144793
77679
410058
797569
882066
603765
649162
428858
246221
605288
653764
474252
534581
819211
57973
878712
273722
525141
873090
606146
832379
881756
421421
153061
85709
829648
244787
204454
574763
387357
89798
58693
312826
272052
481634
256464
898103
443684
228238
358099
579327
549858
893681
728554
176250
546791
810383
963831
731493
854584
266014
71214
995067
269889
624329
507341
977600
152859
520704
963113
689194
509485
424826
361572
54764
735854
237384
529083
397536
758920
270423
162812
964368
107992
608258
913236
758048
576914
686546
544518
179164
64578
769171
58744
497690
658989
132244
241384
907148
556182
540922
533756
174884
223964
259393
345206
182244
421185
436113
503302
872449
908037
894905
647993
522163
644784
542858
760272
118044
54895
554130
292779
909202
925782
257396
370148
712971
494340
202721
520441
996452
639972
558389
449761
41486
466192
218992
712383
883349
567760
121679
655860
52558
542527
499654
27727
513117
471630
96221
201120
344160
950946
40612
373610
500220
200281
213140
880886
459330
125930
116548
123460
356413
197034
615492
249757
728474
686827
496986
34436
212148
572351
827351
636554
214588
170202
631636
938113
22914
198357
437966
861000
700770
920591
493276
941381
248333
812462
654281
635442
959923
560131
833810
561038
740938
374796
473661
700403
413758
180179
460179
890503
57397
412915
404349
825804
419198
367098
442487
612051
278869
820778
878515
125518
529301
85530
407628
422850
693883
190778
171493
270235
920274
403764
459166
931801
506497
90989
149938
364329
879789
334762
822640
795150
888204
310736
445332
640126
770119
601732
889730
983497
528075
285489
945822
194420
126317
640295
7562
910372
534391
489504
104445
637110
793364
553055
258173
487980
782355
215730
613049
804097
868315
384342
645957
41693
142380
594425
70450
778276
666253
642458
843593
404520
62552
757388
165476
125951
981150
830298
810282
439856
763704
628549
958373
656647
130603
336617
97282
324936
880759
843582
922916
353344
58045
630201
260581
817526
195530
638418
857386
215297
559620
740705
37473
488051
322543
429858
31258
966451
507357
141207
793919
477033
197360
566093
377713
306642
22157
141686
565697
747187
852383
77301
627784
556650
694469
33081
209828
431391
685401
552385
264783
137242
738974
331901
407645
367215
81413
4949
679058
935956
264540
925123
549917
608595
158740
356571
229301
971226
270317
43435
324687
503664
961600
188989
604793
889154
580969
792697
16854
67355
737102
526887
552502
591091
102929
446867
760274
145758
225038
199881
300321
51877
26833
754432
521753
539762
551447
572307
987909
343396
619519
499306
171455
339715
78094
325623
478283
465037
820187
460444
941584
232495
59933
766442
711604
75343
442383
157253
893074
830470
710909
472611
291547
808683
341743
245171
391942
264011
157871
477786
67829
720884
104951
530072
912230
196336
635452
722826
841298
476688
563857
843464
207782
862110
624954
242350
21979
976628
261518
345912
946164
905642
507271
740999
12499
40938
33770
542656
810105
604640
291277
502164
38553
822734
137674
933210
884503
628028
538815
881239
695074
335308
349374
507296
442090
471468
985240
215
456192
750756
9985
896849
756618
840463
228320
739288
345887
482598
198390
727564
916485
379448
125032
13476
688388
515574
61162
433938
353894
867882
475978
153029
855246
378696
928470
135304
910259
481437
340396
156423
743671
80612
402716
726450
925864
820216
298491
48058
447506
222243
9991
564153
173822
355476
957106
842030
70284
576943
993421
32101
11112
627647
308370
905461
157804
215047
264398
937635
252754
106998
145641
96485
960980
262136
798099
267009
439842
861353
812813
696082
650687
469028
634641
489068
994681
55802
86304
719959
362883
851966
173222
541432
761777
446909
349131
160014
370126
928268
21208
302487
82973
1401
981508
329619
971755
436323
885787
791520
485645
634022
860938
788484
142972
887534
407753
974986
226185
29357
172837
855491
681086
479783
42857
586285
779859
522538
204712
161394
163402
592284
188842
725831
52136
816045
517169
963445
170704
343659
145446
609013
755517
282931
547237
386675
378843
439557
181986
814709
299395
299825
210614
939733
799954
415214
384074
143594
337636
309258
470878
938437
724722
810363
749367
885335
325829
97747
734371
482096
430102
81170
33386
231970
947333
308501
638099
349188
35761
925613
325584
485778
883258
81355
885767
353586
631889
634647
641469
476881
703032
214943
573985
893036
365147
596140
864563
345579
76299
167153
663247
46311
383059
578141
423770
348877
948665
962703
676360
456986
935187
255401
538119
148102
105090
189693
194059
192701
846096
120805
782711
328072
526050
681519
335845
864587
251097
116148
170066
603687
641099
171018
411433
482495
909273
623503
875818
252504
439341
868710
337399
368858
408787
516094
153147
689395
824688
850958
346423
205147
659555
433629
960682
821490
227190
131645
847389
542597
680768
486616
172616
217199
540891
246434
319524
88092
473918
866606
992078
73321
308406
442653
801429
573863
113286
933104
840032
338239
991319
460543
449727
769135
639453
158147
614348
658354
293193
980877
451453
649150
581988
784602
688458
756007
385615
858941
246325
413345
701716
180348
315259
952291
587688
670008
269333
43046
323199
948803
439851
841292
956236
517654
541078
914270
873364
938458
822480
572526
254638
450212
518011
756955
391577
113406
803082
771123
803322
121760
13136
892083
607920
801470
570851
665961
519894
167739
494700
780090
672212
161019
840719
789888
482530
346454
782897
546379
536411
806952
259626
625801
407353
927749
8393
393600
188851
464074
453886
685623
741040
936078
75944
416181
875174
284152
193596
511073
241428
52010
557518
881928
823384
510299
314239
929022
612398
992835
560580
905179
342533
681391
241423
51879
182975
712500
21276
912208
825094
631168
83225
669719
592070
596108
323954
340811
623754
426989
487161
641454
534326
608010
105007
622196
686111
843304
825969
583017
878914
489569
289986
389042
458152
157236
535665
136107
41300
111094
905639
452080
143653
277477
848975
954360
505999
117084
975202
466075
580528
947875
198478
860660
291026
798046
801410
338977
529212
594150
159833
161703
211701
166261
127520
710707
685462
369723
33798
160251
652042
243661
839135
378307
810470
216509
389140
579900
845279
544388
245675
318598
35628
452380
208943
121622
564601
120811
244924
214579
993604
390937
147369
750555
736152
523906
291922
223874
689892
249287
900736
219514
827320
359231
711800
680558
202523
811211
111261
66952
275467
632776
115522
442227
34322
862621
91216
129210
135617
79987
93584
277839
713676
329285
194582
781352
815617
474381
805003
646148
980839
846750
68757
202700
227183
572880
736805
818132
939417
8725
715740
653120
165542
859562
770651
570435
258485
623274
364646
231555
795261
298364
305459
109145
740134
138349
397269
688692
438084
209944
974912
50973
903857
19138
46200
677333
685061
563330
333851
622298
891124
138525
47751
870153
491077
324272
174121
258781
953963
269958
969123
87253
792258
594122
842521
342836
55207
981142
437593
843234
943924
437673
749284
674160
484247
119864
168349
905209
986126
626907
608781
644899
861569
117672
281169
588869
47483
14941
411041
850019
220486
258422
601085
497428
701731
186271
135990
683013
987427
212740
585494
274582
385573
760260
614701
440353
183980
664003
261241
664796
102044
306398
236657
982484
362834
648378
398382
51673
329629
477237
516086
513721
961948
319614
202535
784740
105012
345921
531709
167663
522542
740090
997696
801716
424492
454443
144013
853142
444614
30633
616830
400290
976774
794512
391993
63057
352635
789974
485778
856490
976254
817533
623582
487748
846399
912034
279509
435369
789514
307507
915235
266326
677532
307006
637899
404000
343708
232292
959160
219568
856120
427692
348386
530351
252381
428595
500697
522812
709586
810626
906865
313818
44274
108792
698315
492327
697476
749030
406267
738887
628729
11385
382363
487712
836161
446162
880108
967037
983178
112690
792803
9366
464534
57425
220760
567143
996855
443597
235399
365628
220778
642368
160256
918734
396942
679466
7153
345991
26367
5133
591630
174754
400531
622744
507610
140974
402352
290875
863957
367217
372488
144857
128962
195753
221875
577052
730068
74926
953704
914402
168948
343347
110935
132244
262450
548843
660261
158040
73285
590600
478852
466524
216576
411166
998190
914579
305300
639655
611327
119293
984124
865695
770029
274782
713545
280016
574885
210960
174602
726376
277186
276532
154967
102469
731052
667844
233722
809875
587595
629508
18427
96205
841127
942295
513863
854303
546974
845230
108732
541036
593152
209307
615380
742955
948555
63684
356459
134124
712382
543667
73262
296569
142172
683401
530082
518936
821311
762450
559758
270764
410773
416692
420359
962426
124220
521730
455382
38858
684534
196206
789127
964644
110409
909530
69841
471737
272758
65743
989149
174308
435091
95111
378997
238341
68551
458276
912394
766605
253602
596356
854497
101081
919511
359020
394908
948725
109078
837665
697889
921793
8522
142933
310889
393329
548268
602751
560935
450670
121346
508803
46418
738202
233144
125777
203281
777072
22169
251978
821635
122890
577258
288860
466024
663357
272611
977774
807727
750239
904843
397879
616348
468329
557167
532970
142997
402551
62334
852747
144842
308972
68420
216101
103679
374706
986049
60628
433720
456031
99494
844349
444608
89843
880875
257246
250965
154942
923023
458944
161459
704414
65901
955273
134011
304678
973432
162542
39424
26971
946195
861829
86895
837272
893008
249208
322136
821073
190466
306390
470237
201140
734080
265923
705974
572523
940985
888208
840990
622974
241967
522533
96349
506710
173074
691355
352691
630301
316602
80678
126622
767808
222143
660784
107336
907734
929656
824705
149393
409050
72079
524121
279540
32532
839614
883488
517016
503639
366696
649076
561461
898083
838678
691234
246113
160874
71692
176881
332599
33392
295816
22487
909090
204811
517014
224015
248267
602058
600019
501122
344349
60146
578108
393250
855601
66596
409329
903958
715291
976410
867660
511503
776784
64720
481112
929210
896563
101823
410288
243918
737786
180356
412662
353669
483905
634528
932268
153575
391019
714328
416306
476097
290225
324413
770268
863605
998409
230214
731887
423915
313075
791001
518009
978469
18722
333865
359434
65777
744774
454968
483347
635063
696562
55678
943961
595122
320495
509410
395413
870140
74588
559845
100331
415425
533760
975646
647429
866197
113198
847263
449164
184866
469396
156343
241731
260218
410592
354257
852351
269067
395598
984506
760199
47728
880339
265088
735492
7844
700319
706997
940260
307473
382739
707859
207122
196103
743359
617402
754250
930248
131734
871892
230491
37695
992881
642009
294013
118929
488892
24110
21772
755533
893313
243561
267041
537341
444623
634415
483083
725214
623686
698047
501231
728299
648514
824071
864121
632213
729890
361780
866686
357072
682996
994055
837872
596487
411583
801826
833213
313264
706348
675939
388292
804153
572369
282471
753204
119393
541275
806320
726531
461924
409176
577441
636488
461903
260127
116902
916855
343729
533596
551728
398070
816562
738748
391838
742240
536125
893745
145655
554197
326105
397794
859988
722427
947990
910579
238811
997974
442978
340076
518245
814528
770299
440072
863233
634309
763134
669788
344466
870045
444639
573666
556115
816646
337010
24866
388731
228798
661029
768252
750204
510426
77712
492884
337253
83974
627045
734106
805671
581530
597762
490741
590836
262293
356902
890827
805635
711800
593151
183791
327217
653441
857633
216744
961153
365443
979155
940250
659588
955294
486852
863316
603540
866593
922075
44469
318266
171448
567532
843131
196143
731027
410694
708714
917696
334934
528297
84181
915082
113206
554261
824715
766565
52279
29885
989857
63517
826303
707354
274201
537756
515733
305885
993900
784867
421756
275836
569209
878775
527206
851374
538378
953368
114455
941553
285055
780076
637975
17224
89945
934843
137043
295555
974885
758483
158673
308086
343106
210764
488142
395916
816913
674662
522423
536500
783737
214478
448576
817849
752916
523072
346979
385071
117370
707718
258680
984585
40232
548446
999021
101448
176460
614457
128227
360078
608303
325664
389542
34705
344191
181810
159366
261482
866552
800584
628054
170765
537967
304377
499265
968467
968123
55033
497924
222323
238848
394012
882571
285328
979993
807097
193068
619372
569121
345961
13498
248058
918303
579247
74503
467024
471756
774449
64378
332475
113089
615844
98824
120557
581185
695431
847762
906769
992865
596806
173787
867775
642448
834110
305253
632715
198919
349280
155175
565752
192398
731759
154668
372618
886503
415459
544906
417401
20443
785776
489918
632001
418720
874400
327585
818455
998948
313437
898633
834806
254265
784395
340351
336406
449117
779538
867544
313534
100516
46329
905970
362161
137156
433517
326925
68036
731133
325474
309187
618191
892195
68817
544421
757570
425994
375839
348980
109583
8204
158878
977465
328837
691577
143596
654465
644989
620572
770425
428537
925805
766886
169063
448162
511321
497018
370954
982256
104938
976532
191118
794757
840599
999254
694648
667205
912640
95217
149765
843669
169305
633068
284782
728245
421251
594964
806349
820535
91894
646657
650713
744540
423707
644928
485070
441290
991607
93538
816104
88875
872513
722144
324621
110820
803604
282345
92618
54448
949439
651339
868726
693593
228218
460473
540979
670227
671348
645503
276626
838837
583431
326335
187094
21268
233997
545638
873681
847486
35404
21361
870187
935632
904140
565398
912450
894069
771402
627984
779691
63931
830917
296586
584341
346451
453813
799271
506446
230949
679387
316460
438624
240334
166772
227531
893267
897463
858695
763725
716822
388179
131294
598554
737848
283508
4625
338536
637777
626251
457277
368254
100606
340346
554900
430692
208328
992856
443214
919209
220774
455104
425982
639313
810713
180630
994943
306009
572405
987288
229133
92071
742144
291932
475504
38803
351283
129260
466130
401228
321501
714490
99634
392296
557159
82882
177265
185932
251314
323771
552458
177012
620060
287673
22047
200224
459938
36770
661934
235804
934112
919562
62626
505578
256499
565806
549062
659597
955263
299786
787604
198069
709196
781847
844460
193090
82891
484325
519328
855286
822903
682384
673324
607868
641111
303970
447619
17615
645920
314117
486212
316937
478646
935779
774283
576329
249939
492444
209636
714175
911233
11491
286683
986327
727553
916853
463471
525951
5006
697975
719525
184471
438587
861676
42936
18484
193593
824656
86766
748305
92597
670547
968133
611027
906590
403189
587661
303415
857348
585274
327311
308507
978652
587403
476715
344934
468512
551529
18944
518676
984403
655950
854851
106145
440738
649250
370098
127313
251430
183319
218659
611226
87494
119905
875638
235952
475642
82901
651497
961515
788714
318493
614922
491094
364468
263190
270855
657494
577485
298374
158561
458805
930367
284477
890239
756234
455376
214087
379935
559175
648643
91594
951911
286879
692472
934531
471130
241233
621230
633175
257190
913174
51625
315161
322458
264291
668079
863511
369524
540059
369260
63009
906008
450773
573237
119640
279453
965125
848553
560686
485954
854345
288756
542399
984254
501650
102125
210699
817589
838701
171423
318672
225862
603373
675109
859136
609665
964663
725230
599972
991286
824682
380705
756045
270889
233833
44442
836466
377569
96390
538641
890539
135136
495564
411484
810697
805484
6121
408011
133135
774924
468598
407409
667473
265359
223461
692994
734312
528005
401350
732952
575888
368849
775158
167504
673054
99670
967972
950993
113056
890511
713217
167980
63699
345851
400452
109471
639547
791157
303639
797940
353379
977441
933537
5703
752305
496835
269937
644964
34853
870121
494275
724366
510766
555785
407602
988637
826601
713253
664251
71807
55223
201578
723178
368799
451321
951513
784676
163938
713003
772252
772880
710158
132634
665082
818850
473093
805059
565734
805316
820783
171914
373938
121315
553463
237011
932961
239444
218540
848257
203801
419618
32135
727241
382199
350710
937548
855602
906237
170401
97673
739435
397479
57032
938939
114824
397659
882668
430608
553627
373310
450324
571272
949483
114403
367194
821
769172
607454
397968
745121
424443
132663
492365
599822
890283
916154
424407
168920
820689
41515
216430
318007
429264
906136
846963
211425
249666
557446
797812
906572
375692
778061
110869
362449
353053
831616
628507
454700
210819
413060
222680
997344
884010
756738
698415
410615
945073
526263
237315
549223
76394
237736
628224
738769
246638
504307
316549
715874
25819
898305
928813
929628
272940
48536
599865
249263
727539
61069
120475
327553
332085
450454
874402
540429
188834
270398
386621
380711
336943
459825
42157
93085
340178
883191
987723
394106
702681
791870
599155
486692
141480
719631
911692
228965
949645
802403
281269
805062
413314
938639
559950
851671
304958
130842
241952
169804
592504
994095
29226
548354
328633
229358
635913
72223
702876
107676
81283
433174
644709
472699
850864
969802
99516
217653
588997
70986
875205
566066
223422
856187
607965
3913
930024
192019
240050
242898
437320
703489
832831
611226
744171
504555
686435
746672
193803
452943
372701
9244
147419
786571
185126
664751
871216
183160
338155
396150
107339
301296
418342
951368
923655
639600
718872
645567
388187
585369
299365
72259
137485
822289
828939
384385
916212
867334
799488
592123
545448
13138
650152
753658
204424
115514
789808
813470
343399
770193
606346
154518
624916
653946
899845
871082
862340
896459
523272
512373
739742
116748
225003
511601
449315
346782
428529
387179
429752
377784
97958
62741
314898
429645
64977
314170
781437
432778
326295
401292
468425
33915
423724
935257
148817
520717
396854
404188
824425
741550
622912
82608
956643
973137
280343
223263
588414
823757
823237
199065
157101
778021
2471
355520
953791
881570
874861
691552
82223
457309
722414
613308
447690
831257
367014
516100
694905
569420
687693
183586
435946
50430
967828
682739
392415
47051
770687
406931
695507
967683
850650
99409
934532
670704
139737
45954
638370
74935
693456
748657
748626
287767
813643
348084
261407
677007
375627
41433
315838
469404
628126
466304
984380
138784
511193
697218
558854
886558
394613
423631
885012
829858
513476
822678
564852
931518
507662
185373
543279
77614
382028
714544
991322
227997
637376
250038
746362
380929
367343
420383
164244
237153
249917
726137
970321
861366
351523
678498
984331
478831
593038
90200
398455
986127
869015
714732
307759
619570
586523
791637
979226
699501
233975
852193
189434
284242
883234
505222
453201
541651
905895
644055
907697
885310
610941
347026
975711
101286
783941
713558
182947
961890
441567
509938
153583
288751
652136
999320
625641
22513
236116
311472
554583
846486
873893
410249
602726
108635
921094
625962
482903
253608
211334
985799
433543
593687
334900
936975
714329
195219
93523
174306
221634
39066
860666
279392
136688
702244
850315
412957
541080
101470
637069
57904
455579
99535
384105
123882
872788
967260
919742
646052
939264
376422
124193
506162
748939
601937
680564
193652
817075
134496
257697
593674
947163
517884
434548
943911
452270
285140
332307
950015
609518
783262
469082
103002
848536
940539
629399
32394
153142
23672
994207
657657
327873
599088
510539
506268
490864
885840
38995
390532
544801
283891
136004
187219
131235
871787
998817
247563
85086
92193
76052
590658
307424
776340
100623
178418
531524
334077
940036
845933
577409
294163
25469
791469
734604
746474
71768
769545
533227
744567
992995
996484
523352
359918
307280
238784
988045
475340
418581
148176
737778
804273
384803
910059
486561
77413
113664
482172
511826
635835
411203
661653
356392
49299
476140
153028
336151
200761
595293
784574
981936
884138
484409
752376
922506
443191
943256
262485
28175
927683
102628
175802
642528
376806
735187
833981
505382
387316
290817
976891
447286
111640
44393
712648
664160
43801
394879
522433
206421
532479
159021
272638
489074
346446
798377
11940
755245
217585
493104
94167
219547
16755
191713
425484
670299
285094
613496
857404
132195
635814
872101
176052
529829
332215
505224
884554
218461
970699
318668
141034
454970
893665
162269
81934
602214
901767
851655
506956
39156
276160
208173
46601
66469
190016
999266
991563
28567
206420
434855
180588
805323
579166
888578
905323
585681
276670
304951
395741
101074
711117
196097
694010
555203
957632
935536
949184
384952
683431
893043
627219
653895
543074
706735
963042
764047
28089
36283
322056
593363
999667
438994
599635
343105
732906
453796
330352
246288
983944
696135
305204
128450
712288
457867
288393
173577
211179
709546
843507
815238
766557
621662
900734
296364
11427
182221
464646
156995
435708
848992
620194
422281
516593
834289
517358
620339
708658
765730
644084
519761
816975
431499
973751
338063
605071
549195
483227
267223
379953
819712
823412
139604
103037
756241
582569
533202
689029
55400
866501
729089
10301
343421
822170
414745
162804
891918
99730
297111
463726
603947
132883
720613
938720
855277
848270
521367
994312
851207
281765
840530
434150
719988
611510
243399
525466
500048
412553
742237
400603
688451
700306
293165
399057
741784
708578
466855
727121
619755
748465
799697
304370
106561
677312
573232
23760
11570
605038
84607
153437
139649
168217
799196
212959
124044
942639
453698
848138
184542
492240
567473
390458
850466
407137
167850
559692
180595
192560
486102
274074
195214
949823
255495
877010
897129
201455
756630
968563
627293
140171
460138
813411
308222
228013
415130
476015
756939
812369
375338
740447
453121
73588
458546
258485
113930
608296
868061
497091
339795
708471
985164
858150
569787
594033
955802
377826
104486
76821
728571
964443
161010
839960
768765
291502
757185
916756
746225
588522
215285
691792
317795
384558
487099
755368
51460
412768
122173
519705
854505
59591
189819
832747
115948
324358
798260
360827
567792
966582
354238
1124
32963
703327
430133
898378
510108
230482
901648
808387
942147
101
488399
613921
923920
371724
878033
836064
67019
624016
109890
317097
18610
569455
180209
624065
362458
126289
56447
69521
197229
224610
768051
839058
192082
909072
205483
5332
277546
297635
508653
57452
21365
710131
718748
160952
905877
480971
960518
623568
919723
809177
745562
808267
128350
578382
513463
613931
739322
746840
448991
95206
265780
947833
901898
159954
631116
67012
671639
49388
821323
657716
375965
775172
181356
657641
263648
872201
113751
81984
954848
639725
458824
786061
357771
990708
427726
875448
376786
967519
165488
587377
87448
945711
75562
369489
110343
835544
925909
380943
789245
838404
299748
340315
519524
86912
416522
64986
290592
552903
998778
387647
922977
559657
805382
773506
319896
465368
909737
718208
840837
974799
761824
492271
794927
61280
286386
234236
464237
883672
377361
993731
235682
736528
296793
766698
218950
685203
734709
58907
157470
101799
23713
10652
116110
882426
837833
378892
916805
121322
612176
283516
552854
32049
421998
774567
277223
553004
596593
269264
61762
790342
745508
468087
84169
770053
478733
949047
891846
31473
165071
474303
613856
527004
82288
689899
651946
369171
871669
847550
402646
225632
70570
177982
809351
470008
725502
327980
306052
131272
820234
153951
343816
692183
826610
949180
126646
813143
180708
103892
538729
471566
913598
869978
16106
611484
669580
902719
969083
277992
405871
766828
409808
947627
859353
397083
226973
519576
254772
305427
336074
325799
651490
206654
351812
841021
320735
652840
451437
562554
952451
486998
951347
163486
760932
530881
749054
864920
643225
679598
741891
751853
579801
32043
679798
26754
675713
794856
374684
993350
509172
204015
232126
542846
276381
151809
989818
576046
797072
937487
82931
206689
582990
256914
877160
304470
124199
492999
694242
863559
702842
141194
23495
101334
147800
816142
563532
38359
256967
420471
69512
588340
484706
810900
848483
832257
769822
669564
229101
676189
662311
381508
490507
334593
182632
880090
561676
170280
812074
358529
421081
621723
558420
15849
300171
691352
262352
735850
392599
221278
546254
332701
953764
35352
203426
326679
267390
524387
372681
345859
735266
474814
161353
764507
61369
88333
678518
760899
279650
486538
25616
584642
842792
704137
235146
585053
839251
755430
774950
570578
136282
1485
338939
477486
997430
738725
457625
833291
405969
576858
841603
601258
568605
452741
315675
603048
958978
6267
785691
766048
662383
95919
52351
791454
177042
468036
518145
321979
981154
781235
182012
145114
315097
12118
759090
879869
20416
779087
20073
684741
184290
823895
842352
405764
274338
175335
541183
204737
559849
44284
6204
490247
948471
506443
591642
831018
920411
497025
180828
376215
77757
790965
252024
281431
814553
227821
504086
833632
238086
53642
938231
464344
708980
288337
514035
488743
398901
642518
40218
113271
79730
519
620092
30731
743230
702930
936837
973625
447687
615668
738688
169797
989352
323807
814076
914268
922716
824392
566476
699626
957454
550538
7079
479256
854476
625146
847920
851173
625049
531912
454801
653600
392609
438158
57216
823167
21703
225080
625188
273376
723099
710289
986704
552025
293351
698790
547757
792189
300712
407448
723959
891118
100442
891588
162398
403290
474284
980423
269836
805716
169491
658672
810374
835343
104507
495366
359084
182649
189399
737650
9946
214578
799897
999691
643953
320295
855358
947004
163376
793359
562561
580884
506619
82306
943215
107178
634430
326193
42586
916523
298795
737350
864743
139138
204447
970777
689283
324130
119650
258891
935666
220083
947405
857539
653896
726550
167366
12291
791856
155031
354599
343142
951465
466094
834174
152888
780689
901554
956589
16626
245978
948891
565808
424528
536217
58610
753022
938513
460989
867159
319881
696523
13980
66479
628128
814248
903465
266024
287156
449729
697154
412330
821304
60885
461926
332059
163169
839461
127236
928271
283597
9840
718126
50891
621504
179014
900012
842932
798281
357963
993773
165593
223043
356747
11097
583002
719351
403316
445250
622323
195039
4404
745592
137128
581189
763248
189115
921487
467722
541214
973387
392501
597379
556223
561052
672238
554878
350012
952166
781373
890402
827740
90904
135579
261876
580576
879596
617640
135222
275068
976342
858859
323306
262962
188822
522632
540916
409291
91373
240637
17629
897845
127788
212568
124276
845492
623783
856249
335439
294150
362249
89791
546991
9432
5121
842962
790273
578846
41050
652813
471041
59283
268649
367302
907513
315853
630239
394427
813864
402107
849150
45210
55422
38143
902569
90093
189058
928226
502228
936096
97302
226104
162202
706864
786643
4241
273517
730482
23054
945561
670823
226557
810620
803213
460543
717366
656370
412314
629080
671862
3076
635988
882356
404378
885263
84431
563846
910438
796627
691038
263717
68246
15864
920614
668444
663299
792945
731614
352798
761327
225790
552741
135255
522221
517771
948607
649757
731055
590774
370349
212485
273326
681774
129065
300627
379120
631863
294971
609289
346105
683210
783803
572640
573840
708184
909604
52053
85996
581551
862352
770970
678716
543670
895637
192237
966608
851858
197116
340038
588583
120875
770971
684522
494677
100681
270670
462941
196945
123800
945878
261748
528793
513482
698637
795464
568194
644187
399877
723975
873311
699568
270077
177508
567373
309337
74175
566191
480282
796405
300249
319871
289552
645109
325686
761419
478753
413049
621464
84632
737136
897814
14516
273613
604282
547193
382697
121314
849183
245093
300382
368311
907153
895320
808248
360897
563736
244492
806518
31711
187263
515545
254057
394954
531358
485367
708114
101867
641669
93793
491802
19143
832514
229398
824424
496277
806928
66169
388259
243697
590108
312793
970052
143465
1588
271370
769046
615604
900751
656818
111565
355266
809587
572576
483776
454637
557319
925910
428037
163535
124789
974439
942056
841903
463483
382459
753351
276691
835215
623664
40269
410617
356845
179163
42505
792992
2750
571436
216874
207233
3302
759600
474522
65691
37610
325423
367795
908460
356605
810421
653218
840187
203494
21230
528471
788818
866703
368938
837414
520906
845036
668545
239293
101246
282309
317136
356866
728097
265506
401505
356553
121708
16339
757737
681391
311664
487065
18794
784278
169225
252148
602553
204477
6771
754314
16474
118138
78646
692657
345735
209431
231869
744025
926416
249223
652741
728729
540892
161667
19825
706580
388621
357894
265466
867272
638210
136545
900803
795379
569590
62523
662794
3874
710277
949481
910522
260631
662927
835046
779294
52054
168757
276783
67057
554572
155585
571326
350097
74525
667810
875808
977361
489160
51860
731317
211309
728377
210590
463684
458457
690284
598069
728056
80626
718136
371838
722620
371926
680512
591409
75246
901391
284081
518873
86274
403050
528824
274423
319414
47910
792772
351302
508141
21576
251251
480154
610795
780812
497116
852002
877292
800821
164984
635916
463137
257157
756141
419975
807112
798985
500280
693348
234854
872268
162551
21462
846756
34412
979537
151000
746756
320585
497667
342702
248574
759129
227143
689603
620539
74264
258210
567537
1005
329629
272779
481952
632073
61000
899507
960581
459554
658520
166582
905612
892707
622745
889308
781265
220521
314106
764811
411271
241403
497276
988237
407675
168743
286407
585594
853043
616314
951639
665538
140656
391067
321043
348377
349203
87364
9086
711039
413276
898590
113606
89707
836621
320313
832314
9171
132845
288805
797401
488667
942248
891503
872453
390871
638996
577851
112279
857343
143694
75899
993804
920238
697155
572105
556252
12183
159627
606055
476395
989125
597231
819664
216153
90828
361099
930106
74548
661201
806350
769707
490829
388211
799263
133493
252136
266389
972890
586192
957837
579338
549176
266066
783931
21467
293709
163533
428028
535863
532074
992453
14164
351928
662562
472012
200211
969550
408938
403836
702666
555274
537818
361169
153690
903945
906320
904865
610343
364987
618100
742072
658604
897487
234197
673172
250921
744189
469042
100026
421687
860079
532373
909171
780027
660493
354394
778086
846777
384547
435278
439123
86272
997554
865843
918121
942979
969360
29727
879813
597576
796668
204867
811017
329273
582338
357257
595796
365720
856903
303319
942627
457552
267826
51249
825476
658406
826359
416827
818994
14735
501697
51995
110738
588250
157628
954557
689289
856142
950972
224688
758520
257614
300493
199470
759189
147257
290712
985081
582759
317903
968302
891104
283933
287692
448308
395297
210316
911065
556203
231464
591300
661528
857179
595126
366413
23645
606556
152029
937219
451837
307649
424359
672011
79998
576481
169495
330033
111341
371075
362951
516832
561487
261029
904304
694845
8879
732777
669320
809952
34262
579101
915974
548079
29977
20774
115329
588313
695180
907272
25910
68908
335829
31187
985512
411732
613659
101870
896418
857841
641180
463929
962648
994771
439134
305314
503276
281749
858749
466182
208204
686611
695139
647297
853432
796873
906582
990484
820641
256329
976172
377778
36397
633304
924889
511847
540183
552678
30697
977317
593652
543721
766345
482413
755472
934805
544767
177942
886967
850682
546426
289149
349199
923513
260227
568650
230755
794468
915155
772890
713338
873266
437375
259534
399014
992923
975823
995824
607705
819478
251308
871933
651760
615661
737975
969683
713812
415033
664566
726520
191222
583808
800937
104836
319159
992807
534011
561645
295338
567765
12756
956461
326257
795623
102987
771218
970243
149769
941561
336865
159888
698871
535209
481896
972795
401937
66475
869215
184966
771988
136263
720826
960716
420987
584911
537870
847719
208113
24206
93021
267954
849713
537308
659904
685928
842620
217875
953200
741227
278070
59676
725360
299425
524062
601507
473435
799097
288616
112617
704582
395403
897401
106935
18641
969054
404606
846192
78159
509891
101610
933440
619727
457502
453898
228593
153351
342468
425286
529500
946460
34176
607542
267964
973201
538608
125598
633310
521161
647565
557704
555636
492282
343624
860541
209097
102320
292367
631391
614608
135035
212846
689510
194005
682679
482963
982453
29845
887286
528170
872024
760937
964108
110631
784540
303388
547190
158562
535883
974302
896167
156635
658435
898386
292977
372511
597938
749762
277005
985796
880049
87602
776263
961166
145721
65490
453896
729908
125446
346380
514433
513660
725191
984126
828146
162307
198206
242562
256340
70681
260218
161000
535017
202249
326511
398533
299550
548534
124911
252388
625113
595232
198727
446555
540901
733574
429304
618873
766263
463270
424401
503068
548317
576416
397670
216927
166146
132024
268142
611120
622304
856698
568766
967103
142146
279352
169182
520466
661685
753135
167301
995445
687883
468168
651959
341839
675403
89082
869175
972817
851384
560204
241769
109767
302204
552376
669641
887696
591409
851820
631682
483691
67213
827306
420460
77863
453031
734158
65573
715133
945386
613680
798666
936569
321429
23711
158227
945042
639788
80846
186249
514523
272639
480971
932900
821842
46484
163434
479941
621782
575731
141952
939852
734518
104783
612235
244311
96677
301836
229231
152
367753
67377
630235
112146
633330
312556
632394
839856
768040
586108
186854
276610
389149
984575
376263
903829
296065
577240
280856
302893
281076
887420
678043
905761
598807
348826
965123
97939
665340
46053
542974
842251
524411
577023
625558
348720
33254
299907
357037
45282
565588
779951
581030
210102
490138
71148
850787
904271
639704
807036
95400
74454
841839
205567
204638
994389
450128
237602
1716
36341
498288
664805
634656
427922
270167
413126
358211
994744
227736
676879
787051
367293
390299
386681
551986
859131
718102
610300
445059
977511
669466
799604
92541
801939
623690
136049
229488
979260
535718
797595
554756
759761
14149
214144
592888
620545
853345
877436
557000
917631
173324
61508
250153
366357
378305
520847
615022
710178
158869
282785
675340
358066
885645
990261
516154
272120
775113
83654
417074
977002
313373
835706
191125
217081
364928
86828
202475
190124
494045
115732
53128
954456
311495
650005
19402
675454
40138
594915
869886
920001
595484
41935
471650
58946
968691
621297
186373
344794
77424
976881
430155
897843
99064
556401
665805
292099
29796
498267
976477
671334
520590
979138
850023
506008
574028
620919
642930
489868
896761
996587
535430
358315
972078
527676
461352
210476
507344
42974
158721
926476
37955
848871
150429
988459
610493
607286
587150
576131
355573
326017
970161
556613
510329
647738
192776
649170
483103
422942
523718
824018
71764
196250
115562
124085
642640
57818
748931
670468
602026
615023
835538
915107
916167
754651
150988
143589
625134
164092
2622
576332
661815
142740
216779
435291
405538
797937
771473
156634
473477
596989
720170
22438
228701
954084
938318
466546
22596
912669
123094
484062
281539
55512
435035
537458
391807
28162
678717
859063
501520
345976
261248
624818
776239
700805
174160
467774
117325
48473
309669
616709
858432
96393
513089
913882
530008
55421
162711
532662
672464
131515
80198
516814
311393
873869
879938
944973
133296
875600
306708
469939
76647
572124
731127
739850
102048
446859
825827
289408
522878
270312
221352
944102
83222
494198
160752
343492
261195
243866
773159
264598
169848
86054
889462
904743
782725
636802
494698
718665
171676
890297
162036
62766
66870
510301
310025
573351
730063
618840
178474
863862
532472
855057
783870
925393
491467
819383
420378
995254
705528
519149
427235
960101
864446
147474
507211
292095
641910
481900
704055
345017
625737
871216
790849
607549
590210
803184
823705
408605
402878
405665
930310
119028
33472
330888
830283
286299
444449
633025
774052
174277
69541
763564
356399
950200
68584
999668
983848
304297
902647
947773
991117
822962
69179
948522
17056
214770
192143
255816
119243
211585
621939
525850
568477
48782
838682
322561
408626
728216
502430
315144
421042
715845
560916
53258
734512
136034
581689
791360
138098
808632
896843
888363
954896
921735
961524
110874
183605
292002
345633
127897
176899
732454
253810
966902
637331
277144
577098
440689
26009
839386
442501
173247
490918
985098
746121
76091
288648
512184
552181
123690
338444
475521
658935
350953
914788
53453
655674
588853
609379
662049
3708
141911
884260
693409
985021
176362
435787
826662
170771
547786
343267
236984
756699
630747
957671
421736
413258
38131
704732
934669
804129
556581
68187
29401
348991
87403
327085
182102
403792
91055
526799
678787
273443
628790
214484
444933
923290
380906
336490
996364
508794
855490
905396
452995
503010
753424
323671
757107
649241
127654
144657
620725
435904
499622
15939
865618
358310
800165
650319
478073
5242
281851
365852
239131
429915
454826
681270
708391
694476
291689
83091
509341
969027
496652
453360
501969
767456
404817
4634
161855
651131
180361
943753
762437
334550
458209
917031
389633
388402
766796
538990
943687
903805
340751
322607
243647
182376
569768
230638
532314
391575
101276
291115
573679
522482
830492
42748
290678
348249
256019
517141
164063
490164
705870
648682
806736
92968
762313
600235
140474
728805
68434
2478
816983
992348
567196
339563
149506
313102
238051
762272
458930
182976
154230
181653
376532
38283
353446
521786
644228
83727
424393
818092
465257
257096
180843
555798
980074
293752
650515
105524
636497
24644
229485
826931
913786
834075
99673
435893
808567
823185
603791
218480
100612
838154
556460
263926
458850
47377
212254
103631
174098
918728
770473
832258
43247
742010
768787
688051
930408
548684
869362
7142
136217
792083
461264
60449
231686
74879
843768
449520
914163
327092
259040
786370
24675
814521
458226
668913
457835
379785
355449
330719
860721
32967
634468
458811
87430
233807
208378
174243
581150
166504
980827
3940
408872
809045
800495
663133
74062
272267
801965
449217
249355
659836
564042
53178
335523
679953
694140
850091
795460
260599
836137
845966
830839
904081
583793
922557
319043
83083
710229
164940
651486
347406
381314
518802
648977
286543
851774
383945
337895
948099
226862
303819
576593
798317
297793
921980
695961
292695
678589
615111
185665
541151
785892
163585
914808
752808
469378
800361
594808
802930
440406
667089
872319
103940
865243
598038
237095
529734
490289
540810
936100
508843
143405
274291
812506
158795
315322
447853
45849
735182
527338
812010
185718
160004
892765
90138
496775
406482
270988
326885
830138
482184
528755
784469
770450
774029
481945
852561
193664
765115
586749
223748
736474
971400
145502
762909
327738
914201
986215
336303
629110
423483
663478
477176
951799
288172
615816
47102
948600
224531
22403
342805
336541
638480
245726
974974
893677
613230
2545
280810
479022
941109
176213
917596
249628
974684
725175
216108
15557
432860
803390
460263
914308
552416
420630
670548
522391
769561
550937
429201
971104
762413
623706
169500
380469
416463
187661
681007
826148
77226
483926
2626
19206
243830
747244
416948
833534
629486
745258
955524
518223
187992
224050
39353
241815
716291
744958
158114
985772
631183
304261
544120
100818
79334
217094
413663
221782
323913
983411
42123
324489
150853
606205
325824
545244
168004
942264
742449
32597
137727
895595
907978
254828
690513
680887
739593
750084
832615
378081
814343
979081
535764
131326
424469
444194
817089
417082
345537
824595
731265
140229
882680
695155
916419
590938
468997
609156
623201
829164
316600
80500
250005
907248
616482
992431
507083
276418
598908
224735
306833
622453
453671
685953
205994
83834
319246
675429
340931
685995
690727
531394
843645
443701
847129
194419
103145
343776
937144
544274
176977
584125
206315
923120
74291
717483
117487
382190
170633
614853
709556
579578
918275
620331
316517
100330
274839
438508
57541
778094
167918
498445
995637
991285
567103
915192
777618
447583
843193
661508
455419
955098
464154
327453
494192
19676
624797
876432
295381
875259
856016
513334
275414
809516
947139
666170
951654
788822
172892
84488
59040
501330
6344
167443
275662
437058
265612
839683
722887
531083
55994
245306
366386
765936
20414
756162
912745
533132
172952
420885
874298
669099
817316
654471
40647
59014
88085
98004
302157
50074
860032
160130
216769
108900
115348
910450
916886
379899
477672
351113
771228
753673
457389
229301
291074
733671
314754
544031
378428
847893
18407
957036
17983
615315
557577
150958
446057
293278
88507
91437
704062
376458
241286
811854
393934
293753
79383
707870
860530
973045
941911
120830
482037
264048
582616
966314
384335
101077
402474
505703
468491
542154
447694
726729
566987
59781
440066
698654
673186
823368
689787
777915
55903
443578
296177
38881
407465
385443
131796
270667
361030
891204
615004
21782
526966
481425
146686
976077
854012
1676
129850
462864
732220
138496
563857
948065
269439
95254
803028
896460
997844
179287
162392
487600
351890
820350
859590
110957
527544
788473
827855
284076
124981
395260
31292
575685
576835
679618
771427
954386
525357
783138
312181
907150
395954
276426
434549
41384
329026
909786
679491
801834
998693
706207
274775
480065
33147
337706
246921
366312
431134
197132
619724
473013
605475
298289
622011
630656
365440
263255
566283
75564
283719
467753
823265
397843
33296
663164
496637
613266
783029
900453
536915
267566
526199
508660
888826
766881
55423
530706
981694
320965
835006
394099
526160
714652
611893
345783
408925
468985
450065
615715
173883
904911
333550
33334
814848
272661
432892
93547
861037
973074
328383
464651
942024
736202
592048
281388
923719
389317
323905
804681
851112
576504
386558
54463
540638
972691
9679
686498
43109
694438
730650
384506
22198
891889
630021
962013
43735
478854
693017
470186
292298
309405
363330
589407
892645
44660
986227
677464
331841
402401
877222
674789
515020
431669
848577
519046
134202
991375
317332
502789
898008
418874
469439
560369
655937
702212
898033
544050
845225
397276
219402
670734
670167
817318
993442
405687
74735
104735
749155
857422
122989
601512
889489
245944
508206
932657
58155
24091
529448
680387
909737
182518
925882
261097
879972
157339
758174
999868
856533
31305
436219
623242
211509
800938
642264
681699
416772
351397
753706
979327
567718
477537
949710
667919
486951
700760
345170
659934
597791
998355
650989
612324
504241
519623
503119
710440
503981
653836
153107
133454
742805
414902
322514
740356
855805
196690
78865
331525
11724
37759
525530
128905
862815
277350
930216
442377
768204
609623
920123
248114
756995
234817
716236
472678
867537
136142
555291
302569
92222
518361
629860
723374
715031
117965
126960
763711
138310
491739
398663
648387
285
920599
349314
275695
186353
720816
326783
650380
737123
732426
493103
249888
304186
195194
51721
524284
321644
834781
834593
996513
51196
45269
165651
604304
751037
345249
201689
314413
815092
303576
729341
445903
264923
27842
825192
19879
702210
171283
945368
722762
504784
27973
102128
994652
901928
672721
582441
409819
823527
140233
797158
625541
615817
144341
35430
381095
458027
864200
210259
594308
452971
632158
742903
288926
642731
40980
720974
138915
584181
603748
161782
649719
175160
351260
947011
242138
430577
587738
481327
164982
974629
901862
116398
320328
202442
636652
739104
561960
764038
312084
330336
575670
242639
615168
5689
296227
85809
981794
940345
573465
661422
465399
381661
832072
163327
743971
748267
732623
20665
76138
557151
922563
87691
437960
476093
104094
69604
824367
880645
17671
520369
65371
106181
507449
783876
257747
905032
54035
586320
638589
994540
96445
497233
426270
61586
998641
295560
831086
528622
146605
732068
259668
802558
343540
634428
806787
385047
9083
446521
181296
348442
436279
632913
569775
758150
120128
192238
904297
574247
160226
516845
310268
79085
701377
682625
376303
196695
186278
80312
6929
918670
379306
236246
923565
615118
804477
783197
684587
657023
783252
681902
768326
382114
38445
973641
781605
723751
81728
79729
717465
557787
879364
382571
479218
72254
673882
595940
796158
820402
720602
408242
112863
466896
871801
14451
163464
178517
828308
284818
690516
657530
85595
311464
769603
38689
902748
239230
37073
237483
315947
85873
833780
794854
813932
276207
580019
720356
349757
279133
759966
421543
710338
972187
806318
728568
995342
493599
521401
647575
173290
513790
63825
601420
886150
465865
302651
577948
35258
400532
483847
527767
342519
21138
75537
826830
784526
908252
631570
679331
523484
878224
573475
20792
607762
50774
715792
555209
204893
345278
770965
813526
616310
374021
108088
2872
321928
8055
702082
567253
983672
255790
555035
438191
224982
724280
437441
519382
177184
241879
736101
710462
190509
716769
782498
99115
380861
11976
443802
195657
762202
173364
864495
220312
655978
647372
922267
856068
175764
716692
371565
487314
712077
705521
907297
992887
409854
466631
351514
393923
597780
219523
834046
830522
325475
868084
849454
571011
555384
631252
68385
466874
999162
717605
242012
212064
197499
951991
193168
870130
392865
846150
233295
770007
602027
778304
499500
157298
42402
553955
53807
375640
862751
675845
547826
550619
896115
811438
978204
289669
999414
227743
492535
252705
928687
158390
334895
333491
157341
659817
529449
500167
187552
314352
523709
944678
67079
149311
971986
477670
533559
122417
49493
798041
329588
244288
797846
618533
174735
717809
181823
982452
479724
615053
161393
621441
781423
388425
784124
308627
598723
129543
857019
450823
220422
554613
637642
510853
457172
507859
329894
661205
243695
870483
130719
242314
145416
966361
638204
202588
56428
303266
276651
783700
575118
771969
725475
336736
242797
222083
918680
339782
303266
676724
970458
459573
333000
126139
187915
337655
445640
417696
894395
355076
548351
213870
656354
247664
220879
927220
766521
356995
256639
181093
668341
165161
361552
393183
71649
307456
844829
316937
497558
403087
422509
826645
113114
232407
836441
472165
244179
789633
287828
91721
943526
833398
667996
827367
802737
209294
220220
626676
253473
150752
580859
395998
802544
881976
258021
610892
783806
78054
992883
836733
130187
413299
402073
173517
196879
979375
906797
985814
787190
313894
496943
979571
300795
79281
618105
995232
527264
663720
760324
729341
495495
725173
942868
973425
87473
512516
389505
243563
422224
741526
49060
859268
25866
483317
83802
587841
501581
618882
534328
609140
276937
368106
973259
465857
449871
127671
86794
930238
535684
925250
978779
230068
903553
465926
36862
520131
513803
850257
979866
503010
298026
278420
664994
205571
421608
856729
145956
579156
628519
679955
964910
321634
403487
260753
1501
315864
695156
737869
916419
999398
543984
364513
56180
933117
200610
620057
758125
3382
164690
438563
810850
359442
582687
481955
105891
785052
208184
33187
139626
523307
319155
291496
408067
129220
82509
750496
636184
584732
815743
523063
963672
754810
929529
750728
976644
732155
520573
92912
244886
966959
390427
924799
645646
913889
363589
694728
373018
943733
430798
664920
346849
881577
44291
353155
40876
975422
568102
204953
602289
535728
732547
246008
629054
420256
742194
654267
628094
916563
214056
526544
185067
474835
454969
171816
267601
232371
452846
713287
735675
844784
889854
31611
267644
898803
589229
440361
827547
120307
261246
936835
936732
374840
315990
702549
699431
731962
72047
847551
402392
115048
292085
205181
293282
942596
814401
541602
548896
350955
371119
373476
159738
852147
99998
704656
928752
907821
794947
694750
249350
957961
184618
99487
308684
445401
945227
640467
925385
653358
293381
897047
422660
265566
158393
144059
921902
311016
383622
518066
970863
775278
888476
434466
629323
979168
349247
986012
370353
883962
197146
997797
686688
334435
153021
727091
884470
304438
985909
298867
297175
607518
665287
139143
884918
386075
12361
685198
973187
976545
918620
51035
788721
471071
772937
143559
717859
242205
698167
987361
340018
703998
17542
842436
293277
140709
93836
432386
518478
324468
823274
81020
186309
321968
324938
879827
445155
724416
442423
498553
912789
580308
354264
526817
680667
996323
710538
1557
830260
144652
464665
287653
746408
753246
536667
644477
587890
700467
644842
699984
972295
78903
362812
782321
218439
903751
88353
560000
237055
643636
755544
769985
18905
201190
806733
270664
459617
608093
204147
725265
432884
582291
681530
525292
320199
589950
655405
464597
858321
687601
222188
288161
329046
769250
217089
886293
750226
559558
643872
530129
516926
82649
46207
827306
830913
211194
47824
414165
720246
929202
421784
508670
536342
846357
686765
888824
485698
23233
903440
170128
446448
354883
12900
258938
664879
919578
614859
964781
339160
284499
716636
306890
390227
203283
419714
305975
251907
83955
94836
392651
744911
204037
376524
932194
296910
531573
457735
993231
537806
215627
799960
942001
296449
972237
921193
698398
203077
243586
708911
244285
301007
908497
847784
53616
99891
416455
405940
916398
399762
512695
272333
389294
181344
499771
957797
621567
674576
90969
627163
883637
382495
813634
465049
254205
351418
863604
922956
934482
823437
582718
24449
145672
96682
627683
340889
379206
945297
372696
690921
70993
112098
834152
905840
278403
979228
78456
6837
554778
307793
295652
955517
228396
680744
939335
550630
682040
762190
333274
308643
477720
86971
114996
789845
22740
937565
762607
790402
491664
861155
168299
908084
760037
650727
761964
552816
548108
680312
714527
112722
216758
444867
243258
223618
606906
588702
759104
716437
182886
911858
510948
465154
41206
968706
249349
407934
874147
154844
132248
228279
55634
430810
483108
812714
803629
92693
975078
702050
205903
418344
85076
1614
853081
92060
918527
712445
666658
803189
560529
98488
722123
736152
217078
931644
250800
302039
529048
907794
286906
369051
7682
401677
19025
722989
130150
450656
188911
953505
982906
173849
310736
305247
752700
64830
473285
185615
720790
554114
793256
752480
177502
420708
822506
408566
263284
27045
852808
833070
449550
373540
353244
841871
779665
668823
627280
981198
307989
292008
848813
915197
976331
439594
291729
494418
639355
94582
84031
13200
478181
219110
100625
608788
537993
778925
589512
837694
158595
333266
128260
953786
670990
968071
237263
111786
754921
444202
759571
201970
846678
293655
173228
433759
210175
576680
991576
630261
994676
609482
188235
626579
592271
325629
966880
446021
625401
740968
12969
882150
832517
37526
451815
528880
661434
933841
845781
975522
568238
392729
681567
951308
803597
443137
830896
771514
535033
208231
12905
458491
116939
322318
866861
85453
538616
617882
890393
153830
948112
446183
261009
90273
731231
424709
442805
564932
316534
606804
50867
524394
723268
591481
407543
651729
307613
780410
774653
457922
525981
78204
207558
920793
306854
328406
192104
45360
46788
815569
440576
562348
422642
824830
381124
993891
414262
999924
679155
293353
395495
21861
500205
140918
265487
891356
126239
238325
883947
802838
106454
789803
564431
127610
501557
312130
155750
821749
354050
791218
87255
436086
947098
806859
863108
300547
313669
24993
171436
342839
650596
677460
933424
400665
593607
164794
714675
377113
170651
442028
576410
478889
223872
178218
647667
591669
993785
406060
230129
629889
922493
196678
668565
716830
832874
935862
367913
292553
959641
404685
395047
592224
242060
333304
633526
878082
432900
257515
416980
478273
600624
252585
386831
997894
211903
953009
118829
728898
677782
708104
312619
145741
920349
834784
794210
961181
169140
693666
181958
4708
495492
204125
135817
113221
874608
809226
6749
463861
970665
148923
221910
113003
747617
877920
224429
710275
516247
693878
157281
54773
19025
709837
686455
692588
515880
792436
746147
337414
874301
546371
554175
596071
742217
410436
446776
925626
307346
926334
654792
824709
714106
566048
258781
450152
372274
948615
8857
352882
960011
855596
156723
141920
802477
656557
558138
286067
75552
603446
175162
232109
683912
980492
168695
187367
265134
550134
198358
151378
998777
281480
267867
850632
496955
831309
227405
482254
464039
120656
283190
850345
878369
501511
830983
408537
57646
381085
843736
214839
737610
205531
288972
89190
182681
430514
375123
667193
560629
964711
943049
837537
547366
458331
700411
394513
355567
937334
49866
889648
940997
988720
627753
466938
760155
363899
756609
153204
482840
651152
707827
698122
378986
695765
76093
705350
607604
511784
90550
366831
39011
578315
120435
249404
985886
851884
859660
926771
505756
709391
971129
297315
24463
914074
420373
83514
491070
365437
159493
316292
816112
66556
982450
132993
201028
593626
496625
527457
811230
464099
17028
567518
381756
703127
795450
506422
860646
266478
57713
814212
423812
699148
308156
986362
644617
613955
462879
694141
940301
631039
589239
167645
836217
84370
724215
131120
577756
738973
643405
439050
447002
318871
498083
745498
956483
49405
769729
302692
229890
931030
307279
513942
28268
976738
523960
318346
422776
730975
535787
93207
279566
928119
870267
269908
179448
815945
749542
596203
104693
926546
582643
581525
249324
727928
239732
394807
959166
642419
677099
388505
126964
483992
466441
391487
318679
588739
721234
679654
135647
516833
623004
363996
743683
499096
391605
106492
302831
729939
824420
394629
328468
11885
517768
566295
117465
97657
56094
842569
515951
427692
99358
71081
164674
375528
908868
486673
409483
234597
879148
171426
854338
241342
744598
459616
378289
387734
255178
214122
361316
512677
217813
910228
258749
335523
567345
303395
261476
933839
126658
707428
322907
397596
19005
639849
284271
592249
461283
838305
726538
354235
222315
237779
598054
970474
975934
69047
425308
739493
730076
980017
100506
350898
524060
414251
560947
585894
29712
672013
668305
877357
180039
481308
434693
275447
775916
163756
227391
413632
480843
756611
245913
205177
718452
104972
499021
200536
329592
608244
113799
915833
950864
329189
826902
855471
848925
868509
982204
431468
229003
872874
629924
499656
156686
623492
721971
270001
524494
794887
825591
490992
552607
301643
444412
547092
708201
126178
547517
894077
52583
78125
88568
229702
150795
592731
197466
374800
617470
223615
941786
238760
717060
40781
493538
789076
477950
261682
543143
452863
998537
960461
856217
860030
974084
513229
677878
701374
180016
486248
560698
724749
819056
982196
309553
978625
942831
847974
733868
112712
392736
372390
420178
363342
671201
88075
186382
364229
114233
987128
404966
108180
940096
930322
552364
857694
278110
461341
271245
734509
726251
779378
855430
338363
625718
947551
458167
861
233697
406939
90640
890764
316265
827300
12583
722962
196932
324599
282732
992718
775843
256747
517364
254307
254295
952683
679153
70723
993744
15310
618115
81875
529856
365013
890215
339260
229917
699840
945229
110926
636678
711245
597064
362192
10365
954958
699359
845544
630291
177766
361856
189731
484705
307552
755348
654114
795442
118187
329518
443234
125374
884406
24797
648166
581329
276516
643808
711107
290443
643500
909497
574536
1088
957072
487578
419336
553151
418296
362620
101189
974064
467115
522639
671034
236055
743465
449740
415493
977205
373991
704550
546799
157261
540775
851294
28121
57092
260916
766710
544774
985569
599735
752381
913855
120373
61177
954953
954599
464404
241206
470723
572571
170113
451930
25628
951237
73704
118107
781214
727678
948676
782514
162397
140381
390753
250231
625676
589409
699196
404120
149227
586166
882886
378677
114206
752167
746183
455067
375642
749473
378655
15452
57976
625696
54632
145928
222572
731065
124472
673610
806927
958850
561795
799392
284440
147489
323293
985400
389993
708528
519964
403556
196997
672906
770012
476602
582880
537909
493660
638475
841551
946028
532869
730046
806815
439175
247627
405000
613377
429897
177004
624457
606818
700230
2774
959622
660953
86703
327397
61183
954170
352508
475274
491693
457672
605428
769799
541914
745991
275420
601750
979228
413038
450234
490410
873711
523323
848324
12749
536750
608801
23658
219752
81006
742365
426173
665825
1143
595942
854010
789663
554464
897795
329975
881001
843462
536822
128937
834668
966185
811798
69648
388507
17699
129274
950463
843121
447237
68049
180491
247570
591887
871503
27984
457935
387212
155138
68059
174536
880264
825795
474871
196908
544239
94343
888023
928924
765380
946773
546013
558126
243962
351634
841093
175886
337778
739832
933233
437118
896082
294629
823441
346109
334014
108112
819438
289670
843318
894166
498516
612847
289932
830067
789850
682354
521536
852492
11151
880393
884922
499368
472771
979890
39395
447679
691183
458578
844320
259051
765058
642102
469228
960059
366728
740852
22096
694375
3897
310128
679234
381213
602396
485435
488088
835961
397398
290005
652455
547156
451539
777683
474428
827892
578512
577372
505270
929441
503298
927885
417790
176215
771558
758844
851109
61015
861670
767962
387672
816728
221093
274866
380162
890395
487015
887694
694271
865884
242784
444344
792760
580196
592216
29342
455135
485627
534327
185359
629000
695483
259634
255970
746467
939456
899026
339381
383314
174524
785118
728339
842987
545063
29029
542127
426443
212883
631978
307021
279957
27741
398764
105536
741126
634624
525200
833358
404918
460995
461549
330991
59950
411283
430196
415028
470432
258987
405946
612677
944903
224687
572772
337283
498332
774745
995630
23372
156722
856074
727320
215452
494447
299266
426989
999121
825703
774827
315377
539719
827926
432847
621862
333409
865594
939499
273851
462505
764747
520539
38866
986511
520600
737396
758188
239182
312191
197936
197300
514668
823305
42308
516644
777248
533536
456974
512920
145677
729325
454762
708269
367149
329810
475044
541845
302345
801729
48263
564347
541092
554551
632596
336333
73080
329497
135567
328491
525272
148713
595123
663082
216180
58277
242053
746821
896891
627388
793477
697824
432283
33582
757697
827322
510180
702015
370373
411888
548554
929751
466349
744744
410185
136633
918427
319072
660003
707038
358851
653075
767365
837165
254051
840197
985352
15450
441232
155372
734866
438488
168748
237115
451229
132348
125684
929547
698512
780848
406454
337768
664265
297040
634591
604918
512252
596452
925554
471743
466677
965754
491157
563610
571001
236832
512646
554232
294538
668347
524779
499022
145610
544199
431494
670235
445943
347820
255175
601621
48597
215609
395451
997428
244393
62527
255139
838426
185121
951757
345439
463773
617105
689155
523337
7027
611864
754837
658271
278137
20449
489694
812568
718048
746757
98590
887063
147700
491470
383314
449661
530698
851159
658671
77657
150406
696015
38202
667771
507974
343772
189766
850598
645423
28892
808139
796643
464274
257030
934816
303794
706554
258159
450454
326044
174484
132585
291440
292068
626299
749446
429506
851035
232032
781754
701093
167123
905299
623198
192148
442283
521072
889809
96358
427465
897384
936953
659624
646759
811243
87719
982166
87300
344623
679512
916726
494650
378976
333208
822994
640815
648484
23042
672848
866341
285897
916450
328303
977389
421646
365499
665632
314297
596043
41380
782591
273870
706557
915149
442156
892120
527218
72287
196618
44823
631053
268930
251732
854584
275127
32440
143191
962111
342755
837350
6480
571359
113083
203251
23202
558444
467948
562761
686323
304423
976587
874425
715813
643193
595362
967227
490220
875643
829148
640722
635729
594162
428488
87246
413762
56536
306829
835179
419219
227989
459179
303383
12501
374989
194281
836753
3793
897426
217889
488045
479202
278970
349284
817076
284588
187724
711819
115688
43645
834388
571675
762213
940414
322518
531796
609186
226517
767647
683350
424279
522267
985398
789425
89273
277557
595058
893447
441377
559185
794085
66208
792394
139007
563190
960586
871737
449961
281421
903979
158071
384753
437095
720165
734906
456805
770761
739876
376290
612705
111377
656327
734239
324354
1703
974760
76975
299906
294931
208714
190533
520117
54697
166430
501381
402271
577823
871346
175852
479600
939967
373367
241293
274397
584247
975021
168054
650971
701390
232813
223473
49082
838065
380050
498022
694237
600428
247621
740638
24146
31540
29156
348834
762450
7904
275663
554306
995350
44536
992591
453873
121107
105766
747362
799630
951956
826953
1703
774461
107380
166889
94306
533620
50164
517060
816365
359762
25407
76231
77500
563305
156727
896920
417227
619420
975995
437136
230054
464356
783928
632902
742484
226157
923625
981191
410465
179933
917868
662817
877447
2484
467394
192606
655801
836878
644451
106703
353675
746118
77628
349182
717697
306101
272646
438469
946098
979736
433604
573308
334872
586831
47577
758029
451831
392706
645763
955685
123688
146846
632952
319811
496514
765757
886107
194610
469539
568804
624603
866003
143520
950693
448681
985684
689095
766693
219283
421757
899149
838776
862082
216681
999705
475624
72140
270673
874411
573845
582903
352196
837419
624310
98379
64307
806602
77886
978259
495720
586967
656857
659312
291351
543712
911701
196121
171277
713858
808478
696946
341253
720592
551970
509576
886298
484508
913171
801767
330710
27621
858442
562585
316520
21341
800713
934203
866292
520149
399321
249789
772741
982407
167634
211829
362206
468352
653625
220065
533742
906280
624323
267383
453473
648367
421048
798443
935059
145494
963251
874173
107679
588887
858118
441019
140438
475250
437626
175002
654155
558678
242035
502125
209419
798440
913266
385600
681003
524274
938485
665172
754553
93419
427641
408182
459924
696287
535200
592830
954008
340923
664557
199201
279153
589687
554539
169588
596945
755040
607598
145854
443004
553793
35441
271160
5760
703853
536798
831267
634627
538028
228269
247174
710517
811136
123300
191363
679780
302098
966396
502677
978733
418494
877924
887912
774416
698040
969054
944213
258333
530521
21064
120825
438091
48522
799157
722609
815080
105995
171194
489587
286570
673057
660741
951436
305635
462618
922215
229874
486803
292094
387762
965957
952279
362644
643517
757671
766912
314957
207172
793908
375423
107474
396780
381920
175292
238949
11621
516652
602821
926646
832041
35973
872419
297157
369121
721465
349513
185006
223206
960854
72486
158806
144228
301921
120985
425328
757083
704112
559172
808429
776319
866661
157882
881534
905024
256775
54930
481607
318244
194366
80285
781345
161871
742699
993332
596748
978661
552162
675050
264048
602054
196805
120608
877262
33656
444478
72376
965768
823459
67352
585698
881481
827509
670842
615698
374546
39845
458690
879954
759394
402709
115194
265779
205889
293713
271674
380127
621290
701813
958554
720906
289555
616875
817297
808007
779610
187408
261039
771383
306382
594552
479539
373724
208598
55816
948554
867147
333570
276674
856357
852864
462316
246878
203637
398667
802634
451795
8774
453481
41812
322869
529141
418670
506060
524472
506575
36893
870190
177746
35144
238618
314038
202815
641237
621942
787977
557470
471782
7914
281537
930041
193091
27935
94040
37474
926850
366378
368560
867704
623075
905685
790524
715785
658504
512088
257103
492881
435476
222311
715327
610209
18206
194277
866677
679195
513746
171702
914964
541978
52260
381298
745028
927470
104946
738549
875034
428676
16054
418899
8550
335589
585892
13097
578072
120661
978982
181006
75663
143131
440178
696681
289920
73633
112324
344092
143359
497393
152829
161566
838637
190175
474136
925927
802879
299846
604677
479812
140710
484202
902500
559754
295840
599165
365663
35559
30235
149629
487972
130068
31745
554490
890558
604071
816997
444341
138575
114564
897800
239076
180396
623411
752135
79891
58581
989966
475429
489828
962703
831697
250609
7991
995360
577300
188756
345060
98983
862868
833081
969637
792533
949421
660697
246097
408204
58724
694882
162435
818130
128352
842755
834457
93809
98361
753558
175768
249327
641065
820139
474861
923109
190304
743533
939919
477951
785203
707188
544320
937487
715508
144742
632881
115021
907484
115978
458565
626863
727909
802859
280494
208033
547189
599653
989236
213154
308724
722383
935764
732027
959166
802437
642821
414748
154100
971024
238230
658452
985005
881716
949298
518060
125131
335767
264006
350625
662888
353609
928313
129597
646318
443508
517082
947921
638597
406241
154200
269905
431528
264548
465450
639948
923153
101862
482255
15622
234643
42189
859695
708148
556102
717194
906017
298195
387548
897982
264134
500389
212242
704586
609042
650377
454787
696241
664427
412341
242838
676908
99433
378835
199128
827787
174526
358902
84132
46275
574319
10488
91455
763224
95680
986865
284160
723304
256494
309014
877228
459921
822614
541675
338848
864512
271475
34150
968679
342103
771973
674018
947308
902778
129292
69564
764937
598199
710067
222286
545149
866895
948362
169030
738557
757477
104044
821346
767905
812418
138304
609930
317951
872643
576410
190473
878997
238496
435777
141226
556127
748825
945740
405419
259273
953535
934693
570528
461631
83420
228463
452519
80352
793984
477572
953732
177040
711017
280599
707289
211500
633614
423161
226371
914969
689544
93559
682899
358389
285021
960224
634023
394991
745387
309092
591269
322547
653614
889943
348819
579197
313518
944085
992598
625999
924295
998016
259014
130110
798742
826405
193258
180838
633725
889213
305493
410621
527252
340751
899484
27909
731437
315378
551538
539675
587649
481201
146659
665197
309179
732167
738921
780745
728481
49353
67694
427280
798363
238819
834783
458889
556130
154618
959337
712722
743878
163185
656852
34161
173339
73096
410552
269512
657601
867358
151711
833959
880783
896791
797049
654715
895004
554456
441782
407333
461417
460591
87812
426150
429422
475728
790309
876918
258560
427770
159403
486068
825755
847161
125523
858679
960658
240708
27900
336066
65616
624582
927042
215446
912906
578170
994684
820706
421059
665263
145486
453270
464955
386219
764139
17557
394997
642988
913322
443529
32713
670724
313296
390513
931576
768424
52243
699179
317480
728507
977656
383116
313742
600687
284269
690788
683134
64191
401381
246437
826927
754628
430432
713226
720737
213623
366818
929188
521434
840516
996165
860098
153291
698375
144682
979324
909202
895781
634251
580124
515865
470090
16300
674666
984667
648634
779760
837715
54215
770134
822984
56629
295037
68334
386694
279754
228341
662781
193488
175726
417599
239493
204976
712014
247973
581320
425607
849263
109932
464864
864354
670296
538298
91260
192677
81054
911697
802359
321379
513546
576505
728214
821264
566120
302332
485214
362446
327407
585035
623376
567331
245512
500798
776706
435532
111868
690617
469659
548522
706367
801962
757099
430939
123987
796398
907301
895844
933979
507603
142970
606666
360445
955064
205714
626688
40946
310737
928041
935802
137773
308487
183685
719839
631141
598524
96848
168414
861633
250796
425558
977944
972959
481071
891099
174075
723458
937883
906906
361198
837014
632134
143126
873448
536224
915369
216543
111836
259142
191583
540644
787663
438136
382861
320687
253385
295098
453597
522817
906793
45968
220898
755082
150035
422277
991712
749893
960837
686039
37475
357102
620616
683586
298637
816801
139202
28071
757934
619984
649704
742105
206667
88161
224656
415045
804097
844194
45796
147643
315715
381610
895603
382877
997248
534797
463457
314658
672672
613243
807679
414280
481068
231157
437174
641236
324365
784109
966300
799175
721516
448634
385129
358431
917497
515061
369091
829254
401928
747443
905397
747420
184085
501726
557630
631004
177192
852914
979398
580909
530771
785938
24363
898247
611993
724548
475706
909376
895209
960336
906298
52210
929415
690992
184417
845835
862668
271924
692330
882673
582340
738677
986878
326352
998901
303795
126735
180929
175615
892366
376388
892760
373727
833053
703054
158986
488781
12143
523354
508729
590470
225436
306591
907486
529892
852294
579863
25682
163432
767281
829642
899257
732314
277308
441285
69963
967559
611772
997994
703104
422826
663028
934433
780504
807525
942002
614508
213316
954094
609801
396889
909684
674887
554214
574096
263358
870629
937297
745292
582760
446450
686338
607655
430866
126766
143901
277773
721987
839729
24652
791315
561550
918347
477752
421088
88672
970956
342500
998473
145193
233375
75302
867323
175973
530577
290498
637777
776966
900016
374820
662726
955904
662030
271226
451396
791537
530469
96492
139355
444394
415252
8761
197389
186078
464199
273775
490502
675110
3830
755206
793896
345582
975492
84762
918469
816448
388935
332932
868198
968747
184231
102612
189256
277519
219551
115308
487590
696584
655009
93436
512433
485365
771990
99605
889949
242980
770435
30764
304533
735515
637895
545454
730639
564549
241345
110010
793849
348408
908110
399360
195923
87519
53040
757492
831382
38409
502026
337262
896722
68493
539655
504481
79253
586327
922715
758902
318471
280596
240161
968836
379411
404086
168612
258478
926400
328100
869049
791578
573790
438209
344777
333641
785051
713816
877741
993112
903221
219745
697842
301906
739338
111154
623740
921071
922379
778693
159238
857518
665295
656994
594119
137546
621763
143145
615024
572316
697984
199934
48722
945357
959093
269777
538781
811189
291139
221896
543236
386645
457576
601292
626108
237165
318546
518189
677538
20283
839381
370611
792892
362642
388856
426178
142039
974163
459370
729001
515216
919626
943186
728071
365039
879335
552196
588506
812206
283159
739663
816485
437783
571198
117235
85821
682955
299668
434992
335153
686303
478937
574969
225300
33184
101814
258375
571817
409911
834674
841163
575849
73384
76237
384187
916275
409140
696828
959374
227793
812127
155842
472515
559010
734988
244584
515610
297898
428612
699993
956006
668403
298453
424988
97914
425629
877271
731182
778433
650441
61194
141243
168426
688606
40603
516729
218048
798582
727493
942497
775959
154345
300500
823179
616930
903156
193477
567334
801122
35333
230026
145745
630073
433381
939498
939096
860829
550402
588548
264270
654055
749464
945011
338883
127947
437436
201933
154978
596002
538629
241990
332970
908964
767191
822322
901767
884081
670861
667048
986124
750926
576770
60610
827919
601005
335100
908352
642530
104740
984054
87948
386729
678400
920073
569112
50333
619891
477558
244388
368092
124328
148434
203227
732138
364471
199119
288221
220872
112116
701155
197912
315631
817570
325590
904591
888617
880005
116973
139389
818893
532053
739950
97874
298901
562830
343184
216156
458397
391397
458049
747585
339898
161301
633875
484201
145653
790678
2628
49784
178467
204271
292264
787705
696738
915811
826293
671318
752178
870279
878315
881475
40429
122419
284382
617083
729893
869463
650145
870307
951896
830309
392273
457162
851346
168428
21243
923538
705376
485701
256555
274856
270508
491302
800210
333358
42106
44244
666259
943098
35774
398581
692906
689912
942615
382403
521337
664555
126636
657181
231217
917968
580834
948279
268249
844387
259639
726962
548862
460091
960446
742791
606264
364624
469879
743708
259604
109917
710922
712505
102819
520416
323424
864724
910686
302655
470622
90888
130804
288901
498111
393636
829618
593417
546253
105760
967822
752303
924284
255851
256144
996936
125603
562207
142750
187029
262232
739094
284834
967273
605606
719638
157466
349740
388653
734504
531579
116859
274071
27334
682307
428525
820083
613426
705114
682225
244591
344611
745892
393491
887286
813210
450278
376861
348708
216852
313426
835610
662306
544728
320497
655606
112163
156272
533483
928577
542202
281396
458678
393106
442837
261185
487513
553672
709466
129673
337884
34988
699548
913540
116558
81522
451194
631941
825074
152670
804692
799015
90055
721028
723627
126310
74099
766632
429780
823370
353547
798787
683097
704381
758146
281959
620077
358718
842539
61114
175561
671662
479916
757086
515751
630088
815681
85105
43994
287918
137322
952624
226952
457374
233779
606262
545030
868163
748958
319907
293134
874792
269806
197016
23839
331015
798482
709022
358193
183744
911213
516134
477396
108581
648574
757803
965220
624754
588593
895795
916459
373402
953537
640693
428691
713212
268232
556245
483142
452341
459364
546699
953124
294670
393928
375137
166112
843798
429212
598683
237560
66699
547090
679856
737807
452146
287815
491831
235880
117894
603281
487581
257153
679117
372459
686418
712650
434181
549754
380228
600064
485630
962299
671748
164779
213057
665036
816196
138032
526382
424467
792833
391699
600292
305487
769406
630926
961688
84153
994726
590854
62409
754134
88147
492720
587210
530524
100652
139968
403646
143806
341416
833353
1826
669526
990706
917238
507332
423151
349285
494499
49426
613164
537206
246169
836237
263447
117873
179236
675293
15690
241564
108051
302845
460340
909304
71244
972886
919560
228069
916361
580266
602248
490149
662835
359079
329066
10873
589145
725532
453220
61799
699213
341703
175961
48221
82139
108556
644192
583471
303911
428931
745197
86973
781474
534888
903902
840048
496296
62198
454756
170979
990266
338701
259404
198942
238099
979791
52457
175037
9641
295435
849120
110639
118849
320977
177872
582042
460847
127141
700443
129564
419305
785294
524246
175533
751879
846670
376777
196896
196890
85931
34723
939080
186534
982316
814525
804727
68221
289376
527753
877538
232185
88279
701079
945248
397013
873652
300355
198609
858280
345050
951295
997275
780736
516036
375993
531664
899159
125873
805992
789676
778933
373308
721016
681466
813729
302409
400336
2005
721221
693788
29244
448972
893853
235524
635772
200671
858587
177844
161896
478822
644379
628785
579838
336401
843710
444647
174538
890954
564069
336087
231281
273527
530828
405291
377049
873499
94400
827691
552440
375900
536702
755911
161976
433119
254762
816596
728900
682319
744809
660756
485234
936701
403291
973358
282445
363490
892792
359100
166461
776383
49926
953283
166357
620133
375988
209598
57274
455121
552599
22163
50347
588015
929982
312615
435696
832511
175795
316045
754083
20757
60497
495705
853077
901050
16381
749267
213407
690800
714626
834183
258119
446803
449869
460858
494475
326107
46786
133559
241293
276862
871544
369478
273818
185843
62232
339710
377368
678928
456333
402610
804236
320085
252008
537223
663302
575745
20884
477926
962986
84322
56944
25484
843227
975851
992462
750078
443845
2237
156360
671258
334599
758920
192186
340297
332732
777547
200223
724881
251109
605239
77579
543111
700212
25393
948290
861218
836151
53175
280372
910058
499999
778202
66326
954830
814445
235817
458142
997333
737592
20014
73627
955949
112349
727122
234734
148000
195907
568667
507497
853924
669513
611350
191426
840145
320975
849232
81715
841325
171870
22654
610738
959587
794997
898108
962888
701971
697009
462898
950481
348674
634264
473619
696143
437554
815298
429247
442858
34573
724260
362313
877960
588603
230650
445970
178437
351763
237392
819028
973903
634093
878574
464699
907297
195222
309854
408301
373594
153117
384603
309163
803705
761034
495704
879055
960760
676398
705129
310005
16258
181334
637522
568438
266321
959705
242667
149776
287848
504145
234860
318113
513898
912934
397723
556626
874582
252934
618895
487761
804384
172081
997279
926838
845036
519920
794541
90631
735785
772965
886408
933655
933192
829694
254466
898633
610008
415235
826896
763442
444800
469903
623191
992988
523352
396444
236313
400487
839012
904247
125371
175307
221869
197458
472434
990264
727870
430136
616330
889182
581752
110107
875347
632585
763282
928649
911976
749860
666161
620285
141277
582622
672288
835602
984388
490665
861228
592787
227484
642207
549791
881901
164183
345663
773847
360518
147015
946390
783298
199334
568612
983865
279224
953299
598716
852590
52020
410556
961399
855467
505520
910155
531334
126838
65885
522333
674984
996843
362684
403854
765145
429404
579036
492141
265367
372755
233840
29135
72786
424946
746252
592703
831791
489468
741564
526867
721337
191404
77313
222553
509157
330819
339625
360561
768768
237087
30346
60916
249911
251335
190426
978194
368898
515139
259182
435322
418286
254760
551757
454194
420935
524338
581745
584262
969758
399049
243801
497309
109372
166630
14222
208295
316387
247823
586672
765810
668541
305598
356411
669212
673636
782560
700124
292899
902861
27385
670570
380440
300370
295588
965059
96754
488922
388024
767492
893759
882342
15751
971044
285429
367483
160576
53485
6951
697576
571380
819736
12051
375347
634294
272069
651352
485540
135643
881812
631429
26669
122784
166307
813388
735476
895275
961316
737557
894783
394986
29465
585583
131963
928984
915695
883681
446377
512734
379189
122655
937958
10262
241079
260376
446805
441770
301307
50028
687147
835931
439255
724987
685910
953310
496365
90073
920587
315040
121413
849053
439083
222443
115589
889752
346705
917088
643279
469603
291514
985380
780087
527570
931921
295320
235040
845125
736855
482624
384754
202460
34540
313413
739641
659018
30972
853
919901
312323
431177
2216
846842
520847
892688
686174
87771
699393
415835
296260
792600
524480
176675
664246
374793
598916
823839
855774
414310
792733
945069
380698
618493
33069
248860
595260
335822
802998
375316
77547
949510
859598
642082
504294
582103
811183
230180
322281
939504
322987
441613
908520
509918
780796
333398
879480
36031
327994
164226
20941
163038
892261
933451
509278
574896
184418
435758
959269
260778
596547
836880
472002
600061
678079
665420
328383
823087
102785
690970
615726
444375
749595
320029
876079
231925
674907
43273
528974
124972
92086
257646
423817
771420
288353
938086
552495
725280
982975
971991
806371
58145
555061
731494
983296
138645
970841
449273
487895
38808
401096
155238
748307
330149
816022
692285
511102
141105
497697
346222
291164
630308
116606
640409
642677
1716
854805
286641
744496
993632
595977
666379
10395
421447
713423
714825
780744
986274
383776
262621
445585
542628
571465
125564
313531
487533
919648
394402
155384
649765
730321
277051
469126
813627
918358
782709
881014
729402
410693
141536
142663
444869
252035
387902
101361
667503
609366
931053
86013
153401
658009
308334
227473
695081
133192
794449
99978
635331
404283
924735
430146
621863
45232
816099
560625
226823
569857
371510
434543
630210
298868
298023
643991
587810
940273
804643
246151
302191
286670
106310
99269
180014
908870
369566
998524
605241
927113
717527
292516
569340
269677
376905
579263
910921
877826
524763
492159
137689
395714
399634
811013
811488
257959
328058
584580
230923
722263
818799
128132
387673
838011
550728
943875
609555
724205
937057
711093
581930
790992
219844
291052
285867
906873
227124
771668
766561
728778
869333
611669
7431
973728
155707
924507
38504
689442
975309
500530
18197
104250
981717
754954
551042
33056
137960
757018
614590
889234
467948
796897
599822
690208
375115
528904
721701
91811
848563
751908
622529
102414
419015
796183
180132
18972
732901
73366
421421
283625
765140
537349
99540
989469
572298
936382
278079
839043
258712
151728
639939
61559
609139
448100
129850
823550
587232
712475
819645
233712
683899
260564
106174
594000
183203
416233
238597
219772
340422
574361
697221
877183
447492
439009
350490
141700
302594
337475
299362
641062
588238
86440
484981
7330
388650
778401
304642
249710
810167
675017
243207
136419
177599
24839
978476
613077
149983
768048
604861
825859
68367
467913
455938
800426
105680
218217
693757
679860
974193
234493
810560
322126
507709
458790
148712
173079
698564
351229
128122
292659
533637
717110
514968
596288
497205
198882
844575
804769
636846
427918
676257
221109
586167
10377
445498
423404
549036
20803
649937
829104
23434
715345
334125
526590
725081
8846
983153
465880
484342
842651
889333
696659
596476
430406
607875
127499
850831
890632
245803
74423
457092
721513
820611
281175
196272
786430
853567
159050
534988
507794
375593
441340
788482
164515
284349
332412
66198
757251
642211
369195
742068
620448
136777
11088
543762
40797
91036
425801
142721
909470
38564
342940
480214
821027
874298
166636
403183
961356
151654
246919
660516
464315
446873
804956
763340
676182
271939
41354
530793
942123
920658
652563
385585
588719
955081
12335
680826
882015
761144
861565
225025
894728
220126
323668
360790
186209
950359
482808
706920
767894
432579
895849
501289
56992
65078
387477
573725
235471
144661
410733
387908
105321
675987
998740
725346
268780
187720
682548
121960
610672
181227
907499
102080
952425
361388
128099
308538
84168
847601
711552
108046
132992
793834
756274
67341
605606
138579
769322
939881
442353
87622
519464
216093
710177
320250
773747
497018
858173
962076
545571
732240
780660
835848
464856
567413
254629
133732
860429
896053
903994
187993
722310
124566
924655
697967
751463
539142
683121
172228
961439
328547
323809
655849
42945
368551
908599
911129
518131
854639
264324
324055
461631
835110
126288
193635
156999
793234
728801
508248
975509
456763
582877
155045
907985
651187
469511
411558
271115
91271
729957
98526
914040
140928
721346
350163
194938
801302
257871
714887
842776
462578
796197
978830
491789
460254
73958
771793
619580
32524
29889
820125
723777
585984
310675
25896
432738
363162
690475
421219
109412
225412
251366
981685
56378
73460
930297
478169
45592
38878
652238
852181
366055
650170
346949
690197
639377
291821
609755
140645
496443
110103
151464
701640
875923
166776
