447738
155837
578472
449907
408928
743904
728667
101166
478119
778260
70678
511604
812774
272862
282831
662600
917652
224205
826042
622287
165839
915854
843484
827835
796600
177967
241279
137870
134523
210670
347774
405773
686060
319869
291712
511364
690957
366997
616513
11568
936236
689780
284236
749708
88169
459445
280517
91195
629974
60682
620258
21262
171575
291672
957690
952499
810344
853550
889334
914747
257246
884003
784100
907526
283845
333324
92458
943758
13449
603671
266327
181516
742833
334216
64469
435658
324005
894925
904763
13446
5968
262911
991807
201408
819744
885176
883465
623201
231146
260555
697506
430984
338283
424804
345547
287729
963178
516605
991594
700100
788665
820154
320415
947320
246553
210275
280309
794018
809533
758523
770613
709918
334951
36609
413076
933272
341359
616386
939532
983480
875618
15961
139656
832936
6791
29765
950136
939843
394429
528549
461957
769243
917312
281682
281310
75303
337354
797081
783089
20999
512214
492052
29430
535158
707392
829860
545189
495051
948488
582028
880840
277996
398453
552621
289643
16336
638422
307674
964911
920750
234083
160599
327806
35335
109507
641907
346008
82893
642791
108543
702860
72879
627923
868138
407107
134402
996605
704890
471735
128781
433422
17961
282305
347377
973893
496474
908559
325555
274107
360246
691251
557224
354945
267240
196505
24380
328421
137393
291025
953694
450260
168808
82122
133259
787417
810002
310304
264246
34563
808217
574540
319953
761445
968429
524154
387963
606775
515636
478648
351686
386138
165295
723722
690787
435705
633002
730202
763373
451275
843487
58892
700942
456756
830505
359856
173970
915595
966240
618641
442758
239991
426261
375082
380748
431730
691371
767864
783679
462128
317776
121963
146109
913240
520407
382134
8469
226545
746804
492422
428430
732888
955411
558991
612370
48365
677589
192961
743862
230670
135272
28570
236263
734907
204737
599701
405746
282777
737849
82752
719151
824338
603009
792747
598283
142937
158147
82556
946545
108683
807191
569248
203605
937521
294239
457244
506973
890914
238272
291521
982060
59654
379389
919678
55435
619125
469873
14223
113014
65981
767529
366931
963073
42178
132380
609276
261733
313856
905416
519904
392747
428077
405994
798124
346932
756922
223640
827319
124130
181175
119039
911604
81127
81174
472117
936194
842792
413063
131642
162270
992269
980099
5584
131512
851048
685157
882676
557539
729791
516274
759608
116517
347000
123065
475582
705838
499872
413014
275155
790694
942871
111120
677669
976351
621852
966370
551522
25514
883953
142167
237871
389317
789355
424782
50114
431986
922328
620317
604253
818019
172108
508818
263656
667856
864266
28053
12649
184939
720332
965033
798690
887403
813360
574481
486535
821893
456063
577935
623194
224634
608410
491527
143077
123273
879555
780419
706515
662852
821445
300368
628716
464320
642945
153541
281516
607014
923223
503843
483838
781222
693677
546584
256154
115532
305951
922846
818552
473450
362947
338305
752815
354549
768791
765629
746415
55276
493578
857989
237783
146611
821027
70368
563252
817598
713746
250798
817815
629864
707858
358473
491538
686948
798135
496455
474895
570570
585049
676635
537868
742483
704349
770459
108407
11616
387613
656668
958817
995252
250611
891577
60002
938819
576807
522227
136714
591074
975602
221426
41727
389981
200431
931178
252344
475943
701021
33817
126037
237164
353363
671148
882392
755907
369921
822337
724868
950527
337246
145032
75728
725797
576755
233602
951880
943863
52868
965867
95873
788463
120726
894389
322295
619591
736418
564969
688517
413621
358420
507058
260735
27893
771904
59381
716463
691902
819362
618584
536427
698838
883600
979428
26192
981761
463230
560005
709469
312213
228142
13614
57198
778025
24626
305241
115154
673132
870815
242348
815756
90641
127440
925368
809699
876328
679316
527898
224422
660360
381813
159428
229504
210281
732198
838230
560243
395470
44552
196390
184116
181087
325977
85023
539619
767700
989049
149125
828006
111310
141018
27862
972897
115136
183812
194764
304148
528074
623427
107840
459856
110054
554222
963240
781719
618811
554324
135873
83727
567631
98244
150344
929123
984026
406713
737505
952823
325045
822112
597403
890309
224113
304584
255563
53593
546821
19365
571476
141797
935135
94017
748041
884802
511259
622272
41769
370372
547793
662734
379657
111288
201993
848167
617551
131516
365513
516034
786586
733819
847311
177307
317887
965252
947163
211932
39663
776135
553188
441063
917876
427115
446378
345794
679514
346382
16043
345696
433514
516122
618031
422152
335121
883137
300286
558564
677728
603477
984626
679977
801005
889989
625383
213341
473174
365944
880526
415562
464678
406207
160417
937341
175759
323899
954161
710011
214999
912587
779547
868033
488016
432623
380121
972855
160063
50942
839156
627952
78815
287808
538199
423008
871102
304873
759743
512859
242692
999411
700879
832454
98771
452374
808129
62364
478666
178343
353398
12639
634212
178186
4205
690777
708286
225813
27410
205389
249014
494787
154542
375615
112879
561426
607613
649117
719344
319610
186653
805641
970028
580234
512610
463108
186588
945312
449798
900152
63305
23620
54910
579298
856998
560610
448744
486426
442265
397282
533280
433920
242586
692902
709937
262533
645684
634655
208744
496915
182249
691596
203525
917978
735859
888337
174027
974456
296100
526256
973367
801348
499886
305894
745805
732280
202175
386084
209165
296056
583365
484712
987269
869763
165519
869624
88448
935733
172564
330299
779996
172214
936332
312436
424633
173699
137916
714651
726029
110487
448719
799066
200213
781621
459936
573601
171430
521493
516053
482086
931810
278376
472869
588156
486341
924362
115129
532623
434143
223428
60656
409466
128220
721914
660861
139589
268735
857847
398443
14462
534253
515795
285185
327986
138918
290815
417473
420873
778830
300333
739466
788987
461929
196126
523997
647859
126886
50825
209276
821054
51794
208293
850158
277168
656109
170900
379232
698003
975130
164716
260454
101453
664495
484962
329182
480781
399149
996565
920373
328817
767305
568181
589763
667320
728105
355854
47826
928031
35498
127477
117436
890138
906846
513165
741938
587504
318547
182006
786201
17459
20814
241236
727822
533083
971607
928631
57803
466623
311278
487724
213345
211887
451419
690527
386981
871408
62179
128427
539239
932053
114967
314560
236829
877750
381894
599472
13343
555664
795026
144406
786444
656249
713248
780131
947018
200190
421673
10694
749610
572187
657070
57655
496489
541973
260040
467489
158482
800376
983965
112234
459074
843753
247279
936608
484356
521895
482446
729025
751194
907874
136302
203303
371805
454903
569747
93966
645243
911688
127656
322308
557792
239669
204207
374636
19120
981369
400659
900078
985904
735651
192538
458878
894532
432814
179126
354312
282643
458304
70266
454901
611079
538172
463594
168989
389744
16516
356139
738953
579400
347022
36569
727011
426321
277601
851896
617661
325531
142509
61634
386618
885281
486661
538654
390621
519571
715194
929842
829356
580143
972693
774927
742976
599496
515696
625675
14380
134121
47921
526508
234120
476051
921956
493632
906201
714849
397236
933130
662878
205197
987398
926871
698681
93003
23027
850926
331256
760595
299680
365477
476864
712508
47611
351184
720661
562180
537171
522965
670152
114604
558292
224091
715774
662080
956702
778081
379480
986740
398082
775211
219076
56554
706649
228438
740000
368593
416832
645005
294150
516839
71219
811668
79992
134494
863941
165506
507241
342429
893433
775052
859302
360989
722369
265019
720032
120948
953616
130431
323478
349231
711710
965982
333923
209943
787256
562565
248417
154262
804096
653823
752889
700532
76744
283587
57545
476794
80647
226535
606000
285879
881142
604275
745657
422496
699210
68753
966049
592466
530062
267744
414598
178740
78364
616679
594543
729528
527288
694502
84594
300352
787144
273544
932614
266333
329524
754678
359142
702322
52822
246597
443357
193271
114078
95439
268980
222106
599237
153119
201910
810751
362732
259526
823069
947368
32785
624842
18971
305200
321068
741246
110918
131186
176300
412333
2208
576903
685193
624240
833538
423915
344326
345247
51557
652353
443141
155236
614157
769389
923142
92395
469459
654879
565118
55158
878093
114416
71888
770316
223708
943588
842218
761361
173521
560464
205183
124017
621756
355861
152668
158390
720723
223370
178729
685754
669436
974392
579711
716982
916024
146622
665440
7288
628011
52181
396567
757491
302540
824750
148013
811312
282149
298104
480837
722659
60039
547069
797909
709976
521678
780652
891201
162572
519052
811761
668502
786329
166613
418624
523935
357641
163687
320689
275431
517963
715251
114374
888141
64322
667788
901128
745917
544379
793707
412558
162192
975095
109533
665823
433794
122279
371722
842671
27852
496630
943458
191110
47902
829696
418469
308734
565563
94752
758735
391787
897264
130854
952543
124437
349106
521448
836355
94304
481555
184559
741922
973005
517665
454355
863557
371481
874651
769633
99875
298243
677457
50360
873159
10155
553303
98355
373728
920918
89701
464832
272933
988046
500110
866511
169187
403494
790235
845479
173732
561692
55684
840274
14205
973143
306378
488761
754933
57551
424180
722698
730061
821451
299364
430805
259633
986886
954388
859126
621881
394795
602291
428845
990620
646016
672982
26890
485554
283167
260445
640003
878819
636510
343715
210280
677874
502416
770849
304173
903072
226597
919136
224102
924478
329580
838424
528274
122194
74233
118314
406094
653221
703330
847927
493739
487080
951523
342363
301785
768000
506977
551178
697858
272885
858188
356741
22515
917810
849565
792376
648565
496058
357247
416115
146874
110120
412298
39235
438432
241578
290156
167294
135064
456286
827270
177405
24317
953820
670834
112834
342659
933459
297783
82278
534156
293256
789756
531513
861236
245218
849636
598227
632119
78913
446594
757577
506176
547912
159095
25404
704014
286843
406319
740875
913285
468356
292340
722408
113615
19984
911213
649480
579117
439382
415928
859572
711070
535736
539167
339453
867882
436290
842425
483660
427723
879695
680160
944215
408569
939722
821514
271088
772881
944274
607878
707576
931937
258935
174101
571376
215634
929889
958051
273328
151218
190097
680288
127024
148446
96127
127616
308483
870793
383073
685899
95204
454251
703757
476129
650729
604296
943221
784782
515220
981275
990098
721478
790921
459935
963740
553341
672921
705403
313333
207461
450940
684104
240805
311237
241374
839488
404480
196211
149520
568068
304484
900782
230367
473993
81887
876058
423426
10209
793261
334744
899884
937698
127518
521921
695618
203125
367382
916672
167
491196
491247
212425
251250
627425
276025
834618
728065
641656
234785
34892
814887
730640
362351
843253
364289
988379
602473
517342
614950
343479
373013
76284
971388
727512
869596
60430
6247
723412
191178
635697
416157
865611
946482
744547
756949
965745
359855
563986
391070
287546
743429
467616
436620
360993
661157
381750
498381
699988
432015
536770
569369
147327
831954
414414
736328
201715
136047
996606
116989
743283
789340
84134
268224
461467
878564
36806
491434
638766
275371
643363
234297
423162
961679
324738
519556
935210
370475
893316
1288
623272
208757
813401
144672
299372
114823
335970
949203
98598
11451
741351
188935
822788
67695
43506
263828
988960
388008
851014
923252
798730
325778
392319
1814
924845
255077
401031
359953
528672
711908
59698
438710
207179
18559
168695
634622
744436
921369
946316
758946
994853
86564
505373
236554
791100
39719
263144
173469
659407
581089
889784
822583
424825
790088
662523
13305
80070
400362
837378
6329
410615
68725
15702
650266
590130
96722
553137
577079
455241
675179
306656
717817
344293
961037
158643
758088
648654
859817
759709
266014
775770
918645
549551
727927
578545
324208
914860
585637
275833
145666
602568
576640
783970
378241
879042
847930
285135
742864
542939
347216
970399
727074
542705
149212
960472
878300
28157
880647
223856
592025
820069
54749
493431
550727
272831
911993
983332
16558
824356
913183
903738
159313
849708
183080
699734
228653
501643
543256
226200
412702
888647
186251
578540
149345
672213
554228
38196
990288
114635
685907
37722
161941
743132
296793
280827
535869
810624
604934
774631
801912
821675
256317
756219
372738
467959
280135
787676
216901
979833
466880
120993
922891
211311
792290
346317
252894
148373
747819
943673
501439
622870
41134
135248
412351
112096
227892
483252
755644
852816
581836
595007
782203
144332
803574
849380
388511
525168
149032
755763
226628
296416
338235
308795
405563
533757
337589
190345
847330
868723
111283
72399
374238
648110
256499
549345
194808
492588
216380
813592
897681
48110
967082
33497
59203
873416
297242
97200
66134
236504
7598
314645
983964
842451
389757
218129
260842
5819
367450
941434
79347
366957
224447
967962
590146
357142
432023
283438
468883
696006
128805
774218
486863
778844
754772
944282
387875
966753
255259
504835
251068
575345
515340
67751
346785
126164
175226
181896
366124
722860
903621
692292
736294
218118
663044
106942
308542
875986
182157
416349
543910
546224
82787
974766
286347
833440
619837
680805
35375
511452
372079
57857
936484
357890
898168
877837
530854
915048
239783
290370
585622
375956
306474
662410
815631
899780
624948
381791
846823
258023
967946
541714
926852
402223
800619
443880
993944
193598
655066
853087
327354
862717
825545
842638
576546
863628
247332
860010
480641
968915
50038
267301
921275
72695
972796
501232
199170
104297
898757
261473
504144
192280
219906
684656
615360
700550
874928
570524
443082
644280
527070
644907
816730
754311
862429
715406
368971
968788
512708
624802
7173
56153
256221
879187
391983
459226
774384
891291
787987
795514
988841
404393
741710
62889
346280
372124
970288
553787
975654
965742
435702
974100
342079
105646
758241
378656
425317
706546
149023
834125
258394
761797
922685
635727
750386
611911
179712
495609
742191
617814
78778
164502
210713
657652
748703
499313
827642
386214
917904
969089
117506
530671
63894
447022
100107
525604
151274
327236
867959
369004
27760
952563
36534
107798
544132
950464
711396
933591
833261
560844
553743
82270
11631
18431
212502
531030
290429
906769
319724
57784
135754
592693
384252
78601
212864
293282
749351
818103
779594
957375
178409
432908
662988
475754
842905
697101
559602
681829
520271
871858
686502
891677
468064
620225
162395
563737
854212
980553
428743
248891
954841
158520
212973
943862
846912
983257
91288
850189
365989
489646
714084
77507
536477
536358
994165
223653
870248
591996
727051
417840
84501
223404
334574
923168
39877
961937
109443
807574
692743
127008
297345
149669
303907
402875
953661
975417
885170
872883
643361
499428
527658
938333
321979
567750
262456
632783
543921
526425
993222
444792
207443
699671
539676
238233
666825
717192
81314
839332
139307
346987
471492
181103
19696
877056
924270
216981
763069
870448
710327
63530
969439
28250
612250
282008
457940
301819
723166
877530
730820
955129
973080
320597
772365
167500
475783
133902
297275
365642
257629
287756
467223
441357
515869
191627
689622
444931
649823
710874
826419
522001
655089
219730
256535
685348
922264
545267
259059
965527
881332
258268
855152
521274
235969
512615
971262
420485
889465
112607
234377
974361
273751
444574
74762
172463
682679
866184
477626
538463
842010
743070
987425
277647
256453
454335
688204
655670
401736
632449
558684
801100
237020
5352
375675
472592
32102
33281
640362
823221
734872
204702
113654
806122
360823
808431
684361
466693
16503
650360
702813
292171
441666
368372
35659
690782
775383
642054
820930
696004
746063
763032
660883
633616
412412
713299
244904
361455
750314
196025
273109
91729
847623
713186
55175
69745
771807
609809
769176
786627
378175
683250
677701
440441
883643
247218
13751
733043
346060
106747
554365
705857
235217
758411
668315
855957
161334
693168
51708
774922
548082
611234
477570
146059
885610
353788
182014
999073
28019
707672
601723
717469
9205
174919
838773
320734
394026
52714
195047
948032
758150
973361
888194
975458
508913
791085
236153
761297
440368
134163
738809
468246
555169
567183
582774
873240
191973
577794
730849
414576
403672
852122
599478
92040
872059
496717
649905
151150
601075
806514
433952
66171
705130
24444
18132
238234
868948
952531
781297
801399
904716
332625
29477
898374
941788
628950
913781
26029
576796
41416
758131
574799
932401
218410
447628
592374
475447
889752
438718
291484
496057
146972
572262
946390
181981
672240
22327
596638
719709
799825
666695
94331
629168
442813
174403
873487
240263
204041
248387
777277
53682
323296
85561
575861
168163
692508
682306
471645
57227
271738
940383
680541
904033
140606
512509
658823
447041
886306
435952
572578
986801
688252
873662
537874
508542
680619
597080
569829
753221
326013
262692
181180
658573
723169
161269
622548
180690
428035
18268
105520
637853
112970
159896
838693
559246
476778
602024
312577
551484
785766
481602
645657
575731
148070
616604
557870
46748
950960
120999
566459
346106
339398
485339
290142
478160
824988
291117
167584
76385
220149
522590
696547
947791
992409
105325
981287
723173
172981
265773
991801
949296
121679
638833
850616
874120
981859
445731
945925
308972
124319
480884
378118
875275
933432
462637
891095
858655
206631
818404
987919
753780
569028
212683
389738
356295
771965
257763
213656
603401
114291
949902
985889
642179
38513
320449
895283
392083
987785
259480
397450
229780
638861
768579
842490
418652
397223
948702
668508
438622
266902
444767
710931
380656
109381
369512
475770
477928
320074
395901
353323
667999
299640
830415
95278
19415
693025
469687
919485
315321
788971
903038
590001
84343
235341
6361
169098
174672
903591
502706
84959
165938
395324
761121
179552
7609
180493
856890
38085
427605
918866
771775
317462
211658
791447
348918
813141
585490
505074
264150
996491
647325
288797
611163
543726
315576
501236
909625
326252
614731
399884
947628
204758
753277
579373
854382
332716
772466
860398
606914
589505
237044
253356
444910
653899
431791
757606
866309
419145
513494
978424
126178
151505
460516
493938
455345
391285
8061
162133
776999
442449
402035
527465
752466
718772
150436
936254
477066
826601
888320
42493
46087
799905
821608
986089
614797
121022
690994
962104
372482
628990
471817
506312
519840
861058
122033
603584
798789
11642
332329
84228
667943
160304
498537
729940
275942
330541
324363
714818
939834
302027
771462
525326
400139
180697
173973
560991
660832
927588
322166
668128
150447
25192
342030
845109
890834
618515
563049
629913
657627
106034
956064
475030
609662
37627
38292
324639
31789
539829
670486
156621
534209
876296
789417
144820
226963
729565
657247
912802
500715
505073
70943
538868
45520
592700
726408
474644
974782
78584
169904
866514
102646
39696
40134
507742
222319
802918
872533
762848
717418
107585
248105
827124
743651
568594
214284
821573
344611
179169
975849
601925
754419
423577
211602
16198
205291
617516
281245
692024
732072
620772
71593
691839
50907
223880
234238
882224
308158
979283
402345
715107
401987
483561
904138
272229
276893
861588
363156
183615
140698
180441
691356
775675
422031
587699
566251
842882
493934
421552
624821
200146
622668
179897
933173
516111
681870
93870
424097
244464
343984
897519
435983
36442
589425
860984
838308
57866
492190
901732
501620
821803
367738
514130
598076
390919
967495
973349
50039
150874
574644
753445
330592
603107
560451
434821
994131
704342
660409
234885
20296
207541
123984
234470
92116
641150
597179
389077
619542
15177
775201
202363
508842
914999
580152
268280
87515
477815
908301
830142
525943
380404
943328
44685
456508
9759
7403
154118
529326
205076
946179
167727
978954
110059
567256
590466
872276
86750
107863
294322
741901
90130
829422
240891
389633
450052
63407
712612
327676
655121
173774
35156
591325
787169
831108
769102
976962
974706
596182
76107
46819
133309
517232
984947
236923
369798
833643
664311
632096
165061
170606
151950
591924
926764
673840
665417
782836
812757
126299
381589
442477
351882
389260
207373
464591
121840
980215
173178
890394
198096
759976
623336
881909
4675
432036
390245
292189
303866
184814
347417
857082
238248
264677
804349
591246
122956
576779
298425
978374
956638
907488
999134
971699
580501
701037
879293
790546
784531
340828
318946
610503
734382
958788
302576
59113
685020
925059
546522
792694
111674
778180
909052
184551
119673
672993
680084
851359
24486
194978
254880
753597
974420
727650
654548
198224
604519
75282
598776
150250
714048
513431
600220
797965
4736
421263
461113
702915
678331
380849
148198
75914
802107
62674
93491
252011
50478
146500
56678
815403
501997
279513
597519
408411
538217
849093
770826
193674
689716
199266
46545
137051
379881
92876
637179
209649
97594
766508
214549
747206
85780
987603
430108
221403
396785
71740
402452
436298
171705
461492
182535
364727
599574
747093
714461
871909
972947
426029
109397
346021
355055
568894
438814
292392
166468
547359
802900
112438
844431
411264
451482
907255
199708
812043
698192
37999
438671
675493
213425
937863
226896
539347
450764
746502
665940
276794
160925
426079
129925
557759
324168
111011
316238
988109
22257
741335
669508
210612
156346
94688
798132
340718
591450
656027
252357
939326
829462
465865
645962
409970
443039
886631
14951
746631
850377
384348
775516
206763
576099
566412
606259
81565
682807
663818
412738
934513
919519
655146
548062
292655
687170
893235
790364
17499
903402
659252
766853
517904
261059
396846
256853
683782
268339
727598
884144
601010
502096
91774
246562
374604
966018
930545
986449
821356
984503
225437
292866
787790
518012
60774
739652
134581
770751
330612
973308
203371
61086
829318
513870
549285
530347
491424
199462
529157
393087
595296
780192
879546
987895
168623
351066
453955
774160
167570
658707
190480
899675
354720
565952
309897
307357
764814
583979
736616
549509
555238
54856
82625
160842
543575
201366
386530
173281
348581
436270
828501
470104
549761
270060
681858
183378
769523
154423
685681
121823
235123
71726
184878
636983
398808
647152
766021
96596
722472
989512
693741
524457
489934
821940
134657
656194
128617
606480
43049
271929
704960
970212
987223
552274
285012
348743
26477
982004
802510
95918
392701
483397
891864
500756
828520
64992
941896
69384
453927
810869
70070
475982
469992
458558
99758
922739
275536
173082
123457
604017
726495
876616
19638
221498
663858
699585
600926
607332
336673
5809
34245
51826
634696
433300
650436
384955
878371
63018
797940
69626
102995
635158
20797
161649
884093
137497
770060
100538
395922
209189
128803
506283
182953
430049
924682
484325
881031
33081
962083
569594
328641
142558
725403
613753
376865
474877
526870
112452
842983
99808
158714
648940
221130
940353
757285
64593
376845
634667
908476
553514
230265
16978
397620
331625
778648
741184
721624
226429
75661
270951
586042
952689
651150
505365
631284
121777
352896
873093
59417
262957
114926
514129
318334
812822
241061
351237
857758
616326
886638
432528
588526
627260
683240
178900
714878
997252
538690
926492
472392
950966
441683
244397
765721
253141
995350
228021
603161
738839
754757
930016
46073
565188
92688
840010
246903
572087
4858
535183
371153
190977
316945
314493
365956
77037
857288
713451
822591
645599
533298
743523
580713
575190
362461
488186
530892
85008
343881
66881
346652
204109
286660
892436
495720
16939
859619
347919
396188
952240
973215
547873
761840
334375
840713
694904
358961
197793
243435
72156
899498
634908
747773
704664
102767
523714
11521
174802
176709
945608
798843
205756
319217
406903
609552
956131
494364
188296
672571
567845
795167
357735
203046
995328
234865
188826
237739
118725
518250
479163
193062
744363
721651
503137
159542
623295
937421
137053
731153
935609
537466
146592
192385
88875
498827
66682
353023
604690
169735
258237
527786
719503
279093
314688
434340
509999
446855
988543
64970
9958
501923
426848
944141
299611
887695
222097
184562
341789
216568
293260
26018
356339
755934
453756
160750
430096
217888
680314
398564
470757
968991
601648
665095
75473
120274
727006
782253
152052
92838
442811
393338
566433
260175
554867
724340
405105
260848
520079
514692
779700
386339
956019
425352
137859
479397
681728
819287
650737
643297
896666
365330
428832
507671
86787
366691
548143
835113
799078
815893
346833
921474
846832
81872
84921
555299
225113
509295
494705
532940
138689
538816
913162
499011
103605
177623
474734
355012
756432
263887
625553
931909
420094
916319
628742
862564
439516
275988
242286
589103
922811
726000
460107
822416
662084
69279
236403
962579
788597
374098
118687
939734
190857
187643
754339
777548
394998
264739
935544
337389
732432
960811
988149
999422
661387
848797
244317
984888
867038
847534
551569
196312
362050
232146
229606
629506
275289
300924
451537
35410
992236
663473
10431
193
2125
264136
680321
325425
471579
281408
208165
779158
728996
191869
417504
513728
950309
874337
744487
8329
650284
898755
867868
684119
384991
709647
383397
94222
128789
124218
707225
467669
203681
526240
382932
86916
405936
295739
278442
756263
610440
52290
314104
431857
821040
806236
909078
18049
659119
830271
265128
161033
544876
292778
350868
550561
677620
990587
212686
189415
291163
770349
808910
191376
483449
366578
7652
889680
202070
388585
155490
707106
45984
310524
556983
197108
946904
994905
150939
278515
109710
417227
568742
572462
183425
239412
146940
456105
590696
449961
651555
354369
653966
435242
819253
184182
246168
274045
425072
677466
389218
21734
452651
951381
963272
368772
619940
140946
640193
920842
80692
114378
104293
15257
653923
684203
221007
276279
929944
222500
831261
184175
474665
684624
601428
799685
237265
663100
547105
239571
323135
682519
207866
908804
651403
428213
937635
466092
848131
454656
392909
240963
96484
648891
207000
993341
854565
71988
31033
122823
629676
266054
954999
540063
871076
193928
986128
763152
905574
406294
827000
284809
858068
504890
924609
701529
503365
256950
268054
689098
647450
711472
260897
261783
703535
493754
1869
450315
137901
937086
660645
541495
96701
723523
721371
187215
299543
759326
865061
35041
798968
42871
700418
573683
881458
737142
295963
924217
87581
700747
436676
921776
970219
775448
67873
757978
560026
739771
297958
161750
408642
845371
722038
424667
536590
77838
831341
89873
40071
236484
156153
455948
828492
470740
914979
306469
142430
740354
2540
135671
187992
148073
913042
434995
113340
300522
531634
391905
409448
528241
278151
343796
462887
299297
157776
725192
684323
58204
978832
505786
575992
970736
506095
274468
624933
758817
125182
79731
108636
444047
599192
289319
700217
559620
568099
537383
54351
267292
825334
992255
314205
846801
431573
655671
497183
459426
491095
488785
460673
909216
801129
851934
352174
151317
627691
506877
370567
13777
451576
643249
951664
395538
919171
902558
391236
351375
949276
349536
485480
593633
577298
786504
292029
938703
560499
470068
234671
182516
270319
886666
688875
659355
113553
69421
241191
783121
801388
126647
927385
952628
24691
831133
382272
125073
424303
172029
808511
583585
541490
934669
364781
822251
41553
417165
420190
636294
447616
606363
339978
612732
964488
424101
349981
317898
636391
551224
766426
285765
483396
561975
804717
620310
83981
375912
656395
82982
895407
690409
870024
370709
807985
199040
6453
456483
174510
611792
945907
82673
862893
565862
354777
458914
5982
277811
785469
388508
462260
597653
17635
213355
974489
857101
494976
33668
370002
849557
346793
997862
741873
534923
607709
226140
856049
218182
659179
95391
689905
483978
745921
940697
136400
491926
986003
344773
416673
838554
303844
255090
531467
444293
888948
427110
941504
362429
679303
954335
570520
61928
22413
823093
926345
209895
363315
977819
934149
776227
77445
369540
685169
437631
579966
75554
830653
175405
848238
14857
353124
153053
937734
279539
493954
626575
851075
998428
302989
562761
283189
514638
584561
997733
730475
800439
265100
139778
678141
480118
37187
774555
50166
237556
698879
698164
112348
617903
656008
328624
825756
906194
872252
271040
732055
357440
223787
965494
676355
457904
31122
697655
278591
445746
286131
158543
931256
552144
37901
510047
429873
981328
620349
718833
444082
639445
963761
675564
638671
512421
489669
359011
508947
22469
211708
334023
832138
885632
589532
122237
846952
739335
778342
204555
355929
316658
943088
589035
744230
41828
763361
235522
696448
675789
956105
227626
801197
264842
649626
275883
847692
882663
469831
985289
656390
260484
721144
695095
686163
530581
927975
528937
649638
658627
168602
399495
142391
911344
712893
198461
156203
251032
783515
634415
310817
509522
57
402506
977371
563574
511055
968374
320519
790553
4900
765096
130089
28852
408197
746195
809384
892259
708321
502782
502770
505929
658628
300721
937292
969552
309870
700937
573497
175502
79311
680747
175430
817667
899938
154325
949424
452927
943267
350096
163059
8416
988654
850690
856369
835321
37238
31135
728059
485199
899742
285312
871742
656317
900279
951500
124557
745655
880151
334610
688966
439019
313554
707769
502851
595224
325583
499873
718151
24491
949821
310406
152928
316027
656091
292624
682680
391903
262304
387072
164092
562098
683314
965696
810051
156552
140572
938733
316680
499084
297758
372933
906835
588408
879069
666350
78071
478127
801659
168289
560628
384762
594817
448113
700796
88477
915833
403388
498707
155797
74073
286317
801167
689073
183961
186219
316799
316810
752614
391777
642984
196449
381999
329899
334891
946707
339612
419546
963074
596155
581662
662052
35497
93924
918817
736235
562585
250793
426207
658600
243887
956972
65422
662516
859052
627311
671545
62963
998614
900242
967277
135133
607035
349417
322441
164714
953237
235001
585401
832153
899977
530512
60156
853854
408010
441470
916512
404966
923802
270323
341648
443080
85873
318006
808196
785353
346230
878784
553046
588428
122282
604597
515284
575908
472506
894002
861688
634295
481470
898616
725602
655087
299713
948377
885763
915706
670171
319107
480087
62372
894799
88209
168080
898875
31498
915645
299042
151633
962807
550708
719530
935840
846721
868034
982843
523656
407974
142892
575047
577075
217333
164893
456999
552537
808228
889976
278279
227295
568848
303820
569329
596891
821777
315813
630516
633587
441145
142015
259953
598307
595882
419798
885889
739996
602513
652121
662406
226442
429571
946045
414093
929070
960306
657965
956253
32490
32907
650846
629599
463964
84336
155265
425705
743969
479373
49362
590633
561083
821209
222286
670634
572429
996587
235265
926534
138179
33590
764093
439465
435790
164963
738406
957949
54925
863562
722795
228599
171975
558220
585231
417982
597269
276239
711717
153523
195677
816727
296858
277217
550777
21310
932268
226242
773301
442896
250745
98732
657975
347973
710130
44567
222714
45979
404654
830411
644658
821072
393371
260586
713940
463737
94159
877975
376750
290882
246909
478786
365809
525891
365970
960719
144186
117791
41005
538687
85355
195650
319015
714718
750673
493693
203588
685487
544831
953240
938988
534083
993176
7105
5930
26228
495015
458274
848928
601419
128988
751179
858507
609089
502372
678222
532591
758179
259876
911530
70751
372878
332817
628255
509035
462810
325102
364001
301606
377364
840035
969319
323090
815715
886647
688482
225771
666891
684842
499467
279117
986384
47026
935573
523586
678386
991824
294978
929964
638103
414477
820818
548171
402951
75798
923093
304428
276625
549873
576610
629231
163338
366427
39328
248179
727285
502144
312961
408800
232254
127062
813135
832976
340641
105111
798814
491418
481896
106201
323234
305469
502673
544523
68505
146854
152205
129550
150824
803102
799013
218606
136836
658899
149688
343931
248775
614722
248991
741832
823779
94845
425777
298879
763826
408670
823650
479391
982635
315848
202246
607828
229425
911574
807924
751346
353861
92644
758149
671373
527004
62070
103036
609591
104332
772808
238783
575959
37216
489202
511044
80610
643466
245624
344263
986681
920696
438636
964023
822879
428351
486720
944497
383061
389236
638316
271459
931988
284762
938360
376851
741031
916853
313575
872248
25762
298749
151616
76806
742914
544686
753722
491719
981155
340156
469891
533925
276696
903524
551405
953220
456171
567070
566773
295116
798321
25711
69874
94404
188360
197210
31127
195354
604591
359862
315300
243263
519107
631963
114799
175791
481682
544246
328587
878542
539870
388604
877522
780142
181872
701243
950997
439725
639317
745740
298268
631867
713018
604389
952348
380922
338207
875083
897780
15998
566907
650404
968931
85107
599853
743275
523659
43038
574681
604348
578906
801724
327591
185999
271643
19910
268180
204801
288408
278102
993715
539662
126825
188068
342148
747420
330910
170089
8111
813808
871940
448804
327390
356419
556440
38970
966580
734086
288632
245037
484484
875932
247093
624723
227896
936976
667859
433498
441466
668906
745828
685017
78823
629583
122472
931734
581804
83572
311948
286331
773871
719019
443159
728373
929335
417324
603885
95636
936545
594016
244305
760644
857628
654901
506235
249893
548598
202260
376298
53311
649593
788762
515419
393283
408942
936880
157144
499258
232833
725833
979623
226893
313732
957943
982180
175279
968206
650795
477033
385899
66684
308103
36969
196677
250967
278498
518428
917392
79126
787159
349652
56716
481146
188106
603311
149497
280791
495417
104165
826300
996851
483130
530305
401197
508423
309014
171053
371259
781666
281282
388581
503741
209581
279414
263118
523606
438089
331821
531232
135875
188373
888631
892541
912260
880843
366846
451366
105060
429514
634003
719619
905895
353710
198644
566687
666768
16859
712861
699959
327692
811289
776391
762791
901630
621081
659265
631109
983208
692566
164522
488393
666290
519511
973961
367337
348698
248849
701833
774276
882489
372649
442772
932212
710574
886486
980170
2758
575593
520933
410654
847238
92054
505174
477645
305523
825891
244260
825084
872209
462448
455586
18926
656734
410835
304001
810527
19036
312900
598638
487167
964429
106540
863448
694094
926717
992389
277583
285584
647993
62189
6856
46766
823709
355021
818429
740137
767179
459552
551345
100603
198520
711331
175185
574860
850592
134936
485686
380557
15386
926262
525447
719413
628550
215216
214972
496214
613538
327712
804413
234587
423228
180560
781928
572896
976770
515237
601394
605998
623093
62441
138277
69266
415868
424627
312071
754648
525525
782005
65691
533673
315814
802402
547841
418366
232818
367866
469752
796544
493351
733299
480132
280446
571411
566469
1259
375370
145143
976275
682841
884337
929524
791857
650211
124564
361186
667670
763304
791719
286848
195103
730068
86342
12869
180541
367998
708847
539797
610429
582001
705376
880655
791667
777480
656526
128323
850498
413554
73087
520577
679241
4438
26629
868172
910608
97239
413102
715071
739992
977613
914597
529482
116484
208184
920699
387452
184996
117915
990323
490606
961739
22090
391583
315026
677549
797278
741007
247352
518756
22290
496676
318525
835725
859518
695234
713552
995727
988589
941475
782562
808123
254365
254281
228650
945423
640722
315916
598738
410453
920535
295441
708161
482409
614482
954139
355014
589079
599427
197115
743134
108258
590105
57379
727778
974946
982257
797209
676688
447301
460524
117575
106356
350710
903531
42286
436594
241370
235689
343739
961395
240951
798774
136818
986218
334063
418828
370119
947202
690795
461392
432780
360742
667923
69478
217987
949036
710265
636017
536789
38622
430613
399014
924828
431975
29547
629644
760603
489879
902153
27469
917587
861740
614860
495450
428636
423884
13926
652346
660619
842777
636932
539588
516505
330191
5833
53839
668726
721490
885370
153649
998052
103472
333991
817905
282751
256659
229969
264141
423679
29407
459590
536870
990874
850606
605198
458124
413510
726565
181182
283362
729820
503987
899561
142510
970392
660326
944438
614783
360189
739305
747533
399803
396181
229406
744299
12228
887318
753428
395862
51399
391073
224421
661610
467873
858403
226095
469201
782573
274462
989805
894353
978094
222146
331313
923711
962518
792821
376512
495569
863665
739826
944138
104849
284977
380173
709828
621742
849750
459349
421220
369261
422586
190610
939448
109180
865718
173165
82852
131943
752820
444207
135606
907236
908755
417890
744039
863176
954864
924115
526513
750044
81816
400185
388935
269899
873862
637168
11702
403314
90
19294
926614
398618
6425
488054
159468
827842
37019
73691
299104
416084
166869
565724
727701
748218
886211
353886
334186
27722
968946
208983
524109
880221
578919
232758
150135
606781
441072
184289
920200
467580
638149
11222
431039
423650
802585
378739
787413
735806
929795
968593
485879
414941
367428
380234
301983
413337
568244
399387
441102
942920
205518
437541
98344
808534
583892
366286
992043
231021
26848
326532
945421
51088
851081
903458
114738
396807
476590
336747
85383
655477
988130
361074
878718
515141
465780
971036
804774
549059
111705
415038
991397
663047
559288
121760
985749
801227
44370
894691
761273
757726
153549
269182
485851
198386
647516
275940
346435
153871
58188
319490
402710
859434
786348
111972
732232
109521
244506
663607
880767
350269
363238
589609
953606
373194
817638
814573
773418
212738
370966
496218
573173
963733
412009
28467
65220
945317
637872
423553
51207
699390
203238
671389
736469
350563
897110
654218
220970
356547
670185
611198
883262
464331
10256
343489
247490
440661
228362
648047
419641
57149
220946
293144
826417
79764
274089
709318
711646
379310
800571
446174
985681
328662
310000
764703
578842
872866
317010
194888
97847
211745
568598
905878
766775
512240
786825
8043
464303
108396
890840
348810
187032
861121
514108
700799
525956
898465
775104
499612
24635
154961
337584
887389
80630
877149
297056
792301
760439
362092
380822
803266
440643
342126
106133
120355
538429
164914
156167
891849
558049
572307
999878
956195
893465
311186
200647
386356
368703
61504
389731
31512
318960
17426
295747
892644
109129
708311
104808
879338
835201
290565
331349
2844
254179
410735
204761
760776
787942
934675
80764
835393
798634
864143
396614
50334
869842
600756
614054
700572
235704
227955
745094
975647
521809
264756
695657
817941
585631
247110
956733
895931
173837
33584
959683
282042
964330
309606
828631
84905
161925
391064
105566
87222
114273
634596
135628
715678
137557
218667
92368
415513
283523
774592
174492
420628
630450
185341
844564
376139
931824
860562
941572
17069
352051
639444
592512
963949
115673
269635
929387
367725
91844
659616
472331
859287
513044
613837
530824
711031
306618
347958
739025
121971
573674
428442
681628
825063
466991
222266
648074
88353
646104
156636
243112
688374
190992
725756
733458
403455
609547
206480
353330
768755
520093
219831
725414
873058
531045
395453
613888
250764
974502
844045
216934
9308
41014
226356
698074
756548
999375
649101
577428
689270
922178
633231
528267
864636
463500
250095
305300
615092
33601
893555
840033
378540
252837
78741
338346
866262
253274
49680
923112
808744
282739
534218
395646
552018
974118
743517
893107
489501
877024
863427
384282
353693
787827
976478
329043
908178
536107
881762
451242
781857
700350
959776
733276
60714
455905
72495
154298
392582
128823
586361
63975
793566
600740
772191
888827
101931
693312
62602
752970
522053
468648
930256
913343
540202
417198
270910
956897
387534
993904
283336
684536
174681
585414
951690
780809
996930
839253
265658
606908
369734
844288
133293
638943
740484
632383
839298
171779
43448
744008
273071
704644
558994
432297
157478
977830
330738
745527
30819
211611
979715
845472
183701
634466
183345
770781
2918
494153
975176
324036
210729
960787
735018
799098
982559
914420
170349
784902
707622
812601
745423
549120
116863
811524
296342
731432
196090
77429
546697
51219
987904
761893
692036
72959
459517
681804
431996
127368
117032
935746
913296
621108
262576
393315
297351
33576
911237
866827
704428
851966
551679
431040
952195
171694
471279
767343
57319
498729
262465
697615
965121
952772
671370
906850
465447
720081
254388
643802
655695
109514
740291
904152
104814
168423
205955
528719
527601
893711
583696
513159
947991
425706
332226
61438
970089
445909
672499
642729
792599
613359
479214
546648
991281
791312
162549
394743
548350
161754
204591
832304
694268
657959
817004
161070
896181
816354
134166
715325
708923
468786
482999
686093
433536
8464
677665
276054
998740
185593
94526
930005
481019
413439
821748
373940
365930
75131
60212
106247
251934
42461
218848
63283
181786
149348
200151
925609
890107
970024
124446
434960
992697
27348
956588
609921
529020
631474
935698
196140
486808
859231
987799
574439
703709
830601
242439
714498
179015
718524
409463
992348
428959
364669
719365
869690
232196
60983
377644
711123
479551
582734
324716
167296
448060
405540
855622
176799
526101
875400
263395
116170
309770
732028
620373
548719
931085
216865
415093
876236
720058
146625
732266
230730
435492
632971
809074
382347
72129
526556
748176
954601
934233
814517
463267
812395
588114
162177
244733
171197
108599
931873
679678
842814
549014
573104
629671
622739
847854
80866
330013
541079
729910
453573
667389
226864
602184
924330
355926
959357
171432
89053
975815
375915
983349
991503
653110
24935
419691
55253
621934
259795
538505
234566
39488
11144
777166
821347
992050
174950
825650
530888
17699
514832
881132
882889
494023
141406
19844
329849
178591
550242
634258
686989
483977
135765
465758
23950
915635
468771
946599
253818
116651
208208
675839
84024
806866
846341
346835
200503
807088
943547
360969
376034
940321
962563
129986
651521
693036
401327
716542
348591
740852
287841
385055
853492
660871
773550
77318
677502
49555
80174
481754
572097
416121
660130
259751
485352
604026
353474
5858
324086
910607
345187
513931
901566
621653
102658
152875
767099
436452
360560
623101
250637
606656
112217
639529
45201
40232
943346
473707
768347
953164
899967
237650
377299
518940
309758
968549
735337
134588
397555
102944
419254
67987
33553
24028
304944
193603
286402
860620
57482
419123
624275
712355
471590
878983
388735
397716
133560
463217
295703
110513
36792
15393
289226
381109
18115
527576
232215
991517
596687
502298
921996
670768
424777
884930
66297
19424
165581
31599
274742
852297
329665
659932
911822
54166
665231
863374
686087
190211
364541
858790
239375
606140
280042
354326
557765
579109
189927
923249
446816
697907
840047
833114
458112
41399
560260
118494
645327
849147
860200
48158
409556
908357
85366
827045
807508
855992
925531
654744
86501
464922
117747
339211
928528
35953
601604
842288
86690
353606
863505
507818
294288
419147
388700
556544
668036
439832
615932
959788
266568
562065
307222
852243
766670
609892
618107
650128
359769
585711
416862
868841
105932
339198
485936
268899
915853
580594
599002
547506
205526
688125
727766
689096
755288
347721
382635
924558
532043
199352
901059
873520
798999
872582
840490
941395
614232
949771
913509
128674
976210
885790
310829
645702
809457
295635
540679
564852
605882
564644
362433
948640
507220
627949
724874
563983
295469
934801
492463
804234
471178
20411
200366
762030
940463
60543
477433
308704
598119
291934
414728
212831
199729
53352
811163
987058
569351
210556
516555
937728
54092
849451
411724
984126
499473
583035
805058
246914
521028
469959
570940
707959
983477
204164
618001
235242
406534
455966
218453
435392
199983
486080
9336
411146
715116
475123
485244
561969
436611
456990
165138
848140
271861
714411
411535
841681
79489
140875
806480
414375
426191
126927
521639
613721
444416
478583
815040
237799
274127
923400
322517
312695
758820
814166
110281
674601
236725
948386
69221
813703
835033
274908
314926
18075
106155
27017
308511
164379
894103
816456
258240
260
158734
152387
957557
897337
36430
684010
894655
865698
130314
751239
928697
543235
213007
822014
175682
956824
710570
404025
188861
732315
928116
944947
592353
835943
795728
931491
941576
36734
814336
138834
263062
624294
565989
932430
397636
233134
825809
613495
961928
743758
216458
268790
732707
859116
128414
823502
155462
28603
618846
187658
905698
855486
134392
683350
816395
900075
715445
337642
254984
434666
991947
548705
307129
264380
150176
508328
331301
443833
202716
223825
280415
566641
769129
396295
824149
890100
306442
978140
888757
787694
186581
876991
448170
343310
47689
733725
993399
240098
764982
631050
521640
872061
292464
219233
327284
72136
693383
786486
633022
207554
907518
492025
963056
233338
300671
56516
13376
606566
466030
706500
767317
452963
204250
32897
628994
333706
984400
595659
727600
926187
786378
989635
734875
424553
42757
492291
125619
888626
614320
481195
665122
359897
264128
150409
190509
632593
473056
777060
480372
387848
859974
611685
432979
554013
388385
46755
476075
872640
110318
783498
666875
226277
261610
876774
104871
242213
595938
832978
26459
144305
707110
532151
693193
66291
116700
237443
242190
670531
315568
651176
128627
947778
44265
18062
222350
130007
34007
592727
324425
376772
642665
217356
411386
259428
399195
434857
990770
968963
471180
525121
590866
536602
308717
57039
857622
810597
372501
478171
891509
125411
113650
86470
412577
215273
962267
850098
121769
72228
818689
236688
334078
70569
142339
721799
907539
490682
74720
196222
194845
951256
692934
541638
826618
166912
391754
97575
381166
326531
502577
548870
350728
344709
37739
475055
684387
857874
869215
458629
612424
808728
612321
348803
96561
186949
648833
933486
472169
799806
500349
664025
426895
76472
498582
794004
394104
325623
569408
736050
932980
650849
832882
247094
736425
614334
465118
937434
113820
741199
413819
381435
22351
896711
548349
697188
512068
664746
628454
714677
298271
844609
85430
880047
598697
801783
647678
195679
56241
814420
374099
147173
709133
60627
3293
5793
861630
726049
331087
146233
505329
122741
159665
305032
477026
637575
232728
102502
835804
921326
281464
977936
641947
395289
295440
198004
501074
951785
205443
764956
499783
351466
806407
777972
461980
891181
656438
140473
220330
772355
382082
37057
590662
230616
451782
583969
674021
63977
100983
836798
766108
23907
113465
212915
817919
381594
603918
429340
860075
190242
927849
58109
466080
481166
510561
913939
664262
270787
778049
767476
233232
106871
876348
952037
349502
805580
853821
125436
916867
978397
697760
381608
99550
29230
326227
32881
41815
475444
521562
161307
678838
506484
707384
220511
599507
383716
53109
556654
350504
914305
840838
365782
277458
670208
899418
805630
635556
250524
251203
420619
961832
526670
565567
152869
496691
978203
85283
125524
137444
474311
765667
500548
926393
160295
674816
815015
483981
713684
470158
558969
640114
909883
696737
794847
928615
333650
631380
302057
896822
37157
485749
407607
779053
122638
413136
90487
668982
285955
38742
340620
269653
338826
117866
555338
537662
341831
709001
271070
422737
332214
137491
205067
617139
6643
461818
111183
578506
586102
805190
702628
356884
137757
662722
198626
572453
74402
733575
131201
523259
570028
459170
166396
974015
664961
279333
648274
792859
372120
484999
908583
782898
231308
934456
284807
958337
593837
321926
21514
143248
794225
609765
654354
769556
946824
219230
905009
641764
236813
224791
209512
293590
80088
762299
434890
655414
170096
628613
513024
904738
320862
496238
209701
341637
613340
82737
862545
749934
704493
687416
570035
721356
757190
246629
357976
393352
165226
558654
549000
684479
931667
185653
371087
330395
400460
497555
67353
981069
533404
977473
504887
557353
37276
15091
344894
925597
182186
484337
404558
614671
196022
251587
326832
961939
103033
588857
621273
956806
559558
138516
574155
564489
849017
456725
767899
995212
749791
788301
982936
136456
695755
579483
926146
204248
321801
168533
296719
90168
703981
11938
784888
709709
363933
193828
889272
939791
145366
198586
877920
99361
501398
277919
459671
704130
105258
47983
784946
144980
197194
683628
674808
725080
715985
306754
928660
714659
360398
477230
158732
337753
49840
896189
699958
910970
79539
794767
601355
556016
347678
414187
534143
827191
130214
508860
875570
269225
725040
660012
608638
718053
259700
529820
924528
896155
657533
996221
805972
10551
69388
190222
467498
640616
45725
374322
438645
413772
256769
3565
197169
71930
25642
1339
766500
657323
210437
288717
831629
614789
426306
216289
330617
548230
189295
636604
69513
63490
782919
70046
924856
317621
288452
988116
958415
853132
91691
925709
182153
105458
290277
223942
50281
432961
588068
377619
173030
883297
888093
956120
534580
22151
799331
702800
543915
232095
486497
280714
743382
331717
786996
733556
39835
161452
331427
651920
386050
117153
486268
291203
685539
342250
5836
464844
754416
294728
708538
236306
416668
43996
165120
809686
926695
346534
691463
323015
576840
227560
406686
747508
321462
610665
909528
780956
488850
776405
118015
527777
811892
103554
564600
234395
915088
478605
115125
499785
913733
228387
903696
744035
746946
380252
667211
659659
165461
570241
659233
511073
863890
752302
500936
36917
978652
317971
501382
933784
392595
364436
334637
335627
606618
698768
752757
241753
609667
503999
233140
921409
941722
12149
945788
908811
302603
909315
799185
412731
267376
714044
997701
151139
534651
458005
876082
872275
572220
234406
804308
337708
363984
272525
191680
717395
312743
871666
696773
70913
309552
314020
637342
292982
913763
521698
542480
826125
438378
113591
105254
528747
699757
978172
133511
572881
61113
927041
774129
843666
765388
398663
546324
338270
863167
646180
724557
647356
880464
208073
492797
333654
823051
978016
827590
746606
752149
305935
131618
537775
398357
933018
217375
624734
253760
564517
659387
533359
840383
369366
515288
319412
581886
864921
211228
825520
588499
614397
533927
665290
871497
972476
154162
893917
618953
235288
996865
192492
170852
641696
253700
846835
477951
806994
564624
125464
305372
315162
541876
754049
639553
706297
928379
904959
721991
744897
625918
52903
201280
656700
608803
961666
340038
307885
704374
495642
533789
216366
49570
881141
278468
965880
564043
510494
128925
573057
134475
604254
977270
360000
695112
140362
128179
528268
945007
60150
956698
308898
640079
508679
119163
919877
752340
925862
67258
315712
507038
460369
888570
458247
46973
445771
973608
917372
324556
290932
912801
349709
576871
235699
204993
646074
695114
941839
887369
53940
811911
551325
439980
109729
123683
777940
94262
716796
541454
808060
571034
306522
476414
843589
436694
726471
814695
912116
96581
789071
666009
547576
750145
890457
294773
389595
736690
894253
892813
725652
22840
734357
918039
225337
877169
845474
573198
489873
990759
105734
758310
262408
371097
94302
851946
497339
335780
33043
682995
541299
595534
975254
650055
72944
403759
889288
877515
238682
455421
953980
700326
192668
542002
538324
690740
134733
644124
794184
771971
634625
841093
970095
487500
578476
716337
140853
689655
303513
428493
232502
672781
259576
410804
716201
888094
970337
208320
618749
638389
314901
683468
275945
257773
47597
431891
172082
886749
500898
209463
412281
756782
510008
764382
129726
280846
224007
392823
173749
179325
313767
87898
492867
498501
786487
973070
477589
543303
409802
540516
730013
504047
983344
999040
718025
195356
277432
180644
892525
517815
614996
799969
981142
11392
403061
292134
141585
427485
330323
910077
618577
607555
203743
532398
320735
966463
908295
287262
149422
213919
92696
737026
492813
969919
711549
669502
858037
755635
188453
604382
356482
916174
412803
877871
615935
58765
395183
187963
385306
371300
699562
676704
156342
564386
460158
827660
610335
265859
155268
702295
430809
661650
187263
636989
19537
720953
917478
438519
355765
700711
689535
762612
133215
703132
259623
429945
326700
203156
383534
76370
659947
918477
620575
352563
271345
986551
510237
729713
163146
814392
791656
718422
705162
952153
753407
493348
675457
35216
595360
940713
92812
248874
815659
448123
291848
286613
502308
698001
30178
95175
473943
69694
637322
231439
675030
888331
289414
792886
551070
292079
56803
570321
795800
902509
106950
702502
384187
536843
932601
887694
804778
716096
385138
663819
5703
227778
237228
315936
954509
445221
992988
842959
442900
7611
2460
491317
255802
130617
994643
221991
293468
607598
241923
963896
295538
417617
224943
250391
154948
63667
5415
39125
692429
685779
567665
589701
736592
611990
221052
331263
794361
698694
909688
62055
67712
554024
405853
765013
289678
211651
764058
491404
807600
805186
77227
278839
688430
619815
31223
135292
477775
503769
741733
427402
616477
183676
758907
700790
875974
983519
384124
397857
370617
428088
895691
357855
681705
517300
327408
46216
372472
437341
652370
598315
490369
904661
530961
724835
197058
218111
591938
461825
9253
708797
892808
617448
16809
695635
352139
418552
65650
893482
815512
32867
796713
954097
965333
179483
399633
13214
54047
326508
954856
166739
780162
591910
201269
742619
78612
625074
229748
951699
189742
197893
977692
85285
935816
540403
822986
722800
148528
381787
772171
361540
932967
54273
740107
69705
26072
194105
264981
856895
832566
827774
540997
576415
88049
374242
370642
888417
52692
49504
3506
781015
876670
564685
637097
42742
794170
546541
362482
542581
390270
114466
13512
861326
781821
247935
33169
432802
71849
1531
670440
99513
657417
375745
265925
572903
267250
510181
26315
683786
760421
576880
165231
825007
946885
460060
787392
890772
628147
32155
802134
512200
511880
205521
508315
803759
530286
60067
194673
198434
119835
700967
879231
265011
36971
995707
97052
447630
917465
163441
901014
426362
626074
242280
982174
470719
204951
857014
155732
253474
722757
134977
769259
146060
146594
689453
675065
692297
77709
9967
606174
749483
884931
980545
315534
614991
670258
85998
137660
528119
790075
647629
530852
400407
29577
711050
769525
990187
514825
568799
420506
685701
581573
435683
965732
292581
652832
235961
98390
111744
784432
995241
917132
249699
86195
607947
81096
780721
586096
566623
114394
185096
709740
232058
848492
710082
817477
667099
293735
530455
139118
416860
495942
978272
837511
276484
287925
86902
804440
138233
753381
259705
973866
714962
41967
290562
613003
988898
529854
584571
385042
888683
100836
759614
107710
634144
330081
875297
804511
377065
702184
68314
798128
295883
632344
951326
602153
939602
290469
33691
110257
213403
17240
719694
50737
614779
105004
323073
256900
594063
482010
722661
127882
315682
377071
726728
189724
624756
860696
241458
419034
412461
959616
820130
524319
823582
22736
628960
98006
599727
602709
838079
464550
1451
274752
627313
598409
225317
150982
116294
660666
225477
475432
553155
22541
963634
675213
745563
818392
448350
565642
897037
315471
563305
128196
98009
675054
871474
181357
59296
137743
517825
228778
288919
386331
474058
666261
63911
26845
825183
887774
355173
802034
629110
915212
891369
881181
180753
908706
783565
427511
85712
48924
31684
184131
487951
592728
985172
173920
301693
720530
936177
28247
729659
935752
671032
915156
463212
624316
899141
718194
849887
471192
397553
106159
161110
190827
302443
565439
702387
934994
677682
725692
804414
377970
985388
776826
134677
313057
866982
894713
165489
638052
588265
776819
69648
528403
158837
179606
869060
875993
694429
169804
994776
48344
957438
19189
945434
591593
214557
393526
860426
799616
594588
165163
652893
67822
731801
650040
94126
434881
986980
490621
272578
967814
220186
475496
16182
551791
754338
601060
879816
128719
723012
710318
772222
982721
260129
495817
32182
873193
203667
584392
12876
914514
656417
956232
132513
224183
422943
576832
54862
80925
312992
204529
148453
377565
483545
207799
686496
93312
196116
252418
338665
328003
151181
944734
591877
548793
665773
149549
814814
191312
355104
448055
510251
755755
793941
500056
854846
612911
606290
173080
816426
449818
422449
984024
892558
259405
773691
154343
599043
262506
581151
87796
188830
72280
50254
513630
236642
452387
510071
702503
670085
366209
862106
874632
849437
240752
347019
719902
566247
594042
856069
577986
823732
62618
181417
61174
6193
152953
405394
671802
814353
286673
23061
974335
967513
83315
406234
646771
378055
624355
962449
581563
438624
285473
217556
504127
946133
330563
990615
876126
255761
694845
273166
897987
291682
186243
991900
738895
539521
79493
834419
87094
614464
251545
506828
111334
541519
284663
541956
416417
905642
708946
493931
160931
801235
28193
31391
562055
442505
179150
730589
146672
112796
653952
188574
14631
437239
349214
256552
757363
437718
470577
981276
724354
941414
296280
120685
244595
550153
53282
883115
812030
677365
594060
403773
137665
798268
585558
839022
301671
120550
628996
292894
705975
145018
723950
199513
20791
758684
902212
640442
130576
438562
90547
973837
906076
989004
524632
256442
445964
739526
941207
408375
366287
956499
102709
729007
76671
895880
798126
247338
966974
802955
367013
184667
711164
40429
723382
9606
283092
470754
832935
807308
188310
897561
860478
919700
561824
640380
58348
63320
740837
851718
475047
611913
878607
178619
279509
478304
503553
81161
782564
843842
799093
269369
548918
496079
220997
247250
576698
150408
764677
886154
898838
402522
433293
857705
35584
751691
35604
633149
755372
480448
328119
465908
247648
563817
294682
256793
20131
523849
593765
239214
900115
225125
165360
677666
769878
206793
51769
260271
249769
729457
413970
272530
934420
791067
314008
6248
804030
249959
559581
936226
318812
239655
981351
174309
165445
286473
221330
3713
323298
236830
196112
27723
986177
888518
504785
673944
159944
898298
435709
157849
770886
543798
556510
412750
635429
317121
395291
161384
141180
222554
59807
239872
396225
335041
352429
726428
671071
257564
624453
242646
278226
608614
452532
199920
713049
633021
785842
391696
608537
342837
34596
624790
110794
53647
326353
529294
352705
632188
604991
126526
92506
327999
963753
42142
221313
393712
293088
295335
53662
478876
538940
233732
751067
930058
667388
530149
972434
67993
312833
409587
578776
872004
11172
434526
304353
802120
448431
741265
247182
620188
944895
637914
936479
75956
600631
417308
895824
883730
111275
572473
681910
94519
389231
869738
742496
526969
272804
594022
420551
800283
737652
727532
571855
338156
632159
159663
479404
85885
937908
795549
243554
215805
13852
790414
638116
915699
808209
347718
412766
117910
704172
597351
935119
8588
329947
691958
513677
249470
896071
755500
290004
525655
331720
302714
41490
56416
137320
47713
958286
731899
574882
201904
150029
427905
292330
574835
663482
767726
688114
466238
731842
880109
71257
504265
635918
755084
786033
461237
250718
238607
701803
83053
285375
689952
885793
28391
694697
342948
588672
372938
532471
362280
603345
614762
784963
896378
510306
454766
880349
757076
882773
977683
158760
213620
727684
567561
547794
124304
456955
55150
426371
702853
689836
525680
374548
298923
665277
183620
339630
582444
602251
343627
417793
63581
308149
920243
30795
656682
537979
792689
712647
198499
106434
510238
592515
834589
272948
386796
40015
813766
974532
960067
177105
944777
665743
958652
474166
655706
312286
179704
863555
645150
205704
789982
672137
283258
244532
650033
209399
3831
590844
31690
743817
951247
274222
522486
302367
363287
101356
98798
3176
20168
659187
227695
790717
431147
303032
940470
993866
929377
54446
187546
868583
633868
260133
717765
642181
812702
216588
843088
675011
735164
681687
569275
191392
236046
732347
398790
65419
553062
604822
342510
209367
794698
359021
514183
152650
849696
593165
150322
307156
127733
663698
973948
19997
39145
397062
126931
610935
177915
37153
377830
540851
625581
814254
821272
266127
862419
282511
198688
233613
482494
901527
308928
652959
577791
196437
440863
346878
417050
144944
895941
28633
940617
873326
930995
712426
681897
476559
601757
955237
796101
156502
481797
642379
391294
115047
234485
231195
760404
89355
639641
386983
36499
545681
332790
62340
638236
232144
238923
920411
878223
782151
421123
588892
950930
582309
624403
913107
29761
925092
345846
905491
82930
128655
87747
133582
385443
727653
73703
197446
239235
646678
281925
569822
363737
252458
685031
836106
542229
718273
118111
541157
722801
431669
153278
456674
85572
535195
824944
932058
5539
348393
974707
93763
140532
603121
810482
92801
479440
162827
339778
397206
389588
188178
871288
932214
180677
834244
902500
671222
237597
198797
225199
176482
777910
272861
600140
194093
342482
513653
274206
730179
996869
945446
664763
251712
583904
613287
291240
257402
584511
273177
587215
665532
997155
934021
42034
213194
90053
651523
945099
684329
944343
810126
214164
730449
144741
539329
348419
757617
970839
802609
859924
325274
982291
678630
429886
340425
828415
36598
389255
396308
453476
923200
962803
511919
480878
948034
85976
288603
422608
128728
822349
805933
652548
981906
489601
575159
214384
824368
53031
451797
726500
796220
623759
883733
549568
317252
780368
303876
931891
887347
73314
908305
492446
949836
652168
557025
143894
413506
257386
728750
924936
577462
213569
863196
933751
123149
386219
312090
419490
130733
268702
597361
39489
499477
348857
619181
799149
243286
159862
310884
2655
392434
777340
986983
172368
425872
819985
14149
5888
983192
429
295415
547475
759729
746217
468907
578581
476116
874838
700720
172190
252941
152299
464698
191953
183054
297814
477843
595326
165936
99891
455519
153704
976391
540954
297546
454752
806240
736659
517648
624144
845146
892005
953128
865492
576414
332811
410510
676290
871036
880968
649003
804298
243555
778386
323172
712569
500477
826409
450236
95000
516517
43659
376999
970673
19526
452096
321900
989745
28433
973264
749685
338537
844954
92565
476078
159376
653099
859000
31329
44183
369027
822593
822857
783108
341079
356514
751708
422452
562936
111709
678045
382345
20163
718512
410591
691202
161138
664002
250151
714742
660238
468713
55727
344045
624002
96022
348295
144539
586379
254942
234454
229050
689100
725477
390783
777475
225151
563433
808223
778184
318213
909800
152690
263601
335582
585008
62549
632785
12083
377409
924966
923812
224592
361376
26951
621287
994416
607355
351938
286036
303089
548020
228295
722809
477095
98892
585104
153460
590092
189037
673573
759949
697045
718227
592187
820144
435104
839896
355512
879237
245257
351196
830610
167534
838043
747086
524757
690524
519139
612697
321219
349454
692065
662765
527445
725864
980952
880288
529004
823429
977953
498643
681815
244140
850257
995549
55770
749325
884383
709803
146740
817078
587271
114383
362792
794610
106022
735356
726816
923231
29412
198958
895198
348957
317822
802214
320219
423906
334318
23635
369022
539691
89082
692364
668922
324173
724247
448762
361604
521770
242999
53971
777200
742270
568758
942913
48551
951961
41564
680737
163335
287399
800656
264743
726487
612907
587738
215006
41061
212043
664595
455885
728447
285124
315692
590197
600906
634429
988567
240888
95042
195834
213525
899796
16078
151271
683293
417420
152255
847508
935334
872743
109541
242688
32273
927249
260174
33550
301942
571296
587164
309717
425802
738354
931842
533331
418090
725490
920475
418881
364102
415225
919718
560833
257709
553745
528866
804659
959408
653844
308994
263784
167478
349747
374606
894126
136412
600530
594902
304522
637190
772305
255314
812100
449287
41638
160347
674076
794345
936102
728832
733082
880729
242658
844550
908419
972722
599150
734528
290088
570404
409917
475270
403160
480513
125160
746709
123957
919908
693517
567491
339876
612606
82260
997213
234654
326206
542733
687775
907492
812636
172021
360719
959567
380419
228184
311222
399045
287065
63888
861244
807048
69548
877099
931999
60904
810298
404075
975696
74777
581277
552678
310442
169823
745489
82894
520527
581477
614243
981835
925921
680494
867193
491076
533722
439458
348920
490557
111561
987850
818965
531739
786410
986967
909116
215682
131168
505693
456790
277151
946193
463197
201531
648706
928478
495743
158772
122402
175933
97886
715435
62149
217142
283326
710321
919159
140726
772825
563116
642423
935123
978838
812059
749938
213405
817499
723464
574887
415389
227641
42057
84521
135853
687878
176306
200003
774324
580873
300186
804469
404668
154701
872584
558429
272625
799000
926267
851377
132984
202550
132371
592617
1385
785646
364383
180409
501803
765654
248772
823420
130155
910146
906182
420460
165944
637272
494646
974798
800255
531321
553515
423006
980278
222320
203128
423334
565697
197513
350423
333746
797757
675682
816246
2014
157077
750997
785558
834342
259853
235748
477606
543581
883708
257730
160909
120711
422551
638972
79111
460307
75431
73666
187303
369144
589660
97558
863034
647466
410300
294672
600332
604153
655348
572683
30596
127751
190991
810992
437610
717220
599748
835485
627401
158856
123689
794801
131760
89900
712134
200886
406994
581893
870277
595628
533069
366877
299845
837550
428104
247056
525709
178947
126645
841569
802973
736004
920566
856311
878369
755173
176987
71863
94143
494625
158090
481343
344527
15238
479864
931003
507754
699930
592979
730920
104283
189225
665474
920867
638387
396396
572548
301101
602937
89816
655605
166654
283645
555584
204527
341250
755853
325543
381645
856244
561281
938150
969867
433110
186929
30134
423177
640202
554823
601819
110446
709840
241455
602222
57258
810461
321771
844677
580947
898644
541570
516352
903281
237220
327320
749875
749717
12797
284697
859115
752740
179567
802511
981599
427697
901986
854356
164597
899848
73836
161633
925165
323144
475538
584068
761838
449832
766046
78064
284011
661082
566617
996782
637426
356556
103654
802226
421713
28043
328699
207369
21954
397436
209389
561728
972577
905334
973307
349238
47385
311285
685564
276613
813443
34882
905567
70238
538464
578556
572040
589332
354491
928593
406593
423520
467691
576666
138702
184590
170485
253393
179615
452680
697166
412975
344159
563902
185085
339302
353834
978798
548063
655800
428123
794581
114692
782899
771970
507954
926455
220425
141877
80435
819292
656400
437438
462143
971569
783762
598194
682911
296503
403538
380193
532361
529770
696796
398953
900619
304683
859143
875749
12433
320767
472971
131587
5075
40432
534841
620659
58141
24721
138075
671036
53948
308831
103592
877288
412162
551107
303460
14752
960631
442036
307410
846994
189468
183866
611031
334030
255965
37773
926765
987633
541138
562716
183488
466232
265969
195689
353704
109430
775252
926033
653956
755360
211875
940842
264495
979782
108997
841058
365340
609418
893330
428774
438007
347573
78051
615732
541907
277414
305161
891243
200720
15078
203034
930028
602814
443493
954325
784213
157517
887115
486300
638233
5351
917852
211487
833337
674137
428807
322202
416737
845356
248843
406772
820961
257042
249799
814600
517702
706876
302748
892737
687509
613833
552512
575391
12899
677528
693538
784148
871358
894262
831445
642862
610963
931740
348964
138009
324199
63985
482662
873205
707538
786097
998078
930968
514985
518918
363022
699811
125005
501618
427099
247871
629405
457686
215052
967097
22091
155037
298642
996728
449740
186312
907809
370711
172393
422870
248475
239331
804211
150386
704211
589485
552084
713630
143232
990952
412761
523549
252233
166684
868858
917246
537042
75034
646088
440834
155483
551944
728363
851157
235324
335477
203427
607080
662573
396221
959338
323180
607361
955285
64630
945068
162099
408756
1882
666887
326297
580447
767692
32201
196597
386703
167361
64870
418987
564928
907445
166418
24460
190937
563399
422464
549328
743603
767552
486260
593479
73588
290823
303766
12729
859073
235703
242230
45691
426676
406056
466490
435615
687756
892667
987605
352829
112982
699722
792300
499389
585527
281661
620194
580290
484680
570444
705294
933620
113627
253201
941902
578087
281180
93064
998517
273005
43475
28647
930528
549493
6406
28372
936934
641502
10748
637896
175277
948764
252700
413246
605658
313925
3891
194583
196512
764601
669076
34125
453178
841708
806041
262098
971507
909650
310344
262596
786338
954981
887442
551311
468212
998934
58613
467488
750305
180302
868416
664322
369857
170335
486903
129559
103671
62988
82956
831347
576843
346097
827789
609112
889942
753873
446686
19146
860246
84090
871003
870031
879266
885911
300639
215813
709111
292946
448419
350815
597680
472419
150014
78973
13076
181754
311242
830120
882313
613317
578855
911143
801127
640030
841625
280448
931304
981588
345293
43982
903931
817877
826745
449212
508919
241589
401505
480475
593373
15349
585190
770390
141971
560151
138063
541035
783073
608891
504133
909972
108197
286632
604293
24952
131125
447515
634586
217267
541612
73226
677171
283046
875989
42822
411615
50855
173619
77817
932775
677849
710763
340559
608904
386583
428432
940466
149707
360394
448904
284077
622467
641499
804191
491762
315427
791361
547752
38263
514297
62459
829579
799162
706379
582426
564080
560806
979084
629174
451143
895438
819195
458305
273137
112661
372057
664312
724622
120176
33541
732533
745636
766148
353653
679650
276904
255209
104595
907720
655405
480848
50802
422021
395878
861057
520363
991708
829785
547388
56600
204838
956963
711489
378284
40167
706978
252204
917870
754044
309890
612216
697296
405615
32487
387620
623536
562221
482868
241138
978730
826063
249655
113356
938839
287828
198961
218114
467175
288112
511877
955374
754199
497085
845307
537593
457102
699216
484850
732854
692314
846631
275040
289196
684738
703678
795783
247217
276743
31168
125047
665585
788348
497691
286649
695054
56255
67564
895519
589985
321939
16346
649510
573279
587291
970302
4933
591192
28981
851776
283349
128536
3761
807997
544348
454000
58797
781860
816119
816079
754766
362016
358116
755081
798365
960175
827562
18746
359227
172114
804325
25028
991555
287325
168241
74547
6011
170350
118451
145986
511029
755770
440383
242807
694600
409411
56617
308457
72422
985830
99563
28962
875866
855120
960880
38815
93089
136977
22459
25332
89314
258760
96247
188492
681802
453886
750043
684302
217416
995536
608761
537756
368482
655043
159268
627701
962866
247996
239548
882042
172737
730183
543640
798478
974975
740053
201294
954518
524508
951235
940833
646048
805189
264469
984968
883552
981246
372609
341719
296660
42392
964200
149004
518345
198672
650911
77561
603064
363140
746476
446921
325960
145746
30093
850992
785399
269327
758193
717683
320595
625569
815690
408849
467042
660794
323898
882253
488481
760369
477226
363673
78762
228927
835194
543264
634222
971026
180498
197168
714402
990161
326807
689091
216311
176109
650042
210537
690113
198560
772906
27155
736441
354182
724202
307710
285150
57236
634108
201081
143030
569273
987197
393557
623474
414543
774026
138089
633071
263038
287712
597439
44057
325358
663042
71583
189930
80166
225939
258997
349200
670406
861699
148321
234541
449373
784806
264283
387896
57448
916576
639681
654720
366952
895165
164735
686929
799839
773789
251930
313199
135910
755724
895065
673471
331502
559024
167248
523909
872273
135131
195466
771400
470164
148545
334866
860754
716284
870723
286494
790100
76489
466265
383270
134675
605935
39628
729451
569280
268918
488232
270163
136992
326428
650482
417018
112165
905317
358155
662254
20738
274392
372571
44109
321054
471015
858010
604493
628981
778309
889083
162006
949068
923100
448181
165066
468111
419735
216110
753892
702984
905626
582791
347838
262014
617874
488382
27052
819304
424486
594692
169862
553420
167564
295388
48452
42937
336633
932524
642625
91037
888496
615076
714018
723652
399420
167304
764816
439086
536185
506907
914656
208715
21516
232874
855892
76821
63282
132018
513915
256458
848438
928175
19187
918341
432124
809538
273807
263800
197691
724349
31379
546632
367880
563982
256604
801093
724429
45255
14429
501509
484312
753926
744260
490140
765519
780742
844539
511481
195202
191882
82912
818713
173247
885977
628543
444588
631615
761043
876784
47986
985409
613863
85898
422352
701230
765864
414308
397459
205797
733780
150567
589625
462755
961266
618959
476074
140558
890964
552254
951236
77534
840060
811581
278377
875803
596560
659168
905289
177909
984564
854368
253675
957344
384439
541326
403255
607914
256244
910803
112471
953178
626090
801824
908582
568719
30712
183262
867127
877638
155000
161405
940095
236407
793397
47209
309792
96158
318538
379995
910419
23127
7512
663052
615024
473442
415075
310852
170823
645130
175952
527057
564883
336481
108625
11332
795584
386093
303793
951669
635122
154555
187889
330775
643166
675293
727134
561753
142981
846082
186595
85265
995358
442737
253303
710212
535378
666722
700982
209556
900641
256249
834574
628806
465634
359519
342928
263983
230567
757823
558054
955644
256639
395546
844516
184410
796245
648456
435959
927432
145333
476940
41850
169015
39919
205138
884135
172826
425300
815367
987434
114704
901597
874645
810513
585324
906220
180090
928928
815645
184490
433988
563650
708095
146319
244715
657945
533693
813311
817355
773238
560978
684348
307940
304569
913196
4879
490271
763303
500683
385832
49378
519814
267424
714355
517598
833268
201236
472068
185094
771329
408555
563279
69255
406450
902726
422784
186582
272114
24066
326329
682017
229334
497406
477798
26535
712587
490235
84861
520163
548383
968796
251159
334243
431400
264268
307622
955640
614485
96830
149843
82438
352143
41168
482101
897659
215435
256201
119727
132125
634479
784641
959782
540539
583262
398240
806237
688709
744034
688126
216624
386808
292981
265770
868074
296753
234604
310150
927939
945891
352769
211215
398585
814372
115579
296187
850889
143585
334844
390523
593098
861682
620455
279584
277927
656777
169963
706010
941751
621955
85745
34459
638011
364385
766686
978330
572083
341456
579653
387763
517661
607524
286061
871531
72267
83492
323641
412434
374175
433534
114490
900161
402598
435099
102990
660803
480847
96909
397618
824912
454727
514085
893548
269812
929138
548642
328078
500943
190407
821251
405863
24885
862024
235198
422924
670645
488669
618185
887422
410039
9740
956757
507192
582783
644055
395674
330712
788558
906227
509799
223463
202208
907055
365831
340591
19433
73791
5432
170222
427130
121168
263238
35186
489753
705077
270803
453010
75779
373464
590333
558992
179748
140010
634347
834648
917745
549748
213305
825765
804454
86093
178110
189955
227863
474852
22646
680623
878261
582461
659025
69338
755488
150969
608087
48652
950883
765581
757750
373286
546001
445269
658857
687232
372857
93441
689543
364912
165320
640493
451814
205420
616572
705871
61098
244167
871361
689546
778093
981207
754858
17567
417804
473208
729549
472067
527052
416873
951995
85515
638504
514835
790938
767107
389944
135530
879137
569439
954751
159980
371888
428809
484625
360135
660426
675545
587615
783639
691248
689635
103777
831693
552795
830761
419678
316523
384789
349617
500571
391595
123380
474354
512286
97344
336692
422056
896989
584628
399600
339783
670920
86896
522237
603019
245680
915994
737891
973422
935379
804441
80889
281843
763525
135924
368220
832928
956987
302552
345483
504329
947575
194488
741730
892614
194124
80783
68786
769798
494221
594561
723129
471293
537494
328543
3971
775545
222006
393801
183004
375186
70456
372846
345072
399936
410252
177199
31810
977607
507351
198306
766277
207693
391380
392883
215578
248844
377765
489316
452199
221730
297786
918132
343440
601541
935516
6942
650325
144853
839831
825592
314824
444554
596418
720572
724393
795084
368556
746532
879904
433634
457125
90606
751638
11522
406822
519551
362736
823174
103070
164260
53736
732992
236314
75635
594378
178468
426831
991184
942473
277092
699079
264076
363899
308825
631718
574567
592888
183260
730393
370358
78410
910837
390106
893920
740305
951723
639521
194690
417782
608314
416874
622515
43146
622435
507103
671009
725242
922077
460515
24282
171633
102057
620091
468967
770762
419011
365912
44946
505328
603781
928585
594133
889413
585193
335451
433035
870030
877471
511426
695340
452799
409460
512927
880593
827327
551010
108917
60724
773643
100063
695266
28842
924261
441673
192973
422092
780194
934119
906328
772709
45057
718868
586005
366728
675651
5464
144557
411683
54394
330856
158687
220879
73675
358652
1804
647213
607706
226510
658670
64700
864644
414704
243113
690427
605637
474506
865146
152885
262267
372208
12
961006
966466
822684
241705
827304
938685
413325
54669
844882
769782
539387
436886
685326
570717
749045
722584
674590
940333
333849
685518
328618
78636
183344
542315
179760
920273
162019
899150
808072
754495
609246
647315
23763
246384
594560
728518
468672
780205
113596
620082
826234
913209
671439
147096
617522
321422
320094
735099
296004
791295
453547
242328
497160
522172
370867
65075
621944
973556
661480
221453
701177
454805
373766
634546
128264
917743
28564
994094
600642
446838
812602
459808
685071
365414
623289
9830
835244
764673
606090
404984
956372
612596
48919
947857
740939
764440
488848
911367
882439
524563
843564
723580
214971
752671
148605
423597
509633
503139
348333
824935
592675
438397
499226
223450
515617
651852
658438
86323
499291
318607
366162
271683
69936
507122
128635
527719
186723
423322
591465
941969
626259
742211
781598
224195
756801
868693
629319
248690
350064
258847
284341
14294
614629
635890
525989
832913
473806
485596
558779
802169
338623
156736
767182
165636
144535
206031
5660
858703
190081
696037
529182
511819
662038
379970
593207
938948
893856
726691
879247
483834
652860
181402
144528
70099
905861
258406
301585
878078
329993
142899
117778
432560
231024
321099
205325
553858
750328
326520
558423
463493
361194
272039
75522
965372
303179
747060
745184
991803
927788
795597
752741
997466
632988
239365
969962
654550
835582
873591
872590
371718
626421
297877
831799
64373
15483
8332
597110
30752
635089
253078
300553
315725
643473
147355
862457
596614
175327
248196
536356
871025
735550
842271
360085
338829
624063
299048
30091
239315
374394
686057
955142
936962
77842
526483
64993
952437
260731
166390
654076
340781
714524
902330
9106
484630
591514
239521
919027
971062
999531
250256
252760
253056
220345
917358
405288
242757
978926
119013
805766
30282
852706
506182
930773
527348
311519
3785
332425
38624
74509
532081
609195
489487
162431
90510
449833
651774
589208
944412
510871
309076
387739
458377
205446
718645
59663
139028
779583
782964
65547
451153
254557
253221
164835
725705
643268
718096
17455
345278
902913
772609
792372
548620
75008
464892
866674
621162
29668
439757
535626
392720
33607
846078
630793
841075
260430
530978
922069
705644
849319
652495
645362
471286
946594
632233
48498
653398
516329
305368
380343
184789
22685
241371
60198
579369
345807
680182
438186
965298
859544
12935
349922
302560
914262
373239
520552
360625
384451
798220
356095
801240
630323
599706
707864
813945
906730
240025
860993
140241
819543
801170
469867
263857
338612
967702
27821
795053
231555
304219
600841
740953
739248
982678
823151
857688
151939
229742
992424
899899
438900
800898
655549
466360
196634
539441
384638
995273
703355
164038
384222
325347
430914
313087
464124
295505
732686
762104
130045
292077
679143
649017
136404
35195
284235
288088
582115
374562
426855
408780
370619
480200
837921
803280
924032
569033
255058
551664
601768
90195
850001
348020
786402
728736
303146
643942
727379
346065
195182
262144
70331
656932
533668
823351
41398
786770
148317
61214
622239
171976
367653
797945
312015
27583
152341
387743
458243
950394
400966
115803
361692
4799
887487
891683
918416
137108
782300
771845
319384
877795
194572
731685
805120
252170
789716
359090
709290
472667
355079
76125
867907
129383
319815
273140
139606
223266
44843
228448
65594
146291
682108
766455
540588
536155
872026
301247
366647
188159
791548
316864
377359
199507
677653
646469
453374
262053
27985
193519
511862
446340
502142
654069
256261
93515
900232
259259
668262
590285
855069
759950
249331
335774
707247
346874
611768
347260
702167
999560
798244
145369
926743
413400
468825
840326
870328
898198
319074
988541
673746
498972
611460
107531
922090
596516
832109
46232
440693
864488
718409
13588
993659
195160
87732
395648
236375
168183
27466
406615
688219
113043
132761
284055
258960
271967
226872
298479
838491
656751
858353
621510
587258
326479
681433
239525
360110
152511
797185
329539
900915
890639
130053
728108
823659
294483
288513
497229
712217
929732
274596
809246
819592
918899
8604
552684
882060
561066
44401
942018
359904
269345
554030
795827
558766
378074
658169
490439
246830
939610
44356
234880
451110
675972
710364
392392
612687
748819
756191
912824
822296
377715
959371
640967
48900
929085
519345
643277
854062
647438
112136
824627
949805
123202
967133
189242
549266
167954
182312
941348
386702
642440
407739
227074
537521
623450
637907
438747
249421
745451
153105
728438
307065
326618
87170
42117
172913
93316
642010
800878
985819
138653
559104
812790
311268
26534
464899
461772
566857
146891
512490
359280
114162
635805
680126
411448
385895
389294
449051
216135
988591
229851
892795
568863
998475
78287
408844
830196
503196
419293
891906
349622
888108
502814
609536
43371
562272
719906
820576
862007
433626
333250
7711
822910
241453
133649
455400
987488
515261
701169
454651
435235
530867
928577
122490
241775
487195
738100
859280
997490
633626
480893
473214
602404
400463
620134
285764
996132
574596
336641
795496
856513
607633
904693
11109
642838
516941
779962
991667
648909
605298
734495
712879
600772
961356
837448
725224
980556
442590
217846
739141
668173
765202
187967
760278
643336
568666
529756
479221
530421
882919
634721
319961
678795
625221
688071
244279
842910
390737
96037
41300
94818
29144
241470
734700
867597
986318
417971
697400
243163
493928
544281
104800
513131
714966
84005
308669
20615
360480
924292
199177
424641
259484
657672
473510
178168
797001
927548
873863
832634
943884
940440
827135
872835
104900
836624
396516
829284
948236
132550
674400
808703
409548
656289
658287
911676
132341
660072
156292
385655
801377
298739
137323
183480
887416
13316
381933
888691
929943
941003
536654
227218
5526
453031
51669
823434
401370
48397
49900
992282
246790
736977
739933
316128
559441
105493
575356
295768
96563
472651
352996
863537
26169
520168
265561
211598
86200
18279
431437
701526
464158
465334
302526
486776
455203
382273
226364
716734
76383
190106
368200
850957
564726
168450
662936
366583
340334
357719
893048
400317
805665
779481
102346
987684
574606
240538
842990
837682
876937
871170
510012
357765
956691
139196
632558
859345
285636
751425
885467
961460
289316
914623
108510
857912
387866
839077
942293
369508
913340
281358
583110
871167
496709
214983
724315
658210
460900
790399
251854
223545
49
902410
831648
614870
676026
641298
30594
861745
118012
588506
274391
335616
370350
311920
711185
801967
374454
704751
624376
834557
594431
905390
354249
200755
623970
336713
177467
709248
960257
472777
138141
66038
177907
306483
974362
753947
647705
958826
123807
546477
328719
513793
751507
443126
948351
796833
237061
755591
73487
932883
374244
77460
825658
790444
937255
868396
196540
398802
363661
856979
384999
89774
326334
884349
819283
203632
790673
45929
689074
296313
415783
803928
644290
763178
797044
111657
91483
44359
258782
678163
908008
528135
115261
93822
471986
176826
225155
79806
517016
318871
21877
208173
835803
783969
704535
247331
266006
523254
244519
890133
691083
574708
281919
814599
975640
177800
809053
705519
424648
332692
109760
411944
931269
199804
178665
172431
490796
397454
657409
109310
63097
449420
83801
620131
891873
256599
240011
649980
748799
32569
825280
883377
372582
451790
177867
295053
717077
614352
454067
579098
507720
10046
618127
67289
319595
663657
188553
179227
271849
395611
40900
626815
253923
157156
683930
908553
727165
431362
867006
682778
663314
154284
306497
143250
928839
932795
24880
279423
899069
739894
772122
896320
27104
852856
616559
702458
252573
734464
875075
515382
448048
958549
549554
594774
744859
657748
115102
455858
845426
462295
537684
333844
326419
929540
630733
529228
152564
600495
259152
694640
224021
181933
869173
172403
993364
966006
355332
490784
111711
336630
237499
876852
213123
154032
226158
731670
770531
142159
889481
830964
528709
572811
79921
231099
286196
622793
666994
703855
337375
705233
503924
890400
775594
396584
599880
39591
287020
436530
600671
419253
756478
504660
138985
240936
482721
662812
545492
434562
289227
843070
129634
68218
336913
349049
370085
456369
1458
861785
321562
696061
118205
466261
979746
2528
552600
129619
242207
854287
455261
595657
644516
845325
543411
9897
46305
200794
52768
384675
433081
840889
214882
391695
126869
340637
121040
330854
681237
388080
348832
573591
267042
458239
703682
177735
984863
10564
903592
401512
755070
940881
612969
63668
783087
529623
548091
808903
947442
809361
617118
542679
953869
210832
867736
189777
367834
220259
181531
13200
699192
609506
333634
893564
917282
833688
15546
684541
384540
857802
243646
783003
704393
788904
783034
184564
352602
690127
145297
595481
51681
779513
821114
445445
911171
221186
32773
425722
829260
531671
319804
828282
504029
496573
485732
437407
898816
208763
475363
102039
6620
984614
692155
355392
511428
209415
319540
690396
965161
799082
328728
325169
679280
509574
383576
859776
774367
741828
515724
684063
434160
408565
47048
731509
610154
370770
854657
531167
60201
306787
713867
25989
589739
508658
397346
416443
600448
512545
639004
711221
421412
457700
289068
657692
151900
797731
425033
557714
244116
795530
906586
976659
774167
492861
17150
387639
734890
123497
978549
917972
725253
952054
429998
504384
257967
434713
30253
177204
898037
895365
517848
221324
825286
337601
240159
837610
181422
876757
989895
641467
329005
156638
282193
533876
471809
463024
471931
572
451762
365028
241090
901720
596994
510159
713442
739131
98397
300225
47502
783257
212948
117055
493868
148491
200404
954662
114634
772856
569391
984746
398846
691951
687174
365879
542559
652567
651025
689016
540953
507198
187915
94453
727629
193596
847191
374038
184093
404196
860295
354848
435362
927681
797045
376488
788677
968510
248437
873218
964624
992760
364739
131803
296067
747245
768295
527852
442179
279939
169075
997144
403890
907635
754922
147624
399194
954704
657979
443872
484930
87352
803946
717630
649955
911510
323278
758644
105872
327481
633133
834786
744980
244139
514712
347740
48442
962118
787696
875466
291094
488391
776140
228509
393182
924710
231355
373121
775282
481120
33749
502320
41356
540815
767548
676256
125445
774004
471604
459548
68416
639447
860764
65457
312504
162758
686985
994622
131490
229881
308094
729967
474750
227606
572425
708803
616768
918991
670716
115208
691541
125097
873095
505961
937428
150808
336879
739038
989122
57350
81133
253377
861506
378035
915621
820033
689751
979895
279617
733231
874071
570594
369962
764854
370543
599236
161187
520104
582989
650120
920258
959539
122734
34811
518731
669810
172548
301739
219498
172575
853186
387754
879501
771879
672328
503154
124892
100694
853606
865890
56534
222193
477519
547495
739721
185379
835740
464950
977773
64591
215865
955701
833950
399748
722928
474425
573365
958927
875856
233706
550082
487529
938809
510531
725799
183377
312775
620755
892533
849625
13612
18330
292618
55741
360874
636398
780347
984250
475535
140605
13949
378233
234362
826214
619585
846224
752008
917272
313283
453612
388539
667210
145280
871707
599990
431825
414020
188852
419748
420641
130465
780835
909817
390114
577276
797141
567696
995054
252417
270908
460916
149925
422646
288575
745531
343022
553645
850882
744139
80522
255891
29005
753152
758166
748838
461275
58470
352093
523140
760450
337953
368343
256542
473657
548460
489987
147595
408651
804286
924956
254137
364759
622728
160826
506494
750081
635163
770440
787961
429607
366750
667076
485926
266207
954939
941217
943406
276280
98912
33045
815077
513871
899851
698161
595471
687530
997967
926077
485587
398669
518695
618559
878832
219537
122649
646322
592768
751371
936483
59690
821184
346407
179287
989355
356922
211916
204020
304904
643407
542574
765754
362769
836692
22865
903965
867545
342166
138267
270036
778082
867774
201299
343568
392679
428624
302908
431242
412678
365197
521480
3573
462345
292025
552507
574547
527952
678007
151134
912548
398620
587536
485659
314040
279546
702780
366054
245962
543317
229307
428885
285227
778649
627013
38071
73348
150155
739408
29526
29106
770918
104277
108935
133449
816502
415020
867835
351497
454392
591108
709363
394911
798430
73403
404948
990292
396335
429664
618128
197910
332682
696130
943812
213089
274890
370292
789217
781770
668997
335201
980225
733928
603759
910918
714907
916191
252829
143056
942162
175818
444323
239442
199783
23812
929566
780066
930319
678164
423309
740753
252640
978675
252122
803398
51813
956666
326839
229879
524176
293933
611748
12547
828751
644510
553484
846318
780599
144511
762127
100409
738781
20936
614363
872797
449476
898817
551539
392996
320752
755436
552210
440293
430233
520339
389480
112410
548475
298537
408771
7455
92938
265760
662089
604233
318403
838
499490
238241
853982
845404
530930
710652
613536
431158
295940
295096
287628
787976
99074
860117
266425
926290
259104
95021
859135
706730
402521
429777
204171
533347
876434
120898
996626
119895
383258
127625
807011
577622
919443
338099
112404
361899
81066
470061
215646
910151
702977
684984
993989
711885
553455
618760
519727
92793
537437
455935
881303
358190
713745
512833
410073
37914
282247
26739
17773
656072
581435
280149
316145
974017
991172
579322
60638
811488
686746
842912
532637
58097
898360
852336
111602
439941
504092
500499
691926
336469
421420
57582
348643
602577
585203
397500
90153
701764
624712
840839
716382
388517
729871
898051
634609
137276
358553
891079
438975
546990
124327
297321
908639
603688
957964
851316
806936
715364
625392
855688
713394
527984
678223
769513
956103
945955
835735
293950
574355
280760
702865
507817
188706
737723
571173
218025
894841
335926
900400
174395
550986
431156
739803
326953
458334
877857
338969
839353
42014
500045
901181
91655
812349
548431
141045
630829
724997
517766
937191
571678
732477
323259
822630
541074
975285
295970
253713
208091
524142
384064
575176
894615
54696
931686
704844
84222
796040
384731
519282
496219
3750
210456
804100
931096
51953
20268
845428
88562
116991
209792
436798
448331
651765
357941
950105
28062
356496
215209
645465
19021
396237
737241
239204
295894
868411
919840
681550
245220
704539
202078
734676
202754
341809
891060
439730
266858
266346
48747
90209
317499
353513
942324
68465
229194
249328
941706
847422
151247
254375
627955
889170
690816
820684
949030
544471
295740
321912
445127
391543
554653
633162
605134
544850
548464
401202
114181
369115
742145
578908
46960
806864
582223
230070
510598
630100
453406
143072
487646
700906
160684
514159
379045
136464
842427
186270
680396
462646
170189
851026
369470
269337
998766
673609
431567
681985
53739
982302
73264
7123
305376
424571
236318
502931
163567
357211
557532
703802
580813
869562
84144
147510
462748
666083
429927
228225
15543
831661
521235
992334
324991
44138
632329
954779
473932
995397
264371
836662
430633
214105
75630
610509
581883
67483
484544
940897
784268
521111
485625
424985
900339
601363
410149
621299
452386
318928
388331
123285
700748
655150
673413
957314
405489
577519
765852
441064
469063
293140
984511
921877
680902
179811
116352
208266
84432
270858
550827
764456
303676
174365
270500
237767
649470
880892
836444
534950
418804
525456
306095
632124
218959
793460
896157
623021
777308
984624
116068
424430
244000
137398
613197
604650
40243
903260
473244
557231
23759
222119
32584
203488
205394
595790
121755
312271
363828
659241
293767
32840
539593
793530
44982
331105
389362
422803
247157
247569
12406
150896
616246
189581
427055
893793
181321
64108
365592
936391
550926
21832
124422
569643
840922
40013
996184
531738
547295
775009
529407
79247
278748
693195
837779
912628
673691
52309
159289
812208
741431
268901
404596
873938
845887
293115
857429
103766
612019
410438
222542
251160
37931
906595
939365
134546
444503
131123
472516
510611
335905
467607
257005
226943
128879
157579
592778
420925
54916
528412
835618
662209
250950
478599
886440
808310
96602
982960
814446
141767
121259
288636
942391
672010
396170
619211
742953
191753
289072
975381
250721
49263
667038
459040
332769
64972
962661
94939
428132
939653
289346
43674
853330
987803
672737
801327
939151
836438
787714
980385
847022
390925
276921
827532
640452
869141
660879
157205
348439
475204
304135
381319
392564
251232
426619
89551
843807
693417
816227
31184
544357
843456
218423
846116
998606
304179
824685
568433
910255
908646
748956
925091
973787
377695
111233
690699
860985
538925
633182
327700
375857
686326
801088
351453
213697
965276
528026
826744
197420
927052
520717
542207
767313
979875
787785
308109
56793
129980
71693
289696
990410
613978
274249
345465
49775
420070
20877
557340
639879
795420
221660
912189
920276
434816
36395
987339
215190
895968
67568
776331
961638
767046
547130
589675
694880
14043
276842
437303
665195
960486
280977
668837
373287
828273
840424
566218
8177
656716
175270
750064
364757
634027
970690
830783
256401
430826
376837
685015
333442
515377
974986
910656
414446
198707
48470
783033
314349
353936
571342
8557
177140
638043
79577
841987
494463
96053
784147
980628
206427
462936
229610
528440
635725
235696
808729
413753
796898
146787
953215
208745
246100
516082
320091
333584
441174
463735
224550
740669
830205
610126
596813
41405
614347
860881
774666
892138
995160
374651
384734
602714
407775
291758
156333
169977
897122
160271
318198
600945
771579
514063
490541
529477
814401
257093
842550
117309
96275
229303
838016
390972
42500
755704
236348
297197
248675
238891
929209
33692
124133
791525
683998
76001
109553
249329
771523
799543
562120
332205
275372
254442
254352
519313
309282
833327
393019
832208
485680
478221
514968
769942
865783
939641
840758
131826
892654
158913
159792
619086
900602
531294
650074
716313
555366
661164
643783
832261
257855
551989
626164
12524
385871
788009
233236
795021
242100
123114
444984
771445
280667
578692
724186
871225
190366
986298
72071
276640
643640
939643
198824
154845
301857
734708
947179
729721
580491
836479
293971
982159
619831
725368
483352
273009
750196
459248
455611
217385
947573
278651
340587
582041
621774
649061
693453
921540
865483
535297
352236
480165
129773
364961
212605
449661
926914
50913
266445
688427
802208
958558
137225
68339
551485
52101
7722
198049
252078
510341
77947
96774
460858
605030
761992
903521
543514
753395
661861
352026
959376
609875
627160
552231
137057
101814
943332
98961
718385
536747
869106
438481
350393
921422
386206
704084
334503
444381
223004
523294
578770
422444
508998
342858
370263
839663
259139
665839
454230
711925
123221
519327
521475
400756
611902
734601
813673
395903
574352
77502
264833
174036
247696
722833
460523
457617
874630
876631
148807
759431
237284
420237
713203
600423
770065
189593
230753
98265
862288
181737
2451
249004
87314
263544
545014
730664
979988
309807
582232
886398
336886
655656
758728
85409
856410
671949
783369
404974
558965
492447
831794
588038
315189
815699
123493
105852
303439
58390
407146
828650
976676
372978
719783
363166
515663
712776
151102
536946
979406
615805
718403
110905
475466
161266
582040
465301
765572
906795
120104
648102
327198
752593
697212
161053
280388
373586
777149
787630
945077
784934
350471
219812
719346
963501
411045
242830
730164
219695
153751
184414
364887
690557
377076
208895
623232
287111
549750
956226
872077
546651
25535
627574
845264
606457
664721
826691
397104
983438
75330
796407
114988
271307
37068
570797
93888
190114
502208
881116
836448
692957
579611
804857
630049
485915
651505
886410
522295
205159
719622
440713
265497
316278
846204
404401
599233
263037
673958
388391
7695
27757
621114
776712
14797
115468
10597
468811
98958
942897
577337
462803
480687
390940
28226
582228
586559
312175
102710
884639
194619
31821
577226
605131
17394
216846
436961
599106
905415
759452
543519
886501
179029
568749
473564
74653
766829
616541
68277
249791
739386
337895
762428
264731
982726
499647
79119
661474
371925
416464
759494
118001
342575
425869
319878
345086
595324
189942
815795
631326
33927
118313
917122
903408
113125
441890
361708
764010
847407
3601
499582
367530
165783
471757
435816
791112
604124
13383
245783
250119
18127
372453
159093
459960
683067
988733
357909
728218
470083
297972
157816
751973
929274
129041
347900
340706
95009
249324
351266
73335
367550
606597
235450
743489
455509
658225
157037
831002
230406
265646
481831
828794
940610
129240
554271
70073
776043
465525
424388
488178
887688
293290
295045
435332
267618
854481
966845
810866
528381
195682
938362
693930
166262
461454
546601
785379
272246
941098
25311
814687
96016
28424
807878
195216
553405
449058
429090
943639
214577
475376
36287
340903
757529
101657
988793
849864
643252
5253
27112
155896
350411
355729
349990
523115
904718
491868
967741
289971
226445
439486
4338
478588
385679
103513
983272
974382
635091
401991
510963
293109
526625
206707
307706
906589
414603
318020
461896
959318
492997
423283
98863
396375
821534
868477
359705
115039
404890
787572
458348
332823
344622
184177
259097
331924
55704
225892
580802
920312
226328
691212
990726
815992
657870
35329
617770
369336
851825
137519
358053
984914
441641
401181
623560
854133
948299
852139
462344
45162
734255
213979
565929
442546
553134
882373
459209
495372
908861
281838
298707
371233
358132
513998
616451
606478
865632
955393
982556
423392
498910
832965
393119
237109
902536
165093
54517
245541
705694
581734
685807
887583
620434
64169
36328
425569
228096
162166
273415
919955
901435
677098
482657
201537
985027
364288
655803
263795
445138
642549
771949
748075
30101
308827
135201
454395
125624
765756
254779
385216
746138
939177
505427
414782
761952
905886
178653
288410
467365
501907
529258
560814
527055
256354
692551
170764
686013
645071
113987
72019
943324
661497
301775
194535
701145
954140
880381
808208
799537
697920
961771
480625
406884
406274
444089
900130
454215
199933
470453
877741
123513
55381
695320
859618
307182
386784
916330
984023
46439
366193
501952
953216
954754
909569
638694
952102
959213
499836
17111
816135
274678
91622
271977
869950
855016
361734
420254
860301
855739
359572
419630
395519
981744
618998
714371
368091
774617
686508
579702
817924
980183
462998
604367
733768
25217
993366
232639
989270
944238
549842
37814
927436
121376
324760
971170
808367
606669
497245
820806
108788
317195
32606
777906
814587
306839
76712
300452
205211
490882
808626
519355
143576
241144
226920
802132
951601
625262
297987
123267
973078
561639
280275
50160
810167
585252
904990
721099
496952
910630
934883
422829
43585
480545
342519
25613
991985
29375
508753
987035
158002
676045
782332
22503
611654
720410
269859
488834
695162
755921
21129
990259
348763
982205
227528
549947
330596
609822
582746
516959
907623
695995
580520
239735
250673
670467
567506
76069
888731
585941
798523
37219
445872
943579
1293
722742
377782
912017
652432
979199
808731
163748
653602
368624
742142
127124
139804
882710
968636
38689
927206
720963
354442
766796
699995
634223
823399
169877
496796
372705
800857
711895
64628
773022
523014
982536
442940
682545
308079
774252
49924
689056
778660
709266
158915
547934
581222
298845
174893
872412
352054
898260
450415
113779
379435
784690
85584
996677
606826
190489
419586
87105
655684
703463
439051
234629
615724
774497
280779
544477
887891
593997
698665
551465
470690
877276
4766
493149
107220
404739
481438
276387
728685
394858
875870
538971
107738
887741
873350
190722
148454
759265
909237
881392
959319
932161
576619
747899
218979
661894
436120
886841
85138
310949
200510
544931
537393
634514
923525
714070
377328
929682
197275
310259
402137
386798
547269
782565
987053
215171
183303
209026
665501
45303
364844
148235
602210
408838
314803
495502
639161
266874
446550
3691
852158
674873
933048
463283
973092
721656
964842
105964
555151
834253
591641
178033
546830
911843
486232
883638
628280
22343
790918
44778
124962
221535
312860
429237
716986
980921
851093
493792
527041
599482
680724
205293
269069
994505
883387
641232
196755
509889
574787
659205
595578
957453
785537
950497
797901
404747
528498
618895
724748
306871
946972
669449
133661
402680
338643
154099
765408
339079
245527
473556
285984
175288
81883
817521
505444
665191
466016
25992
59558
180544
618176
826022
709723
734698
935559
482085
335345
502865
498620
386374
565655
221006
875133
603879
838453
348022
599816
71649
378045
71996
532054
248192
286617
42243
128673
75231
203972
178565
483527
49568
714101
957529
350983
149254
279349
62244
87143
900719
896018
652638
514936
978416
739052
872128
19058
933199
360684
915463
462585
102935
380309
449256
673281
453916
112946
188496
244877
628364
792687
583382
799826
605741
266116
314752
233531
287544
526540
852719
100742
460114
567796
906344
736651
272867
454990
765311
288925
356501
417413
283746
694217
229099
744491
853311
193467
436859
338415
220307
659392
437386
92074
628049
273383
126402
593304
464491
309824
713810
390883
132287
260102
239586
866651
194721
205465
489970
427523
782337
935843
230414
269701
515641
49373
549616
183749
760438
85610
559538
237138
633792
361889
444461
154279
30760
217204
701364
749580
664827
798694
732608
34313
917684
849804
382206
9733
167024
468557
288697
11945
119693
698286
400577
666520
888697
951205
180095
285425
232788
185377
183754
780114
610635
139487
414861
65082
620502
500060
81047
908048
986378
908389
606975
126013
756059
240970
610290
746868
500786
373489
68315
960913
702631
204806
828077
943327
652379
307792
459024
842036
159669
625887
960613
691767
675319
635298
966136
352194
51196
217877
490049
294434
739152
50327
45847
789115
313388
636569
801650
705673
635916
945459
703899
211585
263663
435088
113714
18390
103275
335242
930268
814615
762090
206161
113479
563701
732741
977924
131739
261755
818466
339710
969686
123406
684890
2052
321580
696570
76862
230386
92200
255762
827734
817709
803867
671610
180817
274116
19360
467771
607126
214359
382078
819398
963193
732258
903664
948936
179914
746730
44608
274470
604743
487746
754767
229782
571377
668218
893106
862105
247100
24101
713911
217305
925663
659846
403269
781594
836247
564577
297376
335866
528949
613325
191582
780253
826859
457611
775574
698807
734617
830399
548562
595848
756160
636594
169341
945761
456365
593587
356638
592663
764800
223703
873970
218514
138712
511266
871654
820357
112094
449342
342382
312376
716010
934184
303493
243009
178005
354154
722561
875089
866652
453442
994386
902442
797922
387543
787822
518994
254417
820252
933395
668791
534831
57076
579123
649945
998869
117488
73536
811405
69339
450745
903445
146667
869363
779087
865767
56213
127282
562078
889114
223207
723439
438842
194992
201085
255300
37880
722588
731291
546546
863528
155445
669181
534049
647026
48838
380220
385092
454732
31042
414170
708571
142805
325397
343594
899346
738577
200725
328735
751623
124098
436695
164463
321513
225311
654046
152355
134331
804147
846959
680062
31672
543829
787840
208199
161873
835840
87566
893173
340498
995726
572878
684919
270114
309334
877371
62813
43241
278302
800974
630886
6924
72383
858252
643430
507539
493716
46201
659284
553004
651550
190634
982958
810313
476984
140216
415753
692964
626609
762768
739257
33762
480971
586280
430424
616661
323791
581708
27639
171036
227979
131926
278175
756966
755626
470268
740866
861523
562414
863812
430019
593275
542796
487762
196191
737479
901027
5154
448758
867261
180891
397200
216890
154266
539798
885140
79091
772120
376022
685836
703788
9103
312683
656626
144702
819320
555415
899373
993462
670028
826688
8643
343333
331659
148432
811819
19845
849688
793581
176384
733059
352065
246416
319122
804718
712285
698308
158743
274810
118542
350973
153023
79472
326054
370195
131109
27638
422502
727577
102369
943926
961122
955294
22906
930094
637952
424064
455801
26260
130655
170215
662425
398820
858644
818277
293274
679751
744143
680168
887860
488737
748444
347098
916521
650168
328198
424022
844723
814460
482902
256710
872541
517047
282489
472797
896942
161810
385791
312622
963071
849537
37376
207527
748782
102156
269657
716910
283243
422971
500628
258455
610288
547422
485413
608959
769741
859318
751697
615560
684961
619907
436394
851249
999205
970475
672656
424290
59140
365932
182703
181507
767294
12062
678017
657477
7536
806644
210239
861898
229053
703888
145636
604685
113443
707278
779393
339952
63840
164332
737213
630898
340161
824326
722797
560700
900424
61242
46924
133402
640185
356650
973719
788423
194497
656351
669600
705476
757386
290988
756987
950721
352999
271075
218193
762276
902971
565876
279766
798953
480316
461131
71146
78632
917839
734928
707111
625857
554027
752356
283099
368612
216989
560762
485968
798461
375014
955472
714374
258299
726975
579913
371842
549116
918141
645737
285311
397207
384782
981164
672963
306181
684707
299715
34061
87084
194664
689068
125482
242058
4398
403821
401959
163578
39018
760876
52833
780646
681943
531630
3000
181194
997814
433258
663266
378784
181558
196169
321372
227758
897838
357885
363770
909736
640070
98235
242464
931202
370614
430806
511113
52695
953254
224249
858756
73007
166325
206209
484672
845040
491990
601589
129020
616740
315220
676131
59936
944099
467126
22168
421738
667933
221437
708475
311169
688774
331658
422726
113318
236894
538268
773154
721352
540444
514296
587295
140342
541366
911777
211405
285167
656839
147002
729813
331004
409287
868800
875832
549409
754537
739375
732569
733023
310010
703130
998036
31313
898233
516515
308212
703743
142116
451818
363277
936070
851121
931647
759045
821395
507876
67827
347896
290510
181327
135
447756
54419
572652
107526
509971
369563
271120
249903
451606
545785
379661
997770
833412
448961
376935
93083
129783
169027
522864
562420
405663
456245
166659
1253
89869
153838
201241
406543
654238
51471
902603
413975
797564
614948
792246
588584
463432
29282
644076
651656
510767
713418
502420
398732
770108
736485
652627
724508
475915
128218
409450
142853
222633
93353
503532
129285
291543
268610
513225
703861
116270
929088
716680
238035
775324
240197
716755
177387
261900
338418
958700
337250
792612
62595
683390
648287
779048
377414
359118
641046
97404
400438
409232
772658
924678
993144
955542
422431
498290
442545
98787
207665
528015
588546
641758
177844
101654
456545
752418
509137
972619
85397
785906
923033
342524
22669
948234
514225
737255
801694
316048
18587
657977
251672
509738
693021
393584
9923
597801
67599
510305
216635
741090
475142
948950
774053
414302
173145
22159
54797
959655
207244
915753
465438
351683
65633
977565
430973
903997
11575
863839
537538
939934
395868
97574
410107
452727
76427
696415
44264
757579
990155
106932
658250
273193
42599
271678
430026
521269
993963
454685
350950
984274
539211
845793
74657
862829
775400
505637
891739
675299
316466
112645
896699
228304
619176
527037
786248
858613
446204
128415
283479
59205
879570
34993
185119
855180
423526
334561
302696
101884
903756
562597
465442
491734
142611
791475
445074
586994
591747
460698
513383
358635
316486
210172
662891
855017
259939
118824
715285
974156
704101
797272
549041
66010
515844
138788
254885
236663
983584
956348
191204
427481
317177
562337
808268
476966
485415
547546
400291
540434
698928
565671
101825
683326
69370
715187
402908
631482
507882
458918
111022
450411
506077
86487
932549
366408
549313
789151
103527
722494
750674
765768
986015
684788
344493
76837
177256
536745
310674
289531
956981
367224
160699
770205
238235
865918
552595
861077
689692
832786
114901
641854
424593
196723
429634
866031
888563
20864
603710
914706
424262
928160
148680
643666
448546
715009
333780
793010
604831
81799
757243
151004
400730
668814
590478
890988
834345
326172
132439
253278
597646
995646
305506
437032
879455
308956
402631
701039
340005
15438
136385
302582
920767
387672
528925
508320
829670
6404
246478
870819
154442
281627
826333
619852
429788
11135
263229
641576
501221
223976
402045
190806
967571
32505
95126
582567
502100
646014
718116
492207
411355
317445
147314
952427
695680
46742
148590
486734
492164
190927
811323
981866
337970
652897
932709
426424
608864
339297
400432
719812
519637
953803
497545
58616
330053
750234
132894
294786
7735
36233
981349
475719
598070
155175
468889
37960
894100
952007
780512
917377
687627
16831
423015
998744
475181
516376
46228
289933
952391
805609
751282
708957
175770
554753
934711
400519
628533
344574
18030
763882
946732
347002
877701
780813
788727
56997
649589
78777
80937
285998
415049
2241
108298
64795
302414
171618
647572
141753
16214
398725
462151
958893
673320
111905
603369
933800
189319
86013
940701
504825
793501
565075
675423
420348
478853
817488
851162
22768
633458
739576
163430
422055
791231
943527
956449
125718
505906
325865
356428
307184
253804
597811
101952
44953
875717
992907
760131
868894
357964
89128
801492
383941
993044
294507
10834
543511
771573
540724
164300
706308
2026
367713
693748
818483
866456
879012
286515
97578
973934
176192
193686
939607
348263
654112
991653
107129
731884
24788
93780
788206
424919
48617
922323
776793
229203
644003
478976
794927
423711
487449
194684
727583
65713
199342
2523
241308
944311
478567
211701
636680
706552
888814
348058
904766
188698
415458
351714
785980
783612
622233
272545
235883
979779
659379
504058
840397
61235
450908
603659
404354
526451
918557
238406
338359
168115
812063
466399
319340
659689
846142
70561
932127
737078
341062
60060
67674
515048
239565
927673
799190
859160
809005
752622
904395
648884
642332
776908
842325
603607
971625
137860
236884
117012
435820
790528
390418
753803
953413
766295
524049
170877
694139
935397
421259
733021
706656
604255
643125
231733
239855
385276
721956
841060
221245
917120
613709
980406
153166
604390
48677
183710
987524
163049
190055
521490
861810
622639
223732
955587
659855
526099
389844
102968
834695
239117
151194
659782
35499
969344
573542
415086
906951
521504
297541
295443
206804
563518
401715
473110
723780
617906
582656
497680
465275
839268
340495
693227
173406
211639
473979
483229
704067
644370
802709
644419
753096
872971
327049
705494
588543
620978
870495
638604
249351
182968
306333
211085
928246
164091
366153
404722
566703
495691
861522
31967
167722
52081
342515
120626
432907
927181
244525
666917
787784
848121
727665
490435
927316
557307
72096
867555
439017
725187
866658
946737
900983
913233
506983
158311
610729
753267
23928
573084
391404
639993
949555
323182
217649
91261
237236
163489
328390
631479
629867
136228
34584
918524
236890
763988
566328
590872
30872
240055
271750
877322
519249
750341
903220
260652
102268
621975
846498
516485
648905
525126
435672
720635
361958
143282
491423
878374
148333
88798
234108
881983
401005
764793
790794
278391
310483
287480
235891
724772
18996
544798
708746
658518
831098
956509
766536
887944
490026
154710
380130
725042
15374
757949
717507
205883
880643
749784
779499
503500
553121
150438
896036
742208
919362
838556
316700
791991
157169
92554
912932
155146
280881
486045
959620
238425
192487
557309
844280
206719
785829
435223
352204
996647
96659
286645
325711
932600
949244
767752
273516
651186
414984
16657
400190
655199
999410
266402
147458
587434
875888
243167
519310
236226
697879
876038
254166
74570
992650
471960
848598
378145
715643
487347
868456
702349
793170
365903
368885
413315
635366
74453
893192
262421
617576
646039
708862
857848
127455
329008
959450
214641
791117
687737
358005
472156
827761
776101
402713
403046
734586
420944
894356
307113
111213
508856
193006
919095
12312
290806
633997
357077
445978
702373
358973
255849
167755
972995
199745
922054
846746
266564
545850
625158
682242
997363
496142
771637
972049
318727
481782
905396
645809
189359
901187
280332
772125
74348
290442
20349
147904
917197
679481
717530
692359
841182
505585
982144
293841
999469
653771
281012
389379
289338
6076
811545
89273
899706
25939
349642
743191
984264
151135
34586
640061
45737
220461
957861
229913
744442
703918
279059
168854
446072
162680
643689
574834
545708
674723
530635
834669
896433
829012
111570
825565
686051
621142
875526
952870
356643
367928
308647
451651
782719
823801
483892
649036
682701
45296
521292
928967
654701
785596
484418
19763
708251
357737
456603
767139
664575
193049
653633
640002
100040
603732
25067
423863
367649
100918
208235
728291
755859
212679
411219
26567
756983
420904
300101
741251
251798
12968
954262
220281
612575
830326
370783
433552
848772
39089
534112
486677
289713
530524
444752
614907
19241
125293
764741
982019
197311
140676
182972
615479
727407
219193
191750
851984
771991
104206
214544
710263
26645
285379
932237
831657
940670
600009
77826
608755
237303
127886
844525
612573
224372
619703
720275
151395
165067
366956
870565
595614
107828
828812
255374
784066
601183
821058
935388
758400
64370
781871
181832
794892
991326
970695
846691
822073
538973
693752
784415
301375
447818
995524
791416
37151
45852
903472
492541
348445
366912
702036
144255
676780
186195
441939
852629
761448
747257
607461
123784
1789
850141
946640
376930
540901
278149
612918
296782
412174
343312
717703
209196
632601
228879
472534
66164
338431
52414
987977
879684
558094
395102
82411
285895
1937
280176
281628
329476
331406
42831
172648
366272
626025
901290
748020
892625
509606
183198
445716
783937
18508
863916
181050
858779
249125
983132
112330
863381
465953
697133
696777
454041
300826
605239
708467
45426
512626
966431
704683
90256
991576
454711
268237
386295
554730
14192
45599
497930
682172
528423
399408
838167
407556
324950
37409
531907
994594
652111
961513
588286
689585
784051
966307
241184
190513
74482
635761
458677
153476
401836
370089
228739
431513
303714
310947
399105
250710
140737
283571
665077
786545
566735
725651
267245
240670
836657
287072
939481
32163
760982
809467
674179
864199
911428
263312
909549
681832
220413
152563
66886
699244
933581
153894
558856
86224
249139
400823
445169
116508
60458
651142
311451
705527
679059
554725
660922
208087
272128
865688
269618
719440
100895
789243
216531
519246
472769
520387
405086
749574
423388
80165
840166
86311
74354
510298
923125
790496
619468
119060
832757
788370
897028
608893
856750
356143
252160
937859
516049
787298
613231
119901
973773
628160
300106
207389
735712
834499
764821
881985
906513
233382
943222
950190
142898
873357
785741
142556
759173
444799
101734
733728
283386
839042
73287
698006
223634
164776
497450
354160
641789
124290
830211
762838
99230
774848
994060
810548
787922
738914
902004
15710
908129
567957
140169
173173
868573
803162
723461
297094
388017
25621
392419
944042
829784
437181
296191
547076
334089
185645
725145
27607
492238
779975
62328
924289
956851
6725
51179
127064
215577
183582
7786
475050
859793
969692
740902
904166
808912
788786
792187
796572
56204
590000
443408
383861
226905
121420
322347
900651
333759
286063
179652
202007
384604
351256
879486
326631
826489
383392
276014
460327
964312
398464
303445
369877
905294
908211
211695
64690
43119
377781
92011
828729
808134
943944
121634
376990
835234
763930
171984
225683
147734
558807
1888
784631
123610
38953
382112
761564
855567
304980
857715
629664
999315
80230
543766
481028
681394
185339
292658
553952
553157
764384
374991
713800
839142
69347
37246
951526
223846
633342
535902
653875
708198
330415
128522
603491
804885
73635
672546
305246
358534
465232
170101
826920
420524
562594
23688
274849
185973
578765
375238
713192
386497
334273
511427
322587
929854
237244
66030
868410
992802
529273
605331
768298
881667
442950
218507
286037
996339
433025
908654
752706
182950
470561
387346
875360
453900
343838
720330
492818
392938
481056
311469
80637
188049
303305
199715
825764
2224
662819
535172
490594
730947
896872
583070
826564
430762
744877
784342
623744
205652
271915
750309
937686
912090
911211
484100
451650
345064
610894
779427
632987
396502
101238
789330
786956
37973
626005
768259
556268
205700
186512
502630
332859
892706
78159
885684
789691
841694
632968
631656
404619
214613
338023
810134
452143
802183
678112
124455
554426
290447
706661
413012
286907
217851
598530
559631
950746
950047
125673
159420
933993
334598
205312
57881
571452
396239
742973
258728
637220
233936
934050
852443
5042
256087
520726
691947
619882
868940
479842
593414
177074
566340
560874
797027
939788
627891
170565
743756
848348
114289
915548
875490
49927
679750
423021
861540
96340
799582
480138
746401
693907
385153
481352
544759
214810
667882
292432
359302
343339
538759
573202
78391
70961
979660
325530
963811
423785
492980
306363
89889
83358
256534
575527
997359
147660
902944
936928
270779
580838
882482
206601
686479
130867
919641
251030
460120
401747
633766
409891
750225
663392
553643
475936
711249
671472
79057
296937
984813
877238
109721
936051
315211
431112
64941
85218
19908
440763
482018
287032
426741
664810
518029
264489
783715
28630
882367
325834
33063
640862
325479
497342
299537
356065
336903
257362
192935
830490
998007
457751
605365
156723
95678
500734
529290
297745
206294
825783
53409
655161
778757
13379
303405
944015
224351
375558
489575
526524
304698
721893
533474
155329
135841
546301
744593
522126
451963
447330
634867
420019
308656
473052
994750
303152
166054
247169
6264
193623
893795
819376
762533
774368
797846
461159
128027
424841
943857
659650
703217
393192
543663
155601
899286
642319
7603
815700
164797
667802
820177
200022
897782
165463
127717
298083
606360
435603
100961
146022
597275
751613
477285
317156
716866
470201
185351
77519
438773
581124
371890
186056
514605
326463
791850
332212
629064
453722
725677
692730
604092
491934
522741
375958
527976
194838
141659
823517
881030
333723
520085
669325
837373
112507
587360
835536
246803
31686
174969
548686
174080
425140
884612
69099
192861
743798
491856
823140
825403
801880
231218
840065
865553
494415
867726
602424
582285
780005
613876
973022
960587
867262
88614
554250
633379
810309
607032
737032
156701
503672
750992
161847
425024
840270
333389
706240
616712
82945
638020
469109
684987
655398
193599
381760
374305
984701
147406
939753
261750
659861
311163
30315
587630
37431
40753
605777
444112
620113
172769
619682
502598
997105
246943
238968
961540
343664
837466
371119
559891
160299
284726
856248
332793
378733
816008
547469
592391
814377
755821
448255
877759
144866
395527
574827
604959
865645
704854
472011
532494
702958
370920
146850
429632
551322
577325
275468
246865
851086
630552
924065
544425
458433
10313
934405
191595
10479
659901
42870
704563
707177
383572
729842
471040
631703
905934
144006
248427
206988
243092
390133
940693
630212
26611
490433
808032
288509
776803
501145
60116
397870
766917
377758
397473
26536
873683
937988
632648
117267
648290
968770
869206
479084
756165
865041
954686
220696
775447
179414
180905
909938
382904
191177
918326
401285
262581
308570
1246
445343
98972
800657
744125
394688
609919
242725
214040
613339
695400
323027
30910
822200
456584
169803
711915
6074
529489
800653
711558
154898
4927
779495
336011
468430
242137
467172
573398
252133
40710
262370
769682
121615
255944
204609
637369
935249
581658
880567
272582
560022
139170
135809
9215
992953
171155
890676
416600
219808
794531
388402
908102
690690
746467
300600
836962
459336
655552
344595
521013
871761
688276
431090
862630
942544
863658
375191
486205
949073
991437
458792
312851
600537
444171
672226
203544
612522
629003
687341
813569
594469
524232
639946
681548
299018
956201
154088
142513
313883
808895
836310
718247
154016
32474
301395
845583
937475
997960
599490
856705
610075
21227
323962
294194
301126
891766
237113
983231
716078
783492
783032
877912
564719
750741
623577
616140
412559
668197
701821
496812
45419
915243
960178
302559
458419
4843
226569
429058
174348
342712
820486
471801
135060
674442
295217
485015
74946
635063
828682
39206
250986
889874
974297
238483
803232
639453
139811
535353
154037
282411
765369
537160
255837
200663
771050
748497
534449
999258
709848
288498
599055
431501
526120
160665
422367
930940
953747
354678
448369
935011
32730
814465
368066
145736
597334
811813
808990
256372
957037
730504
52959
38671
312673
594616
476563
488983
370306
764083
189115
789181
502020
741138
879984
270556
292203
678036
940961
397143
227490
492803
264951
205709
459052
494597
482713
840315
675954
568386
254219
871023
319162
253740
804145
438437
376248
696687
572850
564800
917183
298039
464504
249830
431440
589657
627411
433528
722963
197215
597629
127661
594659
323571
954424
774282
854340
307110
102420
663296
640176
663646
348173
536738
950734
402778
162704
356161
428420
301347
829278
827621
278691
210386
67082
783723
413953
652408
500636
886326
407141
61933
389528
589203
730
618488
255704
868205
502566
577048
162518
6121
873621
28397
155782
722847
366766
949894
626080
385846
471751
831240
262075
469531
583220
472119
274261
871262
391451
9508
526447
669353
440819
805909
861405
623179
163912
521276
382602
720087
993294
488067
873739
217060
513251
351388
773309
32861
399140
187140
557082
651910
455568
383726
845877
576246
479195
543678
455508
417634
386450
370736
728037
350547
175333
531545
751007
735226
416342
442886
325942
638234
983997
51393
985082
300771
623285
960050
417229
960863
504167
292577
253567
971269
574064
776153
336776
716203
510066
181480
902945
639705
286260
788740
313343
661369
399479
481096
371885
253802
926934
907675
12997
982515
982552
839409
804106
898452
388502
984875
524069
154809
396035
454106
919354
73992
679453
697953
48807
719641
199407
615224
798425
910917
840960
577485
367050
237911
65564
553413
573019
648160
884604
726560
132425
786471
868116
163770
726863
495484
628282
538285
74264
394285
422574
97684
516640
746322
791178
885739
811302
748419
769863
791186
799760
397162
248041
223216
26075
819443
110921
847604
766908
918240
166717
558455
849048
36728
2341
417277
362653
9567
998805
957403
661947
417153
114074
451058
287619
775784
849387
971289
627290
595246
567406
176281
424601
716300
958947
627909
987920
981617
370106
671334
933677
155531
674053
748038
285421
734975
887585
938503
660289
401755
710808
311201
21433
734745
816952
656398
196532
92816
935382
929501
616343
400753
766154
555183
165154
735509
835100
121011
26057
432443
869803
809869
611292
333679
559078
128391
374869
468104
117859
507429
692352
518346
504287
984791
839175
489452
234771
169160
953817
474869
293615
188564
314423
891008
206581
950230
774619
701022
711797
360670
983941
474586
448865
762019
102807
591628
167116
564444
106116
589137
683257
582420
647304
288737
798064
461648
883816
775834
968911
882218
808824
398615
147586
790375
575600
882182
751232
848401
919331
44759
926872
899132
290586
135569
384532
330723
901823
799431
748464
719421
277895
480504
195866
42160
454746
847339
854505
545354
822599
272968
558741
118789
157291
191979
804620
725005
246979
526407
302099
60091
219618
908791
207172
23659
674429
134883
919669
839100
559268
770315
987321
642211
301771
664371
814144
746924
890759
73835
522522
161935
171476
43514
844056
21803
192978
373991
302675
646498
330129
708259
773062
264336
33921
969942
752534
596968
754828
968132
322547
511917
884415
201884
789718
549898
819939
769565
53162
844368
545834
569509
113287
118922
59845
889625
175357
791635
779177
923871
972737
435187
444680
285046
213498
268904
510296
962725
758848
676716
896511
314933
735957
227053
959851
649223
745233
544938
249532
180654
960713
360717
54805
957454
420446
536086
634363
991312
127279
621095
858645
21695
466670
436842
154963
672194
64592
280738
947307
94646
271518
67213
903359
506087
358313
193395
98971
920236
186395
266586
963164
175592
823574
39016
744304
462178
349480
748897
534775
263788
677266
152088
642480
987206
155646
156085
840583
329160
959672
325238
821359
592362
837469
349462
450840
293951
422178
688010
357710
104642
796670
477288
893870
582857
182
383587
807749
613270
292675
872049
201222
576717
966817
746381
251624
490751
388470
886936
93210
699428
935197
301851
191076
414824
412239
86951
212507
37596
79982
779997
848768
991821
591469
992906
129143
473522
786462
275434
679391
307007
106777
881358
750162
395478
993350
513368
404765
210888
937506
80334
282602
352582
637758
651496
317275
126359
139992
951813
847107
224842
586232
82648
311935
493903
101284
709707
692134
602628
56034
336595
613470
990176
357723
280558
65548
566
927899
148348
21027
484903
178677
992055
946846
615975
946692
597457
840136
850090
292300
942889
714488
226602
992382
129385
95067
24344
787354
915134
985385
386204
323055
199925
746554
599883
665854
46447
198321
407589
411197
875329
475542
200391
316983
702954
362690
775923
100304
897329
407283
863866
546919
980251
75328
812740
713620
468870
647526
900796
143120
539430
328384
100378
942964
463897
802517
526030
712474
18088
791948
387846
151456
926876
271546
794012
13515
937659
925724
884895
963911
754462
833568
338749
167372
820464
678365
292170
216157
303301
832612
514351
245419
640212
10030
81265
559830
19219
20980
759325
222227
544941
768734
366030
143528
443363
367955
23898
152212
617404
629423
931807
368525
31018
676627
419109
140129
629243
644437
149808
924990
672824
311000
896741
21261
143582
794167
253334
15096
453622
663003
795180
338509
633363
23789
403888
320314
635624
131044
592886
25144
613059
80895
744550
995589
874154
756559
911016
800201
914193
136492
237356
518170
985396
992008
241939
548251
340823
643616
445373
550975
444302
534576
225643
293421
184572
340577
772410
918656
629555
843875
765274
162788
368657
53289
948947
288242
356377
736377
296296
848517
415204
236720
89046
833486
509878
468908
695417
567828
167148
411097
670094
865355
167313
887003
348819
565840
299919
821845
26763
555903
47746
850900
728926
245234
73320
456348
206812
623894
106677
312908
768162
309291
342147
850480
558549
610520
688935
460748
416616
662047
786783
680650
653861
261223
751907
337128
134415
141866
312703
28050
588665
572694
33279
994920
617345
613960
546866
244612
980330
812711
281622
298075
626840
235852
232289
595708
512295
190367
846766
452918
227687
199741
211395
832407
409464
651669
87739
687886
36799
600466
639189
146354
955970
883186
67351
558683
807718
737398
425696
152302
877378
671346
709193
639927
81375
789892
595255
631599
436239
245985
597057
135132
277990
954187
925880
236311
530586
956639
875863
308777
509811
527882
291592
854863
350510
47452
870353
832349
709172
892213
956825
275391
487986
463131
441627
722458
659796
827502
576614
701649
487651
253490
154702
729507
53497
573324
214835
891313
607773
528392
786539
417629
514879
838999
191375
982927
604246
463647
970641
224959
712969
827283
964890
689421
297766
678079
348328
43404
569166
813089
414086
129081
746135
733322
301805
315506
695172
490855
880327
699222
370646
576236
25294
652728
88732
573715
545918
503717
326327
698971
932444
905526
349568
334628
446057
203863
81513
339419
285800
788893
328499
838564
740241
386474
153888
735208
572407
345162
706109
841497
803659
801484
547233
52529
225596
652772
274827
264333
79115
672991
865823
660801
650324
756120
853874
76813
270613
10708
366784
312654
264316
476407
587943
73569
298398
289260
874282
84301
410744
249850
168108
514552
35838
691421
479770
202493
85323
989585
822161
889409
767258
600428
536132
549395
315567
2490
234783
143292
131083
388059
299687
215620
546376
658715
799651
175757
772692
564320
135015
220572
884556
995512
75124
82595
924851
646699
578641
535350
188668
373541
940708
701822
680132
749312
680515
707380
810900
473951
806101
46012
797661
646831
198121
428019
858276
100559
523763
857245
804362
491084
772261
309953
687863
149189
854118
66257
302691
843822
573682
602433
503360
623791
704974
624312
649288
213548
375718
714340
951710
551456
854021
640488
121379
878370
803887
460145
115544
884874
364254
931558
555179
693613
111576
335421
373152
326083
393833
884075
395293
557482
220418
463411
238546
463683
253230
243616
670723
191611
174573
10318
441523
53860
234031
325474
296367
271425
982126
379929
364532
92833
588200
106878
87741
185634
519224
748213
915351
313104
855989
394198
780164
176405
647379
607716
650822
758935
5625
173290
187919
586796
286133
182150
693199
250984
941614
291442
84463
391610
640561
688170
701047
264166
809641
453110
604624
289371
629293
928787
804387
220208
813428
535298
222495
679424
160867
907692
893402
855518
808647
649968
13391
517623
821790
729291
23430
376579
714512
298467
743313
939751
247547
605104
226802
167723
970860
456327
914714
179027
90089
695941
421516
689948
79915
815252
87008
3348
764777
965597
107300
297046
966607
262794
942493
356705
928653
980214
153323
526933
404044
415540
37706
245065
893244
446009
163957
380299
244937
607655
109605
624885
240940
448694
972791
469928
126430
367809
900907
169896
820199
850731
564360
574420
569876
834028
750301
565568
716102
983484
8035
793073
868519
410074
894911
997492
498488
127353
148259
550939
693254
781896
731796
682453
583868
104476
294598
10665
159697
692797
986147
200207
994017
240330
830315
196203
410714
998089
633012
47591
965391
110099
209579
661604
819912
563475
56508
583027
253732
783202
889838
707047
523871
753740
684039
538779
195435
416734
35570
901577
388411
890412
687709
245981
17518
561199
892271
371749
190678
197766
983849
130981
314917
360029
41560
847880
232435
308651
690224
970479
646229
792089
460462
611039
53296
298911
41165
454869
94116
303960
752329
121712
684332
557989
93789
523148
573049
965749
313658
962183
15798
549596
34963
399857
820007
946251
47381
254543
616042
67698
26101
210252
537248
127791
21153
615101
603941
214193
305944
942223
147066
864878
694037
357136
121476
568189
94246
556182
770094
182224
556700
62864
761257
449426
201179
792423
78931
234713
149713
791440
776117
536968
218052
657201
423847
809540
638211
237101
710222
701585
81022
193742
868358
536648
676018
682958
50138
444343
249596
962562
960688
676437
632527
270564
233474
562016
718913
907771
6087
557205
126335
434537
140464
478859
255201
170513
47054
895469
73177
772322
703248
386578
517956
878981
558954
393595
511459
764959
367762
241896
531811
554371
302820
428951
277016
22903
710182
658266
946633
437537
667941
172308
224996
707215
628094
528272
32082
409184
321913
453309
75685
799633
354383
321738
728558
319463
261324
609306
452268
767222
645391
56740
299359
68429
415343
309354
824186
890111
955256
876180
192118
745358
633555
90665
582467
936053
903491
983273
590297
334418
267788
90825
301
869806
526958
327883
827776
356587
39695
980026
209745
530953
229366
181439
380979
520596
889843
656739
546809
754222
720925
269154
266125
90100
345011
737064
317536
332752
935524
387883
61627
462299
380651
730916
51637
65452
833617
90283
531709
270978
457878
66222
71703
704074
627498
600996
501389
17302
943062
561625
861624
355448
463832
494802
778377
39979
167014
493247
930452
64581
819946
112892
543151
469690
373218
670655
43584
178845
71804
52587
116513
767559
694337
177901
888848
751906
455286
416362
78906
908373
746655
581971
388910
653002
867272
177472
608478
252598
657509
116276
581385
109562
706720
474819
321437
714840
902097
368030
790774
115667
836300
302013
999813
832867
212563
860135
104460
799058
548908
249569
590021
844342
543246
975025
159074
920075
863989
526733
518128
259308
573077
436517
232277
762606
462187
60874
606200
437466
132014
389881
523711
897860
531492
809608
996019
545612
155922
271276
483457
964913
446028
526501
853594
415053
450090
711046
546169
94833
583771
838309
739012
588381
140371
579803
236172
880220
102432
551800
510202
708314
966854
297117
618211
62841
791608
374711
634970
748353
59120
713619
245714
183384
610794
270492
429869
820216
151944
747735
875342
2559
400122
155264
328349
575075
731017
326098
750678
149316
129217
585702
904078
833306
83513
190835
992068
223309
869440
176180
362400
948132
853030
119335
619915
65237
553252
606449
833450
768186
884073
515231
866680
14501
433602
74375
906686
680458
423332
655245
986290
705051
9561
152961
805930
51825
892165
774886
415227
403302
712980
188302
59570
289919
905475
267552
334510
867142
627463
950524
582425
511095
379101
979765
147457
902703
641469
746903
341771
859104
858398
169154
513576
39860
446884
15009
815139
236383
964697
76636
420549
838313
884712
648741
81431
106042
371107
283729
608625
15712
706509
819760
524762
619454
524222
615302
412279
802246
829497
664427
179824
396140
205468
912689
43783
446324
198727
156789
497083
274417
113530
323377
685873
495144
650509
918575
429888
107348
352710
316440
359641
974467
838042
289259
414481
103326
411779
210441
774093
367109
774714
948716
819401
570777
737746
294840
463557
274195
585841
640426
372172
497553
296107
556333
498786
753521
388028
908043
595145
201430
140962
389440
509040
727560
860565
334123
6905
760504
852324
14494
629477
944096
509037
595732
159327
406793
36665
393282
817570
421414
2418
223366
76871
720286
238273
386620
834415
680103
220169
941262
716217
921325
930944
904083
25809
388404
397124
187568
193205
818376
354100
522042
257255
980646
299877
490465
81637
946067
617362
180434
508766
392141
993952
958331
588882
143843
941515
172206
794053
226848
640691
587935
264415
75939
957117
941960
189731
444874
572263
703212
903498
428237
372204
922551
150971
257191
935620
219114
381614
355017
808185
281034
860932
130186
413901
298096
531238
934125
79914
436806
198497
808571
488877
802792
2213
223323
23499
647774
315442
811478
114615
325679
400131
418555
744446
31385
670164
726807
362460
300376
15355
964032
28361
411182
186234
519736
864240
906824
987654
475903
873655
301399
733662
240040
801656
807951
967551
311191
1775
439492
747705
619855
750579
935788
803434
179587
804964
959678
253198
879957
338397
582796
334576
294095
720163
505119
106726
283215
593355
573777
418277
71268
446393
512531
368754
937376
115723
747786
260577
565125
871718
433876
728808
308061
324571
848745
545694
74662
844789
818524
976406
207145
377697
317119
404626
388779
120634
265318
533926
879101
384049
324164
931691
18862
489750
984883
81052
793761
451461
271
509648
557305
882095
435969
162452
96176
5828
55898
568228
265351
411834
738453
726790
566104
841661
414911
153796
341511
91955
302066
589956
193175
723883
12157
811205
749337
396641
301407
640376
161342
338928
353394
721934
227925
363429
90536
579762
754011
116578
525032
287595
148137
821070
574196
489957
959652
839086
446937
427942
902055
45460
825953
98284
663326
826888
466855
717950
241884
806909
882560
903703
232559
2120
595529
416740
340473
762981
362005
150757
328063
994453
722291
16555
479794
866645
320394
214834
516965
494540
612122
451880
365417
209566
817002
967436
425608
133086
385044
895730
374298
550560
586857
259363
951942
269356
124930
747360
715801
493582
959396
686151
930684
712394
886799
395727
533717
291820
882339
339310
500669
975806
493936
892890
606489
601812
772057
912619
550679
277249
692067
97055
208711
878956
538784
245880
260051
293436
549682
861184
100637
432
67262
964332
933172
574604
517167
417439
254065
57774
54436
937093
251892
670591
291511
476000
324087
504517
221355
486303
79691
386260
601841
796330
370615
98212
80535
499579
69994
499006
301262
94758
961113
209937
157078
471929
964729
239905
956360
122430
74651
258591
203583
657949
690271
496083
317604
976542
976278
862517
594517
119309
458808
257052
271986
121142
255230
22990
976132
854160
941982
832310
130505
618678
730913
164915
429792
184016
714658
59213
86285
289808
665189
47682
461418
222233
74513
968191
433771
274490
468235
588842
742604
614935
275377
445340
960025
545128
209712
139820
904858
98651
986691
127142
406168
513749
724616
287771
713488
196118
838144
111250
671924
265275
87395
142364
376024
292252
98654
208645
211584
492821
480938
66727
726403
402978
674186
840088
609691
639844
807713
855683
997580
561152
109677
450196
701615
857959
673508
262477
934043
453936
962153
267574
908577
430699
350001
281213
523980
560027
194859
318294
370454
653000
781615
114030
795091
679320
687252
838956
529357
409061
769879
798033
449508
18545
880195
853519
50824
695436
769779
969792
82289
610492
567666
474342
22224
308485
157901
893772
536501
483233
709663
448631
995399
817089
401548
777902
320981
751487
240328
393551
933035
619802
566825
571171
946296
487748
513777
855943
395166
428174
5996
27051
396648
849138
546735
214501
444507
114941
41920
305075
880357
721367
639828
780620
132402
338032
712883
56609
762334
117129
434680
581749
227525
360988
398388
886677
369461
274729
488307
155318
594373
573855
875734
862123
791743
100003
776671
845568
982648
362047
636492
384822
38145
72170
373914
548378
560438
137840
391978
952900
541812
375806
456001
395305
636903
845388
926250
797470
463104
910887
153526
827626
45574
796890
612772
780294
216324
17464
901787
145971
655904
351241
525075
124344
579084
759183
330324
767479
698069
898547
502103
591723
552921
559505
274888
753345
669462
490525
331565
613071
934813
280496
684896
222261
157221
879539
807736
62223
462715
607206
921798
81495
410382
521275
93454
694475
152313
747495
548854
967892
938799
59868
384107
867923
972279
329777
610255
285269
953155
555427
126910
732878
699193
165717
832748
683237
988830
378616
392026
455721
24673
7557
308085
740001
479810
979111
438219
76096
732573
82103
898410
625079
393431
171295
982295
715429
239268
554143
262248
781098
297842
67566
451263
326617
531381
710200
170915
126027
151248
311622
792764
137297
754397
212668
725867
685185
373785
936763
105028
1201
506735
481767
268201
333826
742303
329282
660292
518292
309963
495415
778976
276951
979486
624371
225957
129601
546713
335726
721390
405468
333115
16136
14856
674871
771085
337038
514698
373500
726791
695387
694860
464034
195490
623131
699077
717177
488699
228779
18245
117921
587548
851083
742241
897979
169367
491716
225867
149913
424218
711329
274073
57813
650017
315475
277279
784037
592991
637990
93462
333825
738347
82039
513941
453291
362808
107347
622047
572512
874173
497774
864917
809177
468477
460044
783166
723005
519024
239033
898728
874209
215184
801929
824913
895476
887088
72718
783451
939669
605907
161875
691897
281743
597786
123664
476158
531682
933992
808569
227328
786139
450068
987313
143464
372512
792522
645468
102874
545736
301631
151569
666299
613095
369038
287662
484387
901543
193332
470407
219105
703633
608868
621814
582693
583595
527304
264214
961294
927612
872470
936395
859729
755435
785994
603128
333314
343942
277189
953044
333954
512414
456514
652503
804230
734671
625649
722830
314623
513565
757810
420750
62699
384121
516207
805573
692920
400676
171670
26283
585488
320683
188018
975320
856134
376016
309797
174064
703131
232905
336964
170937
305452
570657
853903
853517
466428
774845
315275
35179
284442
800121
540094
339055
228145
292487
817602
792166
203996
641495
980948
769912
951186
435664
782054
92398
118456
661980
720742
545166
976281
836879
872076
181623
621049
155666
801942
796274
16137
888102
317921
182893
710935
253535
55644
664511
849714
595619
25592
346208
972436
480057
294870
769731
232119
843692
960937
70167
388160
397976
334136
900314
328346
528980
942851
359701
347038
725244
841405
617144
59886
66201
911826
259617
108463
207327
140588
63448
988068
547612
18883
764655
828424
386330
782881
66960
551109
539812
63767
632737
900196
654124
5529
201501
69433
258921
286390
232512
570669
49687
628082
4892
863078
434082
724610
831177
332117
906077
411299
624826
30875
437164
698327
119786
195993
926019
387581
550900
834579
362117
641996
585282
270143
683598
291806
602032
514316
4656
112996
596570
157128
326004
205272
653761
20483
265552
874388
943875
642939
938998
502490
362942
276301
566829
116168
640095
494452
579946
104937
362504
635759
987464
35559
164509
874753
840101
96095
479980
424914
298200
796749
988086
888947
796242
417190
976606
714879
22160
955077
484781
9372
125050
222013
351936
770465
777884
512717
337423
978
409534
168625
572634
526470
791521
480853
802930
838506
687833
916324
818849
408030
974210
907071
306551
393597
920416
816970
615346
68858
141655
97568
900617
37733
116739
965350
606805
133837
106869
319933
411548
625280
831499
424337
710140
85870
515819
908047
446065
190380
228252
833843
279235
32980
309376
758847
324239
198281
984754
219783
574255
275096
700408
508265
472137
504378
446629
691867
691505
720438
173454
868381
533948
222371
215654
413133
113378
311691
945017
90393
438927
648172
540225
896270
986950
71960
447976
603472
667058
819004
234459
109923
531659
672317
364360
717541
148769
257342
638644
571806
912584
734014
519674
687521
89503
705187
447593
685376
853057
648543
362807
463167
541453
783582
651259
619998
631438
468046
983990
229013
832377
312177
257184
539385
249869
247642
718231
864070
441237
581187
794164
144463
314507
547150
782714
89151
614807
748631
850856
841931
396980
347954
657134
805558
736371
950598
925564
312960
236698
432325
909557
910956
503844
609799
177538
716909
606316
482306
457027
901804
328484
121704
399585
597753
22557
736255
549487
63252
590735
416501
634504
997125
401473
220968
259716
62668
820181
597343
774880
427425
852690
98411
394019
889904
761679
224155
38462
633429
904238
465999
238966
422249
985017
974336
409532
807364
761657
351052
640878
240034
558068
359010
29676
548660
458696
469090
848326
147020
159343
645892
398455
336911
947333
266712
533121
35273
745335
51687
178150
312923
732490
526329
789632
925967
851589
14512
154366
692684
553213
346322
348667
717477
265659
758628
57596
214091
834251
955057
350086
983523
731684
804522
193882
863539
474351
98983
989711
316021
218742
411850
252622
563242
316187
578200
932149
928951
430235
639114
449124
408782
969307
235966
840819
318857
311883
915429
276822
561698
603423
704754
722998
471263
657791
422236
654517
177196
437015
979466
177487
483668
185291
177947
979931
978204
373000
516879
747441
729404
401142
723477
566950
22074
915146
896689
256101
800375
319241
207860
928812
590852
388173
917708
427673
459705
380801
126309
794797
170675
409705
881239
168272
226844
995925
120803
221684
67018
513696
926944
628369
274878
968789
785460
302024
336904
66342
376916
590444
716976
847353
912342
475306
141648
292892
781540
264786
695516
583910
78732
12994
963883
893621
248318
952364
315291
407277
226165
968099
629559
73501
310771
14925
673393
239646
148472
270295
512544
945508
707266
779437
705181
975960
321723
624678
614589
726340
981763
388542
374571
817512
72789
190587
805024
323881
888920
850416
170818
417129
981060
95711
814102
468722
653039
562681
475364
941131
201844
685698
771622
886573
119678
636112
659820
877263
714038
750578
404367
272990
489735
588654
110671
803849
739682
157644
645752
420819
187979
935326
226972
376215
518564
983697
424993
703288
150182
135168
298625
844591
958254
962572
132274
512981
431741
672058
468863
452686
625305
10407
57013
77459
74768
177512
114292
189466
864476
728962
369253
152291
867874
351170
865034
868897
634453
46523
846512
852804
692536
644314
729794
936223
531072
194663
593016
38523
555927
275610
584108
137655
820413
400024
68813
452698
133001
838921
483308
319479
305038
503574
279604
824828
548824
15620
36151
973399
30550
668904
397956
801617
368710
123795
924855
930970
812106
807745
687971
977731
373730
313306
637350
40387
103414
76586
602257
129981
231429
665591
765207
923418
966749
319913
828561
630034
313143
351974
435499
197002
802668
804348
39151
870808
816216
309880
788204
105698
191498
10835
330946
413796
968100
656076
662285
194064
83670
286801
943596
740687
664241
413719
194221
972710
71531
375817
461398
940212
569134
906332
415378
809879
846172
200897
247927
815983
868324
110388
545840
733242
284794
939122
496438
455175
669090
513862
849739
114885
346334
638051
378146
656401
371501
234900
18514
991319
627777
643937
683262
904861
806337
932832
566348
439861
603793
665530
54270
530636
699001
401672
551534
473760
882228
821399
840746
59279
836631
889802
848490
553226
732764
706271
126570
37352
119819
227210
164968
437527
162884
336125
853436
959917
561963
559177
621711
734813
31920
321977
82245
372474
113902
734715
87651
39023
275760
624149
783592
856098
669569
779590
195418
461156
280990
458530
722299
440746
262977
327054
302164
484653
975610
988816
577348
850678
264633
344891
814345
994366
916843
563489
220518
793810
91316
611326
286257
547087
178380
197525
276854
993485
542323
233817
791755
797977
627666
49409
607090
33178
859632
130366
586980
446612
454349
940873
225920
520523
808095
578901
861776
105215
659238
522148
518516
502806
884718
771702
547885
814616
669025
112092
182600
438932
105222
885482
110628
429983
852250
206026
539618
102780
58953
106989
202985
414487
336393
931549
417619
945708
624532
813231
399160
434437
329856
338900
116757
337632
782716
631054
7384
450927
87657
943423
939658
905336
654802
921180
679385
334301
35850
892545
515201
449206
380449
171359
401815
386906
789570
754448
116466
489021
941868
847179
75382
417715
519179
862387
358739
615538
700746
964389
141814
238200
710594
242866
874015
19948
593693
724981
35189
208810
290050
817515
430347
271638
773729
520256
839308
382182
673808
34082
851516
657647
584830
853998
617500
50374
639908
716242
555813
20590
478602
839700
622881
474987
39403
408103
374901
20709
98827
678001
89608
481817
727038
316635
990616
668398
64955
714274
457440
697279
753815
425822
418755
529881
105543
907857
251961
453635
527720
396606
837112
387834
963004
562496
151618
515223
831843
441317
775684
973329
269920
341242
201749
327718
953896
365148
139719
4642
510154
263704
203704
309778
610396
488250
45848
116448
300439
226419
345545
652560
120767
488870
529311
135574
532218
164751
844871
267665
816195
602192
576899
653416
479990
191450
634515
773120
714891
116404
158640
3607
340256
672619
87153
862976
194670
99031
266065
814715
999262
202117
478664
407152
751028
671750
250069
248072
739113
823315
611805
35944
756119
952219
932845
83339
291918
923883
134620
120507
996164
19321
191628
287404
787624
22478
390607
7989
12887
379597
584485
464748
797416
711139
415780
269596
53218
55821
974321
142118
28237
993729
127601
642534
625210
161318
633039
326892
678243
296596
876526
571095
781440
863848
870644
54150
734107
708369
101947
349063
628986
331138
4864
594217
356043
13806
544918
518914
794026
959179
569233
457599
383921
456032
625937
384390
401363
95413
99486
665834
756616
444761
376687
952714
897506
305359
406919
925311
816215
750388
408799
890391
667092
353026
39275
67957
38559
170280
480561
80387
737575
928310
661351
431422
510338
647186
366085
779144
787093
776480
635717
742492
634012
245434
284124
785239
157926
295498
321094
633234
844407
668490
313413
518799
380109
674804
254308
722321
493068
804295
783773
573639
93500
967036
128592
713108
260750
410976
780687
862071
167805
444435
400854
607708
282128
723995
141118
434940
647013
558132
163767
63590
448538
393350
877797
602565
545114
696474
268539
943334
887384
846844
215713
959241
314322
880491
474441
663081
737451
302059
669200
142105
705958
481338
572364
672394
407937
614874
269112
743721
110700
279757
687417
829477
812900
983327
593676
980622
107633
593053
278031
954457
431544
53731
326633
529600
395902
283350
118726
735034
18146
982546
984728
384588
998113
775439
400192
441960
543865
191570
261362
574486
471949
15193
804477
378324
935224
864908
995596
808432
936898
110730
379771
266840
97553
855557
814611
618509
11374
940426
630624
299318
83123
854494
23985
641489
96975
798916
121388
198852
718006
379036
985547
333714
714087
344037
46519
147113
755547
268003
173439
632599
929735
477852
461877
297949
569148
810533
532252
569735
29080
653299
779628
282790
658319
33104
36172
864649
883469
827545
2035
924705
274665
563340
877957
221115
375470
870119
323105
970282
39223
448735
121047
918099
544948
90553
704503
722901
534281
972873
370948
243603
453781
47045
285640
543375
764933
565569
74820
402125
29082
180345
335856
430175
900168
665779
542396
114648
3937
990273
352346
880684
827775
560371
97114
767733
284381
671146
546777
512656
38163
538570
961670
9956
483948
285966
717842
872515
70373
362869
287924
509736
225925
885018
694422
696096
3283
107745
521567
536390
855417
97165
508957
782951
809459
415855
931791
108740
490420
430905
22221
11765
353109
512817
693781
464746
358010
315905
225459
137357
268292
457515
714316
913219
864044
77593
116871
892306
510146
495762
782295
438364
608963
280457
593449
883722
908368
855696
357031
989380
433745
673514
700007
49884
580389
945725
267508
198730
446724
824678
977527
550866
549108
728039
706369
440898
351543
397271
10537
651914
52954
757760
79122
367544
911921
680698
246954
855320
673686
912026
866569
9727
980763
652201
912471
492403
345495
469481
616799
448705
671696
930422
285707
946157
104966
734536
790850
62596
561818
724885
485979
980110
39321
864339
380732
274208
35754
118427
762451
329293
588175
624745
827952
488189
135579
845696
848510
971989
887153
202282
734109
936406
224692
293085
993501
46402
665872
838586
803224
761080
375908
52719
993836
949793
521739
153467
805011
326595
521542
62033
392371
686535
505110
319450
521127
333340
188933
446574
125929
640311
886322
585107
819176
849302
388524
583356
650537
340499
781307
200123
177243
232522
156104
854256
400711
32994
197276
610733
298406
226689
679592
131788
182834
937605
425947
607875
743635
513180
818812
839283
149916
350885
165972
701180
540842
715205
780031
653990
636547
118512
99711
796016
58559
326342
343420
214341
342419
679449
792412
388748
843323
428557
532475
861534
167427
426457
15943
721939
835699
583978
389371
312181
345749
294182
852406
393430
492900
539661
931575
132478
382099
83644
406648
969404
308087
276492
628004
388125
455313
371799
508853
431547
861756
226074
744494
182189
966063
603958
690802
12252
851056
974033
558784
341493
196246
208537
486220
666682
824441
111593
820730
245235
504184
536964
351417
797187
718886
416829
853114
992725
385873
410809
423308
143733
951089
497165
505366
712059
162346
137729
411568
945954
86654
889270
32990
3574
777810
927395
924329
332268
236187
555003
514460
589260
308901
553771
571224
869129
462976
117887
922389
433969
929095
648676
89525
408767
253006
825032
77062
369166
632935
435358
956501
954664
639121
173501
107881
865469
508350
634088
759267
843631
43776
151401
150064
1098
128847
393494
834024
865233
145529
957621
398854
179571
853351
755260
412932
762461
861191
885297
735827
710057
697051
764336
310900
620404
672094
102134
211660
894414
74187
280076
905672
42075
266325
694026
129779
53866
977000
238716
631968
34246
777827
757857
542884
845475
510541
914130
27217
641706
427024
237712
958586
202075
181987
397704
981143
182594
261912
733866
697270
98801
473914
360736
700644
317311
267978
610857
875590
607530
665594
137113
402253
586240
253950
315698
988416
293156
306532
777630
928729
5457
511560
98999
870405
249844
875369
663538
465031
232100
236376
808809
411453
686271
245516
536451
587067
579874
725395
363394
808212
969028
456995
674152
452151
82927
561615
67463
692853
282781
358293
233124
908128
123115
932243
428231
196367
576124
574426
634658
687551
162925
418907
62747
842132
67184
186366
641848
776829
264327
493074
74854
486837
455327
759967
234022
182501
719943
67158
361877
209062
283147
745130
659030
75941
669681
73784
870046
359392
330575
736673
569371
448076
252295
108482
79641
414433
387415
180148
287949
84227
613452
209612
584525
584271
688305
873671
735803
139417
219801
847057
872440
285444
348712
881802
409528
592376
738095
732057
577217
682112
369937
833876
407175
241522
802000
545585
55193
872937
178257
459754
579716
161254
149761
759592
932574
935552
286493
611323
403292
281902
681679
96346
104463
689230
480437
687827
68121
881007
539937
411046
640636
542521
421881
438784
183182
143097
759359
845715
281609
377229
610795
266126
153470
106281
947253
188734
642154
258819
863791
777857
275745
143201
114958
815714
217959
994493
226313
718678
135966
167249
219794
218009
420357
424929
344135
261518
795059
263016
43387
497898
862931
631425
2245
113599
650248
859468
149477
296153
206214
191381
936830
410734
71646
951769
520240
742835
167847
169641
556822
451467
371723
350056
681753
721626
40811
693039
572335
318776
568880
102543
946548
642050
388783
851382
95587
939786
713848
214634
994353
50286
405052
514675
246150
824838
284120
430870
796761
363767
452290
295547
200422
364005
820366
917360
921359
284101
254622
573190
409933
202192
973604
287257
857617
592211
367637
194862
529211
943587
113325
110068
151029
392750
467416
732333
754734
453613
824900
962918
448815
692854
689985
313634
632155
71982
517653
15303
134044
390930
656844
383731
481816
345669
936426
680613
215458
633978
682380
572321
817807
897178
760078
213319
727005
391761
678887
518025
834152
815830
564783
52870
848118
538584
707074
253000
936429
257734
926076
525591
828196
350715
157027
233592
946245
822245
622533
231603
666192
631990
29162
149776
311796
224731
126265
845592
227973
474539
834170
512705
979349
269556
260089
750334
672578
178467
413154
141001
383121
630753
125197
336689
902701
741069
637592
18286
644550
306825
927437
478031
264425
320237
654191
261312
559969
809442
956073
169447
909690
869819
873740
553348
963230
335484
310427
833302
289951
863627
690518
259005
632025
163240
176961
592820
107818
444474
184361
361252
105851
557683
915175
139198
523936
115857
887083
872996
58494
828118
836980
84532
379398
637730
525339
806134
865247
968298
120777
848670
430487
594184
287357
630847
706999
2891
948541
738102
823000
489417
993374
619867
974211
300950
853152
917918
145597
637776
246176
394759
787428
569242
416969
618369
911925
725707
631616
7040
364581
857271
571786
4859
568963
327686
663231
867954
915153
415434
490062
958167
180912
261084
307957
751942
696235
946404
520028
192146
543068
212790
966479
709499
22143
868953
56151
234171
950289
989284
241971
633727
244516
317506
602360
840243
92930
397460
252482
890102
3707
216373
574358
121773
474062
783577
246998
413939
756592
151182
649183
681262
961915
729829
28931
955517
915702
372650
563230
763661
630397
246414
796887
585419
779277
235494
878325
503348
714094
484236
582171
124552
922237
816675
220898
182749
102485
209529
3153
82191
40410
24581
264827
735317
204001
444879
689078
997167
182591
49455
973043
590075
308525
503981
871551
861095
443989
9096
558357
972993
395068
639378
774365
28267
203147
338296
957125
731882
172347
690400
582331
429661
953884
146347
421380
183498
141443
44186
722300
636884
164942
963084
125994
421769
879509
826917
820671
814680
341423
968971
712043
241183
713182
774794
775517
455523
190104
986199
884693
150873
354034
225127
173345
486444
149284
643086
887762
421331
111912
347818
716720
610263
307750
554583
369466
13994
948442
114860
283232
923152
657940
974989
897682
119434
781912
761965
252340
516889
612901
934884
427566
831217
331113
920223
833276
937749
324076
799473
203079
715358
670483
582855
594701
420449
866766
934931
581406
819696
324441
37061
305196
940422
649102
126878
749746
633056
148132
26531
521537
228421
426376
8236
794793
50471
163094
75228
646784
770658
771572
70315
580626
170529
785483
14878
638053
191328
557283
391256
287911
899083
106970
97354
18102
945414
702465
884551
53644
83142
710292
919366
615708
85395
239448
114703
14994
360577
102106
560685
401774
888760
926595
333224
984596
359
394360
948562
934087
512042
394701
630904
479120
907588
310324
64099
872247
345212
872464
589707
484590
51409
230184
247769
989582
368218
68983
138392
304184
586047
264544
408439
568157
755534
114174
524605
109530
465211
501721
924874
556347
875063
504502
166597
302049
761195
305222
408679
113534
890513
372734
958563
653500
345071
797830
602609
630333
344177
852683
115830
720830
496803
236527
714322
699413
528776
74080
463429
209113
109529
356166
656958
869920
543069
32342
865218
114851
160289
643460
746550
888062
256981
265557
484425
816340
485891
447122
630016
658960
815597
616600
171679
75718
849601
258381
295223
724155
623341
897653
335219
667095
716610
298661
102937
604402
734386
877411
643834
90045
900658
120259
27356
821596
324953
583215
124250
937249
907899
852457
449183
228836
624966
57909
545326
612989
277001
654505
268411
46376
53823
617486
756497
922865
421067
856520
865678
970013
796043
645392
456149
460354
272188
750522
894093
330187
247859
371035
906945
484757
855468
660702
124785
652831
300847
675645
131331
613901
174735
900444
44439
8409
813197
490306
752440
117463
395865
882292
11693
274915
509176
298992
699056
331049
820865
811267
224182
616016
23361
200968
540013
742788
660926
125565
327620
367198
771673
444291
501859
81138
35596
924658
579260
936758
935955
560470
495801
711114
835048
426891
831317
256360
730214
267568
458183
211882
838415
113675
676568
214962
760873
391545
191126
679929
937987
911888
218401
751864
905429
835603
772706
672428
550917
829457
221916
981514
646470
595290
816218
272511
592603
176863
126024
442274
9850
914661
234014
501241
250251
815910
170167
859749
22287
480708
98752
738219
563550
723114
986955
528863
62473
994177
912451
91951
192350
127180
748730
260297
885641
148191
543210
224471
159941
689675
890372
258326
964322
883450
859659
882265
373735
328599
515933
512344
558013
770351
632844
33779
959329
217928
819849
567255
770018
210891
128110
510265
190009
307804
812967
40832
594880
791370
323838
173119
448913
615330
483715
600736
104060
910430
503892
532572
650619
990031
119078
842038
677288
891025
111911
659207
353818
769449
750180
203722
771068
12510
79229
209194
832580
237209
583375
865738
312033
712113
215928
231511
349968
862929
975482
333318
692942
259016
840633
116911
634984
573613
903966
344134
380078
97261
839710
326066
260486
479987
570837
464587
161436
342450
340684
797429
509687
296402
108441
538323
958375
826932
991526
569898
75419
736932
734090
962836
544847
528602
506259
362142
928610
988461
241445
574
152837
560981
719803
765364
571536
424539
564428
859579
904559
341471
601034
1964
42873
183109
813444
499760
380513
335230
371692
879008
582469
895726
467826
485156
473855
920462
80579
625389
982146
38941
923764
201586
239613
876131
126434
135163
138645
631215
778862
962423
199769
312476
608036
324045
303912
946100
266193
79361
231342
807052
758611
921829
256206
907537
339755
146192
566131
973836
577504
40876
670908
701880
822424
287161
570128
887052
808598
436577
97719
541946
301715
960166
918449
96633
105391
104842
974708
248509
343729
678545
318529
601672
767292
175070
345506
440922
728529
147386
583746
169988
168763
631412
115368
44763
815067
62626
558930
211271
367312
686789
162218
511547
565954
395659
561831
927935
35916
227181
199299
376489
803716
682617
532244
559658
545704
707754
350922
873860
569190
47795
650692
657241
526279
786587
270095
869343
170426
760321
354748
661808
741497
178945
682204
523454
574490
194927
71386
657444
999540
810240
769718
243223
244652
162249
343578
520379
993563
385567
480154
41042
263325
121757
991949
929679
327801
656003
811842
787337
985576
197371
622817
884683
704516
948600
175328
877896
847055
880887
296094
219564
978396
688423
160525
668765
439013
834469
454336
342859
364064
698023
806280
199916
167580
456810
180100
999570
8407
475996
646938
981428
661527
704475
462309
485901
351114
478556
453524
301319
131463
262426
81783
408711
37077
917453
150898
500362
609277
797610
357011
71940
203883
158981
809109
922243
46381
807388
999082
764898
299484
656004
791054
320112
927782
714192
820518
980655
13566
771613
289538
180841
468147
346690
658601
968862
616110
14868
101341
743542
905262
214235
55686
963902
18844
16363
253529
295901
606197
924849
785590
429454
837849
539568
91330
474606
512122
322214
869859
874930
935456
572759
407547
990742
842877
459761
580930
85236
147566
944690
590958
48394
20636
2368
293893
868582
652483
319109
514942
236227
464586
174951
559476
164814
288060
212127
63159
45781
788465
122105
658383
671051
356007
96310
73090
290460
234625
935485
155861
169637
340701
684650
831282
549369
197447
528196
424087
207041
333789
670740
446842
70872
637898
889749
191895
394710
586461
738951
840599
731370
86213
421986
66718
682081
887211
249128
147441
112515
881772
903891
853123
286428
359089
608622
70427
974552
186349
1024
300259
39304
499379
33506
684815
519937
733682
385522
296615
125859
265166
571744
267123
598775
208283
652198
456835
902002
508728
104468
610456
788759
303750
472969
49586
315832
922180
993790
712631
167068
425929
885180
135869
356924
377628
583406
676084
874536
278067
759539
856199
35399
33287
979677
449403
790864
828939
194032
815779
55522
496383
247850
739066
391140
467362
986711
78044
518825
810973
291644
766249
877676
91068
574554
671874
551725
117242
534047
141809
53858
907701
165614
763429
763356
673728
182729
340186
983032
763543
273049
176215
135997
13293
852059
256529
898457
220322
733350
216109
320499
219024
443164
122083
957484
680237
926398
442104
927499
227395
433344
349586
420962
868174
112034
232097
995151
375596
455032
448869
531917
732979
650803
438045
305698
397407
748224
692089
902029
94163
476495
532599
513691
278541
209518
747293
543257
776083
959890
304996
443668
871960
100805
515169
347113
878519
375800
462137
299566
184370
152050
980250
580118
611682
834730
90924
955481
959848
291537
420453
984394
566210
464002
380590
243154
111423
939912
183822
293771
73990
43071
257543
920424
504711
883782
706186
600189
788067
808961
834724
128456
62218
547121
118332
431344
312688
327223
929869
765174
744597
948243
568638
526153
642224
474183
316127
493368
693111
762778
358466
334978
929998
113400
703476
851913
238537
223031
118743
591141
817376
533172
383773
90197
829166
456156
33187
149350
345799
801575
757755
654419
868606
821736
464947
395913
443485
611481
416586
379821
116884
144833
515854
81950
89991
550258
276739
216255
664981
973155
462243
527606
54701
395485
517523
704574
986782
377929
230462
32894
386494
796603
941054
797450
968028
701894
815363
628500
324243
727607
386782
661943
930654
289458
494444
426448
434517
50011
633181
553540
138603
666528
968363
550182
895266
286893
569723
379779
964955
576238
826178
412067
73787
281099
69082
941102
136259
928144
709776
782241
177798
758013
124136
523887
734068
766955
846711
590066
688148
365334
699631
171788
494608
687947
891039
498346
158639
348344
793316
841997
367529
739829
498348
783870
366253
943954
98161
810929
732774
372598
454552
851192
494656
493194
840454
414166
622927
791648
588124
569330
107871
99697
798160
765287
555929
693055
756137
544184
797134
182361
328791
537441
140515
285612
192712
164313
345303
900371
741688
358056
283788
172435
674776
64450
106041
682973
20044
106223
193128
18682
223339
413362
990756
843892
229820
711845
598810
685201
857981
719937
70958
508188
538896
590268
293752
76382
113731
23117
789663
446508
899259
453515
927439
909594
847548
990835
921306
37517
74454
970696
206761
889198
557935
453461
290844
401147
231978
481294
543238
576375
510229
128766
157826
226456
928227
559427
189791
436311
460464
35265
205345
290360
240721
509022
21250
324798
13354
24418
817680
9331
158228
385823
715519
15180
492543
661078
867807
475584
270576
940126
4472
348571
363478
392148
167732
185090
290555
838944
931652
704662
713887
656821
482648
946109
623346
265235
850105
164535
73315
878761
925851
52400
706991
188372
867016
751750
33140
877754
882396
643200
525688
486991
925209
377054
466963
777203
469864
534027
431931
837561
562477
826287
524458
915075
683141
598881
258286
594953
449887
387002
723020
847800
903924
122692
254930
623095
525860
297490
51832
900484
916462
653353
979634
547133
332620
169756
832853
672379
148201
16693
68707
88217
585088
218319
345077
316306
199378
848577
396996
204296
61316
72501
953939
493921
16338
815254
21373
845452
121332
455463
788247
859746
275340
765169
359361
415719
119624
85589
743438
518703
857562
886975
287693
659805
446417
166523
772871
145748
735777
700584
739893
358523
958764
542572
423880
177354
680163
271928
38603
644683
77379
8438
241927
976731
633304
489584
959840
519884
869938
483635
772686
749613
675885
373546
450676
676791
829403
276356
703646
99718
28688
425716
777509
578569
506706
781808
152258
240761
174943
706047
431680
69362
500965
439605
139947
526316
73469
148522
390471
909366
67306
279258
845057
965046
358883
156861
831879
606575
548869
533299
427182
86632
14067
245858
602975
186081
74263
87844
568179
864228
263522
912652
382935
805140
978345
371686
310641
859057
771769
601160
430092
430202
666769
370049
963357
584493
142272
85359
655794
828316
914733
357558
420278
386140
757480
658531
36762
793811
17171
99844
35627
533001
165361
348262
309925
635512
206799
69211
170417
969824
395988
140650
64710
615111
877424
391382
238315
841169
339634
17609
404891
271223
421174
328029
167873
900795
183176
790498
261496
793043
428897
454298
549705
643443
466451
707326
976693
456874
617117
881185
676532
509551
395907
610866
765777
849811
782421
18562
429315
993877
638873
689188
13227
766164
380759
213229
171881
225951
979138
24219
579867
720296
535358
550610
781108
444248
925714
151873
60276
131004
986604
647204
100041
887964
61067
885154
21378
868908
509197
404566
652844
547100
609045
88939
809675
239178
882712
900832
668663
322519
606981
801387
242448
643351
629006
572474
520927
198946
817880
710612
951242
258504
380923
261854
614260
722273
645750
569850
27887
925953
522098
289546
284766
530891
728625
995026
190700
681565
721683
347515
188771
145961
528197
557364
84266
464099
731334
781171
323806
803478
411543
459866
982219
126482
208063
908596
907911
339904
894008
180830
770731
778710
828218
76866
9455
670245
962081
941055
842017
584719
838653
522277
506946
138455
65206
937948
929725
224401
228954
752676
229444
190008
60165
552374
274697
484766
354412
889034
93399
637502
415494
695922
935370
613165
387607
138212
353009
955823
583381
476542
124646
518154
221568
4264
631206
364621
202053
130590
782435
518909
624367
511079
37324
879381
284046
360346
682033
185461
379011
393399
306398
517842
847258
447137
555532
495613
284305
688761
624173
567566
420855
578904
998630
243885
394480
85928
557465
726972
322837
834016
726623
43684
479928
631642
390933
313979
712837
291410
187534
851855
209283
48893
435942
982098
688634
997572
582434
48495
706907
853155
495731
68427
830082
518417
632475
330714
273176
832565
521465
522159
140695
46921
647043
679652
338736
901976
88555
277246
720388
174841
158958
478000
157756
171096
941241
310518
593413
439983
237112
433826
410219
881685
917948
819508
150225
54573
965191
165729
482187
175487
303671
954422
443992
658147
606989
910678
385535
877721
564186
836127
436100
844022
323525
802219
185735
166137
348923
797363
928570
20156
943091
185549
155645
910086
66077
565974
905240
770045
830502
379498
460756
564729
198122
536336
240950
33523
538615
19123
488601
885468
929722
486091
999847
871242
875657
433947
989748
412749
34956
299859
196983
719648
489161
232789
672933
490171
590602
301268
666156
737605
397292
867161
608201
553959
353031
148064
575238
657532
555829
111199
682707
749796
348161
989542
223488
662200
284334
982497
546261
511384
220193
931259
924687
608863
379371
851869
194551
983352
179383
719508
550495
699338
217165
264913
756796
352783
790720
176521
402907
203458
237562
148797
239618
652279
839522
627476
263972
183940
760935
485028
126591
964189
265324
294991
562902
322366
630928
966090
13574
188353
202073
430393
796296
340815
722812
749686
918210
701875
166667
331953
139146
948490
852859
3377
754936
10071
282321
277369
625190
986035
982569
50693
628231
616865
813667
705523
198433
184000
120106
167167
571112
520601
860386
499047
369080
723672
190062
963245
507823
931480
473307
193253
527959
390444
135136
798922
522377
504386
137849
227226
480008
434731
483903
769256
684217
508739
21806
291361
651567
746758
814984
823682
187013
102058
945046
122650
952279
977794
815972
164811
102851
796333
396224
312238
382540
74026
940088
350229
859079
168471
218872
177596
467574
675042
776828
834320
545021
26064
749971
976625
401738
350910
1710
960771
28296
100457
673376
389390
484597
904666
815429
139957
994641
33516
340862
889361
239410
82427
642458
194730
661684
273323
692752
272914
949006
469778
94825
495773
222273
262659
643450
488832
695465
568696
968271
684293
777014
824347
63396
718568
346420
716081
622604
65362
769926
500260
351669
789999
433
789931
193667
898350
622484
86552
570584
564756
169846
716093
631413
162749
295992
610236
204730
386737
134825
15914
90505
256607
574840
915999
576265
612793
369668
969565
771846
322155
755856
218011
162486
855097
642514
616365
779159
423668
585386
830737
957875
390488
551408
76440
883141
114757
363430
589614
320502
529496
537228
893449
681408
115859
169066
383284
560980
440681
577107
890774
475670
521715
164710
281666
28121
544309
521530
131408
769466
338827
826374
868209
423937
803605
727742
906696
454351
478095
930770
11273
922904
669511
805912
469805
948042
721648
138312
322831
164583
456326
21408
929062
762420
604440
187816
56352
209033
931831
893136
482441
209209
66101
359922
975724
550186
995202
475291
798520
975249
244723
588760
700687
366490
88309
49864
112737
579173
628138
315965
109185
30058
192776
950704
693397
741958
51105
944613
673704
607335
837437
166620
768794
233425
431139
927217
547383
22986
444663
715665
930596
482045
311193
150773
190133
779196
786764
138780
607868
129021
62705
585085
860019
590386
591687
751901
378756
544500
651430
984504
955642
184293
131060
603569
387396
480757
946432
431332
969449
209087
400702
808856
584329
77715
454432
429904
184396
405519
656909
773312
897257
302438
889280
285533
450709
358723
751616
470477
141062
514822
575223
455486
318882
937516
9906
759186
840585
577806
232692
369272
459964
64000
603255
9686
883304
601562
272000
644578
555667
275
928989
132624
364322
247944
913598
834564
837085
716270
656875
490367
381114
282348
318141
290517
111095
773674
930498
365138
751634
290721
234743
469493
909277
526543
681188
747641
370229
886671
61168
761022
627884
37267
106065
95240
638271
212187
810997
977509
810853
295162
779620
542105
666043
905926
19432
354481
983812
664852
650983
205339
348260
853194
911481
739291
23493
994351
257545
646175
416766
814914
874751
134976
983749
658946
302410
734103
652738
868570
875903
74170
236926
408232
957531
598674
149114
209769
730724
661722
496860
398466
394094
913462
912133
826554
851758
881022
159550
517433
37701
687056
941649
602798
135098
115314
435091
427953
723162
51613
728361
223631
15680
97340
392576
920399
487211
348671
687218
359888
890618
291919
893842
476110
344710
692316
986964
597507
629212
574033
29724
34154
33814
216553
831841
766302
45716
628955
506174
641697
557980
165297
832085
519481
360780
584352
351477
652280
902094
588310
459214
479908
874336
105525
540968
910815
754542
929522
550712
29946
528251
454271
127972
109646
375461
909940
727331
632453
243959
807615
917378
124370
685730
944369
782003
886203
604850
995980
824619
632519
961155
878765
864211
295906
374115
249173
667387
932604
680731
496795
51856
811357
736068
500355
417105
311890
395706
638002
638772
76591
960941
482003
976021
43587
694068
951687
807082
261117
31705
122811
571668
60967
300780
410699
530785
864251
694930
260836
979573
178708
900504
162318
450663
189450
246412
438810
193693
742894
403625
980839
214612
400355
710762
917776
66044
924247
234751
496949
728768
974877
91229
825445
166627
233833
423600
792485
799558
539495
901612
889631
877318
309441
277162
995586
192073
756781
912242
222330
91218
900267
266948
506323
912809
710217
286137
327031
695616
996055
129468
215961
80385
725307
939129
253270
327108
326434
908707
366903
745195
121553
913570
187987
912731
231960
646801
967255
923369
447631
399179
681786
309949
590593
714127
773137
410037
523074
587263
509715
551040
690382
308824
612414
476535
215467
434703
742030
702406
64890
169815
104284
552645
974176
264896
612754
916965
194443
941433
123271
153477
612067
372022
192187
600548
708367
161709
238960
601905
126177
782074
552611
477631
662943
207586
708134
123860
168751
357684
684123
265633
550558
47563
501263
529547
617741
553265
378608
673127
613752
459358
888428
957381
191716
682974
676136
164323
106213
520272
227290
616195
285385
80970
282116
783511
578213
409370
47566
811928
920698
212519
50494
427637
352131
597879
249046
508905
573981
427594
367434
834917
488787
342371
581340
185709
992581
797718
33087
856373
490269
247011
18477
850031
724820
588299
572044
35922
823141
596362
864645
265342
683534
122891
68488
749468
766846
833542
494369
523332
882351
578803
526755
540879
407660
287145
756544
19771
5428
36632
608059
898423
583775
165812
237189
169021
585931
913058
657179
539174
941805
861280
205361
517068
11479
79070
381277
143236
748851
257720
487159
759300
745407
87331
901793
492382
448809
97731
424248
470250
188034
482715
551830
544546
11804
284800
117864
878809
438302
135987
962178
800333
913132
290310
507332
322613
998073
357692
502894
426545
614257
772008
148291
631531
58877
327133
533550
599154
815918
702569
813027
622542
3876
150784
353192
176917
897592
554120
305283
837071
180700
569213
686383
942641
34396
995578
1887
325355
672032
739219
461586
955021
501902
902226
269886
897302
869452
712461
142377
174427
763811
484512
264343
891281
748863
276813
547230
52087
557139
419756
754965
216537
696912
11051
36582
85431
75897
276628
481566
927997
49071
807261
972441
242123
485761
989025
904592
549850
374676
161001
288877
981052
472956
424786
42359
687772
317760
331034
405659
651546
37849
535906
961373
32220
916005
464794
893497
945030
4698
540939
366122
445207
657943
249280
115144
3043
124246
296146
237132
705769
875070
862479
844271
115216
698773
791558
411889
718979
646547
760178
761398
683430
515665
320193
575179
475699
701025
23295
445126
617462
537271
749220
804042
976929
897412
448438
783465
624909
944035
530908
633509
680974
966636
616257
848975
706161
312807
479649
752401
658644
40731
592692
202759
409442
66052
900723
408327
93546
820450
735115
572737
912412
730350
300573
972226
428575
895272
679216
804819
500113
375755
618292
388094
124124
220642
687668
755056
118641
90228
490711
375034
837413
532699
583506
899890
726756
146483
989422
65334
82838
934701
394097
112080
791052
630275
318380
601717
351975
235334
595240
721926
294227
168078
91132
501545
937956
26266
665334
334439
370946
335771
922128
970312
474328
925634
30234
227008
226596
709988
410556
715529
257030
358117
964630
470235
479419
174083
509643
625635
404348
601741
568637
598654
524829
987522
9095
312949
142441
275973
900132
927637
919842
177720
623762
63638
823653
490313
396122
451913
682812
35736
486385
686363
257719
185373
914713
434966
154142
444768
477187
591991
688038
250380
172560
450134
151925
879308
603483
427923
336769
231423
733999
279199
613462
407
280281
893732
527990
331347
726745
303506
601174
584562
173192
442327
376996
322849
633627
741212
723578
598954
732485
213528
577031
697485
967341
156600
119946
950680
531214
207438
793801
11271
444493
816299
422629
324607
684081
648115
358629
838451
742267
10585
721228
889566
37658
428359
839255
699076
83302
624621
12507
530138
292613
550657
415098
947093
71920
523926
270193
111501
676880
607064
495437
335182
871682
12258
635453
290364
223098
837244
406275
710304
871299
958964
383365
392147
215268
277655
667264
627781
206047
82188
46428
739627
296339
395406
644954
240899
992321
979845
727849
843717
878443
593471
352536
230439
415576
557583
457447
26061
389685
713858
556342
502412
98389
464315
299743
538074
546329
646698
877535
849043
130091
462189
452271
8490
501668
930179
283377
71850
378574
406697
352198
154920
755587
511379
846716
75464
789556
22536
392037
958824
3782
547034
419394
385772
54038
818433
529822
934695
137501
693268
142136
412066
363247
722979
283929
695373
48478
58611
607043
973376
409147
636375
133322
146412
787068
856423
336252
625890
962809
857632
181759
482833
567128
639020
581364
237993
29340
204168
544046
446292
600039
399824
769254
806223
441345
314909
397027
921971
508629
115958
696941
436706
356666
927043
262522
511696
294044
344268
892650
10543
98120
849850
621390
787575
532311
457395
85854
174559
405923
354210
848826
423274
897554
231982
478173
186305
973707
773017
300182
520810
952963
949704
933216
99555
301217
561696
188129
684760
927440
993404
960835
748598
338341
817811
888487
494986
243031
746524
635753
450298
82924
718814
415626
48731
564208
254537
772551
103440
982306
577648
821383
868889
479471
655076
838765
461887
355798
528238
327821
921370
268778
970920
945468
374270
564854
219128
339649
192768
952826
19882
173287
75496
302804
502825
861812
288629
892922
151130
16244
801991
729572
506262
444974
761197
819207
496130
625336
606795
40955
868236
221095
124584
361533
197443
894366
146322
782033
106835
979719
117678
657216
816220
332000
619488
470015
78383
605421
247123
191088
870948
78860
953793
49563
155749
428338
508595
751053
580351
638332
865333
573326
93808
328692
245038
958497
385517
516967
215642
973759
182088
391628
127174
675991
211414
101265
579
500472
75306
284725
958012
607698
364511
922399
475027
330479
956766
987031
262810
990662
204868
419176
900552
854765
941555
156641
380950
463148
933362
31157
728761
841773
51009
674498
573052
722127
564527
178681
870489
162413
622126
442867
606155
457320
473057
592915
18961
495906
335641
899966
319441
818041
41359
222627
218328
353657
260662
930144
107302
188102
342828
888339
987983
745223
347154
397709
735628
872827
329254
542485
994577
551294
29664
1980
260595
144938
628783
661965
450357
962970
210699
288227
291502
667658
732343
913110
427800
477978
982485
274765
968055
120178
157989
677047
119907
747519
462428
986133
226740
543066
692893
622830
387786
690826
916966
335543
196000
922426
404777
27337
172417
187074
739319
833921
124434
242760
67622
74345
143623
489847
432601
303131
441399
553180
477108
50957
140397
949546
332331
359793
462066
560619
764556
129141
529705
922064
899045
607846
64264
2857
332179
640623
177715
612464
871400
152256
44790
505599
124984
683978
949215
42658
277248
33958
445878
14983
288820
34261
273499
919378
148900
334818
956218
288458
684452
846444
673789
564402
172832
956269
388495
204614
457483
37558
80497
12085
7532
713335
700926
575520
794931
253585
630433
130552
937399
747643
537560
457724
546040
818575
440979
89736
740634
722232
738362
512693
536048
279827
241714
892094
862305
603095
848183
782835
289867
9619
722538
204840
517641
534992
974613
825481
410286
391731
972429
22204
448787
813734
308441
831590
97068
123494
972721
248213
365772
803164
98582
419758
213434
266112
398223
363938
860730
38615
646654
521728
209524
13212
816605
735141
764164
842109
771163
847246
154461
945020
594637
724494
43226
364534
430226
506074
95779
552769
837320
832130
430264
858990
234981
255035
483165
968813
676083
982103
260322
384592
537706
42197
835726
670696
796139
233557
919720
756556
541655
784548
729313
871160
101578
265333
657185
576337
455352
87857
322604
654790
678626
987685
943153
457363
768884
681178
989807
759839
288830
831234
709956
997254
936269
190798
528148
212017
39845
551389
488466
739680
251102
42894
692974
683657
492376
656347
175258
801693
151149
184316
915675
672081
650179
507498
914735
238360
323876
362105
481796
461801
188628
861212
536943
255354
888410
922784
601537
560567
120734
615953
341560
85077
707404
828372
568509
246774
132053
749459
575685
447459
174636
852447
239320
501351
728997
555426
324657
2975
747611
408336
63493
89142
28100
9787
252852
564169
262959
738502
379339
323357
659057
958324
676478
728826
405524
697211
309832
383798
57959
887421
762625
251646
944879
974815
951791
548050
65928
593397
475924
787449
20556
996153
139392
874104
114422
83936
416678
598447
371714
202150
836925
631602
229588
780074
505844
300984
448648
81653
486355
438445
227351
391643
247408
234402
443234
305210
284298
71652
526559
760352
847813
778858
703453
277897
239234
966952
98421
412421
959386
388544
358415
905208
399608
11800
863630
862203
28240
833862
557721
86369
573824
995752
218055
241940
929985
694993
743206
712221
33225
650078
269544
899586
880193
763942
383915
746825
233054
394831
783332
164443
981215
269310
456743
201156
557665
965862
441749
971415
904482
604994
929250
19758
598032
138525
7745
701775
310989
71758
365615
730283
660290
4162
191449
630720
133149
641650
438443
433822
81896
942579
421943
169030
517063
251627
450493
44717
760398
105889
923229
325921
120829
309422
894678
990531
305881
467920
726778
425191
23838
938160
331016
196808
925397
345701
272638
181740
220176
215275
518708
910038
30306
227625
107752
768526
303431
990744
184081
783949
866138
399804
625141
789904
182058
903234
584429
866885
419044
773088
800932
751683
870174
393818
72494
491291
418049
688544
652610
753286
203024
191061
134102
791293
338841
906346
913942
147176
270710
815657
324672
827694
302016
674958
942443
301522
881231
301089
302912
157365
188413
292759
637764
12589
815490
296521
691287
79647
118602
926964
650519
636061
137023
246370
218156
347408
136812
477476
788351
637505
99779
297325
877576
842756
891770
648334
633923
964161
118735
929801
249604
215520
843629
210389
432930
266960
935335
438318
557903
606773
29409
251733
838764
290126
362987
360679
742523
752915
166310
762454
539226
897930
322925
812766
474072
383779
411286
118941
661676
485478
155962
599702
38745
902164
511601
697570
179708
599275
411567
577605
959925
754823
157370
39216
77285
204359
75570
49359
868867
619696
662065
859894
116196
921429
33397
548466
558255
224844
50492
50503
462327
816390
386234
590996
141654
840511
886537
969061
55794
188769
57854
933333
284449
414646
991895
926
758633
188232
446224
547775
193184
844248
322004
761160
460594
357623
445969
915717
362625
241411
826340
692933
313191
301697
642292
631494
519894
826004
172507
53566
523617
220888
937406
443720
810772
396190
43325
12138
530813
960004
70662
374079
216654
539183
697796
289477
412058
211944
886837
867333
929533
12944
561946
988251
587865
260993
650695
818977
289466
62019
429466
144124
493083
336616
421960
307714
907586
297157
7187
615943
446598
481805
420952
1283
754481
294475
258820
613921
936832
568999
604070
142343
148934
529889
460860
442929
867097
103352
745243
115430
864353
405580
608659
281029
281317
63073
93112
467088
924159
582236
19242
958055
585720
237961
839679
460525
214399
507161
793104
706823
146310
97769
615517
928323
348154
513277
820189
679125
220573
879435
796391
676284
258369
539828
563830
835715
382754
793230
655004
333667
728865
589084
595334
47109
53081
513951
732264
597606
315872
494789
238149
506324
715868
26112
968284
603093
644095
305522
246770
145830
445088
635140
910649
300705
677815
690330
180792
660277
240656
516836
598237
958910
660183
581712
175876
256004
190364
86832
812608
384897
950094
737460
115978
954320
604377
713825
154985
607749
580911
992843
921591
946855
327429
636601
443608
630455
677107
723784
224305
98414
99843
105636
86186
459986
2300
308039
808653
730885
804813
847519
640503
402743
497683
997582
873400
793340
580871
966411
851277
392697
704839
994917
632055
364023
487679
806888
19127
842521
167156
203608
504809
740522
732013
753370
221626
78992
588670
70131
166280
540510
862823
307732
434245
942676
423427
517606
537001
123546
880311
409470
960594
245679
952539
223794
564473
23579
81234
365609
758787
521554
437196
835506
925066
21782
290853
487234
572438
572873
245483
397512
743530
928595
23869
965423
926843
946924
275662
952560
233340
850758
265737
632464
167188
53658
165455
85245
255921
546702
67227
204865
718262
215872
156103
383393
162576
494898
73511
309204
542054
446546
728211
839011
742126
728612
183235
352090
954461
421011
607336
562934
196800
592037
858136
990916
517502
851621
240428
245347
812939
417512
414803
789432
603891
838446
335880
785856
530613
801030
504775
960582
558924
777168
792555
715631
318425
629854
77417
639279
832623
304564
352867
384670
38202
47599
32554
853989
556940
286082
771219
319954
267654
56347
685108
922892
248287
467300
596796
103328
273620
563301
551788
490297
230188
442502
849782
802286
170087
581298
981168
166710
955416
541877
54775
421418
556363
189657
86395
517819
205385
894790
296003
307
405785
952887
296822
618616
735373
27409
286514
165442
583079
521177
495236
572902
63256
95830
352498
228544
226468
626628
733301
352125
276769
111922
605636
140611
649374
144633
274635
777021
95455
765081
232059
562950
98567
33073
851834
356273
921423
359835
824699
386163
168242
159458
194601
57710
68395
424288
282813
686170
511446
506873
234800
437522
878707
584558
624330
416825
900490
561054
753368
249991
228648
347679
973627
132787
337799
512437
469597
4863
500363
106413
164671
229929
183193
862702
139959
365218
829160
985045
939560
410349
640289
789035
396982
999219
513148
23629
198336
576884
264413
883686
960908
937095
887918
313162
153071
30782
871064
889890
627669
425128
723229
113858
231278
788272
239829
268183
16117
351330
291778
368828
4750
977042
580715
760604
516933
408562
898256
373068
304640
445770
88761
646273
864161
230360
899690
252653
700433
834732
472296
756680
24318
166919
388000
847787
80487
610726
735454
742927
579330
942966
67249
48091
358304
475635
69369
666572
146210
437144
889617
13687
159766
2906
190553
567987
378272
578465
170850
52872
40227
685932
900367
78947
726548
619238
227645
301029
148001
728932
412172
605628
62921
712531
305978
606558
22215
218112
264365
785570
855748
202383
450747
672000
256778
100179
428305
762736
537471
514135
843901
152679
299796
739490
908641
829483
25779
441484
909539
934539
693372
73597
965124
733431
389434
963213
135968
640684
134823
603467
572359
80665
752935
932923
540789
801735
456478
402491
254994
364258
362326
244388
405645
54160
842682
884923
462067
734505
539993
881479
120366
479173
233880
126842
340987
781349
348768
342987
243421
225142
514561
204694
906321
740704
474217
88302
811145
287545
910216
338506
21411
658618
214649
646153
31345
105326
926700
915581
502000
39757
573389
319607
347555
559459
472322
237814
829535
136450
145210
715507
702632
930253
99254
687922
634811
854923
447267
546910
697070
479877
365169
493746
546184
868666
694424
716491
411977
697631
647565
437365
708468
690551
877265
51342
24878
676682
363875
231257
138559
496581
121366
146402
493045
425134
47421
6985
432167
589953
748930
893164
163159
82412
347798
114037
932209
888164
74434
569661
535792
304866
565725
839707
406368
216958
8470
517262
184190
138342
608881
22210
515835
555131
925199
81026
11551
301192
75621
429371
125579
801951
33295
687593
784151
823826
335037
754977
788313
938123
958411
874105
694855
306633
673455
364503
389940
287735
600204
422613
300406
384491
793251
823374
152873
911032
405289
211144
985292
815600
303795
423294
659144
403129
828749
400520
32017
158218
359785
709542
177283
478007
470773
62322
877415
807817
194205
750613
998071
889397
564376
428092
77931
251517
312240
813420
94927
55655
959015
193247
986809
321514
574468
554117
99619
45826
880893
95851
399209
492899
780098
805177
665312
150346
32868
287317
447888
213550
402336
168230
855632
948373
659340
313459
588029
748228
237469
728809
643862
767567
87506
470587
768183
649294
859329
94628
116400
6128
322428
421192
560386
667625
759136
846520
733237
841991
639738
385492
236697
294435
672853
415435
922583
627314
359204
877567
598066
294075
966088
474883
461088
375715
702463
633478
951679
568292
340651
651593
900982
766492
733882
507148
325097
955585
220214
693959
91672
881843
646635
100820
801429
989482
404016
936554
872672
310030
959043
778272
87718
305063
646303
849984
420456
847010
98850
59748
543855
151283
337561
613063
127370
596777
964762
247155
999024
216889
268425
967707
457234
402859
316919
285208
646601
298340
672510
512303
92560
58149
658779
5001
175531
429793
833100
971757
940981
287419
533811
155024
479608
723768
420093
674431
414936
375219
332089
639389
580131
783380
544487
331182
645282
395063
750019
369766
727840
596167
777175
297996
307656
84598
697513
143179
72876
596246
529940
317077
224802
47063
956020
993716
753693
847547
910319
425
813757
486305
131733
105464
509973
475512
175785
841017
494149
981661
207978
98559
478414
543626
328125
994128
288773
107721
801273
88036
668659
467395
720335
161549
981580
958903
393236
990448
153226
767238
994093
351857
354854
448938
765142
770221
949427
333191
291343
362785
491159
234394
856163
845544
333990
632334
363606
855073
580253
756973
977130
483183
809975
747699
498702
90201
580271
867583
757604
400466
321683
462371
500589
167828
79298
117978
373076
797349
338754
753881
2515
564028
712768
410174
11334
394173
150117
802917
762186
377439
100881
901018
145774
149622
22184
658822
895724
910292
31120
21975
392851
285068
855317
794596
601846
381348
77300
191618
226437
783446
624114
520939
708271
155029
609158
577954
430557
542740
821391
322926
811573
876626
448675
835015
451268
515878
502187
754573
165486
342818
617046
545353
741794
312388
426875
577248
531965
101489
432131
184405
965323
33951
750504
371020
345817
411836
658211
698271
468760
836402
965854
897500
640276
778654
695093
877040
368049
999988
930736
712094
530617
522974
352972
805251
490375
937418
883831
371904
526668
225501
92679
906341
741422
948944
814334
166128
619886
345739
919753
72410
264783
296223
73977
631576
263382
203357
177355
124877
769137
565521
273827
319759
423988
203550
601816
927060
365182
269687
532712
591161
324922
157560
313036
47342
415041
862751
288359
41538
783069
488361
79256
48327
493609
236941
751215
699874
698255
837307
701233
799108
33859
870401
348249
123863
894175
42890
103979
774532
442555
383252
513970
48224
176551
299035
367421
660585
296129
561517
251857
371214
235157
575844
859643
201984
630631
386721
636804
528723
488401
369818
885693
490954
300620
85811
614501
9852
860093
877737
962877
62815
107042
663616
345759
218911
65924
140226
230319
771554
765825
899223
837296
516662
845668
296318
56179
837594
249456
297638
716394
991654
529148
211371
350746
791
676408
72432
414447
643835
642381
597205
761833
896565
186019
485717
579060
746542
801468
353343
534
376473
986493
50639
704578
244384
808141
391465
633993
437168
22870
874929
180080
174302
899305
864201
369692
807220
301182
643560
454314
530076
742425
272211
831451
966248
426055
593595
123757
107388
21320
671156
275077
605721
908871
664391
260806
62916
907024
532168
44637
989842
306711
745711
422460
932041
786197
428995
919088
931035
683156
393923
146936
957336
506988
278131
324807
425356
339517
936907
738483
815294
993047
251648
581220
768261
918940
454763
374728
466739
106388
386696
365036
909807
625741
408153
320766
178208
638381
921450
839260
731717
917590
716656
578584
25378
109812
639883
120971
838677
308966
246571
770578
427719
853702
554382
137386
428030
153367
225447
533924
597774
404938
527707
759684
448239
174189
794404
619708
499434
706097
723928
313280
782766
668374
731332
484806
224319
598514
15516
315305
649674
516325
652643
607771
843285
411633
582135
384169
555932
416824
463454
485491
213487
420787
790241
808321
50626
660504
577514
980308
319921
23088
17816
541128
668388
374870
695859
955426
201741
986574
200569
767612
893902
851647
277207
360650
342264
475471
253491
733960
364655
502873
484226
5609
681037
564743
45375
902869
455138
882827
905304
853056
542792
373280
567282
706397
603072
924272
57087
145781
724635
966994
842842
555636
407909
482502
382364
854038
332519
208706
36891
449642
132844
429420
517542
555226
884866
593976
248792
467466
344497
458499
66946
606610
457171
923950
162732
691795
991917
275876
476728
410463
331474
847705
589651
608389
3620
60763
509768
130746
342970
481744
815471
910117
912286
209618
220738
507206
260461
847588
542351
716548
977377
9167
563722
490963
155116
888605
95930
344575
319802
106097
769684
135959
591001
943937
680421
473848
755317
465330
996072
671413
882172
454927
96119
206176
166368
925413
907550
574264
706427
920317
243724
805423
626316
555190
99491
377302
933087
760447
558958
727591
291531
132591
719535
108757
439873
256157
269270
563823
280860
434636
702634
963177
681800
568402
404952
273522
244224
682210
333966
923992
358930
527740
970325
568014
408466
63951
188050
468263
910733
173248
897732
980401
49752
313689
893929
326956
156801
280657
344704
804198
776103
623796
734378
121012
507558
221679
421546
397903
710954
801850
634123
795272
425445
74274
250145
554729
668187
879346
83114
542234
957437
274376
408589
309576
174347
760121
155542
660628
565534
315203
28110
944415
803614
520131
841427
924970
469817
906958
750817
198771
49303
92194
215817
70611
176915
461852
21186
817971
573060
746395
993433
864723
976251
340565
258374
876152
497385
864276
316123
464304
934558
673553
187158
52419
636652
729899
230997
684024
137130
345924
245865
83156
451897
165954
902979
171792
570747
780874
347398
920267
83535
681295
578678
853314
537566
115032
500052
28381
370489
820376
48636
413877
286976
217363
963254
932351
866543
865804
437152
369349
142360
651048
40033
171797
335656
907259
600730
867257
333920
788258
8664
882559
344857
213248
846396
335232
476499
3065
728858
136785
470710
166509
168468
919315
818563
781410
557460
167974
70940
314304
784613
72250
730028
674549
145007
914437
965556
146681
475921
90227
694827
662093
811245
131889
299482
959491
506371
917289
893857
116490
561162
733137
548010
741976
685650
572551
270611
732797
924249
981741
495800
142156
746865
629089
567670
717143
321244
885549
313704
427798
607093
13068
771456
16349
843186
859188
847367
776933
21258
914873
804510
92549
908802
219663
144079
494912
429907
899244
668047
292151
688698
220236
732818
118463
596188
368334
31947
283661
962643
274620
804607
235854
808985
943464
465797
776148
928656
477681
252444
987306
132139
56101
439720
617853
681152
938635
285538
915996
500627
174044
315547
281073
347072
951943
943447
603999
738210
63873
131949
127054
295689
504358
467004
59091
644144
910805
530686
264438
240790
47637
255807
941641
992639
52182
216245
492195
5345
462716
526613
673963
992763
303274
980275
211246
450795
18711
773680
114815
22380
327419
375873
350073
197232
239203
688279
442208
829718
42532
997424
625638
298888
206444
778746
221129
852084
231220
45215
146969
891749
858065
18481
703000
418429
858346
505850
905425
252228
129154
633867
82145
813497
885727
468912
915656
257114
756741
415114
28444
322918
200904
311537
547792
334281
586141
843247
572104
949483
240999
369126
701501
860408
86622
57255
845127
65167
321442
355657
860393
335475
786989
642205
534288
681729
581358
874510
385845
72993
634749
671348
298521
675688
961705
765557
841325
947790
26796
480600
990036
807303
548736
566184
792768
246272
521482
19137
805881
765303
698037
512634
731708
526135
925466
245294
56768
585519
298523
184041
185236
8686
566479
336300
172196
942398
247134
512090
932442
862031
111055
111584
13900
86241
66089
65028
784872
657843
298869
798965
548447
503232
560583
326186
91520
273924
231880
480098
431313
817297
439582
82630
763846
490303
275962
20842
886337
878013
628146
694613
320850
195271
890129
50192
379405
147614
11821
602308
419100
944568
774303
538329
608393
960038
3414
516643
467120
977245
75035
687931
281313
930158
960124
380178
83344
862608
609559
689129
113160
10906
451092
198072
39478
88651
511398
96266
771260
231903
221545
364233
625726
305050
569466
984402
600842
304740
94579
160225
15521
294926
152385
309803
52006
519922
175652
686091
589666
391033
839427
227860
932018
66551
210538
68165
173070
277552
691297
588762
78774
195902
463978
311487
516794
505290
405718
878111
319911
708856
835204
619017
818527
739511
329943
846370
504501
81683
747429
380938
814324
671173
30895
883947
71339
921661
627075
390631
852630
502530
685952
207086
612891
538689
807970
843220
302966
134833
213173
747691
19299
116617
923763
639345
95772
133383
349787
810140
568255
109709
475174
838014
210498
53043
153179
313196
749989
633290
933842
670746
974534
428883
129681
178131
813927
755164
138127
709530
164060
319297
951163
427836
20117
130478
322435
228416
464523
356296
470275
582094
512306
299957
911757
180018
38956
24257
369600
322391
883029
755839
415082
514132
688273
952095
991865
611648
220485
940371
453838
844700
99007
61000
839722
504096
755891
945600
8965
680096
144334
352603
235154
662893
621355
636833
136256
71036
743570
162846
365269
537754
426737
364167
666060
927002
759800
341599
39220
930595
190935
124326
991379
191601
79263
59175
252798
355503
742344
215902
904305
610601
638377
122809
250016
427570
250045
571187
542495
45970
251190
327487
307616
690329
575592
988693
375251
685177
652364
832274
804600
113901
967841
759724
109910
619334
847789
196559
288132
673747
867362
411929
89252
894636
631515
617711
398320
919387
126405
159994
784620
464616
210779
806658
44411
548480
613897
693733
226254
711169
566770
42995
876727
198372
395661
176297
309212
97736
352810
669001
401798
20183
727571
890002
820121
327383
857421
221345
425502
271439
236670
923236
584444
501523
712872
13814
86022
609263
835859
599453
964205
578348
486217
724956
143830
14651
99508
839111
743258
820737
920702
376186
211645
500607
59358
702932
865055
277091
853029
474415
581378
931210
25669
13268
296841
357314
503985
959748
71130
29738
678865
492853
156142
409503
74970
344632
317967
412833
346715
807407
439703
540099
231780
273722
316938
562393
950263
8000
757965
292583
523944
548111
842354
682678
358011
699853
841542
798907
111925
721395
284886
795561
370618
89821
46865
404103
362043
242349
716227
416605
299772
178384
218860
335560
302017
452376
268988
759725
761109
830729
983534
591178
641718
505967
79934
243752
381536
507820
782664
614893
882484
925136
863551
533957
6561
504518
169377
111680
197050
237550
311888
367797
664975
496013
120169
361862
327438
896375
797971
831018
530849
429852
134684
29855
802512
269950
805421
851690
345028
447967
940684
408806
667488
127078
366531
316518
59794
386731
956921
918552
699511
825464
62797
626040
804410
454605
764797
669838
222420
891215
715757
876397
576171
433888
803798
530069
153989
170442
700174
169208
727271
876948
194799
640090
120270
150967
67879
186705
726665
648683
393244
598572
916657
434266
266746
430832
528647
859190
790682
131005
891752
501158
998480
816144
169563
993681
796834
604391
441473
710015
324077
583019
923986
450835
959630
344541
833220
47590
70214
289343
808355
147356
935962
668017
276281
619757
548315
881671
790313
302929
385856
300102
870299
505480
58735
927420
670417
574531
566874
855033
510168
562162
896774
128301
605659
854699
722791
693855
769874
606964
47208
6536
686807
429190
463306
685273
993885
240476
662032
253097
96791
817401
168451
260850
761864
225453
374629
121734
988576
553123
234958
498131
495515
117096
989057
75380
872939
733642
579115
704548
476804
159515
473463
767501
546179
527317
584784
195454
385852
70231
993332
581948
853343
200974
935535
108869
769391
842304
860989
868765
447328
793851
401012
707758
507638
127355
961185
782792
745689
167890
111678
626123
62404
383458
979463
866003
152361
793752
169261
650431
645617
878921
450916
728413
260705
68199
844119
61107
180824
862815
639916
686645
914003
266241
820574
657493
360495
485
91322
443754
970852
25085
22791
734747
983946
298831
400295
607029
600745
325721
825742
673377
568294
96261
36312
736439
339245
456262
958989
186200
173444
419203
138950
232362
221053
602015
197801
249585
229958
702437
992463
203911
990426
162509
267335
485880
484378
775213
809652
590908
934518
978943
966801
699141
379147
442261
827253
310581
812017
575730
118589
79644
728853
677623
707117
851367
851797
903189
727110
440845
999934
769659
440485
1264
775081
238091
556155
857312
161586
676032
798681
160485
727967
421869
175815
64355
55486
355893
799220
762857
81641
307555
165639
540886
387628
503975
859795
795880
366589
757998
456042
641314
733277
984136
688217
805520
32432
150172
429319
169621
720597
714942
466395
336201
416302
741698
775349
664140
415916
449377
475161
199838
137224
166778
464840
676661
28597
362583
355910
856338
762997
349591
124982
934078
248968
669374
838497
170214
942463
461525
226325
559696
412991
61290
230521
963263
942938
712160
633165
370403
471118
746852
978690
628068
381045
328433
468370
278743
961959
24596
362323
877997
16481
164872
954548
167912
690385
863999
232982
358762
550080
338498
696516
413032
260380
425199
940113
236542
968993
751714
91149
337245
144740
784751
206307
679007
455164
975563
374738
262843
983181
418506
796870
98964
571954
530946
714835
707436
71430
632847
590093
171407
951280
700614
915720
774920
411663
782949
649775
904586
995550
968159
220188
358422
307741
494933
689853
425409
418296
640970
426535
997437
458060
995007
432879
910463
589578
267181
848792
867474
995636
491359
455718
712312
764549
499793
326136
959149
467656
276949
235145
426298
227544
916582
927833
274450
203180
232705
303738
526365
772685
616926
960234
497215
527314
17538
63619
721433
374832
335593
431507
248415
107519
155502
867876
582210
917127
475616
533230
140304
334005
651154
801561
962827
594751
286689
287475
840892
403185
424474
272286
389552
90405
834377
247815
163795
934928
832735
288400
76136
589753
418495
181520
628963
796742
83685
987184
321187
914991
929075
870454
540751
406611
354654
852876
644393
809697
473124
466520
869647
315797
62175
130822
792446
630157
680327
285526
772511
145497
923479
991408
99126
757127
408334
598077
639548
464913
557199
736867
465100
940070
569512
330523
231347
506579
272943
233520
401578
953742
774728
145878
42079
707039
821764
387300
134895
284460
257252
436847
706929
319391
436795
369285
719084
464758
542257
606275
496552
157222
616228
51603
106338
260013
820584
530246
419289
368559
978378
546757
580508
917700
632328
906279
479021
266225
19805
22488
175617
792626
688459
49253
109984
294074
380381
815679
169950
355463
714509
31001
10386
370250
619701
252411
145499
194021
151240
700717
559426
610606
48446
482878
559227
461187
559465
848305
408843
453125
62439
623813
425795
184307
147888
371040
365162
845603
96207
179031
625849
882718
760494
327005
485567
751498
840837
759717
611596
364421
861173
157132
674801
525210
674537
273234
749211
796715
461793
122676
821873
377654
556585
441165
171845
549414
796611
383933
821525
88390
998066
60837
867229
359568
697509
925326
693014
563108
686527
330665
231119
394452
753023
834289
241703
87900
883345
687277
22756
980591
725232
202705
328308
928492
81462
949636
158077
589871
343361
858557
267107
297476
851012
246342
509782
302903
450407
254499
802516
534663
232412
939660
240514
43385
423360
398741
352931
502088
258857
652914
477945
976658
735687
266530
176525
772768
448716
869104
505616
167824
904526
848673
149327
655488
888385
831646
661286
509142
227106
737896
942455
911377
472881
222265
168439
949162
829020
467705
412514
898086
535356
352025
732751
475515
584952
258640
742046
329500
73328
25741
643171
425428
747108
221930
372762
160698
996936
54627
444775
398693
990265
900817
150524
532232
664083
420915
567594
882301
436783
840124
710905
277165
618675
269407
666569
124561
180002
967070
7260
699218
236714
491631
417203
133375
37913
502728
649684
439914
39408
420108
557485
949600
632656
230738
968659
300930
95633
982862
591715
667844
673906
206046
525705
678658
264170
745715
791391
480186
155293
615258
959789
479146
322282
844454
659279
393031
986209
947900
649268
839570
107835
32130
565036
217600
699781
861015
511677
497269
573615
258411
580834
729263
62401
945937
737323
675306
945628
936478
569939
566083
833630
90060
18578
454910
730636
801935
624133
700843
351229
839330
809805
938982
700689
227357
79393
257135
864715
919683
756106
279910
459306
605355
528088
843637
299582
533793
392055
973798
608658
507849
588884
951052
140710
675305
896398
918252
272137
900616
836372
890721
274980
456195
843518
91592
884605
27800
778684
652802
272958
182483
283896
591728
527209
572121
799640
415757
907048
464464
216543
579177
484290
987182
617907
354238
661034
234205
548281
72817
439922
196296
993884
532774
520221
480965
683885
838400
28497
455647
397541
357364
755563
664702
177157
702344
797101
87477
91166
776238
470098
52136
165293
317943
290947
813848
865758
801590
407970
294029
835697
928626
512514
627066
475271
222522
803936
138818
757081
684303
437929
732044
870582
611278
10880
741234
904059
655843
449261
852723
123171
623540
6387
89041
884046
336960
770426
675079
596269
785307
302212
333120
963712
232530
616406
902208
787273
493858
136936
935673
708396
321365
405340
21291
722060
162273
539841
793496
973973
615334
551793
268127
38502
116628
53066
515241
598554
757738
80071
11772
116018
323801
825210
947821
29856
736839
783848
12146
391986
383791
905025
113109
118489
972645
932986
258821
167318
433143
771081
842567
716224
438639
991804
980746
893876
62774
101239
872855
13273
908883
669192
872103
738702
592912
547688
926926
152243
521085
371921
432342
633681
501070
735798
146087
227815
635295
439780
527969
553874
82201
512012
313432
452716
857512
459303
684880
487036
385131
916829
819762
926879
981013
348023
331173
865315
586536
9004
853849
427429
569582
626777
290083
210910
669105
310088
831720
129389
614147
793780
578089
35284
671020
266064
443712
845321
530875
811376
947465
414650
305789
596440
667294
48865
624076
615968
417082
806527
532031
553792
612095
278776
444223
303698
516298
303353
974257
131556
509483
55215
812784
368127
631274
890076
137203
982986
948871
840579
982457
485117
518080
724744
831392
491453
995380
741646
970965
391075
992210
482909
865677
516852
545664
352976
855810
913685
698678
391665
287721
108603
456807
235272
854026
597042
425280
547001
240408
584586
533581
591227
818081
709470
990331
508209
607904
587266
862840
837543
380592
974856
861814
897322
562331
825071
475279
58052
563153
427113
299971
193746
732084
365832
26844
912836
817296
606980
476146
179057
96232
49067
709643
256405
959723
823525
134042
277160
689158
167523
306344
515995
944787
660068
781584
553521
851119
169700
997924
684728
187689
263905
1326
769828
401941
320266
511505
972230
137857
64647
619981
210158
722687
261920
844506
724769
232843
782218
611033
243459
484372
847658
657600
796546
544683
987972
106504
974091
816901
150564
808899
419726
306480
710939
608121
387024
516344
742184
204515
787936
817454
117299
732867
154465
842267
333106
74334
165574
896641
26670
290711
66781
846026
342368
809386
160706
328016
693109
183809
680308
453832
191345
614838
903044
446219
958896
376553
26563
668807
288558
83057
982382
467592
205829
84498
966034
167972
864438
758559
357502
844779
386104
563606
452280
887408
588907
138710
763528
214792
696113
187309
737760
998640
838311
534095
812902
622158
91775
154276
449568
582992
690108
313656
76411
287409
965448
714006
137016
363546
663605
702574
60660
499429
763150
995443
961362
311676
575706
524418
742279
554464
661869
322492
786497
776070
472426
678644
263029
722332
712984
486852
353859
664425
239264
17018
132169
311122
860897
398640
253825
932280
513136
293049
57815
300863
538607
830071
307916
46408
196554
519936
223522
895367
495011
580895
99669
298193
786038
156267
85893
565646
98273
304820
69678
56506
697227
223502
336034
152677
878049
478050
968250
538884
98909
766621
740781
776744
350426
13917
66379
542195
345512
968561
725204
527463
923119
303747
694195
698906
423484
901842
540442
358214
516333
140631
687099
759357
465781
98633
896288
243641
59917
986300
326119
273361
853688
823268
754526
373064
671664
684216
843255
489600
978930
973874
706984
507404
561699
659827
303649
955614
875714
817579
447791
461019
961461
334234
796357
212221
219688
760814
965104
685304
761834
458316
958758
161500
275384
37588
61596
692227
74465
506677
93971
119496
760277
650353
894280
915185
563284
185987
481714
89099
815183
712753
99423
799960
324373
406927
932322
499917
929301
576208
433532
632134
607103
283644
621220
47080
518854
687355
170967
823255
857471
10840
177588
842184
791820
564456
233719
632500
58911
778500
665360
174056
176877
439601
223519
528057
253105
439137
681103
92438
296538
60883
679308
897654
757333
300386
545263
589484
213161
507379
4520
41066
933062
972757
908775
284648
740789
897734
580932
257128
155100
328908
634175
806906
841176
699630
864301
914439
270723
114957
120890
728213
417679
609144
542412
174182
288098
328695
513425
163080
846383
956359
22668
914679
602169
965653
353970
878538
684688
390239
970453
434392
552824
217226
38366
396791
204233
858584
133219
90294
331818
205499
254297
631890
631840
249236
330424
664130
299127
220438
558890
974829
79243
140873
679215
558067
99947
913104
452617
241419
72765
618038
289885
123307
391365
284251
752811
464517
131890
124951
65628
293097
427007
327367
686593
612802
514551
965141
999618
981788
682540
414376
242921
432295
573392
951737
89675
995482
342707
929030
467278
178997
660441
679967
672798
291255
118813
890275
371181
460362
134898
543366
6659
240597
920988
671331
337429
857653
548916
137473
902471
660962
376867
69142
150003
7172
802995
858675
473352
412271
790851
831117
935887
613949
532649
907401
200839
788865
400803
688053
80192
161805
309978
541550
742765
854420
213115
473968
170564
362978
867561
17595
78113
823138
706502
2384
725151
909230
18593
95384
655385
614534
438396
900477
569501
982328
552783
809545
142284
422239
989184
607974
416489
289166
770444
390045
890099
202749
371256
218618
463268
821741
962652
747452
506665
519533
947042
232949
907566
989000
856046
567621
125394
416014
943896
685421
811066
451261
875412
8274
198786
651021
557299
993169
798349
166805
532290
102205
173085
70288
26473
429438
821633
321550
262663
12093
568510
358543
77146
325879
756252
85678
858053
43180
716088
649230
811617
297837
506300
676917
260773
659679
623217
159189
919996
524643
585269
731156
365111
672846
998365
258086
531508
747865
557749
584791
988321
941934
127800
992098
836812
533777
757820
816367
616151
564142
998123
806381
530695
824955
365931
666631
926139
68745
466335
316869
248121
400685
802055
29826
48420
482821
639619
446342
317386
235305
211391
409178
945136
944387
655457
466226
883484
622332
184535
879831
777187
194322
27364
178430
399451
941637
529371
97671
347584
92193
822967
76617
50789
512734
54872
660424
376630
636325
879579
402691
41125
921202
29268
767018
174265
92244
663402
406701
360239
95442
111376
767792
373388
858600
532444
812443
500800
731566
23941
861709
855160
385562
129278
452400
653313
90012
938537
927079
11284
735783
984954
394020
369666
797968
749225
522839
348285
10062
827155
367233
73698
611694
365351
920796
473296
55719
332001
113889
139211
754842
428818
189605
677102
309485
835378
731316
682087
787594
590470
623956
266094
656119
236529
575795
958995
391204
575407
816022
976623
266354
374850
988496
173702
982591
63151
60378
329366
501999
887358
751149
747480
646906
465410
160282
521810
386994
769569
258190
224552
760425
941150
273957
825774
119404
385919
307237
496150
475652
531792
216145
821187
503017
235456
740203
403004
249860
305192
93898
921532
389279
948012
47379
441446
922988
323706
429271
991125
515311
222896
735113
901202
711624
129114
24474
109279
767585
756659
198384
90672
787230
621966
701945
150953
426134
34290
467810
869316
227744
671049
393560
941670
442681
256573
153839
125433
133497
630591
568223
765558
301328
95558
145381
515527
426089
805191
498886
33618
858870
616998
387879
424506
647768
604855
949174
62574
352246
909179
920250
263020
75181
804471
189449
832229
798627
35510
487204
841236
997908
879862
35929
181110
186954
831796
746248
801253
741483
818767
370882
565077
371820
639131
585165
148713
344228
427333
321092
28339
79419
921886
381275
108679
996289
807558
24193
314746
9499
249462
367134
175228
716375
254889
342332
686031
617377
563816
915969
212195
746831
580913
915802
226512
986903
87939
471028
657455
418784
443273
10020
69398
307893
808800
213799
517486
546774
727239
448451
143602
640041
582242
11340
344581
620558
176299
114818
889264
547408
818614
454808
537208
678391
350558
103568
962712
966266
535377
944449
800160
910481
59445
401914
111530
716022
138561
347380
595121
232110
535092
592145
285103
55825
800003
501819
668848
148305
482605
398617
868881
605742
43766
452198
757324
72134
735873
14425
894394
736984
735568
923003
169151
141611
324611
701146
152916
256589
686895
160406
532719
415353
209815
871896
677009
362066
852298
973539
200172
444300
394521
664514
831150
587562
324210
759521
357358
26273
444701
608376
520562
206428
154067
588450
259803
976089
530806
984588
500334
678832
97778
444936
502655
383412
1006
732097
922172
106098
61358
67017
524947
811287
329288
673359
614977
897710
538944
916652
935928
411654
589059
518812
6316
993265
428861
730826
818107
96489
797207
806967
323214
643600
354893
19793
837067
138295
974929
567331
634006
39362
914355
828377
612757
845134
750338
776445
784286
375028
73611
999199
417303
389252
264264
958685
576060
732129
454710
741972
662207
464185
980164
648355
176906
864415
545127
491544
934048
654470
25738
802618
440097
410012
612963
714611
790252
771712
135393
821591
472415
795938
301569
542933
894202
683574
723648
600441
140577
694485
368235
664475
340096
711024
458770
666472
209673
86449
886555
404042
51736
758896
36146
900407
42296
410894
275166
429075
517695
552114
914863
832387
461652
572126
104596
461328
536849
313197
263497
191219
831491
382251
698541
251843
411278
400656
224561
492088
621614
259611
359597
55323
929816
715656
921805
992204
398463
455661
194024
23855
98034
120439
225137
575348
996002
53691
548486
945346
291650
219899
441830
788416
834183
367096
106944
897152
991183
101935
282312
454558
31921
17376
894205
779843
952610
749597
441774
768985
855694
612485
72937
991331
372009
547168
317549
821967
493788
390369
635823
547511
259419
893460
322768
629840
298471
937094
333541
554526
268084
288075
890684
286343
342265
108581
881555
673960
7248
538538
116035
804984
42344
993032
81290
803805
888504
896472
354284
445914
744288
795710
521586
504044
954210
885379
72967
461927
715401
665846
860403
938678
947501
176177
574077
590472
400681
400238
738993
213927
841761
631558
679982
368499
127489
483857
136691
59143
345640
960387
979379
384657
234690
576734
203679
488643
318257
922564
652989
108772
987137
948587
956285
860052
361219
529709
830361
223980
269000
98876
483367
205380
669564
371699
41470
443726
354716
600391
108227
625311
880021
632476
939215
784078
275323
992756
289470
697397
629474
141634
779223
741525
644957
773277
20179
892182
878096
671948
452587
587508
783950
924099
620756
293415
128835
568398
988797
223470
708485
391260
714436
291336
223721
792998
173016
262447
815538
854005
982652
152878
412197
106378
587627
279386
815224
75437
339182
357544
963477
749065
113415
754282
104491
129912
30905
756049
529508
7947
176718
65972
339097
874005
340142
446702
621011
158261
830749
905461
990461
282793
79689
910156
9472
380671
91193
297648
997435
69480
651242
746516
982548
328354
525935
528642
321690
436410
947047
33191
583997
69443
250448
763695
463514
862178
551966
522488
41397
62556
730534
907816
354250
329307
878920
972154
494524
459938
376425
315019
246394
111153
854831
955217
596748
196417
40472
444458
455168
679722
299832
181650
712235
353893
235405
720943
522846
230699
754496
371399
44839
815996
849211
557649
98433
700347
696801
198569
419481
298038
883439
934812
493053
229828
217133
621283
401187
33480
328976
918253
615316
261650
553903
533333
282867
172516
644576
452147
323246
212113
217071
784000
909185
694586
558191
689568
10130
30828
662353
102665
159641
115156
666740
68839
27846
258337
210256
104923
880485
107068
755559
949355
849025
860226
443507
491401
52323
698205
750271
572926
639672
407870
212690
703376
178297
903452
805059
339260
975798
708418
178414
320109
654037
231979
117403
64864
595804
990503
592639
200434
672603
356218
665116
915204
63729
935521
644167
950743
87831
875139
441092
45249
886166
82998
274061
571594
518809
979754
252081
899366
434909
117046
398554
837390
849092
998333
926503
627453
463241
60540
762039
217924
193870
468659
465543
223946
547858
718318
79795
200996
844478
766575
775641
11085
431198
201594
350555
552386
540333
664893
280194
648764
723721
875225
338624
857611
559045
538577
537230
733132
88093
245390
889012
668871
294532
401740
922279
590631
173786
874085
825100
928342
220538
101560
943643
464053
908591
504438
56414
700917
723078
228937
740505
691413
954302
660001
922500
907896
384732
275739
330868
304027
236304
545304
883599
289921
346232
864414
268336
253517
760378
993397
258499
571405
589265
784430
502221
268747
60636
996284
891575
451751
361858
712218
595587
882368
390655
159499
344873
196684
104784
443325
370258
696328
918151
282736
746569
879596
215633
262328
475312
772640
409619
4413
976955
977526
345706
373049
533857
176278
231452
269718
625564
794473
618138
393172
723370
544441
637105
20826
632675
863885
213296
952038
610679
993382
449725
189343
703642
526821
456339
132294
123212
814410
878986
813764
603351
395679
140922
966456
917970
411383
71957
138123
125866
589934
744765
742804
501233
237286
477578
187655
409672
772625
402939
360579
668440
101196
346504
132471
336188
147030
234067
844785
302781
275115
692028
860677
254325
584513
375124
547094
442388
440222
903081
493636
259009
211220
48832
69170
252056
531291
483488
430770
957906
870025
725195
329232
210114
311472
158152
908984
673596
114004
890331
407301
320912
361159
194775
178983
438196
118627
451082
136367
996671
569572
95318
299834
893586
557215
508895
31416
828177
573219
958616
808591
453483
380888
492882
936520
602236
322594
386128
228871
642915
526585
962920
149185
862173
832220
884600
643290
200800
808630
618040
856476
626015
984033
817281
993636
928800
935769
702593
831891
292429
286315
50275
804299
248936
889724
694733
384454
122460
454963
827843
382674
716974
102788
342121
296877
847314
652314
692901
702009
373402
988320
538531
981980
880521
249517
901426
818806
847750
302282
171851
206976
41388
723616
409074
811582
801662
466563
366454
749088
239672
321109
474258
302523
89793
415960
131446
91230
67516
200788
579487
68820
995901
184225
128930
838454
987416
251218
152170
141846
203092
572924
224513
500396
584417
735831
699679
845274
430950
28319
948283
642474
699418
689262
347934
320618
374579
891498
391133
883006
639307
440576
383660
516188
660223
755344
421828
716650
327379
670418
367018
932160
559836
203472
563266
264274
458154
834317
587382
876161
254615
714409
933607
575806
858818
107275
279213
819078
556067
281402
859149
435787
616592
790091
462838
772723
570123
404213
17208
879033
368261
741696
96258
979762
894836
33756
359958
398186
669516
755662
265197
357597
690373
298622
907617
538376
155979
361879
585616
359263
802647
572292
293016
850879
773491
681099
603950
675978
893984
11802
387605
917604
559162
131278
529432
174443
392924
698829
127376
162598
161485
52875
132309
947109
667049
332438
545891
810168
408432
919992
197542
461146
508077
6251
262038
234121
248956
674389
680434
748694
376256
607685
252857
745627
976831
342472
15840
852363
98583
517295
639426
292637
679259
169423
607481
175360
955925
158058
747179
612384
740633
286770
734755
201427
215956
30417
813065
855384
514273
567901
132247
22103
48019
791900
795598
872773
843280
372967
568614
255987
374337
137500
382384
573364
126680
134695
243644
423468
180901
409940
57920
486510
977165
259004
640801
536262
373545
589847
695649
408530
980029
807733
132774
895051
550995
405704
675171
294562
215795
622617
712933
809285
710402
314236
536064
669301
418909
98564
651072
468336
744600
911375
974644
63423
868328
682672
693836
138159
615384
352423
324387
195658
214294
790436
502201
250030
609925
242106
412569
441225
82738
722593
303386
190643
509790
161895
777344
415848
461817
80949
725570
202721
561584
108154
465830
589389
475101
197686
363017
738609
223965
569701
291323
419353
918144
954886
699078
624569
551321
281542
392847
8997
96116
248334
220630
237226
200679
887462
864216
252487
488385
761860
901588
26251
424032
93749
927274
379020
362079
366887
142302
67265
240491
20881
360380
527165
681527
442879
496790
223113
216326
829309
945769
58396
135333
435424
832478
969849
527099
552428
706028
858214
793208
212197
98906
566852
329387
989045
679394
595600
597296
974518
121393
399029
220870
541021
524555
55947
938559
556164
261580
63536
759952
115091
289673
48449
759624
361482
51285
76022
749278
468320
243351
699747
419403
775225
740959
371798
231341
657908
598507
336918
333030
769055
604530
932415
439693
984662
514396
378057
696269
15619
388093
660346
794005
397097
502946
103232
695648
128243
518931
896860
470808
49073
311364
830507
647956
615087
410597
528465
775362
91124
381140
329089
136480
439380
890227
907690
98532
827506
131027
518209
123388
482454
116815
847655
912944
125799
663990
624952
878435
671685
429024
224304
556600
578693
756385
574009
876048
345994
839516
96725
341308
19311
207396
110980
170472
348044
814163
650678
584436
506919
825377
99262
547709
117771
808335
831229
473423
158216
812196
128513
144320
970631
413082
896484
361065
643198
906216
97858
361982
113837
198566
13145
291625
31606
455669
679791
754690
463020
692069
356335
890461
293661
264374
36236
907893
879589
433186
482870
261817
347742
665656
867661
993039
682688
478449
591133
721965
370554
423596
547024
422989
93764
925576
161112
290813
181337
707051
863895
915704
736311
322280
909719
92497
569245
467586
138735
300471
315370
338143
206977
367734
118532
171760
356932
773436
776496
852125
325846
582698
6575
41697
688976
395574
203665
769062
321108
188610
241134
974690
619323
234231
501914
542961
18082
868011
617472
445006
327452
267052
197032
917614
361861
278444
630104
850554
716854
84168
54806
710823
105492
487927
811339
338419
999491
259083
733442
446717
771001
287079
997840
826881
971245
566718
380238
531440
429485
36611
635010
21096
452879
847731
413148
447189
9343
305531
678172
60259
780856
456710
965328
801119
986702
984167
523963
436969
885351
181472
710290
501528
918858
269261
25568
235498
538639
653168
342025
699622
69430
544218
413995
637905
842196
432562
634528
103753
126056
230693
651296
984961
578764
175466
423300
792921
598855
471024
705573
15640
653503
832423
689955
426185
366540
606568
312193
629937
951015
558786
14446
705961
831489
161634
160095
337627
914160
393886
235479
746269
659716
887518
712008
678501
209336
933991
104531
857704
80518
416556
649428
72464
404053
123673
266470
278274
978797
594009
679528
369912
144168
54241
881355
142865
271185
564161
944541
110630
275819
104358
62054
346775
427162
93945
380197
614143
761266
477924
700322
199689
263131
848372
831280
582748
27677
4185
984449
428722
91854
415371
561189
921159
645973
677895
533473
678572
618778
426103
126824
662970
179532
132336
676665
38052
34446
14997
689684
979750
303231
203352
182298
689946
432228
120225
866240
636457
559605
763527
139503
45406
953153
494331
604284
887958
287550
264580
197119
174612
315377
863588
431122
711345
806710
439322
648744
140592
619693
479937
695559
797424
136001
538646
860195
655994
622679
60185
548090
837518
164422
145349
998027
608120
881356
727488
654443
439319
551675
186937
958094
25930
487660
770030
486030
262749
431687
182856
760959
679083
197985
479505
936673
787181
13824
246291
293231
674084
624250
912270
892756
443451
426645
651325
334377
489444
638405
344649
809107
321297
63459
321629
629721
614131
13137
325269
648948
276333
448405
581692
775386
155975
539837
403319
794298
369852
67131
283522
424942
52915
513722
483674
898761
537140
548472
231624
417318
857888
826421
633191
97641
81361
133587
990941
416526
173387
767280
470461
165867
57748
957518
738299
283337
609106
115113
962611
299875
276644
190999
87389
77360
31860
180500
693749
503295
818247
94966
605220
763570
28102
564263
936598
220075
44942
155834
431794
646852
577302
153445
662631
244131
958596
492680
496371
404144
722828
112426
199230
369305
766687
655674
948832
222018
402990
163287
474587
804024
409893
229188
663270
763249
430344
51511
303188
95594
828584
904720
699302
859184
905985
167143
409386
135867
528563
238590
288461
254324
490972
85270
80516
364760
194830
888925
947347
677556
437938
694020
474681
471440
2488
138287
725240
563368
595322
112838
382596
604437
863852
548777
695880
576075
618562
299136
827919
41339
837727
123375
650773
757785
438580
52585
14507
585469
724892
510273
721
227668
516106
831955
288930
644721
405112
202739
640831
661246
372719
554995
581083
670079
922526
264706
519915
853171
709068
913608
543513
146528
709375
787138
979435
869800
381414
433245
734785
672827
511581
258362
375210
934636
220178
58722
919778
365193
547955
294764
205413
197575
606825
541768
637784
58525
165816
921426
948934
922516
194372
147831
260564
199423
802196
883220
830934
91305
167915
43693
764862
144412
774550
489862
951984
813520
752068
442658
118769
143855
45647
611477
218749
961753
99336
947063
749497
900305
27209
837883
207003
193237
916428
940688
739912
309490
758659
673785
173544
210950
674581
254122
832626
706183
468158
422939
533660
922050
505577
222744
354345
627599
202699
508626
684136
241902
249440
485734
598450
803429
531543
67093
36318
26454
336335
141568
706443
718547
133719
839251
388174
314626
736851
965041
932580
661353
716146
840958
669208
732495
417722
668773
418284
434259
883373
537082
84175
314328
658519
566591
32891
804190
838455
919106
286445
479148
9671
192867
825282
12521
460138
242484
351403
896139
956594
907961
340941
268902
348362
282254
556471
50790
863494
244264
1409
394264
289158
305396
783037
474274
307329
919899
270941
155155
630771
928679
75937
104229
40767
469498
157311
544982
628110
658112
900935
712387
20610
437461
848664
943729
248628
936498
37811
512021
805729
461663
627985
634488
389711
903298
626775
367083
112828
537279
268272
833372
717846
754525
55927
109401
755021
844101
500642
777148
191292
369393
48824
669816
196047
324681
574434
568248
462771
979729
790754
804908
232578
421419
289110
444349
746190
568722
37400
47323
270990
404032
763634
633649
449251
783344
758529
728634
753477
810238
374373
335917
535951
916138
19170
206612
144035
549499
173782
866235
276027
332288
957571
256141
270962
608488
786198
621786
39989
392216
775797
936724
261309
601656
336556
401450
41613
297463
300071
167665
983451
337951
268080
215376
882142
926445
748232
951019
973027
30399
60862
416005
425555
205544
242159
49753
607697
783215
947127
641398
643725
844293
695946
185985
313291
434023
482227
587071
672932
344261
951874
877659
49173
84436
458055
31618
945670
60658
963326
935965
574344
513457
37381
274732
11294
879619
405191
756476
169586
160000
931965
271237
980585
392086
662283
727970
137680
638733
63302
347501
536437
130229
710101
756342
918611
407343
897845
295904
979877
994326
902294
192025
309403
238216
416419
448500
929578
84116
656031
735397
808254
278722
444650
788504
900683
57209
74404
714606
677633
550545
81448
283925
698270
610550
63161
890434
192669
889461
558459
631630
535884
969062
924760
309290
922555
101699
971073
913040
765712
243289
632745
56424
6307
997508
707320
906980
331384
605113
963105
226279
823744
618827
565346
773499
195347
891411
847863
738521
905343
873822
800000
113112
489897
559205
439084
948977
796197
625620
791851
650971
97755
432932
448423
947212
145758
667914
633901
997656
678901
191426
6768
121122
627206
427063
269638
466107
165606
800080
314725
774565
905860
827743
515563
391517
795443
813098
689308
752501
276665
331927
128007
148175
324167
208691
656648
902072
511170
446879
383078
269662
802111
323991
253980
694064
592654
363040
355509
36241
403437
656462
859856
195960
931230
358575
971460
639271
296851
519768
894236
565701
332037
734729
122755
894042
717027
890175
406395
556135
698088
911639
919751
106528
282629
671898
909225
427271
45374
641449
772870
358182
461137
901958
541797
42601
143568
278972
618198
744725
217808
301485
295087
85033
196858
527926
298866
492368
958142
153920
907914
763071
495784
639910
313268
889457
933707
625662
339515
240253
301849
384262
280731
793616
610581
434221
837383
446477
556319
398395
346695
453694
189230
290461
884857
586549
487837
503441
521527
812931
633116
736362
155737
411348
923271
411457
458001
167909
57336
508533
506404
722852
591340
263770
227619
383997
438263
77275
11512
315727
615518
565369
210675
342962
86494
224092
280636
81009
572046
392376
785929
817983
561905
4555
519354
223048
250458
350210
893073
907171
331068
268348
170385
227235
367565
567398
539506
395149
353943
239301
990397
300260
843483
506058
726559
289378
326655
929108
298108
23969
303832
689654
938285
357064
352645
738949
932593
861863
574507
735945
589630
279933
176563
976792
270303
592354
753809
802569
568770
55527
939314
936097
101925
758580
727895
344633
130141
876420
633808
450112
140478
943994
407453
788266
566499
804266
404040
944708
236251
388913
650079
779049
54384
580734
643149
30733
68053
874292
254774
610539
436520
821290
3211
522373
260077
150341
164933
196623
251139
904962
309594
419076
173778
804856
417784
323934
800601
363974
230442
215734
584361
772902
838857
391747
13380
31999
135779
955583
67408
26583
954602
5688
977638
199408
157608
405216
81670
871500
66501
978114
610566
296551
760985
387626
18141
418873
238855
818186
352059
898376
83871
933627
603515
993635
417233
616885
646973
160359
32473
572017
118986
847154
364342
658329
937024
521221
531520
20902
257866
15266
43855
698267
536093
718840
674844
259034
429446
371953
801831
150570
58704
918568
414315
658747
227909
297608
856499
984151
152194
387432
193922
677034
598974
79904
608179
113391
313527
821000
500737
531893
229602
421737
35380
27089
440185
724241
835330
271584
516685
680194
8941
196740
545403
113981
292298
141948
151485
44198
433630
895327
511004
708884
771169
940228
945399
710884
558450
257904
769766
70798
577360
54468
444549
206018
926536
50745
146832
600349
729900
185970
832198
8219
393252
264430
917236
517785
846871
565916
426933
19717
778359
839363
655015
447434
723604
105975
816803
590446
960244
838614
811079
232566
984867
524075
65073
833119
738827
983995
481897
832922
157289
40956
509723
174088
537365
510995
486063
951108
934191
214456
425671
203225
157224
298999
310356
432404
889450
555343
744021
523317
62629
940669
115327
379731
827233
189935
459511
460929
478059
156809
843551
630389
517245
806861
325139
952863
3413
472201
311181
820281
179656
93048
550390
114256
512872
109421
866130
390557
661705
78126
977574
184025
54754
84150
469022
6379
533421
348424
717714
89990
282178
996444
646955
465183
549732
951967
170250
243562
840313
575319
705584
255175
673831
918450
195951
42056
48146
53475
966094
589551
933443
186934
455259
94626
834067
279856
998692
604574
745458
125075
472078
820555
149268
293568
994709
61546
597690
184951
147680
497770
234840
607227
308480
763226
145320
411729
745541
819706
505291
780006
726717
238442
879767
790544
977098
862276
56321
937389
999135
821637
205288
689128
500887
51814
720124
722202
776881
390921
814601
657036
772332
831951
865316
280475
383547
290438
675952
581108
455653
532096
657293
552255
10365
468287
52511
767193
231608
624780
246262
241785
104752
465126
553631
510836
805172
770840
633926
958171
904521
677155
992902
635138
824386
986459
329743
950684
728695
982158
237043
648194
866149
989854
531277
324626
260514
45616
548110
734388
836731
611133
793190
516280
518060
859462
834059
240795
308219
672100
923624
972073
626865
937213
600485
717436
83318
47891
514767
214754
286280
166454
982821
591132
709210
67454
442051
198145
506627
353798
531548
252483
262094
174118
940200
265823
460482
980117
510374
685180
992538
73690
206366
815068
785531
896913
440705
169219
774009
387561
721233
160246
609940
761270
883821
843003
241844
296562
362734
543554
943775
885939
817872
124944
575181
795166
297729
524600
860350
925119
851096
454541
203527
157398
169371
134221
770678
709368
848419
443915
758117
358583
273475
339727
26170
261789
398803
215965
241026
748532
142488
646799
462630
760130
218065
764191
145036
771987
384737
842817
903662
471700
997741
860621
818921
539727
107130
612412
190809
20633
920230
205160
771233
320320
204978
180477
317099
345386
831772
699253
4280
996419
796819
556035
148760
697437
353342
492019
587687
119591
116921
376429
995649
438817
993280
186744
231976
902205
44774
287082
963277
470239
657646
918712
445757
626308
611914
795755
800043
521854
74670
520820
414358
785245
22927
364054
274710
54634
67261
168641
695241
897421
103642
150527
391252
758926
772918
283143
143128
19896
652681
390064
246323
778841
35531
807679
557424
630375
81588
745825
223628
867581
547403
330036
314982
411138
546605
523967
391938
196394
334877
2242
357689
397590
832642
772457
760897
543191
74369
939354
792661
498128
777847
736877
196353
416761
378387
641595
397836
944399
906255
629889
446154
787593
995898
23831
694082
721667
175310
572483
135730
911995
867757
487912
840005
442285
598652
248161
966390
779508
370706
779050
515079
48040
721507
216346
296496
209797
264755
391727
697659
335294
994953
957691
601610
989036
998206
749025
313391
478230
982095
642029
175320
928934
113080
581905
788664
638415
473513
628891
550275
995368
679563
196642
315642
74786
794063
582500
202153
921719
730335
750260
750887
745995
214428
511198
156713
366872
802826
905226
180063
361519
698932
357678
2329
249705
977542
540398
702801
968860
163376
519703
552289
581273
167715
921141
773205
511774
204920
669713
954523
15583
581872
333962
493079
133740
922510
618899
354046
838337
823094
262996
215972
630069
928188
241415
706053
322857
849305
670682
153937
795556
400959
741608
521545
839553
448816
447052
777255
899409
294906
783575
874922
630175
56271
92572
680386
329934
469573
8680
608917
982495
580518
64143
887852
254159
456757
435233
620862
410973
938174
566268
470678
805417
333336
116219
117219
792568
697979
586700
430172
650196
980280
887328
813646
457425
703257
867963
90435
666922
398933
283499
751889
436809
985264
516501
123708
665253
210797
974314
903049
974150
507577
997216
897316
306358
55519
414748
396781
866280
408601
81715
136934
991098
335613
119721
901626
842808
993443
819916
94356
649056
547557
478306
647334
817642
481031
853467
18745
530023
580441
385863
771014
262934
585634
281208
16748
689495
325672
802628
676172
558583
405535
261097
582084
218793
138604
162956
790407
596950
429204
187994
168662
867339
776966
563087
585309
537937
808449
539285
440492
512986
377251
737156
965008
208599
236048
356040
83470
776487
321083
260768
908667
609513
337300
174595
175931
633138
729998
96989
864026
869771
902583
462894
401201
95079
585268
184937
426768
538142
282871
120539
352585
676059
987490
349861
550656
558302
652666
844784
935571
465864
755622
931337
611509
833478
68758
421207
624472
173976
560513
59957
715080
879869
376902
531120
137301
804605
935028
604638
403817
728530
257381
869465
659448
384116
768389
919255
487572
292032
810800
871591
811872
887364
439737
27786
763549
891561
785672
802028
315104
705150
395163
355070
651876
961309
662253
614321
847484
680444
679347
787984
84833
115410
846339
182842
831331
87803
571609
750826
299152
30087
851217
903971
29054
982994
588581
645874
222587
462863
171981
441011
828560
400066
220914
967438
681668
744872
259543
672663
570259
106939
782544
225141
848211
782242
892700
449447
592657
259345
685949
129891
105834
482649
241205
1107
404692
722197
700307
242466
255148
213763
564503
569845
268407
115855
797373
425567
985155
659393
457403
504765
775298
864735
309623
519398
175122
804719
387946
144576
227112
136282
801359
67632
872216
61613
934151
656233
50371
543416
90252
278310
971293
230489
840848
426482
314201
518547
169393
225188
529076
822743
204699
399131
568485
956731
569786
10426
955020
821852
99500
19042
459853
376607
146982
381462
188766
547227
60396
962547
350730
181583
548122
267193
838965
821824
151021
571706
633982
40052
26428
386525
907133
427593
167940
75599
333099
80242
607392
480072
721249
304079
626165
320121
417961
179088
66183
334673
678023
963552
304344
496622
629039
890884
30133
917564
594556
145450
473996
107316
160408
546858
616307
172438
332375
419922
203346
324502
875825
334494
213359
175443
543385
960839
936853
157378
897278
928690
979295
57321
792541
996681
864358
28232
605185
7015
807813
365650
238061
505989
651096
204660
914226
402666
19975
348187
894871
158361
612360
794250
806327
733668
60549
104973
651069
488116
142412
440948
269521
694802
35403
844851
656171
228946
101563
422616
572232
922906
450345
170425
925528
187216
186521
401880
246069
417587
205927
781206
299222
535910
390932
540656
61851
542876
806591
784711
327739
258462
263984
578963
837019
345371
566217
961230
316141
7209
378095
224952
700545
830547
668473
861119
848349
902625
975689
480127
173200
319508
562559
410196
972640
30156
900359
39035
258626
788307
418435
443890
554897
532051
786775
747388
619626
891880
724880
613825
680166
37328
654833
588981
235647
277724
604681
634004
358106
299982
768874
914837
227015
700087
972549
719567
590877
244743
832172
851193
82267
795159
208736
454974
660177
717523
123188
226380
316491
294299
214598
555392
523480
33673
97601
598005
702162
470928
147305
593115
96517
699081
201757
489442
181873
795412
705789
103632
787172
222031
664055
574019
349453
537398
498742
822851
110605
126387
111071
810106
45502
681749
118723
203073
301532
461881
2942
750439
488816
1096
723777
876207
471236
23591
70947
419099
316566
693621
503104
487633
858351
894904
516003
382270
84922
39025
7689
777778
638844
451440
727448
538829
314463
412708
847104
483413
76123
326641
149933
129514
861952
30202
777446
159953
906082
852926
377349
125420
293472
320222
650899
967754
118291
390588
876032
111579
712592
880512
359803
573372
295323
15220
977268
32433
153448
715151
119020
259184
111886
776655
973429
243226
74635
988479
504012
901061
741486
711128
405711
795252
433765
580612
235292
601576
250659
965758
544904
948943
872045
872724
712441
40795
782658
191886
598241
890926
730917
160041
269079
879921
266312
530259
510532
888279
396348
980486
306959
519838
510875
463764
957175
588503
896267
963951
886317
481812
498720
965457
280736
503685
886931
904278
264083
331431
903778
727219
292937
633546
820437
375004
593341
701212
515740
937559
765781
534698
411637
91492
961897
2281
754490
603414
817248
506782
427289
844231
803247
879058
391820
374111
906981
821287
439293
598676
628351
660421
819210
229240
893438
88628
855007
657492
233764
504215
11393
31469
588234
626362
353384
480801
953728
168917
310537
778115
107263
75558
836759
937781
537831
61749
912540
561148
468189
990008
257480
285272
1958
836314
198197
308833
802430
641955
531078
533949
225225
366022
846504
77116
442785
72584
451322
288720
868878
304392
196105
957164
167635
477295
131572
424759
419813
947764
137967
309933
779895
346508
67618
534035
435120
851053
226033
657364
186046
449022
764631
41661
505988
56029
935339
866735
41676
605445
456651
139366
942201
27962
280046
529247
260648
83330
203850
882127
933631
471163
312461
295930
454125
78855
340867
8360
381048
15504
697323
833784
69091
501739
520824
231374
345208
827610
715105
389927
78199
618284
325029
776590
47835
31743
799007
894184
172165
880742
359233
398249
713032
326181
103984
721321
754320
910361
908092
636561
353263
546869
566394
210991
425670
846182
111360
560042
808332
198296
241423
323198
758418
264627
227721
661539
637565
854097
556079
770747
555202
962161
474872
587907
50576
733930
245642
141288
283581
219219
81391
482758
547716
859093
88425
723739
88109
634028
73692
258061
621450
359546
177001
657428
437725
158088
289820
301509
592087
407641
555259
951036
605243
80749
697919
21350
280929
738127
172767
859880
213911
85147
201927
361264
682722
428240
853608
588374
416930
384333
410024
283091
10924
31930
659436
712688
417016
746889
333364
210482
228364
614479
554430
651574
953545
838850
13923
644796
687027
348461
733830
675339
891177
60764
448354
205171
743487
506416
390827
281002
863033
925011
442147
722136
58343
295302
764861
867950
825496
86166
797553
863228
15342
5748
322389
134106
992005
12526
328900
633514
382328
531510
120126
263376
620530
707023
164890
424821
335431
758607
972394
28420
126304
535970
79548
940030
29521
499576
791229
984571
453703
561228
143353
328126
157213
390354
751037
832051
772237
962813
542814
38599
569475
596586
595346
337636
328589
174572
110651
980296
827567
560437
152772
99649
717716
650141
728356
742727
196894
914112
485045
74718
442781
351469
69926
605855
589644
238547
970408
312386
201709
178464
704659
34455
41516
873906
145197
963451
587914
323886
722384
924510
685636
898481
857673
26356
484500
880435
397952
132187
880545
244235
192754
889978
922391
463097
628750
839033
321073
668117
480327
79789
745330
24561
882981
184932
869637
835198
114448
843269
2518
810202
628514
757245
413913
351567
295419
526226
155444
850034
62273
763859
658186
726316
108471
271152
746341
985173
817081
680550
321984
757906
341203
980398
166211
927226
730471
284777
854759
694767
531323
506334
74542
986236
275266
423897
917774
851071
568548
256617
296570
975097
146384
511357
654729
614470
598380
717897
766332
508391
675168
109251
88275
13961
875455
73159
235916
28864
776653
201051
580793
617363
343345
734668
841340
624752
730488
522402
386176
868355
507172
219866
499989
178127
86284
754001
363392
360351
176699
287979
272320
672072
945296
457503
762329
866530
10863
427442
489764
979965
452867
492496
707309
613066
979873
155551
370031
748812
393611
300567
408517
168199
980086
807213
885884
5947
285474
164386
898034
275918
911898
419573
779754
619399
916874
451193
588592
340918
597432
541249
186147
308338
615201
414391
898404
993211
534641
597836
651610
962909
213386
466975
270966
296097
479045
657930
662510
635857
981295
209433
806629
413470
44683
770491
939596
802216
683386
762232
527529
827770
674609
585342
104679
136908
801737
899522
662142
469499
803821
774062
31468
285914
859907
860693
735663
597663
180910
631755
63475
924909
595273
592230
184331
164997
511279
986881
267597
914588
293926
115805
508874
640327
352232
47139
101992
760403
957968
836869
811377
325982
749698
119372
887719
401589
243393
223196
384755
915482
990494
306100
612660
57780
314663
449401
681357
816717
495074
593196
664696
353275
692550
984022
520423
419642
76431
374701
297575
621797
949937
375071
43550
776361
125949
939123
571654
68718
129799
459596
498523
641351
211600
551666
297965
493238
45326
276562
443003
610514
529472
541597
603617
857266
312380
964110
194159
629381
394516
137227
441638
903743
232548
913893
590991
586734
384699
609722
164983
533291
345508
965754
802506
718571
11920
665542
723595
949109
385313
720052
440365
409902
81621
945263
67153
860112
617293
889788
73437
589689
747002
469911
136181
77408
76515
348476
701273
967650
290964
867073
293019
247418
747687
679328
943227
647760
922152
591251
446369
703080
970279
909464
953461
186043
736031
976532
327774
517219
61758
869204
837206
664111
657425
210222
418279
468502
964558
68678
947397
126153
810557
735724
120582
943841
556355
340131
909058
586424
317068
508733
162179
906771
906388
134945
813097
677436
603987
694895
335261
527151
385347
843642
316400
432042
721167
487540
896335
743719
991129
943784
591333
303654
392936
43936
164365
590691
923117
55974
608242
351976
430768
693544
187846
71995
886364
646005
914907
742839
222179
451811
335585
954808
533071
58579
262013
202544
703975
608973
380546
893399
786426
949637
120398
826175
251851
323071
130436
67333
679128
974222
56737
675939
114697
38136
952509
520483
154290
372021
981280
222638
941701
595414
14911
985603
314199
127314
264707
689741
58077
769427
42728
91683
151874
594068
950678
621720
851182
960253
530442
761914
544190
546530
304175
519753
767248
718205
639183
646667
21895
931981
238310
745452
386539
501002
920659
94479
212205
185091
175080
703157
558600
330774
586592
159624
37314
633931
149829
360593
95566
768517
14107
856392
37774
255014
318166
369561
650244
149658
631695
474484
547875
908748
643734
925932
649130
656356
32723
526833
111968
382978
845791
451690
504263
691729
231557
53197
370059
307789
736557
35272
443112
423749
666771
833325
367269
794117
181652
942384
917482
404841
768217
591819
120312
989650
820317
776833
43272
938167
675804
621694
613892
106515
975962
983645
639516
912252
161292
665284
570823
104532
535271
951722
256919
517208
77828
268729
705270
805334
793901
29327
687746
473147
817543
392158
303235
215434
433499
112754
120709
73257
934979
265171
339479
20310
822701
824256
556766
77238
546511
970908
790102
841742
837287
295205
857511
260619
434541
212830
162528
768699
645529
958095
102866
794654
715274
374691
534731
741975
116378
605423
1198
429757
38331
809554
580879
407053
40119
920737
937284
21184
654903
459391
543777
932956
383213
385505
143043
223104
911349
71929
62027
593941
232877
230870
430167
951678
33125
63806
245899
909337
956630
60727
107258
962464
530583
559490
7470
518181
124600
544807
451285
206203
52095
272555
463304
355379
206269
512991
247800
971204
100171
819063
568388
599526
957223
36961
800403
238373
945921
830565
147351
829715
162970
951988
473121
729069
94707
363076
644270
670521
58598
344330
842049
692439
993105
681935
859499
776777
668546
840396
911629
295315
62547
980629
676742
920349
157734
37146
670666
38647
565356
312731
723577
673089
614183
149570
202423
255286
344451
367416
622794
924389
539526
250287
257876
328970
546851
524820
298877
417865
111211
63185
755375
281926
258659
626812
472763
144547
997104
652703
818711
221487
26660
803212
760488
367521
84061
556964
819205
531972
881774
859997
259586
17725
41944
67301
421808
191984
839010
888891
542680
863602
201381
971443
596116
540277
678422
837003
986532
158312
144486
540743
677480
378884
168062
9909
566758
400649
989976
463608
949227
838743
197993
490
247934
317885
155303
696240
622838
327008
279146
640312
71653
561733
94512
443538
317298
724603
603643
468264
810372
836200
636245
266523
511386
575470
783412
568188
399544
889529
837880
4580
948156
561448
759824
272817
495311
880533
801021
885021
161271
600067
514799
795516
84936
306915
213323
618258
882619
557187
4494
238478
653143
874131
408203
348327
165963
433174
269456
157778
551837
306850
299751
107869
205949
733075
778104
105643
955955
290002
379660
717581
222968
101437
945196
626553
886068
383272
36265
597620
592191
469747
799762
517214
503199
805803
199999
400253
27696
79287
558858
956121
413495
593802
335408
138254
125956
24813
346473
295543
562578
424380
708932
185670
21314
860016
764971
737514
48491
233634
733861
146126
94151
621470
747326
107290
792055
552757
656752
163598
547833
859822
770157
654788
22598
454938
765708
770135
861771
816133
800461
734947
207553
986633
137675
338850
841003
629372
561405
722485
68204
456841
92968
322052
663426
648540
591717
512572
671139
325303
794378
700407
935922
824930
226744
277690
438942
714687
275649
273687
774359
386619
457267
524398
949281
688646
700962
921865
817289
33181
68846
712447
34733
562556
801015
558166
203803
401076
736214
123783
810995
762455
867913
244024
749836
285967
505810
520675
279393
606311
803176
571413
255119
307852
886381
262793
84841
309419
77167
941785
373249
723321
3130
160530
142230
584396
333143
541216
255449
469607
571814
174312
619293
598675
384531
140341
178792
797560
976713
852896
102379
287055
810197
879701
416337
272645
751336
909986
201009
729522
939227
901497
186427
269160
991079
27482
500910
716495
942968
21669
778015
216702
787917
761316
582363
31004
188392
275299
442551
509683
628551
3841
595704
51239
718769
885912
117559
314281
601316
520088
708255
330450
998196
605613
577512
922989
198450
746313
748957
409867
835752
537456
604617
621227
463950
898800
772802
914484
161190
695343
374989
448095
835701
139676
810988
610993
104926
809351
945227
529702
820188
472397
649923
612330
350171
312300
697288
149184
136244
696693
719734
600773
910532
296543
55155
225551
10919
409975
118848
950576
648662
338165
237537
327510
241051
123371
836455
820308
58220
404567
227543
508603
618028
609367
537081
483426
561593
77820
834430
768582
870771
275574
569294
274698
413323
960879
787374
903555
508661
797195
309374
896007
262799
384293
686056
173680
785371
644724
708977
201
336079
539086
124904
566585
929461
455841
560675
435552
390333
560417
72003
772817
494491
146045
721874
868070
540079
969405
496117
265366
101701
339534
392255
763789
517942
399088
391089
20732
730612
276735
98663
738690
541220
761016
78828
936392
499371
232861
526138
160503
676921
686089
403151
789571
280749
940358
488683
495631
835153
80099
518614
981799
969981
895818
997835
734374
67976
405682
794368
177848
278316
748779
896019
738746
940213
878166
301266
401086
953766
10103
184679
59818
279208
512483
947678
748928
469167
616148
542293
632056
569708
218971
654463
198985
314024
814644
721812
835910
360644
682549
48537
870629
167306
968929
722119
922588
299631
550361
9371
275748
798568
112050
442745
912544
539877
584930
690174
976150
640366
334931
566625
999323
281753
135002
582532
30158
280933
61761
609821
135482
755831
455488
441980
559199
630446
860043
877752
952523
955365
451589
727930
421281
399428
691794
484517
764539
33603
407817
715745
474732
335933
448265
954435
447582
338412
575651
105114
335002
328775
283573
408281
590567
425717
220118
891292
499721
766380
605549
947928
752554
898731
681564
867620
612503
864912
348954
839902
845985
795863
488351
828283
437156
638959
167800
572719
998564
197114
802234
495861
426642
110242
259283
654396
743663
437052
951214
910472
855896
833482
92381
812575
979350
951908
933132
236074
132639
176719
727704
95157
371188
52645
743490
422498
571354
324901
573786
692625
265239
850147
96392
64986
143689
31008
304954
519543
794484
161189
986175
596294
291368
423674
882893
886265
28832
522024
596479
180484
475893
663687
599194
333294
35553
864360
610251
375248
298131
713910
435400
696342
138531
312904
830933
192722
637216
49991
973923
501692
131780
296247
597843
25354
429065
927331
186456
132776
657813
725289
277562
490197
812368
755231
184246
502553
209942
570273
28803
125990
752328
790585
978351
675467
981885
147049
154639
634903
997015
122352
471535
518742
197927
196856
147762
822413
308836
205048
515845
285958
46718
217828
872419
646421
602476
53579
655113
539491
892845
843697
963782
783574
284457
288202
130997
708574
66120
802015
484856
144339
130874
434422
443680
611107
685862
398698
220372
361596
776502
741169
141679
583878
530612
149724
704927
901909
946428
134303
980845
354627
407954
81857
929690
166248
150416
131420
625124
995193
359864
207890
432808
753530
72040
82061
796897
44193
540203
523248
394318
433033
800683
256863
223858
264581
724327
276661
333645
520565
237836
539688
716529
678576
865326
151270
429305
308881
20631
175510
538125
498987
58211
78604
911864
717757
311052
38095
1412
909699
427346
854450
145833
962307
910507
909907
782427
346732
439505
979590
474551
284316
196674
910159
891300
88721
153713
789007
371708
884482
541358
813030
671525
458978
38589
59882
273421
471330
919603
195524
927277
796171
995187
526290
555197
764390
996985
940574
586263
195861
893255
191940
529502
996656
549553
225183
949185
873430
515666
748371
247703
784617
100341
53505
883659
203181
669721
208832
565645
270079
116730
719386
330921
774669
135040
312781
247580
245413
133298
11021
61608
874744
61857
671914
476701
270283
111636
717216
677921
808635
592935
162550
832572
38556
83481
820167
787920
353614
531468
263450
534571
155816
405600
764768
640763
842625
779710
153673
241185
88410
78001
610499
401502
271531
335214
90576
465130
791368
619508
379010
698659
143702
802850
526898
427638
567211
229354
897021
525588
557661
78714
836226
242275
651650
286850
643208
722613
461504
951282
599180
780237
936586
613549
502866
602474
381365
736924
755468
508899
785083
357408
155174
109
121227
959903
362924
421818
77066
286975
997593
730300
287594
498225
693949
416008
808165
38757
931285
145687
558619
323322
175779
309366
608922
930656
950648
686767
56057
951562
131653
667549
137626
78865
551784
574120
470711
52029
935179
738424
716052
156439
28073
791957
226388
175372
527473
462877
752424
120954
159939
723808
833314
828186
82903
581468
227816
862155
45373
861328
37699
771447
327230
766335
392663
438308
684258
276867
989933
883545
121611
211146
48940
502954
29759
378802
209575
171810
531011
634813
66192
221133
676514
477745
269065
613407
993741
862799
68123
705604
886236
537709
207167
455877
194291
153586
281370
452863
9262
168519
979124
540832
152852
360455
988513
903316
105197
834422
446626
450265
873439
550903
514711
992796
981205
140286
455081
779107
198839
737602
667578
909850
321393
720938
407494
752844
474856
7508
193445
134846
474758
447682
299756
350248
647350
523362
173748
777041
711212
640249
593138
786886
247963
861739
588805
723766
853514
609705
791311
816877
598145
903863
519290
178219
276509
924697
991772
638177
990659
810649
495431
36913
676152
694357
742301
735536
562607
963291
215740
336294
561048
757975
557000
716894
740113
9683
28460
616995
234753
247292
584536
98369
163124
925127
385158
805337
142532
699953
72535
178773
978013
281931
14216
528004
323133
973409
689768
885216
196064
255606
622177
347112
95236
162591
500999
97150
289335
626185
930481
79980
909272
798835
932937
832562
238501
218530
66185
478517
401154
968617
79383
307432
70474
486131
871394
769517
199159
227562
917597
448747
163249
566071
293825
945872
465746
584486
149062
107778
851238
972500
685654
782124
492275
829310
622627
161194
632217
759812
292372
664781
94484
368576
197850
693515
255647
928637
273249
952518
724403
954326
970915
791671
557422
683245
629782
369975
411022
351428
586886
567658
67548
603387
90301
612808
337701
827431
131550
370761
257443
824011
567441
724077
38139
329141
717464
632549
179680
382391
956864
9377
426709
869377
758772
108087
705743
636952
120300
884205
285496
301877
637634
360099
700496
907964
36453
470368
56622
842327
635110
653943
120165
167087
75632
855061
867074
298887
369365
560106
681265
388212
97667
88818
186494
956797
399327
722233
839371
197318
860389
687412
239373
759680
781345
460070
855147
307986
910503
408242
886564
47425
157158
843585
712006
399285
350074
604619
142281
700500
930895
686453
93641
7724
402156
655573
51103
538058
791203
617105
765402
124392
981396
177957
516191
229698
822809
248771
553498
906953
610833
450004
239392
996721
589900
204637
912547
3237
456784
435325
565969
198042
983430
844434
348553
666305
30844
938106
641494
529912
926201
462938
607510
807853
861232
207425
109197
9661
58825
495008
438733
392404
227193
303776
421819
386652
468059
951323
114179
946123
611322
203057
337259
509701
343659
627208
264261
518958
578903
759844
462719
454544
988951
517791
149524
975526
634232
315461
390949
507779
560925
881742
283810
918306
535300
122041
209122
634571
912865
714305
240339
501918
579494
467902
490891
665983
937572
583963
471357
436062
203760
194183
622625
420429
345916
334055
503537
12193
968704
943246
750302
2404
391674
428813
680432
242266
997629
670444
410635
234513
479913
785882
157693
391398
276045
729278
468520
150689
755542
331883
161351
175804
897841
449459
666974
101121
391237
689491
151490
656657
872710
862987
914306
123968
707256
731345
826865
101726
291841
479579
597137
106769
900968
50906
685982
235870
567344
96455
650484
145222
962379
203349
154525
282061
204477
889606
920059
7958
101710
195034
436494
864425
17195
881314
531555
607895
352347
131506
793754
675189
457497
809460
910418
70211
119442
711706
551155
385201
227947
367319
898871
438288
356159
495254
857634
605798
593990
949548
399535
876396
203330
117321
275600
570051
759829
753142
159243
840951
944372
614303
810626
436888
568315
989697
678541
304889
137563
651249
616835
129733
862766
197958
10456
979321
779883
312996
525856
4097
277109
534310
424370
790771
586894
18343
412770
837480
879021
634882
617952
680924
679411
33770
623700
450868
215506
324370
678516
736866
237771
695801
523742
860628
863603
685901
17177
937951
812267
777251
27864
764187
214146
809398
784770
222491
224597
26396
888161
57790
256478
762603
171949
593675
692048
25696
703010
490105
2678
26324
721524
624502
234551
563229
949856
504020
450170
613700
794334
110545
670886
520286
84147
547521
589314
129673
589346
473178
819772
986181
776130
636892
904005
582124
482027
999387
913113
991375
537994
394666
171996
828719
286229
557926
580832
213397
78616
991516
621315
347214
919469
73688
441270
672775
260681
660683
27672
209153
767987
657816
264384
643248
938513
460506
935350
995675
528598
719159
331504
726682
938794
68504
656967
409358
762841
213209
529534
835135
218061
704654
627332
651134
316018
961248
852525
179879
374897
522936
369480
249542
94835
469392
676495
753728
930141
358976
723185
216802
716074
17304
832379
19459
982372
816016
414243
749829
990487
638897
631802
798802
688391
451339
864227
790642
262394
876379
517139
469229
171574
615583
83506
792480
710851
583372
98077
769078
527966
533920
645355
104381
680006
482883
476427
810918
285491
347609
868105
929561
970534
52135
986095
83507
23899
199455
857416
98461
581532
544265
172992
724682
763056
604688
955149
961968
959399
368020
681492
705209
787542
798054
910405
897469
996325
166502
459443
234548
279395
48840
290749
270129
535507
490256
32643
640335
118196
228562
59334
481930
323116
400913
740763
431657
65872
815113
71244
47577
751826
155465
774859
932182
298248
268983
717652
280322
289237
512375
869854
226904
602422
263975
701117
665658
873835
94914
620823
348966
828223
948068
219584
29383
469558
676972
493685
39336
799613
140146
586755
536835
40351
70640
471736
398121
873668
589567
179353
304711
437284
558075
579426
271046
114057
329774
680966
504610
232103
358146
257508
857571
64481
736728
477789
869236
513323
718510
822028
261159
296979
702834
698221
396156
590295
911779
661039
578286
134553
753542
337135
753680
444319
557270
763398
448420
24152
724140
185124
183576
711181
296839
465138
982267
674497
843988
183053
223953
573249
239025
113002
268099
236906
870980
275907
815058
26331
914700
374299
226168
591500
217346
584223
946973
114680
836075
216488
829747
242166
709373
24286
282862
862054
571051
851126
983203
489542
13007
140379
288700
411492
504150
599086
71484
898520
522935
423205
642356
389359
251119
628144
328947
236789
303946
857869
387944
809197
916334
524322
770185
13879
892952
379570
837845
805139
784622
335083
125250
204162
183168
537563
556937
900557
594783
541507
510794
731999
770522
367300
714701
790418
810998
164917
177206
59513
782488
116403
690118
920107
494689
64517
323412
449192
822069
116793
8235
487470
963443
494882
83942
772783
575723
400165
74805
230132
987309
610912
13436
833806
939581
761784
534004
381858
100926
972359
909438
69661
413566
385878
692285
931383
478563
373594
300789
18675
475274
266040
861027
822817
719211
152031
935767
149564
52550
574760
944880
220532
578451
875559
789906
79868
304057
242986
489848
578113
265610
711598
107553
551105
458487
409320
904409
121872
177585
417149
136867
67423
127743
682358
421988
760611
167297
549221
155662
863631
968313
545672
440890
810011
591567
76169
936187
280563
206244
240412
316775
990117
542444
357039
706359
878938
7405
988943
651890
950277
511178
258745
137035
629457
586409
729745
417812
332969
162748
107728
397411
761599
679386
325605
913226
251619
668592
526022
9337
204893
906995
398058
635067
293367
845481
973018
89539
588411
943895
29401
169291
397993
232489
827898
325224
176347
714308
387701
753894
584156
9884
291179
909564
21851
167664
871533
526852
84553
19456
165649
761124
834946
960206
42704
425095
593806
870503
780896
512146
309506
489073
762074
346868
835954
177713
172538
600379
760963
458295
557443
962771
601245
274406
879936
909467
577216
872612
599012
268261
805742
56211
815882
397318
415592
991994
804648
603825
66537
606105
175546
671157
812638
614369
521874
378855
269497
385911
474741
622909
198344
876120
915859
724418
28220
448088
108001
898786
100822
525955
916885
719461
762221
433790
592697
610526
746531
820285
737127
795792
816905
675
531496
986402
423072
247209
802321
589812
128758
524806
93824
7793
118235
163506
522010
742579
306950
787770
628844
837415
819058
634860
955625
382545
881758
531673
966709
282577
170390
510947
760350
940147
300028
68812
973618
920917
983066
8386
180233
424191
526784
335213
814267
997355
361189
496112
80324
578436
950064
832602
766476
298245
117594
50298
755306
602823
242896
161437
162079
468964
939020
578589
640323
443801
889679
502929
811665
37767
948221
574754
309260
645396
993236
853565
295372
521071
104650
320292
678312
791344
254531
158816
411009
283997
288748
540881
147689
6729
943223
592357
835055
418646
181427
191847
193160
298652
711687
187055
952796
50722
151224
267946
313865
5122
694542
335384
587465
771960
808550
909147
1042
450613
639560
569151
106068
853787
162343
104467
391386
701665
645585
690677
882001
700972
721217
68086
809511
122951
546130
316879
140991
451150
897633
6174
215397
630228
30621
57154
342735
410256
887832
394326
315641
802490
304511
197917
996128
535139
614435
782756
529145
438859
107311
281407
456288
690788
391357
823725
892015
559082
940457
735230
267771
270725
721140
236752
961147
359970
106746
781004
258883
523983
882852
637489
356831
949022
483193
523326
99600
472241
530545
223652
115060
536792
802409
263728
2100
52572
663981
385709
922830
479283
565381
211885
934962
578987
687494
407800
936677
193103
524268
491271
680310
438707
315103
879708
152648
157853
324568
403836
687374
326864
935325
771723
442710
456822
175528
564674
752252
713961
410150
680719
767
525470
198363
529481
724080
773325
177410
382778
184655
653595
219069
359425
902780
345490
960700
870127
634228
771234
635475
447895
320396
124095
144044
444056
521225
202560
85799
674240
961822
816930
574562
313027
693937
316681
365199
110857
217032
96356
49584
77790
798096
386862
619698
734349
620554
349072
215715
643334
106642
248355
743058
428860
662286
842580
820290
91212
849071
315617
886346
905303
865447
812160
586380
654256
924135
224414
847120
235825
429395
998532
987388
457256
924037
97814
8946
776815
535099
701366
214041
748446
200837
369498
39112
574768
921609
833240
827676
829777
432234
712332
708614
328493
769052
788218
197637
384548
892739
326937
290264
494258
314735
705690
9691
922924
459843
919336
47480
150892
849676
116012
764737
871398
452292
484804
298445
178144
852738
609601
401362
867364
22477
35813
231332
899809
375747
886989
663171
255527
170555
116674
528542
359937
492936
107031
493706
416845
495041
691279
917883
82265
777449
887460
135336
8855
241442
545555
631947
268925
651007
227649
175812
708796
990711
448136
90845
498714
969140
194659
552488
225006
476299
338482
766597
252920
143943
951081
244992
646426
113822
860315
854359
160887
642373
109855
227992
477543
969631
439260
451689
121940
251984
130359
278882
883444
90481
115733
72163
180188
851471
335981
668252
226342
253362
281203
341523
53228
649455
569006
297459
32070
276710
106147
476271
995033
443657
420423
44233
416048
552321
947673
183883
962937
66697
19672
726042
42734
454799
590781
342533
565173
567556
592207
495862
983566
255016
737661
632028
215544
77994
38910
895394
48451
331157
654825
20696
890225
898252
946275
95875
236150
345954
78450
444285
88671
439512
946416
759050
934607
340404
487964
685817
232355
123578
365876
84535
206410
505660
84452
923842
474773
923779
619869
509693
565176
834111
403361
420425
841137
547976
303169
190090
685495
700167
692012
271486
310746
635866
754340
178685
621728
553565
102355
81885
376030
437845
661196
577901
165435
623920
146120
209258
459902
991250
457851
763659
730990
702610
341431
111412
54730
75852
4119
224601
392740
184114
341061
318526
288435
733684
83427
470317
172870
409762
698569
489960
326153
162115
422358
199766
912935
366742
210087
760009
960675
67302
864806
341627
817084
395578
875514
107952
199317
283100
6104
433820
129725
8074
172841
533823
113464
899604
110548
529794
315131
678483
153032
149892
594553
490791
711881
782611
826628
940882
444387
894664
698573
994317
493486
215962
723773
209231
416003
748721
136478
269097
877778
987042
470735
104080
728802
938821
707346
648053
98547
209728
432176
270729
940001
922972
592292
164603
217748
926148
806034
568583
411584
691971
753885
870698
565377
830596
499431
550056
241525
757217
929215
821034
24500
828826
792167
786367
663148
46946
916352
407555
216478
249810
607005
695407
166977
846976
651746
377515
612220
400663
746461
208589
639433
188179
550660
466899
839990
745411
406835
436457
385550
610311
649479
819054
333153
442298
775940
938695
769069
917584
858382
705296
891305
985560
620738
987180
286255
563360
19823
493117
541572
961207
489717
82223
650437
23309
348207
478895
487479
432640
408698
206922
229519
594416
46160
977587
663353
249312
907079
717573
373248
217882
26299
102947
570670
937379
763941
800922
912754
550015
510365
586636
385370
855213
642821
263420
894319
707931
699782
127529
210735
942295
439335
123429
865666
516995
95056
579165
545044
881956
849591
958675
702937
516086
816916
945159
187176
483926
423541
821128
419572
639932
730553
142433
13131
540541
198340
623452
945137
746748
412374
711430
47514
814445
484369
524974
392268
825843
300323
856514
291545
493135
405549
530965
143389
900768
880640
310839
990867
410310
858080
730004
934243
321438
676492
638241
196041
152636
275124
472034
821141
208776
446088
309003
88178
893996
153535
426282
243475
307080
904528
761674
390242
667131
768437
573790
463311
225647
441979
181018
388991
905863
534811
904366
652389
491318
670511
65274
298281
118734
429079
306008
863524
178574
395171
295159
184923
463814
287190
655896
628894
954824
706954
543227
923878
473977
313173
490732
810120
816558
8898
857917
976906
107530
120319
403803
495819
133567
87464
128871
10268
426781
777912
697177
198712
161611
300107
418369
719714
594963
727695
452969
627738
283606
229719
554427
959137
898619
743860
840152
458036
138145
692687
930655
421935
747397
601080
583333
280872
221990
253878
137489
253637
783760
613743
782211
649849
934849
220775
456991
760615
55532
120289
75351
253920
926828
826400
38149
260631
830791
984377
364093
840
884156
28752
743227
374746
207801
268543
362251
984884
957487
123119
598836
288190
865751
52803
116320
102885
282454
368757
491931
637387
450251
913758
866858
743262
789881
397012
596870
574796
545261
311220
254712
33098
426338
927170
615080
208279
907872
734235
973796
655831
436506
541814
288037
873643
216130
13263
497293
899530
516729
286267
445776
981422
608699
610110
686658
503384
772324
140553
717037
502182
194868
17341
80823
22875
748334
138949
777191
685249
675342
183790
433566
302981
890700
719367
745401
420002
321427
498110
583431
869523
131753
658326
960369
228447
370680
267583
537744
275140
255146
187089
156057
582404
925613
407973
744646
51798
848080
851433
82987
325089
733565
615931
945327
402263
359462
26831
432055
119112
63535
602629
741629
130168
956575
70632
468500
496662
359291
581696
307354
745319
786945
711876
950586
743234
337022
877484
512923
534644
532620
349093
63273
136771
79788
960670
780030
661520
951996
960000
633324
414806
758356
770938
784387
329401
188952
162357
437473
142775
613040
5413
740625
266219
162123
284640
75606
643870
823693
209132
986062
276766
228655
708696
673931
629927
528604
858332
86262
650334
232131
260394
487757
105047
992170
21469
500408
131077
834746
194810
312521
482006
239890
529771
340012
329984
406605
500816
412905
559640
804099
421446
101919
715168
146778
727039
964168
673415
575951
840921
546141
499236
576430
248255
76312
884356
398221
696300
262197
770403
866430
545165
364426
907154
673725
992315
792369
237207
841441
344424
87103
979986
797400
725054
621387
928855
23063
142195
158348
628618
189195
297515
596445
448378
181372
466044
316183
589236
632314
976591
875277
613554
271014
33245
380062
704689
254426
725657
70267
92768
843958
959021
326966
667700
419272
510620
307138
829336
411607
987078
35469
917570
543885
402186
720503
506145
185598
820229
815533
652211
902809
284665
957415
442866
262378
562186
747066
217006
930529
175578
844086
474979
611059
842608
255714
899740
355348
712328
626300
286117
69799
713093
304981
533221
519888
346039
650386
856451
259025
315341
38203
772953
904773
191811
184012
508084
860152
501688
278392
799779
218781
752027
165408
179330
902154
11482
803876
601684
821163
706617
648627
525039
897559
867737
164512
877565
990891
674585
833815
501191
212182
644881
495612
539176
924097
399744
43629
238419
678653
641728
549929
623578
31890
98136
967488
583237
262230
478999
393027
640835
626837
238711
97660
727180
470046
241233
647681
841790
883883
54354
494309
51229
646855
467231
543781
822268
555153
965230
654146
162219
750879
282752
312752
610814
762430
910270
883815
491381
488984
419247
497174
109901
537647
467156
86135
722338
257669
764769
780477
134591
349342
427160
340395
80836
188445
879299
635902
622963
55820
181325
381386
27863
193015
394237
503267
325393
632631
448498
739776
600012
388211
353383
213068
312420
726490
499405
63440
821560
890560
899449
366689
238038
669788
550207
463929
448187
345400
863192
842068
901855
725359
863411
200750
773875
21815
183423
588326
588106
291690
331769
146456
680372
134138
727796
789597
606018
204040
265947
820226
787959
287641
721718
264784
817917
475395
447806
659547
384470
436575
736526
462072
983669
984437
815590
132663
931249
479102
307376
164800
654293
697748
844127
461065
599892
835064
649776
679089
194778
45184
296595
7996
244349
169627
783138
39020
821010
413762
728143
237432
532508
755325
333853
981291
338336
906831
808325
159260
656212
134400
215353
929478
155637
811909
142468
85123
734392
699085
950288
365354
984490
869058
993409
495886
266202
293120
188577
676063
522290
312018
555173
777487
55782
818662
277518
767667
698743
523309
153572
746809
831332
587183
596944
220352
505709
548344
343914
257703
80155
911515
251201
919181
191270
142895
887947
158641
747268
830854
785130
370103
171086
453452
485428
399667
855584
414276
983514
483942
59487
349973
580497
543656
383993
984509
813563
460335
703673
27126
807130
28649
983064
635390
309474
699106
192603
455528
914544
348402
763643
885569
512808
92852
799408
81508
988990
85805
161628
977053
654116
169009
804670
42945
45413
532504
269537
937033
176632
960132
814201
211364
121382
252103
581470
742637
82066
183523
997372
351402
929129
783959
415320
683241
531394
50776
743370
686022
444556
667854
863629
424091
915979
669153
296055
129698
966333
619710
825816
97962
518286
544678
503845
33854
161880
314259
886352
502185
406352
439778
741271
456206
349924
67716
132313
893694
494697
469738
872516
277702
370298
43677
697977
909708
671690
732771
552638
147044
291794
305484
278923
261099
66658
995484
876898
736067
824281
434768
626645
481259
390192
389583
250027
300409
794288
606638
838941
792567
96580
609888
124475
311704
862761
269817
638956
418177
249309
114962
941545
358279
386377
784012
843621
508573
141501
839893
38128
755778
208389
34826
313631
802783
707747
585544
216941
971776
678363
179699
69079
133856
567636
345943
484701
507716
204570
634426
521802
433497
291168
558883
869059
312016
741520
265051
863230
973692
340150
331282
174244
15466
820515
16276
998482
74557
393241
998271
844991
365170
497921
701967
276275
750743
681434
307187
396327
118927
649449
213835
558127
231646
968681
580589
789884
378496
734496
567890
562108
314598
455565
275489
466972
443790
923838
589461
225261
438398
978174
210445
132956
950448
337724
21357
964580
724154
136054
487208
693921
588544
727094
385660
433140
526409
844592
943213
477623
788566
123192
564271
576066
67888
368564
269594
723837
334402
10675
528249
827527
442473
5025
431346
969516
462477
535148
13209
947064
893154
95320
476733
259525
503076
830875
279679
694030
793220
393874
320985
65366
529795
858368
478260
372363
986647
848870
628448
966396
518457
582603
398125
604968
601865
190363
608872
259057
500127
887212
825589
153328
918255
675035
239942
528290
216
58773
574709
248511
846281
949554
769796
312491
585424
244219
13870
725573
689153
381068
56361
141598
901567
35861
454715
822020
514538
777338
966710
167100
196261
537243
758674
727757
314434
640237
35941
573369
560141
300359
898049
447303
284210
834489
361962
708603
685579
461015
246578
149928
944458
897811
352308
506012
44736
879624
629609
449337
485640
916307
105898
157667
980754
408796
701954
658197
396431
963891
574383
984334
943030
332757
408758
167850
243634
474317
524512
134376
428087
264084
179702
303016
694176
995346
972282
954543
527561
810697
297930
253974
40458
458646
289324
622748
22164
702730
904075
30671
847991
544806
203913
69730
347623
633643
842173
506512
316537
558174
524059
13503
57256
627251
430158
381717
54361
372860
60481
388603
895089
90364
19019
320771
83089
811354
434484
588774
260015
205937
394728
67750
441732
88375
132754
311529
647439
438535
756904
654921
890681
963287
738004
309634
120037
1904
521303
134812
918887
785706
974403
958195
279636
100248
484002
634482
635921
145655
861971
243086
983260
513244
162643
762157
184567
315850
847377
816794
253892
203768
526565
637982
173585
873562
938485
320142
302850
129930
38320
203006
39325
320516
351652
404243
763250
743884
952381
108023
621925
184362
289627
866789
909722
384277
360334
182819
769531
111150
394801
670352
776232
344291
157856
907283
653628
521780
325463
149875
718904
992658
876904
298629
855587
282584
433856
765134
103715
213848
936493
906597
418084
229531
165241
552661
713526
143064
267372
960888
95521
32094
119284
493288
548623
556174
626203
97229
505159
945978
634456
252231
946644
998169
435841
705588
551556
354403
298334
132126
99212
654991
402648
937476
365095
422928
851908
952673
55556
989132
981090
959688
603628
423948
957495
332638
492292
634171
330104
303606
106420
332545
61858
552050
299734
191989
489162
243824
558360
232875
54776
409852
168631
844732
548115
707372
980760
862587
437223
508613
210668
431110
585071
440282
663177
650998
952918
114801
836518
661847
416561
542844
87889
870963
775269
535205
220825
919630
372219
520495
750500
89511
601950
421874
966561
174514
394834
42118
82985
588116
947677
452170
643136
977274
338723
223058
494458
419671
726287
310891
126586
776120
177325
300299
967446
605701
822998
227802
483414
121174
105794
144343
854492
565487
916929
539561
936989
604250
154757
79427
959885
5728
614679
499442
110489
774435
282730
389702
638286
716315
744269
648603
521751
662507
374713
760067
609443
527839
874634
160273
453669
124293
286155
689220
644853
58084
218090
292815
679188
367197
971275
431681
85261
492957
644472
688662
503862
493629
383605
892633
166070
165809
596084
668064
432132
463577
674262
48926
228679
966271
993769
832366
165656
751595
849812
215515
809948
614041
143529
831441
50422
257995
885986
540354
612602
860379
680326
54976
507125
768125
276801
3627
73402
824791
747129
618345
368637
23377
611800
701191
343719
98543
184574
996702
50791
129755
117562
140033
206600
810203
160789
58924
718720
261691
755556
622858
6547
461090
291181
531985
651524
48192
808820
389385
662071
66596
639393
852010
451048
283050
91727
399650
655234
59153
671283
888821
316573
362791
603327
74967
100461
786450
749077
310926
115366
180982
518410
340599
929997
384278
711774
676979
865904
84730
76823
92929
911683
336492
90136
884313
819871
876564
408901
497725
260926
868240
926736
19988
541383
710562
684002
880105
21853
643848
962901
764253
546094
984973
877663
271836
909194
425747
479667
621678
466637
268250
774492
722846
291114
368609
860273
6670
77648
969630
757013
832591
98676
351359
907469
74172
108535
326027
731331
447908
793909
243687
615702
97183
936873
723637
77148
647233
32320
493591
387381
506093
876281
904529
705229
951233
534901
22093
407981
986223
611488
395127
115070
961899
758524
368264
545820
638656
570439
830945
133523
5950
37129
445453
976761
412366
985897
866152
196774
844503
896032
451861
928279
712825
872270
803858
364291
390127
275014
179868
909741
915554
148911
319778
802281
633824
780745
651923
473010
776197
43469
676386
231770
32581
257203
525529
522844
565849
178381
756439
5837
593604
515985
285544
68337
346497
108660
319423
724650
956939
279345
409106
137420
65160
189032
597074
855820
125971
812388
326854
141782
240293
165237
313795
741501
32479
172540
432842
716173
706102
788158
978044
70395
83534
991168
454015
594886
835942
688553
451390
6001
254243
573199
495432
725000
707748
749208
405770
622973
955400
743407
466651
485131
342634
56329
38989
756384
685028
3590
110517
56176
651958
342703
106684
115058
786949
958522
736906
705379
358581
204604
530923
374755
528444
661333
850354
138284
323281
220217
155129
850095
703067
643078
776717
519653
211447
279278
570342
925437
995969
710018
547968
459285
553023
224594
996999
653203
819074
325281
645433
56578
209957
59861
475491
742857
989053
607291
474515
151867
4813
602515
559513
444662
457885
436082
515039
458580
86474
898647
96143
775566
391239
787164
989153
540474
818996
175304
278980
923701
536665
254401
41128
312603
448383
909023
305254
396147
687211
1499
651277
988712
503544
708966
937802
838322
51728
736918
214387
187348
38982
836720
689086
497235
174992
14278
995116
382605
416705
83587
986172
577498
607038
724570
298627
818013
329298
978699
697332
874139
389284
424258
80063
890529
312541
878585
351124
961447
573226
18616
369814
228628
25142
496955
556895
604921
67690
930189
754522
279487
202067
970560
982574
505134
190818
368903
610197
453468
111308
810352
436683
37488
791954
175936
856786
634220
323440
165425
877757
586930
584619
313520
616090
138451
155086
552110
632679
537837
965747
324400
326088
378232
139203
113453
398487
766301
65353
553463
84484
360302
861602
835329
149014
716230
529233
245393
529552
358974
351919
101635
264303
381961
702847
752375
706063
512109
628256
615448
143148
522783
540251
951818
786118
647452
249775
714910
419226
527230
694998
198110
719487
987073
409621
555112
649875
9362
137312
56067
550996
208612
412817
572374
202204
737719
103839
210521
191596
855582
125174
520408
615936
639217
547670
887038
633512
879835
717650
305464
844335
975614
358599
822181
395174
886195
868090
992107
888009
86414
854883
498193
228289
673822
761844
635797
642935
318397
507901
334557
591393
132807
367660
473861
953389
390692
24876
301835
527729
598553
391675
974517
427464
3274
697049
368866
370003
231888
569628
771115
646369
310707
97441
624501
411369
390813
797270
535860
829146
857681
229345
785624
164711
451036
544016
60574
150133
53674
780365
609029
178115
453578
145629
196704
635702
24670
394217
515738
600510
403307
763434
957466
458950
379536
562545
936769
821463
788692
666065
360848
861656
115562
61095
320744
538283
435794
36456
956220
659041
608762
796387
431705
79338
355424
317560
421232
138795
772951
944796
273148
911102
214556
465718
945722
557357
334571
175262
605819
589937
299554
64022
468140
200627
939039
5663
941376
828783
103670
769895
569724
180469
896143
996767
985183
850697
607323
320107
279019
585323
683057
213619
317012
824113
107657
533783
483588
754768
396563
588223
390857
195321
143605
639631
824220
481183
301216
468602
780559
965335
688462
874990
340050
642905
706650
675309
333537
819491
478971
714940
411790
148318
651188
365798
674839
57568
404597
149635
595214
804261
381370
48366
253133
824599
357704
285422
922448
961791
712769
240434
426756
167865
196182
244875
950935
57752
780757
433116
211669
485102
939148
253894
473524
819106
955495
289876
240821
739286
994538
257036
53427
996446
338578
483933
588612
600854
443599
78711
419036
920845
909985
174525
940014
325276
354595
414422
52540
648069
455450
9513
513349
36418
289737
824780
157404
585853
333614
520878
274067
113106
514189
519659
363867
324488
638087
415952
139174
368930
814787
750590
779421
650772
484219
831591
812859
649747
984032
498806
418436
645573
186155
755531
942630
24664
575298
855396
924458
442223
10691
637271
1623
510838
540335
691323
295140
151702
624182
108839
512727
117316
199771
222354
479998
637364
627651
159962
540745
240108
304608
317216
368194
974451
366900
880592
828971
106344
897861
926654
317235
734126
3484
320364
329684
419781
254905
893736
43724
877428
36310
357010
638901
152098
675286
894651
889475
428997
439050
509097
405594
482097
611872
166904
255882
120466
365097
119771
504232
665909
314501
228351
651978
129536
170798
119056
284126
936322
54813
618132
447847
271589
647964
343286
394966
939392
945833
563294
624065
23753
913796
424955
889858
592616
991766
157026
470383
249510
769534
637136
999985
811332
35513
48523
187139
45928
308524
783463
709577
980339
730705
31397
708490
979246
708412
620470
440716
416482
127709
90059
966
472164
416434
712149
604115
615797
78466
577989
554612
575334
377300
232794
273874
99079
464627
216107
282059
688663
344617
9754
103176
639166
470153
966609
924906
394295
662508
991243
133673
440477
819189
305663
948383
270066
241399
647409
648509
682144
425727
238806
747914
688054
490872
85957
939157
332909
94028
598335
672001
245778
109500
278454
384003
793462
235605
832857
589980
12554
64001
502397
354435
676884
900537
79529
230944
127884
854424
671422
610549
767957
955211
23873
54808
468123
11301
592455
303451
681221
351887
21564
345932
112855
138204
526991
312919
696040
424891
132285
509642
41274
748230
90041
284017
495931
739831
719733
46432
766103
985401
453776
659599
518584
873628
636636
300767
675483
385315
576074
110011
921040
53688
948725
406170
963022
151168
617991
65504
487088
842952
961292
789668
890320
48286
43089
447821
517631
28989
488824
908821
422814
246624
806108
641071
378012
180983
86107
638853
323724
89143
394052
791258
244065
599948
123102
480783
960969
809555
800577
121188
322241
972280
233376
170575
59834
403385
192947
257167
629926
646308
98803
996111
682516
26298
438549
626527
414833
320174
1792
338661
398248
337181
78413
734414
427693
876496
794078
226399
843814
721438
411224
956329
959670
484846
841150
572006
387099
405611
711730
497714
394672
189292
742219
955666
58359
687768
721107
263485
33356
435505
571946
112678
837671
387330
467604
818079
636003
597684
908827
227806
174469
290361
169510
94141
735751
79435
691605
957116
987624
510353
582686
457179
411479
370525
329565
434519
208743
338485
21143
19422
739647
968859
770052
580717
879496
355652
453409
466745
189553
203420
74189
313624
754870
120923
86899
625047
346844
815629
88121
658616
346551
169297
709653
312697
788373
808009
243151
470410
464991
619452
328434
477209
612127
329335
555729
364604
807872
999224
237287
257937
912389
131318
397093
999201
270512
680050
603407
753677
36837
679991
525155
671703
488878
730670
931571
964810
870168
140576
752980
982151
868602
161864
946991
562286
169109
933332
576501
448805
732119
796216
471343
212424
663610
227439
894259
17645
116873
143824
320306
506066
469699
460041
762479
396582
635672
498554
3338
101681
676368
841776
930234
549728
127691
79612
914778
92401
107491
244144
505114
449911
979629
610869
402454
172938
469471
663372
366787
455247
750219
265695
585798
969120
284746
919619
841567
243095
489012
430541
768770
191100
350923
164110
923206
129672
24055
109740
421622
274134
418092
548510
889542
139301
967592
15683
249375
848588
971032
609504
867035
69307
78682
984116
884301
410409
543645
850362
284919
646368
924901
10555
737119
842593
747307
1165
604091
556852
464161
829547
444809
440275
431026
437179
257956
474486
673104
473545
293055
837374
640804
292633
100835
891019
380131
326498
397057
260603
963890
955792
509335
403492
505939
11606
870209
322909
143000
793966
26959
292629
885590
79422
612865
1344
563304
686934
809250
451691
339421
31510
109886
859825
371903
850989
970240
674310
404353
762364
343149
429360
184516
638488
506039
120342
700742
218159
814143
702769
886951
219202
533290
155743
370649
282192
697822
795876
117779
953754
37204
906851
853616
677686
184320
221881
900672
863991
384719
978257
113625
781000
524706
469485
825273
158062
520602
257914
71126
203776
358354
36879
674925
436702
191555
693133
410115
703220
55090
28698
527573
640361
747347
274842
406946
274644
209342
317689
4606
969409
785019
578739
265298
304399
504721
936063
32314
295015
863804
116889
391884
869721
764540
22379
41592
899028
65930
406743
561611
38210
284646
574691
368590
852670
513035
382402
827531
138227
171268
265147
876015
559570
939161
349816
691723
310127
546657
898670
964661
799865
271995
728035
704459
659860
849816
347297
95703
810261
860591
967029
785870
542617
398451
73410
179043
599724
739801
654031
221462
517874
248133
188119
641782
423245
214705
71650
83887
749997
752237
647908
58812
776809
763105
588247
995137
576229
411885
698228
224567
601820
75697
912269
657089
186600
391690
753950
478283
560815
507006
437368
559440
373348
791461
429465
406051
602026
959293
399090
919560
696189
684226
586481
896886
446139
668075
716830
106949
233280
179927
557618
138801
867291
387218
18857
559616
710548
494578
578194
545325
787215
659651
502321
73495
815442
599183
364080
193513
324824
951825
829112
712287
49861
427532
362727
405326
364957
291325
181972
735653
813404
952232
976697
720083
636276
495821
942010
265285
232353
936570
954646
275789
607722
920954
492137
807774
962550
125611
539355
163892
769415
997229
29801
846417
646296
473655
271566
317537
192079
552643
114317
617791
595231
808553
230750
295312
307902
835082
873075
568781
713405
845923
618079
269961
990849
694016
250019
759763
518503
446157
536353
259355
345382
133928
24643
217791
53842
290427
442480
851196
262687
91208
859343
118586
490430
114990
640987
256762
392624
631214
56363
214764
963658
756416
919069
136297
140666
497037
698505
88216
12830
178530
408138
71193
120425
264169
454080
751571
436459
209021
114788
443904
206877
395342
689743
93344
313249
1448
518603
825775
282648
43232
599858
850596
625680
261081
71029
881219
722907
456051
315897
502495
334203
661778
996123
974640
205305
318598
334868
672012
164692
170012
931704
164421
543895
18432
512089
979680
200835
234637
520904
390765
466348
759163
136328
559456
288068
312202
85482
934401
752283
620564
314156
80244
250665
149502
897434
250802
550045
154459
942512
877032
290676
326827
434506
513902
657199
93477
373844
352394
555529
495212
740315
313033
615232
354576
594589
167661
695877
223237
97076
120013
770611
816399
765084
384472
76844
407322
447715
968378
467730
344166
756460
889815
343199
562143
35551
478772
828514
552330
322033
812085
628311
539612
993867
856065
487969
227493
239193
599169
493990
138537
588914
359624
434055
953551
594847
479821
679291
368115
18570
403
561799
460822
692805
856937
820316
300533
178099
954829
670989
145335
539159
293164
525887
144325
906494
274018
664940
797739
689634
794866
765257
321385
659005
507897
320742
449599
280601
267400
300171
564560
555118
14275
499453
217010
191866
442591
887170
77166
754811
399636
572696
161370
12563
473082
20908
343051
833673
188303
922382
614564
946734
775060
209128
781712
950756
592021
968731
350154
249871
112966
856759
455321
371612
761417
897943
598106
171369
312205
261527
61941
774480
248464
311732
547250
651731
957764
30014
523108
89061
973584
613628
126083
66157
800348
667224
153550
643825
105109
862225
924053
23657
646427
79668
222915
82718
857150
608816
30706
897594
105568
755343
931979
362564
328209
957576
320428
558088
879305
205490
97780
286034
443713
782162
573678
566168
207022
740565
590743
265591
322907
670041
927757
910934
402913
826341
344535
800167
508102
228282
504843
221900
562096
815041
831712
831062
470532
526243
584209
234344
28064
596727
839593
42490
695921
186838
676849
625017
457905
175051
664692
894156
438656
67943
154348
126642
691057
567371
465287
73027
334394
864999
579686
477723
69581
24514
642151
877090
845381
960373
716041
962007
971194
257337
276075
571219
872146
153077
562490
731967
430489
827860
280666
906239
836132
936354
303589
19675
968916
501091
48393
809973
966074
135979
36406
831930
587814
603358
639997
726452
730190
919056
127875
274876
988504
961825
96333
942213
189038
712668
668788
988857
129842
528892
930212
811755
185032
214283
440743
662942
642091
543150
688056
447489
993940
386889
704768
983453
932970
3570
936847
73247
678967
625913
57211
193546
800316
744521
309099
306671
879753
796874
628217
156188
464691
354761
227747
88985
245043
651357
592127
867563
578646
869835
426943
16900
323528
730685
564931
827309
818716
158984
194002
223505
404705
228909
672199
146668
471019
70460
351859
636733
229890
556583
640937
747634
233098
17281
338294
897906
429252
821208
765934
438918
83181
627435
890913
492069
904324
410505
197549
734618
110633
996809
12333
782164
833761
806368
241999
226122
603574
745378
523524
178505
584507
535704
837200
296219
940781
384122
374721
663894
370997
923785
193340
593854
856715
766027
136562
647703
931764
494756
921714
51276
674476
390542
1817
333493
706590
38325
523556
756105
341263
874546
353766
492064
227035
982177
793493
759458
217240
863649
860734
311954
50519
939943
98457
589553
447881
544703
417911
707600
280637
922529
942551
708470
139015
486124
748905
162493
78017
793802
152157
889947
508351
777694
571254
750342
630102
907323
703164
418285
751818
857713
925786
861196
576198
982728
673427
101850
441779
728450
54595
298515
222112
550155
785120
284913
466788
692385
973401
243908
341946
105340
654557
928366
646913
997087
214219
39047
181019
320658
489866
872415
630500
693048
549627
321039
602968
507957
415729
105
496418
704297
56912
603153
376514
939609
559809
947365
494041
484911
391375
811476
85784
99745
787228
803251
126475
389972
277245
878645
671466
861684
96267
13602
121600
91480
840432
525931
98519
328672
975203
831059
962090
4397
398604
952216
679520
334586
358397
697290
332792
442248
854239
463441
379038
941292
656896
819181
246789
482977
990717
544472
255133
415802
302281
894257
823856
393052
732241
333473
476185
105914
228518
680951
847354
649822
981120
218419
269699
465047
717800
954200
536208
194253
766761
195809
102046
296874
476530
387447
56615
343170
350488
419694
718668
87603
283676
690194
291010
367051
449185
301658
511686
371913
292986
521133
198068
64171
914388
846433
999993
674546
514254
798362
415381
359103
85567
225190
167854
632066
208999
225163
389178
373165
140448
866796
533916
942748
800494
776486
133305
467670
829237
938865
253099
285722
543487
827554
714517
854828
201004
242352
841754
835510
333834
899159
849540
837519
361928
701041
206038
320598
25466
390393
991364
306933
71824
95325
64075
155673
136834
775561
91899
513167
809829
355470
518101
394872
735072
841199
81295
263785
964280
217224
887540
655009
478534
566876
367208
956775
81803
330233
4681
594624
999194
863946
647218
738250
484019
505721
304281
4728
340720
62271
666136
847979
514776
728841
486089
718505
874322
316808
937546
502076
886515
491158
767391
268202
46648
618880
212151
296460
261775
918836
666183
250445
947280
236680
273619
627265
727369
318180
649419
145055
120694
785678
234578
275037
154832
484944
955097
297446
963964
648840
590122
907643
983780
126156
159105
673827
607735
59732
250832
880213
24308
651088
291808
542503
743692
372140
63318
64467
998661
515233
628631
219563
990924
57400
554255
665240
851435
842628
834339
700131
365140
306168
575694
650335
150653
705698
262860
559991
646052
463752
595182
939920
327092
612381
377678
848090
686528
832544
254429
218168
80236
44562
159768
271689
63531
824473
592723
413538
856022
56202
616844
343980
46664
515124
753284
58487
527803
875954
888971
433608
40793
636587
144905
881055
298070
936852
877155
241097
181436
635230
309650
572477
898036
442167
53666
173937
760565
243191
158293
711167
732059
344430
875410
413697
433572
791020
485988
247428
788324
104317
975912
443349
207375
12715
895156
852396
281849
171084
892819
212103
713692
376934
162703
101346
286967
122831
546728
358761
683162
4083
946033
683537
737012
339400
684508
195562
611308
110640
803854
629093
857358
847757
527287
557048
68714
491195
92284
915516
513295
227850
554173
191991
872138
772570
24360
135494
582413
349584
969960
907687
100331
196274
55163
776097
83072
452645
179600
950126
247936
765425
504081
243778
465484
785926
53574
360884
691098
233942
19206
979277
369153
701156
215331
106099
232842
895003
160768
493244
265272
410707
883041
979734
815357
389906
739418
698155
769721
191042
422679
972328
712178
365850
335869
286329
333640
526252
670766
36711
685696
8843
350443
215564
537212
743639
347631
793931
37607
220300
302272
19293
590545
225592
417137
623567
918296
694758
914798
121125
984115
343626
445435
29525
556150
629219
991081
13696
502560
626684
37173
178492
408000
413966
632189
680716
195908
718787
306528
709681
30303
625877
142321
594585
631126
394517
47254
623926
668328
412424
564675
512426
991768
582508
11407
47070
97688
731952
18738
56148
729473
827160
564367
810712
387928
52267
830424
38942
556177
993307
33086
434360
552639
113058
868059
185371
941430
159157
222628
901374
116109
997988
717408
398390
763537
257076
444224
29601
540579
468259
152828
980102
840039
641186
698714
51172
336307
121015
997668
814
293863
454700
319236
537327
697682
149586
845363
765982
868273
737937
36301
6667
127685
285169
268351
158527
577488
505805
904449
824620
908745
471808
988277
869063
65515
179744
264382
406112
703897
413447
767765
244041
955477
868340
286289
954128
203286
33882
370610
192954
641796
724240
963601
13763
48555
319609
629969
845071
971771
112709
499973
90040
909561
561744
730718
221383
31848
962831
207484
781898
484780
34623
395855
494973
152335
190122
834610
438546
9212
695829
762444
714880
633236
120044
580875
590254
139794
166906
854354
831610
421328
348931
165134
171110
460451
576385
541478
830816
495354
805649
900844
38850
751610
550465
323312
945892
847410
254909
909403
387560
987565
630284
451123
888506
89579
592506
769967
387292
51044
161021
927815
147770
301007
389817
557073
818755
889238
711530
187310
82898
941793
129393
647789
444697
499939
225185
599318
490429
204006
767938
704398
204029
752018
691879
68108
587781
526130
299533
736456
644985
548109
774078
131006
252136
782528
688825
388953
453274
911411
362988
515889
662350
738578
449329
588602
953796
778633
316255
809629
998885
22126
713997
127971
218192
245631
438501
824270
798466
50176
222496
890209
123143
480483
27872
45349
254163
880950
721652
799204
706454
626077
807236
245944
21267
338453
791753
463631
304738
942636
575034
22286
297041
921085
599171
656227
425893
857799
385813
988070
88190
834154
412951
108330
327960
775357
623802
197414
809773
955470
268842
108027
257464
614135
344800
985058
856597
96089
821972
254068
404421
537976
700628
901389
850931
102524
917821
297310
689187
301070
614654
601801
878984
765477
364896
999245
952606
558452
796694
730687
447124
750400
328975
783623
234624
10493
778258
135647
696487
696789
178979
138731
923463
962882
504638
909842
5292
202621
688836
197231
431061
484144
221534
218223
248337
438880
22914
255499
442913
630647
884111
370105
496446
905670
184429
843183
152094
206006
122141
335798
619656
445796
370366
458273
416279
175190
261623
213176
638805
521050
923026
461633
761104
372662
858884
824982
291908
219478
439132
633228
315017
138697
437288
161610
426417
290503
975114
11341
715421
488847
889245
163910
676476
855822
62464
572446
153697
497019
763200
60761
647040
475878
199256
828678
112978
510681
59193
907410
102177
350770
667289
563603
412331
19739
598201
733951
544235
339426
537982
164077
640160
249106
314127
429832
58496
204265
568528
100699
463262
874694
330451
807198
399355
241620
449849
977782
629271
37535
9563
288601
906330
708651
803049
163345
397660
382481
613600
917848
903404
100191
181342
617091
197101
875859
728012
413338
785430
193146
739881
974202
597466
916942
559567
754799
279694
141910
685120
645641
781255
533988
32712
871360
311897
955772
59625
417569
904508
353480
7132
52284
887993
252934
328948
140376
812821
5960
126328
965721
989088
284529
967126
991501
62899
995852
877367
368149
23577
135304
679598
501422
248266
407892
485129
289435
576467
858771
890122
968241
576657
564220
375600
624126
919515
353681
143086
485399
679616
730682
953021
158141
328614
393150
837005
232977
586077
33942
548932
289740
846286
372418
173698
206029
798003
828246
288941
455467
711175
366203
909840
986639
512028
262398
413240
976130
911685
448766
587388
372864
887724
553756
331294
379893
434690
651582
15754
640087
103697
569472
565947
642285
193529
323645
891301
591753
279077
854029
661399
746149
622324
653084
533477
61362
808940
209277
35649
883440
947209
52393
365870
968107
263673
710723
677006
204266
432141
463330
946453
777615
649861
142241
426990
135566
598781
590102
216299
692967
431376
145178
849570
608399
112644
482927
757988
123291
9491
823550
293912
771096
297752
551864
226867
94903
204627
456159
480149
387109
657240
285597
122563
161114
447506
379517
248455
426064
91260
769041
945026
946221
508746
943325
50994
984146
713533
990690
360745
424465
64668
939741
619426
696865
794879
411196
668994
151362
449096
722647
574096
611261
548206
729326
635763
887206
235640
914324
690418
961565
241640
368255
848314
906657
567381
816686
46398
240204
408342
259959
359865
839727
595098
469804
866895
1930
215765
673449
643537
514152
478229
750973
453792
64853
242867
174579
669673
285949
445476
234766
297699
596847
506554
687077
244218
394809
679851
185625
578788
62716
655280
249326
969732
613718
338361
23331
564098
307582
973328
43952
123802
515601
510142
347887
181345
974154
787933
657111
715350
345361
337148
536226
136481
644906
38440
630417
507371
987214
119197
219270
440025
55319
772553
348110
599782
249940
547129
306882
673499
455932
339747
293954
469678
820672
647887
389154
565493
794233
823266
180961
669189
767233
769032
487124
372267
362269
255101
588258
302470
273688
423033
374507
776182
309821
986023
331223
974495
839055
629099
976405
104086
670956
137334
899941
640354
138973
158116
220548
569844
670701
657182
221113
135508
538503
244630
88269
492653
844797
784033
356186
908017
709221
374572
699516
816234
763614
789157
607664
816006
220045
333663
682961
613767
557190
687212
388612
361026
231789
132999
623005
909172
312828
977173
606943
895157
7549
645995
164550
867598
955323
772192
256881
285455
334426
805269
878361
811712
825325
465544
820927
580774
956080
986390
215990
772517
386274
235516
311972
862906
762833
315093
961693
197072
866109
469824
571677
438065
244460
55520
84002
486489
631817
47293
425252
860391
207290
433671
503218
777837
652413
549610
884966
159677
815583
982869
472135
674743
790887
920605
421486
538179
818042
934123
683703
211778
482062
385249
470254
674467
636975
751473
607262
612305
995928
468349
641816
367739
323759
516419
793133
735260
748368
935803
404174
788409
290480
197151
194986
472705
270477
565908
84591
687220
412086
925591
199533
263638
862711
29381
147992
691023
851692
170439
141036
56738
800758
678168
387819
974280
642572
910388
970434
96104
380585
995294
820042
418294
190371
358158
198314
28133
912156
855606
787865
638538
129617
143856
356673
490255
256336
910150
511551
357776
899398
470685
212487
567765
676150
677182
736805
419436
111750
688194
722718
269475
324212
695962
857525
384223
879269
318393
115913
870684
376798
389470
783643
943874
554636
5633
783470
825120
292157
16665
539399
966535
762417
510728
537670
773259
502756
13609
524413
717539
632677
9504
641525
409698
310515
603402
377915
224210
765805
300731
657879
932992
225434
851952
278122
809087
742040
884099
206259
225173
484234
710577
234109
185271
511816
545082
754430
28252
493198
437732
716938
392315
95923
937712
998699
433641
881226
737894
282383
329592
381653
804812
779215
401210
941480
929648
353564
490019
423068
395429
212104
645580
780140
863882
391406
401455
621381
57984
246817
487538
883151
731115
907460
924721
511529
986025
71739
324530
329837
166819
197200
578111
94911
397312
739294
531454
636834
562062
976115
63790
682727
443212
982545
479424
579264
506257
325007
592016
542642
43101
616861
49854
625001
208635
339941
38829
211685
580559
624588
943576
894994
753857
282839
446220
895606
145542
405099
424774
428932
903880
664364
159529
232845
862578
669767
974492
151510
688025
120204
843390
251396
772682
919987
377543
173364
750636
829248
562684
936999
749138
647232
733646
716507
575136
226995
568400
110550
165124
923219
901209
966846
457843
618720
978076
45038
594835
303186
275857
418491
7023
502029
853824
431034
615432
125087
874485
978164
988346
322097
424052
724837
769213
978089
939594
278897
553286
605536
608062
625508
325453
44923
790759
378788
914602
633576
942679
215158
425753
242997
283305
812124
21394
40617
816546
727168
959451
481008
456133
693431
220832
529726
765732
449213
11427
194409
907574
77455
724055
45412
486571
78608
813104
976686
334134
150612
698434
981180
123836
974303
542918
644760
625975
761505
327171
478774
901885
468392
98779
269790
73148
352014
947739
896030
421181
539366
260722
289411
274562
471144
893881
645201
299579
406841
716962
630772
901152
162334
553991
259325
91301
645900
18450
405290
830630
838671
937442
788375
912843
552767
690687
133900
703942
946208
561063
504928
865465
363804
150087
581000
888629
757525
726725
566400
57758
633194
302138
992020
462442
889096
739005
352843
357256
65002
993178
673073
874013
85934
910178
979136
997545
164949
732188
850282
812680
745815
991193
703750
53909
303201
800358
806164
755817
53100
726234
289537
372667
197262
52430
240638
487665
377388
542390
885189
571468
532832
747776
567430
855746
179116
461634
647066
251510
653912
30877
971142
496919
324707
814045
626134
985508
153058
452993
620930
176314
202961
816138
59747
365206
753343
461869
804376
895666
534592
469128
715240
682122
878919
259934
451780
145107
738883
790006
421814
456856
127140
765684
637618
36139
919477
984102
572514
223401
420778
956252
630363
447119
708667
442466
600081
138319
284485
738931
696862
95794
205812
511236
797953
450133
212141
85733
185448
507835
715345
270081
893600
413906
486208
649118
393165
226067
985968
908725
700270
670660
863769
88954
756188
419364
129561
701677
679350
537070
316801
483292
613386
998050
160538
609660
328236
930990
171465
543776
140969
830329
370253
758228
302614
881613
303780
34329
429953
207070
731469
803708
515081
34363
111465
712661
430090
992592
453371
224153
946096
103957
288974
809501
792749
608343
354294
245893
904289
852718
725299
653062
136967
60065
497151
954774
884750
52420
934611
866916
685307
972000
955857
667009
832567
660141
778036
812871
440475
456730
660009
462775
917662
160042
64070
260833
868568
161720
112619
608508
6322
228635
625588
46677
75693
82724
368536
913380
458827
991428
509921
483259
159051
247176
728984
879403
622795
301932
337369
721209
57563
317935
373647
667836
75127
186029
461483
855193
679685
904794
332116
756694
345586
654583
304859
353632
130043
927729
292166
515063
664392
736470
470345
132538
528946
95668
357267
197514
427622
362448
149891
587294
848161
716672
121275
775451
349670
529421
681293
664512
595017
217663
351193
541265
275803
705683
632330
749599
932414
134534
977524
434567
131154
313859
928378
416949
481482
213601
865013
148106
7037
83281
500272
867648
299399
545656
624196
811597
16554
985998
124172
460067
431027
303829
848473
121019
621940
123190
167058
416365
196716
835463
364634
19887
750599
336063
499076
390687
612962
533616
438731
567182
736595
454946
659357
924980
945179
978927
186273
252306
689335
947985
278645
486755
480024
735833
407628
366685
348163
883422
513940
552938
650981
578608
70012
237701
152962
864379
407627
678671
960956
370749
242749
33317
770775
884465
328959
993526
238377
184049
299485
724376
29417
75535
137453
516320
418489
835050
719343
461400
56527
16016
864965
621946
102802
673652
44180
154306
563821
278831
190147
382145
712002
966669
708715
571797
980613
862566
622132
440788
340310
585651
705306
282929
648503
636927
449848
954836
938994
510148
112683
618710
659843
671792
216248
957406
571612
3690
790043
105038
152405
236607
580213
568989
95809
985987
351222
717518
978799
383175
711463
178847
550544
264122
476031
978235
72954
735101
464404
860401
978116
460541
881846
526787
684519
762350
458917
661531
79276
569626
32686
417950
556230
938001
196772
389909
588481
371778
166041
376611
254529
732661
665163
601231
478884
739556
591146
646788
364444
398646
404066
42025
88846
616348
482169
855650
272104
37176
350201
925448
727749
900648
326101
979186
300486
904799
242617
788830
962716
339082
589321
851613
374482
759931
468759
380505
919513
777707
170780
567702
839889
968205
465618
342367
499472
615135
706194
470778
102962
296555
188357
312943
575100
889940
28165
815582
562869
268361
935115
714663
872875
730470
282157
870688
277781
82961
982165
874758
476560
241244
843363
844035
686257
251011
126792
24727
51223
635334
901574
258531
100269
7765
259469
683261
42231
376848
520507
277582
502989
100175
303363
716611
881551
273039
185409
470717
300946
400546
103205
308270
130999
95487
519414
451196
206005
508176
333354
990976
548915
167327
619025
479303
885256
741154
145216
354058
975247
503329
515206
170069
519438
684793
91162
590855
70837
792992
441251
857144
239004
512908
517348
586430
908073
162894
731328
836427
357861
561848
749317
320455
785191
728457
295735
828483
549344
116021
380854
72346
69261
157783
451084
600754
798166
144258
211157
270050
168006
828533
392075
851496
207596
549933
737133
281786
383635
329228
292107
228369
221782
314546
63403
242569
606611
975855
765988
976678
93553
724929
996268
66124
945674
789651
624471
591620
888354
743078
588632
70461
899729
27956
780973
751716
654087
258925
351804
128229
725379
564262
192651
508412
111692
615672
972735
715051
739967
253449
601008
206342
881058
920037
274476
363415
561919
220017
39440
917542
687337
594997
800296
317999
444672
924984
835877
162978
834882
730695
42621
896553
129136
309896
946399
904532
904347
334739
794513
479994
396874
434464
25452
707519
952744
253531
803448
443115
419782
880071
677197
320224
487301
272770
805045
58364
17520
438112
676541
829505
940726
451454
638516
250008
515490
402685
487314
204726
808296
291423
701839
187696
80584
634953
384709
803723
535231
931161
746244
168427
321817
90754
965084
319968
915651
189694
105403
324395
605324
383792
508149
120350
831821
120049
99398
998188
26089
371525
404396
539820
947017
764572
918463
508695
699726
725283
167986
177628
605406
302694
682040
859040
304032
319392
257475
455189
787778
619175
258038
275383
625818
367133
547228
158399
608136
894820
395200
684062
222139
940546
872142
174318
21890
811113
170082
900048
371765
464756
685217
231934
314527
430967
935996
510534
40888
173800
411181
886679
595864
655957
494210
361459
486547
435086
125645
980368
687392
416462
427060
913997
582351
170775
535488
930711
863146
609643
848533
255025
244790
500516
728124
135843
649113
304241
453212
230913
18581
20653
229704
368534
823858
933469
370738
919662
763899
152774
468092
103485
205214
769897
884911
34799
566135
352348
401477
850317
963430
497031
322272
572552
690460
845559
285726
912294
708085
112994
509892
503366
97023
151096
514519
941073
103962
468258
853385
773119
146551
855897
947344
474243
597762
856230
97555
402581
543388
314418
782014
252698
912577
401161
806070
23089
290569
169519
544742
186972
982154
539231
145846
376585
710234
856540
760925
380541
482546
531894
40973
949660
426414
20188
80653
546391
60721
48472
855013
866482
903333
184491
102386
692976
484640
572997
424729
990302
543202
559585
83224
707514
95611
786939
769336
844990
879241
295983
58527
416588
224415
35759
844802
812663
155586
390817
114807
129771
381261
603347
922088
39355
717300
129564
86116
258181
942821
129924
101386
955039
474234
110834
689866
477325
349336
509553
495427
176609
846195
790469
179105
972650
566788
39255
573117
216081
734197
727355
77292
889632
710947
661229
820824
60247
941836
783733
138813
485532
618519
881382
161086
462478
423546
213056
613025
905914
534475
374133
553262
655590
411623
718601
878815
682187
910713
194834
293956
36321
240168
971999
858038
877842
676575
527285
556981
686672
223093
564321
386434
609482
744601
214929
387993
374597
358429
242580
803714
104205
589114
793410
580980
798683
731405
297533
372648
153544
208471
918985
913321
645176
483485
135366
866113
730019
559110
246867
324545
459015
70479
827719
997842
527688
617006
974535
431094
37289
835152
552995
928212
297997
144323
459702
310096
978630
510949
508745
738658
578157
653209
130458
20142
489393
71906
819393
375070
254563
676752
269275
607342
777826
711638
849064
887908
103220
901299
818569
247765
299896
390454
468307
876521
395371
169448
544838
283020
732130
882355
307135
302072
200645
264870
300562
381964
455443
719942
608238
831029
318874
561851
225583
406376
241043
979371
553472
377803
504535
24228
279403
3507
615426
633011
712319
216072
302883
416018
70173
514757
394268
947935
979420
649053
866917
498212
391799
773623
159998
193916
784280
407071
252915
321837
425313
222914
298746
377504
746672
919615
768129
590571
657634
145478
109575
768572
734009
628491
699784
787102
628888
426086
939792
216811
985579
316170
963185
219791
564003
846368
842192
690612
477215
949311
715865
254415
871590
794506
988819
525767
526737
553383
420173
995325
563142
580311
337784
403260
887262
295671
801743
478335
676392
390162
887856
416857
123399
523489
419086
191557
85920
708864
268618
618796
112269
77489
389642
585371
962048
786170
821288
351506
299938
394573
943060
736770
735307
592328
333045
322461
298684
651753
735601
225050
360309
570081
433948
655445
729013
96129
395962
209300
51281
725427
473957
437534
654080
643730
651875
425398
337653
259129
635991
305476
611844
584165
143610
913397
685308
712730
963800
900397
94429
382187
854801
52580
314406
984488
540858
957722
600397
284580
587960
348104
588641
7212
856261
402376
453851
966690
101185
476486
92270
574148
951393
953846
911012
637971
764328
527191
677855
647861
157407
493292
6303
130354
786993
70213
807921
79768
802021
559478
442677
509631
44792
853481
373642
673063
836630
116504
51133
543797
356402
791673
669501
336783
412519
156100
655153
571898
563039
847544
21399
350757
587996
928898
890976
610481
771840
964075
347349
923305
882240
930914
244884
586848
480376
992545
693113
791462
423001
121112
104166
930941
727375
122534
74463
798043
221883
945015
201533
989334
914970
51489
162195
189808
478536
886720
217848
401820
813643
904595
541755
30704
13278
345604
585411
154394
783749
814856
705065
568832
922390
502760
3371
370917
783971
782631
558935
884090
638217
992198
395137
616311
53369
952254
711916
733412
797237
321369
364828
201604
978616
721582
758409
13086
535475
412791
993007
661929
952305
31824
772482
785235
205775
974591
440814
964824
79354
325086
575799
805196
145129
183844
336389
526850
71289
890837
923275
662436
661802
594054
421898
756135
801110
860879
169686
153284
70863
441695
503362
292832
695187
879019
335914
225037
666478
678015
896414
197865
501613
464629
395942
347812
187706
353858
609143
543136
886809
538861
880240
499505
755454
550044
156113
728259
396296
457991
557817
216923
249310
330829
938841
850358
222501
636005
588795
749389
787995
428781
162217
568442
378131
814686
214907
416436
450509
157985
222081
776694
876465
840442
149512
495295
282664
337507
873293
697522
901911
772084
7676
145373
751609
725949
353942
169560
90166
525176
805826
414760
225358
716931
800495
528640
37750
539971
636586
339221
745024
181703
319666
761406
296350
203762
241754
120338
906285
867061
14099
116326
660291
670689
415189
870605
463659
132773
560160
526381
564105
488060
879973
901646
843593
933421
715053
690015
204890
354754
112303
378642
128915
159605
105557
193822
491133
734833
337904
594212
297970
881117
933193
498487
714666
116181
502070
654712
331253
279190
431617
542391
5475
363936
610905
968675
938552
989113
10900
441348
405193
459674
557753
943624
434130
824162
523275
929290
744923
668415
2869
305635
539722
214614
640131
879803
129118
516169
952949
87119
11197
85718
605206
603066
872380
894888
920170
755356
461077
990538
928884
980054
716423
90550
23201
418353
902411
221516
554004
127710
244254
481423
956568
163343
242472
411514
284070
189367
885917
894484
19260
55376
912220
354355
476289
228420
459137
179961
98028
569907
810264
854997
709383
276944
155501
374387
880342
931097
378879
433729
784209
512945
574099
342111
186700
749915
530276
243043
110968
822421
846007
959494
39106
697039
250765
933038
633049
696710
82482
4696
828685
3266
231859
251105
349907
801576
405805
860082
688485
946237
567999
483078
544582
774712
685978
262819
160641
309070
969136
24085
377676
79069
660671
489347
136525
752494
386362
675557
562071
394943
459963
505891
422869
260510
210572
737883
9081
392914
629314
473482
800721
393047
331606
300365
706098
325505
575062
788139
381141
331746
66864
508305
668275
917093
93214
299458
999820
459273
518380
555286
125010
92608
465886
282122
984773
503509
781256
556113
559444
496615
505160
633377
1883
760541
878218
977901
728958
269127
98306
96212
318808
329047
366858
789207
212621
431831
726058
472113
871804
304094
809342
874136
256629
431950
59509
271057
256584
680070
941621
32624
903929
586667
136540
141995
48271
596622
697698
553242
318074
476250
954638
513334
160861
693847
279243
346324
459729
681004
625251
626484
387653
342539
680560
862313
625998
34989
701587
839362
642068
785265
844822
636503
905028
646730
115449
809389
146098
752855
247458
321038
763313
104111
646715
181489
861774
516697
950187
418290
265203
683480
746561
120605
731965
405242
452533
829563
305722
973807
98001
687148
458645
713822
141346
688784
414456
451283
433231
500488
676901
609010
863233
715856
68038
291876
761019
574645
332898
861340
872480
866805
817324
710789
461528
714353
156406
924106
331150
351633
28547
413633
262801
389492
204089
346357
65370
190162
156277
460366
543533
375601
392057
826904
514496
774400
529420
149784
648020
427699
600150
618843
306876
276724
671749
850849
747267
241751
8112
281467
611649
97776
762220
484342
440670
163719
950159
984273
93989
756584
589984
301097
660480
338327
352861
121654
576726
823137
470695
812989
313358
133703
468958
198579
162101
512154
182564
721188
387234
682723
324192
624262
531172
16229
644861
335746
807649
632298
307163
713045
575227
615784
464906
933828
958943
399167
656164
741165
438762
142239
51079
582585
82743
936519
603053
897262
542985
429864
375402
503457
562514
173928
936450
462280
716702
129346
732517
326894
517898
654472
364287
65045
130382
339617
131907
151898
667033
103103
121960
314055
670801
297539
327863
537607
159296
182207
869097
680758
180591
580649
125011
652597
482222
428923
416700
157261
754865
437291
606415
114044
732629
618690
114283
657761
334912
662044
458520
757889
348837
219131
688597
212084
743335
552839
214669
887919
579477
121638
319272
34926
798548
945460
906173
576574
52058
303135
662756
643172
694870
172194
677545
48046
29038
575772
148190
767764
553184
478412
467912
73097
885194
767788
636537
555108
222340
398887
805758
858342
531115
723639
403950
382759
286009
280095
494627
445794
635280
243458
29061
160345
462550
792095
326465
316646
615033
816042
54425
352608
59795
798791
162198
740390
715625
801317
96088
246923
895054
21557
197838
10206
730469
534086
347648
955092
870403
701631
37269
551219
547704
427811
271520
657299
308277
337755
199963
315355
93183
36323
85755
167486
446625
280198
382284
834089
519548
470557
154728
799873
29772
45288
212135
373922
627049
193879
219431
232820
861578
71207
231829
246337
376875
936690
271096
705593
823807
547640
410161
448254
906071
281411
877549
99228
411886
790763
215940
82582
7311
829558
521201
543451
888099
694871
442350
125784
618075
347607
95404
416807
861430
342289
870700
820453
883247
39703
170109
278753
455879
18419
888623
816746
54600
872831
138845
181888
706704
903485
113299
704860
861958
848801
901784
812055
925423
154149
632412
969385
564257
705062
984405
80274
320081
383521
439527
789719
646614
704550
266417
417272
748154
806247
26671
980076
795788
664376
190604
108726
285359
15455
356413
377243
186390
796127
468684
280510
574306
891631
557466
136886
259478
317596
945610
777332
465860
262171
615580
911121
474837
116661
700579
920578
716574
665031
848173
534088
816945
806216
423344
899622
480831
141506
263359
538347
193816
575215
87320
285407
114319
74668
698970
407434
364921
256796
176787
722076
154900
625116
862908
614595
915422
164974
843120
296695
636164
396965
55850
446043
413508
99868
118853
178770
256479
173233
693794
799893
670597
693385
681131
173226
141206
347480
364449
64679
626674
254157
503417
880302
223596
765210
823841
226846
821987
270048
647448
784854
215259
89091
448046
132725
22835
812316
833466
625061
777612
355142
66842
564499
945961
56169
336430
857377
112499
572433
915433
511611
515929
105894
98751
83168
151120
890180
112632
457809
147067
52343
316198
687188
324884
835827
96165
622829
135158
90004
207610
451451
712532
974874
667378
291692
261948
703911
568665
914066
92206
403901
823194
41494
266135
422130
511682
534839
468137
926720
420781
158190
290259
237753
765071
958578
498903
331745
882135
819828
824177
813029
87698
343252
56330
573464
559447
501623
791236
507828
966290
274034
833439
469014
362070
780875
946035
113656
631113
170809
995435
416988
960706
4113
186086
738145
686465
425182
902427
653333
336361
726614
808794
442997
434458
110382
319611
93648
146927
80997
244817
305612
896060
342971
795958
515176
838583
440058
362281
521983
184489
604568
553268
174222
75416
819083
497097
956492
640425
875334
449996
169033
389882
316490
674637
981178
234935
426683
685857
263401
775935
450766
666855
59691
174860
214396
615701
317913
802959
434898
796189
584056
331112
986725
515003
464954
900737
920932
405470
692446
785993
244422
130544
590578
52744
614050
366148
840953
123620
264285
274331
664871
235581
285075
680264
295210
396252
524845
29249
885689
685945
835695
646662
635241
924896
955820
305227
524331
697678
794608
975452
804824
116986
139795
778328
633721
845907
356656
320435
738697
180454
911415
795997
983220
373048
566567
177266
14181
797076
34867
573346
288136
588081
507271
539395
984242
233169
738165
515109
278029
463014
985206
933314
670301
926993
196158
700244
499118
294469
938938
128961
215772
150057
453362
572735
227550
518228
257089
542321
539318
171628
779152
122850
605758
897527
55397
600526
194965
239061
627088
157028
61420
184648
68558
33039
305486
452343
457674
394779
32908
143948
38520
769370
309823
959518
359495
781134
382916
926602
831512
952137
820108
172966
464512
412169
117228
597638
245117
858560
186638
404588
533889
293084
340953
101718
435795
44887
425992
594324
166751
219849
417503
823899
204564
80987
495187
740684
716751
639273
711456
571134
584828
322782
558018
54315
383598
611465
105850
886004
609385
574685
200699
714212
502481
748442
412257
363750
416776
254593
665226
624981
716061
484411
56718
361518
682578
903577
838748
15719
365512
805174
847602
957913
176393
70521
359352
585176
631730
836471
423034
55139
891259
711477
733057
95351
334948
129291
970444
914174
950564
151984
535780
697812
640033
267849
338122
944884
433181
906588
613524
359069
406219
116171
300510
634502
673916
592563
356619
251849
835517
757542
495293
243627
283358
13632
798177
48392
298765
961768
960801
183839
343904
521829
827965
30392
895537
593754
467828
863790
613347
120604
776925
757443
912190
713105
10920
31371
76295
412682
853479
620672
520016
369863
568570
382861
186406
924976
117124
86280
354261
358239
246233
725885
431010
526973
715983
724756
65135
469299
835728
201083
894529
250042
153858
777312
159799
936611
919689
322752
921122
898703
601028
793331
473840
242236
650572
694097
695764
643584
824542
14834
581301
527115
85657
136855
363615
528063
623224
268935
308099
109064
649962
402564
980371
742698
540826
904458
925047
133065
42441
216629
644024
827443
267029
704221
269089
287461
174590
6219
82581
122725
608356
622651
435077
978516
481640
47089
37549
128650
536693
973984
655206
232510
703529
246514
740387
837792
711726
984308
968151
307990
369896
322337
647796
929744
335687
378570
900751
107786
730427
289950
402720
146334
757319
535068
93605
377923
966191
318034
84901
744038
499019
836048
878354
104099
536638
355887
57928
675424
578624
576242
171910
60182
982641
204747
580317
629476
853066
649090
519939
142425
227681
89207
831369
958344
161710
188963
104171
92119
345614
919316
112400
690671
175253
276486
77525
174996
416300
648220
863792
766981
163388
227162
608200
963799
722699
648924
71600
963539
50590
546917
508506
60550
357441
423420
312105
420645
137763
361504
223140
12826
174941
734150
564463
778195
44604
990194
673750
61043
773802
62851
905810
567771
295206
668738
439430
876439
438241
320753
964248
997128
39748
234052
949826
762720
172041
846767
691529
324854
109658
748969
859813
740663
605874
553414
446128
743704
778713
727912
785986
4605
59987
83249
765948
145158
618611
742783
489769
399437
643810
676146
279130
193800
767736
601118
490130
465145
806594
66942
201329
483919
675434
631959
729638
495376
779727
206399
205383
597282
768698
521188
877362
657626
53009
616869
255116
968477
416273
315717
658784
944525
45486
678596
920314
301425
385751
71576
685203
387747
488960
186133
616827
493765
637208
45331
704087
462031
238983
297727
272758
481879
243228
636161
557461
539503
830929
467928
277497
296913
814299
617157
841189
62746
98502
649540
869319
388253
980726
427292
336908
924768
722326
142058
642074
142389
385804
219653
601624
583164
152334
355373
527437
140096
740531
759381
892862
346825
76886
930559
57833
270222
733731
422466
966171
234055
917677
234030
687585
490652
409862
867107
565835
393486
614379
707928
456110
315561
350490
827686
495481
977699
466508
784665
655194
828383
259196
185037
44616
722388
993477
84321
547901
688476
194459
110171
426862
694744
285026
613258
499554
422446
867840
975071
224960
550944
83588
573595
996925
674993
292207
949335
529365
166227
33228
52743
625433
427859
918918
881072
312718
979244
685924
888957
887982
217144
965318
964972
896795
190948
574323
177301
281280
541699
225535
37515
233990
780669
132251
215280
179304
288166
896562
922068
239919
116974
422363
992631
243246
586720
757029
310851
260640
665966
750050
352935
298864
355319
663244
958732
786307
834159
685719
51552
727346
21791
923357
136012
789135
91285
75809
343357
558528
167659
252530
179323
907291
783995
303773
798294
880981
358044
597935
563036
58476
426272
772851
462781
898492
634889
696207
623885
797697
935160
415167
548903
545588
474474
629886
855265
140262
882599
30957
791329
961189
980972
867321
994404
841437
159353
957335
701284
434586
310706
335327
806513
945207
138691
507588
419418
712541
765470
622511
275013
966586
94624
572792
40670
226241
793745
318465
415980
822999
683850
211438
102591
987041
381169
658564
816518
399143
389472
540061
213181
664037
290340
340166
930563
983598
437
469833
46909
556435
68842
340775
224602
166383
836512
969673
674470
73128
778694
646339
992653
89987
295249
255266
129039
730994
549448
627818
990945
694844
627882
70658
855096
654499
128678
741883
486706
70243
654926
161757
495763
510160
941610
500941
58154
676875
259753
503063
123986
817760
372083
891358
498303
943898
603933
15830
385390
868697
946654
785159
611311
283237
532241
149725
668113
789016
174435
686572
947697
140353
986230
136916
372229
983987
29644
283082
195443
999781
532598
109660
878531
860343
578270
758757
81475
877628
192168
333053
704787
687185
408195
969490
586285
521381
676345
35719
243751
648620
323266
835760
427047
230456
297264
238109
236785
726064
243987
673044
601521
82494
258302
23009
134416
940900
258958
313077
189771
441697
63250
704784
346020
494860
141787
56425
42295
916454
972419
525250
666745
612434
660953
409796
202465
512632
464833
283629
459454
985617
902482
773033
968745
689319
972656
689420
9484
701918
17334
807469
402619
615928
894400
444390
550413
564648
391378
341624
110161
660997
519401
229963
303279
805786
197147
619346
114845
692762
737005
205901
513786
9905
856689
75240
857866
586101
160922
399425
621839
355067
653086
492871
909120
324230
609990
942782
293929
344091
996693
641438
450526
882352
105627
976733
723971
422837
585087
302278
522858
43957
898459
637239
698692
407135
795960
864718
191553
767270
21100
693200
439606
926162
548821
411137
564366
967091
818230
112485
301967
841313
98824
944180
733070
249390
318821
65688
847345
704988
948352
265772
190152
873781
365545
369150
275570
381956
181367
168666
36768
136119
865633
938866
995569
279887
901548
564967
427005
95233
396670
525430
192238
869165
331858
238850
963976
280568
753029
307449
438409
32200
273677
929638
243242
417051
801225
126419
765382
752580
847794
202905
868946
665732
764273
456646
115594
714433
854987
462249
204653
714021
679031
355836
51678
371926
745617
25774
589868
36493
496422
634445
676267
81813
454255
690829
656257
388707
84507
522871
208893
152524
963141
226865
897313
534567
945541
847334
680192
216959
531234
278866
278914
946677
818789
818731
837573
318769
311561
36335
909662
82306
371406
453831
529050
984684
870101
539758
697887
725349
193439
679484
556527
399540
711383
357616
198515
653025
602566
291831
101150
812470
559893
531361
189891
586828
282552
185734
867857
419710
943095
889795
94636
217215
184730
884258
257320
107208
107889
231512
202340
428201
943485
920231
638017
737087
17572
58046
526089
671194
573651
26610
460234
863847
805870
584868
941935
465366
987845
833930
472757
858555
848063
451037
365758
115133
478206
51989
881093
328598
603297
476934
582061
197959
841890
636183
941810
130332
181088
917402
794752
46743
175736
814093
596194
194620
848204
613421
39379
928696
500261
947889
41329
252847
82869
121770
154511
282721
930933
492341
26601
784760
650477
381913
517362
684464
390546
949508
823587
992457
969885
160524
118896
782730
75141
664899
351495
981024
495536
360892
94420
20428
330073
453046
966790
771465
442215
930870
88763
600235
299930
376567
955594
138849
467057
748287
993964
272025
875213
312903
651522
632793
196207
995437
874670
489520
553534
805197
712001
380845
141021
951767
975432
258357
682784
834791
511798
903232
393924
139867
553524
41793
763168
855458
47319
989871
889373
853044
303232
339838
641392
686436
849902
494342
632005
979035
874989
80146
328502
641260
906568
300988
597822
785452
395440
93854
895168
487765
501090
515748
911177
385251
896464
748495
636160
54269
996653
940864
809952
415078
154106
834423
197392
115148
59755
739574
300576
304126
538874
27332
895714
526523
703751
286669
562787
761829
183914
135270
911621
727253
391703
309039
555514
833288
421485
897810
481695
4982
738715
198375
439666
843715
33391
414522
98674
158095
812925
287140
829522
599400
633000
135253
216281
897887
76240
619225
482232
270936
791197
232329
143802
528466
587081
838594
367306
729612
807186
837894
287724
11703
449216
651164
449298
455709
201310
676217
10670
987123
344132
259438
236241
65105
687790
944028
983445
23445
850356
330663
154605
328422
516770
532810
878855
414038
199027
72644
794395
996385
892719
642289
80339
574994
566366
660531
669829
346472
230415
755764
667335
124554
826580
385512
57945
447223
342325
508364
463316
271241
136760
99678
896294
998562
318023
923755
536122
857316
269348
290965
711286
259848
762
460742
271966
135135
158158
819826
712406
890915
259604
997890
902468
281401
732958
384546
281364
640454
185264
346664
545813
667115
310830
210591
555713
985246
851446
533552
197913
253862
852332
719215
76787
869606
424377
815933
628951
929713
446998
886579
463781
650446
560268
195982
284261
308433
152627
289764
9584
668495
982366
664060
416494
861476
446297
885866
8475
60940
478104
681743
239675
549268
645295
588802
222585
272030
566741
608155
280862
862392
790721
958593
375103
606726
388810
490464
848816
487950
125421
56266
609430
997600
32173
884263
85403
996064
415317
57242
532666
170225
821081
568627
988922
407040
420443
642698
618167
28041
144190
810139
502795
749667
345674
233196
199844
553050
390145
100672
92456
991444
555558
727499
683427
471500
348586
560601
973896
268439
79938
512215
621717
793601
698724
140043
975333
733398
949087
759076
554172
40981
35563
718404
934909
752470
792601
364955
759651
400601
551683
543989
630908
129433
624113
719324
637117
530506
874572
998991
482243
638773
792619
586357
436729
489842
141558
445380
144405
877187
913353
786452
235571
133203
62423
39477
200759
689162
683914
827902
490431
29928
687159
720523
452197
108315
590521
127530
603966
477642
114329
865576
420503
924483
217779
733160
127435
270592
762050
782708
250668
95991
805292
357058
739714
650592
183089
377795
937143
995446
497122
408979
731870
387837
917222
350961
434786
112717
433132
561490
373127
459390
19212
312344
856339
199791
331468
989108
314474
197043
778112
22677
28792
646490
490761
743691
706711
228157
833853
311152
618643
819303
629379
648174
820237
257893
736225
817806
573932
635696
259041
968002
189027
500537
897868
319957
666239
147502
728964
6649
544272
770075
199873
609085
966705
223534
192346
274358
644179
383039
485676
618546
910462
198234
382334
36898
931526
687935
14334
454010
460206
118221
108240
20617
466112
364594
643134
130635
429203
120780
516811
185387
816069
840425
183859
424319
389415
97666
566962
368341
128369
922696
249546
806955
212499
596593
324974
297950
613944
702699
435531
912104
41715
72102
380359
895454
555088
386248
272927
218252
698021
864218
338707
467124
585985
394770
821537
598562
846850
31165
32937
632365
782019
249353
302191
792524
956850
564844
958207
683538
245247
797301
686955
60487
55856
274285
145520
902629
469265
703017
295863
804847
38711
764834
493064
371011
864055
671147
692829
351181
935217
607360
361828
353064
240594
775695
40860
956489
379423
362223
537687
38538
201137
611967
773834
379410
65313
599322
891140
781731
487806
14584
676924
852160
403835
489892
632195
524665
12198
488597
185112
638868
397587
546028
392858
413786
428055
38729
231576
573947
434992
549450
324357
618207
323906
626466
36871
444618
906300
704337
239018
541913
206853
871234
424000
891075
825997
633717
935017
459538
274550
772855
322440
31025
145924
631336
442194
835169
992015
780713
15734
394455
317111
115083
43815
977985
856645
212585
564807
413287
570335
460946
44849
111916
990632
319262
715043
567091
809394
932834
347422
953248
155838
482524
872497
84957
360723
861254
835157
929267
136658
335406
286841
445961
712432
720535
309779
862460
958645
596735
438788
732312
36724
556269
581018
290325
966686
428847
88486
283782
763118
132137
27056
206981
941942
16650
169757
103975
734614
35146
196120
870744
288248
294197
439203
572443
620826
994223
197925
363001
141390
934744
371719
700986
32803
162779
571837
224317
192283
812455
450467
595922
327669
575139
441759
888908
903788
781513
419816
575615
337830
673594
460845
508000
603390
241790
339509
777691
340460
873129
655319
888515
526548
120153
615315
460580
244840
855387
582476
785908
543546
476077
601192
19361
888734
321969
943396
601095
523090
634848
906250
95374
237858
319335
483316
715357
564704
380576
192124
492427
386039
697927
600120
376742
489457
142225
481603
572767
109651
449638
759414
547798
958435
980285
973686
839102
308554
700755
446375
626093
444756
634312
730111
59459
59475
361046
953717
280948
758627
355374
751511
19507
281225
789745
774907
407164
716853
699838
727335
861536
592008
401892
434862
741317
21440
372991
99034
225051
30482
475251
635443
223712
370297
53363
23503
228086
61806
361781
69488
58009
698537
992720
244364
512329
645515
43718
327800
699003
433549
979692
24856
807729
294543
231945
421528
200132
787161
390723
613673
485396
38964
709412
767973
215269
2959
973144
696227
909319
626763
673458
951494
944644
157500
526920
11152
895856
616370
781442
939330
983656
403429
148113
113135
727638
14397
765787
962533
103396
163303
940506
765345
249336
336120
717260
275245
555888
419149
354278
888441
153900
588721
214457
828117
234370
981924
110703
992969
656661
188276
77458
320512
616448
859121
395769
240363
127330
727667
254480
716800
839295
95466
454476
6072
807146
244110
920186
600719
761628
744032
214678
968777
116286
72305
16039
392022
475593
401707
34130
594400
711697
215414
50973
492022
624512
157324
777468
60464
618417
699741
541414
892520
342922
354228
866476
82190
693345
752814
685956
378281
856590
699150
487601
243947
307501
540752
730883
372202
412494
626944
363676
450580
559888
748207
734979
135898
282236
239038
1846
73625
872447
583888
336311
357423
111601
632820
834800
597556
57427
223468
946928
480472
739288
386266
66579
371479
41946
662918
487104
718107
312365
185166
704908
184238
887249
392107
505533
348889
537153
539419
397417
346654
935592
640945
153404
565427
244725
119447
98634
79617
344185
244886
824402
116088
264121
888906
298609
873261
37029
914384
33107
252591
359253
607731
299901
493188
346503
842515
895837
304457
743892
379742
711996
347290
150654
606718
64931
341993
862260
457213
397596
363198
401615
187377
893891
72164
196119
800887
2041
786134
125661
893636
103575
809625
54456
795993
796783
892934
123098
257813
302395
556774
675022
72996
226917
586933
748688
789781
146162
391241
410249
920266
272012
927692
326053
143560
835242
911013
93843
832750
903862
357912
668099
444990
897808
769960
657568
929886
692099
70316
624486
71736
660384
327166
236386
490803
788249
476989
288855
61211
444890
871660
714363
10726
459943
431233
941476
721809
384081
635420
243407
773993
220564
200981
80973
225126
230224
690414
834763
430066
418018
407272
374908
85959
120031
125809
709605
162677
512620
974138
7492
975619
576317
950567
614558
468525
56488
439328
762788
160332
148965
575173
891713
600404
230181
883710
456707
685815
110475
370160
704547
338918
659851
279819
415603
616823
64926
765376
368035
786466
304095
234704
376303
592869
750661
26240
454057
838408
804073
359006
199739
424036
536683
47592
779227
724574
152833
466960
477203
637398
799088
344093
888607
629202
371162
391485
564972
184305
723631
790031
858331
554756
71043
398027
778661
179335
272762
137231
923225
541563
107295
845382
899072
549921
923988
714871
975457
383893
202532
660008
373408
526468
765428
581868
339329
53003
2969
588560
748554
220717
457539
855262
863367
113265
385430
768396
557223
223830
223193
470597
706756
901364
30023
60433
591409
370627
813155
547722
714972
333161
306239
168128
545513
327296
435910
85999
140297
624203
523359
773926
297598
558148
432968
984056
424398
581926
717583
43271
257505
221054
923630
580989
30245
934130
947423
860071
737277
572511
964923
371592
932373
778569
525145
969308
257677
751522
466101
201758
129362
467878
226484
587010
282414
634671
47886
245633
66669
717079
11311
738170
91434
959613
265564
259585
275351
524228
557089
767256
209069
157676
650426
845645
568170
243068
468261
67905
388201
105115
821698
564163
970332
71679
429219
136602
376551
49462
227932
387582
957836
816141
594895
106194
397189
800779
796502
961370
453700
272863
316977
56903
508674
624814
546677
919404
966897
388225
949053
692781
235595
452933
671095
227067
229460
528276
509225
793161
54475
209408
306985
501663
856503
259087
600769
364836
656234
2403
644763
763257
515910
210971
965364
766415
233515
784581
433397
222195
153808
918413
290674
224754
951899
948412
312487
390768
920025
351063
357649
355654
259042
372642
736015
974233
691208
73883
261626
204825
866050
766331
67615
907250
162800
588605
290071
596892
871309
636797
666309
905233
900528
425083
911276
862170
273791
763582
172011
888707
178800
836309
770902
610861
525693
927225
939313
164866
192228
707662
983115
864515
853592
931272
407861
193725
495879
337323
301214
26650
827593
486314
826444
654547
835362
575921
512697
810179
825524
160446
131656
890775
448644
759210
151650
350754
727014
608454
92017
496525
324832
240569
974379
647065
796005
13390
165931
336404
680608
642998
351463
69677
255393
53019
77017
250774
79673
226412
86958
29537
593938
442608
994631
524043
746280
143762
149551
324452
836478
450282
191350
483927
315543
870137
685366
258559
383360
319755
351363
362228
890823
592621
419332
378311
585447
382337
325403
136219
252001
229449
317406
700179
197678
117672
661219
162436
170484
68438
562334
133018
113204
601211
395657
45549
519263
93953
732127
378166
101099
282560
708030
190073
801251
460801
161751
7820
342296
716114
841730
127771
885887
958659
866924
109336
684159
627386
219264
31073
466609
487588
212274
182716
195575
787654
172008
337924
3953
105540
835357
662193
963604
258386
470562
752236
541579
420065
780217
345558
422340
997052
293322
696836
135536
531406
938282
315954
731571
448992
763137
614837
149216
297298
695069
69448
622053
254357
648304
667613
70297
71624
951711
101349
435004
884586
28946
170838
831120
194923
686107
687502
484114
84571
428864
441041
941268
460996
807143
860015
384952
402323
236381
382529
215947
988784
777346
994065
78331
574704
96149
749081
611254
196128
43108
780546
398943
170193
796338
869460
990011
187447
590827
505803
103549
843234
753140
459039
79721
660410
158867
278080
965177
556612
155338
719014
511754
901634
760653
512646
111400
664182
400350
968672
744497
47621
49287
355368
536758
339187
524054
806424
944153
578346
544600
267682
748932
403880
707556
300006
757689
731928
823882
444707
477298
13558
205162
945855
878894
873884
977688
58531
920779
800414
552107
322049
463497
854815
14889
800679
99381
794982
621466
36322
19462
592035
54686
514371
734615
871120
803790
623964
545752
711684
336514
859031
320485
219540
773484
550642
196339
285286
906338
795431
456467
512953
66531
189761
156088
516236
378658
479797
943130
487004
25256
513370
422579
632722
348315
560187
811805
564255
896498
579788
763290
146308
976204
802103
497982
186734
616430
361811
947002
996089
519064
642614
691973
240789
921282
333025
656872
814982
304632
288986
622183
883333
358287
337623
796551
831172
331203
213249
423503
505839
865609
217793
80014
6503
275631
484699
211495
859701
863806
620619
488320
112559
753980
951847
462370
216753
5486
750051
687609
47549
90983
163008
812343
132843
573185
139091
174425
420686
680170
203502
955138
494629
831958
661741
297603
292667
404370
246239
182396
151324
82041
109070
953307
559092
897919
68781
900163
646341
363754
336477
337161
802692
261665
151003
440088
116241
545821
267060
939346
809916
95897
978971
319659
104692
832273
985608
965339
84798
684625
613302
205638
456887
481840
168443
111454
650257
357385
360155
654691
781964
567724
394699
315733
378734
108833
708602
193441
450512
659511
166720
83539
908201
212706
555776
659997
631721
803692
61642
92567
784939
111392
313879
852872
43637
835818
835205
532316
252690
570732
357477
468403
566025
429944
862092
564687
201232
575017
122683
585364
255473
270648
933460
123024
971667
419877
883165
746955
588564
946313
875858
673950
241109
429535
659618
535275
83977
968260
455035
465462
72323
839871
383934
881750
11059
420557
553304
943065
225829
203802
658587
709394
579419
988230
710841
187137
562187
298714
638887
98467
289455
378877
88621
498960
613969
668613
490690
875344
497818
787363
650423
781527
996360
888172
209075
776159
220606
717444
45657
555104
367925
245161
520582
601071
147856
706970
116662
850096
434254
397730
354566
775097
709657
87300
94996
17861
764347
293316
132546
48210
490416
671056
244186
414616
560854
940362
164363
353830
268673
183923
815762
597146
984619
75381
496244
216252
20040
169932
222951
580279
696184
643091
340625
183670
527702
442343
666984
118551
986669
504250
142200
543631
373131
216502
905923
392602
412013
792715
202882
112284
146393
456279
498890
276313
961355
958065
770634
757582
94087
30802
462385
220266
98701
491361
848172
529690
81037
958618
881946
938247
421851
369710
545993
40789
587186
699537
850532
619451
425367
119500
383398
562981
271604
780313
670162
537835
201017
700497
648288
184758
881308
962450
590529
160316
214064
186140
354385
301287
69985
36795
69145
587988
665725
864566
834163
782727
466587
244138
466706
710407
290522
342396
304656
565737
178344
707675
587681
113994
331815
52708
125910
512492
715072
927514
707072
703455
876778
803631
81952
20935
294089
755185
246546
555757
672773
323625
666702
609553
592532
673799
572689
50002
677729
351913
477268
482079
416773
649358
901049
338503
168521
111347
296801
103900
209866
682316
735834
810848
106038
770329
790834
858625
867831
886980
978782
591847
863910
599638
429232
713897
607874
901913
863805
345047
711958
206358
570230
545124
371988
337103
912537
165501
79575
849112
918834
452373
709139
59952
538660
743657
834069
14199
109944
329732
721289
272121
748391
713493
340607
708596
491826
470996
469236
416685
871602
157484
518644
299118
828109
593091
839769
364956
807493
567975
569841
784696
709098
256150
828158
967922
628784
85866
896214
141285
83931
490399
271019
910743
439554
452837
532159
2212
559225
790635
691713
612654
38889
657985
49033
599930
822343
488459
433618
794237
832127
642096
989633
729991
767514
855996
520924
100752
145881
271010
70819
743754
30759
598186
244408
290578
265286
32539
646108
458425
647430
883493
913868
643429
769123
295707
90134
749643
128206
20392
304339
365884
189127
905164
527989
84556
826144
330477
264847
5954
371071
961365
148344
858978
199280
124303
349112
759047
535070
609438
940491
364776
275054
492881
154964
541372
89657
332526
262842
143971
761547
473239
379868
528509
720762
887351
409779
49575
957147
988406
995282
740596
937439
151423
255066
877215
771495
766730
27996
670319
72737
588278
49072
473281
350571
544114
285878
546621
438239
659134
250727
287083
312831
528140
847895
652574
346750
960320
854409
632846
940841
514967
212206
438852
465072
479139
841774
188437
763572
673576
530706
593328
606931
904703
37087
818844
386344
766950
544671
801410
3195
989356
606473
152000
46231
382921
635380
169333
916171
633462
495461
913707
334666
391208
193033
309410
106482
443882
367358
560041
550102
628299
177260
187748
23215
393137
830365
925761
67422
997401
898111
920852
149128
705324
86028
490111
110856
685570
788754
468795
241230
642034
326871
959923
685843
545416
765799
810831
844664
690004
585212
710094
555962
817695
844168
434956
418580
861689
183905
367331
344434
427246
401353
415598
938061
78359
475737
458409
359271
82316
259402
886688
764918
923716
630659
46196
542
8377
976180
699612
820933
159082
531793
511417
997360
538754
529660
606684
829617
521890
65493
581264
588621
177946
617463
239163
844502
755985
263387
633295
663352
292282
618872
259086
436865
835580
3780
20611
80033
944842
800436
341111
296101
532402
947443
251917
636541
810242
349647
291899
7225
370775
379955
932453
656339
706947
894351
808727
492901
448666
590420
343455
558106
632539
650181
889411
554740
433573
700585
984865
589691
333117
707127
370463
118504
877818
181512
112706
584008
388257
576408
795767
326914
181095
742368
872108
447433
56787
273552
392444
394394
508930
163179
5186
637554
857860
550206
303183
496400
494820
74942
56182
130245
502653
96516
262607
295433
266637
864608
224906
690273
922828
533482
227797
808926
249374
134313
997753
605727
637189
347465
327749
932946
697016
747992
553868
216771
866455
880869
646003
214430
856215
742490
360034
458466
75491
555456
852976
833706
701370
251750
600355
846552
840299
303288
355302
424723
677454
525839
864322
300975
76511
537785
192196
212242
153283
408078
732552
499698
325410
724515
464045
834204
880510
846284
173481
206344
223963
248182
89158
315207
790516
536572
189912
619465
974060
315611
379178
82717
417114
286540
166521
760018
144897
576449
518757
559716
325441
714238
325847
513967
556936
769520
157119
999973
202880
559049
951947
187521
448407
340201
402055
995383
369054
476411
598989
305186
505974
571295
89439
455670
759018
596852
597154
876419
268724
182382
71846
398157
819873
992381
876748
546446
533490
169863
287754
323112
216879
690875
286946
641573
212665
36663
318506
546551
408532
544187
690786
632281
545515
200033
613390
182614
699123
61171
503597
343629
968825
580033
572423
815373
733841
6839
717718
272048
753621
266696
993810
998754
185478
471448
484543
489240
706388
949494
992795
287667
777941
689563
713297
134776
787136
635980
176478
874524
389060
5321
323640
149
711645
847635
390335
797733
230878
213959
517713
291517
495858
777499
226642
625967
595335
518037
625956
715375
618365
353675
348526
191198
220035
223157
588809
208197
292769
530556
417582
949558
507309
142260
494017
820688
452518
962985
165856
904176
220498
232537
702564
549740
660451
299016
412204
48371
664894
316201
662490
143753
943519
199880
975959
238738
391304
444550
323983
455063
65990
475190
904827
882493
420042
838429
813691
670774
763738
155300
934950
448224
489981
101248
435619
792879
76186
10095
399764
692921
430526
347665
709039
949278
878908
942753
622254
418962
598510
165070
21021
67145
776730
534394
355984
139325
511310
448119
695263
129968
193482
407256
598761
667458
182430
846458
356252
374352
866586
19464
960255
970742
893699
135198
399773
343604
918642
467135
329563
287759
852776
417593
577429
407756
760120
43831
821926
156748
982498
534947
682311
274047
819904
793013
804238
727430
746073
753565
221656
811881
221268
520962
167857
178055
874515
191889
656940
105355
541298
324724
685148
945819
803638
888349
418959
17834
38848
661430
643073
746445
478926
606416
389728
965785
398348
279281
916943
620038
469105
168363
181592
535346
563707
691334
309919
407402
168727
535495
535815
695269
804175
918188
170254
556451
740944
912701
305493
740931
892407
968120
767154
166098
647972
69280
294011
727307
452308
849845
875955
843293
741949
228657
554861
18814
816429
556496
250321
9775
30695
665443
190279
210327
290466
727364
713727
980108
378842
86436
327898
609457
15120
392896
658040
573689
973157
589618
65439
539146
277839
989796
326276
140412
971125
768351
749114
590592
968109
182209
828660
715486
932175
755661
87288
724694
720118
483549
240104
908051
843058
378067
427952
973997
129836
433588
722937
997269
19435
710674
795665
198295
935256
70509
305996
322788
711579
573560
587655
307399
51731
563145
54380
136688
701436
189852
190275
915592
595581
495747
513067
193570
461601
287487
559130
909508
691442
789195
577106
672327
628016
916755
503523
74580
886831
944066
915735
219598
418314
548024
415293
316750
203207
353563
139989
448905
791689
163141
618773
645454
657900
717851
137174
333868
979649
439165
474609
639590
260441
957386
411661
262592
846170
706072
966100
953919
231695
341666
259407
359686
638859
320024
456255
634886
426217
24453
976944
720540
277323
326753
87677
366856
994272
304171
443123
216978
867815
798147
80904
479636
274866
715628
190482
794979
274248
502404
896253
105957
247653
710793
898512
29658
155592
592390
384998
242265
924323
87081
232815
816629
939417
724946
526798
333579
736586
374413
45563
413084
779264
80991
616722
496369
378982
357218
932374
463063
446889
501950
802500
227786
782971
60766
213750
218278
37364
471928
526558
250739
102482
421955
727148
96164
555171
666881
294755
463482
2779
590445
394265
315107
705151
826006
297332
917073
73230
277185
345894
537062
186379
683886
667334
245451
250856
802611
536332
408736
383696
418117
260969
89038
837393
725526
494209
130616
606437
426264
404742
223183
843356
986847
113842
228612
643559
780964
341920
570713
535491
166501
930888
927953
831295
921706
798357
704966
282924
361763
271333
404761
291041
110
569308
398147
697256
401957
454410
823945
372915
682448
963888
813398
431199
13062
953341
757888
306176
403453
697960
448103
889892
992285
48797
879117
546158
142942
838827
369148
917460
323802
576854
274637
696536
109706
154179
156205
186144
435522
399350
29569
277837
572662
600181
436267
780918
496077
237350
587331
211315
156588
951629
867918
819183
284971
248768
307336
691315
426605
423462
952661
12208
990113
615694
975695
464299
118246
583021
739070
448197
23366
991538
939237
257638
546915
597512
222009
229254
73072
653799
22701
25752
586646
32552
802195
625014
533955
581976
352926
172494
383094
614048
183319
368373
823604
166637
331135
503607
148134
956358
374727
512901
647490
64431
513218
765162
810163
702112
83148
272856
977865
46986
600727
740080
368430
224933
445162
571746
831122
234674
267648
99130
724738
409715
178196
627958
429755
564471
788450
707065
965468
188549
934618
154397
943477
136306
278685
526137
329222
540171
79103
286140
51052
707617
923433
426613
475418
715337
169
169221
108670
84825
302822
431654
721985
834816
397293
475665
582701
143231
824681
246097
404424
790578
260130
594849
761521
874940
938501
828482
800469
888304
925795
784480
992839
625879
913883
53433
693684
612403
156074
788116
4436
162920
188470
994755
934541
431639
711735
12168
975908
157772
739395
160660
328160
733645
77556
970666
718589
414547
901431
586147
269770
404949
559412
362186
938592
833407
368021
46567
630783
937538
177270
92121
701382
260357
750119
326684
681102
741881
415328
922923
93669
611146
447295
609570
582641
393286
622645
737001
2150
347716
911885
165373
281506
9358
242813
515428
369559
120904
553469
800539
926747
410482
86146
867007
472429
868337
603097
901716
123008
281210
899284
743043
461710
254370
366048
557772
454436
891594
70649
122272
857189
22852
38798
467937
483025
198132
870346
726421
212607
765636
965889
884174
386561
40733
542621
380540
169446
233857
450799
700171
709912
384648
166055
569082
445684
495391
758650
251997
492659
644241
1854
228111
203506
822441
373861
835765
346457
44802
328432
135014
145337
947076
377771
738345
48480
448007
194461
623769
835789
259062
560171
303570
895694
365210
826154
891628
650354
25412
797058
528825
83441
763667
333422
301402
414922
869219
518111
896318
956202
911762
739136
809657
599792
592085
739581
679374
664898
657021
172151
16689
339955
676246
945544
663585
205592
557375
702430
222492
903454
691065
955806
430227
111910
413842
777843
955469
823092
997626
773740
13115
928979
818511
94832
269894
453089
384938
239338
669411
571752
291565
709216
424376
758973
637822
5987
741672
335241
309982
437986
572029
213156
634665
806874
79473
642269
474924
717993
387161
185814
779166
736128
26543
101693
952181
319546
968117
865734
625016
233884
445122
875345
874206
358648
36932
430214
629529
601662
979755
335168
359113
17108
404969
744508
285739
249378
483060
67005
829871
976634
628971
210816
46056
704739
813968
294039
240413
609857
42277
699964
477858
396208
695669
712238
634319
442807
821446
628941
730953
277330
582743
254890
503547
974612
907802
846226
517274
977867
748836
808661
244852
645930
348234
232689
905002
314637
856193
5850
743867
255656
236630
474030
487062
416057
533954
363682
99118
570377
416968
480185
403332
224506
43725
142587
605722
764184
250197
380031
583051
689786
331021
493065
984601
923615
277793
241748
640834
904313
709048
238307
62167
13072
821528
292386
916865
740381
422485
119912
111372
43960
432354
625073
273460
684623
563967
767469
377901
228867
67984
639332
76476
47199
46665
830722
781237
56710
854792
679321
568247
333511
385303
338681
489687
998896
741500
96703
477468
643000
438953
341039
815664
822853
766539
711497
224368
833011
201272
595586
566177
550081
881790
570671
193624
523207
969693
835103
156780
511239
338877
669127
550523
803935
742652
710922
727539
810130
139569
648665
176816
450848
739440
888556
653411
464516
981692
956171
329614
715335
541976
747640
164075
870080
582974
894396
85933
658409
603049
474893
41182
426910
911117
45528
919463
339700
761063
270897
172014
369203
535406
390677
451033
49650
840105
666392
742194
381326
844122
363311
682019
579142
263384
331676
964768
447734
702266
859122
552547
630126
495791
963524
73619
560111
454379
271598
306110
530689
592636
604735
930181
255155
822907
317122
281495
466289
916893
848103
565013
122875
87977
486867
613909
439300
912385
289078
510440
644371
419105
101484
431091
439545
630830
894990
13148
584060
985637
419932
118208
719400
39388
236200
20378
681812
107853
249713
242447
290098
167457
280236
47113
539680
416481
444443
806839
198995
525195
989780
12233
445109
993721
197473
234517
364368
15863
665855
78871
649655
330080
289687
455139
81169
772481
872416
497224
130890
896388
5804
91540
222183
895078
544035
361891
347315
360478
863138
87714
410215
968233
116095
276958
742853
365998
965611
343304
618963
515953
449352
442213
5020
426523
662458
973924
499706
326323
803657
526154
789607
573799
597023
151805
390854
747942
478845
822527
976807
966518
516613
259880
259771
199898
453526
8980
406282
865987
414147
27038
534401
810125
897102
17418
537472
874773
210294
799211
79509
298080
951918
452311
949796
736278
839227
432388
143729
188009
509987
676443
160029
692520
950688
33469
299724
37684
795499
430116
31740
995371
874868
483884
495561
832458
598826
15975
912555
640152
419889
942576
487955
960268
305656
294007
84748
605735
601294
21115
736740
304033
863154
279941
374831
538303
380140
46642
886459
413534
531166
992489
318333
506731
947366
993730
43928
411279
849568
564062
881606
434090
760792
137196
366864
8558
309209
668375
738425
769371
940004
153040
677755
447186
456636
144563
864169
570072
24158
321843
696554
12879
316601
113416
749112
876109
737915
447510
190847
100263
496731
884972
303174
416745
665270
348916
965295
124084
651598
399052
449498
73426
687958
366343
963873
915020
969222
793677
172159
343843
848630
312783
94922
454800
612815
408579
160932
380093
611658
114780
563657
90599
650250
178783
430576
733149
264657
924401
526823
461282
935073
531479
512532
544611
512834
842794
529903
129874
348073
284897
669922
188919
476835
270190
496085
290450
394317
200917
472830
86496
527743
451098
761600
338685
156805
926470
433158
376832
218367
635951
402852
317516
483911
379915
330681
747860
48987
788855
890416
260146
38948
760226
299177
734511
366238
349401
438899
415027
978042
30192
37382
554765
805980
223126
29351
901644
44643
512369
788778
164918
547249
718558
531845
799121
897306
76567
457424
884958
677416
548910
958043
619557
691209
201014
419052
370348
400918
420608
485459
967680
144771
147180
139831
515865
853397
465645
523644
364182
177913
246409
362971
804268
87249
851204
278819
626536
783541
580383
121422
660103
620908
751988
84292
637013
634557
804775
690287
724909
426705
9979
161498
265307
434791
703809
438340
243490
92589
104811
231303
904665
996162
323454
659360
236591
650374
218598
746778
987600
496922
405027
862940
174112
94905
339554
277733
721330
435814
735645
698817
398721
459685
280444
851676
451657
398639
508754
971296
13297
451145
256823
788702
279576
983256
840565
130254
897078
902457
633588
283955
514000
939629
634887
418461
269874
602705
585736
916446
824813
452245
440290
616183
417282
59546
749546
421289
726278
732663
65268
455887
491596
279232
904393
399324
277773
563435
732790
598210
896227
350901
885997
379906
669314
337441
928923
538025
107915
47972
356118
262718
589323
32756
622534
522216
308201
640665
446857
256422
134721
93404
763064
684375
46078
266301
235981
736477
915818
429658
233093
458461
910139
822661
869861
187458
661393
999191
621002
172139
218651
954285
997343
989043
332634
492393
698458
663230
885357
805309
584788
948140
888492
505297
368494
122273
958579
372207
193433
926576
193398
282565
933269
106987
155290
358651
264080
924320
762151
396883
267704
503699
458880
765945
216643
703738
463397
566155
527481
981796
876661
456025
343315
284570
741307
927766
1415
931910
810933
116000
934366
221895
271103
116126
159091
266597
790049
770115
673098
502750
282865
124911
703818
931679
221286
326772
120984
785742
754299
444341
657362
56836
355132
418347
230821
833905
483329
684556
420951
333476
927071
279014
756623
272015
532549
876594
619914
870759
736013
376105
409560
679999
157587
166071
727622
689371
715632
484056
797419
456978
40545
918028
36704
279326
705478
320246
178831
318724
37703
153303
609050
747025
704545
990906
793278
705915
984014
261250
342931
477776
927053
940164
448674
205524
204300
754449
745104
861973
332435
605277
700977
957881
877181
95951
171023
2202
154883
921768
473674
866619
960052
532813
616153
157349
172929
908530
96878
490082
479988
139045
48568
430037
778433
305077
993922
995444
513717
817853
787257
53412
62539
733584
857483
367279
763805
87234
583658
424356
388280
295953
23599
527116
604552
246191
849308
218116
354546
191853
613498
449340
512129
687813
201697
578123
711927
334148
272726
295852
372101
465426
488334
559065
705303
640544
543761
396802
645190
133164
327098
43050
799153
933876
323611
126623
63398
562165
344637
843604
651641
654750
101788
469943
728278
489861
738805
361063
415746
888207
271813
623348
152392
772474
789439
622056
120956
264449
995556
652798
841267
312771
711856
914567
931793
293138
655079
935066
709945
563890
139356
723340
432717
444441
164029
635216
69226
771121
725740
345546
119822
9156
193594
505315
174709
712524
229889
453684
724619
380790
794754
28947
161817
275277
706875
614059
128786
549593
603058
111142
303284
859610
94297
11801
92884
922549
468914
989735
246475
422164
188737
268387
269273
423230
475355
616812
814747
877114
130195
758562
477946
15273
683816
541663
434084
141055
589481
519801
670589
705158
106412
920577
405044
69624
177050
828349
856649
775172
593761
247192
271793
701176
467036
184198
575933
447480
983501
29063
581149
19030
759572
642824
292297
536768
700611
248128
18496
298255
397045
462957
174217
822864
10382
620912
613629
36672
328881
88733
691314
539850
997761
294550
546822
414958
364037
179932
528974
992921
331637
85475
465045
326138
789326
141650
479172
490264
574635
486640
903259
964438
870618
483407
612512
425152
447087
428953
260657
221445
987861
8594
561757
471786
356681
945510
89035
10052
717983
421312
618253
553427
204349
335373
483515
710436
117285
34878
48526
231380
40591
821252
450327
259737
600242
680107
970002
404968
928738
183888
139718
539411
383233
672227
304623
850491
124015
962462
184156
226838
576978
507480
995509
231171
718042
876490
797011
652619
809933
996701
96240
668226
802690
770790
109934
130311
628344
811439
887489
193830
53267
767536
314809
387420
867317
802525
830511
53050
285557
647961
918562
401279
393288
142769
656110
191048
346882
519622
175857
330539
252003
367970
947669
85541
432383
801556
408163
115626
170291
779532
712866
888738
131350
195305
246358
382915
143503
296544
890793
469196
940736
24390
354216
141019
271328
610874
646436
692011
187367
101745
429113
277422
213474
534879
527979
61059
138150
426559
44460
963540
272673
952447
363130
793295
737804
246603
266341
259071
46844
119413
331310
602630
835032
500670
987467
256953
539813
459332
98376
890712
803901
918983
92743
913192
165151
932761
421288
584431
305183
94306
344707
309644
614718
974098
256496
424916
642771
563820
917117
296226
430700
450617
417764
980905
888816
151343
262619
963075
725053
840034
25673
176445
326592
556382
547206
431216
287358
837807
477234
167119
921636
81550
172331
578329
994484
968372
663825
767259
226523
62151
148857
793193
118907
623483
664271
226758
743595
581225
62622
365198
844999
260104
682261
806306
548952
518950
896067
90137
759971
903153
118514
895060
522891
963666
475805
211440
823924
530446
767572
621908
871331
352601
100585
751720
286415
662318
699561
328497
766639
240223
937681
336600
133506
91439
629040
369541
234352
485907
857954
701032
257168
171336
132310
959779
565507
483280
980554
358676
721853
670538
717145
924994
684068
421677
981162
394531
76496
10465
143754
783175
82547
18618
683348
987557
773394
263249
654093
928256
633777
257729
886988
65270
246861
990843
523670
189925
388419
339271
631624
757754
23694
155949
168791
788013
932809
334256
413411
21882
468715
91043
932248
251714
667293
378978
915613
678799
247354
981118
262925
381665
632541
554433
421071
163871
756185
257031
137015
265109
767533
122250
413836
302219
107669
378121
601188
32131
258261
888044
905422
821393
638584
593028
393931
460271
248071
483389
45566
686577
44648
199176
600920
206588
331064
825672
507619
635836
811652
230094
351613
303672
859482
776824
624085
993227
665452
598636
304855
627700
108366
109233
946111
579770
797530
364458
368079
917754
333555
480367
646094
329894
525193
622082
810012
153772
815626
83831
462200
725068
526727
292477
698423
982941
368500
531761
737297
739433
444058
380545
341938
698990
145719
953211
109085
170174
527090
290944
298685
703430
267257
347159
259530
271851
824889
926109
720532
215696
250617
738928
375796
430548
817200
847804
828537
408593
730413
153360
987455
225568
466239
457839
410739
754695
777430
907604
980550
493441
896739
92462
344308
490008
10395
523243
863471
275098
570631
898153
115153
710102
338401
620999
211162
40442
27601
918052
46412
839802
747731
82262
117430
425064
134871
412288
325198
828965
358647
670191
788836
610999
189235
298300
994336
379958
319981
811741
211168
10485
719606
960704
521609
890945
768787
551493
657158
419465
449067
165158
97570
712802
899926
588390
303370
218722
167190
539085
329709
268131
783610
434572
238374
227206
930394
608385
946267
790853
638465
23702
40117
811492
200308
487174
496508
674950
315200
42766
106091
300900
721147
895288
553798
672554
967424
273984
926672
201698
141663
4029
880502
282390
706071
587475
418237
293323
952965
265291
927213
315302
5015
131596
875160
917292
483688
222569
614666
694178
814269
728532
863694
469971
810715
849775
846683
145200
139651
656515
404250
582033
941644
100682
842901
304154
859483
192678
325053
195129
906241
902197
796120
961803
708592
641212
398981
404446
791643
780224
839021
981521
986282
767027
496200
115160
59479
565900
310793
758492
963048
377199
475752
821439
298121
238860
284233
328317
945605
186766
20974
373601
673398
91432
211797
61558
107440
30913
140712
540558
748032
402097
355111
992575
824141
873302
964097
678032
70980
30354
180802
70601
861037
535759
331050
405703
22088
394403
359593
428975
973475
94990
753018
806271
183739
205856
499993
679488
385740
977272
600418
374104
684344
895015
499400
925948
978320
458226
224942
537282
374657
953270
219668
954717
792422
456003
912517
203312
236764
448621
192945
536639
454304
820457
251292
482585
74385
602333
652878
819880
236063
306311
509525
624417
854380
454597
700816
820466
885092
223091
718188
458790
588756
108526
934824
12392
730172
290036
861577
759153
246594
41259
819938
978343
692037
567372
904886
304464
157394
668458
448436
248689
716143
498659
802272
893703
683093
635810
644627
870268
238349
456985
408472
861518
656210
741112
739629
192893
493513
399760
624125
634032
22342
520798
734115
848856
968511
634010
316010
367202
838484
672513
611885
346693
945005
473550
428858
588057
667807
536335
380172
278789
196255
33744
970757
644798
815802
137381
761480
95865
970346
358355
18173
967478
281684
335336
488358
532073
881899
803636
602129
745599
480882
332775
815846
862287
964446
515784
228256
193310
438553
828496
643023
666147
85985
894781
471909
250387
353638
220320
252342
466940
310216
190316
687215
513451
536777
786227
516798
738764
699009
792419
390880
55212
46323
971671
462407
659928
16908
471626
203559
979703
760742
22429
33097
423775
916795
262140
229351
727938
159307
175784
324014
790273
408804
863556
199260
806466
151730
829030
784860
822098
364645
871260
994075
38720
550123
565861
794406
594714
11576
205668
807734
366559
899841
502327
708953
542287
49611
472044
495764
354268
813322
388742
377971
364185
721018
405837
462390
422401
134738
259465
43281
29944
930111
10872
226555
98362
152591
531009
967755
584595
819161
643980
873012
573845
964937
329119
905573
907020
592610
49251
962287
54548
945043
504868
753338
398984
184310
329733
55829
737228
355764
288011
964017
447464
667174
823695
830473
344343
599065
737951
600315
466735
834995
740091
504808
419655
307229
245578
56184
339994
672719
148599
798607
145345
93650
382847
48552
843805
78475
241784
558502
30409
987337
234860
881404
727915
338162
135251
473579
545524
616839
167669
13189
383375
565659
943542
907610
269944
31250
254502
410727
617375
816287
66924
877003
823308
472626
550364
254084
507961
348984
239749
193814
583728
30549
533287
537364
605202
319425
495554
775950
208819
207164
694793
761495
219823
614389
647793
940104
365217
353719
426391
905575
378386
837125
907367
215041
929848
163478
305451
628890
47507
784616
521859
24469
420015
961726
84912
390587
507574
585320
222207
138074
678511
185594
33168
769866
53079
720542
747842
16843
554522
514374
840572
498954
587950
89593
587394
449997
814863
134259
138751
321293
926712
642052
42942
180125
172598
831227
464433
931294
987307
598113
915294
197019
77324
367268
449575
417959
114293
392768
807908
386066
560599
230410
502828
673927
476044
7705
258867
462661
651659
383249
430285
933496
344503
129165
392081
631604
883218
125417
609113
65997
294927
357801
256549
790869
332100
417225
552415
212403
601598
386169
212380
942767
225458
943601
743298
878935
241336
223477
140175
704953
690216
216873
676266
398419
603377
14598
964566
557293
435158
371543
510935
591690
910738
927472
77157
741425
243733
173262
739452
165848
222253
13837
403793
586944
158784
448479
562056
50101
455792
576222
621747
946164
425493
794761
372353
348778
646343
842940
713805
303247
670153
925751
420723
659920
975342
923086
703029
392474
176547
397432
256513
810415
974393
228103
277542
38047
530767
138891
576573
958197
205395
769261
356028
609698
814567
395249
236711
242825
124833
993547
256551
172774
286573
990170
690140
229390
159173
546154
506457
69121
117361
432195
537768
251548
159900
679571
929881
456878
98994
697835
233320
987938
185748
660998
803337
350839
222237
385462
986891
852004
487378
71464
950599
44119
14153
498850
439627
772522
81229
74716
213374
946514
888261
823973
895663
459895
232072
832608
755193
681228
948435
774914
781758
322826
320176
488691
57371
361913
400920
836112
245370
131094
692677
808624
395308
207264
529122
784386
328991
553039
940306
163154
295292
534564
418330
264095
772060
29909
572340
369342
493201
608127
504491
38868
837746
905528
170263
324214
530498
719127
193384
828161
486651
757059
912551
286676
46587
823136
324909
482849
155823
822079
134423
239067
452544
102943
442706
586223
350636
749692
148931
560481
942156
975966
354050
797482
402918
910831
801278
817692
9072
794478
705677
978589
237730
604860
900948
516687
937846
855380
428368
358672
610239
940760
81662
762787
922246
77293
127761
674551
222089
596382
115211
526198
792684
414421
807406
107676
979817
88191
39107
474469
179488
311231
847097
615005
214371
182039
888268
860004
411374
494511
918914
662208
704308
310085
27602
706143
743316
540018
592800
677863
349610
381461
41059
239356
456130
106974
345320
993998
286120
894137
203183
660123
786651
740244
344435
887304
369871
588568
271794
371199
75292
835590
85079
65247
793759
576709
645965
838421
190399
73106
354787
97884
788492
505458
975845
816082
320699
943693
276848
375328
928262
901223
901795
257217
221680
928567
273142
802993
328231
427558
395428
3380
712450
56485
319620
777345
443561
138475
813110
932489
77331
870602
818104
915623
501738
468461
103320
442981
741004
849648
877124
824296
117547
569180
457149
826298
839636
318014
273258
516658
329869
981794
561929
525826
150
305777
378909
839634
11492
790354
610051
207616
365412
411821
713322
643169
664192
189920
835338
623934
677706
263081
646725
525954
118863
305580
931954
406832
809856
701317
190878
741857
880356
821276
988223
751294
845391
954536
901504
786373
726693
684726
461044
639877
720025
298902
15936
879615
200310
841334
362735
272611
214188
312815
480338
961333
364190
964383
396323
605372
992286
897854
314743
265081
932983
938655
68703
44725
170135
886165
190689
919924
676503
195662
423813
81001
64043
673664
254459
242909
276823
764338
188790
210704
387670
242620
320154
422705
265294
620265
391330
266993
374673
48951
391949
589831
758378
759734
66909
587383
114509
782170
154752
88710
916785
514637
674565
340629
69591
287859
784262
973097
226470
920613
480283
116511
394977
412641
182324
518615
332981
109874
428283
690805
490979
999958
552881
100949
118510
973512
106076
927058
393779
423415
239088
810765
409785
669768
312786
990040
643115
139814
643750
391542
912159
199970
287567
30989
395743
10292
717314
843834
432022
275872
984261
135679
952212
388276
849368
652926
842158
242978
659499
972373
223482
178336
322781
14177
186904
972875
531521
848761
180380
227966
494315
244146
819151
884640
152611
233122
449843
668604
924341
693071
9700
851004
32421
845817
71578
327495
163904
602945
364299
317198
338933
550445
540777
674340
514233
48025
128149
323158
265683
1035
332166
633673
970194
366342
469351
989862
948828
300053
626394
537642
277843
192364
932270
544794
466276
398508
616957
924884
6892
78501
302209
470582
455969
315303
238645
704643
237723
582315
822488
229648
155475
329588
155947
254874
420029
633072
247836
475221
742554
325422
930593
75014
511360
710103
903345
331711
851850
528455
912125
657654
209050
993770
753354
877951
834153
262037
530357
819431
661297
794319
621258
496675
310437
977667
269191
21455
91537
611785
180179
453328
764734
872278
386658
911588
472332
976134
831196
251126
27749
825550
909460
270569
766641
563946
806507
297756
234887
133031
372349
642367
215306
353104
433285
546790
168480
164720
833811
162891
787683
482108
906473
859334
926158
307517
398456
626014
302146
685117
89438
842285
463395
209023
439833
263920
325109
613235
609880
708807
829415
734935
682665
121797
135044
187977
882830
297271
803404
524812
551627
481462
768287
241119
661805
1684
19956
152246
716941
381812
950042
564313
708832
690411
513975
442595
285197
248003
629797
804302
459157
555740
548583
185191
697182
120302
899655
47200
452265
542157
659332
330941
604957
609989
581735
319733
490030
615281
916514
234494
69667
674883
195741
446662
445832
291350
753195
846400
197802
540404
89545
55876
655314
368077
648554
88978
313440
977347
438367
620087
651777
601827
498632
996429
572013
925184
157003
500735
564755
296610
836470
369793
109110
443727
499636
871825
962943
878002
33897
744096
413301
374769
677887
127869
625177
584277
142122
96765
865498
828419
583867
865835
151517
617082
836801
211292
567469
447161
934076
223649
227583
348350
744314
469591
670112
844712
845329
272472
560061
638142
701816
307412
428495
236424
795842
405370
840225
685659
697207
254655
745523
473424
651517
981752
964239
177814
830305
924771
764345
513310
977838
348346
877745
444360
581006
503159
590259
165296
682970
962695
606057
590997
973614
131757
395528
85428
402887
418332
111296
154946
642153
421459
957003
329973
982822
258441
868767
404495
553773
242057
756239
259618
350479
749642
590745
246195
837854
215980
786844
62858
456178
786129
287462
466457
959621
825174
264876
509575
786558
286765
425491
775767
163787
812313
839467
546426
983271
21508
860347
990189
652667
838912
392695
933840
73697
445272
313166
469893
774403
953363
41440
910913
455266
595469
851506
378675
156689
270056
976013
242211
315774
85131
463219
942395
472885
366852
325695
868703
162004
4845
494639
485658
328364
301843
7153
54827
692343
462665
517689
89856
276146
985916
19991
224332
578185
625946
111216
84675
486267
404315
630755
334189
938825
371359
546427
800476
971641
265459
825934
250
202247
535603
550133
723260
813417
10889
128487
718451
637245
511891
167604
125633
674130
717340
611240
205840
856928
847358
149957
501257
306096
152701
121818
561088
327991
51676
626695
765507
886758
149290
98661
370266
595105
408700
603368
81808
318571
144908
936327
640408
956966
55509
563004
827047
968997
827005
519207
999903
606366
214802
759097
762226
534735
376535
746839
428443
888638
89418
434037
987277
966635
781559
164174
795604
886270
541783
769430
167560
25655
586931
692590
723434
17742
546375
395394
549973
422520
912041
574075
775833
253457
470326
705582
754404
161812
631426
760363
511165
783606
234793
232223
561670
316723
193904
120315
627025
842745
417000
788589
823954
898386
206692
235345
6860
67360
917648
737806
815271
953077
959676
833036
562299
16640
153959
162587
267467
548448
955011
56743
364878
568959
621665
525820
48155
73776
45120
953276
809239
940823
516861
972680
738601
495346
783677
297480
227920
160628
630274
936214
222521
630971
555026
544711
748557
89824
58572
763482
892152
287581
722210
959592
311793
455562
638324
675898
503719
353088
703241
618613
685577
157918
391724
324912
426930
447722
747425
952048
840003
210887
999984
333252
571963
136361
702279
449806
941151
494428
84831
218908
57700
138394
936444
810767
573314
9066
374301
521315
220811
65733
125259
413446
900365
501349
584151
685239
567741
69860
840440
414563
330429
978764
469373
781850
280869
573474
651220
762825
521506
829890
618088
20437
186198
544249
229128
226157
604667
132509
510174
508252
978305
827872
624418
273524
35999
318162
582546
254559
78932
358903
946430
456899
549385
509188
719615
939921
420051
257654
552136
910443
505556
640112
80879
360639
76261
223293
122955
190897
425537
439268
354636
161973
235477
807845
834630
988647
677846
199495
80211
744012
49480
561036
570508
272828
499465
565810
962211
148346
615480
861910
725920
551972
812928
730228
565878
54917
528580
663305
388546
305992
164649
321241
540575
137736
827066
581645
70888
579650
750332
636788
455243
584684
777744
725418
472710
84575
35006
101334
111426
747247
58660
820749
121096
773659
713274
508948
206372
232416
839872
282114
292949
182824
761799
316804
529069
314399
857369
924987
741579
924615
154496
105331
944417
636493
837447
551431
318764
37667
343969
452965
15530
962467
812187
232220
475773
919953
241988
626187
718866
914380
676748
283736
700563
873104
165768
856330
208896
125542
96210
174916
675224
564457
220814
777503
552305
891124
671367
78690
204583
89709
316791
704032
938417
692137
475237
871791
708047
404475
665769
794880
150303
525916
98635
963168
810704
623416
205514
81866
379117
211923
515256
196134
627611
360278
973058
835170
160926
885690
225806
892332
147413
3728
12605
61065
58630
332394
241872
548693
476180
616425
74726
290072
305869
627557
578851
257344
346784
794930
202349
60353
697772
50389
733264
999174
969715
712643
94978
534802
229869
711378
230080
60152
672825
139839
6103
411059
802350
932699
130878
276323
385296
342354
906272
183973
832222
687001
87416
236237
799753
417524
598166
949570
35071
507425
420734
897764
727460
413999
215938
610146
124400
908289
836890
305239
962799
123304
829746
52205
211886
947541
981676
202568
563624
204027
361340
35992
913325
17519
646554
669965
51695
201640
892451
641130
389609
148774
285581
962291
146477
411184
408005
76352
553224
488309
950247
541300
326163
8212
624793
774535
464025
918391
642757
172030
702240
60890
494320
394877
156566
507562
317500
817523
153114
967688
984246
969907
974179
443628
176221
141155
20305
803942
366832
23245
322510
33984
16242
463571
963681
746752
469630
828287
407311
248138
510592
863032
218478
456738
350615
104081
182343
251662
475590
585468
548007
999449
364753
72028
288130
248756
866298
604536
120517
721336
364440
944651
868279
407751
185488
612472
533235
475354
168772
275184
674036
210949
10550
307588
423092
664319
626990
473802
24064
396458
106619
627490
14841
782902
708732
370376
88399
495039
169781
170924
729492
14887
980071
831373
523484
826476
804047
127411
673094
950234
676218
748747
619226
496785
886369
50339
701708
763321
123681
32106
873633
601792
324186
95276
126946
44779
262202
729066
431532
852478
163476
14482
438309
985668
581802
573792
556169
505788
748938
148241
359330
604256
287379
84415
406102
809811
679966
175962
77862
970001
694853
678214
213121
596010
170495
702790
543731
692733
687640
311493
276195
95135
703541
48956
357756
118400
893221
549478
888836
243234
528145
224268
660389
236533
735250
574508
962633
391185
812317
349253
455710
649743
471257
573186
442361
372741
801745
142721
758358
871836
582149
131262
761231
870107
84193
550913
503169
703731
823648
770211
855291
639192
791762
964563
649538
566290
74386
639062
610577
524696
590924
252803
748280
89058
561895
47143
18257
288413
638863
195784
253658
970424
520413
406151
7988
963868
972518
584479
585015
267960
384925
531914
253232
743034
460581
101506
314424
750233
533304
532453
569458
226511
146861
729969
603744
395300
443817
323631
220450
60262
947429
899821
987981
850997
467031
967843
122852
897466
812416
207350
326200
545105
616092
986323
70075
23483
482517
384300
680428
944914
711704
255686
193478
178780
574861
645283
101244
959606
817677
245552
716662
36392
914560
837790
362935
581491
710972
795362
204208
523666
158327
133552
499391
652347
15391
410373
266033
155954
560591
506068
392276
12900
68482
558479
355387
826876
198755
420820
121758
678822
448512
283191
919518
945438
580956
746536
307365
142004
809123
612289
780076
382494
332088
706095
891926
328569
13482
960058
378682
839134
293382
912370
758782
315718
129208
591454
309017
75879
189094
299916
248024
210908
110066
783140
560334
970792
793683
297403
551477
361617
107535
737584
18560
435328
243973
989219
841633
821772
676242
495620
437013
774048
465336
969479
865943
757771
140443
3588
729268
449188
977061
2750
52568
394504
486831
771482
951890
132515
213725
373637
319486
184858
492691
916656
429261
67911
483056
790112
831416
233343
475731
882536
988854
694647
416213
366611
577678
798788
605323
805127
377462
17440
548998
956113
267972
626266
513467
222637
734375
52818
909916
688113
429941
291245
78587
43850
254817
41881
597318
289549
285769
91134
825968
620092
385154
470897
227672
886585
18425
989539
432669
918093
204255
717711
182580
631037
316031
200463
185516
982030
137162
544618
599344
299210
565038
144050
23356
441448
283417
225301
514998
303792
982478
8338
144680
894072
386359
911378
32069
488483
229700
58541
210433
682709
280911
482536
652658
200199
233528
258231
769589
103190
351745
654157
531518
457037
345198
199181
493516
316899
24931
466964
194909
465431
152785
643890
611962
554642
653227
581766
773708
966735
618588
994096
472211
274939
760211
442134
610173
454925
742163
614724
65916
705225
629631
889331
447522
999118
346007
814088
74347
64620
434569
238453
92537
313414
613185
217368
651087
655173
816908
462169
416997
265848
510127
121421
85046
884237
827329
256160
652064
68380
428407
602767
122455
836679
282723
174791
12970
875549
823388
336353
58943
438818
477083
898928
815753
830892
813209
865189
767647
957791
618083
274374
834993
913248
303330
527082
341827
199432
304510
91929
100781
554905
284896
584114
967460
926202
479679
563656
525041
575055
47390
151462
54678
307547
550392
439329
311628
353701
645694
541620
655056
244196
722748
383100
308628
507015
139801
240844
692822
830238
156221
701742
166606
999080
966797
399543
16769
130234
410513
458054
582387
359688
432823
895833
162361
219795
225905
268427
695916
613487
518009
788282
53424
688628
986241
162902
993264
577524
773584
590528
479640
764323
515647
99561
425422
961322
681498
719133
600167
456102
412799
737517
587918
7690
126615
338367
366590
189668
23546
504607
84706
948345
968980
313236
729579
464403
82719
414556
163709
490099
970251
130946
413392
653577
926687
411698
746457
266330
527233
962445
82922
872997
621019
975434
130554
126800
130192
871301
798566
123229
920460
675381
640895
940106
23637
584482
392509
564108
646546
718665
144498
553210
529181
390672
242026
889166
226274
961432
285864
735084
760634
389699
926610
893312
51985
685311
302419
405893
889698
854305
125754
882363
441046
635929
232630
704923
911186
960179
157488
922788
466073
216633
363013
33684
639902
856567
964703
631858
476522
271127
661551
451016
183462
654826
611208
259055
757126
757191
912219
7426
596434
508174
419211
915828
3090
92038
681836
409086
38422
655652
601181
833392
648159
258541
322921
999533
538546
709073
88034
167910
908090
993642
251044
528032
412798
9170
647386
994123
305614
268541
115585
589374
231121
900388
767995
43740
28713
212225
398723
593315
974197
662184
523196
569617
967664
787901
157555
272887
556630
412897
231499
525991
572334
671492
907421
626725
246082
849414
924822
740747
276997
267674
211471
380313
82388
534185
119848
106441
858287
698604
142345
134371
160330
247970
668967
704850
79362
979170
994024
975872
316725
824652
276161
751950
541549
721168
251520
636333
821530
952742
748252
152530
828569
769516
422078
821507
832107
953318
222807
378373
518375
313797
209955
440158
39686
522999
576211
546030
268649
853477
464672
351901
107436
97182
686178
763310
869813
689383
380912
832459
741055
640257
732909
699376
553995
415591
726475
835863
839239
927423
632842
622022
146189
814204
947262
430658
258259
349768
256396
359903
920727
13479
831602
165452
114803
849383
862955
612328
466564
770935
982813
532006
821905
922712
162962
458513
827303
235442
871714
588591
319125
212609
980605
579841
378924
729175
725734
548470
636848
291243
216205
964671
738885
214560
37504
668411
457404
932119
945486
891717
394558
221469
620121
951221
967009
72404
308218
572287
807810
38190
684974
297793
907150
399176
757485
225005
546077
475489
194779
862094
567992
73845
614808
130872
468667
190138
82866
898449
945814
723194
593973
781037
971259
844916
933899
219168
356839
4450
745509
80478
809621
940486
219472
583204
471493
334757
185012
629207
52348
855513
59300
253321
882506
792850
380244
78400
933345
758361
688255
162070
109438
394923
742728
825009
529281
853823
655162
97208
980155
236736
165358
49384
822072
795125
477976
829852
843099
614150
442452
940667
90472
89344
267503
800707
614382
479850
794020
384416
678786
98333
233915
321796
39969
46585
593769
279876
309642
62758
602064
273250
307938
857355
665450
816329
209552
91909
851262
630792
160428
374879
369589
287094
751284
701978
271680
454764
246043
241379
556326
889733
229570
271306
310619
926990
570427
522616
746637
245690
399137
363787
589180
531389
210218
114771
543462
90281
573205
331473
581640
767607
291112
583302
319661
531579
442044
345668
746506
312803
144598
326769
679978
481399
859324
705282
113192
181371
975123
95628
499273
612785
140883
764211
274520
144824
284467
220177
159966
27742
331303
496140
632176
912073
632209
811298
402943
802031
572814
77647
892818
453247
130139
379327
890650
277263
276361
554461
885527
619664
656965
74695
509923
183070
931884
574126
103965
666531
983770
257041
644669
266256
129442
442457
595962
598721
450948
384307
394006
478518
58620
497413
971563
768777
990378
699892
498709
134541
655345
257065
29778
416778
620192
202259
408124
904042
795291
267451
898811
80116
806705
902298
959727
991091
565445
994806
608053
473358
278532
554458
121647
300292
184064
933466
366206
217093
898138
662995
128712
589741
482712
832651
747905
556222
84538
229914
975562
848417
410027
537206
772083
235770
582355
541465
836513
411430
784969
624529
347723
414932
213350
11556
867230
744509
252597
641437
768513
78529
790214
928503
185714
665696
593121
790885
966351
860817
54232
364924
982385
387458
291390
799283
377133
207059
511812
584848
537737
302791
97258
341785
526849
564235
921383
187452
511846
329128
143414
236913
351996
628528
818461
949641
968532
558937
437805
657265
203221
887749
254547
892896
440200
753943
660638
621344
208739
248421
464117
57802
970380
265528
958833
809497
171267
598511
811092
877402
392942
712770
26985
503359
451906
896292
211064
589139
403084
158274
118310
308873
193178
427561
438823
864045
242632
510724
692258
822715
902186
58626
431520
68494
730899
334870
937007
529137
294336
680536
855001
970066
431076
83209
47420
646037
489553
567604
858630
478468
172864
317359
124879
313827
966013
842945
684691
517682
232285
618890
605419
717837
887501
799654
573915
707665
755753
957007
519927
729287
436448
697172
410622
813038
443583
111168
310870
256066
839898
23710
416933
439556
338814
813572
730419
855089
668330
266625
59641
416647
891885
632371
877441
634472
456349
488693
436601
215960
441649
407925
576922
224673
711548
362339
671856
375510
296391
578501
101381
701684
412617
92391
983918
56739
399941
173168
992305
689628
33344
978512
244518
284246
88696
876089
383385
684318
399233
365827
337436
758504
328223
492488
962690
209027
224109
809316
735206
888935
341906
734508
167078
453987
320784
230131
642297
66219
474152
380202
932435
823408
452061
529585
321881
284392
611746
29612
612124
509915
395536
316223
697771
609017
490722
314437
557945
362473
765437
607793
475884
873777
336016
217044
299286
345903
810297
945810
201592
663868
214989
65032
60409
5696
60164
524269
990002
972091
774114
862572
321220
169884
836433
310297
312839
510682
357948
91862
115351
670850
896252
567534
204720
373497
204125
457693
66736
610632
496578
894478
191844
587916
413967
847040
327760
766637
614821
376214
788126
311352
940917
917500
821947
895955
576500
868466
161758
558299
818807
634536
104988
101226
43026
256806
123372
197020
831679
237812
830564
290294
413813
930045
166652
218121
871005
454018
75064
330208
523367
789943
239043
711117
606210
550790
249601
350501
328366
487266
64044
560004
404261
680379
486166
276063
896540
736348
543738
841837
615656
210788
129965
158706
14270
979038
238644
814441
505683
273472
269039
717133
421922
121138
972996
264652
309511
576244
395241
50841
492004
592736
252276
87388
998508
75849
954632
935285
782365
117273
93360
631212
866297
159371
406279
876242
271357
144725
744441
208846
1744
25586
422494
461829
370964
275835
95593
672336
352752
565058
879159
956745
909626
725875
369539
466950
418050
270038
619458
376802
917561
123632
889910
340157
815306
850825
807271
28546
22409
643396
229662
253357
968514
121333
781312
196889
905966
912334
591598
763756
884811
529229
862677
552977
591937
561314
748705
230644
76672
401101
284606
763664
957939
895609
168889
42411
805778
562994
435349
526378
171556
322304
519275
336207
969564
624993
326291
587289
342496
314844
95565
454937
881614
162358
879150
293944
33726
874253
219190
373602
368681
914387
556092
472334
430311
731179
910346
797548
30996
53273
462213
739818
446284
291305
618757
750626
440150
500256
355139
197795
858589
500310
210096
28441
302520
575650
488540
944845
861209
27433
653267
289833
807280
518720
258500
795855
272434
666719
288825
864653
500846
746255
178238
713812
898142
870470
888015
763564
452608
670825
301873
473241
813696
733332
79281
611056
43361
471092
13082
348884
595825
407848
755680
920199
573815
190436
282428
738246
921298
969185
185170
439731
818193
241563
568120
826256
693188
263955
979814
308519
749375
942219
402689
483746
727221
107805
16378
665317
80377
95155
446053
695567
527774
473227
19332
502996
340837
239368
303127
905641
168759
33247
483577
930039
20895
340130
499927
405907
895930
480134
706684
646165
793227
536167
855831
912427
313820
77016
680140
345693
174986
948906
313466
926656
174982
35737
694805
474462
391217
216933
517306
590113
513265
266576
20612
376356
353170
771201
505679
551655
821911
885195
474631
335197
571874
287943
518763
325920
911611
643044
89796
43200
595682
301193
545769
234331
429053
968682
376119
845920
111719
405458
321721
502108
345101
23726
983483
900721
628300
483998
329547
151672
509417
802437
173289
325158
190406
507135
480266
999690
575041
371058
363657
904114
826473
282877
552619
330286
43294
760526
739597
277740
431364
461712
871212
562690
705059
302465
401745
657035
720991
473953
392791
831528
134863
929606
358907
650765
573310
800002
797495
740459
758591
216726
465313
952126
158645
382093
829070
967015
208429
948198
469662
77630
835814
433437
137120
718728
658355
764059
784694
334895
554431
657548
43941
334378
401713
379359
158476
153739
549674
730970
900530
537253
992683
129815
68280
279447
732116
413918
268333
696889
971271
132640
135552
321571
73387
471950
731152
461269
245773
480788
667014
133344
519286
619686
723404
23845
748162
265764
263398
591933
320460
766431
537564
1158
29034
664240
988581
915313
829048
116062
497351
807355
40398
345782
315338
218645
989546
858685
228319
880355
405265
418224
292639
415181
167860
592872
273921
39987
560958
350937
696438
294461
440701
976244
540834
165648
448810
568941
575158
595100
818518
633430
33710
279442
267635
185706
564324
819507
408189
588839
262288
738756
970243
225938
207709
228766
251222
625822
515688
400673
806157
54695
857879
276425
412785
81945
268052
837720
558796
890862
493285
404787
733449
827668
37546
432073
482888
787628
280050
599726
935041
269295
764217
133446
116498
793899
43202
178844
733414
381483
755213
42578
892932
42677
457142
305011
794989
77930
158052
299523
548567
739398
712570
15108
900026
745806
741861
343679
782559
398150
637001
116586
676601
242673
178477
379055
342622
319843
120537
242995
720197
184777
377880
218791
123264
998385
118422
747511
799800
839492
306349
64820
198139
984301
911534
561640
727821
715560
493365
405897
115500
169769
566345
192061
484497
612944
570645
844658
353
939995
851235
952587
360956
303008
941305
872308
746083
517558
865424
195798
12419
309684
450797
841062
554914
540049
656856
174053
967787
701908
953906
844859
605987
599831
843771
508010
479461
233642
619282
401716
999301
728315
51674
992741
628869
731719
159443
440252
238259
694984
11636
464084
830958
230794
880116
191225
84156
61131
314485
846088
76364
693131
242414
186474
831471
301367
340335
985157
2454
468028
319751
678137
781473
52273
547376
409332
250629
490723
245964
612674
486225
996349
578049
387149
970502
178476
657901
449678
460626
4549
684003
118606
749395
1989
11023
57486
577544
973683
716652
909813
209622
349153
326556
216673
734901
55440
694878
902906
328563
717651
669364
347585
773644
183195
570010
719798
230067
647312
823753
430645
96777
476460
686603
138969
667891
603313
705534
389419
569415
130693
929632
881803
225048
523899
281657
842165
822610
319991
604228
701891
170797
414321
378972
234582
985316
582145
135492
947185
210493
922060
423552
445877
589511
220363
319072
988853
910050
957877
731292
230197
816696
593225
352219
181252
117002
110074
366542
730995
94309
63926
521593
264179
42133
875218
667972
999725
725339
97254
902574
109417
580488
866618
720483
492231
734461
53161
332767
163142
136946
568286
375947
379605
605429
536154
744762
103395
92275
907828
203435
684023
936561
558792
214753
362128
835068
427771
801911
763025
18242
777568
375436
20210
931820
164677
228146
296852
881082
686701
965210
536290
852292
854430
525459
582574
47403
985291
812173
93241
871177
986337
307543
172912
710409
88060
591823
471377
277642
898518
64344
724822
779943
163555
780000
717679
574474
488954
774673
312292
950994
459994
774504
678040
96216
286252
592936
729479
726588
882833
359809
503493
64924
915063
659441
970369
435704
485139
654259
158343
880949
939134
804757
378288
208957
970153
285991
89831
674435
595199
888079
193048
788388
599830
85370
83575
711977
229968
16301
306793
160617
640020
440314
853651
629580
142628
937613
764222
941866
525020
336422
27172
186769
158214
202529
593829
99292
284273
499609
910434
328731
505835
855146
240574
98304
435902
524782
980969
199842
989569
375303
95542
769253
455015
739027
110260
776393
491827
478644
702268
739885
29267
833487
440709
881406
189721
601856
859148
789967
241291
186956
690659
710249
949646
297602
279020
639673
458877
217652
186151
141844
218439
84585
436040
504884
409112
811450
414761
445524
50428
928138
136268
454344
616850
336
194031
862369
21552
273869
419143
608944
750564
543787
283660
473849
731030
152431
767470
848950
374217
536091
121028
834560
280675
512678
198254
811837
132489
766385
545493
301348
268567
578311
593657
923391
928825
513529
852635
860532
959708
315133
206735
322695
587417
156318
77084
207004
500193
436207
799984
866987
714941
652
139781
646316
395267
384139
159911
528694
695780
198890
507730
182137
531619
482327
212985
897173
953312
860828
161763
356181
791250
90790
354736
402443
572564
254832
73850
238536
195089
464343
249208
269876
450142
866170
115864
286691
704509
247545
99350
460616
501319
444521
438148
828323
334297
880549
74024
286840
920686
596610
996846
122270
255340
24330
572864
600293
843347
148742
739410
590927
262305
428886
990094
613872
493443
199996
758539
637560
742167
319547
94687
594785
554763
390155
91569
631142
900597
548373
81132
993758
379921
745139
665638
978394
360355
668016
716587
426334
602674
879321
365390
547508
768132
238380
35966
925490
968870
72634
55149
917034
496097
15394
371552
84308
65570
74730
488366
656921
834646
429797
308174
255747
359310
721599
509446
67269
822538
98092
535218
357871
431316
427961
304993
60538
296385
125642
503079
326776
509272
423389
908644
739830
803194
739218
536044
192433
716994
968868
46537
819949
61799
497273
976345
384217
489191
292727
305746
165372
379677
510739
821159
528830
665916
691094
362669
860518
104534
895134
148270
369553
419102
369738
698900
621976
440223
359977
227836
109455
811170
625324
818933
511344
598645
612383
248852
97927
18767
167351
265542
158112
605886
182208
566854
380739
74584
828575
79259
139985
756400
792558
950546
540559
169477
33747
169673
671239
337803
225069
587692
596980
929919
14225
100502
414410
114480
74317
656038
996241
835284
200293
349092
7575
173577
928747
326412
540240
643544
965449
174886
925251
739886
254835
907325
230618
192220
650362
972647
647881
574008
765966
900547
462105
303264
646163
17986
4048
128286
419291
140671
691431
348940
545826
386280
442238
824063
545523
884361
535926
431624
418516
630344
310955
118398
320723
551677
323589
956377
385217
278153
437588
809967
685414
807035
250724
603460
332365
331507
717558
205658
373328
283487
468003
778179
87319
156030
832632
653340
481077
772602
532024
571651
501414
633693
174565
203483
498791
850979
987438
543275
290930
554666
242612
810214
693525
776326
431290
316997
338158
435441
454890
138193
2117
69151
447742
527933
512838
434480
8401
770735
363161
307395
201375
705824
775768
522892
379462
894652
188700
717148
238217
626846
617701
942836
380774
263879
640197
363798
599769
977550
836526
338559
691238
937452
353422
588064
498893
162952
423123
871223
129308
761182
706700
675466
492510
935883
696111
520128
870385
544567
509303
646364
652022
246431
18278
98263
68449
701480
47448
67119
205719
166744
451666
583224
180641
327771
987898
168986
859152
216548
373077
453757
604718
424505
276405
472625
170308
864855
14890
872339
804832
178373
526707
880235
906509
141713
69881
4242
93832
256888
574968
116593
835986
238168
628242
84105
186343
451226
55966
687387
508594
491373
150996
511273
479296
450721
40171
572794
762405
716019
404164
893755
375788
790278
717559
855104
246008
126323
475001
816167
84667
81015
885287
99549
769234
520907
879217
883066
763772
521361
950118
844744
689718
983274
978903
573921
681204
987940
111595
581430
305213
274001
15359
956844
848548
919859
368823
469472
111198
709459
988262
988299
516549
129008
939094
545089
407720
20756
478668
77060
594715
321685
417668
192782
992891
229818
185896
427332
370662
560603
817525
427848
461271
679489
501756
687700
505113
729116
215117
54499
69753
882280
389945
255361
263271
898937
991438
449721
871468
447986
384807
88624
609950
380275
448601
597169
113412
157263
294222
223583
67419
481760
750432
596312
314722
767741
880763
150676
126882
211601
653547
281378
831173
368192
32418
405181
405363
511439
600175
953322
280734
742605
174622
495666
267488
748194
11049
991003
646898
835217
899919
593390
583467
164476
361973
187330
361497
133181
291162
201850
100656
289826
668258
708974
227683
947256
569705
821607
693780
545577
625777
266129
594991
295028
937142
110974
25964
195613
106984
187477
856860
964865
38667
682053
57735
626204
319207
970498
252699
261804
80296
86349
16160
708464
602586
15023
520430
308961
118767
244669
336987
23417
975437
630575
388011
255328
211672
152426
283145
308732
560792
385113
745194
751450
905652
486541
113024
19013
441894
834698
226408
540524
278744
508820
713861
660334
392429
870938
31460
630507
109459
268207
42520
409751
701105
440662
31513
853951
468864
166337
510384
375315
265750
690211
51979
106389
984768
423220
535152
575709
348871
205185
45966
958534
343445
890285
369199
123897
918770
784328
855050
53076
431399
482377
46774
134390
907203
665451
56440
915643
920290
437565
569389
144556
971001
14499
165085
338237
274314
296881
596224
564384
908185
89320
265839
5303
667469
633502
50515
170827
585461
761559
312368
337740
749947
591339
665101
279485
323693
914358
384388
466833
582639
3649
39819
237609
174359
952269
162757
235792
200358
119096
239707
863329
365966
402576
773749
726328
620008
332029
985928
509368
232094
389659
282410
315098
185006
80056
794254
760775
888527
201897
652441
953001
511060
117998
570311
130653
721340
997499
393603
28734
473270
742003
469770
411460
465531
841635
324262
341478
70367
815924
788912
798154
445740
399356
368355
292208
368129
643904
318157
135295
557399
286090
341919
593194
694179
540771
442431
861575
311726
52748
659660
385180
21345
746729
888430
405002
566816
769972
661687
606462
195128
120903
206587
521644
915188
995566
716728
365100
495456
618839
713951
697216
62680
120678
407619
768881
130443
314021
164189
239318
168274
590937
130937
165110
857703
198576
166213
912323
184726
913188
489547
547160
187622
707619
906530
312296
71229
697848
39710
536640
488235
643683
662919
672021
963523
723474
33857
760889
134034
376428
915149
63866
158764
580154
175464
447768
369633
553842
536401
934368
430178
856232
622313
230737
839350
87986
322794
735701
807142
63225
724599
995532
118206
207952
239830
591482
555019
115253
692354
611373
177439
641871
133628
239114
940098
117462
249032
519427
421301
250577
58955
404900
168483
376123
519487
174925
120039
59775
888592
849722
458164
547990
384510
509029
384449
213424
37583
73826
321519
698041
420154
926635
70848
859562
766519
799492
201444
938252
132695
76669
153450
157464
113882
733853
97382
315756
187165
857195
259054
377324
534192
99288
397950
842739
565510
16588
879227
517045
818309
930443
405589
374771
247620
920965
709593
653622
203318
130935
926883
659840
857536
671730
723331
482959
732359
168965
304418
50707
700538
27717
205359
657954
492134
736870
651492
235002
661922
825467
951177
494979
345467
820253
688514
194269
211853
43340
339248
152734
549866
279542
763367
710899
768713
967960
62561
537801
612667
662144
43481
699038
402992
688027
44662
713573
794152
966880
15379
659368
686308
340465
655037
439287
154475
254298
592394
979198
649848
475510
637268
807856
629697
25776
680081
139680
958499
387559
70544
745262
366767
596907
77899
960164
156355
601798
53331
66964
324891
577020
692143
634678
938038
414754
31665
376782
261039
805676
626797
230713
223784
302995
44141
503612
896518
213471
152168
149815
162501
534344
712658
379519
498059
676848
592477
104713
574707
800479
360400
791809
952182
315433
470977
246906
742646
77164
621103
1472
177254
117686
48382
905802
213592
260035
677967
320268
8228
340835
884988
240744
350706
740794
977389
514820
771749
293474
635482
119223
871716
917355
422557
238108
938182
101762
857906
903945
368346
709423
400271
969306
923664
657144
176538
845478
276935
76899
781003
194644
745331
520153
487328
151302
414886
473335
289202
70028
634653
698123
26962
171405
199001
851469
28978
860449
210398
129630
34727
416578
57949
362151
25758
614177
713238
922326
106770
62567
197208
829045
326167
390886
117544
392212
589665
63600
212419
990222
615348
383559
566214
268190
641377
447629
842742
89157
848352
249241
566884
636507
743757
255889
127565
930612
174341
862928
862060
373509
970401
730907
148273
990248
16937
70614
8010
322875
736039
463386
869649
782595
80542
572448
162965
626604
50986
443161
188164
409646
185013
482972
728370
879116
463223
164680
285238
482492
743526
244491
45263
431779
18914
608648
109705
41911
747600
113498
997291
707765
913178
990807
738164
967080
765979
363869
963290
397311
116148
399092
324809
400252
150624
733333
514191
697556
568838
335297
728269
708184
533496
340377
937359
272305
306015
782506
588837
683079
862980
191461
180162
756628
841403
685824
557303
820180
971628
768378
179143
973720
91839
333051
23270
817978
549092
19929
389139
902443
494588
105103
90728
894311
311304
784761
994827
167147
651633
293703
948158
864317
464269
179427
918410
363952
892234
754911
203021
909623
942448
740567
634954
706840
105218
343778
593499
182960
111485
969908
842433
421405
749885
248723
242396
452491
696575
705268
711222
81822
361985
706226
212281
503673
721990
218858
309313
24809
452086
376309
824332
746610
42401
346883
775310
491123
197924
580368
554786
980216
246564
930822
368604
263671
481392
345463
47715
479061
539956
400622
423422
255097
495997
650612
973548
615421
461020
689127
737485
307024
355249
652383
371944
29573
972933
556165
905555
418994
97395
227165
187322
107018
853303
211453
471173
865239
883761
997514
971278
816972
573232
49420
567305
174461
138621
852418
424764
866627
32889
408042
732934
466371
339646
535131
610816
808393
603668
110642
234063
103949
961741
578980
845144
748798
478707
215874
452864
332570
292412
684338
635087
310380
261741
705796
232002
481393
263315
767230
720173
607887
881873
157703
515004
384758
151277
999130
732884
354258
134276
545175
505578
426526
261023
115975
707992
500188
800005
460674
845733
785358
524686
948715
109504
180065
464531
898089
756955
883189
236436
816265
376035
475277
347657
297023
526746
661088
524614
542730
627794
224012
836105
762165
710314
240163
231225
976730
892284
152257
179200
260646
455491
583319
290180
444846
767528
888790
490641
996396
896244
765947
744392
815522
988158
669425
330237
100280
226552
856975
778600
563918
27981
700234
309882
506189
982411
108439
708440
448044
228126
742577
81824
640383
264766
253954
63574
396728
379948
434598
744444
842960
198823
650962
579157
323226
187637
386933
308155
569764
917255
43433
375311
214534
668346
382166
805514
655290
490532
77554
548087
806593
566746
299945
741180
985048
888480
967542
724688
276781
691752
445022
141169
790505
537682
593584
692052
13163
410366
645462
378536
370386
622439
770282
482606
614951
985364
798161
144724
277904
985049
207309
70197
602850
728961
810534
721174
965197
244183
66406
442299
993014
912977
121725
830823
910242
525530
601989
708655
308365
831840
749626
398683
677093
683966
1304
208614
152029
584251
680827
14198
690948
375909
71254
803394
330459
399568
265315
824015
105424
245285
453032
779695
42778
579780
302758
955673
443418
781861
701325
842506
460018
668462
300915
498073
29542
420633
26078
8110
810022
305325
381294
393360
712691
199347
2561
79707
511909
743441
88181
649469
802627
591095
4203
499202
188436
322729
746383
341097
422647
716522
875638
997093
709968
742471
994912
867053
995997
96893
652956
552960
21670
224199
604171
660281
981523
629705
231228
134231
772946
270199
830232
317962
448657
288533
203891
645461
534104
619084
674096
116038
585221
57225
237029
109828
841746
474230
914241
632796
925371
687771
397637
385593
713416
712672
39075
489011
979318
620145
215430
954426
247242
590531
337249
517714
858242
909452
726886
692724
168963
561688
211794
281703
298697
209358
826251
957888
782390
529871
588169
207870
761810
932516
311841
676307
926998
344752
433218
507301
900637
975456
879459
780199
804080
886490
940162
271675
137352
782698
775158
617647
87557
408501
788514
770227
477860
484513
788832
462328
244762
64616
601403
657194
298953
501573
758990
920514
194345
929492
779128
968277
405142
629891
547734
858992
528080
869320
880424
922866
19666
56285
779600
518739
556309
563654
87669
895890
785022
800915
78876
174946
15999
903059
234703
354162
169437
700086
420537
390423
150348
243907
164052
479641
15350
380466
554297
901655
294938
222567
568342
346519
24785
658187
751022
335021
500681
940251
147272
80826
883170
690494
462933
101542
612270
910615
345937
582832
262912
880878
449868
386900
58803
701855
363431
827015
654620
241731
35699
306314
249900
259275
628438
889100
142687
684414
150694
414844
648442
875043
178788
817256
615809
322528
410777
135497
311376
766043
769248
641018
563777
889550
964376
75397
83897
89985
25734
366501
701475
100112
444949
196448
465552
733049
819740
647199
153953
59240
216784
817357
905972
16382
931809
482111
617318
945677
505122
237816
957136
299588
627855
257591
920310
139195
275349
768676
406902
279998
441422
483589
935390
759461
961743
818240
641256
623060
505927
896839
394106
218915
181980
636524
690807
283703
940433
768476
903977
895084
859778
143764
996618
69197
910073
27316
705839
79424
61809
645612
337426
216127
187877
325754
654464
551635
952278
142729
762743
925778
769698
921457
817997
294177
569883
669834
418152
976888
385980
50157
773171
74690
580088
275868
944763
63580
175853
958795
22055
174632
904327
400729
190306
895671
983917
516005
500665
802820
944869
776222
750443
805000
365212
622803
708098
992100
892830
647810
475602
377335
899686
551690
546447
3222
270310
718973
192325
503209
490007
108381
659229
759529
128165
997722
118143
285141
562035
103039
553465
449102
153168
490063
135908
572885
51102
36396
743051
470252
281181
251866
680418
150331
464599
168781
467060
789586
295423
177110
926667
901605
426750
787950
117896
593481
508447
567300
270790
798428
703037
110486
779994
154507
611963
662653
561052
285639
865177
362982
868349
497072
879419
665690
68998
861393
37462
480198
1429
243708
90627
107816
643907
233910
128468
486700
769232
281672
480481
414461
923298
889263
304434
371982
160037
650192
177508
237557
121196
596369
321035
899725
468661
618815
813394
166425
865859
751657
395315
850550
981410
468903
598688
988699
877635
392892
270744
635048
510675
463996
384520
783136
334249
359256
294287
190148
605017
76104
469146
980045
286950
156243
585838
980805
883540
131070
184261
141762
320090
742031
677391
182144
833142
911740
130778
149339
951477
337478
702283
196300
647977
881006
270907
110656
46525
47258
686769
667724
220256
15627
521131
774683
522378
792833
28704
557022
783276
263758
440324
290908
986625
184051
106859
217626
910273
502315
505682
607747
962896
6470
338788
241686
345683
152413
1619
789539
999660
502933
652239
194455
484168
603028
225270
153427
45715
150672
982137
821242
931354
561146
582121
411481
133981
400687
333970
921354
292782
269482
619083
753156
288339
536931
316290
341794
459758
397506
111061
99060
127001
235369
890829
777535
354143
99523
401156
487966
990985
489257
744324
936457
666316
938683
835648
721966
788722
384397
559313
561055
136095
453836
818963
114367
528195
853553
16079
240227
19329
458126
347908
753371
913668
517667
151259
16770
217173
743090
310910
846982
357796
242290
725520
200373
555684
418518
370008
963536
217860
353409
591988
343259
503580
975686
945143
448945
38478
867307
219680
864589
717992
913920
829444
791264
301683
354203
59983
239886
276343
986575
649209
733992
219819
910266
661140
189264
913215
330621
584421
130011
84846
41708
754414
408934
189105
255452
292455
473192
104623
471206
306291
60374
525607
948064
389050
888616
522490
44524
303327
979288
441442
508425
900415
85304
399299
846134
94743
588890
227454
58178
81490
823077
165279
184222
672245
951149
526609
106316
625600
598789
511968
945241
769871
388943
24893
164561
539895
972
759842
99347
890098
526631
487896
502951
551003
955410
140089
287646
775873
897015
348530
644233
727098
463869
318578
339842
211253
92016
790060
246228
524893
596307
250205
276992
860258
971933
439018
848739
236068
418901
610093
116981
442648
773019
451438
521491
304613
485422
491725
958690
878332
14666
113496
311775
902124
288374
339611
246375
707626
402777
370866
44386
619631
917047
302911
712205
431552
280134
10934
114185
992753
364629
695016
791011
350952
767473
415506
888565
514658
217900
615252
784374
993200
104899
405832
902160
825151
288708
273208
540704
874538
597896
540378
466554
421518
396932
251082
997056
791426
121525
406908
320688
887156
50206
770402
822148
16332
136996
411049
372606
797836
86281
50361
404878
435625
260685
232801
842497
589531
829944
119384
861380
361975
822010
444339
222074
494750
957532
927852
924339
366988
296393
170305
217932
501420
420829
143785
913334
101592
564824
572679
516925
575512
688375
65142
100039
577646
450967
534597
309398
896197
760648
880042
666508
774002
781412
701857
133244
770110
30890
478642
901228
768268
684325
585586
932076
782309
92994
800243
966786
819852
518172
651527
415231
990354
538084
882530
558652
116937
371050
978845
222070
387728
848906
575511
853892
220749
386229
57654
173169
692346
526683
75322
668310
98260
653029
466619
345638
643547
297531
156367
512733
844027
605925
521428
849382
171394
28511
858267
954109
740402
446363
821821
944546
451636
383562
75683
251458
900877
455011
646332
333510
44897
153769
605301
253594
303345
725
554546
68568
10838
694004
376984
278780
780678
586095
356940
580394
426577
158771
930617
942662
782780
781141
7087
222898
43372
46111
763816
405285
550334
90748
179815
867877
709748
414715
624954
257249
863363
432350
589869
106981
256788
614401
561370
816364
48693
227426
269233
991600
937664
137044
114892
950919
54086
350306
740498
957368
742797
391821
473871
64659
719153
471402
285008
391135
860428
820680
741029
112769
538381
578942
882738
966106
522450
985737
688876
980425
951227
842583
943018
269762
19067
892101
285279
489127
247153
269400
254169
876506
30389
413310
659817
52487
246461
198832
877165
156481
705804
649511
933889
577161
79031
824354
696966
481861
834949
256247
791149
956893
421498
394972
659972
989515
632197
671643
658812
720227
92061
717346
982677
517427
988215
648952
516520
3077
253409
515274
203921
363137
445438
449507
292342
124463
982046
761403
454905
757403
307322
828070
813494
802193
123529
381869
420665
926216
152449
108282
942591
383515
580461
362476
374759
217970
180327
50891
55350
513919
301363
752981
370947
884068
298296
916407
940741
880626
713628
677591
841549
863610
495013
843179
617987
243699
108631
20475
271662
788179
401943
504418
684604
748384
452558
340984
988644
662738
457786
335256
142393
577296
769230
932262
607138
335990
495683
309052
350646
88000
312284
998386
431855
871311
626619
2738
353554
759368
178721
848949
289308
350849
526806
830130
118818
68927
665924
107623
81951
409482
635540
86310
641000
282322
442740
634304
55199
824552
10156
827177
335257
126066
152983
898824
559840
877767
162414
56094
81684
553133
788928
850732
940076
396094
516498
299866
737934
301938
986162
804557
43190
502928
534142
842128
900763
266405
462484
190031
404383
296940
315716
970554
123792
948259
879298
889210
580779
228527
60737
913254
71772
617370
345270
936436
194039
352885
954989
11408
3911
855418
845949
782356
56911
545206
441707
62458
114046
787537
645037
253756
880256
592571
897033
443402
214513
303093
248410
839911
687404
358457
474932
210913
217986
565896
733215
784171
373446
770510
143296
754201
430963
14518
343636
460575
145541
3905
964827
276435
250603
830723
825832
423989
443374
680882
194956
795748
399990
619185
171410
497781
993101
32715
798374
681135
404113
701813
66811
241074
721680
270394
547378
464676
8914
478287
631376
566837
465113
292413
292792
14323
411406
53181
909797
57787
362957
653947
540483
933453
152202
252029
74361
908062
987002
228662
260594
820146
598988
693062
639130
985539
76639
739743
966637
780059
466187
114616
698878
650650
790610
562410
332461
859485
710907
825077
196344
536090
166626
883155
495727
380410
11705
600095
944293
458137
577888
206503
141193
817012
947508
791579
409459
604659
878265
319095
111215
553467
954725
744066
996501
666145
950807
411824
640098
731131
721329
223663
41614
270314
395781
492293
258232
902189
680735
603088
547338
806669
506515
14145
512060
852730
584495
196787
954962
855761
176711
292737
64983
602720
324437
318047
419618
537787
478854
438307
481723
974808
526934
464415
660107
786213
749842
75642
338014
835589
150149
145741
485992
274016
379248
422327
28419
93994
690124
127588
291174
45686
554550
832030
427813
688637
607791
35886
576184
910407
252287
360583
193575
98167
50117
993931
848436
306042
395889
213141
400549
621254
668172
305378
218034
543727
539639
642245
437981
516777
180924
119236
941731
921808
850432
385085
81966
894631
159755
15827
965140
993268
84510
6782
103462
716028
777122
215032
240822
112662
749100
330275
637539
68609
220742
615995
123234
193976
813499
468312
388230
651979
144881
955774
409667
788884
301186
44284
596867
750967
513608
500106
711454
565273
173843
582211
775856
749330
121745
743393
874701
754033
886664
903131
861478
145791
7320
608726
654736
945021
272704
54308
426345
255036
39346
156982
686928
91648
564835
191622
386966
459531
269612
326243
79149
64631
475767
944239
129895
448444
689284
369880
450952
721665
419615
415342
566804
499162
301907
819442
469813
935713
216374
269982
842322
731799
484540
726343
196144
455577
116209
693482
533737
67178
252602
122512
813884
805529
689971
142140
852798
874616
621453
213037
803383
202944
495908
185930
203299
679768
46955
461046
273020
594106
82214
321834
389353
95524
112622
784897
588015
437597
984957
613192
926523
231038
315587
853379
376370
251029
830471
446795
222158
584453
357052
706055
937228
204371
694862
172884
475556
995031
20062
399777
526323
153188
489979
202092
744545
319825
485219
734912
453706
478922
786700
107855
563944
742338
538528
968007
876256
691510
926083
439443
853573
921296
727987
43216
775274
355835
802426
59941
528248
652265
45051
60856
754263
42420
891597
271550
614064
520745
56789
140211
920972
48143
881894
474685
458324
247895
161944
607693
232540
236445
56708
781704
977486
237938
874243
922379
774045
626994
547022
415115
843813
46148
598107
119841
996494
536053
57405
750908
838700
158688
514216
103333
593817
69706
804576
814237
231725
71050
814211
549282
205852
267173
424047
365329
711213
534968
221329
18149
275603
61838
925515
11549
342442
681810
871169
643708
441231
610398
681089
575466
52060
671409
644620
522680
681919
181440
114053
735489
551139
4085
358059
663209
476336
160121
659277
38371
385445
988587
897902
202430
327141
145436
907979
923303
971870
1739
250430
975454
752525
369868
98581
880873
372555
905249
507012
704486
222105
403548
928250
44738
827030
956833
702213
732733
945118
38657
552260
129222
111823
642988
790108
892105
357605
425463
574806
935298
760040
111612
657172
219379
398709
491422
179054
80753
178918
518762
567150
283288
45217
278233
62499
26654
607226
204326
146309
37510
441612
715626
944881
607611
58187
487134
23044
342854
462451
788712
588292
104236
214816
889528
118112
187060
757130
152631
401669
700731
785409
564730
685194
927577
99490
333658
657587
436719
134764
508142
823331
295183
445985
860545
313667
536296
575849
182234
85908
750469
925106
731898
294731
354846
38014
597184
905071
37791
718549
485039
954756
463688
400982
267254
924914
280153
845199
863527
96213
201782
644202
691451
568352
326466
788406
482776
356227
731385
236464
840161
104938
637809
640027
805028
903996
36662
596496
487466
119388
357627
204124
987226
386931
624032
218093
277008
139180
66468
268584
130982
258966
870747
222460
563311
341031
847045
130276
752615
836373
547238
500568
603789
413656
168306
432752
674922
486140
428159
220621
450644
772684
922722
746651
884723
709580
382819
604885
788047
159263
674415
632551
942150
994678
28260
808244
642664
702051
996412
534515
36851
619276
57235
625012
318310
68539
585110
81089
341764
460177
634058
662183
193946
705590
99956
115965
967484
76399
480194
279524
813386
638098
563358
22966
210287
32684
995889
522978
774585
826177
741854
487365
655532
849915
897295
332509
679885
76143
259628
241266
721173
251978
643148
732705
225791
151220
720708
148733
885630
910793
542729
839538
465053
877201
658489
664212
945735
32463
884342
869354
921163
114170
223330
921632
800793
230777
705025
94802
139243
138962
324114
718180
322192
607365
686795
245174
872983
657523
675327
190660
815217
26327
158589
134719
616166
754515
631410
163636
49068
579245
560935
687226
613161
811676
327264
217191
800462
337733
917224
955003
620051
347622
36413
4870
716663
833032
341915
495334
157013
538915
552622
435040
651126
919976
402339
540027
404749
158295
829152
82936
990720
454976
528985
686762
427998
279749
82940
689832
29387
902302
238835
913112
334470
539590
967703
581549
557445
244382
939642
273635
507995
392549
244258
359342
915718
868872
303719
180344
171248
578462
877472
544393
808121
857570
51959
467553
948188
180646
128744
859136
54943
171856
876924
154141
158443
879294
844873
143666
341812
691769
877688
380528
630879
310922
20371
896062
308823
517555
802322
877243
3722
361733
404410
437924
217450
285785
141996
709017
402206
27715
144674
954100
722007
406840
29464
984128
847106
828763
179847
503128
376918
988514
694348
497438
314217
543336
747796
129007
916435
669280
133722
738569
514201
464069
106564
267901
803918
490135
989491
339099
505377
28449
913581
204042
930865
302514
534777
897774
481024
143739
453887
193562
540161
236218
571991
312874
664765
281988
836397
424339
103305
827432
103910
805997
641245
640406
986855
59700
707946
772988
961407
455403
689538
765128
627673
945191
589011
962806
846786
773103
969592
345915
22828
954540
477255
596477
526412
503705
858811
665627
843386
147151
468647
188354
281074
507088
613118
13571
935239
573145
44901
290649
657252
836916
832945
875785
845317
535351
548471
309619
271462
141870
254855
629143
760947
978538
541217
372765
780234
123068
573350
290776
318863
40280
877647
637351
563562
91813
986872
945556
801707
230316
996161
543481
74287
175836
511465
397059
220216
575979
686636
577728
805545
376752
152471
264647
530158
935327
88697
817604
28216
483812
761318
253189
536281
69631
878461
223329
28234
812508
726051
21918
901723
194723
427262
518740
308461
904360
53699
246960
156553
419501
39940
182810
69701
581159
498762
17179
667566
80378
947978
204803
167270
909421
452196
489860
464280
414652
527725
665006
153389
483010
439087
217666
133642
517085
104700
929277
445934
500979
980747
852832
978439
415895
350009
413353
977769
172816
2441
162923
456091
85900
470540
132092
493148
960329
25955
704669
725122
26784
547188
811811
506807
716219
254350
74514
973384
100542
662162
733918
998941
220275
558573
774431
897925
447369
541541
280807
903650
706177
917924
681277
722917
277012
290475
910564
836292
27361
564031
183886
166582
492768
114687
254393
383655
633908
175679
80
313025
366723
239611
84555
673293
762587
300665
344190
722282
26678
3156
964601
48622
591967
193468
880417
450262
854696
52737
131900
665032
580427
586786
62734
398304
793873
748304
927590
650645
840528
465012
717569
560459
31446
586839
810152
980942
896665
113127
662650
507246
546226
121952
486352
342142
917397
133527
32641
383337
606939
937827
431937
913708
707771
470504
186916
744307
967832
108481
1492
34164
632393
562097
501538
592962
670519
135087
952152
597364
408505
81698
685315
78700
640880
849717
247017
906938
521422
142211
565063
675384
689862
995597
980115
42095
360296
798927
426112
883894
859959
753940
918994
610575
548971
182770
44289
968451
22072
335078
83913
933448
341352
774857
15199
225228
971493
966577
447678
282977
202131
545511
882078
79365
842138
951360
950662
337868
72897
248282
706553
905580
695477
454837
596940
80037
794794
655339
44951
143499
133593
92365
914506
770215
705244
269399
138484
550502
442593
502413
831649
83444
545193
105989
917508
251969
445409
77582
821743
504266
712225
451682
861970
418200
650546
213692
631574
35821
930271
624064
509421
53640
877465
607565
522877
896225
896980
797494
631837
348107
351484
380885
159455
514622
436649
249633
725124
559971
328918
411122
722815
971658
457875
205769
916168
713301
939980
107804
709009
667346
531672
444871
584243
738622
36225
653058
490081
694075
608315
554215
682010
186013
411983
192743
153566
970940
795029
810318
428249
115686
272020
737113
828531
224696
16404
139134
568202
576477
46674
924344
590323
717091
691533
959538
944029
619515
783229
596367
983702
452429
768419
41876
987304
275644
994355
996507
312671
481807
810293
456158
942331
666086
144962
714368
357980
173081
36368
704857
999027
83333
559526
482246
975970
399132
144588
831824
357184
920721
870446
796328
397446
360249
382369
897918
721735
586945
617021
339200
901141
369487
853380
918904
585851
66491
183764
221082
772724
285925
604962
177466
622127
224042
431412
158010
899427
999890
640540
422180
656097
564647
224264
534186
161738
258294
401540
654066
152554
429778
219963
491542
296462
488821
35975
858226
363420
114333
398740
589311
679988
343210
237075
370637
165864
338142
212159
450552
969524
193444
256543
776266
245003
199351
269608
596589
117836
495153
895998
957131
517011
13873
161755
474092
767719
890569
25163
687203
189055
828105
547165
502135
253991
431510
834655
432813
802943
722435
762772
632512
304924
414977
32248
333878
5689
625083
263821
686395
342438
655773
600277
55135
74956
500322
655895
640067
296036
442547
831950
491368
998865
911112
910524
232054
233099
467273
792938
33866
708090
579513
3182
894143
105387
958274
383054
58505
894590
366488
294402
453117
900593
795219
107698
711621
823314
849276
776574
312079
297214
859349
96174
43335
754661
172039
143154
229656
842991
546279
979055
52363
144690
146735
317319
277632
450283
702946
858297
288118
982143
124270
530942
216769
560354
406347
572343
178047
700284
522435
621300
251273
210592
972221
171133
655104
827429
886125
94961
87370
478961
597820
429671
666950
907125
726835
182269
97941
637991
998584
892878
157909
532397
967976
328073
895007
174582
533132
111550
144850
623145
463093
478833
251409
902882
841306
645673
735854
68953
480083
337832
931700
11044
578801
634420
921617
446675
804919
622868
315358
176953
845527
318093
896202
962893
234350
759328
823480
515353
749790
278680
50118
99294
111884
139161
456727
964329
973940
706299
391875
140972
65511
471651
452349
63871
167676
682571
89449
553801
584207
936523
991321
356716
844173
624177
4907
298710
614230
702033
223962
672293
47825
565101
63523
436103
284274
187922
171175
97505
93345
692172
706922
412435
913956
774072
591958
385730
285058
704650
401933
403563
226222
141676
190903
811186
802106
679755
520319
583419
305577
857276
520180
143401
734794
679823
377393
323775
307166
669780
833370
504901
26249
557137
664275
179247
758768
146435
872112
650851
217620
286552
188099
416326
356860
220432
307219
905643
487874
111037
623932
169830
614904
568361
595235
141247
399157
448086
438803
666690
892159
493472
417273
501171
171734
737023
590456
998816
255835
92777
888874
548558
785428
820980
812949
993405
316761
492552
486467
365428
168619
381708
157888
71208
930634
371351
121151
444185
159871
395691
792175
989202
5680
236520
242582
540987
51565
735530
173059
646089
937109
962596
729556
517792
798497
71095
312091
399637
2307
85897
382301
295006
484938
419349
91402
15397
908783
71767
174649
262933
858597
160442
998911
655923
355842
235585
433286
309979
709036
253008
673239
109108
66285
174581
14379
103069
978574
326570
547735
380150
894687
249894
57698
806408
266324
946080
82679
302354
626442
300833
831222
32369
144423
464708
621092
135083
790686
520589
858179
315928
26450
912676
772989
768877
881938
18413
727674
336387
928197
810449
780048
412123
760346
711578
39472
288265
112551
309986
881683
126003
163275
165432
38963
344983
520389
78820
282243
830158
899608
822016
895870
303667
323256
186254
619024
199151
368696
643648
987395
232225
921293
279051
215349
475033
983795
153308
351758
248424
914371
337488
450842
38160
580994
819458
217624
117542
323919
306393
224562
822622
112316
610626
457261
467058
385964
254803
434864
699773
919046
320467
873209
246091
505318
528537
984096
240256
252046
950045
507001
627650
225253
350930
654335
353428
885937
866179
975201
654869
366942
732964
673041
96694
88296
572408
691211
364057
474919
668838
234965
928621
602593
810581
892589
794959
626184
903911
889706
45717
328104
42519
202341
688278
332612
334066
276238
561740
714401
191892
668341
915498
169746
724422
705980
123451
285319
567891
925927
462203
752907
109954
119705
902444
139576
220417
93258
184586
598591
710840
555641
465146
571423
258739
981308
260935
730007
602099
124321
606694
740998
170248
581476
408168
393089
555018
390126
412198
827357
477335
62140
935850
549100
61918
143068
666822
791926
660598
257460
73538
926501
990568
906174
17634
9417
883991
551527
545404
812265
75045
804161
473534
465547
720874
129203
274103
606774
78496
31711
701399
908031
430964
290967
761594
682653
295746
647349
454559
361833
681954
954650
709898
804558
799929
27739
32143
748511
471449
479174
703077
583386
134343
790830
821421
677259
197930
701767
598778
93847
759927
460880
655520
790993
37817
539900
484920
430207
677406
304205
87441
919886
439779
857710
183730
223103
962992
514990
419023
61871
109663
223516
981783
439745
618523
963195
158954
729130
309666
394786
404200
589080
385004
701683
644325
713600
233830
222581
919544
768323
544407
815249
537586
798652
739302
72428
3368
242030
486857
570362
564467
462425
902556
79228
406235
451496
20297
938642
243139
290436
599324
260527
427094
493276
71163
80327
596694
504614
666946
698978
185216
910211
746303
860114
851648
57159
41409
193321
670136
94899
901348
373208
548632
73275
531404
745289
92667
4268
381595
684299
36339
545673
164947
914182
448553
86524
115914
931912
884892
958007
129850
155052
17477
386860
808309
649897
770843
796069
249013
491252
155762
354304
174865
635347
186495
325899
156684
17024
245750
195000
622024
862005
311892
911869
361112
107226
822521
73931
14835
102537
115885
910632
83268
426618
885507
725931
555165
738960
939675
38804
279372
104511
164673
817221
793542
213784
117426
576993
78144
358194
399872
442653
431095
501388
566786
527240
396014
81979
907781
449486
708348
540329
96835
817502
509152
691537
860560
201544
342753
421479
907529
867335
875349
392710
33946
902358
119121
515372
716053
347705
503747
178875
784265
646484
399427
437038
136224
461956
788939
336558
320013
840764
744781
359472
202322
125125
772179
101236
369778
476194
499369
725445
283670
367694
863311
294703
66004
75164
998856
673365
695821
301960
919562
947667
220095
30044
674703
533492
541683
566694
513642
748403
227129
597958
651167
809253
26618
757205
978062
364681
599458
415243
484840
619896
148904
321472
150351
251515
222779
888783
301002
102711
62026
214679
804769
885699
948208
903963
37083
962778
314107
230418
716524
656152
768856
66224
239823
719900
325706
781768
1073
871377
133395
191538
931739
847822
649989
938278
507174
466612
768587
301998
757835
443044
453992
458378
442321
3993
640057
90902
39514
329770
653596
675865
740535
182931
266655
273879
413111
316755
22211
986143
925593
361096
44124
941084
770341
506521
69137
885677
377648
338861
165257
435493
368453
487682
159393
779350
461178
228767
272662
474995
985211
187885
251656
935157
810870
365855
764528
784143
729485
331162
629070
12924
416606
456591
802370
574424
131825
321637
563587
528843
332218
672437
823993
555360
138250
809391
196089
560755
325465
836825
985370
897993
756712
209272
717048
132794
882198
696901
313929
703169
895716
364103
807444
573719
789514
84146
306598
731064
562361
296738
991658
867401
504306
411892
608862
353154
333910
668839
707599
573306
346353
84631
664414
410651
29541
779187
937394
45003
278406
59349
584354
171415
383763
268025
63730
710727
245001
53084
626426
804317
639890
49381
881179
763103
961300
356814
255235
913049
327842
556590
16573
191043
966659
127098
290560
233669
229910
72777
866044
989497
213650
768893
760312
107755
388054
920451
179984
162760
934533
187393
191025
496815
660355
907603
811316
591342
551740
720291
723704
794694
991756
578443
487175
351421
980018
790692
998202
727851
893451
737869
931607
324233
599832
682100
823065
344520
187731
327480
927946
136017
243322
855703
928185
942121
17378
82297
87815
957753
745461
991626
34618
77914
622584
516467
907196
333618
153675
725109
444436
398269
57243
379364
782624
287517
346611
120590
272504
794675
883777
589922
991539
331494
556406
172991
719699
419522
302784
140327
499342
75644
533921
771602
752044
333599
395796
293523
932188
621413
124972
268660
391889
448936
948145
23583
209640
931880
485461
179856
801461
34003
895708
638550
266336
802394
759751
278456
742489
25760
835351
309938
566009
636303
771008
500701
522231
355653
590700
476844
467139
839596
539944
98962
728898
738216
932079
811010
7847
184745
76433
967886
484074
483936
77376
31089
88680
623821
157431
540456
752343
223095
970248
401722
32740
128053
255360
758809
486187
258488
82977
896187
496957
25155
519142
324751
631593
779588
512598
995106
475345
207348
9549
53522
485912
529572
570334
114201
957302
217359
159407
481236
310201
926904
436362
554798
525292
325137
344237
491733
79327
961486
751193
575383
396647
488040
956676
898104
303891
382642
969595
521277
368614
166302
751816
412146
590310
642511
315040
450246
570516
262284
610224
626642
611719
642512
514751
325434
502116
740350
59135
137324
560188
305905
30518
140166
683266
431666
335108
103
615683
192272
526455
739924
404248
453139
290529
595651
742821
796032
427132
987643
674962
902095
306090
187494
395596
579493
555623
735440
229301
502370
250315
151166
925115
471878
483753
681606
243072
253345
389782
751947
256725
617441
368595
766206
557546
724553
277968
144292
207662
245436
537815
434502
778278
344485
95209
240066
997720
634423
859515
264777
751510
598266
594224
335870
305839
598831
33450
13807
453762
568306
226767
924158
503072
95926
937108
751935
357839
499359
433424
84828
514748
600107
271081
593958
731556
238517
687749
787439
671276
143507
337833
915696
988098
37332
961616
816050
944489
487009
418627
971292
755089
875923
526464
323032
239698
33503
452102
523478
229637
505644
447168
234346
691007
426246
758731
523537
399019
213290
712102
866001
35779
60673
200629
834494
40490
654450
775338
902256
295601
350162
722693
381659
715086
698618
842338
679221
439491
227670
551358
20557
902817
687795
2265
697666
216139
300114
832357
59693
500259
687376
793955
354723
541960
713591
869463
841223
992582
959962
275308
443593
886307
884842
944667
602116
998530
669089
210686
619898
756215
846513
398381
969514
904575
114744
572332
248618
37391
286087
343849
350321
992484
142916
891375
322879
628979
26594
521699
181993
27684
688029
267840
113407
165397
635678
360200
283534
840178
938303
428992
574140
966521
726991
132541
321214
154850
959071
917690
447727
127236
561779
919558
530234
803853
86113
941711
113564
136968
459120
418631
664068
162692
656996
863408
934740
873298
482262
582130
831279
658752
411860
520930
465656
965261
290913
781232
477593
784520
469545
608950
385672
92647
539023
692640
793836
881672
614627
196985
25921
183279
906126
941237
530597
21888
684735
162326
898466
958124
802982
300738
992052
729071
438548
349052
64475
457752
976078
171395
533102
124212
902881
516319
327962
949730
397786
24097
440755
660345
728399
88902
148580
731448
796343
787529
938044
289347
296170
94135
287378
983961
993826
652115
252467
979886
926127
626858
476839
47937
540235
225546
584938
729651
995355
211413
975851
59984
328190
321230
321899
641976
683199
748271
569998
970545
295766
90950
483808
584601
628378
24693
499994
276002
864696
385464
276257
115354
792198
529849
965957
515071
396945
870451
701335
885736
58000
803761
24144
317372
86505
335370
533714
129728
73853
763886
57347
452393
823821
137356
923511
162709
956056
128118
86728
77742
504052
508828
993361
198963
582197
361601
471627
741235
240481
750018
690815
582474
257115
392231
401436
209280
568976
331661
341976
14979
560695
221394
77382
996051
732189
141799
889828
390230
784774
671524
696878
321701
843178
580420
235360
51011
889852
819528
634512
140734
432356
490910
880211
464434
795354
381214
432816
796988
485427
499829
989029
606757
729821
706100
294272
979644
269852
549679
281889
221911
207278
131985
445927
588279
778688
737673
535226
686345
903622
307746
384245
430729
566843
280433
525742
837633
849781
836775
401443
528176
749254
693250
757318
788263
316401
116565
893194
962762
908508
762952
793118
681632
514402
427227
272441
702069
626714
691350
691329
165167
116965
244548
524789
3463
553118
223226
305026
968352
361182
631820
691644
451772
919490
334487
187959
346190
955022
217755
613702
238573
521406
451008
585870
219172
343083
272633
907654
628390
207447
334918
191181
839519
79381
996883
512679
671781
24983
193854
470165
131990
151990
3537
534683
323928
885631
581859
546257
221921
31314
444515
343784
860856
73504
652108
574109
174868
869175
798008
604130
874020
959422
969533
567285
278008
579738
29604
252238
878543
900931
755634
9405
777553
569014
658277
827385
661984
91710
392572
468609
307602
970229
795536
460842
456803
114191
598791
492984
710949
354604
629941
480225
746471
584183
213122
543869
108161
480071
870392
46205
283550
646995
554185
648961
617088
871904
387992
590238
24156
857941
96994
197185
709969
955178
585351
250285
796934
614847
238265
39648
426464
195081
465024
783508
343966
143399
72103
653345
574545
42322
3974
235391
266362
449331
195625
126466
813967
852190
97424
695672
290945
722571
204793
939204
609196
99804
406162
163262
12220
530999
374138
401077
6346
673051
38696
586024
291445
246895
500510
817517
969815
387101
236271
309520
877559
801955
534895
75803
768311
483896
904949
480961
70741
495971
106993
794536
189286
999860
114761
622478
597176
474114
736978
690487
867483
100084
345317
753341
144906
451715
476878
658934
939903
116250
611831
740658
701966
103890
341396
50313
696933
467782
677101
791064
911402
843689
155753
223089
531764
305649
485591
423800
8385
387954
61822
246033
411868
943873
11365
184891
262258
4002
533758
272601
864975
609791
838149
95041
90264
385327
158285
102977
542436
471147
250105
450364
229909
257454
245506
304880
618314
427337
924491
155355
680638
295779
447114
259281
766082
160895
810510
490174
720509
511383
189177
889524
187465
10662
526041
225605
344682
954376
930649
86768
437724
904629
767649
25574
543212
819169
518036
272381
408672
920378
830752
774470
730468
397982
65128
423830
422935
780697
861729
331882
786674
298528
85695
775070
597870
49580
144782
86485
430224
859099
802771
857492
942340
552682
635156
120288
778452
847497
802765
648277
556303
650160
354449
944608
541036
908430
418836
513183
369374
609420
194676
472697
994784
438380
636753
687915
479521
677743
280224
316106
336505
946965
627827
564904
290353
503707
453197
315082
968160
180254
303956
511499
784545
66436
705433
368273
986562
591667
398799
444259
176772
471157
834371
837583
298959
936610
809979
986722
592287
912554
324984
293211
922369
477403
870828
832582
684135
469220
853190
300750
632979
826581
172897
500866
96827
110773
51661
970721
580995
10160
903767
684621
136732
819555
5087
358887
634774
974115
934036
818902
808395
838769
582180
720383
5139
647055
216371
744941
426231
483704
720929
574580
905427
457058
959036
371321
738198
223315
923157
742311
825309
654896
891261
59106
63032
475733
157618
128000
47738
931779
436739
491541
770421
940612
840543
850546
253485
279196
610336
993386
946932
738934
973938
746788
813586
260402
713698
943161
307234
608689
828312
652937
201135
385827
136508
832864
121396
220215
667037
104124
73905
910757
561274
455778
332415
352279
679389
117467
609091
832949
951202
107342
901441
474454
859003
219080
214490
482171
911761
49419
664120
408935
632813
211472
600676
227339
611121
697153
476970
106705
368380
407200
411887
745887
108747
189208
536538
982329
505708
146719
595523
53466
33367
713001
424291
602234
388770
482020
630405
256177
883926
370020
848440
520736
418262
290037
607798
629565
20801
210049
799503
680727
434902
304424
876677
741652
694940
633193
684596
223073
982611
310640
240236
613088
642371
663038
43509
922661
843716
380069
84587
23145
421743
954291
450566
685449
622687
864537
666101
984079
690440
391639
48525
40568
466981
81463
254801
336720
165128
125982
375749
216910
128151
232929
11150
195849
233345
941140
974064
172414
133268
124125
387771
860080
296892
578595
730262
797994
334169
725796
80544
80827
442086
192714
279156
573501
957573
624430
511380
356027
843499
286313
281856
545246
300668
701609
836337
602484
302618
439349
862208
542241
724751
104543
146446
113969
89357
157052
21521
320785
598869
199768
782717
985479
830334
383615
106082
74050
991461
610711
105249
172555
311858
178731
169356
72411
451778
539994
327815
215094
269998
930499
370455
85464
532577
283198
414309
351288
826239
361915
526812
800737
883838
727776
621566
383400
154865
396095
649679
831683
911509
706674
755773
120988
503573
473273
820111
926291
590778
910795
218481
314817
645193
425048
733151
279473
576323
895097
360243
584775
621646
914300
1679
24546
185812
932771
157591
887030
262511
649433
308054
89146
782745
411108
25384
272944
713316
944091
97944
259187
262366
866020
432216
742761
368774
716523
260867
335361
261456
440305
983470
923411
392609
78271
948153
530790
384038
508664
689527
803147
401426
685640
332727
670438
554930
548409
737967
491660
266286
946340
989124
543688
653854
214980
579961
856120
559878
430054
670001
922517
968752
320636
283298
159632
715109
789265
383384
348055
970439
235299
74166
719310
359837
149791
132829
341981
542430
348914
475776
473777
654388
932143
884932
319076
876766
871658
394483
935974
897423
269795
699115
177178
704665
369511
293914
1162
5109
889932
541785
587962
171823
131030
541729
20634
754608
813564
181230
95700
58473
586180
68847
383302
27290
522571
190374
24394
936828
526177
917154
393968
894865
514001
937495
181958
348542
5463
280556
330881
834088
282735
684899
36046
174240
685761
704351
547630
732729
451236
701189
435432
126734
510439
879658
647744
351766
76984
259522
937318
848071
381930
443648
491334
970650
57309
190839
534829
498109
722611
143440
361631
168983
301491
980866
710495
871577
536672
768724
124497
466063
267172
203456
581617
617560
452697
46004
368426
353651
718069
207794
953172
606703
592911
149462
472653
554629
572818
220088
849394
654593
471549
950631
768059
239450
69526
152497
428387
55591
423443
719308
79642
477436
50290
557037
598622
362459
443912
399998
501815
375187
449343
994541
409844
620279
98816
354009
181731
485178
350714
250580
241618
760856
886768
526756
896302
710122
415397
214223
381565
396361
62336
867104
679317
649532
521508
390691
532617
737055
438978
308043
22715
792900
172685
862662
988403
369923
175399
78494
60632
609838
551723
760053
792266
893340
96407
202350
734302
189154
128788
748459
835703
356640
385060
733744
69118
47863
236839
602598
98557
475160
773002
980220
751197
953848
875725
162152
694010
464095
651886
914315
504992
82848
170807
710771
42533
757667
330913
876218
894883
564318
391652
602059
99727
643042
992668
671941
885755
930898
742233
911928
21284
147374
884611
566220
907001
35533
73832
307689
277668
630672
95847
769428
128300
585969
643529
891831
516790
992138
540765
682633
843028
931930
138069
705693
363714
100704
232081
70382
922170
295762
882853
869538
491037
461921
394888
207636
961139
812308
728485
423676
755088
596800
186895
990141
823186
994662
540050
771339
340102
914857
880996
228407
887722
770986
904379
282457
583693
725762
66744
843097
202387
677851
316096
286489
818709
355371
683308
475011
378341
995470
662486
100778
503663
310164
820959
618682
216052
479489
969555
615886
395603
410486
393188
431600
754644
880216
458438
858249
335796
243531
172367
540581
776211
352517
104606
201579
452541
285033
337849
586733
327425
230562
883216
281658
220903
23566
991034
580380
471170
964338
781725
462680
317186
581835
231788
548210
109399
60570
13451
323215
773827
847565
55414
304804
471238
596020
225532
199187
408323
789610
165529
731097
651842
429709
337189
744370
800654
165132
797078
636250
850700
4997
646174
705926
803019
854976
879715
137498
803207
92970
916869
717023
844128
359752
861018
392375
514989
197400
820838
567829
233217
532589
927853
809352
289009
742729
512066
883040
383781
356703
903582
114520
769251
672718
792361
171573
192906
527733
653240
512952
114331
803951
979652
391103
586802
687400
647923
93227
663302
980688
881648
434574
848222
375992
139628
38995
227567
290622
713088
449726
825807
473229
43818
279090
433521
722020
255009
945212
971670
909182
667973
321169
448207
309783
393792
154226
768990
626688
541049
817350
917817
449427
744607
922078
730944
460885
150827
408909
459206
8634
201255
657854
125332
33855
526049
429649
409609
71973
174218
389656
284769
300485
174342
407625
920328
602224
352723
513475
577897
540652
817389
644013
811732
441527
386912
579248
601884
283376
292881
742143
927509
956250
651139
711314
743656
436762
914007
787632
503443
616169
536507
939458
978725
114614
513762
497769
748474
300416
737254
585136
533306
731949
13532
707890
873464
406858
335745
358696
247226
426336
407507
24915
480856
161711
663676
832898
163901
286538
959489
782859
750094
369658
991966
328155
951104
160018
63449
240737
309762
363853
959911
870574
167410
384227
773648
744416
186258
264340
763113
70591
678161
33196
739253
637826
485597
411883
355145
104132
400191
836012
898313
597957
27858
496595
459598
388827
321522
703019
85216
981411
11715
690927
634576
40146
142875
395236
85749
716329
401485
853411
2369
273671
446261
288510
610712
456855
109975
293035
604459
311262
494172
466925
984994
772626
117554
655668
213314
708778
409340
85291
207402
659704
112159
1307
751822
983705
929181
123656
170958
705739
514170
273902
584589
714839
680929
715714
620707
594468
359107
367459
364178
612798
265615
845204
468945
228251
495301
135371
550516
280632
218361
687336
202553
747170
509351
675267
77425
507025
231533
846942
240713
624751
195049
638650
719028
382518
70831
181573
451383
332263
839152
830224
963318
333122
443807
291844
705075
419479
733690
914756
617860
801374
295265
681083
727965
823303
929340
241718
562738
237176
909488
730417
409203
558754
437242
478582
364607
235172
45875
31658
538582
811723
303528
783642
670472
633758
62685
331900
34131
974030
965570
102316
396311
582385
175924
232145
377360
268371
47134
2706
807936
119291
683516
614713
471564
197909
710971
46434
741027
915457
303421
154783
236313
774327
884792
768812
434194
583060
71166
522762
142617
100230
749591
659194
978448
685777
180298
817495
353410
933307
66747
940816
133524
427226
508270
563457
832731
146616
114985
782254
129991
345888
419192
240603
250876
598920
752330
395211
397313
671417
345811
529553
401633
757735
829913
846287
184844
772035
592279
522210
866667
772358
592688
489539
134060
698000
766941
287063
637925
293587
633941
433673
917811
703108
32690
351490
822859
299929
166244
61427
455916
60415
189201
812886
184095
487897
533081
373125
287787
825405
13958
426922
502810
187577
383767
466897
896399
54987
660118
540243
343545
823029
143465
894404
737473
205215
563109
799913
237900
158281
994976
199856
500202
143153
925600
17594
555966
567705
677607
279180
823491
179870
387471
337870
634649
421324
593621
971579
763714
214611
591458
294261
618177
884182
659410
960844
977285
813154
852634
435700
30317
354274
795856
972507
746717
603898
234133
1921
776488
721603
456229
453772
654722
329104
172614
3557
910946
852961
100495
598327
892419
344350
949151
688052
542512
928006
53728
848795
775787
490717
989125
892486
759558
105365
366838
973977
838742
349245
657597
611876
775556
132964
33375
472564
7789
326820
485030
504943
700652
146024
515774
462620
898495
311073
721921
593881
743688
852341
273922
10212
716765
211991
975605
164919
596300
563378
162762
442286
305470
177940
130428
810150
429302
666642
122892
91191
878880
523802
91841
895179
585958
434154
853524
530007
346797
331136
8058
449262
958382
843623
8529
430427
669587
81713
271693
210405
380744
809220
918156
593952
500921
971261
237703
906515
271314
909524
240473
971039
850449
742636
778671
828041
251215
684273
582556
348774
385053
912522
357193
362466
425673
60283
558217
343917
697856
698203
971787
790541
982636
511785
424148
100352
644572
642781
595608
367146
624535
231379
734442
160452
851079
857817
559645
21807
774569
348146
4706
250006
25101
468171
318227
130095
190378
61125
81373
461409
983131
339633
288968
932544
270586
3417
295333
433779
477016
331795
353143
183958
637649
288813
455868
84642
600523
421843
247213
867602
34719
751060
451405
255894
891446
702709
151421
44061
418247
727520
918682
842887
454145
83651
735938
893730
262085
120056
563460
204581
293112
503645
917283
370904
223774
282334
977492
240610
286126
762878
713252
702128
621608
247866
894800
198651
636822
957930
21204
663403
685647
151347
665154
844706
826776
584262
504746
264433
251572
314976
144253
965442
900307
938348
576175
209423
729710
849821
336444
309781
991938
500360
221418
349961
747804
425946
685918
514275
854384
53617
483236
47409
602549
867549
621706
274703
926218
631367
835972
77757
887855
152020
292231
830267
579793
296598
536049
329414
175619
932821
876046
98742
261398
254753
659807
218374
339002
35549
200415
181926
889021
895448
748320
138130
822615
748157
357106
390863
817363
321266
92822
186161
714515
898669
911626
853382
785514
175984
350211
143651
424935
503010
943865
42121
836465
112523
874588
205683
498638
461860
984638
723646
493881
247878
467780
420788
72706
571896
261444
140328
785177
92681
919431
560254
525212
716020
59036
273279
848992
830616
963610
179086
590720
128353
506903
442836
35901
509604
717060
46829
332202
153451
705466
385141
786877
116726
316346
842802
436176
467914
332354
190347
263506
793389
54791
612639
235753
298499
804498
21137
175120
413798
374004
601108
57181
84715
809369
875843
312680
727304
161535
386324
495439
778705
690217
2555
59224
353316
575237
451130
336253
6733
637462
664447
164316
707970
418505
646215
198458
601222
571181
718790
591387
219096
295620
69885
918047
922213
611489
870937
646347
907907
814391
554870
382088
50429
233220
553299
339701
591162
94983
140496
25656
835860
710031
918957
205513
315441
830576
110432
882118
349415
397478
524283
21335
153610
51245
159438
639586
715234
204542
196121
488589
9029
936095
658222
891105
595474
725842
81354
624071
979949
446300
8763
261760
259785
290953
792238
903501
493076
218653
395593
431790
683138
373495
138396
631328
99042
895431
672729
869897
954220
605945
797466
553393
624708
425810
960438
431071
551630
758186
892639
85047
723911
995947
571957
861392
841369
247542
683545
792627
968579
858160
606315
895025
257438
93314
145169
935596
17446
542372
628573
521777
865795
28530
958589
454994
887968
7819
262540
399309
425266
433703
15854
187913
438614
810359
772719
372736
732506
278022
868391
798715
890293
230476
689401
515119
775831
901749
865716
33462
312797
631454
212250
387564
695813
567034
300825
647277
846420
666343
915106
808625
798439
195214
215600
477425
945748
472703
933507
641419
158057
72788
784846
301110
664803
363153
628230
675713
742444
321238
368543
557045
597816
167527
28942
115011
389647
979499
670821
446143
701386
925143
786425
134232
821063
635956
174251
267319
114760
576450
918498
775313
934692
122356
489221
189129
88772
270333
979739
513720
776325
478025
756833
440149
733948
384768
583429
929655
459107
161322
637360
704975
452746
423931
233184
699250
313816
893037
863288
624004
65072
799801
998705
208771
852527
740657
656494
708717
150929
873149
802670
456399
178739
136560
218715
825196
299443
528262
371839
723206
20083
339004
260310
730763
312957
94924
32702
672671
761984
492996
594315
341762
200313
616130
442679
528862
860077
975886
148656
798290
586324
657896
22862
660988
26984
810974
936023
351528
622529
106827
179449
846602
210689
297409
537974
617311
797477
972208
711047
118539
723187
325377
429906
24551
397483
138579
133360
368901
856620
25815
547085
113839
711737
886147
591757
31649
132556
540496
811003
319320
834405
736500
466661
32857
233094
189018
858201
764496
176598
462070
73941
712812
805756
263750
878044
291524
891499
49247
187777
430168
338082
670297
265175
999246
24502
619665
560367
577866
234933
446948
770037
586281
730377
338775
341983
866318
175296
261689
532886
81682
763102
906389
117334
749541
135397
997651
277447
771708
224054
151850
238485
773201
729101
101871
937768
178361
875585
44259
299884
821427
561306
991750
747074
866988
470630
11066
304642
160378
931719
608152
824801
137467
270320
328477
388284
585498
723836
413954
518339
552048
239083
541225
58756
785222
72505
967283
83475
188153
649756
199982
691092
77815
424987
819308
606373
277349
791110
373679
813418
673443
109718
367168
416054
508199
882465
438610
697158
380409
668564
483630
451409
507491
647332
59874
679900
450479
173407
657567
851546
432825
935638
749046
104548
418874
710827
998296
79819
106368
376442
770334
785489
470149
275910
861181
317086
596190
957005
858400
550400
384304
803263
660394
984285
579232
258166
754499
495095
625150
855145
418206
971336
287455
523533
648006
667285
662441
454538
460517
79888
343810
719633
957634
708092
150743
548704
860436
425987
532236
582908
535260
317141
495898
854261
4985
648649
399718
195663
566146
437707
108092
958923
8678
900738
449355
168508
949654
310027
606560
671132
546249
626946
435554
306221
568644
209960
662115
673727
324728
867194
88009
469006
262775
11743
507155
435272
33812
371962
93514
427883
921175
253344
603655
376269
858714
200547
981083
370230
759236
893133
665118
156775
367583
482601
592919
947006
989143
405051
131589
867889
783441
939919
209992
122360
982117
524270
224815
775943
74106
203246
19039
683705
610109
983585
476124
46536
356030
581037
339959
780345
468327
92988
450836
94933
2201
27977
852823
735825
430692
417499
636139
515151
315491
999055
672814
495869
700146
930701
202651
716686
856541
536343
165147
59986
467824
917537
916708
947300
742612
907626
948883
699804
557686
757961
817163
85352
125845
216075
181504
492750
327114
62844
851970
260669
865008
265027
563263
89200
863592
290147
812172
955239
726070
431114
806712
182711
497084
567649
573963
258727
772525
113117
357553
44088
101415
932233
620101
741649
894398
682775
242133
168029
223682
425695
226497
440301
615675
700553
194940
47246
759166
430468
28463
918745
436630
880228
158588
257865
815848
982627
212454
462296
542656
344205
67412
164198
117742
449755
172613
621683
461819
229249
105749
962679
215479
963989
531102
974814
252782
217943
470907
786211
546489
944481
794728
698440
271216
805164
505669
745775
518333
665980
110969
976601
489356
114537
702579
789880
945566
685708
864844
466482
985917
983682
361929
936245
27018
163808
46716
612913
75314
299123
322313
481783
42239
741190
660652
958794
788419
406780
287977
836558
840870
900235
669619
163353
77762
61354
869650
824732
172042
302987
592336
574497
618828
159644
365839
900635
135190
566570
984775
939737
480197
896732
420629
765355
673006
157016
654953
89436
572485
936714
270689
207765
889278
647418
312939
514442
342106
291527
672491
366411
641828
300192
770347
539154
973811
64027
151019
180172
352565
2408
572672
484132
301223
127999
672512
129474
265953
462928
836588
220581
462840
226430
479991
832259
274055
235638
939433
375789
462530
407357
78134
301536
912777
430193
67531
484436
914630
218766
610401
574873
667384
107243
692262
256168
672986
254403
578406
293275
335824
791832
939027
45403
565424
523513
180219
683798
77903
438499
491768
620390
490883
125796
938107
9941
825777
679363
146299
781798
474123
313412
87680
643582
208029
578447
776514
685591
619463
334656
62704
139101
795013
832650
375564
711721
753962
232712
426803
936407
516012
968994
988027
851782
985624
123736
58859
371494
764078
836497
378130
693671
665396
607393
329523
823323
499569
641142
281005
909535
889068
988006
879777
257091
720304
372206
12154
376087
896630
169284
153002
714227
122152
19559
130852
800153
158530
973442
581101
698696
914859
587301
733627
103198
818942
923677
325563
711270
935727
762319
32862
635569
224150
55659
850537
271364
462051
740377
881703
350641
327503
989131
606821
561759
597737
788698
535750
562862
942476
249349
388653
166836
153482
205494
130236
851410
983876
656813
185272
422578
334171
566283
102344
135617
879677
716444
916032
178537
986243
684523
399410
180701
842012
674452
722817
524717
400464
643622
211459
866373
449114
148795
519250
351896
523567
117375
476580
459513
274991
641039
258633
334600
250919
714876
163648
914121
202049
255022
961653
659088
941769
372069
567707
553433
480732
978402
626036
252207
688518
923925
408413
198201
469113
374484
897534
17258
386473
101853
74682
756110
284232
448089
36390
643553
544999
656946
400041
663682
719288
723869
249502
311674
740096
247366
591998
387869
43989
654314
611337
850104
914520
901848
685963
167948
691906
160535
817267
381301
96704
963739
376516
492626
590651
923803
451882
219967
698283
757819
745500
496787
657911
41293
162548
483306
557238
344957
823471
188503
271414
255443
96640
109625
600297
669205
666705
842406
292845
982730
380119
357509
558391
564697
777680
932856
849947
421903
776156
50358
536186
88767
904117
365942
346248
405315
957389
978311
496184
486817
908803
461437
411911
399114
403777
429957
267298
342716
62324
243738
447605
641542
574953
866256
920338
742315
426945
195342
225209
629280
533137
846361
72906
335024
576280
861515
763012
959360
682397
867106
788793
764524
437925
630964
139216
328911
527246
445760
182454
545314
508107
353184
910115
95548
578140
295493
287991
103466
789400
64883
750940
408143
2932
858712
643860
981472
706023
192250
242302
843115
37442
634538
835970
946502
375688
714237
109358
243162
72044
639338
314238
477802
272717
429158
906731
14724
942496
991199
197338
255426
347564
997778
556853
424125
145902
779466
925399
634192
165020
896950
957153
406916
986631
157093
316138
965725
958809
237280
381075
997568
277886
308964
183160
224703
469882
788546
600131
480458
538357
668377
334613
131246
197832
235767
957897
131458
698113
937304
848263
127108
969766
145229
576183
707742
613290
500208
994888
560294
811314
198878
607100
117005
620304
137558
997974
818572
181668
280375
730777
222463
265624
937078
553501
183184
590517
45733
459539
797273
792250
807811
886750
453575
347384
757933
334734
545241
608636
788945
908949
951440
786342
619595
926458
369804
881698
772438
612847
148759
503729
191762
138202
756351
747764
948807
726727
210384
552928
609373
915762
992787
267799
898853
905192
217901
759937
445200
335281
747342
844813
754686
236719
595160
545858
586233
946141
140042
355894
230465
430823
197300
970133
750505
113016
734626
158081
99407
462769
576867
481107
2486
451509
745781
892864
460034
637921
147470
113432
743311
609561
660873
812519
651309
754429
8812
249278
49404
828091
592402
778124
84001
914047
648441
447013
83938
375877
286890
121381
59236
550862
135233
627118
475134
542320
473112
608076
631801
839624
597204
963130
353702
671179
435228
447611
176465
644591
528333
783838
286743
787972
54621
212851
99646
407774
223955
372503
119202
464509
594602
556910
244253
95690
173146
596575
374430
948514
104819
254924
803819
342989
757257
859892
967199
236396
269372
835000
219393
651983
922914
839675
95489
134499
291028
185058
611729
826696
217787
504733
958465
227348
581497
886633
256389
395630
335494
397938
572190
735345
100337
666081
719925
305199
150728
436116
693280
493694
232170
827276
703507
253916
588073
867192
975313
820823
171502
487111
858485
562666
231198
586864
777075
511733
687717
422408
240554
228549
851324
297422
550924
441036
210053
152401
697453
930936
753522
199717
67485
240675
882526
456489
976008
386613
491371
571487
45854
815721
831389
920409
630837
720447
675732
714672
532828
123179
148398
786565
727659
354567
451151
934737
278124
538112
875554
361306
73808
366765
82370
228424
260261
274256
964346
35247
224737
153818
123347
469076
422792
983285
652437
362626
627163
762344
969502
558210
408149
982352
239039
992847
256502
30366
932702
637114
838448
841571
478384
234819
956149
106837
449590
197871
469624
268222
445457
280041
425423
810689
654262
466949
609362
862595
515092
861902
66529
639834
948571
201121
897661
904335
972241
793929
338734
106691
360131
262649
528375
383454
782482
243288
860109
985368
520049
992546
234467
895651
51785
316572
287520
373624
830459
392754
289394
17981
162309
716526
868284
857808
564734
994711
230763
854835
212603
892388
88468
681051
561060
204471
970305
465035
22743
604354
231645
521570
125446
680677
755341
936428
342392
987428
690810
805353
631234
156281
345417
283302
921356
758662
481284
806463
285954
398430
742830
936342
341369
42412
707724
3252
547938
884561
671723
143847
872229
75285
74087
943807
512069
737153
264250
360831
420888
767365
351573
42290
524514
548671
526443
589378
979083
16485
561161
254540
438730
44990
199639
811262
794240
38258
884544
394419
717247
992470
132127
750659
596348
345728
330609
917806
408659
264637
413562
510715
391421
885812
476960
250492
568351
398726
122587
821043
8449
929276
189952
7697
844199
496159
979115
905050
990734
617063
906276
985540
364939
451456
939389
728292
248311
153979
388588
351597
51356
617813
533456
381695
309601
448609
39398
126513
410359
100948
281169
741322
578384
690956
639417
983635
319821
273268
658506
487242
272806
605790
475848
491449
920978
16594
321132
852061
866428
953029
429451
267385
366027
598124
855479
237130
502668
672291
40004
742597
126865
795575
470241
595179
23250
631459
78003
154043
266542
409298
925574
239135
350692
887821
822628
871385
998370
927194
679780
940947
729358
223512
633781
781465
708181
704079
292548
750477
726431
926516
928276
715015
901992
596563
874923
424225
171233
274172
371956
421205
409152
817216
53340
424847
187553
120664
756941
242398
188631
722021
802565
378452
454995
312210
194732
980592
577878
542892
26875
465049
634927
310655
765592
315559
594628
116732
156913
850122
275525
862821
434031
281365
579136
381998
873747
59971
616440
697414
85735
935696
209996
462645
260970
547132
895302
517914
305775
874471
728145
370086
85068
570421
174398
756326
925392
398914
71861
840120
239644
59321
606569
552951
913422
710388
396912
946216
948878
826778
498166
394857
891251
950550
912493
274881
396320
637934
334908
988872
439802
235508
842118
440614
177029
936085
90773
939571
860314
474958
342691
422142
466311
250879
21061
374057
619523
487704
850420
621004
391407
143354
295052
429940
214006
255187
711868
411723
775263
650963
940089
976363
979352
815158
106443
6075
7432
199037
230767
360101
532648
850453
761526
324814
224565
194424
452549
701622
719399
107984
524699
646030
805192
369291
547625
402632
881180
480202
25210
960339
910966
192006
685150
857637
857550
399513
126924
979112
861675
702739
656020
733569
931568
596296
914936
866914
303728
448583
602912
784196
470957
233848
39507
734679
496546
754207
579089
20692
195245
752317
112527
746926
310551
114581
750223
931878
206913
730380
59356
155454
956526
50985
535967
5701
858535
291005
695713
789521
569551
188636
548958
507395
126089
233346
38436
963757
903088
925635
809446
156556
967386
301925
838661
567465
734559
239444
839753
212932
750592
500467
846030
860957
109350
3599
18703
504963
32354
821257
600807
364420
641472
775752
250288
135088
144052
874081
285568
304562
658455
819754
722507
261640
38688
804169
567141
101856
688241
615896
330340
82764
172045
704434
814500
972898
369192
653085
736292
898035
375895
183380
666573
787558
882407
647087
406419
494448
594569
532977
854772
34161
316394
331694
719966
844078
494241
482647
521517
437698
920292
992978
923989
735004
436495
849474
76879
100164
508126
814724
577058
759218
23639
347459
181868
103509
578262
360233
802450
730928
287205
915685
143081
919342
559778
368935
965963
528543
987569
150254
79486
96145
87092
244241
242846
994019
301963
856002
705831
731449
21209
899891
935450
331063
179543
84216
283735
602932
991050
82819
666320
651632
964427
785311
598900
480471
12367
654719
460388
220076
35869
718341
266102
142490
890390
966554
158464
587737
206598
830394
397677
865017
541637
959334
285912
640918
75790
810270
471902
769084
973559
637236
55803
273154
347322
815144
235092
668535
627281
429282
845611
919546
249483
582103
484634
834376
663027
55402
331582
44948
841539
891952
534524
132216
647279
964513
317688
767978
146469
955396
685763
196864
334721
378750
726301
566991
907612
354555
550427
718564
258808
914788
335454
747689
800554
809813
259750
547551
998670
700740
383693
473503
224462
462946
958720
493216
962170
581418
465558
380199
803044
320712
50144
297644
560166
677511
11075
805983
992919
686448
687555
449434
945258
986571
432392
346298
610621
904762
478276
48198
389531
810323
969455
450253
499255
802035
251803
850450
400277
807101
966373
928788
169352
70702
437704
623288
325334
552350
584971
720021
797462
816603
836636
106812
710536
716339
371938
616461
236463
903991
474956
207492
981793
26838
455828
421338
454674
888256
45540
73367
716490
989913
447887
290739
780505
150415
515582
325271
923214
923625
581602
766963
26211
759089
990051
320954
354199
596416
433276
230740
263702
35239
814584
240348
341492
762737
626060
249164
165544
623176
325718
647957
290197
176562
148821
841210
90796
570045
17681
156649
559887
597091
353836
273631
817884
263413
729600
403905
64023
44179
404960
51537
324155
38610
971836
562125
747725
748355
484
451661
352584
582307
702998
44297
302306
230764
989031
965645
962456
53906
429631
144565
24913
413217
235208
340203
743622
376267
444411
385101
528533
808683
885136
593474
800536
139156
521690
665216
933748
885027
904293
54884
201852
948595
351960
463704
87806
866832
563537
326264
731303
935134
523844
189452
923898
219815
617213
160994
577949
488258
22337
230990
551904
685522
934115
180723
289206
972626
959471
51086
835
376383
159124
695183
641341
643165
54403
105372
15089
851111
759019
763394
530217
192053
818215
385477
527257
472427
783953
798747
237728
457597
372519
853985
897833
644230
686752
262600
286029
351110
506719
542108
625366
661050
485618
898655
150935
907041
65518
238295
145442
820611
313710
784420
431150
223022
130327
216100
325363
426859
565626
578318
713480
438330
209186
781623
831294
335012
935676
139761
827352
36716
331918
758762
852131
963656
715778
459981
693787
483771
710822
572028
222643
782424
562521
715534
362385
317520
244929
805968
515439
373587
387055
602558
625996
41431
140512
448862
549890
398792
680224
885882
33079
54412
818250
129784
280045
674154
131095
996789
663926
711235
601416
437505
209395
908076
244583
573654
449125
899413
312980
443104
295911
867442
14687
126453
639754
378880
691615
642112
257727
987719
177675
644846
468071
236067
676283
831882
200052
2388
752977
823259
771631
676211
238785
508557
315137
62730
25923
446484
193155
53700
463898
98042
988310
955050
951264
321397
746611
391163
786717
713939
925407
819453
723669
865873
387609
932345
108378
333449
531765
824522
279042
674636
324540
918932
837875
391472
679205
126684
898691
105581
913510
990046
80060
792682
833277
445479
77118
760159
954819
407422
179161
879809
256285
714170
261295
422649
306477
163400
88594
545575
87166
289010
476801
525073
441173
605075
570815
460953
520111
70797
699074
534797
340113
758890
108809
757423
650858
563951
4304
425399
974506
401499
871090
769805
418289
273670
871693
601287
320807
901722
723828
584856
559815
581023
4437
367237
914303
495573
66302
199619
921174
886329
427618
645370
417902
80069
10228
178797
39014
828026
175740
551308
336746
32506
106472
114679
693962
471104
261687
99129
901499
430958
440970
387478
804924
468049
547279
902620
377905
603210
173308
342620
936972
733461
606362
982439
987663
412772
755441
563423
27488
782323
745508
570787
423064
85070
974892
111264
460750
592252
981173
112465
945551
35529
360357
56404
286633
462895
695338
778790
877345
347158
51531
877143
989811
809166
882468
814022
338493
181358
853645
104282
411680
808876
932996
183424
976087
434753
408917
62111
62666
966571
148909
140880
432230
749984
754763
878186
119813
659395
99386
243403
975212
890715
662024
919853
982383
621229
52987
318341
767541
698752
141930
737841
930881
149236
968537
746579
854749
814815
52556
755283
336958
185139
230139
416946
843974
336059
222000
122559
633057
149464
952671
138568
927517
232513
717973
558698
18790
820634
265549
949354
519152
731652
724955
560847
3550
468237
271698
540353
490864
330885
523793
665763
839484
984061
470433
125093
382925
407919
35418
427101
37414
462312
456577
718729
953334
865808
210379
53471
817641
425623
452416
998547
863899
53502
615099
669285
452967
258751
783246
538659
444190
199002
47874
975682
86163
726206
723835
270805
325395
95440
158906
392872
225971
270746
901693
92476
369473
487763
961153
236510
574684
57095
702568
628966
248032
431651
289525
230025
214777
438431
163763
816732
374105
381640
242614
672870
625668
278969
235616
292552
772693
811046
350283
932875
970132
259381
834222
233768
211372
351083
721708
791684
172349
325350
482668
199760
987736
513184
809062
77053
541477
629185
112016
747937
270931
910514
851773
562713
529904
700403
740226
794843
216562
336329
300045
243124
451051
264002
174639
50266
465627
396774
347386
251373
354975
863292
173701
274191
198408
754613
650060
920604
369351
197178
635700
715784
714564
509389
617005
871508
46029
719134
642865
538477
274859
767789
207785
207249
988950
801518
229566
412846
808702
152748
337289
869793
925336
515619
194584
369740
270485
568647
34637
723266
529126
136943
448218
296687
465452
596902
595365
814153
325975
957267
736572
546996
724141
44874
289138
935000
186830
676205
596648
111158
992832
32358
129600
531312
568619
146688
189354
150769
992189
466786
334490
162042
276013
957610
915226
931402
260765
508514
272059
407337
21657
300578
327463
145149
542530
565778
481659
891379
277177
59727
570562
953496
388695
884287
631542
925504
953956
875134
506576
498418
493523
825450
916554
795725
925768
28692
746534
973725
358611
987122
151323
90798
946801
737852
855037
422685
399158
114100
240064
658743
602853
190934
77850
358192
488482
204446
174087
707325
279665
549798
440782
573801
290881
78443
658151
801024
773098
353514
818290
236568
594688
68107
798173
428516
294993
361008
479776
932855
403609
482812
506927
956519
442281
344262
447341
788573
735267
185338
653566
948540
124066
161228
432492
223770
53437
628610
756364
821982
460571
662990
794029
840332
636529
600064
821405
787278
901526
744247
522083
592986
73769
917356
767908
190887
460069
591078
301031
983168
653167
528231
614158
928301
763468
588366
456370
220556
209352
141189
947015
233007
457987
613637
496332
315804
375273
226498
817510
453615
357197
835837
566903
210700
309360
874348
548116
131131
403951
967579
767037
978198
347469
623788
728055
943193
715929
373375
852232
780764
720060
970924
144911
472348
300769
438573
892669
226805
555033
236340
518956
514890
123083
198778
183336
968299
260385
759769
584321
124798
946464
495831
570993
962835
821877
600013
145448
258901
692631
859559
679675
617436
935112
722167
569980
349902
431993
963381
398756
400050
267341
666669
95827
975286
22025
181565
966093
791868
293450
848631
521052
910819
683718
387629
406221
156868
576380
244920
68702
906229
301788
401530
870420
52499
6591
834830
950153
449969
651585
687269
313654
336860
65506
257869
168393
244128
726265
70192
502924
622322
684532
467481
800206
126231
274926
871579
8245
671031
882958
180402
880681
700027
210660
891430
586061
539738
323314
147802
469489
482955
800729
624115
725853
70174
101140
51323
969440
856947
194668
510891
372983
547520
3656
378201
955016
132688
862710
796862
413876
696313
497694
678611
665832
505384
78459
206030
823087
686399
720461
390410
539892
399714
797972
127524
579409
451039
746235
956022
624197
282423
403986
586670
27141
953460
266506
796969
957098
649672
356850
380871
819307
816610
741233
49309
158280
999113
633447
295873
866004
195475
442897
594407
158381
61640
420487
565316
88143
218792
876584
902348
511020
150680
796177
128927
275777
139764
221494
761409
25579
909872
291131
97213
497477
287080
408695
457811
171308
740667
621206
237151
650043
68485
584086
537693
653374
86935
372591
965000
274094
516102
267774
460141
332050
625134
226085
21309
460421
647996
606039
489924
7317
415610
978778
585443
362345
242745
704395
778933
414179
161359
105553
406929
785225
224017
383446
678744
326147
130987
891399
108561
853962
540226
558289
365722
304430
512889
290108
534457
998224
221728
624272
41001
818918
11527
389679
516215
953183
226499
641412
446752
458398
546349
74321
23863
743980
108398
282006
904216
188749
765630
473512
260738
551251
83580
687939
710401
748155
601983
564986
885004
579428
599050
873976
508110
700714
141214
207218
795778
958052
430634
875371
274998
217822
790947
3763
501779
943069
316509
545204
154321
864780
221201
565676
634264
290201
822592
588880
858715
46099
791152
821091
628352
658164
761622
260567
789685
892748
399174
898663
447213
652109
315895
669992
714418
883625
796703
553002
678924
62946
722348
752461
591210
818131
249519
43890
538468
23066
709965
769939
98884
734578
480948
247826
631971
625442
940280
97659
560399
640254
971088
285021
246533
723442
769405
427237
829976
495446
573895
943414
755373
835568
800975
59543
257140
688840
139306
369856
295213
540742
501535
111019
981490
119041
466878
104728
632848
689988
252614
596566
818775
678867
411704
48683
957552
24582
621482
416532
103105
916803
373810
478247
394387
617443
76667
549622
983437
439660
625603
567835
461026
865298
120677
283712
314170
830856
105882
981785
181713
195714
87189
987791
893997
580135
991245
503364
729272
60326
23913
327220
965566
786400
70279
849783
565379
555715
64938
993379
734018
547382
862974
976654
467646
274096
607304
734385
348039
872420
593710
448615
520716
418967
126560
473045
906711
747985
46629
124201
912817
449130
698098
34395
527661
812136
672301
299789
648063
690390
597008
419626
671381
510089
286154
395535
693366
387376
761985
225875
880393
309720
895917
21385
315274
85932
246243
681291
849810
742405
561480
117493
559593
964106
413224
131427
893767
808304
488948
172317
736444
21013
183189
780644
866479
419316
357474
338225
139911
781377
567197
510254
771600
103131
123581
966788
667421
198
381254
65604
23344
722138
499022
712853
318650
599087
953505
623660
713986
737128
214129
893304
207682
222490
957327
658136
892585
560020
393692
911794
493017
987788
583197
155142
466552
722429
712539
92713
429575
137846
57996
848064
370535
419205
83606
104818
524565
533079
577762
349070
978756
780519
518150
959212
204398
400415
38138
73008
235986
973345
882338
688740
52941
11635
10980
391346
202984
423154
235612
108713
753408
953069
240666
532276
922028
612022
697521
169569
448732
242319
421774
288280
553382
702073
336852
836752
242730
295727
340986
804997
482005
811883
585209
760116
985590
216275
494568
192200
842516
116556
706705
590311
988558
174467
207757
311385
508202
9433
501358
131320
215628
501582
555688
790230
703756
179437
229268
290275
77138
980572
659169
872149
30086
339983
190039
363790
875662
277758
838638
540784
968918
610124
847042
6669
273999
176812
696750
784083
383868
53008
471607
134055
872622
198128
741865
426468
652729
521693
872094
927485
476005
227916
233355
267604
986781
918275
671375
392406
792023
466349
397705
58594
340097
457504
856406
146651
617351
858168
962908
798942
690450
197398
235930
484853
623887
821961
907485
934847
598819
808734
978575
803516
995817
183212
922907
340318
459606
24008
828748
544834
201830
834321
542385
905443
307253
340160
871165
375945
586810
979130
590994
584410
122948
62807
825683
846829
713422
890326
169879
823754
44431
912946
638283
973841
380728
789380
64840
199526
765914
919093
206717
830073
566629
257117
494539
853872
944460
695741
140144
381108
999492
526037
977690
544661
867434
848995
893469
580955
788100
855994
51434
934303
304251
636530
481233
549848
434546
839962
673711
288503
286799
420300
963458
378102
108479
805271
221005
596191
880166
13627
798437
747283
356732
449784
249049
118951
945665
544129
499260
325928
282526
841103
662673
887743
123290
393363
162769
326640
758389
550147
117244
548708
846550
185465
983911
510186
561739
678474
939604
710544
459042
364050
296716
11073
127726
609115
933085
954628
918658
101279
26262
810185
922801
297234
235107
869554
909446
143011
888353
871048
878238
882189
530569
27551
665052
347251
757034
171469
81166
926122
20013
404690
558649
496769
861837
44402
561216
190949
809194
638412
366326
595328
224571
494891
344083
432149
293066
948842
932973
588814
746450
333420
157055
969210
178287
968185
751797
616432
41652
493334
672874
950922
68791
437493
550116
609928
409610
741548
678046
635476
704913
564616
956593
873824
902853
760251
457310
12844
453444
901104
107066
824978
167935
985143
875109
839984
899196
929867
787552
591383
430890
353918
309591
12881
730573
706197
289973
961437
851222
624794
475261
102550
379960
256676
117381
424685
334953
629193
689826
597405
18811
609694
980844
220672
221387
835511
897296
157313
572298
438507
784605
845406
177242
999631
816339
457227
862869
551547
810182
349635
123021
668639
172873
569963
421120
768365
993529
191314
886970
241507
835674
523016
979987
209136
276820
973742
460730
60790
49058
848796
663867
465218
541030
357245
726802
226688
303039
157963
441377
122547
844372
950745
929112
274250
878783
302251
989535
102266
76838
996803
385702
322255
901280
793432
953887
466596
556348
276581
532850
360587
424872
50248
625414
777543
94918
472668
769357
364839
156524
649242
264721
804341
159528
658166
969527
977188
660280
870736
202187
592710
360541
745664
473886
798218
576369
110798
926942
73218
577140
324053
368688
833635
848707
394687
322830
972395
489333
893083
779578
720578
91385
334359
211947
56780
570203
995742
943202
362382
383845
950476
849500
742330
523042
125258
379680
565209
697534
804555
87096
132947
518818
784380
576094
526170
896893
107337
267393
46288
795266
317521
353732
781828
393292
452214
33274
451554
456973
456666
656166
537532
216751
627951
210636
637267
564590
531803
186288
30716
604498
774003
504651
895553
573765
756842
302255
234901
856518
152595
614210
764529
656374
9492
693030
194255
498832
950057
824633
843714
463990
279634
43248
911846
251355
221694
871598
795147
802886
565739
643254
385264
309142
387360
545095
833871
65914
960678
606408
323349
535598
358204
240301
364966
908019
737484
767610
181721
51259
133218
944809
692349
402820
376816
656541
643246
586557
492428
988947
110476
263894
994288
583081
882056
467614
674372
251235
911072
376019
132026
832440
382967
205050
605615
301055
42320
463118
750329
367973
440361
184917
163347
440538
471373
150370
843468
989032
927814
258979
151500
823059
155401
481164
329240
528118
194235
357577
525307
446636
149111
531782
745846
933984
604014
782062
130449
370942
134235
951320
28882
803956
699112
847622
878118
81072
853937
751274
513982
336250
438494
271180
450903
300653
770827
422810
226900
350846
856961
950463
711225
702220
105573
517170
4644
444795
108229
897884
726336
644276
535262
898736
727213
212081
404274
417968
692507
764591
423378
488641
520129
944228
635852
548853
333583
339969
821925
759171
701652
774472
6199
406159
163467
246549
570245
951050
717040
882886
165048
675664
408702
465676
879851
413090
462741
795828
308006
629051
739671
549329
522309
532753
419987
673096
264503
359273
914969
403640
299735
823469
921731
189988
21265
310742
209854
190773
851759
55446
931368
545602
391283
314187
355152
533349
77567
147365
516840
30513
818794
747233
871007
764415
311464
240381
790140
388203
811225
493904
516578
377447
248227
519400
894028
139041
70616
953343
86969
57936
515956
963805
323524
569184
418498
368457
57169
487544
460957
306541
335204
108196
146836
436293
762764
713444
717479
813635
390332
782736
653806
819705
624281
72614
893551
100658
674386
851039
503257
189375
838836
132275
190145
145187
732456
467360
45988
420902
656207
321696
521063
528402
443292
674732
710615
231313
631514
235909
275843
553269
311914
198368
221316
566437
725422
723389
571437
197916
389254
778530
821567
768795
525651
46007
880486
182575
414855
247509
795037
311161
233185
289725
711746
407653
463963
154375
700600
59791
602479
699483
129077
627970
487667
839587
877226
436735
877301
527878
665504
21198
282818
43899
239622
498496
847192
977205
629114
722996
497501
894224
493583
542190
626953
239164
525102
748626
817194
272152
688596
344003
889142
167174
910381
252741
214690
988015
138128
432209
122084
650515
517191
613593
154125
856383
967539
356239
495900
685753
938730
989738
597983
899327
205916
104562
836359
705762
514878
737238
359765
941937
163526
671197
117088
314166
820099
916725
465541
298906
819862
645608
285611
106787
590417
556140
661489
462238
827690
865497
391735
429592
739035
348405
95238
592646
630362
772139
370589
752836
195504
367449
723770
498681
878282
219712
798875
557751
438650
130346
825223
372690
301077
874956
767569
425840
278531
69282
851610
606573
999899
674680
662748
979253
79958
512835
979785
817822
828358
667189
141186
781029
969539
121587
639009
272146
15232
838295
847328
368438
307473
278077
341930
559390
883194
529150
952889
226465
619923
52376
221776
486937
241684
707561
392530
808814
766083
146266
981630
17102
315511
954073
574408
741561
478535
16638
821908
697784
313301
967567
177297
801517
648496
272607
954224
576006
654865
648395
885368
543354
266792
63167
600484
164032
776100
47553
485807
534284
346431
250467
913171
694677
886426
56986
295936
143654
35840
118258
615654
82979
282043
773841
125690
213969
993872
577068
99225
657029
990533
91046
443034
316332
862129
514196
642395
529988
486439
409863
227125
950591
196423
399039
470926
201583
619102
829162
553454
407372
139841
319456
22299
198244
794806
166556
298527
515443
495832
904467
685822
22373
18320
617203
607460
79062
961537
637540
719748
654005
477439
954971
693912
503319
705594
828538
23540
58951
763479
819396
33188
806043
125281
152169
917857
196173
976145
364985
298088
639527
526386
835615
995471
484866
455066
183338
550283
851990
983298
319190
447856
729397
809466
383599
751674
651033
85838
603846
732033
612005
25380
590126
538678
635375
172235
98391
449432
698746
988389
298886
469475
654308
425996
915304
864068
619
426194
605280
684794
272556
8555
490810
790914
228288
566828
429703
779790
970383
188556
339581
533859
431560
314261
574511
847248
817852
979840
657755
881435
436670
726189
831520
407692
828131
64380
252301
19477
986536
818379
145364
380572
122675
219148
484829
221671
333682
939777
198071
674403
146976
492521
730193
480550
976797
230734
39646
227999
268960
985469
225970
456163
959187
165603
667903
161731
398462
18534
834133
651379
3944
174957
838949
668883
506803
927981
180448
834553
251752
398007
243307
623202
615660
79775
905562
974073
530016
552968
765261
605055
892232
333786
249828
948116
371105
616530
989924
581341
304581
485451
55153
657264
26722
283159
776102
487171
345801
35587
249036
562880
68168
517323
489854
539249
507660
527687
269926
574862
522597
374037
530146
90789
387893
239876
573188
605174
657534
912508
312499
248878
111190
498250
407342
999735
702348
341297
53720
529395
749493
112624
276358
210884
772862
541735
414146
682730
75029
652550
679533
121395
983846
967896
637098
84374
728173
765074
42891
605688
358730
737509
192711
107956
662743
495433
403842
449078
327743
796131
274693
129207
562589
70051
185713
743574
465406
500758
646417
50948
795625
17486
891959
588424
657927
486271
552555
475709
739534
860872
576829
138017
814817
841375
361344
867024
305678
461211
447181
58654
622117
291782
707865
447849
440918
866596
888652
284550
275073
48701
507036
94173
356953
443128
61064
951633
398643
342819
569327
793047
258545
297296
727114
732520
419333
577548
136593
70180
732931
196565
241128
546570
41216
261005
336729
603939
305294
45539
335134
553470
903714
776461
752840
165583
119085
499083
802022
986233
720350
661141
747781
770785
954977
139542
1753
937489
914768
115001
232786
253931
279555
916135
679562
640719
404088
718475
157369
582191
152777
850782
459127
342378
18492
934671
139769
541451
588687
178519
587222
478638
754253
60238
741062
571972
750433
199121
188223
358316
792548
700469
194161
615175
837041
47562
474691
916551
47489
459786
329594
308813
970504
925026
551180
483251
720223
630679
739852
750465
706755
342704
298187
760635
324725
278857
545213
74450
918744
323692
754804
767955
970753
775644
719753
795474
853181
530717
183727
780712
296675
909738
918197
511866
94909
80706
765309
320978
620202
481232
50406
254938
192532
614057
84406
679400
787571
35536
10765
425835
887131
673004
310057
630742
519215
476831
648780
261028
53133
473374
518229
866097
406524
892877
909413
852146
48134
635495
25227
573760
808312
575083
647999
111451
231532
516834
287558
176200
119587
518072
373731
92956
339110
61899
209009
19460
81518
957793
267117
578119
74220
941737
787788
525387
856202
566382
133430
29488
189661
474986
627858
837609
220906
409590
668703
601937
947567
127147
82343
300303
671700
49031
107064
860133
252491
228919
64721
306794
209266
938872
142001
307045
652412
880857
902597
356328
344982
862949
212398
916048
616300
707525
433442
526203
914541
446782
680704
92552
550237
580970
500423
637225
861462
863574
20681
258045
921759
85905
843554
28148
776788
77643
368633
29752
832818
657625
503957
774854
308161
504278
678233
915360
37406
843619
676381
989339
494052
491150
940139
520659
355255
207376
19475
642047
375852
338737
953451
252184
125062
72487
829906
312372
396890
465361
556676
85802
597611
75365
187076
616446
685771
669387
263731
902428
214769
439704
112058
173605
254212
117649
320425
672716
557758
853739
743202
350164
439822
687247
44172
809025
371940
761716
206686
559595
103826
76369
402163
707194
406939
140377
965239
882481
326775
524199
797088
846085
641040
44870
7452
641470
919209
365823
834576
578398
529451
707569
31185
9832
269278
728029
630533
892631
100989
535541
827564
471665
188411
683612
76874
963316
723184
724028
845392
928568
574675
705459
287272
6257
810644
182763
383714
918544
352153
860232
584758
706696
380882
923514
734069
247982
422843
23026
645369
279342
814256
253765
248425
97058
115643
430050
129860
762987
841336
153276
481712
705568
858973
552877
777932
326549
936797
808066
637953
468558
556286
154807
980439
607855
267566
48569
959276
569191
85963
881833
11665
868489
513359
193407
30081
997563
159692
864959
944263
802766
628952
397003
512911
957370
856489
505280
213859
641253
687821
850265
851803
284751
53070
499795
256879
322861
995782
618048
866186
644411
648770
432958
238359
276655
563424
155354
645165
866550
452949
951814
27374
764281
773572
431685
630665
906280
658843
609040
599914
968962
22131
576459
808428
170668
563310
715869
932866
77596
767361
330817
478368
309574
70230
496701
636527
421261
614973
900057
681429
547299
564045
756291
345983
285616
776880
802011
444128
817482
604767
21382
654183
693857
996796
610841
333152
400707
282586
324658
533301
38311
755676
208670
936705
873002
42529
968719
285480
650071
560238
977883
32667
894033
749838
606915
339475
820311
674175
138965
31629
14322
321265
251110
506632
660714
757352
366094
792910
156503
601600
327340
244891
389524
146638
824727
798732
844888
846923
894674
37765
634362
59896
874673
2070
967491
330307
480954
243295
363442
297594
677458
666988
845460
739028
305768
644946
812193
115463
766095
346746
826879
170366
257756
783225
628794
502166
993484
927055
238990
751863
564775
408522
308347
57556
735009
92676
57368
329032
441808
670481
623944
869092
930569
61317
640802
557484
155677
736836
948659
246169
666547
464474
45141
712533
340468
708878
34441
227794
459261
876478
515885
900728
453279
899176
275546
941238
330193
890565
321564
640314
429619
7055
445007
888063
182244
657682
242675
37006
78019
52651
318123
462597
975282
481975
896174
674458
898626
136863
617734
126762
16429
754505
137425
773894
508117
193320
626384
920843
665816
409843
774739
533982
47145
561959
998395
835534
825711
879413
757113
880841
543752
546364
647693
404886
820858
123742
909390
735160
655641
357588
571861
893444
273370
509511
353215
416307
756766
109865
531345
706939
35827
562724
876870
254160
726060
520167
258249
770832
287937
571930
275176
829005
662675
437949
408102
87224
185100
719132
238959
799403
811173
772774
727681
145814
906651
563511
814647
888677
82328
194794
301869
295854
338778
982089
110815
183636
635101
148593
745471
351172
13968
862785
865939
935336
811272
502986
775697
217099
278808
670098
973758
266100
496000
542800
705761
491545
654880
142682
542583
863912
421111
240424
833083
616109
479020
241039
42682
358656
914472
733315
726982
60958
645997
880516
439426
623722
394277
961889
455375
828055
752097
996508
580603
653705
478552
679501
696125
674334
183985
436779
450103
53286
924267
277935
552502
236077
543844
403952
576798
403884
16142
711782
257835
933920
531410
76997
515107
250988
255813
845748
478227
808192
910230
418582
792769
875463
527155
666180
290763
370789
881999
825917
512560
521186
503619
872373
469638
442898
820394
567166
707646
409497
411268
608548
644520
255643
704726
281671
174300
568536
791315
384373
272074
626210
494970
258597
397855
876169
798604
892773
153152
568845
207648
409363
975395
80878
637187
909637
306122
936992
326345
559881
369500
221467
737141
683270
642145
428366
476224
918721
195289
534259
118857
741628
481082
181978
203896
459909
48943
908947
592220
529220
995271
615094
919214
306978
355095
404110
275517
467494
332851
938748
389473
592454
517535
657947
209668
570239
156767
676182
650751
502889
459351
510287
596281
496157
507408
10056
418560
804015
112791
100316
935136
670587
624214
93652
775964
330506
471485
111720
489291
331495
424991
447352
140870
908966
730739
398375
113643
341986
666494
463471
684882
504603
633976
279029
232528
460862
84866
993554
572412
326236
790238
833570
476272
342157
280834
942188
43757
261088
787777
313577
709019
302269
182441
820083
626605
651674
122763
383715
638870
71734
615785
889909
149789
728214
331549
340665
280951
234737
489582
31257
171141
530017
179103
162145
960396
704103
63979
235877
313156
208459
627011
852515
589994
146436
97651
115956
72176
224418
112495
369492
973586
173816
488654
986998
42842
36878
18659
8705
7056
167846
489495
908905
489800
615395
617727
757806
526836
749216
764725
126949
754702
366188
889060
117023
756539
681609
374146
332858
619853
745536
906206
652164
415331
248671
441679
154567
653419
130769
387340
408309
567816
616792
548698
647601
739471
948265
23584
829175
416426
753764
464662
582954
398495
701870
968668
76089
207085
520871
604908
583560
265951
774806
266833
718542
335255
432611
131709
885046
229078
986036
113473
883257
281922
260241
933483
347479
171205
551281
15478
491187
951557
113133
311439
80347
38715
50262
322948
468198
37426
787042
720139
355446
960286
789121
768557
871261
20759
133325
952590
835036
354417
747296
294105
839
90424
559884
136516
832205
991478
931997
696754
928856
420157
252872
556262
86696
733141
630134
120976
272367
64887
677387
655996
675731
937740
872434
449428
501035
769540
767093
705108
51569
918678
705999
175212
2055
510459
6483
934241
561226
508144
684170
858504
943715
148234
142366
948994
571533
167221
358634
10207
386749
399888
791935
955747
771896
261628
290745
614795
955151
992888
441876
402174
528522
860187
642712
254610
433056
414700
590384
699703
805217
451545
589124
503606
740339
920950
266588
577921
473818
304832
169404
773598
349418
894810
403109
476939
908162
188768
695844
602380
479524
250163
974854
814766
61128
132638
883862
469996
134828
238034
417946
76480
800047
204100
775454
872056
380688
783409
49019
665302
538115
669109
86392
877189
696914
368178
745287
545863
255555
309680
376926
127041
719842
49601
126503
567213
940646
366361
213024
672458
618865
979757
865885
511518
325967
664610
417248
577102
803333
18162
798783
528397
293052
236086
599867
490754
436772
759659
78207
538182
509126
16433
963703
960615
417474
537653
413734
672608
970469
363446
117839
804167
379062
248399
314414
306956
565941
304589
751823
994136
238826
159228
413821
504585
543643
971620
14811
331293
572041
610654
115657
364793
718325
960728
492086
303532
111010
643335
232814
891325
849367
459757
889732
507819
942857
15027
118102
453022
603866
394850
444943
479911
982436
461729
61252
497532
741741
315010
743796
186817
596898
895826
322369
979082
849686
730099
926724
166735
286058
431162
625515
355847
861147
156432
522632
273213
275531
355340
227189
388924
552618
577195
916427
594950
241378
234007
557425
90288
191169
972001
951168
730156
300080
65317
508719
919554
714332
59222
7857
300121
396806
354115
736665
988080
575491
354471
979569
826464
254188
747802
347346
246261
315684
923523
745342
393477
82943
1946
799699
632691
757310
17222
425967
913089
989568
38922
938439
656219
282182
134329
675363
325547
107684
466737
874465
739482
158039
784318
585587
491362
475666
851915
413494
912302
891249
270432
172828
455207
676510
324618
615037
991464
38239
308924
614836
617708
744615
856932
886791
662674
17695
524662
255641
954645
392504
207197
384915
784666
418565
602244
529885
705417
412546
885578
878970
727595
456544
168848
153644
762374
294151
567924
717795
390749
116683
262724
999951
92907
842830
867326
178777
381330
983887
746697
898613
741950
365071
31053
81861
438144
528623
475273
617909
542434
630684
457985
391600
292419
695067
484746
785028
767461
13546
65949
208726
268630
703278
245502
545950
547116
718196
366243
974865
703560
96369
605382
842016
406759
627002
651360
359250
382630
469840
425621
448472
987129
719161
862756
473376
790524
171342
788128
345046
83244
925296
303225
670169
191731
567480
545710
321700
958999
234664
732977
374281
519982
361203
710950
500878
764716
194597
813001
414561
744605
484336
671214
483758
853781
485412
399689
143269
17707
355507
467427
483313
523919
621253
257000
601564
114601
985057
384743
895452
256342
144722
332890
205833
394615
305638
561529
492394
211221
333330
249017
783912
598576
675443
810276
15588
337315
276783
872214
994852
983989
755258
170257
713384
671486
544181
409150
248859
891443
81200
305089
930277
834193
889143
765085
118435
41548
642127
166492
953519
621777
876738
5485
93315
265350
471664
933280
282327
224426
472792
810494
107551
507416
30772
915222
776304
570156
322735
572854
502092
880128
118212
977077
227152
630644
6893
570665
737212
231395
890951
956070
393835
697424
581342
730571
663088
714214
437093
367287
320933
125621
779358
1330
372128
944831
536784
749456
774064
30182
961844
487237
402194
709627
970356
559206
827454
831933
408089
258763
940783
10606
10498
301432
359154
78516
986535
145015
77753
98434
237627
728849
287375
247845
987499
346024
985575
602221
722372
327476
463501
361590
727729
410840
375358
643026
11169
801952
552211
578772
456583
553626
377367
232124
484667
76174
762746
10106
257918
133979
843231
851611
440239
61904
817129
868520
429538
535697
33121
513068
189680
260306
84399
406107
104401
487749
476860
522359
439920
38626
15723
655139
490821
778882
695419
58917
104076
828836
260019
970862
442906
584246
153913
710995
209018
694477
594336
388162
810983
861356
754647
694081
2310
485140
698116
928661
433993
899239
446014
697945
219227
835497
550844
72891
706486
75236
69483
612971
673285
341167
40949
592763
53459
625208
310269
20920
403134
147637
892200
55649
3311
158275
657413
347144
785488
348040
971849
495891
637810
970020
412983
902462
541258
505115
334706
459529
368628
363426
534531
416063
343647
907434
403612
968892
789129
296894
202435
609271
970739
345565
164298
634791
599963
116880
692993
447149
203040
128476
811137
361769
963473
183924
584517
273017
484833
950079
93682
160208
94774
906871
155822
205152
816488
123215
28737
758567
614774
438627
250904
85629
847621
411021
298688
570066
260540
383608
929917
796557
471907
546471
137082
238247
272708
773214
922304
703231
596617
775979
606576
192887
615993
316916
447068
121768
15866
791259
946715
562769
953707
499253
861250
979483
255217
240930
609073
28168
102928
762190
26889
116536
516527
318851
880955
317144
225086
330536
178812
32563
781210
867284
27558
257903
251173
315926
613020
767710
81130
363267
323839
567585
962886
923410
533466
992035
894331
631016
324524
630707
104300
13458
621896
757138
513625
290105
664405
493675
986329
766251
782803
90032
317670
282500
22012
673939
635218
988473
161605
596766
603800
114368
362307
685680
340110
437471
20331
820757
933008
725952
145075
153294
36563
249639
969624
475392
816175
171516
847324
197630
726990
844739
261098
269892
405059
285396
555989
822834
538158
796527
609193
105917
575388
541559
270582
382729
805005
278116
467893
701765
584778
367778
282210
324147
945240
94267
740831
362606
384814
366920
271893
209799
790182
901859
513818
848252
980450
291580
773343
898528
627629
82540
553097
688182
896650
528919
752415
301385
60362
795848
547748
170621
611264
198477
582092
722360
424341
55009
91556
305827
917804
551383
290260
849182
145725
171339
825211
953300
571971
298564
913176
155387
990688
636688
290169
777823
268267
472834
39649
736547
255689
962588
865221
722843
724026
538160
222726
169708
299870
386182
186539
744136
121369
501541
936782
44139
47506
398567
452687
515028
601270
931268
885280
230557
779900
209621
246753
18828
242419
325978
346539
651454
376788
81195
405149
22905
67348
481707
81784
382517
292474
887785
106785
258350
601734
610054
292055
871863
940308
514381
138096
92737
16652
892153
213426
77873
381026
205213
411266
169505
10908
117944
291641
174100
694436
162150
343086
186463
316595
639179
696490
917339
579709
400573
352210
880315
546924
559776
163412
724804
846203
921630
459278
264466
449985
694391
683378
366212
975580
117793
521939
708627
955033
556187
968155
536700
347198
860597
831793
129577
930238
407945
217412
115951
232663
806023
513847
172145
621516
344046
297897
29665
850591
716070
765786
816747
836753
908570
313042
439413
430286
965546
146871
955090
141836
63649
932004
189317
305104
168126
986672
22119
6390
359745
360974
416316
952414
337669
957062
917408
958092
677792
16793
113348
906213
851442
5505
666543
349770
867790
11300
764227
895375
765869
949120
428390
416551
579185
460654
2580
873253
776918
45495
192435
34381
637721
841593
987943
782168
401411
962492
450095
798351
782775
560934
364235
376733
519844
587974
778340
750161
136342
37553
12285
210135
297695
317129
311581
49471
203099
18308
887635
752164
245885
431278
196758
224509
583865
870267
578997
451248
535381
329323
953701
242420
195854
132819
604231
24557
891406
164019
196265
492557
596349
436493
673904
456842
383983
210244
474312
696859
730281
901561
222685
666634
496723
432433
301916
182482
11892
216832
799100
379538
70704
131015
839096
784310
338996
394822
321343
742260
338660
864731
276895
373674
913672
14136
830217
214692
312915
680540
376272
200568
582051
270424
489157
572353
569877
195887
186465
765862
951045
774500
808348
26745
494775
445520
658416
85513
482376
309916
49749
932309
570800
321692
471948
971758
303631
694478
946911
517136
374266
945539
907163
78454
626855
549549
581740
686147
460079
897805
126616
615503
935647
233783
656772
460876
461110
302000
209572
40667
50677
981326
20071
451411
215071
17466
675343
441848
485794
155097
897211
425071
1998
419664
706424
97658
187661
173310
170654
648406
376463
515958
891669
766767
984441
551193
200362
633572
188428
634361
619303
589083
459014
166053
502769
341581
566038
348160
908042
998005
868900
160209
593129
698985
988171
21452
647653
200097
678307
13466
501181
793849
610957
723276
606020
363820
604930
479262
25694
661271
25680
524561
107478
812006
983170
64358
582286
766813
142622
525624
456593
684808
884919
58885
638385
972740
553149
955964
881964
889561
648910
988969
502593
527569
668593
819567
663333
280540
293
214037
471429
898388
253206
318952
309851
723054
754901
907457
445408
226936
849070
292948
876289
938900
73000
59458
859571
872134
205363
977564
376829
466270
308905
801712
941247
716024
242524
66254
464502
423351
474325
297475
786380
432257
545874
177500
677543
278646
413225
922652
840946
948118
929969
152317
12886
886225
75009
473476
686729
492010
856976
412927
29309
358087
542332
267998
318200
90662
798444
817312
15930
367272
244220
705700
199948
845124
786759
367737
840993
929152
297406
167380
93585
507788
726082
835335
507226
880100
747309
598318
622252
268559
691422
42680
427102
641363
331394
82357
660901
288069
560233
788805
212653
679611
353848
982625
231842
568291
111807
716484
11009
347878
949752
102787
307524
307001
528476
384194
944850
216327
433885
941847
62132
597005
773032
585944
231479
735081
923002
51758
274841
190424
344410
637524
959425
972671
511130
635310
492047
374040
253243
997699
382478
97591
512624
190361
349318
646200
927867
801772
693358
48904
739764
883210
581439
28876
667433
959310
80945
592670
403127
910414
546449
17461
190051
794303
553577
827182
241814
636399
912244
132514
496594
569541
18513
539225
626128
61048
903644
195510
571528
827427
625237
920316
976195
10600
748227
39242
172751
399937
419509
425587
546892
591332
706531
75390
396900
961106
936180
620855
131608
778941
336537
746160
92917
608724
120022
633560
97445
381932
343201
538805
284577
52300
526529
932740
825621
466459
594911
948731
129484
514722
105656
692633
699142
848905
927222
290951
273647
23518
357277
523609
783862
108878
670657
287035
205412
809192
802954
629448
933487
284028
272569
97282
588268
213062
397333
154209
921773
698953
748825
806775
644778
754121
927329
51153
31432
759564
980915
376412
903631
609847
489577
762887
427934
795677
491203
795329
468971
320032
118053
218204
570967
712211
983564
193843
53462
517477
715751
881254
890192
341481
51436
418371
236179
334532
811858
417
902607
980454
3962
558967
731837
260353
258067
188649
624397
94291
514761
706551
322356
478807
723113
597510
337416
523419
277067
778624
194046
361711
992669
149656
247869
244474
194440
994155
245918
766566
230912
744258
407427
394875
657069
409140
986385
12810
784817
951913
258955
496063
895190
934393
459980
538586
566229
477682
550817
145527
68357
856312
19777
727817
864095
402153
452330
172949
911192
235386
623687
636836
484255
695953
167160
88581
75668
37249
591595
662668
752858
636755
847613
728241
103316
301376
398948
938324
986211
697409
608567
693216
59585
737410
67251
669662
214825
598293
190299
228151
181254
591382
829176
985586
394936
702001
711189
358667
807339
67098
984544
784154
733843
2954
491811
666047
864726
620649
691482
32166
748824
956493
357992
450122
676079
651474
763262
457059
34168
548667
686416
568934
473212
353610
29203
755292
907684
579819
9498
213776
745091
151615
614465
59486
102729
579492
454835
949765
107779
951053
794723
814821
194125
549880
390409
949470
612427
242575
181776
739049
384339
511272
407684
312669
786583
969154
474081
106538
302743
389769
501274
650543
919350
385544
496118
967353
850667
667627
91221
264857
705550
563568
287057
349217
317202
487722
435584
567483
730898
189682
336661
490149
234308
4138
887974
408111
336840
98180
313895
179995
604950
282126
926579
698065
563575
530134
468340
526945
415017
754123
656053
170362
510575
902238
774298
20712
223676
422419
298990
274329
176955
150902
672148
410754
97329
990488
4412
719387
999647
345411
477159
659120
174219
763448
507857
44950
566635
632128
172396
886665
303933
923024
833410
723171
234996
185048
606651
857339
442060
252072
772927
220222
622271
285427
498769
989328
143520
243138
919044
156150
267373
915504
419338
847644
700330
913838
277187
989144
81228
136169
262709
436236
92178
437784
300923
844425
818887
123335
391844
933484
241335
653265
925370
115815
535630
202986
863024
773210
576334
781721
445287
440091
774572
468482
193373
289429
470280
456417
689459
360076
795080
892761
385406
600656
128974
690776
379813
110239
279922
504763
884698
794505
35383
702107
507603
448141
186437
310470
522189
35170
428683
289029
362309
720485
222175
353603
595402
820994
807914
805583
928255
620718
37819
472047
373467
559137
153269
502105
77390
534561
167339
791650
715124
284693
285660
514785
145827
352360
567389
4131
450339
155478
445012
894845
185174
168288
674736
694372
113558
17654
182896
782122
145959
792838
887938
456330
180509
302087
992226
365131
574340
115607
170444
479069
476704
618761
55242
42643
349281
487676
747437
729028
714286
702053
82491
495970
935755
62543
396305
277420
784320
597094
849766
177287
742921
189313
674558
958448
295659
630217
812092
892903
974227
501789
890298
470881
14691
282079
292144
627444
764952
64347
415684
316436
505006
266540
713076
448491
426997
530933
252516
410268
759909
187503
392208
182787
763731
892093
811639
731039
526435
708510
168713
673212
414751
258146
384550
378529
612647
853004
113170
827273
865321
49358
629095
362002
741275
780211
315152
846922
961836
233559
373373
970707
899850
649176
622797
687906
13800
603234
700768
334956
105120
277969
851962
817998
570644
591193
510023
975676
840007
900815
379233
456833
534915
667362
798848
198502
534204
760782
119093
891272
431096
686306
203236
2016
500809
336013
610317
17430
984672
423822
432510
789029
371083
867947
58754
697068
13121
909003
76919
727506
107578
633521
677566
359252
96059
237397
376523
93103
349025
737244
844192
117425
64837
207430
250725
494263
287722
325294
64648
420618
206215
511444
540413
457962
255721
58275
503461
126706
788096
222783
653683
634218
111947
702129
27250
148384
843251
630610
355369
618977
722548
468242
636762
850324
276086
23973
590948
902388
66554
69132
548104
815400
936496
523324
424904
665729
818405
812972
445355
261007
501657
13952
677214
842208
759598
990413
342901
892374
557832
536207
549604
165763
232400
406230
276389
297977
331029
436197
845081
811329
788771
744261
836732
349199
32336
390469
771704
465212
708023
883527
991307
248479
456104
563627
377821
344997
615373
429549
485059
581438
590223
557962
323787
674835
804264
942841
106628
440872
649699
555290
699888
488835
37242
392393
327144
228231
578924
408320
496462
721234
17686
290820
174548
723497
206935
510022
410173
500970
369025
614228
795843
328474
262745
902152
751313
75396
952041
139910
692943
181445
906902
571792
717834
507432
361121
957817
855425
562159
379386
446705
90379
95667
2108
139967
568488
961763
759182
830690
438440
793540
138526
476255
21673
416741
619035
470406
225578
486075
594699
216332
663364
715424
959514
922751
729634
377005
294749
457892
887995
599541
116585
880782
616992
150922
236471
664056
834567
41825
722648
289902
963352
869084
791425
424913
897722
830500
177414
203666
140326
896632
446755
215142
711523
975584
163087
340717
359768
752735
544544
523974
589161
217457
4746
222198
318710
101831
151993
30547
857161
767777
604866
328814
132386
596821
793436
678382
499734
521605
262495
450978
562872
86381
470931
658509
466225
419875
895216
26469
318490
760209
704224
324367
954943
551640
353054
759343
494357
267145
167409
328880
91067
35772
867382
646320
207971
15125
956811
811402
332289
387542
961923
674979
555660
194377
331218
972719
54762
845989
685593
677371
237042
83461
145685
750924
737836
37302
470449
873027
986202
130864
216441
887078
559263
18430
586701
910022
64330
765882
407412
400726
156895
577829
917791
739479
803685
374210
215010
388248
626413
197229
233700
696499
636669
304746
752985
514027
27478
127570
726882
747241
439073
772187
348560
355410
851655
619904
786950
248833
316576
336653
381628
817830
235843
818825
122336
615802
870908
168319
850519
650014
108443
746603
216783
197033
684350
249864
259702
771982
866780
827125
422030
488158
745026
662031
483018
761029
380936
245336
566722
695677
69454
498229
893664
777546
804731
756899
150736
881284
740542
448663
30035
155139
500080
7030
662003
260263
706133
448366
538769
910785
46082
393775
672858
885538
529674
851416
960446
642414
59492
688484
883835
384461
843478
869852
194964
622373
855845
820037
720892
315609
604633
580266
182390
805372
215263
735000
79601
442225
805418
168416
840887
501038
953289
270427
292535
950167
749878
916831
106461
980536
462091
254269
980893
468703
849556
413747
217552
908564
338751
662325
931446
716464
364947
18868
106481
916807
802895
231175
575837
830787
57952
371583
856450
937034
810792
140636
923642
232425
585402
454709
948707
321587
154884
674833
239557
511331
462024
78668
246916
657245
94769
230520
224178
482414
28709
583318
627933
585450
541741
422179
256708
659328
648030
774391
514161
967209
830247
952266
43765
527767
201283
394805
693852
157948
264651
825492
622452
587685
259029
448996
744378
34172
284683
293673
486696
631726
911640
672133
750853
899795
85139
865966
693809
358551
948411
21770
107055
609025
511064
772576
160170
729360
131552
976374
2235
687638
481387
224038
478526
76553
426146
220166
727762
661573
274537
832044
130133
500248
616767
694937
513719
238443
873943
597070
427100
815493
900357
849761
631852
466207
343191
957972
749729
499694
380450
350256
208079
875355
454908
451099
201802
812270
23934
72684
564772
934042
238433
246996
407741
793341
337697
410565
434939
660094
814359
107161
648647
446691
837582
250993
621201
854627
373478
552159
280780
9386
767656
955866
645440
558331
972951
431319
772043
526848
999551
694187
531018
949290
91645
982973
731093
270161
844375
269250
760109
820060
556049
827684
446436
19723
730014
478317
895774
89845
879185
734034
902292
809016
941958
16501
737651
135357
293580
14395
755329
234768
865182
27853
602040
770194
836155
257462
306945
325090
791712
584652
248749
429236
532919
70264
448039
691292
919180
432248
198882
454614
517244
592903
289934
721970
153212
920154
135479
561388
57155
684615
226810
438298
212373
583524
713790
200958
277672
263547
404679
797305
176061
778469
469703
615123
853906
931313
253897
463381
492527
6091
268614
179344
512489
70599
386079
144805
683842
843695
572554
883169
65371
945850
877504
511958
744339
809100
271228
742148
211752
368058
138353
89045
559454
17839
270730
517424
208844
243814
259001
690731
158245
781459
779704
504561
115907
779699
395591
809126
169364
929072
959266
33078
647291
222296
111466
32204
173175
284097
617721
279336
737376
846880
38938
100547
939054
510796
494236
389584
585765
641703
970451
768246
180506
253228
102564
965473
787667
938722
203076
137013
933148
395209
366397
282483
72345
126664
83154
378897
477214
570980
955808
201242
725354
549303
505447
102706
351045
844543
903097
854776
442258
401533
653444
567887
628271
114848
22543
141361
208306
756888
912989
159512
94663
873962
228314
247947
501292
756881
901824
388877
349030
933075
721864
718921
314660
97939
841685
475550
229672
216155
630277
141414
569765
828460
466913
9047
966729
10380
958890
64512
757432
534600
336292
51947
112304
454096
250531
799399
447340
606163
891779
495519
95085
167694
617620
348770
217537
801304
707866
138974
109937
947322
548476
436986
760088
965126
88998
273510
210515
107943
317289
103365
172779
480614
416950
339277
291290
803223
368195
557708
725852
69986
840271
58543
281474
346671
141094
240877
322802
979014
405561
823296
35074
336971
315960
577541
904357
618911
742653
336706
789056
866616
792882
646062
43069
893536
693339
755933
848358
633597
33173
431397
320388
424152
178969
979131
222167
221641
994086
236791
827999
404464
984152
326048
362748
592620
473643
418744
355590
632032
54770
404477
512251
710903
348116
603367
976869
159193
499946
610036
332999
120086
302689
808088
537603
809739
975737
91758
609442
660957
199385
749192
580864
433123
83980
295591
616215
641888
40924
632966
243302
965869
840265
604625
417533
787445
278374
578419
151784
89882
790225
215373
381878
932278
797837
217474
703844
221180
789438
694575
964220
783360
93432
309731
946501
176164
402430
720594
381028
680839
268694
274891
81041
323441
139242
538062
393543
633160
716952
118406
657294
122482
519164
40216
890685
314373
977392
370576
347485
274526
40153
109543
844339
974669
343395
856059
577923
514656
546461
515777
954222
723850
15646
165853
635489
402806
370979
194059
783785
90601
439168
220905
231757
590817
458949
807911
999642
693739
939051
678400
565472
291520
42477
123772
720563
667298
788709
309372
575603
145455
434588
566800
171830
33034
827685
285972
595227
780251
924496
647404
119128
446645
298078
851768
677738
572693
771377
39419
590744
435379
113070
757018
743256
989703
600695
94700
335295
331965
786349
171349
778574
945075
618578
432834
1914
343703
916940
981730
534574
86861
602074
139555
761142
272492
149330
737303
933126
205025
121642
476743
931283
12061
969739
902847
31044
648792
407432
691138
575815
819901
711203
741691
571161
572912
526700
513322
791015
318749
943888
274442
241779
103700
442958
388722
5563
471119
780371
320584
927384
972302
392224
672707
904981
412510
338177
138587
389908
370445
584968
91348
829864
946929
323455
734410
995588
539067
937665
563544
593877
228771
418917
751934
589549
260481
87694
420673
704724
349681
246405
659944
21228
919520
182321
701831
23738
454636
517988
923689
441349
555222
984977
888535
823846
123533
47456
177372
983370
284144
456698
846222
835544
221578
972488
595491
290535
21879
243114
151700
136449
261990
724824
563366
368834
181282
110044
570785
380346
931169
406135
354016
522194
472607
475870
525161
415394
27870
490109
688203
3678
442633
213439
750829
78977
955115
64202
11053
773602
779784
511114
81677
157657
475290
702247
734203
403943
850517
11387
428928
723643
193353
474611
235142
433480
626057
661842
280174
747606
536284
35934
296164
382248
148961
23194
572733
631469
637116
735504
880992
225387
6400
959591
611005
712438
484197
415016
395615
222085
690272
251083
356603
929419
863172
188120
243187
126717
996649
401944
49197
257757
938609
49087
818305
647237
487840
335806
397568
709484
632927
888196
512314
680591
182646
516434
351130
397877
200846
265306
76213
508254
613264
575090
341890
823239
870059
754805
274717
430389
493302
785396
882108
450281
440738
862818
143906
568753
559322
297653
594169
320393
179773
697517
831465
34671
482388
14431
876432
746794
66344
395879
333233
971382
725810
388196
462818
153189
894647
105479
130355
574958
585839
904421
314825
215973
930412
767067
761871
745642
754818
694838
399118
770980
935463
746922
534102
704339
762468
880868
184945
601043
27738
493532
751783
247565
899484
762827
684179
688240
130984
372391
11867
462394
41410
490780
746703
281762
475548
462615
769029
274474
649766
957130
856847
729311
248336
976890
329756
283051
245167
217179
908147
228808
101002
825815
659532
20495
358019
430731
978414
141853
899190
158234
74744
718062
580868
758881
916951
253026
309859
255964
164609
135162
462647
361598
930026
317222
88194
77653
250324
98487
797153
860120
910450
241986
593855
7850
503794
534402
954624
201716
860937
830364
810822
391526
31282
335013
704371
204341
456210
617675
607532
43261
267127
554007
604294
922966
212269
966743
357225
674002
859695
520238
688464
280338
67707
261620
507710
818635
964904
794495
60271
265471
772488
698162
370104
70809
635370
125195
908878
410177
122543
15211
991458
510221
165875
388224
533871
555946
95735
289472
648180
453157
953952
420674
303740
772823
152024
201657
520856
656555
198291
401549
265967
889805
306348
486956
640177
281517
56121
41365
145661
564974
730136
686332
76628
531384
16974
514945
810043
438770
134792
758396
455406
687956
981194
748059
565843
287509
596740
238935
303716
912691
576781
703930
869656
967467
908690
637474
685408
891541
647851
216309
94477
215257
484489
393826
756878
582610
745100
196111
992727
986173
531685
373405
782376
968884
271935
886276
950211
49536
909765
785676
825144
387822
97026
395310
604832
808934
531121
299804
797616
259010
76366
636329
613573
708065
347118
702218
825265
710516
600498
739156
281939
930354
588380
336406
266139
319134
259554
527498
43415
929137
301244
559828
549103
3653
34207
884834
318931
247270
945210
876069
359630
199582
351099
72823
107173
621803
28368
847102
442994
163173
981096
160181
91582
310507
689621
449129
942375
228541
488000
399163
777708
126598
794842
416594
140796
70204
675949
950408
37585
618893
844786
940013
571604
208875
398328
836877
598743
548894
381195
833937
551941
905369
914734
117580
866810
818109
467356
754844
633010
211053
569363
61542
922740
419161
591727
395664
466427
325083
531346
546060
597332
970092
348143
705619
551356
448759
373339
600571
814901
395469
951467
37054
245352
814252
301239
43399
798276
340367
762790
24209
29243
752321
729248
746356
762748
986585
692246
129164
817226
346347
869055
171977
615197
159802
365861
119536
382015
230858
70153
631800
175110
729682
85716
727214
254864
700508
219984
88211
394487
271855
767829
668743
202756
326335
992135
396246
50159
414345
947469
204500
221436
501795
624368
620766
930096
180738
618012
841846
75493
580805
37301
966247
677219
797164
380014
689355
550109
148827
367469
645501
591044
230925
976433
21252
885622
979150
259987
941422
780387
435659
370504
157739
985068
580740
710359
316317
467367
591792
18917
149890
224575
538733
576492
405179
267513
999841
764618
536121
288145
297779
70838
917507
183810
993120
440717
956326
692133
39354
262731
801081
611953
934851
493525
52491
202849
748770
435890
710572
851187
15616
110554
224981
534412
799426
548711
766964
462713
404451
196008
799256
814189
311509
583862
73525
452883
548380
728982
173560
653934
898973
364636
381010
538405
515831
52275
714957
349766
813024
772964
370939
324868
650000
44943
412105
834203
667521
438663
526604
38238
309630
948573
654
890954
39294
6459
382626
536585
692947
682237
612868
75023
819975
238795
498173
240419
6469
57047
650453
115120
8479
991334
25000
122027
986965
700364
455769
563641
777342
844670
196375
644709
236338
586948
270381
174626
940724
113883
21627
632717
433155
322839
246945
941700
184663
6949
16910
342664
356355
677190
171602
85702
746618
582975
588709
612704
54902
770484
6252
736118
733552
776739
899560
633505
541833
811378
882429
832314
120940
429359
665802
156500
621772
845054
256094
814074
767362
264183
68646
786881
838787
527501
499639
206181
45042
660271
417180
898889
115772
4286
861200
201553
253562
363299
18558
444861
758486
395918
78975
18356
780601
71771
211761
161068
804482
347990
370630
898162
652646
326346
816553
539846
93090
413368
35912
221410
886168
272612
662466
317915
786829
49737
89711
608190
494252
364870
908065
580442
142063
797385
800161
517882
883558
723991
178239
970568
417531
427960
511294
847219
690059
59207
315843
135509
685088
315987
245392
654458
387713
131570
368956
584667
819327
524630
975616
630046
159164
495665
593111
11381
641951
376479
808752
865528
116713
220673
116293
566771
653300
854573
498014
335462
560777
867823
837706
912506
985858
704276
744172
332749
491975
771301
275874
903776
675583
408246
745785
915062
19759
374096
716945
83692
390177
563205
188381
563677
668222
47743
917658
674332
348624
738323
406522
677430
418370
922675
517617
886774
284902
480751
481559
501977
293315
9588
903671
147899
736917
384893
700238
654702
922166
559743
806379
555799
731415
321407
766238
721629
368849
395370
267402
499238
168875
910936
916745
871721
213029
262184
925406
374972
716367
386531
118134
355276
699732
576725
424244
659627
624289
137309
721069
494731
319983
67073
79254
255782
304986
81688
38357
313899
604043
13615
912996
388051
684098
304130
689212
541165
552728
143369
142634
243174
169400
472379
918232
878342
765885
269714
545039
486415
757551
877587
585717
946028
292905
775029
177497
260770
969448
934759
980060
775389
883322
432467
384863
165086
970754
515422
803037
358057
3853
733495
376417
740357
483571
147080
161943
789483
8618
86102
196661
192682
840913
463570
389991
132885
47477
187230
81348
939784
937675
148686
542349
801189
518963
297015
359335
24649
231061
948050
127614
418401
764414
893613
209873
729474
593426
3734
129095
584829
556114
323221
34711
95600
898054
231058
106556
632809
813555
982114
378412
376793
671951
359087
80472
969917
115199
668351
528168
401064
707755
203763
482792
286185
879647
375929
325755
497868
592577
323040
149475
627580
668729
900558
513066
110680
789124
511269
230853
766450
222375
98065
273443
914304
864204
559240
591351
906399
148006
525918
668766
539540
974198
658475
222111
930494
972180
391666
58032
304990
102698
403763
117122
533512
563244
949596
370837
341834
543696
822644
946882
635438
991268
111016
18084
540956
520196
308004
780252
298901
55613
167840
800314
505530
184042
937272
336578
142579
661139
163252
909931
51062
234274
979477
365840
668428
163830
687543
971033
644816
131031
623391
986232
890246
647236
269287
304272
479783
310787
705520
944298
969263
619644
65035
252322
315063
535084
738621
949737
216354
796142
9459
227403
423996
183783
729356
704279
707711
207063
407430
267669
210269
668957
144086
637485
832971
824634
190886
789039
961091
52698
572766
475007
726652
723926
174737
741408
805318
55288
859629
411019
802997
27313
158251
413745
814719
66657
259689
763464
102384
825648
711608
400828
801443
82538
715955
203535
315908
439389
681148
575247
365854
357953
771240
291618
998795
865530
235393
844578
165764
375753
772647
970513
117976
990229
280081
783928
570599
123566
770700
255670
809529
720174
17234
746219
309543
686405
296257
511484
362838
528174
620716
773657
355856
714692
78117
358579
16292
216401
430315
668964
727259
712516
27439
622827
917714
399745
533317
625593
467155
8055
56679
245949
500697
329815
67159
773358
857295
905962
502531
659026
71283
156984
897435
927685
90503
559138
172002
17285
711975
945062
592698
102189
42916
962458
898656
937069
523511
970449
585954
395117
768735
652889
527378
47796
235226
531506
749570
469434
882984
576938
853581
400138
901970
673811
861
467246
910844
185741
668693
702470
132163
189024
306533
844825
766080
275133
978564
177182
66138
776275
397476
710194
417750
908634
149452
631301
292214
147354
244702
424613
68198
369996
786325
414384
530623
902942
66467
289653
712528
983183
10961
60004
117186
439560
785264
968050
185801
570213
233998
587744
817782
23261
378465
116850
613242
105338
593787
972665
639461
899573
823068
173306
842761
176045
151905
524029
104125
471067
51635
336957
748247
334587
728196
144879
246039
781109
161537
757064
328627
268781
739222
435618
684158
618142
395023
915049
962869
64301
757442
540804
230705
140204
200227
515829
40423
829626
705583
641790
496473
261514
461286
798151
561342
931207
897794
852179
2374
706716
27300
912379
18350
727594
28178
967327
266069
989272
734329
704346
336031
806646
265170
358528
677875
735365
809485
17663
870014
931358
212757
66104
495113
498895
863170
15937
668263
643505
573838
290854
435163
181806
193204
441602
82624
587450
549889
478220
712744
451406
766144
901647
341849
512174
458128
264584
344079
133236
488986
359908
246764
810396
783316
436549
703732
341841
873609
286481
176511
461103
492303
519488
379653
358794
119171
969958
357835
947222
361011
748294
500170
305546
752016
760004
831999
224799
559378
368689
202255
964919
379433
943878
655124
936475
441499
265004
269448
277533
811391
18572
756060
171156
452694
726950
569086
431320
721206
879352
938783
783832
126659
375968
737166
95319
458756
852407
188601
634370
467259
9615
549526
311039
138073
160906
798600
607450
40681
718186
471550
621392
410522
719482
376791
588190
215498
208677
763170
878316
812840
258652
977111
832216
433122
823307
909865
108483
470793
283114
135315
34657
563512
885548
418849
836966
527798
586480
123496
660173
145393
550176
211350
92997
441323
871466
351844
794417
313945
74408
282744
295887
790854
906760
878493
750241
969991
752389
115908
397519
504322
400560
927903
306846
145590
79193
967626
33556
907066
814632
871585
457040
17867
424907
628059
952131
984645
662264
163855
126701
356637
993371
67130
120874
110060
688399
786580
914364
296530
817233
634469
415134
766960
498653
671181
559037
928746
572123
490785
995184
870020
965984
663347
82464
943663
152804
197053
261521
425868
808603
965814
911439
907598
334450
125959
747381
250748
966311
261597
635798
876485
938626
322015
279951
369787
837097
974408
994169
867544
755491
160921
754815
495846
326738
429880
684043
395744
949264
100408
465480
245648
979328
115265
748553
589728
715034
26664
807230
344211
954202
771187
501374
536797
473641
503585
316109
256016
418157
335899
594272
420740
92566
923189
543924
647467
464723
111499
220290
379296
636073
333892
361188
807194
902998
420281
577037
751977
69131
113385
461967
498449
158329
650990
820298
278119
997636
572320
214516
16006
389574
210460
876043
308191
72643
454659
765292
76666
907608
283327
926226
975753
383027
894524
911914
791894
465219
597805
657786
964
940685
766097
859993
965794
764781
937373
893322
122517
412968
927582
704367
603231
17508
95006
649821
105144
692544
609813
810951
134312
734133
476880
248605
259019
213468
285051
315631
792334
629446
637698
719634
857732
858106
550447
120579
37861
157083
791613
361810
609893
112924
934144
266890
912476
799345
779390
634156
326350
553754
538665
446423
746539
315069
701229
575558
297736
846561
970888
571903
155561
370491
480106
793453
73563
327894
133809
622390
14660
542378
462322
236374
10348
483390
639037
274837
764899
786574
250076
400085
129152
927843
228847
83324
959615
904863
254300
492639
939515
747753
381508
822438
149405
647791
704174
932554
97246
288120
434651
323822
454717
508904
57965
568125
864550
668448
704160
245788
483888
647243
424878
846625
414790
902341
394457
151763
955904
706959
15526
960738
572636
278563
17871
57174
292898
524504
559165
323877
122550
802828
737538
810962
600610
978967
770636
6638
322983
271341
866380
519796
40532
783607
372435
118713
295369
758253
923637
988377
634064
113974
424330
767742
822939
967853
866568
663830
529156
287713
400731
235630
667001
129339
283075
530951
839216
981925
862391
515903
862365
660864
51890
774155
583935
444843
986857
570350
76070
431469
746059
877058
983906
86839
764659
234792
418377
253671
301255
891482
582182
997863
392176
492637
436033
773682
520310
159570
782599
78519
455927
114922
582486
370069
536643
960505
150119
840647
424727
273124
319001
466164
420917
886998
285016
473628
9613
851748
648329
577257
693881
976463
712970
998173
425244
968624
661338
932646
149489
843678
340858
321137
163485
125211
695753
878132
232101
402642
370623
971866
443489
284314
734553
529132
520884
667608
902264
225756
240142
910492
933946
820205
392332
234971
324516
787073
383354
94853
902395
851201
696323
715122
339299
355706
189007
941053
406555
532265
323119
204804
780384
866791
749007
159027
595225
869936
13370
332206
169636
907739
125365
200162
316867
261952
155960
818871
77620
631754
445729
413196
106672
639096
534742
52944
222065
780250
4366
938359
588929
943861
737693
884623
375784
334342
108496
553646
854998
369650
937044
3142
287989
982977
104657
740020
338456
775929
743364
720316
584003
153083
297021
932305
985386
726810
306710
35458
960691
579932
872344
1926
454590
522169
565784
264773
135059
889928
19063
330460
914276
838582
571673
310434
974372
346931
387723
478321
313347
569604
250210
158067
676281
155218
634078
138988
310081
454613
177009
741582
602327
401430
580139
839788
550467
702478
691764
308522
267992
548138
833793
753494
823707
236826
18631
865071
447483
856395
722454
20967
496320
351604
623068
501524
403897
337101
96319
476805
812479
682818
676778
449471
75090
322436
296825
680402
935738
124093
403627
190103
558870
477676
131795
249005
442562
754600
934484
99439
666360
374890
235723
847871
533489
916875
978425
646687
842677
864751
847908
533999
248209
326862
252442
911299
207975
918304
807829
913632
742879
883813
862714
32659
936955
101262
905148
307503
389897
104587
35421
678497
944241
873330
395605
287665
897198
661001
330507
655767
701914
912304
417920
63160
914273
615022
448587
793020
767704
703126
651327
894285
618261
845672
64557
913888
361563
573748
399475
799140
236015
312293
200058
376674
262503
881452
112265
487151
243575
986111
72118
37950
383918
229559
761021
843959
373840
847002
771598
118979
655915
926612
22466
194330
124792
18312
522593
661905
685573
383214
812047
501719
639150
97447
575364
548922
712128
153608
475346
488170
796022
807234
341158
74069
367408
710337
665365
714162
536123
219014
322385
105579
878560
466484
340423
372150
731335
206310
717017
821250
550215
327421
806131
560716
904503
189836
802320
235170
974011
976541
862306
421297
819059
848193
990074
56589
410589
689572
314067
759533
822224
338481
656419
456728
308976
264239
350823
588576
929902
675768
996160
177701
403435
643325
900888
617207
611434
477511
86941
515376
342445
584106
807999
738768
391041
115901
288138
71195
709993
386942
709165
822405
501239
863504
77192
613307
854477
309424
346012
221176
738316
896580
217563
15997
693938
684661
913084
70219
135789
674067
632540
599966
281809
878310
978302
705545
228453
359890
762227
555823
119512
615205
476373
266907
617809
232065
525933
538813
536740
349729
843444
37378
34080
597577
948279
688270
272837
767502
614867
215833
956947
761151
353376
7011
484093
590575
234283
285653
502909
965216
378395
493750
215745
273422
284724
982534
87555
359317
338106
277755
537718
501503
823917
294677
299164
337902
437683
343456
189300
427747
882630
340049
444904
629343
442894
759686
639072
615657
79797
70377
709749
770087
909672
117419
331503
233242
620687
756288
218643
586568
88327
124928
150955
712455
441411
73319
238005
241478
796420
247394
470182
492140
838339
597819
256690
327217
645229
65759
55869
260832
485991
614103
207697
17521
422954
431083
94266
441079
258332
247032
632662
15121
938074
507049
976096
70932
111416
403915
529890
828429
937384
28738
603610
67328
881737
987630
659073
864717
108729
234964
317145
812947
456712
611085
53063
173996
501561
590624
799479
274933
967556
327059
58725
26022
381271
194463
862292
673479
538360
176335
862878
51575
744697
63145
773501
105428
420580
436968
980703
843906
515643
602374
797998
872852
6524
701141
109198
525715
642463
858195
478951
300566
221608
888276
89024
123323
209245
153422
885191
14783
987090
517185
371117
499455
300673
861422
75724
590644
71918
347557
604099
565310
651135
263643
650149
767231
391206
401749
831198
291463
323367
141670
511486
315770
497110
36436
656179
455411
969160
610984
84394
110673
202743
407108
962789
708347
962306
657881
529892
624918
263261
605166
868960
531241
787216
246815
649942
463930
333029
826448
967413
949938
100803
610828
86561
510973
82543
497156
508152
892228
914983
555399
541623
742673
598914
814245
704426
961166
686667
794036
597453
468394
606154
337222
746682
734976
105381
107331
826663
327366
682696
569591
654632
518251
939764
867059
527627
866953
173757
469793
359306
26590
743608
951250
96615
227474
206229
243316
238937
127904
469552
684129
278728
36259
541858
344316
720193
554422
171825
205884
312029
893660
185290
958756
680743
750623
564908
162844
173127
933083
242913
325638
845692
642583
573960
592795
692935
665819
625876
322556
72940
471383
239134
88666
332551
51111
200279
399788
591916
833564
631662
110448
685215
879160
217735
682322
247574
192788
919864
956467
50420
101521
141179
235598
546678
771278
717411
296709
663004
818437
282646
300145
266837
871465
226028
679993
132314
393426
65143
615864
196252
16386
358168
737399
624628
809436
925055
496968
605675
30194
194094
955622
6945
172672
132750
508312
654364
477817
510747
308307
339210
374766
596028
247825
667110
232360
953354
400789
159873
976440
660810
625349
252569
281674
452348
521634
775343
47757
752475
76558
676766
393210
746060
163356
348118
172234
120602
779764
502509
808568
921576
602958
420105
415091
617204
446263
673703
30603
727107
808699
693285
661309
126073
328361
506667
359056
97330
124336
981557
484661
647609
290289
958291
996839
567427
827207
255985
715321
722886
169689
379142
522894
140789
642591
133732
446308
3498
134465
451574
297606
56879
333086
893080
544937
88168
654035
221249
471842
672308
182722
86642
150959
589703
614819
472072
743668
865205
437582
54746
651803
99383
261378
446119
881059
557174
441648
289509
376769
192230
229965
766952
850794
271842
514559
623959
928701
321138
720670
443184
714172
112856
484926
620054
222811
927861
549946
695861
214494
283104
647632
418797
484499
599204
413118
289121
793165
732060
29113
555101
724337
865399
869127
759028
889437
947612
760057
329577
48566
547303
480521
676739
862221
759440
232268
752260
774190
421229
480723
424178
795780
591374
384420
754132
3884
192390
617296
30265
117140
295241
916337
829489
138481
559362
605663
57529
965083
892827
939046
376450
346798
17287
328449
206361
160827
43523
46837
980672
449419
514434
319623
974664
97018
707751
990252
789504
254397
764144
508347
919486
819686
570525
278520
115633
851175
920952
593589
42181
947817
501164
369069
269676
779666
884990
220986
614749
208869
685267
892757
864770
781963
580273
916047
593530
242288
365076
640023
234226
280638
334157
432304
131750
771279
166456
326935
487390
774474
8224
628164
757264
645321
76013
910459
462914
490193
669130
612838
588253
611091
477102
893837
347667
537169
739798
799817
220276
782655
479396
891455
404180
986686
866678
793244
716547
261788
91687
4151
655834
478043
728860
156567
821617
263504
983376
133576
553822
366223
133028
187607
585807
64297
80161
118411
63223
961092
586392
485670
550828
165029
635205
53302
561810
538332
529707
756774
623954
270412
658836
170968
232681
538011
46006
467291
879964
677618
583538
181961
54857
264177
767414
806272
543961
739585
846843
227922
989836
474569
343658
959608
864885
600309
608360
336238
243998
455914
48916
560819
664597
972349
620819
830843
99213
859627
292868
269284
785263
322204
779896
115042
17114
33580
211565
360197
341422
656362
66011
722168
662096
189393
258952
452036
422711
445791
147304
154943
357120
516992
32257
381646
874093
386993
799572
600096
838961
834619
207293
884608
462701
333547
255247
520819
560780
392414
848306
651733
170277
6689
804956
637269
70608
719292
973885
353835
437338
198265
509880
279161
85842
478291
308046
548478
374656
731709
185372
419697
794229
748491
133755
801152
963390
770625
914629
823972
140210
936055
503351
800801
552363
49509
790194
699543
581457
896849
244764
995016
851154
871506
212643
710247
989614
121983
974434
440793
758574
94201
163740
224331
918260
50770
429156
495087
746734
211673
236127
955476
733540
654980
52194
812256
907320
732085
188461
589135
278775
476985
884670
910667
136998
860645
771869
932503
922874
847084
29567
363067
305921
423858
185285
538846
214977
206338
843541
39590
79801
442197
798696
270268
301965
436906
151694
604578
273720
385185
125065
741994
722082
702702
136787
262967
755345
804606
342132
853441
549086
950633
717234
416598
581068
941482
401852
722398
528721
445564
209802
824054
218637
935631
802649
106465
191761
8446
342470
507218
235709
403108
327401
498038
840816
742805
236276
566248
704469
794362
92090
352786
903135
938594
185779
414513
961372
646314
235179
34919
531362
217326
569936
142263
218664
316765
543149
990656
536550
9297
750363
570293
724175
410950
998525
423933
215076
432203
712254
732955
371468
236070
163028
14548
131895
928326
545227
753331
252241
958990
404539
816286
246757
124249
922257
982582
604235
801578
939684
736460
456668
690079
902098
677335
55682
848396
528056
527653
780539
751619
755085
99052
21517
712310
890908
601279
544070
88115
124252
955420
386351
787853
183725
6050
443917
584731
901937
840544
691283
168282
700165
585096
762734
352475
501378
81743
112390
488822
999736
342812
587712
411936
410339
26827
93823
597485
101596
453986
316265
555001
543818
783819
415870
274491
555805
493278
694884
775391
840184
779037
462757
306859
684516
952210
63778
358414
613577
146127
106805
682440
142698
736668
460778
407670
891002
263296
226214
535411
221790
220387
280999
777002
390455
548133
660949
363303
917557
198258
386271
581263
634383
567755
132923
770753
711948
635056
432458
22472
108223
129192
728281
403769
189392
73132
7236
202032
876532
982966
412725
210273
800894
455073
196957
962511
722645
472868
714217
583345
428540
993569
167522
38733
822913
364614
838516
73052
847812
858289
507522
406341
750695
364883
409352
227150
767757
196338
707905
990572
606081
28686
873255
130390
761592
369228
912375
49797
930983
639550
737622
591260
310143
384219
296030
236962
23374
625482
205226
984468
836778
741754
695188
205094
398586
162466
166764
804514
30454
731029
136879
852456
835794
678890
501998
844752
15176
202380
261766
414712
414804
924321
676863
420733
859827
445569
260823
590359
747593
625452
244546
596202
219786
636168
983536
696002
41922
197160
870884
163496
998286
997660
657848
128057
454147
182052
628172
589844
783898
344095
83761
988725
965888
221699
571084
778918
377212
663161
562110
954382
199020
669863
793536
863269
868916
852226
402662
930092
897174
772038
554739
557783
576581
378053
209151
231593
81061
476971
144687
390772
896269
178552
671052
962488
576877
817721
998877
616759
806305
606868
578494
74512
990567
697141
977382
816757
408921
541781
106477
275078
569341
538274
497071
421706
580475
280908
517896
89996
538345
917100
462014
152784
105986
939024
225982
767542
11431
114111
69784
368987
798470
523459
134939
839105
404564
301500
86127
310179
803417
398987
79179
281848
91427
951452
345513
692480
825613
429086
283870
602262
615172
274014
988786
307132
424768
63689
173509
436988
653264
182959
495023
773848
839136
228945
154615
890437
727624
967849
691497
780027
31291
704921
652377
79054
502740
428302
683419
959024
998539
945329
827294
89327
472756
371157
311915
588468
39953
558689
842112
579448
922210
749853
694864
827493
777803
616908
706748
796140
772777
860874
864648
915252
699647
142379
287958
817108
680438
924534
774109
133772
709214
21571
755880
304463
327377
312054
163824
336624
400455
327911
139605
265215
355731
522356
493380
989368
494696
940576
813912
602467
61422
412939
385119
667297
191956
823297
382903
300797
781124
458713
399611
494247
517765
885955
744433
101532
428012
535838
959289
368653
506099
746883
236662
298927
22542
266779
879764
324969
603630
71078
431522
598054
895141
814673
88491
690759
705426
191423
531495
651449
478473
778332
584442
463356
582166
490106
623822
817736
880304
381492
939455
793918
930744
537005
667173
120024
92811
736553
320554
450083
803522
905722
693961
258799
671223
205379
649476
672857
334861
212400
329596
872914
756431
46633
921531
772093
312172
521318
567726
771978
921255
410791
446709
279691
844704
673186
179305
580286
146178
989980
801522
231951
650132
532917
759901
555103
598234
565272
153461
49594
9009
73361
884118
611739
63891
120296
104408
409064
737988
321614
500618
630377
357792
692690
319233
576230
262517
65879
97889
599141
535631
660965
982197
103887
309156
1713
92096
520604
655753
447675
481429
544619
145085
253900
777071
36627
897424
578655
967918
978776
642350
259612
687727
268154
739404
557119
442182
248871
262702
631064
997850
343376
126098
496491
241502
754712
231784
465833
279135
655316
280367
721697
242277
949493
404582
190570
674780
869709
621231
419304
711421
57470
328459
837581
749003
170628
65122
525107
837652
610195
285163
605868
6975
231997
811023
792739
90016
759087
651488
772020
599254
284674
139514
586693
900380
517438
831496
250943
354615
384838
641194
273160
207008
408485
347137
923844
877050
974846
973236
103237
648073
900532
539015
971801
590366
758022
655812
997998
841091
159351
877581
509191
808161
202156
726892
392818
186611
767689
93618
854629
626121
597109
492131
185245
159591
936713
566819
587729
199669
540764
560169
874996
429317
14855
156902
484826
594702
493345
774477
46474
433705
456165
175695
591200
727642
327345
253855
93602
269569
859153
580974
864981
179045
63532
987877
725218
796414
744667
546124
536559
377215
550987
715957
953839
915157
633638
407173
642079
17801
446545
864475
356629
252833
263034
642106
553320
325654
59463
889678
104302
237996
974365
13280
465524
707362
579147
161946
342426
664554
144713
677311
94443
809486
27292
856506
393256
286764
975622
83743
11711
908903
81555
418671
858092
343294
935937
777146
732780
552396
160543
160793
387265
402006
469487
776615
594057
448624
998265
238118
698109
695043
959151
99507
248623
293125
313094
63492
747727
715074
300889
600900
881010
522724
177077
524482
534577
49545
549255
752725
627432
439672
893074
31779
980040
421512
545391
511122
190716
976014
451892
776430
46433
889798
123786
315956
534774
523896
711979
749453
897631
210423
831741
379800
553558
15684
20230
253856
387438
647119
413964
653805
652421
734621
239626
37174
210054
350085
939216
249652
398744
711892
376440
753553
911952
517312
781951
617997
547290
812361
63910
623900
939436
813739
59765
698698
659714
9971
667482
596922
546198
534842
843788
778723
768963
833059
281605
331935
342283
697264
495054
494546
238772
306433
174578
414133
973069
7467
140948
623294
459441
59357
288238
282461
304461
81399
579693
414478
601843
664711
866945
44006
869048
986549
57487
201327
290453
862599
866559
957987
658532
238941
283346
481956
580542
359456
273118
572023
660606
606329
530808
530422
560328
994669
455414
154766
208686
133295
475658
396085
472740
918835
335279
520035
499141
95144
436849
450949
344508
635580
402158
955155
704501
889148
397175
748525
907820
41387
563391
264689
484405
857056
810881
914362
174909
747140
189591
407140
740243
216694
738773
971720
583041
709957
138244
134162
140352
917265
878296
208439
365319
131756
801812
758489
394474
249077
962935
354181
32560
731423
292925
616260
499742
664974
378910
220962
647552
897798
250086
939624
367980
997751
587864
369645
981726
947412
415220
134717
594606
43758
569258
710809
288473
552942
538889
954807
736532
770436
548070
636169
849758
4000
748968
174304
726748
636396
433042
968234
510
273918
406501
440968
71527
684091
274120
770238
481274
782409
450013
629447
553307
82138
194525
666578
265217
417625
240826
158325
609346
27050
131843
411740
105233
752893
948266
540191
293516
533945
578911
711485
204402
135749
947930
778680
520242
796594
406456
179340
423454
952264
582013
121933
542911
788780
972728
422492
104193
371947
682820
980677
637647
359658
33721
125946
893976
794852
333347
352722
362120
178109
88872
341335
80393
293844
383040
741065
516585
228735
294828
265116
970236
243915
213139
376712
827908
748258
437501
631420
665597
525382
446187
763314
971459
650553
635536
928990
552097
851711
883184
311232
853495
574779
734420
845593
51271
853878
741223
692282
388636
963007
433713
853431
709399
514348
194349
76155
107799
144638
108597
496516
850339
207929
922928
382713
316820
924023
610689
136607
369689
968954
515007
989306
523636
593447
585729
800967
704320
48734
29679
627764
540301
142787
439727
773980
630834
349842
538097
839924
299455
236100
39481
729183
413736
64935
670265
335395
325318
160748
529661
887552
235651
754952
929378
389877
824714
757182
59195
344213
897108
909877
977516
472814
980667
283361
353198
978098
722688
878719
712863
4941
107385
657342
542468
338005
452283
739932
716128
616973
504933
449313
317807
866729
403934
405959
169324
144517
615912
586784
553566
544166
203514
355246
139441
530750
205447
730400
691956
848555
918229
210191
514204
362560
868057
914708
543365
78800
443081
277658
154225
946691
18972
347029
891530
454169
317919
649656
445932
738105
23351
459071
668014
291775
267066
17626
332165
322885
106505
439294
767511
109141
485018
563652
11397
180385
693264
918128
820820
906815
388214
646187
939853
731412
304950
229378
372237
706130
280085
255033
426105
785783
424889
590341
724832
341893
679482
698172
603934
152499
470004
807788
875505
614325
537493
341705
828802
151955
26540
629519
903035
564804
472499
256357
103295
963361
514330
956106
973755
760044
806778
848743
308960
58035
753352
587384
936767
621971
692613
905510
697516
336667
364340
879529
329813
234910
398369
962891
707829
764805
846506
749201
441923
820011
176634
593146
273128
576480
290690
662470
429995
180811
438693
265672
407297
823012
122593
967238
752946
664008
932404
780466
626762
408289
500901
99477
62837
762336
994942
543896
202180
585432
746840
467247
269708
664698
990926
720429
157673
404372
423354
319152
316729
740384
398276
169610
404745
530310
905477
939197
683322
307745
314426
810334
714315
451501
519242
774065
848339
461298
322288
922
562011
739693
430251
908115
846053
721223
252282
405747
391292
52524
663814
427390
860297
678003
456396
543017
211758
336345
622704
578930
986554
97544
662085
430886
33014
387599
109547
475519
838382
633538
827935
901936
212716
224346
16065
148058
511327
226343
242020
305280
928515
451270
625794
64971
917919
540031
289719
438696
871741
789802
250142
558403
81002
836528
811167
897383
53611
695659
53090
80869
871336
195820
807218
864611
743334
779281
429716
678916
237354
941306
192537
78540
650416
583805
141363
742455
189243
628819
738255
716214
423438
637411
62301
730567
949747
210920
259435
441711
927608
326849
527023
938391
280506
744149
988899
442688
769945
33888
879563
549541
3467
782879
394322
981996
263692
641364
992722
944520
468083
148022
113139
412462
809696
135161
199595
277617
235346
187125
864291
781308
939925
363638
966458
738028
176536
519071
479304
954396
337787
153256
302557
841673
810146
101138
827194
960411
626465
777081
384405
490998
772070
100565
976893
790352
702580
883553
602054
543933
750135
824519
124414
167251
516492
384054
70101
860177
832002
698345
443766
257789
899339
59744
907392
271108
526980
432658
627390
640108
222947
366698
692468
817471
251443
49260
463746
370739
841296
665675
154840
332238
366155
101095
482586
667682
954088
833763
443047
377958
833839
221841
967927
368371
404895
408445
366814
39384
820866
438355
577389
397722
277678
772151
153661
269553
681157
951734
362419
206596
55848
46477
662747
319517
540280
563288
156049
876063
339166
369958
922148
72389
288285
745582
18451
678676
72859
445673
909655
843156
111762
710655
786357
746163
207267
660517
266604
281916
682827
277980
153708
585505
525050
949266
540200
793322
56831
268028
784170
600233
533405
639753
669448
769358
75062
69614
313492
881656
708751
954381
378736
139089
555865
668561
129283
535419
728103
668005
423862
249115
847420
706848
163867
524607
927883
231723
43547
936715
423439
832744
319415
285859
601536
992993
694018
36416
796948
307665
808081
410065
241837
826354
318011
302509
217478
709497
677462
238054
450726
753147
244469
284962
120120
289918
990511
603172
863496
584656
435147
456902
665536
993779
697607
454977
50119
944885
978053
880267
263796
247955
556763
787438
351875
999893
931336
23778
171064
680209
77135
170339
430551
952529
504555
989579
467455
777880
653774
402641
913575
349316
548370
298963
323213
401583
636243
798769
929439
365239
594619
500678
286557
272023
55761
999828
719672
342434
166440
480587
987350
877339
202999
12091
616371
149107
272713
829907
516513
297675
195029
487599
792406
130179
298008
86760
732196
538912
969785
948147
569390
921516
496799
704344
513539
480285
305002
542818
33050
566539
174072
469279
910766
753213
379667
536388
516595
291996
159674
92973
193331
607753
4427
874755
606666
935991
977466
868959
626960
399594
445676
28595
634066
649967
944388
119086
464909
732840
388319
668391
848203
461581
746540
844535
868117
953547
977764
830377
345398
557192
868903
101837
920039
973829
660021
353900
229660
685469
952341
447978
917802
726213
790806
347859
410183
927855
497478
735920
910895
128581
609535
878009
220228
276841
677802
34676
821676
975899
944179
963960
83350
18831
831643
722397
456283
922282
426027
168259
208511
946393
590982
763451
552086
8856
349763
1880
291563
538950
631580
629022
35480
655862
96681
801528
128474
845732
557771
515390
808247
142778
100094
334518
828898
626407
417806
702578
789386
577782
741879
835602
65818
25725
551437
649800
103315
102854
508817
212545
670837
661109
146144
36463
296522
15693
333774
958885
285529
863626
720356
648808
993678
100099
511382
249630
523781
816107
782248
481490
968833
947390
389706
664110
247865
449076
910246
453601
506611
929983
594458
53004
727073
497856
461320
249492
147879
161832
885943
805398
55301
922919
965669
168309
242639
143433
953147
258673
817938
32225
372161
827145
244749
174978
594221
950779
299663
522023
216686
418251
161420
17170
615905
504510
654436
135237
159419
551328
121429
386565
315268
919934
342262
609129
848764
278825
471185
500837
429623
403405
533403
348713
96446
167473
797816
36353
91580
389282
202701
892181
531780
30153
729376
364229
216057
532871
122901
977468
156
456895
533522
141263
185931
888189
785494
310673
756413
340472
670823
852657
69373
442883
883092
304003
959004
134308
519633
986093
276066
481373
251513
734815
497060
98486
71604
395861
623882
939948
819935
8731
743081
491210
94179
147398
8829
182028
177515
985502
108743
324697
572358
76373
330660
782924
323395
635675
102712
638160
45862
757585
437942
706660
448452
113813
15629
710206
331584
68092
775730
164684
264994
459741
66694
779477
983953
465226
983781
210110
914797
22170
272011
333289
879906
603618
466424
864270
796482
415087
164702
918939
688713
767863
32904
750814
481510
85375
887410
618432
645506
527293
396921
505034
877406
161427
146025
43073
421388
810520
759921
376677
76805
167519
336686
133441
962216
387894
292180
975019
445958
300939
891225
541823
963012
375535
396895
596957
985381
924518
431352
719203
989732
74407
217152
450576
79045
377754
26816
49767
648337
93911
378686
96630
300481
222544
560727
427972
330401
951713
858709
122927
970348
490315
689437
703488
273494
267888
38633
553640
166322
332143
722508
500727
66523
93415
318155
732281
509760
568943
295345
39813
996756
698933
398695
52656
106317
242897
478716
607634
476138
112468
285334
421559
149221
986416
90212
900456
297386
291261
783728
563978
357606
743992
328496
986969
971971
10006
226431
823367
19721
559360
573687
523953
861565
904811
179643
765901
331336
81749
745520
736112
891830
259677
541835
293434
737433
252095
371333
966239
21518
129132
60844
573394
279191
851394
912784
687848
696173
314282
490438
743741
208089
747432
73503
760808
110739
64302
722793
51131
83459
766069
525160
768524
492752
150105
791256
65
625080
193810
584357
254041
656368
336027
540425
581951
234267
407376
369475
300081
947622
62701
986803
842251
414332
666637
158631
615234
937562
657580
855286
814921
443646
365275
925739
438094
990175
55235
762372
492895
195473
257940
158165
256980
301122
498517
846991
565449
504074
958523
440137
902368
549259
441212
38779
422956
52473
215942
625612
356618
968413
217046
780303
519155
635361
185049
262615
58336
318000
985703
151174
372154
76696
287489
372942
881041
13557
50026
406955
146432
449691
637003
828646
769200
916210
373553
469321
662082
424333
374241
492612
61601
1108
532515
402911
892662
693895
511965
269162
690153
400205
566978
834047
108201
404860
625041
898127
6134
652234
549334
530776
472240
299790
62448
346731
878606
943698
697094
495242
713919
892640
393604
972980
263914
56159
356175
568115
555
709058
13808
994858
110620
744613
272707
255893
855216
255115
44968
100754
859117
759120
567946
234759
906625
786932
546267
722375
607059
773721
254276
792510
492523
758198
203294
478947
458200
34330
960277
636076
404258
427752
410162
416665
473907
735370
118165
185777
590566
593463
898599
258853
34187
778183
261056
947920
589140
378558
179140
259039
316876
350590
463699
602034
139716
442016
830831
324332
382264
517465
908265
779809
772472
390031
847510
889483
953292
400894
386144
902369
2560
978657
759193
662251
675391
447100
21523
657370
286640
836958
119565
427592
368744
126221
926405
287394
787123
987432
69519
667213
55752
79875
433568
46559
585263
735793
431609
383808
987687
251065
165099
214020
592585
620536
818241
217162
823727
129810
377722
400855
972055
312706
343548
227946
410836
968388
910311
492113
389896
345694
837311
331426
763892
923626
908328
907452
86264
92656
110449
950453
136822
182881
692231
456357
436629
986478
221962
604174
846049
742979
803088
407332
551189
484867
610272
202338
964085
447651
133275
675961
9969
786004
336124
546382
377222
192940
692975
650316
467435
125349
950848
959833
846920
414584
800482
676327
297436
821801
627462
5271
628009
38853
866836
676707
364283
63613
483956
752490
306938
21162
543021
637796
95920
82942
872256
170319
950338
122677
355423
488840
133508
797620
525478
291819
581871
176016
612756
617394
523579
189629
605053
723401
636227
914171
325709
913539
914014
984215
26703
43985
938584
42777
290527
558270
671597
225802
224787
595927
275122
464542
529850
301359
602402
409483
214416
274986
573594
862691
109272
698643
833030
545646
256850
221132
325802
134899
609498
723424
613327
145302
745437
268469
90056
179931
707485
669087
170824
115567
169483
487201
312937
742790
968290
208707
724653
344063
995689
34864
294190
332081
588251
362766
685762
244955
219126
476861
952641
2501
758534
643414
500578
91424
739009
840937
335383
489263
368270
466644
887815
662055
898215
579210
689389
229178
129789
822645
131728
20114
929225
605944
639642
647769
661105
635085
117592
754707
177614
422925
54673
45808
825871
566643
604375
264232
369167
858810
422766
722768
25520
430511
425015
695652
503236
580987
873797
690888
552534
67815
460379
803364
963688
427217
187644
620432
113960
695773
875124
81546
86099
254856
942338
956196
485667
458396
946272
366971
177654
769905
76577
58941
401575
288006
251100
373341
869033
845261
71432
598117
411502
806423
471191
280070
351300
697081
787911
855063
117582
520663
935141
462702
215790
30072
958902
665774
104454
769182
995654
749291
19906
568724
258696
707414
327629
186055
365387
541146
434450
953771
78644
856053
863165
235373
303241
776728
424710
111146
516273
730610
947158
833180
811151
728628
734099
547988
618233
439792
785973
817896
666354
381538
126192
672224
571876
218017
284206
8481
472401
666688
465937
365243
281326
273727
939733
954217
503410
220600
989298
492364
893079
569733
241633
511580
678395
193159
295386
221555
364125
946177
94950
797686
372484
931028
272915
368412
513087
765715
585921
106716
353607
201986
543002
791159
835136
467312
595103
538143
863518
10478
408669
415939
10085
241451
821304
381833
836101
139763
492590
88239
88395
891941
193233
81351
586319
795636
377983
288214
991924
898531
544261
270204
120563
266152
838464
305115
627687
999727
682939
476899
541163
762236
357663
39581
101025
506201
191387
486466
831481
390373
207233
79410
566244
864520
204156
333361
61117
762038
451927
135464
777852
604595
929409
410380
805304
910113
933638
194109
427137
261484
109276
140706
923368
612879
610276
822648
226128
387783
459321
452463
364647
430403
814329
225010
454912
417337
245811
675844
203343
470802
646191
913862
955264
872069
974036
143573
868532
145474
71738
585168
92057
886340
143629
207671
80676
811273
638106
916847
227502
371166
469753
743010
422312
844179
502979
594493
85215
402159
363779
370117
239535
639132
762530
735727
278170
947631
955927
499838
298232
867137
931520
469093
890644
966510
445091
137710
449282
929179
997922
739283
285301
272321
999034
587345
403394
479465
140256
445989
232984
791412
515015
111846
504398
130821
229823
628286
110741
236427
739959
605254
61901
820590
377123
297981
595379
40213
582520
159269
447735
530130
448468
281979
423147
195883
662204
123409
392728
77638
686717
112137
967531
541936
880627
715440
16973
498826
108276
710224
353552
829140
492036
462852
516483
178474
405379
363732
890216
444992
368658
636573
232948
733691
478280
59308
137169
173779
492840
554536
174980
861112
966252
587031
181967
830242
201202
289401
660774
842886
491779
707281
875851
712036
510912
252547
985864
329277
17515
77080
60361
501603
362319
833759
184083
1896
861198
810031
746661
998712
203589
36201
928899
914397
247255
26258
35825
505750
152999
971323
474967
432786
231472
287408
259490
707121
16514
583723
396061
732834
674878
380011
356023
576174
327841
218315
835408
933965
153744
127415
754900
100572
943905
529083
674019
871499
309300
231361
146748
384072
278123
100515
773495
411337
710651
924591
282999
146433
85777
1314
314026
461535
651836
734680
624080
753789
694189
123172
29805
646198
248498
3347
461893
273732
370087
416371
320501
815603
349274
339171
769737
511372
982920
426669
758406
333630
387435
293336
714695
11155
236384
70080
66941
124000
921154
114740
47520
534828
756994
696989
206158
966399
877350
80986
569820
227638
233120
244531
834550
207846
591323
56146
339064
469205
275346
940286
117123
436811
759742
573197
652624
606199
212718
539968
713909
672800
12847
149222
398930
85205
13529
493449
409558
229185
384419
123100
322146
557222
327635
94208
570507
962042
344269
499699
724059
99661
461205
823166
623599
572400
943448
730954
507804
452524
127172
515105
212129
798821
355911
991823
595591
482578
735562
944296
763142
156186
335196
868882
822092
532669
594104
327512
151907
342929
409022
648574
846988
646116
386910
811108
22998
220558
920420
343093
26994
254466
688005
491507
475104
147153
671436
985332
501467
757221
565932
549668
419764
64331
356141
334783
34773
25697
752024
882684
314394
796050
243048
254167
755609
733294
473885
204922
124226
297506
952176
200455
773026
747544
923873
945093
540738
50926
944748
170788
60524
301451
346586
552686
252877
356580
153267
944908
692726
526986
669265
393843
958332
137325
128015
931625
765504
632689
157153
460664
719049
824299
959550
755117
130253
449272
106039
637453
46351
284538
701675
662614
575522
635184
940883
66221
756875
940017
257593
846569
63684
390533
713414
52794
472413
840224
355640
557559
772286
315260
402482
551492
135175
15185
297645
424924
950744
986868
582797
708353
498284
849674
240590
480509
344864
22375
244957
683219
427538
905479
988099
516295
881959
660732
289991
215904
212289
909606
544437
986038
132195
564053
845650
548640
476587
594563
979110
599009
345061
997076
154237
366065
930136
369614
944971
272579
319866
394646
376134
28217
14422
352221
765306
606532
299639
486733
806057
805411
550621
472022
368780
649978
716621
188694
246456
675275
250435
919324
509011
819459
506746
716711
288451
539278
63484
447174
28569
964905
369355
447028
267485
531817
255536
484154
742336
713244
682843
484706
939343
250917
437024
26693
305779
479749
338290
810277
882398
515998
682989
651623
559628
466325
417650
352822
710846
70144
300224
132229
225538
213155
70908
730198
448447
628875
197076
554525
867196
700325
862471
77136
308853
517741
439570
437183
374990
938326
859301
316623
197266
141114
78730
221314
733695
344516
104113
806543
230680
168577
140199
769197
715236
405829
387308
103678
336912
260315
402915
964632
607919
188646
557538
605680
475810
692312
476265
607397
283347
971214
249136
216167
998939
900615
846274
410756
526720
714309
191307
602600
705837
553794
591013
193656
201685
59170
69040
162379
856743
205736
5466
566421
382302
830523
67340
365455
782172
27922
163361
47884
821988
411119
792774
364737
934630
799385
350745
936186
997976
221685
330181
893617
109920
811936
422153
559151
268787
764407
44283
450420
709453
879430
689802
113256
575014
504275
579407
507699
729546
309358
946174
606506
948905
73558
163407
884890
131987
999289
839936
884519
605084
166273
62589
525167
778123
312042
134965
80977
861835
161282
382419
900784
934236
712556
57150
32646
258090
999440
45816
393122
584059
556707
143206
847423
93569
106638
912174
557507
195983
708029
865404
566545
654249
526663
216416
790667
398836
184821
121297
291943
333041
421141
365164
863988
123277
524984
653386
526056
502380
11513
599764
382159
973073
898693
274907
599372
891458
158427
870440
624820
979032
189966
243093
356058
819817
577928
928005
336388
496620
133197
727043
777527
597941
663056
17879
662270
144442
541108
984013
218770
349807
197949
407956
38289
14928
48038
157048
206750
426949
124926
752345
431176
752883
306963
935356
470523
245188
646410
563178
944087
22452
119175
741912
392173
184839
709876
865320
539862
456605
425330
878472
197935
883229
378010
972985
262068
733327
806126
167786
717752
896582
746466
696450
231806
216634
205632
191549
660152
416820
948796
494169
122466
97492
46370
637450
346979
809637
812677
743004
737348
920734
507904
560864
158237
546202
771150
456463
479381
151818
291324
124664
876141
225355
914098
430691
814864
601873
143001
265869
206940
883367
808914
311701
310520
966759
457471
40854
323541
3533
384292
328472
348312
752825
522298
509199
971792
213244
16798
588777
860970
357053
815555
516761
177373
736184
236018
54105
584405
117320
345595
762156
8599
201467
455774
122586
360629
595272
366489
757102
919332
801352
381754
22107
680552
691623
919849
969300
218254
584982
600442
99011
418584
657469
421293
628308
378527
521033
173111
347976
818235
33555
542139
932905
117452
442850
45479
37720
201251
887086
145794
844113
560679
45981
860657
762697
237461
814940
861374
274164
100381
610180
498021
794386
264798
788311
35527
773967
651936
823190
749450
625698
135784
862813
497061
343045
85202
359610
690921
704261
339924
638073
448882
114573
271442
350231
531347
951833
909357
374493
468470
55476
808327
298961
48687
579667
798304
211087
526758
910517
334810
167435
572616
689463
970555
480876
341550
610910
820623
844023
94866
248600
830590
553825
880429
341969
732792
368177
249073
373028
719037
591940
8288
723630
414793
604010
528327
567103
963547
834926
313371
177706
68129
999476
34222
11004
913986
128826
512206
337737
134599
913147
380898
480615
716293
480130
585506
670253
41895
262650
449512
844488
533612
76762
66975
994415
380638
755318
626424
572079
119248
509844
329977
855186
238591
487727
574767
805422
849991
899783
925987
679835
926242
307037
721253
693607
91665
135432
27003
289969
910993
528824
277979
770102
521183
519874
444814
46808
867750
795366
344161
997714
128478
490580
180850
729566
723438
151300
972290
522028
723871
476231
469218
707406
504425
550429
613209
292141
858531
758957
931608
828236
952617
964946
466003
586402
219436
96547
92404
280003
932687
471888
185968
990082
722427
67989
680796
291884
546134
912514
212587
246876
502331
778084
35598
172087
341909
138048
537827
944560
65636
684715
406284
623223
713756
734089
613147
31487
514016
943977
657258
46812
870854
388820
635343
630545
518474
709177
235624
531425
820682
677764
565769
702376
545062
991285
405074
182656
47405
581929
256711
271065
708512
920021
947249
163449
420800
944583
766028
756636
147658
391322
774335
908406
369683
793629
791238
37263
302312
844301
478812
600779
180587
57223
183902
534329
83772
662553
960541
139674
30175
34796
352961
901658
242600
207439
504522
137299
134492
150130
592880
823881
448175
887768
493627
220429
464660
18976
294602
358060
924183
663263
931935
198561
934985
995933
973479
717202
150162
369304
638629
831532
61381
294004
9903
645662
397262
162622
7373
611348
915522
150283
865158
88251
26793
551026
547605
929759
306361
109767
6968
178762
985236
427239
445901
653852
284965
100661
783278
396192
899933
550994
105763
918724
929494
340021
745831
631156
55536
36509
135651
263479
402077
452049
682045
112679
579899
153879
62765
813863
472728
458673
537820
214205
906656
574183
67452
714709
43906
845258
380286
554520
572363
685617
472232
487016
163531
928809
250449
403299
753011
120787
18854
77639
868145
75114
2387
954276
964303
144297
5307
888945
553218
353259
550401
105323
789295
679285
994692
750525
731299
599269
876652
97628
39864
66179
1470
509872
543594
815352
410001
825725
169688
78145
218641
872691
327966
639212
390038
130922
754396
71756
353700
298183
272659
259787
284311
622477
689852
529398
315356
208024
769097
851515
285801
994194
31118
210736
880834
841551
469660
335805
711343
48941
654589
656891
990960
47854
692820
949485
595661
230123
885257
162081
740495
208016
842741
709089
19684
372987
479140
553022
792285
706438
17751
544482
709187
25233
833332
610489
914832
289656
977229
622893
925265
761035
272777
570006
79677
458039
286527
116114
32061
343109
422230
69216
826557
145817
654821
964343
470503
66726
25907
591324
960466
545407
647231
310400
916104
567498
544736
371315
719347
213746
786647
267726
806248
995952
929676
314984
463550
336107
419979
238353
793894
990326
723314
139776
856488
918829
344258
352376
348101
79463
474965
728086
481210
548270
174650
856038
733638
104620
115600
395075
831974
113689
397434
726672
614099
800415
299228
7887
571178
501338
524227
212906
563844
846345
590898
938673
535633
879133
494155
836222
481524
828247
704994
304351
284402
492024
239066
921823
53526
57407
903807
709295
125634
716773
403346
868091
612422
307798
101476
604142
644078
980660
170537
395464
914009
582757
778703
318996
421303
442557
599176
371361
858929
747799
931453
488738
197658
38846
763577
498443
838739
237917
382682
803403
366849
611939
196763
652854
644461
733131
162886
80504
489942
74486
910915
646972
411099
506184
108371
69569
266036
752670
297491
437913
836122
743177
781081
236683
387502
880076
839220
855847
468662
834278
279221
944340
532916
298751
416298
234502
1749
742576
821971
573164
429508
893849
520502
850615
207326
804172
409269
765870
361387
598876
1615
458667
569804
908457
2935
155025
653962
57626
211969
626663
606421
333843
961659
138958
117598
21714
823209
233257
955759
450120
33999
987389
663301
653118
582728
133291
579908
534351
464729
580069
202372
235358
931963
434800
80222
740106
859787
513594
992460
37090
211736
238569
621821
640741
290344
803286
343224
673187
593984
135527
947170
477821
709208
628036
872472
753966
233866
508729
178764
428058
745400
87538
306739
659539
61035
56669
600627
318925
855594
58438
223542
620965
733434
755052
299633
657569
903083
571221
758682
213963
372722
534198
399345
118324
700064
51138
892319
188655
293983
346091
400900
577005
58004
577460
91808
572084
719681
120174
24800
645570
837173
368234
139904
116494
97965
20685
460763
41639
524842
91746
689246
719257
738029
53452
750733
888936
97426
177172
289329
559865
310791
729057
24465
26919
77573
14108
793844
356919
177203
998778
616239
89083
900879
462891
451250
733366
231902
166875
953941
128893
579421
994002
183803
720183
954093
603459
625492
187955
79595
779954
916924
276006
55134
634433
77313
157760
773258
242005
676482
749353
721377
349810
197085
286105
343471
850300
11873
70937
919902
196929
621024
662860
315101
604988
945575
106904
950410
929082
446377
39
841014
10257
666663
317025
40097
139058
657222
35327
841856
658028
907131
511268
820270
413165
896972
949824
74832
218881
169856
800399
132455
242102
823986
621121
625042
57621
200741
294713
653645
993179
297534
63062
747859
117118
105996
426387
948691
86790
537053
640968
487424
97132
943186
192362
948633
220736
74020
70310
622430
123716
962156
887370
96030
30297
998932
871365
849273
48356
985816
489834
445484
986948
945525
699062
664817
540639
630578
407300
135652
387882
429052
663898
569382
867953
595496
87494
11747
842225
948743
850762
126818
633190
80576
478089
743221
99186
949172
760894
218910
126621
475244
491390
4110
310317
713713
10275
246601
251742
692731
748955
595877
357865
801199
590049
612401
461596
297269
95495
779831
977725
329115
324847
218068
424629
587207
327905
366782
8330
839517
812377
188816
721077
721301
441651
588971
648686
627400
81071
5715
364351
797461
348788
616258
818610
553275
383855
802554
238976
540883
505624
462208
183075
627966
510641
419463
639376
411854
370247
361854
68872
602352
341508
614075
64002
308716
450594
228163
437671
669625
188922
211128
493495
186749
391866
180256
920969
338017
233141
648718
354159
678478
713749
938863
587064
19718
799467
449267
828303
35425
487847
947221
401984
3106
847331
15369
721179
340853
941337
55618
697393
214902
424925
353659
472706
424838
476973
195035
370212
611726
209123
222650
724859
27384
635162
749520
887359
608361
723069
19521
350027
190511
998486
239653
203450
760534
734515
958041
480759
495686
538888
137882
646494
225547
770710
971260
84655
649155
725742
514182
375286
612111
392700
618605
388763
68940
515489
516962
608628
130393
187659
616608
351918
882807
199984
555622
600534
207305
344999
278783
53189
568698
468579
349436
859238
757821
860108
910020
41893
18364
794498
880922
996947
699644
241599
443347
339127
323332
830435
396995
580523
120007
140780
518978
523010
949844
374239
119329
327125
785712
634556
835560
372464
660026
105559
639963
389930
906361
358051
302392
755568
86543
250004
895510
234970
598687
342522
829728
261337
174105
381061
965613
727373
436195
396199
33533
971557
643991
356115
462972
101041
64305
631722
909176
116622
987706
674453
892529
741344
506178
39862
811349
759349
522146
546906
280266
374702
99813
159728
639462
747528
824003
442212
975223
572038
965128
545373
124028
920957
418452
228303
572983
665083
616699
375677
477658
259861
150668
918095
14476
951755
966195
414555
656104
96051
772370
649696
613883
137902
977316
969698
999206
104584
199817
690443
49468
456034
626319
834363
231819
802307
595126
268825
295556
256049
362141
600949
49907
352592
392650
424208
182519
907273
571509
374260
405417
410007
331671
471925
685091
385350
545861
789830
273440
528659
585808
214895
85752
194748
242299
741474
71976
18938
75279
37389
725138
729402
468232
483336
338376
584176
812794
862121
599797
204670
451494
683349
810880
307794
321075
899584
501955
552973
450257
306036
285909
904333
106318
876505
545351
944872
853250
282308
853105
813887
489402
219032
482069
272091
533357
680964
443673
104594
410761
341643
661969
628757
322475
793646
956180
304923
502273
823462
945124
689518
356560
606397
970693
488975
535057
25417
103534
935623
411191
869894
664221
399244
871820
946767
135493
516748
381561
546873
225699
382168
239588
987084
508016
84212
970591
922541
701671
126000
24719
586594
631091
825563
452516
301075
16614
37215
222091
239773
339022
610091
625604
590883
141760
433795
24961
750384
645926
136536
173510
258029
104637
788881
232318
392258
302679
706228
886108
663697
466998
547543
199677
390384
170072
902569
3199
675096
834654
614729
360359
410680
40541
232831
250260
85296
226849
899644
310927
56851
334337
224603
876271
268648
994079
172502
104031
829164
914027
953781
173549
503570
364477
588476
801627
645887
698163
23986
627533
644480
948451
592737
681419
401980
520211
41064
311214
733020
608114
289050
956566
303854
46131
13514
914165
948688
352137
569061
637401
782175
795126
438536
689579
777367
347572
952138
507515
11257
167470
850457
129849
582588
296646
636995
891149
830177
587971
31953
672147
981668
289750
953294
218614
53710
680647
843429
217767
687105
601339
239881
490166
228077
233951
400
893040
981715
67897
908590
137890
947228
558363
765655
720848
826918
22121
982806
309856
842937
254577
439205
883285
621434
811365
108367
305727
819527
312600
210544
762545
891336
739088
487469
492555
788136
615730
888254
747185
86348
895522
392669
568669
431536
953213
650460
44656
738451
888384
37539
270698
666115
840645
303989
762112
261678
724607
505692
922768
779419
698380
672217
730836
408680
698379
718032
302668
900447
272710
459172
612477
176144
309893
578949
273325
36099
274416
256787
832164
381638
946749
729810
847708
406020
751908
978187
511168
802767
971410
306019
82158
101407
27428
914132
367515
430128
713265
118834
503767
394570
637527
427340
788933
971887
799883
350176
796222
27793
938062
967830
277872
850476
126763
954410
225259
295751
828081
944121
552803
63241
888364
66324
550070
663467
143870
571776
529668
529909
167595
707540
205726
919703
47414
996777
868852
416359
536215
262822
777540
604224
60866
933835
988199
179144
505266
212610
266418
821650
776702
200330
545047
162033
990547
125932
240866
969713
76887
732161
674712
729633
386746
707516
858982
732817
275274
225645
592572
55342
738800
940268
209291
34129
626724
594748
489889
703239
995613
589474
478354
472209
646013
367657
896080
235866
849550
304138
200795
198442
401607
762598
455091
957002
474713
120718
563051
586872
793699
614223
975002
631763
804823
20330
122919
999669
711551
26712
375033
624634
671447
798451
625382
349692
208098
814853
499481
854981
686017
606870
506395
131616
45730
571952
442412
696965
142572
60977
476571
897089
299205
73935
71489
393133
565823
77340
767878
582777
684212
782684
238498
132058
565126
856598
856783
26585
623554
625590
89735
586104
510369
505466
25297
323216
508748
828523
983286
797320
956394
349223
355998
941535
308617
937849
556488
661481
392040
993764
459939
333271
557887
779246
562746
413731
77082
691802
519422
688267
830428
843727
953907
282430
333342
382579
619547
371787
582503
963640
934171
926569
778955
913099
419064
931350
971330
582726
574677
723182
177572
702401
380009
673760
452984
854195
931789
674259
213954
951586
713670
271002
104719
493309
447054
941465
729886
38296
290701
181584
426268
902532
531111
96201
190344
463114
397166
907354
572932
460792
113752
809775
373977
377164
225880
499509
250899
740835
303012
479711
300794
987445
259315
14880
542501
133618
238170
667503
69311
991014
600078
468404
42652
898807
321192
857178
521425
153578
859748
154610
644164
925774
766724
115494
296861
829257
988500
747671
276057
283389
124566
681213
592726
517635
237052
346791
593650
233447
66047
797230
466580
761233
726797
505225
254492
768846
277176
854894
594850
716413
544134
988220
570527
456868
29050
740755
964793
23700
807445
306588
236754
566190
521058
972325
155607
253646
195721
413649
862804
353371
455344
509886
236084
127881
12538
395116
471032
967995
986409
544486
56946
854748
887280
401622
231520
523851
198939
42332
210783
98157
176708
160957
240244
190645
455855
508987
393657
924869
247939
759807
308194
452462
211750
536883
147563
960084
632499
829612
278061
560731
335877
396168
994216
765141
33479
724399
761706
995139
530052
100303
874979
207363
660826
391839
370734
728597
533351
628489
398225
462598
958090
686725
58927
917793
290463
868109
705512
595554
405224
766283
534364
194043
300557
974144
676405
574470
439099
89375
379573
327129
183628
41958
44117
561797
32758
279436
558137
620237
201068
711436
472906
452002
777911
529996
48847
377627
270181
376178
481681
24463
862959
391551
815152
306372
835876
366744
950755
723202
682677
723506
874653
276755
340973
571288
51354
430653
618076
417998
571445
389715
58961
742735
174048
939593
920049
978790
693766
18124
767162
360900
529992
715958
243765
103768
896794
880326
269314
983686
899532
7688
282701
623641
328537
518163
215408
75595
524844
910245
941158
435405
969736
145254
996923
944783
909859
256559
87504
636412
53791
986077
598347
757249
683560
981568
439943
805169
436142
334685
489395
655629
52336
487049
975876
338890
807665
440952
748776
27586
598112
451918
842037
679807
275086
943079
233670
772228
80772
599622
600788
597055
309050
665974
460513
918077
77195
243684
963822
153728
581800
262005
759071
920383
265982
389145
283351
922176
379563
556045
346565
789257
517970
748254
165714
767891
677162
652184
273741
194347
278510
864139
909498
752866
366205
357574
449205
364173
364785
802005
423985
477100
28493
242923
385054
580112
833436
208168
355776
91659
781936
791120
348189
535438
995609
392621
617315
366525
968502
293625
268270
18993
576559
145903
729487
145898
663143
174685
555156
755929
126728
932714
334847
22297
988624
103956
411838
885057
397908
621163
681413
192192
564149
656795
665242
96374
521898
415524
239186
874946
316320
342202
602001
485690
858828
259230
406286
529187
252511
457089
77443
735861
682023
574632
138422
539122
109797
292611
103243
25470
95743
417094
997284
473105
331787
448112
970572
62272
63863
684578
806320
566787
816937
613380
476730
804580
619755
316967
806707
674930
917716
462261
775112
418494
42402
344601
792016
113601
95962
400104
657031
167539
520295
410913
967350
371770
20714
321060
155606
446123
163631
17647
106267
104445
381686
814735
674828
755844
933360
99599
591375
518424
947946
205334
842594
359853
348398
148071
768318
442873
873073
515686
941152
988408
27815
143076
198828
222985
579011
296602
761846
349514
190194
701201
288787
664766
833345
326905
438429
71112
858940
33613
430416
199732
478678
327809
126687
991128
969687
720641
490223
225956
106164
310836
256392
39317
815057
240754
357970
580219
370185
239831
90914
260931
498423
593031
363510
373807
585903
708084
303448
885207
409029
230512
751152
858515
775023
139688
81421
33993
238025
806154
209328
680682
572949
240311
863203
462507
655990
120446
171001
62868
222334
715154
71390
447930
558278
882448
794185
41964
691783
210911
369420
957409
643940
197068
259431
713761
734925
393390
821586
916123
387425
446446
416211
402897
403206
529939
310552
936150
972257
115096
844565
814550
553105
958458
558325
267528
242506
103765
458606
379782
457578
434225
347306
485306
712813
387820
909380
311912
617988
687948
542425
610793
483370
987628
485298
719909
574206
283855
18695
120773
489473
981578
973418
453618
683556
44114
731861
945840
408394
23902
481855
406154
313125
693841
654110
620925
764996
813938
918055
101778
338066
937074
966166
716696
850129
505668
830327
887377
505970
965065
899958
241264
432703
519118
538236
140568
354532
794977
117466
891314
406891
790769
796932
338870
556968
556789
773768
115425
833923
774636
232364
595013
86949
949055
267300
593274
630722
983597
984234
891097
839945
162986
715599
592439
878871
370557
380465
427778
145038
430803
215558
859987
610070
241950
464217
426755
384005
91568
683228
204143
244033
810560
910239
431282
741764
204585
343584
284160
352338
597964
147897
78280
228565
315752
645445
445233
430631
29868
160395
772152
708388
764806
576335
467575
158874
138591
284779
745838
851789
875720
794701
372495
861213
577435
954738
673077
99540
215873
20676
727605
99598
988302
694798
433997
290053
664838
874298
84217
304259
731748
816805
325304
76078
249475
934269
997839
266218
933140
137376
716557
63121
380314
110258
288432
793814
373369
375504
316463
219658
987807
862371
682490
29352
662654
28563
910773
384806
627994
9242
220845
140831
894071
812464
741382
824433
710368
449875
920735
327453
281452
894704
774510
3188
724314
786202
634799
30558
252015
301651
50978
644160
767261
467314
377752
300097
302037
830081
583880
950139
324393
739029
87152
997996
477479
516277
947684
451003
344393
699088
931606
115467
440841
271321
788330
351318
882184
871778
635582
717399
862871
305323
580973
596400
804119
406227
943166
899633
147999
690046
631841
792456
318917
133713
167561
519763
366349
781338
509536
508140
228557
250348
116360
274153
333948
229896
217197
739002
564622
650605
478813
971063
313409
780282
784886
354379
809265
234032
842089
245809
186228
202878
11709
67384
319408
684116
471023
941926
304535
826773
763715
614777
929729
754155
193707
772744
301668
752564
913683
715273
282482
455386
738631
183788
768784
193536
353956
915480
555924
859013
436295
960209
75694
803464
640631
784750
637709
932396
176628
482674
820417
360439
219242
412663
761625
702299
539191
942239
773997
150387
252480
762529
820552
660014
595333
653552
817025
49673
409643
144466
166686
642607
244164
45007
900454
597744
629924
244368
831817
283056
472091
65580
526012
831094
649796
58440
716785
446621
871754
966536
49684
511517
804016
886963
886406
335958
262189
626841
979903
65692
915858
691125
158001
896700
884242
949302
549869
82835
236421
117499
415433
992926
66612
462056
163756
695678
640849
225323
344614
217873
208031
207905
815593
205532
394880
349592
298728
550300
256815
788491
484892
767211
714060
290616
889440
530242
959217
162208
671347
67913
41510
173056
242411
167286
66556
561665
550784
64742
276737
493213
392862
755118
943031
144523
914587
661461
782738
572624
460912
152936
525008
185657
264534
463581
680060
23000
381867
17561
77720
922810
428583
185115
26865
344118
51329
124191
388380
940035
881334
668050
391712
84232
432882
815663
427004
259495
343365
582569
295844
455155
913973
700334
992152
175901
679407
716996
362729
119537
731808
688949
745732
783455
387430
773284
679441
880293
372773
556163
500175
176362
733086
95018
66114
402060
805030
747478
339539
724963
185909
538441
275186
95751
493937
21738
657331
734415
555365
322265
867538
283621
656720
952467
542039
375107
590362
286847
721941
616652
252193
789843
87244
314633
412082
846438
850798
32318
263124
7506
48383
213928
825918
123269
566485
503702
660904
226341
281855
367585
953790
116765
102602
104241
346057
76222
655534
918824
529210
998256
811112
256661
418051
775842
520623
657691
409498
659657
523022
503659
415363
623836
497537
939108
25240
29413
955641
616937
352101
319138
375708
112088
454073
326692
920074
955911
432397
752834
273665
934957
530097
506042
581932
490932
530634
283004
66730
284296
201793
466076
415493
125765
841254
821449
968618
393905
931998
932675
207317
208246
755434
584377
725181
876430
969007
95066
631075
410363
825926
729697
870742
974615
306445
641746
925191
986316
459634
795860
737296
109832
815691
193704
16465
518463
56863
769237
690743
180992
507098
137911
718135
447681
807071
737017
335223
567647
544061
75749
882188
325810
369088
515786
612574
170252
126244
53193
551464
859407
683749
671100
922076
571432
3825
23490
359395
298604
630463
212075
523469
84729
642557
670488
352469
123041
524431
11373
908862
862525
978895
855351
542908
63810
330642
243171
250912
966816
844944
902162
729117
310565
173045
639480
129884
511737
947051
548593
740469
350599
157991
678789
454537
536534
702608
736845
143422
573174
148487
401839
393880
80023
812804
421745
175217
941243
468379
233896
764422
952444
895147
331635
804339
404964
217041
756361
820427
975240
364906
196769
754566
365990
854521
957686
550145
947357
561766
531538
170516
457485
576792
420139
176190
958004
52342
992181
996992
594304
219345
625101
952408
509829
738289
811001
255896
738698
745722
582151
137123
770174
207418
543377
518084
952008
762258
900834
263548
160383
657139
563589
619461
525774
810999
1423
838327
371894
112942
204517
760966
117561
394722
504557
834508
514282
512688
853302
562450
40751
282379
610968
73730
722743
206225
149126
250740
12481
91885
293522
876912
41542
177523
398603
346740
112246
347488
51608
234314
23988
247956
982003
306209
782297
32108
164510
177744
220988
466388
443222
654168
550918
414191
41007
274745
554586
155251
139677
450430
818462
642775
450181
837157
156157
731697
636548
500992
283090
502275
358927
345213
858061
668425
361024
903913
217951
179724
538029
562600
609381
986363
756765
484687
375477
255450
498924
20603
808418
168795
326880
82283
828734
332788
186569
210834
514049
174599
653549
60231
470984
412517
440534
721310
418910
161167
208942
859439
734516
721506
1143
51214
713090
121231
410664
54654
999632
751512
304972
417987
821281
14456
753721
212053
793980
802604
630513
3352
976859
138761
217251
715858
59973
783899
745199
340140
21194
798367
901178
854925
733218
185113
726040
847808
353103
201791
569135
668181
146863
999886
851242
229060
804732
906904
978443
305737
639481
255858
770697
659993
494531
618859
93613
17730
989159
890597
919556
869469
526321
839757
550011
984736
84690
669957
74194
24208
242796
672804
672960
111507
314174
261220
398947
169575
866392
645667
548511
930456
873327
410082
383995
784603
11988
814433
897850
63262
456434
171695
388749
808837
832278
268134
351588
897540
464883
941445
342554
356738
462978
917610
140027
825336
193010
263426
639046
828534
332138
883320
22622
425012
765344
405552
497079
383009
323420
610299
589288
839960
404163
318938
478576
329346
276064
294559
822130
229267
187061
430736
602086
719727
6774
120644
6790
243984
74746
952265
751508
411810
665232
682183
84294
443812
901825
583713
238849
407968
13561
610780
52295
691375
144481
483458
147552
795773
495788
778652
812149
97754
388076
697026
934394
627357
630226
446353
673911
864229
379584
499643
552052
420347
52429
815929
15872
87379
16148
13019
889502
612466
336319
93901
972713
790138
313888
826291
665599
877357
712997
420060
489429
996418
839609
201663
789424
969428
879613
26344
544524
71107
532770
305157
622612
822310
607123
882173
705030
221320
133483
586765
476333
415818
687988
397528
926737
356018
536181
889974
192329
633742
139760
821738
842787
173722
644407
240758
851098
61429
35398
203586
898357
507046
871312
279693
97256
280024
590580
646061
436058
347893
351183
648900
583810
997597
529067
871233
845354
315715
634580
426192
411222
697700
550795
674592
945918
459749
431630
978678
676489
551210
804403
549358
617292
29078
774686
541966
136304
811610
84607
264488
198187
659339
47667
499181
785685
465309
812003
377980
198615
434765
558224
15412
977644
659163
516212
26833
282485
365047
674301
326024
836404
868811
757216
653384
976383
868388
733261
320471
643613
195350
553358
269632
789960
184526
171302
656112
666559
18385
257189
114670
369413
842334
758299
995999
234097
648379
563860
400385
375029
858665
835446
962557
200580
547528
881982
124946
616158
869402
120465
264305
93625
578784
105538
187752
829390
5408
111839
977789
523528
46008
459133
391261
353901
142957
259093
187876
702572
558003
647100
655792
607857
80483
604588
985200
613014
716606
417477
321009
233187
378753
650090
337353
657780
67752
205786
182520
607012
785295
533827
437653
646556
305321
212777
796096
368880
108189
391400
795314
964778
234929
477541
358322
781630
651467
921978
916532
400371
308428
992059
527370
509560
821673
243649
689027
617696
511033
357448
103490
656647
236380
16677
733739
298653
640121
294950
868854
581520
740703
295688
547173
264730
697613
455250
314852
367181
270982
92386
404181
926394
591827
770262
923452
453731
579894
678336
765910
219784
64542
226130
425596
969857
780328
83217
11692
788350
576373
5161
640178
815465
542758
267867
998770
948904
602167
703954
481109
909694
738997
448979
41934
766161
675101
576977
719752
11206
731155
164832
815086
956040
312699
24322
256680
547832
967326
773067
866527
82047
800181
716782
848343
840343
55462
368756
704389
495748
891419
754507
958288
605876
6765
135937
571472
922220
204521
28189
407582
834804
958871
310601
165557
96147
93293
398809
266409
328147
774814
815917
856941
248524
491645
137832
920705
224973
93071
122128
132168
224278
908968
796424
30488
281302
141086
453270
532846
190171
211605
561545
242893
626768
77878
577415
334975
201303
900990
425650
175930
493439
511090
695287
100706
170353
262579
603163
348385
891009
500464
262830
469643
462692
320590
665124
605315
881166
330267
505605
29312
390795
9874
284865
144394
514765
176199
173389
237905
625364
962312
818463
812185
792058
681119
198213
599827
684376
2677
959496
754457
35217
15687
89518
614425
563197
98731
999965
561209
313801
628934
898203
259330
769001
322127
921619
822259
554361
329999
197157
958376
130529
877089
997911
548073
63188
191945
651624
393037
152434
767279
141253
301705
615630
166933
843418
789897
866173
172271
527645
731186
578155
889057
683894
37198
19222
148460
892026
637873
705087
13155
884138
534938
753390
105081
421920
607938
831156
154245
84246
442206
639368
717644
311120
469123
79130
185047
150513
892029
84278
201723
353949
705844
539230
233949
793746
926742
494700
332718
683910
767395
683063
213661
581348
566942
645928
576635
462324
649645
218198
746120
108718
35111
831357
593679
244745
357401
295307
124913
979078
970778
937530
387693
974979
349488
81879
349801
836984
27940
713492
757338
126014
156348
148940
831119
29475
484929
43598
995911
828913
277310
780633
144208
505863
839724
471625
904798
354222
784034
444735
111681
791488
140732
663453
890901
707517
217565
732632
503294
794565
258194
61178
570486
184378
126130
42633
404360
296802
403513
462708
659421
469680
268703
614949
19686
86189
129941
713913
828066
327668
999967
918540
456076
878103
264265
236397
252448
487431
934193
981593
619569
965165
974243
73297
82637
333255
87833
60244
141142
69922
248922
865816
155803
324335
90471
694162
266496
90528
605773
204000
614726
894223
767595
572362
403148
844997
375284
445028
483550
380929
895009
853562
199312
512811
537652
326131
97640
707897
597746
408127
264617
56372
906750
76780
98941
433621
73236
57496
781246
622537
842014
616897
632865
617172
767350
224248
763647
735761
931257
351092
988929
520152
473667
873960
52664
675484
194487
366115
48226
195855
751677
36189
580675
307805
942990
189332
275111
472371
8145
284939
908735
341756
210546
195944
516906
676135
425655
509657
786538
508163
265241
537450
18135
195125
983929
443671
835531
533467
478502
683506
563572
68193
199604
773000
348452
833892
119162
507705
893578
119001
5978
273561
821144
380525
811931
851839
400946
79018
801661
805170
634226
136922
879465
791702
789863
756684
556487
788973
394206
557679
667462
597575
152442
694857
716597
170142
120236
467328
404192
703706
377811
775206
136837
443360
610561
185320
891757
187404
998069
344780
494630
124147
997591
275982
169353
369390
858652
896100
491125
475159
436333
894321
125269
472489
262645
239013
660369
411156
374631
776454
123091
651950
743120
369556
207949
787761
782476
708872
87985
129327
113743
373593
279753
819875
848658
200987
802163
855778
384279
687426
763952
204187
665157
862233
669102
503064
998366
953917
743601
434612
627034
440047
340169
932860
113270
775955
506770
982248
11440
780846
359216
26992
890193
933652
930369
855726
794062
42187
307516
241286
272102
520409
86236
691217
809964
143492
943603
985
184578
639321
225222
242532
241194
522670
360018
878917
378939
709534
977615
581351
246154
851679
654008
587975
506318
574154
116467
303871
20704
938936
404277
527381
756532
390137
727901
104012
292563
174495
886064
618363
571822
844939
425659
81108
304906
45405
499604
989267
904832
849063
669415
170009
431648
758010
231131
194303
412447
122526
815646
435775
623319
275994
928498
676020
82816
716888
304454
848475
812542
132960
327242
750520
908713
574852
240191
255872
208307
823761
265686
434335
371412
474683
755369
411660
501476
492769
12926
997878
529214
33291
470157
240257
50817
847932
678826
7024
67466
950710
65051
952633
356544
530651
57359
499667
128769
722586
804864
736132
624568
722278
38706
535454
77051
26615
872650
36687
938561
729945
616187
975684
710579
677160
253069
990524
294201
619580
889406
313920
999278
332783
273667
67904
719282
892364
900076
755340
122781
451029
99301
900715
209680
858097
778776
848220
568872
214704
162928
168614
496396
328189
901433
607902
978086
1247
963573
135023
641509
746427
896162
857674
526463
644532
969426
457123
342807
690773
668055
865572
806789
661660
217636
704370
846570
447604
50859
179195
118563
888724
922204
914924
876324
629863
945857
113505
638508
233739
352408
275809
695825
119600
725248
394632
710970
879805
925884
239429
941609
877686
351519
199524
605838
869860
648842
778068
125960
604995
663248
86188
549756
542964
365012
235570
2771
735377
418451
328360
259742
347400
460143
908024
28312
732087
542865
74824
214439
205355
865251
879106
201275
997365
455246
402289
807343
155105
496566
262928
68074
373702
759522
915468
822257
376161
43797
311826
5002
147536
38614
100149
117112
930276
299926
83827
183082
239527
337802
288821
227198
934253
363870
12728
913686
624923
129611
519961
690332
228947
833962
762783
10188
174749
291929
491629
604776
300052
919032
816860
89093
913620
703509
812735
319552
755497
904262
402829
686000
262332
512296
924406
835427
605454
281284
389452
512746
755457
333112
474203
691084
62143
204378
491114
22239
639984
296267
592417
670861
554752
72850
746105
80252
398877
909
304387
528399
651023
953922
30929
646406
824622
41221
460481
978949
511825
628596
850786
733250
53480
200054
630671
748310
767800
512716
692055
446639
598211
162735
906668
739791
945601
490417
44814
91209
312593
501586
886409
673112
366859
308066
710420
517020
146352
77581
337883
228786
206147
58056
317847
606318
447217
981975
59096
17592
334763
70584
849060
220608
89748
589039
945146
152479
486934
971119
177071
958156
255055
129122
544506
793271
971881
828373
338629
266120
766933
24796
808317
232813
781403
261078
374003
631178
337592
770167
641953
597740
81270
747779
49496
189338
16642
218005
907495
749572
610552
834892
564486
254206
517283
86048
30669
666622
544351
958299
43284
306174
133729
807877
446792
808413
710427
756925
709514
479788
509791
299067
817426
118099
864604
356529
117710
679873
39374
625135
673636
786187
156756
429842
15939
527355
705526
842560
662810
355529
812988
600068
57878
539148
662535
602436
264618
751995
448230
887720
86394
428155
839267
47688
589168
457314
543445
330655
858646
703125
442448
869086
599618
336536
780023
909835
609095
903853
279770
943040
890032
557969
377854
997795
112989
931949
163286
890094
369346
53115
617879
920914
289545
915330
752679
650567
625426
705203
171957
819738
899205
699807
763960
184953
606994
933401
513748
791877
899852
646535
590261
337685
50168
258334
153952
849188
318100
153340
441667
766016
615533
306359
663841
813526
94642
405975
278500
413799
742657
491101
811426
374052
271165
449687
392028
698437
788389
569091
167456
988426
913538
544603
660494
841676
977530
595970
135607
129983
707587
937697
56455
38321
668638
148455
578095
393041
417021
33626
409228
352708
319762
968209
613357
666607
948998
798305
18510
98746
797052
337170
292799
429859
222934
639611
671815
302931
26597
751945
211328
886245
216293
923449
885247
983150
64940
450433
410009
488857
14685
406604
718624
465395
825012
778676
146663
567375
452327
535865
950069
527416
805901
1678
637071
844662
779521
366644
781235
515759
549893
776366
187023
181438
624845
484186
8717
522650
63315
293048
603692
467485
976117
346597
157844
462873
229809
217212
178036
906564
128448
376649
375802
966977
782620
700133
369501
548231
342051
843507
152919
736176
166996
809589
283249
750944
67702
641548
688118
313360
576023
463242
886089
985654
926325
533267
267091
783274
359067
23444
280408
681843
412493
819382
636944
722361
782673
405121
250550
36520
492847
887296
479824
172944
613007
245587
125596
12247
841504
775169
992562
908709
11252
225445
329956
670516
915927
436083
696728
692085
986132
965025
743820
686179
63763
290789
678858
52178
831005
374290
239471
891340
361764
858959
104464
866146
444808
402843
299632
657671
707333
89275
938964
106398
630915
854292
645558
159340
951795
966091
346293
128500
819371
826986
866849
993116
687038
102702
184219
462240
907534
253267
36541
145673
745161
186855
742204
478978
147266
327975
25793
454828
889261
365316
404513
736629
686781
939815
545531
252157
453090
582183
627053
627633
872537
559664
473847
641160
247903
708303
932477
363034
511809
894108
613675
717784
371343
774659
481331
191020
558574
589233
760625
800622
402381
258777
682736
393983
845872
453984
580486
997928
110635
412698
142341
70883
275906
862918
1687
267935
336919
855816
754746
970331
580081
434257
5734
222316
162832
16366
39800
390297
761321
68382
550623
688390
73583
868855
805844
46705
839971
75489
362548
335008
285563
419789
954765
200239
500350
206452
405126
454227
226029
870085
111408
952938
451527
337042
568339
900920
864924
89300
851728
945832
396673
221039
40326
174007
596448
265959
965074
643895
722595
752230
264155
158404
167444
402577
699489
112788
328285
85477
785614
583864
943118
208536
478959
107534
304181
41940
566973
178858
292538
464138
116540
218353
640253
847287
665511
109054
663976
645830
642204
276945
681691
387172
417835
454616
132351
93229
342877
663082
538241
487355
445755
783602
318135
545868
724656
148303
63309
687083
227881
897711
668530
676727
85914
862810
868918
67113
837178
963181
298287
799026
311494
230950
880652
795157
925804
870263
292463
16626
685942
400167
923489
307328
556688
475798
583350
670233
230840
393245
881214
974831
657473
519444
434341
36572
776579
389933
193432
485602
958397
477556
312452
288058
892955
71709
594403
375777
10295
265832
501480
294165
758569
396351
258832
639580
682803
723715
771732
814722
680629
90588
957481
715300
304618
584980
756498
713229
44116
695935
148745
726633
661469
543850
825369
491122
116256
884251
959106
516466
252702
387114
15356
569585
62920
798660
873188
138090
379596
809978
624107
367569
676243
318149
276403
300239
100867
875815
455140
68997
28617
488912
39111
369723
607051
893209
856174
4678
667338
780663
199668
747261
895971
619947
253838
765711
96707
989010
663748
110759
107059
3628
673223
597166
515228
308255
891172
746249
126519
801997
5079
290889
55310
230051
330224
921027
801910
327907
154621
616968
132718
626608
894788
75900
66454
670840
420802
737827
512454
400561
264930
986228
208932
572009
117668
569027
208619
757923
749964
475766
836713
518040
536899
339797
903560
320880
196311
49878
496634
89813
737637
368912
422042
819616
859028
401677
916059
581806
970869
203503
357297
625616
786953
371379
975038
638731
243354
391607
442675
942161
918262
552201
607125
919198
675461
638471
941484
713321
833445
418076
744629
281325
884523
92399
734230
455751
440103
86867
28037
572677
460277
410336
273408
333808
916052
79313
96460
464310
552185
71189
427760
909776
910761
53772
466782
762683
355645
671886
452740
755090
184445
359160
392
254921
957746
894740
990462
608105
859479
44483
780493
789158
320579
96697
147721
667817
203615
838982
995990
465881
770955
840204
657283
286977
396423
829190
113891
919110
225201
656329
327323
34945
780656
149848
597235
534614
53127
292589
10680
996536
754982
14038
513954
205646
141905
321795
906278
634650
286694
815151
527949
224928
822023
95383
377362
296461
67901
256757
975749
20666
439209
801672
709338
1992
640064
886588
216648
914150
138153
477502
719627
35938
164765
37794
281933
895193
663547
486304
304047
20629
865203
110146
222946
291555
962929
871692
532325
661186
118436
815286
211931
653495
859690
619989
379336
181950
631770
483416
29544
198427
887213
918509
885932
305870
756547
586578
198636
20139
285087
221106
177368
952316
253949
722178
721541
253867
217021
738139
846453
55460
475744
392951
262550
711888
784802
135705
450879
897953
278234
486680
107468
927208
866120
328601
934436
765579
675809
245675
259412
804174
610282
778361
368611
700789
95244
695689
759390
539483
362245
538598
965601
646814
88711
650233
496624
80263
564392
483711
650660
576127
645174
332876
697416
143640
445841
886926
483140
941256
306526
417709
870810
841724
668293
535558
720362
938272
889803
669585
396110
88862
13393
821589
864237
676169
511476
266483
550234
942011
936073
576370
346370
409916
910696
61210
106139
581466
317620
255000
608427
660685
737492
260996
177380
165718
462954
731422
807132
447009
901267
326735
6285
230714
929570
726121
449729
877197
598251
39024
486012
537012
92734
353270
168590
163873
753041
337621
88776
402533
499003
919563
914522
823197
774588
444467
339995
737022
153875
983774
124936
638729
110291
555616
583822
935444
99453
970094
502870
12604
903688
513996
863663
115533
957782
25732
514668
366553
707021
858137
290116
955460
196980
288428
750147
90183
672057
787210
558420
403457
743387
180381
591663
805765
622519
242210
932447
109284
686407
151116
599610
28677
637170
656987
684425
33935
804209
902447
438063
176339
377461
518021
843595
136336
96599
951579
857804
700393
595572
700478
447457
170202
207282
401833
910943
510729
742224
186124
354582
928219
505559
854500
756238
806627
423647
53894
874211
225462
618619
830588
576410
438338
296198
395259
396674
618109
437633
774116
445606
535481
186389
421791
847465
989803
150495
118970
454209
419705
87797
501465
375304
818066
972522
194754
905144
213828
789926
521541
459605
809083
39247
479238
194154
350359
867299
109032
180075
511144
566312
122361
725434
627379
886149
727382
386499
759317
742348
194763
911690
11391
543290
425250
785124
990151
503208
449602
625168
636229
548981
315830
184263
387752
37844
669755
763362
311941
298973
961062
349711
227939
571168
328564
983100
615510
90894
67358
452126
12990
311153
926619
743225
522531
778128
605173
372077
73104
287365
325480
15555
195246
262130
784150
773886
396464
789662
852659
832996
214102
153122
942112
45402
21579
812785
134573
217991
279927
327305
798847
603784
3249
486196
925197
559689
974162
287867
883780
322374
572133
362472
206155
631135
974778
913143
365985
245777
998938
547929
957922
965847
377812
285224
662364
812598
101466
917261
755995
597528
763347
853007
976917
86354
209738
495245
943022
83266
522414
6693
184887
82131
631649
356654
868752
803669
482798
862881
357579
555981
697885
828827
291661
240704
468100
72146
126828
358084
157522
4163
794583
970162
650671
331066
375526
886917
16922
477717
265802
16250
112845
748852
373570
946345
63948
904639
469077
844843
667397
36801
393631
736833
413549
876387
560030
205519
369849
337985
510049
196695
206072
845060
185405
444510
76162
499746
900816
74227
465081
917417
291842
75991
232988
492371
60961
436479
932164
510807
775874
167149
759576
854909
204267
610567
213956
797364
872364
434142
915726
651822
986537
934276
739593
355384
284189
225109
886540
967191
764630
497859
242304
167579
396839
414339
462786
186196
666146
114395
745591
804048
283558
724894
5693
830589
947066
58566
480705
927825
935655
760741
638451
841115
723328
691844
485465
366756
119426
116122
532160
287062
256746
538252
111736
10611
284154
634161
34272
90027
642554
84328
655127
87354
105031
678372
566789
269138
845588
181302
281262
93451
762739
598200
941230
395203
427548
126481
536410
445143
655259
811843
426117
191295
962961
483615
818948
179155
857931
357175
787614
944951
26337
460014
217445
94558
970290
916820
593271
609712
929576
578313
137365
397031
622318
954496
998737
430878
70039
28140
468306
192789
940249
534287
993333
238317
600586
32710
185700
971379
94183
862350
940187
635422
332900
808816
186355
633015
16674
80952
63589
804814
999769
5579
728406
548721
347885
998648
811169
64387
223550
195865
639364
288167
95810
190953
587326
250041
995027
774223
133647
562798
574701
110426
268685
677249
197683
991809
773372
123396
271197
851592
569112
100310
571958
475693
4610
618022
637593
419256
270023
114891
948125
569110
727856
609911
831625
344174
23936
587387
237539
806560
310788
957865
919660
604399
556133
19343
751985
982264
363839
137504
814596
767635
11628
549839
524370
439662
494049
573942
254356
321951
19325
23534
817165
921432
165260
334392
89464
398609
64129
740023
652688
477828
943506
70142
443259
537648
404052
195395
288674
534132
680404
21867
561725
991644
368423
346242
575649
963399
80460
574612
530550
55405
894324
596827
702006
647347
288948
726099
374130
959595
856225
962674
703872
517755
395404
559380
393313
792181
721342
64182
936168
296008
604766
890855
216886
917687
432152
634788
239798
957585
444487
256645
220321
891294
308931
564878
621160
524347
454634
252201
615194
239224
732331
931969
400938
313435
607142
685161
820564
882132
763974
432529
945671
919459
225976
583600
333742
682646
815386
606128
726996
657213
857678
524838
766133
163223
542566
803203
136811
41156
999524
153835
490809
419138
462424
175356
135719
801959
130284
456720
176338
657074
133705
142125
197821
299114
265666
752984
855311
751675
258395
80910
699501
282671
92095
656089
48028
259401
284819
141454
717448
504724
310660
571513
471400
851786
908528
537535
922750
689414
363419
27775
5801
24841
725184
654760
187025
362414
663318
264051
181661
988659
362613
86124
224216
393565
873676
760627
465294
997389
351488
384642
84771
360297
937940
253638
84704
734352
265391
232999
729153
840096
238178
907922
801105
92097
313494
102481
251170
897499
348179
357525
711974
626151
185839
145686
466798
184291
357073
380113
807612
444895
114182
611125
606734
703240
643530
632470
407803
148924
787208
442110
380679
534590
272353
367753
512631
468534
829578
437728
394882
511675
302573
675468
178489
835902
454108
877291
207698
90822
928306
72063
627216
812693
138760
68259
50256
983402
844433
269274
471921
226912
346515
471424
970273
538036
667202
21154
895332
302331
983017
651572
802610
260634
834737
77065
756615
252216
137912
206210
955957
770948
902209
559061
378429
405816
921486
345871
491081
751201
726919
441080
834677
218985
356325
945866
889102
708774
883774
915400
191674
664669
374622
218946
664730
45074
995735
144149
166478
939159
338946
841158
832441
190440
838164
18167
813687
279388
637040
611689
332867
687358
266502
598600
610827
248476
11754
344965
721560
630320
109029
642809
651533
230216
517841
719624
251249
22722
556748
228410
892214
735629
44709
489205
745031
62432
614549
572752
149626
441370
485234
705110
703499
606407
170566
179553
332840
782355
782412
360991
760665
694820
271526
454522
576618
489434
719529
364255
750544
782021
649022
541087
86830
43276
996257
207344
371704
99250
969070
143180
675506
291785
807494
741538
789961
200910
815331
141533
255372
40510
827312
220849
242571
431987
669051
455275
519387
102775
497443
691240
14054
671666
71800
650470
165221
276522
73075
156373
672679
561277
862376
65251
642737
231736
307711
110722
270785
51555
421993
391708
837242
136381
899201
38579
45270
725555
310763
997169
30251
159803
929066
914363
272592
500677
525988
590496
707878
913877
103983
4506
83063
184890
41023
149812
41325
483924
275055
294909
163354
273842
860085
98234
830169
309309
83813
191289
968559
888333
11193
544199
601640
312279
27640
849586
482891
359601
32683
102126
635175
947546
938008
744067
336501
304863
992272
62182
39167
229322
427784
129787
779119
35289
911651
775811
129317
851441
272115
679806
890515
487608
501071
38573
5826
529602
491163
166625
97151
229018
109309
152539
580425
381025
159904
755896
412610
520534
683490
793259
587993
110346
677788
301496
147820
292593
15000
201600
447240
669754
694488
707370
601291
688207
483601
998890
125163
643061
587983
789074
333806
357276
694235
26738
237094
290977
60297
290516
488003
871538
816575
254960
533706
799469
59433
473879
149215
792078
935323
525227
398321
44047
141985
50664
754509
109929
203902
652339
802240
786699
909967
617127
335718
648019
399507
571277
293939
89401
465207
625004
851695
559812
974793
399746
2917
604015
446313
802857
448285
594857
760341
968161
336095
96077
138730
372660
930787
723377
807288
975194
988666
775754
851604
712867
596356
246212
635220
690613
513978
651083
515494
957405
402008
73638
123789
434246
339749
552445
319993
378503
279072
63291
567766
62094
612610
333594
820873
79820
564799
960397
850659
261415
580673
820669
98381
984937
107603
990401
677373
2684
12071
655648
945662
679733
43565
278816
327256
352816
977642
816701
758275
846745
332789
839813
264437
296344
143388
520147
262940
661975
609315
602405
896680
490545
422124
840412
497983
431410
84369
414612
827939
918191
695759
892178
544466
24414
561776
744498
944768
434459
572887
935212
522436
93862
229447
376713
783940
977094
816798
562711
648438
436490
901874
755959
340884
252139
706695
221904
89244
294797
435497
24230
155969
713956
677164
102341
821809
772531
144510
918359
876356
112944
709350
142357
931326
250116
835675
332186
174593
139374
340099
543571
355602
782855
529223
961811
587718
310240
112591
967811
541896
471111
479839
894711
922954
749993
855437
962907
736134
944721
530078
835276
237744
869007
713725
78339
969914
863447
679148
34115
178232
56662
48533
647197
861631
149623
616450
634416
331722
521181
317938
495749
641862
887242
573938
842786
545158
451929
507333
469020
709284
906773
168760
977818
89520
356281
697773
313433
753678
926466
951422
632649
945001
562464
861772
489621
752216
273990
132259
875776
443531
150944
395467
97002
197297
718308
52974
168627
539114
927490
590561
27510
715940
862389
563921
603190
608212
85371
195147
666903
648211
733415
606211
464787
240952
510610
100397
830716
278756
789687
825394
132562
289674
360603
713718
716681
798257
305215
512026
624078
839110
61042
583282
352173
751944
221838
985799
721659
958477
541169
130380
690725
372961
234532
732140
124536
45983
234409
780716
630897
623991
118881
115068
483623
507325
233284
3365
23234
967790
376353
265486
36850
231358
339957
119766
857265
703707
835018
487248
852917
19103
597878
26294
961341
770606
107792
82429
472849
430341
534384
698777
122459
859421
598883
61224
249839
898066
904199
811278
989891
408619
723244
391188
72069
994843
239736
166870
509143
887479
141371
978862
477568
689400
126724
849632
958246
543259
518944
206625
384620
441974
219452
436774
178634
131254
262773
253988
759459
48280
884239
714593
50382
684038
407517
877985
287134
966892
723112
375481
913988
928045
784701
192939
627694
561913
693442
341602
914576
34713
325459
176859
376549
248739
786310
883012
430921
720473
756016
587803
430411
506171
404155
629578
739661
546739
578910
979395
151153
208058
54120
405872
618024
963449
961422
682372
280617
952957
140080
262469
235504
624434
596900
741400
26067
854156
44055
348967
286981
201899
683804
533127
525005
296692
13935
553972
935915
910334
71497
226134
669064
312325
786401
504920
248938
406114
374483
178427
337386
661495
258585
993196
480244
739537
645000
246787
501136
479275
698796
500659
278804
850217
189739
276804
676869
383514
972195
729445
338993
908919
146455
450480
78841
354396
339344
437713
614597
246750
358842
792517
777407
634765
596865
766503
80818
402682
434851
323048
17623
501123
534711
313078
653414
487391
854527
194998
953657
381422
30923
439955
48997
776347
374980
731333
984802
842873
925078
302760
787896
490483
317729
331864
692420
938804
206556
336520
189247
919501
171801
903740
483015
788569
574473
806376
189293
319673
366392
501297
813974
843789
767192
841749
492520
228554
588913
148366
16354
966096
442575
329013
142998
65111
73545
554563
704775
980910
893740
802323
800038
715062
100205
946091
390595
123960
448818
45399
41631
628334
489929
932798
912738
429976
642919
739402
32175
683836
685637
804822
702015
621412
292435
165465
419432
97781
943776
232716
550131
868919
374952
853653
493375
79155
349090
910709
869604
313866
109851
163941
512778
958206
116190
174276
698154
568608
34622
474495
284164
948748
69803
542903
890155
42386
663661
342964
652293
508253
744638
900687
642484
415744
877374
860791
732179
400260
928971
330256
531734
42671
889389
128239
5492
128338
666778
874033
26302
146095
833300
457464
690771
496260
301808
938883
17452
157753
423923
345833
815393
5781
582386
693425
998832
900455
383876
357050
523152
651203
70447
219571
851774
147115
496681
877996
954389
837468
846795
432442
612656
765950
711316
857698
42814
78535
303745
344487
51237
107560
421501
189692
869551
420005
825074
614299
332960
734224
60562
449882
489556
664063
440585
651645
335811
369706
670652
975045
199379
160959
229392
167373
574505
191334
294243
821554
631489
3776
157670
907035
647745
775090
620115
200770
698342
962233
456937
94353
586566
441908
426823
236561
826753
873921
694852
557651
33156
718329
701006
892707
820845
244709
717088
458157
139850
572427
523302
679310
113362
67069
442734
829629
150853
461126
271882
450964
268789
87197
846967
433928
417002
824394
822007
68436
514674
665203
62202
289125
680177
216249
482604
779724
724890
321877
153094
440140
950294
896326
807502
853284
681974
399768
431918
892461
287505
86977
888826
635440
555331
805975
619604
64889
506431
692737
6362
335737
567925
344415
229938
202659
575463
186626
376681
325614
352669
56442
241215
431484
825857
308055
900707
226090
881205
242823
452406
594319
153978
868984
892647
621689
220049
691829
21361
871969
571714
686787
25031
878720
365653
880589
225550
289016
947251
455101
771158
610770
196077
620067
559682
493611
358076
720135
635813
696058
737590
817513
510665
299885
803985
492507
689610
243110
644022
924912
825874
893834
601401
626730
129804
731689
245130
11156
894190
317021
834701
687306
644158
390166
980785
6124
881137
711242
845440
450931
643660
207382
68693
261840
253477
343318
613218
397629
251650
623906
876791
745298
275053
559986
875088
34197
715655
310199
542982
826209
176535
880941
353800
443736
36159
274972
786522
595321
721170
850727
74617
101594
492101
840776
347371
516089
225788
745147
32930
772674
176414
228977
537694
419413
141020
62117
967845
989896
865312
530860
457879
826833
432953
423944
298689
815610
331650
846677
971284
763135
317214
848674
296519
972432
431971
196606
422325
54046
232018
924592
414174
692193
129263
536658
119381
231938
207243
244001
728023
837647
161253
816464
518887
748272
721868
221541
972123
599007
136485
941205
779856
60616
905583
509219
48891
652124
569409
741802
446007
257358
735031
32430
659202
450606
713847
563968
610717
434470
599272
123077
124884
240215
112329
380254
974620
640977
287773
419833
592212
359236
392372
487150
593037
836646
534825
50344
519112
516890
74290
89104
417088
797498
218483
159500
304261
126806
996262
193866
162144
504350
716896
132865
343935
912852
604910
984101
42280
445904
318362
215238
712011
17325
130764
438598
582128
608788
154956
901429
507087
885987
381221
12427
750078
397817
657573
553153
470789
199841
959874
19148
226189
831511
478263
893047
895100
951883
24027
716618
857364
269586
196542
946372
444598
741197
221382
492497
635033
628813
411544
228441
109367
697781
741074
404148
986974
290109
279009
769977
408211
433151
505524
737061
916124
28044
253237
661963
932888
543944
779909
970360
411747
110772
332738
493655
585761
625038
152171
910543
522405
305324
150988
739271
40825
845990
46302
322911
694182
4325
165310
256408
279674
798355
23894
491901
122931
445047
357951
165663
712305
842734
788257
632735
450437
758029
378988
828458
418165
575025
695178
729493
844504
116461
308846
648753
909008
546055
573159
2634
669117
913994
458529
455656
72915
611178
612685
386069
851483
29362
187930
871795
188425
117939
652819
303930
877481
205321
612
846904
56838
960508
389753
123518
241354
288570
278639
721843
386633
370023
595786
878378
621781
814458
691234
779647
763932
369981
890160
245705
811959
659189
300609
485068
463648
392336
655805
297855
675729
864212
959209
118394
302982
444453
976349
294186
905039
763652
533770
808411
446318
897105
152178
625719
281489
210351
794411
770698
725663
788319
384319
433256
710945
661534
925169
128354
195790
110123
768781
181267
903590
373931
322330
528212
926016
503714
781085
725951
269152
851612
562154
561915
980564
797006
568451
32019
480517
367154
776385
256289
598182
628169
616684
626049
664931
993776
165196
786584
745619
482329
24160
207733
861130
715905
756677
33383
163532
989769
108192
617710
280049
616715
648397
297667
170977
300445
340075
647794
871326
565202
761007
60211
79084
48410
718373
915543
63833
345733
112261
269470
824300
935204
302885
427438
622160
362881
659324
566415
332548
876125
967510
533751
34341
460210
408811
851716
934038
490647
524663
20030
554387
736510
301388
353648
618883
810363
216570
272807
825879
555890
220141
225640
937709
506468
721288
798887
993309
924054
155691
495703
665906
974383
650391
112598
992186
307063
518132
625780
850961
330900
934626
581577
826163
476390
454199
101994
120906
142864
70292
50999
268120
956119
599843
968850
954430
614895
532583
631713
657631
952373
979028
915339
852304
364804
464383
593358
357520
986943
475276
74927
203546
169343
719948
761933
926416
101628
224555
49822
283204
869779
432837
743282
944982
20498
47789
897096
374858
90210
125004
647348
479953
310493
546161
226704
715004
601310
91815
122158
904917
692409
764938
756322
4422
969850
491651
592750
170010
865152
974741
265437
463231
383496
124842
495271
21963
838403
421959
513817
10527
672842
933909
393173
322167
313234
278035
3529
161438
826452
120477
864173
854711
325419
850899
267709
261149
511280
691924
763138
707421
844049
408022
644093
215842
977584
801788
787592
541859
925863
702576
412661
397626
810321
29510
51440
791268
6978
767053
747457
50580
494742
874039
215086
812212
87399
197858
895101
751289
779415
970657
95310
520301
860296
674380
24767
257539
20835
185396
757026
557496
456963
686411
661318
643008
686700
727728
187199
440470
25871
149261
625146
947752
175340
138959
503602
35298
298578
180035
371515
669269
923266
646538
809340
192580
381746
445432
93818
658571
211501
3343
225487
513645
203351
319891
735225
614328
411215
981322
168142
755159
597906
439374
822132
934634
69790
46929
825927
557791
561999
149824
670246
160491
218334
423885
376413
435516
556390
919752
213063
882161
121985
288470
687528
230830
35427
865916
509319
87301
365310
842617
917907
180431
65357
594229
271815
306951
841
243632
216006
723447
285543
646424
150008
335101
193389
993799
776239
730074
977777
65292
611432
527332
731420
890356
62809
200186
398580
601492
380583
546644
687248
587182
960055
655256
591347
453116
788853
458287
326697
740774
723407
456647
461575
566944
890354
610528
818084
758680
765348
154244
346029
227294
43273
217938
827063
949707
473080
118343
42499
197261
94728
190024
192290
713602
180102
938864
5018
929320
450593
760271
573912
795062
612359
36848
540905
240126
435138
32058
893364
117695
547288
245104
921875
154323
285027
455567
850617
221118
28484
215027
951725
929756
901401
232161
375162
618030
767423
123187
208065
656188
479592
453503
34189
38817
867644
655519
628893
572829
894987
191616
765730
315027
327026
581986
925178
515019
55403
109622
305892
550350
538793
449751
547796
514013
202851
767640
718621
621084
689498
71909
769143
764129
299049
810190
401238
662597
291035
180603
901564
727708
522820
989363
934838
732555
572805
30690
681526
973975
419008
34640
998014
811168
806770
34718
518542
827082
743922
146581
494412
545695
864658
784654
523572
742025
164067
503930
441905
509869
771964
507424
284887
84198
148490
375459
248576
218802
384577
960465
893998
790931
984765
42983
121888
400801
722413
414221
224725
856296
170884
472294
764031
747285
283667
443481
657729
800467
521030
98515
552993
271001
572994
911619
869628
461625
681050
291078
812274
868380
941344
624668
501458
525522
333598
344169
431106
382121
925782
671564
545457
853387
91791
498636
422493
189940
5097
775063
950388
571301
218776
96867
952100
687645
550311
80621
664582
560235
560271
891347
642524
99581
531642
754548
695463
3334
461474
42914
721547
146520
197062
999896
386635
105569
979345
742994
284169
761275
741787
97837
999607
229757
365786
13766
273344
288255
309577
442930
999370
690992
555096
605511
963320
826078
731940
627919
605309
839364
522527
502715
199503
987579
81288
520685
192443
754853
214533
848735
833842
646607
278851
892245
903674
818599
859033
835245
187131
826065
923920
416029
781203
673011
288892
70567
507853
814763
328604
964537
417864
777113
558610
248482
399253
100790
683799
934687
566681
501150
427514
889696
196670
126938
763018
545981
296755
850107
44743
139729
119476
532647
772258
22438
675344
660452
141589
132954
205640
301841
452418
189513
649283
281168
283250
788549
642927
466210
111450
645167
38475
907891
467512
96317
306562
250084
433169
733620
148374
609599
286175
950115
728307
867313
594361
689227
439538
757203
743002
257684
282165
819925
364341
742129
648163
472248
746522
523107
396134
118827
503275
112712
541505
726100
332487
121767
381768
760456
430717
90039
207874
705215
70684
498413
387732
521298
563407
476206
119090
636395
61092
945300
925114
83943
967051
281220
187048
11034
545938
60498
892793
989252
347891
831097
865159
878787
490757
159814
18039
182008
61915
643051
366773
740345
632909
63031
141801
763196
685820
802501
310243
545230
45819
644740
237943
499479
986940
151814
378760
83206
124120
905059
138065
948831
672826
861219
763195
912592
181111
120069
974515
931462
648137
396444
677151
648719
714904
6443
626716
587473
872862
641088
631276
949361
473462
387226
332966
691678
419250
848491
727952
995860
758532
777885
145037
595441
96187
753887
108576
634311
753349
618307
218213
106524
660593
619114
771595
356307
189876
600147
276933
524835
673428
291499
69335
14963
60581
47745
348831
861268
892586
168036
736672
613126
827769
628347
836096
540632
831608
766695
240598
124337
153464
81437
395965
34970
342628
611762
34712
972517
152816
140152
973304
280681
769109
561676
601775
557
76375
88899
274781
186119
598250
641892
749884
464188
999096
330087
448485
862382
112577
941936
89414
683107
983068
57320
859506
452910
555867
162362
538899
922748
289996
426151
6202
255420
864668
398855
157655
783212
217687
444189
810500
883261
303434
413333
833147
825250
83338
727004
968809
63290
654221
555868
405274
657048
648501
852371
800083
380907
637549
598351
550078
554447
467628
652616
559488
163759
671063
841370
739732
426883
20701
348287
867983
181144
111651
388548
417791
795345
17869
892544
287327
136458
689015
773424
717293
75053
841183
336127
380586
543892
617619
547124
897454
576524
192756
579818
258456
668386
306010
183872
513047
43122
975777
488280
379251
782748
333
595873
678369
862760
352524
867801
369661
458483
723864
707579
278342
763116
237987
70657
87417
69269
29900
530610
672369
352415
386752
867160
529802
474019
457596
74093
932943
304751
397536
581958
559974
66170
632860
787101
547017
830786
939719
198585
256367
608964
337614
718268
39497
327767
98441
490441
531880
780518
637673
506960
573499
475784
162126
625207
230326
143614
738741
835174
577487
25096
517455
573231
230754
364068
667948
367065
472309
540004
665174
271816
826837
760683
936699
506250
408863
510659
531906
636480
911579
948638
450942
29991
544898
431912
818112
398594
798880
917637
400390
596838
350228
94188
312594
365537
546805
193174
978056
556047
738566
58588
417675
49959
956641
757061
6225
946358
128466
448782
833515
159849
238865
383725
432427
295565
772788
451232
107823
834030
716497
624257
352064
861469
749535
883964
43132
174954
358507
830516
833999
809926
418587
924117
973871
477115
737245
131989
633810
891668
382105
930463
360492
152058
870377
15810
716873
565631
551653
784295
567706
228358
335058
350495
570138
567
839592
245299
655476
115710
981014
898436
113480
831988
339003
651376
655822
296488
342098
649940
575347
540339
361780
146388
223405
883938
928822
832386
734675
220244
244573
895987
140534
240558
42861
870363
217935
620170
533645
466608
356611
242015
383257
887434
998291
339401
131665
859709
675831
963641
867630
774862
412087
901873
99642
888896
255509
714027
168139
57674
773274
424537
963293
684394
176956
38792
440075
433939
243240
777374
958250
432194
348866
759682
926575
514199
264746
178142
576107
923183
164607
383316
120611
256065
411751
863297
797576
104202
197976
289451
834137
19707
562148
112356
229210
928710
483357
908608
96575
474625
807115
554147
948364
378688
447473
219195
504771
119995
262923
327439
744584
882107
417070
936850
129745
854020
65921
462494
219376
810117
387576
294952
50635
223922
334044
748204
572130
990251
764473
47488
308459
688486
71710
53498
864535
754739
66816
744675
927862
874797
124651
408960
800400
987311
520375
272463
881930
964225
761330
326504
793015
754005
968353
446943
675942
687178
306873
111203
720267
387146
221145
354329
930274
541029
711862
744826
167515
861965
711379
195879
479116
69811
36326
543742
97909
272341
122410
987651
542280
779806
768032
978703
668777
792836
638301
284564
501218
73119
733291
18117
934904
80057
646289
302080
58412
275886
13673
699540
747915
519773
769112
208109
216262
349024
561105
195259
655261
48671
935856
424631
517030
557176
525341
550112
240052
843816
670035
515355
718732
609607
848345
801280
702441
904350
730588
411070
530393
702879
295767
643627
863493
280837
942958
97771
667534
954633
832923
664636
338386
632190
376989
256333
857545
431386
346905
815900
385
809366
616756
863709
207263
250814
297072
681395
428514
686540
67004
415014
42946
920607
13562
365031
377614
952843
771948
900592
986148
98443
34298
827466
621965
794385
948322
613800
617214
351100
536625
68543
837229
20329
993627
681171
398314
539864
693793
718529
325492
51001
362790
203568
898926
580103
494846
344866
425938
709958
454565
241256
36394
681185
773482
114554
392604
145031
649550
503293
261718
398263
12509
479150
474104
765859
556522
664972
758639
410238
442073
662006
279392
424207
370603
457220
52298
898115
234967
952130
288045
659515
457493
506702
700494
72793
846731
57072
792830
203623
723127
650542
344672
374060
311579
938723
470304
469961
991456
542337
16707
772543
555983
974292
101336
212660
142401
902179
548845
981928
387303
53744
257831
660416
851635
602587
282242
115198
620583
657251
755686
816850
753208
123403
168162
357897
200478
454619
655815
763492
457083
818301
261859
753317
615240
225945
979264
70546
170651
553177
770783
531871
170434
745797
377405
695534
22289
521767
213177
64210
296068
997734
112037
657128
845784
630778
723156
212960
613648
6101
796450
83311
324011
247474
245417
475169
934941
806724
109208
189061
105010
421473
228714
278299
765644
378168
900385
264172
102231
105459
69857
546302
595089
421357
539904
218764
842077
999297
975389
977822
744609
756896
363438
448718
563098
621963
806254
694662
271366
894538
230999
428717
416049
580981
386224
179865
865525
146994
62137
666133
174689
484288
240800
781365
252048
306772
203720
156862
528827
111662
537676
674666
457047
251385
63799
410458
418780
462816
913645
696764
501672
901682
418135
96399
915186
393706
915402
502335
283850
831467
565978
847158
326875
550235
122952
738252
360566
215580
390845
614987
61139
309346
761682
162331
639477
973366
328527
850028
906054
450314
358452
489126
332677
55247
575675
372517
308800
903058
754200
399587
65815
216706
48499
762781
796681
739227
106728
462059
918424
623851
705859
95763
589919
208795
607880
69074
341784
344977
265156
684492
511992
604095
336909
882549
827725
310715
938122
82500
444876
576471
350791
479740
274960
692609
64579
751423
399895
606126
802388
533325
411642
83667
988314
723504
543957
902606
634612
475973
387784
350205
619075
257476
209030
312053
894436
439270
776031
144977
882847
497263
403912
258907
410609
43919
427147
240967
729005
444091
36054
385748
959265
807144
981488
30363
748439
947814
509830
767288
394679
201240
372388
471954
112842
325324
647423
171272
815577
139438
873017
230009
874352
429710
212650
267338
386859
132165
940778
728769
564934
42944
300792
834723
676233
508146
100120
38155
996987
434289
678423
234221
131625
914108
765158
592028
489270
872137
409069
121912
546926
149304
181763
126498
881722
389169
572255
728142
416831
415857
902423
711652
733887
772244
92640
175494
373031
447142
706429
595056
937344
324485
837823
3037
761147
119283
205489
894673
438655
964233
194702
798858
463225
546593
118270
74833
940592
206032
801500
55866
731026
825519
508657
667949
909822
744332
508628
439227
201753
227573
698904
511351
686099
435391
136235
134562
233212
685338
725557
478394
108534
573296
74587
554230
588489
2546
476433
837128
707968
757611
714085
835039
935612
676620
356326
502662
360372
191077
407786
486028
985392
225811
426936
219302
941541
545911
698854
392455
925071
998956
96005
534240
264881
216523
530644
505404
898914
735775
770992
447609
331627
634941
21442
50483
791070
789900
123303
525961
940196
977707
30887
838316
250265
685208
734237
730269
382490
556650
608434
994195
476906
48136
807483
334285
633966
96138
575230
560998
469224
511548
724752
387880
498646
63134
54210
63559
389557
576128
613522
782758
722039
193142
325941
774702
142265
382274
707240
651736
839386
404677
896440
177781
544996
91524
828400
927236
364172
365003
557604
481324
951063
78592
498521
247077
843401
414869
553876
407735
198853
285143
673854
481499
278534
786276
847088
711998
134648
684577
896099
188596
829671
857559
116522
999601
712864
109898
663354
704543
908191
446719
934022
515541
796935
795355
332518
637202
752876
414753
334760
219950
601894
64190
488430
241071
698881
348641
834507
907162
360356
511414
769907
621701
293992
546673
360383
872614
902377
143760
580066
677705
967961
967474
742762
62152
731145
118129
447795
927042
105344
435411
915812
941680
465821
145798
548276
526388
622006
256894
359439
75093
796129
206462
463547
260783
196416
103845
659975
36985
985953
761381
988877
189010
35820
67362
130543
295900
6113
284447
666199
176630
32098
761668
996624
214099
908378
65090
257601
928486
616138
532365
467400
883897
670962
606472
649135
143133
779352
411839
325262
277692
212792
641805
352637
264970
246472
888414
251763
854810
351503
973696
179341
812960
145893
469152
15277
171657
483511
216754
259905
146751
231795
981417
784098
343118
639129
273497
441938
345054
271897
346405
678800
472326
725433
232259
648873
427400
926962
953257
40209
606216
688961
670160
531032
684618
787419
874717
409838
54313
521296
346809
58935
547223
56580
71847
659780
545174
414247
595170
182650
73435
327753
352421
764074
339130
718480
811615
690347
55352
758469
490930
129135
229838
303662
380051
247694
730340
963680
366372
20754
606783
25363
684485
928228
501530
542368
638926
585782
538609
793815
331116
837783
764732
332420
34087
671805
81722
346099
678805
474992
255007
426828
138815
851547
919
783886
752555
583755
849405
419513
962964
531351
189834
184595
225060
752712
916790
99687
236852
478997
230286
528256
695130
372368
414740
538298
371066
197950
21884
794781
826737
287959
22900
687962
67829
286724
528749
205104
857944
775074
470829
771894
450562
521418
526482
665310
853110
49936
697061
295997
210885
668527
646533
681018
772155
358895
991341
574091
483385
954360
406965
394118
661902
739571
725413
611259
180311
673101
576081
797252
663150
183962
515069
829619
609057
911300
115098
956160
821165
642766
936521
746273
323656
655293
690754
284955
843335
623998
750178
705293
917288
635593
354378
893179
883973
818516
435754
105155
370664
45168
88977
418184
326928
166444
657670
748940
65616
566805
76647
931497
394055
51713
253866
884668
323450
756041
646681
210102
820563
570405
38110
660982
568012
30138
462556
490274
10216
800304
628896
208526
112423
893369
72780
874334
573896
489278
681451
136278
53309
981993
770822
985133
690111
114147
169923
153825
174228
813109
22387
683375
146302
677471
586955
910174
378626
304822
503284
785442
394529
57814
141639
760262
61240
498156
484991
491154
760795
622619
971051
364058
835333
569630
911140
120810
959928
803376
314565
613816
942050
702972
606228
309861
459343
150471
37435
635785
966366
563150
903884
583872
517788
372549
752644
231100
217940
497850
69164
264129
247567
982400
451768
945941
504772
531158
125344
161972
801842
476735
236576
535250
790838
910047
242508
795950
49407
614398
78845
480919
750942
597694
837754
245595
656369
818251
45150
924138
281246
426513
250152
51993
362475
969743
587551
900162
855165
588355
855072
175880
282412
572037
55558
80760
956671
306800
209460
534155
612553
410490
231681
337992
601439
851493
304321
841798
96372
583916
103055
573780
538350
814625
412921
701682
271370
711950
812045
639964
565419
17987
287165
934952
277705
90725
466742
889652
804084
394711
344319
785158
714561
673240
14286
570890
603033
745778
433715
244813
27298
210186
15494
869770
566462
346790
500427
741324
544859
528394
93815
963080
249851
420589
804319
891453
691824
890370
487862
498359
491823
532653
340207
505106
448788
980938
169268
983226
301989
536520
330568
429605
364665
506543
733140
567264
446970
341649
862518
736508
247288
222424
99300
157121
941794
229520
102541
117508
615193
719105
615401
412582
939424
891337
421226
241433
535785
941752
526564
422872
630819
416447
981649
583420
810641
323675
326062
168510
140662
69020
571458
686218
951788
339601
644286
859260
16917
246034
107961
491944
712874
37682
824237
639725
934543
725148
114846
804678
35495
725854
378696
559287
987934
288271
796051
476698
934652
743164
840990
567935
485251
430831
707285
829487
876149
295357
889970
633004
582487
928414
116842
998870
448893
115658
387485
37009
817102
995661
261648
678047
123123
27214
340975
768688
326600
623175
68711
391920
317270
42808
784163
794748
873692
175040
121093
150983
545384
139025
525175
11448
900692
606079
671799
649676
633208
964839
876819
474502
30324
109115
320563
951078
928796
88436
303036
304838
344684
151101
243981
700601
457127
197106
356490
468830
984165
927831
377952
525559
365883
333989
770551
299250
133792
910339
951763
744175
724760
368001
84705
192444
61472
52522
739450
571669
852477
300371
343271
574001
874879
364917
91167
391390
413307
392941
96120
742531
934468
298588
640169
501590
977889
856803
924021
130003
328524
398465
202142
620428
254437
594481
920057
664878
646790
932545
518412
881379
337682
116868
970090
371098
902788
867473
247173
90151
605204
177005
37949
580784
701422
621409
326840
982375
23783
100458
192547
67875
756087
59593
816043
965821
448196
541032
309476
712330
625689
382244
733709
707444
236213
977835
58871
529152
353939
391441
372853
347033
882469
385473
349879
90442
893956
409261
741185
536733
19350
97105
715272
750766
25558
204724
508419
847371
866360
51012
818746
8976
533381
339393
872542
139289
394842
349387
857942
253175
826553
285844
941664
85390
875418
944642
752630
756641
453254
836570
345074
742794
703391
896725
316077
384650
486569
925243
844683
406631
239811
555268
916911
811522
454353
715920
341660
760937
442443
470611
500550
572426
569810
730055
866027
473561
326505
119803
887048
639971
54538
852772
390818
348834
648890
465260
98930
192496
778643
807516
276857
305587
757040
239754
21202
948885
24726
676645
622434
217263
718993
580144
431870
763439
103888
763201
236307
198482
319068
304732
436412
431498
763782
293101
968948
353483
342304
233189
334322
209507
899359
48594
736044
604655
94244
438237
518698
600468
923232
928108
87123
351626
524598
540267
995084
850413
708004
8875
778774
440425
861926
250262
971029
635662
168210
565577
287436
600928
271297
549814
436139
325390
646997
540870
404227
817420
154651
871998
157001
807623
916378
521341
872362
841844
605755
347745
630658
287946
423626
160942
690486
824621
434100
146691
386891
572422
315619
364350
46260
354632
628938
124464
27291
37582
84995
342772
740441
326301
518444
903794
440610
466109
606417
528221
498686
221078
805661
702539
172942
960963
672521
879531
240723
879244
402402
230428
473216
937614
454167
815190
674918
301836
876078
643657
88882
70871
317414
581143
597846
97480
284309
71459
387171
15751
368749
293213
328457
277262
826092
531962
978814
783030
157558
925677
883381
595727
857599
192466
911865
350651
7795
51368
788335
373850
334296
471908
472462
732398
467775
712228
425688
228826
967764
68830
540786
231433
895410
185537
275750
50847
599129
200672
67477
369235
59337
478027
796179
493672
585109
374704
989764
500439
236672
775890
164591
751773
369405
617537
475400
250933
103911
938166
801741
985979
691564
48766
444214
962802
80705
899160
123941
256663
993668
67298
193230
547606
47870
75060
48168
561881
274608
731125
49417
99405
931165
568452
168542
709764
372183
901613
376565
726207
339908
994167
842936
430039
835012
694209
541186
40430
581262
430834
325124
136332
660327
763743
79294
961904
648461
162963
118318
263832
108042
505335
461701
134460
62915
816894
211489
738268
757781
292476
147661
177363
69431
273294
859774
574781
94681
730792
737311
953892
188447
679127
156155
714562
151053
621181
118209
969760
14709
289744
595300
998781
165800
520947
374913
406554
501879
955358
9776
891368
489433
219705
459465
671207
307601
682556
730545
684431
660674
111107
873918
43400
741270
109882
661079
820288
620727
311862
82569
407232
477151
783200
586548
580013
351242
825820
50971
753473
570416
102488
728906
151768
604252
839664
720724
617704
995766
207683
408202
890078
724561
101557
9389
786735
487303
881496
944518
348969
190121
152842
910563
706469
873343
989116
596782
99417
483277
159531
280778
989061
753044
770701
893150
735251
441277
524470
885834
104010
200650
895036
667352
971899
124378
67912
660169
886627
816391
473355
905913
914879
758404
239996
570545
380775
96055
563092
880179
845319
937933
881746
280168
355093
454464
952987
118837
963564
496509
647740
168725
780498
451724
401754
9325
736736
753624
227310
153393
565206
646114
62616
834186
22137
703038
303544
88199
796476
396028
524278
559405
700929
258133
360240
117030
237053
440449
853121
688818
773836
886252
425077
481858
206825
869586
750816
27806
200783
532284
928398
292726
439756
390739
289092
612188
413436
266926
832227
701490
732453
99783
383135
203026
594032
265952
948400
371691
503377
989999
394853
454560
530510
243618
572736
254519
744887
662247
832956
617080
766285
133817
821630
45670
635301
754912
294302
631805
288713
589510
584715
903020
209642
31260
512185
703303
715054
214451
523432
135892
792650
229456
314359
667622
656432
810784
29686
688287
543234
911840
469870
574433
879673
757911
635990
12409
74281
568711
469417
592916
305242
879272
964420
170453
811005
191804
920190
574221
703433
206476
583991
910289
422567
699582
38974
637798
711084
380460
414585
971416
189984
343737
187045
222165
352074
238863
39510
623983
241767
69415
685938
618016
109565
134241
318142
37233
603397
993720
243536
253651
991101
87282
320864
49139
490133
622734
754624
451914
975001
764015
50186
554532
561183
314374
223878
325640
843647
220229
121646
153338
782744
914407
374213
894131
130601
109432
804827
529875
836493
399776
850468
263431
341770
720165
969347
541022
96531
74684
474827
988418
940752
554299
323553
92927
149811
996411
6997
501624
89498
316584
781457
471810
686972
407473
993030
169760
831967
280162
792925
219052
267822
394166
395076
845666
117845
109008
926701
341426
218253
476226
265130
140238
472217
876309
498697
661243
467706
429938
426929
552616
342439
217341
115596
319167
940071
681570
855236
442990
327948
760099
742081
365707
938861
825821
978768
447905
102981
931443
928458
324978
307202
486521
117249
586283
784745
302287
278078
810721
849052
940716
963255
496030
362989
123720
648004
551648
232807
94070
47670
269873
686968
998857
372305
643732
879865
114579
815975
84315
377864
531666
300310
146253
876133
600789
88542
184303
751343
817463
398851
380358
679752
757315
512332
530011
868671
904729
73096
449881
385670
24594
92612
410314
250244
508015
968648
446411
703662
189402
489359
262873
204683
107709
340146
747595
162650
793502
237615
240145
755196
208870
613777
929237
144729
513663
701884
27736
758689
702815
596876
520155
401923
200613
801832
516952
769139
800956
647094
338035
946562
274575
351185
263861
244788
37626
776018
911090
521205
264953
233390
475476
637821
136482
651499
735197
123996
1091
231096
355979
946063
882195
45648
540778
132908
957486
651060
553747
144293
295679
243505
355282
487119
435535
800940
623343
107456
461408
943600
814006
116671
193998
744426
528940
658697
938045
359068
640066
354335
580099
910031
97015
921518
715810
853017
936076
159255
166598
250576
777479
395670
332800
543415
746286
618939
770266
375746
391126
318739
422154
280893
770083
911240
153148
242251
377916
670040
431157
108801
821629
696170
305424
138398
309473
246096
442709
279548
631869
119655
850827
88338
75531
901025
83643
854291
719024
809209
961076
393710
375252
558955
498615
352679
49300
113159
94466
108834
408745
35096
882695
630115
815215
839405
656397
440939
550751
549561
622658
118331
375022
965055
94938
934601
566663
552509
705396
658462
591562
44688
433845
310166
110781
138622
278865
361267
501855
671775
156776
306845
671069
452840
570316
983418
722206
321173
688865
856569
101470
321167
610758
520839
622640
316016
930514
868702
51581
277992
747628
473011
829637
917238
742684
325110
785893
440020
588084
456319
512118
477356
879230
162831
176146
475003
838420
464382
593590
106113
389327
503047
180099
932770
592108
126303
180317
610906
342151
68600
39718
183768
93359
17833
393953
565850
855875
135733
241405
369154
298390
650608
704043
324734
179191
510588
899642
534359
633051
617137
704721
292582
579414
538952
930149
273186
959564
731235
743459
45932
563787
523563
338257
491961
557827
76715
741412
377924
858704
272216
559993
85677
906465
938005
54255
545547
164713
718240
134004
254249
713664
113807
651067
82004
114868
22302
923867
511702
176625
521664
390679
520653
367325
337798
232889
508775
44928
715563
390268
591009
93113
954487
355143
418348
266652
59919
554190
92802
1061
20638
724259
767979
432021
799580
368263
798098
193585
287627
18569
624760
896094
599753
140205
166377
87601
915245
90161
947512
762616
961326
960461
152332
162530
542657
245310
424755
485964
464435
753254
333635
562899
598705
78217
157810
225635
755380
583280
985301
457774
657799
420656
172339
500278
911365
834054
368336
206797
68506
541674
688159
607120
314759
687779
561970
261605
460073
218909
761708
261330
186519
164474
167660
528780
882166
604606
195337
795490
131204
124001
588242
38593
706979
272785
183841
217109
595117
177739
468001
372753
588712
208927
627124
891552
226002
557982
395990
976300
548846
494694
94670
396236
211868
772998
799933
730234
266032
765053
660259
740410
601612
988909
602718
409001
119510
474259
16135
368711
617896
119087
134634
56857
845865
942768
295225
22364
299218
89445
902295
797524
61842
650364
531349
399947
462896
101523
163052
95618
615685
429698
997739
570351
536950
789419
46121
203536
445666
666298
76110
939891
673673
365440
361514
305382
746251
530075
643270
62246
702577
757435
212366
98530
599127
867265
423312
588864
538806
194592
101073
268112
818738
751980
117982
573808
988687
327468
853764
424147
947346
994440
700345
780569
194574
284867
560302
843894
744702
889920
852367
407237
931514
252115
252518
558868
629419
712180
60381
225901
208860
768686
375146
717426
934505
963802
759506
385262
887193
22008
543249
529423
84277
903760
811831
894546
980260
595538
162495
457972
243587
913780
380503
900325
378392
979289
763409
607228
203510
65379
875597
56249
170088
947206
530519
308263
264147
372269
286949
152609
149341
868833
646
704154
613261
913217
203950
913311
831509
418820
644469
617113
953862
988806
579255
114653
782670
643650
202505
206843
706675
64813
392262
160356
313405
11055
217287
359605
152496
390372
782519
699033
136359
591686
965853
547231
733920
920826
903476
603273
470420
533814
943434
636624
597100
629442
420650
357336
132742
993881
95822
953961
671999
69950
472310
281161
178185
731068
119416
224843
388646
155126
6585
685232
841034
560383
410262
927810
830680
355493
822718
180529
274727
328632
414352
464605
536557
774247
949139
821957
861641
835585
842113
42809
882075
23420
941759
179658
576907
108287
782605
477369
121655
141199
885410
477803
276198
506228
531279
80960
224887
11110
905217
314151
607215
180988
184941
512815
843064
624295
197964
643795
156246
935048
870994
85514
947477
72531
842092
149758
774481
743822
495449
846612
100663
199202
690538
29218
362565
115063
664927
137755
442311
287592
704715
964242
683561
380029
362895
378858
474518
826866
155144
226999
187895
205458
897565
719584
755160
302
873784
190256
947564
210874
103698
806905
299367
739845
795878
481556
305479
671130
278331
700314
637325
114569
592977
72725
142955
930260
541063
603804
275226
344137
297084
361700
428211
727389
311799
49711
949644
130914
136149
154596
484644
241316
795896
24039
351590
850089
12530
816969
490265
506890
450821
596521
590874
984352
901652
722930
561509
378271
149419
485576
374007
716707
924301
512596
906762
252039
195856
514981
438567
416658
398584
79109
497975
236140
660780
973501
47046
735472
754850
202461
576632
298000
499059
668084
287981
506708
547949
653195
612184
271998
78650
914867
467495
977440
239879
512182
732026
700951
686259
650917
882348
949672
799139
547964
973681
960821
20274
136755
198936
683867
978758
681892
366063
322219
441278
615763
623237
331396
392903
223071
651466
554058
989774
842820
19603
103109
316047
954891
862522
823128
664652
76047
350435
842587
244634
177708
479065
186005
222725
856415
395444
694962
700193
976902
209719
12818
836673
943549
329143
928049
512666
698546
259636
389821
696869
38272
133512
628482
854263
684548
297663
276583
306735
649529
850760
516905
984363
254640
108612
198928
964082
737595
943156
792373
547812
951351
513504
503826
304520
293425
170730
215030
655368
22475
235019
939210
475208
386665
773303
407225
401702
853535
226982
669209
295394
945277
484343
894183
260165
310018
74306
321332
326986
299274
71752
780972
18457
213301
146764
271790
173755
945408
931033
188181
618566
592606
992798
379170
722850
233148
513238
896195
369279
989963
377832
156222
588511
545598
521032
635560
259727
151305
823196
251368
531274
923740
498580
121389
55393
413452
289836
145064
640451
478611
810174
280623
198638
325761
188743
523251
183716
378594
255818
943655
832509
779522
305355
582099
357496
253418
25154
934419
687484
404807
991946
368099
36049
422545
714992
477909
542453
225910
133531
38105
554314
164892
508248
101855
237279
663427
521045
158014
858477
477210
258704
122121
573473
81639
705636
456715
81344
486606
435264
318057
278240
946834
2880
134967
402058
913404
836454
486155
176020
286587
485079
300734
448540
824667
570500
132004
675230
636488
248950
295830
184723
888479
974881
305998
384445
483868
877883
630079
836366
51764
939559
676991
585365
777077
941302
454051
645241
723218
881880
858018
880836
124995
28762
157620
761859
223616
907364
92758
978050
685141
524894
900036
405624
474285
480227
162562
665991
588155
492751
906916
734943
354196
973510
645869
434475
832037
516464
172197
631682
380096
579158
819281
923599
924134
126614
554613
889480
831507
11292
281288
748108
472517
806021
117416
16907
572394
91772
870784
353588
657838
219134
228695
500541
872802
562580
721660
895924
720336
182661
840923
290164
214128
193601
1705
664452
117789
609245
354955
497372
232771
523399
191056
383543
486504
811906
135842
161526
853118
364951
674447
498327
677011
889849
267447
965233
663144
826070
714743
913339
865768
70975
470303
541588
864073
251056
546640
439302
720569
660911
133027
370604
972108
353938
550527
243453
453516
758346
713496
57862
683498
880804
699463
170876
884565
422319
285530
142737
921090
549570
676310
491893
513934
792893
191391
648666
180488
954275
485201
611819
397634
975171
223657
923137
273756
483003
307924
679726
990903
289814
254778
529195
945442
115114
448446
603694
711957
81609
364472
478804
7003
520378
963192
422923
761219
835941
441438
386829
383722
234445
447392
488969
615736
419808
552253
729403
548873
387365
442953
871020
784965
339628
247409
114621
746513
489778
100066
89111
283448
483617
117187
644346
201935
74167
70626
757339
9653
691223
679490
223813
962349
773555
153831
662434
169961
938486
321449
288164
425677
989474
16395
808053
849561
871553
234889
935674
377768
133058
98625
467587
625716
189074
8655
406675
80701
283284
885255
82841
698764
352526
48131
589004
11083
704869
75999
147417
222415
147432
132603
851526
124582
160092
505857
8345
905139
769186
968846
564243
303292
450186
345526
202809
834897
469247
672166
112447
282820
221449
783372
500275
662718
52765
158571
16323
789641
710197
155299
662813
253853
611929
490071
740770
899820
800112
537274
713929
862904
633500
224622
533454
555439
875609
486906
619336
811925
740485
624305
990811
198435
472914
704910
150594
155350
42837
995865
727925
601258
254717
736691
521656
597152
527102
118238
505769
70577
345131
446614
294798
15777
725758
995006
853046
693127
245323
389987
148248
748398
88859
578305
895494
885234
997292
478153
211707
383519
702021
405012
144829
401789
378569
590869
803989
477930
279777
198825
202980
119040
356908
896761
493995
229594
104149
388155
739328
892212
954802
537136
558625
388688
481986
80034
86489
955446
954072
30455
750669
8240
507767
373501
247070
191023
732231
571298
325119
53690
806325
79037
14888
508935
874610
932096
675383
980994
914565
993215
802060
667884
646821
86983
837253
574609
705441
507918
88956
544171
389503
500540
611679
717108
884689
38249
514882
299083
763218
756750
687023
66853
725320
758172
499101
690604
896177
471764
1100
70312
273981
706262
959127
924233
821931
891629
495208
481030
123051
573645
614202
307400
796729
118164
943408
157605
297005
232459
271229
277829
713797
129229
50267
904069
314465
284847
881533
517417
993834
437624
980810
580094
153642
224568
433394
344379
844316
411177
334496
49094
487251
561976
269347
687666
60867
592955
203137
631065
761405
193464
368312
351980
965912
413571
904875
50921
241873
491539
425957
480297
469402
311639
685648
568323
398514
797599
777169
350142
609487
453098
304206
826096
74039
396045
700815
916535
152813
54140
428354
661907
900553
774808
476127
978337
386325
698894
432554
61475
242983
132870
930742
4805
122185
421587
558156
513107
118409
350740
246266
430951
206771
707767
363691
313399
688376
999391
53921
102856
899707
764000
574673
632321
924921
665831
8667
541722
503122
117284
544499
741880
547726
382034
110579
377062
430563
303118
803479
228010
49235
162871
426364
908392
725059
707159
915246
923904
71018
859529
654767
602443
464489
147653
2428
525519
852180
895626
62508
316442
665830
217634
345982
375906
192598
13242
61948
546381
63373
141791
383750
139142
752421
193543
677774
233182
488383
380337
474464
628397
845326
247132
260645
661667
820035
860097
670594
873738
615495
775519
755130
770477
251060
371392
365143
375927
704200
824925
923508
472064
286754
259706
303189
386590
531019
231183
674767
675800
704360
286526
245367
441858
87628
313102
694307
347068
134996
22024
444873
820599
348376
971515
521458
196831
796705
583744
430531
146470
532369
145524
500785
270232
395070
305912
923325
584204
665353
187245
292475
333315
814010
865763
653276
918670
857607
721730
196276
455165
596626
311333
916199
303102
320967
276686
232021
416271
199727
21569
72735
367148
375621
353195
963279
976207
931369
923824
970068
808582
992238
809168
274218
392814
28302
547636
682072
759633
692413
354075
693274
989978
952668
731520
408753
314370
227927
771351
883063
427839
934588
942371
969438
173559
502311
276702
26807
497177
123122
223172
239002
30852
109900
808508
176217
913658
538699
626786
575438
634864
556778
228573
853013
537898
894480
886748
698112
86177
509248
309936
78822
835605
245921
683542
811232
548899
921845
605902
702297
796340
342136
404830
119084
719034
329921
454074
122986
230064
621463
784200
444951
522372
869517
183922
728393
359015
225115
792326
598446
592395
122924
382592
405070
710060
503171
476257
292841
303507
844183
553885
523850
124744
737320
368913
565317
588102
790658
615870
955764
487571
793826
787539
819810
751103
232599
345698
237626
628854
755521
214686
773355
176518
303521
645235
33606
532644
234804
597676
74218
673213
417239
943680
777286
936041
806088
250707
253224
116849
487238
136901
591523
349361
925124
633444
870621
256089
413961
581441
285171
533607
250720
969353
813932
597077
605385
559345
977774
187755
146363
153334
517690
468423
30440
269190
104156
322235
179269
89186
407839
917893
261232
534502
93850
565237
333124
349006
93486
651368
430366
753714
702656
74254
774310
549982
50284
974733
70345
653432
755180
432327
856667
629342
228404
813844
233636
452528
786397
770779
151845
509755
612788
701916
369648
177789
527623
370552
386255
198925
91511
993857
581231
850518
206606
934262
436672
313709
518873
329122
352882
628944
529236
447233
169071
617541
592687
146427
665307
219129
951867
621867
813415
565351
457478
979362
195355
395710
727561
533479
478688
265696
98106
986453
761567
420559
168160
517743
739497
139482
376683
630321
770659
178111
401773
104705
567567
100138
70265
677508
677079
539853
975720
767335
495264
549952
608277
736246
647573
775017
786358
151402
506986
283837
445241
949711
400129
275786
209130
134708
68294
742369
552799
349920
648488
86502
894813
982535
249026
893149
26355
161440
618985
29555
536695
238437
250547
128577
810964
226582
703864
286272
674734
245005
695038
145757
907174
514210
492385
859061
153130
934412
16804
634682
150590
668355
684587
510855
262994
147100
980925
990007
955510
932710
394246
582809
592366
346501
281108
528007
598702
477759
249266
698343
508222
713613
470094
853371
153356
144141
382661
623225
795538
913153
299739
622416
775482
132368
941145
676003
956495
35815
617959
494276
622352
94563
821266
370579
558362
501098
692723
388438
169587
259568
281165
857677
148851
151509
10825
594851
772972
153867
320260
300823
103995
673117
670350
625895
664237
144353
424958
713065
597793
817947
933838
302678
709574
864316
548909
112648
735765
530022
407912
300499
283101
135845
900978
488918
919968
639316
386089
653111
558
494501
804388
239259
251157
290611
521776
549776
992175
75951
988667
92910
220877
579789
5090
288626
770520
731020
719192
30732
948692
289726
863137
574475
836648
71730
883296
677917
980574
551531
825679
965836
489768
349194
292272
972112
750111
376847
461078
375932
651039
491277
396913
804478
238742
592842
527436
303465
573068
363284
934923
408941
143015
994013
729077
810826
681505
826541
962096
980609
980473
509623
907025
556442
185584
88085
750896
999453
111350
25658
378318
482665
575982
240312
725877
170412
561058
218760
234366
607254
316726
118765
302202
266924
630838
96571
444921
623257
516899
366608
149102
407933
711757
320667
536502
40980
882183
377387
272096
63196
180635
169140
55553
810501
445192
530981
156661
178420
127264
645172
66564
924546
935291
170278
302824
271764
163622
773135
449197
455852
593988
941887
456265
737104
176406
623915
133443
476974
539388
720069
712191
673238
468742
572930
889220
656948
576506
693592
137176
762681
921243
963919
562015
274611
211668
260831
901266
537217
847933
199094
653023
457631
344972
719640
21789
154399
466715
556065
98090
384249
681489
699750
996196
495545
110832
955194
817856
334550
588539
107788
144138
62947
910786
801453
113593
694111
480395
676528
704110
845159
641439
721771
419401
877323
700206
24857
770792
399229
131231
186529
144382
73637
222002
402251
698066
868327
234053
811389
5644
40875
563524
316323
396322
69257
970954
361709
314479
731455
632822
859109
62407
621285
94078
814603
165657
114629
811572
240216
754961
40977
352952
109606
903500
930726
760990
261839
576664
596414
830820
568632
392354
382192
426212
346276
271086
758975
361215
87786
718217
603219
801828
364545
473218
241863
60744
276114
358455
468724
111502
42673
161592
527626
583781
124426
167999
974888
417872
744604
994494
863711
714502
244103
125323
189923
671708
69498
683708
543418
951322
546650
247131
134834
563330
14653
875763
710347
915462
132381
205027
376216
816397
546911
59138
801541
518622
395628
264419
125342
88431
225927
767513
849068
346113
349345
415985
280605
255783
668441
214563
282826
965208
967295
890206
788817
459577
75163
948254
238097
398311
190928
182731
724270
311906
520453
858739
363556
398839
110623
804296
444715
354851
985632
920188
607893
811856
93549
70833
281851
83381
574940
829902
225455
138860
459467
269289
302429
795313
526028
712978
903885
395001
109694
5114
192068
328172
603575
811007
602890
775581
631431
855956
402119
955624
168977
13206
579229
350804
64653
711828
680547
820778
306326
402562
889119
886219
1151
117145
613313
701024
35576
112201
452808
11542
866232
842693
798137
594198
636728
82988
860344
394470
178582
22786
233954
772348
477228
29181
122288
455303
210397
105505
840991
678104
70983
138355
679429
820228
852947
519393
60467
595277
271283
486605
873889
234168
807027
210064
203407
277602
574619
621264
145710
171559
909924
692823
369550
333763
183624
497497
657922
153891
821929
947489
31163
887649
249413
557244
209768
895485
713709
7541
975064
864121
190046
165000
370509
672164
248104
930774
375072
48860
404958
944400
631131
125339
455974
292027
787033
417790
404214
726266
848478
816127
160727
690833
716106
80177
537359
83753
559269
297367
7808
685929
291864
824253
999186
99065
914672
157234
829613
415076
887390
49452
143626
342589
638487
44024
267367
2092
800604
13012
287000
219412
374347
73515
870066
732693
865155
601565
79260
580289
312583
873062
421965
274676
242018
796227
981981
742275
889338
209083
608075
623322
380407
232879
534087
3598
752823
386072
259578
419900
109615
85057
906293
843746
12444
263870
872946
84009
197563
695918
254457
33656
920010
316094
162947
601140
451027
747291
506123
658389
297418
101668
69351
469977
197138
239308
984655
404724
493494
490633
904841
657105
480638
147116
228114
803257
162766
889412
791905
958628
931508
478455
921794
127606
515600
659236
264229
635583
813078
704152
209905
594008
164010
625641
941029
301789
963590
640536
769808
852148
802758
203866
613633
936631
29706
94022
621625
967294
414701
164207
431767
7299
934816
357610
297482
184993
356557
537054
932816
158326
48435
581810
925653
467709
366909
272395
671023
178769
679034
257329
968827
751521
816117
428462
169186
250619
842798
812745
927368
355037
949966
544555
260226
247315
142112
410496
505018
505881
751840
302040
701763
786166
936658
543965
394812
168081
372471
780009
786411
130397
812387
358827
640689
811040
233693
267702
268406
511240
737961
458725
265767
450867
625693
757653
553506
611275
646951
855494
57625
878704
847050
631876
264248
752804
153980
89797
550594
549600
648147
97991
239627
820225
849612
803220
558604
43295
44920
616039
165798
208702
631556
521897
782710
796830
7395
185364
630993
298797
996506
923193
239132
356573
938332
846603
989520
237757
818228
709678
952259
270514
789839
783833
138542
292783
405004
698654
530280
634193
316720
665740
566285
840399
575409
342153
969076
908288
958216
952981
472895
869474
872130
945006
48963
446488
778313
373447
85433
657831
122989
860496
932158
127344
397509
99494
156022
633708
1755
238708
861793
672886
870006
560262
502192
199812
13081
590275
739940
245311
67220
653445
223646
387061
666050
979744
168712
172007
129933
431045
158149
730155
490248
538564
710172
630812
732542
963633
811242
473973
741576
90031
498143
994183
786984
446927
699171
899162
490737
375880
952319
345105
941300
921937
14213
478691
214736
560677
622336
955509
29867
437544
16758
244372
951091
369770
885634
84735
210768
87935
44838
629377
637894
361283
160536
241211
738233
773195
137000
324464
744137
518313
357141
772618
380911
460797
3081
663219
317637
326545
591948
249303
164272
550671
343396
379594
916832
472087
299717
412853
199910
278492
317557
800591
748880
14419
392089
924149
148750
295809
109792
473291
866411
90384
573690
904614
594939
502059
33303
19569
431945
552765
936995
45125
740374
680453
882031
863264
167981
223870
16472
146012
740210
98377
41840
786797
297755
415992
878781
592695
311167
198137
362715
873158
302493
812540
900027
483841
839824
24032
227539
361575
828352
853671
206722
624598
128732
669044
263540
285443
792664
98442
735879
824759
613613
895047
711293
840903
565267
855068
541064
514959
843732
828083
147134
675919
304298
391604
12942
753116
26254
194582
968724
969452
104291
6497
901292
154626
894053
480525
975874
618166
493282
394193
366781
932757
943669
872984
971814
385693
984981
956928
879112
685933
836085
241783
803426
775315
189149
136365
327781
55922
650469
59675
759939
775844
653543
858046
919829
52398
830796
413997
933649
509127
949993
913425
427668
378385
165868
192716
381902
875659
800646
45121
553113
102435
11501
47651
383978
65067
508269
499744
645314
919761
294064
413264
516312
884638
687343
11383
601236
100105
740741
672184
838006
669727
747033
620046
822288
472741
783627
404603
444993
762133
796764
394048
1798
455990
672756
57611
502493
228712
996697
794157
987556
930942
592605
355365
456012
747180
381279
925665
165450
260976
845417
457544
306713
181158
185223
33345
970148
406174
142307
754406
78370
117263
816865
768804
886839
79636
965713
641027
6970
219143
535934
905364
927378
104633
715299
121398
797625
355531
741181
634436
606498
28332
511676
213343
921975
294063
213907
492947
275591
225646
733096
304143
722083
628035
581200
546080
6146
971592
753629
524015
131302
223572
356534
707461
151789
583996
601984
143864
104164
483285
380709
435420
623309
663512
533563
999545
239439
243638
652555
360872
630287
861768
142799
398896
776242
470053
909676
386397
839412
519589
492779
249177
859088
34005
899208
846560
729924
846985
352263
233461
676600
357837
391431
41503
525343
627772
132393
784765
489392
601900
797592
268299
649845
109497
925988
932861
349583
906646
112066
450238
329015
48087
396266
689040
669661
257614
262968
212720
214419
88961
389809
342255
881954
647445
6884
311666
196407
45273
911020
159234
825723
631661
628947
71377
331328
580622
639569
230154
351575
127
44082
60243
941118
505109
641890
856822
406750
95184
181689
494451
527406
100913
75583
536045
786440
169184
624916
150502
725408
351218
178720
32357
469812
201286
690832
737246
636450
456809
611745
484429
880618
743123
324137
132587
139235
214376
357872
230339
675460
512419
37346
76917
863054
943855
76775
528458
779360
43061
174881
99979
86005
991535
811607
809634
449829
356120
410323
839653
15795
233228
895415
565048
416361
410451
882896
604175
516916
471663
713413
206543
551636
691110
793297
734333
636254
911935
288719
894
551448
431444
207663
731177
474366
946413
43031
819557
568973
289213
152160
642637
335814
513990
686098
455284
4145
795191
466970
714188
910421
668716
229807
838468
367361
920105
749679
142212
758116
819890
165552
3372
898732
902188
658850
117108
526749
804765
317001
492648
497276
8201
839582
117981
222527
460408
530963
964943
249700
479455
848884
184152
307550
860078
545833
21071
148278
770968
687035
20287
51572
103719
633139
820451
563710
875679
67539
742536
121132
731037
476473
744915
247809
658793
7130
990708
19992
407882
834728
621693
80791
888767
291610
548426
389779
936189
784041
563805
900201
597671
235059
208808
261909
918515
460081
791255
408007
351474
161388
398164
426596
832926
505745
701183
999845
78427
83364
877822
171754
779224
664865
324597
275049
749406
875331
158307
683391
883961
300130
148415
673719
823263
120200
232577
144892
762835
635432
557806
109987
843263
625950
795892
817266
363174
605986
716058
590525
73582
765350
94134
319564
646925
421471
923115
748949
48535
168971
775085
932092
912114
31960
45739
817534
917212
469667
231323
872065
949393
655958
40028
468750
966920
370829
755799
899552
546877
381534
853916
583416
120921
871993
263372
534849
987627
181883
551647
16248
428
849522
339065
841980
455926
913356
287940
697047
851118
592071
910804
259159
215694
335744
468865
631640
658207
493717
516975
477323
604240
564083
165802
36838
493162
828102
236817
454490
133366
598907
583603
907391
957207
712518
644356
28314
35618
540077
322970
401184
113244
701734
580336
901317
718288
817661
455395
160044
887171
643230
135657
280886
202497
210615
281323
609492
29639
134230
618926
824618
723853
336157
175647
15931
866545
20423
451335
543497
632982
97042
186947
823939
153974
29774
426570
625985
81503
566498
248007
278479
753906
207903
989236
741139
69751
161705
306765
416520
248587
977864
405706
793612
64270
890933
986825
554
770683
694335
27245
171737
97436
827816
58709
163068
530641
61160
513960
807350
616687
850627
993567
98910
271798
865729
53613
911792
946190
694858
376339
132912
862289
200369
145994
542012
170969
605951
479354
39803
967233
760284
323696
513925
498683
692371
596212
696442
680845
391198
854127
665015
978129
472635
261290
138519
377042
104770
300698
905636
753394
990168
758515
349720
935533
977399
678810
828513
369024
691568
290337
75088
140121
396234
433750
849034
258641
218572
51078
160846
270361
932088
513944
665859
14573
843399
249194
359418
422835
159607
439031
489666
378539
155631
79253
724463
655890
412601
123827
962447
809355
439341
402660
481668
306752
445769
294337
886965
61903
158540
997665
337374
962826
112006
21220
179017
571968
916033
344902
408791
298306
840471
688766
151831
74935
232057
495504
29244
961484
359695
704287
523957
446573
683763
166068
438005
283410
684951
626310
772312
937599
144592
206933
383048
196668
972708
673526
643107
298030
990138
758687
102778
898758
181136
5628
774751
597813
411857
748773
571208
79477
944742
525220
512148
634254
997238
893105
677824
225221
862237
168405
868259
641534
564828
81264
824592
588891
267758
143710
744842
210923
872865
403634
970093
516624
224083
669540
432240
339866
66528
691909
954113
685896
546072
314309
251687
382601
661128
675748
544211
631534
735323
284240
290387
417206
126019
856502
178894
318275
359379
940799
841517
884155
168719
687235
644163
181311
240860
349451
219463
222534
829206
370305
513660
809365
995456
229174
588465
256733
761366
757456
267556
210289
314879
358798
494466
722402
57183
601786
944778
907833
923208
8682
396559
667920
137202
741980
698061
936893
549417
749425
334332
212189
257494
582764
976776
835187
403448
65347
418966
979723
141743
964334
637823
712751
546146
907431
551154
947502
925879
40702
729513
570783
424747
506131
436026
245422
840703
905488
584460
395071
910719
467990
731550
957814
688607
299702
164862
509697
593096
716843
479030
530131
166508
275118
617016
808342
241435
821057
993094
406969
559016
516922
20883
167971
154265
828112
717164
721296
509313
829267
213800
340380
490644
736497
835718
7485
234574
141383
838650
790423
740729
327372
408384
14530
144784
870672
10231
628021
932299
476480
415162
956958
961142
903128
816862
332595
761094
420289
394723
684550
987676
846308
653919
638096
576752
177832
677135
193703
964859
207368
944835
652596
541481
751096
461708
764508
214114
272563
809677
991866
829502
494983
935102
268862
618196
990650
260108
669281
29616
344856
674526
8900
108706
942771
848292
845299
664437
872295
801916
651699
915964
744405
97080
376434
277845
111953
408829
554864
503654
853231
972135
515077
820745
308032
161410
434780
294110
545333
570674
484459
197979
256963
727317
750933
627387
737370
432678
106279
188330
87890
120430
661124
493541
89293
972211
731454
503518
2299
56445
99825
35132
523977
96141
528884
271087
462672
580681
123129
358721
31961
38015
852206
829973
884376
864701
666336
195553
5849
704955
960201
832409
392186
857004
610673
691103
149287
87007
366445
251661
857412
724899
560507
244533
878724
244484
86207
365802
780850
395313
515076
832677
302629
884992
1228
799778
706926
888904
487931
810142
867252
384931
982831
676512
610178
993656
396303
880859
142117
73557
133534
509324
85943
551041
791306
593796
150081
810219
274535
95832
799748
755889
464519
169659
869244
644327
778786
994612
551122
184665
570613
878758
604955
306346
970533
112933
657313
125002
868096
266084
604581
731859
991651
250626
36230
462427
135927
993389
900237
938251
17042
137184
705771
961151
645690
434123
499458
519678
657184
92088
518255
381603
420754
620786
243425
878258
528626
348186
660499
171709
397492
692320
805473
108137
648695
922763
5424
449378
235861
175688
715047
146640
994171
964896
725791
186740
911086
549863
343407
491447
72911
726669
361846
680023
681866
513154
224352
171457
333311
127954
425784
329404
471020
152244
440424
810762
650447
483969
889247
292443
771610
624953
882539
373920
517934
790917
363280
157495
7974
465295
957133
83219
857444
254897
237454
989059
889619
602704
604770
491149
613016
145352
765741
912611
160266
631039
841416
515900
884662
656051
453028
181839
508523
294733
252213
479395
428393
344377
15918
295061
434287
740081
113852
944739
114259
18054
688164
594776
179241
387681
105825
178571
988856
826923
470329
977137
703261
205406
467693
736298
308464
538955
600702
65333
23093
370644
920574
272576
893780
88111
834552
706715
926217
670803
644140
894232
33241
218976
55728
18349
831082
286554
883204
680790
622305
952841
877324
967561
548833
340841
290883
272061
361662
967905
636616
944033
106605
593226
690148
364029
320730
187933
633067
766822
733273
752382
604155
740317
685812
831903
464354
835270
668771
781010
645660
404288
233113
933423
960889
261797
855995
269214
690845
581407
656747
855618
114465
798949
530563
791320
628753
984798
959093
405740
113184
620048
589418
793669
146165
463377
499532
588586
100327
696649
52804
642889
754054
154839
956689
118272
140254
272049
129009
114882
615237
669791
536198
606963
884333
913610
530203
349848
169492
629013
525850
946278
391522
304490
238354
591226
458865
407873
673718
36597
389249
16138
147618
778422
274525
110882
558214
109765
308897
798743
737249
398907
126223
152906
741434
382550
558072
353306
2006
300460
160580
152162
675923
802045
943838
361752
613349
382049
105854
754070
336426
350112
139284
915061
281515
503520
461390
774677
713201
816710
423290
507330
182181
136395
207505
701751
292371
64907
561808
790715
743642
35610
321659
721634
23370
293921
744834
910179
57503
537766
213192
603636
80271
195763
958270
303488
526147
877742
853986
822357
966804
445331
61384
188198
774611
170581
299203
890613
211030
728418
99792
368875
682981
592527
624103
93300
97277
191224
411994
715962
401383
130246
647634
418166
471009
117144
180048
367709
4803
962624
8328
892394
823144
572466
936814
956771
26402
744150
674541
399228
871624
997724
290008
484530
454606
407379
237510
69808
230225
92369
545945
791817
931110
120119
469217
369216
814553
257823
300805
611297
464570
385051
314890
742149
765133
899323
265916
456823
366108
308864
565872
187812
192539
897550
40897
750099
205196
522557
349552
734877
795675
432609
734063
417235
994467
772893
363969
55764
794432
935870
135885
126521
324721
435848
298607
93096
415451
745574
683638
789760
375872
134835
762229
273870
38819
269303
730063
282364
515078
433217
921145
142228
17570
583119
619800
925783
810654
772004
998649
74599
410072
58593
741998
970014
814931
206057
730548
905135
355827
447961
812098
806506
359316
519829
336177
717086
489607
163326
536775
845801
682785
358410
498402
294407
705597
454535
598455
380241
730593
844523
47838
811180
558680
842683
595781
879991
396251
677514
321633
98280
200748
598568
259284
902742
58651
947148
277993
671387
143477
21839
308416
288565
261107
553290
884139
21053
662123
72237
562486
893241
128379
287230
62681
314638
408208
32346
211238
741918
393200
675273
728752
719146
619320
572140
314967
236627
109617
421497
483266
944747
433815
813636
299686
306196
966665
352391
611537
874239
279844
821862
503065
417580
539032
854730
907185
85732
836182
726461
207805
588933
337026
782196
568667
852601
289911
609584
983490
762618
9035
45472
761396
386009
336740
224819
960027
919923
730767
222908
253245
22610
802458
261127
793369
155062
369653
602429
530529
708305
338440
637036
191879
589639
961272
435150
444287
509770
17205
175346
412892
197204
203185
669580
183703
409344
106411
985493
822703
493993
35296
344938
981201
740612
713595
497657
299647
630365
850302
907513
625454
816115
91478
44507
796027
786122
38630
424951
619779
351458
407651
743504
9024
65003
677281
819026
459045
874464
473101
959417
921629
205789
229702
34376
123431
397457
491989
813106
757509
455636
48147
20555
945095
322628
20947
193079
245175
239291
894688
522790
837109
234982
621333
623275
988102
306224
277962
810908
88423
989154
820002
352864
518969
290349
859085
479814
908761
962070
306855
416515
935038
562174
31430
577500
704205
616177
502970
160373
503227
465971
138327
532175
240123
336751
426213
828292
56975
573287
631548
371443
749877
332035
530332
168039
637658
341746
211773
401895
921711
616878
790537
774184
427910
998783
731404
334239
293765
719936
734226
656220
392723
802645
93384
152975
908260
297382
432672
280289
16456
493786
600894
752799
667839
689963
33824
959959
749647
555986
968756
175801
33712
333540
104738
209476
756282
509390
15554
934718
952805
945138
199686
969545
534517
713688
109188
811331
458275
920986
747443
494013
551688
904072
295884
947903
207973
299850
834842
767537
194476
114872
321945
188606
925747
281416
454602
36258
359318
194917
762448
55452
722521
898000
19281
854937
507337
117006
650828
95475
860207
430660
470242
530274
109386
201338
699292
30971
20811
113780
289924
898936
405231
479759
974572
525862
453114
919287
329431
831524
665518
879335
63494
556215
831691
335952
570196
198207
766704
586585
262548
537592
343030
139251
745019
780828
250378
193067
198822
161382
665879
952285
515058
432011
390098
315113
724992
449093
751925
993368
863291
469308
199928
858759
517625
931225
400618
196167
514332
427716
679882
93437
366257
771327
132299
842459
108810
758231
805148
753702
817366
191734
860179
226524
493718
482485
231689
424400
276068
882890
438098
356517
807086
344112
95407
29517
165766
529382
726737
910792
656609
253577
468682
255942
769834
544301
59331
98733
217496
602917
947578
786613
624606
295811
739554
579868
956888
405662
364663
779438
264387
585680
708866
18520
310003
68001
330851
966404
766276
96649
528081
967511
574637
319784
406175
451155
436642
568040
782379
797007
814059
518254
488392
90993
845066
851180
474310
738489
203980
11795
194448
768197
511510
433935
296826
432487
826274
503919
678360
183775
342443
753742
118599
530254
792129
425058
420035
561141
588406
386641
813194
403512
117170
856197
166240
773949
83064
594501
303708
234706
939467
731822
288341
658679
637188
125742
877760
711731
931653
248906
48067
476958
656724
93889
591648
409721
338641
535803
821942
320902
853120
788540
301291
552028
321872
781836
261320
382396
818660
479481
28026
689680
989164
722409
775485
830776
306803
125973
353772
980537
65798
572146
657443
125519
694731
591159
689288
441021
538338
349741
718356
819550
496928
858595
773999
179771
578335
622049
518943
707035
483053
780409
500370
212688
428236
877846
673477
221483
501001
113470
339000
629805
796624
923855
831573
588681
399725
336647
740782
497986
349074
571195
497938
565501
975352
848812
909094
342031
429653
329585
895830
129360
133972
714163
222312
626606
441586
369583
98045
825067
590481
827530
862022
17932
30261
412945
801630
315907
383818
834593
517178
547718
318880
256547
191255
736787
286332
945634
337960
60674
434861
515426
220499
319749
13760
435939
381484
470776
280696
575202
299681
592412
148994
839056
290514
195090
742695
599349
102797
877330
86677
250657
740468
286791
765727
24993
275884
536916
985875
700151
66323
540417
284192
613412
703167
224525
143157
21287
208610
15373
417046
900085
415543
677876
656404
848170
376860
160040
896575
140920
845667
269051
173710
276641
555905
872289
489895
131607
479047
416885
187188
206439
30018
934248
342900
682150
397011
52208
33846
499704
690623
477073
373367
301339
632133
475494
808301
396412
68084
424247
481579
700675
403335
656865
709570
447195
963809
90316
332447
922607
106301
984129
114933
580751
56686
544751
326575
203654
322708
347030
677670
210095
903465
40756
155091
331859
762531
379562
147182
391059
919080
863112
604400
997451
563289
780426
803879
428905
803179
146010
755054
592740
443828
179246
689795
991885
358725
87400
329145
780311
570246
338820
790844
931248
772388
39760
358103
706402
914744
31156
553688
809808
820809
647776
573284
732195
160174
231117
881339
878429
657429
194840
419846
314767
509731
752184
39840
442003
563406
866337
364913
328259
632149
982888
253137
189911
809616
379914
616841
662343
553844
785322
819087
125441
457995
553305
418169
343481
431575
85916
190528
842026
782329
101604
410470
138643
805333
215105
587515
764464
3279
402201
257551
35690
710675
65933
515408
211250
604672
444044
733103
821407
300663
512972
441920
380708
277731
568091
663629
665264
329935
543012
38216
88011
182434
735993
363526
39439
815634
728880
128628
648473
60454
760424
878104
740197
608617
687908
536327
714912
595433
963609
508343
166123
483190
969349
479682
501612
117415
42036
7232
1843
635576
266490
982091
657479
662387
195345
359651
593943
260620
466667
4811
515577
221941
61657
149449
325734
32078
389031
628592
132362
320368
722547
689340
297847
633640
147277
990207
416480
313489
711244
515255
704127
416922
387448
265500
17011
282533
986433
636093
768720
803444
775716
348281
220625
449711
69223
705960
495678
488257
449083
160400
987426
925207
596421
833299
715931
409172
738977
66259
843934
45628
478138
368402
418024
616012
336256
834058
880414
758923
64206
502786
644046
280402
523913
676985
701949
173518
938212
954173
504195
251278
840306
255722
577896
358613
997531
991988
604308
71303
646743
164170
159411
286293
628099
328415
439130
807451
696167
859779
641280
21762
526183
296949
65947
435129
79572
8734
498847
59313
804064
941411
859638
624185
289894
87028
755412
958261
858922
831829
532139
40690
273351
776896
395986
148161
187183
480761
924230
7828
134831
15389
786184
186574
820313
203265
798419
544332
198491
476383
355667
124029
167287
412537
291055
258206
839224
574384
756995
716264
605350
933562
209582
50126
167615
485172
834971
112235
432956
327567
566372
981503
476991
19479
88391
906921
485793
754301
340600
219913
98641
459289
435823
331973
528010
794296
759262
625314
825198
567313
317663
569785
744764
245946
407253
885705
213571
622624
987299
947175
75180
41599
254999
425832
685783
850254
143203
626568
447697
449664
616271
379231
101367
942690
525756
26539
771907
383282
213053
83279
331620
399146
593171
221123
942879
801423
469175
797683
419352
299847
188740
976261
865362
220961
443656
614584
85149
977241
994693
539069
179373
67594
208658
775600
843847
564017
97503
790833
24148
977305
45397
313956
239512
369321
987484
557500
232198
597302
450776
91079
964454
954056
550885
706091
263667
173625
566219
893884
133847
162609
301354
992327
732022
48785
544566
765997
991122
333475
921385
614468
671304
334223
144508
817468
406474
245108
207677
758798
297434
252683
677817
654145
545016
430851
292588
131831
88383
907759
951139
231010
932958
167684
796350
758458
318786
974160
809922
971863
150358
608253
377346
216355
148326
320213
881436
86591
863092
646154
822015
46951
815162
446262
614219
802741
307772
337674
432874
303111
908474
523433
644374
371843
483500
747216
280425
958239
292188
222127
657909
400822
251645
89315
890896
238731
327089
558968
471777
955499
304319
871129
466217
768656
256444
563027
650289
410970
72289
791607
175530
871327
701218
788595
388564
777068
815157
456590
980104
555531
945704
766197
974242
117605
623006
932340
180096
453159
577088
904988
843176
822139
234993
332986
149036
580627
859276
98240
829669
714814
879680
470970
815654
165230
785172
3017
572062
693038
883714
89705
984048
371232
119023
778463
288747
485932
184837
237282
958979
229764
631040
29681
682414
966485
751419
83860
942427
997146
71999
787349
518383
966129
357790
538798
659242
319131
776543
224616
270032
351187
730586
970116
544262
930820
961687
871068
284177
580510
225165
935683
863802
218454
393378
585431
589584
238461
780731
671248
445725
417184
725001
957523
633172
715347
534303
457246
807080
522872
179663
750788
861962
812522
138343
446281
582057
796260
622174
503179
345113
335460
948339
15146
225413
760299
742147
179496
328456
609745
368751
699121
576180
183084
224169
356146
751347
6621
83291
647215
945045
542022
287296
155656
881361
707591
215464
440881
629930
360839
334077
946916
363946
835780
710937
24618
797824
814832
789819
932384
690768
809180
612527
276726
137893
320578
520844
813955
593967
832087
774018
690134
77835
120966
672621
597709
585286
643422
485300
726787
589729
745597
100186
339926
600180
883181
177038
813478
391756
202976
605192
351101
453354
94470
5324
290371
3085
354799
904435
760725
680130
506478
450203
839884
958753
830678
214502
393511
48104
82726
796759
635998
375365
179205
578281
257011
212384
754787
336793
938888
575431
579121
885921
586088
664345
546096
403751
962139
895819
310759
542109
71203
208038
864376
660496
7849
245406
625118
305097
968750
235462
537988
166199
168461
576518
762956
12890
672574
667527
320433
381804
331274
499432
473300
570798
317488
547843
71915
297821
845511
304223
710133
427822
472680
774079
385511
572132
871764
691053
632978
181765
742231
26207
818821
560664
53740
357819
55717
810083
906420
286463
733914
14449
117992
443979
675986
354157
442634
302250
17802
656956
134925
733292
951150
248534
417778
364081
432914
485900
497966
975514
817047
146653
516349
79785
311256
203512
829019
267619
240291
828530
418803
265320
47386
453869
61509
849214
872807
653896
708915
695757
757845
216310
279016
374595
451468
30122
315621
200792
23527
935662
377449
434092
75252
489043
165181
739532
169415
736963
172761
505107
203899
622194
26486
912902
77939
402545
83767
137784
63577
12418
271312
775312
377429
35063
694203
212227
79541
775124
353770
563900
915283
916046
689612
595059
332013
352803
789811
630582
621622
769690
323109
178793
907686
332824
539569
398634
265185
24361
442066
608715
637996
519992
166978
202644
936427
977705
463740
323448
697482
771179
165170
642928
417402
718891
723879
974697
6721
986354
483539
915081
168787
211926
570503
549095
855125
294245
551023
268714
453588
756424
23446
937386
134263
541632
640695
165745
625793
332283
746447
449555
429889
503871
70610
889325
523559
29907
407271
953303
242558
277383
777397
646711
475815
832301
609901
36714
258203
776059
422707
641293
172653
815913
807570
47160
267306
794656
969326
542784
458909
814876
222327
337196
478155
124234
40475
303548
67044
57788
818419
912787
366908
285916
34776
923317
584787
472815
180041
998440
383111
271233
106438
79558
512472
817335
776852
796301
103896
464173
815417
211796
822383
230143
405140
943960
161096
364579
176918
894005
534684
359923
451745
303984
441497
974281
213819
393457
594030
339332
954735
316302
584310
126887
770944
843586
474878
181984
913867
897788
833845
463205
914808
758484
858159
217466
54428
870741
767120
175087
864709
993005
731847
520037
61122
430228
339627
717285
21168
497918
949823
728552
990478
963842
987948
326903
342008
442903
846577
867895
459693
276398
204816
602829
836442
754255
741636
228835
789360
254732
330139
954258
635578
414304
992954
355478
338124
313602
228878
892860
845187
924600
895197
268777
792313
867371
637551
960212
939334
625517
859814
599877
894555
925664
403840
76397
877860
115846
753914
406445
443028
769598
767215
51465
449617
550143
417607
641400
483188
524913
841802
210092
976360
605917
600502
575042
494589
329659
104639
224439
771531
634497
668227
593097
759024
765792
209940
223528
281859
639190
312955
344243
788750
136203
630027
418300
3109
701175
239226
36829
634518
947522
141599
419478
925283
718077
690155
670681
883692
522114
648129
369021
506938
993559
700003
1522
39353
996715
308861
904835
798275
265439
184780
97712
786866
511860
835513
321866
28399
266355
807067
44062
316185
86936
757875
84950
445833
762508
550608
393869
362866
179053
846057
576723
406429
771189
282964
435198
251489
601474
912764
185596
485730
298766
408963
317209
221569
770513
800274
688077
153763
141223
224039
775474
857003
214426
829947
89251
943494
423417
727415
962082
7747
376701
378221
949328
203367
552456
560472
150103
84908
404189
187399
863633
552125
173152
212087
600672
897032
191630
311349
775141
755141
891081
852400
902275
753810
357409
646923
674305
821045
379193
120848
491717
945024
590773
131187
919622
351842
35020
181831
873282
409139
29497
524425
567293
407637
977790
42753
740674
148170
267410
393223
405201
250135
43699
702113
615579
289793
951138
693853
625770
160435
404616
679427
98977
5280
303173
269906
483982
880697
455595
13306
97689
120732
867342
87528
749822
921328
797765
866699
524112
252044
928914
989016
676027
510247
917244
494464
528975
653169
533434
444635
964356
624616
862069
590736
949721
457282
960692
540713
281352
395002
978935
818828
207657
649417
408930
11008
825867
24247
377612
928371
672239
674379
633655
203691
509205
837453
913246
953949
592618
488621
927033
740608
617223
735179
362121
1059
52078
504136
694817
888202
75436
930805
245601
767687
777226
732678
888973
134246
386663
772216
67325
414381
268385
193459
341516
30639
937985
224255
99987
376998
914139
137442
946702
343769
425057
662587
111771
710760
217128
645124
768271
200122
255076
627832
58047
61123
807564
625030
809740
610430
175663
749238
31508
771743
796508
834749
964507
11079
688814
39404
29622
994328
386968
418702
138453
447962
581480
421679
569048
531835
478537
775305
129023
345489
644441
178715
668471
339353
199272
593068
453748
514903
452591
640712
619564
5297
471690
66465
682787
569687
551131
960832
266593
595406
551567
631462
93510
452375
31225
775427
811956
810112
199834
463250
414214
303490
820239
217765
616335
183918
179839
715924
698842
554968
909782
28222
612740
501572
836784
625491
467421
658734
494422
972911
104495
793412
707446
754790
319394
722554
571816
128387
365783
903530
473783
810110
599511
375151
279938
375080
303870
141106
81443
235641
521098
536803
793394
573015
246294
707204
78575
922439
217220
427482
821539
321278
72619
907878
150504
514446
259615
941520
526903
177015
764646
122594
350947
262059
569349
786086
724618
913646
354002
178966
83990
83985
472158
341936
726450
148902
644726
477763
849799
813432
124456
210613
80807
120132
453043
307577
780747
895961
391308
390896
316002
91325
469288
291377
338667
288982
932906
860967
699709
328659
382447
475688
672654
338845
815263
152122
585478
661384
966720
241921
887443
644768
265087
504593
205940
737740
386858
70977
755736
370633
927515
413820
262613
601035
997018
457852
159347
598717
217695
978267
14737
269277
415055
941253
161667
742226
834575
823925
955329
457233
122720
220668
548710
720017
897657
126493
922151
549507
353256
953395
65367
957822
609782
160269
279382
868587
460088
27127
415640
586384
93939
452733
847603
999101
724294
693086
710181
98974
574758
55600
897300
443533
359645
31010
829052
784301
753315
1225
715257
791890
506637
263837
927864
214234
950249
820106
832219
11847
702927
705069
373098
911336
9064
10203
900249
811787
498873
608597
857079
256993
28571
562005
156479
730812
176642
699963
737008
411093
564831
885654
873334
321117
763878
873076
60084
482859
131814
319404
833366
465394
653998
550442
67021
163483
375971
692187
638200
632627
894833
336990
844220
645476
891475
190552
29115
40774
566949
445580
197055
977839
22035
455713
97189
427500
114684
433903
399934
361330
860394
374817
335747
830136
240728
350835
770571
397961
555709
416995
587204
192708
117643
911817
848708
345425
328974
452989
7424
685962
790159
59712
193662
536056
190071
984230
757355
782630
218444
793456
122637
371309
388806
322990
636279
486228
345033
117102
433484
559050
985227
273974
497206
239112
500076
232125
732336
585228
262011
227389
727037
210311
883939
11593
644757
752177
872292
480461
40330
802353
318792
566322
779387
537540
552400
674989
69963
199499
656132
455554
774330
311488
930114
773310
348822
100052
392599
278671
721562
757329
96490
879893
699822
57430
662330
53458
768547
356717
487122
408905
589075
590557
768976
375648
816436
270154
483673
54741
709732
774244
381955
812991
83276
387799
814209
845070
717771
818476
158831
236882
887632
55828
328941
645540
970840
379401
876565
116694
615891
813412
947967
887082
795484
959691
756175
989351
646420
558725
264427
880730
48661
614044
786302
47684
384110
503989
73182
23533
672141
559004
544526
951859
286205
768714
43902
852303
894812
159406
786326
197267
420593
811742
775785
558476
685378
783738
762635
601952
340338
133023
87613
519585
135354
991678
310648
706770
332642
631833
667782
444090
775148
205739
156926
183565
924258
358693
58906
743307
939639
253714
737975
449637
601244
234203
140136
362521
128482
772071
486326
13151
661319
911770
868920
312507
635551
798399
516235
777395
449056
755904
694127
546715
304586
394046
356876
30833
1709
876618
968883
630505
105145
833425
835013
184332
127941
202591
333520
668266
82800
166721
763437
984462
968170
492449
776274
352489
480277
341571
399582
618501
260251
906601
322153
416358
219272
745645
110745
283800
289031
912123
335096
154493
113508
922998
613177
12991
876111
948667
614962
263464
442379
427491
481971
212169
361614
458443
193629
670120
886845
626765
977264
641248
913591
707685
902145
842874
499231
606983
258432
185098
359657
860745
205455
249408
444228
537345
611415
771661
380025
744911
236656
912006
175589
797387
933020
446459
697578
777800
21182
378358
952127
960120
473729
708873
318307
377407
654893
400804
810655
467701
842843
356965
959516
538261
405820
500920
551588
78440
773756
965452
295319
255723
165303
449416
992661
926304
296998
199770
341804
811386
813477
752547
586818
729301
961957
403145
516076
753223
910185
787490
978877
332559
678763
743366
868498
936010
352974
352990
532474
577038
814646
782322
386305
738389
694110
645238
66782
245260
420046
168019
980052
788672
347016
662428
870347
349127
287538
96953
409198
117769
140006
858102
734040
557339
984208
454933
20009
163703
571768
66841
895004
441308
914930
572268
163715
650456
160960
123224
932473
297601
647621
219102
569298
431020
277624
756798
185648
113235
247732
735019
285911
179067
481697
754492
212913
92371
519403
20508
554057
439977
181891
755205
39427
537620
677678
235182
581357
845633
374278
371628
6712
534033
397585
354059
245006
667133
482087
747094
719370
786419
182922
566548
878098
436407
627695
746541
180994
292083
547088
870885
511740
613730
507440
659635
742325
406848
234556
563776
414249
722573
228925
859182
348106
585254
136418
366031
314286
908376
200319
485941
779887
447942
497835
958373
640778
512774
986763
620227
873513
331801
22001
648338
693548
276606
828175
300754
750201
832283
671704
171491
892106
306930
591884
870535
36552
298227
111329
817215
291330
791404
803215
405329
204874
947448
366636
932581
653235
488140
451295
912564
458771
949979
574153
10905
671210
353014
271258
4609
84187
978165
131183
997664
97416
955008
576227
452786
177468
669291
499001
460511
787206
4936
424416
3485
936366
75375
683403
558205
395235
804577
871950
735332
236602
251783
300400
927026
646022
21543
753716
148480
365145
633362
326316
938112
459944
550178
640962
986450
32456
854243
198202
842547
89938
828238
817829
670368
948992
739494
463248
159825
640322
58528
142120
271640
692995
402995
421976
815482
576520
347668
466162
719924
865223
121128
203752
782996
510348
540074
782641
61796
22371
599345
238784
686143
128727
976012
182161
197433
654192
378665
137945
29314
921203
504764
938494
388948
443988
507567
824659
509220
902383
230650
275174
115112
618642
133195
941741
456454
442400
61396
755614
99353
36869
149334
191231
541795
227616
39426
142434
817769
654895
807096
520251
173902
944435
53779
724070
789821
425902
888927
153454
58637
51497
888083
143235
405576
447812
638702
766602
343866
701478
961846
345007
232251
288156
55482
403727
695070
686165
520586
311632
468823
911350
729986
811064
461631
58214
658651
899173
52368
19429
35454
306109
207956
284758
562088
426402
340673
616072
963806
724608
13367
41557
146431
185142
813158
772955
438002
465567
407693
531092
238013
518908
668309
372215
125376
768480
112406
62583
325797
330661
761634
225747
185900
620747
626580
190943
161144
224469
454483
685769
65672
947116
830288
48879
857384
222278
313854
388478
450369
568092
1835
52705
876986
201905
314625
984445
380300
772995
747963
495112
329647
886830
776367
739128
271369
943114
543587
244627
534157
168732
982166
635121
683742
822155
935541
976711
840907
956029
302759
757265
524985
431118
106563
746588
248030
467885
793633
29869
253545
992786
538254
999697
710144
743839
805977
789442
640673
225930
32499
460261
173875
69945
782979
125150
498069
11737
376294
840613
507042
708758
921041
894945
495576
446924
980327
478010
470714
385248
237982
141891
354693
347597
251751
579340
816870
46416
183464
387457
783735
437385
490552
191413
944426
949734
151590
646987
93390
951408
704679
149144
140361
374050
254695
437301
159504
866840
410518
348757
746095
898798
762653
286707
915662
58329
709679
392855
891768
189157
848249
444645
654047
286370
775687
487956
298321
154091
232454
591879
917860
916361
547554
254127
450323
893034
302823
712251
746285
751536
31621
9522
149730
698062
533740
842491
176775
478431
803717
503928
414443
533901
152164
733851
53741
537829
372151
844381
693222
295795
363957
82329
649794
767832
967370
182349
262309
59338
831269
393589
293003
597113
279653
951882
310422
91561
927575
726920
708075
255554
583458
256744
307301
507902
229309
587063
35750
735923
828613
723618
826929
451800
457830
593570
622802
413567
43474
963010
747994
505779
740622
909070
53256
559914
642790
792474
119044
284711
223809
950700
116292
328815
702479
125895
93201
87909
933022
750868
294628
272452
278476
135983
471658
927161
310743
767372
743655
542491
156048
192901
630711
541000
530351
619905
905007
476159
483394
616929
974161
231034
740938
228350
314863
7535
843819
900630
788334
596959
247530
805820
28718
510184
56015
927045
289233
818585
787020
209391
967156
724964
837703
877277
870321
742278
46272
739858
585654
176274
426108
308101
772248
192828
168201
426072
584044
591468
688336
54596
949622
298341
449524
987951
550988
403089
872574
759219
613962
511065
497249
165214
101401
108460
403387
216956
267880
387401
302690
760760
190234
946517
433274
401781
786641
750478
416902
360923
779501
968855
58863
170999
30367
965412
149019
517340
197594
751583
154603
561751
550741
144545
286486
905855
347941
659429
381842
395114
196204
756866
298720
231835
963401
695044
475329
174662
766685
613351
775238
753835
259371
946771
648504
373254
239126
226105
387691
611531
567497
515051
498985
796866
613899
731237
440182
384261
827824
89395
442738
780547
367524
227033
923890
182490
244495
780839
942039
668335
944401
612823
173919
785138
465237
939549
41349
263676
301464
449577
353538
314431
102008
430636
514701
755103
881106
109451
214546
828093
662549
692521
710064
211043
850221
115262
304617
83365
118446
665734
803217
192556
333865
389597
496452
743821
321737
844286
946839
409880
472280
2910
177765
657726
577306
399205
342855
914076
124823
605578
136673
5544
684727
533785
81079
10437
572740
427171
379926
398904
385649
760579
410890
340420
997457
734118
208640
215645
384562
997683
159029
903717
569629
692158
9208
176496
688945
439863
303213
397518
457523
584649
164667
427404
710602
874540
273579
739243
91153
496611
11844
483640
46016
421404
330235
638682
546972
994964
910643
237896
154633
898042
453521
497408
564254
13789
338699
413121
375310
467186
846828
10658
447461
593299
590271
21599
278577
92014
43685
961951
628218
68405
292173
642116
406137
612710
182154
5341
359802
861099
382069
856839
642773
798868
778385
956586
353173
62792
108794
52174
971830
533615
202887
745073
699653
429606
69844
896712
782191
119308
555691
292451
124217
503247
797166
188558
281103
648484
169299
661576
853480
161790
487997
951229
343662
810692
193336
542399
556874
636033
841524
728896
529781
903017
244432
120896
687060
910195
369170
858463
420126
833539
262510
659614
820470
780293
452548
20552
12568
244451
988949
877420
149483
541725
100621
368982
55368
189340
297719
471390
734580
423728
525479
979638
275775
927994
542983
689745
491670
136752
359790
156971
156180
336232
136070
479428
887433
245018
621644
511035
54183
256451
319636
600686
265261
20831
488045
888758
280955
722749
774099
189287
502666
506622
998239
69504
803011
287483
643257
764409
882190
998926
490923
922227
396472
832551
192336
732423
885284
194364
117383
609565
896770
573500
770836
995737
482319
882104
885135
602175
868912
284268
184812
702848
190352
723452
339148
176997
295101
792268
874850
770494
311994
946795
520975
730040
329699
670858
608634
585920
965109
565692
987370
753106
362780
486018
647088
706953
317965
586203
755183
20739
179356
730364
500780
304458
229304
608027
493492
116935
935589
685887
292051
264692
891702
111715
866169
737074
659533
840493
396762
334640
739542
879218
11540
79779
301159
716594
242382
963980
175097
816659
229942
151753
375581
73976
866897
719585
622821
114811
31348
231346
243886
284443
778668
497207
377920
13761
593310
230344
121124
963499
683332
757473
493998
473611
156417
695541
813426
943261
613122
199403
267833
891776
117177
122016
942283
55640
669240
682517
122176
915078
634623
311877
342760
968473
53938
623748
423832
552389
503437
651221
714047
858381
802480
41063
858244
308588
842908
158019
132185
806824
416777
924934
844722
774792
571281
288354
835391
727102
359276
593148
505172
29979
454467
896125
941436
625483
696907
843022
999407
939265
312319
138967
697163
207681
283832
247152
913951
924529
782692
489817
599674
303023
295545
80881
858788
843411
648413
540439
219470
661199
36911
354347
226822
248373
202214
850507
857323
246882
479644
386893
377094
200700
703367
432749
821372
905221
615450
753226
272027
790118
567862
428713
378875
793240
456254
771435
346759
893193
76845
647121
176143
668405
721758
941400
411888
809222
512343
782387
997737
459686
789564
801866
490012
570375
527995
118699
277989
964146
462090
165002
520446
606680
691664
259035
184268
484222
189162
298559
217283
117110
169549
327901
189052
108934
2271
7597
821079
429723
781389
512276
408209
573182
749052
817778
581698
159925
788567
422599
114496
883576
452167
80322
610018
688590
274753
339112
252383
266693
73336
730142
345620
117514
476212
641107
76964
596650
113723
489676
62457
984934
63851
548685
535017
876844
440617
472481
291701
488888
847668
922247
895187
309177
759731
657005
2841
216198
875248
823607
868027
335810
28257
261897
877178
77656
840279
163746
123753
643588
203305
240041
913481
490423
168127
33057
326102
507784
803890
160405
377325
879705
771288
147171
898982
268755
810089
695025
622799
510412
186997
712098
327075
945802
185602
483766
551735
171172
187821
694771
16072
959231
688221
349165
608697
588093
773515
886948
371601
105256
238603
312715
592534
880264
975801
942308
902787
25729
595590
135016
331589
977482
431872
722655
531525
613656
416742
969031
415996
543276
854686
89776
388563
963642
280927
332914
17656
116475
289398
336762
427214
782762
950716
639488
901070
882786
30548
344507
598930
900517
745472
677943
696124
955449
274302
218693
802924
540105
969587
925350
538233
723454
38719
737436
836739
310094
396706
216540
436222
215561
457323
871443
581728
781059
373400
132037
752792
96803
204977
408113
640235
600230
531327
48431
576571
757639
110195
873006
378589
182012
385533
387952
882735
320427
102297
138257
930667
142801
469473
708223
960142
98105
767702
447062
281995
830642
100709
829007
790740
743804
13333
653255
214151
894468
620477
260090
159162
361495
343195
493869
230983
418238
536663
913366
414850
326298
574167
617423
95419
695667
191153
534834
283097
703435
671567
962051
639213
516642
351625
317642
691145
668710
731341
345217
54029
481473
976816
583389
359111
200312
396517
795785
355562
28539
294683
747126
988201
987234
964597
463674
337736
781435
559862
558953
464963
421616
371726
207780
556615
959159
461934
323095
177337
526536
992811
192921
788577
414137
787318
64249
138402
754441
746226
161278
125348
364497
464248
163720
327095
622699
764949
896730
475541
704967
596564
716626
124024
96739
114001
486084
316213
733502
903601
651253
74365
703986
797721
557760
551351
711835
719583
234136
144697
187920
155112
842572
695279
457537
890402
891789
511056
681269
135246
997950
511224
189511
108228
814872
947243
606444
310349
845819
465850
703401
805613
63355
981358
389683
141940
117673
681594
664641
314548
134683
322699
417604
31554
824693
704352
217453
175612
726275
890273
575542
336515
505877
590616
295131
218906
837675
363027
958480
366292
292627
28537
329487
468020
802932
250322
291398
552755
257043
409247
241839
538289
990578
45651
710078
592083
246642
270451
199011
509594
794373
163535
372793
188880
178743
536099
324421
787396
1488
862851
470887
137419
918810
306366
2729
706773
981656
10035
629320
379173
653766
9118
543205
754738
397753
523608
127562
183126
11429
739358
72182
802621
31945
103838
363864
527177
873608
133538
32890
444294
592472
647931
88645
487223
170869
458135
171883
532442
948349
404135
633211
878614
414472
633461
155384
327312
814890
612139
947014
283745
414365
304871
620326
112018
346850
819342
634227
317385
933716
352837
166842
167186
580667
678699
143301
331487
518613
168571
658062
599359
78959
211070
373522
510487
520838
925403
272801
833548
329284
697058
705046
405368
99198
471121
796655
805493
791638
307981
119616
328067
231329
886310
650856
46836
660725
876980
483985
218489
367598
662324
988623
369332
41595
522344
577232
210639
459112
808685
997610
972729
226828
335654
858298
7049
514437
126928
812728
269880
386751
63690
940699
340493
921152
431590
969466
557323
379705
951257
502639
212994
574822
335838
209072
771108
655974
9721
330498
547412
413393
409822
729932
766189
191541
866986
981259
281680
570808
629977
726366
251359
25248
888282
876690
377272
405060
188401
927459
31384
175824
843907
784505
754384
8887
163075
104729
412153
940955
781437
48109
636334
155901
906426
51525
144120
99434
154532
828596
963268
723935
840297
175108
680093
160756
278836
475984
408878
320009
257214
329861
557704
617317
574810
417577
258543
361094
732674
97891
750516
157345
799277
845971
742704
713030
863753
656949
27518
123104
125423
834046
64782
860340
526379
816139
304468
689502
307363
813081
332929
599572
214097
9269
780491
672029
379368
243777
443729
616921
607451
961523
141773
330247
608051
416609
899867
506118
787202
186675
428400
889525
702683
535658
259150
141173
248409
212165
150264
820269
107432
113212
714432
123317
202012
107598
178056
871018
823817
661903
655120
218026
415771
99055
779448
527152
200048
878960
225366
253516
672705
748579
562748
31038
102138
47720
772226
365125
960751
459217
55202
828472
509506
931576
487369
362272
152489
687485
182043
157749
977267
710295
31646
755139
71764
977449
58677
680603
514516
385421
332585
111528
986258
287259
844831
489428
235627
435891
676943
436928
609577
60869
304068
796573
981145
242941
372351
577066
956922
145098
229691
956810
55249
527178
149644
286529
801306
65556
387297
759499
476505
37473
94952
708569
566478
634775
700944
684520
998662
276138
72384
190542
384211
294505
400647
40520
990399
190981
543505
979146
541475
934282
320614
693341
638499
952083
248360
524860
331491
745160
52600
771638
130941
216185
658810
398149
842179
668864
81611
807892
458553
609120
594271
94206
397155
987968
373971
844256
306401
986293
757727
392949
697727
538697
323142
658239
763596
484246
663673
583029
924879
57108
56630
111907
422882
548429
258687
111127
197440
243704
996008
495227
201362
732406
474624
278128
70936
828024
409000
724754
789630
119609
763008
344056
161048
132190
177463
548779
475207
300745
541262
506975
307977
630188
396974
998085
396057
809510
771292
389784
948423
288009
541148
401723
2892
853814
457729
693578
270280
708521
882419
495083
629247
143616
886438
407069
834108
790402
269707
704653
980272
428329
290256
41590
301292
724934
102733
170129
639542
496736
756732
175172
642409
180592
859261
222909
398158
161615
882898
19135
201437
652770
77760
716729
128722
324236
610475
448303
768574
164764
544853
884554
296054
855373
697588
168611
354501
198551
159913
