397025
477886
798636
958053
765093
478788
534647
154173
205814
270770
324250
463511
446054
730051
910356
44139
508785
157503
767233
3235
980898
585646
703363
657255
997717
667768
656927
290116
210071
71642
398308
638328
189289
428231
802309
136028
930020
646233
715976
63982
697654
393010
886935
451515
600970
520436
697396
319973
484294
256088
515530
491158
582766
222511
299742
253634
457638
881395
189220
787410
718036
344585
7662
360050
512996
862102
306880
952888
564389
199867
579198
727855
823569
30766
313734
480576
420009
671606
570202
359036
165247
727811
676086
140937
179981
570087
539585
744742
574147
911285
948318
688796
117598
266037
965729
625091
920180
559680
457439
657070
962572
459902
955422
187956
462633
922042
236715
925980
173992
127455
669835
674660
239807
372370
688457
501422
33637
65003
65262
419848
717777
979921
113999
697046
409114
425904
614144
125150
483453
93402
53542
562416
207229
183863
504299
441584
234277
203562
57994
409217
917673
31875
504266
87504
120171
140058
576903
765754
515929
236750
779307
351067
501875
353882
209852
864628
307754
448785
327056
906616
468964
276406
247707
691699
570012
624314
630633
516312
749031
268498
622439
713189
860881
819892
761947
40757
41766
230511
993588
569698
915148
314597
85499
523924
353741
940518
495017
174059
11187
951849
154323
440837
101068
285097
623489
972460
58189
411290
256476
735135
222931
893830
796613
204987
870085
56073
769154
315334
896148
900005
152531
23897
257508
144579
947555
545191
771269
606919
329306
562157
386842
408334
979407
259640
997018
99527
35227
668494
496181
164779
281737
724154
975374
281050
22825
540792
776807
49427
365635
83128
251995
195856
526953
591058
502084
707452
285222
160391
203132
283154
737170
482864
418689
723859
901063
701702
209714
938019
180206
43533
785718
62721
285810
388253
127100
46370
942935
845646
496348
633832
129699
138239
724252
366660
731706
295171
785296
848613
351496
283178
261657
336859
526806
397607
720781
365517
933504
256867
842359
205843
30590
97053
86453
524593
499486
465788
50816
575217
801042
724403
273481
790364
570661
15311
884222
879508
489225
193888
489451
674385
349133
285313
813950
215734
26346
385990
244899
171087
544828
86722
722126
790954
932366
695794
207894
883215
17870
18570
832638
228125
14048
133081
869264
369730
801550
540571
132259
433174
231516
731995
458939
611221
544633
412995
20175
877751
309778
651330
120357
227374
481217
430552
841946
939195
113123
679297
470846
204846
799944
82619
224539
74424
70147
179510
874839
754734
146464
400792
595055
94620
498229
390762
393315
196676
621521
882018
446321
456562
687122
630157
622521
912317
847635
383769
214143
541980
373186
812092
780175
515746
778319
286917
156667
830167
431680
784381
868224
8373
581025
243065
887431
78652
323609
152959
486151
500594
596504
582931
764359
230971
167981
996573
175361
973520
670516
594424
8546
807199
603820
873433
68975
726079
435495
18458
871489
872911
962138
206178
279857
60074
238292
596275
545870
552776
386828
780112
789835
179956
360467
46793
723126
895013
960424
852324
744355
319612
553450
586922
135143
22489
521512
397451
601216
542042
941269
620719
3346
558834
710359
975578
519372
795809
780478
970554
261161
470741
700242
905424
146259
392861
880453
955513
804706
484934
270279
131864
132609
815316
847544
749090
78513
701727
843769
747078
514983
428167
625819
687479
214417
936853
735225
177367
523703
219055
188962
713025
233724
111160
675502
4339
6979
600898
928370
429143
406254
737584
455886
389356
471105
789357
914787
364694
242213
660355
968418
191230
289609
106905
661120
259239
972323
379532
934725
174543
723028
97384
583620
8829
877098
128451
531365
17262
270207
361462
601502
890454
903550
40313
450560
702549
455558
611482
422445
727543
446822
121114
257960
315752
453384
690148
528965
245811
269675
676394
202943
647221
722377
30
329640
801954
611415
694410
661115
78835
523627
524813
755277
92011
658231
361331
187682
442245
581171
949615
279516
948220
970649
297656
794703
84790
182474
217213
730032
653390
387150
815109
754923
491964
302969
17319
755411
665124
135849
250211
890740
219512
754987
839324
260548
916746
906749
738867
97272
707697
91310
448961
538804
227927
391266
263280
675546
105118
205810
471927
214148
135917
311088
970352
648652
232155
557447
707543
157896
138550
562113
283617
147667
690031
984867
59574
754886
177510
174771
718093
834118
78542
571226
836515
875639
374013
675364
42840
392015
24531
986723
75366
51589
252804
31091
566078
605735
674307
992025
307457
320971
632204
739525
782040
20253
389006
883575
331824
22168
190132
409790
412245
881168
163471
124890
284010
679403
298978
331075
891651
102768
714953
308675
374047
923703
600006
106622
512773
480128
977321
148050
268345
903008
633436
343001
645403
727830
782600
342923
180445
611452
992616
737281
962463
482585
203816
262292
778025
688979
663033
226852
797572
638530
138676
654069
701877
789151
196520
466419
616215
443803
196610
772246
245012
886476
157976
54496
323904
14210
927314
483075
288082
371576
174325
33185
203583
452070
735501
369835
683125
110196
630967
341994
170097
817736
254024
405404
339453
336768
580701
124086
546761
434940
44929
891913
253733
347730
310068
285375
964633
869989
566622
65220
811362
388560
449424
472769
597833
729083
756850
309443
795808
924368
223503
478074
785308
461896
382138
839518
912522
581343
358235
577452
110960
741286
160793
85966
701377
641655
700454
730585
554171
309122
298018
502832
39393
224262
840301
895814
923536
424796
758540
247936
271361
646125
233910
91320
885146
368836
515068
558622
422385
474942
361812
542329
436510
460510
240769
46475
805499
684477
38880
529171
413434
843486
330256
598892
6052
74208
958079
729939
846186
34188
971982
516998
812585
206927
288160
700359
950783
789441
986884
583616
264516
915875
746108
17216
623080
932200
999466
368739
310759
971562
871894
322000
877803
77117
696542
979804
26814
841121
122043
697549
81001
719633
479851
154361
280494
869624
986689
62092
891935
476739
216901
916903
879130
289553
243529
100646
659298
144968
26121
246330
785626
660673
724093
432181
525728
63843
737791
771621
738435
480461
478036
113623
19619
629805
865177
122749
214052
752366
640652
210346
132302
787534
266867
349241
840900
570509
322540
623118
871007
664257
599699
616692
862567
102791
253833
779174
527213
72020
911015
874857
899656
261673
374015
836310
948266
388197
369739
595574
673758
769076
606133
811717
176352
741925
470274
703385
613337
309146
506780
498972
668405
404440
269754
473333
993123
627710
812398
562758
475368
341587
416843
579726
309216
981304
283632
488238
697363
166012
623734
953096
379824
342798
245554
547715
719401
651725
842919
158251
291370
794108
629451
56374
242679
19729
879476
112225
630113
71532
115743
680697
17700
182821
668509
714550
968544
411966
85083
781570
948018
761144
204876
779927
886767
502913
937973
519749
75516
804874
663700
722451
943181
452215
248494
440061
626936
106672
452596
799516
604597
395413
705233
367204
257909
969294
965523
716359
910811
186816
757171
950262
839131
843291
932291
285575
954478
206160
749299
942066
181423
587936
222207
755637
940245
5776
415289
959512
673934
25465
555182
184139
570228
78907
70008
532395
539182
54289
754080
169251
143846
181504
12397
482287
878562
852330
473485
497404
890305
943423
118687
824811
983636
279059
285595
57461
919319
449226
153183
706089
979851
532847
808726
968208
67505
88228
41991
387953
128805
130484
797816
715888
324820
971908
314556
926353
122203
801193
620704
876634
669373
282899
819310
199767
368897
762662
764956
4343
183590
685033
936725
886676
12292
66519
41633
289616
361089
168147
434291
773786
88044
931321
131535
51216
97849
469200
251606
965887
75353
862811
364015
935685
509558
149966
706388
179608
412424
718366
35574
286559
317527
397169
586382
73470
962317
259381
141058
9583
413367
225165
337775
221835
108760
826597
892569
223913
163370
277862
521964
953053
927410
959685
215534
565986
290110
847222
935812
363602
783934
91391
522078
823953
691837
296423
360191
653898
604474
203405
928684
999825
827303
387156
177393
786280
117053
923260
353354
569117
912314
453068
563509
422609
443449
908587
846738
399827
777772
72847
2739
44138
406071
259213
872070
503985
633068
956110
526300
582237
429919
877922
253205
79963
762022
350510
524778
480084
196463
995009
897047
850770
824766
46405
279651
516732
868993
247761
329741
980797
761937
31963
505493
406851
237895
996043
427364
810980
65081
503274
387161
43931
885648
811193
623088
307375
334023
723871
56145
674164
441730
237242
292467
584299
47881
763542
637035
709828
779103
586555
338837
353797
62723
480928
991069
884418
376194
297086
349099
728652
364215
547456
497193
192679
141537
553558
88754
302834
958431
339241
848216
455723
517642
661481
650450
699723
574767
697666
647744
607821
489703
121196
923293
496333
899029
126241
846080
151115
765500
869802
393295
501134
424699
801427
783040
931045
257830
154941
632333
288329
855745
945234
754036
498270
148443
118931
424808
123480
217093
658509
288535
47419
544046
607594
691353
783866
96796
211107
916466
623873
742281
484947
954756
216334
781144
972199
275540
312890
749618
584754
806838
800918
818753
285917
665880
858096
377737
898107
996585
445941
145950
257019
288228
269872
146950
82039
565501
100209
206315
972969
558182
669513
606077
576380
761406
149681
712354
958464
326039
760394
937307
254264
366562
282303
661300
823438
825338
347846
242599
762279
302921
376838
644687
905744
917531
812947
92420
71639
497981
596436
427031
419511
900305
383878
57515
86187
222513
577369
467630
220195
467134
197240
890291
736084
212292
344422
992622
584618
569547
771140
152779
168537
81917
737327
109867
189329
581615
928326
835259
454544
822990
127561
441395
942929
251687
495388
794088
205730
623570
251883
507087
938323
110588
832872
574863
749642
746000
329009
673537
749428
542850
766988
782215
155606
547640
952532
617030
634369
415124
11565
507009
809892
372898
239602
121619
121852
392987
775089
841993
231206
262484
863372
282714
895636
20486
281152
13571
409182
605754
157634
532803
977904
547973
567536
478690
393709
851800
218229
234917
228992
230445
912361
548376
845615
899829
563724
525050
241186
250982
947616
315131
79595
646942
647906
598699
139920
42657
295972
25172
744695
926655
314376
733667
616557
633745
300635
184128
63506
616609
587
540864
426981
296681
666118
950768
485032
777396
510833
153746
399471
314401
450370
12196
163595
975815
193275
768155
578445
223282
51780
815407
955641
243594
884835
25744
807433
125460
811866
561910
348954
454418
582301
469270
241336
985094
179822
856240
979905
718101
620119
722181
465144
597958
117059
943078
751272
231209
276346
841128
985778
518356
644600
202228
223414
341129
155368
147003
266842
328371
165570
119750
321338
903823
114942
998699
487212
214376
370675
487579
577710
802235
151697
936537
255599
909049
294071
514245
717622
429162
461170
940118
700723
563886
56979
921319
457376
514270
296620
281832
238420
562514
593383
771509
74340
996476
657794
364483
185270
940722
252842
860791
547747
178313
919411
736017
890440
156956
250034
559493
814506
771244
684536
17514
122819
36962
848875
683915
698861
655279
569986
77724
717674
772500
809052
112583
315470
952190
960382
973475
55882
965897
54824
168070
310165
283685
761682
244849
660856
146198
770888
168298
628599
984917
250335
688615
957335
541524
742035
814118
512593
791647
582591
86105
353553
194590
61047
458687
704299
181751
747845
721614
463259
819792
964479
941388
848823
488178
692481
137406
787827
167241
880013
370487
255184
973319
132283
403793
232035
374121
990366
341498
500158
172754
576949
330598
44349
470035
762891
389858
555439
404684
832748
841673
845662
361195
752964
673103
437245
673683
56021
197882
65709
969817
327124
7729
44075
803752
555745
309165
474714
427844
212706
970700
481129
261483
693371
482884
420705
881112
50603
639604
419150
140129
762438
375830
850247
936704
26315
570001
550299
40558
492385
358508
296537
631723
267635
10396
159484
5595
953317
864638
407793
74378
560625
702560
730823
856272
685283
911289
343090
804496
663149
940217
346812
116442
776487
694779
150217
355952
486759
378840
507205
529830
776058
285141
60652
712098
678076
763132
342837
239619
68697
248584
705564
151519
799584
234105
434763
183524
738113
689800
802724
901792
717283
180533
550381
668379
848740
837884
933913
457698
109102
345317
12847
406815
563506
604923
441561
332899
412932
555668
227915
760390
597843
970831
203086
961510
339587
10077
199784
473291
126633
447093
869674
658219
609186
68907
942934
634761
974033
285403
461738
328695
39411
244543
750541
911485
366496
583201
989013
544850
546592
893418
22451
700999
847591
723224
233148
342147
597423
987918
232788
603433
943152
372229
109817
978582
104831
624992
844266
629254
55872
904606
974898
727894
794313
479529
422164
684708
81621
24267
570900
621586
873058
56832
258400
150890
480616
503910
963930
683291
759350
152401
641539
194338
344042
831419
467205
131396
811852
209432
632988
262583
522439
73224
475747
228833
117190
283878
421495
679480
261927
523261
561482
703688
174431
938779
294214
735891
375978
560957
315675
696018
489836
325481
886759
804826
736297
788635
33537
364762
487326
186135
210850
385025
125306
911389
56177
887484
363900
90619
340458
815325
264874
941884
467498
723735
65387
712446
16601
213349
830722
348065
263604
480011
975335
431452
839926
545909
998788
320937
446562
870395
210697
318689
668272
763974
433772
560098
966801
726412
800128
292652
108577
699447
273201
398795
759785
263012
769946
744559
130765
700294
589635
77591
916056
343595
946810
384364
476002
763031
61772
355882
175580
739532
745440
315705
925624
585579
381105
666266
234167
809780
42726
914620
96144
91050
257552
287599
142778
270994
827071
691952
846359
531161
732417
154850
429821
503765
488249
234526
688225
750628
233687
85409
788706
463217
962105
430436
59375
136725
735326
947017
600535
552921
445379
996529
752492
367002
164828
874922
160338
585669
310320
105094
86505
552322
160081
693383
53524
440750
823927
453622
254182
404352
722681
536402
623593
908109
868327
889190
538570
212966
392966
927860
429924
73695
46505
405133
626215
763371
564648
507842
657701
865699
459968
567796
896313
627941
716743
9608
688084
779737
989769
577015
956645
454671
389060
432194
185188
640452
216573
243202
211580
157764
760894
727389
518483
876521
494188
36949
149431
69249
201416
237882
96102
323406
763778
278464
668794
164390
198069
551275
509807
696315
385348
402919
790290
219893
856015
112628
136265
503547
137105
131070
719545
693073
961113
48586
773015
610907
16994
154701
575055
776320
259217
283287
141770
385962
64716
847404
439456
198825
609586
419763
561498
816375
726330
32392
225058
809750
589611
163308
113097
830806
414069
480988
45621
832179
927403
183935
859238
482779
18974
893368
292579
968140
630423
646236
754757
157404
568240
932895
539026
827983
842533
471624
803250
361216
47967
333384
848407
631406
365038
297435
494072
884926
509089
589028
681996
102921
808894
267249
903818
393523
219803
329575
665162
995244
215501
454026
743431
811139
696183
808875
147270
348770
141316
625135
341199
86634
500399
294199
876954
620460
574463
68337
103878
803136
222993
374907
196802
317062
174733
183215
793614
304823
611003
133583
171100
839591
122158
82382
475152
111705
887070
13241
313831
665854
199508
462336
224371
745164
935934
211749
948292
435256
604770
90176
528611
389583
335919
756268
886840
328694
187823
941778
472651
524604
284057
23376
548007
636697
802756
329413
479259
14150
727669
524539
688986
573944
458009
196722
38338
739962
395214
409285
65017
288550
972187
866044
49268
412671
489793
735405
27409
163118
855593
702927
855268
720152
464892
600476
288911
130584
60818
139810
983627
567198
721090
492903
653699
651939
344856
242615
816287
528136
354596
4876
907806
311306
93487
760024
767708
408100
954313
842801
692019
853762
69886
258649
717118
330333
339495
666537
635513
397751
770396
912410
230980
695029
435655
938160
32454
669140
782355
414596
222382
416457
188164
962092
243285
105914
996449
132041
395776
410962
798540
53740
416833
722885
789682
449573
131772
941920
978525
650026
413575
200011
28902
199073
997163
984159
324104
225738
79368
205150
95313
32972
873300
819475
924977
520922
622404
853895
801461
647234
970883
327517
211405
327826
623775
34315
142985
391271
178051
188533
9827
989715
160543
762727
919285
30762
652068
882799
726155
167210
290091
643541
94867
121156
670581
336313
305009
874635
372749
327495
363247
894136
665034
335640
589074
186200
707633
21672
829959
728786
685687
117168
231612
609241
836259
7712
917708
874282
406930
930619
214482
447682
101460
862862
367199
607200
74932
838926
868678
390386
397717
972109
101972
242783
520312
474009
705821
329904
300058
452145
928881
53660
702650
273573
457198
832110
596985
949897
681647
85397
587929
400981
673122
448904
384232
915868
385016
649939
103926
313639
443189
141187
8001
925294
961767
815402
630642
129138
971891
361360
812032
467642
552394
578102
229747
411816
751355
838728
799683
646774
65251
574366
677919
908178
686591
275311
274505
726228
889314
805779
206238
230488
760578
269042
403315
41213
238508
311502
864476
874681
69208
128747
604166
59606
422935
422615
898884
766092
545384
112921
200423
409724
129579
33274
704581
976199
210477
299690
216476
420617
864994
516305
793873
731253
727280
888372
22929
400718
306087
978239
550104
110464
412431
493621
919120
272153
847515
997233
598481
783207
529337
397783
539655
437294
667531
244957
11186
88838
487343
657071
89158
227343
466618
338436
814450
796243
636100
591675
964670
826870
826397
788017
669197
504732
569630
303202
409154
457111
866394
676088
9855
900939
939314
641013
99593
226721
403527
986426
955527
184996
244107
160114
380905
716027
21681
462686
236198
615299
768067
208061
919901
918793
406865
441239
463901
366945
671815
334950
523904
904549
611800
565602
541682
852494
105558
482280
648463
989160
93412
79302
762539
86261
232835
613669
833451
414497
951304
555731
285584
650140
2094
582252
144276
443801
578184
478181
101229
242019
36815
929461
493294
427095
677017
853409
691789
951426
493739
213730
644287
261399
880869
518388
984959
918733
471259
779774
911726
734035
703045
374745
564949
770097
10764
475646
879046
444093
448516
216017
751008
918774
847417
530244
458096
287040
146466
512553
872436
484412
908915
282520
989052
70339
554062
132793
150378
467136
826713
898415
612376
10215
731947
575202
759256
111894
169567
749479
324502
54534
481675
311309
721114
241581
691019
944518
6314
273460
832374
939248
113869
502736
676339
233791
75114
777599
927972
972361
336462
39521
299775
636718
967244
146417
395582
552098
935422
12830
150381
441113
194794
133130
984480
114957
522624
787166
506375
59951
111936
893192
976218
527656
133241
303378
566702
228362
767532
444192
257770
161240
547023
198854
200403
979438
565421
307524
479106
213007
332651
635295
424632
704201
112293
537180
816200
783431
959542
279196
908210
700659
643031
744527
222160
47429
478046
694358
665513
33581
711336
940729
777892
993113
532626
70593
474711
580579
704865
536436
19836
915355
196290
730091
189060
223724
681451
179409
774470
953517
566687
515194
951632
37254
690449
717341
87966
605437
904096
80496
986921
39836
156481
512287
206742
493569
379323
451752
440591
507266
111627
100630
859951
368250
749863
509335
750231
815029
16671
409660
588830
402291
301088
867725
274405
488989
400467
114311
224264
828482
377058
751668
998960
750219
944219
121508
958853
158723
574637
594061
157633
961085
706894
794237
15072
51361
47103
756279
11507
693975
786151
980338
237908
656143
418012
461418
679028
376170
758849
696672
524112
630216
726793
991477
925954
263151
207386
795423
675508
226388
227212
723205
238575
6154
392592
290301
91089
245508
511214
946591
222557
316616
742438
337414
808813
519603
18744
793443
59970
384803
395200
749181
733500
297156
539705
453833
962341
875323
68578
136033
77287
705256
861821
715813
327774
45724
113716
612075
811208
547607
452247
671971
347673
791868
285312
691404
647468
528280
546189
803411
363259
207922
906097
781327
929962
187540
745474
812699
546786
634007
416384
749539
740403
949796
512511
857682
50791
775710
40026
329608
964621
140894
75223
860139
674405
576793
734041
632917
837989
615838
974204
48491
480230
460412
578129
93965
498158
479745
956278
979689
420954
534301
840400
922730
383976
851300
270503
635855
890079
856818
203295
237078
942811
474856
522255
991894
68921
623061
200320
193516
497435
176113
803460
839309
67544
24899
173104
211067
570243
583074
650231
58067
435670
48408
839140
996418
185852
493026
670451
742680
346616
555348
672269
967733
74101
587161
801887
925600
49194
875800
527190
930742
632233
236979
803001
752895
504133
737769
335842
804188
657246
983003
410
743901
760267
552428
79888
443631
58658
170305
930166
63410
980966
533799
990329
734185
737742
79764
726106
23755
715566
865862
906670
984886
561540
313480
868910
836163
137698
549715
563516
643828
780723
777809
868275
202698
938155
904381
28009
877107
708047
339366
168836
778081
1182
230609
533750
896502
837339
297214
512854
451163
338296
807299
17372
139184
448992
917205
231609
535198
312929
885478
258449
224008
105141
465384
445206
832607
888108
637551
90818
659476
624759
632116
216432
969385
914003
768757
65496
957729
538575
127482
151013
834454
524860
815475
954229
920553
648817
283006
273580
933523
986488
536772
738165
564186
409177
322007
837472
996608
573414
477743
544470
740045
959184
904464
672077
411704
882935
698932
444141
36895
810157
195101
282238
800174
481083
418380
634980
69866
800166
855965
15400
285018
575507
133821
570608
39634
234502
251466
645905
650653
890310
126149
411131
28422
606557
350966
40339
811267
992636
104477
797598
423999
369915
313232
540440
14531
156349
719734
366821
652224
824433
255582
721759
362491
54902
213181
509582
606165
303382
240770
623861
828918
513587
663576
545417
486358
649408
628727
923965
860008
293798
28071
832504
35235
90054
428307
893800
66350
15390
941574
814640
51047
30981
257988
965757
520719
345360
706439
269110
322134
654935
787925
731346
715135
863378
148218
982083
894768
712348
9512
111568
126233
480026
150695
172160
314046
382389
547066
267954
165218
892162
852432
738122
47442
631875
213796
55430
243659
323655
942130
921774
53577
573356
160597
439914
206317
54661
264066
910317
892041
144982
977051
466255
43788
482364
161585
569849
288133
409770
698713
110393
311637
376206
561769
143414
781046
748945
316432
494205
462177
451581
18575
788537
465249
569914
524632
496194
57650
4017
261569
106956
641557
445778
946853
793728
352307
871344
237911
372839
529963
104969
45060
857539
349754
685988
471972
563192
513414
102099
294109
221223
667207
453208
801780
320156
874771
495012
376624
77021
471300
857850
869325
531555
449991
682995
205722
890277
446084
695834
770864
452879
179941
876791
649295
762450
622342
734633
425110
624213
892983
787628
355934
647753
384176
332539
524277
283290
687506
724751
629938
241537
191062
810949
16697
334582
627284
163933
492685
101187
667698
16862
916429
83380
937575
130776
834509
341355
296875
71362
498834
225935
587325
535489
617641
362340
397712
440714
497828
444087
154003
98398
651954
225840
73628
926388
462042
543817
362800
970421
897748
379166
641073
41761
876228
799450
729765
607951
717204
115409
875614
15313
775021
973933
31436
376694
166993
370431
304923
301864
172376
523767
610058
995766
889348
132719
296522
633197
199171
294689
326798
938847
885698
853177
869429
691653
133865
400838
281682
21824
461366
938569
245972
50619
561337
740720
59671
306029
608809
35421
466118
168379
727074
135326
522986
551034
862844
882178
879124
872530
867529
993537
124579
891966
539626
60826
438067
834671
323214
741498
783010
997072
27657
235160
365824
995621
167309
415966
522898
67469
896839
299457
153283
785766
876760
926833
569576
555535
11630
557036
873070
372553
391551
319150
704867
798902
60322
462211
629213
148740
19530
211132
71243
241059
257631
790848
168982
498737
67898
365882
920115
189624
481725
344048
612360
239757
857678
254899
520248
111449
31150
591090
447501
571828
41977
411946
457345
768685
419964
813561
380073
970214
293294
585104
393983
598812
354957
773445
7498
661317
654294
598344
400812
725650
327585
79470
421384
176532
177686
679209
638542
810939
871248
770585
61924
671417
406220
483195
813490
357508
238989
658815
300106
739387
919160
171955
340832
316135
634157
732369
568899
921269
539084
461682
792256
244677
688446
598903
105183
382215
307350
370461
215257
645927
110946
566631
302778
166219
709988
118314
324002
431722
844507
629620
497253
103748
459706
275610
236242
725505
977018
23645
498513
709034
579019
301496
231398
25278
384166
655433
909778
584690
509758
581849
859288
556297
514132
423434
873437
236299
903082
292828
214568
460709
538127
495963
77258
409501
49817
400553
22295
434351
374193
646372
387218
299913
716296
452083
169191
26464
255272
846130
156241
241645
583077
85624
621468
986760
366642
272193
561156
773919
558607
545405
200509
327123
720736
823604
733836
976559
419993
440212
12050
153349
247574
86744
140201
667623
34887
714647
115751
392575
357897
817447
994368
979724
136463
684332
619144
836409
401791
166720
371413
648539
584537
193984
941443
366088
928338
476401
916881
169614
719935
891918
680168
929111
983661
499631
102012
147085
594199
962251
339055
894668
520410
240195
667362
557121
535273
756736
736240
404544
672828
425139
587156
541836
20827
667806
163607
205864
86472
581115
514704
287886
874700
805117
17721
925433
199837
883694
460654
21597
719208
617015
526916
26295
517889
864190
152835
166078
965541
60969
436162
311417
119400
375170
359710
462250
803519
224243
82198
826280
533484
674096
807430
79242
984258
203955
707774
303167
333908
385763
594367
906363
792062
375310
563985
933644
460367
881813
181571
806027
256786
636199
496065
603885
195255
791333
288331
729849
960291
848421
784216
483924
175953
995602
212870
528952
988579
441777
442300
624003
62985
595326
215582
440748
910284
58997
15020
446992
635576
198956
496184
864682
749092
177885
277505
547810
182687
517634
18481
990140
691705
459801
167664
958641
700267
915527
444899
458715
262628
650073
922885
647625
638769
226213
907936
444210
967623
889871
22247
344007
974064
23271
632115
599393
849169
400496
141336
340826
151252
801852
777444
639287
851126
200179
685235
352259
270766
881394
839090
385271
481913
385167
61742
206229
728894
969723
279064
959763
393187
67457
565592
345717
808492
1451
281546
831860
586570
343683
11353
458586
108360
364535
960119
439023
278861
837014
272054
893965
297551
235319
832070
4304
218645
948408
334219
996138
798950
686500
37914
843091
68563
596846
235217
199453
507102
602266
549136
591269
427078
109243
111192
490725
757296
887575
71358
515431
381428
549350
591243
670868
374529
918713
40115
944619
600557
328184
77360
377229
162140
209028
593851
769972
1228
788283
94695
525188
795516
127449
128858
513082
117751
58107
34536
273793
146625
762304
511949
196003
174492
609224
888199
509212
966007
937374
809614
214283
101236
734514
574449
725762
732757
987135
206799
625852
110530
170315
187310
650734
181625
968333
405371
735286
305490
889064
53983
317680
443374
969750
819258
550696
989180
282144
580926
231721
296231
230665
464875
47860
196896
526539
732770
984332
734723
991289
462952
830062
966184
845763
551226
275743
741769
137496
476488
550301
769035
112102
730511
594423
597611
573244
587990
869369
870982
819281
622596
196415
719326
478748
249386
736418
830694
383831
26865
179356
393494
432349
271119
959475
908422
361439
157274
755296
751839
165587
70708
293653
17944
277965
718618
581740
761433
525495
908634
347695
54272
985709
15329
312323
888193
758839
583602
726897
100839
242212
220723
978066
924218
635647
333282
976023
269881
195057
42405
216754
601351
857011
585214
290085
9506
711789
424797
684709
281614
605424
846159
504426
509968
369421
169173
633686
514838
921936
179279
185279
336372
584988
574935
562651
137737
725476
763115
566663
998016
259843
171458
451188
505778
837753
477503
990766
364137
203715
887363
635658
710912
741462
749661
591148
338726
708343
318236
503475
835009
298490
235526
118081
693230
426261
798113
820394
288103
362528
594606
521784
196414
327851
28277
803289
207942
560252
900732
775846
939536
867875
370193
429648
568723
821052
106183
708393
92773
740993
927485
596172
468454
696393
99929
821931
301948
510369
458836
954995
597176
871621
365231
41886
231959
697724
628420
11412
767525
280653
302327
887167
728701
589345
784203
48234
979563
62967
931473
90900
844466
928765
202363
511319
199785
509266
937102
508400
511295
832918
892214
662314
198688
706986
423283
729836
601456
731273
119794
910171
262581
716290
933366
428653
456657
349521
509173
234956
562732
669465
972351
51170
751088
467265
724313
586183
101486
682152
670952
700613
208158
849670
757961
780996
892611
468576
944381
695703
113709
33191
372162
916001
89624
980526
175549
434533
477170
659335
90834
165674
257914
63929
325654
455559
838724
99103
462428
715152
446553
858208
328044
856029
210171
278662
475474
257907
124613
858429
202770
999634
226993
623275
813689
488475
604148
183974
689230
256667
645828
358486
783976
402744
639225
226857
313689
827574
230673
600812
903048
564839
446926
931853
876701
891821
218234
721002
179605
6701
775819
802517
937333
756370
251041
751783
419866
694715
777963
149565
26223
888899
107562
136980
905401
933354
419918
584637
776269
16420
758460
940412
751713
246846
879665
848323
81663
871017
710976
129606
586133
630245
243063
251003
456042
512395
573600
354480
851371
716855
295075
892104
998243
708624
544201
840915
614666
138869
59995
709257
972084
558149
337513
207203
524138
418955
957158
744279
338134
107589
497200
292846
861591
101583
100526
274819
900533
219313
784211
438234
162542
724225
598975
211674
91887
606326
238340
82344
406558
979147
597189
374562
576532
53004
307195
695861
291304
876673
601425
334812
554087
915956
792047
68022
919135
177951
313493
4162
765466
643383
18781
688057
338664
910607
829411
953415
606550
565035
662656
84328
547707
780834
933681
390748
190768
620910
19158
279110
444383
507796
962455
190567
430196
812138
754913
662449
784177
904138
419022
19915
898142
305874
972451
586464
789405
994324
357746
610084
675356
144097
885536
248293
355747
600365
58753
89737
849101
569375
357343
869290
352147
286392
307930
228555
853444
261213
681897
697077
287953
750786
709694
364978
14532
277813
616904
688869
703761
948805
597330
780292
787013
314765
567561
636468
677339
445664
47323
745407
299245
557778
637114
168500
267144
113441
287807
60380
721048
72639
209068
670548
830850
423805
580490
943116
597457
570965
331249
345883
295751
97876
379750
649404
510805
814562
127134
78505
986727
137968
92513
291858
117398
326908
756170
187514
575297
213252
406763
586863
263606
145669
457677
951076
506377
177902
551700
439596
631303
899558
508417
196117
42437
990583
769618
424223
206161
304405
111428
644120
970570
97743
699640
74645
465356
768273
822708
791630
163459
311123
420544
548183
380321
411682
935472
5239
425706
448393
749314
727463
496876
587292
607837
589545
714573
640736
765370
45057
582524
528154
220126
321684
798730
672627
626821
671132
460433
747972
2651
662470
777554
981252
71011
91497
989789
257419
798203
89186
624873
954434
996022
311952
22916
197930
330793
134185
850532
578693
569410
982391
112987
340324
436369
62835
946729
454862
758059
456380
56619
786698
942243
770356
982322
677770
483449
973944
360175
432564
638287
823929
852425
538765
712534
646076
795857
827524
45832
369578
735437
620697
646158
376340
879985
605416
490369
418568
122412
624406
304717
172744
924061
239575
246194
778989
529894
903321
164196
783128
422233
601744
607891
265744
488784
60639
109381
549757
560857
865504
500382
530880
561933
646672
898497
162605
627586
645274
783057
188518
293334
248830
102993
630549
101420
103198
178345
411653
395379
289701
562442
727582
94434
864532
160360
631739
666176
443499
574566
147306
848351
606704
651600
792575
776041
997470
697537
508501
958418
878189
158757
145378
720237
707002
429081
575990
868571
904276
287087
233360
188573
38051
68813
411997
107275
305396
675125
749454
749214
939364
933471
97748
822695
495785
365186
700923
571938
364216
834546
882656
606373
169558
268707
641681
254771
938751
139275
173759
39342
182764
351398
558050
265384
820165
421523
731498
388762
60707
962587
547165
721709
319040
839186
572434
258230
673534
233431
667784
408319
846161
104182
820323
886656
727113
554668
906181
61549
367359
229642
944325
572713
572956
800690
993743
731736
300993
254974
365144
269202
62870
423553
817275
228467
475250
551461
492789
770127
155556
195827
38714
517059
435228
64626
256946
672550
805817
19622
189907
539039
197104
851449
126620
342416
577174
710008
374379
16368
762506
154036
643195
894327
654337
572297
504062
876146
369839
395131
966291
107254
410959
344316
673380
73713
734479
945354
753567
98588
957339
618549
634511
213836
867269
66302
815510
904872
257550
47003
715145
15989
577684
399832
726184
974093
296983
312279
199096
156399
328489
509048
15295
281583
442610
47443
296476
40206
619613
509794
225088
372196
958371
723708
408525
415546
848498
89724
459273
974580
685817
396160
456383
743915
204115
123085
543282
707097
831245
124560
291839
209838
843030
339904
471374
792319
234690
161055
230132
251102
519931
771294
396841
599172
28804
406240
180385
859627
13867
470679
877129
217977
441995
902091
508959
936598
27707
247097
75182
942558
346967
394392
229797
212274
590440
8310
195219
555753
381683
106945
831426
877732
289499
147618
927533
397504
983475
857668
277598
396388
130276
981555
891497
852857
158520
624671
293886
327161
824129
289215
428975
616033
891432
134162
433855
52736
959445
707200
978403
511602
502904
619808
925848
495654
50611
246739
260512
492314
771876
366093
149978
380521
81170
607604
578429
148026
276787
309472
714225
844122
906839
951939
192138
4452
887221
458978
937633
84701
375568
136001
672593
418716
224006
747677
494923
784678
758261
862227
592343
66456
16842
595806
133480
592317
889447
763197
649113
532288
300080
890163
153930
346299
474611
507112
127570
25965
550770
360493
34847
881674
101070
999837
164145
359981
623889
69727
163567
864937
704215
116295
569701
543165
843098
519708
936347
230373
602521
509428
933203
799885
160805
20668
376286
479137
194696
682324
115035
555327
824530
298775
650701
288014
767937
864632
961688
920232
568716
102152
621464
396339
578572
394196
554526
222477
704776
360810
974920
586789
134171
96636
25916
343527
796676
757534
867521
903695
920074
78762
15418
267743
858890
125123
884799
153964
483870
724406
530969
524306
772972
117628
295130
150535
797960
426268
297367
382413
117255
513581
333636
663041
713825
861113
906154
385745
128642
304766
694471
196107
125997
222094
650562
883792
974989
143062
179977
365927
605914
408123
53385
480813
420580
923936
306825
444394
580544
95940
499108
37696
257164
310857
672801
115517
841696
642959
881904
434063
378578
974271
356483
250519
578726
693860
738631
975510
791761
663795
564542
462852
636136
666027
604731
702399
225642
605207
11193
45985
934822
362673
780887
326762
983050
639777
309620
945500
655114
460003
957603
87334
723305
528902
889739
90872
76391
314128
108574
304373
768455
183487
651252
580551
719548
546474
437507
680780
53232
869510
8061
360301
911600
41669
673222
589008
371383
213977
50769
165987
382485
88407
463382
98585
288379
453686
711090
415090
585574
371958
641178
73266
845990
55005
775101
563891
329482
99420
199798
974742
881706
679185
314731
185621
155281
665830
947909
906804
444292
14934
845388
245654
273843
160976
688030
887148
576315
995188
747019
482696
835542
521594
103696
226704
601888
683378
109871
792461
489798
755942
28775
116451
357773
101979
596181
200539
881853
590006
936423
435868
92520
775100
771384
882489
69978
459570
675725
111076
136478
612707
40491
636735
308203
628352
227411
795859
438634
313825
217820
272218
249957
969002
424171
481654
725773
895881
554769
537989
992680
210203
158400
782156
641045
375470
580523
169040
399101
241569
640954
819651
636696
779368
839143
299932
267481
829292
613368
95615
351032
859855
963673
375196
245977
210125
283797
29140
415134
347454
763377
540885
196742
654008
100133
3590
28160
154129
773048
956510
777488
891265
63543
215247
725597
129638
677713
88800
118996
59938
913746
613593
661565
676767
730938
812503
736280
678259
686329
585855
778462
174410
670159
850443
742576
205033
174672
241692
96520
231090
872104
537672
507191
689304
929868
911136
924034
327358
303890
809169
214022
874101
169444
883821
120502
813203
418897
115861
233728
966956
903165
70145
305999
752112
110777
125996
587369
883297
804845
368670
34808
832559
240882
811543
781669
923377
296572
549973
540128
320962
152436
103683
383740
134902
864228
4862
822968
297080
458060
676420
626137
474881
807826
10299
467122
68151
915669
930076
589254
929760
492706
738618
630852
74753
308031
990067
398064
612823
299109
918450
986403
828977
249036
872669
85865
279464
685598
444706
334472
250941
386637
779417
12768
590989
254912
860182
319022
85939
462120
379983
261674
411898
662898
392868
950033
743869
882005
688847
203901
58398
98186
427113
220399
78559
430492
706197
731887
386464
452117
918414
998986
987061
73560
471305
221882
9123
181133
893638
567204
973624
413366
284793
234171
966020
957089
549391
302338
626935
179958
772063
868974
644504
876208
335086
875241
606880
332328
118239
985907
567217
929741
393525
712867
916982
510832
413574
273804
761176
521724
232959
136507
40409
927235
634958
14556
916433
674931
779184
608892
204227
257575
300503
835688
534812
102042
771511
757749
221255
697718
597293
882905
621999
287435
629964
432759
741906
222278
130552
891326
962321
998900
188372
668844
984466
391234
800625
31734
999916
988858
68450
867765
379564
54315
754384
436987
565196
27893
787638
597226
95240
631028
351110
328303
692241
233543
370729
491039
707739
704124
801380
4908
690897
249690
809878
17603
382313
85834
664989
38662
111697
271394
931097
669345
785224
12559
694536
211083
117450
353759
675601
67099
205539
610281
912988
37444
210789
579353
232926
542127
400821
436636
611442
728063
483556
854691
40372
396874
173848
305798
576853
181413
759324
473796
143707
682113
825720
390006
769055
380121
990503
722345
308079
647627
354239
986561
615683
497419
157560
465593
522647
330157
342728
341354
348639
61063
168351
373329
561657
262306
137871
205496
704429
313371
599496
530422
151129
957593
711100
334284
707835
512322
545827
475579
857732
867818
136407
660991
141573
462037
577311
480619
908678
956906
472712
150690
859574
740023
383727
571439
82172
671259
884316
171010
814188
664468
670793
652680
410517
9446
687040
737509
372663
699684
674722
719761
827922
622110
23107
580684
318169
915879
952243
681343
660229
931713
899736
271089
501831
384935
68087
82530
46613
807095
155729
775688
802662
940283
418090
678435
860472
426131
271589
778431
200974
523648
971979
892550
740664
877711
400490
911999
228042
856096
288666
92007
676846
891858
667995
664106
930646
83340
54810
184638
560009
318827
882706
958301
621919
677827
180431
120221
486664
417172
110030
303597
430662
244491
957313
408942
652475
302193
164142
372715
161500
6132
561207
394103
18437
12240
793716
734754
532327
240474
995900
177495
321628
550249
284995
573781
304859
155169
90013
4744
658823
514525
565665
284548
857570
72121
443433
266077
138911
565049
447733
965413
901012
589337
379439
749123
247630
353009
960137
551788
319423
629893
713602
922817
478674
422247
759368
335813
138143
111113
622072
477369
222842
123299
878465
161302
947558
940797
38502
543655
184871
488410
385058
550144
394165
799425
713573
222878
579980
574568
797309
746397
662433
69568
125648
736848
54063
578264
238725
360384
205230
78318
251971
125444
922533
578329
837969
604346
8855
427404
60445
702367
774617
979015
887192
52497
118595
559072
303934
250526
914629
611114
808691
125448
920017
210559
682185
566295
715894
181935
953567
568475
8653
842757
248739
893117
696652
677362
235511
574657
428151
718617
186673
978139
341559
548662
954557
656426
168131
537388
855774
825621
513018
626281
973777
126657
134675
827256
696466
581932
859372
919395
181048
42537
200766
582018
641211
656504
821938
752804
445142
900353
65101
139865
162823
156141
983174
132251
716660
83426
194424
939159
695847
860697
845490
541787
291834
824797
45164
507613
670862
710293
392101
494517
307519
844679
679000
386032
612361
833308
220067
489554
471502
448922
445760
83395
858859
953929
494312
326880
470922
4390
134741
501760
624700
249456
684658
936274
943343
582623
877666
229218
40332
322740
99882
353466
983919
463532
698108
257317
294404
871822
180833
947279
147771
911396
476098
829512
344743
341574
482194
199399
173496
398673
610780
9419
319251
657335
72868
768381
835403
814256
226045
364657
915839
369423
141543
710315
947152
103599
971426
258303
697468
358860
437523
377585
55324
907502
638738
627642
493878
250367
253262
3052
261440
862142
16285
891373
411634
299596
368612
43423
921030
272612
728160
261024
318671
506088
342158
572077
407987
54934
445501
303713
702279
418201
660782
423131
309126
174332
823461
667326
213036
520505
446863
62739
491189
364592
725775
966089
8493
281331
404583
959772
708276
314174
488639
593298
839632
495876
450773
29794
819439
200292
105410
136688
255223
304186
902757
463027
608140
241170
979182
356216
282462
823672
297609
99519
325931
78891
79524
290691
855448
232048
861535
884056
656168
798146
216143
787180
40662
293287
477359
144751
900949
923485
561317
705743
365090
963315
230700
656220
510658
261493
900130
150475
622045
621824
209776
116630
75255
594867
911953
872064
671751
828998
616961
419319
235894
794548
232772
757650
885941
84308
583825
400569
358203
776838
408537
972515
338458
183688
320823
240954
876861
32616
315637
538844
162752
273172
723960
434875
503212
181453
822538
359524
849230
844666
179650
698269
252146
128857
534098
188454
943489
606288
467117
44770
720244
609954
553875
630480
282996
328829
558010
355377
409744
468080
450522
118414
457562
419641
461205
194066
6367
544572
414722
355858
518976
165904
246293
388718
537716
380012
159759
902862
973023
427192
414480
519381
424885
254457
914820
142997
128489
212326
683408
872143
372742
242310
479423
848563
73852
971135
940130
535173
81134
709935
178547
755468
442094
603982
374343
497673
158215
447535
26863
426757
894375
151589
908529
856132
626599
361090
568350
722645
200121
599035
564048
339979
164461
340839
158722
825158
461280
544166
835212
869354
756801
460382
7033
552498
601665
943713
286471
279453
491095
654763
337594
366470
125229
951111
719453
729873
508714
867408
59286
493953
964829
861845
438437
254311
527555
265494
624121
997366
155893
60523
827759
896753
349489
564612
224295
929861
848386
341579
561605
191603
549839
367206
154753
884837
357822
682648
409388
731682
570947
558471
815488
291101
317705
183128
253346
842344
598075
822774
568438
869574
973999
30770
12319
315613
39919
605956
752530
508682
534182
690544
78165
402511
644644
820868
499098
712296
168206
45054
997618
284283
909669
305930
148400
87789
980017
892264
75035
731025
325961
396268
546830
685179
673410
595871
975792
870707
324530
540867
856588
13381
173983
693236
474060
180725
407689
12266
848151
989904
704529
594203
923140
435678
432133
393789
504953
280436
160777
905321
910629
595302
416547
595035
687446
492505
621218
234646
705143
128758
313644
456933
602986
582010
109795
588028
557694
517418
866676
320380
626253
514724
769532
271253
212405
990033
84438
627782
310961
559223
629509
911360
853331
451883
935419
153768
818016
135907
272068
613691
774216
654954
419346
985421
330368
535340
620389
936682
593598
716209
627478
636829
628624
363047
617153
764378
529421
486534
696874
879866
7450
105679
718457
817061
991429
793847
233857
266719
656602
975667
355253
266963
717015
110175
291490
601249
505881
902179
204512
946894
300198
327858
794228
953436
211990
903148
429318
748149
532638
540004
880441
506881
241018
55227
454252
640855
952247
270763
750989
991951
153696
509525
755446
631152
147392
502883
81499
405363
104460
148089
184774
714198
933470
167373
905864
170158
579282
525005
462830
27197
393345
529843
222991
457243
274473
912704
203333
901571
578664
269847
412024
897911
575079
269945
583957
491089
187156
700633
604638
556712
351879
226396
630236
278427
600262
371631
438767
548541
490788
342916
568390
853981
577924
103850
479209
485104
835323
75015
943859
563485
145043
271285
279902
996773
21932
68215
571703
731118
156798
922071
174128
452970
114105
520989
964884
614376
702349
272493
627605
93431
477893
59134
800641
631666
738830
237875
325523
595309
301974
506264
194022
854011
149840
404922
229124
857241
668564
470306
686493
993210
829666
291696
351635
875503
223559
760785
735090
850675
195992
119645
521469
75920
793499
504399
549795
334834
867654
237858
314961
683974
503583
330116
549153
128719
96322
828912
420101
555649
60239
206093
423209
488421
367610
251917
241962
350995
15499
957627
772077
809482
328913
153900
619389
305225
502412
408241
903759
897166
940170
475687
962160
795384
367329
627176
377677
310158
437092
931487
759384
959250
924362
385969
17387
724871
607455
494543
807747
652704
336370
48333
835912
841951
607974
293617
132531
936457
117678
274878
177738
195713
485400
122014
673991
957827
244032
632810
624855
900089
396453
645337
62846
198909
889304
792196
198487
99372
259152
655890
507641
940579
250139
284741
179446
543833
263023
521119
624253
998745
820959
763058
511903
850842
848361
74179
201262
717628
682092
453402
191618
98145
349046
725353
224213
376806
571452
360599
821774
317693
200419
441639
255579
946985
867963
701642
233399
807444
677387
766461
549195
586320
327751
831840
358065
770728
176606
96405
945875
593827
473264
944145
861106
779477
959325
833538
296259
198881
80504
622557
614003
656654
400155
187779
842955
665989
970068
668303
397359
95780
620093
635903
881857
912387
5034
444412
304931
843201
637307
618823
700761
436169
824144
531202
173260
661735
402396
16345
608106
559040
910419
182219
465451
603315
244541
89369
757167
408011
961708
382089
844355
625630
803978
694615
382979
231493
910348
573625
100633
508663
857155
871373
234595
703172
523153
74594
17139
263340
64888
564832
183792
897882
52878
751829
343961
979264
470285
499356
894186
933776
76359
754860
25175
703635
669622
710586
422389
845546
837297
874508
887160
884960
25595
684252
204695
332008
6070
385765
284364
714295
109045
335949
921207
320704
286383
89646
252514
14409
905999
891586
205343
721063
189991
59115
422734
960218
485189
67037
269627
674631
218270
32169
185700
803854
553191
601446
718424
579399
289091
630526
741626
721310
765783
498770
77029
961928
801017
65931
161449
301409
835846
367550
961652
655140
988242
781371
10893
968454
464378
666931
437561
592303
972118
788547
374720
409750
896139
729057
23305
706168
289213
391906
929506
723380
392865
709157
191900
337734
449776
115168
16915
753079
534092
819292
613835
751632
963319
564587
36763
522352
879315
391095
78238
95503
49777
866252
256043
413056
362000
534668
815911
363652
214951
946957
876504
840185
190786
232525
851928
979872
854788
112722
88678
985545
529803
61858
183255
931037
99504
684316
430570
705160
656429
930738
193720
397697
359706
428740
674762
553719
955984
333529
950149
605529
451822
357244
732672
944770
956282
188081
221046
709824
278239
40467
427991
827584
156820
310539
332729
410199
548126
802607
662572
662383
140204
982004
480554
238028
675487
690194
939117
200442
572333
124339
225499
429269
213339
607190
551837
839477
109799
559239
914253
887476
786056
761267
669773
683804
977421
146858
568053
745586
598498
471030
422180
278425
4402
253266
475896
280293
784550
193033
298904
44861
866379
282925
680238
813612
181649
980720
208818
600388
134895
492386
222498
337711
301092
576327
189582
874835
661081
62484
741839
859425
481955
458630
460760
785659
332900
79968
656036
236160
901393
246911
609231
932725
627597
144347
580737
31761
560244
268252
834309
451237
486453
117654
980151
318502
33111
189091
363804
972952
805916
41116
752844
375769
46978
826803
195274
487240
584102
715056
76148
725712
720004
79814
704405
855828
481241
706258
48536
807929
741609
54703
518808
596298
231325
663928
801170
359436
639876
288923
294268
21984
308794
305878
856367
389262
11430
418386
915263
328308
23133
511256
89259
558666
700836
678772
712496
577168
395090
48549
522232
71831
415956
70589
458095
60009
289291
303899
199991
548439
689936
309763
664561
490269
607703
843223
745788
800883
690289
986421
236858
279411
108907
508076
337229
916449
497684
447515
150498
474524
158300
335016
926819
791328
353432
373850
151248
405942
885346
791124
855336
368249
423646
294895
378689
149444
119959
125042
794231
20989
136967
835248
94721
437497
865333
976063
722847
889547
102777
200912
411119
311596
632667
269680
841376
501128
889050
594778
138301
946147
307976
892534
693355
628262
717778
903986
945902
333450
519966
156348
452901
272032
374605
715737
497366
102650
625632
333093
72164
530169
131766
296488
448413
547701
8691
11216
661616
844226
335805
626129
725052
346213
976864
711062
146371
815315
577298
206114
701
90658
147408
172104
842249
742223
8231
552963
336766
605099
309838
17907
843360
776546
761520
135413
116654
124073
932168
313117
473369
194948
165926
731151
720689
12814
705607
747316
670644
85439
869778
118066
716224
902161
626922
597927
789823
345144
493442
961341
395390
624485
899196
107608
212664
324171
382348
446440
272381
890303
56554
339165
490943
185720
503155
905210
124217
855478
568413
383427
571325
979072
687957
280208
628504
138821
932023
262404
96483
92388
882921
286871
499305
180999
380309
994702
346800
168426
522048
639437
799846
697274
303308
263043
565034
413144
695878
134275
82099
965052
381549
369267
654241
780470
729088
122205
625694
80656
354242
29475
322161
366224
465614
154447
883103
601690
621264
861640
307262
562674
134823
582113
461975
206622
930710
601164
620599
916265
452513
418412
353042
120836
663498
211720
326293
358152
77800
280091
617351
749527
276768
518088
192730
827744
932227
259050
921876
93504
685316
24074
795285
898054
894292
980010
230148
475919
433820
150654
723162
1616
372822
221434
960267
836466
498633
161606
968076
207640
750623
197711
638021
349820
866359
540117
228599
402013
390572
425404
911263
959427
178006
167722
900618
480219
109098
163169
289073
342323
233308
115401
748977
464506
874161
807632
724842
753020
522674
442043
644938
717818
807100
721294
848228
857698
371253
454996
952058
606448
565593
283468
321370
662817
384370
744176
176163
631887
605926
690019
98217
706542
293994
319414
797934
479777
66389
47766
561489
405818
681807
441302
40067
165581
733032
317589
811315
336751
997509
712140
127692
974224
602421
54198
520404
727538
711137
662172
796853
51141
907554
12924
355929
263585
690157
95125
742510
246175
358697
682386
912073
705365
831201
61137
708582
348012
50965
859790
987982
983327
366827
406449
963409
97745
619587
851760
439731
538187
405608
54882
736867
511378
148514
405282
717990
123553
930600
865820
97683
995080
103090
713079
702497
575277
178463
777752
515946
791176
421677
215127
476164
67244
279862
461807
872007
846792
497197
119450
272576
404106
678773
153618
783496
420137
564488
120117
233986
490911
319933
324929
102704
96052
137913
129215
994098
196854
668469
481789
631773
676165
105959
35507
269876
638986
291664
223047
211206
973768
1313
419308
421667
241035
445579
230565
316860
807036
506786
790632
200854
758038
996332
109533
312427
542323
136716
265862
160896
298374
824184
128408
87888
910638
89735
40003
684300
494130
984896
823266
778887
990592
717199
524939
680879
887829
414657
769922
753247
902564
104420
567668
937042
627615
566091
402316
300147
816804
190958
29686
375632
40135
374766
872494
202860
423096
285877
711812
202803
955345
576316
594798
746632
719871
591782
568649
462138
979658
888330
99630
336342
437314
856462
353005
603350
434184
244846
817641
339127
212790
811932
682640
305704
27564
433858
204468
389790
927096
226851
945483
116229
118177
764831
33984
546576
609808
394581
468723
698801
472924
795874
696724
871205
711152
409352
497111
249895
143643
517163
297620
544964
615860
447605
591039
613774
481448
109144
248255
807786
337506
899059
106925
469637
206421
779086
323882
403107
18281
904320
961821
295639
490496
24496
563464
258255
614947
711352
214086
963399
993678
794533
820003
834910
355412
516763
110551
784966
697328
432598
650657
97002
135179
694973
338359
485346
110700
950017
941125
307645
674507
352090
700913
732969
739734
955485
857561
212302
770176
122316
95548
427538
192129
285160
907529
460041
176435
284589
861522
550328
520925
270255
512415
900484
305485
385039
313311
602108
893214
872986
857082
276736
692186
280574
927618
844428
540984
582441
9287
98149
931910
796864
514249
838430
411426
805432
466696
939719
625890
178389
447736
95347
874196
230589
455569
767013
299679
365624
404610
362327
821960
373447
516933
921446
599121
383005
624718
489757
789627
305470
498269
877660
615661
198195
947891
457444
165485
283047
47201
300162
491146
168610
955899
69846
554460
792031
176620
102976
286307
840331
327331
972070
389389
893085
26603
429219
224148
323084
933273
525583
204419
360754
410206
474599
402392
973819
327932
741337
659781
175049
216470
645679
711697
897576
187935
171861
84316
267817
325301
14664
762687
437213
270982
748701
341201
31600
549488
567532
743367
361311
647271
431831
884211
661655
670351
658106
448685
989100
322602
1969
360975
965042
90475
145024
89497
633980
27241
77091
774517
693359
977711
612083
218902
620097
600176
878898
317114
23315
259992
920755
86094
201193
904637
738793
343216
77890
137332
300810
483599
959896
672705
19231
174062
305590
513190
20331
823816
330929
982556
231221
124366
539716
755552
594868
772172
72652
940900
31063
777833
951580
896934
357486
583117
469118
568478
812920
391837
629767
765009
986186
483297
732630
431107
862936
325703
965545
550217
866339
773761
123163
423804
61183
265609
147646
145930
862144
898948
666193
296102
531264
182084
893726
83808
797200
115432
922547
171215
703545
415582
437434
933930
765485
830665
535351
971638
116431
401213
415326
907610
558108
59495
5263
637262
281780
479114
722159
83698
306377
555620
269412
965115
491683
769967
254764
667144
985357
799619
710107
32594
570336
695769
3439
785410
198505
865258
137873
705437
505402
826101
569963
886874
423626
489248
850912
958229
686665
206006
113069
185308
663877
462351
625498
106853
404466
308941
129756
854434
822553
493826
458122
5997
982368
448431
54074
208862
289202
820136
721272
311996
797578
148435
431714
297872
70305
423119
776675
435605
518322
229681
541578
212491
131046
193769
783750
426987
237154
798979
273152
853812
767529
873097
441749
784164
667118
35847
459311
446210
345402
632679
303615
612248
591286
314810
177880
104127
410966
684695
232363
926802
838754
639710
210971
350980
488226
530902
918716
156046
928102
591284
162221
280576
826927
358013
783
316857
98365
646113
153330
27702
593226
842362
792820
407600
518222
180898
829802
925467
687454
501325
724561
995534
162849
379700
39179
374828
169017
122065
151507
965235
727813
602040
745356
4449
96320
523725
533234
50371
253767
992230
693041
773403
547575
860286
468564
253101
301173
120786
248150
540070
478151
345563
712213
506794
275935
122345
644580
751929
392376
876313
159999
364796
465433
973619
882074
598386
765175
290978
947218
540018
11192
262416
499589
729756
773777
362526
96253
388128
616208
866365
347975
775146
511350
642540
370978
205097
587772
298254
820947
483451
980982
206951
399701
118967
471829
23603
335534
180566
942727
239139
18525
735230
409273
155957
929392
774829
412796
597294
546674
467518
592645
997879
614272
994267
824591
166801
577341
604032
970203
142647
33371
973991
855319
163599
590298
206998
434973
682636
672462
489089
947474
198883
109272
669596
548719
700391
863159
433218
187932
754883
675063
697531
358840
98388
554183
987053
461046
232481
990824
138146
638049
385527
411266
506994
985791
495909
917585
428045
729876
686929
506876
616935
887230
21238
130822
472320
332669
854651
277917
912079
96341
928560
49936
70923
923468
719271
504414
587989
423630
193197
911721
625605
363761
771044
187466
737679
138258
76734
543742
895633
884446
450520
875965
532605
84653
661105
106347
953438
585224
958405
890536
32008
905675
79178
614850
199969
373990
598150
233034
112645
516861
639307
663812
55131
993776
424785
916215
206450
204405
552750
823333
288406
331552
871540
85013
412981
450756
181863
136204
122601
917428
358105
98202
310946
590115
228964
541264
325745
872489
34564
757327
895283
628966
517966
865275
177432
459329
440783
105167
80778
258696
712139
344272
796670
905528
933640
242821
816744
135468
795371
128534
122148
461003
212408
844816
153279
109971
497982
794545
66810
485364
119536
611154
221869
885131
969876
290097
794633
564409
58196
612954
936438
359072
398066
529074
422683
974650
862041
357280
279227
961749
704782
66648
930876
802351
22597
406598
841476
590762
660752
259603
299068
415979
666099
183830
646966
678485
852946
957786
198571
786654
302795
354056
709149
737098
510433
497713
275547
274764
929485
152954
758499
730486
214585
723685
717665
220440
849543
374840
711126
623165
73035
931724
778516
273278
382874
509939
446758
605953
929274
827783
652812
277202
639480
39691
826659
111132
714841
664385
358179
852995
876328
192904
446275
419041
744942
804974
114039
946716
699456
847898
553817
352801
263282
908047
2726
747007
315626
768926
671583
440674
832143
478955
648847
810666
161311
617497
221933
381991
239264
114325
70615
34099
822062
676412
204862
434669
238771
902506
54689
803725
5941
71264
920818
782377
795146
131473
77716
767299
850278
452105
411142
562380
329941
267963
373337
706938
713156
801189
187933
305857
753017
755490
694746
682736
177699
139212
823098
770475
206603
625483
701444
383553
21738
534271
210883
631465
943381
977286
900869
12766
758292
172970
792063
388884
614608
274282
387918
442197
503338
395235
813784
234557
471272
517403
358033
814542
128778
2090
419930
955121
916091
308166
863427
752330
183843
445289
922929
749046
851737
790561
210075
448996
69110
33268
575790
988557
794949
209773
610705
853137
32455
391298
279536
736369
986165
923679
526753
881768
964428
606657
21714
239046
494670
262787
167933
710179
327252
135520
657124
881945
796055
979322
730473
60561
286683
902391
66572
16502
943416
465222
930945
457804
902854
370176
124973
504537
635684
941545
793981
448385
697061
698709
237731
512304
263911
840110
169648
508019
954997
712517
862938
279004
615112
116545
337961
623699
954815
746596
982506
474238
945490
790265
900367
633746
865332
68360
407523
331548
558226
969078
193305
314666
882297
50359
186941
434200
480916
187442
251019
214714
321234
432432
596574
203811
146470
348927
253185
754064
899880
209897
199522
35764
430297
842380
176485
840993
582084
324694
7060
529232
357055
861727
887091
278285
267089
596643
425905
470466
397677
169434
956155
628317
716637
307382
681835
103649
117690
428793
92319
995975
233367
966384
395236
681358
250110
308560
282470
293458
623530
271406
744949
255380
391310
462915
991873
10810
973649
637577
768023
533693
188291
895057
716408
908717
111877
826185
958312
486209
603269
842730
820081
146572
726323
902976
166694
227031
183957
584533
866180
938841
179319
171774
331763
752085
741120
171585
150828
845456
555936
209121
61174
236334
503014
777928
540169
418089
353070
746449
153939
385644
644792
372591
887064
941842
740243
828925
474548
878710
851191
734242
322428
544438
62451
666528
128707
316169
871611
412602
289144
642746
937187
653952
752749
901481
650552
314034
451516
935276
639595
796192
554639
855355
668809
777202
385749
94409
840569
113165
467644
79169
770400
234902
624228
234767
48806
467071
279113
959778
301000
299340
540701
244632
79264
768457
335376
614804
432153
305405
654914
86219
384434
64892
796244
730028
525153
479849
545623
996970
819348
312972
993446
27559
501458
421132
631760
984638
30208
589257
260845
388397
766080
857234
762974
670900
591516
90591
607952
112352
595261
903733
537574
719214
256648
728965
227340
291787
111523
49732
616834
839406
671787
85946
321479
570552
809644
800570
611554
413622
635452
682860
632527
753860
648052
769286
397317
647757
532044
78873
470048
502189
636498
381448
978736
949367
844423
317843
719005
170002
636438
295057
217461
230462
860850
740348
526676
314293
374731
836006
737263
186732
817260
282058
230653
582776
688052
114685
802306
627086
585070
811972
825
44515
865104
515839
153565
998258
435213
901506
391700
620124
96407
895108
872633
558121
523572
581872
546372
999468
659644
700185
426904
642181
226349
957067
59945
530816
634474
362108
350409
546843
911703
898210
656717
295333
934985
462942
387616
921666
978990
336725
161316
989259
258489
302496
535040
346770
262855
969497
384458
794755
690771
584662
847890
740006
807890
920626
111689
435584
894509
944134
415117
661850
243353
737911
73874
164697
822484
487657
587310
161164
311549
280338
751233
209285
485712
522942
893534
834174
718524
383579
69085
671781
945121
852049
654706
101041
742724
467920
925661
734862
55072
74819
127340
459209
159497
747643
446370
287426
637029
255290
918452
982480
592571
679199
317164
945393
490467
455017
253104
735660
151069
843433
333342
3334
921662
85128
92174
880733
869702
639346
312505
621027
335244
103070
820535
46075
836186
603452
803236
563369
793941
132986
752220
659129
727509
287090
833766
936496
448147
284019
714982
216320
401386
25065
370184
239346
888748
889373
50153
452345
718947
760825
95552
340176
575764
815007
731458
610671
142409
204995
600605
343614
892063
132459
462862
565092
548462
997718
881631
137404
327696
169593
705921
4137
956816
518244
251969
945280
474993
220356
467242
133604
347800
603137
577400
59760
666583
994951
482676
534988
609110
559970
505649
514850
132960
733635
234145
40939
984392
276000
111060
640035
333110
10359
583631
263003
874129
459762
599493
756781
311690
634086
538229
759753
12931
900085
438687
575150
510299
904020
130148
916469
570648
962727
533497
39751
621615
267081
795335
923375
422514
245927
540259
816010
603606
913804
931365
893083
115040
265527
640359
598907
649516
796712
647068
436717
608346
661306
264138
765648
999638
185001
487525
78894
583233
135797
694602
135345
480449
888736
174996
970036
766242
721169
74079
894199
642855
704667
560471
894573
198578
459607
660795
367536
325195
451181
482740
58900
909840
279346
257100
898585
257529
737707
965197
547962
368135
421808
496375
869090
781065
825964
699101
911550
607179
798209
290012
464174
377883
913672
9145
258453
57657
787510
786006
300047
386394
663066
587985
150466
796633
656834
828281
876749
369979
82174
746030
435614
460765
67836
332116
650080
796860
514322
239987
520465
364065
212251
560623
159985
833767
671096
507039
377942
370538
525304
187659
153309
731086
218322
838599
211835
288681
95759
912806
663153
728910
276549
487197
961246
820023
412989
357302
267630
788174
338934
135981
154416
428440
933699
291563
548806
452735
378767
656988
336949
108986
595585
420719
732123
307258
242282
411330
977973
298235
371879
297928
955751
622052
937070
426493
590665
433623
242224
539216
545459
565691
399582
31712
993445
721245
147812
358704
832214
105456
164358
784630
594012
944693
507541
506258
778164
942198
20877
716636
628335
613036
671822
27158
696634
20736
758069
359617
146056
322606
666711
407691
817822
811654
112666
203173
216378
399181
395503
329523
623649
989632
963375
203293
899140
210424
347537
468355
381582
563241
561222
305997
332749
524420
164082
605600
769402
858685
715526
309676
447462
229990
789310
713250
564995
123514
914036
387203
449933
993207
748320
468308
366611
103970
64045
598894
114086
3822
775992
353521
170013
926775
263847
680857
192001
706857
60836
129576
378460
836350
941685
581379
36569
619492
105722
447385
94680
209724
419266
566526
610961
204927
296777
378774
450978
7099
57682
813804
988662
775803
366685
419938
928532
731141
515014
763907
583553
485565
142394
76468
517907
160807
761942
750538
893588
302730
20062
165237
957903
247983
85718
833689
43066
195785
974785
995325
498047
142638
615004
986153
519875
563541
965209
558184
910583
334581
796688
49857
281190
62087
939784
991572
652445
432701
571140
993995
605629
485246
298168
860573
264632
107973
63641
607932
742393
109081
489229
869729
539936
487717
371842
200561
157803
457971
742235
52428
699056
467337
902468
678771
427590
382944
521766
268499
860740
539581
179382
116402
114465
807151
722856
751285
220219
111268
318722
466699
603187
956903
866763
760186
329397
36730
705442
166980
343125
829835
18858
906293
460437
150167
605283
587084
588227
244568
723476
660996
996351
823596
623908
512574
619482
968836
681545
376268
601563
489797
80728
639132
387291
359230
1146
637567
461392
664391
498751
52181
784102
481266
343244
543447
190473
453489
792240
445185
931200
827204
639573
599770
806899
536860
889234
116001
252621
765713
958813
625046
170940
92093
699038
23906
52949
447667
643870
948067
272469
936863
9054
640216
180739
703292
567493
659622
817841
684076
82929
686597
968288
282487
634222
617162
948931
840739
500100
259793
77532
780907
991274
728774
319875
214873
458320
391813
819737
484284
719131
451369
497432
857475
861761
485006
617083
413463
649365
144240
845787
994920
78795
603593
526789
107234
943815
656404
249875
200765
449473
37228
204262
102964
831057
514644
144705
303501
624668
757264
382277
639511
163355
558000
684933
990130
118469
356908
131653
878600
883737
132651
808852
228954
44298
878878
213827
339445
362502
454409
53249
411459
997925
903074
655060
222717
444139
379090
908086
723390
930617
647768
663242
225331
992215
105741
581881
163439
889430
41858
776174
733019
973221
318277
373546
70346
957491
477571
693764
61035
511867
685767
748417
400024
395121
352480
201228
792651
630407
185746
301552
334364
599682
390101
116034
745764
979402
335677
459690
796722
50633
209428
175918
18595
75120
491838
577275
343707
347805
969
192601
17457
583591
8704
925529
825932
833183
576865
167386
470246
337256
909478
143799
386035
553264
782463
922961
818458
641034
33633
218292
769890
330986
398776
12968
764200
497596
372664
455447
26828
40097
126673
927317
858028
433031
514369
20305
865544
297699
693955
470743
715269
686030
73381
178688
139213
194169
96567
591351
235795
646863
239967
692840
44468
710886
322378
578311
463353
714336
935421
480889
272633
199844
61066
588259
205788
9204
527517
922574
618490
804652
66102
984436
78305
236694
411505
455914
165173
671276
116481
948457
50930
873003
157563
604538
455630
299792
742478
219198
270969
753842
782801
497623
306886
151547
26293
344119
891619
728388
541081
22083
632644
479308
542909
681699
90847
811861
869262
303145
197904
101660
223647
427931
456860
165875
76345
594334
669202
588476
518473
714817
740365
675972
537655
960548
201559
75449
481176
994820
703528
363978
1657
117412
39116
949146
958172
262104
611682
663328
748735
861760
934813
403543
410112
472308
684539
502620
649417
550758
754559
865086
440134
130393
804203
795509
599636
163152
667059
834422
854334
69325
131225
30529
634981
641460
447271
443159
877705
541327
437257
405193
650614
606763
596804
264428
242893
991263
159831
489001
4590
312300
486380
992689
478783
544384
404795
65933
867100
288789
426876
302483
374299
6583
298054
216180
455482
359074
115785
58355
908071
304585
842725
385136
346348
368115
799077
522594
259830
552448
779419
710500
874816
851338
746904
813094
688481
224487
554696
510020
680430
695434
263656
424947
348365
48969
776358
507544
664407
642681
374804
714419
460649
908469
445319
198648
829960
535166
770066
597822
249902
21500
597210
224848
629941
416611
154070
478434
362655
96049
554470
634014
399360
796755
564364
626459
341000
152423
788427
393649
145884
975067
444315
338241
506614
778565
533285
384508
840814
249569
511811
637098
411318
183146
462643
218816
15258
104955
338344
230126
81858
980905
426206
843972
691476
126716
952526
729730
930550
579274
829117
587194
885169
50802
448304
248164
186225
547698
520506
986366
978601
307814
962229
529886
164179
960862
967119
650070
113941
712602
926460
469250
601023
670180
835529
866864
411953
238282
917265
455469
320794
73271
232840
792488
368539
372525
490100
929478
326922
667618
992700
567489
656594
378228
314201
898749
604727
40457
265641
238633
15991
453959
332514
707278
288652
987885
693411
966455
284238
258444
8678
419005
776054
93030
863954
973998
787454
730913
549550
136346
534948
360488
407215
58937
346252
696671
603890
787132
240261
869952
39877
745391
114276
983319
956575
66887
547340
996886
493680
552462
468496
706646
240467
36520
207215
620715
885473
352448
569854
389794
342815
892309
731043
636569
146519
539227
435389
536124
8580
486927
813665
381848
493094
413402
820096
304029
812406
485345
188644
428405
164788
703463
225369
624571
877724
924896
516520
490777
559286
233555
349310
637507
99085
149738
813676
867402
903607
262041
723272
200670
426963
845481
269040
442019
401682
446304
622062
663915
277071
939063
969180
151026
962168
944462
26383
790915
295129
398214
804998
694872
247961
229860
472792
204795
851022
959587
62349
607061
625257
705361
749529
846052
86207
339158
728310
396491
670708
99156
427037
161667
936134
68714
802784
420655
851699
767955
171943
467406
508232
664620
550021
394954
325960
81427
519862
104365
715061
434283
884663
849587
117438
651131
742018
498170
564484
561974
42277
542870
902410
565077
287806
394241
534970
368161
277717
462895
266062
976333
829974
455040
306529
970303
100713
643727
854483
549167
300016
68455
7250
752424
469020
921622
623884
151404
673753
782446
17077
501572
470646
816727
230869
522662
341545
591966
182526
502607
531958
581628
100062
847856
241245
560280
447203
926023
224748
732398
191516
895962
186030
2075
570175
716944
250305
775559
229831
750892
873286
659183
458486
551015
868209
38989
900728
936936
324735
888103
440936
617250
494408
773617
146219
391242
498794
434976
672442
82548
481381
509965
684990
38089
256645
10945
607316
73575
443514
206627
603760
774613
196803
59835
36573
985121
141001
353634
720098
435224
841736
719752
612417
154274
341800
57378
132825
810423
21802
8558
776043
426946
439613
426596
772153
419920
455601
4539
784970
782325
935491
207700
509259
689916
876310
809031
96208
789320
270595
2633
537399
282763
399367
747703
657133
978530
855707
247233
189066
660172
388129
629430
234136
263238
773434
630887
759985
49988
317556
800379
294982
555469
426849
418511
511996
466676
725635
636167
14960
959918
419939
200630
941787
143317
665664
151526
518545
284408
487077
443908
544996
607964
566740
920619
220325
512724
583518
651787
728714
767480
9364
8438
499371
689925
671448
818183
496743
162129
667788
801263
19428
561001
222828
124957
562163
380681
716920
961929
545489
654519
257161
570334
538057
619580
316869
492034
289719
416896
18478
699203
807401
376065
954068
280351
245086
729775
475883
853040
159088
445672
179767
169010
623373
374539
335908
253170
787489
71291
88562
116693
873424
307122
454541
203331
410975
294719
113914
717102
621106
795677
774830
568578
676336
843378
162361
512875
394370
992225
529503
345662
708475
275404
782151
348933
76690
303785
674893
593706
486730
731392
789938
276350
317362
790462
386419
770023
289992
447289
187255
799268
977337
191489
406817
22079
103492
184095
78726
838606
901244
607597
963384
894309
393580
690257
511553
381851
919829
271767
847916
296759
731858
402475
802812
363448
838429
931248
827904
458366
438122
286655
797374
902872
321969
797567
514957
741035
191433
408669
4223
472827
587248
4520
223482
766169
402535
910476
921512
459753
869178
873066
371204
125583
167645
771408
27413
730742
260466
615578
656376
8764
557928
261796
945045
475774
572349
75882
711732
107835
272739
57535
1256
380327
365185
843750
738153
666511
101840
848017
517184
610211
651302
651507
532827
857061
188304
714244
999616
216493
756503
954833
569374
448726
402021
669949
901567
701769
107074
708376
949658
689892
901431
480857
505798
380102
776595
429883
285384
452601
519307
310834
267533
61373
873788
329
489715
993645
760909
38234
317313
279632
68912
284009
438520
832511
80263
444509
236481
726510
377187
335899
306373
618456
943847
89280
290780
37323
428171
22651
768861
436109
198397
584390
518612
538794
426721
237311
659921
888219
284601
418599
707101
956629
401312
414198
524936
669099
576561
929432
502814
398752
624581
466952
386808
22349
478104
284808
300462
829675
225549
756922
144682
303230
460104
223390
49751
79327
567929
786025
700985
827492
318585
49854
316503
479981
593228
331979
520019
355150
864262
643587
34266
301460
514827
788595
764150
905590
80431
493508
639744
395290
506044
331468
175155
917632
840017
253456
916381
522127
760871
48410
783535
815738
25775
171763
130163
136655
548247
87550
29468
165468
911020
417137
465337
298238
99226
647152
717764
661703
18190
361992
16215
309771
583228
273732
13118
126664
449276
132080
533863
320495
425232
899816
65462
964243
419841
695387
676981
369901
363174
744226
529833
346569
635078
936119
618112
918673
723989
349331
715558
901108
346139
473960
984310
559283
961522
136888
998861
901320
641518
988688
580667
161651
891095
359013
944979
515682
327889
671049
795810
153724
128925
902218
88444
735050
332792
822568
889969
775362
464865
280304
840479
431538
811256
746873
380577
26374
675202
691130
254885
61238
989257
173063
946332
292878
716768
331622
383434
23259
156549
823698
692093
414511
79583
218380
203034
577170
573926
475672
844435
689029
279969
129627
59572
231411
275275
479503
175517
606455
232015
432800
75018
784388
664371
664614
694990
270069
177489
593920
556063
132082
373695
675465
85770
888827
445904
696442
208519
644308
502772
481180
335655
976141
851578
130344
757290
380013
880374
399740
163693
984187
583102
316668
529600
734504
964494
691907
73686
379932
764939
366405
768725
449883
891685
441283
682830
93780
428053
940521
548742
745862
607046
912647
901427
895568
531664
307818
209474
464275
281631
912343
841493
844293
377394
609827
28554
424149
407039
729394
405430
804726
694132
513290
891890
183499
937305
126163
640011
537325
69010
433837
935517
505308
474368
4718
9978
708671
9094
709047
739843
622233
40872
26801
155865
454859
111504
34153
355246
326336
903723
769798
59765
336760
519216
527971
773176
799284
568513
460941
418567
106555
763562
75034
888974
533704
434758
332708
836928
578321
145984
805217
497008
932275
669047
674464
185982
521535
564091
128482
854446
476507
502708
875603
373460
992022
756643
399140
618091
802124
514367
425222
147526
375794
955393
641604
296030
251903
190716
364221
699785
303352
986659
194877
201420
471766
764591
385656
852487
446933
191128
703138
58383
84699
727616
620653
197785
788035
519151
393696
767569
152838
210809
223249
310602
281990
215036
896447
219344
241014
431430
451662
571674
88168
870355
545759
688756
865715
970508
272248
409986
772938
644989
787028
507253
451442
680042
232391
486260
320635
123564
967702
290450
748866
8025
981546
407807
850463
724394
274272
852808
294890
285302
729559
814643
837211
21924
508483
365993
298160
624342
334138
54838
331207
529858
646940
883693
891867
502114
949661
244649
731101
258882
594737
457518
19758
509303
943634
144493
406647
22446
164593
96230
230310
234402
511607
518952
873989
841319
687542
627508
726840
530724
191857
541440
844499
491166
457924
125143
499990
816622
883057
316509
460102
305877
521161
111152
649833
380902
708596
1899
872797
664353
587869
707588
604565
412576
295804
507989
67953
325547
451905
706360
148665
660710
583514
382667
764343
498602
682913
803091
254190
725808
835813
337148
505338
496681
788436
321150
807237
388524
562690
928028
273955
403079
943960
564102
392908
818806
319259
477023
974771
259570
866264
628569
652615
170272
332458
962491
825093
706090
178791
725188
822136
425323
38253
273386
600527
64068
205764
774075
563353
39692
616304
868069
468063
237860
356950
641553
869469
684008
842473
131231
965825
487215
56314
253173
914199
190932
834101
512804
88907
711888
444295
674212
820540
691722
372055
113960
391311
947915
439990
351882
962036
705833
192163
610747
196748
347399
202079
260472
114231
428952
131209
155675
198715
792001
302551
42126
693005
135773
254579
276506
54784
963802
482415
793501
257735
297600
943911
440346
840808
60882
184050
744619
719872
811533
813700
203025
674541
710669
419107
170732
930843
263503
518596
45126
396782
123601
1282
818377
536585
771414
271674
890129
823545
444166
661893
546076
4866
420081
910355
926302
725763
699700
256736
124402
678600
454068
77782
465770
574060
170439
817216
482823
120553
153459
853477
960260
421886
720398
494281
342029
145148
457348
398204
989197
763948
377975
240413
581157
521696
601985
705583
305656
202709
385557
197397
806179
209858
461421
266634
376831
57562
322887
795917
367573
855143
242433
657882
111646
173788
581632
941724
725849
148237
571538
843532
413395
837769
374522
552918
200851
308430
347243
968400
623321
989348
300610
876511
894941
170909
623604
719450
354856
294862
601411
26194
477136
878570
554124
862850
251999
80252
601533
507348
296530
115393
313251
677902
736317
224671
118881
350871
644428
23942
694141
358762
600996
431138
683156
862742
956519
99002
783918
114031
85143
665896
105324
497045
441682
111093
700958
133918
185403
316624
447089
604835
7417
820971
715205
263140
265433
256371
240797
317209
500751
403754
961968
144726
725274
58850
312604
345
892165
490648
193722
549747
461385
260748
795089
295120
73654
801491
522087
633044
623249
713726
319480
510950
596577
527548
911172
29387
248920
155186
739918
882625
276045
910408
355464
323679
877624
902494
584029
644826
150282
394653
357531
148324
179239
425128
214716
945646
260481
809648
797391
843278
96978
3814
294024
13308
781494
357580
933664
42679
82018
875301
465642
633989
77829
102731
478388
764567
324089
785375
430102
70154
677798
811162
439514
384330
113076
96770
251975
331857
693994
150393
478668
848461
877416
731760
521030
897952
585405
235512
463470
232833
64614
794873
830882
785280
100580
442299
843150
96550
521656
784674
593335
785914
376894
464759
277988
567585
904804
857952
558505
67677
72901
942578
431761
919158
589094
538077
625511
789558
987851
749126
442849
29837
756023
678578
815914
307029
587263
295197
193099
785648
603210
312107
392629
984014
192104
29942
276397
316939
556875
299142
185300
870901
995430
973150
329874
986987
787360
989235
98335
484192
890101
201720
912750
457791
386282
537236
555702
197865
389866
391733
891677
357402
588290
654462
94851
299817
252790
915164
945257
480750
952958
215222
374525
33534
581280
608579
397763
457809
764267
886837
287649
709573
293965
757203
370759
856123
781074
580516
655289
354399
216697
961223
636410
104006
615093
453216
842071
29616
929469
587373
354701
38636
428432
848246
641175
257499
266825
875875
854553
379084
161946
738663
373794
718855
412904
157530
946465
553957
885891
538021
149608
161052
152768
612950
454997
827225
243317
340820
335074
470790
660625
470636
464651
598379
974549
755017
370072
466736
548083
611651
58630
997569
462337
708238
4118
394378
777370
976339
612785
886626
311122
705052
947638
57988
769939
737832
241698
97271
275353
286174
662171
708240
128326
571999
721625
105870
785378
302964
735409
402915
217075
231718
612800
703890
898869
595437
460336
956019
821495
830464
247402
420052
476370
225931
404632
600058
281222
434239
445013
900293
1138
613123
982388
778225
687984
197768
984106
346424
209483
307194
102937
328341
644062
85074
975289
432868
179082
975496
34853
310310
300499
291174
828288
648096
710296
585656
313282
173730
62829
856416
942819
998053
961366
211781
739490
441998
277731
913388
329010
979279
175203
295839
271042
28845
330313
998311
352604
303652
874217
971462
836610
524361
766759
865066
564151
953574
22951
721377
56859
537998
905278
643517
683417
455595
377560
951306
32882
11982
55909
428854
53374
851175
259873
211277
850752
10896
619646
492956
789924
661827
31535
74103
328407
538131
27543
466371
604570
526908
443675
639846
170831
943324
910511
484686
213110
972940
96650
798259
324596
121400
890961
379184
95383
292201
429913
344800
652843
449072
277258
611473
470955
567788
637790
259752
439637
868153
275017
139921
839446
644917
607475
241120
358885
826672
928352
601481
729004
302319
443704
990048
352989
97668
560526
866545
936783
858422
282938
479517
409714
411656
693615
878048
796692
682823
867334
315147
890789
393396
852000
206534
913550
525150
376533
807534
763253
65183
919952
56120
924388
593815
82839
413258
197107
510892
359420
927111
459911
683361
181548
823289
677692
935634
108900
480346
699421
871817
446212
826175
85200
158529
127996
846114
355343
840053
320162
95626
237392
740451
186918
324505
400135
513698
135261
256114
490049
654301
103609
109956
715121
365675
885594
99320
82504
696012
913789
881011
618173
199811
771282
139848
22892
836043
856236
118653
637595
648311
264146
4280
714903
176105
93234
745031
893885
572462
132021
202505
117908
952885
341102
651067
36120
377002
547436
868259
10386
799220
76910
665554
320354
268039
178294
777626
286879
436966
806134
488973
249493
870841
424615
117037
21741
199814
944633
890229
179818
280975
366373
442819
254671
822857
741214
690784
352607
947636
576613
104110
52092
444635
18812
600621
878449
676586
794802
849065
521227
97703
733725
576324
319714
402575
196774
739803
299765
678286
947646
447640
923955
940057
670639
871316
217558
844204
514893
453030
900074
38171
983499
789069
449964
478935
397161
682230
404749
47488
549131
929194
125014
808801
221478
527062
871269
450188
716371
373496
347541
635731
655494
992612
267644
830240
90008
667377
532557
685810
899135
255170
115166
736309
692512
116724
318917
86972
800507
957985
300315
754653
879045
684431
994082
968425
144659
486137
243779
296070
490930
792375
542512
439723
443283
135308
406376
979256
996131
241484
435032
660784
8057
840424
314655
892308
796009
557400
705258
166237
989430
979939
468286
840789
136676
734158
830421
440682
415
915551
711750
888140
798953
476138
303403
293189
611419
601909
480470
26139
841564
915449
54078
807371
834448
87757
588778
658283
683009
381454
747036
270192
775515
673851
503851
613658
662865
894832
152174
37180
107550
702845
831892
21612
911078
727971
284689
739587
730427
19562
318259
467985
822267
928418
935763
231200
148438
261236
543206
607587
673581
706531
662387
933500
347734
274149
891103
456359
641084
894168
125860
65286
558243
656355
988448
74761
30026
523114
120970
310457
712617
735661
695871
544738
380826
512510
744826
865691
283860
249053
483299
500787
770258
195698
719486
897082
891026
864613
379780
490025
851577
602717
501519
489839
276563
386708
847406
526681
140473
55188
987033
870876
63883
23568
927038
352514
349469
192161
607097
667759
798255
950172
248419
985359
965907
791052
106625
650271
134259
222545
262302
474260
694379
594452
85683
894827
498450
747685
456322
360718
958550
40628
574786
119584
326469
186793
514228
734310
591656
18272
828180
837329
569290
889860
39531
993132
607510
326599
929409
709470
395934
992891
978352
664541
830840
688656
573872
876227
895979
134047
381086
476551
828703
166025
375288
521275
331530
166180
44288
836064
856655
85645
565301
15370
989291
320574
334780
433790
503286
176833
582956
690231
64632
747327
619446
306563
995814
991735
319856
584138
720568
204746
811580
896239
616
607154
799129
131087
262536
709651
404166
203815
15808
860522
427662
358034
86691
304226
94517
905071
191342
591045
571937
261532
998608
501717
49200
17129
963487
535391
205773
861857
285319
467292
725298
970595
764162
278775
850216
440375
375557
579051
14178
930057
719086
69457
569863
795266
25497
174346
887309
154562
142994
693189
422464
161404
661604
804269
188579
343277
155088
53106
726957
905786
449818
561267
647924
977957
330493
3397
718440
29291
979326
894435
152693
600254
579229
305970
11340
596314
548776
89455
824572
487430
607979
449079
474746
229737
122818
86386
718975
857735
675535
374877
637584
200406
45382
116851
238425
310081
180581
732984
276083
555512
122817
288994
783173
638898
343484
611876
302278
171008
213651
658456
265696
670415
681684
773448
926384
885626
493612
36760
951018
539338
435422
555476
73498
782027
188944
596754
834501
171084
527232
471108
70702
74418
126932
245020
621881
705934
158428
136921
98185
981470
813945
166813
141873
65297
341227
530056
823554
257576
546708
822087
704010
66627
988810
838382
87340
78972
556035
220828
912217
690065
119452
381116
46253
469433
599942
433192
913832
136471
42381
595240
692679
435148
726150
776983
651646
836391
385173
533798
325973
483320
306456
512698
492892
308482
936692
276401
127948
373518
511802
668546
424316
86044
19445
678594
655292
116981
621010
324803
414546
973532
677420
848855
275087
781602
112308
750642
98572
76313
996026
484077
962566
547680
117274
405031
668820
824285
796677
828614
450881
965066
353195
490715
277514
863782
188226
789028
804853
813323
797558
706923
746315
79711
344621
199627
483957
991076
473590
745042
502511
881451
889805
796994
992875
555174
406541
896498
240964
549722
243251
472850
659613
338035
517130
182604
637462
276273
245497
308613
719274
614529
707109
920194
220326
872708
643688
182924
342620
623802
598305
351363
839433
344918
875404
524069
391935
914178
602428
75375
429112
655669
643214
122572
12535
896117
697412
34699
269578
476465
994841
919187
732270
416189
972149
91812
349905
795818
273980
593669
942002
233601
475136
161424
712932
944348
769175
528790
379762
653922
43592
453744
683037
165535
419619
164865
13626
893280
164015
477654
343644
232280
456629
880209
108253
322382
253506
951210
171298
717209
600764
908537
351769
504715
281639
514810
168658
550795
403861
588655
402935
331521
811688
709477
319209
181738
680773
366222
189241
322763
914647
648653
978240
881218
843645
342289
139228
281463
387857
881177
555335
110066
588438
791573
815509
941373
400109
619210
278484
97371
233621
110891
90380
628595
39917
440306
407013
580227
661575
340104
814200
282197
948337
844826
711393
303057
287758
349619
463238
105215
995118
89355
412169
219499
266506
110006
580614
506337
854809
980041
721304
586769
79498
327567
562091
188541
449532
525111
120066
321527
361371
995590
687375
52867
181669
990291
815092
3848
284679
613973
668098
785388
259751
787015
377885
337994
588638
129205
711739
704723
369987
625639
835851
593150
256099
439783
840178
192173
322444
801647
378608
69022
965576
639284
778274
994058
577576
143497
154016
734046
305398
138034
832326
960659
565004
657670
779856
532738
76799
838111
928779
837314
609378
796632
899697
489272
874437
441388
665809
658790
764610
9074
367951
861588
880951
217647
496794
355428
503478
870200
360482
694148
529872
418351
797176
83452
914297
423337
491010
791335
526296
589040
326103
505726
112686
443684
62205
622096
422688
734076
443260
591438
521570
108778
577630
404162
704322
552477
485894
346464
166094
664544
338987
638901
316004
866463
295343
538748
745044
714784
478608
939891
932690
936202
150011
846847
267921
573430
930540
298
679686
73924
294983
340165
16957
933408
975767
685002
795789
971940
103263
406022
699323
49162
121742
860321
853373
835404
816656
399755
522905
531098
958145
868613
350826
41527
181884
547529
432644
810545
446610
556568
10671
814651
913494
674206
952144
16361
237653
915715
196582
896902
654116
682384
380271
294485
563025
586620
695851
551971
647995
557651
912120
962565
345342
439874
368860
229684
984838
636097
169890
552577
777221
369501
484635
309494
401407
631969
845381
61451
57410
749792
128970
590210
50036
845602
188191
14368
897605
589097
309069
627080
363075
106206
929229
20597
648395
246749
952139
838867
239581
502106
999117
260603
905929
567150
858413
829962
77894
210242
594754
434652
495074
529878
816605
897194
838675
156463
752879
48125
923051
692763
952008
236686
616042
974946
684282
820349
263917
60683
412188
495657
916485
632456
640874
19122
137571
969791
62282
883017
250991
519605
286825
497584
145591
945561
339844
270803
494404
88171
172803
790787
836423
592959
768523
442357
929490
979685
19505
340071
945920
433906
905227
160513
714559
498078
985466
247765
674627
741269
117960
718717
259119
35616
510298
572551
81885
535697
644492
620490
413567
319043
256354
970977
382231
405969
704423
518626
222128
198821
396222
66543
612722
832011
261398
716979
185099
951336
487910
59439
192819
829979
889013
214946
337546
470638
352981
260309
749277
681016
865904
571584
533895
859987
898618
862044
908468
401526
641414
269062
656001
82862
744693
374335
816446
647112
362328
173527
863311
311383
848887
828167
82709
162203
73796
749578
508097
24101
86901
920342
776476
180082
36418
572159
762695
370197
695341
13113
134540
683348
164019
52539
55328
267152
259341
593726
49463
28579
969380
520900
209966
697870
291702
525580
514034
580424
894022
697894
993980
194867
464563
917137
151062
477314
580555
394354
67768
717192
421195
956648
173142
369499
785857
678094
993107
296100
727570
564812
524563
689799
857944
651802
49454
386601
456867
862867
308544
591714
655713
462257
256029
776065
555288
356907
746978
594038
450639
859368
692326
226848
348493
305118
738448
760756
750265
955788
385858
803142
260384
974672
476147
187191
859926
328230
868315
950972
661811
337661
827847
154695
640447
842871
747276
708756
224104
88958
674072
205777
370159
355582
272484
22186
441379
571202
767685
81969
246214
505966
659490
949095
72151
866560
55913
509953
498810
208249
940986
337930
161888
449996
670441
538371
360524
477774
605151
805128
131229
604925
716423
554896
189959
590580
164506
823859
301800
52219
520582
158476
121994
672502
370554
461177
42484
332478
133137
977215
606829
973197
130840
263691
666894
674579
761790
937939
811330
140261
357079
341915
291550
264725
624460
997332
980439
491804
778467
281054
58020
271092
914855
70254
627057
787075
154420
6475
926652
737265
820001
590195
193232
624026
840714
825818
47260
247327
292344
822802
584752
687191
634160
469894
121491
993507
648853
751968
615363
465312
720186
680715
639754
452597
277960
316690
186297
435787
29192
3815
759108
346397
92110
990976
651385
130597
775619
323996
857887
583414
860365
453860
467239
322600
396445
843180
898897
715501
285076
524888
686494
788226
535187
47515
581613
114882
537054
810779
459125
137620
376235
421169
23326
124293
98509
889868
417532
677744
348341
489833
322458
156528
254381
869565
428634
810515
487858
151980
671861
722431
832673
359485
810824
95201
744565
851363
350686
105243
874093
497082
90594
227985
378572
134303
920174
607313
351482
313004
514177
114716
200392
981199
182224
731157
341905
670598
390579
761797
85179
859257
789440
446217
530973
201587
288245
844953
922171
852414
238286
603125
388972
259867
377207
988014
484061
271579
808028
458062
197486
354845
751516
221413
354169
323108
525787
108977
866996
452052
454646
155881
442860
158346
198482
750246
363377
897749
49613
178734
524753
275988
549398
929567
824700
164332
230169
523573
679559
370022
413714
860728
424460
169124
691779
855877
862638
2622
31169
731574
129594
902504
914161
667369
697907
386350
515978
912642
825846
968405
655894
630428
93815
848698
31117
232321
833410
231051
692571
371246
363028
650902
348611
803832
36180
555964
257840
582216
171568
237956
959962
920455
772245
258571
758481
40660
14794
631002
451049
474098
749226
884688
600835
250623
400508
439358
406195
48031
492465
732753
628563
4472
518073
803882
865316
431509
244226
904586
326811
532014
888782
680041
607487
757487
879461
559295
277780
521634
292504
365496
527654
753926
861314
640041
462367
494583
569381
865210
787595
394770
825030
155496
175827
87373
426889
820160
779441
615546
750977
119083
895348
172364
127046
979104
961722
185388
776331
650447
678636
587242
935747
205085
359280
689021
164128
776444
98420
695480
949622
447590
542891
494220
150399
426935
763797
528116
777783
470629
668150
553153
773416
387421
374504
864514
7552
717754
720911
893981
894116
154076
447986
837995
78851
714332
261811
484453
852319
909039
588095
337719
433238
407750
781620
958148
862520
564595
99212
40387
965699
640860
50979
537028
862710
66379
969958
879825
758356
169569
282074
152432
134711
176490
261190
722756
313485
983692
295807
846866
520564
713050
678114
250414
3526
133247
304444
657601
613042
865041
118318
760679
690965
7420
940235
822559
140333
85149
198143
47868
717506
887653
451418
354204
952217
777137
437839
806596
299156
818381
349454
184057
426073
8985
815938
918189
518561
608777
597412
527191
544287
958790
271802
797083
9354
38898
122928
235177
185801
188296
96657
535330
293819
88226
502754
299956
696928
864853
317147
471430
497127
868983
202755
419663
767828
442177
36263
411842
895245
350543
237622
557027
310722
128452
513916
565885
232055
762442
303097
60844
659952
588279
676766
598869
977400
418315
551907
375414
147021
168086
143495
784683
143670
938533
278945
48819
717822
422576
144198
55032
17395
271883
107421
849319
440368
71944
186640
138064
981033
55610
37934
694101
615820
949368
357979
439790
977795
550001
428008
202454
994535
189629
194389
661806
924938
500531
778667
116597
320626
576830
96726
14488
187959
444424
417216
493358
245040
868505
309129
543090
586247
642801
404588
630444
921846
882872
822800
828783
764384
869452
178477
299771
185934
503546
203225
201986
278276
245001
490799
373320
856832
341039
529882
341859
463694
712295
109763
612130
452171
162586
121941
952202
436788
402874
516777
87932
681129
502126
743571
775666
46596
648487
588808
45672
257488
120658
522027
6679
467112
417894
773426
268316
335598
698717
456633
749048
633316
264703
410595
801072
653802
357209
610217
275093
165396
115981
496641
319966
125927
433987
477611
297073
129009
212477
836122
119617
105794
670089
691134
525200
24203
867983
195370
350934
901969
550602
384167
592442
24397
395604
167549
52707
594393
938488
867638
816445
12077
448102
989815
991812
607034
898124
764047
142907
232402
355160
155177
815991
54371
707718
780242
238911
366152
384907
406232
753596
570236
49943
686221
587164
614697
234507
458411
684874
260063
876599
366418
980098
468384
485262
907372
41811
477463
109673
908273
452661
414825
993844
551750
189124
257061
492025
648833
924761
524949
421703
341255
389123
754486
975678
921431
688807
562947
797242
131423
126001
193581
402266
949260
445110
634216
452140
651039
131624
330079
870839
478394
391221
11848
32676
626683
935868
356945
254473
505215
585708
466041
898131
396232
732923
746940
1360
296889
254848
552423
74327
605310
218927
556553
689876
992136
670318
962058
470132
254646
858584
961429
613097
179087
311693
418033
117914
431404
82227
621486
865195
229107
304718
911994
424484
455229
1912
479763
998976
299993
6333
7830
571220
364842
949333
971895
260058
896939
653118
877258
996506
381075
85238
330301
895860
216468
442130
47080
6988
195389
910782
290493
26322
386559
449298
542298
123693
420108
30477
72062
631683
84891
593136
641943
163815
506185
178873
871225
613600
348313
198395
739499
612498
109980
46678
623068
843276
289772
605465
681011
31469
630354
310128
373636
381299
932807
517579
257374
635362
331096
435598
693889
259981
98658
143214
259629
411587
941053
206447
243349
928025
192309
100791
812082
289745
81396
463309
737333
984484
640315
226292
713556
84849
280527
594462
170886
655874
218544
481231
706825
658359
67012
141967
490528
926033
988499
355147
679835
299165
8427
572425
911182
754874
260452
178374
366372
777
867902
41135
762188
722801
383206
784568
767953
131660
151384
633243
872199
23538
198046
654448
274721
486368
595894
878117
635936
419588
924241
490267
197222
853799
974008
691038
791529
295991
462794
801406
917954
258800
539168
526542
327717
593895
576209
458041
241643
339507
64337
549116
331083
986296
613684
510723
263720
565649
132305
738212
348356
971097
267265
908082
514578
838423
675591
823807
617896
164164
597449
174386
826899
452473
134908
795776
467461
701945
538655
211594
225385
346905
577310
758611
302935
192456
62166
672861
52579
431295
67064
9183
35088
510086
7559
854116
214882
804255
768763
815746
260625
304531
527240
178614
964313
593624
330232
819033
801071
363036
391157
591681
931022
376049
343843
933943
569838
606229
102570
785360
517910
927324
418129
63530
13897
616124
259781
536325
351324
22773
955002
623547
928295
687771
654569
451677
710298
539842
231415
241004
262631
573700
329014
65777
879197
193969
874564
954745
399317
130708
82577
978289
331205
59998
53887
223130
650993
387890
331234
774056
446146
104268
875494
671933
450095
425678
116240
929341
181720
466473
756509
319693
730929
588580
18310
485165
13979
402252
286245
748207
405902
99001
137329
278932
552819
749432
339494
532098
853647
651994
463296
517347
542041
685080
85477
2012
537580
560417
858274
885992
980695
748099
433806
547089
257841
536395
478283
420812
477047
584042
53741
230303
186039
357422
196684
650277
214430
784553
304438
234084
540841
661123
389704
891300
448590
498074
247789
996578
79944
496067
175859
950877
801986
203373
980939
550029
153567
624358
679965
611635
235748
120632
108742
203148
319363
31403
641263
748127
222917
852206
64395
177078
828498
33296
133932
533993
312992
523113
888323
532949
483190
891030
5490
421740
210204
799968
941478
292385
254
760440
544150
504905
399217
807950
244567
879761
769997
530512
334821
8287
933080
941460
775048
481355
597796
448490
658500
740853
262642
926730
760736
94335
103226
264457
803716
622666
589235
242978
777900
245940
322929
273655
214808
20730
718490
715654
384532
90360
764226
717498
436898
931595
745510
405214
160773
154007
40962
819948
532013
623524
991119
865540
56058
588899
191005
631992
57838
636815
501576
500676
392180
525743
633690
240923
178951
164216
601213
701980
526017
267598
854875
384739
586753
919019
627412
788732
269879
832985
596251
717619
760399
340825
94189
564615
742263
800358
467631
994429
933327
496548
73360
205164
395089
638920
290758
881929
603853
820427
471005
241803
358902
989741
666277
348399
176860
452466
757287
204755
214388
986755
824707
943134
33889
176920
81292
873579
394374
760411
512473
583994
4506
824202
714889
990014
879503
163067
337746
95646
129113
74126
42088
364114
200909
751617
986083
529026
530389
854498
18958
409100
364558
289631
66126
139877
387326
859065
494829
299927
426613
259223
146242
229608
771775
632695
260351
339355
659906
910847
87383
653584
506043
540850
852361
42566
901263
71038
270158
580673
836113
259250
203547
502215
954383
982668
831379
667844
475673
627312
188749
359117
629584
759925
880061
339585
896550
550362
161409
541452
696695
208918
619594
522501
270275
701261
727717
546231
691848
486430
569765
474749
521720
511129
616495
684358
400604
357646
91490
591481
239557
516545
552801
248306
240170
916537
227134
753449
674019
178552
647684
965428
890369
458756
29089
229731
829319
666020
533422
931145
855369
295463
549469
875354
690272
557789
588350
605552
690248
366185
712558
160424
939158
398510
397468
91177
465624
282983
965689
936580
57931
173651
383676
931447
642227
562061
130639
980620
573851
869241
915353
165023
768233
662633
403388
787805
604417
11387
235558
975590
748065
763946
393013
35297
802547
248727
908207
90562
701986
409655
545841
490737
331932
350138
843619
745140
130696
165542
471506
285266
367514
562205
416955
429950
863228
495239
577346
252426
768539
332303
456395
603065
816332
423044
640505
296625
548186
895583
710401
742351
810094
824868
938
754645
794201
455457
279395
633791
983872
629011
388992
273715
7652
551272
833107
965398
761548
615648
731107
505659
465938
129357
612684
208118
82952
348729
438515
500495
26821
316262
162531
537426
366351
332656
93769
434883
659814
300495
383624
444400
692459
533945
15162
983966
900908
484452
698052
747429
671309
795497
37397
967704
505235
435268
431739
148636
956560
358392
690082
513178
123111
728591
194473
562959
813435
275071
647842
49856
413816
510249
278694
811083
741757
569786
545107
420633
287781
165236
251748
634416
362289
269063
225707
586597
74003
566425
600109
211502
683930
227557
870746
37974
869109
598143
780711
848841
619109
555189
957962
658575
868675
248274
617617
310806
92907
788476
383456
166567
647556
97661
534853
833851
122605
174558
471930
394407
926854
175407
206198
43186
690776
511012
198704
420615
838498
996186
713137
271942
762689
784119
725012
479796
73979
374894
389597
108179
213416
71714
288564
185101
764157
904738
255037
429258
493814
968595
325525
310561
535584
396523
244330
602218
175040
269785
860023
369778
799715
579459
319899
75720
601731
816615
767253
314996
15123
499171
914334
749191
214248
487696
921443
763470
111107
206920
117406
138656
381055
2056
545744
619927
579091
854129
309277
893147
383301
911337
656985
755308
31710
486584
655827
769962
962528
967954
973632
444434
283240
172726
90015
599273
221122
535470
755276
29458
197373
431938
737916
130019
383821
835030
569892
543203
494857
959323
499254
711657
381123
207472
94352
237918
673645
790218
693093
450633
500882
225525
385570
22095
289252
385857
759699
962724
743409
96073
55333
843054
494260
273505
97542
361592
944008
796763
667433
125903
337655
237366
306981
386877
146929
195365
607933
974623
625112
96375
620858
582949
134328
237799
752693
233318
744596
98242
778033
429406
415772
959921
792612
136453
515642
54370
861398
729100
555851
822871
459555
762743
274731
378699
291995
115346
226345
623996
208136
368913
417370
425242
147727
66824
303753
882826
773871
926979
414412
35159
670247
783363
980401
857206
685492
237014
375640
808500
367544
603857
467290
946558
914614
68717
386023
583692
264954
315324
411822
463020
320022
464198
466101
682855
680966
373572
941640
150866
464117
766008
887502
312114
714585
165159
113527
783820
558009
931125
72465
993353
68302
985307
159674
668547
956423
917510
207280
663471
12007
590479
558148
106279
552074
269907
604461
394962
886213
890287
916281
167922
991786
614618
294302
856585
43563
877663
89711
766953
714006
547637
128938
598679
993406
971389
99822
24347
110586
268439
44362
72679
144775
91232
881648
633953
257673
691340
94472
286863
74158
818909
663393
940638
720179
17278
640578
531919
187392
331006
916703
118975
140847
562988
193831
811473
560747
715403
39482
569594
566130
958386
180024
916264
354428
802371
660469
202768
947318
438277
97160
792531
648807
7106
373836
528436
284662
388156
302392
506878
621209
454858
690307
402089
441516
554636
186795
875576
546649
440482
672467
518164
455276
394879
319270
942508
73611
430615
985958
64502
719570
16242
260624
947795
980175
173794
884270
291280
706391
573585
952313
708552
804419
256052
510248
215656
910667
591004
942361
932939
643836
349163
109723
860419
119203
352406
690425
331148
648474
594136
416108
949191
915018
638844
856853
595260
995269
836089
219819
305333
820997
911684
602114
837520
870817
845027
753679
340571
845276
144528
46918
970376
10968
584261
420452
546088
287914
38409
359195
430851
13209
999165
238264
806804
182218
38355
402299
239405
186976
197675
718692
663964
152271
5521
214357
587542
643816
947970
911345
615440
370882
928399
533520
803501
128071
701339
616668
891794
411224
668542
631691
212437
219422
612940
898553
18579
730926
646576
980129
744608
890584
723441
137015
343321
92109
539543
235621
378262
467370
713382
760865
361404
107621
891529
101608
458799
681427
427659
466969
453924
162899
266430
566832
29844
631579
220222
215581
879116
142877
591631
637120
583586
411541
788228
77506
635826
308345
523413
341926
78687
527807
888420
812844
94232
310565
185825
786397
467160
753626
529379
836367
301420
93407
592260
789443
642998
749562
29379
459337
257430
945519
580021
611210
994661
610398
998169
707058
83995
653112
1416
930488
686288
71391
925579
780043
201759
467719
809434
73063
895857
32019
573248
436395
943723
527722
418379
7321
938658
122812
61800
768296
572096
854559
680620
325210
404120
819939
498433
507809
29923
483586
779691
846622
135445
546870
831030
306308
870619
308325
860030
567451
483956
904696
12570
890721
323753
579529
138406
587979
615594
918970
45548
291369
852615
690979
542255
437735
108231
142755
566483
599407
300969
971288
701036
346924
509301
340137
612833
302378
31229
669824
689405
763545
189813
296405
139474
112625
375276
331110
108554
853295
957414
512323
682571
305917
531800
980741
717254
675759
169600
292127
225885
831658
691934
201932
260398
814687
812882
131176
822145
714421
559891
350666
894469
60681
115568
304154
757567
884425
750211
897385
229865
799530
856281
584824
392072
410632
438666
79718
156695
519893
20889
821329
611444
748439
656292
101287
417242
164162
808566
33736
784009
569138
461306
289945
182786
3396
217611
473000
943342
331282
39526
576247
943519
350218
938753
826023
600942
446571
913333
338051
515611
650774
684261
195506
936551
826531
578889
566978
987159
121881
358316
74698
10733
992546
133600
563701
422907
1387
133615
941988
800350
692179
202217
769522
187518
992717
246035
957331
468618
592720
848213
681318
42777
130764
626569
876962
76365
589320
831867
251366
809555
416928
336412
128280
492885
102609
51263
123539
948387
632068
584894
788236
556467
989832
893166
108886
481308
243355
695831
141709
333634
552500
285322
589096
529851
39131
209373
678567
976153
211368
368068
569321
915864
403875
44360
60506
861409
688842
127143
268873
545593
619465
12439
592457
743237
201178
607115
306122
487274
28680
825091
448524
310658
202203
1157
896548
436493
188651
510004
746608
192493
870915
809246
87176
321859
27793
809138
739203
900342
118662
809743
993635
557906
351568
494711
335774
484428
100273
602530
284234
742372
502204
308655
121892
67747
189548
53813
588092
33668
460257
727800
799617
400175
400568
823096
925925
20832
248261
414499
738540
315110
247664
168618
59991
180552
147177
339184
879335
581250
320137
264991
437008
472941
930247
256469
392124
144188
484243
191036
106680
293538
952978
266552
332735
609554
506295
746297
31393
768478
760122
662512
432720
313729
171768
102365
87879
972408
331623
910599
830232
242890
650932
996997
997328
802921
65723
434874
402952
802417
165794
153182
423563
208781
49043
251254
604319
90937
522708
452582
343154
524449
38980
250589
748578
386984
951540
493486
43177
619206
215263
940031
917348
717065
865352
228378
633534
897148
48687
587809
411197
903525
388271
818590
344297
793383
289783
198584
531156
29256
525091
584066
579211
750861
649334
780014
958232
457986
808351
309872
394390
623716
224476
985216
367202
655575
248032
664591
407626
150708
145230
554255
428412
26444
9798
754518
940434
715650
255828
243492
261751
718227
438176
544263
530404
328424
719715
554161
591763
415221
688464
123404
707211
211170
181343
436858
901814
396316
524661
890167
648608
349829
275762
605275
27022
411787
405846
857660
57785
987094
163984
333425
34150
570203
987173
641585
445731
984462
777530
825689
618208
52916
561150
64972
927463
790230
46134
177781
857657
458002
800678
769704
27207
380363
27353
417958
174090
283904
557454
504767
835199
661562
707839
871634
266626
299295
977294
427440
403782
544292
712079
881119
154927
257376
710892
909050
552588
357563
763577
697910
216052
186949
904853
825023
442236
827875
661305
655232
108690
971108
19104
489346
646713
559217
294035
310252
442145
948899
730320
168232
889506
686639
283606
116582
693461
389820
405392
469754
231439
987990
281819
124795
129466
385590
156769
766995
233937
550213
406350
893435
725242
860546
997288
139578
876736
846913
514722
178581
925227
920286
313022
485130
826034
890437
264083
579814
106446
618589
749681
559619
140265
208978
752539
533602
128437
389693
158515
644448
916378
979315
64819
569624
605639
235879
333655
189398
598890
632380
45017
703731
60410
959019
504852
883666
313777
170766
351626
722741
946072
517063
248257
823037
759738
964367
840904
941628
93434
730271
618263
475897
857025
200436
811156
357503
480899
354658
989363
110009
998452
438159
361557
341933
593424
775311
480625
136997
13230
326622
51266
772303
602320
429260
254025
708363
607391
386189
40526
77746
382383
458698
725887
87508
45251
941974
375498
240669
612081
673695
463980
107581
246080
16023
521748
930324
510836
937280
661732
267938
757670
778946
359807
169232
81252
318002
895560
577373
537457
213120
551081
782552
717049
898438
2200
726775
899743
803504
644284
271256
940233
681000
832273
881215
740830
116037
416437
412672
214992
11471
728102
396402
891516
673206
678546
78148
952895
926756
693388
579243
278248
952158
328775
908819
86782
307908
375409
51183
224746
182514
490218
552753
182595
506569
713311
722390
504308
651464
12743
245401
546380
496467
368954
688839
956258
669398
184617
919410
338851
288579
385918
192063
501882
201527
361617
629531
222490
727994
282755
413739
212837
617467
278048
277006
955614
75707
926856
349903
484671
947422
115713
57894
489430
953904
165161
796074
641157
904362
800562
158163
259528
478920
16625
184362
819990
831253
478799
954593
268035
566836
141415
910648
938720
9985
507296
49548
12153
195098
291234
913104
708045
430654
56275
350841
135965
25948
85063
469861
886696
380550
936579
357848
780606
617028
933868
456417
164355
758853
896731
334339
192753
476306
928015
511724
928666
237291
238583
198124
187040
519325
946792
665235
740231
991458
230742
496995
630701
896795
346615
786676
323366
770966
202036
320958
222005
582138
339668
337264
445715
181964
29976
837444
94176
163918
725940
465582
406371
974890
573230
671040
905676
490947
673989
637429
617717
277997
556804
404560
842252
922092
376895
979633
501415
628990
613281
479671
54151
200016
973593
148426
326297
191318
834162
821573
884875
676097
314878
246353
220229
168759
9331
234048
579123
549910
24978
376086
322935
236417
645157
390362
177370
256044
339992
749038
805296
373938
827880
746795
423945
842949
457834
739366
554257
851711
991605
649428
291269
982039
375790
591754
3410
259632
78126
737756
457484
609100
977106
507367
404295
520862
356510
305387
930966
549437
695054
722256
67550
734644
479675
215753
24598
556406
600359
332502
198109
233519
99045
316323
126007
731893
803431
176270
897061
946461
719974
103942
979681
308331
527144
556559
664051
110369
231665
50210
830067
914040
16456
587504
444124
230829
260644
332423
799176
279986
66100
478414
727309
649157
882120
959722
797172
712862
653983
184899
785875
90434
671245
213601
886918
451829
940361
772528
327438
430348
4625
16162
815045
741600
37306
396787
703677
56031
251479
532360
198645
817532
203013
639153
316487
605522
547981
762705
480535
286664
339981
652334
30307
515289
817553
91728
134768
552040
145006
739180
952101
358066
222353
346721
730170
173271
87997
284310
258703
549129
386928
170160
562841
378064
214884
707118
438135
188343
262769
757793
91362
823894
738255
473738
981891
141437
504633
739986
590431
265466
853422
171936
213229
612296
160913
392923
82185
248148
12401
590460
845249
149996
403490
615950
30156
120135
708106
211269
724954
180395
103160
430456
234501
868607
987886
514493
992679
582509
736639
760288
290439
517043
98323
919871
279595
519047
144456
103633
412901
83955
752193
374520
566198
665156
177762
57689
568286
494216
72274
715571
67106
477319
381867
86596
769589
223757
246042
29907
587102
561030
60751
915946
548487
795586
870110
776162
320164
832153
442613
782614
999997
292264
686842
73017
883994
633657
186817
302084
647051
972929
250727
986696
808337
549378
196622
794849
758444
200721
792885
558347
472258
906738
827634
142
48041
555103
104591
908437
460177
225320
23423
448861
440401
33588
655739
859785
169740
308133
390270
824146
30720
293338
325593
806683
836587
286478
943155
954714
260961
415058
161871
557735
53150
56182
615118
653069
947111
503753
47428
325273
516918
445353
763029
641978
123288
859305
318016
579756
908589
834693
638449
943478
578812
745265
223716
777357
886128
399050
857072
102998
304692
493998
538168
291465
968870
990887
77609
157937
360890
690306
903664
744335
550574
619262
575100
352926
143845
340448
632811
909554
969443
793316
114580
462586
366756
79373
241648
538532
897881
871453
669989
681695
994624
276641
44336
80572
322782
95076
698031
180782
438492
465220
394889
109936
309564
53921
108603
467142
403766
757873
530751
136667
774387
954672
807066
50569
971301
187829
771459
837304
81857
121504
600107
300189
374682
819632
567534
492196
561947
712113
232340
213929
274977
351314
948803
291039
179251
620116
296709
783315
536543
506911
911986
322379
816751
633018
653000
639635
258475
491985
904235
996988
53495
185652
901782
392222
958563
765029
277041
934034
714059
528581
835293
655473
255379
901312
696039
637597
883599
943596
896883
944431
973239
12006
650867
598436
24102
74139
521921
598644
302351
129763
159455
948739
737213
448455
124104
87089
479108
338659
232370
197900
254601
275174
270307
88619
271799
293677
421312
596941
433586
607880
639525
917442
565264
137994
37267
275411
565477
412165
996436
818351
633922
596349
986348
145392
529914
529156
728107
369286
805954
461556
269474
85250
126386
678025
491329
20456
357913
454207
772019
44108
263344
243012
138247
969901
216513
876085
827850
903282
430607
292071
467373
193067
470803
982341
499058
343070
202449
728283
219622
14091
898200
33578
524747
313441
26971
417544
672951
76605
928416
169332
922075
157953
168529
555834
789217
219276
228784
857855
103535
730907
765864
801578
505673
641660
86334
68271
391187
917930
926119
162489
789107
832970
859506
241524
603733
374401
611750
319732
11144
81840
396646
145733
599494
303373
990545
525712
912977
364575
418023
92646
681912
629525
698660
863852
556601
633860
345457
985827
879104
553980
962736
164947
480718
668741
864629
834260
98997
490811
622677
742713
211199
985603
857366
51737
193327
488553
490437
95035
275736
908967
26333
397000
344629
819207
154273
709792
106008
511534
340053
888030
975271
628593
713246
459033
255441
596132
830720
998478
502436
868077
215179
872896
576652
401139
466022
34426
544233
452212
602993
126859
133238
943322
87620
608141
276821
296510
252260
408523
18811
275513
608592
593025
750958
762252
529657
973889
807172
553962
215365
874640
450929
729695
354927
361886
192641
139741
885580
233377
720737
628709
271976
962573
355479
699982
147535
433394
757714
275317
571495
782001
923
959682
518907
135004
608875
791762
808786
613354
997399
766854
869118
853651
330599
553000
452337
579598
177348
359797
170376
313125
878799
930379
645932
954673
32590
407152
358350
144440
968001
272572
813775
954079
29459
970661
673922
899085
200172
281701
459529
914911
570851
209482
269211
357889
711633
141145
314536
164783
672961
440160
889299
157257
252099
633815
676510
533388
623967
97842
459556
339379
298343
773382
758975
461161
411942
716565
101962
921897
936244
823992
622336
49652
668587
378216
310723
994350
1460
737768
836281
415254
358459
697555
801361
680992
565761
444926
929571
167793
914703
827657
903222
202486
157320
62727
934235
58210
601752
981255
403126
320706
146697
129279
928540
231422
934260
451796
736152
876462
856788
724361
740168
158870
991286
940737
972837
695488
314316
111602
808416
537205
691681
891240
927591
521431
551848
861363
264262
467870
265581
697967
971243
935917
880941
572206
273410
173200
470785
648388
743679
599700
733492
137326
33978
876291
907702
542239
107891
179131
848618
327785
995319
704554
899930
307909
266268
216809
107402
64831
705766
86833
495530
431040
548492
277630
101412
278713
8788
769215
762646
278698
461659
920566
878042
322572
904817
586482
636800
572769
115489
429479
757981
17750
412494
746151
700924
456017
659960
995007
498803
7261
738654
129648
580625
372975
658302
158345
206452
653781
9720
751518
207543
491706
175078
51336
920408
661074
491510
42967
387258
556304
66582
289386
513517
313479
997885
43853
590979
101920
95151
795587
939474
631663
439337
631344
985380
727841
428447
483892
775120
768513
646376
389417
337924
433338
46915
373509
823746
514916
254975
822623
325926
15069
290837
47074
697736
627010
8017
832141
206071
93963
140330
168548
313510
503873
193267
678199
313891
645148
463530
479948
591746
627261
567982
448683
538136
230084
425230
797895
298275
115727
450557
879876
636295
788560
930145
266537
404723
336714
821706
745892
21410
255656
511744
589620
323582
414202
303733
827703
587277
558297
878544
477488
88549
763148
959220
367987
711193
624047
344274
532251
767115
747732
501597
782486
785539
617747
629294
945320
37758
685051
289221
619610
617836
161150
622574
914930
523428
164091
574919
926192
516404
704320
505614
587975
572471
574070
258061
735848
20506
433484
5037
435272
317405
854904
887562
770351
79422
502107
65584
418288
338951
244675
404149
971955
882033
583306
740531
694574
751988
929755
941042
930476
904341
172235
774626
415721
535368
527924
726782
939027
528668
527049
1144
909776
487161
935225
278068
607712
625911
74212
39804
926657
344333
654617
656135
606534
477338
979245
70105
222884
233130
692965
480237
918994
776112
335073
898814
369354
553826
224501
959986
660397
246641
326936
112420
830339
399844
213173
344012
665760
106128
52319
279757
253986
247734
637090
682011
315414
696185
868148
790727
715642
209530
452235
848489
198685
979858
463176
471657
159075
162411
296592
857449
793957
528571
212796
451731
679029
173086
715110
827066
986367
968016
955108
951535
969610
451524
384721
240547
397278
489571
523462
946100
392000
318244
881064
309654
363801
558212
46107
139743
206517
419
830613
332270
264358
896059
954061
30777
27785
861181
382737
89650
252128
898506
942775
767062
154974
628362
514540
48146
373570
211949
98984
246354
614939
688060
153346
213031
996010
277339
272223
479507
537764
395357
322950
162484
394774
369924
346511
589068
491939
582611
489978
23209
943465
763986
120797
530485
546946
813726
118133
725468
524454
302634
777244
815061
497070
151446
887707
168144
878387
166826
168407
787285
726767
367400
487792
260888
246890
275847
947709
562344
510582
763237
396113
705085
246461
407768
942017
588441
945554
818672
852917
59183
647726
885864
116531
825950
844934
439481
157637
563930
246341
331976
369608
981164
762475
454463
329684
957455
509826
654200
236547
804603
358648
927702
294368
774016
354334
919662
354286
699848
559932
878755
1874
365247
895822
253200
849374
678350
724575
489629
156026
974658
965121
690164
245937
150412
989094
535758
409173
625249
775263
564967
794960
742082
70574
225296
324617
316054
516937
638115
510447
349554
515438
526032
999845
666811
567453
28758
293450
818147
672887
541646
290468
165583
128817
708897
230248
261465
776693
964570
905832
816689
323797
292374
462361
138718
652460
842328
648320
503651
4627
46073
751161
665404
742717
395069
491492
147463
732784
775616
524972
70592
651681
199055
991029
250085
88234
923475
941410
107576
668522
456231
743360
138211
86009
363147
58706
514677
627334
955954
137977
789642
128848
890870
686976
557834
767997
186988
929794
965896
515738
60305
535928
578314
282864
383587
101219
392040
480831
140556
922194
419277
955866
169913
234705
813083
776670
636426
705646
996395
632016
43170
553833
987825
87890
71261
921335
802174
98306
412641
350368
617328
831053
352482
996
24185
203151
76129
573820
554245
641938
375533
452091
410649
326612
639247
939196
82585
856725
984866
399459
734558
808619
489794
680187
592624
200947
591827
50879
347936
320866
96299
971636
149061
646329
861469
629491
871057
407639
108131
332933
107982
543272
15079
375079
754107
203259
890222
732716
835197
640690
257186
279492
22098
823482
234764
785083
524986
511112
968431
390123
459313
358046
460073
1901
371608
897502
927259
38858
978174
856541
758183
180657
540114
26611
38516
799571
793843
390818
983054
753183
606756
367905
126827
519061
360411
870084
764616
740809
251064
838665
198066
53751
453075
730049
168545
623421
693742
809241
986239
204025
173386
39428
101638
610111
488789
561991
26055
880375
493824
660384
813830
816978
873199
611028
360003
190503
126218
720212
697428
9326
331761
992459
385773
41495
383180
33350
628546
166984
456384
318977
377347
176562
872637
178442
2950
986255
178356
442068
765891
853754
320742
565659
433144
566122
666392
981614
730349
526476
69347
503582
220818
960380
243431
804033
166916
229473
252064
56035
604910
598178
9232
57611
980812
778505
827228
722149
845835
960434
551859
810385
487983
961897
271303
960904
577596
748386
719716
714702
113434
986985
614678
952743
364554
52576
429857
661082
704679
826898
305739
621771
271392
763876
131306
145726
22993
110443
355080
308665
398462
151383
577584
13640
876459
750668
455320
343578
899675
569169
593386
58825
85027
73505
635313
775031
746921
125983
440668
929555
380158
857319
316210
792763
849174
247104
494355
894844
15648
573677
521767
465461
922886
946979
267557
785177
202307
724628
47554
411410
601371
754601
571380
249219
425084
885647
382689
186342
360623
579305
667113
391957
602683
121955
93133
769636
273494
458918
902778
425898
189257
534119
783670
146401
815263
807643
588902
268515
660745
579589
396601
310484
826449
188207
685877
642911
893049
606391
621660
72985
646064
238592
270913
887216
627338
146702
544169
465335
178972
543315
592750
228063
886750
972841
816034
307676
101443
87973
661259
84818
901667
410738
822533
963025
944998
120962
58990
505948
738965
97266
532031
118250
803332
512253
807410
406688
918187
688621
723338
28645
857617
846569
939832
898835
367797
161948
619794
192416
396438
302325
212530
615409
29151
896071
252334
982675
147694
785488
608239
570628
925056
569110
33136
699371
736763
602413
333013
922024
505814
645718
785381
997894
976425
927938
588582
624973
960461
299252
130452
132020
978671
542084
886269
258996
314358
647039
127548
488632
3662
245804
141135
492337
925457
222633
943896
175429
670610
57588
421421
295079
300997
875399
974748
342210
832590
280602
338622
357454
196260
620108
516790
927238
218914
155164
148359
57264
809514
21713
409999
82459
834998
817274
758756
629735
44989
221264
894538
977598
130231
474382
978017
760363
502051
238145
297181
14901
536280
741012
631772
641776
742729
191437
643479
779363
972322
817956
690985
484207
445473
202748
739647
517465
923743
176449
493548
237878
486061
85210
281945
535474
801753
597899
802009
186237
334864
621163
744923
71826
688413
618748
463673
321764
752592
707244
476589
428840
956858
94887
929379
10554
166548
772375
341865
487661
445375
557945
621762
738162
605414
767453
195483
586147
959871
825402
916565
224685
486769
151915
632705
334040
16848
92490
494185
336565
765123
911016
914379
593315
598215
514022
56993
562365
36556
480946
693723
505635
655613
942690
462639
37604
296861
567590
172038
834757
829453
431533
204823
175792
784746
96727
408849
957948
119699
554066
947954
730645
42248
64788
318197
344328
168365
442931
902184
526382
986030
320676
100699
999986
652606
459150
294772
691328
835832
295754
590624
857547
588006
340026
668667
811423
303875
243538
37042
81674
715112
917782
190586
364993
683396
921072
691021
360786
995491
470652
154815
2143
400638
799085
410188
445157
935122
926040
52730
825756
315692
135210
332782
743104
115969
607220
821249
619717
65069
364058
636191
495194
797975
829140
503117
369791
760996
243159
456075
435297
646310
768705
650646
528851
111397
918678
875778
560414
934214
421606
944241
602415
362326
134410
351149
675375
533174
716365
954920
872432
787170
863847
798349
292610
840671
60451
970370
363430
317505
76323
537917
878298
717270
193914
895424
56659
787443
4727
2226
25417
33689
376385
590811
805804
29443
442142
598204
189364
621006
311694
928649
934742
599045
145492
155140
229778
31816
787540
926904
901225
551001
545047
766542
856812
52548
796588
564175
161904
451688
763242
928886
3934
319589
961360
263665
151847
85028
157389
380596
312852
179901
48859
657274
711931
72458
325445
841562
744525
336262
285258
364098
947021
403232
273306
730066
122779
795554
398397
32087
671023
948793
668371
15842
626657
828832
741942
234436
730724
877
379003
685993
388755
402104
162840
317263
113251
774052
63903
150881
718713
753803
790184
373748
317525
969482
235021
258333
829867
852326
92815
368300
438482
457177
774295
327306
748758
743421
774294
412203
715560
884692
111181
369071
899573
881329
195753
514779
32083
112391
405574
331886
546317
172180
37155
19845
596874
148803
231008
235010
618184
715812
376031
635901
470169
314113
489088
879984
77910
49399
221494
512459
897831
785882
989821
532766
999666
603762
663502
961961
564125
686741
780271
134270
159793
674210
747426
930005
996314
272215
75645
833772
491147
725008
494041
641433
409406
20573
355492
719597
271321
613246
357586
826247
935916
777021
460976
296050
370711
314089
835673
831740
588361
776682
590337
822676
789026
449030
243503
718046
172986
708655
219591
613655
27835
827589
436000
766441
80752
181702
490793
80067
400979
17152
998971
246081
355886
242386
101409
990908
849875
482422
294388
4781
640897
196243
131010
824205
335586
535536
601883
663068
263389
647170
239863
125438
241113
21798
318663
733247
722768
362922
989078
909687
935051
762821
382812
740489
7359
622119
749600
386821
945028
195051
541766
825517
541486
177258
116092
598421
21642
422697
48253
297956
496759
673266
226113
931511
589406
220160
747969
474148
46159
59603
515050
454491
134841
450020
893790
864297
11718
51891
571361
326742
290833
46140
102950
532655
688901
746056
200823
211614
976467
703519
427451
203573
264655
459546
864231
790025
994472
226583
583556
542395
856322
928839
836440
789586
72114
559649
541620
617988
313557
679225
902553
652948
888077
780011
688584
911573
591577
844593
479525
17420
202128
401877
74503
166323
511418
808704
807647
42458
784267
839600
906754
565736
124861
307592
948628
498688
601097
138369
264915
120639
128513
453694
822461
134241
438718
263135
344323
771584
209899
78204
212931
501398
85967
526614
25347
285900
691110
919771
621965
447452
460302
776495
230224
268628
243675
826386
317897
252178
29831
813550
168509
931486
993094
322240
655458
278436
805624
243488
50142
202572
93112
925998
102759
396536
701969
423963
571273
75354
729361
678161
600710
363119
3253
793152
16663
342107
756547
875975
200785
771298
680823
67195
752803
215360
441941
220182
459964
156711
735453
343679
236937
982931
679665
367900
695499
49760
874187
281960
551797
637252
458037
785001
682262
983018
270633
784352
532134
233286
992933
612028
373900
238358
466412
990996
696635
253423
409011
278161
168040
883698
160431
552745
894759
109342
542904
270534
643617
642495
963866
433925
414196
780165
789817
8857
292135
387311
412638
558416
245833
636134
771170
562478
906213
705318
167349
729909
709795
218391
882700
145150
257082
757669
709793
165341
79871
107896
20233
206353
437171
962620
468995
94058
820694
561426
860924
605302
758474
129874
327946
853719
812520
801393
905483
106624
452461
890764
431530
564940
646738
677075
960448
945915
712441
638996
695958
885513
847875
738851
886793
904812
752830
961636
383815
909675
158652
612853
142517
725910
643327
665210
818803
575078
682064
186246
440055
610865
239919
658146
632470
610505
40894
493281
943347
243956
653746
256940
22975
682543
428719
278250
880457
27046
302918
341876
763658
168891
373588
242664
858907
55120
637770
375342
534856
427937
46677
693526
769869
45998
25966
366045
841008
895248
455296
824463
694842
218797
258288
514886
798163
82695
648846
147280
479865
538030
861208
693935
223709
815254
859621
211577
580122
467395
882208
897426
630625
343122
609164
146023
52656
239714
157988
13651
628892
498188
299244
277797
368426
776325
177865
138713
596879
286262
879135
486930
187035
280140
351771
597622
833426
131547
365580
316582
368987
762736
180588
786329
922386
622514
815165
273044
209336
467827
788559
473480
101194
942553
607774
902599
891823
465379
565656
274468
296714
959450
409851
5927
279088
832151
537629
940586
420723
210347
394246
720404
89309
544558
171703
633711
518713
563751
864014
192359
731467
340949
759105
487393
195295
797784
169160
995765
601790
131327
644631
149450
801918
487151
473161
344845
560241
912492
337944
573070
43837
454279
776969
801975
413708
912420
185829
897513
335897
96167
504161
122292
497451
218235
655839
123187
592927
584958
401549
174914
248605
483724
911659
556126
409517
680407
507874
156992
214513
465588
590004
811684
891066
342243
952748
546566
751129
790107
469240
87525
405723
1872
347614
111834
956428
866386
492301
424320
365331
759299
501199
588224
254392
86643
323804
357495
207002
41032
997703
189132
715825
799643
567607
141885
195117
236161
624392
628023
727513
642904
768533
82017
167438
379751
436517
831917
102226
60143
454801
488573
590411
458521
576140
144225
839070
957774
693524
110591
452841
967462
587572
632844
310873
977016
580787
784438
319912
11664
248093
498084
306422
249342
726891
68885
871171
695691
384785
587685
917191
934535
163877
632878
839086
367486
352999
387403
875187
818953
617969
601976
210840
548540
212309
563583
916941
367308
87177
573097
399260
127737
212803
132616
713198
539740
332572
383362
13645
61714
739993
732997
527322
369584
757836
188097
420162
178691
110681
498695
48463
292162
997910
54972
476058
539603
793612
284985
273054
641910
899867
426307
701353
137682
49722
79074
830316
41050
517147
34720
731569
892444
25900
325535
795563
629222
311418
33943
241193
730261
886896
284972
479077
966267
746622
536744
535545
713708
634005
114458
978609
902181
432782
927306
970235
677466
44778
813719
241915
678363
420468
326064
503483
691298
434307
578155
812544
463739
800732
64133
807288
938192
284087
313807
970192
546834
385393
531040
60028
102325
625160
339598
956359
907347
394903
644422
332025
985789
622240
635282
727949
912646
652336
487193
137665
652603
4059
361636
637782
206494
802225
887081
838792
236987
905232
628598
703544
486314
961811
504246
227243
482912
90024
211683
261227
594993
830784
472393
10507
936550
583135
396147
491208
172214
30419
527028
59275
992421
824513
631251
100171
117494
273115
522516
33424
252366
606317
168863
583250
281447
496471
926928
255104
700013
827285
286298
38684
927289
181498
618648
214723
199463
324796
109170
929931
229462
912552
617128
694085
547771
908982
32574
50465
9890
656759
356932
895281
562115
271019
782081
779654
496957
48623
456252
489270
73777
120147
1766
923456
300094
956234
215015
450630
622804
905338
940803
913208
982455
238708
511849
695890
61650
116029
773784
803195
953973
754443
981678
239886
737453
211915
415375
764342
260159
883551
776942
884339
687297
964134
797243
104057
917652
97395
650857
266039
987393
936415
163163
829493
552751
242233
254698
619926
414014
850268
352725
299581
978714
94406
763660
16354
422100
880765
444168
511042
203435
66395
75736
45423
748113
740685
915564
679440
532921
738515
251963
992066
701421
879852
37924
868305
656445
468512
529974
27283
20949
83242
782731
759202
32232
849023
847567
542580
254089
211711
40095
933849
829016
946999
395852
404240
376857
163537
196222
215301
580640
392345
731189
217899
797865
223212
806379
88306
274116
663551
146390
460581
600429
564553
460425
119844
473081
204622
467962
232377
781229
238090
323678
601496
6953
196470
687537
225591
380738
658425
528338
261640
430125
373870
875914
845712
235030
935246
281837
128101
405456
11002
956761
934536
465832
449960
537563
75292
130386
629671
472818
618179
681541
957904
920299
525588
666466
408971
16555
47546
597775
698043
284012
509283
479901
417732
924986
838214
431117
542399
852519
68998
834787
593872
742473
27769
817957
268897
340982
707069
834330
607399
254997
611079
290153
631840
350728
832491
279519
283692
940934
2570
14863
87941
542918
253272
643347
352541
308759
74440
562993
90323
265741
974039
216913
332373
519794
577676
350276
716266
192581
750550
512569
995936
131746
743291
59345
81182
287817
481840
52833
541545
430170
652544
479912
397915
500500
210384
53229
245042
497417
304316
109685
467844
166688
922079
662878
304272
937350
622194
414427
50224
523187
690700
865741
331628
622741
714183
754426
412968
198363
205507
108797
328607
530948
981992
587684
816
955767
638026
537787
641170
24058
676242
549974
809432
217037
559934
942250
66044
489274
823054
98938
322205
340726
366907
404820
103024
100911
455978
152530
34300
478626
632645
828173
572030
661351
22112
687724
845894
154929
384148
897687
142709
692794
51245
668137
157296
492771
814352
714510
885812
911368
80143
544944
270282
245906
506323
681477
21609
707749
685182
252888
819143
13977
528210
10641
670440
777751
936468
630006
563293
671431
328942
756858
57472
394712
494198
414876
118978
522222
880396
629405
312224
121574
596518
493148
134324
145799
375977
206223
284200
661638
809709
581408
836485
170357
800675
274466
585705
71626
722387
795374
597463
385992
167869
881630
522217
983116
894049
194789
488416
285878
57563
8394
139164
458482
493670
475903
335143
818594
185409
957858
986411
950378
658222
370191
760772
290199
919959
397408
242416
165933
844492
906114
26595
761931
639079
294325
120893
45905
272160
51649
791710
160349
465486
984895
896936
962962
764681
279597
729242
471814
404113
290103
177732
708389
490489
979656
172722
946961
483551
301185
940531
634083
720518
812357
41285
590224
283794
936689
993630
103912
411871
437545
415833
103415
991997
268557
254076
740302
933708
945931
925922
885468
6641
622095
803977
25717
898674
615829
466042
216117
725108
573726
471249
941246
346702
842240
578280
122972
179785
746584
661988
179402
718774
637980
1499
463822
832172
302475
186337
843391
354269
55301
748014
69415
451860
550967
187501
39363
8526
522862
3875
835495
576754
593101
670842
939390
540525
154330
872874
579887
109742
16882
524483
274747
54045
292121
999876
755759
376188
16652
147592
2641
597343
943026
657355
692753
305907
129700
729778
188577
268184
766882
45387
205613
385361
930660
711689
625977
617365
948350
308909
404758
775810
376494
121089
673601
47473
820229
121407
640664
625380
237040
98254
801018
747356
645667
109356
478009
842952
592673
551783
28222
172055
170857
915589
383866
518382
923072
590147
74181
618613
685626
461909
798028
225562
687518
744732
255452
484757
347617
74813
754568
788162
595637
546477
564097
905198
77667
389753
305752
802181
310651
399087
332398
384825
558893
482921
724741
440079
704868
657984
108140
364091
543166
607253
284667
875287
338143
443361
67900
300786
806314
850742
950880
209405
111890
703384
739061
528800
603146
871871
337265
172778
425891
308580
57099
300632
56517
747813
984658
611883
917240
177838
850834
93408
787204
46991
716447
637254
440302
566574
663306
457169
413952
727155
434432
814291
988933
490085
143110
368767
636750
939297
339257
183295
405599
508241
293958
410197
722032
96687
349922
438291
725668
305502
962865
914538
714347
942833
310605
254879
984609
432217
621758
453779
37395
861769
264775
832430
645218
952808
984541
244200
701249
823602
830579
291123
733529
412204
402480
162824
849803
874946
197314
717965
316501
414590
639692
577952
989262
6823
785403
714499
878539
95604
583606
724836
596388
781867
301684
950599
563345
451099
84327
500114
812525
73906
988118
607989
26141
466556
178120
706932
749386
454649
476060
653266
471881
512985
98102
247771
252252
331542
269268
508175
298130
995694
172478
907430
40137
799804
474780
884676
708052
754610
978145
474811
741751
600693
367269
828407
43343
905749
875857
117386
26767
427560
408180
848149
140389
94274
629554
185935
8955
600530
525147
108533
513497
49372
213722
622798
639847
192718
259716
112602
60418
699856
815959
140675
631119
375014
773039
368915
740684
673616
156033
564094
742883
404493
246986
760331
877197
639172
823856
643852
900655
209750
401323
692355
229713
991436
385360
610209
113463
278575
121467
559210
139486
889655
780313
478900
648532
932379
770256
118541
452084
53703
392971
160380
828861
343276
920357
874528
83215
147889
314801
165878
766337
459015
610788
368630
66721
885530
521248
67036
872841
170211
83933
575364
412122
63898
126390
164078
489752
320265
433422
637154
541282
163644
681373
150317
82124
82197
874779
973641
232411
3772
911431
400282
958108
364339
589780
26005
72609
153415
893041
677307
780633
499362
847731
10563
674315
588926
957922
208214
276527
950452
444893
920500
876457
807026
793066
193972
303075
618315
13726
244456
781317
864489
34213
754143
626132
473821
823983
989188
539108
754775
172536
573027
450747
282865
627249
462796
987844
493157
259920
44176
857580
803615
768433
862504
830877
282926
505767
397429
499029
997716
188004
834147
540706
627324
485120
362726
404284
118859
866281
397414
320975
370664
179511
730563
620052
106316
386625
90458
212117
483637
855615
117541
694416
770238
423075
249299
757234
785672
767830
149751
520370
946464
183004
255429
342906
515724
325846
78506
85887
616055
485665
112197
399094
52764
447237
907534
79542
884424
969824
393746
307781
220616
959980
785353
801081
458183
140958
809604
970752
417592
677214
465706
343366
840441
415171
27430
491517
776017
898288
375102
152524
980824
877770
432388
503446
49526
941717
21221
629763
88362
283806
899571
588878
444759
993103
268821
601209
815187
87144
467652
553985
155740
760575
511498
251356
907119
925892
926982
585659
462435
108108
838171
256495
576099
542729
630075
990056
354310
610139
839947
468568
236991
868404
621685
213944
557574
708446
194565
428064
129160
315989
964742
233335
128416
640235
801438
255576
116891
487865
698904
653356
714586
184522
36963
38470
82714
169942
730670
872117
848222
472553
562140
611896
203003
914467
39332
424145
502656
388568
407176
124786
916352
847447
812656
779261
832904
978659
753383
7538
639983
353505
286052
233789
163405
946655
404158
857959
397349
297567
312182
114001
932060
885164
471566
966590
65785
691247
592725
679479
645325
883441
362657
372127
733868
252526
637467
245395
176025
340818
834228
376765
731584
121747
647606
380086
294364
557674
281397
558037
781177
591791
48228
445465
703060
47888
86147
426478
579870
379885
796022
313631
473375
503123
27058
928473
159159
888916
734800
558808
845184
446272
520580
188529
600656
936706
739559
865786
446875
548440
502320
498777
77365
373296
195777
626920
944500
132316
241117
941698
180980
517938
308152
390445
730868
751527
828900
876957
403831
596799
832483
277312
401305
92737
197956
671105
618938
77182
308334
709438
424305
558375
498685
260663
154578
98612
177122
690085
413024
801388
379551
637522
435615
483860
899758
447252
621702
113522
32706
970791
265939
773669
235238
557881
328546
706752
577190
307957
316405
741433
485039
151166
57842
206583
634456
94043
593327
347073
247998
587278
755809
64644
562977
621934
784776
24755
641819
152978
604855
767625
447741
29673
474563
905706
464455
807335
674824
978023
173508
176218
826259
354592
537984
153691
865903
528132
811943
444767
315023
276404
464444
656045
628949
766406
705266
575594
234237
187174
346410
185616
923561
960854
194506
880317
426825
511061
338614
255014
604702
418542
249838
274444
732935
816708
194891
182738
338698
587832
105252
656007
307681
318770
843712
9275
977546
644955
646743
52327
608362
979544
693827
537594
564174
906515
489344
361612
210376
632575
421873
344072
378613
922644
365971
769232
752721
31822
522541
431903
556588
358027
629803
918836
196108
87496
530356
902190
351097
142970
189925
386294
708527
939422
395028
627229
920239
961182
165618
388624
562928
111069
146506
662650
846451
124191
817574
354231
165748
201688
795344
954544
757756
211920
248886
537751
613651
23407
261671
413504
789779
90666
396090
186843
186776
693130
71181
913866
346516
468822
112427
895651
993279
562077
48711
943747
356203
219170
592677
165965
157412
924824
258110
981592
750216
476838
621614
13659
459749
711974
830827
418668
893004
51288
864067
674994
887325
773695
924743
146652
256731
935444
973361
155110
91556
556970
908706
692688
148148
160167
312794
852965
927721
974431
365955
511017
777567
477390
454823
663262
743417
814194
55811
955443
497473
602947
151411
765706
767911
236944
61516
710564
98662
592887
317000
197100
298628
380161
154332
632476
633080
788120
884326
349776
632165
24613
470978
647653
483717
611658
907196
279649
843321
951775
527987
78844
731567
466220
605253
390864
51857
445991
879075
101552
309473
475403
980322
32204
736349
24285
64125
420435
986420
985181
48728
216435
810278
937049
240434
903740
135031
49757
645800
425954
777167
417349
665312
155873
214897
673395
413912
125883
566678
382171
171211
209309
491813
341627
182525
311840
953938
965224
69284
655530
123984
791492
81203
80373
996276
796044
470531
881256
719336
582670
214752
711201
612232
644983
726894
897684
103004
313034
228727
692685
688498
801965
117330
366865
609240
957022
408880
115635
322819
199750
726690
959
402718
895315
758607
208484
817887
914189
130285
882097
697939
71788
634241
391159
506683
943186
368761
410949
101879
402325
797353
980923
995169
879403
138352
195277
697911
395569
549625
385110
394032
739928
203677
26902
891311
484844
650086
904842
633666
88175
111207
515697
465150
809650
61139
946494
727092
57854
737726
870055
390516
936707
151035
604362
746590
370904
364234
551410
836487
907918
111988
846924
181953
581672
297340
231603
207646
96058
278131
133784
511698
865949
162539
508491
514614
784908
597059
246632
117289
343262
232289
679456
772817
421920
453247
383139
144895
918862
715740
677479
466544
192046
399570
342808
676464
621002
865863
4956
42010
206856
412413
918977
107194
450919
331845
882758
223443
858264
52625
98819
508
826487
808678
418869
551141
647908
19184
877354
641015
265282
942831
926661
135386
775308
221008
515311
355856
784911
909143
842075
936766
466760
480695
850547
936587
217242
486148
328804
790817
657451
651007
832707
695697
939485
229201
261210
311315
27364
39763
969940
37034
45065
101322
941184
241530
204080
603397
326211
979723
166317
368995
359535
728845
965349
849697
308393
218441
992426
58073
910085
323866
461074
671772
357644
584484
138724
972291
108864
812917
600044
246931
190589
509174
900078
262796
476858
589005
476663
644110
738863
266707
951438
769705
236945
818029
774026
237247
928249
611849
62973
954008
136226
868663
526990
948418
199057
654433
485541
534307
774351
816041
184063
823325
222866
613789
583393
953628
973626
915033
622953
167807
513143
806074
798975
528736
774855
601658
935490
632541
31021
367553
142486
464157
428439
955703
776746
665796
414312
761559
250223
36773
843093
23951
130917
631566
402323
940645
135049
870962
821321
705610
399550
623957
799556
787197
738614
229898
920716
274012
767098
252746
163704
451079
704410
645966
187792
670087
143561
543627
934462
430618
662604
2465
17503
501589
552940
881281
54426
989772
596844
134556
498085
510698
885687
531295
374196
935169
745583
570992
755779
665332
286003
614696
171934
823164
303344
611742
67148
461125
137889
748255
45081
650549
820516
432505
226303
620684
317050
882422
889649
779110
295771
432679
761411
774430
541108
681366
935353
384141
994686
647965
394474
902256
755516
847636
615376
596007
80209
845221
901039
696090
854907
101309
988768
212150
274096
422747
866618
274581
943443
60234
745435
100732
418643
468139
958552
952829
927137
66924
867519
207101
95563
957973
946693
784
223610
558977
712401
29824
178820
978787
744493
503727
825500
862563
37902
135427
22155
68482
848982
140555
408256
936463
527857
808744
198063
758744
485293
324113
673317
285178
591350
535850
101661
264456
946618
323008
131250
728020
294635
943391
746798
371037
421858
360145
91904
237589
349217
488307
565068
243021
143729
508021
208605
838250
554861
903864
381137
338585
862726
145888
988251
180975
409017
542567
639056
795235
362603
507150
390859
411701
665783
841167
99166
277683
701230
80490
973394
929170
795171
494094
559243
973669
832099
377312
489802
935032
543299
312170
903565
854348
116433
185379
935121
295854
171372
718999
797560
339958
223920
413107
810181
442713
578633
957551
452035
172332
484457
532248
532358
828598
59220
151993
650736
84056
964965
353078
290843
585755
121636
466693
809918
45645
299128
144380
223483
814076
188362
575316
951693
614277
314998
801020
31200
617192
990512
777526
688269
490101
913169
285920
473457
894115
942082
999757
798633
288512
584771
174098
188587
165186
839833
742173
897092
354171
798994
118143
847786
235307
217462
308426
387581
921967
685964
856533
394591
157464
910661
391452
368172
26967
146826
985860
707608
683732
275485
234301
171236
532573
905390
679617
961917
977915
596925
815353
798513
135073
665382
30078
425934
249086
739342
906684
318745
224113
266664
676403
861288
704540
106533
76951
808285
297298
279350
868184
871487
643690
174719
618172
919670
198261
321945
190631
90403
569484
956164
812669
215514
439298
92712
812574
525053
612664
169542
314576
30966
553488
454080
802107
171472
928186
883457
195341
997938
820010
450378
492669
207546
424938
174445
497074
941899
117113
2281
828786
647799
213026
447757
918610
538018
30411
282243
328393
576351
764370
744680
227175
771215
575686
405840
357355
41844
969166
168352
643842
255011
24762
335066
146333
45272
287780
257078
921645
640867
123778
17259
94273
6093
170029
580870
115332
503440
307527
664885
1382
399530
575488
761394
470702
556695
552269
430414
447809
367926
482590
723266
175929
324689
443963
890615
792656
424890
270586
304258
434856
629264
725723
545581
323188
797409
136192
595056
50631
451753
387916
817727
854711
514937
130134
656765
538477
705907
633930
686862
151628
213874
323228
560650
48252
389382
298346
142349
722450
187804
852462
369131
869406
343613
341148
738817
409488
79341
639518
43878
761607
225770
473473
772472
760953
661436
542900
963127
747465
25461
635958
932005
130039
914512
763775
658462
218685
110876
627614
981634
224924
960674
780248
66133
710487
878207
127827
448853
416540
882732
710585
669586
978294
366015
901853
160525
342343
258844
987072
199676
297892
995787
2623
937259
542221
157030
717085
91260
553607
224169
50025
466063
858136
356236
129212
177631
830636
24753
574077
780749
468869
792529
636265
505348
199420
81690
234971
245898
323448
844475
413041
832297
59089
580238
843184
614695
349697
343331
214597
543645
693624
710821
953063
578167
987275
396844
731416
519751
277324
20766
975689
693637
386868
520514
987613
293415
681725
148131
667142
264665
161821
29900
865178
718028
564871
32428
298547
446998
833021
482077
163156
965708
143880
740270
237836
846277
163180
754506
548324
177955
830543
795870
756825
513408
275585
783953
131125
470150
811564
289522
873801
287069
665561
404976
560777
868544
648412
853570
724356
936745
999838
415271
551998
367275
189701
672903
134828
583326
439682
739321
379083
805428
257334
387870
710493
128554
748354
753834
121537
762651
140969
8259
316077
86254
291492
244993
917579
445552
848195
959318
726190
395324
273083
177415
7728
405847
287760
898072
239017
138456
966560
689990
185038
478596
241097
442222
238435
782712
994040
442827
347870
480767
325199
986717
16090
675780
19442
790948
897972
321377
919919
239755
602054
434709
50823
314530
312830
910741
825501
913028
454490
264761
403066
455256
232898
898327
460667
97074
795777
79277
326424
244057
66103
656145
444836
481827
426401
240503
121341
130456
514903
424468
61575
571679
370680
148408
281884
524348
247400
122273
34735
886993
804420
694214
552593
657275
214257
780864
905295
357771
827405
563605
757944
900959
253639
952355
587196
566237
894475
267814
579823
965835
67733
445158
398509
26318
648423
829439
432216
446
51662
770941
178786
961342
517365
954965
296269
629461
613388
302055
962324
561437
308901
778954
503786
720307
393849
695945
470875
504261
896243
807455
204065
296481
540633
685985
505704
252243
560379
85591
675233
880538
423250
587297
443050
34174
934857
617676
317577
89939
543648
467952
397728
550841
964406
795159
867007
993607
803375
338481
3091
654676
350320
913454
777469
348193
83335
399996
942462
531494
7848
37070
517560
9938
909155
533772
885907
805521
608459
328783
371146
597724
876532
872602
651144
130270
87610
221166
29314
529362
940468
333114
9083
904455
182150
707566
422771
525635
885795
346221
411565
741892
766114
365409
690972
289953
566268
716648
846953
203152
983776
291883
545699
373952
387827
503248
880708
327142
858919
456389
431900
145622
953335
628733
323613
685191
863868
801208
308098
117689
727407
940282
744348
92722
844220
378397
470458
786531
406463
579970
689012
815338
744797
137955
632596
102321
215042
395140
245474
346995
888754
385480
748811
124959
977166
696032
321517
852053
157798
308830
130946
415757
632309
920424
291366
948951
365629
45128
103814
362941
346048
723487
416039
134084
990680
136442
42768
470098
23357
729494
820777
179567
250427
495886
683304
205984
574420
346262
989734
623783
306147
44168
898043
814016
480214
9594
579172
942964
732433
112467
661314
30007
622402
661091
725579
873734
441373
93116
56787
419755
116146
305890
558453
956176
95946
168152
248106
734505
301153
140946
121445
549535
48573
613559
422685
96084
466312
309110
972217
520324
410638
528688
667415
454535
532883
757075
258362
462131
106386
574214
190542
843934
925774
346816
732184
466433
659479
984756
198270
140279
50012
129575
953520
340389
619815
694625
697650
88757
587833
520705
907450
123970
883435
364733
604344
147325
7837
202575
262139
355366
814688
416506
365157
926105
13210
562015
895238
913992
853248
131985
990179
274393
464808
843453
950361
499610
527996
166963
257307
746658
339595
884117
113176
906373
278585
645530
638136
958771
116887
272192
193540
900717
762958
294540
640933
40933
424564
902591
111620
211250
847361
406551
233297
318829
471515
605246
452192
678507
979981
556116
784086
3862
608084
623296
972458
929694
187493
724843
897546
887427
285055
68145
949074
383672
148353
940168
722258
462506
836447
375272
696889
732035
377572
66668
372674
559465
462172
345709
165142
198472
741005
682603
562663
752441
224791
598854
120604
925584
317943
736021
323302
57282
445669
983911
345522
580593
241566
291092
843511
769878
848252
779518
313967
483914
931840
326505
457058
50609
126642
892532
808861
930051
818847
795316
259074
169976
203714
856428
834745
620624
734589
319850
688708
433468
604550
174401
601585
264364
25567
888542
268712
647222
575933
780617
317668
802976
975754
183610
302911
200138
447174
96853
912869
112379
166537
734020
77355
439750
898979
217136
961336
413080
792036
504284
651425
325345
336823
996382
222675
825629
657321
314618
516649
741246
598152
642908
69854
649464
879910
312882
505116
408041
915197
197668
145459
525218
649644
526897
458085
657558
517407
162855
276190
874974
275854
184574
127488
402598
210780
832402
992413
198264
659423
771644
515006
463843
111359
807456
677191
957623
191396
909310
926528
634292
501961
550893
862702
722253
988405
188380
592091
799652
95533
465235
112607
867942
823847
759421
821209
377074
888721
259184
13926
281144
300523
53399
526536
808620
933166
382017
44898
854246
414890
796741
988831
708377
206253
64975
400563
343662
416735
279244
930937
441340
606315
581294
792572
306918
769880
749596
991057
493714
275382
67065
785057
441601
627123
981904
361605
589904
657293
717465
750410
99018
284962
243114
526356
525031
333475
749373
588062
274790
740711
954202
594079
231170
320475
948705
464200
288724
743128
215542
862570
253701
620301
165449
587509
748461
707483
96832
99036
445261
445184
468356
797204
520997
508842
528869
143866
209587
706477
497323
802260
528330
783120
998650
746991
183755
852866
57953
860392
936962
134826
49407
37959
638751
809372
692050
550918
891151
156903
43421
724655
843318
266763
91573
550755
742284
122440
785513
553271
436177
95249
822540
318392
460974
612127
545889
287759
781482
757731
619169
896512
685701
611539
566379
93196
7668
215974
356233
646263
612346
907099
323610
558692
801056
200690
667682
442524
340817
195646
689003
645997
781012
10194
425685
650287
258022
96665
883841
251938
540211
590722
351446
453043
667761
314712
628270
559581
611545
686191
673
893996
60611
675130
798892
440989
896286
775226
999549
808802
940617
679505
691677
606914
805712
896501
52410
610716
978502
757055
765904
344395
515003
709347
920884
509861
938906
856314
710141
343838
906146
410492
416719
679370
639871
729289
280773
855616
862148
147366
887226
43290
165447
404037
584500
945240
612506
20476
188590
186340
869921
718104
425601
928624
389589
619083
729582
916092
50836
787008
102730
197747
945442
162063
580423
687861
966720
497548
16091
958704
865191
698554
739150
517799
524769
615709
680485
838357
933253
593453
465382
648938
112717
539174
775240
659380
473173
254141
657145
446169
361970
958509
705099
979137
506925
356206
469308
594960
226459
472967
776288
865809
430874
690683
104877
627374
908394
920287
132195
778139
821157
653067
483222
62995
514205
81327
595801
376571
248272
607677
980169
524194
278794
260356
273203
995114
912536
574493
5475
343360
702372
576126
841546
71430
307378
534892
60491
825554
817206
347085
99362
562896
909007
182107
280241
480515
534116
251445
492585
838696
342234
362063
949905
267195
849455
734538
422198
202067
934198
360927
226608
141800
638319
134644
170636
997237
173058
153361
868379
365816
718936
982124
985174
657239
106582
501088
670572
499485
710583
881532
391146
135777
82501
999416
195078
229383
91700
260739
986568
971552
9435
482871
616022
182125
823632
32302
334810
57985
798558
208622
71442
131268
336229
526464
842803
701331
511759
382046
841531
124037
581227
288778
733586
941833
442855
715963
717468
269099
189422
357810
68574
647541
25244
13036
980746
849074
60378
409840
735529
150478
921755
720200
861667
7001
379890
972492
661294
198762
211725
468761
271633
857440
292114
134305
215124
930500
540692
431132
294406
894730
136114
719389
738858
251318
862988
778111
684863
328156
156707
306430
4459
464000
577356
385250
366787
504219
149009
689045
76410
543103
814245
803734
325731
645842
348993
511750
286436
95606
107039
567776
924985
53449
468946
349382
516578
428680
995200
726582
849131
706254
547838
696219
785430
164731
851910
704768
244006
763504
288855
238943
26250
386614
836329
759704
334501
636606
605452
72893
98166
202179
474908
410762
68713
398923
645987
333490
796025
512077
941515
114132
389504
339501
828670
851085
633244
565155
864540
126400
457017
768472
474542
897236
380339
339312
725091
769290
591176
680775
677450
342015
77007
474976
334814
705865
99957
964985
406821
503715
955882
711106
608221
54642
844700
364984
934934
745395
3932
689443
72537
925444
4444
565096
431110
549451
125529
421323
285180
319559
825110
294598
949104
886833
611390
915006
447201
928654
546347
576232
895906
755780
136952
759318
753270
292608
881665
604090
490510
406986
667630
920604
502567
138813
633691
981866
381412
594574
988881
33317
680143
704521
998556
708533
376706
636148
515659
714133
452204
112016
553348
136686
834304
273981
98497
776834
24765
129515
257471
540770
879185
45969
547508
647772
400511
838021
225439
627025
804115
724760
120647
759327
156059
689445
378005
848282
985664
205398
397128
574496
848654
519772
81275
283314
802533
842884
221238
561803
423655
964577
977237
972769
826275
976344
883079
831209
437256
98034
876519
325053
807571
618932
520417
186022
258958
853637
663679
504294
194369
331256
210578
657923
837595
655840
771742
939588
19381
993807
958581
601528
857793
209402
369713
975279
34511
423544
63181
855436
546811
418217
679392
82162
98167
473523
582648
385372
807089
943208
902735
279369
158432
984452
725741
903508
644400
164306
546073
230049
967752
877229
191549
270516
484276
536548
225749
538524
3060
109943
368979
678796
143776
31358
547283
942857
397430
383593
414326
909247
390274
721698
548957
945199
851497
624911
582980
494403
664081
583219
84344
969731
132272
231476
871286
99679
373232
100023
120162
491628
413692
651623
52577
996460
520490
210837
545299
960134
535877
631418
861872
393620
437429
483006
583067
50509
419133
880300
919062
229810
288297
100687
389739
652067
9351
200438
999359
958568
16279
782059
731685
594139
615789
486153
118897
796557
495762
3061
980715
801943
862280
724730
744927
586303
210667
375365
863442
418307
58547
459258
501903
648965
663958
50160
257182
299218
114955
611152
502486
724112
947368
362693
790922
609668
43181
65184
652255
488510
333017
938764
67646
887330
391546
312488
934052
380243
481475
97350
799254
380925
799701
140288
165042
638463
598880
747442
809825
543220
382243
673879
119273
374493
607375
678787
548703
286188
799177
818682
358650
537135
541647
213292
996930
444055
519090
751822
314470
926949
140993
490390
721261
473776
692550
950547
18821
801237
420074
651878
28152
745211
339489
792636
962817
626478
750458
487465
507719
16616
79083
814277
344982
86678
574442
675067
511405
919956
857408
813931
417641
281162
784457
413530
669584
542443
929479
457546
689466
843799
946274
404901
149921
772864
457811
11314
867306
761085
77803
366536
143212
84423
657062
158931
914841
212398
718102
591429
269010
166645
961043
442499
374769
503714
109776
994791
672176
985926
392609
332301
536762
921198
345866
962126
232393
251761
784995
808
860832
125737
136740
498937
640162
508286
787
178730
419982
753822
256263
778217
538072
535369
859543
116622
214948
366280
497509
582367
221537
714237
293952
401967
624384
69206
296417
926480
179611
845704
665226
777656
216423
133199
150580
451664
27444
452753
7487
380892
612495
146931
68515
127653
690346
349968
52086
993104
181570
313526
279984
937011
770187
402721
1546
565025
938592
873660
399593
12629
791893
753782
919128
799914
942972
681793
843364
679147
382996
501431
995031
513733
375503
886423
263759
610846
149375
445230
827322
729854
32732
26833
802672
380459
59508
248838
436524
624468
267695
685699
509800
159587
925950
899918
732693
726197
927648
698563
501428
116902
271377
534836
789061
89807
671595
249064
996391
810442
920586
336580
979735
494631
31892
361204
245995
105457
555588
462713
445425
537373
204507
739617
769673
943736
91255
909570
905932
130863
844639
21330
626410
207098
652827
737382
164114
896998
938880
562629
429514
85951
213834
671273
354782
845334
967521
405201
628149
118324
792702
412550
671359
352027
760487
327272
227018
100725
317590
657779
453172
554844
101432
191508
452731
140229
160977
174882
333168
125002
574268
971067
186570
972050
840528
886460
245463
280606
364383
745308
441165
14195
360024
732261
192191
451168
642444
84112
7595
982123
8125
51888
711324
434355
369356
49181
234597
524344
527451
291044
699116
10819
491100
412653
785463
35394
834513
837831
593395
941296
64871
105529
571553
65526
861421
762807
446942
333998
548783
829616
618765
906242
352819
157316
123235
789043
207759
865875
70798
556150
509669
935281
983171
59128
749117
879157
992739
847747
840701
999920
158665
671416
554951
743163
47282
139964
262511
671530
626057
889904
343896
133597
756047
502296
984362
2868
551716
532125
441265
707170
336116
13997
345301
843931
654081
748608
675762
523687
96136
465462
60627
811929
645267
65756
545296
328792
26587
719310
793281
513628
557911
546934
385822
50405
971634
834357
892805
206612
594708
571846
628750
397260
953027
27902
938086
220826
627070
277391
736135
219868
247681
97832
154947
385989
612096
356758
55636
52430
85840
65591
80210
119930
409253
362390
349693
320707
317814
827048
882234
198630
707581
32546
789147
941768
388506
536949
705559
929668
300055
546343
230873
302034
84166
819599
237811
56405
594759
51565
271731
717825
630692
515662
525350
433761
318420
375161
727198
338887
269272
161111
425935
175611
283417
422669
887774
878872
104141
342001
862833
297647
513488
828640
954206
12459
563741
502638
11893
553430
470441
761401
406822
491892
732764
812502
153745
973581
319852
526765
554409
866568
953240
341921
186051
809267
901695
250407
911489
803744
664154
518584
390741
148329
504988
759137
828596
481811
281957
468472
384410
959312
466537
465651
339827
254638
383981
556110
29490
729757
405272
555807
779389
411
353014
558857
636967
12654
759397
111445
159345
1713
883110
427497
443233
356960
816393
136546
819451
182547
902839
144794
279647
3976
637019
609673
226559
681689
295342
284615
394042
367756
515551
966575
608410
538249
116315
11551
911527
472102
694526
277853
94310
415646
708182
849492
450097
794593
655567
533628
65716
249925
407681
999511
703937
753498
375507
268119
883537
701722
207562
441693
824536
801919
381362
516188
84291
396847
866855
303708
671249
440339
112960
669339
526155
523545
432397
879906
241448
402556
961412
627107
671084
887212
381017
192866
426125
790701
994751
350643
232627
840864
507194
703237
371018
235597
11346
161037
830562
975994
373240
457952
117042
75702
685802
404132
124601
236486
994552
280707
676256
17757
11131
264043
230908
919225
254438
153151
555631
127068
488564
144669
312366
373221
247361
963404
274141
531404
148469
766466
338518
711607
473307
657104
26056
668731
519055
614635
183996
36274
584342
908952
756659
274165
166152
925171
416940
87798
26920
426459
401921
86077
709332
223870
739825
913213
932567
567097
166418
468188
916602
461979
8730
295486
504326
48768
69229
664698
833570
306361
941050
884806
939951
407969
186239
122939
329463
883679
822308
864237
29207
126984
516597
822427
5255
395681
870906
999298
295688
925569
964277
18316
934441
348437
495800
441702
884981
325822
240800
594543
54460
55445
483890
100619
13053
786510
337552
864920
907693
947386
869783
355897
590310
808294
38745
978829
583279
311137
748850
374724
690532
60251
764745
887496
712322
538793
578981
275222
625681
872998
16425
240944
873262
689395
999341
274987
214836
856030
827451
27939
131207
394464
462499
384335
750844
723649
759483
853999
620008
38391
577954
669380
262442
592609
823828
658874
321467
76564
89166
404891
79939
420204
125368
565057
256232
723658
214517
318740
429409
618425
196406
598748
814836
691726
579131
826564
979559
586724
965662
922015
237020
947539
343185
495540
207748
727278
118331
350050
328417
918979
60170
906347
194217
300487
311169
734151
576242
535095
185456
626773
33785
671008
417686
821484
378958
786617
244623
586976
443630
959867
689217
475041
363384
602350
815405
22421
677991
316749
571909
731132
683777
909771
460908
705306
318148
93952
957132
69216
362824
600675
698051
95800
119105
181156
976507
850034
114400
366441
11864
769734
667288
356770
119818
801285
976382
564939
710978
795489
193865
834814
507264
896405
921977
972786
69515
757874
892565
602644
297019
249992
590988
175360
731568
344877
391229
218780
812133
472621
452754
948177
593758
954510
965959
438951
726911
836734
957065
636732
605751
64155
722169
627617
550425
747039
995791
304209
847051
156455
996892
895951
945687
657054
325992
922779
472351
249162
60601
127184
276653
924275
207349
363421
756393
428331
441119
227614
940963
712831
343421
102102
346128
169272
112395
117714
841358
738215
102207
880624
699562
5821
724550
812197
986070
849982
486537
677716
292164
460633
81241
111736
552875
628448
881978
226066
790531
513051
695036
855420
787326
828077
741202
328684
349777
996817
998192
724438
253798
968397
846591
817970
329181
381389
715177
619877
37491
530653
178579
45583
296064
441600
908267
713136
830874
920815
127446
794871
102167
767473
143436
889001
295699
228224
854122
901634
781381
338679
740460
930734
574609
188730
213681
736223
337976
226727
633342
837099
975019
519137
289310
602259
942115
190247
339663
964389
245506
203214
784577
583926
968216
854074
718392
955230
372894
318887
274128
128700
4907
302722
406116
896158
828327
45212
72808
859419
229794
465877
360200
433089
469478
376245
352851
488659
91210
474671
69631
324866
94154
735266
742844
851812
224676
555810
756977
516247
181855
194314
191439
493966
742508
531465
239178
629926
54812
954506
774239
748702
50869
508551
414583
269082
523211
657572
188657
960404
220382
135656
995224
281312
710945
706584
374004
526425
907221
184498
118972
303213
541140
406147
825961
222467
975914
104549
185317
307140
716062
755481
515554
217997
900366
478205
478536
303
925688
527530
146502
983457
771541
695852
773450
441923
674143
610783
238539
885583
400052
279778
267651
816798
979219
754555
189627
806549
489538
590343
307326
556650
768978
814620
517679
848214
723450
133501
564727
691161
554425
652886
239397
636792
408928
168859
99752
603331
396259
793262
309433
617847
550663
412171
529791
465605
429897
467704
758937
886402
822296
506956
554333
732390
154826
5870
28382
73691
843848
346700
279145
541284
996133
726932
961898
172503
184399
123331
697646
855993
945313
505227
555395
26868
199638
365472
936636
734007
224025
759441
209322
170488
666205
583587
735117
279286
274440
386268
178092
372991
518971
280693
822017
112374
442530
728721
168550
609643
30407
463367
240885
435240
339258
553789
374334
169258
30617
110895
806564
851373
991681
973903
835668
128480
493777
55879
649635
619064
495960
505626
574915
685793
84251
472552
318754
515470
810960
764512
905905
807721
744048
911402
375367
154616
833479
629240
364875
963261
32892
608927
900042
46096
964600
536787
483478
645534
934894
212989
376084
287506
306554
510001
616479
654567
947997
248497
246060
79435
888025
686952
569693
246861
449902
212481
147323
126791
615606
429499
145919
971142
722877
447732
699072
414638
390844
174110
641462
647547
909936
21518
774378
416226
866197
641715
229564
170325
379012
180387
364134
388134
275473
667031
332739
335188
954779
281013
504543
108429
858240
199764
554067
229743
270213
413398
452258
476026
239694
662674
531022
840745
27092
376564
989944
496107
368742
737047
141036
160616
50147
465797
535026
634250
368117
175855
306777
678236
851189
902416
184157
194416
30051
105011
993790
880851
211477
569434
555888
102105
371417
258476
708139
937093
142422
277553
396574
619856
398161
500969
649859
219929
540620
339402
679630
234282
954952
858709
617535
1251
886892
142612
420631
954118
454206
69362
162087
452062
605197
674358
168259
329804
684081
119838
964310
959791
259243
3284
958607
885935
209574
755279
757753
646951
985439
942473
195305
662125
9760
837720
374847
903527
691436
789488
27275
956774
596836
712940
905626
274276
220493
786296
126683
961409
289527
235759
230920
527446
896182
826563
679799
695803
776050
142158
197247
212386
311723
582664
845573
884448
338062
357714
298658
694796
175852
287406
283186
36352
732253
16786
531772
945277
92528
228177
430969
858539
856269
709817
582915
51965
584106
374332
849371
588851
938534
799174
341399
956729
7301
949805
101222
270765
700681
18951
3393
905918
70953
87125
975921
394287
656049
630108
494455
828347
115381
782740
125787
176339
954803
286586
483668
458371
275264
124688
140722
917311
329124
170914
506888
317099
491678
724038
695594
576542
423667
960081
322720
529078
711527
631609
334360
305423
183294
396100
67760
412613
348533
265340
931444
130031
141323
944345
683154
941002
849501
216784
544238
746644
304115
366831
303391
383127
734459
908577
385180
284165
31256
630888
42538
788417
185311
550905
311984
88583
17530
360372
227622
666682
101999
459070
257388
372489
254459
221949
537207
920060
726360
635695
35942
194017
627870
994599
629043
130957
848582
567078
193796
612753
418697
931026
553825
527227
429543
887637
939841
522950
571541
297341
966879
82539
11403
693478
951188
641398
741058
223346
562075
74246
498670
18449
195709
167213
321063
26269
604318
940140
903617
506032
105641
142871
40200
90897
469468
887380
64349
994502
382445
280066
778280
119437
308568
356854
961272
46629
693958
861024
317631
243035
643980
756387
811826
780188
965317
306114
671972
322363
47444
474757
47140
886785
394022
305631
97020
500247
476683
776099
246021
237937
197402
679360
878106
745624
847283
391002
649518
509330
55773
374149
152314
357295
885472
954191
893235
511624
328204
878089
725467
692895
102536
123492
962382
674266
658731
33704
442274
191536
748924
548544
498631
726193
546545
423721
857812
554182
630211
869126
890604
594065
829610
709328
732812
370030
689722
437034
814389
76315
521242
166802
311152
952628
170140
980980
710211
803862
12094
312408
4142
466748
397948
454946
240554
484176
558909
119423
734228
500424
586926
600456
392224
958785
91083
224358
50835
384709
216840
938133
610658
232255
490370
27183
695285
639895
522327
296531
961536
372782
224593
130354
277329
470839
447357
197302
641385
869744
980442
494095
733249
218301
203245
481051
108654
675167
514930
128432
755230
936533
202668
752841
602242
203919
526749
630924
862598
986315
354066
696948
49723
439503
30166
142048
925462
882433
755079
643191
564242
331750
11205
350454
248112
503093
613254
444695
533855
364951
254150
161695
678710
978302
618140
282565
816221
877855
701608
18426
664396
237005
192425
677529
413995
432436
76971
861229
358873
275886
859613
858393
220233
810437
216896
669352
177734
310022
27260
910130
303639
210110
118925
359207
886461
268180
708570
242939
24153
488195
737062
872622
651882
961330
82527
700023
18228
472369
398804
813132
594941
95122
38020
839313
382834
24994
453073
604634
66662
669763
442516
230047
226426
480743
417546
470779
393687
659755
502379
529120
749656
112397
312347
248540
254405
268812
9210
983552
523003
578011
540694
673714
879783
838849
424064
883793
811505
736208
476796
590208
523317
670207
377554
237202
613612
767462
721473
858896
819561
908310
852243
97705
289088
224915
512844
157495
194497
255740
490410
107170
827077
280948
664467
363962
436238
375125
161423
919338
801123
152131
611342
681750
707856
807097
10687
125905
862928
274167
345690
323927
695083
366998
82569
396211
77289
96699
375732
850049
309233
735914
355751
388878
586499
966002
577890
833755
456783
149830
970430
812097
990448
442284
342391
285230
201608
179034
622733
936248
72943
463372
248452
69180
852215
722932
274583
581090
295087
76521
772453
525000
470317
24355
841002
487317
11924
632237
798038
252697
775826
120346
212426
60987
481456
264288
641596
2198
410775
527620
356531
143661
849947
105940
820063
641531
721566
70414
50002
299241
720930
296415
972575
880409
957999
922501
172558
191199
522461
603221
789304
285712
286975
752025
401349
106738
533228
805777
67712
414803
539947
647578
423764
70197
917562
45165
875238
625958
284411
771262
928398
732078
731196
244996
642611
977570
224673
588184
936321
947030
192311
387658
787056
832761
790946
394294
578327
76192
596261
432232
555913
780937
704692
552624
585932
731550
892784
922854
50044
557632
670601
444457
970115
627144
917886
266100
553767
869176
597697
793113
697470
847491
119862
659102
125820
939701
413849
341681
69421
288704
7358
424840
786750
94629
60084
108889
420021
547643
605379
543155
391553
876895
140117
151672
835500
683577
527729
739191
848940
878118
301026
700010
167065
515655
727414
868425
449274
44133
18786
753225
311736
148736
808259
534580
515508
225651
829951
535270
336500
174341
167754
917665
295416
766926
935173
911246
654699
238787
440704
558801
970805
2977
976416
741127
987437
157107
379676
403231
588012
923711
692193
495954
250109
88723
532758
221376
816816
760103
128570
97128
395470
542511
613928
661700
369190
433152
971516
828287
687302
499484
442256
605716
7877
421020
375264
703940
111677
154297
925516
306675
111767
328374
567163
427616
195071
840430
340763
808128
892022
436149
154311
81141
727237
903918
363586
652848
451023
471648
79840
470528
668278
400900
322965
566818
192971
137540
757430
481806
448653
927081
62619
728639
330622
422290
47560
860162
538692
338103
318855
151753
573202
82507
515745
757471
851445
713915
597240
673719
216509
647828
729412
952093
266374
6529
38184
24974
873698
81201
712240
18147
577508
784407
87594
965799
293516
106315
201246
476746
695050
70670
782699
139311
8689
88747
795455
330848
550009
97848
526386
517665
23217
754748
884288
604194
484479
710571
263009
821709
17749
460236
899015
90688
661810
628155
442483
579157
74322
948619
351285
375324
913908
509571
385854
494570
800582
760777
376035
802058
207406
530397
692562
955383
646140
839335
776785
728918
322404
907540
883173
805209
482231
759566
952617
570091
271353
669260
826251
493062
766580
320353
578939
380469
563451
409493
889535
986565
189899
955298
58019
141384
952205
168520
73422
956549
348216
145357
581041
39359
807635
282517
53144
529696
343640
827289
884771
164034
798452
494599
435406
324122
826091
863083
189314
630873
309956
873586
559906
385555
593935
474735
282874
15916
914124
785497
359059
565831
12099
276589
128154
820343
271787
755744
73617
649341
334960
654892
598929
109497
856353
716292
144213
501769
860401
379343
777986
454112
723078
952913
918471
903742
739952
210040
933279
897169
506999
210182
710131
23592
536589
345429
512989
80610
338316
764744
967245
22935
525149
299827
217655
436042
488695
65108
576110
599184
874767
858137
931579
233344
220743
886985
594116
741292
4024
248714
713835
371691
292641
688315
952261
952146
383915
607425
199410
71553
13592
259488
806558
334553
626440
528383
692563
97931
18664
661774
622648
668428
550711
740419
87530
580452
863606
981119
184053
803814
380780
91856
462510
23866
181011
221967
957745
260758
660578
471146
788211
629579
48120
158140
21187
1724
711906
959128
715938
109993
423753
25509
648123
653161
753915
545571
616000
412790
800276
582412
556067
378594
866633
36437
819950
404008
737808
58323
695168
52463
167227
817125
906822
779360
733442
485136
104259
373726
354595
197815
872552
237584
799423
986764
876204
13454
441758
504595
757690
332820
797971
610212
178853
413442
176510
858687
39673
500941
572204
826951
629356
943814
167449
176669
351860
264789
902426
390194
153458
357864
180363
576047
566974
51966
312088
10341
29463
761718
510707
975210
112058
792716
668978
90188
5231
275189
681520
491837
817020
647257
411162
603175
487087
372441
717466
181016
329844
918029
188368
82077
653768
635352
215580
648072
108901
258353
966068
188147
224124
223591
207754
4580
757422
713677
17947
510987
359268
928211
577620
690728
565579
488240
378144
626889
643119
4283
491218
753585
539891
435673
645036
910613
402769
580042
553984
966486
342524
159214
544726
630651
89368
931881
474549
320094
351099
126562
428919
614692
972550
474900
511408
304493
769292
521189
822897
778716
829475
951171
390890
179417
878267
569998
512100
667067
156013
431561
919204
671995
377352
887459
580037
677066
628729
792080
192689
791486
507542
38076
254759
260807
841572
714397
859328
470033
303964
88329
80066
680065
393714
939181
409618
704305
126060
613256
562010
529274
780745
542884
254196
464310
267070
565615
830851
505520
122651
363322
121564
588651
478157
819725
763362
944075
331324
52772
335920
703908
760916
351499
701870
812830
16930
460369
784647
719490
482708
594476
87921
588067
867043
223977
206827
449899
10572
116110
737029
894785
150969
256206
619993
453780
598591
30119
200471
750081
195484
952126
346809
359793
96074
376487
365935
836278
343466
20603
733217
345130
857186
601285
380254
250682
91847
238370
127836
905969
627764
449813
255840
773326
217152
360311
500870
405905
244702
311052
878574
520789
214486
438448
207491
141015
882972
503536
126953
839636
795978
905653
860802
627537
459327
807834
366174
330868
102803
206111
667069
717904
367990
741559
232897
854974
33764
424956
663349
761543
655284
535581
637929
209673
630647
940968
61971
851724
577983
528479
552711
51062
83483
563629
690199
360692
514710
908596
174305
689702
900225
586765
555879
607983
446233
343405
10127
825003
518676
571107
601012
475584
90765
348350
940774
677709
66249
108043
365701
524928
610149
620475
199285
62276
82782
777955
188606
863895
23997
26206
449245
78861
130589
581504
856346
61119
879956
612745
476760
482091
566841
475273
232749
998618
894563
578241
961452
616738
160516
352592
335180
211943
413986
476608
158103
575048
448262
596566
46735
919134
77188
152756
629291
601455
312122
370648
856008
667289
339124
784227
463212
78048
488648
561366
1779
53032
265941
641809
96101
929919
869297
906550
997617
679829
395124
687788
463689
530631
450272
407104
909977
905304
426284
358437
334757
372288
90220
2716
648766
672991
970654
686255
693344
533706
388883
877207
625835
746054
612663
432381
830204
794963
783871
129501
552168
629599
843887
917255
439316
785692
378246
462528
10100
933931
884038
305477
368990
533367
298339
273007
843402
319967
243976
589106
243049
793355
482560
8511
238366
106208
79304
744202
282909
157390
24110
616934
864159
968518
537573
623499
61247
981065
55226
712500
967068
933705
43895
638251
512984
655254
331253
958593
599325
129126
458064
980378
425831
794117
359540
42017
703865
755961
637275
900636
182389
945457
672563
773290
623885
971913
944285
766812
90388
165500
821522
80622
892398
116455
99552
691425
161254
102006
995154
353182
735725
415726
242120
977377
863253
104280
997959
884821
828161
635412
966029
957068
420412
841513
90718
608377
384465
734689
736385
622463
933301
427500
760757
740901
928853
905892
44242
550886
437048
67563
533861
238801
68656
769096
189374
313124
598417
261604
725496
917010
931034
852163
462934
878915
494956
624975
914381
600750
462841
756096
810191
769672
789740
596894
76678
364743
955621
318739
426012
135377
74978
923820
554359
822534
87545
542764
110274
746177
153869
456358
65505
370129
388052
165465
148922
674272
633295
984973
638423
230092
493038
982856
243367
925622
102972
595091
327024
283338
234104
15116
675252
201884
45780
929751
736575
488366
839817
130993
447440
416718
377109
670244
367521
482460
717522
256919
126421
485610
47732
699581
327614
461180
735455
314542
118472
789486
697891
154706
880069
798901
674389
8377
277845
515581
233163
9864
494193
199730
769843
947215
214932
553755
348369
31606
726600
840992
138579
901780
467657
721260
610322
583458
9431
555309
143527
304964
891037
836472
765224
854023
143097
788234
960446
121129
892840
419562
642404
486545
444623
265834
965566
379743
649000
112715
221598
388231
401152
50601
102742
823368
998731
397500
786558
930520
305348
383386
54671
332444
474105
57438
443892
540545
330286
133319
83358
178721
495493
774068
508531
552655
917369
272510
638118
732287
11268
172082
769634
987477
685665
783913
700128
62536
192044
639110
449752
166707
310629
320780
239955
363064
274259
310362
497311
987729
946821
56323
698972
827124
377523
430542
21876
709026
212612
172999
958632
471885
489129
59840
415109
402788
14630
151656
861045
521788
315313
992069
356785
595548
92467
16209
12948
514405
589227
202159
849483
8348
4850
561288
683945
234710
629657
548358
299735
26047
62830
595117
685609
614406
964894
246993
126667
157865
999412
269560
349146
727960
731263
559564
391823
686930
877820
601430
656151
862757
202417
631741
81623
613529
217257
221383
649914
237209
130609
148641
729432
37763
178028
144031
785799
343161
167993
531607
81774
163437
153299
146321
361083
946672
766389
367852
489383
99427
637596
377091
992358
536821
837367
372214
946656
339577
648316
85459
421465
787796
741026
688497
466207
257526
658186
507207
402897
346915
467641
709981
864163
401945
637447
996100
149991
513145
608982
641816
833707
598235
288464
140046
834111
9901
353960
105101
539274
156696
166523
197934
921206
53968
378898
203603
416331
977149
515972
247969
65178
402177
360825
169051
89551
108518
458889
43996
21098
702501
893186
662705
1159
290773
789649
794137
79087
734487
227897
790773
881914
651109
913192
548234
347799
938659
462196
468463
663979
248929
29832
898581
65252
369361
212795
519580
72170
469091
404941
856385
668836
945872
940928
122100
524324
339123
97361
881351
347376
666065
453650
69891
212270
679993
667813
803477
716139
570183
870486
222502
712968
657154
441494
81672
510145
15589
997200
448843
553691
821179
860650
703856
722730
946275
134810
509749
587324
952051
844898
94543
867494
25785
549162
492662
40040
216605
712440
247642
248767
815010
738190
368691
311944
912523
685920
620918
665228
967898
562851
69292
619764
345160
947067
642090
879776
681939
955855
405009
264110
948249
900596
769219
72244
979733
855891
616349
817139
806069
991517
791688
372633
153646
936667
125919
712864
608633
626787
255096
441620
512813
665127
667986
44209
731834
420519
381785
20458
500415
352390
996824
499782
479049
203387
441019
665957
794217
251008
198561
45361
401762
881722
780368
15243
654594
894821
170165
796436
619386
223478
920732
603162
231167
600600
202388
912375
606699
374566
233394
529310
813187
940321
765383
357478
934404
16945
616185
397211
454533
224458
663231
639790
473545
539498
764472
534476
660259
161662
646825
557387
43462
963300
745874
716801
667048
891404
266795
338479
593811
957495
393216
370331
111688
329505
935206
648315
627152
472380
679257
518669
460384
926674
734771
586244
357608
364107
536651
258396
218616
602447
497832
737934
349711
474819
420064
905282
291824
365202
885460
23110
351810
81533
144768
696282
7084
153658
366270
272787
315048
230172
582777
123973
141020
565026
441960
305099
196313
111383
891415
774580
293436
862663
480289
615178
885495
407518
854458
459392
431274
88030
825129
72119
745963
478204
313618
565101
413605
819352
732721
759875
150940
361560
827747
169193
917134
304224
420190
485544
958645
731631
911746
755595
239914
822873
647751
117099
344483
697885
675733
920214
97885
592546
716210
850203
770389
520659
322773
150197
355631
356435
969050
192146
823994
663391
747855
393470
254987
375679
180715
964273
105541
238889
950750
804401
883899
326834
958276
823013
932460
330355
697016
628013
957747
408179
234598
618084
802964
968589
818726
740464
998336
250364
194804
854566
336838
558848
154938
550135
33046
2386
185114
683053
495191
434354
602011
919572
166375
710172
657837
227701
215088
530841
846234
940798
899235
785265
497164
191485
632660
815998
966069
940427
265394
736731
90719
503173
126817
733116
301776
849270
730230
984983
336729
932945
219342
278720
630267
256345
845260
587027
315511
74019
943469
286218
860465
286643
357001
508783
332864
919364
438120
123563
468500
175716
787006
38204
851844
259835
847749
797381
481780
298156
784181
669375
769568
888659
593635
832973
171783
191535
434163
669230
363958
972249
519675
516876
610479
575346
828726
303409
195319
600028
137442
690265
80633
559518
883063
273698
789722
442347
499075
847328
828698
432572
72359
588877
943651
803098
284776
425245
279736
186674
975664
443679
189948
450736
740897
534922
320030
837632
758140
517732
914537
54103
470860
388631
96287
6257
949201
504851
932730
259344
996086
694348
284702
206213
132632
797192
169906
541300
574448
411801
338013
211997
79782
978288
562590
926542
113845
840603
949627
383762
240892
580689
146971
982151
479266
407690
460033
560654
804068
695563
495717
119195
633341
692287
79473
371248
242177
25877
220950
989685
106871
83015
565498
783870
605272
813786
801751
622628
892282
956089
775603
980789
368834
863376
295567
379011
944698
16155
131521
663426
273264
945923
143842
786297
277233
830020
159074
846314
956324
570694
816821
981300
704132
706442
638556
299928
253176
460608
587980
364120
902993
632053
174076
44667
306591
456425
290064
565934
797424
684734
549405
920581
193062
485517
983384
351007
507764
95379
374944
24358
232949
912393
280485
430645
878697
803345
786291
143637
405580
812364
7967
243552
15445
31432
801164
122823
433608
376663
84763
423663
707576
297147
330413
573877
181021
865213
626261
878931
444174
626205
300511
938778
423643
662627
261112
521247
685257
326548
302712
905139
605226
843776
888595
908106
706073
411576
698199
598460
225488
168990
977762
878186
609574
505940
387364
85433
939303
333910
653389
312186
875473
270116
567059
856426
320361
233624
830753
29460
272825
767510
7007
789973
665958
854816
962650
585016
389513
544785
424255
789898
372737
587419
301635
403916
27128
194419
531034
879582
991730
148344
399060
339246
695087
111545
317365
246635
502998
337658
712843
179163
624092
2783
590420
762416
692394
880847
992370
724349
463412
425227
351685
212345
149918
535616
547312
476314
366023
234632
883735
210361
807537
17064
272190
844584
449644
734177
978442
248948
579478
631975
14626
452982
812232
639219
36278
899699
865712
130714
892447
820861
111528
820335
812592
553503
237270
942841
116801
313178
24070
652870
582295
741001
287203
485337
903345
10406
97682
720126
571570
338533
32748
72830
109670
142462
509845
189551
466802
122621
217891
962781
233473
544755
266112
288437
217642
825761
468592
656543
496399
737000
536046
588479
833573
991961
351617
204224
527947
870284
141510
518720
740147
858913
452453
396827
565850
322577
813222
752403
944307
510704
492700
602137
777442
521537
551487
863994
628579
951029
389592
428457
794507
221634
854037
318373
96679
584284
965958
333633
635859
246268
98282
272896
915593
353760
307254
668911
720078
515357
957771
316566
617626
291850
855623
405764
932646
379311
252085
536495
29287
730933
75538
538994
433128
996349
665533
8116
478659
526541
10106
576233
378939
430822
17506
232114
919673
888753
441579
943392
257634
11607
252566
540113
941552
496669
351948
976182
421715
891225
358896
661002
191052
527567
751975
279790
748075
452475
955167
909945
201550
564778
428696
291974
742366
873452
868869
30942
278446
694482
99359
261146
417685
986904
494696
395666
226061
429214
659333
894000
545626
377099
520755
714272
716884
878606
551
333667
546771
232320
392582
454915
550647
74021
707390
896609
995921
77330
126207
314410
787378
124584
649242
423976
708622
629438
686900
388532
789067
97821
421734
243018
362860
722340
526197
333621
69397
526860
972137
206889
95738
592646
212556
456367
104360
609089
102145
102202
167024
321095
687230
837593
393451
779015
646311
918982
318639
841965
56776
811611
883277
42349
949295
731492
425347
704032
315364
738319
865477
283525
138694
426880
432227
838056
989316
726145
531735
116383
898100
578775
985645
184369
175507
248176
944399
69650
982106
651576
748076
418122
544505
49925
869939
854899
202243
177748
509409
937685
176947
277976
635676
263572
9325
648065
94024
499394
489534
916597
300838
302189
528826
624893
227507
373716
32689
545872
62382
687943
276673
322169
769975
938010
192423
482003
836997
771052
315473
663564
951451
921764
829188
739445
156389
183860
675082
991756
256987
860137
342713
291320
995582
461544
938837
370545
679253
689123
235619
728062
324353
500455
582667
252442
887807
846097
176488
985136
254138
601312
196272
860870
316747
232230
492219
523190
624142
142937
648242
535446
505698
85894
169813
363321
456636
763109
708776
743375
415529
753287
238395
751591
89374
162732
250709
361685
52925
151409
155580
661039
791847
90982
33060
589489
14968
363326
694962
572544
278687
776363
67276
794027
857114
422206
75214
534524
223156
541674
487345
682276
806307
445325
961101
649137
129173
182667
483918
766887
677097
716311
253619
865566
919297
707937
159987
909551
33884
251770
762872
362188
945898
588304
909131
483751
129895
43547
473232
939099
260687
864571
996122
139642
506701
544211
367181
545893
805607
481938
880573
494444
569825
763124
531572
334747
912558
763802
840893
341358
188741
584609
178018
832292
824264
459734
520244
167813
1091
284365
176604
580305
502880
564752
83822
851677
125256
485666
735819
741382
602513
356850
512752
463068
941501
392580
57287
893768
236087
939884
430108
996232
683442
166630
293452
32791
751902
324994
531212
428522
759623
58876
766291
282199
12810
331242
779685
857297
124596
374734
444285
301326
678712
678603
473111
712137
546765
63541
399831
293667
910434
734401
805657
905893
154111
5659
238102
71904
412089
616471
560111
214133
61010
728447
88666
272625
476779
640586
777766
885072
729638
778542
505196
165283
538076
587404
803156
119179
219128
367818
435073
737957
591918
929663
475008
257948
166343
259894
758985
204923
349493
247075
756360
532481
337768
620243
365187
997975
366454
28836
410880
841266
774
505867
827368
581136
474170
140828
248455
957649
641865
635192
824176
20784
917738
136339
885822
454172
925228
811808
490997
620835
395932
479878
278634
94076
540788
85105
55587
272498
760340
549637
763436
655769
976205
61955
760553
243480
122530
122529
400878
976756
311408
611050
82490
106375
738743
219522
475349
350991
80905
638856
719233
927714
831117
474388
710111
453183
680688
882975
427554
985793
435690
264130
115688
341677
994024
230935
560506
885354
478363
206396
36321
414160
416541
384566
522339
972504
600123
322801
672473
746548
854307
104933
632366
4664
72427
965205
372406
531061
931004
176049
808936
467751
101529
193948
239034
417796
70736
559624
659672
430900
627195
832700
956672
329120
870643
148279
161212
451427
509587
230831
273405
615326
281764
850930
950225
915176
413226
939246
28801
115298
276426
115468
449482
724328
733974
689718
680438
431715
255479
704889
241621
680827
898934
882182
479453
218218
184231
102931
295772
854444
80050
51999
74453
984722
949567
941714
217087
721718
111229
988354
190230
828937
767824
886674
264795
46408
809301
467445
3469
68690
906384
308936
252418
322047
970622
797069
511024
768107
882989
501652
318390
360589
507173
45301
286420
851048
526825
749003
24999
433689
20598
481031
508655
634048
415656
803184
973132
69833
951804
902779
457608
72342
201072
775554
948429
587339
760199
564919
860917
37225
72058
783620
187863
963430
236273
241064
799251
50523
57609
401726
717042
541741
189993
669912
980496
641075
169756
687287
899815
370352
23404
363222
400438
900733
464729
477153
27917
940869
817334
905219
757752
11498
55585
340381
894534
475142
180701
5458
605364
203276
795726
907839
379067
222924
853520
670088
12467
61397
871604
846222
282018
856820
607127
436348
132763
434273
330881
259066
205342
245207
393944
172840
761110
234434
371212
417640
665037
797440
585440
574125
898478
10921
267447
24080
474947
877981
364275
587531
207728
403437
105297
219518
473690
480430
756461
695409
899718
475827
861467
480377
256121
381712
531012
208377
674717
710001
895957
898679
39466
308603
816443
266256
258160
416592
907261
672140
937283
978098
407925
467468
373123
789631
219372
574624
570118
948058
527121
419829
823012
575339
577302
831211
907424
369788
156904
51269
735150
434180
969800
615162
574373
563841
746891
774248
363395
787262
962090
506280
880727
58612
384711
588412
779983
941517
78333
181861
724126
313091
394786
115474
684682
183463
8092
853170
711823
901694
224733
869482
60211
174086
451580
200994
981863
356566
540017
160122
530647
283235
559277
77135
430431
714964
612072
982537
136955
363864
204818
770381
286323
184331
333353
864576
686418
525436
291322
814967
663981
989280
751002
609155
609077
345700
593822
381250
720523
369567
420003
798936
422632
770526
996309
587440
510803
878885
157742
896209
347179
569636
708637
685336
525668
949624
515073
210904
868431
878618
368212
693131
79761
977448
162597
273331
783221
735822
691005
591377
895518
808529
788644
902593
641749
670840
519548
728176
702593
450890
847676
820852
286457
99221
74342
237537
845033
869735
749622
403244
480541
583344
647276
978074
912960
369226
353118
813480
198042
923480
596403
202487
407710
253383
52090
639908
713169
37686
125352
360822
52306
557170
900460
91249
784522
468058
962417
414727
113712
989474
973551
919406
959417
100786
875630
762573
497307
460569
419407
905169
190267
621018
173757
853618
97112
201690
276381
518505
904170
224951
614155
417655
403173
305227
643408
11211
457945
238275
291862
377304
880473
220450
969854
9638
332012
142382
805300
805240
888625
663722
975565
832253
39820
421600
54089
997040
177275
635664
598263
930061
745158
42101
642872
303855
345493
228272
988635
844555
512155
901204
935272
117443
204336
621197
446649
23656
434045
864877
728513
67407
604945
939029
295472
400782
893008
7036
85039
164116
282954
325407
176710
529186
15338
896837
359902
35562
549253
118446
410848
891010
932498
266839
438971
536069
614969
764653
297989
845446
678276
312204
893945
540914
933682
297202
138591
563649
989226
155525
146889
155417
759693
637885
676089
453631
236260
498031
838496
642810
810104
412535
887233
877318
781249
83330
456884
231154
304886
946229
771079
500503
786883
785662
828415
869237
114777
947253
120764
990187
562847
79982
188538
618962
56710
195806
346228
414839
385338
615846
146083
344244
89460
932225
218211
34666
450476
91655
479543
121117
381979
996515
695532
668032
166200
814839
953067
540690
977900
598111
968946
776556
615591
170389
340410
78902
44314
959839
867503
177056
798090
486252
325499
37119
880043
661507
733976
320026
434983
278172
766303
90707
187837
582939
726846
197165
714630
967466
465224
165246
281556
387569
84007
158450
506803
523765
381164
991673
962641
883018
568903
505102
318970
233654
541138
734565
38843
595428
155719
169009
570664
533890
794770
975567
692666
29880
770242
408018
604688
583236
560793
911596
317654
80950
350402
785973
825859
3909
10722
632347
700220
366221
146439
882727
37782
564454
409021
266087
147705
590626
584063
512830
783392
173666
384971
559556
258620
421141
378254
395035
683384
265167
828479
140431
288408
415298
624712
836521
75962
695838
874065
962239
301563
785522
629917
376515
48848
466303
297786
770631
506320
716932
427893
681200
919762
808780
469543
863400
64713
934632
488251
991139
290845
618175
224413
226428
920359
22652
383361
466109
939465
813349
794445
54334
760808
357196
439013
85540
317832
917278
5585
440523
819010
820056
125950
683108
530394
606891
498019
582117
829588
481063
432692
846339
719901
153994
199336
956795
665954
881650
520176
750821
139579
66437
4701
229225
847257
839602
357342
897826
53084
776679
592845
819841
965429
309357
214264
484868
775823
901439
518036
360531
581264
293397
134236
36360
808318
148818
909502
734320
779446
684673
844963
66732
801152
920594
282846
855161
854677
734897
710206
954458
152705
773828
198338
371364
344291
806274
690924
736294
814802
816875
299054
714802
268058
127975
105281
909196
879076
364415
888661
294127
300787
754482
284771
443574
615754
758581
381982
756782
747820
117707
346055
384693
9467
327676
595680
31438
498178
532661
40760
435141
429326
536507
787301
945017
986359
528525
321488
545675
963068
90006
259434
945570
830028
115852
811389
271320
366433
668200
249629
74052
986375
159234
669693
140260
300219
283272
959901
967911
996526
352283
537569
424853
758697
829318
285148
597322
530203
862669
57912
645612
418092
964482
975805
352741
288995
931766
344260
233449
402815
313056
604912
260043
808043
536802
145244
227940
103420
851235
788684
683911
9675
139717
593614
301304
501413
831228
877191
951703
396628
388191
139894
91297
991627
388305
959088
356228
132172
172905
362534
30428
385626
105467
228047
304153
928493
146954
674933
606848
98127
211546
234457
768904
301590
165282
403780
910884
729568
663468
787616
540451
635719
982335
624613
997079
101268
320271
543575
147750
824383
357657
898973
587876
419724
856115
379840
761838
382720
450130
813228
810246
289393
945717
850885
965047
844338
422131
454076
489022
624347
349421
573611
841341
271181
839700
86493
583681
466772
458566
329118
277795
834302
496883
659803
417432
732795
579580
364564
77863
687341
858743
654592
162613
408466
613647
888445
591612
236811
920265
633777
892122
50761
501857
948227
895110
933715
940498
607984
668701
272630
751413
694922
32859
889993
547649
838163
38885
547227
593329
157490
246210
701692
957315
536656
384746
802405
165660
410578
886327
112004
234505
889203
933816
974696
869408
143293
231525
810374
484741
613539
291244
99686
568904
165822
403306
582061
294956
614498
406901
651783
773315
930589
274774
626420
784843
211156
208480
984409
588139
838161
861911
277396
706844
945518
603406
125549
291230
524698
798222
570187
967602
393369
691683
91917
211604
353055
259799
749723
722125
696307
268437
396071
375141
894080
188527
561862
437110
991160
427195
129125
850204
249829
771224
932201
709705
90254
8551
208245
818690
384404
99837
394738
930628
368235
279563
981149
909523
42855
11026
98993
418836
480141
228839
360245
168862
909848
110291
62934
187426
657814
492682
412303
339381
442992
297414
129732
582588
237574
200832
719279
258931
456696
5963
747569
592665
391170
880781
753290
67068
521471
274778
84196
811356
875918
688942
670730
520127
328914
57799
789686
775121
261971
369565
145095
432885
691586
244031
646865
394156
87001
392524
618702
506208
753505
67338
95923
240782
804813
298406
81694
819855
313924
319049
762987
278529
738748
509394
210342
596118
91650
621942
398969
881238
432242
348296
43096
788914
198952
81716
619730
815595
710941
115481
86719
992305
700366
519484
666070
920497
437482
618846
154367
932633
949425
868106
982134
757819
784231
78095
134552
394507
358260
221576
74062
526147
352731
577303
10579
500837
543317
662448
274019
296394
121297
497858
737292
584683
277007
544102
865040
939694
749068
375041
590179
814439
607365
465903
587887
474752
978632
312313
646673
677141
545603
830660
707965
583478
452761
679999
989594
652298
471378
17436
268964
473340
462749
226199
346677
771634
979824
600463
796742
42606
206857
628870
587007
526560
884321
668156
595889
111125
853165
93178
100205
25358
205647
650986
812543
135724
582880
418531
293706
465094
947986
386435
893505
153693
552070
708790
853439
570471
770025
797011
495812
109063
991563
766629
868173
443870
322494
140614
406287
605563
20839
173415
220047
193262
355172
974317
828577
373946
591578
757174
880507
755880
513305
18361
488437
796216
758382
875340
146399
89459
928966
242814
864127
722844
628154
253860
875109
484996
458363
348017
409325
699197
951899
389631
268689
184486
432182
585002
5864
690981
627323
405211
967807
515892
943707
539491
598162
804498
666700
469757
887272
463321
95098
688630
707208
544176
818715
706134
315981
562146
710687
616991
259519
845411
36549
319932
3385
524293
35625
48306
257720
16823
891180
77229
125514
102755
876591
273646
479442
803374
410989
564447
782713
582045
400949
850503
42865
573845
778051
883096
590055
324411
219578
453862
173253
359546
949185
676338
927329
109623
401957
898821
576366
476372
56472
738331
462238
717917
974096
572213
806211
356355
625095
867511
367577
957273
608741
972194
744014
2737
790158
316285
336865
337298
244564
335266
668134
298327
614285
75682
843621
936039
980480
568726
725602
292364
920569
155075
147570
2089
978911
420031
139350
466152
643533
461833
459791
445967
224632
875704
579643
727427
678136
260537
806447
518089
332875
728796
130096
290611
5196
673097
216734
167162
239464
295444
882293
358229
878658
53559
30369
463910
106483
82433
786652
436248
913095
501295
542902
787566
847460
389742
438948
33670
580539
809519
155854
945124
478978
189568
564718
643834
851651
540306
689816
50748
962284
217189
409562
759392
294596
48786
886462
699380
373368
631092
564332
219547
715092
837556
682348
89573
217613
655984
198922
986826
16570
359304
653330
641347
374563
937028
720059
900998
786418
573797
622816
259356
477639
224873
804256
69231
962056
130838
613716
695543
665568
626981
231479
560403
761152
23602
965498
817023
922956
537435
21746
338247
879420
552397
158137
165490
973374
881243
405260
461111
464668
841831
899855
535847
518038
850341
584237
775595
653869
496486
179581
186779
660746
552438
114047
72403
214378
872750
439182
280655
926604
18854
910049
14448
794070
576968
281661
640603
858693
116993
828539
821505
64335
701264
109041
195321
516184
344768
56384
826952
896332
236403
258426
69059
596191
160724
346797
489740
204127
55470
145489
319928
606386
486363
801098
917649
455410
768468
299929
190135
806561
314344
286949
798625
834251
656264
806754
910081
339895
877502
163996
813702
652681
883774
625634
39355
54519
224597
379345
980172
902310
451836
916457
372576
173268
595573
928195
701684
650017
617595
762100
673963
539476
490623
939259
425314
266321
547605
953097
663011
224820
147527
122615
701005
555689
888615
320167
68094
861023
253370
692243
905378
497987
937096
370411
697813
915927
114220
358706
619506
509397
902455
790774
394506
390845
132852
355306
292976
85501
385479
114017
265330
474109
626031
854825
335202
811524
802922
422658
168018
741386
99896
936442
649565
480666
335735
525670
435426
394083
868269
975038
53708
239773
246757
660886
836365
540627
800240
623221
508009
940048
334989
814164
427502
422570
1763
752116
397890
400422
129706
717852
393685
815302
480362
138862
260597
334326
577564
717861
241472
109775
787244
751086
19251
378053
386016
693343
592993
968884
285970
563992
666048
597890
223513
206389
737566
486960
608518
552685
422577
44034
484362
848138
289739
299721
656373
956805
880684
146698
126617
960573
881457
786893
480525
527828
297771
443971
714957
274535
911755
153428
163327
358375
743161
737989
83793
953176
323843
896771
536294
262130
562190
69934
202015
921849
798405
556029
451474
135111
952842
65492
840257
943228
391569
211635
158789
303543
494474
913297
537727
421518
89321
710234
37942
856215
739022
320471
96722
321379
259094
275052
255668
929419
68926
591930
654512
59810
134831
828389
573736
643273
616810
327407
896774
456610
455568
951747
974357
504605
204367
23886
637181
941422
710757
781512
825113
415519
661650
65041
512759
465793
883230
132214
296555
746942
886084
935250
486864
727306
573050
518033
503004
666616
608158
158544
844127
766121
997630
135904
949464
448927
790148
549418
39732
821551
22780
917420
484644
507285
480196
435745
657241
490977
796175
344831
742879
939728
949013
907155
605430
102939
493990
704963
275542
382426
160026
536736
372756
490255
478255
610786
777729
42143
113287
935417
779350
684644
815851
362987
509372
887320
543951
72456
517852
998188
637860
733444
348070
734518
848334
802856
433542
367944
777007
136872
238227
913008
102942
447079
457142
490004
229063
327497
134418
302539
665567
686182
688527
491753
668033
806042
766338
643864
949546
509177
315105
19406
601440
813162
930506
367189
61543
83502
846682
12533
885682
163836
379640
562412
696935
214184
441906
38363
121017
928531
976857
688186
431395
489905
800200
207804
383153
236534
398470
398592
114488
266141
108353
82288
794982
464917
161211
780020
695944
367401
117688
742152
789013
586326
561240
94893
387633
545239
349397
177876
142559
671122
265984
261167
885870
555078
366121
304602
310628
280138
852920
257649
980000
342555
927131
63467
799955
374101
999496
915232
47135
966013
947053
815339
633482
778106
489706
886495
960652
700770
885729
719989
142126
215232
950061
408541
365050
541675
733105
27392
567508
8112
881411
673136
202495
306228
135053
412001
280220
430891
200390
96223
241118
76098
542295
621253
726668
901559
504103
193901
586278
709973
294866
480943
568415
605451
959929
773193
924264
916403
642153
682383
23586
249800
291803
638064
359776
323080
888984
296032
41559
179024
912529
756505
741040
773738
582456
726862
486115
940970
856771
966734
885165
753849
678641
60509
29536
879037
860459
783664
144468
546181
943428
357947
382616
331811
135003
847634
52080
206649
797716
949044
791797
663466
468134
844617
179613
502546
941305
916763
538425
140063
404257
40585
344446
700506
68343
927380
217200
530500
583446
398870
881900
141083
654767
797395
245843
187004
31690
832808
386767
444898
683673
91424
964547
564492
492282
138534
347859
332541
989258
175124
311308
119005
313569
154601
516146
908157
606765
659738
282981
242040
801966
800511
253807
417908
345163
816814
646445
794376
638416
283301
444567
206968
822688
176813
656795
950636
798155
591679
686814
497238
708626
509145
287073
568034
296212
278922
836223
798739
45365
223056
831275
101709
820242
889826
669301
178924
585232
602010
483372
220737
955598
532796
298334
361450
841081
617767
912955
34125
670781
702806
728984
199281
490968
88595
980687
389497
452986
39107
422589
966891
343014
144577
631430
551508
739642
734722
667238
988732
21774
90637
542002
44901
749683
680761
75166
870380
217253
748112
621043
56063
413068
367695
278255
209004
117295
881035
393529
100052
598902
348205
982719
302974
299226
928990
268334
368584
953771
844478
176141
645688
945149
800717
457782
460208
264240
722860
884723
507328
19163
856062
189745
612118
130325
733417
603299
312848
442591
145465
492086
972530
111921
812899
664428
610099
510879
853158
378584
65074
362536
426381
299637
747334
883356
552658
951202
397788
633022
977015
96829
915881
218716
129156
239652
37831
514019
762249
14169
73789
624325
371753
829920
426886
620314
583246
206955
14973
485144
796246
711334
871572
552369
276203
718557
819710
540297
355248
619851
940973
358867
832407
490624
656181
266759
966317
296016
82562
119835
373455
920507
214009
223998
609334
734525
206171
168082
13490
448839
35715
181496
426713
164855
927447
246122
640694
954935
675328
316269
68689
356866
499014
783842
654871
502471
638663
119034
385766
431205
177171
340617
862327
143831
906023
916084
512809
608041
162948
321221
822950
701416
77996
112541
433076
317593
708409
221961
641818
811807
959066
438253
99692
902080
292714
87132
377910
255105
698286
1098
28097
176941
167147
392025
96708
415093
807458
574991
513898
2865
2922
167273
589436
406980
453288
172680
336684
338078
728108
311882
695293
996124
455147
492404
70993
933898
908565
610699
244177
62920
799827
452930
982387
978335
733709
963243
581305
229823
879380
231728
236663
538143
189507
20457
735040
28234
343550
176628
135275
881733
537458
845331
941968
270344
162631
265460
800580
2778
330481
602140
976512
252040
333734
791727
220448
659201
398954
978974
224583
33937
850501
699053
377311
129464
300950
129120
99198
314086
806594
575809
541796
988630
159941
981393
520865
126788
642856
843273
966228
287180
183763
976139
51917
482401
940410
299050
47636
846502
968563
723154
240131
992300
560552
160278
154574
430665
949096
101141
189219
673169
999320
360775
490036
286278
588329
573106
920692
924574
342531
726491
724865
154549
114899
230164
365042
120152
950857
290594
375278
599356
240017
237797
82049
451934
366247
434918
133755
702140
584467
945566
798980
294138
844200
528307
562106
697745
841446
42091
163626
437015
191551
604747
848667
836774
283575
486992
217348
231020
298788
698569
822685
120655
648469
762575
543954
864058
422479
49058
491220
385289
886771
146658
993738
563277
183803
247591
111782
200636
441443
877309
188178
241976
892644
760127
751368
126138
923483
159951
343681
149659
6729
218799
149125
8767
688372
905151
657761
67678
835498
388435
128055
422896
369253
519472
234095
996085
634058
57763
950923
492062
701452
457983
602265
909787
41389
491009
59202
491045
82945
60798
781273
779483
177895
855146
947072
804560
502152
768561
588606
214028
299176
803750
530127
755997
468022
934885
458424
152509
776816
928043
55620
260100
546883
773620
478079
301578
817458
391223
5244
484288
727129
576767
477839
533126
716686
511934
310663
249229
487687
442976
573930
670750
907731
573307
209188
451858
529066
892552
714968
65432
273841
280417
540309
780982
821822
469087
974951
145022
44471
40148
574794
805840
650520
132962
243194
917766
941586
172022
951717
803776
349009
866789
911874
877131
120662
295137
387003
222640
917764
475735
410822
230359
195638
164777
41362
442583
727885
299971
430236
860891
581575
691612
10464
136434
124874
409611
934509
192754
76033
824643
977873
894410
179805
590125
357364
279203
169149
500832
480705
61555
933096
537664
44927
484126
964535
646512
477438
521992
346896
98677
903660
396859
121613
335528
279751
819378
278842
97751
104237
785152
450877
145274
432847
749856
776913
382925
513028
500506
994219
581647
653497
376654
633149
457429
275015
819552
86488
36747
544541
953216
956652
972232
239196
292244
211307
413837
645186
728453
319835
50941
378211
545580
39278
530721
270262
660750
498393
148405
14242
879875
331711
399656
573813
333541
142955
552481
140305
119613
959373
4788
237425
279428
317714
165209
847495
279518
974677
867870
268963
93993
41571
642767
839536
556019
273613
756479
568443
822565
136525
148080
498603
28102
930065
962398
41924
5078
849427
215973
573514
301451
272262
198415
906493
616101
537452
837118
242755
558192
182148
905651
88356
880609
462456
325679
307550
859414
58288
179769
907973
460238
439929
799877
447479
783288
675387
502271
862186
309151
772944
570723
212056
398231
315344
989883
883031
625093
160598
699220
690485
365298
304310
175484
714707
42635
519234
843457
948797
726575
502413
611900
948784
672823
986279
11553
894849
34810
164411
790858
77383
619628
447368
910124
119846
492321
936506
680746
107833
748080
975204
621640
10267
493106
615197
948856
734866
752810
584948
443088
786969
384062
380049
30109
720329
288356
619369
657681
902563
83864
17565
272407
137660
116809
215152
566215
981125
737108
870563
182965
292918
531823
755940
301399
290824
132639
12568
48683
573614
188807
276041
955385
53156
897076
83704
280879
511314
388683
108950
495934
75684
245388
464293
157086
398179
931375
308259
967095
960358
929272
56804
160784
25227
889901
83422
884823
911951
557666
238865
852733
447823
627248
618833
283518
498780
103876
194225
707582
289491
587022
22031
749667
484587
383925
811343
244342
901221
624114
752686
609687
540279
437238
816974
597194
414182
409828
907587
102851
153240
498232
996538
686497
214855
741780
186549
151563
863762
668905
683764
480422
878765
584638
164720
251824
129913
427168
391936
886652
432879
670950
376223
278986
676277
948000
398149
109378
298579
946076
591985
305229
412287
964116
895368
199633
902932
459383
341079
395143
656865
918866
861173
233530
735774
476379
955076
956509
338938
335898
669526
493450
453072
158709
130795
70227
120951
996438
805976
272711
772280
194619
731780
759107
608537
949133
32625
11482
609262
590920
868770
339319
927394
647781
98884
963817
275481
917744
145728
153777
529944
946675
52274
743884
464633
579718
101196
821869
489644
940506
732660
472225
143287
282287
975036
689772
913495
24093
630251
207089
420246
502860
139751
59672
133907
421867
802391
70827
4004
225932
730044
947467
71271
543790
170730
636726
382551
357623
466471
798213
105148
596924
417836
208190
597248
954927
389576
202391
311138
835622
783844
693256
150339
715652
958369
276939
614046
842822
437854
268339
325781
146348
775701
524262
422054
512705
905701
113785
495932
605257
135018
463526
923682
262919
733768
501036
853650
344808
848135
312964
446828
718159
830808
796155
745602
119286
947121
444176
707998
450792
388140
882441
200875
536803
610138
771084
852926
590348
753633
328438
941112
864858
605669
501009
738504
949914
310741
236009
156058
681484
831090
894655
834013
417451
555550
906327
535534
937546
361244
949548
358950
656090
79530
750340
790653
147912
859128
669470
640537
917443
518788
910855
836919
117211
24083
541579
735605
242245
934093
476665
822587
40054
286688
997312
949445
954885
155273
997633
769891
30583
547475
180951
875337
248342
877097
151510
166750
699141
28655
925044
300916
765690
370961
91078
48918
956223
449582
514472
458741
568697
778744
626723
71249
84594
811260
625732
301458
414015
318999
223859
815768
744388
168133
392670
672170
369387
816455
652242
24311
815027
995718
480640
301429
230688
809105
216246
940253
83960
296079
460071
794189
434329
696162
362050
452526
495872
606028
967400
20366
694310
669035
415685
564234
1093
542958
70576
844640
579389
432483
1076
585358
63537
211805
699564
839049
151917
576641
592775
205463
345412
526381
19628
653513
295033
35206
576119
596313
672787
469149
884320
145820
809236
471678
782973
15459
133122
218772
409694
21940
527524
757884
422304
266057
573028
130009
404865
926785
692704
549121
370898
885423
411977
813675
374763
770998
565010
329022
935127
968529
541097
427019
107027
447295
5125
568080
132454
16027
598098
998295
438616
695690
822967
758332
389904
368781
877696
757451
554766
907318
143277
126600
381313
414775
710614
955336
133509
234197
807545
690812
803325
978428
844834
257486
857098
405677
265589
429475
466213
757842
373211
882753
534047
119411
505927
287882
722802
925504
262948
493607
651586
926990
206941
18688
384950
158623
985352
857575
12846
124122
160048
51412
718560
571353
347773
30027
294162
738465
86978
982554
846134
193325
288547
35390
935197
483043
516321
401766
311065
814888
502660
590287
546740
259791
383972
609870
711558
42732
262163
533100
439223
678407
839658
900523
87506
712044
732719
823399
121345
800736
840224
975320
135723
754926
480372
797927
622367
784121
6897
821275
654471
734420
308008
172662
399292
403253
656725
132102
628578
115948
138299
704630
610146
796060
167396
985000
320505
676395
703366
708715
99948
441410
943042
271705
169113
842177
854662
621904
524649
524163
516753
154379
606306
114057
906070
982364
156185
245381
606330
686213
279621
84792
55294
866158
301242
986212
788022
524739
442789
673869
477027
754955
599837
207611
79604
673727
243991
888492
568008
495794
969834
655100
865085
473918
840186
979627
923784
555424
396833
721560
550804
682439
801316
881007
409144
119439
268624
402321
373086
668989
115137
760420
35752
474544
110401
55371
199181
655888
774589
388859
29855
494595
701404
725102
247490
563429
825973
634865
748780
848293
43360
770636
317261
992827
683050
543369
388552
894537
463138
898531
478238
289486
85264
704269
141932
468865
241285
604123
576523
689808
819406
372177
896917
935476
187522
84295
766855
660465
55099
731573
774119
366305
714657
873388
600728
241506
634658
664627
319422
40591
338930
818857
192254
7113
284716
730843
688516
575586
362292
322495
536638
866473
100399
351844
831092
707348
388018
39856
292353
131400
608709
573693
470175
375943
526409
878414
600155
222902
833589
651949
816743
261578
580860
644194
292238
188623
724171
74129
679746
178005
903086
978097
148881
832631
399058
968165
505846
82057
250469
497720
96076
449693
914522
585274
362462
742066
231688
613617
637593
723386
903090
252478
901347
966087
709153
747342
888708
425233
772718
372025
537922
858598
185692
844602
26572
415214
268513
902220
839308
713946
115270
627037
910879
83753
51300
57585
947937
29718
296654
110294
744929
526754
116749
585087
97844
812793
132998
78208
836261
280900
305144
208613
241162
278218
457378
826607
654002
617667
692161
508652
250298
299451
495351
86962
761086
87648
854535
50232
267117
765992
935485
478864
548278
844961
79211
564485
573855
86358
418829
864653
942836
321499
100430
303851
455132
160182
863012
997476
136554
506774
444827
25219
892065
885278
261387
975214
965109
330537
266401
758022
490843
522234
787316
614108
521772
470319
747170
147047
318738
350364
764296
88373
812555
502483
447517
296124
441885
553414
397740
495439
940054
502467
488236
76844
639743
668765
630333
388978
704093
884523
461569
21424
142691
826346
487957
650328
262199
319166
261291
747474
836319
119062
279942
241965
300616
167404
978192
784243
163372
496411
233103
972797
659116
272434
709177
933513
994842
792219
710158
245771
251444
588269
609390
196020
364847
574216
239277
637173
220091
617140
338658
203634
419550
918809
831903
179845
580605
934616
826682
318508
277242
638790
505738
925072
522678
483054
225459
77047
35450
878343
809653
936741
647671
480837
998466
660255
1055
859995
723019
359388
527488
773594
210447
338488
405737
235721
332668
911380
484224
50116
390022
299717
478449
734990
610737
846810
528173
38669
457957
891700
186041
630977
467724
306993
321458
821661
731153
508182
42500
141308
46444
243988
438785
110674
439957
402231
998755
64408
369694
815901
316162
888977
91836
494737
164062
660727
997158
704520
954204
418631
900053
888567
947086
745446
951276
140111
510251
545134
844082
999319
770718
838906
808164
3194
824458
368292
503158
450058
662578
566972
209778
853318
350181
364671
53048
941218
569274
896958
105504
728961
197528
853340
233174
950920
343652
687793
214479
40397
185923
420817
206887
891245
452622
39079
659417
596668
302354
738810
29402
827480
26304
274386
886226
641879
553784
393268
631032
501086
484652
928200
63561
789267
579188
312284
891178
402863
750913
399493
733980
582416
6483
530396
18358
979596
700759
39945
119182
310942
671484
410487
345424
910709
930884
610130
667062
284924
719996
915622
856214
121923
242855
259989
110357
736911
695289
690357
918841
573563
600639
749188
447325
417928
478940
738056
663933
471945
663277
969799
841521
995684
271502
720032
73207
910277
729590
904517
85225
165669
392637
457366
77453
142770
230207
609690
12427
199580
505240
432220
678137
240188
493134
958688
251858
252640
42702
635457
552198
56823
465295
110248
853163
781142
808979
246379
55761
225188
368204
861695
985651
227753
665947
301787
813128
783021
214451
567852
858105
123152
627357
197038
816686
425428
968942
630530
265356
8208
614873
229717
686412
967328
789183
961151
289128
152176
833706
681377
239879
525354
620757
809880
418873
712313
215691
392587
214953
84777
214878
555492
869214
587947
399936
97243
971053
644276
396161
653614
897855
869316
474213
228781
600827
751876
290145
205904
869000
251826
972909
466336
451893
155163
116028
955897
33946
255384
286532
345028
468923
163046
732644
500038
958022
788050
273069
686428
143662
617103
656851
876920
363103
950561
269638
36480
582016
107543
838583
750565
451663
530467
53252
250516
903992
701624
645040
842984
300595
468926
361307
98671
828593
589156
43729
647559
560078
288461
122089
757643
262647
193301
327379
368577
553260
606204
882798
148164
778377
797341
537539
443987
994822
424895
390686
453611
804516
927481
711678
966582
115058
975414
245691
420567
911394
757771
294927
269303
883081
480025
999212
208906
302732
752678
419210
742110
285080
73280
666564
344975
444366
571734
140744
484285
954869
194216
825947
46905
510394
326579
256914
17674
715161
336703
71559
920915
547796
24745
760285
674093
469504
281612
937762
806047
270905
603467
900813
394748
556598
999358
931366
428890
616183
945463
890949
272554
29531
987376
220850
716921
949326
50578
992172
106370
702943
508452
698885
494957
230191
268559
102122
56296
2117
1290
197825
796321
149247
971494
786155
966045
530915
419768
201784
905236
386078
552410
674105
895584
445168
759889
120566
406917
21863
169457
971189
765791
72565
672069
781023
96756
747073
899472
988076
898265
21707
508005
647291
151309
55964
781695
748643
425632
32111
173502
382888
812030
646188
357631
823882
186652
423247
145174
43127
719998
525224
448042
533536
116642
18619
279534
995880
821965
50439
702840
819705
544431
67940
440703
322417
541557
507845
128502
910266
40684
99549
942079
677880
648013
768031
510798
159515
29993
10141
757147
851604
769010
613138
36611
228772
448675
683963
294396
227215
511309
682399
87411
289136
834431
482800
63428
519526
628370
580426
102549
888940
578062
409048
847503
905607
70781
547798
298746
571288
179466
974896
931765
179217
185172
173002
301134
413956
157973
107289
450884
941015
528617
374254
848854
866644
111486
346963
533789
509463
591758
259377
121148
554620
823362
128323
385753
155842
519861
754009
278021
761715
480429
607863
633842
927129
487649
971717
879084
648441
352409
547204
142741
479255
829046
597802
513374
56369
570397
449882
563513
678709
260127
117040
159274
501057
35503
890098
379409
326177
192510
19301
413464
184886
612981
272380
256181
593714
111915
483420
207423
601039
402203
35013
638911
217317
746806
338901
287919
554201
170593
490283
506213
706417
505226
777976
867366
482455
217438
412094
708156
421309
283885
145668
815282
18587
698410
498346
356666
277145
818255
464251
568862
585388
590922
703096
189436
150870
513839
503631
121911
914275
710207
487548
393486
45329
712714
412732
19594
387356
636591
644457
721553
768294
983551
163383
663193
329600
698560
945417
450550
271192
65165
239025
944787
926911
402715
123651
486783
932245
355606
893140
696543
842770
495977
251028
263938
685748
456157
798789
891474
768641
309849
497559
176101
878520
221384
581346
751859
466456
143576
776703
388770
363340
226462
407940
435454
295217
748502
348762
94148
848006
650056
977787
275805
752815
584647
418125
85992
82918
88788
779862
95408
515134
607004
636413
964013
540506
692806
293910
650453
18400
370500
428904
404260
623432
77473
662711
389920
725904
61391
805469
420458
263577
604406
532588
798716
290043
578245
122458
929234
561731
294826
264458
762598
48970
547036
275763
785491
708467
170517
898735
412955
226112
905250
349188
582161
239362
118725
471261
311419
574116
391374
363550
45185
129133
953598
413997
829938
40989
692039
826941
354270
88215
283153
735478
178312
340869
843679
813055
370661
142295
897167
125427
961012
317613
172834
465908
739748
730574
83696
564078
502663
189198
405065
883720
723142
513624
281405
339334
533876
976478
827960
525054
547327
539290
233093
43124
927107
334463
185139
692501
552897
661461
377548
291724
167934
885987
985157
526732
274503
644093
890044
537211
22287
254864
668225
988613
523056
100689
424842
460685
52180
63028
312227
407238
957029
386136
107281
164181
149493
512838
240148
70818
813776
597345
329256
444871
210153
472855
274684
323620
59177
584826
618117
511815
899733
486400
814191
783991
496717
408340
531950
973662
259694
61398
608946
54416
229910
318966
971704
77308
418823
149096
975357
67694
848036
561860
287437
300606
829337
450046
640314
558553
253336
757437
436009
109609
193918
693529
478087
61796
280404
380278
683737
897774
483888
92344
340336
558316
103484
230370
740346
906086
584782
988430
271797
898456
993975
187595
275135
963286
816984
856142
272650
820633
318253
4375
841579
314986
969069
856034
653137
411049
512202
827269
406994
830842
498387
470124
864417
852877
343610
985263
245468
80521
40623
642317
712642
47765
233514
600136
144130
430722
986824
267420
514990
584024
706061
65821
292431
111740
45704
664300
892113
934203
168468
321045
353183
413493
285306
471433
113738
708712
167540
609011
131938
986968
390925
466232
921703
390745
281508
5264
65945
589049
98767
132988
89708
588620
913499
460579
725976
843860
927602
432717
949580
558157
708502
363451
579394
230291
709001
542240
117550
130545
539343
17600
772752
316231
55435
472036
522153
564567
912902
971914
276111
195201
697031
310119
824060
292541
371275
958567
397710
19928
133061
825300
728115
678345
422592
836937
983012
814727
341585
240731
248943
757548
576169
19082
423311
629604
897354
421636
123447
541073
754903
358672
859566
313087
596676
238045
475731
232127
52332
188072
84418
689122
72513
88004
932111
241300
13341
148745
862959
192466
816184
998235
483895
242633
73459
218582
299580
946701
724560
77267
185880
9586
170757
86042
988942
404811
881445
409188
904965
87484
495742
707313
617470
388290
266640
807759
821615
579401
536142
680276
441765
305573
831947
516716
980016
566301
352949
552561
892479
555321
441552
342254
664919
223932
654357
505720
472048
748974
128822
99722
548039
646468
129790
763841
293774
396589
2711
65904
529348
122747
688037
347745
271967
696492
129168
578793
906276
300629
757728
977959
609945
610090
216449
578969
800659
333932
376997
200154
803881
668271
490760
860604
881033
396679
672911
738494
227304
934991
534730
773866
908629
119445
363609
53774
974119
149989
836970
234132
623765
454641
451552
955328
545636
982618
760079
394822
128827
197597
424804
365062
496658
951773
791778
307109
188617
158985
137991
710921
738901
274729
91405
101168
569429
901258
907404
223022
496323
648580
231996
344129
497285
544037
70873
997138
479011
447740
276063
228683
208276
603523
141365
189263
421681
32618
654374
436570
322507
966332
155850
836023
569816
920048
678019
52632
843784
283727
633059
932437
231990
379260
575851
765764
341433
273829
18606
363505
531355
811909
237205
442170
35105
108435
842427
955466
850057
362378
802680
680432
854034
413206
277499
973147
856053
451160
453521
869812
735089
838358
833218
49688
390980
998850
712154
206129
606773
176037
595077
357104
522510
87272
79700
440168
106216
95871
760220
261450
580318
265395
510013
867769
705700
779466
326080
250505
557424
215892
332890
610777
808278
464149
224525
648970
417265
672842
28974
152091
957629
913306
908289
621795
776898
263706
665472
658218
891691
972413
620795
873187
16181
921175
962585
331082
176067
403596
522940
726230
657742
744921
679491
755100
745273
869438
412905
60480
793095
397642
231384
16021
350006
265734
539615
87931
126287
770814
707666
523247
661504
236476
17130
419921
282090
274287
765367
936308
47184
293203
313046
296210
312283
509103
935631
189575
761208
615501
39162
723758
26003
779642
726144
420079
312824
344055
736123
695986
707829
211640
103996
698626
886195
821558
602785
450340
582292
1850
959754
74409
610268
415232
350285
587715
309959
846987
162083
146335
992454
835102
807795
189933
642647
270531
147896
783675
233599
235336
472977
548287
592714
187109
199987
35856
332585
486640
34715
501301
224731
98351
543010
221436
855772
460644
73698
764312
72259
437638
380355
905726
249328
114313
879291
380737
90402
900403
652492
103973
224902
515274
161788
187944
131055
261106
412184
148204
413131
91960
282989
597529
949362
392994
462922
707499
763668
151857
116885
449673
801381
259462
297353
409334
86757
544909
974048
35338
835716
284337
843990
557901
844150
43079
271374
331619
466204
176134
429413
3617
150354
757881
956038
244941
852507
392720
597396
441044
728738
595442
440462
806076
596915
160826
724676
936847
798467
960572
922130
402243
10272
163419
425768
848094
853723
880695
632106
769394
164600
224691
500919
156086
239167
97313
845575
210947
242991
228621
331758
904296
244946
698979
879677
870058
566380
348670
665479
489691
789965
605901
473537
128021
426374
736804
823171
886228
768312
320797
821739
133741
326088
852456
93857
15727
274606
621366
12212
543509
735789
910142
522851
308900
29547
99385
74279
40100
14818
445775
936517
921667
626099
124469
113340
552076
584539
231788
976060
596977
201396
586378
945506
482682
154752
674572
414138
933113
763429
748525
502681
611736
229958
569278
565732
66184
698079
363677
708480
910241
411753
261665
43347
417355
394871
211509
655238
747563
697804
483696
470699
840036
729359
122011
914555
345643
930267
908127
16504
31815
21683
410320
785585
390696
317906
141328
279716
781409
959329
602401
207549
504194
744130
718283
969814
936137
153382
561846
713078
964491
41605
49010
655688
11726
912959
244468
75352
521440
273307
291734
357712
598275
44183
573329
505495
921797
31253
257263
135459
460350
887955
281061
437400
165234
199368
756321
822175
979695
697779
553255
405507
696097
730747
499227
605007
535336
581278
566561
326391
978132
415330
636067
6207
283299
358657
439663
377671
976075
114454
187821
367271
523233
290916
137416
42546
833080
169115
29158
665003
500167
13707
51331
304259
843673
871907
492977
309296
503707
646885
564735
30950
280979
455528
306232
72692
671728
359177
508739
681982
44668
986927
965864
224083
850797
175866
667378
661226
303067
380744
713711
85054
706829
61603
471188
712259
352108
314506
506813
650883
555033
696283
345619
262490
750042
976026
475143
711242
703535
384032
763898
145468
126147
269602
401727
824852
120958
507997
486072
481135
984887
339547
295773
612988
323463
796197
204891
784564
409785
312518
811736
106167
977053
826551
727253
773253
417916
542636
108397
554389
719525
875322
707706
409237
484131
521623
763711
550294
890431
578255
765001
94356
695417
983994
990084
107516
873451
377027
45448
837734
373023
29099
775405
507819
667514
309179
505171
560591
689385
471062
895371
807078
485672
833637
11539
423912
22523
114326
45420
60334
872616
426630
942201
702984
546026
857716
980955
731515
956174
941511
311946
721038
5190
950130
183735
290125
971934
885570
187856
740826
184134
344391
496418
121130
97165
812829
308376
38563
791983
50774
724385
335697
122053
180933
957552
58970
121513
580317
987256
273694
683957
589289
713754
641076
298936
358494
916243
150502
445294
89749
334779
226744
85026
877457
758798
118938
787838
121865
153540
225910
293361
567107
15631
516650
410043
338780
55217
820880
150104
860900
63287
461496
378183
703014
393301
143543
529845
801733
832031
909145
188875
104641
366114
343473
177753
942365
411517
30987
809247
810966
797276
597367
702654
230491
734748
316130
513073
520526
943220
116373
435595
733983
72368
393381
283733
93268
935260
958862
646278
588857
45452
604217
32865
205941
69703
356829
672683
864441
73870
216833
444680
2321
363276
258207
396914
467997
776411
740773
630100
886425
639664
390229
415255
86053
143692
824044
741007
204322
365663
764059
280589
692134
279841
837325
432328
809847
921921
114765
760723
606180
949840
749267
918764
925876
739425
836605
86898
964333
216521
737199
257588
839234
294790
379076
45082
292540
234351
955307
553529
222131
229654
267917
506012
903227
890094
753047
440425
930006
606309
503924
664412
8083
978475
273696
227638
801313
490118
901556
95892
341093
611229
192976
467020
789890
284252
779058
949101
910550
770661
620961
109402
614965
630286
448957
631274
643291
327353
693019
335922
534194
238856
558366
635538
31100
757631
333294
477803
372889
303751
137176
924078
637046
989135
250498
990162
733901
783305
625114
121966
20067
418489
807836
410449
193116
838504
947457
165973
585839
247441
993528
641286
769700
721860
243364
469499
880726
540699
425897
952783
59988
72063
156655
285805
462901
149182
375798
281907
24884
701815
934992
148896
407509
786730
304784
122743
923610
950625
144039
241038
455494
730769
914080
595111
346132
951281
794673
157733
735359
675580
911501
954523
123373
16976
86566
909952
765497
630328
382146
324287
411676
375879
490745
930475
17719
164059
757328
448319
830017
829269
496420
966725
107511
357440
222301
686625
505186
127388
106426
157668
613255
837144
663872
934708
916984
152378
573069
948800
276826
151606
483720
60608
453609
84819
823206
887183
764439
707289
653712
287815
483713
49677
294203
837259
196189
596120
423525
437760
922944
509446
299565
319771
816394
307497
410383
276501
485871
612574
317244
636770
822567
51026
75811
278112
444344
387133
608954
955222
889613
598249
106232
143599
368440
868707
304820
481086
731577
877579
494419
908933
758597
848184
424540
347104
258217
21224
845544
355217
649416
907746
574453
17385
873664
506859
495961
63119
976043
433632
435539
279472
627265
533494
767677
155523
98139
121100
585373
2679
34066
521706
677660
16764
75801
768078
223339
841915
239582
970927
348573
467668
583023
998113
298532
495013
742379
432850
904741
320415
357849
120474
98059
111257
826032
970651
5964
124939
673980
965270
459932
569562
321453
592230
29301
78815
931011
266950
788081
200745
794945
354791
306096
5504
60279
565078
401674
851496
760529
274590
347233
105989
481146
367099
674960
870891
964251
424118
313280
994754
699265
793890
227026
935773
594609
806292
936305
497508
710643
449007
454982
570135
231853
939770
548921
427933
585807
331449
135500
626593
408287
483305
162374
641626
195942
827432
283264
944030
562560
695931
470942
979938
341910
803930
206970
581135
942384
777364
560388
614202
537391
273439
969859
401595
791698
869184
54330
531372
908661
604755
223461
180992
809883
701176
277410
511741
604832
720602
634221
725719
584849
406237
916932
103979
448919
879331
653865
124436
682766
533563
278918
443310
273779
657704
35946
843109
843900
898569
668082
178040
820482
411369
171715
7696
317530
534245
968179
393463
681025
215094
63623
846839
544885
730011
327255
965456
967648
421988
980622
446420
592751
895132
613582
252707
441986
635028
406384
841407
545404
633736
834025
444665
851825
724168
640421
415455
156518
630555
568412
783758
701040
124913
831248
26161
510761
703931
69733
278134
559311
697164
150883
692122
417194
453056
259566
40157
900312
430904
206749
289109
918130
164227
335800
723039
575645
782616
588691
300272
629615
156479
984513
309577
669563
476240
899895
872265
375099
432212
471679
246812
329817
925960
659477
547345
534618
472319
695970
267530
618855
39207
218002
183884
22842
499364
468692
750519
889569
892751
301362
581892
174010
709240
734476
487304
620416
906945
527813
374854
979249
325399
291701
751461
936254
867290
587038
973169
904339
621388
680758
521888
672116
412773
702355
187824
517554
139077
847539
128363
451273
67393
503716
202444
551134
263958
564412
180927
849564
794619
869621
746320
164457
820568
723208
671287
817900
292345
744662
362407
116089
514952
43157
500900
597811
884235
168614
316365
776836
894838
193850
129034
611962
664372
889408
723790
197200
916050
535365
709167
934424
524918
934292
993388
671094
871931
957247
704672
863588
798914
910987
467981
282201
56773
271891
335051
554525
577235
761966
788775
950521
194847
64161
146920
43689
885103
272078
638077
79450
346787
997799
736322
769838
283722
544511
225138
282907
92000
694202
830954
883251
852328
961827
898582
882814
149986
200323
155306
775152
220383
912870
124589
806341
281880
867819
135368
948333
21167
913752
382975
386907
19249
649081
758870
74290
892243
460029
876879
393913
921790
183233
639659
806592
860894
750098
523179
109638
49485
45713
934421
488534
645222
101874
258352
449297
482617
2919
347775
480670
673892
394007
83767
533559
535578
313661
945546
705869
414496
789794
890521
864392
196650
585449
841153
836189
917352
67141
741155
474718
831901
459937
983616
336991
310211
848423
462792
415032
196639
665930
627390
161504
547392
589183
573255
859252
152468
637387
905877
428376
105318
454455
357035
521332
604216
556833
775692
709600
347832
426669
152068
318042
584995
708760
420882
233331
807024
870731
319942
875984
421249
607985
24205
359351
735894
239276
986029
944569
661213
267928
882677
480958
841767
733159
54908
631254
51348
502473
870807
901479
773086
974503
401461
522686
783358
55432
955735
48198
363774
60822
193774
6934
379869
393979
23442
982628
137432
135142
396701
425623
508443
853930
305186
624955
91332
21453
253070
744573
817241
296055
972964
46054
609704
81302
47738
832705
806018
156022
573823
803820
525919
296452
188451
900900
289225
257728
331269
423416
194410
927810
369138
411904
200752
3188
942769
501950
223051
553137
799713
361040
747105
485259
961534
427023
649253
820601
990978
953992
240194
565532
109543
162773
821297
12588
281867
373719
37546
347843
218989
689937
444086
216902
11028
885860
734755
778604
668239
605603
274001
880108
289111
542162
933162
751431
101392
481728
796015
626799
819886
481406
27565
715923
127413
829499
724494
569544
600601
859453
213323
533397
10179
47166
314495
469147
542453
463969
405527
654623
587012
280719
359846
327862
968772
484467
120725
118348
339459
425870
830008
657232
896491
857399
89659
410687
373067
245171
198011
577996
817327
527981
389041
381609
297323
595218
393865
751797
151735
818827
143121
604034
455476
18008
243404
610177
155533
909894
403239
279181
154872
772876
385091
266897
736924
724040
457521
426006
417485
857105
62204
770028
626290
742648
532639
131700
414408
154144
760151
35913
265919
523383
580435
196105
445890
376016
699529
607124
880095
580386
888831
611990
178640
155989
834212
173989
864580
443154
251274
107104
477801
339156
965789
630919
926836
556377
650602
310654
460462
809481
26290
487480
631139
810855
96333
565983
536879
532671
736275
681164
357333
557631
333036
818802
370623
398762
376674
389776
281191
915342
635336
124305
363600
721653
733220
692286
880755
266302
628242
246315
91747
468677
112209
124170
812001
376978
507321
508144
364597
807144
46724
359255
72886
67742
556885
211791
579790
680869
534427
661831
486166
723101
776254
48627
503629
369731
45925
920584
294389
38535
352418
921636
760651
131835
325627
453324
960161
713640
327382
940493
78041
521403
933312
252931
778304
287901
431514
487352
959584
320800
880356
21204
62868
188055
301075
906131
862842
151187
459492
998328
751952
922850
148653
585732
367883
323672
806140
353313
496867
534840
889236
8584
287868
937895
252127
442354
120386
912713
708662
259990
209939
741793
565083
654964
678992
150611
504536
947725
824379
267112
727769
262131
606879
21807
67875
385246
856693
637384
793749
343063
399737
878739
755821
428070
784615
78946
669441
711526
50743
865035
111975
76706
372480
119552
865885
648409
472434
878593
549842
300347
214445
182834
849038
168400
426107
519431
409918
691569
242651
40224
168269
982173
193248
488071
633828
119468
518705
853131
838451
75803
325188
590481
765644
630232
269755
511731
663221
349657
13003
81407
914823
438545
127777
57458
280161
754554
838639
987404
975464
279072
694861
230525
193299
101812
769917
618950
317698
131235
667733
157908
762999
53059
807621
547203
58357
494634
203780
766979
950131
250905
518812
7512
88829
60118
462478
954555
677544
284259
139550
822896
143898
342544
574029
447216
315986
955332
202288
261180
824443
800402
963245
578718
26511
50038
867882
556972
341009
315462
744688
926275
745798
684534
457963
36322
869443
505480
506190
912613
429602
581006
635411
617627
306894
278429
186464
370439
62974
579216
620165
733936
203007
234038
127202
686501
185449
995545
966502
993745
166771
117868
275058
608374
602019
697808
767451
69642
383645
869763
760974
526635
363933
543781
996174
459903
312640
689064
23322
998892
392316
807700
697002
659441
810353
344245
494679
463583
355351
76898
33114
324664
927638
789546
137324
787938
942260
554716
578509
709320
26536
688819
983905
361486
812686
80988
236142
373798
613598
591348
577297
1029
235794
72085
681155
906800
621857
348124
70020
282347
888053
969980
26804
122052
33307
633597
608399
445733
99505
108648
732300
809322
565410
433528
951783
709225
281854
583341
748298
119506
284786
287488
32727
850162
423144
421041
210645
16338
537342
720508
230260
839612
130011
22506
68670
549341
208308
711363
999580
48070
32090
114529
982787
154252
332285
808095
40377
389328
830529
407025
257544
977561
947963
306958
819453
605533
714504
25671
109597
734431
733130
579003
332966
156210
921344
644963
806013
500955
707201
925257
299513
940308
386773
144150
23050
601261
11184
325256
111239
143054
957644
7426
685396
960983
746081
89021
156204
61672
258820
183709
314897
952316
152602
42334
461
786352
305911
941101
338019
148450
304343
123731
361879
396276
983607
955916
47959
927216
851345
789046
244869
436294
277939
979045
840930
888880
34491
405715
631384
960822
914609
351861
364836
828941
324481
848552
96862
111323
422227
695946
129190
697110
942153
120358
929261
503818
433236
771335
686877
101561
797299
329581
590950
486876
719562
604253
108646
691336
865371
735699
428980
553644
426915
906195
26954
968055
161555
70622
441996
941910
692969
711935
450169
589403
460843
587780
291949
704313
46784
426570
770832
44972
370347
940530
900191
430069
469732
667504
891797
121283
888853
230530
432430
632942
989501
963575
128476
422309
911234
978701
67974
383950
667472
197072
709781
70226
15411
152268
485862
449103
285659
655460
243053
502092
934023
373540
73205
128087
211936
919585
371333
318077
66530
401039
683230
438182
991221
274975
758434
773514
220570
840978
817103
783828
174337
765727
750888
795985
858231
828669
749940
447893
467900
357902
604064
36075
505779
257384
112063
351670
398450
480192
337394
805032
211513
873653
673571
559582
761536
956343
579435
261015
995177
744722
331476
818704
775765
853467
326392
700733
4050
476021
233608
155237
222450
249472
851561
214171
54135
272480
34488
354772
561898
452261
754542
929386
191563
752028
191775
235436
941666
36145
125020
665204
57279
435577
320150
659729
446646
598057
530473
529994
900392
507077
619733
780609
562288
383083
700272
387289
207103
387651
351367
16907
360324
914269
723610
742264
221878
153251
897503
79235
132826
156023
846398
378894
836579
564602
927353
539494
584031
201258
359203
455433
157648
489015
289900
484369
925389
719551
4571
89210
314309
786977
675291
614226
417507
83840
831724
123516
939342
762582
416634
149344
22344
402354
880459
450163
366518
727823
380305
169502
661246
645843
141343
664077
999948
535713
193145
35991
41264
702299
684164
679429
838241
160311
667804
288833
927269
733244
861892
80029
571272
420314
910584
809276
709641
764068
774751
120417
909973
865451
575900
151442
552811
82296
451588
209256
956190
664741
271082
116278
334777
43352
922837
771988
65852
987165
359251
734919
342597
5856
947815
724046
313930
822788
994909
926019
200098
544831
27661
20708
939425
754016
611574
189384
544494
376917
297102
511785
463896
515523
200227
253388
784331
969556
881882
555194
903143
531460
566807
168360
666557
440599
362116
114744
401190
894637
225282
520792
632639
407277
888490
256521
886852
548063
769534
473786
867272
806422
356466
775570
72270
247818
271376
326861
993224
678404
929292
503038
6761
796082
481188
240946
780329
756762
419571
158773
840277
423788
885844
620846
424976
793584
15917
555877
120298
633182
389599
337829
482522
108940
110920
697149
624667
133250
953971
199264
615841
602537
571869
328300
177847
109858
99877
518984
774391
92020
157455
507110
691173
659421
935860
807016
894217
479882
652261
93088
708556
865902
637241
63738
405318
307085
79251
244526
782655
450601
893805
907464
426345
701733
748632
480203
393484
505788
200551
596683
86894
42090
706117
336152
245353
860222
848500
816472
683786
822251
836728
906169
178532
51998
114214
104842
253416
342349
868861
552879
450503
187608
263819
912715
7353
136540
316914
766775
253096
165747
802519
293118
567698
251873
794487
751853
483201
119257
954789
159084
744206
333444
656621
286036
193909
979362
319918
871975
147521
474327
397535
271920
505766
427738
715698
507768
671597
445813
535765
961698
58250
677753
436181
179492
621577
444866
497181
308194
629991
650403
251293
757289
211453
524589
529862
355268
380631
595041
275505
615103
205155
41584
379423
419062
245573
157418
168731
3992
679303
531915
131004
732030
904686
327519
282119
72738
307816
643406
336561
471357
649992
456129
753793
983988
686029
183316
971632
838974
831001
313146
849495
261135
186667
523646
769387
698746
485617
405892
750142
190796
598994
856394
846238
771609
423703
49041
643083
432050
941495
857237
177490
547314
443837
990327
904458
788408
247960
161084
297706
406831
304191
176046
44934
553608
553023
108832
568164
778121
758946
637967
880511
31935
534974
13668
804887
739343
431511
364823
963443
943147
18098
85485
373557
367200
855351
746273
552024
624139
61249
627361
639496
956907
962246
110703
602781
697874
564190
340840
412278
635702
648177
686370
306670
456484
220290
658862
967358
396116
88146
77628
533295
992279
777586
256441
573997
684777
638949
804733
322739
820008
15196
67321
276322
426019
671730
145650
9532
884987
307443
997636
888147
817311
194848
905088
981906
320331
903461
495340
948412
639270
900050
391355
959916
449611
70836
102814
665031
420133
718672
335808
723188
205307
486556
55111
587308
497369
176235
627215
372924
867696
278073
946938
226220
514152
731606
836324
94175
188513
310874
128073
665464
44913
376154
102612
72345
822200
439749
72263
709282
554320
348074
298135
40105
358128
792677
318017
302345
534800
300865
795479
620892
907308
5018
827946
910570
898511
390598
497507
928301
290902
849887
801528
923421
912620
97563
333307
436183
785390
933897
169228
408553
36397
800938
10479
605692
91473
224106
301880
262367
757018
823737
316899
428076
657026
702155
150848
652185
7039
566696
263883
305053
668516
812912
157658
152892
899503
574447
21937
160957
419801
750829
917559
502882
694626
699304
240501
519733
402236
994005
756804
297983
379566
509342
528084
394062
310685
119076
192402
852891
83350
572363
583686
942265
502018
205861
377775
457161
978135
745864
547738
777764
885751
265949
835116
220405
689669
100871
661310
438960
860571
865069
543906
948787
956500
197030
737477
571639
382340
705536
894125
210611
135495
499629
506977
768269
212407
400971
749543
115837
851767
575374
441064
432193
845356
416205
199600
413751
257868
960037
291410
9242
960910
788622
693672
547611
217153
254776
221304
927835
908921
399073
669299
136131
383715
159158
81943
116033
753786
888291
637812
687263
896978
668857
595979
600257
901010
853051
701457
916603
872959
33221
496788
593869
276339
754842
98229
270780
248940
170504
610899
248270
127552
375290
864072
558817
219950
716762
986061
995496
586321
190369
466233
362115
915502
497340
236390
336698
444908
129628
623284
219543
39907
394651
827367
161373
730956
274438
159852
153000
906521
185931
724921
918306
224478
319808
633298
317087
458028
358157
906599
638038
603583
33144
330202
697661
37453
795595
978143
615040
462078
462564
111997
803549
904379
237785
433713
900127
129888
657733
657009
943732
554123
313844
162638
272045
557526
342951
402994
594195
247009
191108
824201
362976
6280
626781
547453
422369
664820
149915
233625
187046
193485
437895
663055
857762
302541
14900
932181
585830
76912
917197
243561
249717
970759
157303
733302
139523
711660
817698
458959
578895
849488
865137
313304
910746
830064
367171
763331
60930
833566
395704
413184
797468
347640
372814
896827
925339
746913
190518
933766
358594
281680
406264
238013
132434
683912
633877
555959
587301
777702
429130
733096
888958
650634
281078
122326
39676
438304
392211
827190
521385
573258
699424
289571
71471
637228
315295
823418
378730
950931
775738
521044
504025
744066
498497
412449
678573
769307
946510
898141
419844
624103
179530
891954
429423
39298
625096
216170
440687
286246
97231
173967
836351
850706
986933
962274
753867
852758
392742
439412
907454
385214
518660
275364
573464
363113
630453
993823
342884
688135
535690
570317
39576
381937
847041
589479
614669
427634
280554
895950
157513
959003
290659
754349
895451
150673
435123
313579
925062
533053
14747
862806
511800
468360
174630
926214
384339
324108
653931
557464
539555
458513
90628
629422
880675
598441
276074
731423
519641
879785
555867
280126
395228
708676
606583
487814
464822
280197
885547
284703
811172
734889
294660
817167
322042
889942
364453
552256
194211
634556
36052
273769
766918
386439
798318
769884
633029
24510
263419
497452
483231
424891
746204
756217
154805
789255
708961
946778
553642
589521
123191
358181
265699
531467
29502
616350
218414
880034
89209
887737
906175
946840
547871
438029
18901
371391
642254
95931
384084
195359
146473
736426
690869
33236
613678
62859
482624
697518
689050
224027
143370
381980
268914
160296
564153
647053
432949
967480
574015
59174
824742
839688
952563
250064
937911
832626
947149
872168
656340
153576
138238
416538
582601
409244
418538
815624
987600
323906
740611
807971
554811
451309
41795
754589
533882
38422
987590
877493
928010
258300
136385
752817
899963
321061
335011
32170
917186
640838
524929
458608
120850
857839
995327
236635
291887
609979
9812
674045
331428
965124
9008
253316
665873
866366
427696
669330
760453
188346
588816
44605
715293
676843
40695
661946
665458
448686
629545
646461
74396
847069
281528
479650
103460
417537
922633
385559
444913
795501
960481
373303
620181
706860
726340
701639
544131
814282
242815
963147
82655
749819
575554
459270
97966
964907
970213
933581
827437
854882
875211
311111
365309
29203
322724
64195
643067
66498
488652
438774
850670
686993
151825
623120
77786
85029
435282
102329
130481
380281
135874
367917
577065
300159
22988
611761
500905
265262
770577
691056
166876
1645
586828
481832
39322
98135
35274
240185
529783
697505
989943
12849
292081
65666
538262
677776
247100
342027
626484
352830
781181
59484
139728
183392
696465
409232
118697
760095
329143
340486
50306
594833
375394
161762
36965
156725
437577
452962
668754
918813
34027
933326
202244
820006
806947
629582
300572
716963
717923
158678
777325
537368
991120
777596
256419
227298
525754
95977
65488
987892
100278
312110
626516
755900
481690
981870
471785
936996
895701
336569
530505
600500
216488
43258
381948
348500
104581
72774
40449
306479
207554
773204
513816
10868
552890
288716
2858
202678
427905
20664
122262
769139
466967
323930
728178
653558
703376
846937
938949
436930
297988
362894
36846
226925
920828
263182
358430
316733
417587
667737
431214
120907
559147
127925
630031
56849
674203
841088
940473
792511
256113
809409
913964
341254
457285
651479
975495
257741
434987
84159
306532
99717
638039
808049
23630
624602
60141
803433
635296
435333
451749
332859
985918
87704
461951
706211
363919
605545
222309
975542
982212
473874
888898
703627
68671
839434
990608
377315
957992
491920
325875
7950
917761
727959
46688
672094
805143
796494
112792
345152
433940
498059
457170
778812
601235
373367
385865
564426
635784
646855
2445
80074
908656
554009
110705
703941
250943
755614
448485
447240
753750
842875
523267
361695
920305
693303
447333
687056
227442
410931
873177
717227
382469
983849
432210
924225
385303
458054
91117
497803
833170
433558
874365
819755
936222
529331
340810
358859
716680
32554
724000
108751
109049
318477
262801
306139
455167
50854
726325
390794
612262
859971
572976
947178
437481
845127
659072
456096
169222
651338
277782
974296
553194
630062
108443
680742
424780
707987
399934
938118
62751
789196
542251
507164
414769
498866
302660
583977
748336
512382
50055
589248
181942
281305
139191
562831
768469
569866
934451
110476
948790
872141
910364
491860
349557
868288
866892
789010
921414
232618
778019
22796
205199
430115
478855
984532
890867
322259
388731
280279
158908
57042
413723
568338
202084
64943
131185
199653
771968
271756
712760
722368
10698
229415
456171
307002
954697
577459
691976
774144
345567
441636
890470
338538
872495
681738
932528
900585
928297
571285
24189
839645
59123
535671
288525
845493
776359
546723
762508
853313
721153
759162
460488
2526
187722
178597
559361
143344
715282
471686
389349
270725
6578
74090
332058
190526
947573
889920
408566
125464
811923
966708
170567
85846
546968
236781
170572
80479
603847
926475
512651
984909
179626
557733
232924
844767
556078
438428
172735
643227
201155
423403
432888
577283
922338
971056
624200
544779
525374
60660
609266
985078
270744
331417
264091
91020
758194
468575
261498
731419
531283
853008
859398
374697
484756
831489
258541
841349
189728
211994
41248
794759
950341
238148
476601
413543
786629
158131
786326
473110
805040
737571
987584
901816
496288
859967
25352
398988
678091
477106
622584
151370
303199
456413
918370
241546
286040
728600
837336
354240
544202
761849
398724
259141
1678
388406
18725
698384
730631
352098
68519
308099
570576
665363
770077
715361
327300
394085
829597
167838
473705
684055
805752
45263
970041
787474
912084
881985
532431
396298
149224
287333
466539
324349
452436
896745
302434
558489
731483
620897
409957
180539
295166
241188
360939
582481
716662
74612
757630
904480
250573
540629
433887
417633
162201
438462
511895
238983
404886
178797
97308
853276
710623
420309
411612
119305
405897
1971
969320
744116
222428
924415
412928
665924
525039
191037
861879
728384
209119
467698
510211
775573
959979
615092
60771
885110
840879
922715
912685
276318
298875
318804
369843
222001
857936
237395
202065
37056
786486
682216
804758
113963
104317
707819
809805
865486
86418
276135
111940
693036
262177
298438
829991
150093
728320
910632
383929
806415
194536
162094
125371
518489
132727
878152
14893
723108
503616
990663
610380
438175
416035
433297
142123
144511
181368
28015
876710
622383
123328
514354
294020
647740
584635
600389
186301
671842
503245
149260
929707
337423
9155
500162
881616
643635
689137
150923
160731
723841
807180
290147
331576
938046
184428
991884
837098
558630
391870
798211
376218
628805
193312
53465
176757
931177
951343
569670
664152
191291
124263
231748
587994
925001
761662
251689
537545
33878
486867
421021
470193
473427
677409
517475
332788
964838
684254
819718
41502
377879
645941
220408
580919
994897
898104
14987
512857
781254
903933
545696
401024
214307
11657
848830
854726
389810
145259
818535
766304
376822
357945
110246
142512
516297
83653
978689
640117
243301
781642
755872
939829
383703
948136
803904
552513
340952
64416
638845
3483
470072
5442
319694
444929
50972
334898
566573
695597
751296
915405
670188
818752
519331
461712
947443
32698
227027
377238
15701
84165
894416
696254
112143
89452
188640
82731
53020
825449
859631
635832
827931
243040
182044
427439
150230
449652
670093
139296
36309
912213
420093
13523
825546
851904
541859
263412
194582
153101
853090
706540
10388
998557
664884
133915
870416
658207
580066
590643
32086
316094
731444
135652
523691
126357
407744
949505
198466
769831
17562
479644
869397
982015
573787
115504
632654
239585
814558
812646
397888
41724
934459
246138
882939
786583
543681
588745
102003
484633
128011
727868
776868
73734
270651
354638
516752
674644
995077
840507
931684
9966
370279
836038
790393
24772
167031
612327
391478
888525
583252
683152
553298
653466
240126
27099
849015
255512
236610
739538
454402
141026
820686
246938
845287
273473
130147
384636
306098
262337
332455
557777
282344
952753
959578
789770
540428
828214
582241
33178
321341
811724
959934
733760
985660
778075
249057
688628
760204
85745
155543
358765
595762
527714
955169
782029
132188
227641
535200
203882
456222
570010
48555
177018
912151
776694
908099
262362
129266
962857
623966
621819
606707
640415
235946
182819
643345
638887
691514
397726
339383
22085
725647
577512
101485
955849
947722
717799
58499
584182
291020
647033
536370
264213
463637
579409
232678
313771
549456
915056
190962
282368
3516
64405
133436
24129
709099
672913
994709
239377
531197
536975
450604
379783
925526
902473
56452
787948
942770
534698
346390
931046
149215
294569
966482
170630
601559
980744
345649
552970
951201
146144
469660
206843
291078
448984
176954
760247
863854
948399
596185
89673
84312
103929
177144
933556
621107
465959
51822
447631
187227
635646
884155
591498
901043
588330
709546
998542
273883
152108
60895
34179
719694
237358
924547
62187
947547
927799
115784
276523
628414
902329
537051
969514
466011
384840
525414
750866
797142
60261
223166
262260
678033
4089
694320
945864
63363
802205
842979
267922
200818
715478
117546
146527
881613
366750
159465
868846
151336
182813
542112
161812
824567
957721
7192
876314
565886
633706
928404
854024
155752
817471
27433
419548
916456
771205
203270
75635
215668
698607
538949
705411
864688
329205
854338
606698
463423
988406
184926
855940
242924
970183
137976
133034
134881
163642
342708
293378
383828
847774
326740
225014
261229
16025
93156
650151
141097
756557
719385
786342
100301
334630
841107
96908
350327
2754
658946
348599
507215
946238
390564
690081
630621
882777
190572
109598
238709
583176
229502
713586
739789
415830
806615
757388
264559
117684
309322
239907
847817
81060
377637
567980
582754
741682
945205
642535
419422
777177
877025
946916
804075
174371
118464
88910
489668
494745
271242
35644
462344
107403
868921
430572
945024
2406
946864
94555
39467
955116
837103
786045
845268
533773
197060
809477
199167
728011
481545
775829
546579
203215
329650
383998
647414
519427
385979
646884
862083
176828
817904
602109
85333
303192
352376
649381
22103
677375
993466
218003
659284
721183
71171
990835
269075
396458
972975
96318
910565
845943
370841
411809
802006
347526
102362
196757
864575
690673
411183
288669
380728
634226
847736
614683
625068
682827
126301
713552
419717
67158
507403
548143
603205
907113
234716
921372
565878
3557
666965
990534
769082
851036
231369
826236
608412
504218
667186
33863
409564
811487
409131
940533
982146
490465
216543
611711
7695
760384
289556
972020
852904
770547
118981
184322
271853
10851
178941
543976
647962
594730
996109
214700
306504
299998
692485
788264
270883
422689
283807
206064
744281
633281
422646
732310
587676
271754
968532
518104
752070
350085
156648
400106
171414
461970
474902
185500
419992
71133
706025
481065
994275
703168
708964
227675
750588
796405
104886
679133
886680
880822
381899
197599
880447
575475
814463
768352
758860
668269
483803
305937
152312
677392
177943
604673
999422
347309
894275
207197
388032
879513
326868
716954
138689
595678
90824
769208
633874
960752
911774
985349
675087
290590
22775
805846
863252
23508
813782
887332
518927
865290
533830
853440
232689
584397
526235
721332
856638
895016
688080
837880
454789
279663
829327
1998
628009
580839
124304
57019
308765
294677
554969
917538
327854
959330
399395
154302
864314
820840
632413
59195
554622
288010
561970
65293
374998
612869
645887
18909
76545
729445
460417
241980
942557
874171
50158
719712
184300
991928
187408
547739
901056
108064
210093
145182
634985
825469
993075
585933
522118
406985
478974
647617
74815
57057
158975
146655
832634
412343
538142
838701
266020
129549
370089
76760
30010
505551
488617
399200
399972
803790
454481
392548
376059
873109
209296
501573
919531
902890
864454
477690
793908
891106
550034
326320
470538
8993
471114
777948
505373
194350
465156
399966
122291
327599
276241
83091
158704
575813
349514
890359
214776
922182
935874
287093
634923
96339
905115
308366
273103
631446
439924
744417
815948
301339
99520
94940
199568
187911
186482
997632
297299
743353
936916
683722
989108
320187
291703
715715
893378
112292
272197
973286
459800
367246
833522
647017
886496
436976
504721
215658
910072
703511
129155
30711
286129
104390
977226
240506
780148
369830
828987
483647
296831
609259
173458
98980
749005
517382
490527
744796
690068
755072
825311
19871
882024
260218
294566
815218
673661
387518
656887
238734
830153
257921
984630
475056
112712
252983
629748
710460
185241
165523
745258
864719
3142
343322
930114
312352
833825
836835
149262
666321
776585
714221
790811
934488
404364
333277
58208
22980
407718
206737
418927
959848
399015
731089
241855
801460
894532
555332
20696
103717
481313
276738
13538
452875
32601
924839
171314
72358
10503
651863
191366
452351
443711
467560
844875
628711
833237
491904
726080
51235
866431
69752
428509
698649
229721
32602
590400
523836
592001
347450
968101
754567
562668
808627
816635
720838
363982
870729
650020
543054
356194
105070
265034
500557
115926
970656
674329
815036
651671
712175
831900
615217
18100
111452
113783
976272
828657
358749
434750
591074
511467
211582
117566
777443
118305
735702
100643
66664
33766
36849
136744
768613
428390
599009
249546
387845
2840
50074
640613
975166
866006
987834
977214
48257
879354
570890
919869
918908
896418
233044
263800
205962
46100
706076
418409
200633
470842
946812
327925
186382
504351
712087
922133
88145
268250
218554
964098
657524
653410
103397
642688
880474
14766
935951
207066
771957
863850
462497
206126
334733
63764
171650
638674
231519
197303
501967
974242
839138
402114
338854
989480
868645
446533
748257
744486
7828
956871
639265
354562
219545
577926
887808
52431
266462
308392
795572
132785
604202
164738
994427
774209
318036
307974
352312
980357
664664
859249
678355
835708
444092
162709
343605
996303
183540
856714
734283
985362
103549
998274
592506
820137
795225
828858
636127
643911
187175
782925
904769
756178
685086
296099
230358
431779
638822
163142
100782
928233
737875
464213
232640
122860
699647
360080
680495
221698
576916
713593
530032
589136
253474
119196
563145
25392
844504
946789
988728
919445
291521
471223
619900
211803
362248
370292
274006
468831
590279
229418
1711
733691
524542
184093
251928
407325
21727
518829
276011
31874
881221
438372
211089
740372
170117
451486
602654
15646
234653
905493
48854
913576
100554
64009
37331
919732
343157
714952
902078
498061
160031
821050
662756
862448
802717
738785
723306
544898
342912
752742
349641
869152
899775
30938
751261
387567
145267
593738
805496
768526
759715
867525
718134
387882
341034
749051
854141
926127
18311
364992
131030
275932
722625
61155
627695
399925
437613
813372
759488
20862
230276
412010
40042
254399
211886
838783
56675
640016
258162
334672
753133
651650
57448
868625
924133
432913
884952
53707
769849
400101
289920
129916
13687
10181
336052
937547
673344
487577
634592
407270
230043
147609
417449
134202
674328
491122
234510
207847
915559
708731
4861
922816
898087
214883
246222
952833
414447
218574
245269
908065
615577
486179
596445
597674
322992
329126
225148
204476
24344
103815
633273
968268
807704
894666
655838
657021
350061
372231
747729
880262
986523
675137
978496
154617
4545
424836
519118
759885
430408
695424
997796
276799
567478
321895
674021
544019
226001
690427
135547
538228
51204
451939
986841
900546
256810
37399
285500
948640
798672
579858
759924
820606
851688
319588
977429
706711
160481
95742
220824
627335
344894
139421
616956
700228
402690
305169
420423
533946
852423
457897
457899
924359
299567
123773
696835
470032
103793
371160
891964
328405
921216
235665
227417
729339
933678
187519
43796
647775
417206
948608
252468
224941
688032
994880
872363
301308
315340
519874
542598
391380
240344
220123
490241
908205
832218
541912
473572
211309
832576
79069
563459
328726
404326
848381
573104
176463
323948
272994
349957
148225
412428
32738
720710
210685
158563
431317
296971
431833
663022
11332
572216
23100
465358
827297
788987
713142
671073
309295
607729
798009
371500
15184
82408
303736
723700
382124
825343
213723
106860
394811
826730
173276
930696
968560
66578
618049
994288
142595
731289
882742
17936
262105
779515
235590
379660
11217
917456
609974
233617
356717
767790
611518
603719
395291
493227
945381
995874
792928
435840
67384
793112
865376
829001
609510
474029
769612
728104
558779
884201
909672
866058
955959
994091
537783
659649
565963
219032
767686
952273
136495
940588
382355
924038
776610
299184
705688
701186
533375
899468
739127
134933
930297
740020
745987
460421
532531
760254
420008
289453
319807
651348
275065
651952
975301
309460
823727
19549
370870
258932
876257
720821
528693
125587
804575
340602
8814
11770
123730
521052
799350
968355
617203
245637
459993
856066
614871
231873
331130
352963
209055
509045
637289
945186
566709
657696
134691
10087
643667
374122
783439
457509
200988
35057
315427
632156
214361
30594
553014
53182
332686
216740
512482
694479
445432
785806
667541
859813
903718
687544
724917
118095
505265
666062
792109
750930
47770
264705
863257
610686
455864
846410
94848
92920
122789
950454
12769
740179
15666
165163
934890
250329
257438
506491
795743
89491
159980
178961
854516
417064
733005
466037
494153
754597
180153
79349
521778
315436
154280
280009
401204
999077
761050
717079
919773
624338
459840
390097
242685
39169
817162
810620
130308
127386
625100
630680
992465
241580
518869
908693
567990
735833
554746
12157
40577
632174
317139
819109
830330
410889
461428
136946
517517
664606
127541
807698
409642
741451
964118
668273
862507
28774
765223
643101
664226
956346
531095
504668
125378
541348
359008
122715
722040
151201
756303
408431
423717
90823
559312
159850
513735
389511
153617
802479
881225
237063
302959
300493
429941
890332
528706
497296
847770
120366
827676
423540
518681
238072
574175
673461
218892
414636
541688
426241
867026
646131
423036
997135
417275
216530
420573
538825
300109
131816
791625
397989
344369
762452
585119
698258
478077
186510
931341
252191
24775
733452
829522
454370
465264
187440
193952
330338
337517
754805
335237
84168
470380
892809
368891
916353
839557
951639
727287
322261
97305
868390
253088
364317
310414
594694
936087
820264
600935
198676
8577
681473
978123
155947
63205
574520
161622
601831
612556
153403
967619
185091
70900
819425
567001
561270
939163
696408
885818
477617
525270
235254
234249
395974
546065
913901
513974
731938
181284
762653
608808
253051
222350
71812
536326
660677
501264
860752
159777
174749
470440
161941
122177
161737
169256
976922
74506
4759
293043
114126
64266
914465
767764
203042
338738
74491
810572
207183
356291
825237
932309
163038
30343
668319
745927
491236
742662
125886
914933
295978
884822
112777
886898
180413
729884
526842
511552
693702
972962
621375
720283
347209
728744
19730
416159
733959
278305
706790
372182
753540
553169
223101
646818
98979
699520
285590
313347
647597
673115
843588
67462
27248
470888
809739
86852
156196
82307
600625
524201
49084
190574
818976
252492
428516
376486
948210
197288
720918
891711
124607
723657
182378
232108
298499
611629
957198
258606
133102
125667
343079
370825
634101
999437
658560
81025
917460
107706
706320
536930
710163
601375
189197
905359
162525
637785
856464
871481
942575
680668
769085
806840
461301
710603
462061
789471
847173
621866
13628
371019
285298
257899
704752
561723
59982
769124
665412
944921
249088
355426
751889
710231
287613
401239
377944
247221
656102
757742
866926
314271
853886
366079
35268
931506
477767
217694
193362
188447
811576
606990
870240
564584
189340
514323
840433
954312
384905
642725
447948
800943
544252
179585
901544
690859
219598
55385
391859
294754
309845
101567
341116
893850
796490
973277
564082
962985
700456
799184
132731
978591
225167
786431
574965
888677
241663
158558
273338
251660
521384
433371
403161
266697
720578
180633
191465
551315
60475
539069
660754
425015
303029
752660
713837
692737
548509
277259
332528
778658
270293
172256
592956
815284
724368
489827
199758
156195
806900
915379
55
472296
358707
611183
894312
536754
648075
166187
432484
203889
308968
348746
351982
924418
505151
72733
78549
777958
770230
496756
554708
659907
172693
74845
896106
336899
941394
37138
295994
50955
142856
600258
588306
483990
713786
106120
134340
807856
951424
100679
764273
972972
657739
791928
991592
487507
408682
448086
476032
614546
524656
13039
775746
100131
216965
686304
841974
221254
612884
251926
540192
651018
615513
244068
282290
817344
267872
144279
468310
291892
60497
624753
2385
965104
959625
762732
568471
116031
776305
524946
767856
362509
86908
147589
150570
452092
572242
185802
8621
796130
82337
806599
447413
811088
388427
488644
440203
264989
900489
315472
444835
625252
414062
331522
831177
974735
129949
535673
998538
672048
999363
403919
373821
613877
460157
319660
281963
676581
260050
229577
332334
512873
229943
196687
805440
539300
674381
868728
748828
721171
604402
814485
311716
35702
624525
169110
48664
410299
522740
344317
822234
866503
945348
374568
302753
221826
289285
935622
987865
223518
777600
913146
409459
791082
242631
484614
367914
204357
418902
983442
919301
920822
480288
325085
218168
925928
556228
106045
258090
141381
925663
925588
314258
136941
399803
746897
65978
800083
594532
952096
773094
956699
609840
517134
119925
273572
412766
807750
474201
251898
354179
301438
494172
430179
157975
676070
583342
705600
298730
28175
670200
38203
12827
775235
47805
308645
165741
605363
322636
107303
782301
176224
515780
180156
111787
386884
919322
249377
206149
941389
615428
321883
210224
235480
439375
491636
179814
69460
777501
391719
226854
917081
603230
639184
20632
63006
551222
861824
559567
70645
339902
348885
341742
336107
146863
257473
542987
435236
12561
475397
474425
15878
754957
499860
435928
946062
534114
760942
134954
76897
849409
73
647664
411666
116152
754398
757808
393967
251078
737421
221720
248392
892685
292717
321277
737149
888229
528692
603900
731651
43340
742080
384129
726579
807804
620736
502886
240398
398869
686273
640051
306833
514938
243033
137860
923057
371448
123498
535048
177780
41823
774099
819685
373036
309877
876409
841465
12176
485696
272941
341628
439288
460418
153018
42177
849333
993218
587854
471067
313220
422339
581468
274507
881562
77704
584249
598225
779347
719984
187529
125016
597714
206935
293868
311413
832059
922349
895625
551030
174022
582944
884143
473304
44469
564458
403933
406687
8482
890612
978717
537622
600498
638053
46282
907619
580070
258124
562227
60998
561488
621798
7128
524206
548514
396044
144721
112824
827745
924686
586821
923321
480898
996793
756406
755563
763970
485432
488583
127970
189669
560270
139461
678238
485729
32173
983585
947608
139414
892848
821694
155096
514187
714770
626150
375736
845640
188334
94107
393519
373839
868062
956357
93118
236903
71527
60663
834614
237567
49092
608021
333716
178667
404315
790176
966468
192957
4497
809056
801094
794940
973369
508845
833198
349572
55783
378649
924165
549497
927907
780669
185294
278825
63993
253535
150627
617854
97454
598973
321469
924636
312333
579576
479313
93661
446559
545376
430936
840038
312248
633816
373544
269798
676206
43046
513854
176811
670117
286809
270365
490007
810447
789031
347534
666178
404170
284431
318978
752327
661870
217266
964865
284483
316907
970990
932145
936721
806720
721214
720731
996212
144926
938932
776083
108638
742187
160789
786704
326619
320418
231953
529050
114077
237463
433629
104865
614564
166296
204015
126697
436618
515055
858197
634723
125608
723653
863091
636824
706785
542359
160062
930281
663949
543611
205229
815753
29785
220118
357547
723474
681823
405475
172419
316233
974751
979957
648312
39665
181105
918951
19897
92772
52761
691960
275421
117634
736255
628501
645209
266142
448199
268901
534058
88921
535053
922111
981274
967533
563906
91963
414641
208198
863774
599718
465276
241482
740801
74063
862131
903610
281194
426686
439305
211248
881426
591428
296725
716488
150374
792430
896152
249244
287328
538451
210538
763623
263489
775053
553350
299339
288173
576068
423790
975085
454374
563900
928894
65878
633203
139271
449365
60397
296564
692206
756728
355476
204427
866500
460026
634301
788454
906840
712062
17783
978893
738079
818089
495003
19393
698582
420906
448266
660477
552147
490368
711143
625145
111176
871476
678052
258858
365544
480398
765324
403740
855455
497907
142673
24542
724220
178519
345665
451598
869481
82775
559228
83733
867161
715886
506686
603570
12817
729808
993882
528780
401901
396069
863181
968749
638184
961742
359701
661858
977930
88710
744650
969346
809497
568370
456137
472772
75885
779008
890735
180021
349942
454525
214629
960585
997298
239364
491887
909404
68956
524519
655129
944637
575541
265200
888599
797889
331177
281089
643261
724019
915041
315229
497175
25129
452324
839039
677542
973170
255146
870056
604792
959083
807231
526903
938530
432497
523024
149552
216093
933360
675606
858619
415002
496668
978965
14084
524340
132014
275729
239857
556490
252768
584443
6276
960963
905289
689730
908431
34820
311758
92284
266253
783845
82276
92840
89102
848985
202862
715665
559204
713926
218952
453647
510881
658889
78404
850257
395496
809940
812051
920824
160392
781918
968044
636211
643890
850143
939725
532025
820679
478253
470419
27885
124158
478132
159710
182692
89399
520899
695841
63259
775247
326540
480258
420664
546234
371015
304937
957690
759187
735709
603753
301562
617925
460705
522121
145575
886299
837803
278262
425026
203652
289969
352452
32344
126964
674932
127882
35785
739866
760297
798506
455849
838184
635453
103019
617231
840450
860346
855926
837389
110786
461250
484330
747577
531302
865783
552540
840874
744407
505661
623662
195519
63255
18762
433945
486318
135164
792040
205200
287344
337322
269027
277110
742037
768880
664913
2616
368317
989084
769093
153692
549174
772931
231463
802142
780889
196094
199852
163636
711955
216517
846503
554941
54593
560485
84793
279301
171765
47713
899940
468791
214294
454563
616574
70048
449956
185885
942977
334748
749272
319873
664767
167199
457705
986073
242867
362850
949803
374595
945714
792871
555730
798285
397248
64725
888937
110270
401320
235822
601613
114180
706493
454826
179263
500313
901900
625158
535203
690146
765998
621432
935296
197246
756224
617792
275105
918116
868433
270464
934846
308068
462302
659547
938828
828694
615094
328361
357740
632609
521532
526612
585411
710441
591435
732498
158313
829398
253108
523071
315258
157758
222562
102357
393739
951726
517535
841867
650423
882138
383151
982152
308190
726746
238723
393231
313584
88904
235065
167877
658308
54537
485101
535900
120419
575343
75776
363659
65342
249291
527460
711898
713581
902756
897251
26729
930448
823031
902583
600297
169520
429886
50058
808299
246873
893007
894383
102446
554862
399055
611495
114410
941762
356804
177744
748776
632726
296137
583659
2574
178352
59162
357576
333753
199060
923983
46800
612739
314726
458415
423524
522187
579065
214876
248308
289329
679886
488782
740507
740941
216285
518609
242636
625466
62016
339354
403398
725163
824905
39056
504491
164447
26723
475484
31313
441706
991568
92116
868296
946358
336898
250542
702411
480967
757338
111519
689361
934889
348171
91092
542787
302328
292701
121996
109897
821964
622414
454608
717630
4543
586067
848464
25346
828700
805244
108636
326125
586149
503285
526971
233504
972033
815848
497836
403512
62784
991232
210806
105180
79565
390729
738862
152950
3695
306355
5957
60927
94011
157749
106443
601586
230426
809039
731268
356578
541811
512551
151461
300071
699892
344341
195372
556404
97026
49274
611417
752196
670587
463627
137932
116147
629668
247724
838505
98740
89655
184465
820977
105788
506971
983583
586664
641521
767137
49600
182672
420312
223882
725965
632516
636108
889877
90745
692527
224093
400458
55092
854635
180126
164468
224602
425252
558744
257811
797856
297468
486220
333892
958500
691778
424355
901473
576355
614328
194158
921304
666128
242047
936712
156136
984583
682849
331480
241399
644123
379707
702707
801874
541899
737349
408926
90817
593684
300031
539078
171680
166230
496946
965212
147329
722353
614629
516199
564322
649050
527648
467302
850076
9349
655368
531636
284326
470339
388346
455543
994906
664801
532741
323662
744445
74990
1992
658854
375915
96923
260905
695916
102435
911663
552220
496685
240233
551805
592184
651620
924104
461740
834005
96868
984677
753999
907472
309497
142742
247453
690624
642060
536440
332159
174982
937843
614878
32916
801436
226170
219793
320392
226283
938908
641871
256874
218682
151407
215808
346587
843633
911453
186512
437282
37897
384268
664787
801503
848415
258258
12257
713430
447998
596708
155925
843857
24213
838817
126852
153650
564050
502200
42822
538399
816358
265672
720988
482087
473407
684095
578492
925855
989521
665537
665630
755993
220897
631522
309544
460507
626994
266276
49388
371264
148189
213099
654530
852307
508696
696551
195582
432001
988327
578408
702216
195067
148104
164852
58960
311140
902719
983370
723823
445222
310591
568063
736476
463903
402802
64714
870599
133881
93861
196059
482389
631640
600677
512697
490604
100045
333181
655595
451430
510339
260442
837832
892103
192625
238140
66246
718035
763944
333994
165906
565861
649527
490836
16072
649436
640662
361422
976115
638768
57437
549518
4783
626539
558052
679118
610929
819285
557720
177517
854379
301389
977434
60
192943
658507
417122
588963
223596
570753
784734
616465
928414
939839
387188
655515
865508
702242
296467
977291
650566
137552
870634
970057
387097
19788
164948
187750
173798
625308
936407
10196
388858
184907
296438
479224
838282
72139
693171
591256
471808
25458
29733
661734
490213
204785
828768
74414
771538
971880
381127
567643
62487
590698
905616
539328
844449
799886
560243
233069
687613
256294
142910
556626
575243
348903
896994
964057
374930
761399
505879
87650
953916
116419
96965
137578
489045
209263
315976
473673
849442
795177
452836
711445
699932
870103
621445
17509
949576
545390
136113
558768
830836
596324
944332
453971
829776
215741
70087
223665
431590
814018
834663
947124
4049
284845
328754
899188
72077
59303
496108
2485
122387
729520
906522
834514
450027
698334
476188
668170
618834
686343
798031
782227
901273
908721
149399
31534
349623
867331
590335
114785
409229
69418
550428
719188
864738
327201
952573
938239
252382
347542
405809
734302
413578
120332
593378
474551
271951
766963
63334
656139
905431
768611
38325
807641
756048
984949
574325
945097
901391
630654
427506
402044
590161
884585
230761
647789
966812
493552
184643
191172
312260
719415
42463
643319
582281
907397
577032
793950
456863
788614
123985
839299
881872
535935
346325
960894
365279
169486
14493
918762
667421
432746
495715
989192
874812
83693
182213
286709
177380
249577
405505
434188
493380
100820
786512
105881
497354
257041
548332
562613
94765
28439
673651
455875
938471
89984
890788
198085
325505
744752
290630
84636
373830
840352
218407
976346
338905
291334
485634
497093
884579
661155
420986
728363
617508
770408
25885
256811
265158
275872
137
658273
851473
250694
755839
837392
836960
921632
61535
16227
542828
659687
999600
598289
534402
646773
22212
522094
220277
647668
430916
416421
848594
500071
180419
23016
851333
955876
129519
901617
476956
729647
816676
886259
390755
697013
939482
689314
557805
710178
457948
719220
782879
967968
299954
315032
586475
936448
871895
169347
447307
551396
249198
79571
86244
564038
977916
240835
439771
260485
399940
295995
6202
630833
399276
150798
476030
492651
809008
128414
422563
666317
878082
392601
916505
632183
690956
592338
685266
741047
597905
349372
144701
343060
618353
221189
725837
699725
28914
563383
202109
480321
103913
687616
903623
374808
533087
179853
288426
443537
618668
243387
726888
789663
751315
998211
563580
997054
899777
359745
859390
384477
748201
876160
640271
444608
438678
516566
637944
883579
279786
102963
354774
384743
493295
795879
892376
305290
520299
827969
619105
430518
885436
542304
273854
585672
221417
909241
658094
199855
213014
701823
673479
839169
33316
325889
987187
594801
254596
803760
990347
659677
137693
501119
563150
360900
757334
433379
302141
361621
981824
653562
618327
348130
192035
176904
445676
597300
603044
443612
473568
497167
396241
935039
912022
497927
366320
288631
515490
101383
358451
9206
875627
528468
151012
408033
728561
486273
467428
443117
822325
719582
505736
839774
271528
939967
118814
836314
516037
357540
466509
640361
846970
417674
834586
645388
218561
540493
165191
179086
768568
753686
995884
631393
514859
391083
249012
345595
142184
231759
284029
95149
619066
834769
287115
813899
77634
159303
724124
426688
923935
449330
568797
380347
639929
152575
955778
421191
806762
203690
304134
965625
756810
40383
442754
324566
740470
679772
756901
365116
699967
471170
386822
93303
741297
86928
314784
497254
693766
899817
565512
913837
56206
464191
355857
686244
10677
574124
744979
129981
735992
49640
144397
745092
548436
253130
572525
287603
32756
677553
780615
607992
434552
416160
670309
908985
335823
99488
821868
717635
161572
894482
481672
41925
227180
875321
593268
744634
1636
398370
542109
606244
97770
405839
938521
372985
457517
710650
542377
938754
419952
234283
840018
351682
508014
770874
799948
43073
166552
939553
607700
196980
326458
90621
186204
302331
750113
391395
185557
515651
658903
904415
244755
336948
130773
591769
531104
3351
481419
173097
73598
508566
871770
971335
498372
798797
669930
929459
66491
497310
983007
139603
350882
817022
342036
449143
631939
2172
655511
222590
593324
376111
260660
401817
206023
854926
991005
58215
383897
11102
808051
74560
815251
478790
583987
940301
163288
904318
701952
846228
856396
872904
533650
955925
534963
115478
998913
647858
180164
241652
564793
212852
60243
566523
159155
349212
517574
350521
473640
224467
216677
216765
114584
288448
578343
752897
442406
532234
854949
118773
965856
893930
841200
127012
926621
154283
403902
241023
901121
277119
376032
513177
550723
251406
866843
616618
677959
124099
18657
343622
11557
217774
597655
510268
595897
778613
642668
146181
764093
486695
389247
171878
894359
979511
833365
193493
989573
594224
656848
544448
866030
610660
956105
972193
500828
334022
870089
660325
501312
75808
499321
842588
922990
949259
309197
16734
475028
223586
551112
177816
834073
109634
908004
651086
884454
896249
270759
454611
174173
485366
184211
477769
295769
790329
930557
653270
256614
72233
519323
80412
669395
214865
893143
46742
296755
437956
773142
76929
303897
496747
335377
889472
673004
41832
882627
520076
256806
33341
356616
900616
825078
363366
454642
557598
707297
21715
112694
12842
923126
438207
233437
622256
496215
730535
988514
598685
292813
434629
362725
891733
16458
495142
16313
557080
295175
290218
784408
91984
72588
808600
453302
876921
692430
838363
928818
103853
816754
784605
181609
324043
292400
685183
661029
535619
168210
648882
124723
522625
895836
435125
509650
607284
742150
780139
484154
786597
93592
861262
969898
681640
998648
88491
884605
666941
33276
163550
874009
868947
540642
328764
294907
991215
44922
364226
287208
892172
86989
925522
964245
708027
868749
190571
581253
910004
184816
939655
111206
113632
93874
377321
957135
873649
175402
168264
993128
451612
99000
44824
666473
801140
106075
447547
57316
160159
513118
921082
477001
445171
182021
877084
786986
264729
201454
731243
483413
326582
570222
382871
916809
552512
203494
730071
590648
582543
589940
710607
300742
369308
408600
229544
659297
896094
197268
31794
603928
621774
546862
707133
900330
966796
727445
822166
690170
31344
959707
366625
32094
50094
47329
85008
751766
946981
890512
410109
870233
949252
665603
526634
620427
147481
129922
188882
47372
825400
23915
880772
634728
358715
527261
197028
679380
851764
141094
609838
816876
880305
240931
270943
936157
541642
340018
944441
316113
37405
418171
301568
30348
875972
664462
367814
439646
884833
166885
72792
492021
258315
539609
846491
901034
191085
158264
826764
685123
34731
214926
754403
901870
124952
707609
968419
242851
662576
805406
477156
64589
73022
470182
635340
23953
491486
769240
868572
503615
438877
397108
539814
694228
924092
382889
960925
525673
8276
744276
87812
779964
365591
771657
700132
536017
655275
165541
398637
185407
491605
239495
358898
899439
145999
4276
41367
359260
695242
468117
825858
880875
949209
30038
877983
734593
55935
858573
558333
799871
219747
740805
820949
443483
883616
982055
875755
160220
935481
963524
958798
885745
385706
538370
680633
630575
660057
787296
850460
693158
630059
344679
774452
830302
433779
400431
663766
806451
284230
938187
598284
34762
939370
380690
714646
572143
402861
743051
387154
363725
827537
530548
703094
779721
299237
810031
821625
156731
937775
709898
208721
5513
330345
502808
744674
203834
622418
642376
306516
225462
275541
729061
284555
709087
265914
397863
637171
375096
680123
689528
21176
362984
852105
402521
52746
147523
506517
461606
371027
443557
689052
440859
251866
959055
612240
524682
581042
697559
953016
199186
366944
247148
19413
366085
595462
64036
947415
980472
700708
249355
531250
821745
129749
4397
566326
190751
170099
173488
659076
511820
26790
71262
683054
756014
649294
887617
332203
256093
35529
65959
80563
728480
20641
305669
775549
181856
46869
536696
722707
73534
790210
689062
455182
607552
1966
551171
69492
571826
763376
426538
810843
220161
762237
692503
243143
728345
935567
970136
897537
397508
255453
531481
994146
173835
832404
316758
486325
415131
355951
841674
764743
364257
58346
222569
697266
561767
458212
998772
463672
6508
399110
892970
94365
940203
156008
27811
114911
524133
435362
883738
506141
704894
759709
621778
404414
71605
238663
986019
13873
919998
602208
394277
213054
27569
821175
732187
856418
293597
709165
403947
452893
14224
634388
472994
139028
824930
148307
942631
473730
91839
19466
858230
934165
720874
428645
980525
130010
338954
99613
983492
657618
59170
662841
185756
667023
38309
496507
675605
789807
445521
584189
10739
631086
481375
290832
2313
699089
329713
116839
132070
533768
17428
638221
552903
952110
487762
181938
182368
868995
265
979129
130112
267986
836711
242284
634467
963569
219013
827151
632788
570023
545564
890450
14525
536680
526248
455584
520781
825531
888855
891220
680452
831484
303086
195723
514206
137790
524985
262356
639001
933768
545197
169829
31488
916636
389223
557480
620646
705811
560400
240235
829623
724883
888466
94180
989298
407787
98695
12512
851254
383278
408205
659085
76426
734486
235169
639733
809731
136363
316752
233620
493097
258484
632850
840618
970704
427537
295910
199802
794524
550280
16138
483632
758651
352138
399864
982247
763530
214039
383604
919189
384162
25188
219014
12286
435675
278531
186248
102334
101651
969260
879201
650538
939879
308971
733331
235797
407887
673335
981871
436820
773475
373083
500551
976238
546030
372871
85297
958846
674485
534062
628866
657508
221447
614656
246136
33790
792985
34149
417911
673598
999969
568750
94375
657852
109282
493912
850852
737189
117097
10591
419589
330877
460243
228890
215062
393460
539587
500471
155870
432619
494830
894772
448064
127107
45447
936562
685576
920373
266078
388649
388262
260097
377405
992776
674929
188243
369294
989097
652052
541687
680049
433298
131321
779982
163401
243363
500511
662175
339262
384765
968874
170832
103517
323153
290883
878993
174732
145748
589656
551912
45903
269734
598726
120445
797394
585014
786409
625505
851592
104663
878747
910957
685862
218688
734855
542233
953918
399632
139787
319667
811376
575508
689977
782780
718335
299189
758943
344001
122056
42191
651440
883476
462051
565180
203103
899134
859505
436038
593741
855998
602408
551964
833992
595784
552289
474513
378887
657120
53908
271906
579278
548939
809186
381248
278868
558308
634003
576818
538180
512164
379259
33869
157873
733292
938231
510226
931623
423025
35927
989284
352732
532868
806486
296164
656070
679805
353412
557931
525446
520323
394756
478499
671426
356027
551537
617730
964048
812363
285724
635108
654605
630794
601137
843525
497038
231558
446328
156248
143278
506288
531511
795078
690567
353512
936756
283910
868028
710113
72535
488690
16881
726574
514835
992734
33592
771467
603002
859193
779946
22664
102395
288913
824634
685867
912569
737316
192996
223574
149281
112535
950003
79752
287296
699774
593894
425494
163821
630570
393408
92900
815501
460958
352374
493125
529831
878902
487251
336635
706260
850484
560315
958217
54098
694952
153292
577719
889719
497212
942624
725538
205890
94169
477679
204093
50189
647162
982226
590376
449247
619339
106850
845419
546526
886141
846527
478543
746593
621353
471724
10521
646366
216344
201444
589972
952201
171512
472282
319936
570447
89870
673558
75627
875663
84857
341583
63961
142160
199316
521912
966689
610750
333606
671491
772589
211011
448848
877189
420732
968168
139245
119260
626179
303198
978653
693200
566674
245747
127033
848932
301270
952496
771936
386495
310839
124945
121008
56434
42658
3105
400017
633382
968737
231979
474659
780261
533814
767031
901823
496422
70462
625843
483617
626017
511180
909679
185905
159424
893846
869893
300510
681880
365530
741990
326667
367116
192024
127246
441431
244721
692377
212039
532998
357082
7152
115794
117643
492861
96732
512393
692878
209708
40123
56226
51990
34626
9551
387232
293733
298840
58163
219872
872378
612257
484074
880752
910691
674512
737713
271812
724242
68210
244113
429044
814731
920313
186756
424514
175466
157185
660761
478487
877320
416840
187666
706757
597012
66577
815117
928136
604446
638495
567129
21361
981911
759816
101189
841401
962677
184230
698138
88286
972534
768142
554264
224650
127469
908206
285202
458602
791202
875111
298021
99815
209554
997001
47928
955812
343879
264583
77838
466604
277206
373822
410176
176761
302739
516238
413910
289560
481499
676844
287610
935381
656552
478528
447669
809097
469213
750424
715873
3224
744577
11474
693539
540060
73002
574026
485638
561889
641349
925100
904727
702128
941349
188704
723729
175562
962303
633514
108226
700774
87451
173335
925142
764465
916600
551715
93020
547695
888809
101748
536566
39242
59545
106298
361898
854521
84335
392928
625365
319502
595119
979582
178716
985073
804736
190920
976514
701694
188828
501762
763673
142870
928050
843865
389750
467486
732700
693731
22414
89344
804737
887835
75459
107083
121723
149670
500011
142727
278696
904563
646648
522486
124034
444040
959670
652986
800515
446053
3255
818125
27768
976755
649160
559119
259474
878225
315763
339513
525667
980588
775434
757325
137681
517507
543590
787459
171643
780801
24571
954571
531785
836788
547770
247499
689376
941591
576116
360432
269494
254373
807423
443114
77511
903517
424138
950223
7620
346685
135561
278948
477375
233357
405354
787970
389701
86140
541065
660874
578864
177897
80717
918389
487945
841279
859165
871191
438008
205159
731592
562626
450715
556993
260667
346686
583031
465834
865448
808485
897875
520838
20269
787397
624111
464864
903286
595498
26191
393754
422023
769176
988555
878143
759657
543667
937427
379125
649519
564545
75331
644046
572579
505160
110431
854013
671698
994770
455531
182309
263729
388239
17834
862541
948395
795417
562673
965040
642824
651154
174886
460978
759291
626345
754330
168620
257672
429308
139777
696360
787544
12234
337064
258618
516127
305825
223040
241338
419323
271379
626143
823970
260990
338476
729835
635842
472822
464305
417049
143716
451987
307778
14415
279808
322906
521853
545017
518503
251695
314910
675691
660731
150657
587871
360048
987313
550456
877597
667001
652046
832067
798521
603280
616987
449317
78495
547703
824054
338211
575907
354717
659593
514247
150716
985855
482260
830745
869202
711925
18879
995513
95993
852809
756205
162937
6885
415089
502575
717149
380858
900612
486899
753985
803528
290794
777994
678042
261220
450739
23764
37716
247460
611077
313418
558171
246582
725613
522344
657078
380637
929110
475253
711309
133385
323159
676235
661651
273318
453849
312478
549074
569898
812953
928219
158364
178863
182159
247423
368285
75315
603575
7569
360141
978589
478841
181027
809745
102861
117260
301815
412400
30405
683901
3368
278592
815482
926797
7059
601001
550677
819781
32040
311916
509795
642604
548647
288499
791349
536632
980289
598716
540012
774543
658184
428034
978337
437348
464819
794303
606623
637282
756514
306542
503168
346178
428944
836651
490407
57660
952084
601846
832855
811225
302612
211798
422638
161831
881030
735834
467266
980039
651876
452155
31895
893600
778220
67229
912185
82678
990452
821692
627713
112579
318862
814631
716628
596086
580133
782670
930708
971499
671786
247313
801278
274323
807523
96994
391831
879063
113763
416214
483184
179679
628307
485784
836887
118127
860423
729946
593081
738525
503702
530977
122606
602780
254400
474207
898637
835283
366410
993283
791399
931900
680019
529608
391398
726693
725519
988167
796690
517833
340160
424154
359021
425154
851797
58710
613914
8514
319922
613398
384681
723349
778284
201460
362469
655624
24170
101440
547465
590973
578537
738846
533522
954062
320665
210425
257264
650716
358565
596328
241494
11379
833616
560987
433200
951579
805178
596801
9076
119102
764867
148090
929362
344433
792390
885492
514501
804705
518790
626788
388043
946459
510115
891313
575351
695635
132771
858824
463997
9868
516468
214407
914050
196919
721186
441050
362155
305350
840473
923215
284574
28714
640542
80726
14658
180354
620477
607960
969805
424478
817431
77795
866955
985729
554524
142133
182964
852156
715400
793519
344185
521980
949761
459463
316172
580343
166157
209918
475580
273620
849973
113298
446718
625
698270
841810
547522
85326
276869
598374
888897
577131
293466
545824
496022
410309
130991
719558
485702
939632
600525
694782
182880
428365
90529
719957
420608
135273
464084
587691
219437
380531
389560
376191
212450
414679
759902
675347
479914
942011
691076
276284
337572
189141
197419
622728
730790
920423
243719
313035
67390
508056
663248
96264
343572
440048
972022
787449
81451
200688
461564
324742
832076
218998
906586
221479
39750
582277
792500
843507
691176
753887
254924
945009
931998
917206
589741
533105
725550
337084
456824
704073
620436
489981
783373
847166
147849
134482
561650
301472
332201
225699
573675
302453
310067
800150
952305
997588
183961
861545
44928
904747
655579
64459
834571
900122
690269
767427
867673
159406
469843
528897
643466
735864
676568
644416
663544
847369
439518
9684
210041
542989
504000
445653
6208
353026
66548
844392
412003
856403
827356
527079
161975
558741
480059
378156
560791
846941
150084
727679
940356
682427
964046
359641
923622
982168
986853
363285
804977
804904
985018
479922
71139
540363
798714
835335
164265
116742
886140
78276
911585
330008
918035
55392
778683
889660
607811
528932
419065
779963
892881
186260
989461
778026
368883
280629
709633
289351
473639
458048
999753
472876
261408
462689
650325
503790
829530
578186
165269
896271
769053
13969
924727
651970
780042
47215
159923
662776
104039
585427
164551
842182
192950
968239
771663
534726
723145
608446
243611
87651
598197
420131
831979
71316
805653
445426
189001
20966
573304
884488
71747
834545
646248
36628
112388
603436
246040
300153
779855
941213
235817
478231
22185
942873
598776
88265
944776
540097
403750
228893
465640
378405
300570
671553
182750
167282
530720
798943
90854
488615
847193
308624
65555
544471
637886
405948
240611
548022
905181
809030
340989
900027
787313
22739
919746
142247
136111
468990
204249
861646
481650
868200
319607
166490
786815
94988
795093
468006
116239
247988
923491
80425
918840
204997
37040
60316
501763
843064
18853
414351
718659
414770
150563
609477
169396
725018
276075
941877
758299
226714
626030
692558
188718
626388
603574
339898
637168
296142
596815
960540
526331
89986
977991
813563
283362
17021
673476
848853
608109
494926
7263
914948
329616
927630
997639
807715
73236
955163
995424
59430
635327
154237
978751
376260
179554
390058
343361
61646
755775
583332
321480
606627
363392
553171
29692
247753
156483
87929
985635
164209
950757
418050
12033
919232
815223
292002
551444
358346
969696
482515
13887
491060
983299
805646
280699
65529
910332
184741
614764
183387
880010
310784
892366
540935
707314
192407
912017
698039
430325
699704
168397
852364
596927
720629
221186
154795
373386
815344
417312
149538
747690
278314
699300
908367
880089
517453
912339
365306
398156
698069
282851
10703
274976
360093
568569
145014
67123
213773
996241
122960
848310
577067
273425
223298
471779
629010
55094
724857
917055
828769
900139
628886
687876
315799
152673
662353
260113
530708
678194
25635
108500
462537
162014
103731
816701
951093
93360
620221
110426
998939
479798
184414
374434
279205
46669
231614
709325
182997
489686
232410
225824
514852
954373
183533
362439
571833
43160
756026
316058
578503
667940
713209
839106
472067
287946
934683
178805
633217
815369
165116
523036
496298
220206
154390
715676
672230
768378
548054
799518
24308
844806
25704
838270
543037
997281
297361
347594
265536
50300
962259
183335
588836
705097
238415
155793
682858
5641
499269
785263
846274
56371
193015
204178
515449
599806
822765
94986
931279
663820
987793
156453
72295
410867
140346
906565
660183
190696
877126
251869
135199
543946
617120
572808
303031
152585
902945
379013
654977
704049
981074
218259
363294
690583
115088
246821
554077
175966
437768
135235
554918
889634
564541
797683
681170
922235
880983
79477
530314
352646
270329
202457
629412
106557
160033
748523
284378
82294
110612
558150
537152
712065
755618
518106
327881
156154
232988
550201
822030
7066
112612
58750
737133
417146
582557
286746
519950
315366
618497
99068
479553
929562
806224
741340
216707
883996
995750
648677
597984
663285
306150
563709
409010
71117
409170
310962
156807
907490
297789
299266
648416
865381
675607
449351
546262
813169
955495
460285
447128
242280
159320
625842
880079
35564
380778
714761
395682
893623
764105
368810
816725
116120
355707
895241
957964
578891
559410
649170
200110
249843
772353
627566
166629
957046
983020
501365
535745
135477
12784
867900
140391
383457
273161
154136
740433
796426
847570
358693
289124
739279
333934
969631
775218
972512
625523
462094
182917
752878
832610
458176
641454
423281
697919
144546
398181
536636
234194
424795
912689
699879
184031
550965
746720
469559
648576
601756
936885
476459
391279
207029
128508
534117
427744
300312
901183
42355
517323
466156
153233
853050
99783
896606
371655
556158
378130
391166
384583
604880
347629
963830
767288
229141
83812
972967
980057
930030
488300
464929
131437
881673
654180
260223
993876
636228
272318
265885
963766
115769
705271
825976
690200
620522
416962
519904
332432
642442
963203
629404
787861
932710
965686
238618
669872
722478
598320
657105
404239
507556
818302
876149
551992
178784
507606
617371
234941
872604
573590
704064
387620
347973
269791
584563
207925
604187
826638
953353
784885
336209
572145
593618
724572
734365
303144
750247
505991
641351
3148
594395
824427
475930
68324
378850
550542
371156
657798
193053
789206
841953
364457
975453
50920
311081
995335
930373
30370
701060
503278
736205
164401
554313
153956
522979
337167
11588
39733
759148
116572
359877
225307
377000
776472
450901
243592
359283
268987
769476
844114
761063
498801
706014
474975
172789
611132
773980
459031
667054
505263
444431
865270
938613
446350
903560
610856
708451
867533
106115
706311
197199
521647
976449
706622
488177
705647
810645
913181
458620
278287
874693
867201
367706
390245
470093
790373
393768
329789
191614
905857
234592
422999
639671
233434
26445
25882
522744
835811
935930
898781
722853
227947
73858
43882
932163
288921
92995
603747
796874
557913
795700
782238
720968
376790
503436
891721
618463
794702
850846
360346
34890
859199
94275
221431
879194
537722
199141
290506
392271
139884
729997
397952
716121
624263
899141
904593
73756
74672
353248
675917
133775
328865
464778
607524
124281
299402
107934
158102
709173
480493
644218
230943
830996
477978
530859
560254
750241
14850
832071
563169
434683
606810
724143
525935
378127
873976
206001
114862
784385
367346
747358
494011
249949
826019
925185
344374
704507
735146
344265
925712
622578
593069
811151
677936
609708
800954
356619
474782
612026
442323
845283
912853
260866
947921
931953
250422
524505
62780
256209
402227
27008
859996
460648
799065
434851
44521
109296
164933
221914
452433
884053
35639
483100
284313
104240
912766
24321
905627
591837
911955
556913
362477
918523
875010
441966
851362
140607
884163
618620
33002
616629
708071
123989
97326
532220
74868
103934
929653
864254
204128
804497
125324
630431
445524
40173
670246
799431
593205
791618
654698
207739
692147
471060
716966
348007
636487
712782
8739
925582
722396
926144
360275
682507
394314
63223
725351
310402
69117
434360
921405
792489
530996
734488
291127
770349
849446
977467
297191
104258
383807
362535
309286
581514
690311
137604
836484
531041
493412
587826
558105
886467
682038
532423
22586
71898
586016
925732
135303
772967
28275
977358
615730
495103
673018
755639
748401
568559
847685
327588
528091
234208
662668
628180
266831
823006
946592
853839
976540
59818
570639
410652
109600
557580
751995
873172
728035
635541
730498
84134
307810
837437
10520
855770
223986
769115
981852
517316
595233
735149
183105
357536
42316
175214
118718
183525
636243
324314
79719
566450
838998
286666
514003
344574
617770
489232
869925
431405
143609
74319
235928
297722
246199
913243
595667
186310
23191
543273
384367
322842
550046
440933
131493
179207
876514
822435
328601
645870
821796
155757
483228
274247
532667
620067
672525
345069
905536
127844
80146
563501
444897
470758
369613
79346
672192
143372
411096
78579
152695
429440
924549
34570
920673
32150
862720
928692
801746
85085
486033
172580
760870
48455
706750
898628
245879
980530
604621
459081
267538
627367
987505
831326
332029
887256
163612
865103
392339
429043
823108
39474
883528
788499
693531
293398
269520
766396
299776
13391
107814
846239
817373
310154
273784
547964
366815
43522
733490
769378
312019
377483
108581
292434
897306
904460
423874
144328
888074
10843
289533
816543
274847
738557
84455
983843
531401
214152
200223
499290
918046
472615
361789
269666
713438
394874
371694
186145
460631
18607
182047
194671
31568
743030
885499
942318
309213
694125
482444
62198
161816
871833
701591
230081
213521
623928
557438
431539
480908
684375
702724
449173
79049
416995
122591
721117
295429
113943
534487
452569
260928
334742
994631
769512
400200
782989
593789
563578
950935
924458
583169
96476
139960
687860
884844
80184
411972
779881
427018
470532
30180
297335
914148
996768
457278
820487
912439
607912
431972
807043
40396
537733
88511
344441
352950
475679
965335
233047
448488
664624
437570
512086
683312
221236
929896
749108
630269
193518
716185
777607
361634
154823
111259
608840
773143
745747
172765
853400
997528
435890
238482
871766
332352
404714
823711
321464
286390
895473
254239
974056
188294
38359
703040
889657
589710
24658
624906
917828
760719
783464
985152
621347
92515
655859
324895
978953
221838
750868
117251
219261
705836
204599
52841
309809
635338
252926
143887
753347
206225
45112
266767
343773
524529
147980
514159
770669
507949
203995
495312
603683
790466
553010
975498
999131
680870
922363
439046
899700
575838
407225
95783
762340
793395
807848
495277
710188
699242
487285
809311
785607
901041
578873
19396
964574
912678
844437
618027
535947
130444
369964
669076
540931
291163
648565
851605
453106
271878
604967
181904
988640
37616
768450
528622
492446
229869
669658
301861
91868
906479
790178
983876
412915
277706
809665
46589
868236
188352
789936
932391
635446
206426
674547
257040
535234
117521
9761
909694
478727
325923
560589
56715
676023
874416
721969
518717
825565
521125
532216
316052
173110
590927
651301
152611
939689
976867
146326
300643
675313
474665
934610
105875
463756
700361
135866
170815
420394
355158
11405
609154
579436
932012
289314
109218
520942
453881
715154
783033
375910
38812
628097
825243
571039
693852
866221
578180
881977
134119
524356
470901
621160
80755
263220
379437
285047
516605
707222
516347
650975
328931
294188
378829
667530
41860
403191
439318
854642
558962
9510
535131
720232
757078
695272
265819
576369
234209
454498
890073
857611
121451
874685
359815
609933
453098
268502
308752
569196
542287
450905
416386
747482
471680
248616
878088
737390
31476
717599
927757
630228
467567
97099
961695
224011
532120
471704
265533
809291
116469
162901
355503
910402
585183
854227
830309
608074
838455
473065
712701
848203
374199
641185
417120
700269
438179
400579
221388
543031
590941
436731
869228
272905
959576
463145
37986
365746
978149
370758
853735
157551
813801
519406
856906
805697
672816
731662
646228
129258
964378
576234
214541
991939
131251
95627
271959
437949
567521
668420
493879
555634
288438
698080
383924
311143
82282
961240
124193
937298
406361
845651
779424
504322
239445
279295
382396
951602
856746
560639
703067
302019
452424
643968
7117
945298
762804
284577
658628
458342
998543
59311
90419
816899
149185
43017
175041
982491
200962
829347
100074
761285
479909
390387
951813
623745
998963
594376
64938
341256
381491
40118
848055
960763
398331
406289
509476
245399
245623
781016
868120
270221
299463
597138
162575
961260
619965
370852
233383
797154
117663
813758
130178
362235
260468
825636
335370
570679
907803
260953
825812
944902
281912
767274
798114
713826
688841
22676
239555
626441
587671
61267
293141
853398
403207
33160
389163
693563
801104
325637
269641
282397
712263
632953
881420
730892
679637
908979
638539
358548
534151
623143
263180
737238
286424
372310
827560
655411
731937
881071
631818
235187
843595
944096
971847
777493
290239
328899
589014
746649
94316
709551
505119
419240
513704
257851
616876
226913
911278
240464
80508
742401
508870
916714
632310
571502
774338
289515
966203
991584
270756
384796
412180
375261
712257
762635
913200
54615
759317
848467
246325
389484
297132
885761
341050
58139
921275
994083
23715
131571
865685
413747
874340
50555
536871
90691
889717
180548
385425
701167
695588
3066
43892
277040
257611
349398
57737
473123
109195
553616
787944
381960
822056
596210
552055
261606
667457
924168
277805
610445
910826
563444
186242
991539
339816
821598
285440
982408
237960
952185
496549
495516
424765
343015
418003
417197
162135
721722
345076
991308
261320
627575
970037
979006
904768
717398
600947
917356
760760
410626
193022
648747
720650
841315
19660
329756
860407
451466
317644
133420
453463
945959
639932
398887
492781
458317
445018
344587
722930
310106
472492
385977
741341
559596
639914
610920
280581
120355
749219
972795
367037
693279
609550
898271
778748
812184
522704
372607
581287
430634
97847
515748
999443
270253
854991
125864
413555
139412
153935
720609
509149
123329
493520
943983
194906
132743
647808
248253
908093
385433
444527
421519
979130
627492
493923
7812
953726
860828
552196
583866
770664
838130
574378
880400
257639
378849
138562
218822
188520
639767
775233
129884
156370
596739
557356
69021
671473
542129
298552
563740
162921
650381
778499
573616
177192
779083
313494
958268
112307
865425
571593
801701
165084
532418
182383
290640
412776
491802
674995
432189
643807
333311
593392
695638
418550
42314
616172
762669
182105
529554
114391
812489
849151
617502
508492
587993
942055
781145
187929
783736
972150
553401
53216
837131
794072
45982
884487
692614
530574
716293
665654
403423
470360
684639
561791
7858
138812
728553
340613
164660
133926
380952
340901
88891
62155
399514
923567
411475
223506
984848
603563
747438
299022
83383
795986
454072
151472
237141
411990
359862
146532
955324
755426
455729
10949
681071
617190
602200
979999
23702
559003
298540
177307
617591
57905
68776
333525
856673
780522
652166
624098
685022
443003
252345
444001
195113
885757
675707
461341
842500
467760
566291
422079
806270
899489
896145
170960
491885
148399
958156
19596
338618
838395
803076
992927
63062
630443
367525
202239
69451
927515
931821
323109
226733
34
902628
610985
50991
371388
962186
963321
762578
652313
408143
427061
489143
488577
124732
136362
171478
623330
458031
597738
980295
691128
557571
506500
56894
567127
549582
842918
346900
769624
375172
198667
992640
65694
624184
215394
618532
834499
934781
966724
559652
718781
499314
783441
681414
207442
433507
115236
24365
598083
181318
977750
629694
788541
916715
229727
114205
769472
38803
411247
793513
102618
374051
637913
49953
670605
912519
991881
824382
46686
722887
994049
671882
564432
981029
342075
315227
808282
143978
287657
292205
755194
126476
434072
31899
762339
806136
396078
86226
162434
322834
995218
818303
380711
712682
957562
516846
25851
405183
908687
209252
609459
156926
556497
224247
512465
826776
897946
909375
999656
600840
10107
627881
158987
19572
119924
878890
140886
840749
817808
547983
771800
300561
633371
294451
465820
669712
456961
527883
392979
304203
768709
92379
651999
434456
768794
897931
672318
510498
902817
361428
889169
846830
392960
227349
324232
29944
759771
828994
154476
960444
716530
667387
186313
190224
867031
373371
619702
445102
734410
243943
780355
877456
191859
805126
520829
581108
160272
592224
633599
30791
191007
436314
158782
393858
141688
664071
134053
241457
695407
299326
325686
451482
517193
453171
627547
622106
451051
419625
808617
620359
728895
418290
815981
318762
929026
870261
369158
196874
674475
118738
809437
651235
793591
327580
199926
308494
90245
943461
371066
344723
450392
792174
979440
779597
754527
433401
379988
194093
708850
824751
671867
393877
780552
565321
999265
144704
800848
674940
908884
289726
6905
123940
820123
638381
180200
872755
983357
507222
614896
687713
235019
432365
319023
387392
689607
895286
645960
434477
38320
921860
48312
138403
692907
319324
603607
50857
261328
922681
820782
892076
810830
641641
259567
4647
256827
812629
417557
462846
483387
528478
835161
785707
305612
221986
93966
747471
404269
306845
162649
518058
6249
700268
741521
442022
724484
701997
549487
561678
825856
242819
860530
271964
240502
171538
534255
836874
477239
331486
713179
292284
827712
152052
453211
88522
52698
795741
935713
881074
307640
452931
73678
22924
971265
731407
322045
222969
209195
287715
287162
508904
466499
777393
39953
727300
625161
948022
195328
204094
673847
738903
158222
30514
976738
515478
832949
868730
609265
296058
827658
53036
711575
972062
696973
366502
631495
761325
931326
395528
297203
198138
819100
700607
245518
41961
920518
664048
604127
603145
895227
504980
972570
802259
675431
435026
455613
354123
192741
818526
260510
721897
730971
740267
661084
646239
724032
57678
803191
602055
193470
831408
690940
686187
888691
548208
579097
423664
968915
287375
697759
776228
534696
984004
308113
625011
430397
233720
63351
985344
588215
347152
775043
869099
332050
38094
550579
326006
61538
709640
386203
670514
261998
412651
701655
372276
571211
308493
458739
634644
455093
148376
354153
403472
981730
727979
163690
811817
499951
774034
630677
710541
404030
162081
368759
375049
103906
774676
589808
155958
355637
712991
66895
252984
21736
998282
457764
139376
970016
582821
219122
609087
265339
932265
817602
957625
62193
446317
407336
580437
758210
9009
838714
443833
952299
379804
609288
811313
517436
432487
612355
165553
34062
559265
227069
173968
848796
859885
567377
222253
989181
646830
961009
588272
510462
865438
350346
18090
247899
95166
387734
954134
895450
524199
398077
727233
691461
947328
519081
628357
370242
764425
658469
669553
159699
309040
176773
639904
599570
143012
233944
567438
937739
4286
996764
738170
177703
44681
857210
226951
428906
344428
65751
213040
864957
356044
292408
743554
475367
734239
282754
78522
614554
590415
884378
209979
129770
91398
235435
712939
427992
651804
517318
447212
369933
321115
174115
816306
385826
731819
433861
296262
143452
841212
361622
21557
894490
777092
848054
222869
268511
72971
783095
210144
672885
331856
637986
323432
143155
335079
242066
772803
843565
291673
144811
306616
688891
483624
913851
589715
423843
174575
997483
390488
410664
983649
671444
740252
91784
106678
37725
323077
335759
356381
929803
287543
515482
898964
47723
403676
623079
998551
549388
287222
116384
100625
638291
306639
592423
313534
377700
318813
106634
90659
507114
859520
914277
70046
860356
77095
312917
915672
569677
72147
820820
469206
829829
383540
577654
676399
406703
761791
879704
870763
338561
41119
367323
655767
133245
954891
822118
170468
31921
81528
717888
420139
938663
185462
704982
485832
17863
882536
862068
843810
936282
860892
159823
706648
634345
875787
555262
949961
788227
873006
936905
346176
254878
478202
916762
190523
983893
547258
88913
511126
164880
994824
884083
144025
286338
829800
102658
787675
304907
414273
813543
388048
41661
677689
857996
877878
816891
578796
930630
767961
712829
662728
18544
411838
577905
737480
21523
534834
485564
592138
993729
621871
755486
21583
956609
999719
125556
683791
267428
175728
306390
564087
280758
744672
969792
248656
80533
757263
676909
300299
944963
301121
86369
519769
132958
705626
343817
378033
991446
302542
237434
192417
405248
928800
90604
744010
826018
245567
658689
118909
386830
484188
842123
29061
452960
670504
4295
434339
772175
896251
986226
6540
63786
517317
435018
755206
649216
233835
191622
396441
35522
583713
430424
406864
163259
782517
235887
179212
643932
941174
266518
895748
894965
668991
668730
157660
975075
377160
246424
778934
511029
230623
327559
971446
887895
158303
639445
799984
142593
332379
55588
529036
631922
671983
142429
583744
873545
195387
884109
914130
569795
340142
240924
609783
807385
980148
540283
448887
212924
254184
46381
127789
404584
695969
805738
164794
950722
580835
862970
254296
539723
211101
581758
88410
567246
266934
830264
65740
546272
563512
230694
696494
331986
535
92357
19600
47650
838454
466631
874438
7493
335614
207561
566802
282040
293032
519786
491413
820616
948293
667252
213972
464832
419732
524380
532955
242356
73724
101159
868624
594473
462965
113561
641573
443364
573447
136533
124711
994958
20587
30806
333492
121600
574478
499848
815817
27825
495987
580292
353977
504567
263463
61562
497328
846862
136090
108618
209007
708975
165455
708566
728293
717399
527915
760054
317282
813180
783342
660849
813304
784766
140214
735614
125439
777233
483505
518235
715380
381126
693891
476501
309816
19201
521999
118764
483830
446713
249888
523186
817945
889980
100009
121218
244474
96857
317121
997635
792786
322128
198435
144820
569856
552877
500950
728452
991876
329478
18638
491551
885029
579377
540078
36110
414795
946239
434640
563189
595159
938633
319345
660981
821021
950882
739260
986482
669887
990700
143089
647791
4775
870470
477682
599956
180384
338147
486762
185810
936273
954934
17114
277981
506584
130697
802818
721855
270317
287976
491023
853022
816076
922568
1181
845901
223706
925720
76526
190979
683178
34806
462687
607824
711005
348336
610818
882803
768309
873021
920281
677063
597122
227601
613555
636303
559363
209337
271858
457502
675753
351138
343534
75881
316277
515360
531670
441929
313107
383161
917784
469186
356985
508833
415000
131217
181664
55885
62632
867994
563563
459053
905913
124512
896585
810759
450279
951735
385364
4614
718758
499127
826546
14026
270369
877163
728153
976003
809029
540533
652538
328394
151584
304495
843131
566024
207362
479231
774750
113534
56611
699358
663988
543406
936368
836258
279695
990691
723797
687796
667952
374494
13405
702982
875073
596071
233276
696679
394380
595348
779139
843767
578573
882379
683146
790211
709541
469632
254300
524047
67627
230055
921694
622203
232795
457894
378189
298057
129764
723815
777882
286691
652852
12440
889670
443447
871172
251173
518814
367056
483818
144928
107620
621136
312074
462730
712846
950860
758509
420417
18151
707652
863402
924869
867924
647421
420672
566888
633330
806589
925766
776722
363034
578978
660473
789422
888326
817248
635445
876597
871765
341887
284181
439498
376971
599423
349885
420187
932617
475979
731400
826245
878230
328350
675907
735733
561867
812391
342813
364129
785044
774910
238122
14925
360835
364913
825236
320554
504976
658941
853278
542681
105713
480920
412246
755789
946770
373227
589847
575694
412466
862237
281720
947929
79386
435339
469973
532196
130170
211347
330360
522752
123489
192528
659939
452440
27224
133856
43708
558870
346204
948192
104341
121637
340087
379513
76439
962769
252090
441556
33740
701834
362265
959337
330374
720455
136995
709685
479470
124422
247068
875658
998636
543858
169656
570752
816112
811166
436471
318921
818588
865326
944600
922914
173902
303574
317883
856806
927821
298873
769430
258685
600783
237939
38099
777201
466852
787250
529541
545
94723
682431
962310
753038
131631
295131
923566
523282
651398
94788
532466
439345
825446
34071
22038
668488
831164
795919
83152
706274
260459
100011
977147
164906
760149
820590
881012
159354
573128
867648
148565
911570
244424
551090
742476
621924
464629
511071
430359
873931
662873
40046
479198
34396
774672
985331
729964
349908
7669
885388
41267
765668
533514
191612
912095
283729
488735
931792
475720
276005
192340
141990
436428
360496
743876
809666
854863
413424
295266
465990
318191
875454
951311
762830
825869
216167
914542
116878
401418
703467
31681
519259
53742
591610
345134
27553
855032
693097
789051
531487
246127
372178
811085
868051
343664
349336
717116
408277
16790
524168
290319
277632
251396
657115
355225
974858
916049
142831
569525
688209
179670
428484
990430
456060
569887
87716
496307
563454
779377
819721
303042
634522
63518
139357
592620
206547
565304
324569
868405
954694
976388
352900
629095
337103
112918
449105
247464
911683
636240
158494
711130
391273
345090
594691
870685
667058
216282
640214
595866
527310
922678
708635
936092
695211
895642
28231
329752
872317
195247
297357
964352
128702
492178
415622
683060
153791
36221
101311
724706
961444
618074
274628
334474
617909
807832
361325
353688
243189
836489
787038
490367
625892
986480
781002
652769
227270
216460
160200
408331
70452
528017
848562
258528
335965
572628
858921
401105
234745
415350
167856
434137
505594
272105
623097
817672
89140
559336
824115
868943
697569
558860
585249
21227
252222
504910
810694
988908
904722
339162
56636
702561
793486
842188
268517
453602
616528
916873
819832
271930
376834
680061
798589
960110
221343
134636
814484
913006
431062
426231
837358
748248
531655
49134
669599
634019
60842
484748
523852
559790
233999
850771
749951
194341
379903
151941
380569
293645
143874
906428
953262
681082
293542
312845
277850
338669
58721
159390
100893
916512
700207
18894
614083
298718
833814
159807
330752
653720
56343
499447
756032
873352
207987
140236
724268
108048
390037
175253
180375
160511
590200
466465
204679
756104
97444
79119
103239
329628
753757
903880
223223
623779
496982
158788
752779
946649
324419
68982
468780
499396
808972
312342
268860
44429
386909
112393
149879
835202
455002
844590
489973
778279
470768
724103
435723
932405
231815
737090
159825
330608
451859
236131
856895
940712
213578
59921
445260
463664
289722
347082
480485
646413
35619
792948
644343
225345
616143
568581
649391
613771
106429
135240
458643
820692
967788
107329
150713
193510
775281
725363
269189
266211
156764
543825
135470
629852
950133
909505
916041
349246
594454
284625
651072
184732
829299
471191
375252
29178
748010
276628
497057
897237
195447
985700
299197
384077
446592
382718
586952
490167
435127
949242
789619
221171
107463
219579
352333
182868
215800
254452
394778
301940
92381
240132
684549
363579
352903
22160
845155
286369
943557
898793
553333
420049
963655
400666
405076
487549
635601
451693
421214
48934
85793
252952
231358
298598
226436
76115
303835
376276
865802
623328
447957
772113
508334
254250
309787
874022
932039
805380
332681
465188
721968
655774
375018
195026
34118
813425
326998
449258
62658
544346
489391
467493
155581
719194
261625
402443
638555
945683
466409
457236
788351
739666
446433
812064
432108
820473
496731
221603
450198
301466
235682
650263
331003
762985
143545
54859
112728
319411
940826
925172
135922
361650
567292
783554
605120
478124
704419
573484
10697
658051
274816
71322
713314
858789
295718
467957
308594
692671
174561
552192
614862
822719
56480
549411
402530
353388
551212
275596
790426
699926
842621
460356
494171
431792
59378
72949
364290
338289
107699
948655
133410
845436
43903
586804
848045
530106
923364
946160
611491
995738
466182
781563
563868
735229
90949
785844
223609
503670
835174
821093
204382
5474
543004
825328
728785
916934
29435
776222
381349
451667
869404
740395
343118
978457
918039
371050
843578
377860
516683
501425
440597
710098
555428
657946
1434
429054
675235
352262
187581
757380
525587
265243
81878
315251
215566
764228
565848
904090
60864
835251
528747
648286
996243
668676
743657
902509
251900
230722
981106
471713
137474
994190
950054
505453
667035
641822
9363
88924
411545
745851
867107
103324
572402
288323
755052
508048
696670
829479
559718
50550
850332
252414
536217
275010
589863
299894
116903
719206
3864
249061
874867
738099
100503
95421
37485
118617
403583
870366
494460
204042
156942
59398
598086
804093
642309
79843
256095
43855
789218
999881
210123
543171
601592
627378
101418
386600
363316
686367
873822
355710
685556
191464
786602
77412
274734
986754
990745
776514
243601
200118
414639
714729
915504
455525
716259
484249
533595
386019
192376
979781
919909
875904
243604
859239
535184
852834
934911
198701
17175
17613
747665
614872
521605
224375
402950
34589
425355
967868
72910
167942
623490
511185
394408
564180
874549
108385
709799
919252
214130
557171
309342
869798
125838
579716
555384
781161
179620
488325
911069
592877
602004
902702
424276
500967
101869
816920
502973
90053
348751
929428
604935
336776
807
864148
949009
258450
558910
823390
952807
698777
855106
362964
251612
869687
2799
400142
521856
845853
960986
359459
993918
505960
978970
79175
194261
605516
521491
344526
242225
444076
242336
443215
313253
998732
538013
882275
236423
407326
909390
868109
840105
332920
497327
74164
21359
835623
451864
174027
249501
345485
160465
994416
384581
705760
286260
147789
445048
416259
25361
816298
194247
616302
518806
586040
119081
755545
713487
470967
992929
324044
576897
274450
646675
676696
869094
884170
621287
179280
80583
92422
516426
515801
511001
763728
883567
640112
818756
65597
715674
606124
244431
555883
323793
53800
441754
505832
588524
159040
132900
824696
571462
530899
378650
88046
712097
395333
710717
647935
579159
877480
674966
414073
811705
449946
723635
412085
852047
968780
216702
61737
281037
378461
519867
659802
283285
786596
709725
465710
619171
21645
40006
134367
212122
575706
183514
602572
584040
313727
520682
851608
308441
282675
380567
85812
61979
333641
621716
486732
646849
558071
748487
930340
78083
626391
928093
516130
841912
678309
135824
355243
495749
71548
250253
521445
815532
740194
850396
625122
45802
830213
456381
584880
161960
280318
915969
707366
465472
792178
286440
17882
239113
120718
193800
305687
69708
461388
792070
178493
223697
431845
13824
55030
437714
824083
25933
333073
79185
913948
235964
108037
485714
629497
510754
363248
450187
715310
66143
920268
841630
524870
678108
712419
667092
752172
999692
782718
747158
796339
366978
434869
676119
618735
662124
494181
416290
63232
164784
631360
104059
778927
959137
614271
681333
543664
860062
336818
234832
35527
316615
339191
149452
660936
786461
283785
344910
772470
106677
309488
607406
869133
544089
852054
205659
167004
698300
718010
738441
887255
69566
172611
256120
201252
200736
307399
618998
448755
599872
238768
65779
334790
614063
974354
444734
417841
689801
346983
620454
252361
192057
995543
654713
181220
301930
854136
86356
560165
610509
167258
672844
177550
960541
49113
218332
52103
42401
235895
583886
568654
175030
320252
305916
64329
568936
718920
518256
893129
777205
622501
857690
526811
264464
175327
216934
602239
797303
245559
286530
95472
434573
404401
421646
667393
583637
364960
785933
555202
20912
36483
653541
548574
890535
742864
921114
838185
764479
154202
712692
925551
317974
12886
155928
825487
372949
500798
632330
855848
632951
406485
667587
951279
100729
733064
457387
997603
144861
604080
943092
525783
496858
906037
959827
132846
537635
777100
309659
244838
805586
508768
25739
401905
733391
804611
750923
769253
770955
155848
689962
179128
533921
190354
353612
770945
2838
699568
963631
653554
507373
189960
881468
248958
453382
289812
273138
796517
706144
884669
472642
19229
109887
688850
97914
763614
660009
671269
251673
398987
60682
969218
521857
187832
236279
190221
409290
905372
267279
751927
399794
581588
991358
89500
861299
168337
841627
273085
111661
244960
376113
754197
886723
506196
755547
510938
335554
290322
947849
922449
996603
595641
477983
804878
220273
520940
652924
795975
733614
85565
688984
830228
308528
911799
346822
772870
392776
336089
622945
147364
686153
66019
575863
819756
584600
752290
900006
789761
609426
386205
68469
863269
387630
775487
392647
411283
974678
78011
347864
810707
287708
921579
246313
609112
506089
969878
568994
129236
827866
119124
462681
772663
496895
524440
897947
546942
868074
112031
505833
374683
188877
615298
579291
771370
606894
218047
806817
341836
852790
713697
435749
82082
845545
503695
30732
743464
713649
528687
111900
186731
766227
322613
546616
311016
415491
842444
49926
922947
788946
931359
298801
500961
773765
890820
712394
329826
487106
11461
895689
822974
908964
678413
253234
465645
161324
245971
82568
111579
603463
679401
633594
4243
114335
425059
390432
193402
292988
144830
845508
723107
125813
523727
944513
299618
77599
197791
136380
612607
331088
359360
393286
563983
688478
151034
636988
884313
334945
403021
799340
416850
607855
190803
64095
223687
75966
244466
584681
321180
123751
940246
988704
235159
336166
227280
402088
899975
192638
514251
160106
675282
525946
268902
607651
764826
80013
110643
823384
194139
521292
628456
896965
449041
80845
883002
905248
490094
918705
55060
436192
303717
867340
775437
582071
895643
285339
93361
228299
513059
836294
72320
478089
232964
647358
341156
81700
473851
203527
657527
369188
37911
760338
88466
871538
378169
601640
649375
756759
512883
302783
920701
209053
179579
531311
889737
161298
93259
831102
278223
853354
985753
99159
507341
264644
552814
305370
570848
777029
123302
192013
605070
467809
724803
311087
215791
578936
473517
366381
84536
694346
785518
402469
371377
445750
184201
111875
37422
259231
665622
4311
811520
813824
362146
640878
871821
868472
591932
267075
698389
152390
411372
20998
891637
937828
661572
369295
731974
720956
723662
558495
257058
799563
413412
578958
970886
956049
652639
275479
930835
210290
762791
543420
463599
120749
759466
750103
808968
147190
585576
87167
427705
742065
562602
226195
752709
156109
370834
98278
707648
845947
191694
329479
820300
731879
385835
929921
882145
191414
437881
625446
570328
70581
237938
548124
51955
312499
994364
139227
814203
639945
683795
395899
746698
983976
945332
546580
918304
241384
878601
405309
6065
468901
39231
802331
852281
638640
233348
346297
993680
787359
470539
352420
706372
245102
767787
26662
657345
583312
37351
440541
897517
67926
409353
857015
696571
147879
171660
820401
245641
892999
40919
813756
406764
938783
986962
774238
732818
446517
297966
242355
308987
533413
348652
77463
320674
714561
785179
755225
942280
871250
220270
238094
329881
344637
285177
10049
554109
332801
771208
190408
559358
713053
818012
737266
123217
8846
56003
488540
198390
750419
254499
594049
967641
63234
217651
834820
71552
679141
131326
525527
392448
455747
873481
121798
764309
115734
530080
312549
657511
89501
254506
95418
899311
291808
772695
80904
582579
505090
537077
671225
993069
439292
656738
83879
411082
545212
434524
507270
251662
240857
31092
594034
417556
250545
89506
981841
472051
309537
267185
795173
59709
809184
565787
219377
71841
273208
139695
123588
969072
109410
771630
438438
51900
292094
686390
751582
83164
280812
172822
309278
214861
675466
170368
543053
553267
890250
967900
321135
89149
153902
207481
88434
488294
612003
468766
971479
970007
224696
899967
344506
140713
626937
602379
328064
771401
803308
7266
956573
297461
403623
737572
117567
754978
501388
919333
259611
543168
751075
791036
834770
117205
487250
383419
624895
67654
748411
614713
584544
918069
806258
527626
273822
593155
122393
896208
107450
473398
736795
36715
253334
418806
448065
749643
404254
965106
662644
14887
62481
43616
510800
516422
420400
229409
409376
305851
247937
734018
250300
596654
850240
274911
698684
362580
537954
177048
462848
298249
542057
950867
118270
490438
584206
395664
358637
688863
273109
706826
639395
21430
854820
546430
215419
335940
127981
716285
228972
870590
168954
413186
805945
60522
819554
537726
38889
158113
976863
16645
699145
684768
820105
920135
232354
894004
946850
150287
799940
79635
984964
195111
968181
149544
788905
877921
578252
368454
299123
480157
972489
372088
899670
490087
582542
643639
72419
997309
198590
444149
437041
956717
256689
930838
888234
869085
224401
951358
403375
569573
460692
579141
499369
483414
522710
209543
1197
542686
695058
260889
633419
127555
452157
339094
873204
797965
339391
921495
123077
179265
203598
312064
489140
812103
237545
361143
724630
601645
861295
141040
242186
892036
994201
361956
407878
530152
450138
560800
403772
11358
589010
669882
300392
230294
788137
491870
889209
986959
787790
426502
385497
542617
567564
432648
105179
663414
433798
200841
650176
570522
935503
951759
503526
51986
612456
398837
53710
236353
792087
135159
404872
611396
309728
280621
729597
922807
124195
837397
180313
187601
365713
116371
573227
466956
800271
315034
722078
803355
607183
839837
77321
231367
274463
265591
447922
6101
720955
315510
917700
721567
760336
910023
714038
963921
151415
95487
785228
269117
267263
986952
121271
368924
219043
640614
953816
314402
539482
284901
446179
456508
817934
561441
21342
990441
945188
261042
272775
269298
414514
887573
124999
704495
244651
938583
387960
645275
719202
145785
488781
441759
521466
641958
428482
742168
955783
307335
854178
270189
712304
817704
610046
687112
721536
338378
373154
758409
669943
41749
896758
591605
698073
35620
970455
35242
970763
920554
809053
419417
378529
326885
597435
460452
294848
749271
946924
142698
593113
947295
602828
501488
137491
741300
441091
362029
839943
127743
544988
548338
195301
119122
388404
914824
787021
438007
286070
402873
621826
364761
62121
614426
281557
183929
248042
949488
81892
709634
773749
238959
577659
108184
210503
840563
822018
914845
707172
258714
277719
194720
137717
80567
930
678665
432072
202773
777031
134332
991356
337997
875286
442432
944626
732077
822856
112096
966851
873540
69373
999268
44733
713819
368936
248974
650
341955
191543
513840
266135
488774
152999
753219
52405
432636
510968
654963
497228
167617
681605
536130
176451
853672
290731
943446
286772
299135
953595
951054
258467
319125
846292
595543
650863
369306
725594
811102
196948
682851
288917
895263
553563
358794
744296
708444
459999
418803
390251
444650
75836
976553
327909
232981
342118
250799
533060
272578
835505
335574
368967
432917
773410
609681
43143
807233
387370
787714
343044
915981
256157
814517
635088
225880
45074
279815
302484
791311
49079
186943
281417
786328
338235
371712
480404
622082
884427
180996
762757
268020
962508
182663
560304
860578
180952
693633
558162
523834
272518
998488
603355
342363
641946
643672
750329
289543
662345
999990
418287
847350
293289
479346
731917
198279
664183
122773
545554
65938
430980
468890
642074
415017
362181
823700
163070
39719
381771
559145
107237
149014
273454
618606
50546
741025
620978
871244
701222
975251
750223
842971
290488
973198
869295
951768
239864
424799
900057
757164
756536
3802
435884
390436
738301
459377
441628
30076
844792
176531
890083
266446
573418
27135
564286
607185
425367
189187
85300
866098
268762
143215
562167
835789
4690
848283
260835
56072
698874
586322
377699
856716
291031
778842
718323
608033
954698
655073
201664
209189
481925
53510
340715
268713
512602
696576
905068
127400
641583
398447
824339
764261
787662
39421
117098
549792
171865
990705
815476
953947
627344
129694
425552
359993
311856
662498
4752
847962
890231
358582
260571
737956
83083
232748
166887
538140
830764
876523
882381
354580
268788
362734
680344
192198
697766
465571
526127
161137
982366
268429
184011
834466
929039
700638
13188
662007
678287
911653
338117
576336
694982
443763
837257
301666
380392
19826
608916
291219
420330
913348
651859
932880
825652
566246
621330
145277
163365
436398
931348
403336
748413
94707
188306
690135
680300
486995
108191
828212
761199
637348
454742
788413
406267
319989
24768
567221
610386
730064
742182
151265
559135
814070
746726
934149
228918
447832
220323
430508
681560
55215
642460
469717
994581
273656
57307
31930
658700
139792
337278
806542
694375
109857
284964
838924
515332
755616
99925
99307
765892
330304
757393
529593
241940
165229
981229
84571
912940
883411
703063
506784
652103
353106
797618
885294
343174
579022
622375
456415
700199
403747
467063
213210
257225
363370
856969
170823
230721
582374
172871
589944
743887
46933
464559
341988
475433
741209
427648
622112
683286
56841
680639
288051
774432
558332
156636
284130
455823
462221
449884
367019
186344
834006
294299
886458
343092
270039
793036
805849
290653
787749
89663
548330
984252
714465
866450
824678
500357
33475
333774
839501
614447
264426
125784
269299
696033
506942
591547
527954
324499
873145
650668
214795
435556
256638
809991
416614
594122
215666
353722
953614
446974
618533
808074
198105
970888
21702
794020
458603
889738
850696
677211
382995
819438
250909
309306
772829
851374
8944
418393
719880
103472
882189
291275
495129
815989
237529
968892
783508
628053
524796
338689
936141
937441
135328
334210
728498
218663
567816
528274
798129
495443
267466
781663
367367
699890
459883
239237
608551
152018
326549
208253
931779
863622
308919
666610
537401
755270
888633
893940
899613
350706
368731
69509
754847
76791
658601
116113
793753
415114
814173
581563
876984
504465
326611
747204
546402
31135
724515
670797
766564
541655
727593
969524
367249
976796
756510
587603
924764
364699
904629
672815
183785
445727
115239
579916
966328
44363
434865
75414
268918
689644
226449
53481
481987
16498
524382
939788
880858
917123
751302
108873
516495
266294
816591
477204
448217
702876
169810
749507
413582
407469
692091
684435
73241
267461
428514
596211
316397
130733
755945
639975
934770
890876
446836
430464
251594
13721
703752
409196
33982
932894
90687
977385
123402
582104
865189
98005
785345
965875
14754
992926
41298
295398
362661
908905
249221
591226
165261
276163
460787
461960
585776
694606
826414
741817
382721
545595
951143
894758
822622
351409
865806
706126
170054
1879
918043
204403
507432
338750
426091
823825
826134
704430
345858
698556
864217
432587
550063
220245
95838
731044
527336
913293
235033
204965
378917
107322
518374
953465
163060
750672
594876
46665
488123
154410
825765
479243
888144
654980
492288
435684
862257
225312
962706
154482
409716
706217
186630
972136
904519
530719
891101
192576
565767
888964
376973
682222
821759
352284
821527
302322
12367
389962
276037
257997
360376
132375
312322
85383
260946
752597
369551
305756
411409
958908
755765
271127
877525
936033
34801
35934
204556
164603
862415
455308
180484
434465
334713
524684
230546
380059
255586
867486
128085
702463
531125
682904
454253
954364
987969
307620
107740
546659
780280
702413
403430
327527
511833
832635
335933
156765
196152
628502
449723
917533
960522
261150
133720
78537
587556
906112
858805
850237
436891
855821
827221
823061
265674
106013
953707
992533
690353
175167
128781
884281
196410
603739
484360
138714
427224
733991
505166
332282
568712
160322
555787
768684
849337
996784
134230
160291
822536
912371
3330
805973
199396
347714
920211
283275
567441
909161
231565
809288
852744
229692
166184
165139
527483
534969
90785
550435
544501
319594
724903
761184
481555
991426
258223
969505
85774
272415
42234
298526
362624
248733
622623
924103
692989
925906
528995
538009
728392
642536
764911
731697
510565
441118
910970
921843
820599
4822
584006
819349
351897
314339
851676
933731
286425
860836
304330
843703
388547
634247
335867
671175
792136
347375
686385
454475
883056
872865
503441
179337
27447
524843
301290
74274
536007
167604
284163
413128
904862
243106
776081
115715
203190
820083
460659
146782
766586
687843
41842
318953
126648
879879
480140
574072
931859
617511
699408
578549
191610
419007
886596
931481
382399
738587
444153
874773
364812
449841
14687
92644
12314
484860
104810
460022
371506
787342
494770
902502
224122
784040
446540
239005
614045
317569
382191
360470
87318
75125
45207
776414
617454
642383
858497
670768
583165
924382
793836
868853
207731
106515
235537
579410
69146
627287
14447
167242
111485
73989
383888
549159
386823
337752
867821
569540
540752
91250
893450
3301
768883
916718
809499
430367
606239
207655
288296
659474
349112
659854
915065
297671
829330
467740
588126
353587
477644
644388
855768
370457
617095
364289
718632
635595
131842
319279
891185
178576
153811
794934
332748
44961
481668
606209
370536
124750
565256
973005
163036
394622
154713
118205
114059
679571
101295
179722
425523
497580
617822
863575
743556
199693
861986
278069
635895
85454
896215
597598
272165
477663
115967
198161
5039
563324
418965
198075
872991
539167
787065
138112
198692
234070
935806
61728
861562
660094
439070
687812
462888
515233
435917
964459
900451
703338
10026
873580
821840
715457
513938
912743
198663
81487
931955
838319
779118
384775
696438
286327
411758
664647
330281
356162
841940
985834
224992
927636
220060
627975
274956
63273
68746
335639
111131
645234
362782
986624
170298
224621
572389
138432
563194
514848
972850
896528
62961
863120
790016
353142
150757
954033
652006
609328
789875
602373
250921
876740
368200
68782
850634
36433
889674
150670
318010
617664
483367
591591
864660
399453
67906
900349
128921
399287
814251
249494
740158
942875
564293
253692
417157
191376
849886
971964
806931
812017
739747
113895
366445
246618
168408
240359
1656
479009
46805
778326
877330
658638
526852
763491
181170
599011
517234
45658
678159
908327
147954
114173
66438
379025
845870
83835
172886
379249
857667
443798
613364
948036
956
323322
543693
594919
519376
5782
592920
749923
365560
159041
85590
864789
509619
832897
212820
699828
499181
744617
398681
409297
486045
268663
905328
529177
555196
575781
735897
550465
295806
266299
684363
471366
82295
89418
658256
528215
884344
354646
271788
929163
429397
581170
313647
997269
320832
713462
70890
570821
874644
973406
718526
317368
39854
160834
21200
266398
225974
366126
839000
267430
443900
641373
822745
17224
981052
728919
385003
86574
264196
67492
249460
109248
225133
351723
685493
370827
795524
240300
747200
129421
148621
254295
383240
874847
57565
156551
437201
391295
782950
574558
243270
930041
387216
23805
643881
125362
879810
52000
746020
665169
150207
366997
5887
527115
796781
696535
484331
988553
868018
1355
484667
624567
54775
336150
435954
832043
846670
861721
931895
11248
188720
512138
487461
15087
85151
544240
252095
182969
379882
849531
921089
844275
736591
399997
768465
465375
946746
600137
647060
252419
660524
556519
51165
453368
179639
613744
837441
391952
341068
256710
126181
970617
586054
331706
429965
244297
125023
672410
242234
867140
35977
253718
651313
657007
644272
775032
306068
795702
787757
731479
993490
811117
321923
858160
912442
446265
931203
708679
880387
895761
333284
47782
832456
654480
262014
972957
737806
553005
449462
172466
499953
306757
399994
15108
522012
771508
626826
31182
364883
805179
518295
42018
308396
622989
330311
551110
299038
930998
13782
805992
616425
442134
367166
842261
671332
610071
895934
409359
211010
905121
52023
573838
208541
630494
885451
87644
992925
565525
111369
640752
197282
457873
966379
425888
637066
505760
366569
623091
369183
985655
229239
168020
986528
103155
294370
696227
406314
840058
883139
792422
892867
117440
20381
229187
946085
589657
75827
280224
276540
255131
962576
111956
821031
977920
576075
37101
980318
219383
225277
504561
38158
895033
363121
212139
998694
552247
989910
316300
156285
651096
772069
102134
228152
694115
251437
702837
422594
569638
850352
365732
195862
450233
900743
577534
778677
533684
431525
395779
515072
155040
470335
824575
179723
819198
107131
509725
720213
707997
102002
3906
216744
525340
83624
698268
543844
180366
758385
892955
906872
227586
506864
517391
25197
256366
909627
690463
135836
568632
364122
39971
485568
851680
228783
597087
265062
371724
939055
522781
711873
237646
920038
282330
385564
535929
408604
773348
513883
540477
505079
747501
17162
179909
910938
146737
176253
501440
13137
369545
71623
718305
31658
812416
519269
717824
54317
19462
347338
147742
702905
262334
401096
313349
875708
307288
473614
690702
944102
114438
328573
498027
285770
837948
643910
409099
70537
598889
215283
321184
97790
662797
344221
246763
812550
549156
242711
538875
144944
369772
407083
836804
130449
619413
429820
399640
609333
502981
800010
562500
452208
923780
538066
417611
951640
763830
855224
415204
740022
603935
820095
500157
306547
910524
267791
16985
218912
722279
729510
55163
836179
197886
920524
675285
340815
86950
477398
748882
246356
464388
846218
158184
978216
226377
781419
329631
252399
54692
11887
729634
6289
659021
571654
301103
960559
510108
672040
462957
303599
679659
712049
687098
699913
516129
187254
374836
410569
563520
121738
170128
617382
91275
518684
417395
734354
18237
561929
746095
544667
574656
334910
553839
557563
373147
425086
978025
235704
533453
19951
875697
316174
140405
707464
148482
322971
391586
407543
102229
189852
750267
884052
811187
110037
371442
444377
134618
401725
627903
908495
70790
316597
729047
33781
726734
865819
935209
968833
609365
138244
423272
557921
788321
83848
335068
116889
274806
373678
644183
502815
70376
250510
343796
199496
94962
848704
501461
558836
971188
469246
143311
120506
334873
652259
404020
911761
827474
681495
91288
181128
512930
421319
918980
205790
180522
543361
623176
94234
593333
335130
559800
372768
251948
795214
731375
933078
551725
291095
463963
343539
857836
989322
266602
161194
553067
691906
320978
629901
44483
538651
911830
113901
791283
359246
765480
908253
808687
95251
995730
936405
752174
910460
363123
411566
119092
52799
307799
248681
427196
516241
359857
618409
812417
243885
274295
855681
929513
155827
640602
833640
32591
174382
632929
475529
49515
42081
744439
749920
736980
672155
638718
356643
686060
109490
532629
315651
469620
53511
278383
125720
851835
895859
951408
35852
257957
492320
980093
247873
722635
748741
734444
402590
634751
492156
220635
968697
924077
158273
345308
64738
295005
785929
525966
616266
785812
906556
918855
177615
535066
529
573613
641765
622743
921508
627234
455063
327544
246753
489252
373469
5348
172723
706362
247462
670226
90607
668635
590991
68969
478545
445616
658056
464793
851672
845286
752781
24853
341449
690150
354902
235208
471996
249608
974518
897190
623372
253564
682509
808064
802071
482669
842737
637167
379816
809559
367875
899413
618601
533908
408739
34609
831875
522269
776643
486365
401265
411400
962848
578335
632946
197227
120352
676158
299895
748292
227828
765287
300766
34515
261656
865257
212370
842035
290425
906225
907147
377934
708593
429973
491340
906701
829373
570565
993640
918665
173742
338200
557587
895709
671796
669432
678118
364976
650796
233774
530272
445867
855979
229686
965387
642025
860558
482374
955157
957386
532895
240527
148327
705313
821978
430465
629983
717177
283829
612455
524752
901241
234088
116429
70946
143945
354176
636674
802557
586740
737774
956412
628058
383501
843559
104375
209212
448876
982059
271972
737320
808868
355643
550722
959333
791251
343149
652012
860433
132823
596726
313157
678429
91524
874802
845843
34925
244691
383370
342219
282395
653034
689543
575
164510
597255
906664
554826
179532
257919
20369
772997
143154
74254
82818
958841
830219
343294
697481
415880
808090
939214
546131
88516
872099
214379
170523
456485
177434
189439
856308
195703
393001
723682
2332
930365
451935
657668
466950
152153
391321
296545
114958
915987
518204
984162
823304
413513
373918
530900
541489
30452
540740
160189
74439
237138
830918
605280
705460
840629
750863
583462
101800
189313
145448
544442
935289
234229
158381
555286
620392
360388
168150
870122
69073
539335
943197
750618
999446
462601
209486
394621
356287
344423
937043
523632
383994
115078
564570
30193
783773
223918
754976
955270
794435
726402
991717
456141
588365
674843
492991
271969
972426
446657
539979
592550
845297
120389
397502
898226
333003
793278
638681
152856
280173
422046
652987
41554
797027
603056
783312
937610
851625
796080
677800
274373
793107
550214
93282
495405
451724
354849
760711
738745
621691
947565
175219
818683
924417
480109
84998
783391
696454
865112
665465
522933
829303
823235
475757
646514
85915
879031
557462
516713
775680
302490
32212
66696
192564
471628
661525
572754
47728
763555
285463
831259
606481
13276
858852
81180
380335
860424
654455
348470
338702
836500
419705
749638
693294
825011
954788
682657
433533
449417
241324
175469
7159
512556
597147
790752
150943
775821
539460
989011
230850
469727
736489
412926
248959
553180
594120
88622
273889
840448
326172
248029
851615
980097
237380
477776
345276
352408
801829
184527
993138
925778
975614
17235
507880
932121
585175
665673
837047
319293
206496
730318
67904
533973
566134
2438
454908
306859
44292
321116
217201
634886
574534
69270
90496
608532
585513
887571
668507
251060
945487
725412
414165
18014
894382
817093
706642
357808
49944
67447
811933
47701
629333
294715
351448
632916
360236
318892
846158
412659
460097
238970
120837
963544
330239
185775
6231
79160
526527
860383
498867
493354
887041
88088
979343
708257
502468
30177
462933
313779
694176
635893
393680
418117
757883
197944
344816
955620
33539
552122
446802
210511
406560
987343
83766
940781
539665
627990
464595
310184
463947
858953
818075
617400
252032
881433
43769
144165
857306
898367
273549
664281
713347
903712
830037
921761
75937
430812
824679
150976
195103
951284
796890
144432
833639
589269
791365
853174
742380
617605
965855
357408
546403
523077
97310
652049
920816
48539
399355
966079
760928
192778
608886
925643
294395
780583
352577
338649
798579
597653
38438
364479
570864
480061
192846
94760
589996
779906
579225
646592
314621
717483
301064
132749
980615
291535
494409
227435
262938
951254
329453
837643
608401
133792
165616
538403
304951
221392
849527
697564
363474
338467
392867
30404
501733
442968
236868
547803
327443
789864
632090
292567
144967
736151
39117
127255
333731
88985
663418
696728
188324
40897
901187
152014
392351
626362
69636
272798
16172
980702
108838
607588
485692
812083
643953
217724
892306
761333
307101
666450
639238
825842
490593
60365
282213
604549
587432
850330
121782
62189
132965
875408
904984
80777
925181
712133
71175
921714
111267
596525
917373
416117
295234
717481
481909
349419
867283
243188
868874
824375
360782
136485
213502
777500
933885
519073
856343
239545
629227
968417
871204
669281
925948
41308
185883
753878
462801
315369
41395
895027
464250
366843
204221
811568
691730
680417
240320
861920
195688
4462
791551
533127
608356
226389
780487
861832
435718
873455
41573
173609
416990
570912
947701
636315
920139
285413
825772
732560
369366
280484
34438
209220
162139
143021
711096
413481
672317
205108
198030
506733
581237
254699
45468
977980
324399
372401
459802
238976
749497
62424
661609
704758
990103
820817
287220
959534
350323
808054
254706
955935
300468
514567
781028
283809
580691
369418
257175
646606
701988
50850
309193
177907
902726
736073
881499
66573
30420
652722
433148
234892
409455
438983
350371
752611
113419
833751
680574
86328
22367
781363
409299
928088
775968
767984
679506
299800
761453
982710
882980
764486
414805
12029
557772
170064
784520
235124
343781
394765
884204
414109
348584
357323
983241
290438
382363
408312
945823
30424
148511
557504
40770
585461
465724
871986
827885
481028
494965
317115
561321
139040
107301
945560
751344
205908
525337
91240
924247
878981
226952
808029
964759
672751
515119
632908
188743
503885
355877
564510
47360
45240
356220
71016
20074
397467
772933
507977
994676
816845
586655
651366
461906
944839
966887
605114
333472
995757
36126
9352
848832
762211
686225
1153
936383
355762
278757
870580
553986
361543
716777
827516
969362
376267
629437
833187
921633
222288
866078
217121
238298
947151
337474
738083
39246
818469
735218
987718
134894
710944
651465
572739
541694
531137
8655
584317
492952
106224
651021
472292
937270
967280
644546
675440
750709
128388
825955
348630
944928
644910
764210
308696
194578
707577
248945
639837
151418
838947
513593
285179
777779
691064
252608
657363
19156
331635
6194
453
324446
434498
198591
117431
11327
248538
693573
762737
166260
812571
476677
383399
999922
553845
246248
831267
118517
599043
861084
618119
532616
199929
93731
481440
905311
471364
615645
987775
156565
410742
23964
87265
714253
313774
331039
894222
804328
538175
400505
110862
384829
692442
388839
175093
186973
891917
567024
90418
289143
28125
52438
291030
352994
654468
63553
180615
629418
424092
411237
784188
140096
244263
134015
9492
578297
193215
59604
907316
12482
778048
612220
153468
906290
371524
292589
297581
946457
494584
493836
698265
897646
6445
518543
289672
420579
655647
616756
738479
667268
130600
789550
69438
946169
325151
866169
861766
943400
197903
631108
634679
962435
978163
230606
146479
352291
438680
939452
526893
655497
173923
889361
566009
955752
652442
582968
531213
789095
235791
834026
657818
426398
504547
970509
240313
545069
820898
278265
240695
366531
275064
789669
226435
2689
404967
177047
392258
140476
280996
854452
199662
874081
959823
272757
152619
253774
201722
430504
962161
874373
479289
234158
315827
214415
534921
38706
474476
381879
101391
892615
464879
635096
396817
883532
720355
933240
58654
732606
476339
19407
860910
451908
185346
624566
49330
866090
938957
977086
272246
838918
8732
741981
101359
219365
128324
561447
547291
645181
508556
56834
913723
144270
142956
938931
198315
821457
95649
542694
324524
907486
248664
227613
900327
792304
671565
276718
861228
676232
521769
565833
58859
73116
606801
697595
306123
675247
306440
640781
942826
764604
703106
216777
819698
45580
938246
323612
613588
532071
996158
770007
618852
875175
454494
240336
514897
102632
411759
405925
649471
799195
850359
391776
559930
574087
8118
166586
979158
984033
266474
412806
36939
265795
449871
899623
32918
84564
233002
752626
56957
84010
705013
76272
319724
55926
281024
399253
567456
266573
945011
966682
441980
314003
344878
732666
578745
170950
639889
202299
192484
954391
227558
102718
574138
957597
576751
588875
878529
328663
557527
398553
121638
804386
722162
421203
79558
877406
207258
139707
658193
745775
72434
810903
529187
346335
307970
379247
181188
156643
631687
137593
531485
589272
906779
283288
163418
963292
934686
366149
286041
649338
948286
372235
635343
451965
191273
625708
582136
378149
96332
461217
976760
739512
972038
147391
922131
824175
989806
509254
449809
502077
812914
527104
336862
738394
356963
881280
39233
867098
399116
943209
591695
829002
388555
951313
793196
864175
733184
91514
474133
320779
175395
121370
428234
414557
717422
615487
98311
406881
881483
202874
218535
34786
546322
325226
143011
622260
354306
458344
888100
940291
388456
195901
257031
712874
615601
565904
790144
606769
104992
186025
758874
464486
531738
792161
544156
651926
794078
780265
954056
768808
988755
653463
943994
838656
551676
318154
585283
907847
153927
421691
644543
501093
275839
471778
139401
147843
411999
683261
243380
885716
79184
917273
167121
233477
91935
92956
816945
645742
768090
380950
35188
633433
304976
846737
632214
167463
967250
589415
456206
15847
574407
489609
917920
683752
899980
34012
44831
345775
229893
958717
447684
439493
702373
516450
745895
808854
489640
97679
942944
362533
979096
342412
546164
995085
964166
808940
723955
34558
593704
385610
371247
837386
264918
415456
757511
366028
436463
79045
426081
299701
720280
859269
731190
768500
504164
450334
335942
721345
78864
56917
153581
954311
437413
564403
513806
751212
228864
697120
925483
283118
752858
572311
233339
101809
946962
122370
897597
176736
970915
1012
813760
863530
924912
924181
441809
32187
540376
837096
142229
718519
771161
881560
60276
733283
689342
939243
665440
47779
687942
579334
477214
90515
500771
164495
234109
749899
830175
540051
613139
637647
236204
182491
660247
719190
139558
94929
984268
324773
475536
820614
566209
125485
812774
352
525044
219983
386642
179186
601839
739466
751578
763145
34648
240634
767647
611616
277792
488898
231532
246733
541177
389313
776140
440493
201446
155068
426456
852291
996755
794726
229787
69695
823486
103183
508927
827162
386610
634359
947010
90110
201095
465102
569145
962415
103163
354531
498506
917630
996495
683104
712476
404431
803855
490790
441646
93382
289519
156870
791171
403598
384209
515387
683142
941795
561148
5310
268424
666406
167915
381201
753302
302665
271096
405066
584419
545587
286313
764128
779580
41184
6060
247388
481425
318307
749688
787372
296356
324873
157889
735830
884301
522910
698519
452234
44455
524297
163932
935888
579419
248018
463776
566752
474247
422981
785115
844688
539978
390574
611590
599400
554542
674326
977105
910067
526433
961878
666988
790580
214127
463968
12608
899768
429407
534071
158539
82200
370003
901764
66297
285064
30636
774450
32835
425757
38346
704206
463959
360910
259598
943588
453066
39452
386816
102888
471982
584980
207026
619370
719811
569716
995331
299333
136247
170060
623619
714188
400357
671240
935358
99714
391589
110689
736653
677376
538486
354649
17288
777343
323959
222421
500099
701584
943698
410156
560933
348398
757381
482306
5243
240107
81235
848485
227429
481099
383210
363126
345847
905442
425210
586850
23678
86804
539604
670003
2225
155125
383261
187907
967862
457102
341870
473931
109005
210433
304729
397469
271300
785279
305888
551897
605321
660305
492457
661903
887742
590565
903080
827981
352624
341873
155049
889648
396171
817129
913034
545468
295273
366977
367023
210551
25199
803133
633053
689172
61491
670539
568069
23252
670543
215418
4802
232193
728916
770549
626037
635472
703708
132098
539058
951102
718808
231691
215598
66244
157939
35903
918704
500178
631112
623199
685461
442155
726837
309157
75438
76572
836807
72145
553412
576986
485460
812305
786107
355511
104616
449100
925825
912087
387019
921100
116471
689266
120516
177954
965993
738004
181445
328246
107947
515996
154746
744013
748981
10805
113691
32305
136602
940752
762740
237109
595747
616850
351894
437448
353579
193799
953802
103645
665755
476898
876400
917051
935759
256842
129947
904914
252750
643312
845768
835519
848243
181954
564834
946370
174065
877826
107266
276650
29667
455501
223492
564208
789681
59897
143751
708512
991899
629719
520704
368818
715429
72920
984379
267703
555488
608395
236336
841583
208272
165572
203966
822839
220415
535001
187719
406559
510621
595078
922791
770770
451504
623377
875087
634018
638854
425160
659788
226620
777988
506808
904922
888415
749201
530351
596459
802858
582217
170619
622000
534014
894293
716448
589895
759761
914997
513782
268882
926175
837405
138420
6017
308062
48339
297562
509411
581984
165426
403805
479208
731844
306008
467453
894067
228445
962330
87969
806823
818648
672524
887494
843444
379039
127099
114372
765085
412933
579507
764233
57790
922917
412607
404801
818444
882611
683491
759574
154676
956776
844153
488753
257393
435681
563867
659707
607753
904705
730477
26606
787965
311162
984960
367579
104142
630917
520965
843752
906468
311822
953232
69412
201279
305864
913757
551403
156259
595644
831346
37736
431275
865385
538224
988480
377213
52778
402068
307366
227953
436185
59740
619929
499761
334611
713101
814222
396913
789528
543089
749245
394458
185716
209869
323306
68845
488699
145590
518761
894798
812491
544749
54532
768367
951026
132275
144738
490924
421328
153257
550015
225929
181429
115531
574638
476973
856623
940603
977810
483441
345973
656723
357011
338536
59617
651374
213189
630844
562224
458400
91834
770038
962709
290053
231009
460636
158842
317559
924569
214068
415316
337561
997590
882407
533217
799120
78062
516673
784257
605138
347329
700501
781231
520470
61763
924605
436250
262827
336680
73343
516580
784933
744618
765004
866678
498610
332602
979298
61374
476042
969345
665937
698374
657093
710609
680154
937842
104518
211501
44082
661078
581909
659505
969063
520305
952587
363295
383450
675210
823590
110728
902954
791142
182588
796500
172786
354275
42509
909806
121896
358645
185009
919886
675558
603450
288048
528292
697925
525755
260976
690526
656869
885697
622601
165974
981386
836917
90779
646753
145927
808163
39067
352672
733067
806442
650282
876491
202610
155889
115730
550899
849519
278966
799000
989508
902175
599427
652750
612307
294582
516030
781080
94002
607013
600292
980131
169176
146027
561334
157411
818725
507731
198789
184934
21234
148320
532981
957087
6519
600452
900365
896264
339306
739146
595191
642966
519202
49816
25478
345393
671016
862816
795949
929683
834768
306072
390714
621752
791554
806590
2675
588466
506150
870141
966540
38680
796012
699560
340738
708766
824885
411606
432192
721569
565737
493465
197366
170183
319921
86224
155305
820143
540373
408753
90381
916682
655467
829722
262933
433757
629067
731084
81287
527724
231312
391329
774272
279275
132509
349982
420305
929187
822300
558477
138944
378605
908331
526577
514239
2083
203379
636717
430052
536208
447886
101021
370249
950593
669272
285174
545535
658168
717611
78518
373766
468432
548240
283715
309189
807646
976934
989427
29063
19615
1507
461260
393302
870225
265737
50276
478130
11743
603688
357415
746542
544692
559177
845367
286376
10673
217982
231598
224995
275449
999172
741439
909699
921065
879442
837178
183332
858853
431297
820334
798359
879758
112087
523112
381689
275855
207153
951514
627058
265431
300045
903895
560903
219873
98427
787613
394350
178620
675048
841739
297877
393735
743723
907418
580209
819704
150844
829724
140856
611875
514212
703206
325803
238876
625849
584363
582825
558685
420127
315664
195717
236803
961690
657403
853197
999099
185405
621958
255241
471243
441678
606441
307806
260896
629610
722998
679406
406848
251929
474688
542394
246856
301500
263207
391907
747518
916963
112201
157458
766395
582311
132628
378806
218276
916633
923793
368151
232993
996239
559606
653481
866748
161128
455130
239041
592564
387622
667085
954637
782037
101394
738308
265195
993481
816711
891392
939218
152010
411355
848752
124036
68521
647540
73987
142017
740843
491459
389791
929612
433101
18914
700074
179159
635561
376710
232517
128589
218993
315745
922072
993724
941271
193239
761736
58014
37455
898522
377282
663148
370468
180060
728103
118160
791867
88101
292799
152534
121977
418800
124986
879649
344276
439307
312969
601807
544493
322126
903881
8964
564222
517542
615083
878795
70426
591691
300790
784391
19795
276225
688690
729378
342643
571104
830352
639675
504049
775029
694896
849181
248905
914157
516333
720832
325910
448856
153079
374689
500133
317634
120341
30948
171491
437457
55195
289038
455341
450839
675348
19043
705351
808135
322443
779312
777078
865398
373413
377531
564182
442688
501722
243884
843895
618866
475890
91120
412361
350781
487773
457878
139113
700966
437943
103763
550878
176718
517582
846678
417452
424925
787393
854149
765515
340547
165287
34335
758027
484031
14005
998689
729812
723286
231199
189751
304652
180931
369328
695621
789715
195808
214252
717367
837482
303682
383053
842679
24383
96574
59289
311992
77583
923484
658799
112085
687824
2248
196578
822691
260389
252760
420255
557814
215792
227249
648280
826922
283662
802287
216207
886459
112662
56616
960743
75231
808930
300228
291584
841268
468658
57620
806474
186846
886394
535595
84498
682382
905141
925215
584770
36054
647705
587781
693096
34004
610003
111283
71274
993155
887629
105560
832088
599004
583503
358133
664410
613610
566785
98428
838984
744809
374606
541187
230616
122394
889394
243545
170485
284896
815916
558313
746976
915873
484201
460441
671966
143068
486275
858303
257492
840498
455538
357594
697034
528300
379147
857348
917716
197867
603400
582719
579871
657404
533686
53834
134599
512487
734388
623294
56567
156630
694791
259163
594592
104036
936399
456512
341033
91748
446088
396486
440771
336843
521708
233210
371418
207803
288502
788214
907815
165421
561090
649819
487906
865785
928464
12973
604037
126888
573771
377292
218696
217431
602633
204393
476823
804460
926804
167002
215885
670785
409871
199515
373675
199898
270183
251628
243062
732774
900486
444579
653474
646444
30886
163653
336793
63972
575648
568308
575386
125106
489506
947445
558974
494656
726847
932445
52470
596833
70744
359601
388057
315802
773946
735933
210263
789011
176061
573992
387829
905217
234698
737605
714579
966258
856130
687404
224744
435758
495303
239998
258387
661906
657219
408817
370355
879700
56532
228057
625825
876903
693617
542200
441519
950819
578738
747152
729720
527355
824955
540542
112664
205953
393498
356156
984982
269705
483939
154387
373472
7893
819302
901471
925130
471735
566194
693695
899823
633595
835486
171742
170354
634833
503735
469810
466707
75205
637089
71002
78344
368234
468866
181909
402288
838349
984661
425324
991970
795291
256574
58469
453191
326676
554238
113424
430339
24533
674394
157651
974894
48195
265892
37073
349616
57225
698772
208225
405323
103750
752150
584144
833804
820475
793132
856924
361688
894032
12364
127161
767284
691657
510538
530364
527481
680845
966249
608968
427971
290469
634236
172745
404118
425538
235443
813663
590363
637838
247623
132023
208792
140941
573170
58237
132068
104430
403696
695667
312259
966795
164415
181305
802927
794095
252011
757501
111817
381282
748896
295644
369621
12112
224955
877209
117710
945992
577405
256928
10463
478501
942425
254525
771991
256766
740562
462434
554315
263586
209101
739272
388412
905270
57300
793247
420005
513729
83878
163936
254500
679427
766328
744318
577218
365951
38797
260731
946593
256794
241133
666582
702401
161564
558725
341473
438638
571219
473201
125706
153366
839659
889456
144947
815591
268003
691916
609680
766130
383160
414162
522941
901042
956131
453333
756816
56883
583932
512200
254536
986546
980273
392876
625746
395360
134434
916898
787895
648645
205853
631138
435301
840130
596273
155076
145007
711729
439484
685284
470243
133191
787555
63330
689873
745138
79216
767156
797903
276637
93317
352247
921266
400029
878182
221701
726
721031
861956
80740
131002
266092
472056
218959
282632
620083
321739
661086
664369
633425
159729
619220
695991
521255
598999
67077
894276
604407
928226
673208
194308
18934
330723
544832
54150
430216
244111
113505
873671
875467
807467
5653
530461
125430
457085
294860
707268
51271
166203
509779
790423
512497
839317
209234
400299
831196
259503
268617
873087
934413
793553
978821
506015
795966
906367
630335
974422
421284
711590
627766
225722
93369
308228
259363
778659
117299
132090
41470
407011
721912
162072
583808
244699
456025
241129
322550
783130
998135
235129
372027
992106
833342
11252
367044
982206
168851
877725
935509
872376
393737
22311
296662
592404
940428
942976
91444
806240
285159
768498
804232
10436
50344
547104
43353
87792
724276
432234
964979
602814
765917
93643
505325
576805
468965
469078
835487
179272
994366
184685
453936
931875
462430
20145
824961
533029
888632
228513
11623
686496
426842
247833
870167
55108
416442
916817
588123
264969
924402
116617
247783
425132
201232
859066
912009
294614
501812
136299
493942
643107
56613
421777
691339
641344
536095
713449
318623
229434
124131
517597
98848
113090
456680
581584
926748
227967
87855
727111
935516
642192
203892
230579
397675
961437
180736
509855
459316
362648
580594
133577
463766
483167
756578
597056
31044
468329
696886
765048
498503
890344
827573
169943
741552
620537
438057
75591
567593
122683
987398
917013
761823
126034
937675
278140
645175
459792
612611
507848
71434
737947
706839
495939
336563
673697
750131
856702
102503
102620
808699
778715
830793
840297
627993
614390
337967
126238
146359
939051
328896
576410
594496
761219
512908
299335
684088
389277
287119
938096
621537
530780
991943
721743
33130
897736
779180
631107
331473
16845
411872
820932
55988
716937
687393
675839
372919
958310
51640
743524
81934
185809
422752
937970
323175
384163
740587
311268
337969
21603
343564
531466
558946
884472
894364
790416
120282
220398
333083
47458
899742
490834
644419
335061
228254
642786
311513
250468
161417
655949
425694
448052
43725
263059
941214
969282
414458
413560
705701
603435
751044
583204
199313
431575
936871
409818
428419
429507
874213
578643
736495
574506
464235
341367
744339
758224
182290
477559
149957
771691
346945
813769
833252
970414
604097
405424
606003
568326
521289
741366
309316
671139
959357
446052
259717
85562
624805
905851
549186
844695
350992
199458
137617
57919
504393
695510
473252
315253
203705
175231
739864
676569
127774
676334
45225
589219
878940
42283
119986
638939
752623
749091
682701
385543
21129
676031
791982
317448
493568
700243
223160
606006
810058
330046
340638
231887
554308
91499
347643
215820
967775
860916
448079
628431
598631
800544
806487
163761
994125
813256
139737
759905
744041
454759
840575
345365
194394
687688
645806
735538
366398
612513
8559
310156
375306
70850
712485
206233
703827
652464
543543
846657
312636
540687
798456
985703
907192
304935
106320
720414
616755
405646
559192
550113
681936
896543
351343
914887
394418
177292
614843
595869
370067
59586
545293
823327
31156
950010
878499
813395
222703
779231
229575
194499
406248
757719
303380
914901
746722
950769
797912
834056
118637
812265
329365
120909
829629
208538
412066
978752
321623
775169
430529
954212
29801
658533
570996
954728
519801
652396
468049
39756
8790
252486
591464
343895
571638
830488
672693
644987
681731
532425
55692
28263
534851
757249
855691
628474
221143
736006
382881
419910
982717
312226
399847
787379
456185
290394
657762
95700
644568
340703
214732
487820
104794
366276
612301
308446
378203
539401
393361
774280
908459
884243
783631
995839
554355
729650
90670
525076
43086
584458
144530
156064
131282
554411
297639
234726
699007
816269
758579
539126
111269
161388
349263
267332
877035
859482
61582
988815
106615
210378
949382
327387
237381
262220
860826
133818
668183
998154
558325
240590
529209
610598
921619
160956
619936
674735
391673
253935
240748
135615
989253
586822
53581
648051
21856
12315
825601
273160
504783
162481
997627
207631
260649
209401
925408
666764
491235
2305
689386
781169
494279
827962
399535
740018
961347
867940
352188
618885
67038
30168
231707
931768
185925
311236
146521
722384
377527
506512
205804
113848
635659
942465
979210
933756
714275
46556
835198
172752
786677
896526
10885
45136
810698
623158
431294
824804
728921
550830
630590
599762
846521
29164
265280
548912
945855
376303
972091
142396
606421
224306
929107
973716
650192
861825
482238
612645
582987
146091
772906
246543
651045
691711
647745
954030
17150
535866
412779
796335
67428
954936
444256
584170
489556
436429
872086
188820
720935
77804
617505
540345
815022
377469
660957
548371
128906
171186
724071
640352
153764
256333
918219
511584
355501
229168
380185
686691
340964
285987
951151
58414
205752
46792
509983
547924
275418
307852
721338
131447
454329
859892
361774
484507
864681
249524
126531
369722
233557
244027
226515
489656
712972
103150
783448
864801
482047
452865
849220
846780
197497
3970
815427
434093
968811
220287
415523
611562
231781
211286
444368
651544
643745
657751
311224
63489
11642
925207
903501
573556
835962
425556
633001
901114
818896
398400
546571
495152
431264
605804
763839
470662
444277
882322
186588
178067
236434
940223
875367
926482
108198
252507
176982
16253
292637
973974
138542
536196
311187
530481
214733
554858
937315
44774
381636
114365
64094
807286
425884
848496
22744
427706
170012
793427
374173
929149
183167
679313
7013
629394
534142
879595
67164
352625
683430
278902
826871
286968
503094
996398
905254
536841
462421
495929
439043
788016
38003
172521
26071
676161
512689
435000
940201
889259
609115
689975
242797
418419
290102
243680
372793
937266
666222
532398
367742
133718
944404
636871
473373
586277
30172
166314
961038
196033
539644
684570
786936
658551
334628
589809
385022
515712
189587
724253
564603
33773
399513
165527
741999
108933
125000
157310
173560
390223
842615
301412
275901
404450
944213
110759
786613
49519
809045
802920
99324
908277
662965
212545
451571
871394
171159
382084
270927
263082
225473
657825
114651
390306
298365
730522
796090
199642
743564
502325
255709
420937
433596
183166
772518
847298
484801
390370
137948
307742
607294
644455
665709
503501
759161
858024
289288
320171
426675
955522
648387
604664
805994
525245
52565
398542
819255
598936
328771
574429
155813
296646
311416
478739
168412
64762
409909
961512
142775
589374
917817
922172
487556
768675
273421
679452
546711
3795
632809
571875
725323
748546
598918
842429
309334
343555
964481
796167
359560
846007
623913
315218
829024
898336
722981
291463
977227
216467
520261
947684
525498
521036
276579
280164
239518
758940
229749
287229
559043
603261
15923
991430
651078
656479
133930
752565
650745
521718
269352
91969
583089
923065
701595
962680
744380
134856
325650
481636
901563
83449
227468
232687
420552
691147
238843
536896
982218
34619
828663
798841
147025
998722
809827
36313
99491
381862
621879
150245
586705
474613
208058
779108
311768
193958
804730
345991
968592
407303
963201
419019
23391
532451
857489
93647
243234
986301
673143
100195
743927
814311
407970
215310
561751
110533
833543
165111
298749
647869
247866
436331
972811
67267
129757
160829
674873
737615
165474
893704
168826
417150
416976
628845
725306
42412
207932
328027
569690
381675
881493
282764
167860
649932
66243
832355
54220
789996
928069
136867
878783
996633
156408
975127
93713
761046
865320
264327
648996
656733
282024
566717
422345
497892
550655
299535
464228
684200
579800
699699
903974
725637
893548
767491
243249
168896
586409
442841
337867
151105
263678
749908
529535
745310
952198
570039
204688
300498
274062
764208
855899
719052
565253
427125
669896
804964
165119
102154
346540
945704
704485
687712
663423
136021
749885
988439
731701
976865
610642
172388
578299
641525
962176
687502
975631
684728
570974
126012
462023
641544
369191
817585
998151
231644
241277
132606
29216
737821
927978
132575
248822
261747
668572
176107
791522
436859
382256
469962
389478
532380
603282
436574
32716
290387
56840
637165
287161
797897
266385
13755
277247
292068
31958
995453
169974
773973
228843
970160
945104
959741
930804
385622
496842
338813
423588
795903
276185
754977
40015
132119
964296
708036
716161
867804
568218
213244
581752
49325
604102
133522
758539
947087
870535
491547
605009
852371
106009
545427
463872
779824
95908
824125
155448
229651
588070
235467
747486
17307
946252
190837
210247
253770
507565
790374
212946
360687
166374
337843
559949
672891
85545
51964
443346
799915
112977
600717
659082
589607
34867
547586
471241
583867
880205
451219
321363
723759
237340
697024
157826
85124
388361
971418
201087
604558
783171
272299
831662
291881
868840
142019
573094
634841
51420
922269
220546
18045
539961
924451
290688
303533
59047
330437
400398
647665
44114
846412
344076
171122
420410
793246
825747
402729
951249
234017
882850
107037
173747
958135
592823
957611
528578
194491
22122
746029
489675
101555
631318
371337
275655
760882
819442
748755
165501
828413
532768
252677
815415
178136
218280
782695
9212
86125
27479
590369
375639
218637
921904
526855
285104
741272
584606
752965
15925
417621
761689
261632
48659
876386
695601
979995
544593
986117
961019
913046
980745
483872
202517
933200
896901
276611
975126
792173
381746
461852
504919
551122
366467
731209
710745
140493
378533
6414
710929
517458
859674
295586
233111
857889
652981
878756
975655
743555
24241
417963
742481
40754
781741
666170
574019
563096
459464
121107
418289
272816
314325
999906
362974
461321
816827
348826
993034
826921
771436
158686
553080
829646
450880
459221
924187
393168
257005
39008
771804
607842
629285
158696
647223
710220
829840
339743
415937
774037
432811
454740
627128
564741
959328
447849
905106
433412
950457
257023
914200
331402
366663
425372
198841
373233
679065
951730
971739
161884
328643
986751
241883
905671
345851
577509
858781
35502
248640
148141
611898
974397
157295
909648
990363
700874
21145
242035
878398
732145
644065
829914
120316
677061
195819
98929
477271
483994
778902
475357
771510
528823
684552
144461
990269
916273
686211
800220
96319
373201
232399
588367
936624
724771
293878
768235
743026
922334
742953
114225
448331
161451
118657
355448
911032
875028
359263
510629
797403
537610
750196
614536
661775
614739
766748
615574
4572
419854
234341
530559
809734
236335
348844
990336
464077
410603
326423
23742
679740
284037
192710
657768
414376
636382
567525
888938
342258
113215
833803
123481
841423
362721
925545
519147
930311
996969
521976
186428
807300
186751
158168
994876
565121
66714
743473
954535
577643
601552
20529
395935
738934
103574
295783
322121
883219
12612
303824
209514
45538
339322
744342
599186
888735
48129
980149
459167
891110
918142
972623
97188
609130
461096
140404
754726
489038
544788
926100
618560
205603
410413
562686
566310
916351
196927
262804
268998
661046
567282
781262
858570
941880
733459
40743
807738
557511
896974
874919
837759
660178
203448
918094
706434
12147
878665
581210
762995
563650
304423
668598
956966
597460
805981
119295
78487
999508
323178
159859
141070
359419
561078
152696
52382
333039
262176
859399
668551
59766
640882
633907
216251
90517
662390
978202
843070
694217
469474
79526
336742
211041
580910
272640
924546
661750
26566
63827
733704
330971
499128
530103
98900
493571
37001
511195
247843
446761
866588
67968
60594
511693
75384
513473
457019
565882
527039
295671
326221
832675
500799
697774
657000
620984
62238
643885
539631
70065
113558
295128
321680
547069
61393
669475
901936
193359
607521
234820
978076
525434
78696
44761
143244
757285
887387
653452
258115
27277
483567
536939
609057
722797
328159
614869
81734
497043
20898
123359
896645
906065
213345
376560
275468
667510
392289
28893
945161
814445
27127
445459
430264
883843
136103
166061
33998
691462
406301
239718
530363
65864
667527
429416
417184
117955
510541
124045
817390
701561
875317
721710
951608
335153
400256
963236
847645
698029
750386
830668
795069
38451
148441
526217
230050
44306
168669
822893
768008
423274
467193
616474
774955
862679
944607
852346
536504
108280
980651
121193
261723
512905
771286
625223
738417
659563
975651
195237
392335
17356
927570
315339
349952
772709
32239
512550
27462
856493
677430
990788
285188
287419
910454
189180
841126
312130
760062
744698
671005
309547
216307
576491
922248
15629
667651
792449
863726
282444
79668
71587
812840
897867
237301
545372
183311
804823
70079
255779
863281
323573
643388
842572
620607
870862
497026
600250
716465
344467
715912
611240
781891
920859
888793
631565
336243
743316
112219
953881
908948
672989
125345
986206
713508
870992
699802
187551
364432
44058
20110
974984
587143
39862
770939
784374
115100
99968
314461
378877
723862
526654
307015
360996
571737
633278
514266
113524
416859
451111
519430
173918
688700
597133
925120
842204
975371
547021
905805
685847
964595
533657
883429
591809
225524
913985
122141
797530
241665
496216
409218
391691
758932
666912
472125
716443
996379
75540
807442
115274
142096
710994
458510
695078
859044
643537
888167
679391
299370
796066
312033
359290
847909
974462
276710
71754
433058
898803
852541
127778
395521
18329
690147
504685
396768
904752
61636
601114
324137
840421
337814
99892
633206
699444
640979
109391
404188
23975
872785
995806
303259
525564
873599
784418
483360
282404
318654
546813
210548
127976
245145
824869
211845
326694
49187
490356
220751
274938
191148
112027
399975
602360
719263
536951
376484
738837
19004
83178
343333
856300
990030
896596
721790
659589
119278
805885
297532
12893
55057
280364
651742
211459
501517
439770
526094
757535
63212
719136
175870
84070
53155
962241
577902
93177
261788
585746
496202
415707
137456
830210
223919
430477
737841
493322
954958
355016
543778
721330
533417
891926
235274
355516
636539
292366
929245
134386
524149
388394
888475
308039
795362
340231
937077
144620
91371
967736
234665
638578
679223
843014
478319
479831
257834
525576
263499
705391
992655
580827
776195
208240
924880
56639
550699
694682
866658
796302
749340
251649
33661
878938
267395
978361
227977
826145
542293
827612
194645
701679
820704
991930
748224
959761
813949
775454
251450
5041
353122
875961
241363
243860
186926
543125
603243
673401
89014
704664
238859
567741
218381
946793
186024
724823
97483
863624
830661
30541
516148
937222
53597
501705
400463
474955
115960
118427
504819
199107
510361
179230
657307
215544
191757
20189
303808
539696
599127
833223
51829
900241
380618
73775
437975
837200
249562
224249
953433
124511
222224
423990
525908
241752
713425
452967
323933
2706
930185
793183
21206
919093
727750
263643
255020
836235
273914
645208
452238
617990
953615
82120
986238
718033
433719
1103
652157
524468
478127
772229
177067
657973
99884
332197
445452
829448
120756
181432
970636
30492
138704
721127
131131
915911
495384
893925
499888
797622
110314
635644
682954
296143
280691
652050
911909
125941
160153
853180
119097
587122
821837
206278
726651
577520
842978
293146
551902
799278
11658
734567
399070
393094
932738
441041
573861
894702
318854
481326
514588
51579
547171
167012
77008
203032
471276
268443
258903
296706
286793
830718
166873
286134
915014
803112
14251
327904
241061
233849
707463
283336
569705
672338
399212
58796
45890
770108
523667
256488
848976
155560
436297
661457
918485
360593
767534
693154
587388
25342
51400
774478
425216
51683
676292
125947
247015
580619
366129
650700
97601
812605
19791
227939
86715
764557
87258
365804
665049
360377
644627
504789
423123
374974
461054
496253
8401
420310
548348
778888
982782
750625
311050
208929
388571
100510
385101
455095
258278
523674
463683
521114
638948
436999
537983
613757
683666
721539
474208
210869
157580
848306
119360
335875
643269
608208
74508
378640
598969
470241
868509
414526
447707
805914
325873
909238
260722
781755
739534
709663
433470
642152
70927
575621
257098
698687
818960
783958
129339
54901
652122
488470
216027
625747
732793
514217
725569
289698
881788
927758
990943
113890
201993
332011
818344
917875
133850
752706
837148
799255
996056
975555
290481
564431
410450
44924
28513
512666
367468
179656
440379
726460
205237
22211
828658
839708
716975
634948
453667
400043
98009
860969
508026
230022
270442
600995
582929
745195
84805
814655
930864
504472
771404
383824
565107
405186
411276
717819
552777
500143
867670
438943
267888
393261
642207
248446
8383
9051
838605
938867
604785
236958
421428
418506
330391
819904
500886
578743
880644
222736
994985
354338
466364
214416
110840
636850
655800
91794
20058
215138
439256
796211
558383
569482
473603
616610
113950
266741
305712
283792
670134
352736
962017
63732
300470
251346
585008
734776
265256
532307
228482
906883
245480
45706
744472
608228
293442
815094
194116
287383
860665
960713
961080
299960
755172
395292
905978
81601
58804
359347
474817
554128
87567
526311
158172
303329
321849
517417
962002
997443
112460
708494
136356
813732
395391
204917
751523
433268
209343
687754
856886
928120
194594
396379
267901
871126
585520
795876
159342
286569
961877
490150
243471
771507
62369
421872
441810
489650
173753
52223
102472
194910
531841
974115
886039
117622
984589
359693
908286
403055
524350
366749
774245
301049
2366
66843
647971
413523
873432
841492
79294
900378
556086
753674
336950
220998
115199
808459
883628
878477
408202
358367
525166
212645
578877
580634
728096
54759
502854
154770
620296
394319
860534
417003
887029
917600
162997
385294
992589
68196
209720
871218
227025
506200
463854
851792
294151
785103
94854
263542
270315
227906
652207
288477
291172
234509
394925
21029
521287
790032
337356
715248
774630
995079
820917
816675
495100
246700
777435
554148
916207
89032
319781
975257
738840
81665
977532
151072
752575
829496
882838
906766
660046
885760
813457
89004
1531
324913
302794
187914
44225
251089
146637
904412
31955
329099
570968
686271
547134
937535
585160
48601
781722
817715
222051
882461
518636
560294
357121
79214
670171
322565
896599
759579
261005
712865
590985
614366
11987
183724
163694
511293
389553
987581
139705
678178
304670
743585
1168
305519
12242
842353
705571
373658
90051
453753
698741
560579
753417
602755
204051
947438
548965
49206
437621
121138
401126
24289
538545
571368
367132
601143
521482
835056
581367
40174
317618
26451
671317
783159
253724
150006
808352
766136
477905
296601
169800
759930
597046
324150
695771
248670
715264
549495
192232
550873
576626
143607
445984
523560
526822
816613
254911
36670
155693
24451
40862
852777
31743
676839
636104
119093
715401
313525
631855
243762
829655
460964
497121
557947
629910
672919
923226
251876
195444
737625
296498
448767
269731
982650
252235
533181
426112
738261
442171
630850
244876
820914
183518
321532
651659
833879
405871
220355
6933
679496
664059
623005
917797
932916
502141
767925
310509
38316
679542
606877
724931
622341
172201
200104
846554
819293
27381
784026
172853
124421
10971
819769
322805
545039
904218
563110
607737
878567
530904
542843
534162
829682
927992
797429
922958
431181
423559
973238
325123
77781
457778
63105
619624
745206
175218
400866
742927
547938
88594
41258
950147
246494
503646
864344
262074
263350
174250
557588
65143
444625
335612
341204
122559
150751
71191
388001
536437
489508
976372
618580
33948
139199
738426
321417
539815
3548
95735
686955
901216
132693
911943
805567
645073
43455
65581
820815
592658
922033
557281
714570
432346
840078
88191
214783
648699
51558
931454
614895
926330
204236
420286
380792
669471
791189
602409
947292
260927
991108
548852
91287
954925
837657
71233
585558
451472
986591
515846
575330
963989
776488
638348
922982
830615
20825
256744
862780
350100
238332
935264
947284
375302
356981
443460
339967
744357
812316
969006
513121
58510
697539
105626
1641
118178
718961
66222
353385
395580
121419
787532
20600
409817
897522
169736
416682
186725
506762
586117
693985
350494
254550
959339
537341
753191
939455
130695
978863
10859
299060
572971
405868
349354
269935
539131
712423
852996
547941
220465
810982
198223
179445
866549
408546
922276
310842
356284
778066
982960
388011
209241
255892
838033
301526
486381
196279
135574
45499
749371
683043
354857
565128
959254
203110
683529
575660
961723
714907
269871
470809
444027
485753
949266
978843
102225
480053
917894
643472
788370
280597
746560
63555
39170
299795
316340
421289
864746
808759
933415
691391
262433
977950
62055
672495
961666
605413
689901
410481
638101
481121
669708
352552
778041
78866
849871
538824
411708
948509
346735
800290
174939
698146
598750
293197
901605
660281
782592
154163
166653
354510
157625
354037
601982
201558
637217
836540
898745
233773
682964
881821
495577
690958
48807
504488
290472
2357
447438
14954
727733
589463
639148
505127
553626
366449
393848
77575
906201
187049
52820
484211
453304
529190
942212
475912
904833
638867
949466
507412
578913
787600
193773
36482
977157
253115
586997
267437
507598
448296
160904
905664
616705
718599
872829
699294
399107
526361
785227
215900
296218
966140
490043
7227
122465
985137
934579
672638
33492
29064
475984
104300
278475
717482
923308
692964
233732
523907
485247
721240
273113
543562
121697
18216
514768
206894
909869
600731
945489
259998
147970
82108
882482
92149
146979
761423
559038
710959
912245
225135
507018
580509
383188
395209
354407
245850
733805
986634
869883
896453
9687
454757
988708
248289
971898
982949
50584
606602
51230
346694
431423
837399
356289
215509
333878
685028
150680
21503
892380
349499
379827
946004
285641
833982
779806
415007
303412
499811
182488
676536
287630
898573
206477
480126
44756
796424
147279
8666
212497
479940
457872
626437
895831
127929
971872
389818
138448
258020
931587
179276
12706
73583
850862
512275
693166
674334
721218
971846
684741
403925
834196
652120
742440
928307
86501
802428
935611
896237
38109
415846
168216
590444
780935
800110
965828
53888
270071
169798
99983
62410
377943
78497
571904
412198
853054
706555
646948
640003
470584
12758
500692
488921
188138
76363
294391
334995
392100
854142
201597
933807
895114
29565
196294
547926
407051
605325
174179
649655
992794
315534
765935
119184
742097
30217
158537
767070
137566
237998
602235
127835
176712
882918
768032
643863
820532
735052
772951
944941
415890
201612
349796
812649
835871
432584
858015
344655
151872
355900
663484
667585
133200
768992
130060
380316
890357
364109
65692
860978
209934
787210
143803
77855
873800
139226
210762
706640
833868
210106
853154
890668
268178
779968
90585
482333
36651
150099
376812
783244
359676
220698
752979
779592
554987
644100
7831
661493
60943
425379
635600
801284
130566
611379
911113
505794
201980
590621
128637
9898
517440
205606
934786
268900
880563
802167
463298
639262
359964
630729
383779
895494
25113
282029
60808
819297
967861
899441
432203
769860
962882
806782
826699
586083
55403
981585
544722
552508
253063
640080
591121
826478
911192
53450
305332
657467
672212
765873
921086
154075
229457
409925
754626
462829
406348
764178
66747
157449
220117
136080
786761
988528
331099
457192
573960
509541
579600
318934
480079
710421
479928
705385
723778
987889
875220
359656
24085
652573
133797
435663
663005
485952
311263
872439
217340
98092
569235
916329
853432
481433
707670
601602
386904
311777
478898
204687
978766
39572
831612
199436
915082
473700
223659
383123
414285
400140
642176
203355
199899
460446
657919
506703
698023
709275
325073
919624
647872
711599
214465
649729
352308
865961
571594
582335
717449
299265
146164
195107
618413
370151
796574
912543
147647
17147
167766
965445
171062
745883
949563
242930
856614
815404
489099
343389
342166
585676
966231
558461
678412
328021
643626
932890
779563
562870
406249
87174
334091
160680
715790
890491
788183
496985
182972
251453
875553
373855
247429
509870
340008
181824
513942
804327
380611
371897
573836
818778
874860
410391
631371
372219
29621
676863
493250
14106
472090
672142
15357
759400
681824
699179
200412
883342
83194
553103
493075
979014
111773
865197
838156
589142
809647
419069
353959
855467
940196
553697
786254
345676
222210
115986
496453
922215
31767
940240
167688
793239
551058
897438
218577
291768
851349
241224
740590
793252
996954
892612
183779
958196
678522
753099
692252
632201
648566
546717
710457
984764
417337
668593
20869
682440
905924
535255
487675
800279
22307
839177
271995
179587
93053
338857
356630
105856
360199
421131
572626
412785
483031
621465
262922
706600
355096
553639
403890
699193
49494
915732
753209
141369
426873
472985
627015
345560
708431
370737
724390
266904
354882
157925
277821
478057
445736
694579
772899
405113
872922
368705
972639
861916
939397
743282
390195
234394
248402
218246
525511
291444
460669
123075
809240
31567
559981
168765
670537
600973
771419
879988
724321
538296
230875
633126
68873
354868
958867
606564
918545
46584
75605
397658
667024
532399
376149
426192
987624
223511
406028
964284
288942
898595
288522
946543
791042
752904
67979
889926
930378
511390
647098
509900
376080
863966
328178
116836
890635
43106
930549
820560
890951
339788
887049
864240
750926
390485
733692
10755
306230
709321
747918
436751
72556
970451
603934
222194
981612
127502
143449
375803
812707
151805
32112
272979
3816
109141
547432
209011
463169
418305
551419
308150
169551
4799
518283
959639
118951
258819
560958
846573
52684
632845
800064
90559
113211
86889
202657
233403
256417
745969
870799
126302
623497
778150
270950
400219
965058
416309
543839
953700
816862
718092
707877
973911
104916
155336
263240
472717
297482
561610
602727
989675
247485
329367
923534
352743
205670
55506
438954
210279
656415
823435
57155
619522
403789
182953
263835
520607
361875
691197
210098
654105
439962
140313
879030
224349
573393
242705
419840
975661
16919
341896
139765
363865
765518
589498
612200
737579
358086
694329
422386
610821
524618
758040
927755
181063
457990
153785
259731
207680
312606
207028
13655
204487
671230
64957
886887
186057
719064
687291
574313
45233
929545
687046
963977
956146
314777
862350
634164
852961
202003
52232
819416
26887
1659
284261
233578
815269
908759
58404
942626
106952
690007
660372
182597
392398
816513
20485
613325
281410
309033
968784
941575
883691
790255
59752
737033
746296
979740
20159
46161
882930
23709
275521
359520
169605
114462
357390
990792
454807
958164
883944
174075
949436
284189
653707
832394
794617
418173
368779
169342
15603
861187
121284
825593
741706
465860
40043
781019
61140
739922
116741
350192
586749
552460
218643
151921
18374
78117
174312
372267
326826
379579
376675
949216
996196
987299
351369
266527
899268
142852
874018
175766
659395
518499
161263
610303
237697
343746
613859
993998
573091
894403
740339
31850
871957
110047
892553
369056
314311
188437
534420
394144
247379
667895
334684
24859
415374
694777
463464
137667
122008
365493
855126
230510
266165
762626
115145
196904
37146
356006
529653
194670
784134
293389
101081
593070
518888
355353
845720
960178
523338
330902
993448
607078
46411
351445
188387
889351
825477
304551
54779
164138
699789
232651
565286
883416
435464
836640
51322
270011
629782
908785
928970
82733
194103
637942
497394
284062
207923
340355
721881
940578
211620
917333
977418
388430
467682
967691
422139
309461
327471
586661
704587
29538
550430
575375
245311
641122
727847
580630
283307
796849
42012
749898
876669
778644
121970
911206
981128
495630
217377
684671
905093
821286
965917
397584
106158
638419
730993
929206
28280
644484
617221
837252
954657
755977
513022
398148
710303
278689
477508
232843
240888
719456
495711
542712
95343
453949
229178
5833
514204
319030
370378
285913
485973
379936
263688
454714
714440
324687
764698
240363
601323
605277
368272
493750
812170
911067
774473
989289
260287
723410
288566
200686
697728
273268
298806
665289
780946
562596
939873
79278
795292
398879
698721
252221
258501
66362
301403
149856
194888
747753
858606
312943
432496
942186
162164
3426
515528
997652
203073
229811
231592
982048
220755
660361
315424
900999
889107
48553
752137
159659
156941
984381
81353
571198
18317
496906
726869
631560
15738
578612
705284
219732
3082
93423
680185
208020
985005
435332
50720
124505
832423
280718
450325
382808
553322
493945
913407
547158
418898
748787
581572
789672
757105
870397
755811
910080
21462
143961
952069
164686
156656
721727
362702
834782
843624
588270
301124
514107
476059
503844
439255
681006
408435
210473
133521
302500
277921
935877
459419
283437
522168
117457
12009
497249
973929
866859
138243
105757
442327
775555
643697
958507
620438
707026
448579
335680
224197
811435
990586
246686
353093
473513
647510
898394
150677
580872
264957
690744
811404
803856
927173
426418
968114
195308
158046
693656
52026
555097
171999
377809
849760
487482
141995
383231
184731
971016
924480
449408
20160
891366
650396
697169
404659
751314
144268
388686
450570
475448
552210
808981
493183
586209
494706
502536
266706
407112
391257
989488
616889
694635
26239
10117
803651
492711
4846
225171
110884
322233
917957
632555
462372
834717
881401
496568
133474
673643
762863
600164
831995
232259
637279
686992
276473
474837
708820
820461
283689
622029
112911
725946
378570
931930
452683
371034
101153
396378
885724
882193
825962
997924
605617
564507
380265
930417
7736
598121
283486
819047
299232
722552
175510
508484
51962
123344
945502
488611
581497
414359
513619
195822
862808
166543
988181
28001
356890
586266
329782
941933
280553
496734
208435
141160
723235
247864
17100
349107
791064
172360
425862
263707
475021
708554
500437
828243
556816
432731
56292
698121
828848
302511
65742
488881
89011
169488
260259
147440
465905
656453
368751
665797
395226
551887
459865
24022
506658
939151
75740
692774
800585
473733
13855
879140
854854
504371
510450
19869
884111
166496
909863
325000
328376
939275
10274
776646
881104
216192
343464
552382
955528
933666
678798
762185
539792
180264
736110
807431
868795
4823
82688
138585
359582
428463
820441
804156
170238
175701
993385
545014
752940
946664
511639
823385
659628
62347
591423
598236
588742
6673
473626
966808
854649
174851
796539
367196
380239
586640
741622
108684
665298
198235
674077
520832
619961
277664
86598
271356
162966
426461
215588
9633
17734
831472
460300
760084
786041
153613
649630
948831
663650
665807
906669
716233
140112
167730
59792
685385
668706
765852
427759
884667
228287
997646
675671
690540
445413
573978
530822
176029
618244
456435
147797
714023
501177
293725
990082
17528
410917
714627
41305
523195
545642
48679
539199
744150
194242
618419
261531
403085
271355
128431
605601
696324
950035
404236
754556
633249
97643
884637
184856
907216
580203
946725
302985
828083
716491
606747
255818
579577
334314
455159
140818
470020
305861
225710
737735
859076
549272
957925
943716
375819
135241
793693
734361
769452
936701
889438
654243
467311
638984
469248
831064
162926
765692
334486
856447
860751
330786
790135
733979
177758
958215
3562
916297
857773
374253
202879
250723
124322
951924
749295
611991
876126
494439
584881
652247
197827
388255
223833
341791
501756
935473
356840
611687
248780
528719
62118
275997
303592
535490
630913
932260
395890
786786
344011
701080
800647
583520
840674
771715
239097
198913
971148
728167
319007
880699
349478
585702
165368
3603
941289
604748
298303
433786
90845
608203
897929
145574
681586
973988
143010
927499
378157
372719
762710
590456
929853
922438
826827
647249
139180
526036
686603
602405
613873
357920
398955
630434
375114
271064
520094
7272
359474
128584
839595
960493
393841
531976
476178
778381
865207
638988
354840
411900
108230
82516
804053
404615
288139
123199
182587
540702
871769
41360
638591
823336
420245
899030
708318
704660
609368
687255
834632
407213
718430
128736
611421
184932
917286
266216
468186
563206
380898
44603
97865
536098
48551
437683
459992
761734
546039
573674
558657
541834
51243
741726
988614
723910
887996
592110
312393
358947
5102
285057
902154
50895
734745
355462
653821
975626
648149
785877
358919
243742
291073
369204
275605
330667
240560
333814
227801
14304
802993
351103
631266
789894
791162
341858
622679
742326
563120
730475
341584
309099
665366
361144
212018
229583
584578
10980
299198
757905
666234
864210
595992
681896
402318
537790
586227
418660
211850
69597
954141
505505
355221
952210
78512
155761
730859
705704
781817
174068
435843
340881
940359
186010
852277
179832
849640
83203
76176
474361
319376
128632
620813
825131
326871
686461
461560
616530
451385
671938
447866
714213
346414
728690
975620
716138
631464
987048
514134
914217
296577
186537
671793
391102
443596
243903
360909
361499
686110
293829
460151
116244
936515
666081
397039
964150
611407
188382
929586
54720
212306
155967
905345
705769
904232
727094
167119
833201
931374
244443
585505
822615
456317
527354
289611
41568
330213
603027
832851
303908
582297
949363
271932
384795
717439
200493
340044
394126
361414
555345
284922
992781
502946
238205
742991
810550
97722
211787
276070
419766
408892
801402
411826
349266
343680
857499
723341
243491
641058
525478
530337
471938
904128
952423
372461
175614
184721
889685
889205
28490
642976
575875
847049
740852
567013
111472
372847
703632
250942
308409
664367
756915
69583
821550
234812
470235
820019
279425
675898
903852
190045
343706
91248
43093
194064
765192
319756
601617
231735
840595
551437
556938
874593
794477
943633
65176
628487
605883
477542
258542
271231
866176
40181
51628
219574
483471
337082
981175
675712
4699
397731
522392
720565
368326
975352
158261
289828
351915
236060
910193
983975
370248
713458
21150
171602
843398
92188
321696
960581
423271
674974
547935
441633
468491
33825
327720
275543
814356
605985
279459
258029
968551
353209
378069
777933
489734
135870
611519
851842
511700
4246
758042
627814
378602
948214
975262
342500
181376
406448
362791
402852
681316
440453
45530
948567
13781
732576
88267
323460
688537
891334
347181
977630
294507
679891
856826
822036
147739
499452
129383
290484
249060
741752
970250
254682
307486
242827
803541
693202
948042
804656
220498
243339
874658
967109
12045
892596
196679
36677
667125
457660
861754
489416
94800
761550
438963
646946
317878
540861
741013
281904
600932
503829
664404
276546
508736
919501
472129
851219
173802
198104
923252
772411
739610
842773
501574
164472
372167
813861
343047
129288
328369
953762
721235
272104
616552
230461
456106
626559
901505
805626
660461
542308
966322
241587
339719
21085
62878
922729
710167
661814
103254
427411
932863
282013
707044
76179
355278
670017
267997
823546
818107
621482
500210
81279
913774
538941
81225
276847
943579
574398
664644
323152
459676
415620
193597
992671
69314
236751
647426
606671
630999
858016
844669
479393
504230
894047
968940
399738
654432
105624
916172
487208
305891
647119
892083
100693
504201
511204
514208
907821
569993
443245
91239
107263
751393
327603
108481
830571
766178
27518
452720
429369
320647
554021
308815
114061
954828
511028
58253
933762
309599
759065
517919
47170
976727
229545
433480
43745
612356
550670
217658
175521
28621
514966
796566
322982
538864
794832
453519
953786
180884
426606
96518
946769
821295
147109
130753
117832
822285
834807
237578
802859
832597
643102
560607
252818
546590
29619
379891
632126
253232
111424
743791
308408
467635
458029
802656
750931
269381
529910
439425
949181
312922
35049
37778
735291
305174
727606
672459
619161
618400
356039
899679
893745
239143
722161
448077
771572
358222
622103
782869
487774
665076
109676
479704
218699
12575
440149
445259
321252
640260
455532
89623
313330
173493
410721
281105
92179
259687
255483
22865
443209
896479
697660
756337
563376
161081
550691
136996
343048
999829
128459
707312
861104
944862
448305
398601
160180
321976
258579
621772
50237
845574
634227
710676
372647
553621
518587
268541
397296
559208
25786
85747
689035
86880
293708
875765
747988
503048
565144
803116
315871
760635
822963
1442
664681
91826
371107
777313
612208
455406
11710
404649
777119
267582
763312
387724
76193
274862
52314
112342
331212
685656
794821
812771
766360
462939
174528
418439
971129
232445
109428
45684
817791
263246
316580
530341
964338
80772
15412
456506
852876
371361
939667
446964
747949
148617
907720
353336
639066
206996
910841
153421
190309
464353
857387
751583
887461
600436
311216
117084
454177
274855
293457
131764
812670
540715
596040
6307
968985
936893
926899
613531
681340
327513
272014
177104
970046
475272
972836
607558
902393
734417
27816
156470
508913
503196
919087
956621
135309
582504
474736
188971
86162
12932
420786
902237
775695
196894
48787
711640
968390
356034
298088
354839
80912
859925
43083
157546
364815
341879
648945
106785
893670
416410
257133
997348
55271
104563
586167
56265
700151
191471
259388
513481
352775
202451
361929
375690
11784
103581
378854
803709
491996
784210
270415
966587
403499
427555
925789
534267
894295
862971
256900
941255
266344
496757
62391
742368
147235
466058
757010
87229
496868
522720
524302
55720
350830
873620
198294
840800
404766
274860
384884
575970
752617
327468
704693
655748
394322
409078
357433
473539
403071
177100
383194
227673
78709
142165
873961
36953
233184
127889
976204
666678
287839
738834
47424
98068
520376
652151
135006
516978
908842
210302
595546
263413
447745
241703
412567
341985
211457
657934
337117
158287
831712
946645
369244
302767
444410
253707
131879
950112
773057
690516
899139
114070
384139
937965
916210
616926
231157
911232
682126
154767
244731
474392
141561
301583
23269
970914
677549
121691
787115
567517
723288
339917
609237
816529
97146
35914
545968
376117
114705
503740
452213
157243
467615
606162
144871
429430
210898
249840
826288
899536
574608
538576
306031
581369
785905
798335
833038
141880
910950
128167
181628
19741
476169
758879
858321
117141
358298
33646
987716
229908
620062
125500
296037
836068
965275
585780
848437
970464
543123
303402
143909
455087
578962
408992
470126
8077
46103
250276
140814
203077
2333
406422
346272
766139
272836
38728
717206
288417
240382
813269
709850
131679
184404
63404
280323
685904
453375
812146
696750
644500
770476
395068
534145
904740
169412
754616
514699
721980
595729
794922
170294
716643
772410
875840
507929
528472
504810
823315
415658
829211
829711
848400
693268
682751
14353
489303
968868
4596
31291
742525
643335
299320
694709
633187
401628
87523
606843
445935
439202
313421
344958
930947
217146
155766
72890
12728
882345
207005
40039
611131
880838
793232
864764
944371
776159
531367
434980
97996
680568
858788
604562
653728
181939
302181
82412
320514
96203
350531
779874
630950
823610
184971
638192
873595
762199
526180
386903
358314
145416
313952
90806
68193
920928
797871
924441
622723
503983
230524
828655
755969
220593
979988
968066
806623
364684
478582
897324
955652
871508
737407
403001
986149
424543
619168
458485
626777
937003
497743
854374
730969
425471
281077
161222
570816
483900
703889
234296
970363
129064
137596
438821
323805
337557
440647
508344
105999
706994
27712
982053
207726
716692
39274
5707
969348
151374
178469
31838
845352
452222
605710
993943
719884
175477
248338
163874
760527
954796
647706
62221
861571
501700
195750
932508
934361
976487
318531
227833
617643
634254
154056
816989
29427
5593
155090
945193
23479
840704
686105
274653
224015
608618
642776
468168
712922
241868
880360
629377
408746
798550
135024
416019
909959
468180
205900
482837
985156
760292
981874
670718
526759
576978
307134
219540
314123
368999
99496
380486
577029
795375
674300
358520
194542
600759
497299
715286
559607
557968
79576
436818
199370
558814
736887
157961
578751
593230
61411
800388
406840
78759
180612
365275
664218
789882
141564
720051
416936
670836
936615
936637
179858
683785
503044
753062
144883
960748
637487
148698
174217
647354
239127
36713
378617
971859
280410
213835
274421
495546
263147
39058
857751
753825
784085
875519
27307
980768
685562
738850
191625
341224
307186
591381
737920
754907
990457
878714
359831
415388
753979
494735
571863
461837
741046
217837
195257
824892
133314
455631
792024
247119
308456
947517
648671
520030
322096
385994
886233
580491
274392
826381
623781
180879
199009
358227
68890
721983
650353
432135
368938
205352
318923
808297
909138
927091
833332
95315
52591
303425
976441
15926
482023
733684
282781
476071
675516
183602
767235
619821
91586
25641
676508
592073
251956
283266
928452
660270
790366
501907
294887
376572
772162
964230
848949
378076
15051
686483
520998
258486
928306
255939
847668
925902
623290
159947
390721
232143
538139
634447
827004
912756
786035
561775
342701
194706
676523
394375
904944
991623
307858
442303
633551
507490
797274
910573
384418
976144
310494
957225
449563
715854
622548
861590
452752
937930
567390
939406
714070
798422
321087
194990
821704
673223
448235
444347
889831
875760
772087
912879
128795
598774
831983
259812
545432
450000
417734
769052
561884
269406
813992
828203
708180
845026
483628
800001
384543
444447
653349
429592
645930
714572
639575
14518
794938
809717
930079
658888
165295
28076
984795
993990
433398
198465
599071
589056
190181
751100
932635
844126
526872
688159
522310
516289
298447
858667
451614
214414
912100
598737
538607
789524
651164
878217
757989
667666
450956
379985
249330
549092
371214
751871
915283
388441
352653
976357
305835
900724
685440
325471
768331
257596
127796
650299
736448
367297
935942
161457
58795
834334
23343
362440
802559
676561
451565
22257
472959
571716
599371
258017
768097
324366
126758
37941
823639
515240
270716
143825
811863
168923
315528
649397
937598
114
771168
933298
402183
996550
23038
66954
308377
549851
546019
915898
688543
38135
176040
526242
841196
251190
609149
810538
596580
674012
763619
504477
181529
815441
511748
978424
294670
797307
395449
608081
462124
176160
489318
417023
896663
759783
737675
892756
485275
72265
287910
857993
783993
52950
756809
152940
981184
949105
584228
962357
532345
402341
153479
275018
680078
853823
382492
160494
173122
128010
582337
499740
950344
457936
683101
794717
448554
448892
798437
644409
837135
594911
378474
71370
256300
588497
719259
27180
180298
12272
886047
735184
834223
669956
205831
708656
192812
697667
728500
887069
693251
293253
236980
11634
620893
505018
796207
710290
536490
989911
732323
924678
389405
176087
364716
135431
740332
476624
339653
987170
569459
541850
362342
382903
145875
447016
604234
671589
705421
7726
858129
274292
500201
5904
942655
511409
998712
356025
131834
900343
440485
908337
23397
428128
61317
325077
348225
114868
638521
236171
666744
171493
159990
83148
390221
252538
97273
372942
689324
191184
926682
493431
21757
493317
492730
617661
130402
33828
386247
610924
30604
566200
744238
620486
780417
346079
357316
675152
263941
553334
566011
84541
84747
474906
939575
838807
61071
125046
445854
800650
511499
628818
122436
355546
947516
828699
703551
822323
951856
282068
387162
5648
790698
563998
815119
436533
479330
244655
44124
782094
252226
587652
462404
146042
738994
331452
246541
53402
307385
714898
379048
393147
8340
784748
204699
403554
726038
515383
985015
740988
979622
465449
242691
575820
586956
510669
67405
286903
752161
607848
33570
535549
264341
347516
222570
783490
593117
775082
552669
854666
497079
728626
894118
735387
613399
710738
976701
636288
506526
534773
714613
716231
129396
637914
877199
264328
142767
149153
528184
986669
353285
158324
822681
352666
382181
250796
993228
813938
737262
133711
88538
297136
65998
729151
615030
272753
344752
110729
563965
33347
780821
941185
581803
592056
414592
693370
370865
947541
766849
223295
468949
760978
494061
236768
366559
777055
705301
702690
306196
41492
954573
673604
411234
858952
21338
311809
435354
905573
856874
415706
944496
972111
768549
403024
226595
527397
980203
816556
451528
381155
712508
839334
13596
447156
114539
661874
320054
582107
50447
19636
68804
98697
426390
507155
33457
931060
755778
794431
739053
277042
763881
27990
24512
339395
285117
895543
78738
510065
853606
884421
567718
79330
113099
423162
394215
155326
751792
891813
514459
401463
841209
599297
487668
342521
988685
970356
660933
464624
891286
458593
327122
83632
253220
978602
385472
345606
969585
441029
561323
169369
397439
288761
749910
156219
915422
22774
756285
740114
839306
905423
223815
27485
882224
528341
908824
42789
256785
799697
998210
403328
577565
51483
421000
822917
292009
485644
919652
723363
33082
862166
325496
733396
28369
953701
851960
130199
923962
216921
93019
443909
55489
350168
504707
793267
287042
473095
85183
820075
640224
408483
414664
449805
70060
663408
711946
48458
985977
484581
504798
519091
61226
754138
117651
510078
172658
84386
264903
25353
320922
382598
503510
377876
973342
697226
583106
77969
923345
907716
372156
277028
554614
801835
227218
500426
581695
745288
879540
312479
570697
779172
224085
944398
642612
54163
440985
37241
245969
555703
998499
12745
12028
600225
473882
962772
344155
497426
60555
268518
511483
45691
316396
77941
267600
665093
582398
894812
606181
811985
877404
390658
462804
552742
841549
896732
186081
646786
140650
317640
891315
450641
882406
860634
103023
75708
236287
848180
947314
440216
444416
425515
521215
95216
528854
148
367484
429851
319153
134923
398944
593978
434399
720721
717233
437313
655740
289629
344706
845254
173790
882590
611337
320620
558156
307678
962148
798102
480298
290906
539920
808256
983130
413052
353105
55121
759068
610416
596159
219301
657143
376435
611470
334616
871259
595594
361944
28899
334397
186585
759080
479033
86794
161453
668770
313383
982604
337725
707541
10013
404719
658335
622044
20790
452611
979275
213374
865765
746144
233942
87494
541213
207225
331444
606269
832167
272595
964870
493239
814295
146238
616983
638617
146183
20193
510986
190718
389868
737738
824035
914960
879632
861444
794224
331834
7270
813134
370463
781616
542383
435716
10900
895042
986102
534357
559450
839466
66002
309978
394547
457972
174151
287888
467786
819980
260519
542428
866715
819176
125914
436914
754728
833782
400936
679344
964523
993543
480478
395748
967409
767777
648257
330358
315123
534902
447273
675128
33650
994806
381989
409134
764850
250731
147016
869940
392133
144201
405366
433627
497998
869162
123765
828186
680376
281288
335635
223429
397428
111791
471904
816546
643464
221354
379162
975852
204801
523532
920298
898403
407876
237788
554247
110158
854659
934110
30329
925775
793611
207930
6072
531233
2937
97292
537523
709808
765261
483079
354668
123862
737286
712064
335212
734029
761713
758404
807678
576200
780939
168322
958945
277455
209861
439042
554567
624662
94658
621451
915632
128164
890836
940030
885689
981120
566929
225532
503538
848475
887159
122081
898062
564253
697835
347041
251316
98570
153562
343293
616946
982784
346209
776401
252145
699463
515165
950595
961672
702215
420990
234746
391788
445329
427386
596789
571155
14957
829977
363328
439263
993860
732246
604096
477610
630591
133437
85472
128026
289517
648533
147095
281329
451828
529722
791528
972717
222906
895337
676912
362918
536723
160198
774511
603779
617353
166848
943570
314868
54979
434701
682713
440880
380383
574211
250774
421671
601228
560821
280114
376824
403795
313063
535834
309680
903209
717848
311829
497734
263482
706084
962034
722394
261267
41759
114928
363870
483310
500161
460316
874663
360658
252687
94426
403275
812549
748752
915962
719999
449469
577420
995960
579450
398029
713699
953322
409920
835755
28961
415826
619597
542092
651258
394195
606298
335147
156002
994753
575822
276457
797131
495313
427780
157263
936060
460655
952687
487435
766703
458370
930216
49719
888539
827489
966855
714980
635179
485985
70922
230259
862866
943963
950397
748341
767351
395150
612909
603767
19416
858123
10935
739695
288485
540170
84601
257467
155381
505271
274732
719342
984090
125319
348260
429819
748409
384112
939199
815835
561567
190090
697114
669606
871826
83074
811359
842154
820007
70485
272943
85559
738234
513086
339944
836441
717952
638275
413448
590587
433839
630840
861071
57945
234491
355719
518556
902034
785615
565439
874297
393726
922877
706209
8010
702598
283683
978467
96032
910791
31504
540356
676599
269762
265868
856498
234371
308168
698870
409971
255514
504001
535014
389669
316028
897240
630550
275195
400897
725189
158684
654293
788145
597205
946975
749470
973623
829980
306004
652156
885801
579622
288859
746966
283912
907394
319988
350527
386320
80191
443847
232091
415441
873283
70216
723297
660999
456340
607446
911367
364968
25215
384742
885753
949085
638047
116670
33077
442445
955914
440990
231380
349342
515385
305754
878610
983651
399136
348290
93024
370781
362304
995015
236830
770417
627522
612899
205672
505841
65360
114723
122087
340870
329528
490775
686019
744697
757609
444466
722934
170782
810265
994181
161852
208285
170313
152659
954215
510430
691296
992464
626190
931024
945460
318907
797925
517783
592936
355157
984745
381264
580271
719868
110402
931247
211049
564010
284194
824832
656451
179228
285506
294867
517341
962022
637208
521712
916051
701449
508967
188348
334431
289996
78984
178380
213484
895911
170014
756108
689700
94248
449228
809445
306607
321924
933134
980713
857594
97604
685292
375459
894485
496337
591087
934333
9970
790441
130202
232982
428485
742367
113102
644085
202583
329289
367829
62871
644450
574314
550713
165050
93669
503323
68731
210633
392944
862472
520236
397423
936143
140817
198954
447885
46737
688016
942075
786438
748404
785786
632383
827063
889262
576606
614741
942916
992538
322699
512205
515214
21630
460943
877829
213441
204441
992034
692873
578814
155264
389549
696607
410269
911303
375250
474962
788938
58666
300447
502382
560574
95367
221948
767337
575285
422239
469349
345674
323012
438899
955691
824232
461662
389730
962249
721420
158478
949593
308457
204470
953937
515813
767057
919927
837965
584361
644584
307963
657970
927659
51625
653996
662920
543907
985251
276930
238570
572328
140494
795788
733918
739737
224537
208356
373653
751634
407613
134440
268749
844267
942840
854807
740098
738129
40213
266266
231406
283974
44110
188869
251791
931356
617728
403030
740080
57807
667460
843870
109386
810752
732637
429834
311367
835146
303689
571278
128610
503043
266746
741741
959466
747153
924767
476775
924324
148262
748443
100414
804112
672921
318743
921988
487778
614899
305610
373621
2930
422551
246198
970389
722024
986533
39958
768325
676887
465446
669964
32308
691731
972525
575600
214358
249246
676083
319872
452256
136381
857419
834756
819777
934665
842179
861292
908179
10083
95155
786454
663806
53125
889701
517675
322474
266163
687968
426409
505374
719887
717499
511034
904396
932507
337604
920845
886523
810801
560314
845140
416961
360371
739119
535888
701581
833132
522562
378518
251012
450870
548550
287825
906911
695730
905033
872705
112882
583908
584041
216248
537544
170408
499626
724524
418633
982475
222200
58516
654966
56085
644586
698987
908148
62363
64124
556474
600742
277764
514319
397682
59385
333376
812568
928524
543969
978966
378573
248236
952569
21013
327481
131832
812498
79791
230996
874724
140581
51674
705616
15129
801464
975869
289574
629494
682884
396924
52927
516524
782675
505008
524869
543710
857430
722244
808223
880260
148151
699045
977188
168361
144410
402574
968973
276513
556294
437752
424429
372389
505242
724357
709776
720445
575962
815519
867573
889669
331721
42011
823950
534052
782707
648955
983445
992983
353944
872134
763047
85936
79218
335421
887225
140127
451578
612588
25476
34359
625578
778680
35869
336292
761887
394865
145710
636472
7692
131052
584645
584468
963230
264959
289544
396591
462209
156121
491719
809222
417467
475370
223328
756024
144599
783049
873981
539358
646915
548698
830811
747678
201434
34053
931108
888331
419248
908116
46327
464547
739503
565574
448209
562669
689107
86339
264664
461499
885182
62441
653636
793487
966136
668932
76778
367770
812679
509277
352615
785319
916905
626661
227959
167399
194466
969613
517229
471136
16371
558729
131922
355533
71220
166506
40860
947159
256673
871948
956546
940229
765802
922641
580346
257986
108477
771425
252152
706384
584866
155828
994634
372121
306931
26040
693075
281577
496981
486307
431458
323369
584030
942587
57392
640650
473535
355161
101050
26006
852477
174193
620440
917787
50884
760622
232201
485412
769088
275326
837737
302570
37156
433252
279791
621560
716817
856711
245117
375869
132354
553571
598431
799397
291077
397370
61097
904736
263047
602916
853255
51626
289236
15396
712662
145460
66042
394342
99344
564212
130635
47831
987551
73286
44480
442785
600850
6525
309562
605762
929572
192584
894170
180744
826229
93995
764158
213090
405074
443334
336871
29474
185808
849460
345313
947671
7912
878369
836706
653464
9271
57308
202018
848479
457471
306854
205698
524460
351603
642575
198598
647539
124608
178140
724557
655456
355930
291000
833461
387796
862578
157432
780221
604420
770249
143493
690641
196428
303225
330962
184103
600350
876271
309938
933433
271782
706701
665690
472701
412217
254484
597845
337456
521135
334273
13461
103444
504482
78240
583455
631573
688898
948480
218793
374500
624961
868079
123905
693337
506118
479682
685001
442734
842308
594547
474494
793312
374545
974729
25046
937389
396122
75942
958146
991018
930871
7852
698067
237635
92953
654413
541753
925327
251552
108335
896462
957705
885304
914064
70083
53317
73558
196968
589477
577278
165715
166832
216268
127875
229864
623782
622208
311411
879702
820683
776894
690292
214607
372734
341218
365001
393951
60070
588779
501959
597990
586103
806845
746232
416820
115102
54782
288932
945285
689398
639628
820050
797552
774221
117794
422021
952991
840926
202113
290318
553950
620361
220742
313784
27404
961860
954426
716541
630184
329554
215754
962244
80316
341652
904677
202037
57381
106017
779403
119077
972522
690699
807015
889525
891007
586481
348441
194463
300984
196193
800765
101887
487042
264335
481953
869716
790425
357289
643398
89994
543217
659088
791117
991277
61327
117199
413742
896167
807956
491000
423809
144055
954330
771869
836346
245431
362920
689970
814379
312287
460632
808800
508427
312920
808614
215650
451966
300424
470502
961518
555421
86914
509516
267847
11596
438266
283874
489698
412112
481318
447397
486373
867064
275721
310483
217904
494190
318839
471002
483014
151754
745889
491670
272552
878687
514431
188408
208462
559538
511064
17154
916612
582598
844785
420846
159456
756947
608272
465838
678044
175892
148075
576527
788692
37823
668210
796727
74525
306256
907190
533901
328767
423103
747444
630135
100433
751056
71106
179006
692912
613897
619093
677519
750811
695677
668461
664667
856071
406749
547293
725497
152083
12794
792443
270525
751894
703264
637190
117122
770332
219164
679384
340291
29369
537837
72680
712765
459050
202010
822581
182033
462137
454965
517025
602474
202549
324550
822572
409623
725203
772111
381391
766088
968847
312308
760830
843654
127013
415861
46490
673053
600875
932452
669979
442084
330779
587434
9903
686067
267146
741759
116965
816037
730396
642658
850619
835527
333680
436659
434544
931271
865678
404093
913241
30920
795016
959597
873182
415543
167114
178344
559526
919791
759705
120310
320801
350846
625854
832340
736695
813697
123072
743159
361733
973154
148380
282721
372593
806480
320557
773628
365278
450573
637537
756369
420654
247552
683802
946342
687892
231354
646193
638152
218321
790723
854740
801897
338158
412291
135378
64411
79107
288624
805698
676558
913197
832258
510887
10461
769901
82013
35001
475341
495189
568774
827298
15054
192139
804481
826756
381950
822606
6945
972063
309717
27907
338604
498504
635934
763969
115994
67016
589314
844217
645308
167380
123327
943104
596666
951908
591352
868539
705269
323569
710055
842790
330571
913808
580270
193537
338104
248678
542090
632471
281689
357831
221164
254220
127536
102098
216386
184564
24284
283650
468936
823001
777606
969175
949996
27837
355173
483531
334696
120093
622247
380276
135059
529199
282191
854486
360868
748191
49598
65930
412798
386902
122640
362224
653210
327732
793422
786106
966980
498667
568135
660176
323964
310587
83448
439715
396549
582952
180882
34970
746127
902865
144370
702275
110547
696312
766462
542494
771995
700212
513438
99343
291589
264057
675880
619863
510748
135789
160393
581908
828293
805705
629892
110567
23486
691664
956306
363012
572482
310575
564187
570793
205397
513342
95248
460588
209645
735526
395176
466796
296381
91101
804340
155689
454175
469709
611297
205872
282332
39700
918794
497711
170331
664420
43640
385319
128677
716745
771895
87679
528139
493589
679284
660177
768105
175342
501591
397062
98719
596014
223904
186093
940964
128112
708218
236658
262942
471344
875740
498818
620186
30663
698225
29864
434300
992715
866126
688648
765019
560882
665426
110034
535349
966425
625512
488259
292401
92457
267198
302824
63750
994335
766747
743874
97453
809317
442672
574947
919818
466026
531589
180442
13627
370708
659242
714922
671808
121432
945948
232025
187304
168870
690288
386274
181150
328932
746543
188461
798773
33624
782620
8085
392126
589331
11337
477899
74160
876398
76485
208799
224353
606502
961139
426477
671345
522385
595446
668646
765062
949756
884616
476730
764721
613988
639402
705887
596719
866870
544705
693644
86337
676432
82630
23266
9448
520507
371964
454528
815169
380487
392930
629286
641147
265000
179984
412716
121635
870212
283585
555145
629193
865937
592160
96614
227717
996338
386971
298016
922196
261070
933127
817741
674031
471600
102492
226230
982268
529646
9416
370716
474390
968574
84760
353513
830560
893621
180464
125976
95441
985836
457595
798316
502063
592744
875336
761845
879529
538787
871038
315375
992147
685445
7806
921202
534380
314239
6579
615357
456005
68328
130124
631994
219705
627532
151152
925616
685153
828013
725161
43885
613186
884006
434276
197748
669020
676529
905412
215826
666191
612227
430050
383339
84754
455077
434687
595155
607670
987515
653176
708748
81773
271473
112221
48999
965753
1369
496329
998820
248997
590568
37908
635236
260435
821327
248500
222745
305240
249516
564680
568178
156498
676456
980266
372528
42363
846216
295965
496259
318375
842147
892434
940122
166894
225687
806164
780035
307677
829794
139609
407072
137764
834568
466193
997244
799173
277497
194228
113819
50914
598580
661460
352911
254279
212690
270545
918719
429384
320651
564291
223499
692464
78396
680321
189295
825090
565008
999882
890457
666715
12838
778295
280497
435327
90882
47483
53371
68464
137598
604022
752990
934487
484174
413242
840862
840494
963306
332988
186202
289258
115583
906627
854822
268297
36708
41804
64203
215767
817153
445497
165403
354958
908438
966920
638941
756641
699069
438386
212258
2852
900113
831331
393974
143451
236398
581463
79986
968989
80590
676494
280687
601508
52690
676587
370581
710964
628258
524305
877478
789419
251340
654565
918353
542471
960361
2713
298387
602107
415410
955841
694425
862680
858036
919465
703750
626540
630482
876608
863702
362131
552387
682669
149331
850407
746241
119409
81949
295403
497624
617905
783979
517096
600124
723361
540719
133096
132343
914447
140888
936398
530554
983625
733297
249936
37269
803047
965011
896194
702027
42599
321634
85340
35750
393930
86253
779314
999866
897364
834027
165478
580320
396774
251380
104179
357146
341447
644700
457321
294897
614077
668960
808798
870938
309876
568096
428230
397554
445542
896844
425341
270650
501870
219687
891678
461804
529758
18874
997448
104639
931591
40997
921917
411893
326802
47018
648752
196545
884206
641886
841963
534497
986907
409490
234981
27794
188711
222370
129514
323893
172711
500586
183719
125455
798164
911385
150164
212331
483839
580573
113086
861554
873854
77232
970523
63013
761031
183061
540954
333150
847725
58881
72406
995829
376898
942884
7356
309977
129210
830343
828072
636786
217455
505123
322333
232646
792361
336337
109695
868765
799285
102644
700033
836167
743334
561558
749411
488985
720626
487277
537322
355585
494115
541195
911972
805647
193074
678576
388313
66199
196542
943802
742288
564719
192105
193079
531003
850132
33051
780160
589353
273125
606052
868511
82922
127323
998806
654832
328591
874774
771396
725593
681561
675776
45559
23199
714859
376889
647026
231651
347684
753780
104374
492986
263076
572194
330807
186120
875262
472485
13780
275467
16846
569797
819076
318043
963081
435518
425081
26695
275365
7984
689481
316834
171530
243775
565333
101262
968377
537838
877383
971092
944613
804650
116585
984134
541781
203174
915710
365776
585842
712598
421811
993009
374367
452488
153817
345458
696616
737680
460570
551947
118952
808009
258730
823669
422155
852714
562012
452621
761216
417553
47202
153635
3725
992523
585563
15248
343165
297887
959176
662327
373057
903817
665859
457616
190155
761882
596546
498706
439460
746060
287933
43536
974573
19830
615926
857728
40048
964634
811562
30680
809826
748444
536786
58514
288375
171854
893398
707470
962722
674214
265295
88597
964584
805457
591159
824864
319968
526064
13535
371849
850337
378797
59021
351752
714569
731841
131714
140108
27266
856143
637311
19471
977305
795862
403324
850677
998057
678193
179496
443542
700250
999091
22431
100494
672385
401414
456603
287153
867054
79219
206163
420700
98385
155329
253934
650471
63433
285748
288866
738358
961227
13558
391534
329455
597291
692564
891824
909254
350858
563167
223075
929907
764037
206037
450516
444881
180368
469040
587252
56726
151298
202908
942801
790963
416852
75139
343483
441078
253340
677560
105651
407936
707647
40828
127215
116390
893635
623532
418043
65000
172354
272203
545465
801100
401338
143656
362761
686614
252866
763820
475843
429591
174210
416737
112749
761877
183075
194106
646604
50753
886525
385513
739723
974659
366399
123532
84468
799939
224552
971595
701894
635801
245162
889578
240689
926828
322440
445052
652938
376532
587782
736982
69791
984375
447597
418029
489564
939350
953400
499946
733838
1532
634431
908111
813932
715283
438020
513356
172382
432707
162363
104426
525032
440791
975095
902828
42076
134625
170747
744286
901488
391377
610697
134176
700530
610126
788315
808415
854672
60315
408248
680109
716507
568932
153327
163937
969290
375
442365
823396
499548
288474
992692
122780
407673
496129
988716
732218
509047
248937
985687
947551
996346
437140
401331
287916
241907
496673
192728
848741
104265
750279
250737
994304
530964
184622
543815
303760
185989
944889
950537
681380
42644
153992
254383
902834
728135
672783
989920
768941
655988
952271
881210
728434
717795
672424
299306
635836
404359
66148
863890
835210
338940
40622
335766
680927
164127
227424
263684
501027
688906
655994
170461
103
742890
488750
696068
52614
426687
965399
892610
822503
796746
185460
7454
379849
275781
399186
711538
5714
281285
789660
890041
370061
622644
935075
962507
496574
596849
914923
43076
464393
226800
792490
550992
129881
415806
819403
33366
899528
346417
118540
776385
432675
817370
437070
611064
190296
971197
108406
974
687749
410106
493894
438885
204235
502549
304802
652699
398822
696941
789818
226239
140165
106575
615511
951788
320334
821812
116427
731993
69717
864867
982891
413189
342383
30771
57387
596113
134804
535854
620692
906343
14639
444498
858340
836632
287558
222193
660930
937284
623425
805020
895858
390553
576908
702239
952896
343134
781776
884946
419956
350180
201603
498192
800048
703563
602695
307424
856260
487338
962812
795314
965214
512792
462731
677369
20636
534358
707007
691807
544834
946652
986189
547113
886663
810996
353001
424906
819131
600063
157786
970594
15011
365608
107867
370515
391394
510487
773963
479964
970989
411976
569981
308460
276295
575562
329112
198389
309808
68579
128398
526106
642359
338562
131051
713451
494985
473230
697881
556774
614838
297703
505796
535412
668451
668016
486438
728903
870720
825051
547535
86708
196232
749399
40305
709618
726743
30951
643841
730595
815502
79138
187623
140952
911079
802641
428757
8084
776273
672492
87209
733308
713414
728957
974605
513017
515853
290636
432444
630099
839174
266118
543461
666856
433635
256329
163112
349320
455158
285199
695037
89136
818724
546484
769460
797090
223481
955045
786198
883805
844566
734695
18539
599678
415237
99137
717845
671475
962029
576602
689496
284384
666949
533247
127088
927826
278468
528513
739068
935483
219532
888607
804630
122139
938791
848317
630940
424275
33337
54497
587775
252753
619538
543718
652996
273714
178916
459924
710797
713668
967202
484143
276096
360806
675060
921258
467734
38156
889620
653881
732418
975775
467784
424068
122107
522753
996348
665591
332520
820078
872123
740598
168615
23230
546954
970798
204155
733382
174241
33543
331984
301279
89863
171061
57067
437886
5897
954990
538034
655426
499414
654774
662933
883213
208122
857238
396617
751349
737643
475583
383692
37240
578778
511253
499478
691489
52184
347063
923325
842121
222660
474446
607641
922487
789946
935980
445058
600290
918349
595798
848155
788063
598506
857897
336181
296409
565985
876120
48102
610076
387348
522961
44802
609872
752251
481855
20793
913538
765457
22632
959501
918622
114101
91758
696825
152610
698578
276275
926283
742107
207916
276791
221754
104755
923927
103246
893649
730058
108754
905507
166095
99291
322338
982064
390620
863117
509850
397400
234071
648856
390140
821540
601930
993594
725400
957695
115030
556849
318764
401807
728551
918206
827145
46566
737276
680536
515394
270662
866842
993216
357832
544929
557779
13891
720768
544013
689132
579618
592281
621526
979410
285715
898828
453897
1818
711184
457417
828958
273707
116356
411921
687222
646312
170417
617098
488212
573648
942027
535056
928499
383489
576455
159752
446972
177225
135016
905189
836962
112120
539513
779671
469224
38590
740454
711153
7875
931811
840422
659388
343133
712285
813014
376023
738038
621265
191714
501385
20453
742889
641756
484133
641149
482254
32366
75096
750667
729218
617452
910099
545019
100061
932867
981711
793434
483618
126415
174721
719605
136638
369352
738332
122209
357084
303643
115262
677780
375783
528599
367352
826929
137437
377918
920765
645409
446541
559292
408806
26460
116781
539380
776392
424474
779893
377522
813944
36396
141835
401262
100629
602869
997810
961843
101018
822551
663910
68509
961081
536447
21654
522251
749211
70658
861366
189317
85202
310452
703331
90518
332956
300226
278910
414956
634242
234066
463922
166311
561008
212074
62853
575389
407656
105261
626208
81913
530026
57159
346156
543797
829384
357098
705736
41219
140491
457970
614105
538694
459227
29285
201563
467941
337485
393705
42654
503940
542986
397058
997392
165611
195371
133578
781679
13077
127997
301197
431001
319127
407267
474435
32703
76907
105115
926250
449976
490905
94361
980800
140402
471169
861903
435994
323779
43847
21134
5668
846749
699099
227014
130614
306720
150307
785577
614350
669258
660552
122286
947824
115914
668378
871922
665970
820449
350137
346198
166986
612817
417664
19145
297879
598288
973373
87192
233171
146374
462420
364140
409343
440287
771220
257800
776229
679168
784957
790146
529254
942223
471334
967766
470076
232765
805578
18309
718466
851137
805616
15001
603703
381449
438295
350428
795535
152460
479360
750500
433862
518955
162392
891091
184112
489037
596482
388209
30924
321590
217990
722411
554669
24112
544693
675847
131878
2276
548162
39074
379032
36884
561224
822096
32526
637682
285776
6395
973399
534585
84023
66421
352484
58231
609959
896163
452220
254169
808053
778923
800680
740970
670833
829964
228401
885832
726521
370858
78577
291759
108389
36888
734233
663220
388364
850176
806918
947886
830242
209761
288172
94849
524859
815143
940975
840072
604974
655974
350544
941598
338389
675378
760900
232905
408752
976541
641953
166148
22313
1934
147057
485288
146537
417974
188426
13058
981876
922115
923871
427433
810344
917825
797838
348272
440986
756006
993030
363596
834042
704394
626452
704901
425666
897621
92368
550458
675076
238935
830082
532584
243511
449438
357571
369795
961289
532368
996457
885132
309204
417853
297327
989054
12113
488340
231676
929843
526412
186485
363681
637625
480292
615790
975368
744835
66041
391552
994905
50072
964368
681932
845766
208875
453729
733569
679881
22215
864572
661285
263535
802821
652717
118121
670245
462309
92908
862059
775118
322821
949240
738116
337999
854432
87019
595895
223967
638271
379753
599144
690519
527590
260401
836738
448629
604149
216391
167287
443733
165359
822210
307065
737079
69113
538159
774275
309123
707995
985311
590291
694667
587467
819662
793978
914340
803938
790465
135812
294902
82993
272387
560075
359222
190254
460278
750659
760790
181217
677932
50051
654768
924656
695270
910560
392027
458181
302583
274280
997280
179358
712903
2424
12103
789425
14003
702267
146186
595321
672018
923327
557739
629345
779445
853601
171532
114178
645957
383743
537612
119564
229932
83027
290995
375173
275164
997676
465453
90978
742903
392900
159564
862651
254451
664562
521473
814126
138071
544533
749486
409643
917419
442154
769835
941694
999056
929856
918867
186578
786308
951944
567657
78821
399684
942139
292006
238341
737766
775332
185119
443700
600173
460399
621280
18258
312686
39781
893048
561859
386832
265789
256534
206201
241840
245817
997137
995347
797196
697600
592221
650879
185446
951169
229209
434152
750440
817386
10
432490
944450
610399
912159
372173
138684
936635
798915
175224
800983
155357
547844
645762
210408
779057
138778
737938
204901
747954
163385
199507
220396
755898
44102
204399
943450
738151
907448
529286
991417
531052
950940
328331
297585
941298
380091
4591
454376
188981
975611
843211
462574
34638
987748
94105
86892
629040
92608
959972
173182
74577
11934
862708
189725
583985
835531
34694
126041
356500
296468
822776
429927
523171
6037
51952
165953
197983
466925
455658
936066
620506
187048
693903
937908
596175
377958
646665
436582
501669
986909
86080
908623
843326
428480
996713
225665
970648
493033
813359
115111
655871
743267
164144
622238
37090
571409
987422
361964
586114
132989
338822
507745
770246
52929
866989
300745
755628
160972
499222
112650
248154
655954
292833
280673
823506
39890
619534
955379
434308
261765
540126
862610
291518
28192
462479
740031
494662
373293
838967
277161
501966
336364
229931
371092
165356
142839
962144
505023
769982
139383
176111
627745
850293
706566
36062
25903
585627
310549
323852
546314
891946
932950
112100
455180
214833
202885
837458
48211
163177
913618
349633
193718
453576
947293
71055
565453
96396
838961
527887
66217
487871
938364
428884
535949
396452
189143
606320
186957
676916
626392
570754
381066
266787
657379
123431
302587
453696
495892
788167
267645
725224
455188
965989
289608
470885
500119
834136
426763
870455
633241
47277
32977
191090
632630
787421
948017
957423
695786
151599
390302
304912
276874
826614
457635
348909
652142
303439
608390
421316
434950
911003
68209
331708
91707
648549
917161
24822
546283
516175
468034
756599
784120
129331
209317
536159
287173
988979
67813
262340
225558
812704
286699
436351
374765
978711
740138
6043
332030
894557
142446
189277
332697
395940
839801
404502
116620
859611
775817
283179
431957
387798
740931
672605
492064
491175
971852
519795
182893
14677
733815
46023
149756
366040
916523
433600
174007
888374
316533
881711
484769
731054
798805
602803
330904
662995
217578
964906
427846
270954
548352
180063
606868
562571
871240
786147
662694
727415
574148
388216
620891
340078
179555
908673
538911
550322
631688
191503
400741
262605
433290
308629
91077
987157
650804
865662
543670
293384
740188
333898
301950
956172
899288
851591
715960
881973
235197
347969
954984
305276
699261
363441
479708
45342
114952
302942
536902
977391
502803
603960
668772
133243
852052
358852
396304
87565
707568
208038
58381
756102
654728
979213
845700
495465
534209
23780
283580
328315
436723
728331
347587
650038
726372
260299
927374
106574
462335
36707
302713
985677
501668
106480
350508
511544
574682
11285
64798
565587
114595
645066
347741
722102
492633
725200
211168
327046
870228
100655
864410
263331
656179
226629
794330
963156
867474
112615
365718
29218
347980
743231
680584
836224
102846
192134
880962
864322
341313
918505
347150
24620
674607
580578
203590
735958
517766
270706
799811
598072
846180
488701
469870
256856
552882
718465
114482
488909
819294
325202
423552
570362
501789
202974
946304
90593
22603
178744
887902
531556
543722
902257
37913
160643
110288
626770
919210
592683
974663
920370
683339
416222
468015
103191
389067
392769
398528
562890
760091
796233
872810
125715
767878
966146
403613
310359
875838
446908
73508
147978
669521
392146
363116
404475
814168
917091
810938
991380
680672
239100
814607
723946
133737
786191
496923
44393
162405
397980
409723
484535
756454
108720
815583
334685
890020
716384
535838
495647
254514
372916
680940
805482
190684
261593
674992
981897
242404
645502
369484
776806
506855
534221
122478
932980
43615
611793
257837
375255
661725
225384
686260
42290
212381
606071
244106
518379
165766
782194
628489
101106
793823
506460
233626
928574
878923
347573
785735
787619
978637
108537
628383
544067
819770
515526
375629
163349
525250
268595
692790
555612
481374
606988
994926
477520
640184
988733
694394
376935
487781
689040
982824
478951
685392
229884
906285
75158
895768
68971
592150
583666
587553
822013
680012
710328
748345
134591
771537
605834
396921
839981
986687
18022
86882
92676
953404
374981
409743
188466
17437
798425
84208
497371
311230
379322
554080
577422
113431
402172
992410
181232
524670
312680
798370
347240
965480
626662
612222
855332
828055
947205
207707
70111
305974
988940
448186
478210
903124
820911
105016
456550
530112
260701
349688
761336
103229
801718
572911
607798
791714
951834
35467
912086
487505
87901
940993
303813
227345
325206
73202
129036
944395
565271
96249
860495
113310
590455
455059
816624
961823
875082
640171
484432
559152
214066
187330
935542
488891
786511
841720
318920
211020
588562
440249
301685
951689
826671
980679
380853
590606
841905
293919
218856
690921
330919
999883
663387
137391
666364
892292
186410
318713
64356
965697
801279
875808
889592
98894
703088
828775
492265
102630
889945
708403
100410
708194
918248
157851
376371
297720
764795
563547
634502
698681
898983
476413
418848
161983
265428
442294
735554
178540
433046
146623
665635
447495
976292
341514
73572
175946
867960
391501
806810
763037
22706
758649
9915
236314
923164
48468
937401
542664
99829
206098
481885
371478
997595
300966
734458
645778
170859
378471
165089
233146
218885
511495
328745
462237
341634
280042
71100
619486
977611
796724
977659
184792
757593
30671
187995
200580
328033
731213
544661
925258
124533
308895
232724
20071
497544
466027
88023
46163
349477
665251
475644
381446
10826
528987
472311
166654
689785
107126
68134
44359
221870
784684
495227
145789
878425
893707
769963
394341
187930
106598
250802
166895
792092
871404
925884
863834
410955
523862
428215
417462
321843
37690
149875
226821
670198
328189
397106
996475
327274
15398
497170
42725
586829
834061
302502
346674
645384
939996
352569
683863
335840
210149
645299
904428
328940
391262
691049
169856
98968
487427
448593
684098
31933
418779
639251
150175
692922
647857
691909
520371
655317
924169
445196
986873
67902
101786
525014
901789
520377
136579
494569
92166
859600
809005
654636
154275
54675
921892
130197
560553
113197
723933
440205
91426
78515
136671
218724
449917
336378
597106
973143
96986
565942
697865
74827
108750
614263
187036
289474
944367
765806
336481
562350
215381
2900
295672
360208
975800
855720
120351
451948
149985
411021
392405
962344
921509
544186
699306
210478
479842
91905
405786
833490
293130
745059
42555
782039
36617
79144
715083
861524
264701
872263
149558
141638
708734
947720
138210
586917
963895
417247
796072
121330
429661
333880
809846
322252
231225
898329
149398
117703
138999
548237
638482
849790
935475
467922
427805
737075
992332
871493
876412
162180
381346
39974
823933
777727
790182
543604
875143
870788
435901
644251
579864
545456
922847
584568
918654
151078
145055
756438
811299
825764
208857
386990
549075
394720
899920
142964
14781
782387
569601
822266
683819
249807
957139
269975
526239
482014
717909
632056
334570
490637
217426
151358
912428
98491
378266
130434
89382
583245
357676
993080
932157
689886
735357
21105
168718
888788
158503
911546
90088
950990
4081
754274
241002
602489
141431
870105
518906
265922
68278
583284
219551
18406
502582
848333
657444
216788
836296
251243
714288
625648
699986
93087
263679
240738
389394
736773
622460
800339
291479
793074
246015
250360
442559
437727
33936
410266
446582
126070
847534
447415
958155
829115
225195
173430
515871
681716
50438
65209
533769
148114
746615
36441
29154
661920
161439
848543
469268
830457
954164
884071
607844
165439
29984
809875
922558
657864
217481
807622
310529
976662
174843
424558
891183
387103
114092
494925
534912
372921
986201
593910
865235
531425
622734
384740
843904
958695
247621
769591
318793
524666
577574
801484
356078
191628
111213
802807
817695
50017
771434
96160
853260
917689
367777
298423
929177
147288
430929
153493
118893
408943
152594
834160
79722
278952
992791
162643
82324
785496
889784
271016
484025
16123
837215
450204
933468
512988
558901
15476
523568
694170
484289
140901
408671
322506
374256
355844
911934
770069
761278
449957
714556
380922
453896
351958
18350
980297
278439
115768
989776
957372
124537
742166
996921
224503
244684
660336
529900
399807
115725
396295
397749
421880
482484
862344
771901
594817
780985
503648
411127
155193
949732
583289
568733
959513
870109
811727
180934
957961
708866
486699
400056
825147
829468
963349
250870
978706
44195
483455
946068
573824
996546
619443
131902
599933
666816
887022
243442
98636
357928
148108
208177
322135
773224
903314
775628
111051
905
70855
79124
93078
627556
907032
942516
544835
371736
766643
118105
716427
691856
131082
109058
825450
79709
753610
661146
165919
266743
89078
460678
711470
891519
513751
907129
725226
985410
458364
406126
791685
806458
474270
336524
921343
411783
334993
279573
79461
664751
647383
436980
545141
21429
269501
279777
546511
446966
719281
264353
901739
701528
704929
772533
129259
28824
776169
656246
555157
283678
867672
69569
199779
18626
560831
260706
851316
489850
692036
635082
351589
955488
218995
188500
608452
610117
862871
775430
721148
819353
86910
789083
180574
632210
281139
524741
158634
818567
508294
194916
703163
911131
812090
357077
181679
182403
386148
499309
783310
302044
964224
719255
336933
438487
214157
703734
353602
289913
388036
685933
18703
752016
880122
681433
564521
770721
359172
641547
868283
843566
922297
652951
278422
525232
232064
701578
939345
229010
333290
495790
976516
280604
427800
356682
118510
693791
524303
436096
257090
451721
218460
119973
436032
32183
327393
777282
570449
635380
808925
635442
968381
76053
284202
925786
501578
713659
211282
82160
461383
619192
767981
635474
967557
639569
669719
468089
944910
575763
710744
85923
530130
478219
888067
141804
992372
3773
494733
740666
535761
989992
188321
971077
304446
503957
800090
245050
360459
281531
184973
545784
975417
679166
208716
253840
601611
114030
193879
763967
819125
969375
745121
53383
709198
809649
219734
313281
944836
622775
965666
785944
725557
838569
234222
86492
580595
402664
400697
314415
371422
624594
970461
97795
783684
282031
133290
148827
281853
813635
347393
836384
121829
636534
615237
373799
745917
814725
59154
65429
223326
687951
322541
517103
638580
361176
926727
379972
672177
986599
459371
398559
795353
427882
886725
434788
622895
613618
834480
479395
320764
411019
519813
279337
890181
280049
105799
4058
161754
819061
644575
214823
85195
258500
138242
577146
808254
747337
293068
437483
854815
340855
633542
764315
736949
879286
788359
902992
260455
557238
883119
320670
604502
948973
125104
103390
636347
341248
988332
133165
924990
588120
930490
545956
750520
255604
967135
837033
564060
27987
238537
428700
220316
526667
490447
765642
624710
952161
940009
259412
644252
830177
974808
259565
803087
190154
275341
852381
470414
712762
691278
943174
701247
652356
33370
170595
767323
735805
240938
454222
818950
791419
711291
811836
74257
137794
263978
53540
626926
618752
255558
865415
2091
559002
719056
418492
978790
556293
350854
666704
289653
811781
179164
531543
62976
961036
274132
272544
988670
792197
355712
35880
483840
580607
455163
58368
617402
997806
834572
257581
516500
630358
296521
806565
268785
147049
383372
401238
343459
151317
14250
298072
353810
650726
466298
121311
771910
880860
335594
549726
651239
142885
70062
24541
547600
853057
374705
467735
944489
477433
967694
589754
470189
461829
319795
940486
238083
335847
679188
64584
627444
653097
49950
636124
149863
383600
758099
987769
535031
918753
70425
548122
652528
329382
805560
971255
257297
381110
970231
360357
20602
55758
755289
118102
617659
531783
707921
979601
313236
112948
474895
500207
487226
55059
141162
762751
245071
261595
700899
2625
568789
639737
505104
643173
946445
163846
722144
535302
954937
887316
277197
481491
719699
778791
581917
288786
268387
197571
342292
548987
905601
900065
652217
687104
104423
246331
359811
414764
529650
712006
108393
845173
389952
126755
642332
398522
101471
594824
47531
491926
344233
419172
162846
628968
571874
799086
288163
532078
546015
58915
167340
863875
395961
118771
242041
533021
910502
915357
122447
497281
808290
848892
586127
262705
977373
426927
417991
905953
602724
828449
527097
365984
892286
123105
786700
838525
933905
527867
463207
174197
901194
664271
498626
411688
191596
769410
899901
666120
604922
28941
771933
453855
734774
279474
216322
292103
536835
841887
386391
175854
586
820660
401495
415060
360491
767231
510721
576096
66848
413307
378811
388536
966145
135701
168656
484120
372959
699995
672728
571912
985904
267844
515893
238717
477284
347350
953273
504718
84246
241400
483365
348948
426573
9746
197507
549992
519575
689647
213518
910250
824098
756627
32569
692630
845379
64838
320405
777706
416076
67053
856651
695651
699257
940909
441021
732088
874737
878724
311966
605684
626334
61050
49717
355331
482609
460375
354284
920950
727166
627636
331958
197154
864243
568239
939614
611560
1782
290040
678057
902991
310555
420296
151016
422284
238591
816882
821404
825380
488260
990482
250373
440552
603048
30561
276809
588511
810948
441515
642430
80834
413151
41812
124449
3245
190245
520546
684259
481191
589815
172043
419080
260998
427084
585813
301025
548853
683110
665695
231705
6018
796898
719973
177733
442905
775558
480644
254560
701650
743008
901351
578171
560759
105730
470292
934049
718357
253401
883956
245064
748911
672097
304295
166890
635950
159393
188532
157883
419278
98702
182554
693801
877773
499399
244644
550622
962134
952664
129379
445022
139626
230948
133267
608681
72828
260774
115245
863662
852721
247982
98314
232215
759757
46008
785856
395221
530316
131912
116874
303830
210783
809054
44686
10055
578756
53127
370503
773689
586496
770576
68564
612769
974332
147350
74524
473018
41530
789177
991964
61893
173106
761711
225422
164016
127565
362868
986039
401301
68477
918559
482126
51865
189623
97424
61828
873973
394510
529670
715956
865617
143725
657869
142761
498124
409009
395220
771526
587864
541985
330589
18710
411651
441675
489677
854513
423203
795911
808196
665115
534150
480076
433788
116258
411126
296128
91835
234874
115109
299674
409474
330291
409951
913040
75672
53533
102499
850950
976681
34070
750480
322315
454479
598349
307430
53595
808365
433288
203171
783942
821753
357823
404281
24676
939957
795028
222326
106110
408540
640615
458224
51364
686536
616446
618986
309331
124423
549966
220880
662395
514408
897662
467330
737876
516979
180513
786870
174964
781351
358208
204352
354797
107278
144266
2483
437379
940780
757785
692578
190856
686417
930653
735103
88790
557582
941863
151717
326825
312324
384660
545713
826455
410456
401108
311371
218156
290754
463702
135875
60582
348293
584594
589718
66953
934201
366770
316367
559968
518852
169246
224394
943250
397543
833378
103700
782237
354484
571838
695214
51761
773022
792459
957424
64299
508073
766085
677579
451692
294592
974457
55143
871318
753061
596812
640099
217667
960165
898657
880671
429496
10650
180430
563821
181360
617681
455884
516159
384312
527425
697112
719335
493617
501453
907871
200710
743845
190121
49391
717502
22534
772761
463819
797859
303011
425997
862767
281786
844186
127425
445660
967607
745424
575142
154618
816119
80626
637833
855992
31019
145143
697372
524889
912657
562314
759038
375221
849876
657498
309572
876475
562058
48803
942108
42498
6652
379666
581679
770110
749957
899691
190040
104244
212182
643827
302289
365733
977346
655236
468095
219934
653322
180362
237323
75590
606521
468837
560307
254016
513029
465893
971578
565046
102031
281343
528073
553221
708097
527532
601234
280167
488373
179525
175955
26854
326867
71328
786495
957032
371168
202100
836130
113193
737996
510921
244206
636667
794253
607311
540260
311598
95179
804635
298762
884012
210672
774969
746967
764
332235
188802
667776
300594
726921
399724
753124
923083
116177
569107
830299
866650
968748
463292
763126
830312
598145
205997
931386
483809
687531
30642
28589
156153
910064
934795
678951
780305
190261
782115
906142
201977
577185
595938
964492
368022
173055
677407
564337
287987
653500
685249
399805
952937
493585
682147
222100
364945
314563
586102
678068
278975
715226
93025
805345
647984
404847
342438
169790
472497
572909
23323
378191
587261
956438
373080
87629
709494
999054
432902
103547
828354
623188
186515
406068
480464
993663
113612
66681
564235
475604
275430
826881
132750
246578
788626
659068
259927
703560
517664
504758
541983
393606
424778
25424
627536
748713
356475
274686
29974
93515
321858
659204
305214
102290
757780
337979
497521
357413
297854
493782
745781
875426
912031
706754
757102
783704
974276
571149
149176
973106
391249
816115
852261
442783
592786
84173
191369
929554
913044
348391
717857
317411
464737
499566
886944
170515
17495
66952
537880
247149
970212
140926
281153
288775
155488
163092
573034
930024
175431
383290
484985
469187
882514
506203
549856
307874
105840
409682
424222
865246
366118
240316
357935
888458
367808
525352
418450
549552
630899
73259
134963
836241
705105
236542
133332
455079
663214
965624
337231
174326
794578
229464
807525
376652
242842
411180
308597
358975
814563
142495
95364
787398
348378
248683
233820
712372
878767
229595
111186
506856
340220
333661
952407
409042
790432
923179
122886
934354
996046
181747
935525
428761
624905
194684
538261
508534
396347
390718
164869
908158
701479
284554
656581
372104
540091
880338
790919
990704
418262
991497
554819
369761
717
813900
785221
317210
602675
963283
82756
851039
974711
615718
66899
417279
389995
503104
783729
239939
968351
509439
88827
539056
948524
166340
675521
426361
218893
556525
365237
675397
740327
872236
905407
82904
265065
510148
178414
35680
197326
753632
798282
968543
9023
412304
234885
817519
812886
354144
698960
405111
220094
696265
151926
958281
585489
187125
129972
854489
665020
305357
167887
892898
733846
787666
404882
201824
135746
322406
910146
630447
980212
30258
821517
822818
479947
804054
739787
259133
839279
325619
718940
505642
190573
562938
231917
335765
201643
747680
761213
62904
705222
490158
685453
854385
278410
218868
777572
316238
732237
986846
114620
623659
609768
28254
591053
652019
8211
892489
511347
75778
240860
354686
101054
96555
856644
384960
769302
38037
747237
557961
785600
302120
448179
450918
20993
255897
81545
723132
771733
966515
12738
906007
38208
878094
448162
576236
768846
110691
33840
375282
899
945182
513122
798887
282021
947863
263311
485264
751908
333411
23104
21459
128443
354453
147402
914179
379978
843661
357230
152172
794246
270807
440463
364037
708416
672881
685006
7745
3984
655786
506436
773444
130846
330854
181275
300723
144140
321342
686793
482916
779459
480708
350314
917877
773593
658340
346233
680120
106780
471078
210604
655628
699646
20111
119017
803847
898717
719079
857192
961039
484589
830934
607172
914280
922562
966119
215681
173936
3577
632229
427418
62792
998265
577281
410806
138595
977843
612138
81814
480477
97956
340323
912024
977515
971442
180248
189038
377815
447853
892348
547176
308103
666605
788296
378551
251727
741041
72280
800540
829906
291199
32681
948712
734300
234769
584194
575102
93606
786255
253591
80376
386640
287869
390494
307765
467834
891042
282375
29585
580652
334692
646335
98799
617562
435490
508353
18952
502592
257086
508295
20946
240004
958656
950898
766135
229949
875710
634821
417482
932091
138400
280368
238084
179001
63275
315861
403418
106351
538348
322664
772151
950724
935165
105391
48439
208041
992399
54241
86900
737803
997956
236132
263807
361637
251592
30531
786651
271459
447524
114269
222701
127856
502804
673488
811334
326069
639715
666244
507217
810303
397091
407329
679638
394623
494470
388320
105320
50667
250269
401983
928561
732865
159402
92814
760728
297067
203747
851239
39180
691966
880326
860528
631900
618375
137891
358202
986283
832933
127466
728444
761283
704190
199677
875004
379653
76957
446379
471978
329283
859231
27178
336397
499416
876743
201791
821736
567709
136814
833990
572344
835461
712855
782239
216025
193622
712096
481717
946759
679428
986517
392428
535554
806700
442847
543783
65548
767146
149747
835020
314391
452420
263955
633557
941922
179664
802344
346624
871626
677915
555389
500917
568309
607926
438509
570377
798960
61665
396929
93828
326809
9866
290293
754865
257609
81735
650384
740106
529308
725620
927540
847410
960991
318138
970204
911024
901064
324183
588796
628978
396196
740506
149610
418190
811601
170806
11854
566028
918269
839413
18360
484921
372158
691794
615534
17017
386086
640738
834246
354007
582317
226402
977050
291178
905873
975697
796106
39031
513456
109834
846648
483468
773046
372118
962619
20905
698614
879499
792068
137069
462058
298290
405728
507332
676668
506634
518475
949182
565990
752491
472506
757746
819761
44592
358457
576261
186351
653013
700202
438451
641355
612569
968186
923795
710136
77735
503726
630661
603988
526596
53363
176223
692216
843783
895507
873574
408085
514744
660221
223900
95074
383946
608241
136186
408243
552835
40541
260446
330734
295517
154732
428195
193171
960063
397777
390326
297421
59136
34219
228051
290033
134225
725051
108298
539239
393635
99075
861728
245343
70149
550323
733913
248371
783576
979397
804344
23103
649350
817889
50675
899150
29738
917099
447414
800035
381985
712048
314528
828153
272118
68441
190905
684270
131458
100648
946928
25423
927340
694152
335393
928429
897319
851926
502380
755358
105359
343289
201802
997550
789840
331544
822913
908771
927908
201916
637042
504428
202233
2756
918544
741862
611696
200319
441771
37194
182594
172842
140266
171189
118397
629701
440919
932949
186004
944149
706285
528085
66351
910828
786182
134364
518150
642757
551795
478517
242737
697535
675799
667328
442723
887349
417371
648235
695678
71179
163705
348873
417643
138408
488767
933120
300191
317612
124835
53892
698175
464438
541938
101117
45996
46288
495756
85555
183796
569316
834638
192130
25976
925727
147354
503580
984435
547702
961509
809452
144937
344402
465829
666184
656605
924928
38796
277465
476605
639702
312752
947171
714718
867048
20245
769127
942162
513421
118030
625229
946718
632577
550215
19403
647255
398889
10839
828684
579471
593992
735766
495455
583733
15979
156846
14858
329093
583437
796104
3636
895385
467914
280717
604395
168453
909139
436724
801328
319119
49838
79455
654394
761647
455842
297125
297589
88318
491071
194095
759730
729050
341003
155988
411191
771017
448991
302545
640185
22522
318586
45798
408639
389296
264646
193370
658929
250971
594202
809708
10682
919060
485036
718619
645512
844594
200355
615890
838896
589451
979915
11567
541615
952459
805218
417839
803979
607722
385679
112119
479513
253901
306994
568257
67031
696699
243606
157537
83513
967930
882691
595187
281729
66310
572913
108452
336903
18455
99289
257176
576394
3233
448703
202811
60287
246832
974017
580570
741072
776405
552033
499680
9144
715681
861890
159351
235906
769474
399029
275323
768393
256024
767858
455751
525967
765607
397571
912219
858317
636787
308055
813434
304352
972838
883147
796837
696611
609410
610371
540645
759691
952310
306053
249015
698061
132847
197384
566514
873463
431607
981023
249075
133112
670470
515251
289138
790875
472554
981640
549226
38095
488877
997658
1013
875955
810190
907583
680661
807348
926903
103266
547536
349627
656091
89765
478240
273855
74011
249261
924089
951725
104909
630439
591893
743276
478013
515553
250093
451038
489109
249121
273697
387739
787287
874943
10976
679339
278194
166751
712664
206962
161089
949777
636305
743559
163614
118304
3356
426065
721095
260952
917770
50646
363523
416800
67878
113856
44356
16596
505804
352749
737021
900483
719363
859867
814514
415144
110613
835666
945243
710557
988818
523493
437306
265880
385836
399605
72417
453101
724257
251795
613434
193
57848
913442
730804
713363
966653
596682
868403
496397
642981
977576
910001
141010
545807
66374
758784
682552
633090
552097
808540
350381
372545
13167
743958
461708
771809
690805
127155
730558
543170
358872
677164
655349
961812
431742
597447
406649
851103
114534
832801
526775
235305
508283
479450
561980
628839
766821
889334
266209
989473
810573
907185
720719
933323
394792
716715
444235
661523
601049
902763
302452
290892
64102
465782
675358
841340
175605
82779
275690
510099
583635
278133
762533
327737
514209
592078
159486
15104
810267
745054
804193
404985
956166
73265
788084
763554
81846
24166
586797
456509
224313
268051
479886
542139
828772
534278
322814
158679
648696
445095
230725
100544
397615
917561
350185
829631
118735
71574
191278
209403
139784
627576
791839
790353
439641
675798
868286
36171
3694
998463
958358
451766
788300
731657
655305
772009
191922
464924
326964
325477
982315
73473
294424
159628
879166
123208
73404
874736
458155
467100
745230
772900
271053
311507
537705
421749
826429
328354
75742
751845
78006
101701
666871
487689
200258
775374
239311
982815
67835
423758
610136
458487
107121
865773
223091
684713
373749
138564
488044
839399
451199
166850
633798
263926
249441
960783
562785
139677
252574
907928
432313
755466
104715
775578
297318
187060
318380
187340
572132
184972
178641
559993
831719
379519
483932
205290
791856
465764
597888
969021
859522
182990
782643
493729
688597
15810
836799
718810
236978
435778
813285
285665
57073
748168
39406
184168
166925
327630
455055
228539
970465
996746
725688
33090
397762
436856
104121
811043
885752
48591
576081
257689
562645
783317
203374
306820
940302
63354
795341
131191
821072
710015
544276
803954
468921
724989
995929
54626
865212
950126
596568
25302
482019
709175
476117
634395
218493
11576
620894
985033
405396
175712
7902
329944
19291
875536
742424
323147
672307
646622
246335
502922
474266
754421
175156
941325
133425
161753
719860
618728
283848
381981
665333
149256
438460
712310
841837
577052
977549
269816
916567
206077
937844
416101
189530
340089
417387
520100
895740
468255
996271
951709
13045
659754
400359
99959
844702
610952
81887
734828
189064
522629
574469
127785
554713
223220
828983
694450
712330
662855
63612
922175
576037
489410
87392
819107
952674
387580
340837
413618
976103
75431
457044
646115
90000
465068
134696
810930
531187
171547
209186
706377
811619
161464
486922
310212
685421
278716
554632
894551
532988
392399
567766
628873
686190
229517
888987
63221
520203
804448
723944
863151
128749
666618
896870
464752
84965
463098
700414
976261
485799
452199
7116
705830
192785
180303
573421
894244
847716
603637
281667
541084
357985
147116
430029
395720
702444
84473
209314
667889
266204
847703
934474
689986
777186
919955
303033
920760
694611
55593
482166
705363
553989
464467
511157
180064
758906
904713
896729
326136
11378
514163
974430
855080
728970
496676
987761
185331
994328
709211
56603
588695
651852
344408
770190
491190
3002
112646
567280
727728
763952
931129
391809
438526
722603
230571
778344
569430
278353
993707
968676
770362
898696
576857
436949
297056
282414
213397
464436
299114
159822
835600
47436
36233
62260
560415
555837
568925
147505
326950
984615
549586
820710
439862
812492
300811
104232
942782
333288
427343
113
349101
91564
372382
620136
385712
902423
484227
71897
930284
986957
677040
75995
480725
115095
945095
158036
306882
412426
327392
487330
465796
959796
920145
854630
537242
826848
856659
514174
902898
909086
659874
70920
648768
480603
40756
713983
709107
608371
632540
482031
651048
592772
157255
908412
553747
477077
771128
204655
2687
158644
433748
776161
951859
295023
307931
175938
413297
605291
598257
397830
791320
655908
781914
170670
268073
90177
667269
437871
583910
414099
514815
248448
77014
416106
735944
776837
87636
849667
794771
76458
326771
594118
469280
32384
612858
905618
932872
44245
207940
653916
499582
235905
622992
530826
674317
112654
164253
377529
434762
30422
525790
175483
644057
539082
584987
929822
402584
593487
56100
356455
924715
978754
581554
243038
703516
275675
806531
699535
880625
584497
572446
407321
442771
449273
757748
370778
746323
843907
713429
349482
501163
486311
3213
139367
757362
898841
9705
270122
760494
380420
958048
142116
334124
8167
753906
801419
291561
906568
501691
125488
758192
575582
729801
79005
66631
461781
599101
5579
48267
65837
880978
952109
150872
2920
836531
237832
876684
677894
433487
698494
248207
729489
840466
386545
939684
199471
850080
393947
894582
585543
335678
526027
932043
293070
92560
373629
487253
386669
714301
175508
652583
685009
408814
111094
582725
30990
435766
477188
412372
659184
33868
333877
724912
889779
434894
953884
560496
644282
976256
678676
408543
145821
582079
93532
382927
570232
245441
594433
877065
886681
382828
797195
842912
135770
311766
231821
471775
497186
415557
690335
12999
420603
149703
350598
172339
832159
508993
194845
757769
319897
391027
732473
92283
364991
400744
129599
621518
251812
310021
379206
10287
491485
779345
115885
863696
477402
844498
369205
997028
350981
835428
15013
970072
63158
705846
947790
903728
697240
302442
314699
293385
313097
502767
831352
946318
494437
44931
270225
779843
41518
755352
762793
679061
879125
493494
207207
872243
768017
530612
590231
100552
889799
346726
887588
12065
5466
639379
893287
436103
795674
481256
254715
946596
831728
665992
685376
537047
511778
998702
807076
534748
151892
188491
656671
756586
127462
274187
198073
509896
576982
983221
185207
195204
71062
534370
986072
534538
944761
248379
532094
527649
845673
862597
193497
356421
537275
177420
559771
276130
118057
665231
206472
495638
938256
824758
836984
694029
22259
827074
11789
531658
482925
950943
330942
639360
172015
74305
168895
485152
776244
947454
977552
500019
59511
433071
527176
250357
427194
107052
628193
270879
981663
945567
668518
545972
55514
751747
924164
984556
151274
316530
276188
924305
237999
453213
211972
748090
453869
938935
381234
881372
858545
732858
447077
328329
986180
82062
710775
797415
549616
323401
467681
901753
442324
436848
43889
541929
490062
650650
317145
540576
363242
97765
411624
436391
599399
684614
983521
964363
908349
228873
968222
422072
134992
911403
141426
16411
21610
356677
63336
962458
117027
370776
544695
653736
720947
160539
864650
497203
420441
723274
315945
881577
794463
790318
192099
781094
442461
570139
427528
573961
152171
456010
694405
998839
805472
495458
859676
226097
424790
384805
643307
128625
597793
975841
992831
204471
775881
279496
820591
486257
255858
116016
264708
908421
114333
762275
263701
122495
92167
497572
444786
778706
155503
989759
380919
712333
71861
451339
531840
644571
191296
256507
511094
700916
740911
863128
488810
298954
890210
816861
840770
503901
230288
349911
890769
434327
310077
271979
688542
790957
243628
65739
179117
418407
908802
90372
231974
145280
889
517875
675173
273443
379645
150232
309021
210965
344358
305091
853289
429618
504019
497578
888241
437776
95263
55900
835573
993920
595075
247056
752633
907251
266760
902999
45197
583288
856359
944689
707128
746787
565567
936187
303424
537866
945905
41477
575577
301545
440540
302658
369640
53797
990576
408601
532978
216046
544305
922776
633254
972477
775306
464707
552957
683083
273371
865063
24966
875009
607682
541380
575345
338395
952419
330678
668296
342174
507922
841378
194459
539034
552582
179405
601773
66330
627161
447310
860759
645937
398566
222934
758128
339951
5066
91802
405039
321652
537894
474235
728069
847523
425368
353536
283724
64718
503523
246432
450614
370510
226129
875764
319930
198206
916651
827067
351098
807339
838594
71741
59330
258859
865599
941429
571629
452120
445144
803878
802216
800159
370246
886028
663476
662284
437295
281439
262875
232276
995767
349363
921960
168042
967589
51543
8407
980459
805180
963064
555596
109393
441581
308551
618628
807579
683657
708698
775191
334529
843228
129011
351744
858236
40090
124661
5115
537284
635575
596404
514924
175931
71462
599461
674095
926377
756587
961845
1021
34594
220895
416949
209079
720644
397376
250290
908883
510493
428722
408419
284512
166825
348887
110523
724919
342136
123846
194015
205952
329390
859818
254194
199774
514917
392314
768651
413624
251053
653840
847816
273957
982131
352361
435260
615155
366143
721080
44355
92820
549847
827879
527351
148774
409451
99643
264990
968742
322178
566580
688976
68946
298828
370008
584413
596696
307523
92510
427257
239763
922073
800341
707415
957319
760172
281041
881588
714405
828521
580672
427389
657005
540858
721242
339358
222190
416813
147191
383081
943011
562618
266782
896980
157168
539307
179933
646486
813923
164069
936959
104729
356256
705352
567745
125567
503864
784877
686427
403814
126507
387393
900611
407489
717201
66300
222291
911601
320178
102859
936997
225212
215732
693527
774188
760495
863917
721606
743773
353457
320086
577197
484458
362631
339252
293046
412307
442628
228165
672649
206357
47997
98768
399071
740019
603530
831985
687227
514109
936161
777575
519495
600959
314834
105128
806768
942679
191208
133776
390609
787964
874194
335999
804019
877052
719583
503886
854618
976133
360920
461213
647851
914176
885242
935880
121336
23639
659662
51256
1450
163351
67687
348245
827082
671729
938360
120537
860844
520795
296207
175872
820792
45524
320028
621590
126724
141524
458501
233269
86913
571316
756025
629550
2899
22225
88383
955518
878480
386059
591757
570326
797345
537732
955547
506257
866608
124936
71672
850077
794128
353650
853595
675778
355802
264326
965383
236675
778600
288861
360089
896861
220589
89979
287537
862508
848944
357948
238971
604781
484707
366893
33113
984414
515364
253048
336111
662402
93711
136823
135626
217664
815933
812461
75435
176286
352642
445050
422365
108463
636188
313274
262076
878423
57228
607902
258724
592591
364577
925961
777245
768484
877953
49107
306243
934643
850489
22376
282793
245930
49173
314346
420205
777700
110451
342354
11795
364708
137398
760379
859845
351435
824195
291654
632931
736628
668777
932675
574542
956004
303541
594064
897714
241593
408217
823058
951227
634286
865832
336786
102119
118733
879614
103798
200637
254154
128639
441655
639090
397411
602589
71041
860821
283534
586886
513766
173346
999547
900794
406166
368593
371291
831541
862484
551014
992915
184002
547558
868830
878512
879142
816224
775136
926869
993390
921497
258153
106165
571320
414374
287440
291351
325379
923191
94740
564630
92564
924885
213456
748340
608613
999017
720296
267475
106431
705705
201477
85153
221771
22293
32436
89931
171273
610724
564585
851541
321459
220781
239715
161232
601702
544811
481901
555129
333563
631984
259502
127861
62505
310086
157837
232594
267082
764217
636523
630532
28950
631018
149294
323770
685324
622942
897495
592241
724947
660496
839556
736503
105151
266337
513223
754682
631811
610262
753475
980168
903019
607196
891120
316520
880970
927979
934596
631549
742136
573275
13121
683585
842882
994602
494017
239119
758752
948862
445371
455056
329687
569561
465559
598370
357047
949772
355527
913649
141288
967323
931407
527287
828401
473449
900447
909410
747122
973734
196884
228116
959290
255526
815719
508422
189238
281026
727319
534247
38063
604052
59793
197386
681511
634336
903273
246079
408368
273009
547593
616443
35108
248956
722755
25160
31692
117153
284705
353835
917298
186440
101231
596222
714454
703823
382154
270209
601153
914969
549144
974933
266535
113110
511145
636951
512842
219746
298095
109646
310220
436061
703742
755733
572464
465882
542809
270812
669828
570274
73301
535638
536626
766745
943737
95195
366286
653201
497900
625576
668321
700045
185897
414671
87861
508510
970173
539514
12727
663053
397132
84591
10138
318238
633678
867517
872851
860535
721121
124370
270312
902216
331302
512890
63265
482516
679945
11573
5594
538657
503135
738483
367418
414648
817960
65454
278974
194457
130404
985455
598399
868065
343280
331698
377675
834049
644612
792446
57936
692443
588677
675240
493562
947784
458691
213146
383643
877118
760980
905698
425172
573610
853964
768678
620956
248118
584666
882614
184944
333418
377922
948090
705047
649262
594226
912906
580241
247918
448580
910300
28956
277142
108943
564312
889762
839338
337224
107906
351582
278718
138475
828032
803335
312809
96429
272824
233255
224544
517462
41861
604169
606219
129830
882274
204407
981264
653811
945998
567095
274500
69245
672371
669351
887810
200432
965436
203788
735369
6906
215172
116550
913529
752325
705054
606225
874409
869441
94463
413223
82727
480538
835145
425859
235213
458569
95860
750268
408070
847899
434530
764600
441307
267105
738155
723232
252500
754046
490476
617352
327571
314537
335902
901109
330176
323940
941222
817524
195229
359007
394230
526935
419447
613002
971731
814413
802616
148125
169562
516087
485754
698111
371382
629728
609709
115351
422587
296699
112483
874894
590650
454877
177709
542799
696797
846322
845786
432667
44266
613205
340554
209271
101184
943658
84471
110632
435177
440518
977941
41187
108268
878930
523876
63634
204539
89510
528744
869973
12593
902258
442579
941784
962460
944317
293333
862612
386280
420181
634591
941473
574959
637847
843338
979379
594700
392210
640810
850818
158834
125729
269756
853729
420379
262265
466533
2115
91200
50367
738049
341743
637070
137017
455793
797649
136697
850322
482259
281842
199300
282249
417205
638925
858949
467905
415486
504169
352315
819916
997147
89804
167248
504924
852125
238561
164344
719258
114408
824661
433358
149085
677674
422105
272796
508744
200808
848086
969721
973056
663732
329327
408456
778171
544428
986929
417724
277307
420680
17393
242833
170520
796915
602241
392368
504917
773745
72328
528686
593289
921505
857785
65464
343635
657847
77035
859158
986304
552137
197417
961156
940079
375338
337282
512437
246283
598905
273545
834808
717592
559609
328455
617635
95897
588213
269346
359253
546191
425568
149719
876029
74264
95077
103695
863543
190469
459403
125049
582038
686099
125070
892674
379307
331077
507831
971278
741877
991408
710246
463380
763443
459122
28694
393178
777008
810343
776572
34595
983772
901422
884220
868255
237066
744200
365406
955031
716350
482213
964606
762192
538317
813283
153053
830440
781081
690061
67642
22626
664301
937487
777448
239754
187222
931823
529082
133183
86764
383146
220002
408174
412460
173497
176090
980107
323819
13856
390017
627773
329440
152421
225006
947408
552762
148512
353601
896866
397536
202115
573313
578045
220665
513954
342553
156545
369978
195690
632167
826240
862655
55063
481670
456713
130872
482685
596748
43721
438005
631294
548432
962914
285692
384916
422343
359199
99474
409438
600490
979463
355463
546802
261418
458973
498849
419168
930212
749693
267601
561301
991257
117178
405758
388990
700144
264825
80261
725673
153903
715476
453250
500448
363957
345355
875080
418735
89815
318044
164449
910242
861378
311041
991863
534728
939298
553519
787298
554897
748851
970971
130442
829200
705358
966223
880155
431310
143407
289296
642155
978165
351743
493211
976734
383068
877185
782854
719230
382560
494715
876294
776311
469952
292032
719578
36796
431128
550187
73688
645128
818297
68584
424274
243647
731425
233836
189989
589491
957404
968133
148638
427074
801334
17227
283720
504796
152859
190262
271446
350754
373070
30601
705321
844906
160130
667884
117759
243935
738520
818200
66169
358021
881782
658540
592328
368603
380864
320860
228787
283353
851958
586313
242119
680537
652778
436715
136091
912274
265244
61674
67006
107764
920064
132254
43803
303433
295002
393910
403771
995322
557165
594239
148721
291247
98498
757378
177571
459566
292787
822642
678591
46847
253972
881766
200930
276935
109157
869619
888290
411506
624440
787174
25224
206908
869175
425246
21467
570205
626046
607364
298583
771791
974180
491625
355837
616253
578007
986170
489092
592394
853413
438050
570349
756154
979159
115644
682676
386177
806520
283315
562722
559923
868089
344320
167764
355354
147104
55270
403901
379075
262296
825585
77965
761670
825618
774629
531648
938243
169338
998674
998363
863701
462125
404102
966531
163622
377725
769840
212146
341998
289039
5888
487864
219450
294315
385014
648365
754543
64006
26758
491275
705795
533068
993387
403317
200795
131680
115678
762021
172467
92127
398513
702077
961035
483782
208140
782138
826286
983280
336963
882377
750944
243900
873232
904372
316515
925773
501874
582901
379558
512427
936609
915499
119947
603462
908780
211667
643611
680369
624813
842537
60720
219879
145543
942574
880502
69577
695709
796601
28818
335292
584312
559426
24228
121833
306178
528662
932693
28861
129620
309046
727199
328029
16693
329665
362197
83851
458975
933839
12392
589573
592023
339927
877636
73722
173150
342209
24858
894249
344576
797129
336505
435929
923081
560780
727638
976495
502167
163699
23146
610415
17611
542137
585530
665938
477337
727770
161522
873279
302015
852698
907499
183209
784915
934639
876492
770630
928756
330252
763340
719080
679203
594506
877397
903929
967850
278645
232324
454487
875642
603441
5773
27914
543763
593288
663036
825374
273884
48150
167778
552082
330237
32798
629371
972701
833089
853171
433701
777150
110299
103240
225637
388740
363786
986336
607921
481492
210679
185069
531397
871202
458530
835888
142294
883976
327639
22080
682138
746597
274375
56539
625966
339940
894030
556858
562079
905580
726272
443813
923229
748830
648396
921321
264636
403736
255917
406131
425642
773090
102581
43041
511437
299980
793510
590872
903171
519695
254985
33128
157059
629506
266014
102110
710434
177846
367406
845031
672946
315694
673148
652188
346629
905342
370138
30127
16143
788159
789143
760879
923753
529579
322710
162034
97820
649658
592129
244176
632796
550653
533362
656148
938728
254240
845124
314044
682246
532861
626083
615570
685824
124920
650869
25969
194644
853640
619175
603769
279585
691739
314486
228584
14547
472582
764725
71972
704815
479174
124692
656336
987742
741737
975549
60236
705252
657938
377301
374932
499114
638954
281313
554869
502278
19563
95933
155498
12585
66524
885968
708265
497333
408683
875506
435894
926906
533371
759835
292786
677568
219953
674050
956384
701059
315438
746557
947346
489714
135290
459376
528161
325693
55260
2983
216225
464411
27528
447863
702139
851111
122574
167432
793162
790133
738495
965093
128754
255796
935887
683712
845690
110434
693536
613890
613881
196694
313205
635697
536681
90784
226703
510098
184184
183217
100912
164054
737782
165739
861034
348861
658454
162455
345249
710165
127002
361119
280445
562564
469775
51941
912893
311783
666231
295717
131513
527109
934769
926995
758218
600664
608048
730160
114233
467230
221806
86017
161865
891914
196031
304285
892075
939137
158887
48249
956141
668670
323861
288927
251968
178325
181632
235454
362468
942484
942301
359194
433266
992389
734266
355108
538565
802832
430458
763428
169094
44434
260627
528024
216908
271429
538029
569294
983491
757363
36790
526299
86085
847208
844800
670990
5131
505253
337637
953943
291319
702244
360999
528208
849963
796300
662831
868717
86712
134147
702887
174378
382914
975461
690963
850815
572640
459265
846575
229534
346670
808839
386058
616196
220360
17822
369329
970148
851467
740765
112257
210499
50657
330654
1487
518586
729814
846497
561716
508738
744963
814401
501037
376478
559233
261429
310427
400113
838136
412034
592803
530105
998421
412865
579254
50732
655194
189448
985067
73133
91471
975480
662343
418859
688534
355363
289759
48471
593559
959700
606635
652236
6206
353356
718685
901798
808932
992916
194348
75046
530150
458589
886564
431166
897647
982265
484699
35605
334837
671004
450221
714096
987082
646419
199615
97015
162117
941507
499069
609678
19683
490431
34711
898
801854
177625
629374
203359
703648
964304
451916
400494
433209
619734
861952
458767
821419
891196
46182
93870
326977
709564
286101
850469
396066
626386
83374
259926
769625
246419
490883
12143
742606
833309
548309
240039
631747
145742
699301
860185
878642
713527
34753
214806
341083
620833
47902
219698
115756
514097
288975
989965
18982
442528
547645
657982
955025
490258
260108
258553
928562
591251
801133
953205
790296
849628
206423
869368
157177
909468
948354
815628
386537
145089
221317
682226
910483
982983
265566
520137
128669
301890
40258
453875
258437
401455
308390
63348
718653
508560
769747
780527
916114
783313
92545
38498
714379
877919
642032
690155
532146
720880
74747
407614
233250
806173
835153
720513
850323
825651
310644
87312
393677
678451
64732
188628
206062
792027
68059
773638
440142
218289
463277
133031
737663
817980
453393
656232
628959
528394
150072
767621
867850
753231
540132
801332
316274
444620
859314
861982
798466
667307
331564
930357
863750
932840
299130
563655
318961
332127
937781
21474
663028
484277
210570
385611
616942
672566
826008
188159
815623
634801
486123
780410
754471
426791
56843
558712
700317
665569
224800
753929
970438
862915
324299
259718
632863
868334
747744
401858
498449
109061
492225
860319
45453
465304
934140
594404
948462
638512
390476
403796
387414
326704
325762
41771
872573
760374
736872
410921
811843
386444
177494
780469
486602
746209
578861
171246
896456
121298
757028
53658
365437
480117
881753
98937
276331
258906
847667
771153
56858
820592
772011
38218
125833
733257
442566
658787
721467
958967
317016
449551
163302
536710
331739
790790
328798
267283
488614
993677
238807
789931
753949
620744
464898
869246
665715
342314
806605
65921
591732
432607
261500
368058
413946
890864
84311
137238
457279
88687
671732
539684
842043
548306
539768
494495
457570
371094
248769
365120
12641
461151
366902
163486
361222
669640
301497
927586
79926
891449
32304
814127
708939
332074
499186
916525
840149
293366
644699
190385
755714
92824
838591
873546
921368
101060
270203
704363
364510
207588
955239
356720
629595
120045
554983
401590
143070
294177
888476
313212
527253
137161
416184
957441
938446
616535
50391
662520
484698
207085
491287
861990
193461
199712
410095
360030
69174
941650
640476
130066
837417
552233
371989
913827
67067
776025
501497
298965
663392
370804
562702
264514
970916
905659
436846
818926
432940
763351
567016
452180
401890
8672
89625
129912
127846
489158
504236
19214
729715
627557
418586
727985
626151
612674
83408
279993
385036
404421
298752
109033
890884
689857
802266
981445
866874
950884
965605
174521
2518
326420
546204
913009
29417
193411
109183
329686
112841
420811
627291
839301
229371
149716
191731
713418
739347
762571
202633
784530
475471
471690
95471
781738
838278
988289
714431
222189
943148
796832
878875
557159
249235
976630
870234
371929
332556
45149
384233
876815
961152
511274
416505
340217
376428
606339
392495
309291
832202
150334
820009
913682
849903
953931
575041
713023
578214
614505
422356
167133
441477
910370
913311
373380
849826
33182
713601
74431
385298
3419
694618
480129
149749
188849
609776
326512
735423
497931
364217
461029
536859
430450
201615
161436
54277
291084
596663
465308
48261
952399
855454
435827
93645
737452
805186
924822
13406
61188
911423
505545
586456
713537
144467
650498
228998
508550
566202
540380
815056
384695
986936
640052
460499
957346
711669
386660
231118
899336
109506
456755
812172
802298
113172
798238
244663
219203
135162
396193
136230
573748
887703
370493
350865
932497
759221
314670
942456
709937
365269
981982
364459
405632
66312
724793
148534
964321
329965
293472
69928
139371
129864
637879
964863
414229
854267
89305
518386
71340
146467
833067
393115
732497
593934
98366
509486
797178
988537
254463
947895
324683
758563
145707
792104
469305
137228
414719
857056
92376
531065
613140
130781
387347
634684
606082
739090
17184
449829
788672
810519
378633
136138
658189
306813
235554
698718
353226
620864
292790
724652
807649
165640
96066
295793
298595
129306
585684
580400
897892
753706
298819
108879
142745
310360
717931
605662
756036
418835
39651
64526
951808
473917
650811
676549
546558
878732
710259
577056
337241
117699
4334
383471
78356
582704
437530
845238
892455
941191
222009
270764
292710
103752
350557
134192
663312
223100
617283
966169
419317
990557
849482
688427
86977
730901
795150
691240
205087
447141
646391
689264
900810
631568
475094
691228
621681
154774
793310
278958
542703
444154
11079
560806
550972
193814
420715
557256
384806
77246
846386
576185
500368
31277
106475
989676
126131
964819
69145
228777
785282
720826
51740
612117
392450
240237
630034
316092
945778
226168
295388
4873
687993
828441
16455
908369
707893
625038
632031
47058
467703
497013
412731
133771
306982
512799
774546
118028
273760
937725
978050
123320
670326
524961
357764
915974
370403
708919
848134
296617
684662
410821
792714
365844
235508
100735
823712
728852
244387
193433
595165
207902
764144
754515
348802
397369
282478
602512
432229
277096
626262
885144
679833
760140
142054
154611
358977
848886
651350
161410
372259
448134
478669
999156
409645
719835
795837
29174
221703
764979
830540
141708
262819
667526
918552
989724
60062
888572
173140
326815
147857
323700
642248
556472
958560
592590
907923
309380
532824
595817
430775
168580
6084
943522
752315
451405
663636
839012
183831
424903
899190
768389
552530
265263
73726
286393
460960
684771
207979
806459
557625
346499
276271
619044
523578
926931
32948
774964
720064
603479
765776
102384
876761
730627
712660
591304
675802
158493
529948
899729
110803
542716
902925
907440
617062
652915
821402
887388
669798
711303
14825
722027
748992
292243
511560
676101
900740
996683
410765
359033
647764
218127
738734
83431
5043
976506
602097
41237
938707
814702
754901
170284
329225
24122
584374
299700
617357
673820
824996
552429
560077
972209
135113
714633
741701
356692
937484
469746
38147
887157
990628
845122
166178
896727
680961
439694
820586
48242
535122
650850
13617
24824
600923
930120
763281
636781
135158
871608
679271
375899
923684
557196
268789
202427
666623
433593
64604
94967
530968
143613
195312
953329
254333
531666
378109
569377
900765
845335
321837
318514
996890
843141
930456
367197
386733
380985
327968
803419
853551
247540
652617
653748
177156
462395
984050
380341
879396
954975
278384
524352
463431
715991
132230
892605
733165
643721
978818
992815
145671
723048
893558
809953
436229
587026
187199
217661
750059
291867
289600
987189
236462
464970
58561
710605
278976
255299
590412
599352
265264
861017
69189
513448
528122
610349
145631
74596
940347
132764
227976
752452
862323
730278
320112
621726
298224
627829
764133
319774
699946
758781
355129
188722
804495
390107
30246
989570
16683
569443
64717
724739
915973
797333
727009
87490
695353
694
166603
723921
138013
802792
379757
927409
304662
118736
551476
957066
127180
996222
744476
778236
548602
705556
84705
761507
462482
160706
651186
979294
120062
749657
715139
592634
868480
722702
25026
311488
803322
375374
460449
699288
65418
963922
158233
344973
394300
990481
672686
438213
597710
831451
829478
930709
675270
938492
653335
392105
986775
92934
164272
31986
732073
741789
289306
335887
356822
108912
647691
255175
249598
790978
76007
207539
610632
425702
874322
252601
368949
812041
743895
403826
487209
616878
681197
125786
561252
636589
392525
740373
777579
348814
253773
311378
948629
306841
159524
326028
595152
424814
722564
478172
118770
919025
921596
445034
634285
151314
424637
207633
853089
750967
375673
742159
509260
491721
289319
200933
666973
814808
306787
96209
228198
767923
296166
838959
361257
19813
440550
76637
238484
341562
326836
836778
898057
249163
677373
812963
789277
791172
791165
680744
510151
842026
598246
676987
775914
419024
45215
352825
521405
908423
284602
728366
399231
977588
882835
720951
555854
148123
199853
849550
354502
125374
419194
502694
204081
187166
4606
663233
635825
4513
542210
259999
658631
294031
506160
623997
647926
829586
721387
214434
751063
143184
748151
932429
209606
571390
299273
388546
554169
420607
242639
759199
743034
182212
486391
386192
684082
21003
516400
190870
470289
646341
598112
464443
760061
550475
251339
277297
743214
663759
396625
828869
79511
424129
439073
963682
424725
624760
545864
780060
229912
159762
695779
922128
487996
556189
137606
543218
651263
726445
735495
666423
698599
118914
937848
121269
349871
800771
782525
679670
681904
196453
166223
413039
353387
262695
265676
130101
98101
501816
830752
352511
952364
663060
445251
303233
129149
896183
646979
811563
198528
96648
755950
526547
323926
911959
516057
20405
898343
327449
222335
286481
674229
722906
348199
380722
191279
841189
319544
981855
729069
694711
317134
162428
438055
375954
429985
740682
809969
845814
806053
744611
85668
354103
954387
238168
544941
118056
253328
55722
531073
647270
764910
153890
94766
844862
685259
921102
745741
640892
323095
756632
488017
658740
700804
104264
713312
879990
292037
768719
984229
989565
539811
854210
73330
356176
645539
754984
487854
895331
879620
330590
964982
6564
956721
38500
745791
336888
711471
47059
526394
422915
718482
694276
37277
19744
520332
221976
708190
287241
700736
736052
562520
801363
262553
277567
978908
874755
402419
520876
696013
605235
657569
82289
587912
615631
838436
515941
152641
701774
38864
332266
399239
18183
455509
636514
222998
213869
995997
429484
419092
884662
386200
911729
178222
443473
853135
670409
253510
935894
821549
732665
637991
507554
379052
175539
191897
607070
551830
847167
845771
107069
490228
453192
819596
642258
129182
689281
59827
456306
596978
402271
69134
162720
945827
469657
836014
429345
699363
23382
991882
910663
612597
109528
859202
385264
829528
363699
797271
206484
273074
295213
240990
632472
675519
723873
479576
240700
806392
680530
666910
69300
370689
590381
153781
664611
411707
86441
317652
78918
432836
156762
658912
140765
634329
493158
432214
835444
755606
376929
939746
830220
786840
278408
589644
216683
226819
175575
227965
87903
607687
583632
12902
262173
412008
787045
534776
518998
620782
784166
104311
908635
119676
967332
883534
547169
574244
693540
500946
76099
195843
786096
246094
440437
873789
790929
976567
410764
658942
692491
292347
180056
806995
368920
841437
980724
464842
194610
642934
403217
301729
722719
866558
909020
514056
649886
480411
668356
926204
882620
925450
432409
667845
491014
665065
959376
944840
385112
295774
72163
912521
597844
194920
686037
991855
801536
87379
839909
57771
660150
913856
379725
46047
242661
994222
818502
197967
176280
828724
653009
948565
969463
941631
117177
400416
275115
619181
994343
581000
87870
349934
119776
427449
575880
197859
651905
747193
726229
837049
417675
466252
222409
177019
74383
16423
819874
78153
921284
790607
990469
831961
500398
364179
204736
146721
632595
548677
961874
308292
806495
109233
104669
267800
513703
421563
513209
395475
798218
724372
504229
949331
123379
472088
74776
331463
675964
668616
247606
98941
415533
225160
162594
290066
783968
839882
331881
179660
302699
948341
413413
492228
710788
896301
659701
826860
548970
514729
737530
354158
880211
492542
542197
99858
780708
512772
775134
621623
101689
226846
655191
627383
356499
959196
20852
759340
688109
250974
218254
49971
357214
910411
19160
483059
117044
651354
813248
172093
902926
527165
28623
646980
987646
47803
411187
917391
645153
862085
25777
183690
358951
354377
508762
33059
303758
210083
249976
781953
48466
426951
173209
330146
571886
275649
748263
896999
95651
421365
949514
699212
434398
809221
939230
528931
305849
770683
54746
944678
71143
651092
257892
983800
931201
636859
435233
64029
143679
232049
912126
397382
225753
89292
552755
808548
211597
857272
893834
568169
880292
111648
314268
831082
775717
95419
737179
576382
966730
779125
93135
836773
221917
728865
696080
228977
922707
886960
464620
232579
268435
242056
901528
464686
418142
330833
577327
19504
595343
385505
861193
948384
281416
897398
379871
142203
847346
698580
178557
910567
894630
932775
97526
212329
19968
280177
661987
928138
505878
265987
584761
141348
875170
820952
117216
588443
66586
51104
511000
858753
999975
568018
698426
287371
47872
869860
744636
795989
138876
201281
4653
869322
193340
929778
914056
524378
680074
390056
679265
61946
719445
616612
745286
49056
655074
260989
944066
979739
746911
227920
573243
707596
960728
62852
327867
79813
840642
966904
772555
478780
717429
323404
938667
882167
34441
869311
12104
349555
577966
868276
412764
73929
582744
662528
940866
497087
663308
266070
747071
933461
805476
148505
651640
750805
501144
114900
536969
902297
244408
902639
767399
844797
569903
346551
690984
340716
778023
198166
940295
708693
834078
323011
765938
162344
67867
699190
932925
109571
478679
764289
633596
894718
773486
560246
937997
820184
871354
300581
497794
287125
29001
89581
449986
207953
164774
113204
850892
382134
904680
425448
741652
330183
178470
400611
321982
772556
73857
649514
540857
861672
42059
82192
388534
398598
657811
118456
490052
808690
147511
879626
684676
675812
356568
209632
891510
880212
835129
197834
82007
252420
589330
457489
649689
918249
219478
28672
992708
714895
731570
597752
275469
782406
589938
236144
406657
128553
526349
888540
740748
927123
885082
445366
123777
583892
425316
749341
821191
990240
41589
910078
384720
576695
995755
29948
201966
717987
151284
684963
822425
357565
786343
59551
283656
208770
392164
220136
242362
528636
199257
194917
522203
481991
52337
465109
718407
413284
524296
503028
920909
744290
391853
553472
232762
376500
506549
229416
923888
246126
346411
849428
130095
47452
160869
728459
537910
903487
402226
426821
857538
565029
573231
663630
940260
745401
289684
488914
135538
416508
125901
997285
712164
917482
543687
996672
241729
499592
588109
334239
92483
895330
964339
757869
903657
466399
470015
455008
98299
301935
487732
207295
872220
193760
157756
249731
59697
124315
418084
828797
146504
674186
964880
250873
33050
648364
31975
238969
138966
556998
659020
650667
552922
942308
68008
615598
358889
452427
124319
416297
588308
770996
804785
704418
394731
767423
81724
111521
647110
680975
376216
955554
78649
828892
370413
968162
785336
775755
300006
829559
394635
940011
804720
243291
778143
168835
918156
953015
451266
205191
754135
173251
475750
77364
229391
355328
706455
255158
509055
165685
922481
550415
375731
494361
31411
116296
903300
664129
327208
858855
902469
400310
522836
433142
102797
138797
952309
269866
307570
764119
102171
532611
65894
463445
644300
708681
762448
266065
687605
107655
436407
4051
626675
943970
408767
533486
49958
96471
306764
640813
36957
971696
367464
152104
104963
716709
47087
524791
337484
788464
230862
254866
978572
56876
709216
412039
452130
795753
324343
564305
394574
245628
197804
837038
974571
198702
317626
747611
421554
363639
696210
957691
205982
504623
307657
344673
259485
995442
421315
336301
61818
146372
867898
459923
262314
105607
459819
574672
524898
623054
577019
410884
460883
257551
833477
833911
874371
598583
333953
55036
269577
828312
393234
531122
272997
866941
934507
568441
105887
840223
926232
305128
774896
958917
102036
103242
790228
828804
498239
638025
493871
689473
297777
414939
649625
755170
621822
156
769966
964605
186065
684103
338755
24738
710449
127633
6337
840418
267863
501178
695988
135472
317332
633408
703494
353914
237645
376424
264230
118649
534612
900969
152024
138960
885174
772520
264984
132832
606659
470120
63
628534
859483
510645
839102
313600
504489
842334
517541
360422
804467
297886
705165
116303
871479
442220
330295
701809
689807
670111
867961
442102
94424
797005
183567
669064
466855
889733
116935
818500
914709
736423
664610
737110
665754
178276
634745
152311
775694
418910
710611
194581
68044
543644
22805
466483
472935
295257
481841
436358
780483
758359
364054
439155
336717
405119
224894
361777
193390
735721
103038
81346
361721
169508
628542
846104
930023
591403
873987
69652
208812
54518
676121
225577
147125
307500
650588
482911
183553
275829
30179
709172
196121
609518
435914
480797
302637
229814
835867
526477
965477
868632
266567
10433
640989
807528
164446
886917
833272
412444
858266
182436
502945
953372
975367
848111
416702
174706
738581
202650
973387
250675
898492
26548
888706
548165
309753
224706
597010
713910
986870
518656
181640
194321
652496
681225
365649
605477
476534
131609
62039
208714
132189
555991
961465
284103
191389
731603
453673
275288
371196
262891
91038
578116
652759
707769
285822
822524
608000
177383
806142
660802
656150
463251
826595
917044
513990
354872
371489
902174
627507
268884
638185
424831
995374
163034
976240
421305
268201
395851
644771
633688
480662
768420
31326
766550
913593
427679
629172
470090
576028
762039
62210
302473
212235
874347
476288
906968
32206
133487
854543
182247
352136
931230
6809
227048
631944
435096
79063
222126
908119
562861
520548
773118
541594
619827
761466
540524
748954
797461
47603
85185
365528
410718
24910
582488
388489
363702
406826
452523
823284
191911
685405
377925
532585
741540
695215
552807
191561
544719
234994
111337
456553
278147
419699
778453
715880
974500
628524
211259
661497
965831
175522
38257
242113
842606
501227
258168
453771
671832
354227
372208
622799
277918
113028
761878
109589
77513
552779
134013
651815
310573
895191
889417
83962
84382
869781
824710
361586
415012
555663
913097
8076
216932
238640
830059
760386
34726
926291
818608
156115
1024
676681
935938
313531
253588
503981
426856
874083
996778
766246
684125
98726
138912
155245
52266
256185
229173
936395
76557
29241
266939
876709
991649
522969
530469
105423
15479
68741
810400
521577
368138
478890
768701
337639
622747
676057
388821
785803
578644
749708
950234
458494
179566
945165
378328
52581
705612
973366
400013
36497
111342
115864
554927
689215
852710
938864
974428
826235
67373
5550
589190
987133
857949
977427
873512
554051
738672
718291
767956
270864
441401
782743
149922
489626
380340
927946
507657
616116
703887
516856
781940
885319
713679
614503
60510
711003
748918
848462
618451
990192
261276
1649
706139
671970
366153
316115
52663
725387
826171
740189
371181
938213
759059
715287
860021
113864
642157
4294
278339
903177
366772
794150
605954
247018
726070
42586
44696
677405
389821
111598
720651
156165
939713
922321
397276
39592
213227
696988
648098
657667
482949
939059
199426
687361
911044
37133
930339
310307
199725
714806
946122
429259
89530
128814
211762
692195
560268
769822
430177
30037
595393
674067
499961
263359
965595
862247
395747
482668
956953
119287
504132
124056
325894
458728
151548
126619
253544
643941
320843
904523
678645
735063
989567
33907
743232
840878
228149
517484
146511
274037
153829
723850
952446
37943
219023
876883
657362
178719
80820
180837
289869
369473
619013
942181
955387
47454
861627
255122
416474
626118
509267
196147
274279
892824
81386
113775
401409
600165
749616
10427
749372
653107
273420
280813
943429
500573
768524
477168
716333
586951
630608
475476
227088
673618
726901
977331
887408
701467
355077
278017
863909
996642
564243
623786
263392
727259
997525
955940
728253
550300
858034
61002
441474
315073
139093
164647
563458
523559
293627
748198
574605
390570
359233
762775
512694
381852
186044
248319
500767
973694
266280
695832
319448
622636
152490
748352
355107
930468
647608
460119
534131
344203
294245
353476
300019
215118
674741
62701
890085
432561
539564
601139
355815
535836
334620
445651
968210
877697
970502
402546
976138
592236
357703
323554
750897
649924
995056
30723
2118
9243
240525
946215
149708
767365
825878
594315
669393
720088
404142
280165
265424
756887
312630
314796
535696
854208
227568
175257
665238
396747
613313
69338
846743
540997
153728
547748
609895
225779
661090
742229
557004
798587
532114
365808
771105
461916
923090
125624
850221
912867
932837
822204
240024
911204
172652
933759
229007
413693
795503
635596
491830
388765
662696
434370
181921
572022
883619
62245
552016
112311
697427
878074
79048
570800
976030
894850
255401
509333
234514
108774
462240
407425
296723
802556
147899
291328
939454
598729
531615
866528
502026
387376
730407
497166
185075
287252
258128
364009
201826
376514
35759
361159
710838
641215
333357
246901
222535
740548
879050
387337
89119
263361
586534
957234
582487
648174
201453
22223
400197
804378
297783
374306
818415
751999
30365
190819
119041
905553
678767
304319
419309
422329
978771
111136
370512
965967
635765
627580
841330
262005
372636
193196
331599
317080
842724
408802
143640
561985
830132
542216
963032
361620
807977
933133
787319
562755
750055
468586
963366
821959
953002
12348
424489
982119
103903
564135
864905
147729
407884
866238
681803
680247
357964
467761
906591
379850
577976
892514
731308
248189
845711
135180
679449
107525
170387
538017
560312
659840
945664
799731
434702
773746
203946
944136
135683
16554
76978
305488
257635
644355
725746
514702
580806
378672
562882
34882
246957
794704
104771
924994
554050
440858
361253
249382
685859
965473
606198
187566
567399
492568
141706
331432
158200
346873
949539
558715
183229
320812
919505
695998
182452
979901
190096
27982
141011
251376
440281
277477
97658
163753
398710
584899
76139
220657
31122
866745
998385
607767
382708
372316
4205
597489
343897
375508
415552
456558
111572
733708
988785
338983
963172
821810
43776
221567
31129
1015
655500
319399
856069
421781
435902
209293
614752
42185
950260
256558
496605
951645
860218
376768
874476
996144
133475
456029
556999
133276
995776
985591
942852
607350
499514
505001
561786
827251
71505
611048
155790
959783
989016
620185
691561
61038
877819
453303
373779
237149
366852
239151
105126
150862
710218
380218
666634
677481
593112
607090
521636
212257
609624
538206
297246
978896
596994
65210
902683
851774
999204
95965
407869
662248
497611
575963
477265
882853
557728
957054
280857
343700
727683
485437
847692
683455
136520
162547
575592
815406
188757
296125
472654
565991
922527
269436
337209
889392
780255
180399
730193
684194
141274
246760
603806
985368
940564
765790
857164
684755
709602
879633
980493
301294
828701
382166
760669
300920
453746
993278
920225
516403
874263
601639
189480
361496
900574
797972
909285
343183
125935
298323
763477
784498
1868
107590
862330
190278
135810
730249
132402
920522
163700
530785
516718
207243
633311
148650
126810
725704
800385
284551
774763
258377
459795
565879
376640
886556
281008
352525
975955
29782
737229
536266
493067
378376
571686
795860
436718
115328
213114
372181
546547
656428
108403
142005
488544
269195
62503
571652
660547
331947
841020
891798
725336
773926
529371
320943
659261
348974
248214
974820
550100
355623
585360
928228
489338
376269
242519
398989
64617
694032
184155
476149
679349
670984
594309
920132
905445
542917
719976
218312
922407
222155
181229
551223
228854
39816
189732
159076
44795
68489
31051
64344
707811
473665
31785
251452
153790
444547
588823
217284
26212
79678
162483
882169
898482
571797
828525
466081
594546
185823
974590
852492
884057
581496
769593
763454
86313
765882
684276
500023
572
293562
858325
368007
922236
74949
635574
729811
361100
469770
396907
737759
245489
849381
551926
76975
534068
135787
972822
90484
416708
606745
144746
4738
428548
901935
596205
516032
942073
351355
811264
423802
715577
299636
564288
274341
976051
448057
978876
41006
154517
717843
385518
390773
882688
118132
399908
336205
278263
875797
667259
941424
302371
941502
727485
114962
133376
532132
594133
491602
607464
404524
441131
860749
859386
867086
765472
458189
818919
340135
762463
850073
196226
129470
425411
855295
768464
861896
358588
55929
276947
879177
763590
632477
398074
21373
948903
793892
495539
769365
853301
370255
314104
139723
191801
223153
635522
386117
195594
803553
389529
841354
647195
578212
217302
445936
765105
721220
485990
413300
817290
558652
101697
914326
673734
699983
755071
767125
792600
548563
329827
495617
170175
883552
35225
149062
952135
346882
248380
884670
186140
883778
484915
792969
686585
847029
27826
909802
360369
949596
555016
753153
758260
286200
328476
395957
886198
938152
300422
718194
217877
447213
810450
779251
550241
954705
841105
606930
127415
817539
540187
247232
284298
711451
218117
122079
731186
124173
854639
894305
834158
53496
363267
732150
93067
283033
792995
928364
983613
956128
333104
663655
726024
789645
99410
462119
859370
268657
632610
496564
142602
555486
287652
224881
388164
539019
596768
487216
698961
693264
831509
662141
543685
563838
431886
132676
130353
555673
102412
396384
666728
675828
886562
828224
672927
6183
780256
64568
772014
251815
866082
195059
578145
823004
301359
681429
7627
359288
641230
634666
753595
839458
570115
793280
455444
136916
543775
875500
974412
449560
557285
994048
742830
14779
569621
455758
925879
460478
66463
474569
224065
767546
164766
447285
360008
517405
724852
575677
112025
479186
319682
607715
938905
672255
966596
136274
692655
761704
567752
113295
155855
932041
555598
716900
317440
362220
713569
379993
74497
722134
795979
496325
328131
167976
389427
466545
225204
217350
710074
705901
93009
23768
797312
610967
486790
367497
246928
123944
112057
611035
851734
588723
187599
463190
916435
438143
226780
599826
976025
762344
84658
863138
266579
151898
116125
251040
239116
468129
708746
105920
641982
548169
835943
931784
268110
867681
614550
549423
737620
521199
308389
634476
765046
475017
310136
423766
133987
887555
56853
840298
397097
486850
716172
577899
358644
124335
49601
771940
328612
437336
658057
280393
706448
217531
116796
650942
349607
904267
288875
452575
116148
449824
955286
927528
98878
47423
105262
215723
840986
382423
426905
681774
223039
40376
921874
4767
114613
681489
896302
890228
244652
785380
95609
684899
927465
180168
267583
519163
512475
488474
454694
987102
555788
277368
368155
809779
55389
66495
287532
644646
438028
762697
574281
84268
806040
543564
506480
950562
935248
794450
670818
452469
636256
301720
103874
588150
444802
818169
875014
716388
441147
818812
89016
941605
243947
780232
989102
171641
16231
125535
310030
853646
818530
86139
898592
367333
727364
28133
375052
684798
604998
796178
330018
404764
43204
657260
473760
453403
797166
543301
162438
362309
300151
815640
519916
93917
968294
848234
5277
54335
83
329449
381961
596356
469975
473870
236443
366836
552324
407836
763018
668171
178254
297672
433145
756148
681218
791830
858032
561359
906140
390328
962578
621809
184840
642154
282466
963724
899947
240705
551361
607051
677046
944394
114197
696615
916339
969784
744977
290961
23467
342740
734274
193207
592000
243793
977144
752165
988906
932861
137935
177033
563340
847316
184793
574031
577650
280175
202025
399467
868842
927898
780543
110837
429948
359875
718086
322445
234144
611488
630713
860804
412662
586148
482859
248829
472662
303218
655416
146786
78069
28292
486617
514105
732732
550119
833087
630435
752631
478581
421540
787842
273604
83173
210963
222026
433464
43492
434031
362125
798495
887771
730488
612312
716493
670738
784237
183405
619218
548351
660620
754776
575307
834927
980661
982000
131221
290576
129964
576876
854173
27417
116157
231647
856787
966998
958394
388625
812413
909152
668796
348968
884068
120408
41504
196752
984473
535747
730017
474776
689642
419017
614959
946343
215813
700779
748927
712343
171096
472407
634960
289821
707941
359076
954548
155155
474312
799088
896800
933281
753369
906649
276003
189927
599188
305460
424712
571565
290211
569398
719969
430875
839026
110231
832239
912895
140349
884017
370340
216633
527572
447671
687422
764071
674281
175504
623073
390715
934372
614016
761468
557368
449237
712373
643658
394377
171777
900464
220085
743166
798301
182862
925461
226404
689305
924467
115925
146175
409683
993746
123318
991014
105132
461402
810926
548156
956856
515008
124008
752774
709711
580901
420015
807598
987008
422245
779429
723795
710885
801788
558189
362827
37970
898601
577910
610471
685487
685149
303488
892421
996205
988274
785138
858717
761659
371479
303670
159908
649154
692005
405987
575877
389652
679182
206506
814857
191771
508358
385445
44766
823729
747943
886022
768507
648641
576551
841215
80170
658005
482456
661303
863996
567857
383595
594828
37343
728937
623985
234124
91858
325932
245605
27731
164845
116119
744725
630800
500150
713987
980363
664805
32550
974078
924856
125186
636236
30687
594002
568527
448758
805495
199770
352808
715305
283492
343759
911613
962159
847768
16835
922889
198729
111146
969015
128696
164973
739869
716925
665215
172560
647793
816170
299500
953570
900428
387246
24423
500103
945048
530414
495378
741208
582475
195072
429270
453543
923714
750466
587401
545567
824438
900742
178809
758026
94237
620331
987160
476013
341343
678279
297038
569523
860608
964822
744598
116282
323572
604561
309864
165546
697903
104785
236643
78089
278707
774840
165733
985561
318521
610376
150417
418232
452438
770427
181821
974367
918473
191169
499424
979705
446625
301987
878097
645657
154526
133253
835062
953089
133752
607482
734547
252429
475833
542340
485124
677887
730693
943783
62854
179560
254202
399208
261807
775215
984562
183911
443262
284417
69797
512726
870925
250860
580949
523363
857882
859680
217260
709286
689664
226785
268196
260141
824928
584386
271988
809545
284098
164257
702214
351651
74579
816961
803315
524146
738469
178738
263441
951114
495188
406109
838328
85479
749055
887455
690126
103398
475375
683192
892284
608925
853346
627186
181405
402407
612941
993787
501839
6273
389220
109169
842072
159784
75253
958236
744358
958446
994282
636208
223437
218876
654671
291989
674037
356895
344947
175603
490918
182220
505284
175926
870188
996839
438787
269132
186251
987209
769091
63184
128079
628264
78813
624241
623050
148671
606866
385954
405010
145609
155582
826366
605750
478907
382872
177526
746061
34738
605640
234465
824180
144245
781803
609133
871008
12447
621700
856019
493258
746860
195411
344460
206182
726182
592681
618470
475260
385488
699852
25054
293312
650358
231456
199154
571660
199041
224519
160292
419519
357837
399312
322078
147377
18392
685310
545903
737809
531349
681072
562547
570270
755425
230066
563473
340414
808333
378719
595935
242302
583129
921712
856160
170407
327106
864806
974777
63027
923792
352327
84375
869305
827469
812783
83982
498034
853277
745203
442557
439735
252050
403968
444097
769022
586395
575784
793327
840492
305998
645170
184946
717832
805478
496764
481721
981655
489456
148547
70743
286
432809
468175
755047
863425
143506
445517
265817
370751
705001
451732
66542
114701
750517
162679
294387
798584
979131
99673
189554
97541
636857
978552
294118
404950
49530
350969
590911
105749
702523
85144
853513
822919
877775
111293
512742
394389
305182
924409
327581
255313
865357
851329
309919
75508
3450
580675
830568
380761
615048
147870
659017
817990
850600
807572
830387
242209
362937
999680
640521
326201
774355
618345
781751
369744
914797
808581
718720
985375
241562
512529
681463
585859
557786
492312
457918
631064
189377
903767
905904
70133
468368
395465
735782
840555
331162
628572
309476
926474
759940
925225
490009
724546
703828
682167
694037
384042
685382
383042
774165
503796
358835
394101
673357
466704
859973
642139
275441
70308
136096
163440
755633
340001
831877
731683
848257
82994
343114
803647
79836
871419
617923
391026
858420
527146
909943
550951
486038
427339
389275
231202
884803
699548
851058
629905
216144
291925
485015
402665
765778
620658
630160
32331
353848
271968
253372
791146
105438
638657
137836
222422
344459
181660
605814
993848
367504
353613
940565
939160
897408
796883
882874
580778
604816
225211
337168
368106
68077
941941
341898
976881
942994
302003
480672
236421
795477
318708
582913
794216
915029
428947
234013
688278
920579
240494
286311
926048
997432
874250
901646
456923
893312
919497
739663
213842
415738
193544
267026
103255
97741
18730
945721
69056
479817
146659
88253
758384
15922
778347
633413
969262
336567
870197
760991
853552
826823
460118
987403
795571
759829
211796
536765
984897
960819
638931
123559
242570
59704
601176
629759
512721
541854
999025
729017
416507
85503
358798
587354
478266
777471
568506
606892
262161
676105
7220
357962
160899
804337
767918
811355
365596
43513
636257
9883
513519
30155
47317
188794
618804
822918
900525
63580
467543
565958
840409
72402
418143
419951
129520
923722
918952
348433
510555
507413
995812
165377
133672
43668
552067
63253
133629
139070
388013
681211
185385
717455
756972
462134
658774
927911
720503
327003
495808
561545
933524
6428
977921
520615
527735
402896
3682
171398
172607
374138
963370
820378
510023
399383
198431
66078
681653
778572
669814
278953
538643
879437
933033
655470
960768
839096
792893
182221
896687
586585
625390
272763
831820
729032
465610
576882
940351
221394
25772
691933
59506
893758
641708
69952
599722
303048
443259
260006
536608
101594
453750
294392
988322
987070
290440
431917
111046
840031
595241
442344
89540
937431
186328
414060
439974
236107
799452
748823
394679
390770
579844
826047
291547
682371
312521
141992
338744
681023
133135
999327
964818
585368
633610
674678
223349
631485
438014
925083
684747
570179
493406
154199
712909
362161
14486
939937
64598
127784
135268
952988
241620
975469
113057
111476
184983
353301
922014
437968
120076
560588
989865
437763
885953
206639
536503
560939
764219
507232
855375
52573
551694
255067
590925
668604
684616
768586
325903
992885
417752
780281
678212
16102
770409
168299
625989
177813
660615
669366
664264
462159
934345
697744
2470
102977
523593
88823
734152
851569
654240
934187
165779
828798
557286
110527
660483
93920
211815
484463
300805
748874
137586
521406
493161
582989
860294
563185
266405
579321
605523
249362
105932
136353
383137
298569
157232
609797
685030
242900
567582
956169
16952
234990
251033
775116
286104
472525
659688
93577
20872
595046
285521
214344
924603
335021
80862
378987
629640
229414
806871
252298
182416
246799
464614
106092
158150
688826
39846
675585
957129
990210
131199
618465
343167
906183
637285
423972
339769
838954
292402
114687
693092
167966
595068
113993
22310
266355
825006
571829
465688
35615
721634
990689
430337
710351
987917
801001
71651
887296
359078
22487
242396
406191
438784
305777
374512
506221
822113
351645
566831
476767
605369
284136
765042
842958
704051
213123
461228
192920
611386
227868
151460
6338
556546
911048
647004
841068
727583
224871
13642
385432
664735
320909
400247
234007
33225
708661
513348
238215
497218
204450
929902
22252
941565
292981
421485
523683
686780
22629
366262
746101
342721
395892
82441
589251
994609
727594
341672
706771
350131
588322
282916
324279
8663
545613
283172
202035
946001
625169
266860
964169
60879
449377
87397
212294
181317
399082
154561
324398
818963
784913
716971
293537
993119
470220
711683
540334
241166
892879
994249
734427
279424
488567
727043
424716
288597
916053
543436
515583
463143
929339
829591
488007
174411
839676
543869
579447
96859
818996
574595
765693
68928
661472
339062
127797
825046
306371
895407
28217
66802
294673
659658
732645
685215
948677
503377
304213
319865
498676
316735
292498
695493
882645
789808
451222
993422
147968
737116
595903
253084
927397
793655
144207
913113
612445
304684
921480
956027
837040
994493
241403
967924
13156
610561
196363
433253
596763
238015
81847
757597
893528
638357
221299
221335
524883
789377
938158
815375
489464
142315
603877
555014
715929
636910
157620
700203
256758
461788
358355
611949
721269
356856
713942
713524
622824
535576
248696
129364
701746
671596
768168
486884
704431
876479
777054
244029
465809
322467
614543
418065
662215
489047
27056
934789
659084
479950
53205
319006
997382
643129
253204
814539
618692
999250
672552
981331
874986
374035
848565
744241
48887
3292
197318
121275
253823
775719
391339
572992
387419
354893
949562
412388
207102
554848
844968
896723
588680
215464
395545
943921
61394
43609
149371
845933
225581
225536
88313
308943
903662
551281
928617
960028
691388
235400
575828
484638
62755
158853
792617
252511
47354
755183
309467
328872
521156
551855
834890
311246
588260
317861
744566
41935
942745
782684
319424
99495
733447
788361
461183
875244
587510
900421
198317
715036
251734
235165
684980
828863
696369
623675
661381
42845
87857
878705
617204
639824
100680
761236
850224
266036
766463
185949
147642
253023
234635
831440
885788
247414
210332
625899
346310
733563
147841
832644
461904
750138
186273
456673
797624
335329
89947
908875
391765
195687
223096
970285
192215
568989
704556
992132
77589
756970
716272
828339
620595
361073
325183
846899
591567
284074
188648
797506
469888
972633
369870
754751
43233
285599
631186
732134
695376
118008
467773
362619
62063
152290
575499
31020
837064
90325
545242
365851
69258
449695
336126
263881
218400
334001
709472
186437
746784
859304
285277
420921
93448
111553
530712
500932
406743
511921
886252
878008
2457
887021
680199
854126
560570
941625
123839
594362
206724
124425
965822
738015
189397
185160
356378
238020
796131
267418
367343
656779
196451
967134
697678
371125
975052
963225
633565
301375
185569
311620
35835
75610
849525
683924
154047
654502
939461
198602
260065
377305
602380
822165
24266
416880
844941
83052
272320
198976
683736
792957
216427
256535
149871
954894
405997
124603
653640
901977
564113
456914
800209
518460
628776
541604
228882
989234
315228
564785
312097
588671
722427
994617
672111
872997
944940
25568
351792
462213
249322
576426
891615
450652
227974
463234
45238
293587
403073
154433
966863
496863
285507
378007
112718
519415
360962
823339
350407
66900
715630
697208
88989
443437
53459
446032
88759
675967
667490
789548
988812
887328
1154
473006
474631
58373
662081
12619
558008
482041
906941
484488
192070
36771
417630
242793
173067
68660
443383
92977
814284
887286
153117
701266
687632
384655
267860
140001
61018
468647
955241
656187
551653
708220
224368
791919
305392
952245
854835
145379
90757
43576
773589
193115
615375
133867
859881
764656
634357
671937
942402
506092
450038
139502
647430
900408
552492
713121
264677
501571
983781
311077
166307
964314
950340
490462
341756
435642
891864
19016
62946
361734
508748
515313
456189
816541
287330
143356
651060
744189
766161
981067
878129
42683
497317
39783
38904
967158
127009
633836
24820
293705
284427
313708
173255
935902
200296
312987
58342
974756
771893
769896
924710
49314
970851
674149
990743
79305
688812
35189
728885
873708
629111
83163
93998
849180
687850
809629
559488
310242
555542
399572
797848
683857
369299
157880
655972
468065
861362
390953
412178
382868
114678
159023
520333
114349
689630
738106
10105
490893
721623
334449
831039
536335
995557
529113
980565
123337
559263
950415
569538
486163
849043
71240
35892
941023
70472
985408
590159
626404
216398
796858
651763
574278
815772
482903
283952
759307
870164
411287
63510
430964
938225
119237
221564
27418
314592
108289
573113
178542
106181
168081
464321
134781
103709
851171
970400
286906
122362
58670
224323
36836
184940
659942
576817
510867
939388
823259
409495
2277
709458
577583
680768
391231
377571
980290
935667
192092
175126
760280
362086
359969
323048
344024
12933
394029
333267
843601
120964
379164
675564
627890
684343
968085
640115
161328
336973
993140
613263
618433
866340
953495
768501
692750
834679
393252
161859
546284
674642
304400
663142
69564
280137
37208
129652
568832
819254
205754
703482
396698
316246
658825
579853
169979
325061
877888
888576
616697
890205
281099
947934
135033
642723
705344
820396
875029
997834
349118
715570
725457
146341
408258
176365
557972
958193
583864
96053
474701
448995
89761
228642
818709
675744
891015
311700
427249
716822
137419
478300
969587
91061
320858
824139
377727
375054
655934
389268
91755
792966
140881
852064
368896
473910
355311
579358
369635
722493
133798
433211
537301
226711
245196
733718
139939
920117
554825
234538
786777
502116
292857
61876
839758
882635
159948
664038
888523
949386
299239
631314
515969
839855
880406
197814
797577
385794
572680
410950
684772
8030
631697
457757
559998
601766
276243
520587
826156
419553
549400
840115
885033
955712
223624
482826
680686
755438
894955
266439
227065
147383
970787
694886
733046
351610
848803
60635
655369
671083
24864
236412
774240
542382
560684
144722
473250
619329
139669
794932
507416
449252
151578
96114
410553
408661
386123
329576
817424
307509
479932
468210
638028
415333
331710
218340
107926
975193
672188
599909
439861
393761
528115
890329
189537
639597
1622
595715
321171
433248
199506
595659
433683
344188
626326
106997
387709
40711
24529
747373
706237
111316
602314
177443
583475
426495
703727
534732
329765
757882
996423
100849
77788
942892
303867
443426
22965
377988
858367
39843
661216
270030
680039
6852
312239
969026
4914
393100
196851
915775
374077
377089
653058
925863
96536
107159
818010
164310
401334
860339
757344
614655
455806
352474
322433
797989
427966
508090
338420
424981
289458
320250
186438
755716
593349
430795
826610
839195
789849
636133
8268
838263
478051
747396
723031
768653
436489
193860
150234
505097
796406
101628
275412
302774
42616
609685
49708
174304
15610
52854
91578
678673
180556
21496
930021
910900
489642
273169
921236
484436
883974
769454
966519
610328
989205
793999
281669
894045
420448
24947
679709
126639
838712
518434
657550
324709
31238
801878
624086
584960
958919
620149
920187
262968
729426
823924
651683
175247
244037
979648
400205
557318
864201
907265
145573
672501
139309
743671
763102
248212
247243
815708
644392
587638
11545
771814
535375
103694
164200
540528
202122
821998
685400
261784
509076
72570
541848
695324
179789
178983
178506
435020
135872
461433
280068
215771
419386
859013
230550
352891
820332
905377
615689
281353
460484
594418
186241
302683
246431
500232
288826
37796
824467
755760
536974
335945
80201
550351
174375
517101
417764
949950
776252
77927
405835
192783
795303
47637
500501
41198
113957
489546
478544
121443
294313
487202
635246
361076
325341
399543
775757
399080
19638
658732
792294
137714
100326
417025
467707
281393
612571
180618
180986
401282
444980
894717
237464
586154
874159
10250
842897
706983
761273
220946
829698
692007
810175
379283
414425
751650
787629
325084
837536
59056
839060
996283
38388
605572
741502
914866
707875
641192
203272
814461
233864
489357
773131
294678
796186
864975
457383
615514
795499
428209
41672
616627
919692
476659
11167
180724
889404
102262
262560
726991
555714
687312
596447
342465
294225
569340
912501
313234
669138
976731
501736
893660
836392
110784
913664
570342
577907
479806
947127
770706
45843
577614
895738
536981
362953
948465
95984
755904
719728
190915
91158
85137
577610
459587
584318
923401
848812
867715
95960
101307
653564
273239
658665
222748
923837
970832
421224
826495
335582
774329
55689
399822
531063
526007
182759
107931
326778
821949
264060
803833
384732
582937
818835
670174
786641
311121
254862
705255
216217
386299
859802
361869
674989
290548
954842
18099
640977
878969
999982
912780
585891
818916
56665
583550
364954
407134
359124
102369
231517
354739
380462
562086
255618
338942
585502
584853
12227
898471
846254
804565
621659
690662
354506
456443
477562
147414
478508
396050
427716
127007
129165
560142
352196
39642
486352
954266
682724
730026
730472
373522
494168
25981
657496
744070
878157
54663
921730
954064
627395
528738
876015
597145
149473
155939
243707
288692
471538
868000
786855
649920
789389
550173
960459
550813
133378
62182
199077
862555
378436
268975
84279
769557
970153
230611
96184
386451
455720
785192
37762
78798
838342
862266
908430
588619
288860
953891
645565
575321
438979
891181
623519
789905
946935
85674
149243
969888
582940
430683
30700
573672
583956
716239
682677
704071
468915
40390
152898
531496
260013
575829
507648
891140
263945
576901
849477
152724
992156
142463
884429
99355
495639
42155
642299
554570
580402
612673
65134
65824
806145
493925
124905
974528
331717
659709
835660
580164
947942
974781
15427
389211
503788
993163
567366
379600
226598
113272
507475
680833
969513
652414
129430
163934
383379
780582
193349
476861
153967
837027
806628
78040
326646
741388
337792
539625
940258
257906
734210
788406
217436
291021
836616
260292
329105
786971
38609
614292
790798
691774
804779
412565
699250
837802
654931
78500
493256
887729
196347
514971
70223
83774
779413
45013
486416
197146
903208
480882
493475
811228
495609
555438
900619
363477
760439
830542
465665
222880
708708
9487
325252
98421
78277
59673
240895
528435
696818
590388
152476
106319
106748
61231
149360
846675
936040
685239
841318
349315
128318
127366
137797
637634
15659
608010
303338
747392
284837
230760
529873
69661
358862
110456
727449
338553
680148
851167
130724
516493
638979
642203
492498
220125
852191
443337
982383
8306
661773
342
972705
516383
108241
320159
475194
192111
234546
39400
287726
126318
629178
711734
645214
340624
914906
831818
269778
646145
126698
263930
538310
168137
398349
707757
677595
630747
854195
718642
158702
217020
324088
135933
793606
96011
511209
874176
90855
157617
572711
745699
577539
558373
480165
998687
208080
663324
61004
463420
882060
702333
469541
176862
55516
911094
982629
203247
531882
416846
1172
95160
802010
163312
803447
888819
945138
925819
397131
817954
750670
421613
298502
698216
259529
999211
714869
623304
439524
615557
780623
600308
705135
230585
856663
667152
477524
160455
476965
533083
316185
538050
109495
987022
388367
588131
701163
936439
79497
956188
507128
414633
357643
993555
595123
602128
402838
186822
950974
977585
21883
314175
487700
713496
875716
856009
483306
419163
629989
174106
707672
9288
416906
248526
507982
337419
311525
996413
682462
390236
753615
849925
589035
687520
292782
200548
939260
157709
457368
425294
743440
769185
719956
784443
705871
622273
79284
846032
435671
978600
598842
68565
910132
203287
298638
404591
234782
591118
973048
124925
772471
789048
919457
867800
552344
170528
159460
459436
958511
581121
173927
951124
249953
877013
123571
593947
886869
450554
443749
999613
955386
612687
994954
240248
668634
265432
424353
882380
128025
98988
353642
930301
457726
708654
443693
571370
892312
695320
148791
545255
543880
620385
669250
621753
813366
391624
364525
542756
650688
980860
238229
849631
10680
276257
669920
439185
187142
282392
437077
115700
42991
518794
500844
262881
448661
305527
6601
284935
129918
467574
93526
355959
584701
86937
789947
742619
401279
778031
38269
113671
140212
771490
645351
611095
893633
188762
612120
215964
289177
162278
323604
596470
419516
98114
470405
475394
472995
66709
40314
498451
111599
426720
37815
373978
392523
966128
558822
20658
871918
236605
89644
57414
558845
275235
701719
843872
467789
299955
438022
558036
60476
557043
2595
477522
913709
121831
419989
736419
223351
210380
910280
501531
146957
572782
490557
807788
470620
727382
97110
838019
445036
98288
507521
762482
766342
747434
3860
96465
899205
804082
321882
219300
436978
4574
142022
591425
515420
86498
612669
45932
823425
158144
743262
441609
382863
109464
37151
740062
178492
463741
713916
85372
466612
450903
492408
304788
944181
599712
469858
150452
139484
313582
717340
137939
378908
814904
180771
992175
478921
146989
443461
905430
487615
17899
768620
943317
397120
651310
896591
336825
997755
162501
24354
208790
189765
561423
931342
946233
8833
979437
191211
427702
876537
168925
257293
810324
855407
167473
620218
491319
788980
903820
790317
569249
708857
428334
917335
500481
11239
71022
497804
878149
67636
947521
751054
597174
599615
668569
569575
602225
990990
891563
378681
180054
427107
549417
763635
367376
836075
645513
807913
457578
828444
164111
742810
477341
12049
169212
826974
556627
81614
713838
268
200185
964190
345996
455027
531317
784596
412299
364888
604056
608569
305022
542874
678857
50127
335322
980498
370480
760303
593727
271384
139492
492131
642014
358989
283229
643231
990198
349843
506155
172200
22330
635516
756306
919274
830756
287512
472098
126388
350534
490925
34361
629959
580476
803959
706801
568758
173750
278496
719915
864592
865791
432058
543269
632448
804025
75667
4239
558590
629068
938344
904160
316445
97086
475503
277947
545460
400911
434391
530817
394522
258806
275724
844686
626500
632435
102924
689987
466076
702811
922757
104290
223930
865311
978963
440686
388342
731943
467999
556422
877674
547075
735935
653308
696636
876129
221540
398539
667573
799988
980362
862575
599179
118598
198092
849436
923116
697472
498623
115918
425449
47688
502956
993343
554948
854695
476914
862794
23166
985424
467565
866295
762272
813158
90947
800968
189534
716035
192399
936531
616050
987512
899837
56682
55299
379973
363970
345577
583583
822645
573228
333279
117991
370772
286227
395863
488522
345166
875695
834626
143913
364390
532995
664706
296346
133071
374456
586197
77065
24555
813252
185436
426296
225161
730887
509453
77882
388512
311118
93240
193272
87408
821574
245744
760891
228050
591944
931959
602475
323026
345230
27380
986831
719040
468502
681552
604764
87831
547397
740976
658095
191365
455400
251919
853079
698007
483285
725430
73993
851139
11568
116507
676406
297809
216202
433428
392890
118502
101923
302582
180590
319056
406094
66962
417061
96632
22075
344310
801795
947704
830119
910291
740738
114598
163552
397418
852621
524467
778263
653618
713158
263274
817331
645804
184500
801365
468947
38932
852104
441247
290099
407434
554643
363721
80914
4069
31459
739814
520521
517643
813317
558051
56181
225478
740119
477383
224285
718244
107073
442041
953759
664543
11925
181340
934028
176513
145422
616939
169022
685893
483847
811099
892539
300793
502738
31347
844347
236259
25560
674853
56079
87032
188311
301830
149663
287730
386162
158011
363235
741376
620660
336403
116876
380436
839507
9779
663594
332997
510974
342186
205011
195606
78980
25061
452679
212008
663876
913084
58683
837119
615286
980769
687643
960111
387867
478863
683910
545779
768733
387852
138626
489918
31929
868111
396719
787080
509435
672796
2978
567208
974410
49412
567330
331339
431301
656678
150205
68508
332207
841791
399921
588169
42804
226818
941745
344849
790151
376876
396556
591478
591158
869745
961378
152112
684702
799400
288321
466165
785777
933837
95225
496201
949691
943293
731838
92180
68954
853025
52620
153881
483887
142516
793765
768209
455602
29558
821397
889887
86359
802115
748154
878256
265969
553469
196378
78651
408987
568476
409526
803869
685330
394340
488014
486965
627109
172357
974279
122103
380124
780927
132778
888815
88454
350585
867920
597730
845806
680944
124138
896338
528189
676172
30379
571617
967660
70926
364178
554531
552102
559703
988762
197939
627106
352113
837005
362605
672704
938562
174740
880477
889252
583009
475395
651750
453349
556353
36985
603451
678849
722690
956385
988151
902868
765908
682074
782168
928580
308828
748001
260629
17893
856212
982593
516983
860843
207231
715856
881543
412399
248610
666570
814789
351623
528182
43358
132364
49755
548391
278535
881825
178544
495364
834908
179107
899916
961705
576107
893202
944751
605417
251648
895346
896369
875513
880393
319540
960038
407742
104796
290139
672955
444338
677417
199352
567340
275414
524777
238143
362244
438597
458775
762750
602400
135844
33088
607247
361645
327380
787983
969649
182971
898452
106567
427541
187134
17915
931519
842519
438203
242761
748199
245719
782665
967144
810425
147682
483871
991465
148149
1401
963188
342319
791707
611047
680634
585884
344551
734174
884766
287896
374652
8050
281866
119949
620801
201701
613460
888396
614229
864134
270157
151984
243767
819274
910163
206231
192884
382770
439022
748283
80401
184418
853338
260463
867381
592603
51781
547780
794244
771684
154926
313988
474897
177430
833415
62768
558661
722111
675688
944774
146034
597208
670343
594018
213470
361564
366544
723350
614714
572582
82179
559422
819215
38799
353720
896927
588220
110746
509430
547547
404782
238078
512188
16195
164412
930953
762593
629055
147321
80100
513810
733828
178411
210972
632827
92734
424498
117579
163258
66315
647166
321550
550008
87624
314957
323106
333050
659061
164370
643095
981399
881732
393713
351028
727812
608899
805735
731496
850594
166727
959464
71707
989987
655711
817001
3576
573151
452281
846396
744723
935023
534397
787649
984180
752125
507252
499529
163111
430919
567180
472678
188035
512150
520951
383652
382315
51814
58048
192568
749925
337334
968734
15834
835595
297068
600052
639758
832990
132578
950177
997691
465223
719692
230455
233478
785008
608486
200409
187277
175727
773052
442240
155005
505180
89429
704344
6353
835325
810439
895655
227765
453678
898317
708608
209562
399750
304916
15512
322509
817040
246646
455016
934843
920302
721300
491812
279918
314579
717894
140067
435638
682715
242512
513765
63299
45721
197788
602688
297995
823567
641408
477902
481777
623133
993428
276772
159901
640133
346404
118933
346948
417030
104547
383827
458949
118359
769061
777028
547614
310580
857922
203095
526172
1840
781711
730480
342774
962960
67127
737334
580257
144582
389505
172019
463400
948673
311505
414553
623901
794252
471645
489717
959898
770388
678922
987251
300039
387426
44576
146938
922327
62516
280659
912109
485277
762057
756813
428928
390299
642110
814064
489539
569626
483331
655111
660081
258674
306990
357719
658964
892072
972221
861326
105623
224561
636888
424362
797973
155025
319884
867951
21666
951701
194168
429073
94212
469874
511598
212420
225398
667711
605212
746796
216459
575558
490473
595786
181137
9308
485087
68892
197512
271442
799283
809823
831037
597169
146613
998472
217486
760968
625057
134110
442015
842862
456660
523813
256243
774447
44337
391272
680863
890978
817326
466291
233390
909708
146028
998384
304716
948946
811013
486815
492290
138594
687307
679165
290697
563420
558948
121470
525046
648840
434201
200461
650794
590597
765826
42372
692911
734015
884882
312957
803010
491253
226251
237148
598256
684139
659090
25084
470002
232705
788919
66815
646782
713297
838752
82388
932573
64694
169399
970500
121987
448725
656158
454339
454679
513908
531602
527080
891456
719721
653278
369149
971513
833904
579765
504713
816638
170149
860029
35761
917281
60467
928518
444855
799093
611821
591274
507725
413430
904794
523946
811458
299045
556589
308797
180476
824055
198979
762951
616348
580869
291544
503852
130806
544930
471180
647340
878576
963585
417517
385512
242254
340279
234421
227183
534689
479064
341499
694662
111302
543303
159773
619489
214374
91921
470853
442939
652609
821443
518632
645135
159476
760454
703290
105107
458536
875472
174030
699813
410365
789381
448787
635268
666792
25185
694983
879715
212002
463501
576156
634064
697091
186947
51495
315747
307734
486267
911463
18218
456080
201516
672057
940822
463140
515118
62887
319709
280465
19319
826978
760352
610580
662818
492660
472913
899569
833687
257870
117349
62667
470599
848027
729927
483619
517896
747180
953113
753432
126940
643023
796945
487736
633017
55614
174207
478851
921439
722106
930302
5008
363363
78251
564759
687863
829099
675253
867428
668224
671976
145633
428989
218196
553805
550375
341692
472245
127322
422661
674812
891034
95655
444887
599609
701976
581010
276278
355854
392723
311181
19877
423418
827148
773670
807074
623480
526843
830354
695752
698232
331439
351877
2715
709978
620861
889082
440077
779656
644880
423584
707868
652400
804324
6049
853336
944029
297166
694607
137666
842097
160307
725264
787841
305177
829656
732110
601869
952538
695249
164702
734170
367988
967335
363808
854318
648702
685125
499692
511208
4470
468758
3260
557369
140661
639783
242563
963523
624996
557000
76300
734145
503357
180255
984855
553535
282955
36735
678830
892719
614431
804105
80699
695612
78192
392613
797181
640640
7464
866957
505115
5002
159066
857491
361215
128380
448261
849259
403955
196819
581370
594832
9575
934154
533711
186175
376227
978080
639663
660951
330632
278839
1134
682834
401864
692182
599850
441374
693084
661347
209292
786102
272288
136561
45631
526116
687933
762215
459151
535739
512028
100111
13740
701422
938997
796221
990541
944140
656537
223985
55641
767902
290112
150346
957955
543441
284444
712805
673123
628485
637443
748681
892560
721352
860426
425468
281592
691685
263794
219829
284489
371004
239897
777550
744529
84617
550210
224521
768377
485398
412599
239790
251342
141005
989872
231880
662103
351913
34557
41959
129402
673706
964924
636594
978328
333520
225866
282950
253887
857350
289150
775138
197875
609756
614776
331860
704877
145512
978532
119840
175299
974776
782423
698953
426278
531382
496015
705839
528601
930007
86996
597289
356893
800712
416628
373729
460294
609396
858940
417210
790448
987068
46779
352334
888351
506671
822071
184783
161489
235156
523274
840820
520158
832839
754382
165989
924742
551455
203768
356207
5929
529403
701073
567723
833830
741558
729572
5723
436482
995257
291689
100405
795414
961568
817367
616077
821758
131047
870041
202926
965800
446806
583116
104976
316433
41987
608044
549630
607237
157084
153889
266675
265022
744324
829159
565063
683933
41642
165548
441763
381880
169020
657081
174229
519288
534046
88220
306192
737657
268468
987735
84370
445427
697122
651674
721276
408035
961282
274322
296418
901844
791018
738098
136770
912328
524049
177614
748635
448146
340950
697957
850616
979756
513552
370630
411731
325432
986947
334176
945940
34642
317102
994276
631927
231950
864385
726233
158667
43859
273579
420476
674646
53779
379026
570897
718358
421350
147804
278730
782178
256962
90218
416659
921263
517209
496165
387192
108975
719567
726640
481812
541975
341885
551127
552499
48361
384018
719427
457121
327853
207714
482628
761975
109334
750935
454140
118673
700992
225564
404317
59325
470645
964162
764015
830485
366337
102808
12406
371677
931178
893785
856313
761528
68766
677876
747800
262423
748219
163785
981347
535500
170426
400976
557397
220668
376505
601689
872816
612723
975973
628150
659841
779796
691777
304867
434005
276656
256717
691573
970439
572302
365731
463340
492574
333488
598806
375814
257408
638507
145419
676215
163998
200640
613383
497899
504144
70150
959175
481515
377914
616418
553325
445161
942474
976100
43348
106845
143553
483460
353290
119745
692201
189121
748087
830229
308229
113022
747432
637901
625711
340813
973202
5901
111932
15585
352902
297515
929169
551752
616549
42612
587602
19617
122311
575021
392108
156398
705858
866766
955079
888349
128556
635101
358999
419507
590397
802153
396178
646036
962323
692577
326844
936817
220240
120463
353886
317454
59230
321396
192405
94703
415443
590110
108207
74478
180335
45954
71641
801634
418283
901906
744123
573363
205782
35455
49718
488246
825493
501530
400177
165949
65013
585366
491987
57833
950811
837260
964564
149736
869692
940704
858020
843331
813978
919550
82444
211555
400548
810555
112265
795249
368564
286223
82461
303133
418530
395552
169839
717763
233529
123551
286279
785602
965657
424363
848009
703960
807976
218935
418259
728043
955205
138984
3009
121978
547895
261407
204881
628612
771074
285696
645985
644793
979391
219762
531567
29917
847291
193323
582751
910627
12072
662424
800607
284026
754263
671503
325984
976791
605524
487747
444946
351329
341196
249603
687121
166809
179888
184365
73408
24828
170255
532119
25682
114493
877949
157049
967231
322345
761295
969397
495487
376884
579474
181077
626107
887849
616109
672245
802761
205428
155397
625048
724745
126418
857875
851675
398574
945214
318647
349740
28035
292681
32758
182522
505871
615992
922710
550693
470036
993899
436722
574004
521797
655498
544742
359446
754090
84515
865725
185479
94745
757649
324905
321173
758206
598540
814174
518930
190407
524482
140601
155128
154396
437759
371022
270374
627196
850888
759820
640904
46453
919496
798095
161238
159296
321826
696515
251766
961701
910575
858549
317555
600541
676005
228100
772742
342342
545861
47899
326162
146204
840553
591630
581040
491488
78320
791376
232682
46524
969931
402448
606749
331135
48832
871602
323496
132975
967826
71679
607540
849607
46914
342322
616964
725950
315853
549782
515838
946219
105407
490693
825738
520129
787562
246827
33117
978793
433330
768690
455506
31034
2758
309199
973172
520408
956777
827369
402776
834790
10094
54561
879463
643305
357634
736514
344570
372538
258147
128199
740126
155047
403183
380995
52151
833128
913431
172337
481593
9330
719128
806832
658072
562286
826715
415800
624733
886433
230107
106801
669437
259913
669107
507884
935522
97995
310473
173327
862030
754058
107291
30064
969622
900693
957708
399898
972151
985262
152181
2132
36881
834040
289593
433612
959410
741603
780972
699772
115646
425955
547076
892906
934460
504550
622054
562368
446740
493072
539921
879059
361063
802757
326898
939338
292737
800752
833866
150769
499483
346639
856016
872688
381925
324619
658528
691518
863949
732352
834043
752262
555128
472165
773033
741970
187669
60178
929905
532439
473240
172278
286131
647947
188280
567196
714287
984401
647289
716929
620808
567387
10449
97980
211608
912203
889922
387913
790747
232590
610025
92946
335179
572201
940862
396210
462824
883760
805130
697670
673086
164502
972229
537968
786889
395534
688158
280121
109483
635772
885937
31254
872461
508789
604099
15588
227389
848430
345356
678127
9822
526001
255600
587917
874278
64340
91936
699654
770269
364138
92677
245651
865170
273801
664346
99422
676333
802619
207864
691097
933411
703349
474592
522307
902498
657639
449610
924998
49368
925451
886455
826796
582941
826741
134753
508577
317196
92875
99918
341371
300046
674952
881045
67634
597340
990640
977154
171415
253371
21471
809539
238553
175052
961222
475904
389903
715113
527215
225996
934430
66794
380895
415227
885645
807724
865241
918467
507210
414831
242100
753956
118157
198728
123186
848253
185752
377218
338304
742158
359575
81643
493914
668027
179925
897088
316273
218604
977045
413387
587974
841227
107213
851965
347579
527388
114690
682872
936230
208659
874074
41979
333107
698447
953999
648229
761509
643895
217792
68775
649017
998064
286754
198283
136875
653304
220627
578770
96335
176047
740838
420590
596667
187927
673412
414303
472289
685380
612621
675890
448879
818572
958648
531575
998592
998058
425652
546947
943768
288623
324757
522692
909509
342679
425119
891872
459758
228195
651879
966958
912445
486886
49401
393205
252143
365192
720765
68540
853286
361599
491458
793887
916439
26798
613189
464065
362506
600238
587774
687494
275403
422248
751468
717875
337592
696332
358777
493664
805642
308648
829027
461995
757837
219846
74457
132821
908311
920193
362453
371190
685773
977770
832109
142357
297499
857341
895986
471511
106568
843618
358723
654030
632599
570461
743809
747736
185671
328002
314602
712173
618878
78743
373592
717329
897935
810638
679811
624322
358597
115498
553655
410196
21748
975346
754307
737767
341461
753426
246483
595737
19707
390895
170983
323340
361030
801738
838892
649373
886147
271688
61160
934446
893132
293275
669612
591621
408539
929777
143522
474724
207319
929
261485
268460
640683
291316
276123
643539
591460
144019
531286
675556
521775
342429
73783
916931
872940
955359
746023
732822
995021
629501
576861
889605
833100
301629
42664
85242
565930
529229
595888
101510
407937
417299
482165
512466
233470
962392
993150
897758
427970
645290
345608
773805
518478
859125
492536
120921
847928
906733
962459
656260
124276
189346
532095
593089
349828
834200
598717
697211
150384
663267
420889
673908
73057
771787
901516
201807
242590
558406
576680
349258
698945
639294
810227
367572
838264
671800
329724
299057
115985
114266
849795
613227
965167
938624
393733
477089
470760
208933
107200
807117
879992
796773
758652
659949
141554
625344
46058
236550
416300
717651
635266
153954
348282
141861
486722
752464
307051
54801
509475
565921
958922
252190
256891
432286
5576
429963
214320
662274
204047
976089
19954
724918
138638
676699
337708
917858
535684
426426
885691
815018
429238
481611
674567
354663
186320
968965
770775
994657
51447
176805
736290
925244
868742
738758
527400
124075
713432
766411
426429
759151
9935
115514
112996
654117
795197
159204
811951
531771
609943
280227
240878
994692
563892
453490
425986
54172
363060
439593
691023
60915
625405
763923
503375
237239
290529
43821
537476
299874
178524
12741
942749
820409
504398
426128
171795
821444
76707
47559
21881
239647
828562
592834
794283
124369
91961
298713
528449
633331
625950
288266
995179
898089
11947
145825
816275
789588
201953
799007
261933
519981
171410
713476
56208
146898
269142
895111
573467
418180
540676
107738
238242
672915
262646
601041
492859
199248
830411
754130
982001
198644
287867
626360
234924
655680
946316
215494
687423
498117
564526
56951
714958
196672
552371
564019
62042
990045
451501
537643
59036
925158
679179
48217
618769
747254
629262
649846
837
201797
382427
890106
9118
857403
104846
25292
314859
753396
563533
43187
548627
122536
376825
856933
841183
804578
821273
572511
998254
516587
763045
405079
650760
151141
829812
341951
640964
133172
135354
568893
518628
251428
672631
69050
743772
937669
290289
763487
700301
692081
785668
418700
599015
145158
780954
68828
785897
483390
899513
791567
962692
989550
744694
235034
673437
340487
309576
890482
731884
137014
82251
322324
952098
265458
215762
482541
91840
687082
266358
91996
824910
936057
675433
376850
598184
356219
591217
957408
430276
574412
52059
706364
50423
794125
501556
454433
310986
367943
742705
34690
841448
351801
889067
312238
912832
480787
530231
350753
194579
237608
758796
975670
160718
8742
589581
656115
55767
974423
389650
128149
637775
110935
912753
264486
325744
534740
486211
902255
689446
102153
366866
381114
497877
622704
604930
297924
449271
763812
537209
102697
803072
992822
759100
593486
157818
149432
912617
245701
991698
53914
335285
996615
358452
209523
495797
748438
661114
238338
82867
376499
925564
708254
681031
207363
192386
539127
488691
202351
189613
694422
191796
496174
343618
141575
556375
620107
902682
316383
628290
863006
499421
43624
179361
814410
124290
419388
700771
772679
966053
285272
818518
117705
18817
671852
193986
38748
969926
720025
939612
181839
358720
44311
956928
241625
114184
516989
963200
172610
762554
992793
484194
574765
842746
286096
246181
641458
378959
186002
815227
372241
547290
49665
935285
161815
977608
251753
392846
381849
819121
918221
867089
690205
227856
466332
895129
597023
928835
848449
373843
507855
834652
652510
685095
672771
306041
822823
240164
218249
344339
466972
296715
446978
269016
220458
314169
307697
942675
288333
5444
301285
662739
645301
616434
984044
572265
428784
474016
709266
330164
88325
778811
667352
294335
50299
223942
738958
604494
266178
779178
643905
597405
637541
696355
11768
755896
533977
371523
515782
711041
602821
331930
809143
228099
697069
721753
321832
15691
533277
101386
271690
175116
310833
713864
107294
884468
401698
948133
741565
849950
270222
690390
558736
138977
381010
161322
258008
764687
151525
490391
416344
69015
90322
176495
5599
518474
885491
392442
75007
338686
498850
830337
547682
80019
422835
464528
448120
571997
841543
111024
96846
321227
173311
815697
12997
783768
96186
85278
75245
886257
350495
125237
477540
336518
71407
835559
79245
480778
965696
537015
623452
123088
820631
223433
403477
99541
552230
372938
916864
812081
789841
809603
161155
215667
981170
830040
383872
141173
800967
360171
976395
935370
862329
583774
726791
274836
885066
850741
195356
998643
994778
507993
840150
868504
461013
398301
823671
485500
638346
126541
239451
535311
96495
683762
156563
432532
548404
767905
291210
813383
484085
215221
542708
919774
993308
515749
219237
214328
760327
527103
616444
664033
343880
3139
726908
612164
429958
659806
529134
527680
943746
683634
627643
632882
634462
289589
513055
879696
435710
848659
619055
864835
451426
682329
661571
386165
73893
747011
502538
991529
873420
98089
753271
523713
64921
923093
854445
172003
653743
415505
111090
151932
499017
187695
760157
387038
760006
945871
449390
140309
554205
904957
394696
896023
499102
459447
501196
497817
631649
317132
747602
163838
617037
491807
363718
357930
904711
920715
459741
821685
683444
405473
144115
29933
915916
769987
58513
20735
443414
954178
411986
337819
137048
12375
520539
455932
831427
23493
221610
209497
394575
411908
627645
111498
986115
389428
715377
169816
371637
949083
753324
707619
816594
33083
352200
776910
871290
924352
916069
866888
313702
767636
699092
565722
94218
320340
363313
848612
844060
769284
464316
909053
927416
26866
591205
314457
31947
169388
36339
969233
691622
762097
381513
332456
884177
437184
508167
368427
954889
357125
873338
409684
637225
30684
294172
979543
968801
190251
317740
391791
986232
616510
828619
545313
637486
963812
383108
166882
679567
882003
117055
888738
68251
615503
305422
860693
363459
426145
549651
911151
487380
945793
873502
33142
512581
844256
785502
368080
509769
970797
319163
770858
779453
23711
775909
113443
564203
316037
637545
79893
970507
555026
595100
360162
479836
442331
273368
552226
702625
411087
533554
392704
102439
616703
237264
992771
667870
916576
768430
298560
170621
239743
628614
241504
277443
710497
980395
34314
210969
764859
537389
281044
488202
161367
709675
616214
330128
707213
138341
139924
926189
255280
464991
159602
785494
786283
505488
385993
603700
99976
505609
699803
763684
330687
985573
36161
850807
20516
340794
619533
186684
902239
559697
225632
665801
648676
590237
103055
694300
278655
557287
420229
796980
15563
919392
322159
657699
808663
241083
868901
506887
426638
557235
182725
455401
555430
611466
185165
335717
323433
229351
106341
885710
152820
628575
632857
245156
986623
103543
315250
972449
405387
17862
898031
797938
81126
135161
166693
948675
302558
629041
60592
631795
143424
749959
972885
135783
967819
39855
441654
601008
992018
75739
891061
315086
679487
800751
22977
362971
569534
199256
814107
745766
327832
378181
713194
988204
54674
411089
885841
265709
198730
883677
628265
205822
678747
21879
76857
258046
54696
52760
235476
996512
746505
646791
287336
929552
581854
653553
558391
172875
829546
754215
657743
521121
567742
750939
841975
829343
644249
963988
991476
145608
662598
990443
245299
320243
41510
70245
4990
638066
874170
528222
379892
377191
705122
32669
491943
269543
327231
869587
154946
982922
549754
653169
746599
157201
20638
598371
456855
658293
960289
33004
954379
932191
2719
140298
426760
170167
469806
879691
206512
394260
483063
521123
513746
677699
654941
305352
221811
140403
549355
285722
549890
920261
443132
431249
271805
116758
963267
605191
907854
900425
491689
125090
339553
618973
213813
608775
517263
865285
432184
836918
816070
258769
359873
192256
370941
243456
754327
376581
304739
433782
837046
347588
799162
15335
51694
264927
482799
388590
626766
403013
737182
143850
787951
328853
464365
24918
745881
169209
89157
255095
919765
826350
450222
458769
951454
401606
627821
85417
272173
541470
211718
528856
946066
770418
592415
881082
37790
390786
961602
696189
651032
827153
491601
134820
985481
949945
628503
392695
538708
945129
217867
354813
637117
685771
698985
537930
8248
420799
537438
417798
861921
47800
381919
838946
130167
764028
659959
10897
574408
95885
886695
474174
366326
45025
579607
485178
882132
622146
674053
483906
790090
808537
357010
423259
978430
107267
716071
296952
279594
993589
158654
160334
996735
829784
966813
720502
163023
459825
295428
300340
789251
589110
368856
900864
50521
64516
673381
982825
331563
307863
768839
59941
293760
956580
77956
635053
963237
741343
430720
360094
722378
904973
935020
729433
899705
240183
428301
611721
283572
273466
283620
837673
971387
350912
210635
985876
74937
611676
812978
106363
732597
376263
32029
176104
292845
285869
582517
710613
263075
127577
619512
989723
706823
312415
438095
370186
137903
393198
675539
588891
134366
902355
268447
363749
503516
875228
483951
909870
152107
298866
12042
511008
238331
655788
868590
229
342116
331071
431133
711787
112383
750165
268990
530951
672353
941878
70002
960758
123957
65827
588916
959102
14261
315266
977260
558706
133381
103859
841104
398101
875436
931776
351415
835440
968371
167996
926266
398860
869378
372683
10904
841680
641382
483083
86141
933270
185162
134568
897456
700510
598140
947727
605187
686410
527193
774168
87203
424512
763317
120452
728328
540970
117939
650061
928334
395651
703882
816593
995668
332418
418708
237006
680800
868784
816309
811213
827855
961755
633062
562972
906807
741661
690291
914651
792049
314203
702649
778890
940360
244817
389406
325780
735664
130408
485162
63070
419468
688140
424209
954241
591916
548594
352451
6711
583664
346524
21218
699501
134879
289247
458329
202101
290253
617359
791250
112570
857893
290553
724558
652505
70985
207907
365151
249123
912460
253400
240457
507318
242966
589189
979334
326184
218700
119665
39500
925539
458948
672008
670877
373208
699034
539198
42373
469818
938922
110013
215682
986776
234664
401738
676915
562367
181533
561836
197896
868412
751554
880184
682385
444631
276755
299025
126923
673898
370626
924644
399333
827385
987910
918100
333542
654459
995459
212068
853416
407611
584872
792696
307231
355036
303922
807801
973886
292346
162334
429907
15050
849577
196563
995172
212000
251345
939644
550995
480570
800215
283513
194728
551864
658003
591347
641163
6081
176095
792654
361923
118585
563602
794670
145184
455813
121299
123029
345681
521261
471228
962592
520722
791853
943706
486683
300674
394008
115345
110140
374418
834282
349533
755907
525913
970280
751795
4523
743877
255926
408653
991917
912437
703333
22418
443649
939734
622977
104659
139043
337984
576460
676559
797978
176318
898632
907317
653297
496378
494887
815065
16556
457529
598829
336701
49190
198326
941944
455871
16909
134441
531168
280444
102623
970970
701473
931883
443079
796697
685759
483482
906858
518116
53901
127847
107328
324988
44187
446026
223765
983741
389483
665007
532902
340723
13847
193399
299002
611249
12578
581693
802094
604475
134438
451566
556250
701110
680324
286198
73822
129673
934534
909077
74364
827834
834583
673628
52095
367192
818367
325192
412923
338825
331830
762276
32394
58481
232928
779883
984723
658374
187005
513
510708
411974
918175
209984
102332
18102
620263
404953
172698
896289
804135
971245
59404
428270
155651
871467
672794
9639
570631
820076
898933
970826
954331
695800
740996
840449
417336
218968
580004
396734
22189
795001
619853
921625
417422
896029
316952
145452
674162
853367
918157
212151
885790
84645
170917
608856
111453
764346
68454
21624
44839
243405
464059
434279
672231
208628
916522
434230
862046
841155
548032
986534
883588
572131
855483
322158
509203
290846
917498
726559
404357
28249
81119
478597
195350
885589
945507
160548
588971
858275
891354
431602
27672
631958
93783
673255
113695
192469
247096
353965
224523
650156
930760
601158
60175
174132
662885
712767
822319
884312
151233
345488
394632
692024
618183
20950
275428
224727
492949
848130
250111
95904
900090
265667
227223
540414
582792
62443
79800
440845
169106
842369
522031
267187
747094
395389
569440
433309
170612
318574
629457
467089
423095
305223
969676
699987
401097
597942
197960
199800
908463
719301
138781
670484
914211
952333
272516
246668
436508
834004
611568
646273
92235
704902
973686
377630
533293
912937
196139
782789
427382
204329
875499
179071
345905
604156
106605
125678
841616
250130
82170
1764
316843
680838
334709
328280
991216
990924
810748
310947
364567
767738
921240
640298
894596
864502
365973
169112
210481
331579
911176
810364
537953
122421
407393
321797
737865
121093
720300
956636
385388
530609
16884
773790
803908
170347
752642
311924
196636
76284
339715
53585
824333
219911
185928
593530
50514
447845
906376
16631
606612
237181
213045
983522
939353
12950
565091
253300
259121
926245
280881
745728
9263
649728
166754
138979
920271
478740
941089
9006
947765
71199
580015
611300
356282
163629
857152
490804
541713
55165
864615
218760
697782
429105
448459
334658
517792
288834
620518
364158
675619
155667
722105
543782
497954
379132
10651
271149
245731
193607
507668
855634
76306
871778
104115
805605
165064
731785
377387
858382
102291
218642
979647
632912
834230
502234
310087
958825
424946
470755
944011
571687
64715
2382
789174
573782
331909
444264
662647
753584
497653
966309
987098
187678
822620
665665
239519
825490
921395
942880
574537
168105
966990
10245
313044
211194
65647
423750
893054
78993
44830
885596
96468
125018
583657
747727
802424
803105
907380
631030
567922
962695
832668
427896
914173
62734
708929
893777
263322
521905
90009
43070
153207
844822
227040
599681
963950
321455
622253
85905
438500
875123
75873
236962
31378
144053
472696
966156
286238
78081
326234
921453
27595
507690
487922
686380
697029
243061
766044
680872
79385
33031
947760
877287
717268
506335
955681
707501
994269
201956
107552
994712
376623
694998
730414
623464
23537
416167
745409
170721
291427
166162
217097
114375
629514
156353
965965
599930
127998
816614
322816
763310
367191
417845
887491
820757
19668
903181
221759
508812
82285
661853
685393
119492
602035
436795
809315
29561
810467
636319
788789
292252
902480
436139
450958
870014
685338
223875
821504
379104
717412
29634
453325
342016
189677
324205
372164
276410
52489
54992
462925
450750
621358
989168
960620
221798
842287
189663
262835
760612
124919
790066
720841
525302
817395
936970
877232
242932
485163
881120
127497
737312
442731
500781
81093
959050
155694
216049
483163
703407
677564
370183
224694
643162
938973
686484
549371
798119
98361
896025
368314
919907
93710
244840
266352
226127
723020
153588
857846
156868
572368
445697
961611
225904
291067
666746
901945
291454
693231
787942
179220
685349
483105
841529
826998
564782
193343
458086
737351
232836
488431
743704
679600
328954
708651
352190
532834
630146
11847
561307
999898
250503
886286
183213
588289
44119
609548
458588
958304
530205
493883
302565
17590
456177
446874
141045
882937
263090
144458
619528
411782
544987
429113
384870
725805
241366
633014
608624
480643
313763
921838
605242
801467
13050
723543
836612
89772
476031
835136
846896
924621
418543
383884
251282
595778
458234
617788
750421
275014
50643
111695
150533
323066
110349
803359
639763
360572
262926
669412
668445
752431
466701
360558
987558
26752
552680
842263
14734
377164
253904
327549
896252
990895
535108
93403
838071
790506
50358
800708
25492
530544
812938
512443
596618
632717
736828
3889
752609
109812
914784
461467
186121
157283
507525
499376
242055
874419
998076
440458
845780
170148
171292
908472
706607
247863
250292
152049
350927
348524
155688
109709
932226
563582
43007
348566
501437
834401
141541
998859
559197
949471
922551
180488
30228
254102
945842
283906
688697
604235
104764
785490
599571
18267
48950
178280
408308
936516
997957
279521
871668
618320
774304
2412
415209
113928
17076
137090
501089
60470
888296
614595
286059
712150
625659
900911
886096
166617
542536
435581
787168
891605
381355
194203
72422
829708
261886
140477
320470
274173
826678
281646
859801
157452
739223
52486
751963
644265
344997
568091
720361
379516
789120
989376
626351
177626
482880
591062
380039
109652
295704
607486
576490
224220
927441
945433
903424
669572
837787
306525
761688
566508
970487
163797
756072
463894
487768
122681
422138
948209
930300
810839
993554
353487
560907
122018
338912
461314
613363
915984
439021
628837
558879
899463
154677
433356
452030
904703
537805
71836
249990
605782
101271
690038
528520
528438
958546
580199
30804
587021
138954
721451
438848
83699
815373
69075
661924
282410
599863
477400
403821
533528
232145
691457
806886
565232
256415
767841
975090
701757
937349
22688
911479
550389
646497
359237
465556
337130
496393
293176
942813
947466
363756
235308
283083
851747
569618
953202
67683
328380
139763
690356
838688
633863
49025
69845
981905
448864
756806
154143
819593
590711
787429
979664
374738
581611
804900
868320
942398
822761
514373
533369
486752
814782
931873
826153
991591
173180
699048
291859
781965
540739
298297
878384
33864
484068
845403
96563
348942
582391
231776
890102
608152
176637
636128
193316
468517
275457
626268
604053
509106
160914
280307
580147
9517
452376
410998
418931
882603
275070
231103
346367
339954
260317
313839
713973
888304
728802
57245
365979
273692
289803
572170
583464
544784
654572
944699
23242
145863
698291
586296
278786
686250
636972
335413
196717
640851
21223
224738
611886
112109
934695
811229
847354
643255
177796
237888
908775
348318
401908
790707
2731
821374
279868
808373
183946
20554
403246
344802
174121
735013
258277
460405
509162
938785
356251
73839
159906
488696
675602
965501
259408
541783
6398
719675
139384
271744
952072
681856
439976
84979
738381
473221
725912
948221
396216
527251
465824
847726
232743
417088
308908
480064
46565
404910
697386
21264
430714
961147
767627
310993
973133
278256
618508
593823
602199
108034
549608
736923
202174
76879
987557
213428
233826
833779
364093
572441
62741
129698
57637
20056
600338
576213
259122
40204
478830
829967
171993
684484
842797
751179
342287
486513
204420
199439
982541
687757
535456
747642
825604
735736
310714
939934
349341
35723
364732
161267
277903
746100
838662
13312
652250
632042
455170
693099
345205
15934
71854
122836
764947
225032
788890
240532
980760
745967
247271
47445
446057
841112
536881
83740
951209
502105
878735
562425
258011
434866
452308
999702
484494
179786
852786
194710
813703
517930
988981
702398
386801
628276
91605
557575
681644
250021
758009
988237
381485
905373
739059
340621
407341
172048
670045
213943
676794
228849
686781
299116
218728
908348
265091
945365
718436
356832
470623
452392
656008
679574
678730
370757
30310
676061
809904
497818
862249
792286
999907
156322
67734
58160
705186
594744
607694
631907
111335
182086
960692
340237
830812
486887
359144
77741
415531
172499
234396
559453
586736
757220
469358
611248
542892
740648
830913
356634
998233
324544
819236
63804
597352
809108
107260
391664
819022
59024
267993
14175
676169
466856
734206
712861
267497
155844
604443
702305
279529
849193
381664
627777
628195
53783
118280
539032
842639
807216
796630
738775
43458
218900
411993
750682
948496
870451
529598
69151
634908
501888
435551
450068
979885
680326
671003
9824
400491
909057
992080
472084
897594
937382
922777
938559
429700
399621
376631
809936
46993
957991
456324
473390
596337
729095
483943
325718
667497
789561
973704
796146
943020
427155
667734
720663
764728
821641
12468
864040
398992
131799
656193
531921
824215
379010
938763
916980
207986
763566
631903
491891
985686
414397
12136
194231
711664
613619
270593
88063
812991
335478
244202
435104
104993
793480
459189
395442
354723
731968
789027
437493
300923
260567
737940
229153
235500
169507
44840
189117
212116
528064
750254
992239
569996
462252
13032
968074
50433
885659
687352
404903
774194
863911
716838
474414
147400
25956
480144
912116
584909
79762
520687
986750
35018
205611
919105
59940
317826
495005
983513
16977
285060
817554
121151
699175
246449
705450
99397
45375
147787
516234
830311
709966
845941
181710
576675
858509
540762
30145
80290
29070
398616
141401
940052
865855
910328
377095
55458
898676
30655
456364
344509
443401
529644
682870
972601
248631
533336
554580
723457
44952
771410
58403
725626
963491
605675
429082
628385
847095
810810
177832
397227
195423
540226
290561
234257
806137
450606
278251
213925
748756
39965
145529
206416
276114
981526
190846
643131
236536
537641
742046
654827
296174
190867
480757
214698
238637
7189
759648
631576
842197
86351
63652
683783
783420
803491
70707
467235
602170
481336
548236
774737
291675
523121
586308
454711
76415
133136
549060
507330
954981
69548
312169
331695
720407
70849
651148
773903
878222
821167
769775
818703
178835
334354
260450
76674
439362
170150
112781
54411
98466
713049
480911
210771
560164
915792
777322
582615
979361
366771
763154
403504
981072
399649
305649
8722
958178
165636
187029
667182
378362
361984
705399
591672
152581
852137
182915
733841
680389
790363
699719
973951
333833
694021
594748
376376
563461
729025
867335
404619
682652
709230
292511
929880
419176
10408
987051
389912
731762
541723
839489
974721
670307
298980
196675
833224
530549
135172
595991
123025
579354
498241
637237
502101
997454
382338
174715
926818
926356
203346
941589
55363
178412
577863
574782
817650
356427
695514
178533
929313
792242
967468
441075
965990
58230
192640
4839
571958
808396
429718
251621
665447
215149
253617
880193
750237
437917
402250
364335
946644
238220
445584
932035
968760
475785
330528
320385
479080
995592
48448
845450
119227
274934
487877
243761
445001
372723
269676
979357
802029
670765
333360
541471
320430
980170
506519
622326
286136
292064
366083
855378
656409
842553
607749
889692
85467
910672
689033
42151
57969
221983
564643
663792
37525
491357
243810
504235
739372
586344
928115
68317
984040
795681
32932
725456
185163
332980
531443
918367
360410
225653
205586
336289
27174
534906
958914
837533
366869
470889
353565
912585
148282
750054
474824
496479
100767
699499
964176
766269
832251
941664
688785
437987
596743
802936
399575
183621
690067
74273
471451
604075
618146
791356
740312
701241
136858
203366
258631
300958
312402
815196
485651
653529
152852
422704
548537
850141
906698
985870
640531
562688
918067
729989
540516
695721
449452
35902
946099
355922
136795
273249
211154
879583
631584
805029
856194
824920
431238
530399
205494
174976
80342
816107
743984
203094
473925
454645
295176
775591
648909
399141
648587
681998
835417
636517
24064
846346
424985
54672
700102
911674
100534
304440
358489
345655
326111
400980
137203
239950
811074
794756
275151
810201
771095
979907
334985
23225
129686
176552
510945
557873
673353
742361
82270
96738
628348
152077
849487
898079
792891
494892
428908
698148
373660
850392
163545
669562
216208
998836
896349
88620
288972
218607
573988
475087
662918
176399
973160
753322
34727
495950
431682
898718
200494
961743
633696
564848
84084
850939
510996
326005
558602
868029
402698
855769
742334
782102
498514
983755
490237
775965
6683
853512
379986
826711
357185
88323
841932
487342
804861
827246
346558
907154
583611
251688
77280
200361
344905
521603
694675
758324
375019
839728
264063
364363
791562
783332
254413
374395
251486
842689
12815
927172
864562
28691
106496
97962
33115
593641
863115
532496
5561
65964
382297
920069
879740
404794
549969
670684
279447
58914
295866
115465
956471
427947
177585
553656
789648
422207
69078
530506
242002
760563
38279
220397
59579
828916
699012
124806
691151
808562
550686
949953
649628
790971
430774
74556
63176
270226
718024
641437
505108
742188
772433
323506
550922
697796
687325
285642
273291
323317
530898
365311
243330
606047
405950
986182
119872
591891
239062
459022
417108
490350
27627
313297
703202
862265
625153
109560
398838
583807
592477
353489
310355
816573
308344
313184
49797
516708
830991
802467
124789
288080
679119
722447
716906
93596
497589
939449
918101
472782
992425
621492
813820
718123
73990
888837
448002
114067
837983
442991
577784
529575
956740
667641
922138
208944
335067
589799
718667
379360
476100
920648
463847
973031
61939
94725
207238
909202
663348
55817
202827
166701
90865
905495
455070
531966
247900
990761
143298
128519
598252
338781
887354
490620
267030
819900
338888
79071
949531
999335
292496
538938
99194
896992
341340
71301
497330
398329
746849
704657
733630
802046
824817
644196
184364
200083
100823
494858
631921
872447
655117
312908
998087
563437
156347
697984
880762
812532
309398
404772
300420
7069
372519
583646
183356
683124
892048
959433
641449
707727
361801
455839
799250
859431
822677
72596
770144
886772
824715
367494
113540
998180
794650
469588
461500
838570
692197
800630
375269
639568
455954
966215
670804
67996
93439
880627
72879
772267
196484
248636
429747
944397
107352
960314
251442
171642
654317
255552
548693
830669
632020
991034
192393
110560
929515
400209
255909
324182
711835
670573
756856
194801
505876
216694
222784
888019
301230
260348
114728
879535
645106
354074
808486
311345
333963
317220
956470
882029
959652
449487
755871
975633
313648
998071
328157
818989
660773
878258
945819
896542
720130
204374
501019
309143
270179
984570
675439
330386
35351
592781
667692
56821
807329
24066
373677
855761
3208
581929
523137
881283
441051
176665
876914
748605
30469
691210
367347
731807
458952
911231
441573
189503
320217
232672
564486
756552
43544
240549
873462
839422
503915
770671
91943
342943
425334
423905
470821
719801
563531
308848
214825
687813
346679
294571
565596
978204
973921
126154
25380
700672
138081
273121
522696
362011
439910
216522
459884
827654
719700
978314
326738
28565
886484
675822
121974
232002
200557
935562
125024
553774
157106
764023
20605
486025
637554
442523
517842
504717
579002
916868
584168
223137
660938
795567
751043
614192
364320
208088
343544
83721
53116
173033
286072
446684
456149
60356
42573
584848
322475
145155
779779
412924
730787
331600
297045
632730
428118
546671
328065
297145
668602
746163
490070
578070
865466
930906
431759
854269
841839
34775
997039
448596
30106
805920
158194
604264
649536
726976
962348
480446
151561
350772
87930
14212
442632
464531
112613
749709
239288
832293
125848
57741
905319
626142
288784
815320
739197
62584
942876
724466
570809
773283
645772
621559
103116
26893
366975
44734
455031
528691
998298
238719
655896
998751
206940
668360
396919
726270
106058
524441
492591
849326
679494
71269
982479
406019
186321
675365
721141
889079
753749
545378
466601
104255
354511
709455
428375
164089
945303
443218
694055
7873
319885
862883
368635
11170
400333
23172
245545
170752
743890
740118
164439
471340
646742
905388
558277
439661
407365
69224
159521
272903
286283
742414
424677
480232
758553
80798
925429
431078
607632
558360
892557
622641
386194
283501
677856
272477
64739
180277
553280
320821
825504
387108
467928
563631
593606
727378
5305
885894
682215
284738
52478
883419
606451
570341
456158
862593
597734
318551
11010
461732
618576
881569
22473
959711
265181
70247
372070
983930
286992
816692
565123
788878
258848
498058
634631
446295
942620
448218
302190
690639
767539
135408
121594
675227
837206
519864
807559
226710
460805
668051
492163
27650
381319
288661
131310
657473
120969
450248
220779
462825
998559
29394
462032
554095
37287
980450
98846
783730
398350
119830
689674
505378
15212
444397
558266
240011
139
318436
793227
159618
780399
321167
555882
252939
27349
798868
144547
400898
151592
989791
227857
481863
254112
302520
544900
79828
561620
728031
778633
235642
566804
903310
827685
687220
538920
136608
328666
953037
68663
246285
525816
793141
872275
269571
733045
514222
525425
334787
868435
791411
44400
364767
402452
763586
573114
974222
67963
124653
418990
218279
741563
27694
898512
751597
919245
830332
174335
340190
366067
891719
762671
154900
775686
469796
552523
378740
462285
1929
196905
976906
10400
133449
237641
18206
842964
628763
184089
266968
729771
203963
888125
172147
552599
978773
243420
804437
467691
63826
911328
6561
354411
347018
412761
83580
980422
797313
875283
811130
642800
998362
934518
651497
686938
676404
843538
379203
453671
263754
407930
248303
153434
769740
425855
377619
316536
356522
399744
266205
85601
624469
760268
215961
410066
369894
639429
291468
242409
841441
53286
781674
758331
652667
99179
103448
964454
523892
5608
983935
135669
636940
771813
55686
142221
110981
18256
531201
651506
636637
618872
998358
750453
701013
713545
210476
108795
4473
863075
954946
347045
288253
426583
649180
146657
773059
692030
648599
18765
830517
584862
953795
263008
581048
131253
472389
219111
729626
469939
544006
679798
601886
823181
941523
207302
915340
126621
204333
330709
642147
206136
193971
338319
284736
769264
35357
898118
903886
791359
927093
319312
146550
771565
178317
822820
317526
361027
85980
901464
894669
333648
885083
431014
740105
286335
652706
242270
383563
80083
535425
217363
444349
156401
380632
932172
48017
47133
888999
821663
950653
103257
599747
345878
709911
576435
991803
39723
134070
271226
90960
823491
538256
264929
17923
923642
128880
727667
948088
815281
550183
87978
475761
567270
938299
595128
950793
435217
412735
603891
854299
490849
283774
869277
979968
884814
773391
651892
994715
351440
959106
637482
493434
666838
430587
91132
391184
367896
821763
56474
130489
335781
105725
6457
571261
847695
703250
276094
802361
737908
789058
179513
464270
235233
234391
452128
318867
159102
667371
725721
837777
134244
562423
228517
886503
814229
752265
3240
113038
773532
378260
908727
3842
325729
82242
85329
859114
273764
498932
233482
713961
551499
994853
816429
690137
18682
323563
51466
630194
959129
709578
711828
229338
779100
259996
689904
273407
711826
849827
35545
940369
339410
547628
958216
11111
272821
971448
145418
863240
284407
272184
57479
17192
478865
801687
409711
610547
540593
398338
670496
975649
193020
267476
901861
600119
938204
61966
264183
894736
686057
418920
541984
847871
911718
226502
213716
984690
982210
690000
569522
819680
660796
119702
346969
391060
608436
805548
190500
555645
889839
528266
850962
536439
728771
191648
118496
648927
838816
402440
448549
97241
158768
260975
147962
726968
936041
292827
924740
64681
794486
180286
672143
921001
542119
896598
289092
438488
472110
721673
152267
170459
455023
650456
306724
814768
174567
64824
885913
589519
106025
545030
385390
451534
734997
736375
150331
486757
503773
568607
737154
533695
359170
183163
193372
810284
858453
932684
579536
528426
709757
46426
763599
985443
455938
936149
423194
15908
589071
258358
63517
880310
548199
888744
745512
293003
566501
648771
603976
963476
548205
748659
715329
189231
268341
841143
469419
585790
145898
203461
875667
367180
352636
841991
183001
284241
36945
931818
45393
465275
92297
932564
390378
245687
151834
924733
520449
189564
123165
708507
203708
723170
721565
453529
900713
411516
842361
90969
110826
80399
528573
718293
550379
214772
935918
16327
593435
505630
15309
367672
86008
861717
75240
634294
371907
210063
305310
499547
295451
592041
196286
423120
623418
158527
230282
595329
926858
931685
922705
586155
533000
552533
640372
244902
125626
952176
947941
933528
996726
603158
316986
223749
577262
861651
672232
460059
67547
113404
14517
849314
400410
465448
66206
825562
415565
982981
907230
857930
974847
693133
36681
523592
392513
965537
755069
765331
574240
381174
165704
790031
201363
528798
309094
110749
720845
657839
250919
992278
541171
779631
584549
501352
121321
626648
448894
422174
119666
86015
449442
733893
662250
845665
216536
146413
520648
302018
472328
645522
646291
229047
936449
492573
248485
120037
51352
636209
760035
828374
423390
509496
850907
942680
547942
510056
359639
754247
293198
980469
751805
713598
388414
892571
500814
798081
502328
941751
393002
661131
713491
238185
373440
92024
486675
662574
857104
647413
792139
616065
498120
797709
326971
731259
146020
201498
308935
476184
638807
478645
727687
792260
94697
375561
536789
980238
86513
49577
944640
706535
366452
91955
340868
305980
212792
668513
87816
788631
324501
791757
829521
844283
900679
534411
565636
84535
876666
658414
124124
38850
993149
686269
247351
380472
607016
668908
254513
635346
410641
181443
413554
433133
484978
345147
40921
270400
759373
808670
740668
331786
887917
410952
175105
964992
976858
106323
68339
295959
360042
816404
72590
948923
146651
986015
636283
672166
512392
811078
239140
3045
760602
467570
928790
668232
72953
260651
960706
639554
229663
447687
930910
173220
610184
875822
798569
842929
520006
858182
373963
535389
809329
8282
911739
45820
738361
71888
438369
822172
722715
870070
904317
950693
200018
22904
651981
818418
779146
977502
894320
737012
801290
473633
3239
772777
570368
207111
115290
68737
183513
922419
604038
427952
632281
817861
236156
1180
317993
144282
532762
767983
497213
151269
124092
89968
94259
685306
729010
914961
560899
740192
208317
855242
848964
277672
469173
470570
565434
867786
808768
546880
878598
713059
369334
525560
833876
393479
431371
709481
919076
882081
758817
796509
547761
924961
123529
870584
369792
622829
310403
230573
958644
257569
359173
730252
42921
782625
434280
327524
70768
367566
76530
171202
282343
974484
44032
609587
396127
703568
165434
764317
48749
693569
703174
690239
624807
832018
948616
533481
572135
580217
799403
28681
287051
397870
830785
517780
340714
934074
161119
448012
607091
932280
842894
660940
606563
735319
991175
244276
253959
18232
432391
386002
598387
572612
976109
777169
279571
856232
824642
99816
204
221329
23522
817769
339776
618310
115413
261223
420849
316577
95810
523069
146283
654823
789329
216135
274131
14211
599274
859510
521419
394545
320592
447959
367232
807665
602106
770334
693556
939069
739324
8714
758969
920179
667558
757515
65705
565780
615979
3403
72805
909223
367235
893268
75685
543553
931560
206140
598232
370919
718699
940329
267312
933784
484689
475533
420495
716247
102488
748223
55774
448150
519735
360893
197505
115203
473702
868372
239459
932878
341832
877177
420393
589319
323018
420434
605093
759263
467785
740197
928519
779461
49855
223497
3675
534372
810527
749544
11754
214359
179040
954693
208481
896635
369050
46474
812220
225060
779179
431892
461528
354011
744438
276722
949475
76058
184773
713013
795925
818428
20563
60695
970091
130085
514428
207143
484454
396641
976621
292078
653831
410896
136883
378346
924478
153596
955291
967100
338833
176310
813608
499867
186459
814947
192034
15625
118416
505550
676307
324235
776430
369195
17636
32295
931076
219305
493643
189009
547008
556097
472993
163728
553295
611259
523845
373037
704973
892684
397886
442057
519432
778531
774864
948364
454443
551022
767086
27333
453789
564875
503906
535333
459262
708689
261599
757216
483580
395435
452300
390177
270845
673927
507442
222579
413778
767160
37799
370999
283418
581017
561542
987260
249677
917406
887800
226392
290930
18461
667950
358435
580137
324878
744361
176394
330910
561331
580805
371792
980987
767590
744962
845473
179468
785053
948990
413921
18559
957917
878078
130646
620836
780707
684048
349813
20210
777858
826428
537632
904382
77222
742491
884722
495521
547043
490786
369884
33985
96996
461346
889375
203933
359060
675588
721157
630414
765210
527173
983195
430185
165452
450360
764621
316996
588061
931399
485050
184382
528352
821727
48560
869143
503507
690845
5685
472968
218215
434927
116213
548310
569777
267834
804686
960560
990531
712076
325511
757526
434257
926072
825370
858022
530464
697287
295840
99064
679295
698996
541118
516890
644072
553441
690961
213496
449108
694308
62845
217457
395233
629463
435482
127564
256639
837154
959444
855578
780374
570064
847203
474859
630332
199616
988765
166379
904956
367411
864707
700514
982012
927022
811188
478749
983539
611649
83161
922405
538173
489964
349997
372799
802726
177451
626402
462913
524115
640199
267879
686064
460980
494890
644434
229760
154765
941838
529448
174811
675545
306188
690955
588032
876795
750227
310977
52744
573277
649908
180573
839813
97512
619289
621324
293059
758494
638678
607806
750384
121431
44888
254766
860760
9366
888121
876688
156872
362119
238518
93206
19924
561687
375776
252341
831792
336654
72702
239690
908816
671612
239970
294271
6085
943085
83175
278987
999687
745603
696376
902547
294641
421647
410078
102252
482845
824028
86954
940094
643676
300475
497283
130255
415464
944493
148847
266342
233427
308255
742186
50674
627738
141406
984953
880872
992298
655347
370106
837236
792631
490373
177678
499831
187890
683117
57937
489375
987095
558101
760388
985314
86306
429771
620812
395809
701928
911123
23729
34725
775767
227469
69528
452626
551748
228757
721382
546582
718371
114549
101563
472950
696474
318213
607997
565316
154892
570090
722991
346733
83139
747712
838189
476271
78585
235602
836673
909702
335973
168968
197915
900822
129878
978472
46856
681273
980562
766708
181292
276256
93742
367940
640155
557141
878218
953970
985820
314785
576995
654442
572751
896272
117050
357882
48291
66686
744692
181226
440705
992223
375146
404417
574943
159583
802631
415680
487113
890334
499938
458149
456297
466358
765398
127238
462161
840776
31421
113213
619750
256607
12681
690498
413927
63311
1513
793518
23333
752923
326419
744108
934443
796605
128123
32101
166661
861336
155416
473811
945515
914012
943563
89529
24446
2845
997274
179450
334975
370224
707864
341422
315934
816516
301402
942958
838246
571929
737412
413250
927157
18945
243560
969284
217362
387445
999924
873253
364899
486436
610525
940846
948740
981000
452764
787509
949964
328813
124297
465708
874231
709648
608274
335764
579957
781090
743448
213903
727182
429740
829222
238802
736140
962830
202489
838679
609501
426850
332020
290967
12277
968524
354527
512969
888967
515403
944240
188816
202729
264266
682441
462343
554545
185567
753198
504200
329208
177821
753488
447899
22528
374934
241160
7418
59570
274608
987935
46526
471394
896330
679463
724073
554060
244147
181836
757339
935601
347186
513885
607346
680539
425362
107806
661863
641712
356851
165603
600956
234615
857986
392123
259623
109991
922504
400546
642364
898875
69825
353450
486628
853489
332653
730883
762982
231295
960233
86379
92339
691811
209806
586941
820353
899487
746152
840648
324747
201286
360566
47789
730717
744759
271058
325250
207174
469610
25688
392494
824716
773518
6227
772193
755341
190195
997979
39206
694265
161218
563822
528561
566334
451070
184539
538059
950813
712899
390315
165362
468797
174769
957183
167978
662917
673766
596999
960306
16921
398936
963533
448258
167673
943527
140506
520116
481143
525899
575039
320467
217004
770726
498398
763764
836369
295745
330959
273605
622832
524117
210666
416483
595216
885666
951902
804028
83135
45865
88683
944047
761368
223789
456836
413678
611362
905730
593682
343749
292130
795705
807604
326442
384424
493751
652558
173368
233169
885865
339185
960265
798991
425577
416343
40087
928541
76431
27699
62176
969923
137774
438533
788587
947822
162898
808745
607348
302543
781701
139914
542020
606446
91290
398628
110966
917995
419563
583724
561433
366317
488377
601569
540322
155716
558268
50453
621575
462469
837423
521860
771628
412302
109540
664752
374034
291903
178038
213658
926093
937625
844128
153009
563948
389420
4044
648720
797059
504027
634009
601642
581475
404617
168050
862906
616048
671771
592119
808182
364385
255629
186824
271796
933531
834270
934113
456089
553499
826011
397981
391481
736908
965895
131035
774097
342840
177188
687678
453724
796187
737121
553806
946325
584723
261344
868924
941450
323124
976419
303874
933210
235833
799570
354409
749451
684821
445227
55972
404618
481639
408198
575578
114752
301579
640132
469761
756237
76812
742548
942502
647523
241784
694945
51337
551874
228685
434140
850724
117899
838543
511756
183876
899643
146888
693287
318933
771147
880167
444190
333327
212199
773504
531810
116945
36344
175545
66733
331694
902695
535417
390253
546435
392787
530735
521615
807440
604868
687562
894457
960264
463276
474019
804228
496284
942817
455730
367383
662723
707973
117225
242281
902030
932373
347170
196196
757994
819678
551143
525221
464626
496720
698077
993184
386415
914795
904205
148385
72749
910294
264528
156653
813818
916558
747991
563975
459774
25045
532174
503090
295327
390217
694596
600638
29223
56235
79273
614835
584996
828274
663878
498914
224659
700096
588613
614551
961432
988267
394685
238005
684042
549068
932463
769319
380951
229149
21985
34344
19174
167370
882825
804848
675107
905435
341285
689438
351457
80171
981737
84292
9579
894685
129131
911661
539840
282641
414558
727933
644616
161534
874404
621064
907962
212923
172731
386264
416619
175320
206700
714075
858779
118588
745898
257234
819092
770812
998710
605343
892347
870865
860731
734838
212060
118486
123637
395184
720386
429111
657253
130906
707239
291425
374108
818673
520908
901902
730517
428665
947531
397478
235741
635964
282574
199138
163078
692064
424374
231658
941334
686476
759831
815043
891625
714865
892872
821449
350732
875705
416671
592536
167209
820500
612517
790944
862572
79806
343958
486344
685949
52284
741377
433815
644241
162803
126080
345618
248200
192797
746580
919979
509222
138710
23320
516337
734109
908335
468529
134065
263335
30303
857554
639431
303723
559418
958475
199556
999336
945044
656624
991550
137113
624740
63144
503213
214784
415206
128268
337403
810335
20362
795204
75115
95435
12599
759300
425497
180052
493615
143061
923410
721945
240856
306399
670834
684895
227864
831471
234269
965211
512005
750415
587615
460933
231826
366814
902389
419084
740750
66271
25895
348641
708007
898673
574110
668468
782149
785764
877795
985831
415963
182190
148096
199697
805571
120158
365284
34465
420557
171107
583148
503040
606551
153660
923285
212531
235488
777049
462064
756881
502109
141602
60866
314447
115544
164433
289082
552119
776965
32954
468367
541048
435555
986731
892790
297430
924939
410990
190909
988290
202073
225387
472647
690756
259060
187882
556196
573588
557755
91831
918604
893449
497037
823838
821241
550773
55318
339806
745055
331313
121018
503559
7306
943453
98382
747185
793665
211632
626005
365940
400790
159657
708703
194155
82422
460874
196089
74401
879217
254581
330617
176229
95104
230746
101431
412091
473617
274291
547199
236976
154185
636703
296482
77758
475176
501149
320087
315851
782310
454687
956305
810250
278806
675119
561025
876825
117861
900104
340140
672959
946469
127959
779564
876539
13182
617630
370918
746190
33245
905655
614027
537450
268548
689464
754
988790
369595
431106
833312
17118
48868
225383
844138
392915
19756
579637
376242
437286
845342
690211
132045
886588
373457
809879
408581
989743
364994
371666
25850
583618
880060
383353
100963
53502
974195
29825
448237
978225
932341
390550
789298
921832
847655
13338
659971
870758
333489
822250
684357
798886
575014
785654
800067
664194
393179
636207
32074
958854
521611
79727
235491
386849
451371
472117
707373
999925
428939
654285
328023
708685
866405
680079
74936
771310
498822
874558
137995
430982
585046
965904
659274
894977
890758
319309
966373
988283
975764
422800
247455
307792
856318
172522
784390
667470
666049
117350
557453
977548
805516
57064
879047
444820
823686
132207
644354
135739
312377
263353
510
87378
403206
440457
883892
567032
938496
520761
663177
756932
134242
381853
273808
13054
567433
104878
180698
8560
425085
310181
757074
657289
936422
104787
21042
576689
48048
123597
952366
348464
174933
216068
578153
101648
737174
33856
455051
146433
120350
972000
432918
371495
952692
52203
784780
488192
499690
270923
651312
616106
703350
597050
590311
428617
988470
68220
358472
281587
770116
26227
111828
46342
470143
797248
679058
350233
580361
514480
657396
35240
731583
473655
986912
659033
743762
498172
745500
646362
377927
647502
344661
540901
553351
470004
922379
355493
60067
605857
286365
411699
980841
898374
446572
542364
987266
923503
175543
472914
755317
343315
180004
20719
141362
974220
969196
338297
605330
517245
446552
895461
354816
373580
845549
131716
182994
894313
124812
257246
19027
58647
389796
601100
440504
316448
412230
325311
620346
251922
759343
312857
50053
356746
868690
467060
283026
517593
561738
136827
298848
802876
370351
682353
128825
718852
855394
508610
874743
443492
838385
763173
792553
807391
290252
754388
665036
288637
979949
803540
882884
908432
734894
619799
808960
149219
943826
579344
68372
275113
705551
591688
881657
215386
157817
475040
227142
214075
408260
370530
62270
289989
238887
731267
305154
77493
757723
884983
560935
468527
604482
449073
710690
532559
325605
700470
340686
709142
165853
219954
439758
985652
135717
301670
217731
129293
718001
993085
264614
118358
59509
929560
55757
135412
853236
382630
480315
166142
766575
231018
112402
905754
78053
502417
401017
635216
283483
570948
61793
380391
133625
668510
98713
106769
438759
34046
89320
271876
255497
936278
166453
348735
508485
538814
124640
88079
838548
91844
597026
229535
571981
868594
652279
413125
480927
764030
340371
712959
742433
49272
357857
387713
725710
791788
677136
137735
951483
813578
567469
185862
550785
911822
713572
197751
923423
537414
58227
462353
120130
807761
276199
77419
846395
507292
740082
790433
493481
568037
865002
398207
700933
937543
618398
40158
212164
926520
745368
616012
550729
862337
469110
842452
571434
806205
130045
907258
504802
618361
945946
773592
133152
449636
414531
137305
160316
869586
683772
459793
576429
760438
383224
600501
952056
152322
935110
386305
803932
500381
544099
53200
939204
823845
625525
504121
138693
130103
587091
431921
178062
820277
537415
243274
523502
348406
159891
660527
41519
764251
148061
368586
217548
918272
451447
825862
712144
348046
691275
550766
542156
847470
202848
673652
306548
821784
418123
542542
646038
593801
327348
158459
153080
529043
272740
908878
948814
539560
257181
613461
241349
154634
632463
703147
607160
684447
788507
776456
890751
674928
231743
333739
561670
971830
238344
565873
280610
349981
164497
383196
280874
252351
214223
989813
441804
430089
239750
531179
630936
256637
866903
396955
456918
492089
302062
12480
68153
97544
625326
137497
931421
355924
306425
958633
982239
319993
117597
401496
682521
106038
223134
255159
749944
38973
670364
740129
842556
757473
246012
764300
125008
813791
798068
92782
475342
753166
374524
719808
154863
531872
147430
962226
764989
902978
688771
742895
659650
606292
131570
490904
941006
341233
79286
691537
591647
583180
121715
502901
189612
189509
330729
18382
464955
15436
114668
421817
238672
840696
592351
196188
138732
625140
737014
358254
713044
580922
436641
485526
483565
694008
370750
13325
826906
398660
351598
228572
823738
292887
351630
696218
317524
823430
629726
844699
876991
422149
803964
511575
286149
554589
321686
652794
710627
793996
608121
588231
530670
226553
577992
814698
56783
610514
691081
612632
467247
10010
914213
722862
728150
239361
570188
249443
713889
133872
707946
346162
56263
999654
770611
143396
613146
511413
432793
346582
537488
311572
370894
232862
640637
294525
678743
271734
669878
725423
928572
596474
789526
721607
284184
608904
821862
116763
806398
393554
69461
13111
328032
672270
726902
93313
587083
77537
514959
227189
49550
168324
179288
97501
295433
50010
6526
353246
458008
556176
296372
555370
883570
901094
681168
525371
881307
205186
990542
270459
862226
936377
539854
477219
943372
454503
761296
511664
410501
581954
136794
57074
401607
486838
6150
504896
989153
271923
26
478696
438620
154333
949620
506885
486681
917736
789709
210577
564009
407825
225713
756596
6105
343056
595639
138416
613465
936263
342600
706300
268075
116528
582085
649049
192610
273104
164750
777321
231842
29023
794430
850406
313725
792908
949790
654474
476740
829152
110606
606161
496312
782631
76865
193342
659797
126832
165083
631964
411158
325867
706805
834124
226093
765430
12787
599197
121894
416302
911467
423514
876211
117135
535305
522400
585548
437418
515475
167437
220173
370288
85998
185130
726995
754796
841231
767576
64500
256233
258498
633822
771832
411105
542832
364704
398974
764843
559390
130376
346399
992836
991111
456516
881897
884553
935030
484029
839322
94980
95237
156412
702086
554943
849119
694898
514873
715202
957641
680713
451315
230826
364486
861527
143524
841059
386524
525127
567446
47645
989224
87512
241249
484912
306393
770979
59710
189378
889808
205080
233768
980803
162881
243243
624940
835677
160138
621872
522460
881587
335251
298292
561703
239786
552705
153884
211965
5520
572686
925040
871456
116558
555331
475865
399104
648636
184221
892033
318068
332625
608733
912981
935767
353395
112877
791020
431485
219821
736746
876737
364689
140031
156818
151964
924557
613518
211147
828752
115668
69902
125789
511343
46702
317109
251170
890842
222281
979228
211306
137418
398346
241960
269206
586778
449496
505384
965503
424439
739614
626529
518822
654288
346040
113844
26280
890061
999607
933403
80928
958303
699729
852626
889049
209394
372050
540398
335424
286645
855416
553089
645585
327173
697236
155898
164384
377535
130503
318526
554010
50350
418730
46455
333854
60302
363626
339382
813346
663413
683837
546955
12275
734323
884977
760675
860307
60152
130161
131285
600378
915979
893685
566950
223695
817637
828119
743545
275283
239784
330566
953873
359069
372095
419347
860229
523392
709779
517353
345535
98790
839066
77616
919203
423824
966484
545108
627485
479700
129906
681181
254431
915822
28863
302506
939164
605173
331031
515849
672758
675219
961848
203841
348877
900244
188604
240074
905998
944196
145714
620553
113913
862516
270856
57541
409117
967726
177174
365190
383164
251278
191152
938126
836860
712335
957271
753582
355525
130502
693674
517251
117320
682590
280922
670519
145735
326110
746170
197443
777264
690591
243788
168965
619813
877670
708314
954898
160627
636214
611588
195199
874055
582246
499728
658818
457331
337836
748715
624334
981222
38023
125224
856519
861898
28182
250399
146332
883872
386033
137259
419326
352324
162870
201712
177878
764444
259387
525998
30082
429843
10589
736799
26382
449653
451225
849568
323651
983603
497568
257295
692056
16059
263077
892492
801223
695917
936350
251984
359620
655639
793463
319246
698303
231082
59336
146531
86104
743055
578256
604618
279960
178512
346755
97108
633415
719302
580814
374081
240104
249017
313977
35276
885485
763890
340871
826380
960995
575053
898420
29649
559388
1480
451258
92073
378415
502972
206380
885945
208603
541948
352758
647968
455576
15139
833379
32589
828584
273352
579423
630060
859404
215059
32136
369743
496652
217594
617849
63975
33254
761855
255339
257045
559801
111584
744610
891331
100072
993568
748731
752406
27545
145530
723878
993971
300611
116320
176001
743488
441662
370610
512765
349015
151099
597008
748042
913164
162991
12055
69281
926814
241475
485210
240160
381578
932099
278054
244787
509353
888075
690318
266147
192277
94416
725873
956352
906255
805608
494237
407444
648922
319114
799396
688371
504907
525387
887252
351100
112901
127039
850649
377810
590819
163581
668487
764598
420673
495966
807666
479261
830371
801445
593708
982941
266629
156216
108417
511103
159245
404983
384507
938645
688864
528158
320761
887257
990880
499476
833232
473085
471402
562778
10361
98284
265769
535115
34453
786284
927500
242294
934740
667105
958359
181326
135229
200511
314503
478991
510663
674384
736824
941805
187936
946942
413565
112037
650586
316525
42528
672175
300530
62021
803830
263312
676237
748445
835083
664628
139955
14356
21047
82321
331304
505528
581420
946284
187176
381975
623063
40344
183895
223923
61421
430255
674887
766613
386556
887426
474890
380125
159961
634356
435647
703238
139203
144308
140732
43025
213143
210720
646693
38620
532514
205500
763080
940759
787230
94685
464197
801212
599680
536888
590367
497785
387906
800575
326376
100383
13094
149469
918345
388797
764779
582962
16324
140705
839741
230915
290244
710853
208547
218601
49536
274993
87154
525349
230505
1022
257768
430377
70701
873196
706623
866043
509271
713037
364686
614092
994721
378858
370295
669177
154045
63487
411480
475528
132816
373720
708578
428384
52513
393214
878289
918362
377701
831218
734289
405413
535882
391852
863490
934159
682041
754604
251490
346575
471148
742631
463733
205433
635975
858826
220254
614168
731050
86877
18396
860901
442780
559351
84576
958522
77864
508981
550028
457418
387666
731232
424567
230669
320365
309999
611196
785173
877753
549155
693567
857344
726032
12350
117126
777353
504764
53519
425906
145802
676768
215611
826094
946472
377611
457975
731062
696762
669158
878203
466607
762531
828434
800642
930897
898656
968494
895324
785598
984881
356020
474291
510967
680865
655043
514392
899236
982708
352119
218832
186413
454530
238968
869113
844866
379196
662648
275835
600210
589126
762726
961205
761375
846015
72698
928335
510768
363438
870442
855047
68282
925822
891989
108534
468578
773273
926485
431931
250655
824671
277431
771654
814462
459395
609159
688003
397503
622274
422148
876128
175197
796737
126322
941181
132075
230787
994767
541552
45338
838276
250077
830708
89886
378793
325777
902867
134302
101272
249189
700778
380106
333537
985875
814238
184570
447078
635742
191132
123613
715434
771264
319641
216624
632026
305249
18769
845557
377615
18354
450467
620528
883946
811223
235757
864693
13851
684611
675757
769926
86256
102061
336173
555457
271107
992786
248803
278854
963750
617758
219927
585053
391040
786384
839469
917330
773044
195918
329767
446799
13747
122883
838519
371953
298757
946368
326477
692819
466500
690594
405615
905208
510592
190978
267622
494597
416750
247324
386329
664195
164835
24817
575548
132913
878076
133805
169255
914276
241830
442746
514026
290277
328944
670656
284881
964963
393140
698911
267275
27556
848706
268982
713215
801658
781034
615753
63196
792207
141324
10145
556386
833046
822119
781853
819421
914748
4457
655245
342864
564164
983147
848644
387471
517568
754591
553846
628083
76800
308989
447543
343978
672246
545523
549965
873864
598212
525871
777284
587250
254458
342023
975656
464503
87309
216959
771070
80140
191650
723774
252284
651667
905184
79832
804716
693691
855035
644862
447460
30031
500043
143718
158826
645965
138814
159153
464552
237953
482815
55616
850847
424463
811251
262414
365436
340576
822944
909355
645671
59560
763688
394831
865204
396837
415357
890883
389676
152843
258180
138073
4898
59942
149542
400603
521358
550955
504829
399988
612020
949217
740620
458676
628066
940279
269646
384128
36609
30123
804249
971003
489809
806791
784903
829460
410542
468149
743137
665522
291636
594570
587708
318495
627399
919947
466542
520221
216885
288136
173694
829256
68840
816386
484842
315416
857799
128403
526339
432163
898335
751049
205951
553706
976927
535791
731365
946824
859034
173707
384625
614199
558636
858086
440158
289438
697464
198350
758947
247500
489553
573215
504745
751268
319994
469578
3179
175950
457100
547236
823394
532778
423831
64370
515378
379963
548619
134726
532464
213299
65934
977573
517982
470747
56319
40802
737838
660870
750281
801807
40798
955001
519838
347991
292395
419101
17725
264035
861078
82713
934136
983665
357352
672571
895621
777888
101867
846268
770041
781197
971756
258006
121693
225093
527330
493180
305052
547971
282217
475259
776403
28327
785063
45803
344331
730934
114511
576273
166019
491400
647364
35221
23973
111442
878101
364442
735771
489616
920103
754431
542907
319055
89776
940594
867166
612244
682143
1516
151118
442669
267674
681037
406365
510482
218143
206292
274195
838838
533260
608506
106175
840880
430586
729708
141486
645825
275556
364801
554915
375353
821246
189261
513879
257281
713143
729952
351166
163293
513149
631442
187505
196118
760939
996295
543736
2635
109764
254198
870543
871771
874675
547670
295089
367381
129195
581028
864038
80327
158906
821240
704213
241081
287290
655756
634047
315276
537646
612399
143306
766647
557856
375443
326185
799661
374104
222400
578409
323931
737851
460779
875981
374973
550679
346480
40644
882334
666034
213147
517051
435331
416966
611215
926723
823939
235971
795178
755558
610982
538924
652550
371645
419978
64348
402095
758339
510838
178490
835
937587
199967
237780
330726
870583
527427
456236
874077
777098
492887
651526
605095
398472
602398
88510
397695
301030
458021
787494
832191
671887
865096
948007
284134
482695
621581
403448
775651
915903
695153
78066
138899
404943
885564
739793
914710
687556
273565
889653
781539
334530
365865
236520
669945
427250
716117
154546
256317
589030
601995
806990
526653
572550
425436
897197
127043
633963
749247
414994
363612
190018
109204
991186
477558
820484
721507
910268
847422
937171
913972
165469
418612
138833
25632
591057
942709
282227
566288
69293
155102
681224
482117
891267
291558
899270
426498
63557
91160
966016
13185
242923
675593
470282
552831
896
389475
621367
135287
627509
853523
534405
876077
553924
221251
363992
257685
385270
826462
450228
457655
962196
759858
879857
913840
791971
494239
623863
924436
80586
672889
624363
559615
504310
61461
24041
207671
195578
383852
177853
878210
270481
627801
381921
555999
104736
388257
995887
536413
417298
339764
964801
944169
320226
754986
977856
181348
10034
549605
60077
560852
662981
373418
793505
961244
756475
882851
570298
420584
784699
762327
307541
430444
35600
84179
622262
89481
539449
927809
45467
333969
597545
509883
192500
530716
549389
810219
204344
25406
796100
539055
246583
885654
981338
641689
699303
474298
757519
772561
120839
255345
866387
799049
434928
303770
884445
559371
327219
702188
870244
22049
320973
716572
101053
577193
437842
634992
679514
147633
589766
187746
850035
315627
131083
573805
159809
620941
641975
55463
774535
636663
854170
389548
302946
583105
364176
404067
374066
222907
886380
587447
525135
922323
484822
599567
815133
587093
351407
789122
729468
560859
251560
76502
870848
215363
981413
71308
33380
210848
66449
972551
776899
479881
309725
197640
469055
134495
899739
816499
545905
913397
434785
674766
655895
281543
653890
855175
633142
452231
449115
223281
128586
279288
259328
167087
623020
559341
386777
175596
137239
268042
212467
740079
113095
425320
105152
882996
651560
194657
80514
167371
267942
821358
473955
716418
998413
810853
470454
19420
676799
687083
776188
956301
188562
444487
653075
735330
975940
887185
825468
869373
455067
380297
181191
660926
426270
826628
704413
974206
509865
445568
452586
835957
764209
18521
912037
597563
878677
171029
427261
866924
472860
843801
760418
562001
351871
665452
801065
234744
867391
211436
336168
270892
854026
518286
759702
884213
988519
920891
984972
614098
998049
28355
984324
705179
251776
808145
244595
790408
89296
12824
454534
151744
458656
52540
787567
584679
267358
415462
160816
46428
424912
270305
720966
236545
494226
155600
606115
266011
838940
514737
260984
308137
741223
709027
765766
712272
764323
277588
436838
111205
456337
996750
856703
141385
485514
814139
867854
997888
657632
649281
820797
914047
673772
969361
129696
188446
579725
446556
946127
936949
14740
199074
102400
880969
183787
454297
382030
900613
939145
340314
955955
650559
834381
154480
815810
917328
377324
600702
632022
982608
135703
771640
733776
260417
509920
611882
196527
175061
800756
831141
585432
545888
465947
546741
446741
890669
913153
222111
408836
72790
221557
994636
799807
276507
636281
927246
285236
831214
260334
926625
267307
963934
902723
233391
841893
136038
584692
79143
229148
257662
133589
528213
545930
704422
223358
508792
153756
324655
255066
214178
516990
235044
297418
713971
636559
309715
540265
716652
991028
923003
749291
291570
624520
611475
343454
817186
314545
29045
467923
536523
484837
196310
246796
612492
240728
889803
400408
149448
866862
769679
857216
8434
760251
697873
884933
52999
778259
351923
984251
7085
774341
526731
16045
21294
754032
69266
770282
895591
636003
185636
710080
741312
861100
268029
579432
512557
234147
259138
864268
555004
430225
684872
872082
185143
240210
680096
58395
506470
151469
235228
426599
92324
808837
886814
300952
212537
572008
610427
535631
269139
751364
733643
780531
854502
619087
220944
741597
490187
561407
934171
85883
210736
297520
739796
36179
955526
970911
848132
209888
143333
925277
46118
641090
767889
78358
303842
757385
382207
849588
90160
736381
523868
737131
707896
598877
227179
341390
402142
390797
729648
283225
371195
192628
327653
276229
301428
653535
738661
109359
880948
204160
53452
366171
205784
790396
586189
778621
241810
808228
187962
646669
77394
727719
421774
133224
452441
516356
328326
92164
663659
924745
535017
554382
789923
258246
167337
347938
935200
383394
469990
525853
970619
159935
361604
269727
188612
745404
244546
150044
113989
204095
875719
183586
548030
888972
802290
32141
152028
660260
75883
556413
80688
204297
421695
538780
766653
421263
117982
494299
291622
404304
613154
248019
851448
834028
952506
913023
119903
246123
696756
735889
35473
440577
607057
735809
474637
370325
489498
701291
70404
292587
481469
921489
338886
85528
420755
367354
531529
149111
823605
744260
861146
699899
734319
645043
71126
778939
423049
672197
110578
407904
790111
339528
377393
645640
462737
176036
752271
462527
419332
860132
507978
347619
707327
958855
136418
599191
137646
304460
639500
345941
361415
315798
812369
305
799942
171311
580368
730650
333818
924004
605339
941236
214067
838479
1169
306948
446775
214125
437344
186014
499409
453456
710595
109892
948085
52496
677401
804212
603823
756910
537428
634919
934723
351985
966192
440369
343816
473778
400637
636310
648331
236627
157287
278506
723569
322188
388121
286173
986443
590937
945372
814961
905922
531712
697111
510231
174125
625090
528884
672292
743390
88245
183912
975740
992440
341276
769258
614781
203568
423557
741640
827804
640209
981738
988712
154113
182255
724270
912226
831883
526426
3926
779955
843580
33336
367506
108660
875916
682484
26904
778093
41985
213809
912055
608888
49307
591858
331795
889227
871564
963691
358239
420920
912214
747804
337396
595823
881345
514655
472842
854138
34708
907193
730324
580334
296368
926053
155348
440101
943703
118693
761491
951299
465871
697626
469599
839105
412775
560278
389976
84053
24855
394911
819815
768640
841285
943619
384463
895539
230692
462163
190555
54239
932087
314941
816887
172120
437428
467658
862107
919875
679010
774246
995685
556821
139833
683250
26849
619826
920300
155386
400952
219378
629837
111919
760989
397090
129879
346314
290896
333113
985571
399699
379178
343274
395904
35063
829735
369511
796450
878641
956558
818973
59837
117976
309235
968695
331143
166879
915462
774777
510223
484016
964953
645259
496559
481713
108158
66520
767723
833918
284219
588175
533817
138368
452539
297824
604852
866062
780678
904624
203932
461057
756968
579867
278302
712673
693718
366774
801062
632017
585025
975117
409005
96647
62524
763602
20722
97376
762980
312271
565655
601156
713850
396251
903875
568192
794250
331875
932223
457732
119590
36215
493364
518914
188664
81341
102615
599768
270753
149765
933287
846378
459579
362999
259916
270696
40596
114562
570121
552010
413913
819331
188729
110796
600454
769867
578920
42158
635
315279
14334
256332
694415
186218
133046
405992
336510
15992
628451
275171
836666
73294
710751
298322
387865
246866
229197
226743
768622
678628
210068
740508
931727
664977
818523
236022
65085
324359
685363
651427
365109
637403
598183
822088
759890
350547
780625
938586
253788
664204
975100
665527
46240
309170
636593
595789
371634
759424
370402
56315
657330
452627
834222
202550
852136
848669
21911
395905
316961
250156
731055
22125
644070
111635
585010
888467
370447
892791
112437
307380
346556
762024
911864
736572
635598
237345
208509
651527
457730
690408
700182
80204
173826
305372
963455
952524
409370
607369
26916
957474
818630
101208
120126
882030
449863
520630
679232
298966
623818
779866
99890
967925
407435
35516
100841
596963
415317
715609
179677
491620
978222
436097
301073
38507
355598
541892
867017
249136
200159
591448
733717
427122
606359
955718
191795
33496
611187
111966
495549
745735
89038
865102
208222
963656
368251
773397
157160
980698
774592
690568
894703
209663
382457
170628
387143
276330
915498
97737
311811
88818
261584
734655
825672
718946
544513
55001
580236
93677
242946
985431
40561
312254
342053
274104
310958
267741
815457
339107
215823
840096
244282
543404
731429
605943
6004
528411
155061
757896
254472
895541
509554
508455
184429
602402
640275
698463
652839
381047
739543
774537
133213
113200
891828
519901
820796
868894
45560
702844
693597
234937
887992
839296
960669
981278
482024
973549
672592
415426
214245
31179
774962
959671
960744
533564
539459
718385
648642
106395
4710
978594
713056
256930
979359
339149
269296
798011
502500
47715
871829
845930
626363
276423
565987
122723
361032
536182
722503
869894
419088
934340
785400
819911
46104
137375
274983
464035
906301
213561
170718
709295
285771
532122
202291
799300
746554
199360
370253
893935
389317
331988
735730
66178
884779
134425
968308
38544
129629
448245
606726
379854
760083
193875
372709
973666
85058
859307
986105
264777
18187
8218
279961
479582
141588
914721
906075
227257
497224
53907
45793
695714
826393
925191
845023
836891
832974
670714
443949
380526
33930
53619
824270
419269
899964
540385
797431
754754
479725
794411
75953
395508
571940
967176
868256
183021
533472
230818
508514
267149
746334
840912
266973
279584
474535
146834
981371
302702
316551
953492
380247
996752
170681
218152
107114
11606
786802
397419
886855
191233
248318
560138
287890
90004
906466
178605
940332
7638
690029
280953
149160
479604
459367
927193
619190
902270
217604
502665
406363
371581
383790
525290
244416
174515
449299
374341
839074
75203
393096
436563
338279
982568
828668
373857
298707
522433
652393
969909
221607
728405
308432
348791
611427
840477
359510
535426
484887
778940
487396
663292
419661
563191
480656
798336
192868
548239
969265
874115
259878
96297
211121
622431
109042
369085
275185
593441
438776
190166
78818
981013
77668
983989
259
70139
215589
44054
639991
488342
366425
831178
955458
61410
711767
723808
665317
345944
517614
934274
489118
331330
387366
454298
93395
68984
645201
953190
967707
963372
585631
733029
704670
529061
662092
235653
471472
460590
795542
396219
320058
442807
782534
226010
317833
356628
87827
598282
767058
830633
800433
732928
884136
62449
379000
814824
874102
402747
270579
755294
349401
140789
92104
975445
948120
531553
414143
667482
140673
968228
515568
804211
812577
49789
28877
310049
206815
577363
20549
201461
478247
15972
529247
196172
698984
576789
986417
192755
33253
220819
925250
636541
717661
133300
899506
223025
358011
922493
98876
636381
357514
840506
425634
81020
35253
740
558575
726341
386944
702748
594706
219962
838850
401887
168887
851293
632102
94585
587244
916907
978201
960829
262946
606748
532311
349129
786746
195514
192848
271496
353929
254002
874423
968718
888929
309260
30072
991302
882444
940141
457205
276682
407748
143048
941534
763847
954052
584089
285369
476653
833341
669110
382709
919140
585636
551434
791394
231229
71085
458867
102695
50624
419515
966325
741070
606103
298528
999003
835196
534826
24373
608710
798858
156998
56067
783017
681056
565753
402591
109036
72461
89602
386701
244301
590082
694658
759448
955369
761755
235999
268274
537512
373383
399728
371074
822019
971503
493245
143488
987536
709708
232991
61869
757861
767090
31297
474609
690460
142171
674758
211125
788983
427198
139542
421729
167837
524793
12329
101876
637996
461179
294917
977769
626585
557139
989177
770018
453198
646416
35376
146724
453210
959267
144744
911405
92133
123160
789971
229571
653094
659835
803515
245866
343287
238455
769638
244369
593840
537375
635274
485034
348352
640751
838329
764907
926080
204629
940420
88999
660919
846331
343348
488552
230446
800649
150647
681911
677298
130887
918736
992530
181948
182469
680341
161521
460790
168220
234884
381502
224883
497615
505968
787734
841917
400668
475534
936969
353082
891144
431701
544739
21477
54211
308301
686231
930067
52291
56934
38499
10768
674364
373285
906658
389928
707006
776825
771822
444354
65898
665260
25327
714470
851218
214645
400606
868844
169642
95182
862715
597683
902674
873108
752751
179419
702809
657878
894167
701487
215516
212337
131292
155592
152683
983535
944556
291697
1436
416625
716416
140779
177914
352437
798827
332223
858013
402313
368894
136377
378017
702153
81540
954926
974190
401444
237597
682665
517754
244888
215142
331606
702795
196990
165077
47629
142111
84238
896681
127346
955782
595653
98414
993870
766266
75100
334087
195598
622847
638878
509423
106917
176519
57523
883167
74308
44080
20026
163102
10420
223011
241560
972662
823380
546599
793530
504648
675895
768013
532242
899968
813101
9017
675184
210089
859073
500025
76830
88084
920582
599895
249773
520926
698779
714402
863706
790284
33346
349810
6096
287912
978819
813264
727772
249184
46403
657548
314369
558007
907614
295292
356598
460291
363414
496832
572910
602995
491947
257628
564948
286976
490618
681944
827440
607147
805281
371747
476517
84119
474927
517575
125281
826064
880928
84829
570906
293055
513010
171554
508086
705311
108476
225302
773428
524232
924041
999184
659321
839006
467501
777601
257943
139644
576778
322136
997688
959442
289732
824038
525190
362427
609813
8257
521211
230219
74566
813544
498201
980114
411789
406873
859694
94573
708215
966516
215184
173177
636605
579510
241315
335732
762355
931227
816268
104911
944976
617155
679
869828
556372
312622
343025
626450
130567
507667
136100
926400
848758
445127
861423
836961
68948
959964
180019
563337
44089
412914
913126
723913
959224
352777
473292
352601
633006
446655
470490
926240
333040
302001
150623
733088
149649
38551
824274
519452
360448
577145
787396
411044
308814
471442
115956
972286
309326
782912
41217
96627
485924
210426
640499
284961
736860
364817
920229
446486
630170
411311
922832
78435
87905
548193
158047
974596
726044
634351
35092
903648
412571
696909
48844
766570
366250
689680
235239
781155
498744
492002
931814
370593
367216
805862
348525
918005
712233
864197
464998
712679
471580
240478
656558
73444
817583
463144
543287
743330
586486
286605
63945
641718
563612
422927
905091
797629
702038
138698
438572
273806
601239
558797
734069
337500
76055
880215
160756
486393
349747
835745
853756
857187
402902
18393
524190
598669
245140
705815
780729
956037
602060
625320
48989
511564
182338
240504
587314
362637
332490
275986
227000
958011
375647
159080
497222
462803
426223
757946
359417
218081
731871
668736
830963
320550
954607
613119
285838
432447
948414
465939
225363
112165
402471
39522
50366
628491
396702
659980
255154
533454
635042
627056
434247
2390
820072
780515
518090
238065
686812
88472
586298
99565
950333
641421
930236
195811
690577
329245
371970
419832
293960
32787
156516
688139
723280
515960
985980
106924
113456
444252
630249
259095
980014
218210
759219
403155
925695
410153
711755
447848
965260
577159
214673
549211
800138
132130
556920
707413
277367
915038
59926
96226
502002
239152
286027
470674
638859
958408
827191
235407
271433
11712
523664
414846
605249
711150
767819
369492
13886
654320
679831
590526
137930
207364
263217
501294
878773
216618
854771
731545
645141
586730
272972
636072
642076
72197
660010
159271
901841
704897
424393
287323
647274
831260
578516
884608
870499
204141
710723
283929
545868
668773
48386
747711
360045
279466
227138
588690
833231
952339
304988
922838
292407
362076
929183
248439
763840
664595
570543
758653
591802
17248
416022
341713
127631
110657
947272
391889
358051
65375
216622
267120
380834
826296
306161
332147
190706
767272
387797
86390
596693
805132
498771
172266
155819
864623
743672
392093
344013
316753
969713
807063
877787
434330
401065
49623
624496
779739
855177
912805
743991
535070
904788
413719
493832
320089
633110
822602
878098
872751
818555
607243
762754
293640
230382
907519
830102
950512
263305
843067
739107
821874
778576
976214
45933
329230
215999
48495
805222
659621
418992
378830
820339
361644
546572
114855
199116
360926
598924
255111
219098
463555
491827
285829
325230
932286
639723
380514
479528
710125
91893
174377
537092
573052
254401
118153
906298
389323
762934
409656
843464
121681
568013
721285
678153
357269
689258
950963
585100
792577
667392
920531
138020
424112
802400
285895
337709
689115
988043
49937
886011
190722
982346
661979
434954
323246
26653
231982
587540
104349
26908
953287
934305
972402
82626
870413
929093
555137
945651
562502
616034
238626
240919
488023
710409
810161
329244
509370
401415
314489
680155
725401
31758
270591
640639
96543
311689
24515
550007
953557
648293
249576
684971
187862
83802
636851
840994
807576
951529
376473
251483
745910
237177
112190
266576
874628
512769
167483
816006
491029
251714
63586
224022
592414
949848
315821
517513
858089
3699
988124
900082
563122
349026
840354
613310
45659
769481
856421
746200
710072
115316
889097
660955
97352
383961
34391
994179
895654
643113
834123
445702
336904
301328
494131
60468
734693
83323
10353
447027
615839
791759
514508
686828
724280
388226
941754
395807
903401
202873
486880
102863
729220
469907
610666
339011
517921
633091
891038
892423
776878
524850
424087
951963
432538
900778
324726
730060
582783
868340
697716
520140
521990
545373
400858
880601
475980
534252
952527
112150
41843
191556
351439
205676
625809
257824
630462
552504
374349
829730
171297
473751
326956
581417
465762
486743
339526
481607
867836
291424
138892
671270
167296
527252
755474
880483
515533
779237
475988
2656
551891
369401
803312
899382
964495
865775
317662
886928
786402
618247
378092
161323
151646
320526
838142
34293
892251
338127
594804
424303
347865
431956
264403
929690
792804
494981
1081
752277
471095
722825
27303
813140
104730
888997
89377
115017
890199
640741
732971
230104
736100
739256
808456
742022
666796
381688
658061
433423
465847
359175
133344
134934
748984
471637
788882
432951
535283
392957
71703
461688
386121
631823
776030
726111
657313
98729
487837
176043
653800
41782
546104
584496
235046
586397
494522
310862
892677
655695
636350
367015
577196
249822
679351
366011
133045
849582
599871
408295
305431
117894
980846
845345
131224
807709
653074
726557
628701
387728
134809
78945
277590
108995
291598
316724
210886
894963
857460
546098
916921
614007
585159
890406
288722
552724
652714
277214
7739
440839
82853
449176
470865
610527
966644
352998
424055
808397
209092
121344
555466
514182
250294
377595
45878
336051
597083
208969
224528
116066
59475
286106
606573
313145
370967
84886
897278
608583
379683
11719
769539
265462
677630
532372
570989
651293
743527
750056
895893
25074
340062
111666
478813
296396
533114
99687
752527
478303
606457
226278
59462
312455
634497
785910
340814
427529
266295
9784
658502
937951
507134
420661
202271
801383
282760
85566
59791
133982
273289
471429
890891
34885
347569
317077
336792
705537
35334
99871
239330
266134
823716
897333
806941
94025
62111
780366
71985
322148
213538
223115
911637
415940
488040
142887
801161
255336
362873
225015
722924
4582
224095
188204
704832
265383
860313
548414
63813
146291
323728
392560
170341
86248
605457
981088
136476
33621
507634
600453
668506
923675
105922
436269
850120
396866
980003
485495
540397
533524
482680
817665
492204
507123
189126
767939
84562
850708
765493
839465
25096
950181
626963
688567
668245
966538
68419
53900
678303
207721
480402
188087
629820
607503
973215
817743
406759
607814
629234
813251
422301
751406
948526
822819
434736
896888
332918
877076
940753
9278
318144
245902
547109
228269
699955
298860
525497
222222
271971
224648
217371
522871
522546
116421
236210
458860
211469
2677
874417
830258
178759
768856
752589
940276
490355
953956
79698
538869
221509
649541
572872
985942
251369
140271
394292
771648
301074
128090
897390
479800
174124
332471
77636
497216
519387
397315
7876
659338
657437
946848
609667
3517
530696
176150
651288
974609
69863
616439
558135
609053
579524
482315
34387
286874
29687
822381
375158
399896
305220
509727
713914
187116
559111
505435
718276
967253
509603
393401
141317
584364
813492
309854
131256
26881
823947
116859
697726
900423
233471
622312
30585
88654
390778
993435
632773
540949
308132
628105
460192
396816
503953
332267
536852
303083
511500
219475
90047
347299
238760
261639
218214
845004
738539
235117
706070
506439
91333
875
27681
687510
902703
861064
755064
696235
167188
541562
941623
528813
262016
367152
979048
525637
111246
906816
44981
665776
451260
731982
208548
967391
65767
782073
15770
421578
976550
277063
664600
947755
210710
378424
657270
86082
952207
733642
821356
920971
180144
676170
348108
24049
661476
292734
556264
16832
620986
772651
680089
293641
372688
351740
841500
965840
491672
820045
51311
165950
717112
893076
247214
616461
394347
870052
196424
362888
450671
972272
682414
604604
790903
591712
91823
744106
702175
156294
581459
879196
975963
458130
181690
896420
770566
735166
55934
983827
956435
96545
967284
140437
446107
592848
266770
883304
43156
189034
120311
529570
596957
274068
993175
306823
866673
567595
414941
43959
637101
123993
57991
337946
918278
2100
837763
467139
989798
766817
996574
162863
420686
521539
581316
201906
527643
1164
336893
904473
198828
209865
586503
418440
454190
957696
153433
256892
765546
831731
523575
91566
89528
195036
545190
704016
708883
506741
278494
865390
562390
592308
934414
229846
783829
107143
766652
785435
317967
565062
956984
447675
484328
35233
729389
102421
261156
957260
952647
934183
435289
276104
254969
65869
466526
511722
85629
555927
163042
411780
478777
410885
900696
488306
21053
916769
240592
606402
304041
465401
968289
225793
783148
225272
741891
549918
67239
840609
586809
660478
980527
258663
150187
98971
599787
584274
634905
958000
533266
142988
324839
864811
319170
825295
65038
856154
269370
598714
810522
205270
480135
520353
768088
454583
619805
612404
443289
677925
259842
891362
67737
890301
441902
748324
843068
933990
994170
906792
864462
249625
773047
379517
484583
590434
417564
892650
112819
392535
908800
72487
790629
355780
719836
671649
15244
247419
353431
860265
699317
662980
909229
496297
327637
850941
143699
829916
122315
13569
384297
812472
28600
82115
141057
479586
652330
410217
268609
925082
477340
850468
292586
370891
786913
895930
649574
431425
217218
78015
523926
349463
745093
878844
735349
392794
167716
278990
719186
693785
262216
214271
831669
282137
632697
69514
331334
297236
119725
589336
467847
734735
902512
619211
613439
529798
667400
306386
272643
353936
177756
548507
576207
89791
200813
999026
279176
597784
543600
274182
509304
534125
271622
658197
145819
499686
366063
406829
202318
418070
821844
431758
883887
410489
152833
746621
645536
479116
905585
926888
49451
12297
875586
632561
4416
873918
766024
58009
153049
434249
238525
553162
789554
605718
132992
814052
93989
906993
526741
981873
937098
678314
568873
406811
358083
10060
51499
792622
93121
957988
824390
979692
885571
340530
694058
89294
88045
193273
375285
557865
765249
839094
542142
611052
417852
661421
34750
766534
547663
564062
270564
82617
223895
81684
804376
960701
285091
985027
713237
951109
814560
489617
615063
627603
115758
959995
382943
727968
223235
245563
353564
758867
918108
774551
849957
293151
171534
186692
982969
164283
805580
231669
724831
380810
593354
871929
217786
323884
690920
617405
578000
861388
825276
641495
332311
247596
31648
143446
513653
144521
893262
221359
884740
116663
751755
853010
826445
842131
482184
143530
810389
339988
541507
74688
852170
723073
791614
451779
837151
430899
462873
843681
586358
528279
472379
693463
477572
690503
523147
748736
125555
27746
730779
570194
215466
384586
1895
346173
701213
729239
298201
998867
497996
537331
505519
46985
355195
704459
545155
864010
707557
862804
511727
400176
529677
265990
290021
390619
424774
585931
548155
724591
211047
729605
44361
504689
738630
447963
823433
272414
628609
53370
329078
506577
371766
291512
50421
220859
874509
524770
869567
99659
842006
542260
635605
388217
433550
352400
287408
475393
483435
708246
389526
335113
30401
187561
25145
26228
761652
503321
310231
234564
762293
180378
927818
907039
428464
919118
28116
320262
545200
42388
186486
926879
810454
364125
760319
992355
72229
408166
978686
327643
570066
908244
801327
352440
522827
316853
25230
85427
855864
821814
88222
578856
650411
361939
945616
334897
5083
612482
918783
945656
606862
893003
362863
755918
845979
375066
606425
509280
34632
773991
494104
131755
328226
390908
407957
611632
344370
733418
586854
331906
159954
649863
736095
659052
441449
311770
697943
952494
488321
150638
614357
20070
866182
98441
496394
901661
741495
743296
151762
875550
674367
355804
324402
893936
586039
265553
379845
706112
117235
215011
93573
936857
479331
335991
5619
816784
394550
269347
761623
903037
192513
107451
979122
846950
496190
407891
877414
769042
773583
167275
134126
308017
965039
945650
232237
932511
321574
162584
42665
646448
434312
732472
782783
100768
282941
719677
635107
571779
410047
774573
888301
680037
8990
572341
374776
688429
565344
89005
628323
899561
472741
974698
30226
214298
336078
614729
726225
16775
295483
864186
308438
393961
467526
404898
730150
752187
613137
101029
572286
983968
980174
299910
117681
606815
342316
183538
703522
641300
434620
516768
661422
436499
28564
406528
64867
262865
748192
506987
131388
802909
169004
843942
130363
199976
660756
537081
409805
494402
909674
796149
754510
904675
271998
545709
357208
691639
772958
741604
272774
297401
707746
768691
560724
703979
481058
754504
279304
825815
371845
918464
614315
669283
103138
519948
715292
575145
451827
479325
422857
589408
448318
681970
120170
137256
872477
406772
258608
448492
130938
950263
140933
710561
332369
428002
969306
343537
573127
500245
543403
335713
743075
730513
75832
27299
22175
571407
530021
89291
405619
191934
355888
826522
143202
608955
538766
870314
946635
431340
630770
650138
197053
844402
852460
152503
666288
670811
835801
986305
866401
227204
55014
727858
30141
467140
560063
361423
17083
54406
227632
781637
993223
427572
458368
518923
691526
961083
500123
929675
520888
60957
561756
923778
421160
978323
726383
702832
25422
76182
666661
9573
307183
672988
745802
112563
969548
638112
882631
232050
646790
633507
702113
25610
848472
438068
38126
652760
74416
447492
824192
998937
804142
788548
685274
647754
286048
548701
973513
744360
314749
571801
82399
845084
888841
377569
498148
583623
10211
128153
35251
358876
935919
935018
976450
752802
403311
528373
432485
626745
655198
370706
151517
72327
287569
113290
214409
53697
961584
707891
296260
201783
430907
964702
156871
936989
293047
257979
980507
955400
665394
861148
521273
752436
347474
934784
439427
333427
292753
291583
761042
108990
521418
50974
74952
158997
807657
69672
189710
537290
548
514099
527622
257965
282296
728662
207587
195012
425729
451211
798237
440553
765898
364730
406045
93624
664072
67673
920207
180607
496905
104499
582606
167347
302260
51241
557998
272216
844110
404095
608282
784083
375198
858087
538061
867514
210435
329863
131240
894574
991679
345188
505364
934606
344243
483614
695308
620554
574267
105517
382109
16005
954074
646108
919050
851299
391844
841528
529956
755180
378647
893972
603098
817725
287443
773649
628325
329810
699810
523434
513129
892675
186707
280899
159735
489313
495399
537500
944596
24781
776434
101613
173454
445130
55603
332097
4658
441487
203601
492468
556065
252227
157692
903978
137500
764421
187150
188950
91036
188938
794811
388188
653341
732814
188471
336845
307334
49264
426677
828897
876016
45817
743737
704388
434964
916413
181468
419207
801750
474970
237815
602536
236829
42589
438795
315013
875328
784886
156618
743199
627677
796570
738832
151010
799459
725679
557489
212737
554655
652401
269652
37590
678447
422068
341413
833629
983270
775818
285356
517772
564961
535650
415663
593225
899255
361115
225269
704205
710030
415397
139731
270347
52642
667532
451388
394977
469926
586237
45058
383179
33769
840082
768916
762911
753233
975385
749843
444674
454763
561460
599605
839043
5918
925333
463282
126795
588999
793442
695340
83648
700332
230057
744101
337048
467276
189558
245351
926350
127191
177935
142583
345799
475300
8740
422803
220084
222584
860074
515512
542847
207820
542036
357249
332802
727751
793789
126882
497600
58444
659368
725707
575618
29557
842617
537233
193414
991443
516316
554978
354754
8913
612008
407034
459136
782574
84682
631454
435867
875943
348496
122320
130580
797964
824686
182340
588378
785605
511362
382401
10794
67257
137826
695108
408271
3460
890665
281923
378055
935074
773967
73332
23064
641168
776012
825434
277208
63992
308093
92776
748493
488619
890128
758507
136277
852662
296856
353164
811467
451848
158914
207637
622752
353198
248204
635955
472976
571899
330429
145327
352481
545575
779364
747751
548000
121922
927838
802814
581774
551113
195659
590569
308042
751126
598065
167885
621386
235731
408706
570168
585737
161434
342905
491751
75030
707747
168890
822886
373613
825111
728768
452890
681745
32168
303375
394453
401315
776653
710911
959729
278997
469136
566644
291757
715077
873438
304017
836683
613071
595600
47332
746485
519717
712430
301755
743788
228945
177170
119543
948204
250030
696280
116114
902387
361873
410335
324959
672824
336605
922789
584479
252052
589690
212636
346033
417876
228938
397793
887452
185894
64695
26356
502013
568860
167834
85592
193531
986611
448040
117552
840239
251554
864625
205914
218306
116097
877030
802638
125849
672169
859378
584709
852228
685912
653731
284049
64193
714018
333250
616560
30435
266032
282211
71458
213629
266504
118782
424574
969552
165279
800987
758426
501755
953708
954720
903549
553556
356262
194027
34311
967864
685483
132079
680193
576824
341382
841298
94888
443805
554263
867865
76724
323525
132431
794079
81768
646615
42653
582593
435030
558005
467783
501764
244318
193511
90701
938937
318515
625414
34856
784741
525015
369940
440902
268395
544367
321793
22468
281870
530697
414074
14374
56643
497058
89124
699117
505113
21929
551221
349472
58278
75297
419897
323901
953734
385217
394647
723950
987389
422848
247268
936226
739792
610732
450566
29579
804158
123723
690095
44875
178890
35098
937014
968907
130342
303923
405588
505387
504637
570567
258999
672851
893853
166475
391366
663080
281664
109552
769714
907611
891190
974282
978293
28251
574768
986450
636843
342827
185287
813069
390902
901167
528318
721054
805410
855803
695524
998075
411462
375240
175779
625761
618412
790722
95011
76188
195171
343915
215092
985666
488027
843124
738750
750598
682754
50952
120289
340765
648881
357566
957214
47308
934682
359092
289416
30859
602189
754374
73704
594787
738433
717133
937790
118550
452540
16343
574993
756329
374450
980139
666529
44548
123595
496381
493886
250811
468182
322207
341656
728720
562649
340724
863957
695463
22533
733317
324893
879775
342179
338138
773174
505416
235495
209799
897337
543208
752918
361907
346648
570359
549286
252550
505320
488447
796225
77485
272114
465091
469076
417784
652539
786669
650717
205451
799588
991255
817891
344595
395947
361749
481821
598775
520257
510015
5033
77773
190094
40490
634825
301250
280849
181579
422393
300365
826885
593353
55731
741466
397600
552125
306503
632122
11699
398303
976996
46983
151788
575148
998794
199581
293007
143832
111629
666028
821018
853100
281581
228233
817723
310853
593018
190238
207044
339798
679306
698041
455507
843533
839665
376256
502755
220628
515998
145987
104621
870003
527445
327338
214396
899794
421508
505869
444684
48668
295838
499392
558639
8273
597969
472665
64868
915618
1370
92592
818939
557284
878171
31595
498605
42979
353739
590437
562994
490341
349926
236372
319489
468542
456009
737937
189512
767801
549276
188047
21220
688211
477673
605028
939988
8979
209519
457665
859955
535000
737357
934351
935956
522719
482461
465022
112684
573216
764714
515450
11613
840087
567695
986108
605792
346144
839213
857469
939213
681083
278533
469706
135216
245183
775758
633356
313906
150801
75145
210658
356114
694219
676448
691826
701380
787463
703442
158191
574358
406398
248263
594948
775911
103686
15016
165217
208107
282887
610167
288193
528430
636447
513283
73243
858468
581361
416112
784340
661143
696217
145176
654015
480101
378631
13310
253309
225864
189253
566638
537691
508036
985336
326183
371928
657911
564013
526956
123901
897798
302282
312866
441257
524901
970495
972138
884825
990771
288924
754024
627280
886426
743786
913512
612359
313501
111745
40773
509638
997493
684368
60868
572836
852237
740259
558003
952457
245992
817647
745649
232909
710217
126055
655118
684660
847140
569144
512735
339621
401879
401567
732907
750
408754
239315
283115
471768
389572
781394
272148
533948
311157
275772
655061
356277
952539
32713
693010
825207
454872
259495
757340
389785
645450
726380
53544
496866
795412
612638
24348
759978
379355
642188
559835
259929
865634
527398
340015
699911
820421
724265
14354
36227
575567
364402
584601
353775
515192
129588
171848
513406
975493
228680
53188
787934
499986
581721
638164
113071
722099
742996
481673
852636
672282
470504
109139
892860
235300
573118
912720
508114
268411
42291
69336
442162
255004
873362
13173
782250
352676
524496
332293
998918
929947
520500
774103
296282
29148
706235
853164
190020
85022
556527
516489
841228
895878
276089
93693
752071
831763
730603
448552
874604
420228
338708
834206
437565
199311
590089
349666
947498
758795
557312
462534
38933
371416
347580
784283
648453
424375
541224
448484
98208
608976
871892
800248
591550
860848
747797
686407
994641
624115
70619
637198
188102
475792
446283
588872
2681
797706
576089
70585
879387
613960
379569
248534
420149
658726
483342
47835
288670
414971
725756
659484
525573
151619
462072
385098
737582
192494
918323
594885
478970
764548
711605
551192
852766
794867
852822
321206
541750
685897
800782
940018
552393
817517
741678
89045
833841
850848
904832
160262
546539
85344
92863
823568
350441
384913
422450
681412
582841
628882
625008
389660
423141
863180
999460
664773
501939
767094
65936
203484
834245
401365
577982
637424
11903
603228
908917
707332
921518
9750
473904
424602
242683
971076
484410
647474
923848
95188
372393
87619
192795
161017
586425
350698
931197
131013
68088
474469
485577
40226
418828
620829
767811
421400
916287
28304
841682
640318
598036
357629
173489
641169
705624
765745
581744
248266
297252
228887
789271
459913
194376
667063
774759
161562
679050
835534
69678
455091
67192
837992
892346
847907
835250
62097
519523
919861
876327
661685
887585
824
781399
668216
970932
324347
641322
824782
494401
357391
753437
54818
423020
629571
122247
111805
705765
167414
416375
619578
978646
816644
755937
677821
549723
848511
99509
975086
14125
858041
787053
86709
351443
839938
473927
847931
499203
535443
735080
572773
45975
363931
569565
238509
110433
249660
100575
638421
863660
167401
482917
919092
836789
552112
686698
917728
860605
816061
296998
316671
336287
512998
554103
820985
348854
247852
263915
283947
364427
990631
661420
794319
360004
775596
81806
36096
198515
845974
558506
461352
527184
904831
787668
410901
72459
956341
910997
425618
331794
336938
664502
645510
736564
697968
870095
732552
489591
972861
802364
716525
903972
660786
184716
254123
734730
975077
514344
74232
260167
240811
944210
187543
598846
628510
324937
795355
28012
48057
913394
884746
365033
5830
967077
495004
683069
71726
173648
744867
373085
37808
687564
342532
779585
718189
190010
585699
280867
616159
872281
995869
232661
744554
286824
714670
833215
786187
978738
586996
555509
142701
997883
501553
196762
284549
151574
16626
444302
47231
381663
402032
8999
247883
956822
698170
882553
359851
131126
714414
545663
124807
681989
978581
429804
800669
700282
277272
985951
89989
648440
976355
833972
741536
11001
290965
996151
982813
763078
638689
173427
339559
553506
961604
982953
36719
426567
581283
960732
184017
809992
34816
917285
306133
922968
851508
975717
962653
60381
302302
617398
34446
876939
175187
245333
655992
760105
641247
883039
478159
366879
610273
532175
106926
594999
347497
39738
327951
322529
252349
343148
594690
794856
782705
810037
994120
193212
751649
275661
733496
396110
822670
550508
408066
610904
141440
60415
473947
190067
82442
849281
828759
97328
163348
355284
610931
365520
704697
357959
109612
273660
968447
204202
232318
747324
333743
345472
439866
842623
615097
392564
194342
258867
200062
163927
400742
198526
608951
914193
64182
630725
306671
839057
229920
31204
662285
823212
879834
539850
144607
896504
778943
310327
677704
356801
918297
73000
43687
304540
399939
687313
763915
590253
593452
379770
934918
581331
419770
229555
174746
448368
114251
493749
402513
238360
132310
940695
237801
268693
553072
445226
642859
273364
454059
724785
891228
509617
689241
505472
30413
245530
164590
115759
16973
259234
105659
957567
283684
689403
438278
689426
67120
34618
931868
823321
160191
978869
390466
682611
389218
798130
397586
950664
409890
107963
112496
33281
528733
34550
675103
395628
540830
675938
212869
902704
236884
11367
144914
327611
791059
960143
261516
680806
421334
859656
548095
785361
969374
983801
880275
23031
95511
738823
423690
722728
896391
193832
438281
568285
380513
436934
873271
290749
952246
296011
870398
23083
481931
592463
476527
185482
542725
759388
510274
373198
687770
156666
279680
298432
643804
743655
387854
484607
189189
778245
523916
155941
362200
959810
790283
216534
772060
724829
947476
289317
733738
739202
452390
247696
446322
523833
855020
792247
400902
856354
720897
66581
133909
284141
613391
128835
339721
825102
408183
804281
628732
695887
852486
630508
606099
914243
347490
896437
66492
630336
490383
259855
732487
539114
805535
376158
222505
423732
106702
989346
954172
852723
819250
312804
363367
943431
335691
165832
236175
668617
195339
439944
795365
253994
533960
316973
790028
422728
965067
975669
904402
865423
433370
891310
240890
240227
188136
498604
285366
719637
630755
915318
488514
124148
612984
139170
795774
194673
271299
339224
287949
217492
396011
49761
108672
30229
343439
516550
779981
26059
335566
796759
529582
266876
752135
45848
975699
725807
388229
123462
71746
472152
117142
847661
976224
816204
127173
181580
51991
760312
965513
880564
877005
44994
20061
915465
496222
253763
606605
563713
311480
873234
746145
484427
985685
275003
748067
852684
813526
51727
305293
79684
633913
248149
745748
582159
670647
238046
600971
960840
908477
709686
147510
678216
889924
559862
718348
358095
789239
165031
466868
750785
952620
660392
832216
295329
818517
748848
566101
880314
260337
72807
903597
700567
42696
246384
640210
284500
238436
12736
655481
783023
517237
79659
845648
824533
932700
305261
59464
65603
117748
763004
599477
917445
318064
541664
47002
636847
267586
497450
175444
134135
732913
836647
948138
672278
925313
170304
672327
218010
20390
8611
511396
589755
8968
139999
814393
724393
215040
623293
206709
327766
861712
682525
971514
157331
279937
397739
371091
1946
698625
283845
330872
102675
866841
368638
848597
224750
509869
444330
524321
377092
337965
623205
272797
531888
404636
488267
763972
407300
907784
174634
477844
573577
774425
131900
457380
595588
507426
179363
898899
860148
35802
880146
682868
821458
276652
301140
748646
354233
177524
379698
642858
705330
569961
62309
363979
88241
309160
159341
670057
194373
602863
637138
113935
19305
141878
35999
292880
95623
594687
210874
433716
71383
646799
507093
127677
59871
401161
643965
928213
859608
921896
926800
726293
5233
219800
663180
878260
520621
191858
88322
216650
583015
379987
703273
98560
94454
722519
460622
670167
571051
859063
285993
171153
827660
355967
813802
458015
995828
852374
750144
428626
183551
892466
828570
437241
709227
786708
762978
39265
554627
434861
203451
559476
700329
33058
207600
758827
200669
360027
807058
931067
952945
546924
403279
648296
646608
633796
822412
77208
69880
391792
974393
380765
343953
814894
119807
516847
148977
553727
513869
607668
402613
562301
416400
556223
988419
238796
19495
532258
989730
519589
786818
160850
999624
608684
432776
974706
953559
174216
340608
540853
525693
352219
222159
679054
673659
570333
730964
731847
608690
934981
197210
975222
893878
589394
57794
428299
540230
613815
906496
679996
828429
237089
181049
456709
442981
259267
704503
450994
820982
737360
530067
356353
267487
887037
993538
378238
449618
110838
59108
121706
483940
962374
681910
639835
806237
337567
230457
742870
837988
707157
365236
50125
993805
527124
910155
93558
332986
433984
285541
325733
221142
261386
901745
537913
673027
293009
151662
108221
655732
394723
638209
334588
356476
879113
900145
728621
762145
745719
256125
604888
931889
285410
677249
552152
653489
157638
922469
606205
680444
192962
643264
146381
911017
92321
352326
369816
881624
857144
615991
140935
835239
764900
197519
840763
25754
19189
375151
728430
126710
207941
61522
509698
824229
628877
91652
948680
573789
585334
838618
766325
480611
338500
174566
842747
520863
545379
931373
420852
463870
435637
779523
486208
590929
310882
57319
645087
377905
319772
896751
942404
672818
591218
581270
80195
833897
707887
908839
540087
984186
411551
272789
102634
772372
27625
551511
538374
642709
51454
934484
403212
824871
290317
968651
324034
430574
123593
243133
379451
356015
428212
162774
801220
198100
176359
719685
36428
534999
982286
852258
403687
560761
660027
258367
861227
641805
281751
651664
716421
237135
942781
686234
764996
964007
346124
539473
837602
873408
472411
320946
561832
998131
238982
41524
892485
456674
231766
471782
784779
76900
448464
235379
193664
883866
743255
850824
776034
645694
442619
949280
325102
647118
581980
656512
648304
464445
147001
187259
614489
622416
871905
730317
882511
135942
935832
555848
835643
94791
3218
799684
847885
268906
381198
403891
349862
116304
52813
18515
943463
610093
862830
528916
192295
234280
968793
724502
175907
377331
88551
303532
642099
754025
730350
278770
779900
124846
647456
312376
563399
857683
664128
156858
172812
839457
659048
709180
701417
306821
847766
20969
444257
453705
726013
823734
42393
616578
453492
680493
931003
840234
107210
164873
283666
854184
870914
759268
371476
490449
751536
265046
479190
436475
447092
289218
454438
994957
828780
825641
561291
526168
23022
800860
599302
714978
717802
449544
511341
639476
655668
426017
214286
601182
667727
943687
72047
347971
722633
499546
521143
364296
890088
349529
456078
836467
482707
907269
163649
106501
879096
281743
369358
826077
619164
281499
305265
522178
508619
485932
2577
471575
204343
475539
461597
715753
660548
129761
394470
374833
42933
185849
962469
57638
281322
273198
76536
715317
482125
401909
635792
852115
116820
427033
189764
484701
500823
31307
150196
287500
517049
761638
709848
850234
380880
979320
64209
158626
108567
37104
310988
632058
552681
541937
164391
63009
303117
833416
740345
412283
488308
282918
895067
726061
622926
131881
799438
91589
163529
273480
65575
622683
13890
264098
515919
70898
74559
182846
575210
45502
624917
444915
177053
795345
927576
716800
591388
822246
218142
408725
463914
940364
769486
103202
345159
191945
944408
49738
258998
172507
884436
689578
180249
684859
537734
285773
808867
948908
826347
406908
730992
821441
156781
528159
215710
357426
502985
556576
254644
114260
620908
863219
488254
639495
986316
563102
391565
58833
750934
66683
752176
538468
901797
504937
202623
634651
879905
41955
665059
565490
236973
268999
443575
684192
452458
191861
737923
539977
710987
643884
920938
783422
814242
193318
49571
309498
567892
404415
601598
948863
304941
749509
772239
876814
423642
331261
20932
228609
828776
261132
100525
185315
907444
61701
877332
149053
706673
419098
809735
836145
518358
621425
45811
177473
354229
61040
739457
68357
621988
895121
530171
456097
728202
134674
153155
101111
509058
788492
542280
488222
522612
844808
891888
739603
190767
426901
426834
868793
422926
183177
594469
248729
848325
468305
259828
380038
630219
818841
532203
124647
926556
217580
350574
784859
141776
638314
968098
740413
880890
383687
793451
370234
710714
218045
716746
440758
222133
995493
867138
14988
712723
88419
135348
709042
460543
344414
51098
342962
803529
608928
345149
142687
968077
643447
801343
477704
769895
350940
505706
968458
799651
822858
852081
83928
868753
371148
933825
144847
167935
833289
947948
86051
360131
840208
76435
504704
346056
37614
96702
421759
964152
233438
397286
256414
846969
717520
320155
163582
699121
983248
574547
442398
376142
164813
542470
765611
678942
625591
34913
353333
979516
267680
954148
167098
295152
422209
628788
299872
849804
355453
933107
977952
537491
378973
864427
358605
54068
114533
580515
184755
599379
24660
802099
329833
277107
371061
694333
170018
811682
248755
745873
950244
929565
521277
980807
961295
792005
588731
41779
307040
667057
575198
484811
82767
360944
462546
134575
690009
347162
53009
600537
910232
282769
35601
243490
876173
777881
150301
264000
27857
345845
161663
206222
948511
607426
328275
736224
202651
294831
667758
218436
54573
374968
882289
423641
775378
467938
73484
844106
368865
151713
268676
266319
165727
793503
86210
272367
722908
678874
370386
58772
499440
929380
136939
417855
64103
648460
31837
833544
116265
630266
403377
47799
358916
958187
884084
288208
40211
628241
375540
94591
18832
108959
976515
946610
639080
343925
608539
347153
63399
498979
79387
384091
843922
236124
387504
77662
772793
886735
961490
168080
637158
55315
539989
772269
623986
758266
986992
572147
201623
625242
628438
153436
924748
143122
915828
223071
840710
461334
378271
13995
636234
19907
613996
919511
354664
225378
494590
198374
581603
324059
814994
733261
885249
254493
924132
969593
885508
542879
352881
443000
367887
880118
740293
484833
424525
958678
486642
40864
232039
669277
533218
985
333763
423026
676173
874442
518391
937260
236964
965731
251070
989183
353092
276687
76634
407433
515691
46167
599736
37570
75781
778863
797258
676364
858927
233270
40677
903624
285036
799687
459889
436458
538100
284513
957343
807935
271854
448772
623542
315808
406307
111333
724787
165992
704784
749515
95825
991621
209558
63442
1080
634432
588930
52492
286755
374100
721182
603296
879522
282072
894428
797321
172918
975770
394207
709801
496256
685940
433017
603500
167224
544568
82563
694561
366885
821864
353811
936763
971198
204349
498566
411886
226191
378720
158837
29167
279495
645480
554689
835460
98281
778849
340171
456566
612349
229062
497670
741938
484608
133748
651101
398003
994965
67641
60265
258745
178023
15803
102129
927479
545671
440576
623030
893752
867106
398810
878184
863777
152484
594421
641047
892255
665359
86858
625688
106182
800111
805617
502876
212374
300481
134553
535012
514679
576160
184065
598488
464085
794209
287827
118787
333959
833317
639918
402259
456265
607826
459623
591646
126598
35586
174232
981179
647980
174940
935318
213525
586419
779308
322727
11032
343585
908359
120656
843265
766070
893254
99377
862832
209107
431819
6855
899788
823553
902602
33021
626664
533712
783243
218037
511395
33032
311816
269054
706238
484373
890852
78322
859189
955806
97036
46857
10161
448665
195835
560986
999338
220577
515615
151132
331318
102860
991540
930875
37346
499118
876804
126323
140363
42774
476847
738201
456619
220929
1537
933187
701389
270733
714621
255141
49819
255674
795199
271241
676514
117136
464103
692754
854806
907692
188464
18971
787159
970947
333812
513075
993966
790820
780163
802172
492456
805669
37672
732899
600562
889407
837268
13386
354061
549430
950826
842541
228144
85670
361286
261556
112296
355819
816330
330502
352378
429520
107272
669086
251258
584562
926062
683693
202287
92271
521437
175315
495294
568702
462785
616227
259938
188661
104824
76503
297858
794837
847715
138804
134350
606060
796033
797514
882065
414673
92764
928962
361384
694440
318578
336105
264770
187132
47696
756128
80046
834816
838069
18313
677449
550657
103497
445677
704243
107400
918937
387588
893498
807044
514396
149151
803073
569254
665114
904511
467732
226890
672042
807142
516703
336997
554188
99079
609312
900106
199595
40234
129083
403366
482
27464
108266
623160
55978
552638
446658
233855
799916
700415
631562
71108
191547
590211
14162
660475
326326
380252
279643
541737
543677
113832
874405
279391
918481
981151
680085
133348
967815
975180
74947
217265
999465
510937
556318
46037
364291
688380
385529
220419
220076
620866
179838
299182
217103
272706
811582
951886
514042
200130
781209
216359
629880
409305
549011
604229
397352
40615
150057
809843
286286
678029
590999
985643
24919
329300
117206
998092
325670
434541
134454
627243
850493
476947
331968
414212
911244
252535
924161
837497
8783
73613
646837
553728
354044
861950
557143
312471
775079
536929
791838
302848
777026
67273
390681
911749
452403
655167
560089
59391
8877
569063
773085
205452
330686
365052
899083
125557
796523
109662
489935
980471
40271
86742
939672
91478
933724
599675
137801
693880
692712
875335
249416
192320
154776
990357
58623
10158
880391
259102
687975
816697
41148
250572
913410
626212
317718
776712
46495
850876
816739
684558
767932
294233
857486
359719
629382
466482
323603
42318
431464
93124
288821
178034
167753
711696
400830
729658
878016
937628
615866
463588
668351
169513
660624
164246
205399
331258
614547
996776
576673
233929
353748
668189
549126
462755
748645
844427
246077
585459
244384
758393
630329
248105
407144
50891
39237
753137
12823
974289
119785
451604
944765
416636
652701
6482
891518
554137
182441
992825
528955
266793
846731
369022
112647
434828
287005
965916
743416
843484
585625
354397
119115
99795
452668
469309
737406
988804
638052
290721
744366
550011
693347
499210
748903
716964
951986
503562
330811
452561
255235
922518
718916
350354
328038
716229
730941
858632
19256
990007
477501
643368
982739
771794
561081
61671
128488
361078
420912
810668
690677
150448
803860
242948
930762
316938
695149
229290
786581
182111
263496
682000
846707
445324
138859
479119
335621
115608
530486
842064
657656
554917
450912
760362
13932
893022
270172
224200
761328
112331
181994
743597
329361
488051
714942
230271
897228
142921
466819
971939
628869
562532
25092
166497
587704
414903
56755
755840
432698
842950
399145
264322
718972
93095
184821
463634
881001
228670
68224
342245
811755
514575
344419
153560
273562
142324
728560
250147
644171
964214
946463
970602
574482
927493
881016
694760
167809
382101
556269
238852
674468
775376
456838
166332
168757
659494
134701
236704
190169
171376
239334
702838
223440
383411
812069
844152
831244
174140
995034
205296
225850
258074
293127
167945
818818
325107
894585
724578
708642
543017
772707
291933
703337
180838
387812
258066
627472
896434
492354
578730
850182
58277
37035
965843
1310
352874
325836
420095
520754
54685
486580
150981
751121
242126
579281
484464
986412
160803
683817
236229
789756
538079
950572
627085
627679
302920
651304
380575
285974
861894
476212
901754
668285
759675
958030
494117
939505
988418
719316
157367
107408
839886
90147
344463
555130
257375
526257
477259
747468
263994
800602
104569
984515
479166
790193
689748
829278
167844
918284
38462
635624
24901
165560
583601
624783
942713
824698
814937
278606
917962
282015
944988
411524
865121
625072
48321
994867
942480
56779
782462
109354
888951
231042
300878
829000
165578
377039
444107
553317
58308
989939
710347
30268
783098
272335
712312
81579
786626
352952
470600
567154
741222
540942
103758
709998
189808
115728
621477
609725
16433
77665
239665
887422
152928
1124
269182
482866
935470
273971
996302
703242
647976
429560
270709
420566
871457
151227
37709
229066
852263
912976
509081
937925
928638
39989
679196
464186
317091
121499
514275
964306
66861
62023
333695
989351
387170
555707
352477
617892
348446
791396
780086
486049
576388
469434
929041
314694
691449
442629
472254
730352
470325
75959
982482
408771
475387
359668
38281
960301
73548
373477
406678
864166
406677
687032
228098
353648
512624
96488
973724
396729
742277
771354
245737
445505
72696
50018
479802
773788
210402
723299
702678
13546
266717
468336
613058
503897
614926
223010
154162
48442
593526
996039
995778
727898
500724
15669
576143
367078
32994
162310
498442
823971
752790
584440
78143
682623
279879
859669
24746
621743
648036
433666
126069
235860
11856
819542
456583
205473
961226
652748
451455
188698
707534
639039
82555
55820
574878
465417
13319
334471
190013
558659
109635
561052
606992
214352
942392
165419
102118
480050
170616
390376
322290
827216
962253
826743
314566
46389
671197
124378
970688
435394
940451
786092
29320
293841
814838
724520
98450
291898
129565
325042
544232
200221
891567
500177
841691
145065
786369
115672
561357
875983
308787
107297
433421
389058
274151
381334
602270
915359
38546
472376
769751
605895
43580
120218
857869
964236
621455
690543
122571
855601
546171
238223
634220
947363
654131
9531
903270
753592
579402
278443
496221
38865
89908
210749
544023
34363
373290
173665
337457
529019
873394
876799
447858
654303
505868
63621
499135
249590
258810
170047
449502
529108
342104
779
668549
834364
952249
897676
989591
217423
541526
889328
594096
388371
423017
106706
912560
208089
822211
9875
826612
969125
427856
58733
707578
414857
515127
843569
420665
683641
713538
301980
254090
682704
838082
436359
111728
406892
770151
917654
232418
536779
342253
750734
481434
672226
431975
723412
990946
469515
108165
26694
510609
200279
397446
298538
74248
715137
654888
608612
583559
461724
30772
400082
274027
216664
875963
345507
936786
880607
840608
253633
989536
954402
267309
295898
490406
191522
965590
251916
11011
583804
933741
818808
258916
715088
181007
359294
739717
81815
437358
333992
393874
514599
427403
609157
289867
717988
807099
156320
447630
606211
679901
931662
530749
422887
718376
195222
898207
328395
442867
502636
670782
518149
689825
646209
239172
47280
183286
274674
291121
686464
268190
841826
298531
363480
693477
984190
132447
202130
642793
93323
319830
573885
681247
811952
703683
957862
287690
546986
405346
318858
414387
362027
941295
682196
628899
168119
192681
36124
218610
11952
70806
12625
105595
498971
682978
914631
506514
234410
344283
954034
241715
486775
256803
541243
217327
458614
28908
257995
167643
95996
730808
227445
399561
740467
478329
103410
16307
24287
83088
753462
286353
413452
439152
660014
30346
767254
531361
45337
404294
795157
563297
326848
737059
22308
658515
789437
583690
947708
30178
374127
268687
543445
224372
246234
175445
906632
646808
353584
244718
554982
177492
317575
428774
453664
881269
669861
799791
298154
145972
276828
420160
533971
859150
939478
286232
598495
990485
340793
490464
753283
337442
667318
448557
842597
58701
295491
435121
80674
440567
588929
295520
497666
513323
942734
868190
614389
386782
176256
298364
983621
166755
896956
444342
573819
426883
482102
287846
572965
941346
620335
250612
148668
704918
895941
269899
809788
72851
845441
801422
4261
987957
114191
451034
846729
591570
508638
442010
670895
398051
981672
365220
4723
889393
456822
105841
707731
211808
985144
772156
394391
666954
353590
226068
479165
751412
567219
445826
450806
267968
786630
335224
397472
994809
131433
547620
468405
256747
218790
548739
699841
211558
81007
75606
290864
105347
942163
124048
393039
75888
430606
671948
845820
579480
747901
289734
711320
482108
637898
905750
608053
675570
80749
950676
462182
887797
276735
250024
712906
802942
738690
873002
505074
547569
105927
225327
205389
295763
371404
194744
680558
412601
200867
792398
957359
546107
291166
131097
250224
470700
374327
353939
124434
648512
96805
66175
144291
353006
471496
692189
954627
221552
94029
650191
784360
554908
152518
990891
870805
473620
855503
360660
383785
880526
939935
640916
640967
602251
866219
10907
5133
570829
568321
142679
857472
863178
409494
903435
976661
520600
147559
650375
481644
361716
922113
772745
330908
581231
765531
419696
605353
982261
116577
541266
636475
148812
450968
465031
191940
280172
63189
593464
152081
764615
839232
865443
283292
517810
337762
601518
441024
101282
627298
794972
938858
721088
599987
634106
287352
572419
270227
989288
660835
721223
682266
180702
390756
666424
844310
371373
174972
326673
508743
420175
665328
494500
299828
546285
754264
576062
906316
124391
572374
733176
941934
177312
799204
122653
250244
537858
91911
94451
993557
336864
561384
732653
574775
729185
990811
294094
588473
586717
80707
931109
995094
100855
752064
575683
843729
472700
683196
673008
915085
495474
786492
728437
827147
415919
425654
583449
709689
679018
760564
349709
238289
782441
69369
16451
222688
455863
819851
343646
567322
475525
500587
671909
858988
259884
467219
721501
727246
495743
777226
458330
322537
864488
612152
53294
757409
963506
326984
799982
271926
834290
110711
455437
683579
467894
33273
571076
457931
85516
575010
789883
409883
880084
58719
213726
546451
295691
631867
800082
159442
686588
354264
296036
895704
459735
169045
993778
96215
859910
41547
571974
613955
45026
831535
858899
830876
61710
823039
397634
437918
900274
501092
591636
843531
508786
882216
13257
510180
90695
263
71072
443767
749550
375883
46867
329892
170755
453957
167676
657529
474089
594375
230469
372468
961798
225754
438531
643060
13141
257007
659197
472168
57619
944755
424887
590288
295609
198478
110111
226298
607618
331593
654968
152146
280311
387341
590706
501102
961046
563268
232613
738052
644126
310876
532906
400635
334202
52394
941206
831304
743659
674964
479853
190148
897317
580510
213646
483093
104940
698840
668961
781888
212809
843125
9620
967798
403333
759604
346013
34263
441117
262425
371339
138524
450711
294640
645722
577922
92366
351157
951499
807771
628806
966524
106406
195795
604513
295814
618494
207017
47669
106090
474240
265946
771748
66277
274962
137296
276277
830886
801014
327456
543862
662820
200099
885851
424049
192117
808589
722573
248891
164
575197
382052
517714
541500
746326
144021
678890
876881
407619
758797
163270
429457
911312
375971
259035
869058
700533
144541
12884
324125
752860
975727
258759
459141
691493
631556
172968
487663
639244
506726
970090
538038
30591
167010
601488
668268
427052
720868
664112
456128
44624
916409
371983
187723
390174
713520
267159
423241
389832
844761
906231
225252
106988
196271
800791
398572
561118
26258
157175
538084
332814
927852
32483
892406
256854
265014
66339
864275
83047
787363
969114
222066
795866
817588
861297
448073
891557
246505
374612
499979
328257
875638
327349
334569
108475
110142
451253
337390
206598
790642
179874
974559
47518
827249
427550
64230
509018
65673
958322
846727
671371
276480
844698
703275
788493
686004
564905
177199
498854
648684
797862
731536
501467
467055
297005
682103
231122
325032
200474
277372
342519
215690
112952
711872
523581
571165
529834
544304
192226
60464
355139
886923
506769
616646
460830
491707
205109
455000
922436
902052
886497
733802
761519
225602
150865
426260
716042
940804
68545
112399
41391
978832
961099
8329
477696
773151
244450
415684
630538
103781
279144
720108
547408
467475
898139
8239
777179
793329
666709
870703
77967
63471
789281
841943
19831
543866
360804
355266
97825
956345
558368
570007
263940
660667
99210
333087
846413
141035
115319
426313
756216
447903
660200
486907
681458
109287
782286
407693
573410
983664
123358
224640
964051
801038
188079
308477
605300
95034
348229
99451
477474
398198
798995
430766
857704
978820
993371
998680
180966
793032
14503
82489
250717
529291
20514
812386
598554
230428
552211
341352
90813
52560
553207
311923
854501
425387
386422
612219
372503
32057
153943
270737
699154
818194
765347
874630
461490
100137
602123
635111
507483
943818
877563
542831
423487
233722
790884
743092
968296
312057
332884
976542
405829
973041
187370
223284
667486
247318
53848
364636
246660
212152
742994
844075
216611
687675
15988
494520
636705
806874
203613
404061
744605
162760
774363
39837
653638
68090
595802
872247
524455
362825
247949
450913
725811
314359
340276
144058
524182
717463
672763
261574
299942
967260
127360
529863
204600
463356
418034
259572
504847
891264
778608
316651
336929
80522
938001
322756
772874
195013
879471
178434
136411
776803
629311
471316
601723
383611
61756
128394
711122
748179
696351
738787
284485
303300
845299
216745
684458
776561
454725
730115
275883
511090
697133
384777
79942
139613
164534
531889
539206
955947
761760
45401
872245
150126
992244
283213
480228
700293
201920
482983
195548
536927
469807
180829
896668
695299
375904
753812
401457
138195
235980
494704
587763
698547
753206
647904
241009
201351
9443
882859
247109
13712
306417
635131
239565
304473
218104
256288
690883
244091
397297
590684
714947
479957
59605
208948
813604
30581
460332
487410
618945
224482
642769
434624
968250
661205
723443
245883
356134
723929
851016
850455
268066
682176
414173
803727
834760
563190
858611
839071
344158
519491
153835
92083
270635
884619
163225
992058
542785
597640
267100
779498
458529
200525
710570
600443
178516
661885
635237
530357
303039
790565
869487
191115
860868
313593
893647
314507
582718
334788
877250
124594
632479
690863
771096
532435
685312
836078
603548
423743
643849
407250
337459
611212
53512
14813
947500
386721
299707
220030
475428
785486
23779
276666
939709
280370
288064
96419
987126
271288
827326
467877
554899
500065
539973
181972
171115
94727
567926
922326
98861
869037
159044
23339
814218
91289
817401
134142
909440
670823
128870
71281
860109
702677
6834
452478
458303
593266
503069
438933
954691
259489
501387
519830
475452
687048
699054
843528
527101
567537
502465
851843
243804
624846
470640
33208
312002
700993
845972
267161
226007
368726
574117
892160
165307
861797
737224
611669
502088
880398
925684
60729
584908
31553
85558
705631
369425
451626
419397
735255
699000
890744
497550
725219
66121
816582
33662
375728
291252
967527
56529
782468
51442
307532
112888
457374
300449
701617
34891
624663
3959
551938
139992
531159
632899
382609
757282
204691
547520
117987
584201
195655
84527
190831
941827
191341
89407
932126
831629
780619
609479
480482
502075
604629
697839
761776
907569
396031
639727
743835
531946
20964
682446
260469
336972
943462
981185
962973
247103
557034
25485
304289
528461
756008
307905
479024
226495
643437
750555
683962
815446
510432
631042
754995
32691
215163
984503
673493
280103
53929
389289
237313
762292
593703
308435
719866
717746
533424
644285
872496
166191
482214
120444
660300
678661
18666
339774
147360
810614
695352
43359
596379
165761
870842
216494
561524
375601
538360
158825
869835
336794
787151
936944
228194
34284
694473
33332
849591
649604
853976
342985
865164
932199
891492
101285
844064
613235
530322
93618
596107
880924
718572
192116
749436
964853
430165
874412
748222
209112
122902
295018
866311
799678
463376
665995
969720
40576
787752
316479
858357
394409
339991
506869
784337
313975
780573
583845
709384
948015
47509
531257
115493
559066
636889
849924
171615
84555
879250
631410
561982
289181
116578
95920
655335
363146
909218
526807
518965
637337
365136
298837
963594
746996
616120
967061
844103
569663
468733
58664
180172
693841
719931
331167
967443
847797
724667
645425
546495
441039
427469
338823
534347
750742
788452
633144
635063
631087
480305
311439
80550
671107
908702
438100
894442
863907
5302
717525
833714
310667
215070
669840
758419
76577
307224
337970
667677
441355
481450
837656
915546
562092
802618
29856
108019
906559
714458
989807
136022
6344
305298
738376
562201
260210
120691
537140
149878
198562
83262
911268
726792
38511
840153
633567
265240
503900
166596
733460
345332
406553
920680
465316
636377
364491
111510
950672
153011
507675
170674
722468
520418
504287
993940
11510
656658
841738
705025
603978
54684
241296
889307
260730
982732
811405
262561
717186
727785
3394
459717
818100
41800
758754
252587
362198
837152
675321
755599
958230
116025
600505
663749
239722
965955
876963
585116
496008
204547
604431
19356
630440
91480
713839
993201
953788
76198
506204
238893
844406
195310
167341
20844
308467
220905
794898
180757
557325
564641
677074
219262
265858
877593
284655
298492
610955
906475
980117
846312
392302
306727
278959
915460
487513
204723
896623
270599
415291
65396
826162
801544
141921
437222
961504
756756
420903
494151
911193
267356
102957
596146
186502
529205
571442
487975
629740
73554
763729
711072
647454
413832
806567
177928
146854
184665
572107
227098
672607
598494
25532
776663
285536
604185
365283
526931
900275
980937
279229
230627
437407
571642
264281
287571
860268
656583
112620
449017
6771
213107
458585
824914
313041
851611
408967
579395
568835
235445
342504
744433
706764
568830
404595
966082
320803
307661
579310
915421
421023
294281
832111
827219
79593
979637
425828
540734
464725
384014
201117
738382
294355
808140
790142
66039
306804
400093
942355
463893
601676
605428
393898
284275
968472
386473
348363
695487
111179
609021
622996
366263
564342
289174
531797
762041
228721
616638
828416
854042
537141
62142
548319
117951
420815
859008
498002
676666
989442
904992
355547
887784
553521
118409
991512
719773
764154
342944
963956
874529
767362
50697
27441
648422
394220
941098
603743
839046
892559
217746
786804
775936
499103
471867
756211
599851
584550
881308
340390
695778
378782
729023
242246
632442
828879
672444
476267
959465
41578
478003
360670
865068
992494
931989
444554
321822
236036
511714
170266
95786
572892
760948
277485
956962
923369
770559
914289
70751
2209
956379
529784
248764
211552
891622
702496
152315
209598
752189
955149
30725
930648
338113
903686
431854
715520
795348
931035
559941
672877
522613
827218
914781
370816
591939
827444
847502
277209
258957
158833
373523
590742
480389
478960
346705
956137
560660
47351
858551
143509
594055
757492
335104
505605
941158
68262
356105
282533
896299
766480
523118
399028
119142
455452
697272
532401
468556
378680
772542
93309
958412
692506
412707
219820
750233
399344
103340
599318
647253
726593
686467
108107
815387
948339
171527
265251
804905
399909
946126
495026
291112
928731
999066
307313
458236
402847
331532
401351
362204
993044
39088
539689
442978
628931
497154
865004
709631
644443
267661
659255
213761
776946
649530
43395
643265
949602
279743
404936
911725
657441
851629
587362
436448
925566
811622
892257
426093
865401
923821
613883
375872
865622
988500
531786
620354
779932
368050
486036
774386
683345
453326
95258
192432
346217
389773
723673
633742
102717
710982
409275
735923
345198
207795
152117
777542
328512
553463
876851
560732
458781
231096
455968
96272
770685
330088
642266
722339
470939
222876
235549
141951
27667
42568
593710
221960
625467
86508
721563
420901
143423
122057
969061
444268
268481
394472
961744
287007
693348
207460
375124
296078
818440
523177
722456
561298
778731
532784
98063
237240
936648
979301
439686
971842
819335
906168
699330
407061
205459
427388
792020
190119
426695
373514
879128
847411
69686
371298
602422
77445
865394
707958
917732
495841
789444
589460
698694
759260
128455
955186
481124
992250
107100
439544
691878
218796
770429
56509
770973
63605
27534
873188
213707
946890
314210
194037
321910
533499
120264
419624
648093
179485
822109
738599
876893
434317
603081
229365
623824
108971
296331
185902
223529
655677
181177
849808
2663
399590
526550
248847
954861
176428
68099
193611
833860
742426
620679
556337
900496
843178
912882
308751
414744
561888
245697
25672
401813
74321
660407
862127
300183
752615
930054
740861
91161
68815
395943
363603
812251
733702
103768
66220
727776
210161
350416
873293
711950
236495
586193
985365
443553
225048
819838
312339
345977
717947
82830
334518
999785
171098
433108
972646
218477
867792
270754
558224
244625
787976
642558
605412
548633
338273
1244
207981
856479
15345
498694
440271
262620
581995
377255
716771
279863
177017
453236
954303
823647
916336
831723
139799
462391
911411
432141
491559
255326
636980
83000
719561
20442
20443
99044
765670
904800
579071
797050
288905
5762
842449
567628
956815
623029
125592
729973
715643
787646
865046
914510
336230
210233
543114
860490
552403
57094
447439
568047
634850
239193
963259
372864
888045
705063
797866
935406
395263
768102
868138
219218
877760
564862
810047
886815
194439
920718
391515
543859
342311
592346
464658
786399
970092
338321
65406
835769
527123
648722
288561
449578
587730
772991
319112
192011
375130
196533
505826
705066
803204
562041
311751
200453
551790
213610
357207
481196
536943
868760
973749
347464
61967
934502
764330
585914
420679
498423
819240
518087
554453
763406
353075
937497
492812
124224
680638
675054
9613
181911
154110
595632
51103
243483
18063
583619
793532
301085
621608
857661
5420
395658
944817
529733
108434
182609
146969
677456
992258
34285
130335
553740
236992
463786
323976
951692
782900
891370
890750
840635
148173
206901
276600
556736
832182
451559
619080
267324
740408
350464
771312
74924
500345
313410
863643
369865
368611
375618
963452
597161
670578
750270
559014
634349
388749
126196
534702
157262
964434
268684
735956
808629
742553
76944
172436
350842
105203
391801
652428
453837
742960
264794
873508
407322
371570
1555
412218
135071
675020
273564
488271
507226
430598
928873
870664
143376
386716
664784
838413
404274
487719
449481
384509
787755
188891
745668
530243
98791
674304
707717
626309
477411
392296
330096
168258
963122
830121
142652
471896
209647
696837
261733
534216
854097
344790
539781
399285
936524
29493
955688
737668
847282
668545
804638
380405
170854
70290
974113
330655
102238
345354
430871
556187
349399
374565
189304
168009
866738
249780
721761
756520
161843
206593
895175
311971
970124
911828
993050
175557
370637
634913
371239
894644
537513
527917
380370
989151
481157
640654
267039
184355
684405
166158
130069
973377
933995
423608
20990
69697
143179
116234
582618
721494
536531
928892
946900
6079
659771
968948
276636
542253
203505
860572
786574
283236
935251
930213
800304
390983
291053
617985
560136
942269
490400
405465
580478
116318
424744
110738
25203
610050
312304
72156
370917
989202
876031
133754
526410
486261
549769
252290
487272
590938
510159
306380
657590
39975
142014
501740
877754
283282
725404
954332
545666
763023
274254
727609
39550
211748
290499
180836
630648
496385
576265
191154
284105
165898
374268
312027
578077
734058
33407
717677
291537
415904
775206
85869
348479
178336
74456
470624
49582
854671
749512
790941
127601
815511
284177
781196
448804
974600
62815
563262
145596
452343
523519
50771
322469
946298
509399
26187
543295
866358
200717
394037
92745
695750
343755
556937
976862
135611
347256
506484
765407
905258
548871
836592
749706
798582
51803
631514
531033
129608
983990
418446
189115
509095
989963
458187
374322
430670
854025
287278
236276
542647
80733
238899
787783
140520
751395
666335
558951
364697
59591
384969
252867
347184
360063
308627
954897
317386
972805
812089
65267
653487
164477
764659
839634
310690
533082
853470
171335
205166
46402
309807
370745
227850
955912
29593
833530
169802
555698
992508
181199
438004
204705
342070
991172
887746
366628
837725
641451
811507
802741
480302
508853
841547
9959
917693
581979
186349
44553
63721
647701
650006
570406
276885
461504
318364
231964
604744
630185
983256
963785
961601
290547
959350
666137
890442
498191
826292
38817
837958
882
881703
313776
321951
582616
732714
36924
573494
452671
329805
309571
86251
879659
231023
94465
268528
124975
195388
654113
252196
644867
483422
75761
264217
263432
383314
271413
873472
495273
777128
205847
953949
274903
270601
923130
833457
548428
791169
495595
239940
681611
479407
578363
984879
255355
926668
230667
896304
365175
466892
239050
128308
444959
409687
848561
615170
230193
701697
390355
313893
696954
981402
691214
564275
534737
309970
398272
435284
705667
234717
599483
241795
343351
523754
142832
326595
101160
631943
679352
830206
817675
270020
818110
613863
75911
140551
404974
703835
714101
151229
370875
340451
689783
336619
32598
258930
919970
527110
307932
670249
633968
188301
704887
307316
631557
721591
391849
538155
153050
272511
939301
330920
277726
356443
103291
820088
702861
298967
22169
659772
873728
197463
925347
56187
849025
492774
810066
631153
380197
948573
959151
698640
699475
804140
639373
880800
858192
73969
789661
624924
322642
112736
925211
408272
805716
837161
940028
216107
534822
709352
253322
819989
827944
414436
191072
928087
374424
498734
789366
610319
640341
823178
191449
8424
732130
642217
584337
883065
843031
290924
93743
891344
411227
768140
134263
425655
301624
136675
548107
62507
71056
172469
354966
701705
904277
936630
806781
802095
120976
425435
906398
113217
905133
977539
635723
773006
4732
921270
9817
795956
947475
617583
652145
823059
288372
189084
457731
736148
290609
649936
956754
103273
294412
812766
418263
972571
480328
793212
836885
668917
913873
354968
3647
603095
709322
458748
641628
487950
382439
462348
824747
394948
285150
212969
105024
48849
233262
523638
812714
667866
535263
551630
804612
361608
161985
106034
888771
545809
402244
688823
951721
601091
440946
485226
671312
863103
626804
67995
417285
663008
781731
440584
85771
9370
739190
294500
943844
111979
867468
857435
247716
94336
563306
244292
426683
714999
974671
749490
14051
980288
460726
55914
614818
796444
182632
811630
197372
945544
872571
329656
739129
159027
806826
881667
366478
755178
668690
612034
697323
987143
295924
99104
241497
668945
787855
557741
324319
33926
768740
347884
801413
440637
146671
164620
192668
385142
62775
10498
895781
125270
584695
293212
463740
255337
752759
737066
989435
167671
25156
541454
152280
42512
988826
711676
141514
475118
458169
328563
607328
373556
398262
857585
784091
468605
41342
243644
408227
734713
708713
270119
526710
358991
785581
929019
105486
725563
250409
117571
588740
632082
26775
237784
167246
784274
872030
201928
880745
656165
735300
488099
434066
27507
937217
72289
771309
168736
444334
30387
683145
540329
777372
660965
450555
667350
79106
520492
865511
442717
440338
900957
117715
841244
290831
214724
884114
538049
387933
890510
476309
786857
357377
567931
598006
734965
835737
766654
468664
595286
792648
818159
834964
828081
681662
281942
206067
457322
787299
283262
436720
275324
420331
125808
89334
11741
909402
611894
515091
405219
360522
389764
598329
795761
571545
424448
336848
182820
465595
750489
884550
413558
336797
473316
382530
734994
158272
124588
758731
103292
536796
817766
565467
980460
407131
178391
872835
294745
405439
750681
673343
14574
284857
140730
206787
509737
466910
374918
444842
292690
382452
65604
697747
70284
493454
247701
394335
839145
184543
22403
523044
366609
103157
931394
610654
184281
687774
715193
222308
425094
875517
935587
474710
931163
73946
294176
359629
160221
749380
264767
67611
743611
988909
552306
714490
860083
223657
205711
258030
674117
465106
365515
641654
313203
301838
100319
420364
596101
985341
317700
194182
539301
50404
61309
324
542939
532177
749580
130328
398982
816670
557891
735243
959556
407496
845144
713751
673198
688469
622771
838782
883563
810723
539391
935352
226493
447122
800310
171978
28127
375384
76627
458847
412471
241074
692572
849141
869125
570889
377752
727107
436091
606440
896153
659311
697425
371285
217476
265426
758570
200953
842995
405971
632377
514591
39848
893050
164746
71186
17097
78432
20962
508960
467573
446083
246768
294190
200590
995581
833947
739593
129987
961774
145278
106468
79188
224647
369412
284921
731711
528788
619516
887101
219219
558334
396948
380848
337883
688191
835599
173515
482716
58887
907177
107577
689093
106136
337610
70314
389321
965674
801822
496377
962740
607296
356515
664444
115920
513135
810805
685869
600343
526582
306253
987919
497042
921252
251275
381307
949763
941955
915511
265178
684800
715273
348562
205492
886774
5934
134128
566234
344806
505324
183003
460014
770698
633279
751961
111199
234424
796098
360505
381912
367732
818371
746938
429944
523083
879006
849499
960173
860882
135751
534697
398590
87557
87448
967572
131586
432645
598108
614380
821427
927312
636706
345029
740799
381465
269265
167612
792209
86554
88963
619728
488768
215074
920157
331426
752114
81267
28143
149428
815780
203339
785385
821738
954410
959193
226556
451835
817008
204564
790859
16145
908102
898684
450605
120740
533468
370550
730674
236420
213633
210911
955637
70851
49837
114597
941387
961590
556311
89567
262231
417993
133318
869285
621552
940903
43578
923604
34927
333923
948624
461506
312229
917317
673131
804342
226666
128337
661528
180421
853985
18071
652277
136815
689870
484054
209946
585007
746772
753023
386499
263193
439803
713192
750980
392624
559205
933460
804206
734403
773404
640401
920600
619742
740084
32432
181902
905890
783532
815957
940357
464159
414792
590059
666972
419237
154704
626373
429554
791854
517409
454943
949533
48503
558858
194343
533816
302167
928889
107747
506586
445154
426980
71515
430947
261647
110667
736267
478618
393306
772127
541028
862882
785904
892004
774852
403494
334333
955746
964316
562127
325121
913478
116698
932385
473581
581684
211914
978100
817089
639730
588555
211619
721252
901082
480437
2506
459119
345813
156611
718996
74394
226314
851072
45011
749631
738537
537578
223466
898172
181642
761676
465214
208390
631853
444799
133416
74713
604030
176769
159241
130857
242718
344664
962801
314228
58877
373735
378710
202317
815230
129451
735053
622899
254231
581300
444475
588660
157348
476651
676789
375531
498262
584464
432900
955206
584109
321089
579009
624458
552896
679981
263657
920066
953922
191520
800770
854532
693040
197586
821719
807595
917640
870153
277240
507746
968943
928607
107339
192498
612606
145421
992912
446586
416122
300769
944046
339187
990251
875982
705496
580686
79966
544668
189114
761480
724673
188182
481226
510393
952722
185277
455897
588395
322254
792756
768842
188015
451696
10767
614014
792145
642244
510726
126260
570736
345966
539497
781688
992955
642977
748552
698342
95981
997524
672744
553156
165221
554776
350697
139430
884286
716356
28421
494484
615001
686490
594775
340552
955399
725546
562287
176962
798931
885606
234211
425008
618785
807357
138361
326831
189417
633042
877222
429437
48317
450738
81645
564745
710381
990715
604892
808883
557837
395592
275231
598101
705799
553261
442490
487448
797224
490005
674293
796127
43058
353953
573100
432048
882788
408969
161058
602504
648805
123139
824549
952875
93864
195810
404520
452245
545758
477018
262812
899784
583461
128626
266564
315636
58940
434608
743667
189428
472573
22064
862558
956528
657534
157352
353298
241480
138380
605856
576681
292705
225448
673363
565844
624757
179975
523937
692224
774916
341804
768327
616594
713808
843055
243397
336018
629331
816655
329709
476525
306513
359152
448633
506543
242351
671588
42506
660179
588549
526267
745378
840896
195727
43942
951589
387042
7314
13316
578438
317304
374758
32564
34613
883705
775723
4939
320721
215018
492345
517704
682250
489862
861322
324484
651244
305810
709719
916261
337571
550666
274126
48019
119999
253539
34308
125093
533024
311534
151716
343919
295447
625660
449527
229665
150239
107940
859290
767624
293052
955162
946356
971729
292444
407036
849731
47225
614419
215457
966453
538819
251765
983082
608861
324143
932529
44117
440967
493419
513630
273916
327897
949999
333556
76619
755754
846943
269229
14832
221119
440995
833971
654467
426833
6627
330138
236659
484828
266250
752208
219770
573211
518718
264702
604518
225229
613504
119395
847617
709007
552117
159322
901161
749577
365872
924592
800013
2379
303030
35877
380942
539802
271219
746412
382019
748507
755939
126884
855136
219686
855895
624935
469155
665905
418079
552990
162421
205899
386627
423483
253571
364343
227053
327164
980260
58465
156788
137169
289341
901248
240444
618573
968640
777207
699009
259803
383576
903615
174500
414851
790675
727457
636196
509844
850398
73964
274031
435300
606397
136214
867241
831735
402837
113790
584489
111559
174295
897038
613596
869827
651315
845882
848153
370024
492026
219992
161543
956100
886082
649942
436902
683095
452276
895904
432671
608211
440688
620790
792391
982832
685424
977841
979489
393901
297835
627879
228905
419385
496859
163857
707927
746221
342814
846838
850139
780451
638973
606717
827427
710649
250881
669179
904393
781812
700784
58285
636060
193344
734243
201089
119306
78229
958597
947470
263719
994678
281130
628197
581852
147348
99529
474431
726062
744719
798104
854165
280732
959298
669583
697067
362561
501960
559188
246919
638525
871616
566876
626374
817071
128564
285554
676266
752272
460614
420941
53207
684253
891922
154038
164755
13064
312147
979899
641916
304825
249750
906782
842637
117011
803149
644325
982563
440033
409016
795600
794851
452990
704751
575664
603189
482770
478429
419209
818227
438681
997257
532480
674884
584241
793850
270648
927773
951855
698548
431554
82814
627539
632549
321012
13136
887619
838681
43554
477606
803404
783607
69178
677382
34481
488986
913493
299469
938287
772275
663031
811865
172194
961737
699158
144711
254888
923548
813413
654720
903140
559396
85699
599809
439495
690937
150357
996187
402582
819097
745579
838720
300621
775918
472893
686824
671952
639989
33757
648604
673731
555306
576392
628528
336881
931940
249948
838699
559006
840407
559020
162769
23606
636185
610031
899261
178223
946760
223523
408228
375405
985149
773566
308044
695200
878811
183839
613390
860928
513360
833789
893430
485384
588951
373908
378802
673611
714407
414323
625156
557659
24583
560413
440103
796039
899667
172438
954368
500660
245749
822292
116552
858740
804450
930926
58460
948597
99536
352192
434148
208690
802171
883749
702184
555923
16190
70598
295145
171334
120854
468344
543804
518696
893539
81833
811615
211946
189256
215859
328699
981964
822510
788189
675306
844962
442857
19686
81044
360648
461288
558518
640215
682444
8570
620020
874000
54995
440210
860871
31116
44657
308897
830527
504095
865694
734424
662486
753063
444053
643556
35840
377563
807927
672249
8599
991117
139116
988153
202476
407907
291878
758308
713348
800337
378759
656189
436637
153006
734070
491376
354393
535994
687820
712329
567314
815895
650633
746909
717640
367751
315254
380382
841900
382937
34858
769222
206701
434113
973488
892622
180728
6152
672852
697682
811537
398009
422237
584531
461790
20777
570801
905451
702293
498524
209320
67086
84167
253665
152571
690314
138801
845631
670926
25345
237843
382926
563959
635542
468272
389970
608766
167229
57729
498444
391220
404955
627436
30213
560480
740300
675332
64093
977901
575324
742224
513142
202249
22193
812260
235093
236881
349598
244235
846849
906516
405968
778628
282934
830057
308942
514009
776015
705345
54393
142600
868757
736993
275624
466538
228397
880570
195592
629134
668817
248184
274792
286510
959495
897349
712298
534434
873732
408782
786939
782402
641600
283975
719447
379970
566445
867416
244099
179081
70661
63909
970347
320069
555115
680425
50394
374105
582272
879828
992434
940549
565555
265171
821111
272744
2790
328349
146974
522861
247436
493118
574556
596922
817219
555431
260404
380991
440108
567267
650609
889152
625588
78002
295983
597568
100717
425348
871443
180492
131930
97427
566170
788065
929034
198557
561807
242042
717531
253245
437626
405920
327974
217523
642909
769722
159188
271569
643823
444044
954058
561096
648113
407510
707603
345688
711293
503839
744911
198664
866975
132338
425495
133984
502875
986682
950899
983886
709728
828332
500997
518245
186975
244600
615013
136868
980313
997763
472211
806168
970541
885000
337916
872063
559640
391489
745536
103722
715788
484540
614557
984603
588448
546557
414084
361427
212376
177354
898066
435157
68529
97564
610545
505
622777
927466
956938
664269
612875
709344
791559
543574
597158
792110
379651
646196
722858
107965
219537
837475
543214
989629
720742
664414
217920
334746
463460
592030
462394
311245
123395
876416
752573
391518
81668
667853
300648
619672
80753
192201
261737
935510
542981
85351
722185
623596
70214
826136
599735
897880
530009
711097
323558
966988
62352
286999
87173
224269
59738
848221
155945
384271
569982
702274
591002
307580
867188
283682
139255
247648
343339
893894
767021
9772
775534
496796
795612
620224
235221
266661
55980
236449
230452
384273
572747
433123
588024
604316
281925
840012
669692
41592
787047
373319
25466
773381
570946
115806
651355
389144
764324
852342
244819
172479
188782
320326
953010
853542
372141
585273
827664
51332
147353
104625
582172
55166
552846
157247
227548
547881
604004
59054
237346
589997
857722
995277
983557
187786
513310
344889
294242
961514
679620
104047
24481
783476
569456
476384
535494
603244
762947
593849
711049
792114
624698
434206
929398
563641
736348
315587
27523
987078
275117
528285
102498
248807
973591
436077
424205
601314
200663
658492
594292
398126
389485
826510
673901
878085
541022
858576
340281
868330
537735
90326
117471
153115
361487
55203
596779
109683
878748
910397
62041
445386
595104
876641
748155
687077
471202
439624
693456
635370
988656
395014
374281
887280
598306
897726
122935
36514
569706
253471
433673
441047
108133
896402
634419
900176
101204
332715
491364
968048
77645
598796
825385
542303
588383
517482
183406
471721
515477
388652
25047
817141
82381
640674
87602
311414
536014
154696
940175
737167
851380
152661
853359
423901
978643
944104
580425
839648
711354
820312
751455
133067
482492
553625
659675
684572
603774
595508
636050
611228
42382
197018
91007
186229
880638
827454
686443
613735
524560
161057
920504
940760
33423
315074
954982
934031
488676
621377
596252
77720
996618
862187
820822
291815
491585
75260
901309
629393
563373
672381
630544
70024
831636
802601
72010
656432
121950
925599
562120
662887
889603
501554
734821
814842
781119
94795
592170
634037
539313
78195
877462
915764
9403
881136
497393
104094
811215
651261
159132
528419
301079
686608
348477
903574
785601
228172
48942
157392
82975
207218
150474
309225
1351
725431
433495
725283
281610
841648
805136
995663
505257
45133
50635
502358
361553
638690
776223
928865
790128
542790
135693
570530
323099
306991
886808
306221
292042
450254
190264
724932
234149
446967
276750
448750
845995
665759
700910
752859
565968
619158
337178
783681
360390
899394
415918
86803
510519
525601
387343
415359
206390
509752
10249
820805
347708
847329
59651
418121
259162
95766
340749
545474
961659
467267
761330
782390
36156
980850
450701
247538
862980
723128
516261
76737
824097
8357
853848
272623
162179
272662
907240
915418
181189
328431
551474
664589
860460
781623
818969
280983
91973
525538
399945
668101
623376
15827
201440
721863
140105
345778
201300
602150
453419
509627
374789
47406
508815
232107
207478
403308
472841
102702
205
707325
315061
866389
508675
619008
981552
310038
537041
332186
146143
913611
203622
261400
172413
397510
623504
596307
524155
831425
80358
509340
636230
971050
207775
489922
700319
557952
346439
991137
252551
311456
793785
46279
756020
218021
87310
424584
585690
543726
358150
809020
465030
108588
79548
68733
167095
100327
613481
656673
390349
76054
397876
366940
194130
918497
505894
829238
590129
903162
729224
797463
208764
152054
488498
132789
214018
360321
468567
584259
926503
42308
79311
242702
738396
637325
810309
583489
684018
46388
387037
383484
498410
501375
688146
324094
365553
255714
711776
405021
71533
474777
615302
401132
236559
407996
824078
394711
582088
285098
83022
485597
802098
796023
175161
677308
943654
245051
948233
392586
31024
701134
716207
437946
827921
124412
558118
654703
202055
748865
9437
409137
993340
215606
998769
18473
747263
502450
424041
830018
875013
124898
853982
833731
29839
748111
959207
760343
505860
933271
801926
709021
803004
577904
907037
176033
725542
130983
174494
570350
417581
818492
840774
546117
552961
329065
977274
702249
161025
735683
353687
307450
341194
846804
415039
872443
462547
109726
325021
993012
804439
857476
766936
901239
536026
787088
663480
130884
802532
941809
605144
457563
782564
553381
874063
989998
324793
50304
505936
582680
525805
776093
804047
10927
722230
690530
844607
74517
131718
507509
552199
767610
846579
135058
965016
904390
409741
180198
381832
886004
54867
373507
171654
447676
12304
69776
737988
797075
143498
597425
779696
598529
246489
67432
680489
722942
36863
903351
26225
654581
870889
301395
576008
333620
305832
768244
683511
418317
858873
215528
614604
81344
451457
103282
857876
78009
702168
173825
146391
569715
982794
64053
250725
735072
130720
101720
487467
915888
808728
311642
418170
967509
632598
366764
723159
274785
305784
183219
506582
379862
17635
461645
376237
958184
917426
996467
403154
712053
599867
557610
974926
216232
346823
176375
401183
81515
463774
81598
931725
75584
829983
606515
241036
36801
220898
274866
590712
161541
444810
559148
227089
688337
570083
850425
702072
23959
998830
407211
480682
477352
948537
846488
792560
493163
690505
522936
336952
84422
104986
974794
151038
19960
751197
331775
806301
667419
130798
628255
777106
627230
98797
606803
97003
98749
82716
520966
147175
729689
905062
436311
21902
849463
2815
166624
39321
606338
90297
659239
503709
992088
567020
957783
818241
170046
740717
62720
764516
400857
897158
248925
724990
527558
725154
452948
260614
99088
32516
341143
677782
332087
714331
143706
604189
262241
306222
526719
547221
574109
214031
954865
116875
693375
889420
645819
629821
906751
704217
412446
402735
401713
776208
326865
224428
184488
936122
216813
19152
572759
422834
127251
823966
841589
471348
975794
866880
177912
208044
303661
635661
340168
498735
348089
959074
527697
8395
69365
991241
490877
663372
341752
781718
182575
444753
635822
444265
211408
360180
304857
732156
271590
523944
360288
972997
426766
403715
276316
160741
867780
498532
31391
638415
273867
317983
954782
232690
474467
904898
373966
301714
859749
358423
205312
472736
590636
888390
447780
803681
847191
701275
964886
451746
676182
578957
195789
239823
145743
341027
710671
885425
309459
441287
329542
504495
683366
14292
603245
222071
828478
457258
746089
28803
305026
993542
470736
707176
346483
542544
956939
344345
288928
681990
795853
704886
457877
896749
506823
749252
426680
881591
74709
176590
937741
86012
67869
207967
909397
512643
159953
436628
514248
242589
848389
754053
790099
873622
61949
40718
536623
639816
668368
719595
137823
209929
18872
407229
602694
845609
640226
199013
170217
940142
751144
474919
221643
958586
871440
31410
23658
565621
991868
583187
251983
615437
557712
844731
610204
955117
183557
844681
796390
714762
616408
521150
617229
219302
80724
671487
663752
203277
361453
563712
348233
955590
998573
658895
23679
530613
160326
211258
243957
654992
228614
774494
284824
713788
368616
298766
951317
331907
469574
410076
278561
956140
452039
387346
244312
628236
837695
573595
976665
740111
723080
238730
36892
86698
7145
477608
8630
569684
722701
425041
844755
772989
467452
694006
426831
917094
433169
553882
151046
848713
629533
234186
842054
136742
302700
764411
650854
999596
927519
168576
163120
714560
101112
889189
818361
603628
438389
14379
808018
202471
184467
957407
686359
629373
974579
544345
908133
317019
989466
633870
851432
76665
180179
633873
141540
53423
404271
103591
514477
257883
485813
137621
428824
618934
801276
31341
812189
380813
877948
47158
144576
189920
766976
499338
912238
222817
443686
184151
305098
336918
146180
799469
927449
570042
73606
402688
196204
632195
19065
885592
75323
211812
490371
813148
324982
826976
59067
520373
409148
219493
192960
498628
905428
919924
130582
185136
561868
406323
659295
805430
277134
23601
356523
459713
810671
597338
115518
950494
127642
344482
221615
827280
139584
473425
907802
175536
380015
483608
56164
661480
137260
697878
579393
882168
960619
403935
689687
247220
317418
531314
404849
336872
285804
961693
739215
757713
477570
527546
129365
292688
776194
874182
375524
639289
509186
279340
721824
376174
158947
208300
132121
100421
653160
92240
939525
235544
732619
609628
176666
512274
480598
369831
650099
582397
42769
346077
769832
508394
829223
230781
297844
315524
96129
305395
176596
646426
188936
102260
311322
793747
105214
708464
252450
629992
898944
280633
936348
485462
645779
88742
618786
334506
938856
93698
268536
562187
607575
676974
691220
452908
704870
964145
738112
511046
725894
205686
186210
90253
980331
535781
257162
593050
286485
270174
636477
44421
519039
809976
397102
686392
171540
42534
747448
450127
425633
753531
336731
350317
58394
117389
917412
272553
283938
597445
119737
468143
162653
164935
554289
884724
903842
288184
69024
632275
388047
16112
258544
554185
770744
304254
902186
984841
480183
436498
206420
312381
652135
827211
465397
404507
566636
814260
270303
645353
519135
668586
339989
235055
467655
37879
117507
16584
525366
200431
382796
773158
547711
955464
660946
592212
684870
434085
104587
574908
359821
961572
311863
484153
70803
933145
802234
996897
184824
523305
963578
320473
161482
168900
448286
421433
739830
936144
660876
796839
280642
143123
897368
889292
668362
399340
759043
452435
75269
780364
333029
804981
309643
839829
321927
470304
258935
901709
944589
825347
109351
84350
141520
172153
424288
885742
52490
631055
92495
524023
838515
419370
213698
164616
72892
476853
752932
482512
577505
318485
290533
305206
213967
597832
110616
16569
573292
438385
144501
291601
249087
708059
973249
448138
96303
607161
706422
864893
865039
809830
633729
269159
438034
747660
595064
442129
644441
894865
119429
747704
133888
876357
307795
261862
600497
562578
244333
6764
822546
593537
656773
799806
144286
833254
209938
424235
247057
995434
361680
464567
408125
712051
736043
235863
672570
39986
783862
648328
116731
413896
9621
547084
983291
430998
907452
521346
81941
647136
318606
729441
237171
711068
913575
924688
646047
870621
804789
495525
807349
578903
880385
234617
725369
636174
347685
485253
262880
122196
534683
584235
423414
549154
743257
349788
579373
842991
404746
485077
602104
634845
923416
343290
28954
667594
473312
142041
636987
635533
145694
696499
900524
819607
186759
611400
375333
594678
10058
610421
347935
575870
274797
185873
434334
211916
170635
440579
356370
721511
527247
786166
716358
592975
47683
342846
675685
160206
112135
600311
658868
16886
354021
566955
117439
816387
97041
940902
290728
216487
838466
120950
302826
731406
266809
918898
18953
331447
194176
408832
232142
454597
395201
968564
192816
223293
759989
628816
230284
554231
198568
780924
231693
738778
710694
49875
644618
276766
820383
701763
97582
533689
47900
340267
917614
277679
117332
402638
392556
272261
224806
50831
568307
118209
562269
88609
689583
500405
821920
591320
86854
804573
960342
369726
235031
456159
511093
732135
284079
641025
538904
886568
721677
139786
401012
999080
687196
86822
522755
991755
165303
565891
523847
310034
964722
617142
593814
267951
165512
646051
623214
411880
6133
691644
734004
338443
603196
389264
153308
504329
61629
24519
952799
423756
957163
508541
671277
685379
975226
516329
452317
293772
129018
766773
505239
762505
622077
978189
711586
31142
757032
555858
726800
692936
432488
941081
96304
17873
67034
336178
873349
470045
984305
742486
36364
182089
238947
427816
147420
851765
970408
306055
944746
125407
235492
930984
28315
265706
421542
614761
178865
928981
435190
741957
567731
596035
681323
946753
568933
599845
597179
879467
300173
234012
205421
446892
747232
595202
807505
53702
286826
94468
556016
685883
553612
109927
679570
87013
277712
248498
172889
502643
984157
542202
597707
867398
539464
587693
217852
646888
910474
507307
54884
249489
746643
54223
267652
188908
876372
767382
80404
274527
637951
724999
274207
574848
912281
152317
84830
542956
642924
471559
400349
155539
237244
705547
945724
214558
534844
432706
919343
762887
478944
804895
266271
689620
472080
229166
522865
58135
659032
428604
883384
458356
674049
645193
117500
351322
817073
983495
56210
946911
408555
194494
288572
204218
251496
183782
750221
268561
855941
333306
220789
643598
177438
506772
449718
996638
344749
203208
67629
80821
870202
138660
730785
445939
948693
459953
457038
137463
372442
863317
171477
577489
878971
855621
649865
738263
796119
222393
933009
243701
244495
796437
605995
86445
163475
79040
974054
576347
692357
35520
814638
447650
297356
710316
189806
114416
658118
740726
947903
104901
565024
970869
379029
740511
414214
617282
994216
762895
618930
646720
799863
38896
386786
290052
515765
158517
508071
96874
478257
804808
375691
320771
120428
996722
395817
415468
224971
737787
347166
928425
245521
957456
853155
21595
854596
687279
275495
876180
136810
815255
700907
861217
83952
629476
974211
285533
230916
730565
748962
76732
343735
622369
207267
540530
426134
989215
107840
489595
237314
372508
845702
467088
109513
256877
667605
398759
529829
202199
861718
842688
314427
634407
518795
825934
716670
918640
753089
922945
216241
513439
359395
369068
792905
718460
852969
351960
376240
445183
232877
62436
615334
636173
185374
526679
614402
761358
152909
173380
18905
20849
303081
79608
134276
791743
944861
145204
745665
193226
580939
564724
348771
564831
241906
262556
789767
218715
110867
412972
463723
969339
655822
651318
150794
444888
215396
250083
878066
261594
622251
210076
76839
952024
536179
498529
754061
997612
605149
542105
414905
774827
942623
11652
290207
235581
507721
742522
494649
701707
367074
570345
792520
438198
894456
789935
911296
149498
800179
308045
252499
666943
57536
531857
359634
343592
292713
446293
274045
418499
639587
479081
148059
458696
988431
65583
468864
225174
66459
76380
359911
947762
870045
50919
167176
244766
620730
46307
131934
126254
835465
993857
641734
90382
675763
240707
17773
287302
489105
399875
280977
906769
781744
463119
640528
295492
358643
515487
369947
784793
187992
244079
717769
915352
18301
227105
903190
232033
179502
198386
902404
865582
225389
677591
125822
938790
562615
893712
52884
345804
915401
574586
727337
832911
983466
538299
307638
846813
312291
494787
300808
34227
74198
355199
839430
292831
934161
88817
45919
144622
810124
757702
634039
583152
613698
586035
538715
688713
898159
504334
512104
522737
745302
772643
392246
61864
38314
786696
652626
861847
264802
594751
267747
517061
800559
891649
470829
979506
987018
654829
329972
231060
674022
919629
202616
516395
664517
471839
306499
607847
559498
911281
391686
946717
30965
778877
849147
393240
750367
683115
35887
339845
797790
471390
938054
44208
796910
628894
620352
552661
39817
740736
565813
556094
32261
465269
57570
305449
948497
227455
256053
532104
236110
42688
984055
676513
934279
959725
681878
104854
957263
924962
335502
889151
574518
966736
945268
80691
97319
682449
855135
670054
416353
603036
570355
632428
191824
260692
592331
123143
654331
501378
509711
616669
880835
546591
602952
566305
473797
93658
463342
220363
110351
935156
187616
838471
72574
243673
267889
650215
728125
78155
763249
499456
62843
168295
516897
905511
216923
374906
331487
271015
295789
518662
753836
257055
757268
975068
405062
675106
411844
138294
618793
48614
190727
270960
323017
220313
264071
459680
867405
357544
518348
308271
212416
839826
862412
220786
77446
424524
693437
354543
396117
958404
232223
54845
791469
382754
602941
181270
856321
648839
406942
718011
487897
498425
279136
410759
534283
474181
41095
203575
572497
880293
774584
949906
707824
563331
897144
681147
694587
418428
280880
204422
74132
616205
658876
334381
132439
691943
202389
862012
320465
810313
941692
743320
207898
34421
922687
374484
23626
980160
57727
531282
452817
36165
691557
458211
2798
295021
832618
849856
414534
138717
420712
203608
730022
296464
440303
671736
218789
578869
708310
507493
348881
505513
805243
494008
117288
63370
234014
816113
953033
834352
504557
65329
602131
343082
487050
337550
304723
169318
875703
802615
322335
948500
192205
56624
986499
225544
967612
597721
633820
396777
741664
372125
595003
279788
519310
952475
418767
880713
208254
865084
425611
320239
45099
25336
869370
4226
465565
873994
93387
12916
960770
856743
32127
400825
377718
100296
737148
44334
580284
851536
553812
226029
610020
445816
225953
567819
624128
355750
178172
757377
706518
843204
429268
125727
614300
865871
201919
280907
771753
90522
946381
317753
746327
345503
31325
173700
350351
322191
339632
109990
316950
544841
472229
323892
879205
676401
331745
25041
40583
354917
186992
828228
911302
619496
919815
407161
115625
414041
926571
993189
683162
813044
443039
301215
788199
229874
878542
419247
576152
779647
447933
412861
12530
637639
763106
400304
518092
147549
370274
142635
82409
576163
946982
687259
603109
327250
693089
291422
434806
814622
633280
408793
914967
221190
74766
453036
15026
607773
325604
775190
469865
767795
324708
472595
78463
999487
240735
95713
933993
522813
220862
891816
661861
592809
15526
326779
865959
241959
761354
685202
165826
191733
969605
375713
950241
436959
551075
850784
94297
28286
128686
522184
662494
618859
100291
52197
514007
330240
794535
608774
534018
102700
534557
261905
492293
14947
960133
447680
499939
21860
22174
424124
719306
53672
913580
267284
733832
143844
742773
438042
68382
948389
72538
823620
933137
557197
971672
887677
34470
410214
623038
773940
559374
450066
684280
64551
620268
855490
558519
319232
817140
593352
827504
458078
262072
692354
6642
698750
813077
412240
317902
863626
793833
620204
226008
600666
212577
477990
569215
441082
273757
521608
652477
938436
717689
514257
725794
416231
838868
879524
23566
364354
817643
527942
296121
5320
104411
47235
189981
221425
500847
292575
323916
167802
887526
379217
528833
574826
271259
596803
732169
375112
785010
13660
347519
446462
821166
570474
43888
848648
524512
692588
770397
150681
779450
630714
351498
75266
576850
454271
875554
950681
554729
759452
320474
1652
913147
775991
563491
970132
929685
915912
141674
204662
718163
39269
115201
926596
817117
847926
149419
771284
850949
171546
486990
466097
586307
415241
46407
90756
562331
906569
627806
505179
976329
867260
770596
20800
873947
267031
619321
953367
411673
348606
482947
388671
964809
920371
99955
142318
253248
231048
700882
541388
675988
140514
223908
215458
750207
901536
481054
152931
801185
230759
636485
810951
268319
738966
159372
47873
363009
991031
468580
899560
342910
891692
236290
733269
806334
855496
409513
86323
574182
641582
812579
176290
681271
644673
838374
56050
293107
293101
488083
991101
142841
188497
929496
783009
381298
956040
302900
525784
540644
766803
194138
908150
56612
213348
941167
943615
839464
114249
394606
651491
591674
730932
827179
698968
411785
142883
157301
161425
268634
67888
407508
960544
732316
956791
401841
297893
587928
516191
866133
825586
921607
600967
431498
974909
353661
514383
339294
905856
589504
265733
346097
99204
384601
282654
89177
399517
792823
770766
967444
197655
779488
331401
877156
645233
995759
175473
849424
728658
396897
311085
345736
5334
557008
209423
993760
77874
305364
922144
551251
252272
88914
32671
750011
828343
600433
397014
508108
969583
195056
628437
959133
457149
213476
113973
943513
922350
864398
810000
481850
584540
439689
885347
706846
328524
949391
722583
791325
669917
989434
605813
850886
480723
676818
211601
211931
190662
527503
25508
423381
762269
927774
377796
558867
324582
605615
915174
106894
797106
520657
452246
141694
775979
996524
49095
151706
121109
609635
139627
387231
190611
684295
612943
74908
712814
572685
463848
643204
133105
163389
580546
330692
88381
58698
399725
558696
748362
983618
178884
77149
259168
623515
315793
76379
382463
221636
123511
927610
471401
647742
657638
525086
178318
475515
421153
405416
43280
79821
298418
745413
856187
51820
551087
54285
193426
358822
455710
278651
340676
283940
257717
667913
372670
190266
615848
308058
532152
533449
673589
238667
777524
360427
357003
358404
831313
377897
936680
279390
824095
607943
254081
12449
593825
480499
401836
663896
728114
418785
343260
788178
318131
47710
118195
405221
565889
161303
328244
439112
370185
798724
505835
3533
431803
10675
586858
924159
565916
379181
869243
699398
356191
501391
124283
661254
748982
162165
330895
756591
727865
273477
763819
71650
58406
511892
450846
996697
735850
693215
440496
435417
952361
497702
610934
773549
918160
221700
214455
274692
957919
840685
992297
79268
768661
824992
391652
610784
680750
701794
818153
647424
492868
341540
101224
359777
829275
766479
384744
287010
594860
514712
496973
518645
355231
228613
313094
741468
926787
425027
635662
720836
484320
150803
26126
406460
473895
435346
455696
328779
750243
796846
691974
442217
682619
601785
890292
381730
865032
666613
897852
712393
234943
89234
296550
742008
142465
276246
165309
53225
65766
160434
866740
700900
111694
775658
101198
596657
729673
648583
720309
417683
280077
651020
452594
54438
89089
207358
571645
432938
399674
370934
572506
879551
765301
266522
246797
438317
181574
701232
806893
448107
624648
623711
737008
893531
714814
225128
625162
591244
57981
825830
277794
127605
197919
432694
73848
374488
663914
254298
755171
689327
858246
557838
330659
454891
61360
57944
983862
502834
759838
679815
708263
240264
613898
390290
452139
992079
77614
333618
967799
173658
240818
34378
306172
553951
605488
532193
762048
63435
339360
39754
149146
352688
679781
893130
293402
632563
115134
568563
112283
544786
61396
475764
695602
387691
70204
219112
671745
506494
491163
403160
196056
492900
274953
843245
267592
699961
683619
788092
368511
916728
823291
484053
73283
342102
512047
555881
997340
134395
624471
851157
282447
99998
350724
62715
498518
918443
747273
777158
533551
551426
639329
647009
171154
920790
370996
195088
920020
461834
494285
337882
999855
815557
535574
912355
799230
661151
690548
506775
139918
653803
735344
749535
369326
682030
145260
395165
809791
497525
828328
51049
130339
920007
929109
617526
762487
972711
400556
480222
57598
383120
866302
844409
210003
458216
250583
808549
693771
226589
795742
442595
475029
220220
406885
513896
112012
27821
285927
77442
637342
900746
645631
980607
896897
877841
301108
566208
225285
667822
20448
631179
417086
612430
465721
34586
391432
204551
292439
990399
333026
791862
464122
853722
300130
622622
214293
470247
640139
315882
221658
811672
400382
486110
593036
371993
437766
160985
50197
936862
797880
845623
591569
492197
666283
71237
127024
438791
359349
478328
54448
946199
554026
357122
703645
567506
807281
286883
89343
55114
40433
748804
536008
959225
455478
716332
538257
314727
437643
215877
654001
602367
227943
650563
65727
338042
403515
175675
50812
945545
328682
294696
495218
46024
507528
4022
346107
517433
186646
773927
806516
291443
909497
456643
32510
301577
993468
662005
703778
244243
217230
462594
805268
739477
536817
269072
572028
817584
630708
573443
958467
450643
873469
798309
545546
702007
228232
910909
905921
269011
859465
338783
225988
570252
808188
194962
51996
661532
561182
229037
579952
786241
904987
260893
941940
875773
642743
375751
60408
788078
529819
371086
726107
922786
