dataset,run,arraylength,time,cputime,memory
randomArrays,1,469,22.48,31.25,0.00
randomArrays,1,783,95.11,93.75,0.00
randomArrays,1,464,26.62,15.62,0.00
randomArrays,1,267,6.98,0.00,0.00
randomArrays,1,828,91.40,93.75,0.00
randomArrays,1,607,41.09,31.25,0.00
randomArrays,1,319,11.97,0.00,0.00
randomArrays,1,431,20.06,15.62,0.00
randomArrays,1,941,108.97,109.38,0.00
randomArrays,1,937,128.78,125.00,0.00
randomArrays,1,619,41.57,46.88,0.00
randomArrays,1,370,13.16,15.62,0.00
randomArrays,1,478,26.88,15.62,0.00
randomArrays,1,107,1.08,0.00,0.00
randomArrays,1,910,94.20,93.75,0.00
randomArrays,1,381,15.53,15.62,0.00
randomArrays,1,699,62.26,62.50,0.00
randomArrays,1,452,26.31,31.25,0.00
randomArrays,1,882,107.26,109.38,0.00
randomArrays,1,697,48.52,62.50,0.00
randomArrays,1,39,0.21,0.00,0.00
randomArrays,1,382,13.24,15.62,0.00
randomArrays,1,980,134.72,140.62,0.00
randomArrays,1,202,5.25,0.00,0.00
randomArrays,1,674,47.39,46.88,0.00
randomArrays,1,184,3.80,0.00,0.00
randomArrays,1,853,93.14,93.75,0.00
randomArrays,1,101,0.82,0.00,0.00
randomArrays,1,329,8.77,0.00,0.00
randomArrays,1,837,86.15,78.12,0.00
randomArrays,1,952,88.67,93.75,0.00
randomArrays,1,676,65.02,78.12,0.00
randomArrays,1,248,7.88,0.00,0.00
randomArrays,1,845,76.75,78.12,0.00
randomArrays,1,707,69.65,62.50,0.00
randomArrays,1,458,28.63,31.25,0.00
randomArrays,1,219,5.04,0.00,0.00
randomArrays,1,268,6.21,15.62,0.00
randomArrays,1,201,4.75,0.00,0.00
randomArrays,1,520,30.97,31.25,0.00
randomArrays,1,832,67.74,62.50,0.00
randomArrays,1,800,75.20,78.12,0.00
randomArrays,1,753,68.80,78.12,0.00
randomArrays,1,286,9.00,0.00,0.00
randomArrays,1,841,87.91,93.75,0.00
randomArrays,1,240,5.65,0.00,0.00
randomArrays,1,370,15.23,15.62,0.00
randomArrays,1,287,8.57,0.00,0.00
randomArrays,1,89,0.98,0.00,0.00
randomArrays,1,881,112.79,109.38,0.00
randomArrays,1,187,3.33,15.62,0.00
randomArrays,1,373,15.50,15.62,0.00
randomArrays,1,194,3.98,0.00,0.00
randomArrays,1,382,15.65,15.62,0.00
randomArrays,1,826,84.33,93.75,0.00
randomArrays,1,781,81.64,78.12,0.00
randomArrays,1,814,90.97,93.75,0.00
randomArrays,1,525,27.88,31.25,0.00
randomArrays,1,136,1.43,0.00,0.00
randomArrays,1,454,23.86,31.25,0.00
randomArrays,1,563,41.40,31.25,0.00
randomArrays,1,226,5.19,15.62,0.00
randomArrays,1,345,10.78,15.62,0.00
randomArrays,1,514,29.44,15.62,0.00
randomArrays,1,871,90.77,93.75,0.00
randomArrays,1,939,91.87,78.12,0.00
randomArrays,1,397,20.57,15.62,0.00
randomArrays,1,429,17.42,15.62,0.00
randomArrays,1,421,24.08,31.25,0.00
randomArrays,1,747,63.87,62.50,0.00
randomArrays,1,19,0.05,0.00,0.00
randomArrays,1,74,0.53,0.00,0.00
randomArrays,1,259,7.34,0.00,0.00
randomArrays,1,846,89.00,78.12,0.00
randomArrays,1,789,75.85,62.50,0.00
randomArrays,1,671,55.81,62.50,0.00
randomArrays,1,368,15.69,15.62,0.00
randomArrays,1,448,24.97,15.62,0.00
randomArrays,1,237,6.74,15.62,0.00
randomArrays,1,627,50.83,62.50,0.00
randomArrays,1,584,34.02,31.25,0.00
randomArrays,1,328,9.31,15.62,0.00
randomArrays,1,606,38.69,31.25,0.00
randomArrays,1,563,34.53,46.88,0.00
randomArrays,1,774,72.69,78.12,0.00
randomArrays,1,206,4.91,0.00,0.00
randomArrays,1,907,106.43,109.38,0.00
randomArrays,1,37,0.14,0.00,0.00
randomArrays,1,878,90.10,93.75,0.00
randomArrays,1,284,6.40,15.62,0.00
randomArrays,1,853,83.67,93.75,0.00
randomArrays,1,247,5.87,0.00,0.00
randomArrays,1,241,5.83,0.00,0.00
randomArrays,1,348,19.59,15.62,0.00
randomArrays,1,814,85.12,78.12,0.00
randomArrays,1,245,6.42,15.62,0.00
randomArrays,1,335,11.99,15.62,0.00
randomArrays,1,497,27.55,31.25,0.00
randomArrays,1,280,7.89,15.62,0.00
randomArrays,1,664,53.37,46.88,0.00
randomArrays,1,523,33.34,31.25,0.00
randomArrays,1,841,85.82,78.12,0.00
randomArrays,1,290,9.11,15.62,0.00
randomArrays,1,158,2.99,0.00,0.00
randomArrays,1,783,76.39,78.12,0.00
randomArrays,1,638,78.82,31.25,0.00
randomArrays,1,314,10.17,15.62,0.00
randomArrays,1,484,24.19,31.25,0.00
randomArrays,1,972,112.81,109.38,0.00
randomArrays,1,652,52.25,46.88,0.00
randomArrays,1,543,35.01,31.25,0.00
randomArrays,1,487,28.86,31.25,0.00
randomArrays,1,686,58.62,62.50,0.00
randomArrays,1,183,3.16,0.00,0.00
randomArrays,1,572,42.35,31.25,0.00
randomArrays,1,747,69.55,78.12,0.00
randomArrays,1,780,78.36,78.12,0.00
randomArrays,1,828,86.54,93.75,0.00
randomArrays,1,591,48.74,46.88,0.00
randomArrays,1,415,21.69,31.25,0.00
randomArrays,1,648,59.03,62.50,0.00
randomArrays,1,204,6.75,0.00,0.00
randomArrays,1,510,34.65,31.25,0.00
randomArrays,1,422,17.02,15.62,0.00
randomArrays,1,541,27.75,15.62,0.00
randomArrays,1,875,80.98,78.12,0.00
randomArrays,1,742,58.23,62.50,0.00
randomArrays,1,384,13.12,15.62,0.00
randomArrays,1,266,7.66,0.00,0.00
randomArrays,1,137,2.10,0.00,0.00
randomArrays,1,970,105.14,109.38,0.00
randomArrays,1,685,52.01,46.88,0.00
randomArrays,1,665,53.80,46.88,0.00
randomArrays,1,319,13.62,0.00,0.00
randomArrays,1,808,78.69,78.12,0.00
randomArrays,1,143,2.34,0.00,0.00
randomArrays,1,147,2.71,0.00,0.00
randomArrays,1,929,93.34,93.75,0.00
randomArrays,1,906,88.21,93.75,0.00
randomArrays,1,425,20.39,15.62,0.00
randomArrays,1,736,70.97,62.50,0.00
randomArrays,1,65,0.42,0.00,0.00
randomArrays,1,305,9.93,0.00,0.00
randomArrays,1,194,3.57,0.00,0.00
randomArrays,1,545,32.61,31.25,0.00
randomArrays,1,49,0.24,0.00,0.00
randomArrays,1,731,61.34,62.50,0.00
randomArrays,1,712,53.94,46.88,0.00
randomArrays,1,732,54.02,46.88,0.00
randomArrays,1,57,0.38,0.00,0.00
randomArrays,1,983,121.36,125.00,0.00
randomArrays,1,345,12.94,15.62,0.00
randomArrays,1,152,2.36,0.00,0.00
randomArrays,1,963,113.89,109.38,0.00
randomArrays,1,544,31.78,15.62,0.00
randomArrays,1,870,88.02,93.75,0.00
randomArrays,1,557,37.73,31.25,0.00
randomArrays,1,168,2.67,0.00,0.00
randomArrays,1,373,14.74,15.62,0.00
randomArrays,1,416,21.51,15.62,0.00
randomArrays,1,942,114.98,109.38,0.00
randomArrays,1,966,104.65,93.75,0.00
randomArrays,1,363,16.53,15.62,0.00
randomArrays,1,955,112.04,109.38,0.00
randomArrays,1,626,51.69,31.25,0.00
randomArrays,1,948,99.21,93.75,0.00
randomArrays,1,193,2.78,0.00,0.00
randomArrays,1,361,16.35,15.62,0.00
randomArrays,1,195,4.87,0.00,0.00
randomArrays,1,905,89.11,93.75,0.00
randomArrays,1,105,0.93,0.00,0.00
randomArrays,1,750,57.36,62.50,0.00
randomArrays,1,565,37.27,46.88,0.00
randomArrays,1,538,33.00,31.25,0.00
randomArrays,1,488,30.96,31.25,0.00
randomArrays,1,30,0.10,0.00,0.00
randomArrays,1,554,35.42,31.25,0.00
randomArrays,1,407,18.59,15.62,0.00
randomArrays,1,958,113.23,109.38,0.00
randomArrays,1,137,1.46,0.00,0.00
randomArrays,1,101,0.80,0.00,0.00
randomArrays,1,633,46.78,31.25,0.00
randomArrays,1,44,0.16,0.00,0.00
randomArrays,1,738,54.38,46.88,0.00
randomArrays,1,763,71.02,62.50,0.00
randomArrays,1,319,10.55,0.00,0.00
randomArrays,1,682,54.19,62.50,0.00
randomArrays,1,820,85.82,93.75,0.00
randomArrays,1,896,117.03,109.38,0.00
randomArrays,1,712,53.01,62.50,0.00
randomArrays,1,554,64.96,46.88,0.00
randomArrays,1,940,93.35,93.75,0.00
randomArrays,1,787,81.18,78.12,0.00
randomArrays,1,255,7.41,0.00,0.00
randomArrays,1,135,1.70,0.00,0.00
randomArrays,1,546,34.17,31.25,0.00
randomArrays,1,643,51.75,62.50,0.00
randomArrays,1,197,4.61,0.00,0.00
randomArrays,1,643,51.75,46.88,0.00
randomArrays,1,858,85.35,78.12,0.00
randomArrays,1,134,2.08,0.00,0.00
randomArrays,1,133,1.65,0.00,0.00
randomArrays,1,317,12.24,15.62,0.00
randomArrays,1,312,11.00,0.00,0.00
randomArrays,1,160,2.80,0.00,0.00
randomArrays,1,838,84.28,93.75,0.00
randomArrays,1,316,9.79,15.62,0.00
randomArrays,1,111,1.19,0.00,0.00
randomArrays,1,530,31.87,31.25,0.00
randomArrays,1,827,82.93,93.75,0.00
randomArrays,1,994,113.65,125.00,0.00
randomArrays,1,348,10.66,15.62,0.00
randomArrays,1,652,49.58,46.88,0.00
randomArrays,1,339,14.76,15.62,0.00
randomArrays,1,908,89.92,93.75,0.00
randomArrays,1,655,44.63,46.88,0.00
randomArrays,1,899,84.74,78.12,0.00
randomArrays,1,377,12.37,0.00,0.00
randomArrays,1,793,78.31,78.12,0.00
randomArrays,1,12,0.04,0.00,0.00
randomArrays,1,236,5.54,15.62,0.00
randomArrays,1,851,173.78,109.38,0.00
randomArrays,1,462,18.56,15.62,0.00
randomArrays,1,49,0.28,0.00,0.00
randomArrays,1,649,48.36,46.88,0.00
randomArrays,1,299,8.80,15.62,0.00
randomArrays,1,796,77.97,78.12,0.00
randomArrays,1,227,4.84,0.00,0.00
randomArrays,1,929,99.55,109.38,0.00
randomArrays,1,166,3.07,15.62,0.00
randomArrays,1,277,6.30,0.00,0.00
randomArrays,1,179,2.54,0.00,0.00
randomArrays,1,809,82.47,78.12,0.00
randomArrays,1,232,7.44,0.00,0.00
randomArrays,1,247,8.57,15.62,0.00
randomArrays,1,99,0.78,0.00,0.00
randomArrays,1,649,47.14,46.88,0.00
randomArrays,1,15,0.03,0.00,0.00
randomArrays,1,646,53.03,62.50,0.00
randomArrays,1,463,24.95,15.62,0.00
randomArrays,1,587,41.63,31.25,0.00
randomArrays,1,898,100.52,93.75,0.00
randomArrays,1,643,54.50,62.50,0.00
randomArrays,1,840,93.29,93.75,0.00
randomArrays,1,708,58.46,62.50,0.00
randomArrays,1,214,4.22,0.00,0.00
randomArrays,1,565,37.36,46.88,0.00
randomArrays,1,157,2.69,15.62,0.00
randomArrays,1,265,7.01,0.00,0.00
randomArrays,1,171,3.22,0.00,0.00
randomArrays,1,136,1.47,0.00,0.00
randomArrays,1,290,6.98,15.62,0.00
randomArrays,1,96,0.88,0.00,0.00
randomArrays,1,11,0.02,0.00,0.00
randomArrays,1,311,9.47,0.00,0.00
randomArrays,1,566,42.14,31.25,0.00
randomArrays,1,328,13.04,15.62,0.00
randomArrays,1,358,12.97,15.62,0.00
randomArrays,1,674,61.06,46.88,0.00
randomArrays,1,490,21.39,31.25,0.00
randomArrays,1,36,0.21,0.00,0.00
randomArrays,1,408,24.08,31.25,0.00
randomArrays,1,49,0.29,0.00,0.00
randomArrays,1,581,32.21,31.25,0.00
randomArrays,1,879,98.43,93.75,0.00
randomArrays,1,61,0.51,0.00,0.00
randomArrays,1,656,41.83,46.88,0.00
randomArrays,1,411,21.55,15.62,0.00
randomArrays,1,361,25.74,15.62,0.00
randomArrays,1,994,108.02,109.38,0.00
randomArrays,1,416,15.69,15.62,0.00
randomArrays,1,966,99.49,93.75,0.00
randomArrays,1,92,0.72,0.00,0.00
randomArrays,1,429,19.60,15.62,0.00
randomArrays,1,658,48.93,46.88,0.00
randomArrays,1,877,93.69,93.75,36.00
randomArrays,1,780,79.76,78.12,0.00
randomArrays,1,669,57.97,62.50,0.00
randomArrays,1,394,14.73,0.00,0.00
randomArrays,1,892,100.76,93.75,0.00
randomArrays,1,180,3.19,15.62,0.00
randomArrays,1,829,76.09,62.50,0.00
randomArrays,1,255,5.46,15.62,0.00
randomArrays,1,374,15.22,15.62,0.00
randomArrays,1,37,0.12,0.00,0.00
randomArrays,1,919,97.79,109.38,0.00
randomArrays,1,850,79.10,78.12,0.00
randomArrays,1,930,107.79,109.38,0.00
randomArrays,1,419,22.17,31.25,0.00
randomArrays,1,720,61.68,62.50,0.00
randomArrays,1,378,14.83,15.62,0.00
randomArrays,1,815,85.97,78.12,0.00
randomArrays,1,566,37.62,31.25,0.00
randomArrays,1,623,44.11,46.88,0.00
randomArrays,1,597,52.70,46.88,0.00
randomArrays,1,148,2.09,0.00,0.00
randomArrays,1,580,39.42,31.25,0.00
randomArrays,1,244,6.75,15.62,0.00
randomArrays,1,703,56.19,62.50,0.00
randomArrays,1,743,76.59,78.12,0.00
randomArrays,1,923,98.15,93.75,0.00
randomArrays,1,284,9.21,15.62,0.00
randomArrays,1,35,0.16,0.00,0.00
randomArrays,1,941,93.34,93.75,0.00
randomArrays,1,39,0.14,0.00,0.00
randomArrays,1,276,7.31,15.62,0.00
randomArrays,1,494,26.84,31.25,0.00
randomArrays,1,547,38.69,31.25,0.00
randomArrays,1,837,86.76,93.75,0.00
randomArrays,1,183,4.66,0.00,0.00
randomArrays,1,360,12.73,15.62,0.00
randomArrays,1,627,64.92,62.50,0.00
randomArrays,1,833,71.80,62.50,0.00
randomArrays,1,491,22.58,15.62,0.00
randomArrays,1,623,39.56,46.88,0.00
randomArrays,1,850,91.88,93.75,0.00
randomArrays,1,35,0.13,0.00,0.00
randomArrays,1,584,39.51,31.25,0.00
randomArrays,1,34,0.13,0.00,0.00
randomArrays,1,335,12.11,15.62,0.00
randomArrays,1,145,2.97,0.00,0.00
randomArrays,1,61,0.36,0.00,0.00
randomArrays,1,88,0.96,0.00,0.00
randomArrays,1,442,20.57,15.62,0.00
randomArrays,1,729,58.56,62.50,0.00
randomArrays,1,312,11.18,15.62,0.00
randomArrays,1,620,43.93,46.88,0.00
randomArrays,1,77,0.57,0.00,0.00
randomArrays,1,784,78.39,78.12,0.00
randomArrays,1,720,63.45,78.12,0.00
randomArrays,1,796,77.78,78.12,0.00
randomArrays,1,81,1.14,0.00,0.00
randomArrays,1,900,119.60,125.00,0.00
randomArrays,1,570,38.44,31.25,0.00
randomArrays,1,749,68.00,78.12,0.00
randomArrays,1,723,60.81,62.50,0.00
randomArrays,1,54,0.30,0.00,0.00
randomArrays,1,261,8.01,15.62,0.00
randomArrays,1,831,81.55,78.12,0.00
randomArrays,1,133,1.72,0.00,0.00
randomArrays,1,165,2.96,0.00,0.00
randomArrays,1,441,21.41,15.62,0.00
randomArrays,1,782,74.84,78.12,0.00
randomArrays,1,384,18.60,31.25,0.00
randomArrays,1,283,9.35,15.62,0.00
randomArrays,1,71,0.58,0.00,0.00
randomArrays,1,374,12.06,0.00,0.00
randomArrays,1,204,3.43,0.00,0.00
randomArrays,1,437,23.03,15.62,0.00
randomArrays,1,662,57.23,46.88,0.00
randomArrays,1,821,79.16,78.12,0.00
randomArrays,1,198,3.07,0.00,0.00
randomArrays,1,776,72.53,78.12,0.00
randomArrays,1,124,1.82,0.00,0.00
randomArrays,1,202,4.62,0.00,0.00
randomArrays,1,806,74.02,78.12,0.00
randomArrays,1,448,21.05,15.62,0.00
randomArrays,1,383,16.56,15.62,0.00
randomArrays,1,992,117.29,125.00,0.00
randomArrays,1,714,99.08,62.50,0.00
randomArrays,1,528,26.03,31.25,0.00
randomArrays,1,137,1.42,0.00,0.00
randomArrays,1,122,2.26,0.00,0.00
randomArrays,1,883,81.86,78.12,0.00
randomArrays,1,614,50.93,46.88,0.00
randomArrays,1,841,78.96,78.12,0.00
randomArrays,1,471,25.09,31.25,0.00
randomArrays,1,871,81.91,93.75,0.00
randomArrays,1,938,100.06,93.75,0.00
randomArrays,1,238,6.15,15.62,0.00
randomArrays,1,772,81.82,78.12,0.00
randomArrays,1,334,13.11,15.62,0.00
randomArrays,1,274,7.56,0.00,0.00
randomArrays,1,385,16.55,15.62,0.00
randomArrays,1,455,23.35,15.62,0.00
randomArrays,1,202,4.83,15.62,0.00
randomArrays,1,349,14.31,15.62,0.00
randomArrays,1,170,4.04,0.00,0.00
randomArrays,1,365,15.37,15.62,0.00
randomArrays,1,921,90.96,93.75,0.00
randomArrays,1,368,12.07,15.62,0.00
randomArrays,1,851,76.38,78.12,0.00
randomArrays,1,736,67.81,78.12,0.00
randomArrays,1,64,0.50,0.00,0.00
randomArrays,1,371,15.51,15.62,0.00
randomArrays,1,962,116.51,109.38,0.00
randomArrays,1,758,78.23,78.12,0.00
randomArrays,1,565,35.95,31.25,0.00
randomArrays,1,246,5.87,15.62,0.00
randomArrays,1,390,15.58,15.62,0.00
randomArrays,1,833,85.51,78.12,0.00
randomArrays,1,359,13.46,0.00,0.00
randomArrays,1,647,54.30,62.50,0.00
randomArrays,1,830,81.80,78.12,0.00
randomArrays,1,790,76.05,78.12,0.00
randomArrays,1,789,71.82,78.12,0.00
randomArrays,1,33,0.09,0.00,0.00
randomArrays,1,324,10.46,15.62,0.00
randomArrays,1,460,27.62,31.25,0.00
randomArrays,1,660,60.23,46.88,0.00
randomArrays,1,553,43.16,31.25,0.00
randomArrays,1,181,3.91,0.00,0.00
randomArrays,1,106,7.11,0.00,0.00
randomArrays,1,198,4.56,15.62,0.00
randomArrays,1,795,62.21,62.50,0.00
randomArrays,1,149,2.74,15.62,0.00
randomArrays,1,42,0.14,0.00,0.00
randomArrays,1,538,42.46,46.88,0.00
randomArrays,1,405,22.55,31.25,0.00
randomArrays,1,741,75.48,78.12,0.00
randomArrays,1,88,0.72,0.00,0.00
randomArrays,1,896,94.13,93.75,0.00
randomArrays,1,574,47.16,46.88,0.00
randomArrays,1,34,0.22,0.00,0.00
randomArrays,1,83,0.95,0.00,0.00
randomArrays,1,311,13.25,15.62,0.00
randomArrays,1,168,3.63,0.00,0.00
randomArrays,1,720,63.48,62.50,0.00
randomArrays,1,499,29.36,31.25,0.00
randomArrays,1,280,6.31,15.62,0.00
randomArrays,1,960,98.77,93.75,0.00
randomArrays,1,351,9.85,15.62,0.00
randomArrays,1,840,86.75,93.75,0.00
randomArrays,1,826,84.78,78.12,0.00
randomArrays,1,780,93.60,78.12,0.00
randomArrays,1,592,43.75,46.88,0.00
randomArrays,1,601,39.74,46.88,0.00
randomArrays,1,924,104.94,93.75,0.00
randomArrays,1,630,49.21,46.88,0.00
randomArrays,1,738,49.04,46.88,0.00
randomArrays,1,43,0.22,0.00,0.00
randomArrays,1,546,27.78,15.62,0.00
randomArrays,1,118,1.11,0.00,0.00
randomArrays,1,812,64.92,62.50,0.00
randomArrays,1,636,46.43,46.88,0.00
randomArrays,1,253,7.98,0.00,0.00
randomArrays,1,443,21.24,31.25,0.00
randomArrays,1,292,10.02,0.00,0.00
randomArrays,1,723,61.75,62.50,0.00
randomArrays,1,398,24.80,31.25,0.00
randomArrays,1,368,16.07,15.62,0.00
randomArrays,1,534,32.84,31.25,0.00
randomArrays,1,899,94.94,93.75,0.00
randomArrays,1,137,2.27,0.00,0.00
randomArrays,1,187,3.33,0.00,0.00
randomArrays,1,164,2.93,0.00,0.00
randomArrays,1,735,64.92,62.50,0.00
randomArrays,1,524,67.52,46.88,0.00
randomArrays,1,512,34.58,31.25,0.00
randomArrays,1,15,0.03,0.00,0.00
randomArrays,1,737,51.28,62.50,0.00
randomArrays,1,616,44.69,31.25,0.00
randomArrays,1,349,10.26,15.62,0.00
randomArrays,1,645,51.40,46.88,0.00
randomArrays,1,502,32.91,31.25,0.00
randomArrays,1,932,114.50,125.00,0.00
randomArrays,1,778,72.26,78.12,0.00
randomArrays,1,126,3.27,0.00,0.00
randomArrays,1,836,70.82,62.50,0.00
randomArrays,1,911,102.81,109.38,0.00
randomArrays,1,265,7.89,15.62,0.00
randomArrays,1,694,44.84,46.88,0.00
randomArrays,1,188,2.78,0.00,0.00
randomArrays,1,282,7.69,15.62,0.00
randomArrays,1,347,12.66,15.62,0.00
randomArrays,1,768,61.55,62.50,0.00
randomArrays,1,778,75.84,78.12,0.00
randomArrays,1,549,34.24,31.25,0.00
randomArrays,1,12,0.04,0.00,0.00
randomArrays,1,336,11.81,15.62,0.00
randomArrays,1,949,105.90,109.38,0.00
randomArrays,1,179,4.00,0.00,0.00
randomArrays,1,634,43.65,46.88,0.00
randomArrays,1,38,0.12,0.00,0.00
randomArrays,1,123,1.29,0.00,0.00
randomArrays,1,282,6.72,15.62,0.00
randomArrays,1,452,20.05,15.62,0.00
randomArrays,1,217,4.85,15.62,0.00
randomArrays,1,629,47.52,46.88,0.00
randomArrays,1,275,8.09,15.62,0.00
randomArrays,1,66,0.43,0.00,0.00
randomArrays,1,308,10.46,15.62,0.00
randomArrays,1,809,80.18,78.12,0.00
randomArrays,1,634,48.69,46.88,0.00
randomArrays,1,478,27.17,31.25,0.00
randomArrays,1,336,13.18,0.00,0.00
randomArrays,1,672,59.31,46.88,0.00
randomArrays,1,583,35.05,31.25,0.00
randomArrays,1,413,21.37,15.62,0.00
randomArrays,1,683,55.38,46.88,0.00
randomArrays,1,463,23.68,15.62,0.00
randomArrays,1,267,7.97,15.62,0.00
randomArrays,1,73,0.83,15.62,0.00
randomArrays,1,641,48.95,46.88,0.00
randomArrays,1,827,82.20,62.50,0.00
randomArrays,1,864,85.30,78.12,0.00
randomArrays,1,672,59.11,46.88,0.00
randomArrays,1,948,104.25,109.38,0.00
randomArrays,1,523,30.82,31.25,0.00
randomArrays,1,113,1.26,0.00,0.00
randomArrays,1,855,71.46,62.50,0.00
randomArrays,1,764,57.19,46.88,0.00
randomArrays,1,559,38.74,46.88,0.00
randomArrays,1,256,6.30,0.00,0.00
randomArrays,1,861,100.44,93.75,0.00
randomArrays,1,215,3.66,0.00,0.00
randomArrays,1,610,38.18,31.25,0.00
randomArrays,1,133,2.49,0.00,0.00
randomArrays,1,721,50.12,46.88,0.00
randomArrays,1,826,84.39,78.12,0.00
randomArrays,1,732,54.54,46.88,0.00
randomArrays,1,218,3.73,0.00,0.00
randomArrays,1,897,92.93,93.75,0.00
randomArrays,1,95,1.04,0.00,0.00
randomArrays,1,596,49.13,46.88,0.00
randomArrays,1,333,10.05,15.62,0.00
randomArrays,1,139,2.65,0.00,0.00
randomArrays,1,90,0.96,0.00,0.00
randomArrays,1,724,55.41,46.88,0.00
randomArrays,1,24,0.06,0.00,0.00
randomArrays,1,182,4.03,0.00,0.00
randomArrays,1,440,21.71,31.25,0.00
randomArrays,1,521,30.62,31.25,0.00
randomArrays,1,653,68.94,78.12,0.00
randomArrays,1,422,16.36,15.62,0.00
randomArrays,1,919,104.57,109.38,0.00
randomArrays,1,399,19.54,15.62,0.00
randomArrays,1,148,2.25,0.00,0.00
randomArrays,1,651,57.44,46.88,0.00
randomArrays,1,953,107.82,109.38,0.00
randomArrays,1,205,4.35,0.00,0.00
randomArrays,1,713,61.45,62.50,0.00
randomArrays,1,335,11.38,15.62,0.00
randomArrays,1,800,71.66,78.12,0.00
randomArrays,1,263,7.41,15.62,0.00
randomArrays,1,305,9.42,15.62,0.00
randomArrays,1,772,74.88,78.12,0.00
randomArrays,1,760,71.91,78.12,0.00
randomArrays,1,985,106.14,109.38,0.00
randomArrays,1,468,26.18,31.25,0.00
randomArrays,1,542,29.22,31.25,0.00
randomArrays,1,137,2.35,0.00,0.00
randomArrays,1,877,94.44,109.38,0.00
randomArrays,1,407,26.99,15.62,0.00
randomArrays,1,13,0.03,0.00,0.00
randomArrays,1,857,83.37,93.75,0.00
randomArrays,1,961,113.87,125.00,0.00
randomArrays,1,963,111.02,109.38,0.00
randomArrays,1,792,84.09,78.12,0.00
randomArrays,1,190,5.94,0.00,0.00
randomArrays,1,859,78.71,78.12,0.00
randomArrays,1,989,135.43,125.00,0.00
randomArrays,1,816,75.19,78.12,0.00
randomArrays,1,950,109.18,109.38,0.00
randomArrays,1,241,6.33,0.00,0.00
randomArrays,1,957,109.71,109.38,0.00
randomArrays,1,155,2.21,15.62,0.00
randomArrays,1,625,47.31,46.88,0.00
randomArrays,1,573,39.88,31.25,0.00
randomArrays,1,278,8.03,15.62,0.00
randomArrays,1,67,0.55,0.00,0.00
randomArrays,1,785,84.13,78.12,0.00
randomArrays,1,576,32.63,31.25,0.00
randomArrays,1,949,98.09,93.75,0.00
randomArrays,1,274,8.10,15.62,0.00
randomArrays,1,827,67.79,62.50,0.00
randomArrays,1,246,6.76,15.62,0.00
randomArrays,1,497,28.84,31.25,0.00
randomArrays,1,98,1.12,0.00,0.00
randomArrays,1,87,0.91,0.00,0.00
randomArrays,1,362,13.31,15.62,0.00
randomArrays,1,748,71.76,62.50,0.00
randomArrays,1,553,41.10,46.88,0.00
randomArrays,1,931,134.64,109.38,0.00
randomArrays,1,24,0.09,0.00,0.00
randomArrays,1,836,77.88,78.12,0.00
randomArrays,1,524,29.28,31.25,0.00
randomArrays,1,286,8.34,0.00,0.00
randomArrays,1,379,15.10,15.62,0.00
randomArrays,1,654,54.23,46.88,0.00
randomArrays,1,795,70.16,62.50,0.00
randomArrays,1,335,11.12,15.62,0.00
randomArrays,1,218,5.25,15.62,0.00
randomArrays,1,390,15.40,15.62,0.00
randomArrays,1,80,0.95,0.00,0.00
randomArrays,1,602,45.88,46.88,0.00
randomArrays,1,687,79.61,62.50,0.00
randomArrays,1,573,35.84,31.25,0.00
randomArrays,1,857,83.17,93.75,0.00
randomArrays,1,484,20.42,31.25,0.00
randomArrays,1,633,42.05,46.88,0.00
randomArrays,1,393,17.05,15.62,0.00
randomArrays,1,953,136.17,109.38,0.00
randomArrays,1,718,59.88,31.25,0.00
randomArrays,1,330,9.34,0.00,0.00
randomArrays,1,273,8.63,0.00,0.00
randomArrays,1,323,13.30,15.62,0.00
randomArrays,1,971,105.07,109.38,0.00
randomArrays,1,156,1.90,0.00,0.00
randomArrays,1,971,92.60,93.75,0.00
randomArrays,1,202,3.16,0.00,0.00
randomArrays,1,201,6.07,0.00,0.00
randomArrays,1,230,5.39,0.00,0.00
randomArrays,1,953,95.72,93.75,0.00
randomArrays,1,399,16.89,15.62,0.00
randomArrays,1,354,13.96,0.00,0.00
randomArrays,1,334,9.19,15.62,0.00
randomArrays,1,538,35.14,46.88,0.00
randomArrays,1,238,6.67,0.00,0.00
randomArrays,1,415,18.07,15.62,0.00
randomArrays,1,498,28.36,31.25,0.00
randomArrays,1,193,3.98,15.62,0.00
randomArrays,1,125,2.70,0.00,0.00
randomArrays,1,100,0.99,0.00,0.00
randomArrays,1,742,76.72,78.12,0.00
randomArrays,1,588,43.89,31.25,0.00
randomArrays,1,355,14.63,15.62,0.00
randomArrays,1,923,87.46,93.75,0.00
randomArrays,1,167,2.59,0.00,0.00
randomArrays,1,518,26.91,31.25,0.00
randomArrays,1,649,64.82,62.50,0.00
randomArrays,1,280,8.40,15.62,0.00
randomArrays,1,842,94.61,93.75,0.00
randomArrays,1,586,39.90,31.25,0.00
randomArrays,1,519,31.13,31.25,0.00
randomArrays,1,112,1.42,0.00,0.00
randomArrays,1,320,10.17,15.62,0.00
randomArrays,1,955,102.79,93.75,0.00
randomArrays,1,61,0.44,0.00,0.00
randomArrays,1,709,59.84,62.50,0.00
randomArrays,1,671,58.84,62.50,0.00
randomArrays,1,437,43.73,46.88,0.00
randomArrays,1,917,93.15,93.75,0.00
randomArrays,1,499,27.33,15.62,0.00
randomArrays,1,503,30.44,31.25,0.00
randomArrays,1,676,54.89,62.50,0.00
randomArrays,1,594,50.58,46.88,0.00
randomArrays,1,48,0.24,0.00,0.00
randomArrays,1,590,40.22,31.25,0.00
randomArrays,1,861,87.60,93.75,0.00
randomArrays,1,363,19.94,31.25,0.00
randomArrays,1,969,112.82,109.38,0.00
randomArrays,1,912,90.91,78.12,0.00
randomArrays,1,779,83.45,93.75,0.00
randomArrays,1,301,11.74,15.62,0.00
randomArrays,1,545,28.53,31.25,0.00
randomArrays,1,24,0.06,0.00,0.00
randomArrays,1,953,106.62,93.75,0.00
randomArrays,1,440,24.00,31.25,0.00
randomArrays,1,997,117.64,125.00,0.00
randomArrays,1,661,50.48,46.88,0.00
randomArrays,1,583,41.25,46.88,0.00
randomArrays,1,478,25.79,31.25,0.00
randomArrays,1,220,4.82,0.00,0.00
randomArrays,1,458,25.47,15.62,0.00
randomArrays,1,783,72.46,62.50,0.00
randomArrays,1,554,34.76,31.25,0.00
randomArrays,1,167,2.67,0.00,0.00
randomArrays,1,338,11.66,0.00,0.00
randomArrays,1,321,10.22,0.00,0.00
randomArrays,1,993,112.38,109.38,0.00
randomArrays,1,414,16.54,15.62,0.00
randomArrays,1,630,46.10,46.88,0.00
randomArrays,1,572,34.86,31.25,0.00
randomArrays,1,119,1.21,0.00,0.00
randomArrays,1,852,89.98,93.75,0.00
randomArrays,1,392,13.61,15.62,0.00
randomArrays,1,744,54.95,62.50,0.00
randomArrays,1,767,63.73,62.50,0.00
randomArrays,1,419,17.80,15.62,0.00
randomArrays,1,186,3.84,15.62,0.00
randomArrays,1,498,23.50,15.62,0.00
randomArrays,1,369,13.51,15.62,0.00
randomArrays,1,545,29.05,31.25,0.00
randomArrays,1,585,37.34,31.25,0.00
randomArrays,1,232,5.00,15.62,0.00
randomArrays,1,683,47.83,46.88,0.00
randomArrays,1,373,12.59,15.62,0.00
randomArrays,1,67,0.73,0.00,0.00
randomArrays,1,47,0.19,0.00,0.00
randomArrays,1,353,11.97,0.00,0.00
randomArrays,1,165,2.64,0.00,0.00
randomArrays,1,822,65.50,62.50,0.00
randomArrays,1,207,3.54,0.00,0.00
randomArrays,1,365,10.69,0.00,0.00
randomArrays,1,33,0.09,0.00,0.00
randomArrays,1,324,11.33,15.62,0.00
randomArrays,1,533,33.97,31.25,0.00
randomArrays,1,467,23.85,15.62,0.00
randomArrays,1,653,56.02,46.88,0.00
randomArrays,1,262,6.81,15.62,0.00
randomArrays,1,26,0.09,0.00,0.00
randomArrays,1,705,70.09,78.12,0.00
randomArrays,1,945,101.61,93.75,0.00
randomArrays,1,145,1.84,0.00,0.00
randomArrays,1,987,110.53,93.75,0.00
randomArrays,1,40,0.14,0.00,0.00
randomArrays,1,418,20.06,31.25,0.00
randomArrays,1,20,0.04,0.00,0.00
randomArrays,1,618,50.75,46.88,0.00
randomArrays,1,463,23.29,31.25,0.00
randomArrays,1,310,8.09,0.00,0.00
randomArrays,1,753,57.53,46.88,0.00
randomArrays,1,203,3.25,15.62,0.00
randomArrays,1,756,75.32,78.12,0.00
randomArrays,1,998,103.47,109.38,0.00
randomArrays,1,631,40.54,46.88,0.00
randomArrays,1,788,80.19,78.12,0.00
randomArrays,1,364,12.71,15.62,0.00
randomArrays,1,435,21.06,15.62,0.00
randomArrays,1,379,15.92,15.62,0.00
randomArrays,1,208,4.19,0.00,0.00
randomArrays,1,503,27.52,31.25,0.00
randomArrays,1,97,1.04,0.00,0.00
randomArrays,1,266,6.02,15.62,0.00
randomArrays,1,828,109.24,109.38,0.00
randomArrays,1,319,9.39,15.62,0.00
randomArrays,1,898,91.75,93.75,0.00
randomArrays,1,380,13.78,15.62,0.00
randomArrays,1,450,19.16,15.62,0.00
randomArrays,1,142,1.71,0.00,0.00
randomArrays,1,434,17.26,15.62,0.00
randomArrays,1,96,0.89,0.00,0.00
randomArrays,1,641,47.10,46.88,0.00
randomArrays,1,538,37.60,46.88,0.00
randomArrays,1,502,27.74,15.62,0.00
randomArrays,1,599,44.03,46.88,0.00
randomArrays,1,299,9.37,15.62,0.00
randomArrays,1,620,48.51,62.50,0.00
randomArrays,1,606,38.69,31.25,0.00
randomArrays,1,282,6.58,0.00,0.00
randomArrays,1,205,5.45,0.00,0.00
randomArrays,1,504,27.93,31.25,0.00
randomArrays,1,315,8.78,0.00,0.00
randomArrays,1,739,60.58,62.50,0.00
randomArrays,1,226,4.71,0.00,0.00
randomArrays,1,239,6.29,15.62,0.00
randomArrays,1,656,53.61,46.88,0.00
randomArrays,1,467,24.74,31.25,0.00
randomArrays,1,855,95.58,93.75,0.00
randomArrays,1,12,0.04,0.00,0.00
randomArrays,1,751,69.81,78.12,0.00
randomArrays,1,426,20.39,15.62,0.00
randomArrays,1,735,69.56,62.50,0.00
randomArrays,1,321,12.19,0.00,0.00
randomArrays,1,522,33.91,31.25,0.00
randomArrays,1,888,93.01,78.12,0.00
randomArrays,1,118,1.42,0.00,0.00
randomArrays,1,813,71.45,78.12,0.00
randomArrays,1,547,38.07,31.25,0.00
randomArrays,1,860,94.95,93.75,0.00
randomArrays,1,189,2.86,0.00,0.00
randomArrays,1,668,44.83,46.88,0.00
randomArrays,1,583,31.55,31.25,0.00
randomArrays,1,489,30.15,31.25,0.00
randomArrays,1,414,20.62,15.62,0.00
randomArrays,1,905,99.34,93.75,0.00
randomArrays,1,742,63.05,62.50,0.00
randomArrays,1,358,16.08,15.62,0.00
randomArrays,1,741,68.92,62.50,0.00
randomArrays,1,470,24.20,31.25,0.00
randomArrays,1,111,1.37,0.00,0.00
randomArrays,1,546,32.30,31.25,0.00
randomArrays,1,591,41.23,46.88,0.00
randomArrays,1,884,84.99,93.75,0.00
randomArrays,1,684,63.15,62.50,0.00
randomArrays,1,975,103.57,109.38,0.00
randomArrays,1,739,72.45,78.12,0.00
randomArrays,1,725,52.50,46.88,0.00
randomArrays,1,893,101.12,109.38,0.00
randomArrays,1,16,0.08,0.00,0.00
randomArrays,1,467,23.10,15.62,0.00
randomArrays,1,307,11.80,15.62,0.00
randomArrays,1,235,5.04,15.62,0.00
randomArrays,1,377,12.37,15.62,0.00
randomArrays,1,448,19.83,0.00,0.00
randomArrays,1,999,124.03,125.00,0.00
randomArrays,1,98,0.93,0.00,0.00
randomArrays,1,456,23.49,31.25,0.00
randomArrays,1,118,2.44,15.62,0.00
randomArrays,1,406,19.01,0.00,0.00
randomArrays,1,33,0.10,0.00,0.00
randomArrays,1,517,31.37,31.25,0.00
randomArrays,1,248,6.06,0.00,0.00
randomArrays,1,61,0.39,0.00,0.00
randomArrays,1,547,33.57,31.25,0.00
randomArrays,1,602,42.27,46.88,0.00
randomArrays,1,579,40.26,46.88,0.00
randomArrays,1,972,116.37,125.00,0.00
randomArrays,1,653,55.40,62.50,0.00
randomArrays,1,866,83.36,78.12,0.00
randomArrays,1,417,19.91,15.62,0.00
randomArrays,1,386,13.04,15.62,0.00
randomArrays,1,349,12.45,15.62,0.00
randomArrays,1,598,43.31,46.88,0.00
randomArrays,1,856,90.30,93.75,0.00
randomArrays,1,152,2.74,0.00,0.00
randomArrays,1,436,17.53,15.62,0.00
randomArrays,1,356,10.57,15.62,0.00
randomArrays,1,598,46.41,46.88,0.00
randomArrays,1,578,38.48,31.25,0.00
randomArrays,1,786,86.89,93.75,0.00
randomArrays,1,124,1.89,0.00,0.00
randomArrays,1,439,20.20,15.62,0.00
randomArrays,1,492,26.62,31.25,0.00
randomArrays,1,207,4.19,0.00,0.00
randomArrays,1,100,0.96,0.00,0.00
randomArrays,1,591,38.07,31.25,0.00
randomArrays,1,397,17.44,15.62,0.00
randomArrays,1,295,8.46,0.00,0.00
randomArrays,1,733,62.65,62.50,0.00
randomArrays,1,231,5.55,0.00,0.00
randomArrays,1,565,36.52,46.88,0.00
randomArrays,1,910,95.05,93.75,0.00
randomArrays,1,74,0.56,0.00,0.00
randomArrays,1,647,43.98,31.25,0.00
randomArrays,1,456,19.06,31.25,0.00
randomArrays,1,954,103.63,109.38,0.00
randomArrays,1,495,27.47,31.25,0.00
randomArrays,1,487,23.36,15.62,0.00
randomArrays,1,559,36.22,46.88,0.00
randomArrays,1,512,25.88,31.25,0.00
randomArrays,1,247,4.82,0.00,0.00
randomArrays,1,219,3.78,0.00,0.00
randomArrays,1,839,84.45,93.75,0.00
randomArrays,1,887,96.46,93.75,0.00
randomArrays,1,942,150.19,109.38,0.00
randomArrays,1,920,81.95,78.12,0.00
randomArrays,1,868,93.28,93.75,0.00
randomArrays,1,25,0.07,0.00,0.00
randomArrays,1,174,3.79,0.00,0.00
randomArrays,1,818,95.54,78.12,0.00
randomArrays,1,660,54.25,62.50,0.00
randomArrays,1,592,40.53,46.88,0.00
randomArrays,1,942,119.43,125.00,0.00
randomArrays,1,962,94.80,93.75,0.00
randomArrays,1,254,7.28,15.62,0.00
randomArrays,1,527,27.26,31.25,0.00
randomArrays,1,786,75.35,62.50,0.00
randomArrays,1,179,3.83,15.62,0.00
randomArrays,1,678,65.69,62.50,0.00
randomArrays,1,950,99.66,109.38,0.00
randomArrays,1,538,33.08,31.25,0.00
randomArrays,1,185,3.49,0.00,0.00
randomArrays,1,689,58.36,62.50,0.00
randomArrays,1,161,2.87,0.00,0.00
randomArrays,1,509,29.54,31.25,0.00
randomArrays,1,376,12.34,0.00,0.00
randomArrays,1,766,76.44,78.12,0.00
randomArrays,1,706,56.64,46.88,0.00
randomArrays,1,644,55.02,62.50,0.00
randomArrays,1,758,69.15,62.50,0.00
randomArrays,1,747,68.83,78.12,0.00
randomArrays,1,349,11.58,15.62,0.00
randomArrays,1,574,41.37,46.88,0.00
randomArrays,1,888,83.36,78.12,0.00
randomArrays,1,235,4.24,0.00,0.00
randomArrays,1,653,51.36,46.88,0.00
randomArrays,1,630,43.38,46.88,0.00
randomArrays,1,76,0.95,0.00,0.00
randomArrays,1,436,22.69,15.62,0.00
randomArrays,1,771,62.07,62.50,0.00
randomArrays,1,217,5.20,15.62,0.00
randomArrays,1,419,17.91,15.62,0.00
randomArrays,1,860,91.09,78.12,0.00
randomArrays,1,288,8.54,0.00,0.00
randomArrays,1,280,7.58,15.62,0.00
randomArrays,1,242,6.45,0.00,0.00
randomArrays,1,602,38.68,31.25,0.00
randomArrays,1,44,0.16,0.00,0.00
randomArrays,1,547,32.97,31.25,0.00
randomArrays,1,860,79.17,78.12,0.00
randomArrays,1,737,56.89,46.88,0.00
randomArrays,1,738,69.48,78.12,0.00
randomArrays,1,725,64.07,62.50,0.00
randomArrays,1,684,56.27,62.50,0.00
randomArrays,1,233,4.38,0.00,0.00
randomArrays,1,342,14.55,0.00,0.00
randomArrays,1,855,89.79,93.75,0.00
randomArrays,1,861,96.91,93.75,0.00
randomArrays,1,566,42.03,46.88,0.00
randomArrays,1,406,17.00,15.62,0.00
randomArrays,1,192,4.42,0.00,0.00
randomArrays,1,850,81.04,78.12,0.00
randomArrays,1,609,50.17,46.88,0.00
randomArrays,1,18,0.04,0.00,0.00
randomArrays,1,482,33.54,31.25,0.00
randomArrays,1,264,8.81,15.62,0.00
randomArrays,1,319,10.34,15.62,0.00
randomArrays,1,252,7.75,0.00,0.00
randomArrays,1,342,16.90,15.62,0.00
randomArrays,1,252,5.11,0.00,0.00
randomArrays,1,205,3.43,0.00,0.00
randomArrays,1,942,96.39,93.75,0.00
randomArrays,1,744,73.75,78.12,0.00
randomArrays,1,537,30.66,31.25,0.00
randomArrays,1,501,31.20,31.25,0.00
randomArrays,1,853,90.20,93.75,0.00
randomArrays,1,341,14.15,0.00,0.00
randomArrays,1,800,77.02,78.12,0.00
randomArrays,1,857,87.81,78.12,0.00
randomArrays,1,427,19.83,31.25,0.00
randomArrays,1,647,51.22,62.50,0.00
randomArrays,1,76,0.59,0.00,0.00
randomArrays,1,677,51.69,46.88,0.00
randomArrays,1,579,41.81,31.25,0.00
randomArrays,1,731,71.03,78.12,0.00
randomArrays,1,704,55.74,46.88,0.00
randomArrays,1,266,7.45,15.62,0.00
randomArrays,1,961,99.72,109.38,0.00
randomArrays,1,263,6.02,0.00,0.00
randomArrays,1,434,17.88,15.62,0.00
randomArrays,1,484,32.86,31.25,0.00
randomArrays,1,163,2.67,0.00,0.00
randomArrays,1,984,101.07,93.75,0.00
randomArrays,1,211,5.61,15.62,0.00
randomArrays,1,185,4.23,15.62,0.00
randomArrays,1,467,25.77,15.62,0.00
randomArrays,1,214,5.00,15.62,0.00
randomArrays,1,35,0.15,0.00,0.00
randomArrays,1,141,2.77,0.00,0.00
randomArrays,1,559,37.78,46.88,0.00
randomArrays,1,706,61.25,62.50,0.00
randomArrays,1,68,0.80,0.00,0.00
randomArrays,1,12,0.03,0.00,0.00
randomArrays,1,405,17.71,15.62,0.00
randomArrays,1,288,22.30,31.25,0.00
randomArrays,1,955,93.84,93.75,0.00
randomArrays,1,50,0.21,0.00,0.00
randomArrays,1,752,70.68,46.88,0.00
randomArrays,1,695,60.08,62.50,0.00
randomArrays,1,186,3.35,0.00,0.00
randomArrays,1,737,61.66,46.88,0.00
randomArrays,1,948,87.17,78.12,0.00
randomArrays,1,151,3.35,0.00,0.00
randomArrays,1,46,0.25,0.00,0.00
randomArrays,1,968,134.32,140.62,0.00
randomArrays,1,333,9.17,15.62,0.00
randomArrays,1,189,2.83,0.00,0.00
randomArrays,1,190,3.94,0.00,0.00
randomArrays,1,589,30.15,31.25,0.00
randomArrays,1,230,4.11,0.00,0.00
randomArrays,1,535,40.71,31.25,0.00
randomArrays,1,189,3.84,15.62,0.00
randomArrays,1,948,90.19,93.75,0.00
randomArrays,1,834,76.79,62.50,0.00
randomArrays,1,273,6.74,15.62,0.00
randomArrays,1,773,148.20,62.50,0.00
randomArrays,1,342,11.29,15.62,0.00
randomArrays,1,995,108.82,109.38,0.00
randomArrays,1,221,5.90,15.62,0.00
randomArrays,1,519,35.04,31.25,0.00
randomArrays,1,479,23.65,31.25,0.00
randomArrays,1,155,2.02,0.00,0.00
randomArrays,1,756,69.57,62.50,0.00
randomArrays,1,658,50.30,62.50,0.00
randomArrays,1,213,5.01,0.00,0.00
randomArrays,1,467,24.51,31.25,0.00
randomArrays,1,191,3.54,0.00,0.00
randomArrays,1,744,81.23,62.50,0.00
randomArrays,1,122,2.94,0.00,0.00
randomArrays,1,178,3.51,0.00,0.00
randomArrays,1,760,68.49,78.12,0.00
randomArrays,1,524,31.80,31.25,0.00
randomArrays,1,264,6.87,0.00,0.00
randomArrays,1,733,74.93,78.12,0.00
randomArrays,1,759,73.03,78.12,0.00
randomArrays,1,177,4.09,0.00,0.00
randomArrays,1,53,0.30,0.00,0.00
randomArrays,1,429,21.75,15.62,0.00
randomArrays,1,508,30.33,31.25,0.00
randomArrays,1,919,109.59,109.38,0.00
randomArrays,1,412,17.57,15.62,0.00
randomArrays,1,503,28.99,15.62,0.00
randomArrays,1,115,1.86,0.00,0.00
randomArrays,1,851,95.28,93.75,0.00
randomArrays,1,848,89.45,93.75,0.00
randomArrays,1,652,50.59,46.88,0.00
randomArrays,1,693,61.53,62.50,0.00
randomArrays,1,662,56.76,46.88,0.00
randomArrays,1,815,83.14,78.12,0.00
randomArrays,1,679,44.35,46.88,0.00
randomArrays,1,141,2.63,0.00,0.00
randomArrays,1,458,20.50,15.62,0.00
randomArrays,1,378,12.84,0.00,0.00
randomArrays,1,662,47.85,46.88,0.00
randomArrays,1,809,68.40,62.50,0.00
randomArrays,1,960,112.65,109.38,0.00
randomArrays,1,454,29.40,31.25,0.00
randomArrays,1,513,24.62,15.62,0.00
randomArrays,1,965,99.72,93.75,0.00
randomArrays,1,855,102.72,109.38,0.00
randomArrays,1,257,8.07,15.62,0.00
randomArrays,1,932,156.82,125.00,0.00
randomArrays,1,112,1.47,0.00,0.00
randomArrays,1,264,6.67,0.00,0.00
randomArrays,1,404,16.85,15.62,0.00
randomArrays,1,830,86.21,93.75,0.00
randomArrays,1,115,1.45,0.00,0.00
randomArrays,1,906,91.72,93.75,0.00
randomArrays,2,469,24.35,31.25,0.00
randomArrays,2,783,76.29,78.12,0.00
randomArrays,2,464,24.91,15.62,0.00
randomArrays,2,267,6.90,15.62,0.00
randomArrays,2,828,101.83,93.75,0.00
randomArrays,2,607,44.18,46.88,0.00
randomArrays,2,319,11.36,15.62,0.00
randomArrays,2,431,20.65,31.25,0.00
randomArrays,2,941,113.66,109.38,0.00
randomArrays,2,937,100.36,93.75,0.00
randomArrays,2,619,45.90,46.88,0.00
randomArrays,2,370,15.10,15.62,0.00
randomArrays,2,478,31.18,15.62,0.00
randomArrays,2,107,1.66,0.00,0.00
randomArrays,2,910,88.75,78.12,0.00
randomArrays,2,381,16.12,15.62,0.00
randomArrays,2,699,66.43,62.50,0.00
randomArrays,2,452,20.51,31.25,0.00
randomArrays,2,882,84.65,93.75,0.00
randomArrays,2,697,58.17,62.50,0.00
randomArrays,2,39,0.19,0.00,0.00
randomArrays,2,382,16.99,15.62,0.00
randomArrays,2,980,111.10,109.38,0.00
randomArrays,2,202,3.58,0.00,0.00
randomArrays,2,674,51.39,46.88,0.00
randomArrays,2,184,3.29,0.00,0.00
randomArrays,2,853,92.84,93.75,0.00
randomArrays,2,101,0.96,0.00,0.00
randomArrays,2,329,16.03,15.62,0.00
randomArrays,2,837,89.50,93.75,0.00
randomArrays,2,952,97.56,93.75,0.00
randomArrays,2,676,59.24,62.50,0.00
randomArrays,2,248,6.64,15.62,0.00
randomArrays,2,845,113.37,93.75,0.00
randomArrays,2,707,47.52,46.88,0.00
randomArrays,2,458,23.31,15.62,0.00
randomArrays,2,219,4.68,0.00,0.00
randomArrays,2,268,6.54,15.62,0.00
randomArrays,2,201,4.51,0.00,0.00
randomArrays,2,520,35.86,31.25,0.00
randomArrays,2,832,72.43,78.12,0.00
randomArrays,2,800,88.23,78.12,0.00
randomArrays,2,753,63.16,62.50,0.00
randomArrays,2,286,10.56,15.62,0.00
randomArrays,2,841,75.20,62.50,0.00
randomArrays,2,240,4.89,15.62,0.00
randomArrays,2,370,14.32,15.62,0.00
randomArrays,2,287,9.21,15.62,0.00
randomArrays,2,89,0.83,0.00,0.00
randomArrays,2,881,76.98,62.50,0.00
randomArrays,2,187,3.66,15.62,0.00
randomArrays,2,373,21.04,31.25,0.00
randomArrays,2,194,3.82,15.62,0.00
randomArrays,2,382,15.08,15.62,0.00
randomArrays,2,826,93.75,93.75,0.00
randomArrays,2,781,68.73,62.50,0.00
randomArrays,2,814,71.62,62.50,0.00
randomArrays,2,525,36.06,31.25,0.00
randomArrays,2,136,2.14,0.00,0.00
randomArrays,2,454,23.46,31.25,0.00
randomArrays,2,563,37.77,31.25,0.00
randomArrays,2,226,6.26,15.62,0.00
randomArrays,2,345,13.92,15.62,0.00
randomArrays,2,514,30.18,31.25,0.00
randomArrays,2,871,105.42,109.38,0.00
randomArrays,2,939,94.92,93.75,0.00
randomArrays,2,397,17.84,15.62,0.00
randomArrays,2,429,18.19,15.62,0.00
randomArrays,2,421,23.13,31.25,0.00
randomArrays,2,747,70.46,62.50,0.00
randomArrays,2,19,0.04,0.00,0.00
randomArrays,2,74,0.67,0.00,0.00
randomArrays,2,259,7.27,0.00,0.00
randomArrays,2,846,73.78,78.12,0.00
randomArrays,2,789,65.39,62.50,0.00
randomArrays,2,671,46.92,46.88,0.00
randomArrays,2,368,12.62,15.62,0.00
randomArrays,2,448,21.43,15.62,0.00
randomArrays,2,237,6.95,15.62,0.00
randomArrays,2,627,46.68,46.88,0.00
randomArrays,2,584,39.62,31.25,0.00
randomArrays,2,328,29.09,15.62,0.00
randomArrays,2,606,33.70,31.25,0.00
randomArrays,2,563,33.37,46.88,0.00
randomArrays,2,774,74.92,78.12,0.00
randomArrays,2,206,3.87,0.00,0.00
randomArrays,2,907,99.77,93.75,0.00
randomArrays,2,37,0.14,0.00,0.00
randomArrays,2,878,84.35,78.12,0.00
randomArrays,2,284,9.31,0.00,0.00
randomArrays,2,853,94.36,93.75,0.00
randomArrays,2,247,7.64,0.00,0.00
randomArrays,2,241,4.76,0.00,0.00
randomArrays,2,348,14.22,15.62,0.00
randomArrays,2,814,78.59,78.12,0.00
randomArrays,2,245,8.78,0.00,0.00
randomArrays,2,335,12.37,15.62,0.00
randomArrays,2,497,30.73,31.25,0.00
randomArrays,2,280,6.14,0.00,0.00
randomArrays,2,664,55.59,62.50,0.00
randomArrays,2,523,38.10,46.88,0.00
randomArrays,2,841,87.10,93.75,0.00
randomArrays,2,290,9.15,15.62,0.00
randomArrays,2,158,2.57,0.00,0.00
randomArrays,2,783,67.11,62.50,0.00
randomArrays,2,638,47.10,46.88,0.00
randomArrays,2,314,10.80,0.00,0.00
randomArrays,2,484,29.20,31.25,0.00
randomArrays,2,972,97.89,93.75,0.00
randomArrays,2,652,60.33,62.50,0.00
randomArrays,2,543,33.77,31.25,0.00
randomArrays,2,487,30.12,31.25,0.00
randomArrays,2,686,54.61,62.50,0.00
randomArrays,2,183,3.08,15.62,0.00
randomArrays,2,572,36.76,46.88,0.00
randomArrays,2,747,68.84,62.50,0.00
randomArrays,2,780,84.75,93.75,0.00
randomArrays,2,828,76.50,78.12,0.00
randomArrays,2,591,44.00,31.25,0.00
randomArrays,2,415,15.23,15.62,0.00
randomArrays,2,648,54.10,46.88,0.00
randomArrays,2,204,3.70,0.00,0.00
randomArrays,2,510,29.12,15.62,0.00
randomArrays,2,422,16.09,15.62,0.00
randomArrays,2,541,35.68,46.88,0.00
randomArrays,2,875,88.13,93.75,0.00
randomArrays,2,742,70.45,62.50,0.00
randomArrays,2,384,18.28,15.62,0.00
randomArrays,2,266,7.01,15.62,0.00
randomArrays,2,137,1.81,0.00,0.00
randomArrays,2,970,121.25,125.00,0.00
randomArrays,2,685,58.97,62.50,0.00
randomArrays,2,665,56.01,62.50,0.00
randomArrays,2,319,10.43,15.62,0.00
randomArrays,2,808,73.56,78.12,0.00
randomArrays,2,143,2.16,0.00,0.00
randomArrays,2,147,2.09,0.00,0.00
randomArrays,2,929,108.15,109.38,0.00
randomArrays,2,906,95.66,93.75,0.00
randomArrays,2,425,19.65,15.62,0.00
randomArrays,2,736,61.68,62.50,0.00
randomArrays,2,65,0.41,0.00,0.00
randomArrays,2,305,10.20,15.62,0.00
randomArrays,2,194,4.14,15.62,0.00
randomArrays,2,545,33.61,31.25,0.00
randomArrays,2,49,0.24,0.00,0.00
randomArrays,2,731,72.93,78.12,0.00
randomArrays,2,712,60.80,62.50,0.00
randomArrays,2,732,58.10,46.88,0.00
randomArrays,2,57,0.29,0.00,0.00
randomArrays,2,983,103.87,93.75,0.00
randomArrays,2,345,12.29,15.62,0.00
randomArrays,2,152,2.28,0.00,0.00
randomArrays,2,963,98.77,93.75,0.00
randomArrays,2,544,28.01,31.25,0.00
randomArrays,2,870,100.42,93.75,0.00
randomArrays,2,557,37.77,31.25,0.00
randomArrays,2,168,3.30,0.00,0.00
randomArrays,2,373,14.86,15.62,0.00
randomArrays,2,416,14.54,15.62,0.00
randomArrays,2,942,108.75,109.38,0.00
randomArrays,2,966,111.71,109.38,0.00
randomArrays,2,363,13.51,15.62,0.00
randomArrays,2,955,101.57,93.75,0.00
randomArrays,2,626,46.84,46.88,0.00
randomArrays,2,948,98.71,93.75,0.00
randomArrays,2,193,2.87,0.00,0.00
randomArrays,2,361,13.96,15.62,0.00
randomArrays,2,195,4.03,0.00,0.00
randomArrays,2,905,100.75,109.38,0.00
randomArrays,2,105,1.34,0.00,0.00
randomArrays,2,750,68.48,78.12,0.00
randomArrays,2,565,36.65,31.25,0.00
randomArrays,2,538,35.12,31.25,0.00
randomArrays,2,488,31.78,31.25,0.00
randomArrays,2,30,0.14,0.00,0.00
randomArrays,2,554,37.45,31.25,0.00
randomArrays,2,407,19.76,15.62,0.00
randomArrays,2,958,105.87,109.38,0.00
randomArrays,2,137,1.42,0.00,0.00
randomArrays,2,101,0.84,0.00,0.00
randomArrays,2,633,39.47,46.88,0.00
randomArrays,2,44,0.23,0.00,0.00
randomArrays,2,738,79.07,78.12,0.00
randomArrays,2,763,75.29,62.50,0.00
randomArrays,2,319,8.58,0.00,0.00
randomArrays,2,682,55.80,62.50,0.00
randomArrays,2,820,78.25,46.88,0.00
randomArrays,2,896,99.93,109.38,0.00
randomArrays,2,712,59.51,62.50,0.00
randomArrays,2,554,36.55,31.25,0.00
randomArrays,2,940,112.95,109.38,0.00
randomArrays,2,787,78.78,78.12,0.00
randomArrays,2,255,7.09,15.62,0.00
randomArrays,2,135,2.41,0.00,0.00
randomArrays,2,546,38.22,46.88,0.00
randomArrays,2,643,56.97,46.88,0.00
randomArrays,2,197,5.19,0.00,0.00
randomArrays,2,643,55.87,62.50,0.00
randomArrays,2,858,96.63,93.75,0.00
randomArrays,2,134,1.40,0.00,0.00
randomArrays,2,133,1.35,0.00,0.00
randomArrays,2,317,8.07,0.00,0.00
randomArrays,2,312,7.56,0.00,0.00
randomArrays,2,160,2.70,15.62,0.00
randomArrays,2,838,85.82,78.12,0.00
randomArrays,2,316,10.93,0.00,0.00
randomArrays,2,111,1.08,0.00,0.00
randomArrays,2,530,25.55,31.25,0.00
randomArrays,2,827,83.31,78.12,0.00
randomArrays,2,994,121.08,109.38,0.00
randomArrays,2,348,13.30,15.62,0.00
randomArrays,2,652,52.44,46.88,0.00
randomArrays,2,339,12.65,0.00,0.00
randomArrays,2,908,106.48,109.38,0.00
randomArrays,2,655,50.46,62.50,0.00
randomArrays,2,899,98.08,109.38,0.00
randomArrays,2,377,16.35,15.62,0.00
randomArrays,2,793,74.24,78.12,0.00
randomArrays,2,12,0.04,0.00,0.00
randomArrays,2,236,5.67,0.00,0.00
randomArrays,2,851,77.26,78.12,0.00
randomArrays,2,462,26.56,31.25,0.00
randomArrays,2,49,0.28,0.00,0.00
randomArrays,2,649,44.81,46.88,0.00
randomArrays,2,299,10.70,15.62,0.00
randomArrays,2,796,78.16,78.12,0.00
randomArrays,2,227,5.12,15.62,0.00
randomArrays,2,929,96.89,93.75,0.00
randomArrays,2,166,2.99,0.00,0.00
randomArrays,2,277,6.33,15.62,0.00
randomArrays,2,179,2.67,15.62,0.00
randomArrays,2,809,92.16,78.12,0.00
randomArrays,2,232,7.14,0.00,0.00
randomArrays,2,247,6.94,15.62,0.00
randomArrays,2,99,0.96,0.00,0.00
randomArrays,2,649,58.09,46.88,0.00
randomArrays,2,15,0.03,0.00,0.00
randomArrays,2,646,48.74,46.88,0.00
randomArrays,2,463,24.23,15.62,0.00
randomArrays,2,587,41.53,31.25,0.00
randomArrays,2,898,130.66,93.75,0.00
randomArrays,2,643,54.85,62.50,0.00
randomArrays,2,840,94.77,93.75,0.00
randomArrays,2,708,59.05,62.50,0.00
randomArrays,2,214,8.04,0.00,0.00
randomArrays,2,565,30.93,31.25,0.00
randomArrays,2,157,2.64,15.62,0.00
randomArrays,2,265,7.47,0.00,0.00
randomArrays,2,171,3.29,0.00,0.00
randomArrays,2,136,1.64,0.00,0.00
randomArrays,2,290,8.20,15.62,0.00
randomArrays,2,96,1.33,0.00,0.00
randomArrays,2,11,0.03,0.00,0.00
randomArrays,2,311,9.36,0.00,0.00
randomArrays,2,566,38.00,46.88,0.00
randomArrays,2,328,12.99,15.62,0.00
randomArrays,2,358,17.23,31.25,0.00
randomArrays,2,674,48.99,46.88,0.00
randomArrays,2,490,27.93,31.25,0.00
randomArrays,2,36,0.14,0.00,0.00
randomArrays,2,408,17.50,15.62,0.00
randomArrays,2,49,0.24,0.00,0.00
randomArrays,2,581,40.98,46.88,0.00
randomArrays,2,879,91.40,93.75,0.00
randomArrays,2,61,0.36,0.00,0.00
randomArrays,2,656,53.00,46.88,0.00
randomArrays,2,411,18.18,15.62,0.00
randomArrays,2,361,14.65,15.62,0.00
randomArrays,2,994,107.54,109.38,0.00
randomArrays,2,416,19.72,15.62,0.00
randomArrays,2,966,111.27,109.38,0.00
randomArrays,2,92,1.13,0.00,0.00
randomArrays,2,429,20.67,31.25,0.00
randomArrays,2,658,49.11,62.50,0.00
randomArrays,2,877,81.94,78.12,0.00
randomArrays,2,780,68.50,78.12,0.00
randomArrays,2,669,52.99,46.88,0.00
randomArrays,2,394,17.50,15.62,0.00
randomArrays,2,892,98.31,93.75,0.00
randomArrays,2,180,3.03,0.00,0.00
randomArrays,2,829,80.53,78.12,0.00
randomArrays,2,255,7.30,15.62,0.00
randomArrays,2,374,14.34,15.62,0.00
randomArrays,2,37,0.23,0.00,0.00
randomArrays,2,919,96.10,93.75,0.00
randomArrays,2,850,88.28,78.12,0.00
randomArrays,2,930,100.34,93.75,0.00
randomArrays,2,419,16.68,15.62,0.00
randomArrays,2,720,61.46,62.50,0.00
randomArrays,2,378,14.09,15.62,0.00
randomArrays,2,815,73.72,78.12,0.00
randomArrays,2,566,40.59,46.88,0.00
randomArrays,2,623,48.13,46.88,0.00
randomArrays,2,597,43.58,31.25,0.00
randomArrays,2,148,1.77,0.00,0.00
randomArrays,2,580,40.65,31.25,0.00
randomArrays,2,244,6.64,0.00,0.00
randomArrays,2,703,66.05,62.50,0.00
randomArrays,2,743,82.14,78.12,0.00
randomArrays,2,923,107.64,109.38,0.00
randomArrays,2,284,8.68,15.62,0.00
randomArrays,2,35,0.20,0.00,0.00
randomArrays,2,941,98.41,109.38,0.00
randomArrays,2,39,0.16,0.00,0.00
randomArrays,2,276,8.88,0.00,0.00
randomArrays,2,494,26.76,31.25,0.00
randomArrays,2,547,34.97,31.25,0.00
randomArrays,2,837,85.55,93.75,0.00
randomArrays,2,183,3.99,0.00,0.00
randomArrays,2,360,14.44,15.62,0.00
randomArrays,2,627,59.43,46.88,0.00
randomArrays,2,833,81.17,78.12,0.00
randomArrays,2,491,25.90,31.25,0.00
randomArrays,2,623,44.37,46.88,0.00
randomArrays,2,850,67.90,62.50,0.00
randomArrays,2,35,0.10,0.00,0.00
randomArrays,2,584,34.44,46.88,0.00
randomArrays,2,34,0.11,0.00,0.00
randomArrays,2,335,11.23,0.00,0.00
randomArrays,2,145,1.76,0.00,0.00
randomArrays,2,61,0.41,0.00,0.00
randomArrays,2,88,0.89,0.00,0.00
randomArrays,2,442,29.60,31.25,0.00
randomArrays,2,729,54.43,62.50,0.00
randomArrays,2,312,8.16,0.00,0.00
randomArrays,2,620,41.35,46.88,0.00
randomArrays,2,77,0.48,0.00,0.00
randomArrays,2,784,71.61,78.12,0.00
randomArrays,2,720,63.32,62.50,0.00
randomArrays,2,796,74.99,62.50,0.00
randomArrays,2,81,0.65,0.00,0.00
randomArrays,2,900,104.60,109.38,0.00
randomArrays,2,570,29.71,31.25,0.00
randomArrays,2,749,67.65,62.50,0.00
randomArrays,2,723,59.41,62.50,0.00
randomArrays,2,54,0.29,0.00,0.00
randomArrays,2,261,8.17,0.00,0.00
randomArrays,2,831,77.64,78.12,0.00
randomArrays,2,133,2.18,0.00,0.00
randomArrays,2,165,3.31,0.00,0.00
randomArrays,2,441,21.67,31.25,0.00
randomArrays,2,782,87.33,93.75,0.00
randomArrays,2,384,14.87,15.62,0.00
randomArrays,2,283,8.00,0.00,0.00
randomArrays,2,71,0.53,0.00,0.00
randomArrays,2,374,14.11,15.62,0.00
randomArrays,2,204,5.59,0.00,0.00
randomArrays,2,437,17.30,15.62,0.00
randomArrays,2,662,40.10,46.88,0.00
randomArrays,2,821,82.79,78.12,0.00
randomArrays,2,198,5.41,0.00,0.00
randomArrays,2,776,69.77,62.50,0.00
randomArrays,2,124,1.26,0.00,0.00
randomArrays,2,202,3.63,0.00,0.00
randomArrays,2,806,67.10,78.12,0.00
randomArrays,2,448,21.49,15.62,0.00
randomArrays,2,383,14.80,0.00,0.00
randomArrays,2,992,107.06,93.75,0.00
randomArrays,2,714,59.38,62.50,0.00
randomArrays,2,528,30.33,31.25,0.00
randomArrays,2,137,2.06,0.00,0.00
randomArrays,2,122,1.41,0.00,0.00
randomArrays,2,883,95.31,93.75,0.00
randomArrays,2,614,47.50,46.88,0.00
randomArrays,2,841,136.45,109.38,0.00
randomArrays,2,471,21.75,15.62,0.00
randomArrays,2,871,74.55,78.12,0.00
randomArrays,2,938,104.51,109.38,0.00
randomArrays,2,238,6.29,0.00,0.00
randomArrays,2,772,82.31,78.12,0.00
randomArrays,2,334,10.81,15.62,0.00
randomArrays,2,274,6.58,15.62,0.00
randomArrays,2,385,14.46,15.62,0.00
randomArrays,2,455,22.07,15.62,0.00
randomArrays,2,202,3.19,0.00,0.00
randomArrays,2,349,14.81,15.62,0.00
randomArrays,2,170,3.06,15.62,0.00
randomArrays,2,365,14.64,15.62,0.00
randomArrays,2,921,116.26,109.38,0.00
randomArrays,2,368,22.12,31.25,0.00
randomArrays,2,851,97.19,93.75,0.00
randomArrays,2,736,60.92,62.50,0.00
randomArrays,2,64,0.47,0.00,0.00
randomArrays,2,371,14.86,15.62,0.00
randomArrays,2,962,114.68,109.38,0.00
randomArrays,2,758,57.56,62.50,0.00
randomArrays,2,565,30.22,31.25,0.00
randomArrays,2,246,6.84,0.00,0.00
randomArrays,2,390,16.69,15.62,0.00
randomArrays,2,833,84.43,78.12,0.00
randomArrays,2,359,14.25,15.62,0.00
randomArrays,2,647,44.78,46.88,0.00
randomArrays,2,830,66.27,78.12,0.00
randomArrays,2,790,86.82,62.50,0.00
randomArrays,2,789,64.03,62.50,0.00
randomArrays,2,33,0.14,0.00,0.00
randomArrays,2,324,12.87,15.62,0.00
randomArrays,2,460,18.46,15.62,0.00
randomArrays,2,660,39.55,46.88,0.00
randomArrays,2,553,29.24,31.25,0.00
randomArrays,2,181,3.70,0.00,0.00
randomArrays,2,106,0.97,0.00,0.00
randomArrays,2,198,3.80,0.00,0.00
randomArrays,2,795,75.09,78.12,0.00
randomArrays,2,149,2.07,0.00,0.00
randomArrays,2,42,0.16,0.00,0.00
randomArrays,2,538,33.04,31.25,0.00
randomArrays,2,405,17.79,15.62,0.00
randomArrays,2,741,67.22,78.12,0.00
randomArrays,2,88,1.19,0.00,0.00
randomArrays,2,896,93.22,93.75,0.00
randomArrays,2,574,38.42,31.25,0.00
randomArrays,2,34,0.19,0.00,0.00
randomArrays,2,83,0.87,0.00,0.00
randomArrays,2,311,9.91,15.62,0.00
randomArrays,2,168,2.70,0.00,0.00
randomArrays,2,720,72.63,78.12,0.00
randomArrays,2,499,26.50,31.25,0.00
randomArrays,2,280,10.30,0.00,0.00
randomArrays,2,960,95.59,93.75,0.00
randomArrays,2,351,13.28,0.00,0.00
randomArrays,2,840,79.64,78.12,0.00
randomArrays,2,826,81.26,78.12,0.00
randomArrays,2,780,72.73,78.12,0.00
randomArrays,2,592,44.31,46.88,0.00
randomArrays,2,601,42.75,46.88,0.00
randomArrays,2,924,103.10,109.38,0.00
randomArrays,2,630,44.96,46.88,0.00
randomArrays,2,738,53.71,62.50,0.00
randomArrays,2,43,0.21,0.00,0.00
randomArrays,2,546,29.08,31.25,0.00
randomArrays,2,118,1.68,0.00,0.00
randomArrays,2,812,78.57,78.12,0.00
randomArrays,2,636,48.71,46.88,0.00
randomArrays,2,253,6.82,0.00,0.00
randomArrays,2,443,22.17,15.62,0.00
randomArrays,2,292,9.02,15.62,0.00
randomArrays,2,723,73.60,62.50,0.00
randomArrays,2,398,15.22,15.62,0.00
randomArrays,2,368,17.01,15.62,0.00
randomArrays,2,534,36.30,31.25,0.00
randomArrays,2,899,83.37,78.12,0.00
randomArrays,2,137,2.02,0.00,0.00
randomArrays,2,187,3.40,0.00,0.00
randomArrays,2,164,3.06,0.00,0.00
randomArrays,2,735,56.94,62.50,0.00
randomArrays,2,524,30.83,31.25,0.00
randomArrays,2,512,32.09,31.25,0.00
randomArrays,2,15,0.04,0.00,0.00
randomArrays,2,737,64.01,62.50,0.00
randomArrays,2,616,44.98,46.88,0.00
randomArrays,2,349,12.48,15.62,0.00
randomArrays,2,645,62.77,62.50,0.00
randomArrays,2,502,22.55,31.25,0.00
randomArrays,2,932,97.09,93.75,0.00
randomArrays,2,778,86.52,78.12,0.00
randomArrays,2,126,2.11,0.00,0.00
randomArrays,2,836,78.99,62.50,0.00
randomArrays,2,911,90.07,78.12,0.00
randomArrays,2,265,7.17,15.62,0.00
randomArrays,2,694,110.27,62.50,0.00
randomArrays,2,188,2.74,0.00,0.00
randomArrays,2,282,7.95,15.62,0.00
randomArrays,2,347,13.58,0.00,0.00
randomArrays,2,768,67.06,62.50,0.00
randomArrays,2,778,67.90,62.50,0.00
randomArrays,2,549,32.37,46.88,0.00
randomArrays,2,12,0.03,0.00,0.00
randomArrays,2,336,9.88,15.62,0.00
randomArrays,2,949,110.26,109.38,0.00
randomArrays,2,179,3.50,0.00,0.00
randomArrays,2,634,59.09,62.50,0.00
randomArrays,2,38,0.26,0.00,0.00
randomArrays,2,123,1.74,0.00,0.00
randomArrays,2,282,8.64,0.00,0.00
randomArrays,2,452,21.08,31.25,0.00
randomArrays,2,217,4.91,15.62,0.00
randomArrays,2,629,46.36,31.25,0.00
randomArrays,2,275,8.70,0.00,0.00
randomArrays,2,66,0.41,0.00,0.00
randomArrays,2,308,10.48,15.62,0.00
randomArrays,2,809,78.35,78.12,0.00
randomArrays,2,634,46.89,46.88,0.00
randomArrays,2,478,26.05,31.25,0.00
randomArrays,2,336,12.57,15.62,0.00
randomArrays,2,672,49.77,46.88,0.00
randomArrays,2,583,46.39,31.25,0.00
randomArrays,2,413,14.90,15.62,0.00
randomArrays,2,683,58.69,46.88,0.00
randomArrays,2,463,24.23,31.25,0.00
randomArrays,2,267,7.67,0.00,0.00
randomArrays,2,73,0.80,0.00,0.00
randomArrays,2,641,51.79,46.88,0.00
randomArrays,2,827,78.56,78.12,0.00
randomArrays,2,864,97.09,93.75,0.00
randomArrays,2,672,59.28,62.50,0.00
randomArrays,2,948,101.68,109.38,0.00
randomArrays,2,523,25.96,31.25,0.00
randomArrays,2,113,1.20,0.00,0.00
randomArrays,2,855,89.86,93.75,0.00
randomArrays,2,764,67.91,62.50,0.00
randomArrays,2,559,38.12,46.88,0.00
randomArrays,2,256,6.75,0.00,0.00
randomArrays,2,861,95.82,93.75,0.00
randomArrays,2,215,4.39,0.00,0.00
randomArrays,2,610,34.36,31.25,0.00
randomArrays,2,133,2.19,0.00,0.00
randomArrays,2,721,85.20,78.12,0.00
randomArrays,2,826,77.09,78.12,0.00
randomArrays,2,732,63.54,62.50,0.00
randomArrays,2,218,4.49,15.62,0.00
randomArrays,2,897,100.06,109.38,0.00
randomArrays,2,95,1.16,0.00,0.00
randomArrays,2,596,39.12,46.88,0.00
randomArrays,2,333,14.64,0.00,0.00
randomArrays,2,139,1.64,0.00,0.00
randomArrays,2,90,0.67,0.00,0.00
randomArrays,2,724,51.21,46.88,0.00
randomArrays,2,24,0.07,0.00,0.00
randomArrays,2,182,3.91,0.00,0.00
randomArrays,2,440,23.99,15.62,0.00
randomArrays,2,521,31.13,31.25,0.00
randomArrays,2,653,55.57,62.50,0.00
randomArrays,2,422,20.25,31.25,0.00
randomArrays,2,919,110.59,109.38,0.00
randomArrays,2,399,19.66,31.25,0.00
randomArrays,2,148,3.00,0.00,0.00
randomArrays,2,651,64.58,62.50,0.00
randomArrays,2,953,114.93,109.38,0.00
randomArrays,2,205,5.16,15.62,0.00
randomArrays,2,713,59.88,46.88,0.00
randomArrays,2,335,10.80,15.62,0.00
randomArrays,2,800,76.25,78.12,0.00
randomArrays,2,263,6.59,0.00,0.00
randomArrays,2,305,12.53,0.00,0.00
randomArrays,2,772,70.52,78.12,0.00
randomArrays,2,760,81.73,78.12,0.00
randomArrays,2,985,126.51,125.00,0.00
randomArrays,2,468,25.39,31.25,0.00
randomArrays,2,542,39.73,46.88,0.00
randomArrays,2,137,2.04,0.00,0.00
randomArrays,2,877,90.12,93.75,0.00
randomArrays,2,407,15.26,15.62,0.00
randomArrays,2,13,0.03,0.00,0.00
randomArrays,2,857,69.09,78.12,0.00
randomArrays,2,961,107.22,109.38,0.00
randomArrays,2,963,97.95,109.38,0.00
randomArrays,2,792,68.28,62.50,0.00
randomArrays,2,190,3.41,0.00,0.00
randomArrays,2,859,83.83,78.12,0.00
randomArrays,2,989,118.83,125.00,0.00
randomArrays,2,816,74.54,78.12,0.00
randomArrays,2,950,142.29,109.38,0.00
randomArrays,2,241,6.29,0.00,0.00
randomArrays,2,957,92.02,93.75,0.00
randomArrays,2,155,3.06,0.00,0.00
randomArrays,2,625,43.69,46.88,0.00
randomArrays,2,573,76.18,15.62,0.00
randomArrays,2,278,6.29,15.62,0.00
randomArrays,2,67,0.56,0.00,0.00
randomArrays,2,785,63.36,62.50,0.00
randomArrays,2,576,42.36,15.62,0.00
randomArrays,2,949,89.19,93.75,0.00
randomArrays,2,274,8.35,15.62,0.00
randomArrays,2,827,87.39,78.12,0.00
randomArrays,2,246,7.93,0.00,0.00
randomArrays,2,497,26.13,31.25,0.00
randomArrays,2,98,0.87,0.00,0.00
randomArrays,2,87,0.97,0.00,0.00
randomArrays,2,362,14.98,15.62,0.00
randomArrays,2,748,84.17,93.75,0.00
randomArrays,2,553,36.97,31.25,0.00
randomArrays,2,931,112.14,109.38,0.00
randomArrays,2,24,0.10,0.00,0.00
randomArrays,2,836,80.95,78.12,0.00
randomArrays,2,524,32.26,31.25,0.00
randomArrays,2,286,10.86,15.62,0.00
randomArrays,2,379,14.89,15.62,0.00
randomArrays,2,654,49.98,46.88,0.00
randomArrays,2,795,76.13,78.12,0.00
randomArrays,2,335,13.40,15.62,0.00
randomArrays,2,218,5.92,0.00,0.00
randomArrays,2,390,13.54,15.62,0.00
randomArrays,2,80,0.52,0.00,0.00
randomArrays,2,602,46.84,46.88,0.00
randomArrays,2,687,57.19,62.50,0.00
randomArrays,2,573,38.70,31.25,0.00
randomArrays,2,857,104.36,109.38,0.00
randomArrays,2,484,23.70,31.25,0.00
randomArrays,2,633,40.40,46.88,0.00
randomArrays,2,393,14.09,15.62,0.00
randomArrays,2,953,120.41,125.00,0.00
randomArrays,2,718,63.02,62.50,0.00
randomArrays,2,330,9.45,15.62,0.00
randomArrays,2,273,8.61,0.00,0.00
randomArrays,2,323,9.02,0.00,0.00
randomArrays,2,971,119.56,125.00,0.00
randomArrays,2,156,2.65,0.00,0.00
randomArrays,2,971,122.34,125.00,0.00
randomArrays,2,202,3.88,0.00,0.00
randomArrays,2,201,3.13,0.00,0.00
randomArrays,2,230,5.34,0.00,0.00
randomArrays,2,953,108.04,109.38,0.00
randomArrays,2,399,22.20,31.25,0.00
randomArrays,2,354,20.08,15.62,0.00
randomArrays,2,334,9.07,15.62,0.00
randomArrays,2,538,25.51,31.25,0.00
randomArrays,2,238,5.70,0.00,0.00
randomArrays,2,415,16.29,15.62,0.00
randomArrays,2,498,28.32,31.25,0.00
randomArrays,2,193,4.63,0.00,0.00
randomArrays,2,125,2.09,0.00,0.00
randomArrays,2,100,0.96,0.00,0.00
randomArrays,2,742,74.78,78.12,0.00
randomArrays,2,588,49.40,46.88,0.00
randomArrays,2,355,14.17,15.62,0.00
randomArrays,2,923,106.89,109.38,0.00
randomArrays,2,167,3.04,0.00,0.00
randomArrays,2,518,30.38,31.25,0.00
randomArrays,2,649,49.28,46.88,0.00
randomArrays,2,280,8.63,0.00,0.00
randomArrays,2,842,85.49,78.12,0.00
randomArrays,2,586,48.99,62.50,0.00
randomArrays,2,519,36.23,31.25,0.00
randomArrays,2,112,1.31,0.00,0.00
randomArrays,2,320,13.73,15.62,0.00
randomArrays,2,955,111.22,125.00,0.00
randomArrays,2,61,0.43,0.00,0.00
randomArrays,2,709,70.23,46.88,0.00
randomArrays,2,671,58.03,62.50,0.00
randomArrays,2,437,21.23,15.62,0.00
randomArrays,2,917,86.13,93.75,0.00
randomArrays,2,499,27.44,31.25,0.00
randomArrays,2,503,30.85,31.25,0.00
randomArrays,2,676,55.06,31.25,0.00
randomArrays,2,594,33.94,31.25,0.00
randomArrays,2,48,0.29,0.00,0.00
randomArrays,2,590,32.46,31.25,0.00
randomArrays,2,861,90.12,93.75,0.00
randomArrays,2,363,13.40,0.00,0.00
randomArrays,2,969,111.71,109.38,0.00
randomArrays,2,912,87.99,93.75,0.00
randomArrays,2,779,65.17,62.50,0.00
randomArrays,2,301,7.83,0.00,0.00
randomArrays,2,545,32.48,31.25,0.00
randomArrays,2,24,0.06,0.00,0.00
randomArrays,2,953,109.30,109.38,0.00
randomArrays,2,440,19.68,15.62,0.00
randomArrays,2,997,132.52,125.00,0.00
randomArrays,2,661,82.62,62.50,0.00
randomArrays,2,583,34.60,31.25,0.00
randomArrays,2,478,20.06,15.62,0.00
randomArrays,2,220,4.12,0.00,0.00
randomArrays,2,458,17.82,15.62,0.00
randomArrays,2,783,82.56,93.75,0.00
randomArrays,2,554,34.79,31.25,0.00
randomArrays,2,167,2.68,0.00,0.00
randomArrays,2,338,11.72,15.62,0.00
randomArrays,2,321,10.36,0.00,0.00
randomArrays,2,993,128.54,109.38,0.00
randomArrays,2,414,21.94,15.62,0.00
randomArrays,2,630,52.15,46.88,0.00
randomArrays,2,572,31.03,15.62,0.00
randomArrays,2,119,1.72,0.00,0.00
randomArrays,2,852,77.11,78.12,0.00
randomArrays,2,392,13.39,15.62,0.00
randomArrays,2,744,66.93,62.50,0.00
randomArrays,2,767,57.89,62.50,0.00
randomArrays,2,419,19.12,15.62,0.00
randomArrays,2,186,4.54,0.00,0.00
randomArrays,2,498,30.63,31.25,0.00
randomArrays,2,369,16.02,15.62,0.00
randomArrays,2,545,33.67,31.25,0.00
randomArrays,2,585,33.22,46.88,0.00
randomArrays,2,232,6.21,0.00,0.00
randomArrays,2,683,55.11,62.50,0.00
randomArrays,2,373,15.09,15.62,0.00
randomArrays,2,67,0.43,0.00,0.00
randomArrays,2,47,0.26,0.00,0.00
randomArrays,2,353,13.32,0.00,0.00
randomArrays,2,165,2.72,0.00,0.00
randomArrays,2,822,84.65,78.12,0.00
randomArrays,2,207,5.64,0.00,0.00
randomArrays,2,365,14.18,15.62,0.00
randomArrays,2,33,0.17,0.00,0.00
randomArrays,2,324,10.68,15.62,0.00
randomArrays,2,533,36.65,31.25,0.00
randomArrays,2,467,29.04,31.25,0.00
randomArrays,2,653,43.54,46.88,0.00
randomArrays,2,262,6.17,0.00,0.00
randomArrays,2,26,0.06,0.00,0.00
randomArrays,2,705,60.51,62.50,0.00
randomArrays,2,945,112.34,109.38,0.00
randomArrays,2,145,2.33,0.00,0.00
randomArrays,2,987,121.21,125.00,0.00
randomArrays,2,40,0.19,0.00,0.00
randomArrays,2,418,18.40,31.25,0.00
randomArrays,2,20,0.07,0.00,0.00
randomArrays,2,618,56.38,62.50,0.00
randomArrays,2,463,43.56,31.25,0.00
randomArrays,2,310,10.46,15.62,0.00
randomArrays,2,753,66.40,62.50,0.00
randomArrays,2,203,4.51,15.62,0.00
randomArrays,2,756,68.42,78.12,0.00
randomArrays,2,998,131.29,140.62,0.00
randomArrays,2,631,40.83,46.88,0.00
randomArrays,2,788,70.05,62.50,0.00
randomArrays,2,364,15.93,15.62,0.00
randomArrays,2,435,22.34,31.25,0.00
randomArrays,2,379,13.80,0.00,0.00
randomArrays,2,208,3.52,15.62,0.00
randomArrays,2,503,25.37,31.25,0.00
randomArrays,2,97,1.09,15.62,0.00
randomArrays,2,266,7.34,0.00,0.00
randomArrays,2,828,129.44,93.75,0.00
randomArrays,2,319,10.45,0.00,0.00
randomArrays,2,898,87.63,78.12,0.00
randomArrays,2,380,16.08,0.00,0.00
randomArrays,2,450,21.60,15.62,0.00
randomArrays,2,142,1.59,0.00,0.00
randomArrays,2,434,24.45,15.62,0.00
randomArrays,2,96,1.08,0.00,0.00
randomArrays,2,641,47.54,46.88,0.00
randomArrays,2,538,30.42,15.62,0.00
randomArrays,2,502,27.99,31.25,0.00
randomArrays,2,599,49.96,62.50,0.00
randomArrays,2,299,13.36,15.62,0.00
randomArrays,2,620,51.44,46.88,0.00
randomArrays,2,606,37.57,46.88,0.00
randomArrays,2,282,8.05,0.00,0.00
randomArrays,2,205,3.35,0.00,0.00
randomArrays,2,504,24.44,15.62,0.00
randomArrays,2,315,9.10,0.00,0.00
randomArrays,2,739,67.26,78.12,0.00
randomArrays,2,226,8.50,0.00,0.00
randomArrays,2,239,6.78,0.00,0.00
randomArrays,2,656,41.74,46.88,0.00
randomArrays,2,467,25.12,31.25,0.00
randomArrays,2,855,75.03,62.50,0.00
randomArrays,2,12,0.02,0.00,0.00
randomArrays,2,751,78.46,78.12,0.00
randomArrays,2,426,18.46,15.62,0.00
randomArrays,2,735,66.80,62.50,0.00
randomArrays,2,321,11.64,15.62,0.00
randomArrays,2,522,37.54,31.25,0.00
randomArrays,2,888,96.17,78.12,0.00
randomArrays,2,118,1.47,0.00,0.00
randomArrays,2,813,69.47,62.50,0.00
randomArrays,2,547,36.50,31.25,0.00
randomArrays,2,860,152.27,93.75,0.00
randomArrays,2,189,3.19,0.00,0.00
randomArrays,2,668,60.33,62.50,0.00
randomArrays,2,583,32.19,31.25,0.00
randomArrays,2,489,33.47,31.25,0.00
randomArrays,2,414,22.50,15.62,0.00
randomArrays,2,905,100.29,109.38,0.00
randomArrays,2,742,70.08,78.12,0.00
randomArrays,2,358,15.37,15.62,0.00
randomArrays,2,741,63.45,78.12,0.00
randomArrays,2,470,20.82,15.62,0.00
randomArrays,2,111,0.98,0.00,0.00
randomArrays,2,546,32.44,31.25,0.00
randomArrays,2,591,34.73,46.88,0.00
randomArrays,2,884,87.71,78.12,0.00
randomArrays,2,684,53.16,46.88,0.00
randomArrays,2,975,114.08,109.38,0.00
randomArrays,2,739,66.13,62.50,0.00
randomArrays,2,725,70.58,62.50,0.00
randomArrays,2,893,88.63,93.75,0.00
randomArrays,2,16,0.03,0.00,0.00
randomArrays,2,467,28.57,31.25,0.00
randomArrays,2,307,7.57,15.62,0.00
randomArrays,2,235,4.93,0.00,0.00
randomArrays,2,377,15.09,15.62,0.00
randomArrays,2,448,24.43,31.25,0.00
randomArrays,2,999,103.61,109.38,0.00
randomArrays,2,98,1.06,0.00,0.00
randomArrays,2,456,23.81,31.25,0.00
randomArrays,2,118,1.11,0.00,0.00
randomArrays,2,406,15.53,15.62,0.00
randomArrays,2,33,0.10,0.00,0.00
randomArrays,2,517,35.05,31.25,0.00
randomArrays,2,248,6.04,15.62,0.00
randomArrays,2,61,0.67,0.00,0.00
randomArrays,2,547,35.35,46.88,0.00
randomArrays,2,602,44.83,46.88,0.00
randomArrays,2,579,33.34,31.25,0.00
randomArrays,2,972,101.14,93.75,0.00
randomArrays,2,653,45.85,46.88,0.00
randomArrays,2,866,91.24,93.75,0.00
randomArrays,2,417,18.19,15.62,0.00
randomArrays,2,386,16.84,15.62,0.00
randomArrays,2,349,12.45,15.62,0.00
randomArrays,2,598,43.42,31.25,0.00
randomArrays,2,856,137.58,125.00,0.00
randomArrays,2,152,1.87,0.00,0.00
randomArrays,2,436,16.95,15.62,0.00
randomArrays,2,356,12.94,15.62,0.00
randomArrays,2,598,44.27,46.88,0.00
randomArrays,2,578,38.68,31.25,0.00
randomArrays,2,786,74.19,78.12,0.00
randomArrays,2,124,1.49,0.00,0.00
randomArrays,2,439,22.41,15.62,0.00
randomArrays,2,492,33.24,31.25,0.00
randomArrays,2,207,5.65,0.00,0.00
randomArrays,2,100,1.03,0.00,0.00
randomArrays,2,591,40.53,46.88,0.00
randomArrays,2,397,17.63,15.62,0.00
randomArrays,2,295,8.67,15.62,0.00
randomArrays,2,733,58.06,46.88,0.00
randomArrays,2,231,5.22,0.00,0.00
randomArrays,2,565,33.44,46.88,0.00
randomArrays,2,910,98.15,93.75,0.00
randomArrays,2,74,0.81,0.00,0.00
randomArrays,2,647,50.16,62.50,0.00
randomArrays,2,456,24.29,15.62,0.00
randomArrays,2,954,104.79,109.38,0.00
randomArrays,2,495,32.91,15.62,0.00
randomArrays,2,487,27.30,31.25,0.00
randomArrays,2,559,33.26,31.25,0.00
randomArrays,2,512,38.98,46.88,0.00
randomArrays,2,247,6.05,0.00,0.00
randomArrays,2,219,4.34,15.62,0.00
randomArrays,2,839,85.20,78.12,0.00
randomArrays,2,887,90.35,78.12,0.00
randomArrays,2,942,98.97,93.75,0.00
randomArrays,2,920,101.77,109.38,0.00
randomArrays,2,868,87.15,62.50,0.00
randomArrays,2,25,0.09,0.00,0.00
randomArrays,2,174,3.12,0.00,0.00
randomArrays,2,818,80.79,78.12,0.00
randomArrays,2,660,53.72,46.88,0.00
randomArrays,2,592,40.59,31.25,0.00
randomArrays,2,942,115.84,109.38,0.00
randomArrays,2,962,111.57,125.00,0.00
randomArrays,2,254,7.60,0.00,0.00
randomArrays,2,527,35.77,31.25,0.00
randomArrays,2,786,70.69,62.50,0.00
randomArrays,2,179,3.24,0.00,0.00
randomArrays,2,678,54.32,46.88,0.00
randomArrays,2,950,147.05,125.00,0.00
randomArrays,2,538,28.61,31.25,0.00
randomArrays,2,185,3.18,0.00,0.00
randomArrays,2,689,60.63,62.50,0.00
randomArrays,2,161,2.14,0.00,0.00
randomArrays,2,509,33.12,46.88,0.00
randomArrays,2,376,12.08,0.00,0.00
randomArrays,2,766,69.26,62.50,0.00
randomArrays,2,706,62.83,62.50,0.00
randomArrays,2,644,48.71,46.88,0.00
randomArrays,2,758,71.03,78.12,0.00
randomArrays,2,747,70.39,78.12,0.00
randomArrays,2,349,12.42,15.62,0.00
randomArrays,2,574,35.08,31.25,0.00
randomArrays,2,888,94.14,93.75,0.00
randomArrays,2,235,5.62,15.62,0.00
randomArrays,2,653,59.85,62.50,0.00
randomArrays,2,630,53.85,62.50,0.00
randomArrays,2,76,0.86,15.62,0.00
randomArrays,2,436,18.48,15.62,0.00
randomArrays,2,771,61.10,46.88,0.00
randomArrays,2,217,5.33,15.62,0.00
randomArrays,2,419,19.78,15.62,0.00
randomArrays,2,860,76.17,62.50,0.00
randomArrays,2,288,9.87,0.00,0.00
randomArrays,2,280,12.54,15.62,0.00
randomArrays,2,242,6.54,15.62,0.00
randomArrays,2,602,37.27,31.25,0.00
randomArrays,2,44,0.20,0.00,0.00
randomArrays,2,547,27.06,31.25,0.00
randomArrays,2,860,87.63,78.12,0.00
randomArrays,2,737,62.68,62.50,0.00
randomArrays,2,738,64.82,62.50,0.00
randomArrays,2,725,62.69,62.50,0.00
randomArrays,2,684,57.71,62.50,0.00
randomArrays,2,233,6.59,15.62,0.00
randomArrays,2,342,15.79,15.62,0.00
randomArrays,2,855,82.19,93.75,0.00
randomArrays,2,861,90.26,93.75,0.00
randomArrays,2,566,35.86,31.25,0.00
randomArrays,2,406,16.67,15.62,0.00
randomArrays,2,192,3.01,0.00,0.00
randomArrays,2,850,76.67,62.50,0.00
randomArrays,2,609,43.08,46.88,0.00
randomArrays,2,18,0.06,0.00,0.00
randomArrays,2,482,32.25,31.25,0.00
randomArrays,2,264,6.36,15.62,0.00
randomArrays,2,319,13.32,15.62,0.00
randomArrays,2,252,6.27,0.00,0.00
randomArrays,2,342,11.96,0.00,0.00
randomArrays,2,252,10.68,15.62,0.00
randomArrays,2,205,3.43,0.00,0.00
randomArrays,2,942,82.89,78.12,0.00
randomArrays,2,744,62.77,62.50,0.00
randomArrays,2,537,30.31,31.25,0.00
randomArrays,2,501,29.57,31.25,0.00
randomArrays,2,853,88.51,78.12,0.00
randomArrays,2,341,11.19,15.62,0.00
randomArrays,2,800,63.33,62.50,0.00
randomArrays,2,857,89.44,93.75,0.00
randomArrays,2,427,21.24,15.62,0.00
randomArrays,2,647,51.41,46.88,0.00
randomArrays,2,76,0.56,0.00,0.00
randomArrays,2,677,53.93,62.50,0.00
randomArrays,2,579,43.67,46.88,0.00
randomArrays,2,731,73.96,78.12,0.00
randomArrays,2,704,80.74,93.75,0.00
randomArrays,2,266,5.93,0.00,0.00
randomArrays,2,961,111.08,109.38,0.00
randomArrays,2,263,8.65,0.00,0.00
randomArrays,2,434,21.95,31.25,0.00
randomArrays,2,484,27.72,31.25,0.00
randomArrays,2,163,3.78,0.00,0.00
randomArrays,2,984,114.72,125.00,0.00
randomArrays,2,211,4.86,0.00,0.00
randomArrays,2,185,3.63,0.00,0.00
randomArrays,2,467,20.24,31.25,0.00
randomArrays,2,214,3.98,0.00,0.00
randomArrays,2,35,0.17,0.00,0.00
randomArrays,2,141,1.92,0.00,0.00
randomArrays,2,559,35.55,31.25,0.00
randomArrays,2,706,46.46,31.25,0.00
randomArrays,2,68,0.53,0.00,0.00
randomArrays,2,12,0.03,0.00,0.00
randomArrays,2,405,14.99,15.62,0.00
randomArrays,2,288,8.38,15.62,0.00
randomArrays,2,955,115.57,109.38,0.00
randomArrays,2,50,0.31,0.00,0.00
randomArrays,2,752,69.41,62.50,0.00
randomArrays,2,695,60.06,62.50,0.00
randomArrays,2,186,3.88,0.00,0.00
randomArrays,2,737,73.90,78.12,0.00
randomArrays,2,948,99.75,93.75,0.00
randomArrays,2,151,2.72,0.00,0.00
randomArrays,2,46,0.66,0.00,0.00
randomArrays,2,968,101.17,93.75,0.00
randomArrays,2,333,11.82,0.00,0.00
randomArrays,2,189,3.45,0.00,0.00
randomArrays,2,190,3.54,15.62,0.00
randomArrays,2,589,42.25,46.88,0.00
randomArrays,2,230,5.69,0.00,0.00
randomArrays,2,535,33.00,31.25,0.00
randomArrays,2,189,3.87,0.00,0.00
randomArrays,2,948,160.96,125.00,0.00
randomArrays,2,834,69.57,78.12,0.00
randomArrays,2,273,7.24,15.62,0.00
randomArrays,2,773,69.95,78.12,0.00
randomArrays,2,342,15.17,0.00,0.00
randomArrays,2,995,107.94,109.38,0.00
randomArrays,2,221,4.82,15.62,0.00
randomArrays,2,519,31.64,31.25,0.00
randomArrays,2,479,25.78,15.62,0.00
randomArrays,2,155,2.30,15.62,0.00
randomArrays,2,756,76.12,78.12,0.00
randomArrays,2,658,43.44,46.88,0.00
randomArrays,2,213,5.39,0.00,0.00
randomArrays,2,467,25.72,31.25,0.00
randomArrays,2,191,2.98,0.00,0.00
randomArrays,2,744,68.54,62.50,0.00
randomArrays,2,122,1.85,0.00,0.00
randomArrays,2,178,3.19,0.00,0.00
randomArrays,2,760,67.06,62.50,0.00
randomArrays,2,524,32.70,15.62,0.00
randomArrays,2,264,6.81,0.00,0.00
randomArrays,2,733,65.79,78.12,0.00
randomArrays,2,759,78.81,78.12,0.00
randomArrays,2,177,2.48,0.00,0.00
randomArrays,2,53,0.31,0.00,0.00
randomArrays,2,429,16.60,15.62,0.00
randomArrays,2,508,22.94,15.62,0.00
randomArrays,2,919,104.95,93.75,0.00
randomArrays,2,412,16.78,15.62,0.00
randomArrays,2,503,27.09,31.25,0.00
randomArrays,2,115,1.04,0.00,0.00
randomArrays,2,851,78.47,78.12,0.00
randomArrays,2,848,84.04,93.75,0.00
randomArrays,2,652,63.50,62.50,0.00
randomArrays,2,693,60.18,62.50,0.00
randomArrays,2,662,56.35,62.50,0.00
randomArrays,2,815,90.62,93.75,0.00
randomArrays,2,679,62.29,62.50,0.00
randomArrays,2,141,2.22,0.00,0.00
randomArrays,2,458,26.05,31.25,0.00
randomArrays,2,378,13.86,15.62,0.00
randomArrays,2,662,53.81,62.50,0.00
randomArrays,2,809,89.62,93.75,0.00
randomArrays,2,960,104.17,109.38,0.00
randomArrays,2,454,26.37,15.62,0.00
randomArrays,2,513,43.01,46.88,0.00
randomArrays,2,965,87.57,93.75,0.00
randomArrays,2,855,93.26,93.75,0.00
randomArrays,2,257,7.45,0.00,0.00
randomArrays,2,932,101.01,109.38,0.00
randomArrays,2,112,1.19,0.00,0.00
randomArrays,2,264,6.39,0.00,0.00
randomArrays,2,404,14.64,15.62,0.00
randomArrays,2,830,82.97,78.12,0.00
randomArrays,2,115,1.29,0.00,0.00
randomArrays,2,906,97.30,93.75,0.00
randomArrays,3,469,26.83,31.25,0.00
randomArrays,3,783,64.06,62.50,0.00
randomArrays,3,464,20.32,15.62,0.00
randomArrays,3,267,7.74,15.62,0.00
randomArrays,3,828,87.96,93.75,0.00
randomArrays,3,607,49.56,46.88,0.00
randomArrays,3,319,8.31,0.00,0.00
randomArrays,3,431,17.62,15.62,0.00
randomArrays,3,941,102.94,93.75,0.00
randomArrays,3,937,110.25,109.38,0.00
randomArrays,3,619,43.72,46.88,0.00
randomArrays,3,370,13.81,15.62,0.00
randomArrays,3,478,23.94,15.62,0.00
randomArrays,3,107,1.04,0.00,0.00
randomArrays,3,910,99.84,93.75,0.00
randomArrays,3,381,14.05,15.62,0.00
randomArrays,3,699,59.58,62.50,0.00
randomArrays,3,452,22.06,31.25,0.00
randomArrays,3,882,94.16,93.75,0.00
randomArrays,3,697,71.32,78.12,0.00
randomArrays,3,39,0.21,0.00,0.00
randomArrays,3,382,15.74,15.62,0.00
randomArrays,3,980,110.85,93.75,0.00
randomArrays,3,202,4.12,0.00,0.00
randomArrays,3,674,51.79,46.88,0.00
randomArrays,3,184,4.14,15.62,0.00
randomArrays,3,853,85.45,78.12,0.00
randomArrays,3,101,0.95,0.00,0.00
randomArrays,3,329,11.77,15.62,0.00
randomArrays,3,837,99.53,93.75,0.00
randomArrays,3,952,116.86,125.00,0.00
randomArrays,3,676,63.48,62.50,0.00
randomArrays,3,248,8.07,0.00,0.00
randomArrays,3,845,88.32,93.75,0.00
randomArrays,3,707,50.91,62.50,0.00
randomArrays,3,458,25.76,15.62,0.00
randomArrays,3,219,4.61,0.00,0.00
randomArrays,3,268,7.00,0.00,0.00
randomArrays,3,201,3.95,0.00,0.00
randomArrays,3,520,31.71,31.25,0.00
randomArrays,3,832,82.35,78.12,0.00
randomArrays,3,800,73.77,78.12,0.00
randomArrays,3,753,68.73,62.50,0.00
randomArrays,3,286,7.48,15.62,0.00
randomArrays,3,841,92.44,78.12,0.00
randomArrays,3,240,4.99,0.00,0.00
randomArrays,3,370,12.36,15.62,0.00
randomArrays,3,287,8.52,15.62,0.00
randomArrays,3,89,0.93,15.62,0.00
randomArrays,3,881,101.38,109.38,0.00
randomArrays,3,187,2.71,0.00,0.00
randomArrays,3,373,15.54,15.62,0.00
randomArrays,3,194,2.87,0.00,0.00
randomArrays,3,382,16.55,15.62,0.00
randomArrays,3,826,79.73,62.50,0.00
randomArrays,3,781,78.83,78.12,0.00
randomArrays,3,814,84.62,78.12,0.00
randomArrays,3,525,32.26,31.25,0.00
randomArrays,3,136,1.91,0.00,0.00
randomArrays,3,454,24.07,15.62,0.00
randomArrays,3,563,29.76,31.25,0.00
randomArrays,3,226,8.47,0.00,0.00
randomArrays,3,345,14.53,15.62,0.00
randomArrays,3,514,31.79,31.25,0.00
randomArrays,3,871,97.71,93.75,0.00
randomArrays,3,939,103.44,93.75,0.00
randomArrays,3,397,19.02,15.62,0.00
randomArrays,3,429,23.59,15.62,0.00
randomArrays,3,421,20.65,15.62,0.00
randomArrays,3,747,67.70,62.50,0.00
randomArrays,3,19,0.05,0.00,0.00
randomArrays,3,74,0.77,0.00,0.00
randomArrays,3,259,5.38,15.62,0.00
randomArrays,3,846,69.72,78.12,0.00
randomArrays,3,789,69.15,62.50,0.00
randomArrays,3,671,57.39,46.88,0.00
randomArrays,3,368,11.18,15.62,0.00
randomArrays,3,448,25.14,15.62,0.00
randomArrays,3,237,6.56,15.62,0.00
randomArrays,3,627,90.04,62.50,0.00
randomArrays,3,584,31.07,31.25,0.00
randomArrays,3,328,12.52,15.62,0.00
randomArrays,3,606,36.05,31.25,0.00
randomArrays,3,563,40.51,46.88,0.00
randomArrays,3,774,68.63,78.12,0.00
randomArrays,3,206,4.65,15.62,0.00
randomArrays,3,907,111.48,109.38,0.00
randomArrays,3,37,0.12,0.00,0.00
randomArrays,3,878,95.12,93.75,0.00
randomArrays,3,284,10.65,15.62,0.00
randomArrays,3,853,85.84,78.12,0.00
randomArrays,3,247,8.48,15.62,0.00
randomArrays,3,241,6.50,0.00,0.00
randomArrays,3,348,15.57,15.62,0.00
randomArrays,3,814,71.64,78.12,0.00
randomArrays,3,245,6.89,0.00,0.00
randomArrays,3,335,12.99,15.62,0.00
randomArrays,3,497,24.78,15.62,0.00
randomArrays,3,280,6.29,0.00,0.00
randomArrays,3,664,51.36,46.88,0.00
randomArrays,3,523,26.75,15.62,0.00
randomArrays,3,841,85.56,62.50,0.00
randomArrays,3,290,9.47,0.00,0.00
randomArrays,3,158,2.40,0.00,0.00
randomArrays,3,783,81.73,78.12,0.00
randomArrays,3,638,44.33,31.25,0.00
randomArrays,3,314,9.71,0.00,0.00
randomArrays,3,484,30.68,31.25,0.00
randomArrays,3,972,113.36,109.38,0.00
randomArrays,3,652,52.75,62.50,0.00
randomArrays,3,543,33.28,31.25,0.00
randomArrays,3,487,27.13,31.25,0.00
randomArrays,3,686,65.73,62.50,0.00
randomArrays,3,183,4.09,15.62,0.00
randomArrays,3,572,34.75,31.25,0.00
randomArrays,3,747,57.06,62.50,0.00
randomArrays,3,780,69.85,46.88,0.00
randomArrays,3,828,77.95,78.12,0.00
randomArrays,3,591,47.32,46.88,0.00
randomArrays,3,415,23.33,15.62,0.00
randomArrays,3,648,50.67,46.88,0.00
randomArrays,3,204,5.86,0.00,0.00
randomArrays,3,510,31.16,31.25,0.00
randomArrays,3,422,18.85,15.62,0.00
randomArrays,3,541,39.13,31.25,0.00
randomArrays,3,875,75.07,78.12,0.00
randomArrays,3,742,68.37,62.50,0.00
randomArrays,3,384,20.11,0.00,0.00
randomArrays,3,266,5.94,0.00,0.00
randomArrays,3,137,1.47,0.00,0.00
randomArrays,3,970,100.00,109.38,0.00
randomArrays,3,685,65.79,78.12,0.00
randomArrays,3,665,68.53,46.88,0.00
randomArrays,3,319,8.14,0.00,0.00
randomArrays,3,808,77.04,78.12,0.00
randomArrays,3,143,1.65,0.00,0.00
randomArrays,3,147,3.11,0.00,0.00
randomArrays,3,929,111.63,109.38,0.00
randomArrays,3,906,86.18,93.75,0.00
randomArrays,3,425,16.76,15.62,0.00
randomArrays,3,736,82.10,78.12,0.00
randomArrays,3,65,0.46,0.00,0.00
randomArrays,3,305,13.19,0.00,0.00
randomArrays,3,194,3.24,0.00,0.00
randomArrays,3,545,27.34,31.25,0.00
randomArrays,3,49,0.28,0.00,0.00
randomArrays,3,731,67.64,78.12,0.00
randomArrays,3,712,61.07,62.50,0.00
randomArrays,3,732,63.43,62.50,0.00
randomArrays,3,57,0.33,0.00,0.00
randomArrays,3,983,127.25,125.00,0.00
randomArrays,3,345,16.02,15.62,0.00
randomArrays,3,152,3.17,0.00,0.00
randomArrays,3,963,118.62,109.38,0.00
randomArrays,3,544,28.73,15.62,0.00
randomArrays,3,870,85.63,93.75,0.00
randomArrays,3,557,42.24,31.25,0.00
randomArrays,3,168,3.64,0.00,0.00
randomArrays,3,373,15.94,15.62,0.00
randomArrays,3,416,19.75,15.62,0.00
randomArrays,3,942,99.41,93.75,0.00
randomArrays,3,966,106.16,109.38,0.00
randomArrays,3,363,13.37,15.62,0.00
randomArrays,3,955,112.30,109.38,0.00
randomArrays,3,626,52.17,31.25,0.00
randomArrays,3,948,113.77,125.00,0.00
randomArrays,3,193,3.73,15.62,0.00
randomArrays,3,361,14.62,15.62,0.00
randomArrays,3,195,4.19,0.00,0.00
randomArrays,3,905,109.19,93.75,0.00
randomArrays,3,105,1.18,0.00,0.00
randomArrays,3,750,73.23,62.50,0.00
randomArrays,3,565,34.84,46.88,0.00
randomArrays,3,538,58.06,15.62,0.00
randomArrays,3,488,26.20,15.62,0.00
randomArrays,3,30,0.12,0.00,0.00
randomArrays,3,554,26.82,15.62,0.00
randomArrays,3,407,14.92,15.62,0.00
randomArrays,3,958,115.52,109.38,0.00
randomArrays,3,137,1.45,0.00,0.00
randomArrays,3,101,0.94,0.00,0.00
randomArrays,3,633,45.27,46.88,0.00
randomArrays,3,44,0.18,0.00,0.00
randomArrays,3,738,68.69,62.50,0.00
randomArrays,3,763,75.00,62.50,0.00
randomArrays,3,319,12.51,0.00,0.00
randomArrays,3,682,67.30,62.50,0.00
randomArrays,3,820,74.76,62.50,0.00
randomArrays,3,896,111.53,109.38,0.00
randomArrays,3,712,53.37,46.88,0.00
randomArrays,3,554,34.32,31.25,0.00
randomArrays,3,940,92.97,93.75,0.00
randomArrays,3,787,78.07,78.12,0.00
randomArrays,3,255,6.62,0.00,0.00
randomArrays,3,135,2.00,0.00,0.00
randomArrays,3,546,34.46,31.25,0.00
randomArrays,3,643,52.60,46.88,0.00
randomArrays,3,197,4.51,0.00,0.00
randomArrays,3,643,49.57,62.50,0.00
randomArrays,3,858,81.62,93.75,0.00
randomArrays,3,134,1.94,15.62,0.00
randomArrays,3,133,1.92,0.00,0.00
randomArrays,3,317,9.62,0.00,0.00
randomArrays,3,312,7.98,0.00,0.00
randomArrays,3,160,1.98,0.00,0.00
randomArrays,3,838,80.61,78.12,0.00
randomArrays,3,316,11.74,15.62,0.00
randomArrays,3,111,1.55,15.62,0.00
randomArrays,3,530,33.12,31.25,0.00
randomArrays,3,827,88.39,78.12,0.00
randomArrays,3,994,174.09,109.38,0.00
randomArrays,3,348,10.56,15.62,0.00
randomArrays,3,652,46.83,46.88,0.00
randomArrays,3,339,9.37,15.62,0.00
randomArrays,3,908,95.15,93.75,0.00
randomArrays,3,655,50.73,46.88,0.00
randomArrays,3,899,99.44,109.38,0.00
randomArrays,3,377,21.60,15.62,0.00
randomArrays,3,793,63.32,62.50,0.00
randomArrays,3,12,0.02,0.00,0.00
randomArrays,3,236,4.35,0.00,0.00
randomArrays,3,851,89.65,93.75,0.00
randomArrays,3,462,18.38,15.62,0.00
randomArrays,3,49,0.29,0.00,0.00
randomArrays,3,649,61.46,62.50,0.00
randomArrays,3,299,7.72,0.00,0.00
randomArrays,3,796,75.17,62.50,0.00
randomArrays,3,227,5.51,0.00,0.00
randomArrays,3,929,104.25,109.38,0.00
randomArrays,3,166,4.04,0.00,0.00
randomArrays,3,277,6.25,15.62,0.00
randomArrays,3,179,2.99,0.00,0.00
randomArrays,3,809,73.34,62.50,0.00
randomArrays,3,232,5.73,15.62,0.00
randomArrays,3,247,6.16,0.00,0.00
randomArrays,3,99,0.96,0.00,0.00
randomArrays,3,649,51.75,46.88,0.00
randomArrays,3,15,0.03,0.00,0.00
randomArrays,3,646,51.21,46.88,0.00
randomArrays,3,463,24.25,15.62,0.00
randomArrays,3,587,37.86,46.88,0.00
randomArrays,3,898,99.60,93.75,0.00
randomArrays,3,643,48.17,31.25,0.00
randomArrays,3,840,89.92,93.75,0.00
randomArrays,3,708,61.97,62.50,0.00
randomArrays,3,214,4.68,15.62,0.00
randomArrays,3,565,37.01,31.25,0.00
randomArrays,3,157,2.42,0.00,0.00
randomArrays,3,265,7.59,15.62,0.00
randomArrays,3,171,2.73,0.00,0.00
randomArrays,3,136,1.75,0.00,0.00
randomArrays,3,290,9.04,0.00,0.00
randomArrays,3,96,0.89,0.00,0.00
randomArrays,3,11,0.02,0.00,0.00
randomArrays,3,311,9.74,15.62,0.00
randomArrays,3,566,37.94,31.25,0.00
randomArrays,3,328,11.35,15.62,0.00
randomArrays,3,358,14.13,15.62,0.00
randomArrays,3,674,52.29,46.88,0.00
randomArrays,3,490,20.99,31.25,0.00
randomArrays,3,36,0.16,0.00,0.00
randomArrays,3,408,18.09,15.62,0.00
randomArrays,3,49,0.23,0.00,0.00
randomArrays,3,581,37.07,46.88,0.00
randomArrays,3,879,90.67,93.75,0.00
randomArrays,3,61,0.36,0.00,0.00
randomArrays,3,656,58.86,62.50,0.00
randomArrays,3,411,30.39,31.25,0.00
randomArrays,3,361,18.16,0.00,0.00
randomArrays,3,994,109.57,109.38,0.00
randomArrays,3,416,15.05,15.62,0.00
randomArrays,3,966,118.00,125.00,0.00
randomArrays,3,92,0.82,0.00,0.00
randomArrays,3,429,21.44,31.25,0.00
randomArrays,3,658,49.38,46.88,0.00
randomArrays,3,877,97.10,109.38,0.00
randomArrays,3,780,62.41,62.50,0.00
randomArrays,3,669,48.07,46.88,0.00
randomArrays,3,394,21.01,15.62,0.00
randomArrays,3,892,93.24,93.75,0.00
randomArrays,3,180,3.15,0.00,0.00
randomArrays,3,829,81.84,78.12,0.00
randomArrays,3,255,7.05,0.00,0.00
randomArrays,3,374,20.88,15.62,0.00
randomArrays,3,37,0.17,0.00,0.00
randomArrays,3,919,96.31,93.75,0.00
randomArrays,3,850,90.69,93.75,0.00
randomArrays,3,930,95.31,93.75,0.00
randomArrays,3,419,17.23,15.62,0.00
randomArrays,3,720,62.16,62.50,0.00
randomArrays,3,378,14.81,15.62,0.00
randomArrays,3,815,70.62,78.12,0.00
randomArrays,3,566,34.19,46.88,0.00
randomArrays,3,623,40.44,15.62,0.00
randomArrays,3,597,40.38,46.88,0.00
randomArrays,3,148,1.73,0.00,0.00
randomArrays,3,580,36.76,31.25,0.00
randomArrays,3,244,5.49,0.00,0.00
randomArrays,3,703,71.86,31.25,0.00
randomArrays,3,743,60.43,62.50,0.00
randomArrays,3,923,89.02,78.12,0.00
randomArrays,3,284,8.37,0.00,0.00
randomArrays,3,35,0.12,0.00,0.00
randomArrays,3,941,94.05,93.75,0.00
randomArrays,3,39,0.13,0.00,0.00
randomArrays,3,276,7.65,0.00,0.00
randomArrays,3,494,26.64,31.25,0.00
randomArrays,3,547,35.67,31.25,0.00
randomArrays,3,837,88.30,93.75,0.00
randomArrays,3,183,4.74,0.00,0.00
randomArrays,3,360,17.79,15.62,0.00
randomArrays,3,627,50.90,46.88,0.00
randomArrays,3,833,80.22,78.12,0.00
randomArrays,3,491,28.53,31.25,0.00
randomArrays,3,623,45.48,46.88,0.00
randomArrays,3,850,94.25,93.75,0.00
randomArrays,3,35,0.14,0.00,0.00
randomArrays,3,584,42.73,46.88,0.00
randomArrays,3,34,0.11,0.00,0.00
randomArrays,3,335,9.10,15.62,0.00
randomArrays,3,145,2.51,0.00,0.00
randomArrays,3,61,0.41,0.00,0.00
randomArrays,3,88,0.62,0.00,0.00
randomArrays,3,442,21.73,31.25,0.00
randomArrays,3,729,71.90,78.12,0.00
randomArrays,3,312,11.63,15.62,0.00
randomArrays,3,620,42.96,46.88,0.00
randomArrays,3,77,0.68,0.00,0.00
randomArrays,3,784,73.48,78.12,0.00
randomArrays,3,720,67.57,78.12,0.00
randomArrays,3,796,72.99,78.12,0.00
randomArrays,3,81,0.56,0.00,0.00
randomArrays,3,900,91.69,93.75,0.00
randomArrays,3,570,30.89,31.25,0.00
randomArrays,3,749,52.49,46.88,0.00
randomArrays,3,723,54.58,46.88,0.00
randomArrays,3,54,0.33,0.00,0.00
randomArrays,3,261,7.36,0.00,0.00
randomArrays,3,831,75.66,78.12,0.00
randomArrays,3,133,1.39,0.00,0.00
randomArrays,3,165,2.99,0.00,0.00
randomArrays,3,441,23.47,31.25,0.00
randomArrays,3,782,81.40,78.12,0.00
randomArrays,3,384,18.93,0.00,0.00
randomArrays,3,283,6.76,0.00,0.00
randomArrays,3,71,0.56,0.00,0.00
randomArrays,3,374,14.45,15.62,0.00
randomArrays,3,204,5.14,15.62,0.00
randomArrays,3,437,21.36,15.62,0.00
randomArrays,3,662,52.44,46.88,0.00
randomArrays,3,821,77.86,78.12,0.00
randomArrays,3,198,4.17,0.00,0.00
randomArrays,3,776,64.14,62.50,0.00
randomArrays,3,124,1.41,0.00,0.00
randomArrays,3,202,3.44,0.00,0.00
randomArrays,3,806,103.58,93.75,0.00
randomArrays,3,448,24.07,31.25,0.00
randomArrays,3,383,15.84,15.62,0.00
randomArrays,3,992,94.90,109.38,0.00
randomArrays,3,714,48.47,62.50,0.00
randomArrays,3,528,34.45,46.88,0.00
randomArrays,3,137,1.75,0.00,0.00
randomArrays,3,122,1.41,0.00,0.00
randomArrays,3,883,105.05,109.38,0.00
randomArrays,3,614,44.51,46.88,0.00
randomArrays,3,841,97.01,93.75,0.00
randomArrays,3,471,33.11,31.25,0.00
randomArrays,3,871,80.38,78.12,0.00
randomArrays,3,938,98.28,93.75,0.00
randomArrays,3,238,6.46,0.00,0.00
randomArrays,3,772,69.77,78.12,0.00
randomArrays,3,334,14.32,0.00,0.00
randomArrays,3,274,9.98,15.62,0.00
randomArrays,3,385,17.08,15.62,0.00
randomArrays,3,455,25.81,31.25,0.00
randomArrays,3,202,3.33,0.00,0.00
randomArrays,3,349,17.37,15.62,0.00
randomArrays,3,170,2.63,0.00,0.00
randomArrays,3,365,12.11,15.62,0.00
randomArrays,3,921,90.50,93.75,0.00
randomArrays,3,368,14.37,15.62,0.00
randomArrays,3,851,72.20,62.50,0.00
randomArrays,3,736,64.34,62.50,0.00
randomArrays,3,64,0.40,0.00,0.00
randomArrays,3,371,15.64,15.62,0.00
randomArrays,3,962,116.69,125.00,0.00
randomArrays,3,758,61.32,62.50,0.00
randomArrays,3,565,38.52,31.25,0.00
randomArrays,3,246,6.61,15.62,0.00
randomArrays,3,390,17.10,15.62,0.00
randomArrays,3,833,81.77,78.12,0.00
randomArrays,3,359,14.77,15.62,0.00
randomArrays,3,647,49.66,62.50,0.00
randomArrays,3,830,87.87,78.12,0.00
randomArrays,3,790,76.88,78.12,0.00
randomArrays,3,789,64.85,62.50,0.00
randomArrays,3,33,0.11,0.00,0.00
randomArrays,3,324,9.00,15.62,0.00
randomArrays,3,460,24.61,31.25,0.00
randomArrays,3,660,47.19,46.88,0.00
randomArrays,3,553,34.76,31.25,0.00
randomArrays,3,181,3.50,0.00,0.00
randomArrays,3,106,1.06,0.00,0.00
randomArrays,3,198,3.82,0.00,0.00
randomArrays,3,795,72.70,62.50,0.00
randomArrays,3,149,2.61,0.00,0.00
randomArrays,3,42,0.16,0.00,0.00
randomArrays,3,538,34.01,31.25,0.00
randomArrays,3,405,18.04,31.25,0.00
randomArrays,3,741,68.93,62.50,0.00
randomArrays,3,88,0.86,0.00,0.00
randomArrays,3,896,92.25,93.75,0.00
randomArrays,3,574,43.92,46.88,0.00
randomArrays,3,34,0.14,0.00,0.00
randomArrays,3,83,0.66,0.00,0.00
randomArrays,3,311,10.59,15.62,0.00
randomArrays,3,168,2.30,0.00,0.00
randomArrays,3,720,61.13,46.88,0.00
randomArrays,3,499,28.63,31.25,0.00
randomArrays,3,280,7.80,0.00,0.00
randomArrays,3,960,89.49,93.75,0.00
randomArrays,3,351,10.38,15.62,0.00
randomArrays,3,840,92.28,93.75,0.00
randomArrays,3,826,76.71,78.12,0.00
randomArrays,3,780,64.50,62.50,0.00
randomArrays,3,592,42.39,46.88,0.00
randomArrays,3,601,35.94,31.25,0.00
randomArrays,3,924,94.07,93.75,0.00
randomArrays,3,630,54.25,46.88,0.00
randomArrays,3,738,68.06,78.12,0.00
randomArrays,3,43,0.20,0.00,0.00
randomArrays,3,546,33.55,31.25,0.00
randomArrays,3,118,1.50,0.00,0.00
randomArrays,3,812,70.40,62.50,0.00
randomArrays,3,636,40.73,46.88,0.00
randomArrays,3,253,7.17,0.00,0.00
randomArrays,3,443,22.50,31.25,0.00
randomArrays,3,292,8.38,15.62,0.00
randomArrays,3,723,65.44,62.50,0.00
randomArrays,3,398,17.37,15.62,0.00
randomArrays,3,368,18.42,31.25,0.00
randomArrays,3,534,32.58,31.25,0.00
randomArrays,3,899,92.17,93.75,0.00
randomArrays,3,137,1.48,0.00,0.00
randomArrays,3,187,3.37,0.00,0.00
randomArrays,3,164,2.67,0.00,0.00
randomArrays,3,735,68.22,62.50,0.00
randomArrays,3,524,38.21,31.25,0.00
randomArrays,3,512,30.59,31.25,0.00
randomArrays,3,15,0.04,0.00,0.00
randomArrays,3,737,66.84,78.12,0.00
randomArrays,3,616,44.51,46.88,0.00
randomArrays,3,349,15.71,15.62,0.00
randomArrays,3,645,53.49,62.50,0.00
randomArrays,3,502,31.44,31.25,0.00
randomArrays,3,932,92.66,93.75,0.00
randomArrays,3,778,75.52,78.12,0.00
randomArrays,3,126,1.65,0.00,0.00
randomArrays,3,836,77.22,78.12,0.00
randomArrays,3,911,99.34,93.75,0.00
randomArrays,3,265,9.64,15.62,0.00
randomArrays,3,694,47.48,46.88,0.00
randomArrays,3,188,4.14,0.00,0.00
randomArrays,3,282,7.93,15.62,0.00
randomArrays,3,347,12.10,15.62,0.00
randomArrays,3,768,75.28,78.12,0.00
randomArrays,3,778,73.98,62.50,0.00
randomArrays,3,549,34.97,46.88,0.00
randomArrays,3,12,0.04,0.00,0.00
randomArrays,3,336,29.27,0.00,0.00
randomArrays,3,949,85.51,93.75,0.00
randomArrays,3,179,3.10,0.00,0.00
randomArrays,3,634,40.70,46.88,0.00
randomArrays,3,38,0.18,0.00,0.00
randomArrays,3,123,1.19,0.00,0.00
randomArrays,3,282,9.15,0.00,0.00
randomArrays,3,452,19.22,31.25,0.00
randomArrays,3,217,3.66,0.00,0.00
randomArrays,3,629,41.67,46.88,0.00
randomArrays,3,275,6.38,15.62,0.00
randomArrays,3,66,0.47,0.00,0.00
randomArrays,3,308,10.13,15.62,0.00
randomArrays,3,809,77.07,78.12,0.00
randomArrays,3,634,48.59,46.88,0.00
randomArrays,3,478,26.83,31.25,0.00
randomArrays,3,336,12.77,0.00,0.00
randomArrays,3,672,62.38,62.50,0.00
randomArrays,3,583,31.91,31.25,0.00
randomArrays,3,413,21.67,15.62,0.00
randomArrays,3,683,54.00,62.50,0.00
randomArrays,3,463,23.20,15.62,0.00
randomArrays,3,267,6.88,15.62,0.00
randomArrays,3,73,0.52,0.00,0.00
randomArrays,3,641,46.06,46.88,0.00
randomArrays,3,827,86.82,78.12,0.00
randomArrays,3,864,91.21,93.75,0.00
randomArrays,3,672,69.68,78.12,0.00
randomArrays,3,948,100.06,93.75,0.00
randomArrays,3,523,31.70,31.25,0.00
randomArrays,3,113,1.41,0.00,0.00
randomArrays,3,855,85.74,78.12,0.00
randomArrays,3,764,68.10,62.50,0.00
randomArrays,3,559,36.33,31.25,0.00
randomArrays,3,256,6.99,15.62,0.00
randomArrays,3,861,79.80,78.12,0.00
randomArrays,3,215,3.51,0.00,0.00
randomArrays,3,610,35.41,31.25,0.00
randomArrays,3,133,2.10,0.00,0.00
randomArrays,3,721,65.36,78.12,0.00
randomArrays,3,826,77.89,78.12,0.00
randomArrays,3,732,59.20,62.50,0.00
randomArrays,3,218,4.51,0.00,0.00
randomArrays,3,897,108.64,109.38,0.00
randomArrays,3,95,0.99,0.00,0.00
randomArrays,3,596,92.23,46.88,0.00
randomArrays,3,333,14.09,15.62,0.00
randomArrays,3,139,1.54,0.00,0.00
randomArrays,3,90,0.63,0.00,0.00
randomArrays,3,724,52.16,46.88,0.00
randomArrays,3,24,0.05,0.00,0.00
randomArrays,3,182,3.51,0.00,0.00
randomArrays,3,440,20.22,15.62,0.00
randomArrays,3,521,25.35,15.62,0.00
randomArrays,3,653,54.77,46.88,0.00
randomArrays,3,422,22.56,15.62,0.00
randomArrays,3,919,96.45,93.75,0.00
randomArrays,3,399,20.19,31.25,0.00
randomArrays,3,148,2.47,0.00,0.00
randomArrays,3,651,50.31,46.88,0.00
randomArrays,3,953,102.78,109.38,0.00
randomArrays,3,205,3.96,0.00,0.00
randomArrays,3,713,63.21,62.50,0.00
randomArrays,3,335,11.96,15.62,0.00
randomArrays,3,800,76.32,62.50,0.00
randomArrays,3,263,7.02,0.00,0.00
randomArrays,3,305,9.98,15.62,0.00
randomArrays,3,772,70.08,78.12,0.00
randomArrays,3,760,79.82,78.12,0.00
randomArrays,3,985,110.46,109.38,0.00
randomArrays,3,468,23.30,31.25,0.00
randomArrays,3,542,35.43,46.88,0.00
randomArrays,3,137,2.01,0.00,0.00
randomArrays,3,877,99.81,93.75,0.00
randomArrays,3,407,18.59,15.62,0.00
randomArrays,3,13,0.07,0.00,0.00
randomArrays,3,857,94.51,109.38,0.00
randomArrays,3,961,95.39,93.75,0.00
randomArrays,3,963,94.57,93.75,0.00
randomArrays,3,792,76.04,62.50,0.00
randomArrays,3,190,4.15,15.62,0.00
randomArrays,3,859,86.94,93.75,0.00
randomArrays,3,989,148.29,140.62,0.00
randomArrays,3,816,75.70,78.12,0.00
randomArrays,3,950,113.54,125.00,0.00
randomArrays,3,241,4.99,0.00,0.00
randomArrays,3,957,104.49,109.38,0.00
randomArrays,3,155,2.19,0.00,0.00
randomArrays,3,625,40.53,46.88,0.00
randomArrays,3,573,36.13,31.25,0.00
randomArrays,3,278,8.05,15.62,0.00
randomArrays,3,67,4.21,0.00,0.00
randomArrays,3,785,63.15,62.50,0.00
randomArrays,3,576,34.07,31.25,0.00
randomArrays,3,949,94.00,93.75,0.00
randomArrays,3,274,9.56,15.62,0.00
randomArrays,3,827,89.37,78.12,0.00
randomArrays,3,246,7.04,15.62,0.00
randomArrays,3,497,27.00,31.25,0.00
randomArrays,3,98,0.76,0.00,0.00
randomArrays,3,87,0.78,0.00,0.00
randomArrays,3,362,13.72,15.62,0.00
randomArrays,3,748,80.58,78.12,0.00
randomArrays,3,553,36.77,31.25,0.00
randomArrays,3,931,106.55,93.75,0.00
randomArrays,3,24,0.08,0.00,0.00
randomArrays,3,836,84.88,93.75,0.00
randomArrays,3,524,36.03,31.25,0.00
randomArrays,3,286,8.04,0.00,0.00
randomArrays,3,379,13.70,15.62,0.00
randomArrays,3,654,52.82,46.88,0.00
randomArrays,3,795,69.92,62.50,0.00
randomArrays,3,335,13.57,15.62,0.00
randomArrays,3,218,3.83,0.00,0.00
randomArrays,3,390,13.33,15.62,0.00
randomArrays,3,80,0.54,0.00,0.00
randomArrays,3,602,52.94,46.88,0.00
randomArrays,3,687,75.17,78.12,0.00
randomArrays,3,573,39.03,31.25,0.00
randomArrays,3,857,75.97,78.12,0.00
randomArrays,3,484,23.72,15.62,0.00
randomArrays,3,633,41.67,46.88,0.00
randomArrays,3,393,13.40,15.62,0.00
randomArrays,3,953,117.06,109.38,0.00
randomArrays,3,718,56.47,46.88,0.00
randomArrays,3,330,11.85,15.62,0.00
randomArrays,3,273,9.51,15.62,0.00
randomArrays,3,323,11.33,15.62,0.00
randomArrays,3,971,109.58,109.38,0.00
randomArrays,3,156,2.64,0.00,0.00
randomArrays,3,971,95.94,93.75,0.00
randomArrays,3,202,3.30,0.00,0.00
randomArrays,3,201,3.23,0.00,0.00
randomArrays,3,230,4.28,0.00,0.00
randomArrays,3,953,107.68,109.38,0.00
randomArrays,3,399,16.33,15.62,0.00
randomArrays,3,354,12.44,0.00,0.00
randomArrays,3,334,22.17,15.62,0.00
randomArrays,3,538,34.10,46.88,0.00
randomArrays,3,238,4.76,0.00,0.00
randomArrays,3,415,16.60,15.62,0.00
randomArrays,3,498,33.46,31.25,0.00
randomArrays,3,193,4.94,0.00,0.00
randomArrays,3,125,1.97,0.00,0.00
randomArrays,3,100,1.14,0.00,0.00
randomArrays,3,742,70.09,62.50,0.00
randomArrays,3,588,42.07,46.88,0.00
randomArrays,3,355,11.71,15.62,0.00
randomArrays,3,923,95.33,93.75,0.00
randomArrays,3,167,2.07,0.00,0.00
randomArrays,3,518,28.23,31.25,0.00
randomArrays,3,649,46.99,46.88,0.00
randomArrays,3,280,8.83,15.62,0.00
randomArrays,3,842,100.21,109.38,0.00
randomArrays,3,586,37.04,31.25,0.00
randomArrays,3,519,28.50,31.25,0.00
randomArrays,3,112,1.49,0.00,0.00
randomArrays,3,320,9.57,15.62,0.00
randomArrays,3,955,107.83,109.38,0.00
randomArrays,3,61,0.31,0.00,0.00
randomArrays,3,709,67.57,62.50,0.00
randomArrays,3,671,53.78,62.50,0.00
randomArrays,3,437,19.42,15.62,0.00
randomArrays,3,917,108.32,109.38,0.00
randomArrays,3,499,25.24,31.25,0.00
randomArrays,3,503,28.21,31.25,0.00
randomArrays,3,676,51.74,46.88,0.00
randomArrays,3,594,42.88,46.88,0.00
randomArrays,3,48,0.21,0.00,0.00
randomArrays,3,590,33.35,31.25,0.00
randomArrays,3,861,91.93,93.75,0.00
randomArrays,3,363,15.49,15.62,0.00
randomArrays,3,969,116.17,125.00,0.00
randomArrays,3,912,90.51,78.12,0.00
randomArrays,3,779,66.14,62.50,0.00
randomArrays,3,301,10.39,0.00,0.00
randomArrays,3,545,33.62,31.25,0.00
randomArrays,3,24,0.06,0.00,0.00
randomArrays,3,953,106.31,109.38,0.00
randomArrays,3,440,22.87,15.62,0.00
randomArrays,3,997,131.12,140.62,0.00
randomArrays,3,661,48.02,46.88,0.00
randomArrays,3,583,35.24,31.25,0.00
randomArrays,3,478,26.41,31.25,0.00
randomArrays,3,220,4.37,0.00,0.00
randomArrays,3,458,32.10,31.25,0.00
randomArrays,3,783,60.24,62.50,0.00
randomArrays,3,554,29.62,31.25,0.00
randomArrays,3,167,2.33,0.00,0.00
randomArrays,3,338,10.01,0.00,0.00
randomArrays,3,321,10.07,15.62,0.00
randomArrays,3,993,118.59,125.00,0.00
randomArrays,3,414,20.18,15.62,0.00
randomArrays,3,630,48.35,46.88,0.00
randomArrays,3,572,40.92,46.88,0.00
randomArrays,3,119,2.11,15.62,0.00
randomArrays,3,852,97.22,93.75,0.00
randomArrays,3,392,13.50,15.62,0.00
randomArrays,3,744,65.19,62.50,0.00
randomArrays,3,767,71.02,62.50,0.00
randomArrays,3,419,19.57,15.62,0.00
randomArrays,3,186,3.50,0.00,0.00
randomArrays,3,498,29.30,31.25,0.00
randomArrays,3,369,15.02,15.62,0.00
randomArrays,3,545,34.51,31.25,0.00
randomArrays,3,585,39.93,46.88,0.00
randomArrays,3,232,5.70,0.00,0.00
randomArrays,3,683,61.29,62.50,0.00
randomArrays,3,373,14.43,15.62,0.00
randomArrays,3,67,0.46,0.00,0.00
randomArrays,3,47,0.23,0.00,0.00
randomArrays,3,353,13.89,15.62,0.00
randomArrays,3,165,2.53,0.00,0.00
randomArrays,3,822,82.44,78.12,0.00
randomArrays,3,207,5.27,0.00,0.00
randomArrays,3,365,14.47,15.62,0.00
randomArrays,3,33,0.12,0.00,0.00
randomArrays,3,324,13.15,15.62,0.00
randomArrays,3,533,32.35,31.25,0.00
randomArrays,3,467,28.26,31.25,0.00
randomArrays,3,653,49.18,46.88,0.00
randomArrays,3,262,6.25,0.00,0.00
randomArrays,3,26,0.08,0.00,0.00
randomArrays,3,705,57.84,46.88,0.00
randomArrays,3,945,91.20,93.75,0.00
randomArrays,3,145,2.08,0.00,0.00
randomArrays,3,987,133.34,140.62,0.00
randomArrays,3,40,0.17,0.00,0.00
randomArrays,3,418,21.69,15.62,0.00
randomArrays,3,20,0.06,0.00,0.00
randomArrays,3,618,47.55,62.50,0.00
randomArrays,3,463,24.53,15.62,0.00
randomArrays,3,310,9.64,0.00,0.00
randomArrays,3,753,78.93,78.12,0.00
randomArrays,3,203,4.51,15.62,0.00
randomArrays,3,756,59.28,46.88,0.00
randomArrays,3,998,118.01,109.38,0.00
randomArrays,3,631,50.59,62.50,0.00
randomArrays,3,788,69.93,62.50,0.00
randomArrays,3,364,14.65,15.62,0.00
randomArrays,3,435,25.00,31.25,0.00
randomArrays,3,379,13.22,15.62,0.00
randomArrays,3,208,3.74,0.00,0.00
randomArrays,3,503,31.54,31.25,0.00
randomArrays,3,97,0.74,0.00,0.00
randomArrays,3,266,5.75,0.00,0.00
randomArrays,3,828,81.07,93.75,0.00
randomArrays,3,319,11.18,0.00,0.00
randomArrays,3,898,97.02,93.75,0.00
randomArrays,3,380,16.42,15.62,0.00
randomArrays,3,450,23.03,15.62,0.00
randomArrays,3,142,2.28,0.00,0.00
randomArrays,3,434,24.14,15.62,0.00
randomArrays,3,96,0.89,0.00,0.00
randomArrays,3,641,49.77,46.88,0.00
randomArrays,3,538,49.62,46.88,0.00
randomArrays,3,502,33.05,31.25,0.00
randomArrays,3,599,32.87,31.25,0.00
randomArrays,3,299,7.67,0.00,0.00
randomArrays,3,620,35.66,31.25,0.00
randomArrays,3,606,40.50,46.88,0.00
randomArrays,3,282,6.60,0.00,0.00
randomArrays,3,205,4.09,0.00,0.00
randomArrays,3,504,32.53,31.25,0.00
randomArrays,3,315,8.57,15.62,0.00
randomArrays,3,739,66.43,62.50,0.00
randomArrays,3,226,4.88,0.00,0.00
randomArrays,3,239,5.73,0.00,0.00
randomArrays,3,656,57.20,46.88,0.00
randomArrays,3,467,24.32,15.62,0.00
randomArrays,3,855,90.63,78.12,0.00
randomArrays,3,12,0.02,0.00,0.00
randomArrays,3,751,69.92,62.50,0.00
randomArrays,3,426,20.12,15.62,0.00
randomArrays,3,735,60.44,62.50,0.00
randomArrays,3,321,10.24,15.62,0.00
randomArrays,3,522,31.01,31.25,0.00
randomArrays,3,888,96.32,93.75,0.00
randomArrays,3,118,1.36,0.00,0.00
randomArrays,3,813,80.44,78.12,0.00
randomArrays,3,547,40.76,46.88,0.00
randomArrays,3,860,86.34,78.12,0.00
randomArrays,3,189,3.41,0.00,0.00
randomArrays,3,668,53.50,62.50,0.00
randomArrays,3,583,41.64,31.25,0.00
randomArrays,3,489,34.84,31.25,0.00
randomArrays,3,414,20.78,15.62,0.00
randomArrays,3,905,82.33,78.12,0.00
randomArrays,3,742,60.58,62.50,0.00
randomArrays,3,358,13.26,0.00,0.00
randomArrays,3,741,52.39,46.88,0.00
randomArrays,3,470,21.60,31.25,0.00
randomArrays,3,111,2.09,15.62,0.00
randomArrays,3,546,27.06,31.25,0.00
randomArrays,3,591,45.85,46.88,0.00
randomArrays,3,884,96.16,93.75,0.00
randomArrays,3,684,46.42,46.88,0.00
randomArrays,3,975,91.91,93.75,0.00
randomArrays,3,739,54.79,62.50,0.00
randomArrays,3,725,49.64,46.88,0.00
randomArrays,3,893,106.70,109.38,0.00
randomArrays,3,16,0.04,0.00,0.00
randomArrays,3,467,25.57,31.25,0.00
randomArrays,3,307,9.36,15.62,0.00
randomArrays,3,235,6.70,0.00,0.00
randomArrays,3,377,14.75,15.62,0.00
randomArrays,3,448,22.27,15.62,0.00
randomArrays,3,999,115.55,109.38,0.00
randomArrays,3,98,1.41,0.00,0.00
randomArrays,3,456,26.18,31.25,0.00
randomArrays,3,118,1.33,0.00,0.00
randomArrays,3,406,16.73,15.62,0.00
randomArrays,3,33,0.12,0.00,0.00
randomArrays,3,517,31.21,31.25,0.00
randomArrays,3,248,6.04,0.00,0.00
randomArrays,3,61,0.40,0.00,0.00
randomArrays,3,547,35.57,31.25,0.00
randomArrays,3,602,41.62,46.88,0.00
randomArrays,3,579,38.51,31.25,0.00
randomArrays,3,972,123.44,125.00,0.00
randomArrays,3,653,53.10,46.88,0.00
randomArrays,3,866,88.61,93.75,0.00
randomArrays,3,417,20.66,15.62,0.00
randomArrays,3,386,15.73,15.62,0.00
randomArrays,3,349,12.67,15.62,0.00
randomArrays,3,598,45.76,46.88,0.00
randomArrays,3,856,88.23,78.12,0.00
randomArrays,3,152,1.85,0.00,0.00
randomArrays,3,436,25.67,15.62,0.00
randomArrays,3,356,13.41,15.62,0.00
randomArrays,3,598,45.09,46.88,0.00
randomArrays,3,578,38.21,31.25,0.00
randomArrays,3,786,75.10,78.12,0.00
randomArrays,3,124,1.30,0.00,0.00
randomArrays,3,439,80.55,31.25,0.00
randomArrays,3,492,25.03,15.62,0.00
randomArrays,3,207,3.50,0.00,0.00
randomArrays,3,100,1.09,0.00,0.00
randomArrays,3,591,33.22,31.25,0.00
randomArrays,3,397,19.28,15.62,0.00
randomArrays,3,295,10.14,0.00,0.00
randomArrays,3,733,55.09,62.50,0.00
randomArrays,3,231,4.66,0.00,0.00
randomArrays,3,565,33.96,31.25,24.00
randomArrays,3,910,98.27,93.75,0.00
randomArrays,3,74,0.44,0.00,0.00
randomArrays,3,647,53.99,62.50,0.00
randomArrays,3,456,23.27,31.25,0.00
randomArrays,3,954,110.15,109.38,0.00
randomArrays,3,495,25.12,31.25,0.00
randomArrays,3,487,26.93,31.25,0.00
randomArrays,3,559,37.66,46.88,0.00
randomArrays,3,512,31.55,31.25,0.00
randomArrays,3,247,7.04,15.62,0.00
randomArrays,3,219,8.92,0.00,0.00
randomArrays,3,839,68.55,62.50,0.00
randomArrays,3,887,97.60,109.38,0.00
randomArrays,3,942,108.64,93.75,0.00
randomArrays,3,920,100.80,93.75,0.00
randomArrays,3,868,94.57,93.75,0.00
randomArrays,3,25,0.09,0.00,0.00
randomArrays,3,174,3.53,0.00,0.00
randomArrays,3,818,75.14,78.12,0.00
randomArrays,3,660,44.44,46.88,0.00
randomArrays,3,592,43.01,46.88,0.00
randomArrays,3,942,110.76,109.38,0.00
randomArrays,3,962,112.30,109.38,0.00
randomArrays,3,254,7.68,15.62,0.00
randomArrays,3,527,35.05,31.25,0.00
randomArrays,3,786,89.12,78.12,0.00
randomArrays,3,179,3.48,0.00,0.00
randomArrays,3,678,53.33,62.50,0.00
randomArrays,3,950,113.17,109.38,0.00
randomArrays,3,538,38.70,15.62,0.00
randomArrays,3,185,3.40,0.00,0.00
randomArrays,3,689,66.01,62.50,0.00
randomArrays,3,161,2.31,0.00,0.00
randomArrays,3,509,26.86,31.25,0.00
randomArrays,3,376,17.19,15.62,0.00
randomArrays,3,766,80.36,78.12,0.00
randomArrays,3,706,49.27,46.88,0.00
randomArrays,3,644,49.39,46.88,0.00
randomArrays,3,758,56.33,62.50,0.00
randomArrays,3,747,65.70,62.50,0.00
randomArrays,3,349,12.98,15.62,0.00
randomArrays,3,574,39.26,46.88,0.00
randomArrays,3,888,85.66,93.75,0.00
randomArrays,3,235,5.94,0.00,0.00
randomArrays,3,653,58.72,62.50,0.00
randomArrays,3,630,50.11,46.88,0.00
randomArrays,3,76,0.57,0.00,0.00
randomArrays,3,436,20.71,15.62,0.00
randomArrays,3,771,73.26,62.50,0.00
randomArrays,3,217,5.28,15.62,0.00
randomArrays,3,419,19.47,15.62,0.00
randomArrays,3,860,152.49,78.12,0.00
randomArrays,3,288,9.55,15.62,0.00
randomArrays,3,280,6.49,0.00,0.00
randomArrays,3,242,5.11,15.62,0.00
randomArrays,3,602,40.49,31.25,0.00
randomArrays,3,44,0.25,0.00,0.00
randomArrays,3,547,39.87,46.88,0.00
randomArrays,3,860,72.23,78.12,0.00
randomArrays,3,737,62.17,62.50,0.00
randomArrays,3,738,58.71,46.88,0.00
randomArrays,3,725,64.02,62.50,0.00
randomArrays,3,684,63.23,62.50,0.00
randomArrays,3,233,5.36,0.00,0.00
randomArrays,3,342,12.76,0.00,0.00
randomArrays,3,855,95.71,93.75,0.00
randomArrays,3,861,95.13,93.75,0.00
randomArrays,3,566,37.76,46.88,0.00
randomArrays,3,406,18.11,31.25,0.00
randomArrays,3,192,4.39,15.62,0.00
randomArrays,3,850,112.41,109.38,0.00
randomArrays,3,609,37.53,31.25,0.00
randomArrays,3,18,0.04,0.00,0.00
randomArrays,3,482,30.30,31.25,0.00
randomArrays,3,264,7.82,0.00,0.00
randomArrays,3,319,11.97,15.62,0.00
randomArrays,3,252,6.35,0.00,0.00
randomArrays,3,342,13.14,15.62,0.00
randomArrays,3,252,8.10,0.00,0.00
randomArrays,3,205,4.43,0.00,0.00
randomArrays,3,942,89.80,93.75,0.00
randomArrays,3,744,56.49,62.50,0.00
randomArrays,3,537,32.65,31.25,0.00
randomArrays,3,501,26.84,31.25,0.00
randomArrays,3,853,96.05,93.75,0.00
randomArrays,3,341,12.20,0.00,0.00
randomArrays,3,800,61.70,62.50,0.00
randomArrays,3,857,89.09,93.75,0.00
randomArrays,3,427,23.31,15.62,0.00
randomArrays,3,647,40.69,31.25,0.00
randomArrays,3,76,0.65,0.00,0.00
randomArrays,3,677,53.33,62.50,0.00
randomArrays,3,579,38.81,31.25,0.00
randomArrays,3,731,76.97,78.12,0.00
randomArrays,3,704,65.31,78.12,0.00
randomArrays,3,266,7.04,0.00,0.00
randomArrays,3,961,115.78,109.38,0.00
randomArrays,3,263,7.36,15.62,0.00
randomArrays,3,434,27.21,15.62,0.00
randomArrays,3,484,21.47,15.62,0.00
randomArrays,3,163,3.01,0.00,0.00
randomArrays,3,984,106.70,109.38,0.00
randomArrays,3,211,4.09,0.00,0.00
randomArrays,3,185,2.79,0.00,0.00
randomArrays,3,467,28.12,31.25,0.00
randomArrays,3,214,4.57,0.00,0.00
randomArrays,3,35,0.18,0.00,0.00
randomArrays,3,141,1.94,15.62,0.00
randomArrays,3,559,35.61,31.25,0.00
randomArrays,3,706,57.07,62.50,0.00
randomArrays,3,68,0.38,0.00,0.00
randomArrays,3,12,0.05,0.00,0.00
randomArrays,3,405,17.17,15.62,0.00
randomArrays,3,288,9.58,0.00,0.00
randomArrays,3,955,111.59,109.38,0.00
randomArrays,3,50,0.29,0.00,0.00
randomArrays,3,752,70.59,78.12,0.00
randomArrays,3,695,59.39,62.50,0.00
randomArrays,3,186,3.36,0.00,0.00
randomArrays,3,737,65.32,62.50,0.00
randomArrays,3,948,119.36,109.38,0.00
randomArrays,3,151,4.28,0.00,0.00
randomArrays,3,46,0.19,0.00,0.00
randomArrays,3,968,110.00,109.38,0.00
randomArrays,3,333,12.72,15.62,0.00
randomArrays,3,189,4.56,0.00,0.00
randomArrays,3,190,4.45,15.62,0.00
randomArrays,3,589,40.10,31.25,0.00
randomArrays,3,230,8.07,0.00,0.00
randomArrays,3,535,36.49,46.88,0.00
randomArrays,3,189,5.73,0.00,0.00
randomArrays,3,948,103.26,109.38,0.00
randomArrays,3,834,101.79,93.75,0.00
randomArrays,3,273,8.09,0.00,0.00
randomArrays,3,773,63.49,62.50,0.00
randomArrays,3,342,10.66,15.62,0.00
randomArrays,3,995,112.70,109.38,0.00
randomArrays,3,221,3.78,0.00,0.00
randomArrays,3,519,34.63,46.88,0.00
randomArrays,3,479,20.09,15.62,0.00
randomArrays,3,155,2.78,0.00,0.00
randomArrays,3,756,67.30,62.50,0.00
randomArrays,3,658,45.61,46.88,0.00
randomArrays,3,213,5.09,15.62,0.00
randomArrays,3,467,26.99,31.25,0.00
randomArrays,3,191,3.60,0.00,0.00
randomArrays,3,744,57.86,62.50,0.00
randomArrays,3,122,1.18,15.62,0.00
randomArrays,3,178,3.46,15.62,0.00
randomArrays,3,760,129.70,93.75,0.00
randomArrays,3,524,25.38,15.62,0.00
randomArrays,3,264,7.93,15.62,0.00
randomArrays,3,733,60.13,62.50,0.00
randomArrays,3,759,69.40,78.12,0.00
randomArrays,3,177,3.10,0.00,0.00
randomArrays,3,53,0.27,0.00,0.00
randomArrays,3,429,20.17,15.62,0.00
randomArrays,3,508,44.51,46.88,0.00
randomArrays,3,919,89.54,93.75,0.00
randomArrays,3,412,17.92,15.62,0.00
randomArrays,3,503,30.55,31.25,0.00
randomArrays,3,115,1.06,0.00,0.00
randomArrays,3,851,94.92,109.38,0.00
randomArrays,3,848,75.44,62.50,0.00
randomArrays,3,652,51.31,62.50,0.00
randomArrays,3,693,69.75,78.12,0.00
randomArrays,3,662,56.60,46.88,0.00
randomArrays,3,815,76.86,78.12,0.00
randomArrays,3,679,55.10,46.88,0.00
randomArrays,3,141,1.86,0.00,0.00
randomArrays,3,458,22.93,31.25,0.00
randomArrays,3,378,16.46,15.62,0.00
randomArrays,3,662,49.10,46.88,0.00
randomArrays,3,809,75.47,78.12,0.00
randomArrays,3,960,100.25,93.75,0.00
randomArrays,3,454,19.37,31.25,0.00
randomArrays,3,513,28.05,31.25,0.00
randomArrays,3,965,126.79,125.00,0.00
randomArrays,3,855,98.63,109.38,0.00
randomArrays,3,257,9.10,0.00,0.00
randomArrays,3,932,100.76,93.75,0.00
randomArrays,3,112,2.00,0.00,0.00
randomArrays,3,264,8.26,15.62,0.00
randomArrays,3,404,18.01,15.62,0.00
randomArrays,3,830,82.77,78.12,0.00
randomArrays,3,115,1.22,0.00,0.00
randomArrays,3,906,110.98,109.38,0.00
