dataset,run,arraylength,time,cputime,memory
randomArrays,1,469,23.09,0.00,8.00
randomArrays,1,783,62.66,62.50,0.00
randomArrays,1,464,26.40,31.25,0.00
randomArrays,1,267,7.81,15.62,0.00
randomArrays,1,828,92.30,78.12,0.00
randomArrays,1,607,47.21,46.88,0.00
randomArrays,1,319,12.20,15.62,0.00
randomArrays,1,431,22.19,31.25,0.00
randomArrays,1,941,107.66,109.38,0.00
randomArrays,1,937,105.19,109.38,0.00
randomArrays,1,619,43.82,46.88,0.00
randomArrays,1,370,12.25,15.62,0.00
randomArrays,1,478,23.78,31.25,0.00
randomArrays,1,107,1.38,0.00,0.00
randomArrays,1,910,100.09,109.38,0.00
randomArrays,1,381,16.16,15.62,0.00
randomArrays,1,699,57.90,62.50,0.00
randomArrays,1,452,26.61,15.62,0.00
randomArrays,1,882,101.80,93.75,0.00
randomArrays,1,697,61.28,62.50,0.00
randomArrays,1,39,0.21,0.00,0.00
randomArrays,1,382,19.94,15.62,0.00
randomArrays,1,980,118.72,109.38,0.00
randomArrays,1,202,5.64,0.00,0.00
randomArrays,1,674,58.29,62.50,0.00
randomArrays,1,184,4.07,15.62,0.00
randomArrays,1,853,94.52,93.75,0.00
randomArrays,1,101,1.04,0.00,0.00
randomArrays,1,329,12.32,15.62,0.00
randomArrays,1,837,97.52,109.38,0.00
randomArrays,1,952,115.74,109.38,0.00
randomArrays,1,676,52.18,62.50,0.00
randomArrays,1,248,5.88,15.62,0.00
randomArrays,1,845,88.16,93.75,0.00
randomArrays,1,707,58.72,62.50,0.00
randomArrays,1,458,29.88,31.25,0.00
randomArrays,1,219,6.74,0.00,0.00
randomArrays,1,268,6.17,15.62,0.00
randomArrays,1,201,3.51,0.00,0.00
randomArrays,1,520,30.19,31.25,0.00
randomArrays,1,832,74.60,78.12,0.00
randomArrays,1,800,61.41,62.50,0.00
randomArrays,1,753,75.19,62.50,0.00
randomArrays,1,286,9.37,15.62,0.00
randomArrays,1,841,91.61,78.12,0.00
randomArrays,1,240,5.93,15.62,0.00
randomArrays,1,370,14.81,15.62,0.00
randomArrays,1,287,9.23,15.62,0.00
randomArrays,1,89,0.88,0.00,0.00
randomArrays,1,881,98.13,93.75,0.00
randomArrays,1,187,4.50,0.00,0.00
randomArrays,1,373,15.75,15.62,0.00
randomArrays,1,194,4.35,0.00,0.00
randomArrays,1,382,16.94,15.62,0.00
randomArrays,1,826,86.47,78.12,0.00
randomArrays,1,781,78.29,78.12,0.00
randomArrays,1,814,80.18,78.12,0.00
randomArrays,1,525,42.59,46.88,0.00
randomArrays,1,136,1.45,0.00,0.00
randomArrays,1,454,21.18,15.62,0.00
randomArrays,1,563,37.73,46.88,0.00
randomArrays,1,226,6.06,15.62,0.00
randomArrays,1,345,11.00,0.00,0.00
randomArrays,1,514,35.85,31.25,0.00
randomArrays,1,871,88.62,93.75,0.00
randomArrays,1,939,113.53,125.00,0.00
randomArrays,1,397,22.95,31.25,0.00
randomArrays,1,429,19.57,15.62,0.00
randomArrays,1,421,19.53,15.62,0.00
randomArrays,1,747,76.41,78.12,0.00
randomArrays,1,19,0.08,0.00,0.00
randomArrays,1,74,0.56,0.00,0.00
randomArrays,1,259,7.02,15.62,0.00
randomArrays,1,846,103.47,109.38,0.00
randomArrays,1,789,68.09,78.12,0.00
randomArrays,1,671,56.73,62.50,0.00
randomArrays,1,368,15.52,15.62,0.00
randomArrays,1,448,25.31,31.25,0.00
randomArrays,1,237,5.84,15.62,0.00
randomArrays,1,627,75.75,62.50,0.00
randomArrays,1,584,37.11,31.25,0.00
randomArrays,1,328,10.19,0.00,0.00
randomArrays,1,606,36.97,31.25,0.00
randomArrays,1,563,39.94,31.25,0.00
randomArrays,1,774,58.83,62.50,0.00
randomArrays,1,206,5.32,15.62,0.00
randomArrays,1,907,102.80,93.75,0.00
randomArrays,1,37,0.21,0.00,0.00
randomArrays,1,878,112.78,125.00,0.00
randomArrays,1,284,7.02,0.00,0.00
randomArrays,1,853,91.92,78.12,0.00
randomArrays,1,247,6.08,15.62,0.00
randomArrays,1,241,6.73,0.00,0.00
randomArrays,1,348,15.42,15.62,0.00
randomArrays,1,814,88.75,93.75,0.00
randomArrays,1,245,5.15,0.00,0.00
randomArrays,1,335,11.38,15.62,0.00
randomArrays,1,497,29.63,31.25,0.00
randomArrays,1,280,9.03,0.00,0.00
randomArrays,1,664,55.47,62.50,0.00
randomArrays,1,523,34.04,31.25,0.00
randomArrays,1,841,91.42,93.75,0.00
randomArrays,1,290,8.72,0.00,0.00
randomArrays,1,158,2.64,0.00,0.00
randomArrays,1,783,81.19,78.12,0.00
randomArrays,1,638,53.08,46.88,0.00
randomArrays,1,314,14.01,15.62,0.00
randomArrays,1,484,21.35,15.62,0.00
randomArrays,1,972,116.63,109.38,0.00
randomArrays,1,652,49.35,46.88,0.00
randomArrays,1,543,35.58,15.62,0.00
randomArrays,1,487,28.61,31.25,0.00
randomArrays,1,686,59.72,62.50,0.00
randomArrays,1,183,5.06,0.00,0.00
randomArrays,1,572,43.94,46.88,0.00
randomArrays,1,747,80.61,78.12,0.00
randomArrays,1,780,77.36,78.12,0.00
randomArrays,1,828,82.60,78.12,0.00
randomArrays,1,591,45.68,31.25,0.00
randomArrays,1,415,27.28,31.25,0.00
randomArrays,1,648,55.28,46.88,0.00
randomArrays,1,204,4.93,0.00,0.00
randomArrays,1,510,44.06,46.88,0.00
randomArrays,1,422,16.97,15.62,0.00
randomArrays,1,541,32.09,31.25,0.00
randomArrays,1,875,89.67,93.75,0.00
randomArrays,1,742,60.48,62.50,0.00
randomArrays,1,384,17.13,15.62,0.00
randomArrays,1,266,5.92,0.00,0.00
randomArrays,1,137,2.21,0.00,0.00
randomArrays,1,970,101.02,93.75,0.00
randomArrays,1,685,52.44,46.88,0.00
randomArrays,1,665,50.44,46.88,0.00
randomArrays,1,319,10.30,15.62,0.00
randomArrays,1,808,78.37,78.12,0.00
randomArrays,1,143,2.17,0.00,0.00
randomArrays,1,147,1.89,0.00,0.00
randomArrays,1,929,94.70,93.75,0.00
randomArrays,1,906,93.74,93.75,0.00
randomArrays,1,425,21.03,15.62,0.00
randomArrays,1,736,66.42,62.50,0.00
randomArrays,1,65,0.48,0.00,0.00
randomArrays,1,305,10.18,15.62,0.00
randomArrays,1,194,3.74,0.00,0.00
randomArrays,1,545,33.82,31.25,0.00
randomArrays,1,49,0.27,0.00,0.00
randomArrays,1,731,78.52,78.12,0.00
randomArrays,1,712,89.38,78.12,0.00
randomArrays,1,732,59.65,62.50,0.00
randomArrays,1,57,0.35,0.00,0.00
randomArrays,1,983,119.47,109.38,0.00
randomArrays,1,345,13.31,15.62,0.00
randomArrays,1,152,2.99,0.00,0.00
randomArrays,1,963,120.47,125.00,0.00
randomArrays,1,544,44.40,31.25,0.00
randomArrays,1,870,86.30,93.75,0.00
randomArrays,1,557,33.65,31.25,0.00
randomArrays,1,168,2.79,0.00,0.00
randomArrays,1,373,18.32,15.62,0.00
randomArrays,1,416,20.76,15.62,0.00
randomArrays,1,942,115.80,109.38,0.00
randomArrays,1,966,107.58,93.75,0.00
randomArrays,1,363,17.24,15.62,0.00
randomArrays,1,955,108.42,109.38,0.00
randomArrays,1,626,51.13,46.88,0.00
randomArrays,1,948,112.00,109.38,0.00
randomArrays,1,193,4.27,0.00,0.00
randomArrays,1,361,13.45,15.62,0.00
randomArrays,1,195,5.01,0.00,0.00
randomArrays,1,905,85.09,78.12,0.00
randomArrays,1,105,0.88,0.00,0.00
randomArrays,1,750,62.47,62.50,0.00
randomArrays,1,565,31.41,31.25,0.00
randomArrays,1,538,29.07,31.25,0.00
randomArrays,1,488,27.00,31.25,0.00
randomArrays,1,30,0.14,0.00,0.00
randomArrays,1,554,39.29,46.88,0.00
randomArrays,1,407,19.26,15.62,0.00
randomArrays,1,958,114.27,109.38,0.00
randomArrays,1,137,2.80,0.00,0.00
randomArrays,1,101,0.89,0.00,0.00
randomArrays,1,633,44.79,46.88,0.00
randomArrays,1,44,0.16,0.00,0.00
randomArrays,1,738,59.80,62.50,0.00
randomArrays,1,763,78.96,78.12,0.00
randomArrays,1,319,10.78,15.62,0.00
randomArrays,1,682,54.09,46.88,0.00
randomArrays,1,820,77.08,62.50,0.00
randomArrays,1,896,99.68,93.75,0.00
randomArrays,1,712,55.06,62.50,0.00
randomArrays,1,554,41.05,31.25,0.00
randomArrays,1,940,122.62,93.75,0.00
randomArrays,1,787,66.95,62.50,0.00
randomArrays,1,255,5.37,0.00,0.00
randomArrays,1,135,2.74,0.00,0.00
randomArrays,1,546,35.27,31.25,0.00
randomArrays,1,643,52.12,62.50,0.00
randomArrays,1,197,5.46,0.00,0.00
randomArrays,1,643,49.58,46.88,0.00
randomArrays,1,858,91.23,93.75,0.00
randomArrays,1,134,2.24,0.00,0.00
randomArrays,1,133,1.74,0.00,0.00
randomArrays,1,317,11.82,0.00,0.00
randomArrays,1,312,12.16,15.62,0.00
randomArrays,1,160,3.19,0.00,0.00
randomArrays,1,838,83.94,78.12,0.00
randomArrays,1,316,10.13,0.00,0.00
randomArrays,1,111,1.23,0.00,0.00
randomArrays,1,530,33.28,31.25,0.00
randomArrays,1,827,84.93,78.12,0.00
randomArrays,1,994,127.15,125.00,0.00
randomArrays,1,348,14.54,15.62,0.00
randomArrays,1,652,61.44,31.25,0.00
randomArrays,1,339,16.11,15.62,0.00
randomArrays,1,908,101.12,109.38,0.00
randomArrays,1,655,47.56,46.88,0.00
randomArrays,1,899,84.27,93.75,0.00
randomArrays,1,377,15.05,15.62,0.00
randomArrays,1,793,70.26,78.12,0.00
randomArrays,1,12,0.04,0.00,0.00
randomArrays,1,236,5.66,15.62,0.00
randomArrays,1,851,90.95,78.12,0.00
randomArrays,1,462,21.30,15.62,0.00
randomArrays,1,49,0.23,0.00,0.00
randomArrays,1,649,41.89,31.25,0.00
randomArrays,1,299,11.03,15.62,0.00
randomArrays,1,796,79.62,78.12,0.00
randomArrays,1,227,5.19,0.00,0.00
randomArrays,1,929,116.85,109.38,0.00
randomArrays,1,166,3.43,15.62,0.00
randomArrays,1,277,7.99,15.62,0.00
randomArrays,1,179,3.68,0.00,0.00
randomArrays,1,809,78.62,78.12,0.00
randomArrays,1,232,6.87,0.00,0.00
randomArrays,1,247,7.90,0.00,0.00
randomArrays,1,99,1.22,0.00,0.00
randomArrays,1,649,39.90,31.25,0.00
randomArrays,1,15,0.04,0.00,0.00
randomArrays,1,646,51.35,62.50,0.00
randomArrays,1,463,23.41,15.62,0.00
randomArrays,1,587,43.26,46.88,0.00
randomArrays,1,898,101.90,109.38,0.00
randomArrays,1,643,54.90,46.88,0.00
randomArrays,1,840,91.86,78.12,0.00
randomArrays,1,708,72.76,78.12,0.00
randomArrays,1,214,4.12,0.00,0.00
randomArrays,1,565,38.06,46.88,0.00
randomArrays,1,157,3.05,0.00,0.00
randomArrays,1,265,8.99,0.00,0.00
randomArrays,1,171,2.56,0.00,0.00
randomArrays,1,136,1.71,0.00,0.00
randomArrays,1,290,7.21,15.62,0.00
randomArrays,1,96,1.57,0.00,0.00
randomArrays,1,11,0.02,0.00,0.00
randomArrays,1,311,7.89,15.62,0.00
randomArrays,1,566,44.97,46.88,0.00
randomArrays,1,328,10.98,15.62,0.00
randomArrays,1,358,16.35,15.62,0.00
randomArrays,1,674,58.51,62.50,0.00
randomArrays,1,490,33.64,31.25,0.00
randomArrays,1,36,0.16,0.00,0.00
randomArrays,1,408,18.52,15.62,0.00
randomArrays,1,49,1.03,0.00,0.00
randomArrays,1,581,31.57,31.25,0.00
randomArrays,1,879,104.15,93.75,0.00
randomArrays,1,61,0.44,0.00,0.00
randomArrays,1,656,56.04,46.88,0.00
randomArrays,1,411,16.44,15.62,0.00
randomArrays,1,361,40.62,15.62,0.00
randomArrays,1,994,121.00,125.00,0.00
randomArrays,1,416,18.91,15.62,0.00
randomArrays,1,966,106.79,109.38,0.00
randomArrays,1,92,0.74,0.00,0.00
randomArrays,1,429,17.49,15.62,0.00
randomArrays,1,658,49.83,62.50,0.00
randomArrays,1,877,113.03,125.00,0.00
randomArrays,1,780,76.69,78.12,0.00
randomArrays,1,669,55.45,46.88,0.00
randomArrays,1,394,16.64,15.62,0.00
randomArrays,1,892,89.06,93.75,0.00
randomArrays,1,180,4.32,15.62,0.00
randomArrays,1,829,68.97,78.12,0.00
randomArrays,1,255,5.43,15.62,0.00
randomArrays,1,374,16.11,15.62,0.00
randomArrays,1,37,0.16,0.00,0.00
randomArrays,1,919,105.17,109.38,0.00
randomArrays,1,850,93.09,93.75,0.00
randomArrays,1,930,107.69,109.38,0.00
randomArrays,1,419,19.86,31.25,0.00
randomArrays,1,720,70.83,62.50,0.00
randomArrays,1,378,16.62,15.62,0.00
randomArrays,1,815,72.28,78.12,0.00
randomArrays,1,566,43.52,46.88,0.00
randomArrays,1,623,46.78,46.88,0.00
randomArrays,1,597,44.48,46.88,0.00
randomArrays,1,148,2.38,0.00,0.00
randomArrays,1,580,41.51,46.88,0.00
randomArrays,1,244,6.07,0.00,0.00
randomArrays,1,703,65.42,78.12,0.00
randomArrays,1,743,72.03,62.50,0.00
randomArrays,1,923,108.66,109.38,0.00
randomArrays,1,284,9.54,0.00,0.00
randomArrays,1,35,0.14,0.00,0.00
randomArrays,1,941,131.81,140.62,0.00
randomArrays,1,39,0.14,0.00,0.00
randomArrays,1,276,6.60,0.00,0.00
randomArrays,1,494,29.63,15.62,0.00
randomArrays,1,547,37.21,31.25,0.00
randomArrays,1,837,95.44,109.38,0.00
randomArrays,1,183,3.94,0.00,0.00
randomArrays,1,360,17.08,15.62,0.00
randomArrays,1,627,47.92,62.50,0.00
randomArrays,1,833,89.02,93.75,0.00
randomArrays,1,491,23.36,31.25,0.00
randomArrays,1,623,53.84,46.88,0.00
randomArrays,1,850,85.21,93.75,0.00
randomArrays,1,35,0.10,0.00,0.00
randomArrays,1,584,41.85,46.88,0.00
randomArrays,1,34,0.14,0.00,0.00
randomArrays,1,335,11.41,0.00,0.00
randomArrays,1,145,2.21,0.00,0.00
randomArrays,1,61,1.19,0.00,0.00
randomArrays,1,88,0.77,0.00,0.00
randomArrays,1,442,24.19,31.25,0.00
randomArrays,1,729,69.17,62.50,0.00
randomArrays,1,312,12.39,0.00,0.00
randomArrays,1,620,45.05,46.88,0.00
randomArrays,1,77,0.58,0.00,0.00
randomArrays,1,784,76.43,78.12,0.00
randomArrays,1,720,70.84,78.12,0.00
randomArrays,1,796,75.21,78.12,0.00
randomArrays,1,81,0.79,0.00,0.00
randomArrays,1,900,109.73,109.38,0.00
randomArrays,1,570,34.48,31.25,0.00
randomArrays,1,749,71.11,78.12,0.00
randomArrays,1,723,62.95,62.50,0.00
randomArrays,1,54,0.46,0.00,0.00
randomArrays,1,261,7.61,0.00,0.00
randomArrays,1,831,85.65,78.12,0.00
randomArrays,1,133,1.76,0.00,0.00
randomArrays,1,165,2.87,0.00,0.00
randomArrays,1,441,22.95,15.62,0.00
randomArrays,1,782,78.41,78.12,0.00
randomArrays,1,384,17.06,31.25,0.00
randomArrays,1,283,8.87,0.00,0.00
randomArrays,1,71,0.53,0.00,0.00
randomArrays,1,374,12.18,15.62,0.00
randomArrays,1,204,4.75,0.00,0.00
randomArrays,1,437,21.53,15.62,0.00
randomArrays,1,662,44.63,46.88,0.00
randomArrays,1,821,67.57,78.12,0.00
randomArrays,1,198,3.34,0.00,0.00
randomArrays,1,776,67.03,78.12,0.00
randomArrays,1,124,2.01,0.00,0.00
randomArrays,1,202,6.06,0.00,0.00
randomArrays,1,806,83.07,78.12,0.00
randomArrays,1,448,23.98,15.62,0.00
randomArrays,1,383,13.93,15.62,0.00
randomArrays,1,992,115.44,109.38,0.00
randomArrays,1,714,77.25,78.12,0.00
randomArrays,1,528,33.10,31.25,0.00
randomArrays,1,137,1.60,0.00,0.00
randomArrays,1,122,1.54,0.00,0.00
randomArrays,1,883,105.02,93.75,0.00
randomArrays,1,614,47.50,46.88,0.00
randomArrays,1,841,79.34,78.12,0.00
randomArrays,1,471,29.63,31.25,0.00
randomArrays,1,871,75.58,78.12,0.00
randomArrays,1,938,112.47,109.38,0.00
randomArrays,1,238,7.77,0.00,0.00
randomArrays,1,772,71.42,62.50,0.00
randomArrays,1,334,15.72,15.62,0.00
randomArrays,1,274,9.15,15.62,0.00
randomArrays,1,385,20.47,15.62,0.00
randomArrays,1,455,27.85,31.25,0.00
randomArrays,1,202,5.39,0.00,0.00
randomArrays,1,349,13.31,15.62,0.00
randomArrays,1,170,3.94,0.00,0.00
randomArrays,1,365,16.45,15.62,0.00
randomArrays,1,921,103.51,93.75,0.00
randomArrays,1,368,14.44,15.62,0.00
randomArrays,1,851,94.12,93.75,0.00
randomArrays,1,736,64.41,62.50,0.00
randomArrays,1,64,0.50,0.00,0.00
randomArrays,1,371,13.26,15.62,0.00
randomArrays,1,962,112.93,109.38,0.00
randomArrays,1,758,64.94,62.50,0.00
randomArrays,1,565,34.28,31.25,0.00
randomArrays,1,246,6.25,0.00,0.00
randomArrays,1,390,17.41,15.62,0.00
randomArrays,1,833,89.79,93.75,0.00
randomArrays,1,359,24.96,31.25,0.00
randomArrays,1,647,51.71,46.88,0.00
randomArrays,1,830,88.14,78.12,0.00
randomArrays,1,790,68.71,62.50,0.00
randomArrays,1,789,71.88,78.12,0.00
randomArrays,1,33,0.17,0.00,0.00
randomArrays,1,324,12.26,15.62,0.00
randomArrays,1,460,29.57,15.62,0.00
randomArrays,1,660,62.40,62.50,0.00
randomArrays,1,553,41.17,46.88,0.00
randomArrays,1,181,3.20,0.00,0.00
randomArrays,1,106,1.14,0.00,0.00
randomArrays,1,198,4.55,15.62,0.00
randomArrays,1,795,68.57,46.88,0.00
randomArrays,1,149,3.63,15.62,0.00
randomArrays,1,42,0.28,0.00,0.00
randomArrays,1,538,29.70,31.25,0.00
randomArrays,1,405,15.57,15.62,0.00
randomArrays,1,741,72.09,78.12,0.00
randomArrays,1,88,0.97,0.00,0.00
randomArrays,1,896,94.12,93.75,0.00
randomArrays,1,574,42.37,46.88,0.00
randomArrays,1,34,0.11,0.00,0.00
randomArrays,1,83,1.01,0.00,0.00
randomArrays,1,311,12.50,15.62,0.00
randomArrays,1,168,5.13,0.00,0.00
randomArrays,1,720,80.13,78.12,0.00
randomArrays,1,499,31.49,31.25,0.00
randomArrays,1,280,6.99,15.62,0.00
randomArrays,1,960,116.42,109.38,0.00
randomArrays,1,351,12.03,15.62,0.00
randomArrays,1,840,69.70,62.50,0.00
randomArrays,1,826,89.13,78.12,0.00
randomArrays,1,780,83.36,93.75,0.00
randomArrays,1,592,44.22,46.88,0.00
randomArrays,1,601,43.27,31.25,0.00
randomArrays,1,924,101.41,109.38,0.00
randomArrays,1,630,63.11,62.50,0.00
randomArrays,1,738,89.98,78.12,0.00
randomArrays,1,43,0.16,0.00,0.00
randomArrays,1,546,38.29,46.88,0.00
randomArrays,1,118,1.44,0.00,0.00
randomArrays,1,812,76.23,78.12,0.00
randomArrays,1,636,45.97,46.88,0.00
randomArrays,1,253,8.45,15.62,0.00
randomArrays,1,443,22.33,15.62,0.00
randomArrays,1,292,8.35,15.62,0.00
randomArrays,1,723,66.18,78.12,0.00
randomArrays,1,398,20.40,15.62,0.00
randomArrays,1,368,21.33,15.62,0.00
randomArrays,1,534,34.45,31.25,0.00
randomArrays,1,899,95.70,93.75,0.00
randomArrays,1,137,2.49,0.00,0.00
randomArrays,1,187,3.61,0.00,0.00
randomArrays,1,164,2.45,0.00,0.00
randomArrays,1,735,61.93,62.50,0.00
randomArrays,1,524,31.69,31.25,0.00
randomArrays,1,512,45.46,46.88,0.00
randomArrays,1,15,0.04,0.00,0.00
randomArrays,1,737,53.19,62.50,0.00
randomArrays,1,616,38.39,46.88,0.00
randomArrays,1,349,16.16,15.62,0.00
randomArrays,1,645,40.89,31.25,0.00
randomArrays,1,502,28.76,31.25,0.00
randomArrays,1,932,104.29,93.75,0.00
randomArrays,1,778,74.54,62.50,0.00
randomArrays,1,126,1.44,15.62,0.00
randomArrays,1,836,75.77,78.12,0.00
randomArrays,1,911,98.22,109.38,0.00
randomArrays,1,265,7.93,0.00,0.00
randomArrays,1,694,58.03,46.88,0.00
randomArrays,1,188,3.34,0.00,0.00
randomArrays,1,282,8.31,0.00,0.00
randomArrays,1,347,12.95,15.62,0.00
randomArrays,1,768,70.44,62.50,0.00
randomArrays,1,778,72.67,62.50,0.00
randomArrays,1,549,36.44,31.25,0.00
randomArrays,1,12,0.03,0.00,0.00
randomArrays,1,336,13.63,15.62,0.00
randomArrays,1,949,115.94,109.38,0.00
randomArrays,1,179,3.02,0.00,0.00
randomArrays,1,634,50.35,46.88,0.00
randomArrays,1,38,0.21,0.00,0.00
randomArrays,1,123,1.24,0.00,0.00
randomArrays,1,282,6.60,0.00,0.00
randomArrays,1,452,25.47,15.62,0.00
randomArrays,1,217,5.42,0.00,0.00
randomArrays,1,629,47.11,46.88,0.00
randomArrays,1,275,7.62,15.62,0.00
randomArrays,1,66,0.42,0.00,0.00
randomArrays,1,308,10.36,15.62,0.00
randomArrays,1,809,85.89,78.12,0.00
randomArrays,1,634,49.75,46.88,0.00
randomArrays,1,478,28.40,31.25,0.00
randomArrays,1,336,13.14,15.62,0.00
randomArrays,1,672,56.23,62.50,0.00
randomArrays,1,583,47.17,31.25,0.00
randomArrays,1,413,16.17,15.62,0.00
randomArrays,1,683,57.25,62.50,0.00
randomArrays,1,463,26.46,31.25,0.00
randomArrays,1,267,8.51,15.62,0.00
randomArrays,1,73,0.59,0.00,0.00
randomArrays,1,641,52.51,62.50,0.00
randomArrays,1,827,87.85,93.75,0.00
randomArrays,1,864,95.03,93.75,0.00
randomArrays,1,672,56.49,62.50,0.00
randomArrays,1,948,95.59,93.75,0.00
randomArrays,1,523,25.42,15.62,0.00
randomArrays,1,113,1.32,0.00,0.00
randomArrays,1,855,132.13,93.75,0.00
randomArrays,1,764,73.23,78.12,0.00
randomArrays,1,559,34.33,31.25,0.00
randomArrays,1,256,6.87,15.62,0.00
randomArrays,1,861,100.56,93.75,0.00
randomArrays,1,215,6.76,0.00,0.00
randomArrays,1,610,52.75,46.88,0.00
randomArrays,1,133,2.22,0.00,0.00
randomArrays,1,721,57.47,62.50,0.00
randomArrays,1,826,83.10,78.12,0.00
randomArrays,1,732,62.29,62.50,0.00
randomArrays,1,218,3.83,0.00,0.00
randomArrays,1,897,93.99,93.75,0.00
randomArrays,1,95,0.80,0.00,0.00
randomArrays,1,596,37.21,46.88,0.00
randomArrays,1,333,9.94,0.00,0.00
randomArrays,1,139,1.67,0.00,0.00
randomArrays,1,90,1.35,0.00,0.00
randomArrays,1,724,63.44,62.50,0.00
randomArrays,1,24,0.07,0.00,0.00
randomArrays,1,182,3.29,0.00,0.00
randomArrays,1,440,25.79,15.62,0.00
randomArrays,1,521,31.67,31.25,0.00
randomArrays,1,653,51.24,46.88,0.00
randomArrays,1,422,17.94,15.62,0.00
randomArrays,1,919,95.46,93.75,0.00
randomArrays,1,399,18.88,15.62,0.00
randomArrays,1,148,2.33,0.00,0.00
randomArrays,1,651,49.20,46.88,0.00
randomArrays,1,953,122.52,125.00,0.00
randomArrays,1,205,4.77,0.00,0.00
randomArrays,1,713,61.97,62.50,0.00
randomArrays,1,335,11.53,15.62,0.00
randomArrays,1,800,80.09,78.12,0.00
randomArrays,1,263,7.46,0.00,0.00
randomArrays,1,305,11.07,0.00,0.00
randomArrays,1,772,74.89,78.12,0.00
randomArrays,1,760,72.17,62.50,0.00
randomArrays,1,985,130.40,109.38,0.00
randomArrays,1,468,27.84,15.62,0.00
randomArrays,1,542,36.00,31.25,0.00
randomArrays,1,137,2.72,0.00,0.00
randomArrays,1,877,105.92,109.38,0.00
randomArrays,1,407,19.22,31.25,0.00
randomArrays,1,13,0.17,0.00,0.00
randomArrays,1,857,80.81,78.12,0.00
randomArrays,1,961,125.58,125.00,0.00
randomArrays,1,963,113.56,109.38,0.00
randomArrays,1,792,77.87,31.25,0.00
randomArrays,1,190,3.32,0.00,0.00
randomArrays,1,859,90.01,93.75,0.00
randomArrays,1,989,115.52,109.38,0.00
randomArrays,1,816,101.67,109.38,0.00
randomArrays,1,950,106.19,109.38,0.00
randomArrays,1,241,7.06,15.62,0.00
randomArrays,1,957,106.86,109.38,0.00
randomArrays,1,155,2.69,15.62,0.00
randomArrays,1,625,49.02,62.50,0.00
randomArrays,1,573,40.59,46.88,0.00
randomArrays,1,278,8.73,15.62,0.00
randomArrays,1,67,0.54,0.00,0.00
randomArrays,1,785,82.91,93.75,0.00
randomArrays,1,576,32.91,31.25,0.00
randomArrays,1,949,100.65,93.75,0.00
randomArrays,1,274,6.69,0.00,0.00
randomArrays,1,827,74.72,62.50,0.00
randomArrays,1,246,6.45,15.62,0.00
randomArrays,1,497,30.87,15.62,0.00
randomArrays,1,98,1.16,0.00,0.00
randomArrays,1,87,0.96,0.00,0.00
randomArrays,1,362,14.79,0.00,0.00
randomArrays,1,748,75.38,78.12,0.00
randomArrays,1,553,36.56,31.25,0.00
randomArrays,1,931,111.16,109.38,0.00
randomArrays,1,24,0.09,0.00,0.00
randomArrays,1,836,88.13,93.75,0.00
randomArrays,1,524,31.90,31.25,0.00
randomArrays,1,286,9.71,15.62,0.00
randomArrays,1,379,17.57,15.62,0.00
randomArrays,1,654,53.48,46.88,0.00
randomArrays,1,795,77.80,78.12,0.00
randomArrays,1,335,10.76,15.62,0.00
randomArrays,1,218,5.30,15.62,0.00
randomArrays,1,390,17.58,15.62,0.00
randomArrays,1,80,0.77,0.00,0.00
randomArrays,1,602,43.72,46.88,0.00
randomArrays,1,687,52.89,46.88,0.00
randomArrays,1,573,48.32,46.88,0.00
randomArrays,1,857,71.73,78.12,0.00
randomArrays,1,484,28.88,31.25,0.00
randomArrays,1,633,52.02,62.50,0.00
randomArrays,1,393,16.81,15.62,0.00
randomArrays,1,953,112.57,109.38,0.00
randomArrays,1,718,55.41,62.50,0.00
randomArrays,1,330,11.19,0.00,0.00
randomArrays,1,273,9.84,15.62,0.00
randomArrays,1,323,9.45,15.62,0.00
randomArrays,1,971,131.72,140.62,0.00
randomArrays,1,156,2.21,0.00,0.00
randomArrays,1,971,111.88,93.75,0.00
randomArrays,1,202,4.13,0.00,0.00
randomArrays,1,201,4.07,0.00,0.00
randomArrays,1,230,7.14,0.00,0.00
randomArrays,1,953,97.24,93.75,0.00
randomArrays,1,399,19.74,15.62,0.00
randomArrays,1,354,14.93,15.62,0.00
randomArrays,1,334,12.63,15.62,0.00
randomArrays,1,538,34.10,46.88,0.00
randomArrays,1,238,4.89,15.62,0.00
randomArrays,1,415,19.68,15.62,0.00
randomArrays,1,498,31.23,31.25,0.00
randomArrays,1,193,4.66,15.62,0.00
randomArrays,1,125,1.98,0.00,0.00
randomArrays,1,100,1.35,0.00,0.00
randomArrays,1,742,74.10,62.50,0.00
randomArrays,1,588,46.14,46.88,0.00
randomArrays,1,355,12.85,15.62,0.00
randomArrays,1,923,122.46,125.00,0.00
randomArrays,1,167,2.20,0.00,0.00
randomArrays,1,518,30.15,15.62,0.00
randomArrays,1,649,63.53,62.50,0.00
randomArrays,1,280,10.12,0.00,0.00
randomArrays,1,842,91.95,78.12,0.00
randomArrays,1,586,45.07,46.88,0.00
randomArrays,1,519,33.46,31.25,0.00
randomArrays,1,112,1.74,0.00,0.00
randomArrays,1,320,11.70,15.62,0.00
randomArrays,1,955,113.56,93.75,0.00
randomArrays,1,61,0.32,0.00,0.00
randomArrays,1,709,69.50,78.12,0.00
randomArrays,1,671,55.46,62.50,0.00
randomArrays,1,437,22.60,15.62,0.00
randomArrays,1,917,108.77,109.38,0.00
randomArrays,1,499,31.17,31.25,0.00
randomArrays,1,503,31.37,31.25,0.00
randomArrays,1,676,54.34,46.88,0.00
randomArrays,1,594,49.17,62.50,0.00
randomArrays,1,48,0.39,0.00,0.00
randomArrays,1,590,41.91,46.88,0.00
randomArrays,1,861,83.04,78.12,0.00
randomArrays,1,363,17.46,15.62,0.00
randomArrays,1,969,122.62,109.38,0.00
randomArrays,1,912,88.25,93.75,0.00
randomArrays,1,779,66.62,62.50,0.00
randomArrays,1,301,20.01,15.62,0.00
randomArrays,1,545,33.42,31.25,0.00
randomArrays,1,24,0.06,0.00,0.00
randomArrays,1,953,111.07,93.75,0.00
randomArrays,1,440,21.56,31.25,0.00
randomArrays,1,997,122.69,125.00,0.00
randomArrays,1,661,47.91,46.88,0.00
randomArrays,1,583,40.35,31.25,0.00
randomArrays,1,478,26.03,31.25,0.00
randomArrays,1,220,5.44,15.62,0.00
randomArrays,1,458,29.44,31.25,0.00
randomArrays,1,783,73.44,78.12,0.00
randomArrays,1,554,34.36,31.25,0.00
randomArrays,1,167,2.79,0.00,0.00
randomArrays,1,338,12.28,15.62,0.00
randomArrays,1,321,11.73,15.62,0.00
randomArrays,1,993,123.34,125.00,0.00
randomArrays,1,414,18.38,15.62,0.00
randomArrays,1,630,41.84,46.88,0.00
randomArrays,1,572,40.86,46.88,0.00
randomArrays,1,119,1.34,0.00,0.00
randomArrays,1,852,108.52,109.38,0.00
randomArrays,1,392,16.11,15.62,0.00
randomArrays,1,744,57.09,46.88,0.00
randomArrays,1,767,65.11,78.12,0.00
randomArrays,1,419,18.42,15.62,0.00
randomArrays,1,186,3.61,15.62,0.00
randomArrays,1,498,25.38,31.25,0.00
randomArrays,1,369,12.45,15.62,0.00
randomArrays,1,545,32.72,46.88,0.00
randomArrays,1,585,35.74,31.25,0.00
randomArrays,1,232,7.14,0.00,0.00
randomArrays,1,683,57.76,46.88,0.00
randomArrays,1,373,16.50,15.62,0.00
randomArrays,1,67,0.39,0.00,0.00
randomArrays,1,47,0.27,0.00,0.00
randomArrays,1,353,13.81,15.62,0.00
randomArrays,1,165,2.74,0.00,0.00
randomArrays,1,822,128.46,78.12,0.00
randomArrays,1,207,3.53,0.00,0.00
randomArrays,1,365,11.98,15.62,0.00
randomArrays,1,33,0.12,0.00,0.00
randomArrays,1,324,9.04,0.00,0.00
randomArrays,1,533,30.34,31.25,0.00
randomArrays,1,467,25.71,15.62,0.00
randomArrays,1,653,54.70,46.88,0.00
randomArrays,1,262,6.97,15.62,0.00
randomArrays,1,26,0.11,0.00,0.00
randomArrays,1,705,65.31,62.50,0.00
randomArrays,1,945,109.65,109.38,0.00
randomArrays,1,145,2.24,0.00,0.00
randomArrays,1,987,117.13,125.00,0.00
randomArrays,1,40,0.22,0.00,0.00
randomArrays,1,418,19.44,31.25,0.00
randomArrays,1,20,0.07,0.00,0.00
randomArrays,1,618,39.51,46.88,0.00
randomArrays,1,463,27.38,15.62,0.00
randomArrays,1,310,10.09,15.62,0.00
randomArrays,1,753,57.23,62.50,0.00
randomArrays,1,203,5.32,0.00,0.00
randomArrays,1,756,72.79,78.12,0.00
randomArrays,1,998,144.18,156.25,0.00
randomArrays,1,631,42.86,31.25,0.00
randomArrays,1,788,77.98,78.12,0.00
randomArrays,1,364,11.80,0.00,0.00
randomArrays,1,435,17.99,15.62,0.00
randomArrays,1,379,20.11,15.62,0.00
randomArrays,1,208,4.23,0.00,0.00
randomArrays,1,503,31.75,31.25,0.00
randomArrays,1,97,0.96,0.00,0.00
randomArrays,1,266,6.15,15.62,0.00
randomArrays,1,828,84.13,78.12,0.00
randomArrays,1,319,10.10,0.00,0.00
randomArrays,1,898,85.25,93.75,0.00
randomArrays,1,380,16.14,15.62,0.00
randomArrays,1,450,20.51,15.62,0.00
randomArrays,1,142,2.46,0.00,0.00
randomArrays,1,434,17.97,15.62,0.00
randomArrays,1,96,0.80,0.00,0.00
randomArrays,1,641,50.90,46.88,0.00
randomArrays,1,538,30.88,31.25,0.00
randomArrays,1,502,35.53,46.88,0.00
randomArrays,1,599,47.33,31.25,0.00
randomArrays,1,299,10.57,0.00,0.00
randomArrays,1,620,48.81,46.88,0.00
randomArrays,1,606,43.54,46.88,0.00
randomArrays,1,282,6.96,15.62,0.00
randomArrays,1,205,9.82,0.00,0.00
randomArrays,1,504,38.10,46.88,0.00
randomArrays,1,315,8.73,15.62,0.00
randomArrays,1,739,55.95,46.88,0.00
randomArrays,1,226,4.31,0.00,0.00
randomArrays,1,239,6.09,15.62,0.00
randomArrays,1,656,54.35,46.88,0.00
randomArrays,1,467,28.56,31.25,0.00
randomArrays,1,855,102.02,93.75,0.00
randomArrays,1,12,0.02,0.00,0.00
randomArrays,1,751,83.33,93.75,0.00
randomArrays,1,426,19.82,15.62,0.00
randomArrays,1,735,63.64,62.50,0.00
randomArrays,1,321,11.57,15.62,0.00
randomArrays,1,522,31.09,31.25,0.00
randomArrays,1,888,105.26,109.38,0.00
randomArrays,1,118,1.46,0.00,0.00
randomArrays,1,813,69.17,62.50,0.00
randomArrays,1,547,38.25,31.25,0.00
randomArrays,1,860,91.55,93.75,0.00
randomArrays,1,189,3.53,0.00,0.00
randomArrays,1,668,53.98,46.88,0.00
randomArrays,1,583,34.16,31.25,0.00
randomArrays,1,489,31.10,31.25,0.00
randomArrays,1,414,15.05,15.62,0.00
randomArrays,1,905,95.44,93.75,0.00
randomArrays,1,742,60.82,62.50,0.00
randomArrays,1,358,15.95,15.62,0.00
randomArrays,1,741,71.27,78.12,0.00
randomArrays,1,470,23.21,15.62,0.00
randomArrays,1,111,1.33,0.00,0.00
randomArrays,1,546,35.09,46.88,0.00
randomArrays,1,591,43.49,46.88,0.00
randomArrays,1,884,99.13,109.38,0.00
randomArrays,1,684,53.46,46.88,0.00
randomArrays,1,975,135.11,125.00,0.00
randomArrays,1,739,74.65,62.50,0.00
randomArrays,1,725,66.26,62.50,0.00
randomArrays,1,893,104.24,109.38,0.00
randomArrays,1,16,0.03,0.00,0.00
randomArrays,1,467,23.64,15.62,0.00
randomArrays,1,307,8.01,15.62,0.00
randomArrays,1,235,5.39,0.00,0.00
randomArrays,1,377,16.20,15.62,0.00
randomArrays,1,448,22.66,15.62,0.00
randomArrays,1,999,128.39,125.00,0.00
randomArrays,1,98,1.22,0.00,0.00
randomArrays,1,456,24.88,15.62,0.00
randomArrays,1,118,1.14,0.00,0.00
randomArrays,1,406,40.84,0.00,0.00
randomArrays,1,33,0.14,0.00,0.00
randomArrays,1,517,24.95,15.62,0.00
randomArrays,1,248,6.20,0.00,0.00
randomArrays,1,61,0.40,0.00,0.00
randomArrays,1,547,34.39,31.25,0.00
randomArrays,1,602,45.85,46.88,0.00
randomArrays,1,579,41.33,31.25,0.00
randomArrays,1,972,138.13,125.00,0.00
randomArrays,1,653,56.23,46.88,0.00
randomArrays,1,866,109.31,109.38,0.00
randomArrays,1,417,15.86,15.62,0.00
randomArrays,1,386,14.61,15.62,0.00
randomArrays,1,349,11.66,0.00,0.00
randomArrays,1,598,49.77,46.88,0.00
randomArrays,1,856,95.68,93.75,0.00
randomArrays,1,152,3.12,0.00,0.00
randomArrays,1,436,20.46,15.62,0.00
randomArrays,1,356,11.20,15.62,0.00
randomArrays,1,598,39.30,31.25,0.00
randomArrays,1,578,34.33,31.25,0.00
randomArrays,1,786,84.06,93.75,0.00
randomArrays,1,124,1.63,0.00,0.00
randomArrays,1,439,21.29,15.62,0.00
randomArrays,1,492,26.90,31.25,0.00
randomArrays,1,207,4.26,0.00,0.00
randomArrays,1,100,1.00,0.00,0.00
randomArrays,1,591,39.05,31.25,0.00
randomArrays,1,397,17.71,15.62,0.00
randomArrays,1,295,9.27,15.62,0.00
randomArrays,1,733,64.11,62.50,0.00
randomArrays,1,231,6.37,0.00,0.00
randomArrays,1,565,38.15,31.25,0.00
randomArrays,1,910,106.45,109.38,0.00
randomArrays,1,74,1.03,0.00,0.00
randomArrays,1,647,50.86,31.25,0.00
randomArrays,1,456,20.44,15.62,0.00
randomArrays,1,954,108.08,93.75,0.00
randomArrays,1,495,27.25,15.62,0.00
randomArrays,1,487,23.82,15.62,0.00
randomArrays,1,559,35.22,31.25,0.00
randomArrays,1,512,27.98,31.25,0.00
randomArrays,1,247,5.10,0.00,0.00
randomArrays,1,219,4.01,0.00,0.00
randomArrays,1,839,73.38,78.12,0.00
randomArrays,1,887,108.77,93.75,0.00
randomArrays,1,942,102.55,109.38,0.00
randomArrays,1,920,80.74,78.12,0.00
randomArrays,1,868,88.19,93.75,0.00
randomArrays,1,25,0.07,0.00,0.00
randomArrays,1,174,5.17,0.00,0.00
randomArrays,1,818,88.38,93.75,0.00
randomArrays,1,660,53.04,46.88,0.00
randomArrays,1,592,32.46,31.25,0.00
randomArrays,1,942,105.69,93.75,0.00
randomArrays,1,962,107.66,109.38,0.00
randomArrays,1,254,7.26,15.62,0.00
randomArrays,1,527,27.58,31.25,0.00
randomArrays,1,786,63.85,62.50,0.00
randomArrays,1,179,4.76,15.62,0.00
randomArrays,1,678,50.76,46.88,0.00
randomArrays,1,950,106.07,93.75,0.00
randomArrays,1,538,29.40,31.25,0.00
randomArrays,1,185,3.33,0.00,0.00
randomArrays,1,689,52.81,46.88,0.00
randomArrays,1,161,2.37,0.00,0.00
randomArrays,1,509,25.60,15.62,0.00
randomArrays,1,376,13.76,15.62,0.00
randomArrays,1,766,72.94,62.50,0.00
randomArrays,1,706,50.19,46.88,0.00
randomArrays,1,644,52.14,46.88,0.00
randomArrays,1,758,71.08,46.88,0.00
randomArrays,1,747,65.74,62.50,0.00
randomArrays,1,349,12.63,15.62,0.00
randomArrays,1,574,45.42,46.88,0.00
randomArrays,1,888,80.94,78.12,0.00
randomArrays,1,235,6.10,0.00,0.00
randomArrays,1,653,48.70,46.88,0.00
randomArrays,1,630,52.17,46.88,0.00
randomArrays,1,76,0.76,0.00,0.00
randomArrays,1,436,22.19,15.62,0.00
randomArrays,1,771,74.54,78.12,0.00
randomArrays,1,217,4.01,15.62,0.00
randomArrays,1,419,20.44,15.62,0.00
randomArrays,1,860,93.61,93.75,0.00
randomArrays,1,288,9.09,15.62,0.00
randomArrays,1,280,9.50,15.62,0.00
randomArrays,1,242,5.89,0.00,0.00
randomArrays,1,602,76.68,46.88,0.00
randomArrays,1,44,0.18,0.00,0.00
randomArrays,1,547,28.27,31.25,0.00
randomArrays,1,860,98.97,93.75,0.00
randomArrays,1,737,64.70,46.88,0.00
randomArrays,1,738,53.17,62.50,0.00
randomArrays,1,725,60.27,46.88,0.00
randomArrays,1,684,51.53,46.88,0.00
randomArrays,1,233,6.45,0.00,0.00
randomArrays,1,342,12.28,15.62,0.00
randomArrays,1,855,90.48,93.75,0.00
randomArrays,1,861,103.46,93.75,0.00
randomArrays,1,566,40.10,31.25,0.00
randomArrays,1,406,23.83,31.25,0.00
randomArrays,1,192,3.09,0.00,0.00
randomArrays,1,850,83.79,78.12,0.00
randomArrays,1,609,45.34,46.88,0.00
randomArrays,1,18,0.06,0.00,0.00
randomArrays,1,482,27.53,31.25,0.00
randomArrays,1,264,7.84,0.00,0.00
randomArrays,1,319,10.67,0.00,0.00
randomArrays,1,252,7.63,0.00,0.00
randomArrays,1,342,12.58,15.62,0.00
randomArrays,1,252,6.76,0.00,0.00
randomArrays,1,205,6.10,0.00,0.00
randomArrays,1,942,94.57,93.75,0.00
randomArrays,1,744,77.24,78.12,0.00
randomArrays,1,537,28.73,31.25,0.00
randomArrays,1,501,32.69,31.25,0.00
randomArrays,1,853,91.51,78.12,0.00
randomArrays,1,341,15.01,15.62,0.00
randomArrays,1,800,86.64,78.12,0.00
randomArrays,1,857,87.33,93.75,0.00
randomArrays,1,427,21.33,31.25,0.00
randomArrays,1,647,48.68,46.88,0.00
randomArrays,1,76,0.85,0.00,0.00
randomArrays,1,677,51.99,62.50,0.00
randomArrays,1,579,34.77,31.25,0.00
randomArrays,1,731,62.66,62.50,0.00
randomArrays,1,704,61.10,62.50,0.00
randomArrays,1,266,7.29,0.00,0.00
randomArrays,1,961,157.24,109.38,0.00
randomArrays,1,263,6.99,0.00,0.00
randomArrays,1,434,17.65,15.62,0.00
randomArrays,1,484,30.14,31.25,0.00
randomArrays,1,163,2.78,0.00,0.00
randomArrays,1,984,116.63,109.38,0.00
randomArrays,1,211,4.40,0.00,0.00
randomArrays,1,185,2.92,15.62,0.00
randomArrays,1,467,24.11,15.62,0.00
randomArrays,1,214,3.73,15.62,0.00
randomArrays,1,35,0.14,0.00,0.00
randomArrays,1,141,3.10,0.00,0.00
randomArrays,1,559,38.72,46.88,0.00
randomArrays,1,706,65.75,62.50,0.00
randomArrays,1,68,0.70,0.00,0.00
randomArrays,1,12,0.03,0.00,0.00
randomArrays,1,405,18.49,15.62,0.00
randomArrays,1,288,8.83,0.00,0.00
randomArrays,1,955,101.81,93.75,0.00
randomArrays,1,50,0.42,0.00,0.00
randomArrays,1,752,69.73,62.50,0.00
randomArrays,1,695,63.99,62.50,0.00
randomArrays,1,186,3.53,0.00,0.00
randomArrays,1,737,75.87,78.12,0.00
randomArrays,1,948,119.67,125.00,0.00
randomArrays,1,151,2.00,0.00,0.00
randomArrays,1,46,0.47,0.00,0.00
randomArrays,1,968,105.81,109.38,0.00
randomArrays,1,333,10.99,0.00,0.00
randomArrays,1,189,3.03,0.00,0.00
randomArrays,1,190,4.44,0.00,0.00
randomArrays,1,589,35.18,31.25,0.00
randomArrays,1,230,4.19,0.00,0.00
randomArrays,1,535,35.57,31.25,0.00
randomArrays,1,189,4.38,0.00,0.00
randomArrays,1,948,105.65,109.38,0.00
randomArrays,1,834,80.46,78.12,0.00
randomArrays,1,273,7.42,15.62,0.00
randomArrays,1,773,64.51,62.50,0.00
randomArrays,1,342,20.51,0.00,0.00
randomArrays,1,995,106.06,93.75,0.00
randomArrays,1,221,6.36,0.00,0.00
randomArrays,1,519,37.29,31.25,0.00
randomArrays,1,479,24.03,31.25,0.00
randomArrays,1,155,2.28,0.00,0.00
randomArrays,1,756,72.37,62.50,0.00
randomArrays,1,658,52.45,62.50,0.00
randomArrays,1,213,5.08,15.62,0.00
randomArrays,1,467,27.02,15.62,0.00
randomArrays,1,191,4.95,0.00,0.00
randomArrays,1,744,72.20,46.88,0.00
randomArrays,1,122,1.72,0.00,0.00
randomArrays,1,178,3.64,0.00,0.00
randomArrays,1,760,66.50,62.50,0.00
randomArrays,1,524,34.13,46.88,0.00
randomArrays,1,264,9.34,15.62,0.00
randomArrays,1,733,66.65,46.88,0.00
randomArrays,1,759,74.94,62.50,0.00
randomArrays,1,177,3.45,0.00,0.00
randomArrays,1,53,0.41,0.00,0.00
randomArrays,1,429,22.79,15.62,0.00
randomArrays,1,508,31.46,31.25,0.00
randomArrays,1,919,106.79,93.75,0.00
randomArrays,1,412,18.21,15.62,0.00
randomArrays,1,503,28.79,31.25,0.00
randomArrays,1,115,1.32,0.00,0.00
randomArrays,1,851,88.38,93.75,0.00
randomArrays,1,848,90.78,93.75,0.00
randomArrays,1,652,52.76,46.88,0.00
randomArrays,1,693,59.17,62.50,0.00
randomArrays,1,662,58.86,62.50,0.00
randomArrays,1,815,91.28,93.75,0.00
randomArrays,1,679,53.96,46.88,0.00
randomArrays,1,141,2.05,0.00,0.00
randomArrays,1,458,20.40,15.62,0.00
randomArrays,1,378,15.76,15.62,0.00
randomArrays,1,662,51.85,62.50,0.00
randomArrays,1,809,74.68,78.12,0.00
randomArrays,1,960,102.17,109.38,0.00
randomArrays,1,454,25.74,31.25,0.00
randomArrays,1,513,28.54,31.25,0.00
randomArrays,1,965,107.39,109.38,0.00
randomArrays,1,855,99.06,93.75,0.00
randomArrays,1,257,8.18,0.00,0.00
randomArrays,1,932,106.10,109.38,0.00
randomArrays,1,112,1.16,0.00,0.00
randomArrays,1,264,6.54,15.62,0.00
randomArrays,1,404,17.28,15.62,0.00
randomArrays,1,830,77.65,78.12,0.00
randomArrays,1,115,1.55,0.00,0.00
randomArrays,1,906,82.53,78.12,0.00
randomArrays,2,469,26.22,15.62,0.00
randomArrays,2,783,78.71,78.12,0.00
randomArrays,2,464,24.86,31.25,0.00
randomArrays,2,267,7.56,0.00,0.00
randomArrays,2,828,88.73,78.12,0.00
randomArrays,2,607,46.39,46.88,0.00
randomArrays,2,319,10.61,0.00,0.00
randomArrays,2,431,21.90,15.62,0.00
randomArrays,2,941,115.30,125.00,0.00
randomArrays,2,937,110.65,109.38,0.00
randomArrays,2,619,46.41,46.88,0.00
randomArrays,2,370,15.07,15.62,0.00
randomArrays,2,478,26.27,31.25,0.00
randomArrays,2,107,1.14,0.00,0.00
randomArrays,2,910,102.82,109.38,0.00
randomArrays,2,381,17.04,15.62,0.00
randomArrays,2,699,66.51,62.50,0.00
randomArrays,2,452,23.68,15.62,0.00
randomArrays,2,882,97.45,93.75,0.00
randomArrays,2,697,54.05,46.88,0.00
randomArrays,2,39,0.14,0.00,0.00
randomArrays,2,382,19.23,15.62,0.00
randomArrays,2,980,120.08,125.00,0.00
randomArrays,2,202,3.41,0.00,0.00
randomArrays,2,674,42.52,46.88,0.00
randomArrays,2,184,3.43,0.00,0.00
randomArrays,2,853,93.43,93.75,0.00
randomArrays,2,101,1.06,15.62,0.00
randomArrays,2,329,13.07,15.62,0.00
randomArrays,2,837,90.24,93.75,0.00
randomArrays,2,952,109.96,109.38,0.00
randomArrays,2,676,61.18,62.50,0.00
randomArrays,2,248,6.71,0.00,0.00
randomArrays,2,845,91.03,78.12,0.00
randomArrays,2,707,55.06,31.25,0.00
randomArrays,2,458,25.15,31.25,0.00
randomArrays,2,219,4.40,0.00,0.00
randomArrays,2,268,6.37,0.00,0.00
randomArrays,2,201,3.44,0.00,0.00
randomArrays,2,520,32.64,31.25,0.00
randomArrays,2,832,98.46,78.12,0.00
randomArrays,2,800,81.65,78.12,0.00
randomArrays,2,753,61.21,62.50,0.00
randomArrays,2,286,10.18,0.00,0.00
randomArrays,2,841,82.12,78.12,0.00
randomArrays,2,240,4.61,0.00,0.00
randomArrays,2,370,14.60,15.62,0.00
randomArrays,2,287,8.77,0.00,0.00
randomArrays,2,89,0.79,0.00,0.00
randomArrays,2,881,100.23,109.38,0.00
randomArrays,2,187,4.28,15.62,0.00
randomArrays,2,373,15.12,0.00,0.00
randomArrays,2,194,3.85,15.62,0.00
randomArrays,2,382,15.90,15.62,0.00
randomArrays,2,826,82.83,78.12,0.00
randomArrays,2,781,76.36,78.12,0.00
randomArrays,2,814,81.32,78.12,0.00
randomArrays,2,525,30.86,31.25,0.00
randomArrays,2,136,1.85,0.00,0.00
randomArrays,2,454,24.62,31.25,0.00
randomArrays,2,563,36.95,31.25,0.00
randomArrays,2,226,6.99,15.62,0.00
randomArrays,2,345,14.07,15.62,0.00
randomArrays,2,514,34.14,31.25,0.00
randomArrays,2,871,107.42,109.38,0.00
randomArrays,2,939,102.40,109.38,0.00
randomArrays,2,397,21.81,31.25,0.00
randomArrays,2,429,21.84,15.62,0.00
randomArrays,2,421,22.75,31.25,0.00
randomArrays,2,747,67.31,62.50,0.00
randomArrays,2,19,0.04,0.00,0.00
randomArrays,2,74,0.85,0.00,0.00
randomArrays,2,259,6.06,0.00,0.00
randomArrays,2,846,82.40,78.12,0.00
randomArrays,2,789,67.71,62.50,0.00
randomArrays,2,671,59.75,62.50,0.00
randomArrays,2,368,14.43,15.62,0.00
randomArrays,2,448,23.58,15.62,0.00
randomArrays,2,237,6.27,15.62,0.00
randomArrays,2,627,44.98,31.25,0.00
randomArrays,2,584,40.37,46.88,0.00
randomArrays,2,328,12.52,15.62,0.00
randomArrays,2,606,60.57,46.88,0.00
randomArrays,2,563,35.89,46.88,0.00
randomArrays,2,774,72.31,78.12,0.00
randomArrays,2,206,4.34,15.62,0.00
randomArrays,2,907,112.88,109.38,0.00
randomArrays,2,37,0.14,0.00,0.00
randomArrays,2,878,89.46,93.75,0.00
randomArrays,2,284,11.38,15.62,0.00
randomArrays,2,853,86.94,93.75,0.00
randomArrays,2,247,7.09,0.00,0.00
randomArrays,2,241,6.42,15.62,0.00
randomArrays,2,348,12.89,15.62,0.00
randomArrays,2,814,74.62,78.12,0.00
randomArrays,2,245,6.49,15.62,0.00
randomArrays,2,335,22.30,15.62,0.00
randomArrays,2,497,25.31,15.62,0.00
randomArrays,2,280,6.80,0.00,0.00
randomArrays,2,664,48.56,46.88,0.00
randomArrays,2,523,31.97,31.25,0.00
randomArrays,2,841,93.13,78.12,0.00
randomArrays,2,290,9.16,0.00,0.00
randomArrays,2,158,2.74,0.00,0.00
randomArrays,2,783,81.02,78.12,0.00
randomArrays,2,638,44.90,31.25,0.00
randomArrays,2,314,11.84,15.62,0.00
randomArrays,2,484,27.57,31.25,0.00
randomArrays,2,972,138.66,140.62,0.00
randomArrays,2,652,46.54,46.88,0.00
randomArrays,2,543,37.13,31.25,0.00
randomArrays,2,487,29.73,31.25,0.00
randomArrays,2,686,71.09,62.50,0.00
randomArrays,2,183,2.86,0.00,0.00
randomArrays,2,572,33.26,31.25,0.00
randomArrays,2,747,66.28,62.50,0.00
randomArrays,2,780,89.28,78.12,0.00
randomArrays,2,828,89.57,93.75,0.00
randomArrays,2,591,33.82,31.25,0.00
randomArrays,2,415,21.61,31.25,0.00
randomArrays,2,648,58.21,62.50,0.00
randomArrays,2,204,4.95,0.00,0.00
randomArrays,2,510,24.86,31.25,0.00
randomArrays,2,422,22.95,31.25,0.00
randomArrays,2,541,46.80,46.88,0.00
randomArrays,2,875,80.08,93.75,0.00
randomArrays,2,742,69.04,62.50,0.00
randomArrays,2,384,17.47,15.62,0.00
randomArrays,2,266,7.00,15.62,0.00
randomArrays,2,137,1.92,0.00,0.00
randomArrays,2,970,112.24,125.00,0.00
randomArrays,2,685,52.49,46.88,0.00
randomArrays,2,665,57.27,46.88,0.00
randomArrays,2,319,12.28,0.00,0.00
randomArrays,2,808,75.62,78.12,0.00
randomArrays,2,143,3.01,0.00,0.00
randomArrays,2,147,2.16,0.00,0.00
randomArrays,2,929,113.89,109.38,0.00
randomArrays,2,906,99.37,109.38,0.00
randomArrays,2,425,21.84,15.62,0.00
randomArrays,2,736,69.77,62.50,0.00
randomArrays,2,65,0.64,0.00,0.00
randomArrays,2,305,10.00,15.62,0.00
randomArrays,2,194,4.13,15.62,0.00
randomArrays,2,545,35.53,31.25,0.00
randomArrays,2,49,0.25,0.00,0.00
randomArrays,2,731,75.22,78.12,0.00
randomArrays,2,712,71.58,78.12,0.00
randomArrays,2,732,66.58,62.50,0.00
randomArrays,2,57,0.41,0.00,0.00
randomArrays,2,983,109.93,109.38,0.00
randomArrays,2,345,13.32,15.62,0.00
randomArrays,2,152,2.35,15.62,0.00
randomArrays,2,963,109.31,109.38,0.00
randomArrays,2,544,32.26,31.25,0.00
randomArrays,2,870,101.71,93.75,0.00
randomArrays,2,557,41.35,31.25,0.00
randomArrays,2,168,2.76,0.00,0.00
randomArrays,2,373,15.90,15.62,0.00
randomArrays,2,416,20.46,15.62,0.00
randomArrays,2,942,88.15,78.12,0.00
randomArrays,2,966,117.19,109.38,0.00
randomArrays,2,363,18.60,15.62,0.00
randomArrays,2,955,97.85,93.75,0.00
randomArrays,2,626,45.41,46.88,0.00
randomArrays,2,948,114.68,109.38,0.00
randomArrays,2,193,4.72,0.00,0.00
randomArrays,2,361,15.03,15.62,0.00
randomArrays,2,195,4.12,0.00,0.00
randomArrays,2,905,104.26,93.75,0.00
randomArrays,2,105,0.87,0.00,0.00
randomArrays,2,750,105.09,78.12,0.00
randomArrays,2,565,34.16,31.25,0.00
randomArrays,2,538,35.53,31.25,0.00
randomArrays,2,488,30.26,31.25,0.00
randomArrays,2,30,0.17,0.00,0.00
randomArrays,2,554,39.65,46.88,0.00
randomArrays,2,407,21.08,15.62,0.00
randomArrays,2,958,109.70,109.38,0.00
randomArrays,2,137,1.71,0.00,0.00
randomArrays,2,101,1.19,0.00,0.00
randomArrays,2,633,49.03,62.50,0.00
randomArrays,2,44,0.19,0.00,0.00
randomArrays,2,738,66.48,78.12,0.00
randomArrays,2,763,67.84,78.12,0.00
randomArrays,2,319,12.09,15.62,0.00
randomArrays,2,682,65.99,78.12,0.00
randomArrays,2,820,73.73,62.50,0.00
randomArrays,2,896,103.12,109.38,0.00
randomArrays,2,712,62.70,62.50,0.00
randomArrays,2,554,36.49,31.25,0.00
randomArrays,2,940,111.01,109.38,0.00
randomArrays,2,787,72.90,62.50,0.00
randomArrays,2,255,6.46,0.00,0.00
randomArrays,2,135,2.51,0.00,0.00
randomArrays,2,546,31.78,31.25,0.00
randomArrays,2,643,52.97,46.88,0.00
randomArrays,2,197,5.55,15.62,0.00
randomArrays,2,643,56.52,46.88,0.00
randomArrays,2,858,104.30,78.12,0.00
randomArrays,2,134,1.49,0.00,0.00
randomArrays,2,133,1.45,0.00,0.00
randomArrays,2,317,9.46,0.00,0.00
randomArrays,2,312,11.42,15.62,0.00
randomArrays,2,160,2.47,0.00,0.00
randomArrays,2,838,103.05,109.38,0.00
randomArrays,2,316,8.43,15.62,0.00
randomArrays,2,111,1.28,0.00,0.00
randomArrays,2,530,25.94,15.62,0.00
randomArrays,2,827,85.37,78.12,0.00
randomArrays,2,994,139.78,140.62,0.00
randomArrays,2,348,14.05,15.62,0.00
randomArrays,2,652,53.52,46.88,0.00
randomArrays,2,339,12.81,15.62,0.00
randomArrays,2,908,107.45,109.38,0.00
randomArrays,2,655,54.51,62.50,0.00
randomArrays,2,899,95.53,109.38,0.00
randomArrays,2,377,16.84,31.25,0.00
randomArrays,2,793,111.52,109.38,0.00
randomArrays,2,12,0.03,0.00,0.00
randomArrays,2,236,5.83,15.62,0.00
randomArrays,2,851,84.27,78.12,0.00
randomArrays,2,462,28.67,31.25,0.00
randomArrays,2,49,0.35,0.00,0.00
randomArrays,2,649,58.29,62.50,0.00
randomArrays,2,299,7.66,15.62,0.00
randomArrays,2,796,83.32,78.12,0.00
randomArrays,2,227,4.35,0.00,0.00
randomArrays,2,929,89.01,93.75,0.00
randomArrays,2,166,3.46,0.00,0.00
randomArrays,2,277,8.06,0.00,0.00
randomArrays,2,179,3.68,15.62,0.00
randomArrays,2,809,73.78,78.12,0.00
randomArrays,2,232,4.42,0.00,0.00
randomArrays,2,247,5.74,15.62,0.00
randomArrays,2,99,0.87,0.00,0.00
randomArrays,2,649,51.53,46.88,0.00
randomArrays,2,15,0.03,0.00,0.00
randomArrays,2,646,54.33,46.88,0.00
randomArrays,2,463,26.61,31.25,0.00
randomArrays,2,587,43.94,46.88,0.00
randomArrays,2,898,103.41,109.38,0.00
randomArrays,2,643,47.60,46.88,0.00
randomArrays,2,840,86.57,78.12,0.00
randomArrays,2,708,69.02,62.50,0.00
randomArrays,2,214,6.99,0.00,0.00
randomArrays,2,565,39.05,46.88,0.00
randomArrays,2,157,2.66,15.62,0.00
randomArrays,2,265,6.69,15.62,0.00
randomArrays,2,171,2.64,0.00,0.00
randomArrays,2,136,1.82,0.00,0.00
randomArrays,2,290,12.80,15.62,0.00
randomArrays,2,96,0.91,0.00,0.00
randomArrays,2,11,0.04,0.00,0.00
randomArrays,2,311,12.15,15.62,0.00
randomArrays,2,566,37.79,46.88,0.00
randomArrays,2,328,13.54,0.00,0.00
randomArrays,2,358,12.93,15.62,0.00
randomArrays,2,674,56.57,62.50,0.00
randomArrays,2,490,20.76,15.62,0.00
randomArrays,2,36,0.12,0.00,0.00
randomArrays,2,408,19.69,15.62,0.00
randomArrays,2,49,0.22,0.00,0.00
randomArrays,2,581,40.67,31.25,0.00
randomArrays,2,879,124.34,125.00,0.00
randomArrays,2,61,0.39,0.00,0.00
randomArrays,2,656,56.01,46.88,0.00
randomArrays,2,411,17.31,15.62,0.00
randomArrays,2,361,14.91,15.62,0.00
randomArrays,2,994,146.36,109.38,0.00
randomArrays,2,416,15.23,15.62,0.00
randomArrays,2,966,100.87,93.75,0.00
randomArrays,2,92,1.35,0.00,0.00
randomArrays,2,429,22.74,15.62,0.00
randomArrays,2,658,52.22,62.50,0.00
randomArrays,2,877,89.98,93.75,0.00
randomArrays,2,780,69.61,78.12,0.00
randomArrays,2,669,55.03,62.50,0.00
randomArrays,2,394,16.91,15.62,0.00
randomArrays,2,892,99.17,93.75,0.00
randomArrays,2,180,3.49,0.00,0.00
randomArrays,2,829,97.18,93.75,0.00
randomArrays,2,255,10.22,15.62,0.00
randomArrays,2,374,14.57,15.62,0.00
randomArrays,2,37,0.16,0.00,0.00
randomArrays,2,919,106.19,109.38,0.00
randomArrays,2,850,92.09,93.75,0.00
randomArrays,2,930,114.61,93.75,0.00
randomArrays,2,419,18.70,31.25,0.00
randomArrays,2,720,63.38,62.50,0.00
randomArrays,2,378,15.80,15.62,0.00
randomArrays,2,815,80.86,78.12,0.00
randomArrays,2,566,38.03,31.25,0.00
randomArrays,2,623,41.72,31.25,0.00
randomArrays,2,597,46.64,46.88,0.00
randomArrays,2,148,2.77,0.00,0.00
randomArrays,2,580,46.20,46.88,0.00
randomArrays,2,244,6.38,15.62,0.00
randomArrays,2,703,69.90,62.50,0.00
randomArrays,2,743,71.18,78.12,0.00
randomArrays,2,923,105.89,93.75,0.00
randomArrays,2,284,9.30,0.00,0.00
randomArrays,2,35,0.14,0.00,0.00
randomArrays,2,941,111.66,109.38,0.00
randomArrays,2,39,0.14,0.00,0.00
randomArrays,2,276,8.62,15.62,0.00
randomArrays,2,494,27.77,15.62,0.00
randomArrays,2,547,36.06,31.25,0.00
randomArrays,2,837,87.54,78.12,0.00
randomArrays,2,183,4.79,0.00,0.00
randomArrays,2,360,13.29,15.62,0.00
randomArrays,2,627,39.78,46.88,0.00
randomArrays,2,833,88.28,93.75,0.00
randomArrays,2,491,29.93,31.25,0.00
randomArrays,2,623,94.41,31.25,0.00
randomArrays,2,850,70.80,62.50,0.00
randomArrays,2,35,0.10,0.00,0.00
randomArrays,2,584,32.50,31.25,0.00
randomArrays,2,34,0.12,0.00,0.00
randomArrays,2,335,13.53,15.62,0.00
randomArrays,2,145,2.90,15.62,0.00
randomArrays,2,61,0.47,0.00,0.00
randomArrays,2,88,0.95,0.00,0.00
randomArrays,2,442,21.99,15.62,0.00
randomArrays,2,729,57.55,46.88,0.00
randomArrays,2,312,8.62,0.00,0.00
randomArrays,2,620,37.78,46.88,0.00
randomArrays,2,77,0.81,0.00,0.00
randomArrays,2,784,73.65,62.50,0.00
randomArrays,2,720,67.00,62.50,0.00
randomArrays,2,796,83.19,78.12,0.00
randomArrays,2,81,1.05,0.00,0.00
randomArrays,2,900,101.95,109.38,0.00
randomArrays,2,570,45.72,46.88,0.00
randomArrays,2,749,66.77,78.12,0.00
randomArrays,2,723,58.83,46.88,0.00
randomArrays,2,54,0.31,0.00,0.00
randomArrays,2,261,6.93,0.00,0.00
randomArrays,2,831,83.70,78.12,0.00
randomArrays,2,133,1.77,0.00,0.00
randomArrays,2,165,3.61,0.00,0.00
randomArrays,2,441,22.52,15.62,0.00
randomArrays,2,782,81.11,93.75,0.00
randomArrays,2,384,15.39,15.62,0.00
randomArrays,2,283,9.19,15.62,0.00
randomArrays,2,71,0.56,0.00,0.00
randomArrays,2,374,18.06,15.62,0.00
randomArrays,2,204,3.91,0.00,0.00
randomArrays,2,437,18.02,15.62,0.00
randomArrays,2,662,42.39,46.88,0.00
randomArrays,2,821,68.56,62.50,0.00
randomArrays,2,198,3.36,15.62,0.00
randomArrays,2,776,70.93,78.12,0.00
randomArrays,2,124,1.43,0.00,0.00
randomArrays,2,202,4.12,0.00,0.00
randomArrays,2,806,84.11,78.12,0.00
randomArrays,2,448,21.79,31.25,0.00
randomArrays,2,383,15.15,15.62,0.00
randomArrays,2,992,132.09,140.62,0.00
randomArrays,2,714,59.09,62.50,0.00
randomArrays,2,528,35.60,46.88,0.00
randomArrays,2,137,2.15,0.00,0.00
randomArrays,2,122,1.45,0.00,0.00
randomArrays,2,883,94.97,93.75,0.00
randomArrays,2,614,48.45,46.88,0.00
randomArrays,2,841,91.29,78.12,0.00
randomArrays,2,471,20.53,15.62,0.00
randomArrays,2,871,85.16,93.75,0.00
randomArrays,2,938,97.13,93.75,0.00
randomArrays,2,238,5.82,0.00,0.00
randomArrays,2,772,74.38,78.12,0.00
randomArrays,2,334,15.42,15.62,0.00
randomArrays,2,274,7.48,0.00,0.00
randomArrays,2,385,15.00,0.00,0.00
randomArrays,2,455,23.53,31.25,0.00
randomArrays,2,202,3.99,0.00,0.00
randomArrays,2,349,13.57,15.62,0.00
randomArrays,2,170,2.86,15.62,0.00
randomArrays,2,365,16.25,15.62,0.00
randomArrays,2,921,112.83,93.75,0.00
randomArrays,2,368,19.06,31.25,0.00
randomArrays,2,851,99.18,93.75,0.00
randomArrays,2,736,69.86,62.50,0.00
randomArrays,2,64,0.50,0.00,0.00
randomArrays,2,371,16.57,15.62,0.00
randomArrays,2,962,123.21,125.00,0.00
randomArrays,2,758,117.06,109.38,0.00
randomArrays,2,565,29.72,31.25,0.00
randomArrays,2,246,7.06,15.62,0.00
randomArrays,2,390,18.16,15.62,0.00
randomArrays,2,833,84.22,78.12,0.00
randomArrays,2,359,18.89,15.62,0.00
randomArrays,2,647,45.09,46.88,0.00
randomArrays,2,830,81.58,93.75,0.00
randomArrays,2,790,74.15,78.12,0.00
randomArrays,2,789,66.91,78.12,0.00
randomArrays,2,33,0.14,0.00,0.00
randomArrays,2,324,9.74,0.00,0.00
randomArrays,2,460,21.80,15.62,0.00
randomArrays,2,660,41.67,46.88,0.00
randomArrays,2,553,29.42,31.25,0.00
randomArrays,2,181,3.71,0.00,0.00
randomArrays,2,106,0.94,0.00,0.00
randomArrays,2,198,5.44,0.00,0.00
randomArrays,2,795,79.92,78.12,0.00
randomArrays,2,149,2.30,0.00,0.00
randomArrays,2,42,0.17,0.00,0.00
randomArrays,2,538,35.01,31.25,0.00
randomArrays,2,405,18.28,15.62,0.00
randomArrays,2,741,68.89,78.12,0.00
randomArrays,2,88,0.80,0.00,0.00
randomArrays,2,896,118.11,125.00,0.00
randomArrays,2,574,41.31,46.88,0.00
randomArrays,2,34,0.13,0.00,0.00
randomArrays,2,83,0.68,0.00,0.00
randomArrays,2,311,10.74,15.62,0.00
randomArrays,2,168,3.22,0.00,0.00
randomArrays,2,720,64.65,62.50,0.00
randomArrays,2,499,31.92,31.25,0.00
randomArrays,2,280,16.71,0.00,0.00
randomArrays,2,960,102.27,93.75,0.00
randomArrays,2,351,15.14,15.62,0.00
randomArrays,2,840,97.66,93.75,0.00
randomArrays,2,826,81.89,78.12,0.00
randomArrays,2,780,76.45,78.12,0.00
randomArrays,2,592,49.45,46.88,0.00
randomArrays,2,601,45.36,46.88,0.00
randomArrays,2,924,110.41,109.38,0.00
randomArrays,2,630,44.42,46.88,0.00
randomArrays,2,738,69.56,46.88,0.00
randomArrays,2,43,0.21,0.00,0.00
randomArrays,2,546,37.21,46.88,0.00
randomArrays,2,118,1.29,0.00,0.00
randomArrays,2,812,80.10,78.12,0.00
randomArrays,2,636,52.54,46.88,0.00
randomArrays,2,253,8.39,0.00,0.00
randomArrays,2,443,22.70,31.25,0.00
randomArrays,2,292,9.58,0.00,0.00
randomArrays,2,723,65.73,62.50,0.00
randomArrays,2,398,18.89,15.62,0.00
randomArrays,2,368,17.68,15.62,0.00
randomArrays,2,534,36.50,31.25,0.00
randomArrays,2,899,122.55,125.00,0.00
randomArrays,2,137,2.06,0.00,0.00
randomArrays,2,187,4.10,0.00,0.00
randomArrays,2,164,2.31,0.00,0.00
randomArrays,2,735,60.63,62.50,0.00
randomArrays,2,524,34.69,31.25,0.00
randomArrays,2,512,30.53,31.25,0.00
randomArrays,2,15,0.06,0.00,0.00
randomArrays,2,737,71.43,62.50,0.00
randomArrays,2,616,43.65,46.88,0.00
randomArrays,2,349,13.46,0.00,0.00
randomArrays,2,645,53.11,46.88,0.00
randomArrays,2,502,25.15,15.62,0.00
randomArrays,2,932,86.97,93.75,0.00
randomArrays,2,778,85.61,78.12,0.00
randomArrays,2,126,1.48,0.00,0.00
randomArrays,2,836,84.37,93.75,0.00
randomArrays,2,911,102.07,93.75,0.00
randomArrays,2,265,6.22,15.62,0.00
randomArrays,2,694,58.54,46.88,0.00
randomArrays,2,188,4.01,0.00,0.00
randomArrays,2,282,7.56,15.62,0.00
randomArrays,2,347,14.05,15.62,0.00
randomArrays,2,768,55.90,62.50,0.00
randomArrays,2,778,70.29,62.50,0.00
randomArrays,2,549,40.58,46.88,0.00
randomArrays,2,12,0.03,0.00,0.00
randomArrays,2,336,9.84,15.62,0.00
randomArrays,2,949,113.88,109.38,0.00
randomArrays,2,179,2.74,0.00,0.00
randomArrays,2,634,50.75,46.88,0.00
randomArrays,2,38,0.16,0.00,0.00
randomArrays,2,123,1.53,0.00,0.00
randomArrays,2,282,9.07,15.62,0.00
randomArrays,2,452,22.19,15.62,0.00
randomArrays,2,217,4.84,15.62,0.00
randomArrays,2,629,48.81,46.88,0.00
randomArrays,2,275,7.94,15.62,0.00
randomArrays,2,66,0.43,0.00,0.00
randomArrays,2,308,11.77,0.00,0.00
randomArrays,2,809,91.21,93.75,0.00
randomArrays,2,634,44.19,46.88,0.00
randomArrays,2,478,26.01,15.62,0.00
randomArrays,2,336,12.29,15.62,0.00
randomArrays,2,672,52.42,46.88,0.00
randomArrays,2,583,43.98,46.88,0.00
randomArrays,2,413,17.64,15.62,0.00
randomArrays,2,683,54.99,62.50,0.00
randomArrays,2,463,18.38,15.62,0.00
randomArrays,2,267,6.47,15.62,0.00
randomArrays,2,73,0.68,0.00,0.00
randomArrays,2,641,54.68,46.88,0.00
randomArrays,2,827,86.75,93.75,0.00
randomArrays,2,864,88.22,93.75,0.00
randomArrays,2,672,62.46,62.50,0.00
randomArrays,2,948,118.42,109.38,0.00
randomArrays,2,523,26.40,31.25,0.00
randomArrays,2,113,1.75,0.00,0.00
randomArrays,2,855,93.11,93.75,0.00
randomArrays,2,764,71.78,62.50,0.00
randomArrays,2,559,37.47,31.25,0.00
randomArrays,2,256,7.13,15.62,0.00
randomArrays,2,861,91.49,93.75,0.00
randomArrays,2,215,5.23,0.00,0.00
randomArrays,2,610,48.51,46.88,0.00
randomArrays,2,133,2.04,0.00,0.00
randomArrays,2,721,61.19,62.50,0.00
randomArrays,2,826,82.91,78.12,0.00
randomArrays,2,732,61.92,62.50,0.00
randomArrays,2,218,4.66,0.00,0.00
randomArrays,2,897,95.01,93.75,0.00
randomArrays,2,95,1.45,0.00,0.00
randomArrays,2,596,38.19,46.88,0.00
randomArrays,2,333,15.11,15.62,0.00
randomArrays,2,139,2.33,0.00,0.00
randomArrays,2,90,0.68,0.00,0.00
randomArrays,2,724,63.57,62.50,0.00
randomArrays,2,24,0.05,0.00,0.00
randomArrays,2,182,3.58,0.00,0.00
randomArrays,2,440,25.38,31.25,0.00
randomArrays,2,521,35.04,31.25,0.00
randomArrays,2,653,56.71,62.50,0.00
randomArrays,2,422,25.63,31.25,0.00
randomArrays,2,919,95.91,93.75,0.00
randomArrays,2,399,21.10,31.25,0.00
randomArrays,2,148,2.65,0.00,0.00
randomArrays,2,651,52.44,46.88,0.00
randomArrays,2,953,115.46,109.38,0.00
randomArrays,2,205,5.05,0.00,0.00
randomArrays,2,713,64.56,62.50,0.00
randomArrays,2,335,12.16,15.62,0.00
randomArrays,2,800,81.66,78.12,0.00
randomArrays,2,263,6.96,0.00,0.00
randomArrays,2,305,10.25,15.62,0.00
randomArrays,2,772,80.52,93.75,0.00
randomArrays,2,760,67.52,62.50,0.00
randomArrays,2,985,103.79,109.38,0.00
randomArrays,2,468,31.53,31.25,0.00
randomArrays,2,542,41.94,31.25,0.00
randomArrays,2,137,1.78,0.00,0.00
randomArrays,2,877,89.06,93.75,0.00
randomArrays,2,407,14.49,0.00,0.00
randomArrays,2,13,0.03,0.00,0.00
randomArrays,2,857,76.86,78.12,0.00
randomArrays,2,961,121.29,109.38,0.00
randomArrays,2,963,106.94,109.38,0.00
randomArrays,2,792,73.56,62.50,0.00
randomArrays,2,190,2.99,0.00,0.00
randomArrays,2,859,93.54,93.75,0.00
randomArrays,2,989,124.16,125.00,0.00
randomArrays,2,816,108.79,93.75,0.00
randomArrays,2,950,100.42,93.75,0.00
randomArrays,2,241,6.44,0.00,0.00
randomArrays,2,957,98.53,109.38,0.00
randomArrays,2,155,3.36,0.00,0.00
randomArrays,2,625,49.89,46.88,0.00
randomArrays,2,573,44.83,46.88,0.00
randomArrays,2,278,6.90,15.62,0.00
randomArrays,2,67,0.41,0.00,0.00
randomArrays,2,785,72.49,78.12,0.00
randomArrays,2,576,48.58,46.88,0.00
randomArrays,2,949,115.52,109.38,0.00
randomArrays,2,274,6.38,0.00,0.00
randomArrays,2,827,88.17,93.75,0.00
randomArrays,2,246,8.66,15.62,0.00
randomArrays,2,497,32.28,31.25,0.00
randomArrays,2,98,0.84,0.00,0.00
randomArrays,2,87,1.09,0.00,0.00
randomArrays,2,362,14.93,15.62,0.00
randomArrays,2,748,62.97,62.50,0.00
randomArrays,2,553,38.76,31.25,0.00
randomArrays,2,931,101.11,109.38,0.00
randomArrays,2,24,0.11,0.00,0.00
randomArrays,2,836,80.54,78.12,0.00
randomArrays,2,524,33.20,31.25,0.00
randomArrays,2,286,9.65,0.00,0.00
randomArrays,2,379,18.43,15.62,0.00
randomArrays,2,654,53.76,46.88,0.00
randomArrays,2,795,78.98,78.12,0.00
randomArrays,2,335,13.75,15.62,0.00
randomArrays,2,218,3.95,0.00,0.00
randomArrays,2,390,14.01,15.62,0.00
randomArrays,2,80,0.56,0.00,0.00
randomArrays,2,602,40.35,46.88,0.00
randomArrays,2,687,60.76,62.50,0.00
randomArrays,2,573,39.33,46.88,0.00
randomArrays,2,857,93.37,93.75,0.00
randomArrays,2,484,26.49,15.62,0.00
randomArrays,2,633,44.74,31.25,0.00
randomArrays,2,393,15.65,15.62,0.00
randomArrays,2,953,117.46,125.00,0.00
randomArrays,2,718,61.04,62.50,0.00
randomArrays,2,330,10.12,0.00,0.00
randomArrays,2,273,9.11,15.62,0.00
randomArrays,2,323,12.35,15.62,0.00
randomArrays,2,971,116.49,125.00,0.00
randomArrays,2,156,2.19,0.00,0.00
randomArrays,2,971,116.17,109.38,0.00
randomArrays,2,202,4.59,0.00,0.00
randomArrays,2,201,3.37,0.00,0.00
randomArrays,2,230,4.35,0.00,0.00
randomArrays,2,953,123.74,125.00,0.00
randomArrays,2,399,23.49,15.62,0.00
randomArrays,2,354,16.25,15.62,0.00
randomArrays,2,334,17.56,15.62,0.00
randomArrays,2,538,27.58,15.62,0.00
randomArrays,2,238,6.36,0.00,0.00
randomArrays,2,415,20.98,15.62,0.00
randomArrays,2,498,25.96,31.25,0.00
randomArrays,2,193,4.46,0.00,0.00
randomArrays,2,125,1.98,0.00,0.00
randomArrays,2,100,1.10,0.00,0.00
randomArrays,2,742,65.79,62.50,0.00
randomArrays,2,588,40.99,46.88,0.00
randomArrays,2,355,19.26,15.62,0.00
randomArrays,2,923,102.75,93.75,0.00
randomArrays,2,167,2.44,0.00,0.00
randomArrays,2,518,28.87,31.25,0.00
randomArrays,2,649,52.70,62.50,0.00
randomArrays,2,280,8.60,15.62,0.00
randomArrays,2,842,91.83,93.75,0.00
randomArrays,2,586,41.52,46.88,0.00
randomArrays,2,519,39.09,46.88,0.00
randomArrays,2,112,2.11,0.00,0.00
randomArrays,2,320,15.83,15.62,0.00
randomArrays,2,955,113.78,125.00,0.00
randomArrays,2,61,0.44,0.00,0.00
randomArrays,2,709,61.27,62.50,0.00
randomArrays,2,671,69.75,78.12,0.00
randomArrays,2,437,30.33,31.25,0.00
randomArrays,2,917,104.81,109.38,0.00
randomArrays,2,499,31.86,31.25,0.00
randomArrays,2,503,23.53,31.25,0.00
randomArrays,2,676,61.64,62.50,0.00
randomArrays,2,594,33.11,31.25,0.00
randomArrays,2,48,0.26,0.00,0.00
randomArrays,2,590,52.57,46.88,0.00
randomArrays,2,861,89.45,78.12,0.00
randomArrays,2,363,15.73,15.62,0.00
randomArrays,2,969,119.35,125.00,0.00
randomArrays,2,912,97.08,109.38,0.00
randomArrays,2,779,88.42,62.50,0.00
randomArrays,2,301,8.55,15.62,0.00
randomArrays,2,545,35.73,31.25,0.00
randomArrays,2,24,0.07,0.00,0.00
randomArrays,2,953,124.48,125.00,0.00
randomArrays,2,440,21.60,15.62,0.00
randomArrays,2,997,107.30,109.38,0.00
randomArrays,2,661,50.29,46.88,0.00
randomArrays,2,583,42.66,46.88,0.00
randomArrays,2,478,21.44,15.62,0.00
randomArrays,2,220,4.28,0.00,0.00
randomArrays,2,458,27.17,31.25,0.00
randomArrays,2,783,77.35,62.50,0.00
randomArrays,2,554,36.54,46.88,0.00
randomArrays,2,167,2.91,0.00,0.00
randomArrays,2,338,12.37,0.00,0.00
randomArrays,2,321,11.62,15.62,0.00
randomArrays,2,993,121.44,125.00,0.00
randomArrays,2,414,31.54,31.25,0.00
randomArrays,2,630,68.09,46.88,0.00
randomArrays,2,572,39.46,46.88,0.00
randomArrays,2,119,2.12,0.00,0.00
randomArrays,2,852,113.76,109.38,0.00
randomArrays,2,392,13.68,15.62,0.00
randomArrays,2,744,58.50,62.50,0.00
randomArrays,2,767,66.55,62.50,0.00
randomArrays,2,419,19.89,15.62,0.00
randomArrays,2,186,4.86,0.00,0.00
randomArrays,2,498,29.62,31.25,0.00
randomArrays,2,369,11.35,0.00,0.00
randomArrays,2,545,45.45,46.88,0.00
randomArrays,2,585,45.20,46.88,0.00
randomArrays,2,232,5.00,15.62,0.00
randomArrays,2,683,57.35,62.50,0.00
randomArrays,2,373,15.71,15.62,0.00
randomArrays,2,67,0.49,0.00,0.00
randomArrays,2,47,0.32,0.00,0.00
randomArrays,2,353,15.56,15.62,0.00
randomArrays,2,165,2.62,0.00,0.00
randomArrays,2,822,86.58,93.75,0.00
randomArrays,2,207,4.72,0.00,0.00
randomArrays,2,365,14.39,15.62,0.00
randomArrays,2,33,0.11,0.00,0.00
randomArrays,2,324,11.81,15.62,0.00
randomArrays,2,533,38.29,46.88,0.00
randomArrays,2,467,25.65,15.62,0.00
randomArrays,2,653,61.47,62.50,0.00
randomArrays,2,262,7.57,15.62,0.00
randomArrays,2,26,0.06,0.00,0.00
randomArrays,2,705,64.19,62.50,0.00
randomArrays,2,945,112.28,109.38,0.00
randomArrays,2,145,2.65,0.00,0.00
randomArrays,2,987,126.01,125.00,0.00
randomArrays,2,40,0.25,0.00,0.00
randomArrays,2,418,21.82,31.25,0.00
randomArrays,2,20,0.05,0.00,0.00
randomArrays,2,618,48.07,46.88,0.00
randomArrays,2,463,29.62,31.25,0.00
randomArrays,2,310,8.97,0.00,0.00
randomArrays,2,753,62.96,62.50,0.00
randomArrays,2,203,4.88,15.62,0.00
randomArrays,2,756,62.29,62.50,0.00
randomArrays,2,998,122.05,109.38,0.00
randomArrays,2,631,45.62,46.88,0.00
randomArrays,2,788,68.84,62.50,0.00
randomArrays,2,364,16.91,15.62,0.00
randomArrays,2,435,21.49,15.62,0.00
randomArrays,2,379,21.09,31.25,0.00
randomArrays,2,208,4.02,15.62,0.00
randomArrays,2,503,31.65,31.25,0.00
randomArrays,2,97,0.95,0.00,0.00
randomArrays,2,266,7.86,15.62,0.00
randomArrays,2,828,90.64,93.75,0.00
randomArrays,2,319,9.15,15.62,0.00
randomArrays,2,898,105.51,109.38,0.00
randomArrays,2,380,19.35,0.00,0.00
randomArrays,2,450,20.67,31.25,0.00
randomArrays,2,142,1.69,0.00,0.00
randomArrays,2,434,22.41,0.00,0.00
randomArrays,2,96,1.07,0.00,0.00
randomArrays,2,641,59.15,62.50,0.00
randomArrays,2,538,32.29,31.25,0.00
randomArrays,2,502,26.75,31.25,0.00
randomArrays,2,599,50.51,62.50,0.00
randomArrays,2,299,11.45,15.62,0.00
randomArrays,2,620,49.72,46.88,0.00
randomArrays,2,606,39.13,31.25,0.00
randomArrays,2,282,7.24,15.62,0.00
randomArrays,2,205,3.55,0.00,0.00
randomArrays,2,504,28.32,31.25,0.00
randomArrays,2,315,12.53,15.62,0.00
randomArrays,2,739,71.21,78.12,0.00
randomArrays,2,226,7.17,0.00,0.00
randomArrays,2,239,6.79,15.62,0.00
randomArrays,2,656,44.43,46.88,0.00
randomArrays,2,467,27.10,31.25,0.00
randomArrays,2,855,95.01,93.75,0.00
randomArrays,2,12,0.02,0.00,0.00
randomArrays,2,751,68.39,62.50,0.00
randomArrays,2,426,19.07,15.62,0.00
randomArrays,2,735,61.33,62.50,0.00
randomArrays,2,321,9.02,0.00,0.00
randomArrays,2,522,32.12,31.25,0.00
randomArrays,2,888,98.67,93.75,0.00
randomArrays,2,118,1.16,0.00,0.00
randomArrays,2,813,66.07,62.50,0.00
randomArrays,2,547,29.94,31.25,0.00
randomArrays,2,860,78.29,78.12,0.00
randomArrays,2,189,3.01,0.00,0.00
randomArrays,2,668,48.26,46.88,0.00
randomArrays,2,583,45.14,46.88,0.00
randomArrays,2,489,33.71,31.25,0.00
randomArrays,2,414,23.38,31.25,0.00
randomArrays,2,905,105.80,109.38,0.00
randomArrays,2,742,59.32,46.88,0.00
randomArrays,2,358,17.63,31.25,0.00
randomArrays,2,741,84.81,93.75,0.00
randomArrays,2,470,22.69,31.25,0.00
randomArrays,2,111,1.06,0.00,0.00
randomArrays,2,546,30.41,15.62,0.00
randomArrays,2,591,37.74,46.88,0.00
randomArrays,2,884,87.98,93.75,0.00
randomArrays,2,684,60.94,62.50,0.00
randomArrays,2,975,97.16,93.75,0.00
randomArrays,2,739,63.13,62.50,0.00
randomArrays,2,725,59.45,62.50,0.00
randomArrays,2,893,83.81,78.12,0.00
randomArrays,2,16,0.05,0.00,0.00
randomArrays,2,467,23.94,31.25,0.00
randomArrays,2,307,9.15,15.62,0.00
randomArrays,2,235,4.76,0.00,0.00
randomArrays,2,377,18.29,0.00,0.00
randomArrays,2,448,26.44,15.62,0.00
randomArrays,2,999,110.90,109.38,0.00
randomArrays,2,98,1.13,0.00,0.00
randomArrays,2,456,29.42,15.62,0.00
randomArrays,2,118,1.44,0.00,0.00
randomArrays,2,406,20.02,15.62,0.00
randomArrays,2,33,0.21,0.00,0.00
randomArrays,2,517,28.12,31.25,0.00
randomArrays,2,248,8.86,0.00,0.00
randomArrays,2,61,0.56,0.00,0.00
randomArrays,2,547,36.17,46.88,0.00
randomArrays,2,602,46.33,46.88,0.00
randomArrays,2,579,42.27,46.88,0.00
randomArrays,2,972,115.44,109.38,0.00
randomArrays,2,653,52.06,46.88,0.00
randomArrays,2,866,87.57,93.75,0.00
randomArrays,2,417,22.37,15.62,0.00
randomArrays,2,386,12.85,15.62,0.00
randomArrays,2,349,13.77,15.62,0.00
randomArrays,2,598,43.79,46.88,0.00
randomArrays,2,856,96.34,93.75,0.00
randomArrays,2,152,2.06,0.00,0.00
randomArrays,2,436,17.11,15.62,0.00
randomArrays,2,356,15.63,0.00,0.00
randomArrays,2,598,47.62,46.88,0.00
randomArrays,2,578,38.85,46.88,0.00
randomArrays,2,786,81.58,78.12,0.00
randomArrays,2,124,1.99,0.00,0.00
randomArrays,2,439,21.60,15.62,0.00
randomArrays,2,492,29.10,31.25,0.00
randomArrays,2,207,4.82,0.00,0.00
randomArrays,2,100,1.83,0.00,0.00
randomArrays,2,591,42.41,46.88,0.00
randomArrays,2,397,18.28,15.62,0.00
randomArrays,2,295,9.95,0.00,0.00
randomArrays,2,733,69.79,62.50,0.00
randomArrays,2,231,7.46,0.00,0.00
randomArrays,2,565,40.74,46.88,0.00
randomArrays,2,910,99.44,109.38,0.00
randomArrays,2,74,0.58,0.00,0.00
randomArrays,2,647,52.40,62.50,0.00
randomArrays,2,456,24.05,15.62,0.00
randomArrays,2,954,113.45,125.00,0.00
randomArrays,2,495,38.41,31.25,0.00
randomArrays,2,487,28.86,31.25,0.00
randomArrays,2,559,36.83,46.88,0.00
randomArrays,2,512,30.89,31.25,0.00
randomArrays,2,247,5.77,0.00,0.00
randomArrays,2,219,4.25,15.62,0.00
randomArrays,2,839,90.68,93.75,0.00
randomArrays,2,887,100.49,93.75,0.00
randomArrays,2,942,95.18,93.75,0.00
randomArrays,2,920,101.00,109.38,0.00
randomArrays,2,868,97.73,93.75,0.00
randomArrays,2,25,0.07,0.00,0.00
randomArrays,2,174,4.06,0.00,0.00
randomArrays,2,818,79.86,78.12,0.00
randomArrays,2,660,62.20,62.50,0.00
randomArrays,2,592,48.36,31.25,0.00
randomArrays,2,942,100.93,109.38,0.00
randomArrays,2,962,111.54,109.38,0.00
randomArrays,2,254,10.59,15.62,0.00
randomArrays,2,527,33.58,31.25,0.00
randomArrays,2,786,75.19,78.12,0.00
randomArrays,2,179,3.07,0.00,0.00
randomArrays,2,678,58.09,62.50,0.00
randomArrays,2,950,102.04,109.38,0.00
randomArrays,2,538,26.60,15.62,0.00
randomArrays,2,185,2.99,0.00,0.00
randomArrays,2,689,53.52,46.88,0.00
randomArrays,2,161,2.57,0.00,0.00
randomArrays,2,509,30.16,31.25,0.00
randomArrays,2,376,19.73,31.25,0.00
randomArrays,2,766,72.37,78.12,0.00
randomArrays,2,706,59.26,62.50,0.00
randomArrays,2,644,56.31,46.88,0.00
randomArrays,2,758,70.97,62.50,0.00
randomArrays,2,747,72.32,62.50,0.00
randomArrays,2,349,12.92,15.62,0.00
randomArrays,2,574,40.03,31.25,0.00
randomArrays,2,888,117.09,125.00,0.00
randomArrays,2,235,5.91,15.62,0.00
randomArrays,2,653,58.21,31.25,0.00
randomArrays,2,630,57.15,62.50,0.00
randomArrays,2,76,0.86,0.00,0.00
randomArrays,2,436,22.94,31.25,0.00
randomArrays,2,771,64.21,62.50,0.00
randomArrays,2,217,4.46,15.62,0.00
randomArrays,2,419,21.23,15.62,0.00
randomArrays,2,860,92.88,93.75,0.00
randomArrays,2,288,7.62,15.62,0.00
randomArrays,2,280,8.38,15.62,0.00
randomArrays,2,242,7.29,15.62,0.00
randomArrays,2,602,35.34,31.25,0.00
randomArrays,2,44,0.31,0.00,0.00
randomArrays,2,547,33.83,31.25,0.00
randomArrays,2,860,77.25,78.12,0.00
randomArrays,2,737,54.15,46.88,0.00
randomArrays,2,738,67.31,62.50,0.00
randomArrays,2,725,65.84,62.50,0.00
randomArrays,2,684,57.95,62.50,0.00
randomArrays,2,233,6.98,0.00,0.00
randomArrays,2,342,13.86,0.00,0.00
randomArrays,2,855,87.29,93.75,0.00
randomArrays,2,861,89.45,78.12,0.00
randomArrays,2,566,40.51,31.25,0.00
randomArrays,2,406,19.17,15.62,0.00
randomArrays,2,192,3.14,0.00,0.00
randomArrays,2,850,89.09,93.75,0.00
randomArrays,2,609,38.36,31.25,0.00
randomArrays,2,18,0.04,0.00,0.00
randomArrays,2,482,28.34,31.25,0.00
randomArrays,2,264,9.88,0.00,0.00
randomArrays,2,319,11.80,15.62,0.00
randomArrays,2,252,6.79,0.00,0.00
randomArrays,2,342,12.60,15.62,0.00
randomArrays,2,252,15.19,0.00,0.00
randomArrays,2,205,3.69,0.00,0.00
randomArrays,2,942,121.71,125.00,0.00
randomArrays,2,744,78.24,78.12,0.00
randomArrays,2,537,30.08,15.62,0.00
randomArrays,2,501,27.75,15.62,0.00
randomArrays,2,853,90.72,93.75,0.00
randomArrays,2,341,13.47,15.62,0.00
randomArrays,2,800,100.06,78.12,0.00
randomArrays,2,857,86.40,78.12,0.00
randomArrays,2,427,22.08,31.25,0.00
randomArrays,2,647,50.84,46.88,0.00
randomArrays,2,76,0.80,0.00,0.00
randomArrays,2,677,58.47,46.88,0.00
randomArrays,2,579,43.35,31.25,0.00
randomArrays,2,731,72.49,46.88,0.00
randomArrays,2,704,59.55,62.50,0.00
randomArrays,2,266,8.98,0.00,0.00
randomArrays,2,961,101.61,109.38,0.00
randomArrays,2,263,8.18,15.62,0.00
randomArrays,2,434,23.21,31.25,0.00
randomArrays,2,484,24.75,15.62,0.00
randomArrays,2,163,3.52,15.62,0.00
randomArrays,2,984,124.03,125.00,0.00
randomArrays,2,211,5.60,0.00,0.00
randomArrays,2,185,3.78,0.00,0.00
randomArrays,2,467,24.63,31.25,0.00
randomArrays,2,214,3.96,0.00,0.00
randomArrays,2,35,0.14,0.00,0.00
randomArrays,2,141,2.13,0.00,0.00
randomArrays,2,559,33.26,31.25,0.00
randomArrays,2,706,62.89,46.88,0.00
randomArrays,2,68,0.60,0.00,0.00
randomArrays,2,12,0.03,0.00,0.00
randomArrays,2,405,15.28,15.62,0.00
randomArrays,2,288,8.00,0.00,0.00
randomArrays,2,955,118.13,125.00,0.00
randomArrays,2,50,0.31,0.00,0.00
randomArrays,2,752,71.17,62.50,0.00
randomArrays,2,695,63.14,62.50,0.00
randomArrays,2,186,4.11,0.00,0.00
randomArrays,2,737,74.21,78.12,0.00
randomArrays,2,948,105.57,109.38,0.00
randomArrays,2,151,4.10,0.00,0.00
randomArrays,2,46,0.41,0.00,0.00
randomArrays,2,968,111.03,109.38,0.00
randomArrays,2,333,13.71,15.62,0.00
randomArrays,2,189,3.53,0.00,0.00
randomArrays,2,190,4.00,15.62,0.00
randomArrays,2,589,42.75,31.25,0.00
randomArrays,2,230,5.47,0.00,0.00
randomArrays,2,535,37.53,31.25,0.00
randomArrays,2,189,3.81,0.00,0.00
randomArrays,2,948,111.83,109.38,0.00
randomArrays,2,834,69.44,78.12,0.00
randomArrays,2,273,8.96,0.00,0.00
randomArrays,2,773,66.54,78.12,0.00
randomArrays,2,342,14.96,15.62,0.00
randomArrays,2,995,113.65,125.00,0.00
randomArrays,2,221,4.77,0.00,0.00
randomArrays,2,519,30.78,31.25,0.00
randomArrays,2,479,31.13,31.25,0.00
randomArrays,2,155,2.77,15.62,0.00
randomArrays,2,756,82.33,93.75,0.00
randomArrays,2,658,45.84,46.88,0.00
randomArrays,2,213,6.72,0.00,0.00
randomArrays,2,467,25.34,31.25,0.00
randomArrays,2,191,4.10,0.00,0.00
randomArrays,2,744,64.52,62.50,0.00
randomArrays,2,122,1.55,0.00,0.00
randomArrays,2,178,4.54,0.00,0.00
randomArrays,2,760,82.36,62.50,0.00
randomArrays,2,524,25.51,31.25,0.00
randomArrays,2,264,7.58,0.00,0.00
randomArrays,2,733,68.52,78.12,0.00
randomArrays,2,759,62.92,62.50,0.00
randomArrays,2,177,2.98,0.00,0.00
randomArrays,2,53,0.30,0.00,0.00
randomArrays,2,429,22.40,15.62,0.00
randomArrays,2,508,23.90,15.62,0.00
randomArrays,2,919,84.42,93.75,0.00
randomArrays,2,412,16.98,15.62,0.00
randomArrays,2,503,24.92,15.62,0.00
randomArrays,2,115,1.12,0.00,0.00
randomArrays,2,851,83.48,78.12,0.00
randomArrays,2,848,91.66,78.12,0.00
randomArrays,2,652,51.15,62.50,0.00
randomArrays,2,693,59.11,46.88,0.00
randomArrays,2,662,56.03,46.88,0.00
randomArrays,2,815,83.68,78.12,0.00
randomArrays,2,679,61.33,62.50,0.00
randomArrays,2,141,2.43,0.00,0.00
randomArrays,2,458,26.86,31.25,0.00
randomArrays,2,378,19.56,15.62,0.00
randomArrays,2,662,55.61,46.88,0.00
randomArrays,2,809,81.89,93.75,0.00
randomArrays,2,960,110.39,109.38,0.00
randomArrays,2,454,24.05,31.25,0.00
randomArrays,2,513,68.87,62.50,0.00
randomArrays,2,965,93.87,93.75,0.00
randomArrays,2,855,79.90,78.12,0.00
randomArrays,2,257,8.11,0.00,0.00
randomArrays,2,932,98.67,109.38,0.00
randomArrays,2,112,1.47,0.00,0.00
randomArrays,2,264,6.01,0.00,0.00
randomArrays,2,404,17.38,15.62,0.00
randomArrays,2,830,81.91,78.12,0.00
randomArrays,2,115,1.31,0.00,0.00
randomArrays,2,906,95.22,93.75,0.00
randomArrays,3,469,22.60,31.25,0.00
randomArrays,3,783,91.97,93.75,0.00
randomArrays,3,464,20.93,15.62,0.00
randomArrays,3,267,8.73,0.00,0.00
randomArrays,3,828,71.84,62.50,0.00
randomArrays,3,607,44.65,46.88,0.00
randomArrays,3,319,10.58,15.62,0.00
randomArrays,3,431,16.75,15.62,0.00
randomArrays,3,941,109.07,109.38,0.00
randomArrays,3,937,101.14,93.75,0.00
randomArrays,3,619,48.86,62.50,0.00
randomArrays,3,370,14.53,15.62,0.00
randomArrays,3,478,26.27,31.25,0.00
randomArrays,3,107,1.07,0.00,0.00
randomArrays,3,910,106.98,109.38,0.00
randomArrays,3,381,16.59,15.62,0.00
randomArrays,3,699,60.07,62.50,0.00
randomArrays,3,452,24.51,15.62,0.00
randomArrays,3,882,99.10,109.38,0.00
randomArrays,3,697,61.37,62.50,0.00
randomArrays,3,39,0.30,0.00,0.00
randomArrays,3,382,14.02,15.62,0.00
randomArrays,3,980,126.31,125.00,0.00
randomArrays,3,202,5.55,15.62,0.00
randomArrays,3,674,57.94,46.88,0.00
randomArrays,3,184,3.04,15.62,0.00
randomArrays,3,853,85.04,93.75,0.00
randomArrays,3,101,1.05,0.00,0.00
randomArrays,3,329,11.80,0.00,0.00
randomArrays,3,837,86.59,78.12,0.00
randomArrays,3,952,128.64,140.62,0.00
randomArrays,3,676,64.59,46.88,0.00
randomArrays,3,248,6.49,0.00,0.00
randomArrays,3,845,90.59,93.75,0.00
randomArrays,3,707,113.14,93.75,0.00
randomArrays,3,458,19.43,15.62,0.00
randomArrays,3,219,4.88,0.00,0.00
randomArrays,3,268,7.19,15.62,0.00
randomArrays,3,201,4.09,0.00,0.00
randomArrays,3,520,30.72,31.25,0.00
randomArrays,3,832,86.40,78.12,0.00
randomArrays,3,800,81.81,62.50,0.00
randomArrays,3,753,67.78,78.12,0.00
randomArrays,3,286,9.61,0.00,0.00
randomArrays,3,841,82.17,78.12,0.00
randomArrays,3,240,12.12,0.00,0.00
randomArrays,3,370,16.09,15.62,0.00
randomArrays,3,287,9.60,0.00,0.00
randomArrays,3,89,1.04,0.00,0.00
randomArrays,3,881,83.31,93.75,0.00
randomArrays,3,187,2.90,0.00,0.00
randomArrays,3,373,12.22,0.00,0.00
randomArrays,3,194,3.53,0.00,0.00
randomArrays,3,382,13.26,15.62,0.00
randomArrays,3,826,73.62,62.50,0.00
randomArrays,3,781,67.70,62.50,0.00
randomArrays,3,814,90.49,93.75,0.00
randomArrays,3,525,34.96,31.25,0.00
randomArrays,3,136,1.82,0.00,0.00
randomArrays,3,454,24.95,15.62,0.00
randomArrays,3,563,38.75,46.88,0.00
randomArrays,3,226,6.55,0.00,0.00
randomArrays,3,345,15.29,0.00,0.00
randomArrays,3,514,32.82,31.25,0.00
randomArrays,3,871,92.46,93.75,0.00
randomArrays,3,939,115.84,109.38,0.00
randomArrays,3,397,22.15,31.25,0.00
randomArrays,3,429,25.67,15.62,0.00
randomArrays,3,421,22.22,15.62,0.00
randomArrays,3,747,69.73,62.50,0.00
randomArrays,3,19,0.05,0.00,0.00
randomArrays,3,74,0.91,0.00,0.00
randomArrays,3,259,7.66,15.62,0.00
randomArrays,3,846,77.69,62.50,0.00
randomArrays,3,789,70.18,62.50,0.00
randomArrays,3,671,58.86,62.50,0.00
randomArrays,3,368,17.33,15.62,0.00
randomArrays,3,448,22.17,15.62,0.00
randomArrays,3,237,5.24,15.62,0.00
randomArrays,3,627,42.91,31.25,0.00
randomArrays,3,584,53.85,31.25,0.00
randomArrays,3,328,9.42,15.62,0.00
randomArrays,3,606,44.47,46.88,0.00
randomArrays,3,563,42.47,46.88,0.00
randomArrays,3,774,74.25,62.50,0.00
randomArrays,3,206,3.70,15.62,0.00
randomArrays,3,907,95.88,93.75,0.00
randomArrays,3,37,0.11,0.00,0.00
randomArrays,3,878,93.45,93.75,0.00
randomArrays,3,284,8.80,15.62,0.00
randomArrays,3,853,92.35,93.75,0.00
randomArrays,3,247,7.17,0.00,0.00
randomArrays,3,241,5.13,0.00,0.00
randomArrays,3,348,13.18,15.62,0.00
randomArrays,3,814,74.12,62.50,0.00
randomArrays,3,245,6.96,0.00,0.00
randomArrays,3,335,13.53,15.62,0.00
randomArrays,3,497,22.12,31.25,0.00
randomArrays,3,280,13.03,15.62,0.00
randomArrays,3,664,45.63,46.88,0.00
randomArrays,3,523,33.64,31.25,0.00
randomArrays,3,841,90.48,93.75,0.00
randomArrays,3,290,8.94,15.62,0.00
randomArrays,3,158,3.56,0.00,0.00
randomArrays,3,783,78.40,62.50,0.00
randomArrays,3,638,59.73,62.50,0.00
randomArrays,3,314,11.54,0.00,0.00
randomArrays,3,484,27.50,31.25,0.00
randomArrays,3,972,102.01,93.75,0.00
randomArrays,3,652,52.66,62.50,0.00
randomArrays,3,543,36.53,31.25,0.00
randomArrays,3,487,30.04,31.25,0.00
randomArrays,3,686,60.96,62.50,0.00
randomArrays,3,183,4.18,15.62,0.00
randomArrays,3,572,38.10,46.88,0.00
randomArrays,3,747,72.87,62.50,0.00
randomArrays,3,780,81.71,78.12,0.00
randomArrays,3,828,84.13,78.12,0.00
randomArrays,3,591,45.94,46.88,0.00
randomArrays,3,415,24.15,15.62,0.00
randomArrays,3,648,56.31,62.50,0.00
randomArrays,3,204,4.78,0.00,0.00
randomArrays,3,510,32.38,31.25,0.00
randomArrays,3,422,19.40,15.62,0.00
randomArrays,3,541,36.20,31.25,0.00
randomArrays,3,875,110.18,109.38,0.00
randomArrays,3,742,65.82,62.50,0.00
randomArrays,3,384,18.70,15.62,0.00
randomArrays,3,266,8.60,15.62,0.00
randomArrays,3,137,1.58,0.00,0.00
randomArrays,3,970,109.00,109.38,0.00
randomArrays,3,685,61.82,62.50,0.00
randomArrays,3,665,60.06,62.50,0.00
randomArrays,3,319,12.33,15.62,0.00
randomArrays,3,808,80.93,78.12,0.00
randomArrays,3,143,1.72,0.00,0.00
randomArrays,3,147,2.77,0.00,0.00
randomArrays,3,929,103.67,109.38,0.00
randomArrays,3,906,93.90,78.12,0.00
randomArrays,3,425,17.14,15.62,0.00
randomArrays,3,736,61.76,62.50,0.00
randomArrays,3,65,0.81,0.00,0.00
randomArrays,3,305,14.55,15.62,0.00
randomArrays,3,194,4.93,0.00,0.00
randomArrays,3,545,31.53,31.25,0.00
randomArrays,3,49,0.21,0.00,0.00
randomArrays,3,731,54.06,46.88,0.00
randomArrays,3,712,60.98,62.50,0.00
randomArrays,3,732,68.26,62.50,0.00
randomArrays,3,57,0.35,0.00,0.00
randomArrays,3,983,117.17,109.38,0.00
randomArrays,3,345,15.86,15.62,0.00
randomArrays,3,152,3.56,15.62,0.00
randomArrays,3,963,120.37,109.38,0.00
randomArrays,3,544,35.13,31.25,0.00
randomArrays,3,870,100.96,109.38,0.00
randomArrays,3,557,35.33,31.25,0.00
randomArrays,3,168,3.05,0.00,0.00
randomArrays,3,373,15.12,15.62,0.00
randomArrays,3,416,19.69,15.62,0.00
randomArrays,3,942,112.12,109.38,0.00
randomArrays,3,966,121.96,125.00,0.00
randomArrays,3,363,14.39,0.00,0.00
randomArrays,3,955,101.15,93.75,0.00
randomArrays,3,626,55.87,46.88,0.00
randomArrays,3,948,118.93,109.38,0.00
randomArrays,3,193,3.67,15.62,0.00
randomArrays,3,361,14.60,15.62,0.00
randomArrays,3,195,4.89,0.00,0.00
randomArrays,3,905,93.23,93.75,0.00
randomArrays,3,105,0.87,0.00,0.00
randomArrays,3,750,55.86,62.50,0.00
randomArrays,3,565,36.36,46.88,0.00
randomArrays,3,538,32.31,31.25,0.00
randomArrays,3,488,31.48,31.25,0.00
randomArrays,3,30,0.09,0.00,0.00
randomArrays,3,554,33.61,31.25,0.00
randomArrays,3,407,20.08,15.62,0.00
randomArrays,3,958,124.57,109.38,0.00
randomArrays,3,137,1.52,0.00,0.00
randomArrays,3,101,1.39,0.00,0.00
randomArrays,3,633,56.41,46.88,0.00
randomArrays,3,44,0.16,0.00,0.00
randomArrays,3,738,63.60,62.50,0.00
randomArrays,3,763,79.67,78.12,0.00
randomArrays,3,319,8.74,15.62,0.00
randomArrays,3,682,53.31,62.50,0.00
randomArrays,3,820,79.70,78.12,0.00
randomArrays,3,896,106.39,109.38,0.00
randomArrays,3,712,71.30,62.50,0.00
randomArrays,3,554,45.05,46.88,0.00
randomArrays,3,940,112.50,109.38,0.00
randomArrays,3,787,79.84,78.12,0.00
randomArrays,3,255,9.77,15.62,0.00
randomArrays,3,135,2.03,0.00,0.00
randomArrays,3,546,34.90,31.25,0.00
randomArrays,3,643,54.66,62.50,0.00
randomArrays,3,197,5.17,0.00,0.00
randomArrays,3,643,55.83,62.50,0.00
randomArrays,3,858,94.05,93.75,0.00
randomArrays,3,134,2.04,15.62,0.00
randomArrays,3,133,1.50,0.00,0.00
randomArrays,3,317,8.56,15.62,0.00
randomArrays,3,312,11.13,15.62,0.00
randomArrays,3,160,2.33,0.00,0.00
randomArrays,3,838,90.77,93.75,0.00
randomArrays,3,316,11.82,15.62,0.00
randomArrays,3,111,1.23,0.00,0.00
randomArrays,3,530,32.08,31.25,0.00
randomArrays,3,827,86.83,93.75,0.00
randomArrays,3,994,129.05,125.00,0.00
randomArrays,3,348,10.63,0.00,0.00
randomArrays,3,652,50.40,46.88,0.00
randomArrays,3,339,12.08,0.00,0.00
randomArrays,3,908,88.68,78.12,0.00
randomArrays,3,655,54.89,46.88,0.00
randomArrays,3,899,97.62,93.75,0.00
randomArrays,3,377,16.32,15.62,0.00
randomArrays,3,793,92.60,78.12,0.00
randomArrays,3,12,0.03,0.00,0.00
randomArrays,3,236,7.63,15.62,0.00
randomArrays,3,851,72.37,62.50,0.00
randomArrays,3,462,21.06,15.62,0.00
randomArrays,3,49,0.22,0.00,0.00
randomArrays,3,649,57.99,62.50,0.00
randomArrays,3,299,8.80,0.00,0.00
randomArrays,3,796,71.68,78.12,0.00
randomArrays,3,227,7.08,15.62,0.00
randomArrays,3,929,105.59,93.75,0.00
randomArrays,3,166,3.78,0.00,0.00
randomArrays,3,277,8.72,0.00,0.00
randomArrays,3,179,2.59,0.00,0.00
randomArrays,3,809,64.98,62.50,0.00
randomArrays,3,232,5.52,15.62,0.00
randomArrays,3,247,7.11,0.00,0.00
randomArrays,3,99,1.00,0.00,0.00
randomArrays,3,649,51.92,46.88,0.00
randomArrays,3,15,0.05,0.00,0.00
randomArrays,3,646,55.61,46.88,0.00
randomArrays,3,463,27.32,31.25,0.00
randomArrays,3,587,37.80,46.88,0.00
randomArrays,3,898,100.98,93.75,0.00
randomArrays,3,643,60.85,62.50,0.00
randomArrays,3,840,73.68,62.50,0.00
randomArrays,3,708,62.46,62.50,0.00
randomArrays,3,214,5.28,15.62,0.00
randomArrays,3,565,38.65,31.25,0.00
randomArrays,3,157,2.50,0.00,0.00
randomArrays,3,265,7.59,0.00,0.00
randomArrays,3,171,3.02,0.00,0.00
randomArrays,3,136,1.81,0.00,0.00
randomArrays,3,290,8.62,15.62,0.00
randomArrays,3,96,1.29,0.00,0.00
randomArrays,3,11,0.02,0.00,0.00
randomArrays,3,311,10.34,0.00,0.00
randomArrays,3,566,39.48,31.25,0.00
randomArrays,3,328,11.50,15.62,0.00
randomArrays,3,358,14.69,15.62,0.00
randomArrays,3,674,59.05,62.50,0.00
randomArrays,3,490,28.52,31.25,0.00
randomArrays,3,36,0.19,0.00,0.00
randomArrays,3,408,20.08,15.62,0.00
randomArrays,3,49,0.23,0.00,0.00
randomArrays,3,581,41.93,46.88,0.00
randomArrays,3,879,89.12,93.75,0.00
randomArrays,3,61,0.56,0.00,0.00
randomArrays,3,656,55.80,46.88,0.00
randomArrays,3,411,20.10,15.62,0.00
randomArrays,3,361,21.89,0.00,0.00
randomArrays,3,994,108.14,109.38,0.00
randomArrays,3,416,19.25,15.62,0.00
randomArrays,3,966,105.39,93.75,0.00
randomArrays,3,92,0.95,0.00,0.00
randomArrays,3,429,19.18,15.62,0.00
randomArrays,3,658,55.20,62.50,0.00
randomArrays,3,877,91.28,93.75,0.00
randomArrays,3,780,73.61,62.50,0.00
randomArrays,3,669,59.83,46.88,0.00
randomArrays,3,394,26.33,31.25,0.00
randomArrays,3,892,87.57,93.75,0.00
randomArrays,3,180,3.37,0.00,0.00
randomArrays,3,829,77.89,78.12,0.00
randomArrays,3,255,9.13,15.62,0.00
randomArrays,3,374,13.04,15.62,0.00
randomArrays,3,37,0.31,0.00,0.00
randomArrays,3,919,104.82,109.38,0.00
randomArrays,3,850,91.53,93.75,0.00
randomArrays,3,930,109.25,109.38,0.00
randomArrays,3,419,21.90,15.62,0.00
randomArrays,3,720,57.95,62.50,0.00
randomArrays,3,378,16.93,15.62,0.00
randomArrays,3,815,73.33,46.88,0.00
randomArrays,3,566,34.23,46.88,0.00
randomArrays,3,623,41.40,46.88,0.00
randomArrays,3,597,37.26,46.88,0.00
randomArrays,3,148,2.12,0.00,0.00
randomArrays,3,580,38.04,31.25,0.00
randomArrays,3,244,6.40,0.00,0.00
randomArrays,3,703,70.34,62.50,0.00
randomArrays,3,743,60.38,62.50,0.00
randomArrays,3,923,88.23,93.75,0.00
randomArrays,3,284,9.60,15.62,0.00
randomArrays,3,35,0.12,0.00,0.00
randomArrays,3,941,99.26,93.75,0.00
randomArrays,3,39,0.14,0.00,0.00
randomArrays,3,276,7.09,15.62,0.00
randomArrays,3,494,23.56,15.62,0.00
randomArrays,3,547,37.04,31.25,0.00
randomArrays,3,837,70.42,62.50,0.00
randomArrays,3,183,5.56,0.00,0.00
randomArrays,3,360,13.01,15.62,0.00
randomArrays,3,627,47.94,46.88,0.00
randomArrays,3,833,86.46,78.12,0.00
randomArrays,3,491,27.54,31.25,0.00
randomArrays,3,623,47.61,46.88,0.00
randomArrays,3,850,92.93,93.75,0.00
randomArrays,3,35,0.12,0.00,0.00
randomArrays,3,584,62.71,62.50,0.00
randomArrays,3,34,0.14,0.00,0.00
randomArrays,3,335,11.47,15.62,0.00
randomArrays,3,145,1.76,0.00,0.00
randomArrays,3,61,0.58,0.00,0.00
randomArrays,3,88,0.75,0.00,0.00
randomArrays,3,442,18.91,15.62,0.00
randomArrays,3,729,75.61,78.12,0.00
randomArrays,3,312,10.85,15.62,0.00
randomArrays,3,620,55.70,46.88,0.00
randomArrays,3,77,0.52,0.00,0.00
randomArrays,3,784,65.97,62.50,0.00
randomArrays,3,720,57.28,46.88,0.00
randomArrays,3,796,79.95,93.75,0.00
randomArrays,3,81,0.51,0.00,0.00
randomArrays,3,900,104.43,93.75,0.00
randomArrays,3,570,35.24,15.62,0.00
randomArrays,3,749,74.08,62.50,0.00
randomArrays,3,723,55.94,62.50,0.00
randomArrays,3,54,0.35,0.00,0.00
randomArrays,3,261,6.06,0.00,0.00
randomArrays,3,831,81.34,78.12,0.00
randomArrays,3,133,1.47,0.00,0.00
randomArrays,3,165,2.41,0.00,0.00
randomArrays,3,441,18.10,15.62,0.00
randomArrays,3,782,77.85,78.12,0.00
randomArrays,3,384,22.84,15.62,0.00
randomArrays,3,283,10.57,15.62,0.00
randomArrays,3,71,0.61,0.00,0.00
randomArrays,3,374,17.71,15.62,0.00
randomArrays,3,204,4.85,15.62,0.00
randomArrays,3,437,23.16,15.62,0.00
randomArrays,3,662,58.51,62.50,0.00
randomArrays,3,821,83.87,78.12,0.00
randomArrays,3,198,4.90,0.00,0.00
randomArrays,3,776,73.85,78.12,0.00
randomArrays,3,124,1.38,0.00,0.00
randomArrays,3,202,3.29,0.00,0.00
randomArrays,3,806,81.68,78.12,0.00
randomArrays,3,448,21.80,15.62,0.00
randomArrays,3,383,13.63,15.62,0.00
randomArrays,3,992,105.68,109.38,0.00
randomArrays,3,714,51.29,62.50,0.00
randomArrays,3,528,36.31,46.88,0.00
randomArrays,3,137,1.85,0.00,0.00
randomArrays,3,122,1.48,15.62,0.00
randomArrays,3,883,94.69,93.75,0.00
randomArrays,3,614,44.48,31.25,0.00
randomArrays,3,841,91.04,93.75,0.00
randomArrays,3,471,19.46,15.62,0.00
randomArrays,3,871,91.60,93.75,0.00
randomArrays,3,938,100.42,109.38,0.00
randomArrays,3,238,6.00,0.00,0.00
randomArrays,3,772,77.06,78.12,0.00
randomArrays,3,334,12.68,15.62,0.00
randomArrays,3,274,8.07,0.00,0.00
randomArrays,3,385,21.26,15.62,0.00
randomArrays,3,455,25.33,15.62,0.00
randomArrays,3,202,3.31,0.00,0.00
randomArrays,3,349,17.12,15.62,0.00
randomArrays,3,170,2.59,0.00,0.00
randomArrays,3,365,13.54,0.00,0.00
randomArrays,3,921,100.01,93.75,0.00
randomArrays,3,368,18.23,15.62,0.00
randomArrays,3,851,96.79,93.75,0.00
randomArrays,3,736,61.36,62.50,0.00
randomArrays,3,64,0.43,0.00,0.00
randomArrays,3,371,16.14,15.62,0.00
randomArrays,3,962,118.95,125.00,0.00
randomArrays,3,758,93.64,93.75,0.00
randomArrays,3,565,42.67,46.88,0.00
randomArrays,3,246,7.49,15.62,0.00
randomArrays,3,390,18.42,15.62,0.00
randomArrays,3,833,84.08,78.12,0.00
randomArrays,3,359,13.54,15.62,0.00
randomArrays,3,647,52.44,62.50,0.00
randomArrays,3,830,86.79,93.75,0.00
randomArrays,3,790,87.40,93.75,0.00
randomArrays,3,789,91.41,93.75,0.00
randomArrays,3,33,0.12,0.00,0.00
randomArrays,3,324,12.81,15.62,0.00
randomArrays,3,460,23.86,15.62,0.00
randomArrays,3,660,57.35,46.88,0.00
randomArrays,3,553,33.32,31.25,0.00
randomArrays,3,181,4.41,0.00,0.00
randomArrays,3,106,1.48,0.00,0.00
randomArrays,3,198,3.88,0.00,0.00
randomArrays,3,795,79.47,78.12,0.00
randomArrays,3,149,3.47,0.00,0.00
randomArrays,3,42,0.25,0.00,0.00
randomArrays,3,538,34.32,31.25,0.00
randomArrays,3,405,19.31,15.62,0.00
randomArrays,3,741,73.72,78.12,0.00
randomArrays,3,88,0.66,0.00,0.00
randomArrays,3,896,98.17,93.75,0.00
randomArrays,3,574,36.16,31.25,0.00
randomArrays,3,34,0.11,0.00,0.00
randomArrays,3,83,0.70,0.00,0.00
randomArrays,3,311,9.49,0.00,0.00
randomArrays,3,168,3.05,0.00,0.00
randomArrays,3,720,61.92,62.50,0.00
randomArrays,3,499,28.96,31.25,0.00
randomArrays,3,280,9.07,0.00,0.00
randomArrays,3,960,155.56,125.00,0.00
randomArrays,3,351,15.20,15.62,0.00
randomArrays,3,840,72.79,62.50,0.00
randomArrays,3,826,98.48,93.75,0.00
randomArrays,3,780,68.44,78.12,0.00
randomArrays,3,592,42.89,31.25,0.00
randomArrays,3,601,49.77,46.88,0.00
randomArrays,3,924,90.78,93.75,0.00
randomArrays,3,630,46.89,46.88,0.00
randomArrays,3,738,51.77,62.50,0.00
randomArrays,3,43,0.25,0.00,0.00
randomArrays,3,546,34.74,31.25,0.00
randomArrays,3,118,1.58,0.00,0.00
randomArrays,3,812,77.35,78.12,0.00
randomArrays,3,636,46.88,46.88,0.00
randomArrays,3,253,7.14,15.62,0.00
randomArrays,3,443,24.39,31.25,0.00
randomArrays,3,292,8.44,0.00,0.00
randomArrays,3,723,68.37,78.12,0.00
randomArrays,3,398,18.86,15.62,0.00
randomArrays,3,368,16.09,15.62,0.00
randomArrays,3,534,41.42,31.25,0.00
randomArrays,3,899,98.88,93.75,0.00
randomArrays,3,137,1.51,0.00,0.00
randomArrays,3,187,3.54,0.00,0.00
randomArrays,3,164,2.89,0.00,0.00
randomArrays,3,735,67.40,62.50,0.00
randomArrays,3,524,33.38,31.25,0.00
randomArrays,3,512,30.42,31.25,0.00
randomArrays,3,15,0.06,0.00,0.00
randomArrays,3,737,67.44,78.12,0.00
randomArrays,3,616,44.60,46.88,0.00
randomArrays,3,349,15.61,15.62,0.00
randomArrays,3,645,59.21,46.88,0.00
randomArrays,3,502,30.86,15.62,0.00
randomArrays,3,932,113.99,109.38,0.00
randomArrays,3,778,78.32,78.12,0.00
randomArrays,3,126,2.00,15.62,0.00
randomArrays,3,836,81.52,78.12,0.00
randomArrays,3,911,106.11,109.38,0.00
randomArrays,3,265,6.90,0.00,0.00
randomArrays,3,694,60.09,46.88,0.00
randomArrays,3,188,2.82,0.00,0.00
randomArrays,3,282,8.27,15.62,0.00
randomArrays,3,347,13.02,15.62,0.00
randomArrays,3,768,71.11,62.50,0.00
randomArrays,3,778,76.73,78.12,0.00
randomArrays,3,549,37.66,46.88,0.00
randomArrays,3,12,0.04,0.00,0.00
randomArrays,3,336,14.15,15.62,0.00
randomArrays,3,949,114.96,125.00,0.00
randomArrays,3,179,2.58,0.00,0.00
randomArrays,3,634,40.34,31.25,0.00
randomArrays,3,38,0.13,0.00,0.00
randomArrays,3,123,1.88,0.00,0.00
randomArrays,3,282,8.30,15.62,0.00
randomArrays,3,452,20.88,15.62,0.00
randomArrays,3,217,5.99,0.00,0.00
randomArrays,3,629,45.46,46.88,0.00
randomArrays,3,275,6.44,0.00,0.00
randomArrays,3,66,0.35,0.00,0.00
randomArrays,3,308,8.64,0.00,0.00
randomArrays,3,809,86.35,78.12,0.00
randomArrays,3,634,49.65,46.88,0.00
randomArrays,3,478,31.95,31.25,0.00
randomArrays,3,336,12.56,15.62,0.00
randomArrays,3,672,56.47,62.50,0.00
randomArrays,3,583,43.99,31.25,0.00
randomArrays,3,413,15.20,15.62,0.00
randomArrays,3,683,58.04,62.50,0.00
randomArrays,3,463,22.91,15.62,0.00
randomArrays,3,267,8.21,15.62,0.00
randomArrays,3,73,0.58,0.00,0.00
randomArrays,3,641,48.67,46.88,0.00
randomArrays,3,827,91.02,93.75,0.00
randomArrays,3,864,82.53,78.12,0.00
randomArrays,3,672,60.07,62.50,0.00
randomArrays,3,948,109.77,109.38,0.00
randomArrays,3,523,29.24,31.25,0.00
randomArrays,3,113,1.65,0.00,0.00
randomArrays,3,855,86.39,93.75,0.00
randomArrays,3,764,62.47,62.50,0.00
randomArrays,3,559,38.50,31.25,0.00
randomArrays,3,256,7.27,15.62,0.00
randomArrays,3,861,123.56,109.38,0.00
randomArrays,3,215,3.86,0.00,0.00
randomArrays,3,610,35.22,31.25,0.00
randomArrays,3,133,1.81,0.00,0.00
randomArrays,3,721,57.90,62.50,0.00
randomArrays,3,826,89.52,93.75,0.00
randomArrays,3,732,70.07,62.50,0.00
randomArrays,3,218,5.19,0.00,0.00
randomArrays,3,897,104.43,93.75,0.00
randomArrays,3,95,1.62,0.00,0.00
randomArrays,3,596,49.93,46.88,0.00
randomArrays,3,333,11.63,15.62,0.00
randomArrays,3,139,2.60,0.00,0.00
randomArrays,3,90,0.95,0.00,0.00
randomArrays,3,724,50.52,46.88,0.00
randomArrays,3,24,0.07,0.00,0.00
randomArrays,3,182,2.77,0.00,0.00
randomArrays,3,440,23.97,15.62,0.00
randomArrays,3,521,31.74,31.25,0.00
randomArrays,3,653,52.04,62.50,0.00
randomArrays,3,422,16.38,15.62,0.00
randomArrays,3,919,107.96,109.38,0.00
randomArrays,3,399,13.82,15.62,0.00
randomArrays,3,148,1.90,0.00,0.00
randomArrays,3,651,56.69,46.88,0.00
randomArrays,3,953,105.45,109.38,0.00
randomArrays,3,205,5.18,15.62,0.00
randomArrays,3,713,64.34,62.50,0.00
randomArrays,3,335,12.36,15.62,0.00
randomArrays,3,800,79.46,78.12,0.00
randomArrays,3,263,7.28,15.62,0.00
randomArrays,3,305,10.37,0.00,0.00
randomArrays,3,772,74.74,78.12,0.00
randomArrays,3,760,76.13,46.88,0.00
randomArrays,3,985,123.68,125.00,0.00
randomArrays,3,468,26.19,31.25,0.00
randomArrays,3,542,32.61,31.25,0.00
randomArrays,3,137,2.66,0.00,0.00
randomArrays,3,877,98.58,93.75,0.00
randomArrays,3,407,19.54,15.62,0.00
randomArrays,3,13,0.04,0.00,0.00
randomArrays,3,857,92.80,93.75,0.00
randomArrays,3,961,105.39,109.38,0.00
randomArrays,3,963,94.46,93.75,0.00
randomArrays,3,792,80.45,78.12,0.00
randomArrays,3,190,4.50,15.62,0.00
randomArrays,3,859,94.45,93.75,0.00
randomArrays,3,989,127.39,125.00,0.00
randomArrays,3,816,77.24,78.12,0.00
randomArrays,3,950,126.36,125.00,0.00
randomArrays,3,241,4.62,15.62,0.00
randomArrays,3,957,103.58,78.12,0.00
randomArrays,3,155,3.71,0.00,0.00
randomArrays,3,625,39.83,31.25,0.00
randomArrays,3,573,36.14,46.88,0.00
randomArrays,3,278,7.81,0.00,0.00
randomArrays,3,67,0.55,0.00,0.00
randomArrays,3,785,112.04,93.75,0.00
randomArrays,3,576,32.00,31.25,0.00
randomArrays,3,949,105.62,93.75,0.00
randomArrays,3,274,8.86,15.62,0.00
randomArrays,3,827,78.65,78.12,0.00
randomArrays,3,246,4.86,15.62,0.00
randomArrays,3,497,31.00,31.25,0.00
randomArrays,3,98,1.26,0.00,0.00
randomArrays,3,87,0.90,0.00,0.00
randomArrays,3,362,16.17,15.62,0.00
randomArrays,3,748,69.12,62.50,0.00
randomArrays,3,553,41.19,46.88,0.00
randomArrays,3,931,108.09,109.38,0.00
randomArrays,3,24,0.08,0.00,0.00
randomArrays,3,836,88.80,93.75,0.00
randomArrays,3,524,41.00,15.62,0.00
randomArrays,3,286,9.13,15.62,0.00
randomArrays,3,379,15.11,15.62,0.00
randomArrays,3,654,53.15,62.50,0.00
randomArrays,3,795,76.60,78.12,0.00
randomArrays,3,335,14.36,15.62,0.00
randomArrays,3,218,4.49,15.62,0.00
randomArrays,3,390,13.67,15.62,0.00
randomArrays,3,80,0.79,0.00,0.00
randomArrays,3,602,36.01,31.25,0.00
randomArrays,3,687,51.70,46.88,0.00
randomArrays,3,573,37.40,31.25,0.00
randomArrays,3,857,88.65,93.75,0.00
randomArrays,3,484,27.67,15.62,0.00
randomArrays,3,633,44.90,46.88,0.00
randomArrays,3,393,15.80,15.62,0.00
randomArrays,3,953,109.91,109.38,0.00
randomArrays,3,718,58.00,46.88,0.00
randomArrays,3,330,11.75,0.00,0.00
randomArrays,3,273,8.46,0.00,0.00
randomArrays,3,323,10.71,0.00,0.00
randomArrays,3,971,120.74,109.38,0.00
randomArrays,3,156,3.11,0.00,0.00
randomArrays,3,971,110.35,109.38,0.00
randomArrays,3,202,4.27,0.00,0.00
randomArrays,3,201,3.52,0.00,0.00
randomArrays,3,230,4.83,0.00,0.00
randomArrays,3,953,102.16,109.38,0.00
randomArrays,3,399,16.96,15.62,0.00
randomArrays,3,354,13.52,15.62,0.00
randomArrays,3,334,15.90,15.62,0.00
randomArrays,3,538,48.49,46.88,0.00
randomArrays,3,238,4.87,0.00,0.00
randomArrays,3,415,17.35,15.62,0.00
randomArrays,3,498,22.41,31.25,0.00
randomArrays,3,193,4.80,0.00,0.00
randomArrays,3,125,1.82,0.00,0.00
randomArrays,3,100,1.31,0.00,0.00
randomArrays,3,742,80.86,78.12,0.00
randomArrays,3,588,47.21,46.88,0.00
randomArrays,3,355,11.00,15.62,0.00
randomArrays,3,923,107.89,109.38,0.00
randomArrays,3,167,2.13,0.00,0.00
randomArrays,3,518,25.65,31.25,0.00
randomArrays,3,649,53.68,46.88,0.00
randomArrays,3,280,8.41,15.62,0.00
randomArrays,3,842,92.19,93.75,0.00
randomArrays,3,586,38.26,31.25,0.00
randomArrays,3,519,31.33,31.25,0.00
randomArrays,3,112,1.10,0.00,0.00
randomArrays,3,320,9.77,0.00,0.00
randomArrays,3,955,105.63,109.38,0.00
randomArrays,3,61,0.32,0.00,0.00
randomArrays,3,709,73.25,78.12,0.00
randomArrays,3,671,54.86,46.88,0.00
randomArrays,3,437,25.59,15.62,0.00
randomArrays,3,917,101.54,109.38,0.00
randomArrays,3,499,31.67,31.25,0.00
randomArrays,3,503,29.32,31.25,0.00
randomArrays,3,676,57.61,46.88,0.00
randomArrays,3,594,44.00,46.88,0.00
randomArrays,3,48,0.25,0.00,0.00
randomArrays,3,590,35.25,31.25,0.00
randomArrays,3,861,77.13,78.12,0.00
randomArrays,3,363,14.19,15.62,0.00
randomArrays,3,969,119.37,125.00,0.00
randomArrays,3,912,109.69,109.38,0.00
randomArrays,3,779,66.47,62.50,0.00
randomArrays,3,301,9.33,15.62,0.00
randomArrays,3,545,40.86,46.88,0.00
randomArrays,3,24,0.07,0.00,0.00
randomArrays,3,953,112.42,109.38,0.00
randomArrays,3,440,20.46,15.62,0.00
randomArrays,3,997,115.23,109.38,0.00
randomArrays,3,661,92.22,62.50,0.00
randomArrays,3,583,34.81,31.25,0.00
randomArrays,3,478,22.61,31.25,0.00
randomArrays,3,220,6.29,0.00,0.00
randomArrays,3,458,29.38,15.62,0.00
randomArrays,3,783,67.10,62.50,0.00
randomArrays,3,554,28.92,15.62,0.00
randomArrays,3,167,3.17,0.00,0.00
randomArrays,3,338,14.74,15.62,0.00
randomArrays,3,321,9.31,15.62,0.00
randomArrays,3,993,103.63,93.75,0.00
randomArrays,3,414,19.50,15.62,0.00
randomArrays,3,630,49.31,46.88,0.00
randomArrays,3,572,41.08,31.25,0.00
randomArrays,3,119,1.50,0.00,0.00
randomArrays,3,852,99.83,93.75,0.00
randomArrays,3,392,17.58,15.62,0.00
randomArrays,3,744,61.01,46.88,0.00
randomArrays,3,767,71.49,78.12,0.00
randomArrays,3,419,17.59,15.62,0.00
randomArrays,3,186,4.24,0.00,0.00
randomArrays,3,498,34.06,31.25,0.00
randomArrays,3,369,16.00,15.62,0.00
randomArrays,3,545,35.09,31.25,0.00
randomArrays,3,585,41.99,31.25,0.00
randomArrays,3,232,7.89,0.00,0.00
randomArrays,3,683,60.56,62.50,0.00
randomArrays,3,373,14.90,0.00,0.00
randomArrays,3,67,0.45,0.00,0.00
randomArrays,3,47,0.25,0.00,0.00
randomArrays,3,353,13.79,15.62,0.00
randomArrays,3,165,2.61,0.00,0.00
randomArrays,3,822,84.16,78.12,0.00
randomArrays,3,207,4.12,0.00,0.00
randomArrays,3,365,17.35,15.62,0.00
randomArrays,3,33,0.12,0.00,0.00
randomArrays,3,324,15.57,15.62,0.00
randomArrays,3,533,35.12,31.25,0.00
randomArrays,3,467,25.36,15.62,0.00
randomArrays,3,653,51.01,46.88,0.00
randomArrays,3,262,8.07,0.00,0.00
randomArrays,3,26,0.10,0.00,0.00
randomArrays,3,705,74.80,62.50,0.00
randomArrays,3,945,106.90,109.38,0.00
randomArrays,3,145,2.21,0.00,0.00
randomArrays,3,987,117.52,125.00,0.00
randomArrays,3,40,0.37,0.00,0.00
randomArrays,3,418,22.86,31.25,0.00
randomArrays,3,20,0.05,0.00,0.00
randomArrays,3,618,47.61,31.25,0.00
randomArrays,3,463,27.26,31.25,0.00
randomArrays,3,310,10.48,15.62,0.00
randomArrays,3,753,77.84,78.12,0.00
randomArrays,3,203,3.85,15.62,0.00
randomArrays,3,756,67.68,78.12,0.00
randomArrays,3,998,113.20,109.38,0.00
randomArrays,3,631,77.77,62.50,0.00
randomArrays,3,788,67.59,78.12,0.00
randomArrays,3,364,15.41,15.62,0.00
randomArrays,3,435,28.76,31.25,0.00
randomArrays,3,379,13.60,0.00,0.00
randomArrays,3,208,4.55,0.00,0.00
randomArrays,3,503,36.26,31.25,0.00
randomArrays,3,97,0.77,0.00,0.00
randomArrays,3,266,6.03,0.00,0.00
randomArrays,3,828,69.03,78.12,0.00
randomArrays,3,319,8.61,15.62,0.00
randomArrays,3,898,88.08,93.75,0.00
randomArrays,3,380,16.25,15.62,0.00
randomArrays,3,450,23.30,15.62,0.00
randomArrays,3,142,2.07,0.00,0.00
randomArrays,3,434,28.33,31.25,0.00
randomArrays,3,96,1.04,0.00,0.00
randomArrays,3,641,52.98,46.88,0.00
randomArrays,3,538,38.62,31.25,0.00
randomArrays,3,502,56.72,62.50,0.00
randomArrays,3,599,39.34,46.88,0.00
randomArrays,3,299,11.04,15.62,0.00
randomArrays,3,620,42.61,46.88,0.00
randomArrays,3,606,41.64,31.25,0.00
randomArrays,3,282,6.80,0.00,0.00
randomArrays,3,205,3.89,0.00,0.00
randomArrays,3,504,29.08,31.25,0.00
randomArrays,3,315,13.44,15.62,0.00
randomArrays,3,739,62.59,62.50,0.00
randomArrays,3,226,4.96,0.00,0.00
randomArrays,3,239,6.22,0.00,0.00
randomArrays,3,656,57.55,62.50,0.00
randomArrays,3,467,28.15,31.25,0.00
randomArrays,3,855,95.07,93.75,0.00
randomArrays,3,12,0.03,0.00,0.00
randomArrays,3,751,68.47,78.12,0.00
randomArrays,3,426,20.82,15.62,0.00
randomArrays,3,735,65.53,62.50,0.00
randomArrays,3,321,9.12,0.00,0.00
randomArrays,3,522,30.47,31.25,0.00
randomArrays,3,888,98.73,93.75,0.00
randomArrays,3,118,1.46,0.00,0.00
randomArrays,3,813,84.00,93.75,0.00
randomArrays,3,547,45.98,46.88,0.00
randomArrays,3,860,85.27,93.75,0.00
randomArrays,3,189,3.65,0.00,0.00
randomArrays,3,668,52.46,46.88,0.00
randomArrays,3,583,37.91,46.88,0.00
randomArrays,3,489,28.31,31.25,0.00
randomArrays,3,414,26.63,31.25,0.00
randomArrays,3,905,157.87,125.00,0.00
randomArrays,3,742,60.56,46.88,0.00
randomArrays,3,358,12.51,15.62,0.00
randomArrays,3,741,60.89,62.50,0.00
randomArrays,3,470,20.45,15.62,0.00
randomArrays,3,111,2.01,15.62,0.00
randomArrays,3,546,27.26,31.25,0.00
randomArrays,3,591,39.13,46.88,0.00
randomArrays,3,884,111.86,109.38,0.00
randomArrays,3,684,69.92,78.12,0.00
randomArrays,3,975,104.84,93.75,0.00
randomArrays,3,739,76.14,78.12,0.00
randomArrays,3,725,62.32,62.50,0.00
randomArrays,3,893,111.40,93.75,0.00
randomArrays,3,16,0.05,0.00,0.00
randomArrays,3,467,25.00,15.62,0.00
randomArrays,3,307,11.25,0.00,0.00
randomArrays,3,235,6.53,0.00,0.00
randomArrays,3,377,15.73,15.62,0.00
randomArrays,3,448,23.38,15.62,0.00
randomArrays,3,999,124.60,125.00,0.00
randomArrays,3,98,1.46,0.00,0.00
randomArrays,3,456,31.67,31.25,0.00
randomArrays,3,118,1.40,15.62,0.00
randomArrays,3,406,18.67,15.62,0.00
randomArrays,3,33,0.12,0.00,0.00
randomArrays,3,517,30.48,31.25,0.00
randomArrays,3,248,6.47,15.62,0.00
randomArrays,3,61,0.40,0.00,0.00
randomArrays,3,547,37.36,31.25,0.00
randomArrays,3,602,53.10,46.88,0.00
randomArrays,3,579,41.13,46.88,0.00
randomArrays,3,972,120.98,125.00,0.00
randomArrays,3,653,55.99,62.50,0.00
randomArrays,3,866,116.59,109.38,0.00
randomArrays,3,417,20.52,15.62,0.00
randomArrays,3,386,16.96,15.62,0.00
randomArrays,3,349,13.61,15.62,0.00
randomArrays,3,598,44.89,46.88,0.00
randomArrays,3,856,83.27,78.12,0.00
randomArrays,3,152,4.66,0.00,0.00
randomArrays,3,436,26.82,31.25,0.00
randomArrays,3,356,14.13,15.62,0.00
randomArrays,3,598,43.41,46.88,0.00
randomArrays,3,578,42.10,46.88,0.00
randomArrays,3,786,92.19,78.12,0.00
randomArrays,3,124,1.35,0.00,0.00
randomArrays,3,439,23.93,15.62,0.00
randomArrays,3,492,48.38,31.25,0.00
randomArrays,3,207,4.51,0.00,0.00
randomArrays,3,100,0.82,0.00,0.00
randomArrays,3,591,37.00,31.25,0.00
randomArrays,3,397,19.62,15.62,0.00
randomArrays,3,295,7.94,15.62,0.00
randomArrays,3,733,56.00,62.50,0.00
randomArrays,3,231,4.88,0.00,0.00
randomArrays,3,565,33.61,31.25,0.00
randomArrays,3,910,81.16,78.12,0.00
randomArrays,3,74,0.60,0.00,0.00
randomArrays,3,647,42.93,31.25,0.00
randomArrays,3,456,25.99,15.62,0.00
randomArrays,3,954,115.45,125.00,0.00
randomArrays,3,495,33.05,31.25,0.00
randomArrays,3,487,27.82,15.62,0.00
randomArrays,3,559,38.26,31.25,0.00
randomArrays,3,512,32.01,31.25,0.00
randomArrays,3,247,7.52,15.62,0.00
randomArrays,3,219,31.04,15.62,0.00
randomArrays,3,839,86.61,93.75,0.00
randomArrays,3,887,89.24,93.75,0.00
randomArrays,3,942,112.59,109.38,0.00
randomArrays,3,920,105.98,109.38,0.00
randomArrays,3,868,105.09,109.38,0.00
randomArrays,3,25,0.06,0.00,0.00
randomArrays,3,174,4.63,0.00,0.00
randomArrays,3,818,78.68,78.12,0.00
randomArrays,3,660,51.60,46.88,0.00
randomArrays,3,592,43.66,46.88,0.00
randomArrays,3,942,111.25,109.38,0.00
randomArrays,3,962,118.85,109.38,0.00
randomArrays,3,254,7.49,0.00,0.00
randomArrays,3,527,35.28,31.25,0.00
randomArrays,3,786,78.82,78.12,0.00
randomArrays,3,179,2.57,0.00,0.00
randomArrays,3,678,51.95,46.88,0.00
randomArrays,3,950,91.76,93.75,0.00
randomArrays,3,538,30.50,31.25,0.00
randomArrays,3,185,4.58,0.00,0.00
randomArrays,3,689,60.47,62.50,0.00
randomArrays,3,161,3.10,0.00,0.00
randomArrays,3,509,28.57,31.25,0.00
randomArrays,3,376,15.95,15.62,0.00
randomArrays,3,766,70.23,62.50,0.00
randomArrays,3,706,61.37,62.50,0.00
randomArrays,3,644,44.90,46.88,0.00
randomArrays,3,758,62.54,62.50,0.00
randomArrays,3,747,57.06,46.88,0.00
randomArrays,3,349,13.14,15.62,0.00
randomArrays,3,574,34.78,46.88,0.00
randomArrays,3,888,109.72,109.38,0.00
randomArrays,3,235,7.12,0.00,0.00
randomArrays,3,653,45.11,46.88,0.00
randomArrays,3,630,49.12,46.88,0.00
randomArrays,3,76,0.78,0.00,0.00
randomArrays,3,436,20.77,15.62,0.00
randomArrays,3,771,70.06,78.12,0.00
randomArrays,3,217,4.63,0.00,0.00
randomArrays,3,419,20.82,15.62,0.00
randomArrays,3,860,95.35,93.75,0.00
randomArrays,3,288,7.55,0.00,0.00
randomArrays,3,280,6.97,0.00,0.00
randomArrays,3,242,5.03,15.62,0.00
randomArrays,3,602,38.79,31.25,0.00
randomArrays,3,44,0.21,0.00,0.00
randomArrays,3,547,36.87,31.25,0.00
randomArrays,3,860,89.66,78.12,0.00
randomArrays,3,737,69.87,78.12,0.00
randomArrays,3,738,65.96,62.50,0.00
randomArrays,3,725,65.25,62.50,0.00
randomArrays,3,684,61.47,62.50,0.00
randomArrays,3,233,5.86,0.00,0.00
randomArrays,3,342,12.40,15.62,0.00
randomArrays,3,855,91.46,93.75,0.00
randomArrays,3,861,80.91,78.12,0.00
randomArrays,3,566,43.12,31.25,0.00
randomArrays,3,406,18.17,31.25,0.00
randomArrays,3,192,4.15,15.62,0.00
randomArrays,3,850,89.79,78.12,0.00
randomArrays,3,609,41.54,31.25,0.00
randomArrays,3,18,0.06,0.00,0.00
randomArrays,3,482,24.76,31.25,0.00
randomArrays,3,264,7.82,0.00,0.00
randomArrays,3,319,12.70,15.62,0.00
randomArrays,3,252,7.87,15.62,0.00
randomArrays,3,342,13.11,15.62,0.00
randomArrays,3,252,7.14,15.62,0.00
randomArrays,3,205,6.90,15.62,0.00
randomArrays,3,942,98.82,93.75,0.00
randomArrays,3,744,64.45,62.50,0.00
randomArrays,3,537,31.09,31.25,0.00
randomArrays,3,501,32.66,46.88,0.00
randomArrays,3,853,109.62,109.38,0.00
randomArrays,3,341,16.81,0.00,0.00
randomArrays,3,800,66.18,62.50,0.00
randomArrays,3,857,84.98,78.12,0.00
randomArrays,3,427,23.27,15.62,0.00
randomArrays,3,647,57.33,62.50,0.00
randomArrays,3,76,0.62,0.00,0.00
randomArrays,3,677,58.94,62.50,0.00
randomArrays,3,579,39.57,31.25,0.00
randomArrays,3,731,86.59,93.75,0.00
randomArrays,3,704,65.39,62.50,0.00
randomArrays,3,266,7.04,15.62,0.00
randomArrays,3,961,109.36,109.38,0.00
randomArrays,3,263,7.03,0.00,0.00
randomArrays,3,434,33.77,46.88,0.00
randomArrays,3,484,26.93,31.25,0.00
randomArrays,3,163,3.30,0.00,0.00
randomArrays,3,984,98.12,93.75,0.00
randomArrays,3,211,4.86,15.62,0.00
randomArrays,3,185,3.01,0.00,0.00
randomArrays,3,467,22.61,15.62,0.00
randomArrays,3,214,6.01,15.62,0.00
randomArrays,3,35,0.21,0.00,0.00
randomArrays,3,141,2.44,15.62,0.00
randomArrays,3,559,37.81,46.88,0.00
randomArrays,3,706,60.91,62.50,0.00
randomArrays,3,68,0.54,0.00,0.00
randomArrays,3,12,0.03,0.00,0.00
randomArrays,3,405,15.93,15.62,0.00
randomArrays,3,288,12.41,15.62,0.00
randomArrays,3,955,96.56,93.75,0.00
randomArrays,3,50,0.31,0.00,0.00
randomArrays,3,752,70.75,62.50,0.00
randomArrays,3,695,57.60,62.50,0.00
randomArrays,3,186,4.79,15.62,0.00
randomArrays,3,737,67.92,62.50,0.00
randomArrays,3,948,113.12,109.38,0.00
randomArrays,3,151,4.20,15.62,0.00
randomArrays,3,46,0.40,0.00,0.00
randomArrays,3,968,106.45,93.75,0.00
randomArrays,3,333,9.62,15.62,0.00
randomArrays,3,189,4.35,0.00,0.00
randomArrays,3,190,4.88,15.62,0.00
randomArrays,3,589,41.21,31.25,0.00
randomArrays,3,230,5.91,15.62,0.00
randomArrays,3,535,41.98,46.88,0.00
randomArrays,3,189,5.51,0.00,0.00
randomArrays,3,948,111.37,109.38,0.00
randomArrays,3,834,69.53,62.50,0.00
randomArrays,3,273,9.65,15.62,0.00
randomArrays,3,773,61.10,62.50,0.00
randomArrays,3,342,13.66,15.62,0.00
randomArrays,3,995,109.18,109.38,0.00
randomArrays,3,221,3.97,0.00,0.00
randomArrays,3,519,28.24,31.25,0.00
randomArrays,3,479,28.16,31.25,0.00
randomArrays,3,155,2.46,0.00,0.00
randomArrays,3,756,78.17,78.12,0.00
randomArrays,3,658,55.11,62.50,0.00
randomArrays,3,213,5.11,0.00,0.00
randomArrays,3,467,29.14,31.25,0.00
randomArrays,3,191,4.07,0.00,0.00
randomArrays,3,744,58.08,46.88,0.00
randomArrays,3,122,1.20,0.00,0.00
randomArrays,3,178,4.59,15.62,0.00
randomArrays,3,760,64.30,62.50,0.00
randomArrays,3,524,33.19,31.25,0.00
randomArrays,3,264,8.25,15.62,0.00
randomArrays,3,733,58.37,46.88,0.00
randomArrays,3,759,56.70,62.50,0.00
randomArrays,3,177,3.16,0.00,0.00
randomArrays,3,53,0.33,0.00,0.00
randomArrays,3,429,22.83,31.25,0.00
randomArrays,3,508,37.29,31.25,0.00
randomArrays,3,919,108.98,109.38,0.00
randomArrays,3,412,15.95,15.62,0.00
randomArrays,3,503,26.98,15.62,0.00
randomArrays,3,115,2.67,0.00,0.00
randomArrays,3,851,91.25,93.75,0.00
randomArrays,3,848,90.74,93.75,0.00
randomArrays,3,652,53.04,62.50,0.00
randomArrays,3,693,60.34,46.88,0.00
randomArrays,3,662,54.09,62.50,0.00
randomArrays,3,815,83.29,78.12,0.00
randomArrays,3,679,61.93,62.50,0.00
randomArrays,3,141,2.00,0.00,0.00
randomArrays,3,458,23.86,31.25,0.00
randomArrays,3,378,16.70,15.62,0.00
randomArrays,3,662,56.09,62.50,0.00
randomArrays,3,809,83.82,78.12,0.00
randomArrays,3,960,134.58,109.38,0.00
randomArrays,3,454,21.62,31.25,0.00
randomArrays,3,513,26.37,31.25,0.00
randomArrays,3,965,104.90,93.75,0.00
randomArrays,3,855,85.52,93.75,0.00
randomArrays,3,257,7.27,0.00,0.00
randomArrays,3,932,106.31,109.38,0.00
randomArrays,3,112,1.75,0.00,0.00
randomArrays,3,264,8.06,0.00,0.00
randomArrays,3,404,18.66,15.62,0.00
randomArrays,3,830,75.20,62.50,0.00
randomArrays,3,115,1.08,0.00,0.00
randomArrays,3,906,104.92,109.38,0.00
