dataset,run,arraylength,time,cputime,memory
randomArrays,1,469,0.82,0.00,4.00
randomArrays,1,783,1.63,0.00,0.00
randomArrays,1,464,0.80,0.00,0.00
randomArrays,1,267,0.40,0.00,0.00
randomArrays,1,828,1.57,0.00,0.00
randomArrays,1,607,1.12,15.62,0.00
randomArrays,1,319,0.50,0.00,0.00
randomArrays,1,431,0.74,0.00,0.00
randomArrays,1,941,2.05,0.00,0.00
randomArrays,1,937,2.51,0.00,0.00
randomArrays,1,619,1.51,0.00,0.00
randomArrays,1,370,0.62,0.00,0.00
randomArrays,1,478,0.89,0.00,0.00
randomArrays,1,107,0.14,0.00,0.00
randomArrays,1,910,1.79,0.00,0.00
randomArrays,1,381,0.66,0.00,0.00
randomArrays,1,699,1.30,0.00,0.00
randomArrays,1,452,0.79,0.00,0.00
randomArrays,1,882,2.26,0.00,0.00
randomArrays,1,697,1.29,0.00,0.00
randomArrays,1,39,0.07,0.00,0.00
randomArrays,1,382,0.64,0.00,0.00
randomArrays,1,980,4.33,0.00,0.00
randomArrays,1,202,0.38,0.00,0.00
randomArrays,1,674,1.28,0.00,0.00
randomArrays,1,184,0.57,0.00,0.00
randomArrays,1,853,2.38,0.00,0.00
randomArrays,1,101,0.14,0.00,0.00
randomArrays,1,329,0.63,0.00,0.00
randomArrays,1,837,1.73,0.00,0.00
randomArrays,1,952,2.19,0.00,0.00
randomArrays,1,676,1.83,0.00,0.00
randomArrays,1,248,0.36,0.00,0.00
randomArrays,1,845,2.30,0.00,0.00
randomArrays,1,707,1.53,0.00,0.00
randomArrays,1,458,0.84,0.00,0.00
randomArrays,1,219,0.32,0.00,0.00
randomArrays,1,268,0.46,0.00,0.00
randomArrays,1,201,0.30,0.00,0.00
randomArrays,1,520,0.92,0.00,0.00
randomArrays,1,832,2.20,15.62,0.00
randomArrays,1,800,1.59,0.00,0.00
randomArrays,1,753,1.81,0.00,0.00
randomArrays,1,286,0.55,0.00,0.00
randomArrays,1,841,1.75,0.00,0.00
randomArrays,1,240,0.37,0.00,0.00
randomArrays,1,370,0.62,0.00,0.00
randomArrays,1,287,0.45,0.00,0.00
randomArrays,1,89,0.22,0.00,0.00
randomArrays,1,881,1.73,0.00,0.00
randomArrays,1,187,0.37,0.00,0.00
randomArrays,1,373,0.69,0.00,0.00
randomArrays,1,194,0.27,0.00,0.00
randomArrays,1,382,0.69,0.00,0.00
randomArrays,1,826,1.60,0.00,0.00
randomArrays,1,781,1.60,0.00,0.00
randomArrays,1,814,1.59,0.00,0.00
randomArrays,1,525,1.03,0.00,0.00
randomArrays,1,136,0.20,0.00,0.00
randomArrays,1,454,0.92,0.00,0.00
randomArrays,1,563,1.02,0.00,0.00
randomArrays,1,226,0.33,0.00,0.00
randomArrays,1,345,0.64,0.00,0.00
randomArrays,1,514,0.89,0.00,0.00
randomArrays,1,871,2.33,0.00,0.00
randomArrays,1,939,1.87,0.00,0.00
randomArrays,1,397,0.77,0.00,0.00
randomArrays,1,429,0.80,0.00,0.00
randomArrays,1,421,0.74,0.00,0.00
randomArrays,1,747,1.42,0.00,0.00
randomArrays,1,19,0.04,0.00,0.00
randomArrays,1,74,0.09,0.00,0.00
randomArrays,1,259,0.39,0.00,0.00
randomArrays,1,846,2.36,15.62,0.00
randomArrays,1,789,2.21,0.00,0.00
randomArrays,1,671,1.23,0.00,0.00
randomArrays,1,368,0.91,0.00,0.00
randomArrays,1,448,0.77,0.00,0.00
randomArrays,1,237,0.51,0.00,0.00
randomArrays,1,627,1.67,0.00,0.00
randomArrays,1,584,2.80,0.00,0.00
randomArrays,1,328,0.68,0.00,0.00
randomArrays,1,606,1.81,0.00,0.00
randomArrays,1,563,1.97,0.00,0.00
randomArrays,1,774,2.10,0.00,0.00
randomArrays,1,206,0.61,0.00,0.00
randomArrays,1,907,2.01,0.00,0.00
randomArrays,1,37,0.05,0.00,0.00
randomArrays,1,878,1.92,0.00,0.00
randomArrays,1,284,0.67,0.00,0.00
randomArrays,1,853,2.12,0.00,0.00
randomArrays,1,247,0.61,0.00,0.00
randomArrays,1,241,0.56,0.00,0.00
randomArrays,1,348,0.61,0.00,0.00
randomArrays,1,814,2.09,0.00,0.00
randomArrays,1,245,0.40,0.00,0.00
randomArrays,1,335,0.63,0.00,0.00
randomArrays,1,497,1.21,0.00,0.00
randomArrays,1,280,0.44,0.00,0.00
randomArrays,1,664,2.14,0.00,0.00
randomArrays,1,523,1.60,0.00,0.00
randomArrays,1,841,1.86,0.00,0.00
randomArrays,1,290,0.78,0.00,0.00
randomArrays,1,158,0.33,0.00,0.00
randomArrays,1,783,2.12,0.00,0.00
randomArrays,1,638,1.29,0.00,0.00
randomArrays,1,314,0.57,0.00,0.00
randomArrays,1,484,0.83,0.00,0.00
randomArrays,1,972,1.93,0.00,0.00
randomArrays,1,652,1.51,15.62,0.00
randomArrays,1,543,1.05,0.00,0.00
randomArrays,1,487,0.92,0.00,0.00
randomArrays,1,686,1.31,0.00,0.00
randomArrays,1,183,0.25,0.00,0.00
randomArrays,1,572,1.05,0.00,0.00
randomArrays,1,747,1.95,0.00,0.00
randomArrays,1,780,2.11,0.00,0.00
randomArrays,1,828,2.20,0.00,0.00
randomArrays,1,591,1.13,0.00,0.00
randomArrays,1,415,0.69,0.00,0.00
randomArrays,1,648,1.20,15.62,0.00
randomArrays,1,204,0.36,0.00,0.00
randomArrays,1,510,1.52,0.00,0.00
randomArrays,1,422,0.71,0.00,0.00
randomArrays,1,541,1.09,0.00,0.00
randomArrays,1,875,2.37,0.00,0.00
randomArrays,1,742,1.58,0.00,0.00
randomArrays,1,384,0.69,0.00,0.00
randomArrays,1,266,0.82,0.00,0.00
randomArrays,1,137,0.19,0.00,0.00
randomArrays,1,970,1.94,0.00,0.00
randomArrays,1,685,1.26,0.00,0.00
randomArrays,1,665,1.22,15.62,0.00
randomArrays,1,319,0.50,0.00,0.00
randomArrays,1,808,3.80,0.00,0.00
randomArrays,1,143,0.19,0.00,0.00
randomArrays,1,147,0.20,0.00,0.00
randomArrays,1,929,2.10,0.00,0.00
randomArrays,1,906,3.09,0.00,0.00
randomArrays,1,425,1.30,0.00,0.00
randomArrays,1,736,3.48,0.00,0.00
randomArrays,1,65,0.21,0.00,0.00
randomArrays,1,305,0.57,0.00,0.00
randomArrays,1,194,0.27,0.00,0.00
randomArrays,1,545,2.21,0.00,0.00
randomArrays,1,49,0.06,0.00,0.00
randomArrays,1,731,2.32,15.62,0.00
randomArrays,1,712,1.32,0.00,0.00
randomArrays,1,732,1.43,0.00,0.00
randomArrays,1,57,0.07,0.00,0.00
randomArrays,1,983,2.16,0.00,0.00
randomArrays,1,345,1.48,0.00,0.00
randomArrays,1,152,0.23,0.00,0.00
randomArrays,1,963,2.07,0.00,0.00
randomArrays,1,544,1.17,0.00,0.00
randomArrays,1,870,1.93,0.00,0.00
randomArrays,1,557,1.00,0.00,0.00
randomArrays,1,168,0.51,0.00,0.00
randomArrays,1,373,0.61,0.00,0.00
randomArrays,1,416,0.70,0.00,0.00
randomArrays,1,942,2.27,0.00,0.00
randomArrays,1,966,2.79,0.00,0.00
randomArrays,1,363,0.59,0.00,0.00
randomArrays,1,955,2.41,0.00,0.00
randomArrays,1,626,1.64,0.00,0.00
randomArrays,1,948,2.34,15.62,0.00
randomArrays,1,193,0.41,0.00,0.00
randomArrays,1,361,0.74,0.00,0.00
randomArrays,1,195,0.42,0.00,0.00
randomArrays,1,905,1.83,0.00,0.00
randomArrays,1,105,0.14,0.00,0.00
randomArrays,1,750,1.89,15.62,0.00
randomArrays,1,565,1.13,0.00,0.00
randomArrays,1,538,1.27,0.00,0.00
randomArrays,1,488,0.88,0.00,0.00
randomArrays,1,30,0.05,0.00,0.00
randomArrays,1,554,1.46,0.00,0.00
randomArrays,1,407,1.51,0.00,0.00
randomArrays,1,958,2.48,0.00,0.00
randomArrays,1,137,0.22,0.00,0.00
randomArrays,1,101,0.13,0.00,0.00
randomArrays,1,633,1.17,0.00,0.00
randomArrays,1,44,0.07,0.00,0.00
randomArrays,1,738,2.82,0.00,0.00
randomArrays,1,763,1.54,0.00,0.00
randomArrays,1,319,0.51,0.00,0.00
randomArrays,1,682,2.67,0.00,0.00
randomArrays,1,820,1.86,0.00,0.00
randomArrays,1,896,3.00,0.00,0.00
randomArrays,1,712,1.52,0.00,0.00
randomArrays,1,554,1.37,0.00,0.00
randomArrays,1,940,2.10,0.00,0.00
randomArrays,1,787,1.53,0.00,0.00
randomArrays,1,255,0.38,0.00,0.00
randomArrays,1,135,0.18,0.00,0.00
randomArrays,1,546,0.97,0.00,0.00
randomArrays,1,643,2.95,0.00,0.00
randomArrays,1,197,0.80,0.00,0.00
randomArrays,1,643,1.49,0.00,0.00
randomArrays,1,858,1.67,0.00,0.00
randomArrays,1,134,0.18,0.00,0.00
randomArrays,1,133,0.26,0.00,0.00
randomArrays,1,317,0.50,0.00,0.00
randomArrays,1,312,0.50,0.00,0.00
randomArrays,1,160,0.23,0.00,0.00
randomArrays,1,838,1.65,15.62,0.00
randomArrays,1,316,0.51,0.00,0.00
randomArrays,1,111,0.14,0.00,0.00
randomArrays,1,530,0.92,0.00,0.00
randomArrays,1,827,1.60,0.00,0.00
randomArrays,1,994,2.01,0.00,0.00
randomArrays,1,348,0.75,0.00,0.00
randomArrays,1,652,3.63,0.00,0.00
randomArrays,1,339,0.83,0.00,0.00
randomArrays,1,908,2.62,15.62,0.00
randomArrays,1,655,1.70,0.00,0.00
randomArrays,1,899,3.90,0.00,0.00
randomArrays,1,377,0.98,0.00,0.00
randomArrays,1,793,1.65,0.00,0.00
randomArrays,1,12,0.03,0.00,0.00
randomArrays,1,236,0.65,0.00,0.00
randomArrays,1,851,2.65,0.00,0.00
randomArrays,1,462,1.63,0.00,0.00
randomArrays,1,49,0.07,0.00,0.00
randomArrays,1,649,1.41,0.00,0.00
randomArrays,1,299,0.50,0.00,0.00
randomArrays,1,796,1.69,0.00,0.00
randomArrays,1,227,0.35,0.00,0.00
randomArrays,1,929,2.78,0.00,0.00
randomArrays,1,166,0.29,0.00,0.00
randomArrays,1,277,0.45,0.00,0.00
randomArrays,1,179,0.40,0.00,0.00
randomArrays,1,809,1.68,0.00,0.00
randomArrays,1,232,0.56,0.00,0.00
randomArrays,1,247,0.37,0.00,0.00
randomArrays,1,99,0.19,0.00,0.00
randomArrays,1,649,1.25,0.00,0.00
randomArrays,1,15,0.02,0.00,0.00
randomArrays,1,646,1.20,0.00,0.00
randomArrays,1,463,0.80,0.00,0.00
randomArrays,1,587,1.05,0.00,0.00
randomArrays,1,898,2.00,0.00,0.00
randomArrays,1,643,1.19,0.00,0.00
randomArrays,1,840,1.63,0.00,0.00
randomArrays,1,708,1.51,0.00,0.00
randomArrays,1,214,0.33,0.00,0.00
randomArrays,1,565,1.03,0.00,0.00
randomArrays,1,157,0.29,0.00,0.00
randomArrays,1,265,0.43,0.00,0.00
randomArrays,1,171,0.24,0.00,0.00
randomArrays,1,136,0.22,0.00,0.00
randomArrays,1,290,0.45,0.00,0.00
randomArrays,1,96,0.15,0.00,0.00
randomArrays,1,11,0.02,0.00,0.00
randomArrays,1,311,1.10,0.00,0.00
randomArrays,1,566,1.39,15.62,0.00
randomArrays,1,328,0.52,0.00,0.00
randomArrays,1,358,0.58,0.00,0.00
randomArrays,1,674,1.27,0.00,0.00
randomArrays,1,490,0.86,0.00,0.00
randomArrays,1,36,0.05,0.00,0.00
randomArrays,1,408,0.67,0.00,0.00
randomArrays,1,49,0.09,0.00,0.00
randomArrays,1,581,1.58,0.00,0.00
randomArrays,1,879,3.28,15.62,0.00
randomArrays,1,61,0.12,0.00,0.00
randomArrays,1,656,1.21,0.00,0.00
randomArrays,1,411,1.03,0.00,0.00
randomArrays,1,361,0.65,0.00,0.00
randomArrays,1,994,2.17,0.00,0.00
randomArrays,1,416,1.01,0.00,0.00
randomArrays,1,966,2.69,15.62,0.00
randomArrays,1,92,0.11,0.00,0.00
randomArrays,1,429,0.73,0.00,0.00
randomArrays,1,658,1.24,15.62,0.00
randomArrays,1,877,2.17,0.00,0.00
randomArrays,1,780,1.51,0.00,0.00
randomArrays,1,669,1.23,0.00,0.00
randomArrays,1,394,1.15,15.62,0.00
randomArrays,1,892,1.75,0.00,0.00
randomArrays,1,180,0.31,0.00,0.00
randomArrays,1,829,1.62,0.00,0.00
randomArrays,1,255,0.38,0.00,0.00
randomArrays,1,374,0.62,0.00,0.00
randomArrays,1,37,0.06,0.00,0.00
randomArrays,1,919,1.84,0.00,0.00
randomArrays,1,850,1.63,0.00,0.00
randomArrays,1,930,2.29,15.62,0.00
randomArrays,1,419,0.72,0.00,0.00
randomArrays,1,720,1.38,0.00,0.00
randomArrays,1,378,1.08,0.00,0.00
randomArrays,1,815,2.54,0.00,0.00
randomArrays,1,566,1.02,0.00,0.00
randomArrays,1,623,1.16,0.00,0.00
randomArrays,1,597,1.19,0.00,0.00
randomArrays,1,148,0.20,0.00,0.00
randomArrays,1,580,1.04,0.00,0.00
randomArrays,1,244,0.38,0.00,0.00
randomArrays,1,703,1.31,0.00,0.00
randomArrays,1,743,1.55,0.00,0.00
randomArrays,1,923,2.14,15.62,0.00
randomArrays,1,284,0.52,0.00,0.00
randomArrays,1,35,0.06,0.00,0.00
randomArrays,1,941,2.60,15.62,0.00
randomArrays,1,39,0.05,0.00,0.00
randomArrays,1,276,0.43,0.00,0.00
randomArrays,1,494,0.85,0.00,0.00
randomArrays,1,547,0.99,0.00,0.00
randomArrays,1,837,1.61,0.00,0.00
randomArrays,1,183,0.25,0.00,0.00
randomArrays,1,360,1.54,0.00,0.00
randomArrays,1,627,1.15,0.00,0.00
randomArrays,1,833,1.79,0.00,0.00
randomArrays,1,491,0.85,0.00,0.00
randomArrays,1,623,1.15,0.00,0.00
randomArrays,1,850,2.28,0.00,0.00
randomArrays,1,35,0.06,0.00,0.00
randomArrays,1,584,1.36,0.00,0.00
randomArrays,1,34,0.04,0.00,0.00
randomArrays,1,335,0.64,0.00,0.00
randomArrays,1,145,0.19,0.00,0.00
randomArrays,1,61,0.12,0.00,0.00
randomArrays,1,88,0.14,0.00,0.00
randomArrays,1,442,1.04,0.00,0.00
randomArrays,1,729,1.54,0.00,0.00
randomArrays,1,312,0.64,0.00,0.00
randomArrays,1,620,1.14,0.00,0.00
randomArrays,1,77,0.14,0.00,0.00
randomArrays,1,784,1.71,0.00,0.00
randomArrays,1,720,3.06,15.62,0.00
randomArrays,1,796,1.52,0.00,0.00
randomArrays,1,81,0.10,0.00,0.00
randomArrays,1,900,1.92,0.00,0.00
randomArrays,1,570,1.40,0.00,0.00
randomArrays,1,749,2.15,0.00,0.00
randomArrays,1,723,2.12,0.00,0.00
randomArrays,1,54,0.07,0.00,0.00
randomArrays,1,261,0.46,0.00,0.00
randomArrays,1,831,2.71,0.00,0.00
randomArrays,1,133,0.33,0.00,0.00
randomArrays,1,165,0.23,0.00,0.00
randomArrays,1,441,0.76,0.00,0.00
randomArrays,1,782,1.47,0.00,0.00
randomArrays,1,384,0.71,0.00,0.00
randomArrays,1,283,0.53,0.00,0.00
randomArrays,1,71,0.14,0.00,0.00
randomArrays,1,374,0.62,0.00,0.00
randomArrays,1,204,0.37,0.00,0.00
randomArrays,1,437,0.75,0.00,0.00
randomArrays,1,662,1.53,0.00,0.00
randomArrays,1,821,2.26,0.00,0.00
randomArrays,1,198,0.31,0.00,0.00
randomArrays,1,776,2.04,0.00,0.00
randomArrays,1,124,0.27,0.00,0.00
randomArrays,1,202,0.46,0.00,0.00
randomArrays,1,806,1.68,0.00,0.00
randomArrays,1,448,0.96,0.00,0.00
randomArrays,1,383,0.63,0.00,0.00
randomArrays,1,992,2.10,0.00,0.00
randomArrays,1,714,1.34,0.00,0.00
randomArrays,1,528,1.06,0.00,0.00
randomArrays,1,137,0.19,0.00,0.00
randomArrays,1,122,0.16,0.00,0.00
randomArrays,1,883,5.31,0.00,0.00
randomArrays,1,614,1.17,0.00,0.00
randomArrays,1,841,1.64,0.00,0.00
randomArrays,1,471,0.84,0.00,0.00
randomArrays,1,871,2.53,0.00,0.00
randomArrays,1,938,1.86,0.00,0.00
randomArrays,1,238,0.35,0.00,0.00
randomArrays,1,772,1.76,0.00,0.00
randomArrays,1,334,0.59,0.00,0.00
randomArrays,1,274,0.42,0.00,0.00
randomArrays,1,385,0.64,0.00,0.00
randomArrays,1,455,1.61,0.00,0.00
randomArrays,1,202,0.47,0.00,0.00
randomArrays,1,349,0.95,0.00,0.00
randomArrays,1,170,0.25,0.00,0.00
randomArrays,1,365,0.60,0.00,0.00
randomArrays,1,921,1.93,15.62,0.00
randomArrays,1,368,0.79,0.00,0.00
randomArrays,1,851,1.67,0.00,0.00
randomArrays,1,736,1.42,0.00,0.00
randomArrays,1,64,0.11,0.00,0.00
randomArrays,1,371,0.88,0.00,0.00
randomArrays,1,962,2.07,0.00,0.00
randomArrays,1,758,1.47,0.00,0.00
randomArrays,1,565,1.20,0.00,0.00
randomArrays,1,246,0.50,0.00,0.00
randomArrays,1,390,1.34,0.00,0.00
randomArrays,1,833,1.74,0.00,0.00
randomArrays,1,359,0.59,0.00,0.00
randomArrays,1,647,1.22,0.00,0.00
randomArrays,1,830,1.82,15.62,0.00
randomArrays,1,790,1.48,0.00,0.00
randomArrays,1,789,1.67,0.00,0.00
randomArrays,1,33,0.04,0.00,0.00
randomArrays,1,324,0.51,0.00,0.00
randomArrays,1,460,1.30,0.00,0.00
randomArrays,1,660,1.29,0.00,0.00
randomArrays,1,553,1.01,0.00,0.00
randomArrays,1,181,0.25,0.00,0.00
randomArrays,1,106,0.13,0.00,0.00
randomArrays,1,198,0.29,0.00,0.00
randomArrays,1,795,1.55,15.62,0.00
randomArrays,1,149,0.20,0.00,0.00
randomArrays,1,42,0.11,0.00,0.00
randomArrays,1,538,0.93,0.00,0.00
randomArrays,1,405,0.75,0.00,0.00
randomArrays,1,741,1.39,0.00,0.00
randomArrays,1,88,0.15,0.00,0.00
randomArrays,1,896,1.73,0.00,0.00
randomArrays,1,574,1.03,0.00,0.00
randomArrays,1,34,0.08,0.00,0.00
randomArrays,1,83,0.11,0.00,0.00
randomArrays,1,311,0.49,0.00,0.00
randomArrays,1,168,0.23,0.00,0.00
randomArrays,1,720,1.34,0.00,0.00
randomArrays,1,499,0.86,0.00,0.00
randomArrays,1,280,0.43,0.00,0.00
randomArrays,1,960,1.87,0.00,0.00
randomArrays,1,351,0.56,0.00,0.00
randomArrays,1,840,1.90,15.62,0.00
randomArrays,1,826,2.51,0.00,0.00
randomArrays,1,780,1.48,0.00,0.00
randomArrays,1,592,1.89,0.00,0.00
randomArrays,1,601,1.46,0.00,0.00
randomArrays,1,924,1.81,0.00,0.00
randomArrays,1,630,1.62,0.00,0.00
randomArrays,1,738,1.38,0.00,0.00
randomArrays,1,43,0.08,0.00,0.00
randomArrays,1,546,0.97,0.00,0.00
randomArrays,1,118,0.22,0.00,0.00
randomArrays,1,812,1.56,0.00,0.00
randomArrays,1,636,1.22,0.00,0.00
randomArrays,1,253,0.42,0.00,0.00
randomArrays,1,443,0.76,0.00,0.00
randomArrays,1,292,0.45,0.00,0.00
randomArrays,1,723,2.06,15.62,0.00
randomArrays,1,398,0.70,0.00,0.00
randomArrays,1,368,0.96,0.00,0.00
randomArrays,1,534,1.22,0.00,0.00
randomArrays,1,899,1.78,0.00,0.00
randomArrays,1,137,0.21,0.00,0.00
randomArrays,1,187,0.26,0.00,0.00
randomArrays,1,164,0.22,0.00,0.00
randomArrays,1,735,1.46,0.00,0.00
randomArrays,1,524,0.93,0.00,0.00
randomArrays,1,512,0.91,0.00,0.00
randomArrays,1,15,0.03,0.00,0.00
randomArrays,1,737,1.42,0.00,0.00
randomArrays,1,616,1.20,0.00,0.00
randomArrays,1,349,0.59,0.00,0.00
randomArrays,1,645,1.18,0.00,0.00
randomArrays,1,502,1.63,0.00,0.00
randomArrays,1,932,1.94,15.62,0.00
randomArrays,1,778,1.50,0.00,0.00
randomArrays,1,126,0.19,0.00,0.00
randomArrays,1,836,1.60,15.62,0.00
randomArrays,1,911,2.20,0.00,0.00
randomArrays,1,265,1.01,0.00,0.00
randomArrays,1,694,1.32,0.00,0.00
randomArrays,1,188,0.59,0.00,0.00
randomArrays,1,282,0.43,0.00,0.00
randomArrays,1,347,0.56,0.00,0.00
randomArrays,1,768,1.67,0.00,0.00
randomArrays,1,778,1.79,0.00,0.00
randomArrays,1,549,1.10,0.00,0.00
randomArrays,1,12,0.02,0.00,0.00
randomArrays,1,336,0.55,0.00,0.00
randomArrays,1,949,1.87,0.00,0.00
randomArrays,1,179,0.26,0.00,0.00
randomArrays,1,634,1.16,0.00,0.00
randomArrays,1,38,0.05,0.00,0.00
randomArrays,1,123,0.16,0.00,0.00
randomArrays,1,282,0.44,0.00,0.00
randomArrays,1,452,1.03,0.00,0.00
randomArrays,1,217,0.31,0.00,0.00
randomArrays,1,629,1.18,15.62,0.00
randomArrays,1,275,0.43,0.00,0.00
randomArrays,1,66,0.08,0.00,0.00
randomArrays,1,308,0.49,0.00,0.00
randomArrays,1,809,2.19,0.00,0.00
randomArrays,1,634,1.18,0.00,0.00
randomArrays,1,478,0.83,0.00,0.00
randomArrays,1,336,1.20,0.00,0.00
randomArrays,1,672,1.23,0.00,0.00
randomArrays,1,583,2.43,0.00,0.00
randomArrays,1,413,0.70,0.00,0.00
randomArrays,1,683,1.43,0.00,0.00
randomArrays,1,463,0.80,0.00,0.00
randomArrays,1,267,0.41,0.00,0.00
randomArrays,1,73,0.09,0.00,0.00
randomArrays,1,641,1.19,0.00,0.00
randomArrays,1,827,2.11,0.00,0.00
randomArrays,1,864,1.96,0.00,0.00
randomArrays,1,672,1.25,0.00,0.00
randomArrays,1,948,1.88,0.00,0.00
randomArrays,1,523,1.16,0.00,0.00
randomArrays,1,113,0.15,0.00,0.00
randomArrays,1,855,1.67,0.00,0.00
randomArrays,1,764,1.78,0.00,0.00
randomArrays,1,559,1.04,0.00,0.00
randomArrays,1,256,0.37,0.00,0.00
randomArrays,1,861,1.67,0.00,0.00
randomArrays,1,215,0.31,0.00,0.00
randomArrays,1,610,1.36,0.00,0.00
randomArrays,1,133,0.26,0.00,0.00
randomArrays,1,721,1.52,0.00,0.00
randomArrays,1,826,1.69,0.00,0.00
randomArrays,1,732,1.51,0.00,0.00
randomArrays,1,218,0.31,0.00,0.00
randomArrays,1,897,2.65,0.00,0.00
randomArrays,1,95,0.12,0.00,0.00
randomArrays,1,596,1.11,0.00,0.00
randomArrays,1,333,0.78,0.00,0.00
randomArrays,1,139,0.18,0.00,0.00
randomArrays,1,90,0.16,0.00,0.00
randomArrays,1,724,1.46,0.00,0.00
randomArrays,1,24,0.03,0.00,0.00
randomArrays,1,182,0.26,0.00,0.00
randomArrays,1,440,0.78,0.00,0.00
randomArrays,1,521,0.91,0.00,0.00
randomArrays,1,653,3.21,0.00,0.00
randomArrays,1,422,0.72,0.00,0.00
randomArrays,1,919,2.88,0.00,0.00
randomArrays,1,399,0.73,0.00,0.00
randomArrays,1,148,0.22,0.00,0.00
randomArrays,1,651,1.58,0.00,0.00
randomArrays,1,953,3.74,0.00,0.00
randomArrays,1,205,0.35,0.00,0.00
randomArrays,1,713,1.62,0.00,0.00
randomArrays,1,335,0.55,0.00,0.00
randomArrays,1,800,1.57,0.00,0.00
randomArrays,1,263,0.40,0.00,0.00
randomArrays,1,305,0.57,0.00,0.00
randomArrays,1,772,1.98,15.62,0.00
randomArrays,1,760,2.60,0.00,0.00
randomArrays,1,985,2.79,15.62,0.00
randomArrays,1,468,0.90,0.00,0.00
randomArrays,1,542,1.48,0.00,0.00
randomArrays,1,137,0.41,0.00,0.00
randomArrays,1,877,2.55,0.00,0.00
randomArrays,1,407,1.23,0.00,0.00
randomArrays,1,13,0.02,0.00,0.00
randomArrays,1,857,2.27,0.00,0.00
randomArrays,1,961,3.23,0.00,0.00
randomArrays,1,963,1.99,0.00,0.00
randomArrays,1,792,2.18,15.62,0.00
randomArrays,1,190,0.27,0.00,0.00
randomArrays,1,859,1.65,0.00,0.00
randomArrays,1,989,1.92,0.00,0.00
randomArrays,1,816,2.20,15.62,0.00
randomArrays,1,950,1.88,0.00,0.00
randomArrays,1,241,0.36,0.00,0.00
randomArrays,1,957,2.57,0.00,0.00
randomArrays,1,155,0.47,0.00,0.00
randomArrays,1,625,1.32,0.00,0.00
randomArrays,1,573,1.12,0.00,0.00
randomArrays,1,278,0.44,0.00,0.00
randomArrays,1,67,0.08,0.00,0.00
randomArrays,1,785,2.39,15.62,0.00
randomArrays,1,576,1.02,0.00,0.00
randomArrays,1,949,1.96,0.00,0.00
randomArrays,1,274,0.62,0.00,0.00
randomArrays,1,827,1.58,0.00,0.00
randomArrays,1,246,0.36,0.00,0.00
randomArrays,1,497,1.27,0.00,0.00
randomArrays,1,98,0.13,0.00,0.00
randomArrays,1,87,0.16,0.00,0.00
randomArrays,1,362,0.61,0.00,0.00
randomArrays,1,748,1.44,0.00,0.00
randomArrays,1,553,1.00,0.00,0.00
randomArrays,1,931,3.04,0.00,0.00
randomArrays,1,24,0.05,0.00,0.00
randomArrays,1,836,1.74,0.00,0.00
randomArrays,1,524,0.93,0.00,0.00
randomArrays,1,286,0.45,0.00,0.00
randomArrays,1,379,0.89,0.00,0.00
randomArrays,1,654,1.47,0.00,0.00
randomArrays,1,795,2.24,0.00,0.00
randomArrays,1,335,0.54,0.00,0.00
randomArrays,1,218,0.51,0.00,0.00
randomArrays,1,390,0.65,0.00,0.00
randomArrays,1,80,0.10,0.00,0.00
randomArrays,1,602,2.04,0.00,0.00
randomArrays,1,687,1.50,15.62,0.00
randomArrays,1,573,1.44,0.00,0.00
randomArrays,1,857,1.85,0.00,0.00
randomArrays,1,484,0.92,0.00,0.00
randomArrays,1,633,1.96,15.62,0.00
randomArrays,1,393,1.48,0.00,0.00
randomArrays,1,953,1.88,0.00,0.00
randomArrays,1,718,1.51,0.00,0.00
randomArrays,1,330,1.18,15.62,0.00
randomArrays,1,273,0.42,0.00,0.00
randomArrays,1,323,0.52,0.00,0.00
randomArrays,1,971,1.89,0.00,0.00
randomArrays,1,156,0.29,0.00,0.00
randomArrays,1,971,2.14,0.00,0.00
randomArrays,1,202,0.45,0.00,0.00
randomArrays,1,201,0.29,0.00,0.00
randomArrays,1,230,0.51,0.00,0.00
randomArrays,1,953,2.01,0.00,0.00
randomArrays,1,399,0.98,0.00,0.00
randomArrays,1,354,0.86,0.00,0.00
randomArrays,1,334,0.70,0.00,0.00
randomArrays,1,538,0.98,0.00,0.00
randomArrays,1,238,0.44,0.00,0.00
randomArrays,1,415,0.82,0.00,0.00
randomArrays,1,498,0.93,15.62,0.00
randomArrays,1,193,0.27,0.00,0.00
randomArrays,1,125,0.16,0.00,0.00
randomArrays,1,100,0.17,0.00,0.00
randomArrays,1,742,2.63,0.00,0.00
randomArrays,1,588,1.08,0.00,0.00
randomArrays,1,355,0.58,0.00,0.00
randomArrays,1,923,3.34,0.00,0.00
randomArrays,1,167,0.42,0.00,0.00
randomArrays,1,518,0.98,0.00,0.00
randomArrays,1,649,2.52,0.00,0.00
randomArrays,1,280,0.48,0.00,0.00
randomArrays,1,842,2.88,0.00,0.00
randomArrays,1,586,1.08,0.00,0.00
randomArrays,1,519,1.22,0.00,0.00
randomArrays,1,112,0.15,0.00,0.00
randomArrays,1,320,0.54,0.00,0.00
randomArrays,1,955,1.86,0.00,0.00
randomArrays,1,61,0.07,0.00,0.00
randomArrays,1,709,1.35,0.00,0.00
randomArrays,1,671,1.34,0.00,0.00
randomArrays,1,437,0.93,0.00,0.00
randomArrays,1,917,1.82,15.62,0.00
randomArrays,1,499,0.87,0.00,0.00
randomArrays,1,503,0.88,0.00,0.00
randomArrays,1,676,1.25,0.00,0.00
randomArrays,1,594,2.06,0.00,0.00
randomArrays,1,48,0.06,0.00,0.00
randomArrays,1,590,1.77,0.00,0.00
randomArrays,1,861,1.71,0.00,0.00
randomArrays,1,363,0.79,0.00,0.00
randomArrays,1,969,3.06,0.00,0.00
randomArrays,1,912,2.30,0.00,0.00
randomArrays,1,779,2.08,0.00,0.00
randomArrays,1,301,0.47,0.00,0.00
randomArrays,1,545,0.98,0.00,0.00
randomArrays,1,24,0.03,0.00,0.00
randomArrays,1,953,1.88,0.00,0.00
randomArrays,1,440,0.76,0.00,0.00
randomArrays,1,997,1.99,0.00,0.00
randomArrays,1,661,1.25,0.00,0.00
randomArrays,1,583,1.04,0.00,0.00
randomArrays,1,478,1.48,0.00,0.00
randomArrays,1,220,0.32,0.00,0.00
randomArrays,1,458,0.79,0.00,0.00
randomArrays,1,783,1.46,0.00,0.00
randomArrays,1,554,1.03,0.00,0.00
randomArrays,1,167,0.22,0.00,0.00
randomArrays,1,338,0.55,0.00,0.00
randomArrays,1,321,0.52,0.00,0.00
randomArrays,1,993,2.78,0.00,0.00
randomArrays,1,414,0.71,0.00,0.00
randomArrays,1,630,1.24,0.00,0.00
randomArrays,1,572,1.05,0.00,0.00
randomArrays,1,119,0.15,0.00,0.00
randomArrays,1,852,2.05,0.00,0.00
randomArrays,1,392,1.05,0.00,0.00
randomArrays,1,744,2.46,15.62,0.00
randomArrays,1,767,1.44,0.00,0.00
randomArrays,1,419,0.71,0.00,0.00
randomArrays,1,186,0.26,0.00,0.00
randomArrays,1,498,1.43,0.00,0.00
randomArrays,1,369,1.34,0.00,0.00
randomArrays,1,545,0.96,15.62,0.00
randomArrays,1,585,2.49,0.00,0.00
randomArrays,1,232,0.33,0.00,0.00
randomArrays,1,683,1.75,0.00,0.00
randomArrays,1,373,0.61,0.00,0.00
randomArrays,1,67,0.09,0.00,0.00
randomArrays,1,47,0.06,0.00,0.00
randomArrays,1,353,0.57,0.00,0.00
randomArrays,1,165,0.23,0.00,0.00
randomArrays,1,822,1.61,0.00,0.00
randomArrays,1,207,0.44,0.00,0.00
randomArrays,1,365,0.60,0.00,0.00
randomArrays,1,33,0.04,0.00,0.00
randomArrays,1,324,0.54,0.00,0.00
randomArrays,1,533,1.50,0.00,0.00
randomArrays,1,467,0.79,0.00,0.00
randomArrays,1,653,1.19,0.00,0.00
randomArrays,1,262,0.64,0.00,0.00
randomArrays,1,26,0.03,0.00,0.00
randomArrays,1,705,1.52,0.00,0.00
randomArrays,1,945,1.84,0.00,0.00
randomArrays,1,145,0.31,0.00,0.00
randomArrays,1,987,1.93,0.00,0.00
randomArrays,1,40,0.05,0.00,0.00
randomArrays,1,418,0.70,0.00,0.00
randomArrays,1,20,0.04,0.00,0.00
randomArrays,1,618,1.12,0.00,0.00
randomArrays,1,463,0.90,0.00,0.00
randomArrays,1,310,0.49,0.00,0.00
randomArrays,1,753,3.32,0.00,0.00
randomArrays,1,203,0.43,0.00,0.00
randomArrays,1,756,1.41,0.00,0.00
randomArrays,1,998,2.01,0.00,0.00
randomArrays,1,631,1.44,0.00,0.00
randomArrays,1,788,1.98,0.00,0.00
randomArrays,1,364,0.63,0.00,0.00
randomArrays,1,435,1.11,0.00,0.00
randomArrays,1,379,0.66,0.00,0.00
randomArrays,1,208,0.30,0.00,0.00
randomArrays,1,503,0.99,0.00,0.00
randomArrays,1,97,0.13,0.00,0.00
randomArrays,1,266,0.43,0.00,0.00
randomArrays,1,828,1.83,0.00,0.00
randomArrays,1,319,0.51,0.00,0.00
randomArrays,1,898,1.72,0.00,0.00
randomArrays,1,380,1.08,0.00,0.00
randomArrays,1,450,0.77,0.00,0.00
randomArrays,1,142,0.19,0.00,0.00
randomArrays,1,434,1.10,0.00,0.00
randomArrays,1,96,0.19,0.00,0.00
randomArrays,1,641,1.19,0.00,0.00
randomArrays,1,538,1.38,0.00,0.00
randomArrays,1,502,0.97,0.00,0.00
randomArrays,1,599,1.20,0.00,0.00
randomArrays,1,299,0.85,0.00,0.00
randomArrays,1,620,1.44,0.00,0.00
randomArrays,1,606,2.34,0.00,0.00
randomArrays,1,282,0.97,0.00,0.00
randomArrays,1,205,0.32,0.00,0.00
randomArrays,1,504,0.86,0.00,0.00
randomArrays,1,315,0.58,0.00,0.00
randomArrays,1,739,1.41,0.00,0.00
randomArrays,1,226,0.33,0.00,0.00
randomArrays,1,239,0.35,0.00,0.00
randomArrays,1,656,1.19,0.00,0.00
randomArrays,1,467,0.80,0.00,0.00
randomArrays,1,855,1.66,0.00,0.00
randomArrays,1,12,0.02,0.00,0.00
randomArrays,1,751,1.41,15.62,0.00
randomArrays,1,426,2.42,0.00,0.00
randomArrays,1,735,1.64,0.00,0.00
randomArrays,1,321,0.73,0.00,0.00
randomArrays,1,522,0.91,0.00,0.00
randomArrays,1,888,1.73,0.00,0.00
randomArrays,1,118,0.22,0.00,0.00
randomArrays,1,813,2.05,0.00,0.00
randomArrays,1,547,1.10,0.00,0.00
randomArrays,1,860,3.46,0.00,0.00
randomArrays,1,189,1.10,0.00,0.00
randomArrays,1,668,1.99,0.00,0.00
randomArrays,1,583,1.06,0.00,0.00
randomArrays,1,489,0.85,0.00,0.00
randomArrays,1,414,1.12,0.00,0.00
randomArrays,1,905,1.82,0.00,0.00
randomArrays,1,742,1.38,0.00,0.00
randomArrays,1,358,0.59,0.00,0.00
randomArrays,1,741,1.48,0.00,0.00
randomArrays,1,470,0.89,0.00,0.00
randomArrays,1,111,0.16,0.00,0.00
randomArrays,1,546,0.98,0.00,0.00
randomArrays,1,591,1.12,0.00,0.00
randomArrays,1,884,2.27,0.00,0.00
randomArrays,1,684,1.29,0.00,0.00
randomArrays,1,975,1.98,0.00,0.00
randomArrays,1,739,1.77,0.00,0.00
randomArrays,1,725,1.39,0.00,0.00
randomArrays,1,893,1.73,0.00,0.00
randomArrays,1,16,0.02,0.00,0.00
randomArrays,1,467,0.81,0.00,0.00
randomArrays,1,307,0.48,0.00,0.00
randomArrays,1,235,0.34,0.00,0.00
randomArrays,1,377,0.63,0.00,0.00
randomArrays,1,448,0.77,0.00,0.00
randomArrays,1,999,1.96,0.00,0.00
randomArrays,1,98,0.12,0.00,0.00
randomArrays,1,456,0.77,0.00,0.00
randomArrays,1,118,0.17,0.00,0.00
randomArrays,1,406,0.97,0.00,0.00
randomArrays,1,33,0.04,0.00,0.00
randomArrays,1,517,0.91,0.00,0.00
randomArrays,1,248,0.81,0.00,0.00
randomArrays,1,61,0.10,0.00,0.00
randomArrays,1,547,1.00,0.00,0.00
randomArrays,1,602,2.55,0.00,0.00
randomArrays,1,579,1.05,15.62,0.00
randomArrays,1,972,2.38,0.00,0.00
randomArrays,1,653,2.72,0.00,0.00
randomArrays,1,866,2.68,0.00,0.00
randomArrays,1,417,0.70,0.00,0.00
randomArrays,1,386,0.63,0.00,0.00
randomArrays,1,349,0.65,0.00,0.00
randomArrays,1,598,2.25,0.00,0.00
randomArrays,1,856,1.64,0.00,0.00
randomArrays,1,152,0.21,0.00,0.00
randomArrays,1,436,0.91,0.00,0.00
randomArrays,1,356,0.58,0.00,0.00
randomArrays,1,598,1.10,0.00,0.00
randomArrays,1,578,1.97,0.00,0.00
randomArrays,1,786,3.20,15.62,0.00
randomArrays,1,124,0.16,0.00,0.00
randomArrays,1,439,0.77,0.00,0.00
randomArrays,1,492,0.87,0.00,0.00
randomArrays,1,207,0.43,0.00,0.00
randomArrays,1,100,0.13,0.00,0.00
randomArrays,1,591,1.37,0.00,0.00
randomArrays,1,397,0.67,0.00,0.00
randomArrays,1,295,0.52,0.00,0.00
randomArrays,1,733,1.48,0.00,0.00
randomArrays,1,231,0.34,0.00,0.00
randomArrays,1,565,2.37,15.62,0.00
randomArrays,1,910,1.77,0.00,0.00
randomArrays,1,74,0.12,0.00,0.00
randomArrays,1,647,1.28,0.00,0.00
randomArrays,1,456,0.95,0.00,0.00
randomArrays,1,954,1.86,0.00,0.00
randomArrays,1,495,1.21,0.00,0.00
randomArrays,1,487,1.83,0.00,0.00
randomArrays,1,559,1.10,0.00,0.00
randomArrays,1,512,1.19,0.00,0.00
randomArrays,1,247,0.36,0.00,0.00
randomArrays,1,219,0.48,0.00,0.00
randomArrays,1,839,1.63,15.62,0.00
randomArrays,1,887,2.94,0.00,0.00
randomArrays,1,942,2.30,0.00,0.00
randomArrays,1,920,1.82,0.00,0.00
randomArrays,1,868,4.15,0.00,0.00
randomArrays,1,25,0.04,0.00,0.00
randomArrays,1,174,0.29,0.00,0.00
randomArrays,1,818,1.58,0.00,0.00
randomArrays,1,660,1.20,0.00,0.00
randomArrays,1,592,1.11,0.00,0.00
randomArrays,1,942,2.50,0.00,0.00
randomArrays,1,962,2.58,0.00,0.00
randomArrays,1,254,0.38,0.00,0.00
randomArrays,1,527,0.96,0.00,0.00
randomArrays,1,786,1.52,0.00,0.00
randomArrays,1,179,0.25,0.00,0.00
randomArrays,1,678,1.75,0.00,0.00
randomArrays,1,950,3.38,0.00,0.00
randomArrays,1,538,0.99,0.00,0.00
randomArrays,1,185,0.57,0.00,0.00
randomArrays,1,689,1.83,0.00,0.00
randomArrays,1,161,0.22,0.00,0.00
randomArrays,1,509,0.88,0.00,0.00
randomArrays,1,376,1.02,0.00,0.00
randomArrays,1,766,1.46,0.00,0.00
randomArrays,1,706,1.74,15.62,0.00
randomArrays,1,644,1.18,0.00,0.00
randomArrays,1,758,2.06,0.00,0.00
randomArrays,1,747,1.43,0.00,0.00
randomArrays,1,349,0.56,0.00,0.00
randomArrays,1,574,1.16,0.00,0.00
randomArrays,1,888,1.79,0.00,0.00
randomArrays,1,235,0.38,0.00,0.00
randomArrays,1,653,1.20,0.00,0.00
randomArrays,1,630,1.35,0.00,0.00
randomArrays,1,76,0.10,0.00,0.00
randomArrays,1,436,0.75,0.00,0.00
randomArrays,1,771,2.50,15.62,0.00
randomArrays,1,217,0.31,0.00,0.00
randomArrays,1,419,0.71,0.00,0.00
randomArrays,1,860,2.13,0.00,0.00
randomArrays,1,288,0.75,0.00,0.00
randomArrays,1,280,1.05,0.00,0.00
randomArrays,1,242,0.79,0.00,0.00
randomArrays,1,602,1.61,0.00,0.00
randomArrays,1,44,0.07,0.00,0.00
randomArrays,1,547,1.13,0.00,0.00
randomArrays,1,860,2.20,0.00,0.00
randomArrays,1,737,1.40,0.00,0.00
randomArrays,1,738,1.38,15.62,0.00
randomArrays,1,725,1.52,0.00,0.00
randomArrays,1,684,1.28,0.00,0.00
randomArrays,1,233,0.34,0.00,0.00
randomArrays,1,342,0.54,0.00,0.00
randomArrays,1,855,1.68,0.00,0.00
randomArrays,1,861,2.16,15.62,0.00
randomArrays,1,566,1.66,15.62,0.00
randomArrays,1,406,1.51,0.00,0.00
randomArrays,1,192,0.32,0.00,0.00
randomArrays,1,850,2.22,0.00,0.00
randomArrays,1,609,1.59,0.00,0.00
randomArrays,1,18,0.04,0.00,0.00
randomArrays,1,482,2.21,0.00,0.00
randomArrays,1,264,0.40,0.00,0.00
randomArrays,1,319,1.14,0.00,0.00
randomArrays,1,252,0.39,0.00,0.00
randomArrays,1,342,0.80,0.00,0.00
randomArrays,1,252,0.83,0.00,0.00
randomArrays,1,205,0.33,0.00,0.00
randomArrays,1,942,1.83,0.00,0.00
randomArrays,1,744,1.39,0.00,0.00
randomArrays,1,537,1.12,0.00,0.00
randomArrays,1,501,0.87,0.00,0.00
randomArrays,1,853,2.23,15.62,0.00
randomArrays,1,341,0.57,0.00,0.00
randomArrays,1,800,1.55,0.00,0.00
randomArrays,1,857,1.92,0.00,0.00
randomArrays,1,427,0.83,0.00,0.00
randomArrays,1,647,1.99,0.00,0.00
randomArrays,1,76,0.09,0.00,0.00
randomArrays,1,677,1.25,0.00,0.00
randomArrays,1,579,1.79,0.00,0.00
randomArrays,1,731,1.35,0.00,0.00
randomArrays,1,704,1.98,15.62,0.00
randomArrays,1,266,0.49,0.00,0.00
randomArrays,1,961,2.44,0.00,0.00
randomArrays,1,263,0.63,0.00,0.00
randomArrays,1,434,0.75,0.00,0.00
randomArrays,1,484,1.61,0.00,0.00
randomArrays,1,163,0.23,0.00,0.00
randomArrays,1,984,2.20,15.62,0.00
randomArrays,1,211,0.32,0.00,0.00
randomArrays,1,185,0.42,0.00,0.00
randomArrays,1,467,2.34,15.62,0.00
randomArrays,1,214,0.70,0.00,0.00
randomArrays,1,35,0.05,0.00,0.00
randomArrays,1,141,0.32,0.00,0.00
randomArrays,1,559,2.07,0.00,0.00
randomArrays,1,706,1.31,0.00,0.00
randomArrays,1,68,0.18,0.00,0.00
randomArrays,1,12,0.02,0.00,0.00
randomArrays,1,405,0.67,0.00,0.00
randomArrays,1,288,1.00,0.00,0.00
randomArrays,1,955,4.17,15.62,0.00
randomArrays,1,50,0.13,0.00,0.00
randomArrays,1,752,1.41,0.00,0.00
randomArrays,1,695,2.90,0.00,0.00
randomArrays,1,186,0.84,0.00,0.00
randomArrays,1,737,3.09,0.00,0.00
randomArrays,1,948,2.20,15.62,0.00
randomArrays,1,151,0.66,0.00,0.00
randomArrays,1,46,0.05,0.00,0.00
randomArrays,1,968,2.59,0.00,0.00
randomArrays,1,333,0.53,0.00,0.00
randomArrays,1,189,0.27,0.00,0.00
randomArrays,1,190,0.27,0.00,0.00
randomArrays,1,589,1.07,0.00,0.00
randomArrays,1,230,0.33,0.00,0.00
randomArrays,1,535,2.04,0.00,0.00
randomArrays,1,189,0.75,0.00,0.00
randomArrays,1,948,1.87,0.00,0.00
randomArrays,1,834,2.13,0.00,0.00
randomArrays,1,273,0.41,0.00,0.00
randomArrays,1,773,1.46,0.00,0.00
randomArrays,1,342,0.55,0.00,0.00
randomArrays,1,995,2.36,0.00,0.00
randomArrays,1,221,0.40,0.00,0.00
randomArrays,1,519,1.12,0.00,0.00
randomArrays,1,479,0.92,0.00,0.00
randomArrays,1,155,0.21,0.00,0.00
randomArrays,1,756,2.08,0.00,0.00
randomArrays,1,658,2.36,0.00,0.00
randomArrays,1,213,0.31,0.00,0.00
randomArrays,1,467,0.79,0.00,0.00
randomArrays,1,191,0.27,0.00,0.00
randomArrays,1,744,1.39,0.00,0.00
randomArrays,1,122,0.16,0.00,0.00
randomArrays,1,178,0.71,0.00,0.00
randomArrays,1,760,1.43,0.00,0.00
randomArrays,1,524,0.91,0.00,0.00
randomArrays,1,264,0.39,0.00,0.00
randomArrays,1,733,2.79,0.00,0.00
randomArrays,1,759,2.25,0.00,0.00
randomArrays,1,177,0.25,0.00,0.00
randomArrays,1,53,0.07,0.00,0.00
randomArrays,1,429,0.73,0.00,0.00
randomArrays,1,508,1.13,0.00,0.00
randomArrays,1,919,1.92,0.00,0.00
randomArrays,1,412,0.67,0.00,0.00
randomArrays,1,503,0.89,0.00,0.00
randomArrays,1,115,0.21,0.00,0.00
randomArrays,1,851,3.62,15.62,0.00
randomArrays,1,848,1.63,0.00,0.00
randomArrays,1,652,1.20,0.00,0.00
randomArrays,1,693,1.72,0.00,0.00
randomArrays,1,662,3.09,15.62,0.00
randomArrays,1,815,1.77,0.00,0.00
randomArrays,1,679,1.26,0.00,0.00
randomArrays,1,141,0.55,0.00,0.00
randomArrays,1,458,0.79,0.00,0.00
randomArrays,1,378,0.61,0.00,0.00
randomArrays,1,662,1.21,0.00,0.00
randomArrays,1,809,1.55,0.00,0.00
randomArrays,1,960,2.17,0.00,0.00
randomArrays,1,454,2.22,0.00,0.00
randomArrays,1,513,0.90,0.00,0.00
randomArrays,1,965,3.12,0.00,0.00
randomArrays,1,855,2.00,0.00,0.00
randomArrays,1,257,0.86,0.00,0.00
randomArrays,1,932,1.92,0.00,0.00
randomArrays,1,112,0.14,0.00,0.00
randomArrays,1,264,0.39,0.00,0.00
randomArrays,1,404,1.31,0.00,0.00
randomArrays,1,830,1.74,0.00,0.00
randomArrays,1,115,0.15,0.00,0.00
randomArrays,1,906,2.68,0.00,0.00
randomArrays,2,469,1.78,15.62,0.00
randomArrays,2,783,1.71,0.00,0.00
randomArrays,2,464,1.75,0.00,0.00
randomArrays,2,267,0.89,0.00,0.00
randomArrays,2,828,3.59,15.62,0.00
randomArrays,2,607,2.49,15.62,0.00
randomArrays,2,319,0.96,0.00,0.00
randomArrays,2,431,0.73,0.00,0.00
randomArrays,2,941,2.01,0.00,0.00
randomArrays,2,937,1.80,15.62,0.00
randomArrays,2,619,1.31,0.00,0.00
randomArrays,2,370,0.61,0.00,0.00
randomArrays,2,478,1.02,15.62,0.00
randomArrays,2,107,0.14,0.00,0.00
randomArrays,2,910,1.78,0.00,0.00
randomArrays,2,381,0.83,0.00,0.00
randomArrays,2,699,1.29,0.00,0.00
randomArrays,2,452,1.03,0.00,0.00
randomArrays,2,882,2.50,0.00,0.00
randomArrays,2,697,1.30,0.00,0.00
randomArrays,2,39,0.05,0.00,0.00
randomArrays,2,382,0.75,0.00,0.00
randomArrays,2,980,1.95,0.00,0.00
randomArrays,2,202,0.28,0.00,0.00
randomArrays,2,674,1.33,0.00,0.00
randomArrays,2,184,0.38,0.00,0.00
randomArrays,2,853,2.37,0.00,0.00
randomArrays,2,101,0.20,0.00,0.00
randomArrays,2,329,0.54,0.00,0.00
randomArrays,2,837,2.00,0.00,0.00
randomArrays,2,952,2.50,0.00,0.00
randomArrays,2,676,1.42,15.62,0.00
randomArrays,2,248,0.37,0.00,0.00
randomArrays,2,845,1.64,0.00,0.00
randomArrays,2,707,1.53,0.00,0.00
randomArrays,2,458,0.94,0.00,0.00
randomArrays,2,219,0.32,0.00,0.00
randomArrays,2,268,0.41,0.00,0.00
randomArrays,2,201,0.29,0.00,0.00
randomArrays,2,520,1.30,0.00,0.00
randomArrays,2,832,3.28,0.00,0.00
randomArrays,2,800,2.10,15.62,0.00
randomArrays,2,753,2.70,0.00,0.00
randomArrays,2,286,0.54,0.00,0.00
randomArrays,2,841,1.65,0.00,0.00
randomArrays,2,240,0.36,0.00,0.00
randomArrays,2,370,0.64,0.00,0.00
randomArrays,2,287,0.99,0.00,0.00
randomArrays,2,89,0.12,0.00,0.00
randomArrays,2,881,1.78,0.00,0.00
randomArrays,2,187,0.26,0.00,0.00
randomArrays,2,373,0.60,0.00,0.00
randomArrays,2,194,0.27,0.00,0.00
randomArrays,2,382,0.64,0.00,0.00
randomArrays,2,826,1.59,0.00,0.00
randomArrays,2,781,2.30,15.62,0.00
randomArrays,2,814,1.54,0.00,0.00
randomArrays,2,525,0.93,0.00,0.00
randomArrays,2,136,0.18,0.00,0.00
randomArrays,2,454,0.78,0.00,0.00
randomArrays,2,563,1.08,0.00,0.00
randomArrays,2,226,0.40,0.00,0.00
randomArrays,2,345,0.70,0.00,0.00
randomArrays,2,514,0.89,0.00,0.00
randomArrays,2,871,1.86,0.00,0.00
randomArrays,2,939,2.73,0.00,0.00
randomArrays,2,397,0.99,0.00,0.00
randomArrays,2,429,0.98,0.00,0.00
randomArrays,2,421,0.71,0.00,0.00
randomArrays,2,747,2.60,0.00,0.00
randomArrays,2,19,0.06,0.00,0.00
randomArrays,2,74,0.09,0.00,0.00
randomArrays,2,259,0.39,0.00,0.00
randomArrays,2,846,1.81,15.62,0.00
randomArrays,2,789,1.55,0.00,0.00
randomArrays,2,671,1.22,0.00,0.00
randomArrays,2,368,0.61,0.00,0.00
randomArrays,2,448,0.77,0.00,0.00
randomArrays,2,237,0.35,0.00,0.00
randomArrays,2,627,1.21,0.00,0.00
randomArrays,2,584,1.17,0.00,0.00
randomArrays,2,328,0.74,0.00,0.00
randomArrays,2,606,1.58,0.00,0.00
randomArrays,2,563,1.33,0.00,0.00
randomArrays,2,774,2.16,15.62,0.00
randomArrays,2,206,0.50,0.00,0.00
randomArrays,2,907,2.56,0.00,0.00
randomArrays,2,37,0.05,0.00,0.00
randomArrays,2,878,1.78,0.00,0.00
randomArrays,2,284,0.43,0.00,0.00
randomArrays,2,853,1.92,0.00,0.00
randomArrays,2,247,0.37,0.00,0.00
randomArrays,2,241,0.35,0.00,0.00
randomArrays,2,348,0.57,0.00,0.00
randomArrays,2,814,2.09,0.00,0.00
randomArrays,2,245,0.38,0.00,0.00
randomArrays,2,335,0.62,0.00,0.00
randomArrays,2,497,0.87,0.00,0.00
randomArrays,2,280,0.44,0.00,0.00
randomArrays,2,664,2.84,0.00,0.00
randomArrays,2,523,2.07,0.00,0.00
randomArrays,2,841,3.61,0.00,0.00
randomArrays,2,290,1.00,0.00,0.00
randomArrays,2,158,0.23,0.00,0.00
randomArrays,2,783,1.86,0.00,0.00
randomArrays,2,638,1.20,0.00,0.00
randomArrays,2,314,1.10,0.00,0.00
randomArrays,2,484,0.92,15.62,0.00
randomArrays,2,972,1.93,0.00,0.00
randomArrays,2,652,2.10,0.00,0.00
randomArrays,2,543,0.95,0.00,0.00
randomArrays,2,487,1.04,0.00,0.00
randomArrays,2,686,2.27,0.00,0.00
randomArrays,2,183,0.60,0.00,0.00
randomArrays,2,572,1.03,0.00,0.00
randomArrays,2,747,1.40,15.62,0.00
randomArrays,2,780,2.55,0.00,0.00
randomArrays,2,828,1.62,0.00,0.00
randomArrays,2,591,1.21,0.00,0.00
randomArrays,2,415,0.69,0.00,0.00
randomArrays,2,648,1.21,0.00,0.00
randomArrays,2,204,0.53,0.00,0.00
randomArrays,2,510,0.91,0.00,0.00
randomArrays,2,422,0.92,0.00,0.00
randomArrays,2,541,0.96,0.00,0.00
randomArrays,2,875,1.77,0.00,0.00
randomArrays,2,742,1.38,0.00,0.00
randomArrays,2,384,0.63,0.00,0.00
randomArrays,2,266,0.40,0.00,0.00
randomArrays,2,137,0.18,0.00,0.00
randomArrays,2,970,1.89,15.62,0.00
randomArrays,2,685,1.26,0.00,0.00
randomArrays,2,665,1.34,0.00,0.00
randomArrays,2,319,0.50,0.00,0.00
randomArrays,2,808,1.56,0.00,0.00
randomArrays,2,143,0.19,0.00,0.00
randomArrays,2,147,0.20,0.00,0.00
randomArrays,2,929,1.80,0.00,0.00
randomArrays,2,906,1.79,0.00,0.00
randomArrays,2,425,0.84,0.00,0.00
randomArrays,2,736,1.37,0.00,0.00
randomArrays,2,65,0.09,0.00,0.00
randomArrays,2,305,0.48,0.00,0.00
randomArrays,2,194,0.39,0.00,0.00
randomArrays,2,545,1.15,0.00,0.00
randomArrays,2,49,0.06,0.00,0.00
randomArrays,2,731,1.38,0.00,0.00
randomArrays,2,712,1.38,0.00,0.00
randomArrays,2,732,3.42,15.62,0.00
randomArrays,2,57,0.07,0.00,0.00
randomArrays,2,983,2.55,0.00,0.00
randomArrays,2,345,0.78,0.00,0.00
randomArrays,2,152,0.21,0.00,0.00
randomArrays,2,963,1.95,0.00,0.00
randomArrays,2,544,2.11,0.00,0.00
randomArrays,2,870,2.43,0.00,0.00
randomArrays,2,557,0.99,0.00,0.00
randomArrays,2,168,0.33,0.00,0.00
randomArrays,2,373,0.62,0.00,0.00
randomArrays,2,416,0.97,0.00,0.00
randomArrays,2,942,1.82,0.00,0.00
randomArrays,2,966,2.03,0.00,0.00
randomArrays,2,363,0.79,0.00,0.00
randomArrays,2,955,1.85,15.62,0.00
randomArrays,2,626,1.20,0.00,0.00
randomArrays,2,948,1.89,0.00,0.00
randomArrays,2,193,0.42,0.00,0.00
randomArrays,2,361,0.81,0.00,0.00
randomArrays,2,195,0.28,0.00,0.00
randomArrays,2,905,1.80,0.00,0.00
randomArrays,2,105,0.14,0.00,0.00
randomArrays,2,750,1.72,0.00,0.00
randomArrays,2,565,1.00,0.00,0.00
randomArrays,2,538,0.95,0.00,0.00
randomArrays,2,488,0.89,0.00,0.00
randomArrays,2,30,0.07,0.00,0.00
randomArrays,2,554,1.12,0.00,0.00
randomArrays,2,407,0.70,0.00,0.00
randomArrays,2,958,2.51,0.00,0.00
randomArrays,2,137,0.19,0.00,0.00
randomArrays,2,101,0.13,0.00,0.00
randomArrays,2,633,1.17,0.00,0.00
randomArrays,2,44,0.05,0.00,0.00
randomArrays,2,738,3.50,0.00,0.00
randomArrays,2,763,2.10,0.00,0.00
randomArrays,2,319,0.75,0.00,0.00
randomArrays,2,682,1.28,0.00,0.00
randomArrays,2,820,1.58,0.00,0.00
randomArrays,2,896,1.92,0.00,0.00
randomArrays,2,712,1.45,15.62,0.00
randomArrays,2,554,1.00,0.00,0.00
randomArrays,2,940,1.88,0.00,0.00
randomArrays,2,787,1.50,0.00,0.00
randomArrays,2,255,0.62,0.00,0.00
randomArrays,2,135,0.18,0.00,0.00
randomArrays,2,546,1.18,0.00,0.00
randomArrays,2,643,1.37,0.00,0.00
randomArrays,2,197,0.28,0.00,0.00
randomArrays,2,643,2.58,0.00,0.00
randomArrays,2,858,2.22,15.62,0.00
randomArrays,2,134,0.22,0.00,0.00
randomArrays,2,133,0.18,0.00,0.00
randomArrays,2,317,0.99,0.00,0.00
randomArrays,2,312,0.49,0.00,0.00
randomArrays,2,160,0.22,0.00,0.00
randomArrays,2,838,1.59,0.00,0.00
randomArrays,2,316,0.59,0.00,0.00
randomArrays,2,111,0.14,0.00,0.00
randomArrays,2,530,1.09,0.00,0.00
randomArrays,2,827,1.64,0.00,0.00
randomArrays,2,994,1.96,0.00,0.00
randomArrays,2,348,0.57,0.00,0.00
randomArrays,2,652,1.33,0.00,0.00
randomArrays,2,339,1.10,0.00,0.00
randomArrays,2,908,1.80,0.00,0.00
randomArrays,2,655,1.25,0.00,0.00
randomArrays,2,899,2.43,15.62,0.00
randomArrays,2,377,1.74,0.00,0.00
randomArrays,2,793,1.74,0.00,0.00
randomArrays,2,12,0.03,0.00,0.00
randomArrays,2,236,0.38,0.00,0.00
randomArrays,2,851,1.64,0.00,0.00
randomArrays,2,462,1.34,0.00,0.00
randomArrays,2,49,0.06,0.00,0.00
randomArrays,2,649,1.39,15.62,0.00
randomArrays,2,299,0.70,0.00,0.00
randomArrays,2,796,2.15,0.00,0.00
randomArrays,2,227,0.33,0.00,0.00
randomArrays,2,929,1.83,0.00,0.00
randomArrays,2,166,0.23,0.00,0.00
randomArrays,2,277,0.42,0.00,0.00
randomArrays,2,179,0.26,0.00,0.00
randomArrays,2,809,1.53,0.00,0.00
randomArrays,2,232,0.54,0.00,0.00
randomArrays,2,247,0.36,0.00,0.00
randomArrays,2,99,0.12,0.00,0.00
randomArrays,2,649,1.72,0.00,0.00
randomArrays,2,15,0.03,0.00,0.00
randomArrays,2,646,1.56,0.00,0.00
randomArrays,2,463,1.19,0.00,0.00
randomArrays,2,587,1.05,0.00,0.00
randomArrays,2,898,1.74,0.00,0.00
randomArrays,2,643,1.17,0.00,0.00
randomArrays,2,840,1.64,0.00,0.00
randomArrays,2,708,2.04,15.62,0.00
randomArrays,2,214,0.31,0.00,0.00
randomArrays,2,565,1.04,0.00,0.00
randomArrays,2,157,0.22,0.00,0.00
randomArrays,2,265,0.41,0.00,0.00
randomArrays,2,171,0.24,0.00,0.00
randomArrays,2,136,0.37,0.00,0.00
randomArrays,2,290,0.45,0.00,0.00
randomArrays,2,96,0.12,0.00,0.00
randomArrays,2,11,0.05,0.00,0.00
randomArrays,2,311,1.46,0.00,0.00
randomArrays,2,566,1.25,0.00,0.00
randomArrays,2,328,0.53,0.00,0.00
randomArrays,2,358,0.59,0.00,0.00
randomArrays,2,674,1.25,0.00,0.00
randomArrays,2,490,1.60,0.00,0.00
randomArrays,2,36,0.09,0.00,0.00
randomArrays,2,408,0.78,0.00,0.00
randomArrays,2,49,0.06,0.00,0.00
randomArrays,2,581,1.03,0.00,0.00
randomArrays,2,879,2.35,0.00,0.00
randomArrays,2,61,0.15,0.00,0.00
randomArrays,2,656,1.60,0.00,0.00
randomArrays,2,411,0.96,0.00,0.00
randomArrays,2,361,0.70,0.00,0.00
randomArrays,2,994,2.29,0.00,0.00
randomArrays,2,416,0.75,0.00,0.00
randomArrays,2,966,2.67,0.00,0.00
randomArrays,2,92,0.18,0.00,0.00
randomArrays,2,429,0.72,0.00,0.00
randomArrays,2,658,1.23,0.00,0.00
randomArrays,2,877,3.28,15.62,0.00
randomArrays,2,780,3.33,0.00,0.00
randomArrays,2,669,2.83,0.00,0.00
randomArrays,2,394,1.46,0.00,0.00
randomArrays,2,892,1.78,0.00,0.00
randomArrays,2,180,0.31,0.00,0.00
randomArrays,2,829,1.90,0.00,0.00
randomArrays,2,255,0.51,0.00,0.00
randomArrays,2,374,0.61,0.00,0.00
randomArrays,2,37,0.07,0.00,0.00
randomArrays,2,919,3.17,15.62,0.00
randomArrays,2,850,1.63,0.00,0.00
randomArrays,2,930,2.50,0.00,0.00
randomArrays,2,419,0.72,0.00,0.00
randomArrays,2,720,1.35,0.00,0.00
randomArrays,2,378,1.39,0.00,0.00
randomArrays,2,815,1.54,0.00,0.00
randomArrays,2,566,1.28,0.00,0.00
randomArrays,2,623,1.17,0.00,0.00
randomArrays,2,597,2.19,0.00,0.00
randomArrays,2,148,0.20,0.00,0.00
randomArrays,2,580,1.04,0.00,0.00
randomArrays,2,244,0.37,0.00,0.00
randomArrays,2,703,1.97,0.00,0.00
randomArrays,2,743,1.91,0.00,0.00
randomArrays,2,923,1.79,0.00,0.00
randomArrays,2,284,0.45,0.00,0.00
randomArrays,2,35,0.04,0.00,0.00
randomArrays,2,941,1.82,0.00,0.00
randomArrays,2,39,0.05,0.00,0.00
randomArrays,2,276,0.51,0.00,0.00
randomArrays,2,494,1.05,0.00,0.00
randomArrays,2,547,1.48,0.00,0.00
randomArrays,2,837,1.70,0.00,0.00
randomArrays,2,183,0.37,0.00,0.00
randomArrays,2,360,0.69,0.00,0.00
randomArrays,2,627,1.35,15.62,0.00
randomArrays,2,833,2.09,0.00,0.00
randomArrays,2,491,0.84,0.00,0.00
randomArrays,2,623,1.28,0.00,0.00
randomArrays,2,850,1.76,0.00,0.00
randomArrays,2,35,0.05,0.00,0.00
randomArrays,2,584,1.05,15.62,0.00
randomArrays,2,34,0.08,0.00,0.00
randomArrays,2,335,0.54,0.00,0.00
randomArrays,2,145,0.19,0.00,0.00
randomArrays,2,61,0.07,0.00,0.00
randomArrays,2,88,0.24,0.00,0.00
randomArrays,2,442,1.11,0.00,0.00
randomArrays,2,729,1.37,15.62,0.00
randomArrays,2,312,0.49,0.00,0.00
randomArrays,2,620,1.13,0.00,0.00
randomArrays,2,77,0.13,0.00,0.00
randomArrays,2,784,1.48,0.00,0.00
randomArrays,2,720,1.34,0.00,0.00
randomArrays,2,796,1.60,0.00,0.00
randomArrays,2,81,0.22,0.00,0.00
randomArrays,2,900,1.76,0.00,0.00
randomArrays,2,570,1.00,0.00,0.00
randomArrays,2,749,1.81,0.00,0.00
randomArrays,2,723,1.43,0.00,0.00
randomArrays,2,54,0.14,0.00,0.00
randomArrays,2,261,0.63,0.00,0.00
randomArrays,2,831,1.63,0.00,0.00
randomArrays,2,133,0.17,0.00,0.00
randomArrays,2,165,0.23,0.00,0.00
randomArrays,2,441,1.20,0.00,0.00
randomArrays,2,782,1.50,0.00,0.00
randomArrays,2,384,0.64,0.00,0.00
randomArrays,2,283,1.07,0.00,0.00
randomArrays,2,71,0.12,0.00,0.00
randomArrays,2,374,1.38,0.00,0.00
randomArrays,2,204,0.29,0.00,0.00
randomArrays,2,437,0.73,0.00,0.00
randomArrays,2,662,1.32,0.00,0.00
randomArrays,2,821,1.88,0.00,0.00
randomArrays,2,198,0.62,0.00,0.00
randomArrays,2,776,1.71,0.00,0.00
randomArrays,2,124,0.35,0.00,0.00
randomArrays,2,202,0.85,0.00,0.00
randomArrays,2,806,2.12,0.00,0.00
randomArrays,2,448,0.77,0.00,0.00
randomArrays,2,383,0.62,0.00,0.00
randomArrays,2,992,1.96,0.00,0.00
randomArrays,2,714,2.83,0.00,0.00
randomArrays,2,528,1.60,0.00,0.00
randomArrays,2,137,0.24,0.00,0.00
randomArrays,2,122,0.16,0.00,0.00
randomArrays,2,883,1.70,0.00,0.00
randomArrays,2,614,1.33,0.00,0.00
randomArrays,2,841,1.75,0.00,0.00
randomArrays,2,471,0.81,0.00,0.00
randomArrays,2,871,1.71,0.00,0.00
randomArrays,2,938,2.48,0.00,0.00
randomArrays,2,238,0.99,0.00,0.00
randomArrays,2,772,1.64,0.00,0.00
randomArrays,2,334,0.54,0.00,0.00
randomArrays,2,274,0.42,0.00,0.00
randomArrays,2,385,0.73,0.00,0.00
randomArrays,2,455,0.79,0.00,0.00
randomArrays,2,202,0.29,0.00,0.00
randomArrays,2,349,1.28,0.00,0.00
randomArrays,2,170,0.24,0.00,0.00
randomArrays,2,365,0.77,0.00,0.00
randomArrays,2,921,1.81,0.00,0.00
randomArrays,2,368,0.61,0.00,0.00
randomArrays,2,851,1.88,0.00,0.00
randomArrays,2,736,1.40,0.00,0.00
randomArrays,2,64,0.09,0.00,0.00
randomArrays,2,371,0.82,0.00,0.00
randomArrays,2,962,1.89,0.00,0.00
randomArrays,2,758,2.07,0.00,0.00
randomArrays,2,565,1.18,0.00,0.00
randomArrays,2,246,0.36,0.00,0.00
randomArrays,2,390,0.66,0.00,0.00
randomArrays,2,833,1.59,0.00,0.00
randomArrays,2,359,0.58,0.00,0.00
randomArrays,2,647,1.33,0.00,0.00
randomArrays,2,830,2.59,0.00,0.00
randomArrays,2,790,1.58,0.00,0.00
randomArrays,2,789,1.50,0.00,0.00
randomArrays,2,33,0.04,0.00,0.00
randomArrays,2,324,0.52,0.00,0.00
randomArrays,2,460,0.79,0.00,0.00
randomArrays,2,660,1.23,0.00,0.00
randomArrays,2,553,1.13,0.00,0.00
randomArrays,2,181,0.36,0.00,0.00
randomArrays,2,106,0.14,0.00,0.00
randomArrays,2,198,0.29,0.00,0.00
randomArrays,2,795,1.88,0.00,0.00
randomArrays,2,149,0.20,0.00,0.00
randomArrays,2,42,0.05,0.00,0.00
randomArrays,2,538,1.29,15.62,0.00
randomArrays,2,405,0.81,0.00,0.00
randomArrays,2,741,1.58,0.00,0.00
randomArrays,2,88,0.13,0.00,0.00
randomArrays,2,896,3.12,0.00,0.00
randomArrays,2,574,1.06,0.00,0.00
randomArrays,2,34,0.04,0.00,0.00
randomArrays,2,83,0.10,0.00,0.00
randomArrays,2,311,1.08,0.00,0.00
randomArrays,2,168,0.23,0.00,0.00
randomArrays,2,720,1.35,0.00,0.00
randomArrays,2,499,0.86,0.00,0.00
randomArrays,2,280,0.44,0.00,0.00
randomArrays,2,960,2.08,15.62,0.00
randomArrays,2,351,1.35,0.00,0.00
randomArrays,2,840,3.44,0.00,0.00
randomArrays,2,826,1.75,0.00,0.00
randomArrays,2,780,1.51,0.00,0.00
randomArrays,2,592,1.07,0.00,0.00
randomArrays,2,601,1.10,0.00,0.00
randomArrays,2,924,2.69,0.00,0.00
randomArrays,2,630,1.15,15.62,0.00
randomArrays,2,738,3.54,0.00,0.00
randomArrays,2,43,0.05,0.00,0.00
randomArrays,2,546,0.97,15.62,0.00
randomArrays,2,118,0.15,0.00,0.00
randomArrays,2,812,1.55,15.62,0.00
randomArrays,2,636,1.16,0.00,0.00
randomArrays,2,253,0.38,0.00,0.00
randomArrays,2,443,0.75,0.00,0.00
randomArrays,2,292,0.46,0.00,0.00
randomArrays,2,723,1.35,0.00,0.00
randomArrays,2,398,0.69,0.00,0.00
randomArrays,2,368,1.05,0.00,0.00
randomArrays,2,534,1.01,0.00,0.00
randomArrays,2,899,1.74,0.00,0.00
randomArrays,2,137,0.18,0.00,0.00
randomArrays,2,187,0.26,0.00,0.00
randomArrays,2,164,0.22,0.00,0.00
randomArrays,2,735,1.73,0.00,0.00
randomArrays,2,524,0.91,0.00,0.00
randomArrays,2,512,1.04,0.00,0.00
randomArrays,2,15,0.02,0.00,0.00
randomArrays,2,737,1.59,0.00,0.00
randomArrays,2,616,1.68,0.00,0.00
randomArrays,2,349,0.90,0.00,0.00
randomArrays,2,645,1.64,0.00,0.00
randomArrays,2,502,1.20,15.62,0.00
randomArrays,2,932,2.86,0.00,0.00
randomArrays,2,778,2.11,0.00,0.00
randomArrays,2,126,0.16,0.00,0.00
randomArrays,2,836,1.68,0.00,0.00
randomArrays,2,911,1.75,0.00,0.00
randomArrays,2,265,0.53,0.00,0.00
randomArrays,2,694,2.41,0.00,0.00
randomArrays,2,188,0.27,0.00,0.00
randomArrays,2,282,0.46,0.00,0.00
randomArrays,2,347,0.76,0.00,0.00
randomArrays,2,768,2.06,0.00,0.00
randomArrays,2,778,1.90,0.00,0.00
randomArrays,2,549,0.99,0.00,0.00
randomArrays,2,12,0.03,0.00,0.00
randomArrays,2,336,0.58,0.00,0.00
randomArrays,2,949,2.60,0.00,0.00
randomArrays,2,179,0.33,0.00,0.00
randomArrays,2,634,1.17,0.00,0.00
randomArrays,2,38,0.05,0.00,0.00
randomArrays,2,123,0.37,0.00,0.00
randomArrays,2,282,0.44,0.00,0.00
randomArrays,2,452,0.78,0.00,0.00
randomArrays,2,217,0.31,0.00,0.00
randomArrays,2,629,1.51,0.00,0.00
randomArrays,2,275,0.43,0.00,0.00
randomArrays,2,66,0.08,0.00,0.00
randomArrays,2,308,0.60,0.00,0.00
randomArrays,2,809,1.69,0.00,0.00
randomArrays,2,634,1.16,0.00,0.00
randomArrays,2,478,0.83,0.00,0.00
randomArrays,2,336,0.63,0.00,0.00
randomArrays,2,672,1.47,0.00,0.00
randomArrays,2,583,1.41,0.00,0.00
randomArrays,2,413,0.71,0.00,0.00
randomArrays,2,683,1.39,0.00,0.00
randomArrays,2,463,1.24,15.62,0.00
randomArrays,2,267,0.90,0.00,0.00
randomArrays,2,73,0.24,0.00,0.00
randomArrays,2,641,1.17,0.00,0.00
randomArrays,2,827,1.64,0.00,0.00
randomArrays,2,864,1.68,0.00,0.00
randomArrays,2,672,1.29,0.00,0.00
randomArrays,2,948,2.60,0.00,0.00
randomArrays,2,523,0.92,0.00,0.00
randomArrays,2,113,0.15,0.00,0.00
randomArrays,2,855,1.69,0.00,0.00
randomArrays,2,764,1.46,0.00,0.00
randomArrays,2,559,1.16,0.00,0.00
randomArrays,2,256,0.55,0.00,0.00
randomArrays,2,861,2.57,15.62,0.00
randomArrays,2,215,0.49,0.00,0.00
randomArrays,2,610,1.27,0.00,0.00
randomArrays,2,133,0.18,0.00,0.00
randomArrays,2,721,1.73,0.00,0.00
randomArrays,2,826,1.96,0.00,0.00
randomArrays,2,732,1.37,0.00,0.00
randomArrays,2,218,0.69,0.00,0.00
randomArrays,2,897,1.75,0.00,0.00
randomArrays,2,95,0.12,0.00,0.00
randomArrays,2,596,2.48,15.62,0.00
randomArrays,2,333,1.20,0.00,0.00
randomArrays,2,139,0.19,0.00,0.00
randomArrays,2,90,0.24,0.00,0.00
randomArrays,2,724,1.40,0.00,0.00
randomArrays,2,24,0.06,0.00,0.00
randomArrays,2,182,0.41,0.00,0.00
randomArrays,2,440,0.76,0.00,0.00
randomArrays,2,521,0.91,0.00,0.00
randomArrays,2,653,2.37,0.00,0.00
randomArrays,2,422,0.71,0.00,0.00
randomArrays,2,919,2.36,15.62,0.00
randomArrays,2,399,0.67,0.00,0.00
randomArrays,2,148,0.37,0.00,0.00
randomArrays,2,651,1.22,0.00,0.00
randomArrays,2,953,1.86,0.00,0.00
randomArrays,2,205,0.40,0.00,0.00
randomArrays,2,713,1.34,0.00,0.00
randomArrays,2,335,0.55,0.00,0.00
randomArrays,2,800,1.52,0.00,0.00
randomArrays,2,263,0.58,0.00,0.00
randomArrays,2,305,0.48,0.00,0.00
randomArrays,2,772,1.47,0.00,0.00
randomArrays,2,760,1.98,15.62,0.00
randomArrays,2,985,2.12,0.00,0.00
randomArrays,2,468,0.82,0.00,0.00
randomArrays,2,542,0.96,0.00,0.00
randomArrays,2,137,0.25,0.00,0.00
randomArrays,2,877,1.68,0.00,0.00
randomArrays,2,407,0.68,0.00,0.00
randomArrays,2,13,0.02,0.00,0.00
randomArrays,2,857,2.50,0.00,0.00
randomArrays,2,961,1.95,0.00,0.00
randomArrays,2,963,2.02,0.00,0.00
randomArrays,2,792,1.50,0.00,0.00
randomArrays,2,190,0.27,0.00,0.00
randomArrays,2,859,1.67,0.00,0.00
randomArrays,2,989,1.99,0.00,0.00
randomArrays,2,816,1.81,0.00,0.00
randomArrays,2,950,2.20,0.00,0.00
randomArrays,2,241,0.37,0.00,0.00
randomArrays,2,957,1.90,0.00,0.00
randomArrays,2,155,0.22,0.00,0.00
randomArrays,2,625,1.17,0.00,0.00
randomArrays,2,573,1.06,0.00,0.00
randomArrays,2,278,0.43,0.00,0.00
randomArrays,2,67,0.08,0.00,0.00
randomArrays,2,785,1.60,0.00,0.00
randomArrays,2,576,1.03,0.00,0.00
randomArrays,2,949,2.23,0.00,0.00
randomArrays,2,274,0.44,0.00,0.00
randomArrays,2,827,1.60,0.00,0.00
randomArrays,2,246,0.40,0.00,0.00
randomArrays,2,497,0.87,0.00,0.00
randomArrays,2,98,0.19,0.00,0.00
randomArrays,2,87,0.29,0.00,0.00
randomArrays,2,362,0.86,0.00,0.00
randomArrays,2,748,2.63,0.00,0.00
randomArrays,2,553,0.97,0.00,0.00
randomArrays,2,931,1.83,0.00,0.00
randomArrays,2,24,0.03,0.00,0.00
randomArrays,2,836,2.23,0.00,0.00
randomArrays,2,524,2.19,0.00,0.00
randomArrays,2,286,0.44,0.00,0.00
randomArrays,2,379,0.63,0.00,0.00
randomArrays,2,654,1.28,0.00,0.00
randomArrays,2,795,1.50,0.00,0.00
randomArrays,2,335,0.53,0.00,0.00
randomArrays,2,218,0.32,0.00,0.00
randomArrays,2,390,0.88,0.00,0.00
randomArrays,2,80,0.11,0.00,0.00
randomArrays,2,602,1.08,0.00,0.00
randomArrays,2,687,1.85,0.00,0.00
randomArrays,2,573,1.42,0.00,0.00
randomArrays,2,857,1.96,15.62,0.00
randomArrays,2,484,0.83,0.00,0.00
randomArrays,2,633,1.21,0.00,0.00
randomArrays,2,393,0.65,0.00,0.00
randomArrays,2,953,2.49,0.00,0.00
randomArrays,2,718,1.46,0.00,0.00
randomArrays,2,330,0.86,0.00,0.00
randomArrays,2,273,0.41,0.00,0.00
randomArrays,2,323,0.72,0.00,0.00
randomArrays,2,971,1.93,0.00,0.00
randomArrays,2,156,0.35,0.00,0.00
randomArrays,2,971,2.50,0.00,0.00
randomArrays,2,202,0.29,0.00,0.00
randomArrays,2,201,0.45,0.00,0.00
randomArrays,2,230,0.34,0.00,0.00
randomArrays,2,953,1.85,0.00,0.00
randomArrays,2,399,1.42,0.00,0.00
randomArrays,2,354,0.56,0.00,0.00
randomArrays,2,334,0.54,0.00,0.00
randomArrays,2,538,0.98,0.00,0.00
randomArrays,2,238,0.35,0.00,0.00
randomArrays,2,415,1.03,0.00,0.00
randomArrays,2,498,1.73,0.00,0.00
randomArrays,2,193,0.27,0.00,0.00
randomArrays,2,125,0.16,0.00,0.00
randomArrays,2,100,0.13,0.00,0.00
randomArrays,2,742,1.39,0.00,0.00
randomArrays,2,588,1.09,0.00,0.00
randomArrays,2,355,1.14,0.00,0.00
randomArrays,2,923,2.11,0.00,0.00
randomArrays,2,167,0.50,0.00,0.00
randomArrays,2,518,0.91,0.00,0.00
randomArrays,2,649,1.33,0.00,0.00
randomArrays,2,280,0.44,0.00,0.00
randomArrays,2,842,1.61,0.00,0.00
randomArrays,2,586,1.03,0.00,0.00
randomArrays,2,519,0.90,0.00,0.00
randomArrays,2,112,0.15,0.00,0.00
randomArrays,2,320,0.55,0.00,0.00
randomArrays,2,955,1.93,0.00,0.00
randomArrays,2,61,0.11,0.00,0.00
randomArrays,2,709,1.78,0.00,0.00
randomArrays,2,671,1.26,0.00,0.00
randomArrays,2,437,0.81,0.00,0.00
randomArrays,2,917,1.83,0.00,0.00
randomArrays,2,499,1.08,0.00,0.00
randomArrays,2,503,0.87,0.00,0.00
randomArrays,2,676,1.94,15.62,0.00
randomArrays,2,594,1.79,0.00,0.00
randomArrays,2,48,0.06,0.00,0.00
randomArrays,2,590,1.59,0.00,0.00
randomArrays,2,861,2.74,15.62,0.00
randomArrays,2,363,0.75,0.00,0.00
randomArrays,2,969,2.05,0.00,0.00
randomArrays,2,912,2.54,0.00,0.00
randomArrays,2,779,2.33,0.00,0.00
randomArrays,2,301,1.06,0.00,0.00
randomArrays,2,545,1.26,0.00,0.00
randomArrays,2,24,0.03,0.00,0.00
randomArrays,2,953,2.28,0.00,0.00
randomArrays,2,440,1.46,0.00,0.00
randomArrays,2,997,2.34,0.00,0.00
randomArrays,2,661,1.50,0.00,0.00
randomArrays,2,583,1.13,0.00,0.00
randomArrays,2,478,0.93,0.00,0.00
randomArrays,2,220,0.34,0.00,0.00
randomArrays,2,458,0.82,0.00,0.00
randomArrays,2,783,1.55,0.00,0.00
randomArrays,2,554,1.19,0.00,0.00
randomArrays,2,167,0.23,0.00,0.00
randomArrays,2,338,0.55,0.00,0.00
randomArrays,2,321,0.53,0.00,0.00
randomArrays,2,993,1.97,0.00,0.00
randomArrays,2,414,1.65,0.00,0.00
randomArrays,2,630,1.18,0.00,0.00
randomArrays,2,572,1.02,0.00,0.00
randomArrays,2,119,0.23,0.00,0.00
randomArrays,2,852,1.63,0.00,0.00
randomArrays,2,392,0.65,0.00,0.00
randomArrays,2,744,1.41,0.00,0.00
randomArrays,2,767,1.57,0.00,0.00
randomArrays,2,419,0.74,0.00,0.00
randomArrays,2,186,0.26,0.00,0.00
randomArrays,2,498,1.76,0.00,0.00
randomArrays,2,369,0.86,0.00,0.00
randomArrays,2,545,2.05,0.00,0.00
randomArrays,2,585,2.16,0.00,0.00
randomArrays,2,232,0.34,0.00,0.00
randomArrays,2,683,2.82,0.00,0.00
randomArrays,2,373,0.62,0.00,0.00
randomArrays,2,67,0.17,0.00,0.00
randomArrays,2,47,0.12,0.00,0.00
randomArrays,2,353,0.58,0.00,0.00
randomArrays,2,165,0.23,0.00,0.00
randomArrays,2,822,2.32,0.00,0.00
randomArrays,2,207,0.67,0.00,0.00
randomArrays,2,365,0.78,0.00,0.00
randomArrays,2,33,0.04,0.00,0.00
randomArrays,2,324,0.51,0.00,0.00
randomArrays,2,533,0.93,0.00,0.00
randomArrays,2,467,0.85,0.00,0.00
randomArrays,2,653,1.18,0.00,0.00
randomArrays,2,262,0.40,0.00,0.00
randomArrays,2,26,0.03,0.00,0.00
randomArrays,2,705,1.58,0.00,0.00
randomArrays,2,945,1.90,0.00,0.00
randomArrays,2,145,0.20,0.00,0.00
randomArrays,2,987,2.15,0.00,0.00
randomArrays,2,40,0.05,0.00,0.00
randomArrays,2,418,0.92,0.00,0.00
randomArrays,2,20,0.03,0.00,0.00
randomArrays,2,618,1.40,0.00,0.00
randomArrays,2,463,1.25,15.62,0.00
randomArrays,2,310,0.60,0.00,0.00
randomArrays,2,753,1.45,0.00,0.00
randomArrays,2,203,0.30,0.00,0.00
randomArrays,2,756,1.57,0.00,0.00
randomArrays,2,998,1.96,0.00,0.00
randomArrays,2,631,1.34,15.62,0.00
randomArrays,2,788,1.52,0.00,0.00
randomArrays,2,364,0.92,0.00,0.00
randomArrays,2,435,1.09,0.00,0.00
randomArrays,2,379,1.11,0.00,0.00
randomArrays,2,208,0.31,0.00,0.00
randomArrays,2,503,1.85,15.62,0.00
randomArrays,2,97,0.12,0.00,0.00
randomArrays,2,266,0.55,0.00,0.00
randomArrays,2,828,1.57,0.00,0.00
randomArrays,2,319,1.25,0.00,0.00
randomArrays,2,898,1.83,0.00,0.00
randomArrays,2,380,1.40,0.00,0.00
randomArrays,2,450,0.77,0.00,0.00
randomArrays,2,142,0.34,0.00,0.00
randomArrays,2,434,0.73,0.00,0.00
randomArrays,2,96,0.12,0.00,0.00
randomArrays,2,641,1.19,0.00,0.00
randomArrays,2,538,1.53,0.00,0.00
randomArrays,2,502,0.88,0.00,0.00
randomArrays,2,599,1.18,0.00,0.00
randomArrays,2,299,0.46,0.00,0.00
randomArrays,2,620,1.20,0.00,0.00
randomArrays,2,606,1.12,0.00,0.00
randomArrays,2,282,0.69,0.00,0.00
randomArrays,2,205,0.64,0.00,0.00
randomArrays,2,504,1.37,0.00,0.00
randomArrays,2,315,0.50,0.00,0.00
randomArrays,2,739,1.40,0.00,0.00
randomArrays,2,226,0.34,0.00,0.00
randomArrays,2,239,0.36,0.00,0.00
randomArrays,2,656,1.19,0.00,0.00
randomArrays,2,467,0.81,0.00,0.00
randomArrays,2,855,1.85,0.00,0.00
randomArrays,2,12,0.02,0.00,0.00
randomArrays,2,751,2.11,0.00,0.00
randomArrays,2,426,0.73,0.00,0.00
randomArrays,2,735,1.43,0.00,0.00
randomArrays,2,321,0.58,0.00,0.00
randomArrays,2,522,1.00,0.00,0.00
randomArrays,2,888,2.79,0.00,0.00
randomArrays,2,118,0.37,0.00,0.00
randomArrays,2,813,2.04,15.62,0.00
randomArrays,2,547,1.01,0.00,0.00
randomArrays,2,860,2.74,0.00,0.00
randomArrays,2,189,0.27,0.00,0.00
randomArrays,2,668,3.19,15.62,0.00
randomArrays,2,583,2.35,0.00,0.00
randomArrays,2,489,0.84,0.00,0.00
randomArrays,2,414,1.56,0.00,0.00
randomArrays,2,905,2.83,0.00,0.00
randomArrays,2,742,2.92,0.00,0.00
randomArrays,2,358,0.59,0.00,0.00
randomArrays,2,741,1.67,15.62,0.00
randomArrays,2,470,1.81,0.00,0.00
randomArrays,2,111,0.31,0.00,0.00
randomArrays,2,546,1.74,0.00,0.00
randomArrays,2,591,1.09,0.00,0.00
randomArrays,2,884,2.12,0.00,0.00
randomArrays,2,684,1.25,0.00,0.00
randomArrays,2,975,1.91,0.00,0.00
randomArrays,2,739,1.42,0.00,0.00
randomArrays,2,725,1.81,0.00,0.00
randomArrays,2,893,1.72,15.62,0.00
randomArrays,2,16,0.04,0.00,0.00
randomArrays,2,467,0.79,0.00,0.00
randomArrays,2,307,0.48,0.00,0.00
randomArrays,2,235,0.35,0.00,0.00
randomArrays,2,377,1.38,0.00,0.00
randomArrays,2,448,0.76,0.00,0.00
randomArrays,2,999,4.44,0.00,0.00
randomArrays,2,98,0.12,0.00,0.00
randomArrays,2,456,0.78,0.00,0.00
randomArrays,2,118,0.15,0.00,0.00
randomArrays,2,406,0.68,0.00,0.00
randomArrays,2,33,0.04,0.00,0.00
randomArrays,2,517,0.89,0.00,0.00
randomArrays,2,248,0.37,0.00,0.00
randomArrays,2,61,0.07,0.00,0.00
randomArrays,2,547,1.15,0.00,0.00
randomArrays,2,602,1.14,0.00,0.00
randomArrays,2,579,1.05,0.00,0.00
randomArrays,2,972,2.13,0.00,0.00
randomArrays,2,653,1.21,0.00,0.00
randomArrays,2,866,1.74,0.00,0.00
randomArrays,2,417,1.57,15.62,0.00
randomArrays,2,386,0.65,0.00,0.00
randomArrays,2,349,0.58,0.00,0.00
randomArrays,2,598,1.74,0.00,0.00
randomArrays,2,856,1.73,0.00,0.00
randomArrays,2,152,0.21,0.00,0.00
randomArrays,2,436,0.93,0.00,0.00
randomArrays,2,356,0.58,0.00,0.00
randomArrays,2,598,1.09,0.00,0.00
randomArrays,2,578,1.04,0.00,0.00
randomArrays,2,786,1.87,0.00,0.00
randomArrays,2,124,0.16,0.00,0.00
randomArrays,2,439,0.75,0.00,0.00
randomArrays,2,492,1.11,0.00,0.00
randomArrays,2,207,0.30,0.00,0.00
randomArrays,2,100,0.28,0.00,0.00
randomArrays,2,591,1.18,0.00,0.00
randomArrays,2,397,0.65,0.00,0.00
randomArrays,2,295,0.49,0.00,0.00
randomArrays,2,733,1.40,0.00,0.00
randomArrays,2,231,0.35,0.00,0.00
randomArrays,2,565,1.23,0.00,0.00
randomArrays,2,910,3.07,15.62,0.00
randomArrays,2,74,0.09,0.00,0.00
randomArrays,2,647,1.35,0.00,0.00
randomArrays,2,456,0.81,0.00,0.00
randomArrays,2,954,1.86,0.00,0.00
randomArrays,2,495,1.25,0.00,0.00
randomArrays,2,487,2.08,0.00,0.00
randomArrays,2,559,1.02,0.00,0.00
randomArrays,2,512,1.48,0.00,0.00
randomArrays,2,247,0.37,0.00,0.00
randomArrays,2,219,0.43,0.00,0.00
randomArrays,2,839,2.41,0.00,0.00
randomArrays,2,887,2.72,0.00,0.00
randomArrays,2,942,2.69,0.00,0.00
randomArrays,2,920,3.05,0.00,0.00
randomArrays,2,868,1.71,0.00,0.00
randomArrays,2,25,0.03,0.00,0.00
randomArrays,2,174,0.60,0.00,0.00
randomArrays,2,818,1.58,0.00,0.00
randomArrays,2,660,1.27,0.00,0.00
randomArrays,2,592,2.36,0.00,0.00
randomArrays,2,942,1.85,15.62,0.00
randomArrays,2,962,2.22,0.00,0.00
randomArrays,2,254,0.39,0.00,0.00
randomArrays,2,527,2.14,0.00,0.00
randomArrays,2,786,1.66,0.00,0.00
randomArrays,2,179,0.26,0.00,0.00
randomArrays,2,678,1.89,0.00,0.00
randomArrays,2,950,1.92,0.00,0.00
randomArrays,2,538,1.03,15.62,0.00
randomArrays,2,185,0.41,0.00,0.00
randomArrays,2,689,1.80,0.00,0.00
randomArrays,2,161,0.25,0.00,0.00
randomArrays,2,509,4.40,0.00,0.00
randomArrays,2,376,1.07,0.00,0.00
randomArrays,2,766,1.58,0.00,0.00
randomArrays,2,706,1.31,0.00,0.00
randomArrays,2,644,1.22,0.00,0.00
randomArrays,2,758,1.46,0.00,0.00
randomArrays,2,747,3.13,0.00,0.00
randomArrays,2,349,1.25,0.00,0.00
randomArrays,2,574,2.30,15.62,0.00
randomArrays,2,888,2.86,0.00,0.00
randomArrays,2,235,1.03,0.00,0.00
randomArrays,2,653,3.22,0.00,0.00
randomArrays,2,630,2.59,0.00,0.00
randomArrays,2,76,0.10,0.00,0.00
randomArrays,2,436,1.92,0.00,0.00
randomArrays,2,771,4.42,15.62,0.00
randomArrays,2,217,0.86,0.00,0.00
randomArrays,2,419,1.61,0.00,0.00
randomArrays,2,860,1.72,0.00,0.00
randomArrays,2,288,0.86,0.00,0.00
randomArrays,2,280,0.43,0.00,0.00
randomArrays,2,242,0.36,0.00,0.00
randomArrays,2,602,1.09,0.00,0.00
randomArrays,2,44,0.05,0.00,0.00
randomArrays,2,547,0.98,0.00,0.00
randomArrays,2,860,2.00,15.62,0.00
randomArrays,2,737,1.60,0.00,0.00
randomArrays,2,738,1.37,0.00,0.00
randomArrays,2,725,1.71,0.00,0.00
randomArrays,2,684,1.31,0.00,0.00
randomArrays,2,233,0.76,0.00,0.00
randomArrays,2,342,0.54,0.00,0.00
randomArrays,2,855,1.64,0.00,0.00
randomArrays,2,861,1.65,0.00,0.00
randomArrays,2,566,2.30,0.00,0.00
randomArrays,2,406,0.77,0.00,0.00
randomArrays,2,192,0.27,0.00,0.00
randomArrays,2,850,3.69,0.00,0.00
randomArrays,2,609,1.40,0.00,0.00
randomArrays,2,18,0.02,0.00,0.00
randomArrays,2,482,1.86,0.00,0.00
randomArrays,2,264,0.48,0.00,0.00
randomArrays,2,319,0.51,0.00,0.00
randomArrays,2,252,0.45,0.00,0.00
randomArrays,2,342,0.55,0.00,0.00
randomArrays,2,252,0.37,0.00,0.00
randomArrays,2,205,0.29,0.00,0.00
randomArrays,2,942,2.43,0.00,0.00
randomArrays,2,744,2.24,0.00,0.00
randomArrays,2,537,1.00,0.00,0.00
randomArrays,2,501,0.88,0.00,0.00
randomArrays,2,853,1.66,0.00,0.00
randomArrays,2,341,1.83,0.00,0.00
randomArrays,2,800,1.51,0.00,0.00
randomArrays,2,857,1.64,15.62,0.00
randomArrays,2,427,0.72,0.00,0.00
randomArrays,2,647,1.18,0.00,0.00
randomArrays,2,76,0.10,0.00,0.00
randomArrays,2,677,1.59,0.00,0.00
randomArrays,2,579,1.29,0.00,0.00
randomArrays,2,731,1.65,15.62,0.00
randomArrays,2,704,1.30,0.00,0.00
randomArrays,2,266,0.40,0.00,0.00
randomArrays,2,961,1.87,0.00,0.00
randomArrays,2,263,0.39,0.00,0.00
randomArrays,2,434,1.62,0.00,0.00
randomArrays,2,484,2.18,0.00,0.00
randomArrays,2,163,0.28,0.00,0.00
randomArrays,2,984,2.02,0.00,0.00
randomArrays,2,211,0.31,0.00,0.00
randomArrays,2,185,0.27,0.00,0.00
randomArrays,2,467,1.24,0.00,0.00
randomArrays,2,214,0.31,0.00,0.00
randomArrays,2,35,0.06,0.00,0.00
randomArrays,2,141,0.19,0.00,0.00
randomArrays,2,559,1.24,0.00,0.00
randomArrays,2,706,1.97,0.00,0.00
randomArrays,2,68,0.12,0.00,0.00
randomArrays,2,12,0.02,0.00,0.00
randomArrays,2,405,0.96,0.00,0.00
randomArrays,2,288,0.65,0.00,0.00
randomArrays,2,955,3.45,0.00,0.00
randomArrays,2,50,0.08,0.00,0.00
randomArrays,2,752,1.43,0.00,0.00
randomArrays,2,695,1.69,0.00,0.00
randomArrays,2,186,0.30,0.00,0.00
randomArrays,2,737,1.61,0.00,0.00
randomArrays,2,948,1.85,0.00,0.00
randomArrays,2,151,0.21,0.00,0.00
randomArrays,2,46,0.06,0.00,0.00
randomArrays,2,968,1.88,0.00,0.00
randomArrays,2,333,0.73,0.00,0.00
randomArrays,2,189,0.27,0.00,0.00
randomArrays,2,190,0.26,0.00,0.00
randomArrays,2,589,1.09,0.00,0.00
randomArrays,2,230,0.35,0.00,0.00
randomArrays,2,535,0.96,0.00,0.00
randomArrays,2,189,0.27,0.00,0.00
randomArrays,2,948,1.87,0.00,0.00
randomArrays,2,834,2.23,0.00,0.00
randomArrays,2,273,0.64,0.00,0.00
randomArrays,2,773,1.49,0.00,0.00
randomArrays,2,342,0.57,0.00,0.00
randomArrays,2,995,2.00,0.00,0.00
randomArrays,2,221,0.32,0.00,0.00
randomArrays,2,519,0.89,0.00,0.00
randomArrays,2,479,0.82,0.00,0.00
randomArrays,2,155,0.21,0.00,0.00
randomArrays,2,756,1.50,0.00,0.00
randomArrays,2,658,1.23,0.00,0.00
randomArrays,2,213,0.31,0.00,0.00
randomArrays,2,467,0.79,0.00,0.00
randomArrays,2,191,0.27,0.00,0.00
randomArrays,2,744,1.57,0.00,0.00
randomArrays,2,122,0.16,0.00,0.00
randomArrays,2,178,0.25,0.00,0.00
randomArrays,2,760,2.02,0.00,0.00
randomArrays,2,524,2.05,0.00,0.00
randomArrays,2,264,0.40,0.00,0.00
randomArrays,2,733,1.47,0.00,0.00
randomArrays,2,759,1.47,0.00,0.00
randomArrays,2,177,0.25,0.00,0.00
randomArrays,2,53,0.09,0.00,0.00
randomArrays,2,429,0.73,0.00,0.00
randomArrays,2,508,0.88,0.00,0.00
randomArrays,2,919,2.43,0.00,0.00
randomArrays,2,412,0.96,0.00,0.00
randomArrays,2,503,0.87,0.00,0.00
randomArrays,2,115,0.27,0.00,0.00
randomArrays,2,851,3.80,0.00,0.00
randomArrays,2,848,2.29,0.00,0.00
randomArrays,2,652,1.36,15.62,0.00
randomArrays,2,693,1.28,0.00,0.00
randomArrays,2,662,1.52,0.00,0.00
randomArrays,2,815,1.55,0.00,0.00
randomArrays,2,679,1.30,0.00,0.00
randomArrays,2,141,0.20,0.00,0.00
randomArrays,2,458,1.19,0.00,0.00
randomArrays,2,378,0.81,0.00,0.00
randomArrays,2,662,1.47,0.00,0.00
randomArrays,2,809,2.18,0.00,0.00
randomArrays,2,960,2.21,0.00,0.00
randomArrays,2,454,1.51,0.00,0.00
randomArrays,2,513,1.73,0.00,0.00
randomArrays,2,965,1.87,0.00,0.00
randomArrays,2,855,1.63,0.00,0.00
randomArrays,2,257,0.85,0.00,0.00
randomArrays,2,932,1.81,0.00,0.00
randomArrays,2,112,0.31,0.00,0.00
randomArrays,2,264,0.48,0.00,0.00
randomArrays,2,404,0.93,0.00,0.00
randomArrays,2,830,2.24,0.00,0.00
randomArrays,2,115,0.26,0.00,0.00
randomArrays,2,906,1.88,0.00,0.00
randomArrays,3,469,0.79,0.00,0.00
randomArrays,3,783,1.80,0.00,0.00
randomArrays,3,464,0.99,0.00,0.00
randomArrays,3,267,0.59,0.00,0.00
randomArrays,3,828,2.29,0.00,0.00
randomArrays,3,607,1.67,0.00,0.00
randomArrays,3,319,0.82,0.00,0.00
randomArrays,3,431,0.75,0.00,0.00
randomArrays,3,941,2.00,0.00,0.00
randomArrays,3,937,1.90,0.00,0.00
randomArrays,3,619,1.62,0.00,0.00
randomArrays,3,370,1.37,0.00,0.00
randomArrays,3,478,0.82,0.00,0.00
randomArrays,3,107,0.15,0.00,0.00
randomArrays,3,910,2.19,0.00,0.00
randomArrays,3,381,0.63,0.00,0.00
randomArrays,3,699,1.67,15.62,0.00
randomArrays,3,452,1.00,0.00,0.00
randomArrays,3,882,2.52,0.00,0.00
randomArrays,3,697,2.38,0.00,0.00
randomArrays,3,39,0.07,0.00,0.00
randomArrays,3,382,0.97,0.00,0.00
randomArrays,3,980,1.98,0.00,0.00
randomArrays,3,202,0.29,0.00,0.00
randomArrays,3,674,1.66,0.00,0.00
randomArrays,3,184,0.26,0.00,0.00
randomArrays,3,853,1.70,0.00,0.00
randomArrays,3,101,0.19,0.00,0.00
randomArrays,3,329,0.53,0.00,0.00
randomArrays,3,837,2.28,15.62,0.00
randomArrays,3,952,2.04,0.00,0.00
randomArrays,3,676,1.31,0.00,0.00
randomArrays,3,248,0.37,0.00,0.00
randomArrays,3,845,1.77,0.00,0.00
randomArrays,3,707,1.32,0.00,0.00
randomArrays,3,458,0.78,0.00,0.00
randomArrays,3,219,0.57,0.00,0.00
randomArrays,3,268,0.41,0.00,0.00
randomArrays,3,201,0.31,0.00,0.00
randomArrays,3,520,0.91,0.00,0.00
randomArrays,3,832,1.64,0.00,0.00
randomArrays,3,800,1.64,0.00,0.00
randomArrays,3,753,1.42,0.00,0.00
randomArrays,3,286,0.45,0.00,0.00
randomArrays,3,841,2.01,15.62,0.00
randomArrays,3,240,0.35,0.00,0.00
randomArrays,3,370,1.29,0.00,0.00
randomArrays,3,287,0.87,0.00,0.00
randomArrays,3,89,0.11,0.00,0.00
randomArrays,3,881,1.72,0.00,0.00
randomArrays,3,187,0.27,0.00,0.00
randomArrays,3,373,0.61,0.00,0.00
randomArrays,3,194,0.28,0.00,0.00
randomArrays,3,382,0.62,0.00,0.00
randomArrays,3,826,1.77,15.62,0.00
randomArrays,3,781,1.96,0.00,0.00
randomArrays,3,814,1.54,0.00,0.00
randomArrays,3,525,0.96,0.00,0.00
randomArrays,3,136,0.18,0.00,0.00
randomArrays,3,454,1.17,0.00,0.00
randomArrays,3,563,1.44,0.00,0.00
randomArrays,3,226,0.43,0.00,0.00
randomArrays,3,345,1.40,0.00,0.00
randomArrays,3,514,0.90,0.00,0.00
randomArrays,3,871,1.68,0.00,0.00
randomArrays,3,939,2.06,0.00,0.00
randomArrays,3,397,0.70,0.00,0.00
randomArrays,3,429,0.73,0.00,0.00
randomArrays,3,421,0.70,0.00,0.00
randomArrays,3,747,1.42,0.00,0.00
randomArrays,3,19,0.03,0.00,0.00
randomArrays,3,74,0.09,0.00,0.00
randomArrays,3,259,0.65,0.00,0.00
randomArrays,3,846,1.63,0.00,0.00
randomArrays,3,789,1.73,0.00,0.00
randomArrays,3,671,1.22,0.00,0.00
randomArrays,3,368,0.60,0.00,0.00
randomArrays,3,448,1.73,15.62,0.00
randomArrays,3,237,0.35,0.00,0.00
randomArrays,3,627,3.07,0.00,0.00
randomArrays,3,584,1.04,15.62,0.00
randomArrays,3,328,0.58,0.00,0.00
randomArrays,3,606,1.09,0.00,0.00
randomArrays,3,563,1.16,0.00,0.00
randomArrays,3,774,1.75,0.00,0.00
randomArrays,3,206,0.29,0.00,0.00
randomArrays,3,907,1.75,0.00,0.00
randomArrays,3,37,0.09,0.00,0.00
randomArrays,3,878,1.79,0.00,0.00
randomArrays,3,284,0.44,0.00,0.00
randomArrays,3,853,1.80,0.00,0.00
randomArrays,3,247,0.37,0.00,0.00
randomArrays,3,241,0.50,0.00,0.00
randomArrays,3,348,0.84,0.00,0.00
randomArrays,3,814,1.54,0.00,0.00
randomArrays,3,245,0.36,0.00,0.00
randomArrays,3,335,0.55,0.00,0.00
randomArrays,3,497,2.45,0.00,0.00
randomArrays,3,280,0.45,0.00,0.00
randomArrays,3,664,2.30,0.00,0.00
randomArrays,3,523,0.94,0.00,0.00
randomArrays,3,841,1.65,0.00,0.00
randomArrays,3,290,0.46,0.00,0.00
randomArrays,3,158,0.22,0.00,0.00
randomArrays,3,783,1.66,0.00,0.00
randomArrays,3,638,1.65,0.00,0.00
randomArrays,3,314,0.50,0.00,0.00
randomArrays,3,484,0.85,0.00,0.00
randomArrays,3,972,1.93,0.00,0.00
randomArrays,3,652,1.21,0.00,0.00
randomArrays,3,543,0.95,0.00,0.00
randomArrays,3,487,0.84,0.00,0.00
randomArrays,3,686,2.08,0.00,0.00
randomArrays,3,183,0.30,0.00,0.00
randomArrays,3,572,1.03,0.00,0.00
randomArrays,3,747,1.44,0.00,0.00
randomArrays,3,780,1.48,0.00,0.00
randomArrays,3,828,1.70,0.00,0.00
randomArrays,3,591,1.58,0.00,0.00
randomArrays,3,415,0.68,0.00,0.00
randomArrays,3,648,1.31,0.00,0.00
randomArrays,3,204,0.81,0.00,0.00
randomArrays,3,510,0.99,0.00,0.00
randomArrays,3,422,0.96,0.00,0.00
randomArrays,3,541,1.11,0.00,0.00
randomArrays,3,875,1.99,0.00,0.00
randomArrays,3,742,1.40,0.00,0.00
randomArrays,3,384,0.75,0.00,0.00
randomArrays,3,266,0.41,0.00,0.00
randomArrays,3,137,0.18,0.00,0.00
randomArrays,3,970,2.13,0.00,0.00
randomArrays,3,685,1.90,0.00,0.00
randomArrays,3,665,1.22,0.00,0.00
randomArrays,3,319,0.51,0.00,0.00
randomArrays,3,808,1.54,0.00,0.00
randomArrays,3,143,0.19,0.00,0.00
randomArrays,3,147,0.29,0.00,0.00
randomArrays,3,929,2.62,0.00,0.00
randomArrays,3,906,2.05,0.00,0.00
randomArrays,3,425,0.72,0.00,0.00
randomArrays,3,736,1.78,0.00,0.00
randomArrays,3,65,0.08,0.00,0.00
randomArrays,3,305,0.49,0.00,0.00
randomArrays,3,194,0.27,0.00,0.00
randomArrays,3,545,0.98,0.00,0.00
randomArrays,3,49,0.06,0.00,0.00
randomArrays,3,731,1.37,0.00,0.00
randomArrays,3,712,1.59,0.00,0.00
randomArrays,3,732,1.50,0.00,0.00
randomArrays,3,57,0.08,0.00,0.00
randomArrays,3,983,1.96,0.00,0.00
randomArrays,3,345,0.57,0.00,0.00
randomArrays,3,152,0.24,0.00,0.00
randomArrays,3,963,2.20,0.00,0.00
randomArrays,3,544,1.26,0.00,0.00
randomArrays,3,870,1.71,0.00,0.00
randomArrays,3,557,1.05,0.00,0.00
randomArrays,3,168,0.23,0.00,0.00
randomArrays,3,373,0.68,0.00,0.00
randomArrays,3,416,0.80,0.00,0.00
randomArrays,3,942,1.87,0.00,0.00
randomArrays,3,966,1.93,0.00,0.00
randomArrays,3,363,0.88,0.00,0.00
randomArrays,3,955,2.51,0.00,0.00
randomArrays,3,626,1.15,0.00,0.00
randomArrays,3,948,2.42,0.00,0.00
randomArrays,3,193,0.47,0.00,0.00
randomArrays,3,361,0.63,0.00,0.00
randomArrays,3,195,0.28,0.00,0.00
randomArrays,3,905,1.89,0.00,0.00
randomArrays,3,105,0.14,0.00,0.00
randomArrays,3,750,1.46,0.00,0.00
randomArrays,3,565,1.22,0.00,0.00
randomArrays,3,538,1.21,0.00,0.00
randomArrays,3,488,1.21,0.00,0.00
randomArrays,3,30,0.04,0.00,0.00
randomArrays,3,554,1.11,0.00,0.00
randomArrays,3,407,0.98,0.00,0.00
randomArrays,3,958,2.26,0.00,0.00
randomArrays,3,137,0.18,0.00,0.00
randomArrays,3,101,0.13,0.00,0.00
randomArrays,3,633,1.42,0.00,0.00
randomArrays,3,44,0.06,0.00,0.00
randomArrays,3,738,3.61,0.00,0.00
randomArrays,3,763,1.44,0.00,0.00
randomArrays,3,319,0.51,0.00,0.00
randomArrays,3,682,2.43,0.00,0.00
randomArrays,3,820,1.63,0.00,0.00
randomArrays,3,896,5.33,0.00,0.00
randomArrays,3,712,2.07,0.00,0.00
randomArrays,3,554,1.19,0.00,0.00
randomArrays,3,940,2.20,0.00,0.00
randomArrays,3,787,1.53,0.00,0.00
randomArrays,3,255,0.38,0.00,0.00
randomArrays,3,135,0.18,0.00,0.00
randomArrays,3,546,2.37,15.62,0.00
randomArrays,3,643,1.28,0.00,0.00
randomArrays,3,197,0.38,0.00,0.00
randomArrays,3,643,3.14,0.00,0.00
randomArrays,3,858,2.00,0.00,0.00
randomArrays,3,134,0.20,0.00,0.00
randomArrays,3,133,0.25,0.00,0.00
randomArrays,3,317,0.52,0.00,0.00
randomArrays,3,312,0.50,0.00,0.00
randomArrays,3,160,0.23,0.00,0.00
randomArrays,3,838,2.58,0.00,0.00
randomArrays,3,316,0.49,0.00,0.00
randomArrays,3,111,0.32,0.00,0.00
randomArrays,3,530,0.92,0.00,0.00
randomArrays,3,827,1.57,0.00,0.00
randomArrays,3,994,2.16,0.00,0.00
randomArrays,3,348,0.58,0.00,0.00
randomArrays,3,652,1.76,0.00,0.00
randomArrays,3,339,0.55,0.00,0.00
randomArrays,3,908,2.59,15.62,0.00
randomArrays,3,655,1.32,0.00,0.00
randomArrays,3,899,1.87,0.00,0.00
randomArrays,3,377,0.62,0.00,0.00
randomArrays,3,793,1.50,15.62,0.00
randomArrays,3,12,0.02,0.00,0.00
randomArrays,3,236,0.34,0.00,0.00
randomArrays,3,851,2.44,0.00,0.00
randomArrays,3,462,0.79,0.00,0.00
randomArrays,3,49,0.06,0.00,0.00
randomArrays,3,649,1.21,0.00,0.00
randomArrays,3,299,0.49,0.00,0.00
randomArrays,3,796,1.53,0.00,0.00
randomArrays,3,227,0.54,0.00,0.00
randomArrays,3,929,1.81,0.00,0.00
randomArrays,3,166,0.32,0.00,0.00
randomArrays,3,277,0.42,0.00,0.00
randomArrays,3,179,0.31,0.00,0.00
randomArrays,3,809,1.53,0.00,0.00
randomArrays,3,232,0.36,0.00,0.00
randomArrays,3,247,0.37,0.00,0.00
randomArrays,3,99,0.15,0.00,0.00
randomArrays,3,649,1.19,15.62,0.00
randomArrays,3,15,0.03,0.00,0.00
randomArrays,3,646,1.21,0.00,0.00
randomArrays,3,463,0.98,0.00,0.00
randomArrays,3,587,1.14,0.00,0.00
randomArrays,3,898,1.75,0.00,0.00
randomArrays,3,643,1.19,0.00,0.00
randomArrays,3,840,1.61,0.00,0.00
randomArrays,3,708,3.28,0.00,0.00
randomArrays,3,214,0.31,0.00,0.00
randomArrays,3,565,1.05,0.00,0.00
randomArrays,3,157,0.21,0.00,0.00
randomArrays,3,265,0.46,0.00,0.00
randomArrays,3,171,0.27,0.00,0.00
randomArrays,3,136,0.23,0.00,0.00
randomArrays,3,290,0.44,0.00,0.00
randomArrays,3,96,0.15,0.00,0.00
randomArrays,3,11,0.03,0.00,0.00
randomArrays,3,311,0.51,0.00,0.00
randomArrays,3,566,1.02,0.00,0.00
randomArrays,3,328,0.54,0.00,0.00
randomArrays,3,358,0.69,0.00,0.00
randomArrays,3,674,1.23,0.00,0.00
randomArrays,3,490,0.88,0.00,0.00
randomArrays,3,36,0.04,0.00,0.00
randomArrays,3,408,0.68,0.00,0.00
randomArrays,3,49,0.08,0.00,0.00
randomArrays,3,581,1.05,0.00,0.00
randomArrays,3,879,1.86,0.00,0.00
randomArrays,3,61,0.07,0.00,0.00
randomArrays,3,656,1.49,0.00,0.00
randomArrays,3,411,0.68,0.00,0.00
randomArrays,3,361,0.59,0.00,0.00
randomArrays,3,994,3.04,0.00,0.00
randomArrays,3,416,0.71,0.00,0.00
randomArrays,3,966,1.92,0.00,0.00
randomArrays,3,92,0.11,0.00,0.00
randomArrays,3,429,0.72,0.00,0.00
randomArrays,3,658,1.26,0.00,0.00
randomArrays,3,877,1.68,0.00,0.00
randomArrays,3,780,2.08,0.00,0.00
randomArrays,3,669,1.24,0.00,0.00
randomArrays,3,394,0.65,0.00,0.00
randomArrays,3,892,4.56,15.62,0.00
randomArrays,3,180,0.44,0.00,0.00
randomArrays,3,829,3.12,0.00,0.00
randomArrays,3,255,0.83,0.00,0.00
randomArrays,3,374,1.45,0.00,0.00
randomArrays,3,37,0.09,0.00,0.00
randomArrays,3,919,2.18,0.00,0.00
randomArrays,3,850,2.22,0.00,0.00
randomArrays,3,930,1.85,0.00,0.00
randomArrays,3,419,0.72,0.00,0.00
randomArrays,3,720,1.37,0.00,0.00
randomArrays,3,378,0.63,0.00,0.00
randomArrays,3,815,2.66,0.00,0.00
randomArrays,3,566,1.50,0.00,0.00
randomArrays,3,623,2.23,15.62,0.00
randomArrays,3,597,1.07,0.00,0.00
randomArrays,3,148,0.20,0.00,0.00
randomArrays,3,580,1.06,15.62,0.00
randomArrays,3,244,0.54,0.00,0.00
randomArrays,3,703,1.32,0.00,0.00
randomArrays,3,743,1.45,0.00,0.00
randomArrays,3,923,2.34,0.00,0.00
randomArrays,3,284,0.44,0.00,0.00
randomArrays,3,35,0.04,0.00,0.00
randomArrays,3,941,2.12,0.00,0.00
randomArrays,3,39,0.10,0.00,0.00
randomArrays,3,276,0.43,0.00,0.00
randomArrays,3,494,0.95,0.00,0.00
randomArrays,3,547,0.97,0.00,0.00
randomArrays,3,837,1.59,0.00,0.00
randomArrays,3,183,0.27,0.00,0.00
randomArrays,3,360,0.66,0.00,0.00
randomArrays,3,627,1.50,0.00,0.00
randomArrays,3,833,1.64,0.00,0.00
randomArrays,3,491,1.80,0.00,0.00
randomArrays,3,623,1.13,0.00,0.00
randomArrays,3,850,1.68,0.00,0.00
randomArrays,3,35,0.04,0.00,0.00
randomArrays,3,584,1.26,0.00,0.00
randomArrays,3,34,0.04,0.00,0.00
randomArrays,3,335,0.54,0.00,0.00
randomArrays,3,145,0.19,0.00,0.00
randomArrays,3,61,0.10,0.00,0.00
randomArrays,3,88,0.12,0.00,0.00
randomArrays,3,442,0.74,0.00,0.00
randomArrays,3,729,2.00,0.00,0.00
randomArrays,3,312,0.49,0.00,0.00
randomArrays,3,620,1.14,0.00,0.00
randomArrays,3,77,0.14,0.00,0.00
randomArrays,3,784,1.51,0.00,0.00
randomArrays,3,720,1.65,0.00,0.00
randomArrays,3,796,1.57,0.00,0.00
randomArrays,3,81,0.10,0.00,0.00
randomArrays,3,900,2.38,0.00,0.00
randomArrays,3,570,1.16,0.00,0.00
randomArrays,3,749,1.44,0.00,0.00
randomArrays,3,723,1.35,0.00,0.00
randomArrays,3,54,0.07,0.00,0.00
randomArrays,3,261,0.39,0.00,0.00
randomArrays,3,831,1.75,0.00,0.00
randomArrays,3,133,0.17,0.00,0.00
randomArrays,3,165,0.50,0.00,0.00
randomArrays,3,441,0.75,0.00,0.00
randomArrays,3,782,1.50,0.00,0.00
randomArrays,3,384,0.65,0.00,0.00
randomArrays,3,283,0.45,0.00,0.00
randomArrays,3,71,0.11,0.00,0.00
randomArrays,3,374,1.17,0.00,0.00
randomArrays,3,204,0.35,0.00,0.00
randomArrays,3,437,0.73,0.00,0.00
randomArrays,3,662,1.36,15.62,0.00
randomArrays,3,821,1.55,0.00,0.00
randomArrays,3,198,0.35,0.00,0.00
randomArrays,3,776,1.49,0.00,0.00
randomArrays,3,124,0.16,0.00,0.00
randomArrays,3,202,0.29,0.00,0.00
randomArrays,3,806,1.77,0.00,0.00
randomArrays,3,448,1.40,0.00,0.00
randomArrays,3,383,0.62,0.00,0.00
randomArrays,3,992,2.09,0.00,0.00
randomArrays,3,714,1.68,0.00,0.00
randomArrays,3,528,1.08,0.00,0.00
randomArrays,3,137,0.39,0.00,0.00
randomArrays,3,122,0.17,0.00,0.00
randomArrays,3,883,1.71,0.00,0.00
randomArrays,3,614,1.11,0.00,0.00
randomArrays,3,841,2.98,0.00,0.00
randomArrays,3,471,2.14,0.00,0.00
randomArrays,3,871,1.69,0.00,0.00
randomArrays,3,938,2.01,0.00,0.00
randomArrays,3,238,0.35,0.00,0.00
randomArrays,3,772,1.46,0.00,0.00
randomArrays,3,334,0.61,0.00,0.00
randomArrays,3,274,0.43,0.00,0.00
randomArrays,3,385,3.24,0.00,0.00
randomArrays,3,455,0.97,0.00,0.00
randomArrays,3,202,0.37,0.00,0.00
randomArrays,3,349,0.81,0.00,0.00
randomArrays,3,170,0.38,0.00,0.00
randomArrays,3,365,0.66,0.00,0.00
randomArrays,3,921,1.81,0.00,0.00
randomArrays,3,368,1.40,0.00,0.00
randomArrays,3,851,1.67,0.00,0.00
randomArrays,3,736,3.05,0.00,0.00
randomArrays,3,64,0.21,0.00,0.00
randomArrays,3,371,0.79,0.00,0.00
randomArrays,3,962,4.27,0.00,0.00
randomArrays,3,758,3.43,0.00,0.00
randomArrays,3,565,1.14,0.00,0.00
randomArrays,3,246,0.37,0.00,0.00
randomArrays,3,390,0.90,0.00,0.00
randomArrays,3,833,1.59,0.00,0.00
randomArrays,3,359,0.59,0.00,0.00
randomArrays,3,647,1.33,15.62,0.00
randomArrays,3,830,1.93,0.00,0.00
randomArrays,3,790,3.13,0.00,0.00
randomArrays,3,789,2.72,0.00,0.00
randomArrays,3,33,0.08,0.00,0.00
randomArrays,3,324,0.69,0.00,0.00
randomArrays,3,460,1.61,0.00,0.00
randomArrays,3,660,2.71,0.00,0.00
randomArrays,3,553,0.98,0.00,0.00
randomArrays,3,181,0.25,0.00,0.00
randomArrays,3,106,0.14,0.00,0.00
randomArrays,3,198,0.28,0.00,0.00
randomArrays,3,795,1.79,0.00,0.00
randomArrays,3,149,0.20,0.00,0.00
randomArrays,3,42,0.05,0.00,0.00
randomArrays,3,538,1.89,0.00,0.00
randomArrays,3,405,0.67,0.00,0.00
randomArrays,3,741,1.39,0.00,0.00
randomArrays,3,88,0.11,0.00,0.00
randomArrays,3,896,2.27,0.00,0.00
randomArrays,3,574,1.03,0.00,0.00
randomArrays,3,34,0.13,0.00,0.00
randomArrays,3,83,0.11,0.00,0.00
randomArrays,3,311,0.48,0.00,0.00
randomArrays,3,168,0.27,0.00,0.00
randomArrays,3,720,1.93,0.00,0.00
randomArrays,3,499,0.86,0.00,0.00
randomArrays,3,280,0.44,0.00,0.00
randomArrays,3,960,1.92,0.00,0.00
randomArrays,3,351,0.66,0.00,0.00
randomArrays,3,840,1.70,0.00,0.00
randomArrays,3,826,1.81,0.00,0.00
randomArrays,3,780,2.02,0.00,0.00
randomArrays,3,592,1.09,15.62,0.00
randomArrays,3,601,1.07,0.00,0.00
randomArrays,3,924,2.25,0.00,0.00
randomArrays,3,630,1.17,0.00,0.00
randomArrays,3,738,1.62,0.00,0.00
randomArrays,3,43,0.14,0.00,0.00
randomArrays,3,546,1.00,0.00,0.00
randomArrays,3,118,0.15,0.00,0.00
randomArrays,3,812,1.62,0.00,0.00
randomArrays,3,636,1.18,15.62,0.00
randomArrays,3,253,0.37,0.00,0.00
randomArrays,3,443,1.10,0.00,0.00
randomArrays,3,292,0.46,0.00,0.00
randomArrays,3,723,1.46,0.00,0.00
randomArrays,3,398,0.67,0.00,0.00
randomArrays,3,368,0.64,0.00,0.00
randomArrays,3,534,1.78,0.00,0.00
randomArrays,3,899,4.94,0.00,0.00
randomArrays,3,137,0.40,0.00,0.00
randomArrays,3,187,0.27,0.00,0.00
randomArrays,3,164,0.22,0.00,0.00
randomArrays,3,735,1.42,0.00,0.00
randomArrays,3,524,2.24,0.00,0.00
randomArrays,3,512,0.90,0.00,0.00
randomArrays,3,15,0.05,0.00,0.00
randomArrays,3,737,1.39,0.00,0.00
randomArrays,3,616,1.17,15.62,0.00
randomArrays,3,349,0.56,0.00,0.00
randomArrays,3,645,1.72,0.00,0.00
randomArrays,3,502,0.85,0.00,0.00
randomArrays,3,932,1.85,0.00,0.00
randomArrays,3,778,1.62,0.00,0.00
randomArrays,3,126,0.20,0.00,0.00
randomArrays,3,836,1.93,0.00,0.00
randomArrays,3,911,1.77,0.00,0.00
randomArrays,3,265,0.75,0.00,0.00
randomArrays,3,694,1.39,0.00,0.00
randomArrays,3,188,0.27,0.00,0.00
randomArrays,3,282,0.45,0.00,0.00
randomArrays,3,347,0.55,0.00,0.00
randomArrays,3,768,1.70,0.00,0.00
randomArrays,3,778,2.82,0.00,0.00
randomArrays,3,549,1.05,0.00,0.00
randomArrays,3,12,0.03,0.00,0.00
randomArrays,3,336,0.75,0.00,0.00
randomArrays,3,949,1.86,0.00,0.00
randomArrays,3,179,0.26,0.00,0.00
randomArrays,3,634,1.30,0.00,0.00
randomArrays,3,38,0.09,0.00,0.00
randomArrays,3,123,0.37,0.00,0.00
randomArrays,3,282,0.88,0.00,0.00
randomArrays,3,452,0.77,0.00,0.00
randomArrays,3,217,0.31,0.00,0.00
randomArrays,3,629,1.14,0.00,0.00
randomArrays,3,275,0.64,0.00,0.00
randomArrays,3,66,0.08,0.00,0.00
randomArrays,3,308,0.72,0.00,0.00
randomArrays,3,809,1.55,0.00,0.00
randomArrays,3,634,1.19,0.00,0.00
randomArrays,3,478,1.19,0.00,0.00
randomArrays,3,336,0.52,0.00,0.00
randomArrays,3,672,1.47,15.62,0.00
randomArrays,3,583,1.04,0.00,0.00
randomArrays,3,413,0.95,0.00,0.00
randomArrays,3,683,1.25,0.00,0.00
randomArrays,3,463,0.80,0.00,0.00
randomArrays,3,267,0.41,0.00,0.00
randomArrays,3,73,0.09,0.00,0.00
randomArrays,3,641,1.17,0.00,0.00
randomArrays,3,827,1.59,0.00,0.00
randomArrays,3,864,2.18,0.00,0.00
randomArrays,3,672,1.28,0.00,0.00
randomArrays,3,948,1.87,0.00,0.00
randomArrays,3,523,0.93,0.00,0.00
randomArrays,3,113,0.15,0.00,0.00
randomArrays,3,855,1.65,0.00,0.00
randomArrays,3,764,2.38,15.62,0.00
randomArrays,3,559,0.98,0.00,0.00
randomArrays,3,256,0.39,0.00,0.00
randomArrays,3,861,1.71,15.62,0.00
randomArrays,3,215,0.31,0.00,0.00
randomArrays,3,610,1.79,0.00,0.00
randomArrays,3,133,0.18,0.00,0.00
randomArrays,3,721,2.38,0.00,0.00
randomArrays,3,826,2.84,0.00,0.00
randomArrays,3,732,1.40,0.00,0.00
randomArrays,3,218,0.33,0.00,0.00
randomArrays,3,897,1.97,0.00,0.00
randomArrays,3,95,0.13,0.00,0.00
randomArrays,3,596,1.51,0.00,0.00
randomArrays,3,333,0.53,0.00,0.00
randomArrays,3,139,0.28,0.00,0.00
randomArrays,3,90,0.11,0.00,0.00
randomArrays,3,724,1.44,0.00,0.00
randomArrays,3,24,0.03,0.00,0.00
randomArrays,3,182,0.34,0.00,0.00
randomArrays,3,440,0.78,0.00,0.00
randomArrays,3,521,1.30,0.00,0.00
randomArrays,3,653,1.20,0.00,0.00
randomArrays,3,422,0.73,0.00,0.00
randomArrays,3,919,1.78,0.00,0.00
randomArrays,3,399,0.65,0.00,0.00
randomArrays,3,148,0.20,0.00,0.00
randomArrays,3,651,1.23,0.00,0.00
randomArrays,3,953,2.48,0.00,0.00
randomArrays,3,205,0.30,0.00,0.00
randomArrays,3,713,1.69,0.00,0.00
randomArrays,3,335,0.54,0.00,0.00
randomArrays,3,800,1.70,0.00,0.00
randomArrays,3,263,0.45,0.00,0.00
randomArrays,3,305,0.49,0.00,0.00
randomArrays,3,772,2.07,0.00,0.00
randomArrays,3,760,3.05,0.00,0.00
randomArrays,3,985,1.98,0.00,0.00
randomArrays,3,468,1.47,0.00,0.00
randomArrays,3,542,0.98,0.00,0.00
randomArrays,3,137,4.93,0.00,0.00
randomArrays,3,877,3.87,15.62,0.00
randomArrays,3,407,0.69,0.00,0.00
randomArrays,3,13,0.03,0.00,0.00
randomArrays,3,857,3.55,0.00,0.00
randomArrays,3,961,2.41,15.62,0.00
randomArrays,3,963,3.00,0.00,0.00
randomArrays,3,792,1.56,0.00,0.00
randomArrays,3,190,0.60,0.00,0.00
randomArrays,3,859,1.63,15.62,0.00
randomArrays,3,989,1.99,0.00,0.00
randomArrays,3,816,1.61,0.00,0.00
randomArrays,3,950,2.00,0.00,0.00
randomArrays,3,241,0.36,0.00,0.00
randomArrays,3,957,2.04,0.00,0.00
randomArrays,3,155,0.27,0.00,0.00
randomArrays,3,625,1.16,0.00,0.00
randomArrays,3,573,1.66,0.00,0.00
randomArrays,3,278,0.51,0.00,0.00
randomArrays,3,67,0.10,0.00,0.00
randomArrays,3,785,1.60,0.00,0.00
randomArrays,3,576,1.04,0.00,0.00
randomArrays,3,949,2.45,0.00,0.00
randomArrays,3,274,0.42,0.00,0.00
randomArrays,3,827,1.65,0.00,0.00
randomArrays,3,246,0.81,0.00,0.00
randomArrays,3,497,1.04,0.00,0.00
randomArrays,3,98,0.13,0.00,0.00
randomArrays,3,87,0.15,0.00,0.00
randomArrays,3,362,0.90,0.00,0.00
randomArrays,3,748,2.13,0.00,0.00
randomArrays,3,553,1.39,0.00,0.00
randomArrays,3,931,2.40,15.62,0.00
randomArrays,3,24,0.05,0.00,0.00
randomArrays,3,836,1.61,0.00,0.00
randomArrays,3,524,0.92,0.00,0.00
randomArrays,3,286,0.68,0.00,0.00
randomArrays,3,379,0.63,0.00,0.00
randomArrays,3,654,1.45,0.00,0.00
randomArrays,3,795,1.51,0.00,0.00
randomArrays,3,335,0.55,0.00,0.00
randomArrays,3,218,0.70,0.00,0.00
randomArrays,3,390,0.65,0.00,0.00
randomArrays,3,80,0.10,0.00,0.00
randomArrays,3,602,1.10,0.00,0.00
randomArrays,3,687,1.29,0.00,0.00
randomArrays,3,573,1.55,0.00,0.00
randomArrays,3,857,1.93,15.62,0.00
randomArrays,3,484,2.02,0.00,0.00
randomArrays,3,633,1.16,0.00,0.00
randomArrays,3,393,0.94,0.00,0.00
randomArrays,3,953,1.86,0.00,0.00
randomArrays,3,718,1.46,0.00,0.00
randomArrays,3,330,0.53,0.00,0.00
randomArrays,3,273,0.46,0.00,0.00
randomArrays,3,323,0.66,0.00,0.00
randomArrays,3,971,1.95,0.00,0.00
randomArrays,3,156,0.21,0.00,0.00
randomArrays,3,971,1.99,0.00,0.00
randomArrays,3,202,0.29,0.00,0.00
randomArrays,3,201,0.52,0.00,0.00
randomArrays,3,230,0.34,0.00,0.00
randomArrays,3,953,2.00,0.00,0.00
randomArrays,3,399,0.68,0.00,0.00
randomArrays,3,354,0.82,0.00,0.00
randomArrays,3,334,0.55,0.00,0.00
randomArrays,3,538,1.23,0.00,0.00
randomArrays,3,238,0.44,0.00,0.00
randomArrays,3,415,0.86,0.00,0.00
randomArrays,3,498,0.86,0.00,0.00
randomArrays,3,193,0.41,0.00,0.00
randomArrays,3,125,0.17,0.00,0.00
randomArrays,3,100,0.22,0.00,0.00
randomArrays,3,742,2.13,0.00,0.00
randomArrays,3,588,1.07,0.00,0.00
randomArrays,3,355,0.58,0.00,0.00
randomArrays,3,923,1.87,0.00,0.00
randomArrays,3,167,0.24,0.00,0.00
randomArrays,3,518,0.91,0.00,0.00
randomArrays,3,649,1.32,0.00,0.00
randomArrays,3,280,0.42,0.00,0.00
randomArrays,3,842,3.15,0.00,0.00
randomArrays,3,586,1.62,0.00,0.00
randomArrays,3,519,0.90,0.00,0.00
randomArrays,3,112,0.22,0.00,0.00
randomArrays,3,320,0.51,0.00,0.00
randomArrays,3,955,1.87,0.00,0.00
randomArrays,3,61,0.11,0.00,0.00
randomArrays,3,709,31.80,0.00,0.00
randomArrays,3,671,1.32,0.00,0.00
randomArrays,3,437,1.34,0.00,0.00
randomArrays,3,917,3.12,15.62,0.00
randomArrays,3,499,0.87,0.00,0.00
randomArrays,3,503,0.91,0.00,0.00
randomArrays,3,676,1.28,0.00,0.00
randomArrays,3,594,1.07,0.00,0.00
randomArrays,3,48,0.12,0.00,0.00
randomArrays,3,590,1.07,0.00,0.00
randomArrays,3,861,3.01,0.00,0.00
randomArrays,3,363,1.66,0.00,0.00
randomArrays,3,969,1.93,0.00,0.00
randomArrays,3,912,1.77,0.00,0.00
randomArrays,3,779,2.21,0.00,0.00
randomArrays,3,301,0.49,0.00,0.00
randomArrays,3,545,0.97,0.00,0.00
randomArrays,3,24,0.03,0.00,0.00
randomArrays,3,953,3.98,15.62,0.00
randomArrays,3,440,0.74,0.00,0.00
randomArrays,3,997,2.48,0.00,0.00
randomArrays,3,661,1.35,0.00,0.00
randomArrays,3,583,1.10,0.00,0.00
randomArrays,3,478,0.83,0.00,0.00
randomArrays,3,220,0.33,0.00,0.00
randomArrays,3,458,0.79,0.00,0.00
randomArrays,3,783,1.56,0.00,0.00
randomArrays,3,554,1.65,0.00,0.00
randomArrays,3,167,0.23,0.00,0.00
randomArrays,3,338,0.55,0.00,0.00
randomArrays,3,321,0.51,0.00,0.00
randomArrays,3,993,2.96,0.00,0.00
randomArrays,3,414,0.71,0.00,0.00
randomArrays,3,630,1.31,0.00,0.00
randomArrays,3,572,1.14,0.00,0.00
randomArrays,3,119,0.16,0.00,0.00
randomArrays,3,852,1.63,0.00,0.00
randomArrays,3,392,0.65,0.00,0.00
randomArrays,3,744,3.43,0.00,0.00
randomArrays,3,767,1.44,0.00,0.00
randomArrays,3,419,0.73,0.00,0.00
randomArrays,3,186,0.27,0.00,0.00
randomArrays,3,498,1.14,0.00,0.00
randomArrays,3,369,0.60,0.00,0.00
randomArrays,3,545,0.98,0.00,0.00
randomArrays,3,585,1.08,0.00,0.00
randomArrays,3,232,0.33,0.00,0.00
randomArrays,3,683,1.25,0.00,0.00
randomArrays,3,373,1.13,0.00,0.00
randomArrays,3,67,0.12,0.00,0.00
randomArrays,3,47,0.06,0.00,0.00
randomArrays,3,353,0.82,0.00,0.00
randomArrays,3,165,0.23,0.00,0.00
randomArrays,3,822,1.56,0.00,0.00
randomArrays,3,207,0.33,0.00,0.00
randomArrays,3,365,0.59,0.00,0.00
randomArrays,3,33,0.04,0.00,0.00
randomArrays,3,324,1.15,0.00,0.00
randomArrays,3,533,0.96,0.00,0.00
randomArrays,3,467,1.47,0.00,0.00
randomArrays,3,653,1.21,15.62,0.00
randomArrays,3,262,0.73,0.00,0.00
randomArrays,3,26,0.03,0.00,0.00
randomArrays,3,705,1.32,0.00,0.00
randomArrays,3,945,1.90,0.00,0.00
randomArrays,3,145,0.19,0.00,0.00
randomArrays,3,987,1.92,0.00,0.00
randomArrays,3,40,0.05,0.00,0.00
randomArrays,3,418,0.71,0.00,0.00
randomArrays,3,20,0.02,0.00,0.00
randomArrays,3,618,2.49,0.00,0.00
randomArrays,3,463,0.78,0.00,0.00
randomArrays,3,310,0.69,0.00,0.00
randomArrays,3,753,1.41,0.00,0.00
randomArrays,3,203,0.43,0.00,0.00
randomArrays,3,756,1.41,0.00,0.00
randomArrays,3,998,1.95,0.00,0.00
randomArrays,3,631,1.18,0.00,0.00
randomArrays,3,788,1.49,0.00,0.00
randomArrays,3,364,0.66,0.00,0.00
randomArrays,3,435,1.63,0.00,0.00
randomArrays,3,379,1.06,0.00,0.00
randomArrays,3,208,0.67,0.00,0.00
randomArrays,3,503,1.95,0.00,0.00
randomArrays,3,97,0.12,0.00,0.00
randomArrays,3,266,0.40,0.00,0.00
randomArrays,3,828,2.22,0.00,0.00
randomArrays,3,319,0.51,0.00,0.00
randomArrays,3,898,2.87,0.00,0.00
randomArrays,3,380,0.64,0.00,0.00
randomArrays,3,450,0.86,0.00,0.00
randomArrays,3,142,0.19,0.00,0.00
randomArrays,3,434,0.73,0.00,0.00
randomArrays,3,96,0.12,0.00,0.00
randomArrays,3,641,1.68,0.00,0.00
randomArrays,3,538,0.93,0.00,0.00
randomArrays,3,502,0.90,0.00,0.00
randomArrays,3,599,1.46,0.00,0.00
randomArrays,3,299,0.46,0.00,0.00
randomArrays,3,620,1.14,0.00,0.00
randomArrays,3,606,1.37,0.00,0.00
randomArrays,3,282,0.43,0.00,0.00
randomArrays,3,205,0.30,0.00,0.00
randomArrays,3,504,2.47,15.62,0.00
randomArrays,3,315,0.51,0.00,0.00
randomArrays,3,739,1.52,0.00,0.00
randomArrays,3,226,0.34,0.00,0.00
randomArrays,3,239,0.35,0.00,0.00
randomArrays,3,656,1.33,0.00,0.00
randomArrays,3,467,0.80,0.00,0.00
randomArrays,3,855,1.68,0.00,0.00
randomArrays,3,12,0.02,0.00,0.00
randomArrays,3,751,1.61,0.00,0.00
randomArrays,3,426,0.91,0.00,0.00
randomArrays,3,735,2.35,0.00,0.00
randomArrays,3,321,0.82,0.00,0.00
randomArrays,3,522,0.97,15.62,0.00
randomArrays,3,888,1.74,0.00,0.00
randomArrays,3,118,0.15,0.00,0.00
randomArrays,3,813,1.58,0.00,0.00
randomArrays,3,547,0.98,0.00,0.00
randomArrays,3,860,1.67,0.00,0.00
randomArrays,3,189,0.26,0.00,0.00
randomArrays,3,668,1.35,0.00,0.00
randomArrays,3,583,1.65,0.00,0.00
randomArrays,3,489,0.87,0.00,0.00
randomArrays,3,414,0.70,0.00,0.00
randomArrays,3,905,1.97,15.62,0.00
randomArrays,3,742,1.58,0.00,0.00
randomArrays,3,358,0.84,0.00,0.00
randomArrays,3,741,1.44,0.00,0.00
randomArrays,3,470,0.80,0.00,0.00
randomArrays,3,111,0.17,0.00,0.00
randomArrays,3,546,0.95,0.00,0.00
randomArrays,3,591,1.21,0.00,0.00
randomArrays,3,884,1.72,0.00,0.00
randomArrays,3,684,1.26,0.00,0.00
randomArrays,3,975,1.91,0.00,0.00
randomArrays,3,739,1.43,0.00,0.00
randomArrays,3,725,2.76,0.00,0.00
randomArrays,3,893,1.76,0.00,0.00
randomArrays,3,16,0.03,0.00,0.00
randomArrays,3,467,1.69,0.00,0.00
randomArrays,3,307,0.48,0.00,0.00
randomArrays,3,235,0.85,0.00,0.00
randomArrays,3,377,0.62,0.00,0.00
randomArrays,3,448,0.75,0.00,0.00
randomArrays,3,999,1.97,0.00,0.00
randomArrays,3,98,0.12,0.00,0.00
randomArrays,3,456,0.78,0.00,0.00
randomArrays,3,118,0.16,0.00,0.00
randomArrays,3,406,0.68,0.00,0.00
randomArrays,3,33,0.04,0.00,0.00
randomArrays,3,517,1.14,15.62,0.00
randomArrays,3,248,0.36,0.00,0.00
randomArrays,3,61,0.08,0.00,0.00
randomArrays,3,547,0.97,0.00,0.00
randomArrays,3,602,1.11,0.00,0.00
randomArrays,3,579,1.03,0.00,0.00
randomArrays,3,972,1.89,0.00,0.00
randomArrays,3,653,1.24,0.00,0.00
randomArrays,3,866,1.66,0.00,0.00
randomArrays,3,417,0.96,0.00,0.00
randomArrays,3,386,0.64,0.00,0.00
randomArrays,3,349,0.93,0.00,0.00
randomArrays,3,598,1.08,0.00,0.00
randomArrays,3,856,1.66,0.00,0.00
randomArrays,3,152,0.20,0.00,0.00
randomArrays,3,436,1.14,0.00,0.00
randomArrays,3,356,0.63,0.00,0.00
randomArrays,3,598,1.08,15.62,0.00
randomArrays,3,578,1.11,0.00,0.00
randomArrays,3,786,1.68,0.00,0.00
randomArrays,3,124,0.18,0.00,0.00
randomArrays,3,439,0.75,0.00,0.00
randomArrays,3,492,1.03,0.00,0.00
randomArrays,3,207,0.30,0.00,0.00
randomArrays,3,100,0.13,0.00,0.00
randomArrays,3,591,1.06,0.00,0.00
randomArrays,3,397,0.65,0.00,0.00
randomArrays,3,295,0.46,0.00,0.00
randomArrays,3,733,1.37,15.62,0.00
randomArrays,3,231,0.34,0.00,0.00
randomArrays,3,565,1.62,0.00,0.00
randomArrays,3,910,3.81,15.62,0.00
randomArrays,3,74,0.09,0.00,0.00
randomArrays,3,647,1.53,0.00,0.00
randomArrays,3,456,0.77,0.00,0.00
randomArrays,3,954,1.87,0.00,0.00
randomArrays,3,495,2.23,0.00,0.00
randomArrays,3,487,0.85,0.00,0.00
randomArrays,3,559,1.14,0.00,0.00
randomArrays,3,512,1.11,0.00,0.00
randomArrays,3,247,0.36,0.00,0.00
randomArrays,3,219,0.31,0.00,0.00
randomArrays,3,839,1.59,0.00,0.00
randomArrays,3,887,3.36,0.00,0.00
randomArrays,3,942,1.84,0.00,0.00
randomArrays,3,920,1.86,15.62,0.00
randomArrays,3,868,1.94,0.00,0.00
randomArrays,3,25,0.06,0.00,0.00
randomArrays,3,174,0.86,0.00,0.00
randomArrays,3,818,1.56,0.00,0.00
randomArrays,3,660,1.22,0.00,0.00
randomArrays,3,592,1.08,0.00,0.00
randomArrays,3,942,2.01,0.00,0.00
randomArrays,3,962,2.12,0.00,0.00
randomArrays,3,254,0.38,0.00,0.00
randomArrays,3,527,0.92,0.00,0.00
randomArrays,3,786,1.52,0.00,0.00
randomArrays,3,179,0.25,0.00,0.00
randomArrays,3,678,1.25,0.00,0.00
randomArrays,3,950,1.86,0.00,0.00
randomArrays,3,538,1.22,0.00,0.00
randomArrays,3,185,0.26,0.00,0.00
randomArrays,3,689,1.95,0.00,0.00
randomArrays,3,161,0.23,0.00,0.00
randomArrays,3,509,0.88,0.00,0.00
randomArrays,3,376,0.74,0.00,0.00
randomArrays,3,766,1.46,0.00,0.00
randomArrays,3,706,1.48,0.00,0.00
randomArrays,3,644,1.21,0.00,0.00
randomArrays,3,758,1.45,0.00,0.00
randomArrays,3,747,1.40,15.62,0.00
randomArrays,3,349,1.58,0.00,0.00
randomArrays,3,574,1.16,0.00,0.00
randomArrays,3,888,1.81,15.62,0.00
randomArrays,3,235,0.35,0.00,0.00
randomArrays,3,653,1.32,0.00,0.00
randomArrays,3,630,1.40,0.00,0.00
randomArrays,3,76,0.09,0.00,0.00
randomArrays,3,436,0.77,0.00,0.00
randomArrays,3,771,1.46,0.00,0.00
randomArrays,3,217,0.51,0.00,0.00
randomArrays,3,419,0.73,0.00,0.00
randomArrays,3,860,1.67,0.00,0.00
randomArrays,3,288,0.60,0.00,0.00
randomArrays,3,280,0.43,0.00,0.00
randomArrays,3,242,0.57,0.00,0.00
randomArrays,3,602,1.08,0.00,0.00
randomArrays,3,44,0.05,0.00,0.00
randomArrays,3,547,0.96,0.00,0.00
randomArrays,3,860,1.64,0.00,0.00
randomArrays,3,737,1.42,0.00,0.00
randomArrays,3,738,1.93,0.00,0.00
randomArrays,3,725,1.37,0.00,0.00
randomArrays,3,684,1.29,15.62,0.00
randomArrays,3,233,0.73,0.00,0.00
randomArrays,3,342,0.54,0.00,0.00
randomArrays,3,855,3.84,15.62,0.00
randomArrays,3,861,1.66,0.00,0.00
randomArrays,3,566,1.02,0.00,0.00
randomArrays,3,406,0.68,0.00,0.00
randomArrays,3,192,0.27,0.00,0.00
randomArrays,3,850,1.65,0.00,0.00
randomArrays,3,609,1.13,0.00,0.00
randomArrays,3,18,0.04,0.00,0.00
randomArrays,3,482,0.84,0.00,0.00
randomArrays,3,264,0.59,0.00,0.00
randomArrays,3,319,0.59,0.00,0.00
randomArrays,3,252,0.45,0.00,0.00
randomArrays,3,342,0.56,0.00,0.00
randomArrays,3,252,0.37,0.00,0.00
randomArrays,3,205,0.30,0.00,0.00
randomArrays,3,942,1.85,0.00,0.00
randomArrays,3,744,1.39,0.00,0.00
randomArrays,3,537,4.68,0.00,0.00
randomArrays,3,501,1.41,0.00,0.00
randomArrays,3,853,1.63,0.00,0.00
randomArrays,3,341,0.70,0.00,0.00
randomArrays,3,800,3.29,15.62,0.00
randomArrays,3,857,3.43,0.00,0.00
randomArrays,3,427,0.72,0.00,0.00
randomArrays,3,647,1.35,0.00,0.00
randomArrays,3,76,0.20,0.00,0.00
randomArrays,3,677,1.77,0.00,0.00
randomArrays,3,579,1.05,0.00,0.00
randomArrays,3,731,2.55,15.62,0.00
randomArrays,3,704,1.32,0.00,0.00
randomArrays,3,266,0.40,0.00,0.00
randomArrays,3,961,3.13,0.00,0.00
randomArrays,3,263,0.39,0.00,0.00
randomArrays,3,434,0.84,0.00,0.00
randomArrays,3,484,0.84,0.00,0.00
randomArrays,3,163,0.22,0.00,0.00
randomArrays,3,984,3.23,0.00,0.00
randomArrays,3,211,0.30,0.00,0.00
randomArrays,3,185,0.26,0.00,0.00
randomArrays,3,467,0.86,0.00,0.00
randomArrays,3,214,0.31,0.00,0.00
randomArrays,3,35,0.06,0.00,0.00
randomArrays,3,141,0.19,0.00,0.00
randomArrays,3,559,1.13,0.00,0.00
randomArrays,3,706,1.32,0.00,0.00
randomArrays,3,68,0.13,0.00,0.00
randomArrays,3,12,0.02,0.00,0.00
randomArrays,3,405,0.74,0.00,0.00
randomArrays,3,288,0.48,0.00,0.00
randomArrays,3,955,2.08,15.62,0.00
randomArrays,3,50,0.06,0.00,0.00
randomArrays,3,752,2.42,0.00,0.00
randomArrays,3,695,1.55,0.00,0.00
randomArrays,3,186,0.26,0.00,0.00
randomArrays,3,737,1.83,0.00,0.00
randomArrays,3,948,1.89,0.00,0.00
randomArrays,3,151,0.45,0.00,0.00
randomArrays,3,46,0.06,0.00,0.00
randomArrays,3,968,1.93,0.00,0.00
randomArrays,3,333,0.54,0.00,0.00
randomArrays,3,189,0.27,0.00,0.00
randomArrays,3,190,0.26,0.00,0.00
randomArrays,3,589,1.22,0.00,0.00
randomArrays,3,230,0.35,0.00,0.00
randomArrays,3,535,1.41,0.00,0.00
randomArrays,3,189,0.28,0.00,0.00
randomArrays,3,948,2.62,0.00,0.00
randomArrays,3,834,3.20,0.00,0.00
randomArrays,3,273,0.41,0.00,0.00
randomArrays,3,773,2.02,0.00,0.00
randomArrays,3,342,0.55,0.00,0.00
randomArrays,3,995,1.97,15.62,0.00
randomArrays,3,221,0.43,0.00,0.00
randomArrays,3,519,1.20,0.00,0.00
randomArrays,3,479,0.92,0.00,0.00
randomArrays,3,155,0.21,0.00,0.00
randomArrays,3,756,1.65,0.00,0.00
randomArrays,3,658,1.24,0.00,0.00
randomArrays,3,213,0.31,0.00,0.00
randomArrays,3,467,0.80,0.00,0.00
randomArrays,3,191,0.27,0.00,0.00
randomArrays,3,744,1.56,0.00,0.00
randomArrays,3,122,0.35,0.00,0.00
randomArrays,3,178,0.25,0.00,0.00
randomArrays,3,760,1.44,0.00,0.00
randomArrays,3,524,2.35,0.00,0.00
randomArrays,3,264,0.40,0.00,0.00
randomArrays,3,733,2.24,0.00,0.00
randomArrays,3,759,1.49,0.00,0.00
randomArrays,3,177,0.25,0.00,0.00
randomArrays,3,53,0.06,0.00,0.00
randomArrays,3,429,0.83,0.00,0.00
randomArrays,3,508,1.97,0.00,0.00
randomArrays,3,919,1.80,0.00,0.00
randomArrays,3,412,0.70,0.00,0.00
randomArrays,3,503,0.87,0.00,0.00
randomArrays,3,115,0.19,0.00,0.00
randomArrays,3,851,1.64,0.00,0.00
randomArrays,3,848,1.76,0.00,0.00
randomArrays,3,652,2.02,0.00,0.00
randomArrays,3,693,1.55,0.00,0.00
randomArrays,3,662,1.25,0.00,0.00
randomArrays,3,815,1.54,0.00,0.00
randomArrays,3,679,1.51,0.00,0.00
randomArrays,3,141,0.42,0.00,0.00
randomArrays,3,458,0.84,0.00,0.00
randomArrays,3,378,1.70,0.00,0.00
randomArrays,3,662,3.20,0.00,0.00
randomArrays,3,809,1.52,0.00,0.00
randomArrays,3,960,1.87,0.00,0.00
randomArrays,3,454,1.75,0.00,0.00
randomArrays,3,513,0.89,0.00,0.00
randomArrays,3,965,1.94,0.00,0.00
randomArrays,3,855,3.41,0.00,0.00
randomArrays,3,257,0.85,0.00,0.00
randomArrays,3,932,2.01,0.00,0.00
randomArrays,3,112,0.14,0.00,0.00
randomArrays,3,264,0.39,0.00,0.00
randomArrays,3,404,0.67,0.00,0.00
randomArrays,3,830,2.09,0.00,0.00
randomArrays,3,115,0.15,0.00,0.00
randomArrays,3,906,1.88,0.00,0.00
