dataset,run,arraylength,time,cputime,memory
randomArrays,1,469,6.65,0.00,0.00
randomArrays,1,783,20.91,15.62,0.00
randomArrays,1,464,8.28,0.00,0.00
randomArrays,1,267,1.88,0.00,0.00
randomArrays,1,828,44.35,31.25,0.00
randomArrays,1,607,21.62,15.62,0.00
randomArrays,1,319,2.89,15.62,0.00
randomArrays,1,431,5.71,0.00,0.00
randomArrays,1,941,30.09,31.25,0.00
randomArrays,1,937,29.69,31.25,0.00
randomArrays,1,619,12.72,15.62,0.00
randomArrays,1,370,4.32,0.00,0.00
randomArrays,1,478,7.01,15.62,0.00
randomArrays,1,107,0.29,0.00,0.00
randomArrays,1,910,27.86,15.62,0.00
randomArrays,1,381,4.29,0.00,0.00
randomArrays,1,699,15.77,15.62,0.00
randomArrays,1,452,6.65,0.00,0.00
randomArrays,1,882,25.40,31.25,0.00
randomArrays,1,697,15.87,15.62,0.00
randomArrays,1,39,0.06,0.00,0.00
randomArrays,1,382,5.02,0.00,0.00
randomArrays,1,980,31.20,31.25,0.00
randomArrays,1,202,1.02,0.00,0.00
randomArrays,1,674,14.21,15.62,0.00
randomArrays,1,184,2.80,0.00,0.00
randomArrays,1,853,24.30,31.25,0.00
randomArrays,1,101,0.28,0.00,0.00
randomArrays,1,329,3.41,0.00,0.00
randomArrays,1,837,26.67,15.62,0.00
randomArrays,1,952,43.66,31.25,0.00
randomArrays,1,676,15.24,15.62,0.00
randomArrays,1,248,5.11,0.00,0.00
randomArrays,1,845,32.64,31.25,0.00
randomArrays,1,707,16.75,15.62,0.00
randomArrays,1,458,6.87,0.00,0.00
randomArrays,1,219,1.35,0.00,0.00
randomArrays,1,268,2.56,0.00,0.00
randomArrays,1,201,1.10,0.00,0.00
randomArrays,1,520,10.33,0.00,0.00
randomArrays,1,832,23.26,15.62,0.00
randomArrays,1,800,23.69,31.25,0.00
randomArrays,1,753,20.11,15.62,0.00
randomArrays,1,286,2.25,0.00,0.00
randomArrays,1,841,24.51,15.62,0.00
randomArrays,1,240,1.41,0.00,0.00
randomArrays,1,370,4.65,0.00,0.00
randomArrays,1,287,2.40,0.00,0.00
randomArrays,1,89,0.23,0.00,0.00
randomArrays,1,881,29.88,31.25,0.00
randomArrays,1,187,0.92,0.00,0.00
randomArrays,1,373,4.18,15.62,0.00
randomArrays,1,194,0.97,0.00,0.00
randomArrays,1,382,4.44,0.00,0.00
randomArrays,1,826,22.65,15.62,0.00
randomArrays,1,781,20.37,15.62,0.00
randomArrays,1,814,22.61,31.25,0.00
randomArrays,1,525,8.48,15.62,0.00
randomArrays,1,136,0.47,0.00,0.00
randomArrays,1,454,7.60,0.00,0.00
randomArrays,1,563,9.68,0.00,0.00
randomArrays,1,226,1.34,0.00,0.00
randomArrays,1,345,3.51,15.62,0.00
randomArrays,1,514,8.78,0.00,0.00
randomArrays,1,871,24.74,31.25,0.00
randomArrays,1,939,30.67,31.25,0.00
randomArrays,1,397,4.69,0.00,0.00
randomArrays,1,429,6.48,0.00,0.00
randomArrays,1,421,5.60,0.00,0.00
randomArrays,1,747,18.30,31.25,0.00
randomArrays,1,19,0.02,0.00,0.00
randomArrays,1,74,0.17,0.00,0.00
randomArrays,1,259,2.11,0.00,0.00
randomArrays,1,846,23.58,15.62,0.00
randomArrays,1,789,20.42,15.62,0.00
randomArrays,1,671,15.70,15.62,0.00
randomArrays,1,368,4.35,0.00,0.00
randomArrays,1,448,6.43,0.00,0.00
randomArrays,1,237,1.49,0.00,0.00
randomArrays,1,627,12.53,0.00,0.00
randomArrays,1,584,11.33,0.00,0.00
randomArrays,1,328,3.05,0.00,0.00
randomArrays,1,606,11.56,15.62,0.00
randomArrays,1,563,9.87,15.62,0.00
randomArrays,1,774,19.34,15.62,0.00
randomArrays,1,206,1.07,0.00,0.00
randomArrays,1,907,27.67,31.25,0.00
randomArrays,1,37,0.05,0.00,0.00
randomArrays,1,878,24.99,15.62,0.00
randomArrays,1,284,2.60,0.00,0.00
randomArrays,1,853,25.00,15.62,0.00
randomArrays,1,247,1.60,0.00,0.00
randomArrays,1,241,1.82,0.00,0.00
randomArrays,1,348,4.24,0.00,0.00
randomArrays,1,814,22.97,15.62,0.00
randomArrays,1,245,1.57,0.00,0.00
randomArrays,1,335,3.12,15.62,0.00
randomArrays,1,497,7.47,0.00,0.00
randomArrays,1,280,2.02,0.00,0.00
randomArrays,1,664,13.91,15.62,0.00
randomArrays,1,523,9.17,15.62,0.00
randomArrays,1,841,22.69,15.62,0.00
randomArrays,1,290,2.24,0.00,0.00
randomArrays,1,158,0.66,0.00,0.00
randomArrays,1,783,20.98,31.25,0.00
randomArrays,1,638,13.56,15.62,0.00
randomArrays,1,314,2.66,0.00,0.00
randomArrays,1,484,8.09,0.00,0.00
randomArrays,1,972,31.77,31.25,0.00
randomArrays,1,652,14.40,15.62,0.00
randomArrays,1,543,9.23,15.62,0.00
randomArrays,1,487,7.75,0.00,0.00
randomArrays,1,686,16.35,15.62,0.00
randomArrays,1,183,0.88,0.00,0.00
randomArrays,1,572,24.99,15.62,0.00
randomArrays,1,747,19.00,15.62,0.00
randomArrays,1,780,20.45,15.62,0.00
randomArrays,1,828,22.57,15.62,0.00
randomArrays,1,591,11.81,15.62,0.00
randomArrays,1,415,5.41,0.00,0.00
randomArrays,1,648,13.65,15.62,0.00
randomArrays,1,204,2.12,0.00,0.00
randomArrays,1,510,8.32,15.62,0.00
randomArrays,1,422,5.62,0.00,0.00
randomArrays,1,541,9.84,15.62,0.00
randomArrays,1,875,26.39,31.25,0.00
randomArrays,1,742,18.19,15.62,0.00
randomArrays,1,384,4.39,0.00,0.00
randomArrays,1,266,1.86,0.00,0.00
randomArrays,1,137,0.53,0.00,0.00
randomArrays,1,970,31.09,31.25,0.00
randomArrays,1,685,15.34,15.62,0.00
randomArrays,1,665,16.03,15.62,0.00
randomArrays,1,319,3.02,0.00,0.00
randomArrays,1,808,21.67,15.62,0.00
randomArrays,1,143,0.55,0.00,0.00
randomArrays,1,147,0.58,0.00,0.00
randomArrays,1,929,28.14,31.25,0.00
randomArrays,1,906,27.63,15.62,0.00
randomArrays,1,425,5.49,0.00,0.00
randomArrays,1,736,18.17,15.62,0.00
randomArrays,1,65,0.15,0.00,0.00
randomArrays,1,305,3.25,0.00,0.00
randomArrays,1,194,0.97,0.00,0.00
randomArrays,1,545,9.85,0.00,0.00
randomArrays,1,49,0.08,0.00,0.00
randomArrays,1,731,18.12,15.62,0.00
randomArrays,1,712,16.49,0.00,0.00
randomArrays,1,732,30.53,31.25,0.00
randomArrays,1,57,0.22,0.00,0.00
randomArrays,1,983,32.14,31.25,0.00
randomArrays,1,345,3.42,0.00,0.00
randomArrays,1,152,0.62,0.00,0.00
randomArrays,1,963,31.14,31.25,0.00
randomArrays,1,544,9.23,0.00,0.00
randomArrays,1,870,25.69,31.25,0.00
randomArrays,1,557,9.67,15.62,0.00
randomArrays,1,168,0.77,0.00,0.00
randomArrays,1,373,5.07,0.00,0.00
randomArrays,1,416,5.18,0.00,0.00
randomArrays,1,942,29.14,31.25,0.00
randomArrays,1,966,31.46,31.25,0.00
randomArrays,1,363,4.22,15.62,0.00
randomArrays,1,955,30.30,15.62,0.00
randomArrays,1,626,12.82,15.62,0.00
randomArrays,1,948,30.72,31.25,0.00
randomArrays,1,193,0.92,0.00,0.00
randomArrays,1,361,3.72,15.62,0.00
randomArrays,1,195,0.99,0.00,0.00
randomArrays,1,905,26.73,15.62,0.00
randomArrays,1,105,0.29,0.00,0.00
randomArrays,1,750,18.38,15.62,0.00
randomArrays,1,565,10.04,0.00,0.00
randomArrays,1,538,9.04,0.00,0.00
randomArrays,1,488,8.52,0.00,0.00
randomArrays,1,30,0.04,0.00,0.00
randomArrays,1,554,9.63,15.62,0.00
randomArrays,1,407,5.62,15.62,0.00
randomArrays,1,958,32.30,31.25,0.00
randomArrays,1,137,0.48,0.00,0.00
randomArrays,1,101,0.39,0.00,0.00
randomArrays,1,633,12.57,15.62,0.00
randomArrays,1,44,0.06,0.00,0.00
randomArrays,1,738,19.21,15.62,0.00
randomArrays,1,763,21.36,15.62,0.00
randomArrays,1,319,2.76,0.00,0.00
randomArrays,1,682,14.96,15.62,0.00
randomArrays,1,820,21.66,15.62,0.00
randomArrays,1,896,27.54,15.62,0.00
randomArrays,1,712,20.36,15.62,0.00
randomArrays,1,554,11.79,0.00,0.00
randomArrays,1,940,28.98,31.25,0.00
randomArrays,1,787,20.68,15.62,0.00
randomArrays,1,255,1.63,0.00,0.00
randomArrays,1,135,0.52,0.00,0.00
randomArrays,1,546,12.92,15.62,0.00
randomArrays,1,643,14.51,0.00,0.00
randomArrays,1,197,0.98,0.00,0.00
randomArrays,1,643,13.83,15.62,0.00
randomArrays,1,858,24.07,15.62,0.00
randomArrays,1,134,0.47,0.00,0.00
randomArrays,1,133,0.50,0.00,0.00
randomArrays,1,317,3.23,0.00,0.00
randomArrays,1,312,3.05,0.00,0.00
randomArrays,1,160,0.78,0.00,0.00
randomArrays,1,838,22.49,15.62,0.00
randomArrays,1,316,3.11,0.00,0.00
randomArrays,1,111,0.34,0.00,0.00
randomArrays,1,530,9.68,15.62,0.00
randomArrays,1,827,22.85,15.62,0.00
randomArrays,1,994,33.32,31.25,0.00
randomArrays,1,348,3.43,0.00,0.00
randomArrays,1,652,13.91,15.62,0.00
randomArrays,1,339,3.48,0.00,0.00
randomArrays,1,908,27.85,15.62,0.00
randomArrays,1,655,14.03,15.62,0.00
randomArrays,1,899,26.66,31.25,0.00
randomArrays,1,377,6.55,0.00,0.00
randomArrays,1,793,25.36,31.25,0.00
randomArrays,1,12,0.01,0.00,0.00
randomArrays,1,236,1.42,0.00,0.00
randomArrays,1,851,23.60,31.25,0.00
randomArrays,1,462,6.56,0.00,0.00
randomArrays,1,49,0.19,0.00,0.00
randomArrays,1,649,13.44,15.62,0.00
randomArrays,1,299,2.69,0.00,0.00
randomArrays,1,796,20.38,15.62,0.00
randomArrays,1,227,1.34,0.00,0.00
randomArrays,1,929,29.56,31.25,0.00
randomArrays,1,166,0.73,0.00,0.00
randomArrays,1,277,2.22,0.00,0.00
randomArrays,1,179,0.90,0.00,0.00
randomArrays,1,809,22.07,15.62,0.00
randomArrays,1,232,1.42,0.00,0.00
randomArrays,1,247,1.66,0.00,0.00
randomArrays,1,99,0.27,0.00,0.00
randomArrays,1,649,17.18,15.62,0.00
randomArrays,1,15,0.02,0.00,0.00
randomArrays,1,646,13.43,15.62,0.00
randomArrays,1,463,6.64,15.62,0.00
randomArrays,1,587,11.28,15.62,0.00
randomArrays,1,898,26.80,31.25,0.00
randomArrays,1,643,13.19,15.62,0.00
randomArrays,1,840,23.33,15.62,0.00
randomArrays,1,708,17.30,15.62,0.00
randomArrays,1,214,1.20,0.00,0.00
randomArrays,1,565,10.95,15.62,0.00
randomArrays,1,157,0.67,0.00,0.00
randomArrays,1,265,2.01,0.00,0.00
randomArrays,1,171,0.82,0.00,0.00
randomArrays,1,136,0.71,0.00,0.00
randomArrays,1,290,2.72,0.00,0.00
randomArrays,1,96,0.26,0.00,0.00
randomArrays,1,11,0.01,0.00,0.00
randomArrays,1,311,2.66,0.00,0.00
randomArrays,1,566,11.02,0.00,0.00
randomArrays,1,328,3.17,0.00,0.00
randomArrays,1,358,3.66,0.00,0.00
randomArrays,1,674,15.41,15.62,0.00
randomArrays,1,490,7.64,0.00,0.00
randomArrays,1,36,0.05,0.00,0.00
randomArrays,1,408,6.05,15.62,0.00
randomArrays,1,49,0.09,0.00,0.00
randomArrays,1,581,10.87,15.62,0.00
randomArrays,1,879,25.92,15.62,0.00
randomArrays,1,61,0.12,0.00,0.00
randomArrays,1,656,13.33,0.00,0.00
randomArrays,1,411,5.34,0.00,0.00
randomArrays,1,361,3.97,0.00,0.00
randomArrays,1,994,44.57,15.62,0.00
randomArrays,1,416,5.11,0.00,0.00
randomArrays,1,966,30.65,31.25,0.00
randomArrays,1,92,0.50,0.00,0.00
randomArrays,1,429,6.25,15.62,0.00
randomArrays,1,658,14.66,15.62,0.00
randomArrays,1,877,25.20,31.25,0.00
randomArrays,1,780,19.61,15.62,0.00
randomArrays,1,669,14.73,0.00,0.00
randomArrays,1,394,4.76,0.00,0.00
randomArrays,1,892,26.54,31.25,0.00
randomArrays,1,180,0.84,0.00,0.00
randomArrays,1,829,25.00,15.62,0.00
randomArrays,1,255,1.67,0.00,0.00
randomArrays,1,374,4.00,0.00,0.00
randomArrays,1,37,0.05,0.00,0.00
randomArrays,1,919,27.27,15.62,0.00
randomArrays,1,850,23.94,31.25,0.00
randomArrays,1,930,28.71,31.25,0.00
randomArrays,1,419,5.80,15.62,0.00
randomArrays,1,720,16.94,15.62,0.00
randomArrays,1,378,4.21,0.00,0.00
randomArrays,1,815,22.19,15.62,0.00
randomArrays,1,566,10.79,0.00,0.00
randomArrays,1,623,17.76,15.62,0.00
randomArrays,1,597,11.76,0.00,0.00
randomArrays,1,148,0.94,0.00,0.00
randomArrays,1,580,10.59,0.00,0.00
randomArrays,1,244,1.51,0.00,0.00
randomArrays,1,703,16.81,15.62,0.00
randomArrays,1,743,18.14,15.62,0.00
randomArrays,1,923,29.13,31.25,0.00
randomArrays,1,284,2.19,0.00,0.00
randomArrays,1,35,0.08,0.00,0.00
randomArrays,1,941,28.84,31.25,0.00
randomArrays,1,39,0.06,0.00,0.00
randomArrays,1,276,2.38,0.00,0.00
randomArrays,1,494,8.98,0.00,0.00
randomArrays,1,547,10.02,0.00,0.00
randomArrays,1,837,45.04,46.88,0.00
randomArrays,1,183,1.45,0.00,0.00
randomArrays,1,360,4.48,0.00,0.00
randomArrays,1,627,12.30,15.62,0.00
randomArrays,1,833,23.37,15.62,0.00
randomArrays,1,491,7.54,15.62,0.00
randomArrays,1,623,12.15,15.62,0.00
randomArrays,1,850,23.46,31.25,0.00
randomArrays,1,35,0.04,0.00,0.00
randomArrays,1,584,11.38,15.62,0.00
randomArrays,1,34,0.05,0.00,0.00
randomArrays,1,335,3.01,0.00,0.00
randomArrays,1,145,0.65,0.00,0.00
randomArrays,1,61,0.12,0.00,0.00
randomArrays,1,88,0.33,0.00,0.00
randomArrays,1,442,10.34,15.62,0.00
randomArrays,1,729,17.94,15.62,0.00
randomArrays,1,312,2.68,0.00,0.00
randomArrays,1,620,12.64,0.00,0.00
randomArrays,1,77,0.17,0.00,0.00
randomArrays,1,784,20.02,15.62,0.00
randomArrays,1,720,17.30,15.62,0.00
randomArrays,1,796,20.85,15.62,0.00
randomArrays,1,81,0.18,0.00,0.00
randomArrays,1,900,28.67,31.25,0.00
randomArrays,1,570,10.75,0.00,0.00
randomArrays,1,749,18.03,15.62,0.00
randomArrays,1,723,17.53,15.62,0.00
randomArrays,1,54,0.09,0.00,0.00
randomArrays,1,261,1.84,0.00,0.00
randomArrays,1,831,23.08,15.62,0.00
randomArrays,1,133,0.78,0.00,0.00
randomArrays,1,165,1.33,0.00,0.00
randomArrays,1,441,6.18,0.00,0.00
randomArrays,1,782,20.73,15.62,0.00
randomArrays,1,384,4.34,0.00,0.00
randomArrays,1,283,2.10,0.00,0.00
randomArrays,1,71,0.15,0.00,0.00
randomArrays,1,374,4.49,0.00,0.00
randomArrays,1,204,1.07,0.00,0.00
randomArrays,1,437,5.82,0.00,0.00
randomArrays,1,662,18.56,15.62,0.00
randomArrays,1,821,21.82,31.25,0.00
randomArrays,1,198,1.03,0.00,0.00
randomArrays,1,776,20.30,31.25,0.00
randomArrays,1,124,0.51,0.00,0.00
randomArrays,1,202,1.05,0.00,0.00
randomArrays,1,806,25.39,31.25,0.00
randomArrays,1,448,6.13,0.00,0.00
randomArrays,1,383,5.21,0.00,0.00
randomArrays,1,992,32.33,31.25,0.00
randomArrays,1,714,17.21,15.62,0.00
randomArrays,1,528,9.08,15.62,0.00
randomArrays,1,137,0.69,0.00,0.00
randomArrays,1,122,0.56,0.00,0.00
randomArrays,1,883,26.94,31.25,0.00
randomArrays,1,614,12.40,0.00,0.00
randomArrays,1,841,22.88,31.25,0.00
randomArrays,1,471,7.13,0.00,0.00
randomArrays,1,871,25.06,31.25,0.00
randomArrays,1,938,28.91,31.25,0.00
randomArrays,1,238,2.27,0.00,0.00
randomArrays,1,772,19.43,15.62,0.00
randomArrays,1,334,3.18,15.62,0.00
randomArrays,1,274,1.96,0.00,0.00
randomArrays,1,385,5.26,0.00,0.00
randomArrays,1,455,6.15,0.00,0.00
randomArrays,1,202,1.04,0.00,0.00
randomArrays,1,349,3.59,0.00,0.00
randomArrays,1,170,0.75,0.00,0.00
randomArrays,1,365,4.04,0.00,0.00
randomArrays,1,921,27.40,15.62,0.00
randomArrays,1,368,4.05,0.00,0.00
randomArrays,1,851,25.51,15.62,0.00
randomArrays,1,736,18.03,15.62,0.00
randomArrays,1,64,0.12,0.00,0.00
randomArrays,1,371,4.27,15.62,0.00
randomArrays,1,962,34.36,31.25,0.00
randomArrays,1,758,19.18,15.62,0.00
randomArrays,1,565,14.04,15.62,0.00
randomArrays,1,246,1.59,0.00,0.00
randomArrays,1,390,4.31,15.62,0.00
randomArrays,1,833,23.03,15.62,0.00
randomArrays,1,359,3.73,15.62,0.00
randomArrays,1,647,13.09,15.62,0.00
randomArrays,1,830,22.76,15.62,0.00
randomArrays,1,790,21.15,15.62,0.00
randomArrays,1,789,20.44,15.62,0.00
randomArrays,1,33,0.04,0.00,0.00
randomArrays,1,324,3.13,0.00,0.00
randomArrays,1,460,6.72,0.00,0.00
randomArrays,1,660,13.71,15.62,0.00
randomArrays,1,553,9.41,15.62,0.00
randomArrays,1,181,0.89,0.00,0.00
randomArrays,1,106,0.36,0.00,0.00
randomArrays,1,198,1.00,0.00,0.00
randomArrays,1,795,22.70,15.62,0.00
randomArrays,1,149,0.58,0.00,0.00
randomArrays,1,42,0.06,0.00,0.00
randomArrays,1,538,10.52,0.00,0.00
randomArrays,1,405,5.18,0.00,0.00
randomArrays,1,741,18.02,15.62,0.00
randomArrays,1,88,0.22,0.00,0.00
randomArrays,1,896,26.28,15.62,0.00
randomArrays,1,574,10.84,0.00,0.00
randomArrays,1,34,0.04,0.00,0.00
randomArrays,1,83,0.19,0.00,0.00
randomArrays,1,311,3.35,0.00,0.00
randomArrays,1,168,0.75,0.00,0.00
randomArrays,1,720,17.41,15.62,0.00
randomArrays,1,499,7.82,0.00,0.00
randomArrays,1,280,2.24,0.00,0.00
randomArrays,1,960,30.07,31.25,0.00
randomArrays,1,351,3.48,0.00,0.00
randomArrays,1,840,22.93,15.62,0.00
randomArrays,1,826,22.74,15.62,0.00
randomArrays,1,780,20.94,15.62,0.00
randomArrays,1,592,11.93,15.62,0.00
randomArrays,1,601,12.32,15.62,0.00
randomArrays,1,924,28.63,31.25,0.00
randomArrays,1,630,14.96,15.62,0.00
randomArrays,1,738,17.22,15.62,0.00
randomArrays,1,43,0.06,0.00,0.00
randomArrays,1,546,10.07,15.62,0.00
randomArrays,1,118,0.37,0.00,0.00
randomArrays,1,812,25.26,15.62,0.00
randomArrays,1,636,13.10,15.62,0.00
randomArrays,1,253,1.72,0.00,0.00
randomArrays,1,443,6.07,0.00,0.00
randomArrays,1,292,2.30,0.00,0.00
randomArrays,1,723,17.59,0.00,0.00
randomArrays,1,398,5.31,0.00,0.00
randomArrays,1,368,4.09,0.00,0.00
randomArrays,1,534,9.28,0.00,0.00
randomArrays,1,899,27.17,31.25,0.00
randomArrays,1,137,0.49,0.00,0.00
randomArrays,1,187,0.94,0.00,0.00
randomArrays,1,164,0.93,0.00,0.00
randomArrays,1,735,18.24,15.62,0.00
randomArrays,1,524,9.52,0.00,0.00
randomArrays,1,512,8.30,0.00,0.00
randomArrays,1,15,0.02,0.00,0.00
randomArrays,1,737,17.33,15.62,0.00
randomArrays,1,616,12.25,15.62,0.00
randomArrays,1,349,3.42,0.00,0.00
randomArrays,1,645,14.25,15.62,0.00
randomArrays,1,502,8.20,15.62,0.00
randomArrays,1,932,28.46,15.62,0.00
randomArrays,1,778,19.92,31.25,0.00
randomArrays,1,126,0.45,0.00,0.00
randomArrays,1,836,23.13,15.62,0.00
randomArrays,1,911,27.50,31.25,0.00
randomArrays,1,265,1.77,0.00,0.00
randomArrays,1,694,15.84,15.62,0.00
randomArrays,1,188,1.05,0.00,0.00
randomArrays,1,282,2.81,0.00,0.00
randomArrays,1,347,4.44,0.00,0.00
randomArrays,1,768,19.20,15.62,0.00
randomArrays,1,778,32.86,31.25,0.00
randomArrays,1,549,9.78,0.00,0.00
randomArrays,1,12,0.01,0.00,0.00
randomArrays,1,336,3.78,15.62,0.00
randomArrays,1,949,29.19,31.25,0.00
randomArrays,1,179,0.82,0.00,0.00
randomArrays,1,634,12.74,15.62,0.00
randomArrays,1,38,0.05,0.00,0.00
randomArrays,1,123,0.43,0.00,0.00
randomArrays,1,282,2.30,0.00,0.00
randomArrays,1,452,6.33,15.62,0.00
randomArrays,1,217,1.30,0.00,0.00
randomArrays,1,629,13.76,15.62,0.00
randomArrays,1,275,2.01,15.62,0.00
randomArrays,1,66,0.13,0.00,0.00
randomArrays,1,308,2.62,15.62,0.00
randomArrays,1,809,21.56,31.25,0.00
randomArrays,1,634,12.98,15.62,0.00
randomArrays,1,478,7.26,0.00,0.00
randomArrays,1,336,3.50,0.00,0.00
randomArrays,1,672,14.40,15.62,0.00
randomArrays,1,583,10.86,15.62,0.00
randomArrays,1,413,5.01,0.00,0.00
randomArrays,1,683,15.40,15.62,0.00
randomArrays,1,463,7.33,15.62,0.00
randomArrays,1,267,1.84,0.00,0.00
randomArrays,1,73,0.16,0.00,0.00
randomArrays,1,641,13.27,15.62,0.00
randomArrays,1,827,22.39,15.62,0.00
randomArrays,1,864,25.43,31.25,0.00
randomArrays,1,672,15.02,15.62,0.00
randomArrays,1,948,30.23,31.25,0.00
randomArrays,1,523,9.12,15.62,0.00
randomArrays,1,113,0.61,0.00,0.00
randomArrays,1,855,24.29,31.25,0.00
randomArrays,1,764,19.06,15.62,0.00
randomArrays,1,559,14.12,15.62,0.00
randomArrays,1,256,1.70,0.00,0.00
randomArrays,1,861,23.94,31.25,0.00
randomArrays,1,215,1.15,0.00,0.00
randomArrays,1,610,12.15,0.00,0.00
randomArrays,1,133,0.56,0.00,0.00
randomArrays,1,721,17.53,15.62,0.00
randomArrays,1,826,23.15,31.25,0.00
randomArrays,1,732,17.34,15.62,0.00
randomArrays,1,218,1.21,0.00,0.00
randomArrays,1,897,26.98,31.25,0.00
randomArrays,1,95,0.27,0.00,0.00
randomArrays,1,596,12.92,0.00,0.00
randomArrays,1,333,3.39,0.00,0.00
randomArrays,1,139,0.56,0.00,0.00
randomArrays,1,90,0.24,0.00,0.00
randomArrays,1,724,17.26,15.62,0.00
randomArrays,1,24,0.03,0.00,0.00
randomArrays,1,182,0.84,0.00,0.00
randomArrays,1,440,6.28,0.00,0.00
randomArrays,1,521,9.05,15.62,0.00
randomArrays,1,653,14.40,15.62,0.00
randomArrays,1,422,5.93,0.00,0.00
randomArrays,1,919,28.37,31.25,0.00
randomArrays,1,399,5.25,15.62,0.00
randomArrays,1,148,0.60,0.00,0.00
randomArrays,1,651,20.80,15.62,0.00
randomArrays,1,953,28.77,15.62,0.00
randomArrays,1,205,1.38,0.00,0.00
randomArrays,1,713,16.70,15.62,0.00
randomArrays,1,335,3.10,15.62,0.00
randomArrays,1,800,20.90,31.25,0.00
randomArrays,1,263,1.81,0.00,0.00
randomArrays,1,305,2.71,0.00,0.00
randomArrays,1,772,20.97,15.62,0.00
randomArrays,1,760,19.89,15.62,0.00
randomArrays,1,985,32.66,31.25,0.00
randomArrays,1,468,7.29,0.00,0.00
randomArrays,1,542,9.33,0.00,0.00
randomArrays,1,137,0.64,0.00,0.00
randomArrays,1,877,37.62,46.88,0.00
randomArrays,1,407,5.20,0.00,0.00
randomArrays,1,13,0.01,0.00,0.00
randomArrays,1,857,26.07,31.25,0.00
randomArrays,1,961,30.36,31.25,0.00
randomArrays,1,963,30.71,31.25,0.00
randomArrays,1,792,20.34,15.62,0.00
randomArrays,1,190,0.93,0.00,0.00
randomArrays,1,859,24.19,31.25,0.00
randomArrays,1,989,32.95,31.25,0.00
randomArrays,1,816,21.90,31.25,0.00
randomArrays,1,950,31.44,31.25,0.00
randomArrays,1,241,1.41,0.00,0.00
randomArrays,1,957,29.82,31.25,0.00
randomArrays,1,155,0.61,0.00,0.00
randomArrays,1,625,12.71,0.00,0.00
randomArrays,1,573,10.79,0.00,0.00
randomArrays,1,278,2.01,0.00,0.00
randomArrays,1,67,0.14,0.00,0.00
randomArrays,1,785,20.08,31.25,0.00
randomArrays,1,576,15.11,15.62,0.00
randomArrays,1,949,29.24,31.25,0.00
randomArrays,1,274,1.95,0.00,0.00
randomArrays,1,827,23.00,31.25,0.00
randomArrays,1,246,1.53,0.00,0.00
randomArrays,1,497,7.39,15.62,0.00
randomArrays,1,98,0.27,0.00,0.00
randomArrays,1,87,0.22,0.00,0.00
randomArrays,1,362,3.94,0.00,0.00
randomArrays,1,748,18.48,15.62,0.00
randomArrays,1,553,9.53,15.62,0.00
randomArrays,1,931,28.95,31.25,0.00
randomArrays,1,24,0.03,0.00,0.00
randomArrays,1,836,23.74,15.62,0.00
randomArrays,1,524,8.90,0.00,0.00
randomArrays,1,286,2.48,0.00,0.00
randomArrays,1,379,4.25,0.00,0.00
randomArrays,1,654,14.24,15.62,0.00
randomArrays,1,795,21.27,15.62,0.00
randomArrays,1,335,3.16,0.00,0.00
randomArrays,1,218,2.37,0.00,0.00
randomArrays,1,390,4.30,0.00,0.00
randomArrays,1,80,0.19,0.00,0.00
randomArrays,1,602,12.87,15.62,0.00
randomArrays,1,687,17.40,31.25,0.00
randomArrays,1,573,10.36,15.62,0.00
randomArrays,1,857,23.81,15.62,0.00
randomArrays,1,484,7.25,15.62,0.00
randomArrays,1,633,13.35,15.62,0.00
randomArrays,1,393,4.41,0.00,0.00
randomArrays,1,953,30.87,31.25,0.00
randomArrays,1,718,17.08,15.62,0.00
randomArrays,1,330,3.10,0.00,0.00
randomArrays,1,273,2.06,0.00,0.00
randomArrays,1,323,2.90,0.00,0.00
randomArrays,1,971,31.10,31.25,0.00
randomArrays,1,156,0.89,0.00,0.00
randomArrays,1,971,30.84,31.25,0.00
randomArrays,1,202,1.04,0.00,0.00
randomArrays,1,201,1.28,0.00,0.00
randomArrays,1,230,1.61,0.00,0.00
randomArrays,1,953,32.72,31.25,0.00
randomArrays,1,399,4.66,0.00,0.00
randomArrays,1,354,3.60,0.00,0.00
randomArrays,1,334,3.54,15.62,0.00
randomArrays,1,538,9.24,0.00,0.00
randomArrays,1,238,1.43,0.00,0.00
randomArrays,1,415,5.13,0.00,0.00
randomArrays,1,498,7.98,15.62,0.00
randomArrays,1,193,0.99,0.00,0.00
randomArrays,1,125,0.52,0.00,0.00
randomArrays,1,100,0.44,0.00,0.00
randomArrays,1,742,18.86,15.62,0.00
randomArrays,1,588,11.49,0.00,0.00
randomArrays,1,355,3.54,0.00,0.00
randomArrays,1,923,28.73,31.25,0.00
randomArrays,1,167,0.75,0.00,0.00
randomArrays,1,518,8.09,15.62,0.00
randomArrays,1,649,13.68,15.62,0.00
randomArrays,1,280,2.84,0.00,0.00
randomArrays,1,842,23.96,31.25,0.00
randomArrays,1,586,13.14,15.62,0.00
randomArrays,1,519,19.70,15.62,0.00
randomArrays,1,112,1.03,0.00,0.00
randomArrays,1,320,12.59,0.00,0.00
randomArrays,1,955,30.45,31.25,0.00
randomArrays,1,61,0.11,0.00,0.00
randomArrays,1,709,16.90,15.62,0.00
randomArrays,1,671,14.86,15.62,0.00
randomArrays,1,437,6.08,15.62,0.00
randomArrays,1,917,27.13,15.62,0.00
randomArrays,1,499,8.07,0.00,0.00
randomArrays,1,503,8.14,0.00,0.00
randomArrays,1,676,14.41,15.62,0.00
randomArrays,1,594,11.66,15.62,0.00
randomArrays,1,48,0.08,0.00,0.00
randomArrays,1,590,11.36,15.62,0.00
randomArrays,1,861,25.06,15.62,0.00
randomArrays,1,363,3.73,0.00,0.00
randomArrays,1,969,30.80,31.25,0.00
randomArrays,1,912,26.88,31.25,0.00
randomArrays,1,779,20.13,15.62,0.00
randomArrays,1,301,2.69,0.00,0.00
randomArrays,1,545,10.10,0.00,0.00
randomArrays,1,24,0.03,0.00,0.00
randomArrays,1,953,29.28,31.25,0.00
randomArrays,1,440,6.41,15.62,0.00
randomArrays,1,997,32.83,31.25,0.00
randomArrays,1,661,14.36,15.62,0.00
randomArrays,1,583,11.30,15.62,0.00
randomArrays,1,478,7.39,0.00,0.00
randomArrays,1,220,1.41,0.00,0.00
randomArrays,1,458,6.48,15.62,0.00
randomArrays,1,783,20.85,31.25,0.00
randomArrays,1,554,9.56,15.62,0.00
randomArrays,1,167,0.75,0.00,0.00
randomArrays,1,338,3.48,0.00,0.00
randomArrays,1,321,3.82,0.00,0.00
randomArrays,1,993,34.67,31.25,0.00
randomArrays,1,414,5.28,0.00,0.00
randomArrays,1,630,12.83,15.62,0.00
randomArrays,1,572,10.79,15.62,0.00
randomArrays,1,119,0.40,0.00,0.00
randomArrays,1,852,24.08,31.25,0.00
randomArrays,1,392,4.57,15.62,0.00
randomArrays,1,744,18.41,15.62,0.00
randomArrays,1,767,19.80,15.62,0.00
randomArrays,1,419,5.18,0.00,0.00
randomArrays,1,186,0.93,0.00,0.00
randomArrays,1,498,8.04,15.62,0.00
randomArrays,1,369,3.87,0.00,0.00
randomArrays,1,545,9.63,0.00,0.00
randomArrays,1,585,11.39,0.00,0.00
randomArrays,1,232,1.83,0.00,0.00
randomArrays,1,683,15.02,15.62,0.00
randomArrays,1,373,4.08,0.00,0.00
randomArrays,1,67,0.13,0.00,0.00
randomArrays,1,47,0.11,0.00,0.00
randomArrays,1,353,6.91,0.00,0.00
randomArrays,1,165,1.07,0.00,0.00
randomArrays,1,822,23.00,15.62,0.00
randomArrays,1,207,1.49,0.00,0.00
randomArrays,1,365,4.31,0.00,0.00
randomArrays,1,33,0.04,0.00,0.00
randomArrays,1,324,2.93,15.62,0.00
randomArrays,1,533,9.61,15.62,0.00
randomArrays,1,467,6.84,0.00,0.00
randomArrays,1,653,13.77,15.62,0.00
randomArrays,1,262,1.74,0.00,0.00
randomArrays,1,26,0.04,0.00,0.00
randomArrays,1,705,17.86,15.62,0.00
randomArrays,1,945,29.05,31.25,0.00
randomArrays,1,145,0.58,0.00,0.00
randomArrays,1,987,32.22,31.25,0.00
randomArrays,1,40,0.06,0.00,0.00
randomArrays,1,418,6.67,15.62,0.00
randomArrays,1,20,0.02,0.00,0.00
randomArrays,1,618,16.17,15.62,0.00
randomArrays,1,463,6.24,0.00,0.00
randomArrays,1,310,3.49,15.62,0.00
randomArrays,1,753,18.76,15.62,0.00
randomArrays,1,203,1.04,0.00,0.00
randomArrays,1,756,19.67,15.62,0.00
randomArrays,1,998,35.40,31.25,0.00
randomArrays,1,631,13.14,15.62,0.00
randomArrays,1,788,21.71,15.62,0.00
randomArrays,1,364,3.74,0.00,0.00
randomArrays,1,435,5.66,15.62,0.00
randomArrays,1,379,4.62,0.00,0.00
randomArrays,1,208,1.87,0.00,0.00
randomArrays,1,503,7.87,15.62,0.00
randomArrays,1,97,0.26,0.00,0.00
randomArrays,1,266,1.84,0.00,0.00
randomArrays,1,828,23.08,15.62,0.00
randomArrays,1,319,2.78,15.62,0.00
randomArrays,1,898,26.81,15.62,0.00
randomArrays,1,380,4.73,0.00,0.00
randomArrays,1,450,6.31,0.00,0.00
randomArrays,1,142,0.57,0.00,0.00
randomArrays,1,434,5.68,0.00,0.00
randomArrays,1,96,0.26,0.00,0.00
randomArrays,1,641,13.55,15.62,0.00
randomArrays,1,538,9.06,15.62,0.00
randomArrays,1,502,8.52,15.62,0.00
randomArrays,1,599,11.66,15.62,0.00
randomArrays,1,299,2.52,0.00,0.00
randomArrays,1,620,12.60,0.00,0.00
randomArrays,1,606,11.74,15.62,0.00
randomArrays,1,282,2.13,0.00,0.00
randomArrays,1,205,1.10,0.00,0.00
randomArrays,1,504,8.26,15.62,0.00
randomArrays,1,315,3.02,0.00,0.00
randomArrays,1,739,17.80,15.62,0.00
randomArrays,1,226,1.29,0.00,0.00
randomArrays,1,239,1.48,0.00,0.00
randomArrays,1,656,14.67,0.00,0.00
randomArrays,1,467,6.82,0.00,0.00
randomArrays,1,855,39.86,46.88,0.00
randomArrays,1,12,0.06,0.00,0.00
randomArrays,1,751,19.00,31.25,0.00
randomArrays,1,426,5.50,0.00,0.00
randomArrays,1,735,18.11,15.62,0.00
randomArrays,1,321,2.92,0.00,0.00
randomArrays,1,522,8.33,0.00,0.00
randomArrays,1,888,26.03,31.25,0.00
randomArrays,1,118,0.40,0.00,0.00
randomArrays,1,813,21.25,31.25,0.00
randomArrays,1,547,9.40,15.62,0.00
randomArrays,1,860,23.63,15.62,0.00
randomArrays,1,189,0.95,0.00,0.00
randomArrays,1,668,23.24,15.62,0.00
randomArrays,1,583,11.62,0.00,0.00
randomArrays,1,489,7.36,0.00,0.00
randomArrays,1,414,5.26,15.62,0.00
randomArrays,1,905,26.55,15.62,0.00
randomArrays,1,742,17.98,15.62,0.00
randomArrays,1,358,4.30,0.00,0.00
randomArrays,1,741,17.49,15.62,0.00
randomArrays,1,470,7.67,0.00,0.00
randomArrays,1,111,0.43,0.00,0.00
randomArrays,1,546,10.12,0.00,0.00
randomArrays,1,591,10.96,0.00,0.00
randomArrays,1,884,25.75,31.25,0.00
randomArrays,1,684,15.68,15.62,0.00
randomArrays,1,975,31.37,31.25,0.00
randomArrays,1,739,21.95,15.62,0.00
randomArrays,1,725,17.36,15.62,0.00
randomArrays,1,893,26.95,31.25,0.00
randomArrays,1,16,0.02,0.00,0.00
randomArrays,1,467,7.80,15.62,0.00
randomArrays,1,307,2.52,0.00,0.00
randomArrays,1,235,1.69,0.00,0.00
randomArrays,1,377,4.71,0.00,0.00
randomArrays,1,448,7.16,0.00,0.00
randomArrays,1,999,32.38,31.25,0.00
randomArrays,1,98,0.48,0.00,0.00
randomArrays,1,456,6.90,0.00,0.00
randomArrays,1,118,0.37,0.00,0.00
randomArrays,1,406,5.04,15.62,0.00
randomArrays,1,33,0.04,0.00,0.00
randomArrays,1,517,11.66,15.62,0.00
randomArrays,1,248,2.33,0.00,0.00
randomArrays,1,61,0.16,0.00,0.00
randomArrays,1,547,9.66,15.62,0.00
randomArrays,1,602,29.93,31.25,0.00
randomArrays,1,579,11.24,15.62,0.00
randomArrays,1,972,31.17,31.25,0.00
randomArrays,1,653,21.79,15.62,0.00
randomArrays,1,866,25.94,31.25,0.00
randomArrays,1,417,6.22,0.00,0.00
randomArrays,1,386,6.38,0.00,0.00
randomArrays,1,349,4.36,0.00,0.00
randomArrays,1,598,13.15,15.62,0.00
randomArrays,1,856,24.30,31.25,0.00
randomArrays,1,152,0.63,0.00,0.00
randomArrays,1,436,5.55,0.00,0.00
randomArrays,1,356,3.64,15.62,0.00
randomArrays,1,598,11.81,15.62,0.00
randomArrays,1,578,10.71,15.62,0.00
randomArrays,1,786,20.43,15.62,0.00
randomArrays,1,124,0.43,0.00,0.00
randomArrays,1,439,5.71,15.62,0.00
randomArrays,1,492,8.30,15.62,0.00
randomArrays,1,207,1.17,0.00,0.00
randomArrays,1,100,0.37,0.00,0.00
randomArrays,1,591,10.88,15.62,0.00
randomArrays,1,397,4.77,15.62,0.00
randomArrays,1,295,2.28,0.00,0.00
randomArrays,1,733,17.01,15.62,0.00
randomArrays,1,231,1.34,0.00,0.00
randomArrays,1,565,10.34,15.62,0.00
randomArrays,1,910,26.68,31.25,0.00
randomArrays,1,74,0.30,0.00,0.00
randomArrays,1,647,14.28,15.62,0.00
randomArrays,1,456,6.55,15.62,0.00
randomArrays,1,954,30.28,31.25,0.00
randomArrays,1,495,8.34,0.00,0.00
randomArrays,1,487,7.19,0.00,0.00
randomArrays,1,559,9.81,15.62,0.00
randomArrays,1,512,8.39,15.62,0.00
randomArrays,1,247,1.65,0.00,0.00
randomArrays,1,219,1.61,0.00,0.00
randomArrays,1,839,23.56,31.25,0.00
randomArrays,1,887,26.04,15.62,0.00
randomArrays,1,942,29.30,15.62,0.00
randomArrays,1,920,26.66,15.62,0.00
randomArrays,1,868,24.79,31.25,0.00
randomArrays,1,25,0.03,0.00,0.00
randomArrays,1,174,0.80,0.00,0.00
randomArrays,1,818,22.06,15.62,0.00
randomArrays,1,660,13.76,15.62,0.00
randomArrays,1,592,11.19,15.62,0.00
randomArrays,1,942,30.04,31.25,0.00
randomArrays,1,962,30.77,31.25,0.00
randomArrays,1,254,1.70,0.00,0.00
randomArrays,1,527,8.75,0.00,0.00
randomArrays,1,786,20.45,15.62,0.00
randomArrays,1,179,0.81,0.00,0.00
randomArrays,1,678,15.99,15.62,0.00
randomArrays,1,950,29.71,31.25,0.00
randomArrays,1,538,11.01,15.62,0.00
randomArrays,1,185,0.87,0.00,0.00
randomArrays,1,689,15.26,15.62,0.00
randomArrays,1,161,0.70,0.00,0.00
randomArrays,1,509,8.69,15.62,0.00
randomArrays,1,376,4.72,0.00,0.00
randomArrays,1,766,20.62,15.62,0.00
randomArrays,1,706,16.86,15.62,0.00
randomArrays,1,644,13.44,15.62,0.00
randomArrays,1,758,19.37,15.62,0.00
randomArrays,1,747,18.61,15.62,0.00
randomArrays,1,349,3.92,15.62,0.00
randomArrays,1,574,13.66,0.00,0.00
randomArrays,1,888,25.77,31.25,0.00
randomArrays,1,235,1.52,0.00,0.00
randomArrays,1,653,14.24,0.00,0.00
randomArrays,1,630,13.27,15.62,0.00
randomArrays,1,76,0.28,0.00,0.00
randomArrays,1,436,6.39,15.62,0.00
randomArrays,1,771,19.73,15.62,0.00
randomArrays,1,217,1.18,0.00,0.00
randomArrays,1,419,5.58,0.00,0.00
randomArrays,1,860,27.60,31.25,0.00
randomArrays,1,288,2.44,0.00,0.00
randomArrays,1,280,2.45,0.00,0.00
randomArrays,1,242,1.56,0.00,0.00
randomArrays,1,602,12.12,15.62,0.00
randomArrays,1,44,0.07,0.00,0.00
randomArrays,1,547,10.95,15.62,0.00
randomArrays,1,860,25.93,15.62,0.00
randomArrays,1,737,18.34,15.62,0.00
randomArrays,1,738,17.42,15.62,0.00
randomArrays,1,725,18.12,15.62,0.00
randomArrays,1,684,15.15,15.62,0.00
randomArrays,1,233,1.36,0.00,0.00
randomArrays,1,342,3.56,0.00,0.00
randomArrays,1,855,22.96,31.25,0.00
randomArrays,1,861,24.38,15.62,0.00
randomArrays,1,566,9.85,0.00,0.00
randomArrays,1,406,5.22,15.62,0.00
randomArrays,1,192,1.50,0.00,0.00
randomArrays,1,850,26.39,31.25,0.00
randomArrays,1,609,11.86,15.62,0.00
randomArrays,1,18,0.02,0.00,0.00
randomArrays,1,482,7.08,15.62,0.00
randomArrays,1,264,1.76,0.00,0.00
randomArrays,1,319,3.24,0.00,0.00
randomArrays,1,252,1.65,0.00,0.00
randomArrays,1,342,3.20,0.00,0.00
randomArrays,1,252,1.57,0.00,0.00
randomArrays,1,205,1.10,0.00,0.00
randomArrays,1,942,28.13,15.62,0.00
randomArrays,1,744,18.13,15.62,0.00
randomArrays,1,537,9.56,0.00,0.00
randomArrays,1,501,7.75,0.00,0.00
randomArrays,1,853,24.38,31.25,0.00
randomArrays,1,341,3.34,0.00,0.00
randomArrays,1,800,21.40,15.62,0.00
randomArrays,1,857,24.41,31.25,0.00
randomArrays,1,427,5.51,0.00,0.00
randomArrays,1,647,13.41,15.62,0.00
randomArrays,1,76,0.17,0.00,0.00
randomArrays,1,677,15.23,0.00,0.00
randomArrays,1,579,10.86,0.00,0.00
randomArrays,1,731,17.46,15.62,0.00
randomArrays,1,704,16.44,15.62,0.00
randomArrays,1,266,1.85,0.00,0.00
randomArrays,1,961,31.01,31.25,0.00
randomArrays,1,263,1.80,0.00,0.00
randomArrays,1,434,8.36,15.62,0.00
randomArrays,1,484,7.35,0.00,0.00
randomArrays,1,163,0.70,0.00,0.00
randomArrays,1,984,32.21,31.25,0.00
randomArrays,1,211,1.45,0.00,0.00
randomArrays,1,185,1.11,0.00,0.00
randomArrays,1,467,7.52,15.62,0.00
randomArrays,1,214,1.30,0.00,0.00
randomArrays,1,35,0.05,0.00,0.00
randomArrays,1,141,0.55,0.00,0.00
randomArrays,1,559,11.41,0.00,0.00
randomArrays,1,706,18.37,15.62,0.00
randomArrays,1,68,0.15,0.00,0.00
randomArrays,1,12,0.02,0.00,0.00
randomArrays,1,405,6.50,0.00,0.00
randomArrays,1,288,3.19,0.00,0.00
randomArrays,1,955,30.76,31.25,0.00
randomArrays,1,50,0.08,0.00,0.00
randomArrays,1,752,19.06,31.25,0.00
randomArrays,1,695,15.86,15.62,0.00
randomArrays,1,186,0.93,0.00,0.00
randomArrays,1,737,19.30,15.62,0.00
randomArrays,1,948,31.43,31.25,0.00
randomArrays,1,151,0.78,0.00,0.00
randomArrays,1,46,0.07,0.00,0.00
randomArrays,1,968,32.03,31.25,0.00
randomArrays,1,333,3.14,0.00,0.00
randomArrays,1,189,0.91,0.00,0.00
randomArrays,1,190,0.98,0.00,0.00
randomArrays,1,589,11.60,0.00,0.00
randomArrays,1,230,1.35,0.00,0.00
randomArrays,1,535,8.88,0.00,0.00
randomArrays,1,189,0.96,0.00,0.00
randomArrays,1,948,29.89,31.25,0.00
randomArrays,1,834,22.77,15.62,0.00
randomArrays,1,273,1.98,0.00,0.00
randomArrays,1,773,19.51,15.62,0.00
randomArrays,1,342,12.46,15.62,0.00
randomArrays,1,995,32.76,31.25,0.00
randomArrays,1,221,1.26,0.00,0.00
randomArrays,1,519,8.30,0.00,0.00
randomArrays,1,479,7.25,15.62,0.00
randomArrays,1,155,0.65,0.00,0.00
randomArrays,1,756,20.20,15.62,0.00
randomArrays,1,658,13.84,0.00,0.00
randomArrays,1,213,1.75,15.62,0.00
randomArrays,1,467,6.80,0.00,0.00
randomArrays,1,191,4.53,0.00,0.00
randomArrays,1,744,18.92,15.62,0.00
randomArrays,1,122,0.40,0.00,0.00
randomArrays,1,178,0.86,0.00,0.00
randomArrays,1,760,20.38,15.62,0.00
randomArrays,1,524,8.48,0.00,0.00
randomArrays,1,264,1.90,0.00,0.00
randomArrays,1,733,17.58,15.62,0.00
randomArrays,1,759,19.00,15.62,0.00
randomArrays,1,177,0.83,0.00,0.00
randomArrays,1,53,0.09,0.00,0.00
randomArrays,1,429,6.08,0.00,0.00
randomArrays,1,508,9.16,0.00,0.00
randomArrays,1,919,28.66,31.25,0.00
randomArrays,1,412,4.99,0.00,0.00
randomArrays,1,503,7.97,15.62,0.00
randomArrays,1,115,0.35,0.00,0.00
randomArrays,1,851,35.09,31.25,0.00
randomArrays,1,848,23.04,15.62,0.00
randomArrays,1,652,13.93,15.62,4.00
randomArrays,1,693,16.07,15.62,0.00
randomArrays,1,662,14.33,15.62,0.00
randomArrays,1,815,23.69,15.62,0.00
randomArrays,1,679,14.97,15.62,0.00
randomArrays,1,141,0.51,0.00,0.00
randomArrays,1,458,7.55,0.00,0.00
randomArrays,1,378,4.16,0.00,0.00
randomArrays,1,662,14.46,15.62,0.00
randomArrays,1,809,21.34,15.62,0.00
randomArrays,1,960,31.87,31.25,0.00
randomArrays,1,454,6.19,15.62,0.00
randomArrays,1,513,8.68,0.00,0.00
randomArrays,1,965,30.72,15.62,0.00
randomArrays,1,855,24.57,31.25,0.00
randomArrays,1,257,1.64,0.00,0.00
randomArrays,1,932,28.53,31.25,0.00
randomArrays,1,112,0.36,0.00,0.00
randomArrays,1,264,2.42,0.00,0.00
randomArrays,1,404,6.33,0.00,0.00
randomArrays,1,830,23.16,15.62,0.00
randomArrays,1,115,0.41,0.00,0.00
randomArrays,1,906,27.78,15.62,0.00
randomArrays,2,469,7.60,15.62,0.00
randomArrays,2,783,21.18,31.25,0.00
randomArrays,2,464,7.08,0.00,0.00
randomArrays,2,267,1.97,15.62,0.00
randomArrays,2,828,24.06,31.25,0.00
randomArrays,2,607,12.47,0.00,0.00
randomArrays,2,319,2.82,15.62,0.00
randomArrays,2,431,5.44,0.00,0.00
randomArrays,2,941,28.89,31.25,0.00
randomArrays,2,937,28.71,31.25,0.00
randomArrays,2,619,11.94,15.62,0.00
randomArrays,2,370,4.26,15.62,0.00
randomArrays,2,478,6.89,0.00,0.00
randomArrays,2,107,0.29,0.00,0.00
randomArrays,2,910,26.91,31.25,0.00
randomArrays,2,381,4.98,15.62,0.00
randomArrays,2,699,21.90,15.62,0.00
randomArrays,2,452,7.04,0.00,0.00
randomArrays,2,882,26.36,31.25,0.00
randomArrays,2,697,15.98,15.62,0.00
randomArrays,2,39,0.06,0.00,0.00
randomArrays,2,382,5.58,0.00,0.00
randomArrays,2,980,31.35,15.62,0.00
randomArrays,2,202,1.43,0.00,0.00
randomArrays,2,674,14.61,15.62,0.00
randomArrays,2,184,0.90,0.00,0.00
randomArrays,2,853,24.46,15.62,0.00
randomArrays,2,101,0.28,0.00,0.00
randomArrays,2,329,3.23,0.00,0.00
randomArrays,2,837,23.27,15.62,0.00
randomArrays,2,952,30.07,31.25,0.00
randomArrays,2,676,14.88,15.62,0.00
randomArrays,2,248,2.33,0.00,0.00
randomArrays,2,845,23.73,15.62,0.00
randomArrays,2,707,16.71,15.62,0.00
randomArrays,2,458,6.30,15.62,0.00
randomArrays,2,219,1.28,0.00,0.00
randomArrays,2,268,1.89,0.00,0.00
randomArrays,2,201,1.08,0.00,0.00
randomArrays,2,520,9.31,15.62,0.00
randomArrays,2,832,23.11,15.62,0.00
randomArrays,2,800,20.83,31.25,0.00
randomArrays,2,753,18.47,15.62,0.00
randomArrays,2,286,3.10,0.00,0.00
randomArrays,2,841,22.93,15.62,0.00
randomArrays,2,240,1.52,0.00,0.00
randomArrays,2,370,6.17,15.62,0.00
randomArrays,2,287,2.16,0.00,0.00
randomArrays,2,89,0.21,0.00,0.00
randomArrays,2,881,25.83,31.25,0.00
randomArrays,2,187,0.91,0.00,0.00
randomArrays,2,373,4.02,0.00,0.00
randomArrays,2,194,0.95,0.00,0.00
randomArrays,2,382,4.42,0.00,0.00
randomArrays,2,826,27.48,31.25,0.00
randomArrays,2,781,19.67,15.62,0.00
randomArrays,2,814,22.16,15.62,0.00
randomArrays,2,525,8.80,0.00,0.00
randomArrays,2,136,0.80,0.00,0.00
randomArrays,2,454,6.80,0.00,0.00
randomArrays,2,563,10.07,15.62,0.00
randomArrays,2,226,1.64,0.00,0.00
randomArrays,2,345,4.09,0.00,0.00
randomArrays,2,514,14.38,15.62,0.00
randomArrays,2,871,39.44,31.25,0.00
randomArrays,2,939,33.49,31.25,0.00
randomArrays,2,397,5.49,0.00,0.00
randomArrays,2,429,5.44,0.00,0.00
randomArrays,2,421,5.40,0.00,0.00
randomArrays,2,747,18.01,15.62,0.00
randomArrays,2,19,0.04,0.00,0.00
randomArrays,2,74,0.15,0.00,0.00
randomArrays,2,259,1.73,15.62,0.00
randomArrays,2,846,23.20,31.25,0.00
randomArrays,2,789,20.74,15.62,0.00
randomArrays,2,671,14.76,15.62,0.00
randomArrays,2,368,4.89,0.00,0.00
randomArrays,2,448,6.03,15.62,0.00
randomArrays,2,237,1.48,0.00,0.00
randomArrays,2,627,12.36,15.62,0.00
randomArrays,2,584,11.05,0.00,0.00
randomArrays,2,328,3.15,15.62,0.00
randomArrays,2,606,11.77,15.62,0.00
randomArrays,2,563,10.29,15.62,0.00
randomArrays,2,774,19.46,31.25,0.00
randomArrays,2,206,1.07,0.00,0.00
randomArrays,2,907,26.34,31.25,0.00
randomArrays,2,37,0.05,0.00,0.00
randomArrays,2,878,24.69,15.62,0.00
randomArrays,2,284,2.32,0.00,0.00
randomArrays,2,853,23.75,31.25,0.00
randomArrays,2,247,1.55,0.00,0.00
randomArrays,2,241,1.46,0.00,0.00
randomArrays,2,348,3.53,0.00,0.00
randomArrays,2,814,21.70,15.62,0.00
randomArrays,2,245,1.57,0.00,0.00
randomArrays,2,335,3.63,0.00,0.00
randomArrays,2,497,8.12,15.62,0.00
randomArrays,2,280,2.17,0.00,0.00
randomArrays,2,664,14.81,15.62,0.00
randomArrays,2,523,11.09,0.00,0.00
randomArrays,2,841,23.17,31.25,0.00
randomArrays,2,290,2.24,0.00,0.00
randomArrays,2,158,0.64,0.00,0.00
randomArrays,2,783,20.69,15.62,0.00
randomArrays,2,638,13.70,0.00,0.00
randomArrays,2,314,2.66,0.00,0.00
randomArrays,2,484,7.09,0.00,0.00
randomArrays,2,972,31.57,31.25,0.00
randomArrays,2,652,14.19,15.62,0.00
randomArrays,2,543,16.43,15.62,0.00
randomArrays,2,487,11.33,15.62,0.00
randomArrays,2,686,16.34,15.62,0.00
randomArrays,2,183,1.20,0.00,0.00
randomArrays,2,572,10.24,0.00,0.00
randomArrays,2,747,18.18,15.62,0.00
randomArrays,2,780,21.51,31.25,0.00
randomArrays,2,828,23.21,15.62,0.00
randomArrays,2,591,12.94,15.62,0.00
randomArrays,2,415,5.36,0.00,0.00
randomArrays,2,648,13.51,0.00,0.00
randomArrays,2,204,1.10,0.00,0.00
randomArrays,2,510,9.18,0.00,0.00
randomArrays,2,422,5.57,0.00,0.00
randomArrays,2,541,9.65,15.62,0.00
randomArrays,2,875,25.40,15.62,0.00
randomArrays,2,742,18.41,15.62,0.00
randomArrays,2,384,4.82,0.00,0.00
randomArrays,2,266,1.86,0.00,0.00
randomArrays,2,137,0.52,0.00,0.00
randomArrays,2,970,30.51,31.25,0.00
randomArrays,2,685,14.99,15.62,0.00
randomArrays,2,665,14.72,15.62,0.00
randomArrays,2,319,2.79,0.00,0.00
randomArrays,2,808,28.13,31.25,0.00
randomArrays,2,143,0.54,0.00,0.00
randomArrays,2,147,0.57,0.00,0.00
randomArrays,2,929,27.80,31.25,0.00
randomArrays,2,906,27.21,15.62,0.00
randomArrays,2,425,5.42,0.00,0.00
randomArrays,2,736,29.61,31.25,0.00
randomArrays,2,65,0.12,0.00,0.00
randomArrays,2,305,3.30,0.00,0.00
randomArrays,2,194,1.40,0.00,0.00
randomArrays,2,545,9.08,0.00,0.00
randomArrays,2,49,0.08,0.00,0.00
randomArrays,2,731,18.05,15.62,0.00
randomArrays,2,712,16.19,0.00,0.00
randomArrays,2,732,17.91,15.62,0.00
randomArrays,2,57,0.11,0.00,0.00
randomArrays,2,983,32.27,31.25,0.00
randomArrays,2,345,3.43,0.00,0.00
randomArrays,2,152,0.62,0.00,0.00
randomArrays,2,963,31.91,31.25,0.00
randomArrays,2,544,10.31,15.62,0.00
randomArrays,2,870,25.15,15.62,0.00
randomArrays,2,557,10.48,0.00,0.00
randomArrays,2,168,0.76,0.00,0.00
randomArrays,2,373,4.18,0.00,0.00
randomArrays,2,416,5.10,0.00,0.00
randomArrays,2,942,29.33,31.25,0.00
randomArrays,2,966,52.24,46.88,0.00
randomArrays,2,363,3.77,0.00,0.00
randomArrays,2,955,30.38,31.25,0.00
randomArrays,2,626,13.13,15.62,0.00
randomArrays,2,948,31.15,31.25,0.00
randomArrays,2,193,0.95,0.00,0.00
randomArrays,2,361,3.81,15.62,0.00
randomArrays,2,195,0.99,0.00,0.00
randomArrays,2,905,26.70,15.62,0.00
randomArrays,2,105,0.29,0.00,0.00
randomArrays,2,750,18.58,15.62,0.00
randomArrays,2,565,9.78,0.00,0.00
randomArrays,2,538,9.16,0.00,0.00
randomArrays,2,488,7.82,15.62,0.00
randomArrays,2,30,0.04,0.00,0.00
randomArrays,2,554,9.53,0.00,0.00
randomArrays,2,407,5.53,0.00,0.00
randomArrays,2,958,30.73,31.25,0.00
randomArrays,2,137,0.48,0.00,0.00
randomArrays,2,101,0.28,0.00,0.00
randomArrays,2,633,13.11,15.62,0.00
randomArrays,2,44,0.12,0.00,0.00
randomArrays,2,738,22.85,15.62,0.00
randomArrays,2,763,18.63,15.62,0.00
randomArrays,2,319,2.74,0.00,0.00
randomArrays,2,682,14.96,15.62,0.00
randomArrays,2,820,22.38,15.62,0.00
randomArrays,2,896,27.03,31.25,0.00
randomArrays,2,712,16.65,15.62,0.00
randomArrays,2,554,9.59,15.62,0.00
randomArrays,2,940,29.76,31.25,0.00
randomArrays,2,787,21.24,15.62,0.00
randomArrays,2,255,1.63,0.00,0.00
randomArrays,2,135,0.54,0.00,0.00
randomArrays,2,546,11.35,15.62,0.00
randomArrays,2,643,13.11,0.00,0.00
randomArrays,2,197,0.97,0.00,0.00
randomArrays,2,643,13.24,15.62,0.00
randomArrays,2,858,24.50,15.62,0.00
randomArrays,2,134,0.85,0.00,0.00
randomArrays,2,133,1.96,0.00,0.00
randomArrays,2,317,4.56,15.62,0.00
randomArrays,2,312,3.22,0.00,0.00
randomArrays,2,160,0.83,0.00,0.00
randomArrays,2,838,24.39,15.62,0.00
randomArrays,2,316,2.74,0.00,0.00
randomArrays,2,111,0.33,0.00,0.00
randomArrays,2,530,9.31,15.62,0.00
randomArrays,2,827,24.04,15.62,0.00
randomArrays,2,994,32.94,31.25,0.00
randomArrays,2,348,3.43,0.00,0.00
randomArrays,2,652,13.84,15.62,0.00
randomArrays,2,339,3.33,15.62,0.00
randomArrays,2,908,27.44,15.62,0.00
randomArrays,2,655,14.67,15.62,0.00
randomArrays,2,899,26.22,31.25,0.00
randomArrays,2,377,4.08,0.00,0.00
randomArrays,2,793,21.41,15.62,0.00
randomArrays,2,12,0.01,0.00,0.00
randomArrays,2,236,1.42,0.00,0.00
randomArrays,2,851,23.09,31.25,0.00
randomArrays,2,462,6.53,15.62,0.00
randomArrays,2,49,0.09,0.00,0.00
randomArrays,2,649,15.84,15.62,0.00
randomArrays,2,299,2.46,0.00,0.00
randomArrays,2,796,20.77,31.25,0.00
randomArrays,2,227,3.94,15.62,0.00
randomArrays,2,929,29.81,31.25,0.00
randomArrays,2,166,2.77,0.00,0.00
randomArrays,2,277,3.22,0.00,0.00
randomArrays,2,179,1.29,0.00,0.00
randomArrays,2,809,24.58,31.25,0.00
randomArrays,2,232,1.65,0.00,0.00
randomArrays,2,247,1.56,0.00,0.00
randomArrays,2,99,0.27,0.00,0.00
randomArrays,2,649,14.24,0.00,0.00
randomArrays,2,15,0.02,0.00,0.00
randomArrays,2,646,13.55,15.62,0.00
randomArrays,2,463,6.83,0.00,0.00
randomArrays,2,587,11.12,0.00,0.00
randomArrays,2,898,27.33,15.62,0.00
randomArrays,2,643,13.23,15.62,0.00
randomArrays,2,840,22.98,15.62,0.00
randomArrays,2,708,16.72,15.62,0.00
randomArrays,2,214,1.53,0.00,0.00
randomArrays,2,565,9.90,15.62,0.00
randomArrays,2,157,0.66,0.00,0.00
randomArrays,2,265,2.18,0.00,0.00
randomArrays,2,171,0.89,0.00,0.00
randomArrays,2,136,0.56,0.00,0.00
randomArrays,2,290,3.17,15.62,0.00
randomArrays,2,96,0.36,0.00,0.00
randomArrays,2,11,0.03,0.00,0.00
randomArrays,2,311,3.01,0.00,0.00
randomArrays,2,566,10.38,15.62,0.00
randomArrays,2,328,3.06,0.00,0.00
randomArrays,2,358,3.61,0.00,0.00
randomArrays,2,674,15.78,15.62,0.00
randomArrays,2,490,7.35,15.62,0.00
randomArrays,2,36,0.05,0.00,0.00
randomArrays,2,408,4.92,0.00,0.00
randomArrays,2,49,0.07,0.00,0.00
randomArrays,2,581,11.67,0.00,0.00
randomArrays,2,879,24.86,31.25,0.00
randomArrays,2,61,0.12,0.00,0.00
randomArrays,2,656,16.36,15.62,0.00
randomArrays,2,411,5.29,0.00,0.00
randomArrays,2,361,3.92,0.00,0.00
randomArrays,2,994,32.96,31.25,0.00
randomArrays,2,416,5.10,0.00,0.00
randomArrays,2,966,30.85,31.25,0.00
randomArrays,2,92,0.24,0.00,0.00
randomArrays,2,429,6.01,0.00,0.00
randomArrays,2,658,14.49,15.62,0.00
randomArrays,2,877,26.24,15.62,0.00
randomArrays,2,780,20.20,15.62,0.00
randomArrays,2,669,14.69,15.62,0.00
randomArrays,2,394,4.47,15.62,0.00
randomArrays,2,892,26.11,31.25,0.00
randomArrays,2,180,0.83,0.00,0.00
randomArrays,2,829,22.48,15.62,0.00
randomArrays,2,255,1.67,0.00,0.00
randomArrays,2,374,4.38,0.00,0.00
randomArrays,2,37,0.05,0.00,0.00
randomArrays,2,919,53.19,62.50,0.00
randomArrays,2,850,27.12,31.25,0.00
randomArrays,2,930,27.79,15.62,0.00
randomArrays,2,419,6.23,0.00,0.00
randomArrays,2,720,16.70,15.62,0.00
randomArrays,2,378,5.05,0.00,0.00
randomArrays,2,815,22.77,31.25,0.00
randomArrays,2,566,9.95,15.62,0.00
randomArrays,2,623,12.19,15.62,0.00
randomArrays,2,597,12.14,15.62,0.00
randomArrays,2,148,0.61,0.00,0.00
randomArrays,2,580,11.45,0.00,0.00
randomArrays,2,244,1.52,0.00,0.00
randomArrays,2,703,15.91,15.62,0.00
randomArrays,2,743,17.97,15.62,0.00
randomArrays,2,923,27.38,31.25,0.00
randomArrays,2,284,2.12,0.00,0.00
randomArrays,2,35,0.05,0.00,0.00
randomArrays,2,941,29.89,31.25,0.00
randomArrays,2,39,0.05,0.00,0.00
randomArrays,2,276,2.62,0.00,0.00
randomArrays,2,494,7.63,0.00,0.00
randomArrays,2,547,9.76,15.62,0.00
randomArrays,2,837,22.95,15.62,0.00
randomArrays,2,183,0.88,0.00,0.00
randomArrays,2,360,3.72,0.00,0.00
randomArrays,2,627,12.61,15.62,0.00
randomArrays,2,833,25.09,31.25,0.00
randomArrays,2,491,8.00,0.00,0.00
randomArrays,2,623,12.55,15.62,0.00
randomArrays,2,850,23.83,15.62,0.00
randomArrays,2,35,0.04,0.00,0.00
randomArrays,2,584,11.86,0.00,0.00
randomArrays,2,34,0.04,0.00,0.00
randomArrays,2,335,3.63,0.00,0.00
randomArrays,2,145,0.56,0.00,0.00
randomArrays,2,61,0.11,0.00,0.00
randomArrays,2,88,0.22,0.00,0.00
randomArrays,2,442,7.49,0.00,0.00
randomArrays,2,729,17.52,15.62,0.00
randomArrays,2,312,2.67,0.00,0.00
randomArrays,2,620,12.43,15.62,0.00
randomArrays,2,77,0.17,0.00,0.00
randomArrays,2,784,20.46,15.62,0.00
randomArrays,2,720,17.31,15.62,0.00
randomArrays,2,796,21.83,15.62,0.00
randomArrays,2,81,0.18,0.00,0.00
randomArrays,2,900,26.31,31.25,0.00
randomArrays,2,570,10.40,15.62,0.00
randomArrays,2,749,18.27,15.62,0.00
randomArrays,2,723,16.48,15.62,0.00
randomArrays,2,54,0.09,0.00,0.00
randomArrays,2,261,1.76,0.00,0.00
randomArrays,2,831,22.83,31.25,0.00
randomArrays,2,133,0.47,0.00,0.00
randomArrays,2,165,0.73,0.00,0.00
randomArrays,2,441,6.20,15.62,0.00
randomArrays,2,782,21.04,31.25,0.00
randomArrays,2,384,4.28,0.00,0.00
randomArrays,2,283,2.10,0.00,0.00
randomArrays,2,71,0.15,0.00,0.00
randomArrays,2,374,4.31,15.62,0.00
randomArrays,2,204,1.15,0.00,0.00
randomArrays,2,437,5.82,0.00,0.00
randomArrays,2,662,14.32,15.62,0.00
randomArrays,2,821,22.36,31.25,0.00
randomArrays,2,198,1.02,0.00,0.00
randomArrays,2,776,19.00,15.62,0.00
randomArrays,2,124,0.40,0.00,0.00
randomArrays,2,202,2.01,0.00,0.00
randomArrays,2,806,21.03,15.62,0.00
randomArrays,2,448,6.49,15.62,0.00
randomArrays,2,383,4.57,0.00,0.00
randomArrays,2,992,31.98,31.25,0.00
randomArrays,2,714,16.65,15.62,0.00
randomArrays,2,528,9.78,0.00,0.00
randomArrays,2,137,0.52,0.00,0.00
randomArrays,2,122,0.40,0.00,0.00
randomArrays,2,883,26.29,31.25,0.00
randomArrays,2,614,12.22,15.62,0.00
randomArrays,2,841,23.19,15.62,0.00
randomArrays,2,471,6.69,0.00,0.00
randomArrays,2,871,24.81,31.25,0.00
randomArrays,2,938,29.04,31.25,0.00
randomArrays,2,238,1.47,0.00,0.00
randomArrays,2,772,20.38,15.62,0.00
randomArrays,2,334,3.17,0.00,0.00
randomArrays,2,274,1.96,0.00,0.00
randomArrays,2,385,4.40,0.00,0.00
randomArrays,2,455,6.76,15.62,0.00
randomArrays,2,202,1.04,0.00,0.00
randomArrays,2,349,6.04,0.00,0.00
randomArrays,2,170,2.04,0.00,0.00
randomArrays,2,365,4.12,0.00,0.00
randomArrays,2,921,39.28,46.88,0.00
randomArrays,2,368,6.12,0.00,0.00
randomArrays,2,851,34.37,46.88,0.00
randomArrays,2,736,18.09,31.25,0.00
randomArrays,2,64,0.12,0.00,0.00
randomArrays,2,371,4.37,0.00,0.00
randomArrays,2,962,31.37,31.25,0.00
randomArrays,2,758,18.70,15.62,0.00
randomArrays,2,565,10.09,0.00,0.00
randomArrays,2,246,1.60,0.00,0.00
randomArrays,2,390,4.68,15.62,0.00
randomArrays,2,833,23.93,15.62,0.00
randomArrays,2,359,3.71,15.62,0.00
randomArrays,2,647,13.89,15.62,0.00
randomArrays,2,830,23.32,15.62,0.00
randomArrays,2,790,21.16,31.25,0.00
randomArrays,2,789,20.41,15.62,0.00
randomArrays,2,33,0.04,0.00,0.00
randomArrays,2,324,2.99,0.00,0.00
randomArrays,2,460,6.38,15.62,0.00
randomArrays,2,660,13.75,15.62,0.00
randomArrays,2,553,9.42,0.00,0.00
randomArrays,2,181,0.89,0.00,0.00
randomArrays,2,106,0.31,0.00,0.00
randomArrays,2,198,1.00,0.00,0.00
randomArrays,2,795,20.83,15.62,0.00
randomArrays,2,149,0.58,0.00,0.00
randomArrays,2,42,0.05,0.00,0.00
randomArrays,2,538,10.78,0.00,0.00
randomArrays,2,405,5.70,15.62,0.00
randomArrays,2,741,18.16,31.25,0.00
randomArrays,2,88,0.22,0.00,0.00
randomArrays,2,896,26.13,31.25,0.00
randomArrays,2,574,10.87,15.62,0.00
randomArrays,2,34,0.04,0.00,0.00
randomArrays,2,83,0.19,0.00,0.00
randomArrays,2,311,3.03,15.62,0.00
randomArrays,2,168,0.75,0.00,0.00
randomArrays,2,720,17.31,0.00,0.00
randomArrays,2,499,7.95,0.00,0.00
randomArrays,2,280,1.99,0.00,0.00
randomArrays,2,960,30.36,31.25,0.00
randomArrays,2,351,3.48,0.00,0.00
randomArrays,2,840,22.77,15.62,0.00
randomArrays,2,826,22.34,15.62,0.00
randomArrays,2,780,19.66,15.62,0.00
randomArrays,2,592,11.49,15.62,0.00
randomArrays,2,601,11.83,15.62,0.00
randomArrays,2,924,27.93,31.25,0.00
randomArrays,2,630,12.50,15.62,0.00
randomArrays,2,738,17.31,0.00,0.00
randomArrays,2,43,0.06,0.00,0.00
randomArrays,2,546,9.14,15.62,0.00
randomArrays,2,118,0.37,0.00,0.00
randomArrays,2,812,21.03,15.62,0.00
randomArrays,2,636,13.21,0.00,0.00
randomArrays,2,253,1.64,0.00,0.00
randomArrays,2,443,6.10,0.00,0.00
randomArrays,2,292,2.50,15.62,0.00
randomArrays,2,723,17.61,15.62,0.00
randomArrays,2,398,4.59,0.00,0.00
randomArrays,2,368,5.04,0.00,0.00
randomArrays,2,534,8.95,0.00,0.00
randomArrays,2,899,27.18,15.62,0.00
randomArrays,2,137,0.49,0.00,0.00
randomArrays,2,187,0.94,0.00,0.00
randomArrays,2,164,0.78,0.00,0.00
randomArrays,2,735,18.49,0.00,0.00
randomArrays,2,524,10.59,0.00,0.00
randomArrays,2,512,8.30,0.00,0.00
randomArrays,2,15,0.06,0.00,0.00
randomArrays,2,737,17.57,15.62,0.00
randomArrays,2,616,12.50,0.00,0.00
randomArrays,2,349,3.41,0.00,0.00
randomArrays,2,645,13.17,15.62,0.00
randomArrays,2,502,8.76,15.62,0.00
randomArrays,2,932,35.13,31.25,0.00
randomArrays,2,778,19.83,15.62,0.00
randomArrays,2,126,0.47,0.00,0.00
randomArrays,2,836,23.44,15.62,0.00
randomArrays,2,911,27.39,31.25,0.00
randomArrays,2,265,2.16,0.00,0.00
randomArrays,2,694,15.33,15.62,0.00
randomArrays,2,188,0.88,0.00,0.00
randomArrays,2,282,2.39,0.00,0.00
randomArrays,2,347,3.95,0.00,0.00
randomArrays,2,768,19.08,15.62,0.00
randomArrays,2,778,19.79,15.62,0.00
randomArrays,2,549,9.70,0.00,0.00
randomArrays,2,12,0.01,0.00,0.00
randomArrays,2,336,3.60,0.00,0.00
randomArrays,2,949,29.75,31.25,0.00
randomArrays,2,179,0.83,0.00,0.00
randomArrays,2,634,13.03,15.62,0.00
randomArrays,2,38,0.05,0.00,0.00
randomArrays,2,123,0.40,0.00,0.00
randomArrays,2,282,2.17,0.00,0.00
randomArrays,2,452,5.92,15.62,0.00
randomArrays,2,217,1.30,0.00,0.00
randomArrays,2,629,13.68,15.62,0.00
randomArrays,2,275,2.16,0.00,0.00
randomArrays,2,66,0.12,0.00,0.00
randomArrays,2,308,2.64,0.00,0.00
randomArrays,2,809,21.85,31.25,0.00
randomArrays,2,634,13.25,15.62,0.00
randomArrays,2,478,6.87,15.62,0.00
randomArrays,2,336,4.02,0.00,0.00
randomArrays,2,672,14.62,15.62,0.00
randomArrays,2,583,10.70,15.62,0.00
randomArrays,2,413,5.08,0.00,0.00
randomArrays,2,683,15.67,15.62,0.00
randomArrays,2,463,6.42,0.00,0.00
randomArrays,2,267,2.10,15.62,0.00
randomArrays,2,73,0.59,0.00,0.00
randomArrays,2,641,16.08,15.62,0.00
randomArrays,2,827,23.43,15.62,0.00
randomArrays,2,864,24.15,31.25,0.00
randomArrays,2,672,15.11,15.62,0.00
randomArrays,2,948,29.27,31.25,0.00
randomArrays,2,523,8.63,0.00,0.00
randomArrays,2,113,0.35,0.00,0.00
randomArrays,2,855,24.19,31.25,0.00
randomArrays,2,764,19.18,31.25,0.00
randomArrays,2,559,9.72,15.62,0.00
randomArrays,2,256,1.69,0.00,0.00
randomArrays,2,861,24.35,15.62,0.00
randomArrays,2,215,2.28,15.62,0.00
randomArrays,2,610,13.02,15.62,0.00
randomArrays,2,133,0.80,0.00,0.00
randomArrays,2,721,16.83,15.62,0.00
randomArrays,2,826,22.72,31.25,0.00
randomArrays,2,732,17.41,15.62,0.00
randomArrays,2,218,1.31,0.00,0.00
randomArrays,2,897,26.47,31.25,0.00
randomArrays,2,95,0.25,0.00,0.00
randomArrays,2,596,11.39,15.62,0.00
randomArrays,2,333,3.14,0.00,0.00
randomArrays,2,139,0.52,0.00,0.00
randomArrays,2,90,0.39,0.00,0.00
randomArrays,2,724,17.45,15.62,0.00
randomArrays,2,24,0.03,0.00,0.00
randomArrays,2,182,1.84,0.00,0.00
randomArrays,2,440,10.26,0.00,0.00
randomArrays,2,521,11.41,15.62,0.00
randomArrays,2,653,13.66,15.62,0.00
randomArrays,2,422,5.41,15.62,0.00
randomArrays,2,919,27.52,31.25,0.00
randomArrays,2,399,5.44,0.00,0.00
randomArrays,2,148,0.67,0.00,0.00
randomArrays,2,651,13.69,15.62,0.00
randomArrays,2,953,29.81,31.25,0.00
randomArrays,2,205,1.15,0.00,0.00
randomArrays,2,713,17.09,15.62,0.00
randomArrays,2,335,3.68,0.00,0.00
randomArrays,2,800,22.21,15.62,0.00
randomArrays,2,263,2.99,0.00,0.00
randomArrays,2,305,2.53,0.00,0.00
randomArrays,2,772,20.88,15.62,0.00
randomArrays,2,760,18.88,15.62,0.00
randomArrays,2,985,33.05,31.25,0.00
randomArrays,2,468,7.18,0.00,0.00
randomArrays,2,542,8.99,0.00,0.00
randomArrays,2,137,0.48,0.00,0.00
randomArrays,2,877,25.47,31.25,0.00
randomArrays,2,407,5.16,0.00,0.00
randomArrays,2,13,0.04,0.00,0.00
randomArrays,2,857,32.26,31.25,0.00
randomArrays,2,961,30.65,31.25,0.00
randomArrays,2,963,49.34,62.50,0.00
randomArrays,2,792,20.61,31.25,0.00
randomArrays,2,190,0.93,0.00,0.00
randomArrays,2,859,24.36,15.62,0.00
randomArrays,2,989,33.52,31.25,0.00
randomArrays,2,816,22.06,15.62,0.00
randomArrays,2,950,29.55,31.25,0.00
randomArrays,2,241,1.57,0.00,0.00
randomArrays,2,957,30.74,15.62,0.00
randomArrays,2,155,0.60,0.00,0.00
randomArrays,2,625,13.53,15.62,0.00
randomArrays,2,573,11.02,0.00,0.00
randomArrays,2,278,2.07,0.00,0.00
randomArrays,2,67,0.13,0.00,0.00
randomArrays,2,785,19.95,15.62,0.00
randomArrays,2,576,13.08,15.62,0.00
randomArrays,2,949,30.14,31.25,0.00
randomArrays,2,274,1.99,0.00,0.00
randomArrays,2,827,22.73,15.62,0.00
randomArrays,2,246,1.55,0.00,0.00
randomArrays,2,497,8.41,15.62,0.00
randomArrays,2,98,0.28,0.00,0.00
randomArrays,2,87,0.23,0.00,0.00
randomArrays,2,362,4.41,15.62,0.00
randomArrays,2,748,18.34,15.62,0.00
randomArrays,2,553,10.28,15.62,0.00
randomArrays,2,931,28.95,31.25,0.00
randomArrays,2,24,0.06,0.00,0.00
randomArrays,2,836,23.90,15.62,0.00
randomArrays,2,524,8.61,15.62,0.00
randomArrays,2,286,2.24,0.00,0.00
randomArrays,2,379,4.07,15.62,0.00
randomArrays,2,654,13.21,15.62,0.00
randomArrays,2,795,20.97,15.62,0.00
randomArrays,2,335,3.15,0.00,0.00
randomArrays,2,218,1.26,0.00,0.00
randomArrays,2,390,5.33,0.00,0.00
randomArrays,2,80,0.27,0.00,0.00
randomArrays,2,602,12.52,0.00,0.00
randomArrays,2,687,15.50,15.62,0.00
randomArrays,2,573,10.98,15.62,0.00
randomArrays,2,857,25.15,31.25,0.00
randomArrays,2,484,7.06,0.00,0.00
randomArrays,2,633,12.47,15.62,0.00
randomArrays,2,393,5.05,0.00,0.00
randomArrays,2,953,31.07,31.25,0.00
randomArrays,2,718,17.09,15.62,0.00
randomArrays,2,330,3.16,0.00,0.00
randomArrays,2,273,2.40,0.00,0.00
randomArrays,2,323,3.40,0.00,0.00
randomArrays,2,971,30.87,31.25,0.00
randomArrays,2,156,0.62,0.00,0.00
randomArrays,2,971,30.92,31.25,0.00
randomArrays,2,202,1.05,0.00,0.00
randomArrays,2,201,1.62,0.00,0.00
randomArrays,2,230,2.70,0.00,0.00
randomArrays,2,953,30.55,31.25,0.00
randomArrays,2,399,5.33,15.62,0.00
randomArrays,2,354,3.88,0.00,0.00
randomArrays,2,334,3.38,0.00,0.00
randomArrays,2,538,9.46,0.00,0.00
randomArrays,2,238,1.42,0.00,0.00
randomArrays,2,415,6.80,15.62,0.00
randomArrays,2,498,11.50,0.00,0.00
randomArrays,2,193,1.01,0.00,0.00
randomArrays,2,125,0.44,0.00,0.00
randomArrays,2,100,0.28,0.00,0.00
randomArrays,2,742,17.88,15.62,0.00
randomArrays,2,588,11.64,15.62,0.00
randomArrays,2,355,3.87,0.00,0.00
randomArrays,2,923,28.68,31.25,0.00
randomArrays,2,167,0.71,0.00,0.00
randomArrays,2,518,8.65,0.00,0.00
randomArrays,2,649,13.95,0.00,0.00
randomArrays,2,280,5.02,0.00,0.00
randomArrays,2,842,26.18,31.25,0.00
randomArrays,2,586,11.14,15.62,0.00
randomArrays,2,519,8.20,15.62,0.00
randomArrays,2,112,0.35,0.00,0.00
randomArrays,2,320,2.94,0.00,0.00
randomArrays,2,955,30.63,31.25,0.00
randomArrays,2,61,0.16,0.00,0.00
randomArrays,2,709,16.49,15.62,0.00
randomArrays,2,671,15.10,15.62,0.00
randomArrays,2,437,6.21,0.00,0.00
randomArrays,2,917,28.13,31.25,0.00
randomArrays,2,499,8.47,15.62,0.00
randomArrays,2,503,7.77,15.62,0.00
randomArrays,2,676,14.52,15.62,0.00
randomArrays,2,594,11.47,0.00,0.00
randomArrays,2,48,0.13,0.00,0.00
randomArrays,2,590,11.99,0.00,0.00
randomArrays,2,861,24.02,31.25,0.00
randomArrays,2,363,4.32,0.00,0.00
randomArrays,2,969,31.21,31.25,0.00
randomArrays,2,912,27.46,15.62,0.00
randomArrays,2,779,20.89,31.25,0.00
randomArrays,2,301,2.51,0.00,0.00
randomArrays,2,545,9.43,15.62,0.00
randomArrays,2,24,0.03,0.00,0.00
randomArrays,2,953,30.26,31.25,0.00
randomArrays,2,440,5.73,0.00,0.00
randomArrays,2,997,33.84,31.25,0.00
randomArrays,2,661,14.17,15.62,0.00
randomArrays,2,583,10.64,0.00,0.00
randomArrays,2,478,7.57,0.00,0.00
randomArrays,2,220,1.23,0.00,0.00
randomArrays,2,458,6.20,15.62,0.00
randomArrays,2,783,20.47,15.62,0.00
randomArrays,2,554,10.18,15.62,0.00
randomArrays,2,167,0.76,0.00,0.00
randomArrays,2,338,3.27,0.00,0.00
randomArrays,2,321,3.34,15.62,0.00
randomArrays,2,993,32.53,31.25,0.00
randomArrays,2,414,5.12,15.62,0.00
randomArrays,2,630,13.62,15.62,0.00
randomArrays,2,572,10.17,0.00,0.00
randomArrays,2,119,0.40,0.00,0.00
randomArrays,2,852,24.80,31.25,0.00
randomArrays,2,392,5.26,0.00,0.00
randomArrays,2,744,18.55,15.62,0.00
randomArrays,2,767,19.33,15.62,0.00
randomArrays,2,419,5.20,0.00,0.00
randomArrays,2,186,0.92,0.00,0.00
randomArrays,2,498,7.86,15.62,0.00
randomArrays,2,369,3.96,0.00,0.00
randomArrays,2,545,9.41,15.62,0.00
randomArrays,2,585,10.95,15.62,0.00
randomArrays,2,232,1.43,0.00,0.00
randomArrays,2,683,14.88,15.62,0.00
randomArrays,2,373,5.52,0.00,0.00
randomArrays,2,67,0.14,0.00,0.00
randomArrays,2,47,0.08,0.00,0.00
randomArrays,2,353,4.60,0.00,0.00
randomArrays,2,165,0.69,0.00,0.00
randomArrays,2,822,22.15,31.25,0.00
randomArrays,2,207,1.08,0.00,0.00
randomArrays,2,365,3.77,0.00,0.00
randomArrays,2,33,0.04,0.00,0.00
randomArrays,2,324,3.15,0.00,0.00
randomArrays,2,533,11.48,0.00,0.00
randomArrays,2,467,6.62,0.00,0.00
randomArrays,2,653,13.89,0.00,0.00
randomArrays,2,262,2.10,0.00,0.00
randomArrays,2,26,0.03,0.00,0.00
randomArrays,2,705,16.92,15.62,0.00
randomArrays,2,945,29.14,31.25,0.00
randomArrays,2,145,2.01,15.62,0.00
randomArrays,2,987,44.94,46.88,0.00
randomArrays,2,40,0.06,0.00,0.00
randomArrays,2,418,5.53,0.00,0.00
randomArrays,2,20,0.02,0.00,0.00
randomArrays,2,618,13.10,15.62,0.00
randomArrays,2,463,6.58,0.00,0.00
randomArrays,2,310,3.22,15.62,0.00
randomArrays,2,753,18.64,15.62,0.00
randomArrays,2,203,1.04,0.00,0.00
randomArrays,2,756,18.81,15.62,0.00
randomArrays,2,998,33.48,31.25,0.00
randomArrays,2,631,12.52,15.62,0.00
randomArrays,2,788,19.83,15.62,0.00
randomArrays,2,364,4.20,15.62,0.00
randomArrays,2,435,5.84,0.00,0.00
randomArrays,2,379,4.16,15.62,0.00
randomArrays,2,208,1.12,0.00,0.00
randomArrays,2,503,7.68,0.00,0.00
randomArrays,2,97,0.26,0.00,0.00
randomArrays,2,266,1.98,0.00,0.00
randomArrays,2,828,22.44,31.25,0.00
randomArrays,2,319,2.77,0.00,0.00
randomArrays,2,898,27.68,31.25,0.00
randomArrays,2,380,4.24,0.00,0.00
randomArrays,2,450,5.96,15.62,0.00
randomArrays,2,142,0.54,0.00,0.00
randomArrays,2,434,5.52,0.00,0.00
randomArrays,2,96,0.25,0.00,0.00
randomArrays,2,641,13.75,15.62,0.00
randomArrays,2,538,9.36,0.00,0.00
randomArrays,2,502,7.59,0.00,0.00
randomArrays,2,599,11.09,0.00,0.00
randomArrays,2,299,2.78,0.00,0.00
randomArrays,2,620,12.00,15.62,0.00
randomArrays,2,606,11.46,15.62,0.00
randomArrays,2,282,2.13,0.00,0.00
randomArrays,2,205,1.10,0.00,0.00
randomArrays,2,504,8.81,0.00,0.00
randomArrays,2,315,2.99,15.62,0.00
randomArrays,2,739,17.95,15.62,0.00
randomArrays,2,226,5.30,0.00,0.00
randomArrays,2,239,4.23,0.00,0.00
randomArrays,2,656,14.23,0.00,0.00
randomArrays,2,467,6.77,0.00,0.00
randomArrays,2,855,23.75,31.25,0.00
randomArrays,2,12,0.01,0.00,0.00
randomArrays,2,751,18.82,15.62,0.00
randomArrays,2,426,5.89,0.00,0.00
randomArrays,2,735,22.50,15.62,0.00
randomArrays,2,321,8.00,0.00,0.00
randomArrays,2,522,10.44,15.62,0.00
randomArrays,2,888,25.41,15.62,0.00
randomArrays,2,118,0.38,0.00,0.00
randomArrays,2,813,21.94,31.25,0.00
randomArrays,2,547,12.79,15.62,0.00
randomArrays,2,860,23.80,15.62,0.00
randomArrays,2,189,0.95,0.00,0.00
randomArrays,2,668,14.53,15.62,0.00
randomArrays,2,583,10.64,0.00,0.00
randomArrays,2,489,8.15,0.00,0.00
randomArrays,2,414,5.45,15.62,0.00
randomArrays,2,905,26.04,15.62,0.00
randomArrays,2,742,18.10,15.62,0.00
randomArrays,2,358,3.58,0.00,0.00
randomArrays,2,741,17.54,15.62,0.00
randomArrays,2,470,6.62,0.00,0.00
randomArrays,2,111,0.34,0.00,0.00
randomArrays,2,546,11.05,15.62,0.00
randomArrays,2,591,12.32,15.62,0.00
randomArrays,2,884,25.63,15.62,0.00
randomArrays,2,684,14.78,15.62,0.00
randomArrays,2,975,31.26,31.25,0.00
randomArrays,2,739,18.22,15.62,0.00
randomArrays,2,725,17.80,15.62,0.00
randomArrays,2,893,26.88,15.62,0.00
randomArrays,2,16,0.02,0.00,0.00
randomArrays,2,467,6.81,0.00,0.00
randomArrays,2,307,2.52,0.00,0.00
randomArrays,2,235,1.46,0.00,0.00
randomArrays,2,377,4.04,0.00,0.00
randomArrays,2,448,7.00,15.62,0.00
randomArrays,2,999,34.42,31.25,0.00
randomArrays,2,98,0.26,0.00,0.00
randomArrays,2,456,6.57,15.62,0.00
randomArrays,2,118,0.37,0.00,0.00
randomArrays,2,406,4.89,0.00,0.00
randomArrays,2,33,0.04,0.00,0.00
randomArrays,2,517,9.24,15.62,0.00
randomArrays,2,248,1.64,0.00,0.00
randomArrays,2,61,0.12,0.00,0.00
randomArrays,2,547,10.42,15.62,0.00
randomArrays,2,602,11.87,0.00,0.00
randomArrays,2,579,11.98,0.00,0.00
randomArrays,2,972,30.51,15.62,0.00
randomArrays,2,653,14.24,15.62,0.00
randomArrays,2,866,24.24,31.25,0.00
randomArrays,2,417,5.49,0.00,0.00
randomArrays,2,386,4.94,15.62,0.00
randomArrays,2,349,3.67,0.00,0.00
randomArrays,2,598,11.77,15.62,0.00
randomArrays,2,856,24.75,31.25,0.00
randomArrays,2,152,0.63,0.00,0.00
randomArrays,2,436,5.68,0.00,0.00
randomArrays,2,356,3.64,0.00,0.00
randomArrays,2,598,12.20,15.62,0.00
randomArrays,2,578,10.57,15.62,0.00
randomArrays,2,786,21.26,15.62,0.00
randomArrays,2,124,0.68,0.00,0.00
randomArrays,2,439,6.67,0.00,0.00
randomArrays,2,492,7.58,0.00,0.00
randomArrays,2,207,1.13,0.00,0.00
randomArrays,2,100,0.28,0.00,0.00
randomArrays,2,591,12.23,0.00,0.00
randomArrays,2,397,4.79,15.62,0.00
randomArrays,2,295,2.37,0.00,0.00
randomArrays,2,733,17.45,31.25,0.00
randomArrays,2,231,1.35,0.00,0.00
randomArrays,2,565,10.93,15.62,0.00
randomArrays,2,910,27.90,15.62,0.00
randomArrays,2,74,0.16,0.00,0.00
randomArrays,2,647,14.41,15.62,0.00
randomArrays,2,456,7.06,15.62,0.00
randomArrays,2,954,31.33,31.25,0.00
randomArrays,2,495,7.81,0.00,0.00
randomArrays,2,487,7.40,15.62,0.00
randomArrays,2,559,10.37,15.62,0.00
randomArrays,2,512,8.11,0.00,0.00
randomArrays,2,247,1.58,15.62,0.00
randomArrays,2,219,1.31,15.62,0.00
randomArrays,2,839,24.40,31.25,0.00
randomArrays,2,887,33.72,31.25,0.00
randomArrays,2,942,34.93,31.25,0.00
randomArrays,2,920,29.06,31.25,0.00
randomArrays,2,868,24.94,15.62,0.00
randomArrays,2,25,0.03,0.00,0.00
randomArrays,2,174,0.81,0.00,0.00
randomArrays,2,818,23.12,31.25,0.00
randomArrays,2,660,14.41,15.62,0.00
randomArrays,2,592,11.96,15.62,0.00
randomArrays,2,942,32.90,31.25,0.00
randomArrays,2,962,31.53,31.25,0.00
randomArrays,2,254,1.70,0.00,0.00
randomArrays,2,527,8.76,15.62,0.00
randomArrays,2,786,20.73,31.25,0.00
randomArrays,2,179,0.92,0.00,0.00
randomArrays,2,678,14.86,15.62,0.00
randomArrays,2,950,30.58,31.25,0.00
randomArrays,2,538,9.40,15.62,0.00
randomArrays,2,185,0.94,0.00,0.00
randomArrays,2,689,15.60,15.62,0.00
randomArrays,2,161,0.71,0.00,0.00
randomArrays,2,509,8.03,0.00,0.00
randomArrays,2,376,4.06,0.00,0.00
randomArrays,2,766,34.70,31.25,0.00
randomArrays,2,706,16.28,15.62,0.00
randomArrays,2,644,13.85,0.00,0.00
randomArrays,2,758,19.66,15.62,0.00
randomArrays,2,747,18.19,31.25,0.00
randomArrays,2,349,3.41,0.00,0.00
randomArrays,2,574,10.75,15.62,0.00
randomArrays,2,888,26.74,31.25,0.00
randomArrays,2,235,1.43,0.00,0.00
randomArrays,2,653,13.71,15.62,0.00
randomArrays,2,630,12.81,15.62,0.00
randomArrays,2,76,0.17,0.00,0.00
randomArrays,2,436,5.42,0.00,0.00
randomArrays,2,771,19.66,15.62,0.00
randomArrays,2,217,1.22,0.00,0.00
randomArrays,2,419,5.18,15.62,0.00
randomArrays,2,860,24.00,15.62,0.00
randomArrays,2,288,2.27,0.00,0.00
randomArrays,2,280,2.09,0.00,0.00
randomArrays,2,242,1.64,0.00,0.00
randomArrays,2,602,12.94,15.62,0.00
randomArrays,2,44,0.07,0.00,0.00
randomArrays,2,547,11.75,15.62,0.00
randomArrays,2,860,25.39,31.25,0.00
randomArrays,2,737,17.30,31.25,0.00
randomArrays,2,738,17.50,15.62,0.00
randomArrays,2,725,17.45,15.62,0.00
randomArrays,2,684,15.03,15.62,0.00
randomArrays,2,233,1.36,0.00,0.00
randomArrays,2,342,3.57,0.00,0.00
randomArrays,2,855,23.09,31.25,0.00
randomArrays,2,861,24.23,15.62,0.00
randomArrays,2,566,9.96,0.00,0.00
randomArrays,2,406,5.38,0.00,0.00
randomArrays,2,192,4.12,0.00,0.00
randomArrays,2,850,24.28,31.25,0.00
randomArrays,2,609,12.01,15.62,0.00
randomArrays,2,18,0.02,0.00,0.00
randomArrays,2,482,9.74,15.62,0.00
randomArrays,2,264,3.16,0.00,0.00
randomArrays,2,319,3.05,15.62,0.00
randomArrays,2,252,1.86,0.00,0.00
randomArrays,2,342,4.33,0.00,0.00
randomArrays,2,252,2.48,0.00,0.00
randomArrays,2,205,1.81,0.00,0.00
randomArrays,2,942,30.79,31.25,0.00
randomArrays,2,744,17.95,15.62,0.00
randomArrays,2,537,9.65,15.62,0.00
randomArrays,2,501,7.96,15.62,0.00
randomArrays,2,853,24.54,15.62,0.00
randomArrays,2,341,3.34,0.00,0.00
randomArrays,2,800,21.86,31.25,0.00
randomArrays,2,857,24.31,15.62,0.00
randomArrays,2,427,5.51,15.62,0.00
randomArrays,2,647,12.85,15.62,0.00
randomArrays,2,76,0.17,0.00,0.00
randomArrays,2,677,14.54,0.00,0.00
randomArrays,2,579,10.30,15.62,0.00
randomArrays,2,731,17.61,15.62,0.00
randomArrays,2,704,16.67,15.62,0.00
randomArrays,2,266,1.86,0.00,0.00
randomArrays,2,961,29.68,31.25,0.00
randomArrays,2,263,1.84,0.00,0.00
randomArrays,2,434,5.79,0.00,0.00
randomArrays,2,484,8.46,15.62,0.00
randomArrays,2,163,0.79,0.00,0.00
randomArrays,2,984,33.35,31.25,0.00
randomArrays,2,211,1.79,15.62,0.00
randomArrays,2,185,0.87,0.00,0.00
randomArrays,2,467,7.52,0.00,0.00
randomArrays,2,214,1.16,0.00,0.00
randomArrays,2,35,0.05,0.00,0.00
randomArrays,2,141,0.69,0.00,0.00
randomArrays,2,559,13.20,0.00,0.00
randomArrays,2,706,16.14,15.62,0.00
randomArrays,2,68,0.23,0.00,0.00
randomArrays,2,12,0.02,0.00,0.00
randomArrays,2,405,9.42,0.00,0.00
randomArrays,2,288,3.93,15.62,0.00
randomArrays,2,955,31.94,31.25,0.00
randomArrays,2,50,0.13,0.00,0.00
randomArrays,2,752,19.47,15.62,0.00
randomArrays,2,695,15.26,15.62,0.00
randomArrays,2,186,1.19,0.00,0.00
randomArrays,2,737,17.44,15.62,0.00
randomArrays,2,948,29.08,31.25,0.00
randomArrays,2,151,2.12,0.00,0.00
randomArrays,2,46,0.07,0.00,0.00
randomArrays,2,968,31.37,31.25,0.00
randomArrays,2,333,3.16,0.00,0.00
randomArrays,2,189,0.98,0.00,0.00
randomArrays,2,190,1.05,0.00,0.00
randomArrays,2,589,11.08,0.00,0.00
randomArrays,2,230,1.36,0.00,0.00
randomArrays,2,535,9.68,15.62,0.00
randomArrays,2,189,4.57,15.62,0.00
randomArrays,2,948,29.91,31.25,0.00
randomArrays,2,834,22.71,31.25,0.00
randomArrays,2,273,9.48,15.62,0.00
randomArrays,2,773,19.00,15.62,0.00
randomArrays,2,342,3.27,0.00,0.00
randomArrays,2,995,32.41,31.25,0.00
randomArrays,2,221,1.26,0.00,0.00
randomArrays,2,519,9.83,15.62,0.00
randomArrays,2,479,7.01,15.62,0.00
randomArrays,2,155,0.63,0.00,0.00
randomArrays,2,756,18.72,31.25,0.00
randomArrays,2,658,13.79,15.62,0.00
randomArrays,2,213,1.19,0.00,0.00
randomArrays,2,467,7.37,15.62,0.00
randomArrays,2,191,0.95,0.00,0.00
randomArrays,2,744,19.30,31.25,0.00
randomArrays,2,122,0.40,0.00,0.00
randomArrays,2,178,1.40,0.00,0.00
randomArrays,2,760,18.32,15.62,0.00
randomArrays,2,524,9.20,15.62,0.00
randomArrays,2,264,1.86,0.00,0.00
randomArrays,2,733,17.54,15.62,0.00
randomArrays,2,759,19.38,15.62,0.00
randomArrays,2,177,0.83,0.00,0.00
randomArrays,2,53,0.15,0.00,0.00
randomArrays,2,429,7.01,0.00,0.00
randomArrays,2,508,9.67,0.00,0.00
randomArrays,2,919,28.83,31.25,0.00
randomArrays,2,412,5.92,15.62,0.00
randomArrays,2,503,7.73,15.62,0.00
randomArrays,2,115,0.36,0.00,0.00
randomArrays,2,851,24.38,31.25,0.00
randomArrays,2,848,23.46,15.62,0.00
randomArrays,2,652,13.84,15.62,0.00
randomArrays,2,693,15.36,15.62,0.00
randomArrays,2,662,14.41,15.62,0.00
randomArrays,2,815,22.10,15.62,0.00
randomArrays,2,679,14.85,15.62,0.00
randomArrays,2,141,0.51,0.00,0.00
randomArrays,2,458,12.92,15.62,0.00
randomArrays,2,378,4.15,0.00,0.00
randomArrays,2,662,14.65,15.62,0.00
randomArrays,2,809,20.96,15.62,0.00
randomArrays,2,960,30.55,31.25,0.00
randomArrays,2,454,6.33,15.62,0.00
randomArrays,2,513,8.71,15.62,0.00
randomArrays,2,965,31.16,31.25,0.00
randomArrays,2,855,25.61,15.62,0.00
randomArrays,2,257,1.68,0.00,0.00
randomArrays,2,932,31.70,31.25,0.00
randomArrays,2,112,0.36,0.00,0.00
randomArrays,2,264,2.20,0.00,0.00
randomArrays,2,404,5.57,15.62,0.00
randomArrays,2,830,24.65,15.62,0.00
randomArrays,2,115,0.36,0.00,0.00
randomArrays,2,906,27.64,31.25,0.00
randomArrays,3,469,6.52,0.00,0.00
randomArrays,3,783,35.41,15.62,0.00
randomArrays,3,464,7.32,0.00,0.00
randomArrays,3,267,2.34,0.00,0.00
randomArrays,3,828,24.05,31.25,0.00
randomArrays,3,607,12.04,0.00,0.00
randomArrays,3,319,3.75,15.62,0.00
randomArrays,3,431,5.97,0.00,0.00
randomArrays,3,941,29.29,31.25,0.00
randomArrays,3,937,29.55,31.25,0.00
randomArrays,3,619,12.77,0.00,0.00
randomArrays,3,370,3.97,0.00,0.00
randomArrays,3,478,8.03,15.62,0.00
randomArrays,3,107,0.30,0.00,0.00
randomArrays,3,910,30.93,31.25,0.00
randomArrays,3,381,5.19,0.00,0.00
randomArrays,3,699,16.19,15.62,0.00
randomArrays,3,452,7.16,15.62,0.00
randomArrays,3,882,27.80,31.25,0.00
randomArrays,3,697,16.66,15.62,0.00
randomArrays,3,39,0.06,0.00,0.00
randomArrays,3,382,4.85,15.62,0.00
randomArrays,3,980,31.70,31.25,0.00
randomArrays,3,202,2.48,0.00,0.00
randomArrays,3,674,15.00,15.62,0.00
randomArrays,3,184,1.35,0.00,0.00
randomArrays,3,853,24.85,31.25,0.00
randomArrays,3,101,0.27,0.00,0.00
randomArrays,3,329,3.70,0.00,0.00
randomArrays,3,837,24.47,31.25,0.00
randomArrays,3,952,31.19,31.25,0.00
randomArrays,3,676,15.98,15.62,0.00
randomArrays,3,248,1.58,0.00,0.00
randomArrays,3,845,23.61,15.62,0.00
randomArrays,3,707,17.52,15.62,0.00
randomArrays,3,458,6.39,0.00,0.00
randomArrays,3,219,1.28,0.00,0.00
randomArrays,3,268,1.90,0.00,0.00
randomArrays,3,201,1.50,0.00,0.00
randomArrays,3,520,8.86,0.00,0.00
randomArrays,3,832,23.50,31.25,0.00
randomArrays,3,800,23.01,15.62,0.00
randomArrays,3,753,19.41,15.62,0.00
randomArrays,3,286,2.70,0.00,0.00
randomArrays,3,841,24.32,31.25,0.00
randomArrays,3,240,1.43,0.00,0.00
randomArrays,3,370,11.57,0.00,0.00
randomArrays,3,287,3.37,0.00,0.00
randomArrays,3,89,0.21,0.00,0.00
randomArrays,3,881,26.38,15.62,0.00
randomArrays,3,187,0.91,0.00,0.00
randomArrays,3,373,4.07,0.00,0.00
randomArrays,3,194,0.95,0.00,0.00
randomArrays,3,382,4.39,0.00,0.00
randomArrays,3,826,24.53,31.25,0.00
randomArrays,3,781,20.77,31.25,0.00
randomArrays,3,814,22.79,15.62,0.00
randomArrays,3,525,9.53,0.00,0.00
randomArrays,3,136,0.52,0.00,0.00
randomArrays,3,454,7.09,15.62,0.00
randomArrays,3,563,10.67,15.62,0.00
randomArrays,3,226,1.31,0.00,0.00
randomArrays,3,345,3.46,0.00,0.00
randomArrays,3,514,8.96,0.00,0.00
randomArrays,3,871,25.64,31.25,0.00
randomArrays,3,939,44.78,46.88,0.00
randomArrays,3,397,4.71,15.62,0.00
randomArrays,3,429,5.45,0.00,0.00
randomArrays,3,421,5.55,0.00,0.00
randomArrays,3,747,18.95,15.62,0.00
randomArrays,3,19,0.02,0.00,0.00
randomArrays,3,74,0.17,0.00,0.00
randomArrays,3,259,1.76,0.00,0.00
randomArrays,3,846,23.66,15.62,0.00
randomArrays,3,789,21.08,31.25,0.00
randomArrays,3,671,15.22,15.62,0.00
randomArrays,3,368,5.12,15.62,0.00
randomArrays,3,448,5.93,0.00,0.00
randomArrays,3,237,1.48,0.00,0.00
randomArrays,3,627,15.73,15.62,0.00
randomArrays,3,584,10.90,0.00,0.00
randomArrays,3,328,3.03,15.62,0.00
randomArrays,3,606,11.57,15.62,0.00
randomArrays,3,563,10.43,15.62,0.00
randomArrays,3,774,25.27,15.62,0.00
randomArrays,3,206,1.07,0.00,0.00
randomArrays,3,907,27.82,15.62,0.00
randomArrays,3,37,0.05,0.00,0.00
randomArrays,3,878,26.33,31.25,0.00
randomArrays,3,284,2.18,0.00,0.00
randomArrays,3,853,41.78,46.88,0.00
randomArrays,3,247,1.63,0.00,0.00
randomArrays,3,241,1.53,0.00,0.00
randomArrays,3,348,3.94,0.00,0.00
randomArrays,3,814,24.05,31.25,0.00
randomArrays,3,245,1.55,0.00,0.00
randomArrays,3,335,3.14,0.00,0.00
randomArrays,3,497,8.09,0.00,0.00
randomArrays,3,280,2.02,15.62,0.00
randomArrays,3,664,14.62,15.62,0.00
randomArrays,3,523,9.44,15.62,0.00
randomArrays,3,841,23.50,31.25,0.00
randomArrays,3,290,2.28,0.00,0.00
randomArrays,3,158,0.64,0.00,0.00
randomArrays,3,783,21.16,15.62,0.00
randomArrays,3,638,13.71,0.00,0.00
randomArrays,3,314,2.72,0.00,0.00
randomArrays,3,484,7.63,0.00,0.00
randomArrays,3,972,32.78,31.25,0.00
randomArrays,3,652,14.07,15.62,0.00
randomArrays,3,543,9.32,0.00,0.00
randomArrays,3,487,8.07,15.62,0.00
randomArrays,3,686,15.96,15.62,0.00
randomArrays,3,183,0.92,0.00,0.00
randomArrays,3,572,11.50,15.62,0.00
randomArrays,3,747,18.47,15.62,0.00
randomArrays,3,780,37.52,31.25,0.00
randomArrays,3,828,23.24,15.62,0.00
randomArrays,3,591,10.83,0.00,0.00
randomArrays,3,415,5.92,0.00,0.00
randomArrays,3,648,13.63,0.00,0.00
randomArrays,3,204,1.07,0.00,0.00
randomArrays,3,510,8.38,0.00,0.00
randomArrays,3,422,6.52,0.00,0.00
randomArrays,3,541,9.72,15.62,0.00
randomArrays,3,875,26.51,15.62,0.00
randomArrays,3,742,19.11,31.25,0.00
randomArrays,3,384,4.46,0.00,0.00
randomArrays,3,266,1.81,0.00,0.00
randomArrays,3,137,0.51,0.00,0.00
randomArrays,3,970,31.68,31.25,0.00
randomArrays,3,685,15.53,15.62,0.00
randomArrays,3,665,15.17,15.62,0.00
randomArrays,3,319,3.07,0.00,0.00
randomArrays,3,808,21.57,15.62,0.00
randomArrays,3,143,0.54,0.00,0.00
randomArrays,3,147,0.58,0.00,0.00
randomArrays,3,929,29.24,31.25,0.00
randomArrays,3,906,27.71,31.25,0.00
randomArrays,3,425,5.48,15.62,0.00
randomArrays,3,736,17.92,15.62,0.00
randomArrays,3,65,0.27,0.00,0.00
randomArrays,3,305,4.25,0.00,0.00
randomArrays,3,194,1.91,0.00,0.00
randomArrays,3,545,9.15,15.62,0.00
randomArrays,3,49,0.08,0.00,0.00
randomArrays,3,731,18.22,15.62,0.00
randomArrays,3,712,17.05,15.62,0.00
randomArrays,3,732,18.48,15.62,0.00
randomArrays,3,57,0.13,0.00,0.00
randomArrays,3,983,32.80,31.25,0.00
randomArrays,3,345,3.86,0.00,0.00
randomArrays,3,152,0.74,0.00,0.00
randomArrays,3,963,31.40,31.25,0.00
randomArrays,3,544,9.89,0.00,0.00
randomArrays,3,870,25.25,31.25,0.00
randomArrays,3,557,9.87,15.62,0.00
randomArrays,3,168,0.75,0.00,0.00
randomArrays,3,373,4.13,0.00,0.00
randomArrays,3,416,5.72,0.00,0.00
randomArrays,3,942,30.39,31.25,0.00
randomArrays,3,966,31.67,31.25,0.00
randomArrays,3,363,4.51,0.00,0.00
randomArrays,3,955,31.05,31.25,0.00
randomArrays,3,626,33.18,31.25,0.00
randomArrays,3,948,30.64,31.25,0.00
randomArrays,3,193,1.02,0.00,0.00
randomArrays,3,361,4.45,15.62,0.00
randomArrays,3,195,1.31,0.00,0.00
randomArrays,3,905,28.08,15.62,0.00
randomArrays,3,105,0.29,0.00,0.00
randomArrays,3,750,19.47,15.62,0.00
randomArrays,3,565,9.94,15.62,0.00
randomArrays,3,538,10.17,15.62,0.00
randomArrays,3,488,8.12,0.00,0.00
randomArrays,3,30,0.05,0.00,0.00
randomArrays,3,554,10.10,0.00,0.00
randomArrays,3,407,5.97,0.00,0.00
randomArrays,3,958,30.95,31.25,0.00
randomArrays,3,137,0.48,0.00,0.00
randomArrays,3,101,0.28,0.00,0.00
randomArrays,3,633,13.31,15.62,0.00
randomArrays,3,44,0.06,0.00,0.00
randomArrays,3,738,18.76,15.62,0.00
randomArrays,3,763,19.10,15.62,0.00
randomArrays,3,319,2.76,0.00,0.00
randomArrays,3,682,14.89,15.62,0.00
randomArrays,3,820,22.20,15.62,0.00
randomArrays,3,896,27.50,31.25,0.00
randomArrays,3,712,16.58,15.62,0.00
randomArrays,3,554,9.94,15.62,0.00
randomArrays,3,940,30.39,31.25,0.00
randomArrays,3,787,21.14,15.62,0.00
randomArrays,3,255,2.36,0.00,0.00
randomArrays,3,135,0.66,0.00,0.00
randomArrays,3,546,10.96,0.00,0.00
randomArrays,3,643,27.08,31.25,0.00
randomArrays,3,197,0.97,0.00,0.00
randomArrays,3,643,13.62,15.62,0.00
randomArrays,3,858,24.06,31.25,0.00
randomArrays,3,134,0.47,0.00,0.00
randomArrays,3,133,0.47,0.00,0.00
randomArrays,3,317,2.84,0.00,0.00
randomArrays,3,312,2.87,0.00,0.00
randomArrays,3,160,0.74,0.00,0.00
randomArrays,3,838,22.95,31.25,0.00
randomArrays,3,316,2.72,0.00,0.00
randomArrays,3,111,0.33,0.00,0.00
randomArrays,3,530,8.84,15.62,0.00
randomArrays,3,827,23.11,15.62,0.00
randomArrays,3,994,33.91,46.88,0.00
randomArrays,3,348,3.71,0.00,0.00
randomArrays,3,652,14.15,0.00,0.00
randomArrays,3,339,3.27,0.00,0.00
randomArrays,3,908,27.29,31.25,0.00
randomArrays,3,655,14.63,15.62,0.00
randomArrays,3,899,27.95,31.25,0.00
randomArrays,3,377,4.13,0.00,0.00
randomArrays,3,793,20.88,15.62,0.00
randomArrays,3,12,0.01,0.00,0.00
randomArrays,3,236,1.70,0.00,0.00
randomArrays,3,851,23.43,15.62,0.00
randomArrays,3,462,7.62,0.00,0.00
randomArrays,3,49,0.08,0.00,0.00
randomArrays,3,649,18.41,15.62,0.00
randomArrays,3,299,2.48,0.00,0.00
randomArrays,3,796,20.92,15.62,0.00
randomArrays,3,227,1.34,0.00,0.00
randomArrays,3,929,29.17,31.25,0.00
randomArrays,3,166,0.88,0.00,0.00
randomArrays,3,277,2.08,15.62,0.00
randomArrays,3,179,1.06,0.00,0.00
randomArrays,3,809,23.84,15.62,0.00
randomArrays,3,232,1.58,0.00,0.00
randomArrays,3,247,1.65,15.62,0.00
randomArrays,3,99,0.27,0.00,0.00
randomArrays,3,649,14.06,15.62,0.00
randomArrays,3,15,0.02,0.00,0.00
randomArrays,3,646,23.67,31.25,0.00
randomArrays,3,463,6.48,15.62,0.00
randomArrays,3,587,11.27,15.62,0.00
randomArrays,3,898,27.92,31.25,0.00
randomArrays,3,643,13.92,15.62,0.00
randomArrays,3,840,23.48,31.25,0.00
randomArrays,3,708,17.72,15.62,0.00
randomArrays,3,214,1.78,15.62,0.00
randomArrays,3,565,10.24,0.00,0.00
randomArrays,3,157,0.72,0.00,0.00
randomArrays,3,265,2.92,0.00,0.00
randomArrays,3,171,1.18,0.00,0.00
randomArrays,3,136,0.75,0.00,0.00
randomArrays,3,290,3.53,0.00,0.00
randomArrays,3,96,0.40,0.00,0.00
randomArrays,3,11,0.02,0.00,0.00
randomArrays,3,311,4.11,0.00,0.00
randomArrays,3,566,11.86,15.62,0.00
randomArrays,3,328,3.11,0.00,0.00
randomArrays,3,358,3.67,0.00,0.00
randomArrays,3,674,15.65,15.62,0.00
randomArrays,3,490,7.99,15.62,0.00
randomArrays,3,36,0.05,0.00,0.00
randomArrays,3,408,6.45,0.00,0.00
randomArrays,3,49,0.09,0.00,0.00
randomArrays,3,581,13.26,15.62,0.00
randomArrays,3,879,25.18,31.25,0.00
randomArrays,3,61,0.11,0.00,0.00
randomArrays,3,656,14.30,15.62,0.00
randomArrays,3,411,5.62,15.62,0.00
randomArrays,3,361,3.84,0.00,0.00
randomArrays,3,994,33.55,31.25,0.00
randomArrays,3,416,5.16,0.00,0.00
randomArrays,3,966,32.39,31.25,0.00
randomArrays,3,92,0.24,0.00,0.00
randomArrays,3,429,7.16,15.62,0.00
randomArrays,3,658,14.81,15.62,0.00
randomArrays,3,877,26.82,31.25,0.00
randomArrays,3,780,20.60,15.62,0.00
randomArrays,3,669,14.68,15.62,0.00
randomArrays,3,394,4.64,0.00,0.00
randomArrays,3,892,27.23,31.25,0.00
randomArrays,3,180,0.83,0.00,0.00
randomArrays,3,829,23.42,31.25,0.00
randomArrays,3,255,1.67,0.00,0.00
randomArrays,3,374,4.03,0.00,0.00
randomArrays,3,37,0.05,0.00,0.00
randomArrays,3,919,28.35,31.25,0.00
randomArrays,3,850,24.70,15.62,0.00
randomArrays,3,930,29.78,15.62,0.00
randomArrays,3,419,5.38,0.00,0.00
randomArrays,3,720,17.24,15.62,0.00
randomArrays,3,378,4.26,0.00,0.00
randomArrays,3,815,32.85,31.25,0.00
randomArrays,3,566,11.19,0.00,0.00
randomArrays,3,623,12.87,15.62,0.00
randomArrays,3,597,11.84,15.62,0.00
randomArrays,3,148,0.57,0.00,0.00
randomArrays,3,580,10.92,0.00,0.00
randomArrays,3,244,1.79,0.00,0.00
randomArrays,3,703,15.85,15.62,0.00
randomArrays,3,743,19.63,15.62,0.00
randomArrays,3,923,28.65,31.25,0.00
randomArrays,3,284,2.13,0.00,0.00
randomArrays,3,35,0.05,0.00,0.00
randomArrays,3,941,30.92,31.25,0.00
randomArrays,3,39,0.06,0.00,0.00
randomArrays,3,276,2.50,0.00,0.00
randomArrays,3,494,7.60,0.00,0.00
randomArrays,3,547,10.11,0.00,0.00
randomArrays,3,837,30.40,31.25,0.00
randomArrays,3,183,0.87,0.00,0.00
randomArrays,3,360,3.76,15.62,0.00
randomArrays,3,627,12.47,15.62,0.00
randomArrays,3,833,23.71,15.62,0.00
randomArrays,3,491,7.86,0.00,0.00
randomArrays,3,623,12.91,15.62,0.00
randomArrays,3,850,23.78,15.62,0.00
randomArrays,3,35,0.07,0.00,0.00
randomArrays,3,584,11.40,0.00,0.00
randomArrays,3,34,0.04,0.00,0.00
randomArrays,3,335,3.04,0.00,0.00
randomArrays,3,145,0.70,0.00,0.00
randomArrays,3,61,0.11,0.00,0.00
randomArrays,3,88,0.24,0.00,0.00
randomArrays,3,442,7.77,15.62,0.00
randomArrays,3,729,19.55,15.62,0.00
randomArrays,3,312,2.76,0.00,0.00
randomArrays,3,620,12.53,0.00,0.00
randomArrays,3,77,0.17,0.00,0.00
randomArrays,3,784,21.33,31.25,0.00
randomArrays,3,720,17.69,31.25,0.00
randomArrays,3,796,21.05,31.25,0.00
randomArrays,3,81,0.18,0.00,0.00
randomArrays,3,900,27.16,15.62,0.00
randomArrays,3,570,10.43,0.00,0.00
randomArrays,3,749,18.30,15.62,0.00
randomArrays,3,723,17.31,15.62,0.00
randomArrays,3,54,0.09,0.00,0.00
randomArrays,3,261,1.85,0.00,0.00
randomArrays,3,831,23.43,15.62,0.00
randomArrays,3,133,0.47,0.00,0.00
randomArrays,3,165,0.74,0.00,0.00
randomArrays,3,441,6.62,15.62,0.00
randomArrays,3,782,21.38,15.62,0.00
randomArrays,3,384,4.33,15.62,0.00
randomArrays,3,283,2.11,0.00,0.00
randomArrays,3,71,0.15,0.00,0.00
randomArrays,3,374,5.28,0.00,0.00
randomArrays,3,204,1.07,0.00,0.00
randomArrays,3,437,5.97,15.62,0.00
randomArrays,3,662,14.13,15.62,0.00
randomArrays,3,821,23.16,15.62,0.00
randomArrays,3,198,1.02,0.00,0.00
randomArrays,3,776,19.51,31.25,0.00
randomArrays,3,124,0.40,0.00,0.00
randomArrays,3,202,1.12,0.00,0.00
randomArrays,3,806,22.64,31.25,0.00
randomArrays,3,448,6.33,15.62,0.00
randomArrays,3,383,4.41,0.00,0.00
randomArrays,3,992,32.92,31.25,0.00
randomArrays,3,714,16.88,15.62,0.00
randomArrays,3,528,8.61,0.00,0.00
randomArrays,3,137,0.49,0.00,0.00
randomArrays,3,122,0.40,0.00,0.00
randomArrays,3,883,30.12,31.25,0.00
randomArrays,3,614,12.51,0.00,0.00
randomArrays,3,841,24.57,31.25,0.00
randomArrays,3,471,6.83,15.62,0.00
randomArrays,3,871,27.19,15.62,0.00
randomArrays,3,938,30.35,31.25,0.00
randomArrays,3,238,2.14,0.00,0.00
randomArrays,3,772,20.15,31.25,0.00
randomArrays,3,334,3.36,0.00,0.00
randomArrays,3,274,2.02,0.00,0.00
randomArrays,3,385,4.62,0.00,0.00
randomArrays,3,455,6.36,0.00,0.00
randomArrays,3,202,1.06,0.00,0.00
randomArrays,3,349,3.64,0.00,0.00
randomArrays,3,170,0.73,0.00,0.00
randomArrays,3,365,3.82,0.00,0.00
randomArrays,3,921,27.82,31.25,0.00
randomArrays,3,368,4.34,0.00,0.00
randomArrays,3,851,24.80,31.25,0.00
randomArrays,3,736,18.12,15.62,0.00
randomArrays,3,64,0.13,0.00,0.00
randomArrays,3,371,5.12,0.00,0.00
randomArrays,3,962,30.64,31.25,0.00
randomArrays,3,758,21.30,31.25,0.00
randomArrays,3,565,11.06,15.62,0.00
randomArrays,3,246,1.62,0.00,0.00
randomArrays,3,390,4.82,0.00,0.00
randomArrays,3,833,23.89,31.25,0.00
randomArrays,3,359,4.35,0.00,0.00
randomArrays,3,647,13.75,15.62,0.00
randomArrays,3,830,23.67,15.62,0.00
randomArrays,3,790,21.60,15.62,0.00
randomArrays,3,789,27.62,15.62,0.00
randomArrays,3,33,0.04,0.00,0.00
randomArrays,3,324,2.96,0.00,0.00
randomArrays,3,460,6.90,0.00,0.00
randomArrays,3,660,14.06,15.62,0.00
randomArrays,3,553,10.00,15.62,0.00
randomArrays,3,181,1.06,0.00,0.00
randomArrays,3,106,0.33,0.00,0.00
randomArrays,3,198,1.00,0.00,0.00
randomArrays,3,795,21.02,15.62,0.00
randomArrays,3,149,0.59,0.00,0.00
randomArrays,3,42,0.05,0.00,0.00
randomArrays,3,538,9.37,15.62,0.00
randomArrays,3,405,4.99,0.00,0.00
randomArrays,3,741,17.80,15.62,0.00
randomArrays,3,88,0.22,0.00,0.00
randomArrays,3,896,27.23,31.25,0.00
randomArrays,3,574,11.12,15.62,0.00
randomArrays,3,34,0.04,0.00,0.00
randomArrays,3,83,0.21,0.00,0.00
randomArrays,3,311,3.38,0.00,0.00
randomArrays,3,168,0.76,0.00,0.00
randomArrays,3,720,17.54,15.62,0.00
randomArrays,3,499,8.03,15.62,0.00
randomArrays,3,280,2.09,0.00,0.00
randomArrays,3,960,30.57,31.25,0.00
randomArrays,3,351,3.86,15.62,0.00
randomArrays,3,840,25.47,31.25,0.00
randomArrays,3,826,23.93,31.25,0.00
randomArrays,3,780,21.36,31.25,0.00
randomArrays,3,592,11.82,15.62,0.00
randomArrays,3,601,12.00,15.62,0.00
randomArrays,3,924,29.19,31.25,0.00
randomArrays,3,630,12.88,0.00,0.00
randomArrays,3,738,17.70,15.62,0.00
randomArrays,3,43,0.06,0.00,0.00
randomArrays,3,546,12.13,15.62,0.00
randomArrays,3,118,0.41,0.00,0.00
randomArrays,3,812,22.21,15.62,0.00
randomArrays,3,636,13.69,15.62,0.00
randomArrays,3,253,2.10,0.00,0.00
randomArrays,3,443,6.92,0.00,0.00
randomArrays,3,292,8.67,15.62,0.00
randomArrays,3,723,26.61,15.62,0.00
randomArrays,3,398,6.35,0.00,0.00
randomArrays,3,368,5.63,15.62,0.00
randomArrays,3,534,10.47,15.62,0.00
randomArrays,3,899,28.51,31.25,0.00
randomArrays,3,137,0.49,0.00,0.00
randomArrays,3,187,1.65,0.00,0.00
randomArrays,3,164,0.72,0.00,0.00
randomArrays,3,735,18.68,31.25,0.00
randomArrays,3,524,8.96,15.62,0.00
randomArrays,3,512,8.29,0.00,0.00
randomArrays,3,15,0.02,0.00,0.00
randomArrays,3,737,18.78,15.62,0.00
randomArrays,3,616,12.77,15.62,0.00
randomArrays,3,349,3.46,0.00,0.00
randomArrays,3,645,13.64,15.62,0.00
randomArrays,3,502,8.55,15.62,0.00
randomArrays,3,932,28.73,15.62,0.00
randomArrays,3,778,20.68,31.25,0.00
randomArrays,3,126,0.44,0.00,0.00
randomArrays,3,836,24.61,15.62,0.00
randomArrays,3,911,28.10,31.25,0.00
randomArrays,3,265,1.78,0.00,0.00
randomArrays,3,694,16.08,15.62,0.00
randomArrays,3,188,0.88,0.00,0.00
randomArrays,3,282,2.13,0.00,0.00
randomArrays,3,347,3.39,0.00,0.00
randomArrays,3,768,19.46,15.62,0.00
randomArrays,3,778,20.52,31.25,0.00
randomArrays,3,549,9.68,15.62,0.00
randomArrays,3,12,0.01,0.00,0.00
randomArrays,3,336,3.86,0.00,0.00
randomArrays,3,949,30.41,31.25,0.00
randomArrays,3,179,0.83,0.00,0.00
randomArrays,3,634,13.58,0.00,0.00
randomArrays,3,38,0.05,0.00,0.00
randomArrays,3,123,0.47,0.00,0.00
randomArrays,3,282,2.90,0.00,0.00
randomArrays,3,452,7.57,0.00,0.00
randomArrays,3,217,1.21,0.00,0.00
randomArrays,3,629,13.60,15.62,0.00
randomArrays,3,275,2.00,0.00,0.00
randomArrays,3,66,0.13,0.00,0.00
randomArrays,3,308,2.64,0.00,0.00
randomArrays,3,809,24.61,15.62,0.00
randomArrays,3,634,13.07,15.62,0.00
randomArrays,3,478,7.45,15.62,0.00
randomArrays,3,336,3.38,0.00,0.00
randomArrays,3,672,15.16,15.62,0.00
randomArrays,3,583,11.93,15.62,0.00
randomArrays,3,413,5.47,0.00,0.00
randomArrays,3,683,16.28,15.62,0.00
randomArrays,3,463,6.35,15.62,0.00
randomArrays,3,267,1.84,0.00,0.00
randomArrays,3,73,0.25,0.00,0.00
randomArrays,3,641,13.54,15.62,0.00
randomArrays,3,827,22.59,15.62,0.00
randomArrays,3,864,24.60,31.25,0.00
randomArrays,3,672,14.76,15.62,0.00
randomArrays,3,948,30.88,31.25,0.00
randomArrays,3,523,9.21,15.62,0.00
randomArrays,3,113,0.35,0.00,0.00
randomArrays,3,855,26.08,15.62,0.00
randomArrays,3,764,19.00,15.62,0.00
randomArrays,3,559,10.38,15.62,0.00
randomArrays,3,256,1.68,0.00,0.00
randomArrays,3,861,24.94,15.62,0.00
randomArrays,3,215,1.15,0.00,0.00
randomArrays,3,610,12.21,15.62,0.00
randomArrays,3,133,0.48,0.00,0.00
randomArrays,3,721,17.10,15.62,0.00
randomArrays,3,826,22.89,31.25,0.00
randomArrays,3,732,17.51,15.62,0.00
randomArrays,3,218,1.21,0.00,0.00
randomArrays,3,897,26.94,31.25,0.00
randomArrays,3,95,0.25,0.00,0.00
randomArrays,3,596,12.07,15.62,0.00
randomArrays,3,333,3.09,0.00,0.00
randomArrays,3,139,0.51,0.00,0.00
randomArrays,3,90,0.22,0.00,0.00
randomArrays,3,724,18.17,15.62,0.00
randomArrays,3,24,0.03,0.00,0.00
randomArrays,3,182,0.87,0.00,0.00
randomArrays,3,440,6.55,15.62,0.00
randomArrays,3,521,8.82,15.62,0.00
randomArrays,3,653,13.99,15.62,0.00
randomArrays,3,422,5.92,15.62,0.00
randomArrays,3,919,28.77,31.25,0.00
randomArrays,3,399,5.56,0.00,0.00
randomArrays,3,148,0.68,0.00,0.00
randomArrays,3,651,14.00,15.62,0.00
randomArrays,3,953,29.88,31.25,0.00
randomArrays,3,205,1.07,0.00,0.00
randomArrays,3,713,16.98,31.25,0.00
randomArrays,3,335,3.64,0.00,0.00
randomArrays,3,800,21.42,15.62,0.00
randomArrays,3,263,2.80,0.00,0.00
randomArrays,3,305,3.00,15.62,0.00
randomArrays,3,772,27.94,31.25,0.00
randomArrays,3,760,19.46,15.62,0.00
randomArrays,3,985,32.99,31.25,0.00
randomArrays,3,468,7.24,0.00,0.00
randomArrays,3,542,9.91,0.00,0.00
randomArrays,3,137,0.48,0.00,0.00
randomArrays,3,877,26.23,31.25,0.00
randomArrays,3,407,5.05,0.00,0.00
randomArrays,3,13,0.01,0.00,0.00
randomArrays,3,857,24.66,31.25,0.00
randomArrays,3,961,34.51,31.25,0.00
randomArrays,3,963,31.08,31.25,0.00
randomArrays,3,792,20.78,31.25,0.00
randomArrays,3,190,0.93,0.00,0.00
randomArrays,3,859,25.11,15.62,0.00
randomArrays,3,989,33.34,31.25,0.00
randomArrays,3,816,22.52,15.62,0.00
randomArrays,3,950,32.75,31.25,0.00
randomArrays,3,241,2.60,0.00,0.00
randomArrays,3,957,31.31,31.25,0.00
randomArrays,3,155,0.60,0.00,0.00
randomArrays,3,625,14.04,15.62,0.00
randomArrays,3,573,11.35,15.62,0.00
randomArrays,3,278,2.02,0.00,0.00
randomArrays,3,67,0.14,0.00,0.00
randomArrays,3,785,21.91,15.62,0.00
randomArrays,3,576,10.85,15.62,0.00
randomArrays,3,949,29.98,31.25,0.00
randomArrays,3,274,1.95,15.62,0.00
randomArrays,3,827,23.01,31.25,0.00
randomArrays,3,246,1.55,0.00,0.00
randomArrays,3,497,7.85,15.62,0.00
randomArrays,3,98,0.30,0.00,0.00
randomArrays,3,87,0.22,0.00,0.00
randomArrays,3,362,6.53,0.00,0.00
randomArrays,3,748,25.23,31.25,0.00
randomArrays,3,553,9.73,15.62,0.00
randomArrays,3,931,29.70,31.25,0.00
randomArrays,3,24,0.03,0.00,0.00
randomArrays,3,836,23.51,15.62,0.00
randomArrays,3,524,9.43,0.00,0.00
randomArrays,3,286,2.44,0.00,0.00
randomArrays,3,379,4.15,15.62,0.00
randomArrays,3,654,14.07,15.62,0.00
randomArrays,3,795,21.36,15.62,0.00
randomArrays,3,335,3.16,0.00,0.00
randomArrays,3,218,1.22,0.00,0.00
randomArrays,3,390,4.34,0.00,0.00
randomArrays,3,80,0.19,0.00,0.00
randomArrays,3,602,12.19,15.62,0.00
randomArrays,3,687,16.33,15.62,0.00
randomArrays,3,573,11.45,0.00,0.00
randomArrays,3,857,23.89,31.25,0.00
randomArrays,3,484,7.89,15.62,0.00
randomArrays,3,633,13.82,15.62,0.00
randomArrays,3,393,4.47,0.00,0.00
randomArrays,3,953,31.42,31.25,0.00
randomArrays,3,718,17.37,15.62,0.00
randomArrays,3,330,3.52,0.00,0.00
randomArrays,3,273,2.01,0.00,0.00
randomArrays,3,323,2.86,0.00,0.00
randomArrays,3,971,31.06,31.25,0.00
randomArrays,3,156,1.42,0.00,0.00
randomArrays,3,971,31.34,31.25,0.00
randomArrays,3,202,1.04,0.00,0.00
randomArrays,3,201,1.06,0.00,0.00
randomArrays,3,230,1.35,0.00,0.00
randomArrays,3,953,30.54,31.25,0.00
randomArrays,3,399,4.69,15.62,0.00
randomArrays,3,354,3.62,0.00,0.00
randomArrays,3,334,3.16,0.00,0.00
randomArrays,3,538,9.60,0.00,0.00
randomArrays,3,238,1.43,0.00,0.00
randomArrays,3,415,5.22,15.62,0.00
randomArrays,3,498,8.50,15.62,0.00
randomArrays,3,193,1.00,0.00,0.00
randomArrays,3,125,0.95,0.00,0.00
randomArrays,3,100,0.39,0.00,0.00
randomArrays,3,742,18.62,15.62,0.00
randomArrays,3,588,11.32,15.62,0.00
randomArrays,3,355,3.58,0.00,0.00
randomArrays,3,923,28.95,15.62,0.00
randomArrays,3,167,0.70,0.00,0.00
randomArrays,3,518,8.34,0.00,0.00
randomArrays,3,649,32.28,31.25,0.00
randomArrays,3,280,5.07,0.00,0.00
randomArrays,3,842,47.50,46.88,0.00
randomArrays,3,586,11.01,15.62,0.00
randomArrays,3,519,8.97,15.62,0.00
randomArrays,3,112,0.35,0.00,0.00
randomArrays,3,320,2.89,0.00,0.00
randomArrays,3,955,31.53,31.25,0.00
randomArrays,3,61,0.11,0.00,0.00
randomArrays,3,709,21.80,31.25,0.00
randomArrays,3,671,14.94,15.62,0.00
randomArrays,3,437,7.14,0.00,0.00
randomArrays,3,917,37.86,46.88,0.00
randomArrays,3,499,8.33,15.62,0.00
randomArrays,3,503,8.00,0.00,0.00
randomArrays,3,676,14.97,15.62,0.00
randomArrays,3,594,11.31,15.62,0.00
randomArrays,3,48,0.08,0.00,0.00
randomArrays,3,590,11.72,15.62,0.00
randomArrays,3,861,24.55,31.25,0.00
randomArrays,3,363,3.76,0.00,0.00
randomArrays,3,969,31.39,31.25,0.00
randomArrays,3,912,27.80,15.62,0.00
randomArrays,3,779,37.57,31.25,0.00
randomArrays,3,301,3.71,0.00,0.00
randomArrays,3,545,9.39,15.62,0.00
randomArrays,3,24,0.03,0.00,0.00
randomArrays,3,953,31.03,31.25,0.00
randomArrays,3,440,5.84,15.62,0.00
randomArrays,3,997,34.03,31.25,0.00
randomArrays,3,661,14.39,0.00,0.00
randomArrays,3,583,11.56,15.62,0.00
randomArrays,3,478,7.12,0.00,0.00
randomArrays,3,220,1.23,0.00,0.00
randomArrays,3,458,6.28,0.00,0.00
randomArrays,3,783,21.03,15.62,0.00
randomArrays,3,554,10.69,0.00,0.00
randomArrays,3,167,0.74,0.00,0.00
randomArrays,3,338,4.03,0.00,0.00
randomArrays,3,321,3.56,0.00,0.00
randomArrays,3,993,33.49,31.25,0.00
randomArrays,3,414,5.75,0.00,0.00
randomArrays,3,630,13.29,0.00,0.00
randomArrays,3,572,10.46,15.62,0.00
randomArrays,3,119,0.40,0.00,0.00
randomArrays,3,852,24.19,31.25,0.00
randomArrays,3,392,5.44,0.00,0.00
randomArrays,3,744,18.61,15.62,0.00
randomArrays,3,767,19.52,15.62,0.00
randomArrays,3,419,5.26,0.00,0.00
randomArrays,3,186,0.91,0.00,0.00
randomArrays,3,498,8.18,0.00,0.00
randomArrays,3,369,3.90,0.00,0.00
randomArrays,3,545,9.77,0.00,0.00
randomArrays,3,585,11.48,0.00,0.00
randomArrays,3,232,1.86,0.00,0.00
randomArrays,3,683,16.65,15.62,0.00
randomArrays,3,373,4.12,15.62,0.00
randomArrays,3,67,0.13,0.00,0.00
randomArrays,3,47,0.07,0.00,0.00
randomArrays,3,353,4.18,0.00,0.00
randomArrays,3,165,0.69,0.00,0.00
randomArrays,3,822,22.88,15.62,0.00
randomArrays,3,207,3.17,0.00,0.00
randomArrays,3,365,6.80,15.62,0.00
randomArrays,3,33,0.10,0.00,0.00
randomArrays,3,324,4.46,0.00,0.00
randomArrays,3,533,12.88,0.00,0.00
randomArrays,3,467,6.59,0.00,0.00
randomArrays,3,653,14.03,15.62,0.00
randomArrays,3,262,1.75,0.00,0.00
randomArrays,3,26,0.03,0.00,0.00
randomArrays,3,705,17.19,15.62,0.00
randomArrays,3,945,29.99,31.25,0.00
randomArrays,3,145,0.59,0.00,0.00
randomArrays,3,987,34.20,31.25,0.00
randomArrays,3,40,0.06,0.00,0.00
randomArrays,3,418,5.35,0.00,0.00
randomArrays,3,20,0.02,0.00,0.00
randomArrays,3,618,13.41,15.62,0.00
randomArrays,3,463,6.51,0.00,0.00
randomArrays,3,310,2.58,0.00,0.00
randomArrays,3,753,19.59,15.62,0.00
randomArrays,3,203,1.09,0.00,0.00
randomArrays,3,756,19.41,31.25,0.00
randomArrays,3,998,34.37,31.25,0.00
randomArrays,3,631,13.35,15.62,0.00
randomArrays,3,788,21.13,31.25,0.00
randomArrays,3,364,3.88,0.00,0.00
randomArrays,3,435,5.95,15.62,0.00
randomArrays,3,379,5.18,0.00,0.00
randomArrays,3,208,1.27,0.00,0.00
randomArrays,3,503,8.20,15.62,0.00
randomArrays,3,97,0.89,0.00,0.00
randomArrays,3,266,1.97,0.00,0.00
randomArrays,3,828,23.54,15.62,0.00
randomArrays,3,319,2.86,0.00,0.00
randomArrays,3,898,29.70,31.25,0.00
randomArrays,3,380,5.41,0.00,0.00
randomArrays,3,450,6.18,15.62,0.00
randomArrays,3,142,0.57,0.00,0.00
randomArrays,3,434,6.10,0.00,0.00
randomArrays,3,96,0.26,0.00,0.00
randomArrays,3,641,13.49,15.62,0.00
randomArrays,3,538,9.94,0.00,0.00
randomArrays,3,502,7.90,0.00,0.00
randomArrays,3,599,11.87,0.00,0.00
randomArrays,3,299,2.55,0.00,0.00
randomArrays,3,620,13.01,15.62,0.00
randomArrays,3,606,12.15,15.62,0.00
randomArrays,3,282,2.19,0.00,0.00
randomArrays,3,205,1.13,0.00,0.00
randomArrays,3,504,7.97,15.62,0.00
randomArrays,3,315,2.84,0.00,0.00
randomArrays,3,739,18.23,15.62,0.00
randomArrays,3,226,2.04,15.62,0.00
randomArrays,3,239,2.24,0.00,0.00
randomArrays,3,656,19.68,31.25,0.00
randomArrays,3,467,6.86,0.00,0.00
randomArrays,3,855,24.21,31.25,0.00
randomArrays,3,12,0.01,0.00,0.00
randomArrays,3,751,19.33,31.25,0.00
randomArrays,3,426,5.70,0.00,0.00
randomArrays,3,735,18.00,15.62,0.00
randomArrays,3,321,3.13,0.00,0.00
randomArrays,3,522,8.53,15.62,0.00
randomArrays,3,888,26.23,15.62,0.00
randomArrays,3,118,0.38,0.00,0.00
randomArrays,3,813,21.83,31.25,0.00
randomArrays,3,547,10.62,15.62,0.00
randomArrays,3,860,25.80,15.62,0.00
randomArrays,3,189,1.04,0.00,0.00
randomArrays,3,668,14.83,15.62,0.00
randomArrays,3,583,11.10,0.00,0.00
randomArrays,3,489,7.98,15.62,0.00
randomArrays,3,414,5.27,0.00,0.00
randomArrays,3,905,27.33,31.25,0.00
randomArrays,3,742,18.58,15.62,0.00
randomArrays,3,358,5.09,0.00,0.00
randomArrays,3,741,18.02,15.62,0.00
randomArrays,3,470,7.24,0.00,0.00
randomArrays,3,111,0.35,0.00,0.00
randomArrays,3,546,10.29,0.00,0.00
randomArrays,3,591,11.28,0.00,0.00
randomArrays,3,884,27.05,31.25,0.00
randomArrays,3,684,15.30,15.62,0.00
randomArrays,3,975,32.65,31.25,0.00
randomArrays,3,739,18.90,15.62,0.00
randomArrays,3,725,17.38,15.62,0.00
randomArrays,3,893,27.41,15.62,0.00
randomArrays,3,16,0.02,0.00,0.00
randomArrays,3,467,7.01,0.00,0.00
randomArrays,3,307,2.61,0.00,0.00
randomArrays,3,235,1.52,0.00,0.00
randomArrays,3,377,4.26,15.62,0.00
randomArrays,3,448,6.27,0.00,0.00
randomArrays,3,999,33.71,31.25,0.00
randomArrays,3,98,0.28,0.00,0.00
randomArrays,3,456,6.59,0.00,0.00
randomArrays,3,118,0.38,0.00,0.00
randomArrays,3,406,5.02,0.00,0.00
randomArrays,3,33,0.04,0.00,0.00
randomArrays,3,517,9.21,15.62,0.00
randomArrays,3,248,1.94,0.00,0.00
randomArrays,3,61,0.12,0.00,0.00
randomArrays,3,547,10.36,15.62,0.00
randomArrays,3,602,11.95,15.62,0.00
randomArrays,3,579,11.33,15.62,0.00
randomArrays,3,972,32.47,31.25,0.00
randomArrays,3,653,14.98,15.62,0.00
randomArrays,3,866,33.89,31.25,0.00
randomArrays,3,417,5.55,0.00,0.00
randomArrays,3,386,4.69,15.62,0.00
randomArrays,3,349,3.61,0.00,0.00
randomArrays,3,598,11.61,15.62,0.00
randomArrays,3,856,25.94,15.62,0.00
randomArrays,3,152,0.65,0.00,0.00
randomArrays,3,436,5.81,0.00,0.00
randomArrays,3,356,3.78,0.00,0.00
randomArrays,3,598,12.39,15.62,0.00
randomArrays,3,578,11.35,15.62,0.00
randomArrays,3,786,21.15,15.62,0.00
randomArrays,3,124,0.43,0.00,0.00
randomArrays,3,439,5.81,15.62,0.00
randomArrays,3,492,8.00,0.00,0.00
randomArrays,3,207,1.61,0.00,0.00
randomArrays,3,100,0.27,0.00,0.00
randomArrays,3,591,11.38,15.62,0.00
randomArrays,3,397,4.87,0.00,0.00
randomArrays,3,295,2.36,0.00,0.00
randomArrays,3,733,17.95,15.62,0.00
randomArrays,3,231,1.31,0.00,0.00
randomArrays,3,565,10.11,15.62,0.00
randomArrays,3,910,28.71,31.25,0.00
randomArrays,3,74,0.16,0.00,0.00
randomArrays,3,647,14.67,15.62,0.00
randomArrays,3,456,7.08,0.00,0.00
randomArrays,3,954,31.01,31.25,0.00
randomArrays,3,495,8.31,15.62,0.00
randomArrays,3,487,7.53,15.62,0.00
randomArrays,3,559,11.07,15.62,0.00
randomArrays,3,512,8.38,0.00,0.00
randomArrays,3,247,2.36,0.00,0.00
randomArrays,3,219,1.30,0.00,0.00
randomArrays,3,839,25.57,15.62,0.00
randomArrays,3,887,27.47,15.62,0.00
randomArrays,3,942,30.18,15.62,0.00
randomArrays,3,920,28.09,15.62,0.00
randomArrays,3,868,25.20,31.25,0.00
randomArrays,3,25,0.03,0.00,0.00
randomArrays,3,174,0.85,0.00,0.00
randomArrays,3,818,22.66,15.62,0.00
randomArrays,3,660,14.35,15.62,0.00
randomArrays,3,592,16.53,15.62,0.00
randomArrays,3,942,30.10,31.25,0.00
randomArrays,3,962,32.40,31.25,0.00
randomArrays,3,254,1.68,0.00,0.00
randomArrays,3,527,9.19,15.62,0.00
randomArrays,3,786,22.85,31.25,0.00
randomArrays,3,179,0.85,0.00,0.00
randomArrays,3,678,15.25,15.62,0.00
randomArrays,3,950,34.86,46.88,0.00
randomArrays,3,538,9.85,15.62,0.00
randomArrays,3,185,0.89,0.00,0.00
randomArrays,3,689,15.63,15.62,0.00
randomArrays,3,161,2.61,0.00,0.00
randomArrays,3,509,10.00,15.62,0.00
randomArrays,3,376,4.68,0.00,0.00
randomArrays,3,766,20.54,15.62,0.00
randomArrays,3,706,16.53,15.62,0.00
randomArrays,3,644,14.07,15.62,0.00
randomArrays,3,758,22.07,31.25,0.00
randomArrays,3,747,19.14,15.62,0.00
randomArrays,3,349,3.47,0.00,0.00
randomArrays,3,574,11.32,0.00,0.00
randomArrays,3,888,26.43,31.25,0.00
randomArrays,3,235,1.44,0.00,0.00
randomArrays,3,653,13.85,15.62,0.00
randomArrays,3,630,12.69,15.62,0.00
randomArrays,3,76,0.17,0.00,0.00
randomArrays,3,436,5.54,0.00,0.00
randomArrays,3,771,21.06,15.62,0.00
randomArrays,3,217,1.32,0.00,0.00
randomArrays,3,419,5.22,0.00,0.00
randomArrays,3,860,24.81,31.25,0.00
randomArrays,3,288,2.30,0.00,0.00
randomArrays,3,280,2.16,0.00,0.00
randomArrays,3,242,1.57,0.00,0.00
randomArrays,3,602,12.62,15.62,0.00
randomArrays,3,44,0.07,0.00,0.00
randomArrays,3,547,9.92,15.62,0.00
randomArrays,3,860,26.60,15.62,0.00
randomArrays,3,737,18.42,15.62,0.00
randomArrays,3,738,17.93,15.62,0.00
randomArrays,3,725,18.57,15.62,0.00
randomArrays,3,684,16.90,15.62,0.00
randomArrays,3,233,1.39,0.00,0.00
randomArrays,3,342,3.42,0.00,0.00
randomArrays,3,855,24.92,15.62,0.00
randomArrays,3,861,26.39,31.25,0.00
randomArrays,3,566,10.29,0.00,0.00
randomArrays,3,406,5.62,15.62,0.00
randomArrays,3,192,1.11,0.00,0.00
randomArrays,3,850,25.33,15.62,0.00
randomArrays,3,609,12.60,0.00,0.00
randomArrays,3,18,0.02,0.00,0.00
randomArrays,3,482,7.68,0.00,0.00
randomArrays,3,264,1.80,0.00,0.00
randomArrays,3,319,2.90,0.00,0.00
randomArrays,3,252,1.94,0.00,0.00
randomArrays,3,342,3.59,15.62,0.00
randomArrays,3,252,1.99,0.00,0.00
randomArrays,3,205,1.13,0.00,0.00
randomArrays,3,942,32.68,31.25,0.00
randomArrays,3,744,18.64,15.62,0.00
randomArrays,3,537,9.26,15.62,0.00
randomArrays,3,501,8.26,0.00,0.00
randomArrays,3,853,25.75,31.25,0.00
randomArrays,3,341,3.37,0.00,0.00
randomArrays,3,800,21.37,15.62,0.00
randomArrays,3,857,24.43,15.62,0.00
randomArrays,3,427,6.13,15.62,0.00
randomArrays,3,647,14.07,15.62,0.00
randomArrays,3,76,0.17,0.00,0.00
randomArrays,3,677,15.25,15.62,0.00
randomArrays,3,579,10.83,0.00,0.00
randomArrays,3,731,18.97,15.62,0.00
randomArrays,3,704,17.53,15.62,0.00
randomArrays,3,266,2.43,0.00,0.00
randomArrays,3,961,31.39,31.25,0.00
randomArrays,3,263,1.80,15.62,0.00
randomArrays,3,434,6.27,0.00,0.00
randomArrays,3,484,7.46,15.62,0.00
randomArrays,3,163,0.72,0.00,0.00
randomArrays,3,984,33.13,31.25,0.00
randomArrays,3,211,1.15,0.00,0.00
randomArrays,3,185,0.92,0.00,0.00
randomArrays,3,467,7.95,15.62,0.00
randomArrays,3,214,1.19,0.00,0.00
randomArrays,3,35,0.05,0.00,0.00
randomArrays,3,141,0.58,0.00,0.00
randomArrays,3,559,11.31,15.62,0.00
randomArrays,3,706,16.77,15.62,0.00
randomArrays,3,68,0.17,0.00,0.00
randomArrays,3,12,0.01,0.00,0.00
randomArrays,3,405,4.93,0.00,0.00
randomArrays,3,288,2.31,0.00,0.00
randomArrays,3,955,31.11,31.25,0.00
randomArrays,3,50,0.09,0.00,0.00
randomArrays,3,752,18.59,15.62,0.00
randomArrays,3,695,16.40,15.62,0.00
randomArrays,3,186,1.16,0.00,0.00
randomArrays,3,737,18.29,15.62,0.00
randomArrays,3,948,31.07,31.25,0.00
randomArrays,3,151,0.62,0.00,0.00
randomArrays,3,46,0.07,0.00,0.00
randomArrays,3,968,32.93,31.25,0.00
randomArrays,3,333,3.16,0.00,0.00
randomArrays,3,189,0.94,0.00,0.00
randomArrays,3,190,1.02,0.00,0.00
randomArrays,3,589,11.84,0.00,0.00
randomArrays,3,230,1.44,0.00,0.00
randomArrays,3,535,10.13,0.00,0.00
randomArrays,3,189,0.98,0.00,0.00
randomArrays,3,948,30.91,31.25,0.00
randomArrays,3,834,24.77,15.62,0.00
randomArrays,3,273,4.17,0.00,0.00
randomArrays,3,773,21.85,31.25,0.00
randomArrays,3,342,3.96,0.00,0.00
randomArrays,3,995,34.68,31.25,0.00
randomArrays,3,221,1.40,0.00,0.00
randomArrays,3,519,8.63,0.00,0.00
randomArrays,3,479,7.50,0.00,0.00
randomArrays,3,155,0.66,0.00,0.00
randomArrays,3,756,20.22,15.62,0.00
randomArrays,3,658,14.77,15.62,0.00
randomArrays,3,213,1.18,0.00,0.00
randomArrays,3,467,7.21,0.00,0.00
randomArrays,3,191,1.76,15.62,0.00
randomArrays,3,744,18.80,15.62,0.00
randomArrays,3,122,0.41,0.00,0.00
randomArrays,3,178,0.86,0.00,0.00
randomArrays,3,760,19.32,15.62,0.00
randomArrays,3,524,9.27,0.00,0.00
randomArrays,3,264,1.86,0.00,0.00
randomArrays,3,733,22.10,15.62,0.00
randomArrays,3,759,20.90,15.62,0.00
randomArrays,3,177,1.16,0.00,0.00
randomArrays,3,53,0.12,0.00,0.00
randomArrays,3,429,7.92,0.00,0.00
randomArrays,3,508,9.93,0.00,0.00
randomArrays,3,919,32.97,31.25,0.00
randomArrays,3,412,5.52,0.00,0.00
randomArrays,3,503,8.19,15.62,0.00
randomArrays,3,115,0.37,0.00,0.00
randomArrays,3,851,30.25,15.62,0.00
randomArrays,3,848,24.05,31.25,0.00
randomArrays,3,652,14.37,15.62,0.00
randomArrays,3,693,16.51,15.62,0.00
randomArrays,3,662,15.12,15.62,0.00
randomArrays,3,815,22.87,31.25,0.00
randomArrays,3,679,15.12,15.62,0.00
randomArrays,3,141,0.52,0.00,0.00
randomArrays,3,458,7.06,0.00,0.00
randomArrays,3,378,4.31,0.00,0.00
randomArrays,3,662,14.53,15.62,0.00
randomArrays,3,809,22.57,15.62,0.00
randomArrays,3,960,31.13,31.25,0.00
randomArrays,3,454,6.44,15.62,0.00
randomArrays,3,513,8.76,15.62,0.00
randomArrays,3,965,32.12,31.25,0.00
randomArrays,3,855,25.41,15.62,0.00
randomArrays,3,257,2.14,15.62,0.00
randomArrays,3,932,29.80,15.62,0.00
randomArrays,3,112,0.40,0.00,0.00
randomArrays,3,264,1.93,15.62,0.00
randomArrays,3,404,4.98,0.00,0.00
randomArrays,3,830,23.17,15.62,0.00
randomArrays,3,115,0.36,0.00,0.00
randomArrays,3,906,28.19,31.25,0.00
