Dataset,Algorithm,Run,Time(ms),CPU(%),Memory(MB)
randomArrays.txt,InsertionSort,1,20.997700,18.60,0.00
randomArrays.txt,InsertionSort,2,11.766200,33.20,0.00
randomArrays.txt,InsertionSort,3,19.532900,20.00,0.00
randomArrays.txt,InsertionSort,1,40.240900,19.41,0.00
randomArrays.txt,InsertionSort,2,58.531200,26.70,0.00
randomArrays.txt,InsertionSort,3,56.001200,20.93,0.00
randomArrays.txt,InsertionSort,1,19.904400,19.63,0.00
randomArrays.txt,InsertionSort,2,11.953100,32.68,0.00
randomArrays.txt,InsertionSort,3,11.465200,34.07,0.00
randomArrays.txt,InsertionSort,1,6.489300,60.20,0.00
randomArrays.txt,InsertionSort,2,6.463500,0.00,0.00
randomArrays.txt,InsertionSort,3,41.677600,9.37,0.00
randomArrays.txt,InsertionSort,1,88.849100,21.98,0.00
randomArrays.txt,InsertionSort,2,48.224900,24.30,0.00
randomArrays.txt,InsertionSort,3,63.760900,24.51,0.00
randomArrays.txt,InsertionSort,1,27.928500,27.97,0.00
randomArrays.txt,InsertionSort,2,27.166200,14.38,0.00
randomArrays.txt,InsertionSort,3,33.908100,34.56,0.00
randomArrays.txt,InsertionSort,1,7.376600,0.00,0.00
randomArrays.txt,InsertionSort,2,7.474600,52.26,0.00
randomArrays.txt,InsertionSort,3,4.973200,0.00,0.00
randomArrays.txt,InsertionSort,1,15.188400,25.72,0.00
randomArrays.txt,InsertionSort,2,19.876100,19.65,0.00
randomArrays.txt,InsertionSort,3,9.042200,43.20,0.00
randomArrays.txt,InsertionSort,1,58.435200,20.05,0.00
randomArrays.txt,InsertionSort,2,58.526800,26.70,0.00
randomArrays.txt,InsertionSort,3,53.865800,21.76,0.00
randomArrays.txt,InsertionSort,1,53.153100,29.40,0.00
randomArrays.txt,InsertionSort,2,68.723300,22.74,0.00
randomArrays.txt,InsertionSort,3,81.770400,23.89,0.00
randomArrays.txt,InsertionSort,1,17.979700,21.73,0.00
randomArrays.txt,InsertionSort,2,20.645900,18.92,0.00
randomArrays.txt,InsertionSort,3,25.133900,31.08,0.00
randomArrays.txt,InsertionSort,1,8.261200,47.28,0.00
randomArrays.txt,InsertionSort,2,12.122200,32.22,0.00
randomArrays.txt,InsertionSort,3,8.482200,0.00,0.00
randomArrays.txt,InsertionSort,1,8.449000,0.00,0.00
randomArrays.txt,InsertionSort,2,19.621800,39.82,0.00
randomArrays.txt,InsertionSort,3,16.259200,24.02,0.00
randomArrays.txt,InsertionSort,1,0.908500,0.00,0.00
randomArrays.txt,InsertionSort,2,1.165100,0.00,0.00
randomArrays.txt,InsertionSort,3,0.965300,0.00,0.00
randomArrays.txt,InsertionSort,1,61.913100,25.24,0.00
randomArrays.txt,InsertionSort,2,74.404300,26.25,0.00
randomArrays.txt,InsertionSort,3,73.051100,21.39,0.00
randomArrays.txt,InsertionSort,1,5.924900,0.00,0.00
randomArrays.txt,InsertionSort,2,14.432000,27.07,0.00
randomArrays.txt,InsertionSort,3,13.235000,29.51,0.00
randomArrays.txt,InsertionSort,1,23.647700,33.04,0.00
randomArrays.txt,InsertionSort,2,29.191800,13.38,0.00
randomArrays.txt,InsertionSort,3,27.775300,14.06,0.00
randomArrays.txt,InsertionSort,1,13.668800,28.58,0.00
randomArrays.txt,InsertionSort,2,19.146300,20.40,0.00
randomArrays.txt,InsertionSort,3,8.822900,0.00,0.00
randomArrays.txt,InsertionSort,1,37.803100,31.00,0.00
randomArrays.txt,InsertionSort,2,37.465600,20.85,0.00
randomArrays.txt,InsertionSort,3,69.096900,28.27,0.00
randomArrays.txt,InsertionSort,1,29.192300,13.38,0.00
randomArrays.txt,InsertionSort,2,33.225400,23.51,0.00
randomArrays.txt,InsertionSort,3,44.178100,26.53,0.00
randomArrays.txt,InsertionSort,1,0.098800,0.00,0.00
randomArrays.txt,InsertionSort,2,0.236300,0.00,0.00
randomArrays.txt,InsertionSort,3,0.169000,0.00,0.00
randomArrays.txt,InsertionSort,1,11.602300,0.00,0.00
randomArrays.txt,InsertionSort,2,14.001000,27.90,0.00
randomArrays.txt,InsertionSort,3,10.682200,36.57,0.00
randomArrays.txt,InsertionSort,1,58.690300,19.97,0.00
randomArrays.txt,InsertionSort,2,43.263100,27.09,0.00
randomArrays.txt,InsertionSort,3,92.087400,25.45,0.00
randomArrays.txt,InsertionSort,1,3.080200,0.00,0.00
randomArrays.txt,InsertionSort,2,1.978000,0.00,0.00
randomArrays.txt,InsertionSort,3,2.245600,0.00,0.00
randomArrays.txt,InsertionSort,1,40.162600,19.45,0.00
randomArrays.txt,InsertionSort,2,29.599500,26.39,0.00
randomArrays.txt,InsertionSort,3,19.041600,20.51,0.00
randomArrays.txt,InsertionSort,1,1.978500,0.00,0.00
randomArrays.txt,InsertionSort,2,3.332500,0.00,0.00
randomArrays.txt,InsertionSort,3,2.228900,0.00,0.00
randomArrays.txt,InsertionSort,1,47.993000,24.42,0.00
randomArrays.txt,InsertionSort,2,35.439500,22.04,0.00
randomArrays.txt,InsertionSort,3,52.121000,29.98,0.00
randomArrays.txt,InsertionSort,1,0.882200,0.00,0.00
randomArrays.txt,InsertionSort,2,0.921100,0.00,0.00
randomArrays.txt,InsertionSort,3,0.920600,0.00,0.00
randomArrays.txt,InsertionSort,1,12.752700,30.63,0.00
randomArrays.txt,InsertionSort,2,7.164200,0.00,0.00
randomArrays.txt,InsertionSort,3,4.702900,0.00,0.00
randomArrays.txt,InsertionSort,1,41.729100,28.08,0.00
randomArrays.txt,InsertionSort,2,29.815200,26.20,0.00
randomArrays.txt,InsertionSort,3,69.504000,22.48,0.00
randomArrays.txt,InsertionSort,1,79.495700,14.74,0.00
randomArrays.txt,InsertionSort,2,82.772100,28.32,0.00
randomArrays.txt,InsertionSort,3,81.924900,23.84,0.00
randomArrays.txt,InsertionSort,1,25.986300,30.06,0.00
randomArrays.txt,InsertionSort,2,34.976000,22.34,0.00
randomArrays.txt,InsertionSort,3,24.301900,32.15,0.00
randomArrays.txt,InsertionSort,1,5.906600,66.13,0.00
randomArrays.txt,InsertionSort,2,5.446600,0.00,0.00
randomArrays.txt,InsertionSort,3,4.568700,0.00,0.00
randomArrays.txt,InsertionSort,1,47.915700,24.46,0.00
randomArrays.txt,InsertionSort,2,66.409100,23.53,0.00
randomArrays.txt,InsertionSort,3,65.870400,23.72,0.00
randomArrays.txt,InsertionSort,1,50.970800,22.99,0.00
randomArrays.txt,InsertionSort,2,22.983300,17.00,0.00
randomArrays.txt,InsertionSort,3,27.543100,28.36,0.00
randomArrays.txt,InsertionSort,1,28.220900,27.68,0.00
randomArrays.txt,InsertionSort,2,47.355700,24.75,0.00
randomArrays.txt,InsertionSort,3,31.780500,24.58,0.00
randomArrays.txt,InsertionSort,1,4.836600,0.00,0.00
randomArrays.txt,InsertionSort,2,4.959400,0.00,0.00
randomArrays.txt,InsertionSort,3,5.672700,0.00,0.00
randomArrays.txt,InsertionSort,1,5.115500,76.36,0.00
randomArrays.txt,InsertionSort,2,6.983000,0.00,0.00
randomArrays.txt,InsertionSort,3,4.638300,0.00,0.00
randomArrays.txt,InsertionSort,1,3.036000,0.00,0.00
randomArrays.txt,InsertionSort,2,4.184800,0.00,0.00
randomArrays.txt,InsertionSort,3,2.555700,152.84,0.00
randomArrays.txt,InsertionSort,1,17.050000,22.91,0.00
randomArrays.txt,InsertionSort,2,26.368900,14.81,0.00
randomArrays.txt,InsertionSort,3,20.670300,37.80,0.00
randomArrays.txt,InsertionSort,1,51.360000,22.82,0.00
randomArrays.txt,InsertionSort,2,59.246700,26.37,0.00
randomArrays.txt,InsertionSort,3,64.430700,24.25,0.00
randomArrays.txt,InsertionSort,1,60.103500,26.00,0.00
randomArrays.txt,InsertionSort,2,37.165700,31.53,0.00
randomArrays.txt,InsertionSort,3,59.577300,26.23,0.00
randomArrays.txt,InsertionSort,1,27.863800,28.04,0.00
randomArrays.txt,InsertionSort,2,28.716900,27.21,0.00
randomArrays.txt,InsertionSort,3,29.547600,26.44,0.00
randomArrays.txt,InsertionSort,1,10.809200,36.14,0.00
randomArrays.txt,InsertionSort,2,5.113200,0.00,0.00
randomArrays.txt,InsertionSort,3,8.780900,44.49,0.00
randomArrays.txt,InsertionSort,1,46.477700,25.21,0.00
randomArrays.txt,InsertionSort,2,43.433500,26.98,0.00
randomArrays.txt,InsertionSort,3,44.558300,26.30,0.00
randomArrays.txt,InsertionSort,1,4.911200,0.00,0.00
randomArrays.txt,InsertionSort,2,4.824800,80.96,0.00
randomArrays.txt,InsertionSort,3,5.685700,0.00,0.00
randomArrays.txt,InsertionSort,1,8.796500,44.41,0.00
randomArrays.txt,InsertionSort,2,11.746200,0.00,0.00
randomArrays.txt,InsertionSort,3,13.651400,28.61,0.00
randomArrays.txt,InsertionSort,1,5.413900,0.00,0.00
randomArrays.txt,InsertionSort,2,7.488200,0.00,0.00
randomArrays.txt,InsertionSort,3,7.614300,0.00,0.00
randomArrays.txt,InsertionSort,1,0.551600,0.00,0.00
randomArrays.txt,InsertionSort,2,0.497600,0.00,0.00
randomArrays.txt,InsertionSort,3,0.507300,0.00,0.00
randomArrays.txt,InsertionSort,1,41.077900,28.53,0.00
randomArrays.txt,InsertionSort,2,42.141300,18.54,0.00
randomArrays.txt,InsertionSort,3,75.196600,25.97,0.00
randomArrays.txt,InsertionSort,1,3.283100,118.98,0.00
randomArrays.txt,InsertionSort,2,1.889100,0.00,0.00
randomArrays.txt,InsertionSort,3,3.339500,0.00,0.00
randomArrays.txt,InsertionSort,1,19.358900,20.18,0.00
randomArrays.txt,InsertionSort,2,13.751100,28.41,0.00
randomArrays.txt,InsertionSort,3,11.340000,34.45,0.00
randomArrays.txt,InsertionSort,1,2.291200,0.00,0.00
randomArrays.txt,InsertionSort,2,2.379500,164.16,0.00
randomArrays.txt,InsertionSort,3,3.127000,0.00,0.00
randomArrays.txt,InsertionSort,1,13.084900,0.00,0.00
randomArrays.txt,InsertionSort,2,7.467200,52.31,0.00
randomArrays.txt,InsertionSort,3,8.174800,0.00,0.00
randomArrays.txt,InsertionSort,1,34.481800,33.99,0.00
randomArrays.txt,InsertionSort,2,58.987900,19.87,0.00
randomArrays.txt,InsertionSort,3,50.794600,30.76,0.00
randomArrays.txt,InsertionSort,1,52.363400,29.84,0.00
randomArrays.txt,InsertionSort,2,44.868700,26.12,0.00
randomArrays.txt,InsertionSort,3,48.800800,24.01,0.00
randomArrays.txt,InsertionSort,1,50.773100,30.77,0.00
randomArrays.txt,InsertionSort,2,53.128900,22.06,0.00
randomArrays.txt,InsertionSort,3,44.254600,26.48,0.00
randomArrays.txt,InsertionSort,1,24.706200,31.62,0.00
randomArrays.txt,InsertionSort,2,18.234000,21.42,0.00
randomArrays.txt,InsertionSort,3,21.460400,36.40,0.00
randomArrays.txt,InsertionSort,1,1.562700,0.00,0.00
randomArrays.txt,InsertionSort,2,1.562500,0.00,0.00
randomArrays.txt,InsertionSort,3,1.534500,0.00,0.00
randomArrays.txt,InsertionSort,1,14.886600,26.24,0.00
randomArrays.txt,InsertionSort,2,43.892200,8.90,0.00
randomArrays.txt,InsertionSort,3,9.371100,0.00,0.00
randomArrays.txt,InsertionSort,1,19.274700,20.27,0.00
randomArrays.txt,InsertionSort,2,29.510000,26.47,0.00
randomArrays.txt,InsertionSort,3,39.709100,19.67,0.00
randomArrays.txt,InsertionSort,1,2.634600,0.00,0.00
randomArrays.txt,InsertionSort,2,2.437800,0.00,0.00
randomArrays.txt,InsertionSort,3,4.677000,83.52,0.00
randomArrays.txt,InsertionSort,1,5.373400,0.00,0.00
randomArrays.txt,InsertionSort,2,5.483300,0.00,0.00
randomArrays.txt,InsertionSort,3,5.942200,65.74,0.00
randomArrays.txt,InsertionSort,1,11.223700,34.80,0.00
randomArrays.txt,InsertionSort,2,11.200700,34.88,0.00
randomArrays.txt,InsertionSort,3,23.124100,16.89,0.00
randomArrays.txt,InsertionSort,1,53.155100,29.40,0.00
randomArrays.txt,InsertionSort,2,57.746000,20.29,0.00
randomArrays.txt,InsertionSort,3,49.153100,31.79,0.00
randomArrays.txt,InsertionSort,1,67.315600,29.01,0.00
randomArrays.txt,InsertionSort,2,79.949400,24.43,0.00
randomArrays.txt,InsertionSort,3,60.618100,25.78,0.00
randomArrays.txt,InsertionSort,1,14.404700,27.12,0.00
randomArrays.txt,InsertionSort,2,15.743000,24.81,0.00
randomArrays.txt,InsertionSort,3,11.373700,34.34,0.00
randomArrays.txt,InsertionSort,1,15.633600,24.99,0.00
randomArrays.txt,InsertionSort,2,14.269300,27.38,0.00
randomArrays.txt,InsertionSort,3,16.899800,23.11,0.00
randomArrays.txt,InsertionSort,1,16.035900,24.36,0.00
randomArrays.txt,InsertionSort,2,19.048900,41.01,0.00
randomArrays.txt,InsertionSort,3,17.391400,22.46,0.00
randomArrays.txt,InsertionSort,1,53.316900,29.31,0.00
randomArrays.txt,InsertionSort,2,50.085800,23.40,0.00
randomArrays.txt,InsertionSort,3,50.776300,23.08,0.00
randomArrays.txt,InsertionSort,1,0.037300,0.00,0.00
randomArrays.txt,InsertionSort,2,0.076600,0.00,0.00
randomArrays.txt,InsertionSort,3,0.049500,0.00,0.00
randomArrays.txt,InsertionSort,1,0.478000,0.00,0.00
randomArrays.txt,InsertionSort,2,0.542500,0.00,0.00
randomArrays.txt,InsertionSort,3,0.883900,0.00,0.00
randomArrays.txt,InsertionSort,1,3.315800,0.00,0.00
randomArrays.txt,InsertionSort,2,46.881600,8.33,0.00
randomArrays.txt,InsertionSort,3,9.815300,0.00,0.00
randomArrays.txt,InsertionSort,1,71.473600,27.33,0.00
randomArrays.txt,InsertionSort,2,68.642800,22.76,0.00
randomArrays.txt,InsertionSort,3,63.023100,24.79,0.00
randomArrays.txt,InsertionSort,1,69.868800,22.36,0.00
randomArrays.txt,InsertionSort,2,80.119400,24.38,0.00
randomArrays.txt,InsertionSort,3,92.627600,21.09,0.00
randomArrays.txt,InsertionSort,1,37.180600,31.52,0.00
randomArrays.txt,InsertionSort,2,31.868000,24.52,0.00
randomArrays.txt,InsertionSort,3,28.378400,27.53,0.00
randomArrays.txt,InsertionSort,1,12.281700,31.81,0.00
randomArrays.txt,InsertionSort,2,7.033400,55.54,0.00
randomArrays.txt,InsertionSort,3,9.934300,0.00,0.00
randomArrays.txt,InsertionSort,1,18.384400,21.25,0.00
randomArrays.txt,InsertionSort,2,7.794800,50.11,0.00
randomArrays.txt,InsertionSort,3,11.107400,35.17,0.00
randomArrays.txt,InsertionSort,1,5.265700,0.00,0.00
randomArrays.txt,InsertionSort,2,5.263400,74.22,0.00
randomArrays.txt,InsertionSort,3,5.169200,0.00,0.00
randomArrays.txt,InsertionSort,1,20.404200,38.29,0.00
randomArrays.txt,InsertionSort,2,30.228900,25.84,0.00
randomArrays.txt,InsertionSort,3,32.559400,23.99,0.00
randomArrays.txt,InsertionSort,1,21.693500,18.01,0.00
randomArrays.txt,InsertionSort,2,29.691700,26.31,0.00
randomArrays.txt,InsertionSort,3,14.922700,26.18,0.00
randomArrays.txt,InsertionSort,1,7.317600,53.38,0.00
randomArrays.txt,InsertionSort,2,10.501700,37.20,0.00
randomArrays.txt,InsertionSort,3,7.916200,0.00,0.00
randomArrays.txt,InsertionSort,1,35.391300,22.07,0.00
randomArrays.txt,InsertionSort,2,30.189900,25.88,0.00
randomArrays.txt,InsertionSort,3,33.796700,23.12,0.00
randomArrays.txt,InsertionSort,1,22.731400,17.18,0.00
randomArrays.txt,InsertionSort,2,15.688000,24.90,0.00
randomArrays.txt,InsertionSort,3,15.631200,24.99,0.00
randomArrays.txt,InsertionSort,1,45.231100,25.91,0.00
randomArrays.txt,InsertionSort,2,39.765600,29.47,0.00
randomArrays.txt,InsertionSort,3,85.630200,22.81,0.00
randomArrays.txt,InsertionSort,1,1.765900,0.00,0.00
randomArrays.txt,InsertionSort,2,3.440600,0.00,0.00
randomArrays.txt,InsertionSort,3,2.029500,0.00,0.00
randomArrays.txt,InsertionSort,1,96.828000,24.21,0.00
randomArrays.txt,InsertionSort,2,59.728700,19.62,0.00
randomArrays.txt,InsertionSort,3,49.374300,31.65,0.00
randomArrays.txt,InsertionSort,1,0.073500,0.00,0.00
randomArrays.txt,InsertionSort,2,0.118100,0.00,0.00
randomArrays.txt,InsertionSort,3,0.116300,0.00,0.00
randomArrays.txt,InsertionSort,1,68.745700,22.73,0.00
randomArrays.txt,InsertionSort,2,50.284000,23.31,0.00
randomArrays.txt,InsertionSort,3,47.303700,24.77,0.00
randomArrays.txt,InsertionSort,1,7.466800,52.31,0.00
randomArrays.txt,InsertionSort,2,3.619300,0.00,0.00
randomArrays.txt,InsertionSort,3,7.417000,52.67,0.00
randomArrays.txt,InsertionSort,1,42.252000,27.74,0.00
randomArrays.txt,InsertionSort,2,67.143500,23.27,0.00
randomArrays.txt,InsertionSort,3,69.156500,28.24,0.00
randomArrays.txt,InsertionSort,1,4.043300,0.00,0.00
randomArrays.txt,InsertionSort,2,4.050300,0.00,0.00
randomArrays.txt,InsertionSort,3,6.865700,0.00,0.00
randomArrays.txt,InsertionSort,1,5.160000,0.00,0.00
randomArrays.txt,InsertionSort,2,2.470600,0.00,0.00
randomArrays.txt,InsertionSort,3,4.476900,87.25,0.00
randomArrays.txt,InsertionSort,1,10.643300,0.00,0.00
randomArrays.txt,InsertionSort,2,10.655000,36.66,0.00
randomArrays.txt,InsertionSort,3,9.379000,41.65,0.00
randomArrays.txt,InsertionSort,1,40.080500,29.24,0.00
randomArrays.txt,InsertionSort,2,61.552600,25.38,0.00
randomArrays.txt,InsertionSort,3,61.683400,25.33,0.00
randomArrays.txt,InsertionSort,1,5.511200,0.00,0.00
randomArrays.txt,InsertionSort,2,5.412800,0.00,0.00
randomArrays.txt,InsertionSort,3,5.419800,0.00,0.00
randomArrays.txt,InsertionSort,1,7.777400,50.23,0.00
randomArrays.txt,InsertionSort,2,8.699800,0.00,0.00
randomArrays.txt,InsertionSort,3,10.645000,36.70,0.00
randomArrays.txt,InsertionSort,1,23.352600,33.45,0.00
randomArrays.txt,InsertionSort,2,15.172300,25.75,0.00
randomArrays.txt,InsertionSort,3,18.972100,20.59,0.00
randomArrays.txt,InsertionSort,1,6.929500,0.00,0.00
randomArrays.txt,InsertionSort,2,6.538300,0.00,0.00
randomArrays.txt,InsertionSort,3,6.701200,0.00,0.00
randomArrays.txt,InsertionSort,1,34.338300,34.13,0.00
randomArrays.txt,InsertionSort,2,28.717000,27.21,0.00
randomArrays.txt,InsertionSort,3,54.613700,21.46,0.00
randomArrays.txt,InsertionSort,1,20.717300,37.71,0.00
randomArrays.txt,InsertionSort,2,18.153900,21.52,0.00
randomArrays.txt,InsertionSort,3,15.916500,24.54,0.00
randomArrays.txt,InsertionSort,1,45.544900,17.15,0.00
randomArrays.txt,InsertionSort,2,61.513800,19.05,0.00
randomArrays.txt,InsertionSort,3,64.357200,24.28,0.00
randomArrays.txt,InsertionSort,1,7.546400,51.76,0.00
randomArrays.txt,InsertionSort,2,3.998200,0.00,0.00
randomArrays.txt,InsertionSort,3,6.796800,0.00,0.00
randomArrays.txt,InsertionSort,1,2.449300,0.00,0.00
randomArrays.txt,InsertionSort,2,1.443100,0.00,0.00
randomArrays.txt,InsertionSort,3,2.328900,167.73,0.00
randomArrays.txt,InsertionSort,1,49.015400,7.97,0.00
randomArrays.txt,InsertionSort,2,46.700400,25.09,0.00
randomArrays.txt,InsertionSort,3,60.298900,25.91,0.00
randomArrays.txt,InsertionSort,1,23.063300,33.87,0.00
randomArrays.txt,InsertionSort,2,26.875400,29.07,0.00
randomArrays.txt,InsertionSort,3,24.824600,15.74,0.00
randomArrays.txt,InsertionSort,1,7.558700,0.00,0.00
randomArrays.txt,InsertionSort,2,13.585400,0.00,0.00
randomArrays.txt,InsertionSort,3,10.450400,37.38,0.00
randomArrays.txt,InsertionSort,1,21.088300,18.52,0.00
randomArrays.txt,InsertionSort,2,23.060400,33.88,0.00
randomArrays.txt,InsertionSort,3,22.194700,17.60,0.00
randomArrays.txt,InsertionSort,1,95.813200,24.46,0.00
randomArrays.txt,InsertionSort,2,73.599400,26.54,0.00
randomArrays.txt,InsertionSort,3,59.618500,19.66,0.00
randomArrays.txt,InsertionSort,1,27.534000,28.37,0.00
randomArrays.txt,InsertionSort,2,28.216600,13.84,0.00
randomArrays.txt,InsertionSort,3,20.872400,18.71,0.00
randomArrays.txt,InsertionSort,1,16.778900,23.28,0.00
randomArrays.txt,InsertionSort,2,19.823500,19.71,0.00
randomArrays.txt,InsertionSort,3,19.257700,20.28,0.00
randomArrays.txt,InsertionSort,1,24.290300,16.08,0.00
randomArrays.txt,InsertionSort,2,13.853300,28.20,0.00
randomArrays.txt,InsertionSort,3,12.812300,30.49,0.00
randomArrays.txt,InsertionSort,1,48.440400,24.19,0.00
randomArrays.txt,InsertionSort,2,26.793700,29.16,0.00
randomArrays.txt,InsertionSort,3,48.299100,24.26,0.00
randomArrays.txt,InsertionSort,1,2.962900,0.00,0.00
randomArrays.txt,InsertionSort,2,3.015200,129.55,0.00
randomArrays.txt,InsertionSort,3,2.890200,0.00,0.00
randomArrays.txt,InsertionSort,1,17.961400,21.75,0.00
randomArrays.txt,InsertionSort,2,32.159300,24.29,0.00
randomArrays.txt,InsertionSort,3,17.330000,22.54,0.00
randomArrays.txt,InsertionSort,1,35.977800,21.71,0.00
randomArrays.txt,InsertionSort,2,41.636600,28.15,0.00
randomArrays.txt,InsertionSort,3,39.703200,19.68,0.00
randomArrays.txt,InsertionSort,1,51.586500,30.29,0.00
randomArrays.txt,InsertionSort,2,51.784800,22.63,0.00
randomArrays.txt,InsertionSort,3,54.832700,21.37,0.00
randomArrays.txt,InsertionSort,1,50.206500,23.34,0.00
randomArrays.txt,InsertionSort,2,28.214100,13.85,0.00
randomArrays.txt,InsertionSort,3,60.480600,25.83,0.00
randomArrays.txt,InsertionSort,1,31.091200,25.13,0.00
randomArrays.txt,InsertionSort,2,19.080000,40.95,0.00
randomArrays.txt,InsertionSort,3,24.911100,15.68,0.00
randomArrays.txt,InsertionSort,1,6.641400,0.00,0.00
randomArrays.txt,InsertionSort,2,17.513600,22.30,0.00
randomArrays.txt,InsertionSort,3,9.445200,41.36,0.00
randomArrays.txt,InsertionSort,1,42.447100,27.61,0.00
randomArrays.txt,InsertionSort,2,38.670800,20.20,0.00
randomArrays.txt,InsertionSort,3,27.161800,28.76,0.00
randomArrays.txt,InsertionSort,1,3.408700,0.00,0.00
randomArrays.txt,InsertionSort,2,5.791100,0.00,0.00
randomArrays.txt,InsertionSort,3,2.185000,0.00,0.00
randomArrays.txt,InsertionSort,1,20.913400,37.36,0.00
randomArrays.txt,InsertionSort,2,14.792100,26.41,0.00
randomArrays.txt,InsertionSort,3,14.780600,26.43,0.00
randomArrays.txt,InsertionSort,1,19.210800,20.33,0.00
randomArrays.txt,InsertionSort,2,11.853900,32.95,0.00
randomArrays.txt,InsertionSort,3,13.911500,28.08,0.00
randomArrays.txt,InsertionSort,1,16.677800,23.42,0.00
randomArrays.txt,InsertionSort,2,15.594000,25.05,0.00
randomArrays.txt,InsertionSort,3,15.063600,25.93,0.00
randomArrays.txt,InsertionSort,1,73.500500,26.57,0.00
randomArrays.txt,InsertionSort,2,69.584900,22.45,0.00
randomArrays.txt,InsertionSort,3,52.245400,22.43,0.00
randomArrays.txt,InsertionSort,1,40.526300,19.28,0.00
randomArrays.txt,InsertionSort,2,41.386500,18.88,0.00
randomArrays.txt,InsertionSort,3,49.072300,31.84,0.00
randomArrays.txt,InsertionSort,1,13.644900,28.63,0.00
randomArrays.txt,InsertionSort,2,13.372000,29.21,0.00
randomArrays.txt,InsertionSort,3,8.445900,46.25,0.00
randomArrays.txt,InsertionSort,1,3.058500,127.72,0.00
randomArrays.txt,InsertionSort,2,6.370100,0.00,0.00
randomArrays.txt,InsertionSort,3,6.509700,60.01,0.00
randomArrays.txt,InsertionSort,1,2.023700,0.00,0.00
randomArrays.txt,InsertionSort,2,1.850700,211.07,0.00
randomArrays.txt,InsertionSort,3,1.685700,0.00,0.00
randomArrays.txt,InsertionSort,1,76.637900,25.49,0.00
randomArrays.txt,InsertionSort,2,62.742100,24.90,0.00
randomArrays.txt,InsertionSort,3,82.127800,23.78,0.00
randomArrays.txt,InsertionSort,1,35.065100,22.28,0.00
randomArrays.txt,InsertionSort,2,34.040300,22.95,0.00
randomArrays.txt,InsertionSort,3,45.897400,25.53,0.00
randomArrays.txt,InsertionSort,1,31.254200,25.00,0.00
randomArrays.txt,InsertionSort,2,57.408800,27.22,0.00
randomArrays.txt,InsertionSort,3,46.831500,25.02,0.00
randomArrays.txt,InsertionSort,1,8.459400,46.18,0.00
randomArrays.txt,InsertionSort,2,8.325000,46.92,0.00
randomArrays.txt,InsertionSort,3,10.461200,0.00,0.00
randomArrays.txt,InsertionSort,1,60.774700,19.28,0.00
randomArrays.txt,InsertionSort,2,44.840300,26.13,0.00
randomArrays.txt,InsertionSort,3,40.405400,19.34,0.00
randomArrays.txt,InsertionSort,1,1.970900,0.00,0.00
randomArrays.txt,InsertionSort,2,1.918200,0.00,0.00
randomArrays.txt,InsertionSort,3,1.911000,0.00,0.00
randomArrays.txt,InsertionSort,1,2.003000,0.00,0.00
randomArrays.txt,InsertionSort,2,2.599200,0.00,0.00
randomArrays.txt,InsertionSort,3,1.507200,0.00,0.00
randomArrays.txt,InsertionSort,1,60.435100,25.85,0.00
randomArrays.txt,InsertionSort,2,101.841900,26.85,0.00
randomArrays.txt,InsertionSort,3,85.535600,22.83,0.00
randomArrays.txt,InsertionSort,1,57.279100,20.46,0.00
randomArrays.txt,InsertionSort,2,63.768700,30.63,0.00
randomArrays.txt,InsertionSort,3,74.424700,20.99,0.00
randomArrays.txt,InsertionSort,1,13.592000,0.00,0.00
randomArrays.txt,InsertionSort,2,13.117300,29.78,0.00
randomArrays.txt,InsertionSort,3,17.564600,44.48,0.00
randomArrays.txt,InsertionSort,1,28.841600,27.09,0.00
randomArrays.txt,InsertionSort,2,33.337300,23.43,0.00
randomArrays.txt,InsertionSort,3,32.075500,24.36,0.00
randomArrays.txt,InsertionSort,1,0.385000,0.00,0.00
randomArrays.txt,InsertionSort,2,0.400900,0.00,0.00
randomArrays.txt,InsertionSort,3,0.580500,672.91,0.00
randomArrays.txt,InsertionSort,1,7.679800,50.86,0.00
randomArrays.txt,InsertionSort,2,8.857100,0.00,0.00
randomArrays.txt,InsertionSort,3,7.131700,0.00,0.00
randomArrays.txt,InsertionSort,1,2.414700,0.00,0.00
randomArrays.txt,InsertionSort,2,3.433600,0.00,0.00
randomArrays.txt,InsertionSort,3,3.471700,112.52,0.00
randomArrays.txt,InsertionSort,1,16.914800,46.19,0.00
randomArrays.txt,InsertionSort,2,24.855300,15.72,0.00
randomArrays.txt,InsertionSort,3,25.616600,30.50,0.00
randomArrays.txt,InsertionSort,1,0.269300,0.00,0.00
randomArrays.txt,InsertionSort,2,0.218100,0.00,0.00
randomArrays.txt,InsertionSort,3,0.228200,0.00,0.00
randomArrays.txt,InsertionSort,1,47.498700,24.67,0.00
randomArrays.txt,InsertionSort,2,55.145000,21.25,0.00
randomArrays.txt,InsertionSort,3,53.965800,28.95,0.00
randomArrays.txt,InsertionSort,1,24.316500,32.13,0.00
randomArrays.txt,InsertionSort,2,28.042800,27.86,0.00
randomArrays.txt,InsertionSort,3,36.390000,21.47,0.00
randomArrays.txt,InsertionSort,1,37.819100,20.66,0.00
randomArrays.txt,InsertionSort,2,37.105300,21.05,0.00
randomArrays.txt,InsertionSort,3,23.703200,16.48,0.00
randomArrays.txt,InsertionSort,1,1.125800,0.00,0.00
randomArrays.txt,InsertionSort,2,0.820900,0.00,0.00
randomArrays.txt,InsertionSort,3,0.815900,0.00,0.00
randomArrays.txt,InsertionSort,1,222.742300,14.03,0.00
randomArrays.txt,InsertionSort,2,73.263900,26.66,0.00
randomArrays.txt,InsertionSort,3,73.651300,21.21,0.00
randomArrays.txt,InsertionSort,1,10.000300,0.00,0.00
randomArrays.txt,InsertionSort,2,7.294500,53.55,0.00
randomArrays.txt,InsertionSort,3,8.424900,0.00,0.00
randomArrays.txt,InsertionSort,1,2.424300,0.00,0.00
randomArrays.txt,InsertionSort,2,2.356600,0.00,0.00
randomArrays.txt,InsertionSort,3,2.226200,0.00,0.00
randomArrays.txt,InsertionSort,1,64.765700,24.13,0.00
randomArrays.txt,InsertionSort,2,92.099100,25.45,0.00
randomArrays.txt,InsertionSort,3,85.782000,27.32,0.00
randomArrays.txt,InsertionSort,1,13.269300,29.44,0.00
randomArrays.txt,InsertionSort,2,26.281900,29.73,0.00
randomArrays.txt,InsertionSort,3,24.155600,32.34,0.00
randomArrays.txt,InsertionSort,1,70.845400,22.06,0.00
randomArrays.txt,InsertionSort,2,67.496300,23.15,0.00
randomArrays.txt,InsertionSort,3,52.571800,29.72,0.00
randomArrays.txt,InsertionSort,1,27.036000,28.90,0.00
randomArrays.txt,InsertionSort,2,30.007300,26.04,0.00
randomArrays.txt,InsertionSort,3,26.605800,29.36,0.00
randomArrays.txt,InsertionSort,1,1.895000,0.00,0.00
randomArrays.txt,InsertionSort,2,1.469500,0.00,0.00
randomArrays.txt,InsertionSort,3,1.410900,0.00,0.00
randomArrays.txt,InsertionSort,1,11.330900,34.47,0.00
randomArrays.txt,InsertionSort,2,8.014100,48.74,0.00
randomArrays.txt,InsertionSort,3,8.968800,0.00,0.00
randomArrays.txt,InsertionSort,1,16.692700,23.40,0.00
randomArrays.txt,InsertionSort,2,7.565700,51.63,0.00
randomArrays.txt,InsertionSort,3,10.103300,38.66,0.00
randomArrays.txt,InsertionSort,1,50.444300,30.97,0.00
randomArrays.txt,InsertionSort,2,60.386400,25.88,0.00
randomArrays.txt,InsertionSort,3,87.072800,22.43,0.00
randomArrays.txt,InsertionSort,1,74.848500,26.09,0.00
randomArrays.txt,InsertionSort,2,41.570000,28.19,0.00
randomArrays.txt,InsertionSort,3,44.717400,26.21,0.00
randomArrays.txt,InsertionSort,1,11.331100,34.47,0.00
randomArrays.txt,InsertionSort,2,11.540700,33.85,0.00
randomArrays.txt,InsertionSort,3,12.659900,0.00,0.00
randomArrays.txt,InsertionSort,1,59.525100,26.25,0.00
randomArrays.txt,InsertionSort,2,43.753000,26.78,0.00
randomArrays.txt,InsertionSort,3,68.037900,22.97,0.00
randomArrays.txt,InsertionSort,1,27.113700,28.81,0.00
randomArrays.txt,InsertionSort,2,32.238500,24.23,0.00
randomArrays.txt,InsertionSort,3,38.685600,30.29,0.00
randomArrays.txt,InsertionSort,1,78.246800,24.96,0.00
randomArrays.txt,InsertionSort,2,80.115200,24.38,0.00
randomArrays.txt,InsertionSort,3,70.264400,27.80,0.00
randomArrays.txt,InsertionSort,1,2.961700,0.00,0.00
randomArrays.txt,InsertionSort,2,2.162900,180.60,0.00
randomArrays.txt,InsertionSort,3,3.381900,0.00,0.00
randomArrays.txt,InsertionSort,1,10.366200,0.00,0.00
randomArrays.txt,InsertionSort,2,10.735600,36.39,0.00
randomArrays.txt,InsertionSort,3,12.815900,30.48,0.00
randomArrays.txt,InsertionSort,1,3.746700,104.26,0.00
randomArrays.txt,InsertionSort,2,3.310300,0.00,0.00
randomArrays.txt,InsertionSort,3,3.230900,0.00,0.00
randomArrays.txt,InsertionSort,1,62.029200,25.19,0.00
randomArrays.txt,InsertionSort,2,54.371200,21.55,0.00
randomArrays.txt,InsertionSort,3,51.253200,30.49,0.00
randomArrays.txt,InsertionSort,1,0.905200,0.00,0.00
randomArrays.txt,InsertionSort,2,0.925800,0.00,0.00
randomArrays.txt,InsertionSort,3,0.931000,0.00,0.00
randomArrays.txt,InsertionSort,1,53.490400,21.91,0.00
randomArrays.txt,InsertionSort,2,34.660700,33.81,0.00
randomArrays.txt,InsertionSort,3,50.995200,22.98,0.00
randomArrays.txt,InsertionSort,1,25.444600,30.70,0.00
randomArrays.txt,InsertionSort,2,13.243000,29.50,0.00
randomArrays.txt,InsertionSort,3,27.479300,28.43,0.00
randomArrays.txt,InsertionSort,1,24.149000,16.18,0.00
randomArrays.txt,InsertionSort,2,26.671100,29.29,0.00
randomArrays.txt,InsertionSort,3,24.999500,31.25,0.00
randomArrays.txt,InsertionSort,1,20.383000,19.16,0.00
randomArrays.txt,InsertionSort,2,12.476600,31.31,0.00
randomArrays.txt,InsertionSort,3,20.933600,18.66,0.00
randomArrays.txt,InsertionSort,1,0.076200,0.00,0.00
randomArrays.txt,InsertionSort,2,0.103300,0.00,0.00
randomArrays.txt,InsertionSort,3,0.098100,0.00,0.00
randomArrays.txt,InsertionSort,1,19.571700,39.92,0.00
randomArrays.txt,InsertionSort,2,15.630900,24.99,0.00
randomArrays.txt,InsertionSort,3,23.079600,16.93,0.00
randomArrays.txt,InsertionSort,1,11.203100,0.00,0.00
randomArrays.txt,InsertionSort,2,10.026700,0.00,0.00
randomArrays.txt,InsertionSort,3,13.757900,28.39,0.00
randomArrays.txt,InsertionSort,1,68.361800,22.86,0.00
randomArrays.txt,InsertionSort,2,48.741700,24.04,0.00
randomArrays.txt,InsertionSort,3,44.852000,26.13,0.00
randomArrays.txt,InsertionSort,1,1.168000,0.00,0.00
randomArrays.txt,InsertionSort,2,1.523100,0.00,0.00
randomArrays.txt,InsertionSort,3,1.700600,0.00,0.00
randomArrays.txt,InsertionSort,1,1.941500,0.00,0.00
randomArrays.txt,InsertionSort,2,1.160500,0.00,0.00
randomArrays.txt,InsertionSort,3,0.946000,0.00,0.00
randomArrays.txt,InsertionSort,1,34.121000,34.34,0.00
randomArrays.txt,InsertionSort,2,22.648000,17.25,0.00
randomArrays.txt,InsertionSort,3,20.361100,19.18,0.00
randomArrays.txt,InsertionSort,1,0.211400,0.00,0.00
randomArrays.txt,InsertionSort,2,0.178900,0.00,0.00
randomArrays.txt,InsertionSort,3,0.187700,0.00,0.00
randomArrays.txt,InsertionSort,1,40.385800,29.02,0.00
randomArrays.txt,InsertionSort,2,41.124900,28.50,0.00
randomArrays.txt,InsertionSort,3,28.586900,13.66,0.00
randomArrays.txt,InsertionSort,1,41.068200,19.02,0.00
randomArrays.txt,InsertionSort,2,26.178900,29.84,0.00
randomArrays.txt,InsertionSort,3,54.552300,21.48,0.00
randomArrays.txt,InsertionSort,1,9.009100,0.00,0.00
randomArrays.txt,InsertionSort,2,6.271600,0.00,0.00
randomArrays.txt,InsertionSort,3,4.526600,0.00,0.00
randomArrays.txt,InsertionSort,1,31.507200,12.40,0.00
randomArrays.txt,InsertionSort,2,24.400900,16.01,0.00
randomArrays.txt,InsertionSort,3,38.412600,20.34,0.00
randomArrays.txt,InsertionSort,1,56.629000,27.59,0.00
randomArrays.txt,InsertionSort,2,39.242000,19.91,0.00
randomArrays.txt,InsertionSort,3,60.921900,25.65,0.00
randomArrays.txt,InsertionSort,1,47.585200,24.63,0.00
randomArrays.txt,InsertionSort,2,66.752800,23.41,0.00
randomArrays.txt,InsertionSort,3,43.895200,26.70,0.00
randomArrays.txt,InsertionSort,1,46.965900,24.95,0.00
randomArrays.txt,InsertionSort,2,47.132800,24.86,0.00
randomArrays.txt,InsertionSort,3,35.179800,33.31,0.00
randomArrays.txt,InsertionSort,1,21.534500,18.14,0.00
randomArrays.txt,InsertionSort,2,28.244800,27.66,0.00
randomArrays.txt,InsertionSort,3,27.912800,27.99,0.00
randomArrays.txt,InsertionSort,1,65.328600,23.92,0.00
randomArrays.txt,InsertionSort,2,79.829300,24.47,0.00
randomArrays.txt,InsertionSort,3,81.064800,24.09,0.00
randomArrays.txt,InsertionSort,1,44.922300,26.09,0.00
randomArrays.txt,InsertionSort,2,44.633900,26.26,0.00
randomArrays.txt,InsertionSort,3,29.204400,13.38,0.00
randomArrays.txt,InsertionSort,1,3.975200,0.00,0.00
randomArrays.txt,InsertionSort,2,5.737900,68.08,0.00
randomArrays.txt,InsertionSort,3,5.914900,0.00,0.00
randomArrays.txt,InsertionSort,1,1.414300,0.00,0.00
randomArrays.txt,InsertionSort,2,1.644700,237.51,0.00
randomArrays.txt,InsertionSort,3,1.122000,0.00,0.00
randomArrays.txt,InsertionSort,1,18.796200,20.78,0.00
randomArrays.txt,InsertionSort,2,15.358300,25.43,0.00
randomArrays.txt,InsertionSort,3,25.671400,30.43,0.00
randomArrays.txt,InsertionSort,1,35.310700,22.13,0.00
randomArrays.txt,InsertionSort,2,31.287700,37.45,0.00
randomArrays.txt,InsertionSort,3,18.324700,21.32,0.00
randomArrays.txt,InsertionSort,1,3.271800,0.00,0.00
randomArrays.txt,InsertionSort,2,3.375900,0.00,0.00
randomArrays.txt,InsertionSort,3,2.114800,0.00,0.00
randomArrays.txt,InsertionSort,1,39.543400,29.64,0.00
randomArrays.txt,InsertionSort,2,18.455200,21.17,0.00
randomArrays.txt,InsertionSort,3,34.128100,22.89,0.00
randomArrays.txt,InsertionSort,1,46.386600,25.26,0.00
randomArrays.txt,InsertionSort,2,64.749700,24.13,0.00
randomArrays.txt,InsertionSort,3,69.274400,28.19,0.00
randomArrays.txt,InsertionSort,1,1.332800,0.00,0.00
randomArrays.txt,InsertionSort,2,1.328000,294.15,0.00
randomArrays.txt,InsertionSort,3,1.304100,0.00,0.00
randomArrays.txt,InsertionSort,1,1.848800,0.00,0.00
randomArrays.txt,InsertionSort,2,1.642500,0.00,0.00
randomArrays.txt,InsertionSort,3,1.515500,0.00,0.00
randomArrays.txt,InsertionSort,1,9.633800,40.55,0.00
randomArrays.txt,InsertionSort,2,9.506700,41.09,0.00
randomArrays.txt,InsertionSort,3,4.732400,0.00,0.00
randomArrays.txt,InsertionSort,1,6.396600,61.07,0.00
randomArrays.txt,InsertionSort,2,8.640900,0.00,0.00
randomArrays.txt,InsertionSort,3,8.334200,46.87,0.00
randomArrays.txt,InsertionSort,1,2.349900,0.00,0.00
randomArrays.txt,InsertionSort,2,2.486600,0.00,0.00
randomArrays.txt,InsertionSort,3,3.164100,0.00,0.00
randomArrays.txt,InsertionSort,1,56.162900,20.87,0.00
randomArrays.txt,InsertionSort,2,46.032700,25.46,0.00
randomArrays.txt,InsertionSort,3,67.934800,28.75,0.00
randomArrays.txt,InsertionSort,1,10.956100,35.65,0.00
randomArrays.txt,InsertionSort,2,7.566800,0.00,0.00
randomArrays.txt,InsertionSort,3,9.106000,42.90,0.00
randomArrays.txt,InsertionSort,1,1.121300,348.37,0.00
randomArrays.txt,InsertionSort,2,1.147800,0.00,0.00
randomArrays.txt,InsertionSort,3,1.159100,0.00,0.00
randomArrays.txt,InsertionSort,1,17.616600,22.17,0.00
randomArrays.txt,InsertionSort,2,15.633500,24.99,0.00
randomArrays.txt,InsertionSort,3,19.582100,19.95,0.00
randomArrays.txt,InsertionSort,1,45.270600,25.89,0.00
randomArrays.txt,InsertionSort,2,34.502500,33.96,0.00
randomArrays.txt,InsertionSort,3,31.318600,24.95,0.00
randomArrays.txt,InsertionSort,1,61.052000,25.59,0.00
randomArrays.txt,InsertionSort,2,58.054300,26.91,0.00
randomArrays.txt,InsertionSort,3,81.525700,23.96,0.00
randomArrays.txt,InsertionSort,1,11.801100,33.10,0.00
randomArrays.txt,InsertionSort,2,7.516600,51.97,0.00
randomArrays.txt,InsertionSort,3,6.954900,0.00,0.00
randomArrays.txt,InsertionSort,1,23.161400,16.87,0.00
randomArrays.txt,InsertionSort,2,22.292500,35.05,0.00
randomArrays.txt,InsertionSort,3,25.409500,30.75,0.00
randomArrays.txt,InsertionSort,1,6.448100,0.00,0.00
randomArrays.txt,InsertionSort,2,10.896200,35.85,0.00
randomArrays.txt,InsertionSort,3,6.353000,0.00,0.00
randomArrays.txt,InsertionSort,1,55.986200,20.93,0.00
randomArrays.txt,InsertionSort,2,46.763400,25.06,0.00
randomArrays.txt,InsertionSort,3,59.087900,26.44,0.00
randomArrays.txt,InsertionSort,1,31.948600,24.45,0.00
randomArrays.txt,InsertionSort,2,28.662500,13.63,0.00
randomArrays.txt,InsertionSort,3,22.765800,34.32,0.00
randomArrays.txt,InsertionSort,1,58.202500,26.85,0.00
randomArrays.txt,InsertionSort,2,59.459600,26.28,0.00
randomArrays.txt,InsertionSort,3,47.582700,24.63,0.00
randomArrays.txt,InsertionSort,1,12.853200,0.00,0.00
randomArrays.txt,InsertionSort,2,11.306600,0.00,0.00
randomArrays.txt,InsertionSort,3,7.928500,49.27,0.00
randomArrays.txt,InsertionSort,1,149.016800,10.49,0.00
randomArrays.txt,InsertionSort,2,58.958700,26.50,0.00
randomArrays.txt,InsertionSort,3,46.171300,25.38,0.00
randomArrays.txt,InsertionSort,1,0.016700,0.00,0.00
randomArrays.txt,InsertionSort,2,0.023500,0.00,0.00
randomArrays.txt,InsertionSort,3,0.024400,0.00,0.00
randomArrays.txt,InsertionSort,1,5.967400,0.00,0.00
randomArrays.txt,InsertionSort,2,5.124700,0.00,0.00
randomArrays.txt,InsertionSort,3,5.130400,76.14,0.00
randomArrays.txt,InsertionSort,1,44.875000,26.11,0.00
randomArrays.txt,InsertionSort,2,32.707100,23.89,0.00
randomArrays.txt,InsertionSort,3,48.278600,24.27,0.00
randomArrays.txt,InsertionSort,1,47.033600,24.92,0.00
randomArrays.txt,InsertionSort,2,53.455000,21.92,0.00
randomArrays.txt,InsertionSort,3,26.484200,29.50,0.00
randomArrays.txt,InsertionSort,1,0.245900,0.00,0.00
randomArrays.txt,InsertionSort,2,0.260400,0.00,0.00
randomArrays.txt,InsertionSort,3,0.357800,0.00,0.00
randomArrays.txt,InsertionSort,1,35.605200,32.91,0.00
randomArrays.txt,InsertionSort,2,26.797400,14.58,0.00
randomArrays.txt,InsertionSort,3,30.153400,25.91,0.00
randomArrays.txt,InsertionSort,1,8.760400,44.59,0.00
randomArrays.txt,InsertionSort,2,7.813300,0.00,0.00
randomArrays.txt,InsertionSort,3,5.144600,75.93,0.00
randomArrays.txt,InsertionSort,1,39.062700,30.00,0.00
randomArrays.txt,InsertionSort,2,39.602800,19.73,0.00
randomArrays.txt,InsertionSort,3,52.027200,30.03,0.00
randomArrays.txt,InsertionSort,1,4.999200,0.00,0.00
randomArrays.txt,InsertionSort,2,5.883700,0.00,0.00
randomArrays.txt,InsertionSort,3,3.431100,0.00,0.00
randomArrays.txt,InsertionSort,1,64.013200,24.41,0.00
randomArrays.txt,InsertionSort,2,78.450500,24.90,0.00
randomArrays.txt,InsertionSort,3,80.680900,29.05,0.00
randomArrays.txt,InsertionSort,1,2.594200,0.00,0.00
randomArrays.txt,InsertionSort,2,2.465300,0.00,0.00
randomArrays.txt,InsertionSort,3,2.557200,0.00,0.00
randomArrays.txt,InsertionSort,1,3.033000,0.00,0.00
randomArrays.txt,InsertionSort,2,6.081000,0.00,0.00
randomArrays.txt,InsertionSort,3,7.481700,52.21,0.00
randomArrays.txt,InsertionSort,1,2.988900,130.69,0.00
randomArrays.txt,InsertionSort,2,2.953000,0.00,0.00
randomArrays.txt,InsertionSort,3,3.156200,0.00,0.00
randomArrays.txt,InsertionSort,1,41.497900,9.41,0.00
randomArrays.txt,InsertionSort,2,61.182600,25.54,0.00
randomArrays.txt,InsertionSort,3,40.017800,29.28,0.00
randomArrays.txt,InsertionSort,1,7.604000,0.00,0.00
randomArrays.txt,InsertionSort,2,7.986500,48.91,0.00
randomArrays.txt,InsertionSort,3,5.270400,0.00,0.00
randomArrays.txt,InsertionSort,1,5.648800,69.15,0.00
randomArrays.txt,InsertionSort,2,5.709800,0.00,0.00
randomArrays.txt,InsertionSort,3,5.698300,0.00,0.00
randomArrays.txt,InsertionSort,1,1.075600,0.00,0.00
randomArrays.txt,InsertionSort,2,0.945500,0.00,0.00
randomArrays.txt,InsertionSort,3,0.929200,0.00,0.00
randomArrays.txt,InsertionSort,1,42.314500,18.46,0.00
randomArrays.txt,InsertionSort,2,21.056400,18.55,0.00
randomArrays.txt,InsertionSort,3,38.048900,20.53,0.00
randomArrays.txt,InsertionSort,1,0.040500,0.00,0.00
randomArrays.txt,InsertionSort,2,0.028900,0.00,0.00
randomArrays.txt,InsertionSort,3,0.040800,0.00,0.00
randomArrays.txt,InsertionSort,1,35.277100,22.15,0.00
randomArrays.txt,InsertionSort,2,22.762300,34.32,0.00
randomArrays.txt,InsertionSort,3,37.563800,20.80,0.00
randomArrays.txt,InsertionSort,1,19.330300,20.21,0.00
randomArrays.txt,InsertionSort,2,10.277600,38.01,0.00
randomArrays.txt,InsertionSort,3,11.719900,33.33,0.00
randomArrays.txt,InsertionSort,1,24.591000,15.88,0.00
randomArrays.txt,InsertionSort,2,15.461900,25.26,0.00
randomArrays.txt,InsertionSort,3,18.296000,21.35,0.00
randomArrays.txt,InsertionSort,1,62.810600,24.88,0.00
randomArrays.txt,InsertionSort,2,81.496800,23.97,0.00
randomArrays.txt,InsertionSort,3,44.133500,26.55,0.00
randomArrays.txt,InsertionSort,1,30.809000,25.36,0.00
randomArrays.txt,InsertionSort,2,29.933300,26.10,0.00
randomArrays.txt,InsertionSort,3,19.878600,19.65,0.00
randomArrays.txt,InsertionSort,1,42.385200,27.65,0.00
randomArrays.txt,InsertionSort,2,46.819100,25.03,0.00
randomArrays.txt,InsertionSort,3,48.325700,24.25,0.00
randomArrays.txt,InsertionSort,1,24.837600,15.73,0.00
randomArrays.txt,InsertionSort,2,35.110000,22.25,0.00
randomArrays.txt,InsertionSort,3,46.254800,25.34,0.00
randomArrays.txt,InsertionSort,1,4.249100,0.00,0.00
randomArrays.txt,InsertionSort,2,4.471300,87.36,0.00
randomArrays.txt,InsertionSort,3,4.335300,0.00,0.00
randomArrays.txt,InsertionSort,1,19.679600,19.85,0.00
randomArrays.txt,InsertionSort,2,31.821300,24.55,0.00
randomArrays.txt,InsertionSort,3,25.042100,31.20,0.00
randomArrays.txt,InsertionSort,1,2.499800,0.00,0.00
randomArrays.txt,InsertionSort,2,2.412100,0.00,0.00
randomArrays.txt,InsertionSort,3,1.349400,0.00,0.00
randomArrays.txt,InsertionSort,1,6.774400,0.00,0.00
randomArrays.txt,InsertionSort,2,5.457500,71.58,0.00
randomArrays.txt,InsertionSort,3,6.774200,0.00,0.00
randomArrays.txt,InsertionSort,1,2.654000,0.00,0.00
randomArrays.txt,InsertionSort,2,2.707200,0.00,0.00
randomArrays.txt,InsertionSort,3,3.253100,0.00,0.00
randomArrays.txt,InsertionSort,1,1.626500,0.00,0.00
randomArrays.txt,InsertionSort,2,1.695300,0.00,0.00
randomArrays.txt,InsertionSort,3,1.666200,0.00,0.00
randomArrays.txt,InsertionSort,1,7.339300,0.00,0.00
randomArrays.txt,InsertionSort,2,8.199600,47.64,0.00
randomArrays.txt,InsertionSort,3,7.495700,0.00,0.00
randomArrays.txt,InsertionSort,1,0.917000,0.00,0.00
randomArrays.txt,InsertionSort,2,0.909100,0.00,0.00
randomArrays.txt,InsertionSort,3,0.911200,0.00,0.00
randomArrays.txt,InsertionSort,1,0.014900,0.00,0.00
randomArrays.txt,InsertionSort,2,0.013600,0.00,0.00
randomArrays.txt,InsertionSort,3,0.025000,0.00,0.00
randomArrays.txt,InsertionSort,1,10.562900,0.00,0.00
randomArrays.txt,InsertionSort,2,14.091000,27.72,0.00
randomArrays.txt,InsertionSort,3,4.475200,87.29,0.00
randomArrays.txt,InsertionSort,1,19.597900,19.93,0.00
randomArrays.txt,InsertionSort,2,32.955000,23.71,0.00
randomArrays.txt,InsertionSort,3,15.729300,24.83,0.00
randomArrays.txt,InsertionSort,1,4.064700,96.10,0.00
randomArrays.txt,InsertionSort,2,6.490800,0.00,0.00
randomArrays.txt,InsertionSort,3,7.466000,52.32,0.00
randomArrays.txt,InsertionSort,1,5.590300,69.88,0.00
randomArrays.txt,InsertionSort,2,6.302900,0.00,0.00
randomArrays.txt,InsertionSort,3,8.476000,46.09,0.00
randomArrays.txt,InsertionSort,1,34.969300,22.34,0.00
randomArrays.txt,InsertionSort,2,47.758800,32.72,0.00
randomArrays.txt,InsertionSort,3,47.185100,24.84,0.00
randomArrays.txt,InsertionSort,1,22.786200,17.14,0.00
randomArrays.txt,InsertionSort,2,21.607300,36.16,0.00
randomArrays.txt,InsertionSort,3,20.171400,19.37,0.00
randomArrays.txt,InsertionSort,1,0.137100,0.00,0.00
randomArrays.txt,InsertionSort,2,0.129300,0.00,0.00
randomArrays.txt,InsertionSort,3,0.131500,0.00,0.00
randomArrays.txt,InsertionSort,1,12.802200,30.51,0.00
randomArrays.txt,InsertionSort,2,17.180200,22.74,0.00
randomArrays.txt,InsertionSort,3,11.939800,32.72,0.00
randomArrays.txt,InsertionSort,1,0.294200,0.00,0.00
randomArrays.txt,InsertionSort,2,0.203700,0.00,0.00
randomArrays.txt,InsertionSort,3,0.259400,0.00,0.00
randomArrays.txt,InsertionSort,1,28.156200,27.75,0.00
randomArrays.txt,InsertionSort,2,19.133100,20.42,0.00
randomArrays.txt,InsertionSort,3,32.828500,11.90,0.00
randomArrays.txt,InsertionSort,1,43.855500,17.81,0.00
randomArrays.txt,InsertionSort,2,40.446500,28.97,0.00
randomArrays.txt,InsertionSort,3,50.206200,23.34,0.00
randomArrays.txt,InsertionSort,1,0.252100,0.00,0.00
randomArrays.txt,InsertionSort,2,0.329200,0.00,0.00
randomArrays.txt,InsertionSort,3,0.341000,0.00,0.00
randomArrays.txt,InsertionSort,1,28.399500,27.51,0.00
randomArrays.txt,InsertionSort,2,23.431500,16.67,0.00
randomArrays.txt,InsertionSort,3,26.320500,14.84,0.00
randomArrays.txt,InsertionSort,1,15.769800,24.77,0.00
randomArrays.txt,InsertionSort,2,10.555500,37.01,0.00
randomArrays.txt,InsertionSort,3,11.177500,0.00,0.00
randomArrays.txt,InsertionSort,1,13.000900,30.05,0.00
randomArrays.txt,InsertionSort,2,13.567600,28.79,0.00
randomArrays.txt,InsertionSort,3,14.017300,27.87,0.00
randomArrays.txt,InsertionSort,1,72.951200,21.42,0.00
randomArrays.txt,InsertionSort,2,53.935400,21.73,0.00
randomArrays.txt,InsertionSort,3,56.245100,27.78,0.00
randomArrays.txt,InsertionSort,1,8.711500,0.00,0.00
randomArrays.txt,InsertionSort,2,6.999100,55.81,0.00
randomArrays.txt,InsertionSort,3,11.439700,34.15,0.00
randomArrays.txt,InsertionSort,1,65.056800,24.02,0.00
randomArrays.txt,InsertionSort,2,76.713700,20.37,0.00
randomArrays.txt,InsertionSort,3,57.420800,27.21,0.00
randomArrays.txt,InsertionSort,1,0.749000,0.00,0.00
randomArrays.txt,InsertionSort,2,1.109200,0.00,0.00
randomArrays.txt,InsertionSort,3,0.831200,0.00,0.00
randomArrays.txt,InsertionSort,1,11.353200,34.41,0.00
randomArrays.txt,InsertionSort,2,12.528300,31.18,0.00
randomArrays.txt,InsertionSort,3,19.156500,20.39,0.00
randomArrays.txt,InsertionSort,1,43.273900,27.08,0.00
randomArrays.txt,InsertionSort,2,36.666700,21.31,0.00
randomArrays.txt,InsertionSort,3,41.871200,27.99,0.00
randomArrays.txt,InsertionSort,1,53.578800,21.87,0.00
randomArrays.txt,InsertionSort,2,74.843500,26.10,0.00
randomArrays.txt,InsertionSort,3,52.682300,22.24,0.00
randomArrays.txt,InsertionSort,1,72.642000,16.13,0.00
randomArrays.txt,InsertionSort,2,38.198400,20.45,0.00
randomArrays.txt,InsertionSort,3,27.110900,28.82,0.00
randomArrays.txt,InsertionSort,1,35.378100,33.12,0.00
randomArrays.txt,InsertionSort,2,23.040500,16.95,0.00
randomArrays.txt,InsertionSort,3,43.246100,27.10,0.00
randomArrays.txt,InsertionSort,1,19.326300,40.42,0.00
randomArrays.txt,InsertionSort,2,16.190000,24.13,0.00
randomArrays.txt,InsertionSort,3,16.567700,23.58,0.00
randomArrays.txt,InsertionSort,1,67.856900,23.03,0.00
randomArrays.txt,InsertionSort,2,74.680600,26.15,0.00
randomArrays.txt,InsertionSort,3,77.716100,25.13,0.00
randomArrays.txt,InsertionSort,1,2.938200,0.00,0.00
randomArrays.txt,InsertionSort,2,2.870200,0.00,0.00
randomArrays.txt,InsertionSort,3,1.652400,0.00,0.00
randomArrays.txt,InsertionSort,1,35.625000,21.93,0.00
randomArrays.txt,InsertionSort,2,60.319800,25.90,0.00
randomArrays.txt,InsertionSort,3,50.117500,23.38,0.00
randomArrays.txt,InsertionSort,1,6.209200,0.00,0.00
randomArrays.txt,InsertionSort,2,6.183200,63.18,0.00
randomArrays.txt,InsertionSort,3,3.476300,0.00,0.00
randomArrays.txt,InsertionSort,1,5.419600,0.00,0.00
randomArrays.txt,InsertionSort,2,6.724000,0.00,0.00
randomArrays.txt,InsertionSort,3,8.237000,0.00,0.00
randomArrays.txt,InsertionSort,1,0.125400,0.00,0.00
randomArrays.txt,InsertionSort,2,0.414500,0.00,0.00
randomArrays.txt,InsertionSort,3,0.242700,0.00,0.00
randomArrays.txt,InsertionSort,1,68.969300,16.99,0.00
randomArrays.txt,InsertionSort,2,71.148100,21.96,0.00
randomArrays.txt,InsertionSort,3,55.396400,28.21,0.00
randomArrays.txt,InsertionSort,1,70.548400,22.15,0.00
randomArrays.txt,InsertionSort,2,43.516700,26.93,0.00
randomArrays.txt,InsertionSort,3,49.739400,23.56,0.00
randomArrays.txt,InsertionSort,1,62.044100,25.18,0.00
randomArrays.txt,InsertionSort,2,80.923200,24.14,0.00
randomArrays.txt,InsertionSort,3,68.188300,22.91,0.00
randomArrays.txt,InsertionSort,1,7.054200,55.37,0.00
randomArrays.txt,InsertionSort,2,14.920000,26.18,0.00
randomArrays.txt,InsertionSort,3,11.304800,0.00,0.00
randomArrays.txt,InsertionSort,1,45.617500,17.13,0.00
randomArrays.txt,InsertionSort,2,43.884600,26.70,0.00
randomArrays.txt,InsertionSort,3,40.178100,19.44,0.00
randomArrays.txt,InsertionSort,1,15.179600,51.47,0.00
randomArrays.txt,InsertionSort,2,13.498400,0.00,0.00
randomArrays.txt,InsertionSort,3,12.448800,0.00,0.00
randomArrays.txt,InsertionSort,1,41.147700,28.48,0.00
randomArrays.txt,InsertionSort,2,42.935200,27.29,0.00
randomArrays.txt,InsertionSort,3,46.176100,25.38,0.00
randomArrays.txt,InsertionSort,1,26.594800,29.38,0.00
randomArrays.txt,InsertionSort,2,26.438700,14.77,0.00
randomArrays.txt,InsertionSort,3,26.735700,14.61,0.00
randomArrays.txt,InsertionSort,1,90.906800,4.30,0.00
randomArrays.txt,InsertionSort,2,80.204600,9.74,0.00
randomArrays.txt,InsertionSort,3,25.708600,30.39,0.00
randomArrays.txt,InsertionSort,1,45.424200,25.80,0.00
randomArrays.txt,InsertionSort,2,49.820400,15.68,0.00
randomArrays.txt,InsertionSort,3,86.571200,22.56,0.00
randomArrays.txt,InsertionSort,1,1.769000,220.82,0.00
randomArrays.txt,InsertionSort,2,1.995500,0.00,0.00
randomArrays.txt,InsertionSort,3,2.224100,0.00,0.00
randomArrays.txt,InsertionSort,1,21.002100,18.60,0.00
randomArrays.txt,InsertionSort,2,16.322100,23.93,0.00
randomArrays.txt,InsertionSort,3,32.196900,24.26,0.00
randomArrays.txt,InsertionSort,1,5.278200,0.00,0.00
randomArrays.txt,InsertionSort,2,5.765100,0.00,0.00
randomArrays.txt,InsertionSort,3,4.548000,85.89,0.00
randomArrays.txt,InsertionSort,1,38.401700,20.34,0.00
randomArrays.txt,InsertionSort,2,23.313900,33.51,0.00
randomArrays.txt,InsertionSort,3,40.280900,29.09,0.00
randomArrays.txt,InsertionSort,1,38.673300,30.30,0.00
randomArrays.txt,InsertionSort,2,31.950700,24.45,0.00
randomArrays.txt,InsertionSort,3,50.974700,22.99,0.00
randomArrays.txt,InsertionSort,1,52.629200,22.27,0.00
randomArrays.txt,InsertionSort,2,76.502800,25.53,0.00
randomArrays.txt,InsertionSort,3,75.375400,25.91,0.00
randomArrays.txt,InsertionSort,1,3.388900,115.27,0.00
randomArrays.txt,InsertionSort,2,4.659600,0.00,0.00
randomArrays.txt,InsertionSort,3,5.049300,0.00,0.00
randomArrays.txt,InsertionSort,1,0.091800,0.00,0.00
randomArrays.txt,InsertionSort,2,0.137000,0.00,0.00
randomArrays.txt,InsertionSort,3,0.122800,0.00,0.00
randomArrays.txt,InsertionSort,1,51.153800,22.91,0.00
randomArrays.txt,InsertionSort,2,41.210600,28.44,0.00
randomArrays.txt,InsertionSort,3,68.707600,22.74,0.00
randomArrays.txt,InsertionSort,1,0.190600,0.00,0.00
randomArrays.txt,InsertionSort,2,0.166600,0.00,0.00
randomArrays.txt,InsertionSort,3,0.169800,0.00,0.00
randomArrays.txt,InsertionSort,1,3.491700,0.00,0.00
randomArrays.txt,InsertionSort,2,5.476600,71.33,0.00
randomArrays.txt,InsertionSort,3,7.719800,0.00,0.00
randomArrays.txt,InsertionSort,1,20.855000,37.46,0.00
randomArrays.txt,InsertionSort,2,13.360100,29.24,0.00
randomArrays.txt,InsertionSort,3,17.753600,22.00,0.00
randomArrays.txt,InsertionSort,1,13.952200,0.00,0.00
randomArrays.txt,InsertionSort,2,28.538500,27.38,0.00
randomArrays.txt,InsertionSort,3,27.181200,28.74,0.00
randomArrays.txt,InsertionSort,1,50.456700,30.97,0.00
randomArrays.txt,InsertionSort,2,32.656400,23.92,0.00
randomArrays.txt,InsertionSort,3,66.536700,23.48,0.00
randomArrays.txt,InsertionSort,1,2.989900,0.00,0.00
randomArrays.txt,InsertionSort,2,3.177900,0.00,0.00
randomArrays.txt,InsertionSort,3,2.810900,138.97,0.00
randomArrays.txt,InsertionSort,1,14.275800,27.36,0.00
randomArrays.txt,InsertionSort,2,12.392800,31.52,0.00
randomArrays.txt,InsertionSort,3,5.089700,0.00,0.00
randomArrays.txt,InsertionSort,1,37.487000,31.26,0.00
randomArrays.txt,InsertionSort,2,21.226300,0.00,0.00
randomArrays.txt,InsertionSort,3,17.771200,21.98,0.00
randomArrays.txt,InsertionSort,1,53.489700,21.91,0.00
randomArrays.txt,InsertionSort,2,64.690700,24.15,0.00
randomArrays.txt,InsertionSort,3,63.134100,24.75,0.00
randomArrays.txt,InsertionSort,1,23.494800,33.25,0.00
randomArrays.txt,InsertionSort,2,20.306800,19.24,0.00
randomArrays.txt,InsertionSort,3,14.437800,27.06,0.00
randomArrays.txt,InsertionSort,1,21.881300,17.85,0.00
randomArrays.txt,InsertionSort,2,26.569400,14.70,0.00
randomArrays.txt,InsertionSort,3,33.534800,23.30,0.00
randomArrays.txt,InsertionSort,1,52.446800,22.34,0.00
randomArrays.txt,InsertionSort,2,67.711800,28.84,0.00
randomArrays.txt,InsertionSort,3,48.661900,24.08,0.00
randomArrays.txt,InsertionSort,1,0.103300,0.00,0.00
randomArrays.txt,InsertionSort,2,0.106400,0.00,0.00
randomArrays.txt,InsertionSort,3,0.102600,0.00,0.00
randomArrays.txt,InsertionSort,1,28.926900,27.01,0.00
randomArrays.txt,InsertionSort,2,32.501900,24.04,0.00
randomArrays.txt,InsertionSort,3,15.254100,25.61,0.00
randomArrays.txt,InsertionSort,1,0.083000,0.00,0.00
randomArrays.txt,InsertionSort,2,0.129200,0.00,0.00
randomArrays.txt,InsertionSort,3,0.133600,0.00,0.00
randomArrays.txt,InsertionSort,1,8.567500,45.59,0.00
randomArrays.txt,InsertionSort,2,9.067400,0.00,0.00
randomArrays.txt,InsertionSort,3,7.733500,50.51,0.00
randomArrays.txt,InsertionSort,1,1.625000,0.00,0.00
randomArrays.txt,InsertionSort,2,1.972300,0.00,0.00
randomArrays.txt,InsertionSort,3,2.008300,0.00,0.00
randomArrays.txt,InsertionSort,1,0.268900,0.00,0.00
randomArrays.txt,InsertionSort,2,0.238400,0.00,0.00
randomArrays.txt,InsertionSort,3,0.236200,0.00,0.00
randomArrays.txt,InsertionSort,1,0.498000,0.00,0.00
randomArrays.txt,InsertionSort,2,0.505400,0.00,0.00
randomArrays.txt,InsertionSort,3,0.511200,0.00,0.00
randomArrays.txt,InsertionSort,1,22.195400,17.60,0.00
randomArrays.txt,InsertionSort,2,16.224000,24.08,0.00
randomArrays.txt,InsertionSort,3,15.434100,25.31,0.00
randomArrays.txt,InsertionSort,1,39.982300,19.54,0.00
randomArrays.txt,InsertionSort,2,27.364700,28.55,0.00
randomArrays.txt,InsertionSort,3,39.081700,29.99,0.00
randomArrays.txt,InsertionSort,1,9.205000,42.44,0.00
randomArrays.txt,InsertionSort,2,9.761100,40.02,0.00
randomArrays.txt,InsertionSort,3,8.348500,0.00,0.00
randomArrays.txt,InsertionSort,1,26.248900,14.88,0.00
randomArrays.txt,InsertionSort,2,24.260100,16.10,0.00
randomArrays.txt,InsertionSort,3,42.875300,18.22,0.00
randomArrays.txt,InsertionSort,1,0.376900,0.00,0.00
randomArrays.txt,InsertionSort,2,0.377000,0.00,0.00
randomArrays.txt,InsertionSort,3,0.396300,0.00,0.00
randomArrays.txt,InsertionSort,1,63.233400,18.53,0.00
randomArrays.txt,InsertionSort,2,53.332400,29.30,0.00
randomArrays.txt,InsertionSort,3,46.530800,25.18,0.00
randomArrays.txt,InsertionSort,1,44.037300,26.61,0.00
randomArrays.txt,InsertionSort,2,44.415600,26.38,0.00
randomArrays.txt,InsertionSort,3,33.684600,23.19,0.00
randomArrays.txt,InsertionSort,1,37.777300,31.02,0.00
randomArrays.txt,InsertionSort,2,42.681300,27.46,0.00
randomArrays.txt,InsertionSort,3,34.309900,22.77,0.00
randomArrays.txt,InsertionSort,1,0.589500,0.00,0.00
randomArrays.txt,InsertionSort,2,0.574200,0.00,0.00
randomArrays.txt,InsertionSort,3,0.629200,0.00,0.00
randomArrays.txt,InsertionSort,1,63.933100,24.44,0.00
randomArrays.txt,InsertionSort,2,64.845400,24.10,0.00
randomArrays.txt,InsertionSort,3,78.575600,24.86,0.00
randomArrays.txt,InsertionSort,1,28.018100,27.88,0.00
randomArrays.txt,InsertionSort,2,30.761600,25.40,0.00
randomArrays.txt,InsertionSort,3,32.828200,23.80,0.00
randomArrays.txt,InsertionSort,1,32.207600,24.26,0.00
randomArrays.txt,InsertionSort,2,39.743800,29.49,0.00
randomArrays.txt,InsertionSort,3,50.549100,23.18,0.00
randomArrays.txt,InsertionSort,1,34.306900,22.77,0.00
randomArrays.txt,InsertionSort,2,22.739800,17.18,0.00
randomArrays.txt,InsertionSort,3,34.491700,33.98,0.00
randomArrays.txt,InsertionSort,1,0.436800,0.00,0.00
randomArrays.txt,InsertionSort,2,0.303600,0.00,0.00
randomArrays.txt,InsertionSort,3,0.301900,0.00,0.00
randomArrays.txt,InsertionSort,1,6.292900,62.07,0.00
randomArrays.txt,InsertionSort,2,5.051500,0.00,0.00
randomArrays.txt,InsertionSort,3,6.072700,64.32,0.00
randomArrays.txt,InsertionSort,1,43.206900,27.12,0.00
randomArrays.txt,InsertionSort,2,35.653300,21.91,0.00
randomArrays.txt,InsertionSort,3,49.392500,23.73,0.00
randomArrays.txt,InsertionSort,1,1.211700,0.00,0.00
randomArrays.txt,InsertionSort,2,1.663800,0.00,0.00
randomArrays.txt,InsertionSort,3,1.646900,0.00,0.00
randomArrays.txt,InsertionSort,1,3.456200,113.02,0.00
randomArrays.txt,InsertionSort,2,2.727700,0.00,0.00
randomArrays.txt,InsertionSort,3,2.650900,0.00,0.00
randomArrays.txt,InsertionSort,1,9.509800,0.00,0.00
randomArrays.txt,InsertionSort,2,15.031300,25.99,0.00
randomArrays.txt,InsertionSort,3,14.134300,27.64,0.00
randomArrays.txt,InsertionSort,1,41.544600,18.81,0.00
randomArrays.txt,InsertionSort,2,55.424300,28.19,0.00
randomArrays.txt,InsertionSort,3,57.440500,27.20,0.00
randomArrays.txt,InsertionSort,1,7.855100,49.73,0.00
randomArrays.txt,InsertionSort,2,13.846700,28.21,0.00
randomArrays.txt,InsertionSort,3,12.614500,30.97,0.00
randomArrays.txt,InsertionSort,1,7.177900,54.42,0.00
randomArrays.txt,InsertionSort,2,7.587600,0.00,0.00
randomArrays.txt,InsertionSort,3,8.396400,46.52,0.00
randomArrays.txt,InsertionSort,1,0.515900,0.00,0.00
randomArrays.txt,InsertionSort,2,0.495100,0.00,0.00
randomArrays.txt,InsertionSort,3,0.519000,0.00,0.00
randomArrays.txt,InsertionSort,1,10.156100,38.46,0.00
randomArrays.txt,InsertionSort,2,12.053600,32.41,0.00
randomArrays.txt,InsertionSort,3,13.837700,0.00,0.00
randomArrays.txt,InsertionSort,1,2.364400,165.21,0.00
randomArrays.txt,InsertionSort,2,2.324500,0.00,0.00
randomArrays.txt,InsertionSort,3,2.273600,0.00,0.00
randomArrays.txt,InsertionSort,1,7.871700,0.00,0.00
randomArrays.txt,InsertionSort,2,13.644800,28.63,0.00
randomArrays.txt,InsertionSort,3,16.996000,22.98,0.00
randomArrays.txt,InsertionSort,1,32.021000,24.40,0.00
randomArrays.txt,InsertionSort,2,30.981500,25.22,0.00
randomArrays.txt,InsertionSort,3,39.093700,19.98,0.00
randomArrays.txt,InsertionSort,1,48.799700,32.02,0.00
randomArrays.txt,InsertionSort,2,55.526700,21.10,0.00
randomArrays.txt,InsertionSort,3,52.905500,29.53,0.00
randomArrays.txt,InsertionSort,1,3.551300,0.00,0.00
randomArrays.txt,InsertionSort,2,5.100600,0.00,0.00
randomArrays.txt,InsertionSort,3,4.335000,90.11,0.00
randomArrays.txt,InsertionSort,1,54.757300,21.40,0.00
randomArrays.txt,InsertionSort,2,89.742500,21.76,0.00
randomArrays.txt,InsertionSort,3,51.599200,22.71,0.00
randomArrays.txt,InsertionSort,1,1.425300,274.07,0.00
randomArrays.txt,InsertionSort,2,1.407700,0.00,0.00
randomArrays.txt,InsertionSort,3,1.422600,0.00,0.00
randomArrays.txt,InsertionSort,1,2.421100,0.00,0.00
randomArrays.txt,InsertionSort,2,4.181900,0.00,0.00
randomArrays.txt,InsertionSort,3,3.741000,104.42,0.00
randomArrays.txt,InsertionSort,1,43.349700,18.02,0.00
randomArrays.txt,InsertionSort,2,61.403100,19.08,0.00
randomArrays.txt,InsertionSort,3,43.269900,27.08,0.00
randomArrays.txt,InsertionSort,1,17.727100,22.04,0.00
randomArrays.txt,InsertionSort,2,14.325800,27.27,0.00
randomArrays.txt,InsertionSort,3,18.989500,41.14,0.00
randomArrays.txt,InsertionSort,1,12.567600,0.00,0.00
randomArrays.txt,InsertionSort,2,8.935100,43.72,0.00
randomArrays.txt,InsertionSort,3,11.745900,33.26,0.00
randomArrays.txt,InsertionSort,1,71.106000,21.97,0.00
randomArrays.txt,InsertionSort,2,70.939000,27.53,0.00
randomArrays.txt,InsertionSort,3,54.473900,28.68,0.00
randomArrays.txt,InsertionSort,1,22.842600,34.20,0.00
randomArrays.txt,InsertionSort,2,39.406200,19.83,0.00
randomArrays.txt,InsertionSort,3,25.931900,30.13,0.00
randomArrays.txt,InsertionSort,1,10.975200,0.00,0.00
randomArrays.txt,InsertionSort,2,14.577900,26.80,0.00
randomArrays.txt,InsertionSort,3,17.720500,44.09,0.00
randomArrays.txt,InsertionSort,1,1.712500,0.00,0.00
randomArrays.txt,InsertionSort,2,1.698200,0.00,0.00
randomArrays.txt,InsertionSort,3,1.692500,0.00,0.00
randomArrays.txt,InsertionSort,1,2.350100,0.00,0.00
randomArrays.txt,InsertionSort,2,1.422000,274.70,0.00
randomArrays.txt,InsertionSort,3,1.619300,0.00,0.00
randomArrays.txt,InsertionSort,1,49.581900,23.64,0.00
randomArrays.txt,InsertionSort,2,62.216200,25.11,0.00
randomArrays.txt,InsertionSort,3,77.243600,25.29,0.00
randomArrays.txt,InsertionSort,1,31.785800,24.58,0.00
randomArrays.txt,InsertionSort,2,28.090900,27.81,0.00
randomArrays.txt,InsertionSort,3,34.190300,22.85,0.00
randomArrays.txt,InsertionSort,1,58.188900,26.85,0.00
randomArrays.txt,InsertionSort,2,65.405300,23.89,0.00
randomArrays.txt,InsertionSort,3,29.490500,26.49,0.00
randomArrays.txt,InsertionSort,1,20.137700,19.40,0.00
randomArrays.txt,InsertionSort,2,18.596200,21.01,0.00
randomArrays.txt,InsertionSort,3,12.557400,31.11,0.00
randomArrays.txt,InsertionSort,1,39.741100,29.49,0.00
randomArrays.txt,InsertionSort,2,72.782400,21.47,0.00
randomArrays.txt,InsertionSort,3,42.264000,27.73,0.00
randomArrays.txt,InsertionSort,1,65.775900,29.69,0.00
randomArrays.txt,InsertionSort,2,63.880200,24.46,0.00
randomArrays.txt,InsertionSort,3,42.170200,27.79,0.00
randomArrays.txt,InsertionSort,1,4.084700,0.00,0.00
randomArrays.txt,InsertionSort,2,4.302000,90.80,0.00
randomArrays.txt,InsertionSort,3,4.002900,0.00,0.00
randomArrays.txt,InsertionSort,1,44.802500,26.16,0.00
randomArrays.txt,InsertionSort,2,52.479300,22.33,0.00
randomArrays.txt,InsertionSort,3,51.685700,30.23,0.00
randomArrays.txt,InsertionSort,1,7.840800,49.82,0.00
randomArrays.txt,InsertionSort,2,11.048700,35.35,0.00
randomArrays.txt,InsertionSort,3,8.948800,0.00,0.00
randomArrays.txt,InsertionSort,1,5.635000,69.32,0.00
randomArrays.txt,InsertionSort,2,47.118800,0.00,0.00
randomArrays.txt,InsertionSort,3,5.192700,0.00,0.00
randomArrays.txt,InsertionSort,1,26.748200,14.60,0.00
randomArrays.txt,InsertionSort,2,21.526100,18.15,0.00
randomArrays.txt,InsertionSort,3,14.454100,27.03,0.00
randomArrays.txt,InsertionSort,1,7.609400,51.33,0.00
randomArrays.txt,InsertionSort,2,25.313500,15.43,0.00
randomArrays.txt,InsertionSort,3,22.594200,34.58,0.00
randomArrays.txt,InsertionSort,1,3.676100,0.00,0.00
randomArrays.txt,InsertionSort,2,3.702500,0.00,0.00
randomArrays.txt,InsertionSort,3,3.605900,108.33,0.00
randomArrays.txt,InsertionSort,1,7.719000,0.00,0.00
randomArrays.txt,InsertionSort,2,10.057200,38.84,0.00
randomArrays.txt,InsertionSort,3,8.272500,0.00,0.00
randomArrays.txt,InsertionSort,1,2.515700,0.00,0.00
randomArrays.txt,InsertionSort,2,1.728100,0.00,0.00
randomArrays.txt,InsertionSort,3,1.966400,0.00,0.00
randomArrays.txt,InsertionSort,1,5.317200,0.00,0.00
randomArrays.txt,InsertionSort,2,13.172900,29.65,0.00
randomArrays.txt,InsertionSort,3,12.122000,32.22,0.00
randomArrays.txt,InsertionSort,1,62.874700,24.85,0.00
randomArrays.txt,InsertionSort,2,68.998700,28.31,0.00
randomArrays.txt,InsertionSort,3,77.946700,25.06,0.00
randomArrays.txt,InsertionSort,1,7.167900,0.00,0.00
randomArrays.txt,InsertionSort,2,9.778700,39.95,0.00
randomArrays.txt,InsertionSort,3,12.968600,30.12,0.00
randomArrays.txt,InsertionSort,1,76.513100,20.42,0.00
randomArrays.txt,InsertionSort,2,63.395400,24.65,0.00
randomArrays.txt,InsertionSort,3,63.055800,30.97,0.00
randomArrays.txt,InsertionSort,1,52.474400,22.33,0.00
randomArrays.txt,InsertionSort,2,35.218400,22.18,0.00
randomArrays.txt,InsertionSort,3,48.558800,24.13,0.00
randomArrays.txt,InsertionSort,1,0.298300,0.00,0.00
randomArrays.txt,InsertionSort,2,0.383100,0.00,0.00
randomArrays.txt,InsertionSort,3,0.390500,0.00,0.00
randomArrays.txt,InsertionSort,1,12.666400,0.00,0.00
randomArrays.txt,InsertionSort,2,8.016300,48.73,0.00
randomArrays.txt,InsertionSort,3,14.530100,26.88,0.00
randomArrays.txt,InsertionSort,1,80.650200,24.22,0.00
randomArrays.txt,InsertionSort,2,89.059000,26.32,0.00
randomArrays.txt,InsertionSort,3,91.357600,25.65,0.00
randomArrays.txt,InsertionSort,1,53.083300,22.08,0.00
randomArrays.txt,InsertionSort,2,52.163300,29.95,0.00
randomArrays.txt,InsertionSort,3,51.163400,22.90,0.00
randomArrays.txt,InsertionSort,1,15.916600,24.54,0.00
randomArrays.txt,InsertionSort,2,24.789700,15.76,0.00
randomArrays.txt,InsertionSort,3,15.902400,24.56,0.00
randomArrays.txt,InsertionSort,1,5.768000,0.00,0.00
randomArrays.txt,InsertionSort,2,5.948200,65.67,0.00
randomArrays.txt,InsertionSort,3,4.881700,0.00,0.00
randomArrays.txt,InsertionSort,1,13.774400,28.36,0.00
randomArrays.txt,InsertionSort,2,7.918400,0.00,0.00
randomArrays.txt,InsertionSort,3,9.674600,40.38,0.00
randomArrays.txt,InsertionSort,1,40.867500,28.67,0.00
randomArrays.txt,InsertionSort,2,64.260900,24.31,0.00
randomArrays.txt,InsertionSort,3,42.643800,27.48,0.00
randomArrays.txt,InsertionSort,1,13.250400,29.48,0.00
randomArrays.txt,InsertionSort,2,12.323200,31.70,0.00
randomArrays.txt,InsertionSort,3,8.985600,0.00,0.00
randomArrays.txt,InsertionSort,1,41.318200,18.91,0.00
randomArrays.txt,InsertionSort,2,30.613700,25.52,0.00
randomArrays.txt,InsertionSort,3,40.111600,29.22,0.00
randomArrays.txt,InsertionSort,1,58.026900,20.20,0.00
randomArrays.txt,InsertionSort,2,31.775900,36.88,0.00
randomArrays.txt,InsertionSort,3,59.334200,19.75,0.00
randomArrays.txt,InsertionSort,1,50.787700,23.07,0.00
randomArrays.txt,InsertionSort,2,40.226700,29.13,0.00
randomArrays.txt,InsertionSort,3,28.112900,13.89,0.00
randomArrays.txt,InsertionSort,1,57.645100,20.33,0.00
randomArrays.txt,InsertionSort,2,53.741100,29.07,0.00
randomArrays.txt,InsertionSort,3,55.068000,21.28,0.00
randomArrays.txt,InsertionSort,1,0.078000,0.00,0.00
randomArrays.txt,InsertionSort,2,0.072800,0.00,0.00
randomArrays.txt,InsertionSort,3,0.140200,0.00,0.00
randomArrays.txt,InsertionSort,1,9.564800,40.84,0.00
randomArrays.txt,InsertionSort,2,10.735500,0.00,0.00
randomArrays.txt,InsertionSort,3,5.944800,65.71,0.00
randomArrays.txt,InsertionSort,1,15.007900,26.03,0.00
randomArrays.txt,InsertionSort,2,19.750500,19.78,0.00
randomArrays.txt,InsertionSort,3,17.180000,22.74,0.00
randomArrays.txt,InsertionSort,1,26.184800,14.92,0.00
randomArrays.txt,InsertionSort,2,21.953200,17.79,0.00
randomArrays.txt,InsertionSort,3,28.372800,27.54,0.00
randomArrays.txt,InsertionSort,1,32.999900,23.67,0.00
randomArrays.txt,InsertionSort,2,18.489200,42.25,0.00
randomArrays.txt,InsertionSort,3,38.658100,20.21,0.00
randomArrays.txt,InsertionSort,1,3.496600,111.72,0.00
randomArrays.txt,InsertionSort,2,3.388100,0.00,0.00
randomArrays.txt,InsertionSort,3,4.346100,0.00,0.00
randomArrays.txt,InsertionSort,1,0.981200,0.00,0.00
randomArrays.txt,InsertionSort,2,1.280200,0.00,0.00
randomArrays.txt,InsertionSort,3,0.808500,0.00,0.00
randomArrays.txt,InsertionSort,1,4.256100,0.00,0.00
randomArrays.txt,InsertionSort,2,3.894900,0.00,0.00
randomArrays.txt,InsertionSort,3,2.577700,0.00,0.00
randomArrays.txt,InsertionSort,1,44.599200,26.28,0.00
randomArrays.txt,InsertionSort,2,70.653800,27.64,0.00
randomArrays.txt,InsertionSort,3,61.295300,25.49,0.00
randomArrays.txt,InsertionSort,1,1.982100,0.00,0.00
randomArrays.txt,InsertionSort,2,1.902900,0.00,0.00
randomArrays.txt,InsertionSort,3,1.925400,0.00,0.00
randomArrays.txt,InsertionSort,1,0.197100,0.00,0.00
randomArrays.txt,InsertionSort,2,0.133500,0.00,0.00
randomArrays.txt,InsertionSort,3,0.189600,0.00,0.00
randomArrays.txt,InsertionSort,1,20.970300,18.63,0.00
randomArrays.txt,InsertionSort,2,21.958400,35.58,0.00
randomArrays.txt,InsertionSort,3,24.405000,16.01,0.00
randomArrays.txt,InsertionSort,1,22.648400,17.25,0.00
randomArrays.txt,InsertionSort,2,15.842900,24.66,0.00
randomArrays.txt,InsertionSort,3,13.098700,29.82,0.00
randomArrays.txt,InsertionSort,1,56.656900,27.58,0.00
randomArrays.txt,InsertionSort,2,43.402200,27.00,0.00
randomArrays.txt,InsertionSort,3,52.085600,22.50,0.00
randomArrays.txt,InsertionSort,1,0.996800,0.00,0.00
randomArrays.txt,InsertionSort,2,0.539200,0.00,0.00
randomArrays.txt,InsertionSort,3,0.561500,0.00,0.00
randomArrays.txt,InsertionSort,1,61.006900,25.61,0.00
randomArrays.txt,InsertionSort,2,39.534800,29.64,0.00
randomArrays.txt,InsertionSort,3,72.191100,27.05,0.00
randomArrays.txt,InsertionSort,1,25.598700,30.52,0.00
randomArrays.txt,InsertionSort,2,27.279000,14.32,0.00
randomArrays.txt,InsertionSort,3,20.472800,38.16,0.00
randomArrays.txt,InsertionSort,1,0.076800,0.00,0.00
randomArrays.txt,InsertionSort,2,0.186300,0.00,0.00
randomArrays.txt,InsertionSort,3,0.186800,0.00,0.00
randomArrays.txt,InsertionSort,1,0.606600,0.00,0.00
randomArrays.txt,InsertionSort,2,0.903700,0.00,0.00
randomArrays.txt,InsertionSort,3,0.926900,0.00,0.00
randomArrays.txt,InsertionSort,1,7.538300,51.82,0.00
randomArrays.txt,InsertionSort,2,9.623100,0.00,0.00
randomArrays.txt,InsertionSort,3,6.096200,64.08,0.00
randomArrays.txt,InsertionSort,1,2.604000,0.00,0.00
randomArrays.txt,InsertionSort,2,2.725400,143.33,0.00
randomArrays.txt,InsertionSort,3,2.807800,0.00,0.00
randomArrays.txt,InsertionSort,1,40.524700,28.92,0.00
randomArrays.txt,InsertionSort,2,32.750800,23.85,0.00
randomArrays.txt,InsertionSort,3,47.387000,24.73,0.00
randomArrays.txt,InsertionSort,1,20.018000,39.03,0.00
randomArrays.txt,InsertionSort,2,25.679900,15.21,0.00
randomArrays.txt,InsertionSort,3,11.751700,0.00,0.00
randomArrays.txt,InsertionSort,1,6.651600,0.00,0.00
randomArrays.txt,InsertionSort,2,2.618800,0.00,0.00
randomArrays.txt,InsertionSort,3,6.603100,59.16,0.00
randomArrays.txt,InsertionSort,1,50.164600,23.36,0.00
randomArrays.txt,InsertionSort,2,64.933400,24.06,0.00
randomArrays.txt,InsertionSort,3,81.923300,23.84,0.00
randomArrays.txt,InsertionSort,1,10.663800,36.63,0.00
randomArrays.txt,InsertionSort,2,11.652000,0.00,0.00
randomArrays.txt,InsertionSort,3,5.613900,0.00,0.00
randomArrays.txt,InsertionSort,1,71.853900,27.18,0.00
randomArrays.txt,InsertionSort,2,67.161400,23.26,0.00
randomArrays.txt,InsertionSort,3,43.170400,27.15,0.00
randomArrays.txt,InsertionSort,1,44.161300,26.54,0.00
randomArrays.txt,InsertionSort,2,52.817200,22.19,0.00
randomArrays.txt,InsertionSort,3,44.076500,17.72,0.00
randomArrays.txt,InsertionSort,1,52.589600,22.28,0.00
randomArrays.txt,InsertionSort,2,47.242900,24.81,0.00
randomArrays.txt,InsertionSort,3,37.583300,31.18,0.00
randomArrays.txt,InsertionSort,1,27.911500,27.99,0.00
randomArrays.txt,InsertionSort,2,28.735300,27.19,0.00
randomArrays.txt,InsertionSort,3,39.706600,29.51,0.00
randomArrays.txt,InsertionSort,1,14.027300,27.85,0.00
randomArrays.txt,InsertionSort,2,33.121700,23.59,0.00
randomArrays.txt,InsertionSort,3,25.069900,15.58,0.00
randomArrays.txt,InsertionSort,1,58.420700,20.06,0.00
randomArrays.txt,InsertionSort,2,75.358800,25.92,0.00
randomArrays.txt,InsertionSort,3,81.787400,23.88,0.00
randomArrays.txt,InsertionSort,1,29.087800,13.43,0.00
randomArrays.txt,InsertionSort,2,28.218700,27.69,0.00
randomArrays.txt,InsertionSort,3,24.402700,32.01,0.00
randomArrays.txt,InsertionSort,1,24.351000,16.04,0.00
randomArrays.txt,InsertionSort,2,34.775200,22.47,0.00
randomArrays.txt,InsertionSort,3,47.252500,24.80,0.00
randomArrays.txt,InsertionSort,1,0.171300,0.00,0.00
randomArrays.txt,InsertionSort,2,0.196900,0.00,0.00
randomArrays.txt,InsertionSort,3,0.185100,0.00,0.00
randomArrays.txt,InsertionSort,1,23.924200,16.33,0.00
randomArrays.txt,InsertionSort,2,17.593800,22.20,0.00
randomArrays.txt,InsertionSort,3,22.382600,34.90,0.00
randomArrays.txt,InsertionSort,1,1.175200,0.00,0.00
randomArrays.txt,InsertionSort,2,1.268200,0.00,0.00
randomArrays.txt,InsertionSort,3,1.238800,0.00,0.00
randomArrays.txt,InsertionSort,1,35.901700,21.76,0.00
randomArrays.txt,InsertionSort,2,38.652400,30.32,0.00
randomArrays.txt,InsertionSort,3,27.518700,28.39,0.00
randomArrays.txt,InsertionSort,1,33.270900,23.48,0.00
randomArrays.txt,InsertionSort,2,27.688900,14.11,0.00
randomArrays.txt,InsertionSort,3,29.603100,26.39,0.00
randomArrays.txt,InsertionSort,1,5.748100,67.96,0.00
randomArrays.txt,InsertionSort,2,5.823500,0.00,0.00
randomArrays.txt,InsertionSort,3,5.538200,0.00,0.00
randomArrays.txt,InsertionSort,1,15.663800,24.94,0.00
randomArrays.txt,InsertionSort,2,11.068300,35.29,0.00
randomArrays.txt,InsertionSort,3,18.310300,21.33,0.00
randomArrays.txt,InsertionSort,1,5.766000,0.00,0.00
randomArrays.txt,InsertionSort,2,7.580000,51.53,0.00
randomArrays.txt,InsertionSort,3,3.161500,0.00,0.00
randomArrays.txt,InsertionSort,1,59.537200,13.12,0.00
randomArrays.txt,InsertionSort,2,27.964700,27.94,0.00
randomArrays.txt,InsertionSort,3,82.146900,23.78,0.00
randomArrays.txt,InsertionSort,1,20.304400,19.24,0.00
randomArrays.txt,InsertionSort,2,12.912300,30.25,0.00
randomArrays.txt,InsertionSort,3,8.298400,0.00,0.00
randomArrays.txt,InsertionSort,1,13.142000,29.72,0.00
randomArrays.txt,InsertionSort,2,15.528900,25.15,0.00
randomArrays.txt,InsertionSort,3,7.631200,51.19,0.00
randomArrays.txt,InsertionSort,1,28.903200,13.51,0.00
randomArrays.txt,InsertionSort,2,22.072200,35.40,0.00
randomArrays.txt,InsertionSort,3,18.686300,20.90,0.00
randomArrays.txt,InsertionSort,1,69.160600,22.59,0.00
randomArrays.txt,InsertionSort,2,72.089500,27.09,0.00
randomArrays.txt,InsertionSort,3,63.508000,24.60,0.00
randomArrays.txt,InsertionSort,1,2.823000,0.00,0.00
randomArrays.txt,InsertionSort,2,2.821000,0.00,0.00
randomArrays.txt,InsertionSort,3,2.822900,138.38,0.00
randomArrays.txt,InsertionSort,1,1.713000,0.00,0.00
randomArrays.txt,InsertionSort,2,3.440000,113.55,0.00
randomArrays.txt,InsertionSort,3,3.470900,0.00,0.00
randomArrays.txt,InsertionSort,1,4.545100,85.94,0.00
randomArrays.txt,InsertionSort,2,5.744400,0.00,0.00
randomArrays.txt,InsertionSort,3,5.191900,0.00,0.00
randomArrays.txt,InsertionSort,1,39.281500,29.83,0.00
randomArrays.txt,InsertionSort,2,46.369400,25.27,0.00
randomArrays.txt,InsertionSort,3,62.671100,24.93,0.00
randomArrays.txt,InsertionSort,1,21.255600,18.38,0.00
randomArrays.txt,InsertionSort,2,26.379900,29.62,0.00
randomArrays.txt,InsertionSort,3,23.077000,33.85,0.00
randomArrays.txt,InsertionSort,1,18.856700,20.72,0.00
randomArrays.txt,InsertionSort,2,24.085300,16.22,0.00
randomArrays.txt,InsertionSort,3,21.812500,35.82,0.00
randomArrays.txt,InsertionSort,1,0.027400,0.00,0.00
randomArrays.txt,InsertionSort,2,0.041200,0.00,0.00
randomArrays.txt,InsertionSort,3,0.050600,0.00,0.00
randomArrays.txt,InsertionSort,1,39.941100,29.34,0.00
randomArrays.txt,InsertionSort,2,49.647000,23.60,0.00
randomArrays.txt,InsertionSort,3,37.329700,20.93,0.00
randomArrays.txt,InsertionSort,1,23.439800,16.67,0.00
randomArrays.txt,InsertionSort,2,25.776200,30.31,0.00
randomArrays.txt,InsertionSort,3,32.711300,23.88,0.00
randomArrays.txt,InsertionSort,1,10.525400,37.11,0.00
randomArrays.txt,InsertionSort,2,6.147000,0.00,0.00
randomArrays.txt,InsertionSort,3,7.887900,0.00,0.00
randomArrays.txt,InsertionSort,1,47.385100,24.73,0.00
randomArrays.txt,InsertionSort,2,26.583000,14.69,0.00
randomArrays.txt,InsertionSort,3,38.189600,20.46,0.00
randomArrays.txt,InsertionSort,1,10.866000,0.00,0.00
randomArrays.txt,InsertionSort,2,15.646400,24.97,0.00
randomArrays.txt,InsertionSort,3,25.718200,30.38,0.00
randomArrays.txt,InsertionSort,1,50.943000,30.67,0.00
randomArrays.txt,InsertionSort,2,76.283400,25.60,0.00
randomArrays.txt,InsertionSort,3,80.316800,24.32,0.00
randomArrays.txt,InsertionSort,1,34.166100,22.87,0.00
randomArrays.txt,InsertionSort,2,43.469200,26.96,0.00
randomArrays.txt,InsertionSort,3,56.764100,20.64,0.00
randomArrays.txt,InsertionSort,1,1.471100,0.00,0.00
randomArrays.txt,InsertionSort,2,0.910400,0.00,0.00
randomArrays.txt,InsertionSort,3,1.607800,0.00,0.00
randomArrays.txt,InsertionSort,1,41.475000,28.25,0.00
randomArrays.txt,InsertionSort,2,42.616500,27.50,0.00
randomArrays.txt,InsertionSort,3,57.589100,20.35,0.00
randomArrays.txt,InsertionSort,1,65.398500,23.89,0.00
randomArrays.txt,InsertionSort,2,77.378900,25.24,0.00
randomArrays.txt,InsertionSort,3,44.723100,26.20,0.00
randomArrays.txt,InsertionSort,1,6.076400,64.29,0.00
randomArrays.txt,InsertionSort,2,6.266800,0.00,0.00
randomArrays.txt,InsertionSort,3,5.917600,0.00,0.00
randomArrays.txt,InsertionSort,1,24.517800,15.93,0.00
randomArrays.txt,InsertionSort,2,28.137100,27.77,0.00
randomArrays.txt,InsertionSort,3,43.087300,27.20,0.00
randomArrays.txt,InsertionSort,1,1.705300,0.00,0.00
randomArrays.txt,InsertionSort,2,3.003100,130.07,0.00
randomArrays.txt,InsertionSort,3,3.292900,0.00,0.00
randomArrays.txt,InsertionSort,1,3.246800,120.31,0.00
randomArrays.txt,InsertionSort,2,3.976200,0.00,0.00
randomArrays.txt,InsertionSort,3,6.045600,0.00,0.00
randomArrays.txt,InsertionSort,1,11.748800,33.25,0.00
randomArrays.txt,InsertionSort,2,11.457100,34.09,0.00
randomArrays.txt,InsertionSort,3,6.706000,0.00,0.00
randomArrays.txt,InsertionSort,1,44.602600,26.27,0.00
randomArrays.txt,InsertionSort,2,51.137600,30.55,0.00
randomArrays.txt,InsertionSort,3,52.021200,22.53,0.00
randomArrays.txt,InsertionSort,1,35.464200,22.03,0.00
randomArrays.txt,InsertionSort,2,39.802300,29.44,0.00
randomArrays.txt,InsertionSort,3,41.480500,18.83,0.00
randomArrays.txt,InsertionSort,1,30.287600,25.79,0.00
randomArrays.txt,InsertionSort,2,26.281000,14.86,0.00
randomArrays.txt,InsertionSort,3,25.098300,31.13,0.00
randomArrays.txt,InsertionSort,1,0.019200,0.00,0.00
randomArrays.txt,InsertionSort,2,0.021800,0.00,0.00
randomArrays.txt,InsertionSort,3,0.022000,0.00,0.00
randomArrays.txt,InsertionSort,1,8.743200,0.00,0.00
randomArrays.txt,InsertionSort,2,12.522900,31.19,0.00
randomArrays.txt,InsertionSort,3,8.129100,48.05,0.00
randomArrays.txt,InsertionSort,1,76.015500,25.69,0.00
randomArrays.txt,InsertionSort,2,85.428200,22.86,0.00
randomArrays.txt,InsertionSort,3,54.461000,28.69,0.00
randomArrays.txt,InsertionSort,1,3.036100,128.66,0.00
randomArrays.txt,InsertionSort,2,2.917900,0.00,0.00
randomArrays.txt,InsertionSort,3,1.479600,0.00,0.00
randomArrays.txt,InsertionSort,1,30.866600,25.31,0.00
randomArrays.txt,InsertionSort,2,59.752200,19.61,0.00
randomArrays.txt,InsertionSort,3,43.457300,26.97,0.00
randomArrays.txt,InsertionSort,1,0.126000,0.00,0.00
randomArrays.txt,InsertionSort,2,0.182700,0.00,0.00
randomArrays.txt,InsertionSort,3,0.189100,0.00,0.00
randomArrays.txt,InsertionSort,1,1.989100,0.00,0.00
randomArrays.txt,InsertionSort,2,1.492000,0.00,0.00
randomArrays.txt,InsertionSort,3,1.289900,0.00,0.00
randomArrays.txt,InsertionSort,1,4.947400,78.96,0.00
randomArrays.txt,InsertionSort,2,3.109600,0.00,0.00
randomArrays.txt,InsertionSort,3,7.457800,52.38,0.00
randomArrays.txt,InsertionSort,1,18.478300,21.14,0.00
randomArrays.txt,InsertionSort,2,13.018800,30.00,0.00
randomArrays.txt,InsertionSort,3,11.509900,33.94,0.00
randomArrays.txt,InsertionSort,1,4.368000,0.00,0.00
randomArrays.txt,InsertionSort,2,4.327800,0.00,0.00
randomArrays.txt,InsertionSort,3,4.311600,90.60,0.00
randomArrays.txt,InsertionSort,1,30.703200,25.45,0.00
randomArrays.txt,InsertionSort,2,29.651500,26.35,0.00
randomArrays.txt,InsertionSort,3,27.947500,13.98,0.00
randomArrays.txt,InsertionSort,1,7.232000,0.00,0.00
randomArrays.txt,InsertionSort,2,9.765400,40.00,0.00
randomArrays.txt,InsertionSort,3,6.523800,59.88,0.00
randomArrays.txt,InsertionSort,1,0.284500,0.00,0.00
randomArrays.txt,InsertionSort,2,0.287000,0.00,0.00
randomArrays.txt,InsertionSort,3,0.289700,0.00,0.00
randomArrays.txt,InsertionSort,1,4.400500,0.00,0.00
randomArrays.txt,InsertionSort,2,7.698500,50.74,0.00
randomArrays.txt,InsertionSort,3,6.342500,0.00,0.00
randomArrays.txt,InsertionSort,1,42.397800,18.43,0.00
randomArrays.txt,InsertionSort,2,38.325000,20.38,0.00
randomArrays.txt,InsertionSort,3,29.064800,26.88,0.00
randomArrays.txt,InsertionSort,1,41.423200,28.29,0.00
randomArrays.txt,InsertionSort,2,32.025100,24.39,0.00
randomArrays.txt,InsertionSort,3,37.708300,20.72,0.00
randomArrays.txt,InsertionSort,1,26.806000,14.57,0.00
randomArrays.txt,InsertionSort,2,18.510000,21.10,0.00
randomArrays.txt,InsertionSort,3,20.064100,19.47,0.00
randomArrays.txt,InsertionSort,1,9.467700,0.00,0.00
randomArrays.txt,InsertionSort,2,7.009800,55.73,0.00
randomArrays.txt,InsertionSort,3,10.403000,37.55,0.00
randomArrays.txt,InsertionSort,1,36.354900,21.49,0.00
randomArrays.txt,InsertionSort,2,27.758800,28.14,0.00
randomArrays.txt,InsertionSort,3,21.845800,17.88,0.00
randomArrays.txt,InsertionSort,1,20.349100,19.20,0.00
randomArrays.txt,InsertionSort,2,16.767200,46.59,0.00
randomArrays.txt,InsertionSort,3,20.576300,18.98,0.00
randomArrays.txt,InsertionSort,1,12.711000,0.00,0.00
randomArrays.txt,InsertionSort,2,10.037700,38.92,0.00
randomArrays.txt,InsertionSort,3,12.828000,30.45,0.00
randomArrays.txt,InsertionSort,1,32.584500,23.98,0.00
randomArrays.txt,InsertionSort,2,29.635500,26.36,0.00
randomArrays.txt,InsertionSort,3,31.547500,24.76,0.00
randomArrays.txt,InsertionSort,1,16.847000,23.19,0.00
randomArrays.txt,InsertionSort,2,13.163000,29.68,0.00
randomArrays.txt,InsertionSort,3,12.470500,31.32,0.00
randomArrays.txt,InsertionSort,1,4.758200,82.10,0.00
randomArrays.txt,InsertionSort,2,10.134300,0.00,0.00
randomArrays.txt,InsertionSort,3,8.584400,45.50,0.00
randomArrays.txt,InsertionSort,1,0.694900,0.00,0.00
randomArrays.txt,InsertionSort,2,0.543800,0.00,0.00
randomArrays.txt,InsertionSort,3,0.553300,0.00,0.00
randomArrays.txt,InsertionSort,1,38.608100,20.24,0.00
randomArrays.txt,InsertionSort,2,24.973500,15.64,0.00
randomArrays.txt,InsertionSort,3,35.405100,33.10,0.00
randomArrays.txt,InsertionSort,1,46.197300,25.37,0.00
randomArrays.txt,InsertionSort,2,48.430700,24.20,0.00
randomArrays.txt,InsertionSort,3,49.192400,31.76,0.00
randomArrays.txt,InsertionSort,1,55.069700,28.37,0.00
randomArrays.txt,InsertionSort,2,52.723000,22.23,0.00
randomArrays.txt,InsertionSort,3,68.393900,28.56,0.00
randomArrays.txt,InsertionSort,1,33.023500,23.66,0.00
randomArrays.txt,InsertionSort,2,35.531100,21.99,0.00
randomArrays.txt,InsertionSort,3,44.271800,26.47,0.00
randomArrays.txt,InsertionSort,1,60.380100,25.88,0.00
randomArrays.txt,InsertionSort,2,67.447000,23.17,0.00
randomArrays.txt,InsertionSort,3,79.670900,24.51,0.00
randomArrays.txt,InsertionSort,1,12.802200,30.51,0.00
randomArrays.txt,InsertionSort,2,25.934900,30.12,0.00
randomArrays.txt,InsertionSort,3,19.249800,20.29,0.00
randomArrays.txt,InsertionSort,1,1.251900,0.00,0.00
randomArrays.txt,InsertionSort,2,1.252500,0.00,0.00
randomArrays.txt,InsertionSort,3,1.252300,0.00,0.00
randomArrays.txt,InsertionSort,1,57.713800,27.07,0.00
randomArrays.txt,InsertionSort,2,60.471600,25.84,0.00
randomArrays.txt,InsertionSort,3,48.029600,24.40,0.00
randomArrays.txt,InsertionSort,1,43.220300,18.08,0.00
randomArrays.txt,InsertionSort,2,41.255200,18.94,0.00
randomArrays.txt,InsertionSort,3,55.684700,28.06,0.00
randomArrays.txt,InsertionSort,1,29.206700,26.75,0.00
randomArrays.txt,InsertionSort,2,15.159000,25.77,0.00
randomArrays.txt,InsertionSort,3,22.595800,17.29,0.00
randomArrays.txt,InsertionSort,1,6.247900,62.52,0.00
randomArrays.txt,InsertionSort,2,6.176900,0.00,0.00
randomArrays.txt,InsertionSort,3,8.985300,43.47,0.00
randomArrays.txt,InsertionSort,1,62.212400,25.12,0.00
randomArrays.txt,InsertionSort,2,52.798600,29.59,0.00
randomArrays.txt,InsertionSort,3,72.338100,21.60,0.00
randomArrays.txt,InsertionSort,1,2.859700,0.00,0.00
randomArrays.txt,InsertionSort,2,2.776200,0.00,0.00
randomArrays.txt,InsertionSort,3,2.849700,0.00,0.00
randomArrays.txt,InsertionSort,1,26.838700,29.11,0.00
randomArrays.txt,InsertionSort,2,29.270200,26.69,0.00
randomArrays.txt,InsertionSort,3,22.232500,17.57,0.00
randomArrays.txt,InsertionSort,1,1.643300,0.00,0.00
randomArrays.txt,InsertionSort,2,1.689000,0.00,0.00
randomArrays.txt,InsertionSort,3,1.681100,0.00,0.00
randomArrays.txt,InsertionSort,1,33.586900,23.26,0.00
randomArrays.txt,InsertionSort,2,36.321400,21.51,0.00
randomArrays.txt,InsertionSort,3,32.743900,23.86,0.00
randomArrays.txt,InsertionSort,1,33.968100,23.00,0.00
randomArrays.txt,InsertionSort,2,55.259900,28.28,0.00
randomArrays.txt,InsertionSort,3,55.547700,21.10,0.00
randomArrays.txt,InsertionSort,1,37.967300,30.87,0.00
randomArrays.txt,InsertionSort,2,28.897400,27.04,0.00
randomArrays.txt,InsertionSort,3,51.528700,22.74,0.00
randomArrays.txt,InsertionSort,1,2.618700,0.00,0.00
randomArrays.txt,InsertionSort,2,4.828600,0.00,0.00
randomArrays.txt,InsertionSort,3,5.291400,73.82,0.00
randomArrays.txt,InsertionSort,1,51.292600,30.46,0.00
randomArrays.txt,InsertionSort,2,70.917900,22.03,0.00
randomArrays.txt,InsertionSort,3,70.315900,27.78,0.00
randomArrays.txt,InsertionSort,1,0.837300,0.00,0.00
randomArrays.txt,InsertionSort,2,0.855400,0.00,0.00
randomArrays.txt,InsertionSort,3,1.080800,0.00,0.00
randomArrays.txt,InsertionSort,1,21.056000,18.55,0.00
randomArrays.txt,InsertionSort,2,24.128200,32.38,0.00
randomArrays.txt,InsertionSort,3,29.245600,26.71,0.00
randomArrays.txt,InsertionSort,1,8.249700,47.35,0.00
randomArrays.txt,InsertionSort,2,10.666500,0.00,0.00
randomArrays.txt,InsertionSort,3,8.792600,0.00,0.00
randomArrays.txt,InsertionSort,1,2.636000,0.00,0.00
randomArrays.txt,InsertionSort,2,2.693500,0.00,0.00
randomArrays.txt,InsertionSort,3,1.655500,0.00,0.00
randomArrays.txt,InsertionSort,1,0.611200,0.00,0.00
randomArrays.txt,InsertionSort,2,0.714300,0.00,0.00
randomArrays.txt,InsertionSort,3,1.058000,0.00,0.00
randomArrays.txt,InsertionSort,1,37.587100,31.18,0.00
randomArrays.txt,InsertionSort,2,48.756100,24.04,0.00
randomArrays.txt,InsertionSort,3,43.847800,26.73,0.00
randomArrays.txt,InsertionSort,1,0.035700,0.00,0.00
randomArrays.txt,InsertionSort,2,0.051200,0.00,0.00
randomArrays.txt,InsertionSort,3,0.051800,0.00,0.00
randomArrays.txt,InsertionSort,1,3.885000,0.00,0.00
randomArrays.txt,InsertionSort,2,2.882900,135.50,0.00
randomArrays.txt,InsertionSort,3,2.598300,0.00,0.00
randomArrays.txt,InsertionSort,1,18.862800,41.42,0.00
randomArrays.txt,InsertionSort,2,9.428900,0.00,0.00
randomArrays.txt,InsertionSort,3,18.323500,21.32,0.00
randomArrays.txt,InsertionSort,1,28.099000,27.80,0.00
randomArrays.txt,InsertionSort,2,31.949400,24.45,0.00
randomArrays.txt,InsertionSort,3,28.901100,27.03,0.00
randomArrays.txt,InsertionSort,1,48.345600,16.16,0.00
randomArrays.txt,InsertionSort,2,27.740900,28.16,0.00
randomArrays.txt,InsertionSort,3,31.443600,24.85,0.00
randomArrays.txt,InsertionSort,1,15.333300,25.48,0.00
randomArrays.txt,InsertionSort,2,9.381500,0.00,0.00
randomArrays.txt,InsertionSort,3,20.906600,37.37,0.00
randomArrays.txt,InsertionSort,1,88.312800,26.54,0.00
randomArrays.txt,InsertionSort,2,64.174800,24.35,0.00
randomArrays.txt,InsertionSort,3,40.273800,29.10,0.00
randomArrays.txt,InsertionSort,1,26.874200,29.07,0.00
randomArrays.txt,InsertionSort,2,21.908700,35.66,0.00
randomArrays.txt,InsertionSort,3,18.521100,21.09,0.00
randomArrays.txt,InsertionSort,1,2.288600,0.00,0.00
randomArrays.txt,InsertionSort,2,2.248300,0.00,0.00
randomArrays.txt,InsertionSort,3,1.658000,0.00,0.00
randomArrays.txt,InsertionSort,1,33.522400,23.31,0.00
randomArrays.txt,InsertionSort,2,36.119300,21.63,0.00
randomArrays.txt,InsertionSort,3,59.685700,26.18,0.00
randomArrays.txt,InsertionSort,1,52.095700,22.49,0.00
randomArrays.txt,InsertionSort,2,88.742100,26.41,0.00
randomArrays.txt,InsertionSort,3,56.730600,27.54,0.00
randomArrays.txt,InsertionSort,1,2.127400,0.00,0.00
randomArrays.txt,InsertionSort,2,3.745400,0.00,0.00
randomArrays.txt,InsertionSort,3,3.350100,0.00,0.00
randomArrays.txt,InsertionSort,1,25.974800,15.04,0.00
randomArrays.txt,InsertionSort,2,30.179400,25.89,0.00
randomArrays.txt,InsertionSort,3,47.764800,24.53,0.00
randomArrays.txt,InsertionSort,1,10.182500,38.36,0.00
randomArrays.txt,InsertionSort,2,7.693300,50.77,0.00
randomArrays.txt,InsertionSort,3,6.972800,0.00,0.00
randomArrays.txt,InsertionSort,1,38.127400,20.49,0.00
randomArrays.txt,InsertionSort,2,42.776300,18.26,0.00
randomArrays.txt,InsertionSort,3,38.747400,30.24,0.00
randomArrays.txt,InsertionSort,1,6.465800,60.41,0.00
randomArrays.txt,InsertionSort,2,6.594500,0.00,0.00
randomArrays.txt,InsertionSort,3,6.115900,63.87,0.00
randomArrays.txt,InsertionSort,1,8.790100,0.00,0.00
randomArrays.txt,InsertionSort,2,9.316500,41.93,0.00
randomArrays.txt,InsertionSort,3,5.671200,0.00,0.00
randomArrays.txt,InsertionSort,1,42.360700,27.66,0.00
randomArrays.txt,InsertionSort,2,37.996300,20.56,0.00
randomArrays.txt,InsertionSort,3,33.984000,34.48,0.00
randomArrays.txt,InsertionSort,1,50.449600,23.23,0.00
randomArrays.txt,InsertionSort,2,33.863300,23.07,0.00
randomArrays.txt,InsertionSort,3,52.133900,22.48,0.00
randomArrays.txt,InsertionSort,1,72.881200,21.44,0.00
randomArrays.txt,InsertionSort,2,74.891400,26.08,0.00
randomArrays.txt,InsertionSort,3,81.911100,23.84,0.00
randomArrays.txt,InsertionSort,1,17.785600,21.96,0.00
randomArrays.txt,InsertionSort,2,20.134300,19.40,0.00
randomArrays.txt,InsertionSort,3,20.811700,18.77,0.00
randomArrays.txt,InsertionSort,1,11.957500,32.67,0.00
randomArrays.txt,InsertionSort,2,17.244500,22.65,0.00
randomArrays.txt,InsertionSort,3,18.561200,21.05,0.00
randomArrays.txt,InsertionSort,1,1.545500,0.00,0.00
randomArrays.txt,InsertionSort,2,1.522700,0.00,0.00
randomArrays.txt,InsertionSort,3,1.573100,0.00,0.00
randomArrays.txt,InsertionSort,1,60.905000,25.65,0.00
randomArrays.txt,InsertionSort,2,40.646100,19.22,0.00
randomArrays.txt,InsertionSort,3,48.189900,24.32,0.00
randomArrays.txt,InsertionSort,1,15.750000,24.80,0.00
randomArrays.txt,InsertionSort,2,12.827300,30.45,0.00
randomArrays.txt,InsertionSort,3,15.613600,25.02,0.00
randomArrays.txt,InsertionSort,1,0.017100,0.00,0.00
randomArrays.txt,InsertionSort,2,0.027200,0.00,0.00
randomArrays.txt,InsertionSort,3,0.017700,0.00,0.00
randomArrays.txt,InsertionSort,1,64.765200,18.09,0.00
randomArrays.txt,InsertionSort,2,66.926300,23.35,0.00
randomArrays.txt,InsertionSort,3,67.522300,23.14,0.00
randomArrays.txt,InsertionSort,1,63.302800,24.68,0.00
randomArrays.txt,InsertionSort,2,78.460200,24.89,0.00
randomArrays.txt,InsertionSort,3,98.378600,27.79,0.00
randomArrays.txt,InsertionSort,1,53.780700,21.79,0.00
randomArrays.txt,InsertionSort,2,68.191800,22.91,0.00
randomArrays.txt,InsertionSort,3,46.724500,25.08,0.00
randomArrays.txt,InsertionSort,1,52.896700,22.15,0.00
randomArrays.txt,InsertionSort,2,56.772000,27.52,0.00
randomArrays.txt,InsertionSort,3,39.848800,19.61,0.00
randomArrays.txt,InsertionSort,1,1.531400,0.00,0.00
randomArrays.txt,InsertionSort,2,3.220000,121.31,0.00
randomArrays.txt,InsertionSort,3,3.248000,0.00,0.00
randomArrays.txt,InsertionSort,1,74.825000,26.10,0.00
randomArrays.txt,InsertionSort,2,48.571700,24.13,0.00
randomArrays.txt,InsertionSort,3,69.650900,28.04,0.00
randomArrays.txt,InsertionSort,1,53.859200,21.76,0.00
randomArrays.txt,InsertionSort,2,57.688900,27.08,0.00
randomArrays.txt,InsertionSort,3,74.331400,26.28,0.00
randomArrays.txt,InsertionSort,1,54.499500,28.67,0.00
randomArrays.txt,InsertionSort,2,67.135100,23.27,0.00
randomArrays.txt,InsertionSort,3,39.324300,29.80,0.00
randomArrays.txt,InsertionSort,1,57.049600,20.54,0.00
randomArrays.txt,InsertionSort,2,80.116500,24.38,0.00
randomArrays.txt,InsertionSort,3,39.893300,29.38,0.00
randomArrays.txt,InsertionSort,1,2.848400,0.00,0.00
randomArrays.txt,InsertionSort,2,4.779900,81.72,0.00
randomArrays.txt,InsertionSort,3,5.614700,0.00,0.00
randomArrays.txt,InsertionSort,1,74.391100,26.25,0.00
randomArrays.txt,InsertionSort,2,63.976600,24.42,0.00
randomArrays.txt,InsertionSort,3,82.682500,23.62,0.00
randomArrays.txt,InsertionSort,1,2.115400,0.00,0.00
randomArrays.txt,InsertionSort,2,2.027100,0.00,0.00
randomArrays.txt,InsertionSort,3,2.012400,0.00,0.00
randomArrays.txt,InsertionSort,1,28.210200,27.69,0.00
randomArrays.txt,InsertionSort,2,36.079000,21.65,0.00
randomArrays.txt,InsertionSort,3,31.712400,24.64,0.00
randomArrays.txt,InsertionSort,1,21.200200,18.43,0.00
randomArrays.txt,InsertionSort,2,14.886800,26.24,0.00
randomArrays.txt,InsertionSort,3,14.253100,27.41,0.00
randomArrays.txt,InsertionSort,1,6.866900,0.00,0.00
randomArrays.txt,InsertionSort,2,5.714300,68.36,0.00
randomArrays.txt,InsertionSort,3,5.303700,0.00,0.00
randomArrays.txt,InsertionSort,1,0.682500,0.00,0.00
randomArrays.txt,InsertionSort,2,0.452000,0.00,0.00
randomArrays.txt,InsertionSort,3,0.459000,0.00,0.00
randomArrays.txt,InsertionSort,1,37.852200,30.96,0.00
randomArrays.txt,InsertionSort,2,32.536200,24.01,0.00
randomArrays.txt,InsertionSort,3,44.156000,26.54,0.00
randomArrays.txt,InsertionSort,1,32.780600,23.83,0.00
randomArrays.txt,InsertionSort,2,17.542700,22.27,0.00
randomArrays.txt,InsertionSort,3,17.086300,22.86,0.00
randomArrays.txt,InsertionSort,1,50.440500,23.23,0.00
randomArrays.txt,InsertionSort,2,70.243400,27.81,0.00
randomArrays.txt,InsertionSort,3,43.936900,26.67,0.00
randomArrays.txt,InsertionSort,1,8.114300,0.00,0.00
randomArrays.txt,InsertionSort,2,4.105700,0.00,0.00
randomArrays.txt,InsertionSort,3,7.171300,0.00,0.00
randomArrays.txt,InsertionSort,1,63.587600,24.57,0.00
randomArrays.txt,InsertionSort,2,54.835700,21.37,0.00
randomArrays.txt,InsertionSort,3,31.309200,24.95,0.00
randomArrays.txt,InsertionSort,1,2.292600,0.00,0.00
randomArrays.txt,InsertionSort,2,3.637900,0.00,0.00
randomArrays.txt,InsertionSort,3,5.348000,73.04,0.00
randomArrays.txt,InsertionSort,1,17.347600,22.52,0.00
randomArrays.txt,InsertionSort,2,16.591800,23.54,0.00
randomArrays.txt,InsertionSort,3,21.298100,36.68,0.00
randomArrays.txt,InsertionSort,1,1.070000,0.00,0.00
randomArrays.txt,InsertionSort,2,1.194100,0.00,0.00
randomArrays.txt,InsertionSort,3,1.200900,0.00,0.00
randomArrays.txt,InsertionSort,1,0.721500,0.00,0.00
randomArrays.txt,InsertionSort,2,0.722800,0.00,0.00
randomArrays.txt,InsertionSort,3,1.324100,0.00,0.00
randomArrays.txt,InsertionSort,1,12.296100,0.00,0.00
randomArrays.txt,InsertionSort,2,9.499800,41.12,0.00
randomArrays.txt,InsertionSort,3,11.490100,34.00,0.00
randomArrays.txt,InsertionSort,1,30.935800,25.25,0.00
randomArrays.txt,InsertionSort,2,38.013100,20.55,0.00
randomArrays.txt,InsertionSort,3,63.608900,24.56,0.00
randomArrays.txt,InsertionSort,1,23.438400,16.67,0.00
randomArrays.txt,InsertionSort,2,18.944100,20.62,0.00
randomArrays.txt,InsertionSort,3,28.526900,27.39,0.00
randomArrays.txt,InsertionSort,1,65.501900,23.85,0.00
randomArrays.txt,InsertionSort,2,77.689600,25.14,0.00
randomArrays.txt,InsertionSort,3,77.294000,25.27,0.00
randomArrays.txt,InsertionSort,1,0.043800,0.00,0.00
randomArrays.txt,InsertionSort,2,0.069800,0.00,0.00
randomArrays.txt,InsertionSort,3,0.062800,6220.14,0.00
randomArrays.txt,InsertionSort,1,42.058700,27.86,0.00
randomArrays.txt,InsertionSort,2,45.135900,25.96,0.00
randomArrays.txt,InsertionSort,3,54.899100,21.35,0.00
randomArrays.txt,InsertionSort,1,26.139900,29.89,0.00
randomArrays.txt,InsertionSort,2,18.435100,21.19,0.00
randomArrays.txt,InsertionSort,3,24.356500,32.08,0.00
randomArrays.txt,InsertionSort,1,8.034000,48.62,0.00
randomArrays.txt,InsertionSort,2,7.134300,0.00,0.00
randomArrays.txt,InsertionSort,3,7.968400,49.02,0.00
randomArrays.txt,InsertionSort,1,12.789800,30.54,0.00
randomArrays.txt,InsertionSort,2,6.218400,62.82,0.00
randomArrays.txt,InsertionSort,3,12.003100,0.00,0.00
randomArrays.txt,InsertionSort,1,31.620600,24.71,0.00
randomArrays.txt,InsertionSort,2,36.262000,10.77,0.00
randomArrays.txt,InsertionSort,3,23.323800,33.50,0.00
randomArrays.txt,InsertionSort,1,45.987200,25.48,0.00
randomArrays.txt,InsertionSort,2,42.323000,18.46,0.00
randomArrays.txt,InsertionSort,3,42.145200,27.81,0.00
randomArrays.txt,InsertionSort,1,7.943600,0.00,0.00
randomArrays.txt,InsertionSort,2,8.495600,45.98,0.00
randomArrays.txt,InsertionSort,3,7.074700,55.21,0.00
randomArrays.txt,InsertionSort,1,3.259700,119.83,0.00
randomArrays.txt,InsertionSort,2,3.753900,0.00,0.00
randomArrays.txt,InsertionSort,3,4.356800,0.00,0.00
randomArrays.txt,InsertionSort,1,9.711400,40.22,0.00
randomArrays.txt,InsertionSort,2,14.433600,27.06,0.00
randomArrays.txt,InsertionSort,3,7.068000,0.00,0.00
randomArrays.txt,InsertionSort,1,0.832700,0.00,0.00
randomArrays.txt,InsertionSort,2,0.669000,0.00,0.00
randomArrays.txt,InsertionSort,3,0.670800,0.00,0.00
randomArrays.txt,InsertionSort,1,24.216700,32.26,0.00
randomArrays.txt,InsertionSort,2,26.203400,29.81,0.00
randomArrays.txt,InsertionSort,3,26.389400,14.80,0.00
randomArrays.txt,InsertionSort,1,33.833800,23.09,0.00
randomArrays.txt,InsertionSort,2,39.722000,29.50,0.00
randomArrays.txt,InsertionSort,3,34.336600,22.75,0.00
randomArrays.txt,InsertionSort,1,19.866800,19.66,0.00
randomArrays.txt,InsertionSort,2,34.781300,22.46,0.00
randomArrays.txt,InsertionSort,3,18.288200,21.36,0.00
randomArrays.txt,InsertionSort,1,41.774300,28.05,0.00
randomArrays.txt,InsertionSort,2,42.997500,18.17,0.00
randomArrays.txt,InsertionSort,3,67.675200,23.09,0.00
randomArrays.txt,InsertionSort,1,21.798300,35.84,0.00
randomArrays.txt,InsertionSort,2,10.871500,0.00,0.00
randomArrays.txt,InsertionSort,3,22.352100,34.95,0.00
randomArrays.txt,InsertionSort,1,17.783100,21.97,0.00
randomArrays.txt,InsertionSort,2,24.236600,16.12,0.00
randomArrays.txt,InsertionSort,3,29.584300,26.41,0.00
randomArrays.txt,InsertionSort,1,14.321800,27.27,0.00
randomArrays.txt,InsertionSort,2,8.432800,0.00,0.00
randomArrays.txt,InsertionSort,3,12.794700,30.53,0.00
randomArrays.txt,InsertionSort,1,65.203800,23.96,0.00
randomArrays.txt,InsertionSort,2,125.280000,24.94,0.00
randomArrays.txt,InsertionSort,3,56.919400,27.45,0.00
randomArrays.txt,InsertionSort,1,36.536800,21.38,0.00
randomArrays.txt,InsertionSort,2,28.799300,27.13,0.00
randomArrays.txt,InsertionSort,3,54.051600,28.91,0.00
randomArrays.txt,InsertionSort,1,4.499600,0.00,0.00
randomArrays.txt,InsertionSort,2,6.974600,56.01,0.00
randomArrays.txt,InsertionSort,3,6.423800,0.00,0.00
randomArrays.txt,InsertionSort,1,7.287900,0.00,0.00
randomArrays.txt,InsertionSort,2,7.422200,52.63,0.00
randomArrays.txt,InsertionSort,3,7.025900,0.00,0.00
randomArrays.txt,InsertionSort,1,9.704900,40.25,0.00
randomArrays.txt,InsertionSort,2,4.879500,0.00,0.00
randomArrays.txt,InsertionSort,3,9.630000,40.56,0.00
randomArrays.txt,InsertionSort,1,64.286100,24.31,0.00
randomArrays.txt,InsertionSort,2,42.121200,27.82,0.00
randomArrays.txt,InsertionSort,3,89.957400,21.71,0.00
randomArrays.txt,InsertionSort,1,2.244300,0.00,0.00
randomArrays.txt,InsertionSort,2,1.523100,0.00,0.00
randomArrays.txt,InsertionSort,3,2.736800,0.00,0.00
randomArrays.txt,InsertionSort,1,53.047100,22.09,0.00
randomArrays.txt,InsertionSort,2,76.167700,25.64,0.00
randomArrays.txt,InsertionSort,3,49.521100,23.66,0.00
randomArrays.txt,InsertionSort,1,3.526700,110.76,0.00
randomArrays.txt,InsertionSort,2,2.263300,0.00,0.00
randomArrays.txt,InsertionSort,3,3.713000,0.00,0.00
randomArrays.txt,InsertionSort,1,3.181900,0.00,0.00
randomArrays.txt,InsertionSort,2,4.004000,0.00,0.00
randomArrays.txt,InsertionSort,3,4.180200,93.45,0.00
randomArrays.txt,InsertionSort,1,3.462800,112.81,0.00
randomArrays.txt,InsertionSort,2,4.873600,0.00,0.00
randomArrays.txt,InsertionSort,3,4.825000,0.00,0.00
randomArrays.txt,InsertionSort,1,100.619200,27.18,0.00
randomArrays.txt,InsertionSort,2,83.868300,23.29,0.00
randomArrays.txt,InsertionSort,3,74.931500,26.07,0.00
randomArrays.txt,InsertionSort,1,15.890800,24.58,0.00
randomArrays.txt,InsertionSort,2,15.924600,24.53,0.00
randomArrays.txt,InsertionSort,3,14.952400,26.12,0.00
randomArrays.txt,InsertionSort,1,5.187400,0.00,0.00
randomArrays.txt,InsertionSort,2,11.930600,0.00,0.00
randomArrays.txt,InsertionSort,3,6.715300,58.17,0.00
randomArrays.txt,InsertionSort,1,10.682700,0.00,0.00
randomArrays.txt,InsertionSort,2,10.577500,0.00,0.00
randomArrays.txt,InsertionSort,3,9.131600,42.78,0.00
randomArrays.txt,InsertionSort,1,27.188800,28.73,0.00
randomArrays.txt,InsertionSort,2,15.942100,24.50,0.00
randomArrays.txt,InsertionSort,3,15.348200,25.45,0.00
randomArrays.txt,InsertionSort,1,2.496100,156.49,0.00
randomArrays.txt,InsertionSort,2,5.057000,0.00,0.00
randomArrays.txt,InsertionSort,3,5.063100,0.00,0.00
randomArrays.txt,InsertionSort,1,9.589800,40.73,0.00
randomArrays.txt,InsertionSort,2,12.533700,31.17,0.00
randomArrays.txt,InsertionSort,3,20.221600,19.32,0.00
randomArrays.txt,InsertionSort,1,24.400500,32.02,0.00
randomArrays.txt,InsertionSort,2,17.990300,21.71,0.00
randomArrays.txt,InsertionSort,3,16.163800,24.17,0.00
randomArrays.txt,InsertionSort,1,2.052500,190.32,0.00
randomArrays.txt,InsertionSort,2,3.642100,0.00,0.00
randomArrays.txt,InsertionSort,3,3.663500,0.00,0.00
randomArrays.txt,InsertionSort,1,1.619700,0.00,0.00
randomArrays.txt,InsertionSort,2,1.468100,0.00,0.00
randomArrays.txt,InsertionSort,3,1.450400,0.00,0.00
randomArrays.txt,InsertionSort,1,1.108000,0.00,0.00
randomArrays.txt,InsertionSort,2,1.213800,0.00,0.00
randomArrays.txt,InsertionSort,3,0.976600,399.98,0.00
randomArrays.txt,InsertionSort,1,43.527500,26.92,0.00
randomArrays.txt,InsertionSort,2,48.500700,24.16,0.00
randomArrays.txt,InsertionSort,3,44.285400,26.46,0.00
randomArrays.txt,InsertionSort,1,23.797100,0.00,0.00
randomArrays.txt,InsertionSort,2,26.922100,14.51,0.00
randomArrays.txt,InsertionSort,3,20.139600,38.79,0.00
randomArrays.txt,InsertionSort,1,9.718900,40.19,0.00
randomArrays.txt,InsertionSort,2,10.075500,0.00,0.00
randomArrays.txt,InsertionSort,3,8.781300,44.48,0.00
randomArrays.txt,InsertionSort,1,172.596200,20.37,0.00
randomArrays.txt,InsertionSort,2,73.275200,21.32,0.00
randomArrays.txt,InsertionSort,3,93.467500,25.08,0.00
randomArrays.txt,InsertionSort,1,2.249200,0.00,0.00
randomArrays.txt,InsertionSort,2,2.344400,0.00,0.00
randomArrays.txt,InsertionSort,3,1.270400,0.00,0.00
randomArrays.txt,InsertionSort,1,10.401100,37.56,0.00
randomArrays.txt,InsertionSort,2,13.763400,0.00,0.00
randomArrays.txt,InsertionSort,3,14.856800,26.29,0.00
randomArrays.txt,InsertionSort,1,36.290200,32.29,0.00
randomArrays.txt,InsertionSort,2,27.207800,14.36,0.00
randomArrays.txt,InsertionSort,3,17.900600,43.64,0.00
randomArrays.txt,InsertionSort,1,3.215000,0.00,0.00
randomArrays.txt,InsertionSort,2,7.393400,0.00,0.00
randomArrays.txt,InsertionSort,3,5.340600,73.14,0.00
randomArrays.txt,InsertionSort,1,48.627400,16.07,0.00
randomArrays.txt,InsertionSort,2,64.445100,24.25,0.00
randomArrays.txt,InsertionSort,3,64.064600,24.39,0.00
randomArrays.txt,InsertionSort,1,19.359200,20.18,0.00
randomArrays.txt,InsertionSort,2,18.929100,20.64,0.00
randomArrays.txt,InsertionSort,3,22.234600,35.14,0.00
randomArrays.txt,InsertionSort,1,24.527700,15.93,0.00
randomArrays.txt,InsertionSort,2,15.483900,25.23,0.00
randomArrays.txt,InsertionSort,3,18.955300,0.00,0.00
randomArrays.txt,InsertionSort,1,0.988500,0.00,0.00
randomArrays.txt,InsertionSort,2,1.238500,0.00,0.00
randomArrays.txt,InsertionSort,3,1.242500,0.00,0.00
randomArrays.txt,InsertionSort,1,4.181000,0.00,0.00
randomArrays.txt,InsertionSort,2,7.973800,48.99,0.00
randomArrays.txt,InsertionSort,3,5.090600,0.00,0.00
randomArrays.txt,InsertionSort,1,54.573800,21.47,0.00
randomArrays.txt,InsertionSort,2,69.430200,28.13,0.00
randomArrays.txt,InsertionSort,3,82.817500,23.58,0.00
randomArrays.txt,InsertionSort,1,0.268700,0.00,0.00
randomArrays.txt,InsertionSort,2,0.350300,0.00,0.00
randomArrays.txt,InsertionSort,3,0.351100,0.00,0.00
randomArrays.txt,InsertionSort,1,32.052900,12.19,0.00
randomArrays.txt,InsertionSort,2,34.880700,33.60,0.00
randomArrays.txt,InsertionSort,3,36.276100,21.54,0.00
randomArrays.txt,InsertionSort,1,29.651400,26.35,0.00
randomArrays.txt,InsertionSort,2,31.632600,24.70,0.00
randomArrays.txt,InsertionSort,3,45.514700,25.75,0.00
randomArrays.txt,InsertionSort,1,20.556900,38.00,0.00
randomArrays.txt,InsertionSort,2,16.712200,23.37,0.00
randomArrays.txt,InsertionSort,3,12.987800,30.08,0.00
randomArrays.txt,InsertionSort,1,66.472200,23.51,0.00
randomArrays.txt,InsertionSort,2,36.965000,31.70,0.00
randomArrays.txt,InsertionSort,3,49.103000,23.87,0.00
randomArrays.txt,InsertionSort,1,14.561600,26.83,0.00
randomArrays.txt,InsertionSort,2,18.247600,21.41,0.00
randomArrays.txt,InsertionSort,3,18.739100,41.69,0.00
randomArrays.txt,InsertionSort,1,9.987300,0.00,0.00
randomArrays.txt,InsertionSort,2,21.615400,36.14,0.00
randomArrays.txt,InsertionSort,3,15.184800,25.72,0.00
randomArrays.txt,InsertionSort,1,18.987100,20.57,0.00
randomArrays.txt,InsertionSort,2,31.266300,24.99,0.00
randomArrays.txt,InsertionSort,3,20.449200,38.20,0.00
randomArrays.txt,InsertionSort,1,22.491900,17.37,0.00
randomArrays.txt,InsertionSort,2,21.599500,18.08,0.00
randomArrays.txt,InsertionSort,3,27.180800,28.74,0.00
randomArrays.txt,InsertionSort,1,0.224300,0.00,0.00
randomArrays.txt,InsertionSort,2,0.248400,0.00,0.00
randomArrays.txt,InsertionSort,3,0.249800,0.00,0.00
randomArrays.txt,InsertionSort,1,19.125300,20.42,0.00
randomArrays.txt,InsertionSort,2,26.344000,29.66,0.00
randomArrays.txt,InsertionSort,3,30.968100,25.23,0.00
randomArrays.txt,InsertionSort,1,61.462400,25.42,0.00
randomArrays.txt,InsertionSort,2,55.316800,28.25,0.00
randomArrays.txt,InsertionSort,3,72.955300,26.77,0.00
randomArrays.txt,InsertionSort,1,12.806700,30.50,0.00
randomArrays.txt,InsertionSort,2,5.092900,0.00,0.00
randomArrays.txt,InsertionSort,3,8.482000,46.05,0.00
randomArrays.txt,InsertionSort,1,65.183100,17.98,0.00
randomArrays.txt,InsertionSort,2,71.967600,27.14,0.00
randomArrays.txt,InsertionSort,3,70.354400,22.21,0.00
randomArrays.txt,InsertionSort,1,60.434100,25.85,0.00
randomArrays.txt,InsertionSort,2,79.504200,29.48,0.00
randomArrays.txt,InsertionSort,3,74.299000,21.03,0.00
randomArrays.txt,InsertionSort,1,44.923600,26.09,0.00
randomArrays.txt,InsertionSort,2,54.999100,21.31,0.00
randomArrays.txt,InsertionSort,3,26.665400,29.30,0.00
randomArrays.txt,InsertionSort,1,8.450300,46.23,0.00
randomArrays.txt,InsertionSort,2,4.601600,0.00,0.00
randomArrays.txt,InsertionSort,3,8.234500,47.44,0.00
randomArrays.txt,InsertionSort,1,26.602600,14.68,0.00
randomArrays.txt,InsertionSort,2,15.360500,25.43,0.00
randomArrays.txt,InsertionSort,3,13.764500,28.38,0.00
randomArrays.txt,InsertionSort,1,0.040500,0.00,0.00
randomArrays.txt,InsertionSort,2,0.080100,0.00,0.00
randomArrays.txt,InsertionSort,3,0.043100,0.00,0.00
randomArrays.txt,InsertionSort,1,74.260100,26.30,0.00
randomArrays.txt,InsertionSort,2,79.867000,24.45,0.00
randomArrays.txt,InsertionSort,3,79.798700,24.48,0.00
randomArrays.txt,InsertionSort,1,7.329300,0.00,0.00
randomArrays.txt,InsertionSort,2,15.568400,25.09,0.00
randomArrays.txt,InsertionSort,3,18.492900,21.12,0.00
randomArrays.txt,InsertionSort,1,51.458600,22.77,0.00
randomArrays.txt,InsertionSort,2,67.524700,23.14,0.00
randomArrays.txt,InsertionSort,3,92.983400,21.01,0.00
randomArrays.txt,InsertionSort,1,34.446700,22.68,0.00
randomArrays.txt,InsertionSort,2,38.876700,30.14,0.00
randomArrays.txt,InsertionSort,3,40.914900,19.09,0.00
randomArrays.txt,InsertionSort,1,20.316600,19.23,0.00
randomArrays.txt,InsertionSort,2,16.514800,23.65,0.00
randomArrays.txt,InsertionSort,3,30.036000,26.01,0.00
randomArrays.txt,InsertionSort,1,8.451500,0.00,0.00
randomArrays.txt,InsertionSort,2,40.907300,9.55,0.00
randomArrays.txt,InsertionSort,3,11.033300,35.40,0.00
randomArrays.txt,InsertionSort,1,4.260200,0.00,0.00
randomArrays.txt,InsertionSort,2,2.086300,0.00,0.00
randomArrays.txt,InsertionSort,3,4.457100,0.00,0.00
randomArrays.txt,InsertionSort,1,14.646600,26.67,0.00
randomArrays.txt,InsertionSort,2,17.606900,22.19,0.00
randomArrays.txt,InsertionSort,3,28.693200,27.23,0.00
randomArrays.txt,InsertionSort,1,45.296800,25.87,0.00
randomArrays.txt,InsertionSort,2,46.594400,25.15,0.00
randomArrays.txt,InsertionSort,3,53.442800,29.24,0.00
randomArrays.txt,InsertionSort,1,24.966000,31.29,0.00
randomArrays.txt,InsertionSort,2,21.561500,18.12,0.00
randomArrays.txt,InsertionSort,3,12.968500,30.12,0.00
randomArrays.txt,InsertionSort,1,2.782500,0.00,0.00
randomArrays.txt,InsertionSort,2,2.614900,0.00,0.00
randomArrays.txt,InsertionSort,3,2.553300,152.99,0.00
randomArrays.txt,InsertionSort,1,14.008000,27.89,0.00
randomArrays.txt,InsertionSort,2,12.141000,32.17,0.00
randomArrays.txt,InsertionSort,3,7.147000,54.66,0.00
randomArrays.txt,InsertionSort,1,12.805900,30.50,0.00
randomArrays.txt,InsertionSort,2,9.682500,40.34,0.00
randomArrays.txt,InsertionSort,3,7.563600,0.00,0.00
randomArrays.txt,InsertionSort,1,46.325100,25.30,0.00
randomArrays.txt,InsertionSort,2,91.310900,25.67,0.00
randomArrays.txt,InsertionSort,3,72.201400,21.64,0.00
randomArrays.txt,InsertionSort,1,7.379000,0.00,0.00
randomArrays.txt,InsertionSort,2,13.782500,28.34,0.00
randomArrays.txt,InsertionSort,3,15.190000,25.72,0.00
randomArrays.txt,InsertionSort,1,29.622100,26.37,0.00
randomArrays.txt,InsertionSort,2,15.509300,25.19,0.00
randomArrays.txt,InsertionSort,3,28.015300,27.89,0.00
randomArrays.txt,InsertionSort,1,23.868000,32.73,0.00
randomArrays.txt,InsertionSort,2,15.649800,24.96,0.00
randomArrays.txt,InsertionSort,3,18.556900,21.05,0.00
randomArrays.txt,InsertionSort,1,1.436700,0.00,0.00
randomArrays.txt,InsertionSort,2,1.334400,0.00,0.00
randomArrays.txt,InsertionSort,3,1.342800,0.00,0.00
randomArrays.txt,InsertionSort,1,44.966100,26.06,0.00
randomArrays.txt,InsertionSort,2,37.010200,21.11,0.00
randomArrays.txt,InsertionSort,3,33.492100,34.99,0.00
randomArrays.txt,InsertionSort,1,11.748500,0.00,0.00
randomArrays.txt,InsertionSort,2,15.886900,24.59,0.00
randomArrays.txt,InsertionSort,3,8.460300,0.00,0.00
randomArrays.txt,InsertionSort,1,29.947300,26.09,0.00
randomArrays.txt,InsertionSort,2,41.659000,18.75,0.00
randomArrays.txt,InsertionSort,3,42.862300,27.34,0.00
randomArrays.txt,InsertionSort,1,38.995000,30.05,0.00
randomArrays.txt,InsertionSort,2,34.947800,22.35,0.00
randomArrays.txt,InsertionSort,3,52.405300,22.36,0.00
randomArrays.txt,InsertionSort,1,13.211000,29.57,0.00
randomArrays.txt,InsertionSort,2,16.982700,23.00,0.00
randomArrays.txt,InsertionSort,3,13.064000,29.90,0.00
randomArrays.txt,InsertionSort,1,3.362300,116.18,0.00
randomArrays.txt,InsertionSort,2,3.408600,0.00,0.00
randomArrays.txt,InsertionSort,3,3.510300,0.00,0.00
randomArrays.txt,InsertionSort,1,13.271200,29.43,0.00
randomArrays.txt,InsertionSort,2,22.284200,17.53,0.00
randomArrays.txt,InsertionSort,3,16.786000,23.27,0.00
randomArrays.txt,InsertionSort,1,7.481100,0.00,0.00
randomArrays.txt,InsertionSort,2,12.027800,32.48,0.00
randomArrays.txt,InsertionSort,3,8.195900,47.66,0.00
randomArrays.txt,InsertionSort,1,22.277400,17.53,0.00
randomArrays.txt,InsertionSort,2,21.773100,35.88,0.00
randomArrays.txt,InsertionSort,3,20.323800,19.22,0.00
randomArrays.txt,InsertionSort,1,31.191200,25.05,0.00
randomArrays.txt,InsertionSort,2,25.898200,30.17,0.00
randomArrays.txt,InsertionSort,3,20.256000,19.28,0.00
randomArrays.txt,InsertionSort,1,5.152700,75.81,0.00
randomArrays.txt,InsertionSort,2,2.815800,0.00,0.00
randomArrays.txt,InsertionSort,3,3.419600,0.00,0.00
randomArrays.txt,InsertionSort,1,35.101200,22.26,0.00
randomArrays.txt,InsertionSort,2,40.752000,28.76,0.00
randomArrays.txt,InsertionSort,3,40.767100,19.16,0.00
randomArrays.txt,InsertionSort,1,13.598500,28.73,0.00
randomArrays.txt,InsertionSort,2,6.332500,61.69,0.00
randomArrays.txt,InsertionSort,3,10.218700,0.00,0.00
randomArrays.txt,InsertionSort,1,0.551100,708.81,0.00
randomArrays.txt,InsertionSort,2,0.620500,0.00,0.00
randomArrays.txt,InsertionSort,3,0.626700,0.00,0.00
randomArrays.txt,InsertionSort,1,0.298900,0.00,0.00
randomArrays.txt,InsertionSort,2,0.172500,0.00,0.00
randomArrays.txt,InsertionSort,3,0.171800,0.00,0.00
randomArrays.txt,InsertionSort,1,6.967000,56.07,0.00
randomArrays.txt,InsertionSort,2,13.770400,28.37,0.00
randomArrays.txt,InsertionSort,3,9.704400,0.00,0.00
randomArrays.txt,InsertionSort,1,2.282900,0.00,0.00
randomArrays.txt,InsertionSort,2,2.449000,159.50,0.00
randomArrays.txt,InsertionSort,3,2.258900,0.00,0.00
randomArrays.txt,InsertionSort,1,52.270500,29.89,0.00
randomArrays.txt,InsertionSort,2,34.717100,22.50,0.00
randomArrays.txt,InsertionSort,3,50.352100,23.27,0.00
randomArrays.txt,InsertionSort,1,11.798900,33.11,0.00
randomArrays.txt,InsertionSort,2,10.336600,0.00,0.00
randomArrays.txt,InsertionSort,3,7.412200,52.70,0.00
randomArrays.txt,InsertionSort,1,17.207800,22.70,0.00
randomArrays.txt,InsertionSort,2,6.075700,64.29,0.00
randomArrays.txt,InsertionSort,3,12.786900,0.00,0.00
randomArrays.txt,InsertionSort,1,0.068700,0.00,0.00
randomArrays.txt,InsertionSort,2,0.104600,0.00,0.00
randomArrays.txt,InsertionSort,3,0.101400,0.00,0.00
randomArrays.txt,InsertionSort,1,6.095400,0.00,0.00
randomArrays.txt,InsertionSort,2,4.961300,0.00,0.00
randomArrays.txt,InsertionSort,3,11.633100,33.58,0.00
randomArrays.txt,InsertionSort,1,15.524800,25.16,0.00
randomArrays.txt,InsertionSort,2,25.446200,30.70,0.00
randomArrays.txt,InsertionSort,3,20.798100,18.78,0.00
randomArrays.txt,InsertionSort,1,18.809700,20.77,0.00
randomArrays.txt,InsertionSort,2,12.338400,31.66,0.00
randomArrays.txt,InsertionSort,3,13.820000,28.27,0.00
randomArrays.txt,InsertionSort,1,35.141700,22.23,0.00
randomArrays.txt,InsertionSort,2,24.478100,31.92,0.00
randomArrays.txt,InsertionSort,3,17.858400,21.87,0.00
randomArrays.txt,InsertionSort,1,2.968100,0.00,0.00
randomArrays.txt,InsertionSort,2,6.920900,56.44,0.00
randomArrays.txt,InsertionSort,3,8.312400,0.00,0.00
randomArrays.txt,InsertionSort,1,0.094200,0.00,0.00
randomArrays.txt,InsertionSort,2,0.064800,0.00,0.00
randomArrays.txt,InsertionSort,3,0.064200,0.00,0.00
randomArrays.txt,InsertionSort,1,29.056600,26.89,0.00
randomArrays.txt,InsertionSort,2,48.599500,24.11,0.00
randomArrays.txt,InsertionSort,3,46.216400,25.36,0.00
randomArrays.txt,InsertionSort,1,59.451000,26.28,0.00
randomArrays.txt,InsertionSort,2,51.410000,22.79,0.00
randomArrays.txt,InsertionSort,3,79.886900,24.45,0.00
randomArrays.txt,InsertionSort,1,1.995500,195.75,0.00
randomArrays.txt,InsertionSort,2,2.124000,0.00,0.00
randomArrays.txt,InsertionSort,3,1.995800,0.00,0.00
randomArrays.txt,InsertionSort,1,80.789600,29.01,0.00
randomArrays.txt,InsertionSort,2,89.460300,21.83,0.00
randomArrays.txt,InsertionSort,3,72.225600,27.04,0.00
randomArrays.txt,InsertionSort,1,0.206800,0.00,0.00
randomArrays.txt,InsertionSort,2,0.170800,0.00,0.00
randomArrays.txt,InsertionSort,3,0.180600,0.00,0.00
randomArrays.txt,InsertionSort,1,12.350100,31.63,0.00
randomArrays.txt,InsertionSort,2,11.616100,33.63,0.00
randomArrays.txt,InsertionSort,3,14.614000,26.73,0.00
randomArrays.txt,InsertionSort,1,0.051600,0.00,0.00
randomArrays.txt,InsertionSort,2,0.032600,0.00,0.00
randomArrays.txt,InsertionSort,3,0.030600,0.00,0.00
randomArrays.txt,InsertionSort,1,25.127600,31.09,0.00
randomArrays.txt,InsertionSort,2,36.433000,21.44,0.00
randomArrays.txt,InsertionSort,3,35.589200,21.95,0.00
randomArrays.txt,InsertionSort,1,19.352600,40.37,0.00
randomArrays.txt,InsertionSort,2,9.513900,0.00,0.00
randomArrays.txt,InsertionSort,3,13.200300,29.59,0.00
randomArrays.txt,InsertionSort,1,8.398400,46.51,0.00
randomArrays.txt,InsertionSort,2,9.376500,41.66,0.00
randomArrays.txt,InsertionSort,3,3.950400,0.00,0.00
randomArrays.txt,InsertionSort,1,27.488600,14.21,0.00
randomArrays.txt,InsertionSort,2,34.907100,33.57,0.00
randomArrays.txt,InsertionSort,3,56.234400,20.84,0.00
randomArrays.txt,InsertionSort,1,2.562000,152.47,0.00
randomArrays.txt,InsertionSort,2,4.627500,0.00,0.00
randomArrays.txt,InsertionSort,3,2.466000,0.00,0.00
randomArrays.txt,InsertionSort,1,56.939600,20.58,0.00
randomArrays.txt,InsertionSort,2,47.481600,24.68,0.00
randomArrays.txt,InsertionSort,3,52.280200,22.42,0.00
randomArrays.txt,InsertionSort,1,64.065600,24.39,0.00
randomArrays.txt,InsertionSort,2,62.929800,24.83,0.00
randomArrays.txt,InsertionSort,3,95.221100,28.72,0.00
randomArrays.txt,InsertionSort,1,37.403800,31.33,0.00
randomArrays.txt,InsertionSort,2,31.148400,25.08,0.00
randomArrays.txt,InsertionSort,3,31.009600,25.19,0.00
randomArrays.txt,InsertionSort,1,51.361400,22.82,0.00
randomArrays.txt,InsertionSort,2,60.059000,26.02,0.00
randomArrays.txt,InsertionSort,3,63.942700,18.33,0.00
randomArrays.txt,InsertionSort,1,10.424600,37.47,0.00
randomArrays.txt,InsertionSort,2,12.272900,0.00,0.00
randomArrays.txt,InsertionSort,3,12.550000,31.13,0.00
randomArrays.txt,InsertionSort,1,32.877600,11.88,0.00
randomArrays.txt,InsertionSort,2,21.684300,18.01,0.00
randomArrays.txt,InsertionSort,3,18.068300,21.62,0.00
randomArrays.txt,InsertionSort,1,14.537000,26.87,0.00
randomArrays.txt,InsertionSort,2,12.795700,30.53,0.00
randomArrays.txt,InsertionSort,3,13.553000,28.82,0.00
randomArrays.txt,InsertionSort,1,2.333100,0.00,0.00
randomArrays.txt,InsertionSort,2,4.026800,0.00,0.00
randomArrays.txt,InsertionSort,3,2.182400,0.00,0.00
randomArrays.txt,InsertionSort,1,78.732400,9.92,0.00
randomArrays.txt,InsertionSort,2,53.837900,14.51,0.00
randomArrays.txt,InsertionSort,3,50.000200,15.62,0.00
randomArrays.txt,InsertionSort,1,0.837000,0.00,0.00
randomArrays.txt,InsertionSort,2,1.169300,0.00,0.00
randomArrays.txt,InsertionSort,3,0.637400,0.00,0.00
randomArrays.txt,InsertionSort,1,6.878500,0.00,0.00
randomArrays.txt,InsertionSort,2,5.886700,66.36,0.00
randomArrays.txt,InsertionSort,3,6.433800,0.00,0.00
randomArrays.txt,InsertionSort,1,60.957100,25.63,0.00
randomArrays.txt,InsertionSort,2,50.427400,23.24,0.00
randomArrays.txt,InsertionSort,3,48.407400,24.21,0.00
randomArrays.txt,InsertionSort,1,3.862800,0.00,0.00
randomArrays.txt,InsertionSort,2,9.454900,41.31,0.00
randomArrays.txt,InsertionSort,3,5.357500,0.00,0.00
randomArrays.txt,InsertionSort,1,62.631700,24.95,0.00
randomArrays.txt,InsertionSort,2,112.135100,13.93,0.00
randomArrays.txt,InsertionSort,3,67.784200,28.81,0.00
randomArrays.txt,InsertionSort,1,14.088000,27.73,0.00
randomArrays.txt,InsertionSort,2,7.938800,49.20,0.00
randomArrays.txt,InsertionSort,3,10.625700,36.76,0.00
randomArrays.txt,InsertionSort,1,16.250200,24.04,0.00
randomArrays.txt,InsertionSort,2,14.862500,26.28,0.00
randomArrays.txt,InsertionSort,3,11.876600,32.89,0.00
randomArrays.txt,InsertionSort,1,2.414100,0.00,0.00
randomArrays.txt,InsertionSort,2,1.283100,0.00,0.00
randomArrays.txt,InsertionSort,3,1.298800,300.76,0.00
randomArrays.txt,InsertionSort,1,17.812400,21.93,0.00
randomArrays.txt,InsertionSort,2,7.448000,52.45,0.00
randomArrays.txt,InsertionSort,3,16.258500,24.03,0.00
randomArrays.txt,InsertionSort,1,0.865700,0.00,0.00
randomArrays.txt,InsertionSort,2,0.883400,0.00,0.00
randomArrays.txt,InsertionSort,3,0.868700,0.00,0.00
randomArrays.txt,InsertionSort,1,24.601900,31.76,0.00
randomArrays.txt,InsertionSort,2,29.765100,26.25,0.00
randomArrays.txt,InsertionSort,3,32.554800,24.00,0.00
randomArrays.txt,InsertionSort,1,21.974800,17.78,0.00
randomArrays.txt,InsertionSort,2,24.867400,31.42,0.00
randomArrays.txt,InsertionSort,3,17.485600,22.34,0.00
randomArrays.txt,InsertionSort,1,22.493400,34.73,0.00
randomArrays.txt,InsertionSort,2,20.448300,19.10,0.00
randomArrays.txt,InsertionSort,3,23.499600,33.25,0.00
randomArrays.txt,InsertionSort,1,21.328100,18.32,0.00
randomArrays.txt,InsertionSort,2,27.934700,27.97,0.00
randomArrays.txt,InsertionSort,3,33.903000,34.57,0.00
randomArrays.txt,InsertionSort,1,8.666200,45.07,0.00
randomArrays.txt,InsertionSort,2,5.094800,0.00,0.00
randomArrays.txt,InsertionSort,3,5.117100,76.34,0.00
randomArrays.txt,InsertionSort,1,27.336700,14.29,0.00
randomArrays.txt,InsertionSort,2,28.951700,26.98,0.00
randomArrays.txt,InsertionSort,3,20.734200,37.68,0.00
randomArrays.txt,InsertionSort,1,25.609600,30.51,0.00
randomArrays.txt,InsertionSort,2,27.565600,28.34,0.00
randomArrays.txt,InsertionSort,3,32.054000,24.37,0.00
randomArrays.txt,InsertionSort,1,7.677400,50.88,0.00
randomArrays.txt,InsertionSort,2,7.516700,0.00,0.00
randomArrays.txt,InsertionSort,3,5.803100,67.31,0.00
randomArrays.txt,InsertionSort,1,2.650300,0.00,0.00
randomArrays.txt,InsertionSort,2,3.920600,0.00,0.00
randomArrays.txt,InsertionSort,3,4.011000,0.00,0.00
randomArrays.txt,InsertionSort,1,29.206700,26.75,0.00
randomArrays.txt,InsertionSort,2,31.907200,24.49,0.00
randomArrays.txt,InsertionSort,3,20.952200,18.64,0.00
randomArrays.txt,InsertionSort,1,4.208100,0.00,0.00
randomArrays.txt,InsertionSort,2,9.529800,40.99,0.00
randomArrays.txt,InsertionSort,3,7.382500,0.00,0.00
randomArrays.txt,InsertionSort,1,34.293900,22.78,0.00
randomArrays.txt,InsertionSort,2,46.426200,25.24,0.00
randomArrays.txt,InsertionSort,3,35.752000,32.78,0.00
randomArrays.txt,InsertionSort,1,4.706400,83.00,0.00
randomArrays.txt,InsertionSort,2,4.705000,0.00,0.00
randomArrays.txt,InsertionSort,3,6.064400,64.41,0.00
randomArrays.txt,InsertionSort,1,5.217800,0.00,0.00
randomArrays.txt,InsertionSort,2,5.401000,0.00,0.00
randomArrays.txt,InsertionSort,3,6.570500,59.45,0.00
randomArrays.txt,InsertionSort,1,33.838700,23.09,0.00
randomArrays.txt,InsertionSort,2,23.911100,16.34,0.00
randomArrays.txt,InsertionSort,3,31.720300,24.63,0.00
randomArrays.txt,InsertionSort,1,18.948700,20.61,0.00
randomArrays.txt,InsertionSort,2,10.671000,36.61,0.00
randomArrays.txt,InsertionSort,3,10.381400,0.00,0.00
randomArrays.txt,InsertionSort,1,44.313300,17.63,0.00
randomArrays.txt,InsertionSort,2,54.741000,28.54,0.00
randomArrays.txt,InsertionSort,3,64.810700,24.11,0.00
randomArrays.txt,InsertionSort,1,0.017600,0.00,0.00
randomArrays.txt,InsertionSort,2,0.017600,0.00,0.00
randomArrays.txt,InsertionSort,3,0.023000,0.00,0.00
randomArrays.txt,InsertionSort,1,41.441500,28.28,0.00
randomArrays.txt,InsertionSort,2,35.526400,21.99,0.00
randomArrays.txt,InsertionSort,3,56.403000,27.70,0.00
randomArrays.txt,InsertionSort,1,18.476700,42.28,0.00
randomArrays.txt,InsertionSort,2,8.672600,0.00,0.00
randomArrays.txt,InsertionSort,3,14.940200,26.15,0.00
randomArrays.txt,InsertionSort,1,40.598200,19.24,0.00
randomArrays.txt,InsertionSort,2,35.506100,33.00,0.00
randomArrays.txt,InsertionSort,3,52.530900,22.31,0.00
randomArrays.txt,InsertionSort,1,10.186600,0.00,0.00
randomArrays.txt,InsertionSort,2,10.500500,0.00,0.00
randomArrays.txt,InsertionSort,3,7.591200,51.46,0.00
randomArrays.txt,InsertionSort,1,19.080700,20.47,0.00
randomArrays.txt,InsertionSort,2,19.007000,20.55,0.00
randomArrays.txt,InsertionSort,3,23.329400,33.49,0.00
randomArrays.txt,InsertionSort,1,64.831800,24.10,0.00
randomArrays.txt,InsertionSort,2,62.070600,25.17,0.00
randomArrays.txt,InsertionSort,3,69.203500,22.58,0.00
randomArrays.txt,InsertionSort,1,0.944100,0.00,0.00
randomArrays.txt,InsertionSort,2,1.343900,0.00,0.00
randomArrays.txt,InsertionSort,3,1.341800,0.00,0.00
randomArrays.txt,InsertionSort,1,43.700600,17.88,0.00
randomArrays.txt,InsertionSort,2,51.324400,30.44,0.00
randomArrays.txt,InsertionSort,3,58.976300,26.49,0.00
randomArrays.txt,InsertionSort,1,26.092800,14.97,0.00
randomArrays.txt,InsertionSort,2,14.608900,26.74,0.00
randomArrays.txt,InsertionSort,3,23.829600,16.39,0.00
randomArrays.txt,InsertionSort,1,55.810100,21.00,0.00
randomArrays.txt,InsertionSort,2,72.965200,26.77,0.00
randomArrays.txt,InsertionSort,3,67.968400,22.99,0.00
randomArrays.txt,InsertionSort,1,2.115500,0.00,0.00
randomArrays.txt,InsertionSort,2,3.614400,0.00,0.00
randomArrays.txt,InsertionSort,3,3.401900,114.83,0.00
randomArrays.txt,InsertionSort,1,37.732900,31.06,0.00
randomArrays.txt,InsertionSort,2,20.971300,18.63,0.00
randomArrays.txt,InsertionSort,3,17.881200,21.85,0.00
randomArrays.txt,InsertionSort,1,33.499400,23.32,0.00
randomArrays.txt,InsertionSort,2,18.372400,21.26,0.00
randomArrays.txt,InsertionSort,3,22.129300,17.65,0.00
randomArrays.txt,InsertionSort,1,17.648600,22.13,0.00
randomArrays.txt,InsertionSort,2,18.379400,21.25,0.00
randomArrays.txt,InsertionSort,3,23.068600,16.93,0.00
randomArrays.txt,InsertionSort,1,12.574800,31.06,0.00
randomArrays.txt,InsertionSort,2,10.666600,36.62,0.00
randomArrays.txt,InsertionSort,3,13.003100,30.04,0.00
randomArrays.txt,InsertionSort,1,69.753400,22.40,0.00
randomArrays.txt,InsertionSort,2,69.011700,22.64,0.00
randomArrays.txt,InsertionSort,3,65.626500,23.81,0.00
randomArrays.txt,InsertionSort,1,40.915000,19.09,0.00
randomArrays.txt,InsertionSort,2,58.631100,19.99,0.00
randomArrays.txt,InsertionSort,3,60.831300,25.69,0.00
randomArrays.txt,InsertionSort,1,11.526600,33.89,0.00
randomArrays.txt,InsertionSort,2,7.231200,0.00,0.00
randomArrays.txt,InsertionSort,3,5.921400,65.97,0.00
randomArrays.txt,InsertionSort,1,37.803200,20.67,0.00
randomArrays.txt,InsertionSort,2,40.506500,28.93,0.00
randomArrays.txt,InsertionSort,3,47.185500,24.84,0.00
randomArrays.txt,InsertionSort,1,17.801900,21.94,0.00
randomArrays.txt,InsertionSort,2,21.096900,18.52,0.00
randomArrays.txt,InsertionSort,3,20.625900,37.88,0.00
randomArrays.txt,InsertionSort,1,1.131500,0.00,0.00
randomArrays.txt,InsertionSort,2,1.199700,0.00,0.00
randomArrays.txt,InsertionSort,3,1.195700,0.00,0.00
randomArrays.txt,InsertionSort,1,18.965700,20.60,0.00
randomArrays.txt,InsertionSort,2,19.444300,20.09,0.00
randomArrays.txt,InsertionSort,3,12.480300,31.30,0.00
randomArrays.txt,InsertionSort,1,14.559900,26.83,0.00
randomArrays.txt,InsertionSort,2,19.745500,19.78,0.00
randomArrays.txt,InsertionSort,3,30.295400,25.79,0.00
randomArrays.txt,InsertionSort,1,58.847200,19.91,0.00
randomArrays.txt,InsertionSort,2,51.067300,30.60,0.00
randomArrays.txt,InsertionSort,3,71.865600,21.74,0.00
randomArrays.txt,InsertionSort,1,17.777200,21.97,0.00
randomArrays.txt,InsertionSort,2,28.424400,27.49,0.00
randomArrays.txt,InsertionSort,3,24.386700,32.04,0.00
randomArrays.txt,InsertionSort,1,66.573600,23.47,0.00
randomArrays.txt,InsertionSort,2,81.916600,23.84,0.00
randomArrays.txt,InsertionSort,3,86.477600,27.10,0.00
randomArrays.txt,InsertionSort,1,32.844700,23.79,0.00
randomArrays.txt,InsertionSort,2,44.653300,26.24,0.00
randomArrays.txt,InsertionSort,3,54.715700,28.56,0.00
randomArrays.txt,InsertionSort,1,25.908600,15.08,0.00
randomArrays.txt,InsertionSort,2,50.059600,23.41,0.00
randomArrays.txt,InsertionSort,3,39.733000,19.66,0.00
randomArrays.txt,InsertionSort,1,60.848700,25.68,0.00
randomArrays.txt,InsertionSort,2,79.770100,24.48,0.00
randomArrays.txt,InsertionSort,3,38.447500,30.48,0.00
randomArrays.txt,InsertionSort,1,0.038700,0.00,0.00
randomArrays.txt,InsertionSort,2,0.025600,0.00,0.00
randomArrays.txt,InsertionSort,3,0.024300,0.00,0.00
randomArrays.txt,InsertionSort,1,19.114700,0.00,0.00
randomArrays.txt,InsertionSort,2,19.172700,20.37,0.00
randomArrays.txt,InsertionSort,3,18.785300,20.79,0.00
randomArrays.txt,InsertionSort,1,8.406600,0.00,0.00
randomArrays.txt,InsertionSort,2,6.174100,63.27,0.00
randomArrays.txt,InsertionSort,3,4.797200,0.00,0.00
randomArrays.txt,InsertionSort,1,5.488200,0.00,0.00
randomArrays.txt,InsertionSort,2,3.516100,0.00,0.00
randomArrays.txt,InsertionSort,3,5.031700,77.63,0.00
randomArrays.txt,InsertionSort,1,5.058900,0.00,0.00
randomArrays.txt,InsertionSort,2,11.776400,33.17,0.00
randomArrays.txt,InsertionSort,3,10.039400,38.91,0.00
randomArrays.txt,InsertionSort,1,15.678100,24.92,0.00
randomArrays.txt,InsertionSort,2,11.294100,0.00,0.00
randomArrays.txt,InsertionSort,3,9.243100,0.00,0.00
randomArrays.txt,InsertionSort,1,77.404800,25.23,0.00
randomArrays.txt,InsertionSort,2,93.061600,25.18,0.00
randomArrays.txt,InsertionSort,3,87.623100,22.29,0.00
randomArrays.txt,InsertionSort,1,0.822600,0.00,0.00
randomArrays.txt,InsertionSort,2,0.887600,0.00,0.00
randomArrays.txt,InsertionSort,3,0.906200,0.00,0.00
randomArrays.txt,InsertionSort,1,8.853500,0.00,0.00
randomArrays.txt,InsertionSort,2,14.582700,26.79,0.00
randomArrays.txt,InsertionSort,3,12.117800,0.00,0.00
randomArrays.txt,InsertionSort,1,1.254100,0.00,0.00
randomArrays.txt,InsertionSort,2,1.249800,0.00,0.00
randomArrays.txt,InsertionSort,3,1.263600,0.00,0.00
randomArrays.txt,InsertionSort,1,15.960200,48.95,0.00
randomArrays.txt,InsertionSort,2,16.101300,24.26,0.00
randomArrays.txt,InsertionSort,3,6.514800,0.00,0.00
randomArrays.txt,InsertionSort,1,0.174300,0.00,0.00
randomArrays.txt,InsertionSort,2,0.159500,0.00,0.00
randomArrays.txt,InsertionSort,3,0.159200,0.00,0.00
randomArrays.txt,InsertionSort,1,15.402700,25.36,0.00
randomArrays.txt,InsertionSort,2,19.821000,19.71,0.00
randomArrays.txt,InsertionSort,3,24.795100,31.51,0.00
randomArrays.txt,InsertionSort,1,2.844100,0.00,0.00
randomArrays.txt,InsertionSort,2,2.534900,0.00,0.00
randomArrays.txt,InsertionSort,3,5.730300,0.00,0.00
randomArrays.txt,InsertionSort,1,0.392500,0.00,0.00
randomArrays.txt,InsertionSort,2,0.402600,0.00,0.00
randomArrays.txt,InsertionSort,3,0.397800,0.00,0.00
randomArrays.txt,InsertionSort,1,23.021500,33.94,0.00
randomArrays.txt,InsertionSort,2,21.862900,17.87,0.00
randomArrays.txt,InsertionSort,3,29.395100,26.58,0.00
randomArrays.txt,InsertionSort,1,17.038000,22.93,0.00
randomArrays.txt,InsertionSort,2,18.197700,21.47,0.00
randomArrays.txt,InsertionSort,3,30.197300,12.94,0.00
randomArrays.txt,InsertionSort,1,40.658500,28.82,0.00
randomArrays.txt,InsertionSort,2,19.173900,20.37,0.00
randomArrays.txt,InsertionSort,3,30.451400,25.66,0.00
randomArrays.txt,InsertionSort,1,61.717100,25.32,0.00
randomArrays.txt,InsertionSort,2,84.816000,27.63,0.00
randomArrays.txt,InsertionSort,3,68.593900,22.78,0.00
randomArrays.txt,InsertionSort,1,43.299100,27.06,0.00
randomArrays.txt,InsertionSort,2,46.192200,25.37,0.00
randomArrays.txt,InsertionSort,3,40.504300,28.93,0.00
randomArrays.txt,InsertionSort,1,54.603000,28.62,0.00
randomArrays.txt,InsertionSort,2,46.593700,25.15,0.00
randomArrays.txt,InsertionSort,3,65.650400,23.80,0.00
randomArrays.txt,InsertionSort,1,13.109200,29.80,0.00
randomArrays.txt,InsertionSort,2,12.461600,31.35,0.00
randomArrays.txt,InsertionSort,3,7.128800,0.00,0.00
randomArrays.txt,InsertionSort,1,9.110400,42.88,0.00
randomArrays.txt,InsertionSort,2,9.909600,39.42,0.00
randomArrays.txt,InsertionSort,3,12.234400,0.00,0.00
randomArrays.txt,InsertionSort,1,11.135500,0.00,0.00
randomArrays.txt,InsertionSort,2,9.782200,39.93,0.00
randomArrays.txt,InsertionSort,3,9.725700,40.16,0.00
randomArrays.txt,InsertionSort,1,36.547900,21.38,0.00
randomArrays.txt,InsertionSort,2,27.747700,28.16,0.00
randomArrays.txt,InsertionSort,3,31.387100,24.89,0.00
randomArrays.txt,InsertionSort,1,72.236000,21.63,0.00
randomArrays.txt,InsertionSort,2,54.928300,21.33,0.00
randomArrays.txt,InsertionSort,3,32.735200,23.87,0.00
randomArrays.txt,InsertionSort,1,2.326700,0.00,0.00
randomArrays.txt,InsertionSort,2,1.422600,0.00,0.00
randomArrays.txt,InsertionSort,3,3.450600,113.20,0.00
randomArrays.txt,InsertionSort,1,8.092800,48.27,0.00
randomArrays.txt,InsertionSort,2,14.424600,27.08,0.00
randomArrays.txt,InsertionSort,3,8.425900,0.00,0.00
randomArrays.txt,InsertionSort,1,12.134100,0.00,0.00
randomArrays.txt,InsertionSort,2,11.206100,34.86,0.00
randomArrays.txt,InsertionSort,3,12.464200,31.34,0.00
randomArrays.txt,InsertionSort,1,33.243000,23.50,0.00
randomArrays.txt,InsertionSort,2,33.415500,23.38,0.00
randomArrays.txt,InsertionSort,3,20.686500,18.88,0.00
randomArrays.txt,InsertionSort,1,24.824800,31.47,0.00
randomArrays.txt,InsertionSort,2,29.593600,26.40,0.00
randomArrays.txt,InsertionSort,3,33.285400,23.47,0.00
randomArrays.txt,InsertionSort,1,29.470200,26.51,0.00
randomArrays.txt,InsertionSort,2,47.396200,24.73,0.00
randomArrays.txt,InsertionSort,3,55.684600,28.06,0.00
randomArrays.txt,InsertionSort,1,1.128500,0.00,0.00
randomArrays.txt,InsertionSort,2,1.447900,269.79,0.00
randomArrays.txt,InsertionSort,3,1.445900,0.00,0.00
randomArrays.txt,InsertionSort,1,11.175400,0.00,0.00
randomArrays.txt,InsertionSort,2,12.412700,0.00,0.00
randomArrays.txt,InsertionSort,3,7.091200,55.09,0.00
randomArrays.txt,InsertionSort,1,10.068100,0.00,0.00
randomArrays.txt,InsertionSort,2,17.693700,44.15,0.00
randomArrays.txt,InsertionSort,3,17.553300,22.25,0.00
randomArrays.txt,InsertionSort,1,3.925100,0.00,0.00
randomArrays.txt,InsertionSort,2,4.080200,95.74,0.00
randomArrays.txt,InsertionSort,3,3.891700,0.00,0.00
randomArrays.txt,InsertionSort,1,0.936600,0.00,0.00
randomArrays.txt,InsertionSort,2,0.960100,0.00,0.00
randomArrays.txt,InsertionSort,3,0.959900,0.00,0.00
randomArrays.txt,InsertionSort,1,27.431300,28.48,0.00
randomArrays.txt,InsertionSort,2,35.262800,22.16,0.00
randomArrays.txt,InsertionSort,3,38.499000,30.44,0.00
randomArrays.txt,InsertionSort,1,13.759200,28.39,0.00
randomArrays.txt,InsertionSort,2,14.744700,26.49,0.00
randomArrays.txt,InsertionSort,3,10.792500,36.19,0.00
randomArrays.txt,InsertionSort,1,7.197600,54.27,0.00
randomArrays.txt,InsertionSort,2,7.655100,0.00,0.00
randomArrays.txt,InsertionSort,3,8.290900,47.11,0.00
randomArrays.txt,InsertionSort,1,27.014300,28.92,0.00
randomArrays.txt,InsertionSort,2,49.838900,23.51,0.00
randomArrays.txt,InsertionSort,3,34.936700,33.54,0.00
randomArrays.txt,InsertionSort,1,2.651900,0.00,0.00
randomArrays.txt,InsertionSort,2,3.005600,0.00,0.00
randomArrays.txt,InsertionSort,3,2.625900,148.76,0.00
randomArrays.txt,InsertionSort,1,29.323100,26.64,0.00
randomArrays.txt,InsertionSort,2,18.757500,41.65,0.00
randomArrays.txt,InsertionSort,3,15.831900,24.67,0.00
randomArrays.txt,InsertionSort,1,73.433200,21.28,0.00
randomArrays.txt,InsertionSort,2,72.546500,21.54,0.00
randomArrays.txt,InsertionSort,3,57.429200,27.21,0.00
randomArrays.txt,InsertionSort,1,0.683400,0.00,0.00
randomArrays.txt,InsertionSort,2,0.756400,0.00,0.00
randomArrays.txt,InsertionSort,3,0.792000,0.00,0.00
randomArrays.txt,InsertionSort,1,40.667000,28.82,0.00
randomArrays.txt,InsertionSort,2,44.045100,26.61,0.00
randomArrays.txt,InsertionSort,3,38.060100,20.53,0.00
randomArrays.txt,InsertionSort,1,20.255100,19.29,0.00
randomArrays.txt,InsertionSort,2,17.331500,22.54,0.00
randomArrays.txt,InsertionSort,3,18.573200,42.06,0.00
randomArrays.txt,InsertionSort,1,66.982200,23.33,0.00
randomArrays.txt,InsertionSort,2,69.856900,27.96,0.00
randomArrays.txt,InsertionSort,3,58.057500,20.18,0.00
randomArrays.txt,InsertionSort,1,11.172700,34.96,0.00
randomArrays.txt,InsertionSort,2,24.055500,32.48,0.00
randomArrays.txt,InsertionSort,3,23.067600,16.93,0.00
randomArrays.txt,InsertionSort,1,18.252300,21.40,0.00
randomArrays.txt,InsertionSort,2,21.124900,36.98,0.00
randomArrays.txt,InsertionSort,3,11.135300,0.00,0.00
randomArrays.txt,InsertionSort,1,28.641200,27.28,0.00
randomArrays.txt,InsertionSort,2,15.568800,25.09,0.00
randomArrays.txt,InsertionSort,3,17.665500,22.11,0.00
randomArrays.txt,InsertionSort,1,23.046100,33.90,0.00
randomArrays.txt,InsertionSort,2,24.453600,15.97,0.00
randomArrays.txt,InsertionSort,3,19.149600,20.40,0.00
randomArrays.txt,InsertionSort,1,2.698100,0.00,0.00
randomArrays.txt,InsertionSort,2,5.245000,0.00,0.00
randomArrays.txt,InsertionSort,3,3.894500,0.00,0.00
randomArrays.txt,InsertionSort,1,4.885200,79.96,0.00
randomArrays.txt,InsertionSort,2,4.765700,0.00,0.00
randomArrays.txt,InsertionSort,3,2.279600,0.00,0.00
randomArrays.txt,InsertionSort,1,64.066800,24.39,0.00
randomArrays.txt,InsertionSort,2,65.726800,23.77,0.00
randomArrays.txt,InsertionSort,3,66.838100,23.38,0.00
randomArrays.txt,InsertionSort,1,56.179500,20.86,0.00
randomArrays.txt,InsertionSort,2,68.492200,28.52,0.00
randomArrays.txt,InsertionSort,3,59.807400,26.13,0.00
randomArrays.txt,InsertionSort,1,63.937300,24.44,0.00
randomArrays.txt,InsertionSort,2,80.865000,24.15,0.00
randomArrays.txt,InsertionSort,3,39.311300,29.81,0.00
randomArrays.txt,InsertionSort,1,42.224200,18.50,0.00
randomArrays.txt,InsertionSort,2,39.859500,29.40,0.00
randomArrays.txt,InsertionSort,3,52.896200,29.54,0.00
randomArrays.txt,InsertionSort,1,60.288500,25.92,0.00
randomArrays.txt,InsertionSort,2,48.779400,24.02,0.00
randomArrays.txt,InsertionSort,3,48.310900,24.26,0.00
randomArrays.txt,InsertionSort,1,0.042500,0.00,0.00
randomArrays.txt,InsertionSort,2,0.091000,0.00,0.00
randomArrays.txt,InsertionSort,3,0.043300,0.00,0.00
randomArrays.txt,InsertionSort,1,3.768900,103.64,0.00
randomArrays.txt,InsertionSort,2,2.764700,0.00,0.00
randomArrays.txt,InsertionSort,3,2.693300,0.00,0.00
randomArrays.txt,InsertionSort,1,45.812800,17.05,0.00
randomArrays.txt,InsertionSort,2,34.095000,22.91,0.00
randomArrays.txt,InsertionSort,3,51.014600,22.97,0.00
randomArrays.txt,InsertionSort,1,25.388100,30.77,0.00
randomArrays.txt,InsertionSort,2,18.831700,20.74,0.00
randomArrays.txt,InsertionSort,3,22.243800,35.12,0.00
randomArrays.txt,InsertionSort,1,47.571000,24.63,0.00
randomArrays.txt,InsertionSort,2,38.485600,30.45,0.00
randomArrays.txt,InsertionSort,3,15.046600,25.96,0.00
randomArrays.txt,InsertionSort,1,59.620800,26.21,0.00
randomArrays.txt,InsertionSort,2,52.963600,29.50,0.00
randomArrays.txt,InsertionSort,3,79.462300,24.58,0.00
randomArrays.txt,InsertionSort,1,49.357100,23.74,0.00
randomArrays.txt,InsertionSort,2,49.626800,23.61,0.00
randomArrays.txt,InsertionSort,3,69.404500,28.14,0.00
randomArrays.txt,InsertionSort,1,3.427300,0.00,0.00
randomArrays.txt,InsertionSort,2,6.147100,63.55,0.00
randomArrays.txt,InsertionSort,3,6.285000,0.00,0.00
randomArrays.txt,InsertionSort,1,13.011500,30.02,0.00
randomArrays.txt,InsertionSort,2,16.416500,23.79,0.00
randomArrays.txt,InsertionSort,3,22.397600,34.88,0.00
randomArrays.txt,InsertionSort,1,44.145600,26.55,0.00
randomArrays.txt,InsertionSort,2,48.252300,24.29,0.00
randomArrays.txt,InsertionSort,3,33.393700,23.40,0.00
randomArrays.txt,InsertionSort,1,1.663200,0.00,0.00
randomArrays.txt,InsertionSort,2,2.801100,0.00,0.00
randomArrays.txt,InsertionSort,3,2.788500,0.00,0.00
randomArrays.txt,InsertionSort,1,26.362200,14.82,0.00
randomArrays.txt,InsertionSort,2,25.696400,30.40,0.00
randomArrays.txt,InsertionSort,3,38.986200,20.04,0.00
randomArrays.txt,InsertionSort,1,71.857100,21.74,0.00
randomArrays.txt,InsertionSort,2,46.900700,24.99,0.00
randomArrays.txt,InsertionSort,3,85.809300,27.31,0.00
randomArrays.txt,InsertionSort,1,18.617500,20.98,0.00
randomArrays.txt,InsertionSort,2,26.563600,29.41,0.00
randomArrays.txt,InsertionSort,3,17.018000,22.95,0.00
randomArrays.txt,InsertionSort,1,3.037300,0.00,0.00
randomArrays.txt,InsertionSort,2,3.056200,0.00,0.00
randomArrays.txt,InsertionSort,3,3.622200,0.00,0.00
randomArrays.txt,InsertionSort,1,35.014900,22.31,0.00
randomArrays.txt,InsertionSort,2,35.915200,32.63,0.00
randomArrays.txt,InsertionSort,3,41.929700,18.63,0.00
randomArrays.txt,InsertionSort,1,2.568200,0.00,0.00
randomArrays.txt,InsertionSort,2,2.604000,0.00,0.00
randomArrays.txt,InsertionSort,3,3.067000,127.36,0.00
randomArrays.txt,InsertionSort,1,14.422400,27.08,0.00
randomArrays.txt,InsertionSort,2,20.226300,19.31,0.00
randomArrays.txt,InsertionSort,3,22.370400,34.92,0.00
randomArrays.txt,InsertionSort,1,5.190000,0.00,0.00
randomArrays.txt,InsertionSort,2,9.611200,40.64,0.00
randomArrays.txt,InsertionSort,3,9.126900,42.80,0.00
randomArrays.txt,InsertionSort,1,45.445600,25.79,0.00
randomArrays.txt,InsertionSort,2,61.454600,19.07,0.00
randomArrays.txt,InsertionSort,3,48.611700,24.11,0.00
randomArrays.txt,InsertionSort,1,29.683400,26.32,0.00
randomArrays.txt,InsertionSort,2,34.652500,22.55,0.00
randomArrays.txt,InsertionSort,3,41.497700,28.24,0.00
randomArrays.txt,InsertionSort,1,28.932700,27.00,0.00
randomArrays.txt,InsertionSort,2,22.713300,17.20,0.00
randomArrays.txt,InsertionSort,3,38.055800,30.79,0.00
randomArrays.txt,InsertionSort,1,39.009000,20.03,0.00
randomArrays.txt,InsertionSort,2,50.801100,23.07,0.00
randomArrays.txt,InsertionSort,3,53.325600,21.98,0.00
randomArrays.txt,InsertionSort,1,29.865300,26.16,0.00
randomArrays.txt,InsertionSort,2,33.511000,23.31,0.00
randomArrays.txt,InsertionSort,3,40.518200,28.92,0.00
randomArrays.txt,InsertionSort,1,4.878000,80.08,0.00
randomArrays.txt,InsertionSort,2,8.044300,0.00,0.00
randomArrays.txt,InsertionSort,3,5.312400,0.00,0.00
randomArrays.txt,InsertionSort,1,12.496600,0.00,0.00
randomArrays.txt,InsertionSort,2,19.202200,20.34,0.00
randomArrays.txt,InsertionSort,3,24.992400,15.63,0.00
randomArrays.txt,InsertionSort,1,71.517300,27.31,0.00
randomArrays.txt,InsertionSort,2,63.904800,24.45,0.00
randomArrays.txt,InsertionSort,3,49.917300,23.48,0.00
randomArrays.txt,InsertionSort,1,2.539200,0.00,0.00
randomArrays.txt,InsertionSort,2,4.870900,0.00,0.00
randomArrays.txt,InsertionSort,3,5.084700,0.00,0.00
randomArrays.txt,InsertionSort,1,34.072100,34.39,0.00
randomArrays.txt,InsertionSort,2,22.382800,17.45,0.00
randomArrays.txt,InsertionSort,3,20.540500,19.02,0.00
randomArrays.txt,InsertionSort,1,38.335100,20.38,0.00
randomArrays.txt,InsertionSort,2,24.590600,31.77,0.00
randomArrays.txt,InsertionSort,3,24.783600,31.52,0.00
randomArrays.txt,InsertionSort,1,0.712500,0.00,0.00
randomArrays.txt,InsertionSort,2,0.563500,0.00,0.00
randomArrays.txt,InsertionSort,3,0.577700,0.00,0.00
randomArrays.txt,InsertionSort,1,11.937900,32.72,0.00
randomArrays.txt,InsertionSort,2,13.707000,28.50,0.00
randomArrays.txt,InsertionSort,3,8.325300,0.00,0.00
randomArrays.txt,InsertionSort,1,41.277900,28.39,0.00
randomArrays.txt,InsertionSort,2,47.581300,24.63,0.00
randomArrays.txt,InsertionSort,3,30.572300,25.55,0.00
randomArrays.txt,InsertionSort,1,2.350300,0.00,0.00
randomArrays.txt,InsertionSort,2,2.406000,0.00,0.00
randomArrays.txt,InsertionSort,3,4.118500,94.85,0.00
randomArrays.txt,InsertionSort,1,16.577800,23.56,0.00
randomArrays.txt,InsertionSort,2,12.584000,0.00,0.00
randomArrays.txt,InsertionSort,3,15.366000,25.42,0.00
randomArrays.txt,InsertionSort,1,61.939700,18.92,0.00
randomArrays.txt,InsertionSort,2,57.668300,20.32,0.00
randomArrays.txt,InsertionSort,3,50.192000,31.13,0.00
randomArrays.txt,InsertionSort,1,6.391500,61.12,0.00
randomArrays.txt,InsertionSort,2,3.203400,0.00,0.00
randomArrays.txt,InsertionSort,3,8.744400,0.00,0.00
randomArrays.txt,InsertionSort,1,7.521000,0.00,0.00
randomArrays.txt,InsertionSort,2,4.914200,79.49,0.00
randomArrays.txt,InsertionSort,3,7.571000,0.00,0.00
randomArrays.txt,InsertionSort,1,3.097300,0.00,0.00
randomArrays.txt,InsertionSort,2,4.928200,79.26,0.00
randomArrays.txt,InsertionSort,3,6.158100,0.00,0.00
randomArrays.txt,InsertionSort,1,24.042300,16.25,0.00
randomArrays.txt,InsertionSort,2,18.373200,21.26,0.00
randomArrays.txt,InsertionSort,3,23.895000,16.35,0.00
randomArrays.txt,InsertionSort,1,0.278600,0.00,0.00
randomArrays.txt,InsertionSort,2,0.148600,0.00,0.00
randomArrays.txt,InsertionSort,3,0.148600,0.00,0.00
randomArrays.txt,InsertionSort,1,19.185000,20.36,0.00
randomArrays.txt,InsertionSort,2,21.385900,36.53,0.00
randomArrays.txt,InsertionSort,3,23.179600,16.85,0.00
randomArrays.txt,InsertionSort,1,58.202700,26.85,0.00
randomArrays.txt,InsertionSort,2,62.787200,24.89,0.00
randomArrays.txt,InsertionSort,3,32.957100,23.71,0.00
randomArrays.txt,InsertionSort,1,62.599800,24.96,0.00
randomArrays.txt,InsertionSort,2,44.622400,17.51,0.00
randomArrays.txt,InsertionSort,3,46.283600,16.88,0.00
randomArrays.txt,InsertionSort,1,36.162700,32.41,0.00
randomArrays.txt,InsertionSort,2,45.048300,26.01,0.00
randomArrays.txt,InsertionSort,3,40.149700,19.46,0.00
randomArrays.txt,InsertionSort,1,34.667000,33.80,0.00
randomArrays.txt,InsertionSort,2,37.934800,20.59,0.00
randomArrays.txt,InsertionSort,3,52.271100,29.89,0.00
randomArrays.txt,InsertionSort,1,36.605600,32.01,0.00
randomArrays.txt,InsertionSort,2,34.892300,22.39,0.00
randomArrays.txt,InsertionSort,3,44.874300,26.11,0.00
randomArrays.txt,InsertionSort,1,2.650300,0.00,0.00
randomArrays.txt,InsertionSort,2,4.651900,0.00,0.00
randomArrays.txt,InsertionSort,3,3.118700,125.25,0.00
randomArrays.txt,InsertionSort,1,5.250800,74.39,0.00
randomArrays.txt,InsertionSort,2,10.064900,38.81,0.00
randomArrays.txt,InsertionSort,3,6.714000,0.00,0.00
randomArrays.txt,InsertionSort,1,32.271900,24.21,0.00
randomArrays.txt,InsertionSort,2,65.303100,29.91,0.00
randomArrays.txt,InsertionSort,3,30.942200,25.25,0.00
randomArrays.txt,InsertionSort,1,55.293400,28.26,0.00
randomArrays.txt,InsertionSort,2,58.881000,26.54,0.00
randomArrays.txt,InsertionSort,3,52.422000,22.35,0.00
randomArrays.txt,InsertionSort,1,31.601400,24.72,0.00
randomArrays.txt,InsertionSort,2,25.211000,30.99,0.00
randomArrays.txt,InsertionSort,3,26.479300,29.50,0.00
randomArrays.txt,InsertionSort,1,16.356700,23.88,0.00
randomArrays.txt,InsertionSort,2,8.791500,0.00,0.00
randomArrays.txt,InsertionSort,3,10.441200,0.00,0.00
randomArrays.txt,InsertionSort,1,2.275800,0.00,0.00
randomArrays.txt,InsertionSort,2,2.257900,0.00,0.00
randomArrays.txt,InsertionSort,3,3.544000,0.00,0.00
randomArrays.txt,InsertionSort,1,54.513300,28.66,0.00
randomArrays.txt,InsertionSort,2,56.326700,20.80,0.00
randomArrays.txt,InsertionSort,3,68.641400,28.45,0.00
randomArrays.txt,InsertionSort,1,25.435800,30.71,0.00
randomArrays.txt,InsertionSort,2,22.330100,17.49,0.00
randomArrays.txt,InsertionSort,3,30.382600,25.71,0.00
randomArrays.txt,InsertionSort,1,0.030100,0.00,0.00
randomArrays.txt,InsertionSort,2,0.044100,0.00,0.00
randomArrays.txt,InsertionSort,3,0.046700,0.00,0.00
randomArrays.txt,InsertionSort,1,22.424300,17.42,0.00
randomArrays.txt,InsertionSort,2,15.651300,24.96,0.00
randomArrays.txt,InsertionSort,3,17.795900,43.90,0.00
randomArrays.txt,InsertionSort,1,4.195100,93.11,0.00
randomArrays.txt,InsertionSort,2,4.930200,0.00,0.00
randomArrays.txt,InsertionSort,3,4.361500,0.00,0.00
randomArrays.txt,InsertionSort,1,9.525800,41.01,0.00
randomArrays.txt,InsertionSort,2,7.973000,48.99,0.00
randomArrays.txt,InsertionSort,3,9.149300,0.00,0.00
randomArrays.txt,InsertionSort,1,4.336900,90.07,0.00
randomArrays.txt,InsertionSort,2,4.289100,0.00,0.00
randomArrays.txt,InsertionSort,3,9.344700,0.00,0.00
randomArrays.txt,InsertionSort,1,12.387100,0.00,0.00
randomArrays.txt,InsertionSort,2,11.395900,0.00,0.00
randomArrays.txt,InsertionSort,3,4.812800,0.00,0.00
randomArrays.txt,InsertionSort,1,5.451500,0.00,0.00
randomArrays.txt,InsertionSort,2,3.787400,103.14,0.00
randomArrays.txt,InsertionSort,3,5.483800,0.00,0.00
randomArrays.txt,InsertionSort,1,2.795400,0.00,0.00
randomArrays.txt,InsertionSort,2,6.353600,61.48,0.00
randomArrays.txt,InsertionSort,3,5.984900,0.00,0.00
randomArrays.txt,InsertionSort,1,180.608900,10.81,0.00
randomArrays.txt,InsertionSort,2,75.098100,26.01,0.00
randomArrays.txt,InsertionSort,3,80.240000,24.34,0.00
randomArrays.txt,InsertionSort,1,84.216200,13.92,0.00
randomArrays.txt,InsertionSort,2,43.605800,26.87,0.00
randomArrays.txt,InsertionSort,3,49.129100,23.85,0.00
randomArrays.txt,InsertionSort,1,25.609400,15.25,0.00
randomArrays.txt,InsertionSort,2,34.660200,22.54,0.00
randomArrays.txt,InsertionSort,3,34.256100,22.81,0.00
randomArrays.txt,InsertionSort,1,9.750900,0.00,0.00
randomArrays.txt,InsertionSort,2,16.364300,23.87,0.00
randomArrays.txt,InsertionSort,3,21.540100,36.27,0.00
randomArrays.txt,InsertionSort,1,53.040100,29.46,0.00
randomArrays.txt,InsertionSort,2,68.184000,22.92,0.00
randomArrays.txt,InsertionSort,3,68.244800,28.62,0.00
randomArrays.txt,InsertionSort,1,11.333800,34.47,0.00
randomArrays.txt,InsertionSort,2,6.366500,61.36,0.00
randomArrays.txt,InsertionSort,3,11.658300,0.00,0.00
randomArrays.txt,InsertionSort,1,42.133000,27.81,0.00
randomArrays.txt,InsertionSort,2,41.627800,18.77,0.00
randomArrays.txt,InsertionSort,3,44.671500,26.23,0.00
randomArrays.txt,InsertionSort,1,55.698600,21.04,0.00
randomArrays.txt,InsertionSort,2,57.265700,27.29,0.00
randomArrays.txt,InsertionSort,3,64.361300,24.28,0.00
randomArrays.txt,InsertionSort,1,16.876500,23.15,0.00
randomArrays.txt,InsertionSort,2,10.604100,36.84,0.00
randomArrays.txt,InsertionSort,3,17.856200,21.88,0.00
randomArrays.txt,InsertionSort,1,28.699300,27.22,0.00
randomArrays.txt,InsertionSort,2,25.214400,15.49,0.00
randomArrays.txt,InsertionSort,3,26.219500,29.80,0.00
randomArrays.txt,InsertionSort,1,0.697300,0.00,0.00
randomArrays.txt,InsertionSort,2,0.563900,0.00,0.00
randomArrays.txt,InsertionSort,3,0.569300,0.00,0.00
randomArrays.txt,InsertionSort,1,48.508500,24.16,0.00
randomArrays.txt,InsertionSort,2,35.781600,21.83,0.00
randomArrays.txt,InsertionSort,3,43.409600,27.00,0.00
randomArrays.txt,InsertionSort,1,17.025600,22.94,0.00
randomArrays.txt,InsertionSort,2,15.017700,0.00,0.00
randomArrays.txt,InsertionSort,3,17.497800,22.32,0.00
randomArrays.txt,InsertionSort,1,43.152100,27.16,0.00
randomArrays.txt,InsertionSort,2,34.948600,22.35,0.00
randomArrays.txt,InsertionSort,3,47.444500,24.70,0.00
randomArrays.txt,InsertionSort,1,33.555500,23.28,0.00
randomArrays.txt,InsertionSort,2,25.162300,15.52,0.00
randomArrays.txt,InsertionSort,3,56.557700,20.72,0.00
randomArrays.txt,InsertionSort,1,7.022800,55.62,0.00
randomArrays.txt,InsertionSort,2,6.538600,0.00,0.00
randomArrays.txt,InsertionSort,3,6.787300,57.55,0.00
randomArrays.txt,InsertionSort,1,83.607600,23.36,0.00
randomArrays.txt,InsertionSort,2,82.353600,23.72,0.00
randomArrays.txt,InsertionSort,3,76.293400,25.60,0.00
randomArrays.txt,InsertionSort,1,6.315200,0.00,0.00
randomArrays.txt,InsertionSort,2,5.886900,66.35,0.00
randomArrays.txt,InsertionSort,3,6.976500,0.00,0.00
randomArrays.txt,InsertionSort,1,16.878100,23.14,0.00
randomArrays.txt,InsertionSort,2,10.771900,36.26,0.00
randomArrays.txt,InsertionSort,3,20.691800,18.88,0.00
randomArrays.txt,InsertionSort,1,18.652900,20.94,0.00
randomArrays.txt,InsertionSort,2,20.707600,37.73,0.00
randomArrays.txt,InsertionSort,3,23.055700,16.94,0.00
randomArrays.txt,InsertionSort,1,1.868200,0.00,0.00
randomArrays.txt,InsertionSort,2,1.459200,0.00,0.00
randomArrays.txt,InsertionSort,3,1.488600,0.00,0.00
randomArrays.txt,InsertionSort,1,57.631600,27.11,0.00
randomArrays.txt,InsertionSort,2,78.431500,24.90,0.00
randomArrays.txt,InsertionSort,3,89.812700,26.10,0.00
randomArrays.txt,InsertionSort,1,3.988600,0.00,0.00
randomArrays.txt,InsertionSort,2,5.285200,0.00,0.00
randomArrays.txt,InsertionSort,3,4.541400,86.01,0.00
randomArrays.txt,InsertionSort,1,3.091300,0.00,0.00
randomArrays.txt,InsertionSort,2,3.088700,126.47,0.00
randomArrays.txt,InsertionSort,3,3.115700,0.00,0.00
randomArrays.txt,InsertionSort,1,20.291300,19.25,0.00
randomArrays.txt,InsertionSort,2,14.319700,0.00,0.00
randomArrays.txt,InsertionSort,3,12.092100,32.30,0.00
randomArrays.txt,InsertionSort,1,2.320000,0.00,0.00
randomArrays.txt,InsertionSort,2,4.108900,0.00,0.00
randomArrays.txt,InsertionSort,3,2.249800,173.63,0.00
randomArrays.txt,InsertionSort,1,0.087800,0.00,0.00
randomArrays.txt,InsertionSort,2,0.170600,0.00,0.00
randomArrays.txt,InsertionSort,3,0.185600,0.00,0.00
randomArrays.txt,InsertionSort,1,2.322900,0.00,0.00
randomArrays.txt,InsertionSort,2,1.776800,0.00,0.00
randomArrays.txt,InsertionSort,3,2.344000,166.65,0.00
randomArrays.txt,InsertionSort,1,21.497100,18.17,0.00
randomArrays.txt,InsertionSort,2,24.915200,31.36,0.00
randomArrays.txt,InsertionSort,3,29.152700,26.80,0.00
randomArrays.txt,InsertionSort,1,44.237000,26.49,0.00
randomArrays.txt,InsertionSort,2,23.875300,16.36,0.00
randomArrays.txt,InsertionSort,3,37.290000,31.43,0.00
randomArrays.txt,InsertionSort,1,0.502700,0.00,0.00
randomArrays.txt,InsertionSort,2,0.493900,0.00,0.00
randomArrays.txt,InsertionSort,3,0.505000,0.00,0.00
randomArrays.txt,InsertionSort,1,0.015400,0.00,0.00
randomArrays.txt,InsertionSort,2,0.029700,0.00,0.00
randomArrays.txt,InsertionSort,3,0.030000,0.00,0.00
randomArrays.txt,InsertionSort,1,13.953500,27.99,0.00
randomArrays.txt,InsertionSort,2,7.804700,0.00,0.00
randomArrays.txt,InsertionSort,3,9.096200,42.94,0.00
randomArrays.txt,InsertionSort,1,3.548400,0.00,0.00
randomArrays.txt,InsertionSort,2,8.052000,48.51,0.00
randomArrays.txt,InsertionSort,3,10.042000,0.00,0.00
randomArrays.txt,InsertionSort,1,57.527800,27.16,0.00
randomArrays.txt,InsertionSort,2,66.549700,23.48,0.00
randomArrays.txt,InsertionSort,3,90.081700,26.02,0.00
randomArrays.txt,InsertionSort,1,0.315500,0.00,0.00
randomArrays.txt,InsertionSort,2,0.330600,0.00,0.00
randomArrays.txt,InsertionSort,3,0.250600,0.00,0.00
randomArrays.txt,InsertionSort,1,45.210900,25.92,0.00
randomArrays.txt,InsertionSort,2,44.423900,26.38,0.00
randomArrays.txt,InsertionSort,3,37.330300,20.93,0.00
randomArrays.txt,InsertionSort,1,42.241100,18.50,0.00
randomArrays.txt,InsertionSort,2,30.266300,25.81,0.00
randomArrays.txt,InsertionSort,3,45.753600,25.61,0.00
randomArrays.txt,InsertionSort,1,3.420100,114.21,0.00
randomArrays.txt,InsertionSort,2,3.475100,0.00,0.00
randomArrays.txt,InsertionSort,3,3.126800,0.00,0.00
randomArrays.txt,InsertionSort,1,45.138000,25.96,0.00
randomArrays.txt,InsertionSort,2,44.776900,26.17,0.00
randomArrays.txt,InsertionSort,3,47.167400,24.85,0.00
randomArrays.txt,InsertionSort,1,62.449100,25.02,0.00
randomArrays.txt,InsertionSort,2,56.745900,27.54,0.00
randomArrays.txt,InsertionSort,3,64.047900,24.40,0.00
randomArrays.txt,InsertionSort,1,1.376100,0.00,0.00
randomArrays.txt,InsertionSort,2,2.137200,0.00,0.00
randomArrays.txt,InsertionSort,3,1.949700,0.00,0.00
randomArrays.txt,InsertionSort,1,0.301300,0.00,0.00
randomArrays.txt,InsertionSort,2,0.306600,0.00,0.00
randomArrays.txt,InsertionSort,3,0.211000,0.00,0.00
randomArrays.txt,InsertionSort,1,64.737200,24.14,0.00
randomArrays.txt,InsertionSort,2,91.792700,25.53,0.00
randomArrays.txt,InsertionSort,3,71.524400,21.85,0.00
randomArrays.txt,InsertionSort,1,10.052100,0.00,0.00
randomArrays.txt,InsertionSort,2,8.493000,45.99,0.00
randomArrays.txt,InsertionSort,3,7.120400,0.00,0.00
randomArrays.txt,InsertionSort,1,3.103800,0.00,0.00
randomArrays.txt,InsertionSort,2,3.787300,103.14,0.00
randomArrays.txt,InsertionSort,3,3.099400,0.00,0.00
randomArrays.txt,InsertionSort,1,3.644600,107.18,0.00
randomArrays.txt,InsertionSort,2,4.011700,0.00,0.00
randomArrays.txt,InsertionSort,3,3.732900,0.00,0.00
randomArrays.txt,InsertionSort,1,29.458300,26.52,0.00
randomArrays.txt,InsertionSort,2,19.562300,19.97,0.00
randomArrays.txt,InsertionSort,3,14.486500,26.96,0.00
randomArrays.txt,InsertionSort,1,6.854900,0.00,0.00
randomArrays.txt,InsertionSort,2,6.883100,56.75,0.00
randomArrays.txt,InsertionSort,3,6.906500,56.56,0.00
randomArrays.txt,InsertionSort,1,36.451900,21.43,0.00
randomArrays.txt,InsertionSort,2,24.334600,32.10,0.00
randomArrays.txt,InsertionSort,3,20.580500,18.98,0.00
randomArrays.txt,InsertionSort,1,2.152500,0.00,0.00
randomArrays.txt,InsertionSort,2,2.526900,0.00,0.00
randomArrays.txt,InsertionSort,3,2.353800,0.00,0.00
randomArrays.txt,InsertionSort,1,45.427600,25.80,0.00
randomArrays.txt,InsertionSort,2,78.773300,19.84,0.00
randomArrays.txt,InsertionSort,3,82.883400,23.56,0.00
randomArrays.txt,InsertionSort,1,33.398800,23.39,0.00
randomArrays.txt,InsertionSort,2,59.344800,26.33,0.00
randomArrays.txt,InsertionSort,3,68.294300,22.88,0.00
randomArrays.txt,InsertionSort,1,7.240300,0.00,0.00
randomArrays.txt,InsertionSort,2,7.337100,53.24,0.00
randomArrays.txt,InsertionSort,3,8.213500,0.00,0.00
randomArrays.txt,InsertionSort,1,57.885400,13.50,0.00
randomArrays.txt,InsertionSort,2,53.257600,29.34,0.00
randomArrays.txt,InsertionSort,3,52.578700,22.29,0.00
randomArrays.txt,InsertionSort,1,10.931400,0.00,0.00
randomArrays.txt,InsertionSort,2,7.084300,55.14,0.00
randomArrays.txt,InsertionSort,3,7.878300,0.00,0.00
randomArrays.txt,InsertionSort,1,64.021900,24.41,0.00
randomArrays.txt,InsertionSort,2,58.214000,26.84,0.00
randomArrays.txt,InsertionSort,3,74.181700,21.06,0.00
randomArrays.txt,InsertionSort,1,4.523500,0.00,0.00
randomArrays.txt,InsertionSort,2,4.378700,0.00,0.00
randomArrays.txt,InsertionSort,3,2.366300,165.08,0.00
randomArrays.txt,InsertionSort,1,25.616100,30.50,0.00
randomArrays.txt,InsertionSort,2,19.444800,20.09,0.00
randomArrays.txt,InsertionSort,3,17.351500,45.02,0.00
randomArrays.txt,InsertionSort,1,19.886100,19.64,0.00
randomArrays.txt,InsertionSort,2,20.157900,38.76,0.00
randomArrays.txt,InsertionSort,3,14.834700,26.33,0.00
randomArrays.txt,InsertionSort,1,2.856000,0.00,0.00
randomArrays.txt,InsertionSort,2,3.417600,114.30,0.00
randomArrays.txt,InsertionSort,3,3.444200,0.00,0.00
randomArrays.txt,InsertionSort,1,54.635500,21.45,0.00
randomArrays.txt,InsertionSort,2,49.688600,23.58,0.00
randomArrays.txt,InsertionSort,3,25.200500,31.00,0.00
randomArrays.txt,InsertionSort,1,39.415000,29.73,0.00
randomArrays.txt,InsertionSort,2,37.737600,20.70,0.00
randomArrays.txt,InsertionSort,3,19.374700,20.16,0.00
randomArrays.txt,InsertionSort,1,4.313100,0.00,0.00
randomArrays.txt,InsertionSort,2,3.916400,0.00,0.00
randomArrays.txt,InsertionSort,3,4.057500,96.27,0.00
randomArrays.txt,InsertionSort,1,15.151500,25.78,0.00
randomArrays.txt,InsertionSort,2,22.472600,17.38,0.00
randomArrays.txt,InsertionSort,3,9.132200,42.77,0.00
randomArrays.txt,InsertionSort,1,3.440300,0.00,0.00
randomArrays.txt,InsertionSort,2,1.788300,0.00,0.00
randomArrays.txt,InsertionSort,3,3.875300,0.00,0.00
randomArrays.txt,InsertionSort,1,47.318600,24.77,0.00
randomArrays.txt,InsertionSort,2,47.194300,24.83,0.00
randomArrays.txt,InsertionSort,3,27.651000,28.25,0.00
randomArrays.txt,InsertionSort,1,1.300200,0.00,0.00
randomArrays.txt,InsertionSort,2,1.397800,0.00,0.00
randomArrays.txt,InsertionSort,3,1.379000,0.00,0.00
randomArrays.txt,InsertionSort,1,3.431200,0.00,0.00
randomArrays.txt,InsertionSort,2,2.457800,0.00,0.00
randomArrays.txt,InsertionSort,3,3.017600,0.00,0.00
randomArrays.txt,InsertionSort,1,38.965200,20.05,0.00
randomArrays.txt,InsertionSort,2,80.006500,24.41,0.00
randomArrays.txt,InsertionSort,3,42.436000,18.41,0.00
randomArrays.txt,InsertionSort,1,23.805800,32.82,0.00
randomArrays.txt,InsertionSort,2,40.161800,29.18,0.00
randomArrays.txt,InsertionSort,3,52.478300,22.33,0.00
randomArrays.txt,InsertionSort,1,6.828400,0.00,0.00
randomArrays.txt,InsertionSort,2,7.108300,54.95,0.00
randomArrays.txt,InsertionSort,3,6.475400,0.00,0.00
randomArrays.txt,InsertionSort,1,27.066000,28.86,0.00
randomArrays.txt,InsertionSort,2,34.253200,22.81,0.00
randomArrays.txt,InsertionSort,3,57.437500,27.20,0.00
randomArrays.txt,InsertionSort,1,35.472500,22.02,0.00
randomArrays.txt,InsertionSort,2,39.941400,29.34,0.00
randomArrays.txt,InsertionSort,3,53.252000,22.01,0.00
randomArrays.txt,InsertionSort,1,3.011900,129.69,0.00
randomArrays.txt,InsertionSort,2,3.025100,0.00,0.00
randomArrays.txt,InsertionSort,3,3.019500,0.00,0.00
randomArrays.txt,InsertionSort,1,0.192400,0.00,0.00
randomArrays.txt,InsertionSort,2,0.188900,0.00,0.00
randomArrays.txt,InsertionSort,3,0.188500,0.00,0.00
randomArrays.txt,InsertionSort,1,16.114500,24.24,0.00
randomArrays.txt,InsertionSort,2,14.227500,27.46,0.00
randomArrays.txt,InsertionSort,3,14.391800,27.14,0.00
randomArrays.txt,InsertionSort,1,14.633500,26.69,0.00
randomArrays.txt,InsertionSort,2,14.682800,26.60,0.00
randomArrays.txt,InsertionSort,3,15.145800,25.79,0.00
randomArrays.txt,InsertionSort,1,62.950800,24.82,0.00
randomArrays.txt,InsertionSort,2,39.072700,19.99,0.00
randomArrays.txt,InsertionSort,3,56.077600,27.86,0.00
randomArrays.txt,InsertionSort,1,9.184500,0.00,0.00
randomArrays.txt,InsertionSort,2,13.833700,28.24,0.00
randomArrays.txt,InsertionSort,3,8.412300,0.00,0.00
randomArrays.txt,InsertionSort,1,22.716000,17.20,0.00
randomArrays.txt,InsertionSort,2,40.124400,19.47,0.00
randomArrays.txt,InsertionSort,3,35.876400,10.89,0.00
randomArrays.txt,InsertionSort,1,0.859700,0.00,0.00
randomArrays.txt,InsertionSort,2,1.408800,0.00,0.00
randomArrays.txt,InsertionSort,3,3.326200,0.00,0.00
randomArrays.txt,InsertionSort,1,68.142100,28.66,0.00
randomArrays.txt,InsertionSort,2,62.546000,24.98,0.00
randomArrays.txt,InsertionSort,3,34.084000,22.92,0.00
randomArrays.txt,InsertionSort,1,50.550500,23.18,0.00
randomArrays.txt,InsertionSort,2,56.080800,20.90,0.00
randomArrays.txt,InsertionSort,3,46.625900,25.13,0.00
randomArrays.txt,InsertionSort,1,22.065200,17.70,0.00
randomArrays.txt,InsertionSort,2,34.331700,22.76,0.00
randomArrays.txt,InsertionSort,3,44.205700,17.67,0.00
randomArrays.txt,InsertionSort,1,34.620200,33.85,0.00
randomArrays.txt,InsertionSort,2,29.266400,13.35,0.00
randomArrays.txt,InsertionSort,3,31.666900,24.67,0.00
randomArrays.txt,InsertionSort,1,35.556600,32.96,0.00
randomArrays.txt,InsertionSort,2,19.855900,19.67,0.00
randomArrays.txt,InsertionSort,3,42.532300,27.55,0.00
randomArrays.txt,InsertionSort,1,121.693700,22.47,0.00
randomArrays.txt,InsertionSort,2,63.273800,24.69,0.00
randomArrays.txt,InsertionSort,3,63.574600,24.58,0.00
randomArrays.txt,InsertionSort,1,38.279600,20.41,0.00
randomArrays.txt,InsertionSort,2,25.646400,30.46,0.00
randomArrays.txt,InsertionSort,3,20.123000,19.41,0.00
randomArrays.txt,InsertionSort,1,2.412700,0.00,0.00
randomArrays.txt,InsertionSort,2,2.462900,0.00,0.00
randomArrays.txt,InsertionSort,3,2.847400,0.00,0.00
randomArrays.txt,InsertionSort,1,15.067500,25.93,0.00
randomArrays.txt,InsertionSort,2,16.402700,23.81,0.00
randomArrays.txt,InsertionSort,3,25.615700,30.50,0.00
randomArrays.txt,InsertionSort,1,5.511100,0.00,0.00
randomArrays.txt,InsertionSort,2,5.273200,0.00,0.00
randomArrays.txt,InsertionSort,3,13.372500,29.21,0.00
randomArrays.txt,InsertionSort,1,37.033000,21.10,0.00
randomArrays.txt,InsertionSort,2,27.900700,28.00,0.00
randomArrays.txt,InsertionSort,3,41.731200,28.08,0.00
randomArrays.txt,InsertionSort,1,39.340600,29.79,0.00
randomArrays.txt,InsertionSort,2,46.981500,24.94,0.00
randomArrays.txt,InsertionSort,3,57.679900,27.09,0.00
randomArrays.txt,InsertionSort,1,70.737900,27.61,0.00
randomArrays.txt,InsertionSort,2,82.852800,23.57,0.00
randomArrays.txt,InsertionSort,3,84.070400,27.88,0.00
randomArrays.txt,InsertionSort,1,8.224100,47.50,0.00
randomArrays.txt,InsertionSort,2,89.840700,4.35,0.00
randomArrays.txt,InsertionSort,3,34.107900,22.91,0.00
randomArrays.txt,InsertionSort,1,26.447100,29.54,0.00
randomArrays.txt,InsertionSort,2,34.311100,22.77,0.00
randomArrays.txt,InsertionSort,3,17.548100,22.26,0.00
randomArrays.txt,InsertionSort,1,50.527800,23.19,0.00
randomArrays.txt,InsertionSort,2,73.723800,21.19,0.00
randomArrays.txt,InsertionSort,3,82.811000,28.30,0.00
randomArrays.txt,InsertionSort,1,66.023100,23.67,0.00
randomArrays.txt,InsertionSort,2,64.991600,24.04,0.00
randomArrays.txt,InsertionSort,3,63.585600,24.57,0.00
randomArrays.txt,InsertionSort,1,5.424300,72.01,0.00
randomArrays.txt,InsertionSort,2,2.754400,0.00,0.00
randomArrays.txt,InsertionSort,3,8.986000,0.00,0.00
randomArrays.txt,InsertionSort,1,86.099300,22.68,0.00
randomArrays.txt,InsertionSort,2,81.983600,28.59,0.00
randomArrays.txt,InsertionSort,3,91.510400,25.61,0.00
randomArrays.txt,InsertionSort,1,1.125100,0.00,0.00
randomArrays.txt,InsertionSort,2,1.363300,0.00,0.00
randomArrays.txt,InsertionSort,3,1.388000,0.00,0.00
randomArrays.txt,InsertionSort,1,6.869300,56.87,0.00
randomArrays.txt,InsertionSort,2,5.679100,0.00,0.00
randomArrays.txt,InsertionSort,3,6.947700,56.22,0.00
randomArrays.txt,InsertionSort,1,13.546700,28.84,0.00
randomArrays.txt,InsertionSort,2,13.955200,27.99,0.00
randomArrays.txt,InsertionSort,3,12.398900,31.50,0.00
randomArrays.txt,InsertionSort,1,55.981400,27.91,0.00
randomArrays.txt,InsertionSort,2,54.904700,28.46,0.00
randomArrays.txt,InsertionSort,3,59.689900,26.18,0.00
randomArrays.txt,InsertionSort,1,1.344900,0.00,0.00
randomArrays.txt,InsertionSort,2,1.214900,0.00,0.00
randomArrays.txt,InsertionSort,3,1.321000,0.00,0.00
randomArrays.txt,InsertionSort,1,65.406100,23.89,0.00
randomArrays.txt,InsertionSort,2,37.097000,31.59,0.00
randomArrays.txt,InsertionSort,3,57.517500,27.17,0.00
