dataset,run,arraylength,time,cputime,memory
randomArrays.txt,1,469,0.021181,0.015625,0.00
randomArrays.txt,2,469,0.015958,0.015625,0.00
randomArrays.txt,3,469,0.014717,0.015625,0.00
randomArrays.txt,1,783,0.044780,0.046875,0.00
randomArrays.txt,2,783,0.031985,0.031250,0.00
randomArrays.txt,3,783,0.042193,0.046875,0.00
randomArrays.txt,1,464,0.010635,0.000000,0.00
randomArrays.txt,2,464,0.029028,0.015625,0.00
randomArrays.txt,3,464,0.012701,0.015625,0.00
randomArrays.txt,1,267,0.005934,0.000000,0.00
randomArrays.txt,2,267,0.006518,0.015625,0.00
randomArrays.txt,3,267,0.006766,0.000000,0.00
randomArrays.txt,1,828,0.042386,0.031250,0.00
randomArrays.txt,2,828,0.058429,0.062500,0.00
randomArrays.txt,3,828,0.033550,0.031250,0.00
randomArrays.txt,1,607,0.018603,0.031250,0.00
randomArrays.txt,2,607,0.022663,0.015625,0.00
randomArrays.txt,3,607,0.020420,0.015625,0.00
randomArrays.txt,1,319,0.009117,0.015625,0.00
randomArrays.txt,2,319,0.007802,0.000000,0.00
randomArrays.txt,3,319,0.008314,0.000000,0.00
randomArrays.txt,1,431,0.007272,0.000000,0.00
randomArrays.txt,2,431,0.015051,0.015625,0.00
randomArrays.txt,3,431,0.013971,0.015625,0.00
randomArrays.txt,1,941,0.052879,0.062500,0.00
randomArrays.txt,2,941,0.063134,0.062500,0.00
randomArrays.txt,3,941,0.044379,0.031250,0.00
randomArrays.txt,1,937,0.057790,0.046875,0.00
randomArrays.txt,2,937,0.071543,0.078125,0.00
randomArrays.txt,3,937,0.068965,0.062500,0.00
randomArrays.txt,1,619,0.034577,0.031250,0.00
randomArrays.txt,2,619,0.017124,0.015625,0.00
randomArrays.txt,3,619,0.024196,0.031250,0.00
randomArrays.txt,1,370,0.006117,0.000000,0.00
randomArrays.txt,2,370,0.012443,0.015625,0.00
randomArrays.txt,3,370,0.009718,0.015625,0.00
randomArrays.txt,1,478,0.018464,0.015625,0.00
randomArrays.txt,2,478,0.015595,0.015625,0.00
randomArrays.txt,3,478,0.020131,0.031250,0.00
randomArrays.txt,1,107,0.000986,0.000000,0.00
randomArrays.txt,2,107,0.001152,0.000000,0.00
randomArrays.txt,3,107,0.000992,0.000000,0.00
randomArrays.txt,1,910,0.055204,0.062500,0.00
randomArrays.txt,2,910,0.076158,0.078125,0.00
randomArrays.txt,3,910,0.041576,0.046875,0.00
randomArrays.txt,1,381,0.005736,0.000000,0.00
randomArrays.txt,2,381,0.013211,0.015625,0.00
randomArrays.txt,3,381,0.012052,0.015625,0.00
randomArrays.txt,1,699,0.046302,0.046875,0.00
randomArrays.txt,2,699,0.027318,0.031250,0.00
randomArrays.txt,3,699,0.042207,0.031250,0.00
randomArrays.txt,1,452,0.016335,0.015625,0.00
randomArrays.txt,2,452,0.013308,0.015625,0.00
randomArrays.txt,3,452,0.010557,0.015625,0.00
randomArrays.txt,1,882,0.047246,0.046875,0.00
randomArrays.txt,2,882,0.053913,0.046875,0.00
randomArrays.txt,3,882,0.072705,0.078125,0.00
randomArrays.txt,1,697,0.046665,0.046875,0.00
randomArrays.txt,2,697,0.042329,0.046875,0.00
randomArrays.txt,3,697,0.047412,0.046875,0.00
randomArrays.txt,1,39,0.000243,0.000000,0.00
randomArrays.txt,2,39,0.000168,0.000000,0.00
randomArrays.txt,3,39,0.000233,0.000000,0.00
randomArrays.txt,1,382,0.051697,0.031250,0.00
randomArrays.txt,2,382,0.021620,0.015625,0.00
randomArrays.txt,3,382,0.047571,0.015625,0.00
randomArrays.txt,1,980,0.051921,0.046875,0.00
randomArrays.txt,2,980,0.051678,0.062500,0.00
randomArrays.txt,3,980,0.088824,0.078125,0.00
randomArrays.txt,1,202,0.003585,0.000000,0.00
randomArrays.txt,2,202,0.003529,0.000000,0.00
randomArrays.txt,3,202,0.003536,0.000000,0.00
randomArrays.txt,1,674,0.031922,0.031250,0.00
randomArrays.txt,2,674,0.029203,0.031250,0.00
randomArrays.txt,3,674,0.024937,0.031250,0.00
randomArrays.txt,1,184,0.002164,0.000000,0.00
randomArrays.txt,2,184,0.003318,0.000000,0.00
randomArrays.txt,3,184,0.003417,0.000000,0.00
randomArrays.txt,1,853,0.049891,0.046875,0.00
randomArrays.txt,2,853,0.050063,0.046875,0.00
randomArrays.txt,3,853,0.060006,0.062500,0.00
randomArrays.txt,1,101,0.000926,0.000000,0.00
randomArrays.txt,2,101,0.000932,0.000000,0.00
randomArrays.txt,3,101,0.000973,0.000000,0.00
randomArrays.txt,1,329,0.009727,0.015625,0.00
randomArrays.txt,2,329,0.004392,0.000000,0.00
randomArrays.txt,3,329,0.005604,0.015625,0.00
randomArrays.txt,1,837,0.049554,0.046875,0.00
randomArrays.txt,2,837,0.078106,0.062500,0.00
randomArrays.txt,3,837,0.102627,0.093750,0.00
randomArrays.txt,1,952,0.079144,0.078125,0.00
randomArrays.txt,2,952,0.063140,0.062500,0.00
randomArrays.txt,3,952,0.075407,0.062500,0.00
randomArrays.txt,1,676,0.033633,0.031250,0.00
randomArrays.txt,2,676,0.025081,0.031250,0.00
randomArrays.txt,3,676,0.025685,0.015625,0.00
randomArrays.txt,1,248,0.005974,0.015625,0.00
randomArrays.txt,2,248,0.003103,0.000000,0.00
randomArrays.txt,3,248,0.006336,0.000000,0.00
randomArrays.txt,1,845,0.050674,0.062500,0.00
randomArrays.txt,2,845,0.048843,0.046875,0.00
randomArrays.txt,3,845,0.051127,0.046875,0.00
randomArrays.txt,1,707,0.037293,0.031250,0.00
randomArrays.txt,2,707,0.044170,0.031250,0.00
randomArrays.txt,3,707,0.049008,0.062500,0.00
randomArrays.txt,1,458,0.018355,0.015625,0.00
randomArrays.txt,2,458,0.014428,0.015625,0.00
randomArrays.txt,3,458,0.011462,0.015625,0.00
randomArrays.txt,1,219,0.004835,0.000000,0.00
randomArrays.txt,2,219,0.004962,0.015625,0.00
randomArrays.txt,3,219,0.004506,0.000000,0.00
randomArrays.txt,1,268,0.006774,0.000000,0.00
randomArrays.txt,2,268,0.007101,0.015625,0.00
randomArrays.txt,3,268,0.007447,0.000000,0.00
randomArrays.txt,1,201,0.002639,0.000000,0.00
randomArrays.txt,2,201,0.003880,0.000000,0.00
randomArrays.txt,3,201,0.005391,0.015625,0.00
randomArrays.txt,1,520,0.019007,0.015625,0.00
randomArrays.txt,2,520,0.027780,0.031250,0.00
randomArrays.txt,3,520,0.017161,0.015625,0.00
randomArrays.txt,1,832,0.065588,0.078125,0.00
randomArrays.txt,2,832,0.058606,0.046875,0.00
randomArrays.txt,3,832,0.047454,0.046875,0.00
randomArrays.txt,1,800,0.040505,0.031250,0.00
randomArrays.txt,2,800,0.042618,0.046875,0.00
randomArrays.txt,3,800,0.055427,0.062500,0.00
randomArrays.txt,1,753,0.029571,0.031250,0.00
randomArrays.txt,2,753,0.037751,0.031250,0.00
randomArrays.txt,3,753,0.026702,0.031250,0.00
randomArrays.txt,1,286,0.008430,0.000000,0.00
randomArrays.txt,2,286,0.008077,0.015625,0.00
randomArrays.txt,3,286,0.004124,0.000000,0.00
randomArrays.txt,1,841,0.041239,0.031250,0.00
randomArrays.txt,2,841,0.043722,0.046875,0.00
randomArrays.txt,3,841,0.063731,0.062500,0.00
randomArrays.txt,1,240,0.005021,0.000000,0.00
randomArrays.txt,2,240,0.004485,0.000000,0.00
randomArrays.txt,3,240,0.004256,0.000000,0.00
randomArrays.txt,1,370,0.010849,0.015625,0.00
randomArrays.txt,2,370,0.013467,0.000000,0.00
randomArrays.txt,3,370,0.009543,0.000000,0.00
randomArrays.txt,1,287,0.006829,0.015625,0.00
randomArrays.txt,2,287,0.007060,0.000000,0.00
randomArrays.txt,3,287,0.011711,0.000000,0.00
randomArrays.txt,1,89,0.000501,0.015625,0.00
randomArrays.txt,2,89,0.000802,0.000000,0.00
randomArrays.txt,3,89,0.000831,0.000000,0.00
randomArrays.txt,1,881,0.070925,0.078125,0.00
randomArrays.txt,2,881,0.061339,0.062500,0.00
randomArrays.txt,3,881,0.063159,0.062500,0.00
randomArrays.txt,1,187,0.003318,0.015625,0.00
randomArrays.txt,2,187,0.001832,0.000000,0.00
randomArrays.txt,3,187,0.003175,0.000000,0.00
randomArrays.txt,1,373,0.010582,0.000000,0.00
randomArrays.txt,2,373,0.006940,0.015625,0.00
randomArrays.txt,3,373,0.007969,0.000000,0.00
randomArrays.txt,1,194,0.003244,0.000000,0.00
randomArrays.txt,2,194,0.003372,0.015625,0.00
randomArrays.txt,3,194,0.003414,0.000000,0.00
randomArrays.txt,1,382,0.014133,0.000000,0.00
randomArrays.txt,2,382,0.007416,0.015625,0.00
randomArrays.txt,3,382,0.009234,0.015625,0.00
randomArrays.txt,1,826,0.045432,0.046875,0.00
randomArrays.txt,2,826,0.060934,0.062500,0.00
randomArrays.txt,3,826,0.063917,0.062500,0.00
randomArrays.txt,1,781,0.054358,0.046875,0.00
randomArrays.txt,2,781,0.052467,0.062500,0.00
randomArrays.txt,3,781,0.070066,0.062500,0.00
randomArrays.txt,1,814,0.040728,0.046875,0.00
randomArrays.txt,2,814,0.039325,0.031250,0.00
randomArrays.txt,3,814,0.033555,0.031250,0.00
randomArrays.txt,1,525,0.029415,0.031250,0.00
randomArrays.txt,2,525,0.032392,0.046875,0.00
randomArrays.txt,3,525,0.025463,0.015625,0.00
randomArrays.txt,1,136,0.001167,0.000000,0.00
randomArrays.txt,2,136,0.001594,0.000000,0.00
randomArrays.txt,3,136,0.001591,0.000000,0.00
randomArrays.txt,1,454,0.022007,0.031250,0.00
randomArrays.txt,2,454,0.022837,0.015625,0.00
randomArrays.txt,3,454,0.011453,0.015625,0.00
randomArrays.txt,1,563,0.028785,0.031250,0.00
randomArrays.txt,2,563,0.013684,0.015625,0.00
randomArrays.txt,3,563,0.015214,0.015625,0.00
randomArrays.txt,1,226,0.004719,0.000000,0.00
randomArrays.txt,2,226,0.005435,0.015625,0.00
randomArrays.txt,3,226,0.004680,0.000000,0.00
randomArrays.txt,1,345,0.004711,0.000000,0.00
randomArrays.txt,2,345,0.012759,0.015625,0.00
randomArrays.txt,3,345,0.011623,0.015625,0.00
randomArrays.txt,1,514,0.023900,0.031250,0.00
randomArrays.txt,2,514,0.022836,0.015625,0.00
randomArrays.txt,3,514,0.017442,0.015625,0.00
randomArrays.txt,1,871,0.049379,0.062500,0.00
randomArrays.txt,2,871,0.033998,0.031250,0.00
randomArrays.txt,3,871,0.049231,0.046875,0.00
randomArrays.txt,1,939,0.050211,0.046875,0.00
randomArrays.txt,2,939,0.057154,0.062500,0.00
randomArrays.txt,3,939,0.047973,0.046875,0.00
randomArrays.txt,1,397,0.014342,0.015625,0.00
randomArrays.txt,2,397,0.015943,0.015625,0.00
randomArrays.txt,3,397,0.011575,0.015625,0.00
randomArrays.txt,1,429,0.017551,0.000000,0.00
randomArrays.txt,2,429,0.015063,0.015625,0.00
randomArrays.txt,3,429,0.011246,0.015625,0.00
randomArrays.txt,1,421,0.008200,0.000000,0.00
randomArrays.txt,2,421,0.015520,0.000000,0.00
randomArrays.txt,3,421,0.007629,0.000000,0.00
randomArrays.txt,1,747,0.042881,0.046875,0.00
randomArrays.txt,2,747,0.050826,0.046875,0.00
randomArrays.txt,3,747,0.052579,0.062500,0.00
randomArrays.txt,1,19,0.000073,0.000000,0.00
randomArrays.txt,2,19,0.000051,0.000000,0.00
randomArrays.txt,3,19,0.000035,0.000000,0.00
randomArrays.txt,1,74,0.000754,0.000000,0.00
randomArrays.txt,2,74,0.000850,0.000000,0.00
randomArrays.txt,3,74,0.000757,0.000000,0.00
randomArrays.txt,1,259,0.009833,0.000000,0.00
randomArrays.txt,2,259,0.007225,0.015625,0.00
randomArrays.txt,3,259,0.007277,0.000000,0.00
randomArrays.txt,1,846,0.043418,0.046875,0.00
randomArrays.txt,2,846,0.031076,0.031250,0.00
randomArrays.txt,3,846,0.046907,0.046875,0.00
randomArrays.txt,1,789,0.049360,0.046875,0.00
randomArrays.txt,2,789,0.051885,0.046875,0.00
randomArrays.txt,3,789,0.044372,0.046875,0.00
randomArrays.txt,1,671,0.035197,0.046875,0.00
randomArrays.txt,2,671,0.026958,0.015625,0.00
randomArrays.txt,3,671,0.044718,0.046875,0.00
randomArrays.txt,1,368,0.013264,0.000000,0.00
randomArrays.txt,2,368,0.011553,0.015625,0.00
randomArrays.txt,3,368,0.008323,0.015625,0.00
randomArrays.txt,1,448,0.010482,0.015625,0.00
randomArrays.txt,2,448,0.010716,0.015625,0.00
randomArrays.txt,3,448,0.021343,0.015625,0.00
randomArrays.txt,1,237,0.005673,0.015625,0.00
randomArrays.txt,2,237,0.009477,0.000000,0.00
randomArrays.txt,3,237,0.004863,0.000000,0.00
randomArrays.txt,1,627,0.037787,0.031250,0.00
randomArrays.txt,2,627,0.031467,0.031250,0.00
randomArrays.txt,3,627,0.029984,0.031250,0.00
randomArrays.txt,1,584,0.028312,0.015625,0.00
randomArrays.txt,2,584,0.017580,0.015625,0.00
randomArrays.txt,3,584,0.017239,0.015625,0.00
randomArrays.txt,1,328,0.009199,0.015625,0.00
randomArrays.txt,2,328,0.008427,0.000000,0.00
randomArrays.txt,3,328,0.011958,0.000000,0.00
randomArrays.txt,1,606,0.014447,0.015625,0.00
randomArrays.txt,2,606,0.032868,0.031250,0.00
randomArrays.txt,3,606,0.017594,0.015625,0.00
randomArrays.txt,1,563,0.026218,0.015625,0.00
randomArrays.txt,2,563,0.018425,0.015625,0.00
randomArrays.txt,3,563,0.016914,0.015625,0.00
randomArrays.txt,1,774,0.054536,0.046875,0.00
randomArrays.txt,2,774,0.055807,0.062500,0.00
randomArrays.txt,3,774,0.057923,0.062500,0.00
randomArrays.txt,1,206,0.002631,0.000000,0.00
randomArrays.txt,2,206,0.002362,0.000000,0.00
randomArrays.txt,3,206,0.003817,0.015625,0.00
randomArrays.txt,1,907,0.063770,0.078125,0.00
randomArrays.txt,2,907,0.054092,0.046875,0.00
randomArrays.txt,3,907,0.041091,0.046875,0.00
randomArrays.txt,1,37,0.000116,0.000000,0.00
randomArrays.txt,2,37,0.000168,0.000000,0.00
randomArrays.txt,3,37,0.000153,0.000000,0.00
randomArrays.txt,1,878,0.059883,0.062500,0.00
randomArrays.txt,2,878,0.048104,0.046875,0.00
randomArrays.txt,3,878,0.040764,0.046875,0.00
randomArrays.txt,1,284,0.007466,0.015625,0.00
randomArrays.txt,2,284,0.007406,0.015625,0.00
randomArrays.txt,3,284,0.005251,0.000000,0.00
randomArrays.txt,1,853,0.063881,0.062500,0.00
randomArrays.txt,2,853,0.039588,0.046875,0.00
randomArrays.txt,3,853,0.090046,0.046875,0.00
randomArrays.txt,1,247,0.003026,0.000000,0.00
randomArrays.txt,2,247,0.004056,0.000000,0.00
randomArrays.txt,3,247,0.005017,0.000000,0.00
randomArrays.txt,1,241,0.003546,0.000000,0.00
randomArrays.txt,2,241,0.003617,0.015625,0.00
randomArrays.txt,3,241,0.003165,0.000000,0.00
randomArrays.txt,1,348,0.004666,0.000000,0.00
randomArrays.txt,2,348,0.006323,0.015625,0.00
randomArrays.txt,3,348,0.010805,0.000000,0.00
randomArrays.txt,1,814,0.212781,0.109375,0.00
randomArrays.txt,2,814,0.074527,0.078125,0.00
randomArrays.txt,3,814,0.064391,0.062500,0.00
randomArrays.txt,1,245,0.005774,0.015625,0.00
randomArrays.txt,2,245,0.006197,0.000000,0.00
randomArrays.txt,3,245,0.005677,0.000000,0.00
randomArrays.txt,1,335,0.004961,0.000000,0.00
randomArrays.txt,2,335,0.005012,0.000000,0.00
randomArrays.txt,3,335,0.012051,0.015625,0.00
randomArrays.txt,1,497,0.022187,0.031250,0.00
randomArrays.txt,2,497,0.017488,0.015625,0.00
randomArrays.txt,3,497,0.010880,0.015625,0.00
randomArrays.txt,1,280,0.003250,0.015625,0.00
randomArrays.txt,2,280,0.007083,0.000000,0.00
randomArrays.txt,3,280,0.007883,0.000000,0.00
randomArrays.txt,1,664,0.037479,0.046875,0.00
randomArrays.txt,2,664,0.032082,0.031250,0.00
randomArrays.txt,3,664,0.040701,0.031250,0.00
randomArrays.txt,1,523,0.030827,0.031250,0.00
randomArrays.txt,2,523,0.018603,0.015625,0.00
randomArrays.txt,3,523,0.012398,0.000000,0.00
randomArrays.txt,1,841,0.067250,0.062500,0.00
randomArrays.txt,2,841,0.057330,0.062500,0.00
randomArrays.txt,3,841,0.039021,0.031250,0.00
randomArrays.txt,1,290,0.007845,0.015625,0.00
randomArrays.txt,2,290,0.006150,0.000000,0.00
randomArrays.txt,3,290,0.005488,0.000000,0.00
randomArrays.txt,1,158,0.002539,0.000000,0.00
randomArrays.txt,2,158,0.001624,0.000000,0.00
randomArrays.txt,3,158,0.001434,0.000000,0.00
randomArrays.txt,1,783,0.038129,0.031250,0.00
randomArrays.txt,2,783,0.042469,0.031250,0.00
randomArrays.txt,3,783,0.058060,0.062500,0.00
randomArrays.txt,1,638,0.024292,0.015625,0.00
randomArrays.txt,2,638,0.035362,0.046875,0.00
randomArrays.txt,3,638,0.080396,0.078125,0.00
randomArrays.txt,1,314,0.012967,0.015625,0.00
randomArrays.txt,2,314,0.014631,0.015625,0.00
randomArrays.txt,3,314,0.011628,0.015625,0.00
randomArrays.txt,1,484,0.024835,0.015625,0.00
randomArrays.txt,2,484,0.021832,0.031250,0.00
randomArrays.txt,3,484,0.022133,0.015625,0.00
randomArrays.txt,1,972,0.101467,0.093750,0.00
randomArrays.txt,2,972,0.109259,0.062500,0.00
randomArrays.txt,3,972,0.086421,0.093750,0.00
randomArrays.txt,1,652,0.034229,0.031250,0.00
randomArrays.txt,2,652,0.023220,0.031250,0.00
randomArrays.txt,3,652,0.039091,0.031250,0.00
randomArrays.txt,1,543,0.021536,0.015625,0.00
randomArrays.txt,2,543,0.024944,0.031250,0.00
randomArrays.txt,3,543,0.031347,0.031250,0.00
randomArrays.txt,1,487,0.024490,0.015625,0.00
randomArrays.txt,2,487,0.010559,0.015625,0.00
randomArrays.txt,3,487,0.010456,0.015625,0.00
randomArrays.txt,1,686,0.036128,0.031250,0.00
randomArrays.txt,2,686,0.026124,0.031250,0.00
randomArrays.txt,3,686,0.049469,0.046875,0.00
randomArrays.txt,1,183,0.002930,0.000000,0.00
randomArrays.txt,2,183,0.003202,0.000000,0.00
randomArrays.txt,3,183,0.003142,0.000000,0.00
randomArrays.txt,1,572,0.020057,0.015625,0.00
randomArrays.txt,2,572,0.030035,0.031250,0.00
randomArrays.txt,3,572,0.015463,0.015625,0.00
randomArrays.txt,1,747,0.041065,0.031250,0.00
randomArrays.txt,2,747,0.023516,0.031250,0.00
randomArrays.txt,3,747,0.057379,0.062500,0.00
randomArrays.txt,1,780,0.052510,0.046875,0.00
randomArrays.txt,2,780,0.056357,0.062500,0.00
randomArrays.txt,3,780,0.056694,0.046875,0.00
randomArrays.txt,1,828,0.053766,0.046875,0.00
randomArrays.txt,2,828,0.030872,0.015625,0.00
randomArrays.txt,3,828,0.047583,0.046875,0.00
randomArrays.txt,1,591,0.027056,0.015625,0.00
randomArrays.txt,2,591,0.022276,0.015625,0.00
randomArrays.txt,3,591,0.020161,0.015625,0.00
randomArrays.txt,1,415,0.018889,0.015625,0.00
randomArrays.txt,2,415,0.007984,0.015625,0.00
randomArrays.txt,3,415,0.010627,0.015625,0.00
randomArrays.txt,1,648,0.033351,0.031250,0.00
randomArrays.txt,2,648,0.025786,0.031250,0.00
randomArrays.txt,3,648,0.041798,0.046875,0.00
randomArrays.txt,1,204,0.003621,0.015625,0.00
randomArrays.txt,2,204,0.002091,0.000000,0.00
randomArrays.txt,3,204,0.002256,0.000000,0.00
randomArrays.txt,1,510,0.025320,0.015625,0.00
randomArrays.txt,2,510,0.019756,0.031250,0.00
randomArrays.txt,3,510,0.018505,0.015625,0.00
randomArrays.txt,1,422,0.019862,0.015625,0.00
randomArrays.txt,2,422,0.011343,0.015625,0.00
randomArrays.txt,3,422,0.012224,0.015625,0.00
randomArrays.txt,1,541,0.025491,0.031250,0.00
randomArrays.txt,2,541,0.027705,0.031250,0.00
randomArrays.txt,3,541,0.012481,0.015625,0.00
randomArrays.txt,1,875,0.046899,0.046875,0.00
randomArrays.txt,2,875,0.060933,0.062500,0.00
randomArrays.txt,3,875,0.073432,0.078125,0.00
randomArrays.txt,1,742,0.060307,0.062500,0.00
randomArrays.txt,2,742,0.049277,0.046875,0.00
randomArrays.txt,3,742,0.030028,0.031250,0.00
randomArrays.txt,1,384,0.014477,0.015625,0.00
randomArrays.txt,2,384,0.009549,0.000000,0.00
randomArrays.txt,3,384,0.011175,0.015625,0.00
randomArrays.txt,1,266,0.006460,0.000000,0.00
randomArrays.txt,2,266,0.006430,0.015625,0.00
randomArrays.txt,3,266,0.004155,0.000000,0.00
randomArrays.txt,1,137,0.001589,0.015625,0.00
randomArrays.txt,2,137,0.001872,0.000000,0.00
randomArrays.txt,3,137,0.002122,0.000000,0.00
randomArrays.txt,1,970,0.053912,0.062500,0.00
randomArrays.txt,2,970,0.053539,0.046875,0.00
randomArrays.txt,3,970,0.087494,0.093750,0.00
randomArrays.txt,1,685,0.033629,0.031250,0.00
randomArrays.txt,2,685,0.044480,0.046875,0.00
randomArrays.txt,3,685,0.027393,0.031250,0.00
randomArrays.txt,1,665,0.043550,0.031250,0.00
randomArrays.txt,2,665,0.051832,0.046875,0.00
randomArrays.txt,3,665,0.043035,0.046875,0.00
randomArrays.txt,1,319,0.016959,0.000000,0.00
randomArrays.txt,2,319,0.003815,0.000000,0.00
randomArrays.txt,3,319,0.008857,0.015625,0.00
randomArrays.txt,1,808,0.043951,0.046875,0.00
randomArrays.txt,2,808,0.059401,0.062500,0.00
randomArrays.txt,3,808,0.061309,0.062500,0.00
randomArrays.txt,1,143,0.001852,0.000000,0.00
randomArrays.txt,2,143,0.001439,0.000000,0.00
randomArrays.txt,3,143,0.001957,0.000000,0.00
randomArrays.txt,1,147,0.001969,0.000000,0.00
randomArrays.txt,2,147,0.001473,0.000000,0.00
randomArrays.txt,3,147,0.002104,0.000000,0.00
randomArrays.txt,1,929,0.218661,0.140625,0.00
randomArrays.txt,2,929,0.094476,0.093750,0.00
randomArrays.txt,3,929,0.065509,0.062500,0.00
randomArrays.txt,1,906,0.056738,0.046875,0.00
randomArrays.txt,2,906,0.046013,0.046875,0.00
randomArrays.txt,3,906,0.057722,0.062500,0.00
randomArrays.txt,1,425,0.009247,0.000000,0.00
randomArrays.txt,2,425,0.016870,0.015625,0.00
randomArrays.txt,3,425,0.013168,0.015625,0.00
randomArrays.txt,1,736,0.045746,0.046875,0.00
randomArrays.txt,2,736,0.071523,0.031250,0.00
randomArrays.txt,3,736,0.086695,0.093750,0.00
randomArrays.txt,1,65,0.000421,0.000000,0.00
randomArrays.txt,2,65,0.000601,0.000000,0.00
randomArrays.txt,3,65,0.000594,0.000000,0.00
randomArrays.txt,1,305,0.008458,0.000000,0.00
randomArrays.txt,2,305,0.007785,0.000000,0.00
randomArrays.txt,3,305,0.008359,0.015625,0.00
randomArrays.txt,1,194,0.003501,0.000000,0.00
randomArrays.txt,2,194,0.002044,0.000000,0.00
randomArrays.txt,3,194,0.003452,0.000000,0.00
randomArrays.txt,1,545,0.025720,0.031250,0.00
randomArrays.txt,2,545,0.022395,0.015625,0.00
randomArrays.txt,3,545,0.018432,0.015625,0.00
randomArrays.txt,1,49,0.000149,0.000000,0.00
randomArrays.txt,2,49,0.000227,0.000000,0.00
randomArrays.txt,3,49,0.000332,0.000000,0.00
randomArrays.txt,1,731,0.038104,0.031250,0.00
randomArrays.txt,2,731,0.036878,0.046875,0.00
randomArrays.txt,3,731,0.033132,0.031250,0.00
randomArrays.txt,1,712,0.045679,0.015625,0.00
randomArrays.txt,2,712,0.074856,0.031250,0.00
randomArrays.txt,3,712,0.042759,0.046875,0.00
randomArrays.txt,1,732,0.035556,0.031250,0.00
randomArrays.txt,2,732,0.034013,0.046875,0.00
randomArrays.txt,3,732,0.024516,0.015625,0.00
randomArrays.txt,1,57,0.000388,0.000000,0.00
randomArrays.txt,2,57,0.000331,0.000000,0.00
randomArrays.txt,3,57,0.000471,0.000000,0.00
randomArrays.txt,1,983,0.069211,0.078125,0.00
randomArrays.txt,2,983,0.070135,0.062500,0.00
randomArrays.txt,3,983,0.073562,0.078125,0.00
randomArrays.txt,1,345,0.008812,0.015625,0.00
randomArrays.txt,2,345,0.009006,0.000000,0.00
randomArrays.txt,3,345,0.004888,0.015625,0.00
randomArrays.txt,1,152,0.002245,0.000000,0.00
randomArrays.txt,2,152,0.002326,0.000000,0.00
randomArrays.txt,3,152,0.002370,0.000000,0.00
randomArrays.txt,1,963,0.067940,0.062500,0.00
randomArrays.txt,2,963,0.059819,0.062500,0.00
randomArrays.txt,3,963,0.067673,0.062500,0.00
randomArrays.txt,1,544,0.013665,0.015625,0.00
randomArrays.txt,2,544,0.016498,0.015625,0.00
randomArrays.txt,3,544,0.024029,0.031250,0.00
randomArrays.txt,1,870,0.038857,0.046875,0.00
randomArrays.txt,2,870,0.056488,0.046875,0.00
randomArrays.txt,3,870,0.052563,0.062500,0.00
randomArrays.txt,1,557,0.026381,0.031250,0.00
randomArrays.txt,2,557,0.017486,0.015625,0.00
randomArrays.txt,3,557,0.018531,0.015625,0.00
randomArrays.txt,1,168,0.001766,0.000000,0.00
randomArrays.txt,2,168,0.001494,0.000000,0.00
randomArrays.txt,3,168,0.002768,0.000000,0.00
randomArrays.txt,1,373,0.013287,0.015625,0.00
randomArrays.txt,2,373,0.007475,0.000000,0.00
randomArrays.txt,3,373,0.008646,0.015625,0.00
randomArrays.txt,1,416,0.015335,0.015625,0.00
randomArrays.txt,2,416,0.014839,0.015625,0.00
randomArrays.txt,3,416,0.014020,0.015625,0.00
randomArrays.txt,1,942,0.067635,0.062500,0.00
randomArrays.txt,2,942,0.065823,0.062500,0.00
randomArrays.txt,3,942,0.071830,0.062500,0.00
randomArrays.txt,1,966,0.085791,0.093750,0.00
randomArrays.txt,2,966,0.085452,0.062500,0.00
randomArrays.txt,3,966,0.097904,0.109375,0.00
randomArrays.txt,1,363,0.010821,0.015625,0.00
randomArrays.txt,2,363,0.020137,0.015625,0.00
randomArrays.txt,3,363,0.018873,0.015625,0.00
randomArrays.txt,1,955,0.088086,0.093750,0.00
randomArrays.txt,2,955,0.087522,0.078125,0.00
randomArrays.txt,3,955,0.090467,0.093750,0.00
randomArrays.txt,1,626,0.035983,0.046875,0.00
randomArrays.txt,2,626,0.022294,0.015625,0.00
randomArrays.txt,3,626,0.019029,0.015625,0.00
randomArrays.txt,1,948,0.053993,0.046875,0.00
randomArrays.txt,2,948,0.084718,0.078125,0.00
randomArrays.txt,3,948,0.084077,0.078125,0.00
randomArrays.txt,1,193,0.003132,0.000000,0.00
randomArrays.txt,2,193,0.002147,0.000000,0.00
randomArrays.txt,3,193,0.002404,0.000000,0.00
randomArrays.txt,1,361,0.010640,0.015625,0.00
randomArrays.txt,2,361,0.012986,0.000000,0.00
randomArrays.txt,3,361,0.010887,0.015625,0.00
randomArrays.txt,1,195,0.002773,0.000000,0.00
randomArrays.txt,2,195,0.002672,0.015625,0.00
randomArrays.txt,3,195,0.003229,0.000000,0.00
randomArrays.txt,1,905,0.049639,0.046875,0.00
randomArrays.txt,2,905,0.055767,0.046875,0.00
randomArrays.txt,3,905,0.061510,0.062500,0.00
randomArrays.txt,1,105,0.001383,0.000000,0.00
randomArrays.txt,2,105,0.001145,0.000000,0.00
randomArrays.txt,3,105,0.000966,0.000000,0.00
randomArrays.txt,1,750,0.066481,0.062500,0.00
randomArrays.txt,2,750,0.054005,0.062500,0.00
randomArrays.txt,3,750,0.047171,0.046875,0.00
randomArrays.txt,1,565,0.022991,0.031250,0.00
randomArrays.txt,2,565,0.019459,0.015625,0.00
randomArrays.txt,3,565,0.014640,0.015625,0.00
randomArrays.txt,1,538,0.015897,0.015625,0.00
randomArrays.txt,2,538,0.108558,0.046875,0.00
randomArrays.txt,3,538,0.050911,0.031250,0.00
randomArrays.txt,1,488,0.009591,0.000000,0.00
randomArrays.txt,2,488,0.015523,0.015625,0.00
randomArrays.txt,3,488,0.013096,0.000000,0.00
randomArrays.txt,1,30,0.000079,0.000000,0.00
randomArrays.txt,2,30,0.000141,0.000000,0.00
randomArrays.txt,3,30,0.000140,0.000000,0.00
randomArrays.txt,1,554,0.029190,0.015625,0.00
randomArrays.txt,2,554,0.014296,0.000000,0.00
randomArrays.txt,3,554,0.027897,0.015625,0.00
randomArrays.txt,1,407,0.016206,0.015625,0.00
randomArrays.txt,2,407,0.014649,0.015625,0.00
randomArrays.txt,3,407,0.010629,0.015625,0.00
randomArrays.txt,1,958,0.080297,0.078125,0.00
randomArrays.txt,2,958,0.065878,0.062500,0.00
randomArrays.txt,3,958,0.048125,0.046875,0.00
randomArrays.txt,1,137,0.001659,0.015625,0.00
randomArrays.txt,2,137,0.001621,0.000000,0.00
randomArrays.txt,3,137,0.001654,0.000000,0.00
randomArrays.txt,1,101,0.000675,0.000000,0.00
randomArrays.txt,2,101,0.000672,0.000000,0.00
randomArrays.txt,3,101,0.003898,0.000000,0.00
randomArrays.txt,1,633,0.042427,0.046875,0.00
randomArrays.txt,2,633,0.054384,0.046875,0.00
randomArrays.txt,3,633,0.030869,0.031250,0.00
randomArrays.txt,1,44,0.000275,0.000000,0.00
randomArrays.txt,2,44,0.000145,0.000000,0.00
randomArrays.txt,3,44,0.000199,0.000000,0.00
randomArrays.txt,1,738,0.068573,0.062500,0.00
randomArrays.txt,2,738,0.037338,0.046875,0.00
randomArrays.txt,3,738,0.034263,0.031250,0.00
randomArrays.txt,1,763,0.031883,0.031250,0.00
randomArrays.txt,2,763,0.038538,0.031250,0.00
randomArrays.txt,3,763,0.050557,0.062500,0.00
randomArrays.txt,1,319,0.009331,0.000000,0.00
randomArrays.txt,2,319,0.003724,0.015625,0.00
randomArrays.txt,3,319,0.019219,0.015625,0.00
randomArrays.txt,1,682,0.092516,0.093750,0.00
randomArrays.txt,2,682,0.038601,0.031250,0.00
randomArrays.txt,3,682,0.042863,0.046875,0.00
randomArrays.txt,1,820,0.041936,0.046875,0.00
randomArrays.txt,2,820,0.035423,0.031250,0.00
randomArrays.txt,3,820,0.041083,0.046875,0.00
randomArrays.txt,1,896,0.059318,0.062500,0.00
randomArrays.txt,2,896,0.076670,0.078125,0.00
randomArrays.txt,3,896,0.089929,0.093750,0.00
randomArrays.txt,1,712,0.039907,0.046875,0.00
randomArrays.txt,2,712,0.022008,0.015625,0.00
randomArrays.txt,3,712,0.050028,0.062500,0.00
randomArrays.txt,1,554,0.022040,0.015625,0.00
randomArrays.txt,2,554,0.015456,0.015625,0.00
randomArrays.txt,3,554,0.015812,0.015625,0.00
randomArrays.txt,1,940,0.081533,0.093750,0.00
randomArrays.txt,2,940,0.054043,0.046875,0.00
randomArrays.txt,3,940,0.064625,0.062500,0.00
randomArrays.txt,1,787,0.041188,0.031250,0.00
randomArrays.txt,2,787,0.034698,0.046875,0.00
randomArrays.txt,3,787,0.039315,0.031250,0.00
randomArrays.txt,1,255,0.004196,0.000000,0.00
randomArrays.txt,2,255,0.010760,0.015625,0.00
randomArrays.txt,3,255,0.004045,0.000000,0.00
randomArrays.txt,1,135,0.002436,0.000000,0.00
randomArrays.txt,2,135,0.001790,0.000000,0.00
randomArrays.txt,3,135,0.001524,0.015625,0.00
randomArrays.txt,1,546,0.025403,0.015625,0.00
randomArrays.txt,2,546,0.015167,0.015625,0.00
randomArrays.txt,3,546,0.023471,0.031250,0.00
randomArrays.txt,1,643,0.030389,0.031250,0.00
randomArrays.txt,2,643,0.031549,0.031250,0.00
randomArrays.txt,3,643,0.031914,0.031250,0.00
randomArrays.txt,1,197,0.001607,0.000000,0.00
randomArrays.txt,2,197,0.003401,0.015625,0.00
randomArrays.txt,3,197,0.002820,0.000000,0.00
randomArrays.txt,1,643,0.030051,0.031250,0.00
randomArrays.txt,2,643,0.040015,0.046875,0.00
randomArrays.txt,3,643,0.023286,0.015625,0.00
randomArrays.txt,1,858,0.056947,0.046875,0.00
randomArrays.txt,2,858,0.048845,0.046875,0.00
randomArrays.txt,3,858,0.070836,0.062500,0.00
randomArrays.txt,1,134,0.001558,0.000000,0.00
randomArrays.txt,2,134,0.001669,0.000000,0.00
randomArrays.txt,3,134,0.001692,0.000000,0.00
randomArrays.txt,1,133,0.001943,0.000000,0.00
randomArrays.txt,2,133,0.002357,0.015625,0.00
randomArrays.txt,3,133,0.002359,0.000000,0.00
randomArrays.txt,1,317,0.007208,0.015625,0.00
randomArrays.txt,2,317,0.005403,0.000000,0.00
randomArrays.txt,3,317,0.011868,0.015625,0.00
randomArrays.txt,1,312,0.005095,0.000000,0.00
randomArrays.txt,2,312,0.008472,0.015625,0.00
randomArrays.txt,3,312,0.006556,0.000000,0.00
randomArrays.txt,1,160,0.002271,0.000000,0.00
randomArrays.txt,2,160,0.002402,0.015625,0.00
randomArrays.txt,3,160,0.002387,0.000000,0.00
randomArrays.txt,1,838,0.044733,0.046875,0.00
randomArrays.txt,2,838,0.032922,0.031250,0.00
randomArrays.txt,3,838,0.040666,0.046875,0.00
randomArrays.txt,1,316,0.009355,0.000000,0.00
randomArrays.txt,2,316,0.006497,0.015625,0.00
randomArrays.txt,3,316,0.005629,0.000000,0.00
randomArrays.txt,1,111,0.001056,0.000000,0.00
randomArrays.txt,2,111,0.000795,0.015625,0.00
randomArrays.txt,3,111,0.001773,0.000000,0.00
randomArrays.txt,1,530,0.046217,0.015625,0.00
randomArrays.txt,2,530,0.037944,0.046875,0.00
randomArrays.txt,3,530,0.025226,0.015625,0.00
randomArrays.txt,1,827,0.062018,0.062500,0.00
randomArrays.txt,2,827,0.055193,0.062500,0.00
randomArrays.txt,3,827,0.057718,0.062500,0.00
randomArrays.txt,1,994,0.083727,0.078125,0.00
randomArrays.txt,2,994,0.065609,0.062500,0.00
randomArrays.txt,3,994,0.097552,0.093750,0.00
randomArrays.txt,1,348,0.005359,0.015625,0.00
randomArrays.txt,2,348,0.011275,0.000000,0.00
randomArrays.txt,3,348,0.007886,0.000000,0.00
randomArrays.txt,1,652,0.039327,0.031250,0.00
randomArrays.txt,2,652,0.023494,0.031250,0.00
randomArrays.txt,3,652,0.026114,0.031250,0.00
randomArrays.txt,1,339,0.011310,0.015625,0.00
randomArrays.txt,2,339,0.006360,0.000000,0.00
randomArrays.txt,3,339,0.011787,0.015625,0.00
randomArrays.txt,1,908,0.051384,0.046875,0.00
randomArrays.txt,2,908,0.095535,0.093750,0.00
randomArrays.txt,3,908,0.083657,0.078125,0.00
randomArrays.txt,1,655,0.035310,0.031250,0.00
randomArrays.txt,2,655,0.022703,0.031250,0.00
randomArrays.txt,3,655,0.023912,0.015625,0.00
randomArrays.txt,1,899,0.079404,0.078125,0.00
randomArrays.txt,2,899,0.080206,0.093750,0.00
randomArrays.txt,3,899,0.079241,0.078125,0.00
randomArrays.txt,1,377,0.011123,0.015625,0.00
randomArrays.txt,2,377,0.008634,0.000000,0.00
randomArrays.txt,3,377,0.006012,0.000000,0.00
randomArrays.txt,1,793,0.040108,0.015625,0.00
randomArrays.txt,2,793,0.034177,0.031250,0.00
randomArrays.txt,3,793,0.063871,0.078125,0.00
randomArrays.txt,1,12,0.000026,0.000000,0.00
randomArrays.txt,2,12,0.000017,0.000000,0.00
randomArrays.txt,3,12,0.000017,0.000000,0.00
randomArrays.txt,1,236,0.004567,0.015625,0.00
randomArrays.txt,2,236,0.004807,0.000000,0.00
randomArrays.txt,3,236,0.005392,0.000000,0.00
randomArrays.txt,1,851,0.054041,0.046875,0.00
randomArrays.txt,2,851,0.046336,0.046875,0.00
randomArrays.txt,3,851,0.048369,0.046875,0.00
randomArrays.txt,1,462,0.018913,0.015625,0.00
randomArrays.txt,2,462,0.011143,0.015625,0.00
randomArrays.txt,3,462,0.014646,0.015625,0.00
randomArrays.txt,1,49,0.000225,0.000000,0.00
randomArrays.txt,2,49,0.000198,0.000000,0.00
randomArrays.txt,3,49,0.000188,0.000000,0.00
randomArrays.txt,1,649,0.036333,0.031250,0.00
randomArrays.txt,2,649,0.021146,0.015625,0.00
randomArrays.txt,3,649,0.024597,0.031250,0.00
randomArrays.txt,1,299,0.009005,0.000000,0.00
randomArrays.txt,2,299,0.004260,0.015625,0.00
randomArrays.txt,3,299,0.007661,0.000000,0.00
randomArrays.txt,1,796,0.072230,0.046875,0.00
randomArrays.txt,2,796,0.034613,0.046875,0.00
randomArrays.txt,3,796,0.043540,0.031250,0.00
randomArrays.txt,1,227,0.005037,0.015625,0.00
randomArrays.txt,2,227,0.005127,0.000000,0.00
randomArrays.txt,3,227,0.004976,0.000000,0.00
randomArrays.txt,1,929,0.067125,0.062500,0.00
randomArrays.txt,2,929,0.062459,0.062500,0.00
randomArrays.txt,3,929,0.046922,0.046875,0.00
randomArrays.txt,1,166,0.002323,0.000000,0.00
randomArrays.txt,2,166,0.001683,0.015625,0.00
randomArrays.txt,3,166,0.002602,0.000000,0.00
randomArrays.txt,1,277,0.003409,0.015625,0.00
randomArrays.txt,2,277,0.004173,0.000000,0.00
randomArrays.txt,3,277,0.007440,0.000000,0.00
randomArrays.txt,1,179,0.002917,0.000000,0.00
randomArrays.txt,2,179,0.001922,0.000000,0.00
randomArrays.txt,3,179,0.002983,0.000000,0.00
randomArrays.txt,1,809,0.047944,0.046875,0.00
randomArrays.txt,2,809,0.050950,0.046875,0.00
randomArrays.txt,3,809,0.046014,0.046875,0.00
randomArrays.txt,1,232,0.005044,0.000000,0.00
randomArrays.txt,2,232,0.002933,0.000000,0.00
randomArrays.txt,3,232,0.004658,0.000000,0.00
randomArrays.txt,1,247,0.006070,0.015625,0.00
randomArrays.txt,2,247,0.003482,0.000000,0.00
randomArrays.txt,3,247,0.005227,0.000000,0.00
randomArrays.txt,1,99,0.000849,0.015625,0.00
randomArrays.txt,2,99,0.000937,0.000000,0.00
randomArrays.txt,3,99,0.000947,0.000000,0.00
randomArrays.txt,1,649,0.040147,0.031250,0.00
randomArrays.txt,2,649,0.025948,0.031250,0.00
randomArrays.txt,3,649,0.026055,0.031250,0.00
randomArrays.txt,1,15,0.000041,0.000000,0.00
randomArrays.txt,2,15,0.000029,0.000000,0.00
randomArrays.txt,3,15,0.000036,0.000000,0.00
randomArrays.txt,1,646,0.032826,0.031250,0.00
randomArrays.txt,2,646,0.028345,0.031250,0.00
randomArrays.txt,3,646,0.024136,0.015625,0.00
randomArrays.txt,1,463,0.019297,0.031250,0.00
randomArrays.txt,2,463,0.013417,0.000000,0.00
randomArrays.txt,3,463,0.011417,0.000000,0.00
randomArrays.txt,1,587,0.014459,0.015625,0.00
randomArrays.txt,2,587,0.024512,0.031250,0.00
randomArrays.txt,3,587,0.017184,0.015625,0.00
randomArrays.txt,1,898,0.071413,0.078125,0.00
randomArrays.txt,2,898,0.065770,0.062500,0.00
randomArrays.txt,3,898,0.062302,0.062500,0.00
randomArrays.txt,1,643,0.016694,0.015625,0.00
randomArrays.txt,2,643,0.030608,0.015625,0.00
randomArrays.txt,3,643,0.028411,0.015625,0.00
randomArrays.txt,1,840,0.058516,0.062500,0.00
randomArrays.txt,2,840,0.066179,0.078125,0.00
randomArrays.txt,3,840,0.032155,0.031250,0.00
randomArrays.txt,1,708,0.042912,0.046875,0.00
randomArrays.txt,2,708,0.048354,0.046875,0.00
randomArrays.txt,3,708,0.030099,0.031250,0.00
randomArrays.txt,1,214,0.003180,0.015625,0.00
randomArrays.txt,2,214,0.003215,0.000000,0.00
randomArrays.txt,3,214,0.004079,0.000000,0.00
randomArrays.txt,1,565,0.027816,0.015625,0.00
randomArrays.txt,2,565,0.030067,0.000000,0.00
randomArrays.txt,3,565,0.031298,0.031250,0.00
randomArrays.txt,1,157,0.011128,0.000000,0.00
randomArrays.txt,2,157,0.001756,0.000000,0.00
randomArrays.txt,3,157,0.005583,0.015625,0.00
randomArrays.txt,1,265,0.012808,0.015625,0.00
randomArrays.txt,2,265,0.010259,0.015625,0.00
randomArrays.txt,3,265,0.040975,0.000000,0.00
randomArrays.txt,1,171,0.001330,0.000000,0.00
randomArrays.txt,2,171,0.002800,0.000000,0.00
randomArrays.txt,3,171,0.002510,0.000000,0.00
randomArrays.txt,1,136,0.001631,0.000000,0.00
randomArrays.txt,2,136,0.001598,0.000000,0.00
randomArrays.txt,3,136,0.001371,0.000000,0.00
randomArrays.txt,1,290,0.008224,0.015625,0.00
randomArrays.txt,2,290,0.005978,0.000000,0.00
randomArrays.txt,3,290,0.008171,0.015625,0.00
randomArrays.txt,1,96,0.000866,0.000000,0.00
randomArrays.txt,2,96,0.000911,0.000000,0.00
randomArrays.txt,3,96,0.000954,0.000000,0.00
randomArrays.txt,1,11,0.000012,0.000000,0.00
randomArrays.txt,2,11,0.000022,0.000000,0.00
randomArrays.txt,3,11,0.000024,0.000000,0.00
randomArrays.txt,1,311,0.007315,0.000000,0.00
randomArrays.txt,2,311,0.004642,0.015625,0.00
randomArrays.txt,3,311,0.005591,0.000000,0.00
randomArrays.txt,1,566,0.015286,0.015625,0.00
randomArrays.txt,2,566,0.023727,0.031250,0.00
randomArrays.txt,3,566,0.021263,0.015625,0.00
randomArrays.txt,1,328,0.010387,0.015625,0.00
randomArrays.txt,2,328,0.009514,0.015625,0.00
randomArrays.txt,3,328,0.005657,0.000000,0.00
randomArrays.txt,1,358,0.012268,0.000000,0.00
randomArrays.txt,2,358,0.012400,0.000000,0.00
randomArrays.txt,3,358,0.011570,0.015625,0.00
randomArrays.txt,1,674,0.033689,0.031250,0.00
randomArrays.txt,2,674,0.036197,0.046875,0.00
randomArrays.txt,3,674,0.063107,0.046875,0.00
randomArrays.txt,1,490,0.010862,0.015625,0.00
randomArrays.txt,2,490,0.011927,0.015625,0.00
randomArrays.txt,3,490,0.020414,0.015625,0.00
randomArrays.txt,1,36,0.000161,0.000000,0.00
randomArrays.txt,2,36,0.000183,0.000000,0.00
randomArrays.txt,3,36,0.000188,0.000000,0.00
randomArrays.txt,1,408,0.012704,0.015625,0.00
randomArrays.txt,2,408,0.011983,0.015625,0.00
randomArrays.txt,3,408,0.012382,0.015625,0.00
randomArrays.txt,1,49,0.000139,0.000000,0.00
randomArrays.txt,2,49,0.000198,0.000000,0.00
randomArrays.txt,3,49,0.000204,0.000000,0.00
randomArrays.txt,1,581,0.023248,0.015625,0.00
randomArrays.txt,2,581,0.018309,0.015625,0.00
randomArrays.txt,3,581,0.027470,0.015625,0.00
randomArrays.txt,1,879,0.055936,0.062500,0.00
randomArrays.txt,2,879,0.052388,0.046875,0.00
randomArrays.txt,3,879,0.055584,0.062500,0.00
randomArrays.txt,1,61,0.000355,0.000000,0.00
randomArrays.txt,2,61,0.000325,0.000000,0.00
randomArrays.txt,3,61,0.000333,0.000000,0.00
randomArrays.txt,1,656,0.025105,0.015625,0.00
randomArrays.txt,2,656,0.032613,0.031250,0.00
randomArrays.txt,3,656,0.049659,0.046875,0.00
randomArrays.txt,1,411,0.006712,0.015625,0.00
randomArrays.txt,2,411,0.013021,0.015625,0.00
randomArrays.txt,3,411,0.007702,0.000000,0.00
randomArrays.txt,1,361,0.013413,0.015625,0.00
randomArrays.txt,2,361,0.007597,0.000000,0.00
randomArrays.txt,3,361,0.006784,0.015625,0.00
randomArrays.txt,1,994,0.050896,0.046875,0.00
randomArrays.txt,2,994,0.080739,0.093750,0.00
randomArrays.txt,3,994,0.068355,0.062500,0.00
randomArrays.txt,1,416,0.007049,0.015625,0.00
randomArrays.txt,2,416,0.011270,0.000000,0.00
randomArrays.txt,3,416,0.011777,0.015625,0.00
randomArrays.txt,1,966,0.054648,0.046875,0.00
randomArrays.txt,2,966,0.080000,0.078125,0.00
randomArrays.txt,3,966,0.078503,0.078125,0.00
randomArrays.txt,1,92,0.000858,0.000000,0.00
randomArrays.txt,2,92,0.000579,0.000000,0.00
randomArrays.txt,3,92,0.000854,0.000000,0.00
randomArrays.txt,1,429,0.010756,0.000000,0.00
randomArrays.txt,2,429,0.014877,0.015625,0.00
randomArrays.txt,3,429,0.019711,0.031250,0.00
randomArrays.txt,1,658,0.033289,0.031250,0.00
randomArrays.txt,2,658,0.031876,0.031250,0.00
randomArrays.txt,3,658,0.046865,0.046875,0.00
randomArrays.txt,1,877,0.096627,0.093750,0.00
randomArrays.txt,2,877,0.100034,0.093750,0.00
randomArrays.txt,3,877,0.069402,0.078125,0.00
randomArrays.txt,1,780,0.038031,0.031250,0.00
randomArrays.txt,2,780,0.029070,0.031250,0.00
randomArrays.txt,3,780,0.058054,0.062500,0.00
randomArrays.txt,1,669,0.035223,0.031250,0.00
randomArrays.txt,2,669,0.028359,0.031250,0.00
randomArrays.txt,3,669,0.032736,0.031250,0.00
randomArrays.txt,1,394,0.005719,0.000000,0.00
randomArrays.txt,2,394,0.015426,0.015625,0.00
randomArrays.txt,3,394,0.006402,0.015625,0.00
randomArrays.txt,1,892,0.063816,0.062500,0.00
randomArrays.txt,2,892,0.054761,0.062500,0.00
randomArrays.txt,3,892,0.062706,0.062500,0.00
randomArrays.txt,1,180,0.002880,0.000000,0.00
randomArrays.txt,2,180,0.003095,0.015625,0.00
randomArrays.txt,3,180,0.002921,0.000000,0.00
randomArrays.txt,1,829,0.044013,0.046875,0.00
randomArrays.txt,2,829,0.045538,0.046875,0.00
randomArrays.txt,3,829,0.045436,0.046875,0.00
randomArrays.txt,1,255,0.006112,0.015625,0.00
randomArrays.txt,2,255,0.002936,0.000000,0.00
randomArrays.txt,3,255,0.006276,0.000000,0.00
randomArrays.txt,1,374,0.011676,0.000000,0.00
randomArrays.txt,2,374,0.006811,0.015625,0.00
randomArrays.txt,3,374,0.006767,0.000000,0.00
randomArrays.txt,1,37,0.000104,0.000000,0.00
randomArrays.txt,2,37,0.000139,0.000000,0.00
randomArrays.txt,3,37,0.000156,0.000000,0.00
randomArrays.txt,1,919,0.079711,0.093750,0.00
randomArrays.txt,2,919,0.057923,0.046875,0.00
randomArrays.txt,3,919,0.069694,0.078125,0.00
randomArrays.txt,1,850,0.052694,0.046875,0.00
randomArrays.txt,2,850,0.064641,0.062500,0.00
randomArrays.txt,3,850,0.050151,0.062500,0.00
randomArrays.txt,1,930,0.061536,0.062500,0.00
randomArrays.txt,2,930,0.050323,0.046875,0.00
randomArrays.txt,3,930,0.066649,0.062500,0.00
randomArrays.txt,1,419,0.015044,0.015625,0.00
randomArrays.txt,2,419,0.011875,0.015625,0.00
randomArrays.txt,3,419,0.011101,0.015625,0.00
randomArrays.txt,1,720,0.036062,0.031250,0.00
randomArrays.txt,2,720,0.065644,0.078125,0.00
randomArrays.txt,3,720,0.065684,0.062500,0.00
randomArrays.txt,1,378,0.012433,0.015625,0.00
randomArrays.txt,2,378,0.015841,0.015625,0.00
randomArrays.txt,3,378,0.011692,0.015625,0.00
randomArrays.txt,1,815,0.045432,0.046875,0.00
randomArrays.txt,2,815,0.064296,0.062500,0.00
randomArrays.txt,3,815,0.066930,0.062500,0.00
randomArrays.txt,1,566,0.012777,0.015625,0.00
randomArrays.txt,2,566,0.026728,0.015625,0.00
randomArrays.txt,3,566,0.029939,0.031250,0.00
randomArrays.txt,1,623,0.064483,0.046875,0.00
randomArrays.txt,2,623,0.084711,0.078125,0.00
randomArrays.txt,3,623,0.041328,0.046875,0.00
randomArrays.txt,1,597,0.043804,0.046875,0.00
randomArrays.txt,2,597,0.019143,0.015625,0.00
randomArrays.txt,3,597,0.028258,0.031250,0.00
randomArrays.txt,1,148,0.001191,0.000000,0.00
randomArrays.txt,2,148,0.001326,0.000000,0.00
randomArrays.txt,3,148,0.002020,0.000000,0.00
randomArrays.txt,1,580,0.030297,0.031250,0.00
randomArrays.txt,2,580,0.022629,0.031250,0.00
randomArrays.txt,3,580,0.020449,0.015625,0.00
randomArrays.txt,1,244,0.002852,0.000000,0.00
randomArrays.txt,2,244,0.004155,0.015625,0.00
randomArrays.txt,3,244,0.005775,0.000000,0.00
randomArrays.txt,1,703,0.021683,0.015625,0.00
randomArrays.txt,2,703,0.033024,0.031250,0.00
randomArrays.txt,3,703,0.071361,0.031250,0.00
randomArrays.txt,1,743,0.040795,0.046875,0.00
randomArrays.txt,2,743,0.026093,0.031250,0.00
randomArrays.txt,3,743,0.029547,0.031250,0.00
randomArrays.txt,1,923,0.058758,0.046875,0.00
randomArrays.txt,2,923,0.079608,0.078125,0.00
randomArrays.txt,3,923,0.207815,0.140625,0.00
randomArrays.txt,1,284,0.007683,0.015625,0.00
randomArrays.txt,2,284,0.006004,0.000000,0.00
randomArrays.txt,3,284,0.006888,0.015625,0.00
randomArrays.txt,1,35,0.000090,0.000000,0.00
randomArrays.txt,2,35,0.000134,0.000000,0.00
randomArrays.txt,3,35,0.000127,0.000000,0.00
randomArrays.txt,1,941,0.054270,0.046875,0.00
randomArrays.txt,2,941,0.058766,0.046875,0.00
randomArrays.txt,3,941,0.072601,0.078125,0.00
randomArrays.txt,1,39,0.000228,0.000000,0.00
randomArrays.txt,2,39,0.000252,0.000000,0.00
randomArrays.txt,3,39,0.000146,0.000000,0.00
randomArrays.txt,1,276,0.009201,0.015625,0.00
randomArrays.txt,2,276,0.006435,0.015625,0.00
randomArrays.txt,3,276,0.005835,0.000000,0.00
randomArrays.txt,1,494,0.032813,0.031250,0.00
randomArrays.txt,2,494,0.021195,0.031250,0.00
randomArrays.txt,3,494,0.023300,0.015625,0.00
randomArrays.txt,1,547,0.038171,0.015625,0.00
randomArrays.txt,2,547,0.026612,0.031250,0.00
randomArrays.txt,3,547,0.045927,0.046875,0.00
randomArrays.txt,1,837,0.059405,0.046875,0.00
randomArrays.txt,2,837,0.060482,0.062500,0.00
randomArrays.txt,3,837,0.064934,0.062500,0.00
randomArrays.txt,1,183,0.003328,0.000000,0.00
randomArrays.txt,2,183,0.002648,0.000000,0.00
randomArrays.txt,3,183,0.002739,0.015625,0.00
randomArrays.txt,1,360,0.008271,0.015625,0.00
randomArrays.txt,2,360,0.005746,0.000000,0.00
randomArrays.txt,3,360,0.013085,0.015625,0.00
randomArrays.txt,1,627,0.033700,0.046875,0.00
randomArrays.txt,2,627,0.029849,0.031250,0.00
randomArrays.txt,3,627,0.036653,0.031250,0.00
randomArrays.txt,1,833,0.079236,0.078125,0.00
randomArrays.txt,2,833,0.065259,0.062500,0.00
randomArrays.txt,3,833,0.066353,0.062500,0.00
randomArrays.txt,1,491,0.019899,0.031250,0.00
randomArrays.txt,2,491,0.022930,0.015625,0.00
randomArrays.txt,3,491,0.016658,0.015625,0.00
randomArrays.txt,1,623,0.030524,0.031250,0.00
randomArrays.txt,2,623,0.024656,0.031250,0.00
randomArrays.txt,3,623,0.036381,0.031250,0.00
randomArrays.txt,1,850,0.065640,0.078125,0.00
randomArrays.txt,2,850,0.040754,0.031250,0.00
randomArrays.txt,3,850,0.048913,0.046875,0.00
randomArrays.txt,1,35,0.000082,0.000000,0.00
randomArrays.txt,2,35,0.000099,0.000000,0.00
randomArrays.txt,3,35,0.000146,0.000000,0.00
randomArrays.txt,1,584,0.019695,0.015625,0.00
randomArrays.txt,2,584,0.019518,0.031250,0.00
randomArrays.txt,3,584,0.020188,0.015625,0.00
randomArrays.txt,1,34,0.000100,0.000000,0.00
randomArrays.txt,2,34,0.000195,0.000000,0.00
randomArrays.txt,3,34,0.000204,0.000000,0.00
randomArrays.txt,1,335,0.008744,0.000000,0.00
randomArrays.txt,2,335,0.008395,0.000000,0.00
randomArrays.txt,3,335,0.009381,0.015625,0.00
randomArrays.txt,1,145,0.001943,0.000000,0.00
randomArrays.txt,2,145,0.001303,0.000000,0.00
randomArrays.txt,3,145,0.001428,0.000000,0.00
randomArrays.txt,1,61,0.000370,0.000000,0.00
randomArrays.txt,2,61,0.000512,0.000000,0.00
randomArrays.txt,3,61,0.000516,0.000000,0.00
randomArrays.txt,1,88,0.001221,0.000000,0.00
randomArrays.txt,2,88,0.001032,0.000000,0.00
randomArrays.txt,3,88,0.001040,0.000000,0.00
randomArrays.txt,1,442,0.015845,0.015625,0.00
randomArrays.txt,2,442,0.015475,0.000000,0.00
randomArrays.txt,3,442,0.019930,0.031250,0.00
randomArrays.txt,1,729,0.043793,0.031250,0.00
randomArrays.txt,2,729,0.032566,0.046875,0.00
randomArrays.txt,3,729,0.031245,0.031250,0.00
randomArrays.txt,1,312,0.009571,0.000000,0.00
randomArrays.txt,2,312,0.009274,0.015625,0.00
randomArrays.txt,3,312,0.008644,0.015625,0.00
randomArrays.txt,1,620,0.025093,0.031250,0.00
randomArrays.txt,2,620,0.031397,0.031250,0.00
randomArrays.txt,3,620,0.016292,0.015625,0.00
randomArrays.txt,1,77,0.000634,0.000000,0.00
randomArrays.txt,2,77,0.000787,0.000000,0.00
randomArrays.txt,3,77,0.000598,0.000000,0.00
randomArrays.txt,1,784,0.041021,0.046875,0.00
randomArrays.txt,2,784,0.033005,0.031250,0.00
randomArrays.txt,3,784,0.052711,0.046875,0.00
randomArrays.txt,1,720,0.035979,0.046875,0.00
randomArrays.txt,2,720,0.053301,0.031250,0.00
randomArrays.txt,3,720,0.036816,0.046875,0.00
randomArrays.txt,1,796,0.043540,0.046875,0.00
randomArrays.txt,2,796,0.057616,0.062500,0.00
randomArrays.txt,3,796,0.054077,0.046875,0.00
randomArrays.txt,1,81,0.000698,0.000000,0.00
randomArrays.txt,2,81,0.000807,0.000000,0.00
randomArrays.txt,3,81,0.000578,0.000000,0.00
randomArrays.txt,1,900,0.067188,0.078125,0.00
randomArrays.txt,2,900,0.073548,0.062500,0.00
randomArrays.txt,3,900,0.041889,0.046875,0.00
randomArrays.txt,1,570,0.015090,0.015625,0.00
randomArrays.txt,2,570,0.031051,0.031250,0.00
randomArrays.txt,3,570,0.027533,0.031250,0.00
randomArrays.txt,1,749,0.055660,0.062500,0.00
randomArrays.txt,2,749,0.053329,0.046875,0.00
randomArrays.txt,3,749,0.067386,0.046875,0.00
randomArrays.txt,1,723,0.112355,0.046875,0.00
randomArrays.txt,2,723,0.099687,0.062500,0.00
randomArrays.txt,3,723,0.066821,0.062500,0.00
randomArrays.txt,1,54,0.000387,0.000000,0.00
randomArrays.txt,2,54,0.000290,0.000000,0.00
randomArrays.txt,3,54,0.000303,0.000000,0.00
randomArrays.txt,1,261,0.002519,0.000000,0.00
randomArrays.txt,2,261,0.006299,0.000000,0.00
randomArrays.txt,3,261,0.006326,0.015625,0.00
randomArrays.txt,1,831,0.043145,0.046875,0.00
randomArrays.txt,2,831,0.035914,0.031250,0.00
randomArrays.txt,3,831,0.051280,0.046875,0.00
randomArrays.txt,1,133,0.001757,0.000000,0.00
randomArrays.txt,2,133,0.001677,0.000000,0.00
randomArrays.txt,3,133,0.001661,0.000000,0.00
randomArrays.txt,1,165,0.002742,0.000000,0.00
randomArrays.txt,2,165,0.002681,0.000000,0.00
randomArrays.txt,3,165,0.001857,0.000000,0.00
randomArrays.txt,1,441,0.010924,0.015625,0.00
randomArrays.txt,2,441,0.016773,0.015625,0.00
randomArrays.txt,3,441,0.013900,0.015625,0.00
randomArrays.txt,1,782,0.052983,0.046875,0.00
randomArrays.txt,2,782,0.053539,0.062500,0.00
randomArrays.txt,3,782,0.054716,0.046875,0.00
randomArrays.txt,1,384,0.012518,0.015625,0.00
randomArrays.txt,2,384,0.010443,0.015625,0.00
randomArrays.txt,3,384,0.014681,0.015625,0.00
randomArrays.txt,1,283,0.004242,0.000000,0.00
randomArrays.txt,2,283,0.007489,0.015625,0.00
randomArrays.txt,3,283,0.005664,0.000000,0.00
randomArrays.txt,1,71,0.000812,0.000000,0.00
randomArrays.txt,2,71,0.000500,0.000000,0.00
randomArrays.txt,3,71,0.000487,0.000000,0.00
randomArrays.txt,1,374,0.013436,0.015625,0.00
randomArrays.txt,2,374,0.011301,0.000000,0.00
randomArrays.txt,3,374,0.005941,0.015625,0.00
randomArrays.txt,1,204,0.004069,0.015625,0.00
randomArrays.txt,2,204,0.002970,0.000000,0.00
randomArrays.txt,3,204,0.003937,0.000000,0.00
randomArrays.txt,1,437,0.013667,0.015625,0.00
randomArrays.txt,2,437,0.019999,0.015625,0.00
randomArrays.txt,3,437,0.017806,0.015625,0.00
randomArrays.txt,1,662,0.027431,0.031250,0.00
randomArrays.txt,2,662,0.026019,0.031250,0.00
randomArrays.txt,3,662,0.019613,0.015625,0.00
randomArrays.txt,1,821,0.050648,0.046875,0.00
randomArrays.txt,2,821,0.042572,0.046875,0.00
randomArrays.txt,3,821,0.036251,0.031250,0.00
randomArrays.txt,1,198,0.002161,0.000000,0.00
randomArrays.txt,2,198,0.002270,0.000000,0.00
randomArrays.txt,3,198,0.003563,0.000000,0.00
randomArrays.txt,1,776,0.044628,0.046875,0.00
randomArrays.txt,2,776,0.043714,0.046875,0.00
randomArrays.txt,3,776,0.025720,0.031250,0.00
randomArrays.txt,1,124,0.001141,0.000000,0.00
randomArrays.txt,2,124,0.001414,0.000000,0.00
randomArrays.txt,3,124,0.001412,0.015625,0.00
randomArrays.txt,1,202,0.003145,0.000000,0.00
randomArrays.txt,2,202,0.001969,0.000000,0.00
randomArrays.txt,3,202,0.003828,0.000000,0.00
randomArrays.txt,1,806,0.042059,0.046875,0.00
randomArrays.txt,2,806,0.030356,0.031250,0.00
randomArrays.txt,3,806,0.045664,0.046875,0.00
randomArrays.txt,1,448,0.007769,0.000000,0.00
randomArrays.txt,2,448,0.017410,0.015625,0.00
randomArrays.txt,3,448,0.008514,0.015625,0.00
randomArrays.txt,1,383,0.006875,0.015625,0.00
randomArrays.txt,2,383,0.014207,0.015625,0.00
randomArrays.txt,3,383,0.009352,0.000000,0.00
randomArrays.txt,1,992,0.067178,0.062500,0.00
randomArrays.txt,2,992,0.078700,0.078125,0.00
randomArrays.txt,3,992,0.069206,0.078125,0.00
randomArrays.txt,1,714,0.043849,0.046875,0.00
randomArrays.txt,2,714,0.041388,0.031250,0.00
randomArrays.txt,3,714,0.028852,0.031250,0.00
randomArrays.txt,1,528,0.012445,0.015625,0.00
randomArrays.txt,2,528,0.019536,0.015625,0.00
randomArrays.txt,3,528,0.015131,0.015625,0.00
randomArrays.txt,1,137,0.001673,0.000000,0.00
randomArrays.txt,2,137,0.001712,0.000000,0.00
randomArrays.txt,3,137,0.001733,0.000000,0.00
randomArrays.txt,1,122,0.001249,0.000000,0.00
randomArrays.txt,2,122,0.002463,0.015625,0.00
randomArrays.txt,3,122,0.001225,0.000000,0.00
randomArrays.txt,1,883,0.055790,0.046875,0.00
randomArrays.txt,2,883,0.068284,0.078125,0.00
randomArrays.txt,3,883,0.055422,0.046875,0.00
randomArrays.txt,1,614,0.026791,0.031250,0.00
randomArrays.txt,2,614,0.020580,0.015625,0.00
randomArrays.txt,3,614,0.015750,0.015625,0.00
randomArrays.txt,1,841,0.082119,0.093750,0.00
randomArrays.txt,2,841,0.049613,0.046875,0.00
randomArrays.txt,3,841,0.078366,0.078125,0.00
randomArrays.txt,1,471,0.018212,0.015625,0.00
randomArrays.txt,2,471,0.014033,0.015625,0.00
randomArrays.txt,3,471,0.018803,0.031250,0.00
randomArrays.txt,1,871,0.050419,0.062500,0.00
randomArrays.txt,2,871,0.065585,0.062500,0.00
randomArrays.txt,3,871,0.056473,0.062500,0.00
randomArrays.txt,1,938,0.062039,0.062500,0.00
randomArrays.txt,2,938,0.084083,0.078125,0.00
randomArrays.txt,3,938,0.063428,0.062500,0.00
randomArrays.txt,1,238,0.005555,0.015625,0.00
randomArrays.txt,2,238,0.006772,0.000000,0.00
randomArrays.txt,3,238,0.005671,0.015625,0.00
randomArrays.txt,1,772,0.036536,0.031250,0.00
randomArrays.txt,2,772,0.029332,0.031250,0.00
randomArrays.txt,3,772,0.050109,0.046875,0.00
randomArrays.txt,1,334,0.011466,0.015625,0.00
randomArrays.txt,2,334,0.010882,0.000000,0.00
randomArrays.txt,3,334,0.009493,0.000000,0.00
randomArrays.txt,1,274,0.008264,0.000000,0.00
randomArrays.txt,2,274,0.032974,0.000000,0.00
randomArrays.txt,3,274,0.007036,0.015625,0.00
randomArrays.txt,1,385,0.006697,0.000000,0.00
randomArrays.txt,2,385,0.005696,0.000000,0.00
randomArrays.txt,3,385,0.012480,0.015625,0.00
randomArrays.txt,1,455,0.012908,0.000000,0.00
randomArrays.txt,2,455,0.008650,0.000000,0.00
randomArrays.txt,3,455,0.019637,0.031250,0.00
randomArrays.txt,1,202,0.003829,0.015625,0.00
randomArrays.txt,2,202,0.003716,0.000000,0.00
randomArrays.txt,3,202,0.003972,0.000000,0.00
randomArrays.txt,1,349,0.010253,0.015625,0.00
randomArrays.txt,2,349,0.013136,0.000000,0.00
randomArrays.txt,3,349,0.010029,0.000000,0.00
randomArrays.txt,1,170,0.002621,0.000000,0.00
randomArrays.txt,2,170,0.002568,0.000000,0.00
randomArrays.txt,3,170,0.002392,0.000000,0.00
randomArrays.txt,1,365,0.005041,0.015625,0.00
randomArrays.txt,2,365,0.005301,0.000000,0.00
randomArrays.txt,3,365,0.008769,0.015625,0.00
randomArrays.txt,1,921,0.070188,0.078125,0.00
randomArrays.txt,2,921,0.056242,0.046875,0.00
randomArrays.txt,3,921,0.084598,0.093750,0.00
randomArrays.txt,1,368,0.008613,0.000000,0.00
randomArrays.txt,2,368,0.009028,0.015625,0.00
randomArrays.txt,3,368,0.012691,0.015625,0.00
randomArrays.txt,1,851,0.048553,0.046875,0.00
randomArrays.txt,2,851,0.034061,0.046875,0.00
randomArrays.txt,3,851,0.031125,0.031250,0.00
randomArrays.txt,1,736,0.041613,0.046875,0.00
randomArrays.txt,2,736,0.045833,0.046875,0.00
randomArrays.txt,3,736,0.033206,0.031250,0.00
randomArrays.txt,1,64,0.000678,0.000000,0.00
randomArrays.txt,2,64,0.000578,0.000000,0.00
randomArrays.txt,3,64,0.000756,0.000000,0.00
randomArrays.txt,1,371,0.012516,0.015625,0.00
randomArrays.txt,2,371,0.016160,0.015625,0.00
randomArrays.txt,3,371,0.011600,0.015625,0.00
randomArrays.txt,1,962,0.057300,0.046875,0.00
randomArrays.txt,2,962,0.090472,0.093750,0.00
randomArrays.txt,3,962,0.081958,0.078125,0.00
randomArrays.txt,1,758,0.040752,0.046875,0.00
randomArrays.txt,2,758,0.039553,0.046875,0.00
randomArrays.txt,3,758,0.046202,0.046875,0.00
randomArrays.txt,1,565,0.013490,0.015625,0.00
randomArrays.txt,2,565,0.029928,0.031250,0.00
randomArrays.txt,3,565,0.013933,0.015625,0.00
randomArrays.txt,1,246,0.006033,0.000000,0.00
randomArrays.txt,2,246,0.005656,0.015625,0.00
randomArrays.txt,3,246,0.003172,0.000000,0.00
randomArrays.txt,1,390,0.014215,0.015625,0.00
randomArrays.txt,2,390,0.007994,0.000000,0.00
randomArrays.txt,3,390,0.006755,0.015625,0.00
randomArrays.txt,1,833,0.045638,0.046875,0.00
randomArrays.txt,2,833,0.047075,0.046875,0.00
randomArrays.txt,3,833,0.047548,0.046875,0.00
randomArrays.txt,1,359,0.005407,0.000000,0.00
randomArrays.txt,2,359,0.012471,0.015625,0.00
randomArrays.txt,3,359,0.008743,0.000000,0.00
randomArrays.txt,1,647,0.036260,0.031250,0.00
randomArrays.txt,2,647,0.040901,0.046875,0.00
randomArrays.txt,3,647,0.019219,0.015625,0.00
randomArrays.txt,1,830,0.136008,0.062500,0.00
randomArrays.txt,2,830,0.149118,0.093750,0.00
randomArrays.txt,3,830,0.045543,0.046875,0.00
randomArrays.txt,1,790,0.065159,0.046875,0.00
randomArrays.txt,2,790,0.058753,0.046875,0.00
randomArrays.txt,3,790,0.048413,0.046875,0.00
randomArrays.txt,1,789,0.054493,0.062500,0.00
randomArrays.txt,2,789,0.057567,0.046875,0.00
randomArrays.txt,3,789,0.036595,0.046875,0.00
randomArrays.txt,1,33,0.000104,0.000000,0.00
randomArrays.txt,2,33,0.000138,0.000000,0.00
randomArrays.txt,3,33,0.000105,0.000000,0.00
randomArrays.txt,1,324,0.008997,0.015625,0.00
randomArrays.txt,2,324,0.008933,0.000000,0.00
randomArrays.txt,3,324,0.007505,0.000000,0.00
randomArrays.txt,1,460,0.016488,0.015625,0.00
randomArrays.txt,2,460,0.013794,0.015625,0.00
randomArrays.txt,3,460,0.018451,0.015625,0.00
randomArrays.txt,1,660,0.032464,0.031250,0.00
randomArrays.txt,2,660,0.025572,0.031250,0.00
randomArrays.txt,3,660,0.038154,0.031250,0.00
randomArrays.txt,1,553,0.017438,0.015625,0.00
randomArrays.txt,2,553,0.022669,0.015625,0.00
randomArrays.txt,3,553,0.028145,0.031250,0.00
randomArrays.txt,1,181,0.001914,0.000000,0.00
randomArrays.txt,2,181,0.003429,0.015625,0.00
randomArrays.txt,3,181,0.003363,0.000000,0.00
randomArrays.txt,1,106,0.000775,0.015625,0.00
randomArrays.txt,2,106,0.001065,0.000000,0.00
randomArrays.txt,3,106,0.001176,0.000000,0.00
randomArrays.txt,1,198,0.005037,0.000000,0.00
randomArrays.txt,2,198,0.002373,0.000000,0.00
randomArrays.txt,3,198,0.002349,0.000000,0.00
randomArrays.txt,1,795,0.075622,0.078125,0.00
randomArrays.txt,2,795,0.046756,0.046875,0.00
randomArrays.txt,3,795,0.050562,0.046875,0.00
randomArrays.txt,1,149,0.001173,0.000000,0.00
randomArrays.txt,2,149,0.002001,0.000000,0.00
randomArrays.txt,3,149,0.002009,0.015625,0.00
randomArrays.txt,1,42,0.000142,0.000000,0.00
randomArrays.txt,2,42,0.000133,0.000000,0.00
randomArrays.txt,3,42,0.000262,0.000000,0.00
randomArrays.txt,1,538,0.025899,0.015625,0.00
randomArrays.txt,2,538,0.022313,0.031250,0.00
randomArrays.txt,3,538,0.027899,0.031250,0.00
randomArrays.txt,1,405,0.016139,0.015625,0.00
randomArrays.txt,2,405,0.009079,0.000000,0.00
randomArrays.txt,3,405,0.008327,0.015625,0.00
randomArrays.txt,1,741,0.032681,0.031250,0.00
randomArrays.txt,2,741,0.030992,0.031250,0.00
randomArrays.txt,3,741,0.049354,0.046875,0.00
randomArrays.txt,1,88,0.000798,0.000000,0.00
randomArrays.txt,2,88,0.000756,0.000000,0.00
randomArrays.txt,3,88,0.000919,0.000000,0.00
randomArrays.txt,1,896,0.063610,0.062500,0.00
randomArrays.txt,2,896,0.056931,0.062500,0.00
randomArrays.txt,3,896,0.080098,0.078125,0.00
randomArrays.txt,1,574,0.036414,0.031250,0.00
randomArrays.txt,2,574,0.021711,0.031250,0.00
randomArrays.txt,3,574,0.032056,0.031250,0.00
randomArrays.txt,1,34,0.000132,0.000000,0.00
randomArrays.txt,2,34,0.000122,0.000000,0.00
randomArrays.txt,3,34,0.000131,0.000000,0.00
randomArrays.txt,1,83,0.000734,0.000000,0.00
randomArrays.txt,2,83,0.000832,0.000000,0.00
randomArrays.txt,3,83,0.000673,0.000000,0.00
randomArrays.txt,1,311,0.008054,0.000000,0.00
randomArrays.txt,2,311,0.007855,0.015625,0.00
randomArrays.txt,3,311,0.007099,0.000000,0.00
randomArrays.txt,1,168,0.001261,0.000000,0.00
randomArrays.txt,2,168,0.002750,0.000000,0.00
randomArrays.txt,3,168,0.002474,0.015625,0.00
randomArrays.txt,1,720,0.039263,0.031250,0.00
randomArrays.txt,2,720,0.047620,0.046875,0.00
randomArrays.txt,3,720,0.052604,0.046875,0.00
randomArrays.txt,1,499,0.023882,0.015625,0.00
randomArrays.txt,2,499,0.018297,0.015625,0.00
randomArrays.txt,3,499,0.014364,0.015625,0.00
randomArrays.txt,1,280,0.006808,0.015625,0.00
randomArrays.txt,2,280,0.006308,0.000000,0.00
randomArrays.txt,3,280,0.006924,0.015625,0.00
randomArrays.txt,1,960,0.046810,0.046875,0.00
randomArrays.txt,2,960,0.062057,0.062500,0.00
randomArrays.txt,3,960,0.079180,0.078125,0.00
randomArrays.txt,1,351,0.008292,0.015625,0.00
randomArrays.txt,2,351,0.011990,0.000000,0.00
randomArrays.txt,3,351,0.007644,0.000000,0.00
randomArrays.txt,1,840,0.043008,0.046875,0.00
randomArrays.txt,2,840,0.042738,0.046875,0.00
randomArrays.txt,3,840,0.051498,0.046875,0.00
randomArrays.txt,1,826,0.034154,0.031250,0.00
randomArrays.txt,2,826,0.050876,0.046875,0.00
randomArrays.txt,3,826,0.083649,0.078125,0.00
randomArrays.txt,1,780,0.076970,0.031250,0.00
randomArrays.txt,2,780,0.042943,0.031250,0.00
randomArrays.txt,3,780,0.051989,0.062500,0.00
randomArrays.txt,1,592,0.026419,0.015625,0.00
randomArrays.txt,2,592,0.026157,0.031250,0.00
randomArrays.txt,3,592,0.036306,0.046875,0.00
randomArrays.txt,1,601,0.020546,0.031250,0.00
randomArrays.txt,2,601,0.018330,0.015625,0.00
randomArrays.txt,3,601,0.016256,0.015625,0.00
randomArrays.txt,1,924,0.071999,0.062500,0.00
randomArrays.txt,2,924,0.064957,0.078125,0.00
randomArrays.txt,3,924,0.060076,0.046875,0.00
randomArrays.txt,1,630,0.016950,0.015625,0.00
randomArrays.txt,2,630,0.028951,0.031250,0.00
randomArrays.txt,3,630,0.027967,0.031250,0.00
randomArrays.txt,1,738,0.045133,0.031250,0.00
randomArrays.txt,2,738,0.048647,0.046875,0.00
randomArrays.txt,3,738,0.049137,0.046875,0.00
randomArrays.txt,1,43,0.000138,0.000000,0.00
randomArrays.txt,2,43,0.000272,0.000000,0.00
randomArrays.txt,3,43,0.000195,0.000000,0.00
randomArrays.txt,1,546,0.018699,0.015625,0.00
randomArrays.txt,2,546,0.024491,0.031250,0.00
randomArrays.txt,3,546,0.020471,0.015625,0.00
randomArrays.txt,1,118,0.001280,0.000000,0.00
randomArrays.txt,2,118,0.001302,0.000000,0.00
randomArrays.txt,3,118,0.001309,0.000000,0.00
randomArrays.txt,1,812,0.032442,0.031250,0.00
randomArrays.txt,2,812,0.030307,0.031250,0.00
randomArrays.txt,3,812,0.030809,0.031250,0.00
randomArrays.txt,1,636,0.028570,0.031250,0.00
randomArrays.txt,2,636,0.036091,0.015625,0.00
randomArrays.txt,3,636,0.031480,0.031250,0.00
randomArrays.txt,1,253,0.007508,0.000000,0.00
randomArrays.txt,2,253,0.006729,0.015625,0.00
randomArrays.txt,3,253,0.015664,0.000000,0.00
randomArrays.txt,1,443,0.019283,0.015625,0.00
randomArrays.txt,2,443,0.025675,0.031250,0.00
randomArrays.txt,3,443,0.017985,0.015625,0.00
randomArrays.txt,1,292,0.004970,0.015625,0.00
randomArrays.txt,2,292,0.007569,0.000000,0.00
randomArrays.txt,3,292,0.007110,0.015625,0.00
randomArrays.txt,1,723,0.028273,0.031250,0.00
randomArrays.txt,2,723,0.033565,0.031250,0.00
randomArrays.txt,3,723,0.032556,0.031250,0.00
randomArrays.txt,1,398,0.008033,0.015625,0.00
randomArrays.txt,2,398,0.013951,0.015625,0.00
randomArrays.txt,3,398,0.008675,0.000000,0.00
randomArrays.txt,1,368,0.005562,0.000000,0.00
randomArrays.txt,2,368,0.006055,0.015625,0.00
randomArrays.txt,3,368,0.014741,0.015625,0.00
randomArrays.txt,1,534,0.063679,0.046875,0.00
randomArrays.txt,2,534,0.048274,0.031250,0.00
randomArrays.txt,3,534,0.022144,0.031250,0.00
randomArrays.txt,1,899,0.061251,0.046875,0.00
randomArrays.txt,2,899,0.040498,0.046875,0.00
randomArrays.txt,3,899,0.077590,0.078125,0.00
randomArrays.txt,1,137,0.001260,0.000000,0.00
randomArrays.txt,2,137,0.001699,0.000000,0.00
randomArrays.txt,3,137,0.001729,0.000000,0.00
randomArrays.txt,1,187,0.009163,0.000000,0.00
randomArrays.txt,2,187,0.005885,0.015625,0.00
randomArrays.txt,3,187,0.005420,0.000000,0.00
randomArrays.txt,1,164,0.004325,0.000000,0.00
randomArrays.txt,2,164,0.013397,0.000000,0.00
randomArrays.txt,3,164,0.008694,0.015625,0.00
randomArrays.txt,1,735,0.041602,0.046875,0.00
randomArrays.txt,2,735,0.027440,0.031250,0.00
randomArrays.txt,3,735,0.048652,0.046875,0.00
randomArrays.txt,1,524,0.021021,0.031250,0.00
randomArrays.txt,2,524,0.019950,0.015625,0.00
randomArrays.txt,3,524,0.019590,0.015625,0.00
randomArrays.txt,1,512,0.023998,0.031250,0.00
randomArrays.txt,2,512,0.015849,0.015625,0.00
randomArrays.txt,3,512,0.017444,0.015625,0.00
randomArrays.txt,1,15,0.000024,0.000000,0.00
randomArrays.txt,2,15,0.000043,0.000000,0.00
randomArrays.txt,3,15,0.000026,0.000000,0.00
randomArrays.txt,1,737,0.034365,0.031250,0.00
randomArrays.txt,2,737,0.034748,0.046875,0.00
randomArrays.txt,3,737,0.028792,0.015625,0.00
randomArrays.txt,1,616,0.031390,0.031250,0.00
randomArrays.txt,2,616,0.033440,0.031250,0.00
randomArrays.txt,3,616,0.032986,0.031250,0.00
randomArrays.txt,1,349,0.012079,0.000000,0.00
randomArrays.txt,2,349,0.013928,0.015625,0.00
randomArrays.txt,3,349,0.014429,0.015625,0.00
randomArrays.txt,1,645,0.040173,0.015625,0.00
randomArrays.txt,2,645,0.044345,0.046875,0.00
randomArrays.txt,3,645,0.039558,0.046875,0.00
randomArrays.txt,1,502,0.024568,0.031250,0.00
randomArrays.txt,2,502,0.021915,0.015625,0.00
randomArrays.txt,3,502,0.010999,0.015625,0.00
randomArrays.txt,1,932,0.059707,0.046875,0.00
randomArrays.txt,2,932,0.072339,0.062500,0.00
randomArrays.txt,3,932,0.075174,0.078125,0.00
randomArrays.txt,1,778,0.038661,0.046875,0.00
randomArrays.txt,2,778,0.034309,0.031250,0.00
randomArrays.txt,3,778,0.060534,0.062500,0.00
randomArrays.txt,1,126,0.001548,0.000000,0.00
randomArrays.txt,2,126,0.001524,0.000000,0.00
randomArrays.txt,3,126,0.001592,0.000000,0.00
randomArrays.txt,1,836,0.050955,0.015625,0.00
randomArrays.txt,2,836,0.033289,0.046875,0.00
randomArrays.txt,3,836,0.035271,0.031250,0.00
randomArrays.txt,1,911,0.091359,0.093750,0.00
randomArrays.txt,2,911,0.072581,0.078125,0.00
randomArrays.txt,3,911,0.060743,0.062500,0.00
randomArrays.txt,1,265,0.003151,0.000000,0.00
randomArrays.txt,2,265,0.005892,0.015625,0.00
randomArrays.txt,3,265,0.005291,0.000000,0.00
randomArrays.txt,1,694,0.036103,0.031250,0.00
randomArrays.txt,2,694,0.031555,0.031250,0.00
randomArrays.txt,3,694,0.037002,0.046875,0.00
randomArrays.txt,1,188,0.003031,0.000000,0.00
randomArrays.txt,2,188,0.003196,0.000000,0.00
randomArrays.txt,3,188,0.003158,0.000000,0.00
randomArrays.txt,1,282,0.005601,0.000000,0.00
randomArrays.txt,2,282,0.007261,0.015625,0.00
randomArrays.txt,3,282,0.006702,0.000000,0.00
randomArrays.txt,1,347,0.009782,0.000000,0.00
randomArrays.txt,2,347,0.008271,0.015625,0.00
randomArrays.txt,3,347,0.011624,0.015625,0.00
randomArrays.txt,1,768,0.039131,0.031250,0.00
randomArrays.txt,2,768,0.037345,0.046875,0.00
randomArrays.txt,3,768,0.027392,0.031250,0.00
randomArrays.txt,1,778,0.036630,0.031250,0.00
randomArrays.txt,2,778,0.046487,0.046875,0.00
randomArrays.txt,3,778,0.038577,0.046875,0.00
randomArrays.txt,1,549,0.027320,0.031250,0.00
randomArrays.txt,2,549,0.023159,0.015625,0.00
randomArrays.txt,3,549,0.014896,0.015625,0.00
randomArrays.txt,1,12,0.000033,0.000000,0.00
randomArrays.txt,2,12,0.000022,0.000000,0.00
randomArrays.txt,3,12,0.000027,0.000000,0.00
randomArrays.txt,1,336,0.010236,0.015625,0.00
randomArrays.txt,2,336,0.011148,0.015625,0.00
randomArrays.txt,3,336,0.007301,0.000000,0.00
randomArrays.txt,1,949,0.073902,0.078125,0.00
randomArrays.txt,2,949,0.076056,0.078125,0.00
randomArrays.txt,3,949,0.055793,0.062500,0.00
randomArrays.txt,1,179,0.002878,0.000000,0.00
randomArrays.txt,2,179,0.002499,0.000000,0.00
randomArrays.txt,3,179,0.002987,0.000000,0.00
randomArrays.txt,1,634,0.020881,0.015625,0.00
randomArrays.txt,2,634,0.019349,0.015625,0.00
randomArrays.txt,3,634,0.020109,0.015625,0.00
randomArrays.txt,1,38,0.000098,0.000000,0.00
randomArrays.txt,2,38,0.000131,0.000000,0.00
randomArrays.txt,3,38,0.000129,0.000000,0.00
randomArrays.txt,1,123,0.001097,0.015625,0.00
randomArrays.txt,2,123,0.001706,0.000000,0.00
randomArrays.txt,3,123,0.001399,0.000000,0.00
randomArrays.txt,1,282,0.004732,0.000000,0.00
randomArrays.txt,2,282,0.007543,0.015625,0.00
randomArrays.txt,3,282,0.009563,0.000000,0.00
randomArrays.txt,1,452,0.014365,0.015625,0.00
randomArrays.txt,2,452,0.011407,0.000000,0.00
randomArrays.txt,3,452,0.010717,0.015625,0.00
randomArrays.txt,1,217,0.004523,0.015625,0.00
randomArrays.txt,2,217,0.004495,0.000000,0.00
randomArrays.txt,3,217,0.004394,0.000000,0.00
randomArrays.txt,1,629,0.026712,0.031250,0.00
randomArrays.txt,2,629,0.025906,0.031250,0.00
randomArrays.txt,3,629,0.019874,0.015625,0.00
randomArrays.txt,1,275,0.003455,0.000000,0.00
randomArrays.txt,2,275,0.006955,0.015625,0.00
randomArrays.txt,3,275,0.007158,0.000000,0.00
randomArrays.txt,1,66,0.000595,0.000000,0.00
randomArrays.txt,2,66,0.000555,0.000000,0.00
randomArrays.txt,3,66,0.000560,0.000000,0.00
randomArrays.txt,1,308,0.047647,0.015625,0.00
randomArrays.txt,2,308,0.040279,0.015625,0.00
randomArrays.txt,3,308,0.013926,0.015625,0.00
randomArrays.txt,1,809,0.050744,0.062500,0.00
randomArrays.txt,2,809,0.038821,0.031250,0.00
randomArrays.txt,3,809,0.055433,0.062500,0.00
randomArrays.txt,1,634,0.053647,0.031250,0.00
randomArrays.txt,2,634,0.048046,0.046875,0.00
randomArrays.txt,3,634,0.048727,0.031250,0.00
randomArrays.txt,1,478,0.019165,0.015625,0.00
randomArrays.txt,2,478,0.046141,0.015625,0.00
randomArrays.txt,3,478,0.023257,0.000000,0.00
randomArrays.txt,1,336,0.012660,0.015625,0.00
randomArrays.txt,2,336,0.013609,0.015625,0.00
randomArrays.txt,3,336,0.011172,0.015625,0.00
randomArrays.txt,1,672,0.030637,0.031250,0.00
randomArrays.txt,2,672,0.039807,0.015625,0.00
randomArrays.txt,3,672,0.041007,0.046875,0.00
randomArrays.txt,1,583,0.026714,0.031250,0.00
randomArrays.txt,2,583,0.023177,0.031250,0.00
randomArrays.txt,3,583,0.021889,0.015625,0.00
randomArrays.txt,1,413,0.012503,0.015625,0.00
randomArrays.txt,2,413,0.015745,0.015625,0.00
randomArrays.txt,3,413,0.008277,0.015625,0.00
randomArrays.txt,1,683,0.037816,0.046875,0.00
randomArrays.txt,2,683,0.046625,0.046875,0.00
randomArrays.txt,3,683,0.037514,0.031250,0.00
randomArrays.txt,1,463,0.020539,0.015625,0.00
randomArrays.txt,2,463,0.013088,0.015625,0.00
randomArrays.txt,3,463,0.011774,0.015625,0.00
randomArrays.txt,1,267,0.007051,0.015625,0.00
randomArrays.txt,2,267,0.003264,0.000000,0.00
randomArrays.txt,3,267,0.006855,0.000000,0.00
randomArrays.txt,1,73,0.000351,0.000000,0.00
randomArrays.txt,2,73,0.000807,0.015625,0.00
randomArrays.txt,3,73,0.000810,0.000000,0.00
randomArrays.txt,1,641,0.046088,0.046875,0.00
randomArrays.txt,2,641,0.047907,0.031250,0.00
randomArrays.txt,3,641,0.034446,0.031250,0.00
randomArrays.txt,1,827,0.039459,0.046875,0.00
randomArrays.txt,2,827,0.044961,0.046875,0.00
randomArrays.txt,3,827,0.063869,0.062500,0.00
randomArrays.txt,1,864,0.090696,0.093750,0.00
randomArrays.txt,2,864,0.070757,0.078125,0.00
randomArrays.txt,3,864,0.065590,0.062500,0.00
randomArrays.txt,1,672,0.061249,0.062500,0.00
randomArrays.txt,2,672,0.024503,0.031250,0.00
randomArrays.txt,3,672,0.045226,0.046875,0.00
randomArrays.txt,1,948,0.062723,0.062500,0.00
randomArrays.txt,2,948,0.084952,0.093750,0.00
randomArrays.txt,3,948,0.055893,0.046875,0.00
randomArrays.txt,1,523,0.021319,0.031250,0.00
randomArrays.txt,2,523,0.028963,0.031250,0.00
randomArrays.txt,3,523,0.023249,0.015625,0.00
randomArrays.txt,1,113,0.001909,0.000000,0.00
randomArrays.txt,2,113,0.001953,0.015625,0.00
randomArrays.txt,3,113,0.001906,0.000000,0.00
randomArrays.txt,1,855,0.053958,0.062500,0.00
randomArrays.txt,2,855,0.062375,0.062500,0.00
randomArrays.txt,3,855,0.071070,0.062500,0.00
randomArrays.txt,1,764,0.046319,0.046875,0.00
randomArrays.txt,2,764,0.036066,0.031250,0.00
randomArrays.txt,3,764,0.052613,0.062500,0.00
randomArrays.txt,1,559,0.026339,0.031250,0.00
randomArrays.txt,2,559,0.015454,0.015625,0.00
randomArrays.txt,3,559,0.023498,0.015625,0.00
randomArrays.txt,1,256,0.006586,0.000000,0.00
randomArrays.txt,2,256,0.004506,0.000000,0.00
randomArrays.txt,3,256,0.004843,0.000000,0.00
randomArrays.txt,1,861,0.049212,0.046875,0.00
randomArrays.txt,2,861,0.047408,0.046875,0.00
randomArrays.txt,3,861,0.046592,0.046875,0.00
randomArrays.txt,1,215,0.003967,0.000000,0.00
randomArrays.txt,2,215,0.004007,0.000000,0.00
randomArrays.txt,3,215,0.004056,0.000000,0.00
randomArrays.txt,1,610,0.034228,0.031250,0.00
randomArrays.txt,2,610,0.033693,0.031250,0.00
randomArrays.txt,3,610,0.018686,0.015625,0.00
randomArrays.txt,1,133,0.001173,0.015625,0.00
randomArrays.txt,2,133,0.001154,0.000000,0.00
randomArrays.txt,3,133,0.002226,0.000000,0.00
randomArrays.txt,1,721,0.053116,0.062500,0.00
randomArrays.txt,2,721,0.045341,0.046875,0.00
randomArrays.txt,3,721,0.049097,0.046875,0.00
randomArrays.txt,1,826,0.033039,0.031250,0.00
randomArrays.txt,2,826,0.038880,0.031250,0.00
randomArrays.txt,3,826,0.034408,0.031250,0.00
randomArrays.txt,1,732,0.026907,0.031250,0.00
randomArrays.txt,2,732,0.053357,0.062500,0.00
randomArrays.txt,3,732,0.046473,0.046875,0.00
randomArrays.txt,1,218,0.003999,0.000000,0.00
randomArrays.txt,2,218,0.002499,0.015625,0.00
randomArrays.txt,3,218,0.004395,0.000000,0.00
randomArrays.txt,1,897,0.064419,0.062500,0.00
randomArrays.txt,2,897,0.056760,0.062500,0.00
randomArrays.txt,3,897,0.078762,0.078125,0.00
randomArrays.txt,1,95,0.000877,0.015625,0.00
randomArrays.txt,2,95,0.000880,0.000000,0.00
randomArrays.txt,3,95,0.000873,0.000000,0.00
randomArrays.txt,1,596,0.030607,0.015625,0.00
randomArrays.txt,2,596,0.019604,0.015625,0.00
randomArrays.txt,3,596,0.032290,0.031250,0.00
randomArrays.txt,1,333,0.009309,0.015625,0.00
randomArrays.txt,2,333,0.005566,0.000000,0.00
randomArrays.txt,3,333,0.010440,0.000000,0.00
randomArrays.txt,1,139,0.001739,0.000000,0.00
randomArrays.txt,2,139,0.001782,0.015625,0.00
randomArrays.txt,3,139,0.001301,0.000000,0.00
randomArrays.txt,1,90,0.000763,0.000000,0.00
randomArrays.txt,2,90,0.001189,0.000000,0.00
randomArrays.txt,3,90,0.000758,0.000000,0.00
randomArrays.txt,1,724,0.030843,0.031250,0.00
randomArrays.txt,2,724,0.026628,0.031250,0.00
randomArrays.txt,3,724,0.022281,0.015625,0.00
randomArrays.txt,1,24,0.000058,0.000000,0.00
randomArrays.txt,2,24,0.000056,0.000000,0.00
randomArrays.txt,3,24,0.000051,0.000000,0.00
randomArrays.txt,1,182,0.002115,0.000000,0.00
randomArrays.txt,2,182,0.002654,0.000000,0.00
randomArrays.txt,3,182,0.004069,0.000000,0.00
randomArrays.txt,1,440,0.018387,0.015625,0.00
randomArrays.txt,2,440,0.018453,0.015625,0.00
randomArrays.txt,3,440,0.016944,0.015625,0.00
randomArrays.txt,1,521,0.024169,0.031250,0.00
randomArrays.txt,2,521,0.021118,0.015625,0.00
randomArrays.txt,3,521,0.021735,0.015625,0.00
randomArrays.txt,1,653,0.031202,0.031250,0.00
randomArrays.txt,2,653,0.029531,0.015625,0.00
randomArrays.txt,3,653,0.019960,0.031250,0.00
randomArrays.txt,1,422,0.017808,0.031250,0.00
randomArrays.txt,2,422,0.012352,0.000000,0.00
randomArrays.txt,3,422,0.014569,0.000000,0.00
randomArrays.txt,1,919,0.075524,0.078125,0.00
randomArrays.txt,2,919,0.061460,0.062500,0.00
randomArrays.txt,3,919,0.080627,0.078125,0.00
randomArrays.txt,1,399,0.012898,0.015625,0.00
randomArrays.txt,2,399,0.009783,0.015625,0.00
randomArrays.txt,3,399,0.011262,0.000000,0.00
randomArrays.txt,1,148,0.002250,0.000000,0.00
randomArrays.txt,2,148,0.002195,0.000000,0.00
randomArrays.txt,3,148,0.002874,0.000000,0.00
randomArrays.txt,1,651,0.020766,0.015625,0.00
randomArrays.txt,2,651,0.022803,0.031250,0.00
randomArrays.txt,3,651,0.023379,0.015625,0.00
randomArrays.txt,1,953,0.071655,0.078125,0.00
randomArrays.txt,2,953,0.084284,0.078125,0.00
randomArrays.txt,3,953,0.066709,0.062500,0.00
randomArrays.txt,1,205,0.005424,0.000000,0.00
randomArrays.txt,2,205,0.006070,0.015625,0.00
randomArrays.txt,3,205,0.004365,0.000000,0.00
randomArrays.txt,1,713,0.026018,0.031250,0.00
randomArrays.txt,2,713,0.030335,0.031250,0.00
randomArrays.txt,3,713,0.049368,0.046875,0.00
randomArrays.txt,1,335,0.010279,0.000000,0.00
randomArrays.txt,2,335,0.007535,0.000000,0.00
randomArrays.txt,3,335,0.008535,0.015625,0.00
randomArrays.txt,1,800,0.040962,0.031250,0.00
randomArrays.txt,2,800,0.034444,0.046875,0.00
randomArrays.txt,3,800,0.069356,0.062500,0.00
randomArrays.txt,1,263,0.007016,0.015625,0.00
randomArrays.txt,2,263,0.007899,0.000000,0.00
randomArrays.txt,3,263,0.006839,0.015625,0.00
randomArrays.txt,1,305,0.007083,0.015625,0.00
randomArrays.txt,2,305,0.009247,0.000000,0.00
randomArrays.txt,3,305,0.007044,0.000000,0.00
randomArrays.txt,1,772,0.040491,0.031250,0.00
randomArrays.txt,2,772,0.030599,0.031250,0.00
randomArrays.txt,3,772,0.036377,0.046875,0.00
randomArrays.txt,1,760,0.039336,0.031250,0.00
randomArrays.txt,2,760,0.056993,0.062500,0.00
randomArrays.txt,3,760,0.044733,0.046875,0.00
randomArrays.txt,1,985,0.104896,0.093750,0.00
randomArrays.txt,2,985,0.119920,0.093750,0.00
randomArrays.txt,3,985,0.073555,0.078125,0.00
randomArrays.txt,1,468,0.016679,0.015625,0.00
randomArrays.txt,2,468,0.018803,0.015625,0.00
randomArrays.txt,3,468,0.014133,0.015625,0.00
randomArrays.txt,1,542,0.017622,0.015625,0.00
randomArrays.txt,2,542,0.015335,0.015625,0.00
randomArrays.txt,3,542,0.013936,0.015625,0.00
randomArrays.txt,1,137,0.001613,0.000000,0.00
randomArrays.txt,2,137,0.001582,0.000000,0.00
randomArrays.txt,3,137,0.001712,0.000000,0.00
randomArrays.txt,1,877,0.043731,0.031250,0.00
randomArrays.txt,2,877,0.073845,0.062500,0.00
randomArrays.txt,3,877,0.056789,0.062500,0.00
randomArrays.txt,1,407,0.016379,0.015625,0.00
randomArrays.txt,2,407,0.013099,0.015625,0.00
randomArrays.txt,3,407,0.015112,0.015625,0.00
randomArrays.txt,1,13,0.000015,0.000000,0.00
randomArrays.txt,2,13,0.000017,0.000000,0.00
randomArrays.txt,3,13,0.000017,0.000000,0.00
randomArrays.txt,1,857,0.050024,0.046875,0.00
randomArrays.txt,2,857,0.051816,0.062500,0.00
randomArrays.txt,3,857,0.053063,0.046875,0.00
randomArrays.txt,1,961,0.058211,0.062500,0.00
randomArrays.txt,2,961,0.065591,0.062500,0.00
randomArrays.txt,3,961,0.085465,0.078125,0.00
randomArrays.txt,1,963,0.055562,0.062500,0.00
randomArrays.txt,2,963,0.091767,0.093750,0.00
randomArrays.txt,3,963,0.092930,0.093750,0.00
randomArrays.txt,1,792,0.059754,0.046875,0.00
randomArrays.txt,2,792,0.041254,0.046875,0.00
randomArrays.txt,3,792,0.027066,0.031250,0.00
randomArrays.txt,1,190,0.001648,0.000000,0.00
randomArrays.txt,2,190,0.003389,0.015625,0.00
randomArrays.txt,3,190,0.003356,0.000000,0.00
randomArrays.txt,1,859,0.070268,0.062500,0.00
randomArrays.txt,2,859,0.068360,0.078125,0.00
randomArrays.txt,3,859,0.048567,0.046875,0.00
randomArrays.txt,1,989,0.068969,0.078125,0.00
randomArrays.txt,2,989,0.078040,0.078125,0.00
randomArrays.txt,3,989,0.081132,0.078125,0.00
randomArrays.txt,1,816,0.052385,0.046875,0.00
randomArrays.txt,2,816,0.053969,0.062500,0.00
randomArrays.txt,3,816,0.051123,0.046875,0.00
randomArrays.txt,1,950,0.064499,0.062500,0.00
randomArrays.txt,2,950,0.054244,0.062500,0.00
randomArrays.txt,3,950,0.083456,0.078125,0.00
randomArrays.txt,1,241,0.005512,0.015625,0.00
randomArrays.txt,2,241,0.003356,0.000000,0.00
randomArrays.txt,3,241,0.004979,0.000000,0.00
randomArrays.txt,1,957,0.207310,0.171875,0.00
randomArrays.txt,2,957,0.083449,0.078125,0.00
randomArrays.txt,3,957,0.067970,0.062500,0.00
randomArrays.txt,1,155,0.001507,0.000000,0.00
randomArrays.txt,2,155,0.001447,0.000000,0.00
randomArrays.txt,3,155,0.001462,0.000000,0.00
randomArrays.txt,1,625,0.022200,0.015625,0.00
randomArrays.txt,2,625,0.030399,0.031250,0.00
randomArrays.txt,3,625,0.038252,0.046875,0.00
randomArrays.txt,1,573,0.024647,0.015625,0.00
randomArrays.txt,2,573,0.015985,0.031250,0.00
randomArrays.txt,3,573,0.025453,0.015625,0.00
randomArrays.txt,1,278,0.006954,0.015625,0.00
randomArrays.txt,2,278,0.006764,0.000000,0.00
randomArrays.txt,3,278,0.009908,0.000000,0.00
randomArrays.txt,1,67,0.000384,0.000000,0.00
randomArrays.txt,2,67,0.000320,0.000000,0.00
randomArrays.txt,3,67,0.000317,0.000000,0.00
randomArrays.txt,1,785,0.059721,0.046875,0.00
randomArrays.txt,2,785,0.054679,0.062500,0.00
randomArrays.txt,3,785,0.062147,0.062500,0.00
randomArrays.txt,1,576,0.030248,0.031250,0.00
randomArrays.txt,2,576,0.020741,0.015625,0.00
randomArrays.txt,3,576,0.026002,0.031250,0.00
randomArrays.txt,1,949,0.086765,0.078125,0.00
randomArrays.txt,2,949,0.078333,0.078125,0.00
randomArrays.txt,3,949,0.064244,0.062500,0.00
randomArrays.txt,1,274,0.006874,0.000000,0.00
randomArrays.txt,2,274,0.006583,0.015625,0.00
randomArrays.txt,3,274,0.006062,0.000000,0.00
randomArrays.txt,1,827,0.055120,0.046875,0.00
randomArrays.txt,2,827,0.037059,0.031250,0.00
randomArrays.txt,3,827,0.055445,0.062500,0.00
randomArrays.txt,1,246,0.002884,0.000000,0.00
randomArrays.txt,2,246,0.006217,0.015625,0.00
randomArrays.txt,3,246,0.004720,0.000000,0.00
randomArrays.txt,1,497,0.019071,0.015625,0.00
randomArrays.txt,2,497,0.015975,0.015625,0.00
randomArrays.txt,3,497,0.022601,0.031250,0.00
randomArrays.txt,1,98,0.001124,0.000000,0.00
randomArrays.txt,2,98,0.001392,0.015625,0.00
randomArrays.txt,3,98,0.001006,0.000000,0.00
randomArrays.txt,1,87,0.000792,0.000000,0.00
randomArrays.txt,2,87,0.000537,0.000000,0.00
randomArrays.txt,3,87,0.000820,0.000000,0.00
randomArrays.txt,1,362,0.010672,0.015625,0.00
randomArrays.txt,2,362,0.007194,0.000000,0.00
randomArrays.txt,3,362,0.007556,0.015625,0.00
randomArrays.txt,1,748,0.033667,0.031250,0.00
randomArrays.txt,2,748,0.027739,0.031250,0.00
randomArrays.txt,3,748,0.040927,0.046875,0.00
randomArrays.txt,1,553,0.018205,0.015625,0.00
randomArrays.txt,2,553,0.025460,0.031250,0.00
randomArrays.txt,3,553,0.027481,0.015625,0.00
randomArrays.txt,1,931,0.055701,0.046875,0.00
randomArrays.txt,2,931,0.055600,0.062500,0.00
randomArrays.txt,3,931,0.081648,0.078125,0.00
randomArrays.txt,1,24,0.000093,0.000000,0.00
randomArrays.txt,2,24,0.000097,0.000000,0.00
randomArrays.txt,3,24,0.000096,0.000000,0.00
randomArrays.txt,1,836,0.041422,0.031250,0.00
randomArrays.txt,2,836,0.035313,0.046875,0.00
randomArrays.txt,3,836,0.066555,0.062500,0.00
randomArrays.txt,1,524,0.011142,0.015625,0.00
randomArrays.txt,2,524,0.016140,0.015625,0.00
randomArrays.txt,3,524,0.014813,0.015625,0.00
randomArrays.txt,1,286,0.008327,0.015625,0.00
randomArrays.txt,2,286,0.008522,0.000000,0.00
randomArrays.txt,3,286,0.008087,0.015625,0.00
randomArrays.txt,1,379,0.013420,0.015625,0.00
randomArrays.txt,2,379,0.009276,0.015625,0.00
randomArrays.txt,3,379,0.007178,0.000000,0.00
randomArrays.txt,1,654,0.021242,0.015625,0.00
randomArrays.txt,2,654,0.026761,0.031250,0.00
randomArrays.txt,3,654,0.019636,0.015625,0.00
randomArrays.txt,1,795,0.052238,0.062500,0.00
randomArrays.txt,2,795,0.052007,0.046875,0.00
randomArrays.txt,3,795,0.047835,0.046875,0.00
randomArrays.txt,1,335,0.011349,0.015625,0.00
randomArrays.txt,2,335,0.008566,0.015625,0.00
randomArrays.txt,3,335,0.005659,0.000000,0.00
randomArrays.txt,1,218,0.002682,0.000000,0.00
randomArrays.txt,2,218,0.004476,0.000000,0.00
randomArrays.txt,3,218,0.004483,0.015625,0.00
randomArrays.txt,1,390,0.008623,0.015625,0.00
randomArrays.txt,2,390,0.013549,0.015625,0.00
randomArrays.txt,3,390,0.013248,0.015625,0.00
randomArrays.txt,1,80,0.000523,0.000000,0.00
randomArrays.txt,2,80,0.000491,0.000000,0.00
randomArrays.txt,3,80,0.000484,0.000000,0.00
randomArrays.txt,1,602,0.039380,0.031250,0.00
randomArrays.txt,2,602,0.018340,0.031250,0.00
randomArrays.txt,3,602,0.022961,0.015625,0.00
randomArrays.txt,1,687,0.056276,0.046875,0.00
randomArrays.txt,2,687,0.051261,0.046875,0.00
randomArrays.txt,3,687,0.042116,0.046875,0.00
randomArrays.txt,1,573,0.047416,0.031250,0.00
randomArrays.txt,2,573,0.038318,0.031250,0.00
randomArrays.txt,3,573,0.030102,0.031250,0.00
randomArrays.txt,1,857,0.055490,0.046875,0.00
randomArrays.txt,2,857,0.047545,0.046875,0.00
randomArrays.txt,3,857,0.031834,0.031250,0.00
randomArrays.txt,1,484,0.029643,0.031250,0.00
randomArrays.txt,2,484,0.029347,0.031250,0.00
randomArrays.txt,3,484,0.025750,0.015625,0.00
randomArrays.txt,1,633,0.057226,0.031250,0.00
randomArrays.txt,2,633,0.039761,0.031250,0.00
randomArrays.txt,3,633,0.037182,0.046875,0.00
randomArrays.txt,1,393,0.005609,0.000000,0.00
randomArrays.txt,2,393,0.012731,0.015625,0.00
randomArrays.txt,3,393,0.013930,0.015625,0.00
randomArrays.txt,1,953,0.069072,0.078125,0.00
randomArrays.txt,2,953,0.065095,0.062500,0.00
randomArrays.txt,3,953,0.090393,0.093750,0.00
randomArrays.txt,1,718,0.037861,0.031250,0.00
randomArrays.txt,2,718,0.044510,0.046875,0.00
randomArrays.txt,3,718,0.047916,0.046875,0.00
randomArrays.txt,1,330,0.013450,0.015625,0.00
randomArrays.txt,2,330,0.015821,0.000000,0.00
randomArrays.txt,3,330,0.007963,0.015625,0.00
randomArrays.txt,1,273,0.004285,0.000000,0.00
randomArrays.txt,2,273,0.004167,0.000000,0.00
randomArrays.txt,3,273,0.007526,0.015625,0.00
randomArrays.txt,1,323,0.008171,0.000000,0.00
randomArrays.txt,2,323,0.008550,0.015625,0.00
randomArrays.txt,3,323,0.007722,0.000000,0.00
randomArrays.txt,1,971,0.064871,0.046875,0.00
randomArrays.txt,2,971,0.042383,0.031250,0.00
randomArrays.txt,3,971,0.059972,0.062500,0.00
randomArrays.txt,1,156,0.001848,0.015625,0.00
randomArrays.txt,2,156,0.002194,0.000000,0.00
randomArrays.txt,3,156,0.002187,0.000000,0.00
randomArrays.txt,1,971,0.054918,0.062500,0.00
randomArrays.txt,2,971,0.076305,0.078125,0.00
randomArrays.txt,3,971,0.090471,0.093750,0.00
randomArrays.txt,1,202,0.003698,0.000000,0.00
randomArrays.txt,2,202,0.003682,0.000000,0.00
randomArrays.txt,3,202,0.005891,0.015625,0.00
randomArrays.txt,1,201,0.004513,0.000000,0.00
randomArrays.txt,2,201,0.004043,0.000000,0.00
randomArrays.txt,3,201,0.003742,0.000000,0.00
randomArrays.txt,1,230,0.002969,0.000000,0.00
randomArrays.txt,2,230,0.004796,0.000000,0.00
randomArrays.txt,3,230,0.002414,0.000000,0.00
randomArrays.txt,1,953,0.091177,0.093750,0.00
randomArrays.txt,2,953,0.070543,0.078125,0.00
randomArrays.txt,3,953,0.125239,0.062500,0.00
randomArrays.txt,1,399,0.018061,0.015625,0.00
randomArrays.txt,2,399,0.006731,0.015625,0.00
randomArrays.txt,3,399,0.015356,0.015625,0.00
randomArrays.txt,1,354,0.012885,0.015625,0.00
randomArrays.txt,2,354,0.008982,0.015625,0.00
randomArrays.txt,3,354,0.012491,0.015625,0.00
randomArrays.txt,1,334,0.004540,0.015625,0.00
randomArrays.txt,2,334,0.009082,0.000000,0.00
randomArrays.txt,3,334,0.007689,0.015625,0.00
randomArrays.txt,1,538,0.022782,0.031250,0.00
randomArrays.txt,2,538,0.016627,0.015625,0.00
randomArrays.txt,3,538,0.013730,0.015625,0.00
randomArrays.txt,1,238,0.005316,0.000000,0.00
randomArrays.txt,2,238,0.005192,0.015625,0.00
randomArrays.txt,3,238,0.005041,0.000000,0.00
randomArrays.txt,1,415,0.014146,0.015625,0.00
randomArrays.txt,2,415,0.016554,0.015625,0.00
randomArrays.txt,3,415,0.014573,0.015625,0.00
randomArrays.txt,1,498,0.051558,0.031250,0.00
randomArrays.txt,2,498,0.027210,0.031250,0.00
randomArrays.txt,3,498,0.019473,0.015625,0.00
randomArrays.txt,1,193,0.003719,0.000000,0.00
randomArrays.txt,2,193,0.003810,0.015625,0.00
randomArrays.txt,3,193,0.002600,0.000000,0.00
randomArrays.txt,1,125,0.001511,0.000000,0.00
randomArrays.txt,2,125,0.001373,0.000000,0.00
randomArrays.txt,3,125,0.001355,0.000000,0.00
randomArrays.txt,1,100,0.000968,0.000000,0.00
randomArrays.txt,2,100,0.001006,0.000000,0.00
randomArrays.txt,3,100,0.001017,0.000000,0.00
randomArrays.txt,1,742,0.047655,0.046875,0.00
randomArrays.txt,2,742,0.031229,0.031250,0.00
randomArrays.txt,3,742,0.054895,0.046875,0.00
randomArrays.txt,1,588,0.015494,0.015625,0.00
randomArrays.txt,2,588,0.036254,0.046875,0.00
randomArrays.txt,3,588,0.016372,0.015625,0.00
randomArrays.txt,1,355,0.007236,0.015625,0.00
randomArrays.txt,2,355,0.007939,0.000000,0.00
randomArrays.txt,3,355,0.006382,0.015625,0.00
randomArrays.txt,1,923,0.045840,0.046875,0.00
randomArrays.txt,2,923,0.055886,0.062500,0.00
randomArrays.txt,3,923,0.065471,0.062500,0.00
randomArrays.txt,1,167,0.001768,0.000000,0.00
randomArrays.txt,2,167,0.002303,0.000000,0.00
randomArrays.txt,3,167,0.002399,0.015625,0.00
randomArrays.txt,1,518,0.012700,0.015625,0.00
randomArrays.txt,2,518,0.028205,0.015625,0.00
randomArrays.txt,3,518,0.026587,0.015625,0.00
randomArrays.txt,1,649,0.041802,0.046875,0.00
randomArrays.txt,2,649,0.026493,0.031250,0.00
randomArrays.txt,3,649,0.019869,0.015625,0.00
randomArrays.txt,1,280,0.007430,0.000000,0.00
randomArrays.txt,2,280,0.008502,0.015625,0.00
randomArrays.txt,3,280,0.005769,0.000000,0.00
randomArrays.txt,1,842,0.044471,0.046875,0.00
randomArrays.txt,2,842,0.039762,0.031250,0.00
randomArrays.txt,3,842,0.038597,0.046875,0.00
randomArrays.txt,1,586,0.030722,0.031250,0.00
randomArrays.txt,2,586,0.029103,0.031250,0.00
randomArrays.txt,3,586,0.029424,0.031250,0.00
randomArrays.txt,1,519,0.031492,0.031250,0.00
randomArrays.txt,2,519,0.015553,0.015625,0.00
randomArrays.txt,3,519,0.011957,0.000000,0.00
randomArrays.txt,1,112,0.001204,0.000000,0.00
randomArrays.txt,2,112,0.001299,0.000000,0.00
randomArrays.txt,3,112,0.001361,0.000000,0.00
randomArrays.txt,1,320,0.008378,0.000000,0.00
randomArrays.txt,2,320,0.009896,0.015625,0.00
randomArrays.txt,3,320,0.009358,0.000000,0.00
randomArrays.txt,1,955,0.069841,0.078125,0.00
randomArrays.txt,2,955,0.069117,0.062500,0.00
randomArrays.txt,3,955,0.088531,0.093750,0.00
randomArrays.txt,1,61,0.000533,0.000000,0.00
randomArrays.txt,2,61,0.000522,0.000000,0.00
randomArrays.txt,3,61,0.000317,0.000000,0.00
randomArrays.txt,1,709,0.050814,0.046875,0.00
randomArrays.txt,2,709,0.048484,0.046875,0.00
randomArrays.txt,3,709,0.038185,0.046875,0.00
randomArrays.txt,1,671,0.044682,0.046875,0.00
randomArrays.txt,2,671,0.042506,0.046875,0.00
randomArrays.txt,3,671,0.041851,0.046875,0.00
randomArrays.txt,1,437,0.019628,0.015625,0.00
randomArrays.txt,2,437,0.009737,0.015625,0.00
randomArrays.txt,3,437,0.017056,0.015625,0.00
randomArrays.txt,1,917,0.069395,0.078125,0.00
randomArrays.txt,2,917,0.057028,0.046875,0.00
randomArrays.txt,3,917,0.038741,0.046875,0.00
randomArrays.txt,1,499,0.023851,0.015625,0.00
randomArrays.txt,2,499,0.011392,0.015625,0.00
randomArrays.txt,3,499,0.013799,0.015625,0.00
randomArrays.txt,1,503,0.020180,0.015625,0.00
randomArrays.txt,2,503,0.017502,0.015625,0.00
randomArrays.txt,3,503,0.025721,0.031250,0.00
randomArrays.txt,1,676,0.025867,0.031250,0.00
randomArrays.txt,2,676,0.024089,0.031250,0.00
randomArrays.txt,3,676,0.025042,0.015625,0.00
randomArrays.txt,1,594,0.016601,0.015625,0.00
randomArrays.txt,2,594,0.026517,0.031250,0.00
randomArrays.txt,3,594,0.021337,0.015625,0.00
randomArrays.txt,1,48,0.000315,0.000000,0.00
randomArrays.txt,2,48,0.000211,0.000000,0.00
randomArrays.txt,3,48,0.000366,0.000000,0.00
randomArrays.txt,1,590,0.021005,0.015625,0.00
randomArrays.txt,2,590,0.026416,0.031250,0.00
randomArrays.txt,3,590,0.044428,0.046875,0.00
randomArrays.txt,1,861,0.046446,0.046875,0.00
randomArrays.txt,2,861,0.055778,0.046875,0.00
randomArrays.txt,3,861,0.072100,0.078125,0.00
randomArrays.txt,1,363,0.012265,0.015625,0.00
randomArrays.txt,2,363,0.008082,0.015625,0.00
randomArrays.txt,3,363,0.018112,0.015625,0.00
randomArrays.txt,1,969,0.057791,0.062500,0.00
randomArrays.txt,2,969,0.067863,0.062500,0.00
randomArrays.txt,3,969,0.092517,0.093750,0.00
randomArrays.txt,1,912,0.053058,0.062500,0.00
randomArrays.txt,2,912,0.048125,0.046875,0.00
randomArrays.txt,3,912,0.061189,0.062500,0.00
randomArrays.txt,1,779,0.049437,0.031250,0.00
randomArrays.txt,2,779,0.051453,0.046875,0.00
randomArrays.txt,3,779,0.058100,0.062500,0.00
randomArrays.txt,1,301,0.012127,0.015625,0.00
randomArrays.txt,2,301,0.051390,0.031250,0.00
randomArrays.txt,3,301,0.018161,0.000000,0.00
randomArrays.txt,1,545,0.033195,0.031250,0.00
randomArrays.txt,2,545,0.018223,0.000000,0.00
randomArrays.txt,3,545,0.014962,0.015625,0.00
randomArrays.txt,1,24,0.000039,0.000000,0.00
randomArrays.txt,2,24,0.000064,0.000000,0.00
randomArrays.txt,3,24,0.000083,0.000000,0.00
randomArrays.txt,1,953,0.057592,0.062500,0.00
randomArrays.txt,2,953,0.045857,0.046875,0.00
randomArrays.txt,3,953,0.065745,0.062500,0.00
randomArrays.txt,1,440,0.010081,0.000000,0.00
randomArrays.txt,2,440,0.008807,0.015625,0.00
randomArrays.txt,3,440,0.019116,0.015625,0.00
randomArrays.txt,1,997,0.057245,0.062500,0.00
randomArrays.txt,2,997,0.118866,0.093750,0.00
randomArrays.txt,3,997,0.094643,0.093750,0.00
randomArrays.txt,1,661,0.064065,0.046875,0.00
randomArrays.txt,2,661,0.044095,0.046875,0.00
randomArrays.txt,3,661,0.061044,0.046875,0.00
randomArrays.txt,1,583,0.014994,0.015625,0.00
randomArrays.txt,2,583,0.023268,0.031250,0.00
randomArrays.txt,3,583,0.031706,0.031250,0.00
randomArrays.txt,1,478,0.020704,0.015625,0.00
randomArrays.txt,2,478,0.016699,0.015625,0.00
randomArrays.txt,3,478,0.018634,0.015625,0.00
randomArrays.txt,1,220,0.004562,0.015625,0.00
randomArrays.txt,2,220,0.004480,0.000000,0.00
randomArrays.txt,3,220,0.004512,0.000000,0.00
randomArrays.txt,1,458,0.016773,0.015625,0.00
randomArrays.txt,2,458,0.014053,0.015625,0.00
randomArrays.txt,3,458,0.016759,0.015625,0.00
randomArrays.txt,1,783,0.051017,0.046875,0.00
randomArrays.txt,2,783,0.068696,0.078125,0.00
randomArrays.txt,3,783,0.059565,0.062500,0.00
randomArrays.txt,1,554,0.022009,0.000000,0.00
randomArrays.txt,2,554,0.015772,0.015625,0.00
randomArrays.txt,3,554,0.015122,0.015625,0.00
randomArrays.txt,1,167,0.002749,0.000000,0.00
randomArrays.txt,2,167,0.002991,0.000000,0.00
randomArrays.txt,3,167,0.003394,0.000000,0.00
randomArrays.txt,1,338,0.011568,0.015625,0.00
randomArrays.txt,2,338,0.008862,0.000000,0.00
randomArrays.txt,3,338,0.006386,0.000000,0.00
randomArrays.txt,1,321,0.011037,0.015625,0.00
randomArrays.txt,2,321,0.005097,0.000000,0.00
randomArrays.txt,3,321,0.011682,0.015625,0.00
randomArrays.txt,1,993,0.090937,0.078125,0.00
randomArrays.txt,2,993,0.061696,0.062500,0.00
randomArrays.txt,3,993,0.041637,0.046875,0.00
randomArrays.txt,1,414,0.008284,0.000000,0.00
randomArrays.txt,2,414,0.014807,0.015625,0.00
randomArrays.txt,3,414,0.007868,0.015625,0.00
randomArrays.txt,1,630,0.032434,0.031250,0.00
randomArrays.txt,2,630,0.027919,0.031250,0.00
randomArrays.txt,3,630,0.033618,0.031250,0.00
randomArrays.txt,1,572,0.028105,0.015625,0.00
randomArrays.txt,2,572,0.020172,0.031250,0.00
randomArrays.txt,3,572,0.018077,0.015625,0.00
randomArrays.txt,1,119,0.001410,0.000000,0.00
randomArrays.txt,2,119,0.001251,0.000000,0.00
randomArrays.txt,3,119,0.001498,0.000000,0.00
randomArrays.txt,1,852,0.043023,0.031250,0.00
randomArrays.txt,2,852,0.037950,0.046875,0.00
randomArrays.txt,3,852,0.051506,0.046875,0.00
randomArrays.txt,1,392,0.010791,0.015625,0.00
randomArrays.txt,2,392,0.012335,0.015625,0.00
randomArrays.txt,3,392,0.006539,0.000000,0.00
randomArrays.txt,1,744,0.044494,0.046875,0.00
randomArrays.txt,2,744,0.053836,0.046875,0.00
randomArrays.txt,3,744,0.029381,0.015625,0.00
randomArrays.txt,1,767,0.051815,0.062500,0.00
randomArrays.txt,2,767,0.037666,0.031250,0.00
randomArrays.txt,3,767,0.034062,0.031250,0.00
randomArrays.txt,1,419,0.017574,0.015625,0.00
randomArrays.txt,2,419,0.012472,0.015625,0.00
randomArrays.txt,3,419,0.015551,0.015625,0.00
randomArrays.txt,1,186,0.003379,0.000000,0.00
randomArrays.txt,2,186,0.003456,0.000000,0.00
randomArrays.txt,3,186,0.003473,0.015625,0.00
randomArrays.txt,1,498,0.014034,0.015625,0.00
randomArrays.txt,2,498,0.014038,0.015625,0.00
randomArrays.txt,3,498,0.010334,0.015625,0.00
randomArrays.txt,1,369,0.005384,0.015625,0.00
randomArrays.txt,2,369,0.011978,0.000000,0.00
randomArrays.txt,3,369,0.011227,0.000000,0.00
randomArrays.txt,1,545,0.022776,0.015625,0.00
randomArrays.txt,2,545,0.025018,0.031250,0.00
randomArrays.txt,3,545,0.019278,0.015625,0.00
randomArrays.txt,1,585,0.025215,0.031250,0.00
randomArrays.txt,2,585,0.022699,0.015625,0.00
randomArrays.txt,3,585,0.026559,0.031250,0.00
randomArrays.txt,1,232,0.004877,0.000000,0.00
randomArrays.txt,2,232,0.003750,0.015625,0.00
randomArrays.txt,3,232,0.005353,0.000000,0.00
randomArrays.txt,1,683,0.055353,0.046875,0.00
randomArrays.txt,2,683,0.041013,0.031250,0.00
randomArrays.txt,3,683,0.041443,0.046875,0.00
randomArrays.txt,1,373,0.007223,0.015625,0.00
randomArrays.txt,2,373,0.014426,0.015625,0.00
randomArrays.txt,3,373,0.006867,0.000000,0.00
randomArrays.txt,1,67,0.000591,0.000000,0.00
randomArrays.txt,2,67,0.000433,0.000000,0.00
randomArrays.txt,3,67,0.000449,0.000000,0.00
randomArrays.txt,1,47,0.000266,0.000000,0.00
randomArrays.txt,2,47,0.000234,0.000000,0.00
randomArrays.txt,3,47,0.000243,0.000000,0.00
randomArrays.txt,1,353,0.007397,0.000000,0.00
randomArrays.txt,2,353,0.008272,0.015625,0.00
randomArrays.txt,3,353,0.010003,0.000000,0.00
randomArrays.txt,1,165,0.002372,0.000000,0.00
randomArrays.txt,2,165,0.002378,0.000000,0.00
randomArrays.txt,3,165,0.002117,0.000000,0.00
randomArrays.txt,1,822,0.040689,0.031250,0.00
randomArrays.txt,2,822,0.061169,0.046875,0.00
randomArrays.txt,3,822,0.063701,0.078125,0.00
randomArrays.txt,1,207,0.003716,0.000000,0.00
randomArrays.txt,2,207,0.008735,0.000000,0.00
randomArrays.txt,3,207,0.005678,0.000000,0.00
randomArrays.txt,1,365,0.016106,0.015625,0.00
randomArrays.txt,2,365,0.014687,0.015625,0.00
randomArrays.txt,3,365,0.009038,0.015625,0.00
randomArrays.txt,1,33,0.000150,0.000000,0.00
randomArrays.txt,2,33,0.000157,0.000000,0.00
randomArrays.txt,3,33,0.000068,0.000000,0.00
randomArrays.txt,1,324,0.009461,0.015625,0.00
randomArrays.txt,2,324,0.004524,0.000000,0.00
randomArrays.txt,3,324,0.004121,0.000000,0.00
randomArrays.txt,1,533,0.027574,0.031250,0.00
randomArrays.txt,2,533,0.025155,0.015625,0.00
randomArrays.txt,3,533,0.020138,0.031250,0.00
randomArrays.txt,1,467,0.008366,0.015625,0.00
randomArrays.txt,2,467,0.016088,0.015625,0.00
randomArrays.txt,3,467,0.011220,0.015625,0.00
randomArrays.txt,1,653,0.028767,0.031250,0.00
randomArrays.txt,2,653,0.027725,0.031250,0.00
randomArrays.txt,3,653,0.028250,0.031250,0.00
randomArrays.txt,1,262,0.004535,0.000000,0.00
randomArrays.txt,2,262,0.005675,0.015625,0.00
randomArrays.txt,3,262,0.004410,0.000000,0.00
randomArrays.txt,1,26,0.000097,0.000000,0.00
randomArrays.txt,2,26,0.000179,0.000000,0.00
randomArrays.txt,3,26,0.000070,0.000000,0.00
randomArrays.txt,1,705,0.047123,0.046875,0.00
randomArrays.txt,2,705,0.037159,0.031250,0.00
randomArrays.txt,3,705,0.062325,0.062500,0.00
randomArrays.txt,1,945,0.079170,0.078125,0.00
randomArrays.txt,2,945,0.069633,0.078125,0.00
randomArrays.txt,3,945,0.044961,0.046875,0.00
randomArrays.txt,1,145,0.002042,0.000000,0.00
randomArrays.txt,2,145,0.001911,0.015625,0.00
randomArrays.txt,3,145,0.002114,0.000000,0.00
randomArrays.txt,1,987,0.079074,0.078125,0.00
randomArrays.txt,2,987,0.083458,0.093750,0.00
randomArrays.txt,3,987,0.074619,0.062500,0.00
randomArrays.txt,1,40,0.000191,0.000000,0.00
randomArrays.txt,2,40,0.000171,0.015625,0.00
randomArrays.txt,3,40,0.000180,0.000000,0.00
randomArrays.txt,1,418,0.015926,0.015625,0.00
randomArrays.txt,2,418,0.016290,0.015625,0.00
randomArrays.txt,3,418,0.014277,0.015625,0.00
randomArrays.txt,1,20,0.000031,0.000000,0.00
randomArrays.txt,2,20,0.000017,0.000000,0.00
randomArrays.txt,3,20,0.000043,0.000000,0.00
randomArrays.txt,1,618,0.022202,0.031250,0.00
randomArrays.txt,2,618,0.026782,0.000000,0.00
randomArrays.txt,3,618,0.027944,0.031250,0.00
randomArrays.txt,1,463,0.023266,0.031250,0.00
randomArrays.txt,2,463,0.008812,0.000000,0.00
randomArrays.txt,3,463,0.014664,0.015625,0.00
randomArrays.txt,1,310,0.008671,0.015625,0.00
randomArrays.txt,2,310,0.005815,0.000000,0.00
randomArrays.txt,3,310,0.004009,0.015625,0.00
randomArrays.txt,1,753,0.044333,0.046875,0.00
randomArrays.txt,2,753,0.046434,0.046875,0.00
randomArrays.txt,3,753,0.057488,0.062500,0.00
randomArrays.txt,1,203,0.003756,0.015625,0.00
randomArrays.txt,2,203,0.003524,0.000000,0.00
randomArrays.txt,3,203,0.001961,0.000000,0.00
randomArrays.txt,1,756,0.034602,0.031250,0.00
randomArrays.txt,2,756,0.031528,0.031250,0.00
randomArrays.txt,3,756,0.035545,0.046875,0.00
randomArrays.txt,1,998,0.155410,0.156250,0.00
randomArrays.txt,2,998,0.094524,0.093750,0.00
randomArrays.txt,3,998,0.082975,0.078125,0.00
randomArrays.txt,1,631,0.030302,0.031250,0.00
randomArrays.txt,2,631,0.018868,0.031250,0.00
randomArrays.txt,3,631,0.035480,0.031250,0.00
randomArrays.txt,1,788,0.049459,0.062500,0.00
randomArrays.txt,2,788,0.033330,0.031250,0.00
randomArrays.txt,3,788,0.048012,0.046875,0.00
randomArrays.txt,1,364,0.012405,0.015625,0.00
randomArrays.txt,2,364,0.011020,0.000000,0.00
randomArrays.txt,3,364,0.008295,0.000000,0.00
randomArrays.txt,1,435,0.010584,0.015625,0.00
randomArrays.txt,2,435,0.019393,0.015625,0.00
randomArrays.txt,3,435,0.008595,0.000000,0.00
randomArrays.txt,1,379,0.014851,0.015625,0.00
randomArrays.txt,2,379,0.007813,0.015625,0.00
randomArrays.txt,3,379,0.019391,0.015625,0.00
randomArrays.txt,1,208,0.005771,0.000000,0.00
randomArrays.txt,2,208,0.004078,0.000000,0.00
randomArrays.txt,3,208,0.004560,0.015625,0.00
randomArrays.txt,1,503,0.013851,0.015625,0.00
randomArrays.txt,2,503,0.016426,0.015625,0.00
randomArrays.txt,3,503,0.016626,0.015625,0.00
randomArrays.txt,1,97,0.000792,0.000000,0.00
randomArrays.txt,2,97,0.000614,0.000000,0.00
randomArrays.txt,3,97,0.000618,0.000000,0.00
randomArrays.txt,1,266,0.007860,0.015625,0.00
randomArrays.txt,2,266,0.005064,0.000000,0.00
randomArrays.txt,3,266,0.009024,0.015625,0.00
randomArrays.txt,1,828,0.033616,0.031250,0.00
randomArrays.txt,2,828,0.051529,0.062500,0.00
randomArrays.txt,3,828,0.058407,0.062500,0.00
randomArrays.txt,1,319,0.004105,0.000000,0.00
randomArrays.txt,2,319,0.012689,0.000000,0.00
randomArrays.txt,3,319,0.006673,0.015625,0.00
randomArrays.txt,1,898,0.103476,0.078125,0.00
randomArrays.txt,2,898,0.084407,0.078125,0.00
randomArrays.txt,3,898,0.115010,0.109375,0.00
randomArrays.txt,1,380,0.006612,0.015625,0.00
randomArrays.txt,2,380,0.014931,0.015625,0.00
randomArrays.txt,3,380,0.013881,0.015625,0.00
randomArrays.txt,1,450,0.017196,0.015625,0.00
randomArrays.txt,2,450,0.063325,0.015625,0.00
randomArrays.txt,3,450,0.033841,0.046875,0.00
randomArrays.txt,1,142,0.001936,0.000000,0.00
randomArrays.txt,2,142,0.001905,0.000000,0.00
randomArrays.txt,3,142,0.001924,0.000000,0.00
randomArrays.txt,1,434,0.011113,0.000000,0.00
randomArrays.txt,2,434,0.014447,0.015625,0.00
randomArrays.txt,3,434,0.013882,0.015625,0.00
randomArrays.txt,1,96,0.000593,0.000000,0.00
randomArrays.txt,2,96,0.000873,0.000000,0.00
randomArrays.txt,3,96,0.000861,0.000000,0.00
randomArrays.txt,1,641,0.032506,0.031250,0.00
randomArrays.txt,2,641,0.030066,0.031250,0.00
randomArrays.txt,3,641,0.032029,0.031250,0.00
randomArrays.txt,1,538,0.029803,0.031250,0.00
randomArrays.txt,2,538,0.017594,0.031250,0.00
randomArrays.txt,3,538,0.012829,0.000000,0.00
randomArrays.txt,1,502,0.018830,0.015625,0.00
randomArrays.txt,2,502,0.024000,0.015625,0.00
randomArrays.txt,3,502,0.009578,0.000000,0.00
randomArrays.txt,1,599,0.032112,0.031250,0.00
randomArrays.txt,2,599,0.015866,0.015625,0.00
randomArrays.txt,3,599,0.019801,0.031250,0.00
randomArrays.txt,1,299,0.013036,0.015625,0.00
randomArrays.txt,2,299,0.012448,0.015625,0.00
randomArrays.txt,3,299,0.009843,0.015625,0.00
randomArrays.txt,1,620,0.030925,0.031250,0.00
randomArrays.txt,2,620,0.020279,0.015625,0.00
randomArrays.txt,3,620,0.024988,0.031250,0.00
randomArrays.txt,1,606,0.045699,0.046875,0.00
randomArrays.txt,2,606,0.024533,0.015625,0.00
randomArrays.txt,3,606,0.019524,0.031250,0.00
randomArrays.txt,1,282,0.006277,0.015625,0.00
randomArrays.txt,2,282,0.008137,0.000000,0.00
randomArrays.txt,3,282,0.010708,0.015625,0.00
randomArrays.txt,1,205,0.002997,0.000000,0.00
randomArrays.txt,2,205,0.003377,0.000000,0.00
randomArrays.txt,3,205,0.004139,0.000000,0.00
randomArrays.txt,1,504,0.015525,0.015625,0.00
randomArrays.txt,2,504,0.015450,0.015625,0.00
randomArrays.txt,3,504,0.011151,0.015625,0.00
randomArrays.txt,1,315,0.009817,0.000000,0.00
randomArrays.txt,2,315,0.010015,0.015625,0.00
randomArrays.txt,3,315,0.008488,0.015625,0.00
randomArrays.txt,1,739,0.037464,0.031250,0.00
randomArrays.txt,2,739,0.036953,0.031250,0.00
randomArrays.txt,3,739,0.050156,0.062500,0.00
randomArrays.txt,1,226,0.003291,0.015625,0.00
randomArrays.txt,2,226,0.004719,0.000000,0.00
randomArrays.txt,3,226,0.004712,0.000000,0.00
randomArrays.txt,1,239,0.005569,0.015625,0.00
randomArrays.txt,2,239,0.005789,0.000000,0.00
randomArrays.txt,3,239,0.005883,0.015625,0.00
randomArrays.txt,1,656,0.039812,0.046875,0.00
randomArrays.txt,2,656,0.025831,0.031250,0.00
randomArrays.txt,3,656,0.034020,0.031250,0.00
randomArrays.txt,1,467,0.014258,0.015625,0.00
randomArrays.txt,2,467,0.021892,0.015625,0.00
randomArrays.txt,3,467,0.022815,0.031250,0.00
randomArrays.txt,1,855,0.041033,0.046875,0.00
randomArrays.txt,2,855,0.066122,0.062500,0.00
randomArrays.txt,3,855,0.067047,0.062500,0.00
randomArrays.txt,1,12,0.000034,0.000000,0.00
randomArrays.txt,2,12,0.000019,0.000000,0.00
randomArrays.txt,3,12,0.000030,0.000000,0.00
randomArrays.txt,1,751,0.046436,0.046875,0.00
randomArrays.txt,2,751,0.033675,0.031250,0.00
randomArrays.txt,3,751,0.037256,0.031250,0.00
randomArrays.txt,1,426,0.011883,0.015625,0.00
randomArrays.txt,2,426,0.013236,0.015625,0.00
randomArrays.txt,3,426,0.016487,0.015625,0.00
randomArrays.txt,1,735,0.052424,0.046875,0.00
randomArrays.txt,2,735,0.033447,0.046875,0.00
randomArrays.txt,3,735,0.074889,0.062500,0.00
randomArrays.txt,1,321,0.015008,0.015625,0.00
randomArrays.txt,2,321,0.012056,0.015625,0.00
randomArrays.txt,3,321,0.010786,0.000000,0.00
randomArrays.txt,1,522,0.031704,0.015625,0.00
randomArrays.txt,2,522,0.022155,0.015625,0.00
randomArrays.txt,3,522,0.010537,0.015625,0.00
randomArrays.txt,1,888,0.057735,0.046875,0.00
randomArrays.txt,2,888,0.058834,0.062500,0.00
randomArrays.txt,3,888,0.075119,0.078125,0.00
randomArrays.txt,1,118,0.000947,0.000000,0.00
randomArrays.txt,2,118,0.001965,0.000000,0.00
randomArrays.txt,3,118,0.002004,0.000000,0.00
randomArrays.txt,1,813,0.089706,0.062500,0.00
randomArrays.txt,2,813,0.048564,0.046875,0.00
randomArrays.txt,3,813,0.048616,0.046875,0.00
randomArrays.txt,1,547,0.040616,0.046875,0.00
randomArrays.txt,2,547,0.055077,0.046875,0.00
randomArrays.txt,3,547,0.040415,0.031250,0.00
randomArrays.txt,1,860,0.056829,0.046875,0.00
randomArrays.txt,2,860,0.056515,0.062500,0.00
randomArrays.txt,3,860,0.070656,0.078125,0.00
randomArrays.txt,1,189,0.002991,0.015625,0.00
randomArrays.txt,2,189,0.002050,0.000000,0.00
randomArrays.txt,3,189,0.002145,0.000000,0.00
randomArrays.txt,1,668,0.034717,0.031250,0.00
randomArrays.txt,2,668,0.034424,0.031250,0.00
randomArrays.txt,3,668,0.043079,0.046875,0.00
randomArrays.txt,1,583,0.041712,0.046875,0.00
randomArrays.txt,2,583,0.019155,0.015625,0.00
randomArrays.txt,3,583,0.039141,0.046875,0.00
randomArrays.txt,1,489,0.018513,0.031250,0.00
randomArrays.txt,2,489,0.012017,0.000000,0.00
randomArrays.txt,3,489,0.012239,0.015625,0.00
randomArrays.txt,1,414,0.014905,0.000000,0.00
randomArrays.txt,2,414,0.013198,0.000000,0.00
randomArrays.txt,3,414,0.016923,0.031250,0.00
randomArrays.txt,1,905,0.053945,0.062500,0.00
randomArrays.txt,2,905,0.073343,0.062500,0.00
randomArrays.txt,3,905,0.088104,0.093750,0.00
randomArrays.txt,1,742,0.057171,0.046875,0.00
randomArrays.txt,2,742,0.057181,0.062500,0.00
randomArrays.txt,3,742,0.077382,0.078125,0.00
randomArrays.txt,1,358,0.012578,0.000000,0.00
randomArrays.txt,2,358,0.013677,0.015625,0.00
randomArrays.txt,3,358,0.014464,0.015625,0.00
randomArrays.txt,1,741,0.042166,0.046875,0.00
randomArrays.txt,2,741,0.027215,0.031250,0.00
randomArrays.txt,3,741,0.046537,0.046875,0.00
randomArrays.txt,1,470,0.020720,0.015625,0.00
randomArrays.txt,2,470,0.016706,0.015625,0.00
randomArrays.txt,3,470,0.013346,0.000000,0.00
randomArrays.txt,1,111,0.001236,0.000000,0.00
randomArrays.txt,2,111,0.001203,0.000000,0.00
randomArrays.txt,3,111,0.001208,0.000000,0.00
randomArrays.txt,1,546,0.023612,0.031250,0.00
randomArrays.txt,2,546,0.017036,0.015625,0.00
randomArrays.txt,3,546,0.014156,0.015625,0.00
randomArrays.txt,1,591,0.017312,0.015625,0.00
randomArrays.txt,2,591,0.016308,0.015625,0.00
randomArrays.txt,3,591,0.028469,0.031250,0.00
randomArrays.txt,1,884,0.076847,0.078125,0.00
randomArrays.txt,2,884,0.056673,0.062500,0.00
randomArrays.txt,3,884,0.081071,0.078125,0.00
randomArrays.txt,1,684,0.061863,0.015625,0.00
randomArrays.txt,2,684,0.121079,0.062500,0.00
randomArrays.txt,3,684,0.084552,0.046875,0.00
randomArrays.txt,1,975,0.055039,0.046875,0.00
randomArrays.txt,2,975,0.068712,0.078125,0.00
randomArrays.txt,3,975,0.071993,0.062500,0.00
randomArrays.txt,1,739,0.042334,0.031250,0.00
randomArrays.txt,2,739,0.031522,0.031250,0.00
randomArrays.txt,3,739,0.033190,0.046875,0.00
randomArrays.txt,1,725,0.085413,0.046875,0.00
randomArrays.txt,2,725,0.063909,0.046875,0.00
randomArrays.txt,3,725,0.061082,0.046875,0.00
randomArrays.txt,1,893,0.051915,0.046875,0.00
randomArrays.txt,2,893,0.054180,0.046875,0.00
randomArrays.txt,3,893,0.044313,0.046875,0.00
randomArrays.txt,1,16,0.000044,0.000000,0.00
randomArrays.txt,2,16,0.000042,0.000000,0.00
randomArrays.txt,3,16,0.000024,0.000000,0.00
randomArrays.txt,1,467,0.018727,0.015625,0.00
randomArrays.txt,2,467,0.015428,0.015625,0.00
randomArrays.txt,3,467,0.022486,0.031250,0.00
randomArrays.txt,1,307,0.008483,0.000000,0.00
randomArrays.txt,2,307,0.003643,0.000000,0.00
randomArrays.txt,3,307,0.008883,0.000000,0.00
randomArrays.txt,1,235,0.005884,0.015625,0.00
randomArrays.txt,2,235,0.006972,0.000000,0.00
randomArrays.txt,3,235,0.007518,0.015625,0.00
randomArrays.txt,1,377,0.013549,0.000000,0.00
randomArrays.txt,2,377,0.015044,0.015625,0.00
randomArrays.txt,3,377,0.006356,0.015625,0.00
randomArrays.txt,1,448,0.032833,0.015625,0.00
randomArrays.txt,2,448,0.018352,0.015625,0.00
randomArrays.txt,3,448,0.013483,0.000000,0.00
randomArrays.txt,1,999,0.075526,0.062500,0.00
randomArrays.txt,2,999,0.061648,0.062500,0.00
randomArrays.txt,3,999,0.058972,0.062500,0.00
randomArrays.txt,1,98,0.001162,0.000000,0.00
randomArrays.txt,2,98,0.000887,0.000000,0.00
randomArrays.txt,3,98,0.000915,0.000000,0.00
randomArrays.txt,1,456,0.020443,0.015625,0.00
randomArrays.txt,2,456,0.010994,0.015625,0.00
randomArrays.txt,3,456,0.021182,0.031250,0.00
randomArrays.txt,1,118,0.001156,0.000000,0.00
randomArrays.txt,2,118,0.001209,0.000000,0.00
randomArrays.txt,3,118,0.001287,0.000000,0.00
randomArrays.txt,1,406,0.011264,0.015625,0.00
randomArrays.txt,2,406,0.009509,0.000000,0.00
randomArrays.txt,3,406,0.008894,0.000000,0.00
randomArrays.txt,1,33,0.000096,0.000000,0.00
randomArrays.txt,2,33,0.000086,0.000000,0.00
randomArrays.txt,3,33,0.000140,0.000000,0.00
randomArrays.txt,1,517,0.027828,0.031250,0.00
randomArrays.txt,2,517,0.025693,0.031250,0.00
randomArrays.txt,3,517,0.012918,0.015625,0.00
randomArrays.txt,1,248,0.008648,0.015625,0.00
randomArrays.txt,2,248,0.007124,0.000000,0.00
randomArrays.txt,3,248,0.003395,0.015625,0.00
randomArrays.txt,1,61,0.000341,0.000000,0.00
randomArrays.txt,2,61,0.000339,0.000000,0.00
randomArrays.txt,3,61,0.000351,0.000000,0.00
randomArrays.txt,1,547,0.028966,0.031250,0.00
randomArrays.txt,2,547,0.023988,0.031250,0.00
randomArrays.txt,3,547,0.014662,0.015625,0.00
randomArrays.txt,1,602,0.034922,0.031250,0.00
randomArrays.txt,2,602,0.016145,0.015625,0.00
randomArrays.txt,3,602,0.022180,0.015625,0.00
randomArrays.txt,1,579,0.034918,0.031250,0.00
randomArrays.txt,2,579,0.032142,0.031250,0.00
randomArrays.txt,3,579,0.031590,0.031250,0.00
randomArrays.txt,1,972,0.075521,0.062500,0.00
randomArrays.txt,2,972,0.060871,0.062500,0.00
randomArrays.txt,3,972,0.087697,0.078125,0.00
randomArrays.txt,1,653,0.025509,0.031250,0.00
randomArrays.txt,2,653,0.032177,0.031250,0.00
randomArrays.txt,3,653,0.023215,0.031250,0.00
randomArrays.txt,1,866,0.063735,0.062500,0.00
randomArrays.txt,2,866,0.051328,0.046875,0.00
randomArrays.txt,3,866,0.064520,0.062500,0.00
randomArrays.txt,1,417,0.010147,0.000000,0.00
randomArrays.txt,2,417,0.017247,0.031250,0.00
randomArrays.txt,3,417,0.012418,0.000000,0.00
randomArrays.txt,1,386,0.007459,0.000000,0.00
randomArrays.txt,2,386,0.014278,0.015625,0.00
randomArrays.txt,3,386,0.011217,0.015625,0.00
randomArrays.txt,1,349,0.004355,0.000000,0.00
randomArrays.txt,2,349,0.012260,0.015625,0.00
randomArrays.txt,3,349,0.009337,0.015625,0.00
randomArrays.txt,1,598,0.036307,0.031250,0.00
randomArrays.txt,2,598,0.034920,0.046875,0.00
randomArrays.txt,3,598,0.023012,0.015625,0.00
randomArrays.txt,1,856,0.066475,0.046875,0.00
randomArrays.txt,2,856,0.089790,0.078125,0.00
randomArrays.txt,3,856,0.043621,0.046875,0.00
randomArrays.txt,1,152,0.002394,0.000000,0.00
randomArrays.txt,2,152,0.001530,0.000000,0.00
randomArrays.txt,3,152,0.002337,0.015625,0.00
randomArrays.txt,1,436,0.015442,0.015625,0.00
randomArrays.txt,2,436,0.008653,0.015625,0.00
randomArrays.txt,3,436,0.007980,0.000000,0.00
randomArrays.txt,1,356,0.009659,0.015625,0.00
randomArrays.txt,2,356,0.009670,0.015625,0.00
randomArrays.txt,3,356,0.010473,0.000000,0.00
randomArrays.txt,1,598,0.014629,0.015625,0.00
randomArrays.txt,2,598,0.026288,0.015625,0.00
randomArrays.txt,3,598,0.022633,0.015625,0.00
randomArrays.txt,1,578,0.032643,0.031250,0.00
randomArrays.txt,2,578,0.026143,0.031250,0.00
randomArrays.txt,3,578,0.026802,0.031250,0.00
randomArrays.txt,1,786,0.109677,0.078125,0.00
randomArrays.txt,2,786,0.081659,0.078125,0.00
randomArrays.txt,3,786,0.050330,0.062500,0.00
randomArrays.txt,1,124,0.001516,0.000000,0.00
randomArrays.txt,2,124,0.001490,0.000000,0.00
randomArrays.txt,3,124,0.001529,0.000000,0.00
randomArrays.txt,1,439,0.010726,0.015625,0.00
randomArrays.txt,2,439,0.009903,0.015625,0.00
randomArrays.txt,3,439,0.009617,0.015625,0.00
randomArrays.txt,1,492,0.058957,0.015625,0.00
randomArrays.txt,2,492,0.055966,0.031250,0.00
randomArrays.txt,3,492,0.067709,0.046875,0.00
randomArrays.txt,1,207,0.003022,0.000000,0.00
randomArrays.txt,2,207,0.004036,0.000000,0.00
randomArrays.txt,3,207,0.004072,0.015625,0.00
randomArrays.txt,1,100,0.000886,0.000000,0.00
randomArrays.txt,2,100,0.000915,0.000000,0.00
randomArrays.txt,3,100,0.001040,0.000000,0.00
randomArrays.txt,1,591,0.015967,0.015625,0.00
randomArrays.txt,2,591,0.040448,0.046875,0.00
randomArrays.txt,3,591,0.016140,0.015625,0.00
randomArrays.txt,1,397,0.020050,0.015625,0.00
randomArrays.txt,2,397,0.014430,0.015625,0.00
randomArrays.txt,3,397,0.019283,0.000000,0.00
randomArrays.txt,1,295,0.005944,0.000000,0.00
randomArrays.txt,2,295,0.003568,0.015625,0.00
randomArrays.txt,3,295,0.007889,0.000000,0.00
randomArrays.txt,1,733,0.046732,0.046875,0.00
randomArrays.txt,2,733,0.024578,0.031250,0.00
randomArrays.txt,3,733,0.044949,0.046875,0.00
randomArrays.txt,1,231,0.004545,0.000000,0.00
randomArrays.txt,2,231,0.002873,0.000000,0.00
randomArrays.txt,3,231,0.004626,0.015625,0.00
randomArrays.txt,1,565,0.015506,0.015625,0.00
randomArrays.txt,2,565,0.015403,0.000000,0.00
randomArrays.txt,3,565,0.022774,0.015625,0.00
randomArrays.txt,1,910,0.058196,0.015625,0.00
randomArrays.txt,2,910,0.059979,0.046875,0.00
randomArrays.txt,3,910,0.060571,0.062500,0.00
randomArrays.txt,1,74,0.000692,0.000000,0.00
randomArrays.txt,2,74,0.000373,0.000000,0.00
randomArrays.txt,3,74,0.000492,0.000000,0.00
randomArrays.txt,1,647,0.038510,0.031250,0.00
randomArrays.txt,2,647,0.054620,0.062500,0.00
randomArrays.txt,3,647,0.045024,0.046875,0.00
randomArrays.txt,1,456,0.009184,0.000000,0.00
randomArrays.txt,2,456,0.016699,0.015625,0.00
randomArrays.txt,3,456,0.010324,0.000000,0.00
randomArrays.txt,1,954,0.056294,0.062500,0.00
randomArrays.txt,2,954,0.051006,0.046875,0.00
randomArrays.txt,3,954,0.069758,0.062500,0.00
randomArrays.txt,1,495,0.018974,0.015625,0.00
randomArrays.txt,2,495,0.022711,0.015625,0.00
randomArrays.txt,3,495,0.016870,0.015625,0.00
randomArrays.txt,1,487,0.020545,0.015625,0.00
randomArrays.txt,2,487,0.024485,0.015625,0.00
randomArrays.txt,3,487,0.017889,0.015625,0.00
randomArrays.txt,1,559,0.028880,0.031250,0.00
randomArrays.txt,2,559,0.017655,0.015625,0.00
randomArrays.txt,3,559,0.023948,0.015625,0.00
randomArrays.txt,1,512,0.032705,0.031250,0.00
randomArrays.txt,2,512,0.014725,0.015625,0.00
randomArrays.txt,3,512,0.021952,0.015625,0.00
randomArrays.txt,1,247,0.005533,0.000000,0.00
randomArrays.txt,2,247,0.005403,0.000000,0.00
randomArrays.txt,3,247,0.005459,0.000000,0.00
randomArrays.txt,1,219,0.004843,0.000000,0.00
randomArrays.txt,2,219,0.004503,0.015625,0.00
randomArrays.txt,3,219,0.005418,0.000000,0.00
randomArrays.txt,1,839,0.044015,0.046875,0.00
randomArrays.txt,2,839,0.032534,0.031250,0.00
randomArrays.txt,3,839,0.048695,0.046875,0.00
randomArrays.txt,1,887,0.047497,0.046875,0.00
randomArrays.txt,2,887,0.060255,0.046875,0.00
randomArrays.txt,3,887,0.040054,0.031250,0.00
randomArrays.txt,1,942,0.049570,0.046875,0.00
randomArrays.txt,2,942,0.040973,0.046875,0.00
randomArrays.txt,3,942,0.082659,0.078125,0.00
randomArrays.txt,1,920,0.048792,0.046875,0.00
randomArrays.txt,2,920,0.065428,0.062500,0.00
randomArrays.txt,3,920,0.061094,0.046875,0.00
randomArrays.txt,1,868,0.078126,0.078125,0.00
randomArrays.txt,2,868,0.086395,0.093750,0.00
randomArrays.txt,3,868,0.058258,0.046875,0.00
randomArrays.txt,1,25,0.000041,0.000000,0.00
randomArrays.txt,2,25,0.000077,0.000000,0.00
randomArrays.txt,3,25,0.000072,0.000000,0.00
randomArrays.txt,1,174,0.003646,0.000000,0.00
randomArrays.txt,2,174,0.005149,0.000000,0.00
randomArrays.txt,3,174,0.003309,0.000000,0.00
randomArrays.txt,1,818,0.056223,0.046875,0.00
randomArrays.txt,2,818,0.056837,0.046875,0.00
randomArrays.txt,3,818,0.045726,0.046875,0.00
randomArrays.txt,1,660,0.020632,0.031250,0.00
randomArrays.txt,2,660,0.021963,0.015625,0.00
randomArrays.txt,3,660,0.040577,0.046875,0.00
randomArrays.txt,1,592,0.025554,0.031250,0.00
randomArrays.txt,2,592,0.032871,0.031250,0.00
randomArrays.txt,3,592,0.025230,0.031250,0.00
randomArrays.txt,1,942,0.045371,0.046875,0.00
randomArrays.txt,2,942,0.063704,0.062500,0.00
randomArrays.txt,3,942,0.076709,0.078125,0.00
randomArrays.txt,1,962,0.065848,0.062500,0.00
randomArrays.txt,2,962,0.041584,0.046875,0.00
randomArrays.txt,3,962,0.073861,0.078125,0.00
randomArrays.txt,1,254,0.002868,0.000000,0.00
randomArrays.txt,2,254,0.006003,0.000000,0.00
randomArrays.txt,3,254,0.006910,0.015625,0.00
randomArrays.txt,1,527,0.011977,0.015625,0.00
randomArrays.txt,2,527,0.012768,0.015625,0.00
randomArrays.txt,3,527,0.014511,0.015625,0.00
randomArrays.txt,1,786,0.057161,0.062500,0.00
randomArrays.txt,2,786,0.048764,0.046875,0.00
randomArrays.txt,3,786,0.064023,0.062500,0.00
randomArrays.txt,1,179,0.004042,0.000000,0.00
randomArrays.txt,2,179,0.001536,0.000000,0.00
randomArrays.txt,3,179,0.002825,0.015625,0.00
randomArrays.txt,1,678,0.038598,0.031250,0.00
randomArrays.txt,2,678,0.025601,0.015625,0.00
randomArrays.txt,3,678,0.039200,0.046875,0.00
randomArrays.txt,1,950,0.054777,0.046875,0.00
randomArrays.txt,2,950,0.052434,0.062500,0.00
randomArrays.txt,3,950,0.044690,0.031250,0.00
randomArrays.txt,1,538,0.019072,0.015625,0.00
randomArrays.txt,2,538,0.015418,0.015625,0.00
randomArrays.txt,3,538,0.026137,0.031250,0.00
randomArrays.txt,1,185,0.001834,0.015625,0.00
randomArrays.txt,2,185,0.003066,0.000000,0.00
randomArrays.txt,3,185,0.003111,0.000000,0.00
randomArrays.txt,1,689,0.028752,0.015625,0.00
randomArrays.txt,2,689,0.037772,0.031250,0.00
randomArrays.txt,3,689,0.036801,0.031250,0.00
randomArrays.txt,1,161,0.002562,0.000000,0.00
randomArrays.txt,2,161,0.002609,0.000000,0.00
randomArrays.txt,3,161,0.002663,0.000000,0.00
randomArrays.txt,1,509,0.031046,0.031250,0.00
randomArrays.txt,2,509,0.016792,0.015625,0.00
randomArrays.txt,3,509,0.016229,0.015625,0.00
randomArrays.txt,1,376,0.012604,0.015625,0.00
randomArrays.txt,2,376,0.011897,0.015625,0.00
randomArrays.txt,3,376,0.006519,0.000000,0.00
randomArrays.txt,1,766,0.069222,0.062500,0.00
randomArrays.txt,2,766,0.040433,0.046875,0.00
randomArrays.txt,3,766,0.042226,0.046875,0.00
randomArrays.txt,1,706,0.053352,0.046875,0.00
randomArrays.txt,2,706,0.030107,0.031250,0.00
randomArrays.txt,3,706,0.036765,0.031250,0.00
randomArrays.txt,1,644,0.030836,0.031250,0.00
randomArrays.txt,2,644,0.029371,0.031250,0.00
randomArrays.txt,3,644,0.035806,0.031250,0.00
randomArrays.txt,1,758,0.034250,0.031250,0.00
randomArrays.txt,2,758,0.039067,0.031250,0.00
randomArrays.txt,3,758,0.042575,0.046875,0.00
randomArrays.txt,1,747,0.045524,0.031250,0.00
randomArrays.txt,2,747,0.033785,0.031250,0.00
randomArrays.txt,3,747,0.056529,0.062500,0.00
randomArrays.txt,1,349,0.005108,0.015625,0.00
randomArrays.txt,2,349,0.010842,0.015625,0.00
randomArrays.txt,3,349,0.012571,0.000000,0.00
randomArrays.txt,1,574,0.030522,0.031250,0.00
randomArrays.txt,2,574,0.028939,0.015625,0.00
randomArrays.txt,3,574,0.030808,0.031250,0.00
randomArrays.txt,1,888,0.104469,0.093750,0.00
randomArrays.txt,2,888,0.079712,0.093750,0.00
randomArrays.txt,3,888,0.084554,0.078125,0.00
randomArrays.txt,1,235,0.004987,0.015625,0.00
randomArrays.txt,2,235,0.005089,0.000000,0.00
randomArrays.txt,3,235,0.005332,0.000000,0.00
randomArrays.txt,1,653,0.025259,0.031250,0.00
randomArrays.txt,2,653,0.038104,0.031250,0.00
randomArrays.txt,3,653,0.017860,0.015625,0.00
randomArrays.txt,1,630,0.039349,0.031250,0.00
randomArrays.txt,2,630,0.033584,0.031250,0.00
randomArrays.txt,3,630,0.032067,0.031250,0.00
randomArrays.txt,1,76,0.000881,0.000000,0.00
randomArrays.txt,2,76,0.000897,0.000000,0.00
randomArrays.txt,3,76,0.000898,0.000000,0.00
randomArrays.txt,1,436,0.034653,0.031250,0.00
randomArrays.txt,2,436,0.016933,0.000000,0.00
randomArrays.txt,3,436,0.019708,0.015625,0.00
randomArrays.txt,1,771,0.076260,0.078125,0.00
randomArrays.txt,2,771,0.066653,0.062500,0.00
randomArrays.txt,3,771,0.068572,0.062500,0.00
randomArrays.txt,1,217,0.004195,0.015625,0.00
randomArrays.txt,2,217,0.004207,0.000000,0.00
randomArrays.txt,3,217,0.004256,0.000000,0.00
randomArrays.txt,1,419,0.024740,0.031250,0.00
randomArrays.txt,2,419,0.013817,0.015625,0.00
randomArrays.txt,3,419,0.015267,0.015625,0.00
randomArrays.txt,1,860,0.072124,0.078125,0.00
randomArrays.txt,2,860,0.084266,0.078125,0.00
randomArrays.txt,3,860,0.101344,0.109375,0.00
randomArrays.txt,1,288,0.010573,0.015625,0.00
randomArrays.txt,2,288,0.007225,0.015625,0.00
randomArrays.txt,3,288,0.004659,0.000000,0.00
randomArrays.txt,1,280,0.007686,0.000000,0.00
randomArrays.txt,2,280,0.004851,0.000000,0.00
randomArrays.txt,3,280,0.011666,0.015625,0.00
randomArrays.txt,1,242,0.007797,0.015625,0.00
randomArrays.txt,2,242,0.008716,0.000000,0.00
randomArrays.txt,3,242,0.008361,0.015625,0.00
randomArrays.txt,1,602,0.050709,0.031250,0.00
randomArrays.txt,2,602,0.027688,0.031250,0.00
randomArrays.txt,3,602,0.022539,0.015625,0.00
randomArrays.txt,1,44,0.000308,0.000000,0.00
randomArrays.txt,2,44,0.000200,0.000000,0.00
randomArrays.txt,3,44,0.000156,0.000000,0.00
randomArrays.txt,1,547,0.031703,0.031250,0.00
randomArrays.txt,2,547,0.022175,0.031250,0.00
randomArrays.txt,3,547,0.038968,0.031250,0.00
randomArrays.txt,1,860,0.068020,0.062500,0.00
randomArrays.txt,2,860,0.104966,0.109375,0.00
randomArrays.txt,3,860,0.113748,0.109375,0.00
randomArrays.txt,1,737,0.040085,0.031250,0.00
randomArrays.txt,2,737,0.048470,0.046875,0.00
randomArrays.txt,3,737,0.023183,0.031250,0.00
randomArrays.txt,1,738,0.038666,0.046875,0.00
randomArrays.txt,2,738,0.039778,0.031250,0.00
randomArrays.txt,3,738,0.051683,0.062500,0.00
randomArrays.txt,1,725,0.062152,0.062500,0.00
randomArrays.txt,2,725,0.084511,0.078125,0.00
randomArrays.txt,3,725,0.058055,0.062500,0.00
randomArrays.txt,1,684,0.110270,0.062500,0.00
randomArrays.txt,2,684,0.104184,0.078125,0.00
randomArrays.txt,3,684,0.033442,0.031250,0.00
randomArrays.txt,1,233,0.005051,0.000000,0.00
randomArrays.txt,2,233,0.004179,0.015625,0.00
randomArrays.txt,3,233,0.005564,0.000000,0.00
randomArrays.txt,1,342,0.012023,0.015625,0.00
randomArrays.txt,2,342,0.020417,0.000000,0.00
randomArrays.txt,3,342,0.015715,0.015625,0.00
randomArrays.txt,1,855,0.090783,0.093750,0.00
randomArrays.txt,2,855,0.107944,0.109375,0.00
randomArrays.txt,3,855,0.072726,0.078125,0.00
randomArrays.txt,1,861,0.063110,0.046875,0.00
randomArrays.txt,2,861,0.078161,0.078125,0.00
randomArrays.txt,3,861,0.049156,0.046875,0.00
randomArrays.txt,1,566,0.047144,0.046875,0.00
randomArrays.txt,2,566,0.040111,0.046875,0.00
randomArrays.txt,3,566,0.029860,0.031250,0.00
randomArrays.txt,1,406,0.010265,0.000000,0.00
randomArrays.txt,2,406,0.006815,0.015625,0.00
randomArrays.txt,3,406,0.015096,0.015625,0.00
randomArrays.txt,1,192,0.003751,0.000000,0.00
randomArrays.txt,2,192,0.003418,0.000000,0.00
randomArrays.txt,3,192,0.005366,0.000000,0.00
randomArrays.txt,1,850,0.043285,0.031250,0.00
randomArrays.txt,2,850,0.043634,0.046875,0.00
randomArrays.txt,3,850,0.067970,0.062500,0.00
randomArrays.txt,1,609,0.028271,0.031250,0.00
randomArrays.txt,2,609,0.017981,0.015625,0.00
randomArrays.txt,3,609,0.027419,0.015625,0.00
randomArrays.txt,1,18,0.000029,0.000000,0.00
randomArrays.txt,2,18,0.000069,0.000000,0.00
randomArrays.txt,3,18,0.000044,0.000000,0.00
randomArrays.txt,1,482,0.024957,0.015625,0.00
randomArrays.txt,2,482,0.036540,0.031250,0.00
randomArrays.txt,3,482,0.010044,0.015625,0.00
randomArrays.txt,1,264,0.009184,0.000000,0.00
randomArrays.txt,2,264,0.003144,0.015625,0.00
randomArrays.txt,3,264,0.008893,0.000000,0.00
randomArrays.txt,1,319,0.015025,0.015625,0.00
randomArrays.txt,2,319,0.011862,0.015625,0.00
randomArrays.txt,3,319,0.007585,0.000000,0.00
randomArrays.txt,1,252,0.002541,0.000000,0.00
randomArrays.txt,2,252,0.006138,0.015625,0.00
randomArrays.txt,3,252,0.003167,0.000000,0.00
randomArrays.txt,1,342,0.010429,0.015625,0.00
randomArrays.txt,2,342,0.010724,0.015625,0.00
randomArrays.txt,3,342,0.013626,0.015625,0.00
randomArrays.txt,1,252,0.004347,0.000000,0.00
randomArrays.txt,2,252,0.007301,0.015625,0.00
randomArrays.txt,3,252,0.004376,0.000000,0.00
randomArrays.txt,1,205,0.004208,0.015625,0.00
randomArrays.txt,2,205,0.003775,0.000000,0.00
randomArrays.txt,3,205,0.004576,0.000000,0.00
randomArrays.txt,1,942,0.060626,0.046875,0.00
randomArrays.txt,2,942,0.094176,0.093750,0.00
randomArrays.txt,3,942,0.055267,0.062500,0.00
randomArrays.txt,1,744,0.036809,0.046875,0.00
randomArrays.txt,2,744,0.049284,0.046875,0.00
randomArrays.txt,3,744,0.060856,0.062500,0.00
randomArrays.txt,1,537,0.035069,0.031250,0.00
randomArrays.txt,2,537,0.030877,0.031250,0.00
randomArrays.txt,3,537,0.014462,0.015625,0.00
randomArrays.txt,1,501,0.010083,0.015625,0.00
randomArrays.txt,2,501,0.017162,0.015625,0.00
randomArrays.txt,3,501,0.024656,0.031250,0.00
randomArrays.txt,1,853,0.049543,0.062500,0.00
randomArrays.txt,2,853,0.047396,0.046875,0.00
randomArrays.txt,3,853,0.067206,0.062500,0.00
randomArrays.txt,1,341,0.011577,0.015625,0.00
randomArrays.txt,2,341,0.011163,0.015625,0.00
randomArrays.txt,3,341,0.013006,0.000000,0.00
randomArrays.txt,1,800,0.037368,0.031250,0.00
randomArrays.txt,2,800,0.059622,0.062500,0.00
randomArrays.txt,3,800,0.064794,0.062500,0.00
randomArrays.txt,1,857,0.043993,0.046875,0.00
randomArrays.txt,2,857,0.032177,0.031250,0.00
randomArrays.txt,3,857,0.036547,0.031250,0.00
randomArrays.txt,1,427,0.012746,0.015625,0.00
randomArrays.txt,2,427,0.016252,0.000000,0.00
randomArrays.txt,3,427,0.010251,0.015625,0.00
randomArrays.txt,1,647,0.037106,0.046875,0.00
randomArrays.txt,2,647,0.035838,0.031250,0.00
randomArrays.txt,3,647,0.036525,0.046875,0.00
randomArrays.txt,1,76,0.000358,0.000000,0.00
randomArrays.txt,2,76,0.000831,0.000000,0.00
randomArrays.txt,3,76,0.000509,0.000000,0.00
randomArrays.txt,1,677,0.040775,0.046875,0.00
randomArrays.txt,2,677,0.030911,0.031250,0.00
randomArrays.txt,3,677,0.038281,0.031250,0.00
randomArrays.txt,1,579,0.028283,0.015625,0.00
randomArrays.txt,2,579,0.017676,0.015625,0.00
randomArrays.txt,3,579,0.014776,0.015625,0.00
randomArrays.txt,1,731,0.040753,0.046875,0.00
randomArrays.txt,2,731,0.032627,0.031250,0.00
randomArrays.txt,3,731,0.024422,0.031250,0.00
randomArrays.txt,1,704,0.048086,0.046875,0.00
randomArrays.txt,2,704,0.038593,0.031250,0.00
randomArrays.txt,3,704,0.032376,0.031250,0.00
randomArrays.txt,1,266,0.006918,0.015625,0.00
randomArrays.txt,2,266,0.007231,0.000000,0.00
randomArrays.txt,3,266,0.005769,0.015625,0.00
randomArrays.txt,1,961,0.079770,0.078125,0.00
randomArrays.txt,2,961,0.072196,0.062500,0.00
randomArrays.txt,3,961,0.084224,0.093750,0.00
randomArrays.txt,1,263,0.006765,0.015625,0.00
randomArrays.txt,2,263,0.003251,0.000000,0.00
randomArrays.txt,3,263,0.006937,0.015625,0.00
randomArrays.txt,1,434,0.015493,0.015625,0.00
randomArrays.txt,2,434,0.008704,0.000000,0.00
randomArrays.txt,3,434,0.012794,0.015625,0.00
randomArrays.txt,1,484,0.021669,0.015625,0.00
randomArrays.txt,2,484,0.017989,0.015625,0.00
randomArrays.txt,3,484,0.016075,0.015625,0.00
randomArrays.txt,1,163,0.002607,0.000000,0.00
randomArrays.txt,2,163,0.001443,0.000000,0.00
randomArrays.txt,3,163,0.001466,0.000000,0.00
randomArrays.txt,1,984,0.053779,0.062500,0.00
randomArrays.txt,2,984,0.069122,0.062500,0.00
randomArrays.txt,3,984,0.046447,0.046875,0.00
randomArrays.txt,1,211,0.003157,0.000000,0.00
randomArrays.txt,2,211,0.002462,0.000000,0.00
randomArrays.txt,3,211,0.002464,0.015625,0.00
randomArrays.txt,1,185,0.005052,0.015625,0.00
randomArrays.txt,2,185,0.005082,0.000000,0.00
randomArrays.txt,3,185,0.006444,0.015625,0.00
randomArrays.txt,1,467,0.016517,0.015625,0.00
randomArrays.txt,2,467,0.011196,0.015625,0.00
randomArrays.txt,3,467,0.018682,0.015625,0.00
randomArrays.txt,1,214,0.004526,0.000000,0.00
randomArrays.txt,2,214,0.004391,0.000000,0.00
randomArrays.txt,3,214,0.005770,0.000000,0.00
randomArrays.txt,1,35,0.000116,0.000000,0.00
randomArrays.txt,2,35,0.000202,0.000000,0.00
randomArrays.txt,3,35,0.000088,0.000000,0.00
randomArrays.txt,1,141,0.002568,0.000000,0.00
randomArrays.txt,2,141,0.002388,0.000000,0.00
randomArrays.txt,3,141,0.002238,0.015625,0.00
randomArrays.txt,1,559,0.029298,0.031250,0.00
randomArrays.txt,2,559,0.013233,0.015625,0.00
randomArrays.txt,3,559,0.025824,0.031250,0.00
randomArrays.txt,1,706,0.039809,0.046875,0.00
randomArrays.txt,2,706,0.025263,0.015625,0.00
randomArrays.txt,3,706,0.044365,0.046875,0.00
randomArrays.txt,1,68,0.000360,0.000000,0.00
randomArrays.txt,2,68,0.000352,0.000000,0.00
randomArrays.txt,3,68,0.000328,0.000000,0.00
randomArrays.txt,1,12,0.000022,0.000000,0.00
randomArrays.txt,2,12,0.000034,0.000000,0.00
randomArrays.txt,3,12,0.000019,0.000000,0.00
randomArrays.txt,1,405,0.011896,0.015625,0.00
randomArrays.txt,2,405,0.018241,0.015625,0.00
randomArrays.txt,3,405,0.015717,0.015625,0.00
randomArrays.txt,1,288,0.007308,0.015625,0.00
randomArrays.txt,2,288,0.005124,0.000000,0.00
randomArrays.txt,3,288,0.006494,0.000000,0.00
randomArrays.txt,1,955,0.100071,0.093750,0.00
randomArrays.txt,2,955,0.072945,0.078125,0.00
randomArrays.txt,3,955,0.052369,0.046875,0.00
randomArrays.txt,1,50,0.000457,0.000000,0.00
randomArrays.txt,2,50,0.000462,0.000000,0.00
randomArrays.txt,3,50,0.000379,0.000000,0.00
randomArrays.txt,1,752,0.071955,0.062500,0.00
randomArrays.txt,2,752,0.041391,0.031250,0.00
randomArrays.txt,3,752,0.022693,0.031250,0.00
randomArrays.txt,1,695,0.040996,0.031250,0.00
randomArrays.txt,2,695,0.031716,0.031250,0.00
randomArrays.txt,3,695,0.022569,0.031250,0.00
randomArrays.txt,1,186,0.001963,0.000000,0.00
randomArrays.txt,2,186,0.002162,0.000000,0.00
randomArrays.txt,3,186,0.003433,0.000000,0.00
randomArrays.txt,1,737,0.041901,0.046875,0.00
randomArrays.txt,2,737,0.043639,0.046875,0.00
randomArrays.txt,3,737,0.026624,0.015625,0.00
randomArrays.txt,1,948,0.085486,0.078125,0.00
randomArrays.txt,2,948,0.057501,0.046875,0.00
randomArrays.txt,3,948,0.094191,0.093750,0.00
randomArrays.txt,1,151,0.003261,0.000000,0.00
randomArrays.txt,2,151,0.001457,0.000000,0.00
randomArrays.txt,3,151,0.001515,0.000000,0.00
randomArrays.txt,1,46,0.000160,0.000000,0.00
randomArrays.txt,2,46,0.000156,0.000000,0.00
randomArrays.txt,3,46,0.000158,0.000000,0.00
randomArrays.txt,1,968,0.106595,0.109375,0.00
randomArrays.txt,2,968,0.105228,0.078125,0.00
randomArrays.txt,3,968,0.058638,0.062500,0.00
randomArrays.txt,1,333,0.009614,0.015625,0.00
randomArrays.txt,2,333,0.006383,0.000000,0.00
randomArrays.txt,3,333,0.010202,0.015625,0.00
randomArrays.txt,1,189,0.002509,0.000000,0.00
randomArrays.txt,2,189,0.003043,0.000000,0.00
randomArrays.txt,3,189,0.003204,0.000000,0.00
randomArrays.txt,1,190,0.003763,0.000000,0.00
randomArrays.txt,2,190,0.003680,0.015625,0.00
randomArrays.txt,3,190,0.004357,0.000000,0.00
randomArrays.txt,1,589,0.036760,0.046875,0.00
randomArrays.txt,2,589,0.036583,0.031250,0.00
randomArrays.txt,3,589,0.036747,0.046875,0.00
randomArrays.txt,1,230,0.003190,0.015625,0.00
randomArrays.txt,2,230,0.004560,0.000000,0.00
randomArrays.txt,3,230,0.004765,0.000000,0.00
randomArrays.txt,1,535,0.034606,0.031250,0.00
randomArrays.txt,2,535,0.023852,0.015625,0.00
randomArrays.txt,3,535,0.013548,0.015625,0.00
randomArrays.txt,1,189,0.005468,0.000000,0.00
randomArrays.txt,2,189,0.005327,0.000000,0.00
randomArrays.txt,3,189,0.005351,0.015625,0.00
randomArrays.txt,1,948,0.105947,0.093750,0.00
randomArrays.txt,2,948,0.103196,0.109375,0.00
randomArrays.txt,3,948,0.071112,0.078125,0.00
randomArrays.txt,1,834,0.050905,0.062500,0.00
randomArrays.txt,2,834,0.040130,0.031250,0.00
randomArrays.txt,3,834,0.043461,0.046875,0.00
randomArrays.txt,1,273,0.007241,0.015625,0.00
randomArrays.txt,2,273,0.007666,0.000000,0.00
randomArrays.txt,3,273,0.007196,0.015625,0.00
randomArrays.txt,1,773,0.040888,0.046875,0.00
randomArrays.txt,2,773,0.038455,0.031250,0.00
randomArrays.txt,3,773,0.055798,0.062500,0.00
randomArrays.txt,1,342,0.008858,0.015625,0.00
randomArrays.txt,2,342,0.011816,0.015625,0.00
randomArrays.txt,3,342,0.009982,0.000000,0.00
randomArrays.txt,1,995,0.091490,0.078125,0.00
randomArrays.txt,2,995,0.093946,0.093750,0.00
randomArrays.txt,3,995,0.117009,0.125000,0.00
randomArrays.txt,1,221,0.004852,0.000000,0.00
randomArrays.txt,2,221,0.003592,0.015625,0.00
randomArrays.txt,3,221,0.004333,0.000000,0.00
randomArrays.txt,1,519,0.025505,0.015625,0.00
randomArrays.txt,2,519,0.017157,0.031250,0.00
randomArrays.txt,3,519,0.013144,0.000000,0.00
randomArrays.txt,1,479,0.024199,0.031250,0.00
randomArrays.txt,2,479,0.009703,0.015625,0.00
randomArrays.txt,3,479,0.012288,0.000000,0.00
randomArrays.txt,1,155,0.002360,0.000000,0.00
randomArrays.txt,2,155,0.002347,0.000000,0.00
randomArrays.txt,3,155,0.002274,0.015625,0.00
randomArrays.txt,1,756,0.032131,0.031250,0.00
randomArrays.txt,2,756,0.028802,0.031250,0.00
randomArrays.txt,3,756,0.026742,0.031250,0.00
randomArrays.txt,1,658,0.031508,0.031250,0.00
randomArrays.txt,2,658,0.031857,0.031250,0.00
randomArrays.txt,3,658,0.034074,0.031250,0.00
randomArrays.txt,1,213,0.003138,0.000000,0.00
randomArrays.txt,2,213,0.006837,0.000000,0.00
randomArrays.txt,3,213,0.006270,0.000000,0.00
randomArrays.txt,1,467,0.020332,0.015625,0.00
randomArrays.txt,2,467,0.029810,0.031250,0.00
randomArrays.txt,3,467,0.015956,0.015625,0.00
randomArrays.txt,1,191,0.003449,0.000000,0.00
randomArrays.txt,2,191,0.001828,0.000000,0.00
randomArrays.txt,3,191,0.003447,0.015625,0.00
randomArrays.txt,1,744,0.049853,0.046875,0.00
randomArrays.txt,2,744,0.051944,0.062500,0.00
randomArrays.txt,3,744,0.040397,0.031250,0.00
randomArrays.txt,1,122,0.001557,0.000000,0.00
randomArrays.txt,2,122,0.001414,0.000000,0.00
randomArrays.txt,3,122,0.001425,0.000000,0.00
randomArrays.txt,1,178,0.002467,0.000000,0.00
randomArrays.txt,2,178,0.002339,0.000000,0.00
randomArrays.txt,3,178,0.003134,0.000000,0.00
randomArrays.txt,1,760,0.034349,0.031250,0.00
randomArrays.txt,2,760,0.037644,0.046875,0.00
randomArrays.txt,3,760,0.043908,0.046875,0.00
randomArrays.txt,1,524,0.020496,0.000000,0.00
randomArrays.txt,2,524,0.026861,0.031250,0.00
randomArrays.txt,3,524,0.035747,0.031250,0.00
randomArrays.txt,1,264,0.010402,0.000000,0.00
randomArrays.txt,2,264,0.046537,0.015625,0.00
randomArrays.txt,3,264,0.011776,0.015625,0.00
randomArrays.txt,1,733,0.067471,0.031250,0.00
randomArrays.txt,2,733,0.031504,0.031250,0.00
randomArrays.txt,3,733,0.038937,0.046875,0.00
randomArrays.txt,1,759,0.052567,0.046875,0.00
randomArrays.txt,2,759,0.053043,0.031250,0.00
randomArrays.txt,3,759,0.051286,0.062500,0.00
randomArrays.txt,1,177,0.003037,0.000000,0.00
randomArrays.txt,2,177,0.003032,0.000000,0.00
randomArrays.txt,3,177,0.003060,0.000000,0.00
randomArrays.txt,1,53,0.000367,0.000000,0.00
randomArrays.txt,2,53,0.000377,0.000000,0.00
randomArrays.txt,3,53,0.000262,0.000000,0.00
randomArrays.txt,1,429,0.015149,0.015625,0.00
randomArrays.txt,2,429,0.008831,0.000000,0.00
randomArrays.txt,3,429,0.012803,0.015625,0.00
randomArrays.txt,1,508,0.022485,0.031250,0.00
randomArrays.txt,2,508,0.024958,0.015625,0.00
randomArrays.txt,3,508,0.025754,0.015625,0.00
randomArrays.txt,1,919,0.057917,0.046875,0.00
randomArrays.txt,2,919,0.066907,0.062500,0.00
randomArrays.txt,3,919,0.060387,0.046875,0.00
randomArrays.txt,1,412,0.014606,0.015625,0.00
randomArrays.txt,2,412,0.007985,0.000000,0.00
randomArrays.txt,3,412,0.015641,0.015625,0.00
randomArrays.txt,1,503,0.024029,0.015625,0.00
randomArrays.txt,2,503,0.022251,0.015625,0.00
randomArrays.txt,3,503,0.011799,0.015625,0.00
randomArrays.txt,1,115,0.001245,0.000000,0.00
randomArrays.txt,2,115,0.001298,0.015625,0.00
randomArrays.txt,3,115,0.001530,0.000000,0.00
randomArrays.txt,1,851,0.065707,0.046875,0.00
randomArrays.txt,2,851,0.050336,0.046875,0.00
randomArrays.txt,3,851,0.031004,0.031250,0.00
randomArrays.txt,1,848,0.079201,0.078125,0.00
randomArrays.txt,2,848,0.037574,0.046875,0.00
randomArrays.txt,3,848,0.030209,0.031250,0.00
randomArrays.txt,1,652,0.017690,0.031250,0.00
randomArrays.txt,2,652,0.031054,0.031250,0.00
randomArrays.txt,3,652,0.023788,0.015625,0.00
randomArrays.txt,1,693,0.035786,0.031250,0.00
randomArrays.txt,2,693,0.027383,0.031250,0.00
randomArrays.txt,3,693,0.025090,0.031250,0.00
randomArrays.txt,1,662,0.046912,0.046875,0.00
randomArrays.txt,2,662,0.046264,0.046875,0.00
randomArrays.txt,3,662,0.041916,0.046875,0.00
randomArrays.txt,1,815,0.055440,0.062500,0.00
randomArrays.txt,2,815,0.044333,0.046875,0.00
randomArrays.txt,3,815,0.048734,0.046875,0.00
randomArrays.txt,1,679,0.037644,0.031250,0.00
randomArrays.txt,2,679,0.024241,0.031250,0.00
randomArrays.txt,3,679,0.062191,0.062500,0.00
randomArrays.txt,1,141,0.002636,0.000000,0.00
randomArrays.txt,2,141,0.001259,0.000000,0.00
randomArrays.txt,3,141,0.001762,0.000000,0.00
randomArrays.txt,1,458,0.018688,0.015625,0.00
randomArrays.txt,2,458,0.009232,0.000000,0.00
randomArrays.txt,3,458,0.009559,0.015625,0.00
randomArrays.txt,1,378,0.012121,0.015625,0.00
randomArrays.txt,2,378,0.012622,0.015625,0.00
randomArrays.txt,3,378,0.006974,0.015625,0.00
randomArrays.txt,1,662,0.041747,0.046875,0.00
randomArrays.txt,2,662,0.038346,0.031250,0.00
randomArrays.txt,3,662,0.022301,0.031250,0.00
randomArrays.txt,1,809,0.060058,0.062500,0.00
randomArrays.txt,2,809,0.041945,0.031250,0.00
randomArrays.txt,3,809,0.040915,0.046875,0.00
randomArrays.txt,1,960,0.067856,0.078125,0.00
randomArrays.txt,2,960,0.052523,0.046875,0.00
randomArrays.txt,3,960,0.078161,0.078125,0.00
randomArrays.txt,1,454,0.014891,0.015625,0.00
randomArrays.txt,2,454,0.015558,0.015625,0.00
randomArrays.txt,3,454,0.016083,0.015625,0.00
randomArrays.txt,1,513,0.011322,0.015625,0.00
randomArrays.txt,2,513,0.017774,0.015625,0.00
randomArrays.txt,3,513,0.017128,0.015625,0.00
randomArrays.txt,1,965,0.063548,0.062500,0.00
randomArrays.txt,2,965,0.084991,0.093750,0.00
randomArrays.txt,3,965,0.093118,0.093750,0.00
randomArrays.txt,1,855,0.101415,0.078125,0.00
randomArrays.txt,2,855,0.081698,0.078125,0.00
randomArrays.txt,3,855,0.088404,0.062500,0.00
randomArrays.txt,1,257,0.005826,0.015625,0.00
randomArrays.txt,2,257,0.005829,0.000000,0.00
randomArrays.txt,3,257,0.003000,0.000000,0.00
randomArrays.txt,1,932,0.057445,0.062500,0.00
randomArrays.txt,2,932,0.059900,0.046875,0.00
randomArrays.txt,3,932,0.071544,0.078125,0.00
randomArrays.txt,1,112,0.001997,0.000000,0.00
randomArrays.txt,2,112,0.001570,0.000000,0.00
randomArrays.txt,3,112,0.001552,0.000000,0.00
randomArrays.txt,1,264,0.007754,0.015625,0.00
randomArrays.txt,2,264,0.006868,0.000000,0.00
randomArrays.txt,3,264,0.006889,0.015625,0.00
randomArrays.txt,1,404,0.015649,0.015625,0.00
randomArrays.txt,2,404,0.015694,0.015625,0.00
randomArrays.txt,3,404,0.013524,0.015625,0.00
randomArrays.txt,1,830,0.054712,0.046875,0.00
randomArrays.txt,2,830,0.046461,0.046875,0.00
randomArrays.txt,3,830,0.048222,0.046875,0.00
randomArrays.txt,1,115,0.001641,0.000000,0.00
randomArrays.txt,2,115,0.002508,0.015625,0.00
randomArrays.txt,3,115,0.001603,0.000000,0.00
randomArrays.txt,1,906,0.054890,0.062500,0.00
randomArrays.txt,2,906,0.063507,0.062500,0.00
randomArrays.txt,3,906,0.101979,0.093750,0.00
