dataset,run,arraylength,time,cputime,memory
randomArrays.txt,1,469,0.001713,0.000000,0.00
randomArrays.txt,2,469,0.003348,0.000000,0.00
randomArrays.txt,3,469,0.003394,0.015625,0.00
randomArrays.txt,1,783,0.016129,0.015625,0.00
randomArrays.txt,2,783,0.013142,0.000000,0.00
randomArrays.txt,3,783,0.016041,0.015625,0.00
randomArrays.txt,1,464,0.003769,0.000000,0.00
randomArrays.txt,2,464,0.003776,0.015625,0.00
randomArrays.txt,3,464,0.003767,0.000000,0.00
randomArrays.txt,1,267,0.001803,0.000000,0.00
randomArrays.txt,2,267,0.001823,0.000000,0.00
randomArrays.txt,3,267,0.001816,0.015625,0.00
randomArrays.txt,1,828,0.006629,0.000000,0.00
randomArrays.txt,2,828,0.003559,0.000000,0.00
randomArrays.txt,3,828,0.006647,0.000000,0.00
randomArrays.txt,1,607,0.003650,0.015625,0.00
randomArrays.txt,2,607,0.003182,0.000000,0.00
randomArrays.txt,3,607,0.004864,0.000000,0.00
randomArrays.txt,1,319,0.002004,0.000000,0.00
randomArrays.txt,2,319,0.002012,0.000000,0.00
randomArrays.txt,3,319,0.002019,0.000000,0.00
randomArrays.txt,1,431,0.003211,0.015625,0.00
randomArrays.txt,2,431,0.003237,0.000000,0.00
randomArrays.txt,3,431,0.003198,0.000000,0.00
randomArrays.txt,1,941,0.008014,0.015625,0.00
randomArrays.txt,2,941,0.004718,0.000000,0.00
randomArrays.txt,3,941,0.006517,0.015625,0.00
randomArrays.txt,1,937,0.006968,0.015625,0.00
randomArrays.txt,2,937,0.007347,0.000000,0.00
randomArrays.txt,3,937,0.007981,0.015625,0.00
randomArrays.txt,1,619,0.003950,0.000000,0.00
randomArrays.txt,2,619,0.004142,0.015625,0.00
randomArrays.txt,3,619,0.005096,0.000000,0.00
randomArrays.txt,1,370,0.001325,0.000000,0.00
randomArrays.txt,2,370,0.002470,0.000000,0.00
randomArrays.txt,3,370,0.001920,0.000000,0.00
randomArrays.txt,1,478,0.002220,0.000000,0.00
randomArrays.txt,2,478,0.003505,0.000000,0.00
randomArrays.txt,3,478,0.003526,0.000000,0.00
randomArrays.txt,1,107,0.000506,0.000000,0.00
randomArrays.txt,2,107,0.000515,0.000000,0.00
randomArrays.txt,3,107,0.000703,0.000000,0.00
randomArrays.txt,1,910,0.008378,0.000000,0.00
randomArrays.txt,2,910,0.011087,0.015625,0.00
randomArrays.txt,3,910,0.009998,0.015625,0.00
randomArrays.txt,1,381,0.002465,0.000000,0.00
randomArrays.txt,2,381,0.002598,0.015625,0.00
randomArrays.txt,3,381,0.002468,0.000000,0.00
randomArrays.txt,1,699,0.003289,0.000000,0.00
randomArrays.txt,2,699,0.005162,0.000000,0.00
randomArrays.txt,3,699,0.005174,0.015625,0.00
randomArrays.txt,1,452,0.003466,0.000000,0.00
randomArrays.txt,2,452,0.002631,0.000000,0.00
randomArrays.txt,3,452,0.003463,0.000000,0.00
randomArrays.txt,1,882,0.007476,0.015625,0.00
randomArrays.txt,2,882,0.009391,0.015625,0.00
randomArrays.txt,3,882,0.007159,0.000000,0.00
randomArrays.txt,1,697,0.003139,0.000000,0.00
randomArrays.txt,2,697,0.003211,0.015625,0.00
randomArrays.txt,3,697,0.013618,0.015625,0.00
randomArrays.txt,1,39,0.000139,0.000000,0.00
randomArrays.txt,2,39,0.000245,0.000000,0.00
randomArrays.txt,3,39,0.000248,0.000000,0.00
randomArrays.txt,1,382,0.003951,0.000000,0.00
randomArrays.txt,2,382,0.002837,0.015625,0.00
randomArrays.txt,3,382,0.002845,0.000000,0.00
randomArrays.txt,1,980,0.006603,0.015625,0.00
randomArrays.txt,2,980,0.008398,0.000000,0.00
randomArrays.txt,3,980,0.004469,0.015625,0.00
randomArrays.txt,1,202,0.001315,0.000000,0.00
randomArrays.txt,2,202,0.001291,0.000000,0.00
randomArrays.txt,3,202,0.001292,0.000000,0.00
randomArrays.txt,1,674,0.005759,0.015625,0.00
randomArrays.txt,2,674,0.003355,0.000000,0.00
randomArrays.txt,3,674,0.003319,0.000000,0.00
randomArrays.txt,1,184,0.001134,0.000000,0.00
randomArrays.txt,2,184,0.001324,0.000000,0.00
randomArrays.txt,3,184,0.001489,0.000000,0.00
randomArrays.txt,1,853,0.007387,0.000000,0.00
randomArrays.txt,2,853,0.004000,0.015625,0.00
randomArrays.txt,3,853,0.007356,0.000000,0.00
randomArrays.txt,1,101,0.000531,0.000000,0.00
randomArrays.txt,2,101,0.000538,0.000000,0.00
randomArrays.txt,3,101,0.000540,0.000000,0.00
randomArrays.txt,1,329,0.002301,0.000000,0.00
randomArrays.txt,2,329,0.002066,0.000000,0.00
randomArrays.txt,3,329,0.002091,0.015625,0.00
randomArrays.txt,1,837,0.006736,0.000000,0.00
randomArrays.txt,2,837,0.007336,0.015625,0.00
randomArrays.txt,3,837,0.005144,0.000000,0.00
randomArrays.txt,1,952,0.008263,0.015625,0.00
randomArrays.txt,2,952,0.006592,0.000000,0.00
randomArrays.txt,3,952,0.008231,0.015625,0.00
randomArrays.txt,1,676,0.005625,0.000000,0.00
randomArrays.txt,2,676,0.005592,0.015625,0.00
randomArrays.txt,3,676,0.005662,0.000000,0.00
randomArrays.txt,1,248,0.001737,0.000000,0.00
randomArrays.txt,2,248,0.001482,0.000000,0.00
randomArrays.txt,3,248,0.002083,0.000000,0.00
randomArrays.txt,1,845,0.006800,0.000000,0.00
randomArrays.txt,2,845,0.006836,0.015625,0.00
randomArrays.txt,3,845,0.006828,0.000000,0.00
randomArrays.txt,1,707,0.005634,0.000000,0.00
randomArrays.txt,2,707,0.005416,0.015625,0.00
randomArrays.txt,3,707,0.005652,0.000000,0.00
randomArrays.txt,1,458,0.003267,0.015625,0.00
randomArrays.txt,2,458,0.003282,0.000000,0.00
randomArrays.txt,3,458,0.003317,0.000000,0.00
randomArrays.txt,1,219,0.001314,0.015625,0.00
randomArrays.txt,2,219,0.001459,0.000000,0.00
randomArrays.txt,3,219,0.001322,0.000000,0.00
randomArrays.txt,1,268,0.001577,0.000000,0.00
randomArrays.txt,2,268,0.001573,0.000000,0.00
randomArrays.txt,3,268,0.001576,0.000000,0.00
randomArrays.txt,1,201,0.001572,0.000000,0.00
randomArrays.txt,2,201,0.001292,0.000000,0.00
randomArrays.txt,3,201,0.001219,0.000000,0.00
randomArrays.txt,1,520,0.004032,0.015625,0.00
randomArrays.txt,2,520,0.004054,0.000000,0.00
randomArrays.txt,3,520,0.004127,0.000000,0.00
randomArrays.txt,1,832,0.006718,0.015625,0.00
randomArrays.txt,2,832,0.006695,0.000000,0.00
randomArrays.txt,3,832,0.003667,0.015625,0.00
randomArrays.txt,1,800,0.006186,0.000000,0.00
randomArrays.txt,2,800,0.006289,0.015625,0.00
randomArrays.txt,3,800,0.003252,0.000000,0.00
randomArrays.txt,1,753,0.006079,0.015625,0.00
randomArrays.txt,2,753,0.004410,0.000000,0.00
randomArrays.txt,3,753,0.006083,0.015625,0.00
randomArrays.txt,1,286,0.001235,0.000000,0.00
randomArrays.txt,2,286,0.001742,0.000000,0.00
randomArrays.txt,3,286,0.002223,0.015625,0.00
randomArrays.txt,1,841,0.005340,0.000000,0.00
randomArrays.txt,2,841,0.007607,0.000000,0.00
randomArrays.txt,3,841,0.007490,0.000000,0.00
randomArrays.txt,1,240,0.001119,0.000000,0.00
randomArrays.txt,2,240,0.001041,0.000000,0.00
randomArrays.txt,3,240,0.001156,0.000000,0.00
randomArrays.txt,1,370,0.002694,0.015625,0.00
randomArrays.txt,2,370,0.001663,0.000000,0.00
randomArrays.txt,3,370,0.002662,0.000000,0.00
randomArrays.txt,1,287,0.001798,0.000000,0.00
randomArrays.txt,2,287,0.003173,0.000000,0.00
randomArrays.txt,3,287,0.006190,0.000000,0.00
randomArrays.txt,1,89,0.000407,0.000000,0.00
randomArrays.txt,2,89,0.000896,0.000000,0.00
randomArrays.txt,3,89,0.000674,0.000000,0.00
randomArrays.txt,1,881,0.004844,0.000000,0.00
randomArrays.txt,2,881,0.007769,0.015625,0.00
randomArrays.txt,3,881,0.007738,0.000000,0.00
randomArrays.txt,1,187,0.001017,0.000000,0.00
randomArrays.txt,2,187,0.001012,0.000000,0.00
randomArrays.txt,3,187,0.001009,0.000000,0.00
randomArrays.txt,1,373,0.002510,0.015625,0.00
randomArrays.txt,2,373,0.002511,0.000000,0.00
randomArrays.txt,3,373,0.002532,0.000000,0.00
randomArrays.txt,1,194,0.001050,0.000000,0.00
randomArrays.txt,2,194,0.001645,0.000000,0.00
randomArrays.txt,3,194,0.001308,0.000000,0.00
randomArrays.txt,1,382,0.002785,0.000000,0.00
randomArrays.txt,2,382,0.002850,0.000000,0.00
randomArrays.txt,3,382,0.003214,0.000000,0.00
randomArrays.txt,1,826,0.004303,0.015625,0.00
randomArrays.txt,2,826,0.007218,0.000000,0.00
randomArrays.txt,3,826,0.007317,0.015625,0.00
randomArrays.txt,1,781,0.006200,0.000000,0.00
randomArrays.txt,2,781,0.006171,0.000000,0.00
randomArrays.txt,3,781,0.006138,0.000000,0.00
randomArrays.txt,1,814,0.016535,0.015625,0.00
randomArrays.txt,2,814,0.016332,0.015625,0.00
randomArrays.txt,3,814,0.017914,0.015625,0.00
randomArrays.txt,1,525,0.003999,0.000000,0.00
randomArrays.txt,2,525,0.004012,0.015625,0.00
randomArrays.txt,3,525,0.003986,0.000000,0.00
randomArrays.txt,1,136,0.000711,0.000000,0.00
randomArrays.txt,2,136,0.000712,0.000000,0.00
randomArrays.txt,3,136,0.000715,0.000000,0.00
randomArrays.txt,1,454,0.003496,0.015625,0.00
randomArrays.txt,2,454,0.003415,0.000000,0.00
randomArrays.txt,3,454,0.003423,0.000000,0.00
randomArrays.txt,1,563,0.004510,0.000000,0.00
randomArrays.txt,2,563,0.004551,0.015625,0.00
randomArrays.txt,3,563,0.004551,0.000000,0.00
randomArrays.txt,1,226,0.001463,0.015625,0.00
randomArrays.txt,2,226,0.001469,0.000000,0.00
randomArrays.txt,3,226,0.001455,0.000000,0.00
randomArrays.txt,1,345,0.002511,0.000000,0.00
randomArrays.txt,2,345,0.002522,0.000000,0.00
randomArrays.txt,3,345,0.002546,0.000000,0.00
randomArrays.txt,1,514,0.005837,0.015625,0.00
randomArrays.txt,2,514,0.002542,0.000000,0.00
randomArrays.txt,3,514,0.003852,0.000000,0.00
randomArrays.txt,1,871,0.007231,0.015625,0.00
randomArrays.txt,2,871,0.007318,0.000000,0.00
randomArrays.txt,3,871,0.007242,0.015625,0.00
randomArrays.txt,1,939,0.006279,0.015625,0.00
randomArrays.txt,2,939,0.007002,0.000000,0.00
randomArrays.txt,3,939,0.007413,0.015625,0.00
randomArrays.txt,1,397,0.002814,0.000000,0.00
randomArrays.txt,2,397,0.002777,0.000000,0.00
randomArrays.txt,3,397,0.002519,0.015625,0.00
randomArrays.txt,1,429,0.002981,0.000000,0.00
randomArrays.txt,2,429,0.002948,0.015625,0.00
randomArrays.txt,3,429,0.002959,0.000000,0.00
randomArrays.txt,1,421,0.002970,0.000000,0.00
randomArrays.txt,2,421,0.002708,0.000000,0.00
randomArrays.txt,3,421,0.002992,0.000000,0.00
randomArrays.txt,1,747,0.005742,0.000000,0.00
randomArrays.txt,2,747,0.005218,0.015625,0.00
randomArrays.txt,3,747,0.005746,0.000000,0.00
randomArrays.txt,1,19,0.000073,0.000000,0.00
randomArrays.txt,2,19,0.000087,0.000000,0.00
randomArrays.txt,3,19,0.000099,0.000000,0.00
randomArrays.txt,1,74,0.000474,0.000000,0.00
randomArrays.txt,2,74,0.001016,0.000000,0.00
randomArrays.txt,3,74,0.000576,0.015625,0.00
randomArrays.txt,1,259,0.001784,0.000000,0.00
randomArrays.txt,2,259,0.001783,0.015625,0.00
randomArrays.txt,3,259,0.001782,0.000000,0.00
randomArrays.txt,1,846,0.006985,0.000000,0.00
randomArrays.txt,2,846,0.007016,0.015625,0.00
randomArrays.txt,3,846,0.007036,0.000000,0.00
randomArrays.txt,1,789,0.006953,0.000000,0.00
randomArrays.txt,2,789,0.006912,0.015625,0.00
randomArrays.txt,3,789,0.006881,0.000000,0.00
randomArrays.txt,1,671,0.005132,0.015625,0.00
randomArrays.txt,2,671,0.005276,0.000000,0.00
randomArrays.txt,3,671,0.005289,0.000000,0.00
randomArrays.txt,1,368,0.001710,0.000000,0.00
randomArrays.txt,2,368,0.002012,0.000000,0.00
randomArrays.txt,3,368,0.001596,0.000000,0.00
randomArrays.txt,1,448,0.002520,0.000000,0.00
randomArrays.txt,2,448,0.003359,0.000000,0.00
randomArrays.txt,3,448,0.002947,0.000000,0.00
randomArrays.txt,1,237,0.001302,0.000000,0.00
randomArrays.txt,2,237,0.002369,0.000000,0.00
randomArrays.txt,3,237,0.002392,0.000000,0.00
randomArrays.txt,1,627,0.005180,0.015625,0.00
randomArrays.txt,2,627,0.005417,0.000000,0.00
randomArrays.txt,3,627,0.006194,0.015625,0.00
randomArrays.txt,1,584,0.004413,0.015625,0.00
randomArrays.txt,2,584,0.004426,0.000000,0.00
randomArrays.txt,3,584,0.004514,0.000000,0.00
randomArrays.txt,1,328,0.001687,0.000000,0.00
randomArrays.txt,2,328,0.002112,0.000000,0.00
randomArrays.txt,3,328,0.002117,0.000000,0.00
randomArrays.txt,1,606,0.004998,0.000000,0.00
randomArrays.txt,2,606,0.005045,0.015625,0.00
randomArrays.txt,3,606,0.005006,0.000000,0.00
randomArrays.txt,1,563,0.003775,0.000000,0.00
randomArrays.txt,2,563,0.003731,0.000000,0.00
randomArrays.txt,3,563,0.004143,0.015625,0.00
randomArrays.txt,1,774,0.006314,0.015625,0.00
randomArrays.txt,2,774,0.006274,0.000000,0.00
randomArrays.txt,3,774,0.006685,0.015625,0.00
randomArrays.txt,1,206,0.001141,0.000000,0.00
randomArrays.txt,2,206,0.001638,0.000000,0.00
randomArrays.txt,3,206,0.001160,0.000000,0.00
randomArrays.txt,1,907,0.004292,0.000000,0.00
randomArrays.txt,2,907,0.009117,0.015625,0.00
randomArrays.txt,3,907,0.004697,0.000000,0.00
randomArrays.txt,1,37,0.000163,0.000000,0.00
randomArrays.txt,2,37,0.000182,0.000000,0.00
randomArrays.txt,3,37,0.000197,0.000000,0.00
randomArrays.txt,1,878,0.008442,0.000000,0.00
randomArrays.txt,2,878,0.007544,0.015625,0.00
randomArrays.txt,3,878,0.006960,0.000000,0.00
randomArrays.txt,1,284,0.001862,0.000000,0.00
randomArrays.txt,2,284,0.001905,0.000000,0.00
randomArrays.txt,3,284,0.001857,0.000000,0.00
randomArrays.txt,1,853,0.006921,0.015625,0.00
randomArrays.txt,2,853,0.005674,0.000000,0.00
randomArrays.txt,3,853,0.006964,0.015625,0.00
randomArrays.txt,1,247,0.002460,0.000000,0.00
randomArrays.txt,2,247,0.001167,0.000000,0.00
randomArrays.txt,3,247,0.001124,0.000000,0.00
randomArrays.txt,1,241,0.001419,0.000000,0.00
randomArrays.txt,2,241,0.001444,0.000000,0.00
randomArrays.txt,3,241,0.001438,0.000000,0.00
randomArrays.txt,1,348,0.002242,0.000000,0.00
randomArrays.txt,2,348,0.002245,0.000000,0.00
randomArrays.txt,3,348,0.002308,0.000000,0.00
randomArrays.txt,1,814,0.006569,0.000000,0.00
randomArrays.txt,2,814,0.006541,0.015625,0.00
randomArrays.txt,3,814,0.006491,0.000000,0.00
randomArrays.txt,1,245,0.001331,0.000000,0.00
randomArrays.txt,2,245,0.001346,0.000000,0.00
randomArrays.txt,3,245,0.001352,0.015625,0.00
randomArrays.txt,1,335,0.002943,0.000000,0.00
randomArrays.txt,2,335,0.002474,0.000000,0.00
randomArrays.txt,3,335,0.001414,0.000000,0.00
randomArrays.txt,1,497,0.003582,0.000000,0.00
randomArrays.txt,2,497,0.003695,0.000000,0.00
randomArrays.txt,3,497,0.002011,0.000000,0.00
randomArrays.txt,1,280,0.001998,0.000000,0.00
randomArrays.txt,2,280,0.001987,0.000000,0.00
randomArrays.txt,3,280,0.002024,0.000000,0.00
randomArrays.txt,1,664,0.002667,0.015625,0.00
randomArrays.txt,2,664,0.005621,0.000000,0.00
randomArrays.txt,3,664,0.005596,0.000000,0.00
randomArrays.txt,1,523,0.006465,0.015625,0.00
randomArrays.txt,2,523,0.006443,0.000000,0.00
randomArrays.txt,3,523,0.006432,0.015625,0.00
randomArrays.txt,1,841,0.007151,0.000000,0.00
randomArrays.txt,2,841,0.007035,0.000000,0.00
randomArrays.txt,3,841,0.007081,0.000000,0.00
randomArrays.txt,1,290,0.002004,0.015625,0.00
randomArrays.txt,2,290,0.001991,0.000000,0.00
randomArrays.txt,3,290,0.001291,0.000000,0.00
randomArrays.txt,1,158,0.001087,0.015625,0.00
randomArrays.txt,2,158,0.001441,0.000000,0.00
randomArrays.txt,3,158,0.000863,0.000000,0.00
randomArrays.txt,1,783,0.003557,0.000000,0.00
randomArrays.txt,2,783,0.004060,0.000000,0.00
randomArrays.txt,3,783,0.003557,0.015625,0.00
randomArrays.txt,1,638,0.008889,0.000000,0.00
randomArrays.txt,2,638,0.010787,0.015625,0.00
randomArrays.txt,3,638,0.006084,0.000000,0.00
randomArrays.txt,1,314,0.002224,0.000000,0.00
randomArrays.txt,2,314,0.001987,0.000000,0.00
randomArrays.txt,3,314,0.001953,0.000000,0.00
randomArrays.txt,1,484,0.004084,0.000000,0.00
randomArrays.txt,2,484,0.002966,0.000000,0.00
randomArrays.txt,3,484,0.003174,0.000000,0.00
randomArrays.txt,1,972,0.008103,0.015625,0.00
randomArrays.txt,2,972,0.007042,0.000000,0.00
randomArrays.txt,3,972,0.008122,0.015625,0.00
randomArrays.txt,1,652,0.005601,0.000000,0.00
randomArrays.txt,2,652,0.005598,0.000000,0.00
randomArrays.txt,3,652,0.005128,0.015625,0.00
randomArrays.txt,1,543,0.002480,0.000000,0.00
randomArrays.txt,2,543,0.003882,0.000000,0.00
randomArrays.txt,3,543,0.003874,0.000000,0.00
randomArrays.txt,1,487,0.003774,0.000000,0.00
randomArrays.txt,2,487,0.003920,0.000000,0.00
randomArrays.txt,3,487,0.003968,0.015625,0.00
randomArrays.txt,1,686,0.005599,0.000000,0.00
randomArrays.txt,2,686,0.002608,0.000000,0.00
randomArrays.txt,3,686,0.005617,0.015625,0.00
randomArrays.txt,1,183,0.001486,0.000000,0.00
randomArrays.txt,2,183,0.001348,0.000000,0.00
randomArrays.txt,3,183,0.001154,0.000000,0.00
randomArrays.txt,1,572,0.004217,0.000000,0.00
randomArrays.txt,2,572,0.004224,0.000000,0.00
randomArrays.txt,3,572,0.004217,0.015625,0.00
randomArrays.txt,1,747,0.008785,0.000000,0.00
randomArrays.txt,2,747,0.008970,0.015625,0.00
randomArrays.txt,3,747,0.008773,0.015625,0.00
randomArrays.txt,1,780,0.006524,0.000000,0.00
randomArrays.txt,2,780,0.006453,0.015625,0.00
randomArrays.txt,3,780,0.004386,0.000000,0.00
randomArrays.txt,1,828,0.003812,0.015625,0.00
randomArrays.txt,2,828,0.006442,0.000000,0.00
randomArrays.txt,3,828,0.007776,0.015625,0.00
randomArrays.txt,1,591,0.004395,0.015625,0.00
randomArrays.txt,2,591,0.004373,0.000000,0.00
randomArrays.txt,3,591,0.004420,0.000000,0.00
randomArrays.txt,1,415,0.002913,0.000000,0.00
randomArrays.txt,2,415,0.002927,0.000000,0.00
randomArrays.txt,3,415,0.003029,0.000000,0.00
randomArrays.txt,1,648,0.003864,0.015625,0.00
randomArrays.txt,2,648,0.005759,0.000000,0.00
randomArrays.txt,3,648,0.003151,0.000000,0.00
randomArrays.txt,1,204,0.001227,0.000000,0.00
randomArrays.txt,2,204,0.001248,0.000000,0.00
randomArrays.txt,3,204,0.001281,0.000000,0.00
randomArrays.txt,1,510,0.003635,0.000000,0.00
randomArrays.txt,2,510,0.003657,0.015625,0.00
randomArrays.txt,3,510,0.004482,0.000000,0.00
randomArrays.txt,1,422,0.002885,0.000000,0.00
randomArrays.txt,2,422,0.002873,0.000000,0.00
randomArrays.txt,3,422,0.002871,0.000000,0.00
randomArrays.txt,1,541,0.003996,0.000000,0.00
randomArrays.txt,2,541,0.004018,0.015625,0.00
randomArrays.txt,3,541,0.003991,0.000000,0.00
randomArrays.txt,1,875,0.006995,0.015625,0.00
randomArrays.txt,2,875,0.007031,0.000000,0.00
randomArrays.txt,3,875,0.007008,0.015625,0.00
randomArrays.txt,1,742,0.004586,0.015625,0.00
randomArrays.txt,2,742,0.005892,0.000000,0.00
randomArrays.txt,3,742,0.005923,0.015625,0.00
randomArrays.txt,1,384,0.002743,0.000000,0.00
randomArrays.txt,2,384,0.002749,0.015625,0.00
randomArrays.txt,3,384,0.002792,0.000000,0.00
randomArrays.txt,1,266,0.002208,0.000000,0.00
randomArrays.txt,2,266,0.001725,0.000000,0.00
randomArrays.txt,3,266,0.001729,0.000000,0.00
randomArrays.txt,1,137,0.001165,0.000000,0.00
randomArrays.txt,2,137,0.001646,0.000000,0.00
randomArrays.txt,3,137,0.001587,0.000000,0.00
randomArrays.txt,1,970,0.005344,0.015625,0.00
randomArrays.txt,2,970,0.008929,0.000000,0.00
randomArrays.txt,3,970,0.007983,0.015625,0.00
randomArrays.txt,1,685,0.003053,0.015625,0.00
randomArrays.txt,2,685,0.003557,0.000000,0.00
randomArrays.txt,3,685,0.009776,0.000000,0.00
randomArrays.txt,1,665,0.005179,0.000000,0.00
randomArrays.txt,2,665,0.005117,0.000000,0.00
randomArrays.txt,3,665,0.004875,0.015625,0.00
randomArrays.txt,1,319,0.002337,0.000000,0.00
randomArrays.txt,2,319,0.001292,0.000000,0.00
randomArrays.txt,3,319,0.001884,0.000000,0.00
randomArrays.txt,1,808,0.005416,0.000000,0.00
randomArrays.txt,2,808,0.006766,0.015625,0.00
randomArrays.txt,3,808,0.006082,0.000000,0.00
randomArrays.txt,1,143,0.000975,0.000000,0.00
randomArrays.txt,2,143,0.000695,0.000000,0.00
randomArrays.txt,3,143,0.000997,0.000000,0.00
randomArrays.txt,1,147,0.000708,0.000000,0.00
randomArrays.txt,2,147,0.000862,0.000000,0.00
randomArrays.txt,3,147,0.001501,0.000000,0.00
randomArrays.txt,1,929,0.010530,0.000000,0.00
randomArrays.txt,2,929,0.004392,0.015625,0.00
randomArrays.txt,3,929,0.007657,0.000000,0.00
randomArrays.txt,1,906,0.003748,0.000000,0.00
randomArrays.txt,2,906,0.006616,0.000000,0.00
randomArrays.txt,3,906,0.006661,0.015625,0.00
randomArrays.txt,1,425,0.002973,0.000000,0.00
randomArrays.txt,2,425,0.003417,0.000000,0.00
randomArrays.txt,3,425,0.003341,0.015625,0.00
randomArrays.txt,1,736,0.006716,0.000000,0.00
randomArrays.txt,2,736,0.006630,0.015625,0.00
randomArrays.txt,3,736,0.004721,0.000000,0.00
randomArrays.txt,1,65,0.000409,0.000000,0.00
randomArrays.txt,2,65,0.000410,0.000000,0.00
randomArrays.txt,3,65,0.000653,0.000000,0.00
randomArrays.txt,1,305,0.002252,0.000000,0.00
randomArrays.txt,2,305,0.002256,0.000000,0.00
randomArrays.txt,3,305,0.002457,0.015625,0.00
randomArrays.txt,1,194,0.001230,0.000000,0.00
randomArrays.txt,2,194,0.001695,0.000000,0.00
randomArrays.txt,3,194,0.001850,0.000000,0.00
randomArrays.txt,1,545,0.002560,0.000000,0.00
randomArrays.txt,2,545,0.003996,0.015625,0.00
randomArrays.txt,3,545,0.003110,0.000000,0.00
randomArrays.txt,1,49,0.000211,0.000000,0.00
randomArrays.txt,2,49,0.000212,0.000000,0.00
randomArrays.txt,3,49,0.000208,0.000000,0.00
randomArrays.txt,1,731,0.003844,0.000000,0.00
randomArrays.txt,2,731,0.006037,0.015625,0.00
randomArrays.txt,3,731,0.003335,0.000000,0.00
randomArrays.txt,1,712,0.003084,0.000000,0.00
randomArrays.txt,2,712,0.003278,0.015625,0.00
randomArrays.txt,3,712,0.004682,0.000000,0.00
randomArrays.txt,1,732,0.005779,0.015625,0.00
randomArrays.txt,2,732,0.004976,0.000000,0.00
randomArrays.txt,3,732,0.005770,0.000000,0.00
randomArrays.txt,1,57,0.000237,0.000000,0.00
randomArrays.txt,2,57,0.000397,0.000000,0.00
randomArrays.txt,3,57,0.000240,0.000000,0.00
randomArrays.txt,1,983,0.005093,0.000000,0.00
randomArrays.txt,2,983,0.005853,0.000000,0.00
randomArrays.txt,3,983,0.007932,0.015625,0.00
randomArrays.txt,1,345,0.002526,0.000000,0.00
randomArrays.txt,2,345,0.002392,0.000000,0.00
randomArrays.txt,3,345,0.001815,0.000000,0.00
randomArrays.txt,1,152,0.000989,0.000000,0.00
randomArrays.txt,2,152,0.001212,0.000000,0.00
randomArrays.txt,3,152,0.001244,0.000000,0.00
randomArrays.txt,1,963,0.005223,0.000000,0.00
randomArrays.txt,2,963,0.005646,0.015625,0.00
randomArrays.txt,3,963,0.008198,0.000000,0.00
randomArrays.txt,1,544,0.002806,0.000000,0.00
randomArrays.txt,2,544,0.004307,0.015625,0.00
randomArrays.txt,3,544,0.002810,0.000000,0.00
randomArrays.txt,1,870,0.007286,0.000000,0.00
randomArrays.txt,2,870,0.007624,0.015625,0.00
randomArrays.txt,3,870,0.007043,0.000000,0.00
randomArrays.txt,1,557,0.004169,0.000000,0.00
randomArrays.txt,2,557,0.004140,0.000000,0.00
randomArrays.txt,3,557,0.004159,0.015625,0.00
randomArrays.txt,1,168,0.001607,0.000000,0.00
randomArrays.txt,2,168,0.001455,0.000000,0.00
randomArrays.txt,3,168,0.001200,0.015625,0.00
randomArrays.txt,1,373,0.002894,0.000000,0.00
randomArrays.txt,2,373,0.002888,0.015625,0.00
randomArrays.txt,3,373,0.002870,0.000000,0.00
randomArrays.txt,1,416,0.003083,0.000000,0.00
randomArrays.txt,2,416,0.001773,0.000000,0.00
randomArrays.txt,3,416,0.003088,0.000000,0.00
randomArrays.txt,1,942,0.007018,0.015625,0.00
randomArrays.txt,2,942,0.008733,0.015625,0.00
randomArrays.txt,3,942,0.008715,0.000000,0.00
randomArrays.txt,1,966,0.008979,0.000000,0.00
randomArrays.txt,2,966,0.006683,0.015625,0.00
randomArrays.txt,3,966,0.004530,0.000000,0.00
randomArrays.txt,1,363,0.002319,0.000000,0.00
randomArrays.txt,2,363,0.002317,0.015625,0.00
randomArrays.txt,3,363,0.002333,0.000000,0.00
randomArrays.txt,1,955,0.008180,0.000000,0.00
randomArrays.txt,2,955,0.007552,0.015625,0.00
randomArrays.txt,3,955,0.006805,0.000000,0.00
randomArrays.txt,1,626,0.004843,0.000000,0.00
randomArrays.txt,2,626,0.004826,0.000000,0.00
randomArrays.txt,3,626,0.003927,0.000000,0.00
randomArrays.txt,1,948,0.004120,0.000000,0.00
randomArrays.txt,2,948,0.006129,0.000000,0.00
randomArrays.txt,3,948,0.004452,0.015625,0.00
randomArrays.txt,1,193,0.000437,0.015625,0.00
randomArrays.txt,2,193,0.001141,0.000000,0.00
randomArrays.txt,3,193,0.001268,0.000000,0.00
randomArrays.txt,1,361,0.002121,0.000000,0.00
randomArrays.txt,2,361,0.001586,0.000000,0.00
randomArrays.txt,3,361,0.002508,0.000000,0.00
randomArrays.txt,1,195,0.001014,0.000000,0.00
randomArrays.txt,2,195,0.001059,0.000000,0.00
randomArrays.txt,3,195,0.001037,0.000000,0.00
randomArrays.txt,1,905,0.006768,0.000000,0.00
randomArrays.txt,2,905,0.007619,0.000000,0.00
randomArrays.txt,3,905,0.007983,0.000000,0.00
randomArrays.txt,1,105,0.000613,0.015625,0.00
randomArrays.txt,2,105,0.000470,0.000000,0.00
randomArrays.txt,3,105,0.000740,0.000000,0.00
randomArrays.txt,1,750,0.003663,0.000000,0.00
randomArrays.txt,2,750,0.006640,0.015625,0.00
randomArrays.txt,3,750,0.006644,0.000000,0.00
randomArrays.txt,1,565,0.004417,0.000000,0.00
randomArrays.txt,2,565,0.002696,0.000000,0.00
randomArrays.txt,3,565,0.004430,0.015625,0.00
randomArrays.txt,1,538,0.004052,0.000000,0.00
randomArrays.txt,2,538,0.004051,0.000000,0.00
randomArrays.txt,3,538,0.002837,0.000000,0.00
randomArrays.txt,1,488,0.003053,0.000000,0.00
randomArrays.txt,2,488,0.003045,0.000000,0.00
randomArrays.txt,3,488,0.003024,0.000000,0.00
randomArrays.txt,1,30,0.000153,0.000000,0.00
randomArrays.txt,2,30,0.000151,0.000000,0.00
randomArrays.txt,3,30,0.000153,0.000000,0.00
randomArrays.txt,1,554,0.004177,0.015625,0.00
randomArrays.txt,2,554,0.004189,0.000000,0.00
randomArrays.txt,3,554,0.002760,0.000000,0.00
randomArrays.txt,1,407,0.002842,0.000000,0.00
randomArrays.txt,2,407,0.002837,0.000000,0.00
randomArrays.txt,3,407,0.002829,0.015625,0.00
randomArrays.txt,1,958,0.005232,0.000000,0.00
randomArrays.txt,2,958,0.007925,0.000000,0.00
randomArrays.txt,3,958,0.005019,0.000000,0.00
randomArrays.txt,1,137,0.000784,0.000000,0.00
randomArrays.txt,2,137,0.000781,0.000000,0.00
randomArrays.txt,3,137,0.000869,0.000000,0.00
randomArrays.txt,1,101,0.000658,0.000000,0.00
randomArrays.txt,2,101,0.000649,0.000000,0.00
randomArrays.txt,3,101,0.000363,0.000000,0.00
randomArrays.txt,1,633,0.005007,0.015625,0.00
randomArrays.txt,2,633,0.005557,0.000000,0.00
randomArrays.txt,3,633,0.004842,0.015625,0.00
randomArrays.txt,1,44,0.000147,0.000000,0.00
randomArrays.txt,2,44,0.000496,0.000000,0.00
randomArrays.txt,3,44,0.000262,0.000000,0.00
randomArrays.txt,1,738,0.005813,0.000000,0.00
randomArrays.txt,2,738,0.005830,0.000000,0.00
randomArrays.txt,3,738,0.005844,0.015625,0.00
randomArrays.txt,1,763,0.005028,0.015625,0.00
randomArrays.txt,2,763,0.006346,0.000000,0.00
randomArrays.txt,3,763,0.006369,0.015625,0.00
randomArrays.txt,1,319,0.006093,0.015625,0.00
randomArrays.txt,2,319,0.004052,0.000000,0.00
randomArrays.txt,3,319,0.005499,0.015625,0.00
randomArrays.txt,1,682,0.006210,0.000000,0.00
randomArrays.txt,2,682,0.006337,0.015625,0.00
randomArrays.txt,3,682,0.006235,0.000000,0.00
randomArrays.txt,1,820,0.007663,0.000000,0.00
randomArrays.txt,2,820,0.004154,0.015625,0.00
randomArrays.txt,3,820,0.007913,0.000000,0.00
randomArrays.txt,1,896,0.012107,0.015625,0.00
randomArrays.txt,2,896,0.008971,0.000000,0.00
randomArrays.txt,3,896,0.008704,0.015625,0.00
randomArrays.txt,1,712,0.005914,0.000000,0.00
randomArrays.txt,2,712,0.005946,0.000000,0.00
randomArrays.txt,3,712,0.004579,0.015625,0.00
randomArrays.txt,1,554,0.004111,0.000000,0.00
randomArrays.txt,2,554,0.002599,0.000000,0.00
randomArrays.txt,3,554,0.004128,0.000000,0.00
randomArrays.txt,1,940,0.006015,0.015625,0.00
randomArrays.txt,2,940,0.006394,0.000000,0.00
randomArrays.txt,3,940,0.007525,0.015625,0.00
randomArrays.txt,1,787,0.006682,0.015625,0.00
randomArrays.txt,2,787,0.005394,0.000000,0.00
randomArrays.txt,3,787,0.006612,0.015625,0.00
randomArrays.txt,1,255,0.002360,0.015625,0.00
randomArrays.txt,2,255,0.002360,0.000000,0.00
randomArrays.txt,3,255,0.002360,0.000000,0.00
randomArrays.txt,1,135,0.000631,0.000000,0.00
randomArrays.txt,2,135,0.000729,0.000000,0.00
randomArrays.txt,3,135,0.001049,0.000000,0.00
randomArrays.txt,1,546,0.004123,0.000000,0.00
randomArrays.txt,2,546,0.002521,0.015625,0.00
randomArrays.txt,3,546,0.002725,0.000000,0.00
randomArrays.txt,1,643,0.004915,0.000000,0.00
randomArrays.txt,2,643,0.004927,0.015625,0.00
randomArrays.txt,3,643,0.004911,0.000000,0.00
randomArrays.txt,1,197,0.001169,0.000000,0.00
randomArrays.txt,2,197,0.001159,0.000000,0.00
randomArrays.txt,3,197,0.001159,0.000000,0.00
randomArrays.txt,1,643,0.004793,0.000000,0.00
randomArrays.txt,2,643,0.002873,0.000000,0.00
randomArrays.txt,3,643,0.004874,0.015625,0.00
randomArrays.txt,1,858,0.007057,0.015625,0.00
randomArrays.txt,2,858,0.007056,0.000000,0.00
randomArrays.txt,3,858,0.007045,0.015625,0.00
randomArrays.txt,1,134,0.000673,0.000000,0.00
randomArrays.txt,2,134,0.000683,0.000000,0.00
randomArrays.txt,3,134,0.000675,0.000000,0.00
randomArrays.txt,1,133,0.001089,0.000000,0.00
randomArrays.txt,2,133,0.001078,0.000000,0.00
randomArrays.txt,3,133,0.001072,0.000000,0.00
randomArrays.txt,1,317,0.002084,0.000000,0.00
randomArrays.txt,2,317,0.002121,0.000000,0.00
randomArrays.txt,3,317,0.002050,0.000000,0.00
randomArrays.txt,1,312,0.001977,0.000000,0.00
randomArrays.txt,2,312,0.002385,0.000000,0.00
randomArrays.txt,3,312,0.002024,0.000000,0.00
randomArrays.txt,1,160,0.001130,0.000000,0.00
randomArrays.txt,2,160,0.000926,0.000000,0.00
randomArrays.txt,3,160,0.000924,0.000000,0.00
randomArrays.txt,1,838,0.006477,0.015625,0.00
randomArrays.txt,2,838,0.006493,0.000000,0.00
randomArrays.txt,3,838,0.003983,0.015625,0.00
randomArrays.txt,1,316,0.002549,0.000000,0.00
randomArrays.txt,2,316,0.002401,0.000000,0.00
randomArrays.txt,3,316,0.005889,0.000000,0.00
randomArrays.txt,1,111,0.000743,0.000000,0.00
randomArrays.txt,2,111,0.000475,0.000000,0.00
randomArrays.txt,3,111,0.000461,0.000000,0.00
randomArrays.txt,1,530,0.005072,0.000000,0.00
randomArrays.txt,2,530,0.002588,0.000000,0.00
randomArrays.txt,3,530,0.002420,0.000000,0.00
randomArrays.txt,1,827,0.006455,0.015625,0.00
randomArrays.txt,2,827,0.006439,0.000000,0.00
randomArrays.txt,3,827,0.006469,0.000000,0.00
randomArrays.txt,1,994,0.007898,0.015625,0.00
randomArrays.txt,2,994,0.004682,0.000000,0.00
randomArrays.txt,3,994,0.004363,0.000000,0.00
randomArrays.txt,1,348,0.002471,0.000000,0.00
randomArrays.txt,2,348,0.002453,0.000000,0.00
randomArrays.txt,3,348,0.002487,0.000000,0.00
randomArrays.txt,1,652,0.005280,0.000000,0.00
randomArrays.txt,2,652,0.005291,0.015625,0.00
randomArrays.txt,3,652,0.005264,0.000000,0.00
randomArrays.txt,1,339,0.002367,0.000000,0.00
randomArrays.txt,2,339,0.002405,0.000000,0.00
randomArrays.txt,3,339,0.002379,0.000000,0.00
randomArrays.txt,1,908,0.009637,0.000000,0.00
randomArrays.txt,2,908,0.003836,0.000000,0.00
randomArrays.txt,3,908,0.004035,0.000000,0.00
randomArrays.txt,1,655,0.004013,0.000000,0.00
randomArrays.txt,2,655,0.004580,0.015625,0.00
randomArrays.txt,3,655,0.005377,0.000000,0.00
randomArrays.txt,1,899,0.007940,0.000000,0.00
randomArrays.txt,2,899,0.003642,0.000000,0.00
randomArrays.txt,3,899,0.008020,0.000000,0.00
randomArrays.txt,1,377,0.002658,0.000000,0.00
randomArrays.txt,2,377,0.002668,0.000000,0.00
randomArrays.txt,3,377,0.002654,0.015625,0.00
randomArrays.txt,1,793,0.005412,0.015625,0.00
randomArrays.txt,2,793,0.005470,0.000000,0.00
randomArrays.txt,3,793,0.005640,0.015625,0.00
randomArrays.txt,1,12,0.000029,0.000000,0.00
randomArrays.txt,2,12,0.000024,0.000000,0.00
randomArrays.txt,3,12,0.000041,0.000000,0.00
randomArrays.txt,1,236,0.001404,0.000000,0.00
randomArrays.txt,2,236,0.001264,0.000000,0.00
randomArrays.txt,3,236,0.001414,0.015625,0.00
randomArrays.txt,1,851,0.007990,0.015625,0.00
randomArrays.txt,2,851,0.007950,0.015625,0.00
randomArrays.txt,3,851,0.003655,0.000000,0.00
randomArrays.txt,1,462,0.002840,0.000000,0.00
randomArrays.txt,2,462,0.002844,0.000000,0.00
randomArrays.txt,3,462,0.002836,0.000000,0.00
randomArrays.txt,1,49,0.000125,0.000000,0.00
randomArrays.txt,2,49,0.000230,0.000000,0.00
randomArrays.txt,3,49,0.000268,0.015625,0.00
randomArrays.txt,1,649,0.008621,0.000000,0.00
randomArrays.txt,2,649,0.008611,0.015625,0.00
randomArrays.txt,3,649,0.008615,0.015625,0.00
randomArrays.txt,1,299,0.001685,0.000000,0.00
randomArrays.txt,2,299,0.001944,0.000000,0.00
randomArrays.txt,3,299,0.002787,0.015625,0.00
randomArrays.txt,1,796,0.006848,0.000000,0.00
randomArrays.txt,2,796,0.007192,0.015625,0.00
randomArrays.txt,3,796,0.006878,0.000000,0.00
randomArrays.txt,1,227,0.001698,0.000000,0.00
randomArrays.txt,2,227,0.001379,0.000000,0.00
randomArrays.txt,3,227,0.001945,0.000000,0.00
randomArrays.txt,1,929,0.008001,0.000000,0.00
randomArrays.txt,2,929,0.006845,0.015625,0.00
randomArrays.txt,3,929,0.008144,0.000000,0.00
randomArrays.txt,1,166,0.000849,0.000000,0.00
randomArrays.txt,2,166,0.000862,0.000000,0.00
randomArrays.txt,3,166,0.000879,0.000000,0.00
randomArrays.txt,1,277,0.001674,0.000000,0.00
randomArrays.txt,2,277,0.001674,0.000000,0.00
randomArrays.txt,3,277,0.002142,0.000000,0.00
randomArrays.txt,1,179,0.001121,0.015625,0.00
randomArrays.txt,2,179,0.000971,0.000000,0.00
randomArrays.txt,3,179,0.001033,0.000000,0.00
randomArrays.txt,1,809,0.007489,0.000000,0.00
randomArrays.txt,2,809,0.007507,0.015625,0.00
randomArrays.txt,3,809,0.007515,0.000000,0.00
randomArrays.txt,1,232,0.001473,0.000000,0.00
randomArrays.txt,2,232,0.001497,0.000000,0.00
randomArrays.txt,3,232,0.001412,0.000000,0.00
randomArrays.txt,1,247,0.001698,0.000000,0.00
randomArrays.txt,2,247,0.001689,0.000000,0.00
randomArrays.txt,3,247,0.001705,0.000000,0.00
randomArrays.txt,1,99,0.000462,0.000000,0.00
randomArrays.txt,2,99,0.000463,0.000000,0.00
randomArrays.txt,3,99,0.000464,0.000000,0.00
randomArrays.txt,1,649,0.005048,0.000000,0.00
randomArrays.txt,2,649,0.005031,0.015625,0.00
randomArrays.txt,3,649,0.004791,0.000000,0.00
randomArrays.txt,1,15,0.000060,0.000000,0.00
randomArrays.txt,2,15,0.000035,0.000000,0.00
randomArrays.txt,3,15,0.000046,0.000000,0.00
randomArrays.txt,1,646,0.004969,0.015625,0.00
randomArrays.txt,2,646,0.002938,0.000000,0.00
randomArrays.txt,3,646,0.004972,0.000000,0.00
randomArrays.txt,1,463,0.003428,0.000000,0.00
randomArrays.txt,2,463,0.003413,0.015625,0.00
randomArrays.txt,3,463,0.003411,0.000000,0.00
randomArrays.txt,1,587,0.005185,0.000000,0.00
randomArrays.txt,2,587,0.005146,0.015625,0.00
randomArrays.txt,3,587,0.005145,0.000000,0.00
randomArrays.txt,1,898,0.007652,0.000000,0.00
randomArrays.txt,2,898,0.007783,0.015625,0.00
randomArrays.txt,3,898,0.007683,0.000000,0.00
randomArrays.txt,1,643,0.005226,0.015625,0.00
randomArrays.txt,2,643,0.005218,0.000000,0.00
randomArrays.txt,3,643,0.005188,0.000000,0.00
randomArrays.txt,1,840,0.007221,0.000000,0.00
randomArrays.txt,2,840,0.007219,0.000000,0.00
randomArrays.txt,3,840,0.007250,0.000000,0.00
randomArrays.txt,1,708,0.006179,0.000000,0.00
randomArrays.txt,2,708,0.005524,0.000000,0.00
randomArrays.txt,3,708,0.005123,0.000000,0.00
randomArrays.txt,1,214,0.001831,0.000000,0.00
randomArrays.txt,2,214,0.001111,0.000000,0.00
randomArrays.txt,3,214,0.002450,0.000000,0.00
randomArrays.txt,1,565,0.003760,0.000000,0.00
randomArrays.txt,2,565,0.003698,0.000000,0.00
randomArrays.txt,3,565,0.003804,0.000000,0.00
randomArrays.txt,1,157,0.000744,0.000000,0.00
randomArrays.txt,2,157,0.000732,0.000000,0.00
randomArrays.txt,3,157,0.000688,0.000000,0.00
randomArrays.txt,1,265,0.002581,0.000000,0.00
randomArrays.txt,2,265,0.002564,0.015625,0.00
randomArrays.txt,3,265,0.002504,0.000000,0.00
randomArrays.txt,1,171,0.000767,0.000000,0.00
randomArrays.txt,2,171,0.004650,0.000000,0.00
randomArrays.txt,3,171,0.001031,0.000000,0.00
randomArrays.txt,1,136,0.000721,0.000000,0.00
randomArrays.txt,2,136,0.001157,0.000000,0.00
randomArrays.txt,3,136,0.000772,0.000000,0.00
randomArrays.txt,1,290,0.001756,0.000000,0.00
randomArrays.txt,2,290,0.001756,0.000000,0.00
randomArrays.txt,3,290,0.001589,0.000000,0.00
randomArrays.txt,1,96,0.000456,0.000000,0.00
randomArrays.txt,2,96,0.000748,0.000000,0.00
randomArrays.txt,3,96,0.000643,0.000000,0.00
randomArrays.txt,1,11,0.000055,0.000000,0.00
randomArrays.txt,2,11,0.000039,0.000000,0.00
randomArrays.txt,3,11,0.000046,0.000000,0.00
randomArrays.txt,1,311,0.002106,0.000000,0.00
randomArrays.txt,2,311,0.002137,0.000000,0.00
randomArrays.txt,3,311,0.002102,0.000000,0.00
randomArrays.txt,1,566,0.004258,0.015625,0.00
randomArrays.txt,2,566,0.004172,0.000000,0.00
randomArrays.txt,3,566,0.004928,0.000000,0.00
randomArrays.txt,1,328,0.002151,0.000000,0.00
randomArrays.txt,2,328,0.002047,0.000000,0.00
randomArrays.txt,3,328,0.002751,0.000000,0.00
randomArrays.txt,1,358,0.002697,0.015625,0.00
randomArrays.txt,2,358,0.002119,0.000000,0.00
randomArrays.txt,3,358,0.002658,0.000000,0.00
randomArrays.txt,1,674,0.005120,0.000000,0.00
randomArrays.txt,2,674,0.005143,0.015625,0.00
randomArrays.txt,3,674,0.005101,0.000000,0.00
randomArrays.txt,1,490,0.003787,0.015625,0.00
randomArrays.txt,2,490,0.002671,0.000000,0.00
randomArrays.txt,3,490,0.003760,0.000000,0.00
randomArrays.txt,1,36,0.000153,0.000000,0.00
randomArrays.txt,2,36,0.000225,0.000000,0.00
randomArrays.txt,3,36,0.000250,0.000000,0.00
randomArrays.txt,1,408,0.003022,0.015625,0.00
randomArrays.txt,2,408,0.003230,0.000000,0.00
randomArrays.txt,3,408,0.003022,0.000000,0.00
randomArrays.txt,1,49,0.000190,0.000000,0.00
randomArrays.txt,2,49,0.000189,0.000000,0.00
randomArrays.txt,3,49,0.000187,0.000000,0.00
randomArrays.txt,1,581,0.002649,0.000000,0.00
randomArrays.txt,2,581,0.004466,0.015625,0.00
randomArrays.txt,3,581,0.004275,0.000000,0.00
randomArrays.txt,1,879,0.007422,0.000000,0.00
randomArrays.txt,2,879,0.007412,0.015625,0.00
randomArrays.txt,3,879,0.003454,0.000000,0.00
randomArrays.txt,1,61,0.000262,0.015625,0.00
randomArrays.txt,2,61,0.000263,0.000000,0.00
randomArrays.txt,3,61,0.000256,0.000000,0.00
randomArrays.txt,1,656,0.005321,0.000000,0.00
randomArrays.txt,2,656,0.005448,0.015625,0.00
randomArrays.txt,3,656,0.005220,0.000000,0.00
randomArrays.txt,1,411,0.002381,0.000000,0.00
randomArrays.txt,2,411,0.002422,0.000000,0.00
randomArrays.txt,3,411,0.002420,0.015625,0.00
randomArrays.txt,1,361,0.002539,0.015625,0.00
randomArrays.txt,2,361,0.002541,0.000000,0.00
randomArrays.txt,3,361,0.001540,0.000000,0.00
randomArrays.txt,1,994,0.007681,0.000000,0.00
randomArrays.txt,2,994,0.008874,0.015625,0.00
randomArrays.txt,3,994,0.005441,0.000000,0.00
randomArrays.txt,1,416,0.002868,0.000000,0.00
randomArrays.txt,2,416,0.002476,0.000000,0.00
randomArrays.txt,3,416,0.002858,0.015625,0.00
randomArrays.txt,1,966,0.008311,0.015625,0.00
randomArrays.txt,2,966,0.009077,0.000000,0.00
randomArrays.txt,3,966,0.004701,0.015625,0.00
randomArrays.txt,1,92,0.000466,0.000000,0.00
randomArrays.txt,2,92,0.000468,0.000000,0.00
randomArrays.txt,3,92,0.000461,0.000000,0.00
randomArrays.txt,1,429,0.003235,0.000000,0.00
randomArrays.txt,2,429,0.003254,0.015625,0.00
randomArrays.txt,3,429,0.003268,0.000000,0.00
randomArrays.txt,1,658,0.005362,0.000000,0.00
randomArrays.txt,2,658,0.006151,0.000000,0.00
randomArrays.txt,3,658,0.008819,0.000000,0.00
randomArrays.txt,1,877,0.006934,0.000000,0.00
randomArrays.txt,2,877,0.006926,0.000000,0.00
randomArrays.txt,3,877,0.003393,0.015625,0.00
randomArrays.txt,1,780,0.005766,0.000000,0.00
randomArrays.txt,2,780,0.006063,0.000000,0.00
randomArrays.txt,3,780,0.006094,0.015625,0.00
randomArrays.txt,1,669,0.005464,0.000000,0.00
randomArrays.txt,2,669,0.004611,0.015625,0.00
randomArrays.txt,3,669,0.005284,0.000000,0.00
randomArrays.txt,1,394,0.002479,0.015625,0.00
randomArrays.txt,2,394,0.002901,0.000000,0.00
randomArrays.txt,3,394,0.002916,0.000000,0.00
randomArrays.txt,1,892,0.010463,0.015625,0.00
randomArrays.txt,2,892,0.007249,0.000000,0.00
randomArrays.txt,3,892,0.010066,0.015625,0.00
randomArrays.txt,1,180,0.003043,0.000000,0.00
randomArrays.txt,2,180,0.001385,0.000000,0.00
randomArrays.txt,3,180,0.001222,0.000000,0.00
randomArrays.txt,1,829,0.009955,0.015625,0.00
randomArrays.txt,2,829,0.009978,0.015625,0.00
randomArrays.txt,3,829,0.007906,0.000000,0.00
randomArrays.txt,1,255,0.001407,0.000000,0.00
randomArrays.txt,2,255,0.001535,0.000000,0.00
randomArrays.txt,3,255,0.001658,0.015625,0.00
randomArrays.txt,1,374,0.002703,0.000000,0.00
randomArrays.txt,2,374,0.002972,0.015625,0.00
randomArrays.txt,3,374,0.002678,0.000000,0.00
randomArrays.txt,1,37,0.000122,0.000000,0.00
randomArrays.txt,2,37,0.000128,0.000000,0.00
randomArrays.txt,3,37,0.000178,0.000000,0.00
randomArrays.txt,1,919,0.007019,0.000000,0.00
randomArrays.txt,2,919,0.007398,0.000000,0.00
randomArrays.txt,3,919,0.004912,0.015625,0.00
randomArrays.txt,1,850,0.005934,0.015625,0.00
randomArrays.txt,2,850,0.006941,0.000000,0.00
randomArrays.txt,3,850,0.008033,0.015625,0.00
randomArrays.txt,1,930,0.009597,0.015625,0.00
randomArrays.txt,2,930,0.005597,0.000000,0.00
randomArrays.txt,3,930,0.009551,0.015625,0.00
randomArrays.txt,1,419,0.003036,0.015625,0.00
randomArrays.txt,2,419,0.003075,0.000000,0.00
randomArrays.txt,3,419,0.003085,0.000000,0.00
randomArrays.txt,1,720,0.003933,0.015625,0.00
randomArrays.txt,2,720,0.002944,0.000000,0.00
randomArrays.txt,3,720,0.005303,0.000000,0.00
randomArrays.txt,1,378,0.002357,0.000000,0.00
randomArrays.txt,2,378,0.002337,0.000000,0.00
randomArrays.txt,3,378,0.003929,0.015625,0.00
randomArrays.txt,1,815,0.006122,0.015625,0.00
randomArrays.txt,2,815,0.006449,0.000000,0.00
randomArrays.txt,3,815,0.006414,0.015625,0.00
randomArrays.txt,1,566,0.005813,0.015625,0.00
randomArrays.txt,2,566,0.010637,0.000000,0.00
randomArrays.txt,3,566,0.010721,0.015625,0.00
randomArrays.txt,1,623,0.009729,0.015625,0.00
randomArrays.txt,2,623,0.007310,0.000000,0.00
randomArrays.txt,3,623,0.005700,0.015625,0.00
randomArrays.txt,1,597,0.004498,0.000000,0.00
randomArrays.txt,2,597,0.003265,0.000000,0.00
randomArrays.txt,3,597,0.004644,0.000000,0.00
randomArrays.txt,1,148,0.001018,0.000000,0.00
randomArrays.txt,2,148,0.001224,0.000000,0.00
randomArrays.txt,3,148,0.001002,0.000000,0.00
randomArrays.txt,1,580,0.004286,0.015625,0.00
randomArrays.txt,2,580,0.002970,0.000000,0.00
randomArrays.txt,3,580,0.004244,0.000000,0.00
randomArrays.txt,1,244,0.001543,0.000000,0.00
randomArrays.txt,2,244,0.001540,0.000000,0.00
randomArrays.txt,3,244,0.001528,0.000000,0.00
randomArrays.txt,1,703,0.005454,0.015625,0.00
randomArrays.txt,2,703,0.005446,0.000000,0.00
randomArrays.txt,3,703,0.003999,0.000000,0.00
randomArrays.txt,1,743,0.006906,0.000000,0.00
randomArrays.txt,2,743,0.006884,0.015625,0.00
randomArrays.txt,3,743,0.006868,0.000000,0.00
randomArrays.txt,1,923,0.008513,0.015625,0.00
randomArrays.txt,2,923,0.008087,0.015625,0.00
randomArrays.txt,3,923,0.007241,0.000000,0.00
randomArrays.txt,1,284,0.001778,0.000000,0.00
randomArrays.txt,2,284,0.001785,0.000000,0.00
randomArrays.txt,3,284,0.002097,0.000000,0.00
randomArrays.txt,1,35,0.000139,0.000000,0.00
randomArrays.txt,2,35,0.000145,0.000000,0.00
randomArrays.txt,3,35,0.000139,0.000000,0.00
randomArrays.txt,1,941,0.007662,0.000000,0.00
randomArrays.txt,2,941,0.008583,0.015625,0.00
randomArrays.txt,3,941,0.007407,0.015625,0.00
randomArrays.txt,1,39,0.000117,0.000000,0.00
randomArrays.txt,2,39,0.000218,0.000000,0.00
randomArrays.txt,3,39,0.000131,0.000000,0.00
randomArrays.txt,1,276,0.002699,0.000000,0.00
randomArrays.txt,2,276,0.001580,0.015625,0.00
randomArrays.txt,3,276,0.002961,0.000000,0.00
randomArrays.txt,1,494,0.003475,0.000000,0.00
randomArrays.txt,2,494,0.003268,0.000000,0.00
randomArrays.txt,3,494,0.003568,0.000000,0.00
randomArrays.txt,1,547,0.004211,0.000000,0.00
randomArrays.txt,2,547,0.004324,0.000000,0.00
randomArrays.txt,3,547,0.004176,0.015625,0.00
randomArrays.txt,1,837,0.007451,0.015625,0.00
randomArrays.txt,2,837,0.005968,0.000000,0.00
randomArrays.txt,3,837,0.007378,0.015625,0.00
randomArrays.txt,1,183,0.001018,0.000000,0.00
randomArrays.txt,2,183,0.001017,0.000000,0.00
randomArrays.txt,3,183,0.001159,0.000000,0.00
randomArrays.txt,1,360,0.002301,0.000000,0.00
randomArrays.txt,2,360,0.002656,0.000000,0.00
randomArrays.txt,3,360,0.002306,0.000000,0.00
randomArrays.txt,1,627,0.010188,0.015625,0.00
randomArrays.txt,2,627,0.008764,0.000000,0.00
randomArrays.txt,3,627,0.006232,0.015625,0.00
randomArrays.txt,1,833,0.006792,0.000000,0.00
randomArrays.txt,2,833,0.008248,0.015625,0.00
randomArrays.txt,3,833,0.008233,0.000000,0.00
randomArrays.txt,1,491,0.003891,0.000000,0.00
randomArrays.txt,2,491,0.003908,0.015625,0.00
randomArrays.txt,3,491,0.003892,0.000000,0.00
randomArrays.txt,1,623,0.005036,0.015625,0.00
randomArrays.txt,2,623,0.004928,0.000000,0.00
randomArrays.txt,3,623,0.004978,0.000000,0.00
randomArrays.txt,1,850,0.003217,0.000000,0.00
randomArrays.txt,2,850,0.003179,0.000000,0.00
randomArrays.txt,3,850,0.006803,0.000000,0.00
randomArrays.txt,1,35,0.000122,0.000000,0.00
randomArrays.txt,2,35,0.000176,0.000000,0.00
randomArrays.txt,3,35,0.000122,0.000000,0.00
randomArrays.txt,1,584,0.003868,0.015625,0.00
randomArrays.txt,2,584,0.004495,0.000000,0.00
randomArrays.txt,3,584,0.004026,0.000000,0.00
randomArrays.txt,1,34,0.000200,0.000000,0.00
randomArrays.txt,2,34,0.000144,0.000000,0.00
randomArrays.txt,3,34,0.000142,0.000000,0.00
randomArrays.txt,1,335,0.002204,0.000000,0.00
randomArrays.txt,2,335,0.002205,0.015625,0.00
randomArrays.txt,3,335,0.001542,0.000000,0.00
randomArrays.txt,1,145,0.000927,0.000000,0.00
randomArrays.txt,2,145,0.001528,0.000000,0.00
randomArrays.txt,3,145,0.001419,0.015625,0.00
randomArrays.txt,1,61,0.000419,0.000000,0.00
randomArrays.txt,2,61,0.000423,0.000000,0.00
randomArrays.txt,3,61,0.000423,0.000000,0.00
randomArrays.txt,1,88,0.000750,0.000000,0.00
randomArrays.txt,2,88,0.000748,0.000000,0.00
randomArrays.txt,3,88,0.000743,0.000000,0.00
randomArrays.txt,1,442,0.003213,0.000000,0.00
randomArrays.txt,2,442,0.003278,0.000000,0.00
randomArrays.txt,3,442,0.001751,0.000000,0.00
randomArrays.txt,1,729,0.006190,0.015625,0.00
randomArrays.txt,2,729,0.006184,0.000000,0.00
randomArrays.txt,3,729,0.005025,0.015625,0.00
randomArrays.txt,1,312,0.002105,0.000000,0.00
randomArrays.txt,2,312,0.002116,0.000000,0.00
randomArrays.txt,3,312,0.002037,0.000000,0.00
randomArrays.txt,1,620,0.004724,0.000000,0.00
randomArrays.txt,2,620,0.004718,0.015625,0.00
randomArrays.txt,3,620,0.002538,0.000000,0.00
randomArrays.txt,1,77,0.000371,0.000000,0.00
randomArrays.txt,2,77,0.000372,0.000000,0.00
randomArrays.txt,3,77,0.000369,0.000000,0.00
randomArrays.txt,1,784,0.006795,0.000000,0.00
randomArrays.txt,2,784,0.009596,0.015625,0.00
randomArrays.txt,3,784,0.008336,0.000000,0.00
randomArrays.txt,1,720,0.005426,0.000000,0.00
randomArrays.txt,2,720,0.003206,0.000000,0.00
randomArrays.txt,3,720,0.005440,0.000000,0.00
randomArrays.txt,1,796,0.007038,0.000000,0.00
randomArrays.txt,2,796,0.007270,0.015625,0.00
randomArrays.txt,3,796,0.005562,0.000000,0.00
randomArrays.txt,1,81,0.000366,0.000000,0.00
randomArrays.txt,2,81,0.000533,0.000000,0.00
randomArrays.txt,3,81,0.000341,0.000000,0.00
randomArrays.txt,1,900,0.007722,0.000000,0.00
randomArrays.txt,2,900,0.006385,0.015625,0.00
randomArrays.txt,3,900,0.007708,0.000000,0.00
randomArrays.txt,1,570,0.002549,0.015625,0.00
randomArrays.txt,2,570,0.003421,0.000000,0.00
randomArrays.txt,3,570,0.005103,0.000000,0.00
randomArrays.txt,1,749,0.004936,0.000000,0.00
randomArrays.txt,2,749,0.006238,0.000000,0.00
randomArrays.txt,3,749,0.004814,0.015625,0.00
randomArrays.txt,1,723,0.006070,0.000000,0.00
randomArrays.txt,2,723,0.003795,0.000000,0.00
randomArrays.txt,3,723,0.006738,0.015625,0.00
randomArrays.txt,1,54,0.000480,0.000000,0.00
randomArrays.txt,2,54,0.000351,0.000000,0.00
randomArrays.txt,3,54,0.000242,0.000000,0.00
randomArrays.txt,1,261,0.001620,0.000000,0.00
randomArrays.txt,2,261,0.002451,0.000000,0.00
randomArrays.txt,3,261,0.001194,0.000000,0.00
randomArrays.txt,1,831,0.006710,0.000000,0.00
randomArrays.txt,2,831,0.006658,0.015625,0.00
randomArrays.txt,3,831,0.004380,0.000000,0.00
randomArrays.txt,1,133,0.000718,0.000000,0.00
randomArrays.txt,2,133,0.000712,0.015625,0.00
randomArrays.txt,3,133,0.000707,0.000000,0.00
randomArrays.txt,1,165,0.001144,0.000000,0.00
randomArrays.txt,2,165,0.000960,0.000000,0.00
randomArrays.txt,3,165,0.000936,0.000000,0.00
randomArrays.txt,1,441,0.003188,0.000000,0.00
randomArrays.txt,2,441,0.003185,0.000000,0.00
randomArrays.txt,3,441,0.003407,0.000000,0.00
randomArrays.txt,1,782,0.003572,0.000000,0.00
randomArrays.txt,2,782,0.005740,0.015625,0.00
randomArrays.txt,3,782,0.006380,0.000000,0.00
randomArrays.txt,1,384,0.002686,0.000000,0.00
randomArrays.txt,2,384,0.003756,0.000000,0.00
randomArrays.txt,3,384,0.001624,0.000000,0.00
randomArrays.txt,1,283,0.001777,0.000000,0.00
randomArrays.txt,2,283,0.001774,0.000000,0.00
randomArrays.txt,3,283,0.001769,0.000000,0.00
randomArrays.txt,1,71,0.000337,0.000000,0.00
randomArrays.txt,2,71,0.000347,0.000000,0.00
randomArrays.txt,3,71,0.000349,0.000000,0.00
randomArrays.txt,1,374,0.002595,0.000000,0.00
randomArrays.txt,2,374,0.001846,0.000000,0.00
randomArrays.txt,3,374,0.001451,0.000000,0.00
randomArrays.txt,1,204,0.001759,0.000000,0.00
randomArrays.txt,2,204,0.001185,0.000000,0.00
randomArrays.txt,3,204,0.001149,0.000000,0.00
randomArrays.txt,1,437,0.004149,0.000000,0.00
randomArrays.txt,2,437,0.002182,0.000000,0.00
randomArrays.txt,3,437,0.002232,0.000000,0.00
randomArrays.txt,1,662,0.005375,0.015625,0.00
randomArrays.txt,2,662,0.005317,0.000000,0.00
randomArrays.txt,3,662,0.005162,0.015625,0.00
randomArrays.txt,1,821,0.004865,0.000000,0.00
randomArrays.txt,2,821,0.006515,0.015625,0.00
randomArrays.txt,3,821,0.004988,0.000000,0.00
randomArrays.txt,1,198,0.001825,0.015625,0.00
randomArrays.txt,2,198,0.001123,0.000000,0.00
randomArrays.txt,3,198,0.001121,0.000000,0.00
randomArrays.txt,1,776,0.004510,0.000000,0.00
randomArrays.txt,2,776,0.006334,0.015625,0.00
randomArrays.txt,3,776,0.006374,0.000000,0.00
randomArrays.txt,1,124,0.000976,0.000000,0.00
randomArrays.txt,2,124,0.000637,0.015625,0.00
randomArrays.txt,3,124,0.000632,0.000000,0.00
randomArrays.txt,1,202,0.000910,0.000000,0.00
randomArrays.txt,2,202,0.001207,0.000000,0.00
randomArrays.txt,3,202,0.001225,0.000000,0.00
randomArrays.txt,1,806,0.006785,0.015625,0.00
randomArrays.txt,2,806,0.005370,0.000000,0.00
randomArrays.txt,3,806,0.003709,0.015625,0.00
randomArrays.txt,1,448,0.002358,0.000000,0.00
randomArrays.txt,2,448,0.003649,0.000000,0.00
randomArrays.txt,3,448,0.002268,0.000000,0.00
randomArrays.txt,1,383,0.002658,0.000000,0.00
randomArrays.txt,2,383,0.003048,0.000000,0.00
randomArrays.txt,3,383,0.002696,0.000000,0.00
randomArrays.txt,1,992,0.008488,0.015625,0.00
randomArrays.txt,2,992,0.008199,0.000000,0.00
randomArrays.txt,3,992,0.007693,0.015625,0.00
randomArrays.txt,1,714,0.005753,0.000000,0.00
randomArrays.txt,2,714,0.005445,0.015625,0.00
randomArrays.txt,3,714,0.005749,0.000000,0.00
randomArrays.txt,1,528,0.003912,0.000000,0.00
randomArrays.txt,2,528,0.003915,0.000000,0.00
randomArrays.txt,3,528,0.004054,0.015625,0.00
randomArrays.txt,1,137,0.001147,0.000000,0.00
randomArrays.txt,2,137,0.001195,0.000000,0.00
randomArrays.txt,3,137,0.000875,0.000000,0.00
randomArrays.txt,1,122,0.001010,0.000000,0.00
randomArrays.txt,2,122,0.000553,0.000000,0.00
randomArrays.txt,3,122,0.000710,0.000000,0.00
randomArrays.txt,1,883,0.007115,0.000000,0.00
randomArrays.txt,2,883,0.007154,0.015625,0.00
randomArrays.txt,3,883,0.007237,0.000000,0.00
randomArrays.txt,1,614,0.004785,0.000000,0.00
randomArrays.txt,2,614,0.003030,0.000000,0.00
randomArrays.txt,3,614,0.004831,0.000000,0.00
randomArrays.txt,1,841,0.004049,0.000000,0.00
randomArrays.txt,2,841,0.007445,0.015625,0.00
randomArrays.txt,3,841,0.007902,0.000000,0.00
randomArrays.txt,1,471,0.003561,0.000000,0.00
randomArrays.txt,2,471,0.004290,0.000000,0.00
randomArrays.txt,3,471,0.002356,0.000000,0.00
randomArrays.txt,1,871,0.007440,0.000000,0.00
randomArrays.txt,2,871,0.007392,0.000000,0.00
randomArrays.txt,3,871,0.007447,0.015625,0.00
randomArrays.txt,1,938,0.008387,0.000000,0.00
randomArrays.txt,2,938,0.008398,0.015625,0.00
randomArrays.txt,3,938,0.004385,0.000000,0.00
randomArrays.txt,1,238,0.001407,0.000000,0.00
randomArrays.txt,2,238,0.001340,0.000000,0.00
randomArrays.txt,3,238,0.001318,0.015625,0.00
randomArrays.txt,1,772,0.003347,0.000000,0.00
randomArrays.txt,2,772,0.006945,0.015625,0.00
randomArrays.txt,3,772,0.006708,0.000000,0.00
randomArrays.txt,1,334,0.001923,0.000000,0.00
randomArrays.txt,2,334,0.002327,0.000000,0.00
randomArrays.txt,3,334,0.002120,0.000000,0.00
randomArrays.txt,1,274,0.001888,0.000000,0.00
randomArrays.txt,2,274,0.001889,0.000000,0.00
randomArrays.txt,3,274,0.001907,0.000000,0.00
randomArrays.txt,1,385,0.003229,0.000000,0.00
randomArrays.txt,2,385,0.003190,0.000000,0.00
randomArrays.txt,3,385,0.002109,0.015625,0.00
randomArrays.txt,1,455,0.003447,0.015625,0.00
randomArrays.txt,2,455,0.003477,0.000000,0.00
randomArrays.txt,3,455,0.003534,0.000000,0.00
randomArrays.txt,1,202,0.001352,0.000000,0.00
randomArrays.txt,2,202,0.001369,0.000000,0.00
randomArrays.txt,3,202,0.001338,0.000000,0.00
randomArrays.txt,1,349,0.002987,0.015625,0.00
randomArrays.txt,2,349,0.002880,0.000000,0.00
randomArrays.txt,3,349,0.002880,0.000000,0.00
randomArrays.txt,1,170,0.001021,0.000000,0.00
randomArrays.txt,2,170,0.001030,0.000000,0.00
randomArrays.txt,3,170,0.001043,0.000000,0.00
randomArrays.txt,1,365,0.002379,0.000000,0.00
randomArrays.txt,2,365,0.002546,0.000000,0.00
randomArrays.txt,3,365,0.002156,0.000000,0.00
randomArrays.txt,1,921,0.004833,0.015625,0.00
randomArrays.txt,2,921,0.005105,0.000000,0.00
randomArrays.txt,3,921,0.005899,0.015625,0.00
randomArrays.txt,1,368,0.003786,0.000000,0.00
randomArrays.txt,2,368,0.003414,0.000000,0.00
randomArrays.txt,3,368,0.002648,0.000000,0.00
randomArrays.txt,1,851,0.005511,0.015625,0.00
randomArrays.txt,2,851,0.006839,0.000000,0.00
randomArrays.txt,3,851,0.006854,0.015625,0.00
randomArrays.txt,1,736,0.011013,0.000000,0.00
randomArrays.txt,2,736,0.012946,0.000000,0.00
randomArrays.txt,3,736,0.008159,0.015625,0.00
randomArrays.txt,1,64,0.000420,0.000000,0.00
randomArrays.txt,2,64,0.000433,0.000000,0.00
randomArrays.txt,3,64,0.000370,0.000000,0.00
randomArrays.txt,1,371,0.003976,0.000000,0.00
randomArrays.txt,2,371,0.001901,0.000000,0.00
randomArrays.txt,3,371,0.002128,0.000000,0.00
randomArrays.txt,1,962,0.008367,0.000000,0.00
randomArrays.txt,2,962,0.004855,0.015625,0.00
randomArrays.txt,3,962,0.008322,0.000000,0.00
randomArrays.txt,1,758,0.006450,0.000000,0.00
randomArrays.txt,2,758,0.006544,0.015625,0.00
randomArrays.txt,3,758,0.003782,0.000000,0.00
randomArrays.txt,1,565,0.004425,0.000000,0.00
randomArrays.txt,2,565,0.004432,0.000000,0.00
randomArrays.txt,3,565,0.003323,0.015625,0.00
randomArrays.txt,1,246,0.001566,0.000000,0.00
randomArrays.txt,2,246,0.001624,0.015625,0.00
randomArrays.txt,3,246,0.001666,0.000000,0.00
randomArrays.txt,1,390,0.002706,0.000000,0.00
randomArrays.txt,2,390,0.002703,0.000000,0.00
randomArrays.txt,3,390,0.002740,0.015625,0.00
randomArrays.txt,1,833,0.007351,0.000000,0.00
randomArrays.txt,2,833,0.007131,0.015625,0.00
randomArrays.txt,3,833,0.007137,0.000000,0.00
randomArrays.txt,1,359,0.002380,0.000000,0.00
randomArrays.txt,2,359,0.002377,0.015625,0.00
randomArrays.txt,3,359,0.002362,0.000000,0.00
randomArrays.txt,1,647,0.004732,0.015625,0.00
randomArrays.txt,2,647,0.002638,0.000000,0.00
randomArrays.txt,3,647,0.003358,0.000000,0.00
randomArrays.txt,1,830,0.008779,0.015625,0.00
randomArrays.txt,2,830,0.008111,0.000000,0.00
randomArrays.txt,3,830,0.003258,0.000000,0.00
randomArrays.txt,1,790,0.006722,0.000000,0.00
randomArrays.txt,2,790,0.006734,0.015625,0.00
randomArrays.txt,3,790,0.006784,0.000000,0.00
randomArrays.txt,1,789,0.006346,0.015625,0.00
randomArrays.txt,2,789,0.006300,0.000000,0.00
randomArrays.txt,3,789,0.006366,0.015625,0.00
randomArrays.txt,1,33,0.000178,0.000000,0.00
randomArrays.txt,2,33,0.000128,0.000000,0.00
randomArrays.txt,3,33,0.000176,0.000000,0.00
randomArrays.txt,1,324,0.002452,0.000000,0.00
randomArrays.txt,2,324,0.002093,0.015625,0.00
randomArrays.txt,3,324,0.002090,0.000000,0.00
randomArrays.txt,1,460,0.003549,0.015625,0.00
randomArrays.txt,2,460,0.003537,0.000000,0.00
randomArrays.txt,3,460,0.002352,0.000000,0.00
randomArrays.txt,1,660,0.005933,0.015625,0.00
randomArrays.txt,2,660,0.006119,0.000000,0.00
randomArrays.txt,3,660,0.007142,0.000000,0.00
randomArrays.txt,1,553,0.004414,0.015625,0.00
randomArrays.txt,2,553,0.003281,0.000000,0.00
randomArrays.txt,3,553,0.004428,0.000000,0.00
randomArrays.txt,1,181,0.001071,0.000000,0.00
randomArrays.txt,2,181,0.001072,0.000000,0.00
randomArrays.txt,3,181,0.001071,0.000000,0.00
randomArrays.txt,1,106,0.000532,0.000000,0.00
randomArrays.txt,2,106,0.000533,0.000000,0.00
randomArrays.txt,3,106,0.000556,0.015625,0.00
randomArrays.txt,1,198,0.001092,0.000000,0.00
randomArrays.txt,2,198,0.000948,0.000000,0.00
randomArrays.txt,3,198,0.001573,0.000000,0.00
randomArrays.txt,1,795,0.003330,0.000000,0.00
randomArrays.txt,2,795,0.006503,0.015625,0.00
randomArrays.txt,3,795,0.006017,0.000000,0.00
randomArrays.txt,1,149,0.000702,0.000000,0.00
randomArrays.txt,2,149,0.000779,0.000000,0.00
randomArrays.txt,3,149,0.000786,0.000000,0.00
randomArrays.txt,1,42,0.000174,0.000000,0.00
randomArrays.txt,2,42,0.000175,0.000000,0.00
randomArrays.txt,3,42,0.000254,0.000000,0.00
randomArrays.txt,1,538,0.004056,0.000000,0.00
randomArrays.txt,2,538,0.004069,0.000000,0.00
randomArrays.txt,3,538,0.004073,0.015625,0.00
randomArrays.txt,1,405,0.002313,0.015625,0.00
randomArrays.txt,2,405,0.002801,0.000000,0.00
randomArrays.txt,3,405,0.002783,0.000000,0.00
randomArrays.txt,1,741,0.005815,0.000000,0.00
randomArrays.txt,2,741,0.005829,0.015625,0.00
randomArrays.txt,3,741,0.005849,0.000000,0.00
randomArrays.txt,1,88,0.000644,0.000000,0.00
randomArrays.txt,2,88,0.000510,0.000000,0.00
randomArrays.txt,3,88,0.000592,0.000000,0.00
randomArrays.txt,1,896,0.011095,0.015625,0.00
randomArrays.txt,2,896,0.004561,0.000000,0.00
randomArrays.txt,3,896,0.009571,0.015625,0.00
randomArrays.txt,1,574,0.004573,0.000000,0.00
randomArrays.txt,2,574,0.004774,0.000000,0.00
randomArrays.txt,3,574,0.004815,0.000000,0.00
randomArrays.txt,1,34,0.000127,0.000000,0.00
randomArrays.txt,2,34,0.000133,0.000000,0.00
randomArrays.txt,3,34,0.000159,0.015625,0.00
randomArrays.txt,1,83,0.000407,0.000000,0.00
randomArrays.txt,2,83,0.000411,0.000000,0.00
randomArrays.txt,3,83,0.000299,0.015625,0.00
randomArrays.txt,1,311,0.001753,0.015625,0.00
randomArrays.txt,2,311,0.002150,0.000000,0.00
randomArrays.txt,3,311,0.002149,0.000000,0.00
randomArrays.txt,1,168,0.001056,0.000000,0.00
randomArrays.txt,2,168,0.001054,0.000000,0.00
randomArrays.txt,3,168,0.001058,0.000000,0.00
randomArrays.txt,1,720,0.006154,0.000000,0.00
randomArrays.txt,2,720,0.006166,0.000000,0.00
randomArrays.txt,3,720,0.006129,0.015625,0.00
randomArrays.txt,1,499,0.003622,0.000000,0.00
randomArrays.txt,2,499,0.003608,0.000000,0.00
randomArrays.txt,3,499,0.003592,0.000000,0.00
randomArrays.txt,1,280,0.002044,0.000000,0.00
randomArrays.txt,2,280,0.001865,0.000000,0.00
randomArrays.txt,3,280,0.001805,0.000000,0.00
randomArrays.txt,1,960,0.007080,0.000000,0.00
randomArrays.txt,2,960,0.005830,0.015625,0.00
randomArrays.txt,3,960,0.004796,0.000000,0.00
randomArrays.txt,1,351,0.002522,0.000000,0.00
randomArrays.txt,2,351,0.002540,0.000000,0.00
randomArrays.txt,3,351,0.002061,0.000000,0.00
randomArrays.txt,1,840,0.007070,0.000000,0.00
randomArrays.txt,2,840,0.007136,0.015625,0.00
randomArrays.txt,3,840,0.007198,0.000000,0.00
randomArrays.txt,1,826,0.007104,0.015625,0.00
randomArrays.txt,2,826,0.006044,0.000000,0.00
randomArrays.txt,3,826,0.004847,0.000000,0.00
randomArrays.txt,1,780,0.006142,0.015625,0.00
randomArrays.txt,2,780,0.006149,0.000000,0.00
randomArrays.txt,3,780,0.006233,0.015625,0.00
randomArrays.txt,1,592,0.004535,0.000000,0.00
randomArrays.txt,2,592,0.004662,0.015625,0.00
randomArrays.txt,3,592,0.004532,0.000000,0.00
randomArrays.txt,1,601,0.004971,0.000000,0.00
randomArrays.txt,2,601,0.004923,0.000000,0.00
randomArrays.txt,3,601,0.004919,0.015625,0.00
randomArrays.txt,1,924,0.006514,0.015625,0.00
randomArrays.txt,2,924,0.006625,0.000000,0.00
randomArrays.txt,3,924,0.007872,0.015625,0.00
randomArrays.txt,1,630,0.005313,0.015625,0.00
randomArrays.txt,2,630,0.005346,0.000000,0.00
randomArrays.txt,3,630,0.005347,0.015625,0.00
randomArrays.txt,1,738,0.005811,0.000000,0.00
randomArrays.txt,2,738,0.005821,0.015625,0.00
randomArrays.txt,3,738,0.005813,0.000000,0.00
randomArrays.txt,1,43,0.000155,0.000000,0.00
randomArrays.txt,2,43,0.000160,0.000000,0.00
randomArrays.txt,3,43,0.000155,0.000000,0.00
randomArrays.txt,1,546,0.004230,0.000000,0.00
randomArrays.txt,2,546,0.002645,0.000000,0.00
randomArrays.txt,3,546,0.004178,0.015625,0.00
randomArrays.txt,1,118,0.000604,0.000000,0.00
randomArrays.txt,2,118,0.000601,0.000000,0.00
randomArrays.txt,3,118,0.000598,0.000000,0.00
randomArrays.txt,1,812,0.006840,0.015625,0.00
randomArrays.txt,2,812,0.006897,0.000000,0.00
randomArrays.txt,3,812,0.005502,0.015625,0.00
randomArrays.txt,1,636,0.008040,0.015625,0.00
randomArrays.txt,2,636,0.012563,0.015625,0.00
randomArrays.txt,3,636,0.006235,0.015625,0.00
randomArrays.txt,1,253,0.002583,0.000000,0.00
randomArrays.txt,2,253,0.003377,0.015625,0.00
randomArrays.txt,3,253,0.002009,0.000000,0.00
randomArrays.txt,1,443,0.003477,0.015625,0.00
randomArrays.txt,2,443,0.003469,0.000000,0.00
randomArrays.txt,3,443,0.003682,0.000000,0.00
randomArrays.txt,1,292,0.001901,0.000000,0.00
randomArrays.txt,2,292,0.001888,0.000000,0.00
randomArrays.txt,3,292,0.001910,0.000000,0.00
randomArrays.txt,1,723,0.003504,0.015625,0.00
randomArrays.txt,2,723,0.002736,0.000000,0.00
randomArrays.txt,3,723,0.005532,0.000000,0.00
randomArrays.txt,1,398,0.003051,0.000000,0.00
randomArrays.txt,2,398,0.003064,0.015625,0.00
randomArrays.txt,3,398,0.002927,0.000000,0.00
randomArrays.txt,1,368,0.042635,0.015625,0.00
randomArrays.txt,2,368,0.003884,0.000000,0.00
randomArrays.txt,3,368,0.002257,0.000000,0.00
randomArrays.txt,1,534,0.002804,0.000000,0.00
randomArrays.txt,2,534,0.006415,0.015625,0.00
randomArrays.txt,3,534,0.006619,0.000000,0.00
randomArrays.txt,1,899,0.008267,0.000000,0.00
randomArrays.txt,2,899,0.008200,0.015625,0.00
randomArrays.txt,3,899,0.007186,0.015625,0.00
randomArrays.txt,1,137,0.034021,0.000000,0.00
randomArrays.txt,2,137,0.001090,0.000000,0.00
randomArrays.txt,3,137,0.001110,0.000000,0.00
randomArrays.txt,1,187,0.001469,0.000000,0.00
randomArrays.txt,2,187,0.001379,0.000000,0.00
randomArrays.txt,3,187,0.001342,0.015625,0.00
randomArrays.txt,1,164,0.000943,0.000000,0.00
randomArrays.txt,2,164,0.000940,0.000000,0.00
randomArrays.txt,3,164,0.000941,0.000000,0.00
randomArrays.txt,1,735,0.010732,0.000000,0.00
randomArrays.txt,2,735,0.004829,0.000000,0.00
randomArrays.txt,3,735,0.003685,0.000000,0.00
randomArrays.txt,1,524,0.002790,0.000000,0.00
randomArrays.txt,2,524,0.004476,0.015625,0.00
randomArrays.txt,3,524,0.004468,0.000000,0.00
randomArrays.txt,1,512,0.002519,0.000000,0.00
randomArrays.txt,2,512,0.004186,0.000000,0.00
randomArrays.txt,3,512,0.004049,0.000000,0.00
randomArrays.txt,1,15,0.000063,0.000000,0.00
randomArrays.txt,2,15,0.000055,0.000000,0.00
randomArrays.txt,3,15,0.000064,0.000000,0.00
randomArrays.txt,1,737,0.005001,0.000000,0.00
randomArrays.txt,2,737,0.005025,0.000000,0.00
randomArrays.txt,3,737,0.003648,0.000000,0.00
randomArrays.txt,1,616,0.003997,0.000000,0.00
randomArrays.txt,2,616,0.003239,0.000000,0.00
randomArrays.txt,3,616,0.002593,0.015625,0.00
randomArrays.txt,1,349,0.002254,0.000000,0.00
randomArrays.txt,2,349,0.002333,0.000000,0.00
randomArrays.txt,3,349,0.002168,0.015625,0.00
randomArrays.txt,1,645,0.003408,0.000000,0.00
randomArrays.txt,2,645,0.004875,0.015625,0.00
randomArrays.txt,3,645,0.004865,0.000000,0.00
randomArrays.txt,1,502,0.003613,0.000000,0.00
randomArrays.txt,2,502,0.003661,0.000000,0.00
randomArrays.txt,3,502,0.003682,0.015625,0.00
randomArrays.txt,1,932,0.006754,0.000000,0.00
randomArrays.txt,2,932,0.007649,0.015625,0.00
randomArrays.txt,3,932,0.007953,0.000000,0.00
randomArrays.txt,1,778,0.003230,0.000000,0.00
randomArrays.txt,2,778,0.006214,0.000000,0.00
randomArrays.txt,3,778,0.006111,0.015625,0.00
randomArrays.txt,1,126,0.000739,0.000000,0.00
randomArrays.txt,2,126,0.000712,0.000000,0.00
randomArrays.txt,3,126,0.000804,0.000000,0.00
randomArrays.txt,1,836,0.006656,0.000000,0.00
randomArrays.txt,2,836,0.005203,0.015625,0.00
randomArrays.txt,3,836,0.009377,0.000000,0.00
randomArrays.txt,1,911,0.010608,0.015625,0.00
randomArrays.txt,2,911,0.007661,0.015625,0.00
randomArrays.txt,3,911,0.004529,0.000000,0.00
randomArrays.txt,1,265,0.001719,0.015625,0.00
randomArrays.txt,2,265,0.000985,0.000000,0.00
randomArrays.txt,3,265,0.001917,0.000000,0.00
randomArrays.txt,1,694,0.005817,0.015625,0.00
randomArrays.txt,2,694,0.005846,0.000000,0.00
randomArrays.txt,3,694,0.005799,0.015625,0.00
randomArrays.txt,1,188,0.001209,0.015625,0.00
randomArrays.txt,2,188,0.001204,0.000000,0.00
randomArrays.txt,3,188,0.001212,0.000000,0.00
randomArrays.txt,1,282,0.001807,0.000000,0.00
randomArrays.txt,2,282,0.002324,0.000000,0.00
randomArrays.txt,3,282,0.001896,0.015625,0.00
randomArrays.txt,1,347,0.002632,0.000000,0.00
randomArrays.txt,2,347,0.002344,0.015625,0.00
randomArrays.txt,3,347,0.002615,0.000000,0.00
randomArrays.txt,1,768,0.006205,0.015625,0.00
randomArrays.txt,2,768,0.006195,0.000000,0.00
randomArrays.txt,3,768,0.006209,0.015625,0.00
randomArrays.txt,1,778,0.006427,0.000000,0.00
randomArrays.txt,2,778,0.003189,0.000000,0.00
randomArrays.txt,3,778,0.006334,0.015625,0.00
randomArrays.txt,1,549,0.004456,0.000000,0.00
randomArrays.txt,2,549,0.004518,0.015625,0.00
randomArrays.txt,3,549,0.004610,0.000000,0.00
randomArrays.txt,1,12,0.000049,0.000000,0.00
randomArrays.txt,2,12,0.000056,0.000000,0.00
randomArrays.txt,3,12,0.000036,0.000000,0.00
randomArrays.txt,1,336,0.002402,0.000000,0.00
randomArrays.txt,2,336,0.002503,0.000000,0.00
randomArrays.txt,3,336,0.002408,0.000000,0.00
randomArrays.txt,1,949,0.007203,0.000000,0.00
randomArrays.txt,2,949,0.008329,0.000000,0.00
randomArrays.txt,3,949,0.008012,0.015625,0.00
randomArrays.txt,1,179,0.001045,0.000000,0.00
randomArrays.txt,2,179,0.001047,0.000000,0.00
randomArrays.txt,3,179,0.001044,0.000000,0.00
randomArrays.txt,1,634,0.005666,0.000000,0.00
randomArrays.txt,2,634,0.004153,0.000000,0.00
randomArrays.txt,3,634,0.005600,0.015625,0.00
randomArrays.txt,1,38,0.000142,0.000000,0.00
randomArrays.txt,2,38,0.000144,0.000000,0.00
randomArrays.txt,3,38,0.000145,0.000000,0.00
randomArrays.txt,1,123,0.000646,0.000000,0.00
randomArrays.txt,2,123,0.000649,0.000000,0.00
randomArrays.txt,3,123,0.000644,0.000000,0.00
randomArrays.txt,1,282,0.001809,0.000000,0.00
randomArrays.txt,2,282,0.001896,0.000000,0.00
randomArrays.txt,3,282,0.001353,0.015625,0.00
randomArrays.txt,1,452,0.003240,0.000000,0.00
randomArrays.txt,2,452,0.003289,0.000000,0.00
randomArrays.txt,3,452,0.003261,0.000000,0.00
randomArrays.txt,1,217,0.001542,0.000000,0.00
randomArrays.txt,2,217,0.001542,0.000000,0.00
randomArrays.txt,3,217,0.001995,0.000000,0.00
randomArrays.txt,1,629,0.005175,0.000000,0.00
randomArrays.txt,2,629,0.005166,0.015625,0.00
randomArrays.txt,3,629,0.005158,0.000000,0.00
randomArrays.txt,1,275,0.001909,0.000000,0.00
randomArrays.txt,2,275,0.001549,0.000000,0.00
randomArrays.txt,3,275,0.001985,0.015625,0.00
randomArrays.txt,1,66,0.000438,0.000000,0.00
randomArrays.txt,2,66,0.000200,0.000000,0.00
randomArrays.txt,3,66,0.000426,0.000000,0.00
randomArrays.txt,1,308,0.002968,0.000000,0.00
randomArrays.txt,2,308,0.002972,0.000000,0.00
randomArrays.txt,3,308,0.002995,0.000000,0.00
randomArrays.txt,1,809,0.007134,0.015625,0.00
randomArrays.txt,2,809,0.005868,0.000000,0.00
randomArrays.txt,3,809,0.010075,0.015625,0.00
randomArrays.txt,1,634,0.003966,0.015625,0.00
randomArrays.txt,2,634,0.009346,0.000000,0.00
randomArrays.txt,3,634,0.008029,0.000000,0.00
randomArrays.txt,1,478,0.004573,0.000000,0.00
randomArrays.txt,2,478,0.005340,0.015625,0.00
randomArrays.txt,3,478,0.003460,0.000000,0.00
randomArrays.txt,1,336,0.002741,0.000000,0.00
randomArrays.txt,2,336,0.001823,0.000000,0.00
randomArrays.txt,3,336,0.001470,0.015625,0.00
randomArrays.txt,1,672,0.004065,0.000000,0.00
randomArrays.txt,2,672,0.005804,0.000000,0.00
randomArrays.txt,3,672,0.005882,0.000000,0.00
randomArrays.txt,1,583,0.004255,0.015625,0.00
randomArrays.txt,2,583,0.004712,0.000000,0.00
randomArrays.txt,3,583,0.004660,0.000000,0.00
randomArrays.txt,1,413,0.002916,0.000000,0.00
randomArrays.txt,2,413,0.002904,0.000000,0.00
randomArrays.txt,3,413,0.002911,0.000000,0.00
randomArrays.txt,1,683,0.005919,0.000000,0.00
randomArrays.txt,2,683,0.004899,0.000000,0.00
randomArrays.txt,3,683,0.005900,0.015625,0.00
randomArrays.txt,1,463,0.002171,0.015625,0.00
randomArrays.txt,2,463,0.003785,0.000000,0.00
randomArrays.txt,3,463,0.002404,0.000000,0.00
randomArrays.txt,1,267,0.003861,0.000000,0.00
randomArrays.txt,2,267,0.003701,0.000000,0.00
randomArrays.txt,3,267,0.001565,0.000000,0.00
randomArrays.txt,1,73,0.000340,0.000000,0.00
randomArrays.txt,2,73,0.000245,0.000000,0.00
randomArrays.txt,3,73,0.000453,0.000000,0.00
randomArrays.txt,1,641,0.004576,0.015625,0.00
randomArrays.txt,2,641,0.004772,0.000000,0.00
randomArrays.txt,3,641,0.004857,0.000000,0.00
randomArrays.txt,1,827,0.005810,0.000000,0.00
randomArrays.txt,2,827,0.007612,0.015625,0.00
randomArrays.txt,3,827,0.005565,0.000000,0.00
randomArrays.txt,1,864,0.011110,0.000000,0.00
randomArrays.txt,2,864,0.006805,0.015625,0.00
randomArrays.txt,3,864,0.005981,0.000000,0.00
randomArrays.txt,1,672,0.004849,0.000000,0.00
randomArrays.txt,2,672,0.005774,0.000000,0.00
randomArrays.txt,3,672,0.004840,0.000000,0.00
randomArrays.txt,1,948,0.005559,0.000000,0.00
randomArrays.txt,2,948,0.006850,0.015625,0.00
randomArrays.txt,3,948,0.004249,0.000000,0.00
randomArrays.txt,1,523,0.001960,0.000000,0.00
randomArrays.txt,2,523,0.003785,0.000000,0.00
randomArrays.txt,3,523,0.002261,0.000000,0.00
randomArrays.txt,1,113,0.000951,0.000000,0.00
randomArrays.txt,2,113,0.000836,0.000000,0.00
randomArrays.txt,3,113,0.000885,0.000000,0.00
randomArrays.txt,1,855,0.005895,0.000000,0.00
randomArrays.txt,2,855,0.005738,0.000000,0.00
randomArrays.txt,3,855,0.005900,0.000000,0.00
randomArrays.txt,1,764,0.006515,0.000000,0.00
randomArrays.txt,2,764,0.006346,0.000000,0.00
randomArrays.txt,3,764,0.006366,0.000000,0.00
randomArrays.txt,1,559,0.004771,0.000000,0.00
randomArrays.txt,2,559,0.004711,0.015625,0.00
randomArrays.txt,3,559,0.004772,0.000000,0.00
randomArrays.txt,1,256,0.002433,0.000000,0.00
randomArrays.txt,2,256,0.002868,0.000000,0.00
randomArrays.txt,3,256,0.002127,0.000000,0.00
randomArrays.txt,1,861,0.006006,0.015625,0.00
randomArrays.txt,2,861,0.005818,0.000000,0.00
randomArrays.txt,3,861,0.005139,0.000000,0.00
randomArrays.txt,1,215,0.001236,0.000000,0.00
randomArrays.txt,2,215,0.001068,0.000000,0.00
randomArrays.txt,3,215,0.001325,0.000000,0.00
randomArrays.txt,1,610,0.004045,0.000000,0.00
randomArrays.txt,2,610,0.003443,0.000000,0.00
randomArrays.txt,3,610,0.003130,0.000000,0.00
randomArrays.txt,1,133,0.000872,0.000000,0.00
randomArrays.txt,2,133,0.000944,0.000000,0.00
randomArrays.txt,3,133,0.000765,0.000000,0.00
randomArrays.txt,1,721,0.006031,0.000000,0.00
randomArrays.txt,2,721,0.005915,0.015625,0.00
randomArrays.txt,3,721,0.005848,0.000000,0.00
randomArrays.txt,1,826,0.007028,0.000000,0.00
randomArrays.txt,2,826,0.007063,0.015625,0.00
randomArrays.txt,3,826,0.007009,0.000000,0.00
randomArrays.txt,1,732,0.004225,0.000000,0.00
randomArrays.txt,2,732,0.005724,0.015625,0.00
randomArrays.txt,3,732,0.003299,0.000000,0.00
randomArrays.txt,1,218,0.001013,0.000000,0.00
randomArrays.txt,2,218,0.000984,0.000000,0.00
randomArrays.txt,3,218,0.001210,0.000000,0.00
randomArrays.txt,1,897,0.007168,0.000000,0.00
randomArrays.txt,2,897,0.007185,0.015625,0.00
randomArrays.txt,3,897,0.007198,0.000000,0.00
randomArrays.txt,1,95,0.000506,0.000000,0.00
randomArrays.txt,2,95,0.000502,0.000000,0.00
randomArrays.txt,3,95,0.000510,0.000000,0.00
randomArrays.txt,1,596,0.004457,0.015625,0.00
randomArrays.txt,2,596,0.004485,0.000000,0.00
randomArrays.txt,3,596,0.004487,0.000000,0.00
randomArrays.txt,1,333,0.002171,0.000000,0.00
randomArrays.txt,2,333,0.002373,0.000000,0.00
randomArrays.txt,3,333,0.002141,0.000000,0.00
randomArrays.txt,1,139,0.000734,0.000000,0.00
randomArrays.txt,2,139,0.000730,0.000000,0.00
randomArrays.txt,3,139,0.000731,0.000000,0.00
randomArrays.txt,1,90,0.000313,0.000000,0.00
randomArrays.txt,2,90,0.000332,0.000000,0.00
randomArrays.txt,3,90,0.000327,0.000000,0.00
randomArrays.txt,1,724,0.003114,0.000000,0.00
randomArrays.txt,2,724,0.006265,0.015625,0.00
randomArrays.txt,3,724,0.004343,0.000000,0.00
randomArrays.txt,1,24,0.000132,0.000000,0.00
randomArrays.txt,2,24,0.000092,0.000000,0.00
randomArrays.txt,3,24,0.000094,0.000000,0.00
randomArrays.txt,1,182,0.001304,0.000000,0.00
randomArrays.txt,2,182,0.001307,0.000000,0.00
randomArrays.txt,3,182,0.001361,0.000000,0.00
randomArrays.txt,1,440,0.003482,0.000000,0.00
randomArrays.txt,2,440,0.003496,0.015625,0.00
randomArrays.txt,3,440,0.003491,0.000000,0.00
randomArrays.txt,1,521,0.003002,0.000000,0.00
randomArrays.txt,2,521,0.002752,0.000000,0.00
randomArrays.txt,3,521,0.003670,0.000000,0.00
randomArrays.txt,1,653,0.005209,0.015625,0.00
randomArrays.txt,2,653,0.005272,0.000000,0.00
randomArrays.txt,3,653,0.004580,0.000000,0.00
randomArrays.txt,1,422,0.002291,0.000000,0.00
randomArrays.txt,2,422,0.001676,0.000000,0.00
randomArrays.txt,3,422,0.002989,0.000000,0.00
randomArrays.txt,1,919,0.004260,0.000000,0.00
randomArrays.txt,2,919,0.006488,0.015625,0.00
randomArrays.txt,3,919,0.007013,0.000000,0.00
randomArrays.txt,1,399,0.003036,0.000000,0.00
randomArrays.txt,2,399,0.003028,0.015625,0.00
randomArrays.txt,3,399,0.003040,0.000000,0.00
randomArrays.txt,1,148,0.000943,0.000000,0.00
randomArrays.txt,2,148,0.000934,0.000000,0.00
randomArrays.txt,3,148,0.000941,0.000000,0.00
randomArrays.txt,1,651,0.002729,0.000000,0.00
randomArrays.txt,2,651,0.003061,0.015625,0.00
randomArrays.txt,3,651,0.005311,0.000000,0.00
randomArrays.txt,1,953,0.007491,0.000000,0.00
randomArrays.txt,2,953,0.008326,0.015625,0.00
randomArrays.txt,3,953,0.008805,0.015625,0.00
randomArrays.txt,1,205,0.001275,0.015625,0.00
randomArrays.txt,2,205,0.001418,0.000000,0.00
randomArrays.txt,3,205,0.001262,0.000000,0.00
randomArrays.txt,1,713,0.006201,0.015625,0.00
randomArrays.txt,2,713,0.006197,0.000000,0.00
randomArrays.txt,3,713,0.006315,0.015625,0.00
randomArrays.txt,1,335,0.002329,0.000000,0.00
randomArrays.txt,2,335,0.002248,0.000000,0.00
randomArrays.txt,3,335,0.002331,0.015625,0.00
randomArrays.txt,1,800,0.006442,0.000000,0.00
randomArrays.txt,2,800,0.006180,0.015625,0.00
randomArrays.txt,3,800,0.006486,0.000000,0.00
randomArrays.txt,1,263,0.001603,0.000000,0.00
randomArrays.txt,2,263,0.001700,0.000000,0.00
randomArrays.txt,3,263,0.001842,0.000000,0.00
randomArrays.txt,1,305,0.002067,0.000000,0.00
randomArrays.txt,2,305,0.002082,0.000000,0.00
randomArrays.txt,3,305,0.002598,0.000000,0.00
randomArrays.txt,1,772,0.007039,0.015625,0.00
randomArrays.txt,2,772,0.006775,0.000000,0.00
randomArrays.txt,3,772,0.006875,0.015625,0.00
randomArrays.txt,1,760,0.006931,0.015625,0.00
randomArrays.txt,2,760,0.006719,0.000000,0.00
randomArrays.txt,3,760,0.007923,0.015625,0.00
randomArrays.txt,1,985,0.007255,0.000000,0.00
randomArrays.txt,2,985,0.007467,0.015625,0.00
randomArrays.txt,3,985,0.005148,0.000000,0.00
randomArrays.txt,1,468,0.002361,0.000000,0.00
randomArrays.txt,2,468,0.003286,0.015625,0.00
randomArrays.txt,3,468,0.003292,0.000000,0.00
randomArrays.txt,1,542,0.004350,0.000000,0.00
randomArrays.txt,2,542,0.002818,0.015625,0.00
randomArrays.txt,3,542,0.004243,0.000000,0.00
randomArrays.txt,1,137,0.000797,0.000000,0.00
randomArrays.txt,2,137,0.000779,0.015625,0.00
randomArrays.txt,3,137,0.000782,0.000000,0.00
randomArrays.txt,1,877,0.010371,0.015625,0.00
randomArrays.txt,2,877,0.010237,0.000000,0.00
randomArrays.txt,3,877,0.005104,0.015625,0.00
randomArrays.txt,1,407,0.005434,0.015625,0.00
randomArrays.txt,2,407,0.005400,0.000000,0.00
randomArrays.txt,3,407,0.003885,0.000000,0.00
randomArrays.txt,1,13,0.000058,0.000000,0.00
randomArrays.txt,2,13,0.000059,0.000000,0.00
randomArrays.txt,3,13,0.000052,0.000000,0.00
randomArrays.txt,1,857,0.006961,0.015625,0.00
randomArrays.txt,2,857,0.006638,0.000000,0.00
randomArrays.txt,3,857,0.006669,0.015625,0.00
randomArrays.txt,1,961,0.005490,0.000000,0.00
randomArrays.txt,2,961,0.008424,0.015625,0.00
randomArrays.txt,3,961,0.007656,0.000000,0.00
randomArrays.txt,1,963,0.007780,0.000000,0.00
randomArrays.txt,2,963,0.008951,0.015625,0.00
randomArrays.txt,3,963,0.009713,0.015625,0.00
randomArrays.txt,1,792,0.006735,0.000000,0.00
randomArrays.txt,2,792,0.004278,0.015625,0.00
randomArrays.txt,3,792,0.006799,0.000000,0.00
randomArrays.txt,1,190,0.001403,0.000000,0.00
randomArrays.txt,2,190,0.001395,0.000000,0.00
randomArrays.txt,3,190,0.001386,0.000000,0.00
randomArrays.txt,1,859,0.007091,0.000000,0.00
randomArrays.txt,2,859,0.006234,0.000000,0.00
randomArrays.txt,3,859,0.007098,0.000000,0.00
randomArrays.txt,1,989,0.006885,0.000000,0.00
randomArrays.txt,2,989,0.008287,0.000000,0.00
randomArrays.txt,3,989,0.007881,0.015625,0.00
randomArrays.txt,1,816,0.007150,0.015625,0.00
randomArrays.txt,2,816,0.007174,0.000000,0.00
randomArrays.txt,3,816,0.007220,0.015625,0.00
randomArrays.txt,1,950,0.006135,0.000000,0.00
randomArrays.txt,2,950,0.006606,0.015625,0.00
randomArrays.txt,3,950,0.007536,0.000000,0.00
randomArrays.txt,1,241,0.001952,0.000000,0.00
randomArrays.txt,2,241,0.001579,0.000000,0.00
randomArrays.txt,3,241,0.001583,0.000000,0.00
randomArrays.txt,1,957,0.011081,0.015625,0.00
randomArrays.txt,2,957,0.005982,0.000000,0.00
randomArrays.txt,3,957,0.008493,0.015625,0.00
randomArrays.txt,1,155,0.000997,0.000000,0.00
randomArrays.txt,2,155,0.001037,0.015625,0.00
randomArrays.txt,3,155,0.001785,0.000000,0.00
randomArrays.txt,1,625,0.005288,0.000000,0.00
randomArrays.txt,2,625,0.005256,0.000000,0.00
randomArrays.txt,3,625,0.004853,0.000000,0.00
randomArrays.txt,1,573,0.004441,0.000000,0.00
randomArrays.txt,2,573,0.004439,0.015625,0.00
randomArrays.txt,3,573,0.004459,0.000000,0.00
randomArrays.txt,1,278,0.001503,0.015625,0.00
randomArrays.txt,2,278,0.001699,0.000000,0.00
randomArrays.txt,3,278,0.001439,0.000000,0.00
randomArrays.txt,1,67,0.000225,0.000000,0.00
randomArrays.txt,2,67,0.000222,0.000000,0.00
randomArrays.txt,3,67,0.000222,0.000000,0.00
randomArrays.txt,1,785,0.010091,0.000000,0.00
randomArrays.txt,2,785,0.004445,0.000000,0.00
randomArrays.txt,3,785,0.007229,0.000000,0.00
randomArrays.txt,1,576,0.003902,0.000000,0.00
randomArrays.txt,2,576,0.003514,0.015625,0.00
randomArrays.txt,3,576,0.003484,0.000000,0.00
randomArrays.txt,1,949,0.012398,0.015625,0.00
randomArrays.txt,2,949,0.008693,0.000000,0.00
randomArrays.txt,3,949,0.006243,0.015625,0.00
randomArrays.txt,1,274,0.001942,0.000000,0.00
randomArrays.txt,2,274,0.002026,0.000000,0.00
randomArrays.txt,3,274,0.001176,0.000000,0.00
randomArrays.txt,1,827,0.006720,0.015625,0.00
randomArrays.txt,2,827,0.006709,0.000000,0.00
randomArrays.txt,3,827,0.006687,0.015625,0.00
randomArrays.txt,1,246,0.001683,0.000000,0.00
randomArrays.txt,2,246,0.001850,0.015625,0.00
randomArrays.txt,3,246,0.001621,0.000000,0.00
randomArrays.txt,1,497,0.003760,0.000000,0.00
randomArrays.txt,2,497,0.003574,0.000000,0.00
randomArrays.txt,3,497,0.002591,0.000000,0.00
randomArrays.txt,1,98,0.000445,0.000000,0.00
randomArrays.txt,2,98,0.000443,0.000000,0.00
randomArrays.txt,3,98,0.000761,0.000000,0.00
randomArrays.txt,1,87,0.000423,0.000000,0.00
randomArrays.txt,2,87,0.000425,0.000000,0.00
randomArrays.txt,3,87,0.000672,0.000000,0.00
randomArrays.txt,1,362,0.001720,0.000000,0.00
randomArrays.txt,2,362,0.002407,0.000000,0.00
randomArrays.txt,3,362,0.002402,0.000000,0.00
randomArrays.txt,1,748,0.003138,0.000000,0.00
randomArrays.txt,2,748,0.003865,0.000000,0.00
randomArrays.txt,3,748,0.006609,0.015625,0.00
randomArrays.txt,1,553,0.004274,0.000000,0.00
randomArrays.txt,2,553,0.005283,0.000000,0.00
randomArrays.txt,3,553,0.002260,0.000000,0.00
randomArrays.txt,1,931,0.009571,0.015625,0.00
randomArrays.txt,2,931,0.004766,0.000000,0.00
randomArrays.txt,3,931,0.008171,0.015625,0.00
randomArrays.txt,1,24,0.000075,0.000000,0.00
randomArrays.txt,2,24,0.000117,0.000000,0.00
randomArrays.txt,3,24,0.000071,0.000000,0.00
randomArrays.txt,1,836,0.005726,0.000000,0.00
randomArrays.txt,2,836,0.007084,0.000000,0.00
randomArrays.txt,3,836,0.007096,0.015625,0.00
randomArrays.txt,1,524,0.004193,0.015625,0.00
randomArrays.txt,2,524,0.004161,0.000000,0.00
randomArrays.txt,3,524,0.003899,0.000000,0.00
randomArrays.txt,1,286,0.001760,0.000000,0.00
randomArrays.txt,2,286,0.001753,0.000000,0.00
randomArrays.txt,3,286,0.001749,0.000000,0.00
randomArrays.txt,1,379,0.002462,0.000000,0.00
randomArrays.txt,2,379,0.002736,0.015625,0.00
randomArrays.txt,3,379,0.002733,0.000000,0.00
randomArrays.txt,1,654,0.005307,0.000000,0.00
randomArrays.txt,2,654,0.005719,0.000000,0.00
randomArrays.txt,3,654,0.005266,0.000000,0.00
randomArrays.txt,1,795,0.006503,0.000000,0.00
randomArrays.txt,2,795,0.006477,0.015625,0.00
randomArrays.txt,3,795,0.006494,0.000000,0.00
randomArrays.txt,1,335,0.002195,0.000000,0.00
randomArrays.txt,2,335,0.001421,0.000000,0.00
randomArrays.txt,3,335,0.002201,0.000000,0.00
randomArrays.txt,1,218,0.001040,0.000000,0.00
randomArrays.txt,2,218,0.001288,0.000000,0.00
randomArrays.txt,3,218,0.001287,0.000000,0.00
randomArrays.txt,1,390,0.002014,0.000000,0.00
randomArrays.txt,2,390,0.002701,0.000000,0.00
randomArrays.txt,3,390,0.002699,0.000000,0.00
randomArrays.txt,1,80,0.000456,0.015625,0.00
randomArrays.txt,2,80,0.000493,0.000000,0.00
randomArrays.txt,3,80,0.000292,0.000000,0.00
randomArrays.txt,1,602,0.006243,0.000000,0.00
randomArrays.txt,2,602,0.006782,0.015625,0.00
randomArrays.txt,3,602,0.005030,0.000000,0.00
randomArrays.txt,1,687,0.005663,0.000000,0.00
randomArrays.txt,2,687,0.007442,0.015625,0.00
randomArrays.txt,3,687,0.007724,0.000000,0.00
randomArrays.txt,1,573,0.002814,0.000000,0.00
randomArrays.txt,2,573,0.003984,0.000000,0.00
randomArrays.txt,3,573,0.003631,0.000000,0.00
randomArrays.txt,1,857,0.009914,0.015625,0.00
randomArrays.txt,2,857,0.011340,0.015625,0.00
randomArrays.txt,3,857,0.006180,0.000000,0.00
randomArrays.txt,1,484,0.005417,0.000000,0.00
randomArrays.txt,2,484,0.004192,0.000000,0.00
randomArrays.txt,3,484,0.003722,0.015625,0.00
randomArrays.txt,1,633,0.005452,0.000000,0.00
randomArrays.txt,2,633,0.003842,0.000000,0.00
randomArrays.txt,3,633,0.005453,0.015625,0.00
randomArrays.txt,1,393,0.002706,0.000000,0.00
randomArrays.txt,2,393,0.002700,0.000000,0.00
randomArrays.txt,3,393,0.002704,0.000000,0.00
randomArrays.txt,1,953,0.005315,0.015625,0.00
randomArrays.txt,2,953,0.008943,0.000000,0.00
randomArrays.txt,3,953,0.005338,0.015625,0.00
randomArrays.txt,1,718,0.003735,0.015625,0.00
randomArrays.txt,2,718,0.006667,0.000000,0.00
randomArrays.txt,3,718,0.003680,0.000000,0.00
randomArrays.txt,1,330,0.001820,0.000000,0.00
randomArrays.txt,2,330,0.002376,0.000000,0.00
randomArrays.txt,3,330,0.001472,0.000000,0.00
randomArrays.txt,1,273,0.001469,0.000000,0.00
randomArrays.txt,2,273,0.001409,0.000000,0.00
randomArrays.txt,3,273,0.001359,0.015625,0.00
randomArrays.txt,1,323,0.002500,0.000000,0.00
randomArrays.txt,2,323,0.002567,0.000000,0.00
randomArrays.txt,3,323,0.001662,0.000000,0.00
randomArrays.txt,1,971,0.007949,0.000000,0.00
randomArrays.txt,2,971,0.008933,0.015625,0.00
randomArrays.txt,3,971,0.005192,0.000000,0.00
randomArrays.txt,1,156,0.000821,0.000000,0.00
randomArrays.txt,2,156,0.000816,0.000000,0.00
randomArrays.txt,3,156,0.000688,0.000000,0.00
randomArrays.txt,1,971,0.006698,0.015625,0.00
randomArrays.txt,2,971,0.008269,0.000000,0.00
randomArrays.txt,3,971,0.007645,0.015625,0.00
randomArrays.txt,1,202,0.001222,0.000000,0.00
randomArrays.txt,2,202,0.001215,0.000000,0.00
randomArrays.txt,3,202,0.001223,0.000000,0.00
randomArrays.txt,1,201,0.001786,0.000000,0.00
randomArrays.txt,2,201,0.001434,0.000000,0.00
randomArrays.txt,3,201,0.001221,0.000000,0.00
randomArrays.txt,1,230,0.001496,0.000000,0.00
randomArrays.txt,2,230,0.001510,0.000000,0.00
randomArrays.txt,3,230,0.001499,0.000000,0.00
randomArrays.txt,1,953,0.013159,0.000000,0.00
randomArrays.txt,2,953,0.016929,0.015625,0.00
randomArrays.txt,3,953,0.041248,0.031250,0.00
randomArrays.txt,1,399,0.002567,0.000000,0.00
randomArrays.txt,2,399,0.002508,0.000000,0.00
randomArrays.txt,3,399,0.002571,0.000000,0.00
randomArrays.txt,1,354,0.001718,0.000000,0.00
randomArrays.txt,2,354,0.001457,0.000000,0.00
randomArrays.txt,3,354,0.002556,0.000000,0.00
randomArrays.txt,1,334,0.002839,0.015625,0.00
randomArrays.txt,2,334,0.002853,0.000000,0.00
randomArrays.txt,3,334,0.002878,0.000000,0.00
randomArrays.txt,1,538,0.004278,0.000000,0.00
randomArrays.txt,2,538,0.004272,0.015625,0.00
randomArrays.txt,3,538,0.004295,0.000000,0.00
randomArrays.txt,1,238,0.002020,0.000000,0.00
randomArrays.txt,2,238,0.001524,0.000000,0.00
randomArrays.txt,3,238,0.001520,0.000000,0.00
randomArrays.txt,1,415,0.004191,0.015625,0.00
randomArrays.txt,2,415,0.005204,0.000000,0.00
randomArrays.txt,3,415,0.011027,0.000000,0.00
randomArrays.txt,1,498,0.003453,0.000000,0.00
randomArrays.txt,2,498,0.003453,0.015625,0.00
randomArrays.txt,3,498,0.003478,0.000000,0.00
randomArrays.txt,1,193,0.001133,0.000000,0.00
randomArrays.txt,2,193,0.001114,0.000000,0.00
randomArrays.txt,3,193,0.001698,0.000000,0.00
randomArrays.txt,1,125,0.000709,0.000000,0.00
randomArrays.txt,2,125,0.000701,0.000000,0.00
randomArrays.txt,3,125,0.000697,0.000000,0.00
randomArrays.txt,1,100,0.000579,0.000000,0.00
randomArrays.txt,2,100,0.000582,0.015625,0.00
randomArrays.txt,3,100,0.000583,0.000000,0.00
randomArrays.txt,1,742,0.006150,0.000000,0.00
randomArrays.txt,2,742,0.006263,0.015625,0.00
randomArrays.txt,3,742,0.006147,0.000000,0.00
randomArrays.txt,1,588,0.002754,0.000000,0.00
randomArrays.txt,2,588,0.004518,0.015625,0.00
randomArrays.txt,3,588,0.004146,0.000000,0.00
randomArrays.txt,1,355,0.002406,0.000000,0.00
randomArrays.txt,2,355,0.002400,0.000000,0.00
randomArrays.txt,3,355,0.001560,0.000000,0.00
randomArrays.txt,1,923,0.009058,0.015625,0.00
randomArrays.txt,2,923,0.007428,0.000000,0.00
randomArrays.txt,3,923,0.007651,0.015625,0.00
randomArrays.txt,1,167,0.000909,0.015625,0.00
randomArrays.txt,2,167,0.000917,0.000000,0.00
randomArrays.txt,3,167,0.000914,0.000000,0.00
randomArrays.txt,1,518,0.002053,0.015625,0.00
randomArrays.txt,2,518,0.002258,0.000000,0.00
randomArrays.txt,3,518,0.004376,0.000000,0.00
randomArrays.txt,1,649,0.004976,0.000000,0.00
randomArrays.txt,2,649,0.005024,0.000000,0.00
randomArrays.txt,3,649,0.005021,0.015625,0.00
randomArrays.txt,1,280,0.001883,0.000000,0.00
randomArrays.txt,2,280,0.001878,0.015625,0.00
randomArrays.txt,3,280,0.001940,0.000000,0.00
randomArrays.txt,1,842,0.007486,0.015625,0.00
randomArrays.txt,2,842,0.006474,0.000000,0.00
randomArrays.txt,3,842,0.005802,0.015625,0.00
randomArrays.txt,1,586,0.003265,0.000000,0.00
randomArrays.txt,2,586,0.004290,0.000000,0.00
randomArrays.txt,3,586,0.002643,0.000000,0.00
randomArrays.txt,1,519,0.004311,0.000000,0.00
randomArrays.txt,2,519,0.004428,0.000000,0.00
randomArrays.txt,3,519,0.002759,0.000000,0.00
randomArrays.txt,1,112,0.000568,0.000000,0.00
randomArrays.txt,2,112,0.000875,0.000000,0.00
randomArrays.txt,3,112,0.000868,0.015625,0.00
randomArrays.txt,1,320,0.002084,0.000000,0.00
randomArrays.txt,2,320,0.002098,0.000000,0.00
randomArrays.txt,3,320,0.002189,0.000000,0.00
randomArrays.txt,1,955,0.004340,0.000000,0.00
randomArrays.txt,2,955,0.006447,0.000000,0.00
randomArrays.txt,3,955,0.003994,0.000000,0.00
randomArrays.txt,1,61,0.000427,0.000000,0.00
randomArrays.txt,2,61,0.000421,0.000000,0.00
randomArrays.txt,3,61,0.000433,0.000000,0.00
randomArrays.txt,1,709,0.005700,0.000000,0.00
randomArrays.txt,2,709,0.005525,0.015625,0.00
randomArrays.txt,3,709,0.006835,0.000000,0.00
randomArrays.txt,1,671,0.002975,0.000000,0.00
randomArrays.txt,2,671,0.005691,0.000000,0.00
randomArrays.txt,3,671,0.005685,0.015625,0.00
randomArrays.txt,1,437,0.001939,0.015625,0.00
randomArrays.txt,2,437,0.003363,0.000000,0.00
randomArrays.txt,3,437,0.003294,0.000000,0.00
randomArrays.txt,1,917,0.008712,0.000000,0.00
randomArrays.txt,2,917,0.007593,0.015625,0.00
randomArrays.txt,3,917,0.009341,0.015625,0.00
randomArrays.txt,1,499,0.003852,0.000000,0.00
randomArrays.txt,2,499,0.002366,0.015625,0.00
randomArrays.txt,3,499,0.003854,0.000000,0.00
randomArrays.txt,1,503,0.003438,0.000000,0.00
randomArrays.txt,2,503,0.003424,0.000000,0.00
randomArrays.txt,3,503,0.003437,0.000000,0.00
randomArrays.txt,1,676,0.005566,0.000000,0.00
randomArrays.txt,2,676,0.006506,0.015625,0.00
randomArrays.txt,3,676,0.002948,0.000000,0.00
randomArrays.txt,1,594,0.005353,0.000000,0.00
randomArrays.txt,2,594,0.005344,0.000000,0.00
randomArrays.txt,3,594,0.005343,0.015625,0.00
randomArrays.txt,1,48,0.000285,0.000000,0.00
randomArrays.txt,2,48,0.000197,0.000000,0.00
randomArrays.txt,3,48,0.000200,0.000000,0.00
randomArrays.txt,1,590,0.004626,0.015625,0.00
randomArrays.txt,2,590,0.007144,0.000000,0.00
randomArrays.txt,3,590,0.003088,0.015625,0.00
randomArrays.txt,1,861,0.006467,0.015625,0.00
randomArrays.txt,2,861,0.005856,0.000000,0.00
randomArrays.txt,3,861,0.005785,0.000000,0.00
randomArrays.txt,1,363,0.003021,0.000000,0.00
randomArrays.txt,2,363,0.004153,0.000000,0.00
randomArrays.txt,3,363,0.002555,0.000000,0.00
randomArrays.txt,1,969,0.005681,0.000000,0.00
randomArrays.txt,2,969,0.008687,0.015625,0.00
randomArrays.txt,3,969,0.007548,0.000000,0.00
randomArrays.txt,1,912,0.005185,0.015625,0.00
randomArrays.txt,2,912,0.009102,0.000000,0.00
randomArrays.txt,3,912,0.006609,0.015625,0.00
randomArrays.txt,1,779,0.009657,0.015625,0.00
randomArrays.txt,2,779,0.006571,0.000000,0.00
randomArrays.txt,3,779,0.003364,0.000000,0.00
randomArrays.txt,1,301,0.002577,0.000000,0.00
randomArrays.txt,2,301,0.027464,0.000000,0.00
randomArrays.txt,3,301,0.001513,0.000000,0.00
randomArrays.txt,1,545,0.004135,0.000000,0.00
randomArrays.txt,2,545,0.004347,0.000000,0.00
randomArrays.txt,3,545,0.004176,0.000000,0.00
randomArrays.txt,1,24,0.000073,0.000000,0.00
randomArrays.txt,2,24,0.000071,0.000000,0.00
randomArrays.txt,3,24,0.000147,0.000000,0.00
randomArrays.txt,1,953,0.005432,0.015625,0.00
randomArrays.txt,2,953,0.004798,0.000000,0.00
randomArrays.txt,3,953,0.007829,0.015625,0.00
randomArrays.txt,1,440,0.003308,0.000000,0.00
randomArrays.txt,2,440,0.003303,0.000000,0.00
randomArrays.txt,3,440,0.003484,0.000000,0.00
randomArrays.txt,1,997,0.008248,0.000000,0.00
randomArrays.txt,2,997,0.009468,0.000000,0.00
randomArrays.txt,3,997,0.008470,0.015625,0.00
randomArrays.txt,1,661,0.004959,0.000000,0.00
randomArrays.txt,2,661,0.003067,0.015625,0.00
randomArrays.txt,3,661,0.005021,0.000000,0.00
randomArrays.txt,1,583,0.004942,0.000000,0.00
randomArrays.txt,2,583,0.002898,0.015625,0.00
randomArrays.txt,3,583,0.004861,0.000000,0.00
randomArrays.txt,1,478,0.003741,0.000000,0.00
randomArrays.txt,2,478,0.003743,0.000000,0.00
randomArrays.txt,3,478,0.003758,0.000000,0.00
randomArrays.txt,1,220,0.001302,0.000000,0.00
randomArrays.txt,2,220,0.001301,0.000000,0.00
randomArrays.txt,3,220,0.001294,0.000000,0.00
randomArrays.txt,1,458,0.003416,0.000000,0.00
randomArrays.txt,2,458,0.003419,0.015625,0.00
randomArrays.txt,3,458,0.003560,0.000000,0.00
randomArrays.txt,1,783,0.007006,0.015625,0.00
randomArrays.txt,2,783,0.006230,0.000000,0.00
randomArrays.txt,3,783,0.006279,0.015625,0.00
randomArrays.txt,1,554,0.003634,0.000000,0.00
randomArrays.txt,2,554,0.004172,0.000000,0.00
randomArrays.txt,3,554,0.003984,0.015625,0.00
randomArrays.txt,1,167,0.001354,0.000000,0.00
randomArrays.txt,2,167,0.001265,0.000000,0.00
randomArrays.txt,3,167,0.001461,0.000000,0.00
randomArrays.txt,1,338,0.001838,0.015625,0.00
randomArrays.txt,2,338,0.002023,0.000000,0.00
randomArrays.txt,3,338,0.002209,0.000000,0.00
randomArrays.txt,1,321,0.001372,0.000000,0.00
randomArrays.txt,2,321,0.002488,0.000000,0.00
randomArrays.txt,3,321,0.001597,0.015625,0.00
randomArrays.txt,1,993,0.005538,0.000000,0.00
randomArrays.txt,2,993,0.007916,0.015625,0.00
randomArrays.txt,3,993,0.008333,0.015625,0.00
randomArrays.txt,1,414,0.003268,0.000000,0.00
randomArrays.txt,2,414,0.003318,0.000000,0.00
randomArrays.txt,3,414,0.003303,0.015625,0.00
randomArrays.txt,1,630,0.005053,0.015625,0.00
randomArrays.txt,2,630,0.005115,0.000000,0.00
randomArrays.txt,3,630,0.005057,0.015625,0.00
randomArrays.txt,1,572,0.004416,0.000000,0.00
randomArrays.txt,2,572,0.004397,0.015625,0.00
randomArrays.txt,3,572,0.004498,0.000000,0.00
randomArrays.txt,1,119,0.001053,0.000000,0.00
randomArrays.txt,2,119,0.000573,0.000000,0.00
randomArrays.txt,3,119,0.000709,0.000000,0.00
randomArrays.txt,1,852,0.007600,0.015625,0.00
randomArrays.txt,2,852,0.007624,0.015625,0.00
randomArrays.txt,3,852,0.007520,0.000000,0.00
randomArrays.txt,1,392,0.002737,0.015625,0.00
randomArrays.txt,2,392,0.002857,0.000000,0.00
randomArrays.txt,3,392,0.002747,0.000000,0.00
randomArrays.txt,1,744,0.007842,0.015625,0.00
randomArrays.txt,2,744,0.009556,0.015625,0.00
randomArrays.txt,3,744,0.007175,0.000000,0.00
randomArrays.txt,1,767,0.004683,0.000000,0.00
randomArrays.txt,2,767,0.006127,0.000000,0.00
randomArrays.txt,3,767,0.003768,0.000000,0.00
randomArrays.txt,1,419,0.002973,0.000000,0.00
randomArrays.txt,2,419,0.003074,0.015625,0.00
randomArrays.txt,3,419,0.003033,0.000000,0.00
randomArrays.txt,1,186,0.001143,0.000000,0.00
randomArrays.txt,2,186,0.001129,0.000000,0.00
randomArrays.txt,3,186,0.001145,0.000000,0.00
randomArrays.txt,1,498,0.002379,0.000000,0.00
randomArrays.txt,2,498,0.002333,0.000000,0.00
randomArrays.txt,3,498,0.003850,0.000000,0.00
randomArrays.txt,1,369,0.002548,0.000000,0.00
randomArrays.txt,2,369,0.002575,0.015625,0.00
randomArrays.txt,3,369,0.001850,0.000000,0.00
randomArrays.txt,1,545,0.004865,0.000000,0.00
randomArrays.txt,2,545,0.002692,0.000000,0.00
randomArrays.txt,3,545,0.004964,0.000000,0.00
randomArrays.txt,1,585,0.005223,0.000000,0.00
randomArrays.txt,2,585,0.007420,0.000000,0.00
randomArrays.txt,3,585,0.007429,0.015625,0.00
randomArrays.txt,1,232,0.001370,0.000000,0.00
randomArrays.txt,2,232,0.001374,0.000000,0.00
randomArrays.txt,3,232,0.003175,0.000000,0.00
randomArrays.txt,1,683,0.004402,0.000000,0.00
randomArrays.txt,2,683,0.004185,0.000000,0.00
randomArrays.txt,3,683,0.005342,0.000000,0.00
randomArrays.txt,1,373,0.002880,0.000000,0.00
randomArrays.txt,2,373,0.002881,0.000000,0.00
randomArrays.txt,3,373,0.002864,0.015625,0.00
randomArrays.txt,1,67,0.000376,0.000000,0.00
randomArrays.txt,2,67,0.000538,0.000000,0.00
randomArrays.txt,3,67,0.000416,0.015625,0.00
randomArrays.txt,1,47,0.000200,0.000000,0.00
randomArrays.txt,2,47,0.000245,0.000000,0.00
randomArrays.txt,3,47,0.000222,0.000000,0.00
randomArrays.txt,1,353,0.002203,0.000000,0.00
randomArrays.txt,2,353,0.002393,0.000000,0.00
randomArrays.txt,3,353,0.002407,0.000000,0.00
randomArrays.txt,1,165,0.001881,0.015625,0.00
randomArrays.txt,2,165,0.000992,0.000000,0.00
randomArrays.txt,3,165,0.000986,0.000000,0.00
randomArrays.txt,1,822,0.008679,0.000000,0.00
randomArrays.txt,2,822,0.007979,0.015625,0.00
randomArrays.txt,3,822,0.006601,0.000000,0.00
randomArrays.txt,1,207,0.001753,0.015625,0.00
randomArrays.txt,2,207,0.001757,0.000000,0.00
randomArrays.txt,3,207,0.001777,0.000000,0.00
randomArrays.txt,1,365,0.002701,0.000000,0.00
randomArrays.txt,2,365,0.002721,0.015625,0.00
randomArrays.txt,3,365,0.002731,0.000000,0.00
randomArrays.txt,1,33,0.000188,0.000000,0.00
randomArrays.txt,2,33,0.000130,0.000000,0.00
randomArrays.txt,3,33,0.000132,0.000000,0.00
randomArrays.txt,1,324,0.001858,0.000000,0.00
randomArrays.txt,2,324,0.001854,0.000000,0.00
randomArrays.txt,3,324,0.001848,0.000000,0.00
randomArrays.txt,1,533,0.003811,0.000000,0.00
randomArrays.txt,2,533,0.003822,0.000000,0.00
randomArrays.txt,3,533,0.003809,0.000000,0.00
randomArrays.txt,1,467,0.003445,0.015625,0.00
randomArrays.txt,2,467,0.003430,0.000000,0.00
randomArrays.txt,3,467,0.003385,0.000000,0.00
randomArrays.txt,1,653,0.004781,0.000000,0.00
randomArrays.txt,2,653,0.004925,0.015625,0.00
randomArrays.txt,3,653,0.002891,0.000000,0.00
randomArrays.txt,1,262,0.001148,0.000000,0.00
randomArrays.txt,2,262,0.001638,0.000000,0.00
randomArrays.txt,3,262,0.001629,0.000000,0.00
randomArrays.txt,1,26,0.000081,0.000000,0.00
randomArrays.txt,2,26,0.000131,0.000000,0.00
randomArrays.txt,3,26,0.000132,0.000000,0.00
randomArrays.txt,1,705,0.003079,0.015625,0.00
randomArrays.txt,2,705,0.004425,0.000000,0.00
randomArrays.txt,3,705,0.003036,0.000000,0.00
randomArrays.txt,1,945,0.009264,0.015625,0.00
randomArrays.txt,2,945,0.006687,0.015625,0.00
randomArrays.txt,3,945,0.008854,0.000000,0.00
randomArrays.txt,1,145,0.000742,0.000000,0.00
randomArrays.txt,2,145,0.000817,0.000000,0.00
randomArrays.txt,3,145,0.001025,0.000000,0.00
randomArrays.txt,1,987,0.004885,0.000000,0.00
randomArrays.txt,2,987,0.008423,0.015625,0.00
randomArrays.txt,3,987,0.008528,0.000000,0.00
randomArrays.txt,1,40,0.000152,0.000000,0.00
randomArrays.txt,2,40,0.000148,0.000000,0.00
randomArrays.txt,3,40,0.000147,0.000000,0.00
randomArrays.txt,1,418,0.003050,0.000000,0.00
randomArrays.txt,2,418,0.003072,0.000000,0.00
randomArrays.txt,3,418,0.003060,0.015625,0.00
randomArrays.txt,1,20,0.000065,0.000000,0.00
randomArrays.txt,2,20,0.000061,0.000000,0.00
randomArrays.txt,3,20,0.000059,0.000000,0.00
randomArrays.txt,1,618,0.006590,0.000000,0.00
randomArrays.txt,2,618,0.004567,0.015625,0.00
randomArrays.txt,3,618,0.005214,0.000000,0.00
randomArrays.txt,1,463,0.003979,0.015625,0.00
randomArrays.txt,2,463,0.003748,0.000000,0.00
randomArrays.txt,3,463,0.002460,0.000000,0.00
randomArrays.txt,1,310,0.001797,0.000000,0.00
randomArrays.txt,2,310,0.002979,0.000000,0.00
randomArrays.txt,3,310,0.002970,0.000000,0.00
randomArrays.txt,1,753,0.006392,0.015625,0.00
randomArrays.txt,2,753,0.003347,0.000000,0.00
randomArrays.txt,3,753,0.003906,0.000000,0.00
randomArrays.txt,1,203,0.001374,0.015625,0.00
randomArrays.txt,2,203,0.001274,0.000000,0.00
randomArrays.txt,3,203,0.001118,0.000000,0.00
randomArrays.txt,1,756,0.008532,0.015625,0.00
randomArrays.txt,2,756,0.012036,0.000000,0.00
randomArrays.txt,3,756,0.015873,0.015625,0.00
randomArrays.txt,1,998,0.012283,0.015625,0.00
randomArrays.txt,2,998,0.009129,0.015625,0.00
randomArrays.txt,3,998,0.005732,0.000000,0.00
randomArrays.txt,1,631,0.004766,0.000000,0.00
randomArrays.txt,2,631,0.002411,0.000000,0.00
randomArrays.txt,3,631,0.004768,0.000000,0.00
randomArrays.txt,1,788,0.003264,0.015625,0.00
randomArrays.txt,2,788,0.003293,0.000000,0.00
randomArrays.txt,3,788,0.003251,0.000000,0.00
randomArrays.txt,1,364,0.001999,0.000000,0.00
randomArrays.txt,2,364,0.003867,0.000000,0.00
randomArrays.txt,3,364,0.003937,0.015625,0.00
randomArrays.txt,1,435,0.001683,0.000000,0.00
randomArrays.txt,2,435,0.002974,0.000000,0.00
randomArrays.txt,3,435,0.002267,0.000000,0.00
randomArrays.txt,1,379,0.003008,0.000000,0.00
randomArrays.txt,2,379,0.003258,0.000000,0.00
randomArrays.txt,3,379,0.004578,0.000000,0.00
randomArrays.txt,1,208,0.001267,0.000000,0.00
randomArrays.txt,2,208,0.001242,0.000000,0.00
randomArrays.txt,3,208,0.001274,0.000000,0.00
randomArrays.txt,1,503,0.004763,0.000000,0.00
randomArrays.txt,2,503,0.006288,0.000000,0.00
randomArrays.txt,3,503,0.002736,0.000000,0.00
randomArrays.txt,1,97,0.000460,0.000000,0.00
randomArrays.txt,2,97,0.000457,0.000000,0.00
randomArrays.txt,3,97,0.000456,0.000000,0.00
randomArrays.txt,1,266,0.001823,0.000000,0.00
randomArrays.txt,2,266,0.001851,0.000000,0.00
randomArrays.txt,3,266,0.001825,0.000000,0.00
randomArrays.txt,1,828,0.006350,0.000000,0.00
randomArrays.txt,2,828,0.003897,0.015625,0.00
randomArrays.txt,3,828,0.004059,0.000000,0.00
randomArrays.txt,1,319,0.002311,0.015625,0.00
randomArrays.txt,2,319,0.001832,0.000000,0.00
randomArrays.txt,3,319,0.002186,0.000000,0.00
randomArrays.txt,1,898,0.007296,0.000000,0.00
randomArrays.txt,2,898,0.003798,0.000000,0.00
randomArrays.txt,3,898,0.007301,0.000000,0.00
randomArrays.txt,1,380,0.002599,0.015625,0.00
randomArrays.txt,2,380,0.001685,0.000000,0.00
randomArrays.txt,3,380,0.002071,0.000000,0.00
randomArrays.txt,1,450,0.004804,0.000000,0.00
randomArrays.txt,2,450,0.003595,0.015625,0.00
randomArrays.txt,3,450,0.002275,0.000000,0.00
randomArrays.txt,1,142,0.000779,0.000000,0.00
randomArrays.txt,2,142,0.000769,0.000000,0.00
randomArrays.txt,3,142,0.000778,0.015625,0.00
randomArrays.txt,1,434,0.002049,0.000000,0.00
randomArrays.txt,2,434,0.003320,0.015625,0.00
randomArrays.txt,3,434,0.003173,0.000000,0.00
randomArrays.txt,1,96,0.000439,0.000000,0.00
randomArrays.txt,2,96,0.000640,0.000000,0.00
randomArrays.txt,3,96,0.000662,0.000000,0.00
randomArrays.txt,1,641,0.003030,0.000000,0.00
randomArrays.txt,2,641,0.002575,0.000000,0.00
randomArrays.txt,3,641,0.005232,0.000000,0.00
randomArrays.txt,1,538,0.005659,0.015625,0.00
randomArrays.txt,2,538,0.005691,0.000000,0.00
randomArrays.txt,3,538,0.005691,0.015625,0.00
randomArrays.txt,1,502,0.003646,0.015625,0.00
randomArrays.txt,2,502,0.003604,0.000000,0.00
randomArrays.txt,3,502,0.003624,0.000000,0.00
randomArrays.txt,1,599,0.004035,0.015625,0.00
randomArrays.txt,2,599,0.004066,0.000000,0.00
randomArrays.txt,3,599,0.004616,0.000000,0.00
randomArrays.txt,1,299,0.002201,0.000000,0.00
randomArrays.txt,2,299,0.002232,0.000000,0.00
randomArrays.txt,3,299,0.002036,0.000000,0.00
randomArrays.txt,1,620,0.005057,0.000000,0.00
randomArrays.txt,2,620,0.005499,0.000000,0.00
randomArrays.txt,3,620,0.007163,0.015625,0.00
randomArrays.txt,1,606,0.003106,0.015625,0.00
randomArrays.txt,2,606,0.003148,0.000000,0.00
randomArrays.txt,3,606,0.002620,0.000000,0.00
randomArrays.txt,1,282,0.001558,0.000000,0.00
randomArrays.txt,2,282,0.001701,0.000000,0.00
randomArrays.txt,3,282,0.001918,0.000000,0.00
randomArrays.txt,1,205,0.002122,0.000000,0.00
randomArrays.txt,2,205,0.001308,0.000000,0.00
randomArrays.txt,3,205,0.001156,0.000000,0.00
randomArrays.txt,1,504,0.003744,0.000000,0.00
randomArrays.txt,2,504,0.003315,0.000000,0.00
randomArrays.txt,3,504,0.001889,0.015625,0.00
randomArrays.txt,1,315,0.002253,0.000000,0.00
randomArrays.txt,2,315,0.001521,0.000000,0.00
randomArrays.txt,3,315,0.002285,0.015625,0.00
randomArrays.txt,1,739,0.006362,0.000000,0.00
randomArrays.txt,2,739,0.006563,0.000000,0.00
randomArrays.txt,3,739,0.006393,0.000000,0.00
randomArrays.txt,1,226,0.001319,0.000000,0.00
randomArrays.txt,2,226,0.001559,0.000000,0.00
randomArrays.txt,3,226,0.001275,0.000000,0.00
randomArrays.txt,1,239,0.001031,0.000000,0.00
randomArrays.txt,2,239,0.001380,0.000000,0.00
randomArrays.txt,3,239,0.001386,0.000000,0.00
randomArrays.txt,1,656,0.003104,0.000000,0.00
randomArrays.txt,2,656,0.003100,0.000000,0.00
randomArrays.txt,3,656,0.002576,0.015625,0.00
randomArrays.txt,1,467,0.003360,0.000000,0.00
randomArrays.txt,2,467,0.002996,0.000000,0.00
randomArrays.txt,3,467,0.003374,0.000000,0.00
randomArrays.txt,1,855,0.007213,0.015625,0.00
randomArrays.txt,2,855,0.007266,0.000000,0.00
randomArrays.txt,3,855,0.007204,0.015625,0.00
randomArrays.txt,1,12,0.000058,0.000000,0.00
randomArrays.txt,2,12,0.000057,0.000000,0.00
randomArrays.txt,3,12,0.000059,0.000000,0.00
randomArrays.txt,1,751,0.003318,0.000000,0.00
randomArrays.txt,2,751,0.006329,0.000000,0.00
randomArrays.txt,3,751,0.006078,0.000000,0.00
randomArrays.txt,1,426,0.004104,0.000000,0.00
randomArrays.txt,2,426,0.004607,0.000000,0.00
randomArrays.txt,3,426,0.004760,0.015625,0.00
randomArrays.txt,1,735,0.005406,0.000000,0.00
randomArrays.txt,2,735,0.003899,0.000000,0.00
randomArrays.txt,3,735,0.004593,0.015625,0.00
randomArrays.txt,1,321,0.001887,0.000000,0.00
randomArrays.txt,2,321,0.001889,0.000000,0.00
randomArrays.txt,3,321,0.001845,0.015625,0.00
randomArrays.txt,1,522,0.003804,0.000000,0.00
randomArrays.txt,2,522,0.003782,0.000000,0.00
randomArrays.txt,3,522,0.003773,0.015625,0.00
randomArrays.txt,1,888,0.018080,0.000000,0.00
randomArrays.txt,2,888,0.010899,0.015625,0.00
randomArrays.txt,3,888,0.011653,0.015625,0.00
randomArrays.txt,1,118,0.000812,0.000000,0.00
randomArrays.txt,2,118,0.000611,0.000000,0.00
randomArrays.txt,3,118,0.000728,0.000000,0.00
randomArrays.txt,1,813,0.006782,0.000000,0.00
randomArrays.txt,2,813,0.006826,0.015625,0.00
randomArrays.txt,3,813,0.006873,0.000000,0.00
randomArrays.txt,1,547,0.004646,0.000000,0.00
randomArrays.txt,2,547,0.004559,0.000000,0.00
randomArrays.txt,3,547,0.004568,0.015625,0.00
randomArrays.txt,1,860,0.007023,0.000000,0.00
randomArrays.txt,2,860,0.006983,0.015625,0.00
randomArrays.txt,3,860,0.007091,0.000000,0.00
randomArrays.txt,1,189,0.001144,0.000000,0.00
randomArrays.txt,2,189,0.000979,0.000000,0.00
randomArrays.txt,3,189,0.000943,0.000000,0.00
randomArrays.txt,1,668,0.004195,0.000000,0.00
randomArrays.txt,2,668,0.005131,0.015625,0.00
randomArrays.txt,3,668,0.002921,0.000000,0.00
randomArrays.txt,1,583,0.002825,0.015625,0.00
randomArrays.txt,2,583,0.004669,0.000000,0.00
randomArrays.txt,3,583,0.004702,0.000000,0.00
randomArrays.txt,1,489,0.003922,0.000000,0.00
randomArrays.txt,2,489,0.003892,0.000000,0.00
randomArrays.txt,3,489,0.003900,0.000000,0.00
randomArrays.txt,1,414,0.003142,0.015625,0.00
randomArrays.txt,2,414,0.002944,0.000000,0.00
randomArrays.txt,3,414,0.002947,0.000000,0.00
randomArrays.txt,1,905,0.008105,0.000000,0.00
randomArrays.txt,2,905,0.010217,0.015625,0.00
randomArrays.txt,3,905,0.007388,0.000000,0.00
randomArrays.txt,1,742,0.005553,0.015625,0.00
randomArrays.txt,2,742,0.005977,0.000000,0.00
randomArrays.txt,3,742,0.006147,0.000000,0.00
randomArrays.txt,1,358,0.002421,0.000000,0.00
randomArrays.txt,2,358,0.002419,0.000000,0.00
randomArrays.txt,3,358,0.002447,0.000000,0.00
randomArrays.txt,1,741,0.006473,0.015625,0.00
randomArrays.txt,2,741,0.004418,0.000000,0.00
randomArrays.txt,3,741,0.004413,0.000000,0.00
randomArrays.txt,1,470,0.003789,0.000000,0.00
randomArrays.txt,2,470,0.003803,0.000000,0.00
randomArrays.txt,3,470,0.003820,0.015625,0.00
randomArrays.txt,1,111,0.000580,0.000000,0.00
randomArrays.txt,2,111,0.000822,0.000000,0.00
randomArrays.txt,3,111,0.000899,0.000000,0.00
randomArrays.txt,1,546,0.003984,0.015625,0.00
randomArrays.txt,2,546,0.003537,0.000000,0.00
randomArrays.txt,3,546,0.003912,0.000000,0.00
randomArrays.txt,1,591,0.004471,0.015625,0.00
randomArrays.txt,2,591,0.004447,0.000000,0.00
randomArrays.txt,3,591,0.004514,0.000000,0.00
randomArrays.txt,1,884,0.011397,0.015625,0.00
randomArrays.txt,2,884,0.011386,0.015625,0.00
randomArrays.txt,3,884,0.004245,0.000000,0.00
randomArrays.txt,1,684,0.005589,0.000000,0.00
randomArrays.txt,2,684,0.003527,0.015625,0.00
randomArrays.txt,3,684,0.003390,0.000000,0.00
randomArrays.txt,1,975,0.007795,0.015625,0.00
randomArrays.txt,2,975,0.004208,0.000000,0.00
randomArrays.txt,3,975,0.008087,0.015625,0.00
randomArrays.txt,1,739,0.008626,0.015625,0.00
randomArrays.txt,2,739,0.006368,0.015625,0.00
randomArrays.txt,3,739,0.005781,0.000000,0.00
randomArrays.txt,1,725,0.003694,0.000000,0.00
randomArrays.txt,2,725,0.005771,0.015625,0.00
randomArrays.txt,3,725,0.005832,0.000000,0.00
randomArrays.txt,1,893,0.007134,0.000000,0.00
randomArrays.txt,2,893,0.006669,0.015625,0.00
randomArrays.txt,3,893,0.007797,0.000000,0.00
randomArrays.txt,1,16,0.000072,0.000000,0.00
randomArrays.txt,2,16,0.000068,0.000000,0.00
randomArrays.txt,3,16,0.000070,0.000000,0.00
randomArrays.txt,1,467,0.003469,0.000000,0.00
randomArrays.txt,2,467,0.003774,0.015625,0.00
randomArrays.txt,3,467,0.002778,0.000000,0.00
randomArrays.txt,1,307,0.003005,0.000000,0.00
randomArrays.txt,2,307,0.001294,0.000000,0.00
randomArrays.txt,3,307,0.001336,0.000000,0.00
randomArrays.txt,1,235,0.002096,0.000000,0.00
randomArrays.txt,2,235,0.002088,0.000000,0.00
randomArrays.txt,3,235,0.001224,0.000000,0.00
randomArrays.txt,1,377,0.002478,0.015625,0.00
randomArrays.txt,2,377,0.001486,0.000000,0.00
randomArrays.txt,3,377,0.001972,0.000000,0.00
randomArrays.txt,1,448,0.003123,0.000000,0.00
randomArrays.txt,2,448,0.003163,0.000000,0.00
randomArrays.txt,3,448,0.003129,0.015625,0.00
randomArrays.txt,1,999,0.009672,0.015625,0.00
randomArrays.txt,2,999,0.005729,0.000000,0.00
randomArrays.txt,3,999,0.009606,0.015625,0.00
randomArrays.txt,1,98,0.000475,0.000000,0.00
randomArrays.txt,2,98,0.000475,0.000000,0.00
randomArrays.txt,3,98,0.000473,0.000000,0.00
randomArrays.txt,1,456,0.003180,0.000000,0.00
randomArrays.txt,2,456,0.003182,0.000000,0.00
randomArrays.txt,3,456,0.003206,0.015625,0.00
randomArrays.txt,1,118,0.000958,0.000000,0.00
randomArrays.txt,2,118,0.000935,0.000000,0.00
randomArrays.txt,3,118,0.000837,0.000000,0.00
randomArrays.txt,1,406,0.003028,0.000000,0.00
randomArrays.txt,2,406,0.002431,0.000000,0.00
randomArrays.txt,3,406,0.002376,0.000000,0.00
randomArrays.txt,1,33,0.000189,0.000000,0.00
randomArrays.txt,2,33,0.000579,0.000000,0.00
randomArrays.txt,3,33,0.000110,0.000000,0.00
randomArrays.txt,1,517,0.006006,0.000000,0.00
randomArrays.txt,2,517,0.006034,0.015625,0.00
randomArrays.txt,3,517,0.004960,0.000000,0.00
randomArrays.txt,1,248,0.001617,0.000000,0.00
randomArrays.txt,2,248,0.001620,0.000000,0.00
randomArrays.txt,3,248,0.001601,0.000000,0.00
randomArrays.txt,1,61,0.000379,0.000000,0.00
randomArrays.txt,2,61,0.000379,0.000000,0.00
randomArrays.txt,3,61,0.000386,0.000000,0.00
randomArrays.txt,1,547,0.005846,0.015625,0.00
randomArrays.txt,2,547,0.002625,0.000000,0.00
randomArrays.txt,3,547,0.002487,0.000000,0.00
randomArrays.txt,1,602,0.009315,0.000000,0.00
randomArrays.txt,2,602,0.007131,0.000000,0.00
randomArrays.txt,3,602,0.007198,0.015625,0.00
randomArrays.txt,1,579,0.005540,0.015625,0.00
randomArrays.txt,2,579,0.004658,0.000000,0.00
randomArrays.txt,3,579,0.004522,0.000000,0.00
randomArrays.txt,1,972,0.007978,0.000000,0.00
randomArrays.txt,2,972,0.006643,0.015625,0.00
randomArrays.txt,3,972,0.008006,0.000000,0.00
randomArrays.txt,1,653,0.003116,0.000000,0.00
randomArrays.txt,2,653,0.005121,0.000000,0.00
randomArrays.txt,3,653,0.005145,0.015625,0.00
randomArrays.txt,1,866,0.006910,0.015625,0.00
randomArrays.txt,2,866,0.007042,0.000000,0.00
randomArrays.txt,3,866,0.006941,0.015625,0.00
randomArrays.txt,1,417,0.002898,0.000000,0.00
randomArrays.txt,2,417,0.002784,0.015625,0.00
randomArrays.txt,3,417,0.002771,0.000000,0.00
randomArrays.txt,1,386,0.002931,0.000000,0.00
randomArrays.txt,2,386,0.002932,0.000000,0.00
randomArrays.txt,3,386,0.002953,0.015625,0.00
randomArrays.txt,1,349,0.003780,0.000000,0.00
randomArrays.txt,2,349,0.004221,0.015625,0.00
randomArrays.txt,3,349,0.004270,0.000000,0.00
randomArrays.txt,1,598,0.003908,0.015625,0.00
randomArrays.txt,2,598,0.002542,0.000000,0.00
randomArrays.txt,3,598,0.002982,0.000000,0.00
randomArrays.txt,1,856,0.005114,0.000000,0.00
randomArrays.txt,2,856,0.007586,0.000000,0.00
randomArrays.txt,3,856,0.007848,0.015625,0.00
randomArrays.txt,1,152,0.000789,0.000000,0.00
randomArrays.txt,2,152,0.000837,0.000000,0.00
randomArrays.txt,3,152,0.000835,0.000000,0.00
randomArrays.txt,1,436,0.003489,0.015625,0.00
randomArrays.txt,2,436,0.003882,0.000000,0.00
randomArrays.txt,3,436,0.003465,0.000000,0.00
randomArrays.txt,1,356,0.002420,0.000000,0.00
randomArrays.txt,2,356,0.002413,0.015625,0.00
randomArrays.txt,3,356,0.002417,0.000000,0.00
randomArrays.txt,1,598,0.005285,0.000000,0.00
randomArrays.txt,2,598,0.004379,0.015625,0.00
randomArrays.txt,3,598,0.004291,0.000000,0.00
randomArrays.txt,1,578,0.005629,0.000000,0.00
randomArrays.txt,2,578,0.004387,0.000000,0.00
randomArrays.txt,3,578,0.005401,0.015625,0.00
randomArrays.txt,1,786,0.006417,0.000000,0.00
randomArrays.txt,2,786,0.006421,0.015625,0.00
randomArrays.txt,3,786,0.006395,0.000000,0.00
randomArrays.txt,1,124,0.000738,0.000000,0.00
randomArrays.txt,2,124,0.000955,0.000000,0.00
randomArrays.txt,3,124,0.000734,0.000000,0.00
randomArrays.txt,1,439,0.002150,0.000000,0.00
randomArrays.txt,2,439,0.003244,0.015625,0.00
randomArrays.txt,3,439,0.003262,0.000000,0.00
randomArrays.txt,1,492,0.002381,0.000000,0.00
randomArrays.txt,2,492,0.003650,0.015625,0.00
randomArrays.txt,3,492,0.003650,0.000000,0.00
randomArrays.txt,1,207,0.001297,0.000000,0.00
randomArrays.txt,2,207,0.001297,0.000000,0.00
randomArrays.txt,3,207,0.001297,0.015625,0.00
randomArrays.txt,1,100,0.000676,0.000000,0.00
randomArrays.txt,2,100,0.001697,0.000000,0.00
randomArrays.txt,3,100,0.000689,0.000000,0.00
randomArrays.txt,1,591,0.006699,0.000000,0.00
randomArrays.txt,2,591,0.002537,0.000000,0.00
randomArrays.txt,3,591,0.002362,0.000000,0.00
randomArrays.txt,1,397,0.001787,0.015625,0.00
randomArrays.txt,2,397,0.002917,0.000000,0.00
randomArrays.txt,3,397,0.002906,0.000000,0.00
randomArrays.txt,1,295,0.001470,0.000000,0.00
randomArrays.txt,2,295,0.001949,0.000000,0.00
randomArrays.txt,3,295,0.001544,0.000000,0.00
randomArrays.txt,1,733,0.006332,0.015625,0.00
randomArrays.txt,2,733,0.006323,0.000000,0.00
randomArrays.txt,3,733,0.006318,0.015625,0.00
randomArrays.txt,1,231,0.001366,0.000000,0.00
randomArrays.txt,2,231,0.001413,0.000000,0.00
randomArrays.txt,3,231,0.001384,0.000000,0.00
randomArrays.txt,1,565,0.006037,0.015625,0.00
randomArrays.txt,2,565,0.006145,0.000000,0.00
randomArrays.txt,3,565,0.006137,0.015625,0.00
randomArrays.txt,1,910,0.004936,0.015625,0.00
randomArrays.txt,2,910,0.003801,0.000000,0.00
randomArrays.txt,3,910,0.007710,0.015625,0.00
randomArrays.txt,1,74,0.000595,0.000000,0.00
randomArrays.txt,2,74,0.000600,0.000000,0.00
randomArrays.txt,3,74,0.000602,0.015625,0.00
randomArrays.txt,1,647,0.006202,0.000000,0.00
randomArrays.txt,2,647,0.002929,0.000000,0.00
randomArrays.txt,3,647,0.005172,0.015625,0.00
randomArrays.txt,1,456,0.005285,0.000000,0.00
randomArrays.txt,2,456,0.005296,0.015625,0.00
randomArrays.txt,3,456,0.003736,0.000000,0.00
randomArrays.txt,1,954,0.007660,0.015625,0.00
randomArrays.txt,2,954,0.004111,0.000000,0.00
randomArrays.txt,3,954,0.006361,0.015625,0.00
randomArrays.txt,1,495,0.002271,0.000000,0.00
randomArrays.txt,2,495,0.002294,0.015625,0.00
randomArrays.txt,3,495,0.003510,0.000000,0.00
randomArrays.txt,1,487,0.003700,0.000000,0.00
randomArrays.txt,2,487,0.003685,0.000000,0.00
randomArrays.txt,3,487,0.003712,0.015625,0.00
randomArrays.txt,1,559,0.005967,0.000000,0.00
randomArrays.txt,2,559,0.002771,0.000000,0.00
randomArrays.txt,3,559,0.002429,0.000000,0.00
randomArrays.txt,1,512,0.003495,0.000000,0.00
randomArrays.txt,2,512,0.003803,0.000000,0.00
randomArrays.txt,3,512,0.003815,0.015625,0.00
randomArrays.txt,1,247,0.001574,0.000000,0.00
randomArrays.txt,2,247,0.001534,0.000000,0.00
randomArrays.txt,3,247,0.001541,0.000000,0.00
randomArrays.txt,1,219,0.001272,0.000000,0.00
randomArrays.txt,2,219,0.001265,0.000000,0.00
randomArrays.txt,3,219,0.002207,0.000000,0.00
randomArrays.txt,1,839,0.003407,0.015625,0.00
randomArrays.txt,2,839,0.003325,0.000000,0.00
randomArrays.txt,3,839,0.006681,0.015625,0.00
randomArrays.txt,1,887,0.003470,0.000000,0.00
randomArrays.txt,2,887,0.007308,0.015625,0.00
randomArrays.txt,3,887,0.007268,0.000000,0.00
randomArrays.txt,1,942,0.006824,0.000000,0.00
randomArrays.txt,2,942,0.006197,0.015625,0.00
randomArrays.txt,3,942,0.005093,0.000000,0.00
randomArrays.txt,1,920,0.005103,0.000000,0.00
randomArrays.txt,2,920,0.008065,0.015625,0.00
randomArrays.txt,3,920,0.004236,0.000000,0.00
randomArrays.txt,1,868,0.006251,0.015625,0.00
randomArrays.txt,2,868,0.007899,0.015625,0.00
randomArrays.txt,3,868,0.006957,0.000000,0.00
randomArrays.txt,1,25,0.000072,0.000000,0.00
randomArrays.txt,2,25,0.000072,0.000000,0.00
randomArrays.txt,3,25,0.000072,0.000000,0.00
randomArrays.txt,1,174,0.001084,0.000000,0.00
randomArrays.txt,2,174,0.001088,0.000000,0.00
randomArrays.txt,3,174,0.001086,0.000000,0.00
randomArrays.txt,1,818,0.006444,0.000000,0.00
randomArrays.txt,2,818,0.006238,0.015625,0.00
randomArrays.txt,3,818,0.006256,0.000000,0.00
randomArrays.txt,1,660,0.006633,0.000000,0.00
randomArrays.txt,2,660,0.008754,0.015625,0.00
randomArrays.txt,3,660,0.007644,0.000000,0.00
randomArrays.txt,1,592,0.004495,0.000000,0.00
randomArrays.txt,2,592,0.004492,0.015625,0.00
randomArrays.txt,3,592,0.006122,0.000000,0.00
randomArrays.txt,1,942,0.008342,0.015625,0.00
randomArrays.txt,2,942,0.007729,0.000000,0.00
randomArrays.txt,3,942,0.008214,0.015625,0.00
randomArrays.txt,1,962,0.004234,0.000000,0.00
randomArrays.txt,2,962,0.011008,0.015625,0.00
randomArrays.txt,3,962,0.007235,0.015625,0.00
randomArrays.txt,1,254,0.001805,0.000000,0.00
randomArrays.txt,2,254,0.001779,0.000000,0.00
randomArrays.txt,3,254,0.002209,0.000000,0.00
randomArrays.txt,1,527,0.002104,0.000000,0.00
randomArrays.txt,2,527,0.003761,0.015625,0.00
randomArrays.txt,3,527,0.003786,0.000000,0.00
randomArrays.txt,1,786,0.003603,0.000000,0.00
randomArrays.txt,2,786,0.003404,0.000000,0.00
randomArrays.txt,3,786,0.006445,0.015625,0.00
randomArrays.txt,1,179,0.001070,0.000000,0.00
randomArrays.txt,2,179,0.001086,0.000000,0.00
randomArrays.txt,3,179,0.001945,0.000000,0.00
randomArrays.txt,1,678,0.006015,0.000000,0.00
randomArrays.txt,2,678,0.003222,0.000000,0.00
randomArrays.txt,3,678,0.006057,0.015625,0.00
randomArrays.txt,1,950,0.006807,0.015625,0.00
randomArrays.txt,2,950,0.008797,0.000000,0.00
randomArrays.txt,3,950,0.007139,0.015625,0.00
randomArrays.txt,1,538,0.003862,0.000000,0.00
randomArrays.txt,2,538,0.003318,0.000000,0.00
randomArrays.txt,3,538,0.003864,0.000000,0.00
randomArrays.txt,1,185,0.001333,0.000000,0.00
randomArrays.txt,2,185,0.001133,0.000000,0.00
randomArrays.txt,3,185,0.001259,0.015625,0.00
randomArrays.txt,1,689,0.005981,0.015625,0.00
randomArrays.txt,2,689,0.005980,0.000000,0.00
randomArrays.txt,3,689,0.006018,0.015625,0.00
randomArrays.txt,1,161,0.001143,0.000000,0.00
randomArrays.txt,2,161,0.001464,0.015625,0.00
randomArrays.txt,3,161,0.001308,0.000000,0.00
randomArrays.txt,1,509,0.004103,0.000000,0.00
randomArrays.txt,2,509,0.005336,0.015625,0.00
randomArrays.txt,3,509,0.005835,0.000000,0.00
randomArrays.txt,1,376,0.002456,0.000000,0.00
randomArrays.txt,2,376,0.003415,0.015625,0.00
randomArrays.txt,3,376,0.003737,0.000000,0.00
randomArrays.txt,1,766,0.006648,0.015625,0.00
randomArrays.txt,2,766,0.009783,0.000000,0.00
randomArrays.txt,3,766,0.009275,0.015625,0.00
randomArrays.txt,1,706,0.005285,0.000000,0.00
randomArrays.txt,2,706,0.005329,0.015625,0.00
randomArrays.txt,3,706,0.005394,0.000000,0.00
randomArrays.txt,1,644,0.004173,0.000000,0.00
randomArrays.txt,2,644,0.005041,0.015625,0.00
randomArrays.txt,3,644,0.005014,0.000000,0.00
randomArrays.txt,1,758,0.006259,0.015625,0.00
randomArrays.txt,2,758,0.006294,0.000000,0.00
randomArrays.txt,3,758,0.006326,0.015625,0.00
randomArrays.txt,1,747,0.003928,0.000000,0.00
randomArrays.txt,2,747,0.006886,0.015625,0.00
randomArrays.txt,3,747,0.006880,0.000000,0.00
randomArrays.txt,1,349,0.002703,0.000000,0.00
randomArrays.txt,2,349,0.002822,0.000000,0.00
randomArrays.txt,3,349,0.003032,0.000000,0.00
randomArrays.txt,1,574,0.004511,0.015625,0.00
randomArrays.txt,2,574,0.003846,0.000000,0.00
randomArrays.txt,3,574,0.005420,0.015625,0.00
randomArrays.txt,1,888,0.007157,0.000000,0.00
randomArrays.txt,2,888,0.007064,0.015625,0.00
randomArrays.txt,3,888,0.006216,0.000000,0.00
randomArrays.txt,1,235,0.001553,0.000000,0.00
randomArrays.txt,2,235,0.001508,0.000000,0.00
randomArrays.txt,3,235,0.001489,0.000000,0.00
randomArrays.txt,1,653,0.005083,0.000000,0.00
randomArrays.txt,2,653,0.004858,0.015625,0.00
randomArrays.txt,3,653,0.002798,0.000000,0.00
randomArrays.txt,1,630,0.005533,0.000000,0.00
randomArrays.txt,2,630,0.005394,0.000000,0.00
randomArrays.txt,3,630,0.003765,0.015625,0.00
randomArrays.txt,1,76,0.000499,0.000000,0.00
randomArrays.txt,2,76,0.000371,0.015625,0.00
randomArrays.txt,3,76,0.000524,0.000000,0.00
randomArrays.txt,1,436,0.003390,0.015625,0.00
randomArrays.txt,2,436,0.004264,0.000000,0.00
randomArrays.txt,3,436,0.004872,0.015625,0.00
randomArrays.txt,1,771,0.003180,0.000000,0.00
randomArrays.txt,2,771,0.003150,0.000000,0.00
randomArrays.txt,3,771,0.003141,0.000000,0.00
randomArrays.txt,1,217,0.001201,0.000000,0.00
randomArrays.txt,2,217,0.001203,0.000000,0.00
randomArrays.txt,3,217,0.001198,0.000000,0.00
randomArrays.txt,1,419,0.003253,0.015625,0.00
randomArrays.txt,2,419,0.002126,0.000000,0.00
randomArrays.txt,3,419,0.003007,0.000000,0.00
randomArrays.txt,1,860,0.007088,0.000000,0.00
randomArrays.txt,2,860,0.007030,0.015625,0.00
randomArrays.txt,3,860,0.005693,0.000000,0.00
randomArrays.txt,1,288,0.001796,0.000000,0.00
randomArrays.txt,2,288,0.001939,0.000000,0.00
randomArrays.txt,3,288,0.001690,0.000000,0.00
randomArrays.txt,1,280,0.002550,0.000000,0.00
randomArrays.txt,2,280,0.002816,0.000000,0.00
randomArrays.txt,3,280,0.002644,0.000000,0.00
randomArrays.txt,1,242,0.002165,0.000000,0.00
randomArrays.txt,2,242,0.001942,0.015625,0.00
randomArrays.txt,3,242,0.002027,0.000000,0.00
randomArrays.txt,1,602,0.002888,0.000000,0.00
randomArrays.txt,2,602,0.002417,0.000000,0.00
randomArrays.txt,3,602,0.002276,0.000000,0.00
randomArrays.txt,1,44,0.000201,0.000000,0.00
randomArrays.txt,2,44,0.000203,0.000000,0.00
randomArrays.txt,3,44,0.000203,0.000000,0.00
randomArrays.txt,1,547,0.002151,0.000000,0.00
randomArrays.txt,2,547,0.002705,0.000000,0.00
randomArrays.txt,3,547,0.004662,0.015625,0.00
randomArrays.txt,1,860,0.005769,0.015625,0.00
randomArrays.txt,2,860,0.005410,0.000000,0.00
randomArrays.txt,3,860,0.007870,0.015625,0.00
randomArrays.txt,1,737,0.003360,0.015625,0.00
randomArrays.txt,2,737,0.003385,0.000000,0.00
randomArrays.txt,3,737,0.003001,0.000000,0.00
randomArrays.txt,1,738,0.008465,0.015625,0.00
randomArrays.txt,2,738,0.004771,0.000000,0.00
randomArrays.txt,3,738,0.006018,0.015625,0.00
randomArrays.txt,1,725,0.005086,0.000000,0.00
randomArrays.txt,2,725,0.006323,0.015625,0.00
randomArrays.txt,3,725,0.004897,0.000000,0.00
randomArrays.txt,1,684,0.005319,0.000000,0.00
randomArrays.txt,2,684,0.004652,0.000000,0.00
randomArrays.txt,3,684,0.005636,0.000000,0.00
randomArrays.txt,1,233,0.002081,0.000000,0.00
randomArrays.txt,2,233,0.001962,0.015625,0.00
randomArrays.txt,3,233,0.001508,0.000000,0.00
randomArrays.txt,1,342,0.002479,0.000000,0.00
randomArrays.txt,2,342,0.001899,0.000000,0.00
randomArrays.txt,3,342,0.002740,0.000000,0.00
randomArrays.txt,1,855,0.006810,0.015625,0.00
randomArrays.txt,2,855,0.007579,0.000000,0.00
randomArrays.txt,3,855,0.005454,0.015625,0.00
randomArrays.txt,1,861,0.010135,0.015625,0.00
randomArrays.txt,2,861,0.005494,0.000000,0.00
randomArrays.txt,3,861,0.011496,0.015625,0.00
randomArrays.txt,1,566,0.004315,0.000000,0.00
randomArrays.txt,2,566,0.004284,0.000000,0.00
randomArrays.txt,3,566,0.004289,0.000000,0.00
randomArrays.txt,1,406,0.002322,0.000000,0.00
randomArrays.txt,2,406,0.003279,0.000000,0.00
randomArrays.txt,3,406,0.003145,0.000000,0.00
randomArrays.txt,1,192,0.001094,0.000000,0.00
randomArrays.txt,2,192,0.001091,0.000000,0.00
randomArrays.txt,3,192,0.001114,0.000000,0.00
randomArrays.txt,1,850,0.003613,0.000000,0.00
randomArrays.txt,2,850,0.003876,0.000000,0.00
randomArrays.txt,3,850,0.003385,0.000000,0.00
randomArrays.txt,1,609,0.007404,0.000000,0.00
randomArrays.txt,2,609,0.008147,0.015625,0.00
randomArrays.txt,3,609,0.005137,0.000000,0.00
randomArrays.txt,1,18,0.000066,0.000000,0.00
randomArrays.txt,2,18,0.000040,0.000000,0.00
randomArrays.txt,3,18,0.000055,0.000000,0.00
randomArrays.txt,1,482,0.005580,0.015625,0.00
randomArrays.txt,2,482,0.005137,0.000000,0.00
randomArrays.txt,3,482,0.005453,0.015625,0.00
randomArrays.txt,1,264,0.001784,0.000000,0.00
randomArrays.txt,2,264,0.002371,0.000000,0.00
randomArrays.txt,3,264,0.002720,0.015625,0.00
randomArrays.txt,1,319,0.001996,0.000000,0.00
randomArrays.txt,2,319,0.001544,0.000000,0.00
randomArrays.txt,3,319,0.001412,0.000000,0.00
randomArrays.txt,1,252,0.001468,0.000000,0.00
randomArrays.txt,2,252,0.002349,0.000000,0.00
randomArrays.txt,3,252,0.001327,0.000000,0.00
randomArrays.txt,1,342,0.002149,0.000000,0.00
randomArrays.txt,2,342,0.003168,0.015625,0.00
randomArrays.txt,3,342,0.002419,0.000000,0.00
randomArrays.txt,1,252,0.001771,0.000000,0.00
randomArrays.txt,2,252,0.001608,0.000000,0.00
randomArrays.txt,3,252,0.001588,0.000000,0.00
randomArrays.txt,1,205,0.001734,0.000000,0.00
randomArrays.txt,2,205,0.001774,0.000000,0.00
randomArrays.txt,3,205,0.001791,0.000000,0.00
randomArrays.txt,1,942,0.007572,0.000000,0.00
randomArrays.txt,2,942,0.007863,0.015625,0.00
randomArrays.txt,3,942,0.007152,0.000000,0.00
randomArrays.txt,1,744,0.009253,0.000000,0.00
randomArrays.txt,2,744,0.005306,0.015625,0.00
randomArrays.txt,3,744,0.004743,0.000000,0.00
randomArrays.txt,1,537,0.003926,0.000000,0.00
randomArrays.txt,2,537,0.003906,0.000000,0.00
randomArrays.txt,3,537,0.003948,0.000000,0.00
randomArrays.txt,1,501,0.003455,0.000000,0.00
randomArrays.txt,2,501,0.003452,0.000000,0.00
randomArrays.txt,3,501,0.003434,0.000000,0.00
randomArrays.txt,1,853,0.006412,0.000000,0.00
randomArrays.txt,2,853,0.007568,0.015625,0.00
randomArrays.txt,3,853,0.006545,0.000000,0.00
randomArrays.txt,1,341,0.001414,0.000000,0.00
randomArrays.txt,2,341,0.002439,0.000000,0.00
randomArrays.txt,3,341,0.002235,0.015625,0.00
randomArrays.txt,1,800,0.006542,0.000000,0.00
randomArrays.txt,2,800,0.005490,0.000000,0.00
randomArrays.txt,3,800,0.006462,0.015625,0.00
randomArrays.txt,1,857,0.007659,0.000000,0.00
randomArrays.txt,2,857,0.005795,0.015625,0.00
randomArrays.txt,3,857,0.004353,0.000000,0.00
randomArrays.txt,1,427,0.002761,0.000000,0.00
randomArrays.txt,2,427,0.002751,0.000000,0.00
randomArrays.txt,3,427,0.002508,0.000000,0.00
randomArrays.txt,1,647,0.003383,0.000000,0.00
randomArrays.txt,2,647,0.003234,0.000000,0.00
randomArrays.txt,3,647,0.007437,0.015625,0.00
randomArrays.txt,1,76,0.000519,0.000000,0.00
randomArrays.txt,2,76,0.000623,0.000000,0.00
randomArrays.txt,3,76,0.000554,0.000000,0.00
randomArrays.txt,1,677,0.006388,0.015625,0.00
randomArrays.txt,2,677,0.006370,0.000000,0.00
randomArrays.txt,3,677,0.006256,0.015625,0.00
randomArrays.txt,1,579,0.004344,0.000000,0.00
randomArrays.txt,2,579,0.003358,0.000000,0.00
randomArrays.txt,3,579,0.004302,0.000000,0.00
randomArrays.txt,1,731,0.006034,0.000000,0.00
randomArrays.txt,2,731,0.005962,0.000000,0.00
randomArrays.txt,3,731,0.005961,0.015625,0.00
randomArrays.txt,1,704,0.005613,0.000000,0.00
randomArrays.txt,2,704,0.005534,0.015625,0.00
randomArrays.txt,3,704,0.005628,0.000000,0.00
randomArrays.txt,1,266,0.002258,0.000000,0.00
randomArrays.txt,2,266,0.002195,0.000000,0.00
randomArrays.txt,3,266,0.002666,0.000000,0.00
randomArrays.txt,1,961,0.010567,0.015625,0.00
randomArrays.txt,2,961,0.010910,0.015625,0.00
randomArrays.txt,3,961,0.007758,0.000000,0.00
randomArrays.txt,1,263,0.001330,0.000000,0.00
randomArrays.txt,2,263,0.002353,0.015625,0.00
randomArrays.txt,3,263,0.001693,0.000000,0.00
randomArrays.txt,1,434,0.003867,0.000000,0.00
randomArrays.txt,2,434,0.002135,0.015625,0.00
randomArrays.txt,3,434,0.003649,0.000000,0.00
randomArrays.txt,1,484,0.001986,0.000000,0.00
randomArrays.txt,2,484,0.003849,0.000000,0.00
randomArrays.txt,3,484,0.002455,0.000000,0.00
randomArrays.txt,1,163,0.001310,0.000000,0.00
randomArrays.txt,2,163,0.001197,0.000000,0.00
randomArrays.txt,3,163,0.001212,0.000000,0.00
randomArrays.txt,1,984,0.007944,0.015625,0.00
randomArrays.txt,2,984,0.007408,0.015625,0.00
randomArrays.txt,3,984,0.003836,0.000000,0.00
randomArrays.txt,1,211,0.001150,0.000000,0.00
randomArrays.txt,2,211,0.001466,0.000000,0.00
randomArrays.txt,3,211,0.001412,0.000000,0.00
randomArrays.txt,1,185,0.000821,0.000000,0.00
randomArrays.txt,2,185,0.001034,0.000000,0.00
randomArrays.txt,3,185,0.001038,0.000000,0.00
randomArrays.txt,1,467,0.003056,0.015625,0.00
randomArrays.txt,2,467,0.003785,0.000000,0.00
randomArrays.txt,3,467,0.003056,0.000000,0.00
randomArrays.txt,1,214,0.001518,0.000000,0.00
randomArrays.txt,2,214,0.001329,0.000000,0.00
randomArrays.txt,3,214,0.001118,0.000000,0.00
randomArrays.txt,1,35,0.000204,0.000000,0.00
randomArrays.txt,2,35,0.000111,0.000000,0.00
randomArrays.txt,3,35,0.000196,0.000000,0.00
randomArrays.txt,1,141,0.001091,0.000000,0.00
randomArrays.txt,2,141,0.001556,0.000000,0.00
randomArrays.txt,3,141,0.001340,0.000000,0.00
randomArrays.txt,1,559,0.005639,0.015625,0.00
randomArrays.txt,2,559,0.002826,0.000000,0.00
randomArrays.txt,3,559,0.002454,0.000000,0.00
randomArrays.txt,1,706,0.004878,0.000000,0.00
randomArrays.txt,2,706,0.006140,0.015625,0.00
randomArrays.txt,3,706,0.005195,0.000000,0.00
randomArrays.txt,1,68,0.000272,0.000000,0.00
randomArrays.txt,2,68,0.000250,0.000000,0.00
randomArrays.txt,3,68,0.000431,0.000000,0.00
randomArrays.txt,1,12,0.000054,0.000000,0.00
randomArrays.txt,2,12,0.000051,0.000000,0.00
randomArrays.txt,3,12,0.000068,0.000000,0.00
randomArrays.txt,1,405,0.002729,0.015625,0.00
randomArrays.txt,2,405,0.001814,0.000000,0.00
randomArrays.txt,3,405,0.002065,0.000000,0.00
randomArrays.txt,1,288,0.002079,0.000000,0.00
randomArrays.txt,2,288,0.003412,0.000000,0.00
randomArrays.txt,3,288,0.001861,0.015625,0.00
randomArrays.txt,1,955,0.045426,0.015625,0.00
randomArrays.txt,2,955,0.013913,0.015625,0.00
randomArrays.txt,3,955,0.013824,0.015625,0.00
randomArrays.txt,1,50,0.000344,0.000000,0.00
randomArrays.txt,2,50,0.000338,0.000000,0.00
randomArrays.txt,3,50,0.000337,0.000000,0.00
randomArrays.txt,1,752,0.004894,0.000000,0.00
randomArrays.txt,2,752,0.005860,0.000000,0.00
randomArrays.txt,3,752,0.005966,0.015625,0.00
randomArrays.txt,1,695,0.004363,0.000000,0.00
randomArrays.txt,2,695,0.005659,0.000000,0.00
randomArrays.txt,3,695,0.005635,0.015625,0.00
randomArrays.txt,1,186,0.001142,0.000000,0.00
randomArrays.txt,2,186,0.001129,0.000000,0.00
randomArrays.txt,3,186,0.001132,0.000000,0.00
randomArrays.txt,1,737,0.007536,0.015625,0.00
randomArrays.txt,2,737,0.007569,0.015625,0.00
randomArrays.txt,3,737,0.007486,0.000000,0.00
randomArrays.txt,1,948,0.009807,0.015625,0.00
randomArrays.txt,2,948,0.007509,0.015625,0.00
randomArrays.txt,3,948,0.011146,0.015625,0.00
randomArrays.txt,1,151,0.000835,0.000000,0.00
randomArrays.txt,2,151,0.002657,0.000000,0.00
randomArrays.txt,3,151,0.000797,0.000000,0.00
randomArrays.txt,1,46,0.000193,0.000000,0.00
randomArrays.txt,2,46,0.000142,0.000000,0.00
randomArrays.txt,3,46,0.000143,0.000000,0.00
randomArrays.txt,1,968,0.005013,0.000000,0.00
randomArrays.txt,2,968,0.007118,0.000000,0.00
randomArrays.txt,3,968,0.009640,0.015625,0.00
randomArrays.txt,1,333,0.002163,0.000000,0.00
randomArrays.txt,2,333,0.002469,0.015625,0.00
randomArrays.txt,3,333,0.002156,0.000000,0.00
randomArrays.txt,1,189,0.001512,0.000000,0.00
randomArrays.txt,2,189,0.001163,0.000000,0.00
randomArrays.txt,3,189,0.001176,0.000000,0.00
randomArrays.txt,1,190,0.001290,0.015625,0.00
randomArrays.txt,2,190,0.001150,0.000000,0.00
randomArrays.txt,3,190,0.001310,0.000000,0.00
randomArrays.txt,1,589,0.004243,0.015625,0.00
randomArrays.txt,2,589,0.004598,0.000000,0.00
randomArrays.txt,3,589,0.004751,0.000000,0.00
randomArrays.txt,1,230,0.001381,0.000000,0.00
randomArrays.txt,2,230,0.001548,0.000000,0.00
randomArrays.txt,3,230,0.002491,0.000000,0.00
randomArrays.txt,1,535,0.004185,0.000000,0.00
randomArrays.txt,2,535,0.004342,0.000000,0.00
randomArrays.txt,3,535,0.004301,0.015625,0.00
randomArrays.txt,1,189,0.001247,0.000000,0.00
randomArrays.txt,2,189,0.001295,0.000000,0.00
randomArrays.txt,3,189,0.001322,0.015625,0.00
randomArrays.txt,1,948,0.009452,0.015625,0.00
randomArrays.txt,2,948,0.007332,0.000000,0.00
randomArrays.txt,3,948,0.004412,0.000000,0.00
randomArrays.txt,1,834,0.006977,0.000000,0.00
randomArrays.txt,2,834,0.007578,0.015625,0.00
randomArrays.txt,3,834,0.006903,0.000000,0.00
randomArrays.txt,1,273,0.001729,0.000000,0.00
randomArrays.txt,2,273,0.001712,0.000000,0.00
randomArrays.txt,3,273,0.001708,0.000000,0.00
randomArrays.txt,1,773,0.009603,0.000000,0.00
randomArrays.txt,2,773,0.005095,0.015625,0.00
randomArrays.txt,3,773,0.006338,0.000000,0.00
randomArrays.txt,1,342,0.002793,0.000000,0.00
randomArrays.txt,2,342,0.002774,0.000000,0.00
randomArrays.txt,3,342,0.003354,0.000000,0.00
randomArrays.txt,1,995,0.008408,0.015625,0.00
randomArrays.txt,2,995,0.008372,0.000000,0.00
randomArrays.txt,3,995,0.006568,0.015625,0.00
randomArrays.txt,1,221,0.001232,0.000000,0.00
randomArrays.txt,2,221,0.001149,0.015625,0.00
randomArrays.txt,3,221,0.001253,0.000000,0.00
randomArrays.txt,1,519,0.003724,0.015625,0.00
randomArrays.txt,2,519,0.002492,0.000000,0.00
randomArrays.txt,3,519,0.003734,0.000000,0.00
randomArrays.txt,1,479,0.004012,0.000000,0.00
randomArrays.txt,2,479,0.004007,0.015625,0.00
randomArrays.txt,3,479,0.004010,0.000000,0.00
randomArrays.txt,1,155,0.000832,0.000000,0.00
randomArrays.txt,2,155,0.000818,0.000000,0.00
randomArrays.txt,3,155,0.000812,0.000000,0.00
randomArrays.txt,1,756,0.005966,0.015625,0.00
randomArrays.txt,2,756,0.005989,0.000000,0.00
randomArrays.txt,3,756,0.004148,0.015625,0.00
randomArrays.txt,1,658,0.004182,0.015625,0.00
randomArrays.txt,2,658,0.003186,0.000000,0.00
randomArrays.txt,3,658,0.003225,0.000000,0.00
randomArrays.txt,1,213,0.001452,0.000000,0.00
randomArrays.txt,2,213,0.001537,0.000000,0.00
randomArrays.txt,3,213,0.001935,0.000000,0.00
randomArrays.txt,1,467,0.005156,0.000000,0.00
randomArrays.txt,2,467,0.005232,0.015625,0.00
randomArrays.txt,3,467,0.001915,0.000000,0.00
randomArrays.txt,1,191,0.001095,0.000000,0.00
randomArrays.txt,2,191,0.001094,0.000000,0.00
randomArrays.txt,3,191,0.001119,0.000000,0.00
randomArrays.txt,1,744,0.004079,0.000000,0.00
randomArrays.txt,2,744,0.006898,0.015625,0.00
randomArrays.txt,3,744,0.006133,0.000000,0.00
randomArrays.txt,1,122,0.001453,0.000000,0.00
randomArrays.txt,2,122,0.000475,0.000000,0.00
randomArrays.txt,3,122,0.000500,0.000000,0.00
randomArrays.txt,1,178,0.000972,0.000000,0.00
randomArrays.txt,2,178,0.000964,0.000000,0.00
randomArrays.txt,3,178,0.001056,0.000000,0.00
randomArrays.txt,1,760,0.006513,0.000000,0.00
randomArrays.txt,2,760,0.006566,0.000000,0.00
randomArrays.txt,3,760,0.006568,0.015625,0.00
randomArrays.txt,1,524,0.004166,0.015625,0.00
randomArrays.txt,2,524,0.005998,0.000000,0.00
randomArrays.txt,3,524,0.005674,0.000000,0.00
randomArrays.txt,1,264,0.002546,0.000000,0.00
randomArrays.txt,2,264,0.002524,0.000000,0.00
randomArrays.txt,3,264,0.002509,0.000000,0.00
randomArrays.txt,1,733,0.005725,0.000000,0.00
randomArrays.txt,2,733,0.005208,0.000000,0.00
randomArrays.txt,3,733,0.006108,0.000000,0.00
randomArrays.txt,1,759,0.006822,0.015625,0.00
randomArrays.txt,2,759,0.006988,0.000000,0.00
randomArrays.txt,3,759,0.006820,0.015625,0.00
randomArrays.txt,1,177,0.000955,0.000000,0.00
randomArrays.txt,2,177,0.000936,0.000000,0.00
randomArrays.txt,3,177,0.000949,0.000000,0.00
randomArrays.txt,1,53,0.000343,0.000000,0.00
randomArrays.txt,2,53,0.000333,0.000000,0.00
randomArrays.txt,3,53,0.000234,0.000000,0.00
randomArrays.txt,1,429,0.002220,0.000000,0.00
randomArrays.txt,2,429,0.001747,0.000000,0.00
randomArrays.txt,3,429,0.004413,0.000000,0.00
randomArrays.txt,1,508,0.005423,0.015625,0.00
randomArrays.txt,2,508,0.004701,0.000000,0.00
randomArrays.txt,3,508,0.003026,0.000000,0.00
randomArrays.txt,1,919,0.007310,0.015625,0.00
randomArrays.txt,2,919,0.007538,0.000000,0.00
randomArrays.txt,3,919,0.006829,0.015625,0.00
randomArrays.txt,1,412,0.002875,0.000000,0.00
randomArrays.txt,2,412,0.002876,0.000000,0.00
randomArrays.txt,3,412,0.002874,0.000000,0.00
randomArrays.txt,1,503,0.003866,0.015625,0.00
randomArrays.txt,2,503,0.003836,0.000000,0.00
randomArrays.txt,3,503,0.003847,0.000000,0.00
randomArrays.txt,1,115,0.000651,0.000000,0.00
randomArrays.txt,2,115,0.000922,0.000000,0.00
randomArrays.txt,3,115,0.000732,0.000000,0.00
randomArrays.txt,1,851,0.008021,0.000000,0.00
randomArrays.txt,2,851,0.003948,0.015625,0.00
randomArrays.txt,3,851,0.007948,0.000000,0.00
randomArrays.txt,1,848,0.007048,0.000000,0.00
randomArrays.txt,2,848,0.006947,0.015625,0.00
randomArrays.txt,3,848,0.007021,0.000000,0.00
randomArrays.txt,1,652,0.003687,0.000000,0.00
randomArrays.txt,2,652,0.005410,0.000000,0.00
randomArrays.txt,3,652,0.005421,0.000000,0.00
randomArrays.txt,1,693,0.006053,0.000000,0.00
randomArrays.txt,2,693,0.003334,0.000000,0.00
randomArrays.txt,3,693,0.009328,0.015625,0.00
randomArrays.txt,1,662,0.007654,0.000000,0.00
randomArrays.txt,2,662,0.004712,0.015625,0.00
randomArrays.txt,3,662,0.007751,0.000000,0.00
randomArrays.txt,1,815,0.003958,0.000000,0.00
randomArrays.txt,2,815,0.006589,0.000000,0.00
randomArrays.txt,3,815,0.006558,0.015625,0.00
randomArrays.txt,1,679,0.005280,0.015625,0.00
randomArrays.txt,2,679,0.005246,0.000000,0.00
randomArrays.txt,3,679,0.005596,0.015625,0.00
randomArrays.txt,1,141,0.000846,0.000000,0.00
randomArrays.txt,2,141,0.000838,0.000000,0.00
randomArrays.txt,3,141,0.000894,0.000000,0.00
randomArrays.txt,1,458,0.003588,0.015625,0.00
randomArrays.txt,2,458,0.003616,0.000000,0.00
randomArrays.txt,3,458,0.003619,0.000000,0.00
randomArrays.txt,1,378,0.002195,0.000000,0.00
randomArrays.txt,2,378,0.002198,0.000000,0.00
randomArrays.txt,3,378,0.002175,0.000000,0.00
randomArrays.txt,1,662,0.003429,0.015625,0.00
randomArrays.txt,2,662,0.006401,0.000000,0.00
randomArrays.txt,3,662,0.008296,0.015625,0.00
randomArrays.txt,1,809,0.005620,0.000000,0.00
randomArrays.txt,2,809,0.006143,0.000000,0.00
randomArrays.txt,3,809,0.004358,0.000000,0.00
randomArrays.txt,1,960,0.004703,0.000000,0.00
randomArrays.txt,2,960,0.008471,0.015625,0.00
randomArrays.txt,3,960,0.004148,0.000000,0.00
randomArrays.txt,1,454,0.003415,0.000000,0.00
randomArrays.txt,2,454,0.003520,0.015625,0.00
randomArrays.txt,3,454,0.003391,0.000000,0.00
randomArrays.txt,1,513,0.003964,0.015625,0.00
randomArrays.txt,2,513,0.002636,0.000000,0.00
randomArrays.txt,3,513,0.003939,0.000000,0.00
randomArrays.txt,1,965,0.003765,0.000000,0.00
randomArrays.txt,2,965,0.008150,0.015625,0.00
randomArrays.txt,3,965,0.006611,0.000000,0.00
randomArrays.txt,1,855,0.007257,0.000000,0.00
randomArrays.txt,2,855,0.003809,0.015625,0.00
randomArrays.txt,3,855,0.007273,0.000000,0.00
randomArrays.txt,1,257,0.001599,0.000000,0.00
randomArrays.txt,2,257,0.001571,0.000000,0.00
randomArrays.txt,3,257,0.002123,0.000000,0.00
randomArrays.txt,1,932,0.007964,0.015625,0.00
randomArrays.txt,2,932,0.009742,0.015625,0.00
randomArrays.txt,3,932,0.007670,0.000000,0.00
randomArrays.txt,1,112,0.000832,0.000000,0.00
randomArrays.txt,2,112,0.000833,0.000000,0.00
randomArrays.txt,3,112,0.000846,0.000000,0.00
randomArrays.txt,1,264,0.001564,0.015625,0.00
randomArrays.txt,2,264,0.001466,0.000000,0.00
randomArrays.txt,3,264,0.001459,0.000000,0.00
randomArrays.txt,1,404,0.003011,0.000000,0.00
randomArrays.txt,2,404,0.002938,0.000000,0.00
randomArrays.txt,3,404,0.002940,0.000000,0.00
randomArrays.txt,1,830,0.005685,0.000000,0.00
randomArrays.txt,2,830,0.005743,0.015625,0.00
randomArrays.txt,3,830,0.005785,0.000000,0.00
randomArrays.txt,1,115,0.000485,0.000000,0.00
randomArrays.txt,2,115,0.000464,0.000000,0.00
randomArrays.txt,3,115,0.000466,0.000000,0.00
randomArrays.txt,1,906,0.003972,0.000000,0.00
randomArrays.txt,2,906,0.006700,0.015625,0.00
randomArrays.txt,3,906,0.006500,0.000000,0.00
