Dataset,Algorithm,Run,Time(ms),CPU(%),Memory(MB)
randomArrays.txt,IterativeQuickSort,1,1.998700,0.00,0.00
randomArrays.txt,IterativeQuickSort,2,3.430000,0.00,0.00
randomArrays.txt,IterativeQuickSort,3,3.509500,0.00,0.00
randomArrays.txt,IterativeQuickSort,1,6.614900,59.05,0.00
randomArrays.txt,IterativeQuickSort,2,6.430200,0.00,0.00
randomArrays.txt,IterativeQuickSort,3,5.640700,69.25,0.00
randomArrays.txt,IterativeQuickSort,1,3.833600,0.00,0.00
randomArrays.txt,IterativeQuickSort,2,2.379000,0.00,0.00
randomArrays.txt,IterativeQuickSort,3,3.801400,0.00,0.00
randomArrays.txt,IterativeQuickSort,1,2.727200,0.00,0.00
randomArrays.txt,IterativeQuickSort,2,2.733300,0.00,0.00
randomArrays.txt,IterativeQuickSort,3,2.667800,0.00,0.00
randomArrays.txt,IterativeQuickSort,1,3.417800,0.00,0.00
randomArrays.txt,IterativeQuickSort,2,6.640200,0.00,0.00
randomArrays.txt,IterativeQuickSort,3,3.593100,108.72,0.00
randomArrays.txt,IterativeQuickSort,1,4.671700,0.00,0.00
randomArrays.txt,IterativeQuickSort,2,4.670000,83.65,0.00
randomArrays.txt,IterativeQuickSort,3,3.959600,0.00,0.00
randomArrays.txt,IterativeQuickSort,1,1.361200,0.00,0.00
randomArrays.txt,IterativeQuickSort,2,1.333100,0.00,0.00
randomArrays.txt,IterativeQuickSort,3,1.859700,210.05,0.00
randomArrays.txt,IterativeQuickSort,1,3.258500,119.88,0.00
randomArrays.txt,IterativeQuickSort,2,3.170800,0.00,0.00
randomArrays.txt,IterativeQuickSort,3,3.244500,0.00,0.00
randomArrays.txt,IterativeQuickSort,1,3.680600,0.00,0.00
randomArrays.txt,IterativeQuickSort,2,4.878900,80.06,0.00
randomArrays.txt,IterativeQuickSort,3,7.851500,0.00,0.00
randomArrays.txt,IterativeQuickSort,1,9.674300,40.38,0.00
randomArrays.txt,IterativeQuickSort,2,6.712700,0.00,0.00
randomArrays.txt,IterativeQuickSort,3,7.879000,49.58,0.00
randomArrays.txt,IterativeQuickSort,1,5.179700,75.41,0.00
randomArrays.txt,IterativeQuickSort,2,5.168600,0.00,0.00
randomArrays.txt,IterativeQuickSort,3,2.516000,0.00,0.00
randomArrays.txt,IterativeQuickSort,1,2.492000,0.00,0.00
randomArrays.txt,IterativeQuickSort,2,2.541700,0.00,0.00
randomArrays.txt,IterativeQuickSort,3,2.514500,155.35,0.00
randomArrays.txt,IterativeQuickSort,1,2.308300,0.00,0.00
randomArrays.txt,IterativeQuickSort,2,3.547800,0.00,0.00
randomArrays.txt,IterativeQuickSort,3,3.557600,109.80,0.00
randomArrays.txt,IterativeQuickSort,1,0.521700,0.00,0.00
randomArrays.txt,IterativeQuickSort,2,0.735100,0.00,0.00
randomArrays.txt,IterativeQuickSort,3,0.736700,0.00,0.00
randomArrays.txt,IterativeQuickSort,1,4.521400,0.00,0.00
randomArrays.txt,IterativeQuickSort,2,7.669100,50.93,0.00
randomArrays.txt,IterativeQuickSort,3,8.026100,0.00,0.00
randomArrays.txt,IterativeQuickSort,1,2.507500,0.00,0.00
randomArrays.txt,IterativeQuickSort,2,2.500700,0.00,0.00
randomArrays.txt,IterativeQuickSort,3,2.516400,0.00,0.00
randomArrays.txt,IterativeQuickSort,1,4.029600,0.00,0.00
randomArrays.txt,IterativeQuickSort,2,5.242100,0.00,0.00
randomArrays.txt,IterativeQuickSort,3,5.221700,0.00,0.00
randomArrays.txt,IterativeQuickSort,1,2.468400,0.00,0.00
randomArrays.txt,IterativeQuickSort,2,3.494600,0.00,0.00
randomArrays.txt,IterativeQuickSort,3,3.504200,0.00,0.00
randomArrays.txt,IterativeQuickSort,1,7.498500,52.09,0.00
randomArrays.txt,IterativeQuickSort,2,7.418200,0.00,0.00
randomArrays.txt,IterativeQuickSort,3,8.726400,44.76,0.00
randomArrays.txt,IterativeQuickSort,1,5.752200,0.00,0.00
randomArrays.txt,IterativeQuickSort,2,4.958700,0.00,0.00
randomArrays.txt,IterativeQuickSort,3,5.756000,67.86,0.00
randomArrays.txt,IterativeQuickSort,1,0.172600,0.00,0.00
randomArrays.txt,IterativeQuickSort,2,0.233500,0.00,0.00
randomArrays.txt,IterativeQuickSort,3,0.175400,0.00,0.00
randomArrays.txt,IterativeQuickSort,1,2.133500,0.00,0.00
randomArrays.txt,IterativeQuickSort,2,2.142500,0.00,0.00
randomArrays.txt,IterativeQuickSort,3,2.205900,177.08,0.00
randomArrays.txt,IterativeQuickSort,1,8.313700,46.99,0.00
randomArrays.txt,IterativeQuickSort,2,7.430100,0.00,0.00
randomArrays.txt,IterativeQuickSort,3,8.484200,46.04,0.00
randomArrays.txt,IterativeQuickSort,1,1.074000,0.00,0.00
randomArrays.txt,IterativeQuickSort,2,1.067400,0.00,0.00
randomArrays.txt,IterativeQuickSort,3,1.067700,0.00,0.00
randomArrays.txt,IterativeQuickSort,1,5.785500,0.00,0.00
randomArrays.txt,IterativeQuickSort,2,3.645200,0.00,0.00
randomArrays.txt,IterativeQuickSort,3,5.778200,67.60,0.00
randomArrays.txt,IterativeQuickSort,1,1.342800,0.00,0.00
randomArrays.txt,IterativeQuickSort,2,0.839900,0.00,0.00
randomArrays.txt,IterativeQuickSort,3,1.138800,0.00,0.00
randomArrays.txt,IterativeQuickSort,1,4.061600,0.00,0.00
randomArrays.txt,IterativeQuickSort,2,7.483100,52.20,0.00
randomArrays.txt,IterativeQuickSort,3,7.415600,0.00,0.00
randomArrays.txt,IterativeQuickSort,1,0.547100,0.00,0.00
randomArrays.txt,IterativeQuickSort,2,0.543300,0.00,0.00
randomArrays.txt,IterativeQuickSort,3,0.994900,0.00,0.00
randomArrays.txt,IterativeQuickSort,1,2.132700,0.00,0.00
randomArrays.txt,IterativeQuickSort,2,1.503700,0.00,0.00
randomArrays.txt,IterativeQuickSort,3,2.111500,0.00,0.00
randomArrays.txt,IterativeQuickSort,1,7.669200,0.00,0.00
randomArrays.txt,IterativeQuickSort,2,6.201800,62.99,0.00
randomArrays.txt,IterativeQuickSort,3,7.623100,0.00,0.00
randomArrays.txt,IterativeQuickSort,1,5.256000,0.00,0.00
randomArrays.txt,IterativeQuickSort,2,8.962300,43.59,0.00
randomArrays.txt,IterativeQuickSort,3,8.302500,0.00,0.00
randomArrays.txt,IterativeQuickSort,1,5.651800,0.00,0.00
randomArrays.txt,IterativeQuickSort,2,5.652600,0.00,0.00
randomArrays.txt,IterativeQuickSort,3,5.648800,0.00,0.00
randomArrays.txt,IterativeQuickSort,1,1.381000,0.00,0.00
randomArrays.txt,IterativeQuickSort,2,1.377700,283.53,0.00
randomArrays.txt,IterativeQuickSort,3,1.380500,0.00,0.00
randomArrays.txt,IterativeQuickSort,1,7.021900,0.00,0.00
randomArrays.txt,IterativeQuickSort,2,6.891300,0.00,0.00
randomArrays.txt,IterativeQuickSort,3,7.176700,0.00,0.00
randomArrays.txt,IterativeQuickSort,1,3.472500,0.00,0.00
randomArrays.txt,IterativeQuickSort,2,5.721500,0.00,0.00
randomArrays.txt,IterativeQuickSort,3,5.693800,68.61,0.00
randomArrays.txt,IterativeQuickSort,1,3.325400,117.47,0.00
randomArrays.txt,IterativeQuickSort,2,3.317000,0.00,0.00
randomArrays.txt,IterativeQuickSort,3,3.311400,0.00,0.00
randomArrays.txt,IterativeQuickSort,1,1.331000,0.00,0.00
randomArrays.txt,IterativeQuickSort,2,1.335400,0.00,0.00
randomArrays.txt,IterativeQuickSort,3,1.370000,0.00,0.00
randomArrays.txt,IterativeQuickSort,1,1.604700,0.00,0.00
randomArrays.txt,IterativeQuickSort,2,1.593800,245.09,0.00
randomArrays.txt,IterativeQuickSort,3,1.510700,0.00,0.00
randomArrays.txt,IterativeQuickSort,1,1.237400,0.00,0.00
randomArrays.txt,IterativeQuickSort,2,1.240500,0.00,0.00
randomArrays.txt,IterativeQuickSort,3,1.256800,0.00,0.00
randomArrays.txt,IterativeQuickSort,1,2.131300,183.28,0.00
randomArrays.txt,IterativeQuickSort,2,2.236300,0.00,0.00
randomArrays.txt,IterativeQuickSort,3,2.269800,0.00,0.00
randomArrays.txt,IterativeQuickSort,1,6.226300,0.00,0.00
randomArrays.txt,IterativeQuickSort,2,5.374100,0.00,0.00
randomArrays.txt,IterativeQuickSort,3,6.732700,0.00,0.00
randomArrays.txt,IterativeQuickSort,1,6.241900,0.00,0.00
randomArrays.txt,IterativeQuickSort,2,6.212100,62.88,0.00
randomArrays.txt,IterativeQuickSort,3,6.186900,0.00,0.00
randomArrays.txt,IterativeQuickSort,1,6.110300,0.00,0.00
randomArrays.txt,IterativeQuickSort,2,4.949200,78.93,0.00
randomArrays.txt,IterativeQuickSort,3,6.124900,0.00,0.00
randomArrays.txt,IterativeQuickSort,1,1.471600,0.00,0.00
randomArrays.txt,IterativeQuickSort,2,1.478600,0.00,0.00
randomArrays.txt,IterativeQuickSort,3,1.579900,0.00,0.00
randomArrays.txt,IterativeQuickSort,1,7.250800,53.87,0.00
randomArrays.txt,IterativeQuickSort,2,7.192000,54.31,0.00
randomArrays.txt,IterativeQuickSort,3,7.225100,0.00,0.00
randomArrays.txt,IterativeQuickSort,1,1.430300,0.00,0.00
randomArrays.txt,IterativeQuickSort,2,1.179700,0.00,0.00
randomArrays.txt,IterativeQuickSort,3,1.366600,0.00,0.00
randomArrays.txt,IterativeQuickSort,1,2.646200,0.00,0.00
randomArrays.txt,IterativeQuickSort,2,2.682200,0.00,0.00
randomArrays.txt,IterativeQuickSort,3,2.651700,147.31,0.00
randomArrays.txt,IterativeQuickSort,1,3.316700,0.00,0.00
randomArrays.txt,IterativeQuickSort,2,2.462500,0.00,0.00
randomArrays.txt,IterativeQuickSort,3,1.594300,245.01,0.00
randomArrays.txt,IterativeQuickSort,1,0.449800,0.00,0.00
randomArrays.txt,IterativeQuickSort,2,0.461700,0.00,0.00
randomArrays.txt,IterativeQuickSort,3,0.476100,0.00,0.00
randomArrays.txt,IterativeQuickSort,1,7.766200,0.00,0.00
randomArrays.txt,IterativeQuickSort,2,7.854600,49.73,0.00
randomArrays.txt,IterativeQuickSort,3,7.794400,0.00,0.00
randomArrays.txt,IterativeQuickSort,1,1.256700,310.83,0.00
randomArrays.txt,IterativeQuickSort,2,1.260300,0.00,0.00
randomArrays.txt,IterativeQuickSort,3,1.524600,0.00,0.00
randomArrays.txt,IterativeQuickSort,1,2.657300,0.00,0.00
randomArrays.txt,IterativeQuickSort,2,1.633700,0.00,0.00
randomArrays.txt,IterativeQuickSort,3,2.748800,0.00,0.00
randomArrays.txt,IterativeQuickSort,1,0.948900,0.00,0.00
randomArrays.txt,IterativeQuickSort,2,0.929700,0.00,0.00
randomArrays.txt,IterativeQuickSort,3,0.928400,0.00,0.00
randomArrays.txt,IterativeQuickSort,1,3.083600,0.00,0.00
randomArrays.txt,IterativeQuickSort,2,2.870500,0.00,0.00
randomArrays.txt,IterativeQuickSort,3,2.879800,0.00,0.00
randomArrays.txt,IterativeQuickSort,1,7.481400,0.00,0.00
randomArrays.txt,IterativeQuickSort,2,7.325300,0.00,0.00
randomArrays.txt,IterativeQuickSort,3,4.195400,0.00,0.00
randomArrays.txt,IterativeQuickSort,1,6.187600,63.13,0.00
randomArrays.txt,IterativeQuickSort,2,6.188600,0.00,0.00
randomArrays.txt,IterativeQuickSort,3,6.194600,0.00,0.00
randomArrays.txt,IterativeQuickSort,1,10.843500,36.02,0.00
randomArrays.txt,IterativeQuickSort,2,6.978900,0.00,0.00
randomArrays.txt,IterativeQuickSort,3,3.274300,0.00,0.00
randomArrays.txt,IterativeQuickSort,1,5.849500,66.78,0.00
randomArrays.txt,IterativeQuickSort,2,5.787800,0.00,0.00
randomArrays.txt,IterativeQuickSort,3,3.233200,0.00,0.00
randomArrays.txt,IterativeQuickSort,1,0.756100,0.00,0.00
randomArrays.txt,IterativeQuickSort,2,1.354800,288.33,0.00
randomArrays.txt,IterativeQuickSort,3,0.873500,0.00,0.00
randomArrays.txt,IterativeQuickSort,1,5.928600,65.89,0.00
randomArrays.txt,IterativeQuickSort,2,4.956200,0.00,0.00
randomArrays.txt,IterativeQuickSort,3,5.092100,0.00,0.00
randomArrays.txt,IterativeQuickSort,1,2.951500,0.00,0.00
randomArrays.txt,IterativeQuickSort,2,2.541200,153.72,0.00
randomArrays.txt,IterativeQuickSort,3,2.358400,0.00,0.00
randomArrays.txt,IterativeQuickSort,1,1.798800,0.00,0.00
randomArrays.txt,IterativeQuickSort,2,1.483200,0.00,0.00
randomArrays.txt,IterativeQuickSort,3,1.499100,260.57,0.00
randomArrays.txt,IterativeQuickSort,1,2.794900,0.00,0.00
randomArrays.txt,IterativeQuickSort,2,2.595500,0.00,0.00
randomArrays.txt,IterativeQuickSort,3,2.536800,0.00,0.00
randomArrays.txt,IterativeQuickSort,1,3.925700,99.50,0.00
randomArrays.txt,IterativeQuickSort,2,3.882500,0.00,0.00
randomArrays.txt,IterativeQuickSort,3,2.337600,0.00,0.00
randomArrays.txt,IterativeQuickSort,1,7.667500,0.00,0.00
randomArrays.txt,IterativeQuickSort,2,7.373100,52.98,0.00
randomArrays.txt,IterativeQuickSort,3,7.294200,0.00,0.00
randomArrays.txt,IterativeQuickSort,1,7.717800,50.61,0.00
randomArrays.txt,IterativeQuickSort,2,7.487300,0.00,0.00
randomArrays.txt,IterativeQuickSort,3,6.432100,60.73,0.00
randomArrays.txt,IterativeQuickSort,1,2.883900,0.00,0.00
randomArrays.txt,IterativeQuickSort,2,2.848400,0.00,0.00
randomArrays.txt,IterativeQuickSort,3,3.018600,0.00,0.00
randomArrays.txt,IterativeQuickSort,1,3.139100,0.00,0.00
randomArrays.txt,IterativeQuickSort,2,3.245800,0.00,0.00
randomArrays.txt,IterativeQuickSort,3,3.212500,0.00,0.00
randomArrays.txt,IterativeQuickSort,1,3.235500,0.00,0.00
randomArrays.txt,IterativeQuickSort,2,3.035000,0.00,0.00
randomArrays.txt,IterativeQuickSort,3,1.805300,0.00,0.00
randomArrays.txt,IterativeQuickSort,1,6.094600,64.09,0.00
randomArrays.txt,IterativeQuickSort,2,4.355400,0.00,0.00
randomArrays.txt,IterativeQuickSort,3,5.845600,0.00,0.00
randomArrays.txt,IterativeQuickSort,1,0.061200,0.00,0.00
randomArrays.txt,IterativeQuickSort,2,0.065600,0.00,0.00
randomArrays.txt,IterativeQuickSort,3,0.081100,0.00,0.00
randomArrays.txt,IterativeQuickSort,1,0.562900,0.00,0.00
randomArrays.txt,IterativeQuickSort,2,0.393000,0.00,0.00
randomArrays.txt,IterativeQuickSort,3,0.385200,0.00,0.00
randomArrays.txt,IterativeQuickSort,1,3.138600,0.00,0.00
randomArrays.txt,IterativeQuickSort,2,2.668500,0.00,0.00
randomArrays.txt,IterativeQuickSort,3,2.663800,0.00,0.00
randomArrays.txt,IterativeQuickSort,1,7.071100,55.24,0.00
randomArrays.txt,IterativeQuickSort,2,5.465000,0.00,0.00
randomArrays.txt,IterativeQuickSort,3,7.059600,55.33,0.00
randomArrays.txt,IterativeQuickSort,1,6.805500,0.00,0.00
randomArrays.txt,IterativeQuickSort,2,6.406900,60.97,0.00
randomArrays.txt,IterativeQuickSort,3,6.715200,0.00,0.00
randomArrays.txt,IterativeQuickSort,1,5.309100,0.00,0.00
randomArrays.txt,IterativeQuickSort,2,5.343000,73.11,0.00
randomArrays.txt,IterativeQuickSort,3,5.335800,0.00,0.00
randomArrays.txt,IterativeQuickSort,1,1.560000,250.40,0.00
randomArrays.txt,IterativeQuickSort,2,2.912800,0.00,0.00
randomArrays.txt,IterativeQuickSort,3,1.732800,0.00,0.00
randomArrays.txt,IterativeQuickSort,1,3.117800,0.00,0.00
randomArrays.txt,IterativeQuickSort,2,3.085500,0.00,0.00
randomArrays.txt,IterativeQuickSort,3,3.098800,0.00,0.00
randomArrays.txt,IterativeQuickSort,1,1.639100,0.00,0.00
randomArrays.txt,IterativeQuickSort,2,1.635900,0.00,0.00
randomArrays.txt,IterativeQuickSort,3,1.633700,0.00,0.00
randomArrays.txt,IterativeQuickSort,1,5.311300,0.00,0.00
randomArrays.txt,IterativeQuickSort,2,5.620100,69.50,0.00
randomArrays.txt,IterativeQuickSort,3,5.225200,0.00,0.00
randomArrays.txt,IterativeQuickSort,1,4.558800,85.69,0.00
randomArrays.txt,IterativeQuickSort,2,4.485600,0.00,0.00
randomArrays.txt,IterativeQuickSort,3,4.460100,0.00,0.00
randomArrays.txt,IterativeQuickSort,1,2.467200,158.33,0.00
randomArrays.txt,IterativeQuickSort,2,2.154000,0.00,0.00
randomArrays.txt,IterativeQuickSort,3,2.161400,0.00,0.00
randomArrays.txt,IterativeQuickSort,1,5.155700,0.00,0.00
randomArrays.txt,IterativeQuickSort,2,5.391700,0.00,0.00
randomArrays.txt,IterativeQuickSort,3,3.888500,100.46,0.00
randomArrays.txt,IterativeQuickSort,1,4.260600,0.00,0.00
randomArrays.txt,IterativeQuickSort,2,3.248900,0.00,0.00
randomArrays.txt,IterativeQuickSort,3,4.385900,0.00,0.00
randomArrays.txt,IterativeQuickSort,1,6.530600,59.81,0.00
randomArrays.txt,IterativeQuickSort,2,9.281100,0.00,0.00
randomArrays.txt,IterativeQuickSort,3,7.904600,49.42,0.00
randomArrays.txt,IterativeQuickSort,1,1.756800,0.00,0.00
randomArrays.txt,IterativeQuickSort,2,1.438400,0.00,0.00
randomArrays.txt,IterativeQuickSort,3,1.182800,0.00,0.00
randomArrays.txt,IterativeQuickSort,1,8.285000,47.15,0.00
randomArrays.txt,IterativeQuickSort,2,8.787900,0.00,0.00
randomArrays.txt,IterativeQuickSort,3,6.418000,0.00,0.00
randomArrays.txt,IterativeQuickSort,1,0.134300,0.00,0.00
randomArrays.txt,IterativeQuickSort,2,0.166200,2350.33,0.00
randomArrays.txt,IterativeQuickSort,3,0.134200,0.00,0.00
randomArrays.txt,IterativeQuickSort,1,6.326400,0.00,0.00
randomArrays.txt,IterativeQuickSort,2,7.212700,54.16,0.00
randomArrays.txt,IterativeQuickSort,3,8.429200,0.00,0.00
randomArrays.txt,IterativeQuickSort,1,1.898000,0.00,0.00
randomArrays.txt,IterativeQuickSort,2,1.886800,0.00,0.00
randomArrays.txt,IterativeQuickSort,3,1.889100,0.00,0.00
randomArrays.txt,IterativeQuickSort,1,4.555800,85.74,0.00
randomArrays.txt,IterativeQuickSort,2,7.339900,0.00,0.00
randomArrays.txt,IterativeQuickSort,3,7.410700,52.71,0.00
randomArrays.txt,IterativeQuickSort,1,1.161300,0.00,0.00
randomArrays.txt,IterativeQuickSort,2,1.830500,213.40,0.00
randomArrays.txt,IterativeQuickSort,3,1.191200,0.00,0.00
randomArrays.txt,IterativeQuickSort,1,1.471600,0.00,0.00
randomArrays.txt,IterativeQuickSort,2,1.474200,0.00,0.00
randomArrays.txt,IterativeQuickSort,3,1.514700,0.00,0.00
randomArrays.txt,IterativeQuickSort,1,2.269800,172.10,0.00
randomArrays.txt,IterativeQuickSort,2,1.991200,0.00,0.00
randomArrays.txt,IterativeQuickSort,3,2.155900,0.00,0.00
randomArrays.txt,IterativeQuickSort,1,6.617600,59.03,0.00
randomArrays.txt,IterativeQuickSort,2,5.228500,0.00,0.00
randomArrays.txt,IterativeQuickSort,3,6.582200,59.35,0.00
randomArrays.txt,IterativeQuickSort,1,2.508600,155.71,0.00
randomArrays.txt,IterativeQuickSort,2,3.137100,0.00,0.00
randomArrays.txt,IterativeQuickSort,3,2.497800,0.00,0.00
randomArrays.txt,IterativeQuickSort,1,1.462300,0.00,0.00
randomArrays.txt,IterativeQuickSort,2,2.217000,0.00,0.00
randomArrays.txt,IterativeQuickSort,3,2.239600,0.00,0.00
randomArrays.txt,IterativeQuickSort,1,3.610300,0.00,0.00
randomArrays.txt,IterativeQuickSort,2,3.611500,0.00,0.00
randomArrays.txt,IterativeQuickSort,3,2.600900,0.00,0.00
randomArrays.txt,IterativeQuickSort,1,2.033600,0.00,0.00
randomArrays.txt,IterativeQuickSort,2,2.033000,0.00,0.00
randomArrays.txt,IterativeQuickSort,3,2.020800,0.00,0.00
randomArrays.txt,IterativeQuickSort,1,5.729500,0.00,0.00
randomArrays.txt,IterativeQuickSort,2,5.658900,69.03,0.00
randomArrays.txt,IterativeQuickSort,3,5.173900,0.00,0.00
randomArrays.txt,IterativeQuickSort,1,4.551100,0.00,0.00
randomArrays.txt,IterativeQuickSort,2,3.706500,0.00,0.00
randomArrays.txt,IterativeQuickSort,3,4.534700,0.00,0.00
randomArrays.txt,IterativeQuickSort,1,7.062900,0.00,0.00
randomArrays.txt,IterativeQuickSort,2,6.041100,64.66,0.00
randomArrays.txt,IterativeQuickSort,3,7.084300,0.00,0.00
randomArrays.txt,IterativeQuickSort,1,1.690400,0.00,0.00
randomArrays.txt,IterativeQuickSort,2,1.680300,0.00,0.00
randomArrays.txt,IterativeQuickSort,3,1.660300,0.00,0.00
randomArrays.txt,IterativeQuickSort,1,1.053800,0.00,0.00
randomArrays.txt,IterativeQuickSort,2,1.066700,0.00,0.00
randomArrays.txt,IterativeQuickSort,3,1.072400,0.00,0.00
randomArrays.txt,IterativeQuickSort,1,7.194300,0.00,0.00
randomArrays.txt,IterativeQuickSort,2,6.773600,57.67,0.00
randomArrays.txt,IterativeQuickSort,3,6.605500,0.00,0.00
randomArrays.txt,IterativeQuickSort,1,2.865100,0.00,0.00
randomArrays.txt,IterativeQuickSort,2,4.333000,0.00,0.00
randomArrays.txt,IterativeQuickSort,3,5.514900,70.83,0.00
randomArrays.txt,IterativeQuickSort,1,3.436000,0.00,0.00
randomArrays.txt,IterativeQuickSort,2,2.505400,155.91,0.00
randomArrays.txt,IterativeQuickSort,3,2.119000,0.00,0.00
randomArrays.txt,IterativeQuickSort,1,3.037200,0.00,0.00
randomArrays.txt,IterativeQuickSort,2,4.119200,94.83,0.00
randomArrays.txt,IterativeQuickSort,3,2.853600,0.00,0.00
randomArrays.txt,IterativeQuickSort,1,4.046700,96.53,0.00
randomArrays.txt,IterativeQuickSort,2,8.577700,0.00,0.00
randomArrays.txt,IterativeQuickSort,3,7.280500,53.65,0.00
randomArrays.txt,IterativeQuickSort,1,5.636800,69.30,0.00
randomArrays.txt,IterativeQuickSort,2,5.667100,0.00,0.00
randomArrays.txt,IterativeQuickSort,3,5.614300,0.00,0.00
randomArrays.txt,IterativeQuickSort,1,3.920900,0.00,0.00
randomArrays.txt,IterativeQuickSort,2,3.925100,0.00,0.00
randomArrays.txt,IterativeQuickSort,3,3.634000,0.00,0.00
randomArrays.txt,IterativeQuickSort,1,2.510400,155.60,0.00
randomArrays.txt,IterativeQuickSort,2,4.823300,0.00,0.00
randomArrays.txt,IterativeQuickSort,3,3.406000,0.00,0.00
randomArrays.txt,IterativeQuickSort,1,5.708200,0.00,0.00
randomArrays.txt,IterativeQuickSort,2,5.592400,0.00,0.00
randomArrays.txt,IterativeQuickSort,3,3.078700,0.00,0.00
randomArrays.txt,IterativeQuickSort,1,1.946800,0.00,0.00
randomArrays.txt,IterativeQuickSort,2,1.274200,0.00,0.00
randomArrays.txt,IterativeQuickSort,3,1.164000,0.00,0.00
randomArrays.txt,IterativeQuickSort,1,4.323800,0.00,0.00
randomArrays.txt,IterativeQuickSort,2,4.308600,0.00,0.00
randomArrays.txt,IterativeQuickSort,3,2.841400,0.00,0.00
randomArrays.txt,IterativeQuickSort,1,6.623000,0.00,0.00
randomArrays.txt,IterativeQuickSort,2,6.588800,59.29,0.00
randomArrays.txt,IterativeQuickSort,3,6.699600,0.00,0.00
randomArrays.txt,IterativeQuickSort,1,6.571100,0.00,0.00
randomArrays.txt,IterativeQuickSort,2,5.133900,76.09,0.00
randomArrays.txt,IterativeQuickSort,3,5.942000,0.00,0.00
randomArrays.txt,IterativeQuickSort,1,6.624400,0.00,0.00
randomArrays.txt,IterativeQuickSort,2,7.933700,49.24,0.00
randomArrays.txt,IterativeQuickSort,3,6.749900,0.00,0.00
randomArrays.txt,IterativeQuickSort,1,5.179500,0.00,0.00
randomArrays.txt,IterativeQuickSort,2,3.950700,0.00,0.00
randomArrays.txt,IterativeQuickSort,3,4.066900,96.05,0.00
randomArrays.txt,IterativeQuickSort,1,2.959300,132.00,0.00
randomArrays.txt,IterativeQuickSort,2,2.949800,0.00,0.00
randomArrays.txt,IterativeQuickSort,3,2.950900,0.00,0.00
randomArrays.txt,IterativeQuickSort,1,5.157600,75.74,0.00
randomArrays.txt,IterativeQuickSort,2,5.116100,0.00,0.00
randomArrays.txt,IterativeQuickSort,3,5.182000,0.00,0.00
randomArrays.txt,IterativeQuickSort,1,1.329000,0.00,0.00
randomArrays.txt,IterativeQuickSort,2,1.468300,0.00,0.00
randomArrays.txt,IterativeQuickSort,3,1.846500,0.00,0.00
randomArrays.txt,IterativeQuickSort,1,3.681900,0.00,0.00
randomArrays.txt,IterativeQuickSort,2,3.689800,105.87,0.00
randomArrays.txt,IterativeQuickSort,3,3.680300,0.00,0.00
randomArrays.txt,IterativeQuickSort,1,2.941400,0.00,0.00
randomArrays.txt,IterativeQuickSort,2,2.935100,0.00,0.00
randomArrays.txt,IterativeQuickSort,3,2.933600,133.16,0.00
randomArrays.txt,IterativeQuickSort,1,5.755900,0.00,0.00
randomArrays.txt,IterativeQuickSort,2,5.871000,0.00,0.00
randomArrays.txt,IterativeQuickSort,3,5.772300,67.67,0.00
randomArrays.txt,IterativeQuickSort,1,7.183500,0.00,0.00
randomArrays.txt,IterativeQuickSort,2,7.124300,54.83,0.00
randomArrays.txt,IterativeQuickSort,3,5.679300,0.00,0.00
randomArrays.txt,IterativeQuickSort,1,5.954300,0.00,0.00
randomArrays.txt,IterativeQuickSort,2,4.521100,86.40,0.00
randomArrays.txt,IterativeQuickSort,3,5.921800,0.00,0.00
randomArrays.txt,IterativeQuickSort,1,2.051200,0.00,0.00
randomArrays.txt,IterativeQuickSort,2,2.168700,0.00,0.00
randomArrays.txt,IterativeQuickSort,3,2.350300,0.00,0.00
randomArrays.txt,IterativeQuickSort,1,1.753800,0.00,0.00
randomArrays.txt,IterativeQuickSort,2,1.747400,0.00,0.00
randomArrays.txt,IterativeQuickSort,3,1.756700,0.00,0.00
randomArrays.txt,IterativeQuickSort,1,0.854100,0.00,0.00
randomArrays.txt,IterativeQuickSort,2,0.859700,0.00,0.00
randomArrays.txt,IterativeQuickSort,3,0.844600,0.00,0.00
randomArrays.txt,IterativeQuickSort,1,8.276100,47.20,0.00
randomArrays.txt,IterativeQuickSort,2,8.385200,0.00,0.00
randomArrays.txt,IterativeQuickSort,3,4.417700,88.42,0.00
randomArrays.txt,IterativeQuickSort,1,5.732700,0.00,0.00
randomArrays.txt,IterativeQuickSort,2,5.599600,0.00,0.00
randomArrays.txt,IterativeQuickSort,3,5.513300,70.85,0.00
randomArrays.txt,IterativeQuickSort,1,5.418400,0.00,0.00
randomArrays.txt,IterativeQuickSort,2,5.813800,0.00,0.00
randomArrays.txt,IterativeQuickSort,3,4.569800,0.00,0.00
randomArrays.txt,IterativeQuickSort,1,6.459900,0.00,0.00
randomArrays.txt,IterativeQuickSort,2,4.680600,83.46,0.00
randomArrays.txt,IterativeQuickSort,3,1.923400,0.00,0.00
randomArrays.txt,IterativeQuickSort,1,6.871200,56.85,0.00
randomArrays.txt,IterativeQuickSort,2,6.894000,0.00,0.00
randomArrays.txt,IterativeQuickSort,3,6.864600,56.90,0.00
randomArrays.txt,IterativeQuickSort,1,0.935500,0.00,0.00
randomArrays.txt,IterativeQuickSort,2,0.731300,0.00,0.00
randomArrays.txt,IterativeQuickSort,3,0.723500,0.00,0.00
randomArrays.txt,IterativeQuickSort,1,1.061000,0.00,0.00
randomArrays.txt,IterativeQuickSort,2,0.844800,0.00,0.00
randomArrays.txt,IterativeQuickSort,3,0.873900,0.00,0.00
randomArrays.txt,IterativeQuickSort,1,8.614600,45.34,0.00
randomArrays.txt,IterativeQuickSort,2,5.794200,0.00,0.00
randomArrays.txt,IterativeQuickSort,3,8.525400,45.82,0.00
randomArrays.txt,IterativeQuickSort,1,6.351000,0.00,0.00
randomArrays.txt,IterativeQuickSort,2,5.997200,0.00,0.00
randomArrays.txt,IterativeQuickSort,3,7.691100,0.00,0.00
randomArrays.txt,IterativeQuickSort,1,4.744300,82.34,0.00
randomArrays.txt,IterativeQuickSort,2,4.742800,0.00,0.00
randomArrays.txt,IterativeQuickSort,3,3.661800,0.00,0.00
randomArrays.txt,IterativeQuickSort,1,7.016100,55.68,0.00
randomArrays.txt,IterativeQuickSort,2,3.523200,0.00,0.00
randomArrays.txt,IterativeQuickSort,3,6.683100,0.00,0.00
randomArrays.txt,IterativeQuickSort,1,0.322200,0.00,0.00
randomArrays.txt,IterativeQuickSort,2,0.505500,0.00,0.00
randomArrays.txt,IterativeQuickSort,3,0.291100,0.00,0.00
randomArrays.txt,IterativeQuickSort,1,2.305400,0.00,0.00
randomArrays.txt,IterativeQuickSort,2,2.293700,170.30,0.00
randomArrays.txt,IterativeQuickSort,3,2.378500,0.00,0.00
randomArrays.txt,IterativeQuickSort,1,1.562700,0.00,0.00
randomArrays.txt,IterativeQuickSort,2,1.648400,0.00,0.00
randomArrays.txt,IterativeQuickSort,3,1.249100,0.00,0.00
randomArrays.txt,IterativeQuickSort,1,4.092200,95.46,0.00
randomArrays.txt,IterativeQuickSort,2,2.612600,0.00,0.00
randomArrays.txt,IterativeQuickSort,3,4.149900,0.00,0.00
randomArrays.txt,IterativeQuickSort,1,0.220300,0.00,0.00
randomArrays.txt,IterativeQuickSort,2,0.223800,0.00,0.00
randomArrays.txt,IterativeQuickSort,3,0.335500,0.00,0.00
randomArrays.txt,IterativeQuickSort,1,6.404600,0.00,0.00
randomArrays.txt,IterativeQuickSort,2,6.090100,64.14,0.00
randomArrays.txt,IterativeQuickSort,3,4.822500,0.00,0.00
randomArrays.txt,IterativeQuickSort,1,5.701400,68.51,0.00
randomArrays.txt,IterativeQuickSort,2,4.356100,0.00,0.00
randomArrays.txt,IterativeQuickSort,3,5.710600,0.00,0.00
randomArrays.txt,IterativeQuickSort,1,14.400700,27.13,0.00
randomArrays.txt,IterativeQuickSort,2,14.705700,26.56,0.00
randomArrays.txt,IterativeQuickSort,3,15.053800,25.95,0.00
randomArrays.txt,IterativeQuickSort,1,0.644700,0.00,0.00
randomArrays.txt,IterativeQuickSort,2,0.646900,0.00,0.00
randomArrays.txt,IterativeQuickSort,3,0.964900,0.00,0.00
randomArrays.txt,IterativeQuickSort,1,4.207400,0.00,0.00
randomArrays.txt,IterativeQuickSort,2,8.293000,0.00,0.00
randomArrays.txt,IterativeQuickSort,3,7.989600,48.89,0.00
randomArrays.txt,IterativeQuickSort,1,2.713600,0.00,0.00
randomArrays.txt,IterativeQuickSort,2,2.459400,158.83,0.00
randomArrays.txt,IterativeQuickSort,3,2.410100,0.00,0.00
randomArrays.txt,IterativeQuickSort,1,1.323200,0.00,0.00
randomArrays.txt,IterativeQuickSort,2,1.128700,0.00,0.00
randomArrays.txt,IterativeQuickSort,3,0.914700,0.00,0.00
randomArrays.txt,IterativeQuickSort,1,9.521900,41.02,0.00
randomArrays.txt,IterativeQuickSort,2,8.322000,46.94,0.00
randomArrays.txt,IterativeQuickSort,3,8.867800,0.00,0.00
randomArrays.txt,IterativeQuickSort,1,4.312800,90.57,0.00
randomArrays.txt,IterativeQuickSort,2,4.329100,0.00,0.00
randomArrays.txt,IterativeQuickSort,3,4.375700,0.00,0.00
randomArrays.txt,IterativeQuickSort,1,7.767900,50.29,0.00
randomArrays.txt,IterativeQuickSort,2,6.410100,0.00,0.00
randomArrays.txt,IterativeQuickSort,3,7.764500,50.31,0.00
randomArrays.txt,IterativeQuickSort,1,4.199700,93.01,0.00
randomArrays.txt,IterativeQuickSort,2,2.245700,0.00,0.00
randomArrays.txt,IterativeQuickSort,3,4.184300,0.00,0.00
randomArrays.txt,IterativeQuickSort,1,1.519200,0.00,0.00
randomArrays.txt,IterativeQuickSort,2,1.388000,0.00,0.00
randomArrays.txt,IterativeQuickSort,3,1.226100,0.00,0.00
randomArrays.txt,IterativeQuickSort,1,2.908200,0.00,0.00
randomArrays.txt,IterativeQuickSort,2,2.903200,0.00,0.00
randomArrays.txt,IterativeQuickSort,3,2.809900,0.00,0.00
randomArrays.txt,IterativeQuickSort,1,3.086400,0.00,0.00
randomArrays.txt,IterativeQuickSort,2,3.071300,0.00,0.00
randomArrays.txt,IterativeQuickSort,3,3.080400,0.00,0.00
randomArrays.txt,IterativeQuickSort,1,5.051000,0.00,0.00
randomArrays.txt,IterativeQuickSort,2,9.651400,40.47,0.00
randomArrays.txt,IterativeQuickSort,3,6.704600,0.00,0.00
randomArrays.txt,IterativeQuickSort,1,8.871800,0.00,0.00
randomArrays.txt,IterativeQuickSort,2,6.040100,64.67,0.00
randomArrays.txt,IterativeQuickSort,3,4.692600,0.00,0.00
randomArrays.txt,IterativeQuickSort,1,2.365700,0.00,0.00
randomArrays.txt,IterativeQuickSort,2,2.373400,0.00,0.00
randomArrays.txt,IterativeQuickSort,3,2.364200,0.00,0.00
randomArrays.txt,IterativeQuickSort,1,7.816700,0.00,0.00
randomArrays.txt,IterativeQuickSort,2,6.566200,59.49,0.00
randomArrays.txt,IterativeQuickSort,3,6.182300,0.00,0.00
randomArrays.txt,IterativeQuickSort,1,6.996100,0.00,0.00
randomArrays.txt,IterativeQuickSort,2,5.811400,67.22,0.00
randomArrays.txt,IterativeQuickSort,3,6.333600,0.00,0.00
randomArrays.txt,IterativeQuickSort,1,5.624100,0.00,0.00
randomArrays.txt,IterativeQuickSort,2,7.346300,53.17,0.00
randomArrays.txt,IterativeQuickSort,3,7.645400,0.00,0.00
randomArrays.txt,IterativeQuickSort,1,1.088500,0.00,0.00
randomArrays.txt,IterativeQuickSort,2,1.169100,0.00,0.00
randomArrays.txt,IterativeQuickSort,3,1.154900,338.23,0.00
randomArrays.txt,IterativeQuickSort,1,1.922700,0.00,0.00
randomArrays.txt,IterativeQuickSort,2,2.532000,0.00,0.00
randomArrays.txt,IterativeQuickSort,3,2.516600,0.00,0.00
randomArrays.txt,IterativeQuickSort,1,1.303700,0.00,0.00
randomArrays.txt,IterativeQuickSort,2,1.300400,300.39,0.00
randomArrays.txt,IterativeQuickSort,3,1.549400,0.00,0.00
randomArrays.txt,IterativeQuickSort,1,9.565500,40.84,0.00
randomArrays.txt,IterativeQuickSort,2,3.938700,0.00,0.00
randomArrays.txt,IterativeQuickSort,3,4.824700,80.96,0.00
randomArrays.txt,IterativeQuickSort,1,0.578300,0.00,0.00
randomArrays.txt,IterativeQuickSort,2,0.721800,0.00,0.00
randomArrays.txt,IterativeQuickSort,3,0.508400,0.00,0.00
randomArrays.txt,IterativeQuickSort,1,6.276600,0.00,0.00
randomArrays.txt,IterativeQuickSort,2,6.658200,58.67,0.00
randomArrays.txt,IterativeQuickSort,3,6.686200,0.00,0.00
randomArrays.txt,IterativeQuickSort,1,4.051700,0.00,0.00
randomArrays.txt,IterativeQuickSort,2,4.213100,0.00,0.00
randomArrays.txt,IterativeQuickSort,3,4.490200,87.00,0.00
randomArrays.txt,IterativeQuickSort,1,4.126500,0.00,0.00
randomArrays.txt,IterativeQuickSort,2,3.972400,0.00,0.00
randomArrays.txt,IterativeQuickSort,3,3.540700,0.00,0.00
randomArrays.txt,IterativeQuickSort,1,3.536600,0.00,0.00
randomArrays.txt,IterativeQuickSort,2,3.570500,0.00,0.00
randomArrays.txt,IterativeQuickSort,3,3.556800,109.82,0.00
randomArrays.txt,IterativeQuickSort,1,0.110000,0.00,0.00
randomArrays.txt,IterativeQuickSort,2,0.108900,0.00,0.00
randomArrays.txt,IterativeQuickSort,3,0.108100,0.00,0.00
randomArrays.txt,IterativeQuickSort,1,4.184400,0.00,0.00
randomArrays.txt,IterativeQuickSort,2,4.197900,0.00,0.00
randomArrays.txt,IterativeQuickSort,3,4.225900,0.00,0.00
randomArrays.txt,IterativeQuickSort,1,2.879200,0.00,0.00
randomArrays.txt,IterativeQuickSort,2,2.875700,0.00,0.00
randomArrays.txt,IterativeQuickSort,3,2.017100,0.00,0.00
randomArrays.txt,IterativeQuickSort,1,10.197100,0.00,0.00
randomArrays.txt,IterativeQuickSort,2,13.929900,28.04,0.00
randomArrays.txt,IterativeQuickSort,3,12.518500,31.20,0.00
randomArrays.txt,IterativeQuickSort,1,0.986600,0.00,0.00
randomArrays.txt,IterativeQuickSort,2,0.893100,0.00,0.00
randomArrays.txt,IterativeQuickSort,3,1.005200,0.00,0.00
randomArrays.txt,IterativeQuickSort,1,1.211000,0.00,0.00
randomArrays.txt,IterativeQuickSort,2,0.676700,0.00,0.00
randomArrays.txt,IterativeQuickSort,3,0.455100,0.00,0.00
randomArrays.txt,IterativeQuickSort,1,5.300200,73.70,0.00
randomArrays.txt,IterativeQuickSort,2,5.101400,0.00,0.00
randomArrays.txt,IterativeQuickSort,3,5.081100,76.88,0.00
randomArrays.txt,IterativeQuickSort,1,0.198900,0.00,0.00
randomArrays.txt,IterativeQuickSort,2,0.203900,0.00,0.00
randomArrays.txt,IterativeQuickSort,3,0.198900,0.00,0.00
randomArrays.txt,IterativeQuickSort,1,5.918500,66.00,0.00
randomArrays.txt,IterativeQuickSort,2,6.676500,0.00,0.00
randomArrays.txt,IterativeQuickSort,3,5.851700,0.00,0.00
randomArrays.txt,IterativeQuickSort,1,3.230600,0.00,0.00
randomArrays.txt,IterativeQuickSort,2,6.601600,0.00,0.00
randomArrays.txt,IterativeQuickSort,3,6.447300,60.59,0.00
randomArrays.txt,IterativeQuickSort,1,2.404300,0.00,0.00
randomArrays.txt,IterativeQuickSort,2,2.232500,174.97,0.00
randomArrays.txt,IterativeQuickSort,3,2.211800,0.00,0.00
randomArrays.txt,IterativeQuickSort,1,6.266500,0.00,0.00
randomArrays.txt,IterativeQuickSort,2,6.237300,62.63,0.00
randomArrays.txt,IterativeQuickSort,3,6.288400,0.00,0.00
randomArrays.txt,IterativeQuickSort,1,7.656900,51.02,0.00
randomArrays.txt,IterativeQuickSort,2,7.738200,0.00,0.00
randomArrays.txt,IterativeQuickSort,3,7.724800,50.57,0.00
randomArrays.txt,IterativeQuickSort,1,5.696800,0.00,0.00
randomArrays.txt,IterativeQuickSort,2,8.542100,45.73,0.00
randomArrays.txt,IterativeQuickSort,3,8.479000,0.00,0.00
randomArrays.txt,IterativeQuickSort,1,5.448400,0.00,0.00
randomArrays.txt,IterativeQuickSort,2,6.039700,0.00,0.00
randomArrays.txt,IterativeQuickSort,3,4.759900,82.07,0.00
randomArrays.txt,IterativeQuickSort,1,4.180500,0.00,0.00
randomArrays.txt,IterativeQuickSort,2,2.583700,0.00,0.00
randomArrays.txt,IterativeQuickSort,3,4.201400,0.00,0.00
randomArrays.txt,IterativeQuickSort,1,7.378900,52.94,0.00
randomArrays.txt,IterativeQuickSort,2,8.964100,0.00,0.00
randomArrays.txt,IterativeQuickSort,3,6.762000,57.77,0.00
randomArrays.txt,IterativeQuickSort,1,6.511200,0.00,0.00
randomArrays.txt,IterativeQuickSort,2,6.491900,0.00,0.00
randomArrays.txt,IterativeQuickSort,3,6.515900,0.00,0.00
randomArrays.txt,IterativeQuickSort,1,1.804200,0.00,0.00
randomArrays.txt,IterativeQuickSort,2,1.609500,0.00,0.00
randomArrays.txt,IterativeQuickSort,3,1.556500,0.00,0.00
randomArrays.txt,IterativeQuickSort,1,0.929100,0.00,0.00
randomArrays.txt,IterativeQuickSort,2,0.771900,0.00,0.00
randomArrays.txt,IterativeQuickSort,3,0.786700,0.00,0.00
randomArrays.txt,IterativeQuickSort,1,3.605500,0.00,0.00
randomArrays.txt,IterativeQuickSort,2,4.213200,0.00,0.00
randomArrays.txt,IterativeQuickSort,3,4.326500,0.00,0.00
randomArrays.txt,IterativeQuickSort,1,4.952300,0.00,0.00
randomArrays.txt,IterativeQuickSort,2,4.951800,0.00,0.00
randomArrays.txt,IterativeQuickSort,3,4.000800,97.64,0.00
randomArrays.txt,IterativeQuickSort,1,1.511500,0.00,0.00
randomArrays.txt,IterativeQuickSort,2,1.373200,0.00,0.00
randomArrays.txt,IterativeQuickSort,3,1.181200,0.00,0.00
randomArrays.txt,IterativeQuickSort,1,4.474800,0.00,0.00
randomArrays.txt,IterativeQuickSort,2,4.845200,0.00,0.00
randomArrays.txt,IterativeQuickSort,3,4.854300,80.47,0.00
randomArrays.txt,IterativeQuickSort,1,7.113700,0.00,0.00
randomArrays.txt,IterativeQuickSort,2,7.177000,54.43,0.00
randomArrays.txt,IterativeQuickSort,3,7.089500,0.00,0.00
randomArrays.txt,IterativeQuickSort,1,0.680600,0.00,0.00
randomArrays.txt,IterativeQuickSort,2,0.684400,0.00,0.00
randomArrays.txt,IterativeQuickSort,3,0.673800,0.00,0.00
randomArrays.txt,IterativeQuickSort,1,0.743200,0.00,0.00
randomArrays.txt,IterativeQuickSort,2,1.049700,0.00,0.00
randomArrays.txt,IterativeQuickSort,3,0.749600,0.00,0.00
randomArrays.txt,IterativeQuickSort,1,2.093900,0.00,0.00
randomArrays.txt,IterativeQuickSort,2,2.096500,0.00,0.00
randomArrays.txt,IterativeQuickSort,3,1.792000,0.00,0.00
randomArrays.txt,IterativeQuickSort,1,2.018300,0.00,0.00
randomArrays.txt,IterativeQuickSort,2,2.084100,0.00,0.00
randomArrays.txt,IterativeQuickSort,3,1.999100,0.00,0.00
randomArrays.txt,IterativeQuickSort,1,1.210900,0.00,0.00
randomArrays.txt,IterativeQuickSort,2,1.147500,340.41,0.00
randomArrays.txt,IterativeQuickSort,3,0.945200,0.00,0.00
randomArrays.txt,IterativeQuickSort,1,6.675400,0.00,0.00
randomArrays.txt,IterativeQuickSort,2,6.633500,58.89,0.00
randomArrays.txt,IterativeQuickSort,3,6.574000,0.00,0.00
randomArrays.txt,IterativeQuickSort,1,2.256900,0.00,0.00
randomArrays.txt,IterativeQuickSort,2,1.877100,0.00,0.00
randomArrays.txt,IterativeQuickSort,3,1.415300,0.00,0.00
randomArrays.txt,IterativeQuickSort,1,0.620400,629.63,0.00
randomArrays.txt,IterativeQuickSort,2,0.617500,0.00,0.00
randomArrays.txt,IterativeQuickSort,3,0.580400,0.00,0.00
randomArrays.txt,IterativeQuickSort,1,2.673600,0.00,0.00
randomArrays.txt,IterativeQuickSort,2,4.300100,0.00,0.00
randomArrays.txt,IterativeQuickSort,3,3.875600,0.00,0.00
randomArrays.txt,IterativeQuickSort,1,3.247000,0.00,0.00
randomArrays.txt,IterativeQuickSort,2,6.522600,59.89,0.00
randomArrays.txt,IterativeQuickSort,3,6.550000,0.00,0.00
randomArrays.txt,IterativeQuickSort,1,10.031500,0.00,0.00
randomArrays.txt,IterativeQuickSort,2,8.509000,45.91,0.00
randomArrays.txt,IterativeQuickSort,3,6.775100,0.00,0.00
randomArrays.txt,IterativeQuickSort,1,2.511600,0.00,0.00
randomArrays.txt,IterativeQuickSort,2,2.100800,185.94,0.00
randomArrays.txt,IterativeQuickSort,3,2.532900,0.00,0.00
randomArrays.txt,IterativeQuickSort,1,5.338000,0.00,0.00
randomArrays.txt,IterativeQuickSort,2,5.312800,0.00,0.00
randomArrays.txt,IterativeQuickSort,3,5.324500,73.36,0.00
randomArrays.txt,IterativeQuickSort,1,2.518500,0.00,0.00
randomArrays.txt,IterativeQuickSort,2,2.400200,0.00,0.00
randomArrays.txt,IterativeQuickSort,3,2.401200,0.00,0.00
randomArrays.txt,IterativeQuickSort,1,3.698700,0.00,0.00
randomArrays.txt,IterativeQuickSort,2,9.294700,42.03,0.00
randomArrays.txt,IterativeQuickSort,3,4.797500,0.00,0.00
randomArrays.txt,IterativeQuickSort,1,5.073300,77.00,0.00
randomArrays.txt,IterativeQuickSort,2,2.606200,0.00,0.00
randomArrays.txt,IterativeQuickSort,3,5.074800,0.00,0.00
randomArrays.txt,IterativeQuickSort,1,8.429700,0.00,0.00
randomArrays.txt,IterativeQuickSort,2,8.835200,44.21,0.00
randomArrays.txt,IterativeQuickSort,3,8.498100,45.97,0.00
randomArrays.txt,IterativeQuickSort,1,1.427800,0.00,0.00
randomArrays.txt,IterativeQuickSort,2,2.721000,143.56,0.00
randomArrays.txt,IterativeQuickSort,3,2.664100,0.00,0.00
randomArrays.txt,IterativeQuickSort,1,5.050200,0.00,0.00
randomArrays.txt,IterativeQuickSort,2,6.308900,0.00,0.00
randomArrays.txt,IterativeQuickSort,3,6.468200,60.39,0.00
randomArrays.txt,IterativeQuickSort,1,0.037200,0.00,0.00
randomArrays.txt,IterativeQuickSort,2,0.041600,0.00,0.00
randomArrays.txt,IterativeQuickSort,3,0.028700,0.00,0.00
randomArrays.txt,IterativeQuickSort,1,1.433400,0.00,0.00
randomArrays.txt,IterativeQuickSort,2,1.420700,0.00,0.00
randomArrays.txt,IterativeQuickSort,3,1.417800,0.00,0.00
randomArrays.txt,IterativeQuickSort,1,7.931600,0.00,0.00
randomArrays.txt,IterativeQuickSort,2,7.909500,0.00,0.00
randomArrays.txt,IterativeQuickSort,3,7.935600,49.22,0.00
randomArrays.txt,IterativeQuickSort,1,3.378200,0.00,0.00
randomArrays.txt,IterativeQuickSort,2,3.380900,0.00,0.00
randomArrays.txt,IterativeQuickSort,3,3.343600,116.83,0.00
randomArrays.txt,IterativeQuickSort,1,0.190200,0.00,0.00
randomArrays.txt,IterativeQuickSort,2,0.186900,0.00,0.00
randomArrays.txt,IterativeQuickSort,3,0.191300,0.00,0.00
randomArrays.txt,IterativeQuickSort,1,5.234200,74.63,0.00
randomArrays.txt,IterativeQuickSort,2,4.845600,0.00,0.00
randomArrays.txt,IterativeQuickSort,3,4.492500,0.00,0.00
randomArrays.txt,IterativeQuickSort,1,1.562500,0.00,0.00
randomArrays.txt,IterativeQuickSort,2,1.553800,0.00,0.00
randomArrays.txt,IterativeQuickSort,3,1.586500,0.00,0.00
randomArrays.txt,IterativeQuickSort,1,9.127900,42.79,0.00
randomArrays.txt,IterativeQuickSort,2,6.890700,0.00,0.00
randomArrays.txt,IterativeQuickSort,3,6.927500,56.39,0.00
randomArrays.txt,IterativeQuickSort,1,1.117400,0.00,0.00
randomArrays.txt,IterativeQuickSort,2,2.889800,0.00,0.00
randomArrays.txt,IterativeQuickSort,3,1.734200,0.00,0.00
randomArrays.txt,IterativeQuickSort,1,5.122400,0.00,0.00
randomArrays.txt,IterativeQuickSort,2,7.950200,0.00,0.00
randomArrays.txt,IterativeQuickSort,3,7.153000,54.61,0.00
randomArrays.txt,IterativeQuickSort,1,0.875100,0.00,0.00
randomArrays.txt,IterativeQuickSort,2,1.165600,0.00,0.00
randomArrays.txt,IterativeQuickSort,3,0.887700,440.04,0.00
randomArrays.txt,IterativeQuickSort,1,1.737100,0.00,0.00
randomArrays.txt,IterativeQuickSort,2,1.691900,0.00,0.00
randomArrays.txt,IterativeQuickSort,3,1.857300,0.00,0.00
randomArrays.txt,IterativeQuickSort,1,1.310300,0.00,0.00
randomArrays.txt,IterativeQuickSort,2,1.002300,0.00,0.00
randomArrays.txt,IterativeQuickSort,3,1.011600,386.15,0.00
randomArrays.txt,IterativeQuickSort,1,9.722900,40.18,0.00
randomArrays.txt,IterativeQuickSort,2,6.482000,0.00,0.00
randomArrays.txt,IterativeQuickSort,3,6.646800,58.77,0.00
randomArrays.txt,IterativeQuickSort,1,1.503400,0.00,0.00
randomArrays.txt,IterativeQuickSort,2,1.510400,0.00,0.00
randomArrays.txt,IterativeQuickSort,3,1.517600,0.00,0.00
randomArrays.txt,IterativeQuickSort,1,1.737000,0.00,0.00
randomArrays.txt,IterativeQuickSort,2,1.730200,0.00,0.00
randomArrays.txt,IterativeQuickSort,3,1.723400,226.66,0.00
randomArrays.txt,IterativeQuickSort,1,0.393700,992.19,0.00
randomArrays.txt,IterativeQuickSort,2,0.601400,0.00,0.00
randomArrays.txt,IterativeQuickSort,3,0.476800,0.00,0.00
randomArrays.txt,IterativeQuickSort,1,5.063100,77.15,0.00
randomArrays.txt,IterativeQuickSort,2,2.622000,0.00,0.00
randomArrays.txt,IterativeQuickSort,3,5.105100,0.00,0.00
randomArrays.txt,IterativeQuickSort,1,0.084700,0.00,0.00
randomArrays.txt,IterativeQuickSort,2,0.065500,0.00,0.00
randomArrays.txt,IterativeQuickSort,3,0.062800,0.00,0.00
randomArrays.txt,IterativeQuickSort,1,2.911100,0.00,0.00
randomArrays.txt,IterativeQuickSort,2,5.000200,78.12,0.00
randomArrays.txt,IterativeQuickSort,3,5.002200,0.00,0.00
randomArrays.txt,IterativeQuickSort,1,3.446800,0.00,0.00
randomArrays.txt,IterativeQuickSort,2,3.475500,0.00,0.00
randomArrays.txt,IterativeQuickSort,3,3.455600,113.04,0.00
randomArrays.txt,IterativeQuickSort,1,2.640400,0.00,0.00
randomArrays.txt,IterativeQuickSort,2,5.178500,0.00,0.00
randomArrays.txt,IterativeQuickSort,3,5.244500,0.00,0.00
randomArrays.txt,IterativeQuickSort,1,7.768600,50.28,0.00
randomArrays.txt,IterativeQuickSort,2,6.627600,0.00,0.00
randomArrays.txt,IterativeQuickSort,3,7.672400,50.91,0.00
randomArrays.txt,IterativeQuickSort,1,5.264700,74.20,0.00
randomArrays.txt,IterativeQuickSort,2,5.291100,0.00,0.00
randomArrays.txt,IterativeQuickSort,3,5.285800,0.00,0.00
randomArrays.txt,IterativeQuickSort,1,7.290200,0.00,0.00
randomArrays.txt,IterativeQuickSort,2,7.312300,53.42,0.00
randomArrays.txt,IterativeQuickSort,3,7.276800,0.00,0.00
randomArrays.txt,IterativeQuickSort,1,3.967300,0.00,0.00
randomArrays.txt,IterativeQuickSort,2,5.406700,0.00,0.00
randomArrays.txt,IterativeQuickSort,3,5.387800,0.00,0.00
randomArrays.txt,IterativeQuickSort,1,1.394600,0.00,0.00
randomArrays.txt,IterativeQuickSort,2,1.247700,313.08,0.00
randomArrays.txt,IterativeQuickSort,3,1.129900,0.00,0.00
randomArrays.txt,IterativeQuickSort,1,4.412900,0.00,0.00
randomArrays.txt,IterativeQuickSort,2,4.367600,89.44,0.00
randomArrays.txt,IterativeQuickSort,3,4.386500,0.00,0.00
randomArrays.txt,IterativeQuickSort,1,0.923700,0.00,0.00
randomArrays.txt,IterativeQuickSort,2,1.327600,0.00,0.00
randomArrays.txt,IterativeQuickSort,3,0.915000,0.00,0.00
randomArrays.txt,IterativeQuickSort,1,1.785700,0.00,0.00
randomArrays.txt,IterativeQuickSort,2,1.814300,215.30,0.00
randomArrays.txt,IterativeQuickSort,3,1.740600,0.00,0.00
randomArrays.txt,IterativeQuickSort,1,1.050500,0.00,0.00
randomArrays.txt,IterativeQuickSort,2,1.008800,0.00,0.00
randomArrays.txt,IterativeQuickSort,3,1.071900,0.00,0.00
randomArrays.txt,IterativeQuickSort,1,0.724300,0.00,0.00
randomArrays.txt,IterativeQuickSort,2,0.717600,0.00,0.00
randomArrays.txt,IterativeQuickSort,3,0.723600,0.00,0.00
randomArrays.txt,IterativeQuickSort,1,1.793500,0.00,0.00
randomArrays.txt,IterativeQuickSort,2,1.808200,0.00,0.00
randomArrays.txt,IterativeQuickSort,3,1.790800,0.00,0.00
randomArrays.txt,IterativeQuickSort,1,0.703800,0.00,0.00
randomArrays.txt,IterativeQuickSort,2,0.491100,0.00,0.00
randomArrays.txt,IterativeQuickSort,3,0.521900,0.00,0.00
randomArrays.txt,IterativeQuickSort,1,0.046400,0.00,0.00
randomArrays.txt,IterativeQuickSort,2,0.042500,0.00,0.00
randomArrays.txt,IterativeQuickSort,3,0.044400,0.00,0.00
randomArrays.txt,IterativeQuickSort,1,1.796100,217.49,0.00
randomArrays.txt,IterativeQuickSort,2,2.123300,0.00,0.00
randomArrays.txt,IterativeQuickSort,3,2.148200,0.00,0.00
randomArrays.txt,IterativeQuickSort,1,4.189500,93.24,0.00
randomArrays.txt,IterativeQuickSort,2,4.280100,0.00,0.00
randomArrays.txt,IterativeQuickSort,3,4.233600,0.00,0.00
randomArrays.txt,IterativeQuickSort,1,2.316600,0.00,0.00
randomArrays.txt,IterativeQuickSort,2,1.450500,0.00,0.00
randomArrays.txt,IterativeQuickSort,3,2.281000,0.00,0.00
randomArrays.txt,IterativeQuickSort,1,2.760300,141.52,0.00
randomArrays.txt,IterativeQuickSort,2,2.885100,0.00,0.00
randomArrays.txt,IterativeQuickSort,3,2.718800,0.00,0.00
randomArrays.txt,IterativeQuickSort,1,5.275700,0.00,0.00
randomArrays.txt,IterativeQuickSort,2,5.198700,75.14,0.00
randomArrays.txt,IterativeQuickSort,3,3.797800,0.00,0.00
randomArrays.txt,IterativeQuickSort,1,3.788400,0.00,0.00
randomArrays.txt,IterativeQuickSort,2,3.784100,0.00,0.00
randomArrays.txt,IterativeQuickSort,3,3.818800,102.29,0.00
randomArrays.txt,IterativeQuickSort,1,0.143900,0.00,0.00
randomArrays.txt,IterativeQuickSort,2,0.142300,0.00,0.00
randomArrays.txt,IterativeQuickSort,3,0.144100,0.00,0.00
randomArrays.txt,IterativeQuickSort,1,2.221300,0.00,0.00
randomArrays.txt,IterativeQuickSort,2,3.083500,0.00,0.00
randomArrays.txt,IterativeQuickSort,3,3.044200,128.32,0.00
randomArrays.txt,IterativeQuickSort,1,0.196100,0.00,0.00
randomArrays.txt,IterativeQuickSort,2,0.193600,0.00,0.00
randomArrays.txt,IterativeQuickSort,3,0.191700,0.00,0.00
randomArrays.txt,IterativeQuickSort,1,4.308600,0.00,0.00
randomArrays.txt,IterativeQuickSort,2,4.455800,0.00,0.00
randomArrays.txt,IterativeQuickSort,3,4.125800,94.68,0.00
randomArrays.txt,IterativeQuickSort,1,7.505200,0.00,0.00
randomArrays.txt,IterativeQuickSort,2,7.465600,52.32,0.00
randomArrays.txt,IterativeQuickSort,3,7.448800,0.00,0.00
randomArrays.txt,IterativeQuickSort,1,0.263800,0.00,0.00
randomArrays.txt,IterativeQuickSort,2,0.260900,0.00,0.00
randomArrays.txt,IterativeQuickSort,3,0.257000,0.00,0.00
randomArrays.txt,IterativeQuickSort,1,3.789200,0.00,0.00
randomArrays.txt,IterativeQuickSort,2,5.246400,74.46,0.00
randomArrays.txt,IterativeQuickSort,3,4.442500,0.00,0.00
randomArrays.txt,IterativeQuickSort,1,2.863800,0.00,0.00
randomArrays.txt,IterativeQuickSort,2,2.139700,182.56,0.00
randomArrays.txt,IterativeQuickSort,3,2.195300,0.00,0.00
randomArrays.txt,IterativeQuickSort,1,2.577400,151.56,0.00
randomArrays.txt,IterativeQuickSort,2,2.569000,0.00,0.00
randomArrays.txt,IterativeQuickSort,3,2.488800,0.00,0.00
randomArrays.txt,IterativeQuickSort,1,7.272900,0.00,0.00
randomArrays.txt,IterativeQuickSort,2,9.206900,42.43,0.00
randomArrays.txt,IterativeQuickSort,3,8.928900,43.75,0.00
randomArrays.txt,IterativeQuickSort,1,2.047700,0.00,0.00
randomArrays.txt,IterativeQuickSort,2,3.255900,0.00,0.00
randomArrays.txt,IterativeQuickSort,3,2.724900,143.35,0.00
randomArrays.txt,IterativeQuickSort,1,9.098300,0.00,0.00
randomArrays.txt,IterativeQuickSort,2,5.540200,0.00,0.00
randomArrays.txt,IterativeQuickSort,3,9.218400,0.00,0.00
randomArrays.txt,IterativeQuickSort,1,0.478800,0.00,0.00
randomArrays.txt,IterativeQuickSort,2,0.698100,0.00,0.00
randomArrays.txt,IterativeQuickSort,3,0.480600,0.00,0.00
randomArrays.txt,IterativeQuickSort,1,3.315400,0.00,0.00
randomArrays.txt,IterativeQuickSort,2,3.296100,118.51,0.00
randomArrays.txt,IterativeQuickSort,3,3.329000,0.00,0.00
randomArrays.txt,IterativeQuickSort,1,5.565700,0.00,0.00
randomArrays.txt,IterativeQuickSort,2,5.559800,0.00,0.00
randomArrays.txt,IterativeQuickSort,3,5.462000,71.52,0.00
randomArrays.txt,IterativeQuickSort,1,6.794000,57.50,0.00
randomArrays.txt,IterativeQuickSort,2,6.932800,0.00,0.00
randomArrays.txt,IterativeQuickSort,3,7.015600,55.68,0.00
randomArrays.txt,IterativeQuickSort,1,6.142900,63.59,0.00
randomArrays.txt,IterativeQuickSort,2,6.456000,0.00,0.00
randomArrays.txt,IterativeQuickSort,3,3.350200,0.00,0.00
randomArrays.txt,IterativeQuickSort,1,7.143800,54.68,0.00
randomArrays.txt,IterativeQuickSort,2,13.645000,28.63,0.00
randomArrays.txt,IterativeQuickSort,3,10.022200,0.00,0.00
randomArrays.txt,IterativeQuickSort,1,4.231300,0.00,0.00
randomArrays.txt,IterativeQuickSort,2,4.187400,0.00,0.00
randomArrays.txt,IterativeQuickSort,3,2.817700,138.63,0.00
randomArrays.txt,IterativeQuickSort,1,7.011300,0.00,0.00
randomArrays.txt,IterativeQuickSort,2,8.298600,47.07,0.00
randomArrays.txt,IterativeQuickSort,3,7.007800,55.74,0.00
randomArrays.txt,IterativeQuickSort,1,1.035900,0.00,0.00
randomArrays.txt,IterativeQuickSort,2,1.033600,0.00,0.00
randomArrays.txt,IterativeQuickSort,3,1.225000,318.88,0.00
randomArrays.txt,IterativeQuickSort,1,7.141800,54.70,0.00
randomArrays.txt,IterativeQuickSort,2,7.053600,0.00,0.00
randomArrays.txt,IterativeQuickSort,3,7.218100,54.12,0.00
randomArrays.txt,IterativeQuickSort,1,1.551400,0.00,0.00
randomArrays.txt,IterativeQuickSort,2,1.416300,0.00,0.00
randomArrays.txt,IterativeQuickSort,3,1.803100,0.00,0.00
randomArrays.txt,IterativeQuickSort,1,2.755200,0.00,0.00
randomArrays.txt,IterativeQuickSort,2,2.737800,142.68,0.00
randomArrays.txt,IterativeQuickSort,3,2.751400,0.00,0.00
randomArrays.txt,IterativeQuickSort,1,0.184900,0.00,0.00
randomArrays.txt,IterativeQuickSort,2,0.186000,0.00,0.00
randomArrays.txt,IterativeQuickSort,3,0.258100,0.00,0.00
randomArrays.txt,IterativeQuickSort,1,4.870800,0.00,0.00
randomArrays.txt,IterativeQuickSort,2,8.600200,0.00,0.00
randomArrays.txt,IterativeQuickSort,3,3.687100,0.00,0.00
randomArrays.txt,IterativeQuickSort,1,4.788400,81.58,0.00
randomArrays.txt,IterativeQuickSort,2,7.889200,0.00,0.00
randomArrays.txt,IterativeQuickSort,3,5.652900,69.10,0.00
randomArrays.txt,IterativeQuickSort,1,9.630300,40.56,0.00
randomArrays.txt,IterativeQuickSort,2,8.792900,0.00,0.00
randomArrays.txt,IterativeQuickSort,3,9.976300,39.16,0.00
randomArrays.txt,IterativeQuickSort,1,3.301200,0.00,0.00
randomArrays.txt,IterativeQuickSort,2,3.332800,0.00,0.00
randomArrays.txt,IterativeQuickSort,3,3.111200,125.55,0.00
randomArrays.txt,IterativeQuickSort,1,3.459700,112.91,0.00
randomArrays.txt,IterativeQuickSort,2,5.378700,0.00,0.00
randomArrays.txt,IterativeQuickSort,3,5.428000,0.00,0.00
randomArrays.txt,IterativeQuickSort,1,1.996200,0.00,0.00
randomArrays.txt,IterativeQuickSort,2,2.381100,0.00,0.00
randomArrays.txt,IterativeQuickSort,3,2.712700,0.00,0.00
randomArrays.txt,IterativeQuickSort,1,5.653800,0.00,0.00
randomArrays.txt,IterativeQuickSort,2,6.480200,0.00,0.00
randomArrays.txt,IterativeQuickSort,3,6.503300,0.00,0.00
randomArrays.txt,IterativeQuickSort,1,4.297400,0.00,0.00
randomArrays.txt,IterativeQuickSort,2,4.326300,90.29,0.00
randomArrays.txt,IterativeQuickSort,3,4.273100,0.00,0.00
randomArrays.txt,IterativeQuickSort,1,3.606900,108.30,0.00
randomArrays.txt,IterativeQuickSort,2,5.152100,0.00,0.00
randomArrays.txt,IterativeQuickSort,3,5.158900,0.00,0.00
randomArrays.txt,IterativeQuickSort,1,4.799200,81.39,0.00
randomArrays.txt,IterativeQuickSort,2,4.627900,0.00,0.00
randomArrays.txt,IterativeQuickSort,3,4.637200,0.00,0.00
randomArrays.txt,IterativeQuickSort,1,0.703900,0.00,0.00
randomArrays.txt,IterativeQuickSort,2,0.801300,0.00,0.00
randomArrays.txt,IterativeQuickSort,3,0.803700,0.00,0.00
randomArrays.txt,IterativeQuickSort,1,4.289400,0.00,0.00
randomArrays.txt,IterativeQuickSort,2,2.940900,0.00,0.00
randomArrays.txt,IterativeQuickSort,3,4.282600,0.00,0.00
randomArrays.txt,IterativeQuickSort,1,1.752600,222.88,0.00
randomArrays.txt,IterativeQuickSort,2,1.580400,0.00,0.00
randomArrays.txt,IterativeQuickSort,3,1.565900,0.00,0.00
randomArrays.txt,IterativeQuickSort,1,5.503400,0.00,0.00
randomArrays.txt,IterativeQuickSort,2,5.889000,66.33,0.00
randomArrays.txt,IterativeQuickSort,3,2.923500,0.00,0.00
randomArrays.txt,IterativeQuickSort,1,5.709700,68.41,0.00
randomArrays.txt,IterativeQuickSort,2,5.439800,0.00,0.00
randomArrays.txt,IterativeQuickSort,3,6.503500,60.06,0.00
randomArrays.txt,IterativeQuickSort,1,9.674600,40.38,0.00
randomArrays.txt,IterativeQuickSort,2,8.413000,46.43,0.00
randomArrays.txt,IterativeQuickSort,3,8.397800,0.00,0.00
randomArrays.txt,IterativeQuickSort,1,1.808800,0.00,0.00
randomArrays.txt,IterativeQuickSort,2,1.814400,0.00,0.00
randomArrays.txt,IterativeQuickSort,3,1.570300,0.00,0.00
randomArrays.txt,IterativeQuickSort,1,0.217000,0.00,0.00
randomArrays.txt,IterativeQuickSort,2,0.146500,0.00,0.00
randomArrays.txt,IterativeQuickSort,3,0.145100,0.00,0.00
randomArrays.txt,IterativeQuickSort,1,6.316600,0.00,0.00
randomArrays.txt,IterativeQuickSort,2,8.262700,47.28,0.00
randomArrays.txt,IterativeQuickSort,3,7.254100,0.00,0.00
randomArrays.txt,IterativeQuickSort,1,0.162000,0.00,0.00
randomArrays.txt,IterativeQuickSort,2,0.154300,0.00,0.00
randomArrays.txt,IterativeQuickSort,3,0.255900,0.00,0.00
randomArrays.txt,IterativeQuickSort,1,2.020000,0.00,0.00
randomArrays.txt,IterativeQuickSort,2,1.902300,0.00,0.00
randomArrays.txt,IterativeQuickSort,3,1.935700,0.00,0.00
randomArrays.txt,IterativeQuickSort,1,3.954500,0.00,0.00
randomArrays.txt,IterativeQuickSort,2,2.582700,0.00,0.00
randomArrays.txt,IterativeQuickSort,3,3.862100,0.00,0.00
randomArrays.txt,IterativeQuickSort,1,4.238500,0.00,0.00
randomArrays.txt,IterativeQuickSort,2,2.657000,0.00,0.00
randomArrays.txt,IterativeQuickSort,3,4.296700,0.00,0.00
randomArrays.txt,IterativeQuickSort,1,7.436600,52.53,0.00
randomArrays.txt,IterativeQuickSort,2,7.496200,0.00,0.00
randomArrays.txt,IterativeQuickSort,3,3.927700,0.00,0.00
randomArrays.txt,IterativeQuickSort,1,1.046700,0.00,0.00
randomArrays.txt,IterativeQuickSort,2,1.018700,0.00,0.00
randomArrays.txt,IterativeQuickSort,3,1.041900,0.00,0.00
randomArrays.txt,IterativeQuickSort,1,2.303100,0.00,0.00
randomArrays.txt,IterativeQuickSort,2,2.437800,0.00,0.00
randomArrays.txt,IterativeQuickSort,3,2.301600,0.00,0.00
randomArrays.txt,IterativeQuickSort,1,4.175300,0.00,0.00
randomArrays.txt,IterativeQuickSort,2,4.592300,0.00,0.00
randomArrays.txt,IterativeQuickSort,3,4.587100,85.16,0.00
randomArrays.txt,IterativeQuickSort,1,6.878600,0.00,0.00
randomArrays.txt,IterativeQuickSort,2,8.289700,47.12,0.00
randomArrays.txt,IterativeQuickSort,3,8.413600,0.00,0.00
randomArrays.txt,IterativeQuickSort,1,4.008700,97.44,0.00
randomArrays.txt,IterativeQuickSort,2,2.462200,0.00,0.00
randomArrays.txt,IterativeQuickSort,3,3.914200,0.00,0.00
randomArrays.txt,IterativeQuickSort,1,4.986800,0.00,0.00
randomArrays.txt,IterativeQuickSort,2,4.977300,78.48,0.00
randomArrays.txt,IterativeQuickSort,3,5.002000,0.00,0.00
randomArrays.txt,IterativeQuickSort,1,6.459200,0.00,0.00
randomArrays.txt,IterativeQuickSort,2,6.768900,0.00,0.00
randomArrays.txt,IterativeQuickSort,3,6.703600,0.00,0.00
randomArrays.txt,IterativeQuickSort,1,0.127900,0.00,0.00
randomArrays.txt,IterativeQuickSort,2,0.124700,0.00,0.00
randomArrays.txt,IterativeQuickSort,3,0.125100,0.00,0.00
randomArrays.txt,IterativeQuickSort,1,4.578000,0.00,0.00
randomArrays.txt,IterativeQuickSort,2,4.559600,0.00,0.00
randomArrays.txt,IterativeQuickSort,3,4.536100,86.11,0.00
randomArrays.txt,IterativeQuickSort,1,0.148900,0.00,0.00
randomArrays.txt,IterativeQuickSort,2,0.146000,0.00,0.00
randomArrays.txt,IterativeQuickSort,3,0.147500,0.00,0.00
randomArrays.txt,IterativeQuickSort,1,2.267300,0.00,0.00
randomArrays.txt,IterativeQuickSort,2,2.235100,174.77,0.00
randomArrays.txt,IterativeQuickSort,3,2.185700,0.00,0.00
randomArrays.txt,IterativeQuickSort,1,0.978100,0.00,0.00
randomArrays.txt,IterativeQuickSort,2,0.871000,0.00,0.00
randomArrays.txt,IterativeQuickSort,3,0.885400,0.00,0.00
randomArrays.txt,IterativeQuickSort,1,0.252900,0.00,0.00
randomArrays.txt,IterativeQuickSort,2,0.246700,0.00,0.00
randomArrays.txt,IterativeQuickSort,3,0.245600,0.00,0.00
randomArrays.txt,IterativeQuickSort,1,0.382600,0.00,0.00
randomArrays.txt,IterativeQuickSort,2,0.598400,0.00,0.00
randomArrays.txt,IterativeQuickSort,3,0.523000,0.00,0.00
randomArrays.txt,IterativeQuickSort,1,3.260500,0.00,0.00
randomArrays.txt,IterativeQuickSort,2,3.291600,0.00,0.00
randomArrays.txt,IterativeQuickSort,3,3.258100,119.89,0.00
randomArrays.txt,IterativeQuickSort,1,4.816300,0.00,0.00
randomArrays.txt,IterativeQuickSort,2,6.255200,62.45,0.00
randomArrays.txt,IterativeQuickSort,3,6.212700,0.00,0.00
randomArrays.txt,IterativeQuickSort,1,2.127100,0.00,0.00
randomArrays.txt,IterativeQuickSort,2,2.099900,186.02,0.00
randomArrays.txt,IterativeQuickSort,3,1.222300,0.00,0.00
randomArrays.txt,IterativeQuickSort,1,4.052400,96.39,0.00
randomArrays.txt,IterativeQuickSort,2,6.463900,0.00,0.00
randomArrays.txt,IterativeQuickSort,3,6.032800,0.00,0.00
randomArrays.txt,IterativeQuickSort,1,0.301900,0.00,0.00
randomArrays.txt,IterativeQuickSort,2,0.304600,0.00,0.00
randomArrays.txt,IterativeQuickSort,3,0.293900,0.00,0.00
randomArrays.txt,IterativeQuickSort,1,5.011700,0.00,0.00
randomArrays.txt,IterativeQuickSort,2,6.890300,56.69,0.00
randomArrays.txt,IterativeQuickSort,3,6.668200,0.00,0.00
randomArrays.txt,IterativeQuickSort,1,2.828100,0.00,0.00
randomArrays.txt,IterativeQuickSort,2,5.529900,0.00,0.00
randomArrays.txt,IterativeQuickSort,3,5.483900,0.00,0.00
randomArrays.txt,IterativeQuickSort,1,5.765200,0.00,0.00
randomArrays.txt,IterativeQuickSort,2,7.021200,0.00,0.00
randomArrays.txt,IterativeQuickSort,3,6.950000,56.21,0.00
randomArrays.txt,IterativeQuickSort,1,0.382300,0.00,0.00
randomArrays.txt,IterativeQuickSort,2,0.528700,0.00,0.00
randomArrays.txt,IterativeQuickSort,3,0.512600,0.00,0.00
randomArrays.txt,IterativeQuickSort,1,7.817800,0.00,0.00
randomArrays.txt,IterativeQuickSort,2,6.483200,60.25,0.00
randomArrays.txt,IterativeQuickSort,3,7.824800,0.00,0.00
randomArrays.txt,IterativeQuickSort,1,5.022700,77.77,0.00
randomArrays.txt,IterativeQuickSort,2,4.643700,0.00,0.00
randomArrays.txt,IterativeQuickSort,3,3.767700,0.00,0.00
randomArrays.txt,IterativeQuickSort,1,6.553100,59.61,0.00
randomArrays.txt,IterativeQuickSort,2,3.262200,0.00,0.00
randomArrays.txt,IterativeQuickSort,3,3.332800,0.00,0.00
randomArrays.txt,IterativeQuickSort,1,6.674900,58.52,0.00
randomArrays.txt,IterativeQuickSort,2,6.702100,0.00,0.00
randomArrays.txt,IterativeQuickSort,3,3.083300,126.69,0.00
randomArrays.txt,IterativeQuickSort,1,0.417800,0.00,0.00
randomArrays.txt,IterativeQuickSort,2,0.190600,0.00,0.00
randomArrays.txt,IterativeQuickSort,3,0.276200,0.00,0.00
randomArrays.txt,IterativeQuickSort,1,1.643000,0.00,0.00
randomArrays.txt,IterativeQuickSort,2,1.649400,0.00,0.00
randomArrays.txt,IterativeQuickSort,3,1.645900,0.00,0.00
randomArrays.txt,IterativeQuickSort,1,6.776300,57.65,0.00
randomArrays.txt,IterativeQuickSort,2,6.786400,0.00,0.00
randomArrays.txt,IterativeQuickSort,3,6.797400,57.47,0.00
randomArrays.txt,IterativeQuickSort,1,0.903400,0.00,0.00
randomArrays.txt,IterativeQuickSort,2,0.731900,0.00,0.00
randomArrays.txt,IterativeQuickSort,3,0.736600,0.00,0.00
randomArrays.txt,IterativeQuickSort,1,0.967300,0.00,0.00
randomArrays.txt,IterativeQuickSort,2,0.967500,0.00,0.00
randomArrays.txt,IterativeQuickSort,3,0.950100,0.00,0.00
randomArrays.txt,IterativeQuickSort,1,3.438000,0.00,0.00
randomArrays.txt,IterativeQuickSort,2,3.225600,0.00,0.00
randomArrays.txt,IterativeQuickSort,3,3.256900,119.94,0.00
randomArrays.txt,IterativeQuickSort,1,5.966500,0.00,0.00
randomArrays.txt,IterativeQuickSort,2,5.633700,69.34,0.00
randomArrays.txt,IterativeQuickSort,3,6.101300,0.00,0.00
randomArrays.txt,IterativeQuickSort,1,2.753000,0.00,0.00
randomArrays.txt,IterativeQuickSort,2,2.734700,0.00,0.00
randomArrays.txt,IterativeQuickSort,3,2.764300,0.00,0.00
randomArrays.txt,IterativeQuickSort,1,1.815800,0.00,0.00
randomArrays.txt,IterativeQuickSort,2,1.803400,0.00,0.00
randomArrays.txt,IterativeQuickSort,3,2.159300,0.00,0.00
randomArrays.txt,IterativeQuickSort,1,0.357600,0.00,0.00
randomArrays.txt,IterativeQuickSort,2,0.349000,0.00,0.00
randomArrays.txt,IterativeQuickSort,3,0.344600,0.00,0.00
randomArrays.txt,IterativeQuickSort,1,2.635900,0.00,0.00
randomArrays.txt,IterativeQuickSort,2,2.635500,0.00,0.00
randomArrays.txt,IterativeQuickSort,3,2.642100,0.00,0.00
randomArrays.txt,IterativeQuickSort,1,1.181600,0.00,0.00
randomArrays.txt,IterativeQuickSort,2,1.175300,332.36,0.00
randomArrays.txt,IterativeQuickSort,3,1.122300,0.00,0.00
randomArrays.txt,IterativeQuickSort,1,3.358600,0.00,0.00
randomArrays.txt,IterativeQuickSort,2,3.223900,0.00,0.00
randomArrays.txt,IterativeQuickSort,3,3.229500,120.96,0.00
randomArrays.txt,IterativeQuickSort,1,5.125100,76.22,0.00
randomArrays.txt,IterativeQuickSort,2,4.740400,0.00,0.00
randomArrays.txt,IterativeQuickSort,3,5.166000,0.00,0.00
randomArrays.txt,IterativeQuickSort,1,6.461500,0.00,0.00
randomArrays.txt,IterativeQuickSort,2,9.911300,39.41,0.00
randomArrays.txt,IterativeQuickSort,3,5.838000,0.00,0.00
randomArrays.txt,IterativeQuickSort,1,1.900300,0.00,0.00
randomArrays.txt,IterativeQuickSort,2,1.904100,0.00,0.00
randomArrays.txt,IterativeQuickSort,3,1.978400,0.00,0.00
randomArrays.txt,IterativeQuickSort,1,6.373300,0.00,0.00
randomArrays.txt,IterativeQuickSort,2,6.335300,0.00,0.00
randomArrays.txt,IterativeQuickSort,3,6.396700,0.00,0.00
randomArrays.txt,IterativeQuickSort,1,0.639400,0.00,0.00
randomArrays.txt,IterativeQuickSort,2,0.699800,0.00,0.00
randomArrays.txt,IterativeQuickSort,3,0.745700,0.00,0.00
randomArrays.txt,IterativeQuickSort,1,1.221800,0.00,0.00
randomArrays.txt,IterativeQuickSort,2,1.958900,0.00,0.00
randomArrays.txt,IterativeQuickSort,3,1.556100,251.03,0.00
randomArrays.txt,IterativeQuickSort,1,6.857500,0.00,0.00
randomArrays.txt,IterativeQuickSort,2,6.813600,57.33,0.00
randomArrays.txt,IterativeQuickSort,3,5.435700,0.00,0.00
randomArrays.txt,IterativeQuickSort,1,3.682100,0.00,0.00
randomArrays.txt,IterativeQuickSort,2,3.714900,0.00,0.00
randomArrays.txt,IterativeQuickSort,3,3.654500,106.89,0.00
randomArrays.txt,IterativeQuickSort,1,1.728200,0.00,0.00
randomArrays.txt,IterativeQuickSort,2,2.709100,144.19,0.00
randomArrays.txt,IterativeQuickSort,3,2.709500,0.00,0.00
randomArrays.txt,IterativeQuickSort,1,9.073700,43.05,0.00
randomArrays.txt,IterativeQuickSort,2,8.624100,45.29,0.00
randomArrays.txt,IterativeQuickSort,3,8.721400,0.00,0.00
randomArrays.txt,IterativeQuickSort,1,6.069400,64.36,0.00
randomArrays.txt,IterativeQuickSort,2,4.729300,0.00,0.00
randomArrays.txt,IterativeQuickSort,3,6.013400,64.96,0.00
randomArrays.txt,IterativeQuickSort,1,4.007000,0.00,0.00
randomArrays.txt,IterativeQuickSort,2,4.008400,0.00,0.00
randomArrays.txt,IterativeQuickSort,3,4.003200,97.58,0.00
randomArrays.txt,IterativeQuickSort,1,0.972200,0.00,0.00
randomArrays.txt,IterativeQuickSort,2,0.945400,0.00,0.00
randomArrays.txt,IterativeQuickSort,3,0.738200,0.00,0.00
randomArrays.txt,IterativeQuickSort,1,0.978700,0.00,0.00
randomArrays.txt,IterativeQuickSort,2,0.722500,0.00,0.00
randomArrays.txt,IterativeQuickSort,3,0.708800,0.00,0.00
randomArrays.txt,IterativeQuickSort,1,7.228900,54.04,0.00
randomArrays.txt,IterativeQuickSort,2,7.224000,0.00,0.00
randomArrays.txt,IterativeQuickSort,3,9.514400,41.06,0.00
randomArrays.txt,IterativeQuickSort,1,2.510500,0.00,0.00
randomArrays.txt,IterativeQuickSort,2,4.831000,80.86,0.00
randomArrays.txt,IterativeQuickSort,3,4.824400,0.00,0.00
randomArrays.txt,IterativeQuickSort,1,6.810100,0.00,0.00
randomArrays.txt,IterativeQuickSort,2,7.051100,55.40,0.00
randomArrays.txt,IterativeQuickSort,3,9.304900,0.00,0.00
randomArrays.txt,IterativeQuickSort,1,4.089800,0.00,0.00
randomArrays.txt,IterativeQuickSort,2,3.058100,0.00,0.00
randomArrays.txt,IterativeQuickSort,3,3.059600,0.00,0.00
randomArrays.txt,IterativeQuickSort,1,7.446100,0.00,0.00
randomArrays.txt,IterativeQuickSort,2,3.904200,0.00,0.00
randomArrays.txt,IterativeQuickSort,3,7.492800,0.00,0.00
randomArrays.txt,IterativeQuickSort,1,9.088000,42.98,0.00
randomArrays.txt,IterativeQuickSort,2,7.813100,0.00,0.00
randomArrays.txt,IterativeQuickSort,3,6.060200,64.46,0.00
randomArrays.txt,IterativeQuickSort,1,1.357300,0.00,0.00
randomArrays.txt,IterativeQuickSort,2,1.509400,258.79,0.00
randomArrays.txt,IterativeQuickSort,3,1.691600,0.00,0.00
randomArrays.txt,IterativeQuickSort,1,6.781900,0.00,0.00
randomArrays.txt,IterativeQuickSort,2,6.792100,57.51,0.00
randomArrays.txt,IterativeQuickSort,3,6.744700,0.00,0.00
randomArrays.txt,IterativeQuickSort,1,1.984300,0.00,0.00
randomArrays.txt,IterativeQuickSort,2,2.393200,0.00,0.00
randomArrays.txt,IterativeQuickSort,3,1.472800,0.00,0.00
randomArrays.txt,IterativeQuickSort,1,3.251100,0.00,0.00
randomArrays.txt,IterativeQuickSort,2,2.814700,0.00,0.00
randomArrays.txt,IterativeQuickSort,3,2.802400,0.00,0.00
randomArrays.txt,IterativeQuickSort,1,3.266300,119.59,0.00
randomArrays.txt,IterativeQuickSort,2,3.267200,0.00,0.00
randomArrays.txt,IterativeQuickSort,3,3.229500,0.00,0.00
randomArrays.txt,IterativeQuickSort,1,2.302400,0.00,0.00
randomArrays.txt,IterativeQuickSort,2,3.502900,111.51,0.00
randomArrays.txt,IterativeQuickSort,3,3.529300,0.00,0.00
randomArrays.txt,IterativeQuickSort,1,1.358700,0.00,0.00
randomArrays.txt,IterativeQuickSort,2,2.159300,0.00,0.00
randomArrays.txt,IterativeQuickSort,3,1.367000,0.00,0.00
randomArrays.txt,IterativeQuickSort,1,2.915700,0.00,0.00
randomArrays.txt,IterativeQuickSort,2,2.057400,0.00,0.00
randomArrays.txt,IterativeQuickSort,3,1.961400,199.16,0.00
randomArrays.txt,IterativeQuickSort,1,1.043600,0.00,0.00
randomArrays.txt,IterativeQuickSort,2,1.041900,0.00,0.00
randomArrays.txt,IterativeQuickSort,3,1.046700,373.20,0.00
randomArrays.txt,IterativeQuickSort,1,2.431800,0.00,0.00
randomArrays.txt,IterativeQuickSort,2,2.240600,0.00,0.00
randomArrays.txt,IterativeQuickSort,3,2.403500,0.00,0.00
randomArrays.txt,IterativeQuickSort,1,5.800500,67.34,0.00
randomArrays.txt,IterativeQuickSort,2,6.234500,0.00,0.00
randomArrays.txt,IterativeQuickSort,3,7.179100,54.41,0.00
randomArrays.txt,IterativeQuickSort,1,2.722700,0.00,0.00
randomArrays.txt,IterativeQuickSort,2,3.886900,0.00,0.00
randomArrays.txt,IterativeQuickSort,3,2.461300,0.00,0.00
randomArrays.txt,IterativeQuickSort,1,6.867400,56.88,0.00
randomArrays.txt,IterativeQuickSort,2,5.496600,0.00,0.00
randomArrays.txt,IterativeQuickSort,3,6.903200,0.00,0.00
randomArrays.txt,IterativeQuickSort,1,5.798900,0.00,0.00
randomArrays.txt,IterativeQuickSort,2,5.762300,0.00,0.00
randomArrays.txt,IterativeQuickSort,3,4.823700,80.98,0.00
randomArrays.txt,IterativeQuickSort,1,0.300400,0.00,0.00
randomArrays.txt,IterativeQuickSort,2,0.300900,0.00,0.00
randomArrays.txt,IterativeQuickSort,3,0.300900,0.00,0.00
randomArrays.txt,IterativeQuickSort,1,2.922600,0.00,0.00
randomArrays.txt,IterativeQuickSort,2,2.945200,0.00,0.00
randomArrays.txt,IterativeQuickSort,3,3.157300,123.72,0.00
randomArrays.txt,IterativeQuickSort,1,7.249900,53.88,0.00
randomArrays.txt,IterativeQuickSort,2,6.991100,0.00,0.00
randomArrays.txt,IterativeQuickSort,3,5.904400,66.16,0.00
randomArrays.txt,IterativeQuickSort,1,6.611500,0.00,0.00
randomArrays.txt,IterativeQuickSort,2,3.833200,0.00,0.00
randomArrays.txt,IterativeQuickSort,3,3.574300,109.29,0.00
randomArrays.txt,IterativeQuickSort,1,3.267700,0.00,0.00
randomArrays.txt,IterativeQuickSort,2,4.456800,0.00,0.00
randomArrays.txt,IterativeQuickSort,3,4.499600,86.81,0.00
randomArrays.txt,IterativeQuickSort,1,1.605800,243.26,0.00
randomArrays.txt,IterativeQuickSort,2,1.581800,0.00,0.00
randomArrays.txt,IterativeQuickSort,3,1.917600,0.00,0.00
randomArrays.txt,IterativeQuickSort,1,2.794900,0.00,0.00
randomArrays.txt,IterativeQuickSort,2,2.751700,0.00,0.00
randomArrays.txt,IterativeQuickSort,3,2.496000,0.00,0.00
randomArrays.txt,IterativeQuickSort,1,7.179900,54.41,0.00
randomArrays.txt,IterativeQuickSort,2,7.203100,0.00,0.00
randomArrays.txt,IterativeQuickSort,3,7.203200,54.23,0.00
randomArrays.txt,IterativeQuickSort,1,2.415600,0.00,0.00
randomArrays.txt,IterativeQuickSort,2,2.422400,0.00,0.00
randomArrays.txt,IterativeQuickSort,3,2.419500,161.45,0.00
randomArrays.txt,IterativeQuickSort,1,4.210800,0.00,0.00
randomArrays.txt,IterativeQuickSort,2,4.733000,0.00,0.00
randomArrays.txt,IterativeQuickSort,3,4.755800,82.14,0.00
randomArrays.txt,IterativeQuickSort,1,6.734900,58.00,0.00
randomArrays.txt,IterativeQuickSort,2,6.700700,0.00,0.00
randomArrays.txt,IterativeQuickSort,3,3.833200,101.91,0.00
randomArrays.txt,IterativeQuickSort,1,5.360000,72.88,0.00
randomArrays.txt,IterativeQuickSort,2,6.840800,0.00,0.00
randomArrays.txt,IterativeQuickSort,3,6.783000,0.00,0.00
randomArrays.txt,IterativeQuickSort,1,3.648500,0.00,0.00
randomArrays.txt,IterativeQuickSort,2,6.382700,61.20,0.00
randomArrays.txt,IterativeQuickSort,3,6.440200,0.00,0.00
randomArrays.txt,IterativeQuickSort,1,0.188400,0.00,0.00
randomArrays.txt,IterativeQuickSort,2,0.180500,0.00,0.00
randomArrays.txt,IterativeQuickSort,3,0.189600,0.00,0.00
randomArrays.txt,IterativeQuickSort,1,2.134000,0.00,0.00
randomArrays.txt,IterativeQuickSort,2,1.888200,206.88,0.00
randomArrays.txt,IterativeQuickSort,3,2.125000,0.00,0.00
randomArrays.txt,IterativeQuickSort,1,3.581500,0.00,0.00
randomArrays.txt,IterativeQuickSort,2,3.595300,0.00,0.00
randomArrays.txt,IterativeQuickSort,3,3.618000,107.97,0.00
randomArrays.txt,IterativeQuickSort,1,12.546200,0.00,0.00
randomArrays.txt,IterativeQuickSort,2,15.694600,24.89,0.00
randomArrays.txt,IterativeQuickSort,3,8.816600,0.00,0.00
randomArrays.txt,IterativeQuickSort,1,3.214000,121.54,0.00
randomArrays.txt,IterativeQuickSort,2,3.340000,0.00,0.00
randomArrays.txt,IterativeQuickSort,3,4.504900,0.00,0.00
randomArrays.txt,IterativeQuickSort,1,1.113100,0.00,0.00
randomArrays.txt,IterativeQuickSort,2,1.099100,355.40,0.00
randomArrays.txt,IterativeQuickSort,3,1.096900,0.00,0.00
randomArrays.txt,IterativeQuickSort,1,0.449200,0.00,0.00
randomArrays.txt,IterativeQuickSort,2,0.450100,0.00,0.00
randomArrays.txt,IterativeQuickSort,3,0.541300,0.00,0.00
randomArrays.txt,IterativeQuickSort,1,1.114000,0.00,0.00
randomArrays.txt,IterativeQuickSort,2,1.779100,0.00,0.00
randomArrays.txt,IterativeQuickSort,3,0.922800,0.00,0.00
randomArrays.txt,IterativeQuickSort,1,6.516800,59.94,0.00
randomArrays.txt,IterativeQuickSort,2,6.508800,0.00,0.00
randomArrays.txt,IterativeQuickSort,3,6.547000,59.66,0.00
randomArrays.txt,IterativeQuickSort,1,0.634000,0.00,0.00
randomArrays.txt,IterativeQuickSort,2,0.803200,0.00,0.00
randomArrays.txt,IterativeQuickSort,3,0.796900,0.00,0.00
randomArrays.txt,IterativeQuickSort,1,0.190400,0.00,0.00
randomArrays.txt,IterativeQuickSort,2,0.177900,0.00,0.00
randomArrays.txt,IterativeQuickSort,3,0.178000,0.00,0.00
randomArrays.txt,IterativeQuickSort,1,3.700700,0.00,0.00
randomArrays.txt,IterativeQuickSort,2,5.334800,0.00,0.00
randomArrays.txt,IterativeQuickSort,3,4.993200,78.23,0.00
randomArrays.txt,IterativeQuickSort,1,2.312800,0.00,0.00
randomArrays.txt,IterativeQuickSort,2,2.398400,0.00,0.00
randomArrays.txt,IterativeQuickSort,3,2.280400,0.00,0.00
randomArrays.txt,IterativeQuickSort,1,5.812500,0.00,0.00
randomArrays.txt,IterativeQuickSort,2,6.606700,59.13,0.00
randomArrays.txt,IterativeQuickSort,3,5.113300,0.00,0.00
randomArrays.txt,IterativeQuickSort,1,0.603400,0.00,0.00
randomArrays.txt,IterativeQuickSort,2,0.603500,0.00,0.00
randomArrays.txt,IterativeQuickSort,3,0.789300,0.00,0.00
randomArrays.txt,IterativeQuickSort,1,8.204900,47.61,0.00
randomArrays.txt,IterativeQuickSort,2,8.175800,0.00,0.00
randomArrays.txt,IterativeQuickSort,3,5.441600,0.00,0.00
randomArrays.txt,IterativeQuickSort,1,4.603400,84.86,0.00
randomArrays.txt,IterativeQuickSort,2,4.597400,0.00,0.00
randomArrays.txt,IterativeQuickSort,3,6.394300,0.00,0.00
randomArrays.txt,IterativeQuickSort,1,0.132300,0.00,0.00
randomArrays.txt,IterativeQuickSort,2,0.128900,0.00,0.00
randomArrays.txt,IterativeQuickSort,3,0.125600,0.00,0.00
randomArrays.txt,IterativeQuickSort,1,0.422400,0.00,0.00
randomArrays.txt,IterativeQuickSort,2,0.483800,0.00,0.00
randomArrays.txt,IterativeQuickSort,3,0.620300,0.00,0.00
randomArrays.txt,IterativeQuickSort,1,2.188400,0.00,0.00
randomArrays.txt,IterativeQuickSort,2,1.571200,0.00,0.00
randomArrays.txt,IterativeQuickSort,3,2.189100,0.00,0.00
randomArrays.txt,IterativeQuickSort,1,1.074100,0.00,0.00
randomArrays.txt,IterativeQuickSort,2,1.110000,0.00,0.00
randomArrays.txt,IterativeQuickSort,3,1.438700,0.00,0.00
randomArrays.txt,IterativeQuickSort,1,6.165700,63.35,0.00
randomArrays.txt,IterativeQuickSort,2,5.449700,0.00,0.00
randomArrays.txt,IterativeQuickSort,3,5.454500,0.00,0.00
randomArrays.txt,IterativeQuickSort,1,3.617500,0.00,0.00
randomArrays.txt,IterativeQuickSort,2,3.599600,108.52,0.00
randomArrays.txt,IterativeQuickSort,3,3.612200,0.00,0.00
randomArrays.txt,IterativeQuickSort,1,1.777500,0.00,0.00
randomArrays.txt,IterativeQuickSort,2,1.646200,0.00,0.00
randomArrays.txt,IterativeQuickSort,3,1.872300,0.00,0.00
randomArrays.txt,IterativeQuickSort,1,7.841600,0.00,0.00
randomArrays.txt,IterativeQuickSort,2,13.899000,28.10,0.00
randomArrays.txt,IterativeQuickSort,3,8.779500,44.49,0.00
randomArrays.txt,IterativeQuickSort,1,2.545400,0.00,0.00
randomArrays.txt,IterativeQuickSort,2,1.936700,0.00,0.00
randomArrays.txt,IterativeQuickSort,3,2.560900,0.00,0.00
randomArrays.txt,IterativeQuickSort,1,7.162500,0.00,0.00
randomArrays.txt,IterativeQuickSort,2,7.224800,54.07,0.00
randomArrays.txt,IterativeQuickSort,3,7.197100,0.00,0.00
randomArrays.txt,IterativeQuickSort,1,8.146300,47.95,0.00
randomArrays.txt,IterativeQuickSort,2,6.959300,0.00,0.00
randomArrays.txt,IterativeQuickSort,3,8.129100,48.05,0.00
randomArrays.txt,IterativeQuickSort,1,6.217800,0.00,0.00
randomArrays.txt,IterativeQuickSort,2,6.279400,62.21,0.00
randomArrays.txt,IterativeQuickSort,3,5.688500,0.00,0.00
randomArrays.txt,IterativeQuickSort,1,4.594000,0.00,0.00
randomArrays.txt,IterativeQuickSort,2,4.588200,0.00,0.00
randomArrays.txt,IterativeQuickSort,3,4.619000,84.57,0.00
randomArrays.txt,IterativeQuickSort,1,4.976500,78.49,0.00
randomArrays.txt,IterativeQuickSort,2,4.939300,0.00,0.00
randomArrays.txt,IterativeQuickSort,3,4.947500,0.00,0.00
randomArrays.txt,IterativeQuickSort,1,8.605500,0.00,0.00
randomArrays.txt,IterativeQuickSort,2,7.992000,48.88,0.00
randomArrays.txt,IterativeQuickSort,3,6.496500,0.00,0.00
randomArrays.txt,IterativeQuickSort,1,5.442000,71.78,0.00
randomArrays.txt,IterativeQuickSort,2,5.392300,0.00,0.00
randomArrays.txt,IterativeQuickSort,3,5.454600,0.00,0.00
randomArrays.txt,IterativeQuickSort,1,6.094000,0.00,0.00
randomArrays.txt,IterativeQuickSort,2,6.127000,0.00,0.00
randomArrays.txt,IterativeQuickSort,3,5.956200,65.58,0.00
randomArrays.txt,IterativeQuickSort,1,0.161500,0.00,0.00
randomArrays.txt,IterativeQuickSort,2,0.161000,0.00,0.00
randomArrays.txt,IterativeQuickSort,3,0.160300,0.00,0.00
randomArrays.txt,IterativeQuickSort,1,2.163100,0.00,0.00
randomArrays.txt,IterativeQuickSort,2,4.238900,0.00,0.00
randomArrays.txt,IterativeQuickSort,3,3.492500,111.85,0.00
randomArrays.txt,IterativeQuickSort,1,0.615300,0.00,0.00
randomArrays.txt,IterativeQuickSort,2,0.621400,0.00,0.00
randomArrays.txt,IterativeQuickSort,3,0.619700,0.00,0.00
randomArrays.txt,IterativeQuickSort,1,6.955900,0.00,0.00
randomArrays.txt,IterativeQuickSort,2,6.637100,0.00,0.00
randomArrays.txt,IterativeQuickSort,3,6.996100,55.83,0.00
randomArrays.txt,IterativeQuickSort,1,3.750600,104.15,0.00
randomArrays.txt,IterativeQuickSort,2,4.930400,0.00,0.00
randomArrays.txt,IterativeQuickSort,3,4.932000,0.00,0.00
randomArrays.txt,IterativeQuickSort,1,1.619600,0.00,0.00
randomArrays.txt,IterativeQuickSort,2,1.608400,0.00,0.00
randomArrays.txt,IterativeQuickSort,3,0.939800,0.00,0.00
randomArrays.txt,IterativeQuickSort,1,3.483800,0.00,0.00
randomArrays.txt,IterativeQuickSort,2,3.499200,111.63,0.00
randomArrays.txt,IterativeQuickSort,3,3.084500,0.00,0.00
randomArrays.txt,IterativeQuickSort,1,2.879300,0.00,0.00
randomArrays.txt,IterativeQuickSort,2,2.173800,0.00,0.00
randomArrays.txt,IterativeQuickSort,3,1.562000,0.00,0.00
randomArrays.txt,IterativeQuickSort,1,13.679800,28.55,0.00
randomArrays.txt,IterativeQuickSort,2,8.827900,44.25,0.00
randomArrays.txt,IterativeQuickSort,3,8.388400,46.57,0.00
randomArrays.txt,IterativeQuickSort,1,5.135500,76.06,0.00
randomArrays.txt,IterativeQuickSort,2,5.124800,0.00,0.00
randomArrays.txt,IterativeQuickSort,3,3.983400,0.00,0.00
randomArrays.txt,IterativeQuickSort,1,4.436900,88.04,0.00
randomArrays.txt,IterativeQuickSort,2,4.292700,0.00,0.00
randomArrays.txt,IterativeQuickSort,3,4.458100,0.00,0.00
randomArrays.txt,IterativeQuickSort,1,7.139200,0.00,0.00
randomArrays.txt,IterativeQuickSort,2,7.065400,0.00,0.00
randomArrays.txt,IterativeQuickSort,3,6.976300,0.00,0.00
randomArrays.txt,IterativeQuickSort,1,4.301200,0.00,0.00
randomArrays.txt,IterativeQuickSort,2,4.276800,91.34,0.00
randomArrays.txt,IterativeQuickSort,3,4.263500,0.00,0.00
randomArrays.txt,IterativeQuickSort,1,0.665800,0.00,0.00
randomArrays.txt,IterativeQuickSort,2,0.664900,0.00,0.00
randomArrays.txt,IterativeQuickSort,3,0.633600,0.00,0.00
randomArrays.txt,IterativeQuickSort,1,1.918800,0.00,0.00
randomArrays.txt,IterativeQuickSort,2,1.946500,0.00,0.00
randomArrays.txt,IterativeQuickSort,3,1.938400,0.00,0.00
randomArrays.txt,IterativeQuickSort,1,1.542300,0.00,0.00
randomArrays.txt,IterativeQuickSort,2,1.552300,0.00,0.00
randomArrays.txt,IterativeQuickSort,3,1.555200,0.00,0.00
randomArrays.txt,IterativeQuickSort,1,6.984000,55.93,0.00
randomArrays.txt,IterativeQuickSort,2,7.004700,0.00,0.00
randomArrays.txt,IterativeQuickSort,3,7.010400,0.00,0.00
randomArrays.txt,IterativeQuickSort,1,4.511700,0.00,0.00
randomArrays.txt,IterativeQuickSort,2,4.533600,0.00,0.00
randomArrays.txt,IterativeQuickSort,3,4.416200,88.45,0.00
randomArrays.txt,IterativeQuickSort,1,4.087600,0.00,0.00
randomArrays.txt,IterativeQuickSort,2,4.081900,0.00,0.00
randomArrays.txt,IterativeQuickSort,3,2.948400,132.49,0.00
randomArrays.txt,IterativeQuickSort,1,0.050300,0.00,0.00
randomArrays.txt,IterativeQuickSort,2,0.068100,0.00,0.00
randomArrays.txt,IterativeQuickSort,3,0.067100,0.00,0.00
randomArrays.txt,IterativeQuickSort,1,6.114700,63.88,0.00
randomArrays.txt,IterativeQuickSort,2,5.944800,0.00,0.00
randomArrays.txt,IterativeQuickSort,3,4.489600,0.00,0.00
randomArrays.txt,IterativeQuickSort,1,3.213400,0.00,0.00
randomArrays.txt,IterativeQuickSort,2,4.692100,83.25,0.00
randomArrays.txt,IterativeQuickSort,3,3.609800,0.00,0.00
randomArrays.txt,IterativeQuickSort,1,2.436300,0.00,0.00
randomArrays.txt,IterativeQuickSort,2,2.858600,0.00,0.00
randomArrays.txt,IterativeQuickSort,3,3.628400,0.00,0.00
randomArrays.txt,IterativeQuickSort,1,7.719200,0.00,0.00
randomArrays.txt,IterativeQuickSort,2,7.657600,0.00,0.00
randomArrays.txt,IterativeQuickSort,3,5.196300,0.00,0.00
randomArrays.txt,IterativeQuickSort,1,3.740200,104.44,0.00
randomArrays.txt,IterativeQuickSort,2,3.664700,0.00,0.00
randomArrays.txt,IterativeQuickSort,3,3.672500,0.00,0.00
randomArrays.txt,IterativeQuickSort,1,7.981200,0.00,0.00
randomArrays.txt,IterativeQuickSort,2,5.085100,0.00,0.00
randomArrays.txt,IterativeQuickSort,3,4.938800,79.09,0.00
randomArrays.txt,IterativeQuickSort,1,6.275800,62.24,0.00
randomArrays.txt,IterativeQuickSort,2,6.294400,0.00,0.00
randomArrays.txt,IterativeQuickSort,3,3.112500,125.50,0.00
randomArrays.txt,IterativeQuickSort,1,0.752500,0.00,0.00
randomArrays.txt,IterativeQuickSort,2,1.072000,0.00,0.00
randomArrays.txt,IterativeQuickSort,3,0.990200,0.00,0.00
randomArrays.txt,IterativeQuickSort,1,6.724500,58.09,0.00
randomArrays.txt,IterativeQuickSort,2,6.701700,0.00,0.00
randomArrays.txt,IterativeQuickSort,3,6.772600,57.68,0.00
randomArrays.txt,IterativeQuickSort,1,6.811500,0.00,0.00
randomArrays.txt,IterativeQuickSort,2,8.303300,47.04,0.00
randomArrays.txt,IterativeQuickSort,3,6.665600,0.00,0.00
randomArrays.txt,IterativeQuickSort,1,1.757600,0.00,0.00
randomArrays.txt,IterativeQuickSort,2,1.730600,0.00,0.00
randomArrays.txt,IterativeQuickSort,3,1.734800,0.00,0.00
randomArrays.txt,IterativeQuickSort,1,2.916600,0.00,0.00
randomArrays.txt,IterativeQuickSort,2,5.884500,66.38,0.00
randomArrays.txt,IterativeQuickSort,3,5.845200,0.00,0.00
randomArrays.txt,IterativeQuickSort,1,2.081800,0.00,0.00
randomArrays.txt,IterativeQuickSort,2,1.198900,0.00,0.00
randomArrays.txt,IterativeQuickSort,3,1.259500,0.00,0.00
randomArrays.txt,IterativeQuickSort,1,1.520400,256.92,0.00
randomArrays.txt,IterativeQuickSort,2,1.527700,0.00,0.00
randomArrays.txt,IterativeQuickSort,3,1.980200,0.00,0.00
randomArrays.txt,IterativeQuickSort,1,2.101100,0.00,0.00
randomArrays.txt,IterativeQuickSort,2,2.662400,0.00,0.00
randomArrays.txt,IterativeQuickSort,3,2.654400,0.00,0.00
randomArrays.txt,IterativeQuickSort,1,6.295100,0.00,0.00
randomArrays.txt,IterativeQuickSort,2,6.283500,62.17,0.00
randomArrays.txt,IterativeQuickSort,3,4.886100,0.00,0.00
randomArrays.txt,IterativeQuickSort,1,5.432100,0.00,0.00
randomArrays.txt,IterativeQuickSort,2,6.209200,0.00,0.00
randomArrays.txt,IterativeQuickSort,3,5.424100,0.00,0.00
randomArrays.txt,IterativeQuickSort,1,2.635200,0.00,0.00
randomArrays.txt,IterativeQuickSort,2,4.511900,86.58,0.00
randomArrays.txt,IterativeQuickSort,3,3.126400,0.00,0.00
randomArrays.txt,IterativeQuickSort,1,0.038400,0.00,0.00
randomArrays.txt,IterativeQuickSort,2,0.037500,0.00,0.00
randomArrays.txt,IterativeQuickSort,3,0.037600,0.00,0.00
randomArrays.txt,IterativeQuickSort,1,2.151500,0.00,0.00
randomArrays.txt,IterativeQuickSort,2,1.908200,0.00,0.00
randomArrays.txt,IterativeQuickSort,3,2.449600,159.46,0.00
randomArrays.txt,IterativeQuickSort,1,5.916200,0.00,0.00
randomArrays.txt,IterativeQuickSort,2,6.224000,62.76,0.00
randomArrays.txt,IterativeQuickSort,3,8.105900,0.00,0.00
randomArrays.txt,IterativeQuickSort,1,1.118200,0.00,0.00
randomArrays.txt,IterativeQuickSort,2,1.172500,0.00,0.00
randomArrays.txt,IterativeQuickSort,3,1.311800,0.00,0.00
randomArrays.txt,IterativeQuickSort,1,7.519200,0.00,0.00
randomArrays.txt,IterativeQuickSort,2,8.682200,44.99,0.00
randomArrays.txt,IterativeQuickSort,3,6.189100,0.00,0.00
randomArrays.txt,IterativeQuickSort,1,0.128700,0.00,0.00
randomArrays.txt,IterativeQuickSort,2,0.126400,0.00,0.00
randomArrays.txt,IterativeQuickSort,3,0.211200,0.00,0.00
randomArrays.txt,IterativeQuickSort,1,0.825300,0.00,0.00
randomArrays.txt,IterativeQuickSort,2,0.623000,0.00,0.00
randomArrays.txt,IterativeQuickSort,3,0.677200,0.00,0.00
randomArrays.txt,IterativeQuickSort,1,1.803800,0.00,0.00
randomArrays.txt,IterativeQuickSort,2,1.832400,0.00,0.00
randomArrays.txt,IterativeQuickSort,3,1.107100,0.00,0.00
randomArrays.txt,IterativeQuickSort,1,3.241700,0.00,0.00
randomArrays.txt,IterativeQuickSort,2,3.282000,0.00,0.00
randomArrays.txt,IterativeQuickSort,3,3.334500,117.15,0.00
randomArrays.txt,IterativeQuickSort,1,1.802300,0.00,0.00
randomArrays.txt,IterativeQuickSort,2,1.426100,0.00,0.00
randomArrays.txt,IterativeQuickSort,3,1.579200,247.36,0.00
randomArrays.txt,IterativeQuickSort,1,3.783800,0.00,0.00
randomArrays.txt,IterativeQuickSort,2,6.827300,0.00,0.00
randomArrays.txt,IterativeQuickSort,3,7.132000,54.77,0.00
randomArrays.txt,IterativeQuickSort,1,2.307600,169.28,0.00
randomArrays.txt,IterativeQuickSort,2,1.664400,0.00,0.00
randomArrays.txt,IterativeQuickSort,3,1.667000,0.00,0.00
randomArrays.txt,IterativeQuickSort,1,0.263700,0.00,0.00
randomArrays.txt,IterativeQuickSort,2,0.254100,0.00,0.00
randomArrays.txt,IterativeQuickSort,3,0.249600,0.00,0.00
randomArrays.txt,IterativeQuickSort,1,2.175800,0.00,0.00
randomArrays.txt,IterativeQuickSort,2,2.165900,180.35,0.00
randomArrays.txt,IterativeQuickSort,3,1.946300,0.00,0.00
randomArrays.txt,IterativeQuickSort,1,5.814100,67.19,0.00
randomArrays.txt,IterativeQuickSort,2,6.854200,0.00,0.00
randomArrays.txt,IterativeQuickSort,3,8.569100,45.59,0.00
randomArrays.txt,IterativeQuickSort,1,4.506400,86.68,0.00
randomArrays.txt,IterativeQuickSort,2,4.409600,0.00,0.00
randomArrays.txt,IterativeQuickSort,3,5.417200,0.00,0.00
randomArrays.txt,IterativeQuickSort,1,3.431200,0.00,0.00
randomArrays.txt,IterativeQuickSort,2,3.262300,0.00,0.00
randomArrays.txt,IterativeQuickSort,3,2.807200,0.00,0.00
randomArrays.txt,IterativeQuickSort,1,1.838900,0.00,0.00
randomArrays.txt,IterativeQuickSort,2,2.021900,0.00,0.00
randomArrays.txt,IterativeQuickSort,3,2.538500,0.00,0.00
randomArrays.txt,IterativeQuickSort,1,4.733600,0.00,0.00
randomArrays.txt,IterativeQuickSort,2,5.284100,73.92,0.00
randomArrays.txt,IterativeQuickSort,3,5.808800,0.00,0.00
randomArrays.txt,IterativeQuickSort,1,4.914200,79.49,0.00
randomArrays.txt,IterativeQuickSort,2,4.686200,0.00,0.00
randomArrays.txt,IterativeQuickSort,3,4.668500,83.67,0.00
randomArrays.txt,IterativeQuickSort,1,6.605500,59.14,0.00
randomArrays.txt,IterativeQuickSort,2,4.247700,0.00,0.00
randomArrays.txt,IterativeQuickSort,3,4.221900,92.52,0.00
randomArrays.txt,IterativeQuickSort,1,3.312200,0.00,0.00
randomArrays.txt,IterativeQuickSort,2,4.429400,0.00,0.00
randomArrays.txt,IterativeQuickSort,3,5.960500,65.54,0.00
randomArrays.txt,IterativeQuickSort,1,5.404000,0.00,0.00
randomArrays.txt,IterativeQuickSort,2,5.499100,71.03,0.00
randomArrays.txt,IterativeQuickSort,3,5.451300,0.00,0.00
randomArrays.txt,IterativeQuickSort,1,1.793900,0.00,0.00
randomArrays.txt,IterativeQuickSort,2,1.776800,0.00,0.00
randomArrays.txt,IterativeQuickSort,3,1.800300,0.00,0.00
randomArrays.txt,IterativeQuickSort,1,0.332000,0.00,0.00
randomArrays.txt,IterativeQuickSort,2,0.497500,0.00,0.00
randomArrays.txt,IterativeQuickSort,3,0.482600,0.00,0.00
randomArrays.txt,IterativeQuickSort,1,4.689400,83.30,0.00
randomArrays.txt,IterativeQuickSort,2,3.523200,0.00,0.00
randomArrays.txt,IterativeQuickSort,3,4.631900,0.00,0.00
randomArrays.txt,IterativeQuickSort,1,6.704900,0.00,0.00
randomArrays.txt,IterativeQuickSort,2,6.705100,58.26,0.00
randomArrays.txt,IterativeQuickSort,3,5.149200,0.00,0.00
randomArrays.txt,IterativeQuickSort,1,4.661100,0.00,0.00
randomArrays.txt,IterativeQuickSort,2,7.417600,52.66,0.00
randomArrays.txt,IterativeQuickSort,3,7.510000,0.00,0.00
randomArrays.txt,IterativeQuickSort,1,5.847300,66.80,0.00
randomArrays.txt,IterativeQuickSort,2,5.842500,0.00,0.00
randomArrays.txt,IterativeQuickSort,3,5.844800,66.83,0.00
randomArrays.txt,IterativeQuickSort,1,8.273500,47.21,0.00
randomArrays.txt,IterativeQuickSort,2,4.661700,0.00,0.00
randomArrays.txt,IterativeQuickSort,3,8.228200,47.47,0.00
randomArrays.txt,IterativeQuickSort,1,3.903100,0.00,0.00
randomArrays.txt,IterativeQuickSort,2,3.878400,100.72,0.00
randomArrays.txt,IterativeQuickSort,3,3.821600,0.00,0.00
randomArrays.txt,IterativeQuickSort,1,0.891500,0.00,0.00
randomArrays.txt,IterativeQuickSort,2,0.983300,0.00,0.00
randomArrays.txt,IterativeQuickSort,3,0.658700,0.00,0.00
randomArrays.txt,IterativeQuickSort,1,7.517200,51.96,0.00
randomArrays.txt,IterativeQuickSort,2,6.733900,0.00,0.00
randomArrays.txt,IterativeQuickSort,3,4.233600,92.27,0.00
randomArrays.txt,IterativeQuickSort,1,6.416900,0.00,0.00
randomArrays.txt,IterativeQuickSort,2,6.410000,60.94,0.00
randomArrays.txt,IterativeQuickSort,3,6.406000,0.00,0.00
randomArrays.txt,IterativeQuickSort,1,3.349700,116.61,0.00
randomArrays.txt,IterativeQuickSort,2,4.772400,0.00,0.00
randomArrays.txt,IterativeQuickSort,3,4.786400,0.00,0.00
randomArrays.txt,IterativeQuickSort,1,1.849400,0.00,0.00
randomArrays.txt,IterativeQuickSort,2,1.818900,0.00,0.00
randomArrays.txt,IterativeQuickSort,3,1.816800,0.00,0.00
randomArrays.txt,IterativeQuickSort,1,5.987400,65.24,0.00
randomArrays.txt,IterativeQuickSort,2,6.331200,0.00,0.00
randomArrays.txt,IterativeQuickSort,3,6.351400,61.50,0.00
randomArrays.txt,IterativeQuickSort,1,1.022400,0.00,0.00
randomArrays.txt,IterativeQuickSort,2,0.990500,0.00,0.00
randomArrays.txt,IterativeQuickSort,3,1.024200,0.00,0.00
randomArrays.txt,IterativeQuickSort,1,5.524400,0.00,0.00
randomArrays.txt,IterativeQuickSort,2,5.564400,70.20,0.00
randomArrays.txt,IterativeQuickSort,3,5.526000,0.00,0.00
randomArrays.txt,IterativeQuickSort,1,0.815000,0.00,0.00
randomArrays.txt,IterativeQuickSort,2,1.027800,380.06,0.00
randomArrays.txt,IterativeQuickSort,3,0.814800,0.00,0.00
randomArrays.txt,IterativeQuickSort,1,5.050100,0.00,0.00
randomArrays.txt,IterativeQuickSort,2,5.938300,0.00,0.00
randomArrays.txt,IterativeQuickSort,3,4.481800,87.16,0.00
randomArrays.txt,IterativeQuickSort,1,7.035000,0.00,0.00
randomArrays.txt,IterativeQuickSort,2,7.038300,55.50,0.00
randomArrays.txt,IterativeQuickSort,3,6.980400,0.00,0.00
randomArrays.txt,IterativeQuickSort,1,5.783300,0.00,0.00
randomArrays.txt,IterativeQuickSort,2,5.283400,0.00,0.00
randomArrays.txt,IterativeQuickSort,3,3.852700,101.39,0.00
randomArrays.txt,IterativeQuickSort,1,1.441800,0.00,0.00
randomArrays.txt,IterativeQuickSort,2,1.521300,0.00,0.00
randomArrays.txt,IterativeQuickSort,3,1.018300,0.00,0.00
randomArrays.txt,IterativeQuickSort,1,7.207400,54.20,0.00
randomArrays.txt,IterativeQuickSort,2,4.364000,0.00,0.00
randomArrays.txt,IterativeQuickSort,3,7.247800,53.90,0.00
randomArrays.txt,IterativeQuickSort,1,0.512000,0.00,0.00
randomArrays.txt,IterativeQuickSort,2,0.515800,0.00,0.00
randomArrays.txt,IterativeQuickSort,3,0.510500,0.00,0.00
randomArrays.txt,IterativeQuickSort,1,4.523700,0.00,0.00
randomArrays.txt,IterativeQuickSort,2,4.523800,0.00,0.00
randomArrays.txt,IterativeQuickSort,3,4.568400,0.00,0.00
randomArrays.txt,IterativeQuickSort,1,1.512100,0.00,0.00
randomArrays.txt,IterativeQuickSort,2,3.017500,0.00,0.00
randomArrays.txt,IterativeQuickSort,3,1.457000,0.00,0.00
randomArrays.txt,IterativeQuickSort,1,0.749900,0.00,0.00
randomArrays.txt,IterativeQuickSort,2,0.740000,0.00,0.00
randomArrays.txt,IterativeQuickSort,3,0.770700,0.00,0.00
randomArrays.txt,IterativeQuickSort,1,0.428000,0.00,0.00
randomArrays.txt,IterativeQuickSort,2,0.429200,0.00,0.00
randomArrays.txt,IterativeQuickSort,3,0.426700,0.00,0.00
randomArrays.txt,IterativeQuickSort,1,6.367300,0.00,0.00
randomArrays.txt,IterativeQuickSort,2,6.405100,60.99,0.00
randomArrays.txt,IterativeQuickSort,3,6.317200,0.00,0.00
randomArrays.txt,IterativeQuickSort,1,0.079900,0.00,0.00
randomArrays.txt,IterativeQuickSort,2,0.102300,0.00,0.00
randomArrays.txt,IterativeQuickSort,3,0.097300,0.00,0.00
randomArrays.txt,IterativeQuickSort,1,1.081100,0.00,0.00
randomArrays.txt,IterativeQuickSort,2,1.077600,0.00,0.00
randomArrays.txt,IterativeQuickSort,3,1.074300,0.00,0.00
randomArrays.txt,IterativeQuickSort,1,3.538700,110.39,0.00
randomArrays.txt,IterativeQuickSort,2,3.424400,0.00,0.00
randomArrays.txt,IterativeQuickSort,3,3.526400,0.00,0.00
randomArrays.txt,IterativeQuickSort,1,3.744900,104.31,0.00
randomArrays.txt,IterativeQuickSort,2,3.748700,0.00,0.00
randomArrays.txt,IterativeQuickSort,3,3.567900,0.00,0.00
randomArrays.txt,IterativeQuickSort,1,5.329000,73.30,0.00
randomArrays.txt,IterativeQuickSort,2,5.339900,0.00,0.00
randomArrays.txt,IterativeQuickSort,3,5.323000,73.38,0.00
randomArrays.txt,IterativeQuickSort,1,2.874800,0.00,0.00
randomArrays.txt,IterativeQuickSort,2,36.423500,0.00,0.00
randomArrays.txt,IterativeQuickSort,3,4.505100,0.00,0.00
randomArrays.txt,IterativeQuickSort,1,6.986200,0.00,0.00
randomArrays.txt,IterativeQuickSort,2,7.963800,49.05,0.00
randomArrays.txt,IterativeQuickSort,3,7.915000,0.00,0.00
randomArrays.txt,IterativeQuickSort,1,3.069300,0.00,0.00
randomArrays.txt,IterativeQuickSort,2,3.071000,0.00,0.00
randomArrays.txt,IterativeQuickSort,3,3.064200,127.48,0.00
randomArrays.txt,IterativeQuickSort,1,1.211600,0.00,0.00
randomArrays.txt,IterativeQuickSort,2,1.212700,0.00,0.00
randomArrays.txt,IterativeQuickSort,3,1.166900,334.75,0.00
randomArrays.txt,IterativeQuickSort,1,5.058300,0.00,0.00
randomArrays.txt,IterativeQuickSort,2,5.053600,77.30,0.00
randomArrays.txt,IterativeQuickSort,3,5.093800,0.00,0.00
randomArrays.txt,IterativeQuickSort,1,3.831700,0.00,0.00
randomArrays.txt,IterativeQuickSort,2,4.351300,0.00,0.00
randomArrays.txt,IterativeQuickSort,3,7.978900,48.96,0.00
randomArrays.txt,IterativeQuickSort,1,1.023600,0.00,0.00
randomArrays.txt,IterativeQuickSort,2,3.468800,0.00,0.00
randomArrays.txt,IterativeQuickSort,3,1.062400,0.00,0.00
randomArrays.txt,IterativeQuickSort,1,6.268100,0.00,0.00
randomArrays.txt,IterativeQuickSort,2,6.271100,0.00,0.00
randomArrays.txt,IterativeQuickSort,3,6.312000,0.00,0.00
randomArrays.txt,IterativeQuickSort,1,2.358600,165.62,0.00
randomArrays.txt,IterativeQuickSort,2,2.400000,0.00,0.00
randomArrays.txt,IterativeQuickSort,3,2.490200,0.00,0.00
randomArrays.txt,IterativeQuickSort,1,6.435800,0.00,0.00
randomArrays.txt,IterativeQuickSort,2,6.468200,60.39,0.00
randomArrays.txt,IterativeQuickSort,3,6.479800,0.00,0.00
randomArrays.txt,IterativeQuickSort,1,1.852900,0.00,0.00
randomArrays.txt,IterativeQuickSort,2,1.969700,198.32,0.00
randomArrays.txt,IterativeQuickSort,3,1.859500,0.00,0.00
randomArrays.txt,IterativeQuickSort,1,2.097900,0.00,0.00
randomArrays.txt,IterativeQuickSort,2,2.078800,0.00,0.00
randomArrays.txt,IterativeQuickSort,3,2.089300,0.00,0.00
randomArrays.txt,IterativeQuickSort,1,6.830500,0.00,0.00
randomArrays.txt,IterativeQuickSort,2,6.897400,56.63,0.00
randomArrays.txt,IterativeQuickSort,3,7.134900,0.00,0.00
randomArrays.txt,IterativeQuickSort,1,16.184300,24.14,0.00
randomArrays.txt,IterativeQuickSort,2,15.146200,25.79,0.00
randomArrays.txt,IterativeQuickSort,3,10.700300,36.51,0.00
randomArrays.txt,IterativeQuickSort,1,5.352200,0.00,0.00
randomArrays.txt,IterativeQuickSort,2,7.531600,51.86,0.00
randomArrays.txt,IterativeQuickSort,3,8.756100,44.61,0.00
randomArrays.txt,IterativeQuickSort,1,3.292500,0.00,0.00
randomArrays.txt,IterativeQuickSort,2,3.302500,0.00,0.00
randomArrays.txt,IterativeQuickSort,3,3.321500,0.00,0.00
randomArrays.txt,IterativeQuickSort,1,4.315300,90.52,0.00
randomArrays.txt,IterativeQuickSort,2,4.344100,0.00,0.00
randomArrays.txt,IterativeQuickSort,3,4.082300,0.00,0.00
randomArrays.txt,IterativeQuickSort,1,0.791700,0.00,0.00
randomArrays.txt,IterativeQuickSort,2,0.795000,0.00,0.00
randomArrays.txt,IterativeQuickSort,3,0.794900,0.00,0.00
randomArrays.txt,IterativeQuickSort,1,7.291900,0.00,0.00
randomArrays.txt,IterativeQuickSort,2,7.339500,53.22,0.00
randomArrays.txt,IterativeQuickSort,3,5.924700,0.00,0.00
randomArrays.txt,IterativeQuickSort,1,5.580200,70.00,0.00
randomArrays.txt,IterativeQuickSort,2,5.595800,0.00,0.00
randomArrays.txt,IterativeQuickSort,3,4.113200,0.00,0.00
randomArrays.txt,IterativeQuickSort,1,0.034500,0.00,0.00
randomArrays.txt,IterativeQuickSort,2,0.057900,0.00,0.00
randomArrays.txt,IterativeQuickSort,3,0.058400,0.00,0.00
randomArrays.txt,IterativeQuickSort,1,6.724200,0.00,0.00
randomArrays.txt,IterativeQuickSort,2,6.661800,58.64,0.00
randomArrays.txt,IterativeQuickSort,3,3.457700,0.00,0.00
randomArrays.txt,IterativeQuickSort,1,5.744500,0.00,0.00
randomArrays.txt,IterativeQuickSort,2,7.370600,0.00,0.00
randomArrays.txt,IterativeQuickSort,3,6.306700,0.00,0.00
randomArrays.txt,IterativeQuickSort,1,6.890800,0.00,0.00
randomArrays.txt,IterativeQuickSort,2,7.917200,49.34,0.00
randomArrays.txt,IterativeQuickSort,3,10.281200,37.99,0.00
randomArrays.txt,IterativeQuickSort,1,3.935100,0.00,0.00
randomArrays.txt,IterativeQuickSort,2,6.879800,56.78,0.00
randomArrays.txt,IterativeQuickSort,3,6.842000,0.00,0.00
randomArrays.txt,IterativeQuickSort,1,1.424100,0.00,0.00
randomArrays.txt,IterativeQuickSort,2,1.463000,0.00,0.00
randomArrays.txt,IterativeQuickSort,3,1.111100,0.00,0.00
randomArrays.txt,IterativeQuickSort,1,7.190500,54.33,0.00
randomArrays.txt,IterativeQuickSort,2,7.125400,0.00,0.00
randomArrays.txt,IterativeQuickSort,3,7.142100,54.69,0.00
randomArrays.txt,IterativeQuickSort,1,6.023900,64.85,0.00
randomArrays.txt,IterativeQuickSort,2,8.311500,0.00,0.00
randomArrays.txt,IterativeQuickSort,3,8.304900,47.04,0.00
randomArrays.txt,IterativeQuickSort,1,6.495900,60.13,0.00
randomArrays.txt,IterativeQuickSort,2,6.412200,0.00,0.00
randomArrays.txt,IterativeQuickSort,3,7.259800,53.81,0.00
randomArrays.txt,IterativeQuickSort,1,8.025200,0.00,0.00
randomArrays.txt,IterativeQuickSort,2,7.677000,50.88,0.00
randomArrays.txt,IterativeQuickSort,3,4.498900,0.00,0.00
randomArrays.txt,IterativeQuickSort,1,1.577400,0.00,0.00
randomArrays.txt,IterativeQuickSort,2,1.615100,0.00,0.00
randomArrays.txt,IterativeQuickSort,3,1.635100,0.00,0.00
randomArrays.txt,IterativeQuickSort,1,4.176500,0.00,0.00
randomArrays.txt,IterativeQuickSort,2,10.843500,36.02,0.00
randomArrays.txt,IterativeQuickSort,3,8.902900,43.88,0.00
randomArrays.txt,IterativeQuickSort,1,1.048900,372.41,0.00
randomArrays.txt,IterativeQuickSort,2,1.044800,0.00,0.00
randomArrays.txt,IterativeQuickSort,3,1.047900,0.00,0.00
randomArrays.txt,IterativeQuickSort,1,5.326400,0.00,0.00
randomArrays.txt,IterativeQuickSort,2,5.374500,72.68,0.00
randomArrays.txt,IterativeQuickSort,3,5.345300,0.00,0.00
randomArrays.txt,IterativeQuickSort,1,4.523800,0.00,0.00
randomArrays.txt,IterativeQuickSort,2,4.512000,86.57,0.00
randomArrays.txt,IterativeQuickSort,3,4.513600,0.00,0.00
randomArrays.txt,IterativeQuickSort,1,1.830200,0.00,0.00
randomArrays.txt,IterativeQuickSort,2,1.828300,0.00,0.00
randomArrays.txt,IterativeQuickSort,3,1.635900,238.78,0.00
randomArrays.txt,IterativeQuickSort,1,0.290400,0.00,0.00
randomArrays.txt,IterativeQuickSort,2,0.289600,0.00,0.00
randomArrays.txt,IterativeQuickSort,3,0.290000,0.00,0.00
randomArrays.txt,IterativeQuickSort,1,6.802600,57.42,0.00
randomArrays.txt,IterativeQuickSort,2,6.893900,0.00,0.00
randomArrays.txt,IterativeQuickSort,3,6.788300,57.54,0.00
randomArrays.txt,IterativeQuickSort,1,4.643500,0.00,0.00
randomArrays.txt,IterativeQuickSort,2,4.407300,88.63,0.00
randomArrays.txt,IterativeQuickSort,3,4.625000,0.00,0.00
randomArrays.txt,IterativeQuickSort,1,8.737000,44.71,0.00
randomArrays.txt,IterativeQuickSort,2,4.317900,0.00,0.00
randomArrays.txt,IterativeQuickSort,3,7.714500,50.64,0.00
randomArrays.txt,IterativeQuickSort,1,1.507000,0.00,0.00
randomArrays.txt,IterativeQuickSort,2,1.519700,0.00,0.00
randomArrays.txt,IterativeQuickSort,3,1.897200,205.90,0.00
randomArrays.txt,IterativeQuickSort,1,4.784900,0.00,0.00
randomArrays.txt,IterativeQuickSort,2,3.875900,0.00,0.00
randomArrays.txt,IterativeQuickSort,3,6.773800,57.67,0.00
randomArrays.txt,IterativeQuickSort,1,1.641400,0.00,0.00
randomArrays.txt,IterativeQuickSort,2,1.908600,0.00,0.00
randomArrays.txt,IterativeQuickSort,3,1.861400,0.00,0.00
randomArrays.txt,IterativeQuickSort,1,3.630700,0.00,0.00
randomArrays.txt,IterativeQuickSort,2,3.500900,111.58,0.00
randomArrays.txt,IterativeQuickSort,3,3.602400,0.00,0.00
randomArrays.txt,IterativeQuickSort,1,0.456700,0.00,0.00
randomArrays.txt,IterativeQuickSort,2,0.450900,0.00,0.00
randomArrays.txt,IterativeQuickSort,3,0.498300,0.00,0.00
randomArrays.txt,IterativeQuickSort,1,0.354100,0.00,0.00
randomArrays.txt,IterativeQuickSort,2,0.442900,0.00,0.00
randomArrays.txt,IterativeQuickSort,3,0.630700,0.00,0.00
randomArrays.txt,IterativeQuickSort,1,2.428000,160.88,0.00
randomArrays.txt,IterativeQuickSort,2,2.456600,0.00,0.00
randomArrays.txt,IterativeQuickSort,3,2.445000,0.00,0.00
randomArrays.txt,IterativeQuickSort,1,6.161400,63.40,0.00
randomArrays.txt,IterativeQuickSort,2,5.499900,0.00,0.00
randomArrays.txt,IterativeQuickSort,3,6.702000,58.28,0.00
randomArrays.txt,IterativeQuickSort,1,6.261500,0.00,0.00
randomArrays.txt,IterativeQuickSort,2,7.965800,49.04,0.00
randomArrays.txt,IterativeQuickSort,3,5.538000,0.00,0.00
randomArrays.txt,IterativeQuickSort,1,7.549300,0.00,0.00
randomArrays.txt,IterativeQuickSort,2,7.818300,49.96,0.00
randomArrays.txt,IterativeQuickSort,3,6.606200,0.00,0.00
randomArrays.txt,IterativeQuickSort,1,0.084400,0.00,0.00
randomArrays.txt,IterativeQuickSort,2,0.083100,0.00,0.00
randomArrays.txt,IterativeQuickSort,3,0.089500,0.00,0.00
randomArrays.txt,IterativeQuickSort,1,7.123900,0.00,0.00
randomArrays.txt,IterativeQuickSort,2,6.836800,57.14,0.00
randomArrays.txt,IterativeQuickSort,3,7.119500,0.00,0.00
randomArrays.txt,IterativeQuickSort,1,4.173800,93.59,0.00
randomArrays.txt,IterativeQuickSort,2,3.525500,0.00,0.00
randomArrays.txt,IterativeQuickSort,3,4.261800,0.00,0.00
randomArrays.txt,IterativeQuickSort,1,1.776100,0.00,0.00
randomArrays.txt,IterativeQuickSort,2,1.859600,0.00,0.00
randomArrays.txt,IterativeQuickSort,3,2.616400,0.00,0.00
randomArrays.txt,IterativeQuickSort,1,1.658600,0.00,0.00
randomArrays.txt,IterativeQuickSort,2,2.076500,0.00,0.00
randomArrays.txt,IterativeQuickSort,3,2.767200,0.00,0.00
randomArrays.txt,IterativeQuickSort,1,5.279500,73.99,0.00
randomArrays.txt,IterativeQuickSort,2,5.275200,0.00,0.00
randomArrays.txt,IterativeQuickSort,3,5.225500,74.75,0.00
randomArrays.txt,IterativeQuickSort,1,6.633200,58.89,0.00
randomArrays.txt,IterativeQuickSort,2,6.606700,0.00,0.00
randomArrays.txt,IterativeQuickSort,3,6.579100,59.37,0.00
randomArrays.txt,IterativeQuickSort,1,2.224900,0.00,0.00
randomArrays.txt,IterativeQuickSort,2,1.994000,0.00,0.00
randomArrays.txt,IterativeQuickSort,3,2.022800,0.00,0.00
randomArrays.txt,IterativeQuickSort,1,1.644000,0.00,0.00
randomArrays.txt,IterativeQuickSort,2,1.304200,0.00,0.00
randomArrays.txt,IterativeQuickSort,3,1.308400,0.00,0.00
randomArrays.txt,IterativeQuickSort,1,2.751000,0.00,0.00
randomArrays.txt,IterativeQuickSort,2,2.818600,0.00,0.00
randomArrays.txt,IterativeQuickSort,3,2.759000,0.00,0.00
randomArrays.txt,IterativeQuickSort,1,0.365800,0.00,0.00
randomArrays.txt,IterativeQuickSort,2,0.377800,0.00,0.00
randomArrays.txt,IterativeQuickSort,3,0.651600,0.00,0.00
randomArrays.txt,IterativeQuickSort,1,5.426800,0.00,0.00
randomArrays.txt,IterativeQuickSort,2,3.191400,122.40,0.00
randomArrays.txt,IterativeQuickSort,3,5.387000,0.00,0.00
randomArrays.txt,IterativeQuickSort,1,6.732200,0.00,0.00
randomArrays.txt,IterativeQuickSort,2,5.761300,67.80,0.00
randomArrays.txt,IterativeQuickSort,3,6.751800,0.00,0.00
randomArrays.txt,IterativeQuickSort,1,4.245200,0.00,0.00
randomArrays.txt,IterativeQuickSort,2,4.220600,92.55,0.00
randomArrays.txt,IterativeQuickSort,3,4.230000,0.00,0.00
randomArrays.txt,IterativeQuickSort,1,7.252600,0.00,0.00
randomArrays.txt,IterativeQuickSort,2,7.451300,52.42,0.00
randomArrays.txt,IterativeQuickSort,3,7.289000,0.00,0.00
randomArrays.txt,IterativeQuickSort,1,3.660100,0.00,0.00
randomArrays.txt,IterativeQuickSort,2,3.598500,0.00,0.00
randomArrays.txt,IterativeQuickSort,3,3.614900,108.06,0.00
randomArrays.txt,IterativeQuickSort,1,5.546100,70.43,0.00
randomArrays.txt,IterativeQuickSort,2,5.521300,0.00,0.00
randomArrays.txt,IterativeQuickSort,3,5.559300,70.27,0.00
randomArrays.txt,IterativeQuickSort,1,2.759600,0.00,0.00
randomArrays.txt,IterativeQuickSort,2,1.798100,0.00,0.00
randomArrays.txt,IterativeQuickSort,3,2.753200,0.00,0.00
randomArrays.txt,IterativeQuickSort,1,5.697600,68.56,0.00
randomArrays.txt,IterativeQuickSort,2,7.291200,0.00,0.00
randomArrays.txt,IterativeQuickSort,3,4.505900,86.69,0.00
randomArrays.txt,IterativeQuickSort,1,4.561600,0.00,0.00
randomArrays.txt,IterativeQuickSort,2,5.487100,0.00,0.00
randomArrays.txt,IterativeQuickSort,3,7.011100,55.72,0.00
randomArrays.txt,IterativeQuickSort,1,2.435600,0.00,0.00
randomArrays.txt,IterativeQuickSort,2,2.423400,0.00,0.00
randomArrays.txt,IterativeQuickSort,3,2.434600,160.45,0.00
randomArrays.txt,IterativeQuickSort,1,1.738700,0.00,0.00
randomArrays.txt,IterativeQuickSort,2,1.738600,0.00,0.00
randomArrays.txt,IterativeQuickSort,3,1.738700,0.00,0.00
randomArrays.txt,IterativeQuickSort,1,2.124000,0.00,0.00
randomArrays.txt,IterativeQuickSort,2,2.102300,185.81,0.00
randomArrays.txt,IterativeQuickSort,3,2.111000,0.00,0.00
randomArrays.txt,IterativeQuickSort,1,11.767600,33.19,0.00
randomArrays.txt,IterativeQuickSort,2,9.080000,0.00,0.00
randomArrays.txt,IterativeQuickSort,3,5.410900,72.19,0.00
randomArrays.txt,IterativeQuickSort,1,0.857600,0.00,0.00
randomArrays.txt,IterativeQuickSort,2,0.834700,0.00,0.00
randomArrays.txt,IterativeQuickSort,3,0.837800,0.00,0.00
randomArrays.txt,IterativeQuickSort,1,5.154300,0.00,0.00
randomArrays.txt,IterativeQuickSort,2,9.712300,40.22,0.00
randomArrays.txt,IterativeQuickSort,3,8.456800,0.00,0.00
randomArrays.txt,IterativeQuickSort,1,1.253100,311.73,0.00
randomArrays.txt,IterativeQuickSort,2,1.270800,0.00,0.00
randomArrays.txt,IterativeQuickSort,3,1.245300,0.00,0.00
randomArrays.txt,IterativeQuickSort,1,1.255100,0.00,0.00
randomArrays.txt,IterativeQuickSort,2,1.257500,0.00,0.00
randomArrays.txt,IterativeQuickSort,3,1.259400,0.00,0.00
randomArrays.txt,IterativeQuickSort,1,1.706000,0.00,0.00
randomArrays.txt,IterativeQuickSort,2,1.514000,0.00,0.00
randomArrays.txt,IterativeQuickSort,3,1.520300,0.00,0.00
randomArrays.txt,IterativeQuickSort,1,7.035200,0.00,0.00
randomArrays.txt,IterativeQuickSort,2,6.145400,63.56,0.00
randomArrays.txt,IterativeQuickSort,3,9.320000,0.00,0.00
randomArrays.txt,IterativeQuickSort,1,2.604300,0.00,0.00
randomArrays.txt,IterativeQuickSort,2,2.618900,0.00,0.00
randomArrays.txt,IterativeQuickSort,3,1.582400,0.00,0.00
randomArrays.txt,IterativeQuickSort,1,2.377700,0.00,0.00
randomArrays.txt,IterativeQuickSort,2,1.918700,203.59,0.00
randomArrays.txt,IterativeQuickSort,3,2.384400,0.00,0.00
randomArrays.txt,IterativeQuickSort,1,2.366400,165.07,0.00
randomArrays.txt,IterativeQuickSort,2,2.907500,0.00,0.00
randomArrays.txt,IterativeQuickSort,3,2.878500,0.00,0.00
randomArrays.txt,IterativeQuickSort,1,4.358300,0.00,0.00
randomArrays.txt,IterativeQuickSort,2,4.322500,0.00,0.00
randomArrays.txt,IterativeQuickSort,3,4.372400,0.00,0.00
randomArrays.txt,IterativeQuickSort,1,1.540700,0.00,0.00
randomArrays.txt,IterativeQuickSort,2,1.565800,0.00,0.00
randomArrays.txt,IterativeQuickSort,3,1.543500,0.00,0.00
randomArrays.txt,IterativeQuickSort,1,2.433800,160.50,0.00
randomArrays.txt,IterativeQuickSort,2,2.399400,0.00,0.00
randomArrays.txt,IterativeQuickSort,3,2.486300,0.00,0.00
randomArrays.txt,IterativeQuickSort,1,3.565500,0.00,0.00
randomArrays.txt,IterativeQuickSort,2,3.524300,0.00,0.00
randomArrays.txt,IterativeQuickSort,3,3.518700,0.00,0.00
randomArrays.txt,IterativeQuickSort,1,1.150100,339.64,0.00
randomArrays.txt,IterativeQuickSort,2,1.143700,0.00,0.00
randomArrays.txt,IterativeQuickSort,3,0.946300,0.00,0.00
randomArrays.txt,IterativeQuickSort,1,0.698800,0.00,0.00
randomArrays.txt,IterativeQuickSort,2,0.717500,0.00,0.00
randomArrays.txt,IterativeQuickSort,3,0.708900,0.00,0.00
randomArrays.txt,IterativeQuickSort,1,0.466400,0.00,0.00
randomArrays.txt,IterativeQuickSort,2,0.474200,0.00,0.00
randomArrays.txt,IterativeQuickSort,3,0.600000,0.00,0.00
randomArrays.txt,IterativeQuickSort,1,3.615400,0.00,0.00
randomArrays.txt,IterativeQuickSort,2,6.093100,0.00,0.00
randomArrays.txt,IterativeQuickSort,3,5.477200,71.32,0.00
randomArrays.txt,IterativeQuickSort,1,4.645700,0.00,0.00
randomArrays.txt,IterativeQuickSort,2,4.373500,89.32,0.00
randomArrays.txt,IterativeQuickSort,3,4.595000,0.00,0.00
randomArrays.txt,IterativeQuickSort,1,2.430700,0.00,0.00
randomArrays.txt,IterativeQuickSort,2,2.428000,0.00,0.00
randomArrays.txt,IterativeQuickSort,3,2.431300,0.00,0.00
randomArrays.txt,IterativeQuickSort,1,6.124700,0.00,0.00
randomArrays.txt,IterativeQuickSort,2,4.742900,0.00,0.00
randomArrays.txt,IterativeQuickSort,3,7.524900,51.91,0.00
randomArrays.txt,IterativeQuickSort,1,0.936000,0.00,0.00
randomArrays.txt,IterativeQuickSort,2,1.268800,0.00,0.00
randomArrays.txt,IterativeQuickSort,3,1.133900,0.00,0.00
randomArrays.txt,IterativeQuickSort,1,4.098700,95.30,0.00
randomArrays.txt,IterativeQuickSort,2,4.081200,0.00,0.00
randomArrays.txt,IterativeQuickSort,3,4.091900,0.00,0.00
randomArrays.txt,IterativeQuickSort,1,5.049300,77.36,0.00
randomArrays.txt,IterativeQuickSort,2,5.050500,0.00,0.00
randomArrays.txt,IterativeQuickSort,3,5.089200,76.76,0.00
randomArrays.txt,IterativeQuickSort,1,1.912700,0.00,0.00
randomArrays.txt,IterativeQuickSort,2,1.943600,0.00,0.00
randomArrays.txt,IterativeQuickSort,3,1.897800,205.83,0.00
randomArrays.txt,IterativeQuickSort,1,5.441300,71.79,0.00
randomArrays.txt,IterativeQuickSort,2,6.980700,0.00,0.00
randomArrays.txt,IterativeQuickSort,3,5.614000,69.58,0.00
randomArrays.txt,IterativeQuickSort,1,4.343200,89.94,0.00
randomArrays.txt,IterativeQuickSort,2,3.643200,0.00,0.00
randomArrays.txt,IterativeQuickSort,3,4.544300,0.00,0.00
randomArrays.txt,IterativeQuickSort,1,4.348600,0.00,0.00
randomArrays.txt,IterativeQuickSort,2,4.417400,0.00,0.00
randomArrays.txt,IterativeQuickSort,3,2.357600,165.69,0.00
randomArrays.txt,IterativeQuickSort,1,0.677200,0.00,0.00
randomArrays.txt,IterativeQuickSort,2,0.673200,0.00,0.00
randomArrays.txt,IterativeQuickSort,3,0.665800,0.00,0.00
randomArrays.txt,IterativeQuickSort,1,2.127900,0.00,0.00
randomArrays.txt,IterativeQuickSort,2,2.153800,181.37,0.00
randomArrays.txt,IterativeQuickSort,3,2.128000,0.00,0.00
randomArrays.txt,IterativeQuickSort,1,5.988300,0.00,0.00
randomArrays.txt,IterativeQuickSort,2,5.716100,0.00,0.00
randomArrays.txt,IterativeQuickSort,3,4.855100,0.00,0.00
randomArrays.txt,IterativeQuickSort,1,0.369600,0.00,0.00
randomArrays.txt,IterativeQuickSort,2,0.498200,0.00,0.00
randomArrays.txt,IterativeQuickSort,3,0.410500,0.00,0.00
randomArrays.txt,IterativeQuickSort,1,6.190500,0.00,0.00
randomArrays.txt,IterativeQuickSort,2,6.129200,63.73,0.00
randomArrays.txt,IterativeQuickSort,3,3.378400,0.00,0.00
randomArrays.txt,IterativeQuickSort,1,5.770300,67.70,0.00
randomArrays.txt,IterativeQuickSort,2,4.289800,0.00,0.00
randomArrays.txt,IterativeQuickSort,3,4.709500,0.00,0.00
randomArrays.txt,IterativeQuickSort,1,2.352900,166.02,0.00
randomArrays.txt,IterativeQuickSort,2,3.360900,0.00,0.00
randomArrays.txt,IterativeQuickSort,3,3.379400,0.00,0.00
randomArrays.txt,IterativeQuickSort,1,7.467500,0.00,0.00
randomArrays.txt,IterativeQuickSort,2,7.808600,50.02,0.00
randomArrays.txt,IterativeQuickSort,3,6.607900,0.00,0.00
randomArrays.txt,IterativeQuickSort,1,3.904600,0.00,0.00
randomArrays.txt,IterativeQuickSort,2,3.908700,0.00,0.00
randomArrays.txt,IterativeQuickSort,3,3.851600,0.00,0.00
randomArrays.txt,IterativeQuickSort,1,3.470500,0.00,0.00
randomArrays.txt,IterativeQuickSort,2,3.447200,113.32,0.00
randomArrays.txt,IterativeQuickSort,3,3.466200,0.00,0.00
randomArrays.txt,IterativeQuickSort,1,4.208400,92.82,0.00
randomArrays.txt,IterativeQuickSort,2,5.408200,0.00,0.00
randomArrays.txt,IterativeQuickSort,3,5.620200,0.00,0.00
randomArrays.txt,IterativeQuickSort,1,5.421100,0.00,0.00
randomArrays.txt,IterativeQuickSort,2,5.460000,71.54,0.00
randomArrays.txt,IterativeQuickSort,3,5.458100,0.00,0.00
randomArrays.txt,IterativeQuickSort,1,0.164800,0.00,0.00
randomArrays.txt,IterativeQuickSort,2,0.290400,0.00,0.00
randomArrays.txt,IterativeQuickSort,3,0.162700,0.00,0.00
randomArrays.txt,IterativeQuickSort,1,4.956000,78.82,0.00
randomArrays.txt,IterativeQuickSort,2,3.342700,0.00,0.00
randomArrays.txt,IterativeQuickSort,3,5.438700,0.00,0.00
randomArrays.txt,IterativeQuickSort,1,6.860200,56.94,0.00
randomArrays.txt,IterativeQuickSort,2,7.289600,0.00,0.00
randomArrays.txt,IterativeQuickSort,3,7.125400,54.82,0.00
randomArrays.txt,IterativeQuickSort,1,2.929100,133.36,0.00
randomArrays.txt,IterativeQuickSort,2,2.327000,0.00,0.00
randomArrays.txt,IterativeQuickSort,3,2.324900,0.00,0.00
randomArrays.txt,IterativeQuickSort,1,5.394500,0.00,0.00
randomArrays.txt,IterativeQuickSort,2,4.180000,0.00,0.00
randomArrays.txt,IterativeQuickSort,3,9.120000,0.00,0.00
randomArrays.txt,IterativeQuickSort,1,9.178000,42.56,0.00
randomArrays.txt,IterativeQuickSort,2,7.574600,0.00,0.00
randomArrays.txt,IterativeQuickSort,3,5.490900,71.14,0.00
randomArrays.txt,IterativeQuickSort,1,6.238900,0.00,0.00
randomArrays.txt,IterativeQuickSort,2,6.244700,62.55,0.00
randomArrays.txt,IterativeQuickSort,3,6.244300,0.00,0.00
randomArrays.txt,IterativeQuickSort,1,2.964800,0.00,0.00
randomArrays.txt,IterativeQuickSort,2,1.971600,0.00,0.00
randomArrays.txt,IterativeQuickSort,3,2.962600,0.00,0.00
randomArrays.txt,IterativeQuickSort,1,4.229700,0.00,0.00
randomArrays.txt,IterativeQuickSort,2,4.243300,0.00,0.00
randomArrays.txt,IterativeQuickSort,3,4.181300,93.42,0.00
randomArrays.txt,IterativeQuickSort,1,0.106900,0.00,0.00
randomArrays.txt,IterativeQuickSort,2,0.105200,0.00,0.00
randomArrays.txt,IterativeQuickSort,3,0.073800,0.00,0.00
randomArrays.txt,IterativeQuickSort,1,8.240900,0.00,0.00
randomArrays.txt,IterativeQuickSort,2,8.207700,47.59,0.00
randomArrays.txt,IterativeQuickSort,3,8.220300,47.52,0.00
randomArrays.txt,IterativeQuickSort,1,3.392800,0.00,0.00
randomArrays.txt,IterativeQuickSort,2,3.376700,115.68,0.00
randomArrays.txt,IterativeQuickSort,3,2.744200,0.00,0.00
randomArrays.txt,IterativeQuickSort,1,8.592400,45.46,0.00
randomArrays.txt,IterativeQuickSort,2,4.747200,0.00,0.00
randomArrays.txt,IterativeQuickSort,3,9.115000,42.86,0.00
randomArrays.txt,IterativeQuickSort,1,4.907400,79.60,0.00
randomArrays.txt,IterativeQuickSort,2,4.977000,0.00,0.00
randomArrays.txt,IterativeQuickSort,3,5.037600,0.00,0.00
randomArrays.txt,IterativeQuickSort,1,4.883400,79.99,0.00
randomArrays.txt,IterativeQuickSort,2,4.885700,0.00,0.00
randomArrays.txt,IterativeQuickSort,3,4.852700,0.00,0.00
randomArrays.txt,IterativeQuickSort,1,3.770800,0.00,0.00
randomArrays.txt,IterativeQuickSort,2,3.819200,0.00,0.00
randomArrays.txt,IterativeQuickSort,3,3.275900,119.24,0.00
randomArrays.txt,IterativeQuickSort,1,1.331900,0.00,0.00
randomArrays.txt,IterativeQuickSort,2,1.344000,0.00,0.00
randomArrays.txt,IterativeQuickSort,3,1.343000,0.00,0.00
randomArrays.txt,IterativeQuickSort,1,3.462400,112.82,0.00
randomArrays.txt,IterativeQuickSort,2,3.490400,0.00,0.00
randomArrays.txt,IterativeQuickSort,3,3.494700,0.00,0.00
randomArrays.txt,IterativeQuickSort,1,6.425200,0.00,0.00
randomArrays.txt,IterativeQuickSort,2,6.581800,59.35,0.00
randomArrays.txt,IterativeQuickSort,3,5.173000,0.00,0.00
randomArrays.txt,IterativeQuickSort,1,4.075000,0.00,0.00
randomArrays.txt,IterativeQuickSort,2,2.890700,135.13,0.00
randomArrays.txt,IterativeQuickSort,3,4.022600,0.00,0.00
randomArrays.txt,IterativeQuickSort,1,1.598600,0.00,0.00
randomArrays.txt,IterativeQuickSort,2,1.402600,0.00,0.00
randomArrays.txt,IterativeQuickSort,3,1.187500,0.00,0.00
randomArrays.txt,IterativeQuickSort,1,2.018900,0.00,0.00
randomArrays.txt,IterativeQuickSort,2,1.633000,0.00,0.00
randomArrays.txt,IterativeQuickSort,3,1.450200,0.00,0.00
randomArrays.txt,IterativeQuickSort,1,2.231400,175.06,0.00
randomArrays.txt,IterativeQuickSort,2,2.222400,0.00,0.00
randomArrays.txt,IterativeQuickSort,3,2.212800,0.00,0.00
randomArrays.txt,IterativeQuickSort,1,6.860300,56.94,0.00
randomArrays.txt,IterativeQuickSort,2,8.420500,0.00,0.00
randomArrays.txt,IterativeQuickSort,3,8.507800,45.91,0.00
randomArrays.txt,IterativeQuickSort,1,3.336300,117.08,0.00
randomArrays.txt,IterativeQuickSort,2,3.356400,0.00,0.00
randomArrays.txt,IterativeQuickSort,3,2.928200,0.00,0.00
randomArrays.txt,IterativeQuickSort,1,3.578900,0.00,0.00
randomArrays.txt,IterativeQuickSort,2,5.120700,76.28,0.00
randomArrays.txt,IterativeQuickSort,3,5.130700,0.00,0.00
randomArrays.txt,IterativeQuickSort,1,5.395100,0.00,0.00
randomArrays.txt,IterativeQuickSort,2,3.833600,0.00,0.00
randomArrays.txt,IterativeQuickSort,3,3.849700,101.47,0.00
randomArrays.txt,IterativeQuickSort,1,1.054200,0.00,0.00
randomArrays.txt,IterativeQuickSort,2,0.981000,0.00,0.00
randomArrays.txt,IterativeQuickSort,3,0.603900,0.00,0.00
randomArrays.txt,IterativeQuickSort,1,4.928400,0.00,0.00
randomArrays.txt,IterativeQuickSort,2,3.670400,0.00,0.00
randomArrays.txt,IterativeQuickSort,3,3.997900,97.71,0.00
randomArrays.txt,IterativeQuickSort,1,2.740500,0.00,0.00
randomArrays.txt,IterativeQuickSort,2,2.738500,0.00,0.00
randomArrays.txt,IterativeQuickSort,3,2.747900,142.15,0.00
randomArrays.txt,IterativeQuickSort,1,5.751400,0.00,0.00
randomArrays.txt,IterativeQuickSort,2,4.290500,0.00,0.00
randomArrays.txt,IterativeQuickSort,3,5.720900,0.00,0.00
randomArrays.txt,IterativeQuickSort,1,6.222200,0.00,0.00
randomArrays.txt,IterativeQuickSort,2,6.172900,63.28,0.00
randomArrays.txt,IterativeQuickSort,3,5.408100,0.00,0.00
randomArrays.txt,IterativeQuickSort,1,3.097200,0.00,0.00
randomArrays.txt,IterativeQuickSort,2,3.104900,0.00,0.00
randomArrays.txt,IterativeQuickSort,3,3.074000,0.00,0.00
randomArrays.txt,IterativeQuickSort,1,1.174700,0.00,0.00
randomArrays.txt,IterativeQuickSort,2,1.173700,0.00,0.00
randomArrays.txt,IterativeQuickSort,3,1.169400,0.00,0.00
randomArrays.txt,IterativeQuickSort,1,3.950200,0.00,0.00
randomArrays.txt,IterativeQuickSort,2,2.410100,162.08,0.00
randomArrays.txt,IterativeQuickSort,3,3.899500,0.00,0.00
randomArrays.txt,IterativeQuickSort,1,2.591700,0.00,0.00
randomArrays.txt,IterativeQuickSort,2,2.594200,150.58,0.00
randomArrays.txt,IterativeQuickSort,3,2.569600,0.00,0.00
randomArrays.txt,IterativeQuickSort,1,4.853100,0.00,0.00
randomArrays.txt,IterativeQuickSort,2,3.858900,0.00,0.00
randomArrays.txt,IterativeQuickSort,3,4.822000,81.01,0.00
randomArrays.txt,IterativeQuickSort,1,7.123700,54.83,0.00
randomArrays.txt,IterativeQuickSort,2,2.757500,0.00,0.00
randomArrays.txt,IterativeQuickSort,3,2.480700,0.00,0.00
randomArrays.txt,IterativeQuickSort,1,2.530600,0.00,0.00
randomArrays.txt,IterativeQuickSort,2,1.655500,235.96,0.00
randomArrays.txt,IterativeQuickSort,3,1.333300,0.00,0.00
randomArrays.txt,IterativeQuickSort,1,3.985600,0.00,0.00
randomArrays.txt,IterativeQuickSort,2,5.400000,72.34,0.00
randomArrays.txt,IterativeQuickSort,3,5.474900,0.00,0.00
randomArrays.txt,IterativeQuickSort,1,2.157900,0.00,0.00
randomArrays.txt,IterativeQuickSort,2,1.714400,0.00,0.00
randomArrays.txt,IterativeQuickSort,3,2.924600,0.00,0.00
randomArrays.txt,IterativeQuickSort,1,0.249400,0.00,0.00
randomArrays.txt,IterativeQuickSort,2,0.246900,0.00,0.00
randomArrays.txt,IterativeQuickSort,3,0.255800,0.00,0.00
randomArrays.txt,IterativeQuickSort,1,0.415400,0.00,0.00
randomArrays.txt,IterativeQuickSort,2,0.451500,0.00,0.00
randomArrays.txt,IterativeQuickSort,3,0.210000,0.00,0.00
randomArrays.txt,IterativeQuickSort,1,2.481900,0.00,0.00
randomArrays.txt,IterativeQuickSort,2,1.638500,0.00,0.00
randomArrays.txt,IterativeQuickSort,3,2.452900,0.00,0.00
randomArrays.txt,IterativeQuickSort,1,2.093700,0.00,0.00
randomArrays.txt,IterativeQuickSort,2,1.022500,0.00,0.00
randomArrays.txt,IterativeQuickSort,3,1.009800,0.00,0.00
randomArrays.txt,IterativeQuickSort,1,7.426100,0.00,0.00
randomArrays.txt,IterativeQuickSort,2,17.125200,22.81,0.00
randomArrays.txt,IterativeQuickSort,3,11.581800,0.00,0.00
randomArrays.txt,IterativeQuickSort,1,1.904800,0.00,0.00
randomArrays.txt,IterativeQuickSort,2,1.489100,0.00,0.00
randomArrays.txt,IterativeQuickSort,3,1.381800,0.00,0.00
randomArrays.txt,IterativeQuickSort,1,2.758200,141.62,0.00
randomArrays.txt,IterativeQuickSort,2,2.773400,0.00,0.00
randomArrays.txt,IterativeQuickSort,3,2.773000,0.00,0.00
randomArrays.txt,IterativeQuickSort,1,0.136100,0.00,0.00
randomArrays.txt,IterativeQuickSort,2,0.136100,0.00,0.00
randomArrays.txt,IterativeQuickSort,3,0.142500,0.00,0.00
randomArrays.txt,IterativeQuickSort,1,2.200700,0.00,0.00
randomArrays.txt,IterativeQuickSort,2,2.202600,0.00,0.00
randomArrays.txt,IterativeQuickSort,3,2.416600,0.00,0.00
randomArrays.txt,IterativeQuickSort,1,2.959300,0.00,0.00
randomArrays.txt,IterativeQuickSort,2,1.943400,0.00,0.00
randomArrays.txt,IterativeQuickSort,3,3.856100,101.30,0.00
randomArrays.txt,IterativeQuickSort,1,3.504900,0.00,0.00
randomArrays.txt,IterativeQuickSort,2,3.464400,112.75,0.00
randomArrays.txt,IterativeQuickSort,3,3.472600,0.00,0.00
randomArrays.txt,IterativeQuickSort,1,4.840700,0.00,0.00
randomArrays.txt,IterativeQuickSort,2,3.031500,128.86,0.00
randomArrays.txt,IterativeQuickSort,3,4.832500,0.00,0.00
randomArrays.txt,IterativeQuickSort,1,1.657400,0.00,0.00
randomArrays.txt,IterativeQuickSort,2,1.654400,236.11,0.00
randomArrays.txt,IterativeQuickSort,3,1.679300,0.00,0.00
randomArrays.txt,IterativeQuickSort,1,0.101400,0.00,0.00
randomArrays.txt,IterativeQuickSort,2,0.097000,0.00,0.00
randomArrays.txt,IterativeQuickSort,3,0.097500,0.00,0.00
randomArrays.txt,IterativeQuickSort,1,3.889500,0.00,0.00
randomArrays.txt,IterativeQuickSort,2,4.597300,0.00,0.00
randomArrays.txt,IterativeQuickSort,3,6.016800,64.92,0.00
randomArrays.txt,IterativeQuickSort,1,8.726200,0.00,0.00
randomArrays.txt,IterativeQuickSort,2,7.315500,53.40,0.00
randomArrays.txt,IterativeQuickSort,3,8.856900,0.00,0.00
randomArrays.txt,IterativeQuickSort,1,1.561500,0.00,0.00
randomArrays.txt,IterativeQuickSort,2,0.821500,0.00,0.00
randomArrays.txt,IterativeQuickSort,3,0.818700,0.00,0.00
randomArrays.txt,IterativeQuickSort,1,5.264000,0.00,0.00
randomArrays.txt,IterativeQuickSort,2,8.427000,46.35,0.00
randomArrays.txt,IterativeQuickSort,3,6.253000,0.00,0.00
randomArrays.txt,IterativeQuickSort,1,0.150600,0.00,0.00
randomArrays.txt,IterativeQuickSort,2,0.151000,0.00,0.00
randomArrays.txt,IterativeQuickSort,3,0.151200,0.00,0.00
randomArrays.txt,IterativeQuickSort,1,3.098800,0.00,0.00
randomArrays.txt,IterativeQuickSort,2,3.093200,0.00,0.00
randomArrays.txt,IterativeQuickSort,3,2.143800,0.00,0.00
randomArrays.txt,IterativeQuickSort,1,0.087400,0.00,0.00
randomArrays.txt,IterativeQuickSort,2,0.073800,0.00,0.00
randomArrays.txt,IterativeQuickSort,3,0.093000,0.00,0.00
randomArrays.txt,IterativeQuickSort,1,5.406900,0.00,0.00
randomArrays.txt,IterativeQuickSort,2,5.336900,0.00,0.00
randomArrays.txt,IterativeQuickSort,3,5.003400,0.00,0.00
randomArrays.txt,IterativeQuickSort,1,3.840200,0.00,0.00
randomArrays.txt,IterativeQuickSort,2,3.819800,0.00,0.00
randomArrays.txt,IterativeQuickSort,3,3.881300,0.00,0.00
randomArrays.txt,IterativeQuickSort,1,2.003800,0.00,0.00
randomArrays.txt,IterativeQuickSort,2,1.990300,0.00,0.00
randomArrays.txt,IterativeQuickSort,3,1.688700,231.32,0.00
randomArrays.txt,IterativeQuickSort,1,5.820800,0.00,0.00
randomArrays.txt,IterativeQuickSort,2,5.354200,0.00,0.00
randomArrays.txt,IterativeQuickSort,3,5.499600,0.00,0.00
randomArrays.txt,IterativeQuickSort,1,0.915500,426.68,0.00
randomArrays.txt,IterativeQuickSort,2,0.895500,0.00,0.00
randomArrays.txt,IterativeQuickSort,3,1.421400,0.00,0.00
randomArrays.txt,IterativeQuickSort,1,6.317800,0.00,0.00
randomArrays.txt,IterativeQuickSort,2,6.316900,61.84,0.00
randomArrays.txt,IterativeQuickSort,3,3.577100,0.00,0.00
randomArrays.txt,IterativeQuickSort,1,8.961000,43.59,0.00
randomArrays.txt,IterativeQuickSort,2,8.849800,0.00,0.00
randomArrays.txt,IterativeQuickSort,3,14.085300,27.73,0.00
randomArrays.txt,IterativeQuickSort,1,3.281800,0.00,0.00
randomArrays.txt,IterativeQuickSort,2,4.841400,0.00,0.00
randomArrays.txt,IterativeQuickSort,3,4.809000,81.23,0.00
randomArrays.txt,IterativeQuickSort,1,6.327000,0.00,0.00
randomArrays.txt,IterativeQuickSort,2,6.340700,0.00,0.00
randomArrays.txt,IterativeQuickSort,3,4.946000,0.00,0.00
randomArrays.txt,IterativeQuickSort,1,6.635500,0.00,0.00
randomArrays.txt,IterativeQuickSort,2,6.581600,0.00,0.00
randomArrays.txt,IterativeQuickSort,3,7.561600,51.66,0.00
randomArrays.txt,IterativeQuickSort,1,3.225500,121.11,0.00
randomArrays.txt,IterativeQuickSort,2,3.074400,0.00,0.00
randomArrays.txt,IterativeQuickSort,3,3.180800,0.00,0.00
randomArrays.txt,IterativeQuickSort,1,3.094300,0.00,0.00
randomArrays.txt,IterativeQuickSort,2,3.110200,0.00,0.00
randomArrays.txt,IterativeQuickSort,3,3.098300,126.08,0.00
randomArrays.txt,IterativeQuickSort,1,1.232100,0.00,0.00
randomArrays.txt,IterativeQuickSort,2,1.003800,0.00,0.00
randomArrays.txt,IterativeQuickSort,3,1.212100,0.00,0.00
randomArrays.txt,IterativeQuickSort,1,4.051400,0.00,0.00
randomArrays.txt,IterativeQuickSort,2,2.987200,130.77,0.00
randomArrays.txt,IterativeQuickSort,3,4.047900,0.00,0.00
randomArrays.txt,IterativeQuickSort,1,0.398900,0.00,0.00
randomArrays.txt,IterativeQuickSort,2,0.398300,0.00,0.00
randomArrays.txt,IterativeQuickSort,3,0.393000,0.00,0.00
randomArrays.txt,IterativeQuickSort,1,1.887400,0.00,0.00
randomArrays.txt,IterativeQuickSort,2,1.254000,0.00,0.00
randomArrays.txt,IterativeQuickSort,3,1.874500,208.39,0.00
randomArrays.txt,IterativeQuickSort,1,7.623200,51.24,0.00
randomArrays.txt,IterativeQuickSort,2,6.920900,0.00,0.00
randomArrays.txt,IterativeQuickSort,3,6.908200,0.00,0.00
randomArrays.txt,IterativeQuickSort,1,2.350200,0.00,0.00
randomArrays.txt,IterativeQuickSort,2,2.312000,0.00,0.00
randomArrays.txt,IterativeQuickSort,3,2.334500,0.00,0.00
randomArrays.txt,IterativeQuickSort,1,7.427100,0.00,0.00
randomArrays.txt,IterativeQuickSort,2,7.406200,52.74,0.00
randomArrays.txt,IterativeQuickSort,3,7.109700,0.00,0.00
randomArrays.txt,IterativeQuickSort,1,1.886100,0.00,0.00
randomArrays.txt,IterativeQuickSort,2,1.561200,0.00,0.00
randomArrays.txt,IterativeQuickSort,3,2.034200,0.00,0.00
randomArrays.txt,IterativeQuickSort,1,3.172500,0.00,0.00
randomArrays.txt,IterativeQuickSort,2,3.129000,0.00,0.00
randomArrays.txt,IterativeQuickSort,3,4.778400,0.00,0.00
randomArrays.txt,IterativeQuickSort,1,0.779200,0.00,0.00
randomArrays.txt,IterativeQuickSort,2,1.165500,0.00,0.00
randomArrays.txt,IterativeQuickSort,3,0.617100,0.00,0.00
randomArrays.txt,IterativeQuickSort,1,3.412900,114.46,0.00
randomArrays.txt,IterativeQuickSort,2,2.834500,0.00,0.00
randomArrays.txt,IterativeQuickSort,3,3.383600,0.00,0.00
randomArrays.txt,IterativeQuickSort,1,0.460700,0.00,0.00
randomArrays.txt,IterativeQuickSort,2,0.465100,0.00,0.00
randomArrays.txt,IterativeQuickSort,3,0.499500,0.00,0.00
randomArrays.txt,IterativeQuickSort,1,5.656000,0.00,0.00
randomArrays.txt,IterativeQuickSort,2,4.198500,0.00,0.00
randomArrays.txt,IterativeQuickSort,3,5.071300,77.03,0.00
randomArrays.txt,IterativeQuickSort,1,3.822900,102.18,0.00
randomArrays.txt,IterativeQuickSort,2,2.393300,0.00,0.00
randomArrays.txt,IterativeQuickSort,3,3.818900,0.00,0.00
randomArrays.txt,IterativeQuickSort,1,3.718600,105.05,0.00
randomArrays.txt,IterativeQuickSort,2,3.662600,0.00,0.00
randomArrays.txt,IterativeQuickSort,3,1.891000,0.00,0.00
randomArrays.txt,IterativeQuickSort,1,3.858500,0.00,0.00
randomArrays.txt,IterativeQuickSort,2,4.757700,0.00,0.00
randomArrays.txt,IterativeQuickSort,3,4.734600,0.00,0.00
randomArrays.txt,IterativeQuickSort,1,2.073900,0.00,0.00
randomArrays.txt,IterativeQuickSort,2,1.944600,0.00,0.00
randomArrays.txt,IterativeQuickSort,3,1.529800,0.00,0.00
randomArrays.txt,IterativeQuickSort,1,4.909500,0.00,0.00
randomArrays.txt,IterativeQuickSort,2,4.902200,79.68,0.00
randomArrays.txt,IterativeQuickSort,3,4.949000,0.00,0.00
randomArrays.txt,IterativeQuickSort,1,5.322000,0.00,0.00
randomArrays.txt,IterativeQuickSort,2,5.318400,73.45,0.00
randomArrays.txt,IterativeQuickSort,3,5.312300,0.00,0.00
randomArrays.txt,IterativeQuickSort,1,1.992400,0.00,0.00
randomArrays.txt,IterativeQuickSort,2,1.858700,0.00,0.00
randomArrays.txt,IterativeQuickSort,3,1.368200,285.50,0.00
randomArrays.txt,IterativeQuickSort,1,1.198100,0.00,0.00
randomArrays.txt,IterativeQuickSort,2,1.193200,0.00,0.00
randomArrays.txt,IterativeQuickSort,3,1.336700,0.00,0.00
randomArrays.txt,IterativeQuickSort,1,3.827400,0.00,0.00
randomArrays.txt,IterativeQuickSort,2,3.814900,0.00,0.00
randomArrays.txt,IterativeQuickSort,3,3.886900,100.50,0.00
randomArrays.txt,IterativeQuickSort,1,2.276700,0.00,0.00
randomArrays.txt,IterativeQuickSort,2,2.265200,0.00,0.00
randomArrays.txt,IterativeQuickSort,3,2.289500,0.00,0.00
randomArrays.txt,IterativeQuickSort,1,6.375600,61.27,0.00
randomArrays.txt,IterativeQuickSort,2,6.388000,0.00,0.00
randomArrays.txt,IterativeQuickSort,3,5.152600,0.00,0.00
randomArrays.txt,IterativeQuickSort,1,1.261200,0.00,0.00
randomArrays.txt,IterativeQuickSort,2,1.248600,0.00,0.00
randomArrays.txt,IterativeQuickSort,3,1.235000,316.30,0.00
randomArrays.txt,IterativeQuickSort,1,1.425000,0.00,0.00
randomArrays.txt,IterativeQuickSort,2,1.425500,274.03,0.00
randomArrays.txt,IterativeQuickSort,3,1.410300,0.00,0.00
randomArrays.txt,IterativeQuickSort,1,5.117300,0.00,0.00
randomArrays.txt,IterativeQuickSort,2,3.730100,0.00,0.00
randomArrays.txt,IterativeQuickSort,3,5.128400,76.17,0.00
randomArrays.txt,IterativeQuickSort,1,3.350400,0.00,0.00
randomArrays.txt,IterativeQuickSort,2,3.334900,0.00,0.00
randomArrays.txt,IterativeQuickSort,3,3.342200,116.88,0.00
randomArrays.txt,IterativeQuickSort,1,3.741700,104.40,0.00
randomArrays.txt,IterativeQuickSort,2,3.446900,0.00,0.00
randomArrays.txt,IterativeQuickSort,3,11.126400,35.11,0.00
randomArrays.txt,IterativeQuickSort,1,0.036300,0.00,0.00
randomArrays.txt,IterativeQuickSort,2,0.063200,0.00,0.00
randomArrays.txt,IterativeQuickSort,3,0.044200,0.00,0.00
randomArrays.txt,IterativeQuickSort,1,6.188200,63.12,0.00
randomArrays.txt,IterativeQuickSort,2,4.669800,0.00,0.00
randomArrays.txt,IterativeQuickSort,3,6.039800,0.00,0.00
randomArrays.txt,IterativeQuickSort,1,4.959700,0.00,0.00
randomArrays.txt,IterativeQuickSort,2,4.931500,0.00,0.00
randomArrays.txt,IterativeQuickSort,3,4.586300,85.17,0.00
randomArrays.txt,IterativeQuickSort,1,5.730600,0.00,0.00
randomArrays.txt,IterativeQuickSort,2,5.745400,0.00,0.00
randomArrays.txt,IterativeQuickSort,3,5.725800,68.22,0.00
randomArrays.txt,IterativeQuickSort,1,2.285600,0.00,0.00
randomArrays.txt,IterativeQuickSort,2,2.291200,0.00,0.00
randomArrays.txt,IterativeQuickSort,3,1.779300,219.54,0.00
randomArrays.txt,IterativeQuickSort,1,3.801000,0.00,0.00
randomArrays.txt,IterativeQuickSort,2,3.809000,0.00,0.00
randomArrays.txt,IterativeQuickSort,3,3.822100,102.20,0.00
randomArrays.txt,IterativeQuickSort,1,7.958700,0.00,0.00
randomArrays.txt,IterativeQuickSort,2,7.941400,49.19,0.00
randomArrays.txt,IterativeQuickSort,3,5.939500,0.00,0.00
randomArrays.txt,IterativeQuickSort,1,0.796300,0.00,0.00
randomArrays.txt,IterativeQuickSort,2,0.644900,0.00,0.00
randomArrays.txt,IterativeQuickSort,3,1.078000,0.00,0.00
randomArrays.txt,IterativeQuickSort,1,6.664000,58.62,0.00
randomArrays.txt,IterativeQuickSort,2,6.870600,0.00,0.00
randomArrays.txt,IterativeQuickSort,3,6.899900,56.61,0.00
randomArrays.txt,IterativeQuickSort,1,6.921700,56.43,0.00
randomArrays.txt,IterativeQuickSort,2,4.765000,0.00,0.00
randomArrays.txt,IterativeQuickSort,3,7.183600,0.00,0.00
randomArrays.txt,IterativeQuickSort,1,7.106000,0.00,0.00
randomArrays.txt,IterativeQuickSort,2,11.166900,34.98,0.00
randomArrays.txt,IterativeQuickSort,3,7.272000,53.72,0.00
randomArrays.txt,IterativeQuickSort,1,1.143400,0.00,0.00
randomArrays.txt,IterativeQuickSort,2,1.163000,0.00,0.00
randomArrays.txt,IterativeQuickSort,3,1.149500,0.00,0.00
randomArrays.txt,IterativeQuickSort,1,5.413200,72.16,0.00
randomArrays.txt,IterativeQuickSort,2,2.838000,0.00,0.00
randomArrays.txt,IterativeQuickSort,3,5.422400,0.00,0.00
randomArrays.txt,IterativeQuickSort,1,4.745900,82.31,0.00
randomArrays.txt,IterativeQuickSort,2,4.757600,0.00,0.00
randomArrays.txt,IterativeQuickSort,3,4.725700,0.00,0.00
randomArrays.txt,IterativeQuickSort,1,3.786500,103.16,0.00
randomArrays.txt,IterativeQuickSort,2,3.936700,0.00,0.00
randomArrays.txt,IterativeQuickSort,3,3.180900,0.00,0.00
randomArrays.txt,IterativeQuickSort,1,3.019700,129.36,0.00
randomArrays.txt,IterativeQuickSort,2,3.013600,0.00,0.00
randomArrays.txt,IterativeQuickSort,3,2.080000,0.00,0.00
randomArrays.txt,IterativeQuickSort,1,7.861200,0.00,0.00
randomArrays.txt,IterativeQuickSort,2,3.373400,0.00,0.00
randomArrays.txt,IterativeQuickSort,3,5.138600,76.02,0.00
randomArrays.txt,IterativeQuickSort,1,5.856300,0.00,0.00
randomArrays.txt,IterativeQuickSort,2,5.801300,67.33,0.00
randomArrays.txt,IterativeQuickSort,3,4.177200,0.00,0.00
randomArrays.txt,IterativeQuickSort,1,2.470600,0.00,0.00
randomArrays.txt,IterativeQuickSort,2,2.596300,0.00,0.00
randomArrays.txt,IterativeQuickSort,3,2.461200,158.71,0.00
randomArrays.txt,IterativeQuickSort,1,5.774600,0.00,0.00
randomArrays.txt,IterativeQuickSort,2,5.798700,0.00,0.00
randomArrays.txt,IterativeQuickSort,3,5.753400,67.89,0.00
randomArrays.txt,IterativeQuickSort,1,3.853700,0.00,0.00
randomArrays.txt,IterativeQuickSort,2,3.841500,0.00,0.00
randomArrays.txt,IterativeQuickSort,3,3.874100,0.00,0.00
randomArrays.txt,IterativeQuickSort,1,0.592500,0.00,0.00
randomArrays.txt,IterativeQuickSort,2,0.568400,0.00,0.00
randomArrays.txt,IterativeQuickSort,3,0.820400,0.00,0.00
randomArrays.txt,IterativeQuickSort,1,4.160200,0.00,0.00
randomArrays.txt,IterativeQuickSort,2,3.761000,103.86,0.00
randomArrays.txt,IterativeQuickSort,3,4.229400,0.00,0.00
randomArrays.txt,IterativeQuickSort,1,4.555300,0.00,0.00
randomArrays.txt,IterativeQuickSort,2,4.530900,0.00,0.00
randomArrays.txt,IterativeQuickSort,3,4.533600,86.16,0.00
randomArrays.txt,IterativeQuickSort,1,7.319900,0.00,0.00
randomArrays.txt,IterativeQuickSort,2,7.410500,52.71,0.00
randomArrays.txt,IterativeQuickSort,3,7.399100,0.00,0.00
randomArrays.txt,IterativeQuickSort,1,4.705800,0.00,0.00
randomArrays.txt,IterativeQuickSort,2,5.674800,0.00,0.00
randomArrays.txt,IterativeQuickSort,3,5.738000,68.08,0.00
randomArrays.txt,IterativeQuickSort,1,10.430500,37.45,0.00
randomArrays.txt,IterativeQuickSort,2,11.703400,0.00,0.00
randomArrays.txt,IterativeQuickSort,3,12.394700,31.52,0.00
randomArrays.txt,IterativeQuickSort,1,3.440900,113.52,0.00
randomArrays.txt,IterativeQuickSort,2,6.279800,0.00,0.00
randomArrays.txt,IterativeQuickSort,3,6.237900,0.00,0.00
randomArrays.txt,IterativeQuickSort,1,5.832100,0.00,0.00
randomArrays.txt,IterativeQuickSort,2,5.852900,66.74,0.00
randomArrays.txt,IterativeQuickSort,3,5.908700,0.00,0.00
randomArrays.txt,IterativeQuickSort,1,6.525600,0.00,0.00
randomArrays.txt,IterativeQuickSort,2,7.942700,49.18,0.00
randomArrays.txt,IterativeQuickSort,3,7.918300,0.00,0.00
randomArrays.txt,IterativeQuickSort,1,0.069800,0.00,0.00
randomArrays.txt,IterativeQuickSort,2,0.069800,0.00,0.00
randomArrays.txt,IterativeQuickSort,3,0.074500,0.00,0.00
randomArrays.txt,IterativeQuickSort,1,3.539500,0.00,0.00
randomArrays.txt,IterativeQuickSort,2,3.535800,110.48,0.00
randomArrays.txt,IterativeQuickSort,3,3.545100,0.00,0.00
randomArrays.txt,IterativeQuickSort,1,2.193100,0.00,0.00
randomArrays.txt,IterativeQuickSort,2,2.184000,0.00,0.00
randomArrays.txt,IterativeQuickSort,3,1.716900,0.00,0.00
randomArrays.txt,IterativeQuickSort,1,1.407800,0.00,0.00
randomArrays.txt,IterativeQuickSort,2,1.421600,274.78,0.00
randomArrays.txt,IterativeQuickSort,3,1.404100,0.00,0.00
randomArrays.txt,IterativeQuickSort,1,2.523400,0.00,0.00
randomArrays.txt,IterativeQuickSort,2,2.534300,0.00,0.00
randomArrays.txt,IterativeQuickSort,3,2.547100,0.00,0.00
randomArrays.txt,IterativeQuickSort,1,3.168900,0.00,0.00
randomArrays.txt,IterativeQuickSort,2,3.094100,0.00,0.00
randomArrays.txt,IterativeQuickSort,3,3.174200,123.06,0.00
randomArrays.txt,IterativeQuickSort,1,6.478700,60.29,0.00
randomArrays.txt,IterativeQuickSort,2,4.989300,0.00,0.00
randomArrays.txt,IterativeQuickSort,3,10.006700,39.04,0.00
randomArrays.txt,IterativeQuickSort,1,0.593200,0.00,0.00
randomArrays.txt,IterativeQuickSort,2,0.791200,0.00,0.00
randomArrays.txt,IterativeQuickSort,3,0.500700,0.00,0.00
randomArrays.txt,IterativeQuickSort,1,3.208600,121.74,0.00
randomArrays.txt,IterativeQuickSort,2,3.209900,0.00,0.00
randomArrays.txt,IterativeQuickSort,3,3.242900,0.00,0.00
randomArrays.txt,IterativeQuickSort,1,0.690400,0.00,0.00
randomArrays.txt,IterativeQuickSort,2,0.681900,0.00,0.00
randomArrays.txt,IterativeQuickSort,3,1.040800,0.00,0.00
randomArrays.txt,IterativeQuickSort,1,4.068500,0.00,0.00
randomArrays.txt,IterativeQuickSort,2,4.344800,89.91,0.00
randomArrays.txt,IterativeQuickSort,3,4.003200,0.00,0.00
randomArrays.txt,IterativeQuickSort,1,0.184900,0.00,0.00
randomArrays.txt,IterativeQuickSort,2,0.214100,0.00,0.00
randomArrays.txt,IterativeQuickSort,3,0.148700,0.00,0.00
randomArrays.txt,IterativeQuickSort,1,3.015700,0.00,0.00
randomArrays.txt,IterativeQuickSort,2,3.933100,0.00,0.00
randomArrays.txt,IterativeQuickSort,3,3.949100,98.91,0.00
randomArrays.txt,IterativeQuickSort,1,1.659500,0.00,0.00
randomArrays.txt,IterativeQuickSort,2,1.659300,0.00,0.00
randomArrays.txt,IterativeQuickSort,3,1.792700,0.00,0.00
randomArrays.txt,IterativeQuickSort,1,0.268400,0.00,0.00
randomArrays.txt,IterativeQuickSort,2,0.269400,0.00,0.00
randomArrays.txt,IterativeQuickSort,3,0.275300,0.00,0.00
randomArrays.txt,IterativeQuickSort,1,3.956800,98.72,0.00
randomArrays.txt,IterativeQuickSort,2,3.933500,0.00,0.00
randomArrays.txt,IterativeQuickSort,3,3.942600,0.00,0.00
randomArrays.txt,IterativeQuickSort,1,6.098800,0.00,0.00
randomArrays.txt,IterativeQuickSort,2,5.388100,72.50,0.00
randomArrays.txt,IterativeQuickSort,3,6.098600,0.00,0.00
randomArrays.txt,IterativeQuickSort,1,3.981300,0.00,0.00
randomArrays.txt,IterativeQuickSort,2,5.184800,75.34,0.00
randomArrays.txt,IterativeQuickSort,3,5.208300,0.00,0.00
randomArrays.txt,IterativeQuickSort,1,13.317400,29.33,0.00
randomArrays.txt,IterativeQuickSort,2,13.188900,29.62,0.00
randomArrays.txt,IterativeQuickSort,3,8.414400,0.00,0.00
randomArrays.txt,IterativeQuickSort,1,5.248400,74.43,0.00
randomArrays.txt,IterativeQuickSort,2,5.383700,0.00,0.00
randomArrays.txt,IterativeQuickSort,3,5.242700,0.00,0.00
randomArrays.txt,IterativeQuickSort,1,5.512900,0.00,0.00
randomArrays.txt,IterativeQuickSort,2,7.033400,55.54,0.00
randomArrays.txt,IterativeQuickSort,3,7.702000,0.00,0.00
randomArrays.txt,IterativeQuickSort,1,2.806300,0.00,0.00
randomArrays.txt,IterativeQuickSort,2,1.619200,0.00,0.00
randomArrays.txt,IterativeQuickSort,3,2.195500,0.00,0.00
randomArrays.txt,IterativeQuickSort,1,4.276300,0.00,0.00
randomArrays.txt,IterativeQuickSort,2,4.303900,0.00,0.00
randomArrays.txt,IterativeQuickSort,3,3.468900,112.61,0.00
randomArrays.txt,IterativeQuickSort,1,1.752700,222.87,0.00
randomArrays.txt,IterativeQuickSort,2,2.104200,0.00,0.00
randomArrays.txt,IterativeQuickSort,3,1.626800,0.00,0.00
randomArrays.txt,IterativeQuickSort,1,3.397300,0.00,0.00
randomArrays.txt,IterativeQuickSort,2,4.635000,0.00,0.00
randomArrays.txt,IterativeQuickSort,3,4.549300,85.86,0.00
randomArrays.txt,IterativeQuickSort,1,7.745300,50.43,0.00
randomArrays.txt,IterativeQuickSort,2,7.697100,0.00,0.00
randomArrays.txt,IterativeQuickSort,3,6.380600,61.22,0.00
randomArrays.txt,IterativeQuickSort,1,0.873800,0.00,0.00
randomArrays.txt,IterativeQuickSort,2,0.857300,0.00,0.00
randomArrays.txt,IterativeQuickSort,3,0.850300,0.00,0.00
randomArrays.txt,IterativeQuickSort,1,3.300600,0.00,0.00
randomArrays.txt,IterativeQuickSort,2,3.499700,0.00,0.00
randomArrays.txt,IterativeQuickSort,3,3.491300,111.89,0.00
randomArrays.txt,IterativeQuickSort,1,2.096300,0.00,0.00
randomArrays.txt,IterativeQuickSort,2,1.805700,0.00,0.00
randomArrays.txt,IterativeQuickSort,3,2.526900,154.59,0.00
randomArrays.txt,IterativeQuickSort,1,4.334400,0.00,0.00
randomArrays.txt,IterativeQuickSort,2,10.738800,36.38,0.00
randomArrays.txt,IterativeQuickSort,3,10.799200,36.17,0.00
randomArrays.txt,IterativeQuickSort,1,4.533500,0.00,0.00
randomArrays.txt,IterativeQuickSort,2,4.499300,86.82,0.00
randomArrays.txt,IterativeQuickSort,3,4.507000,0.00,0.00
randomArrays.txt,IterativeQuickSort,1,6.457700,60.49,0.00
randomArrays.txt,IterativeQuickSort,2,6.456600,0.00,0.00
randomArrays.txt,IterativeQuickSort,3,3.233100,0.00,0.00
randomArrays.txt,IterativeQuickSort,1,0.649900,601.05,0.00
randomArrays.txt,IterativeQuickSort,2,0.655300,0.00,0.00
randomArrays.txt,IterativeQuickSort,3,0.645100,0.00,0.00
randomArrays.txt,IterativeQuickSort,1,3.303600,0.00,0.00
randomArrays.txt,IterativeQuickSort,2,3.288200,0.00,0.00
randomArrays.txt,IterativeQuickSort,3,3.309400,118.03,0.00
randomArrays.txt,IterativeQuickSort,1,2.063200,0.00,0.00
randomArrays.txt,IterativeQuickSort,2,3.692300,105.79,0.00
randomArrays.txt,IterativeQuickSort,3,3.680900,0.00,0.00
randomArrays.txt,IterativeQuickSort,1,1.329500,0.00,0.00
randomArrays.txt,IterativeQuickSort,2,1.504000,259.72,0.00
randomArrays.txt,IterativeQuickSort,3,1.371900,0.00,0.00
randomArrays.txt,IterativeQuickSort,1,0.600600,0.00,0.00
randomArrays.txt,IterativeQuickSort,2,0.775300,0.00,0.00
randomArrays.txt,IterativeQuickSort,3,0.462500,0.00,0.00
randomArrays.txt,IterativeQuickSort,1,3.394400,0.00,0.00
randomArrays.txt,IterativeQuickSort,2,4.486200,0.00,0.00
randomArrays.txt,IterativeQuickSort,3,4.497300,0.00,0.00
randomArrays.txt,IterativeQuickSort,1,2.960800,0.00,0.00
randomArrays.txt,IterativeQuickSort,2,2.981400,0.00,0.00
randomArrays.txt,IterativeQuickSort,3,2.958500,0.00,0.00
randomArrays.txt,IterativeQuickSort,1,2.055500,0.00,0.00
randomArrays.txt,IterativeQuickSort,2,2.097400,0.00,0.00
randomArrays.txt,IterativeQuickSort,3,2.069400,0.00,0.00
randomArrays.txt,IterativeQuickSort,1,6.545100,0.00,0.00
randomArrays.txt,IterativeQuickSort,2,6.213500,62.87,0.00
randomArrays.txt,IterativeQuickSort,3,5.620800,0.00,0.00
randomArrays.txt,IterativeQuickSort,1,1.405100,0.00,0.00
randomArrays.txt,IterativeQuickSort,2,1.413400,0.00,0.00
randomArrays.txt,IterativeQuickSort,3,1.064100,0.00,0.00
randomArrays.txt,IterativeQuickSort,1,6.494800,0.00,0.00
randomArrays.txt,IterativeQuickSort,2,18.577900,21.03,0.00
randomArrays.txt,IterativeQuickSort,3,6.493500,0.00,0.00
randomArrays.txt,IterativeQuickSort,1,4.530700,0.00,0.00
randomArrays.txt,IterativeQuickSort,2,7.980900,48.94,0.00
randomArrays.txt,IterativeQuickSort,3,8.157700,0.00,0.00
randomArrays.txt,IterativeQuickSort,1,0.604700,0.00,0.00
randomArrays.txt,IterativeQuickSort,2,0.597900,0.00,0.00
randomArrays.txt,IterativeQuickSort,3,0.417100,0.00,0.00
randomArrays.txt,IterativeQuickSort,1,2.919200,0.00,0.00
randomArrays.txt,IterativeQuickSort,2,5.025800,77.72,0.00
randomArrays.txt,IterativeQuickSort,3,5.052200,0.00,0.00
randomArrays.txt,IterativeQuickSort,1,3.564500,0.00,0.00
randomArrays.txt,IterativeQuickSort,2,3.591900,108.75,0.00
randomArrays.txt,IterativeQuickSort,3,2.295200,0.00,0.00
randomArrays.txt,IterativeQuickSort,1,7.627900,0.00,0.00
randomArrays.txt,IterativeQuickSort,2,7.243100,53.93,0.00
randomArrays.txt,IterativeQuickSort,3,7.242600,0.00,0.00
randomArrays.txt,IterativeQuickSort,1,3.492000,0.00,0.00
randomArrays.txt,IterativeQuickSort,2,3.492000,111.86,0.00
randomArrays.txt,IterativeQuickSort,3,3.524400,0.00,0.00
randomArrays.txt,IterativeQuickSort,1,3.758400,0.00,0.00
randomArrays.txt,IterativeQuickSort,2,3.775200,0.00,0.00
randomArrays.txt,IterativeQuickSort,3,3.691300,105.82,0.00
randomArrays.txt,IterativeQuickSort,1,4.238100,0.00,0.00
randomArrays.txt,IterativeQuickSort,2,4.301500,90.81,0.00
randomArrays.txt,IterativeQuickSort,3,4.365100,0.00,0.00
randomArrays.txt,IterativeQuickSort,1,3.861600,0.00,0.00
randomArrays.txt,IterativeQuickSort,2,3.910600,0.00,0.00
randomArrays.txt,IterativeQuickSort,3,3.850600,101.45,0.00
randomArrays.txt,IterativeQuickSort,1,1.568000,0.00,0.00
randomArrays.txt,IterativeQuickSort,2,1.553700,0.00,0.00
randomArrays.txt,IterativeQuickSort,3,1.561600,0.00,0.00
randomArrays.txt,IterativeQuickSort,1,1.341200,0.00,0.00
randomArrays.txt,IterativeQuickSort,2,1.932000,0.00,0.00
randomArrays.txt,IterativeQuickSort,3,1.883600,0.00,0.00
randomArrays.txt,IterativeQuickSort,1,6.720300,58.13,0.00
randomArrays.txt,IterativeQuickSort,2,5.254100,0.00,0.00
randomArrays.txt,IterativeQuickSort,3,6.747300,57.89,0.00
randomArrays.txt,IterativeQuickSort,1,7.453000,52.41,0.00
randomArrays.txt,IterativeQuickSort,2,5.979600,0.00,0.00
randomArrays.txt,IterativeQuickSort,3,7.375600,52.96,0.00
randomArrays.txt,IterativeQuickSort,1,6.214000,62.86,0.00
randomArrays.txt,IterativeQuickSort,2,8.462500,0.00,0.00
randomArrays.txt,IterativeQuickSort,3,6.809200,57.37,0.00
randomArrays.txt,IterativeQuickSort,1,6.778500,57.63,0.00
randomArrays.txt,IterativeQuickSort,2,4.093200,0.00,0.00
randomArrays.txt,IterativeQuickSort,3,7.630200,51.19,0.00
randomArrays.txt,IterativeQuickSort,1,6.953000,56.18,0.00
randomArrays.txt,IterativeQuickSort,2,7.053400,0.00,0.00
randomArrays.txt,IterativeQuickSort,3,5.475900,71.34,0.00
randomArrays.txt,IterativeQuickSort,1,0.077900,0.00,0.00
randomArrays.txt,IterativeQuickSort,2,0.083000,0.00,0.00
randomArrays.txt,IterativeQuickSort,3,0.075000,0.00,0.00
randomArrays.txt,IterativeQuickSort,1,1.258900,0.00,0.00
randomArrays.txt,IterativeQuickSort,2,1.103400,0.00,0.00
randomArrays.txt,IterativeQuickSort,3,1.100100,0.00,0.00
randomArrays.txt,IterativeQuickSort,1,6.306600,0.00,0.00
randomArrays.txt,IterativeQuickSort,2,6.342700,61.59,0.00
randomArrays.txt,IterativeQuickSort,3,6.259100,0.00,0.00
randomArrays.txt,IterativeQuickSort,1,5.194400,0.00,0.00
randomArrays.txt,IterativeQuickSort,2,5.207500,75.01,0.00
randomArrays.txt,IterativeQuickSort,3,5.241100,0.00,0.00
randomArrays.txt,IterativeQuickSort,1,3.004000,130.03,0.00
randomArrays.txt,IterativeQuickSort,2,4.359300,0.00,0.00
randomArrays.txt,IterativeQuickSort,3,4.376900,0.00,0.00
randomArrays.txt,IterativeQuickSort,1,7.652700,51.04,0.00
randomArrays.txt,IterativeQuickSort,2,5.963000,0.00,0.00
randomArrays.txt,IterativeQuickSort,3,8.139400,47.99,0.00
randomArrays.txt,IterativeQuickSort,1,8.429400,46.34,0.00
randomArrays.txt,IterativeQuickSort,2,3.918600,0.00,0.00
randomArrays.txt,IterativeQuickSort,3,8.025900,48.67,0.00
randomArrays.txt,IterativeQuickSort,1,1.802300,0.00,0.00
randomArrays.txt,IterativeQuickSort,2,1.786000,0.00,0.00
randomArrays.txt,IterativeQuickSort,3,1.788900,0.00,0.00
randomArrays.txt,IterativeQuickSort,1,3.815800,102.37,0.00
randomArrays.txt,IterativeQuickSort,2,3.846100,0.00,0.00
randomArrays.txt,IterativeQuickSort,3,3.825500,0.00,0.00
randomArrays.txt,IterativeQuickSort,1,6.392800,61.10,0.00
randomArrays.txt,IterativeQuickSort,2,6.541600,0.00,0.00
randomArrays.txt,IterativeQuickSort,3,5.092600,0.00,0.00
randomArrays.txt,IterativeQuickSort,1,1.097600,0.00,0.00
randomArrays.txt,IterativeQuickSort,2,1.085500,0.00,0.00
randomArrays.txt,IterativeQuickSort,3,1.129700,0.00,0.00
randomArrays.txt,IterativeQuickSort,1,6.103000,64.01,0.00
randomArrays.txt,IterativeQuickSort,2,4.992500,0.00,0.00
randomArrays.txt,IterativeQuickSort,3,6.120300,0.00,0.00
randomArrays.txt,IterativeQuickSort,1,5.643500,69.22,0.00
randomArrays.txt,IterativeQuickSort,2,7.935100,0.00,0.00
randomArrays.txt,IterativeQuickSort,3,4.996300,78.18,0.00
randomArrays.txt,IterativeQuickSort,1,3.947200,0.00,0.00
randomArrays.txt,IterativeQuickSort,2,3.950700,0.00,0.00
randomArrays.txt,IterativeQuickSort,3,2.116600,0.00,0.00
randomArrays.txt,IterativeQuickSort,1,1.513000,0.00,0.00
randomArrays.txt,IterativeQuickSort,2,1.186500,0.00,0.00
randomArrays.txt,IterativeQuickSort,3,1.305900,0.00,0.00
randomArrays.txt,IterativeQuickSort,1,6.023300,0.00,0.00
randomArrays.txt,IterativeQuickSort,2,6.078300,64.27,0.00
randomArrays.txt,IterativeQuickSort,3,6.034100,0.00,0.00
randomArrays.txt,IterativeQuickSort,1,1.361000,0.00,0.00
randomArrays.txt,IterativeQuickSort,2,1.544400,0.00,0.00
randomArrays.txt,IterativeQuickSort,3,1.370600,0.00,0.00
randomArrays.txt,IterativeQuickSort,1,3.911500,0.00,0.00
randomArrays.txt,IterativeQuickSort,2,3.921800,0.00,0.00
randomArrays.txt,IterativeQuickSort,3,3.869200,0.00,0.00
randomArrays.txt,IterativeQuickSort,1,2.557900,0.00,0.00
randomArrays.txt,IterativeQuickSort,2,2.559300,0.00,0.00
randomArrays.txt,IterativeQuickSort,3,2.527000,154.58,0.00
randomArrays.txt,IterativeQuickSort,1,9.263700,42.17,0.00
randomArrays.txt,IterativeQuickSort,2,8.349700,0.00,0.00
randomArrays.txt,IterativeQuickSort,3,4.763000,82.01,0.00
randomArrays.txt,IterativeQuickSort,1,4.616800,0.00,0.00
randomArrays.txt,IterativeQuickSort,2,4.663500,83.76,0.00
randomArrays.txt,IterativeQuickSort,3,3.258200,0.00,0.00
randomArrays.txt,IterativeQuickSort,1,5.099800,0.00,0.00
randomArrays.txt,IterativeQuickSort,2,5.095700,76.66,0.00
randomArrays.txt,IterativeQuickSort,3,5.116300,0.00,0.00
randomArrays.txt,IterativeQuickSort,1,2.904300,0.00,0.00
randomArrays.txt,IterativeQuickSort,2,6.330500,61.71,0.00
randomArrays.txt,IterativeQuickSort,3,6.318800,0.00,0.00
randomArrays.txt,IterativeQuickSort,1,6.037300,0.00,0.00
randomArrays.txt,IterativeQuickSort,2,6.828100,57.21,0.00
randomArrays.txt,IterativeQuickSort,3,6.907200,0.00,0.00
randomArrays.txt,IterativeQuickSort,1,2.956100,0.00,0.00
randomArrays.txt,IterativeQuickSort,2,2.860100,0.00,0.00
randomArrays.txt,IterativeQuickSort,3,2.045500,190.97,0.00
randomArrays.txt,IterativeQuickSort,1,4.415800,0.00,0.00
randomArrays.txt,IterativeQuickSort,2,4.442900,87.92,0.00
randomArrays.txt,IterativeQuickSort,3,4.464600,0.00,0.00
randomArrays.txt,IterativeQuickSort,1,4.368000,89.43,0.00
randomArrays.txt,IterativeQuickSort,2,5.793100,0.00,0.00
randomArrays.txt,IterativeQuickSort,3,5.668900,0.00,0.00
randomArrays.txt,IterativeQuickSort,1,2.025800,0.00,0.00
randomArrays.txt,IterativeQuickSort,2,1.500400,0.00,0.00
randomArrays.txt,IterativeQuickSort,3,1.504400,0.00,0.00
randomArrays.txt,IterativeQuickSort,1,3.297200,0.00,0.00
randomArrays.txt,IterativeQuickSort,2,4.978700,0.00,0.00
randomArrays.txt,IterativeQuickSort,3,4.942400,79.04,0.00
randomArrays.txt,IterativeQuickSort,1,2.947900,0.00,0.00
randomArrays.txt,IterativeQuickSort,2,5.112100,76.41,0.00
randomArrays.txt,IterativeQuickSort,3,5.078300,0.00,0.00
randomArrays.txt,IterativeQuickSort,1,0.349200,0.00,0.00
randomArrays.txt,IterativeQuickSort,2,0.343200,0.00,0.00
randomArrays.txt,IterativeQuickSort,3,0.345100,0.00,0.00
randomArrays.txt,IterativeQuickSort,1,3.562100,0.00,0.00
randomArrays.txt,IterativeQuickSort,2,3.453300,0.00,0.00
randomArrays.txt,IterativeQuickSort,3,3.482100,0.00,0.00
randomArrays.txt,IterativeQuickSort,1,6.376500,0.00,0.00
randomArrays.txt,IterativeQuickSort,2,5.030300,0.00,0.00
randomArrays.txt,IterativeQuickSort,3,5.183200,0.00,0.00
randomArrays.txt,IterativeQuickSort,1,1.753000,0.00,0.00
randomArrays.txt,IterativeQuickSort,2,1.120600,0.00,0.00
randomArrays.txt,IterativeQuickSort,3,1.132500,0.00,0.00
randomArrays.txt,IterativeQuickSort,1,3.248200,0.00,0.00
randomArrays.txt,IterativeQuickSort,2,3.083700,0.00,0.00
randomArrays.txt,IterativeQuickSort,3,3.094500,0.00,0.00
randomArrays.txt,IterativeQuickSort,1,6.896000,0.00,0.00
randomArrays.txt,IterativeQuickSort,2,3.119200,125.23,0.00
randomArrays.txt,IterativeQuickSort,3,6.927300,0.00,0.00
randomArrays.txt,IterativeQuickSort,1,1.934100,0.00,0.00
randomArrays.txt,IterativeQuickSort,2,1.819000,0.00,0.00
randomArrays.txt,IterativeQuickSort,3,1.504200,0.00,0.00
randomArrays.txt,IterativeQuickSort,1,1.815700,0.00,0.00
randomArrays.txt,IterativeQuickSort,2,1.966000,0.00,0.00
randomArrays.txt,IterativeQuickSort,3,2.987800,0.00,0.00
randomArrays.txt,IterativeQuickSort,1,1.636600,238.68,0.00
randomArrays.txt,IterativeQuickSort,2,1.249400,0.00,0.00
randomArrays.txt,IterativeQuickSort,3,1.483400,0.00,0.00
randomArrays.txt,IterativeQuickSort,1,4.635100,84.28,0.00
randomArrays.txt,IterativeQuickSort,2,4.621200,0.00,0.00
randomArrays.txt,IterativeQuickSort,3,3.189100,0.00,0.00
randomArrays.txt,IterativeQuickSort,1,0.170000,0.00,0.00
randomArrays.txt,IterativeQuickSort,2,0.299600,0.00,0.00
randomArrays.txt,IterativeQuickSort,3,0.471800,0.00,0.00
randomArrays.txt,IterativeQuickSort,1,4.384500,0.00,0.00
randomArrays.txt,IterativeQuickSort,2,4.416700,88.44,0.00
randomArrays.txt,IterativeQuickSort,3,4.249700,0.00,0.00
randomArrays.txt,IterativeQuickSort,1,3.635200,0.00,0.00
randomArrays.txt,IterativeQuickSort,2,3.403800,0.00,0.00
randomArrays.txt,IterativeQuickSort,3,3.860800,0.00,0.00
randomArrays.txt,IterativeQuickSort,1,5.428600,71.96,0.00
randomArrays.txt,IterativeQuickSort,2,4.763200,0.00,0.00
randomArrays.txt,IterativeQuickSort,3,6.078600,0.00,0.00
randomArrays.txt,IterativeQuickSort,1,4.690800,0.00,0.00
randomArrays.txt,IterativeQuickSort,2,5.827600,0.00,0.00
randomArrays.txt,IterativeQuickSort,3,5.139400,0.00,0.00
randomArrays.txt,IterativeQuickSort,1,6.187700,0.00,0.00
randomArrays.txt,IterativeQuickSort,2,6.282900,62.17,0.00
randomArrays.txt,IterativeQuickSort,3,4.846500,0.00,0.00
randomArrays.txt,IterativeQuickSort,1,5.507400,0.00,0.00
randomArrays.txt,IterativeQuickSort,2,4.791900,0.00,0.00
randomArrays.txt,IterativeQuickSort,3,5.552300,70.35,0.00
randomArrays.txt,IterativeQuickSort,1,1.429300,0.00,0.00
randomArrays.txt,IterativeQuickSort,2,1.406400,0.00,0.00
randomArrays.txt,IterativeQuickSort,3,1.432600,0.00,0.00
randomArrays.txt,IterativeQuickSort,1,2.404000,0.00,0.00
randomArrays.txt,IterativeQuickSort,2,2.398800,0.00,0.00
randomArrays.txt,IterativeQuickSort,3,1.684200,0.00,0.00
randomArrays.txt,IterativeQuickSort,1,6.730400,0.00,0.00
randomArrays.txt,IterativeQuickSort,2,6.783800,57.58,0.00
randomArrays.txt,IterativeQuickSort,3,4.451500,0.00,0.00
randomArrays.txt,IterativeQuickSort,1,18.127000,21.55,0.00
randomArrays.txt,IterativeQuickSort,2,17.601800,22.19,0.00
randomArrays.txt,IterativeQuickSort,3,15.220200,25.66,0.00
randomArrays.txt,IterativeQuickSort,1,4.268000,0.00,0.00
randomArrays.txt,IterativeQuickSort,2,4.375600,0.00,0.00
randomArrays.txt,IterativeQuickSort,3,4.391600,88.95,0.00
randomArrays.txt,IterativeQuickSort,1,3.210600,0.00,0.00
randomArrays.txt,IterativeQuickSort,2,2.152900,0.00,0.00
randomArrays.txt,IterativeQuickSort,3,3.190700,122.43,0.00
randomArrays.txt,IterativeQuickSort,1,1.107600,0.00,0.00
randomArrays.txt,IterativeQuickSort,2,1.220300,0.00,0.00
randomArrays.txt,IterativeQuickSort,3,1.104400,0.00,0.00
randomArrays.txt,IterativeQuickSort,1,5.851300,0.00,0.00
randomArrays.txt,IterativeQuickSort,2,7.081200,0.00,0.00
randomArrays.txt,IterativeQuickSort,3,6.999000,55.81,0.00
randomArrays.txt,IterativeQuickSort,1,5.125800,76.21,0.00
randomArrays.txt,IterativeQuickSort,2,5.113900,0.00,0.00
randomArrays.txt,IterativeQuickSort,3,3.842400,0.00,0.00
randomArrays.txt,IterativeQuickSort,1,0.079700,0.00,0.00
randomArrays.txt,IterativeQuickSort,2,0.084900,0.00,0.00
randomArrays.txt,IterativeQuickSort,3,0.060700,0.00,0.00
randomArrays.txt,IterativeQuickSort,1,3.610900,0.00,0.00
randomArrays.txt,IterativeQuickSort,2,3.643100,0.00,0.00
randomArrays.txt,IterativeQuickSort,3,3.601800,0.00,0.00
randomArrays.txt,IterativeQuickSort,1,1.679100,0.00,0.00
randomArrays.txt,IterativeQuickSort,2,1.701200,0.00,0.00
randomArrays.txt,IterativeQuickSort,3,1.750500,0.00,0.00
randomArrays.txt,IterativeQuickSort,1,1.708500,0.00,0.00
randomArrays.txt,IterativeQuickSort,2,1.705100,0.00,0.00
randomArrays.txt,IterativeQuickSort,3,1.710300,0.00,0.00
randomArrays.txt,IterativeQuickSort,1,1.087400,0.00,0.00
randomArrays.txt,IterativeQuickSort,2,1.825300,0.00,0.00
randomArrays.txt,IterativeQuickSort,3,2.455000,0.00,0.00
randomArrays.txt,IterativeQuickSort,1,2.340400,0.00,0.00
randomArrays.txt,IterativeQuickSort,2,1.507200,0.00,0.00
randomArrays.txt,IterativeQuickSort,3,2.100600,0.00,0.00
randomArrays.txt,IterativeQuickSort,1,1.629900,0.00,0.00
randomArrays.txt,IterativeQuickSort,2,1.624200,0.00,0.00
randomArrays.txt,IterativeQuickSort,3,1.625700,0.00,0.00
randomArrays.txt,IterativeQuickSort,1,1.455600,0.00,0.00
randomArrays.txt,IterativeQuickSort,2,1.694000,0.00,0.00
randomArrays.txt,IterativeQuickSort,3,1.184900,0.00,0.00
randomArrays.txt,IterativeQuickSort,1,13.289300,0.00,0.00
randomArrays.txt,IterativeQuickSort,2,7.723300,0.00,0.00
randomArrays.txt,IterativeQuickSort,3,9.405100,41.53,0.00
randomArrays.txt,IterativeQuickSort,1,6.185000,63.16,0.00
randomArrays.txt,IterativeQuickSort,2,8.264000,0.00,0.00
randomArrays.txt,IterativeQuickSort,3,4.882400,80.01,0.00
randomArrays.txt,IterativeQuickSort,1,2.324000,0.00,0.00
randomArrays.txt,IterativeQuickSort,2,2.329400,0.00,0.00
randomArrays.txt,IterativeQuickSort,3,3.980500,0.00,0.00
randomArrays.txt,IterativeQuickSort,1,4.031600,0.00,0.00
randomArrays.txt,IterativeQuickSort,2,4.061300,0.00,0.00
randomArrays.txt,IterativeQuickSort,3,4.215600,0.00,0.00
randomArrays.txt,IterativeQuickSort,1,6.601700,0.00,0.00
randomArrays.txt,IterativeQuickSort,2,8.039200,48.59,0.00
randomArrays.txt,IterativeQuickSort,3,6.546700,0.00,0.00
randomArrays.txt,IterativeQuickSort,1,2.279000,0.00,0.00
randomArrays.txt,IterativeQuickSort,2,2.472900,0.00,0.00
randomArrays.txt,IterativeQuickSort,3,1.654900,0.00,0.00
randomArrays.txt,IterativeQuickSort,1,3.279600,0.00,0.00
randomArrays.txt,IterativeQuickSort,2,9.851900,39.65,0.00
randomArrays.txt,IterativeQuickSort,3,10.107600,38.65,0.00
randomArrays.txt,IterativeQuickSort,1,3.939100,0.00,0.00
randomArrays.txt,IterativeQuickSort,2,7.704500,0.00,0.00
randomArrays.txt,IterativeQuickSort,3,7.513600,51.99,0.00
randomArrays.txt,IterativeQuickSort,1,3.180000,0.00,0.00
randomArrays.txt,IterativeQuickSort,2,2.086200,0.00,0.00
randomArrays.txt,IterativeQuickSort,3,3.195300,122.25,0.00
randomArrays.txt,IterativeQuickSort,1,5.743700,0.00,0.00
randomArrays.txt,IterativeQuickSort,2,3.066800,0.00,0.00
randomArrays.txt,IterativeQuickSort,3,5.798300,67.37,0.00
randomArrays.txt,IterativeQuickSort,1,0.459500,0.00,0.00
randomArrays.txt,IterativeQuickSort,2,0.368300,0.00,0.00
randomArrays.txt,IterativeQuickSort,3,0.392700,0.00,0.00
randomArrays.txt,IterativeQuickSort,1,3.336500,0.00,0.00
randomArrays.txt,IterativeQuickSort,2,6.133100,63.69,0.00
randomArrays.txt,IterativeQuickSort,3,6.057700,0.00,0.00
randomArrays.txt,IterativeQuickSort,1,4.375600,0.00,0.00
randomArrays.txt,IterativeQuickSort,2,2.913200,0.00,0.00
randomArrays.txt,IterativeQuickSort,3,4.403400,0.00,0.00
randomArrays.txt,IterativeQuickSort,1,6.060900,64.45,0.00
randomArrays.txt,IterativeQuickSort,2,4.684900,0.00,0.00
randomArrays.txt,IterativeQuickSort,3,6.049900,64.57,0.00
randomArrays.txt,IterativeQuickSort,1,3.237400,0.00,0.00
randomArrays.txt,IterativeQuickSort,2,5.973100,65.40,0.00
randomArrays.txt,IterativeQuickSort,3,4.521700,0.00,0.00
randomArrays.txt,IterativeQuickSort,1,1.551600,0.00,0.00
randomArrays.txt,IterativeQuickSort,2,1.544100,252.98,0.00
randomArrays.txt,IterativeQuickSort,3,1.538900,0.00,0.00
randomArrays.txt,IterativeQuickSort,1,6.353300,61.48,0.00
randomArrays.txt,IterativeQuickSort,2,8.822200,0.00,0.00
randomArrays.txt,IterativeQuickSort,3,6.839200,57.12,0.00
randomArrays.txt,IterativeQuickSort,1,1.716600,0.00,0.00
randomArrays.txt,IterativeQuickSort,2,1.749800,0.00,0.00
randomArrays.txt,IterativeQuickSort,3,1.389800,0.00,0.00
randomArrays.txt,IterativeQuickSort,1,4.934300,79.17,0.00
randomArrays.txt,IterativeQuickSort,2,2.250300,0.00,0.00
randomArrays.txt,IterativeQuickSort,3,2.245700,0.00,0.00
randomArrays.txt,IterativeQuickSort,1,3.917100,0.00,0.00
randomArrays.txt,IterativeQuickSort,2,3.864100,0.00,0.00
randomArrays.txt,IterativeQuickSort,3,3.917600,99.71,0.00
randomArrays.txt,IterativeQuickSort,1,1.014500,0.00,0.00
randomArrays.txt,IterativeQuickSort,2,0.970200,0.00,0.00
randomArrays.txt,IterativeQuickSort,3,1.013900,0.00,0.00
randomArrays.txt,IterativeQuickSort,1,8.383600,0.00,0.00
randomArrays.txt,IterativeQuickSort,2,8.350100,46.78,0.00
randomArrays.txt,IterativeQuickSort,3,8.460800,0.00,0.00
randomArrays.txt,IterativeQuickSort,1,1.210500,0.00,0.00
randomArrays.txt,IterativeQuickSort,2,1.218600,0.00,0.00
randomArrays.txt,IterativeQuickSort,3,1.319300,0.00,0.00
randomArrays.txt,IterativeQuickSort,1,1.560100,0.00,0.00
randomArrays.txt,IterativeQuickSort,2,1.558900,0.00,0.00
randomArrays.txt,IterativeQuickSort,3,1.561000,0.00,0.00
randomArrays.txt,IterativeQuickSort,1,3.411600,0.00,0.00
randomArrays.txt,IterativeQuickSort,2,3.400300,114.88,0.00
randomArrays.txt,IterativeQuickSort,3,3.392400,0.00,0.00
randomArrays.txt,IterativeQuickSort,1,1.345300,0.00,0.00
randomArrays.txt,IterativeQuickSort,2,1.568300,0.00,0.00
randomArrays.txt,IterativeQuickSort,3,1.345900,0.00,0.00
randomArrays.txt,IterativeQuickSort,1,0.175300,0.00,0.00
randomArrays.txt,IterativeQuickSort,2,0.119800,0.00,0.00
randomArrays.txt,IterativeQuickSort,3,0.138600,0.00,0.00
randomArrays.txt,IterativeQuickSort,1,0.926600,0.00,0.00
randomArrays.txt,IterativeQuickSort,2,0.932800,0.00,0.00
randomArrays.txt,IterativeQuickSort,3,1.225200,0.00,0.00
randomArrays.txt,IterativeQuickSort,1,4.506800,0.00,0.00
randomArrays.txt,IterativeQuickSort,2,3.255700,119.98,0.00
randomArrays.txt,IterativeQuickSort,3,4.596600,0.00,0.00
randomArrays.txt,IterativeQuickSort,1,5.934800,65.82,0.00
randomArrays.txt,IterativeQuickSort,2,4.506600,0.00,0.00
randomArrays.txt,IterativeQuickSort,3,5.782300,0.00,0.00
randomArrays.txt,IterativeQuickSort,1,0.321900,0.00,0.00
randomArrays.txt,IterativeQuickSort,2,0.315000,0.00,0.00
randomArrays.txt,IterativeQuickSort,3,0.311100,0.00,0.00
randomArrays.txt,IterativeQuickSort,1,0.059200,0.00,0.00
randomArrays.txt,IterativeQuickSort,2,0.038200,0.00,0.00
randomArrays.txt,IterativeQuickSort,3,0.045500,0.00,0.00
randomArrays.txt,IterativeQuickSort,1,1.584100,0.00,0.00
randomArrays.txt,IterativeQuickSort,2,3.110000,125.60,0.00
randomArrays.txt,IterativeQuickSort,3,3.400300,0.00,0.00
randomArrays.txt,IterativeQuickSort,1,2.205100,177.15,0.00
randomArrays.txt,IterativeQuickSort,2,1.261900,0.00,0.00
randomArrays.txt,IterativeQuickSort,3,1.323300,0.00,0.00
randomArrays.txt,IterativeQuickSort,1,14.068800,27.77,0.00
randomArrays.txt,IterativeQuickSort,2,8.843500,44.17,0.00
randomArrays.txt,IterativeQuickSort,3,9.228100,0.00,0.00
randomArrays.txt,IterativeQuickSort,1,0.334400,0.00,0.00
randomArrays.txt,IterativeQuickSort,2,0.259100,0.00,0.00
randomArrays.txt,IterativeQuickSort,3,0.236700,0.00,0.00
randomArrays.txt,IterativeQuickSort,1,5.907500,66.12,0.00
randomArrays.txt,IterativeQuickSort,2,5.883800,0.00,0.00
randomArrays.txt,IterativeQuickSort,3,5.875700,66.48,0.00
randomArrays.txt,IterativeQuickSort,1,8.583500,45.51,0.00
randomArrays.txt,IterativeQuickSort,2,3.440000,0.00,0.00
randomArrays.txt,IterativeQuickSort,3,2.732700,0.00,0.00
randomArrays.txt,IterativeQuickSort,1,1.393100,0.00,0.00
randomArrays.txt,IterativeQuickSort,2,1.155000,0.00,0.00
randomArrays.txt,IterativeQuickSort,3,1.145600,0.00,0.00
randomArrays.txt,IterativeQuickSort,1,5.716200,0.00,0.00
randomArrays.txt,IterativeQuickSort,2,5.702300,0.00,0.00
randomArrays.txt,IterativeQuickSort,3,4.977500,0.00,0.00
randomArrays.txt,IterativeQuickSort,1,4.592900,85.05,0.00
randomArrays.txt,IterativeQuickSort,2,8.302800,0.00,0.00
randomArrays.txt,IterativeQuickSort,3,7.981200,48.94,0.00
randomArrays.txt,IterativeQuickSort,1,0.694700,0.00,0.00
randomArrays.txt,IterativeQuickSort,2,0.686300,0.00,0.00
randomArrays.txt,IterativeQuickSort,3,1.158200,337.27,0.00
randomArrays.txt,IterativeQuickSort,1,0.154800,0.00,0.00
randomArrays.txt,IterativeQuickSort,2,0.150900,0.00,0.00
randomArrays.txt,IterativeQuickSort,3,0.139000,0.00,0.00
randomArrays.txt,IterativeQuickSort,1,5.268800,0.00,0.00
randomArrays.txt,IterativeQuickSort,2,9.385300,41.62,0.00
randomArrays.txt,IterativeQuickSort,3,9.659900,40.44,0.00
randomArrays.txt,IterativeQuickSort,1,2.218600,0.00,0.00
randomArrays.txt,IterativeQuickSort,2,2.233200,0.00,0.00
randomArrays.txt,IterativeQuickSort,3,2.222900,0.00,0.00
randomArrays.txt,IterativeQuickSort,1,1.194600,0.00,0.00
randomArrays.txt,IterativeQuickSort,2,1.185100,0.00,0.00
randomArrays.txt,IterativeQuickSort,3,1.182800,0.00,0.00
randomArrays.txt,IterativeQuickSort,1,1.303200,0.00,0.00
randomArrays.txt,IterativeQuickSort,2,1.306400,0.00,0.00
randomArrays.txt,IterativeQuickSort,3,1.313400,0.00,0.00
randomArrays.txt,IterativeQuickSort,1,6.969000,0.00,0.00
randomArrays.txt,IterativeQuickSort,2,5.662600,0.00,0.00
randomArrays.txt,IterativeQuickSort,3,14.162200,0.00,0.00
randomArrays.txt,IterativeQuickSort,1,2.194700,0.00,0.00
randomArrays.txt,IterativeQuickSort,2,2.050700,0.00,0.00
randomArrays.txt,IterativeQuickSort,3,1.492900,0.00,0.00
randomArrays.txt,IterativeQuickSort,1,3.840900,0.00,0.00
randomArrays.txt,IterativeQuickSort,2,3.916700,0.00,0.00
randomArrays.txt,IterativeQuickSort,3,3.574600,109.28,0.00
randomArrays.txt,IterativeQuickSort,1,1.397300,0.00,0.00
randomArrays.txt,IterativeQuickSort,2,1.332100,293.24,0.00
randomArrays.txt,IterativeQuickSort,3,1.034600,0.00,0.00
randomArrays.txt,IterativeQuickSort,1,8.394000,46.54,0.00
randomArrays.txt,IterativeQuickSort,2,8.293700,0.00,0.00
randomArrays.txt,IterativeQuickSort,3,4.564500,85.58,0.00
randomArrays.txt,IterativeQuickSort,1,7.648500,51.07,0.00
randomArrays.txt,IterativeQuickSort,2,7.643000,0.00,0.00
randomArrays.txt,IterativeQuickSort,3,7.685200,50.83,0.00
randomArrays.txt,IterativeQuickSort,1,1.554900,0.00,0.00
randomArrays.txt,IterativeQuickSort,2,1.820100,0.00,0.00
randomArrays.txt,IterativeQuickSort,3,1.398100,279.40,0.00
randomArrays.txt,IterativeQuickSort,1,6.187700,63.13,0.00
randomArrays.txt,IterativeQuickSort,2,6.401800,0.00,0.00
randomArrays.txt,IterativeQuickSort,3,6.368400,61.34,0.00
randomArrays.txt,IterativeQuickSort,1,2.558700,0.00,0.00
randomArrays.txt,IterativeQuickSort,2,2.551400,0.00,0.00
randomArrays.txt,IterativeQuickSort,3,2.561700,0.00,0.00
randomArrays.txt,IterativeQuickSort,1,4.212900,92.72,0.00
randomArrays.txt,IterativeQuickSort,2,7.085500,0.00,0.00
randomArrays.txt,IterativeQuickSort,3,8.672500,45.04,0.00
randomArrays.txt,IterativeQuickSort,1,1.271700,0.00,0.00
randomArrays.txt,IterativeQuickSort,2,1.265200,0.00,0.00
randomArrays.txt,IterativeQuickSort,3,1.274900,0.00,0.00
randomArrays.txt,IterativeQuickSort,1,2.313100,168.88,0.00
randomArrays.txt,IterativeQuickSort,2,2.309100,0.00,0.00
randomArrays.txt,IterativeQuickSort,3,2.321900,0.00,0.00
randomArrays.txt,IterativeQuickSort,1,4.171600,93.64,0.00
randomArrays.txt,IterativeQuickSort,2,2.121200,0.00,0.00
randomArrays.txt,IterativeQuickSort,3,2.117800,0.00,0.00
randomArrays.txt,IterativeQuickSort,1,1.278900,0.00,0.00
randomArrays.txt,IterativeQuickSort,2,1.234100,0.00,0.00
randomArrays.txt,IterativeQuickSort,3,1.153200,338.73,0.00
randomArrays.txt,IterativeQuickSort,1,6.119100,63.84,0.00
randomArrays.txt,IterativeQuickSort,2,3.513400,0.00,0.00
randomArrays.txt,IterativeQuickSort,3,6.086800,0.00,0.00
randomArrays.txt,IterativeQuickSort,1,5.295800,0.00,0.00
randomArrays.txt,IterativeQuickSort,2,7.862900,49.68,0.00
randomArrays.txt,IterativeQuickSort,3,4.124400,0.00,0.00
randomArrays.txt,IterativeQuickSort,1,1.030300,0.00,0.00
randomArrays.txt,IterativeQuickSort,2,1.362100,0.00,0.00
randomArrays.txt,IterativeQuickSort,3,1.926900,0.00,0.00
randomArrays.txt,IterativeQuickSort,1,3.462200,0.00,0.00
randomArrays.txt,IterativeQuickSort,2,3.495300,0.00,0.00
randomArrays.txt,IterativeQuickSort,3,3.453700,113.10,0.00
randomArrays.txt,IterativeQuickSort,1,1.328800,0.00,0.00
randomArrays.txt,IterativeQuickSort,2,1.118300,0.00,0.00
randomArrays.txt,IterativeQuickSort,3,1.283600,0.00,0.00
randomArrays.txt,IterativeQuickSort,1,6.924300,0.00,0.00
randomArrays.txt,IterativeQuickSort,2,6.900300,56.61,0.00
randomArrays.txt,IterativeQuickSort,3,6.914800,0.00,0.00
randomArrays.txt,IterativeQuickSort,1,0.614600,0.00,0.00
randomArrays.txt,IterativeQuickSort,2,0.619100,0.00,0.00
randomArrays.txt,IterativeQuickSort,3,0.812100,0.00,0.00
randomArrays.txt,IterativeQuickSort,1,1.007900,0.00,0.00
randomArrays.txt,IterativeQuickSort,2,0.987300,0.00,0.00
randomArrays.txt,IterativeQuickSort,3,1.063600,0.00,0.00
randomArrays.txt,IterativeQuickSort,1,6.616100,59.04,0.00
randomArrays.txt,IterativeQuickSort,2,6.080300,0.00,0.00
randomArrays.txt,IterativeQuickSort,3,6.567500,0.00,0.00
randomArrays.txt,IterativeQuickSort,1,3.907700,0.00,0.00
randomArrays.txt,IterativeQuickSort,2,3.892500,0.00,0.00
randomArrays.txt,IterativeQuickSort,3,3.904700,100.04,0.00
randomArrays.txt,IterativeQuickSort,1,1.271700,0.00,0.00
randomArrays.txt,IterativeQuickSort,2,1.271100,0.00,0.00
randomArrays.txt,IterativeQuickSort,3,1.767400,0.00,0.00
randomArrays.txt,IterativeQuickSort,1,2.998700,0.00,0.00
randomArrays.txt,IterativeQuickSort,2,6.104200,0.00,0.00
randomArrays.txt,IterativeQuickSort,3,6.161900,63.39,0.00
randomArrays.txt,IterativeQuickSort,1,6.913400,0.00,0.00
randomArrays.txt,IterativeQuickSort,2,6.852300,57.01,0.00
randomArrays.txt,IterativeQuickSort,3,6.978300,0.00,0.00
randomArrays.txt,IterativeQuickSort,1,0.981900,0.00,0.00
randomArrays.txt,IterativeQuickSort,2,1.151300,0.00,0.00
randomArrays.txt,IterativeQuickSort,3,1.383100,282.43,0.00
randomArrays.txt,IterativeQuickSort,1,0.199800,0.00,0.00
randomArrays.txt,IterativeQuickSort,2,0.184100,0.00,0.00
randomArrays.txt,IterativeQuickSort,3,0.404400,0.00,0.00
randomArrays.txt,IterativeQuickSort,1,2.952000,0.00,0.00
randomArrays.txt,IterativeQuickSort,2,2.943900,132.69,0.00
randomArrays.txt,IterativeQuickSort,3,2.936300,0.00,0.00
randomArrays.txt,IterativeQuickSort,1,3.597700,0.00,0.00
randomArrays.txt,IterativeQuickSort,2,3.589900,108.81,0.00
randomArrays.txt,IterativeQuickSort,3,2.491300,0.00,0.00
randomArrays.txt,IterativeQuickSort,1,4.056200,96.30,0.00
randomArrays.txt,IterativeQuickSort,2,7.923600,0.00,0.00
randomArrays.txt,IterativeQuickSort,3,6.200800,63.00,0.00
randomArrays.txt,IterativeQuickSort,1,2.524900,0.00,0.00
randomArrays.txt,IterativeQuickSort,2,5.426200,0.00,0.00
randomArrays.txt,IterativeQuickSort,3,3.027900,0.00,0.00
randomArrays.txt,IterativeQuickSort,1,3.215700,0.00,0.00
randomArrays.txt,IterativeQuickSort,2,5.054100,0.00,0.00
randomArrays.txt,IterativeQuickSort,3,3.553000,0.00,0.00
randomArrays.txt,IterativeQuickSort,1,2.242900,174.16,0.00
randomArrays.txt,IterativeQuickSort,2,2.487000,0.00,0.00
randomArrays.txt,IterativeQuickSort,3,0.685400,0.00,0.00
randomArrays.txt,IterativeQuickSort,1,7.991600,0.00,0.00
randomArrays.txt,IterativeQuickSort,2,8.049100,48.53,0.00
randomArrays.txt,IterativeQuickSort,3,7.959800,0.00,0.00
randomArrays.txt,IterativeQuickSort,1,7.094200,55.06,0.00
randomArrays.txt,IterativeQuickSort,2,6.430200,0.00,0.00
randomArrays.txt,IterativeQuickSort,3,7.055500,55.36,0.00
randomArrays.txt,IterativeQuickSort,1,5.236900,74.59,0.00
randomArrays.txt,IterativeQuickSort,2,3.994500,0.00,0.00
randomArrays.txt,IterativeQuickSort,3,5.492500,0.00,0.00
randomArrays.txt,IterativeQuickSort,1,6.093800,64.10,0.00
randomArrays.txt,IterativeQuickSort,2,6.329300,0.00,0.00
randomArrays.txt,IterativeQuickSort,3,6.063800,0.00,0.00
randomArrays.txt,IterativeQuickSort,1,5.035800,0.00,0.00
randomArrays.txt,IterativeQuickSort,2,5.045300,77.42,0.00
randomArrays.txt,IterativeQuickSort,3,5.008300,0.00,0.00
randomArrays.txt,IterativeQuickSort,1,6.699100,0.00,0.00
randomArrays.txt,IterativeQuickSort,2,4.931900,0.00,0.00
randomArrays.txt,IterativeQuickSort,3,5.781200,67.57,0.00
randomArrays.txt,IterativeQuickSort,1,5.966200,0.00,0.00
randomArrays.txt,IterativeQuickSort,2,13.274700,29.43,0.00
randomArrays.txt,IterativeQuickSort,3,6.476400,0.00,0.00
randomArrays.txt,IterativeQuickSort,1,1.352300,0.00,0.00
randomArrays.txt,IterativeQuickSort,2,1.615700,0.00,0.00
randomArrays.txt,IterativeQuickSort,3,1.208700,0.00,0.00
randomArrays.txt,IterativeQuickSort,1,3.716500,105.11,0.00
randomArrays.txt,IterativeQuickSort,2,3.658800,0.00,0.00
randomArrays.txt,IterativeQuickSort,3,3.640500,0.00,0.00
randomArrays.txt,IterativeQuickSort,1,2.638500,0.00,0.00
randomArrays.txt,IterativeQuickSort,2,2.780300,0.00,0.00
randomArrays.txt,IterativeQuickSort,3,2.103500,0.00,0.00
randomArrays.txt,IterativeQuickSort,1,5.442500,0.00,0.00
randomArrays.txt,IterativeQuickSort,2,5.452200,71.65,0.00
randomArrays.txt,IterativeQuickSort,3,5.544500,0.00,0.00
randomArrays.txt,IterativeQuickSort,1,7.300900,0.00,0.00
randomArrays.txt,IterativeQuickSort,2,5.228000,0.00,0.00
randomArrays.txt,IterativeQuickSort,3,6.676500,0.00,0.00
randomArrays.txt,IterativeQuickSort,1,8.513900,45.88,0.00
randomArrays.txt,IterativeQuickSort,2,5.173700,0.00,0.00
randomArrays.txt,IterativeQuickSort,3,8.319700,46.95,0.00
randomArrays.txt,IterativeQuickSort,1,1.972500,0.00,0.00
randomArrays.txt,IterativeQuickSort,2,2.167300,180.24,0.00
randomArrays.txt,IterativeQuickSort,3,2.259800,0.00,0.00
randomArrays.txt,IterativeQuickSort,1,2.599600,150.26,0.00
randomArrays.txt,IterativeQuickSort,2,4.013500,0.00,0.00
randomArrays.txt,IterativeQuickSort,3,3.993000,0.00,0.00
randomArrays.txt,IterativeQuickSort,1,3.736700,0.00,0.00
randomArrays.txt,IterativeQuickSort,2,7.687400,50.81,0.00
randomArrays.txt,IterativeQuickSort,3,6.941000,0.00,0.00
randomArrays.txt,IterativeQuickSort,1,11.359600,34.39,0.00
randomArrays.txt,IterativeQuickSort,2,4.625700,0.00,0.00
randomArrays.txt,IterativeQuickSort,3,12.967100,0.00,0.00
randomArrays.txt,IterativeQuickSort,1,1.971500,0.00,0.00
randomArrays.txt,IterativeQuickSort,2,2.032400,0.00,0.00
randomArrays.txt,IterativeQuickSort,3,2.497400,0.00,0.00
randomArrays.txt,IterativeQuickSort,1,9.609100,40.65,0.00
randomArrays.txt,IterativeQuickSort,2,5.698800,0.00,0.00
randomArrays.txt,IterativeQuickSort,3,8.623600,45.30,0.00
randomArrays.txt,IterativeQuickSort,1,1.125900,0.00,0.00
randomArrays.txt,IterativeQuickSort,2,0.623400,0.00,0.00
randomArrays.txt,IterativeQuickSort,3,0.783300,0.00,0.00
randomArrays.txt,IterativeQuickSort,1,1.494100,0.00,0.00
randomArrays.txt,IterativeQuickSort,2,1.493300,0.00,0.00
randomArrays.txt,IterativeQuickSort,3,1.502900,0.00,0.00
randomArrays.txt,IterativeQuickSort,1,3.003700,0.00,0.00
randomArrays.txt,IterativeQuickSort,2,2.995500,0.00,0.00
randomArrays.txt,IterativeQuickSort,3,3.008600,0.00,0.00
randomArrays.txt,IterativeQuickSort,1,3.548000,0.00,0.00
randomArrays.txt,IterativeQuickSort,2,6.640500,0.00,0.00
randomArrays.txt,IterativeQuickSort,3,6.609900,0.00,0.00
randomArrays.txt,IterativeQuickSort,1,0.592300,0.00,0.00
randomArrays.txt,IterativeQuickSort,2,0.586700,0.00,0.00
randomArrays.txt,IterativeQuickSort,3,0.605900,0.00,0.00
randomArrays.txt,IterativeQuickSort,1,7.467900,52.31,0.00
randomArrays.txt,IterativeQuickSort,2,5.904400,0.00,0.00
randomArrays.txt,IterativeQuickSort,3,7.378400,0.00,0.00
