dataset,run,arraylength,time,cputime,memory
randomArrays.txt,1,469,0.003372,0.015625,0.00
randomArrays.txt,2,469,0.003386,0.000000,0.00
randomArrays.txt,3,469,0.003396,0.000000,0.00
randomArrays.txt,1,783,0.008088,0.000000,0.00
randomArrays.txt,2,783,0.014342,0.015625,0.00
randomArrays.txt,3,783,0.016066,0.015625,0.00
randomArrays.txt,1,464,0.003764,0.000000,0.00
randomArrays.txt,2,464,0.003726,0.015625,0.00
randomArrays.txt,3,464,0.003753,0.000000,0.00
randomArrays.txt,1,267,0.001828,0.000000,0.00
randomArrays.txt,2,267,0.001815,0.000000,0.00
randomArrays.txt,3,267,0.001536,0.000000,0.00
randomArrays.txt,1,828,0.006726,0.000000,0.00
randomArrays.txt,2,828,0.006596,0.015625,0.00
randomArrays.txt,3,828,0.004900,0.000000,0.00
randomArrays.txt,1,607,0.004638,0.015625,0.00
randomArrays.txt,2,607,0.004661,0.000000,0.00
randomArrays.txt,3,607,0.004879,0.000000,0.00
randomArrays.txt,1,319,0.001807,0.000000,0.00
randomArrays.txt,2,319,0.002013,0.000000,0.00
randomArrays.txt,3,319,0.002010,0.000000,0.00
randomArrays.txt,1,431,0.001702,0.000000,0.00
randomArrays.txt,2,431,0.003214,0.000000,0.00
randomArrays.txt,3,431,0.003247,0.000000,0.00
randomArrays.txt,1,941,0.006710,0.000000,0.00
randomArrays.txt,2,941,0.008138,0.015625,0.00
randomArrays.txt,3,941,0.007476,0.000000,0.00
randomArrays.txt,1,937,0.005084,0.000000,0.00
randomArrays.txt,2,937,0.007975,0.000000,0.00
randomArrays.txt,3,937,0.008231,0.000000,0.00
randomArrays.txt,1,619,0.003082,0.000000,0.00
randomArrays.txt,2,619,0.005100,0.015625,0.00
randomArrays.txt,3,619,0.005090,0.000000,0.00
randomArrays.txt,1,370,0.002455,0.000000,0.00
randomArrays.txt,2,370,0.002484,0.000000,0.00
randomArrays.txt,3,370,0.002453,0.000000,0.00
randomArrays.txt,1,478,0.002380,0.000000,0.00
randomArrays.txt,2,478,0.002352,0.000000,0.00
randomArrays.txt,3,478,0.003487,0.000000,0.00
randomArrays.txt,1,107,0.000651,0.000000,0.00
randomArrays.txt,2,107,0.000495,0.000000,0.00
randomArrays.txt,3,107,0.000725,0.000000,0.00
randomArrays.txt,1,910,0.007651,0.000000,0.00
randomArrays.txt,2,910,0.008766,0.015625,0.00
randomArrays.txt,3,910,0.012804,0.015625,0.00
randomArrays.txt,1,381,0.002485,0.000000,0.00
randomArrays.txt,2,381,0.002466,0.000000,0.00
randomArrays.txt,3,381,0.002469,0.000000,0.00
randomArrays.txt,1,699,0.003234,0.000000,0.00
randomArrays.txt,2,699,0.005177,0.000000,0.00
randomArrays.txt,3,699,0.005187,0.015625,0.00
randomArrays.txt,1,452,0.002291,0.000000,0.00
randomArrays.txt,2,452,0.003456,0.000000,0.00
randomArrays.txt,3,452,0.003454,0.015625,0.00
randomArrays.txt,1,882,0.008827,0.015625,0.00
randomArrays.txt,2,882,0.008735,0.015625,0.00
randomArrays.txt,3,882,0.010086,0.000000,0.00
randomArrays.txt,1,697,0.005732,0.000000,0.00
randomArrays.txt,2,697,0.005711,0.015625,0.00
randomArrays.txt,3,697,0.006672,0.000000,0.00
randomArrays.txt,1,39,0.000236,0.000000,0.00
randomArrays.txt,2,39,0.000121,0.000000,0.00
randomArrays.txt,3,39,0.000236,0.000000,0.00
randomArrays.txt,1,382,0.017782,0.000000,0.00
randomArrays.txt,2,382,0.004134,0.000000,0.00
randomArrays.txt,3,382,0.004083,0.000000,0.00
randomArrays.txt,1,980,0.008471,0.015625,0.00
randomArrays.txt,2,980,0.008355,0.015625,0.00
randomArrays.txt,3,980,0.006940,0.000000,0.00
randomArrays.txt,1,202,0.001484,0.000000,0.00
randomArrays.txt,2,202,0.001883,0.015625,0.00
randomArrays.txt,3,202,0.001279,0.000000,0.00
randomArrays.txt,1,674,0.003188,0.000000,0.00
randomArrays.txt,2,674,0.005737,0.015625,0.00
randomArrays.txt,3,674,0.005795,0.000000,0.00
randomArrays.txt,1,184,0.001138,0.000000,0.00
randomArrays.txt,2,184,0.001236,0.000000,0.00
randomArrays.txt,3,184,0.001397,0.000000,0.00
randomArrays.txt,1,853,0.007492,0.015625,0.00
randomArrays.txt,2,853,0.007386,0.000000,0.00
randomArrays.txt,3,853,0.007488,0.015625,0.00
randomArrays.txt,1,101,0.000539,0.000000,0.00
randomArrays.txt,2,101,0.000727,0.000000,0.00
randomArrays.txt,3,101,0.000537,0.000000,0.00
randomArrays.txt,1,329,0.002071,0.000000,0.00
randomArrays.txt,2,329,0.001627,0.000000,0.00
randomArrays.txt,3,329,0.002079,0.000000,0.00
randomArrays.txt,1,837,0.005128,0.000000,0.00
randomArrays.txt,2,837,0.004493,0.000000,0.00
randomArrays.txt,3,837,0.006079,0.015625,0.00
randomArrays.txt,1,952,0.008269,0.015625,0.00
randomArrays.txt,2,952,0.007345,0.000000,0.00
randomArrays.txt,3,952,0.009493,0.000000,0.00
randomArrays.txt,1,676,0.005599,0.000000,0.00
randomArrays.txt,2,676,0.005581,0.015625,0.00
randomArrays.txt,3,676,0.005648,0.000000,0.00
randomArrays.txt,1,248,0.001673,0.000000,0.00
randomArrays.txt,2,248,0.001679,0.000000,0.00
randomArrays.txt,3,248,0.001690,0.000000,0.00
randomArrays.txt,1,845,0.003306,0.015625,0.00
randomArrays.txt,2,845,0.006808,0.000000,0.00
randomArrays.txt,3,845,0.006884,0.015625,0.00
randomArrays.txt,1,707,0.002897,0.000000,0.00
randomArrays.txt,2,707,0.005706,0.015625,0.00
randomArrays.txt,3,707,0.003367,0.000000,0.00
randomArrays.txt,1,458,0.003273,0.000000,0.00
randomArrays.txt,2,458,0.003288,0.000000,0.00
randomArrays.txt,3,458,0.003267,0.000000,0.00
randomArrays.txt,1,219,0.001317,0.000000,0.00
randomArrays.txt,2,219,0.001304,0.000000,0.00
randomArrays.txt,3,219,0.001300,0.000000,0.00
randomArrays.txt,1,268,0.001416,0.000000,0.00
randomArrays.txt,2,268,0.001573,0.000000,0.00
randomArrays.txt,3,268,0.001559,0.000000,0.00
randomArrays.txt,1,201,0.001238,0.000000,0.00
randomArrays.txt,2,201,0.001240,0.000000,0.00
randomArrays.txt,3,201,0.001270,0.000000,0.00
randomArrays.txt,1,520,0.004075,0.000000,0.00
randomArrays.txt,2,520,0.002984,0.000000,0.00
randomArrays.txt,3,520,0.002557,0.000000,0.00
randomArrays.txt,1,832,0.006774,0.000000,0.00
randomArrays.txt,2,832,0.005309,0.015625,0.00
randomArrays.txt,3,832,0.006702,0.000000,0.00
randomArrays.txt,1,800,0.005409,0.000000,0.00
randomArrays.txt,2,800,0.004460,0.000000,0.00
randomArrays.txt,3,800,0.006207,0.015625,0.00
randomArrays.txt,1,753,0.003207,0.015625,0.00
randomArrays.txt,2,753,0.005533,0.000000,0.00
randomArrays.txt,3,753,0.006069,0.000000,0.00
randomArrays.txt,1,286,0.001737,0.000000,0.00
randomArrays.txt,2,286,0.001738,0.000000,0.00
randomArrays.txt,3,286,0.001747,0.000000,0.00
randomArrays.txt,1,841,0.008994,0.000000,0.00
randomArrays.txt,2,841,0.007743,0.015625,0.00
randomArrays.txt,3,841,0.007310,0.015625,0.00
randomArrays.txt,1,240,0.001165,0.000000,0.00
randomArrays.txt,2,240,0.001116,0.000000,0.00
randomArrays.txt,3,240,0.002002,0.000000,0.00
randomArrays.txt,1,370,0.002213,0.000000,0.00
randomArrays.txt,2,370,0.002851,0.000000,0.00
randomArrays.txt,3,370,0.002966,0.000000,0.00
randomArrays.txt,1,287,0.001742,0.000000,0.00
randomArrays.txt,2,287,0.002259,0.000000,0.00
randomArrays.txt,3,287,0.001808,0.000000,0.00
randomArrays.txt,1,89,0.000675,0.000000,0.00
randomArrays.txt,2,89,0.000683,0.000000,0.00
randomArrays.txt,3,89,0.000626,0.000000,0.00
randomArrays.txt,1,881,0.007719,0.015625,0.00
randomArrays.txt,2,881,0.005591,0.000000,0.00
randomArrays.txt,3,881,0.007773,0.015625,0.00
randomArrays.txt,1,187,0.001419,0.000000,0.00
randomArrays.txt,2,187,0.001020,0.000000,0.00
randomArrays.txt,3,187,0.001023,0.000000,0.00
randomArrays.txt,1,373,0.002508,0.000000,0.00
randomArrays.txt,2,373,0.002509,0.000000,0.00
randomArrays.txt,3,373,0.002493,0.000000,0.00
randomArrays.txt,1,194,0.001127,0.000000,0.00
randomArrays.txt,2,194,0.001132,0.000000,0.00
randomArrays.txt,3,194,0.001123,0.000000,0.00
randomArrays.txt,1,382,0.002854,0.000000,0.00
randomArrays.txt,2,382,0.002894,0.000000,0.00
randomArrays.txt,3,382,0.002839,0.000000,0.00
randomArrays.txt,1,826,0.007289,0.000000,0.00
randomArrays.txt,2,826,0.007257,0.015625,0.00
randomArrays.txt,3,826,0.007232,0.000000,0.00
randomArrays.txt,1,781,0.006085,0.015625,0.00
randomArrays.txt,2,781,0.003270,0.000000,0.00
randomArrays.txt,3,781,0.005985,0.015625,0.00
randomArrays.txt,1,814,0.007078,0.015625,0.00
randomArrays.txt,2,814,0.005051,0.000000,0.00
randomArrays.txt,3,814,0.009230,0.015625,0.00
randomArrays.txt,1,525,0.002530,0.000000,0.00
randomArrays.txt,2,525,0.002413,0.015625,0.00
randomArrays.txt,3,525,0.004001,0.000000,0.00
randomArrays.txt,1,136,0.000718,0.000000,0.00
randomArrays.txt,2,136,0.001033,0.000000,0.00
randomArrays.txt,3,136,0.000719,0.000000,0.00
randomArrays.txt,1,454,0.003425,0.000000,0.00
randomArrays.txt,2,454,0.002860,0.000000,0.00
randomArrays.txt,3,454,0.003418,0.000000,0.00
randomArrays.txt,1,563,0.004567,0.000000,0.00
randomArrays.txt,2,563,0.004578,0.015625,0.00
randomArrays.txt,3,563,0.004524,0.000000,0.00
randomArrays.txt,1,226,0.000555,0.000000,0.00
randomArrays.txt,2,226,0.001474,0.000000,0.00
randomArrays.txt,3,226,0.001480,0.000000,0.00
randomArrays.txt,1,345,0.002520,0.000000,0.00
randomArrays.txt,2,345,0.001757,0.000000,0.00
randomArrays.txt,3,345,0.002503,0.015625,0.00
randomArrays.txt,1,514,0.003880,0.015625,0.00
randomArrays.txt,2,514,0.004336,0.000000,0.00
randomArrays.txt,3,514,0.005571,0.000000,0.00
randomArrays.txt,1,871,0.007390,0.000000,0.00
randomArrays.txt,2,871,0.007231,0.015625,0.00
randomArrays.txt,3,871,0.007293,0.000000,0.00
randomArrays.txt,1,939,0.005214,0.000000,0.00
randomArrays.txt,2,939,0.007438,0.015625,0.00
randomArrays.txt,3,939,0.007697,0.000000,0.00
randomArrays.txt,1,397,0.002817,0.015625,0.00
randomArrays.txt,2,397,0.002806,0.000000,0.00
randomArrays.txt,3,397,0.002796,0.000000,0.00
randomArrays.txt,1,429,0.002944,0.015625,0.00
randomArrays.txt,2,429,0.002954,0.000000,0.00
randomArrays.txt,3,429,0.002962,0.000000,0.00
randomArrays.txt,1,421,0.002954,0.000000,0.00
randomArrays.txt,2,421,0.002972,0.000000,0.00
randomArrays.txt,3,421,0.002985,0.015625,0.00
randomArrays.txt,1,747,0.005702,0.000000,0.00
randomArrays.txt,2,747,0.005710,0.015625,0.00
randomArrays.txt,3,747,0.005708,0.000000,0.00
randomArrays.txt,1,19,0.000080,0.000000,0.00
randomArrays.txt,2,19,0.000063,0.000000,0.00
randomArrays.txt,3,19,0.000025,0.000000,0.00
randomArrays.txt,1,74,0.000552,0.000000,0.00
randomArrays.txt,2,74,0.000562,0.000000,0.00
randomArrays.txt,3,74,0.000557,0.000000,0.00
randomArrays.txt,1,259,0.001420,0.000000,0.00
randomArrays.txt,2,259,0.002068,0.000000,0.00
randomArrays.txt,3,259,0.002084,0.000000,0.00
randomArrays.txt,1,846,0.006116,0.000000,0.00
randomArrays.txt,2,846,0.006983,0.000000,0.00
randomArrays.txt,3,846,0.007042,0.015625,0.00
randomArrays.txt,1,789,0.006912,0.015625,0.00
randomArrays.txt,2,789,0.006698,0.000000,0.00
randomArrays.txt,3,789,0.006916,0.015625,0.00
randomArrays.txt,1,671,0.005266,0.015625,0.00
randomArrays.txt,2,671,0.005262,0.000000,0.00
randomArrays.txt,3,671,0.005231,0.000000,0.00
randomArrays.txt,1,368,0.002359,0.000000,0.00
randomArrays.txt,2,368,0.001624,0.000000,0.00
randomArrays.txt,3,368,0.002676,0.000000,0.00
randomArrays.txt,1,448,0.002515,0.000000,0.00
randomArrays.txt,2,448,0.002038,0.000000,0.00
randomArrays.txt,3,448,0.002031,0.015625,0.00
randomArrays.txt,1,237,0.002545,0.000000,0.00
randomArrays.txt,2,237,0.001273,0.000000,0.00
randomArrays.txt,3,237,0.001334,0.015625,0.00
randomArrays.txt,1,627,0.006976,0.015625,0.00
randomArrays.txt,2,627,0.005077,0.000000,0.00
randomArrays.txt,3,627,0.003045,0.000000,0.00
randomArrays.txt,1,584,0.004404,0.015625,0.00
randomArrays.txt,2,584,0.004396,0.000000,0.00
randomArrays.txt,3,584,0.004402,0.000000,0.00
randomArrays.txt,1,328,0.002373,0.000000,0.00
randomArrays.txt,2,328,0.002129,0.000000,0.00
randomArrays.txt,3,328,0.002113,0.015625,0.00
randomArrays.txt,1,606,0.007168,0.000000,0.00
randomArrays.txt,2,606,0.002973,0.000000,0.00
randomArrays.txt,3,606,0.004997,0.000000,0.00
randomArrays.txt,1,563,0.003779,0.000000,0.00
randomArrays.txt,2,563,0.003786,0.000000,0.00
randomArrays.txt,3,563,0.003774,0.015625,0.00
randomArrays.txt,1,774,0.006261,0.000000,0.00
randomArrays.txt,2,774,0.006296,0.000000,0.00
randomArrays.txt,3,774,0.006301,0.000000,0.00
randomArrays.txt,1,206,0.001221,0.000000,0.00
randomArrays.txt,2,206,0.001147,0.000000,0.00
randomArrays.txt,3,206,0.001152,0.000000,0.00
randomArrays.txt,1,907,0.007437,0.000000,0.00
randomArrays.txt,2,907,0.007744,0.015625,0.00
randomArrays.txt,3,907,0.009739,0.015625,0.00
randomArrays.txt,1,37,0.000189,0.000000,0.00
randomArrays.txt,2,37,0.000130,0.000000,0.00
randomArrays.txt,3,37,0.000160,0.000000,0.00
randomArrays.txt,1,878,0.008368,0.015625,0.00
randomArrays.txt,2,878,0.006924,0.000000,0.00
randomArrays.txt,3,878,0.008392,0.015625,0.00
randomArrays.txt,1,284,0.001868,0.000000,0.00
randomArrays.txt,2,284,0.001859,0.000000,0.00
randomArrays.txt,3,284,0.001579,0.000000,0.00
randomArrays.txt,1,853,0.005977,0.015625,0.00
randomArrays.txt,2,853,0.006614,0.000000,0.00
randomArrays.txt,3,853,0.003704,0.000000,0.00
randomArrays.txt,1,247,0.001125,0.000000,0.00
randomArrays.txt,2,247,0.001180,0.000000,0.00
randomArrays.txt,3,247,0.001101,0.000000,0.00
randomArrays.txt,1,241,0.001348,0.000000,0.00
randomArrays.txt,2,241,0.001456,0.000000,0.00
randomArrays.txt,3,241,0.001525,0.000000,0.00
randomArrays.txt,1,348,0.002312,0.000000,0.00
randomArrays.txt,2,348,0.002158,0.015625,0.00
randomArrays.txt,3,348,0.002257,0.000000,0.00
randomArrays.txt,1,814,0.004639,0.000000,0.00
randomArrays.txt,2,814,0.006489,0.000000,0.00
randomArrays.txt,3,814,0.006524,0.015625,0.00
randomArrays.txt,1,245,0.001684,0.000000,0.00
randomArrays.txt,2,245,0.001647,0.000000,0.00
randomArrays.txt,3,245,0.001273,0.000000,0.00
randomArrays.txt,1,335,0.003170,0.000000,0.00
randomArrays.txt,2,335,0.002164,0.000000,0.00
randomArrays.txt,3,335,0.003309,0.015625,0.00
randomArrays.txt,1,497,0.003587,0.000000,0.00
randomArrays.txt,2,497,0.002903,0.000000,0.00
randomArrays.txt,3,497,0.003572,0.015625,0.00
randomArrays.txt,1,280,0.001969,0.000000,0.00
randomArrays.txt,2,280,0.001974,0.015625,0.00
randomArrays.txt,3,280,0.002088,0.000000,0.00
randomArrays.txt,1,664,0.004167,0.015625,0.00
randomArrays.txt,2,664,0.005624,0.000000,0.00
randomArrays.txt,3,664,0.005618,0.000000,0.00
randomArrays.txt,1,523,0.009051,0.015625,0.00
randomArrays.txt,2,523,0.011258,0.000000,0.00
randomArrays.txt,3,523,0.009890,0.000000,0.00
randomArrays.txt,1,841,0.007033,0.000000,0.00
randomArrays.txt,2,841,0.007131,0.000000,0.00
randomArrays.txt,3,841,0.007017,0.000000,0.00
randomArrays.txt,1,290,0.002252,0.000000,0.00
randomArrays.txt,2,290,0.002004,0.000000,0.00
randomArrays.txt,3,290,0.001906,0.000000,0.00
randomArrays.txt,1,158,0.001055,0.000000,0.00
randomArrays.txt,2,158,0.000797,0.000000,0.00
randomArrays.txt,3,158,0.001508,0.000000,0.00
randomArrays.txt,1,783,0.006525,0.000000,0.00
randomArrays.txt,2,783,0.006056,0.000000,0.00
randomArrays.txt,3,783,0.006575,0.015625,0.00
randomArrays.txt,1,638,0.002772,0.000000,0.00
randomArrays.txt,2,638,0.002851,0.000000,0.00
randomArrays.txt,3,638,0.005240,0.015625,0.00
randomArrays.txt,1,314,0.002452,0.000000,0.00
randomArrays.txt,2,314,0.001948,0.000000,0.00
randomArrays.txt,3,314,0.001982,0.015625,0.00
randomArrays.txt,1,484,0.005111,0.015625,0.00
randomArrays.txt,2,484,0.005064,0.000000,0.00
randomArrays.txt,3,484,0.004206,0.015625,0.00
randomArrays.txt,1,972,0.008305,0.000000,0.00
randomArrays.txt,2,972,0.005596,0.015625,0.00
randomArrays.txt,3,972,0.009275,0.000000,0.00
randomArrays.txt,1,652,0.004407,0.000000,0.00
randomArrays.txt,2,652,0.004140,0.000000,0.00
randomArrays.txt,3,652,0.005629,0.015625,0.00
randomArrays.txt,1,543,0.003881,0.000000,0.00
randomArrays.txt,2,543,0.003885,0.000000,0.00
randomArrays.txt,3,543,0.002770,0.000000,0.00
randomArrays.txt,1,487,0.003939,0.000000,0.00
randomArrays.txt,2,487,0.003925,0.000000,0.00
randomArrays.txt,3,487,0.003927,0.015625,0.00
randomArrays.txt,1,686,0.005593,0.015625,0.00
randomArrays.txt,2,686,0.006053,0.000000,0.00
randomArrays.txt,3,686,0.005617,0.015625,0.00
randomArrays.txt,1,183,0.001145,0.000000,0.00
randomArrays.txt,2,183,0.001160,0.000000,0.00
randomArrays.txt,3,183,0.001158,0.000000,0.00
randomArrays.txt,1,572,0.004260,0.000000,0.00
randomArrays.txt,2,572,0.004226,0.000000,0.00
randomArrays.txt,3,572,0.004200,0.015625,0.00
randomArrays.txt,1,747,0.004584,0.000000,0.00
randomArrays.txt,2,747,0.008774,0.015625,0.00
randomArrays.txt,3,747,0.008546,0.015625,0.00
randomArrays.txt,1,780,0.005837,0.015625,0.00
randomArrays.txt,2,780,0.006529,0.000000,0.00
randomArrays.txt,3,780,0.006522,0.015625,0.00
randomArrays.txt,1,828,0.008231,0.000000,0.00
randomArrays.txt,2,828,0.008404,0.000000,0.00
randomArrays.txt,3,828,0.004313,0.000000,0.00
randomArrays.txt,1,591,0.003134,0.015625,0.00
randomArrays.txt,2,591,0.004357,0.000000,0.00
randomArrays.txt,3,591,0.004486,0.000000,0.00
randomArrays.txt,1,415,0.002934,0.000000,0.00
randomArrays.txt,2,415,0.003106,0.000000,0.00
randomArrays.txt,3,415,0.002943,0.015625,0.00
randomArrays.txt,1,648,0.004530,0.015625,0.00
randomArrays.txt,2,648,0.003152,0.000000,0.00
randomArrays.txt,3,648,0.005145,0.000000,0.00
randomArrays.txt,1,204,0.001213,0.000000,0.00
randomArrays.txt,2,204,0.001345,0.000000,0.00
randomArrays.txt,3,204,0.001216,0.000000,0.00
randomArrays.txt,1,510,0.003617,0.000000,0.00
randomArrays.txt,2,510,0.003627,0.000000,0.00
randomArrays.txt,3,510,0.003619,0.000000,0.00
randomArrays.txt,1,422,0.002900,0.000000,0.00
randomArrays.txt,2,422,0.002905,0.000000,0.00
randomArrays.txt,3,422,0.002929,0.015625,0.00
randomArrays.txt,1,541,0.004000,0.015625,0.00
randomArrays.txt,2,541,0.003129,0.000000,0.00
randomArrays.txt,3,541,0.003991,0.000000,0.00
randomArrays.txt,1,875,0.007078,0.000000,0.00
randomArrays.txt,2,875,0.007035,0.015625,0.00
randomArrays.txt,3,875,0.006725,0.000000,0.00
randomArrays.txt,1,742,0.004556,0.015625,0.00
randomArrays.txt,2,742,0.005930,0.000000,0.00
randomArrays.txt,3,742,0.005888,0.000000,0.00
randomArrays.txt,1,384,0.002732,0.015625,0.00
randomArrays.txt,2,384,0.003106,0.000000,0.00
randomArrays.txt,3,384,0.002740,0.000000,0.00
randomArrays.txt,1,266,0.001670,0.015625,0.00
randomArrays.txt,2,266,0.001725,0.000000,0.00
randomArrays.txt,3,266,0.001759,0.000000,0.00
randomArrays.txt,1,137,0.000848,0.000000,0.00
randomArrays.txt,2,137,0.000698,0.000000,0.00
randomArrays.txt,3,137,0.001003,0.000000,0.00
randomArrays.txt,1,970,0.004298,0.000000,0.00
randomArrays.txt,2,970,0.008029,0.015625,0.00
randomArrays.txt,3,970,0.007560,0.000000,0.00
randomArrays.txt,1,685,0.007938,0.015625,0.00
randomArrays.txt,2,685,0.004599,0.000000,0.00
randomArrays.txt,3,685,0.003559,0.000000,0.00
randomArrays.txt,1,665,0.006230,0.015625,0.00
randomArrays.txt,2,665,0.006706,0.000000,0.00
randomArrays.txt,3,665,0.006516,0.000000,0.00
randomArrays.txt,1,319,0.002349,0.015625,0.00
randomArrays.txt,2,319,0.002352,0.000000,0.00
randomArrays.txt,3,319,0.002338,0.000000,0.00
randomArrays.txt,1,808,0.006804,0.015625,0.00
randomArrays.txt,2,808,0.005951,0.000000,0.00
randomArrays.txt,3,808,0.005378,0.015625,0.00
randomArrays.txt,1,143,0.000706,0.000000,0.00
randomArrays.txt,2,143,0.000881,0.000000,0.00
randomArrays.txt,3,143,0.000869,0.000000,0.00
randomArrays.txt,1,147,0.000709,0.000000,0.00
randomArrays.txt,2,147,0.001418,0.000000,0.00
randomArrays.txt,3,147,0.000705,0.000000,0.00
randomArrays.txt,1,929,0.003829,0.000000,0.00
randomArrays.txt,2,929,0.008493,0.015625,0.00
randomArrays.txt,3,929,0.007865,0.015625,0.00
randomArrays.txt,1,906,0.007660,0.000000,0.00
randomArrays.txt,2,906,0.008649,0.015625,0.00
randomArrays.txt,3,906,0.006439,0.015625,0.00
randomArrays.txt,1,425,0.003164,0.000000,0.00
randomArrays.txt,2,425,0.003254,0.000000,0.00
randomArrays.txt,3,425,0.002424,0.000000,0.00
randomArrays.txt,1,736,0.006599,0.015625,0.00
randomArrays.txt,2,736,0.005250,0.000000,0.00
randomArrays.txt,3,736,0.006819,0.015625,0.00
randomArrays.txt,1,65,0.000283,0.000000,0.00
randomArrays.txt,2,65,0.000406,0.000000,0.00
randomArrays.txt,3,65,0.000407,0.000000,0.00
randomArrays.txt,1,305,0.002936,0.015625,0.00
randomArrays.txt,2,305,0.002295,0.000000,0.00
randomArrays.txt,3,305,0.002174,0.000000,0.00
randomArrays.txt,1,194,0.001243,0.000000,0.00
randomArrays.txt,2,194,0.001557,0.000000,0.00
randomArrays.txt,3,194,0.001236,0.000000,0.00
randomArrays.txt,1,545,0.004003,0.015625,0.00
randomArrays.txt,2,545,0.004016,0.000000,0.00
randomArrays.txt,3,545,0.004011,0.000000,0.00
randomArrays.txt,1,49,0.000208,0.000000,0.00
randomArrays.txt,2,49,0.000214,0.015625,0.00
randomArrays.txt,3,49,0.000213,0.000000,0.00
randomArrays.txt,1,731,0.006185,0.000000,0.00
randomArrays.txt,2,731,0.006061,0.015625,0.00
randomArrays.txt,3,731,0.006072,0.000000,0.00
randomArrays.txt,1,712,0.004808,0.000000,0.00
randomArrays.txt,2,712,0.004462,0.000000,0.00
randomArrays.txt,3,712,0.002906,0.000000,0.00
randomArrays.txt,1,732,0.005765,0.000000,0.00
randomArrays.txt,2,732,0.005822,0.015625,0.00
randomArrays.txt,3,732,0.004430,0.000000,0.00
randomArrays.txt,1,57,0.000248,0.000000,0.00
randomArrays.txt,2,57,0.000182,0.000000,0.00
randomArrays.txt,3,57,0.000415,0.000000,0.00
randomArrays.txt,1,983,0.007959,0.015625,0.00
randomArrays.txt,2,983,0.003902,0.000000,0.00
randomArrays.txt,3,983,0.007419,0.000000,0.00
randomArrays.txt,1,345,0.002366,0.000000,0.00
randomArrays.txt,2,345,0.002378,0.000000,0.00
randomArrays.txt,3,345,0.002400,0.000000,0.00
randomArrays.txt,1,152,0.000908,0.000000,0.00
randomArrays.txt,2,152,0.000884,0.000000,0.00
randomArrays.txt,3,152,0.000902,0.000000,0.00
randomArrays.txt,1,963,0.004415,0.015625,0.00
randomArrays.txt,2,963,0.008248,0.000000,0.00
randomArrays.txt,3,963,0.008679,0.015625,0.00
randomArrays.txt,1,544,0.004279,0.015625,0.00
randomArrays.txt,2,544,0.004335,0.000000,0.00
randomArrays.txt,3,544,0.004307,0.000000,0.00
randomArrays.txt,1,870,0.007655,0.015625,0.00
randomArrays.txt,2,870,0.007644,0.000000,0.00
randomArrays.txt,3,870,0.007650,0.015625,0.00
randomArrays.txt,1,557,0.002507,0.000000,0.00
randomArrays.txt,2,557,0.004098,0.000000,0.00
randomArrays.txt,3,557,0.004334,0.015625,0.00
randomArrays.txt,1,168,0.001024,0.000000,0.00
randomArrays.txt,2,168,0.001221,0.000000,0.00
randomArrays.txt,3,168,0.001213,0.000000,0.00
randomArrays.txt,1,373,0.002867,0.000000,0.00
randomArrays.txt,2,373,0.002890,0.000000,0.00
randomArrays.txt,3,373,0.002862,0.000000,0.00
randomArrays.txt,1,416,0.003093,0.000000,0.00
randomArrays.txt,2,416,0.003062,0.000000,0.00
randomArrays.txt,3,416,0.003133,0.000000,0.00
randomArrays.txt,1,942,0.007916,0.000000,0.00
randomArrays.txt,2,942,0.008842,0.015625,0.00
randomArrays.txt,3,942,0.010019,0.000000,0.00
randomArrays.txt,1,966,0.007772,0.000000,0.00
randomArrays.txt,2,966,0.011256,0.000000,0.00
randomArrays.txt,3,966,0.015534,0.015625,0.00
randomArrays.txt,1,363,0.002303,0.000000,0.00
randomArrays.txt,2,363,0.001867,0.000000,0.00
randomArrays.txt,3,363,0.002319,0.000000,0.00
randomArrays.txt,1,955,0.007604,0.015625,0.00
randomArrays.txt,2,955,0.008061,0.000000,0.00
randomArrays.txt,3,955,0.004841,0.015625,0.00
randomArrays.txt,1,626,0.004892,0.000000,0.00
randomArrays.txt,2,626,0.004846,0.000000,0.00
randomArrays.txt,3,626,0.003690,0.000000,0.00
randomArrays.txt,1,948,0.006709,0.000000,0.00
randomArrays.txt,2,948,0.009059,0.015625,0.00
randomArrays.txt,3,948,0.005283,0.000000,0.00
randomArrays.txt,1,193,0.001147,0.000000,0.00
randomArrays.txt,2,193,0.001441,0.000000,0.00
randomArrays.txt,3,193,0.002320,0.000000,0.00
randomArrays.txt,1,361,0.002500,0.000000,0.00
randomArrays.txt,2,361,0.002497,0.000000,0.00
randomArrays.txt,3,361,0.002146,0.015625,0.00
randomArrays.txt,1,195,0.002781,0.000000,0.00
randomArrays.txt,2,195,0.000985,0.000000,0.00
randomArrays.txt,3,195,0.001016,0.000000,0.00
randomArrays.txt,1,905,0.008721,0.015625,0.00
randomArrays.txt,2,905,0.005374,0.000000,0.00
randomArrays.txt,3,905,0.004485,0.000000,0.00
randomArrays.txt,1,105,0.000500,0.000000,0.00
randomArrays.txt,2,105,0.000497,0.000000,0.00
randomArrays.txt,3,105,0.000497,0.000000,0.00
randomArrays.txt,1,750,0.006609,0.000000,0.00
randomArrays.txt,2,750,0.003673,0.000000,0.00
randomArrays.txt,3,750,0.006648,0.015625,0.00
randomArrays.txt,1,565,0.004410,0.000000,0.00
randomArrays.txt,2,565,0.004418,0.015625,0.00
randomArrays.txt,3,565,0.004405,0.000000,0.00
randomArrays.txt,1,538,0.004043,0.000000,0.00
randomArrays.txt,2,538,0.004065,0.015625,0.00
randomArrays.txt,3,538,0.004079,0.000000,0.00
randomArrays.txt,1,488,0.003515,0.000000,0.00
randomArrays.txt,2,488,0.003487,0.015625,0.00
randomArrays.txt,3,488,0.003040,0.000000,0.00
randomArrays.txt,1,30,0.000151,0.000000,0.00
randomArrays.txt,2,30,0.000152,0.000000,0.00
randomArrays.txt,3,30,0.000153,0.000000,0.00
randomArrays.txt,1,554,0.004137,0.015625,0.00
randomArrays.txt,2,554,0.004255,0.000000,0.00
randomArrays.txt,3,554,0.004136,0.000000,0.00
randomArrays.txt,1,407,0.002862,0.000000,0.00
randomArrays.txt,2,407,0.002840,0.000000,0.00
randomArrays.txt,3,407,0.002807,0.000000,0.00
randomArrays.txt,1,958,0.006520,0.015625,0.00
randomArrays.txt,2,958,0.010919,0.000000,0.00
randomArrays.txt,3,958,0.007558,0.000000,0.00
randomArrays.txt,1,137,0.001140,0.015625,0.00
randomArrays.txt,2,137,0.000776,0.000000,0.00
randomArrays.txt,3,137,0.000775,0.000000,0.00
randomArrays.txt,1,101,0.000649,0.000000,0.00
randomArrays.txt,2,101,0.000648,0.000000,0.00
randomArrays.txt,3,101,0.000634,0.000000,0.00
randomArrays.txt,1,633,0.005000,0.015625,0.00
randomArrays.txt,2,633,0.004481,0.000000,0.00
randomArrays.txt,3,633,0.002904,0.000000,0.00
randomArrays.txt,1,44,0.000177,0.000000,0.00
randomArrays.txt,2,44,0.000197,0.000000,0.00
randomArrays.txt,3,44,0.000275,0.000000,0.00
randomArrays.txt,1,738,0.005894,0.015625,0.00
randomArrays.txt,2,738,0.005846,0.000000,0.00
randomArrays.txt,3,738,0.005578,0.015625,0.00
randomArrays.txt,1,763,0.006319,0.000000,0.00
randomArrays.txt,2,763,0.006406,0.015625,0.00
randomArrays.txt,3,763,0.007277,0.000000,0.00
randomArrays.txt,1,319,0.005500,0.000000,0.00
randomArrays.txt,2,319,0.005500,0.000000,0.00
randomArrays.txt,3,319,0.004531,0.000000,0.00
randomArrays.txt,1,682,0.006218,0.000000,0.00
randomArrays.txt,2,682,0.004868,0.000000,0.00
randomArrays.txt,3,682,0.005403,0.000000,0.00
randomArrays.txt,1,820,0.007657,0.015625,0.00
randomArrays.txt,2,820,0.007660,0.000000,0.00
randomArrays.txt,3,820,0.007620,0.015625,0.00
randomArrays.txt,1,896,0.008419,0.000000,0.00
randomArrays.txt,2,896,0.014579,0.015625,0.00
randomArrays.txt,3,896,0.004613,0.000000,0.00
randomArrays.txt,1,712,0.005920,0.015625,0.00
randomArrays.txt,2,712,0.005876,0.000000,0.00
randomArrays.txt,3,712,0.005910,0.000000,0.00
randomArrays.txt,1,554,0.004132,0.000000,0.00
randomArrays.txt,2,554,0.004098,0.000000,0.00
randomArrays.txt,3,554,0.004148,0.015625,0.00
randomArrays.txt,1,940,0.008951,0.000000,0.00
randomArrays.txt,2,940,0.004297,0.000000,0.00
randomArrays.txt,3,940,0.008555,0.015625,0.00
randomArrays.txt,1,787,0.008243,0.000000,0.00
randomArrays.txt,2,787,0.006769,0.000000,0.00
randomArrays.txt,3,787,0.005627,0.000000,0.00
randomArrays.txt,1,255,0.002331,0.000000,0.00
randomArrays.txt,2,255,0.002328,0.000000,0.00
randomArrays.txt,3,255,0.003417,0.000000,0.00
randomArrays.txt,1,135,0.000770,0.000000,0.00
randomArrays.txt,2,135,0.000759,0.000000,0.00
randomArrays.txt,3,135,0.000762,0.000000,0.00
randomArrays.txt,1,546,0.004247,0.015625,0.00
randomArrays.txt,2,546,0.002618,0.000000,0.00
randomArrays.txt,3,546,0.004140,0.000000,0.00
randomArrays.txt,1,643,0.004904,0.015625,0.00
randomArrays.txt,2,643,0.004291,0.000000,0.00
randomArrays.txt,3,643,0.003511,0.000000,0.00
randomArrays.txt,1,197,0.001432,0.000000,0.00
randomArrays.txt,2,197,0.001015,0.000000,0.00
randomArrays.txt,3,197,0.001168,0.000000,0.00
randomArrays.txt,1,643,0.004826,0.000000,0.00
randomArrays.txt,2,643,0.002890,0.015625,0.00
randomArrays.txt,3,643,0.003240,0.000000,0.00
randomArrays.txt,1,858,0.007107,0.000000,0.00
randomArrays.txt,2,858,0.007036,0.015625,0.00
randomArrays.txt,3,858,0.007103,0.000000,0.00
randomArrays.txt,1,134,0.000984,0.000000,0.00
randomArrays.txt,2,134,0.000962,0.000000,0.00
randomArrays.txt,3,134,0.000671,0.000000,0.00
randomArrays.txt,1,133,0.001036,0.000000,0.00
randomArrays.txt,2,133,0.000793,0.000000,0.00
randomArrays.txt,3,133,0.001221,0.000000,0.00
randomArrays.txt,1,317,0.002067,0.000000,0.00
randomArrays.txt,2,317,0.002067,0.000000,0.00
randomArrays.txt,3,317,0.001920,0.000000,0.00
randomArrays.txt,1,312,0.001977,0.000000,0.00
randomArrays.txt,2,312,0.001999,0.000000,0.00
randomArrays.txt,3,312,0.001976,0.015625,0.00
randomArrays.txt,1,160,0.000931,0.000000,0.00
randomArrays.txt,2,160,0.000935,0.000000,0.00
randomArrays.txt,3,160,0.001142,0.000000,0.00
randomArrays.txt,1,838,0.003574,0.000000,0.00
randomArrays.txt,2,838,0.006568,0.015625,0.00
randomArrays.txt,3,838,0.006528,0.000000,0.00
randomArrays.txt,1,316,0.002244,0.000000,0.00
randomArrays.txt,2,316,0.002247,0.000000,0.00
randomArrays.txt,3,316,0.002250,0.000000,0.00
randomArrays.txt,1,111,0.000486,0.000000,0.00
randomArrays.txt,2,111,0.000548,0.000000,0.00
randomArrays.txt,3,111,0.000610,0.015625,0.00
randomArrays.txt,1,530,0.005426,0.015625,0.00
randomArrays.txt,2,530,0.003314,0.000000,0.00
randomArrays.txt,3,530,0.002903,0.000000,0.00
randomArrays.txt,1,827,0.006443,0.000000,0.00
randomArrays.txt,2,827,0.006307,0.015625,0.00
randomArrays.txt,3,827,0.006516,0.000000,0.00
randomArrays.txt,1,994,0.003892,0.000000,0.00
randomArrays.txt,2,994,0.008471,0.000000,0.00
randomArrays.txt,3,994,0.008662,0.015625,0.00
randomArrays.txt,1,348,0.001663,0.000000,0.00
randomArrays.txt,2,348,0.002462,0.000000,0.00
randomArrays.txt,3,348,0.001904,0.000000,0.00
randomArrays.txt,1,652,0.005266,0.000000,0.00
randomArrays.txt,2,652,0.005313,0.015625,0.00
randomArrays.txt,3,652,0.005283,0.000000,0.00
randomArrays.txt,1,339,0.002390,0.000000,0.00
randomArrays.txt,2,339,0.002359,0.000000,0.00
randomArrays.txt,3,339,0.001524,0.000000,0.00
randomArrays.txt,1,908,0.007690,0.015625,0.00
randomArrays.txt,2,908,0.003635,0.000000,0.00
randomArrays.txt,3,908,0.008499,0.000000,0.00
randomArrays.txt,1,655,0.005449,0.000000,0.00
randomArrays.txt,2,655,0.002717,0.000000,0.00
randomArrays.txt,3,655,0.002978,0.000000,0.00
randomArrays.txt,1,899,0.007914,0.015625,0.00
randomArrays.txt,2,899,0.007945,0.000000,0.00
randomArrays.txt,3,899,0.007943,0.015625,0.00
randomArrays.txt,1,377,0.002649,0.015625,0.00
randomArrays.txt,2,377,0.002648,0.000000,0.00
randomArrays.txt,3,377,0.001465,0.000000,0.00
randomArrays.txt,1,793,0.006263,0.000000,0.00
randomArrays.txt,2,793,0.006313,0.000000,0.00
randomArrays.txt,3,793,0.004932,0.000000,0.00
randomArrays.txt,1,12,0.000042,0.000000,0.00
randomArrays.txt,2,12,0.000043,0.000000,0.00
randomArrays.txt,3,12,0.000037,0.000000,0.00
randomArrays.txt,1,236,0.002059,0.000000,0.00
randomArrays.txt,2,236,0.002168,0.000000,0.00
randomArrays.txt,3,236,0.002079,0.000000,0.00
randomArrays.txt,1,851,0.004169,0.000000,0.00
randomArrays.txt,2,851,0.007835,0.015625,0.00
randomArrays.txt,3,851,0.007888,0.000000,0.00
randomArrays.txt,1,462,0.003364,0.000000,0.00
randomArrays.txt,2,462,0.002412,0.000000,0.00
randomArrays.txt,3,462,0.002992,0.015625,0.00
randomArrays.txt,1,49,0.000338,0.000000,0.00
randomArrays.txt,2,49,0.000153,0.000000,0.00
randomArrays.txt,3,49,0.000146,0.000000,0.00
randomArrays.txt,1,649,0.003255,0.000000,0.00
randomArrays.txt,2,649,0.006042,0.000000,0.00
randomArrays.txt,3,649,0.006855,0.015625,0.00
randomArrays.txt,1,299,0.001861,0.000000,0.00
randomArrays.txt,2,299,0.001862,0.000000,0.00
randomArrays.txt,3,299,0.001834,0.000000,0.00
randomArrays.txt,1,796,0.003458,0.000000,0.00
randomArrays.txt,2,796,0.006876,0.000000,0.00
randomArrays.txt,3,796,0.006951,0.015625,0.00
randomArrays.txt,1,227,0.001425,0.000000,0.00
randomArrays.txt,2,227,0.001685,0.000000,0.00
randomArrays.txt,3,227,0.001698,0.000000,0.00
randomArrays.txt,1,929,0.004586,0.015625,0.00
randomArrays.txt,2,929,0.007964,0.000000,0.00
randomArrays.txt,3,929,0.006447,0.015625,0.00
randomArrays.txt,1,166,0.000954,0.000000,0.00
randomArrays.txt,2,166,0.000802,0.000000,0.00
randomArrays.txt,3,166,0.000873,0.000000,0.00
randomArrays.txt,1,277,0.001678,0.000000,0.00
randomArrays.txt,2,277,0.001705,0.000000,0.00
randomArrays.txt,3,277,0.001687,0.000000,0.00
randomArrays.txt,1,179,0.000971,0.000000,0.00
randomArrays.txt,2,179,0.001425,0.000000,0.00
randomArrays.txt,3,179,0.001446,0.000000,0.00
randomArrays.txt,1,809,0.004948,0.015625,0.00
randomArrays.txt,2,809,0.007491,0.000000,0.00
randomArrays.txt,3,809,0.007547,0.015625,0.00
randomArrays.txt,1,232,0.002273,0.000000,0.00
randomArrays.txt,2,232,0.001684,0.000000,0.00
randomArrays.txt,3,232,0.001685,0.000000,0.00
randomArrays.txt,1,247,0.001925,0.015625,0.00
randomArrays.txt,2,247,0.002051,0.000000,0.00
randomArrays.txt,3,247,0.001395,0.000000,0.00
randomArrays.txt,1,99,0.000463,0.000000,0.00
randomArrays.txt,2,99,0.000465,0.000000,0.00
randomArrays.txt,3,99,0.000463,0.000000,0.00
randomArrays.txt,1,649,0.005068,0.000000,0.00
randomArrays.txt,2,649,0.005041,0.015625,0.00
randomArrays.txt,3,649,0.003405,0.000000,0.00
randomArrays.txt,1,15,0.000035,0.000000,0.00
randomArrays.txt,2,15,0.000063,0.000000,0.00
randomArrays.txt,3,15,0.000056,0.000000,0.00
randomArrays.txt,1,646,0.004975,0.015625,0.00
randomArrays.txt,2,646,0.004938,0.000000,0.00
randomArrays.txt,3,646,0.004974,0.000000,0.00
randomArrays.txt,1,463,0.002338,0.015625,0.00
randomArrays.txt,2,463,0.003445,0.000000,0.00
randomArrays.txt,3,463,0.003602,0.000000,0.00
randomArrays.txt,1,587,0.005178,0.000000,0.00
randomArrays.txt,2,587,0.005140,0.015625,0.00
randomArrays.txt,3,587,0.005198,0.000000,0.00
randomArrays.txt,1,898,0.005127,0.015625,0.00
randomArrays.txt,2,898,0.007602,0.000000,0.00
randomArrays.txt,3,898,0.007647,0.015625,0.00
randomArrays.txt,1,643,0.005207,0.000000,0.00
randomArrays.txt,2,643,0.005228,0.000000,0.00
randomArrays.txt,3,643,0.005180,0.000000,0.00
randomArrays.txt,1,840,0.003271,0.000000,0.00
randomArrays.txt,2,840,0.007186,0.015625,0.00
randomArrays.txt,3,840,0.007190,0.000000,0.00
randomArrays.txt,1,708,0.006027,0.000000,0.00
randomArrays.txt,2,708,0.008368,0.015625,0.00
randomArrays.txt,3,708,0.003694,0.000000,0.00
randomArrays.txt,1,214,0.001071,0.000000,0.00
randomArrays.txt,2,214,0.001180,0.000000,0.00
randomArrays.txt,3,214,0.001652,0.000000,0.00
randomArrays.txt,1,565,0.003933,0.000000,0.00
randomArrays.txt,2,565,0.004199,0.015625,0.00
randomArrays.txt,3,565,0.002792,0.000000,0.00
randomArrays.txt,1,157,0.000712,0.000000,0.00
randomArrays.txt,2,157,0.000734,0.000000,0.00
randomArrays.txt,3,157,0.000741,0.000000,0.00
randomArrays.txt,1,265,0.003115,0.015625,0.00
randomArrays.txt,2,265,0.002768,0.000000,0.00
randomArrays.txt,3,265,0.002799,0.000000,0.00
randomArrays.txt,1,171,0.001036,0.000000,0.00
randomArrays.txt,2,171,0.021300,0.000000,0.00
randomArrays.txt,3,171,0.000660,0.000000,0.00
randomArrays.txt,1,136,0.000861,0.000000,0.00
randomArrays.txt,2,136,0.000729,0.015625,0.00
randomArrays.txt,3,136,0.000713,0.000000,0.00
randomArrays.txt,1,290,0.001761,0.000000,0.00
randomArrays.txt,2,290,0.001855,0.000000,0.00
randomArrays.txt,3,290,0.001771,0.015625,0.00
randomArrays.txt,1,96,0.000458,0.000000,0.00
randomArrays.txt,2,96,0.000456,0.000000,0.00
randomArrays.txt,3,96,0.000452,0.000000,0.00
randomArrays.txt,1,11,0.000049,0.000000,0.00
randomArrays.txt,2,11,0.000024,0.000000,0.00
randomArrays.txt,3,11,0.000038,0.000000,0.00
randomArrays.txt,1,311,0.002101,0.000000,0.00
randomArrays.txt,2,311,0.002546,0.000000,0.00
randomArrays.txt,3,311,0.002112,0.000000,0.00
randomArrays.txt,1,566,0.002934,0.015625,0.00
randomArrays.txt,2,566,0.003725,0.000000,0.00
randomArrays.txt,3,566,0.004167,0.000000,0.00
randomArrays.txt,1,328,0.002266,0.000000,0.00
randomArrays.txt,2,328,0.002644,0.000000,0.00
randomArrays.txt,3,328,0.002204,0.015625,0.00
randomArrays.txt,1,358,0.002675,0.000000,0.00
randomArrays.txt,2,358,0.002698,0.000000,0.00
randomArrays.txt,3,358,0.002764,0.000000,0.00
randomArrays.txt,1,674,0.005110,0.000000,0.00
randomArrays.txt,2,674,0.005114,0.015625,0.00
randomArrays.txt,3,674,0.005120,0.000000,0.00
randomArrays.txt,1,490,0.003200,0.000000,0.00
randomArrays.txt,2,490,0.003769,0.000000,0.00
randomArrays.txt,3,490,0.002722,0.000000,0.00
randomArrays.txt,1,36,0.000153,0.000000,0.00
randomArrays.txt,2,36,0.000114,0.000000,0.00
randomArrays.txt,3,36,0.000114,0.000000,0.00
randomArrays.txt,1,408,0.002377,0.000000,0.00
randomArrays.txt,2,408,0.003016,0.000000,0.00
randomArrays.txt,3,408,0.003019,0.000000,0.00
randomArrays.txt,1,49,0.000188,0.000000,0.00
randomArrays.txt,2,49,0.000189,0.000000,0.00
randomArrays.txt,3,49,0.000187,0.000000,0.00
randomArrays.txt,1,581,0.004246,0.015625,0.00
randomArrays.txt,2,581,0.004248,0.000000,0.00
randomArrays.txt,3,581,0.004220,0.000000,0.00
randomArrays.txt,1,879,0.007400,0.015625,0.00
randomArrays.txt,2,879,0.003888,0.000000,0.00
randomArrays.txt,3,879,0.007435,0.015625,0.00
randomArrays.txt,1,61,0.000250,0.000000,0.00
randomArrays.txt,2,61,0.000248,0.000000,0.00
randomArrays.txt,3,61,0.000250,0.000000,0.00
randomArrays.txt,1,656,0.003066,0.000000,0.00
randomArrays.txt,2,656,0.005284,0.015625,0.00
randomArrays.txt,3,656,0.005282,0.000000,0.00
randomArrays.txt,1,411,0.002520,0.015625,0.00
randomArrays.txt,2,411,0.002791,0.000000,0.00
randomArrays.txt,3,411,0.002805,0.000000,0.00
randomArrays.txt,1,361,0.002770,0.000000,0.00
randomArrays.txt,2,361,0.002354,0.000000,0.00
randomArrays.txt,3,361,0.002119,0.000000,0.00
randomArrays.txt,1,994,0.008891,0.015625,0.00
randomArrays.txt,2,994,0.004535,0.000000,0.00
randomArrays.txt,3,994,0.007806,0.000000,0.00
randomArrays.txt,1,416,0.002854,0.015625,0.00
randomArrays.txt,2,416,0.002858,0.000000,0.00
randomArrays.txt,3,416,0.002851,0.000000,0.00
randomArrays.txt,1,966,0.006954,0.015625,0.00
randomArrays.txt,2,966,0.007378,0.000000,0.00
randomArrays.txt,3,966,0.006739,0.000000,0.00
randomArrays.txt,1,92,0.000461,0.000000,0.00
randomArrays.txt,2,92,0.000479,0.000000,0.00
randomArrays.txt,3,92,0.000828,0.000000,0.00
randomArrays.txt,1,429,0.003245,0.015625,0.00
randomArrays.txt,2,429,0.003276,0.000000,0.00
randomArrays.txt,3,429,0.003297,0.000000,0.00
randomArrays.txt,1,658,0.010164,0.000000,0.00
randomArrays.txt,2,658,0.008947,0.000000,0.00
randomArrays.txt,3,658,0.006472,0.015625,0.00
randomArrays.txt,1,877,0.006928,0.000000,0.00
randomArrays.txt,2,877,0.006924,0.000000,0.00
randomArrays.txt,3,877,0.006975,0.000000,0.00
randomArrays.txt,1,780,0.006128,0.015625,0.00
randomArrays.txt,2,780,0.006074,0.000000,0.00
randomArrays.txt,3,780,0.006127,0.000000,0.00
randomArrays.txt,1,669,0.004180,0.000000,0.00
randomArrays.txt,2,669,0.005277,0.000000,0.00
randomArrays.txt,3,669,0.005294,0.015625,0.00
randomArrays.txt,1,394,0.002966,0.000000,0.00
randomArrays.txt,2,394,0.001762,0.000000,0.00
randomArrays.txt,3,394,0.002896,0.000000,0.00
randomArrays.txt,1,892,0.010229,0.015625,0.00
randomArrays.txt,2,892,0.007431,0.000000,0.00
randomArrays.txt,3,892,0.006958,0.015625,0.00
randomArrays.txt,1,180,0.001579,0.000000,0.00
randomArrays.txt,2,180,0.002900,0.000000,0.00
randomArrays.txt,3,180,0.002311,0.000000,0.00
randomArrays.txt,1,829,0.006929,0.000000,0.00
randomArrays.txt,2,829,0.017022,0.015625,0.00
randomArrays.txt,3,829,0.014915,0.015625,0.00
randomArrays.txt,1,255,0.001537,0.000000,0.00
randomArrays.txt,2,255,0.001537,0.000000,0.00
randomArrays.txt,3,255,0.001535,0.000000,0.00
randomArrays.txt,1,374,0.001926,0.000000,0.00
randomArrays.txt,2,374,0.002695,0.000000,0.00
randomArrays.txt,3,374,0.002688,0.000000,0.00
randomArrays.txt,1,37,0.000123,0.000000,0.00
randomArrays.txt,2,37,0.000127,0.000000,0.00
randomArrays.txt,3,37,0.000124,0.000000,0.00
randomArrays.txt,1,919,0.007310,0.000000,0.00
randomArrays.txt,2,919,0.008554,0.015625,0.00
randomArrays.txt,3,919,0.005486,0.000000,0.00
randomArrays.txt,1,850,0.005364,0.000000,0.00
randomArrays.txt,2,850,0.007604,0.015625,0.00
randomArrays.txt,3,850,0.004254,0.000000,0.00
randomArrays.txt,1,930,0.009418,0.015625,0.00
randomArrays.txt,2,930,0.008955,0.015625,0.00
randomArrays.txt,3,930,0.009083,0.000000,0.00
randomArrays.txt,1,419,0.003063,0.000000,0.00
randomArrays.txt,2,419,0.003049,0.000000,0.00
randomArrays.txt,3,419,0.002496,0.000000,0.00
randomArrays.txt,1,720,0.004682,0.015625,0.00
randomArrays.txt,2,720,0.005310,0.000000,0.00
randomArrays.txt,3,720,0.005306,0.000000,0.00
randomArrays.txt,1,378,0.002603,0.000000,0.00
randomArrays.txt,2,378,0.002464,0.015625,0.00
randomArrays.txt,3,378,0.002680,0.000000,0.00
randomArrays.txt,1,815,0.006410,0.015625,0.00
randomArrays.txt,2,815,0.003459,0.000000,0.00
randomArrays.txt,3,815,0.006421,0.000000,0.00
randomArrays.txt,1,566,0.004255,0.015625,0.00
randomArrays.txt,2,566,0.004294,0.000000,0.00
randomArrays.txt,3,566,0.004228,0.000000,0.00
randomArrays.txt,1,623,0.005120,0.015625,0.00
randomArrays.txt,2,623,0.010171,0.000000,0.00
randomArrays.txt,3,623,0.011153,0.015625,0.00
randomArrays.txt,1,597,0.004574,0.000000,0.00
randomArrays.txt,2,597,0.004595,0.000000,0.00
randomArrays.txt,3,597,0.004662,0.000000,0.00
randomArrays.txt,1,148,0.001362,0.015625,0.00
randomArrays.txt,2,148,0.001003,0.000000,0.00
randomArrays.txt,3,148,0.001169,0.000000,0.00
randomArrays.txt,1,580,0.002818,0.015625,0.00
randomArrays.txt,2,580,0.004246,0.000000,0.00
randomArrays.txt,3,580,0.004233,0.000000,0.00
randomArrays.txt,1,244,0.001866,0.015625,0.00
randomArrays.txt,2,244,0.001374,0.000000,0.00
randomArrays.txt,3,244,0.001535,0.000000,0.00
randomArrays.txt,1,703,0.004095,0.000000,0.00
randomArrays.txt,2,703,0.005464,0.015625,0.00
randomArrays.txt,3,703,0.005144,0.000000,0.00
randomArrays.txt,1,743,0.005798,0.000000,0.00
randomArrays.txt,2,743,0.005547,0.000000,0.00
randomArrays.txt,3,743,0.006883,0.015625,0.00
randomArrays.txt,1,923,0.007635,0.000000,0.00
randomArrays.txt,2,923,0.010633,0.015625,0.00
randomArrays.txt,3,923,0.004832,0.000000,0.00
randomArrays.txt,1,284,0.001880,0.000000,0.00
randomArrays.txt,2,284,0.001574,0.015625,0.00
randomArrays.txt,3,284,0.001775,0.000000,0.00
randomArrays.txt,1,35,0.000142,0.000000,0.00
randomArrays.txt,2,35,0.000146,0.000000,0.00
randomArrays.txt,3,35,0.000198,0.000000,0.00
randomArrays.txt,1,941,0.009490,0.015625,0.00
randomArrays.txt,2,941,0.007892,0.000000,0.00
randomArrays.txt,3,941,0.006461,0.015625,0.00
randomArrays.txt,1,39,0.000123,0.000000,0.00
randomArrays.txt,2,39,0.000124,0.000000,0.00
randomArrays.txt,3,39,0.000123,0.000000,0.00
randomArrays.txt,1,276,0.001524,0.000000,0.00
randomArrays.txt,2,276,0.002928,0.000000,0.00
randomArrays.txt,3,276,0.005697,0.015625,0.00
randomArrays.txt,1,494,0.002543,0.000000,0.00
randomArrays.txt,2,494,0.003776,0.015625,0.00
randomArrays.txt,3,494,0.003217,0.000000,0.00
randomArrays.txt,1,547,0.003295,0.000000,0.00
randomArrays.txt,2,547,0.004194,0.015625,0.00
randomArrays.txt,3,547,0.003075,0.000000,0.00
randomArrays.txt,1,837,0.004820,0.000000,0.00
randomArrays.txt,2,837,0.007405,0.015625,0.00
randomArrays.txt,3,837,0.006094,0.000000,0.00
randomArrays.txt,1,183,0.001028,0.000000,0.00
randomArrays.txt,2,183,0.001021,0.000000,0.00
randomArrays.txt,3,183,0.001017,0.015625,0.00
randomArrays.txt,1,360,0.002279,0.000000,0.00
randomArrays.txt,2,360,0.001878,0.015625,0.00
randomArrays.txt,3,360,0.002289,0.000000,0.00
randomArrays.txt,1,627,0.005761,0.000000,0.00
randomArrays.txt,2,627,0.011513,0.015625,0.00
randomArrays.txt,3,627,0.011526,0.015625,0.00
randomArrays.txt,1,833,0.006947,0.000000,0.00
randomArrays.txt,2,833,0.004018,0.000000,0.00
randomArrays.txt,3,833,0.003731,0.015625,0.00
randomArrays.txt,1,491,0.003878,0.015625,0.00
randomArrays.txt,2,491,0.003895,0.000000,0.00
randomArrays.txt,3,491,0.003674,0.000000,0.00
randomArrays.txt,1,623,0.005194,0.015625,0.00
randomArrays.txt,2,623,0.003464,0.000000,0.00
randomArrays.txt,3,623,0.004926,0.000000,0.00
randomArrays.txt,1,850,0.006605,0.000000,0.00
randomArrays.txt,2,850,0.006645,0.000000,0.00
randomArrays.txt,3,850,0.003370,0.000000,0.00
randomArrays.txt,1,35,0.000122,0.000000,0.00
randomArrays.txt,2,35,0.000121,0.000000,0.00
randomArrays.txt,3,35,0.000121,0.000000,0.00
randomArrays.txt,1,584,0.004486,0.015625,0.00
randomArrays.txt,2,584,0.004533,0.000000,0.00
randomArrays.txt,3,584,0.004563,0.000000,0.00
randomArrays.txt,1,34,0.000202,0.000000,0.00
randomArrays.txt,2,34,0.000142,0.000000,0.00
randomArrays.txt,3,34,0.000145,0.000000,0.00
randomArrays.txt,1,335,0.001843,0.000000,0.00
randomArrays.txt,2,335,0.002448,0.000000,0.00
randomArrays.txt,3,335,0.001870,0.000000,0.00
randomArrays.txt,1,145,0.000696,0.000000,0.00
randomArrays.txt,2,145,0.000701,0.000000,0.00
randomArrays.txt,3,145,0.000872,0.000000,0.00
randomArrays.txt,1,61,0.000416,0.000000,0.00
randomArrays.txt,2,61,0.000436,0.000000,0.00
randomArrays.txt,3,61,0.000482,0.000000,0.00
randomArrays.txt,1,88,0.000741,0.000000,0.00
randomArrays.txt,2,88,0.000463,0.000000,0.00
randomArrays.txt,3,88,0.000770,0.000000,0.00
randomArrays.txt,1,442,0.002291,0.000000,0.00
randomArrays.txt,2,442,0.003222,0.015625,0.00
randomArrays.txt,3,442,0.002265,0.000000,0.00
randomArrays.txt,1,729,0.004763,0.015625,0.00
randomArrays.txt,2,729,0.006198,0.000000,0.00
randomArrays.txt,3,729,0.004689,0.000000,0.00
randomArrays.txt,1,312,0.002101,0.000000,0.00
randomArrays.txt,2,312,0.001527,0.000000,0.00
randomArrays.txt,3,312,0.002142,0.015625,0.00
randomArrays.txt,1,620,0.004728,0.000000,0.00
randomArrays.txt,2,620,0.004778,0.015625,0.00
randomArrays.txt,3,620,0.004400,0.000000,0.00
randomArrays.txt,1,77,0.000372,0.000000,0.00
randomArrays.txt,2,77,0.000371,0.000000,0.00
randomArrays.txt,3,77,0.000532,0.000000,0.00
randomArrays.txt,1,784,0.006808,0.015625,0.00
randomArrays.txt,2,784,0.006889,0.000000,0.00
randomArrays.txt,3,784,0.004322,0.015625,0.00
randomArrays.txt,1,720,0.002607,0.000000,0.00
randomArrays.txt,2,720,0.003688,0.015625,0.00
randomArrays.txt,3,720,0.005422,0.000000,0.00
randomArrays.txt,1,796,0.003557,0.015625,0.00
randomArrays.txt,2,796,0.007396,0.000000,0.00
randomArrays.txt,3,796,0.005664,0.015625,0.00
randomArrays.txt,1,81,0.000529,0.000000,0.00
randomArrays.txt,2,81,0.000541,0.000000,0.00
randomArrays.txt,3,81,0.000541,0.000000,0.00
randomArrays.txt,1,900,0.006331,0.015625,0.00
randomArrays.txt,2,900,0.007718,0.000000,0.00
randomArrays.txt,3,900,0.007499,0.015625,0.00
randomArrays.txt,1,570,0.004352,0.000000,0.00
randomArrays.txt,2,570,0.002764,0.000000,0.00
randomArrays.txt,3,570,0.003028,0.000000,0.00
randomArrays.txt,1,749,0.006350,0.000000,0.00
randomArrays.txt,2,749,0.006064,0.015625,0.00
randomArrays.txt,3,749,0.008257,0.000000,0.00
randomArrays.txt,1,723,0.007416,0.015625,0.00
randomArrays.txt,2,723,0.006611,0.000000,0.00
randomArrays.txt,3,723,0.006669,0.015625,0.00
randomArrays.txt,1,54,0.000226,0.000000,0.00
randomArrays.txt,2,54,0.000343,0.000000,0.00
randomArrays.txt,3,54,0.000387,0.000000,0.00
randomArrays.txt,1,261,0.001622,0.000000,0.00
randomArrays.txt,2,261,0.001628,0.000000,0.00
randomArrays.txt,3,261,0.001615,0.000000,0.00
randomArrays.txt,1,831,0.009210,0.015625,0.00
randomArrays.txt,2,831,0.003715,0.000000,0.00
randomArrays.txt,3,831,0.006737,0.015625,0.00
randomArrays.txt,1,133,0.000850,0.000000,0.00
randomArrays.txt,2,133,0.001162,0.000000,0.00
randomArrays.txt,3,133,0.001938,0.000000,0.00
randomArrays.txt,1,165,0.001226,0.000000,0.00
randomArrays.txt,2,165,0.001240,0.000000,0.00
randomArrays.txt,3,165,0.002214,0.000000,0.00
randomArrays.txt,1,441,0.003187,0.015625,0.00
randomArrays.txt,2,441,0.003185,0.000000,0.00
randomArrays.txt,3,441,0.003212,0.000000,0.00
randomArrays.txt,1,782,0.006375,0.000000,0.00
randomArrays.txt,2,782,0.006365,0.015625,0.00
randomArrays.txt,3,782,0.006369,0.000000,0.00
randomArrays.txt,1,384,0.001620,0.000000,0.00
randomArrays.txt,2,384,0.002710,0.000000,0.00
randomArrays.txt,3,384,0.002686,0.000000,0.00
randomArrays.txt,1,283,0.001849,0.000000,0.00
randomArrays.txt,2,283,0.001771,0.000000,0.00
randomArrays.txt,3,283,0.001795,0.000000,0.00
randomArrays.txt,1,71,0.000340,0.000000,0.00
randomArrays.txt,2,71,0.000338,0.000000,0.00
randomArrays.txt,3,71,0.000339,0.000000,0.00
randomArrays.txt,1,374,0.002479,0.000000,0.00
randomArrays.txt,2,374,0.002588,0.000000,0.00
randomArrays.txt,3,374,0.002597,0.000000,0.00
randomArrays.txt,1,204,0.001153,0.000000,0.00
randomArrays.txt,2,204,0.001156,0.000000,0.00
randomArrays.txt,3,204,0.001160,0.000000,0.00
randomArrays.txt,1,437,0.003217,0.000000,0.00
randomArrays.txt,2,437,0.003205,0.000000,0.00
randomArrays.txt,3,437,0.003213,0.015625,0.00
randomArrays.txt,1,662,0.004058,0.015625,0.00
randomArrays.txt,2,662,0.005103,0.000000,0.00
randomArrays.txt,3,662,0.005195,0.000000,0.00
randomArrays.txt,1,821,0.003601,0.000000,0.00
randomArrays.txt,2,821,0.006315,0.015625,0.00
randomArrays.txt,3,821,0.006529,0.000000,0.00
randomArrays.txt,1,198,0.001002,0.000000,0.00
randomArrays.txt,2,198,0.001795,0.000000,0.00
randomArrays.txt,3,198,0.005362,0.000000,0.00
randomArrays.txt,1,776,0.006350,0.000000,0.00
randomArrays.txt,2,776,0.006401,0.000000,0.00
randomArrays.txt,3,776,0.006322,0.000000,0.00
randomArrays.txt,1,124,0.000632,0.000000,0.00
randomArrays.txt,2,124,0.000632,0.000000,0.00
randomArrays.txt,3,124,0.000706,0.000000,0.00
randomArrays.txt,1,202,0.000979,0.000000,0.00
randomArrays.txt,2,202,0.001231,0.000000,0.00
randomArrays.txt,3,202,0.001210,0.000000,0.00
randomArrays.txt,1,806,0.006809,0.015625,0.00
randomArrays.txt,2,806,0.006784,0.000000,0.00
randomArrays.txt,3,806,0.005263,0.000000,0.00
randomArrays.txt,1,448,0.003630,0.000000,0.00
randomArrays.txt,2,448,0.003649,0.000000,0.00
randomArrays.txt,3,448,0.002404,0.000000,0.00
randomArrays.txt,1,383,0.002656,0.000000,0.00
randomArrays.txt,2,383,0.002665,0.000000,0.00
randomArrays.txt,3,383,0.002654,0.000000,0.00
randomArrays.txt,1,992,0.007574,0.000000,0.00
randomArrays.txt,2,992,0.007733,0.000000,0.00
randomArrays.txt,3,992,0.011055,0.015625,0.00
randomArrays.txt,1,714,0.005259,0.000000,0.00
randomArrays.txt,2,714,0.004361,0.015625,0.00
randomArrays.txt,3,714,0.003274,0.000000,0.00
randomArrays.txt,1,528,0.003912,0.000000,0.00
randomArrays.txt,2,528,0.004028,0.000000,0.00
randomArrays.txt,3,528,0.002319,0.015625,0.00
randomArrays.txt,1,137,0.000742,0.015625,0.00
randomArrays.txt,2,137,0.000982,0.000000,0.00
randomArrays.txt,3,137,0.001228,0.000000,0.00
randomArrays.txt,1,122,0.000712,0.000000,0.00
randomArrays.txt,2,122,0.000707,0.000000,0.00
randomArrays.txt,3,122,0.000712,0.000000,0.00
randomArrays.txt,1,883,0.007160,0.015625,0.00
randomArrays.txt,2,883,0.007279,0.000000,0.00
randomArrays.txt,3,883,0.007122,0.015625,0.00
randomArrays.txt,1,614,0.004662,0.000000,0.00
randomArrays.txt,2,614,0.004753,0.000000,0.00
randomArrays.txt,3,614,0.004768,0.000000,0.00
randomArrays.txt,1,841,0.007833,0.015625,0.00
randomArrays.txt,2,841,0.003935,0.000000,0.00
randomArrays.txt,3,841,0.007491,0.015625,0.00
randomArrays.txt,1,471,0.003610,0.000000,0.00
randomArrays.txt,2,471,0.001997,0.000000,0.00
randomArrays.txt,3,471,0.003574,0.015625,0.00
randomArrays.txt,1,871,0.007383,0.015625,0.00
randomArrays.txt,2,871,0.007421,0.000000,0.00
randomArrays.txt,3,871,0.007401,0.015625,0.00
randomArrays.txt,1,938,0.003856,0.000000,0.00
randomArrays.txt,2,938,0.008843,0.015625,0.00
randomArrays.txt,3,938,0.008453,0.015625,0.00
randomArrays.txt,1,238,0.001330,0.000000,0.00
randomArrays.txt,2,238,0.001328,0.000000,0.00
randomArrays.txt,3,238,0.001324,0.000000,0.00
randomArrays.txt,1,772,0.004606,0.015625,0.00
randomArrays.txt,2,772,0.006187,0.000000,0.00
randomArrays.txt,3,772,0.006552,0.015625,0.00
randomArrays.txt,1,334,0.002311,0.000000,0.00
randomArrays.txt,2,334,0.001946,0.015625,0.00
randomArrays.txt,3,334,0.002140,0.000000,0.00
randomArrays.txt,1,274,0.002206,0.000000,0.00
randomArrays.txt,2,274,0.002109,0.000000,0.00
randomArrays.txt,3,274,0.002097,0.015625,0.00
randomArrays.txt,1,385,0.003209,0.000000,0.00
randomArrays.txt,2,385,0.003181,0.000000,0.00
randomArrays.txt,3,385,0.003200,0.000000,0.00
randomArrays.txt,1,455,0.003474,0.000000,0.00
randomArrays.txt,2,455,0.002525,0.000000,0.00
randomArrays.txt,3,455,0.003432,0.000000,0.00
randomArrays.txt,1,202,0.001765,0.000000,0.00
randomArrays.txt,2,202,0.001315,0.000000,0.00
randomArrays.txt,3,202,0.001251,0.015625,0.00
randomArrays.txt,1,349,0.002854,0.000000,0.00
randomArrays.txt,2,349,0.002884,0.000000,0.00
randomArrays.txt,3,349,0.002873,0.000000,0.00
randomArrays.txt,1,170,0.001308,0.000000,0.00
randomArrays.txt,2,170,0.001233,0.015625,0.00
randomArrays.txt,3,170,0.001243,0.000000,0.00
randomArrays.txt,1,365,0.002066,0.000000,0.00
randomArrays.txt,2,365,0.003499,0.000000,0.00
randomArrays.txt,3,365,0.002384,0.015625,0.00
randomArrays.txt,1,921,0.005365,0.000000,0.00
randomArrays.txt,2,921,0.007272,0.015625,0.00
randomArrays.txt,3,921,0.007580,0.000000,0.00
randomArrays.txt,1,368,0.002961,0.000000,0.00
randomArrays.txt,2,368,0.003804,0.000000,0.00
randomArrays.txt,3,368,0.003819,0.000000,0.00
randomArrays.txt,1,851,0.005804,0.015625,0.00
randomArrays.txt,2,851,0.003638,0.000000,0.00
randomArrays.txt,3,851,0.006808,0.000000,0.00
randomArrays.txt,1,736,0.010221,0.015625,0.00
randomArrays.txt,2,736,0.006655,0.015625,0.00
randomArrays.txt,3,736,0.014596,0.015625,0.00
randomArrays.txt,1,64,0.000435,0.000000,0.00
randomArrays.txt,2,64,0.000428,0.000000,0.00
randomArrays.txt,3,64,0.000426,0.000000,0.00
randomArrays.txt,1,371,0.002490,0.000000,0.00
randomArrays.txt,2,371,0.001890,0.000000,0.00
randomArrays.txt,3,371,0.003111,0.015625,0.00
randomArrays.txt,1,962,0.008456,0.015625,0.00
randomArrays.txt,2,962,0.007114,0.000000,0.00
randomArrays.txt,3,962,0.008212,0.015625,0.00
randomArrays.txt,1,758,0.005707,0.015625,0.00
randomArrays.txt,2,758,0.006980,0.000000,0.00
randomArrays.txt,3,758,0.005133,0.015625,0.00
randomArrays.txt,1,565,0.002993,0.000000,0.00
randomArrays.txt,2,565,0.004471,0.000000,0.00
randomArrays.txt,3,565,0.004441,0.015625,0.00
randomArrays.txt,1,246,0.001556,0.000000,0.00
randomArrays.txt,2,246,0.001553,0.000000,0.00
randomArrays.txt,3,246,0.001555,0.000000,0.00
randomArrays.txt,1,390,0.002696,0.015625,0.00
randomArrays.txt,2,390,0.002696,0.000000,0.00
randomArrays.txt,3,390,0.002820,0.000000,0.00
randomArrays.txt,1,833,0.007144,0.000000,0.00
randomArrays.txt,2,833,0.007206,0.000000,0.00
randomArrays.txt,3,833,0.007143,0.000000,0.00
randomArrays.txt,1,359,0.002390,0.000000,0.00
randomArrays.txt,2,359,0.001643,0.000000,0.00
randomArrays.txt,3,359,0.002373,0.000000,0.00
randomArrays.txt,1,647,0.002322,0.015625,0.00
randomArrays.txt,2,647,0.004776,0.000000,0.00
randomArrays.txt,3,647,0.004716,0.000000,0.00
randomArrays.txt,1,830,0.006772,0.000000,0.00
randomArrays.txt,2,830,0.008131,0.000000,0.00
randomArrays.txt,3,830,0.006392,0.015625,0.00
randomArrays.txt,1,790,0.006764,0.015625,0.00
randomArrays.txt,2,790,0.004071,0.000000,0.00
randomArrays.txt,3,790,0.006690,0.015625,0.00
randomArrays.txt,1,789,0.006356,0.000000,0.00
randomArrays.txt,2,789,0.003504,0.000000,0.00
randomArrays.txt,3,789,0.006339,0.000000,0.00
randomArrays.txt,1,33,0.000126,0.000000,0.00
randomArrays.txt,2,33,0.000126,0.000000,0.00
randomArrays.txt,3,33,0.000185,0.000000,0.00
randomArrays.txt,1,324,0.002102,0.000000,0.00
randomArrays.txt,2,324,0.002102,0.000000,0.00
randomArrays.txt,3,324,0.002229,0.000000,0.00
randomArrays.txt,1,460,0.003545,0.000000,0.00
randomArrays.txt,2,460,0.003543,0.000000,0.00
randomArrays.txt,3,460,0.003541,0.000000,0.00
randomArrays.txt,1,660,0.006143,0.000000,0.00
randomArrays.txt,2,660,0.006231,0.015625,0.00
randomArrays.txt,3,660,0.006102,0.000000,0.00
randomArrays.txt,1,553,0.004415,0.015625,0.00
randomArrays.txt,2,553,0.004479,0.000000,0.00
randomArrays.txt,3,553,0.004426,0.000000,0.00
randomArrays.txt,1,181,0.001321,0.000000,0.00
randomArrays.txt,2,181,0.001079,0.000000,0.00
randomArrays.txt,3,181,0.001067,0.000000,0.00
randomArrays.txt,1,106,0.000527,0.000000,0.00
randomArrays.txt,2,106,0.000528,0.000000,0.00
randomArrays.txt,3,106,0.000533,0.000000,0.00
randomArrays.txt,1,198,0.001097,0.000000,0.00
randomArrays.txt,2,198,0.001109,0.000000,0.00
randomArrays.txt,3,198,0.001087,0.015625,0.00
randomArrays.txt,1,795,0.006622,0.000000,0.00
randomArrays.txt,2,795,0.006536,0.000000,0.00
randomArrays.txt,3,795,0.006439,0.015625,0.00
randomArrays.txt,1,149,0.001007,0.000000,0.00
randomArrays.txt,2,149,0.001038,0.000000,0.00
randomArrays.txt,3,149,0.001044,0.000000,0.00
randomArrays.txt,1,42,0.000173,0.000000,0.00
randomArrays.txt,2,42,0.000176,0.000000,0.00
randomArrays.txt,3,42,0.000178,0.000000,0.00
randomArrays.txt,1,538,0.004092,0.000000,0.00
randomArrays.txt,2,538,0.004110,0.000000,0.00
randomArrays.txt,3,538,0.004065,0.015625,0.00
randomArrays.txt,1,405,0.002791,0.000000,0.00
randomArrays.txt,2,405,0.002774,0.000000,0.00
randomArrays.txt,3,405,0.002797,0.000000,0.00
randomArrays.txt,1,741,0.004206,0.000000,0.00
randomArrays.txt,2,741,0.005806,0.000000,0.00
randomArrays.txt,3,741,0.005808,0.015625,0.00
randomArrays.txt,1,88,0.000407,0.000000,0.00
randomArrays.txt,2,88,0.000573,0.000000,0.00
randomArrays.txt,3,88,0.000594,0.000000,0.00
randomArrays.txt,1,896,0.006991,0.015625,0.00
randomArrays.txt,2,896,0.007158,0.000000,0.00
randomArrays.txt,3,896,0.007200,0.015625,0.00
randomArrays.txt,1,574,0.004550,0.000000,0.00
randomArrays.txt,2,574,0.004562,0.000000,0.00
randomArrays.txt,3,574,0.004572,0.000000,0.00
randomArrays.txt,1,34,0.000127,0.000000,0.00
randomArrays.txt,2,34,0.000126,0.000000,0.00
randomArrays.txt,3,34,0.000125,0.000000,0.00
randomArrays.txt,1,83,0.000413,0.000000,0.00
randomArrays.txt,2,83,0.000417,0.000000,0.00
randomArrays.txt,3,83,0.000415,0.000000,0.00
randomArrays.txt,1,311,0.002849,0.000000,0.00
randomArrays.txt,2,311,0.002147,0.000000,0.00
randomArrays.txt,3,311,0.002143,0.000000,0.00
randomArrays.txt,1,168,0.001049,0.000000,0.00
randomArrays.txt,2,168,0.001124,0.015625,0.00
randomArrays.txt,3,168,0.001056,0.000000,0.00
randomArrays.txt,1,720,0.006136,0.015625,0.00
randomArrays.txt,2,720,0.006125,0.000000,0.00
randomArrays.txt,3,720,0.006106,0.000000,0.00
randomArrays.txt,1,499,0.003583,0.000000,0.00
randomArrays.txt,2,499,0.003577,0.000000,0.00
randomArrays.txt,3,499,0.003599,0.015625,0.00
randomArrays.txt,1,280,0.001795,0.000000,0.00
randomArrays.txt,2,280,0.001273,0.000000,0.00
randomArrays.txt,3,280,0.001795,0.000000,0.00
randomArrays.txt,1,960,0.009291,0.000000,0.00
randomArrays.txt,2,960,0.009826,0.015625,0.00
randomArrays.txt,3,960,0.008253,0.015625,0.00
randomArrays.txt,1,351,0.001982,0.000000,0.00
randomArrays.txt,2,351,0.002510,0.015625,0.00
randomArrays.txt,3,351,0.001915,0.000000,0.00
randomArrays.txt,1,840,0.007149,0.000000,0.00
randomArrays.txt,2,840,0.006884,0.000000,0.00
randomArrays.txt,3,840,0.007142,0.000000,0.00
randomArrays.txt,1,826,0.007960,0.015625,0.00
randomArrays.txt,2,826,0.007413,0.000000,0.00
randomArrays.txt,3,826,0.007635,0.015625,0.00
randomArrays.txt,1,780,0.006216,0.000000,0.00
randomArrays.txt,2,780,0.006136,0.015625,0.00
randomArrays.txt,3,780,0.006159,0.000000,0.00
randomArrays.txt,1,592,0.002785,0.000000,0.00
randomArrays.txt,2,592,0.004654,0.015625,0.00
randomArrays.txt,3,592,0.004549,0.000000,0.00
randomArrays.txt,1,601,0.004963,0.000000,0.00
randomArrays.txt,2,601,0.003793,0.000000,0.00
randomArrays.txt,3,601,0.004690,0.015625,0.00
randomArrays.txt,1,924,0.008035,0.015625,0.00
randomArrays.txt,2,924,0.008810,0.015625,0.00
randomArrays.txt,3,924,0.011095,0.000000,0.00
randomArrays.txt,1,630,0.005399,0.015625,0.00
randomArrays.txt,2,630,0.005341,0.000000,0.00
randomArrays.txt,3,630,0.005386,0.000000,0.00
randomArrays.txt,1,738,0.005831,0.015625,0.00
randomArrays.txt,2,738,0.005820,0.000000,0.00
randomArrays.txt,3,738,0.005823,0.015625,0.00
randomArrays.txt,1,43,0.000155,0.000000,0.00
randomArrays.txt,2,43,0.000232,0.000000,0.00
randomArrays.txt,3,43,0.000160,0.000000,0.00
randomArrays.txt,1,546,0.004215,0.000000,0.00
randomArrays.txt,2,546,0.004189,0.000000,0.00
randomArrays.txt,3,546,0.004202,0.000000,0.00
randomArrays.txt,1,118,0.001038,0.000000,0.00
randomArrays.txt,2,118,0.000819,0.000000,0.00
randomArrays.txt,3,118,0.000602,0.000000,0.00
randomArrays.txt,1,812,0.006871,0.000000,0.00
randomArrays.txt,2,812,0.006746,0.000000,0.00
randomArrays.txt,3,812,0.006925,0.000000,0.00
randomArrays.txt,1,636,0.004816,0.000000,0.00
randomArrays.txt,2,636,0.006484,0.015625,0.00
randomArrays.txt,3,636,0.007201,0.000000,0.00
randomArrays.txt,1,253,0.003430,0.015625,0.00
randomArrays.txt,2,253,0.002653,0.000000,0.00
randomArrays.txt,3,253,0.002913,0.000000,0.00
randomArrays.txt,1,443,0.003485,0.000000,0.00
randomArrays.txt,2,443,0.003608,0.000000,0.00
randomArrays.txt,3,443,0.003480,0.000000,0.00
randomArrays.txt,1,292,0.001901,0.000000,0.00
randomArrays.txt,2,292,0.002255,0.015625,0.00
randomArrays.txt,3,292,0.001898,0.000000,0.00
randomArrays.txt,1,723,0.005569,0.015625,0.00
randomArrays.txt,2,723,0.005526,0.000000,0.00
randomArrays.txt,3,723,0.005559,0.000000,0.00
randomArrays.txt,1,398,0.003048,0.015625,0.00
randomArrays.txt,2,398,0.003416,0.000000,0.00
randomArrays.txt,3,398,0.003069,0.000000,0.00
randomArrays.txt,1,368,0.002644,0.000000,0.00
randomArrays.txt,2,368,0.002629,0.015625,0.00
randomArrays.txt,3,368,0.002849,0.000000,0.00
randomArrays.txt,1,534,0.003851,0.000000,0.00
randomArrays.txt,2,534,0.003785,0.015625,0.00
randomArrays.txt,3,534,0.004128,0.000000,0.00
randomArrays.txt,1,899,0.008236,0.015625,0.00
randomArrays.txt,2,899,0.005604,0.000000,0.00
randomArrays.txt,3,899,0.008141,0.015625,0.00
randomArrays.txt,1,137,0.001172,0.000000,0.00
randomArrays.txt,2,137,0.000525,0.000000,0.00
randomArrays.txt,3,137,0.000978,0.000000,0.00
randomArrays.txt,1,187,0.001709,0.000000,0.00
randomArrays.txt,2,187,0.004633,0.000000,0.00
randomArrays.txt,3,187,0.001796,0.000000,0.00
randomArrays.txt,1,164,0.000957,0.000000,0.00
randomArrays.txt,2,164,0.000967,0.000000,0.00
randomArrays.txt,3,164,0.000937,0.000000,0.00
randomArrays.txt,1,735,0.010776,0.015625,0.00
randomArrays.txt,2,735,0.006244,0.000000,0.00
randomArrays.txt,3,735,0.007521,0.015625,0.00
randomArrays.txt,1,524,0.004474,0.000000,0.00
randomArrays.txt,2,524,0.004449,0.015625,0.00
randomArrays.txt,3,524,0.004442,0.000000,0.00
randomArrays.txt,1,512,0.004115,0.000000,0.00
randomArrays.txt,2,512,0.004056,0.000000,0.00
randomArrays.txt,3,512,0.004049,0.015625,0.00
randomArrays.txt,1,15,0.000069,0.000000,0.00
randomArrays.txt,2,15,0.000065,0.000000,0.00
randomArrays.txt,3,15,0.000046,0.000000,0.00
randomArrays.txt,1,737,0.005157,0.015625,0.00
randomArrays.txt,2,737,0.005728,0.000000,0.00
randomArrays.txt,3,737,0.005179,0.015625,0.00
randomArrays.txt,1,616,0.007989,0.015625,0.00
randomArrays.txt,2,616,0.007270,0.000000,0.00
randomArrays.txt,3,616,0.007049,0.015625,0.00
randomArrays.txt,1,349,0.003737,0.000000,0.00
randomArrays.txt,2,349,0.003475,0.015625,0.00
randomArrays.txt,3,349,0.003294,0.000000,0.00
randomArrays.txt,1,645,0.004403,0.000000,0.00
randomArrays.txt,2,645,0.004875,0.015625,0.00
randomArrays.txt,3,645,0.004896,0.000000,0.00
randomArrays.txt,1,502,0.003637,0.000000,0.00
randomArrays.txt,2,502,0.003051,0.000000,0.00
randomArrays.txt,3,502,0.003629,0.000000,0.00
randomArrays.txt,1,932,0.006988,0.015625,0.00
randomArrays.txt,2,932,0.008307,0.000000,0.00
randomArrays.txt,3,932,0.004138,0.015625,0.00
randomArrays.txt,1,778,0.006149,0.015625,0.00
randomArrays.txt,2,778,0.005969,0.000000,0.00
randomArrays.txt,3,778,0.006178,0.015625,0.00
randomArrays.txt,1,126,0.000744,0.015625,0.00
randomArrays.txt,2,126,0.000710,0.000000,0.00
randomArrays.txt,3,126,0.000750,0.000000,0.00
randomArrays.txt,1,836,0.006691,0.015625,0.00
randomArrays.txt,2,836,0.006724,0.000000,0.00
randomArrays.txt,3,836,0.006687,0.015625,0.00
randomArrays.txt,1,911,0.007009,0.000000,0.00
randomArrays.txt,2,911,0.007639,0.015625,0.00
randomArrays.txt,3,911,0.004389,0.000000,0.00
randomArrays.txt,1,265,0.001701,0.000000,0.00
randomArrays.txt,2,265,0.001647,0.000000,0.00
randomArrays.txt,3,265,0.001701,0.000000,0.00
randomArrays.txt,1,694,0.005802,0.015625,0.00
randomArrays.txt,2,694,0.003281,0.000000,0.00
randomArrays.txt,3,694,0.005820,0.000000,0.00
randomArrays.txt,1,188,0.001482,0.000000,0.00
randomArrays.txt,2,188,0.001203,0.000000,0.00
randomArrays.txt,3,188,0.001213,0.000000,0.00
randomArrays.txt,1,282,0.001435,0.015625,0.00
randomArrays.txt,2,282,0.001812,0.000000,0.00
randomArrays.txt,3,282,0.002307,0.000000,0.00
randomArrays.txt,1,347,0.002608,0.000000,0.00
randomArrays.txt,2,347,0.002630,0.000000,0.00
randomArrays.txt,3,347,0.002614,0.000000,0.00
randomArrays.txt,1,768,0.005911,0.015625,0.00
randomArrays.txt,2,768,0.006184,0.000000,0.00
randomArrays.txt,3,768,0.006182,0.000000,0.00
randomArrays.txt,1,778,0.006348,0.015625,0.00
randomArrays.txt,2,778,0.003635,0.000000,0.00
randomArrays.txt,3,778,0.006407,0.000000,0.00
randomArrays.txt,1,549,0.003822,0.000000,0.00
randomArrays.txt,2,549,0.003852,0.015625,0.00
randomArrays.txt,3,549,0.004078,0.000000,0.00
randomArrays.txt,1,12,0.000052,0.000000,0.00
randomArrays.txt,2,12,0.000050,0.000000,0.00
randomArrays.txt,3,12,0.000040,0.000000,0.00
randomArrays.txt,1,336,0.002403,0.000000,0.00
randomArrays.txt,2,336,0.002414,0.015625,0.00
randomArrays.txt,3,336,0.002417,0.000000,0.00
randomArrays.txt,1,949,0.005153,0.000000,0.00
randomArrays.txt,2,949,0.004026,0.000000,0.00
randomArrays.txt,3,949,0.008162,0.015625,0.00
randomArrays.txt,1,179,0.001922,0.000000,0.00
randomArrays.txt,2,179,0.001066,0.015625,0.00
randomArrays.txt,3,179,0.001034,0.000000,0.00
randomArrays.txt,1,634,0.005842,0.015625,0.00
randomArrays.txt,2,634,0.005708,0.000000,0.00
randomArrays.txt,3,634,0.005631,0.015625,0.00
randomArrays.txt,1,38,0.000140,0.000000,0.00
randomArrays.txt,2,38,0.000149,0.000000,0.00
randomArrays.txt,3,38,0.000201,0.000000,0.00
randomArrays.txt,1,123,0.000646,0.015625,0.00
randomArrays.txt,2,123,0.000646,0.000000,0.00
randomArrays.txt,3,123,0.000641,0.000000,0.00
randomArrays.txt,1,282,0.001808,0.000000,0.00
randomArrays.txt,2,282,0.001813,0.000000,0.00
randomArrays.txt,3,282,0.001816,0.000000,0.00
randomArrays.txt,1,452,0.003514,0.000000,0.00
randomArrays.txt,2,452,0.003257,0.000000,0.00
randomArrays.txt,3,452,0.003254,0.015625,0.00
randomArrays.txt,1,217,0.001570,0.000000,0.00
randomArrays.txt,2,217,0.001558,0.015625,0.00
randomArrays.txt,3,217,0.001566,0.000000,0.00
randomArrays.txt,1,629,0.005167,0.000000,0.00
randomArrays.txt,2,629,0.005176,0.015625,0.00
randomArrays.txt,3,629,0.005162,0.000000,0.00
randomArrays.txt,1,275,0.001989,0.000000,0.00
randomArrays.txt,2,275,0.001769,0.000000,0.00
randomArrays.txt,3,275,0.002362,0.000000,0.00
randomArrays.txt,1,66,0.000301,0.000000,0.00
randomArrays.txt,2,66,0.000305,0.000000,0.00
randomArrays.txt,3,66,0.000439,0.000000,0.00
randomArrays.txt,1,308,0.002780,0.000000,0.00
randomArrays.txt,2,308,0.002222,0.000000,0.00
randomArrays.txt,3,308,0.002716,0.000000,0.00
randomArrays.txt,1,809,0.004989,0.000000,0.00
randomArrays.txt,2,809,0.006859,0.015625,0.00
randomArrays.txt,3,809,0.006557,0.000000,0.00
randomArrays.txt,1,634,0.008568,0.000000,0.00
randomArrays.txt,2,634,0.004244,0.000000,0.00
randomArrays.txt,3,634,0.004394,0.000000,0.00
randomArrays.txt,1,478,0.003208,0.000000,0.00
randomArrays.txt,2,478,0.004521,0.000000,0.00
randomArrays.txt,3,478,0.004141,0.000000,0.00
randomArrays.txt,1,336,0.002134,0.000000,0.00
randomArrays.txt,2,336,0.001533,0.000000,0.00
randomArrays.txt,3,336,0.001947,0.000000,0.00
randomArrays.txt,1,672,0.004171,0.000000,0.00
randomArrays.txt,2,672,0.006951,0.015625,0.00
randomArrays.txt,3,672,0.003003,0.000000,0.00
randomArrays.txt,1,583,0.004659,0.000000,0.00
randomArrays.txt,2,583,0.002352,0.000000,0.00
randomArrays.txt,3,583,0.002950,0.000000,0.00
randomArrays.txt,1,413,0.002928,0.000000,0.00
randomArrays.txt,2,413,0.002010,0.000000,0.00
randomArrays.txt,3,413,0.002931,0.015625,0.00
randomArrays.txt,1,683,0.005911,0.015625,0.00
randomArrays.txt,2,683,0.004479,0.000000,0.00
randomArrays.txt,3,683,0.005967,0.015625,0.00
randomArrays.txt,1,463,0.003522,0.000000,0.00
randomArrays.txt,2,463,0.003543,0.000000,0.00
randomArrays.txt,3,463,0.002337,0.000000,0.00
randomArrays.txt,1,267,0.002700,0.000000,0.00
randomArrays.txt,2,267,0.002630,0.000000,0.00
randomArrays.txt,3,267,0.003440,0.000000,0.00
randomArrays.txt,1,73,0.000484,0.000000,0.00
randomArrays.txt,2,73,0.000478,0.000000,0.00
randomArrays.txt,3,73,0.000475,0.000000,0.00
randomArrays.txt,1,641,0.004597,0.015625,0.00
randomArrays.txt,2,641,0.004606,0.000000,0.00
randomArrays.txt,3,641,0.004602,0.000000,0.00
randomArrays.txt,1,827,0.005888,0.015625,0.00
randomArrays.txt,2,827,0.006120,0.000000,0.00
randomArrays.txt,3,827,0.005631,0.000000,0.00
randomArrays.txt,1,864,0.007965,0.015625,0.00
randomArrays.txt,2,864,0.003669,0.000000,0.00
randomArrays.txt,3,864,0.007018,0.000000,0.00
randomArrays.txt,1,672,0.004466,0.000000,0.00
randomArrays.txt,2,672,0.005866,0.015625,0.00
randomArrays.txt,3,672,0.005781,0.000000,0.00
randomArrays.txt,1,948,0.005318,0.000000,0.00
randomArrays.txt,2,948,0.008130,0.000000,0.00
randomArrays.txt,3,948,0.007606,0.000000,0.00
randomArrays.txt,1,523,0.005856,0.000000,0.00
randomArrays.txt,2,523,0.003659,0.000000,0.00
randomArrays.txt,3,523,0.003301,0.000000,0.00
randomArrays.txt,1,113,0.000951,0.000000,0.00
randomArrays.txt,2,113,0.000945,0.000000,0.00
randomArrays.txt,3,113,0.001048,0.000000,0.00
randomArrays.txt,1,855,0.006223,0.015625,0.00
randomArrays.txt,2,855,0.005985,0.000000,0.00
randomArrays.txt,3,855,0.005894,0.015625,0.00
randomArrays.txt,1,764,0.006401,0.015625,0.00
randomArrays.txt,2,764,0.006320,0.000000,0.00
randomArrays.txt,3,764,0.006367,0.015625,0.00
randomArrays.txt,1,559,0.004746,0.000000,0.00
randomArrays.txt,2,559,0.004682,0.015625,0.00
randomArrays.txt,3,559,0.003893,0.000000,0.00
randomArrays.txt,1,256,0.001481,0.000000,0.00
randomArrays.txt,2,256,0.001466,0.000000,0.00
randomArrays.txt,3,256,0.001463,0.000000,0.00
randomArrays.txt,1,861,0.007208,0.000000,0.00
randomArrays.txt,2,861,0.007269,0.015625,0.00
randomArrays.txt,3,861,0.007180,0.000000,0.00
randomArrays.txt,1,215,0.001246,0.000000,0.00
randomArrays.txt,2,215,0.001230,0.000000,0.00
randomArrays.txt,3,215,0.001240,0.015625,0.00
randomArrays.txt,1,610,0.006906,0.015625,0.00
randomArrays.txt,2,610,0.005258,0.000000,0.00
randomArrays.txt,3,610,0.003245,0.015625,0.00
randomArrays.txt,1,133,0.000958,0.015625,0.00
randomArrays.txt,2,133,0.000753,0.000000,0.00
randomArrays.txt,3,133,0.000763,0.000000,0.00
randomArrays.txt,1,721,0.005226,0.000000,0.00
randomArrays.txt,2,721,0.003435,0.015625,0.00
randomArrays.txt,3,721,0.003300,0.000000,0.00
randomArrays.txt,1,826,0.007128,0.015625,0.00
randomArrays.txt,2,826,0.005434,0.000000,0.00
randomArrays.txt,3,826,0.007029,0.015625,0.00
randomArrays.txt,1,732,0.005540,0.000000,0.00
randomArrays.txt,2,732,0.005744,0.015625,0.00
randomArrays.txt,3,732,0.005733,0.000000,0.00
randomArrays.txt,1,218,0.001248,0.000000,0.00
randomArrays.txt,2,218,0.001634,0.000000,0.00
randomArrays.txt,3,218,0.001262,0.000000,0.00
randomArrays.txt,1,897,0.005701,0.000000,0.00
randomArrays.txt,2,897,0.007206,0.000000,0.00
randomArrays.txt,3,897,0.006367,0.015625,0.00
randomArrays.txt,1,95,0.000504,0.000000,0.00
randomArrays.txt,2,95,0.000512,0.000000,0.00
randomArrays.txt,3,95,0.000507,0.000000,0.00
randomArrays.txt,1,596,0.004456,0.015625,0.00
randomArrays.txt,2,596,0.004468,0.000000,0.00
randomArrays.txt,3,596,0.004459,0.000000,0.00
randomArrays.txt,1,333,0.002144,0.000000,0.00
randomArrays.txt,2,333,0.002140,0.015625,0.00
randomArrays.txt,3,333,0.002134,0.000000,0.00
randomArrays.txt,1,139,0.000935,0.015625,0.00
randomArrays.txt,2,139,0.000731,0.000000,0.00
randomArrays.txt,3,139,0.000732,0.000000,0.00
randomArrays.txt,1,90,0.000425,0.000000,0.00
randomArrays.txt,2,90,0.000432,0.000000,0.00
randomArrays.txt,3,90,0.000418,0.000000,0.00
randomArrays.txt,1,724,0.006185,0.000000,0.00
randomArrays.txt,2,724,0.006253,0.015625,0.00
randomArrays.txt,3,724,0.003999,0.000000,0.00
randomArrays.txt,1,24,0.000129,0.000000,0.00
randomArrays.txt,2,24,0.000094,0.000000,0.00
randomArrays.txt,3,24,0.000093,0.000000,0.00
randomArrays.txt,1,182,0.002897,0.000000,0.00
randomArrays.txt,2,182,0.001294,0.015625,0.00
randomArrays.txt,3,182,0.001292,0.000000,0.00
randomArrays.txt,1,440,0.003485,0.015625,0.00
randomArrays.txt,2,440,0.003506,0.000000,0.00
randomArrays.txt,3,440,0.003534,0.000000,0.00
randomArrays.txt,1,521,0.003692,0.000000,0.00
randomArrays.txt,2,521,0.003706,0.000000,0.00
randomArrays.txt,3,521,0.003102,0.015625,0.00
randomArrays.txt,1,653,0.005241,0.000000,0.00
randomArrays.txt,2,653,0.005658,0.015625,0.00
randomArrays.txt,3,653,0.005283,0.000000,0.00
randomArrays.txt,1,422,0.002549,0.000000,0.00
randomArrays.txt,2,422,0.002267,0.015625,0.00
randomArrays.txt,3,422,0.002437,0.000000,0.00
randomArrays.txt,1,919,0.003682,0.000000,0.00
randomArrays.txt,2,919,0.004081,0.000000,0.00
randomArrays.txt,3,919,0.008128,0.015625,0.00
randomArrays.txt,1,399,0.003042,0.000000,0.00
randomArrays.txt,2,399,0.003034,0.000000,0.00
randomArrays.txt,3,399,0.002376,0.000000,0.00
randomArrays.txt,1,148,0.001592,0.000000,0.00
randomArrays.txt,2,148,0.001160,0.015625,0.00
randomArrays.txt,3,148,0.000945,0.000000,0.00
randomArrays.txt,1,651,0.005030,0.000000,0.00
randomArrays.txt,2,651,0.003526,0.015625,0.00
randomArrays.txt,3,651,0.003370,0.000000,0.00
randomArrays.txt,1,953,0.006866,0.015625,0.00
randomArrays.txt,2,953,0.008372,0.000000,0.00
randomArrays.txt,3,953,0.004569,0.015625,0.00
randomArrays.txt,1,205,0.001369,0.000000,0.00
randomArrays.txt,2,205,0.001252,0.000000,0.00
randomArrays.txt,3,205,0.001618,0.000000,0.00
randomArrays.txt,1,713,0.003766,0.000000,0.00
randomArrays.txt,2,713,0.006184,0.000000,0.00
randomArrays.txt,3,713,0.006231,0.000000,0.00
randomArrays.txt,1,335,0.002333,0.015625,0.00
randomArrays.txt,2,335,0.002750,0.000000,0.00
randomArrays.txt,3,335,0.002324,0.000000,0.00
randomArrays.txt,1,800,0.006263,0.000000,0.00
randomArrays.txt,2,800,0.003591,0.000000,0.00
randomArrays.txt,3,800,0.006653,0.015625,0.00
randomArrays.txt,1,263,0.001846,0.000000,0.00
randomArrays.txt,2,263,0.001836,0.000000,0.00
randomArrays.txt,3,263,0.001839,0.000000,0.00
randomArrays.txt,1,305,0.002302,0.000000,0.00
randomArrays.txt,2,305,0.002086,0.000000,0.00
randomArrays.txt,3,305,0.002076,0.000000,0.00
randomArrays.txt,1,772,0.006799,0.015625,0.00
randomArrays.txt,2,772,0.004432,0.000000,0.00
randomArrays.txt,3,772,0.006785,0.000000,0.00
randomArrays.txt,1,760,0.003976,0.015625,0.00
randomArrays.txt,2,760,0.011691,0.015625,0.00
randomArrays.txt,3,760,0.006418,0.000000,0.00
randomArrays.txt,1,985,0.004442,0.015625,0.00
randomArrays.txt,2,985,0.004407,0.000000,0.00
randomArrays.txt,3,985,0.009157,0.000000,0.00
randomArrays.txt,1,468,0.003271,0.015625,0.00
randomArrays.txt,2,468,0.003258,0.000000,0.00
randomArrays.txt,3,468,0.003265,0.000000,0.00
randomArrays.txt,1,542,0.004269,0.000000,0.00
randomArrays.txt,2,542,0.004256,0.015625,0.00
randomArrays.txt,3,542,0.004245,0.000000,0.00
randomArrays.txt,1,137,0.001260,0.000000,0.00
randomArrays.txt,2,137,0.000785,0.000000,0.00
randomArrays.txt,3,137,0.000783,0.000000,0.00
randomArrays.txt,1,877,0.010312,0.015625,0.00
randomArrays.txt,2,877,0.004509,0.000000,0.00
randomArrays.txt,3,877,0.007534,0.015625,0.00
randomArrays.txt,1,407,0.003530,0.015625,0.00
randomArrays.txt,2,407,0.003565,0.000000,0.00
randomArrays.txt,3,407,0.004588,0.000000,0.00
randomArrays.txt,1,13,0.000057,0.000000,0.00
randomArrays.txt,2,13,0.000058,0.000000,0.00
randomArrays.txt,3,13,0.000033,0.000000,0.00
randomArrays.txt,1,857,0.006630,0.000000,0.00
randomArrays.txt,2,857,0.006622,0.015625,0.00
randomArrays.txt,3,857,0.006610,0.000000,0.00
randomArrays.txt,1,961,0.005994,0.015625,0.00
randomArrays.txt,2,961,0.007596,0.000000,0.00
randomArrays.txt,3,961,0.007751,0.015625,0.00
randomArrays.txt,1,963,0.006763,0.000000,0.00
randomArrays.txt,2,963,0.007051,0.000000,0.00
randomArrays.txt,3,963,0.008060,0.015625,0.00
randomArrays.txt,1,792,0.006779,0.000000,0.00
randomArrays.txt,2,792,0.006292,0.000000,0.00
randomArrays.txt,3,792,0.003863,0.000000,0.00
randomArrays.txt,1,190,0.001754,0.000000,0.00
randomArrays.txt,2,190,0.001410,0.000000,0.00
randomArrays.txt,3,190,0.001573,0.000000,0.00
randomArrays.txt,1,859,0.007214,0.000000,0.00
randomArrays.txt,2,859,0.007060,0.015625,0.00
randomArrays.txt,3,859,0.004850,0.000000,0.00
randomArrays.txt,1,989,0.009841,0.015625,0.00
randomArrays.txt,2,989,0.008160,0.015625,0.00
randomArrays.txt,3,989,0.004807,0.000000,0.00
randomArrays.txt,1,816,0.005798,0.000000,0.00
randomArrays.txt,2,816,0.007167,0.015625,0.00
randomArrays.txt,3,816,0.007205,0.000000,0.00
randomArrays.txt,1,950,0.007516,0.015625,0.00
randomArrays.txt,2,950,0.007519,0.000000,0.00
randomArrays.txt,3,950,0.008340,0.015625,0.00
randomArrays.txt,1,241,0.001657,0.000000,0.00
randomArrays.txt,2,241,0.001586,0.015625,0.00
randomArrays.txt,3,241,0.001374,0.000000,0.00
randomArrays.txt,1,957,0.007394,0.000000,0.00
randomArrays.txt,2,957,0.012194,0.015625,0.00
randomArrays.txt,3,957,0.015105,0.000000,0.00
randomArrays.txt,1,155,0.001009,0.000000,0.00
randomArrays.txt,2,155,0.001076,0.000000,0.00
randomArrays.txt,3,155,0.001002,0.000000,0.00
randomArrays.txt,1,625,0.005284,0.000000,0.00
randomArrays.txt,2,625,0.005253,0.000000,0.00
randomArrays.txt,3,625,0.005261,0.015625,0.00
randomArrays.txt,1,573,0.006690,0.000000,0.00
randomArrays.txt,2,573,0.006751,0.015625,0.00
randomArrays.txt,3,573,0.003482,0.000000,0.00
randomArrays.txt,1,278,0.001480,0.000000,0.00
randomArrays.txt,2,278,0.001436,0.000000,0.00
randomArrays.txt,3,278,0.001470,0.000000,0.00
randomArrays.txt,1,67,0.000230,0.000000,0.00
randomArrays.txt,2,67,0.000224,0.000000,0.00
randomArrays.txt,3,67,0.000825,0.000000,0.00
randomArrays.txt,1,785,0.010473,0.000000,0.00
randomArrays.txt,2,785,0.010504,0.015625,0.00
randomArrays.txt,3,785,0.003577,0.000000,0.00
randomArrays.txt,1,576,0.005679,0.000000,0.00
randomArrays.txt,2,576,0.005725,0.015625,0.00
randomArrays.txt,3,576,0.004337,0.000000,0.00
randomArrays.txt,1,949,0.007982,0.015625,0.00
randomArrays.txt,2,949,0.009178,0.000000,0.00
randomArrays.txt,3,949,0.008234,0.000000,0.00
randomArrays.txt,1,274,0.001812,0.015625,0.00
randomArrays.txt,2,274,0.002075,0.000000,0.00
randomArrays.txt,3,274,0.001468,0.000000,0.00
randomArrays.txt,1,827,0.005504,0.000000,0.00
randomArrays.txt,2,827,0.007713,0.015625,0.00
randomArrays.txt,3,827,0.006885,0.000000,0.00
randomArrays.txt,1,246,0.001606,0.000000,0.00
randomArrays.txt,2,246,0.001223,0.000000,0.00
randomArrays.txt,3,246,0.001613,0.000000,0.00
randomArrays.txt,1,497,0.003552,0.000000,0.00
randomArrays.txt,2,497,0.001978,0.000000,0.00
randomArrays.txt,3,497,0.003601,0.000000,0.00
randomArrays.txt,1,98,0.001390,0.000000,0.00
randomArrays.txt,2,98,0.000428,0.000000,0.00
randomArrays.txt,3,98,0.000443,0.000000,0.00
randomArrays.txt,1,87,0.000745,0.000000,0.00
randomArrays.txt,2,87,0.000343,0.000000,0.00
randomArrays.txt,3,87,0.000431,0.000000,0.00
randomArrays.txt,1,362,0.002410,0.000000,0.00
randomArrays.txt,2,362,0.002408,0.000000,0.00
randomArrays.txt,3,362,0.002477,0.015625,0.00
randomArrays.txt,1,748,0.007308,0.000000,0.00
randomArrays.txt,2,748,0.003602,0.000000,0.00
randomArrays.txt,3,748,0.003321,0.015625,0.00
randomArrays.txt,1,553,0.004230,0.000000,0.00
randomArrays.txt,2,553,0.004479,0.000000,0.00
randomArrays.txt,3,553,0.004197,0.000000,0.00
randomArrays.txt,1,931,0.008682,0.015625,0.00
randomArrays.txt,2,931,0.008664,0.000000,0.00
randomArrays.txt,3,931,0.006610,0.000000,0.00
randomArrays.txt,1,24,0.000121,0.000000,0.00
randomArrays.txt,2,24,0.000111,0.000000,0.00
randomArrays.txt,3,24,0.000096,0.000000,0.00
randomArrays.txt,1,836,0.007050,0.015625,0.00
randomArrays.txt,2,836,0.006474,0.000000,0.00
randomArrays.txt,3,836,0.007088,0.015625,0.00
randomArrays.txt,1,524,0.004668,0.015625,0.00
randomArrays.txt,2,524,0.004133,0.000000,0.00
randomArrays.txt,3,524,0.004264,0.000000,0.00
randomArrays.txt,1,286,0.001748,0.000000,0.00
randomArrays.txt,2,286,0.001747,0.000000,0.00
randomArrays.txt,3,286,0.001985,0.000000,0.00
randomArrays.txt,1,379,0.002758,0.000000,0.00
randomArrays.txt,2,379,0.001665,0.000000,0.00
randomArrays.txt,3,379,0.002789,0.000000,0.00
randomArrays.txt,1,654,0.003232,0.000000,0.00
randomArrays.txt,2,654,0.003215,0.000000,0.00
randomArrays.txt,3,654,0.005299,0.000000,0.00
randomArrays.txt,1,795,0.006515,0.000000,0.00
randomArrays.txt,2,795,0.003428,0.000000,0.00
randomArrays.txt,3,795,0.006227,0.015625,0.00
randomArrays.txt,1,335,0.002217,0.000000,0.00
randomArrays.txt,2,335,0.002177,0.000000,0.00
randomArrays.txt,3,335,0.002189,0.000000,0.00
randomArrays.txt,1,218,0.001772,0.000000,0.00
randomArrays.txt,2,218,0.001282,0.000000,0.00
randomArrays.txt,3,218,0.001290,0.000000,0.00
randomArrays.txt,1,390,0.002713,0.000000,0.00
randomArrays.txt,2,390,0.002711,0.015625,0.00
randomArrays.txt,3,390,0.002704,0.000000,0.00
randomArrays.txt,1,80,0.000674,0.000000,0.00
randomArrays.txt,2,80,0.000648,0.000000,0.00
randomArrays.txt,3,80,0.000284,0.000000,0.00
randomArrays.txt,1,602,0.005537,0.000000,0.00
randomArrays.txt,2,602,0.002611,0.000000,0.00
randomArrays.txt,3,602,0.005436,0.015625,0.00
randomArrays.txt,1,687,0.007931,0.000000,0.00
randomArrays.txt,2,687,0.008297,0.000000,0.00
randomArrays.txt,3,687,0.005674,0.015625,0.00
randomArrays.txt,1,573,0.004518,0.000000,0.00
randomArrays.txt,2,573,0.003969,0.015625,0.00
randomArrays.txt,3,573,0.003668,0.000000,0.00
randomArrays.txt,1,857,0.005424,0.000000,0.00
randomArrays.txt,2,857,0.004095,0.015625,0.00
randomArrays.txt,3,857,0.010458,0.000000,0.00
randomArrays.txt,1,484,0.003232,0.015625,0.00
randomArrays.txt,2,484,0.005213,0.000000,0.00
randomArrays.txt,3,484,0.008469,0.015625,0.00
randomArrays.txt,1,633,0.005492,0.000000,0.00
randomArrays.txt,2,633,0.005281,0.000000,0.00
randomArrays.txt,3,633,0.005465,0.015625,0.00
randomArrays.txt,1,393,0.002710,0.000000,0.00
randomArrays.txt,2,393,0.002727,0.000000,0.00
randomArrays.txt,3,393,0.002731,0.015625,0.00
randomArrays.txt,1,953,0.004320,0.000000,0.00
randomArrays.txt,2,953,0.009092,0.015625,0.00
randomArrays.txt,3,953,0.007452,0.000000,0.00
randomArrays.txt,1,718,0.008814,0.000000,0.00
randomArrays.txt,2,718,0.003325,0.015625,0.00
randomArrays.txt,3,718,0.008428,0.000000,0.00
randomArrays.txt,1,330,0.002371,0.015625,0.00
randomArrays.txt,2,330,0.003698,0.000000,0.00
randomArrays.txt,3,330,0.003118,0.000000,0.00
randomArrays.txt,1,273,0.001910,0.000000,0.00
randomArrays.txt,2,273,0.002167,0.000000,0.00
randomArrays.txt,3,273,0.001727,0.000000,0.00
randomArrays.txt,1,323,0.002247,0.000000,0.00
randomArrays.txt,2,323,0.001823,0.000000,0.00
randomArrays.txt,3,323,0.001723,0.015625,0.00
randomArrays.txt,1,971,0.004357,0.015625,0.00
randomArrays.txt,2,971,0.009052,0.000000,0.00
randomArrays.txt,3,971,0.008412,0.015625,0.00
randomArrays.txt,1,156,0.000832,0.000000,0.00
randomArrays.txt,2,156,0.000825,0.000000,0.00
randomArrays.txt,3,156,0.000813,0.000000,0.00
randomArrays.txt,1,971,0.008289,0.000000,0.00
randomArrays.txt,2,971,0.036007,0.031250,0.00
randomArrays.txt,3,971,0.008371,0.000000,0.00
randomArrays.txt,1,202,0.001236,0.000000,0.00
randomArrays.txt,2,202,0.001229,0.000000,0.00
randomArrays.txt,3,202,0.001400,0.000000,0.00
randomArrays.txt,1,201,0.001236,0.000000,0.00
randomArrays.txt,2,201,0.001240,0.000000,0.00
randomArrays.txt,3,201,0.001220,0.000000,0.00
randomArrays.txt,1,230,0.001970,0.000000,0.00
randomArrays.txt,2,230,0.002222,0.000000,0.00
randomArrays.txt,3,230,0.001509,0.015625,0.00
randomArrays.txt,1,953,0.031401,0.015625,0.00
randomArrays.txt,2,953,0.014789,0.015625,0.00
randomArrays.txt,3,953,0.013034,0.015625,0.00
randomArrays.txt,1,399,0.002631,0.000000,0.00
randomArrays.txt,2,399,0.001741,0.000000,0.00
randomArrays.txt,3,399,0.002560,0.000000,0.00
randomArrays.txt,1,354,0.001957,0.015625,0.00
randomArrays.txt,2,354,0.001969,0.000000,0.00
randomArrays.txt,3,354,0.002214,0.000000,0.00
randomArrays.txt,1,334,0.002859,0.000000,0.00
randomArrays.txt,2,334,0.002848,0.000000,0.00
randomArrays.txt,3,334,0.002841,0.000000,0.00
randomArrays.txt,1,538,0.004282,0.000000,0.00
randomArrays.txt,2,538,0.004274,0.015625,0.00
randomArrays.txt,3,538,0.004326,0.000000,0.00
randomArrays.txt,1,238,0.001495,0.000000,0.00
randomArrays.txt,2,238,0.001508,0.000000,0.00
randomArrays.txt,3,238,0.001512,0.015625,0.00
randomArrays.txt,1,415,0.004236,0.015625,0.00
randomArrays.txt,2,415,0.004195,0.000000,0.00
randomArrays.txt,3,415,0.004178,0.000000,0.00
randomArrays.txt,1,498,0.005331,0.000000,0.00
randomArrays.txt,2,498,0.005033,0.000000,0.00
randomArrays.txt,3,498,0.003514,0.000000,0.00
randomArrays.txt,1,193,0.000936,0.000000,0.00
randomArrays.txt,2,193,0.001083,0.000000,0.00
randomArrays.txt,3,193,0.001340,0.000000,0.00
randomArrays.txt,1,125,0.000779,0.000000,0.00
randomArrays.txt,2,125,0.000918,0.000000,0.00
randomArrays.txt,3,125,0.000704,0.000000,0.00
randomArrays.txt,1,100,0.000600,0.000000,0.00
randomArrays.txt,2,100,0.000435,0.000000,0.00
randomArrays.txt,3,100,0.000590,0.000000,0.00
randomArrays.txt,1,742,0.006212,0.000000,0.00
randomArrays.txt,2,742,0.006184,0.000000,0.00
randomArrays.txt,3,742,0.006185,0.000000,0.00
randomArrays.txt,1,588,0.004518,0.000000,0.00
randomArrays.txt,2,588,0.004543,0.015625,0.00
randomArrays.txt,3,588,0.004540,0.000000,0.00
randomArrays.txt,1,355,0.002604,0.000000,0.00
randomArrays.txt,2,355,0.002425,0.000000,0.00
randomArrays.txt,3,355,0.002405,0.000000,0.00
randomArrays.txt,1,923,0.007424,0.000000,0.00
randomArrays.txt,2,923,0.007907,0.015625,0.00
randomArrays.txt,3,923,0.004067,0.000000,0.00
randomArrays.txt,1,167,0.000902,0.000000,0.00
randomArrays.txt,2,167,0.001106,0.000000,0.00
randomArrays.txt,3,167,0.000898,0.000000,0.00
randomArrays.txt,1,518,0.004814,0.015625,0.00
randomArrays.txt,2,518,0.003740,0.000000,0.00
randomArrays.txt,3,518,0.006009,0.000000,0.00
randomArrays.txt,1,649,0.004963,0.000000,0.00
randomArrays.txt,2,649,0.003311,0.000000,0.00
randomArrays.txt,3,649,0.005030,0.000000,0.00
randomArrays.txt,1,280,0.001888,0.000000,0.00
randomArrays.txt,2,280,0.001894,0.000000,0.00
randomArrays.txt,3,280,0.001720,0.000000,0.00
randomArrays.txt,1,842,0.006251,0.000000,0.00
randomArrays.txt,2,842,0.007689,0.000000,0.00
randomArrays.txt,3,842,0.006614,0.000000,0.00
randomArrays.txt,1,586,0.004681,0.015625,0.00
randomArrays.txt,2,586,0.005834,0.000000,0.00
randomArrays.txt,3,586,0.003905,0.015625,0.00
randomArrays.txt,1,519,0.004294,0.000000,0.00
randomArrays.txt,2,519,0.003816,0.000000,0.00
randomArrays.txt,3,519,0.004294,0.000000,0.00
randomArrays.txt,1,112,0.001198,0.000000,0.00
randomArrays.txt,2,112,0.001141,0.000000,0.00
randomArrays.txt,3,112,0.000933,0.000000,0.00
randomArrays.txt,1,320,0.001816,0.000000,0.00
randomArrays.txt,2,320,0.002092,0.000000,0.00
randomArrays.txt,3,320,0.002088,0.015625,0.00
randomArrays.txt,1,955,0.011461,0.015625,0.00
randomArrays.txt,2,955,0.009151,0.000000,0.00
randomArrays.txt,3,955,0.004626,0.015625,0.00
randomArrays.txt,1,61,0.000434,0.015625,0.00
randomArrays.txt,2,61,0.000417,0.000000,0.00
randomArrays.txt,3,61,0.000430,0.000000,0.00
randomArrays.txt,1,709,0.005907,0.015625,0.00
randomArrays.txt,2,709,0.005916,0.000000,0.00
randomArrays.txt,3,709,0.005771,0.015625,0.00
randomArrays.txt,1,671,0.003968,0.000000,0.00
randomArrays.txt,2,671,0.005693,0.000000,0.00
randomArrays.txt,3,671,0.005761,0.015625,0.00
randomArrays.txt,1,437,0.002371,0.000000,0.00
randomArrays.txt,2,437,0.002385,0.000000,0.00
randomArrays.txt,3,437,0.002529,0.000000,0.00
randomArrays.txt,1,917,0.005014,0.000000,0.00
randomArrays.txt,2,917,0.011688,0.015625,0.00
randomArrays.txt,3,917,0.007745,0.000000,0.00
randomArrays.txt,1,499,0.003843,0.015625,0.00
randomArrays.txt,2,499,0.003841,0.000000,0.00
randomArrays.txt,3,499,0.003839,0.000000,0.00
randomArrays.txt,1,503,0.003423,0.000000,0.00
randomArrays.txt,2,503,0.003500,0.000000,0.00
randomArrays.txt,3,503,0.002103,0.000000,0.00
randomArrays.txt,1,676,0.005591,0.000000,0.00
randomArrays.txt,2,676,0.005551,0.000000,0.00
randomArrays.txt,3,676,0.005580,0.015625,0.00
randomArrays.txt,1,594,0.005365,0.000000,0.00
randomArrays.txt,2,594,0.005355,0.000000,0.00
randomArrays.txt,3,594,0.005349,0.015625,0.00
randomArrays.txt,1,48,0.000197,0.000000,0.00
randomArrays.txt,2,48,0.000195,0.000000,0.00
randomArrays.txt,3,48,0.000197,0.000000,0.00
randomArrays.txt,1,590,0.004656,0.000000,0.00
randomArrays.txt,2,590,0.004493,0.000000,0.00
randomArrays.txt,3,590,0.002558,0.000000,0.00
randomArrays.txt,1,861,0.007144,0.000000,0.00
randomArrays.txt,2,861,0.007393,0.015625,0.00
randomArrays.txt,3,861,0.007699,0.000000,0.00
randomArrays.txt,1,363,0.005196,0.000000,0.00
randomArrays.txt,2,363,0.001728,0.000000,0.00
randomArrays.txt,3,363,0.001956,0.000000,0.00
randomArrays.txt,1,969,0.003916,0.015625,0.00
randomArrays.txt,2,969,0.008222,0.000000,0.00
randomArrays.txt,3,969,0.005144,0.000000,0.00
randomArrays.txt,1,912,0.006653,0.000000,0.00
randomArrays.txt,2,912,0.006104,0.015625,0.00
randomArrays.txt,3,912,0.008229,0.000000,0.00
randomArrays.txt,1,779,0.006260,0.015625,0.00
randomArrays.txt,2,779,0.005241,0.000000,0.00
randomArrays.txt,3,779,0.009389,0.015625,0.00
randomArrays.txt,1,301,0.009916,0.000000,0.00
randomArrays.txt,2,301,0.003169,0.000000,0.00
randomArrays.txt,3,301,0.002509,0.015625,0.00
randomArrays.txt,1,545,0.004156,0.000000,0.00
randomArrays.txt,2,545,0.004279,0.000000,0.00
randomArrays.txt,3,545,0.004111,0.000000,0.00
randomArrays.txt,1,24,0.000073,0.000000,0.00
randomArrays.txt,2,24,0.000100,0.000000,0.00
randomArrays.txt,3,24,0.000077,0.000000,0.00
randomArrays.txt,1,953,0.008079,0.015625,0.00
randomArrays.txt,2,953,0.008279,0.015625,0.00
randomArrays.txt,3,953,0.009978,0.000000,0.00
randomArrays.txt,1,440,0.003049,0.000000,0.00
randomArrays.txt,2,440,0.003274,0.000000,0.00
randomArrays.txt,3,440,0.003316,0.015625,0.00
randomArrays.txt,1,997,0.010836,0.015625,0.00
randomArrays.txt,2,997,0.016795,0.015625,0.00
randomArrays.txt,3,997,0.011833,0.015625,0.00
randomArrays.txt,1,661,0.002674,0.000000,0.00
randomArrays.txt,2,661,0.004882,0.015625,0.00
randomArrays.txt,3,661,0.002543,0.000000,0.00
randomArrays.txt,1,583,0.004839,0.000000,0.00
randomArrays.txt,2,583,0.004851,0.015625,0.00
randomArrays.txt,3,583,0.004840,0.000000,0.00
randomArrays.txt,1,478,0.003751,0.000000,0.00
randomArrays.txt,2,478,0.002447,0.000000,0.00
randomArrays.txt,3,478,0.003751,0.015625,0.00
randomArrays.txt,1,220,0.001398,0.015625,0.00
randomArrays.txt,2,220,0.001269,0.000000,0.00
randomArrays.txt,3,220,0.001306,0.000000,0.00
randomArrays.txt,1,458,0.002265,0.000000,0.00
randomArrays.txt,2,458,0.002216,0.000000,0.00
randomArrays.txt,3,458,0.002193,0.000000,0.00
randomArrays.txt,1,783,0.005766,0.000000,0.00
randomArrays.txt,2,783,0.006236,0.015625,0.00
randomArrays.txt,3,783,0.006303,0.000000,0.00
randomArrays.txt,1,554,0.004036,0.000000,0.00
randomArrays.txt,2,554,0.003989,0.015625,0.00
randomArrays.txt,3,554,0.003979,0.000000,0.00
randomArrays.txt,1,167,0.001168,0.000000,0.00
randomArrays.txt,2,167,0.001162,0.015625,0.00
randomArrays.txt,3,167,0.001221,0.000000,0.00
randomArrays.txt,1,338,0.002231,0.000000,0.00
randomArrays.txt,2,338,0.002243,0.000000,0.00
randomArrays.txt,3,338,0.002753,0.000000,0.00
randomArrays.txt,1,321,0.003296,0.015625,0.00
randomArrays.txt,2,321,0.003369,0.000000,0.00
randomArrays.txt,3,321,0.002135,0.000000,0.00
randomArrays.txt,1,993,0.008374,0.015625,0.00
randomArrays.txt,2,993,0.008842,0.000000,0.00
randomArrays.txt,3,993,0.007011,0.015625,0.00
randomArrays.txt,1,414,0.003294,0.000000,0.00
randomArrays.txt,2,414,0.003327,0.015625,0.00
randomArrays.txt,3,414,0.002322,0.000000,0.00
randomArrays.txt,1,630,0.005084,0.015625,0.00
randomArrays.txt,2,630,0.003509,0.000000,0.00
randomArrays.txt,3,630,0.005083,0.000000,0.00
randomArrays.txt,1,572,0.004422,0.000000,0.00
randomArrays.txt,2,572,0.004460,0.015625,0.00
randomArrays.txt,3,572,0.004427,0.000000,0.00
randomArrays.txt,1,119,0.000618,0.000000,0.00
randomArrays.txt,2,119,0.000628,0.000000,0.00
randomArrays.txt,3,119,0.000961,0.000000,0.00
randomArrays.txt,1,852,0.004787,0.000000,0.00
randomArrays.txt,2,852,0.007583,0.015625,0.00
randomArrays.txt,3,852,0.007609,0.000000,0.00
randomArrays.txt,1,392,0.002698,0.000000,0.00
randomArrays.txt,2,392,0.002705,0.000000,0.00
randomArrays.txt,3,392,0.002739,0.000000,0.00
randomArrays.txt,1,744,0.008794,0.000000,0.00
randomArrays.txt,2,744,0.007908,0.015625,0.00
randomArrays.txt,3,744,0.004922,0.000000,0.00
randomArrays.txt,1,767,0.005709,0.000000,0.00
randomArrays.txt,2,767,0.006149,0.015625,0.00
randomArrays.txt,3,767,0.005365,0.000000,0.00
randomArrays.txt,1,419,0.003094,0.000000,0.00
randomArrays.txt,2,419,0.003034,0.000000,0.00
randomArrays.txt,3,419,0.002986,0.000000,0.00
randomArrays.txt,1,186,0.001154,0.000000,0.00
randomArrays.txt,2,186,0.001870,0.000000,0.00
randomArrays.txt,3,186,0.001038,0.000000,0.00
randomArrays.txt,1,498,0.002345,0.000000,0.00
randomArrays.txt,2,498,0.002644,0.000000,0.00
randomArrays.txt,3,498,0.002649,0.015625,0.00
randomArrays.txt,1,369,0.002883,0.000000,0.00
randomArrays.txt,2,369,0.002554,0.000000,0.00
randomArrays.txt,3,369,0.002534,0.000000,0.00
randomArrays.txt,1,545,0.002759,0.000000,0.00
randomArrays.txt,2,545,0.003757,0.015625,0.00
randomArrays.txt,3,545,0.002724,0.000000,0.00
randomArrays.txt,1,585,0.002994,0.000000,0.00
randomArrays.txt,2,585,0.002500,0.000000,0.00
randomArrays.txt,3,585,0.004794,0.000000,0.00
randomArrays.txt,1,232,0.002297,0.000000,0.00
randomArrays.txt,2,232,0.001922,0.000000,0.00
randomArrays.txt,3,232,0.002522,0.000000,0.00
randomArrays.txt,1,683,0.005056,0.000000,0.00
randomArrays.txt,2,683,0.005364,0.015625,0.00
randomArrays.txt,3,683,0.005342,0.000000,0.00
randomArrays.txt,1,373,0.003077,0.000000,0.00
randomArrays.txt,2,373,0.004373,0.015625,0.00
randomArrays.txt,3,373,0.002557,0.000000,0.00
randomArrays.txt,1,67,0.000294,0.000000,0.00
randomArrays.txt,2,67,0.000297,0.000000,0.00
randomArrays.txt,3,67,0.000305,0.000000,0.00
randomArrays.txt,1,47,0.000225,0.000000,0.00
randomArrays.txt,2,47,0.000221,0.000000,0.00
randomArrays.txt,3,47,0.000223,0.000000,0.00
randomArrays.txt,1,353,0.002427,0.000000,0.00
randomArrays.txt,2,353,0.002404,0.000000,0.00
randomArrays.txt,3,353,0.002418,0.000000,0.00
randomArrays.txt,1,165,0.001004,0.000000,0.00
randomArrays.txt,2,165,0.001003,0.000000,0.00
randomArrays.txt,3,165,0.001048,0.000000,0.00
randomArrays.txt,1,822,0.006147,0.015625,0.00
randomArrays.txt,2,822,0.013975,0.015625,0.00
randomArrays.txt,3,822,0.007980,0.000000,0.00
randomArrays.txt,1,207,0.001948,0.000000,0.00
randomArrays.txt,2,207,0.001874,0.000000,0.00
randomArrays.txt,3,207,0.002322,0.000000,0.00
randomArrays.txt,1,365,0.002732,0.015625,0.00
randomArrays.txt,2,365,0.003028,0.000000,0.00
randomArrays.txt,3,365,0.002734,0.000000,0.00
randomArrays.txt,1,33,0.000100,0.000000,0.00
randomArrays.txt,2,33,0.000132,0.000000,0.00
randomArrays.txt,3,33,0.000130,0.000000,0.00
randomArrays.txt,1,324,0.001842,0.000000,0.00
randomArrays.txt,2,324,0.002602,0.000000,0.00
randomArrays.txt,3,324,0.001848,0.000000,0.00
randomArrays.txt,1,533,0.003815,0.015625,0.00
randomArrays.txt,2,533,0.004068,0.000000,0.00
randomArrays.txt,3,533,0.004002,0.000000,0.00
randomArrays.txt,1,467,0.003449,0.000000,0.00
randomArrays.txt,2,467,0.003433,0.000000,0.00
randomArrays.txt,3,467,0.003458,0.000000,0.00
randomArrays.txt,1,653,0.004751,0.000000,0.00
randomArrays.txt,2,653,0.003385,0.015625,0.00
randomArrays.txt,3,653,0.004793,0.000000,0.00
randomArrays.txt,1,262,0.001628,0.000000,0.00
randomArrays.txt,2,262,0.001645,0.000000,0.00
randomArrays.txt,3,262,0.001623,0.000000,0.00
randomArrays.txt,1,26,0.000095,0.000000,0.00
randomArrays.txt,2,26,0.000128,0.000000,0.00
randomArrays.txt,3,26,0.000063,0.000000,0.00
randomArrays.txt,1,705,0.009189,0.000000,0.00
randomArrays.txt,2,705,0.009155,0.015625,0.00
randomArrays.txt,3,705,0.007786,0.000000,0.00
randomArrays.txt,1,945,0.007317,0.000000,0.00
randomArrays.txt,2,945,0.004578,0.015625,0.00
randomArrays.txt,3,945,0.009379,0.000000,0.00
randomArrays.txt,1,145,0.000806,0.000000,0.00
randomArrays.txt,2,145,0.001025,0.000000,0.00
randomArrays.txt,3,145,0.001756,0.000000,0.00
randomArrays.txt,1,987,0.003884,0.000000,0.00
randomArrays.txt,2,987,0.004115,0.000000,0.00
randomArrays.txt,3,987,0.009294,0.015625,0.00
randomArrays.txt,1,40,0.000430,0.000000,0.00
randomArrays.txt,2,40,0.000146,0.000000,0.00
randomArrays.txt,3,40,0.000152,0.000000,0.00
randomArrays.txt,1,418,0.003053,0.000000,0.00
randomArrays.txt,2,418,0.003051,0.015625,0.00
randomArrays.txt,3,418,0.003055,0.000000,0.00
randomArrays.txt,1,20,0.000086,0.000000,0.00
randomArrays.txt,2,20,0.000079,0.000000,0.00
randomArrays.txt,3,20,0.000082,0.000000,0.00
randomArrays.txt,1,618,0.004436,0.000000,0.00
randomArrays.txt,2,618,0.008494,0.015625,0.00
randomArrays.txt,3,618,0.009265,0.015625,0.00
randomArrays.txt,1,463,0.002510,0.000000,0.00
randomArrays.txt,2,463,0.003959,0.000000,0.00
randomArrays.txt,3,463,0.003971,0.000000,0.00
randomArrays.txt,1,310,0.003027,0.000000,0.00
randomArrays.txt,2,310,0.003030,0.000000,0.00
randomArrays.txt,3,310,0.003027,0.015625,0.00
randomArrays.txt,1,753,0.005451,0.015625,0.00
randomArrays.txt,2,753,0.006375,0.000000,0.00
randomArrays.txt,3,753,0.004007,0.000000,0.00
randomArrays.txt,1,203,0.001403,0.000000,0.00
randomArrays.txt,2,203,0.001128,0.000000,0.00
randomArrays.txt,3,203,0.001583,0.000000,0.00
randomArrays.txt,1,756,0.006232,0.015625,0.00
randomArrays.txt,2,756,0.006064,0.000000,0.00
randomArrays.txt,3,756,0.009497,0.015625,0.00
randomArrays.txt,1,998,0.007144,0.015625,0.00
randomArrays.txt,2,998,0.011792,0.015625,0.00
randomArrays.txt,3,998,0.010359,0.000000,0.00
randomArrays.txt,1,631,0.004751,0.015625,0.00
randomArrays.txt,2,631,0.005007,0.000000,0.00
randomArrays.txt,3,631,0.004731,0.000000,0.00
randomArrays.txt,1,788,0.006761,0.000000,0.00
randomArrays.txt,2,788,0.006495,0.000000,0.00
randomArrays.txt,3,788,0.005509,0.000000,0.00
randomArrays.txt,1,364,0.002207,0.000000,0.00
randomArrays.txt,2,364,0.002525,0.000000,0.00
randomArrays.txt,3,364,0.001453,0.000000,0.00
randomArrays.txt,1,435,0.004867,0.000000,0.00
randomArrays.txt,2,435,0.002126,0.015625,0.00
randomArrays.txt,3,435,0.002240,0.000000,0.00
randomArrays.txt,1,379,0.002862,0.000000,0.00
randomArrays.txt,2,379,0.001879,0.000000,0.00
randomArrays.txt,3,379,0.001876,0.015625,0.00
randomArrays.txt,1,208,0.001459,0.000000,0.00
randomArrays.txt,2,208,0.001285,0.000000,0.00
randomArrays.txt,3,208,0.001256,0.000000,0.00
randomArrays.txt,1,503,0.004087,0.000000,0.00
randomArrays.txt,2,503,0.003200,0.015625,0.00
randomArrays.txt,3,503,0.004037,0.000000,0.00
randomArrays.txt,1,97,0.000664,0.000000,0.00
randomArrays.txt,2,97,0.000457,0.000000,0.00
randomArrays.txt,3,97,0.000691,0.000000,0.00
randomArrays.txt,1,266,0.001394,0.000000,0.00
randomArrays.txt,2,266,0.002104,0.015625,0.00
randomArrays.txt,3,266,0.001828,0.000000,0.00
randomArrays.txt,1,828,0.007472,0.015625,0.00
randomArrays.txt,2,828,0.007658,0.000000,0.00
randomArrays.txt,3,828,0.006696,0.015625,0.00
randomArrays.txt,1,319,0.001943,0.000000,0.00
randomArrays.txt,2,319,0.002053,0.000000,0.00
randomArrays.txt,3,319,0.006040,0.000000,0.00
randomArrays.txt,1,898,0.007410,0.015625,0.00
randomArrays.txt,2,898,0.007335,0.000000,0.00
randomArrays.txt,3,898,0.007417,0.015625,0.00
randomArrays.txt,1,380,0.002152,0.000000,0.00
randomArrays.txt,2,380,0.001583,0.000000,0.00
randomArrays.txt,3,380,0.002536,0.000000,0.00
randomArrays.txt,1,450,0.005152,0.000000,0.00
randomArrays.txt,2,450,0.005125,0.015625,0.00
randomArrays.txt,3,450,0.005757,0.000000,0.00
randomArrays.txt,1,142,0.000946,0.000000,0.00
randomArrays.txt,2,142,0.000781,0.000000,0.00
randomArrays.txt,3,142,0.000780,0.000000,0.00
randomArrays.txt,1,434,0.003322,0.015625,0.00
randomArrays.txt,2,434,0.003321,0.000000,0.00
randomArrays.txt,3,434,0.003339,0.000000,0.00
randomArrays.txt,1,96,0.000651,0.000000,0.00
randomArrays.txt,2,96,0.000645,0.000000,0.00
randomArrays.txt,3,96,0.000483,0.000000,0.00
randomArrays.txt,1,641,0.007644,0.015625,0.00
randomArrays.txt,2,641,0.005185,0.000000,0.00
randomArrays.txt,3,641,0.002562,0.015625,0.00
randomArrays.txt,1,538,0.003757,0.015625,0.00
randomArrays.txt,2,538,0.003749,0.000000,0.00
randomArrays.txt,3,538,0.003800,0.000000,0.00
randomArrays.txt,1,502,0.002037,0.000000,0.00
randomArrays.txt,2,502,0.003617,0.000000,0.00
randomArrays.txt,3,502,0.003611,0.000000,0.00
randomArrays.txt,1,599,0.003943,0.015625,0.00
randomArrays.txt,2,599,0.003973,0.000000,0.00
randomArrays.txt,3,599,0.004040,0.000000,0.00
randomArrays.txt,1,299,0.001327,0.015625,0.00
randomArrays.txt,2,299,0.001669,0.000000,0.00
randomArrays.txt,3,299,0.002999,0.000000,0.00
randomArrays.txt,1,620,0.002605,0.000000,0.00
randomArrays.txt,2,620,0.004909,0.000000,0.00
randomArrays.txt,3,620,0.003166,0.000000,0.00
randomArrays.txt,1,606,0.007906,0.000000,0.00
randomArrays.txt,2,606,0.008162,0.015625,0.00
randomArrays.txt,3,606,0.008213,0.000000,0.00
randomArrays.txt,1,282,0.001580,0.015625,0.00
randomArrays.txt,2,282,0.002147,0.000000,0.00
randomArrays.txt,3,282,0.001639,0.000000,0.00
randomArrays.txt,1,205,0.001154,0.000000,0.00
randomArrays.txt,2,205,0.001157,0.015625,0.00
randomArrays.txt,3,205,0.001164,0.000000,0.00
randomArrays.txt,1,504,0.003946,0.000000,0.00
randomArrays.txt,2,504,0.003760,0.015625,0.00
randomArrays.txt,3,504,0.003735,0.000000,0.00
randomArrays.txt,1,315,0.002721,0.015625,0.00
randomArrays.txt,2,315,0.002221,0.000000,0.00
randomArrays.txt,3,315,0.002229,0.000000,0.00
randomArrays.txt,1,739,0.005608,0.000000,0.00
randomArrays.txt,2,739,0.006331,0.015625,0.00
randomArrays.txt,3,739,0.006453,0.000000,0.00
randomArrays.txt,1,226,0.001078,0.015625,0.00
randomArrays.txt,2,226,0.001234,0.000000,0.00
randomArrays.txt,3,226,0.001206,0.000000,0.00
randomArrays.txt,1,239,0.001396,0.015625,0.00
randomArrays.txt,2,239,0.001394,0.000000,0.00
randomArrays.txt,3,239,0.001556,0.000000,0.00
randomArrays.txt,1,656,0.004895,0.000000,0.00
randomArrays.txt,2,656,0.002954,0.015625,0.00
randomArrays.txt,3,656,0.002392,0.000000,0.00
randomArrays.txt,1,467,0.003605,0.015625,0.00
randomArrays.txt,2,467,0.002104,0.000000,0.00
randomArrays.txt,3,467,0.004662,0.000000,0.00
randomArrays.txt,1,855,0.007239,0.000000,0.00
randomArrays.txt,2,855,0.007185,0.015625,0.00
randomArrays.txt,3,855,0.006092,0.000000,0.00
randomArrays.txt,1,12,0.000057,0.000000,0.00
randomArrays.txt,2,12,0.000020,0.000000,0.00
randomArrays.txt,3,12,0.000031,0.000000,0.00
randomArrays.txt,1,751,0.006155,0.000000,0.00
randomArrays.txt,2,751,0.006273,0.015625,0.00
randomArrays.txt,3,751,0.004855,0.000000,0.00
randomArrays.txt,1,426,0.003435,0.000000,0.00
randomArrays.txt,2,426,0.004677,0.000000,0.00
randomArrays.txt,3,426,0.003473,0.000000,0.00
randomArrays.txt,1,735,0.007502,0.000000,0.00
randomArrays.txt,2,735,0.005954,0.000000,0.00
randomArrays.txt,3,735,0.003410,0.000000,0.00
randomArrays.txt,1,321,0.003106,0.015625,0.00
randomArrays.txt,2,321,0.001887,0.000000,0.00
randomArrays.txt,3,321,0.001892,0.000000,0.00
randomArrays.txt,1,522,0.003848,0.000000,0.00
randomArrays.txt,2,522,0.003771,0.000000,0.00
randomArrays.txt,3,522,0.003748,0.000000,0.00
randomArrays.txt,1,888,0.009163,0.015625,0.00
randomArrays.txt,2,888,0.013297,0.015625,0.00
randomArrays.txt,3,888,0.007651,0.000000,0.00
randomArrays.txt,1,118,0.000930,0.000000,0.00
randomArrays.txt,2,118,0.001010,0.000000,0.00
randomArrays.txt,3,118,0.000770,0.000000,0.00
randomArrays.txt,1,813,0.006739,0.000000,0.00
randomArrays.txt,2,813,0.005769,0.000000,0.00
randomArrays.txt,3,813,0.003155,0.015625,0.00
randomArrays.txt,1,547,0.004621,0.000000,0.00
randomArrays.txt,2,547,0.004568,0.000000,0.00
randomArrays.txt,3,547,0.004572,0.000000,0.00
randomArrays.txt,1,860,0.007008,0.015625,0.00
randomArrays.txt,2,860,0.007116,0.000000,0.00
randomArrays.txt,3,860,0.006995,0.015625,0.00
randomArrays.txt,1,189,0.001153,0.000000,0.00
randomArrays.txt,2,189,0.001143,0.000000,0.00
randomArrays.txt,3,189,0.001141,0.000000,0.00
randomArrays.txt,1,668,0.005318,0.000000,0.00
randomArrays.txt,2,668,0.005429,0.015625,0.00
randomArrays.txt,3,668,0.005283,0.000000,0.00
randomArrays.txt,1,583,0.004672,0.015625,0.00
randomArrays.txt,2,583,0.004672,0.000000,0.00
randomArrays.txt,3,583,0.004805,0.000000,0.00
randomArrays.txt,1,489,0.002805,0.000000,0.00
randomArrays.txt,2,489,0.003892,0.000000,0.00
randomArrays.txt,3,489,0.003879,0.015625,0.00
randomArrays.txt,1,414,0.002959,0.000000,0.00
randomArrays.txt,2,414,0.002942,0.000000,0.00
randomArrays.txt,3,414,0.002954,0.000000,0.00
randomArrays.txt,1,905,0.006109,0.000000,0.00
randomArrays.txt,2,905,0.006088,0.000000,0.00
randomArrays.txt,3,905,0.009307,0.015625,0.00
randomArrays.txt,1,742,0.005990,0.000000,0.00
randomArrays.txt,2,742,0.008886,0.015625,0.00
randomArrays.txt,3,742,0.003364,0.000000,0.00
randomArrays.txt,1,358,0.001919,0.000000,0.00
randomArrays.txt,2,358,0.002420,0.000000,0.00
randomArrays.txt,3,358,0.002954,0.015625,0.00
randomArrays.txt,1,741,0.005748,0.015625,0.00
randomArrays.txt,2,741,0.005744,0.000000,0.00
randomArrays.txt,3,741,0.002876,0.000000,0.00
randomArrays.txt,1,470,0.003792,0.000000,0.00
randomArrays.txt,2,470,0.003798,0.015625,0.00
randomArrays.txt,3,470,0.003828,0.000000,0.00
randomArrays.txt,1,111,0.000588,0.000000,0.00
randomArrays.txt,2,111,0.000586,0.000000,0.00
randomArrays.txt,3,111,0.000590,0.000000,0.00
randomArrays.txt,1,546,0.003955,0.015625,0.00
randomArrays.txt,2,546,0.003950,0.000000,0.00
randomArrays.txt,3,546,0.003944,0.000000,0.00
randomArrays.txt,1,591,0.004458,0.015625,0.00
randomArrays.txt,2,591,0.004459,0.000000,0.00
randomArrays.txt,3,591,0.004496,0.000000,0.00
randomArrays.txt,1,884,0.008470,0.000000,0.00
randomArrays.txt,2,884,0.004002,0.015625,0.00
randomArrays.txt,3,884,0.008048,0.000000,0.00
randomArrays.txt,1,684,0.005602,0.000000,0.00
randomArrays.txt,2,684,0.004949,0.000000,0.00
randomArrays.txt,3,684,0.005621,0.015625,0.00
randomArrays.txt,1,975,0.008049,0.000000,0.00
randomArrays.txt,2,975,0.003814,0.000000,0.00
randomArrays.txt,3,975,0.008726,0.000000,0.00
randomArrays.txt,1,739,0.007496,0.000000,0.00
randomArrays.txt,2,739,0.006062,0.015625,0.00
randomArrays.txt,3,739,0.007295,0.000000,0.00
randomArrays.txt,1,725,0.004618,0.000000,0.00
randomArrays.txt,2,725,0.005803,0.015625,0.00
randomArrays.txt,3,725,0.005838,0.000000,0.00
randomArrays.txt,1,893,0.006498,0.015625,0.00
randomArrays.txt,2,893,0.007829,0.000000,0.00
randomArrays.txt,3,893,0.007856,0.015625,0.00
randomArrays.txt,1,16,0.000054,0.000000,0.00
randomArrays.txt,2,16,0.000073,0.000000,0.00
randomArrays.txt,3,16,0.000036,0.000000,0.00
randomArrays.txt,1,467,0.003286,0.000000,0.00
randomArrays.txt,2,467,0.005382,0.015625,0.00
randomArrays.txt,3,467,0.003708,0.000000,0.00
randomArrays.txt,1,307,0.002115,0.000000,0.00
randomArrays.txt,2,307,0.001380,0.000000,0.00
randomArrays.txt,3,307,0.001369,0.000000,0.00
randomArrays.txt,1,235,0.002109,0.015625,0.00
randomArrays.txt,2,235,0.002110,0.000000,0.00
randomArrays.txt,3,235,0.002021,0.000000,0.00
randomArrays.txt,1,377,0.003226,0.000000,0.00
randomArrays.txt,2,377,0.003258,0.000000,0.00
randomArrays.txt,3,377,0.003729,0.000000,0.00
randomArrays.txt,1,448,0.003201,0.000000,0.00
randomArrays.txt,2,448,0.003128,0.015625,0.00
randomArrays.txt,3,448,0.003143,0.000000,0.00
randomArrays.txt,1,999,0.009699,0.015625,0.00
randomArrays.txt,2,999,0.004499,0.000000,0.00
randomArrays.txt,3,999,0.010285,0.015625,0.00
randomArrays.txt,1,98,0.000476,0.000000,0.00
randomArrays.txt,2,98,0.000360,0.000000,0.00
randomArrays.txt,3,98,0.000483,0.000000,0.00
randomArrays.txt,1,456,0.001713,0.000000,0.00
randomArrays.txt,2,456,0.003173,0.015625,0.00
randomArrays.txt,3,456,0.003169,0.000000,0.00
randomArrays.txt,1,118,0.000794,0.000000,0.00
randomArrays.txt,2,118,0.000677,0.000000,0.00
randomArrays.txt,3,118,0.000676,0.000000,0.00
randomArrays.txt,1,406,0.002903,0.000000,0.00
randomArrays.txt,2,406,0.002893,0.000000,0.00
randomArrays.txt,3,406,0.002893,0.000000,0.00
randomArrays.txt,1,33,0.000185,0.000000,0.00
randomArrays.txt,2,33,0.000106,0.000000,0.00
randomArrays.txt,3,33,0.000107,0.000000,0.00
randomArrays.txt,1,517,0.006096,0.000000,0.00
randomArrays.txt,2,517,0.006077,0.000000,0.00
randomArrays.txt,3,517,0.006059,0.000000,0.00
randomArrays.txt,1,248,0.001629,0.000000,0.00
randomArrays.txt,2,248,0.001641,0.000000,0.00
randomArrays.txt,3,248,0.002145,0.000000,0.00
randomArrays.txt,1,61,0.000236,0.000000,0.00
randomArrays.txt,2,61,0.000247,0.000000,0.00
randomArrays.txt,3,61,0.000412,0.000000,0.00
randomArrays.txt,1,547,0.002218,0.000000,0.00
randomArrays.txt,2,547,0.002278,0.000000,0.00
randomArrays.txt,3,547,0.003421,0.000000,0.00
randomArrays.txt,1,602,0.006111,0.000000,0.00
randomArrays.txt,2,602,0.013189,0.015625,0.00
randomArrays.txt,3,602,0.019223,0.000000,0.00
randomArrays.txt,1,579,0.005417,0.000000,0.00
randomArrays.txt,2,579,0.003124,0.000000,0.00
randomArrays.txt,3,579,0.004615,0.000000,0.00
randomArrays.txt,1,972,0.008254,0.000000,0.00
randomArrays.txt,2,972,0.007964,0.000000,0.00
randomArrays.txt,3,972,0.008461,0.015625,0.00
randomArrays.txt,1,653,0.005235,0.000000,0.00
randomArrays.txt,2,653,0.005118,0.000000,0.00
randomArrays.txt,3,653,0.002811,0.015625,0.00
randomArrays.txt,1,866,0.006925,0.015625,0.00
randomArrays.txt,2,866,0.005401,0.000000,0.00
randomArrays.txt,3,866,0.004022,0.000000,0.00
randomArrays.txt,1,417,0.001869,0.000000,0.00
randomArrays.txt,2,417,0.002768,0.000000,0.00
randomArrays.txt,3,417,0.002783,0.000000,0.00
randomArrays.txt,1,386,0.002957,0.015625,0.00
randomArrays.txt,2,386,0.002904,0.000000,0.00
randomArrays.txt,3,386,0.002104,0.000000,0.00
randomArrays.txt,1,349,0.003794,0.000000,0.00
randomArrays.txt,2,349,0.003018,0.015625,0.00
randomArrays.txt,3,349,0.004075,0.000000,0.00
randomArrays.txt,1,598,0.004263,0.000000,0.00
randomArrays.txt,2,598,0.002736,0.000000,0.00
randomArrays.txt,3,598,0.004786,0.000000,0.00
randomArrays.txt,1,856,0.004059,0.015625,0.00
randomArrays.txt,2,856,0.004250,0.000000,0.00
randomArrays.txt,3,856,0.007639,0.000000,0.00
randomArrays.txt,1,152,0.000838,0.000000,0.00
randomArrays.txt,2,152,0.001059,0.000000,0.00
randomArrays.txt,3,152,0.001249,0.015625,0.00
randomArrays.txt,1,436,0.002599,0.000000,0.00
randomArrays.txt,2,436,0.002897,0.000000,0.00
randomArrays.txt,3,436,0.003472,0.000000,0.00
randomArrays.txt,1,356,0.002416,0.000000,0.00
randomArrays.txt,2,356,0.002437,0.000000,0.00
randomArrays.txt,3,356,0.002760,0.000000,0.00
randomArrays.txt,1,598,0.006663,0.000000,0.00
randomArrays.txt,2,598,0.004002,0.015625,0.00
randomArrays.txt,3,598,0.005147,0.000000,0.00
randomArrays.txt,1,578,0.003934,0.015625,0.00
randomArrays.txt,2,578,0.003757,0.000000,0.00
randomArrays.txt,3,578,0.005799,0.000000,0.00
randomArrays.txt,1,786,0.006432,0.015625,0.00
randomArrays.txt,2,786,0.006433,0.000000,0.00
randomArrays.txt,3,786,0.006405,0.015625,0.00
randomArrays.txt,1,124,0.000624,0.000000,0.00
randomArrays.txt,2,124,0.000633,0.000000,0.00
randomArrays.txt,3,124,0.000764,0.000000,0.00
randomArrays.txt,1,439,0.003270,0.015625,0.00
randomArrays.txt,2,439,0.003252,0.000000,0.00
randomArrays.txt,3,439,0.003243,0.000000,0.00
randomArrays.txt,1,492,0.003654,0.000000,0.00
randomArrays.txt,2,492,0.003656,0.000000,0.00
randomArrays.txt,3,492,0.003665,0.000000,0.00
randomArrays.txt,1,207,0.001298,0.000000,0.00
randomArrays.txt,2,207,0.001283,0.000000,0.00
randomArrays.txt,3,207,0.001371,0.000000,0.00
randomArrays.txt,1,100,0.000885,0.000000,0.00
randomArrays.txt,2,100,0.000648,0.000000,0.00
randomArrays.txt,3,100,0.000662,0.000000,0.00
randomArrays.txt,1,591,0.002538,0.000000,0.00
randomArrays.txt,2,591,0.004386,0.000000,0.00
randomArrays.txt,3,591,0.006702,0.015625,0.00
randomArrays.txt,1,397,0.002914,0.000000,0.00
randomArrays.txt,2,397,0.001682,0.000000,0.00
randomArrays.txt,3,397,0.002912,0.000000,0.00
randomArrays.txt,1,295,0.002241,0.000000,0.00
randomArrays.txt,2,295,0.002772,0.000000,0.00
randomArrays.txt,3,295,0.001876,0.000000,0.00
randomArrays.txt,1,733,0.006365,0.015625,0.00
randomArrays.txt,2,733,0.003452,0.000000,0.00
randomArrays.txt,3,733,0.005781,0.000000,0.00
randomArrays.txt,1,231,0.001349,0.000000,0.00
randomArrays.txt,2,231,0.001359,0.000000,0.00
randomArrays.txt,3,231,0.001361,0.000000,0.00
randomArrays.txt,1,565,0.009113,0.015625,0.00
randomArrays.txt,2,565,0.010856,0.015625,0.00
randomArrays.txt,3,565,0.007775,0.000000,0.00
randomArrays.txt,1,910,0.009408,0.015625,0.00
randomArrays.txt,2,910,0.007647,0.000000,0.00
randomArrays.txt,3,910,0.011218,0.000000,0.00
randomArrays.txt,1,74,0.000377,0.000000,0.00
randomArrays.txt,2,74,0.000588,0.000000,0.00
randomArrays.txt,3,74,0.000383,0.000000,0.00
randomArrays.txt,1,647,0.005426,0.000000,0.00
randomArrays.txt,2,647,0.004676,0.000000,0.00
randomArrays.txt,3,647,0.003603,0.015625,0.00
randomArrays.txt,1,456,0.002658,0.000000,0.00
randomArrays.txt,2,456,0.005245,0.000000,0.00
randomArrays.txt,3,456,0.005317,0.015625,0.00
randomArrays.txt,1,954,0.004780,0.015625,0.00
randomArrays.txt,2,954,0.008186,0.000000,0.00
randomArrays.txt,3,954,0.010849,0.000000,0.00
randomArrays.txt,1,495,0.003437,0.015625,0.00
randomArrays.txt,2,495,0.002642,0.000000,0.00
randomArrays.txt,3,495,0.002969,0.000000,0.00
randomArrays.txt,1,487,0.003701,0.000000,0.00
randomArrays.txt,2,487,0.003670,0.015625,0.00
randomArrays.txt,3,487,0.002259,0.000000,0.00
randomArrays.txt,1,559,0.002318,0.015625,0.00
randomArrays.txt,2,559,0.006376,0.000000,0.00
randomArrays.txt,3,559,0.006382,0.015625,0.00
randomArrays.txt,1,512,0.003973,0.000000,0.00
randomArrays.txt,2,512,0.002620,0.015625,0.00
randomArrays.txt,3,512,0.003830,0.000000,0.00
randomArrays.txt,1,247,0.001514,0.000000,0.00
randomArrays.txt,2,247,0.001527,0.000000,0.00
randomArrays.txt,3,247,0.001720,0.015625,0.00
randomArrays.txt,1,219,0.001280,0.000000,0.00
randomArrays.txt,2,219,0.001273,0.000000,0.00
randomArrays.txt,3,219,0.001290,0.000000,0.00
randomArrays.txt,1,839,0.006641,0.015625,0.00
randomArrays.txt,2,839,0.003958,0.000000,0.00
randomArrays.txt,3,839,0.003671,0.000000,0.00
randomArrays.txt,1,887,0.008028,0.000000,0.00
randomArrays.txt,2,887,0.003720,0.015625,0.00
randomArrays.txt,3,887,0.003902,0.000000,0.00
randomArrays.txt,1,942,0.008256,0.000000,0.00
randomArrays.txt,2,942,0.004143,0.000000,0.00
randomArrays.txt,3,942,0.003597,0.015625,0.00
randomArrays.txt,1,920,0.009495,0.000000,0.00
randomArrays.txt,2,920,0.011087,0.015625,0.00
randomArrays.txt,3,920,0.009277,0.015625,0.00
randomArrays.txt,1,868,0.005926,0.000000,0.00
randomArrays.txt,2,868,0.007707,0.015625,0.00
randomArrays.txt,3,868,0.008781,0.000000,0.00
randomArrays.txt,1,25,0.000075,0.000000,0.00
randomArrays.txt,2,25,0.000073,0.000000,0.00
randomArrays.txt,3,25,0.000074,0.000000,0.00
randomArrays.txt,1,174,0.001312,0.000000,0.00
randomArrays.txt,2,174,0.001090,0.000000,0.00
randomArrays.txt,3,174,0.001091,0.000000,0.00
randomArrays.txt,1,818,0.005422,0.000000,0.00
randomArrays.txt,2,818,0.005292,0.000000,0.00
randomArrays.txt,3,818,0.006230,0.000000,0.00
randomArrays.txt,1,660,0.003035,0.015625,0.00
randomArrays.txt,2,660,0.003660,0.000000,0.00
randomArrays.txt,3,660,0.007952,0.000000,0.00
randomArrays.txt,1,592,0.002288,0.000000,0.00
randomArrays.txt,2,592,0.004291,0.015625,0.00
randomArrays.txt,3,592,0.004663,0.000000,0.00
randomArrays.txt,1,942,0.008153,0.015625,0.00
randomArrays.txt,2,942,0.008381,0.000000,0.00
randomArrays.txt,3,942,0.009955,0.000000,0.00
randomArrays.txt,1,962,0.008032,0.000000,0.00
randomArrays.txt,2,962,0.003655,0.015625,0.00
randomArrays.txt,3,962,0.006286,0.000000,0.00
randomArrays.txt,1,254,0.001762,0.000000,0.00
randomArrays.txt,2,254,0.001763,0.000000,0.00
randomArrays.txt,3,254,0.001753,0.000000,0.00
randomArrays.txt,1,527,0.001940,0.015625,0.00
randomArrays.txt,2,527,0.003777,0.000000,0.00
randomArrays.txt,3,527,0.003797,0.000000,0.00
randomArrays.txt,1,786,0.008533,0.015625,0.00
randomArrays.txt,2,786,0.003767,0.000000,0.00
randomArrays.txt,3,786,0.009758,0.015625,0.00
randomArrays.txt,1,179,0.001625,0.000000,0.00
randomArrays.txt,2,179,0.001030,0.000000,0.00
randomArrays.txt,3,179,0.001032,0.000000,0.00
randomArrays.txt,1,678,0.006057,0.015625,0.00
randomArrays.txt,2,678,0.006074,0.000000,0.00
randomArrays.txt,3,678,0.006035,0.000000,0.00
randomArrays.txt,1,950,0.007185,0.000000,0.00
randomArrays.txt,2,950,0.008511,0.015625,0.00
randomArrays.txt,3,950,0.007876,0.000000,0.00
randomArrays.txt,1,538,0.003847,0.000000,0.00
randomArrays.txt,2,538,0.003895,0.000000,0.00
randomArrays.txt,3,538,0.003886,0.000000,0.00
randomArrays.txt,1,185,0.000963,0.000000,0.00
randomArrays.txt,2,185,0.001341,0.000000,0.00
randomArrays.txt,3,185,0.001124,0.000000,0.00
randomArrays.txt,1,689,0.005896,0.000000,0.00
randomArrays.txt,2,689,0.004640,0.015625,0.00
randomArrays.txt,3,689,0.005979,0.000000,0.00
randomArrays.txt,1,161,0.000996,0.000000,0.00
randomArrays.txt,2,161,0.000985,0.000000,0.00
randomArrays.txt,3,161,0.001201,0.000000,0.00
randomArrays.txt,1,509,0.003284,0.000000,0.00
randomArrays.txt,2,509,0.003325,0.015625,0.00
randomArrays.txt,3,509,0.003314,0.000000,0.00
randomArrays.txt,1,376,0.002147,0.000000,0.00
randomArrays.txt,2,376,0.002196,0.000000,0.00
randomArrays.txt,3,376,0.002005,0.000000,0.00
randomArrays.txt,1,766,0.009777,0.015625,0.00
randomArrays.txt,2,766,0.009207,0.000000,0.00
randomArrays.txt,3,766,0.008836,0.000000,0.00
randomArrays.txt,1,706,0.002810,0.000000,0.00
randomArrays.txt,2,706,0.005342,0.000000,0.00
randomArrays.txt,3,706,0.005340,0.015625,0.00
randomArrays.txt,1,644,0.003689,0.000000,0.00
randomArrays.txt,2,644,0.005016,0.015625,0.00
randomArrays.txt,3,644,0.005020,0.000000,0.00
randomArrays.txt,1,758,0.004792,0.000000,0.00
randomArrays.txt,2,758,0.006242,0.015625,0.00
randomArrays.txt,3,758,0.006292,0.000000,0.00
randomArrays.txt,1,747,0.006918,0.000000,0.00
randomArrays.txt,2,747,0.006984,0.015625,0.00
randomArrays.txt,3,747,0.006868,0.000000,0.00
randomArrays.txt,1,349,0.001623,0.000000,0.00
randomArrays.txt,2,349,0.002824,0.015625,0.00
randomArrays.txt,3,349,0.001663,0.000000,0.00
randomArrays.txt,1,574,0.003359,0.000000,0.00
randomArrays.txt,2,574,0.003580,0.000000,0.00
randomArrays.txt,3,574,0.003548,0.000000,0.00
randomArrays.txt,1,888,0.007089,0.015625,0.00
randomArrays.txt,2,888,0.004587,0.000000,0.00
randomArrays.txt,3,888,0.007060,0.015625,0.00
randomArrays.txt,1,235,0.000990,0.015625,0.00
randomArrays.txt,2,235,0.001472,0.000000,0.00
randomArrays.txt,3,235,0.001473,0.000000,0.00
randomArrays.txt,1,653,0.007451,0.015625,0.00
randomArrays.txt,2,653,0.007828,0.015625,0.00
randomArrays.txt,3,653,0.004783,0.000000,0.00
randomArrays.txt,1,630,0.006179,0.015625,0.00
randomArrays.txt,2,630,0.007840,0.015625,0.00
randomArrays.txt,3,630,0.005550,0.000000,0.00
randomArrays.txt,1,76,0.000992,0.000000,0.00
randomArrays.txt,2,76,0.000362,0.000000,0.00
randomArrays.txt,3,76,0.000331,0.000000,0.00
randomArrays.txt,1,436,0.003277,0.000000,0.00
randomArrays.txt,2,436,0.005046,0.000000,0.00
randomArrays.txt,3,436,0.002811,0.000000,0.00
randomArrays.txt,1,771,0.003010,0.000000,0.00
randomArrays.txt,2,771,0.003037,0.000000,0.00
randomArrays.txt,3,771,0.003437,0.015625,0.00
randomArrays.txt,1,217,0.001520,0.000000,0.00
randomArrays.txt,2,217,0.001242,0.000000,0.00
randomArrays.txt,3,217,0.001207,0.000000,0.00
randomArrays.txt,1,419,0.002091,0.000000,0.00
randomArrays.txt,2,419,0.002045,0.000000,0.00
randomArrays.txt,3,419,0.002165,0.000000,0.00
randomArrays.txt,1,860,0.004203,0.015625,0.00
randomArrays.txt,2,860,0.008609,0.000000,0.00
randomArrays.txt,3,860,0.007093,0.015625,0.00
randomArrays.txt,1,288,0.002005,0.015625,0.00
randomArrays.txt,2,288,0.001818,0.000000,0.00
randomArrays.txt,3,288,0.002011,0.000000,0.00
randomArrays.txt,1,280,0.002746,0.000000,0.00
randomArrays.txt,2,280,0.002584,0.000000,0.00
randomArrays.txt,3,280,0.002022,0.000000,0.00
randomArrays.txt,1,242,0.002206,0.000000,0.00
randomArrays.txt,2,242,0.002515,0.000000,0.00
randomArrays.txt,3,242,0.002130,0.000000,0.00
randomArrays.txt,1,602,0.002383,0.000000,0.00
randomArrays.txt,2,602,0.002926,0.000000,0.00
randomArrays.txt,3,602,0.002443,0.000000,0.00
randomArrays.txt,1,44,0.000292,0.000000,0.00
randomArrays.txt,2,44,0.000290,0.000000,0.00
randomArrays.txt,3,44,0.000205,0.000000,0.00
randomArrays.txt,1,547,0.002445,0.000000,0.00
randomArrays.txt,2,547,0.004501,0.000000,0.00
randomArrays.txt,3,547,0.004792,0.000000,0.00
randomArrays.txt,1,860,0.006799,0.000000,0.00
randomArrays.txt,2,860,0.007428,0.015625,0.00
randomArrays.txt,3,860,0.005684,0.000000,0.00
randomArrays.txt,1,737,0.006567,0.015625,0.00
randomArrays.txt,2,737,0.005748,0.000000,0.00
randomArrays.txt,3,737,0.006237,0.000000,0.00
randomArrays.txt,1,738,0.003279,0.000000,0.00
randomArrays.txt,2,738,0.008846,0.015625,0.00
randomArrays.txt,3,738,0.009027,0.000000,0.00
randomArrays.txt,1,725,0.006275,0.000000,0.00
randomArrays.txt,2,725,0.006289,0.000000,0.00
randomArrays.txt,3,725,0.004173,0.000000,0.00
randomArrays.txt,1,684,0.006002,0.015625,0.00
randomArrays.txt,2,684,0.004724,0.000000,0.00
randomArrays.txt,3,684,0.006106,0.015625,0.00
randomArrays.txt,1,233,0.001483,0.000000,0.00
randomArrays.txt,2,233,0.001615,0.000000,0.00
randomArrays.txt,3,233,0.002003,0.000000,0.00
randomArrays.txt,1,342,0.002315,0.015625,0.00
randomArrays.txt,2,342,0.003258,0.000000,0.00
randomArrays.txt,3,342,0.003562,0.000000,0.00
randomArrays.txt,1,855,0.008020,0.000000,0.00
randomArrays.txt,2,855,0.007034,0.015625,0.00
randomArrays.txt,3,855,0.005380,0.000000,0.00
randomArrays.txt,1,861,0.011643,0.000000,0.00
randomArrays.txt,2,861,0.012181,0.015625,0.00
randomArrays.txt,3,861,0.011011,0.015625,0.00
randomArrays.txt,1,566,0.003585,0.000000,0.00
randomArrays.txt,2,566,0.004293,0.000000,0.00
randomArrays.txt,3,566,0.004285,0.015625,0.00
randomArrays.txt,1,406,0.002043,0.000000,0.00
randomArrays.txt,2,406,0.002196,0.015625,0.00
randomArrays.txt,3,406,0.002182,0.000000,0.00
randomArrays.txt,1,192,0.001138,0.000000,0.00
randomArrays.txt,2,192,0.001095,0.000000,0.00
randomArrays.txt,3,192,0.001067,0.000000,0.00
randomArrays.txt,1,850,0.005294,0.015625,0.00
randomArrays.txt,2,850,0.006966,0.000000,0.00
randomArrays.txt,3,850,0.007064,0.000000,0.00
randomArrays.txt,1,609,0.004419,0.000000,0.00
randomArrays.txt,2,609,0.004411,0.000000,0.00
randomArrays.txt,3,609,0.004425,0.000000,0.00
randomArrays.txt,1,18,0.000079,0.000000,0.00
randomArrays.txt,2,18,0.000078,0.000000,0.00
randomArrays.txt,3,18,0.000057,0.000000,0.00
randomArrays.txt,1,482,0.005437,0.015625,0.00
randomArrays.txt,2,482,0.005026,0.000000,0.00
randomArrays.txt,3,482,0.005589,0.000000,0.00
randomArrays.txt,1,264,0.001811,0.015625,0.00
randomArrays.txt,2,264,0.002545,0.000000,0.00
randomArrays.txt,3,264,0.001733,0.000000,0.00
randomArrays.txt,1,319,0.002242,0.000000,0.00
randomArrays.txt,2,319,0.001604,0.000000,0.00
randomArrays.txt,3,319,0.002195,0.015625,0.00
randomArrays.txt,1,252,0.001348,0.015625,0.00
randomArrays.txt,2,252,0.001657,0.000000,0.00
randomArrays.txt,3,252,0.001657,0.000000,0.00
randomArrays.txt,1,342,0.003308,0.000000,0.00
randomArrays.txt,2,342,0.003374,0.000000,0.00
randomArrays.txt,3,342,0.003547,0.000000,0.00
randomArrays.txt,1,252,0.001775,0.015625,0.00
randomArrays.txt,2,252,0.001826,0.000000,0.00
randomArrays.txt,3,252,0.002420,0.000000,0.00
randomArrays.txt,1,205,0.001736,0.000000,0.00
randomArrays.txt,2,205,0.001928,0.000000,0.00
randomArrays.txt,3,205,0.001755,0.000000,0.00
randomArrays.txt,1,942,0.008716,0.000000,0.00
randomArrays.txt,2,942,0.009249,0.015625,0.00
randomArrays.txt,3,942,0.011768,0.015625,0.00
randomArrays.txt,1,744,0.009738,0.000000,0.00
randomArrays.txt,2,744,0.009244,0.015625,0.00
randomArrays.txt,3,744,0.009271,0.015625,0.00
randomArrays.txt,1,537,0.003732,0.000000,0.00
randomArrays.txt,2,537,0.002682,0.000000,0.00
randomArrays.txt,3,537,0.004036,0.000000,0.00
randomArrays.txt,1,501,0.004037,0.000000,0.00
randomArrays.txt,2,501,0.004117,0.000000,0.00
randomArrays.txt,3,501,0.004510,0.015625,0.00
randomArrays.txt,1,853,0.008246,0.015625,0.00
randomArrays.txt,2,853,0.003800,0.000000,0.00
randomArrays.txt,3,853,0.005284,0.015625,0.00
randomArrays.txt,1,341,0.003500,0.000000,0.00
randomArrays.txt,2,341,0.003471,0.015625,0.00
randomArrays.txt,3,341,0.003443,0.000000,0.00
randomArrays.txt,1,800,0.006503,0.015625,0.00
randomArrays.txt,2,800,0.006511,0.000000,0.00
randomArrays.txt,3,800,0.005936,0.015625,0.00
randomArrays.txt,1,857,0.006485,0.000000,0.00
randomArrays.txt,2,857,0.007225,0.015625,0.00
randomArrays.txt,3,857,0.007933,0.015625,0.00
randomArrays.txt,1,427,0.002909,0.000000,0.00
randomArrays.txt,2,427,0.002591,0.000000,0.00
randomArrays.txt,3,427,0.002514,0.015625,0.00
randomArrays.txt,1,647,0.003446,0.015625,0.00
randomArrays.txt,2,647,0.005685,0.000000,0.00
randomArrays.txt,3,647,0.008782,0.015625,0.00
randomArrays.txt,1,76,0.000569,0.000000,0.00
randomArrays.txt,2,76,0.000362,0.000000,0.00
randomArrays.txt,3,76,0.000558,0.000000,0.00
randomArrays.txt,1,677,0.008890,0.000000,0.00
randomArrays.txt,2,677,0.005238,0.015625,0.00
randomArrays.txt,3,677,0.007888,0.000000,0.00
randomArrays.txt,1,579,0.004335,0.000000,0.00
randomArrays.txt,2,579,0.004325,0.000000,0.00
randomArrays.txt,3,579,0.004333,0.015625,0.00
randomArrays.txt,1,731,0.005957,0.015625,0.00
randomArrays.txt,2,731,0.006070,0.000000,0.00
randomArrays.txt,3,731,0.005976,0.015625,0.00
randomArrays.txt,1,704,0.003348,0.000000,0.00
randomArrays.txt,2,704,0.007805,0.000000,0.00
randomArrays.txt,3,704,0.005525,0.015625,0.00
randomArrays.txt,1,266,0.002168,0.000000,0.00
randomArrays.txt,2,266,0.001870,0.000000,0.00
randomArrays.txt,3,266,0.002309,0.015625,0.00
randomArrays.txt,1,961,0.008804,0.000000,0.00
randomArrays.txt,2,961,0.006793,0.015625,0.00
randomArrays.txt,3,961,0.005105,0.000000,0.00
randomArrays.txt,1,263,0.001600,0.000000,0.00
randomArrays.txt,2,263,0.001931,0.000000,0.00
randomArrays.txt,3,263,0.001693,0.000000,0.00
randomArrays.txt,1,434,0.003901,0.015625,0.00
randomArrays.txt,2,434,0.002498,0.000000,0.00
randomArrays.txt,3,434,0.004014,0.000000,0.00
randomArrays.txt,1,484,0.003856,0.000000,0.00
randomArrays.txt,2,484,0.003854,0.015625,0.00
randomArrays.txt,3,484,0.003856,0.000000,0.00
randomArrays.txt,1,163,0.000942,0.000000,0.00
randomArrays.txt,2,163,0.000993,0.000000,0.00
randomArrays.txt,3,163,0.001180,0.000000,0.00
randomArrays.txt,1,984,0.009031,0.000000,0.00
randomArrays.txt,2,984,0.010205,0.000000,0.00
randomArrays.txt,3,984,0.008450,0.000000,0.00
randomArrays.txt,1,211,0.001369,0.015625,0.00
randomArrays.txt,2,211,0.002278,0.000000,0.00
randomArrays.txt,3,211,0.000944,0.000000,0.00
randomArrays.txt,1,185,0.000839,0.000000,0.00
randomArrays.txt,2,185,0.000832,0.000000,0.00
randomArrays.txt,3,185,0.000849,0.000000,0.00
randomArrays.txt,1,467,0.002221,0.015625,0.00
randomArrays.txt,2,467,0.004797,0.000000,0.00
randomArrays.txt,3,467,0.003817,0.000000,0.00
randomArrays.txt,1,214,0.001284,0.015625,0.00
randomArrays.txt,2,214,0.002133,0.000000,0.00
randomArrays.txt,3,214,0.001990,0.000000,0.00
randomArrays.txt,1,35,0.000349,0.000000,0.00
randomArrays.txt,2,35,0.000202,0.000000,0.00
randomArrays.txt,3,35,0.000103,0.000000,0.00
randomArrays.txt,1,141,0.001114,0.000000,0.00
randomArrays.txt,2,141,0.000870,0.015625,0.00
randomArrays.txt,3,141,0.000873,0.000000,0.00
randomArrays.txt,1,559,0.003862,0.000000,0.00
randomArrays.txt,2,559,0.004521,0.000000,0.00
randomArrays.txt,3,559,0.004518,0.000000,0.00
randomArrays.txt,1,706,0.006745,0.015625,0.00
randomArrays.txt,2,706,0.006094,0.000000,0.00
randomArrays.txt,3,706,0.005404,0.015625,0.00
randomArrays.txt,1,68,0.000452,0.000000,0.00
randomArrays.txt,2,68,0.000256,0.000000,0.00
randomArrays.txt,3,68,0.000271,0.000000,0.00
randomArrays.txt,1,12,0.000052,0.000000,0.00
randomArrays.txt,2,12,0.000052,0.000000,0.00
randomArrays.txt,3,12,0.000051,0.000000,0.00
randomArrays.txt,1,405,0.002587,0.000000,0.00
randomArrays.txt,2,405,0.002687,0.000000,0.00
randomArrays.txt,3,405,0.002431,0.000000,0.00
randomArrays.txt,1,288,0.002189,0.000000,0.00
randomArrays.txt,2,288,0.001814,0.015625,0.00
randomArrays.txt,3,288,0.001999,0.000000,0.00
randomArrays.txt,1,955,0.005609,0.015625,0.00
randomArrays.txt,2,955,0.004934,0.000000,0.00
randomArrays.txt,3,955,0.005204,0.000000,0.00
randomArrays.txt,1,50,0.000451,0.000000,0.00
randomArrays.txt,2,50,0.000319,0.000000,0.00
randomArrays.txt,3,50,0.000314,0.000000,0.00
randomArrays.txt,1,752,0.005886,0.015625,0.00
randomArrays.txt,2,752,0.003324,0.000000,0.00
randomArrays.txt,3,752,0.005892,0.000000,0.00
randomArrays.txt,1,695,0.005535,0.015625,0.00
randomArrays.txt,2,695,0.005634,0.000000,0.00
randomArrays.txt,3,695,0.005553,0.015625,0.00
randomArrays.txt,1,186,0.001375,0.000000,0.00
randomArrays.txt,2,186,0.001278,0.000000,0.00
randomArrays.txt,3,186,0.001128,0.000000,0.00
randomArrays.txt,1,737,0.006931,0.000000,0.00
randomArrays.txt,2,737,0.007482,0.015625,0.00
randomArrays.txt,3,737,0.006709,0.000000,0.00
randomArrays.txt,1,948,0.007701,0.000000,0.00
randomArrays.txt,2,948,0.005291,0.015625,0.00
randomArrays.txt,3,948,0.007772,0.000000,0.00
randomArrays.txt,1,151,0.000651,0.015625,0.00
randomArrays.txt,2,151,0.000626,0.000000,0.00
randomArrays.txt,3,151,0.000650,0.000000,0.00
randomArrays.txt,1,46,0.000147,0.000000,0.00
randomArrays.txt,2,46,0.001406,0.000000,0.00
randomArrays.txt,3,46,0.000136,0.000000,0.00
randomArrays.txt,1,968,0.004817,0.000000,0.00
randomArrays.txt,2,968,0.009246,0.015625,0.00
randomArrays.txt,3,968,0.006831,0.015625,0.00
randomArrays.txt,1,333,0.002179,0.000000,0.00
randomArrays.txt,2,333,0.002161,0.000000,0.00
randomArrays.txt,3,333,0.002157,0.000000,0.00
randomArrays.txt,1,189,0.001162,0.000000,0.00
randomArrays.txt,2,189,0.001158,0.000000,0.00
randomArrays.txt,3,189,0.001544,0.000000,0.00
randomArrays.txt,1,190,0.001323,0.000000,0.00
randomArrays.txt,2,190,0.001313,0.000000,0.00
randomArrays.txt,3,190,0.001283,0.000000,0.00
randomArrays.txt,1,589,0.003963,0.015625,0.00
randomArrays.txt,2,589,0.004295,0.000000,0.00
randomArrays.txt,3,589,0.004054,0.000000,0.00
randomArrays.txt,1,230,0.001283,0.000000,0.00
randomArrays.txt,2,230,0.001020,0.000000,0.00
randomArrays.txt,3,230,0.001505,0.000000,0.00
randomArrays.txt,1,535,0.004163,0.000000,0.00
randomArrays.txt,2,535,0.004171,0.000000,0.00
randomArrays.txt,3,535,0.004202,0.015625,0.00
randomArrays.txt,1,189,0.002387,0.000000,0.00
randomArrays.txt,2,189,0.000991,0.000000,0.00
randomArrays.txt,3,189,0.001245,0.000000,0.00
randomArrays.txt,1,948,0.008401,0.000000,0.00
randomArrays.txt,2,948,0.008191,0.015625,0.00
randomArrays.txt,3,948,0.013405,0.015625,0.00
randomArrays.txt,1,834,0.004098,0.015625,0.00
randomArrays.txt,2,834,0.007222,0.000000,0.00
randomArrays.txt,3,834,0.007559,0.015625,0.00
randomArrays.txt,1,273,0.001704,0.000000,0.00
randomArrays.txt,2,273,0.001715,0.015625,0.00
randomArrays.txt,3,273,0.001973,0.000000,0.00
randomArrays.txt,1,773,0.003534,0.015625,0.00
randomArrays.txt,2,773,0.006327,0.000000,0.00
randomArrays.txt,3,773,0.006902,0.015625,0.00
randomArrays.txt,1,342,0.002492,0.000000,0.00
randomArrays.txt,2,342,0.002724,0.000000,0.00
randomArrays.txt,3,342,0.002543,0.015625,0.00
randomArrays.txt,1,995,0.006150,0.000000,0.00
randomArrays.txt,2,995,0.005527,0.015625,0.00
randomArrays.txt,3,995,0.005207,0.000000,0.00
randomArrays.txt,1,221,0.001880,0.000000,0.00
randomArrays.txt,2,221,0.001526,0.000000,0.00
randomArrays.txt,3,221,0.001337,0.000000,0.00
randomArrays.txt,1,519,0.002806,0.000000,0.00
randomArrays.txt,2,519,0.003747,0.000000,0.00
randomArrays.txt,3,519,0.003495,0.000000,0.00
randomArrays.txt,1,479,0.004046,0.000000,0.00
randomArrays.txt,2,479,0.004012,0.000000,0.00
randomArrays.txt,3,479,0.003906,0.000000,0.00
randomArrays.txt,1,155,0.001009,0.000000,0.00
randomArrays.txt,2,155,0.000827,0.000000,0.00
randomArrays.txt,3,155,0.001217,0.000000,0.00
randomArrays.txt,1,756,0.004121,0.015625,0.00
randomArrays.txt,2,756,0.005994,0.000000,0.00
randomArrays.txt,3,756,0.005979,0.000000,0.00
randomArrays.txt,1,658,0.008042,0.000000,0.00
randomArrays.txt,2,658,0.004428,0.000000,0.00
randomArrays.txt,3,658,0.004620,0.000000,0.00
randomArrays.txt,1,213,0.001485,0.000000,0.00
randomArrays.txt,2,213,0.001247,0.000000,0.00
randomArrays.txt,3,213,0.001265,0.000000,0.00
randomArrays.txt,1,467,0.001838,0.000000,0.00
randomArrays.txt,2,467,0.002098,0.015625,0.00
randomArrays.txt,3,467,0.005209,0.000000,0.00
randomArrays.txt,1,191,0.001297,0.015625,0.00
randomArrays.txt,2,191,0.001159,0.000000,0.00
randomArrays.txt,3,191,0.001082,0.000000,0.00
randomArrays.txt,1,744,0.004708,0.000000,0.00
randomArrays.txt,2,744,0.003189,0.000000,0.00
randomArrays.txt,3,744,0.006867,0.015625,0.00
randomArrays.txt,1,122,0.000596,0.000000,0.00
randomArrays.txt,2,122,0.000672,0.000000,0.00
randomArrays.txt,3,122,0.000799,0.000000,0.00
randomArrays.txt,1,178,0.000991,0.000000,0.00
randomArrays.txt,2,178,0.002865,0.015625,0.00
randomArrays.txt,3,178,0.000975,0.000000,0.00
randomArrays.txt,1,760,0.006581,0.015625,0.00
randomArrays.txt,2,760,0.006530,0.000000,0.00
randomArrays.txt,3,760,0.006520,0.015625,0.00
randomArrays.txt,1,524,0.005920,0.015625,0.00
randomArrays.txt,2,524,0.003304,0.000000,0.00
randomArrays.txt,3,524,0.003332,0.000000,0.00
randomArrays.txt,1,264,0.002498,0.000000,0.00
randomArrays.txt,2,264,0.002604,0.000000,0.00
randomArrays.txt,3,264,0.002556,0.000000,0.00
randomArrays.txt,1,733,0.005326,0.015625,0.00
randomArrays.txt,2,733,0.005998,0.000000,0.00
randomArrays.txt,3,733,0.005366,0.000000,0.00
randomArrays.txt,1,759,0.007176,0.000000,0.00
randomArrays.txt,2,759,0.006858,0.015625,0.00
randomArrays.txt,3,759,0.006972,0.000000,0.00
randomArrays.txt,1,177,0.000963,0.000000,0.00
randomArrays.txt,2,177,0.000984,0.000000,0.00
randomArrays.txt,3,177,0.002057,0.000000,0.00
randomArrays.txt,1,53,0.000227,0.000000,0.00
randomArrays.txt,2,53,0.000312,0.000000,0.00
randomArrays.txt,3,53,0.000324,0.000000,0.00
randomArrays.txt,1,429,0.001954,0.000000,0.00
randomArrays.txt,2,429,0.002159,0.000000,0.00
randomArrays.txt,3,429,0.002250,0.015625,0.00
randomArrays.txt,1,508,0.003077,0.015625,0.00
randomArrays.txt,2,508,0.003080,0.000000,0.00
randomArrays.txt,3,508,0.003023,0.000000,0.00
randomArrays.txt,1,919,0.007590,0.015625,0.00
randomArrays.txt,2,919,0.007755,0.015625,0.00
randomArrays.txt,3,919,0.006427,0.000000,0.00
randomArrays.txt,1,412,0.002907,0.000000,0.00
randomArrays.txt,2,412,0.002876,0.000000,0.00
randomArrays.txt,3,412,0.002944,0.000000,0.00
randomArrays.txt,1,503,0.003836,0.000000,0.00
randomArrays.txt,2,503,0.003850,0.000000,0.00
randomArrays.txt,3,503,0.003925,0.000000,0.00
randomArrays.txt,1,115,0.000694,0.000000,0.00
randomArrays.txt,2,115,0.000687,0.000000,0.00
randomArrays.txt,3,115,0.000690,0.000000,0.00
randomArrays.txt,1,851,0.008211,0.015625,0.00
randomArrays.txt,2,851,0.006393,0.000000,0.00
randomArrays.txt,3,851,0.008093,0.015625,0.00
randomArrays.txt,1,848,0.007043,0.015625,0.00
randomArrays.txt,2,848,0.006938,0.000000,0.00
randomArrays.txt,3,848,0.005256,0.000000,0.00
randomArrays.txt,1,652,0.005434,0.000000,0.00
randomArrays.txt,2,652,0.005400,0.000000,0.00
randomArrays.txt,3,652,0.005463,0.015625,0.00
randomArrays.txt,1,693,0.006315,0.015625,0.00
randomArrays.txt,2,693,0.008635,0.000000,0.00
randomArrays.txt,3,693,0.003226,0.015625,0.00
randomArrays.txt,1,662,0.007329,0.015625,0.00
randomArrays.txt,2,662,0.004226,0.000000,0.00
randomArrays.txt,3,662,0.003230,0.015625,0.00
randomArrays.txt,1,815,0.005758,0.015625,0.00
randomArrays.txt,2,815,0.005769,0.000000,0.00
randomArrays.txt,3,815,0.005777,0.015625,0.00
randomArrays.txt,1,679,0.005267,0.015625,0.00
randomArrays.txt,2,679,0.005304,0.000000,0.00
randomArrays.txt,3,679,0.002812,0.000000,0.00
randomArrays.txt,1,141,0.000918,0.000000,0.00
randomArrays.txt,2,141,0.000847,0.000000,0.00
randomArrays.txt,3,141,0.000844,0.000000,0.00
randomArrays.txt,1,458,0.003623,0.000000,0.00
randomArrays.txt,2,458,0.003599,0.000000,0.00
randomArrays.txt,3,458,0.003634,0.000000,0.00
randomArrays.txt,1,378,0.001770,0.000000,0.00
randomArrays.txt,2,378,0.002242,0.000000,0.00
randomArrays.txt,3,378,0.002595,0.000000,0.00
randomArrays.txt,1,662,0.005387,0.000000,0.00
randomArrays.txt,2,662,0.004989,0.000000,0.00
randomArrays.txt,3,662,0.005673,0.000000,0.00
randomArrays.txt,1,809,0.005483,0.000000,0.00
randomArrays.txt,2,809,0.005557,0.015625,0.00
randomArrays.txt,3,809,0.005606,0.000000,0.00
randomArrays.txt,1,960,0.007742,0.015625,0.00
randomArrays.txt,2,960,0.008230,0.000000,0.00
randomArrays.txt,3,960,0.005821,0.015625,0.00
randomArrays.txt,1,454,0.003428,0.015625,0.00
randomArrays.txt,2,454,0.003409,0.000000,0.00
randomArrays.txt,3,454,0.003540,0.000000,0.00
randomArrays.txt,1,513,0.005281,0.015625,0.00
randomArrays.txt,2,513,0.004643,0.000000,0.00
randomArrays.txt,3,513,0.003973,0.000000,0.00
randomArrays.txt,1,965,0.007193,0.000000,0.00
randomArrays.txt,2,965,0.013572,0.000000,0.00
randomArrays.txt,3,965,0.008671,0.000000,0.00
randomArrays.txt,1,855,0.003825,0.000000,0.00
randomArrays.txt,2,855,0.013952,0.015625,0.00
randomArrays.txt,3,855,0.007197,0.015625,0.00
randomArrays.txt,1,257,0.001589,0.015625,0.00
randomArrays.txt,2,257,0.001450,0.000000,0.00
randomArrays.txt,3,257,0.001586,0.000000,0.00
randomArrays.txt,1,932,0.007412,0.000000,0.00
randomArrays.txt,2,932,0.008381,0.015625,0.00
randomArrays.txt,3,932,0.010676,0.000000,0.00
randomArrays.txt,1,112,0.000544,0.000000,0.00
randomArrays.txt,2,112,0.000794,0.000000,0.00
randomArrays.txt,3,112,0.000865,0.000000,0.00
randomArrays.txt,1,264,0.001478,0.000000,0.00
randomArrays.txt,2,264,0.001473,0.000000,0.00
randomArrays.txt,3,264,0.001488,0.000000,0.00
randomArrays.txt,1,404,0.003152,0.000000,0.00
randomArrays.txt,2,404,0.002971,0.015625,0.00
randomArrays.txt,3,404,0.002932,0.000000,0.00
randomArrays.txt,1,830,0.005787,0.000000,0.00
randomArrays.txt,2,830,0.005715,0.000000,0.00
randomArrays.txt,3,830,0.005678,0.015625,0.00
randomArrays.txt,1,115,0.001058,0.000000,0.00
randomArrays.txt,2,115,0.000903,0.015625,0.00
randomArrays.txt,3,115,0.001275,0.000000,0.00
randomArrays.txt,1,906,0.007533,0.015625,0.00
randomArrays.txt,2,906,0.007310,0.000000,0.00
randomArrays.txt,3,906,0.007508,0.000000,0.00
