Dataset,Algorithm,Run,Time(ms),CPU(%),Memory(MB)
randomArrays.txt,QuickSort,1,2.335000,0.00,0.00
randomArrays.txt,QuickSort,2,3.615000,0.00,0.00
randomArrays.txt,QuickSort,3,3.408400,114.61,0.00
randomArrays.txt,QuickSort,1,6.825200,57.23,0.00
randomArrays.txt,QuickSort,2,3.488800,0.00,0.00
randomArrays.txt,QuickSort,3,6.380700,0.00,0.00
randomArrays.txt,QuickSort,1,3.720500,0.00,0.00
randomArrays.txt,QuickSort,2,3.762200,0.00,0.00
randomArrays.txt,QuickSort,3,3.851000,101.43,0.00
randomArrays.txt,QuickSort,1,4.492700,0.00,0.00
randomArrays.txt,QuickSort,2,2.702400,144.55,0.00
randomArrays.txt,QuickSort,3,2.703500,0.00,0.00
randomArrays.txt,QuickSort,1,6.553200,59.61,0.00
randomArrays.txt,QuickSort,2,6.579300,0.00,0.00
randomArrays.txt,QuickSort,3,6.637200,58.85,0.00
randomArrays.txt,QuickSort,1,4.641900,0.00,0.00
randomArrays.txt,QuickSort,2,4.647000,84.06,0.00
randomArrays.txt,QuickSort,3,3.474000,0.00,0.00
randomArrays.txt,QuickSort,1,2.236700,0.00,0.00
randomArrays.txt,QuickSort,2,2.703600,0.00,0.00
randomArrays.txt,QuickSort,3,1.500800,0.00,0.00
randomArrays.txt,QuickSort,1,3.216700,0.00,0.00
randomArrays.txt,QuickSort,2,3.238000,0.00,0.00
randomArrays.txt,QuickSort,3,3.265200,0.00,0.00
randomArrays.txt,QuickSort,1,6.944800,56.25,0.00
randomArrays.txt,QuickSort,2,8.021400,0.00,0.00
randomArrays.txt,QuickSort,3,6.481900,60.26,0.00
randomArrays.txt,QuickSort,1,4.370000,89.39,0.00
randomArrays.txt,QuickSort,2,8.158100,0.00,0.00
randomArrays.txt,QuickSort,3,8.813500,44.32,0.00
randomArrays.txt,QuickSort,1,4.606000,84.81,0.00
randomArrays.txt,QuickSort,2,4.449000,0.00,0.00
randomArrays.txt,QuickSort,3,5.093300,0.00,0.00
randomArrays.txt,QuickSort,1,2.484000,157.26,0.00
randomArrays.txt,QuickSort,2,2.489900,0.00,0.00
randomArrays.txt,QuickSort,3,2.471000,0.00,0.00
randomArrays.txt,QuickSort,1,3.508900,0.00,0.00
randomArrays.txt,QuickSort,2,3.502000,0.00,0.00
randomArrays.txt,QuickSort,3,3.521700,110.92,0.00
randomArrays.txt,QuickSort,1,0.511300,0.00,0.00
randomArrays.txt,QuickSort,2,0.520400,0.00,0.00
randomArrays.txt,QuickSort,3,0.515400,0.00,0.00
randomArrays.txt,QuickSort,1,7.853800,49.74,0.00
randomArrays.txt,QuickSort,2,7.311200,53.43,0.00
randomArrays.txt,QuickSort,3,5.561700,0.00,0.00
randomArrays.txt,QuickSort,1,2.484900,0.00,0.00
randomArrays.txt,QuickSort,2,2.485700,0.00,0.00
randomArrays.txt,QuickSort,3,1.706000,0.00,0.00
randomArrays.txt,QuickSort,1,4.926000,0.00,0.00
randomArrays.txt,QuickSort,2,5.189200,75.28,0.00
randomArrays.txt,QuickSort,3,5.144700,0.00,0.00
randomArrays.txt,QuickSort,1,3.467900,0.00,0.00
randomArrays.txt,QuickSort,2,3.472600,0.00,0.00
randomArrays.txt,QuickSort,3,3.472900,112.48,0.00
randomArrays.txt,QuickSort,1,7.147400,54.65,0.00
randomArrays.txt,QuickSort,2,8.666500,0.00,0.00
randomArrays.txt,QuickSort,3,8.622900,45.30,0.00
randomArrays.txt,QuickSort,1,5.745200,0.00,0.00
randomArrays.txt,QuickSort,2,4.882400,0.00,0.00
randomArrays.txt,QuickSort,3,3.840300,101.72,0.00
randomArrays.txt,QuickSort,1,0.163900,0.00,0.00
randomArrays.txt,QuickSort,2,0.166700,0.00,0.00
randomArrays.txt,QuickSort,3,0.164300,0.00,0.00
randomArrays.txt,QuickSort,1,3.560200,109.72,0.00
randomArrays.txt,QuickSort,2,2.111600,0.00,0.00
randomArrays.txt,QuickSort,3,1.961600,0.00,0.00
randomArrays.txt,QuickSort,1,8.426600,46.36,0.00
randomArrays.txt,QuickSort,2,7.862400,0.00,0.00
randomArrays.txt,QuickSort,3,7.658200,51.01,0.00
randomArrays.txt,QuickSort,1,1.696200,0.00,0.00
randomArrays.txt,QuickSort,2,1.233400,0.00,0.00
randomArrays.txt,QuickSort,3,1.029600,379.39,0.00
randomArrays.txt,QuickSort,1,5.755400,67.87,0.00
randomArrays.txt,QuickSort,2,5.851800,0.00,0.00
randomArrays.txt,QuickSort,3,5.750300,67.93,0.00
randomArrays.txt,QuickSort,1,1.413000,0.00,0.00
randomArrays.txt,QuickSort,2,1.124300,0.00,0.00
randomArrays.txt,QuickSort,3,1.113900,0.00,0.00
randomArrays.txt,QuickSort,1,8.480300,0.00,0.00
randomArrays.txt,QuickSort,2,5.975800,65.37,0.00
randomArrays.txt,QuickSort,3,3.650300,0.00,0.00
randomArrays.txt,QuickSort,1,0.539600,0.00,0.00
randomArrays.txt,QuickSort,2,0.544300,0.00,0.00
randomArrays.txt,QuickSort,3,0.549900,0.00,0.00
randomArrays.txt,QuickSort,1,1.218100,0.00,0.00
randomArrays.txt,QuickSort,2,2.071400,0.00,0.00
randomArrays.txt,QuickSort,3,2.076800,188.09,0.00
randomArrays.txt,QuickSort,1,7.607800,51.35,0.00
randomArrays.txt,QuickSort,2,7.524400,0.00,0.00
randomArrays.txt,QuickSort,3,7.621600,51.25,0.00
randomArrays.txt,QuickSort,1,10.606800,36.83,0.00
randomArrays.txt,QuickSort,2,4.129600,0.00,0.00
randomArrays.txt,QuickSort,3,7.261200,53.80,0.00
randomArrays.txt,QuickSort,1,5.635300,0.00,0.00
randomArrays.txt,QuickSort,2,5.627900,69.41,0.00
randomArrays.txt,QuickSort,3,5.608000,0.00,0.00
randomArrays.txt,QuickSort,1,1.400000,0.00,0.00
randomArrays.txt,QuickSort,2,1.353100,0.00,0.00
randomArrays.txt,QuickSort,3,1.359200,0.00,0.00
randomArrays.txt,QuickSort,1,6.904700,0.00,0.00
randomArrays.txt,QuickSort,2,6.839600,0.00,0.00
randomArrays.txt,QuickSort,3,6.902500,56.59,0.00
randomArrays.txt,QuickSort,1,4.234900,0.00,0.00
randomArrays.txt,QuickSort,2,5.664700,0.00,0.00
randomArrays.txt,QuickSort,3,5.686000,68.70,0.00
randomArrays.txt,QuickSort,1,3.287500,0.00,0.00
randomArrays.txt,QuickSort,2,3.305800,0.00,0.00
randomArrays.txt,QuickSort,3,1.974500,0.00,0.00
randomArrays.txt,QuickSort,1,1.733800,0.00,0.00
randomArrays.txt,QuickSort,2,1.310600,0.00,0.00
randomArrays.txt,QuickSort,3,1.310700,0.00,0.00
randomArrays.txt,QuickSort,1,1.579300,0.00,0.00
randomArrays.txt,QuickSort,2,1.578900,0.00,0.00
randomArrays.txt,QuickSort,3,1.733900,0.00,0.00
randomArrays.txt,QuickSort,1,1.239500,0.00,0.00
randomArrays.txt,QuickSort,2,1.230600,0.00,0.00
randomArrays.txt,QuickSort,3,1.503800,0.00,0.00
randomArrays.txt,QuickSort,1,4.290800,0.00,0.00
randomArrays.txt,QuickSort,2,6.102600,64.01,0.00
randomArrays.txt,QuickSort,3,6.150600,0.00,0.00
randomArrays.txt,QuickSort,1,6.748300,0.00,0.00
randomArrays.txt,QuickSort,2,6.732700,0.00,0.00
randomArrays.txt,QuickSort,3,6.757400,0.00,0.00
randomArrays.txt,QuickSort,1,6.166600,0.00,0.00
randomArrays.txt,QuickSort,2,5.392100,0.00,0.00
randomArrays.txt,QuickSort,3,6.139200,0.00,0.00
randomArrays.txt,QuickSort,1,6.067000,0.00,0.00
randomArrays.txt,QuickSort,2,6.081300,64.23,0.00
randomArrays.txt,QuickSort,3,2.800200,0.00,0.00
randomArrays.txt,QuickSort,1,1.451700,0.00,0.00
randomArrays.txt,QuickSort,2,1.722800,0.00,0.00
randomArrays.txt,QuickSort,3,1.436000,0.00,0.00
randomArrays.txt,QuickSort,1,7.287300,0.00,0.00
randomArrays.txt,QuickSort,2,7.214500,0.00,0.00
randomArrays.txt,QuickSort,3,7.162100,0.00,0.00
randomArrays.txt,QuickSort,1,1.352600,0.00,0.00
randomArrays.txt,QuickSort,2,1.352400,0.00,0.00
randomArrays.txt,QuickSort,3,1.985700,196.72,0.00
randomArrays.txt,QuickSort,1,2.625200,0.00,0.00
randomArrays.txt,QuickSort,2,2.636700,0.00,0.00
randomArrays.txt,QuickSort,3,2.768300,0.00,0.00
randomArrays.txt,QuickSort,1,1.869200,0.00,0.00
randomArrays.txt,QuickSort,2,1.404800,0.00,0.00
randomArrays.txt,QuickSort,3,2.175400,0.00,0.00
randomArrays.txt,QuickSort,1,0.881800,0.00,0.00
randomArrays.txt,QuickSort,2,0.414200,0.00,0.00
randomArrays.txt,QuickSort,3,0.417900,0.00,0.00
randomArrays.txt,QuickSort,1,6.867200,56.88,0.00
randomArrays.txt,QuickSort,2,7.734300,0.00,0.00
randomArrays.txt,QuickSort,3,7.581700,51.52,0.00
randomArrays.txt,QuickSort,1,1.477900,0.00,0.00
randomArrays.txt,QuickSort,2,1.610800,0.00,0.00
randomArrays.txt,QuickSort,3,1.037700,0.00,0.00
randomArrays.txt,QuickSort,1,2.531000,0.00,0.00
randomArrays.txt,QuickSort,2,1.970400,0.00,0.00
randomArrays.txt,QuickSort,3,2.529700,154.42,0.00
randomArrays.txt,QuickSort,1,0.945000,0.00,0.00
randomArrays.txt,QuickSort,2,0.911500,0.00,0.00
randomArrays.txt,QuickSort,3,0.916200,0.00,0.00
randomArrays.txt,QuickSort,1,2.815700,0.00,0.00
randomArrays.txt,QuickSort,2,2.822100,0.00,0.00
randomArrays.txt,QuickSort,3,2.843800,137.36,0.00
randomArrays.txt,QuickSort,1,3.576600,0.00,0.00
randomArrays.txt,QuickSort,2,3.943200,0.00,0.00
randomArrays.txt,QuickSort,3,7.250700,53.87,0.00
randomArrays.txt,QuickSort,1,6.162500,0.00,0.00
randomArrays.txt,QuickSort,2,6.195800,63.05,0.00
randomArrays.txt,QuickSort,3,6.185100,0.00,0.00
randomArrays.txt,QuickSort,1,7.087000,0.00,0.00
randomArrays.txt,QuickSort,2,5.692700,0.00,0.00
randomArrays.txt,QuickSort,3,6.349600,61.52,0.00
randomArrays.txt,QuickSort,1,5.550800,0.00,0.00
randomArrays.txt,QuickSort,2,5.735100,68.11,0.00
randomArrays.txt,QuickSort,3,5.720200,0.00,0.00
randomArrays.txt,QuickSort,1,0.719100,0.00,0.00
randomArrays.txt,QuickSort,2,0.706800,0.00,0.00
randomArrays.txt,QuickSort,3,0.945200,0.00,0.00
randomArrays.txt,QuickSort,1,8.636000,0.00,0.00
randomArrays.txt,QuickSort,2,6.112100,63.91,0.00
randomArrays.txt,QuickSort,3,4.912700,0.00,0.00
randomArrays.txt,QuickSort,1,5.310100,73.56,0.00
randomArrays.txt,QuickSort,2,2.917700,0.00,0.00
randomArrays.txt,QuickSort,3,2.538500,0.00,0.00
randomArrays.txt,QuickSort,1,1.410500,0.00,0.00
randomArrays.txt,QuickSort,2,1.454300,0.00,0.00
randomArrays.txt,QuickSort,3,1.471000,0.00,0.00
randomArrays.txt,QuickSort,1,2.513500,0.00,0.00
randomArrays.txt,QuickSort,2,2.511100,0.00,0.00
randomArrays.txt,QuickSort,3,2.509800,0.00,0.00
randomArrays.txt,QuickSort,1,3.855800,101.31,0.00
randomArrays.txt,QuickSort,2,3.777200,0.00,0.00
randomArrays.txt,QuickSort,3,3.847300,0.00,0.00
randomArrays.txt,QuickSort,1,7.286700,53.61,0.00
randomArrays.txt,QuickSort,2,7.286400,0.00,0.00
randomArrays.txt,QuickSort,3,9.026000,43.28,0.00
randomArrays.txt,QuickSort,1,7.435100,0.00,0.00
randomArrays.txt,QuickSort,2,7.133500,54.76,0.00
randomArrays.txt,QuickSort,3,5.088800,0.00,0.00
randomArrays.txt,QuickSort,1,2.948200,0.00,0.00
randomArrays.txt,QuickSort,2,2.783600,0.00,0.00
randomArrays.txt,QuickSort,3,2.800300,139.49,0.00
randomArrays.txt,QuickSort,1,1.863100,0.00,0.00
randomArrays.txt,QuickSort,2,2.966100,0.00,0.00
randomArrays.txt,QuickSort,3,2.527600,0.00,0.00
randomArrays.txt,QuickSort,1,3.017600,0.00,0.00
randomArrays.txt,QuickSort,2,2.954900,0.00,0.00
randomArrays.txt,QuickSort,3,2.370500,0.00,0.00
randomArrays.txt,QuickSort,1,5.676500,0.00,0.00
randomArrays.txt,QuickSort,2,5.734700,68.12,0.00
randomArrays.txt,QuickSort,3,5.711700,0.00,0.00
randomArrays.txt,QuickSort,1,0.058300,0.00,0.00
randomArrays.txt,QuickSort,2,0.059400,0.00,0.00
randomArrays.txt,QuickSort,3,0.079300,0.00,0.00
randomArrays.txt,QuickSort,1,0.534600,0.00,0.00
randomArrays.txt,QuickSort,2,0.374900,0.00,0.00
randomArrays.txt,QuickSort,3,0.379100,0.00,0.00
randomArrays.txt,QuickSort,1,2.654300,0.00,0.00
randomArrays.txt,QuickSort,2,2.654200,147.17,0.00
randomArrays.txt,QuickSort,3,2.653900,0.00,0.00
randomArrays.txt,QuickSort,1,4.854300,0.00,0.00
randomArrays.txt,QuickSort,2,6.959700,56.13,0.00
randomArrays.txt,QuickSort,3,7.038300,0.00,0.00
randomArrays.txt,QuickSort,1,6.341700,61.60,0.00
randomArrays.txt,QuickSort,2,5.943700,0.00,0.00
randomArrays.txt,QuickSort,3,6.284900,62.15,0.00
randomArrays.txt,QuickSort,1,3.085900,126.58,0.00
randomArrays.txt,QuickSort,2,3.293700,0.00,0.00
randomArrays.txt,QuickSort,3,2.669800,0.00,0.00
randomArrays.txt,QuickSort,1,2.681900,0.00,0.00
randomArrays.txt,QuickSort,2,2.927600,0.00,0.00
randomArrays.txt,QuickSort,3,2.678800,0.00,0.00
randomArrays.txt,QuickSort,1,3.066200,0.00,0.00
randomArrays.txt,QuickSort,2,3.070300,0.00,0.00
randomArrays.txt,QuickSort,3,3.073900,0.00,0.00
randomArrays.txt,QuickSort,1,1.611800,0.00,0.00
randomArrays.txt,QuickSort,2,1.611100,242.46,0.00
randomArrays.txt,QuickSort,3,1.817000,0.00,0.00
randomArrays.txt,QuickSort,1,5.250700,0.00,0.00
randomArrays.txt,QuickSort,2,5.259800,0.00,0.00
randomArrays.txt,QuickSort,3,3.841600,101.68,0.00
randomArrays.txt,QuickSort,1,4.528100,86.27,0.00
randomArrays.txt,QuickSort,2,4.405800,0.00,0.00
randomArrays.txt,QuickSort,3,4.468100,0.00,0.00
randomArrays.txt,QuickSort,1,2.119700,0.00,0.00
randomArrays.txt,QuickSort,2,2.102700,0.00,0.00
randomArrays.txt,QuickSort,3,2.107900,0.00,0.00
randomArrays.txt,QuickSort,1,5.012600,77.93,0.00
randomArrays.txt,QuickSort,2,4.516200,0.00,0.00
randomArrays.txt,QuickSort,3,5.619100,69.52,0.00
randomArrays.txt,QuickSort,1,3.783000,0.00,0.00
randomArrays.txt,QuickSort,2,3.720300,0.00,0.00
randomArrays.txt,QuickSort,3,3.747000,0.00,0.00
randomArrays.txt,QuickSort,1,5.786700,0.00,0.00
randomArrays.txt,QuickSort,2,6.767700,0.00,0.00
randomArrays.txt,QuickSort,3,7.772100,0.00,0.00
randomArrays.txt,QuickSort,1,1.335300,292.54,0.00
randomArrays.txt,QuickSort,2,1.187100,0.00,0.00
randomArrays.txt,QuickSort,3,1.162700,0.00,0.00
randomArrays.txt,QuickSort,1,4.990400,0.00,0.00
randomArrays.txt,QuickSort,2,9.971700,39.17,0.00
randomArrays.txt,QuickSort,3,5.280700,0.00,0.00
randomArrays.txt,QuickSort,1,0.131600,0.00,0.00
randomArrays.txt,QuickSort,2,0.131800,0.00,0.00
randomArrays.txt,QuickSort,3,0.132600,0.00,0.00
randomArrays.txt,QuickSort,1,8.487200,46.03,0.00
randomArrays.txt,QuickSort,2,9.230800,0.00,0.00
randomArrays.txt,QuickSort,3,7.205500,54.21,0.00
randomArrays.txt,QuickSort,1,1.859200,0.00,0.00
randomArrays.txt,QuickSort,2,0.912600,428.04,0.00
randomArrays.txt,QuickSort,3,2.321000,0.00,0.00
randomArrays.txt,QuickSort,1,7.275400,0.00,0.00
randomArrays.txt,QuickSort,2,7.325900,53.32,0.00
randomArrays.txt,QuickSort,3,7.302800,0.00,0.00
randomArrays.txt,QuickSort,1,1.146300,0.00,0.00
randomArrays.txt,QuickSort,2,1.143500,0.00,0.00
randomArrays.txt,QuickSort,3,1.132500,0.00,0.00
randomArrays.txt,QuickSort,1,1.904300,0.00,0.00
randomArrays.txt,QuickSort,2,1.463900,0.00,0.00
randomArrays.txt,QuickSort,3,1.450600,0.00,0.00
randomArrays.txt,QuickSort,1,2.504100,0.00,0.00
randomArrays.txt,QuickSort,2,2.241200,0.00,0.00
randomArrays.txt,QuickSort,3,2.238000,0.00,0.00
randomArrays.txt,QuickSort,1,6.686500,0.00,0.00
randomArrays.txt,QuickSort,2,5.438100,71.83,0.00
randomArrays.txt,QuickSort,3,6.561700,0.00,0.00
randomArrays.txt,QuickSort,1,1.373700,0.00,0.00
randomArrays.txt,QuickSort,2,1.361000,0.00,0.00
randomArrays.txt,QuickSort,3,2.279400,0.00,0.00
randomArrays.txt,QuickSort,1,1.846700,0.00,0.00
randomArrays.txt,QuickSort,2,1.836300,0.00,0.00
randomArrays.txt,QuickSort,3,1.443400,270.63,0.00
randomArrays.txt,QuickSort,1,3.585500,0.00,0.00
randomArrays.txt,QuickSort,2,3.647400,0.00,0.00
randomArrays.txt,QuickSort,3,2.377600,0.00,0.00
randomArrays.txt,QuickSort,1,2.019900,193.39,0.00
randomArrays.txt,QuickSort,2,1.992200,0.00,0.00
randomArrays.txt,QuickSort,3,2.089500,0.00,0.00
randomArrays.txt,QuickSort,1,4.309900,0.00,0.00
randomArrays.txt,QuickSort,2,4.279600,91.28,0.00
randomArrays.txt,QuickSort,3,4.522000,0.00,0.00
randomArrays.txt,QuickSort,1,4.491800,0.00,0.00
randomArrays.txt,QuickSort,2,4.519900,0.00,0.00
randomArrays.txt,QuickSort,3,4.484100,87.11,0.00
randomArrays.txt,QuickSort,1,7.059200,55.34,0.00
randomArrays.txt,QuickSort,2,6.993700,0.00,0.00
randomArrays.txt,QuickSort,3,4.076100,95.83,0.00
randomArrays.txt,QuickSort,1,2.380800,0.00,0.00
randomArrays.txt,QuickSort,2,1.662800,0.00,0.00
randomArrays.txt,QuickSort,3,1.666000,234.47,0.00
randomArrays.txt,QuickSort,1,1.225400,318.77,0.00
randomArrays.txt,QuickSort,2,0.876900,0.00,0.00
randomArrays.txt,QuickSort,3,0.862700,0.00,0.00
randomArrays.txt,QuickSort,1,5.615500,69.56,0.00
randomArrays.txt,QuickSort,2,5.961900,0.00,0.00
randomArrays.txt,QuickSort,3,6.513900,59.97,0.00
randomArrays.txt,QuickSort,1,4.812900,81.16,0.00
randomArrays.txt,QuickSort,2,4.706100,0.00,0.00
randomArrays.txt,QuickSort,3,4.708000,0.00,0.00
randomArrays.txt,QuickSort,1,2.079500,0.00,0.00
randomArrays.txt,QuickSort,2,2.652600,147.26,0.00
randomArrays.txt,QuickSort,3,4.983600,0.00,0.00
randomArrays.txt,QuickSort,1,3.050000,0.00,0.00
randomArrays.txt,QuickSort,2,3.936400,0.00,0.00
randomArrays.txt,QuickSort,3,3.030800,0.00,0.00
randomArrays.txt,QuickSort,1,7.159600,0.00,0.00
randomArrays.txt,QuickSort,2,7.723500,50.58,0.00
randomArrays.txt,QuickSort,3,4.958300,0.00,0.00
randomArrays.txt,QuickSort,1,5.611500,69.61,0.00
randomArrays.txt,QuickSort,2,5.614500,0.00,0.00
randomArrays.txt,QuickSort,3,4.161700,0.00,0.00
randomArrays.txt,QuickSort,1,3.658700,0.00,0.00
randomArrays.txt,QuickSort,2,3.904300,0.00,0.00
randomArrays.txt,QuickSort,3,3.764600,103.76,0.00
randomArrays.txt,QuickSort,1,2.216100,0.00,0.00
randomArrays.txt,QuickSort,2,3.966600,0.00,0.00
randomArrays.txt,QuickSort,3,3.952900,0.00,0.00
randomArrays.txt,QuickSort,1,5.575100,0.00,0.00
randomArrays.txt,QuickSort,2,5.649200,69.15,0.00
randomArrays.txt,QuickSort,3,5.629500,0.00,0.00
randomArrays.txt,QuickSort,1,1.186200,0.00,0.00
randomArrays.txt,QuickSort,2,1.206400,0.00,0.00
randomArrays.txt,QuickSort,3,1.146600,0.00,0.00
randomArrays.txt,QuickSort,1,3.017000,0.00,0.00
randomArrays.txt,QuickSort,2,4.256000,0.00,0.00
randomArrays.txt,QuickSort,3,3.655800,106.85,0.00
randomArrays.txt,QuickSort,1,6.600000,59.19,0.00
randomArrays.txt,QuickSort,2,6.633000,0.00,0.00
randomArrays.txt,QuickSort,3,6.609600,59.10,0.00
randomArrays.txt,QuickSort,1,5.689200,0.00,0.00
randomArrays.txt,QuickSort,2,5.708100,0.00,0.00
randomArrays.txt,QuickSort,3,6.589400,0.00,0.00
randomArrays.txt,QuickSort,1,7.833900,49.86,0.00
randomArrays.txt,QuickSort,2,7.947200,0.00,0.00
randomArrays.txt,QuickSort,3,7.855600,49.73,0.00
randomArrays.txt,QuickSort,1,3.785300,0.00,0.00
randomArrays.txt,QuickSort,2,3.731400,0.00,0.00
randomArrays.txt,QuickSort,3,4.253100,91.84,0.00
randomArrays.txt,QuickSort,1,2.941800,0.00,0.00
randomArrays.txt,QuickSort,2,2.909300,0.00,0.00
randomArrays.txt,QuickSort,3,2.926400,0.00,0.00
randomArrays.txt,QuickSort,1,5.133800,76.09,0.00
randomArrays.txt,QuickSort,2,3.721200,0.00,0.00
randomArrays.txt,QuickSort,3,5.106900,0.00,0.00
randomArrays.txt,QuickSort,1,1.454300,0.00,0.00
randomArrays.txt,QuickSort,2,1.236100,316.01,0.00
randomArrays.txt,QuickSort,3,1.240200,0.00,0.00
randomArrays.txt,QuickSort,1,3.641700,0.00,0.00
randomArrays.txt,QuickSort,2,3.758800,103.92,0.00
randomArrays.txt,QuickSort,3,3.662500,0.00,0.00
randomArrays.txt,QuickSort,1,2.864800,136.35,0.00
randomArrays.txt,QuickSort,2,2.874200,0.00,0.00
randomArrays.txt,QuickSort,3,2.924700,0.00,0.00
randomArrays.txt,QuickSort,1,3.269500,0.00,0.00
randomArrays.txt,QuickSort,2,5.769700,0.00,0.00
randomArrays.txt,QuickSort,3,3.176300,0.00,0.00
randomArrays.txt,QuickSort,1,7.035300,55.52,0.00
randomArrays.txt,QuickSort,2,7.105200,0.00,0.00
randomArrays.txt,QuickSort,3,5.719400,68.30,0.00
randomArrays.txt,QuickSort,1,5.927000,0.00,0.00
randomArrays.txt,QuickSort,2,5.920100,65.98,0.00
randomArrays.txt,QuickSort,3,5.888300,0.00,0.00
randomArrays.txt,QuickSort,1,2.750200,0.00,0.00
randomArrays.txt,QuickSort,2,2.899700,0.00,0.00
randomArrays.txt,QuickSort,3,1.677000,0.00,0.00
randomArrays.txt,QuickSort,1,2.068500,0.00,0.00
randomArrays.txt,QuickSort,2,2.650400,147.38,0.00
randomArrays.txt,QuickSort,3,2.498700,0.00,0.00
randomArrays.txt,QuickSort,1,0.842300,0.00,0.00
randomArrays.txt,QuickSort,2,1.086100,0.00,0.00
randomArrays.txt,QuickSort,3,1.224500,0.00,0.00
randomArrays.txt,QuickSort,1,8.072800,48.39,0.00
randomArrays.txt,QuickSort,2,10.261200,38.07,0.00
randomArrays.txt,QuickSort,3,8.123400,0.00,0.00
randomArrays.txt,QuickSort,1,4.443200,87.92,0.00
randomArrays.txt,QuickSort,2,4.051000,0.00,0.00
randomArrays.txt,QuickSort,3,5.918300,66.00,0.00
randomArrays.txt,QuickSort,1,5.288700,73.86,0.00
randomArrays.txt,QuickSort,2,2.807800,0.00,0.00
randomArrays.txt,QuickSort,3,3.035600,0.00,0.00
randomArrays.txt,QuickSort,1,1.827800,0.00,0.00
randomArrays.txt,QuickSort,2,2.094800,0.00,0.00
randomArrays.txt,QuickSort,3,6.420500,60.84,0.00
randomArrays.txt,QuickSort,1,6.786300,0.00,0.00
randomArrays.txt,QuickSort,2,3.389000,115.26,0.00
randomArrays.txt,QuickSort,3,6.776100,0.00,0.00
randomArrays.txt,QuickSort,1,0.876100,0.00,0.00
randomArrays.txt,QuickSort,2,0.838200,0.00,0.00
randomArrays.txt,QuickSort,3,0.821700,0.00,0.00
randomArrays.txt,QuickSort,1,0.950500,410.97,0.00
randomArrays.txt,QuickSort,2,0.717300,0.00,0.00
randomArrays.txt,QuickSort,3,1.600600,0.00,0.00
randomArrays.txt,QuickSort,1,6.672800,58.54,0.00
randomArrays.txt,QuickSort,2,9.324200,0.00,0.00
randomArrays.txt,QuickSort,3,8.390300,46.56,0.00
randomArrays.txt,QuickSort,1,7.572800,51.58,0.00
randomArrays.txt,QuickSort,2,7.090300,0.00,0.00
randomArrays.txt,QuickSort,3,8.475200,46.09,0.00
randomArrays.txt,QuickSort,1,3.140300,0.00,0.00
randomArrays.txt,QuickSort,2,3.160300,0.00,0.00
randomArrays.txt,QuickSort,3,3.145900,0.00,0.00
randomArrays.txt,QuickSort,1,5.287200,0.00,0.00
randomArrays.txt,QuickSort,2,4.781700,81.69,0.00
randomArrays.txt,QuickSort,3,6.540500,0.00,0.00
randomArrays.txt,QuickSort,1,0.487200,0.00,0.00
randomArrays.txt,QuickSort,2,0.310100,0.00,0.00
randomArrays.txt,QuickSort,3,0.299300,0.00,0.00
randomArrays.txt,QuickSort,1,2.652400,0.00,0.00
randomArrays.txt,QuickSort,2,2.276800,0.00,0.00
randomArrays.txt,QuickSort,3,2.253300,0.00,0.00
randomArrays.txt,QuickSort,1,1.234100,0.00,0.00
randomArrays.txt,QuickSort,2,1.245000,0.00,0.00
randomArrays.txt,QuickSort,3,1.220000,0.00,0.00
randomArrays.txt,QuickSort,1,3.922600,99.58,0.00
randomArrays.txt,QuickSort,2,4.067400,0.00,0.00
randomArrays.txt,QuickSort,3,4.005600,0.00,0.00
randomArrays.txt,QuickSort,1,0.215400,0.00,0.00
randomArrays.txt,QuickSort,2,0.213600,0.00,0.00
randomArrays.txt,QuickSort,3,0.208700,0.00,0.00
randomArrays.txt,QuickSort,1,5.254200,0.00,0.00
randomArrays.txt,QuickSort,2,6.088000,0.00,0.00
randomArrays.txt,QuickSort,3,6.060400,64.46,0.00
randomArrays.txt,QuickSort,1,5.270500,74.12,0.00
randomArrays.txt,QuickSort,2,3.223800,0.00,0.00
randomArrays.txt,QuickSort,3,5.627200,0.00,0.00
randomArrays.txt,QuickSort,1,8.356100,0.00,0.00
randomArrays.txt,QuickSort,2,12.473800,31.32,0.00
randomArrays.txt,QuickSort,3,13.830000,28.24,0.00
randomArrays.txt,QuickSort,1,0.627400,0.00,0.00
randomArrays.txt,QuickSort,2,0.916600,0.00,0.00
randomArrays.txt,QuickSort,3,0.688500,0.00,0.00
randomArrays.txt,QuickSort,1,6.577200,0.00,0.00
randomArrays.txt,QuickSort,2,8.379100,46.62,0.00
randomArrays.txt,QuickSort,3,7.822200,0.00,0.00
randomArrays.txt,QuickSort,1,2.384500,0.00,0.00
randomArrays.txt,QuickSort,2,2.365500,0.00,0.00
randomArrays.txt,QuickSort,3,2.387400,0.00,0.00
randomArrays.txt,QuickSort,1,1.133500,0.00,0.00
randomArrays.txt,QuickSort,2,0.924900,0.00,0.00
randomArrays.txt,QuickSort,3,1.441400,0.00,0.00
randomArrays.txt,QuickSort,1,6.345100,0.00,0.00
randomArrays.txt,QuickSort,2,8.235500,47.43,0.00
randomArrays.txt,QuickSort,3,8.534100,0.00,0.00
randomArrays.txt,QuickSort,1,4.274600,0.00,0.00
randomArrays.txt,QuickSort,2,4.260500,0.00,0.00
randomArrays.txt,QuickSort,3,2.326500,0.00,0.00
randomArrays.txt,QuickSort,1,7.683700,50.84,0.00
randomArrays.txt,QuickSort,2,3.879000,0.00,0.00
randomArrays.txt,QuickSort,3,4.025300,0.00,0.00
randomArrays.txt,QuickSort,1,4.161800,0.00,0.00
randomArrays.txt,QuickSort,2,4.165000,0.00,0.00
randomArrays.txt,QuickSort,3,4.137500,0.00,0.00
randomArrays.txt,QuickSort,1,1.126200,346.85,0.00
randomArrays.txt,QuickSort,2,1.206200,0.00,0.00
randomArrays.txt,QuickSort,3,1.689800,0.00,0.00
randomArrays.txt,QuickSort,1,1.583900,0.00,0.00
randomArrays.txt,QuickSort,2,2.905200,0.00,0.00
randomArrays.txt,QuickSort,3,1.621400,240.92,0.00
randomArrays.txt,QuickSort,1,3.050800,0.00,0.00
randomArrays.txt,QuickSort,2,3.051000,0.00,0.00
randomArrays.txt,QuickSort,3,3.072200,127.15,0.00
randomArrays.txt,QuickSort,1,7.027900,55.58,0.00
randomArrays.txt,QuickSort,2,6.880700,0.00,0.00
randomArrays.txt,QuickSort,3,7.891400,49.50,0.00
randomArrays.txt,QuickSort,1,8.712700,0.00,0.00
randomArrays.txt,QuickSort,2,8.502200,45.94,0.00
randomArrays.txt,QuickSort,3,7.128500,54.80,0.00
randomArrays.txt,QuickSort,1,2.726400,0.00,0.00
randomArrays.txt,QuickSort,2,2.331400,0.00,0.00
randomArrays.txt,QuickSort,3,2.338500,0.00,0.00
randomArrays.txt,QuickSort,1,7.603700,51.37,0.00
randomArrays.txt,QuickSort,2,7.695700,0.00,0.00
randomArrays.txt,QuickSort,3,8.098800,48.23,0.00
randomArrays.txt,QuickSort,1,5.063800,77.14,0.00
randomArrays.txt,QuickSort,2,6.935300,0.00,0.00
randomArrays.txt,QuickSort,3,7.022200,55.63,0.00
randomArrays.txt,QuickSort,1,7.291900,0.00,0.00
randomArrays.txt,QuickSort,2,7.943900,49.17,0.00
randomArrays.txt,QuickSort,3,8.002600,48.81,0.00
randomArrays.txt,QuickSort,1,1.106700,0.00,0.00
randomArrays.txt,QuickSort,2,1.152300,0.00,0.00
randomArrays.txt,QuickSort,3,1.262400,0.00,0.00
randomArrays.txt,QuickSort,1,2.518000,0.00,0.00
randomArrays.txt,QuickSort,2,2.125900,183.75,0.00
randomArrays.txt,QuickSort,3,2.521100,0.00,0.00
randomArrays.txt,QuickSort,1,1.292700,0.00,0.00
randomArrays.txt,QuickSort,2,1.286800,0.00,0.00
randomArrays.txt,QuickSort,3,1.271900,0.00,0.00
randomArrays.txt,QuickSort,1,8.486600,0.00,0.00
randomArrays.txt,QuickSort,2,8.478400,46.07,0.00
randomArrays.txt,QuickSort,3,6.452400,0.00,0.00
randomArrays.txt,QuickSort,1,0.513100,0.00,0.00
randomArrays.txt,QuickSort,2,0.495900,0.00,0.00
randomArrays.txt,QuickSort,3,0.487100,0.00,0.00
randomArrays.txt,QuickSort,1,6.614000,0.00,0.00
randomArrays.txt,QuickSort,2,3.791600,0.00,0.00
randomArrays.txt,QuickSort,3,6.609300,0.00,0.00
randomArrays.txt,QuickSort,1,4.961500,0.00,0.00
randomArrays.txt,QuickSort,2,2.312800,0.00,0.00
randomArrays.txt,QuickSort,3,4.215300,92.67,0.00
randomArrays.txt,QuickSort,1,3.321200,0.00,0.00
randomArrays.txt,QuickSort,2,4.116100,94.90,0.00
randomArrays.txt,QuickSort,3,2.684500,0.00,0.00
randomArrays.txt,QuickSort,1,3.526400,0.00,0.00
randomArrays.txt,QuickSort,2,3.531100,110.62,0.00
randomArrays.txt,QuickSort,3,2.711100,0.00,0.00
randomArrays.txt,QuickSort,1,0.103800,0.00,0.00
randomArrays.txt,QuickSort,2,0.043200,0.00,0.00
randomArrays.txt,QuickSort,3,0.119000,0.00,0.00
randomArrays.txt,QuickSort,1,4.142500,0.00,0.00
randomArrays.txt,QuickSort,2,4.041600,0.00,0.00
randomArrays.txt,QuickSort,3,3.601800,0.00,0.00
randomArrays.txt,QuickSort,1,2.834500,0.00,0.00
randomArrays.txt,QuickSort,2,2.847200,137.20,0.00
randomArrays.txt,QuickSort,3,2.948500,0.00,0.00
randomArrays.txt,QuickSort,1,3.725800,0.00,0.00
randomArrays.txt,QuickSort,2,6.315700,61.85,0.00
randomArrays.txt,QuickSort,3,7.035500,0.00,0.00
randomArrays.txt,QuickSort,1,0.643100,0.00,0.00
randomArrays.txt,QuickSort,2,0.639300,0.00,0.00
randomArrays.txt,QuickSort,3,0.594600,0.00,0.00
randomArrays.txt,QuickSort,1,0.444700,0.00,0.00
randomArrays.txt,QuickSort,2,0.645600,0.00,0.00
randomArrays.txt,QuickSort,3,0.640100,0.00,0.00
randomArrays.txt,QuickSort,1,5.045900,0.00,0.00
randomArrays.txt,QuickSort,2,6.940300,0.00,0.00
randomArrays.txt,QuickSort,3,5.034100,0.00,0.00
randomArrays.txt,QuickSort,1,0.195400,0.00,0.00
randomArrays.txt,QuickSort,2,0.191800,0.00,0.00
randomArrays.txt,QuickSort,3,0.196400,0.00,0.00
randomArrays.txt,QuickSort,1,5.959500,0.00,0.00
randomArrays.txt,QuickSort,2,5.810200,67.23,0.00
randomArrays.txt,QuickSort,3,5.692800,0.00,0.00
randomArrays.txt,QuickSort,1,3.496000,111.73,0.00
randomArrays.txt,QuickSort,2,6.361300,0.00,0.00
randomArrays.txt,QuickSort,3,6.434500,0.00,0.00
randomArrays.txt,QuickSort,1,2.167200,0.00,0.00
randomArrays.txt,QuickSort,2,2.002800,0.00,0.00
randomArrays.txt,QuickSort,3,2.436500,0.00,0.00
randomArrays.txt,QuickSort,1,4.856100,0.00,0.00
randomArrays.txt,QuickSort,2,6.236900,0.00,0.00
randomArrays.txt,QuickSort,3,6.242400,62.58,0.00
randomArrays.txt,QuickSort,1,7.628000,0.00,0.00
randomArrays.txt,QuickSort,2,7.681300,50.85,0.00
randomArrays.txt,QuickSort,3,6.124900,0.00,0.00
randomArrays.txt,QuickSort,1,8.487900,0.00,0.00
randomArrays.txt,QuickSort,2,8.499800,45.96,0.00
randomArrays.txt,QuickSort,3,8.443300,46.26,0.00
randomArrays.txt,QuickSort,1,6.877200,0.00,0.00
randomArrays.txt,QuickSort,2,4.601500,0.00,0.00
randomArrays.txt,QuickSort,3,4.417500,88.43,0.00
randomArrays.txt,QuickSort,1,4.121500,0.00,0.00
randomArrays.txt,QuickSort,2,4.147400,0.00,0.00
randomArrays.txt,QuickSort,3,4.138000,94.40,0.00
randomArrays.txt,QuickSort,1,8.906500,43.86,0.00
randomArrays.txt,QuickSort,2,9.643500,0.00,0.00
randomArrays.txt,QuickSort,3,7.578000,0.00,0.00
randomArrays.txt,QuickSort,1,6.446100,60.60,0.00
randomArrays.txt,QuickSort,2,6.441800,0.00,0.00
randomArrays.txt,QuickSort,3,6.322800,61.78,0.00
randomArrays.txt,QuickSort,1,1.556900,250.90,0.00
randomArrays.txt,QuickSort,2,1.563000,0.00,0.00
randomArrays.txt,QuickSort,3,1.554800,0.00,0.00
randomArrays.txt,QuickSort,1,0.758400,0.00,0.00
randomArrays.txt,QuickSort,2,0.633500,0.00,0.00
randomArrays.txt,QuickSort,3,0.826500,0.00,0.00
randomArrays.txt,QuickSort,1,4.188200,93.27,0.00
randomArrays.txt,QuickSort,2,4.134100,0.00,0.00
randomArrays.txt,QuickSort,3,4.143900,0.00,0.00
randomArrays.txt,QuickSort,1,4.909500,0.00,0.00
randomArrays.txt,QuickSort,2,2.900100,0.00,0.00
randomArrays.txt,QuickSort,3,4.413800,88.50,0.00
randomArrays.txt,QuickSort,1,1.179900,0.00,0.00
randomArrays.txt,QuickSort,2,1.171100,333.55,0.00
randomArrays.txt,QuickSort,3,1.168300,0.00,0.00
randomArrays.txt,QuickSort,1,4.902200,0.00,0.00
randomArrays.txt,QuickSort,2,4.853800,80.48,0.00
randomArrays.txt,QuickSort,3,3.474200,0.00,0.00
randomArrays.txt,QuickSort,1,7.120000,54.86,0.00
randomArrays.txt,QuickSort,2,7.104700,0.00,0.00
randomArrays.txt,QuickSort,3,4.281700,0.00,0.00
randomArrays.txt,QuickSort,1,0.676300,0.00,0.00
randomArrays.txt,QuickSort,2,0.685100,0.00,0.00
randomArrays.txt,QuickSort,3,0.673000,0.00,0.00
randomArrays.txt,QuickSort,1,0.952400,0.00,0.00
randomArrays.txt,QuickSort,2,0.742100,0.00,0.00
randomArrays.txt,QuickSort,3,0.737200,0.00,0.00
randomArrays.txt,QuickSort,1,1.862800,0.00,0.00
randomArrays.txt,QuickSort,2,2.057700,0.00,0.00
randomArrays.txt,QuickSort,3,2.064800,189.18,0.00
randomArrays.txt,QuickSort,1,1.857500,0.00,0.00
randomArrays.txt,QuickSort,2,1.974200,0.00,0.00
randomArrays.txt,QuickSort,3,1.914900,0.00,0.00
randomArrays.txt,QuickSort,1,1.143900,0.00,0.00
randomArrays.txt,QuickSort,2,0.955500,0.00,0.00
randomArrays.txt,QuickSort,3,0.938000,0.00,0.00
randomArrays.txt,QuickSort,1,6.591900,59.26,0.00
randomArrays.txt,QuickSort,2,6.521800,0.00,0.00
randomArrays.txt,QuickSort,3,6.585600,59.32,0.00
randomArrays.txt,QuickSort,1,2.229900,175.18,0.00
randomArrays.txt,QuickSort,2,2.240600,0.00,0.00
randomArrays.txt,QuickSort,3,2.256100,0.00,0.00
randomArrays.txt,QuickSort,1,0.610900,0.00,0.00
randomArrays.txt,QuickSort,2,0.608200,0.00,0.00
randomArrays.txt,QuickSort,3,0.733800,0.00,0.00
randomArrays.txt,QuickSort,1,3.374900,0.00,0.00
randomArrays.txt,QuickSort,2,3.864500,0.00,0.00
randomArrays.txt,QuickSort,3,4.047000,0.00,0.00
randomArrays.txt,QuickSort,1,6.474300,0.00,0.00
randomArrays.txt,QuickSort,2,6.427200,60.78,0.00
randomArrays.txt,QuickSort,3,6.510200,0.00,0.00
randomArrays.txt,QuickSort,1,4.482600,87.14,0.00
randomArrays.txt,QuickSort,2,4.296200,0.00,0.00
randomArrays.txt,QuickSort,3,7.483800,52.20,0.00
randomArrays.txt,QuickSort,1,2.471500,0.00,0.00
randomArrays.txt,QuickSort,2,2.482400,0.00,0.00
randomArrays.txt,QuickSort,3,2.458400,0.00,0.00
randomArrays.txt,QuickSort,1,3.693300,0.00,0.00
randomArrays.txt,QuickSort,2,3.030500,0.00,0.00
randomArrays.txt,QuickSort,3,3.145800,124.17,0.00
randomArrays.txt,QuickSort,1,1.858000,0.00,0.00
randomArrays.txt,QuickSort,2,2.391300,0.00,0.00
randomArrays.txt,QuickSort,3,2.701100,0.00,0.00
randomArrays.txt,QuickSort,1,4.732700,0.00,0.00
randomArrays.txt,QuickSort,2,3.672400,106.37,0.00
randomArrays.txt,QuickSort,3,3.995600,0.00,0.00
randomArrays.txt,QuickSort,1,5.072800,77.00,0.00
randomArrays.txt,QuickSort,2,2.537400,0.00,0.00
randomArrays.txt,QuickSort,3,5.044100,0.00,0.00
randomArrays.txt,QuickSort,1,7.946600,49.16,0.00
randomArrays.txt,QuickSort,2,8.008200,0.00,0.00
randomArrays.txt,QuickSort,3,8.030800,48.64,0.00
randomArrays.txt,QuickSort,1,2.641100,0.00,0.00
randomArrays.txt,QuickSort,2,2.677000,0.00,0.00
randomArrays.txt,QuickSort,3,2.645200,0.00,0.00
randomArrays.txt,QuickSort,1,6.293500,62.07,0.00
randomArrays.txt,QuickSort,2,6.283000,0.00,0.00
randomArrays.txt,QuickSort,3,6.329000,61.72,0.00
randomArrays.txt,QuickSort,1,0.045700,0.00,0.00
randomArrays.txt,QuickSort,2,0.042900,0.00,0.00
randomArrays.txt,QuickSort,3,0.030200,0.00,0.00
randomArrays.txt,QuickSort,1,1.621400,0.00,0.00
randomArrays.txt,QuickSort,2,1.413400,0.00,0.00
randomArrays.txt,QuickSort,3,1.410600,0.00,0.00
randomArrays.txt,QuickSort,1,6.529800,0.00,0.00
randomArrays.txt,QuickSort,2,7.847000,49.78,0.00
randomArrays.txt,QuickSort,3,3.679500,0.00,0.00
randomArrays.txt,QuickSort,1,3.324500,0.00,0.00
randomArrays.txt,QuickSort,2,3.348600,116.65,0.00
randomArrays.txt,QuickSort,3,3.327900,0.00,0.00
randomArrays.txt,QuickSort,1,0.185100,0.00,0.00
randomArrays.txt,QuickSort,2,0.193300,0.00,0.00
randomArrays.txt,QuickSort,3,0.185000,0.00,0.00
randomArrays.txt,QuickSort,1,5.644700,0.00,0.00
randomArrays.txt,QuickSort,2,5.640900,69.25,0.00
randomArrays.txt,QuickSort,3,5.283900,0.00,0.00
randomArrays.txt,QuickSort,1,1.540500,0.00,0.00
randomArrays.txt,QuickSort,2,1.508300,0.00,0.00
randomArrays.txt,QuickSort,3,1.512800,0.00,0.00
randomArrays.txt,QuickSort,1,6.918700,0.00,0.00
randomArrays.txt,QuickSort,2,6.858200,56.96,0.00
randomArrays.txt,QuickSort,3,6.886900,0.00,0.00
randomArrays.txt,QuickSort,1,1.712300,0.00,0.00
randomArrays.txt,QuickSort,2,1.706700,0.00,0.00
randomArrays.txt,QuickSort,3,1.710800,0.00,0.00
randomArrays.txt,QuickSort,1,6.690600,0.00,0.00
randomArrays.txt,QuickSort,2,8.097600,48.24,0.00
randomArrays.txt,QuickSort,3,7.264000,0.00,0.00
randomArrays.txt,QuickSort,1,0.865500,0.00,0.00
randomArrays.txt,QuickSort,2,0.861900,0.00,0.00
randomArrays.txt,QuickSort,3,0.862300,0.00,0.00
randomArrays.txt,QuickSort,1,1.687600,231.47,0.00
randomArrays.txt,QuickSort,2,1.677100,0.00,0.00
randomArrays.txt,QuickSort,3,1.694500,0.00,0.00
randomArrays.txt,QuickSort,1,1.143800,0.00,0.00
randomArrays.txt,QuickSort,2,0.983400,0.00,0.00
randomArrays.txt,QuickSort,3,0.981800,0.00,0.00
randomArrays.txt,QuickSort,1,7.562300,0.00,0.00
randomArrays.txt,QuickSort,2,7.274900,53.69,0.00
randomArrays.txt,QuickSort,3,7.479700,0.00,0.00
randomArrays.txt,QuickSort,1,1.688500,0.00,0.00
randomArrays.txt,QuickSort,2,1.347500,289.89,0.00
randomArrays.txt,QuickSort,3,1.495600,0.00,0.00
randomArrays.txt,QuickSort,1,1.724500,0.00,0.00
randomArrays.txt,QuickSort,2,1.700400,0.00,0.00
randomArrays.txt,QuickSort,3,1.929000,0.00,0.00
randomArrays.txt,QuickSort,1,0.474100,0.00,0.00
randomArrays.txt,QuickSort,2,0.474400,0.00,0.00
randomArrays.txt,QuickSort,3,0.468400,0.00,0.00
randomArrays.txt,QuickSort,1,5.041500,77.48,0.00
randomArrays.txt,QuickSort,2,5.094100,0.00,0.00
randomArrays.txt,QuickSort,3,5.066700,0.00,0.00
randomArrays.txt,QuickSort,1,0.064200,0.00,0.00
randomArrays.txt,QuickSort,2,0.059200,0.00,0.00
randomArrays.txt,QuickSort,3,0.060000,0.00,0.00
randomArrays.txt,QuickSort,1,3.691600,0.00,0.00
randomArrays.txt,QuickSort,2,3.656900,106.82,0.00
randomArrays.txt,QuickSort,3,4.968800,0.00,0.00
randomArrays.txt,QuickSort,1,3.454400,0.00,0.00
randomArrays.txt,QuickSort,2,3.425900,0.00,0.00
randomArrays.txt,QuickSort,3,3.418900,0.00,0.00
randomArrays.txt,QuickSort,1,5.135000,76.07,0.00
randomArrays.txt,QuickSort,2,2.974200,0.00,0.00
randomArrays.txt,QuickSort,3,5.202000,0.00,0.00
randomArrays.txt,QuickSort,1,7.632700,0.00,0.00
randomArrays.txt,QuickSort,2,7.667500,50.95,0.00
randomArrays.txt,QuickSort,3,7.651300,0.00,0.00
randomArrays.txt,QuickSort,1,5.230100,0.00,0.00
randomArrays.txt,QuickSort,2,5.268700,74.14,0.00
randomArrays.txt,QuickSort,3,5.213300,0.00,0.00
randomArrays.txt,QuickSort,1,7.302300,53.49,0.00
randomArrays.txt,QuickSort,2,7.263200,0.00,0.00
randomArrays.txt,QuickSort,3,7.181400,54.39,0.00
randomArrays.txt,QuickSort,1,5.138500,0.00,0.00
randomArrays.txt,QuickSort,2,4.018000,0.00,0.00
randomArrays.txt,QuickSort,3,5.359600,72.88,0.00
randomArrays.txt,QuickSort,1,1.591000,0.00,0.00
randomArrays.txt,QuickSort,2,1.401900,0.00,0.00
randomArrays.txt,QuickSort,3,1.174400,0.00,0.00
randomArrays.txt,QuickSort,1,4.348600,89.83,0.00
randomArrays.txt,QuickSort,2,2.398800,0.00,0.00
randomArrays.txt,QuickSort,3,4.344500,0.00,0.00
randomArrays.txt,QuickSort,1,0.912200,0.00,0.00
randomArrays.txt,QuickSort,2,0.903700,0.00,0.00
randomArrays.txt,QuickSort,3,0.905100,0.00,0.00
randomArrays.txt,QuickSort,1,1.781100,0.00,0.00
randomArrays.txt,QuickSort,2,1.783000,0.00,0.00
randomArrays.txt,QuickSort,3,1.804100,0.00,0.00
randomArrays.txt,QuickSort,1,1.047500,0.00,0.00
randomArrays.txt,QuickSort,2,1.026700,0.00,0.00
randomArrays.txt,QuickSort,3,1.027600,0.00,0.00
randomArrays.txt,QuickSort,1,0.711200,0.00,0.00
randomArrays.txt,QuickSort,2,0.703900,0.00,0.00
randomArrays.txt,QuickSort,3,0.702500,0.00,0.00
randomArrays.txt,QuickSort,1,1.768600,0.00,0.00
randomArrays.txt,QuickSort,2,2.027700,0.00,0.00
randomArrays.txt,QuickSort,3,1.735000,0.00,0.00
randomArrays.txt,QuickSort,1,0.446900,0.00,0.00
randomArrays.txt,QuickSort,2,0.451600,0.00,0.00
randomArrays.txt,QuickSort,3,0.667400,585.29,0.00
randomArrays.txt,QuickSort,1,0.063500,0.00,0.00
randomArrays.txt,QuickSort,2,0.064400,0.00,0.00
randomArrays.txt,QuickSort,3,0.028800,0.00,0.00
randomArrays.txt,QuickSort,1,2.128300,0.00,0.00
randomArrays.txt,QuickSort,2,2.108100,0.00,0.00
randomArrays.txt,QuickSort,3,2.114500,0.00,0.00
randomArrays.txt,QuickSort,1,3.862700,0.00,0.00
randomArrays.txt,QuickSort,2,4.215700,0.00,0.00
randomArrays.txt,QuickSort,3,2.252200,0.00,0.00
randomArrays.txt,QuickSort,1,2.274700,0.00,0.00
randomArrays.txt,QuickSort,2,2.261100,0.00,0.00
randomArrays.txt,QuickSort,3,2.263000,0.00,0.00
randomArrays.txt,QuickSort,1,2.709500,0.00,0.00
randomArrays.txt,QuickSort,2,2.694700,0.00,0.00
randomArrays.txt,QuickSort,3,2.683900,0.00,0.00
randomArrays.txt,QuickSort,1,2.943000,0.00,0.00
randomArrays.txt,QuickSort,2,5.182700,75.37,0.00
randomArrays.txt,QuickSort,3,4.236400,0.00,0.00
randomArrays.txt,QuickSort,1,3.760800,0.00,0.00
randomArrays.txt,QuickSort,2,3.779500,0.00,0.00
randomArrays.txt,QuickSort,3,3.981800,98.10,0.00
randomArrays.txt,QuickSort,1,0.144200,0.00,0.00
randomArrays.txt,QuickSort,2,0.135100,0.00,0.00
randomArrays.txt,QuickSort,3,0.136500,0.00,0.00
randomArrays.txt,QuickSort,1,3.027400,0.00,0.00
randomArrays.txt,QuickSort,2,3.075900,127.00,0.00
randomArrays.txt,QuickSort,3,1.949500,0.00,0.00
randomArrays.txt,QuickSort,1,0.188100,0.00,0.00
randomArrays.txt,QuickSort,2,0.073500,0.00,0.00
randomArrays.txt,QuickSort,3,0.267300,0.00,0.00
randomArrays.txt,QuickSort,1,4.243900,0.00,0.00
randomArrays.txt,QuickSort,2,2.648300,0.00,0.00
randomArrays.txt,QuickSort,3,4.261600,91.66,0.00
randomArrays.txt,QuickSort,1,7.476900,52.24,0.00
randomArrays.txt,QuickSort,2,7.404800,0.00,0.00
randomArrays.txt,QuickSort,3,5.871700,66.53,0.00
randomArrays.txt,QuickSort,1,0.250700,0.00,0.00
randomArrays.txt,QuickSort,2,0.248500,0.00,0.00
randomArrays.txt,QuickSort,3,0.249000,0.00,0.00
randomArrays.txt,QuickSort,1,5.219500,0.00,0.00
randomArrays.txt,QuickSort,2,5.192500,0.00,0.00
randomArrays.txt,QuickSort,3,5.293500,0.00,0.00
randomArrays.txt,QuickSort,1,2.425600,0.00,0.00
randomArrays.txt,QuickSort,2,2.847400,0.00,0.00
randomArrays.txt,QuickSort,3,2.513600,0.00,0.00
randomArrays.txt,QuickSort,1,2.718900,0.00,0.00
randomArrays.txt,QuickSort,2,2.534700,0.00,0.00
randomArrays.txt,QuickSort,3,2.524400,0.00,0.00
randomArrays.txt,QuickSort,1,8.946100,43.66,0.00
randomArrays.txt,QuickSort,2,7.460700,0.00,0.00
randomArrays.txt,QuickSort,3,10.452100,37.37,0.00
randomArrays.txt,QuickSort,1,2.943100,132.73,0.00
randomArrays.txt,QuickSort,2,2.239000,0.00,0.00
randomArrays.txt,QuickSort,3,1.658700,0.00,0.00
randomArrays.txt,QuickSort,1,7.685300,0.00,0.00
randomArrays.txt,QuickSort,2,7.579000,51.54,0.00
randomArrays.txt,QuickSort,3,8.653500,0.00,0.00
randomArrays.txt,QuickSort,1,0.468100,0.00,0.00
randomArrays.txt,QuickSort,2,0.469700,0.00,0.00
randomArrays.txt,QuickSort,3,0.472200,0.00,0.00
randomArrays.txt,QuickSort,1,3.254300,120.03,0.00
randomArrays.txt,QuickSort,2,3.383100,0.00,0.00
randomArrays.txt,QuickSort,3,3.271000,0.00,0.00
randomArrays.txt,QuickSort,1,5.392700,72.44,0.00
randomArrays.txt,QuickSort,2,5.402700,0.00,0.00
randomArrays.txt,QuickSort,3,3.974000,0.00,0.00
randomArrays.txt,QuickSort,1,6.922300,0.00,0.00
randomArrays.txt,QuickSort,2,6.925700,56.40,0.00
randomArrays.txt,QuickSort,3,6.924800,0.00,0.00
randomArrays.txt,QuickSort,1,6.128200,0.00,0.00
randomArrays.txt,QuickSort,2,6.099600,64.04,0.00
randomArrays.txt,QuickSort,3,6.141000,0.00,0.00
randomArrays.txt,QuickSort,1,5.378900,0.00,0.00
randomArrays.txt,QuickSort,2,5.284100,73.92,0.00
randomArrays.txt,QuickSort,3,5.294100,0.00,0.00
randomArrays.txt,QuickSort,1,4.173400,0.00,0.00
randomArrays.txt,QuickSort,2,4.196800,0.00,0.00
randomArrays.txt,QuickSort,3,3.072100,127.15,0.00
randomArrays.txt,QuickSort,1,8.199500,47.64,0.00
randomArrays.txt,QuickSort,2,5.283400,0.00,0.00
randomArrays.txt,QuickSort,3,8.267300,47.25,0.00
randomArrays.txt,QuickSort,1,1.032100,0.00,0.00
randomArrays.txt,QuickSort,2,1.025400,0.00,0.00
randomArrays.txt,QuickSort,3,1.019800,0.00,0.00
randomArrays.txt,QuickSort,1,3.772200,0.00,0.00
randomArrays.txt,QuickSort,2,5.361600,72.86,0.00
randomArrays.txt,QuickSort,3,7.008200,0.00,0.00
randomArrays.txt,QuickSort,1,1.536500,0.00,0.00
randomArrays.txt,QuickSort,2,1.528900,0.00,0.00
randomArrays.txt,QuickSort,3,1.534700,254.53,0.00
randomArrays.txt,QuickSort,1,2.340200,0.00,0.00
randomArrays.txt,QuickSort,2,1.672400,0.00,0.00
randomArrays.txt,QuickSort,3,2.698800,0.00,0.00
randomArrays.txt,QuickSort,1,0.178500,0.00,0.00
randomArrays.txt,QuickSort,2,0.183900,0.00,0.00
randomArrays.txt,QuickSort,3,0.190600,0.00,0.00
randomArrays.txt,QuickSort,1,6.568700,0.00,0.00
randomArrays.txt,QuickSort,2,6.435700,60.70,0.00
randomArrays.txt,QuickSort,3,8.170700,0.00,0.00
randomArrays.txt,QuickSort,1,4.821900,0.00,0.00
randomArrays.txt,QuickSort,2,11.892200,32.85,0.00
randomArrays.txt,QuickSort,3,9.318800,0.00,0.00
randomArrays.txt,QuickSort,1,10.165800,38.43,0.00
randomArrays.txt,QuickSort,2,5.723700,68.25,0.00
randomArrays.txt,QuickSort,3,7.992000,0.00,0.00
randomArrays.txt,QuickSort,1,3.194800,0.00,0.00
randomArrays.txt,QuickSort,2,3.043200,128.36,0.00
randomArrays.txt,QuickSort,3,3.035900,0.00,0.00
randomArrays.txt,QuickSort,1,5.428100,71.96,0.00
randomArrays.txt,QuickSort,2,5.318600,0.00,0.00
randomArrays.txt,QuickSort,3,5.330000,0.00,0.00
randomArrays.txt,QuickSort,1,1.619500,0.00,0.00
randomArrays.txt,QuickSort,2,2.585900,0.00,0.00
randomArrays.txt,QuickSort,3,2.692500,145.08,0.00
randomArrays.txt,QuickSort,1,6.443800,60.62,0.00
randomArrays.txt,QuickSort,2,6.295500,0.00,0.00
randomArrays.txt,QuickSort,3,6.415300,60.89,0.00
randomArrays.txt,QuickSort,1,2.485400,0.00,0.00
randomArrays.txt,QuickSort,2,2.279200,0.00,0.00
randomArrays.txt,QuickSort,3,4.237900,0.00,0.00
randomArrays.txt,QuickSort,1,5.102500,76.56,0.00
randomArrays.txt,QuickSort,2,5.108200,0.00,0.00
randomArrays.txt,QuickSort,3,2.609100,0.00,0.00
randomArrays.txt,QuickSort,1,3.164700,123.43,0.00
randomArrays.txt,QuickSort,2,4.640000,0.00,0.00
randomArrays.txt,QuickSort,3,4.640000,0.00,0.00
randomArrays.txt,QuickSort,1,0.790000,494.46,0.00
randomArrays.txt,QuickSort,2,1.317600,0.00,0.00
randomArrays.txt,QuickSort,3,1.110800,0.00,0.00
randomArrays.txt,QuickSort,1,4.228700,0.00,0.00
randomArrays.txt,QuickSort,2,3.965600,0.00,0.00
randomArrays.txt,QuickSort,3,4.247700,91.96,0.00
randomArrays.txt,QuickSort,1,1.643300,0.00,0.00
randomArrays.txt,QuickSort,2,1.568900,0.00,0.00
randomArrays.txt,QuickSort,3,1.550500,0.00,0.00
randomArrays.txt,QuickSort,1,5.460000,0.00,0.00
randomArrays.txt,QuickSort,2,4.590700,85.09,0.00
randomArrays.txt,QuickSort,3,5.993200,0.00,0.00
randomArrays.txt,QuickSort,1,3.854400,0.00,0.00
randomArrays.txt,QuickSort,2,6.920800,56.44,0.00
randomArrays.txt,QuickSort,3,6.877400,0.00,0.00
randomArrays.txt,QuickSort,1,4.132300,0.00,0.00
randomArrays.txt,QuickSort,2,8.250400,47.35,0.00
randomArrays.txt,QuickSort,3,7.894400,0.00,0.00
randomArrays.txt,QuickSort,1,1.358600,0.00,0.00
randomArrays.txt,QuickSort,2,2.827100,0.00,0.00
randomArrays.txt,QuickSort,3,1.796300,0.00,0.00
randomArrays.txt,QuickSort,1,0.224000,0.00,0.00
randomArrays.txt,QuickSort,2,0.194100,0.00,0.00
randomArrays.txt,QuickSort,3,0.212300,0.00,0.00
randomArrays.txt,QuickSort,1,8.117400,48.12,0.00
randomArrays.txt,QuickSort,2,6.363200,0.00,0.00
randomArrays.txt,QuickSort,3,8.004300,48.80,0.00
randomArrays.txt,QuickSort,1,0.148200,0.00,0.00
randomArrays.txt,QuickSort,2,0.151000,0.00,0.00
randomArrays.txt,QuickSort,3,0.148500,0.00,0.00
randomArrays.txt,QuickSort,1,2.004400,0.00,0.00
randomArrays.txt,QuickSort,2,2.007600,0.00,0.00
randomArrays.txt,QuickSort,3,1.983900,0.00,0.00
randomArrays.txt,QuickSort,1,3.308800,0.00,0.00
randomArrays.txt,QuickSort,2,3.307100,0.00,0.00
randomArrays.txt,QuickSort,3,2.800800,139.47,0.00
randomArrays.txt,QuickSort,1,4.199000,0.00,0.00
randomArrays.txt,QuickSort,2,4.202700,0.00,0.00
randomArrays.txt,QuickSort,3,4.240500,0.00,0.00
randomArrays.txt,QuickSort,1,7.455800,0.00,0.00
randomArrays.txt,QuickSort,2,7.400000,52.79,0.00
randomArrays.txt,QuickSort,3,7.190400,0.00,0.00
randomArrays.txt,QuickSort,1,1.036000,0.00,0.00
randomArrays.txt,QuickSort,2,1.036000,377.05,0.00
randomArrays.txt,QuickSort,3,1.017300,0.00,0.00
randomArrays.txt,QuickSort,1,1.885000,0.00,0.00
randomArrays.txt,QuickSort,2,1.905500,205.00,0.00
randomArrays.txt,QuickSort,3,2.818600,0.00,0.00
randomArrays.txt,QuickSort,1,4.985400,0.00,0.00
randomArrays.txt,QuickSort,2,4.557100,0.00,0.00
randomArrays.txt,QuickSort,3,4.551900,85.82,0.00
randomArrays.txt,QuickSort,1,8.300900,0.00,0.00
randomArrays.txt,QuickSort,2,8.248000,47.36,0.00
randomArrays.txt,QuickSort,3,6.701000,58.29,0.00
randomArrays.txt,QuickSort,1,3.947900,98.95,0.00
randomArrays.txt,QuickSort,2,3.886100,0.00,0.00
randomArrays.txt,QuickSort,3,3.324600,0.00,0.00
randomArrays.txt,QuickSort,1,4.965100,0.00,0.00
randomArrays.txt,QuickSort,2,4.912300,0.00,0.00
randomArrays.txt,QuickSort,3,4.939200,79.09,0.00
randomArrays.txt,QuickSort,1,6.606300,0.00,0.00
randomArrays.txt,QuickSort,2,6.799600,57.45,0.00
randomArrays.txt,QuickSort,3,6.959100,0.00,0.00
randomArrays.txt,QuickSort,1,0.176100,0.00,0.00
randomArrays.txt,QuickSort,2,0.122000,0.00,0.00
randomArrays.txt,QuickSort,3,0.121500,0.00,0.00
randomArrays.txt,QuickSort,1,2.158800,0.00,0.00
randomArrays.txt,QuickSort,2,4.504900,0.00,0.00
randomArrays.txt,QuickSort,3,3.405800,114.69,0.00
randomArrays.txt,QuickSort,1,0.143700,0.00,0.00
randomArrays.txt,QuickSort,2,0.144300,0.00,0.00
randomArrays.txt,QuickSort,3,0.140800,0.00,0.00
randomArrays.txt,QuickSort,1,2.178700,0.00,0.00
randomArrays.txt,QuickSort,2,2.194500,0.00,0.00
randomArrays.txt,QuickSort,3,2.188100,0.00,0.00
randomArrays.txt,QuickSort,1,1.565900,0.00,0.00
randomArrays.txt,QuickSort,2,2.011500,0.00,0.00
randomArrays.txt,QuickSort,3,1.068000,0.00,0.00
randomArrays.txt,QuickSort,1,0.242500,0.00,0.00
randomArrays.txt,QuickSort,2,0.244300,0.00,0.00
randomArrays.txt,QuickSort,3,0.243100,0.00,0.00
randomArrays.txt,QuickSort,1,0.526400,0.00,0.00
randomArrays.txt,QuickSort,2,0.521600,0.00,0.00
randomArrays.txt,QuickSort,3,0.526900,741.36,0.00
randomArrays.txt,QuickSort,1,3.237500,0.00,0.00
randomArrays.txt,QuickSort,2,3.233100,120.82,0.00
randomArrays.txt,QuickSort,3,3.233100,0.00,0.00
randomArrays.txt,QuickSort,1,6.181400,0.00,0.00
randomArrays.txt,QuickSort,2,6.158500,63.43,0.00
randomArrays.txt,QuickSort,3,6.182000,0.00,0.00
randomArrays.txt,QuickSort,1,2.102800,0.00,0.00
randomArrays.txt,QuickSort,2,1.921200,0.00,0.00
randomArrays.txt,QuickSort,3,2.088500,0.00,0.00
randomArrays.txt,QuickSort,1,4.973300,78.54,0.00
randomArrays.txt,QuickSort,2,3.997500,0.00,0.00
randomArrays.txt,QuickSort,3,4.153900,0.00,0.00
randomArrays.txt,QuickSort,1,1.263900,0.00,0.00
randomArrays.txt,QuickSort,2,0.524100,0.00,0.00
randomArrays.txt,QuickSort,3,0.281600,0.00,0.00
randomArrays.txt,QuickSort,1,6.840800,0.00,0.00
randomArrays.txt,QuickSort,2,6.783800,0.00,0.00
randomArrays.txt,QuickSort,3,3.300300,0.00,0.00
randomArrays.txt,QuickSort,1,2.936100,0.00,0.00
randomArrays.txt,QuickSort,2,5.472300,0.00,0.00
randomArrays.txt,QuickSort,3,5.413700,0.00,0.00
randomArrays.txt,QuickSort,1,6.986700,0.00,0.00
randomArrays.txt,QuickSort,2,7.592600,51.45,0.00
randomArrays.txt,QuickSort,3,10.192900,38.32,0.00
randomArrays.txt,QuickSort,1,0.375300,0.00,0.00
randomArrays.txt,QuickSort,2,0.373600,1045.57,0.00
randomArrays.txt,QuickSort,3,0.371600,0.00,0.00
randomArrays.txt,QuickSort,1,6.398700,0.00,0.00
randomArrays.txt,QuickSort,2,7.733900,50.51,0.00
randomArrays.txt,QuickSort,3,7.736600,50.49,0.00
randomArrays.txt,QuickSort,1,4.950400,78.91,0.00
randomArrays.txt,QuickSort,2,2.867200,0.00,0.00
randomArrays.txt,QuickSort,3,4.919700,0.00,0.00
randomArrays.txt,QuickSort,1,6.298500,62.02,0.00
randomArrays.txt,QuickSort,2,6.382500,0.00,0.00
randomArrays.txt,QuickSort,3,6.227200,0.00,0.00
randomArrays.txt,QuickSort,1,6.650400,0.00,0.00
randomArrays.txt,QuickSort,2,6.656800,58.68,0.00
randomArrays.txt,QuickSort,3,6.631200,0.00,0.00
randomArrays.txt,QuickSort,1,0.323900,0.00,0.00
randomArrays.txt,QuickSort,2,0.224200,0.00,0.00
randomArrays.txt,QuickSort,3,0.219900,0.00,0.00
randomArrays.txt,QuickSort,1,2.277500,0.00,0.00
randomArrays.txt,QuickSort,2,1.879000,0.00,0.00
randomArrays.txt,QuickSort,3,1.626300,240.19,0.00
randomArrays.txt,QuickSort,1,6.746700,57.90,0.00
randomArrays.txt,QuickSort,2,3.389400,0.00,0.00
randomArrays.txt,QuickSort,3,6.763500,0.00,0.00
randomArrays.txt,QuickSort,1,1.027900,0.00,0.00
randomArrays.txt,QuickSort,2,0.720800,0.00,0.00
randomArrays.txt,QuickSort,3,0.715000,0.00,0.00
randomArrays.txt,QuickSort,1,1.102200,0.00,0.00
randomArrays.txt,QuickSort,2,0.925700,0.00,0.00
randomArrays.txt,QuickSort,3,0.961300,0.00,0.00
randomArrays.txt,QuickSort,1,3.215200,0.00,0.00
randomArrays.txt,QuickSort,2,3.202900,121.96,0.00
randomArrays.txt,QuickSort,3,3.184400,0.00,0.00
randomArrays.txt,QuickSort,1,6.408500,0.00,0.00
randomArrays.txt,QuickSort,2,3.988300,0.00,0.00
randomArrays.txt,QuickSort,3,6.419300,0.00,0.00
randomArrays.txt,QuickSort,1,2.703600,0.00,0.00
randomArrays.txt,QuickSort,2,2.696200,0.00,0.00
randomArrays.txt,QuickSort,3,2.693700,145.01,0.00
randomArrays.txt,QuickSort,1,1.785500,0.00,0.00
randomArrays.txt,QuickSort,2,1.775900,219.96,0.00
randomArrays.txt,QuickSort,3,1.771200,0.00,0.00
randomArrays.txt,QuickSort,1,0.342000,0.00,0.00
randomArrays.txt,QuickSort,2,0.331500,0.00,0.00
randomArrays.txt,QuickSort,3,0.336500,0.00,0.00
randomArrays.txt,QuickSort,1,2.614800,0.00,0.00
randomArrays.txt,QuickSort,2,2.568000,152.11,0.00
randomArrays.txt,QuickSort,3,2.608800,0.00,0.00
randomArrays.txt,QuickSort,1,1.239900,0.00,0.00
randomArrays.txt,QuickSort,2,1.152900,0.00,0.00
randomArrays.txt,QuickSort,3,1.151000,0.00,0.00
randomArrays.txt,QuickSort,1,3.219200,0.00,0.00
randomArrays.txt,QuickSort,2,3.109700,125.62,0.00
randomArrays.txt,QuickSort,3,3.174300,0.00,0.00
randomArrays.txt,QuickSort,1,5.104900,76.52,0.00
randomArrays.txt,QuickSort,2,5.005400,0.00,0.00
randomArrays.txt,QuickSort,3,5.112100,0.00,0.00
randomArrays.txt,QuickSort,1,6.369400,0.00,0.00
randomArrays.txt,QuickSort,2,6.484100,0.00,0.00
randomArrays.txt,QuickSort,3,6.209700,62.91,0.00
randomArrays.txt,QuickSort,1,1.909700,0.00,0.00
randomArrays.txt,QuickSort,2,1.944600,0.00,0.00
randomArrays.txt,QuickSort,3,1.881300,0.00,0.00
randomArrays.txt,QuickSort,1,6.312800,0.00,0.00
randomArrays.txt,QuickSort,2,6.382700,61.20,0.00
randomArrays.txt,QuickSort,3,6.340900,0.00,0.00
randomArrays.txt,QuickSort,1,0.630800,0.00,0.00
randomArrays.txt,QuickSort,2,0.625900,0.00,0.00
randomArrays.txt,QuickSort,3,0.631700,0.00,0.00
randomArrays.txt,QuickSort,1,1.214300,0.00,0.00
randomArrays.txt,QuickSort,2,1.203900,0.00,0.00
randomArrays.txt,QuickSort,3,1.221600,0.00,0.00
randomArrays.txt,QuickSort,1,6.909900,56.53,0.00
randomArrays.txt,QuickSort,2,5.572600,0.00,0.00
randomArrays.txt,QuickSort,3,6.759600,57.79,0.00
randomArrays.txt,QuickSort,1,3.646900,0.00,0.00
randomArrays.txt,QuickSort,2,3.624600,107.77,0.00
randomArrays.txt,QuickSort,3,2.286900,0.00,0.00
randomArrays.txt,QuickSort,1,2.654900,0.00,0.00
randomArrays.txt,QuickSort,2,2.661100,0.00,0.00
randomArrays.txt,QuickSort,3,2.675600,0.00,0.00
randomArrays.txt,QuickSort,1,8.771000,0.00,0.00
randomArrays.txt,QuickSort,2,10.554400,37.01,0.00
randomArrays.txt,QuickSort,3,4.726500,0.00,0.00
randomArrays.txt,QuickSort,1,6.018500,64.90,0.00
randomArrays.txt,QuickSort,2,5.792500,0.00,0.00
randomArrays.txt,QuickSort,3,5.790400,0.00,0.00
randomArrays.txt,QuickSort,1,3.949800,0.00,0.00
randomArrays.txt,QuickSort,2,2.782700,0.00,0.00
randomArrays.txt,QuickSort,3,3.992100,97.85,0.00
randomArrays.txt,QuickSort,1,0.732000,0.00,0.00
randomArrays.txt,QuickSort,2,0.728700,0.00,0.00
randomArrays.txt,QuickSort,3,0.910700,0.00,0.00
randomArrays.txt,QuickSort,1,0.933500,0.00,0.00
randomArrays.txt,QuickSort,2,0.868600,0.00,0.00
randomArrays.txt,QuickSort,3,0.970600,0.00,0.00
randomArrays.txt,QuickSort,1,7.192000,0.00,0.00
randomArrays.txt,QuickSort,2,6.030100,64.78,0.00
randomArrays.txt,QuickSort,3,7.200700,0.00,0.00
randomArrays.txt,QuickSort,1,4.561500,85.64,0.00
randomArrays.txt,QuickSort,2,2.570000,0.00,0.00
randomArrays.txt,QuickSort,3,2.843500,0.00,0.00
randomArrays.txt,QuickSort,1,7.432200,52.56,0.00
randomArrays.txt,QuickSort,2,7.592200,0.00,0.00
randomArrays.txt,QuickSort,3,7.602700,51.38,0.00
randomArrays.txt,QuickSort,1,2.799000,139.56,0.00
randomArrays.txt,QuickSort,2,3.578200,0.00,0.00
randomArrays.txt,QuickSort,3,3.567400,0.00,0.00
randomArrays.txt,QuickSort,1,7.440000,52.50,0.00
randomArrays.txt,QuickSort,2,7.415200,0.00,0.00
randomArrays.txt,QuickSort,3,7.441000,52.50,0.00
randomArrays.txt,QuickSort,1,4.081800,0.00,0.00
randomArrays.txt,QuickSort,2,10.795000,36.19,0.00
randomArrays.txt,QuickSort,3,7.630300,0.00,0.00
randomArrays.txt,QuickSort,1,1.014700,0.00,0.00
randomArrays.txt,QuickSort,2,1.395600,0.00,0.00
randomArrays.txt,QuickSort,3,1.311300,0.00,0.00
randomArrays.txt,QuickSort,1,6.942200,56.27,0.00
randomArrays.txt,QuickSort,2,6.688400,0.00,0.00
randomArrays.txt,QuickSort,3,7.038600,55.50,0.00
randomArrays.txt,QuickSort,1,2.331800,0.00,0.00
randomArrays.txt,QuickSort,2,2.357000,165.73,0.00
randomArrays.txt,QuickSort,3,1.516000,0.00,0.00
randomArrays.txt,QuickSort,1,2.790900,0.00,0.00
randomArrays.txt,QuickSort,2,2.788000,0.00,0.00
randomArrays.txt,QuickSort,3,2.993900,130.47,0.00
randomArrays.txt,QuickSort,1,3.188800,0.00,0.00
randomArrays.txt,QuickSort,2,3.196200,0.00,0.00
randomArrays.txt,QuickSort,3,3.198300,0.00,0.00
randomArrays.txt,QuickSort,1,3.436500,113.67,0.00
randomArrays.txt,QuickSort,2,3.454800,0.00,0.00
randomArrays.txt,QuickSort,3,2.150100,0.00,0.00
randomArrays.txt,QuickSort,1,1.718000,0.00,0.00
randomArrays.txt,QuickSort,2,1.334800,0.00,0.00
randomArrays.txt,QuickSort,3,1.340800,0.00,0.00
randomArrays.txt,QuickSort,1,2.951600,0.00,0.00
randomArrays.txt,QuickSort,2,2.870200,136.10,0.00
randomArrays.txt,QuickSort,3,2.866900,0.00,0.00
randomArrays.txt,QuickSort,1,1.024300,0.00,0.00
randomArrays.txt,QuickSort,2,1.032600,0.00,0.00
randomArrays.txt,QuickSort,3,1.098200,0.00,0.00
randomArrays.txt,QuickSort,1,2.397700,0.00,0.00
randomArrays.txt,QuickSort,2,1.538600,0.00,0.00
randomArrays.txt,QuickSort,3,2.383300,163.90,0.00
randomArrays.txt,QuickSort,1,7.131400,0.00,0.00
randomArrays.txt,QuickSort,2,8.371500,46.66,0.00
randomArrays.txt,QuickSort,3,5.241700,0.00,0.00
randomArrays.txt,QuickSort,1,2.663800,0.00,0.00
randomArrays.txt,QuickSort,2,1.671500,0.00,0.00
randomArrays.txt,QuickSort,3,2.612900,149.50,0.00
randomArrays.txt,QuickSort,1,6.861600,0.00,0.00
randomArrays.txt,QuickSort,2,6.869000,56.87,0.00
randomArrays.txt,QuickSort,3,5.454200,0.00,0.00
randomArrays.txt,QuickSort,1,4.504900,86.71,0.00
randomArrays.txt,QuickSort,2,5.706200,0.00,0.00
randomArrays.txt,QuickSort,3,5.739600,68.06,0.00
randomArrays.txt,QuickSort,1,0.295600,0.00,0.00
randomArrays.txt,QuickSort,2,0.298500,0.00,0.00
randomArrays.txt,QuickSort,3,0.291100,0.00,0.00
randomArrays.txt,QuickSort,1,2.942600,0.00,0.00
randomArrays.txt,QuickSort,2,2.909400,134.26,0.00
randomArrays.txt,QuickSort,3,2.918300,0.00,0.00
randomArrays.txt,QuickSort,1,8.478000,0.00,0.00
randomArrays.txt,QuickSort,2,9.137200,0.00,0.00
randomArrays.txt,QuickSort,3,8.389400,0.00,0.00
randomArrays.txt,QuickSort,1,5.134300,76.08,0.00
randomArrays.txt,QuickSort,2,5.044700,0.00,0.00
randomArrays.txt,QuickSort,3,7.321000,53.36,0.00
randomArrays.txt,QuickSort,1,4.412200,0.00,0.00
randomArrays.txt,QuickSort,2,4.435000,88.08,0.00
randomArrays.txt,QuickSort,3,3.010800,0.00,0.00
randomArrays.txt,QuickSort,1,1.560400,0.00,0.00
randomArrays.txt,QuickSort,2,1.555600,0.00,0.00
randomArrays.txt,QuickSort,3,1.065400,0.00,0.00
randomArrays.txt,QuickSort,1,2.739500,0.00,0.00
randomArrays.txt,QuickSort,2,2.701200,0.00,0.00
randomArrays.txt,QuickSort,3,2.696900,0.00,0.00
randomArrays.txt,QuickSort,1,7.076600,0.00,0.00
randomArrays.txt,QuickSort,2,7.072300,55.23,0.00
randomArrays.txt,QuickSort,3,7.154800,0.00,0.00
randomArrays.txt,QuickSort,1,2.377400,164.31,0.00
randomArrays.txt,QuickSort,2,2.375800,0.00,0.00
randomArrays.txt,QuickSort,3,1.560300,0.00,0.00
randomArrays.txt,QuickSort,1,2.953100,0.00,0.00
randomArrays.txt,QuickSort,2,4.706500,0.00,0.00
randomArrays.txt,QuickSort,3,4.738500,82.44,0.00
randomArrays.txt,QuickSort,1,6.705000,58.26,0.00
randomArrays.txt,QuickSort,2,6.636700,0.00,0.00
randomArrays.txt,QuickSort,3,3.799300,0.00,0.00
randomArrays.txt,QuickSort,1,6.923200,0.00,0.00
randomArrays.txt,QuickSort,2,6.479400,60.29,0.00
randomArrays.txt,QuickSort,3,5.853900,0.00,0.00
randomArrays.txt,QuickSort,1,3.683300,0.00,0.00
randomArrays.txt,QuickSort,2,3.411800,0.00,0.00
randomArrays.txt,QuickSort,3,3.385500,0.00,0.00
randomArrays.txt,QuickSort,1,0.179900,0.00,0.00
randomArrays.txt,QuickSort,2,0.103500,0.00,0.00
randomArrays.txt,QuickSort,3,0.115100,0.00,0.00
randomArrays.txt,QuickSort,1,2.107200,0.00,0.00
randomArrays.txt,QuickSort,2,2.117500,0.00,0.00
randomArrays.txt,QuickSort,3,2.202400,0.00,0.00
randomArrays.txt,QuickSort,1,2.390500,0.00,0.00
randomArrays.txt,QuickSort,2,3.574100,109.29,0.00
randomArrays.txt,QuickSort,3,3.592200,0.00,0.00
randomArrays.txt,QuickSort,1,4.301400,90.81,0.00
randomArrays.txt,QuickSort,2,6.127700,0.00,0.00
randomArrays.txt,QuickSort,3,6.188500,63.12,0.00
randomArrays.txt,QuickSort,1,4.426600,88.24,0.00
randomArrays.txt,QuickSort,2,4.431100,0.00,0.00
randomArrays.txt,QuickSort,3,4.451600,0.00,0.00
randomArrays.txt,QuickSort,1,1.084900,0.00,0.00
randomArrays.txt,QuickSort,2,1.005900,0.00,0.00
randomArrays.txt,QuickSort,3,1.082200,0.00,0.00
randomArrays.txt,QuickSort,1,0.436200,0.00,0.00
randomArrays.txt,QuickSort,2,0.445400,877.02,0.00
randomArrays.txt,QuickSort,3,0.434300,0.00,0.00
randomArrays.txt,QuickSort,1,0.891100,0.00,0.00
randomArrays.txt,QuickSort,2,0.897800,0.00,0.00
randomArrays.txt,QuickSort,3,0.861400,0.00,0.00
randomArrays.txt,QuickSort,1,6.475600,0.00,0.00
randomArrays.txt,QuickSort,2,5.865300,66.60,0.00
randomArrays.txt,QuickSort,3,6.463800,0.00,0.00
randomArrays.txt,QuickSort,1,1.433000,0.00,0.00
randomArrays.txt,QuickSort,2,1.255100,0.00,0.00
randomArrays.txt,QuickSort,3,1.012700,0.00,0.00
randomArrays.txt,QuickSort,1,0.170500,0.00,0.00
randomArrays.txt,QuickSort,2,0.213800,0.00,0.00
randomArrays.txt,QuickSort,3,0.170000,0.00,0.00
randomArrays.txt,QuickSort,1,4.319400,0.00,0.00
randomArrays.txt,QuickSort,2,7.109100,0.00,0.00
randomArrays.txt,QuickSort,3,6.229600,0.00,0.00
randomArrays.txt,QuickSort,1,2.382500,0.00,0.00
randomArrays.txt,QuickSort,2,1.820500,0.00,0.00
randomArrays.txt,QuickSort,3,3.193700,0.00,0.00
randomArrays.txt,QuickSort,1,4.976000,0.00,0.00
randomArrays.txt,QuickSort,2,4.678200,0.00,0.00
randomArrays.txt,QuickSort,3,5.089900,76.75,0.00
randomArrays.txt,QuickSort,1,0.335400,0.00,0.00
randomArrays.txt,QuickSort,2,0.615500,0.00,0.00
randomArrays.txt,QuickSort,3,0.592500,0.00,0.00
randomArrays.txt,QuickSort,1,8.115400,0.00,0.00
randomArrays.txt,QuickSort,2,8.177800,47.77,0.00
randomArrays.txt,QuickSort,3,8.200900,0.00,0.00
randomArrays.txt,QuickSort,1,4.579000,0.00,0.00
randomArrays.txt,QuickSort,2,4.585000,0.00,0.00
randomArrays.txt,QuickSort,3,4.799200,0.00,0.00
randomArrays.txt,QuickSort,1,0.125300,0.00,0.00
randomArrays.txt,QuickSort,2,0.132900,0.00,0.00
randomArrays.txt,QuickSort,3,0.121300,0.00,0.00
randomArrays.txt,QuickSort,1,0.426100,0.00,0.00
randomArrays.txt,QuickSort,2,0.428000,0.00,0.00
randomArrays.txt,QuickSort,3,0.415100,0.00,0.00
randomArrays.txt,QuickSort,1,2.148600,0.00,0.00
randomArrays.txt,QuickSort,2,2.135300,182.94,0.00
randomArrays.txt,QuickSort,3,2.264400,0.00,0.00
randomArrays.txt,QuickSort,1,1.057800,0.00,0.00
randomArrays.txt,QuickSort,2,1.064400,0.00,0.00
randomArrays.txt,QuickSort,3,1.052600,0.00,0.00
randomArrays.txt,QuickSort,1,6.143600,0.00,0.00
randomArrays.txt,QuickSort,2,6.151100,63.50,0.00
randomArrays.txt,QuickSort,3,5.569400,0.00,0.00
randomArrays.txt,QuickSort,1,3.593000,108.72,0.00
randomArrays.txt,QuickSort,2,2.410700,0.00,0.00
randomArrays.txt,QuickSort,3,3.571700,0.00,0.00
randomArrays.txt,QuickSort,1,1.808200,0.00,0.00
randomArrays.txt,QuickSort,2,1.804800,0.00,0.00
randomArrays.txt,QuickSort,3,1.831900,213.23,0.00
randomArrays.txt,QuickSort,1,7.901400,0.00,0.00
randomArrays.txt,QuickSort,2,9.604500,40.67,0.00
randomArrays.txt,QuickSort,3,9.344400,41.80,0.00
randomArrays.txt,QuickSort,1,2.554300,0.00,0.00
randomArrays.txt,QuickSort,2,2.529300,0.00,0.00
randomArrays.txt,QuickSort,3,2.528200,154.51,0.00
randomArrays.txt,QuickSort,1,7.185400,54.36,0.00
randomArrays.txt,QuickSort,2,7.155700,0.00,0.00
randomArrays.txt,QuickSort,3,7.164300,54.52,0.00
randomArrays.txt,QuickSort,1,6.693500,58.36,0.00
randomArrays.txt,QuickSort,2,8.086000,0.00,0.00
randomArrays.txt,QuickSort,3,6.534600,59.78,0.00
randomArrays.txt,QuickSort,1,5.125800,0.00,0.00
randomArrays.txt,QuickSort,2,3.414300,0.00,0.00
randomArrays.txt,QuickSort,3,6.199000,0.00,0.00
randomArrays.txt,QuickSort,1,3.240000,0.00,0.00
randomArrays.txt,QuickSort,2,3.857800,0.00,0.00
randomArrays.txt,QuickSort,3,4.799500,81.39,0.00
randomArrays.txt,QuickSort,1,4.969600,78.60,0.00
randomArrays.txt,QuickSort,2,4.891400,0.00,0.00
randomArrays.txt,QuickSort,3,4.890400,0.00,0.00
randomArrays.txt,QuickSort,1,7.179100,0.00,0.00
randomArrays.txt,QuickSort,2,5.713000,0.00,0.00
randomArrays.txt,QuickSort,3,4.614100,84.66,0.00
randomArrays.txt,QuickSort,1,5.483600,0.00,0.00
randomArrays.txt,QuickSort,2,5.377100,0.00,0.00
randomArrays.txt,QuickSort,3,5.355700,0.00,0.00
randomArrays.txt,QuickSort,1,5.880400,66.43,0.00
randomArrays.txt,QuickSort,2,5.879300,0.00,0.00
randomArrays.txt,QuickSort,3,6.067600,0.00,0.00
randomArrays.txt,QuickSort,1,0.226600,0.00,0.00
randomArrays.txt,QuickSort,2,0.156900,0.00,0.00
randomArrays.txt,QuickSort,3,0.162200,0.00,0.00
randomArrays.txt,QuickSort,1,4.216700,0.00,0.00
randomArrays.txt,QuickSort,2,4.196100,93.09,0.00
randomArrays.txt,QuickSort,3,4.199600,0.00,0.00
randomArrays.txt,QuickSort,1,0.605600,645.02,0.00
randomArrays.txt,QuickSort,2,0.607300,0.00,0.00
randomArrays.txt,QuickSort,3,0.601800,0.00,0.00
randomArrays.txt,QuickSort,1,6.957900,56.14,0.00
randomArrays.txt,QuickSort,2,6.933200,0.00,0.00
randomArrays.txt,QuickSort,3,4.528000,0.00,0.00
randomArrays.txt,QuickSort,1,3.967500,0.00,0.00
randomArrays.txt,QuickSort,2,4.844900,0.00,0.00
randomArrays.txt,QuickSort,3,5.155900,0.00,0.00
randomArrays.txt,QuickSort,1,1.609200,0.00,0.00
randomArrays.txt,QuickSort,2,1.944800,0.00,0.00
randomArrays.txt,QuickSort,3,1.376400,0.00,0.00
randomArrays.txt,QuickSort,1,3.464600,0.00,0.00
randomArrays.txt,QuickSort,2,3.473000,0.00,0.00
randomArrays.txt,QuickSort,3,3.472500,0.00,0.00
randomArrays.txt,QuickSort,1,1.909100,204.61,0.00
randomArrays.txt,QuickSort,2,1.913000,0.00,0.00
randomArrays.txt,QuickSort,3,2.648900,0.00,0.00
randomArrays.txt,QuickSort,1,9.031100,0.00,0.00
randomArrays.txt,QuickSort,2,11.525500,33.89,0.00
randomArrays.txt,QuickSort,3,4.030800,0.00,0.00
randomArrays.txt,QuickSort,1,3.043600,0.00,0.00
randomArrays.txt,QuickSort,2,5.089000,76.76,0.00
randomArrays.txt,QuickSort,3,5.090600,0.00,0.00
randomArrays.txt,QuickSort,1,2.148400,0.00,0.00
randomArrays.txt,QuickSort,2,4.309000,0.00,0.00
randomArrays.txt,QuickSort,3,4.552000,0.00,0.00
randomArrays.txt,QuickSort,1,6.481600,0.00,0.00
randomArrays.txt,QuickSort,2,7.062700,0.00,0.00
randomArrays.txt,QuickSort,3,5.584400,0.00,0.00
randomArrays.txt,QuickSort,1,4.453000,0.00,0.00
randomArrays.txt,QuickSort,2,4.271500,0.00,0.00
randomArrays.txt,QuickSort,3,6.829300,57.20,0.00
randomArrays.txt,QuickSort,1,0.518500,0.00,0.00
randomArrays.txt,QuickSort,2,0.527800,0.00,0.00
randomArrays.txt,QuickSort,3,0.513800,0.00,0.00
randomArrays.txt,QuickSort,1,1.739700,0.00,0.00
randomArrays.txt,QuickSort,2,2.102100,0.00,0.00
randomArrays.txt,QuickSort,3,1.924300,203.00,0.00
randomArrays.txt,QuickSort,1,1.562400,250.02,0.00
randomArrays.txt,QuickSort,2,1.416400,0.00,0.00
randomArrays.txt,QuickSort,3,1.532700,0.00,0.00
randomArrays.txt,QuickSort,1,7.074900,0.00,0.00
randomArrays.txt,QuickSort,2,6.989200,0.00,0.00
randomArrays.txt,QuickSort,3,6.963800,0.00,0.00
randomArrays.txt,QuickSort,1,4.500800,0.00,0.00
randomArrays.txt,QuickSort,2,4.484600,0.00,0.00
randomArrays.txt,QuickSort,3,4.494900,86.90,0.00
randomArrays.txt,QuickSort,1,4.067300,0.00,0.00
randomArrays.txt,QuickSort,2,4.077800,0.00,0.00
randomArrays.txt,QuickSort,3,4.058800,96.24,0.00
randomArrays.txt,QuickSort,1,0.051800,0.00,0.00
randomArrays.txt,QuickSort,2,0.050100,0.00,0.00
randomArrays.txt,QuickSort,3,0.047900,0.00,0.00
randomArrays.txt,QuickSort,1,5.961700,0.00,0.00
randomArrays.txt,QuickSort,2,5.947700,0.00,0.00
randomArrays.txt,QuickSort,3,4.511100,0.00,0.00
randomArrays.txt,QuickSort,1,4.676200,0.00,0.00
randomArrays.txt,QuickSort,2,4.626900,84.42,0.00
randomArrays.txt,QuickSort,3,4.645400,0.00,0.00
randomArrays.txt,QuickSort,1,2.383200,0.00,0.00
randomArrays.txt,QuickSort,2,1.414400,0.00,0.00
randomArrays.txt,QuickSort,3,2.327700,0.00,0.00
randomArrays.txt,QuickSort,1,3.020300,0.00,0.00
randomArrays.txt,QuickSort,2,2.513300,0.00,0.00
randomArrays.txt,QuickSort,3,7.091000,55.09,0.00
randomArrays.txt,QuickSort,1,3.604400,0.00,0.00
randomArrays.txt,QuickSort,2,3.632200,0.00,0.00
randomArrays.txt,QuickSort,3,3.626100,0.00,0.00
randomArrays.txt,QuickSort,1,5.803200,0.00,0.00
randomArrays.txt,QuickSort,2,7.909300,49.39,0.00
randomArrays.txt,QuickSort,3,7.900800,0.00,0.00
randomArrays.txt,QuickSort,1,3.078800,126.88,0.00
randomArrays.txt,QuickSort,2,6.176200,0.00,0.00
randomArrays.txt,QuickSort,3,6.214600,0.00,0.00
randomArrays.txt,QuickSort,1,0.746300,0.00,0.00
randomArrays.txt,QuickSort,2,0.973400,0.00,0.00
randomArrays.txt,QuickSort,3,0.747400,0.00,0.00
randomArrays.txt,QuickSort,1,6.676500,58.51,0.00
randomArrays.txt,QuickSort,2,6.738900,0.00,0.00
randomArrays.txt,QuickSort,3,3.631600,0.00,0.00
randomArrays.txt,QuickSort,1,7.949900,49.14,0.00
randomArrays.txt,QuickSort,2,7.996900,0.00,0.00
randomArrays.txt,QuickSort,3,7.174900,54.44,0.00
randomArrays.txt,QuickSort,1,1.716600,0.00,0.00
randomArrays.txt,QuickSort,2,1.710300,0.00,0.00
randomArrays.txt,QuickSort,3,1.736800,0.00,0.00
randomArrays.txt,QuickSort,1,5.824400,0.00,0.00
randomArrays.txt,QuickSort,2,3.258100,119.89,0.00
randomArrays.txt,QuickSort,3,5.818200,0.00,0.00
randomArrays.txt,QuickSort,1,1.222400,0.00,0.00
randomArrays.txt,QuickSort,2,1.177000,0.00,0.00
randomArrays.txt,QuickSort,3,1.000900,0.00,0.00
randomArrays.txt,QuickSort,1,1.834100,0.00,0.00
randomArrays.txt,QuickSort,2,1.825400,0.00,0.00
randomArrays.txt,QuickSort,3,1.825100,0.00,0.00
randomArrays.txt,QuickSort,1,2.602800,0.00,0.00
randomArrays.txt,QuickSort,2,2.623000,148.92,0.00
randomArrays.txt,QuickSort,3,2.617400,0.00,0.00
randomArrays.txt,QuickSort,1,6.173100,0.00,0.00
randomArrays.txt,QuickSort,2,5.387900,0.00,0.00
randomArrays.txt,QuickSort,3,6.230600,62.69,0.00
randomArrays.txt,QuickSort,1,6.919000,0.00,0.00
randomArrays.txt,QuickSort,2,5.894000,66.28,0.00
randomArrays.txt,QuickSort,3,5.741300,0.00,0.00
randomArrays.txt,QuickSort,1,4.492900,86.94,0.00
randomArrays.txt,QuickSort,2,3.939000,0.00,0.00
randomArrays.txt,QuickSort,3,4.484800,0.00,0.00
randomArrays.txt,QuickSort,1,0.036000,0.00,0.00
randomArrays.txt,QuickSort,2,0.047900,0.00,0.00
randomArrays.txt,QuickSort,3,0.035600,0.00,0.00
randomArrays.txt,QuickSort,1,2.425700,161.04,0.00
randomArrays.txt,QuickSort,2,2.422200,0.00,0.00
randomArrays.txt,QuickSort,3,2.151000,0.00,0.00
randomArrays.txt,QuickSort,1,6.695500,0.00,0.00
randomArrays.txt,QuickSort,2,4.905900,79.62,0.00
randomArrays.txt,QuickSort,3,4.133100,0.00,0.00
randomArrays.txt,QuickSort,1,1.369200,0.00,0.00
randomArrays.txt,QuickSort,2,1.045600,0.00,0.00
randomArrays.txt,QuickSort,3,1.050500,0.00,0.00
randomArrays.txt,QuickSort,1,8.497000,0.00,0.00
randomArrays.txt,QuickSort,2,8.586100,45.50,0.00
randomArrays.txt,QuickSort,3,8.564500,0.00,0.00
randomArrays.txt,QuickSort,1,0.211100,0.00,0.00
randomArrays.txt,QuickSort,2,0.216000,0.00,0.00
randomArrays.txt,QuickSort,3,0.113400,0.00,0.00
randomArrays.txt,QuickSort,1,0.620400,0.00,0.00
randomArrays.txt,QuickSort,2,0.622700,0.00,0.00
randomArrays.txt,QuickSort,3,0.911400,0.00,0.00
randomArrays.txt,QuickSort,1,1.809000,0.00,0.00
randomArrays.txt,QuickSort,2,1.805100,0.00,0.00
randomArrays.txt,QuickSort,3,1.804400,216.48,0.00
randomArrays.txt,QuickSort,1,3.276300,0.00,0.00
randomArrays.txt,QuickSort,2,3.267100,119.56,0.00
randomArrays.txt,QuickSort,3,3.481100,0.00,0.00
randomArrays.txt,QuickSort,1,1.561300,0.00,0.00
randomArrays.txt,QuickSort,2,1.560900,0.00,0.00
randomArrays.txt,QuickSort,3,1.565900,0.00,0.00
randomArrays.txt,QuickSort,1,5.150700,0.00,0.00
randomArrays.txt,QuickSort,2,4.484900,0.00,0.00
randomArrays.txt,QuickSort,3,5.199300,75.13,0.00
randomArrays.txt,QuickSort,1,2.179000,0.00,0.00
randomArrays.txt,QuickSort,2,1.993200,0.00,0.00
randomArrays.txt,QuickSort,3,1.390800,0.00,0.00
randomArrays.txt,QuickSort,1,0.255500,0.00,0.00
randomArrays.txt,QuickSort,2,0.251000,0.00,0.00
randomArrays.txt,QuickSort,3,0.253000,0.00,0.00
randomArrays.txt,QuickSort,1,1.924500,0.00,0.00
randomArrays.txt,QuickSort,2,2.121400,0.00,0.00
randomArrays.txt,QuickSort,3,2.277700,0.00,0.00
randomArrays.txt,QuickSort,1,6.873800,0.00,0.00
randomArrays.txt,QuickSort,2,7.090200,0.00,0.00
randomArrays.txt,QuickSort,3,5.404600,0.00,0.00
randomArrays.txt,QuickSort,1,8.257000,0.00,0.00
randomArrays.txt,QuickSort,2,5.337200,73.19,0.00
randomArrays.txt,QuickSort,3,5.345100,0.00,0.00
randomArrays.txt,QuickSort,1,3.707400,0.00,0.00
randomArrays.txt,QuickSort,2,4.047700,0.00,0.00
randomArrays.txt,QuickSort,3,3.005500,0.00,0.00
randomArrays.txt,QuickSort,1,2.005000,194.83,0.00
randomArrays.txt,QuickSort,2,1.767100,0.00,0.00
randomArrays.txt,QuickSort,3,1.684500,0.00,0.00
randomArrays.txt,QuickSort,1,5.876900,0.00,0.00
randomArrays.txt,QuickSort,2,6.435500,0.00,0.00
randomArrays.txt,QuickSort,3,6.275800,62.24,0.00
randomArrays.txt,QuickSort,1,4.737300,82.46,0.00
randomArrays.txt,QuickSort,2,4.618200,0.00,0.00
randomArrays.txt,QuickSort,3,4.652300,0.00,0.00
randomArrays.txt,QuickSort,1,6.458100,0.00,0.00
randomArrays.txt,QuickSort,2,7.323000,53.34,0.00
randomArrays.txt,QuickSort,3,6.901400,0.00,0.00
randomArrays.txt,QuickSort,1,5.734800,68.11,0.00
randomArrays.txt,QuickSort,2,5.255300,0.00,0.00
randomArrays.txt,QuickSort,3,5.922400,65.96,0.00
randomArrays.txt,QuickSort,1,3.546300,0.00,0.00
randomArrays.txt,QuickSort,2,4.493500,86.93,0.00
randomArrays.txt,QuickSort,3,4.198000,0.00,0.00
randomArrays.txt,QuickSort,1,1.771400,0.00,0.00
randomArrays.txt,QuickSort,2,1.895800,0.00,0.00
randomArrays.txt,QuickSort,3,1.784300,0.00,0.00
randomArrays.txt,QuickSort,1,0.333300,0.00,0.00
randomArrays.txt,QuickSort,2,0.335600,0.00,0.00
randomArrays.txt,QuickSort,3,0.325000,0.00,0.00
randomArrays.txt,QuickSort,1,4.636000,84.26,0.00
randomArrays.txt,QuickSort,2,4.634900,0.00,0.00
randomArrays.txt,QuickSort,3,4.609900,0.00,0.00
randomArrays.txt,QuickSort,1,6.591600,0.00,0.00
randomArrays.txt,QuickSort,2,5.192500,0.00,0.00
randomArrays.txt,QuickSort,3,4.874300,80.14,0.00
randomArrays.txt,QuickSort,1,7.314500,53.40,0.00
randomArrays.txt,QuickSort,2,6.489500,0.00,0.00
randomArrays.txt,QuickSort,3,7.181200,54.40,0.00
randomArrays.txt,QuickSort,1,5.775000,67.64,0.00
randomArrays.txt,QuickSort,2,5.845100,0.00,0.00
randomArrays.txt,QuickSort,3,4.323900,0.00,0.00
randomArrays.txt,QuickSort,1,3.818200,0.00,0.00
randomArrays.txt,QuickSort,2,7.822100,49.94,0.00
randomArrays.txt,QuickSort,3,4.898000,0.00,0.00
randomArrays.txt,QuickSort,1,3.862000,101.15,0.00
randomArrays.txt,QuickSort,2,3.845900,0.00,0.00
randomArrays.txt,QuickSort,3,2.747100,0.00,0.00
randomArrays.txt,QuickSort,1,0.642500,0.00,0.00
randomArrays.txt,QuickSort,2,0.639300,0.00,0.00
randomArrays.txt,QuickSort,3,0.786400,0.00,0.00
randomArrays.txt,QuickSort,1,6.737000,0.00,0.00
randomArrays.txt,QuickSort,2,6.735100,58.00,0.00
randomArrays.txt,QuickSort,3,6.730400,0.00,0.00
randomArrays.txt,QuickSort,1,6.432100,60.73,0.00
randomArrays.txt,QuickSort,2,4.383900,0.00,0.00
randomArrays.txt,QuickSort,3,6.411000,60.93,0.00
randomArrays.txt,QuickSort,1,4.669700,83.65,0.00
randomArrays.txt,QuickSort,2,4.757400,0.00,0.00
randomArrays.txt,QuickSort,3,4.763600,0.00,0.00
randomArrays.txt,QuickSort,1,1.802300,0.00,0.00
randomArrays.txt,QuickSort,2,1.798200,0.00,0.00
randomArrays.txt,QuickSort,3,1.616800,0.00,0.00
randomArrays.txt,QuickSort,1,3.909000,0.00,0.00
randomArrays.txt,QuickSort,2,7.127100,54.81,0.00
randomArrays.txt,QuickSort,3,7.276200,0.00,0.00
randomArrays.txt,QuickSort,1,1.791800,0.00,0.00
randomArrays.txt,QuickSort,2,1.001700,0.00,0.00
randomArrays.txt,QuickSort,3,1.007200,0.00,0.00
randomArrays.txt,QuickSort,1,2.803700,0.00,0.00
randomArrays.txt,QuickSort,2,3.072100,0.00,0.00
randomArrays.txt,QuickSort,3,5.508900,70.91,0.00
randomArrays.txt,QuickSort,1,1.093000,0.00,0.00
randomArrays.txt,QuickSort,2,0.784900,0.00,0.00
randomArrays.txt,QuickSort,3,0.776000,0.00,0.00
randomArrays.txt,QuickSort,1,5.821000,67.11,0.00
randomArrays.txt,QuickSort,2,5.879100,0.00,0.00
randomArrays.txt,QuickSort,3,5.179900,75.41,0.00
randomArrays.txt,QuickSort,1,6.484900,60.24,0.00
randomArrays.txt,QuickSort,2,6.990500,0.00,0.00
randomArrays.txt,QuickSort,3,7.042200,55.47,0.00
randomArrays.txt,QuickSort,1,5.734800,68.11,0.00
randomArrays.txt,QuickSort,2,5.710300,0.00,0.00
randomArrays.txt,QuickSort,3,5.740600,0.00,0.00
randomArrays.txt,QuickSort,1,0.955400,0.00,0.00
randomArrays.txt,QuickSort,2,0.995700,0.00,0.00
randomArrays.txt,QuickSort,3,1.425800,0.00,0.00
randomArrays.txt,QuickSort,1,5.829300,0.00,0.00
randomArrays.txt,QuickSort,2,5.712800,68.38,0.00
randomArrays.txt,QuickSort,3,7.261000,0.00,0.00
randomArrays.txt,QuickSort,1,0.503800,0.00,0.00
randomArrays.txt,QuickSort,2,0.508900,0.00,0.00
randomArrays.txt,QuickSort,3,0.501000,0.00,0.00
randomArrays.txt,QuickSort,1,4.485200,87.09,0.00
randomArrays.txt,QuickSort,2,4.504800,0.00,0.00
randomArrays.txt,QuickSort,3,3.915000,0.00,0.00
randomArrays.txt,QuickSort,1,1.307100,298.85,0.00
randomArrays.txt,QuickSort,2,3.247600,0.00,0.00
randomArrays.txt,QuickSort,3,1.832900,0.00,0.00
randomArrays.txt,QuickSort,1,0.739700,0.00,0.00
randomArrays.txt,QuickSort,2,0.730700,0.00,0.00
randomArrays.txt,QuickSort,3,0.729100,0.00,0.00
randomArrays.txt,QuickSort,1,0.424200,0.00,0.00
randomArrays.txt,QuickSort,2,0.423000,0.00,0.00
randomArrays.txt,QuickSort,3,0.420700,0.00,0.00
randomArrays.txt,QuickSort,1,6.338300,0.00,0.00
randomArrays.txt,QuickSort,2,6.269500,0.00,0.00
randomArrays.txt,QuickSort,3,6.285100,62.15,0.00
randomArrays.txt,QuickSort,1,0.098500,0.00,0.00
randomArrays.txt,QuickSort,2,0.164300,0.00,0.00
randomArrays.txt,QuickSort,3,0.194800,0.00,0.00
randomArrays.txt,QuickSort,1,1.068100,0.00,0.00
randomArrays.txt,QuickSort,2,1.060800,0.00,0.00
randomArrays.txt,QuickSort,3,1.073400,0.00,0.00
randomArrays.txt,QuickSort,1,3.518600,0.00,0.00
randomArrays.txt,QuickSort,2,3.511300,0.00,0.00
randomArrays.txt,QuickSort,3,3.497000,0.00,0.00
randomArrays.txt,QuickSort,1,1.808600,0.00,0.00
randomArrays.txt,QuickSort,2,3.738700,0.00,0.00
randomArrays.txt,QuickSort,3,3.724600,0.00,0.00
randomArrays.txt,QuickSort,1,5.289500,73.85,0.00
randomArrays.txt,QuickSort,2,3.015700,0.00,0.00
randomArrays.txt,QuickSort,3,3.854500,0.00,0.00
randomArrays.txt,QuickSort,1,2.804600,0.00,0.00
randomArrays.txt,QuickSort,2,4.024200,0.00,0.00
randomArrays.txt,QuickSort,3,2.569300,0.00,0.00
randomArrays.txt,QuickSort,1,8.220700,47.52,0.00
randomArrays.txt,QuickSort,2,6.827400,0.00,0.00
randomArrays.txt,QuickSort,3,7.644100,51.10,0.00
randomArrays.txt,QuickSort,1,3.043900,0.00,0.00
randomArrays.txt,QuickSort,2,1.816500,215.04,0.00
randomArrays.txt,QuickSort,3,3.106000,0.00,0.00
randomArrays.txt,QuickSort,1,0.922600,0.00,0.00
randomArrays.txt,QuickSort,2,1.155200,0.00,0.00
randomArrays.txt,QuickSort,3,1.077700,0.00,0.00
randomArrays.txt,QuickSort,1,3.534500,0.00,0.00
randomArrays.txt,QuickSort,2,5.044500,0.00,0.00
randomArrays.txt,QuickSort,3,5.029700,77.66,0.00
randomArrays.txt,QuickSort,1,8.862500,0.00,0.00
randomArrays.txt,QuickSort,2,7.156200,0.00,0.00
randomArrays.txt,QuickSort,3,9.464600,41.27,0.00
randomArrays.txt,QuickSort,1,1.249400,0.00,0.00
randomArrays.txt,QuickSort,2,1.525600,0.00,0.00
randomArrays.txt,QuickSort,3,1.034600,0.00,0.00
randomArrays.txt,QuickSort,1,6.237800,0.00,0.00
randomArrays.txt,QuickSort,2,5.676400,68.82,0.00
randomArrays.txt,QuickSort,3,4.798500,0.00,0.00
randomArrays.txt,QuickSort,1,1.917300,0.00,0.00
randomArrays.txt,QuickSort,2,2.341600,0.00,0.00
randomArrays.txt,QuickSort,3,2.322000,0.00,0.00
randomArrays.txt,QuickSort,1,6.409100,0.00,0.00
randomArrays.txt,QuickSort,2,6.277900,0.00,0.00
randomArrays.txt,QuickSort,3,6.269400,62.31,0.00
randomArrays.txt,QuickSort,1,1.831600,0.00,0.00
randomArrays.txt,QuickSort,2,1.807800,0.00,0.00
randomArrays.txt,QuickSort,3,1.937600,0.00,0.00
randomArrays.txt,QuickSort,1,2.064000,0.00,0.00
randomArrays.txt,QuickSort,2,2.076600,0.00,0.00
randomArrays.txt,QuickSort,3,2.054200,190.16,0.00
randomArrays.txt,QuickSort,1,5.906200,66.14,0.00
randomArrays.txt,QuickSort,2,5.242000,0.00,0.00
randomArrays.txt,QuickSort,3,6.763400,57.76,0.00
randomArrays.txt,QuickSort,1,7.494000,52.13,0.00
randomArrays.txt,QuickSort,2,3.909900,0.00,0.00
randomArrays.txt,QuickSort,3,7.477100,52.24,0.00
randomArrays.txt,QuickSort,1,4.309300,0.00,0.00
randomArrays.txt,QuickSort,2,8.728200,0.00,0.00
randomArrays.txt,QuickSort,3,6.758300,57.80,0.00
randomArrays.txt,QuickSort,1,3.262800,0.00,0.00
randomArrays.txt,QuickSort,2,3.287900,118.81,0.00
randomArrays.txt,QuickSort,3,2.766500,0.00,0.00
randomArrays.txt,QuickSort,1,4.298600,90.87,0.00
randomArrays.txt,QuickSort,2,4.365400,0.00,0.00
randomArrays.txt,QuickSort,3,4.296600,0.00,0.00
randomArrays.txt,QuickSort,1,0.781600,0.00,0.00
randomArrays.txt,QuickSort,2,0.788800,0.00,0.00
randomArrays.txt,QuickSort,3,0.300800,0.00,0.00
randomArrays.txt,QuickSort,1,7.160100,54.56,0.00
randomArrays.txt,QuickSort,2,5.724800,0.00,0.00
randomArrays.txt,QuickSort,3,7.229600,54.03,0.00
randomArrays.txt,QuickSort,1,5.408800,0.00,0.00
randomArrays.txt,QuickSort,2,5.710300,68.41,0.00
randomArrays.txt,QuickSort,3,5.542000,0.00,0.00
randomArrays.txt,QuickSort,1,0.033100,0.00,0.00
randomArrays.txt,QuickSort,2,0.055400,0.00,0.00
randomArrays.txt,QuickSort,3,0.057800,0.00,0.00
randomArrays.txt,QuickSort,1,6.713100,0.00,0.00
randomArrays.txt,QuickSort,2,6.651500,0.00,0.00
randomArrays.txt,QuickSort,3,6.679400,0.00,0.00
randomArrays.txt,QuickSort,1,7.709600,0.00,0.00
randomArrays.txt,QuickSort,2,5.026100,77.72,0.00
randomArrays.txt,QuickSort,3,3.612800,0.00,0.00
randomArrays.txt,QuickSort,1,4.780100,81.72,0.00
randomArrays.txt,QuickSort,2,4.547800,0.00,0.00
randomArrays.txt,QuickSort,3,9.228600,42.33,0.00
randomArrays.txt,QuickSort,1,6.798300,0.00,0.00
randomArrays.txt,QuickSort,2,6.825200,0.00,0.00
randomArrays.txt,QuickSort,3,6.803600,57.41,0.00
randomArrays.txt,QuickSort,1,1.411200,0.00,0.00
randomArrays.txt,QuickSort,2,1.392500,0.00,0.00
randomArrays.txt,QuickSort,3,1.398600,0.00,0.00
randomArrays.txt,QuickSort,1,7.077100,55.20,0.00
randomArrays.txt,QuickSort,2,7.140000,0.00,0.00
randomArrays.txt,QuickSort,3,5.730400,0.00,0.00
randomArrays.txt,QuickSort,1,4.782600,0.00,0.00
randomArrays.txt,QuickSort,2,9.014900,43.33,0.00
randomArrays.txt,QuickSort,3,5.577100,0.00,0.00
randomArrays.txt,QuickSort,1,5.824700,0.00,0.00
randomArrays.txt,QuickSort,2,7.254500,53.85,0.00
randomArrays.txt,QuickSort,3,7.261900,0.00,0.00
randomArrays.txt,QuickSort,1,6.143900,63.58,0.00
randomArrays.txt,QuickSort,2,8.022600,0.00,0.00
randomArrays.txt,QuickSort,3,8.015600,48.73,0.00
randomArrays.txt,QuickSort,1,1.599000,0.00,0.00
randomArrays.txt,QuickSort,2,1.597600,0.00,0.00
randomArrays.txt,QuickSort,3,1.683000,0.00,0.00
randomArrays.txt,QuickSort,1,3.828000,0.00,0.00
randomArrays.txt,QuickSort,2,8.692600,0.00,0.00
randomArrays.txt,QuickSort,3,7.929200,49.26,0.00
randomArrays.txt,QuickSort,1,0.991700,0.00,0.00
randomArrays.txt,QuickSort,2,1.031300,0.00,0.00
randomArrays.txt,QuickSort,3,1.024400,0.00,0.00
randomArrays.txt,QuickSort,1,5.276900,0.00,0.00
randomArrays.txt,QuickSort,2,5.257200,0.00,0.00
randomArrays.txt,QuickSort,3,5.142800,0.00,0.00
randomArrays.txt,QuickSort,1,4.493600,0.00,0.00
randomArrays.txt,QuickSort,2,4.489400,87.01,0.00
randomArrays.txt,QuickSort,3,3.001600,0.00,0.00
randomArrays.txt,QuickSort,1,1.810500,0.00,0.00
randomArrays.txt,QuickSort,2,1.808000,0.00,0.00
randomArrays.txt,QuickSort,3,1.812200,0.00,0.00
randomArrays.txt,QuickSort,1,0.359100,0.00,0.00
randomArrays.txt,QuickSort,2,0.274700,0.00,0.00
randomArrays.txt,QuickSort,3,0.274000,0.00,0.00
randomArrays.txt,QuickSort,1,6.694300,0.00,0.00
randomArrays.txt,QuickSort,2,6.709800,58.22,0.00
randomArrays.txt,QuickSort,3,6.770100,0.00,0.00
randomArrays.txt,QuickSort,1,4.618200,0.00,0.00
randomArrays.txt,QuickSort,2,4.848700,0.00,0.00
randomArrays.txt,QuickSort,3,4.591300,0.00,0.00
randomArrays.txt,QuickSort,1,8.834800,0.00,0.00
randomArrays.txt,QuickSort,2,8.714500,44.82,0.00
randomArrays.txt,QuickSort,3,5.777000,0.00,0.00
randomArrays.txt,QuickSort,1,1.496600,0.00,0.00
randomArrays.txt,QuickSort,2,1.478800,0.00,0.00
randomArrays.txt,QuickSort,3,1.465600,0.00,0.00
randomArrays.txt,QuickSort,1,6.767600,57.72,0.00
randomArrays.txt,QuickSort,2,6.818100,0.00,0.00
randomArrays.txt,QuickSort,3,6.768500,57.71,0.00
randomArrays.txt,QuickSort,1,1.860200,0.00,0.00
randomArrays.txt,QuickSort,2,1.612100,0.00,0.00
randomArrays.txt,QuickSort,3,1.616000,0.00,0.00
randomArrays.txt,QuickSort,1,3.570100,0.00,0.00
randomArrays.txt,QuickSort,2,3.570200,109.41,0.00
randomArrays.txt,QuickSort,3,3.589400,0.00,0.00
randomArrays.txt,QuickSort,1,0.549600,0.00,0.00
randomArrays.txt,QuickSort,2,0.803000,0.00,0.00
randomArrays.txt,QuickSort,3,0.452300,0.00,0.00
randomArrays.txt,QuickSort,1,0.361100,0.00,0.00
randomArrays.txt,QuickSort,2,0.336300,0.00,0.00
randomArrays.txt,QuickSort,3,0.348900,0.00,0.00
randomArrays.txt,QuickSort,1,2.421700,0.00,0.00
randomArrays.txt,QuickSort,2,2.426300,0.00,0.00
randomArrays.txt,QuickSort,3,2.553500,0.00,0.00
randomArrays.txt,QuickSort,1,6.711600,0.00,0.00
randomArrays.txt,QuickSort,2,5.490400,71.15,0.00
randomArrays.txt,QuickSort,3,6.664100,0.00,0.00
randomArrays.txt,QuickSort,1,4.822700,0.00,0.00
randomArrays.txt,QuickSort,2,6.358300,61.44,0.00
randomArrays.txt,QuickSort,3,4.424600,0.00,0.00
randomArrays.txt,QuickSort,1,7.947600,0.00,0.00
randomArrays.txt,QuickSort,2,7.869700,49.64,0.00
randomArrays.txt,QuickSort,3,10.077000,0.00,0.00
randomArrays.txt,QuickSort,1,0.080600,0.00,0.00
randomArrays.txt,QuickSort,2,0.120700,0.00,0.00
randomArrays.txt,QuickSort,3,0.080000,0.00,0.00
randomArrays.txt,QuickSort,1,7.104800,54.98,0.00
randomArrays.txt,QuickSort,2,7.084600,0.00,0.00
randomArrays.txt,QuickSort,3,6.157000,63.44,0.00
randomArrays.txt,QuickSort,1,3.221300,121.26,0.00
randomArrays.txt,QuickSort,2,4.206000,0.00,0.00
randomArrays.txt,QuickSort,3,4.143200,0.00,0.00
randomArrays.txt,QuickSort,1,1.811200,0.00,0.00
randomArrays.txt,QuickSort,2,1.756000,222.45,0.00
randomArrays.txt,QuickSort,3,1.753000,0.00,0.00
randomArrays.txt,QuickSort,1,2.732400,0.00,0.00
randomArrays.txt,QuickSort,2,2.149400,0.00,0.00
randomArrays.txt,QuickSort,3,2.210000,0.00,0.00
randomArrays.txt,QuickSort,1,4.223900,92.48,0.00
randomArrays.txt,QuickSort,2,5.204300,0.00,0.00
randomArrays.txt,QuickSort,3,4.895900,0.00,0.00
randomArrays.txt,QuickSort,1,6.588600,0.00,0.00
randomArrays.txt,QuickSort,2,6.829200,57.20,0.00
randomArrays.txt,QuickSort,3,6.778400,0.00,0.00
randomArrays.txt,QuickSort,1,2.953200,0.00,0.00
randomArrays.txt,QuickSort,2,1.857400,210.31,0.00
randomArrays.txt,QuickSort,3,1.842200,0.00,0.00
randomArrays.txt,QuickSort,1,1.308800,0.00,0.00
randomArrays.txt,QuickSort,2,1.294900,301.66,0.00
randomArrays.txt,QuickSort,3,1.509200,0.00,0.00
randomArrays.txt,QuickSort,1,1.959400,0.00,0.00
randomArrays.txt,QuickSort,2,2.707500,0.00,0.00
randomArrays.txt,QuickSort,3,2.699700,144.69,0.00
randomArrays.txt,QuickSort,1,0.354900,0.00,0.00
randomArrays.txt,QuickSort,2,0.354900,0.00,0.00
randomArrays.txt,QuickSort,3,0.349200,0.00,0.00
randomArrays.txt,QuickSort,1,5.597500,0.00,0.00
randomArrays.txt,QuickSort,2,4.974800,78.52,0.00
randomArrays.txt,QuickSort,3,5.312300,0.00,0.00
randomArrays.txt,QuickSort,1,3.437000,0.00,0.00
randomArrays.txt,QuickSort,2,6.719900,0.00,0.00
randomArrays.txt,QuickSort,3,7.333200,53.27,0.00
randomArrays.txt,QuickSort,1,4.193000,0.00,0.00
randomArrays.txt,QuickSort,2,4.180300,93.44,0.00
randomArrays.txt,QuickSort,3,4.220400,0.00,0.00
randomArrays.txt,QuickSort,1,7.249400,53.88,0.00
randomArrays.txt,QuickSort,2,7.234500,0.00,0.00
randomArrays.txt,QuickSort,3,3.631900,0.00,0.00
randomArrays.txt,QuickSort,1,3.568700,0.00,0.00
randomArrays.txt,QuickSort,2,3.565300,0.00,0.00
randomArrays.txt,QuickSort,3,3.580700,0.00,0.00
randomArrays.txt,QuickSort,1,5.478700,71.30,0.00
randomArrays.txt,QuickSort,2,5.534400,0.00,0.00
randomArrays.txt,QuickSort,3,5.484700,0.00,0.00
randomArrays.txt,QuickSort,1,2.732000,142.98,0.00
randomArrays.txt,QuickSort,2,2.748800,0.00,0.00
randomArrays.txt,QuickSort,3,2.727900,0.00,0.00
randomArrays.txt,QuickSort,1,6.000700,0.00,0.00
randomArrays.txt,QuickSort,2,8.668900,45.06,0.00
randomArrays.txt,QuickSort,3,7.410400,0.00,0.00
randomArrays.txt,QuickSort,1,6.847500,0.00,0.00
randomArrays.txt,QuickSort,2,6.935800,0.00,0.00
randomArrays.txt,QuickSort,3,6.906500,0.00,0.00
randomArrays.txt,QuickSort,1,2.384100,163.85,0.00
randomArrays.txt,QuickSort,2,2.377000,0.00,0.00
randomArrays.txt,QuickSort,3,2.440300,0.00,0.00
randomArrays.txt,QuickSort,1,1.744000,0.00,0.00
randomArrays.txt,QuickSort,2,1.812500,0.00,0.00
randomArrays.txt,QuickSort,3,1.711700,0.00,0.00
randomArrays.txt,QuickSort,1,2.110700,0.00,0.00
randomArrays.txt,QuickSort,2,2.085200,0.00,0.00
randomArrays.txt,QuickSort,3,1.618900,0.00,0.00
randomArrays.txt,QuickSort,1,4.280500,91.26,0.00
randomArrays.txt,QuickSort,2,7.690700,0.00,0.00
randomArrays.txt,QuickSort,3,5.712500,68.38,0.00
randomArrays.txt,QuickSort,1,0.832800,0.00,0.00
randomArrays.txt,QuickSort,2,0.886200,0.00,0.00
randomArrays.txt,QuickSort,3,0.816500,0.00,0.00
randomArrays.txt,QuickSort,1,8.672000,45.04,0.00
randomArrays.txt,QuickSort,2,6.760700,0.00,0.00
randomArrays.txt,QuickSort,3,5.800600,67.34,0.00
randomArrays.txt,QuickSort,1,1.225200,0.00,0.00
randomArrays.txt,QuickSort,2,1.239900,0.00,0.00
randomArrays.txt,QuickSort,3,1.268400,0.00,0.00
randomArrays.txt,QuickSort,1,1.242700,0.00,0.00
randomArrays.txt,QuickSort,2,1.234600,0.00,0.00
randomArrays.txt,QuickSort,3,1.232900,0.00,0.00
randomArrays.txt,QuickSort,1,1.499500,0.00,0.00
randomArrays.txt,QuickSort,2,1.597100,244.58,0.00
randomArrays.txt,QuickSort,3,1.119000,0.00,0.00
randomArrays.txt,QuickSort,1,7.370800,0.00,0.00
randomArrays.txt,QuickSort,2,8.069900,0.00,0.00
randomArrays.txt,QuickSort,3,6.188200,63.12,0.00
randomArrays.txt,QuickSort,1,2.680800,0.00,0.00
randomArrays.txt,QuickSort,2,2.584400,0.00,0.00
randomArrays.txt,QuickSort,3,2.580200,151.39,0.00
randomArrays.txt,QuickSort,1,2.355800,0.00,0.00
randomArrays.txt,QuickSort,2,2.355900,0.00,0.00
randomArrays.txt,QuickSort,3,2.534700,0.00,0.00
randomArrays.txt,QuickSort,1,2.848100,0.00,0.00
randomArrays.txt,QuickSort,2,2.847100,0.00,0.00
randomArrays.txt,QuickSort,3,2.839900,0.00,0.00
randomArrays.txt,QuickSort,1,4.297300,0.00,0.00
randomArrays.txt,QuickSort,2,4.313300,0.00,0.00
randomArrays.txt,QuickSort,3,4.310400,0.00,0.00
randomArrays.txt,QuickSort,1,1.554100,251.35,0.00
randomArrays.txt,QuickSort,2,2.268200,0.00,0.00
randomArrays.txt,QuickSort,3,2.047200,0.00,0.00
randomArrays.txt,QuickSort,1,2.427600,0.00,0.00
randomArrays.txt,QuickSort,2,2.404800,0.00,0.00
randomArrays.txt,QuickSort,3,2.355300,0.00,0.00
randomArrays.txt,QuickSort,1,3.497000,0.00,0.00
randomArrays.txt,QuickSort,2,3.510400,0.00,0.00
randomArrays.txt,QuickSort,3,3.491300,111.89,0.00
randomArrays.txt,QuickSort,1,1.137200,0.00,0.00
randomArrays.txt,QuickSort,2,1.252900,0.00,0.00
randomArrays.txt,QuickSort,3,1.124900,0.00,0.00
randomArrays.txt,QuickSort,1,0.710400,0.00,0.00
randomArrays.txt,QuickSort,2,0.698300,0.00,0.00
randomArrays.txt,QuickSort,3,0.814300,0.00,0.00
randomArrays.txt,QuickSort,1,0.426100,0.00,0.00
randomArrays.txt,QuickSort,2,0.447100,0.00,0.00
randomArrays.txt,QuickSort,3,0.456800,0.00,0.00
randomArrays.txt,QuickSort,1,5.442900,71.77,0.00
randomArrays.txt,QuickSort,2,5.451400,0.00,0.00
randomArrays.txt,QuickSort,3,5.454400,71.62,0.00
randomArrays.txt,QuickSort,1,4.549100,0.00,0.00
randomArrays.txt,QuickSort,2,4.101500,0.00,0.00
randomArrays.txt,QuickSort,3,4.551700,0.00,0.00
randomArrays.txt,QuickSort,1,2.409500,0.00,0.00
randomArrays.txt,QuickSort,2,2.420000,0.00,0.00
randomArrays.txt,QuickSort,3,2.460600,158.75,0.00
randomArrays.txt,QuickSort,1,3.922500,99.59,0.00
randomArrays.txt,QuickSort,2,6.454300,0.00,0.00
randomArrays.txt,QuickSort,3,6.527800,59.84,0.00
randomArrays.txt,QuickSort,1,0.923100,0.00,0.00
randomArrays.txt,QuickSort,2,0.911700,0.00,0.00
randomArrays.txt,QuickSort,3,1.382200,0.00,0.00
randomArrays.txt,QuickSort,1,2.134200,0.00,0.00
randomArrays.txt,QuickSort,2,4.070300,0.00,0.00
randomArrays.txt,QuickSort,3,4.039800,0.00,0.00
randomArrays.txt,QuickSort,1,4.373600,0.00,0.00
randomArrays.txt,QuickSort,2,3.721700,0.00,0.00
randomArrays.txt,QuickSort,3,4.159600,0.00,0.00
randomArrays.txt,QuickSort,1,1.852300,0.00,0.00
randomArrays.txt,QuickSort,2,1.892200,0.00,0.00
randomArrays.txt,QuickSort,3,1.884200,0.00,0.00
randomArrays.txt,QuickSort,1,6.819900,0.00,0.00
randomArrays.txt,QuickSort,2,5.428500,71.96,0.00
randomArrays.txt,QuickSort,3,6.832200,0.00,0.00
randomArrays.txt,QuickSort,1,4.283500,91.19,0.00
randomArrays.txt,QuickSort,2,4.266000,0.00,0.00
randomArrays.txt,QuickSort,3,4.439700,0.00,0.00
randomArrays.txt,QuickSort,1,4.302200,0.00,0.00
randomArrays.txt,QuickSort,2,4.290400,0.00,0.00
randomArrays.txt,QuickSort,3,4.321000,90.40,0.00
randomArrays.txt,QuickSort,1,0.657800,0.00,0.00
randomArrays.txt,QuickSort,2,1.002600,0.00,0.00
randomArrays.txt,QuickSort,3,0.859500,0.00,0.00
randomArrays.txt,QuickSort,1,2.098000,0.00,0.00
randomArrays.txt,QuickSort,2,2.312000,0.00,0.00
randomArrays.txt,QuickSort,3,1.562900,0.00,0.00
randomArrays.txt,QuickSort,1,8.363800,46.70,0.00
randomArrays.txt,QuickSort,2,9.302200,0.00,0.00
randomArrays.txt,QuickSort,3,8.517600,45.86,0.00
randomArrays.txt,QuickSort,1,0.277600,0.00,0.00
randomArrays.txt,QuickSort,2,0.188400,0.00,0.00
randomArrays.txt,QuickSort,3,0.384400,0.00,0.00
randomArrays.txt,QuickSort,1,6.092900,64.11,0.00
randomArrays.txt,QuickSort,2,6.183200,0.00,0.00
randomArrays.txt,QuickSort,3,6.082900,64.22,0.00
randomArrays.txt,QuickSort,1,4.622800,0.00,0.00
randomArrays.txt,QuickSort,2,5.741800,0.00,0.00
randomArrays.txt,QuickSort,3,5.779800,0.00,0.00
randomArrays.txt,QuickSort,1,3.296100,0.00,0.00
randomArrays.txt,QuickSort,2,3.314000,0.00,0.00
randomArrays.txt,QuickSort,3,3.335100,0.00,0.00
randomArrays.txt,QuickSort,1,7.764400,50.31,0.00
randomArrays.txt,QuickSort,2,7.012600,0.00,0.00
randomArrays.txt,QuickSort,3,6.242600,62.57,0.00
randomArrays.txt,QuickSort,1,3.828900,0.00,0.00
randomArrays.txt,QuickSort,2,3.845600,0.00,0.00
randomArrays.txt,QuickSort,3,3.819900,102.26,0.00
randomArrays.txt,QuickSort,1,2.842300,0.00,0.00
randomArrays.txt,QuickSort,2,3.448400,0.00,0.00
randomArrays.txt,QuickSort,3,2.558500,0.00,0.00
randomArrays.txt,QuickSort,1,5.697100,68.57,0.00
randomArrays.txt,QuickSort,2,5.603100,0.00,0.00
randomArrays.txt,QuickSort,3,5.603700,0.00,0.00
randomArrays.txt,QuickSort,1,5.385900,0.00,0.00
randomArrays.txt,QuickSort,2,4.742400,82.37,0.00
randomArrays.txt,QuickSort,3,3.868600,0.00,0.00
randomArrays.txt,QuickSort,1,0.202100,0.00,0.00
randomArrays.txt,QuickSort,2,0.195800,0.00,0.00
randomArrays.txt,QuickSort,3,0.234600,0.00,0.00
randomArrays.txt,QuickSort,1,4.691900,0.00,0.00
randomArrays.txt,QuickSort,2,4.788100,81.58,0.00
randomArrays.txt,QuickSort,3,3.122500,0.00,0.00
randomArrays.txt,QuickSort,1,7.149200,0.00,0.00
randomArrays.txt,QuickSort,2,6.176600,63.24,0.00
randomArrays.txt,QuickSort,3,7.238300,0.00,0.00
randomArrays.txt,QuickSort,1,2.667800,0.00,0.00
randomArrays.txt,QuickSort,2,2.710200,0.00,0.00
randomArrays.txt,QuickSort,3,2.700300,0.00,0.00
randomArrays.txt,QuickSort,1,5.730500,68.17,0.00
randomArrays.txt,QuickSort,2,8.535500,0.00,0.00
randomArrays.txt,QuickSort,3,8.512800,0.00,0.00
randomArrays.txt,QuickSort,1,7.497700,52.10,0.00
randomArrays.txt,QuickSort,2,8.227300,0.00,0.00
randomArrays.txt,QuickSort,3,6.582900,0.00,0.00
randomArrays.txt,QuickSort,1,6.171900,0.00,0.00
randomArrays.txt,QuickSort,2,6.160000,0.00,0.00
randomArrays.txt,QuickSort,3,6.232000,62.68,0.00
randomArrays.txt,QuickSort,1,2.883000,0.00,0.00
randomArrays.txt,QuickSort,2,2.868200,136.19,0.00
randomArrays.txt,QuickSort,3,2.202400,0.00,0.00
randomArrays.txt,QuickSort,1,4.157700,0.00,0.00
randomArrays.txt,QuickSort,2,4.148800,0.00,0.00
randomArrays.txt,QuickSort,3,3.893800,0.00,0.00
randomArrays.txt,QuickSort,1,0.107200,0.00,0.00
randomArrays.txt,QuickSort,2,0.099400,0.00,0.00
randomArrays.txt,QuickSort,3,0.072200,0.00,0.00
randomArrays.txt,QuickSort,1,8.146500,0.00,0.00
randomArrays.txt,QuickSort,2,4.665900,0.00,0.00
randomArrays.txt,QuickSort,3,4.294700,90.96,0.00
randomArrays.txt,QuickSort,1,3.317200,0.00,0.00
randomArrays.txt,QuickSort,2,3.325000,117.48,0.00
randomArrays.txt,QuickSort,3,3.329900,0.00,0.00
randomArrays.txt,QuickSort,1,10.220700,0.00,0.00
randomArrays.txt,QuickSort,2,10.138400,38.53,0.00
randomArrays.txt,QuickSort,3,6.615300,0.00,0.00
randomArrays.txt,QuickSort,1,4.894000,79.82,0.00
randomArrays.txt,QuickSort,2,4.949300,0.00,0.00
randomArrays.txt,QuickSort,3,3.511700,0.00,0.00
randomArrays.txt,QuickSort,1,4.859800,80.38,0.00
randomArrays.txt,QuickSort,2,4.887500,0.00,0.00
randomArrays.txt,QuickSort,3,4.848700,0.00,0.00
randomArrays.txt,QuickSort,1,3.749600,0.00,0.00
randomArrays.txt,QuickSort,2,3.749800,0.00,0.00
randomArrays.txt,QuickSort,3,3.753500,104.07,0.00
randomArrays.txt,QuickSort,1,1.316200,0.00,0.00
randomArrays.txt,QuickSort,2,1.306200,0.00,0.00
randomArrays.txt,QuickSort,3,1.667700,0.00,0.00
randomArrays.txt,QuickSort,1,3.432700,113.80,0.00
randomArrays.txt,QuickSort,2,3.444500,0.00,0.00
randomArrays.txt,QuickSort,3,3.410900,0.00,0.00
randomArrays.txt,QuickSort,1,6.286500,0.00,0.00
randomArrays.txt,QuickSort,2,6.273000,62.27,0.00
randomArrays.txt,QuickSort,3,3.327700,0.00,0.00
randomArrays.txt,QuickSort,1,3.991400,97.87,0.00
randomArrays.txt,QuickSort,2,3.997300,0.00,0.00
randomArrays.txt,QuickSort,3,3.991500,0.00,0.00
randomArrays.txt,QuickSort,1,1.212600,0.00,0.00
randomArrays.txt,QuickSort,2,1.168100,0.00,0.00
randomArrays.txt,QuickSort,3,1.278600,0.00,0.00
randomArrays.txt,QuickSort,1,3.829300,0.00,0.00
randomArrays.txt,QuickSort,2,2.733300,142.91,0.00
randomArrays.txt,QuickSort,3,1.475400,0.00,0.00
randomArrays.txt,QuickSort,1,2.178500,0.00,0.00
randomArrays.txt,QuickSort,2,2.197900,0.00,0.00
randomArrays.txt,QuickSort,3,2.180200,0.00,0.00
randomArrays.txt,QuickSort,1,4.138300,0.00,0.00
randomArrays.txt,QuickSort,2,8.349900,0.00,0.00
randomArrays.txt,QuickSort,3,8.127900,48.06,0.00
randomArrays.txt,QuickSort,1,3.313400,0.00,0.00
randomArrays.txt,QuickSort,2,3.533800,0.00,0.00
randomArrays.txt,QuickSort,3,3.308900,0.00,0.00
randomArrays.txt,QuickSort,1,5.076700,0.00,0.00
randomArrays.txt,QuickSort,2,5.092500,76.71,0.00
randomArrays.txt,QuickSort,3,5.069000,0.00,0.00
randomArrays.txt,QuickSort,1,2.955300,0.00,0.00
randomArrays.txt,QuickSort,2,3.018700,0.00,0.00
randomArrays.txt,QuickSort,3,4.458800,0.00,0.00
randomArrays.txt,QuickSort,1,0.652600,0.00,0.00
randomArrays.txt,QuickSort,2,0.635300,0.00,0.00
randomArrays.txt,QuickSort,3,0.659400,0.00,0.00
randomArrays.txt,QuickSort,1,8.571600,45.57,0.00
randomArrays.txt,QuickSort,2,11.691100,0.00,0.00
randomArrays.txt,QuickSort,3,3.899200,100.18,0.00
randomArrays.txt,QuickSort,1,2.066900,188.99,0.00
randomArrays.txt,QuickSort,2,2.735600,0.00,0.00
randomArrays.txt,QuickSort,3,2.747200,0.00,0.00
randomArrays.txt,QuickSort,1,5.294500,0.00,0.00
randomArrays.txt,QuickSort,2,4.439200,87.99,0.00
randomArrays.txt,QuickSort,3,5.624200,0.00,0.00
randomArrays.txt,QuickSort,1,6.413400,60.91,0.00
randomArrays.txt,QuickSort,2,9.338100,0.00,0.00
randomArrays.txt,QuickSort,3,6.467300,60.40,0.00
randomArrays.txt,QuickSort,1,3.058000,0.00,0.00
randomArrays.txt,QuickSort,2,2.142200,0.00,0.00
randomArrays.txt,QuickSort,3,3.054000,127.91,0.00
randomArrays.txt,QuickSort,1,1.179600,0.00,0.00
randomArrays.txt,QuickSort,2,1.417900,0.00,0.00
randomArrays.txt,QuickSort,3,1.198400,0.00,0.00
randomArrays.txt,QuickSort,1,3.881400,0.00,0.00
randomArrays.txt,QuickSort,2,3.878200,100.72,0.00
randomArrays.txt,QuickSort,3,3.894500,0.00,0.00
randomArrays.txt,QuickSort,1,2.937400,132.98,0.00
randomArrays.txt,QuickSort,2,2.519000,0.00,0.00
randomArrays.txt,QuickSort,3,2.669700,0.00,0.00
randomArrays.txt,QuickSort,1,4.799900,0.00,0.00
randomArrays.txt,QuickSort,2,4.893300,0.00,0.00
randomArrays.txt,QuickSort,3,4.834700,80.80,0.00
randomArrays.txt,QuickSort,1,7.344200,53.19,0.00
randomArrays.txt,QuickSort,2,3.499100,0.00,0.00
randomArrays.txt,QuickSort,3,7.517500,0.00,0.00
randomArrays.txt,QuickSort,1,1.303100,0.00,0.00
randomArrays.txt,QuickSort,2,2.533100,0.00,0.00
randomArrays.txt,QuickSort,3,2.461700,0.00,0.00
randomArrays.txt,QuickSort,1,5.381100,0.00,0.00
randomArrays.txt,QuickSort,2,4.230600,92.33,0.00
randomArrays.txt,QuickSort,3,5.605000,0.00,0.00
randomArrays.txt,QuickSort,1,2.911300,0.00,0.00
randomArrays.txt,QuickSort,2,3.054100,127.90,0.00
randomArrays.txt,QuickSort,3,2.905000,0.00,0.00
randomArrays.txt,QuickSort,1,0.252300,0.00,0.00
randomArrays.txt,QuickSort,2,0.315100,0.00,0.00
randomArrays.txt,QuickSort,3,0.290600,0.00,0.00
randomArrays.txt,QuickSort,1,0.182300,0.00,0.00
randomArrays.txt,QuickSort,2,0.183000,0.00,0.00
randomArrays.txt,QuickSort,3,0.181900,0.00,0.00
randomArrays.txt,QuickSort,1,2.447800,0.00,0.00
randomArrays.txt,QuickSort,2,2.546700,0.00,0.00
randomArrays.txt,QuickSort,3,2.717900,143.72,0.00
randomArrays.txt,QuickSort,1,1.006600,0.00,0.00
randomArrays.txt,QuickSort,2,1.003200,0.00,0.00
randomArrays.txt,QuickSort,3,1.055500,0.00,0.00
randomArrays.txt,QuickSort,1,6.778300,57.63,0.00
randomArrays.txt,QuickSort,2,6.759100,0.00,0.00
randomArrays.txt,QuickSort,3,6.734900,58.00,0.00
randomArrays.txt,QuickSort,1,2.663000,0.00,0.00
randomArrays.txt,QuickSort,2,2.674500,0.00,0.00
randomArrays.txt,QuickSort,3,2.418700,161.50,0.00
randomArrays.txt,QuickSort,1,3.875500,0.00,0.00
randomArrays.txt,QuickSort,2,2.903300,0.00,0.00
randomArrays.txt,QuickSort,3,1.620500,0.00,0.00
randomArrays.txt,QuickSort,1,0.132300,0.00,0.00
randomArrays.txt,QuickSort,2,0.130600,0.00,0.00
randomArrays.txt,QuickSort,3,0.135300,0.00,0.00
randomArrays.txt,QuickSort,1,2.179700,0.00,0.00
randomArrays.txt,QuickSort,2,2.795900,0.00,0.00
randomArrays.txt,QuickSort,3,2.170700,179.95,0.00
randomArrays.txt,QuickSort,1,3.844300,0.00,0.00
randomArrays.txt,QuickSort,2,3.844400,101.61,0.00
randomArrays.txt,QuickSort,3,3.828600,0.00,0.00
randomArrays.txt,QuickSort,1,1.675900,233.08,0.00
randomArrays.txt,QuickSort,2,3.430300,0.00,0.00
randomArrays.txt,QuickSort,3,3.427300,0.00,0.00
randomArrays.txt,QuickSort,1,4.790500,0.00,0.00
randomArrays.txt,QuickSort,2,4.860900,80.36,0.00
randomArrays.txt,QuickSort,3,4.777300,0.00,0.00
randomArrays.txt,QuickSort,1,1.723700,0.00,0.00
randomArrays.txt,QuickSort,2,1.627000,0.00,0.00
randomArrays.txt,QuickSort,3,1.625700,0.00,0.00
randomArrays.txt,QuickSort,1,0.091400,0.00,0.00
randomArrays.txt,QuickSort,2,0.131200,0.00,0.00
randomArrays.txt,QuickSort,3,0.095000,0.00,0.00
randomArrays.txt,QuickSort,1,6.027000,0.00,0.00
randomArrays.txt,QuickSort,2,5.352100,0.00,0.00
randomArrays.txt,QuickSort,3,6.023200,64.85,0.00
randomArrays.txt,QuickSort,1,4.304100,90.76,0.00
randomArrays.txt,QuickSort,2,4.292000,0.00,0.00
randomArrays.txt,QuickSort,3,8.295600,0.00,0.00
randomArrays.txt,QuickSort,1,0.690900,0.00,0.00
randomArrays.txt,QuickSort,2,1.352200,0.00,0.00
randomArrays.txt,QuickSort,3,1.284000,0.00,0.00
randomArrays.txt,QuickSort,1,8.367200,46.69,0.00
randomArrays.txt,QuickSort,2,9.179300,0.00,0.00
randomArrays.txt,QuickSort,3,9.341700,41.82,0.00
randomArrays.txt,QuickSort,1,0.146500,0.00,0.00
randomArrays.txt,QuickSort,2,0.111500,0.00,0.00
randomArrays.txt,QuickSort,3,0.148800,0.00,0.00
randomArrays.txt,QuickSort,1,2.236400,0.00,0.00
randomArrays.txt,QuickSort,2,3.057300,0.00,0.00
randomArrays.txt,QuickSort,3,3.058000,127.74,0.00
randomArrays.txt,QuickSort,1,0.077700,0.00,0.00
randomArrays.txt,QuickSort,2,0.082200,0.00,0.00
randomArrays.txt,QuickSort,3,0.059400,0.00,0.00
randomArrays.txt,QuickSort,1,4.733300,0.00,0.00
randomArrays.txt,QuickSort,2,5.297200,73.74,0.00
randomArrays.txt,QuickSort,3,5.343200,0.00,0.00
randomArrays.txt,QuickSort,1,3.765400,0.00,0.00
randomArrays.txt,QuickSort,2,3.625300,0.00,0.00
randomArrays.txt,QuickSort,3,3.392200,0.00,0.00
randomArrays.txt,QuickSort,1,2.011600,0.00,0.00
randomArrays.txt,QuickSort,2,1.973800,0.00,0.00
randomArrays.txt,QuickSort,3,1.967600,0.00,0.00
randomArrays.txt,QuickSort,1,7.306300,0.00,0.00
randomArrays.txt,QuickSort,2,5.440600,0.00,0.00
randomArrays.txt,QuickSort,3,6.238600,0.00,0.00
randomArrays.txt,QuickSort,1,0.878100,0.00,0.00
randomArrays.txt,QuickSort,2,0.893200,0.00,0.00
randomArrays.txt,QuickSort,3,0.906900,0.00,0.00
randomArrays.txt,QuickSort,1,6.229300,0.00,0.00
randomArrays.txt,QuickSort,2,6.218600,0.00,0.00
randomArrays.txt,QuickSort,3,6.278400,0.00,0.00
randomArrays.txt,QuickSort,1,8.757600,0.00,0.00
randomArrays.txt,QuickSort,2,5.865200,66.60,0.00
randomArrays.txt,QuickSort,3,5.749500,0.00,0.00
randomArrays.txt,QuickSort,1,4.797400,0.00,0.00
randomArrays.txt,QuickSort,2,4.787200,0.00,0.00
randomArrays.txt,QuickSort,3,4.789700,81.56,0.00
randomArrays.txt,QuickSort,1,5.031500,77.64,0.00
randomArrays.txt,QuickSort,2,5.077200,0.00,0.00
randomArrays.txt,QuickSort,3,5.155500,75.77,0.00
randomArrays.txt,QuickSort,1,6.456400,0.00,0.00
randomArrays.txt,QuickSort,2,6.517000,0.00,0.00
randomArrays.txt,QuickSort,3,4.036600,0.00,0.00
randomArrays.txt,QuickSort,1,3.147200,0.00,0.00
randomArrays.txt,QuickSort,2,3.140200,0.00,0.00
randomArrays.txt,QuickSort,3,3.124700,0.00,0.00
randomArrays.txt,QuickSort,1,3.049200,0.00,0.00
randomArrays.txt,QuickSort,2,3.086800,0.00,0.00
randomArrays.txt,QuickSort,3,3.055300,0.00,0.00
randomArrays.txt,QuickSort,1,1.325800,294.63,0.00
randomArrays.txt,QuickSort,2,1.798900,0.00,0.00
randomArrays.txt,QuickSort,3,1.645800,0.00,0.00
randomArrays.txt,QuickSort,1,4.001500,97.62,0.00
randomArrays.txt,QuickSort,2,4.015100,0.00,0.00
randomArrays.txt,QuickSort,3,2.618900,0.00,0.00
randomArrays.txt,QuickSort,1,0.380600,0.00,0.00
randomArrays.txt,QuickSort,2,0.381500,0.00,0.00
randomArrays.txt,QuickSort,3,0.386100,0.00,0.00
randomArrays.txt,QuickSort,1,1.847300,0.00,0.00
randomArrays.txt,QuickSort,2,1.844400,0.00,0.00
randomArrays.txt,QuickSort,3,1.846500,0.00,0.00
randomArrays.txt,QuickSort,1,6.895800,56.65,0.00
randomArrays.txt,QuickSort,2,5.405700,0.00,0.00
randomArrays.txt,QuickSort,3,6.623900,0.00,0.00
randomArrays.txt,QuickSort,1,2.269000,0.00,0.00
randomArrays.txt,QuickSort,2,2.265500,0.00,0.00
randomArrays.txt,QuickSort,3,2.274000,0.00,0.00
randomArrays.txt,QuickSort,1,7.385900,52.89,0.00
randomArrays.txt,QuickSort,2,7.378800,0.00,0.00
randomArrays.txt,QuickSort,3,7.338700,53.23,0.00
randomArrays.txt,QuickSort,1,1.952300,0.00,0.00
randomArrays.txt,QuickSort,2,2.593500,0.00,0.00
randomArrays.txt,QuickSort,3,2.508100,0.00,0.00
randomArrays.txt,QuickSort,1,2.716200,0.00,0.00
randomArrays.txt,QuickSort,2,2.927000,0.00,0.00
randomArrays.txt,QuickSort,3,2.474300,157.87,0.00
randomArrays.txt,QuickSort,1,1.099800,0.00,0.00
randomArrays.txt,QuickSort,2,0.584000,0.00,0.00
randomArrays.txt,QuickSort,3,0.734100,0.00,0.00
randomArrays.txt,QuickSort,1,3.659600,0.00,0.00
randomArrays.txt,QuickSort,2,2.054500,0.00,0.00
randomArrays.txt,QuickSort,3,3.344900,0.00,0.00
randomArrays.txt,QuickSort,1,1.244900,0.00,0.00
randomArrays.txt,QuickSort,2,0.622900,0.00,0.00
randomArrays.txt,QuickSort,3,0.744000,0.00,0.00
randomArrays.txt,QuickSort,1,5.000500,78.12,0.00
randomArrays.txt,QuickSort,2,6.570700,0.00,0.00
randomArrays.txt,QuickSort,3,4.986000,78.34,0.00
randomArrays.txt,QuickSort,1,3.808500,102.57,0.00
randomArrays.txt,QuickSort,2,3.801200,0.00,0.00
randomArrays.txt,QuickSort,3,3.876700,0.00,0.00
randomArrays.txt,QuickSort,1,3.702000,105.52,0.00
randomArrays.txt,QuickSort,2,3.628600,0.00,0.00
randomArrays.txt,QuickSort,3,3.627100,0.00,0.00
randomArrays.txt,QuickSort,1,4.668800,0.00,0.00
randomArrays.txt,QuickSort,2,4.045300,0.00,0.00
randomArrays.txt,QuickSort,3,4.718700,0.00,0.00
randomArrays.txt,QuickSort,1,1.423700,0.00,0.00
randomArrays.txt,QuickSort,2,2.118000,0.00,0.00
randomArrays.txt,QuickSort,3,1.815600,0.00,0.00
randomArrays.txt,QuickSort,1,4.881800,0.00,0.00
randomArrays.txt,QuickSort,2,4.876200,80.11,0.00
randomArrays.txt,QuickSort,3,4.919900,0.00,0.00
randomArrays.txt,QuickSort,1,5.305000,0.00,0.00
randomArrays.txt,QuickSort,2,4.354600,89.70,0.00
randomArrays.txt,QuickSort,3,5.290400,0.00,0.00
randomArrays.txt,QuickSort,1,1.585900,0.00,0.00
randomArrays.txt,QuickSort,2,1.987100,0.00,0.00
randomArrays.txt,QuickSort,3,1.983400,0.00,0.00
randomArrays.txt,QuickSort,1,1.279800,0.00,0.00
randomArrays.txt,QuickSort,2,0.878700,444.55,0.00
randomArrays.txt,QuickSort,3,1.172500,0.00,0.00
randomArrays.txt,QuickSort,1,3.748900,0.00,0.00
randomArrays.txt,QuickSort,2,3.760100,0.00,0.00
randomArrays.txt,QuickSort,3,4.034100,0.00,0.00
randomArrays.txt,QuickSort,1,2.235500,0.00,0.00
randomArrays.txt,QuickSort,2,1.573400,0.00,0.00
randomArrays.txt,QuickSort,3,2.228500,0.00,0.00
randomArrays.txt,QuickSort,1,3.399100,0.00,0.00
randomArrays.txt,QuickSort,2,6.360500,61.41,0.00
randomArrays.txt,QuickSort,3,6.219700,0.00,0.00
randomArrays.txt,QuickSort,1,1.248000,0.00,0.00
randomArrays.txt,QuickSort,2,1.237000,0.00,0.00
randomArrays.txt,QuickSort,3,1.312900,0.00,0.00
randomArrays.txt,QuickSort,1,1.395300,0.00,0.00
randomArrays.txt,QuickSort,2,1.393200,0.00,0.00
randomArrays.txt,QuickSort,3,1.306200,0.00,0.00
randomArrays.txt,QuickSort,1,5.048700,77.37,0.00
randomArrays.txt,QuickSort,2,5.036300,0.00,0.00
randomArrays.txt,QuickSort,3,5.047200,0.00,0.00
randomArrays.txt,QuickSort,1,3.306500,0.00,0.00
randomArrays.txt,QuickSort,2,3.302500,118.28,0.00
randomArrays.txt,QuickSort,3,3.305800,0.00,0.00
randomArrays.txt,QuickSort,1,11.032300,0.00,0.00
randomArrays.txt,QuickSort,2,5.857100,66.69,0.00
randomArrays.txt,QuickSort,3,7.410700,0.00,0.00
randomArrays.txt,QuickSort,1,0.057400,0.00,0.00
randomArrays.txt,QuickSort,2,0.063800,0.00,0.00
randomArrays.txt,QuickSort,3,0.061000,0.00,0.00
randomArrays.txt,QuickSort,1,6.044600,0.00,0.00
randomArrays.txt,QuickSort,2,6.033200,64.75,0.00
randomArrays.txt,QuickSort,3,5.987600,0.00,0.00
randomArrays.txt,QuickSort,1,4.522100,86.38,0.00
randomArrays.txt,QuickSort,2,4.866600,0.00,0.00
randomArrays.txt,QuickSort,3,4.874400,0.00,0.00
randomArrays.txt,QuickSort,1,4.538600,86.07,0.00
randomArrays.txt,QuickSort,2,5.649900,0.00,0.00
randomArrays.txt,QuickSort,3,5.670800,68.88,0.00
randomArrays.txt,QuickSort,1,2.267000,0.00,0.00
randomArrays.txt,QuickSort,2,2.269000,0.00,0.00
randomArrays.txt,QuickSort,3,2.262100,0.00,0.00
randomArrays.txt,QuickSort,1,3.784600,0.00,0.00
randomArrays.txt,QuickSort,2,3.789000,103.09,0.00
randomArrays.txt,QuickSort,3,3.799500,0.00,0.00
randomArrays.txt,QuickSort,1,7.979700,0.00,0.00
randomArrays.txt,QuickSort,2,8.627300,45.28,0.00
randomArrays.txt,QuickSort,3,7.923300,49.30,0.00
randomArrays.txt,QuickSort,1,0.657300,0.00,0.00
randomArrays.txt,QuickSort,2,0.986000,0.00,0.00
randomArrays.txt,QuickSort,3,0.877400,0.00,0.00
randomArrays.txt,QuickSort,1,6.858900,56.95,0.00
randomArrays.txt,QuickSort,2,6.765400,0.00,0.00
randomArrays.txt,QuickSort,3,5.387600,0.00,0.00
randomArrays.txt,QuickSort,1,3.601600,0.00,0.00
randomArrays.txt,QuickSort,2,4.148700,94.16,0.00
randomArrays.txt,QuickSort,3,7.089700,0.00,0.00
randomArrays.txt,QuickSort,1,7.093000,55.07,0.00
randomArrays.txt,QuickSort,2,7.053100,0.00,0.00
randomArrays.txt,QuickSort,3,7.050000,55.41,0.00
randomArrays.txt,QuickSort,1,1.208700,323.18,0.00
randomArrays.txt,QuickSort,2,1.513100,0.00,0.00
randomArrays.txt,QuickSort,3,1.122800,0.00,0.00
randomArrays.txt,QuickSort,1,5.349600,0.00,0.00
randomArrays.txt,QuickSort,2,5.375400,72.67,0.00
randomArrays.txt,QuickSort,3,5.343600,0.00,0.00
randomArrays.txt,QuickSort,1,4.673400,83.58,0.00
randomArrays.txt,QuickSort,2,4.671900,0.00,0.00
randomArrays.txt,QuickSort,3,4.730600,0.00,0.00
randomArrays.txt,QuickSort,1,3.865300,0.00,0.00
randomArrays.txt,QuickSort,2,3.888100,0.00,0.00
randomArrays.txt,QuickSort,3,3.877200,0.00,0.00
randomArrays.txt,QuickSort,1,2.968500,0.00,0.00
randomArrays.txt,QuickSort,2,2.957700,0.00,0.00
randomArrays.txt,QuickSort,3,2.987400,0.00,0.00
randomArrays.txt,QuickSort,1,5.951200,65.64,0.00
randomArrays.txt,QuickSort,2,4.904100,0.00,0.00
randomArrays.txt,QuickSort,3,7.552200,51.72,0.00
randomArrays.txt,QuickSort,1,5.813400,0.00,0.00
randomArrays.txt,QuickSort,2,5.778100,0.00,0.00
randomArrays.txt,QuickSort,3,5.775400,67.64,0.00
randomArrays.txt,QuickSort,1,2.513200,0.00,0.00
randomArrays.txt,QuickSort,2,2.430500,0.00,0.00
randomArrays.txt,QuickSort,3,1.752200,0.00,0.00
randomArrays.txt,QuickSort,1,5.743000,68.02,0.00
randomArrays.txt,QuickSort,2,5.638000,0.00,0.00
randomArrays.txt,QuickSort,3,5.754200,67.89,0.00
randomArrays.txt,QuickSort,1,3.805800,0.00,0.00
randomArrays.txt,QuickSort,2,3.787100,0.00,0.00
randomArrays.txt,QuickSort,3,3.843700,101.63,0.00
randomArrays.txt,QuickSort,1,0.587700,0.00,0.00
randomArrays.txt,QuickSort,2,0.587000,0.00,0.00
randomArrays.txt,QuickSort,3,0.590000,0.00,0.00
randomArrays.txt,QuickSort,1,3.982300,0.00,0.00
randomArrays.txt,QuickSort,2,3.379700,0.00,0.00
randomArrays.txt,QuickSort,3,3.964200,0.00,0.00
randomArrays.txt,QuickSort,1,3.081700,0.00,0.00
randomArrays.txt,QuickSort,2,4.507800,0.00,0.00
randomArrays.txt,QuickSort,3,4.244000,92.04,0.00
randomArrays.txt,QuickSort,1,7.332000,53.28,0.00
randomArrays.txt,QuickSort,2,7.292300,0.00,0.00
randomArrays.txt,QuickSort,3,6.274400,0.00,0.00
randomArrays.txt,QuickSort,1,5.612700,69.60,0.00
randomArrays.txt,QuickSort,2,5.629800,0.00,0.00
randomArrays.txt,QuickSort,3,5.642400,69.23,0.00
randomArrays.txt,QuickSort,1,7.952800,49.12,0.00
randomArrays.txt,QuickSort,2,10.129100,0.00,0.00
randomArrays.txt,QuickSort,3,7.020300,55.64,0.00
randomArrays.txt,QuickSort,1,6.075800,0.00,0.00
randomArrays.txt,QuickSort,2,6.266900,62.33,0.00
randomArrays.txt,QuickSort,3,6.285600,0.00,0.00
randomArrays.txt,QuickSort,1,5.851800,0.00,0.00
randomArrays.txt,QuickSort,2,5.842500,0.00,0.00
randomArrays.txt,QuickSort,3,5.816600,67.16,0.00
randomArrays.txt,QuickSort,1,7.678800,50.87,0.00
randomArrays.txt,QuickSort,2,6.866200,0.00,0.00
randomArrays.txt,QuickSort,3,6.964200,56.09,0.00
randomArrays.txt,QuickSort,1,0.070600,0.00,0.00
randomArrays.txt,QuickSort,2,0.066000,0.00,0.00
randomArrays.txt,QuickSort,3,0.061500,0.00,0.00
randomArrays.txt,QuickSort,1,3.011000,0.00,0.00
randomArrays.txt,QuickSort,2,3.495900,0.00,0.00
randomArrays.txt,QuickSort,3,3.504600,0.00,0.00
randomArrays.txt,QuickSort,1,1.766000,0.00,0.00
randomArrays.txt,QuickSort,2,2.143400,0.00,0.00
randomArrays.txt,QuickSort,3,2.145500,0.00,0.00
randomArrays.txt,QuickSort,1,1.397600,0.00,0.00
randomArrays.txt,QuickSort,2,0.954400,0.00,0.00
randomArrays.txt,QuickSort,3,1.379700,0.00,0.00
randomArrays.txt,QuickSort,1,2.513100,155.44,0.00
randomArrays.txt,QuickSort,2,2.513000,0.00,0.00
randomArrays.txt,QuickSort,3,2.498800,0.00,0.00
randomArrays.txt,QuickSort,1,3.127800,0.00,0.00
randomArrays.txt,QuickSort,2,3.114700,125.41,0.00
randomArrays.txt,QuickSort,3,3.724700,0.00,0.00
randomArrays.txt,QuickSort,1,9.849900,39.66,0.00
randomArrays.txt,QuickSort,2,5.615500,69.56,0.00
randomArrays.txt,QuickSort,3,8.205400,0.00,0.00
randomArrays.txt,QuickSort,1,0.480200,0.00,0.00
randomArrays.txt,QuickSort,2,0.254200,0.00,0.00
randomArrays.txt,QuickSort,3,0.479500,814.65,0.00
randomArrays.txt,QuickSort,1,3.175500,0.00,0.00
randomArrays.txt,QuickSort,2,3.173800,0.00,0.00
randomArrays.txt,QuickSort,3,3.185400,0.00,0.00
randomArrays.txt,QuickSort,1,0.865000,0.00,0.00
randomArrays.txt,QuickSort,2,0.670700,0.00,0.00
randomArrays.txt,QuickSort,3,0.607300,0.00,0.00
randomArrays.txt,QuickSort,1,3.047200,0.00,0.00
randomArrays.txt,QuickSort,2,2.895400,134.91,0.00
randomArrays.txt,QuickSort,3,4.245500,0.00,0.00
randomArrays.txt,QuickSort,1,0.183500,0.00,0.00
randomArrays.txt,QuickSort,2,0.181000,0.00,0.00
randomArrays.txt,QuickSort,3,0.174100,0.00,0.00
randomArrays.txt,QuickSort,1,3.954200,0.00,0.00
randomArrays.txt,QuickSort,2,2.625200,148.80,0.00
randomArrays.txt,QuickSort,3,2.550500,0.00,0.00
randomArrays.txt,QuickSort,1,1.656500,0.00,0.00
randomArrays.txt,QuickSort,2,2.167800,0.00,0.00
randomArrays.txt,QuickSort,3,1.640700,0.00,0.00
randomArrays.txt,QuickSort,1,0.265300,0.00,0.00
randomArrays.txt,QuickSort,2,0.266700,0.00,0.00
randomArrays.txt,QuickSort,3,0.263400,0.00,0.00
randomArrays.txt,QuickSort,1,3.912800,99.83,0.00
randomArrays.txt,QuickSort,2,3.905600,0.00,0.00
randomArrays.txt,QuickSort,3,3.895900,0.00,0.00
randomArrays.txt,QuickSort,1,6.080900,0.00,0.00
randomArrays.txt,QuickSort,2,6.001300,65.09,0.00
randomArrays.txt,QuickSort,3,5.269300,0.00,0.00
randomArrays.txt,QuickSort,1,4.727000,0.00,0.00
randomArrays.txt,QuickSort,2,5.145700,75.91,0.00
randomArrays.txt,QuickSort,3,5.171300,0.00,0.00
randomArrays.txt,QuickSort,1,6.611400,59.08,0.00
randomArrays.txt,QuickSort,2,6.632700,0.00,0.00
randomArrays.txt,QuickSort,3,11.697000,0.00,0.00
randomArrays.txt,QuickSort,1,5.134100,0.00,0.00
randomArrays.txt,QuickSort,2,5.163900,75.65,0.00
randomArrays.txt,QuickSort,3,5.179400,0.00,0.00
randomArrays.txt,QuickSort,1,7.006200,55.75,0.00
randomArrays.txt,QuickSort,2,5.540700,0.00,0.00
randomArrays.txt,QuickSort,3,6.996000,55.84,0.00
randomArrays.txt,QuickSort,1,2.790900,0.00,0.00
randomArrays.txt,QuickSort,2,2.784800,0.00,0.00
randomArrays.txt,QuickSort,3,2.783900,0.00,0.00
randomArrays.txt,QuickSort,1,1.942300,0.00,0.00
randomArrays.txt,QuickSort,2,4.323300,0.00,0.00
randomArrays.txt,QuickSort,3,4.017400,97.23,0.00
randomArrays.txt,QuickSort,1,4.175800,93.54,0.00
randomArrays.txt,QuickSort,2,4.194500,0.00,0.00
randomArrays.txt,QuickSort,3,3.327800,0.00,0.00
randomArrays.txt,QuickSort,1,4.066800,0.00,0.00
randomArrays.txt,QuickSort,2,3.333900,0.00,0.00
randomArrays.txt,QuickSort,3,4.389600,88.99,0.00
randomArrays.txt,QuickSort,1,7.651700,0.00,0.00
randomArrays.txt,QuickSort,2,6.286600,62.14,0.00
randomArrays.txt,QuickSort,3,7.656900,0.00,0.00
randomArrays.txt,QuickSort,1,0.835000,0.00,0.00
randomArrays.txt,QuickSort,2,0.850200,0.00,0.00
randomArrays.txt,QuickSort,3,0.848700,0.00,0.00
randomArrays.txt,QuickSort,1,2.115400,0.00,0.00
randomArrays.txt,QuickSort,2,3.455400,113.05,0.00
randomArrays.txt,QuickSort,3,3.468000,0.00,0.00
randomArrays.txt,QuickSort,1,2.415700,0.00,0.00
randomArrays.txt,QuickSort,2,2.730300,0.00,0.00
randomArrays.txt,QuickSort,3,2.067400,0.00,0.00
randomArrays.txt,QuickSort,1,4.255500,0.00,0.00
randomArrays.txt,QuickSort,2,4.265100,91.59,0.00
randomArrays.txt,QuickSort,3,4.258400,0.00,0.00
randomArrays.txt,QuickSort,1,4.490500,0.00,0.00
randomArrays.txt,QuickSort,2,4.457200,87.64,0.00
randomArrays.txt,QuickSort,3,4.505800,0.00,0.00
randomArrays.txt,QuickSort,1,6.463300,0.00,0.00
randomArrays.txt,QuickSort,2,6.397300,61.06,0.00
randomArrays.txt,QuickSort,3,6.446300,0.00,0.00
randomArrays.txt,QuickSort,1,0.646700,0.00,0.00
randomArrays.txt,QuickSort,2,0.626100,0.00,0.00
randomArrays.txt,QuickSort,3,1.074200,0.00,0.00
randomArrays.txt,QuickSort,1,3.267300,0.00,0.00
randomArrays.txt,QuickSort,2,3.324700,117.49,0.00
randomArrays.txt,QuickSort,3,3.252100,0.00,0.00
randomArrays.txt,QuickSort,1,3.661000,106.70,0.00
randomArrays.txt,QuickSort,2,3.669000,0.00,0.00
randomArrays.txt,QuickSort,3,3.327700,0.00,0.00
randomArrays.txt,QuickSort,1,1.298100,0.00,0.00
randomArrays.txt,QuickSort,2,1.294500,0.00,0.00
randomArrays.txt,QuickSort,3,1.241100,0.00,0.00
randomArrays.txt,QuickSort,1,0.461800,0.00,0.00
randomArrays.txt,QuickSort,2,0.462400,0.00,0.00
randomArrays.txt,QuickSort,3,0.464200,0.00,0.00
randomArrays.txt,QuickSort,1,2.566400,152.21,0.00
randomArrays.txt,QuickSort,2,4.418000,0.00,0.00
randomArrays.txt,QuickSort,3,4.424700,0.00,0.00
randomArrays.txt,QuickSort,1,2.908000,0.00,0.00
randomArrays.txt,QuickSort,2,2.933200,0.00,0.00
randomArrays.txt,QuickSort,3,2.978100,131.17,0.00
randomArrays.txt,QuickSort,1,2.037300,0.00,0.00
randomArrays.txt,QuickSort,2,2.025700,0.00,0.00
randomArrays.txt,QuickSort,3,2.044600,0.00,0.00
randomArrays.txt,QuickSort,1,6.346400,61.55,0.00
randomArrays.txt,QuickSort,2,7.718700,0.00,0.00
randomArrays.txt,QuickSort,3,4.368500,89.42,0.00
randomArrays.txt,QuickSort,1,1.644500,0.00,0.00
randomArrays.txt,QuickSort,2,1.089300,0.00,0.00
randomArrays.txt,QuickSort,3,1.393300,0.00,0.00
randomArrays.txt,QuickSort,1,4.352900,0.00,0.00
randomArrays.txt,QuickSort,2,4.538700,0.00,0.00
randomArrays.txt,QuickSort,3,6.553000,59.61,0.00
randomArrays.txt,QuickSort,1,8.405200,46.47,0.00
randomArrays.txt,QuickSort,2,6.206200,0.00,0.00
randomArrays.txt,QuickSort,3,8.335400,46.86,0.00
randomArrays.txt,QuickSort,1,0.588300,0.00,0.00
randomArrays.txt,QuickSort,2,0.586800,0.00,0.00
randomArrays.txt,QuickSort,3,0.411100,0.00,0.00
randomArrays.txt,QuickSort,1,5.012400,0.00,0.00
randomArrays.txt,QuickSort,2,4.983000,78.39,0.00
randomArrays.txt,QuickSort,3,3.970300,0.00,0.00
randomArrays.txt,QuickSort,1,3.523100,110.88,0.00
randomArrays.txt,QuickSort,2,3.553300,0.00,0.00
randomArrays.txt,QuickSort,3,3.188900,0.00,0.00
randomArrays.txt,QuickSort,1,3.966000,0.00,0.00
randomArrays.txt,QuickSort,2,4.078800,0.00,0.00
randomArrays.txt,QuickSort,3,7.467700,52.31,0.00
randomArrays.txt,QuickSort,1,3.469500,112.59,0.00
randomArrays.txt,QuickSort,2,2.916100,0.00,0.00
randomArrays.txt,QuickSort,3,3.474500,0.00,0.00
randomArrays.txt,QuickSort,1,3.713100,0.00,0.00
randomArrays.txt,QuickSort,2,3.714000,105.18,0.00
randomArrays.txt,QuickSort,3,3.706100,0.00,0.00
randomArrays.txt,QuickSort,1,4.185000,0.00,0.00
randomArrays.txt,QuickSort,2,4.171100,93.65,0.00
randomArrays.txt,QuickSort,3,4.263000,0.00,0.00
randomArrays.txt,QuickSort,1,3.838500,0.00,0.00
randomArrays.txt,QuickSort,2,2.397600,0.00,0.00
randomArrays.txt,QuickSort,3,3.410700,114.53,0.00
randomArrays.txt,QuickSort,1,1.613700,0.00,0.00
randomArrays.txt,QuickSort,2,1.868700,0.00,0.00
randomArrays.txt,QuickSort,3,1.541800,0.00,0.00
randomArrays.txt,QuickSort,1,0.796900,0.00,0.00
randomArrays.txt,QuickSort,2,1.110500,351.76,0.00
randomArrays.txt,QuickSort,3,1.280500,0.00,0.00
randomArrays.txt,QuickSort,1,6.686700,0.00,0.00
randomArrays.txt,QuickSort,2,5.156600,75.75,0.00
randomArrays.txt,QuickSort,3,5.352500,0.00,0.00
randomArrays.txt,QuickSort,1,4.448800,0.00,0.00
randomArrays.txt,QuickSort,2,7.338700,53.23,0.00
randomArrays.txt,QuickSort,3,7.355200,0.00,0.00
randomArrays.txt,QuickSort,1,3.700300,0.00,0.00
randomArrays.txt,QuickSort,2,7.632400,51.18,0.00
randomArrays.txt,QuickSort,3,8.685800,0.00,0.00
randomArrays.txt,QuickSort,1,5.893900,0.00,0.00
randomArrays.txt,QuickSort,2,7.606400,0.00,0.00
randomArrays.txt,QuickSort,3,28.171200,0.00,0.00
randomArrays.txt,QuickSort,1,6.998700,0.00,0.00
randomArrays.txt,QuickSort,2,6.943300,56.26,0.00
randomArrays.txt,QuickSort,3,6.651200,0.00,0.00
randomArrays.txt,QuickSort,1,0.032300,0.00,0.00
randomArrays.txt,QuickSort,2,0.079200,0.00,0.00
randomArrays.txt,QuickSort,3,0.074100,0.00,0.00
randomArrays.txt,QuickSort,1,1.092600,0.00,0.00
randomArrays.txt,QuickSort,2,0.407300,0.00,0.00
randomArrays.txt,QuickSort,3,1.251300,0.00,0.00
randomArrays.txt,QuickSort,1,3.808000,0.00,0.00
randomArrays.txt,QuickSort,2,6.284100,0.00,0.00
randomArrays.txt,QuickSort,3,6.311800,61.89,0.00
randomArrays.txt,QuickSort,1,3.680000,0.00,0.00
randomArrays.txt,QuickSort,2,5.138400,0.00,0.00
randomArrays.txt,QuickSort,3,5.167700,75.59,0.00
randomArrays.txt,QuickSort,1,4.327800,90.26,0.00
randomArrays.txt,QuickSort,2,4.325600,0.00,0.00
randomArrays.txt,QuickSort,3,4.389000,0.00,0.00
randomArrays.txt,QuickSort,1,3.997500,0.00,0.00
randomArrays.txt,QuickSort,2,8.794400,44.42,0.00
randomArrays.txt,QuickSort,3,6.698900,0.00,0.00
randomArrays.txt,QuickSort,1,10.268500,0.00,0.00
randomArrays.txt,QuickSort,2,7.609100,51.34,0.00
randomArrays.txt,QuickSort,3,5.584900,0.00,0.00
randomArrays.txt,QuickSort,1,1.963600,198.93,0.00
randomArrays.txt,QuickSort,2,1.768900,0.00,0.00
randomArrays.txt,QuickSort,3,1.827700,0.00,0.00
randomArrays.txt,QuickSort,1,3.808900,0.00,0.00
randomArrays.txt,QuickSort,2,2.760700,0.00,0.00
randomArrays.txt,QuickSort,3,3.782200,0.00,0.00
randomArrays.txt,QuickSort,1,6.490000,0.00,0.00
randomArrays.txt,QuickSort,2,6.490000,60.19,0.00
randomArrays.txt,QuickSort,3,6.499600,0.00,0.00
randomArrays.txt,QuickSort,1,1.057800,0.00,0.00
randomArrays.txt,QuickSort,2,1.042800,0.00,0.00
randomArrays.txt,QuickSort,3,0.979500,0.00,0.00
randomArrays.txt,QuickSort,1,6.061800,0.00,0.00
randomArrays.txt,QuickSort,2,6.175200,63.26,0.00
randomArrays.txt,QuickSort,3,5.232800,0.00,0.00
randomArrays.txt,QuickSort,1,3.939200,0.00,0.00
randomArrays.txt,QuickSort,2,7.884100,49.55,0.00
randomArrays.txt,QuickSort,3,7.313800,0.00,0.00
randomArrays.txt,QuickSort,1,2.915100,0.00,0.00
randomArrays.txt,QuickSort,2,3.897700,100.22,0.00
randomArrays.txt,QuickSort,3,3.882200,0.00,0.00
randomArrays.txt,QuickSort,1,1.191800,0.00,0.00
randomArrays.txt,QuickSort,2,0.914200,0.00,0.00
randomArrays.txt,QuickSort,3,1.352800,0.00,0.00
randomArrays.txt,QuickSort,1,5.979200,0.00,0.00
randomArrays.txt,QuickSort,2,5.973000,0.00,0.00
randomArrays.txt,QuickSort,3,3.323400,117.54,0.00
randomArrays.txt,QuickSort,1,0.998300,0.00,0.00
randomArrays.txt,QuickSort,2,1.183000,0.00,0.00
randomArrays.txt,QuickSort,3,1.092700,0.00,0.00
randomArrays.txt,QuickSort,1,3.858500,101.24,0.00
randomArrays.txt,QuickSort,2,3.830700,0.00,0.00
randomArrays.txt,QuickSort,3,3.836100,0.00,0.00
randomArrays.txt,QuickSort,1,2.548800,153.26,0.00
randomArrays.txt,QuickSort,2,2.503900,0.00,0.00
randomArrays.txt,QuickSort,3,2.511400,0.00,0.00
randomArrays.txt,QuickSort,1,3.535900,110.47,0.00
randomArrays.txt,QuickSort,2,3.322900,0.00,0.00
randomArrays.txt,QuickSort,3,3.307700,0.00,0.00
randomArrays.txt,QuickSort,1,5.378000,0.00,0.00
randomArrays.txt,QuickSort,2,5.346000,0.00,0.00
randomArrays.txt,QuickSort,3,5.078600,0.00,0.00
randomArrays.txt,QuickSort,1,5.032900,0.00,0.00
randomArrays.txt,QuickSort,2,5.049300,0.00,0.00
randomArrays.txt,QuickSort,3,5.045600,77.42,0.00
randomArrays.txt,QuickSort,1,6.295400,0.00,0.00
randomArrays.txt,QuickSort,2,6.268700,62.31,0.00
randomArrays.txt,QuickSort,3,6.293400,0.00,0.00
randomArrays.txt,QuickSort,1,6.564800,59.50,0.00
randomArrays.txt,QuickSort,2,5.848000,0.00,0.00
randomArrays.txt,QuickSort,3,5.655700,69.07,0.00
randomArrays.txt,QuickSort,1,2.837800,137.65,0.00
randomArrays.txt,QuickSort,2,2.816600,0.00,0.00
randomArrays.txt,QuickSort,3,2.820300,0.00,0.00
randomArrays.txt,QuickSort,1,4.369600,0.00,0.00
randomArrays.txt,QuickSort,2,4.368900,89.41,0.00
randomArrays.txt,QuickSort,3,4.117600,0.00,0.00
randomArrays.txt,QuickSort,1,7.094600,0.00,0.00
randomArrays.txt,QuickSort,2,7.089000,55.10,0.00
randomArrays.txt,QuickSort,3,7.036400,0.00,0.00
randomArrays.txt,QuickSort,1,1.488200,262.48,0.00
randomArrays.txt,QuickSort,2,1.513000,0.00,0.00
randomArrays.txt,QuickSort,3,1.493000,0.00,0.00
randomArrays.txt,QuickSort,1,2.727000,0.00,0.00
randomArrays.txt,QuickSort,2,4.930800,0.00,0.00
randomArrays.txt,QuickSort,3,4.913900,79.49,0.00
randomArrays.txt,QuickSort,1,5.075500,0.00,0.00
randomArrays.txt,QuickSort,2,5.033600,77.60,0.00
randomArrays.txt,QuickSort,3,5.044900,0.00,0.00
randomArrays.txt,QuickSort,1,0.337600,0.00,0.00
randomArrays.txt,QuickSort,2,0.337500,0.00,0.00
randomArrays.txt,QuickSort,3,0.336400,0.00,0.00
randomArrays.txt,QuickSort,1,3.426400,0.00,0.00
randomArrays.txt,QuickSort,2,3.419500,0.00,0.00
randomArrays.txt,QuickSort,3,2.449700,0.00,0.00
randomArrays.txt,QuickSort,1,2.942100,0.00,0.00
randomArrays.txt,QuickSort,2,4.904100,0.00,0.00
randomArrays.txt,QuickSort,3,4.869500,80.22,0.00
randomArrays.txt,QuickSort,1,1.204100,0.00,0.00
randomArrays.txt,QuickSort,2,1.256200,0.00,0.00
randomArrays.txt,QuickSort,3,1.198500,0.00,0.00
randomArrays.txt,QuickSort,1,3.062800,0.00,0.00
randomArrays.txt,QuickSort,2,3.077100,0.00,0.00
randomArrays.txt,QuickSort,3,3.049600,0.00,0.00
randomArrays.txt,QuickSort,1,6.853600,0.00,0.00
randomArrays.txt,QuickSort,2,5.658100,0.00,0.00
randomArrays.txt,QuickSort,3,6.833100,57.17,0.00
randomArrays.txt,QuickSort,1,1.788800,0.00,0.00
randomArrays.txt,QuickSort,2,1.799400,0.00,0.00
randomArrays.txt,QuickSort,3,1.799800,0.00,0.00
randomArrays.txt,QuickSort,1,1.783500,0.00,0.00
randomArrays.txt,QuickSort,2,1.794600,0.00,0.00
randomArrays.txt,QuickSort,3,1.793100,0.00,0.00
randomArrays.txt,QuickSort,1,1.475100,0.00,0.00
randomArrays.txt,QuickSort,2,1.472900,0.00,0.00
randomArrays.txt,QuickSort,3,1.474800,0.00,0.00
randomArrays.txt,QuickSort,1,4.586900,85.16,0.00
randomArrays.txt,QuickSort,2,4.633800,0.00,0.00
randomArrays.txt,QuickSort,3,4.616200,0.00,0.00
randomArrays.txt,QuickSort,1,0.298900,0.00,0.00
randomArrays.txt,QuickSort,2,0.292600,0.00,0.00
randomArrays.txt,QuickSort,3,0.289600,0.00,0.00
randomArrays.txt,QuickSort,1,4.313400,90.56,0.00
randomArrays.txt,QuickSort,2,4.347900,0.00,0.00
randomArrays.txt,QuickSort,3,3.016400,0.00,0.00
randomArrays.txt,QuickSort,1,10.309400,37.89,0.00
randomArrays.txt,QuickSort,2,4.703200,0.00,0.00
randomArrays.txt,QuickSort,3,4.176300,93.53,0.00
randomArrays.txt,QuickSort,1,6.060000,0.00,0.00
randomArrays.txt,QuickSort,2,6.061000,64.45,0.00
randomArrays.txt,QuickSort,3,6.057000,0.00,0.00
randomArrays.txt,QuickSort,1,5.964200,0.00,0.00
randomArrays.txt,QuickSort,2,5.950000,65.65,0.00
randomArrays.txt,QuickSort,3,4.469800,0.00,0.00
randomArrays.txt,QuickSort,1,5.901800,0.00,0.00
randomArrays.txt,QuickSort,2,6.165800,63.35,0.00
randomArrays.txt,QuickSort,3,4.778500,0.00,0.00
randomArrays.txt,QuickSort,1,4.156100,93.99,0.00
randomArrays.txt,QuickSort,2,5.611600,0.00,0.00
randomArrays.txt,QuickSort,3,5.503600,70.98,0.00
randomArrays.txt,QuickSort,1,1.417200,0.00,0.00
randomArrays.txt,QuickSort,2,1.399500,0.00,0.00
randomArrays.txt,QuickSort,3,1.403800,0.00,0.00
randomArrays.txt,QuickSort,1,2.351500,0.00,0.00
randomArrays.txt,QuickSort,2,2.350800,0.00,0.00
randomArrays.txt,QuickSort,3,2.361200,0.00,0.00
randomArrays.txt,QuickSort,1,6.763200,0.00,0.00
randomArrays.txt,QuickSort,2,5.318600,0.00,0.00
randomArrays.txt,QuickSort,3,6.752600,57.85,0.00
randomArrays.txt,QuickSort,1,7.376200,0.00,0.00
randomArrays.txt,QuickSort,2,6.098800,64.05,0.00
randomArrays.txt,QuickSort,3,10.659400,0.00,0.00
randomArrays.txt,QuickSort,1,4.319200,0.00,0.00
randomArrays.txt,QuickSort,2,4.438900,0.00,0.00
randomArrays.txt,QuickSort,3,4.382900,89.12,0.00
randomArrays.txt,QuickSort,1,3.131300,124.75,0.00
randomArrays.txt,QuickSort,2,3.175900,0.00,0.00
randomArrays.txt,QuickSort,3,3.146300,0.00,0.00
randomArrays.txt,QuickSort,1,1.408100,0.00,0.00
randomArrays.txt,QuickSort,2,1.096000,0.00,0.00
randomArrays.txt,QuickSort,3,1.097900,0.00,0.00
randomArrays.txt,QuickSort,1,7.037600,0.00,0.00
randomArrays.txt,QuickSort,2,7.670500,50.93,0.00
randomArrays.txt,QuickSort,3,7.215100,54.14,0.00
randomArrays.txt,QuickSort,1,3.683700,106.04,0.00
randomArrays.txt,QuickSort,2,5.097500,0.00,0.00
randomArrays.txt,QuickSort,3,5.093500,0.00,0.00
randomArrays.txt,QuickSort,1,0.055100,0.00,0.00
randomArrays.txt,QuickSort,2,0.085600,0.00,0.00
randomArrays.txt,QuickSort,3,0.061000,0.00,0.00
randomArrays.txt,QuickSort,1,3.592700,0.00,0.00
randomArrays.txt,QuickSort,2,3.589000,0.00,0.00
randomArrays.txt,QuickSort,3,3.583200,0.00,0.00
randomArrays.txt,QuickSort,1,1.674400,233.29,0.00
randomArrays.txt,QuickSort,2,1.674200,0.00,0.00
randomArrays.txt,QuickSort,3,1.680800,0.00,0.00
randomArrays.txt,QuickSort,1,1.692400,0.00,0.00
randomArrays.txt,QuickSort,2,1.682700,0.00,0.00
randomArrays.txt,QuickSort,3,1.681500,0.00,0.00
randomArrays.txt,QuickSort,1,1.550900,0.00,0.00
randomArrays.txt,QuickSort,2,1.674000,0.00,0.00
randomArrays.txt,QuickSort,3,1.672200,0.00,0.00
randomArrays.txt,QuickSort,1,2.335900,0.00,0.00
randomArrays.txt,QuickSort,2,2.187600,0.00,0.00
randomArrays.txt,QuickSort,3,1.675400,0.00,0.00
randomArrays.txt,QuickSort,1,1.640300,0.00,0.00
randomArrays.txt,QuickSort,2,1.707400,0.00,0.00
randomArrays.txt,QuickSort,3,1.611500,242.40,0.00
randomArrays.txt,QuickSort,1,1.173000,0.00,0.00
randomArrays.txt,QuickSort,2,1.259700,0.00,0.00
randomArrays.txt,QuickSort,3,1.305600,299.19,0.00
randomArrays.txt,QuickSort,1,4.215000,0.00,0.00
randomArrays.txt,QuickSort,2,7.843900,49.80,0.00
randomArrays.txt,QuickSort,3,12.434000,0.00,0.00
randomArrays.txt,QuickSort,1,6.293400,62.07,0.00
randomArrays.txt,QuickSort,2,4.611300,0.00,0.00
randomArrays.txt,QuickSort,3,6.180500,0.00,0.00
randomArrays.txt,QuickSort,1,2.504800,0.00,0.00
randomArrays.txt,QuickSort,2,2.370600,164.78,0.00
randomArrays.txt,QuickSort,3,2.332400,0.00,0.00
randomArrays.txt,QuickSort,1,3.997500,0.00,0.00
randomArrays.txt,QuickSort,2,3.997500,0.00,0.00
randomArrays.txt,QuickSort,3,4.024900,97.05,0.00
randomArrays.txt,QuickSort,1,7.955000,49.10,0.00
randomArrays.txt,QuickSort,2,6.397000,0.00,0.00
randomArrays.txt,QuickSort,3,7.934100,49.23,0.00
randomArrays.txt,QuickSort,1,2.265300,0.00,0.00
randomArrays.txt,QuickSort,2,2.276200,0.00,0.00
randomArrays.txt,QuickSort,3,2.260000,0.00,0.00
randomArrays.txt,QuickSort,1,4.264500,91.60,0.00
randomArrays.txt,QuickSort,2,3.295700,0.00,0.00
randomArrays.txt,QuickSort,3,3.251400,0.00,0.00
randomArrays.txt,QuickSort,1,7.474700,52.26,0.00
randomArrays.txt,QuickSort,2,5.430900,0.00,0.00
randomArrays.txt,QuickSort,3,7.469800,0.00,0.00
randomArrays.txt,QuickSort,1,3.119200,125.23,0.00
randomArrays.txt,QuickSort,2,3.123700,0.00,0.00
randomArrays.txt,QuickSort,3,3.297600,0.00,0.00
randomArrays.txt,QuickSort,1,5.757800,0.00,0.00
randomArrays.txt,QuickSort,2,3.243500,0.00,0.00
randomArrays.txt,QuickSort,3,5.720500,68.29,0.00
randomArrays.txt,QuickSort,1,0.599900,0.00,0.00
randomArrays.txt,QuickSort,2,0.559000,698.79,0.00
randomArrays.txt,QuickSort,3,0.389900,0.00,0.00
randomArrays.txt,QuickSort,1,6.048600,64.58,0.00
randomArrays.txt,QuickSort,2,3.138100,0.00,0.00
randomArrays.txt,QuickSort,3,6.057600,0.00,0.00
randomArrays.txt,QuickSort,1,4.357900,89.64,0.00
randomArrays.txt,QuickSort,2,4.356300,0.00,0.00
randomArrays.txt,QuickSort,3,4.340900,0.00,0.00
randomArrays.txt,QuickSort,1,6.267100,62.33,0.00
randomArrays.txt,QuickSort,2,6.046400,0.00,0.00
randomArrays.txt,QuickSort,3,6.060100,0.00,0.00
randomArrays.txt,QuickSort,1,4.904600,79.64,0.00
randomArrays.txt,QuickSort,2,3.233100,0.00,0.00
randomArrays.txt,QuickSort,3,3.231600,0.00,0.00
randomArrays.txt,QuickSort,1,0.733200,0.00,0.00
randomArrays.txt,QuickSort,2,1.916400,0.00,0.00
randomArrays.txt,QuickSort,3,1.022800,0.00,0.00
randomArrays.txt,QuickSort,1,8.734100,44.72,0.00
randomArrays.txt,QuickSort,2,7.782000,50.20,0.00
randomArrays.txt,QuickSort,3,7.698200,0.00,0.00
randomArrays.txt,QuickSort,1,1.692700,0.00,0.00
randomArrays.txt,QuickSort,2,1.610200,242.59,0.00
randomArrays.txt,QuickSort,3,1.696900,0.00,0.00
randomArrays.txt,QuickSort,1,3.292600,118.64,0.00
randomArrays.txt,QuickSort,2,3.247700,0.00,0.00
randomArrays.txt,QuickSort,3,3.198100,0.00,0.00
randomArrays.txt,QuickSort,1,3.855400,0.00,0.00
randomArrays.txt,QuickSort,2,3.856000,0.00,0.00
randomArrays.txt,QuickSort,3,3.887800,100.47,0.00
randomArrays.txt,QuickSort,1,1.507300,0.00,0.00
randomArrays.txt,QuickSort,2,1.197800,0.00,0.00
randomArrays.txt,QuickSort,3,0.373400,0.00,0.00
randomArrays.txt,QuickSort,1,8.551100,45.68,0.00
randomArrays.txt,QuickSort,2,8.319400,0.00,0.00
randomArrays.txt,QuickSort,3,8.429700,46.34,0.00
randomArrays.txt,QuickSort,1,1.199800,0.00,0.00
randomArrays.txt,QuickSort,2,1.263900,309.06,0.00
randomArrays.txt,QuickSort,3,1.193400,0.00,0.00
randomArrays.txt,QuickSort,1,1.579000,0.00,0.00
randomArrays.txt,QuickSort,2,1.541300,0.00,0.00
randomArrays.txt,QuickSort,3,1.546100,0.00,0.00
randomArrays.txt,QuickSort,1,3.360100,116.25,0.00
randomArrays.txt,QuickSort,2,3.353000,0.00,0.00
randomArrays.txt,QuickSort,3,3.417200,0.00,0.00
randomArrays.txt,QuickSort,1,1.327900,0.00,0.00
randomArrays.txt,QuickSort,2,1.084500,0.00,0.00
randomArrays.txt,QuickSort,3,1.331200,0.00,0.00
randomArrays.txt,QuickSort,1,0.164200,0.00,0.00
randomArrays.txt,QuickSort,2,0.176900,0.00,0.00
randomArrays.txt,QuickSort,3,0.170300,0.00,0.00
randomArrays.txt,QuickSort,1,0.904700,0.00,0.00
randomArrays.txt,QuickSort,2,1.041900,0.00,0.00
randomArrays.txt,QuickSort,3,0.910500,0.00,0.00
randomArrays.txt,QuickSort,1,6.474100,0.00,0.00
randomArrays.txt,QuickSort,2,6.618500,59.02,0.00
randomArrays.txt,QuickSort,3,6.472000,0.00,0.00
randomArrays.txt,QuickSort,1,6.456500,0.00,0.00
randomArrays.txt,QuickSort,2,4.546700,85.91,0.00
randomArrays.txt,QuickSort,3,5.683900,0.00,0.00
randomArrays.txt,QuickSort,1,0.314400,0.00,0.00
randomArrays.txt,QuickSort,2,0.315500,0.00,0.00
randomArrays.txt,QuickSort,3,0.316600,0.00,0.00
randomArrays.txt,QuickSort,1,0.053000,0.00,0.00
randomArrays.txt,QuickSort,2,0.053400,0.00,0.00
randomArrays.txt,QuickSort,3,0.034800,0.00,0.00
randomArrays.txt,QuickSort,1,2.181600,0.00,0.00
randomArrays.txt,QuickSort,2,4.390800,0.00,0.00
randomArrays.txt,QuickSort,3,2.917100,0.00,0.00
randomArrays.txt,QuickSort,1,1.327900,0.00,0.00
randomArrays.txt,QuickSort,2,1.354200,0.00,0.00
randomArrays.txt,QuickSort,3,3.293700,0.00,0.00
randomArrays.txt,QuickSort,1,9.701200,0.00,0.00
randomArrays.txt,QuickSort,2,9.387900,41.61,0.00
randomArrays.txt,QuickSort,3,12.779900,30.57,0.00
randomArrays.txt,QuickSort,1,0.324700,0.00,0.00
randomArrays.txt,QuickSort,2,0.221500,0.00,0.00
randomArrays.txt,QuickSort,3,0.325800,0.00,0.00
randomArrays.txt,QuickSort,1,5.863000,0.00,0.00
randomArrays.txt,QuickSort,2,5.925400,65.92,0.00
randomArrays.txt,QuickSort,3,5.886000,0.00,0.00
randomArrays.txt,QuickSort,1,5.633600,0.00,0.00
randomArrays.txt,QuickSort,2,5.665700,0.00,0.00
randomArrays.txt,QuickSort,3,5.225800,0.00,0.00
randomArrays.txt,QuickSort,1,1.134400,0.00,0.00
randomArrays.txt,QuickSort,2,0.919500,0.00,0.00
randomArrays.txt,QuickSort,3,1.121500,0.00,0.00
randomArrays.txt,QuickSort,1,4.775500,0.00,0.00
randomArrays.txt,QuickSort,2,5.678800,0.00,0.00
randomArrays.txt,QuickSort,3,4.320700,90.41,0.00
randomArrays.txt,QuickSort,1,7.910200,0.00,0.00
randomArrays.txt,QuickSort,2,7.998100,48.84,0.00
randomArrays.txt,QuickSort,3,5.392100,0.00,0.00
randomArrays.txt,QuickSort,1,0.677600,0.00,0.00
randomArrays.txt,QuickSort,2,0.785100,0.00,0.00
randomArrays.txt,QuickSort,3,1.205300,0.00,0.00
randomArrays.txt,QuickSort,1,0.176300,0.00,0.00
randomArrays.txt,QuickSort,2,0.141600,0.00,0.00
randomArrays.txt,QuickSort,3,0.149700,0.00,0.00
randomArrays.txt,QuickSort,1,6.963700,56.09,0.00
randomArrays.txt,QuickSort,2,8.104600,0.00,0.00
randomArrays.txt,QuickSort,3,8.208900,47.59,0.00
randomArrays.txt,QuickSort,1,2.213000,0.00,0.00
randomArrays.txt,QuickSort,2,2.170400,0.00,0.00
randomArrays.txt,QuickSort,3,2.201200,177.46,0.00
randomArrays.txt,QuickSort,1,1.210300,0.00,0.00
randomArrays.txt,QuickSort,2,1.587800,0.00,0.00
randomArrays.txt,QuickSort,3,1.236400,0.00,0.00
randomArrays.txt,QuickSort,1,1.296200,0.00,0.00
randomArrays.txt,QuickSort,2,1.293500,0.00,0.00
randomArrays.txt,QuickSort,3,1.309200,0.00,0.00
randomArrays.txt,QuickSort,1,7.952700,0.00,0.00
randomArrays.txt,QuickSort,2,9.360100,41.73,0.00
randomArrays.txt,QuickSort,3,6.232900,62.67,0.00
randomArrays.txt,QuickSort,1,1.206100,0.00,0.00
randomArrays.txt,QuickSort,2,2.115200,0.00,0.00
randomArrays.txt,QuickSort,3,1.903400,0.00,0.00
randomArrays.txt,QuickSort,1,2.932100,0.00,0.00
randomArrays.txt,QuickSort,2,2.424500,0.00,0.00
randomArrays.txt,QuickSort,3,2.316100,168.66,0.00
randomArrays.txt,QuickSort,1,1.208200,0.00,0.00
randomArrays.txt,QuickSort,2,1.478100,0.00,0.00
randomArrays.txt,QuickSort,3,1.384000,0.00,0.00
randomArrays.txt,QuickSort,1,8.427800,46.35,0.00
randomArrays.txt,QuickSort,2,8.836300,0.00,0.00
randomArrays.txt,QuickSort,3,7.652300,0.00,0.00
randomArrays.txt,QuickSort,1,5.837800,0.00,0.00
randomArrays.txt,QuickSort,2,7.542300,51.79,0.00
randomArrays.txt,QuickSort,3,7.607000,0.00,0.00
randomArrays.txt,QuickSort,1,1.332800,0.00,0.00
randomArrays.txt,QuickSort,2,1.299600,0.00,0.00
randomArrays.txt,QuickSort,3,1.928200,0.00,0.00
randomArrays.txt,QuickSort,1,6.303400,0.00,0.00
randomArrays.txt,QuickSort,2,3.488300,111.98,0.00
randomArrays.txt,QuickSort,3,6.299900,0.00,0.00
randomArrays.txt,QuickSort,1,1.417300,0.00,0.00
randomArrays.txt,QuickSort,2,2.505300,0.00,0.00
randomArrays.txt,QuickSort,3,2.517000,0.00,0.00
randomArrays.txt,QuickSort,1,8.280400,0.00,0.00
randomArrays.txt,QuickSort,2,6.684500,58.44,0.00
randomArrays.txt,QuickSort,3,8.693500,0.00,0.00
randomArrays.txt,QuickSort,1,1.509200,0.00,0.00
randomArrays.txt,QuickSort,2,1.255700,0.00,0.00
randomArrays.txt,QuickSort,3,1.444100,0.00,0.00
randomArrays.txt,QuickSort,1,3.751600,0.00,0.00
randomArrays.txt,QuickSort,2,3.745000,0.00,0.00
randomArrays.txt,QuickSort,3,4.751900,0.00,0.00
randomArrays.txt,QuickSort,1,4.033900,0.00,0.00
randomArrays.txt,QuickSort,2,4.039300,0.00,0.00
randomArrays.txt,QuickSort,3,4.107500,0.00,0.00
randomArrays.txt,QuickSort,1,1.242800,0.00,0.00
randomArrays.txt,QuickSort,2,1.514900,0.00,0.00
randomArrays.txt,QuickSort,3,1.208800,0.00,0.00
randomArrays.txt,QuickSort,1,6.032600,0.00,0.00
randomArrays.txt,QuickSort,2,5.594200,69.83,0.00
randomArrays.txt,QuickSort,3,6.055800,0.00,0.00
randomArrays.txt,QuickSort,1,5.267300,0.00,0.00
randomArrays.txt,QuickSort,2,5.296800,0.00,0.00
randomArrays.txt,QuickSort,3,3.502300,111.53,0.00
randomArrays.txt,QuickSort,1,1.278800,0.00,0.00
randomArrays.txt,QuickSort,2,1.300300,0.00,0.00
randomArrays.txt,QuickSort,3,1.287500,0.00,0.00
randomArrays.txt,QuickSort,1,3.430700,0.00,0.00
randomArrays.txt,QuickSort,2,2.270300,172.06,0.00
randomArrays.txt,QuickSort,3,3.420300,0.00,0.00
randomArrays.txt,QuickSort,1,1.091900,0.00,0.00
randomArrays.txt,QuickSort,2,1.293000,0.00,0.00
randomArrays.txt,QuickSort,3,1.167600,0.00,0.00
randomArrays.txt,QuickSort,1,6.969000,56.05,0.00
randomArrays.txt,QuickSort,2,7.086200,0.00,0.00
randomArrays.txt,QuickSort,3,6.890100,56.69,0.00
randomArrays.txt,QuickSort,1,0.614900,0.00,0.00
randomArrays.txt,QuickSort,2,0.607400,0.00,0.00
randomArrays.txt,QuickSort,3,1.019400,0.00,0.00
randomArrays.txt,QuickSort,1,1.492900,0.00,0.00
randomArrays.txt,QuickSort,2,0.989500,0.00,0.00
randomArrays.txt,QuickSort,3,0.967700,0.00,0.00
randomArrays.txt,QuickSort,1,6.503400,0.00,0.00
randomArrays.txt,QuickSort,2,6.416900,60.87,0.00
randomArrays.txt,QuickSort,3,6.528700,0.00,0.00
randomArrays.txt,QuickSort,1,3.871100,0.00,0.00
randomArrays.txt,QuickSort,2,3.291400,0.00,0.00
randomArrays.txt,QuickSort,3,3.863700,101.10,0.00
randomArrays.txt,QuickSort,1,1.313300,297.44,0.00
randomArrays.txt,QuickSort,2,1.722800,0.00,0.00
randomArrays.txt,QuickSort,3,1.012100,0.00,0.00
randomArrays.txt,QuickSort,1,5.140700,75.99,0.00
randomArrays.txt,QuickSort,2,6.055300,0.00,0.00
randomArrays.txt,QuickSort,3,6.098900,64.05,0.00
randomArrays.txt,QuickSort,1,6.833600,0.00,0.00
randomArrays.txt,QuickSort,2,4.624900,0.00,0.00
randomArrays.txt,QuickSort,3,6.881600,56.76,0.00
randomArrays.txt,QuickSort,1,0.958700,0.00,0.00
randomArrays.txt,QuickSort,2,0.955700,0.00,0.00
randomArrays.txt,QuickSort,3,0.951900,0.00,0.00
randomArrays.txt,QuickSort,1,0.184500,0.00,0.00
randomArrays.txt,QuickSort,2,0.190500,0.00,0.00
randomArrays.txt,QuickSort,3,0.197700,0.00,0.00
randomArrays.txt,QuickSort,1,2.912700,0.00,0.00
randomArrays.txt,QuickSort,2,2.914900,0.00,0.00
randomArrays.txt,QuickSort,3,2.899800,0.00,0.00
randomArrays.txt,QuickSort,1,3.561300,0.00,0.00
randomArrays.txt,QuickSort,2,3.929200,99.42,0.00
randomArrays.txt,QuickSort,3,5.374400,0.00,0.00
randomArrays.txt,QuickSort,1,6.428200,60.77,0.00
randomArrays.txt,QuickSort,2,7.497400,0.00,0.00
randomArrays.txt,QuickSort,3,3.898000,0.00,0.00
randomArrays.txt,QuickSort,1,2.536700,0.00,0.00
randomArrays.txt,QuickSort,2,5.426800,71.98,0.00
randomArrays.txt,QuickSort,3,2.416700,0.00,0.00
randomArrays.txt,QuickSort,1,4.279100,0.00,0.00
randomArrays.txt,QuickSort,2,3.194200,122.29,0.00
randomArrays.txt,QuickSort,3,3.173600,0.00,0.00
randomArrays.txt,QuickSort,1,0.532200,0.00,0.00
randomArrays.txt,QuickSort,2,1.084900,0.00,0.00
randomArrays.txt,QuickSort,3,0.792300,0.00,0.00
randomArrays.txt,QuickSort,1,6.316100,61.85,0.00
randomArrays.txt,QuickSort,2,7.921500,49.31,0.00
randomArrays.txt,QuickSort,3,4.446200,0.00,0.00
randomArrays.txt,QuickSort,1,7.749300,0.00,0.00
randomArrays.txt,QuickSort,2,9.229900,42.32,0.00
randomArrays.txt,QuickSort,3,5.148400,0.00,0.00
randomArrays.txt,QuickSort,1,5.458500,0.00,0.00
randomArrays.txt,QuickSort,2,5.387700,72.50,0.00
randomArrays.txt,QuickSort,3,5.431000,0.00,0.00
randomArrays.txt,QuickSort,1,6.016600,0.00,0.00
randomArrays.txt,QuickSort,2,6.030700,64.77,0.00
randomArrays.txt,QuickSort,3,5.999300,0.00,0.00
randomArrays.txt,QuickSort,1,4.626300,0.00,0.00
randomArrays.txt,QuickSort,2,4.953100,78.86,0.00
randomArrays.txt,QuickSort,3,4.991700,0.00,0.00
randomArrays.txt,QuickSort,1,6.625400,58.96,0.00
randomArrays.txt,QuickSort,2,5.561800,0.00,0.00
randomArrays.txt,QuickSort,3,6.617200,0.00,0.00
randomArrays.txt,QuickSort,1,5.307100,73.60,0.00
randomArrays.txt,QuickSort,2,4.139900,0.00,0.00
randomArrays.txt,QuickSort,3,5.274700,74.06,0.00
randomArrays.txt,QuickSort,1,1.202200,0.00,0.00
randomArrays.txt,QuickSort,2,0.996700,0.00,0.00
randomArrays.txt,QuickSort,3,1.453200,0.00,0.00
randomArrays.txt,QuickSort,1,3.646800,107.11,0.00
randomArrays.txt,QuickSort,2,3.624400,0.00,0.00
randomArrays.txt,QuickSort,3,3.627200,0.00,0.00
randomArrays.txt,QuickSort,1,5.161900,0.00,0.00
randomArrays.txt,QuickSort,2,2.631000,0.00,0.00
randomArrays.txt,QuickSort,3,2.607000,0.00,0.00
randomArrays.txt,QuickSort,1,5.426800,0.00,0.00
randomArrays.txt,QuickSort,2,5.404400,72.28,0.00
randomArrays.txt,QuickSort,3,3.058000,0.00,0.00
randomArrays.txt,QuickSort,1,3.592800,108.72,0.00
randomArrays.txt,QuickSort,2,7.543400,0.00,0.00
randomArrays.txt,QuickSort,3,9.814900,39.80,0.00
randomArrays.txt,QuickSort,1,8.172100,0.00,0.00
randomArrays.txt,QuickSort,2,7.964300,49.05,0.00
randomArrays.txt,QuickSort,3,6.986900,0.00,0.00
randomArrays.txt,QuickSort,1,3.715300,105.14,0.00
randomArrays.txt,QuickSort,2,2.090600,0.00,0.00
randomArrays.txt,QuickSort,3,3.614600,0.00,0.00
randomArrays.txt,QuickSort,1,3.957500,0.00,0.00
randomArrays.txt,QuickSort,2,3.936300,0.00,0.00
randomArrays.txt,QuickSort,3,2.469200,0.00,0.00
randomArrays.txt,QuickSort,1,6.532800,0.00,0.00
randomArrays.txt,QuickSort,2,7.811100,50.01,0.00
randomArrays.txt,QuickSort,3,5.366500,0.00,0.00
randomArrays.txt,QuickSort,1,11.085600,35.24,0.00
randomArrays.txt,QuickSort,2,11.472200,34.05,0.00
randomArrays.txt,QuickSort,3,11.354300,34.40,0.00
randomArrays.txt,QuickSort,1,2.484700,0.00,0.00
randomArrays.txt,QuickSort,2,2.116700,0.00,0.00
randomArrays.txt,QuickSort,3,1.183600,0.00,0.00
randomArrays.txt,QuickSort,1,8.354800,0.00,0.00
randomArrays.txt,QuickSort,2,8.666600,45.07,0.00
randomArrays.txt,QuickSort,3,5.059000,0.00,0.00
randomArrays.txt,QuickSort,1,0.640300,0.00,0.00
randomArrays.txt,QuickSort,2,0.216000,0.00,0.00
randomArrays.txt,QuickSort,3,0.570300,0.00,0.00
randomArrays.txt,QuickSort,1,1.494000,0.00,0.00
randomArrays.txt,QuickSort,2,1.470200,0.00,0.00
randomArrays.txt,QuickSort,3,1.471500,0.00,0.00
randomArrays.txt,QuickSort,1,4.166900,0.00,0.00
randomArrays.txt,QuickSort,2,1.773000,0.00,0.00
randomArrays.txt,QuickSort,3,2.977000,131.21,0.00
randomArrays.txt,QuickSort,1,6.546300,59.67,0.00
randomArrays.txt,QuickSort,2,6.288700,0.00,0.00
randomArrays.txt,QuickSort,3,6.616000,59.04,0.00
randomArrays.txt,QuickSort,1,0.583400,0.00,0.00
randomArrays.txt,QuickSort,2,0.598700,0.00,0.00
randomArrays.txt,QuickSort,3,0.783100,0.00,0.00
randomArrays.txt,QuickSort,1,7.321600,0.00,0.00
randomArrays.txt,QuickSort,2,7.732100,50.52,0.00
randomArrays.txt,QuickSort,3,4.574000,0.00,0.00
