Dataset,Algorithm,Run,Time(ms),CPU(%),Memory(MB)
randomArrays.txt,RecursiveInsertionSort,1,20.894900,18.69,0.02
randomArrays.txt,RecursiveInsertionSort,2,21.316500,0.00,0.00
randomArrays.txt,RecursiveInsertionSort,3,16.161100,24.17,0.00
randomArrays.txt,RecursiveInsertionSort,1,55.695300,21.04,0.00
randomArrays.txt,RecursiveInsertionSort,2,53.745000,29.07,0.00
randomArrays.txt,RecursiveInsertionSort,3,53.807600,21.78,0.00
randomArrays.txt,RecursiveInsertionSort,1,14.702000,26.57,0.00
randomArrays.txt,RecursiveInsertionSort,2,20.006400,19.53,0.00
randomArrays.txt,RecursiveInsertionSort,3,9.487800,41.17,0.00
randomArrays.txt,RecursiveInsertionSort,1,9.564100,40.84,0.00
randomArrays.txt,RecursiveInsertionSort,2,23.876400,0.00,0.00
randomArrays.txt,RecursiveInsertionSort,3,9.646600,40.49,0.00
randomArrays.txt,RecursiveInsertionSort,1,53.881000,29.00,0.00
randomArrays.txt,RecursiveInsertionSort,2,48.561500,24.13,0.00
randomArrays.txt,RecursiveInsertionSort,3,32.448800,24.08,0.00
randomArrays.txt,RecursiveInsertionSort,1,30.161400,25.90,0.00
randomArrays.txt,RecursiveInsertionSort,2,32.588700,23.97,0.00
randomArrays.txt,RecursiveInsertionSort,3,33.490300,23.33,0.00
randomArrays.txt,RecursiveInsertionSort,1,4.297100,90.90,0.00
randomArrays.txt,RecursiveInsertionSort,2,8.518500,0.00,0.00
randomArrays.txt,RecursiveInsertionSort,3,3.786200,103.17,0.00
randomArrays.txt,RecursiveInsertionSort,1,9.674300,0.00,0.00
randomArrays.txt,RecursiveInsertionSort,2,11.836600,33.00,0.00
randomArrays.txt,RecursiveInsertionSort,3,7.671700,50.92,0.00
randomArrays.txt,RecursiveInsertionSort,1,20.228200,19.31,0.00
randomArrays.txt,RecursiveInsertionSort,2,37.291700,31.42,0.00
randomArrays.txt,RecursiveInsertionSort,3,38.804200,20.13,0.00
randomArrays.txt,RecursiveInsertionSort,1,8.325700,46.92,0.00
randomArrays.txt,RecursiveInsertionSort,2,7.401600,0.00,0.00
randomArrays.txt,RecursiveInsertionSort,3,12.066500,0.00,0.00
randomArrays.txt,RecursiveInsertionSort,1,10.183300,0.00,0.00
randomArrays.txt,RecursiveInsertionSort,2,16.697600,23.39,0.00
randomArrays.txt,RecursiveInsertionSort,3,21.865200,17.87,0.00
randomArrays.txt,RecursiveInsertionSort,1,1.235000,0.00,0.00
randomArrays.txt,RecursiveInsertionSort,2,1.316300,0.00,0.00
randomArrays.txt,RecursiveInsertionSort,3,1.172900,0.00,0.00
randomArrays.txt,RecursiveInsertionSort,1,12.783900,30.56,0.00
randomArrays.txt,RecursiveInsertionSort,2,6.133400,0.00,0.00
randomArrays.txt,RecursiveInsertionSort,3,11.351000,34.41,0.00
randomArrays.txt,RecursiveInsertionSort,1,27.333300,28.58,0.00
randomArrays.txt,RecursiveInsertionSort,2,40.561300,28.89,0.00
randomArrays.txt,RecursiveInsertionSort,3,48.037000,24.40,0.00
randomArrays.txt,RecursiveInsertionSort,1,16.178100,24.15,0.00
randomArrays.txt,RecursiveInsertionSort,2,20.198500,38.68,0.00
randomArrays.txt,RecursiveInsertionSort,3,19.295700,20.24,0.00
randomArrays.txt,RecursiveInsertionSort,1,68.635600,22.77,0.00
randomArrays.txt,RecursiveInsertionSort,2,75.044600,26.03,0.00
randomArrays.txt,RecursiveInsertionSort,3,64.529700,24.21,0.00
randomArrays.txt,RecursiveInsertionSort,1,25.264400,15.46,0.00
randomArrays.txt,RecursiveInsertionSort,2,38.377100,30.54,0.00
randomArrays.txt,RecursiveInsertionSort,3,25.158500,31.05,0.00
randomArrays.txt,RecursiveInsertionSort,1,0.178100,0.00,0.00
randomArrays.txt,RecursiveInsertionSort,2,0.175100,0.00,0.00
randomArrays.txt,RecursiveInsertionSort,3,0.174500,0.00,0.00
randomArrays.txt,RecursiveInsertionSort,1,15.666000,24.93,0.00
randomArrays.txt,RecursiveInsertionSort,2,13.074700,29.88,0.00
randomArrays.txt,RecursiveInsertionSort,3,6.102500,0.00,0.00
randomArrays.txt,RecursiveInsertionSort,1,3.610600,108.19,0.00
randomArrays.txt,RecursiveInsertionSort,2,2.179100,0.00,0.00
randomArrays.txt,RecursiveInsertionSort,3,4.031200,0.00,0.00
randomArrays.txt,RecursiveInsertionSort,1,28.337500,27.57,0.00
randomArrays.txt,RecursiveInsertionSort,2,44.969300,26.06,0.00
randomArrays.txt,RecursiveInsertionSort,3,38.288800,20.40,0.00
randomArrays.txt,RecursiveInsertionSort,1,2.541600,0.00,0.00
randomArrays.txt,RecursiveInsertionSort,2,2.897800,0.00,0.00
randomArrays.txt,RecursiveInsertionSort,3,3.482800,0.00,0.00
randomArrays.txt,RecursiveInsertionSort,1,48.613800,24.11,0.00
randomArrays.txt,RecursiveInsertionSort,2,61.339700,25.47,0.00
randomArrays.txt,RecursiveInsertionSort,3,60.804900,25.70,0.00
randomArrays.txt,RecursiveInsertionSort,1,0.965000,0.00,0.00
randomArrays.txt,RecursiveInsertionSort,2,0.961500,0.00,0.00
randomArrays.txt,RecursiveInsertionSort,3,0.953100,0.00,0.00
randomArrays.txt,RecursiveInsertionSort,1,7.155100,54.59,0.00
randomArrays.txt,RecursiveInsertionSort,2,7.845800,49.79,0.00
randomArrays.txt,RecursiveInsertionSort,3,8.274100,0.00,0.00
randomArrays.txt,RecursiveInsertionSort,1,62.501900,25.00,0.00
randomArrays.txt,RecursiveInsertionSort,2,58.259800,26.82,0.00
randomArrays.txt,RecursiveInsertionSort,3,61.283700,25.50,0.00
randomArrays.txt,RecursiveInsertionSort,1,42.904000,27.31,0.00
randomArrays.txt,RecursiveInsertionSort,2,34.063100,22.94,0.00
randomArrays.txt,RecursiveInsertionSort,3,43.543000,26.91,0.00
randomArrays.txt,RecursiveInsertionSort,1,6.535700,0.00,0.00
randomArrays.txt,RecursiveInsertionSort,2,5.052700,0.00,0.00
randomArrays.txt,RecursiveInsertionSort,3,4.789400,81.56,0.00
randomArrays.txt,RecursiveInsertionSort,1,64.263600,30.39,0.00
randomArrays.txt,RecursiveInsertionSort,2,50.791500,23.07,0.00
randomArrays.txt,RecursiveInsertionSort,3,70.384700,22.20,0.00
randomArrays.txt,RecursiveInsertionSort,1,31.839200,24.54,0.00
randomArrays.txt,RecursiveInsertionSort,2,29.213400,26.74,0.00
randomArrays.txt,RecursiveInsertionSort,3,50.670200,23.13,0.00
randomArrays.txt,RecursiveInsertionSort,1,37.945000,30.88,0.00
randomArrays.txt,RecursiveInsertionSort,2,23.550500,16.59,0.00
randomArrays.txt,RecursiveInsertionSort,3,8.304700,47.04,0.00
randomArrays.txt,RecursiveInsertionSort,1,6.258400,62.42,0.00
randomArrays.txt,RecursiveInsertionSort,2,5.067300,0.00,0.00
randomArrays.txt,RecursiveInsertionSort,3,2.703500,0.00,0.00
randomArrays.txt,RecursiveInsertionSort,1,6.776400,57.64,0.00
randomArrays.txt,RecursiveInsertionSort,2,5.918100,0.00,0.00
randomArrays.txt,RecursiveInsertionSort,3,8.134900,48.02,0.00
randomArrays.txt,RecursiveInsertionSort,1,4.817500,0.00,0.00
randomArrays.txt,RecursiveInsertionSort,2,3.941400,0.00,0.00
randomArrays.txt,RecursiveInsertionSort,3,3.935300,99.26,0.00
randomArrays.txt,RecursiveInsertionSort,1,15.612400,25.02,0.00
randomArrays.txt,RecursiveInsertionSort,2,17.114700,22.82,0.00
randomArrays.txt,RecursiveInsertionSort,3,19.459300,20.07,0.00
randomArrays.txt,RecursiveInsertionSort,1,60.360200,25.89,0.00
randomArrays.txt,RecursiveInsertionSort,2,55.838200,27.98,0.00
randomArrays.txt,RecursiveInsertionSort,3,56.170900,27.82,0.00
randomArrays.txt,RecursiveInsertionSort,1,52.535000,22.31,0.00
randomArrays.txt,RecursiveInsertionSort,2,64.137000,24.36,0.00
randomArrays.txt,RecursiveInsertionSort,3,53.884900,29.00,0.00
randomArrays.txt,RecursiveInsertionSort,1,49.158000,23.84,0.00
randomArrays.txt,RecursiveInsertionSort,2,44.337200,26.43,0.00
randomArrays.txt,RecursiveInsertionSort,3,25.455400,30.69,0.00
randomArrays.txt,RecursiveInsertionSort,1,5.999000,0.00,0.00
randomArrays.txt,RecursiveInsertionSort,2,7.057100,55.35,0.00
randomArrays.txt,RecursiveInsertionSort,3,8.745200,0.00,0.00
randomArrays.txt,RecursiveInsertionSort,1,59.391700,26.31,0.00
randomArrays.txt,RecursiveInsertionSort,2,61.494000,25.41,0.00
randomArrays.txt,RecursiveInsertionSort,3,60.051800,26.02,0.00
randomArrays.txt,RecursiveInsertionSort,1,4.677000,0.00,0.00
randomArrays.txt,RecursiveInsertionSort,2,3.267500,0.00,0.00
randomArrays.txt,RecursiveInsertionSort,3,4.152800,0.00,0.00
randomArrays.txt,RecursiveInsertionSort,1,10.177200,38.38,0.00
randomArrays.txt,RecursiveInsertionSort,2,9.094100,42.95,0.00
randomArrays.txt,RecursiveInsertionSort,3,8.038700,0.00,0.00
randomArrays.txt,RecursiveInsertionSort,1,5.859200,66.67,0.00
randomArrays.txt,RecursiveInsertionSort,2,7.153700,0.00,0.00
randomArrays.txt,RecursiveInsertionSort,3,5.531200,0.00,0.00
randomArrays.txt,RecursiveInsertionSort,1,0.533400,0.00,0.00
randomArrays.txt,RecursiveInsertionSort,2,0.535000,0.00,0.00
randomArrays.txt,RecursiveInsertionSort,3,0.601600,0.00,0.00
randomArrays.txt,RecursiveInsertionSort,1,43.436200,26.98,0.00
randomArrays.txt,RecursiveInsertionSort,2,76.007900,25.70,0.00
randomArrays.txt,RecursiveInsertionSort,3,64.683600,24.16,0.00
randomArrays.txt,RecursiveInsertionSort,1,3.396000,0.00,0.00
randomArrays.txt,RecursiveInsertionSort,2,3.384000,115.43,0.00
randomArrays.txt,RecursiveInsertionSort,3,4.677400,0.00,0.00
randomArrays.txt,RecursiveInsertionSort,1,7.980800,0.00,0.00
randomArrays.txt,RecursiveInsertionSort,2,11.678600,0.00,0.00
randomArrays.txt,RecursiveInsertionSort,3,8.943900,43.68,0.00
randomArrays.txt,RecursiveInsertionSort,1,3.034800,0.00,0.00
randomArrays.txt,RecursiveInsertionSort,2,4.414000,0.00,0.00
randomArrays.txt,RecursiveInsertionSort,3,2.065700,0.00,0.00
randomArrays.txt,RecursiveInsertionSort,1,12.797400,0.00,0.00
randomArrays.txt,RecursiveInsertionSort,2,9.828900,39.74,0.00
randomArrays.txt,RecursiveInsertionSort,3,13.348000,29.26,0.00
randomArrays.txt,RecursiveInsertionSort,1,51.003900,22.98,0.00
randomArrays.txt,RecursiveInsertionSort,2,36.350200,21.49,0.00
randomArrays.txt,RecursiveInsertionSort,3,52.406200,29.82,0.00
randomArrays.txt,RecursiveInsertionSort,1,47.976400,24.43,0.00
randomArrays.txt,RecursiveInsertionSort,2,24.954800,31.31,0.00
randomArrays.txt,RecursiveInsertionSort,3,32.639600,23.94,0.00
randomArrays.txt,RecursiveInsertionSort,1,51.243200,22.87,0.00
randomArrays.txt,RecursiveInsertionSort,2,31.338500,37.39,0.00
randomArrays.txt,RecursiveInsertionSort,3,45.340300,17.23,0.00
randomArrays.txt,RecursiveInsertionSort,1,13.430300,29.09,0.00
randomArrays.txt,RecursiveInsertionSort,2,43.581500,17.93,0.00
randomArrays.txt,RecursiveInsertionSort,3,50.245600,23.32,0.00
randomArrays.txt,RecursiveInsertionSort,1,1.587300,0.00,0.00
randomArrays.txt,RecursiveInsertionSort,2,1.605400,0.00,0.00
randomArrays.txt,RecursiveInsertionSort,3,1.603100,0.00,0.00
randomArrays.txt,RecursiveInsertionSort,1,12.973800,30.11,0.00
randomArrays.txt,RecursiveInsertionSort,2,20.457500,38.19,0.00
randomArrays.txt,RecursiveInsertionSort,3,30.654200,25.49,0.00
randomArrays.txt,RecursiveInsertionSort,1,25.462700,30.68,0.00
randomArrays.txt,RecursiveInsertionSort,2,26.818800,29.13,0.00
randomArrays.txt,RecursiveInsertionSort,3,23.343000,16.73,0.00
randomArrays.txt,RecursiveInsertionSort,1,4.390700,0.00,0.00
randomArrays.txt,RecursiveInsertionSort,2,6.135700,0.00,0.00
randomArrays.txt,RecursiveInsertionSort,3,5.146000,75.91,0.00
randomArrays.txt,RecursiveInsertionSort,1,9.429500,0.00,0.00
randomArrays.txt,RecursiveInsertionSort,2,7.588600,0.00,0.00
randomArrays.txt,RecursiveInsertionSort,3,9.796900,39.87,0.00
randomArrays.txt,RecursiveInsertionSort,1,23.248900,33.60,0.00
randomArrays.txt,RecursiveInsertionSort,2,11.678900,0.00,0.00
randomArrays.txt,RecursiveInsertionSort,3,14.558900,0.00,0.00
randomArrays.txt,RecursiveInsertionSort,1,64.445400,24.25,0.00
randomArrays.txt,RecursiveInsertionSort,2,67.592100,23.12,0.00
randomArrays.txt,RecursiveInsertionSort,3,60.857100,25.67,0.00
randomArrays.txt,RecursiveInsertionSort,1,7.729900,0.00,0.00
randomArrays.txt,RecursiveInsertionSort,2,11.068200,35.29,0.00
randomArrays.txt,RecursiveInsertionSort,3,13.280700,29.41,0.00
randomArrays.txt,RecursiveInsertionSort,1,13.652100,0.00,0.00
randomArrays.txt,RecursiveInsertionSort,2,11.093900,35.21,0.00
randomArrays.txt,RecursiveInsertionSort,3,8.877300,44.00,0.00
randomArrays.txt,RecursiveInsertionSort,1,7.623400,0.00,0.00
randomArrays.txt,RecursiveInsertionSort,2,18.104800,43.15,0.00
randomArrays.txt,RecursiveInsertionSort,3,18.277900,21.37,0.00
randomArrays.txt,RecursiveInsertionSort,1,47.112700,24.87,0.00
randomArrays.txt,RecursiveInsertionSort,2,48.430300,24.20,0.00
randomArrays.txt,RecursiveInsertionSort,3,53.254800,29.34,0.00
randomArrays.txt,RecursiveInsertionSort,1,0.075800,5153.36,0.00
randomArrays.txt,RecursiveInsertionSort,2,0.072500,0.00,0.00
randomArrays.txt,RecursiveInsertionSort,3,0.053100,0.00,0.00
randomArrays.txt,RecursiveInsertionSort,1,0.481700,0.00,0.00
randomArrays.txt,RecursiveInsertionSort,2,0.531700,0.00,0.00
randomArrays.txt,RecursiveInsertionSort,3,0.388000,0.00,0.00
randomArrays.txt,RecursiveInsertionSort,1,9.882300,39.53,0.00
randomArrays.txt,RecursiveInsertionSort,2,23.399200,0.00,0.00
randomArrays.txt,RecursiveInsertionSort,3,9.716900,40.20,0.00
randomArrays.txt,RecursiveInsertionSort,1,50.786100,23.07,0.00
randomArrays.txt,RecursiveInsertionSort,2,60.438300,19.39,0.00
randomArrays.txt,RecursiveInsertionSort,3,68.989500,28.31,0.00
randomArrays.txt,RecursiveInsertionSort,1,60.661100,25.76,0.00
randomArrays.txt,RecursiveInsertionSort,2,57.496900,27.18,0.00
randomArrays.txt,RecursiveInsertionSort,3,47.462600,24.69,0.00
randomArrays.txt,RecursiveInsertionSort,1,35.373500,22.09,0.00
randomArrays.txt,RecursiveInsertionSort,2,38.533300,20.27,0.00
randomArrays.txt,RecursiveInsertionSort,3,27.421700,14.25,0.00
randomArrays.txt,RecursiveInsertionSort,1,11.888400,32.86,0.00
randomArrays.txt,RecursiveInsertionSort,2,12.954600,30.15,0.00
randomArrays.txt,RecursiveInsertionSort,3,12.500200,31.25,0.00
randomArrays.txt,RecursiveInsertionSort,1,12.463000,0.00,0.00
randomArrays.txt,RecursiveInsertionSort,2,16.879400,46.28,0.00
randomArrays.txt,RecursiveInsertionSort,3,14.250900,27.41,0.00
randomArrays.txt,RecursiveInsertionSort,1,5.966100,65.47,0.00
randomArrays.txt,RecursiveInsertionSort,2,5.176600,0.00,0.00
randomArrays.txt,RecursiveInsertionSort,3,4.730200,0.00,0.00
randomArrays.txt,RecursiveInsertionSort,1,30.899900,25.28,0.00
randomArrays.txt,RecursiveInsertionSort,2,30.724900,25.43,0.00
randomArrays.txt,RecursiveInsertionSort,3,29.143600,26.81,0.00
randomArrays.txt,RecursiveInsertionSort,1,15.297600,25.54,0.00
randomArrays.txt,RecursiveInsertionSort,2,13.888200,28.13,0.00
randomArrays.txt,RecursiveInsertionSort,3,14.746100,26.49,0.00
randomArrays.txt,RecursiveInsertionSort,1,7.795600,50.11,0.00
randomArrays.txt,RecursiveInsertionSort,2,9.813000,0.00,0.00
randomArrays.txt,RecursiveInsertionSort,3,5.579500,70.01,0.00
randomArrays.txt,RecursiveInsertionSort,1,30.874200,25.30,0.00
randomArrays.txt,RecursiveInsertionSort,2,24.905700,15.68,0.00
randomArrays.txt,RecursiveInsertionSort,3,34.365500,22.73,0.00
randomArrays.txt,RecursiveInsertionSort,1,22.815600,34.24,0.00
randomArrays.txt,RecursiveInsertionSort,2,15.738300,24.82,0.00
randomArrays.txt,RecursiveInsertionSort,3,25.909000,30.15,0.00
randomArrays.txt,RecursiveInsertionSort,1,88.881000,21.97,0.00
randomArrays.txt,RecursiveInsertionSort,2,40.464800,28.96,0.00
randomArrays.txt,RecursiveInsertionSort,3,54.979700,28.42,0.00
randomArrays.txt,RecursiveInsertionSort,1,2.193400,178.09,0.00
randomArrays.txt,RecursiveInsertionSort,2,4.814900,0.00,0.00
randomArrays.txt,RecursiveInsertionSort,3,3.951000,0.00,0.00
randomArrays.txt,RecursiveInsertionSort,1,0.131000,0.00,0.00
randomArrays.txt,RecursiveInsertionSort,2,0.179900,0.00,0.00
randomArrays.txt,RecursiveInsertionSort,3,0.129900,0.00,0.00
randomArrays.txt,RecursiveInsertionSort,1,61.905500,25.24,0.00
randomArrays.txt,RecursiveInsertionSort,2,43.024500,27.24,0.00
randomArrays.txt,RecursiveInsertionSort,3,59.061300,26.46,0.00
randomArrays.txt,RecursiveInsertionSort,1,7.781200,0.00,0.00
randomArrays.txt,RecursiveInsertionSort,2,7.928300,49.27,0.00
randomArrays.txt,RecursiveInsertionSort,3,5.806300,0.00,0.00
randomArrays.txt,RecursiveInsertionSort,1,63.182400,24.73,0.00
randomArrays.txt,RecursiveInsertionSort,2,61.798900,25.28,0.00
randomArrays.txt,RecursiveInsertionSort,3,56.217700,27.79,0.00
randomArrays.txt,RecursiveInsertionSort,1,4.440200,0.00,0.00
randomArrays.txt,RecursiveInsertionSort,2,4.325000,0.00,0.00
randomArrays.txt,RecursiveInsertionSort,3,4.456200,0.00,0.00
randomArrays.txt,RecursiveInsertionSort,1,3.866400,0.00,0.00
randomArrays.txt,RecursiveInsertionSort,2,3.831500,0.00,0.00
randomArrays.txt,RecursiveInsertionSort,3,4.095400,95.38,0.00
randomArrays.txt,RecursiveInsertionSort,1,11.653100,33.52,0.00
randomArrays.txt,RecursiveInsertionSort,2,8.629600,0.00,0.00
randomArrays.txt,RecursiveInsertionSort,3,9.322300,41.90,0.00
randomArrays.txt,RecursiveInsertionSort,1,51.486400,22.76,0.00
randomArrays.txt,RecursiveInsertionSort,2,45.850600,25.56,0.00
randomArrays.txt,RecursiveInsertionSort,3,62.188200,25.13,0.00
randomArrays.txt,RecursiveInsertionSort,1,4.256900,0.00,0.00
randomArrays.txt,RecursiveInsertionSort,2,2.919000,0.00,0.00
randomArrays.txt,RecursiveInsertionSort,3,5.570700,70.12,0.00
randomArrays.txt,RecursiveInsertionSort,1,10.731900,36.40,0.00
randomArrays.txt,RecursiveInsertionSort,2,10.217500,38.23,0.00
randomArrays.txt,RecursiveInsertionSort,3,8.282600,0.00,0.00
randomArrays.txt,RecursiveInsertionSort,1,19.293000,20.25,0.00
randomArrays.txt,RecursiveInsertionSort,2,20.355800,38.38,0.00
randomArrays.txt,RecursiveInsertionSort,3,20.459200,19.09,0.00
randomArrays.txt,RecursiveInsertionSort,1,6.971900,0.00,0.00
randomArrays.txt,RecursiveInsertionSort,2,5.935000,0.00,0.00
randomArrays.txt,RecursiveInsertionSort,3,6.497800,0.00,0.00
randomArrays.txt,RecursiveInsertionSort,1,38.844700,30.17,0.00
randomArrays.txt,RecursiveInsertionSort,2,37.743800,20.70,0.00
randomArrays.txt,RecursiveInsertionSort,3,41.890600,27.97,0.00
randomArrays.txt,RecursiveInsertionSort,1,21.149700,18.47,0.00
randomArrays.txt,RecursiveInsertionSort,2,18.356000,21.28,0.00
randomArrays.txt,RecursiveInsertionSort,3,16.239000,48.11,0.00
randomArrays.txt,RecursiveInsertionSort,1,54.494500,21.50,0.00
randomArrays.txt,RecursiveInsertionSort,2,32.439000,24.08,0.00
randomArrays.txt,RecursiveInsertionSort,3,45.638300,25.68,0.00
randomArrays.txt,RecursiveInsertionSort,1,6.136000,63.66,0.00
randomArrays.txt,RecursiveInsertionSort,2,8.007500,0.00,0.00
randomArrays.txt,RecursiveInsertionSort,3,8.022700,48.69,0.00
randomArrays.txt,RecursiveInsertionSort,1,2.886700,0.00,0.00
randomArrays.txt,RecursiveInsertionSort,2,2.260900,0.00,0.00
randomArrays.txt,RecursiveInsertionSort,3,2.289500,0.00,0.00
randomArrays.txt,RecursiveInsertionSort,1,32.417200,24.10,0.00
randomArrays.txt,RecursiveInsertionSort,2,31.046900,25.16,0.00
randomArrays.txt,RecursiveInsertionSort,3,60.704400,25.74,0.00
randomArrays.txt,RecursiveInsertionSort,1,39.608300,29.59,0.00
randomArrays.txt,RecursiveInsertionSort,2,20.612700,18.95,0.00
randomArrays.txt,RecursiveInsertionSort,3,16.446500,23.75,0.00
randomArrays.txt,RecursiveInsertionSort,1,27.634300,0.00,0.00
randomArrays.txt,RecursiveInsertionSort,2,10.377400,37.64,0.00
randomArrays.txt,RecursiveInsertionSort,3,16.296600,0.00,0.00
randomArrays.txt,RecursiveInsertionSort,1,18.688800,41.80,0.00
randomArrays.txt,RecursiveInsertionSort,2,19.981600,19.55,0.00
randomArrays.txt,RecursiveInsertionSort,3,18.425000,21.20,0.00
randomArrays.txt,RecursiveInsertionSort,1,19.476200,20.06,0.00
randomArrays.txt,RecursiveInsertionSort,2,39.712800,29.51,0.00
randomArrays.txt,RecursiveInsertionSort,3,35.788000,21.83,0.00
randomArrays.txt,RecursiveInsertionSort,1,19.540800,39.98,0.00
randomArrays.txt,RecursiveInsertionSort,2,14.132500,27.64,0.00
randomArrays.txt,RecursiveInsertionSort,3,48.021700,24.40,0.00
randomArrays.txt,RecursiveInsertionSort,1,14.728500,26.52,0.00
randomArrays.txt,RecursiveInsertionSort,2,13.841000,28.22,0.00
randomArrays.txt,RecursiveInsertionSort,3,24.230300,16.12,0.00
randomArrays.txt,RecursiveInsertionSort,1,42.813500,27.37,0.00
randomArrays.txt,RecursiveInsertionSort,2,47.937000,24.45,0.00
randomArrays.txt,RecursiveInsertionSort,3,24.488500,31.90,0.00
randomArrays.txt,RecursiveInsertionSort,1,4.228600,0.00,0.00
randomArrays.txt,RecursiveInsertionSort,2,2.739100,0.00,0.00
randomArrays.txt,RecursiveInsertionSort,3,2.165300,180.40,0.00
randomArrays.txt,RecursiveInsertionSort,1,32.326200,24.17,0.00
randomArrays.txt,RecursiveInsertionSort,2,26.881700,29.06,0.00
randomArrays.txt,RecursiveInsertionSort,3,28.851400,27.08,0.00
randomArrays.txt,RecursiveInsertionSort,1,45.900100,25.53,0.00
randomArrays.txt,RecursiveInsertionSort,2,22.661300,34.48,0.00
randomArrays.txt,RecursiveInsertionSort,3,42.002300,18.60,0.00
randomArrays.txt,RecursiveInsertionSort,1,53.331300,21.97,0.00
randomArrays.txt,RecursiveInsertionSort,2,52.110300,22.49,0.00
randomArrays.txt,RecursiveInsertionSort,3,49.114600,31.81,0.00
randomArrays.txt,RecursiveInsertionSort,1,34.366400,34.10,0.00
randomArrays.txt,RecursiveInsertionSort,2,50.942200,23.00,0.00
randomArrays.txt,RecursiveInsertionSort,3,51.181400,22.90,0.00
randomArrays.txt,RecursiveInsertionSort,1,25.729300,30.36,0.00
randomArrays.txt,RecursiveInsertionSort,2,26.619000,29.35,0.00
randomArrays.txt,RecursiveInsertionSort,3,27.267900,28.65,0.00
randomArrays.txt,RecursiveInsertionSort,1,9.962000,39.21,0.00
randomArrays.txt,RecursiveInsertionSort,2,12.703100,30.75,0.00
randomArrays.txt,RecursiveInsertionSort,3,17.262900,22.63,0.00
randomArrays.txt,RecursiveInsertionSort,1,22.261000,35.10,0.00
randomArrays.txt,RecursiveInsertionSort,2,34.884200,22.40,0.00
randomArrays.txt,RecursiveInsertionSort,3,36.918000,21.16,0.00
randomArrays.txt,RecursiveInsertionSort,1,4.023900,97.08,0.00
randomArrays.txt,RecursiveInsertionSort,2,3.291500,0.00,0.00
randomArrays.txt,RecursiveInsertionSort,3,2.616300,0.00,0.00
randomArrays.txt,RecursiveInsertionSort,1,16.863100,23.16,0.00
randomArrays.txt,RecursiveInsertionSort,2,26.506300,14.74,0.00
randomArrays.txt,RecursiveInsertionSort,3,25.818500,30.26,0.00
randomArrays.txt,RecursiveInsertionSort,1,7.639800,51.13,0.00
randomArrays.txt,RecursiveInsertionSort,2,10.148400,0.00,0.00
randomArrays.txt,RecursiveInsertionSort,3,15.828400,24.68,0.00
randomArrays.txt,RecursiveInsertionSort,1,14.393700,27.14,0.00
randomArrays.txt,RecursiveInsertionSort,2,52.272200,22.42,0.00
randomArrays.txt,RecursiveInsertionSort,3,17.751600,44.01,0.00
randomArrays.txt,RecursiveInsertionSort,1,57.062900,20.54,0.00
randomArrays.txt,RecursiveInsertionSort,2,56.559900,27.63,0.00
randomArrays.txt,RecursiveInsertionSort,3,67.577200,23.12,0.00
randomArrays.txt,RecursiveInsertionSort,1,47.201000,24.83,0.00
randomArrays.txt,RecursiveInsertionSort,2,45.530800,25.74,0.00
randomArrays.txt,RecursiveInsertionSort,3,47.010300,24.93,0.00
randomArrays.txt,RecursiveInsertionSort,1,11.892700,0.00,0.00
randomArrays.txt,RecursiveInsertionSort,2,12.529100,0.00,0.00
randomArrays.txt,RecursiveInsertionSort,3,12.587600,31.03,0.00
randomArrays.txt,RecursiveInsertionSort,1,10.668400,0.00,0.00
randomArrays.txt,RecursiveInsertionSort,2,4.858900,80.39,0.00
randomArrays.txt,RecursiveInsertionSort,3,4.997600,0.00,0.00
randomArrays.txt,RecursiveInsertionSort,1,1.872700,0.00,0.00
randomArrays.txt,RecursiveInsertionSort,2,1.868100,0.00,0.00
randomArrays.txt,RecursiveInsertionSort,3,2.190700,0.00,0.00
randomArrays.txt,RecursiveInsertionSort,1,45.462500,25.78,0.00
randomArrays.txt,RecursiveInsertionSort,2,41.097500,28.51,0.00
randomArrays.txt,RecursiveInsertionSort,3,38.970700,20.05,0.00
randomArrays.txt,RecursiveInsertionSort,1,37.684500,20.73,0.00
randomArrays.txt,RecursiveInsertionSort,2,29.936500,26.10,0.00
randomArrays.txt,RecursiveInsertionSort,3,44.528300,26.32,0.00
randomArrays.txt,RecursiveInsertionSort,1,6.576100,59.40,0.00
randomArrays.txt,RecursiveInsertionSort,2,7.143200,0.00,0.00
randomArrays.txt,RecursiveInsertionSort,3,7.752100,50.39,0.00
randomArrays.txt,RecursiveInsertionSort,1,62.985900,24.81,0.00
randomArrays.txt,RecursiveInsertionSort,2,37.209500,31.49,0.00
randomArrays.txt,RecursiveInsertionSort,3,31.925900,24.47,0.00
randomArrays.txt,RecursiveInsertionSort,1,1.976000,0.00,0.00
randomArrays.txt,RecursiveInsertionSort,2,2.015300,0.00,0.00
randomArrays.txt,RecursiveInsertionSort,3,2.231700,0.00,0.00
randomArrays.txt,RecursiveInsertionSort,1,2.100800,0.00,0.00
randomArrays.txt,RecursiveInsertionSort,2,2.078900,0.00,0.00
randomArrays.txt,RecursiveInsertionSort,3,2.061600,0.00,0.00
randomArrays.txt,RecursiveInsertionSort,1,16.677700,23.42,0.00
randomArrays.txt,RecursiveInsertionSort,2,14.770200,26.45,0.00
randomArrays.txt,RecursiveInsertionSort,3,14.135300,27.63,0.00
randomArrays.txt,RecursiveInsertionSort,1,47.545700,24.65,0.00
randomArrays.txt,RecursiveInsertionSort,2,47.216200,24.82,0.00
randomArrays.txt,RecursiveInsertionSort,3,46.893700,24.99,0.00
randomArrays.txt,RecursiveInsertionSort,1,0.608300,0.00,0.00
randomArrays.txt,RecursiveInsertionSort,2,0.377200,0.00,0.00
randomArrays.txt,RecursiveInsertionSort,3,0.443800,0.00,0.00
randomArrays.txt,RecursiveInsertionSort,1,3.941700,0.00,0.00
randomArrays.txt,RecursiveInsertionSort,2,9.155400,42.67,0.00
randomArrays.txt,RecursiveInsertionSort,3,9.033200,43.24,0.00
randomArrays.txt,RecursiveInsertionSort,1,3.501400,0.00,0.00
randomArrays.txt,RecursiveInsertionSort,2,4.703600,0.00,0.00
randomArrays.txt,RecursiveInsertionSort,3,3.471100,112.54,0.00
randomArrays.txt,RecursiveInsertionSort,1,15.855900,24.64,0.00
randomArrays.txt,RecursiveInsertionSort,2,15.153900,25.78,0.00
randomArrays.txt,RecursiveInsertionSort,3,19.589600,19.94,0.00
randomArrays.txt,RecursiveInsertionSort,1,0.241500,0.00,0.00
randomArrays.txt,RecursiveInsertionSort,2,0.244200,0.00,0.00
randomArrays.txt,RecursiveInsertionSort,3,0.236000,0.00,0.00
randomArrays.txt,RecursiveInsertionSort,1,45.220000,25.91,0.00
randomArrays.txt,RecursiveInsertionSort,2,47.550700,24.64,0.00
randomArrays.txt,RecursiveInsertionSort,3,38.821800,30.19,0.00
randomArrays.txt,RecursiveInsertionSort,1,34.170200,22.86,0.00
randomArrays.txt,RecursiveInsertionSort,2,24.295400,32.16,0.00
randomArrays.txt,RecursiveInsertionSort,3,37.439500,20.87,0.00
randomArrays.txt,RecursiveInsertionSort,1,46.687600,25.10,0.00
randomArrays.txt,RecursiveInsertionSort,2,33.917100,11.52,0.00
randomArrays.txt,RecursiveInsertionSort,3,50.245800,31.10,0.00
randomArrays.txt,RecursiveInsertionSort,1,1.042000,0.00,0.00
randomArrays.txt,RecursiveInsertionSort,2,1.700900,0.00,0.00
randomArrays.txt,RecursiveInsertionSort,3,1.060900,368.20,0.00
randomArrays.txt,RecursiveInsertionSort,1,12.224700,31.95,0.00
randomArrays.txt,RecursiveInsertionSort,2,9.182400,42.54,0.00
randomArrays.txt,RecursiveInsertionSort,3,10.034100,38.93,0.00
randomArrays.txt,RecursiveInsertionSort,1,2.633100,0.00,0.00
randomArrays.txt,RecursiveInsertionSort,2,3.038300,0.00,0.00
randomArrays.txt,RecursiveInsertionSort,3,2.398600,0.00,0.00
randomArrays.txt,RecursiveInsertionSort,1,19.324500,20.21,0.00
randomArrays.txt,RecursiveInsertionSort,2,12.154300,32.14,0.00
randomArrays.txt,RecursiveInsertionSort,3,28.947500,26.99,0.00
randomArrays.txt,RecursiveInsertionSort,1,56.989100,20.56,0.00
randomArrays.txt,RecursiveInsertionSort,2,53.241700,22.01,0.00
randomArrays.txt,RecursiveInsertionSort,3,66.511500,23.49,0.00
randomArrays.txt,RecursiveInsertionSort,1,24.246300,16.11,0.00
randomArrays.txt,RecursiveInsertionSort,2,18.964800,20.60,0.00
randomArrays.txt,RecursiveInsertionSort,3,16.723400,23.36,0.00
randomArrays.txt,RecursiveInsertionSort,1,2.808600,0.00,0.00
randomArrays.txt,RecursiveInsertionSort,2,3.037600,0.00,0.00
randomArrays.txt,RecursiveInsertionSort,3,2.910600,0.00,0.00
randomArrays.txt,RecursiveInsertionSort,1,11.624800,33.60,0.00
randomArrays.txt,RecursiveInsertionSort,2,14.159700,27.59,0.00
randomArrays.txt,RecursiveInsertionSort,3,13.919900,28.06,0.00
randomArrays.txt,RecursiveInsertionSort,1,11.223600,0.00,0.00
randomArrays.txt,RecursiveInsertionSort,2,12.806500,0.00,0.00
randomArrays.txt,RecursiveInsertionSort,3,7.430500,52.57,0.00
randomArrays.txt,RecursiveInsertionSort,1,7.017300,0.00,0.00
randomArrays.txt,RecursiveInsertionSort,2,13.143500,29.72,0.00
randomArrays.txt,RecursiveInsertionSort,3,11.532000,33.87,0.00
randomArrays.txt,RecursiveInsertionSort,1,40.225300,19.42,0.00
randomArrays.txt,RecursiveInsertionSort,2,60.072600,26.01,0.00
randomArrays.txt,RecursiveInsertionSort,3,42.194300,27.77,0.00
randomArrays.txt,RecursiveInsertionSort,1,5.635900,0.00,0.00
randomArrays.txt,RecursiveInsertionSort,2,2.305700,169.42,0.00
randomArrays.txt,RecursiveInsertionSort,3,2.411000,0.00,0.00
randomArrays.txt,RecursiveInsertionSort,1,10.964600,0.00,0.00
randomArrays.txt,RecursiveInsertionSort,2,12.013500,0.00,0.00
randomArrays.txt,RecursiveInsertionSort,3,10.560800,0.00,0.00
randomArrays.txt,RecursiveInsertionSort,1,1.985100,0.00,0.00
randomArrays.txt,RecursiveInsertionSort,2,4.613300,84.67,0.00
randomArrays.txt,RecursiveInsertionSort,3,2.364900,0.00,0.00
randomArrays.txt,RecursiveInsertionSort,1,0.969500,0.00,0.00
randomArrays.txt,RecursiveInsertionSort,2,0.964100,0.00,0.00
randomArrays.txt,RecursiveInsertionSort,3,0.969400,0.00,0.00
randomArrays.txt,RecursiveInsertionSort,1,52.169500,22.46,0.00
randomArrays.txt,RecursiveInsertionSort,2,35.585600,32.93,0.00
randomArrays.txt,RecursiveInsertionSort,3,47.937400,24.45,0.00
randomArrays.txt,RecursiveInsertionSort,1,29.996600,26.04,0.00
randomArrays.txt,RecursiveInsertionSort,2,28.242000,27.66,0.00
randomArrays.txt,RecursiveInsertionSort,3,32.182200,12.14,0.00
randomArrays.txt,RecursiveInsertionSort,1,15.319000,25.50,0.00
randomArrays.txt,RecursiveInsertionSort,2,17.294300,22.59,0.00
randomArrays.txt,RecursiveInsertionSort,3,17.408300,22.44,0.00
randomArrays.txt,RecursiveInsertionSort,1,17.407600,44.88,0.00
randomArrays.txt,RecursiveInsertionSort,2,18.399300,21.23,0.00
randomArrays.txt,RecursiveInsertionSort,3,17.956600,21.75,0.00
randomArrays.txt,RecursiveInsertionSort,1,0.113200,0.00,0.00
randomArrays.txt,RecursiveInsertionSort,2,0.149800,0.00,0.00
randomArrays.txt,RecursiveInsertionSort,3,0.106600,0.00,0.00
randomArrays.txt,RecursiveInsertionSort,1,20.685700,37.77,0.00
randomArrays.txt,RecursiveInsertionSort,2,15.590400,25.06,0.00
randomArrays.txt,RecursiveInsertionSort,3,15.047400,25.96,0.00
randomArrays.txt,RecursiveInsertionSort,1,6.872400,0.00,0.00
randomArrays.txt,RecursiveInsertionSort,2,15.432100,25.31,0.00
randomArrays.txt,RecursiveInsertionSort,3,10.187500,38.34,0.00
randomArrays.txt,RecursiveInsertionSort,1,1.845400,0.00,0.00
randomArrays.txt,RecursiveInsertionSort,2,2.340400,0.00,0.00
randomArrays.txt,RecursiveInsertionSort,3,2.085900,0.00,0.00
randomArrays.txt,RecursiveInsertionSort,1,0.891100,0.00,0.00
randomArrays.txt,RecursiveInsertionSort,2,0.808300,0.00,0.00
randomArrays.txt,RecursiveInsertionSort,3,1.257900,0.00,0.00
randomArrays.txt,RecursiveInsertionSort,1,18.615900,41.97,0.00
randomArrays.txt,RecursiveInsertionSort,2,23.687600,16.49,0.00
randomArrays.txt,RecursiveInsertionSort,3,28.938000,27.00,0.00
randomArrays.txt,RecursiveInsertionSort,1,0.271700,0.00,0.00
randomArrays.txt,RecursiveInsertionSort,2,0.190200,0.00,0.00
randomArrays.txt,RecursiveInsertionSort,3,0.191400,0.00,0.00
randomArrays.txt,RecursiveInsertionSort,1,43.777400,26.77,0.00
randomArrays.txt,RecursiveInsertionSort,2,98.925300,27.64,0.00
randomArrays.txt,RecursiveInsertionSort,3,32.412500,24.10,0.00
randomArrays.txt,RecursiveInsertionSort,1,46.745400,25.07,0.00
randomArrays.txt,RecursiveInsertionSort,2,31.725100,24.63,0.00
randomArrays.txt,RecursiveInsertionSort,3,25.344200,15.41,0.00
randomArrays.txt,RecursiveInsertionSort,1,8.630300,45.26,0.00
randomArrays.txt,RecursiveInsertionSort,2,8.719600,0.00,0.00
randomArrays.txt,RecursiveInsertionSort,3,4.443100,87.92,0.00
randomArrays.txt,RecursiveInsertionSort,1,36.358000,21.49,0.00
randomArrays.txt,RecursiveInsertionSort,2,37.008600,31.66,0.00
randomArrays.txt,RecursiveInsertionSort,3,42.458300,27.60,0.00
randomArrays.txt,RecursiveInsertionSort,1,58.215600,26.84,0.00
randomArrays.txt,RecursiveInsertionSort,2,56.365100,27.72,0.00
randomArrays.txt,RecursiveInsertionSort,3,59.505100,26.26,0.00
randomArrays.txt,RecursiveInsertionSort,1,64.589200,24.19,0.00
randomArrays.txt,RecursiveInsertionSort,2,47.341300,24.75,0.00
randomArrays.txt,RecursiveInsertionSort,3,35.929200,32.62,0.00
randomArrays.txt,RecursiveInsertionSort,1,49.220200,23.81,0.00
randomArrays.txt,RecursiveInsertionSort,2,49.170300,23.83,0.00
randomArrays.txt,RecursiveInsertionSort,3,36.759300,21.25,0.00
randomArrays.txt,RecursiveInsertionSort,1,25.511000,30.62,0.00
randomArrays.txt,RecursiveInsertionSort,2,24.116100,16.20,0.00
randomArrays.txt,RecursiveInsertionSort,3,21.847300,35.76,0.00
randomArrays.txt,RecursiveInsertionSort,1,56.414300,20.77,0.00
randomArrays.txt,RecursiveInsertionSort,2,36.580800,32.04,0.00
randomArrays.txt,RecursiveInsertionSort,3,40.485300,19.30,0.00
randomArrays.txt,RecursiveInsertionSort,1,5.108300,76.47,0.00
randomArrays.txt,RecursiveInsertionSort,2,6.915700,0.00,0.00
randomArrays.txt,RecursiveInsertionSort,3,4.717400,0.00,0.00
randomArrays.txt,RecursiveInsertionSort,1,1.736600,0.00,0.00
randomArrays.txt,RecursiveInsertionSort,2,1.096400,0.00,0.00
randomArrays.txt,RecursiveInsertionSort,3,0.987200,0.00,0.00
randomArrays.txt,RecursiveInsertionSort,1,43.771500,26.77,0.00
randomArrays.txt,RecursiveInsertionSort,2,36.460400,21.43,0.00
randomArrays.txt,RecursiveInsertionSort,3,34.185100,22.85,0.00
randomArrays.txt,RecursiveInsertionSort,1,17.718100,22.05,0.00
randomArrays.txt,RecursiveInsertionSort,2,23.419700,16.68,0.00
randomArrays.txt,RecursiveInsertionSort,3,19.668900,19.86,0.00
randomArrays.txt,RecursiveInsertionSort,1,3.786700,0.00,0.00
randomArrays.txt,RecursiveInsertionSort,2,3.644400,0.00,0.00
randomArrays.txt,RecursiveInsertionSort,3,3.411800,0.00,0.00
randomArrays.txt,RecursiveInsertionSort,1,34.281200,22.79,0.00
randomArrays.txt,RecursiveInsertionSort,2,32.242400,24.23,0.00
randomArrays.txt,RecursiveInsertionSort,3,33.665500,23.21,0.00
randomArrays.txt,RecursiveInsertionSort,1,76.404300,25.56,0.00
randomArrays.txt,RecursiveInsertionSort,2,53.405200,21.94,0.00
randomArrays.txt,RecursiveInsertionSort,3,99.284700,23.61,0.00
randomArrays.txt,RecursiveInsertionSort,1,1.741100,0.00,0.00
randomArrays.txt,RecursiveInsertionSort,2,1.112400,0.00,0.00
randomArrays.txt,RecursiveInsertionSort,3,1.724700,0.00,0.00
randomArrays.txt,RecursiveInsertionSort,1,1.580600,0.00,0.00
randomArrays.txt,RecursiveInsertionSort,2,1.630500,239.57,0.00
randomArrays.txt,RecursiveInsertionSort,3,1.573900,0.00,0.00
randomArrays.txt,RecursiveInsertionSort,1,9.461000,41.29,0.00
randomArrays.txt,RecursiveInsertionSort,2,5.293800,0.00,0.00
randomArrays.txt,RecursiveInsertionSort,3,9.901300,39.45,0.00
randomArrays.txt,RecursiveInsertionSort,1,7.014100,0.00,0.00
randomArrays.txt,RecursiveInsertionSort,2,8.502800,45.94,0.00
randomArrays.txt,RecursiveInsertionSort,3,7.389400,0.00,0.00
randomArrays.txt,RecursiveInsertionSort,1,5.315100,0.00,0.00
randomArrays.txt,RecursiveInsertionSort,2,1.511400,0.00,0.00
randomArrays.txt,RecursiveInsertionSort,3,2.491100,0.00,0.00
randomArrays.txt,RecursiveInsertionSort,1,68.249400,22.89,0.00
randomArrays.txt,RecursiveInsertionSort,2,66.699300,23.43,0.00
randomArrays.txt,RecursiveInsertionSort,3,56.660200,20.68,0.00
randomArrays.txt,RecursiveInsertionSort,1,5.178400,0.00,0.00
randomArrays.txt,RecursiveInsertionSort,2,9.241100,42.27,0.00
randomArrays.txt,RecursiveInsertionSort,3,4.626600,0.00,0.00
randomArrays.txt,RecursiveInsertionSort,1,1.240500,0.00,0.00
randomArrays.txt,RecursiveInsertionSort,2,1.224400,0.00,0.00
randomArrays.txt,RecursiveInsertionSort,3,1.217500,0.00,0.00
randomArrays.txt,RecursiveInsertionSort,1,14.986400,26.07,0.00
randomArrays.txt,RecursiveInsertionSort,2,15.145900,25.79,0.00
randomArrays.txt,RecursiveInsertionSort,3,18.475200,42.29,0.00
randomArrays.txt,RecursiveInsertionSort,1,50.717400,23.11,0.00
randomArrays.txt,RecursiveInsertionSort,2,61.989500,25.21,0.00
randomArrays.txt,RecursiveInsertionSort,3,42.549200,27.54,0.00
randomArrays.txt,RecursiveInsertionSort,1,11.269700,34.66,0.00
randomArrays.txt,RecursiveInsertionSort,2,11.259800,34.69,0.00
randomArrays.txt,RecursiveInsertionSort,3,10.816600,36.11,0.00
randomArrays.txt,RecursiveInsertionSort,1,64.836500,24.10,0.00
randomArrays.txt,RecursiveInsertionSort,2,29.272400,26.69,0.00
randomArrays.txt,RecursiveInsertionSort,3,31.347400,24.92,0.00
randomArrays.txt,RecursiveInsertionSort,1,7.594600,51.43,0.00
randomArrays.txt,RecursiveInsertionSort,2,9.938600,39.30,0.00
randomArrays.txt,RecursiveInsertionSort,3,8.924100,0.00,0.00
randomArrays.txt,RecursiveInsertionSort,1,42.864900,27.34,0.00
randomArrays.txt,RecursiveInsertionSort,2,43.147800,18.11,0.00
randomArrays.txt,RecursiveInsertionSort,3,42.932700,18.20,0.00
randomArrays.txt,RecursiveInsertionSort,1,47.168300,24.84,0.00
randomArrays.txt,RecursiveInsertionSort,2,79.550900,24.55,0.00
randomArrays.txt,RecursiveInsertionSort,3,58.220900,26.84,0.00
randomArrays.txt,RecursiveInsertionSort,1,10.974600,35.59,0.00
randomArrays.txt,RecursiveInsertionSort,2,6.099800,0.00,0.00
randomArrays.txt,RecursiveInsertionSort,3,9.217100,42.38,0.00
randomArrays.txt,RecursiveInsertionSort,1,56.896700,20.60,0.00
randomArrays.txt,RecursiveInsertionSort,2,64.658700,24.17,0.00
randomArrays.txt,RecursiveInsertionSort,3,58.626200,19.99,0.00
randomArrays.txt,RecursiveInsertionSort,1,0.009900,0.00,0.00
randomArrays.txt,RecursiveInsertionSort,2,0.025700,0.00,0.00
randomArrays.txt,RecursiveInsertionSort,3,0.027900,0.00,0.00
randomArrays.txt,RecursiveInsertionSort,1,4.661900,0.00,0.00
randomArrays.txt,RecursiveInsertionSort,2,5.285200,0.00,0.00
randomArrays.txt,RecursiveInsertionSort,3,4.590000,85.10,0.00
randomArrays.txt,RecursiveInsertionSort,1,48.877600,23.98,0.00
randomArrays.txt,RecursiveInsertionSort,2,52.553200,22.30,0.00
randomArrays.txt,RecursiveInsertionSort,3,47.288300,24.78,0.00
randomArrays.txt,RecursiveInsertionSort,1,16.664600,23.44,0.00
randomArrays.txt,RecursiveInsertionSort,2,11.241600,34.75,0.00
randomArrays.txt,RecursiveInsertionSort,3,19.074900,20.48,0.00
randomArrays.txt,RecursiveInsertionSort,1,0.276600,0.00,0.00
randomArrays.txt,RecursiveInsertionSort,2,0.281000,0.00,0.00
randomArrays.txt,RecursiveInsertionSort,3,0.274500,0.00,0.00
randomArrays.txt,RecursiveInsertionSort,1,40.815200,28.71,0.00
randomArrays.txt,RecursiveInsertionSort,2,31.440900,24.85,0.00
randomArrays.txt,RecursiveInsertionSort,3,41.370600,28.33,0.00
randomArrays.txt,RecursiveInsertionSort,1,6.564300,0.00,0.00
randomArrays.txt,RecursiveInsertionSort,2,4.144500,94.25,0.00
randomArrays.txt,RecursiveInsertionSort,3,7.863200,0.00,0.00
randomArrays.txt,RecursiveInsertionSort,1,46.088300,25.43,0.00
randomArrays.txt,RecursiveInsertionSort,2,59.304400,26.35,0.00
randomArrays.txt,RecursiveInsertionSort,3,50.755400,23.09,0.00
randomArrays.txt,RecursiveInsertionSort,1,5.043800,0.00,0.00
randomArrays.txt,RecursiveInsertionSort,2,5.171100,75.54,0.00
randomArrays.txt,RecursiveInsertionSort,3,3.145700,0.00,0.00
randomArrays.txt,RecursiveInsertionSort,1,2.661700,0.00,0.00
randomArrays.txt,RecursiveInsertionSort,2,2.592500,150.68,0.00
randomArrays.txt,RecursiveInsertionSort,3,3.249700,0.00,0.00
randomArrays.txt,RecursiveInsertionSort,1,6.976200,0.00,0.00
randomArrays.txt,RecursiveInsertionSort,2,6.685900,58.43,0.00
randomArrays.txt,RecursiveInsertionSort,3,8.369800,0.00,0.00
randomArrays.txt,RecursiveInsertionSort,1,5.064300,0.00,0.00
randomArrays.txt,RecursiveInsertionSort,2,1.973700,197.92,0.00
randomArrays.txt,RecursiveInsertionSort,3,3.055700,0.00,0.00
randomArrays.txt,RecursiveInsertionSort,1,42.858000,27.34,0.00
randomArrays.txt,RecursiveInsertionSort,2,61.357400,25.47,0.00
randomArrays.txt,RecursiveInsertionSort,3,43.971500,26.65,0.00
randomArrays.txt,RecursiveInsertionSort,1,2.941400,132.80,0.00
randomArrays.txt,RecursiveInsertionSort,2,3.856200,0.00,0.00
randomArrays.txt,RecursiveInsertionSort,3,5.098500,0.00,0.00
randomArrays.txt,RecursiveInsertionSort,1,4.953000,78.87,0.00
randomArrays.txt,RecursiveInsertionSort,2,6.053000,0.00,0.00
randomArrays.txt,RecursiveInsertionSort,3,5.932200,65.85,0.00
randomArrays.txt,RecursiveInsertionSort,1,0.956200,0.00,0.00
randomArrays.txt,RecursiveInsertionSort,2,0.949400,0.00,0.00
randomArrays.txt,RecursiveInsertionSort,3,0.980100,0.00,0.00
randomArrays.txt,RecursiveInsertionSort,1,39.516700,29.66,0.00
randomArrays.txt,RecursiveInsertionSort,2,17.861900,21.87,0.00
randomArrays.txt,RecursiveInsertionSort,3,30.656800,25.48,0.00
randomArrays.txt,RecursiveInsertionSort,1,0.030500,0.00,0.00
randomArrays.txt,RecursiveInsertionSort,2,0.045500,0.00,0.00
randomArrays.txt,RecursiveInsertionSort,3,0.042400,0.00,0.00
randomArrays.txt,RecursiveInsertionSort,1,37.558900,31.20,0.00
randomArrays.txt,RecursiveInsertionSort,2,28.260800,27.64,0.00
randomArrays.txt,RecursiveInsertionSort,3,35.981600,21.71,0.00
randomArrays.txt,RecursiveInsertionSort,1,15.237100,25.64,0.00
randomArrays.txt,RecursiveInsertionSort,2,11.204800,34.86,0.00
randomArrays.txt,RecursiveInsertionSort,3,20.345700,19.20,0.00
randomArrays.txt,RecursiveInsertionSort,1,31.868800,24.51,0.00
randomArrays.txt,RecursiveInsertionSort,2,23.972800,16.29,0.00
randomArrays.txt,RecursiveInsertionSort,3,34.942700,22.36,0.00
randomArrays.txt,RecursiveInsertionSort,1,55.310500,21.19,0.00
randomArrays.txt,RecursiveInsertionSort,2,59.922300,26.08,0.00
randomArrays.txt,RecursiveInsertionSort,3,81.513600,23.96,0.00
randomArrays.txt,RecursiveInsertionSort,1,19.358600,20.18,0.00
randomArrays.txt,RecursiveInsertionSort,2,36.091900,32.47,0.00
randomArrays.txt,RecursiveInsertionSort,3,20.782300,18.80,0.00
randomArrays.txt,RecursiveInsertionSort,1,29.450600,26.53,0.00
randomArrays.txt,RecursiveInsertionSort,2,68.123000,28.67,0.00
randomArrays.txt,RecursiveInsertionSort,3,39.845700,19.61,0.00
randomArrays.txt,RecursiveInsertionSort,1,41.578700,28.18,0.00
randomArrays.txt,RecursiveInsertionSort,2,42.549100,27.54,0.00
randomArrays.txt,RecursiveInsertionSort,3,43.011800,27.25,0.00
randomArrays.txt,RecursiveInsertionSort,1,2.462400,0.00,0.00
randomArrays.txt,RecursiveInsertionSort,2,4.105000,0.00,0.00
randomArrays.txt,RecursiveInsertionSort,3,5.616900,0.00,0.00
randomArrays.txt,RecursiveInsertionSort,1,25.485600,15.33,0.00
randomArrays.txt,RecursiveInsertionSort,2,25.868700,30.20,0.00
randomArrays.txt,RecursiveInsertionSort,3,30.854800,25.32,0.00
randomArrays.txt,RecursiveInsertionSort,1,2.544600,0.00,0.00
randomArrays.txt,RecursiveInsertionSort,2,2.469200,0.00,0.00
randomArrays.txt,RecursiveInsertionSort,3,2.601800,0.00,0.00
randomArrays.txt,RecursiveInsertionSort,1,7.270700,53.73,0.00
randomArrays.txt,RecursiveInsertionSort,2,6.941100,0.00,0.00
randomArrays.txt,RecursiveInsertionSort,3,5.955600,65.59,0.00
randomArrays.txt,RecursiveInsertionSort,1,2.747400,142.18,0.00
randomArrays.txt,RecursiveInsertionSort,2,2.246600,0.00,0.00
randomArrays.txt,RecursiveInsertionSort,3,2.768700,0.00,0.00
randomArrays.txt,RecursiveInsertionSort,1,2.134400,0.00,0.00
randomArrays.txt,RecursiveInsertionSort,2,1.082600,0.00,0.00
randomArrays.txt,RecursiveInsertionSort,3,3.426800,0.00,0.00
randomArrays.txt,RecursiveInsertionSort,1,8.030000,48.65,0.00
randomArrays.txt,RecursiveInsertionSort,2,6.292900,0.00,0.00
randomArrays.txt,RecursiveInsertionSort,3,8.155400,47.90,0.00
randomArrays.txt,RecursiveInsertionSort,1,0.946700,0.00,0.00
randomArrays.txt,RecursiveInsertionSort,2,0.955400,0.00,0.00
randomArrays.txt,RecursiveInsertionSort,3,0.932200,0.00,0.00
randomArrays.txt,RecursiveInsertionSort,1,0.024600,0.00,0.00
randomArrays.txt,RecursiveInsertionSort,2,0.023500,0.00,0.00
randomArrays.txt,RecursiveInsertionSort,3,0.023700,0.00,0.00
randomArrays.txt,RecursiveInsertionSort,1,10.839000,36.04,0.00
randomArrays.txt,RecursiveInsertionSort,2,10.503700,0.00,0.00
randomArrays.txt,RecursiveInsertionSort,3,7.626500,51.22,0.00
randomArrays.txt,RecursiveInsertionSort,1,28.179700,13.86,0.00
randomArrays.txt,RecursiveInsertionSort,2,32.981100,23.69,0.00
randomArrays.txt,RecursiveInsertionSort,3,32.188400,24.27,0.00
randomArrays.txt,RecursiveInsertionSort,1,4.821500,0.00,0.00
randomArrays.txt,RecursiveInsertionSort,2,8.212700,47.56,0.00
randomArrays.txt,RecursiveInsertionSort,3,6.190700,0.00,0.00
randomArrays.txt,RecursiveInsertionSort,1,9.072800,0.00,0.00
randomArrays.txt,RecursiveInsertionSort,2,8.622700,45.30,0.00
randomArrays.txt,RecursiveInsertionSort,3,11.659600,33.50,0.00
randomArrays.txt,RecursiveInsertionSort,1,47.619400,24.61,0.00
randomArrays.txt,RecursiveInsertionSort,2,47.784900,24.52,0.00
randomArrays.txt,RecursiveInsertionSort,3,47.168900,24.84,0.00
randomArrays.txt,RecursiveInsertionSort,1,22.502800,34.72,0.00
randomArrays.txt,RecursiveInsertionSort,2,16.305800,23.96,0.00
randomArrays.txt,RecursiveInsertionSort,3,15.813300,24.70,0.00
randomArrays.txt,RecursiveInsertionSort,1,0.140500,0.00,0.00
randomArrays.txt,RecursiveInsertionSort,2,0.143000,0.00,0.00
randomArrays.txt,RecursiveInsertionSort,3,0.140300,0.00,0.00
randomArrays.txt,RecursiveInsertionSort,1,14.309200,27.30,0.00
randomArrays.txt,RecursiveInsertionSort,2,15.498800,25.20,0.00
randomArrays.txt,RecursiveInsertionSort,3,15.777300,24.76,0.00
randomArrays.txt,RecursiveInsertionSort,1,0.216900,0.00,0.00
randomArrays.txt,RecursiveInsertionSort,2,0.076600,0.00,0.00
randomArrays.txt,RecursiveInsertionSort,3,0.211900,0.00,0.00
randomArrays.txt,RecursiveInsertionSort,1,13.839400,0.00,0.00
randomArrays.txt,RecursiveInsertionSort,2,16.597100,47.07,0.00
randomArrays.txt,RecursiveInsertionSort,3,32.469400,24.06,0.00
randomArrays.txt,RecursiveInsertionSort,1,34.285200,22.79,0.00
randomArrays.txt,RecursiveInsertionSort,2,37.278200,20.96,0.00
randomArrays.txt,RecursiveInsertionSort,3,65.314100,23.92,0.00
randomArrays.txt,RecursiveInsertionSort,1,0.363400,0.00,0.00
randomArrays.txt,RecursiveInsertionSort,2,0.355100,0.00,0.00
randomArrays.txt,RecursiveInsertionSort,3,0.353800,0.00,0.00
randomArrays.txt,RecursiveInsertionSort,1,20.125900,19.41,0.00
randomArrays.txt,RecursiveInsertionSort,2,39.837600,19.61,0.00
randomArrays.txt,RecursiveInsertionSort,3,40.124800,29.21,0.00
randomArrays.txt,RecursiveInsertionSort,1,14.455100,27.02,0.00
randomArrays.txt,RecursiveInsertionSort,2,15.558500,25.11,0.00
randomArrays.txt,RecursiveInsertionSort,3,15.483200,25.23,0.00
randomArrays.txt,RecursiveInsertionSort,1,7.448400,0.00,0.00
randomArrays.txt,RecursiveInsertionSort,2,11.551500,33.82,0.00
randomArrays.txt,RecursiveInsertionSort,3,12.670900,30.83,0.00
randomArrays.txt,RecursiveInsertionSort,1,13.993800,27.91,0.00
randomArrays.txt,RecursiveInsertionSort,2,13.724000,0.00,0.00
randomArrays.txt,RecursiveInsertionSort,3,12.519400,0.00,0.00
randomArrays.txt,RecursiveInsertionSort,1,0.872800,447.55,0.00
randomArrays.txt,RecursiveInsertionSort,2,0.846300,0.00,0.00
randomArrays.txt,RecursiveInsertionSort,3,0.919700,0.00,0.00
randomArrays.txt,RecursiveInsertionSort,1,13.742300,28.43,0.00
randomArrays.txt,RecursiveInsertionSort,2,15.181100,25.73,0.00
randomArrays.txt,RecursiveInsertionSort,3,18.361600,21.27,0.00
randomArrays.txt,RecursiveInsertionSort,1,37.800400,20.67,0.00
randomArrays.txt,RecursiveInsertionSort,2,39.717800,29.51,0.00
randomArrays.txt,RecursiveInsertionSort,3,36.974300,21.13,0.00
randomArrays.txt,RecursiveInsertionSort,1,64.843300,30.12,0.00
randomArrays.txt,RecursiveInsertionSort,2,65.208600,23.96,0.00
randomArrays.txt,RecursiveInsertionSort,3,76.219700,25.62,0.00
randomArrays.txt,RecursiveInsertionSort,1,41.532200,28.22,0.00
randomArrays.txt,RecursiveInsertionSort,2,55.003700,21.31,0.00
randomArrays.txt,RecursiveInsertionSort,3,42.579200,27.52,0.00
randomArrays.txt,RecursiveInsertionSort,1,19.677200,19.85,0.00
randomArrays.txt,RecursiveInsertionSort,2,25.991000,30.06,0.00
randomArrays.txt,RecursiveInsertionSort,3,29.230800,26.73,0.00
randomArrays.txt,RecursiveInsertionSort,1,15.532600,25.15,0.00
randomArrays.txt,RecursiveInsertionSort,2,9.699800,40.27,0.00
randomArrays.txt,RecursiveInsertionSort,3,13.894400,28.11,0.00
randomArrays.txt,RecursiveInsertionSort,1,73.567800,26.55,0.00
randomArrays.txt,RecursiveInsertionSort,2,76.601700,25.50,0.00
randomArrays.txt,RecursiveInsertionSort,3,57.803500,20.27,0.00
randomArrays.txt,RecursiveInsertionSort,1,2.913300,0.00,0.00
randomArrays.txt,RecursiveInsertionSort,2,3.249800,120.20,0.00
randomArrays.txt,RecursiveInsertionSort,3,3.252900,0.00,0.00
randomArrays.txt,RecursiveInsertionSort,1,28.993800,26.95,0.00
randomArrays.txt,RecursiveInsertionSort,2,30.948000,25.24,0.00
randomArrays.txt,RecursiveInsertionSort,3,44.162100,26.54,0.00
randomArrays.txt,RecursiveInsertionSort,1,4.491800,0.00,0.00
randomArrays.txt,RecursiveInsertionSort,2,6.226800,62.73,0.00
randomArrays.txt,RecursiveInsertionSort,3,4.594400,0.00,0.00
randomArrays.txt,RecursiveInsertionSort,1,12.418100,0.00,0.00
randomArrays.txt,RecursiveInsertionSort,2,12.157400,32.13,0.00
randomArrays.txt,RecursiveInsertionSort,3,5.817600,67.15,0.00
randomArrays.txt,RecursiveInsertionSort,1,0.138600,0.00,0.00
randomArrays.txt,RecursiveInsertionSort,2,0.228100,0.00,0.00
randomArrays.txt,RecursiveInsertionSort,3,0.131500,0.00,0.00
randomArrays.txt,RecursiveInsertionSort,1,64.801200,30.14,0.00
randomArrays.txt,RecursiveInsertionSort,2,62.627200,24.95,0.00
randomArrays.txt,RecursiveInsertionSort,3,42.643600,18.32,0.00
randomArrays.txt,RecursiveInsertionSort,1,13.257900,29.46,0.00
randomArrays.txt,RecursiveInsertionSort,2,12.661600,30.85,0.00
randomArrays.txt,RecursiveInsertionSort,3,14.387900,27.15,0.00
randomArrays.txt,RecursiveInsertionSort,1,45.037800,26.02,0.00
randomArrays.txt,RecursiveInsertionSort,2,45.755100,25.61,0.00
randomArrays.txt,RecursiveInsertionSort,3,32.045700,24.38,0.00
randomArrays.txt,RecursiveInsertionSort,1,13.747500,28.41,0.00
randomArrays.txt,RecursiveInsertionSort,2,11.086700,35.23,0.00
randomArrays.txt,RecursiveInsertionSort,3,14.262600,27.39,0.00
randomArrays.txt,RecursiveInsertionSort,1,37.129200,21.04,0.00
randomArrays.txt,RecursiveInsertionSort,2,44.298500,26.45,0.00
randomArrays.txt,RecursiveInsertionSort,3,49.173500,23.83,0.00
randomArrays.txt,RecursiveInsertionSort,1,26.015100,30.03,0.00
randomArrays.txt,RecursiveInsertionSort,2,24.853900,31.43,0.00
randomArrays.txt,RecursiveInsertionSort,3,24.860200,15.71,0.00
randomArrays.txt,RecursiveInsertionSort,1,16.560400,23.59,0.00
randomArrays.txt,RecursiveInsertionSort,2,36.070600,21.66,0.00
randomArrays.txt,RecursiveInsertionSort,3,27.297600,28.62,0.00
randomArrays.txt,RecursiveInsertionSort,1,26.756800,29.20,0.00
randomArrays.txt,RecursiveInsertionSort,2,34.889900,22.39,0.00
randomArrays.txt,RecursiveInsertionSort,3,31.989900,24.42,0.00
randomArrays.txt,RecursiveInsertionSort,1,1.434100,0.00,0.00
randomArrays.txt,RecursiveInsertionSort,2,2.055600,0.00,0.00
randomArrays.txt,RecursiveInsertionSort,3,1.849300,0.00,0.00
randomArrays.txt,RecursiveInsertionSort,1,28.286000,27.62,0.00
randomArrays.txt,RecursiveInsertionSort,2,26.128700,14.95,0.00
randomArrays.txt,RecursiveInsertionSort,3,20.764600,37.62,0.00
randomArrays.txt,RecursiveInsertionSort,1,5.571000,0.00,0.00
randomArrays.txt,RecursiveInsertionSort,2,5.704500,68.48,0.00
randomArrays.txt,RecursiveInsertionSort,3,5.655900,0.00,0.00
randomArrays.txt,RecursiveInsertionSort,1,40.015000,19.52,0.00
randomArrays.txt,RecursiveInsertionSort,2,35.377200,22.08,0.00
randomArrays.txt,RecursiveInsertionSort,3,34.736600,22.49,0.00
randomArrays.txt,RecursiveInsertionSort,1,47.529900,24.66,0.00
randomArrays.txt,RecursiveInsertionSort,2,43.550700,26.91,0.00
randomArrays.txt,RecursiveInsertionSort,3,49.166100,23.84,0.00
randomArrays.txt,RecursiveInsertionSort,1,6.544700,59.69,0.00
randomArrays.txt,RecursiveInsertionSort,2,7.285100,0.00,0.00
randomArrays.txt,RecursiveInsertionSort,3,5.737700,68.08,0.00
randomArrays.txt,RecursiveInsertionSort,1,0.193100,0.00,0.00
randomArrays.txt,RecursiveInsertionSort,2,0.198900,0.00,0.00
randomArrays.txt,RecursiveInsertionSort,3,0.136900,0.00,0.00
randomArrays.txt,RecursiveInsertionSort,1,0.185700,0.00,0.00
randomArrays.txt,RecursiveInsertionSort,2,0.180200,0.00,0.00
randomArrays.txt,RecursiveInsertionSort,3,0.183000,0.00,0.00
randomArrays.txt,RecursiveInsertionSort,1,3.328200,0.00,0.00
randomArrays.txt,RecursiveInsertionSort,2,6.148900,0.00,0.00
randomArrays.txt,RecursiveInsertionSort,3,5.361800,0.00,0.00
randomArrays.txt,RecursiveInsertionSort,1,15.060400,0.00,0.00
randomArrays.txt,RecursiveInsertionSort,2,21.841200,17.88,0.00
randomArrays.txt,RecursiveInsertionSort,3,22.990700,33.98,0.00
randomArrays.txt,RecursiveInsertionSort,1,25.261600,30.93,0.00
randomArrays.txt,RecursiveInsertionSort,2,12.226500,31.95,0.00
randomArrays.txt,RecursiveInsertionSort,3,13.083900,29.86,0.00
randomArrays.txt,RecursiveInsertionSort,1,49.964300,23.45,0.00
randomArrays.txt,RecursiveInsertionSort,2,47.149200,24.85,0.00
randomArrays.txt,RecursiveInsertionSort,3,37.054100,21.08,0.00
randomArrays.txt,RecursiveInsertionSort,1,3.758100,0.00,0.00
randomArrays.txt,RecursiveInsertionSort,2,2.082800,0.00,0.00
randomArrays.txt,RecursiveInsertionSort,3,3.180500,0.00,0.00
randomArrays.txt,RecursiveInsertionSort,1,6.011200,64.98,0.00
randomArrays.txt,RecursiveInsertionSort,2,10.888200,35.88,0.00
randomArrays.txt,RecursiveInsertionSort,3,9.657600,0.00,0.00
randomArrays.txt,RecursiveInsertionSort,1,26.363000,14.82,0.00
randomArrays.txt,RecursiveInsertionSort,2,29.225300,26.73,0.00
randomArrays.txt,RecursiveInsertionSort,3,20.283600,19.26,0.00
randomArrays.txt,RecursiveInsertionSort,1,59.628900,26.20,0.00
randomArrays.txt,RecursiveInsertionSort,2,29.688500,26.31,0.00
randomArrays.txt,RecursiveInsertionSort,3,72.996000,26.76,0.00
randomArrays.txt,RecursiveInsertionSort,1,15.674000,24.92,0.00
randomArrays.txt,RecursiveInsertionSort,2,23.188900,33.69,0.00
randomArrays.txt,RecursiveInsertionSort,3,25.277000,15.45,0.00
randomArrays.txt,RecursiveInsertionSort,1,36.899300,21.17,0.00
randomArrays.txt,RecursiveInsertionSort,2,36.909600,21.17,0.00
randomArrays.txt,RecursiveInsertionSort,3,36.602800,32.02,0.00
randomArrays.txt,RecursiveInsertionSort,1,48.440000,24.19,0.00
randomArrays.txt,RecursiveInsertionSort,2,71.121000,27.46,0.00
randomArrays.txt,RecursiveInsertionSort,3,43.969400,26.65,0.00
randomArrays.txt,RecursiveInsertionSort,1,0.093000,0.00,0.00
randomArrays.txt,RecursiveInsertionSort,2,0.112500,0.00,0.00
randomArrays.txt,RecursiveInsertionSort,3,0.158500,0.00,0.00
randomArrays.txt,RecursiveInsertionSort,1,34.349700,22.74,0.00
randomArrays.txt,RecursiveInsertionSort,2,36.021600,32.53,0.00
randomArrays.txt,RecursiveInsertionSort,3,14.637000,26.69,0.00
randomArrays.txt,RecursiveInsertionSort,1,0.151000,0.00,0.00
randomArrays.txt,RecursiveInsertionSort,2,0.148600,0.00,0.00
randomArrays.txt,RecursiveInsertionSort,3,0.148700,0.00,0.00
randomArrays.txt,RecursiveInsertionSort,1,4.434000,0.00,0.00
randomArrays.txt,RecursiveInsertionSort,2,9.742300,40.10,0.00
randomArrays.txt,RecursiveInsertionSort,3,9.504400,41.10,0.00
randomArrays.txt,RecursiveInsertionSort,1,2.056400,0.00,0.00
randomArrays.txt,RecursiveInsertionSort,2,2.139500,182.58,0.00
randomArrays.txt,RecursiveInsertionSort,3,1.497600,0.00,0.00
randomArrays.txt,RecursiveInsertionSort,1,0.258200,0.00,0.00
randomArrays.txt,RecursiveInsertionSort,2,2.035000,0.00,0.00
randomArrays.txt,RecursiveInsertionSort,3,0.391800,0.00,0.00
randomArrays.txt,RecursiveInsertionSort,1,0.533400,0.00,0.00
randomArrays.txt,RecursiveInsertionSort,2,1.210700,0.00,0.00
randomArrays.txt,RecursiveInsertionSort,3,1.025700,0.00,0.00
randomArrays.txt,RecursiveInsertionSort,1,14.168300,0.00,0.00
randomArrays.txt,RecursiveInsertionSort,2,35.539600,32.97,0.00
randomArrays.txt,RecursiveInsertionSort,3,19.138100,20.41,0.00
randomArrays.txt,RecursiveInsertionSort,1,30.061800,12.99,0.00
randomArrays.txt,RecursiveInsertionSort,2,52.282200,22.41,0.00
randomArrays.txt,RecursiveInsertionSort,3,41.394900,28.31,0.00
randomArrays.txt,RecursiveInsertionSort,1,7.500100,52.08,0.00
randomArrays.txt,RecursiveInsertionSort,2,7.212300,0.00,0.00
randomArrays.txt,RecursiveInsertionSort,3,7.886600,49.53,0.00
randomArrays.txt,RecursiveInsertionSort,1,57.294800,13.64,0.00
randomArrays.txt,RecursiveInsertionSort,2,78.155400,14.99,0.00
randomArrays.txt,RecursiveInsertionSort,3,31.808400,24.56,0.00
randomArrays.txt,RecursiveInsertionSort,1,0.390800,0.00,0.00
randomArrays.txt,RecursiveInsertionSort,2,0.426500,0.00,0.00
randomArrays.txt,RecursiveInsertionSort,3,0.882300,0.00,0.00
randomArrays.txt,RecursiveInsertionSort,1,48.932800,23.95,0.00
randomArrays.txt,RecursiveInsertionSort,2,33.631300,23.23,0.00
randomArrays.txt,RecursiveInsertionSort,3,32.863400,23.77,0.00
randomArrays.txt,RecursiveInsertionSort,1,47.919700,24.45,0.00
randomArrays.txt,RecursiveInsertionSort,2,44.209600,26.51,0.00
randomArrays.txt,RecursiveInsertionSort,3,48.930600,23.95,0.00
randomArrays.txt,RecursiveInsertionSort,1,51.603300,22.71,0.00
randomArrays.txt,RecursiveInsertionSort,2,44.874100,26.11,0.00
randomArrays.txt,RecursiveInsertionSort,3,55.353200,28.23,0.00
randomArrays.txt,RecursiveInsertionSort,1,0.610500,0.00,0.00
randomArrays.txt,RecursiveInsertionSort,2,0.616100,0.00,0.00
randomArrays.txt,RecursiveInsertionSort,3,0.619700,0.00,0.00
randomArrays.txt,RecursiveInsertionSort,1,62.958800,24.82,0.00
randomArrays.txt,RecursiveInsertionSort,2,53.400000,21.95,0.00
randomArrays.txt,RecursiveInsertionSort,3,77.331900,25.26,0.00
randomArrays.txt,RecursiveInsertionSort,1,32.882100,23.76,0.00
randomArrays.txt,RecursiveInsertionSort,2,14.171800,27.56,0.00
randomArrays.txt,RecursiveInsertionSort,3,15.471000,25.25,0.00
randomArrays.txt,RecursiveInsertionSort,1,46.677900,25.11,0.00
randomArrays.txt,RecursiveInsertionSort,2,26.414200,29.58,0.00
randomArrays.txt,RecursiveInsertionSort,3,46.797300,25.04,0.00
randomArrays.txt,RecursiveInsertionSort,1,25.777400,15.15,0.00
randomArrays.txt,RecursiveInsertionSort,2,25.653300,30.45,0.00
randomArrays.txt,RecursiveInsertionSort,3,29.428400,26.55,0.00
randomArrays.txt,RecursiveInsertionSort,1,0.316800,0.00,0.00
randomArrays.txt,RecursiveInsertionSort,2,0.319800,0.00,0.00
randomArrays.txt,RecursiveInsertionSort,3,0.453600,0.00,0.00
randomArrays.txt,RecursiveInsertionSort,1,7.307000,0.00,0.00
randomArrays.txt,RecursiveInsertionSort,2,5.270900,74.11,0.00
randomArrays.txt,RecursiveInsertionSort,3,5.270700,0.00,0.00
randomArrays.txt,RecursiveInsertionSort,1,43.726700,26.80,0.00
randomArrays.txt,RecursiveInsertionSort,2,33.219400,23.52,0.00
randomArrays.txt,RecursiveInsertionSort,3,54.606900,28.61,0.00
randomArrays.txt,RecursiveInsertionSort,1,1.725000,0.00,0.00
randomArrays.txt,RecursiveInsertionSort,2,1.728900,225.94,0.00
randomArrays.txt,RecursiveInsertionSort,3,2.406800,0.00,0.00
randomArrays.txt,RecursiveInsertionSort,1,2.746000,0.00,0.00
randomArrays.txt,RecursiveInsertionSort,2,3.012800,0.00,0.00
randomArrays.txt,RecursiveInsertionSort,3,2.938100,0.00,0.00
randomArrays.txt,RecursiveInsertionSort,1,14.037000,27.83,0.00
randomArrays.txt,RecursiveInsertionSort,2,16.702100,23.39,0.00
randomArrays.txt,RecursiveInsertionSort,3,15.036100,25.98,0.00
randomArrays.txt,RecursiveInsertionSort,1,42.686600,27.45,0.00
randomArrays.txt,RecursiveInsertionSort,2,62.099800,25.16,0.00
randomArrays.txt,RecursiveInsertionSort,3,48.402400,24.21,0.00
randomArrays.txt,RecursiveInsertionSort,1,13.810800,28.28,0.00
randomArrays.txt,RecursiveInsertionSort,2,13.456700,29.03,0.00
randomArrays.txt,RecursiveInsertionSort,3,6.568700,0.00,0.00
randomArrays.txt,RecursiveInsertionSort,1,6.911500,56.52,0.00
randomArrays.txt,RecursiveInsertionSort,2,5.405900,0.00,0.00
randomArrays.txt,RecursiveInsertionSort,3,4.031700,0.00,0.00
randomArrays.txt,RecursiveInsertionSort,1,0.618500,0.00,0.00
randomArrays.txt,RecursiveInsertionSort,2,0.465700,0.00,0.00
randomArrays.txt,RecursiveInsertionSort,3,0.476900,0.00,0.00
randomArrays.txt,RecursiveInsertionSort,1,14.376000,0.00,0.00
randomArrays.txt,RecursiveInsertionSort,2,13.674900,0.00,0.00
randomArrays.txt,RecursiveInsertionSort,3,10.294400,37.95,0.00
randomArrays.txt,RecursiveInsertionSort,1,3.908300,0.00,0.00
randomArrays.txt,RecursiveInsertionSort,2,4.196900,93.07,0.00
randomArrays.txt,RecursiveInsertionSort,3,3.254000,0.00,0.00
randomArrays.txt,RecursiveInsertionSort,1,11.197200,34.89,0.00
randomArrays.txt,RecursiveInsertionSort,2,14.786000,26.42,0.00
randomArrays.txt,RecursiveInsertionSort,3,15.768000,24.77,0.00
randomArrays.txt,RecursiveInsertionSort,1,32.546500,36.01,0.00
randomArrays.txt,RecursiveInsertionSort,2,49.551300,23.65,0.00
randomArrays.txt,RecursiveInsertionSort,3,35.279200,22.14,0.00
randomArrays.txt,RecursiveInsertionSort,1,50.920900,23.01,0.00
randomArrays.txt,RecursiveInsertionSort,2,30.293100,25.79,0.00
randomArrays.txt,RecursiveInsertionSort,3,39.269200,19.89,0.00
randomArrays.txt,RecursiveInsertionSort,1,5.411200,0.00,0.00
randomArrays.txt,RecursiveInsertionSort,2,2.785100,0.00,0.00
randomArrays.txt,RecursiveInsertionSort,3,4.501700,0.00,0.00
randomArrays.txt,RecursiveInsertionSort,1,35.356000,22.10,0.00
randomArrays.txt,RecursiveInsertionSort,2,24.279800,16.09,0.00
randomArrays.txt,RecursiveInsertionSort,3,33.639800,34.84,0.00
randomArrays.txt,RecursiveInsertionSort,1,1.459100,0.00,0.00
randomArrays.txt,RecursiveInsertionSort,2,1.451700,0.00,0.00
randomArrays.txt,RecursiveInsertionSort,3,1.440700,0.00,0.00
randomArrays.txt,RecursiveInsertionSort,1,4.020100,0.00,0.00
randomArrays.txt,RecursiveInsertionSort,2,4.889000,0.00,0.00
randomArrays.txt,RecursiveInsertionSort,3,3.834100,101.88,0.00
randomArrays.txt,RecursiveInsertionSort,1,58.382600,26.76,0.00
randomArrays.txt,RecursiveInsertionSort,2,40.727800,28.77,0.00
randomArrays.txt,RecursiveInsertionSort,3,56.676200,20.68,0.00
randomArrays.txt,RecursiveInsertionSort,1,14.338400,27.24,0.00
randomArrays.txt,RecursiveInsertionSort,2,18.477300,21.14,0.00
randomArrays.txt,RecursiveInsertionSort,3,18.151000,21.52,0.00
randomArrays.txt,RecursiveInsertionSort,1,14.749800,0.00,0.00
randomArrays.txt,RecursiveInsertionSort,2,11.501400,33.96,0.00
randomArrays.txt,RecursiveInsertionSort,3,14.035100,27.83,0.00
randomArrays.txt,RecursiveInsertionSort,1,39.514000,29.66,0.00
randomArrays.txt,RecursiveInsertionSort,2,26.659000,14.65,0.00
randomArrays.txt,RecursiveInsertionSort,3,40.634100,28.84,0.00
randomArrays.txt,RecursiveInsertionSort,1,24.782100,15.76,0.00
randomArrays.txt,RecursiveInsertionSort,2,16.241000,24.05,0.00
randomArrays.txt,RecursiveInsertionSort,3,23.205800,33.67,0.00
randomArrays.txt,RecursiveInsertionSort,1,1.722800,0.00,0.00
randomArrays.txt,RecursiveInsertionSort,2,1.716200,0.00,0.00
randomArrays.txt,RecursiveInsertionSort,3,1.707300,0.00,0.00
randomArrays.txt,RecursiveInsertionSort,1,1.455400,0.00,0.00
randomArrays.txt,RecursiveInsertionSort,2,1.445600,0.00,0.00
randomArrays.txt,RecursiveInsertionSort,3,1.476700,0.00,0.00
randomArrays.txt,RecursiveInsertionSort,1,55.807600,28.00,0.00
randomArrays.txt,RecursiveInsertionSort,2,68.928100,22.67,0.00
randomArrays.txt,RecursiveInsertionSort,3,68.780200,28.40,0.00
randomArrays.txt,RecursiveInsertionSort,1,33.687900,23.19,0.00
randomArrays.txt,RecursiveInsertionSort,2,31.902900,24.49,0.00
randomArrays.txt,RecursiveInsertionSort,3,31.160500,25.07,0.00
randomArrays.txt,RecursiveInsertionSort,1,46.434000,25.24,0.00
randomArrays.txt,RecursiveInsertionSort,2,63.608400,24.56,0.00
randomArrays.txt,RecursiveInsertionSort,3,62.548000,24.98,0.00
randomArrays.txt,RecursiveInsertionSort,1,20.248000,19.29,0.00
randomArrays.txt,RecursiveInsertionSort,2,35.068300,33.42,0.00
randomArrays.txt,RecursiveInsertionSort,3,27.187900,14.37,0.00
randomArrays.txt,RecursiveInsertionSort,1,52.524700,29.75,0.00
randomArrays.txt,RecursiveInsertionSort,2,34.086200,22.92,0.00
randomArrays.txt,RecursiveInsertionSort,3,39.036300,20.01,0.00
randomArrays.txt,RecursiveInsertionSort,1,4.289900,0.00,0.00
randomArrays.txt,RecursiveInsertionSort,2,5.926100,65.92,0.00
randomArrays.txt,RecursiveInsertionSort,3,3.110700,0.00,0.00
randomArrays.txt,RecursiveInsertionSort,1,52.207900,22.45,0.00
randomArrays.txt,RecursiveInsertionSort,2,50.494000,23.21,0.00
randomArrays.txt,RecursiveInsertionSort,3,48.110000,24.36,0.00
randomArrays.txt,RecursiveInsertionSort,1,8.535200,45.77,0.00
randomArrays.txt,RecursiveInsertionSort,2,7.200200,0.00,0.00
randomArrays.txt,RecursiveInsertionSort,3,11.140300,35.06,0.00
randomArrays.txt,RecursiveInsertionSort,1,9.275300,42.11,0.00
randomArrays.txt,RecursiveInsertionSort,2,5.142300,0.00,0.00
randomArrays.txt,RecursiveInsertionSort,3,10.185800,38.35,0.00
randomArrays.txt,RecursiveInsertionSort,1,11.087300,35.23,0.00
randomArrays.txt,RecursiveInsertionSort,2,11.511900,33.93,0.00
randomArrays.txt,RecursiveInsertionSort,3,9.178600,42.56,0.00
randomArrays.txt,RecursiveInsertionSort,1,12.106400,32.27,0.00
randomArrays.txt,RecursiveInsertionSort,2,8.732000,0.00,0.00
randomArrays.txt,RecursiveInsertionSort,3,16.211300,24.10,0.00
randomArrays.txt,RecursiveInsertionSort,1,3.694300,0.00,0.00
randomArrays.txt,RecursiveInsertionSort,2,4.139900,0.00,0.00
randomArrays.txt,RecursiveInsertionSort,3,3.710100,105.29,0.00
randomArrays.txt,RecursiveInsertionSort,1,5.130300,76.14,0.00
randomArrays.txt,RecursiveInsertionSort,2,10.429400,0.00,0.00
randomArrays.txt,RecursiveInsertionSort,3,11.377800,0.00,0.00
randomArrays.txt,RecursiveInsertionSort,1,2.957900,0.00,0.00
randomArrays.txt,RecursiveInsertionSort,2,3.588800,108.85,0.00
randomArrays.txt,RecursiveInsertionSort,3,2.568300,0.00,0.00
randomArrays.txt,RecursiveInsertionSort,1,5.774400,0.00,0.00
randomArrays.txt,RecursiveInsertionSort,2,5.983800,65.28,0.00
randomArrays.txt,RecursiveInsertionSort,3,6.953600,0.00,0.00
randomArrays.txt,RecursiveInsertionSort,1,12.705400,30.74,0.00
randomArrays.txt,RecursiveInsertionSort,2,10.517300,0.00,0.00
randomArrays.txt,RecursiveInsertionSort,3,9.286300,42.06,0.00
randomArrays.txt,RecursiveInsertionSort,1,52.114800,22.49,0.00
randomArrays.txt,RecursiveInsertionSort,2,42.450900,27.61,0.00
randomArrays.txt,RecursiveInsertionSort,3,61.605600,25.36,0.00
randomArrays.txt,RecursiveInsertionSort,1,32.069600,24.36,0.00
randomArrays.txt,RecursiveInsertionSort,2,22.393300,17.44,0.00
randomArrays.txt,RecursiveInsertionSort,3,37.124900,21.04,0.00
randomArrays.txt,RecursiveInsertionSort,1,0.385800,0.00,0.00
randomArrays.txt,RecursiveInsertionSort,2,0.408200,0.00,0.00
randomArrays.txt,RecursiveInsertionSort,3,0.410100,0.00,0.00
randomArrays.txt,RecursiveInsertionSort,1,12.395900,31.51,0.00
randomArrays.txt,RecursiveInsertionSort,2,9.259800,0.00,0.00
randomArrays.txt,RecursiveInsertionSort,3,11.235600,34.77,0.00
randomArrays.txt,RecursiveInsertionSort,1,50.121500,23.38,0.00
randomArrays.txt,RecursiveInsertionSort,2,28.607400,27.31,0.00
randomArrays.txt,RecursiveInsertionSort,3,49.407300,23.72,0.00
randomArrays.txt,RecursiveInsertionSort,1,24.659800,15.84,0.00
randomArrays.txt,RecursiveInsertionSort,2,31.053100,25.16,0.00
randomArrays.txt,RecursiveInsertionSort,3,25.687500,30.41,0.00
randomArrays.txt,RecursiveInsertionSort,1,3.504700,0.00,0.00
randomArrays.txt,RecursiveInsertionSort,2,6.071300,64.34,0.00
randomArrays.txt,RecursiveInsertionSort,3,5.000700,0.00,0.00
randomArrays.txt,RecursiveInsertionSort,1,11.710400,33.36,0.00
randomArrays.txt,RecursiveInsertionSort,2,6.474500,0.00,0.00
randomArrays.txt,RecursiveInsertionSort,3,9.394200,41.58,0.00
randomArrays.txt,RecursiveInsertionSort,1,47.010900,24.93,0.00
randomArrays.txt,RecursiveInsertionSort,2,34.206500,22.84,0.00
randomArrays.txt,RecursiveInsertionSort,3,52.412300,29.81,0.00
randomArrays.txt,RecursiveInsertionSort,1,12.195200,32.03,0.00
randomArrays.txt,RecursiveInsertionSort,2,10.019100,38.99,0.00
randomArrays.txt,RecursiveInsertionSort,3,9.592700,0.00,0.00
randomArrays.txt,RecursiveInsertionSort,1,40.690900,28.80,0.00
randomArrays.txt,RecursiveInsertionSort,2,40.421500,19.33,0.00
randomArrays.txt,RecursiveInsertionSort,3,22.178600,35.23,0.00
randomArrays.txt,RecursiveInsertionSort,1,68.700800,28.43,0.00
randomArrays.txt,RecursiveInsertionSort,2,42.711500,27.44,0.00
randomArrays.txt,RecursiveInsertionSort,3,68.603300,22.78,0.00
randomArrays.txt,RecursiveInsertionSort,1,50.349500,31.03,0.00
randomArrays.txt,RecursiveInsertionSort,2,63.960400,24.43,0.00
randomArrays.txt,RecursiveInsertionSort,3,43.324300,27.05,0.00
randomArrays.txt,RecursiveInsertionSort,1,53.753200,29.07,0.00
randomArrays.txt,RecursiveInsertionSort,2,52.045500,22.52,0.00
randomArrays.txt,RecursiveInsertionSort,3,46.108900,25.42,0.00
randomArrays.txt,RecursiveInsertionSort,1,0.152100,0.00,0.00
randomArrays.txt,RecursiveInsertionSort,2,0.105300,0.00,0.00
randomArrays.txt,RecursiveInsertionSort,3,0.147200,0.00,0.00
randomArrays.txt,RecursiveInsertionSort,1,10.683400,36.56,0.00
randomArrays.txt,RecursiveInsertionSort,2,9.326300,0.00,0.00
randomArrays.txt,RecursiveInsertionSort,3,6.290800,62.09,0.00
randomArrays.txt,RecursiveInsertionSort,1,11.166800,34.98,0.00
randomArrays.txt,RecursiveInsertionSort,2,20.238900,19.30,0.00
randomArrays.txt,RecursiveInsertionSort,3,11.242200,34.75,0.00
randomArrays.txt,RecursiveInsertionSort,1,29.514300,26.47,0.00
randomArrays.txt,RecursiveInsertionSort,2,33.039200,23.65,0.00
randomArrays.txt,RecursiveInsertionSort,3,22.363600,17.47,0.00
randomArrays.txt,RecursiveInsertionSort,1,29.300400,26.66,0.00
randomArrays.txt,RecursiveInsertionSort,2,25.900600,30.16,0.00
randomArrays.txt,RecursiveInsertionSort,3,23.625500,16.53,0.00
randomArrays.txt,RecursiveInsertionSort,1,3.132400,0.00,0.00
randomArrays.txt,RecursiveInsertionSort,2,3.441100,113.52,0.00
randomArrays.txt,RecursiveInsertionSort,3,3.295800,0.00,0.00
randomArrays.txt,RecursiveInsertionSort,1,0.810900,0.00,0.00
randomArrays.txt,RecursiveInsertionSort,2,0.802100,0.00,0.00
randomArrays.txt,RecursiveInsertionSort,3,0.809500,0.00,0.00
randomArrays.txt,RecursiveInsertionSort,1,4.224700,0.00,0.00
randomArrays.txt,RecursiveInsertionSort,2,4.000200,0.00,0.00
randomArrays.txt,RecursiveInsertionSort,3,2.616000,149.32,0.00
randomArrays.txt,RecursiveInsertionSort,1,61.902000,25.24,0.00
randomArrays.txt,RecursiveInsertionSort,2,46.565400,25.17,0.00
randomArrays.txt,RecursiveInsertionSort,3,42.970000,27.27,0.00
randomArrays.txt,RecursiveInsertionSort,1,2.031000,0.00,0.00
randomArrays.txt,RecursiveInsertionSort,2,2.001300,0.00,0.00
randomArrays.txt,RecursiveInsertionSort,3,1.467600,266.17,0.00
randomArrays.txt,RecursiveInsertionSort,1,0.145500,0.00,0.00
randomArrays.txt,RecursiveInsertionSort,2,0.143000,0.00,0.00
randomArrays.txt,RecursiveInsertionSort,3,0.145500,0.00,0.00
randomArrays.txt,RecursiveInsertionSort,1,24.267800,16.10,0.00
randomArrays.txt,RecursiveInsertionSort,2,27.921800,27.98,0.00
randomArrays.txt,RecursiveInsertionSort,3,27.403300,28.51,0.00
randomArrays.txt,RecursiveInsertionSort,1,12.228800,31.94,0.00
randomArrays.txt,RecursiveInsertionSort,2,12.755600,30.62,0.00
randomArrays.txt,RecursiveInsertionSort,3,15.361900,25.43,0.00
randomArrays.txt,RecursiveInsertionSort,1,43.898700,26.69,0.00
randomArrays.txt,RecursiveInsertionSort,2,33.120300,23.59,0.00
randomArrays.txt,RecursiveInsertionSort,3,50.626800,30.86,0.00
randomArrays.txt,RecursiveInsertionSort,1,0.558600,0.00,0.00
randomArrays.txt,RecursiveInsertionSort,2,0.569300,0.00,0.00
randomArrays.txt,RecursiveInsertionSort,3,0.549800,0.00,0.00
randomArrays.txt,RecursiveInsertionSort,1,70.184000,22.26,0.00
randomArrays.txt,RecursiveInsertionSort,2,65.288100,23.93,0.00
randomArrays.txt,RecursiveInsertionSort,3,49.038700,31.86,0.00
randomArrays.txt,RecursiveInsertionSort,1,28.200200,27.70,0.00
randomArrays.txt,RecursiveInsertionSort,2,27.682600,14.11,0.00
randomArrays.txt,RecursiveInsertionSort,3,25.849200,30.22,0.00
randomArrays.txt,RecursiveInsertionSort,1,0.198000,0.00,0.00
randomArrays.txt,RecursiveInsertionSort,2,0.193900,0.00,0.00
randomArrays.txt,RecursiveInsertionSort,3,0.136100,0.00,0.00
randomArrays.txt,RecursiveInsertionSort,1,0.824200,0.00,0.00
randomArrays.txt,RecursiveInsertionSort,2,0.234900,0.00,0.00
randomArrays.txt,RecursiveInsertionSort,3,0.682200,0.00,0.00
randomArrays.txt,RecursiveInsertionSort,1,5.064000,0.00,0.00
randomArrays.txt,RecursiveInsertionSort,2,8.582900,45.51,0.00
randomArrays.txt,RecursiveInsertionSort,3,5.442700,0.00,0.00
randomArrays.txt,RecursiveInsertionSort,1,2.810600,0.00,0.00
randomArrays.txt,RecursiveInsertionSort,2,2.755000,0.00,0.00
randomArrays.txt,RecursiveInsertionSort,3,2.032100,0.00,0.00
randomArrays.txt,RecursiveInsertionSort,1,42.534000,27.55,0.00
randomArrays.txt,RecursiveInsertionSort,2,45.935100,25.51,0.00
randomArrays.txt,RecursiveInsertionSort,3,45.012700,26.03,0.00
randomArrays.txt,RecursiveInsertionSort,1,15.323100,25.49,0.00
randomArrays.txt,RecursiveInsertionSort,2,21.466400,36.39,0.00
randomArrays.txt,RecursiveInsertionSort,3,22.527400,17.34,0.00
randomArrays.txt,RecursiveInsertionSort,1,3.627200,0.00,0.00
randomArrays.txt,RecursiveInsertionSort,2,6.661500,58.64,0.00
randomArrays.txt,RecursiveInsertionSort,3,4.647400,0.00,0.00
randomArrays.txt,RecursiveInsertionSort,1,12.382300,31.55,0.00
randomArrays.txt,RecursiveInsertionSort,2,7.542500,0.00,0.00
randomArrays.txt,RecursiveInsertionSort,3,9.418400,41.47,0.00
randomArrays.txt,RecursiveInsertionSort,1,64.989000,24.04,0.00
randomArrays.txt,RecursiveInsertionSort,2,51.775500,30.18,0.00
randomArrays.txt,RecursiveInsertionSort,3,69.782500,22.39,0.00
randomArrays.txt,RecursiveInsertionSort,1,63.169800,24.73,0.00
randomArrays.txt,RecursiveInsertionSort,2,44.655400,17.50,0.00
randomArrays.txt,RecursiveInsertionSort,3,62.079400,25.17,0.00
randomArrays.txt,RecursiveInsertionSort,1,46.794200,25.04,0.00
randomArrays.txt,RecursiveInsertionSort,2,36.101300,21.64,0.00
randomArrays.txt,RecursiveInsertionSort,3,44.996800,26.04,0.00
randomArrays.txt,RecursiveInsertionSort,1,31.622300,24.71,0.00
randomArrays.txt,RecursiveInsertionSort,2,29.202600,26.75,0.00
randomArrays.txt,RecursiveInsertionSort,3,29.807100,26.21,0.00
randomArrays.txt,RecursiveInsertionSort,1,15.297400,25.54,0.00
randomArrays.txt,RecursiveInsertionSort,2,25.232800,30.96,0.00
randomArrays.txt,RecursiveInsertionSort,3,34.264300,22.80,0.00
randomArrays.txt,RecursiveInsertionSort,1,32.430100,24.09,0.00
randomArrays.txt,RecursiveInsertionSort,2,31.190400,25.05,0.00
randomArrays.txt,RecursiveInsertionSort,3,31.387200,24.89,0.00
randomArrays.txt,RecursiveInsertionSort,1,45.568000,17.14,0.00
randomArrays.txt,RecursiveInsertionSort,2,42.610700,27.50,0.00
randomArrays.txt,RecursiveInsertionSort,3,45.967900,25.49,0.00
randomArrays.txt,RecursiveInsertionSort,1,0.199900,0.00,0.00
randomArrays.txt,RecursiveInsertionSort,2,0.198000,0.00,0.00
randomArrays.txt,RecursiveInsertionSort,3,0.285100,0.00,0.00
randomArrays.txt,RecursiveInsertionSort,1,17.931000,21.78,0.00
randomArrays.txt,RecursiveInsertionSort,2,21.008900,18.59,0.00
randomArrays.txt,RecursiveInsertionSort,3,25.478400,30.66,0.00
randomArrays.txt,RecursiveInsertionSort,1,1.213800,0.00,0.00
randomArrays.txt,RecursiveInsertionSort,2,1.316700,0.00,0.00
randomArrays.txt,RecursiveInsertionSort,3,1.323600,0.00,0.00
randomArrays.txt,RecursiveInsertionSort,1,58.301600,20.10,0.00
randomArrays.txt,RecursiveInsertionSort,2,61.407900,25.44,0.00
randomArrays.txt,RecursiveInsertionSort,3,26.057800,29.98,0.00
randomArrays.txt,RecursiveInsertionSort,1,39.489000,19.78,0.00
randomArrays.txt,RecursiveInsertionSort,2,38.181200,20.46,0.00
randomArrays.txt,RecursiveInsertionSort,3,33.204700,23.53,0.00
randomArrays.txt,RecursiveInsertionSort,1,4.647000,0.00,0.00
randomArrays.txt,RecursiveInsertionSort,2,3.601500,0.00,0.00
randomArrays.txt,RecursiveInsertionSort,3,5.725300,68.23,0.00
randomArrays.txt,RecursiveInsertionSort,1,18.870500,41.40,0.00
randomArrays.txt,RecursiveInsertionSort,2,18.584000,21.02,0.00
randomArrays.txt,RecursiveInsertionSort,3,18.713600,20.87,0.00
randomArrays.txt,RecursiveInsertionSort,1,4.335500,0.00,0.00
randomArrays.txt,RecursiveInsertionSort,2,7.142900,54.69,0.00
randomArrays.txt,RecursiveInsertionSort,3,7.743000,0.00,0.00
randomArrays.txt,RecursiveInsertionSort,1,54.536700,21.49,0.00
randomArrays.txt,RecursiveInsertionSort,2,66.468700,23.51,0.00
randomArrays.txt,RecursiveInsertionSort,3,145.616500,10.73,0.00
randomArrays.txt,RecursiveInsertionSort,1,19.137900,20.41,0.00
randomArrays.txt,RecursiveInsertionSort,2,24.512300,15.94,0.00
randomArrays.txt,RecursiveInsertionSort,3,12.037900,32.45,0.00
randomArrays.txt,RecursiveInsertionSort,1,7.316100,0.00,0.00
randomArrays.txt,RecursiveInsertionSort,2,11.681500,33.44,0.00
randomArrays.txt,RecursiveInsertionSort,3,18.768000,20.81,0.00
randomArrays.txt,RecursiveInsertionSort,1,20.860300,37.45,0.00
randomArrays.txt,RecursiveInsertionSort,2,34.329200,22.76,0.00
randomArrays.txt,RecursiveInsertionSort,3,26.097000,29.94,0.00
randomArrays.txt,RecursiveInsertionSort,1,67.632800,23.10,0.00
randomArrays.txt,RecursiveInsertionSort,2,41.775200,28.05,0.00
randomArrays.txt,RecursiveInsertionSort,3,73.561800,26.55,0.00
randomArrays.txt,RecursiveInsertionSort,1,5.101300,0.00,0.00
randomArrays.txt,RecursiveInsertionSort,2,2.275800,0.00,0.00
randomArrays.txt,RecursiveInsertionSort,3,1.249500,0.00,0.00
randomArrays.txt,RecursiveInsertionSort,1,2.392800,0.00,0.00
randomArrays.txt,RecursiveInsertionSort,2,5.832000,0.00,0.00
randomArrays.txt,RecursiveInsertionSort,3,5.766700,67.74,0.00
randomArrays.txt,RecursiveInsertionSort,1,3.740900,0.00,0.00
randomArrays.txt,RecursiveInsertionSort,2,4.489100,0.00,0.00
randomArrays.txt,RecursiveInsertionSort,3,4.339500,0.00,0.00
randomArrays.txt,RecursiveInsertionSort,1,40.427100,28.99,0.00
randomArrays.txt,RecursiveInsertionSort,2,48.254100,24.29,0.00
randomArrays.txt,RecursiveInsertionSort,3,31.879400,24.51,0.00
randomArrays.txt,RecursiveInsertionSort,1,18.366700,21.27,0.00
randomArrays.txt,RecursiveInsertionSort,2,12.779500,30.57,0.00
randomArrays.txt,RecursiveInsertionSort,3,26.790600,29.16,0.00
randomArrays.txt,RecursiveInsertionSort,1,24.231000,16.12,0.00
randomArrays.txt,RecursiveInsertionSort,2,25.143600,15.54,0.00
randomArrays.txt,RecursiveInsertionSort,3,25.616600,30.50,0.00
randomArrays.txt,RecursiveInsertionSort,1,0.028300,0.00,0.00
randomArrays.txt,RecursiveInsertionSort,2,0.042900,0.00,0.00
randomArrays.txt,RecursiveInsertionSort,3,0.043800,0.00,0.00
randomArrays.txt,RecursiveInsertionSort,1,40.624400,28.85,0.00
randomArrays.txt,RecursiveInsertionSort,2,47.212600,24.82,0.00
randomArrays.txt,RecursiveInsertionSort,3,43.516500,26.93,0.00
randomArrays.txt,RecursiveInsertionSort,1,31.890000,24.50,0.00
randomArrays.txt,RecursiveInsertionSort,2,28.967600,26.97,0.00
randomArrays.txt,RecursiveInsertionSort,3,30.798000,25.37,0.00
randomArrays.txt,RecursiveInsertionSort,1,8.630300,0.00,0.00
randomArrays.txt,RecursiveInsertionSort,2,5.153000,75.81,0.00
randomArrays.txt,RecursiveInsertionSort,3,8.986900,0.00,0.00
randomArrays.txt,RecursiveInsertionSort,1,18.873000,20.70,0.00
randomArrays.txt,RecursiveInsertionSort,2,21.026200,37.16,0.00
randomArrays.txt,RecursiveInsertionSort,3,19.226900,20.32,0.00
randomArrays.txt,RecursiveInsertionSort,1,16.232500,24.06,0.00
randomArrays.txt,RecursiveInsertionSort,2,11.072100,35.28,0.00
randomArrays.txt,RecursiveInsertionSort,3,10.439000,37.42,0.00
randomArrays.txt,RecursiveInsertionSort,1,37.802500,31.00,0.00
randomArrays.txt,RecursiveInsertionSort,2,40.620600,28.85,0.00
randomArrays.txt,RecursiveInsertionSort,3,42.350100,18.45,0.00
randomArrays.txt,RecursiveInsertionSort,1,1.664000,0.00,0.00
randomArrays.txt,RecursiveInsertionSort,2,1.645700,0.00,0.00
randomArrays.txt,RecursiveInsertionSort,3,1.513000,0.00,0.00
randomArrays.txt,RecursiveInsertionSort,1,48.814500,32.01,0.00
randomArrays.txt,RecursiveInsertionSort,2,84.962800,22.99,0.00
randomArrays.txt,RecursiveInsertionSort,3,61.992000,25.20,0.00
randomArrays.txt,RecursiveInsertionSort,1,7.175900,0.00,0.00
randomArrays.txt,RecursiveInsertionSort,2,4.187200,0.00,0.00
randomArrays.txt,RecursiveInsertionSort,3,5.707100,68.45,0.00
randomArrays.txt,RecursiveInsertionSort,1,40.849900,28.69,0.00
randomArrays.txt,RecursiveInsertionSort,2,39.226100,19.92,0.00
randomArrays.txt,RecursiveInsertionSort,3,40.632100,28.84,0.00
randomArrays.txt,RecursiveInsertionSort,1,3.014300,0.00,0.00
randomArrays.txt,RecursiveInsertionSort,2,3.260500,0.00,0.00
randomArrays.txt,RecursiveInsertionSort,3,3.054700,127.88,0.00
randomArrays.txt,RecursiveInsertionSort,1,6.845400,57.06,0.00
randomArrays.txt,RecursiveInsertionSort,2,4.611600,0.00,0.00
randomArrays.txt,RecursiveInsertionSort,3,7.136700,54.73,0.00
randomArrays.txt,RecursiveInsertionSort,1,11.175500,34.95,0.00
randomArrays.txt,RecursiveInsertionSort,2,10.393500,0.00,0.00
randomArrays.txt,RecursiveInsertionSort,3,8.616400,45.34,0.00
randomArrays.txt,RecursiveInsertionSort,1,43.187200,27.13,0.00
randomArrays.txt,RecursiveInsertionSort,2,33.782100,23.13,0.00
randomArrays.txt,RecursiveInsertionSort,3,52.247000,22.43,0.00
randomArrays.txt,RecursiveInsertionSort,1,69.840500,22.37,0.00
randomArrays.txt,RecursiveInsertionSort,2,55.854200,20.98,0.00
randomArrays.txt,RecursiveInsertionSort,3,54.865500,28.48,0.00
randomArrays.txt,RecursiveInsertionSort,1,26.947100,28.99,0.00
randomArrays.txt,RecursiveInsertionSort,2,20.205100,19.33,0.00
randomArrays.txt,RecursiveInsertionSort,3,17.517300,22.30,0.00
randomArrays.txt,RecursiveInsertionSort,1,0.031400,0.00,0.00
randomArrays.txt,RecursiveInsertionSort,2,0.024200,0.00,0.00
randomArrays.txt,RecursiveInsertionSort,3,0.023500,0.00,0.00
randomArrays.txt,RecursiveInsertionSort,1,11.368000,0.00,0.00
randomArrays.txt,RecursiveInsertionSort,2,8.186900,47.71,0.00
randomArrays.txt,RecursiveInsertionSort,3,7.003100,0.00,0.00
randomArrays.txt,RecursiveInsertionSort,1,3.129400,0.00,0.00
randomArrays.txt,RecursiveInsertionSort,2,3.042200,0.00,0.00
randomArrays.txt,RecursiveInsertionSort,3,3.359200,0.00,0.00
randomArrays.txt,RecursiveInsertionSort,1,39.164600,29.92,0.00
randomArrays.txt,RecursiveInsertionSort,2,38.808500,20.13,0.00
randomArrays.txt,RecursiveInsertionSort,3,34.171700,34.29,0.00
randomArrays.txt,RecursiveInsertionSort,1,0.205100,0.00,0.00
randomArrays.txt,RecursiveInsertionSort,2,0.194500,0.00,0.00
randomArrays.txt,RecursiveInsertionSort,3,0.208100,0.00,0.00
randomArrays.txt,RecursiveInsertionSort,1,1.631300,239.46,0.00
randomArrays.txt,RecursiveInsertionSort,2,1.292600,0.00,0.00
randomArrays.txt,RecursiveInsertionSort,3,1.556500,0.00,0.00
randomArrays.txt,RecursiveInsertionSort,1,5.619500,0.00,0.00
randomArrays.txt,RecursiveInsertionSort,2,6.239000,0.00,0.00
randomArrays.txt,RecursiveInsertionSort,3,10.045900,0.00,0.00
randomArrays.txt,RecursiveInsertionSort,1,16.581900,23.56,0.00
randomArrays.txt,RecursiveInsertionSort,2,11.688000,33.42,0.00
randomArrays.txt,RecursiveInsertionSort,3,17.802000,21.94,0.00
randomArrays.txt,RecursiveInsertionSort,1,4.476100,0.00,0.00
randomArrays.txt,RecursiveInsertionSort,2,5.557400,0.00,0.00
randomArrays.txt,RecursiveInsertionSort,3,4.428600,88.21,0.00
randomArrays.txt,RecursiveInsertionSort,1,29.727000,13.14,0.00
randomArrays.txt,RecursiveInsertionSort,2,30.694900,25.45,0.00
randomArrays.txt,RecursiveInsertionSort,3,30.373800,12.86,0.00
randomArrays.txt,RecursiveInsertionSort,1,5.387900,0.00,0.00
randomArrays.txt,RecursiveInsertionSort,2,5.948000,0.00,0.00
randomArrays.txt,RecursiveInsertionSort,3,5.526600,70.68,0.00
randomArrays.txt,RecursiveInsertionSort,1,0.297300,0.00,0.00
randomArrays.txt,RecursiveInsertionSort,2,0.296800,0.00,0.00
randomArrays.txt,RecursiveInsertionSort,3,0.293400,0.00,0.00
randomArrays.txt,RecursiveInsertionSort,1,3.880300,0.00,0.00
randomArrays.txt,RecursiveInsertionSort,2,9.731800,40.14,0.00
randomArrays.txt,RecursiveInsertionSort,3,7.345200,53.18,0.00
randomArrays.txt,RecursiveInsertionSort,1,40.029600,29.28,0.00
randomArrays.txt,RecursiveInsertionSort,2,58.271800,20.11,0.00
randomArrays.txt,RecursiveInsertionSort,3,57.020500,27.40,0.00
randomArrays.txt,RecursiveInsertionSort,1,28.753700,27.17,0.00
randomArrays.txt,RecursiveInsertionSort,2,35.668900,21.90,0.00
randomArrays.txt,RecursiveInsertionSort,3,48.339700,24.24,0.00
randomArrays.txt,RecursiveInsertionSort,1,16.713500,23.37,0.00
randomArrays.txt,RecursiveInsertionSort,2,18.165700,21.50,0.00
randomArrays.txt,RecursiveInsertionSort,3,20.617400,37.89,0.00
randomArrays.txt,RecursiveInsertionSort,1,10.905500,0.00,0.00
randomArrays.txt,RecursiveInsertionSort,2,8.696000,44.92,0.00
randomArrays.txt,RecursiveInsertionSort,3,5.953500,0.00,0.00
randomArrays.txt,RecursiveInsertionSort,1,20.129000,38.81,0.00
randomArrays.txt,RecursiveInsertionSort,2,43.003200,18.17,0.00
randomArrays.txt,RecursiveInsertionSort,3,33.067800,23.63,0.00
randomArrays.txt,RecursiveInsertionSort,1,20.355500,19.19,0.00
randomArrays.txt,RecursiveInsertionSort,2,16.367500,23.87,0.00
randomArrays.txt,RecursiveInsertionSort,3,15.685700,24.90,0.00
randomArrays.txt,RecursiveInsertionSort,1,16.495200,23.68,0.00
randomArrays.txt,RecursiveInsertionSort,2,13.579300,28.77,0.00
randomArrays.txt,RecursiveInsertionSort,3,12.471700,31.32,0.00
randomArrays.txt,RecursiveInsertionSort,1,40.272600,19.40,0.00
randomArrays.txt,RecursiveInsertionSort,2,43.232100,27.11,0.00
randomArrays.txt,RecursiveInsertionSort,3,33.233900,23.51,0.00
randomArrays.txt,RecursiveInsertionSort,1,17.935800,21.78,0.00
randomArrays.txt,RecursiveInsertionSort,2,15.795100,24.73,0.00
randomArrays.txt,RecursiveInsertionSort,3,15.437400,25.30,0.00
randomArrays.txt,RecursiveInsertionSort,1,5.123600,0.00,0.00
randomArrays.txt,RecursiveInsertionSort,2,6.895000,56.65,0.00
randomArrays.txt,RecursiveInsertionSort,3,5.851300,0.00,0.00
randomArrays.txt,RecursiveInsertionSort,1,0.587900,0.00,0.00
randomArrays.txt,RecursiveInsertionSort,2,0.486900,802.27,0.00
randomArrays.txt,RecursiveInsertionSort,3,0.792000,0.00,0.00
randomArrays.txt,RecursiveInsertionSort,1,34.237400,22.82,0.00
randomArrays.txt,RecursiveInsertionSort,2,34.668900,22.53,0.00
randomArrays.txt,RecursiveInsertionSort,3,33.666600,23.21,0.00
randomArrays.txt,RecursiveInsertionSort,1,59.537500,26.24,0.00
randomArrays.txt,RecursiveInsertionSort,2,58.028300,20.19,0.00
randomArrays.txt,RecursiveInsertionSort,3,65.404100,29.86,0.00
randomArrays.txt,RecursiveInsertionSort,1,67.668400,23.09,0.00
randomArrays.txt,RecursiveInsertionSort,2,55.190300,28.31,0.00
randomArrays.txt,RecursiveInsertionSort,3,42.702900,18.30,0.00
randomArrays.txt,RecursiveInsertionSort,1,43.973200,26.65,0.00
randomArrays.txt,RecursiveInsertionSort,2,47.510600,24.67,0.00
randomArrays.txt,RecursiveInsertionSort,3,39.406900,19.83,0.00
randomArrays.txt,RecursiveInsertionSort,1,27.733000,28.17,0.00
randomArrays.txt,RecursiveInsertionSort,2,27.356700,28.56,0.00
randomArrays.txt,RecursiveInsertionSort,3,27.486300,14.21,0.00
randomArrays.txt,RecursiveInsertionSort,1,1.295300,0.00,0.00
randomArrays.txt,RecursiveInsertionSort,2,1.308600,0.00,0.00
randomArrays.txt,RecursiveInsertionSort,3,1.300700,0.00,0.00
randomArrays.txt,RecursiveInsertionSort,1,50.415100,23.24,0.00
randomArrays.txt,RecursiveInsertionSort,2,69.661400,22.43,0.00
randomArrays.txt,RecursiveInsertionSort,3,58.705800,26.62,0.00
randomArrays.txt,RecursiveInsertionSort,1,46.794200,25.04,0.00
randomArrays.txt,RecursiveInsertionSort,2,51.489200,22.76,0.00
randomArrays.txt,RecursiveInsertionSort,3,49.283000,23.78,0.00
randomArrays.txt,RecursiveInsertionSort,1,19.135200,20.41,0.00
randomArrays.txt,RecursiveInsertionSort,2,26.834300,29.11,0.00
randomArrays.txt,RecursiveInsertionSort,3,25.866300,15.10,0.00
randomArrays.txt,RecursiveInsertionSort,1,3.381600,0.00,0.00
randomArrays.txt,RecursiveInsertionSort,2,7.740400,50.47,0.00
randomArrays.txt,RecursiveInsertionSort,3,6.359300,0.00,0.00
randomArrays.txt,RecursiveInsertionSort,1,51.669700,30.24,0.00
randomArrays.txt,RecursiveInsertionSort,2,52.009300,22.53,0.00
randomArrays.txt,RecursiveInsertionSort,3,58.965000,26.50,0.00
randomArrays.txt,RecursiveInsertionSort,1,2.629300,148.57,0.00
randomArrays.txt,RecursiveInsertionSort,2,5.067800,0.00,0.00
randomArrays.txt,RecursiveInsertionSort,3,3.662800,0.00,0.00
randomArrays.txt,RecursiveInsertionSort,1,35.318500,33.18,0.00
randomArrays.txt,RecursiveInsertionSort,2,15.078800,25.91,0.00
randomArrays.txt,RecursiveInsertionSort,3,34.821600,22.44,0.00
randomArrays.txt,RecursiveInsertionSort,1,1.760300,0.00,0.00
randomArrays.txt,RecursiveInsertionSort,2,1.769100,0.00,0.00
randomArrays.txt,RecursiveInsertionSort,3,2.252300,0.00,0.00
randomArrays.txt,RecursiveInsertionSort,1,35.139700,33.35,0.00
randomArrays.txt,RecursiveInsertionSort,2,33.252100,23.49,0.00
randomArrays.txt,RecursiveInsertionSort,3,22.488100,17.37,0.00
randomArrays.txt,RecursiveInsertionSort,1,42.597700,27.51,0.00
randomArrays.txt,RecursiveInsertionSort,2,32.534000,24.01,0.00
randomArrays.txt,RecursiveInsertionSort,3,32.521700,24.02,0.00
randomArrays.txt,RecursiveInsertionSort,1,50.971600,22.99,0.00
randomArrays.txt,RecursiveInsertionSort,2,45.518900,25.74,0.00
randomArrays.txt,RecursiveInsertionSort,3,46.219700,25.35,0.00
randomArrays.txt,RecursiveInsertionSort,1,3.142300,0.00,0.00
randomArrays.txt,RecursiveInsertionSort,2,3.512100,0.00,0.00
randomArrays.txt,RecursiveInsertionSort,3,3.938100,0.00,0.00
randomArrays.txt,RecursiveInsertionSort,1,68.224000,22.90,0.00
randomArrays.txt,RecursiveInsertionSort,2,67.007500,29.15,0.00
randomArrays.txt,RecursiveInsertionSort,3,66.583300,23.47,0.00
randomArrays.txt,RecursiveInsertionSort,1,0.868500,0.00,0.00
randomArrays.txt,RecursiveInsertionSort,2,0.906800,0.00,0.00
randomArrays.txt,RecursiveInsertionSort,3,0.902100,0.00,0.00
randomArrays.txt,RecursiveInsertionSort,1,14.367500,27.19,0.00
randomArrays.txt,RecursiveInsertionSort,2,26.149900,14.94,0.00
randomArrays.txt,RecursiveInsertionSort,3,28.851200,27.08,0.00
randomArrays.txt,RecursiveInsertionSort,1,13.524000,28.88,0.00
randomArrays.txt,RecursiveInsertionSort,2,8.439800,46.28,0.00
randomArrays.txt,RecursiveInsertionSort,3,10.582100,0.00,0.00
randomArrays.txt,RecursiveInsertionSort,1,1.990600,0.00,0.00
randomArrays.txt,RecursiveInsertionSort,2,2.728000,0.00,0.00
randomArrays.txt,RecursiveInsertionSort,3,1.818900,0.00,0.00
randomArrays.txt,RecursiveInsertionSort,1,0.728600,0.00,0.00
randomArrays.txt,RecursiveInsertionSort,2,0.735800,0.00,0.00
randomArrays.txt,RecursiveInsertionSort,3,0.730800,0.00,0.00
randomArrays.txt,RecursiveInsertionSort,1,42.866900,27.34,0.00
randomArrays.txt,RecursiveInsertionSort,2,45.926100,25.52,0.00
randomArrays.txt,RecursiveInsertionSort,3,29.346000,26.62,0.00
randomArrays.txt,RecursiveInsertionSort,1,0.052600,0.00,0.00
randomArrays.txt,RecursiveInsertionSort,2,0.065700,0.00,0.00
randomArrays.txt,RecursiveInsertionSort,3,0.059400,0.00,0.00
randomArrays.txt,RecursiveInsertionSort,1,1.807200,0.00,0.00
randomArrays.txt,RecursiveInsertionSort,2,3.342000,0.00,0.00
randomArrays.txt,RecursiveInsertionSort,3,4.450500,87.77,0.00
randomArrays.txt,RecursiveInsertionSort,1,18.396700,21.23,0.00
randomArrays.txt,RecursiveInsertionSort,2,15.581400,25.07,0.00
randomArrays.txt,RecursiveInsertionSort,3,10.653300,36.67,0.00
randomArrays.txt,RecursiveInsertionSort,1,15.103000,25.86,0.00
randomArrays.txt,RecursiveInsertionSort,2,25.207900,30.99,0.00
randomArrays.txt,RecursiveInsertionSort,3,11.432800,0.00,0.00
randomArrays.txt,RecursiveInsertionSort,1,23.595200,33.11,0.00
randomArrays.txt,RecursiveInsertionSort,2,35.134900,22.24,0.00
randomArrays.txt,RecursiveInsertionSort,3,36.832500,21.21,0.00
randomArrays.txt,RecursiveInsertionSort,1,12.503700,0.00,0.00
randomArrays.txt,RecursiveInsertionSort,2,14.425300,0.00,0.00
randomArrays.txt,RecursiveInsertionSort,3,14.307400,0.00,0.00
randomArrays.txt,RecursiveInsertionSort,1,37.545400,20.81,0.00
randomArrays.txt,RecursiveInsertionSort,2,25.649800,30.46,0.00
randomArrays.txt,RecursiveInsertionSort,3,16.349900,23.89,0.00
randomArrays.txt,RecursiveInsertionSort,1,2.343800,0.00,0.00
randomArrays.txt,RecursiveInsertionSort,2,1.452700,0.00,0.00
randomArrays.txt,RecursiveInsertionSort,3,1.394200,0.00,0.00
randomArrays.txt,RecursiveInsertionSort,1,50.219900,23.33,0.00
randomArrays.txt,RecursiveInsertionSort,2,23.588800,33.12,0.00
randomArrays.txt,RecursiveInsertionSort,3,27.345100,28.57,0.00
randomArrays.txt,RecursiveInsertionSort,1,5.002600,0.00,0.00
randomArrays.txt,RecursiveInsertionSort,2,3.847000,0.00,0.00
randomArrays.txt,RecursiveInsertionSort,3,3.856100,101.30,0.00
randomArrays.txt,RecursiveInsertionSort,1,40.035200,29.27,0.00
randomArrays.txt,RecursiveInsertionSort,2,46.802500,25.04,0.00
randomArrays.txt,RecursiveInsertionSort,3,42.833000,27.36,0.00
randomArrays.txt,RecursiveInsertionSort,1,4.746600,82.30,0.00
randomArrays.txt,RecursiveInsertionSort,2,9.462000,0.00,0.00
randomArrays.txt,RecursiveInsertionSort,3,8.718800,44.80,0.00
randomArrays.txt,RecursiveInsertionSort,1,36.136300,21.62,0.00
randomArrays.txt,RecursiveInsertionSort,2,60.743700,25.72,0.00
randomArrays.txt,RecursiveInsertionSort,3,52.235300,22.43,0.00
randomArrays.txt,RecursiveInsertionSort,1,6.463200,0.00,0.00
randomArrays.txt,RecursiveInsertionSort,2,6.220000,62.80,0.00
randomArrays.txt,RecursiveInsertionSort,3,3.503800,0.00,0.00
randomArrays.txt,RecursiveInsertionSort,1,9.116800,0.00,0.00
randomArrays.txt,RecursiveInsertionSort,2,6.271900,62.28,0.00
randomArrays.txt,RecursiveInsertionSort,3,7.102200,0.00,0.00
randomArrays.txt,RecursiveInsertionSort,1,50.578900,23.17,0.00
randomArrays.txt,RecursiveInsertionSort,2,58.556500,26.68,0.00
randomArrays.txt,RecursiveInsertionSort,3,54.091100,21.66,0.00
randomArrays.txt,RecursiveInsertionSort,1,40.934300,28.63,0.00
randomArrays.txt,RecursiveInsertionSort,2,45.296200,25.87,0.00
randomArrays.txt,RecursiveInsertionSort,3,54.660800,21.44,0.00
randomArrays.txt,RecursiveInsertionSort,1,17.625000,44.33,0.00
randomArrays.txt,RecursiveInsertionSort,2,11.764900,0.00,0.00
randomArrays.txt,RecursiveInsertionSort,3,11.250400,34.72,0.00
randomArrays.txt,RecursiveInsertionSort,1,22.726100,17.19,0.00
randomArrays.txt,RecursiveInsertionSort,2,23.361500,33.44,0.00
randomArrays.txt,RecursiveInsertionSort,3,19.920100,19.61,0.00
randomArrays.txt,RecursiveInsertionSort,1,1.631200,0.00,0.00
randomArrays.txt,RecursiveInsertionSort,2,1.381900,0.00,0.00
randomArrays.txt,RecursiveInsertionSort,3,2.268100,0.00,0.00
randomArrays.txt,RecursiveInsertionSort,1,67.577700,23.12,0.00
randomArrays.txt,RecursiveInsertionSort,2,44.583700,26.28,0.00
randomArrays.txt,RecursiveInsertionSort,3,53.540300,21.89,0.00
randomArrays.txt,RecursiveInsertionSort,1,13.457900,29.03,0.00
randomArrays.txt,RecursiveInsertionSort,2,13.372500,29.21,0.00
randomArrays.txt,RecursiveInsertionSort,3,13.534100,28.86,0.00
randomArrays.txt,RecursiveInsertionSort,1,0.017100,0.00,0.00
randomArrays.txt,RecursiveInsertionSort,2,0.031800,0.00,0.00
randomArrays.txt,RecursiveInsertionSort,3,0.030200,0.00,0.00
randomArrays.txt,RecursiveInsertionSort,1,61.646400,25.35,0.00
randomArrays.txt,RecursiveInsertionSort,2,52.033000,22.52,0.00
randomArrays.txt,RecursiveInsertionSort,3,35.301700,33.20,0.00
randomArrays.txt,RecursiveInsertionSort,1,40.556600,28.89,0.00
randomArrays.txt,RecursiveInsertionSort,2,53.088000,22.07,0.00
randomArrays.txt,RecursiveInsertionSort,3,61.516900,25.40,0.00
randomArrays.txt,RecursiveInsertionSort,1,3.348400,0.00,0.00
randomArrays.txt,RecursiveInsertionSort,2,2.742400,0.00,0.00
randomArrays.txt,RecursiveInsertionSort,3,2.390900,163.38,0.00
randomArrays.txt,RecursiveInsertionSort,1,61.040500,25.60,0.00
randomArrays.txt,RecursiveInsertionSort,2,62.902000,24.84,0.00
randomArrays.txt,RecursiveInsertionSort,3,62.359900,25.06,0.00
randomArrays.txt,RecursiveInsertionSort,1,57.287100,20.46,0.00
randomArrays.txt,RecursiveInsertionSort,2,56.027800,27.89,0.00
randomArrays.txt,RecursiveInsertionSort,3,58.840100,26.56,0.00
randomArrays.txt,RecursiveInsertionSort,1,4.843400,0.00,0.00
randomArrays.txt,RecursiveInsertionSort,2,2.842500,0.00,0.00
randomArrays.txt,RecursiveInsertionSort,3,4.919200,0.00,0.00
randomArrays.txt,RecursiveInsertionSort,1,2.108300,0.00,0.00
randomArrays.txt,RecursiveInsertionSort,2,3.466500,0.00,0.00
randomArrays.txt,RecursiveInsertionSort,3,2.010800,0.00,0.00
randomArrays.txt,RecursiveInsertionSort,1,27.280300,28.64,0.00
randomArrays.txt,RecursiveInsertionSort,2,21.671200,18.03,0.00
randomArrays.txt,RecursiveInsertionSort,3,36.390900,32.20,0.00
randomArrays.txt,RecursiveInsertionSort,1,29.517300,26.47,0.00
randomArrays.txt,RecursiveInsertionSort,2,28.284700,27.62,0.00
randomArrays.txt,RecursiveInsertionSort,3,27.595600,28.31,0.00
randomArrays.txt,RecursiveInsertionSort,1,7.081800,55.16,0.00
randomArrays.txt,RecursiveInsertionSort,2,6.064500,0.00,0.00
randomArrays.txt,RecursiveInsertionSort,3,6.305900,61.95,0.00
randomArrays.txt,RecursiveInsertionSort,1,0.690200,0.00,0.00
randomArrays.txt,RecursiveInsertionSort,2,0.484300,0.00,0.00
randomArrays.txt,RecursiveInsertionSort,3,0.476900,0.00,0.00
randomArrays.txt,RecursiveInsertionSort,1,41.845600,28.00,0.00
randomArrays.txt,RecursiveInsertionSort,2,40.329400,19.37,0.00
randomArrays.txt,RecursiveInsertionSort,3,38.545700,30.40,0.00
randomArrays.txt,RecursiveInsertionSort,1,29.926800,26.11,0.00
randomArrays.txt,RecursiveInsertionSort,2,27.890100,28.01,0.00
randomArrays.txt,RecursiveInsertionSort,3,26.348700,29.65,0.00
randomArrays.txt,RecursiveInsertionSort,1,5.843200,66.85,0.00
randomArrays.txt,RecursiveInsertionSort,2,5.053000,0.00,0.00
randomArrays.txt,RecursiveInsertionSort,3,6.888900,56.70,0.00
randomArrays.txt,RecursiveInsertionSort,1,50.086400,31.20,0.00
randomArrays.txt,RecursiveInsertionSort,2,40.152500,19.46,0.00
randomArrays.txt,RecursiveInsertionSort,3,46.864000,25.01,0.00
randomArrays.txt,RecursiveInsertionSort,1,4.785000,0.00,0.00
randomArrays.txt,RecursiveInsertionSort,2,6.053900,64.52,0.00
randomArrays.txt,RecursiveInsertionSort,3,3.770700,0.00,0.00
randomArrays.txt,RecursiveInsertionSort,1,13.928300,28.05,0.00
randomArrays.txt,RecursiveInsertionSort,2,16.066000,24.31,0.00
randomArrays.txt,RecursiveInsertionSort,3,22.986900,16.99,0.00
randomArrays.txt,RecursiveInsertionSort,1,0.652200,0.00,0.00
randomArrays.txt,RecursiveInsertionSort,2,1.350500,0.00,0.00
randomArrays.txt,RecursiveInsertionSort,3,1.427800,0.00,0.00
randomArrays.txt,RecursiveInsertionSort,1,0.580300,0.00,0.00
randomArrays.txt,RecursiveInsertionSort,2,0.588200,0.00,0.00
randomArrays.txt,RecursiveInsertionSort,3,0.568800,0.00,0.00
randomArrays.txt,RecursiveInsertionSort,1,7.195300,0.00,0.00
randomArrays.txt,RecursiveInsertionSort,2,11.605400,33.66,0.00
randomArrays.txt,RecursiveInsertionSort,3,8.943000,43.68,0.00
randomArrays.txt,RecursiveInsertionSort,1,46.243200,25.34,0.00
randomArrays.txt,RecursiveInsertionSort,2,30.449100,25.66,0.00
randomArrays.txt,RecursiveInsertionSort,3,49.173100,23.83,0.00
randomArrays.txt,RecursiveInsertionSort,1,31.349300,24.92,0.00
randomArrays.txt,RecursiveInsertionSort,2,26.247800,29.76,0.00
randomArrays.txt,RecursiveInsertionSort,3,38.839800,30.17,0.00
randomArrays.txt,RecursiveInsertionSort,1,0.068700,0.00,0.00
randomArrays.txt,RecursiveInsertionSort,2,0.069200,0.00,0.00
randomArrays.txt,RecursiveInsertionSort,3,0.073800,0.00,0.00
randomArrays.txt,RecursiveInsertionSort,1,38.600000,30.36,0.00
randomArrays.txt,RecursiveInsertionSort,2,35.263100,22.15,0.00
randomArrays.txt,RecursiveInsertionSort,3,32.709100,23.88,0.00
randomArrays.txt,RecursiveInsertionSort,1,39.751500,19.65,0.00
randomArrays.txt,RecursiveInsertionSort,2,34.909400,33.57,0.00
randomArrays.txt,RecursiveInsertionSort,3,24.303600,16.07,0.00
randomArrays.txt,RecursiveInsertionSort,1,7.218700,0.00,0.00
randomArrays.txt,RecursiveInsertionSort,2,8.344900,46.81,0.00
randomArrays.txt,RecursiveInsertionSort,3,4.061900,0.00,0.00
randomArrays.txt,RecursiveInsertionSort,1,12.340000,31.66,0.00
randomArrays.txt,RecursiveInsertionSort,2,10.644500,36.70,0.00
randomArrays.txt,RecursiveInsertionSort,3,10.994800,35.53,0.00
randomArrays.txt,RecursiveInsertionSort,1,18.456200,21.16,0.00
randomArrays.txt,RecursiveInsertionSort,2,26.188300,29.83,0.00
randomArrays.txt,RecursiveInsertionSort,3,38.864400,20.10,0.00
randomArrays.txt,RecursiveInsertionSort,1,40.679400,28.81,0.00
randomArrays.txt,RecursiveInsertionSort,2,38.635600,20.22,0.00
randomArrays.txt,RecursiveInsertionSort,3,55.351700,28.23,0.00
randomArrays.txt,RecursiveInsertionSort,1,5.618200,0.00,0.00
randomArrays.txt,RecursiveInsertionSort,2,9.126800,42.80,0.00
randomArrays.txt,RecursiveInsertionSort,3,7.812700,0.00,0.00
randomArrays.txt,RecursiveInsertionSort,1,4.769000,81.91,0.00
randomArrays.txt,RecursiveInsertionSort,2,4.570500,0.00,0.00
randomArrays.txt,RecursiveInsertionSort,3,4.541800,0.00,0.00
randomArrays.txt,RecursiveInsertionSort,1,13.914900,28.07,0.00
randomArrays.txt,RecursiveInsertionSort,2,13.618100,28.68,0.00
randomArrays.txt,RecursiveInsertionSort,3,12.393800,31.52,0.00
randomArrays.txt,RecursiveInsertionSort,1,0.714100,0.00,0.00
randomArrays.txt,RecursiveInsertionSort,2,0.685400,0.00,0.00
randomArrays.txt,RecursiveInsertionSort,3,0.706800,0.00,0.00
randomArrays.txt,RecursiveInsertionSort,1,33.363100,35.12,0.00
randomArrays.txt,RecursiveInsertionSort,2,32.217300,24.25,0.00
randomArrays.txt,RecursiveInsertionSort,3,31.452600,24.84,0.00
randomArrays.txt,RecursiveInsertionSort,1,42.299500,27.70,0.00
randomArrays.txt,RecursiveInsertionSort,2,43.667000,26.84,0.00
randomArrays.txt,RecursiveInsertionSort,3,26.844900,29.10,0.00
randomArrays.txt,RecursiveInsertionSort,1,29.162800,26.79,0.00
randomArrays.txt,RecursiveInsertionSort,2,14.336300,27.25,0.00
randomArrays.txt,RecursiveInsertionSort,3,32.910100,23.74,0.00
randomArrays.txt,RecursiveInsertionSort,1,69.782500,22.39,0.00
randomArrays.txt,RecursiveInsertionSort,2,36.133100,21.62,0.00
randomArrays.txt,RecursiveInsertionSort,3,67.541700,23.13,0.00
randomArrays.txt,RecursiveInsertionSort,1,14.828000,26.34,0.00
randomArrays.txt,RecursiveInsertionSort,2,9.358700,0.00,0.00
randomArrays.txt,RecursiveInsertionSort,3,22.299500,35.03,0.00
randomArrays.txt,RecursiveInsertionSort,1,26.563300,29.41,0.00
randomArrays.txt,RecursiveInsertionSort,2,38.756800,30.24,0.00
randomArrays.txt,RecursiveInsertionSort,3,38.704700,20.18,0.00
randomArrays.txt,RecursiveInsertionSort,1,12.494300,31.26,0.00
randomArrays.txt,RecursiveInsertionSort,2,11.394800,34.28,0.00
randomArrays.txt,RecursiveInsertionSort,3,10.361100,0.00,0.00
randomArrays.txt,RecursiveInsertionSort,1,46.171600,25.38,0.00
randomArrays.txt,RecursiveInsertionSort,2,38.392200,20.35,0.00
randomArrays.txt,RecursiveInsertionSort,3,44.189800,26.52,0.00
randomArrays.txt,RecursiveInsertionSort,1,5.000300,0.00,0.00
randomArrays.txt,RecursiveInsertionSort,2,8.444800,46.26,0.00
randomArrays.txt,RecursiveInsertionSort,3,4.948400,0.00,0.00
randomArrays.txt,RecursiveInsertionSort,1,5.189900,75.27,0.00
randomArrays.txt,RecursiveInsertionSort,2,3.283900,0.00,0.00
randomArrays.txt,RecursiveInsertionSort,3,7.375100,0.00,0.00
randomArrays.txt,RecursiveInsertionSort,1,8.795500,44.41,0.00
randomArrays.txt,RecursiveInsertionSort,2,5.081000,0.00,0.00
randomArrays.txt,RecursiveInsertionSort,3,9.502500,41.11,0.00
randomArrays.txt,RecursiveInsertionSort,1,2.825300,0.00,0.00
randomArrays.txt,RecursiveInsertionSort,2,3.415800,114.36,0.00
randomArrays.txt,RecursiveInsertionSort,3,2.221000,0.00,0.00
randomArrays.txt,RecursiveInsertionSort,1,3.696600,0.00,0.00
randomArrays.txt,RecursiveInsertionSort,2,3.641800,107.26,0.00
randomArrays.txt,RecursiveInsertionSort,3,4.657000,0.00,0.00
randomArrays.txt,RecursiveInsertionSort,1,4.192500,0.00,0.00
randomArrays.txt,RecursiveInsertionSort,2,4.002100,0.00,0.00
randomArrays.txt,RecursiveInsertionSort,3,3.791200,103.03,0.00
randomArrays.txt,RecursiveInsertionSort,1,3.999200,97.68,0.00
randomArrays.txt,RecursiveInsertionSort,2,4.896700,0.00,0.00
randomArrays.txt,RecursiveInsertionSort,3,4.907000,0.00,0.00
randomArrays.txt,RecursiveInsertionSort,1,8.384300,0.00,0.00
randomArrays.txt,RecursiveInsertionSort,2,13.669700,28.58,0.00
randomArrays.txt,RecursiveInsertionSort,3,11.653200,33.52,0.00
randomArrays.txt,RecursiveInsertionSort,1,8.680700,0.00,0.00
randomArrays.txt,RecursiveInsertionSort,2,11.188500,34.91,0.00
randomArrays.txt,RecursiveInsertionSort,3,6.723800,58.10,0.00
randomArrays.txt,RecursiveInsertionSort,1,5.523100,0.00,0.00
randomArrays.txt,RecursiveInsertionSort,2,10.898200,35.84,0.00
randomArrays.txt,RecursiveInsertionSort,3,9.722300,40.18,0.00
randomArrays.txt,RecursiveInsertionSort,1,15.951900,24.49,0.00
randomArrays.txt,RecursiveInsertionSort,2,24.198000,32.29,0.00
randomArrays.txt,RecursiveInsertionSort,3,27.184300,14.37,0.00
randomArrays.txt,RecursiveInsertionSort,1,4.295500,90.94,0.00
randomArrays.txt,RecursiveInsertionSort,2,3.473300,0.00,0.00
randomArrays.txt,RecursiveInsertionSort,3,5.237400,0.00,0.00
randomArrays.txt,RecursiveInsertionSort,1,20.061400,38.94,0.00
randomArrays.txt,RecursiveInsertionSort,2,15.316400,25.50,0.00
randomArrays.txt,RecursiveInsertionSort,3,13.537300,28.86,0.00
randomArrays.txt,RecursiveInsertionSort,1,23.532500,33.20,0.00
randomArrays.txt,RecursiveInsertionSort,2,10.512200,0.00,0.00
randomArrays.txt,RecursiveInsertionSort,3,23.462800,33.30,0.00
randomArrays.txt,RecursiveInsertionSort,1,3.665700,0.00,0.00
randomArrays.txt,RecursiveInsertionSort,2,3.730200,0.00,0.00
randomArrays.txt,RecursiveInsertionSort,3,3.868300,0.00,0.00
randomArrays.txt,RecursiveInsertionSort,1,1.534500,0.00,0.00
randomArrays.txt,RecursiveInsertionSort,2,1.529500,0.00,0.00
randomArrays.txt,RecursiveInsertionSort,3,1.545100,252.82,0.00
randomArrays.txt,RecursiveInsertionSort,1,1.009300,0.00,0.00
randomArrays.txt,RecursiveInsertionSort,2,1.008900,0.00,0.00
randomArrays.txt,RecursiveInsertionSort,3,1.006400,0.00,0.00
randomArrays.txt,RecursiveInsertionSort,1,61.534200,25.39,0.00
randomArrays.txt,RecursiveInsertionSort,2,44.878400,26.11,0.00
randomArrays.txt,RecursiveInsertionSort,3,49.875200,23.50,0.00
randomArrays.txt,RecursiveInsertionSort,1,21.379900,18.27,0.00
randomArrays.txt,RecursiveInsertionSort,2,17.551500,22.26,0.00
randomArrays.txt,RecursiveInsertionSort,3,25.841500,30.23,0.00
randomArrays.txt,RecursiveInsertionSort,1,11.658300,33.51,0.00
randomArrays.txt,RecursiveInsertionSort,2,8.132000,0.00,0.00
randomArrays.txt,RecursiveInsertionSort,3,10.464100,37.33,0.00
randomArrays.txt,RecursiveInsertionSort,1,2.423200,0.00,0.00
randomArrays.txt,RecursiveInsertionSort,2,2.641100,0.00,0.00
randomArrays.txt,RecursiveInsertionSort,3,2.398000,0.00,0.00
randomArrays.txt,RecursiveInsertionSort,1,16.370400,23.86,0.00
randomArrays.txt,RecursiveInsertionSort,2,14.445600,27.04,0.00
randomArrays.txt,RecursiveInsertionSort,3,13.930200,28.04,0.00
randomArrays.txt,RecursiveInsertionSort,1,40.848300,19.13,0.00
randomArrays.txt,RecursiveInsertionSort,2,40.514200,28.93,0.00
randomArrays.txt,RecursiveInsertionSort,3,39.168400,19.95,0.00
randomArrays.txt,RecursiveInsertionSort,1,4.589800,0.00,0.00
randomArrays.txt,RecursiveInsertionSort,2,3.617300,0.00,0.00
randomArrays.txt,RecursiveInsertionSort,3,3.613400,108.10,0.00
randomArrays.txt,RecursiveInsertionSort,1,61.177400,25.54,0.00
randomArrays.txt,RecursiveInsertionSort,2,59.888000,26.09,0.00
randomArrays.txt,RecursiveInsertionSort,3,60.343800,25.89,0.00
randomArrays.txt,RecursiveInsertionSort,1,21.534700,18.14,0.00
randomArrays.txt,RecursiveInsertionSort,2,33.569800,23.27,0.00
randomArrays.txt,RecursiveInsertionSort,3,33.759600,23.14,0.00
randomArrays.txt,RecursiveInsertionSort,1,18.446800,42.35,0.00
randomArrays.txt,RecursiveInsertionSort,2,17.518000,22.30,0.00
randomArrays.txt,RecursiveInsertionSort,3,15.779600,24.76,0.00
randomArrays.txt,RecursiveInsertionSort,1,1.303600,0.00,0.00
randomArrays.txt,RecursiveInsertionSort,2,1.305600,0.00,0.00
randomArrays.txt,RecursiveInsertionSort,3,1.282000,0.00,0.00
randomArrays.txt,RecursiveInsertionSort,1,6.444700,0.00,0.00
randomArrays.txt,RecursiveInsertionSort,2,5.954900,0.00,0.00
randomArrays.txt,RecursiveInsertionSort,3,6.543500,59.70,0.00
randomArrays.txt,RecursiveInsertionSort,1,0.368500,0.00,0.00
randomArrays.txt,RecursiveInsertionSort,2,0.369000,0.00,0.00
randomArrays.txt,RecursiveInsertionSort,3,0.378100,0.00,0.00
randomArrays.txt,RecursiveInsertionSort,1,47.698800,24.57,0.00
randomArrays.txt,RecursiveInsertionSort,2,42.176400,27.79,0.00
randomArrays.txt,RecursiveInsertionSort,3,40.985500,19.06,0.00
randomArrays.txt,RecursiveInsertionSort,1,18.363700,21.27,0.00
randomArrays.txt,RecursiveInsertionSort,2,18.771600,20.81,0.00
randomArrays.txt,RecursiveInsertionSort,3,25.904200,15.08,0.00
randomArrays.txt,RecursiveInsertionSort,1,19.758000,19.77,0.00
randomArrays.txt,RecursiveInsertionSort,2,19.700300,19.83,0.00
randomArrays.txt,RecursiveInsertionSort,3,17.125200,45.62,0.00
randomArrays.txt,RecursiveInsertionSort,1,20.597500,18.96,0.00
randomArrays.txt,RecursiveInsertionSort,2,16.281800,23.99,0.00
randomArrays.txt,RecursiveInsertionSort,3,24.399600,32.02,0.00
randomArrays.txt,RecursiveInsertionSort,1,29.303000,26.66,0.00
randomArrays.txt,RecursiveInsertionSort,2,31.384000,24.89,0.00
randomArrays.txt,RecursiveInsertionSort,3,26.670700,14.65,0.00
randomArrays.txt,RecursiveInsertionSort,1,31.415000,24.87,0.00
randomArrays.txt,RecursiveInsertionSort,2,42.107300,27.83,0.00
randomArrays.txt,RecursiveInsertionSort,3,39.337700,19.86,0.00
randomArrays.txt,RecursiveInsertionSort,1,28.628900,27.29,0.00
randomArrays.txt,RecursiveInsertionSort,2,28.339600,27.57,0.00
randomArrays.txt,RecursiveInsertionSort,3,29.184200,26.77,0.00
randomArrays.txt,RecursiveInsertionSort,1,0.267100,0.00,0.00
randomArrays.txt,RecursiveInsertionSort,2,0.264100,0.00,0.00
randomArrays.txt,RecursiveInsertionSort,3,0.266600,0.00,0.00
randomArrays.txt,RecursiveInsertionSort,1,29.523700,26.46,0.00
randomArrays.txt,RecursiveInsertionSort,2,30.772500,25.39,0.00
randomArrays.txt,RecursiveInsertionSort,3,33.032300,23.65,0.00
randomArrays.txt,RecursiveInsertionSort,1,65.625800,23.81,0.00
randomArrays.txt,RecursiveInsertionSort,2,71.128300,21.97,0.00
randomArrays.txt,RecursiveInsertionSort,3,54.016500,28.93,0.00
randomArrays.txt,RecursiveInsertionSort,1,8.801900,0.00,0.00
randomArrays.txt,RecursiveInsertionSort,2,6.977500,55.98,0.00
randomArrays.txt,RecursiveInsertionSort,3,12.335900,31.67,0.00
randomArrays.txt,RecursiveInsertionSort,1,39.149800,19.96,0.00
randomArrays.txt,RecursiveInsertionSort,2,34.286200,34.18,0.00
randomArrays.txt,RecursiveInsertionSort,3,58.955100,19.88,0.00
randomArrays.txt,RecursiveInsertionSort,1,5.365600,0.00,0.00
randomArrays.txt,RecursiveInsertionSort,2,4.224500,0.00,0.00
randomArrays.txt,RecursiveInsertionSort,3,10.298200,37.93,0.00
randomArrays.txt,RecursiveInsertionSort,1,23.720000,32.94,0.00
randomArrays.txt,RecursiveInsertionSort,2,19.747100,19.78,0.00
randomArrays.txt,RecursiveInsertionSort,3,25.661600,30.44,0.00
randomArrays.txt,RecursiveInsertionSort,1,0.065000,0.00,0.00
randomArrays.txt,RecursiveInsertionSort,2,0.065200,0.00,0.00
randomArrays.txt,RecursiveInsertionSort,3,0.066400,0.00,0.00
randomArrays.txt,RecursiveInsertionSort,1,14.087400,27.73,0.00
randomArrays.txt,RecursiveInsertionSort,2,15.089700,25.89,0.00
randomArrays.txt,RecursiveInsertionSort,3,13.465700,29.01,0.00
randomArrays.txt,RecursiveInsertionSort,1,33.974400,23.00,0.00
randomArrays.txt,RecursiveInsertionSort,2,35.725400,21.87,0.00
randomArrays.txt,RecursiveInsertionSort,3,36.250800,21.55,0.00
randomArrays.txt,RecursiveInsertionSort,1,15.506800,25.19,0.00
randomArrays.txt,RecursiveInsertionSort,2,33.087900,23.61,0.00
randomArrays.txt,RecursiveInsertionSort,3,33.354800,23.42,0.00
randomArrays.txt,RecursiveInsertionSort,1,19.524400,20.01,0.00
randomArrays.txt,RecursiveInsertionSort,2,17.643300,22.14,0.00
randomArrays.txt,RecursiveInsertionSort,3,10.779600,36.24,0.00
randomArrays.txt,RecursiveInsertionSort,1,5.344400,73.09,0.00
randomArrays.txt,RecursiveInsertionSort,2,4.230200,0.00,0.00
randomArrays.txt,RecursiveInsertionSort,3,4.444900,0.00,0.00
randomArrays.txt,RecursiveInsertionSort,1,15.836300,24.67,0.00
randomArrays.txt,RecursiveInsertionSort,2,12.830300,30.45,0.00
randomArrays.txt,RecursiveInsertionSort,3,19.332500,20.21,0.00
randomArrays.txt,RecursiveInsertionSort,1,28.452000,13.73,0.00
randomArrays.txt,RecursiveInsertionSort,2,61.067400,25.59,0.00
randomArrays.txt,RecursiveInsertionSort,3,51.607800,30.28,0.00
randomArrays.txt,RecursiveInsertionSort,1,25.464700,30.68,0.00
randomArrays.txt,RecursiveInsertionSort,2,24.968900,31.29,0.00
randomArrays.txt,RecursiveInsertionSort,3,25.566600,15.28,0.00
randomArrays.txt,RecursiveInsertionSort,1,2.814900,0.00,0.00
randomArrays.txt,RecursiveInsertionSort,2,1.489100,0.00,0.00
randomArrays.txt,RecursiveInsertionSort,3,2.767500,0.00,0.00
randomArrays.txt,RecursiveInsertionSort,1,11.942200,0.00,0.00
randomArrays.txt,RecursiveInsertionSort,2,4.661100,83.81,0.00
randomArrays.txt,RecursiveInsertionSort,3,4.402400,0.00,0.00
randomArrays.txt,RecursiveInsertionSort,1,8.402400,46.49,0.00
randomArrays.txt,RecursiveInsertionSort,2,6.066200,0.00,0.00
randomArrays.txt,RecursiveInsertionSort,3,6.087300,64.17,0.00
randomArrays.txt,RecursiveInsertionSort,1,16.384800,23.84,0.00
randomArrays.txt,RecursiveInsertionSort,2,16.831200,23.21,0.00
randomArrays.txt,RecursiveInsertionSort,3,16.835300,46.41,0.00
randomArrays.txt,RecursiveInsertionSort,1,33.653400,23.21,0.00
randomArrays.txt,RecursiveInsertionSort,2,38.350700,30.56,0.00
randomArrays.txt,RecursiveInsertionSort,3,21.046600,18.56,0.00
randomArrays.txt,RecursiveInsertionSort,1,30.664800,25.48,0.00
randomArrays.txt,RecursiveInsertionSort,2,30.141200,25.92,0.00
randomArrays.txt,RecursiveInsertionSort,3,24.303500,32.15,0.00
randomArrays.txt,RecursiveInsertionSort,1,1.337500,0.00,0.00
randomArrays.txt,RecursiveInsertionSort,2,1.083800,0.00,0.00
randomArrays.txt,RecursiveInsertionSort,3,1.496300,0.00,0.00
randomArrays.txt,RecursiveInsertionSort,1,49.351700,23.75,0.00
randomArrays.txt,RecursiveInsertionSort,2,62.639300,24.94,0.00
randomArrays.txt,RecursiveInsertionSort,3,63.538300,24.59,0.00
randomArrays.txt,RecursiveInsertionSort,1,8.389300,46.56,0.00
randomArrays.txt,RecursiveInsertionSort,2,13.978700,27.94,0.00
randomArrays.txt,RecursiveInsertionSort,3,10.304600,0.00,0.00
randomArrays.txt,RecursiveInsertionSort,1,40.754000,28.75,0.00
randomArrays.txt,RecursiveInsertionSort,2,53.193300,22.03,0.00
randomArrays.txt,RecursiveInsertionSort,3,39.927000,29.35,0.00
randomArrays.txt,RecursiveInsertionSort,1,49.271100,23.78,0.00
randomArrays.txt,RecursiveInsertionSort,2,50.337000,23.28,0.00
randomArrays.txt,RecursiveInsertionSort,3,49.921700,23.47,0.00
randomArrays.txt,RecursiveInsertionSort,1,9.737300,40.12,0.00
randomArrays.txt,RecursiveInsertionSort,2,15.630600,24.99,0.00
randomArrays.txt,RecursiveInsertionSort,3,15.421900,25.33,0.00
randomArrays.txt,RecursiveInsertionSort,1,2.901700,0.00,0.00
randomArrays.txt,RecursiveInsertionSort,2,3.405600,0.00,0.00
randomArrays.txt,RecursiveInsertionSort,3,3.434400,0.00,0.00
randomArrays.txt,RecursiveInsertionSort,1,19.754400,39.55,0.00
randomArrays.txt,RecursiveInsertionSort,2,19.280200,20.26,0.00
randomArrays.txt,RecursiveInsertionSort,3,18.446200,21.18,0.00
randomArrays.txt,RecursiveInsertionSort,1,7.157600,0.00,0.00
randomArrays.txt,RecursiveInsertionSort,2,6.466600,60.41,0.00
randomArrays.txt,RecursiveInsertionSort,3,11.033200,0.00,0.00
randomArrays.txt,RecursiveInsertionSort,1,24.622000,31.73,0.00
randomArrays.txt,RecursiveInsertionSort,2,23.172400,16.86,0.00
randomArrays.txt,RecursiveInsertionSort,3,22.372400,34.92,0.00
randomArrays.txt,RecursiveInsertionSort,1,28.126200,27.78,0.00
randomArrays.txt,RecursiveInsertionSort,2,31.986700,24.42,0.00
randomArrays.txt,RecursiveInsertionSort,3,32.647400,23.93,0.00
randomArrays.txt,RecursiveInsertionSort,1,3.490200,0.00,0.00
randomArrays.txt,RecursiveInsertionSort,2,7.601400,0.00,0.00
randomArrays.txt,RecursiveInsertionSort,3,6.182200,0.00,0.00
randomArrays.txt,RecursiveInsertionSort,1,39.198500,29.90,0.00
randomArrays.txt,RecursiveInsertionSort,2,39.821200,19.62,0.00
randomArrays.txt,RecursiveInsertionSort,3,38.868400,30.15,0.00
randomArrays.txt,RecursiveInsertionSort,1,5.711000,68.40,0.00
randomArrays.txt,RecursiveInsertionSort,2,7.866600,0.00,0.00
randomArrays.txt,RecursiveInsertionSort,3,12.966200,30.13,0.00
randomArrays.txt,RecursiveInsertionSort,1,0.642200,0.00,0.00
randomArrays.txt,RecursiveInsertionSort,2,0.469900,0.00,0.00
randomArrays.txt,RecursiveInsertionSort,3,0.318900,0.00,0.00
randomArrays.txt,RecursiveInsertionSort,1,0.372600,0.00,0.00
randomArrays.txt,RecursiveInsertionSort,2,0.182100,0.00,0.00
randomArrays.txt,RecursiveInsertionSort,3,0.163600,0.00,0.00
randomArrays.txt,RecursiveInsertionSort,1,5.247100,0.00,0.00
randomArrays.txt,RecursiveInsertionSort,2,8.563100,0.00,0.00
randomArrays.txt,RecursiveInsertionSort,3,7.834100,0.00,0.00
randomArrays.txt,RecursiveInsertionSort,1,2.446800,0.00,0.00
randomArrays.txt,RecursiveInsertionSort,2,2.463600,0.00,0.00
randomArrays.txt,RecursiveInsertionSort,3,2.357600,0.00,0.00
randomArrays.txt,RecursiveInsertionSort,1,64.310500,24.30,0.00
randomArrays.txt,RecursiveInsertionSort,2,56.702700,27.56,0.00
randomArrays.txt,RecursiveInsertionSort,3,49.729600,23.56,0.00
randomArrays.txt,RecursiveInsertionSort,1,9.277200,42.11,0.00
randomArrays.txt,RecursiveInsertionSort,2,7.706200,0.00,0.00
randomArrays.txt,RecursiveInsertionSort,3,8.349800,46.78,0.00
randomArrays.txt,RecursiveInsertionSort,1,11.154800,0.00,0.00
randomArrays.txt,RecursiveInsertionSort,2,9.483400,41.19,0.00
randomArrays.txt,RecursiveInsertionSort,3,10.253800,38.10,0.00
randomArrays.txt,RecursiveInsertionSort,1,0.113000,0.00,0.00
randomArrays.txt,RecursiveInsertionSort,2,0.108000,0.00,0.00
randomArrays.txt,RecursiveInsertionSort,3,0.155600,0.00,0.00
randomArrays.txt,RecursiveInsertionSort,1,7.267000,53.75,0.00
randomArrays.txt,RecursiveInsertionSort,2,9.190900,0.00,0.00
randomArrays.txt,RecursiveInsertionSort,3,8.329500,46.90,0.00
randomArrays.txt,RecursiveInsertionSort,1,18.708400,20.88,0.00
randomArrays.txt,RecursiveInsertionSort,2,26.300200,14.85,0.00
randomArrays.txt,RecursiveInsertionSort,3,28.686400,27.23,0.00
randomArrays.txt,RecursiveInsertionSort,1,15.712700,24.86,0.00
randomArrays.txt,RecursiveInsertionSort,2,20.421300,19.13,0.00
randomArrays.txt,RecursiveInsertionSort,3,17.785600,21.96,0.00
randomArrays.txt,RecursiveInsertionSort,1,39.015700,30.04,0.00
randomArrays.txt,RecursiveInsertionSort,2,36.243700,21.56,0.00
randomArrays.txt,RecursiveInsertionSort,3,32.057000,24.37,0.00
randomArrays.txt,RecursiveInsertionSort,1,8.425600,46.36,0.00
randomArrays.txt,RecursiveInsertionSort,2,6.268500,0.00,0.00
randomArrays.txt,RecursiveInsertionSort,3,4.883300,79.99,0.00
randomArrays.txt,RecursiveInsertionSort,1,0.070200,0.00,0.00
randomArrays.txt,RecursiveInsertionSort,2,0.057400,0.00,0.00
randomArrays.txt,RecursiveInsertionSort,3,0.097800,0.00,0.00
randomArrays.txt,RecursiveInsertionSort,1,40.532500,28.91,0.00
randomArrays.txt,RecursiveInsertionSort,2,41.177300,28.46,0.00
randomArrays.txt,RecursiveInsertionSort,3,27.175900,14.37,0.00
randomArrays.txt,RecursiveInsertionSort,1,2.154500,0.00,0.00
randomArrays.txt,RecursiveInsertionSort,2,2.134100,0.00,0.00
randomArrays.txt,RecursiveInsertionSort,3,2.009500,0.00,0.00
randomArrays.txt,RecursiveInsertionSort,1,0.184800,0.00,0.00
randomArrays.txt,RecursiveInsertionSort,2,0.190500,0.00,0.00
randomArrays.txt,RecursiveInsertionSort,3,0.190700,0.00,0.00
randomArrays.txt,RecursiveInsertionSort,1,16.987300,23.00,0.00
randomArrays.txt,RecursiveInsertionSort,2,16.449400,23.75,0.00
randomArrays.txt,RecursiveInsertionSort,3,15.675400,24.92,0.00
randomArrays.txt,RecursiveInsertionSort,1,0.038600,0.00,0.00
randomArrays.txt,RecursiveInsertionSort,2,0.060600,0.00,0.00
randomArrays.txt,RecursiveInsertionSort,3,0.062300,0.00,0.00
randomArrays.txt,RecursiveInsertionSort,1,34.069300,34.40,0.00
randomArrays.txt,RecursiveInsertionSort,2,33.034300,23.65,0.00
randomArrays.txt,RecursiveInsertionSort,3,33.288000,23.47,0.00
randomArrays.txt,RecursiveInsertionSort,1,9.311400,41.95,0.00
randomArrays.txt,RecursiveInsertionSort,2,9.833600,0.00,0.00
randomArrays.txt,RecursiveInsertionSort,3,17.718600,44.09,0.00
randomArrays.txt,RecursiveInsertionSort,1,8.608500,45.38,0.00
randomArrays.txt,RecursiveInsertionSort,2,5.901600,0.00,0.00
randomArrays.txt,RecursiveInsertionSort,3,8.670100,45.05,0.00
randomArrays.txt,RecursiveInsertionSort,1,57.444500,27.20,0.00
randomArrays.txt,RecursiveInsertionSort,2,78.579800,19.88,0.00
randomArrays.txt,RecursiveInsertionSort,3,50.174600,31.14,0.00
randomArrays.txt,RecursiveInsertionSort,1,2.999800,0.00,0.00
randomArrays.txt,RecursiveInsertionSort,2,3.186000,0.00,0.00
randomArrays.txt,RecursiveInsertionSort,3,2.650600,0.00,0.00
randomArrays.txt,RecursiveInsertionSort,1,50.228400,23.33,0.00
randomArrays.txt,RecursiveInsertionSort,2,47.258900,24.80,0.00
randomArrays.txt,RecursiveInsertionSort,3,47.658400,24.59,0.00
randomArrays.txt,RecursiveInsertionSort,1,37.460600,20.86,0.00
randomArrays.txt,RecursiveInsertionSort,2,27.304400,28.61,0.00
randomArrays.txt,RecursiveInsertionSort,3,19.990600,19.54,0.00
randomArrays.txt,RecursiveInsertionSort,1,52.287900,22.41,0.00
randomArrays.txt,RecursiveInsertionSort,2,41.413100,28.30,0.00
randomArrays.txt,RecursiveInsertionSort,3,52.220200,22.44,0.00
randomArrays.txt,RecursiveInsertionSort,1,6.170700,63.30,0.00
randomArrays.txt,RecursiveInsertionSort,2,12.264100,31.85,0.00
randomArrays.txt,RecursiveInsertionSort,3,12.764200,0.00,0.00
randomArrays.txt,RecursiveInsertionSort,1,14.516000,26.91,0.00
randomArrays.txt,RecursiveInsertionSort,2,11.572900,33.75,0.00
randomArrays.txt,RecursiveInsertionSort,3,17.003500,22.97,0.00
randomArrays.txt,RecursiveInsertionSort,1,12.033600,32.46,0.00
randomArrays.txt,RecursiveInsertionSort,2,8.480900,0.00,0.00
randomArrays.txt,RecursiveInsertionSort,3,13.250000,29.48,0.00
randomArrays.txt,RecursiveInsertionSort,1,2.270400,172.05,0.00
randomArrays.txt,RecursiveInsertionSort,2,23.381100,0.00,0.00
randomArrays.txt,RecursiveInsertionSort,3,3.861900,0.00,0.00
randomArrays.txt,RecursiveInsertionSort,1,20.094300,38.88,0.00
randomArrays.txt,RecursiveInsertionSort,2,21.510800,18.16,0.00
randomArrays.txt,RecursiveInsertionSort,3,19.464500,20.07,0.00
randomArrays.txt,RecursiveInsertionSort,1,0.656700,0.00,0.00
randomArrays.txt,RecursiveInsertionSort,2,0.662900,0.00,0.00
randomArrays.txt,RecursiveInsertionSort,3,0.660600,0.00,0.00
randomArrays.txt,RecursiveInsertionSort,1,5.920000,65.98,0.00
randomArrays.txt,RecursiveInsertionSort,2,5.029000,0.00,0.00
randomArrays.txt,RecursiveInsertionSort,3,6.725100,58.08,0.00
randomArrays.txt,RecursiveInsertionSort,1,64.910000,24.07,0.00
randomArrays.txt,RecursiveInsertionSort,2,59.515500,26.25,0.00
randomArrays.txt,RecursiveInsertionSort,3,61.424500,25.44,0.00
randomArrays.txt,RecursiveInsertionSort,1,9.817800,39.79,0.00
randomArrays.txt,RecursiveInsertionSort,2,4.643900,0.00,0.00
randomArrays.txt,RecursiveInsertionSort,3,9.030200,43.26,0.00
randomArrays.txt,RecursiveInsertionSort,1,72.220200,27.04,0.00
randomArrays.txt,RecursiveInsertionSort,2,64.830700,24.10,0.00
randomArrays.txt,RecursiveInsertionSort,3,38.035500,20.54,0.00
randomArrays.txt,RecursiveInsertionSort,1,14.176600,27.55,0.00
randomArrays.txt,RecursiveInsertionSort,2,13.952000,28.00,0.00
randomArrays.txt,RecursiveInsertionSort,3,7.678200,0.00,0.00
randomArrays.txt,RecursiveInsertionSort,1,12.800900,30.52,0.00
randomArrays.txt,RecursiveInsertionSort,2,17.748100,22.01,0.00
randomArrays.txt,RecursiveInsertionSort,3,22.948400,17.02,0.00
randomArrays.txt,RecursiveInsertionSort,1,1.499600,0.00,0.00
randomArrays.txt,RecursiveInsertionSort,2,1.853900,0.00,0.00
randomArrays.txt,RecursiveInsertionSort,3,1.749800,0.00,0.00
randomArrays.txt,RecursiveInsertionSort,1,11.026700,35.43,0.00
randomArrays.txt,RecursiveInsertionSort,2,15.459000,25.27,0.00
randomArrays.txt,RecursiveInsertionSort,3,16.636900,23.48,0.00
randomArrays.txt,RecursiveInsertionSort,1,0.899100,434.46,0.00
randomArrays.txt,RecursiveInsertionSort,2,0.828200,0.00,0.00
randomArrays.txt,RecursiveInsertionSort,3,0.913900,0.00,0.00
randomArrays.txt,RecursiveInsertionSort,1,31.924800,24.47,0.00
randomArrays.txt,RecursiveInsertionSort,2,42.512900,27.57,0.00
randomArrays.txt,RecursiveInsertionSort,3,34.951600,22.35,0.00
randomArrays.txt,RecursiveInsertionSort,1,23.278800,33.56,0.00
randomArrays.txt,RecursiveInsertionSort,2,22.526100,17.34,0.00
randomArrays.txt,RecursiveInsertionSort,3,21.329900,18.31,0.00
randomArrays.txt,RecursiveInsertionSort,1,17.485300,22.34,0.00
randomArrays.txt,RecursiveInsertionSort,2,20.432000,19.12,0.00
randomArrays.txt,RecursiveInsertionSort,3,20.403000,19.15,0.00
randomArrays.txt,RecursiveInsertionSort,1,34.028100,22.96,0.00
randomArrays.txt,RecursiveInsertionSort,2,33.609200,23.25,0.00
randomArrays.txt,RecursiveInsertionSort,3,33.986900,22.99,0.00
randomArrays.txt,RecursiveInsertionSort,1,9.053500,0.00,0.00
randomArrays.txt,RecursiveInsertionSort,2,8.868600,44.05,0.00
randomArrays.txt,RecursiveInsertionSort,3,10.107500,0.00,0.00
randomArrays.txt,RecursiveInsertionSort,1,18.670600,20.92,0.00
randomArrays.txt,RecursiveInsertionSort,2,24.839100,31.45,0.00
randomArrays.txt,RecursiveInsertionSort,3,37.279300,20.96,0.00
randomArrays.txt,RecursiveInsertionSort,1,31.159700,25.07,0.00
randomArrays.txt,RecursiveInsertionSort,2,29.572700,26.42,0.00
randomArrays.txt,RecursiveInsertionSort,3,32.198300,24.26,0.00
randomArrays.txt,RecursiveInsertionSort,1,4.873900,0.00,0.00
randomArrays.txt,RecursiveInsertionSort,2,3.742200,0.00,0.00
randomArrays.txt,RecursiveInsertionSort,3,3.935300,99.26,0.00
randomArrays.txt,RecursiveInsertionSort,1,3.766700,103.70,0.00
randomArrays.txt,RecursiveInsertionSort,2,4.404800,0.00,0.00
randomArrays.txt,RecursiveInsertionSort,3,4.081100,0.00,0.00
randomArrays.txt,RecursiveInsertionSort,1,10.424400,0.00,0.00
randomArrays.txt,RecursiveInsertionSort,2,18.618200,20.98,0.00
randomArrays.txt,RecursiveInsertionSort,3,20.997900,18.60,0.00
randomArrays.txt,RecursiveInsertionSort,1,9.595100,40.71,0.00
randomArrays.txt,RecursiveInsertionSort,2,8.327000,0.00,0.00
randomArrays.txt,RecursiveInsertionSort,3,7.375100,52.97,0.00
randomArrays.txt,RecursiveInsertionSort,1,33.343900,23.43,0.00
randomArrays.txt,RecursiveInsertionSort,2,29.463200,26.52,0.00
randomArrays.txt,RecursiveInsertionSort,3,33.113700,23.59,0.00
randomArrays.txt,RecursiveInsertionSort,1,5.898500,0.00,0.00
randomArrays.txt,RecursiveInsertionSort,2,4.995100,0.00,0.00
randomArrays.txt,RecursiveInsertionSort,3,4.739700,0.00,0.00
randomArrays.txt,RecursiveInsertionSort,1,5.328400,0.00,0.00
randomArrays.txt,RecursiveInsertionSort,2,5.583500,69.96,0.00
randomArrays.txt,RecursiveInsertionSort,3,3.111500,0.00,0.00
randomArrays.txt,RecursiveInsertionSort,1,18.181800,21.48,0.00
randomArrays.txt,RecursiveInsertionSort,2,42.559000,27.54,0.00
randomArrays.txt,RecursiveInsertionSort,3,42.659000,18.31,0.00
randomArrays.txt,RecursiveInsertionSort,1,13.536700,28.86,0.00
randomArrays.txt,RecursiveInsertionSort,2,15.824200,24.69,0.00
randomArrays.txt,RecursiveInsertionSort,3,10.980300,35.58,0.00
randomArrays.txt,RecursiveInsertionSort,1,61.678900,25.33,0.00
randomArrays.txt,RecursiveInsertionSort,2,52.547100,29.74,0.00
randomArrays.txt,RecursiveInsertionSort,3,62.364100,25.05,0.00
randomArrays.txt,RecursiveInsertionSort,1,0.018400,0.00,0.00
randomArrays.txt,RecursiveInsertionSort,2,0.033000,0.00,0.00
randomArrays.txt,RecursiveInsertionSort,3,0.025200,0.00,0.00
randomArrays.txt,RecursiveInsertionSort,1,53.410400,29.25,0.00
randomArrays.txt,RecursiveInsertionSort,2,71.387100,21.89,0.00
randomArrays.txt,RecursiveInsertionSort,3,55.861900,27.97,0.00
randomArrays.txt,RecursiveInsertionSort,1,12.632500,30.92,0.00
randomArrays.txt,RecursiveInsertionSort,2,11.170600,34.97,0.00
randomArrays.txt,RecursiveInsertionSort,3,7.654500,0.00,0.00
randomArrays.txt,RecursiveInsertionSort,1,45.909700,25.53,0.00
randomArrays.txt,RecursiveInsertionSort,2,37.156000,31.54,0.00
randomArrays.txt,RecursiveInsertionSort,3,43.376500,18.01,0.00
randomArrays.txt,RecursiveInsertionSort,1,9.053100,0.00,0.00
randomArrays.txt,RecursiveInsertionSort,2,10.536400,37.07,0.00
randomArrays.txt,RecursiveInsertionSort,3,4.972000,0.00,0.00
randomArrays.txt,RecursiveInsertionSort,1,22.006700,17.75,0.00
randomArrays.txt,RecursiveInsertionSort,2,21.315000,36.65,0.00
randomArrays.txt,RecursiveInsertionSort,3,21.332800,18.31,0.00
randomArrays.txt,RecursiveInsertionSort,1,52.450500,22.34,0.00
randomArrays.txt,RecursiveInsertionSort,2,65.762800,23.76,0.00
randomArrays.txt,RecursiveInsertionSort,3,40.110600,29.22,0.00
randomArrays.txt,RecursiveInsertionSort,1,1.220000,320.18,0.00
randomArrays.txt,RecursiveInsertionSort,2,1.333500,0.00,0.00
randomArrays.txt,RecursiveInsertionSort,3,1.416100,0.00,0.00
randomArrays.txt,RecursiveInsertionSort,1,54.908600,21.34,0.00
randomArrays.txt,RecursiveInsertionSort,2,54.405600,28.72,0.00
randomArrays.txt,RecursiveInsertionSort,3,52.437000,22.35,0.00
randomArrays.txt,RecursiveInsertionSort,1,29.191100,26.76,0.00
randomArrays.txt,RecursiveInsertionSort,2,15.604900,25.03,0.00
randomArrays.txt,RecursiveInsertionSort,3,26.980800,28.96,0.00
randomArrays.txt,RecursiveInsertionSort,1,48.431400,24.20,0.00
randomArrays.txt,RecursiveInsertionSort,2,47.909100,32.61,0.00
randomArrays.txt,RecursiveInsertionSort,3,43.265900,18.06,0.00
randomArrays.txt,RecursiveInsertionSort,1,4.037400,0.00,0.00
randomArrays.txt,RecursiveInsertionSort,2,3.576800,0.00,0.00
randomArrays.txt,RecursiveInsertionSort,3,3.662400,0.00,0.00
randomArrays.txt,RecursiveInsertionSort,1,34.262400,22.80,0.00
randomArrays.txt,RecursiveInsertionSort,2,42.482400,18.39,0.00
randomArrays.txt,RecursiveInsertionSort,3,42.028000,27.88,0.00
randomArrays.txt,RecursiveInsertionSort,1,31.345800,24.92,0.00
randomArrays.txt,RecursiveInsertionSort,2,32.866200,23.77,0.00
randomArrays.txt,RecursiveInsertionSort,3,26.773400,29.18,0.00
randomArrays.txt,RecursiveInsertionSort,1,11.239400,34.75,0.00
randomArrays.txt,RecursiveInsertionSort,2,19.206100,20.34,0.00
randomArrays.txt,RecursiveInsertionSort,3,18.903700,41.33,0.00
randomArrays.txt,RecursiveInsertionSort,1,16.573200,23.57,0.00
randomArrays.txt,RecursiveInsertionSort,2,9.632500,0.00,0.00
randomArrays.txt,RecursiveInsertionSort,3,16.478300,47.41,0.00
randomArrays.txt,RecursiveInsertionSort,1,53.882900,29.00,0.00
randomArrays.txt,RecursiveInsertionSort,2,34.329100,22.76,0.00
randomArrays.txt,RecursiveInsertionSort,3,38.497300,30.44,0.00
randomArrays.txt,RecursiveInsertionSort,1,7.195500,0.00,0.00
randomArrays.txt,RecursiveInsertionSort,2,10.477800,37.28,0.00
randomArrays.txt,RecursiveInsertionSort,3,7.260100,0.00,0.00
randomArrays.txt,RecursiveInsertionSort,1,43.131200,27.17,0.00
randomArrays.txt,RecursiveInsertionSort,2,42.909500,27.31,0.00
randomArrays.txt,RecursiveInsertionSort,3,43.348600,18.02,0.00
randomArrays.txt,RecursiveInsertionSort,1,20.667300,18.90,0.00
randomArrays.txt,RecursiveInsertionSort,2,9.150800,42.69,0.00
randomArrays.txt,RecursiveInsertionSort,3,13.190800,29.61,0.00
randomArrays.txt,RecursiveInsertionSort,1,1.228700,0.00,0.00
randomArrays.txt,RecursiveInsertionSort,2,1.241200,0.00,0.00
randomArrays.txt,RecursiveInsertionSort,3,1.219300,0.00,0.00
randomArrays.txt,RecursiveInsertionSort,1,13.924600,28.05,0.00
randomArrays.txt,RecursiveInsertionSort,2,23.518400,33.22,0.00
randomArrays.txt,RecursiveInsertionSort,3,22.382000,17.45,0.00
randomArrays.txt,RecursiveInsertionSort,1,25.736200,30.36,0.00
randomArrays.txt,RecursiveInsertionSort,2,28.255400,27.65,0.00
randomArrays.txt,RecursiveInsertionSort,3,28.466700,27.44,0.00
randomArrays.txt,RecursiveInsertionSort,1,69.906500,27.94,0.00
randomArrays.txt,RecursiveInsertionSort,2,79.564600,24.55,0.00
randomArrays.txt,RecursiveInsertionSort,3,75.429500,25.89,0.00
randomArrays.txt,RecursiveInsertionSort,1,36.712400,21.28,0.00
randomArrays.txt,RecursiveInsertionSort,2,38.232500,30.65,0.00
randomArrays.txt,RecursiveInsertionSort,3,43.031900,18.16,0.00
randomArrays.txt,RecursiveInsertionSort,1,44.054000,26.60,0.00
randomArrays.txt,RecursiveInsertionSort,2,46.419800,25.25,0.00
randomArrays.txt,RecursiveInsertionSort,3,33.171300,23.55,0.00
randomArrays.txt,RecursiveInsertionSort,1,39.843500,29.41,0.00
randomArrays.txt,RecursiveInsertionSort,2,44.466400,26.35,0.00
randomArrays.txt,RecursiveInsertionSort,3,45.090100,25.99,0.00
randomArrays.txt,RecursiveInsertionSort,1,56.021300,20.92,0.00
randomArrays.txt,RecursiveInsertionSort,2,58.030600,20.19,0.00
randomArrays.txt,RecursiveInsertionSort,3,73.521800,26.57,0.00
randomArrays.txt,RecursiveInsertionSort,1,0.026700,0.00,0.00
randomArrays.txt,RecursiveInsertionSort,2,0.054000,0.00,0.00
randomArrays.txt,RecursiveInsertionSort,3,0.063000,0.00,0.00
randomArrays.txt,RecursiveInsertionSort,1,17.138200,22.79,0.00
randomArrays.txt,RecursiveInsertionSort,2,12.152500,32.14,0.00
randomArrays.txt,RecursiveInsertionSort,3,21.622600,18.07,0.00
randomArrays.txt,RecursiveInsertionSort,1,6.060100,64.46,0.00
randomArrays.txt,RecursiveInsertionSort,2,6.656100,0.00,0.00
randomArrays.txt,RecursiveInsertionSort,3,6.895200,56.65,0.00
randomArrays.txt,RecursiveInsertionSort,1,5.788800,0.00,0.00
randomArrays.txt,RecursiveInsertionSort,2,5.564700,0.00,0.00
randomArrays.txt,RecursiveInsertionSort,3,5.645900,69.19,0.00
randomArrays.txt,RecursiveInsertionSort,1,8.305100,0.00,0.00
randomArrays.txt,RecursiveInsertionSort,2,10.937900,35.71,0.00
randomArrays.txt,RecursiveInsertionSort,3,8.445200,0.00,0.00
randomArrays.txt,RecursiveInsertionSort,1,19.241600,20.30,0.00
randomArrays.txt,RecursiveInsertionSort,2,13.868600,28.17,0.00
randomArrays.txt,RecursiveInsertionSort,3,11.695300,33.40,0.00
randomArrays.txt,RecursiveInsertionSort,1,0.926200,0.00,0.00
randomArrays.txt,RecursiveInsertionSort,2,1.045000,0.00,0.00
randomArrays.txt,RecursiveInsertionSort,3,0.939600,0.00,0.00
randomArrays.txt,RecursiveInsertionSort,1,20.814000,37.53,0.00
randomArrays.txt,RecursiveInsertionSort,2,12.183100,32.06,0.00
randomArrays.txt,RecursiveInsertionSort,3,14.924900,26.17,0.00
randomArrays.txt,RecursiveInsertionSort,1,1.295900,301.43,0.00
randomArrays.txt,RecursiveInsertionSort,2,1.310400,0.00,0.00
randomArrays.txt,RecursiveInsertionSort,3,1.432100,0.00,0.00
randomArrays.txt,RecursiveInsertionSort,1,6.855400,56.98,0.00
randomArrays.txt,RecursiveInsertionSort,2,7.107200,0.00,0.00
randomArrays.txt,RecursiveInsertionSort,3,14.077900,27.75,0.00
randomArrays.txt,RecursiveInsertionSort,1,0.171900,0.00,0.00
randomArrays.txt,RecursiveInsertionSort,2,0.168900,0.00,0.00
randomArrays.txt,RecursiveInsertionSort,3,0.094900,0.00,0.00
randomArrays.txt,RecursiveInsertionSort,1,18.631600,20.97,0.00
randomArrays.txt,RecursiveInsertionSort,2,26.631900,29.34,0.00
randomArrays.txt,RecursiveInsertionSort,3,17.527000,22.29,0.00
randomArrays.txt,RecursiveInsertionSort,1,8.407400,46.46,0.00
randomArrays.txt,RecursiveInsertionSort,2,5.645000,0.00,0.00
randomArrays.txt,RecursiveInsertionSort,3,4.122800,94.75,0.00
randomArrays.txt,RecursiveInsertionSort,1,0.419000,0.00,0.00
randomArrays.txt,RecursiveInsertionSort,2,0.414200,0.00,0.00
randomArrays.txt,RecursiveInsertionSort,3,0.414500,0.00,0.00
randomArrays.txt,RecursiveInsertionSort,1,25.429300,30.72,0.00
randomArrays.txt,RecursiveInsertionSort,2,23.410300,33.37,0.00
randomArrays.txt,RecursiveInsertionSort,3,26.507800,14.74,0.00
randomArrays.txt,RecursiveInsertionSort,1,34.223200,22.83,0.00
randomArrays.txt,RecursiveInsertionSort,2,30.204200,25.87,0.00
randomArrays.txt,RecursiveInsertionSort,3,30.310500,25.77,0.00
randomArrays.txt,RecursiveInsertionSort,1,20.965400,37.26,0.00
randomArrays.txt,RecursiveInsertionSort,2,18.619000,20.98,0.00
randomArrays.txt,RecursiveInsertionSort,3,32.780500,23.83,0.00
randomArrays.txt,RecursiveInsertionSort,1,35.619400,21.93,0.00
randomArrays.txt,RecursiveInsertionSort,2,36.531600,32.08,0.00
randomArrays.txt,RecursiveInsertionSort,3,36.273500,21.54,0.00
randomArrays.txt,RecursiveInsertionSort,1,62.557400,24.98,0.00
randomArrays.txt,RecursiveInsertionSort,2,62.200100,25.12,0.00
randomArrays.txt,RecursiveInsertionSort,3,62.606900,24.96,0.00
randomArrays.txt,RecursiveInsertionSort,1,13.001800,30.04,0.00
randomArrays.txt,RecursiveInsertionSort,2,17.432500,44.82,0.00
randomArrays.txt,RecursiveInsertionSort,3,7.543200,0.00,0.00
randomArrays.txt,RecursiveInsertionSort,1,13.977000,27.95,0.00
randomArrays.txt,RecursiveInsertionSort,2,8.727100,44.76,0.00
randomArrays.txt,RecursiveInsertionSort,3,12.375300,31.56,0.00
randomArrays.txt,RecursiveInsertionSort,1,10.933100,35.73,0.00
randomArrays.txt,RecursiveInsertionSort,2,6.532500,0.00,0.00
randomArrays.txt,RecursiveInsertionSort,3,4.919900,0.00,0.00
randomArrays.txt,RecursiveInsertionSort,1,27.638600,28.27,0.00
randomArrays.txt,RecursiveInsertionSort,2,29.979200,26.06,0.00
randomArrays.txt,RecursiveInsertionSort,3,29.850900,26.17,0.00
randomArrays.txt,RecursiveInsertionSort,1,32.756400,23.85,0.00
randomArrays.txt,RecursiveInsertionSort,2,49.884200,31.32,0.00
randomArrays.txt,RecursiveInsertionSort,3,65.161400,23.98,0.00
randomArrays.txt,RecursiveInsertionSort,1,4.690900,0.00,0.00
randomArrays.txt,RecursiveInsertionSort,2,2.856100,0.00,0.00
randomArrays.txt,RecursiveInsertionSort,3,1.794100,0.00,0.00
randomArrays.txt,RecursiveInsertionSort,1,14.949600,26.13,0.00
randomArrays.txt,RecursiveInsertionSort,2,12.325300,31.69,0.00
randomArrays.txt,RecursiveInsertionSort,3,16.011400,24.40,0.00
randomArrays.txt,RecursiveInsertionSort,1,6.194800,0.00,0.00
randomArrays.txt,RecursiveInsertionSort,2,8.056600,0.00,0.00
randomArrays.txt,RecursiveInsertionSort,3,5.903900,0.00,0.00
randomArrays.txt,RecursiveInsertionSort,1,35.287400,22.14,0.00
randomArrays.txt,RecursiveInsertionSort,2,35.424700,22.05,0.00
randomArrays.txt,RecursiveInsertionSort,3,15.017100,26.01,0.00
randomArrays.txt,RecursiveInsertionSort,1,23.921700,16.33,0.00
randomArrays.txt,RecursiveInsertionSort,2,24.195400,32.29,0.00
randomArrays.txt,RecursiveInsertionSort,3,30.626500,25.51,0.00
randomArrays.txt,RecursiveInsertionSort,1,50.888400,23.03,0.00
randomArrays.txt,RecursiveInsertionSort,2,39.522400,29.65,0.00
randomArrays.txt,RecursiveInsertionSort,3,46.380100,25.27,0.00
randomArrays.txt,RecursiveInsertionSort,1,1.517200,0.00,0.00
randomArrays.txt,RecursiveInsertionSort,2,1.763100,0.00,0.00
randomArrays.txt,RecursiveInsertionSort,3,1.565700,0.00,0.00
randomArrays.txt,RecursiveInsertionSort,1,12.692200,30.78,0.00
randomArrays.txt,RecursiveInsertionSort,2,8.165600,0.00,0.00
randomArrays.txt,RecursiveInsertionSort,3,12.736900,30.67,0.00
randomArrays.txt,RecursiveInsertionSort,1,14.501000,26.94,0.00
randomArrays.txt,RecursiveInsertionSort,2,16.537600,23.62,0.00
randomArrays.txt,RecursiveInsertionSort,3,23.213700,16.83,0.00
randomArrays.txt,RecursiveInsertionSort,1,4.078800,0.00,0.00
randomArrays.txt,RecursiveInsertionSort,2,4.533200,86.17,0.00
randomArrays.txt,RecursiveInsertionSort,3,4.247100,0.00,0.00
randomArrays.txt,RecursiveInsertionSort,1,0.992000,0.00,0.00
randomArrays.txt,RecursiveInsertionSort,2,1.112900,0.00,0.00
randomArrays.txt,RecursiveInsertionSort,3,0.854300,0.00,0.00
randomArrays.txt,RecursiveInsertionSort,1,33.585100,23.26,0.00
randomArrays.txt,RecursiveInsertionSort,2,23.953300,16.31,0.00
randomArrays.txt,RecursiveInsertionSort,3,28.382100,13.76,0.00
randomArrays.txt,RecursiveInsertionSort,1,13.551100,28.83,0.00
randomArrays.txt,RecursiveInsertionSort,2,15.639000,24.98,0.00
randomArrays.txt,RecursiveInsertionSort,3,15.572600,25.08,0.00
randomArrays.txt,RecursiveInsertionSort,1,5.018200,0.00,0.00
randomArrays.txt,RecursiveInsertionSort,2,7.796000,50.11,0.00
randomArrays.txt,RecursiveInsertionSort,3,4.128300,0.00,0.00
randomArrays.txt,RecursiveInsertionSort,1,32.951600,23.71,0.00
randomArrays.txt,RecursiveInsertionSort,2,33.984300,22.99,0.00
randomArrays.txt,RecursiveInsertionSort,3,50.347700,23.28,0.00
randomArrays.txt,RecursiveInsertionSort,1,5.111800,0.00,0.00
randomArrays.txt,RecursiveInsertionSort,2,2.431500,0.00,0.00
randomArrays.txt,RecursiveInsertionSort,3,3.869900,0.00,0.00
randomArrays.txt,RecursiveInsertionSort,1,25.748300,15.17,0.00
randomArrays.txt,RecursiveInsertionSort,2,17.194700,22.72,0.00
randomArrays.txt,RecursiveInsertionSort,3,30.794100,25.37,0.00
randomArrays.txt,RecursiveInsertionSort,1,0.780600,0.00,0.00
randomArrays.txt,RecursiveInsertionSort,2,0.565300,0.00,0.00
randomArrays.txt,RecursiveInsertionSort,3,0.570800,0.00,0.00
randomArrays.txt,RecursiveInsertionSort,1,30.066700,25.98,0.00
randomArrays.txt,RecursiveInsertionSort,2,30.612300,25.52,0.00
randomArrays.txt,RecursiveInsertionSort,3,40.270900,29.10,0.00
randomArrays.txt,RecursiveInsertionSort,1,20.315400,19.23,0.00
randomArrays.txt,RecursiveInsertionSort,2,16.239400,24.05,0.00
randomArrays.txt,RecursiveInsertionSort,3,18.301100,21.34,0.00
randomArrays.txt,RecursiveInsertionSort,1,19.776200,19.75,0.00
randomArrays.txt,RecursiveInsertionSort,2,19.189100,20.36,0.00
randomArrays.txt,RecursiveInsertionSort,3,22.304000,17.51,0.00
randomArrays.txt,RecursiveInsertionSort,1,20.219400,38.64,0.00
randomArrays.txt,RecursiveInsertionSort,2,17.457600,22.38,0.00
randomArrays.txt,RecursiveInsertionSort,3,17.979900,21.73,0.00
randomArrays.txt,RecursiveInsertionSort,1,37.203200,21.00,0.00
randomArrays.txt,RecursiveInsertionSort,2,33.392300,35.09,0.00
randomArrays.txt,RecursiveInsertionSort,3,37.129300,21.04,0.00
randomArrays.txt,RecursiveInsertionSort,1,24.598100,31.76,0.00
randomArrays.txt,RecursiveInsertionSort,2,21.672700,18.02,0.00
randomArrays.txt,RecursiveInsertionSort,3,22.082300,17.69,0.00
randomArrays.txt,RecursiveInsertionSort,1,3.470000,0.00,0.00
randomArrays.txt,RecursiveInsertionSort,2,2.933800,0.00,0.00
randomArrays.txt,RecursiveInsertionSort,3,3.579300,0.00,0.00
randomArrays.txt,RecursiveInsertionSort,1,5.740400,0.00,0.00
randomArrays.txt,RecursiveInsertionSort,2,5.316800,0.00,0.00
randomArrays.txt,RecursiveInsertionSort,3,5.038000,0.00,0.00
randomArrays.txt,RecursiveInsertionSort,1,62.162400,25.14,0.00
randomArrays.txt,RecursiveInsertionSort,2,58.906200,26.53,0.00
randomArrays.txt,RecursiveInsertionSort,3,45.899800,25.53,0.00
randomArrays.txt,RecursiveInsertionSort,1,45.396300,17.21,0.00
randomArrays.txt,RecursiveInsertionSort,2,38.035000,20.54,0.00
randomArrays.txt,RecursiveInsertionSort,3,75.207500,25.97,0.00
randomArrays.txt,RecursiveInsertionSort,1,72.649400,26.88,0.00
randomArrays.txt,RecursiveInsertionSort,2,58.677200,26.63,0.00
randomArrays.txt,RecursiveInsertionSort,3,49.686400,23.59,0.00
randomArrays.txt,RecursiveInsertionSort,1,0.076900,0.00,0.00
randomArrays.txt,RecursiveInsertionSort,2,0.104100,0.00,0.00
randomArrays.txt,RecursiveInsertionSort,3,0.071800,0.00,0.00
randomArrays.txt,RecursiveInsertionSort,1,3.015200,0.00,0.00
randomArrays.txt,RecursiveInsertionSort,2,2.931200,133.26,0.00
randomArrays.txt,RecursiveInsertionSort,3,2.950800,0.00,0.00
randomArrays.txt,RecursiveInsertionSort,1,62.618300,24.95,0.00
randomArrays.txt,RecursiveInsertionSort,2,58.020400,26.93,0.00
randomArrays.txt,RecursiveInsertionSort,3,57.697800,27.08,0.00
randomArrays.txt,RecursiveInsertionSort,1,42.297500,18.47,0.00
randomArrays.txt,RecursiveInsertionSort,2,39.741500,29.49,0.00
randomArrays.txt,RecursiveInsertionSort,3,25.800500,30.28,0.00
randomArrays.txt,RecursiveInsertionSort,1,24.093100,16.21,0.00
randomArrays.txt,RecursiveInsertionSort,2,31.828000,24.55,0.00
randomArrays.txt,RecursiveInsertionSort,3,16.499700,23.67,0.00
randomArrays.txt,RecursiveInsertionSort,1,5.830700,66.99,0.00
randomArrays.txt,RecursiveInsertionSort,2,4.967500,0.00,0.00
randomArrays.txt,RecursiveInsertionSort,3,6.114100,0.00,0.00
randomArrays.txt,RecursiveInsertionSort,1,23.144500,16.88,0.00
randomArrays.txt,RecursiveInsertionSort,2,23.143900,33.76,0.00
randomArrays.txt,RecursiveInsertionSort,3,25.350700,30.82,0.00
randomArrays.txt,RecursiveInsertionSort,1,44.587400,17.52,0.00
randomArrays.txt,RecursiveInsertionSort,2,61.634100,25.35,0.00
randomArrays.txt,RecursiveInsertionSort,3,52.389100,29.82,0.00
randomArrays.txt,RecursiveInsertionSort,1,2.855400,0.00,0.00
randomArrays.txt,RecursiveInsertionSort,2,2.673700,146.10,0.00
randomArrays.txt,RecursiveInsertionSort,3,1.960600,0.00,0.00
randomArrays.txt,RecursiveInsertionSort,1,36.016200,21.69,0.00
randomArrays.txt,RecursiveInsertionSort,2,21.573700,18.11,0.00
randomArrays.txt,RecursiveInsertionSort,3,41.195200,28.45,0.00
randomArrays.txt,RecursiveInsertionSort,1,11.527700,33.89,0.00
randomArrays.txt,RecursiveInsertionSort,2,26.122100,14.95,0.00
randomArrays.txt,RecursiveInsertionSort,3,27.347000,28.57,0.00
randomArrays.txt,RecursiveInsertionSort,1,3.118200,0.00,0.00
randomArrays.txt,RecursiveInsertionSort,2,3.527300,0.00,0.00
randomArrays.txt,RecursiveInsertionSort,3,1.712400,0.00,0.00
randomArrays.txt,RecursiveInsertionSort,1,39.182400,29.91,0.00
randomArrays.txt,RecursiveInsertionSort,2,31.640700,24.69,0.00
randomArrays.txt,RecursiveInsertionSort,3,22.906400,34.11,0.00
randomArrays.txt,RecursiveInsertionSort,1,2.035900,0.00,0.00
randomArrays.txt,RecursiveInsertionSort,2,1.953100,0.00,0.00
randomArrays.txt,RecursiveInsertionSort,3,3.001600,0.00,0.00
randomArrays.txt,RecursiveInsertionSort,1,17.377100,22.48,0.00
randomArrays.txt,RecursiveInsertionSort,2,24.031900,32.51,0.00
randomArrays.txt,RecursiveInsertionSort,3,24.244400,16.11,0.00
randomArrays.txt,RecursiveInsertionSort,1,12.523700,31.19,0.00
randomArrays.txt,RecursiveInsertionSort,2,12.469100,0.00,0.00
randomArrays.txt,RecursiveInsertionSort,3,12.541600,31.15,0.00
randomArrays.txt,RecursiveInsertionSort,1,55.358200,21.17,0.00
randomArrays.txt,RecursiveInsertionSort,2,54.007900,28.93,0.00
randomArrays.txt,RecursiveInsertionSort,3,55.219900,21.22,0.00
randomArrays.txt,RecursiveInsertionSort,1,40.803200,19.15,0.00
randomArrays.txt,RecursiveInsertionSort,2,41.779300,28.05,0.00
randomArrays.txt,RecursiveInsertionSort,3,39.207300,29.89,0.00
randomArrays.txt,RecursiveInsertionSort,1,35.529300,21.99,0.00
randomArrays.txt,RecursiveInsertionSort,2,31.939700,24.46,0.00
randomArrays.txt,RecursiveInsertionSort,3,21.326800,36.63,0.00
randomArrays.txt,RecursiveInsertionSort,1,49.011400,23.91,0.00
randomArrays.txt,RecursiveInsertionSort,2,48.192900,32.42,0.00
randomArrays.txt,RecursiveInsertionSort,3,30.859200,25.32,0.00
randomArrays.txt,RecursiveInsertionSort,1,45.852100,25.56,0.00
randomArrays.txt,RecursiveInsertionSort,2,48.314500,24.26,0.00
randomArrays.txt,RecursiveInsertionSort,3,35.363500,22.09,0.00
randomArrays.txt,RecursiveInsertionSort,1,9.703600,0.00,0.00
randomArrays.txt,RecursiveInsertionSort,2,10.023900,38.97,0.00
randomArrays.txt,RecursiveInsertionSort,3,6.372200,0.00,0.00
randomArrays.txt,RecursiveInsertionSort,1,28.685800,27.23,0.00
randomArrays.txt,RecursiveInsertionSort,2,26.439000,29.55,0.00
randomArrays.txt,RecursiveInsertionSort,3,31.649600,24.68,0.00
randomArrays.txt,RecursiveInsertionSort,1,63.959700,24.43,0.00
randomArrays.txt,RecursiveInsertionSort,2,68.111700,28.68,0.00
randomArrays.txt,RecursiveInsertionSort,3,76.780100,25.44,0.00
randomArrays.txt,RecursiveInsertionSort,1,4.090800,95.49,0.00
randomArrays.txt,RecursiveInsertionSort,2,3.735100,0.00,0.00
randomArrays.txt,RecursiveInsertionSort,3,3.641300,0.00,0.00
randomArrays.txt,RecursiveInsertionSort,1,35.521100,32.99,0.00
randomArrays.txt,RecursiveInsertionSort,2,37.821400,20.66,0.00
randomArrays.txt,RecursiveInsertionSort,3,40.203900,29.15,0.00
randomArrays.txt,RecursiveInsertionSort,1,29.449900,13.26,0.00
randomArrays.txt,RecursiveInsertionSort,2,30.422200,12.84,0.00
randomArrays.txt,RecursiveInsertionSort,3,20.767500,18.81,0.00
randomArrays.txt,RecursiveInsertionSort,1,0.599300,0.00,0.00
randomArrays.txt,RecursiveInsertionSort,2,0.605900,0.00,0.00
randomArrays.txt,RecursiveInsertionSort,3,0.601100,0.00,0.00
randomArrays.txt,RecursiveInsertionSort,1,14.588900,26.78,0.00
randomArrays.txt,RecursiveInsertionSort,2,13.692700,28.53,0.00
randomArrays.txt,RecursiveInsertionSort,3,9.443700,41.36,0.00
randomArrays.txt,RecursiveInsertionSort,1,47.203100,24.83,0.00
randomArrays.txt,RecursiveInsertionSort,2,60.108100,25.99,0.00
randomArrays.txt,RecursiveInsertionSort,3,39.741700,29.49,0.00
randomArrays.txt,RecursiveInsertionSort,1,4.728000,0.00,0.00
randomArrays.txt,RecursiveInsertionSort,2,4.228600,0.00,0.00
randomArrays.txt,RecursiveInsertionSort,3,4.406200,88.65,0.00
randomArrays.txt,RecursiveInsertionSort,1,9.473100,0.00,0.00
randomArrays.txt,RecursiveInsertionSort,2,12.495600,31.26,0.00
randomArrays.txt,RecursiveInsertionSort,3,15.547400,25.12,0.00
randomArrays.txt,RecursiveInsertionSort,1,38.433000,20.33,0.00
randomArrays.txt,RecursiveInsertionSort,2,64.762300,24.13,0.00
randomArrays.txt,RecursiveInsertionSort,3,65.509200,29.81,0.00
randomArrays.txt,RecursiveInsertionSort,1,4.575700,0.00,0.00
randomArrays.txt,RecursiveInsertionSort,2,8.312000,0.00,0.00
randomArrays.txt,RecursiveInsertionSort,3,5.888800,66.33,0.00
randomArrays.txt,RecursiveInsertionSort,1,7.176900,54.43,0.00
randomArrays.txt,RecursiveInsertionSort,2,6.770900,0.00,0.00
randomArrays.txt,RecursiveInsertionSort,3,7.583700,51.51,0.00
randomArrays.txt,RecursiveInsertionSort,1,3.119300,0.00,0.00
randomArrays.txt,RecursiveInsertionSort,2,6.093500,64.11,0.00
randomArrays.txt,RecursiveInsertionSort,3,5.646800,0.00,0.00
randomArrays.txt,RecursiveInsertionSort,1,35.338200,33.16,0.00
randomArrays.txt,RecursiveInsertionSort,2,24.504600,15.94,0.00
randomArrays.txt,RecursiveInsertionSort,3,29.757900,26.25,0.00
randomArrays.txt,RecursiveInsertionSort,1,0.157900,0.00,0.00
randomArrays.txt,RecursiveInsertionSort,2,0.156600,0.00,0.00
randomArrays.txt,RecursiveInsertionSort,3,0.303000,0.00,0.00
randomArrays.txt,RecursiveInsertionSort,1,29.397200,26.58,0.00
randomArrays.txt,RecursiveInsertionSort,2,29.277800,26.68,0.00
randomArrays.txt,RecursiveInsertionSort,3,29.402700,26.57,0.00
randomArrays.txt,RecursiveInsertionSort,1,54.849500,28.49,0.00
randomArrays.txt,RecursiveInsertionSort,2,56.472300,20.75,0.00
randomArrays.txt,RecursiveInsertionSort,3,59.393000,26.31,0.00
randomArrays.txt,RecursiveInsertionSort,1,50.186400,23.35,0.00
randomArrays.txt,RecursiveInsertionSort,2,50.636300,23.14,0.00
randomArrays.txt,RecursiveInsertionSort,3,44.527200,26.32,0.00
randomArrays.txt,RecursiveInsertionSort,1,43.234300,27.11,0.00
randomArrays.txt,RecursiveInsertionSort,2,43.411300,26.99,0.00
randomArrays.txt,RecursiveInsertionSort,3,28.308900,27.60,0.00
randomArrays.txt,RecursiveInsertionSort,1,52.305700,22.40,0.00
randomArrays.txt,RecursiveInsertionSort,2,46.537300,25.18,0.00
randomArrays.txt,RecursiveInsertionSort,3,73.886000,26.43,0.00
randomArrays.txt,RecursiveInsertionSort,1,19.300000,20.24,0.00
randomArrays.txt,RecursiveInsertionSort,2,26.166800,29.86,0.00
randomArrays.txt,RecursiveInsertionSort,3,39.318700,19.87,0.00
randomArrays.txt,RecursiveInsertionSort,1,5.044200,0.00,0.00
randomArrays.txt,RecursiveInsertionSort,2,4.886100,0.00,0.00
randomArrays.txt,RecursiveInsertionSort,3,4.062700,96.15,0.00
randomArrays.txt,RecursiveInsertionSort,1,9.345300,41.80,0.00
randomArrays.txt,RecursiveInsertionSort,2,11.088200,0.00,0.00
randomArrays.txt,RecursiveInsertionSort,3,10.274000,38.02,0.00
randomArrays.txt,RecursiveInsertionSort,1,38.394400,20.35,0.00
randomArrays.txt,RecursiveInsertionSort,2,52.495200,29.76,0.00
randomArrays.txt,RecursiveInsertionSort,3,60.260600,25.93,0.00
randomArrays.txt,RecursiveInsertionSort,1,68.538600,22.80,0.00
randomArrays.txt,RecursiveInsertionSort,2,62.537300,18.74,0.00
randomArrays.txt,RecursiveInsertionSort,3,65.761200,23.76,0.00
randomArrays.txt,RecursiveInsertionSort,1,30.228700,25.84,0.00
randomArrays.txt,RecursiveInsertionSort,2,23.899600,16.34,0.00
randomArrays.txt,RecursiveInsertionSort,3,23.948800,32.62,0.00
randomArrays.txt,RecursiveInsertionSort,1,7.588400,51.48,0.00
randomArrays.txt,RecursiveInsertionSort,2,8.635000,0.00,0.00
randomArrays.txt,RecursiveInsertionSort,3,14.250200,27.41,0.00
randomArrays.txt,RecursiveInsertionSort,1,3.542800,110.26,0.00
randomArrays.txt,RecursiveInsertionSort,2,3.847000,0.00,0.00
randomArrays.txt,RecursiveInsertionSort,3,3.736800,0.00,0.00
randomArrays.txt,RecursiveInsertionSort,1,63.126100,24.75,0.00
randomArrays.txt,RecursiveInsertionSort,2,63.191100,24.73,0.00
randomArrays.txt,RecursiveInsertionSort,3,63.854500,24.47,0.00
randomArrays.txt,RecursiveInsertionSort,1,30.852200,25.32,0.00
randomArrays.txt,RecursiveInsertionSort,2,31.296400,24.96,0.00
randomArrays.txt,RecursiveInsertionSort,3,31.502900,24.80,0.00
randomArrays.txt,RecursiveInsertionSort,1,0.050400,0.00,0.00
randomArrays.txt,RecursiveInsertionSort,2,0.049600,0.00,0.00
randomArrays.txt,RecursiveInsertionSort,3,0.044700,0.00,0.00
randomArrays.txt,RecursiveInsertionSort,1,18.490500,21.13,0.00
randomArrays.txt,RecursiveInsertionSort,2,19.441300,20.09,0.00
randomArrays.txt,RecursiveInsertionSort,3,22.621700,34.54,0.00
randomArrays.txt,RecursiveInsertionSort,1,3.359100,116.29,0.00
randomArrays.txt,RecursiveInsertionSort,2,5.170000,0.00,0.00
randomArrays.txt,RecursiveInsertionSort,3,6.142500,0.00,0.00
randomArrays.txt,RecursiveInsertionSort,1,9.558700,40.87,0.00
randomArrays.txt,RecursiveInsertionSort,2,9.205700,42.43,0.00
randomArrays.txt,RecursiveInsertionSort,3,9.493000,0.00,0.00
randomArrays.txt,RecursiveInsertionSort,1,2.978300,131.16,0.00
randomArrays.txt,RecursiveInsertionSort,2,3.842800,0.00,0.00
randomArrays.txt,RecursiveInsertionSort,3,7.033000,0.00,0.00
randomArrays.txt,RecursiveInsertionSort,1,6.767300,57.72,0.00
randomArrays.txt,RecursiveInsertionSort,2,4.885500,0.00,0.00
randomArrays.txt,RecursiveInsertionSort,3,9.124300,42.81,0.00
randomArrays.txt,RecursiveInsertionSort,1,3.318600,0.00,0.00
randomArrays.txt,RecursiveInsertionSort,2,4.618500,84.58,0.00
randomArrays.txt,RecursiveInsertionSort,3,5.568500,0.00,0.00
randomArrays.txt,RecursiveInsertionSort,1,6.136400,63.66,0.00
randomArrays.txt,RecursiveInsertionSort,2,2.376900,0.00,0.00
randomArrays.txt,RecursiveInsertionSort,3,2.513000,0.00,0.00
randomArrays.txt,RecursiveInsertionSort,1,49.687700,31.45,0.00
randomArrays.txt,RecursiveInsertionSort,2,48.278700,24.27,0.00
randomArrays.txt,RecursiveInsertionSort,3,51.312400,22.84,0.00
randomArrays.txt,RecursiveInsertionSort,1,30.958600,25.24,0.00
randomArrays.txt,RecursiveInsertionSort,2,29.653100,26.35,0.00
randomArrays.txt,RecursiveInsertionSort,3,30.059100,25.99,0.00
randomArrays.txt,RecursiveInsertionSort,1,22.494500,17.37,0.00
randomArrays.txt,RecursiveInsertionSort,2,18.922200,20.64,0.00
randomArrays.txt,RecursiveInsertionSort,3,16.873500,46.30,0.00
randomArrays.txt,RecursiveInsertionSort,1,37.259200,20.97,0.00
randomArrays.txt,RecursiveInsertionSort,2,62.058500,25.18,0.00
randomArrays.txt,RecursiveInsertionSort,3,62.826100,24.87,0.00
randomArrays.txt,RecursiveInsertionSort,1,11.565000,33.78,0.00
randomArrays.txt,RecursiveInsertionSort,2,11.419600,34.21,0.00
randomArrays.txt,RecursiveInsertionSort,3,11.352400,34.41,0.00
randomArrays.txt,RecursiveInsertionSort,1,40.970900,28.60,0.00
randomArrays.txt,RecursiveInsertionSort,2,42.919300,27.30,0.00
randomArrays.txt,RecursiveInsertionSort,3,52.523900,22.31,0.00
randomArrays.txt,RecursiveInsertionSort,1,60.696700,25.74,0.00
randomArrays.txt,RecursiveInsertionSort,2,52.675700,29.66,0.00
randomArrays.txt,RecursiveInsertionSort,3,66.332700,23.56,0.00
randomArrays.txt,RecursiveInsertionSort,1,15.539800,25.14,0.00
randomArrays.txt,RecursiveInsertionSort,2,10.256700,38.08,0.00
randomArrays.txt,RecursiveInsertionSort,3,7.650700,0.00,0.00
randomArrays.txt,RecursiveInsertionSort,1,37.869400,20.63,0.00
randomArrays.txt,RecursiveInsertionSort,2,32.554800,24.00,0.00
randomArrays.txt,RecursiveInsertionSort,3,30.819800,25.35,0.00
randomArrays.txt,RecursiveInsertionSort,1,0.597200,0.00,0.00
randomArrays.txt,RecursiveInsertionSort,2,0.595100,0.00,0.00
randomArrays.txt,RecursiveInsertionSort,3,0.935400,0.00,0.00
randomArrays.txt,RecursiveInsertionSort,1,29.421300,26.55,0.00
randomArrays.txt,RecursiveInsertionSort,2,30.457700,25.65,0.00
randomArrays.txt,RecursiveInsertionSort,3,28.908500,27.02,0.00
randomArrays.txt,RecursiveInsertionSort,1,18.992900,20.57,0.00
randomArrays.txt,RecursiveInsertionSort,2,23.941200,32.63,0.00
randomArrays.txt,RecursiveInsertionSort,3,25.095900,15.57,0.00
randomArrays.txt,RecursiveInsertionSort,1,53.333300,29.30,0.00
randomArrays.txt,RecursiveInsertionSort,2,46.396600,25.26,0.00
randomArrays.txt,RecursiveInsertionSort,3,51.041100,22.96,0.00
randomArrays.txt,RecursiveInsertionSort,1,54.075100,28.89,0.00
randomArrays.txt,RecursiveInsertionSort,2,43.274500,27.08,0.00
randomArrays.txt,RecursiveInsertionSort,3,42.323300,18.46,0.00
randomArrays.txt,RecursiveInsertionSort,1,5.962600,0.00,0.00
randomArrays.txt,RecursiveInsertionSort,2,5.534800,70.58,0.00
randomArrays.txt,RecursiveInsertionSort,3,4.069000,0.00,0.00
randomArrays.txt,RecursiveInsertionSort,1,5.944700,65.71,0.00
randomArrays.txt,RecursiveInsertionSort,2,5.079200,0.00,0.00
randomArrays.txt,RecursiveInsertionSort,3,4.431100,0.00,0.00
randomArrays.txt,RecursiveInsertionSort,1,28.805200,27.12,0.00
randomArrays.txt,RecursiveInsertionSort,2,15.924500,24.53,0.00
randomArrays.txt,RecursiveInsertionSort,3,14.709900,26.56,0.00
randomArrays.txt,RecursiveInsertionSort,1,13.864800,28.17,0.00
randomArrays.txt,RecursiveInsertionSort,2,22.909000,34.10,0.00
randomArrays.txt,RecursiveInsertionSort,3,16.697200,23.39,0.00
randomArrays.txt,RecursiveInsertionSort,1,1.447100,0.00,0.00
randomArrays.txt,RecursiveInsertionSort,2,2.618900,0.00,0.00
randomArrays.txt,RecursiveInsertionSort,3,2.641600,147.87,0.00
randomArrays.txt,RecursiveInsertionSort,1,2.201500,0.00,0.00
randomArrays.txt,RecursiveInsertionSort,2,3.286300,0.00,0.00
randomArrays.txt,RecursiveInsertionSort,3,3.908800,0.00,0.00
randomArrays.txt,RecursiveInsertionSort,1,3.180600,0.00,0.00
randomArrays.txt,RecursiveInsertionSort,2,4.685500,0.00,0.00
randomArrays.txt,RecursiveInsertionSort,3,3.098200,0.00,0.00
randomArrays.txt,RecursiveInsertionSort,1,21.361400,18.29,0.00
randomArrays.txt,RecursiveInsertionSort,2,16.390600,23.83,0.00
randomArrays.txt,RecursiveInsertionSort,3,14.572100,26.81,0.00
randomArrays.txt,RecursiveInsertionSort,1,3.565800,0.00,0.00
randomArrays.txt,RecursiveInsertionSort,2,4.405300,0.00,0.00
randomArrays.txt,RecursiveInsertionSort,3,4.082800,95.68,0.00
randomArrays.txt,RecursiveInsertionSort,1,0.114500,0.00,0.00
randomArrays.txt,RecursiveInsertionSort,2,0.200800,0.00,0.00
randomArrays.txt,RecursiveInsertionSort,3,0.200400,0.00,0.00
randomArrays.txt,RecursiveInsertionSort,1,2.076200,0.00,0.00
randomArrays.txt,RecursiveInsertionSort,2,2.082200,0.00,0.00
randomArrays.txt,RecursiveInsertionSort,3,2.047100,0.00,0.00
randomArrays.txt,RecursiveInsertionSort,1,16.765200,23.30,0.00
randomArrays.txt,RecursiveInsertionSort,2,14.931100,26.16,0.00
randomArrays.txt,RecursiveInsertionSort,3,39.816000,19.62,0.00
randomArrays.txt,RecursiveInsertionSort,1,47.730500,24.55,0.00
randomArrays.txt,RecursiveInsertionSort,2,29.198900,26.76,0.00
randomArrays.txt,RecursiveInsertionSort,3,31.378700,24.90,0.00
randomArrays.txt,RecursiveInsertionSort,1,0.527000,0.00,0.00
randomArrays.txt,RecursiveInsertionSort,2,0.578500,0.00,0.00
randomArrays.txt,RecursiveInsertionSort,3,0.532300,0.00,0.00
randomArrays.txt,RecursiveInsertionSort,1,0.031500,0.00,0.00
randomArrays.txt,RecursiveInsertionSort,2,0.119800,0.00,0.00
randomArrays.txt,RecursiveInsertionSort,3,0.031600,0.00,0.00
randomArrays.txt,RecursiveInsertionSort,1,6.794200,57.49,0.00
randomArrays.txt,RecursiveInsertionSort,2,14.536700,26.87,0.00
randomArrays.txt,RecursiveInsertionSort,3,14.299200,0.00,0.00
randomArrays.txt,RecursiveInsertionSort,1,7.206400,54.21,0.00
randomArrays.txt,RecursiveInsertionSort,2,5.960100,65.54,0.00
randomArrays.txt,RecursiveInsertionSort,3,3.705800,0.00,0.00
randomArrays.txt,RecursiveInsertionSort,1,0.389000,0.00,0.00
randomArrays.txt,RecursiveInsertionSort,2,0.268500,0.00,0.00
randomArrays.txt,RecursiveInsertionSort,3,0.385800,0.00,0.00
randomArrays.txt,RecursiveInsertionSort,1,30.540900,25.58,0.00
randomArrays.txt,RecursiveInsertionSort,2,39.057700,20.00,0.00
randomArrays.txt,RecursiveInsertionSort,3,32.516500,24.03,0.00
randomArrays.txt,RecursiveInsertionSort,1,24.741900,31.58,0.00
randomArrays.txt,RecursiveInsertionSort,2,38.706100,20.18,0.00
randomArrays.txt,RecursiveInsertionSort,3,40.453800,28.97,0.00
randomArrays.txt,RecursiveInsertionSort,1,2.312700,0.00,0.00
randomArrays.txt,RecursiveInsertionSort,2,2.808000,139.11,0.00
randomArrays.txt,RecursiveInsertionSort,3,3.500100,0.00,0.00
randomArrays.txt,RecursiveInsertionSort,1,52.955800,22.13,0.00
randomArrays.txt,RecursiveInsertionSort,2,52.612100,29.70,0.00
randomArrays.txt,RecursiveInsertionSort,3,47.783300,24.52,0.00
randomArrays.txt,RecursiveInsertionSort,1,1.581700,246.97,0.00
randomArrays.txt,RecursiveInsertionSort,2,1.547900,0.00,0.00
randomArrays.txt,RecursiveInsertionSort,3,1.562500,0.00,0.00
randomArrays.txt,RecursiveInsertionSort,1,0.227800,0.00,0.00
randomArrays.txt,RecursiveInsertionSort,2,0.326000,0.00,0.00
randomArrays.txt,RecursiveInsertionSort,3,0.222200,0.00,0.00
randomArrays.txt,RecursiveInsertionSort,1,5.564200,70.20,0.00
randomArrays.txt,RecursiveInsertionSort,2,7.347400,0.00,0.00
randomArrays.txt,RecursiveInsertionSort,3,10.832400,36.06,0.00
randomArrays.txt,RecursiveInsertionSort,1,2.439600,0.00,0.00
randomArrays.txt,RecursiveInsertionSort,2,3.183000,0.00,0.00
randomArrays.txt,RecursiveInsertionSort,3,3.211500,121.63,0.00
randomArrays.txt,RecursiveInsertionSort,1,3.731800,104.67,0.00
randomArrays.txt,RecursiveInsertionSort,2,4.198400,0.00,0.00
randomArrays.txt,RecursiveInsertionSort,3,4.731400,0.00,0.00
randomArrays.txt,RecursiveInsertionSort,1,30.965800,25.23,0.00
randomArrays.txt,RecursiveInsertionSort,2,36.889300,31.77,0.00
randomArrays.txt,RecursiveInsertionSort,3,29.249100,26.71,0.00
randomArrays.txt,RecursiveInsertionSort,1,2.693800,0.00,0.00
randomArrays.txt,RecursiveInsertionSort,2,4.835700,0.00,0.00
randomArrays.txt,RecursiveInsertionSort,3,3.676100,106.26,0.00
randomArrays.txt,RecursiveInsertionSort,1,25.406400,30.75,0.00
randomArrays.txt,RecursiveInsertionSort,2,22.873500,17.08,0.00
randomArrays.txt,RecursiveInsertionSort,3,25.162600,31.05,0.00
randomArrays.txt,RecursiveInsertionSort,1,3.100300,0.00,0.00
randomArrays.txt,RecursiveInsertionSort,2,1.819400,0.00,0.00
randomArrays.txt,RecursiveInsertionSort,3,2.537400,0.00,0.00
randomArrays.txt,RecursiveInsertionSort,1,59.314400,26.34,0.00
randomArrays.txt,RecursiveInsertionSort,2,57.831900,27.02,0.00
randomArrays.txt,RecursiveInsertionSort,3,60.324700,25.90,0.00
randomArrays.txt,RecursiveInsertionSort,1,5.664000,68.97,0.00
randomArrays.txt,RecursiveInsertionSort,2,7.093900,0.00,0.00
randomArrays.txt,RecursiveInsertionSort,3,4.560200,85.66,0.00
randomArrays.txt,RecursiveInsertionSort,1,57.989500,26.94,0.00
randomArrays.txt,RecursiveInsertionSort,2,57.911200,26.98,0.00
randomArrays.txt,RecursiveInsertionSort,3,48.925000,23.95,0.00
randomArrays.txt,RecursiveInsertionSort,1,10.889300,35.87,0.00
randomArrays.txt,RecursiveInsertionSort,2,10.984000,35.56,0.00
randomArrays.txt,RecursiveInsertionSort,3,10.928400,35.74,0.00
randomArrays.txt,RecursiveInsertionSort,1,4.624800,0.00,0.00
randomArrays.txt,RecursiveInsertionSort,2,5.053000,0.00,0.00
randomArrays.txt,RecursiveInsertionSort,3,3.685000,106.00,0.00
randomArrays.txt,RecursiveInsertionSort,1,22.918400,17.04,0.00
randomArrays.txt,RecursiveInsertionSort,2,22.320200,35.00,0.00
randomArrays.txt,RecursiveInsertionSort,3,14.320500,0.00,0.00
randomArrays.txt,RecursiveInsertionSort,1,17.923100,21.79,0.00
randomArrays.txt,RecursiveInsertionSort,2,15.559300,25.11,0.00
randomArrays.txt,RecursiveInsertionSort,3,23.113300,16.90,0.00
randomArrays.txt,RecursiveInsertionSort,1,3.480600,0.00,0.00
randomArrays.txt,RecursiveInsertionSort,2,3.049100,0.00,0.00
randomArrays.txt,RecursiveInsertionSort,3,2.524500,0.00,0.00
randomArrays.txt,RecursiveInsertionSort,1,34.526300,22.63,0.00
randomArrays.txt,RecursiveInsertionSort,2,33.863800,34.61,0.00
randomArrays.txt,RecursiveInsertionSort,3,52.223700,22.44,0.00
randomArrays.txt,RecursiveInsertionSort,1,17.661800,22.12,0.00
randomArrays.txt,RecursiveInsertionSort,2,28.220100,27.68,0.00
randomArrays.txt,RecursiveInsertionSort,3,25.664400,15.22,0.00
randomArrays.txt,RecursiveInsertionSort,1,4.482400,0.00,0.00
randomArrays.txt,RecursiveInsertionSort,2,4.077300,0.00,0.00
randomArrays.txt,RecursiveInsertionSort,3,2.703400,144.49,0.00
randomArrays.txt,RecursiveInsertionSort,1,19.512000,20.02,0.00
randomArrays.txt,RecursiveInsertionSort,2,15.439100,25.30,0.00
randomArrays.txt,RecursiveInsertionSort,3,16.774700,23.29,0.00
randomArrays.txt,RecursiveInsertionSort,1,4.248700,91.94,0.00
randomArrays.txt,RecursiveInsertionSort,2,2.211300,0.00,0.00
randomArrays.txt,RecursiveInsertionSort,3,3.474600,0.00,0.00
randomArrays.txt,RecursiveInsertionSort,1,36.989400,21.12,0.00
randomArrays.txt,RecursiveInsertionSort,2,42.205700,27.77,0.00
randomArrays.txt,RecursiveInsertionSort,3,31.169300,25.06,0.00
randomArrays.txt,RecursiveInsertionSort,1,1.432700,272.65,0.00
randomArrays.txt,RecursiveInsertionSort,2,1.369600,0.00,0.00
randomArrays.txt,RecursiveInsertionSort,3,1.862900,0.00,0.00
randomArrays.txt,RecursiveInsertionSort,1,3.282300,0.00,0.00
randomArrays.txt,RecursiveInsertionSort,2,3.255300,120.00,0.00
randomArrays.txt,RecursiveInsertionSort,3,3.729200,0.00,0.00
randomArrays.txt,RecursiveInsertionSort,1,48.448300,24.19,0.00
randomArrays.txt,RecursiveInsertionSort,2,48.059100,24.38,0.00
randomArrays.txt,RecursiveInsertionSort,3,63.530600,24.59,0.00
randomArrays.txt,RecursiveInsertionSort,1,38.030100,30.81,0.00
randomArrays.txt,RecursiveInsertionSort,2,25.401200,15.38,0.00
randomArrays.txt,RecursiveInsertionSort,3,23.539400,33.19,0.00
randomArrays.txt,RecursiveInsertionSort,1,6.898100,56.63,0.00
randomArrays.txt,RecursiveInsertionSort,2,5.221600,0.00,0.00
randomArrays.txt,RecursiveInsertionSort,3,6.922200,0.00,0.00
randomArrays.txt,RecursiveInsertionSort,1,35.340300,22.11,0.00
randomArrays.txt,RecursiveInsertionSort,2,48.825800,32.00,0.00
randomArrays.txt,RecursiveInsertionSort,3,28.459000,13.73,0.00
randomArrays.txt,RecursiveInsertionSort,1,50.067400,23.41,0.00
randomArrays.txt,RecursiveInsertionSort,2,44.862300,17.41,0.00
randomArrays.txt,RecursiveInsertionSort,3,31.354100,24.92,0.00
randomArrays.txt,RecursiveInsertionSort,1,3.053500,0.00,0.00
randomArrays.txt,RecursiveInsertionSort,2,3.132600,124.70,0.00
randomArrays.txt,RecursiveInsertionSort,3,3.656100,0.00,0.00
randomArrays.txt,RecursiveInsertionSort,1,0.200700,0.00,0.00
randomArrays.txt,RecursiveInsertionSort,2,0.197600,0.00,0.00
randomArrays.txt,RecursiveInsertionSort,3,0.199600,0.00,0.00
randomArrays.txt,RecursiveInsertionSort,1,17.750500,44.01,0.00
randomArrays.txt,RecursiveInsertionSort,2,14.973700,26.09,0.00
randomArrays.txt,RecursiveInsertionSort,3,14.970500,26.09,0.00
randomArrays.txt,RecursiveInsertionSort,1,19.471100,20.06,0.00
randomArrays.txt,RecursiveInsertionSort,2,18.800400,41.55,0.00
randomArrays.txt,RecursiveInsertionSort,3,22.095700,17.68,0.00
randomArrays.txt,RecursiveInsertionSort,1,6.898900,0.00,0.00
randomArrays.txt,RecursiveInsertionSort,2,12.817500,30.48,0.00
randomArrays.txt,RecursiveInsertionSort,3,9.860000,39.62,0.00
randomArrays.txt,RecursiveInsertionSort,1,29.839800,13.09,0.00
randomArrays.txt,RecursiveInsertionSort,2,30.770900,12.69,0.00
randomArrays.txt,RecursiveInsertionSort,3,19.731100,19.80,0.00
randomArrays.txt,RecursiveInsertionSort,1,2.283600,0.00,0.00
randomArrays.txt,RecursiveInsertionSort,2,1.318300,0.00,0.00
randomArrays.txt,RecursiveInsertionSort,3,1.765100,0.00,0.00
randomArrays.txt,RecursiveInsertionSort,1,42.679800,27.46,0.00
randomArrays.txt,RecursiveInsertionSort,2,49.390600,23.73,0.00
randomArrays.txt,RecursiveInsertionSort,3,52.510700,22.32,0.00
randomArrays.txt,RecursiveInsertionSort,1,41.688100,18.74,0.00
randomArrays.txt,RecursiveInsertionSort,2,36.006000,32.55,0.00
randomArrays.txt,RecursiveInsertionSort,3,46.832500,25.02,0.00
randomArrays.txt,RecursiveInsertionSort,1,63.836100,30.60,0.00
randomArrays.txt,RecursiveInsertionSort,2,32.764700,23.84,0.00
randomArrays.txt,RecursiveInsertionSort,3,35.436400,22.05,0.00
randomArrays.txt,RecursiveInsertionSort,1,45.797400,25.59,0.00
randomArrays.txt,RecursiveInsertionSort,2,40.484500,19.30,0.00
randomArrays.txt,RecursiveInsertionSort,3,39.868500,29.39,0.00
randomArrays.txt,RecursiveInsertionSort,1,38.059700,20.53,0.00
randomArrays.txt,RecursiveInsertionSort,2,39.461000,29.70,0.00
randomArrays.txt,RecursiveInsertionSort,3,28.085400,27.82,0.00
randomArrays.txt,RecursiveInsertionSort,1,57.650400,27.10,0.00
randomArrays.txt,RecursiveInsertionSort,2,59.188900,26.40,0.00
randomArrays.txt,RecursiveInsertionSort,3,53.057900,22.09,0.00
randomArrays.txt,RecursiveInsertionSort,1,43.981300,26.64,0.00
randomArrays.txt,RecursiveInsertionSort,2,44.002700,26.63,0.00
randomArrays.txt,RecursiveInsertionSort,3,35.864400,21.78,0.00
randomArrays.txt,RecursiveInsertionSort,1,3.252000,120.12,0.00
randomArrays.txt,RecursiveInsertionSort,2,1.899300,0.00,0.00
randomArrays.txt,RecursiveInsertionSort,3,2.057600,0.00,0.00
randomArrays.txt,RecursiveInsertionSort,1,24.571700,15.90,0.00
randomArrays.txt,RecursiveInsertionSort,2,18.201300,42.92,0.00
randomArrays.txt,RecursiveInsertionSort,3,13.209800,0.00,0.00
randomArrays.txt,RecursiveInsertionSort,1,13.600400,28.72,0.00
randomArrays.txt,RecursiveInsertionSort,2,13.284900,29.40,0.00
randomArrays.txt,RecursiveInsertionSort,3,10.376700,0.00,0.00
randomArrays.txt,RecursiveInsertionSort,1,41.750800,28.07,0.00
randomArrays.txt,RecursiveInsertionSort,2,41.522100,18.82,0.00
randomArrays.txt,RecursiveInsertionSort,3,39.539600,29.64,0.00
randomArrays.txt,RecursiveInsertionSort,1,55.983100,20.93,0.00
randomArrays.txt,RecursiveInsertionSort,2,52.074500,30.01,0.00
randomArrays.txt,RecursiveInsertionSort,3,74.369600,21.01,0.00
randomArrays.txt,RecursiveInsertionSort,1,29.965000,26.07,0.00
randomArrays.txt,RecursiveInsertionSort,2,21.615300,18.07,0.00
randomArrays.txt,RecursiveInsertionSort,3,20.022500,19.51,0.00
randomArrays.txt,RecursiveInsertionSort,1,35.577600,21.96,0.00
randomArrays.txt,RecursiveInsertionSort,2,21.589900,36.19,0.00
randomArrays.txt,RecursiveInsertionSort,3,27.145400,28.78,0.00
randomArrays.txt,RecursiveInsertionSort,1,98.409200,19.85,0.00
randomArrays.txt,RecursiveInsertionSort,2,64.838700,24.10,0.00
randomArrays.txt,RecursiveInsertionSort,3,103.597100,18.85,0.00
randomArrays.txt,RecursiveInsertionSort,1,4.635900,84.26,0.00
randomArrays.txt,RecursiveInsertionSort,2,4.514500,0.00,0.00
randomArrays.txt,RecursiveInsertionSort,3,5.993100,65.18,0.00
randomArrays.txt,RecursiveInsertionSort,1,1.434800,0.00,0.00
randomArrays.txt,RecursiveInsertionSort,2,1.320100,0.00,0.00
randomArrays.txt,RecursiveInsertionSort,3,1.447600,0.00,0.00
randomArrays.txt,RecursiveInsertionSort,1,3.559700,0.00,0.00
randomArrays.txt,RecursiveInsertionSort,2,3.124800,0.00,0.00
randomArrays.txt,RecursiveInsertionSort,3,3.083500,126.68,0.00
randomArrays.txt,RecursiveInsertionSort,1,13.920600,28.06,0.00
randomArrays.txt,RecursiveInsertionSort,2,11.060500,35.32,0.00
randomArrays.txt,RecursiveInsertionSort,3,16.811400,23.24,0.00
randomArrays.txt,RecursiveInsertionSort,1,46.096200,25.42,0.00
randomArrays.txt,RecursiveInsertionSort,2,67.254500,23.23,0.00
randomArrays.txt,RecursiveInsertionSort,3,68.113400,22.94,0.00
randomArrays.txt,RecursiveInsertionSort,1,1.255000,0.00,0.00
randomArrays.txt,RecursiveInsertionSort,2,1.277400,305.80,0.00
randomArrays.txt,RecursiveInsertionSort,3,1.262100,0.00,0.00
