dataset,run,arraylength,time,cputime,memory
randomArrays,1,469,1.01,0.00,0.00
randomArrays,1,783,1.81,0.00,0.00
randomArrays,1,464,1.35,0.00,0.00
randomArrays,1,267,0.52,0.00,0.00
randomArrays,1,828,1.96,0.00,0.00
randomArrays,1,607,1.52,0.00,0.00
randomArrays,1,319,0.63,0.00,0.00
randomArrays,1,431,1.00,0.00,0.00
randomArrays,1,941,2.39,0.00,0.00
randomArrays,1,937,2.33,0.00,0.00
randomArrays,1,619,1.73,0.00,0.00
randomArrays,1,370,0.75,0.00,0.00
randomArrays,1,478,1.25,0.00,0.00
randomArrays,1,107,0.17,0.00,0.00
randomArrays,1,910,2.22,0.00,0.00
randomArrays,1,381,0.79,0.00,0.00
randomArrays,1,699,1.71,0.00,0.00
randomArrays,1,452,1.10,0.00,0.00
randomArrays,1,882,2.12,0.00,0.00
randomArrays,1,697,1.69,0.00,0.00
randomArrays,1,39,0.06,0.00,0.00
randomArrays,1,382,0.84,0.00,0.00
randomArrays,1,980,2.47,0.00,0.00
randomArrays,1,202,0.37,0.00,0.00
randomArrays,1,674,2.61,0.00,0.00
randomArrays,1,184,0.34,0.00,0.00
randomArrays,1,853,2.30,0.00,0.00
randomArrays,1,101,0.21,0.00,0.00
randomArrays,1,329,0.65,0.00,0.00
randomArrays,1,837,2.87,0.00,0.00
randomArrays,1,952,2.68,15.62,0.00
randomArrays,1,676,1.55,0.00,0.00
randomArrays,1,248,0.98,0.00,0.00
randomArrays,1,845,2.17,0.00,0.00
randomArrays,1,707,1.71,0.00,0.00
randomArrays,1,458,0.97,0.00,0.00
randomArrays,1,219,0.62,0.00,0.00
randomArrays,1,268,0.53,0.00,0.00
randomArrays,1,201,0.36,0.00,0.00
randomArrays,1,520,1.41,0.00,0.00
randomArrays,1,832,1.99,0.00,0.00
randomArrays,1,800,2.66,0.00,0.00
randomArrays,1,753,1.77,0.00,0.00
randomArrays,1,286,0.95,15.62,0.00
randomArrays,1,841,2.10,0.00,0.00
randomArrays,1,240,0.54,0.00,0.00
randomArrays,1,370,0.94,0.00,0.00
randomArrays,1,287,0.57,0.00,0.00
randomArrays,1,89,0.18,0.00,0.00
randomArrays,1,881,2.13,0.00,0.00
randomArrays,1,187,0.49,0.00,0.00
randomArrays,1,373,0.77,0.00,0.00
randomArrays,1,194,0.36,0.00,0.00
randomArrays,1,382,0.85,0.00,0.00
randomArrays,1,826,2.15,15.62,0.00
randomArrays,1,781,1.94,0.00,0.00
randomArrays,1,814,1.98,0.00,0.00
randomArrays,1,525,1.51,0.00,0.00
randomArrays,1,136,0.41,0.00,0.00
randomArrays,1,454,1.48,0.00,0.00
randomArrays,1,563,1.29,0.00,0.00
randomArrays,1,226,0.45,0.00,0.00
randomArrays,1,345,0.71,0.00,0.00
randomArrays,1,514,1.23,0.00,0.00
randomArrays,1,871,2.18,0.00,0.00
randomArrays,1,939,2.38,0.00,0.00
randomArrays,1,397,0.85,0.00,0.00
randomArrays,1,429,0.92,0.00,0.00
randomArrays,1,421,0.87,0.00,0.00
randomArrays,1,747,2.22,0.00,0.00
randomArrays,1,19,0.03,0.00,0.00
randomArrays,1,74,0.14,0.00,0.00
randomArrays,1,259,0.55,0.00,0.00
randomArrays,1,846,2.66,15.62,0.00
randomArrays,1,789,2.25,0.00,0.00
randomArrays,1,671,1.69,0.00,0.00
randomArrays,1,368,1.05,0.00,0.00
randomArrays,1,448,1.25,0.00,0.00
randomArrays,1,237,0.75,0.00,0.00
randomArrays,1,627,3.35,0.00,0.00
randomArrays,1,584,1.73,0.00,0.00
randomArrays,1,328,0.96,0.00,0.00
randomArrays,1,606,2.04,0.00,0.00
randomArrays,1,563,1.30,0.00,0.00
randomArrays,1,774,2.69,0.00,0.00
randomArrays,1,206,0.63,0.00,0.00
randomArrays,1,907,2.91,15.62,0.00
randomArrays,1,37,0.07,0.00,0.00
randomArrays,1,878,3.95,0.00,0.00
randomArrays,1,284,0.79,0.00,0.00
randomArrays,1,853,2.28,0.00,0.00
randomArrays,1,247,0.56,0.00,0.00
randomArrays,1,241,0.92,0.00,0.00
randomArrays,1,348,1.08,0.00,0.00
randomArrays,1,814,2.23,0.00,0.00
randomArrays,1,245,0.49,0.00,0.00
randomArrays,1,335,0.75,0.00,0.00
randomArrays,1,497,1.16,0.00,0.00
randomArrays,1,280,0.62,0.00,0.00
randomArrays,1,664,9.92,15.62,0.00
randomArrays,1,523,1.24,0.00,0.00
randomArrays,1,841,16.10,0.00,0.00
randomArrays,1,290,3.04,0.00,0.00
randomArrays,1,158,0.40,0.00,0.00
randomArrays,1,783,4.49,15.62,0.00
randomArrays,1,638,1.71,15.62,0.00
randomArrays,1,314,0.84,0.00,0.00
randomArrays,1,484,1.09,0.00,0.00
randomArrays,1,972,2.41,0.00,0.00
randomArrays,1,652,1.48,0.00,0.00
randomArrays,1,543,1.22,0.00,0.00
randomArrays,1,487,1.19,0.00,0.00
randomArrays,1,686,2.10,0.00,0.00
randomArrays,1,183,0.43,0.00,0.00
randomArrays,1,572,1.31,0.00,0.00
randomArrays,1,747,2.17,0.00,0.00
randomArrays,1,780,2.46,0.00,0.00
randomArrays,1,828,2.61,0.00,0.00
randomArrays,1,591,1.39,0.00,0.00
randomArrays,1,415,0.95,0.00,0.00
randomArrays,1,648,2.19,0.00,0.00
randomArrays,1,204,0.48,0.00,0.00
randomArrays,1,510,1.16,0.00,0.00
randomArrays,1,422,1.10,0.00,0.00
randomArrays,1,541,1.79,0.00,0.00
randomArrays,1,875,2.11,0.00,0.00
randomArrays,1,742,1.97,0.00,0.00
randomArrays,1,384,0.80,0.00,0.00
randomArrays,1,266,0.86,0.00,0.00
randomArrays,1,137,0.33,0.00,0.00
randomArrays,1,970,3.54,0.00,0.00
randomArrays,1,685,1.58,0.00,0.00
randomArrays,1,665,1.59,0.00,0.00
randomArrays,1,319,1.47,0.00,0.00
randomArrays,1,808,4.57,0.00,0.00
randomArrays,1,143,0.27,0.00,0.00
randomArrays,1,147,0.25,0.00,0.00
randomArrays,1,929,2.24,0.00,0.00
randomArrays,1,906,5.02,0.00,0.00
randomArrays,1,425,1.85,0.00,0.00
randomArrays,1,736,1.71,0.00,0.00
randomArrays,1,65,0.14,0.00,0.00
randomArrays,1,305,1.01,0.00,0.00
randomArrays,1,194,0.51,0.00,0.00
randomArrays,1,545,1.23,0.00,0.00
randomArrays,1,49,0.10,0.00,0.00
randomArrays,1,731,1.71,0.00,0.00
randomArrays,1,712,2.49,0.00,0.00
randomArrays,1,732,2.17,0.00,0.00
randomArrays,1,57,0.09,0.00,0.00
randomArrays,1,983,2.94,0.00,0.00
randomArrays,1,345,0.95,0.00,0.00
randomArrays,1,152,0.33,0.00,0.00
randomArrays,1,963,2.64,15.62,0.00
randomArrays,1,544,1.96,0.00,0.00
randomArrays,1,870,2.08,0.00,0.00
randomArrays,1,557,2.46,0.00,0.00
randomArrays,1,168,0.30,0.00,0.00
randomArrays,1,373,1.07,0.00,0.00
randomArrays,1,416,1.10,15.62,0.00
randomArrays,1,942,2.98,0.00,0.00
randomArrays,1,966,2.59,0.00,0.00
randomArrays,1,363,1.17,0.00,0.00
randomArrays,1,955,3.62,0.00,0.00
randomArrays,1,626,1.97,0.00,0.00
randomArrays,1,948,2.73,0.00,0.00
randomArrays,1,193,0.40,0.00,0.00
randomArrays,1,361,1.22,0.00,0.00
randomArrays,1,195,0.36,0.00,0.00
randomArrays,1,905,2.34,0.00,0.00
randomArrays,1,105,0.18,0.00,0.00
randomArrays,1,750,1.78,0.00,0.00
randomArrays,1,565,1.26,0.00,0.00
randomArrays,1,538,1.26,0.00,0.00
randomArrays,1,488,1.19,0.00,0.00
randomArrays,1,30,0.06,0.00,0.00
randomArrays,1,554,1.68,15.62,0.00
randomArrays,1,407,0.84,0.00,0.00
randomArrays,1,958,2.92,0.00,0.00
randomArrays,1,137,0.51,0.00,0.00
randomArrays,1,101,0.16,0.00,0.00
randomArrays,1,633,2.44,0.00,0.00
randomArrays,1,44,0.14,0.00,0.00
randomArrays,1,738,1.73,0.00,0.00
randomArrays,1,763,1.82,0.00,0.00
randomArrays,1,319,0.63,0.00,0.00
randomArrays,1,682,3.05,0.00,0.00
randomArrays,1,820,1.95,0.00,0.00
randomArrays,1,896,2.40,0.00,0.00
randomArrays,1,712,1.65,0.00,0.00
randomArrays,1,554,1.25,0.00,0.00
randomArrays,1,940,2.30,0.00,0.00
randomArrays,1,787,1.89,0.00,0.00
randomArrays,1,255,0.48,0.00,0.00
randomArrays,1,135,0.22,0.00,0.00
randomArrays,1,546,1.43,0.00,0.00
randomArrays,1,643,2.01,0.00,0.00
randomArrays,1,197,0.77,0.00,0.00
randomArrays,1,643,2.09,0.00,0.00
randomArrays,1,858,2.04,0.00,0.00
randomArrays,1,134,0.38,0.00,0.00
randomArrays,1,133,0.22,0.00,0.00
randomArrays,1,317,0.66,0.00,0.00
randomArrays,1,312,0.85,0.00,0.00
randomArrays,1,160,0.28,0.00,0.00
randomArrays,1,838,1.98,0.00,0.00
randomArrays,1,316,0.74,0.00,0.00
randomArrays,1,111,0.19,0.00,0.00
randomArrays,1,530,1.83,0.00,0.00
randomArrays,1,827,2.10,0.00,0.00
randomArrays,1,994,3.11,0.00,0.00
randomArrays,1,348,2.55,0.00,0.00
randomArrays,1,652,1.53,0.00,0.00
randomArrays,1,339,0.68,0.00,0.00
randomArrays,1,908,2.50,0.00,0.00
randomArrays,1,655,2.15,0.00,0.00
randomArrays,1,899,3.03,0.00,0.00
randomArrays,1,377,1.16,0.00,0.00
randomArrays,1,793,2.10,0.00,0.00
randomArrays,1,12,0.03,0.00,0.00
randomArrays,1,236,0.56,0.00,0.00
randomArrays,1,851,3.54,0.00,0.00
randomArrays,1,462,1.62,0.00,0.00
randomArrays,1,49,0.08,0.00,0.00
randomArrays,1,649,1.64,0.00,0.00
randomArrays,1,299,0.63,0.00,0.00
randomArrays,1,796,2.85,0.00,0.00
randomArrays,1,227,0.44,0.00,0.00
randomArrays,1,929,2.62,0.00,0.00
randomArrays,1,166,0.54,0.00,0.00
randomArrays,1,277,0.59,0.00,0.00
randomArrays,1,179,0.36,0.00,0.00
randomArrays,1,809,2.41,0.00,0.00
randomArrays,1,232,0.48,0.00,0.00
randomArrays,1,247,0.46,0.00,0.00
randomArrays,1,99,0.16,0.00,0.00
randomArrays,1,649,1.55,15.62,0.00
randomArrays,1,15,0.02,0.00,0.00
randomArrays,1,646,1.48,0.00,0.00
randomArrays,1,463,1.01,0.00,0.00
randomArrays,1,587,1.33,0.00,0.00
randomArrays,1,898,2.94,0.00,0.00
randomArrays,1,643,1.62,0.00,0.00
randomArrays,1,840,2.59,0.00,0.00
randomArrays,1,708,1.64,0.00,0.00
randomArrays,1,214,0.45,0.00,0.00
randomArrays,1,565,1.25,0.00,0.00
randomArrays,1,157,0.27,0.00,0.00
randomArrays,1,265,0.54,0.00,0.00
randomArrays,1,171,0.30,0.00,0.00
randomArrays,1,136,0.37,0.00,0.00
randomArrays,1,290,0.58,0.00,0.00
randomArrays,1,96,0.15,0.00,0.00
randomArrays,1,11,0.02,0.00,0.00
randomArrays,1,311,0.62,0.00,0.00
randomArrays,1,566,1.28,0.00,0.00
randomArrays,1,328,0.67,0.00,0.00
randomArrays,1,358,0.72,0.00,0.00
randomArrays,1,674,1.54,0.00,0.00
randomArrays,1,490,1.19,0.00,0.00
randomArrays,1,36,0.05,0.00,0.00
randomArrays,1,408,1.02,0.00,0.00
randomArrays,1,49,0.10,0.00,0.00
randomArrays,1,581,4.75,0.00,0.00
randomArrays,1,879,2.17,0.00,0.00
randomArrays,1,61,0.09,0.00,0.00
randomArrays,1,656,1.50,0.00,0.00
randomArrays,1,411,0.92,0.00,0.00
randomArrays,1,361,0.74,0.00,0.00
randomArrays,1,994,2.94,0.00,0.00
randomArrays,1,416,0.92,0.00,0.00
randomArrays,1,966,2.58,15.62,0.00
randomArrays,1,92,0.14,0.00,0.00
randomArrays,1,429,1.10,0.00,0.00
randomArrays,1,658,1.50,0.00,0.00
randomArrays,1,877,2.16,0.00,0.00
randomArrays,1,780,2.03,0.00,0.00
randomArrays,1,669,1.57,0.00,0.00
randomArrays,1,394,0.81,0.00,0.00
randomArrays,1,892,2.52,0.00,0.00
randomArrays,1,180,0.33,0.00,0.00
randomArrays,1,829,2.00,0.00,0.00
randomArrays,1,255,0.60,0.00,0.00
randomArrays,1,374,0.76,0.00,0.00
randomArrays,1,37,0.10,0.00,0.00
randomArrays,1,919,2.25,0.00,0.00
randomArrays,1,850,2.10,0.00,0.00
randomArrays,1,930,2.61,0.00,0.00
randomArrays,1,419,0.97,0.00,0.00
randomArrays,1,720,2.24,0.00,0.00
randomArrays,1,378,1.14,0.00,0.00
randomArrays,1,815,1.94,0.00,0.00
randomArrays,1,566,1.43,0.00,0.00
randomArrays,1,623,1.42,0.00,0.00
randomArrays,1,597,1.42,0.00,0.00
randomArrays,1,148,0.26,0.00,0.00
randomArrays,1,580,1.35,0.00,0.00
randomArrays,1,244,0.48,0.00,0.00
randomArrays,1,703,1.67,0.00,0.00
randomArrays,1,743,1.89,0.00,0.00
randomArrays,1,923,2.25,0.00,0.00
randomArrays,1,284,0.70,0.00,0.00
randomArrays,1,35,0.05,0.00,0.00
randomArrays,1,941,2.56,0.00,0.00
randomArrays,1,39,0.12,0.00,0.00
randomArrays,1,276,0.60,0.00,0.00
randomArrays,1,494,1.06,0.00,0.00
randomArrays,1,547,1.51,0.00,0.00
randomArrays,1,837,2.71,15.62,0.00
randomArrays,1,183,0.33,0.00,0.00
randomArrays,1,360,0.72,0.00,0.00
randomArrays,1,627,1.41,0.00,0.00
randomArrays,1,833,2.21,0.00,0.00
randomArrays,1,491,1.06,0.00,0.00
randomArrays,1,623,1.65,15.62,0.00
randomArrays,1,850,2.04,0.00,0.00
randomArrays,1,35,0.05,0.00,0.00
randomArrays,1,584,1.78,15.62,0.00
randomArrays,1,34,0.06,0.00,0.00
randomArrays,1,335,0.68,0.00,0.00
randomArrays,1,145,0.27,0.00,0.00
randomArrays,1,61,0.10,0.00,0.00
randomArrays,1,88,0.21,0.00,0.00
randomArrays,1,442,1.20,0.00,0.00
randomArrays,1,729,2.23,0.00,0.00
randomArrays,1,312,0.66,0.00,0.00
randomArrays,1,620,1.40,0.00,0.00
randomArrays,1,77,0.13,0.00,0.00
randomArrays,1,784,1.85,0.00,0.00
randomArrays,1,720,1.69,0.00,0.00
randomArrays,1,796,2.30,0.00,0.00
randomArrays,1,81,0.13,0.00,0.00
randomArrays,1,900,2.84,0.00,0.00
randomArrays,1,570,1.43,0.00,0.00
randomArrays,1,749,2.73,0.00,0.00
randomArrays,1,723,1.99,0.00,0.00
randomArrays,1,54,0.12,0.00,0.00
randomArrays,1,261,0.73,0.00,0.00
randomArrays,1,831,3.15,0.00,0.00
randomArrays,1,133,0.22,0.00,0.00
randomArrays,1,165,0.29,0.00,0.00
randomArrays,1,441,0.93,0.00,0.00
randomArrays,1,782,1.98,15.62,0.00
randomArrays,1,384,0.80,0.00,0.00
randomArrays,1,283,0.83,0.00,0.00
randomArrays,1,71,0.11,0.00,0.00
randomArrays,1,374,0.94,0.00,0.00
randomArrays,1,204,0.38,0.00,0.00
randomArrays,1,437,1.20,0.00,0.00
randomArrays,1,662,2.19,0.00,0.00
randomArrays,1,821,2.32,15.62,0.00
randomArrays,1,198,0.54,0.00,0.00
randomArrays,1,776,2.64,0.00,0.00
randomArrays,1,124,0.31,0.00,0.00
randomArrays,1,202,0.38,0.00,0.00
randomArrays,1,806,2.06,0.00,0.00
randomArrays,1,448,0.95,15.62,0.00
randomArrays,1,383,0.78,0.00,0.00
randomArrays,1,992,2.98,0.00,0.00
randomArrays,1,714,1.66,0.00,0.00
randomArrays,1,528,1.19,0.00,0.00
randomArrays,1,137,0.24,0.00,0.00
randomArrays,1,122,0.23,0.00,0.00
randomArrays,1,883,3.22,0.00,0.00
randomArrays,1,614,1.38,0.00,0.00
randomArrays,1,841,2.24,0.00,0.00
randomArrays,1,471,1.33,0.00,0.00
randomArrays,1,871,2.11,0.00,0.00
randomArrays,1,938,2.35,0.00,0.00
randomArrays,1,238,0.44,0.00,0.00
randomArrays,1,772,1.82,0.00,0.00
randomArrays,1,334,0.67,0.00,0.00
randomArrays,1,274,0.55,0.00,0.00
randomArrays,1,385,1.39,0.00,0.00
randomArrays,1,455,3.14,0.00,0.00
randomArrays,1,202,0.36,0.00,0.00
randomArrays,1,349,0.70,0.00,0.00
randomArrays,1,170,0.60,0.00,0.00
randomArrays,1,365,0.74,0.00,0.00
randomArrays,1,921,2.60,0.00,0.00
randomArrays,1,368,0.75,0.00,0.00
randomArrays,1,851,2.07,0.00,0.00
randomArrays,1,736,3.43,15.62,0.00
randomArrays,1,64,0.15,0.00,0.00
randomArrays,1,371,0.76,0.00,0.00
randomArrays,1,962,2.62,0.00,0.00
randomArrays,1,758,1.77,0.00,0.00
randomArrays,1,565,1.27,0.00,0.00
randomArrays,1,246,0.95,0.00,0.00
randomArrays,1,390,0.82,0.00,0.00
randomArrays,1,833,1.99,0.00,0.00
randomArrays,1,359,0.72,0.00,0.00
randomArrays,1,647,1.88,0.00,0.00
randomArrays,1,830,2.00,0.00,0.00
randomArrays,1,790,1.89,0.00,0.00
randomArrays,1,789,1.92,0.00,0.00
randomArrays,1,33,0.05,0.00,0.00
randomArrays,1,324,0.65,0.00,0.00
randomArrays,1,460,1.04,0.00,0.00
randomArrays,1,660,1.95,0.00,0.00
randomArrays,1,553,1.31,0.00,0.00
randomArrays,1,181,0.32,0.00,0.00
randomArrays,1,106,0.17,0.00,0.00
randomArrays,1,198,0.69,0.00,0.00
randomArrays,1,795,1.89,0.00,0.00
randomArrays,1,149,0.26,0.00,0.00
randomArrays,1,42,0.06,0.00,0.00
randomArrays,1,538,1.21,0.00,0.00
randomArrays,1,405,1.42,0.00,0.00
randomArrays,1,741,2.13,0.00,0.00
randomArrays,1,88,0.14,0.00,0.00
randomArrays,1,896,2.31,15.62,0.00
randomArrays,1,574,1.28,0.00,0.00
randomArrays,1,34,0.07,0.00,0.00
randomArrays,1,83,0.13,0.00,0.00
randomArrays,1,311,1.41,0.00,0.00
randomArrays,1,168,0.29,0.00,0.00
randomArrays,1,720,1.79,0.00,0.00
randomArrays,1,499,1.08,0.00,0.00
randomArrays,1,280,0.58,0.00,0.00
randomArrays,1,960,2.37,0.00,0.00
randomArrays,1,351,0.80,0.00,0.00
randomArrays,1,840,2.10,0.00,0.00
randomArrays,1,826,1.98,0.00,0.00
randomArrays,1,780,2.09,0.00,0.00
randomArrays,1,592,1.72,0.00,0.00
randomArrays,1,601,1.51,15.62,0.00
randomArrays,1,924,2.27,0.00,0.00
randomArrays,1,630,1.42,0.00,0.00
randomArrays,1,738,1.85,0.00,0.00
randomArrays,1,43,0.06,0.00,0.00
randomArrays,1,546,2.05,0.00,0.00
randomArrays,1,118,0.20,0.00,0.00
randomArrays,1,812,1.93,0.00,0.00
randomArrays,1,636,2.19,0.00,0.00
randomArrays,1,253,0.47,0.00,0.00
randomArrays,1,443,0.94,0.00,0.00
randomArrays,1,292,0.59,0.00,0.00
randomArrays,1,723,1.75,0.00,0.00
randomArrays,1,398,0.86,0.00,0.00
randomArrays,1,368,0.75,0.00,0.00
randomArrays,1,534,1.28,0.00,0.00
randomArrays,1,899,2.21,0.00,0.00
randomArrays,1,137,0.23,0.00,0.00
randomArrays,1,187,0.35,0.00,0.00
randomArrays,1,164,0.38,0.00,0.00
randomArrays,1,735,1.73,0.00,0.00
randomArrays,1,524,1.56,0.00,0.00
randomArrays,1,512,1.11,0.00,0.00
randomArrays,1,15,0.02,0.00,0.00
randomArrays,1,737,1.81,0.00,0.00
randomArrays,1,616,1.45,0.00,0.00
randomArrays,1,349,0.71,0.00,0.00
randomArrays,1,645,1.49,0.00,0.00
randomArrays,1,502,1.10,0.00,0.00
randomArrays,1,932,2.25,0.00,0.00
randomArrays,1,778,2.93,0.00,0.00
randomArrays,1,126,0.21,0.00,0.00
randomArrays,1,836,2.21,0.00,0.00
randomArrays,1,911,5.27,0.00,0.00
randomArrays,1,265,4.18,0.00,0.00
randomArrays,1,694,1.61,0.00,0.00
randomArrays,1,188,0.34,0.00,0.00
randomArrays,1,282,0.54,0.00,0.00
randomArrays,1,347,0.90,0.00,0.00
randomArrays,1,768,3.25,0.00,0.00
randomArrays,1,778,3.01,0.00,0.00
randomArrays,1,549,2.58,0.00,0.00
randomArrays,1,12,0.02,0.00,0.00
randomArrays,1,336,0.82,0.00,0.00
randomArrays,1,949,2.71,0.00,0.00
randomArrays,1,179,0.34,0.00,0.00
randomArrays,1,634,1.48,0.00,0.00
randomArrays,1,38,0.05,0.00,0.00
randomArrays,1,123,0.20,0.00,0.00
randomArrays,1,282,0.56,0.00,0.00
randomArrays,1,452,1.01,0.00,0.00
randomArrays,1,217,0.40,0.00,0.00
randomArrays,1,629,1.44,0.00,0.00
randomArrays,1,275,0.52,0.00,0.00
randomArrays,1,66,0.10,0.00,0.00
randomArrays,1,308,0.68,0.00,0.00
randomArrays,1,809,2.04,0.00,0.00
randomArrays,1,634,1.44,15.62,0.00
randomArrays,1,478,1.16,0.00,0.00
randomArrays,1,336,0.66,0.00,0.00
randomArrays,1,672,1.57,0.00,0.00
randomArrays,1,583,1.31,0.00,0.00
randomArrays,1,413,1.04,0.00,0.00
randomArrays,1,683,1.58,0.00,0.00
randomArrays,1,463,1.01,0.00,0.00
randomArrays,1,267,0.50,0.00,0.00
randomArrays,1,73,0.11,0.00,0.00
randomArrays,1,641,1.60,0.00,0.00
randomArrays,1,827,2.21,0.00,0.00
randomArrays,1,864,2.66,15.62,0.00
randomArrays,1,672,1.87,0.00,0.00
randomArrays,1,948,2.30,0.00,0.00
randomArrays,1,523,1.30,0.00,0.00
randomArrays,1,113,0.25,0.00,0.00
randomArrays,1,855,2.06,0.00,0.00
randomArrays,1,764,2.37,0.00,0.00
randomArrays,1,559,1.24,0.00,0.00
randomArrays,1,256,0.51,0.00,0.00
randomArrays,1,861,2.07,0.00,0.00
randomArrays,1,215,0.99,0.00,0.00
randomArrays,1,610,1.51,0.00,0.00
randomArrays,1,133,0.27,0.00,0.00
randomArrays,1,721,1.71,0.00,0.00
randomArrays,1,826,2.07,0.00,0.00
randomArrays,1,732,1.72,0.00,0.00
randomArrays,1,218,0.41,0.00,0.00
randomArrays,1,897,2.92,0.00,0.00
randomArrays,1,95,0.15,0.00,0.00
randomArrays,1,596,1.83,0.00,0.00
randomArrays,1,333,0.68,0.00,0.00
randomArrays,1,139,0.24,0.00,0.00
randomArrays,1,90,0.14,0.00,0.00
randomArrays,1,724,2.88,0.00,0.00
randomArrays,1,24,0.03,0.00,0.00
randomArrays,1,182,0.35,0.00,0.00
randomArrays,1,440,0.95,0.00,0.00
randomArrays,1,521,1.67,0.00,0.00
randomArrays,1,653,1.82,0.00,0.00
randomArrays,1,422,1.33,0.00,0.00
randomArrays,1,919,2.62,0.00,0.00
randomArrays,1,399,0.87,0.00,0.00
randomArrays,1,148,0.49,0.00,0.00
randomArrays,1,651,2.48,0.00,0.00
randomArrays,1,953,3.29,0.00,0.00
randomArrays,1,205,0.43,0.00,0.00
randomArrays,1,713,4.11,0.00,0.00
randomArrays,1,335,0.68,0.00,0.00
randomArrays,1,800,1.94,0.00,0.00
randomArrays,1,263,0.51,0.00,0.00
randomArrays,1,305,1.76,0.00,0.00
randomArrays,1,772,3.98,15.62,0.00
randomArrays,1,760,2.68,0.00,0.00
randomArrays,1,985,3.58,15.62,0.00
randomArrays,1,468,5.73,15.62,0.00
randomArrays,1,542,3.02,0.00,0.00
randomArrays,1,137,0.32,0.00,0.00
randomArrays,1,877,3.08,15.62,0.00
randomArrays,1,407,1.21,0.00,0.00
randomArrays,1,13,0.03,0.00,0.00
randomArrays,1,857,4.08,0.00,0.00
randomArrays,1,961,3.68,0.00,0.00
randomArrays,1,963,3.03,0.00,0.00
randomArrays,1,792,2.43,15.62,0.00
randomArrays,1,190,0.35,0.00,0.00
randomArrays,1,859,2.07,0.00,0.00
randomArrays,1,989,2.88,15.62,0.00
randomArrays,1,816,3.11,0.00,0.00
randomArrays,1,950,2.31,0.00,0.00
randomArrays,1,241,0.45,0.00,0.00
randomArrays,1,957,2.33,15.62,0.00
randomArrays,1,155,0.27,0.00,0.00
randomArrays,1,625,3.08,0.00,0.00
randomArrays,1,573,1.26,15.62,0.00
randomArrays,1,278,0.56,0.00,0.00
randomArrays,1,67,0.17,0.00,0.00
randomArrays,1,785,2.70,0.00,0.00
randomArrays,1,576,1.28,0.00,0.00
randomArrays,1,949,2.35,0.00,0.00
randomArrays,1,274,0.87,0.00,0.00
randomArrays,1,827,2.05,0.00,0.00
randomArrays,1,246,0.46,0.00,0.00
randomArrays,1,497,1.07,15.62,0.00
randomArrays,1,98,0.16,0.00,0.00
randomArrays,1,87,0.13,0.00,0.00
randomArrays,1,362,1.13,0.00,0.00
randomArrays,1,748,2.22,0.00,0.00
randomArrays,1,553,1.22,0.00,0.00
randomArrays,1,931,3.35,15.62,0.00
randomArrays,1,24,0.04,0.00,0.00
randomArrays,1,836,3.09,0.00,0.00
randomArrays,1,524,1.44,0.00,0.00
randomArrays,1,286,0.84,0.00,0.00
randomArrays,1,379,1.00,0.00,0.00
randomArrays,1,654,2.00,15.62,0.00
randomArrays,1,795,2.07,0.00,0.00
randomArrays,1,335,0.77,0.00,0.00
randomArrays,1,218,0.74,0.00,0.00
randomArrays,1,390,0.84,0.00,0.00
randomArrays,1,80,0.23,0.00,0.00
randomArrays,1,602,1.87,0.00,0.00
randomArrays,1,687,1.92,0.00,0.00
randomArrays,1,573,1.83,0.00,0.00
randomArrays,1,857,3.46,0.00,0.00
randomArrays,1,484,1.83,0.00,0.00
randomArrays,1,633,1.87,0.00,0.00
randomArrays,1,393,0.82,0.00,0.00
randomArrays,1,953,2.37,0.00,0.00
randomArrays,1,718,1.92,0.00,0.00
randomArrays,1,330,0.66,0.00,0.00
randomArrays,1,273,0.53,0.00,0.00
randomArrays,1,323,0.65,0.00,0.00
randomArrays,1,971,3.51,0.00,0.00
randomArrays,1,156,0.27,0.00,0.00
randomArrays,1,971,2.35,0.00,0.00
randomArrays,1,202,0.38,0.00,0.00
randomArrays,1,201,0.36,0.00,0.00
randomArrays,1,230,0.42,0.00,0.00
randomArrays,1,953,2.62,0.00,0.00
randomArrays,1,399,0.88,0.00,0.00
randomArrays,1,354,0.71,0.00,0.00
randomArrays,1,334,0.66,0.00,0.00
randomArrays,1,538,1.19,15.62,0.00
randomArrays,1,238,0.44,0.00,0.00
randomArrays,1,415,0.87,0.00,0.00
randomArrays,1,498,1.17,0.00,0.00
randomArrays,1,193,0.54,0.00,0.00
randomArrays,1,125,0.21,0.00,0.00
randomArrays,1,100,0.16,0.00,0.00
randomArrays,1,742,1.74,0.00,0.00
randomArrays,1,588,1.41,0.00,0.00
randomArrays,1,355,1.77,0.00,0.00
randomArrays,1,923,33.78,0.00,0.00
randomArrays,1,167,0.29,0.00,0.00
randomArrays,1,518,1.14,0.00,0.00
randomArrays,1,649,2.61,0.00,0.00
randomArrays,1,280,0.83,0.00,0.00
randomArrays,1,842,2.02,0.00,0.00
randomArrays,1,586,1.30,0.00,0.00
randomArrays,1,519,1.70,0.00,0.00
randomArrays,1,112,0.18,0.00,0.00
randomArrays,1,320,0.86,0.00,0.00
randomArrays,1,955,2.32,0.00,0.00
randomArrays,1,61,0.12,0.00,0.00
randomArrays,1,709,1.71,0.00,0.00
randomArrays,1,671,2.05,0.00,0.00
randomArrays,1,437,0.93,0.00,0.00
randomArrays,1,917,2.77,0.00,0.00
randomArrays,1,499,1.65,0.00,0.00
randomArrays,1,503,2.05,0.00,0.00
randomArrays,1,676,1.54,0.00,0.00
randomArrays,1,594,1.34,0.00,0.00
randomArrays,1,48,0.07,0.00,0.00
randomArrays,1,590,1.62,15.62,0.00
randomArrays,1,861,2.95,0.00,0.00
randomArrays,1,363,1.05,0.00,0.00
randomArrays,1,969,3.07,0.00,0.00
randomArrays,1,912,2.88,0.00,0.00
randomArrays,1,779,2.17,0.00,0.00
randomArrays,1,301,0.99,0.00,0.00
randomArrays,1,545,1.33,0.00,0.00
randomArrays,1,24,0.04,0.00,0.00
randomArrays,1,953,3.14,0.00,0.00
randomArrays,1,440,0.94,0.00,0.00
randomArrays,1,997,2.55,15.62,0.00
randomArrays,1,661,2.18,0.00,0.00
randomArrays,1,583,1.37,0.00,0.00
randomArrays,1,478,1.02,0.00,0.00
randomArrays,1,220,0.42,0.00,0.00
randomArrays,1,458,0.98,0.00,0.00
randomArrays,1,783,1.83,0.00,0.00
randomArrays,1,554,1.23,0.00,0.00
randomArrays,1,167,0.29,0.00,0.00
randomArrays,1,338,1.51,0.00,0.00
randomArrays,1,321,0.69,0.00,0.00
randomArrays,1,993,2.58,0.00,0.00
randomArrays,1,414,0.87,0.00,0.00
randomArrays,1,630,1.73,0.00,0.00
randomArrays,1,572,1.29,0.00,0.00
randomArrays,1,119,0.19,0.00,0.00
randomArrays,1,852,3.27,0.00,0.00
randomArrays,1,392,0.85,0.00,0.00
randomArrays,1,744,1.98,15.62,0.00
randomArrays,1,767,1.80,0.00,0.00
randomArrays,1,419,0.88,0.00,0.00
randomArrays,1,186,0.34,0.00,0.00
randomArrays,1,498,1.38,0.00,0.00
randomArrays,1,369,0.77,0.00,0.00
randomArrays,1,545,1.25,0.00,0.00
randomArrays,1,585,1.35,0.00,0.00
randomArrays,1,232,0.43,0.00,0.00
randomArrays,1,683,1.60,0.00,0.00
randomArrays,1,373,1.23,0.00,0.00
randomArrays,1,67,0.10,0.00,0.00
randomArrays,1,47,0.08,0.00,0.00
randomArrays,1,353,0.71,0.00,0.00
randomArrays,1,165,0.36,0.00,0.00
randomArrays,1,822,1.96,0.00,0.00
randomArrays,1,207,0.50,0.00,0.00
randomArrays,1,365,0.74,0.00,0.00
randomArrays,1,33,0.05,0.00,0.00
randomArrays,1,324,0.67,0.00,0.00
randomArrays,1,533,1.18,0.00,0.00
randomArrays,1,467,0.99,0.00,0.00
randomArrays,1,653,1.57,0.00,0.00
randomArrays,1,262,0.50,0.00,0.00
randomArrays,1,26,0.04,0.00,0.00
randomArrays,1,705,1.77,0.00,0.00
randomArrays,1,945,2.32,0.00,0.00
randomArrays,1,145,0.43,0.00,0.00
randomArrays,1,987,2.45,0.00,0.00
randomArrays,1,40,0.06,0.00,0.00
randomArrays,1,418,0.88,0.00,0.00
randomArrays,1,20,0.04,0.00,0.00
randomArrays,1,618,1.39,0.00,0.00
randomArrays,1,463,1.13,0.00,0.00
randomArrays,1,310,0.85,0.00,0.00
randomArrays,1,753,4.44,0.00,0.00
randomArrays,1,203,0.46,0.00,0.00
randomArrays,1,756,2.15,15.62,0.00
randomArrays,1,998,3.40,0.00,0.00
randomArrays,1,631,2.54,0.00,0.00
randomArrays,1,788,2.69,0.00,0.00
randomArrays,1,364,0.77,0.00,0.00
randomArrays,1,435,0.96,0.00,0.00
randomArrays,1,379,0.84,0.00,0.00
randomArrays,1,208,0.42,0.00,0.00
randomArrays,1,503,1.42,0.00,0.00
randomArrays,1,97,0.17,0.00,0.00
randomArrays,1,266,0.86,0.00,0.00
randomArrays,1,828,2.73,0.00,0.00
randomArrays,1,319,0.68,0.00,0.00
randomArrays,1,898,2.16,0.00,0.00
randomArrays,1,380,0.81,0.00,0.00
randomArrays,1,450,1.41,0.00,0.00
randomArrays,1,142,0.26,0.00,0.00
randomArrays,1,434,1.92,0.00,0.00
randomArrays,1,96,0.16,0.00,0.00
randomArrays,1,641,1.82,0.00,0.00
randomArrays,1,538,1.40,0.00,0.00
randomArrays,1,502,1.80,0.00,0.00
randomArrays,1,599,2.36,0.00,0.00
randomArrays,1,299,0.87,0.00,0.00
randomArrays,1,620,1.54,0.00,0.00
randomArrays,1,606,1.91,0.00,0.00
randomArrays,1,282,0.56,0.00,0.00
randomArrays,1,205,0.38,0.00,0.00
randomArrays,1,504,1.18,0.00,0.00
randomArrays,1,315,1.19,0.00,0.00
randomArrays,1,739,1.75,0.00,0.00
randomArrays,1,226,0.42,0.00,0.00
randomArrays,1,239,1.05,0.00,0.00
randomArrays,1,656,2.51,0.00,0.00
randomArrays,1,467,0.99,0.00,0.00
randomArrays,1,855,2.20,0.00,0.00
randomArrays,1,12,0.03,0.00,0.00
randomArrays,1,751,1.98,0.00,0.00
randomArrays,1,426,0.89,0.00,0.00
randomArrays,1,735,1.72,0.00,0.00
randomArrays,1,321,0.97,0.00,0.00
randomArrays,1,522,1.15,0.00,0.00
randomArrays,1,888,2.54,0.00,0.00
randomArrays,1,118,0.23,0.00,0.00
randomArrays,1,813,2.71,0.00,0.00
randomArrays,1,547,1.35,0.00,0.00
randomArrays,1,860,2.06,0.00,0.00
randomArrays,1,189,0.63,0.00,0.00
randomArrays,1,668,3.18,0.00,0.00
randomArrays,1,583,1.87,0.00,0.00
randomArrays,1,489,1.10,0.00,0.00
randomArrays,1,414,0.86,0.00,0.00
randomArrays,1,905,2.57,0.00,0.00
randomArrays,1,742,1.76,0.00,0.00
randomArrays,1,358,0.75,0.00,0.00
randomArrays,1,741,2.53,0.00,0.00
randomArrays,1,470,1.03,0.00,0.00
randomArrays,1,111,0.21,0.00,0.00
randomArrays,1,546,1.29,0.00,0.00
randomArrays,1,591,1.31,0.00,0.00
randomArrays,1,884,2.16,15.62,0.00
randomArrays,1,684,1.57,0.00,0.00
randomArrays,1,975,2.73,0.00,0.00
randomArrays,1,739,1.74,0.00,0.00
randomArrays,1,725,2.37,0.00,0.00
randomArrays,1,893,2.32,0.00,0.00
randomArrays,1,16,0.02,0.00,0.00
randomArrays,1,467,1.22,0.00,0.00
randomArrays,1,307,0.60,0.00,0.00
randomArrays,1,235,0.58,0.00,0.00
randomArrays,1,377,0.78,0.00,0.00
randomArrays,1,448,0.97,0.00,0.00
randomArrays,1,999,3.12,0.00,0.00
randomArrays,1,98,0.15,0.00,0.00
randomArrays,1,456,0.97,0.00,0.00
randomArrays,1,118,0.19,0.00,0.00
randomArrays,1,406,0.87,0.00,0.00
randomArrays,1,33,0.07,0.00,0.00
randomArrays,1,517,2.50,0.00,0.00
randomArrays,1,248,0.47,0.00,0.00
randomArrays,1,61,0.09,0.00,0.00
randomArrays,1,547,1.24,0.00,0.00
randomArrays,1,602,1.57,0.00,0.00
randomArrays,1,579,1.28,0.00,0.00
randomArrays,1,972,4.56,0.00,0.00
randomArrays,1,653,1.48,0.00,0.00
randomArrays,1,866,2.07,0.00,0.00
randomArrays,1,417,1.28,0.00,0.00
randomArrays,1,386,0.79,0.00,0.00
randomArrays,1,349,0.74,0.00,0.00
randomArrays,1,598,2.20,0.00,0.00
randomArrays,1,856,2.07,0.00,0.00
randomArrays,1,152,0.26,0.00,0.00
randomArrays,1,436,0.91,0.00,0.00
randomArrays,1,356,0.76,0.00,0.00
randomArrays,1,598,1.36,0.00,0.00
randomArrays,1,578,1.28,0.00,0.00
randomArrays,1,786,2.86,0.00,0.00
randomArrays,1,124,0.20,0.00,0.00
randomArrays,1,439,0.93,0.00,0.00
randomArrays,1,492,1.07,0.00,0.00
randomArrays,1,207,0.37,0.00,0.00
randomArrays,1,100,0.16,0.00,0.00
randomArrays,1,591,2.13,0.00,0.00
randomArrays,1,397,0.83,0.00,0.00
randomArrays,1,295,0.58,0.00,0.00
randomArrays,1,733,1.70,0.00,0.00
randomArrays,1,231,0.46,0.00,0.00
randomArrays,1,565,1.25,0.00,0.00
randomArrays,1,910,2.51,0.00,0.00
randomArrays,1,74,0.11,0.00,0.00
randomArrays,1,647,1.47,0.00,0.00
randomArrays,1,456,1.49,0.00,0.00
randomArrays,1,954,2.33,0.00,0.00
randomArrays,1,495,1.06,0.00,0.00
randomArrays,1,487,1.14,0.00,0.00
randomArrays,1,559,1.24,0.00,0.00
randomArrays,1,512,1.12,0.00,0.00
randomArrays,1,247,0.46,0.00,0.00
randomArrays,1,219,0.40,0.00,0.00
randomArrays,1,839,2.00,0.00,0.00
randomArrays,1,887,2.53,0.00,0.00
randomArrays,1,942,3.69,0.00,0.00
randomArrays,1,920,2.25,0.00,0.00
randomArrays,1,868,2.66,0.00,0.00
randomArrays,1,25,0.06,0.00,0.00
randomArrays,1,174,0.31,0.00,0.00
randomArrays,1,818,2.40,0.00,0.00
randomArrays,1,660,1.84,0.00,0.00
randomArrays,1,592,1.36,15.62,0.00
randomArrays,1,942,3.41,15.62,0.00
randomArrays,1,962,4.05,0.00,0.00
randomArrays,1,254,0.47,0.00,0.00
randomArrays,1,527,1.34,0.00,0.00
randomArrays,1,786,2.54,0.00,0.00
randomArrays,1,179,0.36,0.00,0.00
randomArrays,1,678,1.68,0.00,0.00
randomArrays,1,950,2.37,0.00,0.00
randomArrays,1,538,2.19,0.00,0.00
randomArrays,1,185,0.32,0.00,0.00
randomArrays,1,689,1.72,0.00,0.00
randomArrays,1,161,0.28,0.00,0.00
randomArrays,1,509,2.35,0.00,0.00
randomArrays,1,376,0.77,0.00,0.00
randomArrays,1,766,1.80,0.00,0.00
randomArrays,1,706,1.61,0.00,0.00
randomArrays,1,644,1.50,0.00,0.00
randomArrays,1,758,2.17,0.00,0.00
randomArrays,1,747,1.88,15.62,0.00
randomArrays,1,349,0.75,0.00,0.00
randomArrays,1,574,1.27,0.00,0.00
randomArrays,1,888,2.53,15.62,0.00
randomArrays,1,235,0.43,0.00,0.00
randomArrays,1,653,1.49,0.00,0.00
randomArrays,1,630,1.63,0.00,0.00
randomArrays,1,76,0.12,0.00,0.00
randomArrays,1,436,0.92,0.00,0.00
randomArrays,1,771,1.79,0.00,0.00
randomArrays,1,217,0.51,0.00,0.00
randomArrays,1,419,0.89,0.00,0.00
randomArrays,1,860,2.04,0.00,0.00
randomArrays,1,288,0.55,0.00,0.00
randomArrays,1,280,0.54,0.00,0.00
randomArrays,1,242,0.47,0.00,0.00
randomArrays,1,602,1.70,0.00,0.00
randomArrays,1,44,0.09,0.00,0.00
randomArrays,1,547,1.21,0.00,0.00
randomArrays,1,860,3.96,0.00,0.00
randomArrays,1,737,1.74,0.00,0.00
randomArrays,1,738,1.72,0.00,0.00
randomArrays,1,725,1.81,0.00,0.00
randomArrays,1,684,1.68,0.00,0.00
randomArrays,1,233,0.55,0.00,0.00
randomArrays,1,342,0.68,0.00,0.00
randomArrays,1,855,2.58,15.62,0.00
randomArrays,1,861,2.94,15.62,0.00
randomArrays,1,566,1.25,0.00,0.00
randomArrays,1,406,0.92,0.00,0.00
randomArrays,1,192,0.34,0.00,0.00
randomArrays,1,850,2.05,0.00,0.00
randomArrays,1,609,1.37,0.00,0.00
randomArrays,1,18,0.03,0.00,0.00
randomArrays,1,482,1.03,0.00,0.00
randomArrays,1,264,0.98,0.00,0.00
randomArrays,1,319,0.65,0.00,0.00
randomArrays,1,252,0.48,0.00,0.00
randomArrays,1,342,1.51,0.00,0.00
randomArrays,1,252,0.47,0.00,0.00
randomArrays,1,205,0.61,0.00,0.00
randomArrays,1,942,2.36,15.62,0.00
randomArrays,1,744,1.92,0.00,0.00
randomArrays,1,537,1.28,0.00,0.00
randomArrays,1,501,1.52,15.62,0.00
randomArrays,1,853,2.65,0.00,0.00
randomArrays,1,341,0.67,0.00,0.00
randomArrays,1,800,2.13,0.00,0.00
randomArrays,1,857,2.39,15.62,0.00
randomArrays,1,427,1.50,0.00,0.00
randomArrays,1,647,1.47,0.00,0.00
randomArrays,1,76,0.12,0.00,0.00
randomArrays,1,677,2.23,0.00,0.00
randomArrays,1,579,1.29,0.00,0.00
randomArrays,1,731,1.74,0.00,0.00
randomArrays,1,704,1.64,0.00,0.00
randomArrays,1,266,0.75,0.00,0.00
randomArrays,1,961,3.64,0.00,0.00
randomArrays,1,263,0.70,0.00,0.00
randomArrays,1,434,0.95,0.00,0.00
randomArrays,1,484,1.18,0.00,0.00
randomArrays,1,163,0.31,0.00,0.00
randomArrays,1,984,3.20,0.00,0.00
randomArrays,1,211,0.64,0.00,0.00
randomArrays,1,185,0.42,0.00,0.00
randomArrays,1,467,0.99,0.00,0.00
randomArrays,1,214,0.86,0.00,0.00
randomArrays,1,35,0.09,0.00,0.00
randomArrays,1,141,0.39,0.00,0.00
randomArrays,1,559,1.23,0.00,0.00
randomArrays,1,706,1.71,0.00,0.00
randomArrays,1,68,0.10,0.00,0.00
randomArrays,1,12,0.02,0.00,0.00
randomArrays,1,405,1.88,0.00,0.00
randomArrays,1,288,0.58,0.00,0.00
randomArrays,1,955,5.50,15.62,0.00
randomArrays,1,50,0.15,0.00,0.00
randomArrays,1,752,4.02,0.00,0.00
randomArrays,1,695,1.66,0.00,0.00
randomArrays,1,186,0.75,0.00,0.00
randomArrays,1,737,1.72,0.00,0.00
randomArrays,1,948,3.91,15.62,0.00
randomArrays,1,151,0.26,0.00,0.00
randomArrays,1,46,0.07,0.00,0.00
randomArrays,1,968,2.65,0.00,0.00
randomArrays,1,333,0.66,0.00,0.00
randomArrays,1,189,0.36,0.00,0.00
randomArrays,1,190,0.74,0.00,0.00
randomArrays,1,589,1.41,0.00,0.00
randomArrays,1,230,0.42,0.00,0.00
randomArrays,1,535,1.38,0.00,0.00
randomArrays,1,189,0.95,0.00,0.00
randomArrays,1,948,2.34,0.00,0.00
randomArrays,1,834,2.60,15.62,0.00
randomArrays,1,273,0.57,0.00,0.00
randomArrays,1,773,2.13,0.00,0.00
randomArrays,1,342,0.68,0.00,0.00
randomArrays,1,995,3.76,0.00,0.00
randomArrays,1,221,0.56,0.00,0.00
randomArrays,1,519,1.13,0.00,0.00
randomArrays,1,479,1.15,0.00,0.00
randomArrays,1,155,0.63,0.00,0.00
randomArrays,1,756,1.80,0.00,0.00
randomArrays,1,658,1.51,0.00,0.00
randomArrays,1,213,0.39,0.00,0.00
randomArrays,1,467,1.26,0.00,0.00
randomArrays,1,191,0.34,0.00,0.00
randomArrays,1,744,1.91,0.00,0.00
randomArrays,1,122,0.44,0.00,0.00
randomArrays,1,178,0.48,0.00,0.00
randomArrays,1,760,1.78,0.00,0.00
randomArrays,1,524,1.19,0.00,0.00
randomArrays,1,264,0.49,0.00,0.00
randomArrays,1,733,2.06,0.00,0.00
randomArrays,1,759,1.89,0.00,0.00
randomArrays,1,177,0.31,0.00,0.00
randomArrays,1,53,0.08,0.00,0.00
randomArrays,1,429,0.89,0.00,0.00
randomArrays,1,508,1.67,0.00,0.00
randomArrays,1,919,2.40,0.00,0.00
randomArrays,1,412,0.95,0.00,0.00
randomArrays,1,503,1.09,0.00,0.00
randomArrays,1,115,0.25,0.00,0.00
randomArrays,1,851,2.14,15.62,0.00
randomArrays,1,848,2.71,0.00,0.00
randomArrays,1,652,1.85,0.00,0.00
randomArrays,1,693,1.59,0.00,0.00
randomArrays,1,662,1.52,0.00,0.00
randomArrays,1,815,2.08,0.00,0.00
randomArrays,1,679,1.70,0.00,0.00
randomArrays,1,141,0.27,0.00,0.00
randomArrays,1,458,1.02,0.00,0.00
randomArrays,1,378,0.83,0.00,0.00
randomArrays,1,662,1.51,0.00,0.00
randomArrays,1,809,2.01,0.00,0.00
randomArrays,1,960,4.53,0.00,0.00
randomArrays,1,454,0.96,0.00,0.00
randomArrays,1,513,1.43,0.00,0.00
randomArrays,1,965,2.92,0.00,0.00
randomArrays,1,855,2.94,0.00,0.00
randomArrays,1,257,0.48,0.00,0.00
randomArrays,1,932,3.65,15.62,0.00
randomArrays,1,112,0.18,0.00,0.00
randomArrays,1,264,1.15,0.00,0.00
randomArrays,1,404,0.84,0.00,0.00
randomArrays,1,830,2.60,0.00,0.00
randomArrays,1,115,0.19,0.00,0.00
randomArrays,1,906,6.52,15.62,0.00
randomArrays,2,469,2.20,0.00,0.00
randomArrays,2,783,1.94,0.00,0.00
randomArrays,2,464,2.26,0.00,0.00
randomArrays,2,267,1.43,0.00,0.00
randomArrays,2,828,4.38,15.62,0.00
randomArrays,2,607,1.46,0.00,0.00
randomArrays,2,319,1.65,0.00,0.00
randomArrays,2,431,1.14,0.00,0.00
randomArrays,2,941,2.48,15.62,0.00
randomArrays,2,937,2.45,0.00,0.00
randomArrays,2,619,1.44,0.00,0.00
randomArrays,2,370,0.76,0.00,0.00
randomArrays,2,478,1.05,0.00,0.00
randomArrays,2,107,0.17,0.00,0.00
randomArrays,2,910,2.19,0.00,0.00
randomArrays,2,381,0.78,0.00,0.00
randomArrays,2,699,1.68,0.00,0.00
randomArrays,2,452,1.06,15.62,0.00
randomArrays,2,882,4.17,0.00,0.00
randomArrays,2,697,1.62,0.00,0.00
randomArrays,2,39,0.06,0.00,0.00
randomArrays,2,382,0.78,0.00,0.00
randomArrays,2,980,3.07,0.00,0.00
randomArrays,2,202,0.36,0.00,0.00
randomArrays,2,674,1.95,15.62,0.00
randomArrays,2,184,0.50,0.00,0.00
randomArrays,2,853,2.05,0.00,0.00
randomArrays,2,101,0.17,0.00,0.00
randomArrays,2,329,0.66,0.00,0.00
randomArrays,2,837,1.98,0.00,0.00
randomArrays,2,952,2.33,0.00,0.00
randomArrays,2,676,1.55,0.00,0.00
randomArrays,2,248,0.46,0.00,0.00
randomArrays,2,845,2.41,0.00,0.00
randomArrays,2,707,2.59,15.62,0.00
randomArrays,2,458,1.45,0.00,0.00
randomArrays,2,219,0.40,0.00,0.00
randomArrays,2,268,0.55,0.00,0.00
randomArrays,2,201,0.36,0.00,0.00
randomArrays,2,520,1.46,0.00,0.00
randomArrays,2,832,2.02,0.00,0.00
randomArrays,2,800,1.89,0.00,0.00
randomArrays,2,753,1.83,0.00,0.00
randomArrays,2,286,0.80,0.00,0.00
randomArrays,2,841,2.37,0.00,0.00
randomArrays,2,240,0.45,0.00,0.00
randomArrays,2,370,1.17,0.00,0.00
randomArrays,2,287,0.55,0.00,0.00
randomArrays,2,89,0.18,0.00,0.00
randomArrays,2,881,2.14,0.00,0.00
randomArrays,2,187,0.44,0.00,0.00
randomArrays,2,373,0.75,0.00,0.00
randomArrays,2,194,0.51,0.00,0.00
randomArrays,2,382,0.78,0.00,0.00
randomArrays,2,826,2.15,0.00,0.00
randomArrays,2,781,1.83,0.00,0.00
randomArrays,2,814,1.92,0.00,0.00
randomArrays,2,525,1.34,0.00,0.00
randomArrays,2,136,0.23,0.00,0.00
randomArrays,2,454,1.32,0.00,0.00
randomArrays,2,563,1.24,0.00,0.00
randomArrays,2,226,0.41,0.00,0.00
randomArrays,2,345,0.69,0.00,0.00
randomArrays,2,514,1.16,0.00,0.00
randomArrays,2,871,2.12,0.00,0.00
randomArrays,2,939,2.82,0.00,0.00
randomArrays,2,397,1.04,0.00,0.00
randomArrays,2,429,1.78,0.00,0.00
randomArrays,2,421,0.89,0.00,0.00
randomArrays,2,747,2.11,0.00,0.00
randomArrays,2,19,0.07,0.00,0.00
randomArrays,2,74,0.12,0.00,0.00
randomArrays,2,259,0.55,0.00,0.00
randomArrays,2,846,5.04,15.62,0.00
randomArrays,2,789,1.84,0.00,0.00
randomArrays,2,671,1.54,0.00,0.00
randomArrays,2,368,0.75,0.00,0.00
randomArrays,2,448,0.97,0.00,0.00
randomArrays,2,237,0.52,0.00,0.00
randomArrays,2,627,1.54,0.00,0.00
randomArrays,2,584,1.47,0.00,0.00
randomArrays,2,328,1.01,0.00,0.00
randomArrays,2,606,2.69,15.62,0.00
randomArrays,2,563,1.87,0.00,0.00
randomArrays,2,774,3.77,0.00,0.00
randomArrays,2,206,0.86,0.00,0.00
randomArrays,2,907,2.44,0.00,0.00
randomArrays,2,37,0.05,0.00,0.00
randomArrays,2,878,2.11,0.00,0.00
randomArrays,2,284,0.55,0.00,0.00
randomArrays,2,853,2.04,15.62,0.00
randomArrays,2,247,1.02,0.00,0.00
randomArrays,2,241,0.53,0.00,0.00
randomArrays,2,348,0.71,0.00,0.00
randomArrays,2,814,2.71,0.00,0.00
randomArrays,2,245,0.50,0.00,0.00
randomArrays,2,335,0.91,0.00,0.00
randomArrays,2,497,1.64,0.00,0.00
randomArrays,2,280,0.55,0.00,0.00
randomArrays,2,664,2.08,0.00,0.00
randomArrays,2,523,1.13,0.00,0.00
randomArrays,2,841,2.10,0.00,0.00
randomArrays,2,290,1.31,0.00,0.00
randomArrays,2,158,0.62,0.00,0.00
randomArrays,2,783,3.61,0.00,0.00
randomArrays,2,638,3.25,0.00,0.00
randomArrays,2,314,1.39,0.00,0.00
randomArrays,2,484,1.08,0.00,0.00
randomArrays,2,972,2.40,0.00,0.00
randomArrays,2,652,3.42,0.00,0.00
randomArrays,2,543,1.67,0.00,0.00
randomArrays,2,487,1.05,15.62,0.00
randomArrays,2,686,1.58,0.00,0.00
randomArrays,2,183,0.91,0.00,0.00
randomArrays,2,572,3.24,0.00,0.00
randomArrays,2,747,2.11,0.00,0.00
randomArrays,2,780,1.83,0.00,0.00
randomArrays,2,828,2.00,0.00,0.00
randomArrays,2,591,2.15,0.00,0.00
randomArrays,2,415,0.86,0.00,0.00
randomArrays,2,648,1.51,0.00,0.00
randomArrays,2,204,0.38,0.00,0.00
randomArrays,2,510,1.15,0.00,0.00
randomArrays,2,422,0.92,0.00,0.00
randomArrays,2,541,1.19,0.00,0.00
randomArrays,2,875,2.27,0.00,0.00
randomArrays,2,742,1.75,0.00,0.00
randomArrays,2,384,1.02,0.00,0.00
randomArrays,2,266,0.53,0.00,0.00
randomArrays,2,137,0.32,0.00,0.00
randomArrays,2,970,2.93,15.62,0.00
randomArrays,2,685,2.21,0.00,0.00
randomArrays,2,665,1.51,0.00,0.00
randomArrays,2,319,0.63,0.00,0.00
randomArrays,2,808,2.45,0.00,0.00
randomArrays,2,143,0.24,0.00,0.00
randomArrays,2,147,0.25,0.00,0.00
randomArrays,2,929,2.28,0.00,0.00
randomArrays,2,906,2.21,0.00,0.00
randomArrays,2,425,0.91,0.00,0.00
randomArrays,2,736,1.83,0.00,0.00
randomArrays,2,65,0.10,0.00,0.00
randomArrays,2,305,0.68,0.00,0.00
randomArrays,2,194,0.42,0.00,0.00
randomArrays,2,545,1.82,0.00,0.00
randomArrays,2,49,0.16,0.00,0.00
randomArrays,2,731,1.70,0.00,0.00
randomArrays,2,712,1.98,0.00,0.00
randomArrays,2,732,1.82,15.62,0.00
randomArrays,2,57,0.08,0.00,0.00
randomArrays,2,983,2.60,0.00,0.00
randomArrays,2,345,0.69,0.00,0.00
randomArrays,2,152,0.26,0.00,0.00
randomArrays,2,963,2.64,0.00,0.00
randomArrays,2,544,1.19,0.00,0.00
randomArrays,2,870,2.10,0.00,0.00
randomArrays,2,557,1.34,0.00,0.00
randomArrays,2,168,0.29,0.00,0.00
randomArrays,2,373,0.76,0.00,0.00
randomArrays,2,416,0.86,0.00,0.00
randomArrays,2,942,2.28,0.00,0.00
randomArrays,2,966,3.40,0.00,0.00
randomArrays,2,363,0.73,0.00,0.00
randomArrays,2,955,2.41,0.00,0.00
randomArrays,2,626,2.64,0.00,0.00
randomArrays,2,948,3.41,0.00,0.00
randomArrays,2,193,0.45,0.00,0.00
randomArrays,2,361,1.09,0.00,0.00
randomArrays,2,195,0.59,0.00,0.00
randomArrays,2,905,2.17,0.00,0.00
randomArrays,2,105,0.18,0.00,0.00
randomArrays,2,750,1.75,0.00,0.00
randomArrays,2,565,2.83,0.00,0.00
randomArrays,2,538,1.22,0.00,0.00
randomArrays,2,488,2.13,0.00,0.00
randomArrays,2,30,0.04,0.00,0.00
randomArrays,2,554,1.24,0.00,0.00
randomArrays,2,407,0.84,0.00,0.00
randomArrays,2,958,4.32,0.00,0.00
randomArrays,2,137,0.23,0.00,0.00
randomArrays,2,101,0.39,0.00,0.00
randomArrays,2,633,1.43,0.00,0.00
randomArrays,2,44,0.24,0.00,0.00
randomArrays,2,738,2.24,0.00,0.00
randomArrays,2,763,2.28,0.00,0.00
randomArrays,2,319,0.86,0.00,0.00
randomArrays,2,682,1.57,0.00,0.00
randomArrays,2,820,2.45,0.00,0.00
randomArrays,2,896,2.15,0.00,0.00
randomArrays,2,712,1.68,0.00,0.00
randomArrays,2,554,1.24,0.00,0.00
randomArrays,2,940,4.02,0.00,0.00
randomArrays,2,787,1.85,0.00,0.00
randomArrays,2,255,1.04,0.00,0.00
randomArrays,2,135,0.23,0.00,0.00
randomArrays,2,546,2.72,15.62,0.00
randomArrays,2,643,1.48,0.00,0.00
randomArrays,2,197,0.36,0.00,0.00
randomArrays,2,643,2.01,0.00,0.00
randomArrays,2,858,2.38,0.00,0.00
randomArrays,2,134,0.50,0.00,0.00
randomArrays,2,133,0.22,0.00,0.00
randomArrays,2,317,0.64,0.00,0.00
randomArrays,2,312,0.62,0.00,0.00
randomArrays,2,160,0.28,0.00,0.00
randomArrays,2,838,1.99,0.00,0.00
randomArrays,2,316,0.62,0.00,0.00
randomArrays,2,111,0.18,0.00,0.00
randomArrays,2,530,1.16,0.00,0.00
randomArrays,2,827,3.30,15.62,0.00
randomArrays,2,994,2.76,0.00,0.00
randomArrays,2,348,0.70,0.00,0.00
randomArrays,2,652,1.48,15.62,0.00
randomArrays,2,339,0.68,0.00,0.00
randomArrays,2,908,2.22,0.00,0.00
randomArrays,2,655,1.71,0.00,0.00
randomArrays,2,899,2.20,0.00,0.00
randomArrays,2,377,0.77,0.00,0.00
randomArrays,2,793,1.87,0.00,0.00
randomArrays,2,12,0.02,0.00,0.00
randomArrays,2,236,0.45,0.00,0.00
randomArrays,2,851,2.05,15.62,0.00
randomArrays,2,462,0.99,0.00,0.00
randomArrays,2,49,0.07,0.00,0.00
randomArrays,2,649,2.25,0.00,0.00
randomArrays,2,299,0.79,0.00,0.00
randomArrays,2,796,3.12,0.00,0.00
randomArrays,2,227,0.43,0.00,0.00
randomArrays,2,929,2.61,0.00,0.00
randomArrays,2,166,0.29,0.00,0.00
randomArrays,2,277,0.64,0.00,0.00
randomArrays,2,179,0.70,0.00,0.00
randomArrays,2,809,1.89,15.62,0.00
randomArrays,2,232,0.43,0.00,0.00
randomArrays,2,247,0.48,0.00,0.00
randomArrays,2,99,0.16,0.00,0.00
randomArrays,2,649,1.49,0.00,0.00
randomArrays,2,15,0.02,0.00,0.00
randomArrays,2,646,1.48,0.00,0.00
randomArrays,2,463,0.99,0.00,0.00
randomArrays,2,587,1.30,0.00,0.00
randomArrays,2,898,2.75,0.00,0.00
randomArrays,2,643,1.46,0.00,0.00
randomArrays,2,840,2.61,0.00,0.00
randomArrays,2,708,2.01,15.62,0.00
randomArrays,2,214,0.39,0.00,0.00
randomArrays,2,565,1.42,0.00,0.00
randomArrays,2,157,0.60,0.00,0.00
randomArrays,2,265,0.51,0.00,0.00
randomArrays,2,171,0.30,0.00,0.00
randomArrays,2,136,0.22,0.00,0.00
randomArrays,2,290,0.56,0.00,0.00
randomArrays,2,96,0.23,0.00,0.00
randomArrays,2,11,0.03,0.00,0.00
randomArrays,2,311,1.38,15.62,0.00
randomArrays,2,566,1.26,0.00,0.00
randomArrays,2,328,0.65,0.00,0.00
randomArrays,2,358,1.22,0.00,0.00
randomArrays,2,674,2.00,0.00,0.00
randomArrays,2,490,2.42,0.00,0.00
randomArrays,2,36,0.06,0.00,0.00
randomArrays,2,408,1.89,0.00,0.00
randomArrays,2,49,0.07,0.00,0.00
randomArrays,2,581,1.30,0.00,0.00
randomArrays,2,879,2.37,0.00,0.00
randomArrays,2,61,0.12,0.00,0.00
randomArrays,2,656,1.95,0.00,0.00
randomArrays,2,411,1.40,0.00,0.00
randomArrays,2,361,0.83,0.00,0.00
randomArrays,2,994,3.20,0.00,0.00
randomArrays,2,416,1.41,0.00,0.00
randomArrays,2,966,4.18,0.00,0.00
randomArrays,2,92,0.27,0.00,0.00
randomArrays,2,429,0.91,0.00,0.00
randomArrays,2,658,1.50,0.00,0.00
randomArrays,2,877,2.67,0.00,0.00
randomArrays,2,780,1.81,0.00,0.00
randomArrays,2,669,1.56,0.00,0.00
randomArrays,2,394,1.47,0.00,0.00
randomArrays,2,892,2.27,15.62,0.00
randomArrays,2,180,0.34,0.00,0.00
randomArrays,2,829,2.42,0.00,0.00
randomArrays,2,255,0.50,0.00,0.00
randomArrays,2,374,0.81,0.00,0.00
randomArrays,2,37,0.06,0.00,0.00
randomArrays,2,919,2.53,0.00,0.00
randomArrays,2,850,2.83,0.00,0.00
randomArrays,2,930,2.26,0.00,0.00
randomArrays,2,419,0.87,0.00,0.00
randomArrays,2,720,2.24,0.00,0.00
randomArrays,2,378,1.73,0.00,0.00
randomArrays,2,815,1.97,0.00,0.00
randomArrays,2,566,2.40,15.62,0.00
randomArrays,2,623,1.95,0.00,0.00
randomArrays,2,597,1.37,0.00,0.00
randomArrays,2,148,0.25,0.00,0.00
randomArrays,2,580,1.81,0.00,0.00
randomArrays,2,244,0.45,0.00,0.00
randomArrays,2,703,1.73,0.00,0.00
randomArrays,2,743,2.42,0.00,0.00
randomArrays,2,923,2.56,0.00,0.00
randomArrays,2,284,0.58,0.00,0.00
randomArrays,2,35,0.05,0.00,0.00
randomArrays,2,941,2.89,0.00,0.00
randomArrays,2,39,0.06,0.00,0.00
randomArrays,2,276,0.89,0.00,0.00
randomArrays,2,494,1.10,0.00,0.00
randomArrays,2,547,1.21,0.00,0.00
randomArrays,2,837,2.21,0.00,0.00
randomArrays,2,183,0.49,0.00,0.00
randomArrays,2,360,0.83,0.00,0.00
randomArrays,2,627,1.64,0.00,0.00
randomArrays,2,833,1.98,0.00,0.00
randomArrays,2,491,1.11,0.00,0.00
randomArrays,2,623,1.41,15.62,0.00
randomArrays,2,850,2.38,0.00,0.00
randomArrays,2,35,0.11,0.00,0.00
randomArrays,2,584,1.60,0.00,0.00
randomArrays,2,34,0.10,0.00,0.00
randomArrays,2,335,0.89,0.00,0.00
randomArrays,2,145,0.54,0.00,0.00
randomArrays,2,61,0.09,0.00,0.00
randomArrays,2,88,0.14,0.00,0.00
randomArrays,2,442,0.94,0.00,0.00
randomArrays,2,729,2.05,0.00,0.00
randomArrays,2,312,0.70,0.00,0.00
randomArrays,2,620,2.37,0.00,0.00
randomArrays,2,77,0.19,0.00,0.00
randomArrays,2,784,1.84,0.00,0.00
randomArrays,2,720,1.67,0.00,0.00
randomArrays,2,796,1.93,15.62,0.00
randomArrays,2,81,0.28,0.00,0.00
randomArrays,2,900,2.70,0.00,0.00
randomArrays,2,570,1.63,15.62,0.00
randomArrays,2,749,1.74,0.00,0.00
randomArrays,2,723,1.67,0.00,0.00
randomArrays,2,54,0.28,0.00,0.00
randomArrays,2,261,0.49,0.00,0.00
randomArrays,2,831,2.95,0.00,0.00
randomArrays,2,133,0.22,0.00,0.00
randomArrays,2,165,0.32,0.00,0.00
randomArrays,2,441,0.93,0.00,0.00
randomArrays,2,782,1.87,0.00,0.00
randomArrays,2,384,1.77,0.00,0.00
randomArrays,2,283,1.22,0.00,0.00
randomArrays,2,71,0.11,0.00,0.00
randomArrays,2,374,0.89,0.00,0.00
randomArrays,2,204,0.82,0.00,0.00
randomArrays,2,437,0.92,0.00,0.00
randomArrays,2,662,3.19,0.00,0.00
randomArrays,2,821,2.48,15.62,0.00
randomArrays,2,198,0.72,0.00,0.00
randomArrays,2,776,1.85,0.00,0.00
randomArrays,2,124,0.21,0.00,0.00
randomArrays,2,202,0.80,0.00,0.00
randomArrays,2,806,1.91,0.00,0.00
randomArrays,2,448,0.96,0.00,0.00
randomArrays,2,383,0.77,0.00,0.00
randomArrays,2,992,2.54,0.00,0.00
randomArrays,2,714,1.70,0.00,0.00
randomArrays,2,528,1.18,0.00,0.00
randomArrays,2,137,0.51,0.00,0.00
randomArrays,2,122,0.72,0.00,0.00
randomArrays,2,883,2.12,0.00,0.00
randomArrays,2,614,1.38,0.00,0.00
randomArrays,2,841,3.17,0.00,0.00
randomArrays,2,471,2.32,15.62,0.00
randomArrays,2,871,2.15,0.00,0.00
randomArrays,2,938,2.33,0.00,0.00
randomArrays,2,238,0.44,0.00,0.00
randomArrays,2,772,1.93,15.62,0.00
randomArrays,2,334,0.70,0.00,0.00
randomArrays,2,274,0.65,0.00,0.00
randomArrays,2,385,1.78,0.00,0.00
randomArrays,2,455,0.98,0.00,0.00
randomArrays,2,202,0.63,0.00,0.00
randomArrays,2,349,0.77,0.00,0.00
randomArrays,2,170,0.30,0.00,0.00
randomArrays,2,365,0.85,0.00,0.00
randomArrays,2,921,2.25,0.00,0.00
randomArrays,2,368,0.74,0.00,0.00
randomArrays,2,851,2.03,0.00,0.00
randomArrays,2,736,1.79,0.00,0.00
randomArrays,2,64,0.13,0.00,0.00
randomArrays,2,371,0.75,0.00,0.00
randomArrays,2,962,2.35,0.00,0.00
randomArrays,2,758,2.39,0.00,0.00
randomArrays,2,565,1.78,15.62,0.00
randomArrays,2,246,0.73,0.00,0.00
randomArrays,2,390,0.81,0.00,0.00
randomArrays,2,833,2.53,0.00,0.00
randomArrays,2,359,0.74,0.00,0.00
randomArrays,2,647,1.62,0.00,0.00
randomArrays,2,830,2.02,0.00,0.00
randomArrays,2,790,2.63,0.00,0.00
randomArrays,2,789,1.95,0.00,0.00
randomArrays,2,33,0.05,0.00,0.00
randomArrays,2,324,0.73,0.00,0.00
randomArrays,2,460,1.00,0.00,0.00
randomArrays,2,660,1.51,15.62,0.00
randomArrays,2,553,1.90,0.00,0.00
randomArrays,2,181,0.32,0.00,0.00
randomArrays,2,106,0.18,0.00,0.00
randomArrays,2,198,0.37,0.00,0.00
randomArrays,2,795,1.88,0.00,0.00
randomArrays,2,149,0.26,0.00,0.00
randomArrays,2,42,0.06,0.00,0.00
randomArrays,2,538,1.17,0.00,0.00
randomArrays,2,405,0.83,0.00,0.00
randomArrays,2,741,1.74,0.00,0.00
randomArrays,2,88,0.16,0.00,0.00
randomArrays,2,896,2.15,0.00,0.00
randomArrays,2,574,1.73,0.00,0.00
randomArrays,2,34,0.05,0.00,0.00
randomArrays,2,83,0.19,0.00,0.00
randomArrays,2,311,0.61,0.00,0.00
randomArrays,2,168,0.64,0.00,0.00
randomArrays,2,720,2.07,0.00,0.00
randomArrays,2,499,1.12,0.00,0.00
randomArrays,2,280,0.80,0.00,0.00
randomArrays,2,960,4.57,15.62,0.00
randomArrays,2,351,0.71,0.00,0.00
randomArrays,2,840,2.02,0.00,0.00
randomArrays,2,826,2.04,0.00,0.00
randomArrays,2,780,1.83,15.62,0.00
randomArrays,2,592,1.58,0.00,0.00
randomArrays,2,601,1.56,0.00,0.00
randomArrays,2,924,2.78,15.62,0.00
randomArrays,2,630,1.43,0.00,0.00
randomArrays,2,738,1.73,0.00,0.00
randomArrays,2,43,0.08,0.00,0.00
randomArrays,2,546,1.21,0.00,0.00
randomArrays,2,118,0.21,0.00,0.00
randomArrays,2,812,1.97,0.00,0.00
randomArrays,2,636,1.65,0.00,0.00
randomArrays,2,253,0.47,0.00,0.00
randomArrays,2,443,1.12,0.00,0.00
randomArrays,2,292,0.73,0.00,0.00
randomArrays,2,723,1.80,15.62,0.00
randomArrays,2,398,0.93,0.00,0.00
randomArrays,2,368,0.74,0.00,0.00
randomArrays,2,534,3.05,15.62,0.00
randomArrays,2,899,3.81,0.00,0.00
randomArrays,2,137,0.29,0.00,0.00
randomArrays,2,187,0.85,0.00,0.00
randomArrays,2,164,0.37,0.00,0.00
randomArrays,2,735,2.72,0.00,0.00
randomArrays,2,524,1.17,15.62,0.00
randomArrays,2,512,1.11,0.00,0.00
randomArrays,2,15,0.02,0.00,0.00
randomArrays,2,737,1.79,0.00,0.00
randomArrays,2,616,2.75,0.00,0.00
randomArrays,2,349,1.17,0.00,0.00
randomArrays,2,645,1.56,0.00,0.00
randomArrays,2,502,1.59,0.00,0.00
randomArrays,2,932,3.42,0.00,0.00
randomArrays,2,778,2.34,0.00,0.00
randomArrays,2,126,0.22,0.00,0.00
randomArrays,2,836,2.02,15.62,0.00
randomArrays,2,911,3.57,0.00,0.00
randomArrays,2,265,0.51,0.00,0.00
randomArrays,2,694,1.68,0.00,0.00
randomArrays,2,188,0.34,0.00,0.00
randomArrays,2,282,0.65,0.00,0.00
randomArrays,2,347,0.76,0.00,0.00
randomArrays,2,768,2.96,0.00,0.00
randomArrays,2,778,1.88,0.00,0.00
randomArrays,2,549,1.26,0.00,0.00
randomArrays,2,12,0.03,0.00,0.00
randomArrays,2,336,0.77,0.00,0.00
randomArrays,2,949,3.05,0.00,0.00
randomArrays,2,179,0.56,0.00,0.00
randomArrays,2,634,1.45,0.00,0.00
randomArrays,2,38,0.06,0.00,0.00
randomArrays,2,123,0.22,0.00,0.00
randomArrays,2,282,0.54,0.00,0.00
randomArrays,2,452,0.97,0.00,0.00
randomArrays,2,217,0.41,0.00,0.00
randomArrays,2,629,1.44,15.62,0.00
randomArrays,2,275,0.53,0.00,0.00
randomArrays,2,66,0.16,0.00,0.00
randomArrays,2,308,0.63,0.00,0.00
randomArrays,2,809,2.26,0.00,0.00
randomArrays,2,634,2.24,0.00,0.00
randomArrays,2,478,1.02,0.00,0.00
randomArrays,2,336,1.11,0.00,0.00
randomArrays,2,672,1.55,0.00,0.00
randomArrays,2,583,1.32,0.00,0.00
randomArrays,2,413,1.51,0.00,0.00
randomArrays,2,683,1.63,0.00,0.00
randomArrays,2,463,0.98,0.00,0.00
randomArrays,2,267,0.53,0.00,0.00
randomArrays,2,73,0.12,0.00,0.00
randomArrays,2,641,2.07,0.00,0.00
randomArrays,2,827,2.82,0.00,0.00
randomArrays,2,864,3.16,0.00,0.00
randomArrays,2,672,1.54,0.00,0.00
randomArrays,2,948,2.47,0.00,0.00
randomArrays,2,523,1.15,0.00,0.00
randomArrays,2,113,0.19,0.00,0.00
randomArrays,2,855,2.10,0.00,0.00
randomArrays,2,764,1.83,0.00,0.00
randomArrays,2,559,1.23,0.00,0.00
randomArrays,2,256,0.57,0.00,0.00
randomArrays,2,861,2.70,0.00,0.00
randomArrays,2,215,0.64,0.00,0.00
randomArrays,2,610,1.55,0.00,0.00
randomArrays,2,133,0.22,0.00,0.00
randomArrays,2,721,1.68,0.00,0.00
randomArrays,2,826,3.02,0.00,0.00
randomArrays,2,732,1.72,0.00,0.00
randomArrays,2,218,0.41,0.00,0.00
randomArrays,2,897,2.21,0.00,0.00
randomArrays,2,95,0.34,0.00,0.00
randomArrays,2,596,1.34,0.00,0.00
randomArrays,2,333,1.53,0.00,0.00
randomArrays,2,139,0.51,0.00,0.00
randomArrays,2,90,0.31,0.00,0.00
randomArrays,2,724,1.96,0.00,0.00
randomArrays,2,24,0.03,0.00,0.00
randomArrays,2,182,0.36,0.00,0.00
randomArrays,2,440,0.99,0.00,0.00
randomArrays,2,521,1.24,0.00,0.00
randomArrays,2,653,1.48,0.00,0.00
randomArrays,2,422,0.95,0.00,0.00
randomArrays,2,919,2.25,0.00,0.00
randomArrays,2,399,0.88,0.00,0.00
randomArrays,2,148,0.76,0.00,0.00
randomArrays,2,651,1.50,0.00,0.00
randomArrays,2,953,2.54,0.00,0.00
randomArrays,2,205,0.37,0.00,0.00
randomArrays,2,713,1.69,0.00,0.00
randomArrays,2,335,0.68,0.00,0.00
randomArrays,2,800,1.88,0.00,0.00
randomArrays,2,263,0.50,0.00,0.00
randomArrays,2,305,0.68,0.00,0.00
randomArrays,2,772,2.59,15.62,0.00
randomArrays,2,760,1.78,0.00,0.00
randomArrays,2,985,2.42,0.00,0.00
randomArrays,2,468,2.83,0.00,0.00
randomArrays,2,542,1.55,15.62,0.00
randomArrays,2,137,0.23,0.00,0.00
randomArrays,2,877,2.11,0.00,0.00
randomArrays,2,407,0.91,0.00,0.00
randomArrays,2,13,0.04,0.00,0.00
randomArrays,2,857,3.10,0.00,0.00
randomArrays,2,961,2.41,0.00,0.00
randomArrays,2,963,2.38,0.00,0.00
randomArrays,2,792,1.85,0.00,0.00
randomArrays,2,190,0.35,0.00,0.00
randomArrays,2,859,2.04,0.00,0.00
randomArrays,2,989,2.45,0.00,0.00
randomArrays,2,816,3.55,15.62,0.00
randomArrays,2,950,2.32,0.00,0.00
randomArrays,2,241,0.45,0.00,0.00
randomArrays,2,957,2.41,0.00,0.00
randomArrays,2,155,0.62,0.00,0.00
randomArrays,2,625,1.44,0.00,0.00
randomArrays,2,573,1.26,0.00,0.00
randomArrays,2,278,0.57,0.00,0.00
randomArrays,2,67,0.10,0.00,0.00
randomArrays,2,785,2.58,0.00,0.00
randomArrays,2,576,1.27,0.00,0.00
randomArrays,2,949,2.55,0.00,0.00
randomArrays,2,274,0.52,0.00,0.00
randomArrays,2,827,1.95,0.00,0.00
randomArrays,2,246,0.46,0.00,0.00
randomArrays,2,497,1.07,0.00,0.00
randomArrays,2,98,0.16,0.00,0.00
randomArrays,2,87,0.13,0.00,0.00
randomArrays,2,362,0.87,0.00,0.00
randomArrays,2,748,1.77,0.00,0.00
randomArrays,2,553,3.10,15.62,0.00
randomArrays,2,931,2.29,0.00,0.00
randomArrays,2,24,0.05,0.00,0.00
randomArrays,2,836,1.99,15.62,0.00
randomArrays,2,524,1.70,0.00,0.00
randomArrays,2,286,0.71,0.00,0.00
randomArrays,2,379,0.78,0.00,0.00
randomArrays,2,654,1.68,0.00,0.00
randomArrays,2,795,2.01,0.00,0.00
randomArrays,2,335,0.90,0.00,0.00
randomArrays,2,218,0.40,0.00,0.00
randomArrays,2,390,1.20,0.00,0.00
randomArrays,2,80,0.12,0.00,0.00
randomArrays,2,602,1.72,0.00,0.00
randomArrays,2,687,2.40,0.00,0.00
randomArrays,2,573,1.73,0.00,0.00
randomArrays,2,857,2.30,0.00,0.00
randomArrays,2,484,1.04,0.00,0.00
randomArrays,2,633,1.49,0.00,0.00
randomArrays,2,393,0.81,0.00,0.00
randomArrays,2,953,2.91,0.00,0.00
randomArrays,2,718,1.73,0.00,0.00
randomArrays,2,330,1.49,15.62,0.00
randomArrays,2,273,0.70,0.00,0.00
randomArrays,2,323,1.46,0.00,0.00
randomArrays,2,971,2.40,15.62,0.00
randomArrays,2,156,0.59,0.00,0.00
randomArrays,2,971,2.35,0.00,0.00
randomArrays,2,202,1.02,15.62,0.00
randomArrays,2,201,0.36,0.00,0.00
randomArrays,2,230,0.55,0.00,0.00
randomArrays,2,953,2.32,0.00,0.00
randomArrays,2,399,0.92,0.00,0.00
randomArrays,2,354,0.71,0.00,0.00
randomArrays,2,334,1.08,0.00,0.00
randomArrays,2,538,1.20,0.00,0.00
randomArrays,2,238,0.48,0.00,0.00
randomArrays,2,415,0.86,0.00,0.00
randomArrays,2,498,1.14,0.00,0.00
randomArrays,2,193,0.35,0.00,0.00
randomArrays,2,125,0.33,0.00,0.00
randomArrays,2,100,0.25,0.00,0.00
randomArrays,2,742,1.74,0.00,0.00
randomArrays,2,588,1.42,0.00,0.00
randomArrays,2,355,0.72,0.00,0.00
randomArrays,2,923,3.05,0.00,0.00
randomArrays,2,167,0.63,0.00,0.00
randomArrays,2,518,1.28,0.00,0.00
randomArrays,2,649,1.49,0.00,0.00
randomArrays,2,280,0.54,0.00,0.00
randomArrays,2,842,3.29,15.62,0.00
randomArrays,2,586,1.31,0.00,0.00
randomArrays,2,519,1.13,0.00,0.00
randomArrays,2,112,0.42,0.00,0.00
randomArrays,2,320,0.97,0.00,0.00
randomArrays,2,955,2.99,0.00,0.00
randomArrays,2,61,0.24,0.00,0.00
randomArrays,2,709,1.68,0.00,0.00
randomArrays,2,671,1.56,0.00,0.00
randomArrays,2,437,0.93,0.00,0.00
randomArrays,2,917,2.24,0.00,0.00
randomArrays,2,499,1.56,0.00,0.00
randomArrays,2,503,1.09,0.00,0.00
randomArrays,2,676,1.58,0.00,0.00
randomArrays,2,594,1.34,0.00,0.00
randomArrays,2,48,0.09,0.00,0.00
randomArrays,2,590,1.90,15.62,0.00
randomArrays,2,861,2.14,15.62,0.00
randomArrays,2,363,0.85,0.00,0.00
randomArrays,2,969,3.50,0.00,0.00
randomArrays,2,912,2.90,0.00,0.00
randomArrays,2,779,2.79,0.00,0.00
randomArrays,2,301,0.59,0.00,0.00
randomArrays,2,545,1.20,0.00,0.00
randomArrays,2,24,0.07,0.00,0.00
randomArrays,2,953,2.34,0.00,0.00
randomArrays,2,440,0.94,0.00,0.00
randomArrays,2,997,2.47,0.00,0.00
randomArrays,2,661,1.53,0.00,0.00
randomArrays,2,583,1.33,0.00,0.00
randomArrays,2,478,1.64,0.00,0.00
randomArrays,2,220,0.41,0.00,0.00
randomArrays,2,458,1.54,0.00,0.00
randomArrays,2,783,2.73,0.00,0.00
randomArrays,2,554,1.35,0.00,0.00
randomArrays,2,167,0.29,0.00,0.00
randomArrays,2,338,0.69,0.00,0.00
randomArrays,2,321,1.46,0.00,0.00
randomArrays,2,993,3.97,0.00,0.00
randomArrays,2,414,0.91,0.00,0.00
randomArrays,2,630,1.41,0.00,0.00
randomArrays,2,572,1.28,0.00,0.00
randomArrays,2,119,0.19,0.00,0.00
randomArrays,2,852,3.14,0.00,0.00
randomArrays,2,392,1.71,0.00,0.00
randomArrays,2,744,1.75,0.00,0.00
randomArrays,2,767,1.82,0.00,0.00
randomArrays,2,419,0.99,0.00,0.00
randomArrays,2,186,0.35,0.00,0.00
randomArrays,2,498,1.87,0.00,0.00
randomArrays,2,369,0.75,0.00,0.00
randomArrays,2,545,1.19,0.00,0.00
randomArrays,2,585,1.33,0.00,0.00
randomArrays,2,232,0.42,0.00,0.00
randomArrays,2,683,2.12,0.00,0.00
randomArrays,2,373,1.80,15.62,0.00
randomArrays,2,67,0.28,0.00,0.00
randomArrays,2,47,0.15,0.00,0.00
randomArrays,2,353,1.60,0.00,0.00
randomArrays,2,165,0.81,0.00,0.00
randomArrays,2,822,1.96,0.00,0.00
randomArrays,2,207,0.83,0.00,0.00
randomArrays,2,365,0.74,0.00,0.00
randomArrays,2,33,0.05,0.00,0.00
randomArrays,2,324,1.20,0.00,0.00
randomArrays,2,533,1.29,0.00,0.00
randomArrays,2,467,1.00,15.62,0.00
randomArrays,2,653,2.78,0.00,0.00
randomArrays,2,262,0.54,0.00,0.00
randomArrays,2,26,0.04,0.00,0.00
randomArrays,2,705,3.10,0.00,0.00
randomArrays,2,945,2.82,0.00,0.00
randomArrays,2,145,0.24,0.00,0.00
randomArrays,2,987,3.14,0.00,0.00
randomArrays,2,40,0.06,0.00,0.00
randomArrays,2,418,0.91,0.00,0.00
randomArrays,2,20,0.04,0.00,0.00
randomArrays,2,618,1.37,0.00,0.00
randomArrays,2,463,1.00,0.00,0.00
randomArrays,2,310,0.64,0.00,0.00
randomArrays,2,753,1.75,0.00,0.00
randomArrays,2,203,0.37,0.00,0.00
randomArrays,2,756,1.76,0.00,0.00
randomArrays,2,998,2.47,0.00,0.00
randomArrays,2,631,1.42,0.00,0.00
randomArrays,2,788,2.47,0.00,0.00
randomArrays,2,364,0.96,0.00,0.00
randomArrays,2,435,1.25,15.62,0.00
randomArrays,2,379,0.78,0.00,0.00
randomArrays,2,208,0.83,0.00,0.00
randomArrays,2,503,1.10,0.00,0.00
randomArrays,2,97,0.16,0.00,0.00
randomArrays,2,266,0.54,0.00,0.00
randomArrays,2,828,2.29,0.00,0.00
randomArrays,2,319,0.64,0.00,0.00
randomArrays,2,898,2.33,0.00,0.00
randomArrays,2,380,0.78,0.00,0.00
randomArrays,2,450,1.21,0.00,0.00
randomArrays,2,142,0.24,0.00,0.00
randomArrays,2,434,1.06,0.00,0.00
randomArrays,2,96,0.15,0.00,0.00
randomArrays,2,641,1.60,0.00,0.00
randomArrays,2,538,1.16,0.00,0.00
randomArrays,2,502,1.10,0.00,0.00
randomArrays,2,599,1.34,15.62,0.00
randomArrays,2,299,0.58,0.00,0.00
randomArrays,2,620,1.96,0.00,0.00
randomArrays,2,606,1.35,0.00,0.00
randomArrays,2,282,0.56,0.00,0.00
randomArrays,2,205,0.37,0.00,0.00
randomArrays,2,504,1.68,0.00,0.00
randomArrays,2,315,1.78,0.00,0.00
randomArrays,2,739,2.22,0.00,0.00
randomArrays,2,226,0.42,0.00,0.00
randomArrays,2,239,0.57,0.00,0.00
randomArrays,2,656,1.48,0.00,0.00
randomArrays,2,467,1.17,0.00,0.00
randomArrays,2,855,2.09,0.00,0.00
randomArrays,2,12,0.02,0.00,0.00
randomArrays,2,751,2.72,0.00,0.00
randomArrays,2,426,0.89,0.00,0.00
randomArrays,2,735,2.49,0.00,0.00
randomArrays,2,321,0.64,0.00,0.00
randomArrays,2,522,1.16,0.00,0.00
randomArrays,2,888,5.39,0.00,0.00
randomArrays,2,118,0.24,0.00,0.00
randomArrays,2,813,2.04,0.00,0.00
randomArrays,2,547,1.19,0.00,0.00
randomArrays,2,860,2.06,0.00,0.00
randomArrays,2,189,0.48,0.00,0.00
randomArrays,2,668,2.17,0.00,0.00
randomArrays,2,583,1.34,0.00,0.00
randomArrays,2,489,1.72,0.00,0.00
randomArrays,2,414,0.86,0.00,0.00
randomArrays,2,905,2.48,0.00,0.00
randomArrays,2,742,1.86,0.00,0.00
randomArrays,2,358,0.74,0.00,0.00
randomArrays,2,741,1.88,0.00,0.00
randomArrays,2,470,1.88,0.00,0.00
randomArrays,2,111,0.18,0.00,0.00
randomArrays,2,546,1.44,0.00,0.00
randomArrays,2,591,1.34,0.00,0.00
randomArrays,2,884,4.30,0.00,0.00
randomArrays,2,684,7.05,0.00,0.00
randomArrays,2,975,2.39,0.00,0.00
randomArrays,2,739,1.72,0.00,0.00
randomArrays,2,725,1.71,0.00,0.00
randomArrays,2,893,2.19,0.00,0.00
randomArrays,2,16,0.04,0.00,0.00
randomArrays,2,467,1.00,15.62,0.00
randomArrays,2,307,1.34,0.00,0.00
randomArrays,2,235,0.43,0.00,0.00
randomArrays,2,377,1.72,0.00,0.00
randomArrays,2,448,0.94,0.00,0.00
randomArrays,2,999,3.11,0.00,0.00
randomArrays,2,98,0.21,0.00,0.00
randomArrays,2,456,0.97,0.00,0.00
randomArrays,2,118,0.25,0.00,0.00
randomArrays,2,406,0.83,0.00,0.00
randomArrays,2,33,0.06,0.00,0.00
randomArrays,2,517,1.13,0.00,0.00
randomArrays,2,248,0.47,0.00,0.00
randomArrays,2,61,0.20,0.00,0.00
randomArrays,2,547,1.42,0.00,0.00
randomArrays,2,602,1.38,0.00,0.00
randomArrays,2,579,1.92,0.00,0.00
randomArrays,2,972,2.39,0.00,0.00
randomArrays,2,653,1.73,0.00,0.00
randomArrays,2,866,2.54,0.00,0.00
randomArrays,2,417,0.89,0.00,0.00
randomArrays,2,386,0.82,0.00,0.00
randomArrays,2,349,1.86,15.62,0.00
randomArrays,2,598,1.35,0.00,0.00
randomArrays,2,856,2.32,0.00,0.00
randomArrays,2,152,0.26,0.00,0.00
randomArrays,2,436,2.40,0.00,0.00
randomArrays,2,356,0.71,0.00,0.00
randomArrays,2,598,1.32,15.62,0.00
randomArrays,2,578,1.28,0.00,0.00
randomArrays,2,786,4.05,0.00,0.00
randomArrays,2,124,0.20,0.00,0.00
randomArrays,2,439,0.97,0.00,0.00
randomArrays,2,492,1.06,0.00,0.00
randomArrays,2,207,0.57,0.00,0.00
randomArrays,2,100,0.16,0.00,0.00
randomArrays,2,591,1.47,15.62,0.00
randomArrays,2,397,0.82,0.00,0.00
randomArrays,2,295,0.69,0.00,0.00
randomArrays,2,733,2.62,15.62,0.00
randomArrays,2,231,0.43,0.00,0.00
randomArrays,2,565,1.24,0.00,0.00
randomArrays,2,910,2.31,15.62,0.00
randomArrays,2,74,0.12,0.00,0.00
randomArrays,2,647,1.48,0.00,0.00
randomArrays,2,456,0.99,0.00,0.00
randomArrays,2,954,2.53,0.00,0.00
randomArrays,2,495,1.19,0.00,0.00
randomArrays,2,487,1.59,0.00,0.00
randomArrays,2,559,1.27,0.00,0.00
randomArrays,2,512,1.19,0.00,0.00
randomArrays,2,247,0.49,0.00,0.00
randomArrays,2,219,0.61,0.00,0.00
randomArrays,2,839,2.05,0.00,0.00
randomArrays,2,887,2.60,0.00,0.00
randomArrays,2,942,3.57,0.00,0.00
randomArrays,2,920,3.66,0.00,0.00
randomArrays,2,868,2.66,15.62,0.00
randomArrays,2,25,0.04,0.00,0.00
randomArrays,2,174,0.70,0.00,0.00
randomArrays,2,818,1.95,0.00,0.00
randomArrays,2,660,1.69,0.00,0.00
randomArrays,2,592,1.32,0.00,0.00
randomArrays,2,942,2.44,0.00,0.00
randomArrays,2,962,2.49,0.00,0.00
randomArrays,2,254,0.48,0.00,0.00
randomArrays,2,527,1.39,0.00,0.00
randomArrays,2,786,2.38,0.00,0.00
randomArrays,2,179,0.48,0.00,0.00
randomArrays,2,678,2.20,0.00,0.00
randomArrays,2,950,2.55,0.00,0.00
randomArrays,2,538,1.77,0.00,0.00
randomArrays,2,185,0.51,0.00,0.00
randomArrays,2,689,2.53,0.00,0.00
randomArrays,2,161,0.28,0.00,0.00
randomArrays,2,509,1.34,0.00,0.00
randomArrays,2,376,0.77,0.00,0.00
randomArrays,2,766,1.78,0.00,0.00
randomArrays,2,706,2.17,0.00,0.00
randomArrays,2,644,1.51,0.00,0.00
randomArrays,2,758,1.78,0.00,0.00
randomArrays,2,747,1.73,0.00,0.00
randomArrays,2,349,1.04,15.62,0.00
randomArrays,2,574,2.85,0.00,0.00
randomArrays,2,888,3.76,0.00,0.00
randomArrays,2,235,0.97,0.00,0.00
randomArrays,2,653,4.22,0.00,0.00
randomArrays,2,630,1.47,0.00,0.00
randomArrays,2,76,0.25,0.00,0.00
randomArrays,2,436,3.54,0.00,0.00
randomArrays,2,771,3.04,0.00,0.00
randomArrays,2,217,0.87,0.00,0.00
randomArrays,2,419,2.01,0.00,0.00
randomArrays,2,860,5.48,0.00,0.00
randomArrays,2,288,0.85,0.00,0.00
randomArrays,2,280,1.22,0.00,0.00
randomArrays,2,242,0.46,0.00,0.00
randomArrays,2,602,1.36,0.00,0.00
randomArrays,2,44,0.13,0.00,0.00
randomArrays,2,547,1.22,0.00,0.00
randomArrays,2,860,3.53,0.00,0.00
randomArrays,2,737,1.75,0.00,0.00
randomArrays,2,738,2.73,0.00,0.00
randomArrays,2,725,1.71,0.00,0.00
randomArrays,2,684,2.71,15.62,0.00
randomArrays,2,233,0.96,0.00,0.00
randomArrays,2,342,0.71,0.00,0.00
randomArrays,2,855,2.15,15.62,0.00
randomArrays,2,861,2.37,0.00,0.00
randomArrays,2,566,1.26,0.00,0.00
randomArrays,2,406,0.84,0.00,0.00
randomArrays,2,192,0.76,0.00,0.00
randomArrays,2,850,2.11,0.00,0.00
randomArrays,2,609,3.46,0.00,0.00
randomArrays,2,18,0.03,0.00,0.00
randomArrays,2,482,1.82,0.00,0.00
randomArrays,2,264,0.53,0.00,0.00
randomArrays,2,319,0.64,0.00,0.00
randomArrays,2,252,0.47,0.00,0.00
randomArrays,2,342,0.81,0.00,0.00
randomArrays,2,252,0.47,0.00,0.00
randomArrays,2,205,0.38,0.00,0.00
randomArrays,2,942,2.52,0.00,0.00
randomArrays,2,744,1.87,0.00,0.00
randomArrays,2,537,3.12,0.00,0.00
randomArrays,2,501,1.09,0.00,0.00
randomArrays,2,853,2.07,0.00,0.00
randomArrays,2,341,0.67,0.00,0.00
randomArrays,2,800,2.44,0.00,0.00
randomArrays,2,857,2.90,0.00,0.00
randomArrays,2,427,0.99,0.00,0.00
randomArrays,2,647,1.52,0.00,0.00
randomArrays,2,76,0.26,0.00,0.00
randomArrays,2,677,1.59,0.00,0.00
randomArrays,2,579,1.61,0.00,0.00
randomArrays,2,731,2.45,0.00,0.00
randomArrays,2,704,1.80,0.00,0.00
randomArrays,2,266,0.50,0.00,0.00
randomArrays,2,961,2.50,0.00,0.00
randomArrays,2,263,0.90,0.00,0.00
randomArrays,2,434,0.93,0.00,0.00
randomArrays,2,484,2.55,15.62,0.00
randomArrays,2,163,0.28,0.00,0.00
randomArrays,2,984,3.52,0.00,0.00
randomArrays,2,211,0.38,0.00,0.00
randomArrays,2,185,0.59,0.00,0.00
randomArrays,2,467,1.17,0.00,0.00
randomArrays,2,214,0.39,0.00,0.00
randomArrays,2,35,0.05,0.00,0.00
randomArrays,2,141,0.28,0.00,0.00
randomArrays,2,559,1.23,0.00,0.00
randomArrays,2,706,1.62,0.00,0.00
randomArrays,2,68,0.11,0.00,0.00
randomArrays,2,12,0.02,0.00,0.00
randomArrays,2,405,0.84,0.00,0.00
randomArrays,2,288,0.55,0.00,0.00
randomArrays,2,955,3.35,0.00,0.00
randomArrays,2,50,0.07,0.00,0.00
randomArrays,2,752,2.08,15.62,0.00
randomArrays,2,695,2.78,0.00,0.00
randomArrays,2,186,0.45,0.00,0.00
randomArrays,2,737,1.73,0.00,0.00
randomArrays,2,948,2.31,0.00,0.00
randomArrays,2,151,0.27,0.00,0.00
randomArrays,2,46,0.07,0.00,0.00
randomArrays,2,968,2.76,0.00,0.00
randomArrays,2,333,0.66,0.00,0.00
randomArrays,2,189,0.54,0.00,0.00
randomArrays,2,190,0.34,0.00,0.00
randomArrays,2,589,1.38,0.00,0.00
randomArrays,2,230,0.42,0.00,0.00
randomArrays,2,535,1.79,0.00,0.00
randomArrays,2,189,0.34,0.00,0.00
randomArrays,2,948,2.90,0.00,0.00
randomArrays,2,834,2.58,0.00,0.00
randomArrays,2,273,0.65,0.00,0.00
randomArrays,2,773,2.57,15.62,0.00
randomArrays,2,342,0.72,0.00,0.00
randomArrays,2,995,2.48,0.00,0.00
randomArrays,2,221,0.40,0.00,0.00
randomArrays,2,519,1.42,0.00,0.00
randomArrays,2,479,1.04,0.00,0.00
randomArrays,2,155,0.27,0.00,0.00
randomArrays,2,756,1.92,0.00,0.00
randomArrays,2,658,1.51,0.00,0.00
randomArrays,2,213,0.60,0.00,0.00
randomArrays,2,467,1.00,0.00,0.00
randomArrays,2,191,0.40,0.00,0.00
randomArrays,2,744,3.08,0.00,0.00
randomArrays,2,122,0.20,0.00,0.00
randomArrays,2,178,0.31,0.00,0.00
randomArrays,2,760,1.85,0.00,0.00
randomArrays,2,524,1.14,0.00,0.00
randomArrays,2,264,0.52,0.00,0.00
randomArrays,2,733,3.26,0.00,0.00
randomArrays,2,759,2.89,0.00,0.00
randomArrays,2,177,0.43,0.00,0.00
randomArrays,2,53,0.08,0.00,0.00
randomArrays,2,429,0.94,0.00,0.00
randomArrays,2,508,1.14,15.62,0.00
randomArrays,2,919,2.35,0.00,0.00
randomArrays,2,412,0.85,0.00,0.00
randomArrays,2,503,1.10,0.00,0.00
randomArrays,2,115,0.19,0.00,0.00
randomArrays,2,851,2.66,0.00,0.00
randomArrays,2,848,2.26,0.00,0.00
randomArrays,2,652,2.02,0.00,0.00
randomArrays,2,693,1.62,0.00,0.00
randomArrays,2,662,1.62,0.00,0.00
randomArrays,2,815,2.55,15.62,0.00
randomArrays,2,679,2.15,0.00,0.00
randomArrays,2,141,0.67,0.00,0.00
randomArrays,2,458,1.85,15.62,0.00
randomArrays,2,378,1.19,0.00,0.00
randomArrays,2,662,2.10,0.00,0.00
randomArrays,2,809,1.90,0.00,0.00
randomArrays,2,960,2.56,0.00,0.00
randomArrays,2,454,1.46,0.00,0.00
randomArrays,2,513,2.22,0.00,0.00
randomArrays,2,965,2.58,0.00,0.00
randomArrays,2,855,2.09,0.00,0.00
randomArrays,2,257,0.48,0.00,0.00
randomArrays,2,932,2.79,0.00,0.00
randomArrays,2,112,0.18,0.00,0.00
randomArrays,2,264,0.50,0.00,0.00
randomArrays,2,404,0.85,0.00,0.00
randomArrays,2,830,2.01,0.00,0.00
randomArrays,2,115,0.19,0.00,0.00
randomArrays,2,906,3.48,0.00,0.00
randomArrays,3,469,1.00,0.00,0.00
randomArrays,3,783,4.05,0.00,0.00
randomArrays,3,464,1.07,0.00,0.00
randomArrays,3,267,0.75,0.00,0.00
randomArrays,3,828,2.59,0.00,0.00
randomArrays,3,607,4.97,0.00,0.00
randomArrays,3,319,0.91,15.62,0.00
randomArrays,3,431,0.92,0.00,0.00
randomArrays,3,941,2.36,0.00,0.00
randomArrays,3,937,4.15,0.00,0.00
randomArrays,3,619,1.42,0.00,0.00
randomArrays,3,370,0.76,0.00,0.00
randomArrays,3,478,1.02,0.00,0.00
randomArrays,3,107,0.18,0.00,0.00
randomArrays,3,910,2.42,0.00,0.00
randomArrays,3,381,0.79,0.00,0.00
randomArrays,3,699,2.58,0.00,0.00
randomArrays,3,452,1.59,0.00,0.00
randomArrays,3,882,2.35,0.00,0.00
randomArrays,3,697,2.43,0.00,0.00
randomArrays,3,39,0.08,0.00,0.00
randomArrays,3,382,0.81,0.00,0.00
randomArrays,3,980,2.42,0.00,0.00
randomArrays,3,202,0.47,0.00,0.00
randomArrays,3,674,3.66,0.00,0.00
randomArrays,3,184,0.35,0.00,0.00
randomArrays,3,853,2.50,0.00,0.00
randomArrays,3,101,0.36,0.00,0.00
randomArrays,3,329,0.94,0.00,0.00
randomArrays,3,837,3.07,15.62,0.00
randomArrays,3,952,2.41,0.00,0.00
randomArrays,3,676,1.68,0.00,0.00
randomArrays,3,248,0.46,0.00,0.00
randomArrays,3,845,2.95,0.00,0.00
randomArrays,3,707,2.93,0.00,0.00
randomArrays,3,458,0.97,0.00,0.00
randomArrays,3,219,0.40,0.00,0.00
randomArrays,3,268,0.51,0.00,0.00
randomArrays,3,201,0.36,0.00,0.00
randomArrays,3,520,1.26,0.00,0.00
randomArrays,3,832,1.97,0.00,0.00
randomArrays,3,800,1.89,0.00,0.00
randomArrays,3,753,1.84,0.00,0.00
randomArrays,3,286,0.94,0.00,0.00
randomArrays,3,841,2.20,0.00,0.00
randomArrays,3,240,1.04,0.00,0.00
randomArrays,3,370,0.82,0.00,0.00
randomArrays,3,287,0.55,0.00,0.00
randomArrays,3,89,0.17,0.00,0.00
randomArrays,3,881,2.34,15.62,0.00
randomArrays,3,187,0.51,0.00,0.00
randomArrays,3,373,0.75,0.00,0.00
randomArrays,3,194,0.42,0.00,0.00
randomArrays,3,382,0.81,0.00,0.00
randomArrays,3,826,2.58,0.00,0.00
randomArrays,3,781,2.04,0.00,0.00
randomArrays,3,814,2.08,0.00,0.00
randomArrays,3,525,1.32,0.00,0.00
randomArrays,3,136,0.66,0.00,0.00
randomArrays,3,454,1.48,0.00,0.00
randomArrays,3,563,1.51,0.00,0.00
randomArrays,3,226,0.41,0.00,0.00
randomArrays,3,345,0.69,0.00,0.00
randomArrays,3,514,1.80,0.00,0.00
randomArrays,3,871,2.51,0.00,0.00
randomArrays,3,939,3.54,15.62,0.00
randomArrays,3,397,0.83,0.00,0.00
randomArrays,3,429,0.92,0.00,0.00
randomArrays,3,421,0.87,0.00,0.00
randomArrays,3,747,2.02,0.00,0.00
randomArrays,3,19,0.03,0.00,0.00
randomArrays,3,74,0.17,0.00,0.00
randomArrays,3,259,0.48,0.00,0.00
randomArrays,3,846,2.03,15.62,0.00
randomArrays,3,789,1.87,0.00,0.00
randomArrays,3,671,3.26,0.00,0.00
randomArrays,3,368,0.78,0.00,0.00
randomArrays,3,448,0.96,0.00,0.00
randomArrays,3,237,0.55,0.00,0.00
randomArrays,3,627,1.42,0.00,0.00
randomArrays,3,584,1.29,0.00,0.00
randomArrays,3,328,0.65,0.00,0.00
randomArrays,3,606,1.38,0.00,0.00
randomArrays,3,563,1.36,0.00,0.00
randomArrays,3,774,1.82,0.00,0.00
randomArrays,3,206,0.37,0.00,0.00
randomArrays,3,907,2.17,0.00,0.00
randomArrays,3,37,0.08,0.00,0.00
randomArrays,3,878,2.12,15.62,0.00
randomArrays,3,284,0.62,0.00,0.00
randomArrays,3,853,2.04,0.00,0.00
randomArrays,3,247,0.62,0.00,0.00
randomArrays,3,241,0.46,0.00,0.00
randomArrays,3,348,0.70,0.00,0.00
randomArrays,3,814,2.37,0.00,0.00
randomArrays,3,245,0.47,0.00,0.00
randomArrays,3,335,0.78,0.00,0.00
randomArrays,3,497,1.07,0.00,0.00
randomArrays,3,280,0.77,0.00,0.00
randomArrays,3,664,1.51,0.00,0.00
randomArrays,3,523,1.77,0.00,0.00
randomArrays,3,841,2.12,15.62,0.00
randomArrays,3,290,0.56,0.00,0.00
randomArrays,3,158,0.55,0.00,0.00
randomArrays,3,783,1.85,0.00,0.00
randomArrays,3,638,10.06,0.00,0.00
randomArrays,3,314,0.62,0.00,0.00
randomArrays,3,484,1.08,0.00,0.00
randomArrays,3,972,2.42,0.00,0.00
randomArrays,3,652,1.85,0.00,0.00
randomArrays,3,543,1.20,0.00,0.00
randomArrays,3,487,1.06,0.00,0.00
randomArrays,3,686,1.57,0.00,0.00
randomArrays,3,183,0.32,0.00,0.00
randomArrays,3,572,1.69,15.62,0.00
randomArrays,3,747,1.93,0.00,0.00
randomArrays,3,780,1.84,0.00,0.00
randomArrays,3,828,2.03,0.00,0.00
randomArrays,3,591,1.33,0.00,0.00
randomArrays,3,415,0.86,0.00,0.00
randomArrays,3,648,1.48,0.00,0.00
randomArrays,3,204,0.37,0.00,0.00
randomArrays,3,510,1.09,0.00,0.00
randomArrays,3,422,0.89,0.00,0.00
randomArrays,3,541,1.23,0.00,0.00
randomArrays,3,875,2.09,0.00,0.00
randomArrays,3,742,2.07,15.62,0.00
randomArrays,3,384,0.80,0.00,0.00
randomArrays,3,266,0.52,0.00,0.00
randomArrays,3,137,0.22,0.00,0.00
randomArrays,3,970,2.47,0.00,0.00
randomArrays,3,685,1.90,0.00,0.00
randomArrays,3,665,1.57,0.00,0.00
randomArrays,3,319,1.49,0.00,0.00
randomArrays,3,808,2.60,0.00,0.00
randomArrays,3,143,0.34,0.00,0.00
randomArrays,3,147,0.31,0.00,0.00
randomArrays,3,929,3.11,0.00,0.00
randomArrays,3,906,2.95,15.62,0.00
randomArrays,3,425,0.90,0.00,0.00
randomArrays,3,736,2.18,0.00,0.00
randomArrays,3,65,0.10,0.00,0.00
randomArrays,3,305,1.11,0.00,0.00
randomArrays,3,194,0.34,0.00,0.00
randomArrays,3,545,1.54,0.00,0.00
randomArrays,3,49,0.11,0.00,0.00
randomArrays,3,731,2.11,15.62,0.00
randomArrays,3,712,2.21,0.00,0.00
randomArrays,3,732,1.73,0.00,0.00
randomArrays,3,57,0.09,0.00,0.00
randomArrays,3,983,2.79,0.00,0.00
randomArrays,3,345,0.89,0.00,0.00
randomArrays,3,152,0.26,0.00,0.00
randomArrays,3,963,3.61,0.00,0.00
randomArrays,3,544,1.20,0.00,0.00
randomArrays,3,870,2.17,0.00,0.00
randomArrays,3,557,1.52,15.62,0.00
randomArrays,3,168,0.30,0.00,0.00
randomArrays,3,373,0.79,0.00,0.00
randomArrays,3,416,1.07,0.00,0.00
randomArrays,3,942,2.69,0.00,0.00
randomArrays,3,966,2.90,0.00,0.00
randomArrays,3,363,0.74,0.00,0.00
randomArrays,3,955,2.35,0.00,0.00
randomArrays,3,626,3.05,0.00,0.00
randomArrays,3,948,2.38,0.00,0.00
randomArrays,3,193,0.35,0.00,0.00
randomArrays,3,361,1.24,0.00,0.00
randomArrays,3,195,0.36,0.00,0.00
randomArrays,3,905,2.51,0.00,0.00
randomArrays,3,105,0.17,0.00,0.00
randomArrays,3,750,1.98,0.00,0.00
randomArrays,3,565,1.28,0.00,0.00
randomArrays,3,538,1.22,0.00,0.00
randomArrays,3,488,1.07,0.00,0.00
randomArrays,3,30,0.04,0.00,0.00
randomArrays,3,554,1.54,0.00,0.00
randomArrays,3,407,0.85,0.00,0.00
randomArrays,3,958,2.44,0.00,0.00
randomArrays,3,137,0.23,0.00,0.00
randomArrays,3,101,0.16,0.00,0.00
randomArrays,3,633,1.58,0.00,0.00
randomArrays,3,44,0.08,0.00,0.00
randomArrays,3,738,1.71,0.00,0.00
randomArrays,3,763,3.23,0.00,0.00
randomArrays,3,319,0.77,0.00,0.00
randomArrays,3,682,1.69,0.00,0.00
randomArrays,3,820,2.05,0.00,0.00
randomArrays,3,896,5.21,0.00,0.00
randomArrays,3,712,3.14,0.00,0.00
randomArrays,3,554,1.46,0.00,0.00
randomArrays,3,940,2.43,0.00,0.00
randomArrays,3,787,1.87,15.62,0.00
randomArrays,3,255,0.47,0.00,0.00
randomArrays,3,135,0.28,0.00,0.00
randomArrays,3,546,1.60,0.00,0.00
randomArrays,3,643,3.31,0.00,0.00
randomArrays,3,197,0.35,0.00,0.00
randomArrays,3,643,4.03,0.00,0.00
randomArrays,3,858,2.42,0.00,0.00
randomArrays,3,134,0.37,0.00,0.00
randomArrays,3,133,0.23,0.00,0.00
randomArrays,3,317,0.69,0.00,0.00
randomArrays,3,312,0.63,0.00,0.00
randomArrays,3,160,0.47,0.00,0.00
randomArrays,3,838,2.58,0.00,0.00
randomArrays,3,316,0.65,0.00,0.00
randomArrays,3,111,0.18,0.00,0.00
randomArrays,3,530,1.16,0.00,0.00
randomArrays,3,827,2.52,15.62,0.00
randomArrays,3,994,2.47,0.00,0.00
randomArrays,3,348,0.70,0.00,0.00
randomArrays,3,652,1.49,0.00,0.00
randomArrays,3,339,1.56,0.00,0.00
randomArrays,3,908,2.21,15.62,0.00
randomArrays,3,655,1.50,0.00,0.00
randomArrays,3,899,2.51,0.00,0.00
randomArrays,3,377,1.30,0.00,0.00
randomArrays,3,793,1.95,0.00,0.00
randomArrays,3,12,0.02,0.00,0.00
randomArrays,3,236,0.45,0.00,0.00
randomArrays,3,851,3.02,0.00,0.00
randomArrays,3,462,1.20,0.00,0.00
randomArrays,3,49,0.07,0.00,0.00
randomArrays,3,649,2.03,0.00,0.00
randomArrays,3,299,0.57,0.00,0.00
randomArrays,3,796,1.88,0.00,0.00
randomArrays,3,227,0.60,0.00,0.00
randomArrays,3,929,2.78,15.62,0.00
randomArrays,3,166,0.29,0.00,0.00
randomArrays,3,277,0.52,0.00,0.00
randomArrays,3,179,0.32,0.00,0.00
randomArrays,3,809,1.99,0.00,0.00
randomArrays,3,232,0.89,0.00,0.00
randomArrays,3,247,0.45,0.00,0.00
randomArrays,3,99,0.35,0.00,0.00
randomArrays,3,649,1.48,0.00,0.00
randomArrays,3,15,0.02,0.00,0.00
randomArrays,3,646,1.47,15.62,0.00
randomArrays,3,463,0.98,0.00,0.00
randomArrays,3,587,1.30,0.00,0.00
randomArrays,3,898,2.34,15.62,0.00
randomArrays,3,643,1.49,0.00,0.00
randomArrays,3,840,2.22,0.00,0.00
randomArrays,3,708,1.62,0.00,0.00
randomArrays,3,214,1.10,0.00,0.00
randomArrays,3,565,2.28,0.00,0.00
randomArrays,3,157,0.77,0.00,0.00
randomArrays,3,265,0.73,0.00,0.00
randomArrays,3,171,0.53,0.00,0.00
randomArrays,3,136,0.49,0.00,0.00
randomArrays,3,290,0.56,0.00,0.00
randomArrays,3,96,0.15,0.00,0.00
randomArrays,3,11,0.02,0.00,0.00
randomArrays,3,311,0.63,0.00,0.00
randomArrays,3,566,1.26,0.00,0.00
randomArrays,3,328,0.65,0.00,0.00
randomArrays,3,358,0.75,0.00,0.00
randomArrays,3,674,2.05,0.00,0.00
randomArrays,3,490,1.06,0.00,0.00
randomArrays,3,36,0.05,0.00,0.00
randomArrays,3,408,0.84,0.00,0.00
randomArrays,3,49,0.07,0.00,0.00
randomArrays,3,581,1.29,0.00,0.00
randomArrays,3,879,2.17,0.00,0.00
randomArrays,3,61,0.11,0.00,0.00
randomArrays,3,656,2.10,0.00,0.00
randomArrays,3,411,0.85,0.00,0.00
randomArrays,3,361,1.05,0.00,0.00
randomArrays,3,994,2.41,0.00,0.00
randomArrays,3,416,0.91,0.00,0.00
randomArrays,3,966,2.71,15.62,0.00
randomArrays,3,92,0.31,0.00,0.00
randomArrays,3,429,2.17,0.00,0.00
randomArrays,3,658,1.65,0.00,0.00
randomArrays,3,877,2.17,0.00,0.00
randomArrays,3,780,1.90,0.00,0.00
randomArrays,3,669,1.76,0.00,0.00
randomArrays,3,394,1.94,0.00,0.00
randomArrays,3,892,2.13,0.00,0.00
randomArrays,3,180,0.32,0.00,0.00
randomArrays,3,829,1.98,0.00,0.00
randomArrays,3,255,0.47,0.00,0.00
randomArrays,3,374,0.97,0.00,0.00
randomArrays,3,37,0.11,0.00,0.00
randomArrays,3,919,3.33,0.00,0.00
randomArrays,3,850,2.57,15.62,0.00
randomArrays,3,930,2.43,0.00,0.00
randomArrays,3,419,0.88,0.00,0.00
randomArrays,3,720,2.18,0.00,0.00
randomArrays,3,378,0.77,0.00,0.00
randomArrays,3,815,1.92,0.00,0.00
randomArrays,3,566,1.41,0.00,0.00
randomArrays,3,623,2.79,0.00,0.00
randomArrays,3,597,1.49,0.00,0.00
randomArrays,3,148,0.26,0.00,0.00
randomArrays,3,580,1.75,0.00,0.00
randomArrays,3,244,0.45,0.00,0.00
randomArrays,3,703,1.66,15.62,0.00
randomArrays,3,743,1.72,0.00,0.00
randomArrays,3,923,2.53,0.00,0.00
randomArrays,3,284,0.55,0.00,0.00
randomArrays,3,35,0.05,0.00,0.00
randomArrays,3,941,3.55,0.00,0.00
randomArrays,3,39,0.06,0.00,0.00
randomArrays,3,276,0.86,0.00,0.00
randomArrays,3,494,1.06,0.00,0.00
randomArrays,3,547,1.34,0.00,0.00
randomArrays,3,837,1.99,0.00,0.00
randomArrays,3,183,0.32,0.00,0.00
randomArrays,3,360,0.75,0.00,0.00
randomArrays,3,627,1.84,0.00,0.00
randomArrays,3,833,2.37,0.00,0.00
randomArrays,3,491,1.04,15.62,0.00
randomArrays,3,623,1.70,0.00,0.00
randomArrays,3,850,3.08,0.00,0.00
randomArrays,3,35,0.05,0.00,0.00
randomArrays,3,584,1.43,0.00,0.00
randomArrays,3,34,0.05,0.00,0.00
randomArrays,3,335,0.72,0.00,0.00
randomArrays,3,145,0.25,0.00,0.00
randomArrays,3,61,0.09,0.00,0.00
randomArrays,3,88,0.14,0.00,0.00
randomArrays,3,442,0.93,0.00,0.00
randomArrays,3,729,1.69,0.00,0.00
randomArrays,3,312,0.61,0.00,0.00
randomArrays,3,620,1.41,15.62,0.00
randomArrays,3,77,0.26,0.00,0.00
randomArrays,3,784,1.84,0.00,0.00
randomArrays,3,720,2.06,15.62,0.00
randomArrays,3,796,1.87,0.00,0.00
randomArrays,3,81,0.14,0.00,0.00
randomArrays,3,900,2.89,0.00,0.00
randomArrays,3,570,1.29,0.00,0.00
randomArrays,3,749,2.04,0.00,0.00
randomArrays,3,723,1.68,0.00,0.00
randomArrays,3,54,0.14,0.00,0.00
randomArrays,3,261,0.60,0.00,0.00
randomArrays,3,831,2.42,0.00,0.00
randomArrays,3,133,0.22,0.00,0.00
randomArrays,3,165,0.33,0.00,0.00
randomArrays,3,441,0.94,0.00,0.00
randomArrays,3,782,1.84,0.00,0.00
randomArrays,3,384,2.31,0.00,0.00
randomArrays,3,283,0.55,0.00,0.00
randomArrays,3,71,0.17,0.00,0.00
randomArrays,3,374,0.76,0.00,0.00
randomArrays,3,204,0.37,0.00,0.00
randomArrays,3,437,0.94,0.00,0.00
randomArrays,3,662,1.51,0.00,0.00
randomArrays,3,821,1.93,0.00,0.00
randomArrays,3,198,0.35,0.00,0.00
randomArrays,3,776,2.27,0.00,0.00
randomArrays,3,124,0.20,0.00,0.00
randomArrays,3,202,0.46,0.00,0.00
randomArrays,3,806,2.05,0.00,0.00
randomArrays,3,448,0.95,0.00,0.00
randomArrays,3,383,1.28,0.00,0.00
randomArrays,3,992,2.43,0.00,0.00
randomArrays,3,714,1.65,0.00,0.00
randomArrays,3,528,2.89,0.00,0.00
randomArrays,3,137,0.23,0.00,0.00
randomArrays,3,122,0.20,0.00,0.00
randomArrays,3,883,2.12,0.00,0.00
randomArrays,3,614,1.37,0.00,0.00
randomArrays,3,841,2.38,0.00,0.00
randomArrays,3,471,1.01,0.00,0.00
randomArrays,3,871,2.16,0.00,0.00
randomArrays,3,938,2.42,0.00,0.00
randomArrays,3,238,0.67,0.00,0.00
randomArrays,3,772,1.82,15.62,0.00
randomArrays,3,334,0.73,0.00,0.00
randomArrays,3,274,0.70,0.00,0.00
randomArrays,3,385,1.16,0.00,0.00
randomArrays,3,455,0.98,0.00,0.00
randomArrays,3,202,0.59,0.00,0.00
randomArrays,3,349,1.04,15.62,0.00
randomArrays,3,170,0.52,0.00,0.00
randomArrays,3,365,1.50,0.00,0.00
randomArrays,3,921,2.28,15.62,0.00
randomArrays,3,368,0.74,0.00,0.00
randomArrays,3,851,4.57,0.00,0.00
randomArrays,3,736,3.79,0.00,0.00
randomArrays,3,64,0.27,0.00,0.00
randomArrays,3,371,1.74,0.00,0.00
randomArrays,3,962,3.80,0.00,0.00
randomArrays,3,758,4.03,0.00,0.00
randomArrays,3,565,1.42,0.00,0.00
randomArrays,3,246,1.08,0.00,0.00
randomArrays,3,390,1.04,0.00,0.00
randomArrays,3,833,1.99,0.00,0.00
randomArrays,3,359,0.78,0.00,0.00
randomArrays,3,647,3.10,0.00,0.00
randomArrays,3,830,2.02,0.00,0.00
randomArrays,3,790,3.54,0.00,0.00
randomArrays,3,789,2.35,0.00,0.00
randomArrays,3,33,0.05,0.00,0.00
randomArrays,3,324,0.67,0.00,0.00
randomArrays,3,460,1.02,0.00,0.00
randomArrays,3,660,1.69,0.00,0.00
randomArrays,3,553,1.24,0.00,0.00
randomArrays,3,181,0.33,0.00,0.00
randomArrays,3,106,0.17,0.00,0.00
randomArrays,3,198,0.77,0.00,0.00
randomArrays,3,795,2.14,0.00,0.00
randomArrays,3,149,0.56,0.00,0.00
randomArrays,3,42,0.06,0.00,0.00
randomArrays,3,538,1.17,0.00,0.00
randomArrays,3,405,0.90,0.00,0.00
randomArrays,3,741,1.73,0.00,0.00
randomArrays,3,88,0.18,0.00,0.00
randomArrays,3,896,2.15,0.00,0.00
randomArrays,3,574,1.79,0.00,0.00
randomArrays,3,34,0.05,0.00,0.00
randomArrays,3,83,0.18,0.00,0.00
randomArrays,3,311,0.61,0.00,0.00
randomArrays,3,168,0.44,0.00,0.00
randomArrays,3,720,1.66,0.00,0.00
randomArrays,3,499,1.09,0.00,0.00
randomArrays,3,280,0.58,0.00,0.00
randomArrays,3,960,2.50,0.00,0.00
randomArrays,3,351,0.71,0.00,0.00
randomArrays,3,840,2.64,0.00,0.00
randomArrays,3,826,2.42,0.00,0.00
randomArrays,3,780,3.33,0.00,0.00
randomArrays,3,592,1.32,0.00,0.00
randomArrays,3,601,1.40,0.00,0.00
randomArrays,3,924,3.53,0.00,0.00
randomArrays,3,630,1.43,15.62,0.00
randomArrays,3,738,1.75,0.00,0.00
randomArrays,3,43,0.14,0.00,0.00
randomArrays,3,546,1.21,0.00,0.00
randomArrays,3,118,0.28,0.00,0.00
randomArrays,3,812,2.10,0.00,0.00
randomArrays,3,636,1.45,0.00,0.00
randomArrays,3,253,0.50,0.00,0.00
randomArrays,3,443,0.93,0.00,0.00
randomArrays,3,292,0.75,0.00,0.00
randomArrays,3,723,1.68,0.00,0.00
randomArrays,3,398,0.82,0.00,0.00
randomArrays,3,368,0.78,0.00,0.00
randomArrays,3,534,1.16,0.00,0.00
randomArrays,3,899,3.03,15.62,0.00
randomArrays,3,137,0.23,0.00,0.00
randomArrays,3,187,0.72,0.00,0.00
randomArrays,3,164,0.28,0.00,0.00
randomArrays,3,735,2.42,0.00,0.00
randomArrays,3,524,1.15,0.00,0.00
randomArrays,3,512,1.13,0.00,0.00
randomArrays,3,15,0.03,0.00,0.00
randomArrays,3,737,1.86,0.00,0.00
randomArrays,3,616,1.39,0.00,0.00
randomArrays,3,349,0.70,0.00,0.00
randomArrays,3,645,1.93,0.00,0.00
randomArrays,3,502,1.62,0.00,0.00
randomArrays,3,932,3.43,0.00,0.00
randomArrays,3,778,2.31,0.00,0.00
randomArrays,3,126,0.21,0.00,0.00
randomArrays,3,836,2.13,0.00,0.00
randomArrays,3,911,4.18,0.00,0.00
randomArrays,3,265,0.86,0.00,0.00
randomArrays,3,694,2.21,15.62,0.00
randomArrays,3,188,0.33,0.00,0.00
randomArrays,3,282,1.21,0.00,0.00
randomArrays,3,347,0.69,0.00,0.00
randomArrays,3,768,3.20,0.00,0.00
randomArrays,3,778,4.27,15.62,0.00
randomArrays,3,549,2.69,0.00,0.00
randomArrays,3,12,0.02,0.00,0.00
randomArrays,3,336,1.81,15.62,0.00
randomArrays,3,949,2.30,0.00,0.00
randomArrays,3,179,0.78,0.00,0.00
randomArrays,3,634,2.62,0.00,0.00
randomArrays,3,38,0.08,0.00,0.00
randomArrays,3,123,0.21,0.00,0.00
randomArrays,3,282,0.74,0.00,0.00
randomArrays,3,452,0.98,0.00,0.00
randomArrays,3,217,0.39,0.00,0.00
randomArrays,3,629,1.45,0.00,0.00
randomArrays,3,275,0.57,0.00,0.00
randomArrays,3,66,0.27,0.00,0.00
randomArrays,3,308,0.83,0.00,0.00
randomArrays,3,809,3.73,0.00,0.00
randomArrays,3,634,1.46,0.00,0.00
randomArrays,3,478,1.03,0.00,0.00
randomArrays,3,336,1.02,0.00,0.00
randomArrays,3,672,1.61,0.00,0.00
randomArrays,3,583,1.29,0.00,0.00
randomArrays,3,413,1.25,0.00,0.00
randomArrays,3,683,1.58,0.00,0.00
randomArrays,3,463,1.27,0.00,0.00
randomArrays,3,267,0.52,0.00,0.00
randomArrays,3,73,0.12,0.00,0.00
randomArrays,3,641,1.51,0.00,0.00
randomArrays,3,827,2.47,0.00,0.00
randomArrays,3,864,2.13,0.00,0.00
randomArrays,3,672,2.28,0.00,0.00
randomArrays,3,948,2.33,0.00,0.00
randomArrays,3,523,1.15,0.00,0.00
randomArrays,3,113,0.19,0.00,0.00
randomArrays,3,855,3.11,0.00,0.00
randomArrays,3,764,1.78,0.00,0.00
randomArrays,3,559,1.97,0.00,0.00
randomArrays,3,256,0.47,0.00,0.00
randomArrays,3,861,2.21,0.00,0.00
randomArrays,3,215,0.40,0.00,0.00
randomArrays,3,610,1.69,0.00,0.00
randomArrays,3,133,0.22,0.00,0.00
randomArrays,3,721,1.67,0.00,0.00
randomArrays,3,826,2.20,0.00,0.00
randomArrays,3,732,1.70,15.62,0.00
randomArrays,3,218,0.49,0.00,0.00
randomArrays,3,897,2.59,0.00,0.00
randomArrays,3,95,0.15,0.00,0.00
randomArrays,3,596,2.37,0.00,0.00
randomArrays,3,333,0.67,0.00,0.00
randomArrays,3,139,0.25,0.00,0.00
randomArrays,3,90,0.14,0.00,0.00
randomArrays,3,724,1.72,0.00,0.00
randomArrays,3,24,0.04,0.00,0.00
randomArrays,3,182,0.32,0.00,0.00
randomArrays,3,440,1.09,0.00,0.00
randomArrays,3,521,1.14,0.00,0.00
randomArrays,3,653,1.49,0.00,0.00
randomArrays,3,422,1.07,15.62,0.00
randomArrays,3,919,3.96,0.00,0.00
randomArrays,3,399,0.83,0.00,0.00
randomArrays,3,148,0.55,0.00,0.00
randomArrays,3,651,1.50,0.00,0.00
randomArrays,3,953,2.46,0.00,0.00
randomArrays,3,205,0.37,0.00,0.00
randomArrays,3,713,2.72,0.00,0.00
randomArrays,3,335,0.68,0.00,0.00
randomArrays,3,800,2.05,0.00,0.00
randomArrays,3,263,0.71,0.00,0.00
randomArrays,3,305,0.78,0.00,0.00
randomArrays,3,772,1.81,15.62,0.00
randomArrays,3,760,1.76,0.00,0.00
randomArrays,3,985,2.64,0.00,0.00
randomArrays,3,468,1.00,0.00,0.00
randomArrays,3,542,1.27,0.00,0.00
randomArrays,3,137,0.28,0.00,0.00
randomArrays,3,877,2.35,0.00,0.00
randomArrays,3,407,1.72,0.00,0.00
randomArrays,3,13,0.02,0.00,0.00
randomArrays,3,857,2.06,0.00,0.00
randomArrays,3,961,2.46,15.62,0.00
randomArrays,3,963,2.36,0.00,0.00
randomArrays,3,792,1.92,0.00,0.00
randomArrays,3,190,0.75,0.00,0.00
randomArrays,3,859,2.78,0.00,0.00
randomArrays,3,989,2.48,0.00,0.00
randomArrays,3,816,5.23,0.00,0.00
randomArrays,3,950,2.47,0.00,0.00
randomArrays,3,241,0.44,0.00,0.00
randomArrays,3,957,3.03,0.00,0.00
randomArrays,3,155,0.28,0.00,0.00
randomArrays,3,625,1.53,15.62,0.00
randomArrays,3,573,1.36,0.00,0.00
randomArrays,3,278,0.53,0.00,0.00
randomArrays,3,67,0.10,0.00,0.00
randomArrays,3,785,1.84,0.00,0.00
randomArrays,3,576,1.28,0.00,0.00
randomArrays,3,949,3.48,15.62,0.00
randomArrays,3,274,0.78,0.00,0.00
randomArrays,3,827,1.95,0.00,0.00
randomArrays,3,246,0.48,0.00,0.00
randomArrays,3,497,1.16,0.00,0.00
randomArrays,3,98,0.21,0.00,0.00
randomArrays,3,87,0.14,0.00,0.00
randomArrays,3,362,1.20,0.00,0.00
randomArrays,3,748,3.01,0.00,0.00
randomArrays,3,553,1.89,0.00,0.00
randomArrays,3,931,2.42,15.62,0.00
randomArrays,3,24,0.05,0.00,0.00
randomArrays,3,836,1.99,0.00,0.00
randomArrays,3,524,1.16,0.00,0.00
randomArrays,3,286,0.68,0.00,0.00
randomArrays,3,379,0.83,0.00,0.00
randomArrays,3,654,1.52,0.00,0.00
randomArrays,3,795,1.94,0.00,0.00
randomArrays,3,335,0.68,0.00,0.00
randomArrays,3,218,0.90,0.00,0.00
randomArrays,3,390,0.86,0.00,0.00
randomArrays,3,80,0.12,0.00,0.00
randomArrays,3,602,3.36,0.00,0.00
randomArrays,3,687,1.57,0.00,0.00
randomArrays,3,573,1.35,0.00,0.00
randomArrays,3,857,2.18,0.00,0.00
randomArrays,3,484,1.49,0.00,0.00
randomArrays,3,633,2.20,0.00,0.00
randomArrays,3,393,0.81,0.00,0.00
randomArrays,3,953,2.31,0.00,0.00
randomArrays,3,718,2.32,0.00,0.00
randomArrays,3,330,0.74,0.00,0.00
randomArrays,3,273,0.52,0.00,0.00
randomArrays,3,323,0.65,0.00,0.00
randomArrays,3,971,4.12,0.00,0.00
randomArrays,3,156,0.34,0.00,0.00
randomArrays,3,971,2.37,15.62,0.00
randomArrays,3,202,0.47,0.00,0.00
randomArrays,3,201,0.36,0.00,0.00
randomArrays,3,230,0.59,0.00,0.00
randomArrays,3,953,3.67,0.00,0.00
randomArrays,3,399,1.50,0.00,0.00
randomArrays,3,354,0.72,0.00,0.00
randomArrays,3,334,0.67,0.00,0.00
randomArrays,3,538,1.18,0.00,0.00
randomArrays,3,238,0.44,0.00,0.00
randomArrays,3,415,0.87,0.00,0.00
randomArrays,3,498,1.55,0.00,0.00
randomArrays,3,193,0.52,0.00,0.00
randomArrays,3,125,0.21,0.00,0.00
randomArrays,3,100,0.16,0.00,0.00
randomArrays,3,742,1.74,0.00,0.00
randomArrays,3,588,1.53,0.00,0.00
randomArrays,3,355,0.73,0.00,0.00
randomArrays,3,923,2.29,0.00,0.00
randomArrays,3,167,0.29,0.00,0.00
randomArrays,3,518,1.33,0.00,0.00
randomArrays,3,649,1.86,0.00,0.00
randomArrays,3,280,0.53,0.00,0.00
randomArrays,3,842,2.01,0.00,0.00
randomArrays,3,586,1.45,15.62,0.00
randomArrays,3,519,1.12,0.00,0.00
randomArrays,3,112,0.27,0.00,0.00
randomArrays,3,320,1.80,0.00,0.00
randomArrays,3,955,2.53,0.00,0.00
randomArrays,3,61,0.09,0.00,0.00
randomArrays,3,709,3.48,0.00,0.00
randomArrays,3,671,1.53,0.00,0.00
randomArrays,3,437,0.98,0.00,0.00
randomArrays,3,917,2.21,0.00,0.00
randomArrays,3,499,1.14,0.00,0.00
randomArrays,3,503,1.63,0.00,0.00
randomArrays,3,676,1.55,0.00,0.00
randomArrays,3,594,1.65,0.00,0.00
randomArrays,3,48,0.07,0.00,0.00
randomArrays,3,590,1.32,0.00,0.00
randomArrays,3,861,2.62,0.00,0.00
randomArrays,3,363,0.73,0.00,0.00
randomArrays,3,969,2.68,15.62,0.00
randomArrays,3,912,2.18,0.00,0.00
randomArrays,3,779,1.85,0.00,0.00
randomArrays,3,301,0.60,0.00,0.00
randomArrays,3,545,1.30,0.00,0.00
randomArrays,3,24,0.03,0.00,0.00
randomArrays,3,953,2.87,15.62,0.00
randomArrays,3,440,1.73,0.00,0.00
randomArrays,3,997,2.58,0.00,0.00
randomArrays,3,661,1.61,0.00,0.00
randomArrays,3,583,1.51,0.00,0.00
randomArrays,3,478,1.03,0.00,0.00
randomArrays,3,220,0.51,0.00,0.00
randomArrays,3,458,1.11,0.00,0.00
randomArrays,3,783,1.88,0.00,0.00
randomArrays,3,554,1.31,0.00,0.00
randomArrays,3,167,0.28,0.00,0.00
randomArrays,3,338,1.54,0.00,0.00
randomArrays,3,321,0.64,0.00,0.00
randomArrays,3,993,2.42,0.00,0.00
randomArrays,3,414,0.86,0.00,0.00
randomArrays,3,630,1.65,0.00,0.00
randomArrays,3,572,1.27,0.00,0.00
randomArrays,3,119,0.56,0.00,0.00
randomArrays,3,852,2.26,15.62,0.00
randomArrays,3,392,0.87,0.00,0.00
randomArrays,3,744,1.74,0.00,0.00
randomArrays,3,767,2.78,0.00,0.00
randomArrays,3,419,1.28,0.00,0.00
randomArrays,3,186,0.73,0.00,0.00
randomArrays,3,498,1.15,0.00,0.00
randomArrays,3,369,0.76,0.00,0.00
randomArrays,3,545,1.26,0.00,0.00
randomArrays,3,585,1.29,0.00,0.00
randomArrays,3,232,0.42,0.00,0.00
randomArrays,3,683,2.20,0.00,0.00
randomArrays,3,373,0.76,0.00,0.00
randomArrays,3,67,0.10,0.00,0.00
randomArrays,3,47,0.07,0.00,0.00
randomArrays,3,353,0.72,0.00,0.00
randomArrays,3,165,0.29,0.00,0.00
randomArrays,3,822,2.11,0.00,0.00
randomArrays,3,207,0.38,0.00,0.00
randomArrays,3,365,0.75,0.00,0.00
randomArrays,3,33,0.08,0.00,0.00
randomArrays,3,324,0.66,0.00,0.00
randomArrays,3,533,1.20,0.00,0.00
randomArrays,3,467,0.99,0.00,0.00
randomArrays,3,653,1.78,0.00,0.00
randomArrays,3,262,0.55,0.00,0.00
randomArrays,3,26,0.04,0.00,0.00
randomArrays,3,705,1.88,0.00,0.00
randomArrays,3,945,2.34,0.00,0.00
randomArrays,3,145,0.25,0.00,0.00
randomArrays,3,987,2.45,15.62,0.00
randomArrays,3,40,0.09,0.00,0.00
randomArrays,3,418,0.91,0.00,0.00
randomArrays,3,20,0.03,0.00,0.00
randomArrays,3,618,1.40,0.00,0.00
randomArrays,3,463,1.06,0.00,0.00
randomArrays,3,310,0.87,0.00,0.00
randomArrays,3,753,2.68,0.00,0.00
randomArrays,3,203,0.65,0.00,0.00
randomArrays,3,756,1.78,0.00,0.00
randomArrays,3,998,2.43,0.00,0.00
randomArrays,3,631,2.37,0.00,0.00
randomArrays,3,788,1.88,0.00,0.00
randomArrays,3,364,0.89,0.00,0.00
randomArrays,3,435,0.91,0.00,0.00
randomArrays,3,379,0.99,0.00,0.00
randomArrays,3,208,0.37,0.00,0.00
randomArrays,3,503,1.09,0.00,0.00
randomArrays,3,97,0.16,0.00,0.00
randomArrays,3,266,0.64,0.00,0.00
randomArrays,3,828,1.97,15.62,0.00
randomArrays,3,319,1.41,0.00,0.00
randomArrays,3,898,3.30,0.00,0.00
randomArrays,3,380,0.87,0.00,0.00
randomArrays,3,450,0.95,0.00,0.00
randomArrays,3,142,0.24,0.00,0.00
randomArrays,3,434,0.97,15.62,0.00
randomArrays,3,96,0.16,0.00,0.00
randomArrays,3,641,1.46,0.00,0.00
randomArrays,3,538,1.27,0.00,0.00
randomArrays,3,502,1.14,0.00,0.00
randomArrays,3,599,1.81,0.00,0.00
randomArrays,3,299,0.71,0.00,0.00
randomArrays,3,620,1.85,0.00,0.00
randomArrays,3,606,1.95,15.62,0.00
randomArrays,3,282,0.56,0.00,0.00
randomArrays,3,205,0.38,0.00,0.00
randomArrays,3,504,1.10,0.00,0.00
randomArrays,3,315,0.84,0.00,0.00
randomArrays,3,739,1.73,0.00,0.00
randomArrays,3,226,0.97,0.00,0.00
randomArrays,3,239,0.45,0.00,0.00
randomArrays,3,656,2.04,0.00,0.00
randomArrays,3,467,1.09,0.00,0.00
randomArrays,3,855,3.57,0.00,0.00
randomArrays,3,12,0.02,0.00,0.00
randomArrays,3,751,2.69,0.00,0.00
randomArrays,3,426,1.03,0.00,0.00
randomArrays,3,735,2.80,0.00,0.00
randomArrays,3,321,0.64,0.00,0.00
randomArrays,3,522,1.15,0.00,0.00
randomArrays,3,888,2.28,0.00,0.00
randomArrays,3,118,0.20,0.00,0.00
randomArrays,3,813,1.95,0.00,0.00
randomArrays,3,547,1.36,0.00,0.00
randomArrays,3,860,2.09,15.62,0.00
randomArrays,3,189,0.36,0.00,0.00
randomArrays,3,668,1.55,0.00,0.00
randomArrays,3,583,1.66,0.00,0.00
randomArrays,3,489,1.05,0.00,0.00
randomArrays,3,414,0.94,0.00,0.00
randomArrays,3,905,3.47,15.62,0.00
randomArrays,3,742,2.40,0.00,0.00
randomArrays,3,358,1.31,0.00,0.00
randomArrays,3,741,1.75,0.00,0.00
randomArrays,3,470,1.01,0.00,0.00
randomArrays,3,111,0.18,0.00,0.00
randomArrays,3,546,1.22,0.00,0.00
randomArrays,3,591,1.86,0.00,0.00
randomArrays,3,884,2.69,0.00,0.00
randomArrays,3,684,1.60,0.00,0.00
randomArrays,3,975,2.57,0.00,0.00
randomArrays,3,739,1.97,0.00,0.00
randomArrays,3,725,1.67,0.00,0.00
randomArrays,3,893,2.16,15.62,0.00
randomArrays,3,16,0.04,0.00,0.00
randomArrays,3,467,0.99,0.00,0.00
randomArrays,3,307,0.60,0.00,0.00
randomArrays,3,235,0.43,0.00,0.00
randomArrays,3,377,0.76,0.00,0.00
randomArrays,3,448,1.06,0.00,0.00
randomArrays,3,999,2.51,0.00,0.00
randomArrays,3,98,0.43,0.00,0.00
randomArrays,3,456,1.02,0.00,0.00
randomArrays,3,118,0.19,0.00,0.00
randomArrays,3,406,0.86,0.00,0.00
randomArrays,3,33,0.05,0.00,0.00
randomArrays,3,517,2.72,0.00,0.00
randomArrays,3,248,0.47,0.00,0.00
randomArrays,3,61,0.09,0.00,0.00
randomArrays,3,547,1.22,0.00,0.00
randomArrays,3,602,1.48,0.00,0.00
randomArrays,3,579,2.92,15.62,0.00
randomArrays,3,972,2.38,0.00,0.00
randomArrays,3,653,2.20,0.00,0.00
randomArrays,3,866,3.45,0.00,0.00
randomArrays,3,417,1.04,0.00,0.00
randomArrays,3,386,0.85,0.00,0.00
randomArrays,3,349,0.75,0.00,0.00
randomArrays,3,598,1.47,0.00,0.00
randomArrays,3,856,2.27,0.00,0.00
randomArrays,3,152,0.26,0.00,0.00
randomArrays,3,436,0.94,0.00,0.00
randomArrays,3,356,0.74,0.00,0.00
randomArrays,3,598,1.32,0.00,0.00
randomArrays,3,578,1.30,0.00,0.00
randomArrays,3,786,1.83,0.00,0.00
randomArrays,3,124,0.46,0.00,0.00
randomArrays,3,439,1.61,0.00,0.00
randomArrays,3,492,1.27,0.00,0.00
randomArrays,3,207,0.37,0.00,0.00
randomArrays,3,100,0.23,0.00,0.00
randomArrays,3,591,1.32,0.00,0.00
randomArrays,3,397,1.27,0.00,0.00
randomArrays,3,295,0.58,0.00,0.00
randomArrays,3,733,1.77,0.00,0.00
randomArrays,3,231,0.53,0.00,0.00
randomArrays,3,565,1.25,0.00,0.00
randomArrays,3,910,2.23,15.62,0.00
randomArrays,3,74,0.13,0.00,0.00
randomArrays,3,647,1.47,0.00,0.00
randomArrays,3,456,1.44,0.00,0.00
randomArrays,3,954,2.41,0.00,0.00
randomArrays,3,495,1.06,0.00,0.00
randomArrays,3,487,1.50,0.00,0.00
randomArrays,3,559,1.26,0.00,0.00
randomArrays,3,512,1.11,0.00,0.00
randomArrays,3,247,1.52,15.62,0.00
randomArrays,3,219,1.13,0.00,0.00
randomArrays,3,839,2.06,0.00,0.00
randomArrays,3,887,3.97,0.00,0.00
randomArrays,3,942,2.33,0.00,0.00
randomArrays,3,920,2.23,0.00,0.00
randomArrays,3,868,2.11,0.00,0.00
randomArrays,3,25,0.04,0.00,0.00
randomArrays,3,174,0.31,0.00,0.00
randomArrays,3,818,2.57,0.00,0.00
randomArrays,3,660,2.04,15.62,0.00
randomArrays,3,592,1.85,0.00,0.00
randomArrays,3,942,2.27,0.00,0.00
randomArrays,3,962,2.78,0.00,0.00
randomArrays,3,254,0.48,0.00,0.00
randomArrays,3,527,1.49,0.00,0.00
randomArrays,3,786,1.85,0.00,0.00
randomArrays,3,179,0.39,0.00,0.00
randomArrays,3,678,1.55,0.00,0.00
randomArrays,3,950,2.31,0.00,0.00
randomArrays,3,538,2.77,15.62,0.00
randomArrays,3,185,0.79,0.00,0.00
randomArrays,3,689,1.78,0.00,0.00
randomArrays,3,161,0.28,0.00,0.00
randomArrays,3,509,1.15,0.00,0.00
randomArrays,3,376,0.78,0.00,0.00
randomArrays,3,766,1.83,0.00,0.00
randomArrays,3,706,1.62,0.00,0.00
randomArrays,3,644,1.47,0.00,0.00
randomArrays,3,758,1.96,0.00,0.00
randomArrays,3,747,1.73,0.00,0.00
randomArrays,3,349,0.70,0.00,0.00
randomArrays,3,574,1.25,0.00,0.00
randomArrays,3,888,2.14,0.00,0.00
randomArrays,3,235,0.44,0.00,0.00
randomArrays,3,653,1.48,0.00,0.00
randomArrays,3,630,1.46,0.00,0.00
randomArrays,3,76,0.27,0.00,0.00
randomArrays,3,436,1.04,0.00,0.00
randomArrays,3,771,1.82,0.00,0.00
randomArrays,3,217,0.44,0.00,0.00
randomArrays,3,419,0.89,0.00,0.00
randomArrays,3,860,2.27,0.00,0.00
randomArrays,3,288,0.80,0.00,0.00
randomArrays,3,280,0.54,0.00,0.00
randomArrays,3,242,0.45,0.00,0.00
randomArrays,3,602,1.51,0.00,0.00
randomArrays,3,44,0.06,0.00,0.00
randomArrays,3,547,1.34,0.00,0.00
randomArrays,3,860,2.07,0.00,0.00
randomArrays,3,737,1.88,0.00,0.00
randomArrays,3,738,1.95,0.00,0.00
randomArrays,3,725,2.75,15.62,0.00
randomArrays,3,684,1.91,0.00,0.00
randomArrays,3,233,0.44,0.00,0.00
randomArrays,3,342,0.77,0.00,0.00
randomArrays,3,855,2.21,15.62,0.00
randomArrays,3,861,2.08,0.00,0.00
randomArrays,3,566,1.34,0.00,0.00
randomArrays,3,406,0.84,0.00,0.00
randomArrays,3,192,0.43,0.00,0.00
randomArrays,3,850,2.03,0.00,0.00
randomArrays,3,609,1.48,0.00,0.00
randomArrays,3,18,0.03,0.00,0.00
randomArrays,3,482,1.05,0.00,0.00
randomArrays,3,264,0.58,0.00,0.00
randomArrays,3,319,0.65,0.00,0.00
randomArrays,3,252,0.51,0.00,0.00
randomArrays,3,342,0.88,0.00,0.00
randomArrays,3,252,0.59,0.00,0.00
randomArrays,3,205,1.05,0.00,0.00
randomArrays,3,942,2.49,0.00,0.00
randomArrays,3,744,1.73,0.00,0.00
randomArrays,3,537,1.26,0.00,0.00
randomArrays,3,501,1.10,0.00,0.00
randomArrays,3,853,2.68,0.00,0.00
randomArrays,3,341,0.67,0.00,0.00
randomArrays,3,800,3.66,15.62,0.00
randomArrays,3,857,2.68,0.00,0.00
randomArrays,3,427,0.89,0.00,0.00
randomArrays,3,647,3.30,0.00,0.00
randomArrays,3,76,0.12,0.00,0.00
randomArrays,3,677,2.64,0.00,0.00
randomArrays,3,579,1.31,0.00,0.00
randomArrays,3,731,1.69,0.00,0.00
randomArrays,3,704,1.88,0.00,0.00
randomArrays,3,266,0.51,0.00,0.00
randomArrays,3,961,2.37,0.00,0.00
randomArrays,3,263,0.49,0.00,0.00
randomArrays,3,434,0.91,0.00,0.00
randomArrays,3,484,1.05,15.62,0.00
randomArrays,3,163,0.29,0.00,0.00
randomArrays,3,984,2.39,0.00,0.00
randomArrays,3,211,0.38,0.00,0.00
randomArrays,3,185,0.33,0.00,0.00
randomArrays,3,467,1.10,0.00,0.00
randomArrays,3,214,0.39,0.00,0.00
randomArrays,3,35,0.05,0.00,0.00
randomArrays,3,141,0.23,0.00,0.00
randomArrays,3,559,2.76,0.00,0.00
randomArrays,3,706,1.64,0.00,0.00
randomArrays,3,68,0.13,0.00,0.00
randomArrays,3,12,0.03,0.00,0.00
randomArrays,3,405,0.85,0.00,0.00
randomArrays,3,288,0.69,0.00,0.00
randomArrays,3,955,2.59,0.00,0.00
randomArrays,3,50,0.12,0.00,0.00
randomArrays,3,752,2.14,0.00,0.00
randomArrays,3,695,2.06,15.62,0.00
randomArrays,3,186,0.33,0.00,0.00
randomArrays,3,737,1.72,0.00,0.00
randomArrays,3,948,2.44,15.62,0.00
randomArrays,3,151,0.56,0.00,0.00
randomArrays,3,46,0.22,0.00,0.00
randomArrays,3,968,2.39,15.62,0.00
randomArrays,3,333,1.61,0.00,0.00
randomArrays,3,189,1.03,0.00,0.00
randomArrays,3,190,0.33,0.00,0.00
randomArrays,3,589,1.33,0.00,0.00
randomArrays,3,230,0.42,0.00,0.00
randomArrays,3,535,1.40,0.00,0.00
randomArrays,3,189,0.49,0.00,0.00
randomArrays,3,948,3.28,0.00,0.00
randomArrays,3,834,2.90,15.62,0.00
randomArrays,3,273,0.52,0.00,0.00
randomArrays,3,773,1.92,0.00,0.00
randomArrays,3,342,1.54,0.00,0.00
randomArrays,3,995,2.44,0.00,0.00
randomArrays,3,221,0.40,0.00,0.00
randomArrays,3,519,1.12,0.00,0.00
randomArrays,3,479,1.59,0.00,0.00
randomArrays,3,155,0.38,0.00,0.00
randomArrays,3,756,2.71,15.62,0.00
randomArrays,3,658,3.47,0.00,0.00
randomArrays,3,213,0.58,0.00,0.00
randomArrays,3,467,0.99,0.00,0.00
randomArrays,3,191,0.42,0.00,0.00
randomArrays,3,744,1.74,0.00,0.00
randomArrays,3,122,0.20,0.00,0.00
randomArrays,3,178,0.32,0.00,0.00
randomArrays,3,760,2.20,15.62,0.00
randomArrays,3,524,1.14,0.00,0.00
randomArrays,3,264,0.55,0.00,0.00
randomArrays,3,733,1.73,15.62,0.00
randomArrays,3,759,1.79,0.00,0.00
randomArrays,3,177,0.47,0.00,0.00
randomArrays,3,53,0.08,0.00,0.00
randomArrays,3,429,0.90,0.00,0.00
randomArrays,3,508,1.11,0.00,0.00
randomArrays,3,919,3.48,0.00,0.00
randomArrays,3,412,0.85,0.00,0.00
randomArrays,3,503,1.32,0.00,0.00
randomArrays,3,115,0.19,0.00,0.00
randomArrays,3,851,2.21,0.00,0.00
randomArrays,3,848,2.05,15.62,0.00
randomArrays,3,652,1.49,0.00,0.00
randomArrays,3,693,1.74,0.00,0.00
randomArrays,3,662,3.20,0.00,0.00
randomArrays,3,815,1.94,15.62,0.00
randomArrays,3,679,1.68,0.00,0.00
randomArrays,3,141,0.24,0.00,0.00
randomArrays,3,458,0.98,0.00,0.00
randomArrays,3,378,0.78,0.00,0.00
randomArrays,3,662,2.05,0.00,0.00
randomArrays,3,809,2.60,15.62,0.00
randomArrays,3,960,2.44,0.00,0.00
randomArrays,3,454,0.97,0.00,0.00
randomArrays,3,513,1.63,0.00,0.00
randomArrays,3,965,3.61,0.00,0.00
randomArrays,3,855,3.29,0.00,0.00
randomArrays,3,257,0.48,0.00,0.00
randomArrays,3,932,2.27,0.00,0.00
randomArrays,3,112,0.17,0.00,0.00
randomArrays,3,264,0.49,0.00,0.00
randomArrays,3,404,0.87,0.00,0.00
randomArrays,3,830,2.07,0.00,0.00
randomArrays,3,115,0.20,0.00,0.00
randomArrays,3,906,2.28,0.00,0.00
