dataset,run,arraylength,time,cputime,memory
randomArrays.txt,1,469,0.009323,0.000000,0.02
randomArrays.txt,2,469,0.021010,0.031250,0.00
randomArrays.txt,3,469,0.021228,0.015625,0.00
randomArrays.txt,1,783,0.032829,0.031250,0.00
randomArrays.txt,2,783,0.059974,0.062500,0.00
randomArrays.txt,3,783,0.045278,0.031250,0.00
randomArrays.txt,1,464,0.023149,0.031250,0.00
randomArrays.txt,2,464,0.015722,0.015625,0.00
randomArrays.txt,3,464,0.019240,0.015625,0.00
randomArrays.txt,1,267,0.005961,0.015625,0.00
randomArrays.txt,2,267,0.005399,0.000000,0.00
randomArrays.txt,3,267,0.006493,0.015625,0.00
randomArrays.txt,1,828,0.064764,0.078125,0.00
randomArrays.txt,2,828,0.060236,0.062500,0.00
randomArrays.txt,3,828,0.049515,0.046875,0.00
randomArrays.txt,1,607,0.033773,0.046875,0.00
randomArrays.txt,2,607,0.038549,0.031250,0.00
randomArrays.txt,3,607,0.033332,0.031250,0.00
randomArrays.txt,1,319,0.004319,0.000000,0.00
randomArrays.txt,2,319,0.005915,0.000000,0.00
randomArrays.txt,3,319,0.007308,0.000000,0.00
randomArrays.txt,1,431,0.014738,0.015625,0.00
randomArrays.txt,2,431,0.017426,0.015625,0.00
randomArrays.txt,3,431,0.007424,0.015625,0.00
randomArrays.txt,1,619,0.027169,0.031250,0.00
randomArrays.txt,2,619,0.020144,0.015625,0.00
randomArrays.txt,3,619,0.016734,0.015625,0.00
randomArrays.txt,1,370,0.008314,0.000000,0.00
randomArrays.txt,2,370,0.007607,0.000000,0.00
randomArrays.txt,3,370,0.012292,0.015625,0.00
randomArrays.txt,1,478,0.016266,0.015625,0.00
randomArrays.txt,2,478,0.017964,0.015625,0.00
randomArrays.txt,3,478,0.009439,0.015625,0.00
randomArrays.txt,1,107,0.000918,0.000000,0.00
randomArrays.txt,2,107,0.001382,0.000000,0.00
randomArrays.txt,3,107,0.001247,0.000000,0.00
randomArrays.txt,1,381,0.014616,0.015625,0.00
randomArrays.txt,2,381,0.010844,0.015625,0.00
randomArrays.txt,3,381,0.014099,0.015625,0.00
randomArrays.txt,1,699,0.030956,0.046875,0.00
randomArrays.txt,2,699,0.021670,0.015625,0.00
randomArrays.txt,3,699,0.026919,0.031250,0.00
randomArrays.txt,1,452,0.012765,0.000000,0.00
randomArrays.txt,2,452,0.018612,0.031250,0.00
randomArrays.txt,3,452,0.019697,0.015625,0.00
randomArrays.txt,1,882,0.056354,0.046875,0.00
randomArrays.txt,2,882,0.034127,0.046875,0.00
randomArrays.txt,3,882,0.072707,0.062500,0.00
randomArrays.txt,1,697,0.045475,0.046875,0.00
randomArrays.txt,2,697,0.047284,0.031250,0.00
randomArrays.txt,3,697,0.051605,0.062500,0.00
randomArrays.txt,1,39,0.000258,0.000000,0.00
randomArrays.txt,2,39,0.000183,0.000000,0.00
randomArrays.txt,3,39,0.000255,0.000000,0.00
randomArrays.txt,1,382,0.021147,0.031250,0.00
randomArrays.txt,2,382,0.048672,0.000000,0.00
randomArrays.txt,3,382,0.017543,0.000000,0.00
randomArrays.txt,1,202,0.003634,0.015625,0.00
randomArrays.txt,2,202,0.004308,0.000000,0.00
randomArrays.txt,3,202,0.002844,0.000000,0.00
randomArrays.txt,1,674,0.018880,0.015625,0.00
randomArrays.txt,2,674,0.038891,0.046875,0.00
randomArrays.txt,3,674,0.021491,0.015625,0.00
randomArrays.txt,1,184,0.002234,0.000000,0.00
randomArrays.txt,2,184,0.003616,0.000000,0.00
randomArrays.txt,3,184,0.005398,0.015625,0.00
randomArrays.txt,1,853,0.050829,0.046875,0.00
randomArrays.txt,2,853,0.040905,0.046875,0.00
randomArrays.txt,3,853,0.051623,0.046875,0.00
randomArrays.txt,1,101,0.000972,0.000000,0.00
randomArrays.txt,2,101,0.000955,0.000000,0.00
randomArrays.txt,3,101,0.000963,0.000000,0.00
randomArrays.txt,1,329,0.008504,0.000000,0.00
randomArrays.txt,2,329,0.005708,0.015625,0.00
randomArrays.txt,3,329,0.010648,0.015625,0.00
randomArrays.txt,1,837,0.060943,0.062500,0.00
randomArrays.txt,2,837,0.054073,0.046875,0.00
randomArrays.txt,3,837,0.067831,0.062500,0.00
randomArrays.txt,1,676,0.043966,0.046875,0.00
randomArrays.txt,2,676,0.025514,0.031250,0.00
randomArrays.txt,3,676,0.027040,0.031250,0.00
randomArrays.txt,1,248,0.004385,0.015625,0.00
randomArrays.txt,2,248,0.004760,0.000000,0.00
randomArrays.txt,3,248,0.004152,0.000000,0.00
randomArrays.txt,1,845,0.065450,0.062500,0.00
randomArrays.txt,2,845,0.067484,0.078125,0.00
randomArrays.txt,3,845,0.070129,0.062500,0.00
randomArrays.txt,1,707,0.050035,0.046875,0.00
randomArrays.txt,2,707,0.046876,0.046875,0.00
randomArrays.txt,3,707,0.049528,0.046875,0.00
randomArrays.txt,1,458,0.016298,0.015625,0.00
randomArrays.txt,2,458,0.016969,0.015625,0.00
randomArrays.txt,3,458,0.015922,0.031250,0.00
randomArrays.txt,1,219,0.004991,0.000000,0.00
randomArrays.txt,2,219,0.004778,0.000000,0.00
randomArrays.txt,3,219,0.002859,0.000000,0.00
randomArrays.txt,1,268,0.007224,0.015625,0.00
randomArrays.txt,2,268,0.006725,0.000000,0.00
randomArrays.txt,3,268,0.007658,0.015625,0.00
randomArrays.txt,1,201,0.004656,0.000000,0.00
randomArrays.txt,2,201,0.003128,0.000000,0.00
randomArrays.txt,3,201,0.002110,0.015625,0.00
randomArrays.txt,1,520,0.012862,0.015625,0.00
randomArrays.txt,2,520,0.014392,0.015625,0.00
randomArrays.txt,3,520,0.014061,0.015625,0.00
randomArrays.txt,1,832,0.047135,0.046875,0.00
randomArrays.txt,2,832,0.035469,0.031250,0.00
randomArrays.txt,3,832,0.032558,0.031250,0.00
randomArrays.txt,1,800,0.033997,0.031250,0.00
randomArrays.txt,2,800,0.050798,0.046875,0.00
randomArrays.txt,3,800,0.052357,0.046875,0.00
randomArrays.txt,1,753,0.038338,0.046875,0.00
randomArrays.txt,2,753,0.025055,0.015625,0.00
randomArrays.txt,3,753,0.032044,0.031250,0.00
randomArrays.txt,1,286,0.007618,0.015625,0.00
randomArrays.txt,2,286,0.005062,0.000000,0.00
randomArrays.txt,3,286,0.007508,0.015625,0.00
randomArrays.txt,1,841,0.036401,0.046875,0.00
randomArrays.txt,2,841,0.043341,0.031250,0.00
randomArrays.txt,3,841,0.066013,0.062500,0.00
randomArrays.txt,1,240,0.005349,0.015625,0.00
randomArrays.txt,2,240,0.007905,0.000000,0.00
randomArrays.txt,3,240,0.004477,0.015625,0.00
randomArrays.txt,1,370,0.011641,0.015625,0.00
randomArrays.txt,2,370,0.011885,0.015625,0.00
randomArrays.txt,3,370,0.012393,0.015625,0.00
randomArrays.txt,1,287,0.008825,0.015625,0.00
randomArrays.txt,2,287,0.009504,0.015625,0.00
randomArrays.txt,3,287,0.009252,0.000000,0.00
randomArrays.txt,1,89,0.000992,0.000000,0.00
randomArrays.txt,2,89,0.000510,0.000000,0.00
randomArrays.txt,3,89,0.004735,0.000000,0.00
randomArrays.txt,1,881,0.033232,0.031250,0.00
randomArrays.txt,2,881,0.040985,0.046875,0.00
randomArrays.txt,3,881,0.054669,0.046875,0.00
randomArrays.txt,1,187,0.003505,0.000000,0.00
randomArrays.txt,2,187,0.003087,0.015625,0.00
randomArrays.txt,3,187,0.003286,0.000000,0.00
randomArrays.txt,1,373,0.011751,0.015625,0.00
randomArrays.txt,2,373,0.013716,0.015625,0.00
randomArrays.txt,3,373,0.011259,0.015625,0.00
randomArrays.txt,1,194,0.003423,0.000000,0.00
randomArrays.txt,2,194,0.003729,0.000000,0.00
randomArrays.txt,3,194,0.003617,0.015625,0.00
randomArrays.txt,1,382,0.012049,0.000000,0.00
randomArrays.txt,2,382,0.011802,0.000000,0.00
randomArrays.txt,3,382,0.007134,0.015625,0.00
randomArrays.txt,1,826,0.038844,0.046875,0.00
randomArrays.txt,2,826,0.051089,0.046875,0.00
randomArrays.txt,3,826,0.038178,0.046875,0.00
randomArrays.txt,1,781,0.051801,0.046875,0.00
randomArrays.txt,2,781,0.051295,0.062500,0.00
randomArrays.txt,3,781,0.057136,0.046875,0.00
randomArrays.txt,1,814,0.032311,0.046875,0.00
randomArrays.txt,2,814,0.032036,0.031250,0.00
randomArrays.txt,3,814,0.039785,0.031250,0.00
randomArrays.txt,1,525,0.027427,0.031250,0.00
randomArrays.txt,2,525,0.023372,0.031250,0.00
randomArrays.txt,3,525,0.025819,0.015625,0.00
randomArrays.txt,1,136,0.001873,0.000000,0.00
randomArrays.txt,2,136,0.001776,0.000000,0.00
randomArrays.txt,3,136,0.001592,0.000000,0.00
randomArrays.txt,1,454,0.012583,0.015625,0.00
randomArrays.txt,2,454,0.014036,0.015625,0.00
randomArrays.txt,3,454,0.009119,0.015625,0.00
randomArrays.txt,1,563,0.026771,0.031250,0.00
randomArrays.txt,2,563,0.020074,0.015625,0.00
randomArrays.txt,3,563,0.029817,0.031250,0.00
randomArrays.txt,1,226,0.002699,0.000000,0.00
randomArrays.txt,2,226,0.004790,0.000000,0.00
randomArrays.txt,3,226,0.004160,0.000000,0.00
randomArrays.txt,1,345,0.005590,0.000000,0.00
randomArrays.txt,2,345,0.011667,0.015625,0.00
randomArrays.txt,3,345,0.011707,0.015625,0.00
randomArrays.txt,1,514,0.016195,0.031250,0.00
randomArrays.txt,2,514,0.011749,0.000000,0.00
randomArrays.txt,3,514,0.014967,0.015625,0.00
randomArrays.txt,1,871,0.048014,0.046875,0.00
randomArrays.txt,2,871,0.047847,0.046875,0.00
randomArrays.txt,3,871,0.066044,0.078125,0.00
randomArrays.txt,1,397,0.012000,0.015625,0.00
randomArrays.txt,2,397,0.013814,0.000000,0.00
randomArrays.txt,3,397,0.012381,0.015625,0.00
randomArrays.txt,1,429,0.012294,0.000000,0.00
randomArrays.txt,2,429,0.015350,0.015625,0.00
randomArrays.txt,3,429,0.015605,0.015625,0.00
randomArrays.txt,1,421,0.009701,0.015625,0.00
randomArrays.txt,2,421,0.017854,0.015625,0.00
randomArrays.txt,3,421,0.013625,0.015625,0.00
randomArrays.txt,1,747,0.045139,0.046875,0.00
randomArrays.txt,2,747,0.043269,0.046875,0.00
randomArrays.txt,3,747,0.032989,0.031250,0.00
randomArrays.txt,1,19,0.000048,0.000000,0.00
randomArrays.txt,2,19,0.000064,0.000000,0.00
randomArrays.txt,3,19,0.000072,0.000000,0.00
randomArrays.txt,1,74,0.000768,0.000000,0.00
randomArrays.txt,2,74,0.000772,0.000000,0.00
randomArrays.txt,3,74,0.003283,0.000000,0.00
randomArrays.txt,1,259,0.006332,0.015625,0.00
randomArrays.txt,2,259,0.005201,0.000000,0.00
randomArrays.txt,3,259,0.006365,0.015625,0.00
randomArrays.txt,1,846,0.030215,0.031250,0.00
randomArrays.txt,2,846,0.040177,0.031250,0.00
randomArrays.txt,3,846,0.034080,0.031250,0.00
randomArrays.txt,1,789,0.027728,0.031250,0.00
randomArrays.txt,2,789,0.030560,0.031250,0.00
randomArrays.txt,3,789,0.039901,0.031250,0.00
randomArrays.txt,1,671,0.020086,0.031250,0.00
randomArrays.txt,2,671,0.019867,0.015625,0.00
randomArrays.txt,3,671,0.033224,0.031250,0.00
randomArrays.txt,1,368,0.005334,0.000000,0.00
randomArrays.txt,2,368,0.008586,0.015625,0.00
randomArrays.txt,3,368,0.006516,0.000000,0.00
randomArrays.txt,1,448,0.020119,0.031250,0.00
randomArrays.txt,2,448,0.017187,0.015625,0.00
randomArrays.txt,3,448,0.017485,0.015625,0.00
randomArrays.txt,1,237,0.005543,0.000000,0.00
randomArrays.txt,2,237,0.004217,0.015625,0.00
randomArrays.txt,3,237,0.003830,0.000000,0.00
randomArrays.txt,1,627,0.030380,0.031250,0.00
randomArrays.txt,2,627,0.031941,0.031250,0.00
randomArrays.txt,3,627,0.038728,0.031250,0.00
randomArrays.txt,1,584,0.029083,0.031250,0.00
randomArrays.txt,2,584,0.028976,0.031250,0.00
randomArrays.txt,3,584,0.023798,0.015625,0.00
randomArrays.txt,1,328,0.006066,0.015625,0.00
randomArrays.txt,2,328,0.009097,0.000000,0.00
randomArrays.txt,3,328,0.007918,0.000000,0.00
randomArrays.txt,1,606,0.021205,0.031250,0.00
randomArrays.txt,2,606,0.039065,0.031250,0.00
randomArrays.txt,3,606,0.033296,0.031250,0.00
randomArrays.txt,1,563,0.025306,0.031250,0.00
randomArrays.txt,2,563,0.028446,0.031250,0.00
randomArrays.txt,3,563,0.033564,0.031250,0.00
randomArrays.txt,1,774,0.034517,0.031250,0.00
randomArrays.txt,2,774,0.032986,0.031250,0.00
randomArrays.txt,3,774,0.031489,0.031250,0.00
randomArrays.txt,1,206,0.004807,0.000000,0.00
randomArrays.txt,2,206,0.006286,0.000000,0.00
randomArrays.txt,3,206,0.002594,0.015625,0.00
randomArrays.txt,1,37,0.000138,0.000000,0.00
randomArrays.txt,2,37,0.000191,0.000000,0.00
randomArrays.txt,3,37,0.000180,0.000000,0.00
randomArrays.txt,1,878,0.052145,0.046875,0.00
randomArrays.txt,2,878,0.049348,0.046875,0.00
randomArrays.txt,3,878,0.047080,0.046875,0.00
randomArrays.txt,1,284,0.007474,0.000000,0.00
randomArrays.txt,2,284,0.005995,0.015625,0.00
randomArrays.txt,3,284,0.006907,0.000000,0.00
randomArrays.txt,1,853,0.066297,0.062500,0.00
randomArrays.txt,2,853,0.070520,0.078125,0.00
randomArrays.txt,3,853,0.064857,0.062500,0.00
randomArrays.txt,1,247,0.003291,0.000000,0.00
randomArrays.txt,2,247,0.006863,0.015625,0.00
randomArrays.txt,3,247,0.004412,0.000000,0.00
randomArrays.txt,1,241,0.002843,0.000000,0.00
randomArrays.txt,2,241,0.004965,0.015625,0.00
randomArrays.txt,3,241,0.006216,0.000000,0.00
randomArrays.txt,1,348,0.005756,0.000000,0.00
randomArrays.txt,2,348,0.008165,0.000000,0.00
randomArrays.txt,3,348,0.010422,0.000000,0.00
randomArrays.txt,1,814,0.054740,0.062500,0.00
randomArrays.txt,2,814,0.045367,0.046875,0.00
randomArrays.txt,3,814,0.042282,0.046875,0.00
randomArrays.txt,1,245,0.004263,0.000000,0.00
randomArrays.txt,2,245,0.004276,0.000000,0.00
randomArrays.txt,3,245,0.004236,0.015625,0.00
randomArrays.txt,1,335,0.014068,0.015625,0.00
randomArrays.txt,2,335,0.004929,0.000000,0.00
randomArrays.txt,3,335,0.007009,0.015625,0.00
randomArrays.txt,1,497,0.020733,0.015625,0.00
randomArrays.txt,2,497,0.019511,0.015625,0.00
randomArrays.txt,3,497,0.021373,0.031250,0.00
randomArrays.txt,1,280,0.006941,0.000000,0.00
randomArrays.txt,2,280,0.006601,0.015625,0.00
randomArrays.txt,3,280,0.007023,0.000000,0.00
randomArrays.txt,1,664,0.041118,0.031250,0.00
randomArrays.txt,2,664,0.020981,0.031250,0.00
randomArrays.txt,3,664,0.025334,0.015625,0.00
randomArrays.txt,1,523,0.028486,0.015625,0.00
randomArrays.txt,2,523,0.021047,0.031250,0.00
randomArrays.txt,3,523,0.016758,0.015625,0.00
randomArrays.txt,1,841,0.048776,0.046875,0.00
randomArrays.txt,2,841,0.037806,0.031250,0.00
randomArrays.txt,3,841,0.046801,0.046875,0.00
randomArrays.txt,1,290,0.006871,0.015625,0.00
randomArrays.txt,2,290,0.006794,0.000000,0.00
randomArrays.txt,3,290,0.005839,0.000000,0.00
randomArrays.txt,1,158,0.002330,0.015625,0.00
randomArrays.txt,2,158,0.001391,0.000000,0.00
randomArrays.txt,3,158,0.002264,0.000000,0.00
randomArrays.txt,1,783,0.044041,0.046875,0.00
randomArrays.txt,2,783,0.029869,0.031250,0.00
randomArrays.txt,3,783,0.026681,0.015625,0.00
randomArrays.txt,1,638,0.041002,0.046875,0.00
randomArrays.txt,2,638,0.039848,0.031250,0.00
randomArrays.txt,3,638,0.040099,0.046875,0.00
randomArrays.txt,1,314,0.012463,0.015625,0.00
randomArrays.txt,2,314,0.006764,0.000000,0.00
randomArrays.txt,3,314,0.010774,0.015625,0.00
randomArrays.txt,1,484,0.029459,0.015625,0.00
randomArrays.txt,2,484,0.035360,0.000000,0.00
randomArrays.txt,3,484,0.024212,0.000000,0.00
randomArrays.txt,1,652,0.035906,0.046875,0.00
randomArrays.txt,2,652,0.031674,0.031250,0.00
randomArrays.txt,3,652,0.040697,0.031250,0.00
randomArrays.txt,1,543,0.028255,0.031250,0.00
randomArrays.txt,2,543,0.018220,0.015625,0.00
randomArrays.txt,3,543,0.012602,0.015625,0.00
randomArrays.txt,1,487,0.011112,0.000000,0.00
randomArrays.txt,2,487,0.012335,0.015625,0.00
randomArrays.txt,3,487,0.024382,0.031250,0.00
randomArrays.txt,1,686,0.043872,0.046875,0.00
randomArrays.txt,2,686,0.044449,0.046875,0.00
randomArrays.txt,3,686,0.024034,0.015625,0.00
randomArrays.txt,1,183,0.001959,0.015625,0.00
randomArrays.txt,2,183,0.003176,0.000000,0.00
randomArrays.txt,3,183,0.003140,0.000000,0.00
randomArrays.txt,1,572,0.031807,0.031250,0.00
randomArrays.txt,2,572,0.017515,0.031250,0.00
randomArrays.txt,3,572,0.017879,0.015625,0.00
randomArrays.txt,1,747,0.044455,0.046875,0.00
randomArrays.txt,2,747,0.054547,0.046875,0.00
randomArrays.txt,3,747,0.044554,0.046875,0.00
randomArrays.txt,1,780,0.052390,0.062500,0.00
randomArrays.txt,2,780,0.058434,0.062500,0.00
randomArrays.txt,3,780,0.042214,0.031250,0.00
randomArrays.txt,1,828,0.045408,0.046875,0.00
randomArrays.txt,2,828,0.049228,0.046875,0.00
randomArrays.txt,3,828,0.062949,0.062500,0.00
randomArrays.txt,1,591,0.018875,0.031250,0.00
randomArrays.txt,2,591,0.028630,0.015625,0.00
randomArrays.txt,3,591,0.027681,0.015625,0.00
randomArrays.txt,1,415,0.015345,0.015625,0.00
randomArrays.txt,2,415,0.011860,0.015625,0.00
randomArrays.txt,3,415,0.017505,0.015625,0.00
randomArrays.txt,1,648,0.041444,0.046875,0.00
randomArrays.txt,2,648,0.051152,0.046875,0.00
randomArrays.txt,3,648,0.022193,0.015625,0.00
randomArrays.txt,1,204,0.003897,0.000000,0.00
randomArrays.txt,2,204,0.003981,0.015625,0.00
randomArrays.txt,3,204,0.003330,0.000000,0.00
randomArrays.txt,1,510,0.012824,0.015625,0.00
randomArrays.txt,2,510,0.014575,0.015625,0.00
randomArrays.txt,3,510,0.022315,0.015625,0.00
randomArrays.txt,1,422,0.017980,0.015625,0.00
randomArrays.txt,2,422,0.018537,0.015625,0.00
randomArrays.txt,3,422,0.009348,0.015625,0.00
randomArrays.txt,1,541,0.020324,0.015625,0.00
randomArrays.txt,2,541,0.017382,0.015625,0.00
randomArrays.txt,3,541,0.015787,0.015625,0.00
randomArrays.txt,1,875,0.052117,0.046875,0.00
randomArrays.txt,2,875,0.062822,0.062500,0.00
randomArrays.txt,3,875,0.067536,0.078125,0.00
randomArrays.txt,1,742,0.030326,0.031250,0.00
randomArrays.txt,2,742,0.048666,0.046875,0.00
randomArrays.txt,3,742,0.048784,0.046875,0.00
randomArrays.txt,1,384,0.012624,0.015625,0.00
randomArrays.txt,2,384,0.009429,0.000000,0.00
randomArrays.txt,3,384,0.013364,0.000000,0.00
randomArrays.txt,1,266,0.006237,0.000000,0.00
randomArrays.txt,2,266,0.006616,0.015625,0.00
randomArrays.txt,3,266,0.006628,0.000000,0.00
randomArrays.txt,1,137,0.001896,0.000000,0.00
randomArrays.txt,2,137,0.001883,0.000000,0.00
randomArrays.txt,3,137,0.001868,0.015625,0.00
randomArrays.txt,1,685,0.039858,0.046875,0.00
randomArrays.txt,2,685,0.043753,0.031250,0.00
randomArrays.txt,3,685,0.056014,0.046875,0.00
randomArrays.txt,1,665,0.040436,0.046875,0.00
randomArrays.txt,2,665,0.051917,0.031250,0.00
randomArrays.txt,3,665,0.042518,0.031250,0.00
randomArrays.txt,1,319,0.004433,0.000000,0.00
randomArrays.txt,2,319,0.009641,0.015625,0.00
randomArrays.txt,3,319,0.008650,0.000000,0.00
randomArrays.txt,1,808,0.055824,0.062500,0.00
randomArrays.txt,2,808,0.041517,0.031250,0.00
randomArrays.txt,3,808,0.059048,0.046875,0.00
randomArrays.txt,1,143,0.001986,0.015625,0.00
randomArrays.txt,2,143,0.002603,0.000000,0.00
randomArrays.txt,3,143,0.002360,0.000000,0.00
randomArrays.txt,1,147,0.002112,0.000000,0.00
randomArrays.txt,2,147,0.002121,0.015625,0.00
randomArrays.txt,3,147,0.002065,0.000000,0.00
randomArrays.txt,1,425,0.011803,0.000000,0.00
randomArrays.txt,2,425,0.007337,0.015625,0.00
randomArrays.txt,3,425,0.017096,0.015625,0.00
randomArrays.txt,1,736,0.057627,0.046875,0.00
randomArrays.txt,2,736,0.050374,0.046875,0.00
randomArrays.txt,3,736,0.046371,0.046875,0.00
randomArrays.txt,1,65,0.000424,0.000000,0.00
randomArrays.txt,2,65,0.000607,0.000000,0.00
randomArrays.txt,3,65,0.000432,0.000000,0.00
randomArrays.txt,1,305,0.008354,0.000000,0.00
randomArrays.txt,2,305,0.008539,0.015625,0.00
randomArrays.txt,3,305,0.006657,0.000000,0.00
randomArrays.txt,1,194,0.002315,0.000000,0.00
randomArrays.txt,2,194,0.003515,0.000000,0.00
randomArrays.txt,3,194,0.003763,0.000000,0.00
randomArrays.txt,1,545,0.023916,0.031250,0.00
randomArrays.txt,2,545,0.011257,0.015625,0.00
randomArrays.txt,3,545,0.023417,0.015625,0.00
randomArrays.txt,1,49,0.000244,0.000000,0.00
randomArrays.txt,2,49,0.000247,0.000000,0.00
randomArrays.txt,3,49,0.000248,0.000000,0.00
randomArrays.txt,1,731,0.024371,0.015625,0.00
randomArrays.txt,2,731,0.044173,0.046875,0.00
randomArrays.txt,3,731,0.038725,0.046875,0.00
randomArrays.txt,1,712,0.048912,0.031250,0.00
randomArrays.txt,2,712,0.041661,0.046875,0.00
randomArrays.txt,3,712,0.046364,0.046875,0.00
randomArrays.txt,1,732,0.035217,0.046875,0.00
randomArrays.txt,2,732,0.048899,0.031250,0.00
randomArrays.txt,3,732,0.050018,0.046875,0.00
randomArrays.txt,1,57,0.000347,0.000000,0.00
randomArrays.txt,2,57,0.000344,0.000000,0.00
randomArrays.txt,3,57,0.000336,0.000000,0.00
randomArrays.txt,1,345,0.009219,0.000000,0.00
randomArrays.txt,2,345,0.010906,0.015625,0.00
randomArrays.txt,3,345,0.007957,0.015625,0.00
randomArrays.txt,1,152,0.002357,0.000000,0.00
randomArrays.txt,2,152,0.002411,0.000000,0.00
randomArrays.txt,3,152,0.002283,0.000000,0.00
randomArrays.txt,1,544,0.028412,0.031250,0.00
randomArrays.txt,2,544,0.028912,0.031250,0.00
randomArrays.txt,3,544,0.024376,0.015625,0.00
randomArrays.txt,1,870,0.056992,0.046875,0.00
randomArrays.txt,2,870,0.054068,0.062500,0.00
randomArrays.txt,3,870,0.032638,0.031250,0.00
randomArrays.txt,1,557,0.035667,0.046875,0.00
randomArrays.txt,2,557,0.022377,0.015625,0.00
randomArrays.txt,3,557,0.024067,0.031250,0.00
randomArrays.txt,1,168,0.002870,0.000000,0.00
randomArrays.txt,2,168,0.002433,0.015625,0.00
randomArrays.txt,3,168,0.002324,0.000000,0.00
randomArrays.txt,1,373,0.010797,0.000000,0.00
randomArrays.txt,2,373,0.006186,0.000000,0.00
randomArrays.txt,3,373,0.008789,0.015625,0.00
randomArrays.txt,1,416,0.012775,0.015625,0.00
randomArrays.txt,2,416,0.006761,0.000000,0.00
randomArrays.txt,3,416,0.006996,0.015625,0.00
randomArrays.txt,1,363,0.007454,0.000000,0.00
randomArrays.txt,2,363,0.012756,0.015625,0.00
randomArrays.txt,3,363,0.012573,0.015625,0.00
randomArrays.txt,1,626,0.030936,0.031250,0.00
randomArrays.txt,2,626,0.034672,0.046875,0.00
randomArrays.txt,3,626,0.042649,0.031250,0.00
randomArrays.txt,1,193,0.003219,0.000000,0.00
randomArrays.txt,2,193,0.003173,0.000000,0.00
randomArrays.txt,3,193,0.002859,0.000000,0.00
randomArrays.txt,1,361,0.009478,0.015625,0.00
randomArrays.txt,2,361,0.010516,0.015625,0.00
randomArrays.txt,3,361,0.006064,0.000000,0.00
randomArrays.txt,1,195,0.002928,0.000000,0.00
randomArrays.txt,2,195,0.003093,0.000000,0.00
randomArrays.txt,3,195,0.002384,0.015625,0.00
randomArrays.txt,1,105,0.000978,0.000000,0.00
randomArrays.txt,2,105,0.001129,0.000000,0.00
randomArrays.txt,3,105,0.000983,0.000000,0.00
randomArrays.txt,1,750,0.034951,0.031250,0.00
randomArrays.txt,2,750,0.033533,0.031250,0.00
randomArrays.txt,3,750,0.035892,0.046875,0.00
randomArrays.txt,1,565,0.015192,0.015625,0.00
randomArrays.txt,2,565,0.030221,0.031250,0.00
randomArrays.txt,3,565,0.015473,0.015625,0.00
randomArrays.txt,1,538,0.041967,0.046875,0.00
randomArrays.txt,2,538,0.024590,0.031250,0.00
randomArrays.txt,3,538,0.020901,0.015625,0.00
randomArrays.txt,1,488,0.015009,0.015625,0.00
randomArrays.txt,2,488,0.012340,0.015625,0.00
randomArrays.txt,3,488,0.013679,0.015625,0.00
randomArrays.txt,1,30,0.000150,0.000000,0.00
randomArrays.txt,2,30,0.000155,0.000000,0.00
randomArrays.txt,3,30,0.000156,0.000000,0.00
randomArrays.txt,1,554,0.013396,0.015625,0.00
randomArrays.txt,2,554,0.015534,0.015625,0.00
randomArrays.txt,3,554,0.015199,0.015625,0.00
randomArrays.txt,1,407,0.006975,0.000000,0.00
randomArrays.txt,2,407,0.011496,0.000000,0.00
randomArrays.txt,3,407,0.014319,0.015625,0.00
randomArrays.txt,1,137,0.001693,0.000000,0.00
randomArrays.txt,2,137,0.001588,0.000000,0.00
randomArrays.txt,3,137,0.002991,0.000000,0.00
randomArrays.txt,1,101,0.000686,0.000000,0.00
randomArrays.txt,2,101,0.001082,0.000000,0.00
randomArrays.txt,3,101,0.006651,0.000000,0.00
randomArrays.txt,1,633,0.033939,0.031250,0.00
randomArrays.txt,2,633,0.032558,0.031250,0.00
randomArrays.txt,3,633,0.028229,0.015625,0.00
randomArrays.txt,1,44,0.000127,0.000000,0.00
randomArrays.txt,2,44,0.000135,0.000000,0.00
randomArrays.txt,3,44,0.000284,0.000000,0.00
randomArrays.txt,1,738,0.048757,0.046875,0.00
randomArrays.txt,2,738,0.043346,0.046875,0.00
randomArrays.txt,3,738,0.032925,0.031250,0.00
randomArrays.txt,1,763,0.043379,0.031250,0.00
randomArrays.txt,2,763,0.048015,0.046875,0.00
randomArrays.txt,3,763,0.033767,0.031250,0.00
randomArrays.txt,1,319,0.014393,0.015625,0.00
randomArrays.txt,2,319,0.012363,0.015625,0.00
randomArrays.txt,3,319,0.016642,0.015625,0.00
randomArrays.txt,1,682,0.038584,0.046875,0.00
randomArrays.txt,2,682,0.040178,0.031250,0.00
randomArrays.txt,3,682,0.038436,0.046875,0.00
randomArrays.txt,1,820,0.045767,0.046875,0.00
randomArrays.txt,2,820,0.066403,0.062500,0.00
randomArrays.txt,3,820,0.042055,0.046875,0.00
randomArrays.txt,1,896,0.081484,0.078125,0.00
randomArrays.txt,2,896,0.074215,0.078125,0.00
randomArrays.txt,3,896,0.084867,0.062500,0.00
randomArrays.txt,1,712,0.049701,0.046875,0.00
randomArrays.txt,2,712,0.032892,0.031250,0.00
randomArrays.txt,3,712,0.047741,0.046875,0.00
randomArrays.txt,1,554,0.012061,0.015625,0.00
randomArrays.txt,2,554,0.029289,0.031250,0.00
randomArrays.txt,3,554,0.024500,0.031250,0.00
randomArrays.txt,1,787,0.061841,0.062500,0.00
randomArrays.txt,2,787,0.066778,0.062500,0.00
randomArrays.txt,3,787,0.053605,0.062500,0.00
randomArrays.txt,1,255,0.008874,0.015625,0.00
randomArrays.txt,2,255,0.004706,0.000000,0.00
randomArrays.txt,3,255,0.006177,0.015625,0.00
randomArrays.txt,1,135,0.001272,0.000000,0.00
randomArrays.txt,2,135,0.001704,0.000000,0.00
randomArrays.txt,3,135,0.001737,0.000000,0.00
randomArrays.txt,1,546,0.022920,0.015625,0.00
randomArrays.txt,2,546,0.012355,0.015625,0.00
randomArrays.txt,3,546,0.014121,0.015625,0.00
randomArrays.txt,1,643,0.041668,0.046875,0.00
randomArrays.txt,2,643,0.028564,0.031250,0.00
randomArrays.txt,3,643,0.038049,0.031250,0.00
randomArrays.txt,1,197,0.002135,0.000000,0.00
randomArrays.txt,2,197,0.003440,0.000000,0.00
randomArrays.txt,3,197,0.003859,0.015625,0.00
randomArrays.txt,1,643,0.018801,0.015625,0.00
randomArrays.txt,2,643,0.022673,0.015625,0.00
randomArrays.txt,3,643,0.042165,0.046875,0.00
randomArrays.txt,1,858,0.045096,0.046875,0.00
randomArrays.txt,2,858,0.063316,0.062500,0.00
randomArrays.txt,3,858,0.051219,0.062500,0.00
randomArrays.txt,1,134,0.001312,0.000000,0.00
randomArrays.txt,2,134,0.011105,0.000000,0.00
randomArrays.txt,3,134,0.001708,0.015625,0.00
randomArrays.txt,1,133,0.002397,0.000000,0.00
randomArrays.txt,2,133,0.002652,0.000000,0.00
randomArrays.txt,3,133,0.002507,0.000000,0.00
randomArrays.txt,1,317,0.007646,0.015625,0.00
randomArrays.txt,2,317,0.007087,0.000000,0.00
randomArrays.txt,3,317,0.005856,0.015625,0.00
randomArrays.txt,1,312,0.007828,0.015625,0.00
randomArrays.txt,2,312,0.008695,0.000000,0.00
randomArrays.txt,3,312,0.007883,0.015625,0.00
randomArrays.txt,1,160,0.002427,0.000000,0.00
randomArrays.txt,2,160,0.002239,0.000000,0.00
randomArrays.txt,3,160,0.002297,0.000000,0.00
randomArrays.txt,1,838,0.046763,0.046875,0.00
randomArrays.txt,2,838,0.051672,0.046875,0.00
randomArrays.txt,3,838,0.045848,0.046875,0.00
randomArrays.txt,1,316,0.006953,0.015625,0.00
randomArrays.txt,2,316,0.007988,0.000000,0.00
randomArrays.txt,3,316,0.007406,0.015625,0.00
randomArrays.txt,1,111,0.001675,0.000000,0.00
randomArrays.txt,2,111,0.000829,0.000000,0.00
randomArrays.txt,3,111,0.000866,0.000000,0.00
randomArrays.txt,1,530,0.023523,0.015625,0.00
randomArrays.txt,2,530,0.029517,0.015625,0.00
randomArrays.txt,3,530,0.028572,0.000000,0.00
randomArrays.txt,1,827,0.060734,0.062500,0.00
randomArrays.txt,2,827,0.059501,0.046875,0.00
randomArrays.txt,3,827,0.051208,0.062500,0.00
randomArrays.txt,1,348,0.005071,0.000000,0.00
randomArrays.txt,2,348,0.011522,0.015625,0.00
randomArrays.txt,3,348,0.006652,0.015625,0.00
randomArrays.txt,1,652,0.035125,0.031250,0.00
randomArrays.txt,2,652,0.031348,0.031250,0.00
randomArrays.txt,3,652,0.040704,0.046875,0.00
randomArrays.txt,1,339,0.008651,0.015625,0.00
randomArrays.txt,2,339,0.008923,0.000000,0.00
randomArrays.txt,3,339,0.007282,0.000000,0.00
randomArrays.txt,1,655,0.043104,0.046875,0.00
randomArrays.txt,2,655,0.043081,0.046875,0.00
randomArrays.txt,3,655,0.047742,0.046875,0.00
randomArrays.txt,1,899,0.109576,0.109375,0.00
randomArrays.txt,2,899,0.058782,0.062500,0.00
randomArrays.txt,3,899,0.035325,0.031250,0.00
randomArrays.txt,1,377,0.013610,0.015625,0.00
randomArrays.txt,2,377,0.007737,0.000000,0.00
randomArrays.txt,3,377,0.013239,0.015625,0.00
randomArrays.txt,1,793,0.060467,0.046875,0.00
randomArrays.txt,2,793,0.057243,0.062500,0.00
randomArrays.txt,3,793,0.028770,0.031250,0.00
randomArrays.txt,1,12,0.000026,0.000000,0.00
randomArrays.txt,2,12,0.000032,0.000000,0.00
randomArrays.txt,3,12,0.000027,0.000000,0.00
randomArrays.txt,1,236,0.005447,0.015625,0.00
randomArrays.txt,2,236,0.002852,0.000000,0.00
randomArrays.txt,3,236,0.004346,0.000000,0.00
randomArrays.txt,1,851,0.039908,0.046875,0.00
randomArrays.txt,2,851,0.050000,0.046875,0.00
randomArrays.txt,3,851,0.060004,0.062500,0.00
randomArrays.txt,1,462,0.016290,0.015625,0.00
randomArrays.txt,2,462,0.016245,0.015625,0.00
randomArrays.txt,3,462,0.012532,0.015625,0.00
randomArrays.txt,1,49,0.000208,0.000000,0.00
randomArrays.txt,2,49,0.000527,0.000000,0.00
randomArrays.txt,3,49,0.000526,0.000000,0.00
randomArrays.txt,1,649,0.037675,0.031250,0.00
randomArrays.txt,2,649,0.021567,0.031250,0.00
randomArrays.txt,3,649,0.041595,0.046875,0.00
randomArrays.txt,1,299,0.008913,0.015625,0.00
randomArrays.txt,2,299,0.004559,0.000000,0.00
randomArrays.txt,3,299,0.003713,0.000000,0.00
randomArrays.txt,1,796,0.028113,0.015625,0.00
randomArrays.txt,2,796,0.054415,0.062500,0.00
randomArrays.txt,3,796,0.025747,0.031250,0.00
randomArrays.txt,1,227,0.006048,0.000000,0.00
randomArrays.txt,2,227,0.005332,0.000000,0.00
randomArrays.txt,3,227,0.004397,0.000000,0.00
randomArrays.txt,1,166,0.002627,0.000000,0.00
randomArrays.txt,2,166,0.001951,0.000000,0.00
randomArrays.txt,3,166,0.002834,0.000000,0.00
randomArrays.txt,1,277,0.006816,0.015625,0.00
randomArrays.txt,2,277,0.004686,0.000000,0.00
randomArrays.txt,3,277,0.008786,0.015625,0.00
randomArrays.txt,1,179,0.002988,0.015625,0.00
randomArrays.txt,2,179,0.002073,0.000000,0.00
randomArrays.txt,3,179,0.001594,0.000000,0.00
randomArrays.txt,1,809,0.066790,0.078125,0.00
randomArrays.txt,2,809,0.054051,0.046875,0.00
randomArrays.txt,3,809,0.049825,0.046875,0.00
randomArrays.txt,1,232,0.009450,0.000000,0.00
randomArrays.txt,2,232,0.009582,0.000000,0.00
randomArrays.txt,3,232,0.005504,0.000000,0.00
randomArrays.txt,1,247,0.004648,0.015625,0.00
randomArrays.txt,2,247,0.005156,0.000000,0.00
randomArrays.txt,3,247,0.005613,0.000000,0.00
randomArrays.txt,1,99,0.001727,0.000000,0.00
randomArrays.txt,2,99,0.000980,0.000000,0.00
randomArrays.txt,3,99,0.000976,0.000000,0.00
randomArrays.txt,1,649,0.039765,0.031250,0.00
randomArrays.txt,2,649,0.038671,0.046875,0.00
randomArrays.txt,3,649,0.034100,0.031250,0.00
randomArrays.txt,1,15,0.000031,0.000000,0.00
randomArrays.txt,2,15,0.000022,0.000000,0.00
randomArrays.txt,3,15,0.000040,0.000000,0.00
randomArrays.txt,1,646,0.042933,0.046875,0.00
randomArrays.txt,2,646,0.037220,0.031250,0.00
randomArrays.txt,3,646,0.040984,0.031250,0.00
randomArrays.txt,1,463,0.008362,0.015625,0.00
randomArrays.txt,2,463,0.009575,0.000000,0.00
randomArrays.txt,3,463,0.013152,0.000000,0.00
randomArrays.txt,1,587,0.027565,0.015625,0.00
randomArrays.txt,2,587,0.032208,0.031250,0.00
randomArrays.txt,3,587,0.018179,0.015625,0.00
randomArrays.txt,1,898,0.046449,0.046875,0.00
randomArrays.txt,2,898,0.057798,0.062500,0.00
randomArrays.txt,3,898,0.066975,0.062500,0.00
randomArrays.txt,1,643,0.016747,0.031250,0.00
randomArrays.txt,2,643,0.025519,0.015625,0.00
randomArrays.txt,3,643,0.028607,0.031250,0.00
randomArrays.txt,1,840,0.071384,0.062500,0.00
randomArrays.txt,2,840,0.043524,0.046875,0.00
randomArrays.txt,3,840,0.047805,0.046875,0.00
randomArrays.txt,1,708,0.039569,0.046875,0.00
randomArrays.txt,2,708,0.048732,0.046875,0.00
randomArrays.txt,3,708,0.044750,0.046875,0.00
randomArrays.txt,1,214,0.004937,0.015625,0.00
randomArrays.txt,2,214,0.004230,0.000000,0.00
randomArrays.txt,3,214,0.005318,0.000000,0.00
randomArrays.txt,1,565,0.025776,0.031250,0.00
randomArrays.txt,2,565,0.027767,0.031250,0.00
randomArrays.txt,3,565,0.028663,0.031250,0.00
randomArrays.txt,1,157,0.001765,0.000000,0.00
randomArrays.txt,2,157,0.002041,0.015625,0.00
randomArrays.txt,3,157,0.003989,0.000000,0.00
randomArrays.txt,1,265,0.032676,0.015625,0.00
randomArrays.txt,2,265,0.006582,0.000000,0.00
randomArrays.txt,3,265,0.016744,0.000000,0.00
randomArrays.txt,1,171,0.003492,0.015625,0.00
randomArrays.txt,2,171,0.002885,0.000000,0.00
randomArrays.txt,3,171,0.002786,0.000000,0.00
randomArrays.txt,1,136,0.001717,0.000000,0.00
randomArrays.txt,2,136,0.001707,0.000000,0.00
randomArrays.txt,3,136,0.001550,0.000000,0.00
randomArrays.txt,1,290,0.007096,0.000000,0.00
randomArrays.txt,2,290,0.008155,0.015625,0.00
randomArrays.txt,3,290,0.006275,0.000000,0.00
randomArrays.txt,1,96,0.000942,0.015625,0.00
randomArrays.txt,2,96,0.000942,0.000000,0.00
randomArrays.txt,3,96,0.000928,0.000000,0.00
randomArrays.txt,1,11,0.000025,0.000000,0.00
randomArrays.txt,2,11,0.000029,0.000000,0.00
randomArrays.txt,3,11,0.000025,0.000000,0.00
randomArrays.txt,1,311,0.008021,0.015625,0.00
randomArrays.txt,2,311,0.009488,0.000000,0.00
randomArrays.txt,3,311,0.008734,0.015625,0.00
randomArrays.txt,1,566,0.016111,0.015625,0.00
randomArrays.txt,2,566,0.035897,0.046875,0.00
randomArrays.txt,3,566,0.027107,0.015625,0.00
randomArrays.txt,1,328,0.007253,0.015625,0.00
randomArrays.txt,2,328,0.010387,0.000000,0.00
randomArrays.txt,3,328,0.010133,0.015625,0.00
randomArrays.txt,1,358,0.007774,0.015625,0.00
randomArrays.txt,2,358,0.005195,0.000000,0.00
randomArrays.txt,3,358,0.011677,0.015625,0.00
randomArrays.txt,1,674,0.028028,0.031250,0.00
randomArrays.txt,2,674,0.025440,0.015625,0.00
randomArrays.txt,3,674,0.024208,0.031250,0.00
randomArrays.txt,1,490,0.017356,0.015625,0.00
randomArrays.txt,2,490,0.021703,0.031250,0.00
randomArrays.txt,3,490,0.011216,0.000000,0.00
randomArrays.txt,1,36,0.000200,0.000000,0.00
randomArrays.txt,2,36,0.000201,0.000000,0.00
randomArrays.txt,3,36,0.000201,0.000000,0.00
randomArrays.txt,1,408,0.012520,0.000000,0.00
randomArrays.txt,2,408,0.013103,0.015625,0.00
randomArrays.txt,3,408,0.012868,0.015625,0.00
randomArrays.txt,1,49,0.000220,0.000000,0.00
randomArrays.txt,2,49,0.000223,0.000000,0.00
randomArrays.txt,3,49,0.000216,0.000000,0.00
randomArrays.txt,1,581,0.026807,0.031250,0.00
randomArrays.txt,2,581,0.020824,0.015625,0.00
randomArrays.txt,3,581,0.027180,0.015625,0.00
randomArrays.txt,1,879,0.048595,0.046875,0.00
randomArrays.txt,2,879,0.054165,0.046875,0.00
randomArrays.txt,3,879,0.057368,0.046875,0.00
randomArrays.txt,1,61,0.000358,0.000000,0.00
randomArrays.txt,2,61,0.000362,0.000000,0.00
randomArrays.txt,3,61,0.000363,0.000000,0.00
randomArrays.txt,1,656,0.060303,0.062500,0.00
randomArrays.txt,2,656,0.040307,0.031250,0.00
randomArrays.txt,3,656,0.040332,0.046875,0.00
randomArrays.txt,1,411,0.014352,0.015625,0.00
randomArrays.txt,2,411,0.007820,0.000000,0.00
randomArrays.txt,3,411,0.009278,0.000000,0.00
randomArrays.txt,1,361,0.009602,0.000000,0.00
randomArrays.txt,2,361,0.008773,0.000000,0.00
randomArrays.txt,3,361,0.009786,0.015625,0.00
randomArrays.txt,1,416,0.017731,0.015625,0.00
randomArrays.txt,2,416,0.015608,0.015625,0.00
randomArrays.txt,3,416,0.012306,0.015625,0.00
randomArrays.txt,1,92,0.000875,0.000000,0.00
randomArrays.txt,2,92,0.000894,0.000000,0.00
randomArrays.txt,3,92,0.000877,0.000000,0.00
randomArrays.txt,1,429,0.016936,0.015625,0.00
randomArrays.txt,2,429,0.017272,0.015625,0.00
randomArrays.txt,3,429,0.018373,0.015625,0.00
randomArrays.txt,1,658,0.044867,0.046875,0.00
randomArrays.txt,2,658,0.048383,0.046875,0.00
randomArrays.txt,3,658,0.036117,0.046875,0.00
randomArrays.txt,1,877,0.040289,0.031250,0.00
randomArrays.txt,2,877,0.050096,0.046875,0.00
randomArrays.txt,3,877,0.054021,0.062500,0.00
randomArrays.txt,1,780,0.045104,0.046875,0.00
randomArrays.txt,2,780,0.048888,0.046875,0.00
randomArrays.txt,3,780,0.047725,0.046875,0.00
randomArrays.txt,1,669,0.023723,0.031250,0.00
randomArrays.txt,2,669,0.021507,0.015625,0.00
randomArrays.txt,3,669,0.038961,0.046875,0.00
randomArrays.txt,1,394,0.009612,0.015625,0.00
randomArrays.txt,2,394,0.009870,0.000000,0.00
randomArrays.txt,3,394,0.006967,0.015625,0.00
randomArrays.txt,1,892,0.074932,0.078125,0.00
randomArrays.txt,2,892,0.073296,0.062500,0.00
randomArrays.txt,3,892,0.083049,0.062500,0.00
randomArrays.txt,1,180,0.003028,0.000000,0.00
randomArrays.txt,2,180,0.003013,0.000000,0.00
randomArrays.txt,3,180,0.006038,0.015625,0.00
randomArrays.txt,1,829,0.045884,0.046875,0.00
randomArrays.txt,2,829,0.043354,0.046875,0.00
randomArrays.txt,3,829,0.044702,0.046875,0.00
randomArrays.txt,1,255,0.006453,0.015625,0.00
randomArrays.txt,2,255,0.005491,0.000000,0.00
randomArrays.txt,3,255,0.004566,0.015625,0.00
randomArrays.txt,1,374,0.008593,0.015625,0.00
randomArrays.txt,2,374,0.010773,0.015625,0.00
randomArrays.txt,3,374,0.012342,0.000000,0.00
randomArrays.txt,1,37,0.000160,0.000000,0.00
randomArrays.txt,2,37,0.000156,0.000000,0.00
randomArrays.txt,3,37,0.000156,0.000000,0.00
randomArrays.txt,1,850,0.070678,0.062500,0.00
randomArrays.txt,2,850,0.055515,0.062500,0.00
randomArrays.txt,3,850,0.045434,0.046875,0.00
randomArrays.txt,1,419,0.012186,0.015625,0.00
randomArrays.txt,2,419,0.013529,0.000000,0.00
randomArrays.txt,3,419,0.017565,0.031250,0.00
randomArrays.txt,1,720,0.046491,0.046875,0.00
randomArrays.txt,2,720,0.034072,0.031250,0.00
randomArrays.txt,3,720,0.045202,0.046875,0.00
randomArrays.txt,1,378,0.010257,0.015625,0.00
randomArrays.txt,2,378,0.008490,0.000000,0.00
randomArrays.txt,3,378,0.012640,0.015625,0.00
randomArrays.txt,1,815,0.040013,0.046875,0.00
randomArrays.txt,2,815,0.037637,0.031250,0.00
randomArrays.txt,3,815,0.029832,0.031250,0.00
randomArrays.txt,1,566,0.026645,0.031250,0.00
randomArrays.txt,2,566,0.025076,0.031250,0.00
randomArrays.txt,3,566,0.021345,0.015625,0.00
randomArrays.txt,1,623,0.017942,0.015625,0.00
randomArrays.txt,2,623,0.015557,0.015625,0.00
randomArrays.txt,3,623,0.033268,0.031250,0.00
randomArrays.txt,1,597,0.021987,0.015625,0.00
randomArrays.txt,2,597,0.019672,0.031250,0.00
randomArrays.txt,3,597,0.028389,0.015625,0.00
randomArrays.txt,1,148,0.002081,0.000000,0.00
randomArrays.txt,2,148,0.002022,0.000000,0.00
randomArrays.txt,3,148,0.002059,0.000000,0.00
randomArrays.txt,1,580,0.027491,0.031250,0.00
randomArrays.txt,2,580,0.022398,0.015625,0.00
randomArrays.txt,3,580,0.013814,0.015625,0.00
randomArrays.txt,1,244,0.006562,0.000000,0.00
randomArrays.txt,2,244,0.005566,0.000000,0.00
randomArrays.txt,3,244,0.005659,0.000000,0.00
randomArrays.txt,1,703,0.129993,0.078125,0.00
randomArrays.txt,2,703,0.070902,0.062500,0.00
randomArrays.txt,3,703,0.038969,0.031250,0.00
randomArrays.txt,1,743,0.054948,0.046875,0.00
randomArrays.txt,2,743,0.070963,0.078125,0.00
randomArrays.txt,3,743,0.057100,0.062500,0.00
randomArrays.txt,1,284,0.007478,0.000000,0.00
randomArrays.txt,2,284,0.007201,0.015625,0.00
randomArrays.txt,3,284,0.007812,0.000000,0.00
randomArrays.txt,1,35,0.000202,0.015625,0.00
randomArrays.txt,2,35,0.000136,0.000000,0.00
randomArrays.txt,3,35,0.000191,0.000000,0.00
randomArrays.txt,1,39,0.000168,0.000000,0.00
randomArrays.txt,2,39,0.000256,0.000000,0.00
randomArrays.txt,3,39,0.000170,0.000000,0.00
randomArrays.txt,1,276,0.005908,0.000000,0.00
randomArrays.txt,2,276,0.005198,0.000000,0.00
randomArrays.txt,3,276,0.011564,0.000000,0.00
randomArrays.txt,1,494,0.019881,0.015625,0.00
randomArrays.txt,2,494,0.020114,0.015625,0.00
randomArrays.txt,3,494,0.019498,0.015625,0.00
randomArrays.txt,1,547,0.019260,0.015625,0.00
randomArrays.txt,2,547,0.027585,0.031250,0.00
randomArrays.txt,3,547,0.025977,0.031250,0.00
randomArrays.txt,1,837,0.060272,0.062500,0.00
randomArrays.txt,2,837,0.035692,0.031250,0.00
randomArrays.txt,3,837,0.030469,0.031250,0.00
randomArrays.txt,1,183,0.003587,0.000000,0.00
randomArrays.txt,2,183,0.001595,0.000000,0.00
randomArrays.txt,3,183,0.002123,0.000000,0.00
randomArrays.txt,1,360,0.011620,0.015625,0.00
randomArrays.txt,2,360,0.013232,0.015625,0.00
randomArrays.txt,3,360,0.010047,0.000000,0.00
randomArrays.txt,1,627,0.031839,0.031250,0.00
randomArrays.txt,2,627,0.026150,0.031250,0.00
randomArrays.txt,3,627,0.029975,0.031250,0.00
randomArrays.txt,1,833,0.033762,0.031250,0.00
randomArrays.txt,2,833,0.042302,0.031250,0.00
randomArrays.txt,3,833,0.063432,0.062500,0.00
randomArrays.txt,1,491,0.015589,0.015625,0.00
randomArrays.txt,2,491,0.023398,0.031250,0.00
randomArrays.txt,3,491,0.019334,0.015625,0.00
randomArrays.txt,1,623,0.032126,0.031250,0.00
randomArrays.txt,2,623,0.026715,0.031250,0.00
randomArrays.txt,3,623,0.036025,0.031250,0.00
randomArrays.txt,1,850,0.063729,0.062500,0.00
randomArrays.txt,2,850,0.067611,0.062500,0.00
randomArrays.txt,3,850,0.061107,0.062500,0.00
randomArrays.txt,1,35,0.000159,0.000000,0.00
randomArrays.txt,2,35,0.000112,0.000000,0.00
randomArrays.txt,3,35,0.000116,0.000000,0.00
randomArrays.txt,1,584,0.022966,0.015625,0.00
randomArrays.txt,2,584,0.029787,0.031250,0.00
randomArrays.txt,3,584,0.029448,0.031250,0.00
randomArrays.txt,1,34,0.000152,0.000000,0.00
randomArrays.txt,2,34,0.000152,0.000000,0.00
randomArrays.txt,3,34,0.000152,0.000000,0.00
randomArrays.txt,1,335,0.009504,0.000000,0.00
randomArrays.txt,2,335,0.009908,0.015625,0.00
randomArrays.txt,3,335,0.007091,0.015625,0.00
randomArrays.txt,1,145,0.001475,0.000000,0.00
randomArrays.txt,2,145,0.001500,0.015625,0.00
randomArrays.txt,3,145,0.001481,0.000000,0.00
randomArrays.txt,1,61,0.003761,0.000000,0.00
randomArrays.txt,2,61,0.000603,0.000000,0.00
randomArrays.txt,3,61,0.000527,0.000000,0.00
randomArrays.txt,1,88,0.001046,0.000000,0.00
randomArrays.txt,2,88,0.002778,0.000000,0.00
randomArrays.txt,3,88,0.000858,0.015625,0.00
randomArrays.txt,1,442,0.011586,0.000000,0.00
randomArrays.txt,2,442,0.016335,0.015625,0.00
randomArrays.txt,3,442,0.008377,0.000000,0.00
randomArrays.txt,1,729,0.029620,0.031250,0.00
randomArrays.txt,2,729,0.031092,0.031250,0.00
randomArrays.txt,3,729,0.057013,0.046875,0.00
randomArrays.txt,1,312,0.008290,0.000000,0.00
randomArrays.txt,2,312,0.005783,0.015625,0.00
randomArrays.txt,3,312,0.006320,0.000000,0.00
randomArrays.txt,1,620,0.021405,0.015625,0.00
randomArrays.txt,2,620,0.036830,0.046875,0.00
randomArrays.txt,3,620,0.033348,0.031250,0.00
randomArrays.txt,1,77,0.000611,0.000000,0.00
randomArrays.txt,2,77,0.000611,0.000000,0.00
randomArrays.txt,3,77,0.000603,0.000000,0.00
randomArrays.txt,1,784,0.051064,0.062500,0.00
randomArrays.txt,2,784,0.030060,0.031250,0.00
randomArrays.txt,3,784,0.057655,0.046875,0.00
randomArrays.txt,1,720,0.048473,0.046875,0.00
randomArrays.txt,2,720,0.038358,0.031250,0.00
randomArrays.txt,3,720,0.029675,0.031250,0.00
randomArrays.txt,1,796,0.037558,0.046875,0.00
randomArrays.txt,2,796,0.036613,0.031250,0.00
randomArrays.txt,3,796,0.050035,0.046875,0.00
randomArrays.txt,1,81,0.000817,0.000000,0.00
randomArrays.txt,2,81,0.000800,0.000000,0.00
randomArrays.txt,3,81,0.000603,0.000000,0.00
randomArrays.txt,1,900,0.045262,0.046875,0.00
randomArrays.txt,2,900,0.037778,0.046875,0.00
randomArrays.txt,3,900,0.073112,0.062500,0.00
randomArrays.txt,1,570,0.027691,0.031250,0.00
randomArrays.txt,2,570,0.019464,0.015625,0.00
randomArrays.txt,3,570,0.017855,0.031250,0.00
randomArrays.txt,1,749,0.048078,0.046875,0.00
randomArrays.txt,2,749,0.052709,0.062500,0.00
randomArrays.txt,3,749,0.060381,0.031250,0.00
randomArrays.txt,1,723,0.040246,0.031250,0.00
randomArrays.txt,2,723,0.058718,0.062500,0.00
randomArrays.txt,3,723,0.043785,0.046875,0.00
randomArrays.txt,1,54,0.000319,0.000000,0.00
randomArrays.txt,2,54,0.000318,0.000000,0.00
randomArrays.txt,3,54,0.000320,0.000000,0.00
randomArrays.txt,1,261,0.006133,0.000000,0.00
randomArrays.txt,2,261,0.005486,0.015625,0.00
randomArrays.txt,3,261,0.003100,0.000000,0.00
randomArrays.txt,1,831,0.061115,0.046875,0.00
randomArrays.txt,2,831,0.029815,0.031250,0.00
randomArrays.txt,3,831,0.074542,0.078125,0.00
randomArrays.txt,1,133,0.001717,0.015625,0.00
randomArrays.txt,2,133,0.001697,0.000000,0.00
randomArrays.txt,3,133,0.001841,0.000000,0.00
randomArrays.txt,1,165,0.002750,0.015625,0.00
randomArrays.txt,2,165,0.002743,0.000000,0.00
randomArrays.txt,3,165,0.002546,0.000000,0.00
randomArrays.txt,1,441,0.009899,0.000000,0.00
randomArrays.txt,2,441,0.016051,0.015625,0.00
randomArrays.txt,3,441,0.015902,0.015625,0.00
randomArrays.txt,1,782,0.070327,0.062500,0.00
randomArrays.txt,2,782,0.059708,0.062500,0.00
randomArrays.txt,3,782,0.041198,0.046875,0.00
randomArrays.txt,1,384,0.012363,0.015625,0.00
randomArrays.txt,2,384,0.006471,0.000000,0.00
randomArrays.txt,3,384,0.012124,0.015625,0.00
randomArrays.txt,1,283,0.008323,0.015625,0.00
randomArrays.txt,2,283,0.006083,0.000000,0.00
randomArrays.txt,3,283,0.005782,0.015625,0.00
randomArrays.txt,1,71,0.000530,0.000000,0.00
randomArrays.txt,2,71,0.000513,0.000000,0.00
randomArrays.txt,3,71,0.000534,0.000000,0.00
randomArrays.txt,1,374,0.008676,0.000000,0.00
randomArrays.txt,2,374,0.013122,0.015625,0.00
randomArrays.txt,3,374,0.011591,0.015625,0.00
randomArrays.txt,1,204,0.004230,0.000000,0.00
randomArrays.txt,2,204,0.004024,0.000000,0.00
randomArrays.txt,3,204,0.002382,0.000000,0.00
randomArrays.txt,1,437,0.010980,0.015625,0.00
randomArrays.txt,2,437,0.008366,0.015625,0.00
randomArrays.txt,3,437,0.019419,0.015625,0.00
randomArrays.txt,1,662,0.026135,0.031250,0.00
randomArrays.txt,2,662,0.029728,0.031250,0.00
randomArrays.txt,3,662,0.020464,0.015625,0.00
randomArrays.txt,1,821,0.034142,0.031250,0.00
randomArrays.txt,2,821,0.060299,0.062500,0.00
randomArrays.txt,3,821,0.056474,0.062500,0.00
randomArrays.txt,1,198,0.003331,0.000000,0.00
randomArrays.txt,2,198,0.003524,0.000000,0.00
randomArrays.txt,3,198,0.002770,0.000000,0.00
randomArrays.txt,1,776,0.038426,0.031250,0.00
randomArrays.txt,2,776,0.049894,0.046875,0.00
randomArrays.txt,3,776,0.035399,0.046875,0.00
randomArrays.txt,1,124,0.001459,0.000000,0.00
randomArrays.txt,2,124,0.001428,0.000000,0.00
randomArrays.txt,3,124,0.001455,0.000000,0.00
randomArrays.txt,1,202,0.003822,0.015625,0.00
randomArrays.txt,2,202,0.002245,0.000000,0.00
randomArrays.txt,3,202,0.003767,0.000000,0.00
randomArrays.txt,1,806,0.040738,0.031250,0.00
randomArrays.txt,2,806,0.057573,0.062500,0.00
randomArrays.txt,3,806,0.059945,0.062500,0.00
randomArrays.txt,1,448,0.016925,0.015625,0.00
randomArrays.txt,2,448,0.019255,0.015625,0.00
randomArrays.txt,3,448,0.009053,0.015625,0.00
randomArrays.txt,1,383,0.005876,0.000000,0.00
randomArrays.txt,2,383,0.013781,0.015625,0.00
randomArrays.txt,3,383,0.011047,0.015625,0.00
randomArrays.txt,1,714,0.029215,0.031250,0.00
randomArrays.txt,2,714,0.044265,0.046875,0.00
randomArrays.txt,3,714,0.027599,0.031250,0.00
randomArrays.txt,1,528,0.017042,0.015625,0.00
randomArrays.txt,2,528,0.026662,0.015625,0.00
randomArrays.txt,3,528,0.023423,0.031250,0.00
randomArrays.txt,1,137,0.001233,0.000000,0.00
randomArrays.txt,2,137,0.001727,0.000000,0.00
randomArrays.txt,3,137,0.001755,0.000000,0.00
randomArrays.txt,1,122,0.001432,0.000000,0.00
randomArrays.txt,2,122,0.001439,0.000000,0.00
randomArrays.txt,3,122,0.001460,0.000000,0.00
randomArrays.txt,1,883,0.056308,0.046875,0.00
randomArrays.txt,2,883,0.048093,0.046875,0.00
randomArrays.txt,3,883,0.057180,0.062500,0.00
randomArrays.txt,1,614,0.024914,0.031250,0.00
randomArrays.txt,2,614,0.035351,0.031250,0.00
randomArrays.txt,3,614,0.032657,0.031250,0.00
randomArrays.txt,1,841,0.064755,0.062500,0.00
randomArrays.txt,2,841,0.072573,0.078125,0.00
randomArrays.txt,3,841,0.080204,0.078125,0.00
randomArrays.txt,1,471,0.016247,0.015625,0.00
randomArrays.txt,2,471,0.011922,0.000000,0.00
randomArrays.txt,3,471,0.020872,0.031250,0.00
randomArrays.txt,1,871,0.060016,0.062500,0.00
randomArrays.txt,2,871,0.046488,0.046875,0.00
randomArrays.txt,3,871,0.073657,0.062500,0.00
randomArrays.txt,1,238,0.003104,0.000000,0.00
randomArrays.txt,2,238,0.006145,0.000000,0.00
randomArrays.txt,3,238,0.005663,0.015625,0.00
randomArrays.txt,1,772,0.058159,0.062500,0.00
randomArrays.txt,2,772,0.035211,0.031250,0.00
randomArrays.txt,3,772,0.064960,0.062500,0.00
randomArrays.txt,1,334,0.007307,0.015625,0.00
randomArrays.txt,2,334,0.008524,0.000000,0.00
randomArrays.txt,3,334,0.009951,0.000000,0.00
randomArrays.txt,1,274,0.006308,0.000000,0.00
randomArrays.txt,2,274,0.005317,0.015625,0.00
randomArrays.txt,3,274,0.005228,0.000000,0.00
randomArrays.txt,1,385,0.012581,0.015625,0.00
randomArrays.txt,2,385,0.010112,0.000000,0.00
randomArrays.txt,3,385,0.012760,0.015625,0.00
randomArrays.txt,1,455,0.009130,0.000000,0.00
randomArrays.txt,2,455,0.019257,0.031250,0.00
randomArrays.txt,3,455,0.018166,0.015625,0.00
randomArrays.txt,1,202,0.003474,0.000000,0.00
randomArrays.txt,2,202,0.003637,0.015625,0.00
randomArrays.txt,3,202,0.003713,0.000000,0.00
randomArrays.txt,1,349,0.005666,0.015625,0.00
randomArrays.txt,2,349,0.009157,0.000000,0.00
randomArrays.txt,3,349,0.005921,0.015625,0.00
randomArrays.txt,1,170,0.002597,0.000000,0.00
randomArrays.txt,2,170,0.002555,0.000000,0.00
randomArrays.txt,3,170,0.002190,0.000000,0.00
randomArrays.txt,1,365,0.010125,0.000000,0.00
randomArrays.txt,2,365,0.011092,0.015625,0.00
randomArrays.txt,3,365,0.012803,0.015625,0.00
randomArrays.txt,1,368,0.009393,0.000000,0.00
randomArrays.txt,2,368,0.017832,0.031250,0.00
randomArrays.txt,3,368,0.029477,0.031250,0.00
randomArrays.txt,1,851,0.052344,0.046875,0.00
randomArrays.txt,2,851,0.055702,0.062500,0.00
randomArrays.txt,3,851,0.053491,0.046875,0.00
randomArrays.txt,1,736,0.031168,0.031250,0.00
randomArrays.txt,2,736,0.030387,0.031250,0.00
randomArrays.txt,3,736,0.053748,0.046875,0.00
randomArrays.txt,1,64,0.000540,0.000000,0.00
randomArrays.txt,2,64,0.000596,0.000000,0.00
randomArrays.txt,3,64,0.000599,0.000000,0.00
randomArrays.txt,1,371,0.017773,0.015625,0.00
randomArrays.txt,2,371,0.013767,0.015625,0.00
randomArrays.txt,3,371,0.012265,0.015625,0.00
randomArrays.txt,1,758,0.035932,0.031250,0.00
randomArrays.txt,2,758,0.052312,0.046875,0.00
randomArrays.txt,3,758,0.046553,0.046875,0.00
randomArrays.txt,1,565,0.025942,0.031250,0.00
randomArrays.txt,2,565,0.023978,0.015625,0.00
randomArrays.txt,3,565,0.026091,0.031250,0.00
randomArrays.txt,1,246,0.003740,0.000000,0.00
randomArrays.txt,2,246,0.006160,0.000000,0.00
randomArrays.txt,3,246,0.004246,0.000000,0.00
randomArrays.txt,1,390,0.006541,0.000000,0.00
randomArrays.txt,2,390,0.007438,0.015625,0.00
randomArrays.txt,3,390,0.005726,0.000000,0.00
randomArrays.txt,1,833,0.065230,0.062500,0.00
randomArrays.txt,2,833,0.048829,0.046875,0.00
randomArrays.txt,3,833,0.041618,0.046875,0.00
randomArrays.txt,1,359,0.005286,0.000000,0.00
randomArrays.txt,2,359,0.007292,0.015625,0.00
randomArrays.txt,3,359,0.012949,0.015625,0.00
randomArrays.txt,1,647,0.040647,0.046875,0.00
randomArrays.txt,2,647,0.050224,0.046875,0.00
randomArrays.txt,3,647,0.034730,0.031250,0.00
randomArrays.txt,1,830,0.065089,0.062500,0.00
randomArrays.txt,2,830,0.064726,0.062500,0.00
randomArrays.txt,3,830,0.078256,0.062500,0.00
randomArrays.txt,1,790,0.059519,0.062500,0.00
randomArrays.txt,2,790,0.047450,0.046875,0.00
randomArrays.txt,3,790,0.057860,0.046875,0.00
randomArrays.txt,1,789,0.042856,0.046875,0.00
randomArrays.txt,2,789,0.050285,0.046875,0.00
randomArrays.txt,3,789,0.063616,0.062500,0.00
randomArrays.txt,1,33,0.000111,0.000000,0.00
randomArrays.txt,2,33,0.000107,0.000000,0.00
randomArrays.txt,3,33,0.000108,0.000000,0.00
randomArrays.txt,1,324,0.009822,0.015625,0.00
randomArrays.txt,2,324,0.006528,0.000000,0.00
randomArrays.txt,3,324,0.006469,0.015625,0.00
randomArrays.txt,1,460,0.013072,0.015625,0.00
randomArrays.txt,2,460,0.018737,0.015625,0.00
randomArrays.txt,3,460,0.019621,0.031250,0.00
randomArrays.txt,1,660,0.034889,0.046875,0.00
randomArrays.txt,2,660,0.023439,0.015625,0.00
randomArrays.txt,3,660,0.023355,0.031250,0.00
randomArrays.txt,1,553,0.025657,0.031250,0.00
randomArrays.txt,2,553,0.016997,0.015625,0.00
randomArrays.txt,3,553,0.017704,0.015625,0.00
randomArrays.txt,1,181,0.003563,0.000000,0.00
randomArrays.txt,2,181,0.002890,0.000000,0.00
randomArrays.txt,3,181,0.004089,0.015625,0.00
randomArrays.txt,1,106,0.001114,0.000000,0.00
randomArrays.txt,2,106,0.001113,0.000000,0.00
randomArrays.txt,3,106,0.001111,0.000000,0.00
randomArrays.txt,1,198,0.003555,0.015625,0.00
randomArrays.txt,2,198,0.004332,0.000000,0.00
randomArrays.txt,3,198,0.003634,0.000000,0.00
randomArrays.txt,1,795,0.049838,0.046875,0.00
randomArrays.txt,2,795,0.058724,0.062500,0.00
randomArrays.txt,3,795,0.049964,0.046875,0.00
randomArrays.txt,1,149,0.002056,0.000000,0.00
randomArrays.txt,2,149,0.002062,0.000000,0.00
randomArrays.txt,3,149,0.001803,0.000000,0.00
randomArrays.txt,1,42,0.000208,0.000000,0.00
randomArrays.txt,2,42,0.000149,0.000000,0.00
randomArrays.txt,3,42,0.000146,0.000000,0.00
randomArrays.txt,1,538,0.015180,0.015625,0.00
randomArrays.txt,2,538,0.026192,0.015625,0.00
randomArrays.txt,3,538,0.018472,0.031250,0.00
randomArrays.txt,1,405,0.011870,0.015625,0.00
randomArrays.txt,2,405,0.013792,0.015625,0.00
randomArrays.txt,3,405,0.016356,0.015625,0.00
randomArrays.txt,1,741,0.047559,0.062500,0.00
randomArrays.txt,2,741,0.043368,0.031250,0.00
randomArrays.txt,3,741,0.050976,0.062500,0.00
randomArrays.txt,1,88,0.000790,0.000000,0.00
randomArrays.txt,2,88,0.000780,0.000000,0.00
randomArrays.txt,3,88,0.000781,0.000000,0.00
randomArrays.txt,1,896,0.076814,0.078125,0.00
randomArrays.txt,2,896,0.046331,0.046875,0.00
randomArrays.txt,3,896,0.075522,0.078125,0.00
randomArrays.txt,1,574,0.029609,0.031250,0.00
randomArrays.txt,2,574,0.033006,0.031250,0.00
randomArrays.txt,3,574,0.030954,0.031250,0.00
randomArrays.txt,1,34,0.000148,0.000000,0.00
randomArrays.txt,2,34,0.000139,0.000000,0.00
randomArrays.txt,3,34,0.000141,0.000000,0.00
randomArrays.txt,1,83,0.000694,0.000000,0.00
randomArrays.txt,2,83,0.000765,0.000000,0.00
randomArrays.txt,3,83,0.000889,0.000000,0.00
randomArrays.txt,1,311,0.006719,0.015625,0.00
randomArrays.txt,2,311,0.006889,0.000000,0.00
randomArrays.txt,3,311,0.009077,0.015625,0.00
randomArrays.txt,1,168,0.002930,0.000000,0.00
randomArrays.txt,2,168,0.002988,0.000000,0.00
randomArrays.txt,3,168,0.002458,0.000000,0.00
randomArrays.txt,1,720,0.030062,0.031250,0.00
randomArrays.txt,2,720,0.037017,0.031250,0.00
randomArrays.txt,3,720,0.024646,0.031250,0.00
randomArrays.txt,1,499,0.021298,0.015625,0.00
randomArrays.txt,2,499,0.020385,0.015625,0.00
randomArrays.txt,3,499,0.020355,0.031250,0.00
randomArrays.txt,1,280,0.007586,0.000000,0.00
randomArrays.txt,2,280,0.007075,0.000000,0.00
randomArrays.txt,3,280,0.006776,0.000000,0.00
randomArrays.txt,1,351,0.013322,0.015625,0.00
randomArrays.txt,2,351,0.007047,0.000000,0.00
randomArrays.txt,3,351,0.011707,0.015625,0.00
randomArrays.txt,1,840,0.038232,0.046875,0.00
randomArrays.txt,2,840,0.048304,0.046875,0.00
randomArrays.txt,3,840,0.068540,0.062500,0.00
randomArrays.txt,1,826,0.055544,0.046875,0.00
randomArrays.txt,2,826,0.060078,0.062500,0.00
randomArrays.txt,3,826,0.063637,0.062500,0.00
randomArrays.txt,1,780,0.050483,0.046875,0.00
randomArrays.txt,2,780,0.040111,0.046875,0.00
randomArrays.txt,3,780,0.051555,0.046875,0.00
randomArrays.txt,1,592,0.023836,0.015625,0.00
randomArrays.txt,2,592,0.025585,0.031250,0.00
randomArrays.txt,3,592,0.021128,0.015625,0.00
randomArrays.txt,1,601,0.014831,0.015625,0.00
randomArrays.txt,2,601,0.021912,0.015625,0.00
randomArrays.txt,3,601,0.017887,0.031250,0.00
randomArrays.txt,1,630,0.024659,0.015625,0.00
randomArrays.txt,2,630,0.032866,0.031250,0.00
randomArrays.txt,3,630,0.038208,0.031250,0.00
randomArrays.txt,1,738,0.048854,0.046875,0.00
randomArrays.txt,2,738,0.030558,0.031250,0.00
randomArrays.txt,3,738,0.051590,0.046875,0.00
randomArrays.txt,1,43,0.000202,0.000000,0.00
randomArrays.txt,2,43,0.000201,0.000000,0.00
randomArrays.txt,3,43,0.000201,0.000000,0.00
randomArrays.txt,1,546,0.019502,0.015625,0.00
randomArrays.txt,2,546,0.028270,0.031250,0.00
randomArrays.txt,3,546,0.026670,0.031250,0.00
randomArrays.txt,1,118,0.001745,0.000000,0.00
randomArrays.txt,2,118,0.001436,0.000000,0.00
randomArrays.txt,3,118,0.001068,0.015625,0.00
randomArrays.txt,1,812,0.045583,0.046875,0.00
randomArrays.txt,2,812,0.053719,0.062500,0.00
randomArrays.txt,3,812,0.034639,0.031250,0.00
randomArrays.txt,1,636,0.021136,0.031250,0.00
randomArrays.txt,2,636,0.019407,0.015625,0.00
randomArrays.txt,3,636,0.032107,0.031250,0.00
randomArrays.txt,1,253,0.006351,0.000000,0.00
randomArrays.txt,2,253,0.007479,0.015625,0.00
randomArrays.txt,3,253,0.016410,0.015625,0.00
randomArrays.txt,1,443,0.018871,0.015625,0.00
randomArrays.txt,2,443,0.014252,0.015625,0.00
randomArrays.txt,3,443,0.018895,0.031250,0.00
randomArrays.txt,1,292,0.006928,0.000000,0.00
randomArrays.txt,2,292,0.004811,0.015625,0.00
randomArrays.txt,3,292,0.007774,0.000000,0.00
randomArrays.txt,1,723,0.033025,0.046875,0.00
randomArrays.txt,2,723,0.032688,0.031250,0.00
randomArrays.txt,3,723,0.052965,0.046875,0.00
randomArrays.txt,1,398,0.008772,0.015625,0.00
randomArrays.txt,2,398,0.006628,0.000000,0.00
randomArrays.txt,3,398,0.011836,0.000000,0.00
randomArrays.txt,1,368,0.015761,0.015625,0.00
randomArrays.txt,2,368,0.009355,0.000000,0.00
randomArrays.txt,3,368,0.012699,0.015625,0.00
randomArrays.txt,1,534,0.014865,0.015625,0.00
randomArrays.txt,2,534,0.013041,0.015625,0.00
randomArrays.txt,3,534,0.017342,0.015625,0.00
randomArrays.txt,1,899,0.055238,0.046875,0.00
randomArrays.txt,2,899,0.062570,0.062500,0.00
randomArrays.txt,3,899,0.059457,0.062500,0.00
randomArrays.txt,1,137,0.001775,0.000000,0.00
randomArrays.txt,2,137,0.001777,0.000000,0.00
randomArrays.txt,3,137,0.001783,0.000000,0.00
randomArrays.txt,1,187,0.005182,0.000000,0.00
randomArrays.txt,2,187,0.005233,0.015625,0.00
randomArrays.txt,3,187,0.005138,0.000000,0.00
randomArrays.txt,1,164,0.004172,0.000000,0.00
randomArrays.txt,2,164,0.005922,0.000000,0.00
randomArrays.txt,3,164,0.002830,0.015625,0.00
randomArrays.txt,1,735,0.047822,0.046875,0.00
randomArrays.txt,2,735,0.052318,0.062500,0.00
randomArrays.txt,3,735,0.051939,0.046875,0.00
randomArrays.txt,1,524,0.016651,0.015625,0.00
randomArrays.txt,2,524,0.014260,0.015625,0.00
randomArrays.txt,3,524,0.026812,0.031250,0.00
randomArrays.txt,1,512,0.016566,0.015625,0.00
randomArrays.txt,2,512,0.019938,0.015625,0.00
randomArrays.txt,3,512,0.022496,0.031250,0.00
randomArrays.txt,1,15,0.000052,0.000000,0.00
randomArrays.txt,2,15,0.000027,0.000000,0.00
randomArrays.txt,3,15,0.000054,0.000000,0.00
randomArrays.txt,1,737,0.049282,0.031250,0.00
randomArrays.txt,2,737,0.051670,0.046875,0.00
randomArrays.txt,3,737,0.049110,0.046875,0.00
randomArrays.txt,1,616,0.030731,0.031250,0.00
randomArrays.txt,2,616,0.049740,0.046875,0.00
randomArrays.txt,3,616,0.031551,0.031250,0.00
randomArrays.txt,1,349,0.015613,0.015625,0.00
randomArrays.txt,2,349,0.012680,0.015625,0.00
randomArrays.txt,3,349,0.011812,0.015625,0.00
randomArrays.txt,1,645,0.039167,0.031250,0.00
randomArrays.txt,2,645,0.017073,0.015625,0.00
randomArrays.txt,3,645,0.024353,0.031250,0.00
randomArrays.txt,1,502,0.014990,0.015625,0.00
randomArrays.txt,2,502,0.017870,0.015625,0.00
randomArrays.txt,3,502,0.011606,0.015625,0.00
randomArrays.txt,1,778,0.054049,0.046875,0.00
randomArrays.txt,2,778,0.047222,0.046875,0.00
randomArrays.txt,3,778,0.039767,0.031250,0.00
randomArrays.txt,1,126,0.001655,0.000000,0.00
randomArrays.txt,2,126,0.001634,0.000000,0.00
randomArrays.txt,3,126,0.001193,0.000000,0.00
randomArrays.txt,1,836,0.043806,0.046875,0.00
randomArrays.txt,2,836,0.037901,0.031250,0.00
randomArrays.txt,3,836,0.046013,0.046875,0.00
randomArrays.txt,1,265,0.003352,0.000000,0.00
randomArrays.txt,2,265,0.003193,0.015625,0.00
randomArrays.txt,3,265,0.006859,0.000000,0.00
randomArrays.txt,1,694,0.027912,0.031250,0.00
randomArrays.txt,2,694,0.045635,0.046875,0.00
randomArrays.txt,3,694,0.038716,0.031250,0.00
randomArrays.txt,1,188,0.001753,0.015625,0.00
randomArrays.txt,2,188,0.003060,0.000000,0.00
randomArrays.txt,3,188,0.003259,0.000000,0.00
randomArrays.txt,1,282,0.003303,0.000000,0.00
randomArrays.txt,2,282,0.006816,0.000000,0.00
randomArrays.txt,3,282,0.006924,0.000000,0.00
randomArrays.txt,1,347,0.011342,0.000000,0.00
randomArrays.txt,2,347,0.005046,0.015625,0.00
randomArrays.txt,3,347,0.011448,0.015625,0.00
randomArrays.txt,1,768,0.052615,0.046875,0.00
randomArrays.txt,2,768,0.052781,0.046875,0.00
randomArrays.txt,3,768,0.039791,0.031250,0.00
randomArrays.txt,1,778,0.059625,0.062500,0.00
randomArrays.txt,2,778,0.042801,0.031250,0.00
randomArrays.txt,3,778,0.059592,0.046875,0.00
randomArrays.txt,1,549,0.027808,0.031250,0.00
randomArrays.txt,2,549,0.014596,0.015625,0.00
randomArrays.txt,3,549,0.031008,0.031250,0.00
randomArrays.txt,1,12,0.000024,0.000000,0.00
randomArrays.txt,2,12,0.000018,0.000000,0.00
randomArrays.txt,3,12,0.000032,0.000000,0.00
randomArrays.txt,1,336,0.007971,0.000000,0.00
randomArrays.txt,2,336,0.004833,0.000000,0.00
randomArrays.txt,3,336,0.010882,0.015625,0.00
randomArrays.txt,1,179,0.003039,0.000000,0.00
randomArrays.txt,2,179,0.003001,0.000000,0.00
randomArrays.txt,3,179,0.001773,0.000000,0.00
randomArrays.txt,1,634,0.030665,0.031250,0.00
randomArrays.txt,2,634,0.022044,0.031250,0.00
randomArrays.txt,3,634,0.027153,0.015625,0.00
randomArrays.txt,1,38,0.000140,0.000000,0.00
randomArrays.txt,2,38,0.000195,0.000000,0.00
randomArrays.txt,3,38,0.000146,0.000000,0.00
randomArrays.txt,1,123,0.001767,0.000000,0.00
randomArrays.txt,2,123,0.002275,0.000000,0.00
randomArrays.txt,3,123,0.001369,0.000000,0.00
randomArrays.txt,1,282,0.003674,0.000000,0.00
randomArrays.txt,2,282,0.007644,0.000000,0.00
randomArrays.txt,3,282,0.003585,0.015625,0.00
randomArrays.txt,1,452,0.014989,0.015625,0.00
randomArrays.txt,2,452,0.015666,0.015625,0.00
randomArrays.txt,3,452,0.025224,0.031250,0.00
randomArrays.txt,1,217,0.002524,0.000000,0.00
randomArrays.txt,2,217,0.004712,0.000000,0.00
randomArrays.txt,3,217,0.002551,0.000000,0.00
randomArrays.txt,1,629,0.021587,0.015625,0.00
randomArrays.txt,2,629,0.024516,0.015625,0.00
randomArrays.txt,3,629,0.025950,0.031250,0.00
randomArrays.txt,1,275,0.005291,0.000000,0.00
randomArrays.txt,2,275,0.005418,0.000000,0.00
randomArrays.txt,3,275,0.003561,0.015625,0.00
randomArrays.txt,1,66,0.000409,0.000000,0.00
randomArrays.txt,2,66,0.000583,0.000000,0.00
randomArrays.txt,3,66,0.000415,0.000000,0.00
randomArrays.txt,1,308,0.039590,0.000000,0.00
randomArrays.txt,2,308,0.013790,0.015625,0.00
randomArrays.txt,3,308,0.026797,0.015625,0.00
randomArrays.txt,1,809,0.062318,0.062500,0.00
randomArrays.txt,2,809,0.062821,0.062500,0.00
randomArrays.txt,3,809,0.030249,0.031250,0.00
randomArrays.txt,1,634,0.060126,0.046875,0.00
randomArrays.txt,2,634,0.046491,0.031250,0.00
randomArrays.txt,3,634,0.048961,0.031250,0.00
randomArrays.txt,1,478,0.034467,0.031250,0.00
randomArrays.txt,2,478,0.028835,0.031250,0.00
randomArrays.txt,3,478,0.024041,0.031250,0.00
randomArrays.txt,1,336,0.004929,0.000000,0.00
randomArrays.txt,2,336,0.009310,0.015625,0.00
randomArrays.txt,3,336,0.011141,0.000000,0.00
randomArrays.txt,1,672,0.027746,0.031250,0.00
randomArrays.txt,2,672,0.048121,0.046875,0.00
randomArrays.txt,3,672,0.031741,0.031250,0.00
randomArrays.txt,1,583,0.033544,0.031250,0.00
randomArrays.txt,2,583,0.032122,0.031250,0.00
randomArrays.txt,3,583,0.033344,0.046875,0.00
randomArrays.txt,1,413,0.010019,0.015625,0.00
randomArrays.txt,2,413,0.012874,0.000000,0.00
randomArrays.txt,3,413,0.007220,0.000000,0.00
randomArrays.txt,1,683,0.043841,0.046875,0.00
randomArrays.txt,2,683,0.025344,0.031250,0.00
randomArrays.txt,3,683,0.024409,0.015625,0.00
randomArrays.txt,1,463,0.014584,0.015625,0.00
randomArrays.txt,2,463,0.015450,0.015625,0.00
randomArrays.txt,3,463,0.008805,0.015625,0.00
randomArrays.txt,1,267,0.006745,0.015625,0.00
randomArrays.txt,2,267,0.008872,0.000000,0.00
randomArrays.txt,3,267,0.003759,0.015625,0.00
randomArrays.txt,1,73,0.000832,0.000000,0.00
randomArrays.txt,2,73,0.000849,0.000000,0.00
randomArrays.txt,3,73,0.000852,0.000000,0.00
randomArrays.txt,1,641,0.034343,0.031250,0.00
randomArrays.txt,2,641,0.035264,0.046875,0.00
randomArrays.txt,3,641,0.040127,0.031250,0.00
randomArrays.txt,1,827,0.030813,0.031250,0.00
randomArrays.txt,2,827,0.060893,0.062500,0.00
randomArrays.txt,3,827,0.048753,0.031250,0.00
randomArrays.txt,1,864,0.064898,0.062500,0.00
randomArrays.txt,2,864,0.063028,0.062500,0.00
randomArrays.txt,3,864,0.041234,0.046875,0.00
randomArrays.txt,1,672,0.030044,0.031250,0.00
randomArrays.txt,2,672,0.038462,0.031250,0.00
randomArrays.txt,3,672,0.040173,0.046875,0.00
randomArrays.txt,1,523,0.027775,0.031250,0.00
randomArrays.txt,2,523,0.037849,0.031250,0.00
randomArrays.txt,3,523,0.030198,0.015625,0.00
randomArrays.txt,1,113,0.001932,0.000000,0.00
randomArrays.txt,2,113,0.001991,0.000000,0.00
randomArrays.txt,3,113,0.001939,0.000000,0.00
randomArrays.txt,1,855,0.030549,0.031250,0.00
randomArrays.txt,2,855,0.050513,0.046875,0.00
randomArrays.txt,3,855,0.057704,0.046875,0.00
randomArrays.txt,1,764,0.052265,0.046875,0.00
randomArrays.txt,2,764,0.035564,0.031250,0.00
randomArrays.txt,3,764,0.040728,0.031250,0.00
randomArrays.txt,1,559,0.017348,0.015625,0.00
randomArrays.txt,2,559,0.028082,0.015625,0.00
randomArrays.txt,3,559,0.025217,0.031250,0.00
randomArrays.txt,1,256,0.006160,0.000000,0.00
randomArrays.txt,2,256,0.004859,0.000000,0.00
randomArrays.txt,3,256,0.006860,0.015625,0.00
randomArrays.txt,1,861,0.052481,0.062500,0.00
randomArrays.txt,2,861,0.052982,0.046875,0.00
randomArrays.txt,3,861,0.058002,0.062500,0.00
randomArrays.txt,1,215,0.002405,0.015625,0.00
randomArrays.txt,2,215,0.004682,0.000000,0.00
randomArrays.txt,3,215,0.002417,0.000000,0.00
randomArrays.txt,1,610,0.036268,0.031250,0.00
randomArrays.txt,2,610,0.041128,0.046875,0.00
randomArrays.txt,3,610,0.039143,0.031250,0.00
randomArrays.txt,1,133,0.001810,0.000000,0.00
randomArrays.txt,2,133,0.002060,0.000000,0.00
randomArrays.txt,3,133,0.001717,0.000000,0.00
randomArrays.txt,1,721,0.050283,0.031250,0.00
randomArrays.txt,2,721,0.058347,0.046875,0.00
randomArrays.txt,3,721,0.042210,0.046875,0.00
randomArrays.txt,1,826,0.051453,0.062500,0.00
randomArrays.txt,2,826,0.067624,0.062500,0.00
randomArrays.txt,3,826,0.067407,0.062500,0.00
randomArrays.txt,1,732,0.051738,0.046875,0.00
randomArrays.txt,2,732,0.034744,0.031250,0.00
randomArrays.txt,3,732,0.038083,0.046875,0.00
randomArrays.txt,1,218,0.003423,0.000000,0.00
randomArrays.txt,2,218,0.003832,0.000000,0.00
randomArrays.txt,3,218,0.003891,0.015625,0.00
randomArrays.txt,1,897,0.072492,0.062500,0.00
randomArrays.txt,2,897,0.058097,0.062500,0.00
randomArrays.txt,3,897,0.067216,0.062500,0.00
randomArrays.txt,1,95,0.000956,0.000000,0.00
randomArrays.txt,2,95,0.000903,0.000000,0.00
randomArrays.txt,3,95,0.000890,0.000000,0.00
randomArrays.txt,1,596,0.026595,0.031250,0.00
randomArrays.txt,2,596,0.034231,0.031250,0.00
randomArrays.txt,3,596,0.020724,0.015625,0.00
randomArrays.txt,1,333,0.008003,0.015625,0.00
randomArrays.txt,2,333,0.015533,0.015625,0.00
randomArrays.txt,3,333,0.005243,0.000000,0.00
randomArrays.txt,1,139,0.002022,0.000000,0.00
randomArrays.txt,2,139,0.003289,0.000000,0.00
randomArrays.txt,3,139,0.001850,0.000000,0.00
randomArrays.txt,1,90,0.000738,0.000000,0.00
randomArrays.txt,2,90,0.000723,0.000000,0.00
randomArrays.txt,3,90,0.000722,0.015625,0.00
randomArrays.txt,1,724,0.026700,0.031250,0.00
randomArrays.txt,2,724,0.037963,0.046875,0.00
randomArrays.txt,3,724,0.052056,0.046875,0.00
randomArrays.txt,1,24,0.000059,0.000000,0.00
randomArrays.txt,2,24,0.000075,0.000000,0.00
randomArrays.txt,3,24,0.000060,0.000000,0.00
randomArrays.txt,1,182,0.003052,0.015625,0.00
randomArrays.txt,2,182,0.003039,0.000000,0.00
randomArrays.txt,3,182,0.003020,0.000000,0.00
randomArrays.txt,1,440,0.010167,0.000000,0.00
randomArrays.txt,2,440,0.008157,0.000000,0.00
randomArrays.txt,3,440,0.019183,0.015625,0.00
randomArrays.txt,1,521,0.025736,0.031250,0.00
randomArrays.txt,2,521,0.023317,0.031250,0.00
randomArrays.txt,3,521,0.016118,0.015625,0.00
randomArrays.txt,1,653,0.038525,0.031250,0.00
randomArrays.txt,2,653,0.022346,0.031250,0.00
randomArrays.txt,3,653,0.033640,0.031250,0.00
randomArrays.txt,1,422,0.012262,0.000000,0.00
randomArrays.txt,2,422,0.013198,0.015625,0.00
randomArrays.txt,3,422,0.013843,0.015625,0.00
randomArrays.txt,1,399,0.012141,0.015625,0.00
randomArrays.txt,2,399,0.006758,0.015625,0.00
randomArrays.txt,3,399,0.010950,0.000000,0.00
randomArrays.txt,1,148,0.002186,0.000000,0.00
randomArrays.txt,2,148,0.002107,0.000000,0.00
randomArrays.txt,3,148,0.002311,0.000000,0.00
randomArrays.txt,1,651,0.019999,0.031250,0.00
randomArrays.txt,2,651,0.060005,0.062500,0.00
randomArrays.txt,3,651,0.021305,0.015625,0.00
randomArrays.txt,1,205,0.004139,0.000000,0.00
randomArrays.txt,2,205,0.003761,0.015625,0.00
randomArrays.txt,3,205,0.003771,0.000000,0.00
randomArrays.txt,1,713,0.048248,0.046875,0.00
randomArrays.txt,2,713,0.041919,0.046875,0.00
randomArrays.txt,3,713,0.037485,0.031250,0.00
randomArrays.txt,1,335,0.008176,0.000000,0.00
randomArrays.txt,2,335,0.009221,0.015625,0.00
randomArrays.txt,3,335,0.008525,0.000000,0.00
randomArrays.txt,1,800,0.051621,0.046875,0.00
randomArrays.txt,2,800,0.034287,0.031250,0.00
randomArrays.txt,3,800,0.044601,0.046875,0.00
randomArrays.txt,1,263,0.006654,0.000000,0.00
randomArrays.txt,2,263,0.007903,0.015625,0.00
randomArrays.txt,3,263,0.003142,0.000000,0.00
randomArrays.txt,1,305,0.009301,0.000000,0.00
randomArrays.txt,2,305,0.006713,0.000000,0.00
randomArrays.txt,3,305,0.008501,0.015625,0.00
randomArrays.txt,1,772,0.051915,0.046875,0.00
randomArrays.txt,2,772,0.053890,0.062500,0.00
randomArrays.txt,3,772,0.035967,0.031250,0.00
randomArrays.txt,1,760,0.082452,0.078125,0.00
randomArrays.txt,2,760,0.050294,0.062500,0.00
randomArrays.txt,3,760,0.055888,0.046875,0.00
randomArrays.txt,1,468,0.008846,0.015625,0.00
randomArrays.txt,2,468,0.018039,0.015625,0.00
randomArrays.txt,3,468,0.018297,0.015625,0.00
randomArrays.txt,1,542,0.021433,0.015625,0.00
randomArrays.txt,2,542,0.027673,0.031250,0.00
randomArrays.txt,3,542,0.027458,0.031250,0.00
randomArrays.txt,1,137,0.002082,0.015625,0.00
randomArrays.txt,2,137,0.001597,0.000000,0.00
randomArrays.txt,3,137,0.002073,0.000000,0.00
randomArrays.txt,1,877,0.078344,0.078125,0.00
randomArrays.txt,2,877,0.058559,0.062500,0.00
randomArrays.txt,3,877,0.053337,0.046875,0.00
randomArrays.txt,1,407,0.014158,0.015625,0.00
randomArrays.txt,2,407,0.010014,0.015625,0.00
randomArrays.txt,3,407,0.012908,0.000000,0.00
randomArrays.txt,1,13,0.000032,0.000000,0.00
randomArrays.txt,2,13,0.000033,0.000000,0.00
randomArrays.txt,3,13,0.000032,0.000000,0.00
randomArrays.txt,1,857,0.045025,0.046875,0.00
randomArrays.txt,2,857,0.069067,0.078125,0.00
randomArrays.txt,3,857,0.050103,0.046875,0.00
randomArrays.txt,1,792,0.055035,0.062500,0.00
randomArrays.txt,2,792,0.061515,0.046875,0.00
randomArrays.txt,3,792,0.061677,0.062500,0.00
randomArrays.txt,1,190,0.003438,0.000000,0.00
randomArrays.txt,2,190,0.003390,0.000000,0.00
randomArrays.txt,3,190,0.003784,0.015625,0.00
randomArrays.txt,1,859,0.054475,0.046875,0.00
randomArrays.txt,2,859,0.065342,0.078125,0.00
randomArrays.txt,3,859,0.030564,0.031250,0.00
randomArrays.txt,1,816,0.048555,0.046875,0.00
randomArrays.txt,2,816,0.046779,0.046875,0.00
randomArrays.txt,3,816,0.028428,0.031250,0.00
randomArrays.txt,1,241,0.002951,0.015625,0.00
randomArrays.txt,2,241,0.006446,0.000000,0.00
randomArrays.txt,3,241,0.003402,0.000000,0.00
randomArrays.txt,1,155,0.001486,0.000000,0.00
randomArrays.txt,2,155,0.002919,0.000000,0.00
randomArrays.txt,3,155,0.002301,0.000000,0.00
randomArrays.txt,1,625,0.023448,0.015625,0.00
randomArrays.txt,2,625,0.039967,0.046875,0.00
randomArrays.txt,3,625,0.040233,0.046875,0.00
randomArrays.txt,1,573,0.033707,0.031250,0.00
randomArrays.txt,2,573,0.033234,0.046875,0.00
randomArrays.txt,3,573,0.033317,0.031250,0.00
randomArrays.txt,1,278,0.011974,0.000000,0.00
randomArrays.txt,2,278,0.008316,0.000000,0.00
randomArrays.txt,3,278,0.008983,0.015625,0.00
randomArrays.txt,1,67,0.000352,0.015625,0.00
randomArrays.txt,2,67,0.000351,0.000000,0.00
randomArrays.txt,3,67,0.000355,0.000000,0.00
randomArrays.txt,1,785,0.055208,0.062500,0.00
randomArrays.txt,2,785,0.064170,0.062500,0.00
randomArrays.txt,3,785,0.053586,0.046875,0.00
randomArrays.txt,1,576,0.035506,0.031250,0.00
randomArrays.txt,2,576,0.025711,0.015625,0.00
randomArrays.txt,3,576,0.070257,0.046875,0.00
randomArrays.txt,1,274,0.005453,0.015625,0.00
randomArrays.txt,2,274,0.006041,0.000000,0.00
randomArrays.txt,3,274,0.006040,0.000000,0.00
randomArrays.txt,1,827,0.069022,0.078125,0.00
randomArrays.txt,2,827,0.061641,0.062500,0.00
randomArrays.txt,3,827,0.067881,0.062500,0.00
randomArrays.txt,1,246,0.005467,0.000000,0.00
randomArrays.txt,2,246,0.005148,0.000000,0.00
randomArrays.txt,3,246,0.001985,0.000000,0.00
randomArrays.txt,1,497,0.021457,0.015625,0.00
randomArrays.txt,2,497,0.018015,0.015625,0.00
randomArrays.txt,3,497,0.022133,0.031250,0.00
randomArrays.txt,1,98,0.001033,0.000000,0.00
randomArrays.txt,2,98,0.001001,0.000000,0.00
randomArrays.txt,3,98,0.001015,0.000000,0.00
randomArrays.txt,1,87,0.001015,0.000000,0.00
randomArrays.txt,2,87,0.001129,0.000000,0.00
randomArrays.txt,3,87,0.000968,0.000000,0.00
randomArrays.txt,1,362,0.012147,0.015625,0.00
randomArrays.txt,2,362,0.011828,0.015625,0.00
randomArrays.txt,3,362,0.005517,0.000000,0.00
randomArrays.txt,1,748,0.055593,0.046875,0.00
randomArrays.txt,2,748,0.044336,0.046875,0.00
randomArrays.txt,3,748,0.048290,0.046875,0.00
randomArrays.txt,1,553,0.022971,0.031250,0.00
randomArrays.txt,2,553,0.025690,0.031250,0.00
randomArrays.txt,3,553,0.018346,0.015625,0.00
randomArrays.txt,1,24,0.000102,0.000000,0.00
randomArrays.txt,2,24,0.000111,0.000000,0.00
randomArrays.txt,3,24,0.000109,0.000000,0.00
randomArrays.txt,1,836,0.054418,0.046875,0.00
randomArrays.txt,2,836,0.039888,0.031250,0.00
randomArrays.txt,3,836,0.044753,0.046875,0.00
randomArrays.txt,1,524,0.012981,0.015625,0.00
randomArrays.txt,2,524,0.019102,0.015625,0.00
randomArrays.txt,3,524,0.049542,0.046875,0.00
randomArrays.txt,1,286,0.004993,0.000000,0.00
randomArrays.txt,2,286,0.006600,0.015625,0.00
randomArrays.txt,3,286,0.008233,0.000000,0.00
randomArrays.txt,1,379,0.012622,0.015625,0.00
randomArrays.txt,2,379,0.011973,0.015625,0.00
randomArrays.txt,3,379,0.006250,0.015625,0.00
randomArrays.txt,1,654,0.029503,0.031250,0.00
randomArrays.txt,2,654,0.024340,0.031250,0.00
randomArrays.txt,3,654,0.019899,0.015625,0.00
randomArrays.txt,1,795,0.029401,0.031250,0.00
randomArrays.txt,2,795,0.041548,0.046875,0.00
randomArrays.txt,3,795,0.054853,0.046875,0.00
randomArrays.txt,1,335,0.007468,0.000000,0.00
randomArrays.txt,2,335,0.010731,0.015625,0.00
randomArrays.txt,3,335,0.005678,0.015625,0.00
randomArrays.txt,1,218,0.004508,0.000000,0.00
randomArrays.txt,2,218,0.003571,0.000000,0.00
randomArrays.txt,3,218,0.004818,0.015625,0.00
randomArrays.txt,1,390,0.013658,0.015625,0.00
randomArrays.txt,2,390,0.012594,0.015625,0.00
randomArrays.txt,3,390,0.007979,0.000000,0.00
randomArrays.txt,1,80,0.000500,0.000000,0.00
randomArrays.txt,2,80,0.000508,0.000000,0.00
randomArrays.txt,3,80,0.001578,0.000000,0.00
randomArrays.txt,1,602,0.017110,0.015625,0.00
randomArrays.txt,2,602,0.053951,0.062500,0.00
randomArrays.txt,3,602,0.044722,0.046875,0.00
randomArrays.txt,1,687,0.046478,0.046875,0.00
randomArrays.txt,2,687,0.047017,0.046875,0.00
randomArrays.txt,3,687,0.044164,0.046875,0.00
randomArrays.txt,1,573,0.026251,0.031250,0.00
randomArrays.txt,2,573,0.032147,0.031250,0.00
randomArrays.txt,3,573,0.028625,0.031250,0.00
randomArrays.txt,1,857,0.043925,0.046875,0.00
randomArrays.txt,2,857,0.061253,0.046875,0.00
randomArrays.txt,3,857,0.068131,0.062500,0.00
randomArrays.txt,1,484,0.020803,0.031250,0.00
randomArrays.txt,2,484,0.017604,0.015625,0.00
randomArrays.txt,3,484,0.017813,0.015625,0.00
randomArrays.txt,1,633,0.019015,0.015625,0.00
randomArrays.txt,2,633,0.037640,0.031250,0.00
randomArrays.txt,3,633,0.032899,0.031250,0.00
randomArrays.txt,1,393,0.012488,0.015625,0.00
randomArrays.txt,2,393,0.007388,0.000000,0.00
randomArrays.txt,3,393,0.005940,0.015625,0.00
randomArrays.txt,1,718,0.040726,0.046875,0.00
randomArrays.txt,2,718,0.048226,0.046875,0.00
randomArrays.txt,3,718,0.026497,0.031250,0.00
randomArrays.txt,1,330,0.014354,0.015625,0.00
randomArrays.txt,2,330,0.010795,0.015625,0.00
randomArrays.txt,3,330,0.010709,0.000000,0.00
randomArrays.txt,1,273,0.009692,0.015625,0.00
randomArrays.txt,2,273,0.008748,0.000000,0.00
randomArrays.txt,3,273,0.006852,0.015625,0.00
randomArrays.txt,1,323,0.009527,0.015625,0.00
randomArrays.txt,2,323,0.008676,0.015625,0.00
randomArrays.txt,3,323,0.006522,0.000000,0.00
randomArrays.txt,1,156,0.002313,0.000000,0.00
randomArrays.txt,2,156,0.003280,0.000000,0.00
randomArrays.txt,3,156,0.002423,0.015625,0.00
randomArrays.txt,1,202,0.003804,0.000000,0.00
randomArrays.txt,2,202,0.004881,0.000000,0.00
randomArrays.txt,3,202,0.004249,0.015625,0.00
randomArrays.txt,1,201,0.004073,0.015625,0.00
randomArrays.txt,2,201,0.005014,0.000000,0.00
randomArrays.txt,3,201,0.004069,0.000000,0.00
randomArrays.txt,1,230,0.002274,0.000000,0.00
randomArrays.txt,2,230,0.005031,0.000000,0.00
randomArrays.txt,3,230,0.005188,0.000000,0.00
randomArrays.txt,1,399,0.007726,0.000000,0.00
randomArrays.txt,2,399,0.012563,0.015625,0.00
randomArrays.txt,3,399,0.011023,0.015625,0.00
randomArrays.txt,1,354,0.006970,0.000000,0.00
randomArrays.txt,2,354,0.007972,0.015625,0.00
randomArrays.txt,3,354,0.011548,0.000000,0.00
randomArrays.txt,1,334,0.012169,0.015625,0.00
randomArrays.txt,2,334,0.015780,0.015625,0.00
randomArrays.txt,3,334,0.010726,0.015625,0.00
randomArrays.txt,1,538,0.021208,0.015625,0.00
randomArrays.txt,2,538,0.022538,0.015625,0.00
randomArrays.txt,3,538,0.024544,0.031250,0.00
randomArrays.txt,1,238,0.003451,0.000000,0.00
randomArrays.txt,2,238,0.005540,0.015625,0.00
randomArrays.txt,3,238,0.004073,0.000000,0.00
randomArrays.txt,1,415,0.013504,0.015625,0.00
randomArrays.txt,2,415,0.016610,0.015625,0.00
randomArrays.txt,3,415,0.049722,0.015625,0.00
randomArrays.txt,1,498,0.011206,0.015625,0.00
randomArrays.txt,2,498,0.010624,0.000000,0.00
randomArrays.txt,3,498,0.010496,0.015625,0.00
randomArrays.txt,1,193,0.003723,0.000000,0.00
randomArrays.txt,2,193,0.004786,0.000000,0.00
randomArrays.txt,3,193,0.005514,0.015625,0.00
randomArrays.txt,1,125,0.001800,0.000000,0.00
randomArrays.txt,2,125,0.001524,0.000000,0.00
randomArrays.txt,3,125,0.001896,0.015625,0.00
randomArrays.txt,1,100,0.001548,0.000000,0.00
randomArrays.txt,2,100,0.001007,0.000000,0.00
randomArrays.txt,3,100,0.001000,0.000000,0.00
randomArrays.txt,1,742,0.031927,0.031250,0.00
randomArrays.txt,2,742,0.034573,0.046875,0.00
randomArrays.txt,3,742,0.029023,0.031250,0.00
randomArrays.txt,1,588,0.033821,0.031250,0.00
randomArrays.txt,2,588,0.028729,0.031250,0.00
randomArrays.txt,3,588,0.033513,0.031250,0.00
randomArrays.txt,1,355,0.007864,0.000000,0.00
randomArrays.txt,2,355,0.011542,0.015625,0.00
randomArrays.txt,3,355,0.011577,0.015625,0.00
randomArrays.txt,1,167,0.002442,0.000000,0.00
randomArrays.txt,2,167,0.002960,0.000000,0.00
randomArrays.txt,3,167,0.002385,0.000000,0.00
randomArrays.txt,1,518,0.020946,0.031250,0.00
randomArrays.txt,2,518,0.027405,0.031250,0.00
randomArrays.txt,3,518,0.024703,0.015625,0.00
randomArrays.txt,1,649,0.034743,0.031250,0.00
randomArrays.txt,2,649,0.033820,0.031250,0.00
randomArrays.txt,3,649,0.032060,0.046875,0.00
randomArrays.txt,1,280,0.006871,0.015625,0.00
randomArrays.txt,2,280,0.007315,0.000000,0.00
randomArrays.txt,3,280,0.007653,0.015625,0.00
randomArrays.txt,1,842,0.044669,0.046875,0.00
randomArrays.txt,2,842,0.070651,0.062500,0.00
randomArrays.txt,3,842,0.063179,0.062500,0.00
randomArrays.txt,1,586,0.031993,0.031250,0.00
randomArrays.txt,2,586,0.039016,0.031250,0.00
randomArrays.txt,3,586,0.028744,0.031250,0.00
randomArrays.txt,1,519,0.019764,0.031250,0.00
randomArrays.txt,2,519,0.022335,0.015625,0.00
randomArrays.txt,3,519,0.015296,0.015625,0.00
randomArrays.txt,1,112,0.001398,0.015625,0.00
randomArrays.txt,2,112,0.001290,0.000000,0.00
randomArrays.txt,3,112,0.001317,0.000000,0.00
randomArrays.txt,1,320,0.008661,0.000000,0.00
randomArrays.txt,2,320,0.004665,0.015625,0.00
randomArrays.txt,3,320,0.006496,0.000000,0.00
randomArrays.txt,1,61,0.000531,0.000000,0.00
randomArrays.txt,2,61,0.000310,0.000000,0.00
randomArrays.txt,3,61,0.000564,0.000000,0.00
randomArrays.txt,1,709,0.053295,0.046875,0.00
randomArrays.txt,2,709,0.072478,0.046875,0.00
randomArrays.txt,3,709,0.051591,0.031250,0.00
randomArrays.txt,1,671,0.037144,0.031250,0.00
randomArrays.txt,2,671,0.039701,0.046875,0.00
randomArrays.txt,3,671,0.025590,0.031250,0.00
randomArrays.txt,1,437,0.017572,0.015625,0.00
randomArrays.txt,2,437,0.008544,0.015625,0.00
randomArrays.txt,3,437,0.015147,0.015625,0.00
randomArrays.txt,1,499,0.021876,0.015625,0.00
randomArrays.txt,2,499,0.020010,0.031250,0.00
randomArrays.txt,3,499,0.024527,0.015625,0.00
randomArrays.txt,1,503,0.011605,0.015625,0.00
randomArrays.txt,2,503,0.020377,0.015625,0.00
randomArrays.txt,3,503,0.023335,0.031250,0.00
randomArrays.txt,1,676,0.026094,0.031250,0.00
randomArrays.txt,2,676,0.042213,0.046875,0.00
randomArrays.txt,3,676,0.042470,0.046875,0.00
randomArrays.txt,1,594,0.031586,0.031250,0.00
randomArrays.txt,2,594,0.031252,0.031250,0.00
randomArrays.txt,3,594,0.017067,0.031250,0.00
randomArrays.txt,1,48,0.000273,0.000000,0.00
randomArrays.txt,2,48,0.000272,0.000000,0.00
randomArrays.txt,3,48,0.000273,0.000000,0.00
randomArrays.txt,1,590,0.023903,0.015625,0.00
randomArrays.txt,2,590,0.027078,0.031250,0.00
randomArrays.txt,3,590,0.036740,0.031250,0.00
randomArrays.txt,1,861,0.033003,0.031250,0.00
randomArrays.txt,2,861,0.073326,0.078125,0.00
randomArrays.txt,3,861,0.073280,0.078125,0.00
randomArrays.txt,1,363,0.012459,0.015625,0.00
randomArrays.txt,2,363,0.010043,0.015625,0.00
randomArrays.txt,3,363,0.010943,0.000000,0.00
randomArrays.txt,1,779,0.059937,0.062500,0.00
randomArrays.txt,2,779,0.061050,0.062500,0.00
randomArrays.txt,3,779,0.052886,0.046875,0.00
randomArrays.txt,1,301,0.013291,0.015625,0.00
randomArrays.txt,2,301,0.013434,0.015625,0.00
randomArrays.txt,3,301,0.026174,0.015625,0.00
randomArrays.txt,1,545,0.019157,0.031250,0.00
randomArrays.txt,2,545,0.017909,0.015625,0.00
randomArrays.txt,3,545,0.016036,0.015625,0.00
randomArrays.txt,1,24,0.000082,0.000000,0.00
randomArrays.txt,2,24,0.000051,0.000000,0.00
randomArrays.txt,3,24,0.000070,0.000000,0.00
randomArrays.txt,1,440,0.009487,0.015625,0.00
randomArrays.txt,2,440,0.016246,0.015625,0.00
randomArrays.txt,3,440,0.012149,0.015625,0.00
randomArrays.txt,1,661,0.038213,0.031250,0.00
randomArrays.txt,2,661,0.018856,0.015625,0.00
randomArrays.txt,3,661,0.021258,0.015625,0.00
randomArrays.txt,1,583,0.026647,0.015625,0.00
randomArrays.txt,2,583,0.047406,0.031250,0.00
randomArrays.txt,3,583,0.021003,0.031250,0.00
randomArrays.txt,1,478,0.012814,0.015625,0.00
randomArrays.txt,2,478,0.019067,0.015625,0.00
randomArrays.txt,3,478,0.012976,0.015625,0.00
randomArrays.txt,1,220,0.003958,0.015625,0.00
randomArrays.txt,2,220,0.003902,0.000000,0.00
randomArrays.txt,3,220,0.004879,0.000000,0.00
randomArrays.txt,1,458,0.010189,0.015625,0.00
randomArrays.txt,2,458,0.017004,0.015625,0.00
randomArrays.txt,3,458,0.019062,0.015625,0.00
randomArrays.txt,1,783,0.066039,0.062500,0.00
randomArrays.txt,2,783,0.036121,0.031250,0.00
randomArrays.txt,3,783,0.039995,0.046875,0.00
randomArrays.txt,1,554,0.025617,0.031250,0.00
randomArrays.txt,2,554,0.018798,0.015625,0.00
randomArrays.txt,3,554,0.027027,0.031250,0.00
randomArrays.txt,1,167,0.002987,0.015625,0.00
randomArrays.txt,2,167,0.002757,0.000000,0.00
randomArrays.txt,3,167,0.004084,0.000000,0.00
randomArrays.txt,1,338,0.010063,0.015625,0.00
randomArrays.txt,2,338,0.012833,0.000000,0.00
randomArrays.txt,3,338,0.017868,0.015625,0.00
randomArrays.txt,1,321,0.009392,0.015625,0.00
randomArrays.txt,2,321,0.004295,0.000000,0.00
randomArrays.txt,3,321,0.004202,0.000000,0.00
randomArrays.txt,1,414,0.013742,0.015625,0.00
randomArrays.txt,2,414,0.009471,0.000000,0.00
randomArrays.txt,3,414,0.014480,0.015625,0.00
randomArrays.txt,1,630,0.033705,0.031250,0.00
randomArrays.txt,2,630,0.023170,0.031250,0.00
randomArrays.txt,3,630,0.026455,0.015625,0.00
randomArrays.txt,1,572,0.020201,0.015625,0.00
randomArrays.txt,2,572,0.026515,0.031250,0.00
randomArrays.txt,3,572,0.029066,0.031250,0.00
randomArrays.txt,1,119,0.001335,0.000000,0.00
randomArrays.txt,2,119,0.001557,0.015625,0.00
randomArrays.txt,3,119,0.001540,0.000000,0.00
randomArrays.txt,1,852,0.062545,0.062500,0.00
randomArrays.txt,2,852,0.069127,0.078125,0.00
randomArrays.txt,3,852,0.066377,0.062500,0.00
randomArrays.txt,1,392,0.012583,0.015625,0.00
randomArrays.txt,2,392,0.010913,0.015625,0.00
randomArrays.txt,3,392,0.014283,0.015625,0.00
randomArrays.txt,1,744,0.024182,0.015625,0.00
randomArrays.txt,2,744,0.050822,0.046875,0.00
randomArrays.txt,3,744,0.066842,0.078125,0.00
randomArrays.txt,1,767,0.056928,0.062500,0.00
randomArrays.txt,2,767,0.033425,0.031250,0.00
randomArrays.txt,3,767,0.041054,0.046875,0.00
randomArrays.txt,1,419,0.008057,0.015625,0.00
randomArrays.txt,2,419,0.012627,0.015625,0.00
randomArrays.txt,3,419,0.010345,0.015625,0.00
randomArrays.txt,1,186,0.003384,0.000000,0.00
randomArrays.txt,2,186,0.003511,0.000000,0.00
randomArrays.txt,3,186,0.003838,0.015625,0.00
randomArrays.txt,1,498,0.019289,0.015625,0.00
randomArrays.txt,2,498,0.018532,0.031250,0.00
randomArrays.txt,3,498,0.019964,0.015625,0.00
randomArrays.txt,1,369,0.007658,0.015625,0.00
randomArrays.txt,2,369,0.011098,0.000000,0.00
randomArrays.txt,3,369,0.012711,0.000000,0.00
randomArrays.txt,1,545,0.024861,0.031250,0.00
randomArrays.txt,2,545,0.016161,0.015625,0.00
randomArrays.txt,3,545,0.019274,0.015625,0.00
randomArrays.txt,1,585,0.018983,0.015625,0.00
randomArrays.txt,2,585,0.024451,0.031250,0.00
randomArrays.txt,3,585,0.028608,0.031250,0.00
randomArrays.txt,1,232,0.006547,0.015625,0.00
randomArrays.txt,2,232,0.002876,0.000000,0.00
randomArrays.txt,3,232,0.007104,0.000000,0.00
randomArrays.txt,1,683,0.037676,0.031250,0.00
randomArrays.txt,2,683,0.039319,0.046875,0.00
randomArrays.txt,3,683,0.030393,0.031250,0.00
randomArrays.txt,1,373,0.009472,0.015625,0.00
randomArrays.txt,2,373,0.013458,0.015625,0.00
randomArrays.txt,3,373,0.006015,0.000000,0.00
randomArrays.txt,1,67,0.000454,0.000000,0.00
randomArrays.txt,2,67,0.000459,0.000000,0.00
randomArrays.txt,3,67,0.000649,0.000000,0.00
randomArrays.txt,1,47,0.000349,0.000000,0.00
randomArrays.txt,2,47,0.000383,0.000000,0.00
randomArrays.txt,3,47,0.000354,0.000000,0.00
randomArrays.txt,1,353,0.011895,0.015625,0.00
randomArrays.txt,2,353,0.009426,0.015625,0.00
randomArrays.txt,3,353,0.008470,0.000000,0.00
randomArrays.txt,1,165,0.002320,0.000000,0.00
randomArrays.txt,2,165,0.002916,0.000000,0.00
randomArrays.txt,3,165,0.002810,0.000000,0.00
randomArrays.txt,1,822,0.060260,0.046875,0.00
randomArrays.txt,2,822,0.060654,0.046875,0.00
randomArrays.txt,3,822,0.087240,0.078125,0.00
randomArrays.txt,1,207,0.001804,0.000000,0.00
randomArrays.txt,2,207,0.004614,0.000000,0.00
randomArrays.txt,3,207,0.005173,0.015625,0.00
randomArrays.txt,1,365,0.006143,0.000000,0.00
randomArrays.txt,2,365,0.012296,0.015625,0.00
randomArrays.txt,3,365,0.005407,0.000000,0.00
randomArrays.txt,1,33,0.000122,0.000000,0.00
randomArrays.txt,2,33,0.000131,0.000000,0.00
randomArrays.txt,3,33,0.000162,0.000000,0.00
randomArrays.txt,1,324,0.009322,0.000000,0.00
randomArrays.txt,2,324,0.010048,0.015625,0.00
randomArrays.txt,3,324,0.007588,0.015625,0.00
randomArrays.txt,1,533,0.028818,0.031250,0.00
randomArrays.txt,2,533,0.025672,0.015625,0.00
randomArrays.txt,3,533,0.014979,0.015625,0.00
randomArrays.txt,1,467,0.017986,0.015625,0.00
randomArrays.txt,2,467,0.017052,0.015625,0.00
randomArrays.txt,3,467,0.010479,0.015625,0.00
randomArrays.txt,1,653,0.021324,0.015625,0.00
randomArrays.txt,2,653,0.032120,0.031250,0.00
randomArrays.txt,3,653,0.025192,0.031250,0.00
randomArrays.txt,1,262,0.004178,0.000000,0.00
randomArrays.txt,2,262,0.006308,0.015625,0.00
randomArrays.txt,3,262,0.004599,0.000000,0.00
randomArrays.txt,1,26,0.000097,0.000000,0.00
randomArrays.txt,2,26,0.000072,0.000000,0.00
randomArrays.txt,3,26,0.000078,0.000000,0.00
randomArrays.txt,1,705,0.050967,0.062500,0.00
randomArrays.txt,2,705,0.038169,0.031250,0.00
randomArrays.txt,3,705,0.035038,0.046875,0.00
randomArrays.txt,1,145,0.002135,0.000000,0.00
randomArrays.txt,2,145,0.002146,0.000000,0.00
randomArrays.txt,3,145,0.002253,0.000000,0.00
randomArrays.txt,1,40,0.000190,0.000000,0.00
randomArrays.txt,2,40,0.000193,0.000000,0.00
randomArrays.txt,3,40,0.000192,0.000000,0.00
randomArrays.txt,1,418,0.014575,0.015625,0.00
randomArrays.txt,2,418,0.010709,0.015625,0.00
randomArrays.txt,3,418,0.016679,0.015625,0.00
randomArrays.txt,1,20,0.000118,0.000000,0.00
randomArrays.txt,2,20,0.000036,0.000000,0.00
randomArrays.txt,3,20,0.000063,0.000000,0.00
randomArrays.txt,1,618,0.032634,0.031250,0.00
randomArrays.txt,2,618,0.018336,0.031250,0.00
randomArrays.txt,3,618,0.021568,0.015625,0.00
randomArrays.txt,1,463,0.009416,0.015625,0.00
randomArrays.txt,2,463,0.017297,0.015625,0.00
randomArrays.txt,3,463,0.008619,0.015625,0.00
randomArrays.txt,1,310,0.007924,0.000000,0.00
randomArrays.txt,2,310,0.004440,0.000000,0.00
randomArrays.txt,3,310,0.006206,0.000000,0.00
randomArrays.txt,1,753,0.060940,0.062500,0.00
randomArrays.txt,2,753,0.040190,0.046875,0.00
randomArrays.txt,3,753,0.053484,0.046875,0.00
randomArrays.txt,1,203,0.004918,0.015625,0.00
randomArrays.txt,2,203,0.003286,0.000000,0.00
randomArrays.txt,3,203,0.002426,0.000000,0.00
randomArrays.txt,1,756,0.036057,0.031250,0.00
randomArrays.txt,2,756,0.048779,0.046875,0.00
randomArrays.txt,3,756,0.035321,0.031250,0.00
randomArrays.txt,1,631,0.023039,0.015625,0.00
randomArrays.txt,2,631,0.018513,0.015625,0.00
randomArrays.txt,3,631,0.025512,0.015625,0.00
randomArrays.txt,1,788,0.077227,0.078125,0.00
randomArrays.txt,2,788,0.044981,0.046875,0.00
randomArrays.txt,3,788,0.062350,0.062500,0.00
randomArrays.txt,1,364,0.012388,0.015625,0.00
randomArrays.txt,2,364,0.011103,0.015625,0.00
randomArrays.txt,3,364,0.006865,0.000000,0.00
randomArrays.txt,1,435,0.018628,0.015625,0.00
randomArrays.txt,2,435,0.016149,0.015625,0.00
randomArrays.txt,3,435,0.016652,0.015625,0.00
randomArrays.txt,1,379,0.012588,0.015625,0.00
randomArrays.txt,2,379,0.007819,0.015625,0.00
randomArrays.txt,3,379,0.005559,0.000000,0.00
randomArrays.txt,1,208,0.003931,0.000000,0.00
randomArrays.txt,2,208,0.004111,0.000000,0.00
randomArrays.txt,3,208,0.004165,0.015625,0.00
randomArrays.txt,1,503,0.018302,0.015625,0.00
randomArrays.txt,2,503,0.016871,0.015625,0.00
randomArrays.txt,3,503,0.016413,0.015625,0.00
randomArrays.txt,1,97,0.000639,0.000000,0.00
randomArrays.txt,2,97,0.001358,0.000000,0.00
randomArrays.txt,3,97,0.000994,0.000000,0.00
randomArrays.txt,1,266,0.005730,0.000000,0.00
randomArrays.txt,2,266,0.003695,0.000000,0.00
randomArrays.txt,3,266,0.010284,0.000000,0.00
randomArrays.txt,1,828,0.050461,0.046875,0.00
randomArrays.txt,2,828,0.043553,0.031250,0.00
randomArrays.txt,3,828,0.068872,0.062500,0.00
randomArrays.txt,1,319,0.007697,0.000000,0.00
randomArrays.txt,2,319,0.007602,0.015625,0.00
randomArrays.txt,3,319,0.008645,0.000000,0.00
randomArrays.txt,1,898,0.052556,0.046875,0.00
randomArrays.txt,2,898,0.056016,0.062500,0.00
randomArrays.txt,3,898,0.052690,0.046875,0.00
randomArrays.txt,1,380,0.014284,0.015625,0.00
randomArrays.txt,2,380,0.006088,0.000000,0.00
randomArrays.txt,3,380,0.010357,0.015625,0.00
randomArrays.txt,1,450,0.040817,0.015625,0.00
randomArrays.txt,2,450,0.027635,0.031250,0.00
randomArrays.txt,3,450,0.024118,0.031250,0.00
randomArrays.txt,1,142,0.001120,0.015625,0.00
randomArrays.txt,2,142,0.002429,0.000000,0.00
randomArrays.txt,3,142,0.002401,0.000000,0.00
randomArrays.txt,1,434,0.014639,0.015625,0.00
randomArrays.txt,2,434,0.014758,0.015625,0.00
randomArrays.txt,3,434,0.017643,0.015625,0.00
randomArrays.txt,1,96,0.000896,0.000000,0.00
randomArrays.txt,2,96,0.000806,0.000000,0.00
randomArrays.txt,3,96,0.000898,0.000000,0.00
randomArrays.txt,1,641,0.048750,0.062500,0.00
randomArrays.txt,2,641,0.056122,0.046875,0.00
randomArrays.txt,3,641,0.033541,0.031250,0.00
randomArrays.txt,1,538,0.020049,0.031250,0.00
randomArrays.txt,2,538,0.021829,0.015625,0.00
randomArrays.txt,3,538,0.018075,0.015625,0.00
randomArrays.txt,1,502,0.011461,0.015625,0.00
randomArrays.txt,2,502,0.014636,0.015625,0.00
randomArrays.txt,3,502,0.024029,0.015625,0.00
randomArrays.txt,1,599,0.033101,0.031250,0.00
randomArrays.txt,2,599,0.026447,0.015625,0.00
randomArrays.txt,3,599,0.028430,0.015625,0.00
randomArrays.txt,1,299,0.004238,0.000000,0.00
randomArrays.txt,2,299,0.008329,0.015625,0.00
randomArrays.txt,3,299,0.008894,0.000000,0.00
randomArrays.txt,1,620,0.035316,0.031250,0.00
randomArrays.txt,2,620,0.018464,0.015625,0.00
randomArrays.txt,3,620,0.022304,0.031250,0.00
randomArrays.txt,1,606,0.020413,0.015625,0.00
randomArrays.txt,2,606,0.029912,0.031250,0.00
randomArrays.txt,3,606,0.037837,0.046875,0.00
randomArrays.txt,1,282,0.004810,0.000000,0.00
randomArrays.txt,2,282,0.008356,0.015625,0.00
randomArrays.txt,3,282,0.006250,0.000000,0.00
randomArrays.txt,1,205,0.004514,0.015625,0.00
randomArrays.txt,2,205,0.005783,0.000000,0.00
randomArrays.txt,3,205,0.002933,0.000000,0.00
randomArrays.txt,1,504,0.013209,0.015625,0.00
randomArrays.txt,2,504,0.015932,0.015625,0.00
randomArrays.txt,3,504,0.013105,0.015625,0.00
randomArrays.txt,1,315,0.009648,0.000000,0.00
randomArrays.txt,2,315,0.008473,0.015625,0.00
randomArrays.txt,3,315,0.008984,0.000000,0.00
randomArrays.txt,1,739,0.038405,0.031250,0.00
randomArrays.txt,2,739,0.052134,0.062500,0.00
randomArrays.txt,3,739,0.046590,0.046875,0.00
randomArrays.txt,1,226,0.004890,0.015625,0.00
randomArrays.txt,2,226,0.003028,0.000000,0.00
randomArrays.txt,3,226,0.002925,0.000000,0.00
randomArrays.txt,1,239,0.002901,0.000000,0.00
randomArrays.txt,2,239,0.002577,0.000000,0.00
randomArrays.txt,3,239,0.004681,0.000000,0.00
randomArrays.txt,1,656,0.036613,0.031250,0.00
randomArrays.txt,2,656,0.029265,0.031250,0.00
randomArrays.txt,3,656,0.028661,0.031250,0.00
randomArrays.txt,1,467,0.012965,0.000000,0.00
randomArrays.txt,2,467,0.011455,0.015625,0.00
randomArrays.txt,3,467,0.017393,0.015625,0.00
randomArrays.txt,1,855,0.044955,0.046875,0.00
randomArrays.txt,2,855,0.071169,0.078125,0.00
randomArrays.txt,3,855,0.062700,0.062500,0.00
randomArrays.txt,1,12,0.000029,0.000000,0.00
randomArrays.txt,2,12,0.000032,0.000000,0.00
randomArrays.txt,3,12,0.000034,0.000000,0.00
randomArrays.txt,1,751,0.025639,0.031250,0.00
randomArrays.txt,2,751,0.056553,0.062500,0.00
randomArrays.txt,3,751,0.049705,0.046875,0.00
randomArrays.txt,1,426,0.013034,0.015625,0.00
randomArrays.txt,2,426,0.007876,0.015625,0.00
randomArrays.txt,3,426,0.016647,0.015625,0.00
randomArrays.txt,1,735,0.042001,0.046875,0.00
randomArrays.txt,2,735,0.035624,0.046875,0.00
randomArrays.txt,3,735,0.029421,0.015625,0.00
randomArrays.txt,1,321,0.008396,0.000000,0.00
randomArrays.txt,2,321,0.009336,0.015625,0.00
randomArrays.txt,3,321,0.008762,0.000000,0.00
randomArrays.txt,1,522,0.011820,0.015625,0.00
randomArrays.txt,2,522,0.018106,0.015625,0.00
randomArrays.txt,3,522,0.013713,0.015625,0.00
randomArrays.txt,1,888,0.064592,0.062500,0.00
randomArrays.txt,2,888,0.068783,0.078125,0.00
randomArrays.txt,3,888,0.078878,0.078125,0.00
randomArrays.txt,1,118,0.001217,0.000000,0.00
randomArrays.txt,2,118,0.002304,0.000000,0.00
randomArrays.txt,3,118,0.001786,0.000000,0.00
randomArrays.txt,1,813,0.041186,0.046875,0.00
randomArrays.txt,2,813,0.064879,0.062500,0.00
randomArrays.txt,3,813,0.040187,0.031250,0.00
randomArrays.txt,1,547,0.024353,0.031250,0.00
randomArrays.txt,2,547,0.028117,0.031250,0.00
randomArrays.txt,3,547,0.012106,0.000000,0.00
randomArrays.txt,1,860,0.048806,0.046875,0.00
randomArrays.txt,2,860,0.049926,0.046875,0.00
randomArrays.txt,3,860,0.049232,0.046875,0.00
randomArrays.txt,1,189,0.002260,0.000000,0.00
randomArrays.txt,2,189,0.003738,0.000000,0.00
randomArrays.txt,3,189,0.003343,0.015625,0.00
randomArrays.txt,1,668,0.036009,0.031250,0.00
randomArrays.txt,2,668,0.036718,0.046875,0.00
randomArrays.txt,3,668,0.033715,0.031250,0.00
randomArrays.txt,1,583,0.044802,0.031250,0.00
randomArrays.txt,2,583,0.018171,0.015625,0.00
randomArrays.txt,3,583,0.024560,0.015625,0.00
randomArrays.txt,1,489,0.021914,0.031250,0.00
randomArrays.txt,2,489,0.011035,0.000000,0.00
randomArrays.txt,3,489,0.019262,0.031250,0.00
randomArrays.txt,1,414,0.011467,0.000000,0.00
randomArrays.txt,2,414,0.007211,0.015625,0.00
randomArrays.txt,3,414,0.010914,0.015625,0.00
randomArrays.txt,1,742,0.039379,0.046875,0.00
randomArrays.txt,2,742,0.036674,0.031250,0.00
randomArrays.txt,3,742,0.044162,0.046875,0.00
randomArrays.txt,1,358,0.005802,0.015625,0.00
randomArrays.txt,2,358,0.006049,0.000000,0.00
randomArrays.txt,3,358,0.011018,0.015625,0.00
randomArrays.txt,1,741,0.057051,0.062500,0.00
randomArrays.txt,2,741,0.029947,0.031250,0.00
randomArrays.txt,3,741,0.041863,0.031250,0.00
randomArrays.txt,1,470,0.008626,0.015625,0.00
randomArrays.txt,2,470,0.020089,0.015625,0.00
randomArrays.txt,3,470,0.015975,0.015625,0.00
randomArrays.txt,1,111,0.001229,0.000000,0.00
randomArrays.txt,2,111,0.001232,0.000000,0.00
randomArrays.txt,3,111,0.001076,0.000000,0.00
randomArrays.txt,1,546,0.014145,0.015625,0.00
randomArrays.txt,2,546,0.022806,0.015625,0.00
randomArrays.txt,3,546,0.019537,0.015625,0.00
randomArrays.txt,1,591,0.017290,0.015625,0.00
randomArrays.txt,2,591,0.026303,0.031250,0.00
randomArrays.txt,3,591,0.032064,0.031250,0.00
randomArrays.txt,1,884,0.048195,0.046875,0.00
randomArrays.txt,2,884,0.055197,0.062500,0.00
randomArrays.txt,3,884,0.055382,0.062500,0.00
randomArrays.txt,1,684,0.043079,0.046875,0.00
randomArrays.txt,2,684,0.044576,0.046875,0.00
randomArrays.txt,3,684,0.038624,0.046875,0.00
randomArrays.txt,1,739,0.133314,0.062500,0.00
randomArrays.txt,2,739,0.111454,0.046875,0.00
randomArrays.txt,3,739,0.067502,0.078125,0.00
randomArrays.txt,1,725,0.055922,0.031250,0.00
randomArrays.txt,2,725,0.046792,0.046875,0.00
randomArrays.txt,3,725,0.037481,0.046875,0.00
randomArrays.txt,1,893,0.071023,0.078125,0.00
randomArrays.txt,2,893,0.055095,0.046875,0.00
randomArrays.txt,3,893,0.075880,0.078125,0.00
randomArrays.txt,1,16,0.000058,0.000000,0.00
randomArrays.txt,2,16,0.000055,0.000000,0.00
randomArrays.txt,3,16,0.000039,0.000000,0.00
randomArrays.txt,1,467,0.017371,0.015625,0.00
randomArrays.txt,2,467,0.013717,0.015625,0.00
randomArrays.txt,3,467,0.014997,0.015625,0.00
randomArrays.txt,1,307,0.010445,0.015625,0.00
randomArrays.txt,2,307,0.011106,0.015625,0.00
randomArrays.txt,3,307,0.003789,0.000000,0.00
randomArrays.txt,1,235,0.008781,0.000000,0.00
randomArrays.txt,2,235,0.008706,0.015625,0.00
randomArrays.txt,3,235,0.006090,0.000000,0.00
randomArrays.txt,1,377,0.008776,0.015625,0.00
randomArrays.txt,2,377,0.006346,0.000000,0.00
randomArrays.txt,3,377,0.008590,0.015625,0.00
randomArrays.txt,1,448,0.019563,0.031250,0.00
randomArrays.txt,2,448,0.019254,0.015625,0.00
randomArrays.txt,3,448,0.015982,0.015625,0.00
randomArrays.txt,1,98,0.000930,0.000000,0.00
randomArrays.txt,2,98,0.000931,0.000000,0.00
randomArrays.txt,3,98,0.000939,0.000000,0.00
randomArrays.txt,1,456,0.008916,0.000000,0.00
randomArrays.txt,2,456,0.017532,0.015625,0.00
randomArrays.txt,3,456,0.014498,0.015625,0.00
randomArrays.txt,1,118,0.001294,0.000000,0.00
randomArrays.txt,2,118,0.001296,0.000000,0.00
randomArrays.txt,3,118,0.001314,0.000000,0.00
randomArrays.txt,1,406,0.015459,0.015625,0.00
randomArrays.txt,2,406,0.012771,0.015625,0.00
randomArrays.txt,3,406,0.013371,0.015625,0.00
randomArrays.txt,1,33,0.000121,0.000000,0.00
randomArrays.txt,2,33,0.000171,0.000000,0.00
randomArrays.txt,3,33,0.000120,0.000000,0.00
randomArrays.txt,1,517,0.015191,0.015625,0.00
randomArrays.txt,2,517,0.026070,0.015625,0.00
randomArrays.txt,3,517,0.031299,0.031250,0.00
randomArrays.txt,1,248,0.006782,0.000000,0.00
randomArrays.txt,2,248,0.002692,0.000000,0.00
randomArrays.txt,3,248,0.002448,0.015625,0.00
randomArrays.txt,1,61,0.000373,0.000000,0.00
randomArrays.txt,2,61,0.000362,0.000000,0.00
randomArrays.txt,3,61,0.000374,0.000000,0.00
randomArrays.txt,1,547,0.020698,0.015625,0.00
randomArrays.txt,2,547,0.027456,0.031250,0.00
randomArrays.txt,3,547,0.024152,0.031250,0.00
randomArrays.txt,1,602,0.015466,0.015625,0.00
randomArrays.txt,2,602,0.037346,0.046875,0.00
randomArrays.txt,3,602,0.019031,0.015625,0.00
randomArrays.txt,1,579,0.029224,0.031250,0.00
randomArrays.txt,2,579,0.025459,0.031250,0.00
randomArrays.txt,3,579,0.031785,0.031250,0.00
randomArrays.txt,1,653,0.019453,0.015625,0.00
randomArrays.txt,2,653,0.039792,0.046875,0.00
randomArrays.txt,3,653,0.030004,0.031250,0.00
randomArrays.txt,1,866,0.066210,0.078125,0.00
randomArrays.txt,2,866,0.035527,0.031250,0.00
randomArrays.txt,3,866,0.032246,0.031250,0.00
randomArrays.txt,1,417,0.013787,0.015625,0.00
randomArrays.txt,2,417,0.007673,0.015625,0.00
randomArrays.txt,3,417,0.009431,0.015625,0.00
randomArrays.txt,1,386,0.012436,0.015625,0.00
randomArrays.txt,2,386,0.008254,0.015625,0.00
randomArrays.txt,3,386,0.009557,0.000000,0.00
randomArrays.txt,1,349,0.007428,0.000000,0.00
randomArrays.txt,2,349,0.010980,0.015625,0.00
randomArrays.txt,3,349,0.004847,0.000000,0.00
randomArrays.txt,1,598,0.014655,0.015625,0.00
randomArrays.txt,2,598,0.032520,0.031250,0.00
randomArrays.txt,3,598,0.032105,0.031250,0.00
randomArrays.txt,1,856,0.041673,0.046875,0.00
randomArrays.txt,2,856,0.055972,0.062500,0.00
randomArrays.txt,3,856,0.042526,0.031250,0.00
randomArrays.txt,1,152,0.002688,0.000000,0.00
randomArrays.txt,2,152,0.002779,0.000000,0.00
randomArrays.txt,3,152,0.002323,0.000000,0.00
randomArrays.txt,1,436,0.016507,0.015625,0.00
randomArrays.txt,2,436,0.017613,0.015625,0.00
randomArrays.txt,3,436,0.017829,0.015625,0.00
randomArrays.txt,1,356,0.011142,0.015625,0.00
randomArrays.txt,2,356,0.010318,0.015625,0.00
randomArrays.txt,3,356,0.010795,0.015625,0.00
randomArrays.txt,1,598,0.035548,0.031250,0.00
randomArrays.txt,2,598,0.021363,0.031250,0.00
randomArrays.txt,3,598,0.043242,0.046875,0.00
randomArrays.txt,1,578,0.030656,0.031250,0.00
randomArrays.txt,2,578,0.038906,0.046875,0.00
randomArrays.txt,3,578,0.038169,0.031250,0.00
randomArrays.txt,1,786,0.039895,0.031250,0.00
randomArrays.txt,2,786,0.037743,0.046875,0.00
randomArrays.txt,3,786,0.054818,0.046875,0.00
randomArrays.txt,1,124,0.001562,0.015625,0.00
randomArrays.txt,2,124,0.001161,0.000000,0.00
randomArrays.txt,3,124,0.001544,0.000000,0.00
randomArrays.txt,1,439,0.015790,0.015625,0.00
randomArrays.txt,2,439,0.014428,0.015625,0.00
randomArrays.txt,3,439,0.011841,0.000000,0.00
randomArrays.txt,1,492,0.056872,0.015625,0.00
randomArrays.txt,2,492,0.019217,0.015625,0.00
randomArrays.txt,3,492,0.021101,0.015625,0.00
randomArrays.txt,1,207,0.004115,0.000000,0.00
randomArrays.txt,2,207,0.004626,0.000000,0.00
randomArrays.txt,3,207,0.005586,0.015625,0.00
randomArrays.txt,1,100,0.000980,0.000000,0.00
randomArrays.txt,2,100,0.000988,0.000000,0.00
randomArrays.txt,3,100,0.001217,0.000000,0.00
randomArrays.txt,1,591,0.035350,0.031250,0.00
randomArrays.txt,2,591,0.027615,0.031250,0.00
randomArrays.txt,3,591,0.025362,0.031250,0.00
randomArrays.txt,1,397,0.014491,0.015625,0.00
randomArrays.txt,2,397,0.013692,0.015625,0.00
randomArrays.txt,3,397,0.007865,0.015625,0.00
randomArrays.txt,1,295,0.010122,0.015625,0.00
randomArrays.txt,2,295,0.008442,0.015625,0.00
randomArrays.txt,3,295,0.003529,0.000000,0.00
randomArrays.txt,1,733,0.036608,0.031250,0.00
randomArrays.txt,2,733,0.033163,0.031250,0.00
randomArrays.txt,3,733,0.030878,0.031250,0.00
randomArrays.txt,1,231,0.004520,0.000000,0.00
randomArrays.txt,2,231,0.004647,0.000000,0.00
randomArrays.txt,3,231,0.003277,0.015625,0.00
randomArrays.txt,1,565,0.028168,0.031250,0.00
randomArrays.txt,2,565,0.029832,0.031250,0.00
randomArrays.txt,3,565,0.033519,0.031250,0.00
randomArrays.txt,1,74,0.000530,0.000000,0.00
randomArrays.txt,2,74,0.000528,0.000000,0.00
randomArrays.txt,3,74,0.000565,0.000000,0.00
randomArrays.txt,1,647,0.020824,0.015625,0.00
randomArrays.txt,2,647,0.032248,0.031250,0.00
randomArrays.txt,3,647,0.036737,0.046875,0.00
randomArrays.txt,1,456,0.017174,0.015625,0.00
randomArrays.txt,2,456,0.018299,0.031250,0.00
randomArrays.txt,3,456,0.017517,0.015625,0.00
randomArrays.txt,1,495,0.015526,0.015625,0.00
randomArrays.txt,2,495,0.019230,0.015625,0.00
randomArrays.txt,3,495,0.024297,0.015625,0.00
randomArrays.txt,1,487,0.016229,0.015625,0.00
randomArrays.txt,2,487,0.015730,0.015625,0.00
randomArrays.txt,3,487,0.015372,0.015625,0.00
randomArrays.txt,1,559,0.034444,0.031250,0.00
randomArrays.txt,2,559,0.031464,0.031250,0.00
randomArrays.txt,3,559,0.024265,0.015625,0.00
randomArrays.txt,1,512,0.016779,0.015625,0.00
randomArrays.txt,2,512,0.016220,0.015625,0.00
randomArrays.txt,3,512,0.025102,0.031250,0.00
randomArrays.txt,1,247,0.005681,0.000000,0.00
randomArrays.txt,2,247,0.006460,0.000000,0.00
randomArrays.txt,3,247,0.005256,0.000000,0.00
randomArrays.txt,1,219,0.004777,0.015625,0.00
randomArrays.txt,2,219,0.005009,0.000000,0.00
randomArrays.txt,3,219,0.003205,0.000000,0.00
randomArrays.txt,1,839,0.065215,0.062500,0.00
randomArrays.txt,2,839,0.060222,0.062500,0.00
randomArrays.txt,3,839,0.031782,0.031250,0.00
randomArrays.txt,1,887,0.051810,0.046875,0.00
randomArrays.txt,2,887,0.065311,0.062500,0.00
randomArrays.txt,3,887,0.092500,0.093750,0.00
randomArrays.txt,1,868,0.071315,0.062500,0.00
randomArrays.txt,2,868,0.064520,0.062500,0.00
randomArrays.txt,3,868,0.064307,0.078125,0.00
randomArrays.txt,1,25,0.000071,0.000000,0.00
randomArrays.txt,2,25,0.000049,0.000000,0.00
randomArrays.txt,3,25,0.000072,0.000000,0.00
randomArrays.txt,1,174,0.001682,0.000000,0.00
randomArrays.txt,2,174,0.007845,0.015625,0.00
randomArrays.txt,3,174,0.002479,0.000000,0.00
randomArrays.txt,1,818,0.045187,0.046875,0.00
randomArrays.txt,2,818,0.059848,0.062500,0.00
randomArrays.txt,3,818,0.058697,0.062500,0.00
randomArrays.txt,1,660,0.037079,0.031250,0.00
randomArrays.txt,2,660,0.022740,0.031250,0.00
randomArrays.txt,3,660,0.023520,0.015625,0.00
randomArrays.txt,1,592,0.027208,0.031250,0.00
randomArrays.txt,2,592,0.031319,0.031250,0.00
randomArrays.txt,3,592,0.021086,0.015625,0.00
randomArrays.txt,1,254,0.004344,0.000000,0.00
randomArrays.txt,2,254,0.006141,0.015625,0.00
randomArrays.txt,3,254,0.004546,0.000000,0.00
randomArrays.txt,1,527,0.013946,0.015625,0.00
randomArrays.txt,2,527,0.023222,0.015625,0.00
randomArrays.txt,3,527,0.032679,0.031250,0.00
randomArrays.txt,1,786,0.038626,0.031250,0.00
randomArrays.txt,2,786,0.045048,0.046875,0.00
randomArrays.txt,3,786,0.043412,0.046875,0.00
randomArrays.txt,1,179,0.001772,0.000000,0.00
randomArrays.txt,2,179,0.003497,0.000000,0.00
randomArrays.txt,3,179,0.003831,0.000000,0.00
randomArrays.txt,1,678,0.040662,0.046875,0.00
randomArrays.txt,2,678,0.041001,0.031250,0.00
randomArrays.txt,3,678,0.044279,0.046875,0.00
randomArrays.txt,1,538,0.012489,0.015625,0.00
randomArrays.txt,2,538,0.014751,0.015625,0.00
randomArrays.txt,3,538,0.011628,0.015625,0.00
randomArrays.txt,1,185,0.003842,0.000000,0.00
randomArrays.txt,2,185,0.004365,0.015625,0.00
randomArrays.txt,3,185,0.001981,0.000000,0.00
randomArrays.txt,1,689,0.032396,0.046875,0.00
randomArrays.txt,2,689,0.035151,0.031250,0.00
randomArrays.txt,3,689,0.032903,0.031250,0.00
randomArrays.txt,1,161,0.003477,0.000000,0.00
randomArrays.txt,2,161,0.003273,0.000000,0.00
randomArrays.txt,3,161,0.001733,0.000000,0.00
randomArrays.txt,1,509,0.020165,0.015625,0.00
randomArrays.txt,2,509,0.020549,0.015625,0.00
randomArrays.txt,3,509,0.019950,0.015625,0.00
randomArrays.txt,1,376,0.008257,0.000000,0.00
randomArrays.txt,2,376,0.013598,0.015625,0.00
randomArrays.txt,3,376,0.009215,0.000000,0.00
randomArrays.txt,1,766,0.052840,0.046875,0.00
randomArrays.txt,2,766,0.067231,0.078125,0.00
randomArrays.txt,3,766,0.067479,0.062500,0.00
randomArrays.txt,1,706,0.046404,0.046875,0.00
randomArrays.txt,2,706,0.029368,0.031250,0.00
randomArrays.txt,3,706,0.027932,0.031250,0.00
randomArrays.txt,1,644,0.035561,0.046875,0.00
randomArrays.txt,2,644,0.032332,0.031250,0.00
randomArrays.txt,3,644,0.019048,0.015625,0.00
randomArrays.txt,1,758,0.034049,0.031250,0.00
randomArrays.txt,2,758,0.036027,0.031250,0.00
randomArrays.txt,3,758,0.041672,0.046875,0.00
randomArrays.txt,1,747,0.032578,0.031250,0.00
randomArrays.txt,2,747,0.029398,0.031250,0.00
randomArrays.txt,3,747,0.030236,0.031250,0.00
randomArrays.txt,1,349,0.008408,0.000000,0.00
randomArrays.txt,2,349,0.011135,0.015625,0.00
randomArrays.txt,3,349,0.005298,0.000000,0.00
randomArrays.txt,1,574,0.014965,0.015625,0.00
randomArrays.txt,2,574,0.030099,0.031250,0.00
randomArrays.txt,3,574,0.027579,0.015625,0.00
randomArrays.txt,1,888,0.064807,0.062500,0.00
randomArrays.txt,2,888,0.070587,0.078125,0.00
randomArrays.txt,3,888,0.051963,0.046875,0.00
randomArrays.txt,1,235,0.005370,0.015625,0.00
randomArrays.txt,2,235,0.004836,0.000000,0.00
randomArrays.txt,3,235,0.005034,0.000000,0.00
randomArrays.txt,1,653,0.037624,0.031250,0.00
randomArrays.txt,2,653,0.039784,0.046875,0.00
randomArrays.txt,3,653,0.040334,0.031250,0.00
randomArrays.txt,1,630,0.028918,0.031250,0.00
randomArrays.txt,2,630,0.021709,0.015625,0.00
randomArrays.txt,3,630,0.032908,0.031250,0.00
randomArrays.txt,1,76,0.000937,0.000000,0.00
randomArrays.txt,2,76,0.000917,0.000000,0.00
randomArrays.txt,3,76,0.000931,0.000000,0.00
randomArrays.txt,1,436,0.016024,0.015625,0.00
randomArrays.txt,2,436,0.022949,0.015625,0.00
randomArrays.txt,3,436,0.021469,0.015625,0.00
randomArrays.txt,1,771,0.057066,0.062500,0.00
randomArrays.txt,2,771,0.059863,0.062500,0.00
randomArrays.txt,3,771,0.057145,0.062500,0.00
randomArrays.txt,1,217,0.005218,0.015625,0.00
randomArrays.txt,2,217,0.003629,0.000000,0.00
randomArrays.txt,3,217,0.006536,0.015625,0.00
randomArrays.txt,1,419,0.009192,0.015625,0.00
randomArrays.txt,2,419,0.007558,0.000000,0.00
randomArrays.txt,3,419,0.007310,0.015625,0.00
randomArrays.txt,1,860,0.106157,0.109375,0.00
randomArrays.txt,2,860,0.085559,0.078125,0.00
randomArrays.txt,3,860,0.048307,0.046875,0.00
randomArrays.txt,1,288,0.011329,0.015625,0.00
randomArrays.txt,2,288,0.003868,0.000000,0.00
randomArrays.txt,3,288,0.004732,0.000000,0.00
randomArrays.txt,1,280,0.005562,0.015625,0.00
randomArrays.txt,2,280,0.006399,0.000000,0.00
randomArrays.txt,3,280,0.005802,0.015625,0.00
randomArrays.txt,1,242,0.008593,0.015625,0.00
randomArrays.txt,2,242,0.007967,0.000000,0.00
randomArrays.txt,3,242,0.006035,0.015625,0.00
randomArrays.txt,1,602,0.018980,0.015625,0.00
randomArrays.txt,2,602,0.017004,0.015625,0.00
randomArrays.txt,3,602,0.015473,0.015625,0.00
randomArrays.txt,1,44,0.000295,0.000000,0.00
randomArrays.txt,2,44,0.000308,0.000000,0.00
randomArrays.txt,3,44,0.000263,0.000000,0.00
randomArrays.txt,1,547,0.024486,0.031250,0.00
randomArrays.txt,2,547,0.019005,0.015625,0.00
randomArrays.txt,3,547,0.012681,0.015625,0.00
randomArrays.txt,1,860,0.080942,0.093750,0.00
randomArrays.txt,2,860,0.074419,0.062500,0.00
randomArrays.txt,3,860,0.050506,0.062500,0.00
randomArrays.txt,1,737,0.047126,0.046875,0.00
randomArrays.txt,2,737,0.071043,0.078125,0.00
randomArrays.txt,3,737,0.067643,0.062500,0.00
randomArrays.txt,1,738,0.033763,0.031250,0.00
randomArrays.txt,2,738,0.040788,0.046875,0.00
randomArrays.txt,3,738,0.046143,0.046875,0.00
randomArrays.txt,1,725,0.050117,0.046875,0.00
randomArrays.txt,2,725,0.045216,0.046875,0.00
randomArrays.txt,3,725,0.050204,0.062500,0.00
randomArrays.txt,1,684,0.062644,0.062500,0.00
randomArrays.txt,2,684,0.051479,0.046875,0.00
randomArrays.txt,3,684,0.054439,0.046875,0.00
randomArrays.txt,1,233,0.003613,0.000000,0.00
randomArrays.txt,2,233,0.005014,0.000000,0.00
randomArrays.txt,3,233,0.007217,0.000000,0.00
randomArrays.txt,1,342,0.015817,0.015625,0.00
randomArrays.txt,2,342,0.015793,0.015625,0.00
randomArrays.txt,3,342,0.011420,0.000000,0.00
randomArrays.txt,1,855,0.086848,0.078125,0.00
randomArrays.txt,2,855,0.088042,0.093750,0.00
randomArrays.txt,3,855,0.086909,0.093750,0.00
randomArrays.txt,1,861,0.083882,0.078125,0.00
randomArrays.txt,2,861,0.064315,0.078125,0.00
randomArrays.txt,3,861,0.092670,0.093750,0.00
randomArrays.txt,1,566,0.015483,0.015625,0.00
randomArrays.txt,2,566,0.029711,0.031250,0.00
randomArrays.txt,3,566,0.040955,0.046875,0.00
randomArrays.txt,1,406,0.014446,0.015625,0.00
randomArrays.txt,2,406,0.009757,0.000000,0.00
randomArrays.txt,3,406,0.011024,0.015625,0.00
randomArrays.txt,1,192,0.003584,0.015625,0.00
randomArrays.txt,2,192,0.003382,0.000000,0.00
randomArrays.txt,3,192,0.003598,0.000000,0.00
randomArrays.txt,1,850,0.041096,0.046875,0.00
randomArrays.txt,2,850,0.064578,0.062500,0.00
randomArrays.txt,3,850,0.033655,0.031250,0.00
randomArrays.txt,1,609,0.022969,0.031250,0.00
randomArrays.txt,2,609,0.029192,0.031250,0.00
randomArrays.txt,3,609,0.025409,0.015625,0.00
randomArrays.txt,1,18,0.000085,0.000000,0.00
randomArrays.txt,2,18,0.000071,0.000000,0.00
randomArrays.txt,3,18,0.000062,0.000000,0.00
randomArrays.txt,1,482,0.030417,0.031250,0.00
randomArrays.txt,2,482,0.034530,0.031250,0.00
randomArrays.txt,3,482,0.034005,0.031250,0.00
randomArrays.txt,1,264,0.006413,0.015625,0.00
randomArrays.txt,2,264,0.005051,0.000000,0.00
randomArrays.txt,3,264,0.003887,0.000000,0.00
randomArrays.txt,1,319,0.013943,0.015625,0.00
randomArrays.txt,2,319,0.006115,0.015625,0.00
randomArrays.txt,3,319,0.005091,0.000000,0.00
randomArrays.txt,1,252,0.007289,0.000000,0.00
randomArrays.txt,2,252,0.009648,0.015625,0.00
randomArrays.txt,3,252,0.004375,0.000000,0.00
randomArrays.txt,1,342,0.010774,0.015625,0.00
randomArrays.txt,2,342,0.005744,0.000000,0.00
randomArrays.txt,3,342,0.016319,0.015625,0.00
randomArrays.txt,1,252,0.015343,0.000000,0.00
randomArrays.txt,2,252,0.007549,0.015625,0.00
randomArrays.txt,3,252,0.008360,0.000000,0.00
randomArrays.txt,1,205,0.005014,0.015625,0.00
randomArrays.txt,2,205,0.007150,0.000000,0.00
randomArrays.txt,3,205,0.006174,0.015625,0.00
randomArrays.txt,1,744,0.047066,0.046875,0.00
randomArrays.txt,2,744,0.080592,0.078125,0.00
randomArrays.txt,3,744,0.063346,0.062500,0.00
randomArrays.txt,1,537,0.025328,0.031250,0.00
randomArrays.txt,2,537,0.029981,0.031250,0.00
randomArrays.txt,3,537,0.023911,0.031250,0.00
randomArrays.txt,1,501,0.025016,0.031250,0.00
randomArrays.txt,2,501,0.023212,0.015625,0.00
randomArrays.txt,3,501,0.021756,0.031250,0.00
randomArrays.txt,1,853,0.050583,0.046875,0.00
randomArrays.txt,2,853,0.033017,0.046875,0.00
randomArrays.txt,3,853,0.040544,0.031250,0.00
randomArrays.txt,1,341,0.014746,0.015625,0.00
randomArrays.txt,2,341,0.006364,0.000000,0.00
randomArrays.txt,3,341,0.017665,0.015625,0.00
randomArrays.txt,1,800,0.027756,0.031250,0.00
randomArrays.txt,2,800,0.037632,0.031250,0.00
randomArrays.txt,3,800,0.057234,0.062500,0.00
randomArrays.txt,1,857,0.031089,0.031250,0.00
randomArrays.txt,2,857,0.031203,0.031250,0.00
randomArrays.txt,3,857,0.054551,0.062500,0.00
randomArrays.txt,1,427,0.019820,0.015625,0.00
randomArrays.txt,2,427,0.020243,0.015625,0.00
randomArrays.txt,3,427,0.018884,0.015625,0.00
randomArrays.txt,1,647,0.034031,0.031250,0.00
randomArrays.txt,2,647,0.043780,0.046875,0.00
randomArrays.txt,3,647,0.051737,0.046875,0.00
randomArrays.txt,1,76,0.000859,0.000000,0.00
randomArrays.txt,2,76,0.000854,0.000000,0.00
randomArrays.txt,3,76,0.000835,0.000000,0.00
randomArrays.txt,1,677,0.020715,0.031250,0.00
randomArrays.txt,2,677,0.029079,0.015625,0.00
randomArrays.txt,3,677,0.031793,0.046875,0.00
randomArrays.txt,1,579,0.023108,0.015625,0.00
randomArrays.txt,2,579,0.020010,0.031250,0.00
randomArrays.txt,3,579,0.031129,0.031250,0.00
randomArrays.txt,1,731,0.032274,0.031250,0.00
randomArrays.txt,2,731,0.045123,0.046875,0.00
randomArrays.txt,3,731,0.050176,0.046875,0.00
randomArrays.txt,1,704,0.028443,0.031250,0.00
randomArrays.txt,2,704,0.028219,0.015625,0.00
randomArrays.txt,3,704,0.033790,0.046875,0.00
randomArrays.txt,1,266,0.007882,0.000000,0.00
randomArrays.txt,2,266,0.005313,0.015625,0.00
randomArrays.txt,3,266,0.006459,0.000000,0.00
randomArrays.txt,1,263,0.004513,0.000000,0.00
randomArrays.txt,2,263,0.005523,0.000000,0.00
randomArrays.txt,3,263,0.006256,0.015625,0.00
randomArrays.txt,1,434,0.012262,0.015625,0.00
randomArrays.txt,2,434,0.012804,0.015625,0.00
randomArrays.txt,3,434,0.018828,0.015625,0.00
randomArrays.txt,1,484,0.011042,0.000000,0.00
randomArrays.txt,2,484,0.019897,0.031250,0.00
randomArrays.txt,3,484,0.019833,0.015625,0.00
randomArrays.txt,1,163,0.002651,0.000000,0.00
randomArrays.txt,2,163,0.002584,0.000000,0.00
randomArrays.txt,3,163,0.002658,0.015625,0.00
randomArrays.txt,1,211,0.003112,0.000000,0.00
randomArrays.txt,2,211,0.003060,0.000000,0.00
randomArrays.txt,3,211,0.004756,0.000000,0.00
randomArrays.txt,1,185,0.005178,0.000000,0.00
randomArrays.txt,2,185,0.002292,0.000000,0.00
randomArrays.txt,3,185,0.002333,0.015625,0.00
randomArrays.txt,1,467,0.017563,0.031250,0.00
randomArrays.txt,2,467,0.020060,0.015625,0.00
randomArrays.txt,3,467,0.022896,0.015625,0.00
randomArrays.txt,1,214,0.006287,0.015625,0.00
randomArrays.txt,2,214,0.005686,0.000000,0.00
randomArrays.txt,3,214,0.002450,0.000000,0.00
randomArrays.txt,1,35,0.000108,0.000000,0.00
randomArrays.txt,2,35,0.000148,0.000000,0.00
randomArrays.txt,3,35,0.000209,0.000000,0.00
randomArrays.txt,1,141,0.002567,0.000000,0.00
randomArrays.txt,2,141,0.002108,0.000000,0.00
randomArrays.txt,3,141,0.002327,0.000000,0.00
randomArrays.txt,1,559,0.024205,0.015625,0.00
randomArrays.txt,2,559,0.028613,0.031250,0.00
randomArrays.txt,3,559,0.012218,0.015625,0.00
randomArrays.txt,1,706,0.149932,0.062500,0.00
randomArrays.txt,2,706,0.090039,0.046875,0.00
randomArrays.txt,3,706,0.047399,0.046875,0.00
randomArrays.txt,1,68,0.000515,0.000000,0.00
randomArrays.txt,2,68,0.000477,0.000000,0.00
randomArrays.txt,3,68,0.000758,0.000000,0.00
randomArrays.txt,1,12,0.000031,0.000000,0.00
randomArrays.txt,2,12,0.000019,0.000000,0.00
randomArrays.txt,3,12,0.000032,0.000000,0.00
randomArrays.txt,1,405,0.016791,0.031250,0.00
randomArrays.txt,2,405,0.014661,0.015625,0.00
randomArrays.txt,3,405,0.014177,0.015625,0.00
randomArrays.txt,1,288,0.012167,0.000000,0.00
randomArrays.txt,2,288,0.006436,0.015625,0.00
randomArrays.txt,3,288,0.003903,0.000000,0.00
randomArrays.txt,1,50,0.000394,0.000000,0.00
randomArrays.txt,2,50,0.000402,0.000000,0.00
randomArrays.txt,3,50,0.000369,0.000000,0.00
randomArrays.txt,1,752,0.045355,0.046875,0.00
randomArrays.txt,2,752,0.035666,0.031250,0.00
randomArrays.txt,3,752,0.031418,0.031250,0.00
randomArrays.txt,1,695,0.044543,0.046875,0.00
randomArrays.txt,2,695,0.043495,0.046875,0.00
randomArrays.txt,3,695,0.042762,0.031250,0.00
randomArrays.txt,1,186,0.003506,0.000000,0.00
randomArrays.txt,2,186,0.003471,0.000000,0.00
randomArrays.txt,3,186,0.004106,0.000000,0.00
randomArrays.txt,1,737,0.028822,0.015625,0.00
randomArrays.txt,2,737,0.038762,0.046875,0.00
randomArrays.txt,3,737,0.046090,0.046875,0.00
randomArrays.txt,1,151,0.005343,0.000000,0.00
randomArrays.txt,2,151,0.001621,0.000000,0.00
randomArrays.txt,3,151,0.002111,0.000000,0.00
randomArrays.txt,1,46,0.000163,0.000000,0.00
randomArrays.txt,2,46,0.000166,0.000000,0.00
randomArrays.txt,3,46,0.000152,0.000000,0.00
randomArrays.txt,1,333,0.011169,0.015625,0.00
randomArrays.txt,2,333,0.007199,0.000000,0.00
randomArrays.txt,3,333,0.007083,0.015625,0.00
randomArrays.txt,1,189,0.003201,0.000000,0.00
randomArrays.txt,2,189,0.003621,0.000000,0.00
randomArrays.txt,3,189,0.003217,0.000000,0.00
randomArrays.txt,1,190,0.003767,0.000000,0.00
randomArrays.txt,2,190,0.003838,0.015625,0.00
randomArrays.txt,3,190,0.003924,0.000000,0.00
randomArrays.txt,1,589,0.029038,0.015625,0.00
randomArrays.txt,2,589,0.031447,0.046875,0.00
randomArrays.txt,3,589,0.024778,0.015625,0.00
randomArrays.txt,1,230,0.009146,0.000000,0.00
randomArrays.txt,2,230,0.007381,0.015625,0.00
randomArrays.txt,3,230,0.004371,0.000000,0.00
randomArrays.txt,1,535,0.012319,0.015625,0.00
randomArrays.txt,2,535,0.012014,0.015625,0.00
randomArrays.txt,3,535,0.014029,0.015625,0.00
randomArrays.txt,1,189,0.005202,0.000000,0.00
randomArrays.txt,2,189,0.002379,0.000000,0.00
randomArrays.txt,3,189,0.004131,0.015625,0.00
randomArrays.txt,1,834,0.045527,0.046875,0.00
randomArrays.txt,2,834,0.046879,0.046875,0.00
randomArrays.txt,3,834,0.046637,0.046875,0.00
randomArrays.txt,1,273,0.007390,0.000000,0.00
randomArrays.txt,2,273,0.006048,0.015625,0.00
randomArrays.txt,3,273,0.006977,0.000000,0.00
randomArrays.txt,1,773,0.036511,0.031250,0.00
randomArrays.txt,2,773,0.038252,0.031250,0.00
randomArrays.txt,3,773,0.036624,0.031250,0.00
randomArrays.txt,1,342,0.005650,0.015625,0.00
randomArrays.txt,2,342,0.013074,0.015625,0.00
randomArrays.txt,3,342,0.004587,0.000000,0.00
randomArrays.txt,1,221,0.004563,0.000000,0.00
randomArrays.txt,2,221,0.002493,0.000000,0.00
randomArrays.txt,3,221,0.004695,0.015625,0.00
randomArrays.txt,1,519,0.017634,0.031250,0.00
randomArrays.txt,2,519,0.021558,0.015625,0.00
randomArrays.txt,3,519,0.025363,0.031250,0.00
randomArrays.txt,1,479,0.020872,0.031250,0.00
randomArrays.txt,2,479,0.018002,0.015625,0.00
randomArrays.txt,3,479,0.018043,0.015625,0.00
randomArrays.txt,1,155,0.002318,0.000000,0.00
randomArrays.txt,2,155,0.002281,0.000000,0.00
randomArrays.txt,3,155,0.002802,0.000000,0.00
randomArrays.txt,1,756,0.029355,0.031250,0.00
randomArrays.txt,2,756,0.031015,0.031250,0.00
randomArrays.txt,3,756,0.039509,0.031250,0.00
randomArrays.txt,1,658,0.033882,0.031250,0.00
randomArrays.txt,2,658,0.037136,0.046875,0.00
randomArrays.txt,3,658,0.035017,0.031250,0.00
randomArrays.txt,1,213,0.005334,0.000000,0.00
randomArrays.txt,2,213,0.006090,0.000000,0.00
randomArrays.txt,3,213,0.003281,0.015625,0.00
randomArrays.txt,1,467,0.010326,0.015625,0.00
randomArrays.txt,2,467,0.024069,0.015625,0.00
randomArrays.txt,3,467,0.028388,0.031250,0.00
randomArrays.txt,1,191,0.002952,0.000000,0.00
randomArrays.txt,2,191,0.004655,0.000000,0.00
randomArrays.txt,3,191,0.003506,0.000000,0.00
randomArrays.txt,1,744,0.041336,0.046875,0.00
randomArrays.txt,2,744,0.033246,0.031250,0.00
randomArrays.txt,3,744,0.036657,0.046875,0.00
randomArrays.txt,1,122,0.001290,0.015625,0.00
randomArrays.txt,2,122,0.001820,0.000000,0.00
randomArrays.txt,3,122,0.001010,0.000000,0.00
randomArrays.txt,1,178,0.003344,0.015625,0.00
randomArrays.txt,2,178,0.003356,0.000000,0.00
randomArrays.txt,3,178,0.003329,0.000000,0.00
randomArrays.txt,1,760,0.028513,0.031250,0.00
randomArrays.txt,2,760,0.053543,0.046875,0.00
randomArrays.txt,3,760,0.048164,0.046875,0.00
randomArrays.txt,1,524,0.032294,0.046875,0.00
randomArrays.txt,2,524,0.033811,0.031250,0.00
randomArrays.txt,3,524,0.037330,0.031250,0.00
randomArrays.txt,1,264,0.016082,0.015625,0.00
randomArrays.txt,2,264,0.011658,0.015625,0.00
randomArrays.txt,3,264,0.010778,0.015625,0.00
randomArrays.txt,1,733,0.053423,0.046875,0.00
randomArrays.txt,2,733,0.040961,0.031250,0.00
randomArrays.txt,3,733,0.046036,0.046875,0.00
randomArrays.txt,1,759,0.074941,0.062500,0.00
randomArrays.txt,2,759,0.043127,0.031250,0.00
randomArrays.txt,3,759,0.035438,0.046875,0.00
randomArrays.txt,1,177,0.002675,0.015625,0.00
randomArrays.txt,2,177,0.003115,0.000000,0.00
randomArrays.txt,3,177,0.001789,0.000000,0.00
randomArrays.txt,1,53,0.000277,0.000000,0.00
randomArrays.txt,2,53,0.000277,0.000000,0.00
randomArrays.txt,3,53,0.000275,0.000000,0.00
randomArrays.txt,1,429,0.014180,0.015625,0.00
randomArrays.txt,2,429,0.016972,0.015625,0.00
randomArrays.txt,3,429,0.010359,0.015625,0.00
randomArrays.txt,1,508,0.021140,0.031250,0.00
randomArrays.txt,2,508,0.021000,0.015625,0.00
randomArrays.txt,3,508,0.020761,0.015625,0.00
randomArrays.txt,1,412,0.009895,0.015625,0.00
randomArrays.txt,2,412,0.016156,0.015625,0.00
randomArrays.txt,3,412,0.007690,0.015625,0.00
randomArrays.txt,1,503,0.020250,0.015625,0.00
randomArrays.txt,2,503,0.019622,0.015625,0.00
randomArrays.txt,3,503,0.016341,0.031250,0.00
randomArrays.txt,1,115,0.001584,0.000000,0.00
randomArrays.txt,2,115,0.001322,0.000000,0.00
randomArrays.txt,3,115,0.001339,0.000000,0.00
randomArrays.txt,1,851,0.040557,0.046875,0.00
randomArrays.txt,2,851,0.036039,0.031250,0.00
randomArrays.txt,3,851,0.044871,0.046875,0.00
randomArrays.txt,1,848,0.037391,0.031250,0.00
randomArrays.txt,2,848,0.060697,0.062500,0.00
randomArrays.txt,3,848,0.048256,0.046875,0.00
randomArrays.txt,1,652,0.019593,0.015625,0.00
randomArrays.txt,2,652,0.020125,0.015625,0.00
randomArrays.txt,3,652,0.026507,0.031250,0.00
randomArrays.txt,1,693,0.025047,0.015625,0.00
randomArrays.txt,2,693,0.025477,0.031250,0.00
randomArrays.txt,3,693,0.048752,0.046875,0.00
randomArrays.txt,1,662,0.040805,0.031250,0.00
randomArrays.txt,2,662,0.052371,0.062500,0.00
randomArrays.txt,3,662,0.024185,0.015625,0.00
randomArrays.txt,1,815,0.060863,0.062500,0.00
randomArrays.txt,2,815,0.036796,0.031250,0.00
randomArrays.txt,3,815,0.046741,0.046875,0.00
randomArrays.txt,1,679,0.046941,0.046875,0.00
randomArrays.txt,2,679,0.027564,0.031250,0.00
randomArrays.txt,3,679,0.020896,0.015625,0.00
randomArrays.txt,1,141,0.001906,0.000000,0.00
randomArrays.txt,2,141,0.002834,0.015625,0.00
randomArrays.txt,3,141,0.001393,0.000000,0.00
randomArrays.txt,1,458,0.014841,0.015625,0.00
randomArrays.txt,2,458,0.011506,0.015625,0.00
randomArrays.txt,3,458,0.013500,0.015625,0.00
randomArrays.txt,1,378,0.010292,0.000000,0.00
randomArrays.txt,2,378,0.014381,0.015625,0.00
randomArrays.txt,3,378,0.010359,0.015625,0.00
randomArrays.txt,1,662,0.025091,0.031250,0.00
randomArrays.txt,2,662,0.021965,0.015625,0.00
randomArrays.txt,3,662,0.032309,0.031250,0.00
randomArrays.txt,1,809,0.057312,0.062500,0.00
randomArrays.txt,2,809,0.054680,0.046875,0.00
randomArrays.txt,3,809,0.068883,0.078125,0.00
randomArrays.txt,1,454,0.008541,0.015625,0.00
randomArrays.txt,2,454,0.008161,0.000000,0.00
randomArrays.txt,3,454,0.012452,0.015625,0.00
randomArrays.txt,1,513,0.012822,0.015625,0.00
randomArrays.txt,2,513,0.031634,0.031250,0.00
randomArrays.txt,3,513,0.019873,0.015625,0.00
randomArrays.txt,1,855,0.081688,0.093750,0.00
randomArrays.txt,2,855,0.075886,0.031250,0.00
randomArrays.txt,3,855,0.052734,0.031250,0.00
randomArrays.txt,1,257,0.006054,0.015625,0.00
randomArrays.txt,2,257,0.004631,0.000000,0.00
randomArrays.txt,3,257,0.004808,0.000000,0.00
randomArrays.txt,1,112,0.002113,0.000000,0.00
randomArrays.txt,2,112,0.000758,0.000000,0.00
randomArrays.txt,3,112,0.004436,0.000000,0.00
randomArrays.txt,1,264,0.004178,0.000000,0.00
randomArrays.txt,2,264,0.006894,0.015625,0.00
randomArrays.txt,3,264,0.006978,0.000000,0.00
randomArrays.txt,1,404,0.015135,0.015625,0.00
randomArrays.txt,2,404,0.015519,0.015625,0.00
randomArrays.txt,3,404,0.015699,0.015625,0.00
randomArrays.txt,1,830,0.058134,0.062500,0.00
randomArrays.txt,2,830,0.052965,0.046875,0.00
randomArrays.txt,3,830,0.061801,0.062500,0.00
randomArrays.txt,1,115,0.001883,0.000000,0.00
randomArrays.txt,2,115,0.001879,0.000000,0.00
randomArrays.txt,3,115,0.001499,0.000000,0.00
