dataset,run,arraylength,time,cputime,memory
randomArrays,1,469,0.78,0.00,4.00
randomArrays,1,783,1.37,0.00,8.00
randomArrays,1,464,0.92,0.00,32.00
randomArrays,1,267,0.68,0.00,0.00
randomArrays,1,828,2.22,0.00,0.00
randomArrays,1,607,1.32,0.00,60.00
randomArrays,1,319,0.53,0.00,0.00
randomArrays,1,431,0.72,0.00,0.00
randomArrays,1,941,2.86,0.00,0.00
randomArrays,1,937,1.93,0.00,0.00
randomArrays,1,619,1.41,0.00,0.00
randomArrays,1,370,0.61,0.00,0.00
randomArrays,1,478,0.79,0.00,20.00
randomArrays,1,107,0.16,0.00,0.00
randomArrays,1,910,1.73,15.62,64.00
randomArrays,1,381,0.60,0.00,0.00
randomArrays,1,699,1.35,0.00,0.00
randomArrays,1,452,1.33,0.00,0.00
randomArrays,1,882,1.54,0.00,4.00
randomArrays,1,697,1.18,15.62,0.00
randomArrays,1,39,0.06,0.00,0.00
randomArrays,1,382,0.65,0.00,0.00
randomArrays,1,980,1.74,0.00,60.00
randomArrays,1,202,0.33,0.00,0.00
randomArrays,1,674,1.14,0.00,0.00
randomArrays,1,184,0.54,0.00,0.00
randomArrays,1,853,1.55,0.00,28.00
randomArrays,1,101,0.16,0.00,0.00
randomArrays,1,329,0.56,0.00,8.00
randomArrays,1,837,1.53,0.00,24.00
randomArrays,1,952,1.79,0.00,36.00
randomArrays,1,676,1.21,0.00,16.00
randomArrays,1,248,0.99,0.00,4.00
randomArrays,1,845,5.24,0.00,0.00
randomArrays,1,707,2.14,0.00,16.00
randomArrays,1,458,0.86,0.00,12.00
randomArrays,1,219,0.36,0.00,4.00
randomArrays,1,268,0.72,0.00,8.00
randomArrays,1,201,0.35,0.00,0.00
randomArrays,1,520,1.00,0.00,24.00
randomArrays,1,832,1.48,0.00,8.00
randomArrays,1,800,1.40,0.00,44.00
randomArrays,1,753,1.56,0.00,8.00
randomArrays,1,286,0.45,0.00,0.00
randomArrays,1,841,1.45,0.00,0.00
randomArrays,1,240,0.39,0.00,4.00
randomArrays,1,370,0.61,0.00,8.00
randomArrays,1,287,0.50,0.00,0.00
randomArrays,1,89,0.15,0.00,0.00
randomArrays,1,881,2.02,0.00,0.00
randomArrays,1,187,0.43,0.00,0.00
randomArrays,1,373,0.61,0.00,0.00
randomArrays,1,194,0.50,0.00,8.00
randomArrays,1,382,0.64,0.00,8.00
randomArrays,1,826,2.73,0.00,16.00
randomArrays,1,781,1.40,0.00,0.00
randomArrays,1,814,1.61,0.00,0.00
randomArrays,1,525,0.90,0.00,32.00
randomArrays,1,136,0.20,0.00,0.00
randomArrays,1,454,0.75,0.00,16.00
randomArrays,1,563,1.01,0.00,40.00
randomArrays,1,226,0.36,0.00,0.00
randomArrays,1,345,0.58,0.00,4.00
randomArrays,1,514,1.02,0.00,0.00
randomArrays,1,871,1.94,0.00,16.00
randomArrays,1,939,1.68,0.00,12.00
randomArrays,1,397,0.66,0.00,0.00
randomArrays,1,429,0.82,0.00,0.00
randomArrays,1,421,0.69,0.00,0.00
randomArrays,1,747,1.30,0.00,8.00
randomArrays,1,19,0.03,0.00,0.00
randomArrays,1,74,0.12,0.00,0.00
randomArrays,1,259,0.46,0.00,0.00
randomArrays,1,846,1.51,0.00,28.00
randomArrays,1,789,1.38,0.00,24.00
randomArrays,1,671,1.34,0.00,8.00
randomArrays,1,368,0.61,0.00,0.00
randomArrays,1,448,0.87,0.00,0.00
randomArrays,1,237,0.53,0.00,0.00
randomArrays,1,627,1.32,0.00,36.00
randomArrays,1,584,1.08,0.00,16.00
randomArrays,1,328,1.32,0.00,16.00
randomArrays,1,606,1.01,0.00,0.00
randomArrays,1,563,0.94,0.00,0.00
randomArrays,1,774,1.33,0.00,8.00
randomArrays,1,206,0.32,0.00,0.00
randomArrays,1,907,1.61,0.00,52.00
randomArrays,1,37,0.05,0.00,0.00
randomArrays,1,878,1.58,0.00,16.00
randomArrays,1,284,0.46,0.00,0.00
randomArrays,1,853,1.50,0.00,16.00
randomArrays,1,247,0.53,0.00,4.00
randomArrays,1,241,0.37,0.00,0.00
randomArrays,1,348,0.81,0.00,0.00
randomArrays,1,814,1.85,0.00,12.00
randomArrays,1,245,0.78,0.00,0.00
randomArrays,1,335,0.73,0.00,8.00
randomArrays,1,497,0.82,0.00,8.00
randomArrays,1,280,0.44,0.00,0.00
randomArrays,1,664,1.30,0.00,0.00
randomArrays,1,523,0.89,0.00,28.00
randomArrays,1,841,1.46,0.00,16.00
randomArrays,1,290,0.46,0.00,0.00
randomArrays,1,158,0.25,0.00,0.00
randomArrays,1,783,1.38,0.00,8.00
randomArrays,1,638,1.14,0.00,60.00
randomArrays,1,314,0.53,0.00,8.00
randomArrays,1,484,0.79,0.00,8.00
randomArrays,1,972,1.92,0.00,8.00
randomArrays,1,652,1.14,0.00,8.00
randomArrays,1,543,0.95,0.00,16.00
randomArrays,1,487,1.12,0.00,0.00
randomArrays,1,686,1.29,0.00,8.00
randomArrays,1,183,0.28,0.00,0.00
randomArrays,1,572,1.72,0.00,4.00
randomArrays,1,747,1.34,0.00,8.00
randomArrays,1,780,1.37,0.00,8.00
randomArrays,1,828,1.47,0.00,8.00
randomArrays,1,591,1.02,0.00,0.00
randomArrays,1,415,0.71,0.00,4.00
randomArrays,1,648,1.18,0.00,36.00
randomArrays,1,204,0.36,0.00,0.00
randomArrays,1,510,0.86,0.00,16.00
randomArrays,1,422,0.70,0.00,0.00
randomArrays,1,541,0.97,0.00,28.00
randomArrays,1,875,1.63,0.00,0.00
randomArrays,1,742,1.37,0.00,16.00
randomArrays,1,384,0.65,0.00,8.00
randomArrays,1,266,0.41,0.00,0.00
randomArrays,1,137,0.25,0.00,0.00
randomArrays,1,970,1.79,0.00,0.00
randomArrays,1,685,1.20,0.00,8.00
randomArrays,1,665,1.14,0.00,8.00
randomArrays,1,319,0.50,0.00,0.00
randomArrays,1,808,1.42,0.00,0.00
randomArrays,1,143,0.22,0.00,0.00
randomArrays,1,147,0.25,0.00,12.00
randomArrays,1,929,1.85,0.00,64.00
randomArrays,1,906,1.76,0.00,24.00
randomArrays,1,425,0.73,0.00,16.00
randomArrays,1,736,1.30,0.00,24.00
randomArrays,1,65,0.10,0.00,0.00
randomArrays,1,305,0.53,0.00,0.00
randomArrays,1,194,0.30,0.00,4.00
randomArrays,1,545,0.94,0.00,24.00
randomArrays,1,49,0.07,0.00,0.00
randomArrays,1,731,1.29,0.00,16.00
randomArrays,1,712,2.05,0.00,32.00
randomArrays,1,732,1.26,0.00,0.00
randomArrays,1,57,0.08,0.00,0.00
randomArrays,1,983,1.75,0.00,60.00
randomArrays,1,345,0.57,0.00,8.00
randomArrays,1,152,0.24,0.00,4.00
randomArrays,1,963,1.78,0.00,60.00
randomArrays,1,544,0.95,0.00,56.00
randomArrays,1,870,1.58,0.00,24.00
randomArrays,1,557,0.93,0.00,0.00
randomArrays,1,168,0.28,0.00,8.00
randomArrays,1,373,0.73,0.00,8.00
randomArrays,1,416,0.72,0.00,8.00
randomArrays,1,942,1.65,0.00,4.00
randomArrays,1,966,1.68,0.00,0.00
randomArrays,1,363,0.58,0.00,0.00
randomArrays,1,955,1.66,0.00,4.00
randomArrays,1,626,1.08,0.00,0.00
randomArrays,1,948,1.65,0.00,0.00
randomArrays,1,193,0.32,0.00,12.00
randomArrays,1,361,0.59,0.00,8.00
randomArrays,1,195,0.31,0.00,4.00
randomArrays,1,905,1.59,0.00,36.00
randomArrays,1,105,0.15,0.00,0.00
randomArrays,1,750,1.60,0.00,24.00
randomArrays,1,565,0.96,0.00,16.00
randomArrays,1,538,0.93,0.00,32.00
randomArrays,1,488,0.81,0.00,0.00
randomArrays,1,30,0.07,0.00,0.00
randomArrays,1,554,0.94,0.00,8.00
randomArrays,1,407,1.50,0.00,8.00
randomArrays,1,958,3.63,0.00,20.00
randomArrays,1,137,0.51,0.00,0.00
randomArrays,1,101,0.15,0.00,0.00
randomArrays,1,633,1.06,0.00,0.00
randomArrays,1,44,0.06,0.00,0.00
randomArrays,1,738,1.35,0.00,32.00
randomArrays,1,763,2.09,0.00,32.00
randomArrays,1,319,0.52,0.00,4.00
randomArrays,1,682,1.17,0.00,8.00
randomArrays,1,820,1.44,0.00,16.00
randomArrays,1,896,1.56,0.00,28.00
randomArrays,1,712,4.46,0.00,24.00
randomArrays,1,554,1.61,0.00,16.00
randomArrays,1,940,1.65,0.00,16.00
randomArrays,1,787,1.37,0.00,4.00
randomArrays,1,255,0.41,0.00,16.00
randomArrays,1,135,0.23,0.00,4.00
randomArrays,1,546,0.90,0.00,0.00
randomArrays,1,643,1.13,0.00,40.00
randomArrays,1,197,0.32,0.00,8.00
randomArrays,1,643,1.11,0.00,16.00
randomArrays,1,858,1.47,0.00,0.00
randomArrays,1,134,0.20,0.00,0.00
randomArrays,1,133,0.22,0.00,0.00
randomArrays,1,317,0.58,0.00,0.00
randomArrays,1,312,0.57,0.00,0.00
randomArrays,1,160,0.28,0.00,0.00
randomArrays,1,838,1.46,0.00,8.00
randomArrays,1,316,0.53,0.00,0.00
randomArrays,1,111,0.16,0.00,0.00
randomArrays,1,530,1.14,0.00,20.00
randomArrays,1,827,1.77,0.00,24.00
randomArrays,1,994,1.82,0.00,100.00
randomArrays,1,348,0.55,0.00,0.00
randomArrays,1,652,1.10,0.00,0.00
randomArrays,1,339,0.57,0.00,16.00
randomArrays,1,908,1.81,0.00,40.00
randomArrays,1,655,1.13,0.00,8.00
randomArrays,1,899,4.42,15.62,36.00
randomArrays,1,377,0.96,0.00,12.00
randomArrays,1,793,1.50,0.00,0.00
randomArrays,1,12,0.02,0.00,0.00
randomArrays,1,236,0.37,0.00,0.00
randomArrays,1,851,1.48,0.00,0.00
randomArrays,1,462,0.75,0.00,0.00
randomArrays,1,49,0.07,0.00,0.00
randomArrays,1,649,1.09,0.00,0.00
randomArrays,1,299,0.47,0.00,0.00
randomArrays,1,796,1.36,0.00,0.00
randomArrays,1,227,0.35,0.00,0.00
randomArrays,1,929,1.67,0.00,76.00
randomArrays,1,166,0.27,0.00,4.00
randomArrays,1,277,0.48,0.00,4.00
randomArrays,1,179,0.30,0.00,0.00
randomArrays,1,809,1.76,0.00,20.00
randomArrays,1,232,0.49,0.00,0.00
randomArrays,1,247,0.39,0.00,4.00
randomArrays,1,99,0.15,0.00,0.00
randomArrays,1,649,1.12,0.00,12.00
randomArrays,1,15,0.03,0.00,0.00
randomArrays,1,646,1.49,0.00,8.00
randomArrays,1,463,0.78,0.00,0.00
randomArrays,1,587,1.09,0.00,16.00
randomArrays,1,898,1.63,0.00,56.00
randomArrays,1,643,1.11,0.00,0.00
randomArrays,1,840,1.46,0.00,0.00
randomArrays,1,708,1.23,0.00,48.00
randomArrays,1,214,0.33,0.00,0.00
randomArrays,1,565,0.98,0.00,24.00
randomArrays,1,157,0.24,0.00,0.00
randomArrays,1,265,0.47,0.00,12.00
randomArrays,1,171,0.30,0.00,4.00
randomArrays,1,136,0.21,0.00,0.00
randomArrays,1,290,0.47,0.00,16.00
randomArrays,1,96,0.14,0.00,0.00
randomArrays,1,11,0.02,0.00,0.00
randomArrays,1,311,0.56,0.00,0.00
randomArrays,1,566,0.96,0.00,0.00
randomArrays,1,328,0.57,0.00,8.00
randomArrays,1,358,0.62,0.00,0.00
randomArrays,1,674,1.16,0.00,8.00
randomArrays,1,490,0.82,0.00,0.00
randomArrays,1,36,0.06,0.00,0.00
randomArrays,1,408,0.86,0.00,12.00
randomArrays,1,49,0.08,0.00,0.00
randomArrays,1,581,1.01,0.00,40.00
randomArrays,1,879,1.51,0.00,0.00
randomArrays,1,61,0.09,0.00,0.00
randomArrays,1,656,1.14,0.00,24.00
randomArrays,1,411,0.68,0.00,16.00
randomArrays,1,361,0.65,0.00,0.00
randomArrays,1,994,1.82,0.00,32.00
randomArrays,1,416,0.70,0.00,0.00
randomArrays,1,966,1.68,0.00,0.00
randomArrays,1,92,0.14,0.00,0.00
randomArrays,1,429,1.09,0.00,0.00
randomArrays,1,658,1.13,0.00,8.00
randomArrays,1,877,1.77,0.00,0.00
randomArrays,1,780,1.33,0.00,0.00
randomArrays,1,669,1.13,0.00,0.00
randomArrays,1,394,0.67,0.00,8.00
randomArrays,1,892,1.62,0.00,8.00
randomArrays,1,180,0.30,0.00,0.00
randomArrays,1,829,1.45,0.00,16.00
randomArrays,1,255,0.40,0.00,16.00
randomArrays,1,374,0.61,0.00,8.00
randomArrays,1,37,0.06,0.00,0.00
randomArrays,1,919,1.62,0.00,28.00
randomArrays,1,850,1.47,0.00,0.00
randomArrays,1,930,1.63,0.00,4.00
randomArrays,1,419,0.68,0.00,0.00
randomArrays,1,720,1.34,0.00,16.00
randomArrays,1,378,0.61,0.00,8.00
randomArrays,1,815,1.40,0.00,0.00
randomArrays,1,566,2.94,0.00,32.00
randomArrays,1,623,1.15,0.00,24.00
randomArrays,1,597,1.02,0.00,8.00
randomArrays,1,148,0.22,0.00,0.00
randomArrays,1,580,0.97,0.00,0.00
randomArrays,1,244,0.38,0.00,0.00
randomArrays,1,703,1.19,0.00,0.00
randomArrays,1,743,1.29,0.00,8.00
randomArrays,1,923,1.60,0.00,20.00
randomArrays,1,284,0.44,0.00,0.00
randomArrays,1,35,0.05,0.00,0.00
randomArrays,1,941,1.67,0.00,16.00
randomArrays,1,39,0.06,0.00,0.00
randomArrays,1,276,0.52,0.00,0.00
randomArrays,1,494,0.88,0.00,4.00
randomArrays,1,547,0.94,0.00,8.00
randomArrays,1,837,1.46,0.00,24.00
randomArrays,1,183,0.27,0.00,0.00
randomArrays,1,360,0.58,0.00,0.00
randomArrays,1,627,1.09,0.00,40.00
randomArrays,1,833,2.01,0.00,12.00
randomArrays,1,491,0.83,0.00,4.00
randomArrays,1,623,1.05,0.00,0.00
randomArrays,1,850,1.46,0.00,0.00
randomArrays,1,35,0.05,0.00,0.00
randomArrays,1,584,1.00,0.00,0.00
randomArrays,1,34,0.11,0.00,0.00
randomArrays,1,335,1.10,0.00,4.00
randomArrays,1,145,0.22,0.00,0.00
randomArrays,1,61,0.10,0.00,0.00
randomArrays,1,88,0.20,0.00,0.00
randomArrays,1,442,1.00,0.00,4.00
randomArrays,1,729,1.58,0.00,0.00
randomArrays,1,312,1.03,0.00,12.00
randomArrays,1,620,1.18,0.00,24.00
randomArrays,1,77,0.11,0.00,0.00
randomArrays,1,784,1.46,0.00,8.00
randomArrays,1,720,2.27,0.00,32.00
randomArrays,1,796,1.40,0.00,0.00
randomArrays,1,81,0.12,0.00,0.00
randomArrays,1,900,2.48,0.00,68.00
randomArrays,1,570,1.23,0.00,8.00
randomArrays,1,749,1.32,0.00,16.00
randomArrays,1,723,1.38,0.00,0.00
randomArrays,1,54,0.16,0.00,0.00
randomArrays,1,261,0.45,0.00,4.00
randomArrays,1,831,1.41,0.00,0.00
randomArrays,1,133,0.67,0.00,0.00
randomArrays,1,165,0.27,0.00,4.00
randomArrays,1,441,1.17,0.00,24.00
randomArrays,1,782,1.37,0.00,28.00
randomArrays,1,384,0.75,0.00,16.00
randomArrays,1,283,0.62,0.00,0.00
randomArrays,1,71,0.11,0.00,0.00
randomArrays,1,374,1.04,0.00,8.00
randomArrays,1,204,0.88,0.00,0.00
randomArrays,1,437,0.72,0.00,0.00
randomArrays,1,662,1.13,0.00,8.00
randomArrays,1,821,1.43,0.00,4.00
randomArrays,1,198,0.30,0.00,0.00
randomArrays,1,776,1.32,0.00,0.00
randomArrays,1,124,0.18,0.00,0.00
randomArrays,1,202,0.31,0.00,0.00
randomArrays,1,806,1.87,0.00,0.00
randomArrays,1,448,0.76,0.00,4.00
randomArrays,1,383,0.60,0.00,0.00
randomArrays,1,992,1.85,0.00,48.00
randomArrays,1,714,2.39,0.00,16.00
randomArrays,1,528,0.91,0.00,36.00
randomArrays,1,137,0.21,0.00,0.00
randomArrays,1,122,0.25,0.00,0.00
randomArrays,1,883,1.57,0.00,20.00
randomArrays,1,614,1.08,0.00,32.00
randomArrays,1,841,1.44,0.00,0.00
randomArrays,1,471,0.77,0.00,12.00
randomArrays,1,871,1.92,0.00,0.00
randomArrays,1,938,1.63,0.00,4.00
randomArrays,1,238,0.38,0.00,4.00
randomArrays,1,772,1.34,0.00,20.00
randomArrays,1,334,0.55,0.00,8.00
randomArrays,1,274,0.45,0.00,8.00
randomArrays,1,385,0.67,0.00,36.00
randomArrays,1,455,0.76,0.00,12.00
randomArrays,1,202,0.38,0.00,4.00
randomArrays,1,349,0.77,0.00,0.00
randomArrays,1,170,0.28,0.00,8.00
randomArrays,1,365,0.85,0.00,4.00
randomArrays,1,921,1.62,0.00,4.00
randomArrays,1,368,0.59,0.00,0.00
randomArrays,1,851,1.53,0.00,0.00
randomArrays,1,736,1.25,0.00,0.00
randomArrays,1,64,0.09,0.00,0.00
randomArrays,1,371,0.63,0.00,0.00
randomArrays,1,962,1.72,0.00,32.00
randomArrays,1,758,1.74,0.00,4.00
randomArrays,1,565,1.00,0.00,16.00
randomArrays,1,246,0.50,0.00,16.00
randomArrays,1,390,0.65,0.00,20.00
randomArrays,1,833,1.47,0.00,24.00
randomArrays,1,359,0.58,0.00,0.00
randomArrays,1,647,1.12,0.00,20.00
randomArrays,1,830,1.43,0.00,0.00
randomArrays,1,790,1.36,0.00,0.00
randomArrays,1,789,1.43,0.00,0.00
randomArrays,1,33,0.05,0.00,0.00
randomArrays,1,324,0.55,0.00,0.00
randomArrays,1,460,0.82,0.00,8.00
randomArrays,1,660,1.14,0.00,12.00
randomArrays,1,553,0.95,0.00,20.00
randomArrays,1,181,0.27,0.00,0.00
randomArrays,1,106,0.18,0.00,0.00
randomArrays,1,198,0.43,0.00,0.00
randomArrays,1,795,1.50,0.00,36.00
randomArrays,1,149,0.22,0.00,0.00
randomArrays,1,42,0.07,0.00,0.00
randomArrays,1,538,0.97,0.00,36.00
randomArrays,1,405,0.71,0.00,12.00
randomArrays,1,741,1.29,0.00,16.00
randomArrays,1,88,0.13,0.00,0.00
randomArrays,1,896,1.57,0.00,16.00
randomArrays,1,574,0.96,0.00,0.00
randomArrays,1,34,0.05,0.00,0.00
randomArrays,1,83,0.12,0.00,0.00
randomArrays,1,311,0.50,0.00,0.00
randomArrays,1,168,0.26,0.00,0.00
randomArrays,1,720,1.85,0.00,24.00
randomArrays,1,499,0.82,0.00,12.00
randomArrays,1,280,0.44,0.00,0.00
randomArrays,1,960,1.72,0.00,36.00
randomArrays,1,351,0.59,0.00,16.00
randomArrays,1,840,1.67,0.00,16.00
randomArrays,1,826,1.44,0.00,16.00
randomArrays,1,780,1.35,0.00,24.00
randomArrays,1,592,1.01,0.00,24.00
randomArrays,1,601,1.03,0.00,0.00
randomArrays,1,924,1.64,0.00,40.00
randomArrays,1,630,1.06,0.00,0.00
randomArrays,1,738,1.85,15.62,8.00
randomArrays,1,43,0.06,0.00,0.00
randomArrays,1,546,1.02,0.00,8.00
randomArrays,1,118,0.17,0.00,0.00
randomArrays,1,812,1.41,0.00,8.00
randomArrays,1,636,1.09,0.00,0.00
randomArrays,1,253,0.42,0.00,8.00
randomArrays,1,443,1.26,0.00,32.00
randomArrays,1,292,0.46,0.00,0.00
randomArrays,1,723,1.26,0.00,16.00
randomArrays,1,398,0.65,0.00,0.00
randomArrays,1,368,0.61,0.00,0.00
randomArrays,1,534,0.92,0.00,28.00
randomArrays,1,899,3.02,0.00,44.00
randomArrays,1,137,0.23,0.00,0.00
randomArrays,1,187,0.32,0.00,8.00
randomArrays,1,164,0.31,0.00,8.00
randomArrays,1,735,1.27,0.00,16.00
randomArrays,1,524,1.00,0.00,12.00
randomArrays,1,512,0.87,0.00,16.00
randomArrays,1,15,0.03,0.00,0.00
randomArrays,1,737,1.51,0.00,0.00
randomArrays,1,616,1.11,0.00,28.00
randomArrays,1,349,0.56,0.00,0.00
randomArrays,1,645,1.14,0.00,44.00
randomArrays,1,502,1.21,0.00,20.00
randomArrays,1,932,1.64,0.00,16.00
randomArrays,1,778,1.33,0.00,8.00
randomArrays,1,126,0.19,0.00,0.00
randomArrays,1,836,1.72,0.00,0.00
randomArrays,1,911,1.61,0.00,48.00
randomArrays,1,265,0.41,0.00,0.00
randomArrays,1,694,2.11,0.00,16.00
randomArrays,1,188,0.30,0.00,8.00
randomArrays,1,282,0.48,0.00,0.00
randomArrays,1,347,0.70,0.00,0.00
randomArrays,1,768,1.37,0.00,20.00
randomArrays,1,778,1.47,0.00,8.00
randomArrays,1,549,1.37,0.00,0.00
randomArrays,1,12,0.02,0.00,0.00
randomArrays,1,336,0.88,0.00,20.00
randomArrays,1,949,2.02,0.00,24.00
randomArrays,1,179,0.27,0.00,0.00
randomArrays,1,634,1.09,0.00,8.00
randomArrays,1,38,0.06,0.00,0.00
randomArrays,1,123,0.19,0.00,0.00
randomArrays,1,282,0.53,0.00,0.00
randomArrays,1,452,0.91,0.00,12.00
randomArrays,1,217,0.38,0.00,4.00
randomArrays,1,629,1.07,0.00,4.00
randomArrays,1,275,0.43,0.00,0.00
randomArrays,1,66,0.11,0.00,0.00
randomArrays,1,308,0.48,0.00,0.00
randomArrays,1,809,1.47,0.00,12.00
randomArrays,1,634,1.07,0.00,0.00
randomArrays,1,478,0.79,0.00,16.00
randomArrays,1,336,0.56,0.00,20.00
randomArrays,1,672,1.16,0.00,4.00
randomArrays,1,583,1.67,0.00,32.00
randomArrays,1,413,0.68,0.00,12.00
randomArrays,1,683,1.17,0.00,24.00
randomArrays,1,463,0.77,0.00,8.00
randomArrays,1,267,0.75,0.00,16.00
randomArrays,1,73,0.10,0.00,0.00
randomArrays,1,641,1.12,0.00,16.00
randomArrays,1,827,1.44,0.00,4.00
randomArrays,1,864,1.58,0.00,0.00
randomArrays,1,672,1.16,0.00,0.00
randomArrays,1,948,1.76,0.00,12.00
randomArrays,1,523,0.88,0.00,12.00
randomArrays,1,113,0.16,0.00,0.00
randomArrays,1,855,1.48,0.00,20.00
randomArrays,1,764,1.34,0.00,32.00
randomArrays,1,559,1.74,0.00,24.00
randomArrays,1,256,0.41,0.00,16.00
randomArrays,1,861,1.50,0.00,8.00
randomArrays,1,215,0.33,0.00,0.00
randomArrays,1,610,1.03,0.00,0.00
randomArrays,1,133,0.25,0.00,0.00
randomArrays,1,721,1.81,0.00,32.00
randomArrays,1,826,1.98,0.00,16.00
randomArrays,1,732,1.25,0.00,8.00
randomArrays,1,218,0.49,0.00,0.00
randomArrays,1,897,1.58,0.00,12.00
randomArrays,1,95,0.17,0.00,0.00
randomArrays,1,596,1.06,0.00,28.00
randomArrays,1,333,0.58,0.00,0.00
randomArrays,1,139,0.23,0.00,0.00
randomArrays,1,90,0.14,0.00,0.00
randomArrays,1,724,1.26,0.00,36.00
randomArrays,1,24,0.04,0.00,0.00
randomArrays,1,182,0.27,0.00,0.00
randomArrays,1,440,0.89,0.00,0.00
randomArrays,1,521,0.96,0.00,32.00
randomArrays,1,653,1.21,0.00,16.00
randomArrays,1,422,0.74,0.00,0.00
randomArrays,1,919,1.61,0.00,24.00
randomArrays,1,399,0.65,0.00,0.00
randomArrays,1,148,0.22,0.00,0.00
randomArrays,1,651,1.77,0.00,0.00
randomArrays,1,953,1.67,0.00,24.00
randomArrays,1,205,0.34,0.00,0.00
randomArrays,1,713,1.61,0.00,8.00
randomArrays,1,335,0.57,0.00,20.00
randomArrays,1,800,2.22,15.62,24.00
randomArrays,1,263,0.45,0.00,8.00
randomArrays,1,305,0.52,0.00,0.00
randomArrays,1,772,1.35,0.00,28.00
randomArrays,1,760,1.30,0.00,4.00
randomArrays,1,985,1.75,0.00,60.00
randomArrays,1,468,0.92,0.00,12.00
randomArrays,1,542,0.93,0.00,28.00
randomArrays,1,137,0.21,0.00,0.00
randomArrays,1,877,2.61,0.00,8.00
randomArrays,1,407,1.12,0.00,12.00
randomArrays,1,13,0.03,0.00,0.00
randomArrays,1,857,2.11,0.00,8.00
randomArrays,1,961,1.69,0.00,28.00
randomArrays,1,963,1.70,0.00,36.00
randomArrays,1,792,1.35,0.00,0.00
randomArrays,1,190,0.31,0.00,16.00
randomArrays,1,859,1.49,0.00,0.00
randomArrays,1,989,1.76,0.00,60.00
randomArrays,1,816,1.53,0.00,12.00
randomArrays,1,950,1.70,0.00,20.00
randomArrays,1,241,0.38,0.00,0.00
randomArrays,1,957,1.67,0.00,12.00
randomArrays,1,155,0.23,0.00,0.00
randomArrays,1,625,1.08,0.00,32.00
randomArrays,1,573,0.95,0.00,0.00
randomArrays,1,278,0.43,0.00,0.00
randomArrays,1,67,0.10,0.00,0.00
randomArrays,1,785,2.07,0.00,36.00
randomArrays,1,576,0.99,0.00,24.00
randomArrays,1,949,1.67,0.00,32.00
randomArrays,1,274,1.02,0.00,0.00
randomArrays,1,827,2.54,15.62,16.00
randomArrays,1,246,0.58,0.00,4.00
randomArrays,1,497,0.82,0.00,8.00
randomArrays,1,98,0.14,0.00,0.00
randomArrays,1,87,0.15,0.00,0.00
randomArrays,1,362,0.61,0.00,0.00
randomArrays,1,748,1.28,0.00,8.00
randomArrays,1,553,0.93,0.00,0.00
randomArrays,1,931,1.94,0.00,0.00
randomArrays,1,24,0.07,0.00,0.00
randomArrays,1,836,2.30,0.00,0.00
randomArrays,1,524,0.93,0.00,48.00
randomArrays,1,286,0.47,0.00,4.00
randomArrays,1,379,1.00,0.00,28.00
randomArrays,1,654,1.13,0.00,8.00
randomArrays,1,795,2.99,0.00,8.00
randomArrays,1,335,0.55,0.00,8.00
randomArrays,1,218,0.60,0.00,0.00
randomArrays,1,390,0.64,0.00,8.00
randomArrays,1,80,0.12,0.00,0.00
randomArrays,1,602,1.13,0.00,24.00
randomArrays,1,687,1.18,0.00,24.00
randomArrays,1,573,0.98,0.00,16.00
randomArrays,1,857,1.48,0.00,0.00
randomArrays,1,484,0.79,0.00,0.00
randomArrays,1,633,1.07,0.00,0.00
randomArrays,1,393,0.65,0.00,0.00
randomArrays,1,953,1.72,0.00,76.00
randomArrays,1,718,1.24,0.00,16.00
randomArrays,1,330,1.19,0.00,16.00
randomArrays,1,273,0.46,0.00,8.00
randomArrays,1,323,0.60,0.00,0.00
randomArrays,1,971,1.70,0.00,8.00
randomArrays,1,156,0.24,0.00,0.00
randomArrays,1,971,1.68,0.00,0.00
randomArrays,1,202,0.32,0.00,0.00
randomArrays,1,201,0.37,0.00,0.00
randomArrays,1,230,0.44,0.00,0.00
randomArrays,1,953,2.44,0.00,12.00
randomArrays,1,399,0.64,0.00,0.00
randomArrays,1,354,0.57,0.00,0.00
randomArrays,1,334,0.57,0.00,0.00
randomArrays,1,538,0.91,0.00,36.00
randomArrays,1,238,0.36,0.00,0.00
randomArrays,1,415,0.70,0.00,32.00
randomArrays,1,498,0.98,0.00,16.00
randomArrays,1,193,0.31,0.00,8.00
randomArrays,1,125,0.22,0.00,0.00
randomArrays,1,100,0.23,0.00,0.00
randomArrays,1,742,1.28,0.00,16.00
randomArrays,1,588,1.01,0.00,8.00
randomArrays,1,355,0.59,0.00,8.00
randomArrays,1,923,2.00,0.00,44.00
randomArrays,1,167,0.27,0.00,8.00
randomArrays,1,518,0.88,0.00,28.00
randomArrays,1,649,1.12,0.00,8.00
randomArrays,1,280,0.48,0.00,4.00
randomArrays,1,842,1.46,0.00,0.00
randomArrays,1,586,0.98,0.00,0.00
randomArrays,1,519,3.59,0.00,0.00
randomArrays,1,112,0.73,0.00,12.00
randomArrays,1,320,1.81,0.00,12.00
randomArrays,1,955,1.78,15.62,56.00
randomArrays,1,61,0.09,0.00,0.00
randomArrays,1,709,1.48,0.00,32.00
randomArrays,1,671,1.15,0.00,8.00
randomArrays,1,437,0.71,0.00,0.00
randomArrays,1,917,1.62,0.00,32.00
randomArrays,1,499,0.82,0.00,12.00
randomArrays,1,503,1.64,0.00,0.00
randomArrays,1,676,1.17,0.00,8.00
randomArrays,1,594,1.04,0.00,20.00
randomArrays,1,48,0.07,0.00,0.00
randomArrays,1,590,0.99,0.00,8.00
randomArrays,1,861,1.81,0.00,44.00
randomArrays,1,363,0.58,0.00,0.00
randomArrays,1,969,1.86,0.00,8.00
randomArrays,1,912,1.61,0.00,40.00
randomArrays,1,779,1.35,0.00,12.00
randomArrays,1,301,0.47,0.00,0.00
randomArrays,1,545,0.94,0.00,32.00
randomArrays,1,24,0.06,0.00,0.00
randomArrays,1,953,1.84,0.00,48.00
randomArrays,1,440,1.06,0.00,8.00
randomArrays,1,997,1.87,0.00,92.00
randomArrays,1,661,1.14,0.00,16.00
randomArrays,1,583,0.98,0.00,0.00
randomArrays,1,478,0.78,0.00,4.00
randomArrays,1,220,0.34,0.00,0.00
randomArrays,1,458,0.78,0.00,28.00
randomArrays,1,783,1.37,0.00,28.00
randomArrays,1,554,0.94,0.00,8.00
randomArrays,1,167,0.28,0.00,8.00
randomArrays,1,338,0.62,0.00,24.00
randomArrays,1,321,0.85,0.00,4.00
randomArrays,1,993,1.80,15.62,72.00
randomArrays,1,414,0.70,0.00,4.00
randomArrays,1,630,1.10,0.00,0.00
randomArrays,1,572,1.99,0.00,0.00
randomArrays,1,119,0.17,0.00,0.00
randomArrays,1,852,1.46,0.00,0.00
randomArrays,1,392,1.01,0.00,0.00
randomArrays,1,744,1.28,0.00,4.00
randomArrays,1,767,1.34,0.00,20.00
randomArrays,1,419,0.68,0.00,0.00
randomArrays,1,186,0.31,0.00,20.00
randomArrays,1,498,1.00,0.00,28.00
randomArrays,1,369,0.59,0.00,0.00
randomArrays,1,545,1.17,0.00,36.00
randomArrays,1,585,1.00,0.00,24.00
randomArrays,1,232,0.36,0.00,0.00
randomArrays,1,683,2.15,0.00,16.00
randomArrays,1,373,0.91,0.00,0.00
randomArrays,1,67,0.10,0.00,0.00
randomArrays,1,47,0.11,0.00,0.00
randomArrays,1,353,0.87,0.00,0.00
randomArrays,1,165,0.41,0.00,8.00
randomArrays,1,822,1.42,0.00,12.00
randomArrays,1,207,0.32,0.00,0.00
randomArrays,1,365,0.58,0.00,0.00
randomArrays,1,33,0.05,0.00,0.00
randomArrays,1,324,0.66,0.00,4.00
randomArrays,1,533,0.92,0.00,20.00
randomArrays,1,467,0.79,0.00,28.00
randomArrays,1,653,1.14,0.00,20.00
randomArrays,1,262,0.46,0.00,12.00
randomArrays,1,26,0.04,0.00,0.00
randomArrays,1,705,1.32,0.00,32.00
randomArrays,1,945,2.09,15.62,4.00
randomArrays,1,145,0.21,0.00,0.00
randomArrays,1,987,1.92,0.00,60.00
randomArrays,1,40,0.06,0.00,0.00
randomArrays,1,418,0.78,0.00,0.00
randomArrays,1,20,0.04,0.00,0.00
randomArrays,1,618,1.23,0.00,40.00
randomArrays,1,463,0.76,0.00,4.00
randomArrays,1,310,0.50,0.00,12.00
randomArrays,1,753,1.31,0.00,20.00
randomArrays,1,203,0.31,0.00,0.00
randomArrays,1,756,1.32,0.00,56.00
randomArrays,1,998,2.08,0.00,56.00
randomArrays,1,631,1.27,0.00,44.00
randomArrays,1,788,2.18,0.00,16.00
randomArrays,1,364,0.59,0.00,0.00
randomArrays,1,435,0.70,0.00,0.00
randomArrays,1,379,0.60,0.00,0.00
randomArrays,1,208,0.40,0.00,0.00
randomArrays,1,503,0.81,0.00,0.00
randomArrays,1,97,0.14,0.00,0.00
randomArrays,1,266,0.64,0.00,16.00
randomArrays,1,828,1.53,0.00,0.00
randomArrays,1,319,0.70,0.00,0.00
randomArrays,1,898,1.58,0.00,32.00
randomArrays,1,380,0.60,0.00,0.00
randomArrays,1,450,1.02,0.00,12.00
randomArrays,1,142,0.24,0.00,12.00
randomArrays,1,434,0.72,0.00,0.00
randomArrays,1,96,0.27,0.00,0.00
randomArrays,1,641,1.39,0.00,32.00
randomArrays,1,538,0.91,0.00,12.00
randomArrays,1,502,0.83,0.00,24.00
randomArrays,1,599,1.12,0.00,24.00
randomArrays,1,299,0.48,0.00,0.00
randomArrays,1,620,1.05,0.00,0.00
randomArrays,1,606,1.11,0.00,0.00
randomArrays,1,282,0.70,0.00,8.00
randomArrays,1,205,0.57,0.00,0.00
randomArrays,1,504,0.81,0.00,0.00
randomArrays,1,315,0.50,0.00,0.00
randomArrays,1,739,1.27,0.00,0.00
randomArrays,1,226,0.54,0.00,0.00
randomArrays,1,239,1.08,0.00,8.00
randomArrays,1,656,1.12,0.00,0.00
randomArrays,1,467,0.95,0.00,40.00
randomArrays,1,855,1.67,0.00,8.00
randomArrays,1,12,0.02,0.00,0.00
randomArrays,1,751,1.29,0.00,8.00
randomArrays,1,426,0.69,0.00,0.00
randomArrays,1,735,1.87,0.00,24.00
randomArrays,1,321,0.53,0.00,8.00
randomArrays,1,522,0.90,0.00,40.00
randomArrays,1,888,1.55,0.00,8.00
randomArrays,1,118,0.18,0.00,0.00
randomArrays,1,813,1.42,0.00,16.00
randomArrays,1,547,0.95,0.00,24.00
randomArrays,1,860,1.54,0.00,8.00
randomArrays,1,189,0.30,0.00,4.00
randomArrays,1,668,1.22,0.00,12.00
randomArrays,1,583,1.00,0.00,32.00
randomArrays,1,489,0.82,0.00,20.00
randomArrays,1,414,0.71,0.00,20.00
randomArrays,1,905,2.39,0.00,64.00
randomArrays,1,742,1.29,0.00,16.00
randomArrays,1,358,0.60,0.00,0.00
randomArrays,1,741,1.27,0.00,0.00
randomArrays,1,470,0.94,0.00,8.00
randomArrays,1,111,0.16,0.00,0.00
randomArrays,1,546,0.93,0.00,12.00
randomArrays,1,591,1.00,0.00,0.00
randomArrays,1,884,1.57,0.00,0.00
randomArrays,1,684,1.49,0.00,4.00
randomArrays,1,975,2.09,0.00,88.00
randomArrays,1,739,1.30,0.00,36.00
randomArrays,1,725,1.27,0.00,32.00
randomArrays,1,893,1.55,0.00,20.00
randomArrays,1,16,0.03,0.00,0.00
randomArrays,1,467,1.17,0.00,8.00
randomArrays,1,307,0.52,0.00,0.00
randomArrays,1,235,0.72,0.00,0.00
randomArrays,1,377,0.71,0.00,4.00
randomArrays,1,448,0.84,0.00,0.00
randomArrays,1,999,1.76,0.00,28.00
randomArrays,1,98,0.15,0.00,0.00
randomArrays,1,456,1.02,0.00,12.00
randomArrays,1,118,0.17,0.00,0.00
randomArrays,1,406,0.89,0.00,4.00
randomArrays,1,33,0.05,0.00,0.00
randomArrays,1,517,1.22,0.00,28.00
randomArrays,1,248,0.54,0.00,8.00
randomArrays,1,61,0.12,0.00,0.00
randomArrays,1,547,0.97,0.00,72.00
randomArrays,1,602,1.26,0.00,8.00
randomArrays,1,579,0.99,0.00,8.00
randomArrays,1,972,1.86,0.00,0.00
randomArrays,1,653,2.27,0.00,8.00
randomArrays,1,866,1.49,0.00,0.00
randomArrays,1,417,0.68,0.00,4.00
randomArrays,1,386,0.77,0.00,12.00
randomArrays,1,349,0.66,0.00,0.00
randomArrays,1,598,1.08,0.00,0.00
randomArrays,1,856,2.48,0.00,0.00
randomArrays,1,152,0.35,0.00,0.00
randomArrays,1,436,0.71,0.00,0.00
randomArrays,1,356,0.58,0.00,0.00
randomArrays,1,598,1.05,15.62,40.00
randomArrays,1,578,0.96,0.00,0.00
randomArrays,1,786,1.77,0.00,40.00
randomArrays,1,124,0.27,0.00,0.00
randomArrays,1,439,0.73,0.00,0.00
randomArrays,1,492,1.33,0.00,0.00
randomArrays,1,207,0.33,0.00,0.00
randomArrays,1,100,0.16,0.00,0.00
randomArrays,1,591,1.95,15.62,0.00
randomArrays,1,397,1.44,0.00,0.00
randomArrays,1,295,0.61,0.00,0.00
randomArrays,1,733,1.46,0.00,16.00
randomArrays,1,231,0.37,0.00,0.00
randomArrays,1,565,0.96,0.00,0.00
randomArrays,1,910,1.89,0.00,60.00
randomArrays,1,74,0.11,0.00,0.00
randomArrays,1,647,1.11,0.00,8.00
randomArrays,1,456,1.41,0.00,32.00
randomArrays,1,954,1.70,0.00,48.00
randomArrays,1,495,0.92,0.00,4.00
randomArrays,1,487,0.79,0.00,0.00
randomArrays,1,559,0.96,0.00,16.00
randomArrays,1,512,1.06,0.00,32.00
randomArrays,1,247,0.65,0.00,0.00
randomArrays,1,219,0.43,0.00,0.00
randomArrays,1,839,1.72,0.00,0.00
randomArrays,1,887,1.54,0.00,0.00
randomArrays,1,942,1.63,0.00,0.00
randomArrays,1,920,1.59,0.00,0.00
randomArrays,1,868,1.50,0.00,0.00
randomArrays,1,25,0.04,0.00,0.00
randomArrays,1,174,0.27,0.00,0.00
randomArrays,1,818,1.44,0.00,56.00
randomArrays,1,660,1.18,0.00,48.00
randomArrays,1,592,1.02,0.00,8.00
randomArrays,1,942,1.69,0.00,12.00
randomArrays,1,962,2.59,0.00,24.00
randomArrays,1,254,0.39,0.00,0.00
randomArrays,1,527,0.91,0.00,36.00
randomArrays,1,786,1.42,0.00,24.00
randomArrays,1,179,0.28,0.00,0.00
randomArrays,1,678,1.16,0.00,8.00
randomArrays,1,950,1.66,0.00,8.00
randomArrays,1,538,0.90,0.00,8.00
randomArrays,1,185,0.36,0.00,4.00
randomArrays,1,689,1.17,0.00,0.00
randomArrays,1,161,0.27,0.00,24.00
randomArrays,1,509,0.85,0.00,32.00
randomArrays,1,376,0.81,0.00,28.00
randomArrays,1,766,1.34,0.00,28.00
randomArrays,1,706,1.22,0.00,16.00
randomArrays,1,644,1.14,0.00,4.00
randomArrays,1,758,1.37,0.00,0.00
randomArrays,1,747,1.27,0.00,0.00
randomArrays,1,349,0.56,0.00,0.00
randomArrays,1,574,0.98,0.00,24.00
randomArrays,1,888,1.76,0.00,16.00
randomArrays,1,235,0.41,0.00,4.00
randomArrays,1,653,1.19,0.00,0.00
randomArrays,1,630,1.06,0.00,0.00
randomArrays,1,76,0.12,0.00,0.00
randomArrays,1,436,0.83,0.00,20.00
randomArrays,1,771,1.34,0.00,36.00
randomArrays,1,217,0.34,0.00,0.00
randomArrays,1,419,0.69,0.00,8.00
randomArrays,1,860,1.48,0.00,0.00
randomArrays,1,288,0.48,0.00,0.00
randomArrays,1,280,0.44,0.00,0.00
randomArrays,1,242,0.39,0.00,0.00
randomArrays,1,602,1.03,15.62,16.00
randomArrays,1,44,0.07,0.00,0.00
randomArrays,1,547,0.92,0.00,28.00
randomArrays,1,860,1.78,0.00,8.00
randomArrays,1,737,1.28,0.00,36.00
randomArrays,1,738,1.27,0.00,4.00
randomArrays,1,725,1.60,0.00,0.00
randomArrays,1,684,1.15,0.00,0.00
randomArrays,1,233,0.38,0.00,4.00
randomArrays,1,342,0.59,0.00,8.00
randomArrays,1,855,1.46,0.00,0.00
randomArrays,1,861,1.60,0.00,8.00
randomArrays,1,566,0.98,0.00,28.00
randomArrays,1,406,0.68,0.00,12.00
randomArrays,1,192,0.31,0.00,4.00
randomArrays,1,850,1.87,0.00,8.00
randomArrays,1,609,1.36,0.00,8.00
randomArrays,1,18,0.05,0.00,0.00
randomArrays,1,482,0.78,0.00,0.00
randomArrays,1,264,0.43,0.00,12.00
randomArrays,1,319,0.52,0.00,12.00
randomArrays,1,252,0.40,0.00,8.00
randomArrays,1,342,0.67,0.00,0.00
randomArrays,1,252,0.38,0.00,0.00
randomArrays,1,205,0.32,0.00,0.00
randomArrays,1,942,1.83,0.00,56.00
randomArrays,1,744,1.28,0.00,8.00
randomArrays,1,537,1.03,0.00,20.00
randomArrays,1,501,0.82,0.00,8.00
randomArrays,1,853,1.46,0.00,0.00
randomArrays,1,341,0.64,0.00,0.00
randomArrays,1,800,1.36,0.00,0.00
randomArrays,1,857,1.51,0.00,0.00
randomArrays,1,427,0.69,0.00,0.00
randomArrays,1,647,1.11,0.00,8.00
randomArrays,1,76,0.11,0.00,0.00
randomArrays,1,677,1.17,0.00,8.00
randomArrays,1,579,0.99,0.00,20.00
randomArrays,1,731,2.04,0.00,40.00
randomArrays,1,704,1.22,0.00,28.00
randomArrays,1,266,0.44,0.00,20.00
randomArrays,1,961,2.93,0.00,36.00
randomArrays,1,263,0.43,0.00,4.00
randomArrays,1,434,0.70,0.00,0.00
randomArrays,1,484,0.78,0.00,0.00
randomArrays,1,163,0.27,0.00,8.00
randomArrays,1,984,1.75,0.00,60.00
randomArrays,1,211,0.41,0.00,0.00
randomArrays,1,185,0.37,0.00,4.00
randomArrays,1,467,0.77,0.00,8.00
randomArrays,1,214,0.33,0.00,0.00
randomArrays,1,35,0.05,0.00,0.00
randomArrays,1,141,0.21,0.00,0.00
randomArrays,1,559,1.12,0.00,16.00
randomArrays,1,706,1.28,0.00,12.00
randomArrays,1,68,0.10,0.00,0.00
randomArrays,1,12,0.03,0.00,0.00
randomArrays,1,405,0.92,0.00,32.00
randomArrays,1,288,0.45,0.00,0.00
randomArrays,1,955,1.70,15.62,56.00
randomArrays,1,50,0.07,0.00,0.00
randomArrays,1,752,1.31,0.00,16.00
randomArrays,1,695,1.20,0.00,8.00
randomArrays,1,186,0.28,0.00,0.00
randomArrays,1,737,1.28,0.00,16.00
randomArrays,1,948,1.65,0.00,12.00
randomArrays,1,151,0.23,0.00,0.00
randomArrays,1,46,0.07,0.00,0.00
randomArrays,1,968,1.70,0.00,0.00
randomArrays,1,333,0.59,0.00,8.00
randomArrays,1,189,0.30,0.00,4.00
randomArrays,1,190,0.32,0.00,8.00
randomArrays,1,589,1.58,0.00,0.00
randomArrays,1,230,0.70,0.00,0.00
randomArrays,1,535,0.93,0.00,52.00
randomArrays,1,189,0.31,0.00,8.00
randomArrays,1,948,1.69,0.00,56.00
randomArrays,1,834,1.48,0.00,20.00
randomArrays,1,273,0.42,0.00,0.00
randomArrays,1,773,1.42,0.00,20.00
randomArrays,1,342,2.78,0.00,8.00
randomArrays,1,995,1.82,0.00,36.00
randomArrays,1,221,0.34,0.00,0.00
randomArrays,1,519,0.87,0.00,4.00
randomArrays,1,479,0.80,0.00,8.00
randomArrays,1,155,0.24,0.00,0.00
randomArrays,1,756,1.30,0.00,8.00
randomArrays,1,658,1.15,0.00,32.00
randomArrays,1,213,0.33,0.00,0.00
randomArrays,1,467,3.14,0.00,32.00
randomArrays,1,191,1.30,0.00,4.00
randomArrays,1,744,1.29,0.00,8.00
randomArrays,1,122,0.18,0.00,0.00
randomArrays,1,178,0.30,0.00,0.00
randomArrays,1,760,1.54,0.00,16.00
randomArrays,1,524,0.90,0.00,32.00
randomArrays,1,264,0.41,0.00,0.00
randomArrays,1,733,1.46,0.00,16.00
randomArrays,1,759,1.29,0.00,0.00
randomArrays,1,177,0.27,0.00,0.00
randomArrays,1,53,0.08,0.00,0.00
randomArrays,1,429,0.76,0.00,0.00
randomArrays,1,508,0.86,0.00,16.00
randomArrays,1,919,1.61,0.00,20.00
randomArrays,1,412,0.69,0.00,24.00
randomArrays,1,503,0.85,0.00,12.00
randomArrays,1,115,0.17,0.00,0.00
randomArrays,1,851,1.58,0.00,0.00
randomArrays,1,848,1.47,0.00,0.00
randomArrays,1,652,1.13,0.00,20.00
randomArrays,1,693,1.19,0.00,8.00
randomArrays,1,662,1.18,0.00,0.00
randomArrays,1,815,1.41,0.00,16.00
randomArrays,1,679,1.13,0.00,0.00
randomArrays,1,141,0.21,0.00,0.00
randomArrays,1,458,0.75,0.00,8.00
randomArrays,1,378,0.87,0.00,12.00
randomArrays,1,662,1.16,0.00,4.00
randomArrays,1,809,2.19,0.00,0.00
randomArrays,1,960,2.15,0.00,56.00
randomArrays,1,454,0.75,0.00,8.00
randomArrays,1,513,0.99,0.00,32.00
randomArrays,1,965,1.68,0.00,4.00
randomArrays,1,855,2.23,0.00,0.00
randomArrays,1,257,0.46,0.00,0.00
randomArrays,1,932,1.63,0.00,8.00
randomArrays,1,112,0.18,0.00,4.00
randomArrays,1,264,0.54,0.00,4.00
randomArrays,1,404,0.86,0.00,4.00
randomArrays,1,830,1.43,0.00,0.00
randomArrays,1,115,0.20,0.00,0.00
randomArrays,1,906,1.59,0.00,16.00
randomArrays,2,469,0.76,0.00,0.00
randomArrays,2,783,1.30,0.00,0.00
randomArrays,2,464,0.99,0.00,0.00
randomArrays,2,267,0.51,0.00,0.00
randomArrays,2,828,1.50,0.00,0.00
randomArrays,2,607,1.04,0.00,0.00
randomArrays,2,319,0.52,0.00,0.00
randomArrays,2,431,0.69,0.00,0.00
randomArrays,2,941,2.25,0.00,0.00
randomArrays,2,937,1.62,0.00,0.00
randomArrays,2,619,1.03,0.00,0.00
randomArrays,2,370,0.61,0.00,4.00
randomArrays,2,478,0.77,0.00,0.00
randomArrays,2,107,0.30,0.00,0.00
randomArrays,2,910,1.75,0.00,4.00
randomArrays,2,381,0.61,0.00,8.00
randomArrays,2,699,1.27,0.00,0.00
randomArrays,2,452,0.82,0.00,0.00
randomArrays,2,882,1.51,0.00,0.00
randomArrays,2,697,1.17,0.00,0.00
randomArrays,2,39,0.06,0.00,0.00
randomArrays,2,382,0.76,0.00,0.00
randomArrays,2,980,1.72,0.00,4.00
randomArrays,2,202,0.33,0.00,4.00
randomArrays,2,674,1.36,0.00,8.00
randomArrays,2,184,0.27,0.00,0.00
randomArrays,2,853,1.77,0.00,24.00
randomArrays,2,101,0.15,0.00,0.00
randomArrays,2,329,0.56,0.00,8.00
randomArrays,2,837,1.46,0.00,8.00
randomArrays,2,952,1.71,0.00,108.00
randomArrays,2,676,1.17,0.00,32.00
randomArrays,2,248,0.40,0.00,4.00
randomArrays,2,845,1.47,0.00,32.00
randomArrays,2,707,1.27,0.00,56.00
randomArrays,2,458,0.73,0.00,0.00
randomArrays,2,219,0.34,0.00,0.00
randomArrays,2,268,0.62,0.00,8.00
randomArrays,2,201,0.34,0.00,4.00
randomArrays,2,520,1.72,0.00,4.00
randomArrays,2,832,1.56,0.00,16.00
randomArrays,2,800,1.96,0.00,8.00
randomArrays,2,753,1.30,0.00,8.00
randomArrays,2,286,0.44,0.00,0.00
randomArrays,2,841,1.76,0.00,0.00
randomArrays,2,240,0.38,0.00,4.00
randomArrays,2,370,0.67,0.00,16.00
randomArrays,2,287,0.88,0.00,0.00
randomArrays,2,89,0.13,0.00,0.00
randomArrays,2,881,1.72,0.00,48.00
randomArrays,2,187,0.36,0.00,0.00
randomArrays,2,373,0.59,0.00,0.00
randomArrays,2,194,0.42,0.00,8.00
randomArrays,2,382,0.62,0.00,4.00
randomArrays,2,826,1.46,0.00,84.00
randomArrays,2,781,1.53,0.00,16.00
randomArrays,2,814,1.79,0.00,60.00
randomArrays,2,525,0.89,0.00,16.00
randomArrays,2,136,0.20,0.00,0.00
randomArrays,2,454,0.78,0.00,0.00
randomArrays,2,563,0.94,0.00,0.00
randomArrays,2,226,0.35,0.00,0.00
randomArrays,2,345,0.55,0.00,12.00
randomArrays,2,514,1.15,0.00,36.00
randomArrays,2,871,5.09,0.00,72.00
randomArrays,2,939,1.67,0.00,52.00
randomArrays,2,397,0.64,0.00,0.00
randomArrays,2,429,0.70,0.00,0.00
randomArrays,2,421,0.68,0.00,0.00
randomArrays,2,747,1.28,0.00,12.00
randomArrays,2,19,0.07,0.00,0.00
randomArrays,2,74,0.11,0.00,0.00
randomArrays,2,259,0.43,0.00,4.00
randomArrays,2,846,1.54,0.00,0.00
randomArrays,2,789,1.37,0.00,8.00
randomArrays,2,671,1.15,0.00,8.00
randomArrays,2,368,0.58,0.00,0.00
randomArrays,2,448,0.75,0.00,28.00
randomArrays,2,237,0.39,0.00,16.00
randomArrays,2,627,1.19,0.00,44.00
randomArrays,2,584,1.02,0.00,8.00
randomArrays,2,328,0.84,0.00,8.00
randomArrays,2,606,1.01,0.00,0.00
randomArrays,2,563,1.20,0.00,0.00
randomArrays,2,774,1.34,0.00,56.00
randomArrays,2,206,0.32,0.00,0.00
randomArrays,2,907,1.56,0.00,0.00
randomArrays,2,37,0.05,0.00,0.00
randomArrays,2,878,1.94,0.00,64.00
randomArrays,2,284,0.44,0.00,0.00
randomArrays,2,853,1.46,0.00,0.00
randomArrays,2,247,0.39,0.00,4.00
randomArrays,2,241,0.38,0.00,0.00
randomArrays,2,348,0.58,0.00,16.00
randomArrays,2,814,1.45,0.00,76.00
randomArrays,2,245,0.38,0.00,0.00
randomArrays,2,335,0.64,0.00,8.00
randomArrays,2,497,0.93,0.00,12.00
randomArrays,2,280,0.47,0.00,0.00
randomArrays,2,664,1.13,0.00,0.00
randomArrays,2,523,1.42,0.00,36.00
randomArrays,2,841,2.52,0.00,16.00
randomArrays,2,290,0.45,0.00,0.00
randomArrays,2,158,0.43,0.00,4.00
randomArrays,2,783,1.36,0.00,40.00
randomArrays,2,638,1.07,0.00,0.00
randomArrays,2,314,0.62,0.00,0.00
randomArrays,2,484,0.87,0.00,0.00
randomArrays,2,972,1.68,0.00,0.00
randomArrays,2,652,1.14,0.00,40.00
randomArrays,2,543,1.37,0.00,32.00
randomArrays,2,487,1.04,0.00,8.00
randomArrays,2,686,1.17,0.00,8.00
randomArrays,2,183,0.28,0.00,0.00
randomArrays,2,572,0.94,0.00,0.00
randomArrays,2,747,2.55,0.00,28.00
randomArrays,2,780,1.82,15.62,40.00
randomArrays,2,828,1.65,0.00,24.00
randomArrays,2,591,0.99,0.00,0.00
randomArrays,2,415,0.68,0.00,0.00
randomArrays,2,648,1.12,0.00,0.00
randomArrays,2,204,0.34,0.00,8.00
randomArrays,2,510,0.84,0.00,0.00
randomArrays,2,422,0.85,0.00,0.00
randomArrays,2,541,0.97,0.00,64.00
randomArrays,2,875,1.54,0.00,56.00
randomArrays,2,742,1.38,0.00,28.00
randomArrays,2,384,1.15,0.00,0.00
randomArrays,2,266,0.60,0.00,0.00
randomArrays,2,137,0.23,0.00,0.00
randomArrays,2,970,1.84,0.00,0.00
randomArrays,2,685,1.29,0.00,24.00
randomArrays,2,665,1.38,0.00,8.00
randomArrays,2,319,0.52,0.00,4.00
randomArrays,2,808,1.40,0.00,12.00
randomArrays,2,143,0.21,0.00,0.00
randomArrays,2,147,0.22,0.00,0.00
randomArrays,2,929,1.63,0.00,20.00
randomArrays,2,906,2.12,0.00,56.00
randomArrays,2,425,0.71,0.00,0.00
randomArrays,2,736,1.87,0.00,48.00
randomArrays,2,65,0.09,0.00,0.00
randomArrays,2,305,0.48,0.00,0.00
randomArrays,2,194,0.36,0.00,4.00
randomArrays,2,545,0.93,0.00,28.00
randomArrays,2,49,0.07,0.00,0.00
randomArrays,2,731,1.26,0.00,24.00
randomArrays,2,712,1.21,0.00,0.00
randomArrays,2,732,1.25,0.00,0.00
randomArrays,2,57,0.09,0.00,0.00
randomArrays,2,983,1.74,15.62,52.00
randomArrays,2,345,0.57,0.00,8.00
randomArrays,2,152,0.23,0.00,0.00
randomArrays,2,963,1.84,0.00,28.00
randomArrays,2,544,2.00,0.00,72.00
randomArrays,2,870,1.57,0.00,56.00
randomArrays,2,557,0.96,0.00,16.00
randomArrays,2,168,0.29,0.00,4.00
randomArrays,2,373,0.63,0.00,12.00
randomArrays,2,416,0.70,0.00,16.00
randomArrays,2,942,2.31,0.00,44.00
randomArrays,2,966,1.70,0.00,32.00
randomArrays,2,363,0.58,0.00,0.00
randomArrays,2,955,1.70,0.00,20.00
randomArrays,2,626,1.08,0.00,0.00
randomArrays,2,948,1.82,0.00,0.00
randomArrays,2,193,0.32,0.00,8.00
randomArrays,2,361,0.59,0.00,0.00
randomArrays,2,195,0.31,0.00,4.00
randomArrays,2,905,1.60,0.00,96.00
randomArrays,2,105,0.15,0.00,0.00
randomArrays,2,750,1.28,0.00,28.00
randomArrays,2,565,0.94,0.00,0.00
randomArrays,2,538,0.91,0.00,20.00
randomArrays,2,488,2.10,0.00,0.00
randomArrays,2,30,0.04,0.00,0.00
randomArrays,2,554,1.07,0.00,0.00
randomArrays,2,407,0.68,0.00,20.00
randomArrays,2,958,1.83,0.00,16.00
randomArrays,2,137,0.20,0.00,0.00
randomArrays,2,101,0.15,0.00,0.00
randomArrays,2,633,1.22,0.00,16.00
randomArrays,2,44,0.23,0.00,0.00
randomArrays,2,738,1.25,0.00,0.00
randomArrays,2,763,1.32,0.00,12.00
randomArrays,2,319,0.53,0.00,16.00
randomArrays,2,682,1.17,0.00,24.00
randomArrays,2,820,1.44,0.00,40.00
randomArrays,2,896,1.80,0.00,52.00
randomArrays,2,712,1.23,0.00,16.00
randomArrays,2,554,0.92,0.00,0.00
randomArrays,2,940,2.04,0.00,20.00
randomArrays,2,787,1.58,0.00,24.00
randomArrays,2,255,0.40,0.00,0.00
randomArrays,2,135,0.22,0.00,0.00
randomArrays,2,546,0.93,0.00,4.00
randomArrays,2,643,1.11,0.00,8.00
randomArrays,2,197,0.30,0.00,0.00
randomArrays,2,643,1.08,0.00,0.00
randomArrays,2,858,1.50,0.00,76.00
randomArrays,2,134,0.20,0.00,0.00
randomArrays,2,133,0.83,0.00,4.00
randomArrays,2,317,0.63,0.00,4.00
randomArrays,2,312,0.60,0.00,0.00
randomArrays,2,160,0.29,0.00,0.00
randomArrays,2,838,1.46,0.00,16.00
randomArrays,2,316,0.50,0.00,0.00
randomArrays,2,111,0.16,0.00,0.00
randomArrays,2,530,1.70,0.00,0.00
randomArrays,2,827,2.14,0.00,16.00
randomArrays,2,994,1.80,0.00,20.00
randomArrays,2,348,0.55,0.00,0.00
randomArrays,2,652,1.14,0.00,8.00
randomArrays,2,339,0.56,0.00,8.00
randomArrays,2,908,1.85,0.00,16.00
randomArrays,2,655,1.14,0.00,40.00
randomArrays,2,899,1.79,0.00,68.00
randomArrays,2,377,1.03,0.00,16.00
randomArrays,2,793,1.37,0.00,32.00
randomArrays,2,12,0.02,0.00,0.00
randomArrays,2,236,0.38,0.00,8.00
randomArrays,2,851,1.48,0.00,16.00
randomArrays,2,462,0.79,0.00,8.00
randomArrays,2,49,0.11,0.00,0.00
randomArrays,2,649,1.26,0.00,0.00
randomArrays,2,299,0.46,0.00,0.00
randomArrays,2,796,5.63,15.62,16.00
randomArrays,2,227,1.10,0.00,0.00
randomArrays,2,929,1.63,0.00,32.00
randomArrays,2,166,0.49,0.00,0.00
randomArrays,2,277,0.66,0.00,0.00
randomArrays,2,179,0.46,0.00,0.00
randomArrays,2,809,1.42,0.00,72.00
randomArrays,2,232,0.36,0.00,8.00
randomArrays,2,247,0.39,0.00,4.00
randomArrays,2,99,0.15,0.00,0.00
randomArrays,2,649,1.13,0.00,8.00
randomArrays,2,15,0.03,0.00,0.00
randomArrays,2,646,1.14,0.00,4.00
randomArrays,2,463,0.76,0.00,0.00
randomArrays,2,587,1.00,0.00,0.00
randomArrays,2,898,1.78,0.00,40.00
randomArrays,2,643,1.09,0.00,0.00
randomArrays,2,840,1.47,0.00,32.00
randomArrays,2,708,1.22,0.00,24.00
randomArrays,2,214,0.32,0.00,0.00
randomArrays,2,565,0.94,0.00,0.00
randomArrays,2,157,0.23,0.00,0.00
randomArrays,2,265,0.49,0.00,8.00
randomArrays,2,171,0.32,0.00,8.00
randomArrays,2,136,0.36,0.00,0.00
randomArrays,2,290,0.79,0.00,0.00
randomArrays,2,96,0.19,0.00,0.00
randomArrays,2,11,0.02,0.00,0.00
randomArrays,2,311,0.57,0.00,0.00
randomArrays,2,566,1.03,0.00,16.00
randomArrays,2,328,0.55,0.00,8.00
randomArrays,2,358,0.57,0.00,0.00
randomArrays,2,674,1.17,0.00,48.00
randomArrays,2,490,0.83,0.00,4.00
randomArrays,2,36,0.05,0.00,0.00
randomArrays,2,408,0.67,0.00,8.00
randomArrays,2,49,0.07,0.00,0.00
randomArrays,2,581,0.97,0.00,0.00
randomArrays,2,879,1.55,0.00,48.00
randomArrays,2,61,0.09,0.00,0.00
randomArrays,2,656,1.13,0.00,32.00
randomArrays,2,411,0.71,0.00,32.00
randomArrays,2,361,1.11,0.00,8.00
randomArrays,2,994,2.98,15.62,80.00
randomArrays,2,416,0.67,0.00,0.00
randomArrays,2,966,1.69,0.00,32.00
randomArrays,2,92,0.15,0.00,0.00
randomArrays,2,429,0.89,0.00,0.00
randomArrays,2,658,1.12,0.00,4.00
randomArrays,2,877,1.94,0.00,0.00
randomArrays,2,780,1.50,0.00,0.00
randomArrays,2,669,1.53,0.00,4.00
randomArrays,2,394,0.63,0.00,0.00
randomArrays,2,892,1.56,0.00,12.00
randomArrays,2,180,0.27,0.00,0.00
randomArrays,2,829,1.48,0.00,92.00
randomArrays,2,255,0.40,0.00,0.00
randomArrays,2,374,0.61,0.00,8.00
randomArrays,2,37,0.05,0.00,0.00
randomArrays,2,919,1.61,0.00,32.00
randomArrays,2,850,1.56,0.00,16.00
randomArrays,2,930,1.63,0.00,20.00
randomArrays,2,419,0.78,0.00,0.00
randomArrays,2,720,1.42,0.00,32.00
randomArrays,2,378,0.61,0.00,4.00
randomArrays,2,815,2.62,0.00,24.00
randomArrays,2,566,1.00,0.00,0.00
randomArrays,2,623,1.04,0.00,0.00
randomArrays,2,597,1.19,0.00,28.00
randomArrays,2,148,0.23,0.00,0.00
randomArrays,2,580,1.07,0.00,8.00
randomArrays,2,244,0.41,0.00,0.00
randomArrays,2,703,1.26,0.00,40.00
randomArrays,2,743,1.71,0.00,24.00
randomArrays,2,923,1.59,0.00,32.00
randomArrays,2,284,0.44,0.00,0.00
randomArrays,2,35,0.06,0.00,0.00
randomArrays,2,941,1.85,0.00,20.00
randomArrays,2,39,0.06,0.00,0.00
randomArrays,2,276,0.50,0.00,0.00
randomArrays,2,494,0.84,0.00,4.00
randomArrays,2,547,1.16,0.00,4.00
randomArrays,2,837,1.45,0.00,0.00
randomArrays,2,183,0.28,0.00,0.00
randomArrays,2,360,0.58,0.00,8.00
randomArrays,2,627,1.11,0.00,36.00
randomArrays,2,833,1.47,0.00,60.00
randomArrays,2,491,1.12,0.00,4.00
randomArrays,2,623,1.31,0.00,0.00
randomArrays,2,850,1.52,0.00,32.00
randomArrays,2,35,0.06,0.00,0.00
randomArrays,2,584,1.49,0.00,0.00
randomArrays,2,34,0.05,0.00,0.00
randomArrays,2,335,0.53,0.00,0.00
randomArrays,2,145,0.22,0.00,0.00
randomArrays,2,61,0.09,0.00,0.00
randomArrays,2,88,0.15,0.00,0.00
randomArrays,2,442,0.90,0.00,0.00
randomArrays,2,729,1.25,0.00,8.00
randomArrays,2,312,0.49,0.00,0.00
randomArrays,2,620,1.04,0.00,0.00
randomArrays,2,77,0.13,0.00,0.00
randomArrays,2,784,2.42,0.00,80.00
randomArrays,2,720,1.25,0.00,48.00
randomArrays,2,796,1.38,0.00,32.00
randomArrays,2,81,0.12,0.00,0.00
randomArrays,2,900,1.59,0.00,56.00
randomArrays,2,570,0.96,0.00,16.00
randomArrays,2,749,1.93,15.62,8.00
randomArrays,2,723,1.24,0.00,8.00
randomArrays,2,54,0.08,0.00,0.00
randomArrays,2,261,0.40,0.00,0.00
randomArrays,2,831,1.47,0.00,0.00
randomArrays,2,133,0.48,0.00,4.00
randomArrays,2,165,0.28,0.00,4.00
randomArrays,2,441,0.77,0.00,0.00
randomArrays,2,782,2.06,0.00,16.00
randomArrays,2,384,0.63,0.00,28.00
randomArrays,2,283,0.44,0.00,0.00
randomArrays,2,71,0.10,0.00,0.00
randomArrays,2,374,0.65,0.00,8.00
randomArrays,2,204,0.35,0.00,8.00
randomArrays,2,437,0.71,0.00,0.00
randomArrays,2,662,1.40,0.00,12.00
randomArrays,2,821,1.43,0.00,24.00
randomArrays,2,198,0.31,0.00,0.00
randomArrays,2,776,1.66,0.00,56.00
randomArrays,2,124,0.43,0.00,0.00
randomArrays,2,202,0.42,0.00,0.00
randomArrays,2,806,1.37,0.00,0.00
randomArrays,2,448,0.74,0.00,12.00
randomArrays,2,383,0.70,0.00,4.00
randomArrays,2,992,2.10,0.00,32.00
randomArrays,2,714,1.26,0.00,92.00
randomArrays,2,528,0.90,0.00,20.00
randomArrays,2,137,0.23,0.00,4.00
randomArrays,2,122,0.19,0.00,0.00
randomArrays,2,883,2.05,0.00,40.00
randomArrays,2,614,1.30,0.00,0.00
randomArrays,2,841,1.47,0.00,16.00
randomArrays,2,471,0.78,0.00,20.00
randomArrays,2,871,1.50,0.00,0.00
randomArrays,2,938,1.63,0.00,20.00
randomArrays,2,238,0.36,0.00,0.00
randomArrays,2,772,1.40,0.00,8.00
randomArrays,2,334,0.55,0.00,8.00
randomArrays,2,274,0.44,0.00,0.00
randomArrays,2,385,0.62,0.00,0.00
randomArrays,2,455,1.21,0.00,0.00
randomArrays,2,202,0.52,0.00,8.00
randomArrays,2,349,1.14,0.00,8.00
randomArrays,2,170,0.28,0.00,8.00
randomArrays,2,365,0.59,0.00,0.00
randomArrays,2,921,1.63,0.00,112.00
randomArrays,2,368,2.09,0.00,0.00
randomArrays,2,851,1.52,0.00,16.00
randomArrays,2,736,1.25,0.00,16.00
randomArrays,2,64,0.09,0.00,0.00
randomArrays,2,371,0.60,0.00,0.00
randomArrays,2,962,1.69,0.00,8.00
randomArrays,2,758,2.17,0.00,4.00
randomArrays,2,565,1.17,0.00,0.00
randomArrays,2,246,0.38,0.00,4.00
randomArrays,2,390,1.18,0.00,8.00
randomArrays,2,833,1.64,0.00,116.00
randomArrays,2,359,0.57,0.00,0.00
randomArrays,2,647,1.12,0.00,8.00
randomArrays,2,830,1.46,0.00,32.00
randomArrays,2,790,1.42,0.00,40.00
randomArrays,2,789,1.40,0.00,32.00
randomArrays,2,33,0.05,0.00,0.00
randomArrays,2,324,0.54,0.00,0.00
randomArrays,2,460,0.78,0.00,4.00
randomArrays,2,660,1.13,0.00,8.00
randomArrays,2,553,0.92,0.00,0.00
randomArrays,2,181,0.28,0.00,0.00
randomArrays,2,106,0.16,0.00,0.00
randomArrays,2,198,0.31,0.00,0.00
randomArrays,2,795,1.37,0.00,16.00
randomArrays,2,149,0.22,0.00,0.00
randomArrays,2,42,0.06,0.00,0.00
randomArrays,2,538,1.13,0.00,80.00
randomArrays,2,405,0.79,0.00,28.00
randomArrays,2,741,1.57,0.00,12.00
randomArrays,2,88,0.29,0.00,0.00
randomArrays,2,896,1.66,0.00,40.00
randomArrays,2,574,0.97,0.00,0.00
randomArrays,2,34,0.06,0.00,0.00
randomArrays,2,83,0.12,0.00,0.00
randomArrays,2,311,0.49,0.00,0.00
randomArrays,2,168,0.26,0.00,0.00
randomArrays,2,720,1.27,0.00,32.00
randomArrays,2,499,0.83,0.00,12.00
randomArrays,2,280,0.44,0.00,0.00
randomArrays,2,960,1.96,0.00,44.00
randomArrays,2,351,0.55,0.00,0.00
randomArrays,2,840,1.45,0.00,0.00
randomArrays,2,826,1.46,0.00,72.00
randomArrays,2,780,2.04,0.00,32.00
randomArrays,2,592,1.31,0.00,0.00
randomArrays,2,601,1.30,0.00,16.00
randomArrays,2,924,1.61,0.00,32.00
randomArrays,2,630,1.07,0.00,4.00
randomArrays,2,738,2.01,0.00,24.00
randomArrays,2,43,0.07,0.00,0.00
randomArrays,2,546,1.03,0.00,12.00
randomArrays,2,118,0.17,0.00,0.00
randomArrays,2,812,1.41,0.00,8.00
randomArrays,2,636,1.21,0.00,0.00
randomArrays,2,253,0.41,0.00,8.00
randomArrays,2,443,0.73,0.00,0.00
randomArrays,2,292,0.47,0.00,0.00
randomArrays,2,723,1.27,0.00,88.00
randomArrays,2,398,0.66,0.00,8.00
randomArrays,2,368,0.59,0.00,0.00
randomArrays,2,534,0.91,0.00,24.00
randomArrays,2,899,1.57,0.00,24.00
randomArrays,2,137,0.20,0.00,0.00
randomArrays,2,187,1.76,0.00,8.00
randomArrays,2,164,0.50,0.00,4.00
randomArrays,2,735,1.28,0.00,16.00
randomArrays,2,524,0.88,0.00,8.00
randomArrays,2,512,1.16,0.00,0.00
randomArrays,2,15,0.03,0.00,0.00
randomArrays,2,737,1.25,0.00,0.00
randomArrays,2,616,2.02,0.00,0.00
randomArrays,2,349,0.56,0.00,0.00
randomArrays,2,645,1.13,0.00,4.00
randomArrays,2,502,0.91,0.00,8.00
randomArrays,2,932,1.68,0.00,124.00
randomArrays,2,778,1.34,0.00,16.00
randomArrays,2,126,0.20,0.00,0.00
randomArrays,2,836,1.44,0.00,0.00
randomArrays,2,911,1.59,0.00,64.00
randomArrays,2,265,0.42,0.00,8.00
randomArrays,2,694,1.81,0.00,16.00
randomArrays,2,188,0.31,0.00,8.00
randomArrays,2,282,0.44,0.00,0.00
randomArrays,2,347,0.55,0.00,0.00
randomArrays,2,768,1.34,0.00,8.00
randomArrays,2,778,1.32,0.00,0.00
randomArrays,2,549,0.96,0.00,8.00
randomArrays,2,12,0.02,0.00,0.00
randomArrays,2,336,0.68,0.00,8.00
randomArrays,2,949,1.75,0.00,88.00
randomArrays,2,179,0.28,0.00,0.00
randomArrays,2,634,1.09,0.00,4.00
randomArrays,2,38,0.06,0.00,0.00
randomArrays,2,123,0.20,0.00,0.00
randomArrays,2,282,0.45,0.00,0.00
randomArrays,2,452,0.73,0.00,0.00
randomArrays,2,217,0.36,0.00,0.00
randomArrays,2,629,1.25,0.00,16.00
randomArrays,2,275,0.47,0.00,0.00
randomArrays,2,66,0.10,0.00,0.00
randomArrays,2,308,0.62,0.00,0.00
randomArrays,2,809,1.42,0.00,52.00
randomArrays,2,634,1.59,0.00,0.00
randomArrays,2,478,0.76,0.00,0.00
randomArrays,2,336,0.55,0.00,8.00
randomArrays,2,672,1.13,0.00,0.00
randomArrays,2,583,0.97,0.00,0.00
randomArrays,2,413,0.85,0.00,16.00
randomArrays,2,683,1.19,0.00,80.00
randomArrays,2,463,0.75,0.00,8.00
randomArrays,2,267,0.44,0.00,12.00
randomArrays,2,73,0.28,0.00,0.00
randomArrays,2,641,1.32,0.00,20.00
randomArrays,2,827,1.44,0.00,24.00
randomArrays,2,864,1.51,15.62,16.00
randomArrays,2,672,2.09,0.00,4.00
randomArrays,2,948,1.67,0.00,40.00
randomArrays,2,523,0.87,0.00,0.00
randomArrays,2,113,0.17,0.00,0.00
randomArrays,2,855,1.52,0.00,0.00
randomArrays,2,764,1.30,0.00,0.00
randomArrays,2,559,1.11,0.00,36.00
randomArrays,2,256,0.39,0.00,0.00
randomArrays,2,861,1.51,0.00,40.00
randomArrays,2,215,0.35,0.00,0.00
randomArrays,2,610,1.02,0.00,0.00
randomArrays,2,133,0.21,0.00,4.00
randomArrays,2,721,1.98,0.00,48.00
randomArrays,2,826,2.66,0.00,48.00
randomArrays,2,732,1.25,0.00,8.00
randomArrays,2,218,0.36,0.00,0.00
randomArrays,2,897,2.07,15.62,28.00
randomArrays,2,95,0.26,0.00,0.00
randomArrays,2,596,1.38,0.00,32.00
randomArrays,2,333,0.55,0.00,0.00
randomArrays,2,139,0.21,0.00,0.00
randomArrays,2,90,0.13,0.00,0.00
randomArrays,2,724,2.06,0.00,0.00
randomArrays,2,24,0.04,0.00,0.00
randomArrays,2,182,0.38,0.00,0.00
randomArrays,2,440,1.23,0.00,0.00
randomArrays,2,521,0.92,0.00,12.00
randomArrays,2,653,1.13,0.00,24.00
randomArrays,2,422,0.71,0.00,0.00
randomArrays,2,919,1.61,0.00,56.00
randomArrays,2,399,0.63,0.00,0.00
randomArrays,2,148,0.22,0.00,0.00
randomArrays,2,651,1.32,0.00,0.00
randomArrays,2,953,1.67,0.00,16.00
randomArrays,2,205,0.36,0.00,8.00
randomArrays,2,713,1.25,0.00,0.00
randomArrays,2,335,0.58,0.00,4.00
randomArrays,2,800,1.37,0.00,0.00
randomArrays,2,263,0.94,0.00,20.00
randomArrays,2,305,0.76,0.00,8.00
randomArrays,2,772,1.34,0.00,76.00
randomArrays,2,760,1.33,0.00,24.00
randomArrays,2,985,1.76,0.00,28.00
randomArrays,2,468,0.77,0.00,8.00
randomArrays,2,542,1.18,0.00,4.00
randomArrays,2,137,0.20,0.00,0.00
randomArrays,2,877,1.58,0.00,16.00
randomArrays,2,407,0.68,0.00,20.00
randomArrays,2,13,0.02,0.00,0.00
randomArrays,2,857,1.50,0.00,16.00
randomArrays,2,961,1.66,0.00,4.00
randomArrays,2,963,1.69,0.00,4.00
randomArrays,2,792,1.62,15.62,92.00
randomArrays,2,190,0.31,0.00,8.00
randomArrays,2,859,1.75,0.00,32.00
randomArrays,2,989,1.74,15.62,20.00
randomArrays,2,816,1.52,0.00,52.00
randomArrays,2,950,1.72,0.00,24.00
randomArrays,2,241,0.41,0.00,0.00
randomArrays,2,957,1.66,0.00,16.00
randomArrays,2,155,0.24,0.00,0.00
randomArrays,2,625,1.19,0.00,0.00
randomArrays,2,573,0.96,0.00,0.00
randomArrays,2,278,0.43,0.00,0.00
randomArrays,2,67,0.10,0.00,0.00
randomArrays,2,785,4.20,0.00,8.00
randomArrays,2,576,0.97,0.00,28.00
randomArrays,2,949,1.70,0.00,88.00
randomArrays,2,274,0.44,0.00,4.00
randomArrays,2,827,1.60,0.00,48.00
randomArrays,2,246,0.40,0.00,4.00
randomArrays,2,497,0.84,0.00,8.00
randomArrays,2,98,0.15,0.00,0.00
randomArrays,2,87,0.13,0.00,0.00
randomArrays,2,362,0.57,0.00,0.00
randomArrays,2,748,1.30,0.00,24.00
randomArrays,2,553,0.92,0.00,0.00
randomArrays,2,931,1.63,0.00,24.00
randomArrays,2,24,0.04,0.00,0.00
randomArrays,2,836,1.46,0.00,32.00
randomArrays,2,524,0.90,0.00,12.00
randomArrays,2,286,0.53,0.00,0.00
randomArrays,2,379,0.62,0.00,16.00
randomArrays,2,654,1.13,0.00,32.00
randomArrays,2,795,1.37,0.00,32.00
randomArrays,2,335,0.55,0.00,8.00
randomArrays,2,218,0.35,0.00,0.00
randomArrays,2,390,0.71,0.00,8.00
randomArrays,2,80,0.13,0.00,0.00
randomArrays,2,602,1.26,0.00,0.00
randomArrays,2,687,1.46,0.00,8.00
randomArrays,2,573,0.98,0.00,0.00
randomArrays,2,857,1.89,0.00,32.00
randomArrays,2,484,0.79,0.00,0.00
randomArrays,2,633,1.15,0.00,0.00
randomArrays,2,393,0.63,0.00,0.00
randomArrays,2,953,1.70,0.00,12.00
randomArrays,2,718,1.59,0.00,84.00
randomArrays,2,330,0.56,0.00,24.00
randomArrays,2,273,0.53,0.00,16.00
randomArrays,2,323,0.61,0.00,0.00
randomArrays,2,971,1.70,0.00,32.00
randomArrays,2,156,0.23,0.00,0.00
randomArrays,2,971,1.78,0.00,0.00
randomArrays,2,202,0.33,0.00,8.00
randomArrays,2,201,0.36,0.00,0.00
randomArrays,2,230,0.44,0.00,8.00
randomArrays,2,953,1.68,0.00,44.00
randomArrays,2,399,0.87,0.00,0.00
randomArrays,2,354,0.86,0.00,0.00
randomArrays,2,334,0.53,0.00,0.00
randomArrays,2,538,0.90,0.00,8.00
randomArrays,2,238,0.36,0.00,0.00
randomArrays,2,415,0.69,0.00,0.00
randomArrays,2,498,0.90,0.00,52.00
randomArrays,2,193,0.36,0.00,8.00
randomArrays,2,125,0.18,0.00,0.00
randomArrays,2,100,0.15,0.00,0.00
randomArrays,2,742,1.30,0.00,56.00
randomArrays,2,588,0.98,0.00,0.00
randomArrays,2,355,0.67,0.00,0.00
randomArrays,2,923,1.66,0.00,56.00
randomArrays,2,167,0.29,0.00,8.00
randomArrays,2,518,0.89,0.00,12.00
randomArrays,2,649,1.37,0.00,8.00
randomArrays,2,280,0.66,0.00,0.00
randomArrays,2,842,1.51,0.00,16.00
randomArrays,2,586,1.16,0.00,0.00
randomArrays,2,519,0.87,0.00,4.00
randomArrays,2,112,0.17,0.00,0.00
randomArrays,2,320,0.54,0.00,4.00
randomArrays,2,955,1.70,0.00,124.00
randomArrays,2,61,0.09,0.00,0.00
randomArrays,2,709,1.72,0.00,40.00
randomArrays,2,671,1.17,0.00,24.00
randomArrays,2,437,0.73,0.00,0.00
randomArrays,2,917,1.62,0.00,44.00
randomArrays,2,499,1.45,0.00,8.00
randomArrays,2,503,0.81,0.00,0.00
randomArrays,2,676,1.75,0.00,8.00
randomArrays,2,594,0.98,0.00,0.00
randomArrays,2,48,0.07,0.00,0.00
randomArrays,2,590,0.99,0.00,0.00
randomArrays,2,861,1.50,0.00,16.00
randomArrays,2,363,0.58,0.00,0.00
randomArrays,2,969,1.67,0.00,0.00
randomArrays,2,912,1.79,0.00,52.00
randomArrays,2,779,2.28,0.00,48.00
randomArrays,2,301,0.47,0.00,0.00
randomArrays,2,545,0.93,0.00,12.00
randomArrays,2,24,0.04,0.00,0.00
randomArrays,2,953,1.97,15.62,48.00
randomArrays,2,440,0.71,0.00,0.00
randomArrays,2,997,1.76,0.00,28.00
randomArrays,2,661,1.15,0.00,16.00
randomArrays,2,583,1.14,0.00,0.00
randomArrays,2,478,0.77,0.00,0.00
randomArrays,2,220,0.43,0.00,0.00
randomArrays,2,458,0.76,15.62,4.00
randomArrays,2,783,1.46,0.00,16.00
randomArrays,2,554,1.72,0.00,0.00
randomArrays,2,167,0.28,0.00,8.00
randomArrays,2,338,0.65,0.00,8.00
randomArrays,2,321,0.68,0.00,4.00
randomArrays,2,993,1.90,0.00,68.00
randomArrays,2,414,0.69,0.00,16.00
randomArrays,2,630,1.07,0.00,8.00
randomArrays,2,572,0.96,0.00,0.00
randomArrays,2,119,0.18,0.00,0.00
randomArrays,2,852,1.68,0.00,0.00
randomArrays,2,392,0.65,0.00,8.00
randomArrays,2,744,1.29,0.00,28.00
randomArrays,2,767,1.33,0.00,24.00
randomArrays,2,419,0.87,0.00,0.00
randomArrays,2,186,0.28,0.00,0.00
randomArrays,2,498,1.55,0.00,0.00
randomArrays,2,369,0.61,0.00,0.00
randomArrays,2,545,0.94,0.00,32.00
randomArrays,2,585,1.02,0.00,16.00
randomArrays,2,232,0.39,0.00,8.00
randomArrays,2,683,1.18,0.00,24.00
randomArrays,2,373,1.10,0.00,12.00
randomArrays,2,67,0.10,0.00,0.00
randomArrays,2,47,0.07,0.00,0.00
randomArrays,2,353,0.65,0.00,0.00
randomArrays,2,165,0.28,0.00,16.00
randomArrays,2,822,1.46,0.00,84.00
randomArrays,2,207,0.32,0.00,0.00
randomArrays,2,365,0.58,0.00,0.00
randomArrays,2,33,0.05,0.00,0.00
randomArrays,2,324,0.59,0.00,0.00
randomArrays,2,533,0.99,0.00,8.00
randomArrays,2,467,0.80,0.00,12.00
randomArrays,2,653,1.12,0.00,0.00
randomArrays,2,262,0.42,0.00,0.00
randomArrays,2,26,0.06,0.00,0.00
randomArrays,2,705,1.50,0.00,92.00
randomArrays,2,945,1.67,0.00,64.00
randomArrays,2,145,0.73,0.00,0.00
randomArrays,2,987,1.74,15.62,20.00
randomArrays,2,40,0.06,0.00,0.00
randomArrays,2,418,0.72,0.00,0.00
randomArrays,2,20,0.03,0.00,0.00
randomArrays,2,618,1.05,0.00,0.00
randomArrays,2,463,0.78,0.00,8.00
randomArrays,2,310,0.49,0.00,0.00
randomArrays,2,753,1.32,0.00,36.00
randomArrays,2,203,0.33,0.00,8.00
randomArrays,2,756,1.29,0.00,4.00
randomArrays,2,998,1.74,15.62,8.00
randomArrays,2,631,1.08,0.00,40.00
randomArrays,2,788,1.38,0.00,56.00
randomArrays,2,364,0.58,0.00,0.00
randomArrays,2,435,0.73,0.00,8.00
randomArrays,2,379,0.62,0.00,12.00
randomArrays,2,208,0.32,0.00,0.00
randomArrays,2,503,0.83,0.00,8.00
randomArrays,2,97,0.14,0.00,0.00
randomArrays,2,266,0.46,0.00,8.00
randomArrays,2,828,1.44,0.00,20.00
randomArrays,2,319,0.50,0.00,0.00
randomArrays,2,898,1.57,0.00,28.00
randomArrays,2,380,0.73,0.00,0.00
randomArrays,2,450,0.74,0.00,0.00
randomArrays,2,142,0.21,0.00,0.00
randomArrays,2,434,0.70,0.00,0.00
randomArrays,2,96,0.14,0.00,0.00
randomArrays,2,641,1.14,0.00,44.00
randomArrays,2,538,1.20,0.00,8.00
randomArrays,2,502,0.83,0.00,16.00
randomArrays,2,599,1.13,0.00,16.00
randomArrays,2,299,0.50,0.00,0.00
randomArrays,2,620,1.04,0.00,0.00
randomArrays,2,606,1.01,0.00,0.00
randomArrays,2,282,0.45,0.00,8.00
randomArrays,2,205,0.33,0.00,8.00
randomArrays,2,504,1.20,0.00,0.00
randomArrays,2,315,0.51,0.00,0.00
randomArrays,2,739,3.36,0.00,16.00
randomArrays,2,226,1.17,0.00,0.00
randomArrays,2,239,0.65,0.00,0.00
randomArrays,2,656,1.51,0.00,0.00
randomArrays,2,467,0.79,0.00,8.00
randomArrays,2,855,1.51,0.00,64.00
randomArrays,2,12,0.02,0.00,0.00
randomArrays,2,751,1.77,0.00,36.00
randomArrays,2,426,0.70,0.00,0.00
randomArrays,2,735,1.28,0.00,48.00
randomArrays,2,321,1.89,0.00,8.00
randomArrays,2,522,1.15,0.00,16.00
randomArrays,2,888,1.55,0.00,16.00
randomArrays,2,118,0.18,0.00,0.00
randomArrays,2,813,1.43,0.00,40.00
randomArrays,2,547,1.72,0.00,4.00
randomArrays,2,860,1.47,0.00,0.00
randomArrays,2,189,0.29,0.00,0.00
randomArrays,2,668,1.29,0.00,8.00
randomArrays,2,583,0.98,0.00,0.00
randomArrays,2,489,1.30,0.00,0.00
randomArrays,2,414,0.75,0.00,24.00
randomArrays,2,905,1.60,0.00,52.00
randomArrays,2,742,1.31,0.00,44.00
randomArrays,2,358,0.57,0.00,0.00
randomArrays,2,741,1.28,0.00,16.00
randomArrays,2,470,0.78,0.00,16.00
randomArrays,2,111,0.18,0.00,0.00
randomArrays,2,546,1.64,0.00,4.00
randomArrays,2,591,1.14,0.00,0.00
randomArrays,2,884,1.60,0.00,32.00
randomArrays,2,684,1.14,0.00,0.00
randomArrays,2,975,1.75,0.00,16.00
randomArrays,2,739,1.25,0.00,0.00
randomArrays,2,725,1.23,0.00,0.00
randomArrays,2,893,1.66,0.00,96.00
randomArrays,2,16,0.04,0.00,0.00
randomArrays,2,467,0.78,0.00,24.00
randomArrays,2,307,0.49,0.00,0.00
randomArrays,2,235,0.38,0.00,4.00
randomArrays,2,377,0.62,0.00,8.00
randomArrays,2,448,0.78,0.00,4.00
randomArrays,2,999,2.08,0.00,36.00
randomArrays,2,98,0.15,0.00,0.00
randomArrays,2,456,0.77,0.00,4.00
randomArrays,2,118,0.18,0.00,0.00
randomArrays,2,406,0.68,0.00,16.00
randomArrays,2,33,0.05,0.00,0.00
randomArrays,2,517,0.85,0.00,0.00
randomArrays,2,248,0.38,0.00,0.00
randomArrays,2,61,0.09,0.00,0.00
randomArrays,2,547,0.94,0.00,4.00
randomArrays,2,602,1.40,0.00,36.00
randomArrays,2,579,1.00,0.00,8.00
randomArrays,2,972,1.69,0.00,16.00
randomArrays,2,653,1.26,0.00,8.00
randomArrays,2,866,1.50,0.00,16.00
randomArrays,2,417,0.67,0.00,0.00
randomArrays,2,386,1.06,0.00,8.00
randomArrays,2,349,0.81,0.00,0.00
randomArrays,2,598,1.42,0.00,0.00
randomArrays,2,856,1.49,0.00,32.00
randomArrays,2,152,0.23,0.00,0.00
randomArrays,2,436,0.81,0.00,0.00
randomArrays,2,356,0.58,0.00,0.00
randomArrays,2,598,1.02,0.00,0.00
randomArrays,2,578,1.00,0.00,0.00
randomArrays,2,786,3.89,0.00,64.00
randomArrays,2,124,0.21,0.00,0.00
randomArrays,2,439,1.09,0.00,0.00
randomArrays,2,492,1.53,0.00,8.00
randomArrays,2,207,0.32,0.00,0.00
randomArrays,2,100,0.15,0.00,0.00
randomArrays,2,591,1.36,0.00,0.00
randomArrays,2,397,0.68,0.00,0.00
randomArrays,2,295,0.47,0.00,0.00
randomArrays,2,733,1.30,0.00,48.00
randomArrays,2,231,0.38,0.00,8.00
randomArrays,2,565,0.96,0.00,0.00
randomArrays,2,910,1.64,0.00,44.00
randomArrays,2,74,0.11,0.00,0.00
randomArrays,2,647,1.13,0.00,8.00
randomArrays,2,456,1.30,0.00,0.00
randomArrays,2,954,1.71,0.00,40.00
randomArrays,2,495,2.03,0.00,32.00
randomArrays,2,487,0.84,0.00,32.00
randomArrays,2,559,1.42,0.00,0.00
randomArrays,2,512,0.86,0.00,4.00
randomArrays,2,247,0.40,0.00,0.00
randomArrays,2,219,0.36,0.00,0.00
randomArrays,2,839,1.51,15.62,40.00
randomArrays,2,887,1.74,0.00,0.00
randomArrays,2,942,1.70,0.00,80.00
randomArrays,2,920,2.13,15.62,40.00
randomArrays,2,868,3.12,0.00,0.00
randomArrays,2,25,0.04,0.00,0.00
randomArrays,2,174,0.27,0.00,0.00
randomArrays,2,818,1.47,0.00,20.00
randomArrays,2,660,1.33,0.00,0.00
randomArrays,2,592,1.01,0.00,8.00
randomArrays,2,942,1.70,0.00,40.00
randomArrays,2,962,1.94,0.00,0.00
randomArrays,2,254,0.39,0.00,0.00
randomArrays,2,527,1.33,0.00,16.00
randomArrays,2,786,1.39,0.00,24.00
randomArrays,2,179,0.28,0.00,0.00
randomArrays,2,678,1.18,0.00,12.00
randomArrays,2,950,1.72,0.00,0.00
randomArrays,2,538,0.94,0.00,4.00
randomArrays,2,185,0.34,0.00,4.00
randomArrays,2,689,1.23,0.00,0.00
randomArrays,2,161,0.24,0.00,0.00
randomArrays,2,509,0.85,0.00,0.00
randomArrays,2,376,0.63,0.00,4.00
randomArrays,2,766,1.82,0.00,112.00
randomArrays,2,706,1.25,0.00,24.00
randomArrays,2,644,1.28,0.00,28.00
randomArrays,2,758,1.30,0.00,8.00
randomArrays,2,747,1.28,0.00,0.00
randomArrays,2,349,0.56,0.00,0.00
randomArrays,2,574,0.95,0.00,0.00
randomArrays,2,888,1.81,0.00,16.00
randomArrays,2,235,0.38,0.00,4.00
randomArrays,2,653,1.14,0.00,0.00
randomArrays,2,630,1.13,0.00,0.00
randomArrays,2,76,0.12,0.00,0.00
randomArrays,2,436,0.71,0.00,0.00
randomArrays,2,771,2.26,0.00,8.00
randomArrays,2,217,0.56,0.00,0.00
randomArrays,2,419,0.71,0.00,28.00
randomArrays,2,860,1.49,0.00,24.00
randomArrays,2,288,0.45,0.00,0.00
randomArrays,2,280,0.43,0.00,0.00
randomArrays,2,242,0.41,0.00,0.00
randomArrays,2,602,1.02,0.00,16.00
randomArrays,2,44,0.07,0.00,0.00
randomArrays,2,547,1.11,0.00,12.00
randomArrays,2,860,1.51,0.00,16.00
randomArrays,2,737,1.28,0.00,40.00
randomArrays,2,738,1.34,0.00,16.00
randomArrays,2,725,1.75,0.00,8.00
randomArrays,2,684,1.17,0.00,4.00
randomArrays,2,233,0.38,0.00,8.00
randomArrays,2,342,0.57,0.00,0.00
randomArrays,2,855,1.50,0.00,84.00
randomArrays,2,861,1.49,0.00,16.00
randomArrays,2,566,0.97,0.00,4.00
randomArrays,2,406,0.69,0.00,20.00
randomArrays,2,192,1.37,0.00,0.00
randomArrays,2,850,1.46,0.00,0.00
randomArrays,2,609,1.02,0.00,0.00
randomArrays,2,18,0.04,0.00,0.00
randomArrays,2,482,1.05,0.00,0.00
randomArrays,2,264,0.56,0.00,4.00
randomArrays,2,319,0.51,0.00,4.00
randomArrays,2,252,0.40,0.00,8.00
randomArrays,2,342,1.41,0.00,8.00
randomArrays,2,252,0.57,0.00,0.00
randomArrays,2,205,0.46,0.00,0.00
randomArrays,2,942,1.80,0.00,24.00
randomArrays,2,744,1.32,15.62,64.00
randomArrays,2,537,0.92,0.00,36.00
randomArrays,2,501,0.82,0.00,8.00
randomArrays,2,853,2.23,0.00,48.00
randomArrays,2,341,0.54,0.00,0.00
randomArrays,2,800,2.10,0.00,0.00
randomArrays,2,857,1.47,0.00,0.00
randomArrays,2,427,0.69,0.00,0.00
randomArrays,2,647,1.11,0.00,8.00
randomArrays,2,76,0.11,0.00,0.00
randomArrays,2,677,1.16,0.00,8.00
randomArrays,2,579,0.97,0.00,0.00
randomArrays,2,731,1.25,0.00,24.00
randomArrays,2,704,1.19,0.00,0.00
randomArrays,2,266,0.41,0.00,0.00
randomArrays,2,961,1.81,0.00,112.00
randomArrays,2,263,0.81,0.00,8.00
randomArrays,2,434,0.73,0.00,0.00
randomArrays,2,484,1.03,0.00,0.00
randomArrays,2,163,0.29,0.00,8.00
randomArrays,2,984,1.73,0.00,52.00
randomArrays,2,211,0.33,0.00,0.00
randomArrays,2,185,0.29,0.00,4.00
randomArrays,2,467,1.26,0.00,20.00
randomArrays,2,214,0.35,0.00,0.00
randomArrays,2,35,0.06,0.00,0.00
randomArrays,2,141,0.27,0.00,0.00
randomArrays,2,559,1.19,0.00,16.00
randomArrays,2,706,1.23,0.00,24.00
randomArrays,2,68,0.11,0.00,0.00
randomArrays,2,12,0.04,0.00,0.00
randomArrays,2,405,1.18,0.00,20.00
randomArrays,2,288,0.73,0.00,0.00
randomArrays,2,955,1.95,0.00,108.00
randomArrays,2,50,0.23,0.00,0.00
randomArrays,2,752,1.31,0.00,28.00
randomArrays,2,695,1.19,0.00,8.00
randomArrays,2,186,0.30,0.00,0.00
randomArrays,2,737,1.27,0.00,24.00
randomArrays,2,948,1.66,0.00,8.00
randomArrays,2,151,0.43,0.00,0.00
randomArrays,2,46,0.10,0.00,0.00
randomArrays,2,968,1.67,0.00,0.00
randomArrays,2,333,0.75,0.00,8.00
randomArrays,2,189,0.32,0.00,4.00
randomArrays,2,190,0.31,0.00,0.00
randomArrays,2,589,1.02,0.00,0.00
randomArrays,2,230,0.37,0.00,8.00
randomArrays,2,535,3.46,0.00,56.00
randomArrays,2,189,1.18,0.00,8.00
randomArrays,2,948,1.68,0.00,88.00
randomArrays,2,834,1.49,0.00,12.00
randomArrays,2,273,0.89,0.00,0.00
randomArrays,2,773,1.35,0.00,36.00
randomArrays,2,342,0.67,0.00,8.00
randomArrays,2,995,1.81,0.00,20.00
randomArrays,2,221,0.34,0.00,0.00
randomArrays,2,519,1.12,0.00,0.00
randomArrays,2,479,1.19,0.00,0.00
randomArrays,2,155,0.23,0.00,0.00
randomArrays,2,756,1.29,0.00,16.00
randomArrays,2,658,1.47,0.00,16.00
randomArrays,2,213,0.52,0.00,0.00
randomArrays,2,467,0.87,0.00,40.00
randomArrays,2,191,0.29,0.00,0.00
randomArrays,2,744,1.93,15.62,24.00
randomArrays,2,122,0.19,0.00,0.00
randomArrays,2,178,0.28,0.00,0.00
randomArrays,2,760,1.81,0.00,32.00
randomArrays,2,524,1.12,0.00,16.00
randomArrays,2,264,0.40,0.00,0.00
randomArrays,2,733,1.29,0.00,56.00
randomArrays,2,759,1.74,0.00,4.00
randomArrays,2,177,0.77,0.00,0.00
randomArrays,2,53,0.09,0.00,0.00
randomArrays,2,429,0.84,0.00,0.00
randomArrays,2,508,0.88,0.00,0.00
randomArrays,2,919,1.59,0.00,4.00
randomArrays,2,412,0.73,0.00,12.00
randomArrays,2,503,0.83,0.00,8.00
randomArrays,2,115,0.17,0.00,0.00
randomArrays,2,851,1.67,0.00,36.00
randomArrays,2,848,1.51,0.00,72.00
randomArrays,2,652,1.12,0.00,8.00
randomArrays,2,693,1.20,0.00,8.00
randomArrays,2,662,1.34,0.00,16.00
randomArrays,2,815,1.76,0.00,24.00
randomArrays,2,679,1.14,0.00,0.00
randomArrays,2,141,0.21,0.00,0.00
randomArrays,2,458,0.74,0.00,0.00
randomArrays,2,378,1.11,0.00,8.00
randomArrays,2,662,1.12,0.00,0.00
randomArrays,2,809,1.37,0.00,0.00
randomArrays,2,960,2.04,0.00,12.00
randomArrays,2,454,0.79,0.00,16.00
randomArrays,2,513,0.92,0.00,36.00
randomArrays,2,965,1.66,0.00,16.00
randomArrays,2,855,2.27,0.00,32.00
randomArrays,2,257,0.42,0.00,4.00
randomArrays,2,932,2.51,0.00,76.00
randomArrays,2,112,0.25,0.00,0.00
randomArrays,2,264,0.49,0.00,4.00
randomArrays,2,404,0.78,0.00,16.00
randomArrays,2,830,1.44,0.00,8.00
randomArrays,2,115,0.18,0.00,0.00
randomArrays,2,906,1.56,0.00,16.00
randomArrays,3,469,0.74,0.00,0.00
randomArrays,3,783,2.59,0.00,40.00
randomArrays,3,464,0.77,0.00,8.00
randomArrays,3,267,0.44,0.00,8.00
randomArrays,3,828,1.43,0.00,8.00
randomArrays,3,607,1.03,0.00,8.00
randomArrays,3,319,0.51,0.00,4.00
randomArrays,3,431,0.72,0.00,8.00
randomArrays,3,941,1.71,0.00,20.00
randomArrays,3,937,1.63,0.00,4.00
randomArrays,3,619,1.05,0.00,0.00
randomArrays,3,370,0.63,0.00,12.00
randomArrays,3,478,0.84,0.00,0.00
randomArrays,3,107,0.16,0.00,0.00
randomArrays,3,910,1.57,0.00,0.00
randomArrays,3,381,0.99,0.00,4.00
randomArrays,3,699,1.24,0.00,52.00
randomArrays,3,452,0.75,0.00,8.00
randomArrays,3,882,1.57,0.00,48.00
randomArrays,3,697,1.18,0.00,0.00
randomArrays,3,39,0.06,0.00,0.00
randomArrays,3,382,0.68,0.00,16.00
randomArrays,3,980,1.80,0.00,20.00
randomArrays,3,202,0.32,0.00,8.00
randomArrays,3,674,1.15,0.00,8.00
randomArrays,3,184,0.28,0.00,0.00
randomArrays,3,853,1.46,0.00,0.00
randomArrays,3,101,0.15,0.00,0.00
randomArrays,3,329,0.59,0.00,8.00
randomArrays,3,837,1.44,0.00,0.00
randomArrays,3,952,2.02,0.00,28.00
randomArrays,3,676,1.20,0.00,76.00
randomArrays,3,248,0.39,0.00,4.00
randomArrays,3,845,1.47,0.00,4.00
randomArrays,3,707,1.99,0.00,16.00
randomArrays,3,458,0.95,0.00,24.00
randomArrays,3,219,0.36,0.00,4.00
randomArrays,3,268,0.45,0.00,16.00
randomArrays,3,201,0.34,0.00,4.00
randomArrays,3,520,1.00,0.00,4.00
randomArrays,3,832,2.38,0.00,4.00
randomArrays,3,800,1.90,0.00,0.00
randomArrays,3,753,1.32,0.00,16.00
randomArrays,3,286,0.44,0.00,0.00
randomArrays,3,841,1.47,0.00,16.00
randomArrays,3,240,0.37,0.00,0.00
randomArrays,3,370,1.07,0.00,0.00
randomArrays,3,287,0.51,0.00,24.00
randomArrays,3,89,0.19,0.00,0.00
randomArrays,3,881,1.58,0.00,76.00
randomArrays,3,187,0.30,0.00,8.00
randomArrays,3,373,0.59,0.00,0.00
randomArrays,3,194,0.31,0.00,8.00
randomArrays,3,382,0.64,0.00,20.00
randomArrays,3,826,1.46,0.00,36.00
randomArrays,3,781,1.34,15.62,0.00
randomArrays,3,814,1.42,0.00,12.00
randomArrays,3,525,0.95,0.00,16.00
randomArrays,3,136,0.43,0.00,0.00
randomArrays,3,454,0.75,0.00,12.00
randomArrays,3,563,0.95,0.00,4.00
randomArrays,3,226,0.36,0.00,0.00
randomArrays,3,345,0.78,0.00,8.00
randomArrays,3,514,1.06,0.00,0.00
randomArrays,3,871,1.54,0.00,40.00
randomArrays,3,939,1.82,0.00,48.00
randomArrays,3,397,0.65,0.00,0.00
randomArrays,3,429,0.72,0.00,0.00
randomArrays,3,421,0.67,0.00,0.00
randomArrays,3,747,1.30,0.00,8.00
randomArrays,3,19,0.07,0.00,0.00
randomArrays,3,74,0.11,0.00,0.00
randomArrays,3,259,0.43,0.00,12.00
randomArrays,3,846,1.52,0.00,16.00
randomArrays,3,789,1.39,0.00,48.00
randomArrays,3,671,1.16,0.00,8.00
randomArrays,3,368,0.89,0.00,0.00
randomArrays,3,448,0.72,0.00,0.00
randomArrays,3,237,0.37,0.00,0.00
randomArrays,3,627,1.13,0.00,52.00
randomArrays,3,584,0.99,0.00,16.00
randomArrays,3,328,0.55,0.00,8.00
randomArrays,3,606,1.01,0.00,0.00
randomArrays,3,563,0.98,0.00,0.00
randomArrays,3,774,1.51,0.00,36.00
randomArrays,3,206,0.32,0.00,0.00
randomArrays,3,907,1.69,0.00,56.00
randomArrays,3,37,0.06,0.00,0.00
randomArrays,3,878,1.56,0.00,68.00
randomArrays,3,284,0.73,0.00,0.00
randomArrays,3,853,1.55,0.00,0.00
randomArrays,3,247,0.41,0.00,4.00
randomArrays,3,241,0.43,0.00,0.00
randomArrays,3,348,0.62,0.00,0.00
randomArrays,3,814,1.46,0.00,104.00
randomArrays,3,245,0.38,0.00,0.00
randomArrays,3,335,0.57,0.00,8.00
randomArrays,3,497,0.88,0.00,12.00
randomArrays,3,280,0.44,0.00,0.00
randomArrays,3,664,1.13,0.00,0.00
randomArrays,3,523,1.04,0.00,16.00
randomArrays,3,841,1.48,0.00,32.00
randomArrays,3,290,0.46,0.00,0.00
randomArrays,3,158,0.24,0.00,0.00
randomArrays,3,783,1.99,0.00,24.00
randomArrays,3,638,1.11,0.00,8.00
randomArrays,3,314,0.52,0.00,0.00
randomArrays,3,484,0.80,0.00,0.00
randomArrays,3,972,1.69,0.00,48.00
randomArrays,3,652,1.13,0.00,8.00
randomArrays,3,543,0.95,0.00,56.00
randomArrays,3,487,0.90,0.00,16.00
randomArrays,3,686,1.19,0.00,32.00
randomArrays,3,183,0.30,0.00,0.00
randomArrays,3,572,0.95,15.62,0.00
randomArrays,3,747,1.37,0.00,8.00
randomArrays,3,780,1.35,0.00,8.00
randomArrays,3,828,1.44,0.00,28.00
randomArrays,3,591,0.99,0.00,0.00
randomArrays,3,415,1.41,0.00,4.00
randomArrays,3,648,1.17,0.00,8.00
randomArrays,3,204,0.33,0.00,4.00
randomArrays,3,510,0.82,0.00,0.00
randomArrays,3,422,0.98,0.00,0.00
randomArrays,3,541,0.89,0.00,0.00
randomArrays,3,875,2.06,0.00,128.00
randomArrays,3,742,1.27,0.00,12.00
randomArrays,3,384,0.66,0.00,12.00
randomArrays,3,266,0.53,0.00,12.00
randomArrays,3,137,0.21,0.00,0.00
randomArrays,3,970,1.70,0.00,16.00
randomArrays,3,685,1.24,0.00,24.00
randomArrays,3,665,1.15,0.00,8.00
randomArrays,3,319,0.56,0.00,4.00
randomArrays,3,808,1.41,0.00,12.00
randomArrays,3,143,0.21,0.00,0.00
randomArrays,3,147,0.22,0.00,0.00
randomArrays,3,929,1.66,0.00,64.00
randomArrays,3,906,1.70,0.00,24.00
randomArrays,3,425,0.69,0.00,0.00
randomArrays,3,736,1.33,0.00,104.00
randomArrays,3,65,0.09,0.00,0.00
randomArrays,3,305,0.66,0.00,0.00
randomArrays,3,194,0.43,0.00,8.00
randomArrays,3,545,1.04,0.00,16.00
randomArrays,3,49,0.07,0.00,0.00
randomArrays,3,731,1.32,0.00,16.00
randomArrays,3,712,1.26,0.00,40.00
randomArrays,3,732,1.24,0.00,0.00
randomArrays,3,57,0.08,0.00,0.00
randomArrays,3,983,1.77,0.00,68.00
randomArrays,3,345,0.57,0.00,4.00
randomArrays,3,152,0.23,0.00,0.00
randomArrays,3,963,1.71,0.00,24.00
randomArrays,3,544,0.92,0.00,4.00
randomArrays,3,870,1.68,0.00,0.00
randomArrays,3,557,0.97,0.00,52.00
randomArrays,3,168,0.28,0.00,8.00
randomArrays,3,373,1.14,0.00,12.00
randomArrays,3,416,0.69,0.00,24.00
randomArrays,3,942,1.67,0.00,80.00
randomArrays,3,966,1.85,0.00,56.00
randomArrays,3,363,0.61,0.00,0.00
randomArrays,3,955,4.77,0.00,16.00
randomArrays,3,626,2.75,0.00,0.00
randomArrays,3,948,1.65,0.00,16.00
randomArrays,3,193,0.33,0.00,16.00
randomArrays,3,361,0.58,0.00,0.00
randomArrays,3,195,0.34,0.00,4.00
randomArrays,3,905,1.59,0.00,48.00
randomArrays,3,105,0.16,0.00,0.00
randomArrays,3,750,1.33,0.00,80.00
randomArrays,3,565,0.95,0.00,0.00
randomArrays,3,538,0.98,0.00,20.00
randomArrays,3,488,0.87,0.00,0.00
randomArrays,3,30,0.05,0.00,0.00
randomArrays,3,554,0.92,0.00,0.00
randomArrays,3,407,0.68,0.00,16.00
randomArrays,3,958,1.77,0.00,4.00
randomArrays,3,137,0.20,0.00,0.00
randomArrays,3,101,0.15,0.00,0.00
randomArrays,3,633,1.20,0.00,4.00
randomArrays,3,44,0.06,0.00,0.00
randomArrays,3,738,1.26,0.00,0.00
randomArrays,3,763,1.99,0.00,24.00
randomArrays,3,319,0.52,0.00,0.00
randomArrays,3,682,1.30,0.00,92.00
randomArrays,3,820,1.46,0.00,56.00
randomArrays,3,896,1.56,0.00,36.00
randomArrays,3,712,1.24,0.00,24.00
randomArrays,3,554,0.93,0.00,0.00
randomArrays,3,940,1.66,0.00,40.00
randomArrays,3,787,1.36,0.00,8.00
randomArrays,3,255,0.39,0.00,0.00
randomArrays,3,135,0.23,0.00,0.00
randomArrays,3,546,1.06,0.00,0.00
randomArrays,3,643,1.11,0.00,12.00
randomArrays,3,197,0.31,0.00,0.00
randomArrays,3,643,1.10,0.00,4.00
randomArrays,3,858,1.47,0.00,0.00
randomArrays,3,134,0.20,0.00,0.00
randomArrays,3,133,0.22,0.00,4.00
randomArrays,3,317,0.55,0.00,32.00
randomArrays,3,312,0.56,0.00,4.00
randomArrays,3,160,0.26,0.00,0.00
randomArrays,3,838,1.49,15.62,52.00
randomArrays,3,316,0.59,0.00,0.00
randomArrays,3,111,0.16,0.00,0.00
randomArrays,3,530,0.89,0.00,4.00
randomArrays,3,827,1.45,0.00,48.00
randomArrays,3,994,1.76,0.00,36.00
randomArrays,3,348,1.16,0.00,0.00
randomArrays,3,652,1.20,0.00,8.00
randomArrays,3,339,0.56,0.00,16.00
randomArrays,3,908,1.60,0.00,44.00
randomArrays,3,655,1.21,0.00,0.00
randomArrays,3,899,1.64,0.00,124.00
randomArrays,3,377,0.63,0.00,28.00
randomArrays,3,793,1.38,0.00,24.00
randomArrays,3,12,0.02,0.00,0.00
randomArrays,3,236,0.46,0.00,8.00
randomArrays,3,851,1.58,0.00,16.00
randomArrays,3,462,0.88,0.00,8.00
randomArrays,3,49,0.08,0.00,0.00
randomArrays,3,649,1.13,0.00,8.00
randomArrays,3,299,0.47,0.00,0.00
randomArrays,3,796,1.93,0.00,16.00
randomArrays,3,227,0.86,0.00,0.00
randomArrays,3,929,1.62,0.00,32.00
randomArrays,3,166,0.25,0.00,0.00
randomArrays,3,277,0.44,0.00,0.00
randomArrays,3,179,0.42,0.00,0.00
randomArrays,3,809,1.41,0.00,16.00
randomArrays,3,232,0.38,0.00,8.00
randomArrays,3,247,0.39,0.00,4.00
randomArrays,3,99,0.15,0.00,0.00
randomArrays,3,649,1.13,0.00,20.00
randomArrays,3,15,0.03,0.00,0.00
randomArrays,3,646,1.83,0.00,24.00
randomArrays,3,463,0.76,0.00,8.00
randomArrays,3,587,1.14,0.00,8.00
randomArrays,3,898,2.38,15.62,40.00
randomArrays,3,643,1.10,0.00,0.00
randomArrays,3,840,1.46,0.00,16.00
randomArrays,3,708,1.22,0.00,24.00
randomArrays,3,214,0.34,0.00,0.00
randomArrays,3,565,0.94,0.00,0.00
randomArrays,3,157,0.25,0.00,0.00
randomArrays,3,265,0.65,0.00,4.00
randomArrays,3,171,0.43,0.00,12.00
randomArrays,3,136,0.31,0.00,0.00
randomArrays,3,290,0.73,0.00,12.00
randomArrays,3,96,0.22,0.00,0.00
randomArrays,3,11,0.03,0.00,0.00
randomArrays,3,311,0.61,0.00,12.00
randomArrays,3,566,0.97,0.00,0.00
randomArrays,3,328,0.55,0.00,16.00
randomArrays,3,358,0.59,0.00,0.00
randomArrays,3,674,1.17,0.00,28.00
randomArrays,3,490,0.81,0.00,4.00
randomArrays,3,36,0.09,0.00,0.00
randomArrays,3,408,0.84,0.00,12.00
randomArrays,3,49,0.09,0.00,0.00
randomArrays,3,581,1.02,0.00,8.00
randomArrays,3,879,1.55,0.00,48.00
randomArrays,3,61,0.09,0.00,0.00
randomArrays,3,656,1.11,0.00,0.00
randomArrays,3,411,0.92,0.00,32.00
randomArrays,3,361,0.73,0.00,0.00
randomArrays,3,994,2.45,0.00,80.00
randomArrays,3,416,0.69,0.00,12.00
randomArrays,3,966,1.70,0.00,16.00
randomArrays,3,92,0.15,0.00,0.00
randomArrays,3,429,0.88,0.00,0.00
randomArrays,3,658,1.13,0.00,16.00
randomArrays,3,877,1.69,0.00,32.00
randomArrays,3,780,1.76,0.00,16.00
randomArrays,3,669,1.14,0.00,0.00
randomArrays,3,394,0.65,0.00,0.00
randomArrays,3,892,1.92,0.00,24.00
randomArrays,3,180,0.53,0.00,0.00
randomArrays,3,829,2.41,0.00,80.00
randomArrays,3,255,0.47,0.00,8.00
randomArrays,3,374,0.62,0.00,12.00
randomArrays,3,37,0.05,0.00,0.00
randomArrays,3,919,1.63,0.00,64.00
randomArrays,3,850,1.48,0.00,16.00
randomArrays,3,930,1.66,0.00,64.00
randomArrays,3,419,0.68,0.00,0.00
randomArrays,3,720,1.35,0.00,24.00
randomArrays,3,378,0.62,0.00,4.00
randomArrays,3,815,1.48,0.00,8.00
randomArrays,3,566,1.62,0.00,0.00
randomArrays,3,623,1.44,0.00,0.00
randomArrays,3,597,2.00,0.00,0.00
randomArrays,3,148,0.22,0.00,0.00
randomArrays,3,580,1.17,0.00,52.00
randomArrays,3,244,0.38,0.00,0.00
randomArrays,3,703,2.02,0.00,24.00
randomArrays,3,743,1.30,0.00,40.00
randomArrays,3,923,1.68,0.00,40.00
randomArrays,3,284,0.44,0.00,0.00
randomArrays,3,35,0.06,0.00,0.00
randomArrays,3,941,1.79,0.00,52.00
randomArrays,3,39,0.06,0.00,0.00
randomArrays,3,276,0.43,0.00,0.00
randomArrays,3,494,0.82,0.00,4.00
randomArrays,3,547,1.42,0.00,8.00
randomArrays,3,837,1.59,0.00,0.00
randomArrays,3,183,0.27,0.00,0.00
randomArrays,3,360,0.57,0.00,0.00
randomArrays,3,627,1.07,0.00,4.00
randomArrays,3,833,1.49,0.00,76.00
randomArrays,3,491,0.81,0.00,4.00
randomArrays,3,623,1.04,0.00,0.00
randomArrays,3,850,1.49,0.00,24.00
randomArrays,3,35,0.09,0.00,0.00
randomArrays,3,584,1.02,0.00,0.00
randomArrays,3,34,0.07,0.00,0.00
randomArrays,3,335,0.71,0.00,0.00
randomArrays,3,145,0.22,0.00,0.00
randomArrays,3,61,0.09,0.00,0.00
randomArrays,3,88,0.15,0.00,0.00
randomArrays,3,442,0.90,0.00,0.00
randomArrays,3,729,1.26,0.00,24.00
randomArrays,3,312,0.49,0.00,0.00
randomArrays,3,620,1.05,0.00,0.00
randomArrays,3,77,0.11,0.00,0.00
randomArrays,3,784,1.36,0.00,12.00
randomArrays,3,720,1.25,0.00,48.00
randomArrays,3,796,1.58,0.00,20.00
randomArrays,3,81,0.12,0.00,0.00
randomArrays,3,900,1.60,0.00,48.00
randomArrays,3,570,0.96,0.00,0.00
randomArrays,3,749,1.36,0.00,28.00
randomArrays,3,723,1.25,0.00,8.00
randomArrays,3,54,0.08,0.00,0.00
randomArrays,3,261,0.43,0.00,0.00
randomArrays,3,831,2.12,0.00,4.00
randomArrays,3,133,0.20,0.00,4.00
randomArrays,3,165,0.27,0.00,4.00
randomArrays,3,441,0.83,0.00,0.00
randomArrays,3,782,1.36,0.00,8.00
randomArrays,3,384,0.64,0.00,12.00
randomArrays,3,283,0.46,0.00,24.00
randomArrays,3,71,0.11,0.00,0.00
randomArrays,3,374,0.79,0.00,28.00
randomArrays,3,204,0.33,0.00,8.00
randomArrays,3,437,0.94,0.00,8.00
randomArrays,3,662,1.16,0.00,20.00
randomArrays,3,821,1.43,0.00,28.00
randomArrays,3,198,0.31,0.00,0.00
randomArrays,3,776,1.36,0.00,24.00
randomArrays,3,124,0.18,0.00,0.00
randomArrays,3,202,0.33,0.00,0.00
randomArrays,3,806,1.39,0.00,0.00
randomArrays,3,448,0.76,0.00,12.00
randomArrays,3,383,0.65,0.00,12.00
randomArrays,3,992,1.74,0.00,16.00
randomArrays,3,714,2.15,0.00,24.00
randomArrays,3,528,0.90,0.00,20.00
randomArrays,3,137,0.22,0.00,8.00
randomArrays,3,122,0.19,0.00,0.00
randomArrays,3,883,1.70,0.00,60.00
randomArrays,3,614,1.80,0.00,8.00
randomArrays,3,841,1.47,0.00,0.00
randomArrays,3,471,0.81,0.00,20.00
randomArrays,3,871,2.37,0.00,32.00
randomArrays,3,938,1.66,0.00,20.00
randomArrays,3,238,0.36,0.00,0.00
randomArrays,3,772,1.36,0.00,36.00
randomArrays,3,334,0.60,0.00,8.00
randomArrays,3,274,0.43,0.00,0.00
randomArrays,3,385,0.64,0.00,4.00
randomArrays,3,455,0.78,0.00,8.00
randomArrays,3,202,0.34,0.00,8.00
randomArrays,3,349,0.61,0.00,24.00
randomArrays,3,170,0.28,0.00,8.00
randomArrays,3,365,0.72,0.00,8.00
randomArrays,3,921,1.64,0.00,64.00
randomArrays,3,368,0.60,0.00,0.00
randomArrays,3,851,1.65,15.62,0.00
randomArrays,3,736,1.26,0.00,0.00
randomArrays,3,64,0.10,0.00,0.00
randomArrays,3,371,0.74,0.00,0.00
randomArrays,3,962,1.71,0.00,24.00
randomArrays,3,758,1.41,0.00,16.00
randomArrays,3,565,0.94,0.00,0.00
randomArrays,3,246,0.40,0.00,4.00
randomArrays,3,390,0.71,0.00,8.00
randomArrays,3,833,1.45,0.00,12.00
randomArrays,3,359,0.58,0.00,0.00
randomArrays,3,647,1.21,0.00,68.00
randomArrays,3,830,2.44,0.00,60.00
randomArrays,3,790,2.40,0.00,32.00
randomArrays,3,789,1.36,0.00,32.00
randomArrays,3,33,0.05,0.00,0.00
randomArrays,3,324,0.52,0.00,0.00
randomArrays,3,460,0.77,0.00,12.00
randomArrays,3,660,1.96,0.00,20.00
randomArrays,3,553,0.95,0.00,4.00
randomArrays,3,181,0.28,0.00,0.00
randomArrays,3,106,0.16,0.00,0.00
randomArrays,3,198,0.31,0.00,0.00
randomArrays,3,795,1.37,0.00,0.00
randomArrays,3,149,0.38,0.00,0.00
randomArrays,3,42,0.06,0.00,0.00
randomArrays,3,538,0.90,0.00,8.00
randomArrays,3,405,0.70,0.00,52.00
randomArrays,3,741,1.65,0.00,36.00
randomArrays,3,88,0.21,0.00,0.00
randomArrays,3,896,1.60,0.00,48.00
randomArrays,3,574,0.96,0.00,0.00
randomArrays,3,34,0.05,0.00,0.00
randomArrays,3,83,0.30,0.00,0.00
randomArrays,3,311,0.64,0.00,0.00
randomArrays,3,168,0.25,0.00,0.00
randomArrays,3,720,1.26,0.00,16.00
randomArrays,3,499,0.83,0.00,12.00
randomArrays,3,280,0.45,0.00,0.00
randomArrays,3,960,1.69,0.00,28.00
randomArrays,3,351,0.58,0.00,0.00
randomArrays,3,840,1.89,0.00,16.00
randomArrays,3,826,1.49,0.00,16.00
randomArrays,3,780,2.15,15.62,92.00
randomArrays,3,592,1.11,0.00,0.00
randomArrays,3,601,1.00,0.00,0.00
randomArrays,3,924,1.66,0.00,104.00
randomArrays,3,630,1.32,0.00,0.00
randomArrays,3,738,1.45,0.00,4.00
randomArrays,3,43,0.11,0.00,0.00
randomArrays,3,546,1.46,0.00,8.00
randomArrays,3,118,0.19,0.00,0.00
randomArrays,3,812,1.41,0.00,24.00
randomArrays,3,636,1.07,0.00,8.00
randomArrays,3,253,0.41,0.00,8.00
randomArrays,3,443,0.83,0.00,0.00
randomArrays,3,292,1.25,0.00,0.00
randomArrays,3,723,1.68,0.00,24.00
randomArrays,3,398,0.91,0.00,52.00
randomArrays,3,368,0.82,0.00,24.00
randomArrays,3,534,0.92,0.00,36.00
randomArrays,3,899,1.80,0.00,80.00
randomArrays,3,137,0.20,0.00,0.00
randomArrays,3,187,0.31,0.00,4.00
randomArrays,3,164,0.27,0.00,8.00
randomArrays,3,735,1.28,0.00,16.00
randomArrays,3,524,0.87,0.00,0.00
randomArrays,3,512,0.83,0.00,0.00
randomArrays,3,15,0.03,0.00,0.00
randomArrays,3,737,2.01,0.00,24.00
randomArrays,3,616,1.07,0.00,0.00
randomArrays,3,349,0.56,0.00,0.00
randomArrays,3,645,1.10,0.00,0.00
randomArrays,3,502,0.83,0.00,8.00
randomArrays,3,932,1.77,0.00,168.00
randomArrays,3,778,1.36,0.00,24.00
randomArrays,3,126,0.19,0.00,0.00
randomArrays,3,836,1.47,0.00,8.00
randomArrays,3,911,2.38,0.00,52.00
randomArrays,3,265,0.48,0.00,12.00
randomArrays,3,694,1.21,0.00,20.00
randomArrays,3,188,0.31,0.00,8.00
randomArrays,3,282,0.47,0.00,0.00
randomArrays,3,347,0.55,0.00,0.00
randomArrays,3,768,1.88,0.00,20.00
randomArrays,3,778,1.68,0.00,0.00
randomArrays,3,549,0.94,0.00,4.00
randomArrays,3,12,0.02,0.00,0.00
randomArrays,3,336,0.76,0.00,8.00
randomArrays,3,949,1.68,0.00,36.00
randomArrays,3,179,0.28,0.00,0.00
randomArrays,3,634,1.10,0.00,24.00
randomArrays,3,38,0.06,0.00,0.00
randomArrays,3,123,0.23,0.00,0.00
randomArrays,3,282,0.57,0.00,0.00
randomArrays,3,452,1.00,0.00,12.00
randomArrays,3,217,0.76,0.00,4.00
randomArrays,3,629,1.06,0.00,0.00
randomArrays,3,275,0.49,0.00,4.00
randomArrays,3,66,0.10,0.00,0.00
randomArrays,3,308,0.50,0.00,0.00
randomArrays,3,809,1.51,0.00,52.00
randomArrays,3,634,1.09,0.00,0.00
randomArrays,3,478,1.15,0.00,8.00
randomArrays,3,336,0.57,0.00,8.00
randomArrays,3,672,1.27,0.00,0.00
randomArrays,3,583,0.98,0.00,0.00
randomArrays,3,413,0.71,0.00,48.00
randomArrays,3,683,1.40,0.00,36.00
randomArrays,3,463,0.77,0.00,20.00
randomArrays,3,267,0.43,0.00,16.00
randomArrays,3,73,0.11,0.00,0.00
randomArrays,3,641,1.37,0.00,16.00
randomArrays,3,827,1.57,0.00,32.00
randomArrays,3,864,1.49,0.00,0.00
randomArrays,3,672,1.16,0.00,8.00
randomArrays,3,948,1.68,0.00,36.00
randomArrays,3,523,0.87,0.00,0.00
randomArrays,3,113,0.33,0.00,0.00
randomArrays,3,855,1.48,0.00,16.00
randomArrays,3,764,1.33,0.00,0.00
randomArrays,3,559,1.02,0.00,0.00
randomArrays,3,256,0.60,0.00,28.00
randomArrays,3,861,1.57,0.00,80.00
randomArrays,3,215,0.35,0.00,0.00
randomArrays,3,610,1.04,0.00,0.00
randomArrays,3,133,0.20,0.00,0.00
randomArrays,3,721,1.25,0.00,40.00
randomArrays,3,826,1.46,0.00,32.00
randomArrays,3,732,2.03,15.62,0.00
randomArrays,3,218,0.95,0.00,0.00
randomArrays,3,897,1.59,0.00,28.00
randomArrays,3,95,0.14,0.00,0.00
randomArrays,3,596,1.06,0.00,48.00
randomArrays,3,333,0.53,0.00,0.00
randomArrays,3,139,0.21,0.00,0.00
randomArrays,3,90,0.13,0.00,0.00
randomArrays,3,724,1.32,0.00,0.00
randomArrays,3,24,0.04,0.00,0.00
randomArrays,3,182,0.30,0.00,8.00
randomArrays,3,440,0.82,0.00,28.00
randomArrays,3,521,0.89,0.00,32.00
randomArrays,3,653,1.21,0.00,24.00
randomArrays,3,422,0.68,0.00,0.00
randomArrays,3,919,1.67,0.00,60.00
randomArrays,3,399,0.64,0.00,0.00
randomArrays,3,148,0.22,0.00,0.00
randomArrays,3,651,1.10,0.00,0.00
randomArrays,3,953,1.70,0.00,60.00
randomArrays,3,205,0.33,0.00,4.00
randomArrays,3,713,1.25,0.00,32.00
randomArrays,3,335,0.56,0.00,8.00
randomArrays,3,800,1.37,0.00,0.00
randomArrays,3,263,0.41,0.00,0.00
randomArrays,3,305,0.48,0.00,0.00
randomArrays,3,772,1.85,0.00,96.00
randomArrays,3,760,1.34,0.00,28.00
randomArrays,3,985,1.75,0.00,60.00
randomArrays,3,468,0.78,0.00,16.00
randomArrays,3,542,1.18,0.00,16.00
randomArrays,3,137,0.21,0.00,0.00
randomArrays,3,877,1.56,0.00,16.00
randomArrays,3,407,0.79,0.00,20.00
randomArrays,3,13,0.02,0.00,0.00
randomArrays,3,857,1.50,0.00,0.00
randomArrays,3,961,1.69,0.00,16.00
randomArrays,3,963,1.72,0.00,0.00
randomArrays,3,792,2.19,0.00,4.00
randomArrays,3,190,0.37,0.00,28.00
randomArrays,3,859,1.55,0.00,92.00
randomArrays,3,989,1.77,0.00,52.00
randomArrays,3,816,1.56,0.00,44.00
randomArrays,3,950,1.73,0.00,40.00
randomArrays,3,241,0.40,0.00,0.00
randomArrays,3,957,1.68,0.00,0.00
randomArrays,3,155,0.23,0.00,0.00
randomArrays,3,625,1.06,0.00,0.00
randomArrays,3,573,0.97,0.00,0.00
randomArrays,3,278,0.43,0.00,0.00
randomArrays,3,67,0.10,0.00,0.00
randomArrays,3,785,1.39,0.00,8.00
randomArrays,3,576,0.96,0.00,0.00
randomArrays,3,949,1.74,0.00,136.00
randomArrays,3,274,0.44,0.00,4.00
randomArrays,3,827,1.45,0.00,28.00
randomArrays,3,246,0.40,0.00,4.00
randomArrays,3,497,0.89,0.00,16.00
randomArrays,3,98,0.14,0.00,0.00
randomArrays,3,87,0.13,0.00,0.00
randomArrays,3,362,0.57,0.00,0.00
randomArrays,3,748,1.29,0.00,12.00
randomArrays,3,553,3.20,0.00,0.00
randomArrays,3,931,1.65,0.00,56.00
randomArrays,3,24,0.04,0.00,0.00
randomArrays,3,836,1.59,0.00,0.00
randomArrays,3,524,0.90,0.00,20.00
randomArrays,3,286,0.45,0.00,0.00
randomArrays,3,379,0.87,0.00,20.00
randomArrays,3,654,1.17,0.00,72.00
randomArrays,3,795,1.52,0.00,20.00
randomArrays,3,335,0.55,0.00,8.00
randomArrays,3,218,0.35,0.00,0.00
randomArrays,3,390,0.66,0.00,16.00
randomArrays,3,80,0.12,0.00,0.00
randomArrays,3,602,1.52,0.00,0.00
randomArrays,3,687,1.17,0.00,8.00
randomArrays,3,573,0.97,0.00,0.00
randomArrays,3,857,1.49,0.00,32.00
randomArrays,3,484,0.80,0.00,0.00
randomArrays,3,633,1.09,0.00,0.00
randomArrays,3,393,0.84,0.00,0.00
randomArrays,3,953,1.84,0.00,48.00
randomArrays,3,718,1.25,0.00,16.00
randomArrays,3,330,0.77,0.00,0.00
randomArrays,3,273,0.63,0.00,44.00
randomArrays,3,323,0.96,0.00,8.00
randomArrays,3,971,1.69,0.00,40.00
randomArrays,3,156,0.24,0.00,0.00
randomArrays,3,971,1.97,15.62,80.00
randomArrays,3,202,0.33,0.00,8.00
randomArrays,3,201,0.31,0.00,0.00
randomArrays,3,230,0.37,0.00,8.00
randomArrays,3,953,2.24,0.00,24.00
randomArrays,3,399,0.65,0.00,0.00
randomArrays,3,354,0.57,0.00,0.00
randomArrays,3,334,0.55,0.00,8.00
randomArrays,3,538,0.93,0.00,8.00
randomArrays,3,238,0.37,0.00,0.00
randomArrays,3,415,0.67,0.00,0.00
randomArrays,3,498,1.15,0.00,12.00
randomArrays,3,193,0.31,0.00,4.00
randomArrays,3,125,0.23,0.00,4.00
randomArrays,3,100,0.20,0.00,0.00
randomArrays,3,742,1.36,15.62,68.00
randomArrays,3,588,1.02,0.00,8.00
randomArrays,3,355,0.57,0.00,0.00
randomArrays,3,923,1.90,0.00,76.00
randomArrays,3,167,0.44,0.00,8.00
randomArrays,3,518,2.80,0.00,12.00
randomArrays,3,649,3.42,0.00,8.00
randomArrays,3,280,1.50,0.00,0.00
randomArrays,3,842,1.46,0.00,0.00
randomArrays,3,586,1.26,0.00,0.00
randomArrays,3,519,0.87,0.00,4.00
randomArrays,3,112,0.18,0.00,0.00
randomArrays,3,320,0.66,0.00,12.00
randomArrays,3,955,1.79,0.00,164.00
randomArrays,3,61,0.10,0.00,0.00
randomArrays,3,709,1.28,0.00,40.00
randomArrays,3,671,1.36,0.00,8.00
randomArrays,3,437,1.16,0.00,0.00
randomArrays,3,917,2.41,0.00,108.00
randomArrays,3,499,0.82,0.00,8.00
randomArrays,3,503,0.82,0.00,0.00
randomArrays,3,676,1.40,0.00,8.00
randomArrays,3,594,1.16,0.00,0.00
randomArrays,3,48,0.07,0.00,0.00
randomArrays,3,590,1.02,0.00,0.00
randomArrays,3,861,1.49,0.00,16.00
randomArrays,3,363,0.59,0.00,0.00
randomArrays,3,969,1.78,0.00,140.00
randomArrays,3,912,1.73,0.00,84.00
randomArrays,3,779,1.35,0.00,12.00
randomArrays,3,301,0.47,0.00,0.00
randomArrays,3,545,1.09,0.00,12.00
randomArrays,3,24,0.04,0.00,0.00
randomArrays,3,953,2.37,15.62,32.00
randomArrays,3,440,0.71,0.00,0.00
randomArrays,3,997,1.75,0.00,28.00
randomArrays,3,661,1.15,0.00,16.00
randomArrays,3,583,0.97,0.00,0.00
randomArrays,3,478,0.78,0.00,0.00
randomArrays,3,220,0.36,0.00,0.00
randomArrays,3,458,0.77,0.00,8.00
randomArrays,3,783,1.35,0.00,16.00
randomArrays,3,554,0.96,0.00,8.00
randomArrays,3,167,0.30,0.00,8.00
randomArrays,3,338,0.70,0.00,8.00
randomArrays,3,321,0.65,0.00,4.00
randomArrays,3,993,2.12,0.00,80.00
randomArrays,3,414,0.68,0.00,12.00
randomArrays,3,630,1.30,0.00,8.00
randomArrays,3,572,0.96,0.00,0.00
randomArrays,3,119,0.18,0.00,0.00
randomArrays,3,852,1.47,0.00,0.00
randomArrays,3,392,0.65,0.00,8.00
randomArrays,3,744,1.31,0.00,28.00
randomArrays,3,767,1.34,0.00,24.00
randomArrays,3,419,0.68,0.00,0.00
randomArrays,3,186,0.28,0.00,0.00
randomArrays,3,498,1.07,0.00,4.00
randomArrays,3,369,0.63,0.00,44.00
randomArrays,3,545,0.95,0.00,36.00
randomArrays,3,585,0.97,0.00,0.00
randomArrays,3,232,0.37,0.00,4.00
randomArrays,3,683,2.10,0.00,24.00
randomArrays,3,373,0.61,0.00,4.00
randomArrays,3,67,0.10,0.00,0.00
randomArrays,3,47,0.10,0.00,0.00
randomArrays,3,353,0.66,0.00,0.00
randomArrays,3,165,0.27,0.00,16.00
randomArrays,3,822,1.59,0.00,24.00
randomArrays,3,207,1.21,0.00,0.00
randomArrays,3,365,0.87,0.00,0.00
randomArrays,3,33,0.07,0.00,0.00
randomArrays,3,324,0.78,0.00,0.00
randomArrays,3,533,1.13,0.00,4.00
randomArrays,3,467,0.79,0.00,12.00
randomArrays,3,653,1.19,0.00,72.00
randomArrays,3,262,0.44,15.62,12.00
randomArrays,3,26,0.04,0.00,0.00
randomArrays,3,705,1.26,0.00,44.00
randomArrays,3,945,1.74,0.00,72.00
randomArrays,3,145,0.23,0.00,0.00
randomArrays,3,987,1.74,15.62,12.00
randomArrays,3,40,0.06,0.00,0.00
randomArrays,3,418,0.69,0.00,0.00
randomArrays,3,20,0.03,0.00,0.00
randomArrays,3,618,1.08,0.00,0.00
randomArrays,3,463,0.83,0.00,20.00
randomArrays,3,310,0.50,0.00,4.00
randomArrays,3,753,1.32,0.00,28.00
randomArrays,3,203,0.40,0.00,8.00
randomArrays,3,756,1.89,15.62,8.00
randomArrays,3,998,2.15,0.00,200.00
randomArrays,3,631,1.09,0.00,12.00
randomArrays,3,788,1.50,0.00,48.00
randomArrays,3,364,0.62,0.00,0.00
randomArrays,3,435,0.70,0.00,0.00
randomArrays,3,379,0.68,0.00,16.00
randomArrays,3,208,0.35,0.00,0.00
randomArrays,3,503,0.83,0.00,0.00
randomArrays,3,97,0.65,0.00,0.00
randomArrays,3,266,0.72,0.00,12.00
randomArrays,3,828,1.65,0.00,0.00
randomArrays,3,319,0.52,0.00,0.00
randomArrays,3,898,1.60,0.00,56.00
randomArrays,3,380,0.62,0.00,4.00
randomArrays,3,450,0.80,0.00,16.00
randomArrays,3,142,0.25,0.00,0.00
randomArrays,3,434,0.80,0.00,8.00
randomArrays,3,96,0.15,0.00,0.00
randomArrays,3,641,1.80,0.00,76.00
randomArrays,3,538,0.94,0.00,12.00
randomArrays,3,502,0.84,0.00,8.00
randomArrays,3,599,1.03,0.00,0.00
randomArrays,3,299,0.48,0.00,0.00
randomArrays,3,620,1.09,15.62,0.00
randomArrays,3,606,1.05,0.00,0.00
randomArrays,3,282,0.47,0.00,4.00
randomArrays,3,205,0.35,0.00,8.00
randomArrays,3,504,0.82,0.00,0.00
randomArrays,3,315,0.52,0.00,0.00
randomArrays,3,739,2.15,0.00,20.00
randomArrays,3,226,0.52,0.00,0.00
randomArrays,3,239,0.61,0.00,0.00
randomArrays,3,656,1.17,0.00,0.00
randomArrays,3,467,0.78,0.00,16.00
randomArrays,3,855,1.51,0.00,72.00
randomArrays,3,12,0.02,0.00,0.00
randomArrays,3,751,1.42,0.00,28.00
randomArrays,3,426,0.72,0.00,0.00
randomArrays,3,735,1.30,0.00,24.00
randomArrays,3,321,0.56,0.00,8.00
randomArrays,3,522,0.90,0.00,16.00
randomArrays,3,888,1.59,0.00,36.00
randomArrays,3,118,0.22,0.00,0.00
randomArrays,3,813,1.63,0.00,20.00
randomArrays,3,547,0.92,0.00,0.00
randomArrays,3,860,1.52,0.00,0.00
randomArrays,3,189,0.35,0.00,4.00
randomArrays,3,668,1.21,0.00,8.00
randomArrays,3,583,0.97,0.00,0.00
randomArrays,3,489,0.98,0.00,4.00
randomArrays,3,414,0.84,0.00,60.00
randomArrays,3,905,1.63,0.00,72.00
randomArrays,3,742,1.30,0.00,36.00
randomArrays,3,358,0.57,0.00,0.00
randomArrays,3,741,1.30,0.00,16.00
randomArrays,3,470,0.80,0.00,20.00
randomArrays,3,111,0.17,0.00,0.00
randomArrays,3,546,0.97,0.00,4.00
randomArrays,3,591,1.67,0.00,0.00
randomArrays,3,884,1.61,0.00,16.00
randomArrays,3,684,1.20,0.00,0.00
randomArrays,3,975,1.75,0.00,16.00
randomArrays,3,739,1.29,0.00,0.00
randomArrays,3,725,1.25,0.00,0.00
randomArrays,3,893,1.67,0.00,120.00
randomArrays,3,16,0.03,0.00,0.00
randomArrays,3,467,0.83,0.00,28.00
randomArrays,3,307,0.51,0.00,0.00
randomArrays,3,235,0.37,0.00,0.00
randomArrays,3,377,0.64,0.00,12.00
randomArrays,3,448,0.76,0.00,8.00
randomArrays,3,999,1.81,0.00,68.00
randomArrays,3,98,0.15,0.00,0.00
randomArrays,3,456,0.80,0.00,12.00
randomArrays,3,118,0.18,0.00,0.00
randomArrays,3,406,0.72,0.00,24.00
randomArrays,3,33,0.05,0.00,0.00
randomArrays,3,517,0.88,0.00,4.00
randomArrays,3,248,0.39,0.00,0.00
randomArrays,3,61,0.09,0.00,0.00
randomArrays,3,547,1.18,0.00,4.00
randomArrays,3,602,1.35,0.00,0.00
randomArrays,3,579,1.01,0.00,36.00
randomArrays,3,972,1.78,0.00,96.00
randomArrays,3,653,1.12,0.00,16.00
randomArrays,3,866,1.56,0.00,40.00
randomArrays,3,417,0.71,0.00,0.00
randomArrays,3,386,0.64,0.00,16.00
randomArrays,3,349,0.57,0.00,0.00
randomArrays,3,598,1.23,0.00,0.00
randomArrays,3,856,2.01,0.00,0.00
randomArrays,3,152,0.41,0.00,0.00
randomArrays,3,436,0.73,0.00,0.00
randomArrays,3,356,0.59,0.00,0.00
randomArrays,3,598,1.04,0.00,0.00
randomArrays,3,578,2.17,15.62,0.00
randomArrays,3,786,1.40,0.00,0.00
randomArrays,3,124,0.20,0.00,8.00
randomArrays,3,439,0.77,0.00,28.00
randomArrays,3,492,2.72,0.00,16.00
randomArrays,3,207,0.32,0.00,0.00
randomArrays,3,100,0.15,0.00,0.00
randomArrays,3,591,1.05,0.00,0.00
randomArrays,3,397,0.70,0.00,8.00
randomArrays,3,295,0.47,0.00,0.00
randomArrays,3,733,1.89,0.00,64.00
randomArrays,3,231,0.51,0.00,4.00
randomArrays,3,565,0.94,0.00,0.00
randomArrays,3,910,1.61,0.00,48.00
randomArrays,3,74,0.22,0.00,0.00
randomArrays,3,647,1.23,0.00,8.00
randomArrays,3,456,0.82,0.00,0.00
randomArrays,3,954,1.68,0.00,36.00
randomArrays,3,495,0.91,0.00,0.00
randomArrays,3,487,0.87,0.00,36.00
randomArrays,3,559,1.02,0.00,16.00
randomArrays,3,512,0.85,0.00,0.00
randomArrays,3,247,0.38,0.00,4.00
randomArrays,3,219,0.34,0.00,0.00
randomArrays,3,839,2.58,0.00,16.00
randomArrays,3,887,1.59,0.00,32.00
randomArrays,3,942,1.75,0.00,28.00
randomArrays,3,920,1.68,0.00,48.00
randomArrays,3,868,2.35,0.00,32.00
randomArrays,3,25,0.04,0.00,0.00
randomArrays,3,174,0.28,0.00,0.00
randomArrays,3,818,1.47,0.00,24.00
randomArrays,3,660,1.14,0.00,12.00
randomArrays,3,592,1.06,0.00,64.00
randomArrays,3,942,1.76,0.00,88.00
randomArrays,3,962,1.75,0.00,20.00
randomArrays,3,254,0.39,0.00,0.00
randomArrays,3,527,0.90,0.00,12.00
randomArrays,3,786,1.69,0.00,8.00
randomArrays,3,179,0.32,0.00,0.00
randomArrays,3,678,1.36,0.00,16.00
randomArrays,3,950,1.76,0.00,16.00
randomArrays,3,538,1.01,0.00,8.00
randomArrays,3,185,0.30,0.00,4.00
randomArrays,3,689,1.29,0.00,0.00
randomArrays,3,161,0.89,0.00,12.00
randomArrays,3,509,0.95,0.00,0.00
randomArrays,3,376,0.74,0.00,4.00
randomArrays,3,766,1.42,0.00,116.00
randomArrays,3,706,1.39,0.00,24.00
randomArrays,3,644,1.12,0.00,12.00
randomArrays,3,758,1.41,0.00,16.00
randomArrays,3,747,1.45,0.00,0.00
randomArrays,3,349,0.58,0.00,0.00
randomArrays,3,574,1.03,0.00,0.00
randomArrays,3,888,1.57,0.00,16.00
randomArrays,3,235,0.38,0.00,0.00
randomArrays,3,653,1.14,0.00,0.00
randomArrays,3,630,1.08,0.00,0.00
randomArrays,3,76,0.11,0.00,0.00
randomArrays,3,436,0.72,0.00,0.00
randomArrays,3,771,1.36,0.00,8.00
randomArrays,3,217,0.33,0.00,0.00
randomArrays,3,419,0.90,0.00,0.00
randomArrays,3,860,2.01,0.00,100.00
randomArrays,3,288,0.47,0.00,0.00
randomArrays,3,280,0.45,0.00,0.00
randomArrays,3,242,0.40,0.00,0.00
randomArrays,3,602,1.06,0.00,0.00
randomArrays,3,44,0.06,0.00,0.00
randomArrays,3,547,1.10,0.00,12.00
randomArrays,3,860,1.57,0.00,16.00
randomArrays,3,737,1.30,0.00,24.00
randomArrays,3,738,1.34,0.00,0.00
randomArrays,3,725,1.80,0.00,0.00
randomArrays,3,684,1.26,0.00,4.00
randomArrays,3,233,0.44,0.00,8.00
randomArrays,3,342,0.55,0.00,0.00
randomArrays,3,855,1.50,0.00,0.00
randomArrays,3,861,1.60,0.00,152.00
randomArrays,3,566,0.99,0.00,4.00
randomArrays,3,406,0.68,0.00,20.00
randomArrays,3,192,0.31,0.00,4.00
randomArrays,3,850,1.47,0.00,16.00
randomArrays,3,609,1.01,0.00,0.00
randomArrays,3,18,0.03,0.00,0.00
randomArrays,3,482,0.83,0.00,0.00
randomArrays,3,264,0.57,0.00,12.00
randomArrays,3,319,0.53,0.00,8.00
randomArrays,3,252,0.41,0.00,8.00
randomArrays,3,342,0.57,0.00,8.00
randomArrays,3,252,0.40,0.00,0.00
randomArrays,3,205,0.33,0.00,0.00
randomArrays,3,942,1.67,0.00,40.00
randomArrays,3,744,1.31,0.00,4.00
randomArrays,3,537,0.97,0.00,8.00
randomArrays,3,501,0.96,0.00,88.00
randomArrays,3,853,1.51,0.00,40.00
randomArrays,3,341,0.58,0.00,0.00
randomArrays,3,800,1.42,0.00,0.00
randomArrays,3,857,1.58,0.00,32.00
randomArrays,3,427,0.70,0.00,0.00
randomArrays,3,647,1.58,0.00,12.00
randomArrays,3,76,0.12,0.00,0.00
randomArrays,3,677,1.15,0.00,24.00
randomArrays,3,579,1.16,0.00,0.00
randomArrays,3,731,1.28,0.00,40.00
randomArrays,3,704,1.22,0.00,0.00
randomArrays,3,266,0.42,0.00,0.00
randomArrays,3,961,1.70,0.00,44.00
randomArrays,3,263,0.41,0.00,4.00
randomArrays,3,434,0.76,0.00,64.00
randomArrays,3,484,0.81,0.00,8.00
randomArrays,3,163,0.26,0.00,8.00
randomArrays,3,984,2.87,0.00,52.00
randomArrays,3,211,0.46,0.00,0.00
randomArrays,3,185,0.29,0.00,8.00
randomArrays,3,467,0.81,0.00,28.00
randomArrays,3,214,0.36,0.00,0.00
randomArrays,3,35,0.05,0.00,0.00
randomArrays,3,141,0.25,0.00,0.00
randomArrays,3,559,0.95,0.00,0.00
randomArrays,3,706,1.29,0.00,40.00
randomArrays,3,68,0.11,0.00,0.00
randomArrays,3,12,0.02,0.00,0.00
randomArrays,3,405,0.68,0.00,20.00
randomArrays,3,288,0.46,0.00,0.00
randomArrays,3,955,1.75,0.00,36.00
randomArrays,3,50,0.07,0.00,0.00
randomArrays,3,752,1.35,0.00,100.00
randomArrays,3,695,1.23,0.00,16.00
randomArrays,3,186,0.29,0.00,0.00
randomArrays,3,737,1.33,0.00,16.00
randomArrays,3,948,2.09,0.00,28.00
randomArrays,3,151,0.23,0.00,0.00
randomArrays,3,46,0.07,0.00,0.00
randomArrays,3,968,1.81,0.00,0.00
randomArrays,3,333,0.59,0.00,8.00
randomArrays,3,189,0.31,0.00,4.00
randomArrays,3,190,0.32,0.00,8.00
randomArrays,3,589,1.05,0.00,0.00
randomArrays,3,230,0.39,0.00,8.00
randomArrays,3,535,1.00,0.00,20.00
randomArrays,3,189,0.31,0.00,4.00
randomArrays,3,948,1.68,0.00,0.00
randomArrays,3,834,1.76,0.00,68.00
randomArrays,3,273,0.81,0.00,4.00
randomArrays,3,773,1.45,0.00,48.00
randomArrays,3,342,0.58,0.00,8.00
randomArrays,3,995,1.86,0.00,28.00
randomArrays,3,221,0.36,0.00,0.00
randomArrays,3,519,0.92,0.00,8.00
randomArrays,3,479,0.84,0.00,12.00
randomArrays,3,155,0.25,0.00,0.00
randomArrays,3,756,1.33,0.00,24.00
randomArrays,3,658,1.14,0.00,16.00
randomArrays,3,213,0.34,0.00,0.00
randomArrays,3,467,0.80,0.00,12.00
randomArrays,3,191,0.29,0.00,0.00
randomArrays,3,744,1.34,0.00,0.00
randomArrays,3,122,0.18,0.00,0.00
randomArrays,3,178,0.28,0.00,8.00
randomArrays,3,760,1.50,0.00,64.00
randomArrays,3,524,0.96,0.00,24.00
randomArrays,3,264,0.46,0.00,0.00
randomArrays,3,733,1.35,0.00,24.00
randomArrays,3,759,1.34,0.00,16.00
randomArrays,3,177,0.39,0.00,0.00
randomArrays,3,53,0.10,0.00,0.00
randomArrays,3,429,0.99,0.00,0.00
randomArrays,3,508,0.84,0.00,0.00
randomArrays,3,919,1.68,0.00,48.00
randomArrays,3,412,0.71,0.00,16.00
randomArrays,3,503,0.83,0.00,8.00
randomArrays,3,115,0.23,0.00,0.00
randomArrays,3,851,1.53,0.00,0.00
randomArrays,3,848,1.50,0.00,0.00
randomArrays,3,652,1.17,0.00,20.00
randomArrays,3,693,1.41,0.00,24.00
randomArrays,3,662,1.16,0.00,8.00
randomArrays,3,815,1.45,0.00,28.00
randomArrays,3,679,1.16,0.00,16.00
randomArrays,3,141,0.21,0.00,0.00
randomArrays,3,458,0.78,0.00,20.00
randomArrays,3,378,0.77,0.00,12.00
randomArrays,3,662,1.18,0.00,8.00
randomArrays,3,809,1.91,0.00,20.00
randomArrays,3,960,1.73,0.00,32.00
randomArrays,3,454,0.74,0.00,0.00
randomArrays,3,513,0.89,0.00,8.00
randomArrays,3,965,1.73,0.00,32.00
randomArrays,3,855,1.52,0.00,108.00
randomArrays,3,257,0.42,0.00,12.00
randomArrays,3,932,1.75,0.00,64.00
randomArrays,3,112,0.18,0.00,0.00
randomArrays,3,264,0.46,0.00,4.00
randomArrays,3,404,0.69,0.00,20.00
randomArrays,3,830,1.49,0.00,36.00
randomArrays,3,115,0.17,0.00,0.00
randomArrays,3,906,1.64,0.00,44.00
