dataset,run,arraylength,time,cputime,memory
randomArrays,1,469,3.93,0.00,0.00
randomArrays,1,783,12.15,0.00,0.00
randomArrays,1,464,4.28,0.00,0.00
randomArrays,1,267,1.20,0.00,0.00
randomArrays,1,828,16.31,15.62,0.00
randomArrays,1,607,7.06,0.00,0.00
randomArrays,1,319,1.73,0.00,0.00
randomArrays,1,431,3.32,0.00,0.00
randomArrays,1,941,16.90,15.62,0.00
randomArrays,1,937,16.69,15.62,0.00
randomArrays,1,619,6.99,0.00,0.00
randomArrays,1,370,2.39,0.00,0.00
randomArrays,1,478,4.05,15.62,0.00
randomArrays,1,107,0.23,0.00,0.00
randomArrays,1,910,15.86,15.62,0.00
randomArrays,1,381,2.44,0.00,0.00
randomArrays,1,699,9.09,15.62,0.00
randomArrays,1,452,3.70,0.00,0.00
randomArrays,1,882,14.42,15.62,0.00
randomArrays,1,697,9.37,15.62,0.00
randomArrays,1,39,0.04,0.00,0.00
randomArrays,1,382,3.09,0.00,0.00
randomArrays,1,980,18.16,31.25,0.00
randomArrays,1,202,1.17,0.00,0.00
randomArrays,1,674,8.86,0.00,0.00
randomArrays,1,184,0.53,0.00,0.00
randomArrays,1,853,13.06,15.62,0.00
randomArrays,1,101,0.18,0.00,0.00
randomArrays,1,329,2.24,0.00,0.00
randomArrays,1,837,14.95,15.62,0.00
randomArrays,1,952,17.66,15.62,0.00
randomArrays,1,676,8.27,0.00,0.00
randomArrays,1,248,1.61,0.00,0.00
randomArrays,1,845,29.09,31.25,0.00
randomArrays,1,707,12.38,0.00,0.00
randomArrays,1,458,3.84,0.00,0.00
randomArrays,1,219,0.75,0.00,0.00
randomArrays,1,268,1.18,0.00,0.00
randomArrays,1,201,0.63,0.00,0.00
randomArrays,1,520,5.19,0.00,0.00
randomArrays,1,832,17.80,15.62,0.00
randomArrays,1,800,19.91,31.25,0.00
randomArrays,1,753,10.30,15.62,0.00
randomArrays,1,286,1.46,0.00,0.00
randomArrays,1,841,13.15,15.62,0.00
randomArrays,1,240,0.86,0.00,0.00
randomArrays,1,370,2.94,0.00,0.00
randomArrays,1,287,1.29,0.00,0.00
randomArrays,1,89,0.14,0.00,0.00
randomArrays,1,881,16.36,15.62,0.00
randomArrays,1,187,0.53,0.00,0.00
randomArrays,1,373,2.40,15.62,0.00
randomArrays,1,194,0.59,0.00,0.00
randomArrays,1,382,2.52,0.00,0.00
randomArrays,1,826,12.68,15.62,0.00
randomArrays,1,781,11.36,0.00,0.00
randomArrays,1,814,12.31,0.00,0.00
randomArrays,1,525,4.81,0.00,0.00
randomArrays,1,136,0.39,0.00,0.00
randomArrays,1,454,4.32,0.00,0.00
randomArrays,1,563,5.62,0.00,0.00
randomArrays,1,226,0.80,0.00,0.00
randomArrays,1,345,2.05,0.00,0.00
randomArrays,1,514,5.07,0.00,0.00
randomArrays,1,871,14.14,15.62,0.00
randomArrays,1,939,19.21,31.25,0.00
randomArrays,1,397,2.74,0.00,0.00
randomArrays,1,429,3.71,0.00,0.00
randomArrays,1,421,3.19,0.00,0.00
randomArrays,1,747,10.93,0.00,0.00
randomArrays,1,19,0.02,0.00,0.00
randomArrays,1,74,0.10,0.00,0.00
randomArrays,1,259,1.16,0.00,0.00
randomArrays,1,846,15.08,15.62,36.00
randomArrays,1,789,12.14,0.00,0.00
randomArrays,1,671,8.66,0.00,0.00
randomArrays,1,368,3.56,15.62,0.00
randomArrays,1,448,3.79,0.00,0.00
randomArrays,1,237,0.86,0.00,0.00
randomArrays,1,627,7.22,15.62,0.00
randomArrays,1,584,6.21,0.00,0.00
randomArrays,1,328,1.76,0.00,0.00
randomArrays,1,606,6.46,0.00,0.00
randomArrays,1,563,5.57,15.62,0.00
randomArrays,1,774,10.73,15.62,0.00
randomArrays,1,206,0.64,0.00,0.00
randomArrays,1,907,15.46,15.62,0.00
randomArrays,1,37,0.03,0.00,0.00
randomArrays,1,878,14.54,15.62,0.00
randomArrays,1,284,1.30,0.00,0.00
randomArrays,1,853,13.50,15.62,0.00
randomArrays,1,247,0.94,15.62,0.00
randomArrays,1,241,0.87,0.00,0.00
randomArrays,1,348,2.02,0.00,0.00
randomArrays,1,814,12.31,15.62,0.00
randomArrays,1,245,0.89,0.00,0.00
randomArrays,1,335,1.84,0.00,0.00
randomArrays,1,497,4.28,0.00,0.00
randomArrays,1,280,1.26,0.00,0.00
randomArrays,1,664,10.25,0.00,0.00
randomArrays,1,523,4.80,0.00,0.00
randomArrays,1,841,13.56,15.62,0.00
randomArrays,1,290,1.33,0.00,0.00
randomArrays,1,158,0.41,0.00,0.00
randomArrays,1,783,13.53,15.62,0.00
randomArrays,1,638,7.66,15.62,0.00
randomArrays,1,314,1.59,0.00,0.00
randomArrays,1,484,4.60,0.00,0.00
randomArrays,1,972,17.49,15.62,0.00
randomArrays,1,652,7.59,0.00,0.00
randomArrays,1,543,5.32,0.00,0.00
randomArrays,1,487,4.41,0.00,0.00
randomArrays,1,686,8.66,0.00,0.00
randomArrays,1,183,0.57,0.00,0.00
randomArrays,1,572,6.91,15.62,0.00
randomArrays,1,747,11.51,0.00,0.00
randomArrays,1,780,11.11,0.00,0.00
randomArrays,1,828,12.73,0.00,0.00
randomArrays,1,591,6.59,0.00,0.00
randomArrays,1,415,3.03,0.00,0.00
randomArrays,1,648,7.58,0.00,0.00
randomArrays,1,204,0.65,0.00,0.00
randomArrays,1,510,4.87,0.00,0.00
randomArrays,1,422,3.10,0.00,0.00
randomArrays,1,541,5.47,15.62,0.00
randomArrays,1,875,14.65,15.62,0.00
randomArrays,1,742,10.71,15.62,0.00
randomArrays,1,384,2.70,0.00,0.00
randomArrays,1,266,1.16,0.00,0.00
randomArrays,1,137,0.30,0.00,0.00
randomArrays,1,970,17.53,15.62,0.00
randomArrays,1,685,8.51,0.00,0.00
randomArrays,1,665,8.48,15.62,0.00
randomArrays,1,319,1.64,0.00,0.00
randomArrays,1,808,12.55,15.62,0.00
randomArrays,1,143,0.40,0.00,0.00
randomArrays,1,147,0.35,0.00,0.00
randomArrays,1,929,16.25,15.62,0.00
randomArrays,1,906,15.95,15.62,0.00
randomArrays,1,425,3.14,0.00,0.00
randomArrays,1,736,10.64,15.62,0.00
randomArrays,1,65,0.09,0.00,0.00
randomArrays,1,305,1.52,0.00,0.00
randomArrays,1,194,0.58,0.00,0.00
randomArrays,1,545,6.29,15.62,0.00
randomArrays,1,49,0.05,0.00,0.00
randomArrays,1,731,10.05,15.62,0.00
randomArrays,1,712,9.28,15.62,0.00
randomArrays,1,732,10.15,15.62,0.00
randomArrays,1,57,0.11,0.00,0.00
randomArrays,1,983,18.17,15.62,0.00
randomArrays,1,345,2.00,0.00,0.00
randomArrays,1,152,0.36,0.00,0.00
randomArrays,1,963,17.29,31.25,0.00
randomArrays,1,544,5.17,0.00,0.00
randomArrays,1,870,13.55,0.00,0.00
randomArrays,1,557,5.53,15.62,0.00
randomArrays,1,168,0.45,0.00,0.00
randomArrays,1,373,3.23,0.00,0.00
randomArrays,1,416,3.05,0.00,0.00
randomArrays,1,942,16.30,15.62,0.00
randomArrays,1,966,17.20,15.62,0.00
randomArrays,1,363,2.69,15.62,0.00
randomArrays,1,955,17.08,15.62,0.00
randomArrays,1,626,7.58,0.00,0.00
randomArrays,1,948,16.50,15.62,0.00
randomArrays,1,193,0.57,0.00,0.00
randomArrays,1,361,2.17,0.00,0.00
randomArrays,1,195,0.58,0.00,0.00
randomArrays,1,905,17.04,15.62,0.00
randomArrays,1,105,0.19,0.00,0.00
randomArrays,1,750,11.90,0.00,0.00
randomArrays,1,565,5.59,0.00,0.00
randomArrays,1,538,5.04,0.00,0.00
randomArrays,1,488,4.77,0.00,0.00
randomArrays,1,30,0.03,0.00,0.00
randomArrays,1,554,5.51,15.62,0.00
randomArrays,1,407,2.85,0.00,0.00
randomArrays,1,958,19.22,15.62,0.00
randomArrays,1,137,0.30,0.00,0.00
randomArrays,1,101,0.17,0.00,0.00
randomArrays,1,633,7.25,15.62,0.00
randomArrays,1,44,0.05,0.00,0.00
randomArrays,1,738,11.70,0.00,0.00
randomArrays,1,763,11.27,0.00,0.00
randomArrays,1,319,1.64,0.00,0.00
randomArrays,1,682,8.82,15.62,0.00
randomArrays,1,820,12.98,0.00,0.00
randomArrays,1,896,14.80,15.62,0.00
randomArrays,1,712,17.27,15.62,0.00
randomArrays,1,554,16.06,15.62,0.00
randomArrays,1,940,16.94,15.62,0.00
randomArrays,1,787,11.28,0.00,0.00
randomArrays,1,255,1.95,0.00,0.00
randomArrays,1,135,0.63,0.00,0.00
randomArrays,1,546,7.07,0.00,0.00
randomArrays,1,643,7.89,15.62,0.00
randomArrays,1,197,1.28,0.00,0.00
randomArrays,1,643,8.00,0.00,0.00
randomArrays,1,858,14.13,15.62,0.00
randomArrays,1,134,0.29,0.00,0.00
randomArrays,1,133,0.37,0.00,0.00
randomArrays,1,317,1.89,0.00,0.00
randomArrays,1,312,2.09,0.00,0.00
randomArrays,1,160,0.94,0.00,0.00
randomArrays,1,838,14.16,15.62,0.00
randomArrays,1,316,2.28,0.00,0.00
randomArrays,1,111,0.21,0.00,0.00
randomArrays,1,530,5.56,0.00,0.00
randomArrays,1,827,12.66,15.62,0.00
randomArrays,1,994,19.11,15.62,0.00
randomArrays,1,348,2.01,0.00,0.00
randomArrays,1,652,8.24,15.62,0.00
randomArrays,1,339,2.29,0.00,0.00
randomArrays,1,908,14.78,15.62,0.00
randomArrays,1,655,8.08,0.00,0.00
randomArrays,1,899,16.10,15.62,0.00
randomArrays,1,377,5.49,0.00,0.00
randomArrays,1,793,16.65,15.62,0.00
randomArrays,1,12,0.01,0.00,0.00
randomArrays,1,236,0.83,0.00,0.00
randomArrays,1,851,13.50,0.00,0.00
randomArrays,1,462,4.18,0.00,0.00
randomArrays,1,49,0.05,0.00,0.00
randomArrays,1,649,7.80,0.00,0.00
randomArrays,1,299,1.87,0.00,0.00
randomArrays,1,796,11.35,15.62,0.00
randomArrays,1,227,1.38,0.00,0.00
randomArrays,1,929,24.07,31.25,0.00
randomArrays,1,166,0.49,0.00,0.00
randomArrays,1,277,1.28,0.00,0.00
randomArrays,1,179,0.54,0.00,0.00
randomArrays,1,809,12.96,15.62,0.00
randomArrays,1,232,0.80,0.00,0.00
randomArrays,1,247,0.91,0.00,0.00
randomArrays,1,99,0.17,0.00,0.00
randomArrays,1,649,9.02,15.62,0.00
randomArrays,1,15,0.01,0.00,0.00
randomArrays,1,646,7.62,0.00,0.00
randomArrays,1,463,3.82,15.62,0.00
randomArrays,1,587,6.25,0.00,0.00
randomArrays,1,898,15.02,15.62,0.00
randomArrays,1,643,8.35,0.00,0.00
randomArrays,1,840,12.95,15.62,0.00
randomArrays,1,708,18.03,15.62,0.00
randomArrays,1,214,0.75,0.00,0.00
randomArrays,1,565,6.16,0.00,0.00
randomArrays,1,157,0.39,0.00,0.00
randomArrays,1,265,1.15,0.00,0.00
randomArrays,1,171,0.49,0.00,0.00
randomArrays,1,136,0.32,0.00,0.00
randomArrays,1,290,1.33,0.00,0.00
randomArrays,1,96,0.16,0.00,0.00
randomArrays,1,11,0.01,0.00,0.00
randomArrays,1,311,1.56,0.00,0.00
randomArrays,1,566,5.70,15.62,0.00
randomArrays,1,328,1.77,15.62,0.00
randomArrays,1,358,2.35,0.00,0.00
randomArrays,1,674,8.27,15.62,0.00
randomArrays,1,490,4.40,0.00,0.00
randomArrays,1,36,0.03,0.00,0.00
randomArrays,1,408,3.01,0.00,0.00
randomArrays,1,49,0.06,0.00,0.00
randomArrays,1,581,6.85,0.00,0.00
randomArrays,1,879,14.32,15.62,0.00
randomArrays,1,61,0.07,0.00,0.00
randomArrays,1,656,8.09,15.62,0.00
randomArrays,1,411,2.94,0.00,0.00
randomArrays,1,361,2.25,0.00,0.00
randomArrays,1,994,18.50,15.62,0.00
randomArrays,1,416,3.02,0.00,0.00
randomArrays,1,966,17.38,15.62,0.00
randomArrays,1,92,0.15,0.00,0.00
randomArrays,1,429,3.24,15.62,0.00
randomArrays,1,658,8.90,0.00,0.00
randomArrays,1,877,14.54,0.00,0.00
randomArrays,1,780,11.33,15.62,0.00
randomArrays,1,669,8.94,15.62,0.00
randomArrays,1,394,2.86,0.00,0.00
randomArrays,1,892,14.63,15.62,0.00
randomArrays,1,180,0.50,0.00,0.00
randomArrays,1,829,14.49,15.62,0.00
randomArrays,1,255,1.00,0.00,0.00
randomArrays,1,374,2.36,0.00,0.00
randomArrays,1,37,0.03,0.00,0.00
randomArrays,1,919,15.66,15.62,0.00
randomArrays,1,850,13.77,15.62,0.00
randomArrays,1,930,16.22,15.62,0.00
randomArrays,1,419,3.22,15.62,0.00
randomArrays,1,720,9.25,0.00,0.00
randomArrays,1,378,2.39,0.00,0.00
randomArrays,1,815,12.75,15.62,0.00
randomArrays,1,566,6.85,15.62,0.00
randomArrays,1,623,21.11,15.62,0.00
randomArrays,1,597,6.76,15.62,0.00
randomArrays,1,148,0.34,0.00,0.00
randomArrays,1,580,6.15,0.00,0.00
randomArrays,1,244,0.88,0.00,0.00
randomArrays,1,703,9.79,15.62,0.00
randomArrays,1,743,9.82,0.00,0.00
randomArrays,1,923,15.93,15.62,0.00
randomArrays,1,284,1.26,0.00,0.00
randomArrays,1,35,0.03,0.00,0.00
randomArrays,1,941,16.90,15.62,0.00
randomArrays,1,39,0.04,0.00,0.00
randomArrays,1,276,1.40,0.00,0.00
randomArrays,1,494,5.08,0.00,0.00
randomArrays,1,547,5.67,0.00,0.00
randomArrays,1,837,12.99,0.00,0.00
randomArrays,1,183,0.51,0.00,0.00
randomArrays,1,360,2.17,0.00,0.00
randomArrays,1,627,6.98,0.00,0.00
randomArrays,1,833,13.12,15.62,0.00
randomArrays,1,491,4.18,0.00,0.00
randomArrays,1,623,7.51,15.62,0.00
randomArrays,1,850,13.39,0.00,0.00
randomArrays,1,35,0.03,0.00,0.00
randomArrays,1,584,6.70,0.00,0.00
randomArrays,1,34,0.03,0.00,0.00
randomArrays,1,335,1.84,0.00,0.00
randomArrays,1,145,0.33,0.00,0.00
randomArrays,1,61,0.07,0.00,0.00
randomArrays,1,88,0.26,0.00,0.00
randomArrays,1,442,5.63,0.00,0.00
randomArrays,1,729,12.82,15.62,0.00
randomArrays,1,312,1.57,0.00,0.00
randomArrays,1,620,6.76,0.00,0.00
randomArrays,1,77,0.11,0.00,0.00
randomArrays,1,784,10.95,0.00,0.00
randomArrays,1,720,9.79,0.00,0.00
randomArrays,1,796,11.86,0.00,0.00
randomArrays,1,81,0.12,0.00,0.00
randomArrays,1,900,15.47,15.62,0.00
randomArrays,1,570,5.68,0.00,0.00
randomArrays,1,749,10.74,0.00,0.00
randomArrays,1,723,10.26,0.00,0.00
randomArrays,1,54,0.06,0.00,0.00
randomArrays,1,261,1.02,0.00,0.00
randomArrays,1,831,12.64,15.62,0.00
randomArrays,1,133,0.28,0.00,0.00
randomArrays,1,165,1.94,0.00,0.00
randomArrays,1,441,3.36,0.00,0.00
randomArrays,1,782,11.51,0.00,0.00
randomArrays,1,384,2.53,0.00,0.00
randomArrays,1,283,1.24,0.00,0.00
randomArrays,1,71,0.10,0.00,0.00
randomArrays,1,374,2.59,0.00,0.00
randomArrays,1,204,0.63,0.00,0.00
randomArrays,1,437,3.28,0.00,0.00
randomArrays,1,662,11.70,0.00,0.00
randomArrays,1,821,12.99,0.00,0.00
randomArrays,1,198,0.60,0.00,0.00
randomArrays,1,776,11.57,15.62,0.00
randomArrays,1,124,0.25,0.00,0.00
randomArrays,1,202,0.62,0.00,0.00
randomArrays,1,806,31.80,31.25,0.00
randomArrays,1,448,3.53,0.00,0.00
randomArrays,1,383,3.15,0.00,0.00
randomArrays,1,992,18.21,15.62,0.00
randomArrays,1,714,9.16,0.00,0.00
randomArrays,1,528,4.89,15.62,0.00
randomArrays,1,137,0.30,0.00,0.00
randomArrays,1,122,0.28,0.00,0.00
randomArrays,1,883,20.28,15.62,0.00
randomArrays,1,614,7.14,15.62,0.00
randomArrays,1,841,13.19,15.62,0.00
randomArrays,1,471,4.33,0.00,0.00
randomArrays,1,871,13.99,15.62,0.00
randomArrays,1,938,16.74,15.62,0.00
randomArrays,1,238,0.86,0.00,0.00
randomArrays,1,772,11.41,0.00,0.00
randomArrays,1,334,1.87,0.00,0.00
randomArrays,1,274,1.82,0.00,0.00
randomArrays,1,385,2.98,0.00,0.00
randomArrays,1,455,3.61,0.00,0.00
randomArrays,1,202,0.62,0.00,0.00
randomArrays,1,349,2.02,0.00,0.00
randomArrays,1,170,0.45,0.00,0.00
randomArrays,1,365,2.22,0.00,0.00
randomArrays,1,921,15.59,15.62,0.00
randomArrays,1,368,2.53,0.00,0.00
randomArrays,1,851,13.94,15.62,0.00
randomArrays,1,736,9.81,0.00,0.00
randomArrays,1,64,0.17,0.00,0.00
randomArrays,1,371,2.49,0.00,0.00
randomArrays,1,962,17.28,15.62,0.00
randomArrays,1,758,10.84,15.62,0.00
randomArrays,1,565,5.57,0.00,0.00
randomArrays,1,246,0.90,0.00,0.00
randomArrays,1,390,2.58,0.00,0.00
randomArrays,1,833,13.32,15.62,0.00
randomArrays,1,359,2.14,15.62,0.00
randomArrays,1,647,8.07,0.00,0.00
randomArrays,1,830,12.41,15.62,0.00
randomArrays,1,790,11.24,0.00,0.00
randomArrays,1,789,11.72,0.00,0.00
randomArrays,1,33,0.03,0.00,0.00
randomArrays,1,324,1.84,0.00,0.00
randomArrays,1,460,3.91,0.00,0.00
randomArrays,1,660,8.18,0.00,0.00
randomArrays,1,553,5.43,15.62,0.00
randomArrays,1,181,0.51,0.00,0.00
randomArrays,1,106,0.22,0.00,0.00
randomArrays,1,198,0.69,0.00,0.00
randomArrays,1,795,12.18,15.62,0.00
randomArrays,1,149,0.35,0.00,0.00
randomArrays,1,42,0.04,0.00,0.00
randomArrays,1,538,6.44,15.62,0.00
randomArrays,1,405,2.95,0.00,0.00
randomArrays,1,741,10.28,15.62,0.00
randomArrays,1,88,0.14,0.00,0.00
randomArrays,1,896,14.74,15.62,0.00
randomArrays,1,574,6.34,0.00,0.00
randomArrays,1,34,0.03,0.00,0.00
randomArrays,1,83,0.12,0.00,0.00
randomArrays,1,311,1.66,15.62,0.00
randomArrays,1,168,0.44,0.00,0.00
randomArrays,1,720,10.20,0.00,0.00
randomArrays,1,499,4.34,0.00,0.00
randomArrays,1,280,1.22,15.62,0.00
randomArrays,1,960,16.79,15.62,0.00
randomArrays,1,351,2.18,0.00,0.00
randomArrays,1,840,13.55,15.62,0.00
randomArrays,1,826,12.23,0.00,0.00
randomArrays,1,780,11.14,0.00,0.00
randomArrays,1,592,6.75,0.00,0.00
randomArrays,1,601,7.64,15.62,0.00
randomArrays,1,924,15.71,15.62,0.00
randomArrays,1,630,13.61,15.62,0.00
randomArrays,1,738,10.18,15.62,0.00
randomArrays,1,43,0.04,0.00,0.00
randomArrays,1,546,5.83,0.00,0.00
randomArrays,1,118,0.25,0.00,0.00
randomArrays,1,812,18.59,0.00,0.00
randomArrays,1,636,7.15,0.00,0.00
randomArrays,1,253,1.03,0.00,0.00
randomArrays,1,443,3.47,0.00,0.00
randomArrays,1,292,1.37,0.00,0.00
randomArrays,1,723,9.74,15.62,0.00
randomArrays,1,398,2.91,0.00,0.00
randomArrays,1,368,2.39,0.00,0.00
randomArrays,1,534,4.99,0.00,0.00
randomArrays,1,899,14.97,0.00,0.00
randomArrays,1,137,0.30,0.00,0.00
randomArrays,1,187,0.53,0.00,0.00
randomArrays,1,164,0.42,0.00,0.00
randomArrays,1,735,12.23,15.62,0.00
randomArrays,1,524,5.98,15.62,0.00
randomArrays,1,512,4.62,0.00,0.00
randomArrays,1,15,0.02,0.00,0.00
randomArrays,1,737,10.11,15.62,0.00
randomArrays,1,616,7.21,15.62,0.00
randomArrays,1,349,2.01,15.62,0.00
randomArrays,1,645,8.07,0.00,0.00
randomArrays,1,502,5.04,0.00,0.00
randomArrays,1,932,15.94,15.62,0.00
randomArrays,1,778,11.15,15.62,0.00
randomArrays,1,126,0.26,0.00,0.00
randomArrays,1,836,12.95,15.62,0.00
randomArrays,1,911,15.65,15.62,0.00
randomArrays,1,265,1.07,0.00,0.00
randomArrays,1,694,9.57,15.62,0.00
randomArrays,1,188,0.55,0.00,0.00
randomArrays,1,282,1.24,0.00,0.00
randomArrays,1,347,2.14,0.00,0.00
randomArrays,1,768,11.52,0.00,0.00
randomArrays,1,778,11.15,0.00,0.00
randomArrays,1,549,5.79,0.00,0.00
randomArrays,1,12,0.01,0.00,0.00
randomArrays,1,336,2.08,0.00,0.00
randomArrays,1,949,17.42,15.62,0.00
randomArrays,1,179,0.49,0.00,0.00
randomArrays,1,634,7.86,0.00,0.00
randomArrays,1,38,0.06,0.00,0.00
randomArrays,1,123,0.26,0.00,0.00
randomArrays,1,282,1.33,0.00,0.00
randomArrays,1,452,3.79,15.62,0.00
randomArrays,1,217,0.76,0.00,0.00
randomArrays,1,629,8.59,15.62,0.00
randomArrays,1,275,2.09,0.00,0.00
randomArrays,1,66,0.10,0.00,0.00
randomArrays,1,308,1.51,0.00,0.00
randomArrays,1,809,12.43,15.62,0.00
randomArrays,1,634,7.41,0.00,0.00
randomArrays,1,478,4.02,15.62,0.00
randomArrays,1,336,1.86,0.00,0.00
randomArrays,1,672,8.01,0.00,0.00
randomArrays,1,583,5.98,0.00,0.00
randomArrays,1,413,2.90,0.00,0.00
randomArrays,1,683,8.74,0.00,0.00
randomArrays,1,463,4.18,15.62,0.00
randomArrays,1,267,1.08,0.00,0.00
randomArrays,1,73,0.10,0.00,0.00
randomArrays,1,641,7.40,0.00,0.00
randomArrays,1,827,12.51,15.62,0.00
randomArrays,1,864,14.62,15.62,0.00
randomArrays,1,672,8.41,15.62,0.00
randomArrays,1,948,17.70,15.62,0.00
randomArrays,1,523,4.81,0.00,0.00
randomArrays,1,113,0.21,0.00,0.00
randomArrays,1,855,13.17,15.62,0.00
randomArrays,1,764,10.88,15.62,0.00
randomArrays,1,559,5.93,15.62,0.00
randomArrays,1,256,1.53,0.00,0.00
randomArrays,1,861,13.55,15.62,0.00
randomArrays,1,215,1.18,0.00,0.00
randomArrays,1,610,7.03,15.62,0.00
randomArrays,1,133,0.31,0.00,0.00
randomArrays,1,721,14.33,15.62,0.00
randomArrays,1,826,13.10,15.62,0.00
randomArrays,1,732,9.94,15.62,0.00
randomArrays,1,218,0.72,0.00,0.00
randomArrays,1,897,15.63,15.62,0.00
randomArrays,1,95,0.16,0.00,0.00
randomArrays,1,596,8.96,15.62,0.00
randomArrays,1,333,1.89,0.00,0.00
randomArrays,1,139,0.70,0.00,0.00
randomArrays,1,90,0.16,0.00,0.00
randomArrays,1,724,10.14,15.62,0.00
randomArrays,1,24,0.05,0.00,0.00
randomArrays,1,182,0.51,0.00,0.00
randomArrays,1,440,3.60,0.00,0.00
randomArrays,1,521,5.40,15.62,0.00
randomArrays,1,653,8.95,15.62,0.00
randomArrays,1,422,3.47,0.00,0.00
randomArrays,1,919,16.47,15.62,0.00
randomArrays,1,399,3.19,15.62,0.00
randomArrays,1,148,0.35,0.00,0.00
randomArrays,1,651,8.12,0.00,0.00
randomArrays,1,953,16.99,15.62,0.00
randomArrays,1,205,0.64,0.00,0.00
randomArrays,1,713,9.76,0.00,0.00
randomArrays,1,335,1.86,0.00,0.00
randomArrays,1,800,12.13,15.62,0.00
randomArrays,1,263,1.05,0.00,0.00
randomArrays,1,305,1.61,0.00,0.00
randomArrays,1,772,11.60,15.62,0.00
randomArrays,1,760,10.92,0.00,0.00
randomArrays,1,985,18.09,15.62,0.00
randomArrays,1,468,3.91,0.00,0.00
randomArrays,1,542,5.52,0.00,0.00
randomArrays,1,137,0.30,0.00,0.00
randomArrays,1,877,14.82,15.62,0.00
randomArrays,1,407,2.80,0.00,0.00
randomArrays,1,13,0.01,0.00,0.00
randomArrays,1,857,14.54,0.00,0.00
randomArrays,1,961,17.25,15.62,0.00
randomArrays,1,963,16.89,31.25,0.00
randomArrays,1,792,11.51,0.00,0.00
randomArrays,1,190,0.55,0.00,0.00
randomArrays,1,859,14.18,15.62,0.00
randomArrays,1,989,18.38,15.62,0.00
randomArrays,1,816,13.14,0.00,0.00
randomArrays,1,950,16.70,15.62,0.00
randomArrays,1,241,0.86,0.00,0.00
randomArrays,1,957,17.26,15.62,0.00
randomArrays,1,155,0.38,0.00,0.00
randomArrays,1,625,6.92,15.62,0.00
randomArrays,1,573,5.93,0.00,0.00
randomArrays,1,278,2.16,0.00,0.00
randomArrays,1,67,0.12,0.00,0.00
randomArrays,1,785,11.50,15.62,0.00
randomArrays,1,576,5.93,0.00,0.00
randomArrays,1,949,17.02,15.62,0.00
randomArrays,1,274,1.15,0.00,0.00
randomArrays,1,827,12.71,15.62,0.00
randomArrays,1,246,0.91,0.00,0.00
randomArrays,1,497,4.29,15.62,0.00
randomArrays,1,98,0.19,0.00,0.00
randomArrays,1,87,0.13,0.00,0.00
randomArrays,1,362,2.35,0.00,0.00
randomArrays,1,748,10.40,15.62,0.00
randomArrays,1,553,5.63,0.00,0.00
randomArrays,1,931,15.94,15.62,0.00
randomArrays,1,24,0.02,0.00,0.00
randomArrays,1,836,13.38,15.62,0.00
randomArrays,1,524,4.82,0.00,0.00
randomArrays,1,286,1.31,0.00,0.00
randomArrays,1,379,2.47,0.00,0.00
randomArrays,1,654,8.13,15.62,0.00
randomArrays,1,795,12.02,0.00,0.00
randomArrays,1,335,1.83,0.00,0.00
randomArrays,1,218,0.80,0.00,0.00
randomArrays,1,390,2.56,15.62,0.00
randomArrays,1,80,0.11,0.00,0.00
randomArrays,1,602,7.39,0.00,0.00
randomArrays,1,687,9.38,15.62,0.00
randomArrays,1,573,5.83,0.00,0.00
randomArrays,1,857,13.74,15.62,0.00
randomArrays,1,484,4.17,0.00,0.00
randomArrays,1,633,7.87,15.62,0.00
randomArrays,1,393,3.26,0.00,0.00
randomArrays,1,953,16.89,15.62,0.00
randomArrays,1,718,9.98,15.62,0.00
randomArrays,1,330,1.90,0.00,0.00
randomArrays,1,273,1.17,0.00,0.00
randomArrays,1,323,1.74,0.00,0.00
randomArrays,1,971,17.64,15.62,0.00
randomArrays,1,156,0.39,0.00,0.00
randomArrays,1,971,17.22,15.62,0.00
randomArrays,1,202,0.75,0.00,0.00
randomArrays,1,201,0.74,0.00,0.00
randomArrays,1,230,0.95,0.00,0.00
randomArrays,1,953,19.66,15.62,0.00
randomArrays,1,399,2.74,0.00,0.00
randomArrays,1,354,2.07,0.00,0.00
randomArrays,1,334,2.60,0.00,0.00
randomArrays,1,538,5.31,0.00,0.00
randomArrays,1,238,0.85,0.00,0.00
randomArrays,1,415,2.99,0.00,0.00
randomArrays,1,498,5.03,15.62,0.00
randomArrays,1,193,0.57,0.00,0.00
randomArrays,1,125,0.26,0.00,0.00
randomArrays,1,100,0.28,0.00,0.00
randomArrays,1,742,15.76,15.62,0.00
randomArrays,1,588,6.71,15.62,0.00
randomArrays,1,355,2.16,0.00,0.00
randomArrays,1,923,15.87,15.62,0.00
randomArrays,1,167,0.43,0.00,0.00
randomArrays,1,518,4.68,0.00,0.00
randomArrays,1,649,7.79,0.00,0.00
randomArrays,1,280,1.21,0.00,0.00
randomArrays,1,842,13.58,15.62,0.00
randomArrays,1,586,6.03,0.00,0.00
randomArrays,1,519,13.14,15.62,0.00
randomArrays,1,112,0.61,0.00,0.00
randomArrays,1,320,3.09,0.00,0.00
randomArrays,1,955,19.92,15.62,0.00
randomArrays,1,61,0.09,0.00,0.00
randomArrays,1,709,9.65,15.62,0.00
randomArrays,1,671,8.02,0.00,0.00
randomArrays,1,437,3.33,0.00,0.00
randomArrays,1,917,15.60,15.62,0.00
randomArrays,1,499,4.39,0.00,0.00
randomArrays,1,503,5.40,15.62,0.00
randomArrays,1,676,8.34,15.62,0.00
randomArrays,1,594,8.69,0.00,0.00
randomArrays,1,48,0.05,0.00,0.00
randomArrays,1,590,6.10,15.62,0.00
randomArrays,1,861,13.64,15.62,0.00
randomArrays,1,363,2.20,0.00,0.00
randomArrays,1,969,17.91,15.62,0.00
randomArrays,1,912,15.69,0.00,0.00
randomArrays,1,779,10.86,15.62,0.00
randomArrays,1,301,1.55,0.00,0.00
randomArrays,1,545,5.85,0.00,0.00
randomArrays,1,24,0.02,0.00,0.00
randomArrays,1,953,16.57,15.62,0.00
randomArrays,1,440,4.09,15.62,0.00
randomArrays,1,997,20.35,15.62,0.00
randomArrays,1,661,8.27,0.00,0.00
randomArrays,1,583,6.57,15.62,0.00
randomArrays,1,478,4.32,0.00,0.00
randomArrays,1,220,0.73,0.00,0.00
randomArrays,1,458,3.64,15.62,0.00
randomArrays,1,783,11.49,15.62,0.00
randomArrays,1,554,5.40,0.00,0.00
randomArrays,1,167,0.69,0.00,0.00
randomArrays,1,338,2.13,0.00,0.00
randomArrays,1,321,2.27,0.00,0.00
randomArrays,1,993,18.51,15.62,0.00
randomArrays,1,414,3.01,0.00,0.00
randomArrays,1,630,7.24,0.00,0.00
randomArrays,1,572,5.87,0.00,0.00
randomArrays,1,119,0.23,0.00,0.00
randomArrays,1,852,13.04,15.62,0.00
randomArrays,1,392,2.60,0.00,0.00
randomArrays,1,744,10.54,0.00,0.00
randomArrays,1,767,10.69,0.00,0.00
randomArrays,1,419,2.99,0.00,0.00
randomArrays,1,186,0.87,0.00,0.00
randomArrays,1,498,4.79,15.62,0.00
randomArrays,1,369,2.27,0.00,0.00
randomArrays,1,545,5.33,15.62,0.00
randomArrays,1,585,6.00,15.62,0.00
randomArrays,1,232,0.80,0.00,0.00
randomArrays,1,683,8.31,0.00,0.00
randomArrays,1,373,2.37,0.00,0.00
randomArrays,1,67,0.09,0.00,0.00
randomArrays,1,47,0.06,0.00,0.00
randomArrays,1,353,3.82,0.00,0.00
randomArrays,1,165,0.71,0.00,0.00
randomArrays,1,822,18.30,15.62,0.00
randomArrays,1,207,0.65,0.00,0.00
randomArrays,1,365,2.28,0.00,0.00
randomArrays,1,33,0.03,0.00,0.00
randomArrays,1,324,1.77,0.00,0.00
randomArrays,1,533,5.52,0.00,0.00
randomArrays,1,467,3.94,0.00,0.00
randomArrays,1,653,7.55,0.00,0.00
randomArrays,1,262,1.03,0.00,0.00
randomArrays,1,26,0.02,0.00,0.00
randomArrays,1,705,10.33,15.62,0.00
randomArrays,1,945,16.59,15.62,0.00
randomArrays,1,145,0.33,0.00,0.00
randomArrays,1,987,17.94,15.62,0.00
randomArrays,1,40,0.04,0.00,0.00
randomArrays,1,418,3.61,0.00,0.00
randomArrays,1,20,0.02,0.00,0.00
randomArrays,1,618,12.68,15.62,0.00
randomArrays,1,463,3.70,0.00,0.00
randomArrays,1,310,1.56,0.00,0.00
randomArrays,1,753,10.11,0.00,0.00
randomArrays,1,203,0.62,0.00,0.00
randomArrays,1,756,10.97,0.00,0.00
randomArrays,1,998,18.10,15.62,0.00
randomArrays,1,631,7.02,15.62,0.00
randomArrays,1,788,12.32,0.00,0.00
randomArrays,1,364,2.20,0.00,0.00
randomArrays,1,435,3.23,0.00,0.00
randomArrays,1,379,2.54,0.00,0.00
randomArrays,1,208,0.71,0.00,0.00
randomArrays,1,503,5.68,15.62,0.00
randomArrays,1,97,0.16,0.00,0.00
randomArrays,1,266,1.08,0.00,0.00
randomArrays,1,828,12.78,15.62,0.00
randomArrays,1,319,1.64,0.00,0.00
randomArrays,1,898,15.05,15.62,0.00
randomArrays,1,380,2.80,0.00,0.00
randomArrays,1,450,3.49,0.00,0.00
randomArrays,1,142,0.33,0.00,0.00
randomArrays,1,434,3.30,0.00,0.00
randomArrays,1,96,0.16,0.00,0.00
randomArrays,1,641,7.24,0.00,0.00
randomArrays,1,538,5.08,15.62,0.00
randomArrays,1,502,4.60,15.62,0.00
randomArrays,1,599,6.59,15.62,0.00
randomArrays,1,299,1.45,0.00,0.00
randomArrays,1,620,7.03,0.00,0.00
randomArrays,1,606,6.61,0.00,0.00
randomArrays,1,282,1.23,0.00,0.00
randomArrays,1,205,0.64,0.00,0.00
randomArrays,1,504,4.75,15.62,0.00
randomArrays,1,315,1.60,0.00,0.00
randomArrays,1,739,9.81,15.62,0.00
randomArrays,1,226,0.77,0.00,0.00
randomArrays,1,239,0.86,0.00,0.00
randomArrays,1,656,8.22,15.62,0.00
randomArrays,1,467,3.77,0.00,0.00
randomArrays,1,855,13.11,0.00,0.00
randomArrays,1,12,0.01,0.00,0.00
randomArrays,1,751,10.82,15.62,0.00
randomArrays,1,426,3.14,0.00,0.00
randomArrays,1,735,10.45,0.00,0.00
randomArrays,1,321,1.66,0.00,0.00
randomArrays,1,522,4.76,0.00,0.00
randomArrays,1,888,14.27,15.62,0.00
randomArrays,1,118,0.23,0.00,0.00
randomArrays,1,813,12.08,15.62,0.00
randomArrays,1,547,5.60,15.62,0.00
randomArrays,1,860,13.71,15.62,0.00
randomArrays,1,189,0.55,0.00,0.00
randomArrays,1,668,8.53,0.00,0.00
randomArrays,1,583,6.01,0.00,0.00
randomArrays,1,489,4.18,0.00,0.00
randomArrays,1,414,2.99,0.00,0.00
randomArrays,1,905,14.79,15.62,0.00
randomArrays,1,742,10.25,0.00,0.00
randomArrays,1,358,2.13,0.00,0.00
randomArrays,1,741,9.96,15.62,0.00
randomArrays,1,470,4.43,0.00,0.00
randomArrays,1,111,0.20,0.00,0.00
randomArrays,1,546,5.33,0.00,0.00
randomArrays,1,591,6.52,0.00,0.00
randomArrays,1,884,14.42,15.62,0.00
randomArrays,1,684,8.29,15.62,0.00
randomArrays,1,975,17.56,15.62,0.00
randomArrays,1,739,10.30,0.00,0.00
randomArrays,1,725,9.34,0.00,0.00
randomArrays,1,893,15.72,15.62,0.00
randomArrays,1,16,0.02,0.00,0.00
randomArrays,1,467,4.52,0.00,0.00
randomArrays,1,307,1.51,0.00,0.00
randomArrays,1,235,0.96,0.00,0.00
randomArrays,1,377,2.77,0.00,0.00
randomArrays,1,448,4.46,0.00,0.00
randomArrays,1,999,18.50,15.62,0.00
randomArrays,1,98,0.17,0.00,0.00
randomArrays,1,456,3.97,0.00,0.00
randomArrays,1,118,0.23,0.00,0.00
randomArrays,1,406,2.80,15.62,0.00
randomArrays,1,33,0.03,0.00,0.00
randomArrays,1,517,6.58,0.00,0.00
randomArrays,1,248,1.36,0.00,0.00
randomArrays,1,61,0.10,0.00,0.00
randomArrays,1,547,6.14,0.00,0.00
randomArrays,1,602,6.56,15.62,0.00
randomArrays,1,579,7.22,0.00,0.00
randomArrays,1,972,17.32,15.62,0.00
randomArrays,1,653,10.42,15.62,0.00
randomArrays,1,866,13.93,15.62,0.00
randomArrays,1,417,3.12,0.00,0.00
randomArrays,1,386,5.87,0.00,0.00
randomArrays,1,349,2.62,0.00,0.00
randomArrays,1,598,7.58,15.62,0.00
randomArrays,1,856,14.19,15.62,0.00
randomArrays,1,152,0.36,0.00,0.00
randomArrays,1,436,3.25,0.00,0.00
randomArrays,1,356,2.10,0.00,0.00
randomArrays,1,598,6.96,0.00,0.00
randomArrays,1,578,6.75,15.62,0.00
randomArrays,1,786,12.05,15.62,0.00
randomArrays,1,124,0.25,0.00,0.00
randomArrays,1,439,3.38,0.00,0.00
randomArrays,1,492,4.98,0.00,0.00
randomArrays,1,207,0.67,0.00,0.00
randomArrays,1,100,0.17,0.00,0.00
randomArrays,1,591,7.05,0.00,0.00
randomArrays,1,397,3.73,0.00,0.00
randomArrays,1,295,1.39,0.00,0.00
randomArrays,1,733,10.24,15.62,0.00
randomArrays,1,231,1.32,0.00,0.00
randomArrays,1,565,6.60,0.00,0.00
randomArrays,1,910,15.25,15.62,0.00
randomArrays,1,74,0.10,0.00,0.00
randomArrays,1,647,8.08,0.00,0.00
randomArrays,1,456,3.62,15.62,0.00
randomArrays,1,954,21.54,31.25,0.00
randomArrays,1,495,5.11,0.00,0.00
randomArrays,1,487,4.11,0.00,0.00
randomArrays,1,559,5.77,15.62,0.00
randomArrays,1,512,5.03,15.62,0.00
randomArrays,1,247,0.97,0.00,0.00
randomArrays,1,219,0.85,0.00,0.00
randomArrays,1,839,15.28,15.62,0.00
randomArrays,1,887,15.08,15.62,0.00
randomArrays,1,942,16.83,15.62,0.00
randomArrays,1,920,15.86,15.62,0.00
randomArrays,1,868,13.58,15.62,0.00
randomArrays,1,25,0.02,0.00,0.00
randomArrays,1,174,0.48,0.00,0.00
randomArrays,1,818,13.05,15.62,0.00
randomArrays,1,660,8.39,0.00,0.00
randomArrays,1,592,6.35,0.00,0.00
randomArrays,1,942,16.55,15.62,0.00
randomArrays,1,962,17.18,15.62,0.00
randomArrays,1,254,0.96,0.00,0.00
randomArrays,1,527,4.95,0.00,0.00
randomArrays,1,786,11.01,0.00,0.00
randomArrays,1,179,0.68,0.00,0.00
randomArrays,1,678,9.11,0.00,0.00
randomArrays,1,950,16.45,15.62,0.00
randomArrays,1,538,5.72,15.62,0.00
randomArrays,1,185,0.52,0.00,0.00
randomArrays,1,689,8.52,15.62,0.00
randomArrays,1,161,0.40,0.00,0.00
randomArrays,1,509,4.84,0.00,0.00
randomArrays,1,376,2.38,0.00,0.00
randomArrays,1,766,10.92,15.62,0.00
randomArrays,1,706,8.84,15.62,0.00
randomArrays,1,644,7.81,15.62,0.00
randomArrays,1,758,10.60,0.00,0.00
randomArrays,1,747,10.12,15.62,0.00
randomArrays,1,349,2.01,0.00,0.00
randomArrays,1,574,15.00,15.62,0.00
randomArrays,1,888,14.85,15.62,0.00
randomArrays,1,235,0.83,0.00,0.00
randomArrays,1,653,8.20,15.62,0.00
randomArrays,1,630,7.57,0.00,0.00
randomArrays,1,76,0.11,0.00,0.00
randomArrays,1,436,3.76,0.00,0.00
randomArrays,1,771,11.21,0.00,0.00
randomArrays,1,217,0.71,0.00,0.00
randomArrays,1,419,3.60,0.00,0.00
randomArrays,1,860,15.61,15.62,0.00
randomArrays,1,288,1.29,0.00,0.00
randomArrays,1,280,1.41,0.00,0.00
randomArrays,1,242,0.89,0.00,0.00
randomArrays,1,602,7.38,0.00,0.00
randomArrays,1,44,0.05,0.00,0.00
randomArrays,1,547,6.11,0.00,0.00
randomArrays,1,860,13.87,15.62,0.00
randomArrays,1,737,10.17,0.00,0.00
randomArrays,1,738,12.08,0.00,0.00
randomArrays,1,725,10.25,0.00,0.00
randomArrays,1,684,8.55,15.62,0.00
randomArrays,1,233,0.81,0.00,0.00
randomArrays,1,342,2.07,0.00,0.00
randomArrays,1,855,13.94,15.62,0.00
randomArrays,1,861,13.96,15.62,0.00
randomArrays,1,566,5.71,0.00,0.00
randomArrays,1,406,3.63,0.00,0.00
randomArrays,1,192,0.56,0.00,0.00
randomArrays,1,850,15.10,15.62,0.00
randomArrays,1,609,6.93,0.00,0.00
randomArrays,1,18,0.02,0.00,0.00
randomArrays,1,482,4.02,0.00,0.00
randomArrays,1,264,1.09,0.00,0.00
randomArrays,1,319,1.99,0.00,0.00
randomArrays,1,252,1.31,0.00,0.00
randomArrays,1,342,1.92,0.00,0.00
randomArrays,1,252,1.11,0.00,0.00
randomArrays,1,205,0.64,0.00,0.00
randomArrays,1,942,16.40,15.62,0.00
randomArrays,1,744,9.83,0.00,0.00
randomArrays,1,537,5.54,0.00,0.00
randomArrays,1,501,4.38,0.00,0.00
randomArrays,1,853,13.07,0.00,0.00
randomArrays,1,341,1.95,0.00,0.00
randomArrays,1,800,11.87,15.62,0.00
randomArrays,1,857,13.39,15.62,0.00
randomArrays,1,427,3.12,0.00,0.00
randomArrays,1,647,8.56,0.00,0.00
randomArrays,1,76,0.19,0.00,0.00
randomArrays,1,677,9.86,15.62,0.00
randomArrays,1,579,6.36,0.00,0.00
randomArrays,1,731,10.34,0.00,0.00
randomArrays,1,704,11.14,0.00,0.00
randomArrays,1,266,1.13,0.00,0.00
randomArrays,1,961,17.05,15.62,0.00
randomArrays,1,263,1.04,0.00,0.00
randomArrays,1,434,6.42,0.00,0.00
randomArrays,1,484,4.06,0.00,0.00
randomArrays,1,163,0.41,0.00,0.00
randomArrays,1,984,18.99,15.62,0.00
randomArrays,1,211,0.95,0.00,0.00
randomArrays,1,185,0.80,0.00,0.00
randomArrays,1,467,3.86,15.62,0.00
randomArrays,1,214,0.69,0.00,0.00
randomArrays,1,35,0.11,0.00,0.00
randomArrays,1,141,0.32,0.00,0.00
randomArrays,1,559,6.40,0.00,0.00
randomArrays,1,706,10.66,15.62,0.00
randomArrays,1,68,0.09,0.00,0.00
randomArrays,1,12,0.02,0.00,0.00
randomArrays,1,405,3.87,0.00,0.00
randomArrays,1,288,1.32,0.00,0.00
randomArrays,1,955,16.65,15.62,0.00
randomArrays,1,50,0.13,0.00,0.00
randomArrays,1,752,10.99,15.62,0.00
randomArrays,1,695,8.59,0.00,0.00
randomArrays,1,186,0.53,0.00,0.00
randomArrays,1,737,10.72,0.00,0.00
randomArrays,1,948,16.63,15.62,0.00
randomArrays,1,151,0.36,0.00,0.00
randomArrays,1,46,0.05,0.00,0.00
randomArrays,1,968,19.37,15.62,0.00
randomArrays,1,333,1.85,0.00,0.00
randomArrays,1,189,0.55,0.00,0.00
randomArrays,1,190,0.55,0.00,0.00
randomArrays,1,589,6.57,0.00,0.00
randomArrays,1,230,0.79,0.00,0.00
randomArrays,1,535,5.21,0.00,0.00
randomArrays,1,189,0.60,0.00,0.00
randomArrays,1,948,17.26,15.62,0.00
randomArrays,1,834,12.92,15.62,0.00
randomArrays,1,273,1.14,0.00,0.00
randomArrays,1,773,11.28,0.00,0.00
randomArrays,1,342,5.98,0.00,0.00
randomArrays,1,995,30.93,31.25,0.00
randomArrays,1,221,0.73,0.00,0.00
randomArrays,1,519,4.70,0.00,0.00
randomArrays,1,479,4.10,0.00,0.00
randomArrays,1,155,0.38,0.00,0.00
randomArrays,1,756,11.48,15.62,0.00
randomArrays,1,658,7.91,15.62,0.00
randomArrays,1,213,0.68,0.00,0.00
randomArrays,1,467,3.96,0.00,0.00
randomArrays,1,191,4.01,0.00,0.00
randomArrays,1,744,19.95,15.62,0.00
randomArrays,1,122,0.24,0.00,0.00
randomArrays,1,178,0.49,0.00,0.00
randomArrays,1,760,13.36,15.62,0.00
randomArrays,1,524,4.78,0.00,0.00
randomArrays,1,264,1.06,0.00,0.00
randomArrays,1,733,9.92,0.00,0.00
randomArrays,1,759,10.85,15.62,0.00
randomArrays,1,177,0.48,0.00,0.00
randomArrays,1,53,0.08,0.00,0.00
randomArrays,1,429,3.48,0.00,0.00
randomArrays,1,508,5.23,0.00,0.00
randomArrays,1,919,16.06,15.62,0.00
randomArrays,1,412,2.88,0.00,0.00
randomArrays,1,503,4.42,0.00,0.00
randomArrays,1,115,0.22,0.00,0.00
randomArrays,1,851,13.50,15.62,0.00
randomArrays,1,848,13.76,15.62,0.00
randomArrays,1,652,8.59,15.62,0.00
randomArrays,1,693,9.24,0.00,0.00
randomArrays,1,662,7.86,0.00,0.00
randomArrays,1,815,12.41,15.62,0.00
randomArrays,1,679,8.69,0.00,0.00
randomArrays,1,141,0.63,0.00,0.00
randomArrays,1,458,3.74,0.00,0.00
randomArrays,1,378,2.48,0.00,0.00
randomArrays,1,662,8.48,15.62,0.00
randomArrays,1,809,12.04,0.00,0.00
randomArrays,1,960,17.33,15.62,0.00
randomArrays,1,454,3.54,0.00,0.00
randomArrays,1,513,5.30,0.00,0.00
randomArrays,1,965,17.84,15.62,0.00
randomArrays,1,855,13.95,15.62,0.00
randomArrays,1,257,0.98,0.00,0.00
randomArrays,1,932,16.13,15.62,0.00
randomArrays,1,112,0.27,0.00,0.00
randomArrays,1,264,1.39,0.00,0.00
randomArrays,1,404,4.02,0.00,0.00
randomArrays,1,830,12.80,15.62,0.00
randomArrays,1,115,0.22,0.00,0.00
randomArrays,1,906,17.46,15.62,0.00
randomArrays,2,469,3.89,0.00,0.00
randomArrays,2,783,10.96,0.00,0.00
randomArrays,2,464,3.88,0.00,0.00
randomArrays,2,267,1.19,0.00,0.00
randomArrays,2,828,13.25,15.62,0.00
randomArrays,2,607,6.88,15.62,0.00
randomArrays,2,319,1.63,0.00,0.00
randomArrays,2,431,3.16,0.00,0.00
randomArrays,2,941,16.95,15.62,0.00
randomArrays,2,937,16.26,15.62,0.00
randomArrays,2,619,6.82,15.62,0.00
randomArrays,2,370,2.32,15.62,0.00
randomArrays,2,478,3.98,0.00,0.00
randomArrays,2,107,0.19,0.00,0.00
randomArrays,2,910,16.35,31.25,0.00
randomArrays,2,381,4.24,15.62,0.00
randomArrays,2,699,8.75,0.00,0.00
randomArrays,2,452,4.63,0.00,0.00
randomArrays,2,882,14.17,0.00,0.00
randomArrays,2,697,9.22,15.62,0.00
randomArrays,2,39,0.04,0.00,0.00
randomArrays,2,382,3.79,0.00,0.00
randomArrays,2,980,20.83,15.62,0.00
randomArrays,2,202,0.62,0.00,0.00
randomArrays,2,674,8.11,15.62,0.00
randomArrays,2,184,0.52,0.00,0.00
randomArrays,2,853,13.21,15.62,0.00
randomArrays,2,101,0.17,0.00,0.00
randomArrays,2,329,1.77,0.00,0.00
randomArrays,2,837,12.80,15.62,0.00
randomArrays,2,952,16.50,15.62,0.00
randomArrays,2,676,8.67,0.00,0.00
randomArrays,2,248,0.92,0.00,0.00
randomArrays,2,845,12.87,15.62,0.00
randomArrays,2,707,9.04,0.00,0.00
randomArrays,2,458,3.61,15.62,0.00
randomArrays,2,219,0.73,0.00,0.00
randomArrays,2,268,1.25,0.00,0.00
randomArrays,2,201,0.62,0.00,0.00
randomArrays,2,520,5.48,15.62,0.00
randomArrays,2,832,13.55,15.62,0.00
randomArrays,2,800,11.90,0.00,0.00
randomArrays,2,753,10.59,15.62,0.00
randomArrays,2,286,1.28,0.00,0.00
randomArrays,2,841,12.64,15.62,0.00
randomArrays,2,240,0.87,0.00,0.00
randomArrays,2,370,2.56,0.00,0.00
randomArrays,2,287,1.28,0.00,0.00
randomArrays,2,89,0.14,0.00,0.00
randomArrays,2,881,15.66,15.62,0.00
randomArrays,2,187,0.53,0.00,0.00
randomArrays,2,373,2.34,0.00,0.00
randomArrays,2,194,0.57,0.00,0.00
randomArrays,2,382,2.57,0.00,0.00
randomArrays,2,826,12.50,0.00,0.00
randomArrays,2,781,12.04,15.62,0.00
randomArrays,2,814,12.24,15.62,0.00
randomArrays,2,525,4.80,0.00,0.00
randomArrays,2,136,0.29,0.00,0.00
randomArrays,2,454,3.71,0.00,0.00
randomArrays,2,563,5.58,15.62,0.00
randomArrays,2,226,0.76,0.00,0.00
randomArrays,2,345,2.00,15.62,0.00
randomArrays,2,514,4.90,0.00,0.00
randomArrays,2,871,14.73,15.62,0.00
randomArrays,2,939,36.54,31.25,0.00
randomArrays,2,397,3.14,0.00,0.00
randomArrays,2,429,3.22,0.00,0.00
randomArrays,2,421,3.02,0.00,0.00
randomArrays,2,747,10.30,15.62,0.00
randomArrays,2,19,0.02,0.00,0.00
randomArrays,2,74,0.14,0.00,0.00
randomArrays,2,259,1.00,0.00,0.00
randomArrays,2,846,14.72,15.62,0.00
randomArrays,2,789,11.85,15.62,0.00
randomArrays,2,671,8.43,0.00,0.00
randomArrays,2,368,2.96,0.00,0.00
randomArrays,2,448,3.47,0.00,0.00
randomArrays,2,237,0.84,0.00,0.00
randomArrays,2,627,22.21,31.25,0.00
randomArrays,2,584,5.98,0.00,0.00
randomArrays,2,328,1.75,0.00,0.00
randomArrays,2,606,6.46,0.00,0.00
randomArrays,2,563,5.71,0.00,0.00
randomArrays,2,774,10.68,15.62,0.00
randomArrays,2,206,0.64,0.00,0.00
randomArrays,2,907,15.10,15.62,0.00
randomArrays,2,37,0.03,0.00,0.00
randomArrays,2,878,14.24,15.62,0.00
randomArrays,2,284,1.26,0.00,0.00
randomArrays,2,853,13.39,0.00,0.00
randomArrays,2,247,0.92,0.00,0.00
randomArrays,2,241,0.88,0.00,0.00
randomArrays,2,348,2.06,0.00,0.00
randomArrays,2,814,12.37,15.62,0.00
randomArrays,2,245,0.90,0.00,0.00
randomArrays,2,335,2.14,0.00,0.00
randomArrays,2,497,5.80,0.00,0.00
randomArrays,2,280,1.30,0.00,0.00
randomArrays,2,664,7.98,15.62,0.00
randomArrays,2,523,4.77,0.00,0.00
randomArrays,2,841,13.34,0.00,0.00
randomArrays,2,290,1.32,0.00,0.00
randomArrays,2,158,0.39,0.00,0.00
randomArrays,2,783,11.43,15.62,0.00
randomArrays,2,638,7.23,15.62,0.00
randomArrays,2,314,1.59,0.00,0.00
randomArrays,2,484,4.82,0.00,0.00
randomArrays,2,972,17.83,15.62,0.00
randomArrays,2,652,7.98,15.62,0.00
randomArrays,2,543,15.84,15.62,0.00
randomArrays,2,487,6.54,0.00,0.00
randomArrays,2,686,9.59,15.62,0.00
randomArrays,2,183,0.51,0.00,0.00
randomArrays,2,572,5.76,0.00,0.00
randomArrays,2,747,10.61,0.00,0.00
randomArrays,2,780,11.25,0.00,0.00
randomArrays,2,828,13.43,15.62,0.00
randomArrays,2,591,6.94,0.00,0.00
randomArrays,2,415,3.02,0.00,0.00
randomArrays,2,648,7.76,15.62,0.00
randomArrays,2,204,0.65,0.00,0.00
randomArrays,2,510,4.98,0.00,0.00
randomArrays,2,422,3.10,0.00,0.00
randomArrays,2,541,6.19,15.62,0.00
randomArrays,2,875,14.29,15.62,0.00
randomArrays,2,742,21.10,15.62,0.00
randomArrays,2,384,2.50,0.00,0.00
randomArrays,2,266,1.10,0.00,0.00
randomArrays,2,137,0.31,0.00,0.00
randomArrays,2,970,19.17,15.62,0.00
randomArrays,2,685,8.38,15.62,0.00
randomArrays,2,665,7.81,0.00,0.00
randomArrays,2,319,1.64,0.00,0.00
randomArrays,2,808,12.71,0.00,0.00
randomArrays,2,143,0.32,0.00,0.00
randomArrays,2,147,0.34,0.00,0.00
randomArrays,2,929,16.22,15.62,0.00
randomArrays,2,906,14.95,15.62,0.00
randomArrays,2,425,3.08,0.00,0.00
randomArrays,2,736,12.36,0.00,0.00
randomArrays,2,65,0.08,0.00,0.00
randomArrays,2,305,1.48,0.00,0.00
randomArrays,2,194,0.58,0.00,0.00
randomArrays,2,545,5.50,0.00,0.00
randomArrays,2,49,0.05,0.00,0.00
randomArrays,2,731,10.07,15.62,0.00
randomArrays,2,712,9.68,15.62,0.00
randomArrays,2,732,9.48,0.00,0.00
randomArrays,2,57,0.07,0.00,0.00
randomArrays,2,983,19.89,15.62,0.00
randomArrays,2,345,1.96,0.00,0.00
randomArrays,2,152,0.61,0.00,0.00
randomArrays,2,963,17.68,15.62,0.00
randomArrays,2,544,5.65,0.00,0.00
randomArrays,2,870,14.40,15.62,0.00
randomArrays,2,557,5.86,0.00,0.00
randomArrays,2,168,0.44,0.00,0.00
randomArrays,2,373,2.38,0.00,0.00
randomArrays,2,416,3.01,0.00,0.00
randomArrays,2,942,16.52,15.62,0.00
randomArrays,2,966,17.19,15.62,0.00
randomArrays,2,363,2.29,0.00,0.00
randomArrays,2,955,17.10,15.62,0.00
randomArrays,2,626,8.21,0.00,0.00
randomArrays,2,948,16.43,15.62,0.00
randomArrays,2,193,0.58,0.00,0.00
randomArrays,2,361,2.22,15.62,0.00
randomArrays,2,195,0.58,0.00,0.00
randomArrays,2,905,15.24,15.62,0.00
randomArrays,2,105,0.37,0.00,0.00
randomArrays,2,750,11.28,0.00,0.00
randomArrays,2,565,5.66,0.00,0.00
randomArrays,2,538,5.06,0.00,0.00
randomArrays,2,488,4.53,15.62,0.00
randomArrays,2,30,0.03,0.00,0.00
randomArrays,2,554,5.39,15.62,0.00
randomArrays,2,407,3.57,0.00,0.00
randomArrays,2,958,17.43,15.62,0.00
randomArrays,2,137,0.69,0.00,0.00
randomArrays,2,101,0.17,0.00,0.00
randomArrays,2,633,7.09,0.00,0.00
randomArrays,2,44,0.04,0.00,0.00
randomArrays,2,738,24.93,31.25,0.00
randomArrays,2,763,10.46,15.62,0.00
randomArrays,2,319,1.71,0.00,0.00
randomArrays,2,682,9.07,0.00,0.00
randomArrays,2,820,11.97,15.62,0.00
randomArrays,2,896,14.72,15.62,0.00
randomArrays,2,712,10.02,15.62,0.00
randomArrays,2,554,5.41,0.00,0.00
randomArrays,2,940,17.24,15.62,0.00
randomArrays,2,787,11.43,15.62,0.00
randomArrays,2,255,0.97,0.00,0.00
randomArrays,2,135,0.31,0.00,0.00
randomArrays,2,546,6.30,15.62,0.00
randomArrays,2,643,8.00,15.62,0.00
randomArrays,2,197,0.59,0.00,0.00
randomArrays,2,643,12.66,0.00,0.00
randomArrays,2,858,13.13,15.62,0.00
randomArrays,2,134,0.29,0.00,0.00
randomArrays,2,133,0.29,0.00,0.00
randomArrays,2,317,5.54,15.62,0.00
randomArrays,2,312,1.92,0.00,0.00
randomArrays,2,160,0.49,0.00,0.00
randomArrays,2,838,15.74,15.62,0.00
randomArrays,2,316,2.02,0.00,0.00
randomArrays,2,111,0.40,0.00,0.00
randomArrays,2,530,5.54,0.00,0.00
randomArrays,2,827,13.08,15.62,0.00
randomArrays,2,994,18.29,31.25,0.00
randomArrays,2,348,2.01,0.00,0.00
randomArrays,2,652,7.81,15.62,0.00
randomArrays,2,339,2.02,0.00,0.00
randomArrays,2,908,15.28,15.62,0.00
randomArrays,2,655,7.88,0.00,0.00
randomArrays,2,899,15.24,15.62,0.00
randomArrays,2,377,2.61,0.00,0.00
randomArrays,2,793,11.91,0.00,0.00
randomArrays,2,12,0.01,0.00,0.00
randomArrays,2,236,0.85,0.00,0.00
randomArrays,2,851,13.88,15.62,0.00
randomArrays,2,462,3.71,15.62,0.00
randomArrays,2,49,0.06,0.00,0.00
randomArrays,2,649,9.00,0.00,0.00
randomArrays,2,299,1.41,0.00,0.00
randomArrays,2,796,12.39,0.00,0.00
randomArrays,2,227,2.20,0.00,0.00
randomArrays,2,929,19.61,15.62,0.00
randomArrays,2,166,1.67,0.00,0.00
randomArrays,2,277,1.83,0.00,0.00
randomArrays,2,179,0.92,0.00,0.00
randomArrays,2,809,17.88,15.62,0.00
randomArrays,2,232,0.81,0.00,0.00
randomArrays,2,247,0.91,0.00,0.00
randomArrays,2,99,0.18,0.00,0.00
randomArrays,2,649,8.69,15.62,0.00
randomArrays,2,15,0.01,0.00,0.00
randomArrays,2,646,7.91,0.00,0.00
randomArrays,2,463,4.36,0.00,0.00
randomArrays,2,587,6.25,0.00,0.00
randomArrays,2,898,15.16,15.62,0.00
randomArrays,2,643,7.97,0.00,0.00
randomArrays,2,840,13.20,15.62,0.00
randomArrays,2,708,9.65,0.00,0.00
randomArrays,2,214,0.69,0.00,0.00
randomArrays,2,565,5.68,15.62,0.00
randomArrays,2,157,0.39,0.00,0.00
randomArrays,2,265,1.24,0.00,0.00
randomArrays,2,171,0.52,0.00,0.00
randomArrays,2,136,0.34,0.00,0.00
randomArrays,2,290,1.96,0.00,0.00
randomArrays,2,96,0.22,0.00,0.00
randomArrays,2,11,0.01,0.00,0.00
randomArrays,2,311,3.07,0.00,0.00
randomArrays,2,566,6.13,0.00,0.00
randomArrays,2,328,2.02,0.00,0.00
randomArrays,2,358,2.99,15.62,0.00
randomArrays,2,674,8.11,0.00,0.00
randomArrays,2,490,4.28,15.62,0.00
randomArrays,2,36,0.03,0.00,0.00
randomArrays,2,408,2.83,0.00,0.00
randomArrays,2,49,0.09,0.00,0.00
randomArrays,2,581,8.23,15.62,0.00
randomArrays,2,879,14.35,15.62,0.00
randomArrays,2,61,0.15,0.00,0.00
randomArrays,2,656,8.52,15.62,0.00
randomArrays,2,411,2.99,0.00,0.00
randomArrays,2,361,2.22,0.00,0.00
randomArrays,2,994,19.17,15.62,0.00
randomArrays,2,416,2.95,0.00,0.00
randomArrays,2,966,17.07,15.62,0.00
randomArrays,2,92,0.15,0.00,0.00
randomArrays,2,429,3.38,0.00,0.00
randomArrays,2,658,8.33,0.00,0.00
randomArrays,2,877,13.95,15.62,0.00
randomArrays,2,780,11.35,0.00,0.00
randomArrays,2,669,7.92,0.00,0.00
randomArrays,2,394,2.62,15.62,0.00
randomArrays,2,892,14.83,15.62,0.00
randomArrays,2,180,0.54,0.00,0.00
randomArrays,2,829,13.39,15.62,0.00
randomArrays,2,255,1.57,0.00,0.00
randomArrays,2,374,2.84,0.00,0.00
randomArrays,2,37,0.04,0.00,0.00
randomArrays,2,919,21.01,31.25,0.00
randomArrays,2,850,30.03,31.25,0.00
randomArrays,2,930,16.25,15.62,0.00
randomArrays,2,419,3.00,0.00,0.00
randomArrays,2,720,9.68,15.62,0.00
randomArrays,2,378,2.95,0.00,0.00
randomArrays,2,815,11.88,0.00,0.00
randomArrays,2,566,5.65,0.00,0.00
randomArrays,2,623,7.24,0.00,0.00
randomArrays,2,597,6.83,15.62,0.00
randomArrays,2,148,0.37,0.00,0.00
randomArrays,2,580,6.51,0.00,0.00
randomArrays,2,244,1.74,0.00,0.00
randomArrays,2,703,9.37,0.00,0.00
randomArrays,2,743,10.48,15.62,0.00
randomArrays,2,923,16.42,15.62,0.00
randomArrays,2,284,1.39,0.00,0.00
randomArrays,2,35,0.10,0.00,0.00
randomArrays,2,941,16.85,15.62,0.00
randomArrays,2,39,0.04,0.00,0.00
randomArrays,2,276,1.37,0.00,0.00
randomArrays,2,494,4.72,0.00,0.00
randomArrays,2,547,5.59,15.62,0.00
randomArrays,2,837,14.49,15.62,0.00
randomArrays,2,183,0.51,0.00,0.00
randomArrays,2,360,2.15,0.00,0.00
randomArrays,2,627,7.20,15.62,0.00
randomArrays,2,833,13.59,15.62,0.00
randomArrays,2,491,5.37,0.00,0.00
randomArrays,2,623,7.05,0.00,0.00
randomArrays,2,850,13.44,15.62,0.00
randomArrays,2,35,0.03,0.00,0.00
randomArrays,2,584,6.96,0.00,0.00
randomArrays,2,34,0.03,0.00,0.00
randomArrays,2,335,1.84,0.00,0.00
randomArrays,2,145,0.49,0.00,0.00
randomArrays,2,61,0.11,0.00,0.00
randomArrays,2,88,0.14,0.00,0.00
randomArrays,2,442,4.27,0.00,0.00
randomArrays,2,729,12.20,0.00,0.00
randomArrays,2,312,1.56,0.00,0.00
randomArrays,2,620,7.09,0.00,0.00
randomArrays,2,77,0.11,0.00,0.00
randomArrays,2,784,12.47,15.62,0.00
randomArrays,2,720,9.90,15.62,0.00
randomArrays,2,796,11.78,15.62,0.00
randomArrays,2,81,0.12,0.00,0.00
randomArrays,2,900,14.89,15.62,0.00
randomArrays,2,570,6.18,0.00,0.00
randomArrays,2,749,11.00,15.62,0.00
randomArrays,2,723,10.16,15.62,0.00
randomArrays,2,54,0.06,0.00,0.00
randomArrays,2,261,1.02,0.00,0.00
randomArrays,2,831,12.85,15.62,0.00
randomArrays,2,133,0.28,0.00,0.00
randomArrays,2,165,0.43,0.00,0.00
randomArrays,2,441,3.63,0.00,0.00
randomArrays,2,782,12.20,15.62,0.00
randomArrays,2,384,2.48,0.00,0.00
randomArrays,2,283,1.25,0.00,0.00
randomArrays,2,71,0.09,0.00,0.00
randomArrays,2,374,2.52,0.00,0.00
randomArrays,2,204,0.68,0.00,0.00
randomArrays,2,437,3.26,0.00,0.00
randomArrays,2,662,8.40,15.62,0.00
randomArrays,2,821,12.20,15.62,0.00
randomArrays,2,198,1.44,0.00,0.00
randomArrays,2,776,11.11,15.62,0.00
randomArrays,2,124,0.25,0.00,0.00
randomArrays,2,202,2.63,0.00,0.00
randomArrays,2,806,16.20,15.62,0.00
randomArrays,2,448,4.46,0.00,0.00
randomArrays,2,383,2.53,0.00,0.00
randomArrays,2,992,18.37,31.25,0.00
randomArrays,2,714,9.36,0.00,0.00
randomArrays,2,528,5.33,0.00,0.00
randomArrays,2,137,0.32,0.00,0.00
randomArrays,2,122,0.24,0.00,0.00
randomArrays,2,883,14.11,0.00,0.00
randomArrays,2,614,7.34,15.62,0.00
randomArrays,2,841,13.26,0.00,0.00
randomArrays,2,471,3.90,0.00,0.00
randomArrays,2,871,13.59,0.00,0.00
randomArrays,2,938,17.07,15.62,0.00
randomArrays,2,238,1.24,0.00,0.00
randomArrays,2,772,12.40,15.62,0.00
randomArrays,2,334,1.81,0.00,0.00
randomArrays,2,274,1.16,0.00,0.00
randomArrays,2,385,2.72,0.00,0.00
randomArrays,2,455,3.67,0.00,0.00
randomArrays,2,202,0.67,0.00,0.00
randomArrays,2,349,2.03,0.00,0.00
randomArrays,2,170,0.46,0.00,0.00
randomArrays,2,365,3.62,0.00,0.00
randomArrays,2,921,31.27,31.25,0.00
randomArrays,2,368,7.28,15.62,0.00
randomArrays,2,851,22.04,15.62,0.00
randomArrays,2,736,10.60,15.62,0.00
randomArrays,2,64,0.09,0.00,0.00
randomArrays,2,371,2.63,0.00,0.00
randomArrays,2,962,17.04,15.62,0.00
randomArrays,2,758,10.80,15.62,0.00
randomArrays,2,565,5.63,15.62,0.00
randomArrays,2,246,0.90,0.00,0.00
randomArrays,2,390,2.56,0.00,0.00
randomArrays,2,833,12.94,15.62,0.00
randomArrays,2,359,2.14,15.62,0.00
randomArrays,2,647,7.97,0.00,0.00
randomArrays,2,830,13.57,15.62,0.00
randomArrays,2,790,19.03,31.25,0.00
randomArrays,2,789,11.32,15.62,0.00
randomArrays,2,33,0.03,0.00,0.00
randomArrays,2,324,1.74,0.00,0.00
randomArrays,2,460,3.73,15.62,0.00
randomArrays,2,660,8.02,15.62,0.00
randomArrays,2,553,5.38,0.00,0.00
randomArrays,2,181,0.84,0.00,0.00
randomArrays,2,106,0.19,0.00,0.00
randomArrays,2,198,0.59,0.00,0.00
randomArrays,2,795,11.77,15.62,0.00
randomArrays,2,149,0.35,0.00,0.00
randomArrays,2,42,0.04,0.00,0.00
randomArrays,2,538,6.25,15.62,0.00
randomArrays,2,405,3.25,0.00,0.00
randomArrays,2,741,10.56,15.62,0.00
randomArrays,2,88,0.14,0.00,0.00
randomArrays,2,896,17.19,15.62,0.00
randomArrays,2,574,7.08,0.00,0.00
randomArrays,2,34,0.03,0.00,0.00
randomArrays,2,83,0.12,0.00,0.00
randomArrays,2,311,1.66,0.00,0.00
randomArrays,2,168,0.44,0.00,0.00
randomArrays,2,720,9.53,0.00,0.00
randomArrays,2,499,4.52,0.00,0.00
randomArrays,2,280,1.21,0.00,0.00
randomArrays,2,960,16.99,15.62,0.00
randomArrays,2,351,2.03,0.00,0.00
randomArrays,2,840,13.02,15.62,0.00
randomArrays,2,826,13.61,15.62,0.00
randomArrays,2,780,11.38,0.00,0.00
randomArrays,2,592,6.14,0.00,0.00
randomArrays,2,601,6.35,0.00,0.00
randomArrays,2,924,15.69,15.62,0.00
randomArrays,2,630,7.62,0.00,0.00
randomArrays,2,738,10.29,15.62,0.00
randomArrays,2,43,0.04,0.00,0.00
randomArrays,2,546,5.75,0.00,0.00
randomArrays,2,118,0.23,0.00,0.00
randomArrays,2,812,15.09,15.62,0.00
randomArrays,2,636,8.58,15.62,0.00
randomArrays,2,253,1.10,0.00,0.00
randomArrays,2,443,3.89,0.00,0.00
randomArrays,2,292,1.38,0.00,0.00
randomArrays,2,723,9.55,0.00,0.00
randomArrays,2,398,2.68,0.00,0.00
randomArrays,2,368,2.58,0.00,0.00
randomArrays,2,534,5.02,0.00,0.00
randomArrays,2,899,23.25,31.25,0.00
randomArrays,2,137,0.30,0.00,0.00
randomArrays,2,187,0.53,0.00,0.00
randomArrays,2,164,0.45,0.00,0.00
randomArrays,2,735,10.44,0.00,0.00
randomArrays,2,524,5.22,0.00,0.00
randomArrays,2,512,4.71,0.00,0.00
randomArrays,2,15,0.01,0.00,0.00
randomArrays,2,737,10.65,0.00,0.00
randomArrays,2,616,7.14,15.62,0.00
randomArrays,2,349,2.03,0.00,0.00
randomArrays,2,645,7.83,15.62,0.00
randomArrays,2,502,4.68,15.62,0.00
randomArrays,2,932,25.18,31.25,0.00
randomArrays,2,778,10.80,15.62,0.00
randomArrays,2,126,0.27,0.00,0.00
randomArrays,2,836,14.17,15.62,0.00
randomArrays,2,911,15.69,15.62,0.00
randomArrays,2,265,1.07,0.00,0.00
randomArrays,2,694,8.58,0.00,0.00
randomArrays,2,188,0.54,0.00,0.00
randomArrays,2,282,1.24,0.00,0.00
randomArrays,2,347,2.01,0.00,0.00
randomArrays,2,768,10.89,0.00,0.00
randomArrays,2,778,11.17,0.00,0.00
randomArrays,2,549,5.84,0.00,0.00
randomArrays,2,12,0.01,0.00,0.00
randomArrays,2,336,2.44,0.00,0.00
randomArrays,2,949,16.67,15.62,0.00
randomArrays,2,179,0.61,0.00,0.00
randomArrays,2,634,7.42,0.00,0.00
randomArrays,2,38,0.04,0.00,0.00
randomArrays,2,123,0.24,0.00,0.00
randomArrays,2,282,1.24,0.00,0.00
randomArrays,2,452,3.62,0.00,0.00
randomArrays,2,217,0.76,0.00,0.00
randomArrays,2,629,7.78,0.00,0.00
randomArrays,2,275,1.25,0.00,0.00
randomArrays,2,66,0.08,0.00,0.00
randomArrays,2,308,1.53,0.00,0.00
randomArrays,2,809,12.60,0.00,0.00
randomArrays,2,634,7.44,0.00,0.00
randomArrays,2,478,3.94,0.00,0.00
randomArrays,2,336,3.01,0.00,0.00
randomArrays,2,672,8.01,15.62,0.00
randomArrays,2,583,6.09,0.00,0.00
randomArrays,2,413,3.12,0.00,0.00
randomArrays,2,683,8.29,15.62,0.00
randomArrays,2,463,3.81,0.00,0.00
randomArrays,2,267,1.08,0.00,0.00
randomArrays,2,73,0.37,0.00,0.00
randomArrays,2,641,17.53,15.62,0.00
randomArrays,2,827,12.38,15.62,0.00
randomArrays,2,864,13.37,0.00,0.00
randomArrays,2,672,8.20,15.62,0.00
randomArrays,2,948,16.55,15.62,0.00
randomArrays,2,523,4.88,0.00,0.00
randomArrays,2,113,0.21,0.00,0.00
randomArrays,2,855,14.01,15.62,0.00
randomArrays,2,764,10.83,15.62,0.00
randomArrays,2,559,5.50,0.00,0.00
randomArrays,2,256,1.12,0.00,0.00
randomArrays,2,861,14.06,15.62,0.00
randomArrays,2,215,0.70,0.00,0.00
randomArrays,2,610,7.07,0.00,0.00
randomArrays,2,133,0.29,0.00,0.00
randomArrays,2,721,10.07,15.62,0.00
randomArrays,2,826,12.60,15.62,0.00
randomArrays,2,732,10.33,15.62,0.00
randomArrays,2,218,0.72,0.00,0.00
randomArrays,2,897,18.80,15.62,0.00
randomArrays,2,95,0.15,0.00,0.00
randomArrays,2,596,7.28,15.62,0.00
randomArrays,2,333,1.86,0.00,0.00
randomArrays,2,139,0.31,0.00,0.00
randomArrays,2,90,0.14,0.00,0.00
randomArrays,2,724,10.22,0.00,0.00
randomArrays,2,24,0.02,0.00,0.00
randomArrays,2,182,0.59,0.00,0.00
randomArrays,2,440,7.11,15.62,0.00
randomArrays,2,521,8.45,0.00,0.00
randomArrays,2,653,7.94,0.00,0.00
randomArrays,2,422,3.07,0.00,0.00
randomArrays,2,919,15.66,15.62,0.00
randomArrays,2,399,2.88,0.00,0.00
randomArrays,2,148,0.35,0.00,0.00
randomArrays,2,651,8.95,0.00,0.00
randomArrays,2,953,16.50,15.62,0.00
randomArrays,2,205,0.63,0.00,0.00
randomArrays,2,713,10.50,0.00,0.00
randomArrays,2,335,1.86,0.00,0.00
randomArrays,2,800,12.32,0.00,0.00
randomArrays,2,263,1.08,0.00,0.00
randomArrays,2,305,1.48,0.00,0.00
randomArrays,2,772,11.22,15.62,0.00
randomArrays,2,760,10.34,0.00,0.00
randomArrays,2,985,17.83,31.25,0.00
randomArrays,2,468,4.10,0.00,0.00
randomArrays,2,542,5.29,0.00,0.00
randomArrays,2,137,0.43,0.00,0.00
randomArrays,2,877,14.37,15.62,0.00
randomArrays,2,407,2.91,0.00,0.00
randomArrays,2,13,0.01,0.00,0.00
randomArrays,2,857,13.41,15.62,0.00
randomArrays,2,961,17.05,31.25,0.00
randomArrays,2,963,17.09,15.62,0.00
randomArrays,2,792,11.27,15.62,0.00
randomArrays,2,190,0.56,0.00,0.00
randomArrays,2,859,13.79,15.62,0.00
randomArrays,2,989,17.94,15.62,0.00
randomArrays,2,816,12.06,15.62,0.00
randomArrays,2,950,16.44,15.62,0.00
randomArrays,2,241,2.25,0.00,0.00
randomArrays,2,957,18.63,15.62,0.00
randomArrays,2,155,0.38,0.00,0.00
randomArrays,2,625,8.37,15.62,0.00
randomArrays,2,573,6.42,0.00,0.00
randomArrays,2,278,1.19,0.00,0.00
randomArrays,2,67,0.08,0.00,0.00
randomArrays,2,785,11.65,0.00,0.00
randomArrays,2,576,18.60,15.62,0.00
randomArrays,2,949,16.62,15.62,0.00
randomArrays,2,274,1.26,0.00,0.00
randomArrays,2,827,12.50,0.00,0.00
randomArrays,2,246,1.01,0.00,0.00
randomArrays,2,497,5.55,0.00,0.00
randomArrays,2,98,0.17,0.00,0.00
randomArrays,2,87,0.14,0.00,0.00
randomArrays,2,362,2.30,0.00,0.00
randomArrays,2,748,10.22,15.62,0.00
randomArrays,2,553,6.39,0.00,0.00
randomArrays,2,931,16.38,15.62,0.00
randomArrays,2,24,0.02,0.00,0.00
randomArrays,2,836,12.48,15.62,0.00
randomArrays,2,524,4.88,15.62,0.00
randomArrays,2,286,1.27,0.00,0.00
randomArrays,2,379,2.63,0.00,0.00
randomArrays,2,654,8.55,0.00,0.00
randomArrays,2,795,11.35,15.62,0.00
randomArrays,2,335,2.35,0.00,0.00
randomArrays,2,218,1.30,0.00,0.00
randomArrays,2,390,3.42,0.00,0.00
randomArrays,2,80,0.13,0.00,0.00
randomArrays,2,602,7.11,15.62,0.00
randomArrays,2,687,8.99,0.00,0.00
randomArrays,2,573,5.83,15.62,0.00
randomArrays,2,857,15.37,15.62,0.00
randomArrays,2,484,4.05,0.00,0.00
randomArrays,2,633,8.09,0.00,0.00
randomArrays,2,393,3.56,0.00,0.00
randomArrays,2,953,16.71,15.62,0.00
randomArrays,2,718,9.19,0.00,0.00
randomArrays,2,330,1.82,0.00,0.00
randomArrays,2,273,1.37,0.00,0.00
randomArrays,2,323,2.04,0.00,0.00
randomArrays,2,971,18.72,31.25,0.00
randomArrays,2,156,0.38,0.00,0.00
randomArrays,2,971,17.45,15.62,0.00
randomArrays,2,202,0.62,0.00,0.00
randomArrays,2,201,0.62,0.00,0.00
randomArrays,2,230,0.93,0.00,0.00
randomArrays,2,953,19.12,15.62,0.00
randomArrays,2,399,2.78,15.62,0.00
randomArrays,2,354,2.23,0.00,0.00
randomArrays,2,334,1.98,0.00,0.00
randomArrays,2,538,5.09,0.00,0.00
randomArrays,2,238,0.86,0.00,0.00
randomArrays,2,415,3.51,15.62,0.00
randomArrays,2,498,9.63,15.62,0.00
randomArrays,2,193,0.58,0.00,0.00
randomArrays,2,125,0.26,0.00,0.00
randomArrays,2,100,0.17,0.00,0.00
randomArrays,2,742,10.83,15.62,0.00
randomArrays,2,588,6.20,0.00,0.00
randomArrays,2,355,2.10,0.00,0.00
randomArrays,2,923,17.07,15.62,0.00
randomArrays,2,167,0.67,0.00,0.00
randomArrays,2,518,5.18,0.00,0.00
randomArrays,2,649,7.69,15.62,0.00
randomArrays,2,280,4.26,0.00,0.00
randomArrays,2,842,16.85,15.62,0.00
randomArrays,2,586,6.08,15.62,0.00
randomArrays,2,519,5.02,15.62,0.00
randomArrays,2,112,0.21,0.00,0.00
randomArrays,2,320,1.72,0.00,0.00
randomArrays,2,955,17.27,15.62,0.00
randomArrays,2,61,0.07,0.00,0.00
randomArrays,2,709,9.20,15.62,0.00
randomArrays,2,671,7.99,15.62,0.00
randomArrays,2,437,3.80,0.00,0.00
randomArrays,2,917,16.32,15.62,0.00
randomArrays,2,499,5.46,15.62,0.00
randomArrays,2,503,4.40,0.00,0.00
randomArrays,2,676,8.20,0.00,0.00
randomArrays,2,594,6.48,0.00,0.00
randomArrays,2,48,0.05,0.00,0.00
randomArrays,2,590,6.78,15.62,0.00
randomArrays,2,861,13.90,15.62,0.00
randomArrays,2,363,2.38,0.00,0.00
randomArrays,2,969,17.31,15.62,0.00
randomArrays,2,912,15.67,15.62,0.00
randomArrays,2,779,11.25,0.00,0.00
randomArrays,2,301,1.43,0.00,0.00
randomArrays,2,545,5.17,0.00,0.00
randomArrays,2,24,0.02,0.00,0.00
randomArrays,2,953,16.87,15.62,0.00
randomArrays,2,440,3.32,0.00,0.00
randomArrays,2,997,19.25,15.62,0.00
randomArrays,2,661,7.74,15.62,0.00
randomArrays,2,583,6.03,0.00,0.00
randomArrays,2,478,3.95,0.00,0.00
randomArrays,2,220,0.73,0.00,0.00
randomArrays,2,458,3.61,15.62,0.00
randomArrays,2,783,11.54,15.62,0.00
randomArrays,2,554,5.35,0.00,0.00
randomArrays,2,167,0.43,0.00,0.00
randomArrays,2,338,1.91,0.00,0.00
randomArrays,2,321,2.01,0.00,0.00
randomArrays,2,993,20.02,15.62,0.00
randomArrays,2,414,2.92,15.62,0.00
randomArrays,2,630,7.95,0.00,0.00
randomArrays,2,572,12.27,15.62,0.00
randomArrays,2,119,0.33,0.00,0.00
randomArrays,2,852,14.20,0.00,0.00
randomArrays,2,392,2.85,0.00,0.00
randomArrays,2,744,10.55,0.00,0.00
randomArrays,2,767,11.11,0.00,0.00
randomArrays,2,419,2.98,0.00,0.00
randomArrays,2,186,0.89,0.00,0.00
randomArrays,2,498,5.12,15.62,0.00
randomArrays,2,369,2.32,0.00,0.00
randomArrays,2,545,5.17,15.62,0.00
randomArrays,2,585,6.20,15.62,0.00
randomArrays,2,232,1.07,0.00,0.00
randomArrays,2,683,8.92,15.62,0.00
randomArrays,2,373,2.34,0.00,0.00
randomArrays,2,67,0.09,0.00,0.00
randomArrays,2,47,0.05,0.00,0.00
randomArrays,2,353,2.67,0.00,0.00
randomArrays,2,165,0.50,0.00,0.00
randomArrays,2,822,12.68,0.00,0.00
randomArrays,2,207,0.65,0.00,0.00
randomArrays,2,365,2.21,0.00,0.00
randomArrays,2,33,0.03,0.00,0.00
randomArrays,2,324,1.83,0.00,0.00
randomArrays,2,533,6.82,0.00,0.00
randomArrays,2,467,3.80,0.00,0.00
randomArrays,2,653,8.11,15.62,0.00
randomArrays,2,262,1.07,0.00,0.00
randomArrays,2,26,0.02,0.00,0.00
randomArrays,2,705,10.50,0.00,0.00
randomArrays,2,945,16.71,15.62,0.00
randomArrays,2,145,1.44,0.00,0.00
randomArrays,2,987,32.94,31.25,0.00
randomArrays,2,40,0.04,0.00,0.00
randomArrays,2,418,3.21,0.00,0.00
randomArrays,2,20,0.02,0.00,0.00
randomArrays,2,618,7.84,0.00,0.00
randomArrays,2,463,3.90,0.00,0.00
randomArrays,2,310,1.58,0.00,0.00
randomArrays,2,753,10.13,0.00,0.00
randomArrays,2,203,0.62,0.00,0.00
randomArrays,2,756,10.60,0.00,0.00
randomArrays,2,998,18.41,15.62,0.00
randomArrays,2,631,7.08,15.62,0.00
randomArrays,2,788,11.32,15.62,0.00
randomArrays,2,364,2.27,15.62,0.00
randomArrays,2,435,3.28,0.00,0.00
randomArrays,2,379,2.59,15.62,0.00
randomArrays,2,208,0.65,0.00,0.00
randomArrays,2,503,4.40,0.00,0.00
randomArrays,2,97,0.25,0.00,0.00
randomArrays,2,266,1.15,0.00,0.00
randomArrays,2,828,13.73,0.00,0.00
randomArrays,2,319,1.63,0.00,0.00
randomArrays,2,898,15.58,15.62,0.00
randomArrays,2,380,2.45,0.00,0.00
randomArrays,2,450,3.56,15.62,0.00
randomArrays,2,142,0.32,0.00,0.00
randomArrays,2,434,3.22,0.00,0.00
randomArrays,2,96,0.16,0.00,0.00
randomArrays,2,641,7.59,15.62,0.00
randomArrays,2,538,5.58,0.00,0.00
randomArrays,2,502,4.38,0.00,0.00
randomArrays,2,599,6.37,0.00,0.00
randomArrays,2,299,2.76,0.00,0.00
randomArrays,2,620,7.28,15.62,0.00
randomArrays,2,606,6.54,15.62,0.00
randomArrays,2,282,1.60,15.62,0.00
randomArrays,2,205,0.87,0.00,0.00
randomArrays,2,504,5.83,0.00,0.00
randomArrays,2,315,1.59,0.00,0.00
randomArrays,2,739,14.89,15.62,0.00
randomArrays,2,226,3.02,0.00,0.00
randomArrays,2,239,2.41,0.00,0.00
randomArrays,2,656,11.99,15.62,0.00
randomArrays,2,467,3.85,0.00,0.00
randomArrays,2,855,13.40,0.00,0.00
randomArrays,2,12,0.01,0.00,0.00
randomArrays,2,751,13.93,15.62,0.00
randomArrays,2,426,3.11,0.00,0.00
randomArrays,2,735,12.43,15.62,0.00
randomArrays,2,321,1.70,0.00,0.00
randomArrays,2,522,9.75,0.00,0.00
randomArrays,2,888,14.53,15.62,0.00
randomArrays,2,118,0.23,0.00,0.00
randomArrays,2,813,13.90,0.00,0.00
randomArrays,2,547,5.34,0.00,0.00
randomArrays,2,860,14.17,15.62,0.00
randomArrays,2,189,0.55,0.00,0.00
randomArrays,2,668,8.74,0.00,0.00
randomArrays,2,583,6.18,15.62,0.00
randomArrays,2,489,5.11,0.00,0.00
randomArrays,2,414,3.13,15.62,0.00
randomArrays,2,905,15.63,15.62,0.00
randomArrays,2,742,9.83,0.00,0.00
randomArrays,2,358,2.12,0.00,0.00
randomArrays,2,741,10.54,0.00,0.00
randomArrays,2,470,3.87,0.00,0.00
randomArrays,2,111,0.20,0.00,0.00
randomArrays,2,546,6.47,15.62,0.00
randomArrays,2,591,7.57,0.00,0.00
randomArrays,2,884,14.79,15.62,0.00
randomArrays,2,684,10.70,0.00,0.00
randomArrays,2,975,18.99,15.62,0.00
randomArrays,2,739,9.86,15.62,0.00
randomArrays,2,725,9.81,15.62,0.00
randomArrays,2,893,14.69,15.62,0.00
randomArrays,2,16,0.02,0.00,0.00
randomArrays,2,467,3.86,0.00,0.00
randomArrays,2,307,1.51,0.00,0.00
randomArrays,2,235,0.86,0.00,0.00
randomArrays,2,377,2.61,0.00,0.00
randomArrays,2,448,3.85,0.00,0.00
randomArrays,2,999,18.23,15.62,0.00
randomArrays,2,98,0.53,0.00,0.00
randomArrays,2,456,3.68,0.00,0.00
randomArrays,2,118,0.23,0.00,0.00
randomArrays,2,406,2.86,0.00,0.00
randomArrays,2,33,0.03,0.00,0.00
randomArrays,2,517,6.09,15.62,0.00
randomArrays,2,248,0.91,0.00,0.00
randomArrays,2,61,0.09,0.00,0.00
randomArrays,2,547,6.24,15.62,0.00
randomArrays,2,602,7.49,15.62,0.00
randomArrays,2,579,6.49,0.00,0.00
randomArrays,2,972,17.29,15.62,0.00
randomArrays,2,653,7.63,0.00,0.00
randomArrays,2,866,14.46,15.62,0.00
randomArrays,2,417,3.04,0.00,0.00
randomArrays,2,386,2.52,0.00,0.00
randomArrays,2,349,2.17,0.00,0.00
randomArrays,2,598,6.76,15.62,0.00
randomArrays,2,856,15.04,0.00,0.00
randomArrays,2,152,0.36,0.00,0.00
randomArrays,2,436,3.25,0.00,0.00
randomArrays,2,356,2.26,0.00,0.00
randomArrays,2,598,6.84,0.00,0.00
randomArrays,2,578,6.78,15.62,0.00
randomArrays,2,786,11.75,15.62,0.00
randomArrays,2,124,0.43,0.00,0.00
randomArrays,2,439,3.60,0.00,0.00
randomArrays,2,492,4.32,0.00,0.00
randomArrays,2,207,0.74,0.00,0.00
randomArrays,2,100,0.17,0.00,0.00
randomArrays,2,591,6.29,15.62,0.00
randomArrays,2,397,2.73,0.00,0.00
randomArrays,2,295,1.43,0.00,0.00
randomArrays,2,733,10.31,15.62,0.00
randomArrays,2,231,1.85,0.00,0.00
randomArrays,2,565,6.23,0.00,0.00
randomArrays,2,910,15.71,15.62,0.00
randomArrays,2,74,0.10,0.00,0.00
randomArrays,2,647,9.45,0.00,0.00
randomArrays,2,456,3.88,0.00,0.00
randomArrays,2,954,17.41,15.62,0.00
randomArrays,2,495,4.40,0.00,0.00
randomArrays,2,487,5.98,0.00,0.00
randomArrays,2,559,5.75,0.00,0.00
randomArrays,2,512,4.70,0.00,0.00
randomArrays,2,247,1.43,0.00,0.00
randomArrays,2,219,0.75,0.00,0.00
randomArrays,2,839,13.40,0.00,0.00
randomArrays,2,887,15.04,15.62,0.00
randomArrays,2,942,23.33,31.25,0.00
randomArrays,2,920,16.25,15.62,0.00
randomArrays,2,868,14.22,15.62,0.00
randomArrays,2,25,0.03,0.00,0.00
randomArrays,2,174,0.48,0.00,0.00
randomArrays,2,818,12.54,0.00,0.00
randomArrays,2,660,7.90,0.00,0.00
randomArrays,2,592,6.30,15.62,0.00
randomArrays,2,942,17.30,15.62,0.00
randomArrays,2,962,17.25,15.62,0.00
randomArrays,2,254,1.38,0.00,0.00
randomArrays,2,527,5.11,0.00,0.00
randomArrays,2,786,11.49,0.00,0.00
randomArrays,2,179,0.51,0.00,0.00
randomArrays,2,678,8.60,0.00,0.00
randomArrays,2,950,16.69,15.62,0.00
randomArrays,2,538,5.66,15.62,0.00
randomArrays,2,185,0.62,0.00,0.00
randomArrays,2,689,8.64,15.62,0.00
randomArrays,2,161,0.41,0.00,0.00
randomArrays,2,509,5.34,0.00,0.00
randomArrays,2,376,2.42,0.00,0.00
randomArrays,2,766,10.94,0.00,0.00
randomArrays,2,706,9.18,0.00,0.00
randomArrays,2,644,7.61,15.62,0.00
randomArrays,2,758,10.37,0.00,0.00
randomArrays,2,747,15.67,15.62,0.00
randomArrays,2,349,2.00,0.00,0.00
randomArrays,2,574,6.19,15.62,0.00
randomArrays,2,888,14.78,15.62,0.00
randomArrays,2,235,0.84,0.00,0.00
randomArrays,2,653,7.89,15.62,0.00
randomArrays,2,630,7.91,0.00,0.00
randomArrays,2,76,0.11,0.00,0.00
randomArrays,2,436,3.24,0.00,0.00
randomArrays,2,771,11.63,15.62,0.00
randomArrays,2,217,0.71,0.00,0.00
randomArrays,2,419,3.10,15.62,0.00
randomArrays,2,860,13.82,15.62,0.00
randomArrays,2,288,1.30,0.00,0.00
randomArrays,2,280,1.22,0.00,0.00
randomArrays,2,242,0.94,0.00,0.00
randomArrays,2,602,8.44,0.00,0.00
randomArrays,2,44,0.05,0.00,0.00
randomArrays,2,547,5.21,0.00,0.00
randomArrays,2,860,16.56,15.62,0.00
randomArrays,2,737,10.69,15.62,0.00
randomArrays,2,738,9.90,0.00,0.00
randomArrays,2,725,9.90,0.00,0.00
randomArrays,2,684,8.48,0.00,0.00
randomArrays,2,233,0.81,0.00,0.00
randomArrays,2,342,2.09,0.00,0.00
randomArrays,2,855,14.58,0.00,0.00
randomArrays,2,861,14.54,15.62,0.00
randomArrays,2,566,6.16,0.00,0.00
randomArrays,2,406,3.41,0.00,0.00
randomArrays,2,192,0.58,0.00,0.00
randomArrays,2,850,26.45,15.62,0.00
randomArrays,2,609,7.24,15.62,0.00
randomArrays,2,18,0.02,0.00,0.00
randomArrays,2,482,5.49,15.62,0.00
randomArrays,2,264,1.44,0.00,0.00
randomArrays,2,319,1.70,0.00,0.00
randomArrays,2,252,0.94,0.00,0.00
randomArrays,2,342,2.06,0.00,0.00
randomArrays,2,252,1.42,0.00,0.00
randomArrays,2,205,0.97,0.00,0.00
randomArrays,2,942,23.51,15.62,0.00
randomArrays,2,744,10.12,15.62,0.00
randomArrays,2,537,5.69,0.00,0.00
randomArrays,2,501,4.60,0.00,0.00
randomArrays,2,853,13.33,15.62,0.00
randomArrays,2,341,1.91,15.62,0.00
randomArrays,2,800,12.05,0.00,0.00
randomArrays,2,857,13.81,15.62,0.00
randomArrays,2,427,3.12,0.00,0.00
randomArrays,2,647,8.31,0.00,0.00
randomArrays,2,76,0.24,0.00,0.00
randomArrays,2,677,8.41,15.62,0.00
randomArrays,2,579,5.95,0.00,0.00
randomArrays,2,731,9.99,0.00,0.00
randomArrays,2,704,8.89,0.00,0.00
randomArrays,2,266,1.07,0.00,0.00
randomArrays,2,961,17.34,31.25,0.00
randomArrays,2,263,1.07,0.00,0.00
randomArrays,2,434,3.30,0.00,0.00
randomArrays,2,484,4.71,15.62,0.00
randomArrays,2,163,0.45,0.00,0.00
randomArrays,2,984,19.19,15.62,0.00
randomArrays,2,211,0.67,0.00,0.00
randomArrays,2,185,0.52,0.00,0.00
randomArrays,2,467,4.78,0.00,0.00
randomArrays,2,214,0.69,0.00,0.00
randomArrays,2,35,0.03,0.00,0.00
randomArrays,2,141,0.68,0.00,0.00
randomArrays,2,559,7.80,15.62,0.00
randomArrays,2,706,10.21,0.00,0.00
randomArrays,2,68,0.09,0.00,0.00
randomArrays,2,12,0.02,0.00,0.00
randomArrays,2,405,5.14,15.62,0.00
randomArrays,2,288,2.30,15.62,0.00
randomArrays,2,955,30.37,31.25,0.00
randomArrays,2,50,0.05,0.00,0.00
randomArrays,2,752,23.42,15.62,0.00
randomArrays,2,695,10.01,0.00,0.00
randomArrays,2,186,0.53,0.00,0.00
randomArrays,2,737,10.18,0.00,0.00
randomArrays,2,948,17.04,15.62,0.00
randomArrays,2,151,1.36,0.00,0.00
randomArrays,2,46,0.05,0.00,0.00
randomArrays,2,968,17.57,15.62,0.00
randomArrays,2,333,1.84,0.00,0.00
randomArrays,2,189,0.59,0.00,0.00
randomArrays,2,190,0.59,0.00,0.00
randomArrays,2,589,6.72,15.62,0.00
randomArrays,2,230,0.79,0.00,0.00
randomArrays,2,535,6.99,0.00,0.00
randomArrays,2,189,1.95,15.62,0.00
randomArrays,2,948,21.27,15.62,0.00
randomArrays,2,834,13.82,0.00,0.00
randomArrays,2,273,4.66,0.00,0.00
randomArrays,2,773,17.42,15.62,0.00
randomArrays,2,342,1.92,0.00,0.00
randomArrays,2,995,18.61,15.62,0.00
randomArrays,2,221,0.74,0.00,0.00
randomArrays,2,519,5.77,15.62,0.00
randomArrays,2,479,3.96,15.62,0.00
randomArrays,2,155,0.53,0.00,0.00
randomArrays,2,756,11.08,15.62,0.00
randomArrays,2,658,7.64,0.00,0.00
randomArrays,2,213,0.68,0.00,0.00
randomArrays,2,467,4.16,15.62,0.00
randomArrays,2,191,0.56,0.00,0.00
randomArrays,2,744,10.39,15.62,0.00
randomArrays,2,122,0.24,0.00,0.00
randomArrays,2,178,0.58,0.00,0.00
randomArrays,2,760,10.32,15.62,0.00
randomArrays,2,524,5.44,0.00,0.00
randomArrays,2,264,1.06,0.00,0.00
randomArrays,2,733,9.73,15.62,0.00
randomArrays,2,759,10.81,0.00,0.00
randomArrays,2,177,0.48,0.00,0.00
randomArrays,2,53,0.06,0.00,0.00
randomArrays,2,429,3.77,0.00,0.00
randomArrays,2,508,5.38,0.00,0.00
randomArrays,2,919,16.43,15.62,0.00
randomArrays,2,412,3.53,15.62,0.00
randomArrays,2,503,4.74,0.00,0.00
randomArrays,2,115,0.22,0.00,0.00
randomArrays,2,851,13.79,15.62,0.00
randomArrays,2,848,13.88,15.62,0.00
randomArrays,2,652,8.05,0.00,0.00
randomArrays,2,693,9.00,15.62,0.00
randomArrays,2,662,7.73,0.00,0.00
randomArrays,2,815,12.18,15.62,0.00
randomArrays,2,679,8.60,0.00,0.00
randomArrays,2,141,0.31,0.00,0.00
randomArrays,2,458,3.61,0.00,0.00
randomArrays,2,378,2.43,0.00,0.00
randomArrays,2,662,8.45,15.62,0.00
randomArrays,2,809,12.23,15.62,0.00
randomArrays,2,960,17.22,15.62,0.00
randomArrays,2,454,3.62,15.62,0.00
randomArrays,2,513,4.95,0.00,0.00
randomArrays,2,965,17.47,15.62,0.00
randomArrays,2,855,13.56,15.62,0.00
randomArrays,2,257,0.98,0.00,0.00
randomArrays,2,932,19.25,15.62,0.00
randomArrays,2,112,0.21,0.00,0.00
randomArrays,2,264,1.24,0.00,0.00
randomArrays,2,404,3.22,15.62,0.00
randomArrays,2,830,14.60,15.62,0.00
randomArrays,2,115,0.22,0.00,0.00
randomArrays,2,906,16.79,15.62,0.00
randomArrays,3,469,3.76,0.00,0.00
randomArrays,3,783,11.90,0.00,0.00
randomArrays,3,464,3.79,0.00,0.00
randomArrays,3,267,1.09,0.00,0.00
randomArrays,3,828,12.49,15.62,0.00
randomArrays,3,607,6.65,15.62,0.00
randomArrays,3,319,1.66,0.00,0.00
randomArrays,3,431,3.23,0.00,0.00
randomArrays,3,941,16.78,15.62,0.00
randomArrays,3,937,16.26,15.62,0.00
randomArrays,3,619,7.20,15.62,0.00
randomArrays,3,370,3.41,0.00,0.00
randomArrays,3,478,4.46,0.00,0.00
randomArrays,3,107,0.19,0.00,0.00
randomArrays,3,910,18.32,15.62,0.00
randomArrays,3,381,2.48,0.00,0.00
randomArrays,3,699,9.46,15.62,0.00
randomArrays,3,452,4.35,0.00,0.00
randomArrays,3,882,14.67,15.62,0.00
randomArrays,3,697,9.65,0.00,0.00
randomArrays,3,39,0.04,0.00,0.00
randomArrays,3,382,3.00,0.00,0.00
randomArrays,3,980,18.80,15.62,0.00
randomArrays,3,202,0.62,0.00,0.00
randomArrays,3,674,8.28,15.62,0.00
randomArrays,3,184,0.52,0.00,0.00
randomArrays,3,853,13.65,0.00,0.00
randomArrays,3,101,0.17,0.00,0.00
randomArrays,3,329,1.86,0.00,0.00
randomArrays,3,837,12.93,0.00,0.00
randomArrays,3,952,16.88,15.62,0.00
randomArrays,3,676,8.29,0.00,0.00
randomArrays,3,248,0.91,0.00,0.00
randomArrays,3,845,14.59,15.62,0.00
randomArrays,3,707,12.29,0.00,0.00
randomArrays,3,458,3.65,0.00,0.00
randomArrays,3,219,0.94,0.00,0.00
randomArrays,3,268,1.27,15.62,0.00
randomArrays,3,201,0.61,0.00,0.00
randomArrays,3,520,4.93,0.00,0.00
randomArrays,3,832,13.01,0.00,0.00
randomArrays,3,800,12.29,15.62,0.00
randomArrays,3,753,10.80,15.62,0.00
randomArrays,3,286,1.29,0.00,0.00
randomArrays,3,841,13.07,0.00,0.00
randomArrays,3,240,0.86,0.00,0.00
randomArrays,3,370,8.84,15.62,0.00
randomArrays,3,287,2.01,0.00,0.00
randomArrays,3,89,0.14,0.00,0.00
randomArrays,3,881,15.35,15.62,0.00
randomArrays,3,187,0.53,0.00,0.00
randomArrays,3,373,2.35,0.00,0.00
randomArrays,3,194,0.57,0.00,0.00
randomArrays,3,382,2.49,0.00,0.00
randomArrays,3,826,12.77,15.62,0.00
randomArrays,3,781,11.51,15.62,0.00
randomArrays,3,814,12.49,15.62,0.00
randomArrays,3,525,5.86,0.00,0.00
randomArrays,3,136,0.32,0.00,0.00
randomArrays,3,454,4.01,0.00,0.00
randomArrays,3,563,6.76,15.62,0.00
randomArrays,3,226,0.76,0.00,0.00
randomArrays,3,345,1.99,0.00,0.00
randomArrays,3,514,4.65,0.00,0.00
randomArrays,3,871,14.35,15.62,0.00
randomArrays,3,939,16.76,15.62,0.00
randomArrays,3,397,2.78,0.00,0.00
randomArrays,3,429,3.18,0.00,0.00
randomArrays,3,421,3.08,0.00,0.00
randomArrays,3,747,10.24,0.00,0.00
randomArrays,3,19,0.02,0.00,0.00
randomArrays,3,74,0.10,0.00,0.00
randomArrays,3,259,2.07,0.00,0.00
randomArrays,3,846,13.48,15.62,0.00
randomArrays,3,789,12.05,15.62,0.00
randomArrays,3,671,8.73,15.62,0.00
randomArrays,3,368,2.29,0.00,0.00
randomArrays,3,448,3.48,0.00,0.00
randomArrays,3,237,0.86,0.00,0.00
randomArrays,3,627,10.90,0.00,0.00
randomArrays,3,584,6.13,0.00,0.00
randomArrays,3,328,2.41,0.00,0.00
randomArrays,3,606,7.58,0.00,0.00
randomArrays,3,563,6.37,0.00,0.00
randomArrays,3,774,29.71,31.25,0.00
randomArrays,3,206,1.06,0.00,0.00
randomArrays,3,907,15.56,15.62,0.00
randomArrays,3,37,0.03,0.00,0.00
randomArrays,3,878,15.51,15.62,0.00
randomArrays,3,284,1.25,0.00,0.00
randomArrays,3,853,13.75,15.62,0.00
randomArrays,3,247,0.95,0.00,0.00
randomArrays,3,241,0.91,0.00,0.00
randomArrays,3,348,2.29,0.00,0.00
randomArrays,3,814,14.41,15.62,0.00
randomArrays,3,245,1.54,0.00,0.00
randomArrays,3,335,2.58,15.62,0.00
randomArrays,3,497,4.48,0.00,0.00
randomArrays,3,280,1.21,0.00,0.00
randomArrays,3,664,8.08,0.00,0.00
randomArrays,3,523,5.87,0.00,0.00
randomArrays,3,841,13.84,15.62,0.00
randomArrays,3,290,1.41,0.00,0.00
randomArrays,3,158,0.40,0.00,0.00
randomArrays,3,783,11.60,15.62,0.00
randomArrays,3,638,7.88,15.62,0.00
randomArrays,3,314,1.64,0.00,0.00
randomArrays,3,484,4.21,0.00,0.00
randomArrays,3,972,18.03,15.62,0.00
randomArrays,3,652,7.67,0.00,0.00
randomArrays,3,543,5.26,15.62,0.00
randomArrays,3,487,4.64,15.62,0.00
randomArrays,3,686,9.04,15.62,0.00
randomArrays,3,183,0.97,0.00,0.00
randomArrays,3,572,6.98,0.00,0.00
randomArrays,3,747,10.47,15.62,0.00
randomArrays,3,780,11.86,15.62,0.00
randomArrays,3,828,12.61,15.62,0.00
randomArrays,3,591,6.34,0.00,0.00
randomArrays,3,415,3.10,0.00,0.00
randomArrays,3,648,7.53,15.62,0.00
randomArrays,3,204,0.63,0.00,0.00
randomArrays,3,510,4.58,0.00,0.00
randomArrays,3,422,3.07,0.00,0.00
randomArrays,3,541,5.19,15.62,0.00
randomArrays,3,875,14.43,15.62,0.00
randomArrays,3,742,10.73,15.62,0.00
randomArrays,3,384,2.61,0.00,0.00
randomArrays,3,266,1.07,0.00,0.00
randomArrays,3,137,0.30,0.00,0.00
randomArrays,3,970,19.47,15.62,0.00
randomArrays,3,685,8.51,0.00,0.00
randomArrays,3,665,8.30,0.00,0.00
randomArrays,3,319,1.82,0.00,0.00
randomArrays,3,808,12.71,15.62,0.00
randomArrays,3,143,0.32,0.00,0.00
randomArrays,3,147,0.34,0.00,0.00
randomArrays,3,929,16.83,15.62,0.00
randomArrays,3,906,15.58,15.62,0.00
randomArrays,3,425,3.12,15.62,0.00
randomArrays,3,736,10.46,15.62,0.00
randomArrays,3,65,0.08,0.00,0.00
randomArrays,3,305,1.90,0.00,0.00
randomArrays,3,194,0.80,0.00,0.00
randomArrays,3,545,5.35,0.00,0.00
randomArrays,3,49,0.05,0.00,0.00
randomArrays,3,731,10.02,15.62,0.00
randomArrays,3,712,9.14,0.00,0.00
randomArrays,3,732,10.58,0.00,0.00
randomArrays,3,57,0.07,0.00,0.00
randomArrays,3,983,19.60,31.25,0.00
randomArrays,3,345,2.37,0.00,0.00
randomArrays,3,152,0.36,0.00,0.00
randomArrays,3,963,18.41,15.62,0.00
randomArrays,3,544,6.01,0.00,0.00
randomArrays,3,870,14.10,0.00,0.00
randomArrays,3,557,5.74,15.62,0.00
randomArrays,3,168,0.45,0.00,0.00
randomArrays,3,373,2.35,0.00,0.00
randomArrays,3,416,3.94,0.00,0.00
randomArrays,3,942,16.53,15.62,0.00
randomArrays,3,966,17.92,31.25,0.00
randomArrays,3,363,3.40,0.00,0.00
randomArrays,3,955,17.29,15.62,0.00
randomArrays,3,626,11.69,15.62,0.00
randomArrays,3,948,19.80,15.62,0.00
randomArrays,3,193,0.61,0.00,0.00
randomArrays,3,361,2.52,15.62,0.00
randomArrays,3,195,0.58,0.00,0.00
randomArrays,3,905,16.34,15.62,0.00
randomArrays,3,105,0.19,0.00,0.00
randomArrays,3,750,10.66,0.00,0.00
randomArrays,3,565,5.74,0.00,0.00
randomArrays,3,538,5.75,0.00,0.00
randomArrays,3,488,4.60,0.00,0.00
randomArrays,3,30,0.03,0.00,0.00
randomArrays,3,554,6.03,0.00,0.00
randomArrays,3,407,3.83,0.00,0.00
randomArrays,3,958,17.26,15.62,0.00
randomArrays,3,137,0.38,0.00,0.00
randomArrays,3,101,0.17,0.00,0.00
randomArrays,3,633,7.21,15.62,0.00
randomArrays,3,44,0.04,0.00,0.00
randomArrays,3,738,9.90,0.00,0.00
randomArrays,3,763,11.11,15.62,0.00
randomArrays,3,319,1.65,0.00,0.00
randomArrays,3,682,9.71,0.00,0.00
randomArrays,3,820,13.49,15.62,0.00
randomArrays,3,896,15.46,0.00,0.00
randomArrays,3,712,9.18,15.62,0.00
randomArrays,3,554,6.10,15.62,0.00
randomArrays,3,940,16.39,15.62,0.00
randomArrays,3,787,11.89,15.62,0.00
randomArrays,3,255,0.98,0.00,0.00
randomArrays,3,135,0.29,0.00,0.00
randomArrays,3,546,6.21,0.00,0.00
randomArrays,3,643,8.27,0.00,0.00
randomArrays,3,197,0.59,0.00,0.00
randomArrays,3,643,8.07,15.62,0.00
randomArrays,3,858,13.89,0.00,0.00
randomArrays,3,134,0.32,0.00,0.00
randomArrays,3,133,0.28,0.00,0.00
randomArrays,3,317,1.66,0.00,0.00
randomArrays,3,312,1.74,0.00,0.00
randomArrays,3,160,0.44,0.00,0.00
randomArrays,3,838,14.42,0.00,0.00
randomArrays,3,316,1.61,0.00,0.00
randomArrays,3,111,0.20,0.00,0.00
randomArrays,3,530,4.98,0.00,0.00
randomArrays,3,827,12.41,15.62,0.00
randomArrays,3,994,18.43,31.25,0.00
randomArrays,3,348,2.01,0.00,0.00
randomArrays,3,652,7.63,15.62,0.00
randomArrays,3,339,1.90,0.00,0.00
randomArrays,3,908,15.71,15.62,0.00
randomArrays,3,655,7.73,0.00,0.00
randomArrays,3,899,15.52,15.62,0.00
randomArrays,3,377,3.20,0.00,0.00
randomArrays,3,793,11.57,0.00,0.00
randomArrays,3,12,0.02,0.00,0.00
randomArrays,3,236,0.99,0.00,0.00
randomArrays,3,851,16.20,15.62,0.00
randomArrays,3,462,4.33,0.00,0.00
randomArrays,3,49,0.05,0.00,0.00
randomArrays,3,649,8.38,15.62,0.00
randomArrays,3,299,1.42,0.00,0.00
randomArrays,3,796,12.49,15.62,0.00
randomArrays,3,227,0.77,0.00,0.00
randomArrays,3,929,17.05,15.62,0.00
randomArrays,3,166,0.43,0.00,0.00
randomArrays,3,277,1.93,0.00,0.00
randomArrays,3,179,0.71,0.00,0.00
randomArrays,3,809,19.09,15.62,0.00
randomArrays,3,232,0.80,0.00,0.00
randomArrays,3,247,0.91,0.00,0.00
randomArrays,3,99,0.26,0.00,0.00
randomArrays,3,649,8.59,0.00,0.00
randomArrays,3,15,0.01,0.00,0.00
randomArrays,3,646,8.27,15.62,0.00
randomArrays,3,463,3.84,15.62,0.00
randomArrays,3,587,6.80,0.00,0.00
randomArrays,3,898,15.91,15.62,0.00
randomArrays,3,643,7.52,15.62,0.00
randomArrays,3,840,13.64,0.00,0.00
randomArrays,3,708,9.89,15.62,0.00
randomArrays,3,214,0.70,0.00,0.00
randomArrays,3,565,5.86,0.00,0.00
randomArrays,3,157,0.73,0.00,0.00
randomArrays,3,265,1.52,0.00,0.00
randomArrays,3,171,1.20,0.00,0.00
randomArrays,3,136,0.68,0.00,0.00
randomArrays,3,290,2.06,15.62,0.00
randomArrays,3,96,0.37,0.00,0.00
randomArrays,3,11,0.02,0.00,0.00
randomArrays,3,311,2.43,0.00,0.00
randomArrays,3,566,6.32,15.62,0.00
randomArrays,3,328,1.80,0.00,0.00
randomArrays,3,358,2.20,15.62,0.00
randomArrays,3,674,8.49,0.00,0.00
randomArrays,3,490,4.72,15.62,0.00
randomArrays,3,36,0.03,0.00,0.00
randomArrays,3,408,3.38,0.00,0.00
randomArrays,3,49,0.07,0.00,0.00
randomArrays,3,581,8.52,0.00,0.00
randomArrays,3,879,15.69,15.62,0.00
randomArrays,3,61,0.07,0.00,0.00
randomArrays,3,656,8.44,0.00,0.00
randomArrays,3,411,3.55,0.00,0.00
randomArrays,3,361,2.25,0.00,0.00
randomArrays,3,994,18.62,15.62,0.00
randomArrays,3,416,3.01,0.00,0.00
randomArrays,3,966,17.40,15.62,0.00
randomArrays,3,92,0.15,0.00,0.00
randomArrays,3,429,4.06,15.62,0.00
randomArrays,3,658,8.45,15.62,0.00
randomArrays,3,877,14.43,15.62,0.00
randomArrays,3,780,11.85,15.62,0.00
randomArrays,3,669,8.15,0.00,0.00
randomArrays,3,394,2.76,0.00,0.00
randomArrays,3,892,14.70,15.62,0.00
randomArrays,3,180,0.50,0.00,0.00
randomArrays,3,829,13.29,0.00,0.00
randomArrays,3,255,0.97,0.00,0.00
randomArrays,3,374,2.38,0.00,0.00
randomArrays,3,37,0.03,0.00,0.00
randomArrays,3,919,16.62,15.62,0.00
randomArrays,3,850,13.87,15.62,0.00
randomArrays,3,930,16.56,15.62,0.00
randomArrays,3,419,3.05,0.00,0.00
randomArrays,3,720,9.54,15.62,0.00
randomArrays,3,378,2.68,0.00,0.00
randomArrays,3,815,12.70,0.00,0.00
randomArrays,3,566,5.86,0.00,0.00
randomArrays,3,623,6.94,0.00,0.00
randomArrays,3,597,6.37,15.62,0.00
randomArrays,3,148,0.34,0.00,0.00
randomArrays,3,580,6.02,0.00,0.00
randomArrays,3,244,0.88,0.00,0.00
randomArrays,3,703,9.00,0.00,0.00
randomArrays,3,743,10.58,15.62,0.00
randomArrays,3,923,16.06,15.62,0.00
randomArrays,3,284,1.36,0.00,0.00
randomArrays,3,35,0.03,0.00,0.00
randomArrays,3,941,19.04,31.25,0.00
randomArrays,3,39,0.04,0.00,0.00
randomArrays,3,276,1.18,0.00,0.00
randomArrays,3,494,4.31,0.00,0.00
randomArrays,3,547,5.73,0.00,0.00
randomArrays,3,837,13.24,15.62,0.00
randomArrays,3,183,0.65,0.00,0.00
randomArrays,3,360,2.36,0.00,0.00
randomArrays,3,627,8.33,0.00,0.00
randomArrays,3,833,12.97,15.62,0.00
randomArrays,3,491,4.34,0.00,0.00
randomArrays,3,623,7.43,0.00,0.00
randomArrays,3,850,13.91,15.62,0.00
randomArrays,3,35,0.04,0.00,0.00
randomArrays,3,584,7.05,15.62,0.00
randomArrays,3,34,0.03,0.00,0.00
randomArrays,3,335,1.85,0.00,0.00
randomArrays,3,145,0.33,0.00,0.00
randomArrays,3,61,0.07,0.00,0.00
randomArrays,3,88,0.16,0.00,0.00
randomArrays,3,442,4.32,15.62,0.00
randomArrays,3,729,12.25,15.62,0.00
randomArrays,3,312,1.99,0.00,0.00
randomArrays,3,620,7.12,0.00,0.00
randomArrays,3,77,0.15,0.00,0.00
randomArrays,3,784,13.12,15.62,0.00
randomArrays,3,720,10.04,15.62,0.00
randomArrays,3,796,11.66,15.62,0.00
randomArrays,3,81,0.12,0.00,0.00
randomArrays,3,900,15.15,15.62,0.00
randomArrays,3,570,5.81,0.00,0.00
randomArrays,3,749,10.31,0.00,0.00
randomArrays,3,723,11.04,0.00,0.00
randomArrays,3,54,0.06,0.00,0.00
randomArrays,3,261,1.16,0.00,0.00
randomArrays,3,831,21.80,15.62,0.00
randomArrays,3,133,0.28,0.00,0.00
randomArrays,3,165,0.42,0.00,0.00
randomArrays,3,441,3.72,15.62,0.00
randomArrays,3,782,12.27,15.62,0.00
randomArrays,3,384,2.50,15.62,0.00
randomArrays,3,283,1.24,0.00,0.00
randomArrays,3,71,0.09,0.00,0.00
randomArrays,3,374,3.00,0.00,0.00
randomArrays,3,204,0.63,0.00,0.00
randomArrays,3,437,3.34,0.00,0.00
randomArrays,3,662,8.93,15.62,0.00
randomArrays,3,821,12.33,0.00,0.00
randomArrays,3,198,0.60,0.00,0.00
randomArrays,3,776,11.41,15.62,0.00
randomArrays,3,124,0.25,0.00,0.00
randomArrays,3,202,0.70,0.00,0.00
randomArrays,3,806,12.81,15.62,0.00
randomArrays,3,448,3.51,0.00,0.00
randomArrays,3,383,2.56,0.00,0.00
randomArrays,3,992,18.93,31.25,0.00
randomArrays,3,714,9.42,0.00,0.00
randomArrays,3,528,4.93,0.00,0.00
randomArrays,3,137,0.30,0.00,0.00
randomArrays,3,122,0.24,0.00,0.00
randomArrays,3,883,18.38,15.62,0.00
randomArrays,3,614,6.85,0.00,0.00
randomArrays,3,841,13.37,15.62,0.00
randomArrays,3,471,3.87,15.62,0.00
randomArrays,3,871,14.24,15.62,0.00
randomArrays,3,938,16.75,15.62,0.00
randomArrays,3,238,0.84,0.00,0.00
randomArrays,3,772,11.07,15.62,0.00
randomArrays,3,334,2.70,0.00,0.00
randomArrays,3,274,1.23,0.00,0.00
randomArrays,3,385,2.63,0.00,0.00
randomArrays,3,455,3.74,0.00,0.00
randomArrays,3,202,0.63,0.00,0.00
randomArrays,3,349,2.09,0.00,0.00
randomArrays,3,170,0.45,0.00,0.00
randomArrays,3,365,2.25,0.00,0.00
randomArrays,3,921,16.40,15.62,0.00
randomArrays,3,368,2.29,0.00,0.00
randomArrays,3,851,13.50,0.00,0.00
randomArrays,3,736,10.24,15.62,0.00
randomArrays,3,64,0.08,0.00,0.00
randomArrays,3,371,3.21,0.00,0.00
randomArrays,3,962,20.73,15.62,0.00
randomArrays,3,758,10.46,15.62,0.00
randomArrays,3,565,6.36,0.00,0.00
randomArrays,3,246,0.90,0.00,0.00
randomArrays,3,390,2.87,0.00,0.00
randomArrays,3,833,14.05,15.62,0.00
randomArrays,3,359,2.47,0.00,0.00
randomArrays,3,647,7.59,0.00,0.00
randomArrays,3,830,13.11,15.62,0.00
randomArrays,3,790,11.86,0.00,0.00
randomArrays,3,789,16.41,15.62,0.00
randomArrays,3,33,0.04,0.00,0.00
randomArrays,3,324,1.71,0.00,0.00
randomArrays,3,460,4.07,0.00,0.00
randomArrays,3,660,7.87,15.62,0.00
randomArrays,3,553,5.46,0.00,0.00
randomArrays,3,181,0.50,0.00,0.00
randomArrays,3,106,0.19,0.00,0.00
randomArrays,3,198,0.59,0.00,0.00
randomArrays,3,795,14.27,15.62,0.00
randomArrays,3,149,0.37,0.00,0.00
randomArrays,3,42,0.04,0.00,0.00
randomArrays,3,538,5.17,0.00,0.00
randomArrays,3,405,2.87,0.00,0.00
randomArrays,3,741,9.96,0.00,0.00
randomArrays,3,88,0.13,0.00,0.00
randomArrays,3,896,15.68,15.62,0.00
randomArrays,3,574,6.91,15.62,16.00
randomArrays,3,34,0.03,0.00,0.00
randomArrays,3,83,0.13,0.00,0.00
randomArrays,3,311,1.99,0.00,0.00
randomArrays,3,168,0.46,0.00,0.00
randomArrays,3,720,9.44,15.62,0.00
randomArrays,3,499,4.39,0.00,0.00
randomArrays,3,280,1.25,0.00,0.00
randomArrays,3,960,17.37,15.62,0.00
randomArrays,3,351,2.65,0.00,0.00
randomArrays,3,840,13.52,15.62,0.00
randomArrays,3,826,12.88,15.62,0.00
randomArrays,3,780,11.55,15.62,0.00
randomArrays,3,592,6.24,0.00,0.00
randomArrays,3,601,6.50,15.62,0.00
randomArrays,3,924,16.02,15.62,0.00
randomArrays,3,630,7.52,15.62,0.00
randomArrays,3,738,10.24,0.00,0.00
randomArrays,3,43,0.04,0.00,0.00
randomArrays,3,546,7.40,0.00,0.00
randomArrays,3,118,0.25,0.00,0.00
randomArrays,3,812,13.44,15.62,0.00
randomArrays,3,636,7.35,15.62,0.00
randomArrays,3,253,0.96,0.00,0.00
randomArrays,3,443,3.97,0.00,0.00
randomArrays,3,292,1.58,0.00,0.00
randomArrays,3,723,23.57,31.25,0.00
randomArrays,3,398,3.69,0.00,0.00
randomArrays,3,368,3.22,15.62,0.00
randomArrays,3,534,6.90,0.00,0.00
randomArrays,3,899,15.17,15.62,0.00
randomArrays,3,137,0.30,0.00,0.00
randomArrays,3,187,0.53,0.00,0.00
randomArrays,3,164,0.59,0.00,0.00
randomArrays,3,735,11.08,15.62,0.00
randomArrays,3,524,5.07,0.00,0.00
randomArrays,3,512,4.75,0.00,0.00
randomArrays,3,15,0.02,0.00,0.00
randomArrays,3,737,13.29,15.62,0.00
randomArrays,3,616,6.82,0.00,0.00
randomArrays,3,349,2.05,0.00,0.00
randomArrays,3,645,10.95,15.62,0.00
randomArrays,3,502,4.98,0.00,0.00
randomArrays,3,932,16.34,15.62,0.00
randomArrays,3,778,10.99,15.62,0.00
randomArrays,3,126,0.38,0.00,0.00
randomArrays,3,836,13.83,15.62,0.00
randomArrays,3,911,15.39,15.62,0.00
randomArrays,3,265,1.07,0.00,0.00
randomArrays,3,694,8.91,15.62,0.00
randomArrays,3,188,0.54,0.00,0.00
randomArrays,3,282,1.23,0.00,0.00
randomArrays,3,347,2.00,15.62,0.00
randomArrays,3,768,11.75,0.00,0.00
randomArrays,3,778,12.48,0.00,0.00
randomArrays,3,549,5.34,0.00,0.00
randomArrays,3,12,0.01,0.00,0.00
randomArrays,3,336,2.43,0.00,0.00
randomArrays,3,949,16.85,15.62,0.00
randomArrays,3,179,0.49,0.00,0.00
randomArrays,3,634,7.43,15.62,0.00
randomArrays,3,38,0.04,0.00,0.00
randomArrays,3,123,0.28,0.00,0.00
randomArrays,3,282,1.58,0.00,0.00
randomArrays,3,452,4.58,0.00,0.00
randomArrays,3,217,1.38,0.00,0.00
randomArrays,3,629,7.51,0.00,0.00
randomArrays,3,275,1.16,0.00,0.00
randomArrays,3,66,0.09,0.00,0.00
randomArrays,3,308,1.52,0.00,0.00
randomArrays,3,809,12.63,15.62,0.00
randomArrays,3,634,7.65,0.00,0.00
randomArrays,3,478,4.45,15.62,0.00
randomArrays,3,336,1.91,0.00,0.00
randomArrays,3,672,8.55,15.62,0.00
randomArrays,3,583,7.25,0.00,0.00
randomArrays,3,413,3.36,0.00,0.00
randomArrays,3,683,8.47,0.00,0.00
randomArrays,3,463,3.75,15.62,0.00
randomArrays,3,267,1.08,0.00,0.00
randomArrays,3,73,0.10,0.00,0.00
randomArrays,3,641,7.56,0.00,0.00
randomArrays,3,827,13.49,15.62,0.00
randomArrays,3,864,14.41,15.62,0.00
randomArrays,3,672,8.67,15.62,0.00
randomArrays,3,948,16.58,15.62,0.00
randomArrays,3,523,5.58,0.00,0.00
randomArrays,3,113,0.21,0.00,0.00
randomArrays,3,855,17.61,15.62,0.00
randomArrays,3,764,11.70,0.00,0.00
randomArrays,3,559,5.81,0.00,0.00
randomArrays,3,256,0.98,0.00,0.00
randomArrays,3,861,14.19,15.62,0.00
randomArrays,3,215,0.70,0.00,0.00
randomArrays,3,610,6.96,0.00,0.00
randomArrays,3,133,0.28,0.00,0.00
randomArrays,3,721,10.53,15.62,0.00
randomArrays,3,826,12.68,15.62,0.00
randomArrays,3,732,10.38,15.62,0.00
randomArrays,3,218,0.72,0.00,0.00
randomArrays,3,897,15.33,15.62,0.00
randomArrays,3,95,0.15,0.00,0.00
randomArrays,3,596,7.54,0.00,0.00
randomArrays,3,333,1.82,0.00,0.00
randomArrays,3,139,0.31,0.00,0.00
randomArrays,3,90,0.14,0.00,0.00
randomArrays,3,724,9.57,0.00,0.00
randomArrays,3,24,0.02,0.00,0.00
randomArrays,3,182,0.51,0.00,0.00
randomArrays,3,440,3.71,0.00,0.00
randomArrays,3,521,5.50,0.00,0.00
randomArrays,3,653,8.09,0.00,0.00
randomArrays,3,422,4.08,15.62,0.00
randomArrays,3,919,16.25,15.62,0.00
randomArrays,3,399,3.68,0.00,0.00
randomArrays,3,148,0.35,0.00,0.00
randomArrays,3,651,8.82,15.62,0.00
randomArrays,3,953,16.79,15.62,0.00
randomArrays,3,205,0.64,0.00,0.00
randomArrays,3,713,9.77,15.62,0.00
randomArrays,3,335,1.90,0.00,0.00
randomArrays,3,800,11.95,15.62,0.00
randomArrays,3,263,1.06,15.62,0.00
randomArrays,3,305,1.50,0.00,0.00
randomArrays,3,772,11.42,15.62,0.00
randomArrays,3,760,11.37,15.62,0.00
randomArrays,3,985,17.99,15.62,0.00
randomArrays,3,468,3.87,0.00,0.00
randomArrays,3,542,5.62,15.62,0.00
randomArrays,3,137,0.30,0.00,0.00
randomArrays,3,877,14.52,0.00,0.00
randomArrays,3,407,2.84,0.00,0.00
randomArrays,3,13,0.01,0.00,0.00
randomArrays,3,857,13.97,0.00,0.00
randomArrays,3,961,17.50,15.62,0.00
randomArrays,3,963,17.48,15.62,0.00
randomArrays,3,792,12.10,15.62,0.00
randomArrays,3,190,0.55,0.00,0.00
randomArrays,3,859,14.11,15.62,0.00
randomArrays,3,989,18.36,15.62,0.00
randomArrays,3,816,13.29,15.62,0.00
randomArrays,3,950,17.29,15.62,0.00
randomArrays,3,241,1.84,0.00,0.00
randomArrays,3,957,17.23,15.62,0.00
randomArrays,3,155,0.38,0.00,0.00
randomArrays,3,625,7.24,0.00,0.00
randomArrays,3,573,6.65,0.00,0.00
randomArrays,3,278,1.19,0.00,0.00
randomArrays,3,67,0.09,0.00,0.00
randomArrays,3,785,11.68,15.62,0.00
randomArrays,3,576,6.32,15.62,0.00
randomArrays,3,949,16.77,15.62,0.00
randomArrays,3,274,1.15,0.00,0.00
randomArrays,3,827,13.02,15.62,0.00
randomArrays,3,246,1.03,0.00,0.00
randomArrays,3,497,4.92,15.62,0.00
randomArrays,3,98,0.18,0.00,0.00
randomArrays,3,87,0.13,0.00,0.00
randomArrays,3,362,2.55,0.00,0.00
randomArrays,3,748,10.36,0.00,0.00
randomArrays,3,553,5.61,0.00,0.00
randomArrays,3,931,29.38,31.25,0.00
randomArrays,3,24,0.02,0.00,0.00
randomArrays,3,836,13.17,15.62,0.00
randomArrays,3,524,4.86,15.62,0.00
randomArrays,3,286,1.29,0.00,0.00
randomArrays,3,379,2.46,0.00,0.00
randomArrays,3,654,8.26,0.00,0.00
randomArrays,3,795,12.52,15.62,0.00
randomArrays,3,335,1.85,0.00,0.00
randomArrays,3,218,0.72,0.00,0.00
randomArrays,3,390,2.59,0.00,0.00
randomArrays,3,80,0.11,0.00,0.00
randomArrays,3,602,6.50,15.62,0.00
randomArrays,3,687,9.14,0.00,0.00
randomArrays,3,573,6.99,15.62,0.00
randomArrays,3,857,13.81,15.62,0.00
randomArrays,3,484,4.16,0.00,0.00
randomArrays,3,633,7.96,0.00,0.00
randomArrays,3,393,2.64,0.00,0.00
randomArrays,3,953,17.57,15.62,0.00
randomArrays,3,718,10.13,15.62,0.00
randomArrays,3,330,1.80,0.00,0.00
randomArrays,3,273,1.14,0.00,0.00
randomArrays,3,323,1.70,0.00,0.00
randomArrays,3,971,18.30,15.62,0.00
randomArrays,3,156,0.38,0.00,0.00
randomArrays,3,971,18.03,15.62,0.00
randomArrays,3,202,0.62,0.00,0.00
randomArrays,3,201,0.61,0.00,0.00
randomArrays,3,230,0.80,0.00,0.00
randomArrays,3,953,17.15,15.62,0.00
randomArrays,3,399,2.72,0.00,0.00
randomArrays,3,354,2.16,0.00,0.00
randomArrays,3,334,2.11,0.00,0.00
randomArrays,3,538,5.81,0.00,0.00
randomArrays,3,238,0.85,0.00,0.00
randomArrays,3,415,2.97,15.62,0.00
randomArrays,3,498,4.50,0.00,0.00
randomArrays,3,193,0.57,0.00,0.00
randomArrays,3,125,0.25,0.00,0.00
randomArrays,3,100,0.22,0.00,0.00
randomArrays,3,742,14.27,15.62,0.00
randomArrays,3,588,6.60,0.00,0.00
randomArrays,3,355,2.11,0.00,0.00
randomArrays,3,923,16.13,15.62,0.00
randomArrays,3,167,0.52,0.00,0.00
randomArrays,3,518,4.84,0.00,0.00
randomArrays,3,649,16.82,15.62,0.00
randomArrays,3,280,3.00,0.00,0.00
randomArrays,3,842,25.63,31.25,0.00
randomArrays,3,586,6.18,0.00,0.00
randomArrays,3,519,5.50,0.00,0.00
randomArrays,3,112,0.21,0.00,0.00
randomArrays,3,320,1.83,0.00,0.00
randomArrays,3,955,23.15,15.62,0.00
randomArrays,3,61,0.07,0.00,0.00
randomArrays,3,709,11.69,0.00,0.00
randomArrays,3,671,8.60,15.62,0.00
randomArrays,3,437,4.41,0.00,0.00
randomArrays,3,917,16.02,0.00,0.00
randomArrays,3,499,4.38,0.00,0.00
randomArrays,3,503,4.46,0.00,0.00
randomArrays,3,676,8.97,0.00,0.00
randomArrays,3,594,6.76,15.62,0.00
randomArrays,3,48,0.05,0.00,0.00
randomArrays,3,590,6.72,15.62,0.00
randomArrays,3,861,13.98,0.00,0.00
randomArrays,3,363,3.44,0.00,0.00
randomArrays,3,969,17.53,15.62,0.00
randomArrays,3,912,15.63,15.62,0.00
randomArrays,3,779,11.73,0.00,0.00
randomArrays,3,301,1.45,0.00,0.00
randomArrays,3,545,5.34,0.00,0.00
randomArrays,3,24,0.02,0.00,0.00
randomArrays,3,953,17.51,15.62,0.00
randomArrays,3,440,3.35,0.00,0.00
randomArrays,3,997,19.50,15.62,0.00
randomArrays,3,661,7.93,15.62,0.00
randomArrays,3,583,6.12,0.00,0.00
randomArrays,3,478,4.12,0.00,0.00
randomArrays,3,220,0.73,0.00,0.00
randomArrays,3,458,3.65,0.00,0.00
randomArrays,3,783,11.73,15.62,0.00
randomArrays,3,554,5.81,0.00,0.00
randomArrays,3,167,0.43,0.00,0.00
randomArrays,3,338,2.40,0.00,0.00
randomArrays,3,321,2.14,0.00,0.00
randomArrays,3,993,19.63,15.62,0.00
randomArrays,3,414,3.16,0.00,0.00
randomArrays,3,630,7.27,0.00,0.00
randomArrays,3,572,5.86,0.00,0.00
randomArrays,3,119,0.23,0.00,0.00
randomArrays,3,852,14.09,15.62,0.00
randomArrays,3,392,2.68,0.00,0.00
randomArrays,3,744,10.09,0.00,0.00
randomArrays,3,767,11.41,0.00,0.00
randomArrays,3,419,3.02,0.00,0.00
randomArrays,3,186,0.70,0.00,0.00
randomArrays,3,498,5.05,15.62,0.00
randomArrays,3,369,2.30,0.00,0.00
randomArrays,3,545,5.27,15.62,0.00
randomArrays,3,585,6.22,15.62,0.00
randomArrays,3,232,0.80,0.00,0.00
randomArrays,3,683,9.08,0.00,0.00
randomArrays,3,373,2.35,15.62,0.00
randomArrays,3,67,0.08,0.00,0.00
randomArrays,3,47,0.05,0.00,0.00
randomArrays,3,353,2.42,0.00,0.00
randomArrays,3,165,0.42,0.00,0.00
randomArrays,3,822,12.37,15.62,0.00
randomArrays,3,207,0.65,0.00,0.00
randomArrays,3,365,7.34,0.00,0.00
randomArrays,3,33,0.04,0.00,0.00
randomArrays,3,324,2.58,0.00,0.00
randomArrays,3,533,7.54,0.00,0.00
randomArrays,3,467,4.01,0.00,0.00
randomArrays,3,653,8.46,15.62,0.00
randomArrays,3,262,1.07,0.00,0.00
randomArrays,3,26,0.04,0.00,0.00
randomArrays,3,705,9.66,0.00,0.00
randomArrays,3,945,18.07,15.62,0.00
randomArrays,3,145,0.35,0.00,0.00
randomArrays,3,987,18.30,15.62,0.00
randomArrays,3,40,0.04,0.00,0.00
randomArrays,3,418,3.11,0.00,0.00
randomArrays,3,20,0.02,0.00,0.00
randomArrays,3,618,7.05,15.62,0.00
randomArrays,3,463,3.84,0.00,0.00
randomArrays,3,310,1.69,0.00,0.00
randomArrays,3,753,20.67,31.25,0.00
randomArrays,3,203,1.06,0.00,0.00
randomArrays,3,756,10.85,15.62,0.00
randomArrays,3,998,19.15,15.62,0.00
randomArrays,3,631,7.57,0.00,0.00
randomArrays,3,788,12.05,15.62,0.00
randomArrays,3,364,2.23,0.00,0.00
randomArrays,3,435,3.56,15.62,0.00
randomArrays,3,379,2.67,0.00,0.00
randomArrays,3,208,0.73,0.00,0.00
randomArrays,3,503,4.58,15.62,0.00
randomArrays,3,97,0.17,0.00,0.00
randomArrays,3,266,1.42,0.00,0.00
randomArrays,3,828,13.05,15.62,0.00
randomArrays,3,319,1.69,0.00,0.00
randomArrays,3,898,15.43,15.62,0.00
randomArrays,3,380,2.58,0.00,0.00
randomArrays,3,450,3.70,15.62,0.00
randomArrays,3,142,0.33,0.00,0.00
randomArrays,3,434,3.39,0.00,0.00
randomArrays,3,96,0.17,0.00,0.00
randomArrays,3,641,7.54,15.62,0.00
randomArrays,3,538,5.27,0.00,0.00
randomArrays,3,502,4.50,0.00,0.00
randomArrays,3,599,6.74,15.62,0.00
randomArrays,3,299,1.46,0.00,0.00
randomArrays,3,620,7.30,0.00,0.00
randomArrays,3,606,7.40,0.00,0.00
randomArrays,3,282,1.27,0.00,0.00
randomArrays,3,205,0.66,0.00,0.00
randomArrays,3,504,4.59,15.62,0.00
randomArrays,3,315,1.83,0.00,0.00
randomArrays,3,739,10.42,15.62,0.00
randomArrays,3,226,1.64,0.00,0.00
randomArrays,3,239,1.29,0.00,0.00
randomArrays,3,656,10.54,15.62,0.00
randomArrays,3,467,3.90,0.00,0.00
randomArrays,3,855,13.94,0.00,0.00
randomArrays,3,12,0.01,0.00,0.00
randomArrays,3,751,10.82,15.62,0.00
randomArrays,3,426,3.21,0.00,0.00
randomArrays,3,735,10.39,15.62,0.00
randomArrays,3,321,1.77,0.00,0.00
randomArrays,3,522,5.02,15.62,0.00
randomArrays,3,888,15.05,15.62,0.00
randomArrays,3,118,0.24,0.00,0.00
randomArrays,3,813,13.01,15.62,0.00
randomArrays,3,547,6.02,0.00,0.00
randomArrays,3,860,14.31,15.62,0.00
randomArrays,3,189,0.77,0.00,0.00
randomArrays,3,668,8.42,0.00,0.00
randomArrays,3,583,6.24,15.62,0.00
randomArrays,3,489,4.67,15.62,0.00
randomArrays,3,414,3.02,0.00,0.00
randomArrays,3,905,15.98,15.62,0.00
randomArrays,3,742,10.18,0.00,0.00
randomArrays,3,358,2.17,0.00,0.00
randomArrays,3,741,10.19,15.62,0.00
randomArrays,3,470,4.14,0.00,0.00
randomArrays,3,111,0.21,0.00,0.00
randomArrays,3,546,5.71,15.62,0.00
randomArrays,3,591,6.72,15.62,0.00
randomArrays,3,884,15.31,15.62,0.00
randomArrays,3,684,8.99,15.62,0.00
randomArrays,3,975,18.25,15.62,0.00
randomArrays,3,739,10.12,15.62,0.00
randomArrays,3,725,10.51,15.62,0.00
randomArrays,3,893,15.13,15.62,0.00
randomArrays,3,16,0.02,0.00,0.00
randomArrays,3,467,3.96,0.00,0.00
randomArrays,3,307,1.56,0.00,0.00
randomArrays,3,235,0.87,0.00,0.00
randomArrays,3,377,2.47,15.62,0.00
randomArrays,3,448,3.57,0.00,0.00
randomArrays,3,999,33.53,31.25,0.00
randomArrays,3,98,0.17,0.00,0.00
randomArrays,3,456,3.75,0.00,0.00
randomArrays,3,118,0.25,0.00,0.00
randomArrays,3,406,2.89,0.00,0.00
randomArrays,3,33,0.05,0.00,0.00
randomArrays,3,517,4.82,15.62,0.00
randomArrays,3,248,1.00,0.00,0.00
randomArrays,3,61,0.07,0.00,0.00
randomArrays,3,547,5.97,0.00,0.00
randomArrays,3,602,6.53,0.00,0.00
randomArrays,3,579,6.12,15.62,0.00
randomArrays,3,972,17.78,15.62,0.00
randomArrays,3,653,7.79,0.00,0.00
randomArrays,3,866,25.49,31.25,0.00
randomArrays,3,417,3.08,0.00,0.00
randomArrays,3,386,2.93,0.00,0.00
randomArrays,3,349,2.08,0.00,0.00
randomArrays,3,598,6.59,0.00,0.00
randomArrays,3,856,13.66,15.62,0.00
randomArrays,3,152,0.37,0.00,0.00
randomArrays,3,436,3.39,0.00,0.00
randomArrays,3,356,2.18,0.00,0.00
randomArrays,3,598,6.79,0.00,0.00
randomArrays,3,578,6.20,0.00,0.00
randomArrays,3,786,11.72,15.62,0.00
randomArrays,3,124,0.26,0.00,0.00
randomArrays,3,439,3.50,0.00,0.00
randomArrays,3,492,4.36,0.00,0.00
randomArrays,3,207,0.65,0.00,0.00
randomArrays,3,100,0.17,0.00,0.00
randomArrays,3,591,8.53,0.00,0.00
randomArrays,3,397,2.79,0.00,0.00
randomArrays,3,295,1.58,0.00,0.00
randomArrays,3,733,10.37,15.62,0.00
randomArrays,3,231,0.82,0.00,0.00
randomArrays,3,565,5.76,15.62,0.00
randomArrays,3,910,16.01,15.62,0.00
randomArrays,3,74,0.11,0.00,0.00
randomArrays,3,647,7.60,15.62,0.00
randomArrays,3,456,3.87,0.00,0.00
randomArrays,3,954,17.10,15.62,0.00
randomArrays,3,495,5.12,15.62,0.00
randomArrays,3,487,4.29,0.00,0.00
randomArrays,3,559,5.97,0.00,0.00
randomArrays,3,512,4.68,0.00,0.00
randomArrays,3,247,0.92,0.00,0.00
randomArrays,3,219,0.80,0.00,0.00
randomArrays,3,839,13.54,15.62,0.00
randomArrays,3,887,16.51,15.62,0.00
randomArrays,3,942,16.70,15.62,0.00
randomArrays,3,920,15.86,15.62,0.00
randomArrays,3,868,14.36,15.62,0.00
randomArrays,3,25,0.02,0.00,0.00
randomArrays,3,174,0.48,0.00,0.00
randomArrays,3,818,12.76,15.62,0.00
randomArrays,3,660,8.39,0.00,0.00
randomArrays,3,592,6.66,0.00,0.00
randomArrays,3,942,16.77,31.25,0.00
randomArrays,3,962,17.48,15.62,0.00
randomArrays,3,254,1.58,0.00,0.00
randomArrays,3,527,5.84,0.00,0.00
randomArrays,3,786,11.80,15.62,0.00
randomArrays,3,179,0.50,0.00,0.00
randomArrays,3,678,8.49,15.62,0.00
randomArrays,3,950,17.69,15.62,0.00
randomArrays,3,538,5.26,0.00,0.00
randomArrays,3,185,0.55,0.00,0.00
randomArrays,3,689,9.64,0.00,0.00
randomArrays,3,161,1.42,0.00,0.00
randomArrays,3,509,10.11,15.62,0.00
randomArrays,3,376,2.81,0.00,0.00
randomArrays,3,766,12.43,0.00,0.00
randomArrays,3,706,9.95,15.62,0.00
randomArrays,3,644,7.53,0.00,0.00
randomArrays,3,758,10.83,15.62,0.00
randomArrays,3,747,10.36,15.62,0.00
randomArrays,3,349,2.06,0.00,0.00
randomArrays,3,574,6.76,15.62,0.00
randomArrays,3,888,14.81,0.00,0.00
randomArrays,3,235,0.87,0.00,0.00
randomArrays,3,653,8.23,15.62,0.00
randomArrays,3,630,7.82,0.00,0.00
randomArrays,3,76,0.12,0.00,0.00
randomArrays,3,436,3.30,0.00,0.00
randomArrays,3,771,11.81,15.62,0.00
randomArrays,3,217,0.73,0.00,0.00
randomArrays,3,419,3.10,0.00,0.00
randomArrays,3,860,13.99,15.62,0.00
randomArrays,3,288,1.52,0.00,0.00
randomArrays,3,280,1.82,0.00,0.00
randomArrays,3,242,1.31,0.00,0.00
randomArrays,3,602,8.95,0.00,0.00
randomArrays,3,44,0.05,0.00,0.00
randomArrays,3,547,5.80,0.00,0.00
randomArrays,3,860,14.12,15.62,0.00
randomArrays,3,737,10.43,0.00,0.00
randomArrays,3,738,10.08,0.00,0.00
randomArrays,3,725,9.95,15.62,0.00
randomArrays,3,684,8.80,15.62,0.00
randomArrays,3,233,0.89,0.00,0.00
randomArrays,3,342,1.99,0.00,0.00
randomArrays,3,855,14.10,15.62,0.00
randomArrays,3,861,14.24,15.62,0.00
randomArrays,3,566,6.13,15.62,0.00
randomArrays,3,406,3.56,15.62,0.00
randomArrays,3,192,0.59,0.00,0.00
randomArrays,3,850,13.45,15.62,0.00
randomArrays,3,609,6.68,15.62,0.00
randomArrays,3,18,0.02,0.00,0.00
randomArrays,3,482,4.74,0.00,0.00
randomArrays,3,264,1.08,0.00,0.00
randomArrays,3,319,1.74,0.00,0.00
randomArrays,3,252,0.97,0.00,0.00
randomArrays,3,342,2.01,0.00,0.00
randomArrays,3,252,1.01,0.00,0.00
randomArrays,3,205,0.67,0.00,0.00
randomArrays,3,942,16.87,15.62,0.00
randomArrays,3,744,11.45,15.62,0.00
randomArrays,3,537,5.31,0.00,0.00
randomArrays,3,501,4.64,0.00,0.00
randomArrays,3,853,13.79,15.62,0.00
randomArrays,3,341,1.92,0.00,0.00
randomArrays,3,800,13.44,0.00,0.00
randomArrays,3,857,15.67,15.62,0.00
randomArrays,3,427,3.42,15.62,0.00
randomArrays,3,647,7.69,0.00,0.00
randomArrays,3,76,0.11,0.00,0.00
randomArrays,3,677,8.46,15.62,0.00
randomArrays,3,579,6.12,0.00,0.00
randomArrays,3,731,9.72,0.00,0.00
randomArrays,3,704,9.43,0.00,0.00
randomArrays,3,266,1.17,0.00,0.00
randomArrays,3,961,17.47,31.25,0.00
randomArrays,3,263,1.39,0.00,0.00
randomArrays,3,434,4.11,0.00,0.00
randomArrays,3,484,4.21,15.62,0.00
randomArrays,3,163,0.43,0.00,0.00
randomArrays,3,984,18.23,15.62,0.00
randomArrays,3,211,0.67,0.00,0.00
randomArrays,3,185,0.59,0.00,0.00
randomArrays,3,467,4.01,0.00,0.00
randomArrays,3,214,0.71,0.00,0.00
randomArrays,3,35,0.03,0.00,0.00
randomArrays,3,141,0.32,0.00,0.00
randomArrays,3,559,6.08,0.00,0.00
randomArrays,3,706,10.02,15.62,0.00
randomArrays,3,68,0.09,0.00,0.00
randomArrays,3,12,0.03,0.00,0.00
randomArrays,3,405,2.89,0.00,0.00
randomArrays,3,288,1.47,0.00,0.00
randomArrays,3,955,19.37,15.62,0.00
randomArrays,3,50,0.05,0.00,0.00
randomArrays,3,752,10.75,15.62,0.00
randomArrays,3,695,8.95,15.62,0.00
randomArrays,3,186,0.54,0.00,0.00
randomArrays,3,737,10.06,15.62,0.00
randomArrays,3,948,17.00,15.62,0.00
randomArrays,3,151,0.37,0.00,0.00
randomArrays,3,46,0.05,0.00,0.00
randomArrays,3,968,18.26,15.62,0.00
randomArrays,3,333,2.35,0.00,0.00
randomArrays,3,189,0.89,0.00,0.00
randomArrays,3,190,0.58,0.00,0.00
randomArrays,3,589,7.19,15.62,0.00
randomArrays,3,230,0.83,0.00,0.00
randomArrays,3,535,5.33,0.00,0.00
randomArrays,3,189,0.56,0.00,0.00
randomArrays,3,948,16.92,15.62,0.00
randomArrays,3,834,22.74,15.62,0.00
randomArrays,3,273,1.17,0.00,0.00
randomArrays,3,773,17.44,15.62,0.00
randomArrays,3,342,2.85,0.00,0.00
randomArrays,3,995,19.11,15.62,0.00
randomArrays,3,221,0.76,0.00,0.00
randomArrays,3,519,4.92,0.00,0.00
randomArrays,3,479,4.16,0.00,0.00
randomArrays,3,155,0.39,0.00,0.00
randomArrays,3,756,12.00,15.62,0.00
randomArrays,3,658,8.80,0.00,0.00
randomArrays,3,213,1.09,0.00,0.00
randomArrays,3,467,4.20,0.00,0.00
randomArrays,3,191,0.57,0.00,0.00
randomArrays,3,744,10.13,0.00,0.00
randomArrays,3,122,0.25,0.00,0.00
randomArrays,3,178,0.50,0.00,0.00
randomArrays,3,760,10.49,0.00,0.00
randomArrays,3,524,5.53,15.62,0.00
randomArrays,3,264,1.07,0.00,0.00
randomArrays,3,733,10.55,15.62,0.00
randomArrays,3,759,10.79,0.00,0.00
randomArrays,3,177,0.78,0.00,0.00
randomArrays,3,53,0.10,0.00,0.00
randomArrays,3,429,4.46,0.00,0.00
randomArrays,3,508,6.44,15.62,0.00
randomArrays,3,919,16.04,15.62,0.00
randomArrays,3,412,3.11,0.00,0.00
randomArrays,3,503,4.61,0.00,0.00
randomArrays,3,115,0.23,0.00,0.00
randomArrays,3,851,14.41,15.62,0.00
randomArrays,3,848,13.99,15.62,0.00
randomArrays,3,652,7.82,15.62,0.00
randomArrays,3,693,8.86,0.00,0.00
randomArrays,3,662,8.61,15.62,0.00
randomArrays,3,815,13.34,15.62,0.00
randomArrays,3,679,9.12,15.62,0.00
randomArrays,3,141,0.35,0.00,0.00
randomArrays,3,458,4.45,0.00,0.00
randomArrays,3,378,2.52,0.00,0.00
randomArrays,3,662,8.06,0.00,0.00
randomArrays,3,809,12.48,15.62,0.00
randomArrays,3,960,17.97,15.62,0.00
randomArrays,3,454,3.69,0.00,0.00
randomArrays,3,513,4.82,0.00,0.00
randomArrays,3,965,17.49,15.62,0.00
randomArrays,3,855,13.49,15.62,0.00
randomArrays,3,257,0.99,0.00,0.00
randomArrays,3,932,16.39,15.62,0.00
randomArrays,3,112,0.21,0.00,0.00
randomArrays,3,264,1.08,0.00,0.00
randomArrays,3,404,2.86,0.00,0.00
randomArrays,3,830,13.06,15.62,0.00
randomArrays,3,115,0.22,0.00,0.00
randomArrays,3,906,15.49,15.62,0.00
